Sample	1	2	3	4	5	6	7	8	9	12	17	22	27	32	37	42	47	52	57	62	67	72	77	82	87	92	97	102	107	112	117	122	127	132	137	142	147	150
PD_100P_filtered_prinseq_1	38.7623056024	39.2869199953	39.2417750647	39.2088058246	39.212655679	39.1287864925	39.0676580988	39.0483578184	39.1127902773	39.0107412086	39.3750282299	39.4516817768	39.3674211013	39.3477466747	39.377022911	39.4300937725	39.2983050566	39.3258513451	39.1053583623	39.0245039339	39.0665388669	39.1651034195	39.3711703458	39.3542884097	39.3522585346	39.3209024766	39.325959187	39.3126131841	39.2996702234	39.3149799163	39.2971524522	39.2719586571	39.2484635516	39.2017910231	39.2070402846	39.2185394342	39.1846879655	38.6747598995
PD_100P_filtered_prinseq_2	37.4918472734	38.7249203154	39.0775129099	39.0776327795	39.2516923611	39.2164774789	39.3377383285	39.3491948015	39.4642109552	39.3851890911	39.4075276832	39.3990896287	39.2932177399	39.230081913	39.2897223935	39.2820527796	39.3021990333	39.3247832305	39.3679492926	39.3732277931	39.3919666909	39.3776285518	39.3770237066	39.3200704135	39.3317831267	39.2694960631	39.3007944405	39.2484426504	39.1912264713	39.1375674291	39.0920391539	39.0093226094	38.9784610067	38.8984243768	38.8849835673	38.8779623708	38.8303628202	38.3426307442
PD_104P_filtered_prinseq_1	38.6573203486	39.2313553787	39.1876069105	39.1981586256	39.1860961007	39.1199301571	39.0630865777	39.0439910019	39.1191131563	39.0292232204	39.3659794877	39.4358528184	39.3460419305	39.3282771677	39.3501447289	39.4076090578	39.274738549	39.304124913	39.0926515697	39.0071548125	39.0399277059	39.1339183516	39.3454907736	39.3290987285	39.3321769644	39.2989860711	39.3093912034	39.3002723109	39.2885126768	39.300987614	39.2890845969	39.2654541554	39.2429077641	39.2002890082	39.2113603894	39.2241421419	39.1973732833	38.6903893795
PD_104P_filtered_prinseq_2	38.1393332846	39.2187581673	39.3589768926	39.2832567449	39.4324641899	39.3733509737	39.4961799866	39.4916723664	39.5672924208	39.4971326694	39.5227264386	39.5199193778	39.4565132716	39.3829614696	39.4336211657	39.4166965022	39.4228453101	39.4372939907	39.4695149625	39.4686252917	39.4777448979	39.4596254295	39.4527316704	39.3922427116	39.4003647547	39.3386601803	39.3717911123	39.3215804428	39.2654002836	39.2166716263	39.1755540795	39.0999412356	39.0718105042	39.0006555076	38.9839600449	38.9768748862	38.9248665692	38.3853170058
PD_105P_filtered_prinseq_1	38.8410204927	39.3668464171	39.3251126871	39.3135589799	39.3521862047	39.283821472	39.2190311913	39.1979761303	39.2444147598	39.1653803323	39.4803547876	39.5430456658	39.4794285582	39.4593976393	39.4740184324	39.5203016731	39.4040471673	39.4193686088	39.2099357304	39.146627511	39.191651156	39.3002093325	39.4487027584	39.4260373723	39.4211446978	39.3891309315	39.3910844678	39.3791601093	39.3623886978	39.374039656	39.355753693	39.3289777938	39.3010703594	39.2567329708	39.2623869801	39.266646253	39.234154022	38.6716732536
PD_105P_filtered_prinseq_2	38.5369097775	39.2207300415	39.4731771455	39.4079494363	39.5444411136	39.4936269275	39.5884433681	39.590811077	39.6466645918	39.5993846754	39.6155529989	39.6090314996	39.5681718636	39.4950048273	39.5362263591	39.5166234589	39.5167267124	39.5248989957	39.5525215877	39.5472360826	39.5554920303	39.5346179744	39.5298178646	39.4678237193	39.4711384356	39.4116183803	39.441658641	39.3944176115	39.3407736127	39.2906325058	39.2493843689	39.1746594732	39.1454895525	39.0693411628	39.0523196312	39.0409265243	38.9824776407	38.4171286052
PD_107P_filtered_prinseq_1	38.2141779789	39.2277526395	38.8355957768	39.0105580694	39.2639517345	39.1131221719	38.7149321267	39.0226244344	38.8597285068	38.8319758673	39.2	39.1963800905	39.0021116139	38.9502262443	38.8850678733	39.0310708899	38.9128205128	38.9164404223	38.7282051282	38.7025011894	38.5699822822	38.8172946092	38.9846407399	38.9583004947	38.9984919614	38.9063481936	39.1323331982	39.0680274992	39.2184412706	39.1156541009	39.1430293809	39.0597966211	38.9052070006	38.7711149108	39.0722615103	39.0572139379	39.1073233965	38.7621882086
PD_107P_filtered_prinseq_2	38.2926093514	39.0648567119	39.1915535445	39.233785822	39.4087481146	39.245852187	39.1432880845	39.2639517345	39.5052790347	39.4316742081	39.3568627451	39.4425339367	39.3182503771	39.1843137255	39.1481146305	39.3508295626	39.3001508296	39.3110105581	39.4147812971	39.3793415822	39.2489120382	39.1712031991	39.2374737963	39.3004586792	39.3964778789	39.1870037818	39.2566325273	39.1690353989	39.0126259984	39.1458205001	39.0616576483	38.8799211779	38.964898243	38.9215959048	38.8137855986	38.9215008619	38.6195980181	38.4401059691
PD_108S_filtered_prinseq_1	38.7407335456	39.2872566843	39.2514877078	39.2450105918	39.2519406155	39.1818495147	39.1246567031	39.1045233865	39.1760567414	39.0867583709	39.413750039	39.4783184251	39.3983665054	39.3799668059	39.4012264908	39.4550671727	39.3271626772	39.3579535011	39.1513624685	39.0750082806	39.1129769166	39.2054889528	39.4015199524	39.3844406241	39.3848197305	39.3522999134	39.3587636545	39.3485332305	39.3369701602	39.3489918996	39.3339550673	39.3094181867	39.2890584089	39.2427268338	39.2535435694	39.2616008741	39.2308174258	38.7146728209
PD_108S_filtered_prinseq_2	38.3667628616	39.2094630879	39.3908169715	39.2752166973	39.4348478726	39.3858725379	39.4989745397	39.4916314581	39.580525507	39.5090493211	39.5322499951	39.5282877044	39.4665665825	39.3960290114	39.4461593756	39.4324637851	39.4392167839	39.45234191	39.4868767706	39.4844831635	39.4963221898	39.4777574883	39.4722181018	39.4109826892	39.4196702975	39.3570388306	39.3891557565	39.3416503532	39.2851031125	39.2357310618	39.191691659	39.1184749189	39.0881573106	39.0129768804	38.9974732045	38.994887373	38.9415431339	38.3792683088
PD_109S_filtered_prinseq_1	38.7097479366	39.2495509489	39.20879222	39.2048810665	39.210275275	39.1327286575	39.0813614014	39.0626213557	39.1426773122	39.043560161	39.3808604248	39.4499566959	39.3620388069	39.343254825	39.3685947556	39.4252519339	39.2970760231	39.3316389147	39.1281211562	39.0473753374	39.0782469925	39.1680665082	39.3820618468	39.3692860967	39.3704294749	39.3406190266	39.3475050206	39.3373631451	39.3243363577	39.3373773429	39.3248812679	39.3025310203	39.278910426	39.2353655588	39.2442238679	39.2537204686	39.225020187	38.7291667897
PD_109S_filtered_prinseq_2	37.6050079013	39.0292720989	39.2726572611	39.2605946935	39.4007703348	39.3440851368	39.4620091499	39.4629666282	39.5524904278	39.4802552861	39.4999216401	39.4944919511	39.4172926785	39.3464069593	39.4027388437	39.3915876626	39.4026733538	39.4203292523	39.457024626	39.4577583334	39.4699161648	39.4519603721	39.4455315358	39.3851740599	39.3922884444	39.3309923237	39.3617862904	39.3092915482	39.2554381293	39.2044799556	39.1580797338	39.0798409389	39.0482725083	38.9707744943	38.9505568585	38.9441646627	38.8931334018	38.3571189829
PD_10P_filtered_prinseq_1	38.5823711586	39.1849184256	39.149723387	39.1332479807	39.1485816977	39.0748338952	39.0247890655	38.9993461519	39.0745598271	38.9705398749	39.3281222813	39.4009642498	39.2991900897	39.2793096617	39.3062644913	39.357518666	39.2234141834	39.2358452847	38.9987666937	38.9121605024	38.9585679311	39.0818429576	39.2796311422	39.253610123	39.2555292835	39.2230716079	39.2328133158	39.2218152256	39.2096821761	39.2235091631	39.2114223789	39.186546774	39.163505333	39.1206670211	39.1319936605	39.1479329046	39.1202185832	38.5889885942
PD_10P_filtered_prinseq_2	37.8169836068	38.9488205285	39.1915414763	39.1680405308	39.3300695741	39.278532248	39.4066896101	39.4058047617	39.5054042308	39.4286169351	39.4510106456	39.4453222453	39.3544278046	39.2850519359	39.3367377286	39.3222966904	39.3369657532	39.3556343305	39.3937382493	39.3957494303	39.4058961405	39.3845901147	39.3798325394	39.3165271028	39.3220178724	39.2582665208	39.2859798363	39.2308532852	39.1692995938	39.1159811375	39.0692850102	38.9868219385	38.9547693793	38.8790223095	38.857507341	38.8561199972	38.8048336896	38.3093383775
PD_110S_filtered_prinseq_1	38.7163844811	39.2464443792	39.2049517059	39.2020409294	39.1996985597	39.1300184476	39.0849840046	39.0633917267	39.1363458212	39.0486759404	39.3896816716	39.4583803073	39.3774808291	39.358638245	39.3807258781	39.4336938031	39.304959914	39.3393257505	39.1411458836	39.0531870006	39.0834299266	39.1712507988	39.3780098227	39.3659581231	39.3654553901	39.3343387618	39.3410512015	39.3309862156	39.3209456468	39.3333518174	39.31878214	39.2943536139	39.2713027508	39.2293194844	39.2386458815	39.2442715016	39.2156815761	38.7113526855
PD_110S_filtered_prinseq_2	38.0595483115	38.8774077775	39.2641286036	39.2131002386	39.3590227917	39.3250435539	39.4492363444	39.444950721	39.5368623122	39.4598228705	39.4860551539	39.4855123972	39.4088687883	39.343674781	39.3967247864	39.3823071572	39.3943288593	39.4117081549	39.4480254531	39.4500846702	39.4626060201	39.4452406899	39.4399091333	39.3822528903	39.3919225748	39.3343610541	39.3643945901	39.3123345158	39.2566344295	39.2059580038	39.1624037842	39.0834111779	39.0532456825	38.9772457745	38.9590414555	38.9502755668	38.8942024702	38.3691400405
PD_111P_filtered_prinseq_1	38.7936788042	39.3045244881	39.2716097583	39.2555158242	39.2743282405	39.2022299752	39.1436521343	39.1300717213	39.19170598	39.1051306726	39.4331315884	39.5029268924	39.429364906	39.4103159348	39.4337558695	39.4840432898	39.361873963	39.3845226484	39.1790087988	39.0993602971	39.1417262205	39.2389371252	39.4257212381	39.4068876227	39.4057186091	39.3744949535	39.3802218993	39.3717593259	39.3554615318	39.3666812093	39.3508245063	39.3265765159	39.3006137205	39.2484322949	39.2542024775	39.2605877245	39.2278922301	38.6994348759
PD_111P_filtered_prinseq_2	38.3385085141	39.1094416514	39.3823206679	39.3650199637	39.4865948037	39.4273090976	39.5305504301	39.5266081811	39.6016568844	39.5395601138	39.5600668073	39.5541387366	39.4938648188	39.4237973666	39.4718652097	39.456477941	39.4614056022	39.4742459561	39.5077001831	39.50726383	39.5177844501	39.4976787096	39.4924060054	39.4314907874	39.4379986533	39.3757185002	39.4067603647	39.3586996783	39.3022058637	39.2508672486	39.2100306385	39.1308002853	39.1027211973	39.0275723156	39.0095297178	39.0000792312	38.945608644	38.3773913516
PD_112S_filtered_prinseq_1	38.8192705	39.3717890118	39.2467318768	39.2236950361	39.3516774842	39.2489258616	39.0807203584	39.0704817625	39.0803546942	39.0413017643	39.3657189871	39.4370966267	39.3430478106	39.3057500686	39.3469969833	39.389487156	39.293683152	39.3590638998	39.1703812049	39.0553573523	39.1228425187	39.1658050681	39.4120631034	39.4007122819	39.384355783	39.3434296118	39.3728382945	39.3533636639	39.3468540088	39.3300671174	39.2979783515	39.2838132644	39.2699334505	39.2409960038	39.2971770774	39.2590799649	39.2510553423	38.8277696166
PD_112S_filtered_prinseq_2	38.2971021117	39.114361459	39.319133376	39.3125514215	39.44675016	39.4237133193	39.4749062986	39.5045250937	39.5699789743	39.4991863973	39.5067190785	39.5147636896	39.3951915166	39.3157692659	39.3752993875	39.3675473078	39.3752262547	39.3895602889	39.4416308621	39.4517483921	39.4462039437	39.4232405517	39.4317157192	39.3759279473	39.4211052241	39.3339398757	39.4053172968	39.3289448443	39.269088935	39.2627903439	39.1717214651	39.1257408034	39.0912388197	38.9835985636	38.9888922336	39.0350410885	38.9507701789	38.3551251375
PD_113P_filtered_prinseq_1	38.7168283234	39.2647822878	39.2131762896	39.1950392548	39.2025879679	39.1205769576	39.0603154588	39.0402488487	39.1017972721	38.9953970134	39.3593564728	39.4348887188	39.3464109533	39.3250471947	39.352193188	39.4052694934	39.2701203469	39.2939031342	39.0675365173	38.9822731816	39.0288380656	39.1436275457	39.3366168509	39.31645556	39.3157463612	39.2808853215	39.2875889545	39.2792070153	39.2633671939	39.2795069186	39.2644814466	39.2419484347	39.2164777663	39.1701414404	39.1790306893	39.1892598782	39.1613132508	38.6349550737
PD_113P_filtered_prinseq_2	38.0254017481	39.0033305055	39.2140972602	39.1784658415	39.3299837593	39.2789611776	39.3808716439	39.3738463018	39.4812769115	39.4116745801	39.437528618	39.4368239741	39.3583538726	39.2890985077	39.3387892117	39.3223259903	39.3329754937	39.3484283252	39.3844810371	39.387319761	39.4001367711	39.386168584	39.3816703026	39.3239629725	39.3332545928	39.2699442352	39.3010844924	39.2468733126	39.1912083594	39.1375842357	39.0938764963	39.01333317	38.9822741536	38.9042599008	38.8884113425	38.883955191	38.8315707213	38.3424950318
PD_114P_filtered_prinseq_1	38.6676202556	39.2440223908	39.2015500892	39.2153096971	39.217541501	39.1495001267	39.1170757163	39.0927418934	39.1615315784	39.0770817911	39.4008060154	39.4664091141	39.3841851633	39.3627989923	39.3819664877	39.4372156874	39.3068198615	39.3318630878	39.1277401584	39.0441703189	39.0806579599	39.1768985766	39.3758807695	39.3555716062	39.3585648498	39.3292684359	39.333343894	39.3264741758	39.3130891268	39.3299317182	39.3141891184	39.2941913327	39.2741480074	39.2286544402	39.2409729838	39.2509745052	39.2234300897	38.7168610293
PD_114P_filtered_prinseq_2	38.3523141091	39.2329946541	39.3836640908	39.2410279545	39.4331600105	39.3790393636	39.5078836681	39.4951564187	39.5728422887	39.5073695178	39.5324697923	39.5330421844	39.472320888	39.4015194765	39.4494173291	39.4336015974	39.4401702616	39.4519701786	39.4863096437	39.4830817728	39.4929059458	39.4704574308	39.4667175846	39.4062456218	39.4127286291	39.3505475258	39.3844165826	39.3366175278	39.281713082	39.2310756059	39.1878462773	39.1126442561	39.0811505234	39.0115000986	38.9941697993	38.988311705	38.93646899	38.3966977836
PD_115S_filtered_prinseq_1	38.8768767023	39.3263819653	39.2949538804	39.2725272857	39.2709499065	39.1917387482	39.1322795926	39.1112641657	39.1791023333	39.0844991264	39.4184943905	39.4896304973	39.414453823	39.398189436	39.4197378259	39.4738990733	39.3503533487	39.3875121433	39.1959635606	39.1205920536	39.1536924146	39.2382235091	39.4362167476	39.4217839599	39.4212087311	39.3922127144	39.3972663351	39.3885145496	39.3756292169	39.3897142952	39.37489476	39.3537932173	39.3294412043	39.2867068178	39.2980458807	39.305119904	39.2743734063	38.7739107355
PD_115S_filtered_prinseq_2	38.1269632708	39.1119051117	39.3504272204	39.308659263	39.4458184651	39.3821312381	39.4832073485	39.4800123952	39.5593061161	39.48839597	39.510615941	39.5093692466	39.4432512044	39.3730721713	39.4196383163	39.4018026337	39.4089342995	39.4261296878	39.4603753282	39.4611011741	39.4727004713	39.4559650811	39.4519300771	39.3983724257	39.411381684	39.3509970014	39.3829228506	39.3344412811	39.2798483637	39.233433966	39.1898785197	39.1182930966	39.0898288029	39.0163445701	38.9993641071	38.9928685869	38.9378344932	38.4242362542
PD_116P_filtered_prinseq_1	38.6530749526	39.2237474679	39.1794533224	39.1901477878	39.1868025624	39.118530622	39.0662918333	39.0469590374	39.1164645163	39.0323463067	39.3658025309	39.4355097062	39.3455606769	39.3259868709	39.3502813119	39.402221402	39.2728646635	39.3028288236	39.0980779554	39.0096421332	39.0433210238	39.1424188766	39.347539415	39.3339257759	39.3374824019	39.3068976739	39.3156313009	39.307198432	39.2974180991	39.311079929	39.3003240301	39.2780641874	39.2576282874	39.2118768951	39.2289889395	39.2396500503	39.2175504508	38.7038975022
PD_116P_filtered_prinseq_2	37.8891998256	39.0200099246	39.2943169806	39.2782574773	39.424891874	39.3571533749	39.4641906159	39.4648429954	39.5492549182	39.4797981541	39.5016829218	39.5064501351	39.4385975408	39.3649260918	39.4163858711	39.399095963	39.4068048664	39.4200031586	39.4549053186	39.4545977813	39.4650830982	39.4458066726	39.4407188447	39.3815030035	39.3909715228	39.3318630691	39.3623169981	39.3141521912	39.2581284653	39.2118852062	39.1721586317	39.0969429559	39.0705965702	39.0005013303	38.9864586549	38.9811055515	38.9312993216	38.3797107037
PD_117_filtered_prinseq_1	38.8567741335	39.3311676005	39.2904495141	39.2746909625	39.2707857157	39.193075659	39.1329441612	39.1212482143	39.1817350044	39.0944696618	39.42927124	39.4956905216	39.4248503739	39.4046915414	39.4319593878	39.4823042144	39.3598878899	39.3928425911	39.1963348477	39.1202315359	39.1511762593	39.2295179653	39.4332164307	39.4177862759	39.4154646653	39.3833011597	39.3851373684	39.3741646534	39.3577630553	39.3704679852	39.3509663903	39.3252450939	39.2968800653	39.2477162545	39.2530517836	39.2554941782	39.2229435985	38.7025156661
PD_117_filtered_prinseq_2	38.2203297489	39.1739017483	39.3628786795	39.3071541924	39.441727849	39.3863012533	39.4899021264	39.484494557	39.5699834378	39.50078674	39.5235978942	39.5189436634	39.4557859458	39.3897009755	39.4416502587	39.4281063957	39.4362270526	39.4521597865	39.4866657001	39.4849710539	39.4978629885	39.4819283465	39.4772580607	39.4190315543	39.4288741172	39.3674518851	39.3990328191	39.3508580917	39.2921799002	39.2412738392	39.1983661056	39.1184900857	39.0870969265	39.0094175937	38.9883177037	38.9799506195	38.9224509969	38.3661567109
PD_118_filtered_prinseq_1	38.8839822281	39.3582001044	39.3200135192	39.2825398185	39.3135719576	39.2298818743	39.1630312264	39.1458806426	39.2216059152	39.1225618352	39.4536592811	39.5198324918	39.4506635906	39.4348934821	39.458989176	39.5116752811	39.3914092984	39.4331937842	39.2430582254	39.1793670071	39.2064528351	39.2763877373	39.4765225899	39.4630540974	39.4593532348	39.4264570042	39.4315043071	39.4187333648	39.4045674903	39.41622815	39.3986467508	39.3724249574	39.3465408123	39.3033379265	39.3106527535	39.3123169055	39.2748442092	38.7860971568
PD_118_filtered_prinseq_2	37.5198314087	38.9243665457	39.2233487406	39.2202589179	39.3700847953	39.3349565241	39.4370762479	39.4480471863	39.5483768215	39.4758357008	39.4971580376	39.4865445261	39.3976169078	39.3346134731	39.3946854163	39.3886495294	39.4032463324	39.4232718889	39.4633938965	39.4678369845	39.4804366206	39.4632729862	39.4587398678	39.4036581244	39.4142444389	39.34825709	39.3780206134	39.325239631	39.2688174214	39.2148481111	39.1693982899	39.0904037489	39.0570452331	38.9770858967	38.9597224732	38.9537838358	38.9005765692	38.3644260689
PD_119P_filtered_prinseq_1	38.5978525353	39.2115871566	39.1671050046	39.1770811968	39.1798350941	39.1136900937	39.0663601959	39.049098134	39.1135346887	39.0296809884	39.3649236333	39.4336965925	39.3439631347	39.3236272834	39.3457020559	39.4010254206	39.2704244902	39.30095733	39.0910207458	38.9995019755	39.0420024532	39.1494829266	39.3434068732	39.3273225395	39.330852707	39.2983399675	39.3080151052	39.3022143374	39.290237884	39.3057298381	39.2936433362	39.2734784881	39.2502904549	39.2093534146	39.2226676629	39.2357936782	39.2094654755	38.712849625
PD_119P_filtered_prinseq_2	37.7181301855	38.9214803737	39.1693795683	39.1958549254	39.3388174135	39.2895328441	39.4261519835	39.4227199554	39.5203647375	39.4366024637	39.4663750301	39.4583206121	39.375630229	39.3079975791	39.3574775148	39.3455527056	39.3566815184	39.3739821289	39.4120955024	39.4110633378	39.4245686533	39.4049547328	39.3997501531	39.3373263307	39.3435361823	39.2808056702	39.3102113218	39.2574149431	39.2002241491	39.1480510118	39.1032217913	39.0252770037	38.996312012	38.9199787133	38.9017134095	38.9016805184	38.8563056063	38.3497104284
PD_11P_filtered_prinseq_1	38.6160601239	39.2236188091	39.183673407	39.1820198825	39.1908631311	39.120331092	39.0627470767	39.0432481211	39.120929132	39.0277512449	39.367816739	39.4388685736	39.3476520946	39.3266347084	39.3498887844	39.4037433532	39.2716788087	39.2991224247	39.0829913918	38.9968406546	39.0355905524	39.1382007909	39.3387684669	39.3220290079	39.3230473382	39.2895868656	39.3004347076	39.2894720645	39.2761080783	39.2900643625	39.2775895181	39.254274527	39.2314779806	39.1899849583	39.1977309118	39.2099404528	39.182009129	38.673187082
PD_11P_filtered_prinseq_2	37.7064943116	38.9673235343	39.204212565	39.1508779955	39.3294138113	39.2805833895	39.4161245125	39.4118006938	39.5110152187	39.4334599286	39.4607800652	39.4545488351	39.3696752475	39.30194228	39.3552617711	39.3439454694	39.3546150321	39.3736655087	39.4127361627	39.4142993865	39.4266446849	39.4077251974	39.4038775272	39.3432498956	39.3502959462	39.2876686818	39.3159809628	39.263003249	39.2060059168	39.1529673729	39.1063408494	39.024349909	38.9966680215	38.9200661868	38.9020678864	38.8978457407	38.8488727749	38.3480244509
PD_120S_filtered_prinseq_1	38.5714313914	39.195292582	39.1573270265	39.1670253735	39.1631958774	39.0958687953	39.0475436139	39.0347362687	39.1015328471	39.0158271446	39.358009649	39.4311066368	39.3403433839	39.3186953805	39.3424158026	39.3944382244	39.2610069329	39.286153793	39.0706459375	38.9785158743	39.0229801795	39.1285920455	39.3270879719	39.3084127808	39.3071800519	39.2773978025	39.2845290747	39.2756459566	39.2626891358	39.2748751491	39.2619350689	39.2377850901	39.2161560203	39.1775023919	39.1842049468	39.1963335025	39.1735403724	38.6547277543
PD_120S_filtered_prinseq_2	37.8015472201	38.5923110281	39.1281049114	39.1510140331	39.3041161532	39.2659988489	39.3930026568	39.3817424084	39.4899787243	39.4124430248	39.4399761643	39.4360153994	39.3509171853	39.285302273	39.3367265827	39.3247739653	39.3359806699	39.3508204609	39.3867466617	39.389410682	39.4005283468	39.3832976293	39.3821240404	39.3171272063	39.3225561254	39.2626245428	39.2913311456	39.2375602375	39.1797434664	39.1255367492	39.0821746058	38.9993589741	38.969291	38.8901923861	38.8748807204	38.871505084	38.820043619	38.2961169646
PD_121S_filtered_prinseq_1	38.6993861888	39.2696683634	39.2248003277	39.2019113187	39.2149207225	39.1387781797	39.0944636751	39.0658116817	39.1373922175	39.0326920234	39.3796524316	39.4490652315	39.3618695691	39.3406950835	39.3645831521	39.4155374686	39.2843071977	39.3011252939	39.0716261773	38.9887434052	39.0355726746	39.1470315623	39.340061446	39.317443353	39.3162311378	39.2825594469	39.2897765459	39.2766578121	39.2642495982	39.2777084509	39.2647471709	39.2386077364	39.2126945835	39.1686004298	39.1769028133	39.1878928585	39.1598792591	38.6194028955
PD_121S_filtered_prinseq_2	38.0383732945	38.9983961472	39.2414674479	39.2360616262	39.3794283155	39.3200176376	39.4346177852	39.4330340317	39.5283310273	39.4550897558	39.4794957815	39.470902816	39.3938081712	39.3242274622	39.3713020805	39.3563988604	39.3661735935	39.3800737698	39.4142918101	39.4145913777	39.4262087058	39.4078815423	39.4045529512	39.3415538424	39.3442265162	39.2788569924	39.3073086484	39.2546163377	39.1924794975	39.1417933102	39.0987017829	39.0180008728	38.987065461	38.9104532939	38.8941313798	38.89485052	38.8439542272	38.3206473788
PD_122S_filtered_prinseq_1	38.6564149423	39.2562740621	39.2226922498	39.2249190526	39.2329698706	39.1709852564	39.1226252424	39.09533268	39.1601195427	39.073848053	39.3997150325	39.4651217865	39.3798864602	39.359665284	39.3820968217	39.4313376197	39.3049894611	39.3243818872	39.1070961611	39.0280839956	39.0706692319	39.1807789655	39.3671188498	39.3472489419	39.3472060581	39.3151055271	39.3239278562	39.3139048571	39.3014721258	39.3167176407	39.3021140947	39.2777637687	39.2571298439	39.2098571346	39.2231044266	39.2345898729	39.204753124	38.672176319
PD_122S_filtered_prinseq_2	38.2306276625	39.2503344156	39.4072838132	39.3810337379	39.5082559956	39.428709902	39.5420139647	39.5391475772	39.6065903426	39.5421742223	39.5635948908	39.5587338661	39.4999796968	39.4269915149	39.4732851642	39.4554602627	39.4589102262	39.4703286205	39.5028245842	39.5001408801	39.5095864313	39.4881141735	39.4817929992	39.4159107598	39.4237379533	39.3606468829	39.3934960331	39.343025892	39.2884232537	39.2367933563	39.1974863868	39.1213926189	39.0953106419	39.0263214831	39.0101888546	39.0061091715	38.9549101182	38.3848277861
PD_123P_filtered_prinseq_1	38.5768952158	39.1866422488	39.1369831325	39.1531399045	39.1448759877	39.0711758191	39.039785252	39.017978365	39.0940990091	38.9989661334	39.3398470501	39.4075656427	39.3104131315	39.2897315903	39.313272177	39.3668972874	39.2306783782	39.2643944728	39.0586287908	38.9613168535	38.9951682865	39.0881562677	39.3076320345	39.2927148919	39.2953724107	39.2646976334	39.273189332	39.2674999208	39.2551480932	39.2724742274	39.2599260994	39.2380461698	39.2167661458	39.1739581859	39.1909743932	39.2037432971	39.1836611741	38.6822555708
PD_123P_filtered_prinseq_2	37.5012927717	38.9676878202	39.1767607839	39.1568053074	39.30960007	39.2462428548	39.365620243	39.3746192672	39.475215168	39.3984936535	39.4239894855	39.4203752205	39.3304189664	39.2599277014	39.3169474022	39.3032266966	39.3157065284	39.3338957204	39.3715570732	39.3738172185	39.3867454857	39.3691774064	39.3646155934	39.3037580339	39.3132573585	39.2541224818	39.2838219919	39.2334841729	39.1764587313	39.1268128571	39.0832699564	39.0072482979	38.9792276485	38.9058972478	38.8912382665	38.8917794135	38.8466783915	38.3058288427
PD_126P_filtered_prinseq_1	38.7182180708	39.2956491425	39.253214233	39.2386598428	39.2508195492	39.1692000999	39.1249139096	39.1031700573	39.1644231	39.0669033523	39.4060004684	39.4753182927	39.3953537879	39.3729550691	39.3958634891	39.4450049045	39.3153302275	39.3333147819	39.1076446685	39.0320043441	39.0807063076	39.187691948	39.3727418188	39.3510542919	39.3501671141	39.3171414436	39.3266958127	39.3177815257	39.304579148	39.3199419782	39.3055890688	39.2820872641	39.2580561911	39.2148728729	39.2241740461	39.2318434722	39.2043768786	38.6840244831
PD_126P_filtered_prinseq_2	37.8043841728	39.0057370377	39.2624729555	39.269102009	39.3915740833	39.3306325505	39.4726949623	39.4675337926	39.5556910842	39.4808470904	39.5059693174	39.497909019	39.4310240636	39.3585552744	39.4048929465	39.3896544714	39.3956396349	39.4093788431	39.4430942592	39.4396537257	39.4517290868	39.4340945656	39.428562714	39.3639279173	39.3686746943	39.304597405	39.3388481459	39.2874615152	39.2313428171	39.1772302638	39.1362787273	39.0587331639	39.0288504874	38.9565255595	38.940897384	38.9375253867	38.8886403765	38.3526753412
PD_127S_filtered_prinseq_1	38.6404285317	39.2311693327	39.1842255663	39.178288386	39.1934930667	39.1194912942	39.0560529395	39.032962319	39.1055479731	38.9957634015	39.3500640916	39.4193339998	39.3232343171	39.3045743071	39.3317208113	39.3853420462	39.2482446422	39.2761744065	39.047612272	38.9650209436	39.0052317219	39.1114456046	39.3180777059	39.2986799924	39.2999454208	39.2672876546	39.2776450186	39.2674218991	39.255442515	39.2705653332	39.2581098775	39.2333147164	39.2094236438	39.1652328535	39.1746304661	39.1854680502	39.1590361039	38.6535081206
PD_127S_filtered_prinseq_2	37.6821287154	38.8665807855	39.1609989683	39.1871765019	39.3428736651	39.2929556742	39.4127209891	39.4203252077	39.509874234	39.441234029	39.4644507103	39.4603524558	39.3781502675	39.3111040785	39.3624856674	39.3483034468	39.3610965941	39.3775543708	39.4166634331	39.4169155271	39.4295685593	39.4112068556	39.4040330241	39.345439984	39.3522823001	39.2887231256	39.3164131012	39.2616100362	39.2052647977	39.151886823	39.1064393447	39.0263273767	38.9946212854	38.9213083445	38.9033393711	38.8996835258	38.8526704558	38.3292875491
PD_128S_filtered_prinseq_1	38.7217225509	39.2596841951	39.21874198	39.2217281845	39.2205230198	39.143082843	39.1090536327	39.0903151581	39.1569138604	39.0660998609	39.4016011831	39.470184568	39.3866047281	39.3678866177	39.3929628899	39.4443589905	39.3172822201	39.349661423	39.150012373	39.0661868197	39.098957544	39.183376121	39.3916210912	39.3773223219	39.3794597274	39.3492133187	39.355308711	39.3473450926	39.3325725385	39.3482560822	39.3331728433	39.3089204859	39.2877704275	39.242983387	39.25332741	39.2606812069	39.2319971878	38.7285451845
PD_128S_filtered_prinseq_2	38.0928661178	39.092692938	39.2844234551	39.1989468997	39.3590518592	39.3065470738	39.4446001904	39.4390250518	39.5394760288	39.4551165041	39.4796155658	39.474319518	39.393360661	39.329683565	39.3809579807	39.3696312688	39.3811462668	39.4001154254	39.4361418372	39.4383823177	39.4516349083	39.4358284128	39.4306558755	39.3728586707	39.3839356342	39.3229797196	39.3537527507	39.3041098177	39.2511700215	39.2007719712	39.1581589628	39.0834648469	39.049874161	38.9759916531	38.958938628	38.9511518623	38.9015611941	38.3847652837
PD_129P_filtered_prinseq_1	38.6884737807	39.2609308136	39.2283138934	39.207176562	39.2333974314	39.1614345148	39.0953667112	39.0757419877	39.1363176673	39.0361250931	39.3804856087	39.4514214632	39.3624862741	39.3382974206	39.3614572529	39.4171100303	39.2887317356	39.3000148672	39.0595644991	38.9745580541	39.0235503674	39.1528183583	39.3263463768	39.2990194819	39.2993850804	39.2630625979	39.2676190636	39.2533454897	39.2426126659	39.2556137619	39.2383762242	39.214610647	39.1838803205	39.1195015538	39.1210158709	39.1319429029	39.0985977539	38.5698597879
PD_129P_filtered_prinseq_2	38.1437642179	39.0938974806	39.3046509195	39.265241956	39.4086738479	39.3413690921	39.4513780859	39.4510534559	39.542133162	39.476982718	39.4930994785	39.4841671159	39.4145521698	39.3423429821	39.3914740546	39.37765685	39.3872513458	39.4023998133	39.4367924037	39.4367140673	39.4458435594	39.4238616036	39.422522729	39.3565591707	39.3575393774	39.2944886234	39.32247765	39.2690655749	39.2075669773	39.152437297	39.1077387589	39.0246629986	38.9872795341	38.9119976055	38.8911122067	38.8908209986	38.8364101991	38.3364947599
PD_12P_filtered_prinseq_1	38.7356459394	39.2644454963	39.2345796378	39.2313672865	39.2422306546	39.1774699741	39.1109652921	39.0917678286	39.1585253035	39.0736920661	39.3990713898	39.4676142812	39.3829491241	39.3628910893	39.3870820178	39.4372183646	39.314476423	39.3385670412	39.1216183581	39.0503759535	39.0921452158	39.1928743986	39.3851472582	39.3677171811	39.3677900289	39.3357578004	39.3449177521	39.3349045683	39.3242204958	39.3354151389	39.3238293711	39.3013616292	39.2787565383	39.2351983638	39.2447502126	39.2523115018	39.2244936431	38.7135421241
PD_12P_filtered_prinseq_2	38.2832328437	39.2339207629	39.3853436638	39.3529673575	39.4760129193	39.4051408379	39.5160402425	39.507864815	39.5843615368	39.5201303766	39.544362989	39.5404126977	39.4845132125	39.4147155005	39.460303459	39.4456516945	39.4501737278	39.4625167408	39.495506742	39.4899667035	39.5013404514	39.481891113	39.4777128998	39.4164484907	39.4223523691	39.3629810756	39.3932279357	39.3462476672	39.2898384275	39.2377720989	39.1993123674	39.1230425317	39.0921647807	39.0178442145	38.9997202019	38.993885384	38.9416846967	38.4036436694
PD_130S_filtered_prinseq_1	38.8813111789	39.320086882	39.2851049368	39.2671716057	39.2674007332	39.1795912159	39.1278139025	39.1079039364	39.1791395389	39.0830588509	39.4241181815	39.4961483847	39.4235809928	39.4074951523	39.432862736	39.4892587756	39.3623103498	39.4090950975	39.2201914968	39.1438848638	39.1674938277	39.239751862	39.452219883	39.4422859689	39.4434040145	39.4124395463	39.419730421	39.4097670673	39.3965010967	39.4085045702	39.3927476801	39.3684368294	39.3465238069	39.3008411403	39.3107249819	39.3169831485	39.2817209253	38.8033391613
PD_130S_filtered_prinseq_2	38.1938533009	39.096993525	39.3110358012	39.2274306074	39.3898457638	39.3374501353	39.4492478673	39.4540748912	39.5497854671	39.4772851691	39.5082877522	39.5047381411	39.4285599644	39.3630157114	39.4219983692	39.4140310939	39.4251291925	39.4469544006	39.4841046148	39.4886420238	39.5011783001	39.4869115292	39.4828456323	39.428790348	39.4437311995	39.380747977	39.4127531756	39.3609181736	39.3109680904	39.2578648913	39.2170009541	39.1366610372	39.1068946958	39.0325559458	39.0113358009	39.0042382662	38.9491857983	38.4239990227
PD_131P_filtered_prinseq_1	38.6240924721	39.2402076209	39.1753152914	39.1979493129	39.2065646797	39.1397211064	39.1019407962	39.0836139496	39.1581618348	39.0714816667	39.3958660373	39.4609975187	39.3774383239	39.3568362803	39.3801434251	39.429627741	39.2991311169	39.3342482182	39.1425622556	39.0540991851	39.086621841	39.1755283895	39.3726387279	39.3569288073	39.3564096061	39.3266844933	39.3317684046	39.3240657847	39.3123353128	39.3246275127	39.309563171	39.2896194939	39.2645483001	39.2220674933	39.2358277394	39.2462203016	39.2160173369	38.725193449
PD_131P_filtered_prinseq_2	37.6974275662	39.0324301501	39.2529369702	39.1701428175	39.3595141311	39.3204475659	39.4702113754	39.4619569735	39.5518677262	39.4747522116	39.5023020661	39.4958846194	39.4265212063	39.3584300164	39.4093636825	39.3951984048	39.4027038301	39.4178676078	39.4537845258	39.4514734786	39.4617140095	39.4429080648	39.4367888755	39.3749918597	39.3852705414	39.3236967686	39.3537939655	39.3026614799	39.2474748356	39.1952342091	39.1512462157	39.0716662688	39.0380051488	38.9645089559	38.9490624463	38.9398644835	38.8860709125	38.3456089592
PD_134S_filtered_prinseq_1	38.6874535222	39.2396071638	39.1985407713	39.2050742861	39.1995642123	39.1252808891	39.0852570859	39.0660844058	39.1385809992	39.0459761027	39.3826988632	39.4522994489	39.3676653744	39.3478015086	39.3766554116	39.4296380898	39.3023384139	39.336055312	39.136883804	39.0470622144	39.0828276905	39.1714580199	39.3816863554	39.3683252404	39.3694097214	39.3402544445	39.3468726252	39.3403332983	39.3263590937	39.3393775605	39.3282095583	39.3041729291	39.282523845	39.2389741486	39.251377451	39.2588269482	39.2309232379	38.7337026039
PD_134S_filtered_prinseq_2	37.9219263139	39.0128463295	39.2225546571	39.150973218	39.3117498446	39.2623618871	39.4153900754	39.4046525294	39.5103436038	39.4225351457	39.4524943649	39.4473663316	39.3648891424	39.2995514853	39.3516501747	39.3388950635	39.3522330738	39.3717391975	39.4095196183	39.4137159294	39.4281485764	39.4120541182	39.4085364673	39.3502575427	39.3609746798	39.2993914024	39.3324876902	39.280098177	39.2243826913	39.1744264154	39.1339620829	39.0522263109	39.0245466481	38.9507327607	38.9327589314	38.9279444783	38.8772666954	38.3518068339
PD_137P_filtered_prinseq_1	38.6521930593	39.1946350263	39.1539149885	39.1602972043	39.1440596129	39.0702665602	39.0156901409	38.9999095663	39.0726941463	38.9860434035	39.3345392003	39.4036622485	39.3071586597	39.2851265661	39.3129927925	39.3666374707	39.236933543	39.2731759956	39.071182955	38.9722407322	39.0060865713	39.0993340618	39.3198706476	39.3084696071	39.3111227947	39.2826521154	39.2895550217	39.283670351	39.2721995442	39.288140953	39.2783405521	39.2556363808	39.2370261106	39.1954392088	39.209611337	39.2252748155	39.2024282584	38.7111828622
PD_137P_filtered_prinseq_2	37.943259496	38.9673880071	39.2009244896	39.155132576	39.3186198342	39.2699138055	39.3881386827	39.3878401883	39.4864942861	39.4026878412	39.4284278429	39.4314271217	39.3446564753	39.2788345732	39.3317702849	39.3173277075	39.3293162222	39.3474635035	39.3822839757	39.3860931323	39.3996557808	39.3837836256	39.3777570176	39.322248891	39.3301604534	39.2713787873	39.3023212959	39.2499014073	39.1967517637	39.1485273389	39.1031538229	39.0292317871	39.0002206122	38.9250206951	38.9141302324	38.9088188999	38.8601381002	38.3372696609
PD_138S_filtered_prinseq_1	38.9252261864	39.3805507617	39.3400074536	39.3328429512	39.3487194683	39.2768952056	39.2167946741	39.2034514826	39.2663403132	39.1917570355	39.4983159443	39.5599564147	39.5060938978	39.4929026806	39.5095395741	39.5623069672	39.447952118	39.4936983998	39.3244937057	39.2609237799	39.2821678401	39.3403205225	39.5328397887	39.5225465692	39.5231938641	39.4909192908	39.4955356453	39.4851913342	39.4689754468	39.4805874392	39.4635913495	39.4377862398	39.4151938976	39.3684831077	39.3749341186	39.3761018608	39.3416829914	38.8507181386
PD_138S_filtered_prinseq_2	38.6299858281	39.3640002057	39.5196299603	39.4604395074	39.5765609947	39.5028824941	39.6065039696	39.5981693661	39.6585311823	39.5983688008	39.6189168865	39.6148410976	39.5715274142	39.5008838555	39.5517381902	39.5385699459	39.5410123899	39.5565294196	39.5903828294	39.5855179006	39.5957926132	39.5768828576	39.5708806055	39.5121406432	39.5277826921	39.4650517153	39.4980987792	39.4553995286	39.4040832643	39.352785804	39.3152762979	39.2412875483	39.2116666069	39.1343401265	39.1146340481	39.1030914974	39.0432413322	38.4675582886
PD_13P_filtered_prinseq_1	38.6618761191	39.2298691365	39.183376857	39.1851416718	39.1791493694	39.1096318042	39.0422118474	39.0336681271	39.0966911741	39.0129592867	39.36108523	39.434623144	39.3463668767	39.3266003466	39.3529102047	39.4060839719	39.2750217703	39.3135776274	39.1085464935	39.0164513913	39.0556709981	39.1551524598	39.3576303401	39.3401282311	39.339743428	39.3092319341	39.3171466578	39.3082392591	39.2957342255	39.3097101791	39.2960043051	39.2747747649	39.250531845	39.2072203945	39.2177988656	39.2295674411	39.2037512201	38.7062064222
PD_13P_filtered_prinseq_2	37.5902140519	38.9562330987	39.2214565167	39.2330932009	39.380352368	39.3195832415	39.4393526458	39.4354045031	39.5333184417	39.458301512	39.4858935333	39.4799105088	39.4027275968	39.3380619611	39.3884245297	39.3765992625	39.3852325345	39.4030964935	39.4376527762	39.4399160171	39.4506771313	39.432064081	39.4292811393	39.3653478454	39.3696474232	39.3087373038	39.3383355649	39.2847260171	39.226319389	39.1756153109	39.1302699187	39.0498232681	39.020669385	38.9432780022	38.9258253715	38.9213775387	38.8662659595	38.3479351814
PD_140S_filtered_prinseq_1	38.6371273169	39.2100250095	39.1717040642	39.1736375055	39.1680079824	39.0984486786	39.0459958408	39.0271612714	39.1000731712	39.0059103713	39.3471093278	39.4171000295	39.3200665182	39.300492858	39.3284115247	39.3810326517	39.2497981394	39.2756378072	39.057566473	38.9692421349	39.0069287973	39.112176113	39.3205546482	39.3028144886	39.3068628571	39.2737432106	39.2837287843	39.2737658607	39.263648688	39.2784236946	39.2656464666	39.2416591716	39.2203562796	39.1764311431	39.1891772971	39.2018707972	39.1756743042	38.6609726092
PD_140S_filtered_prinseq_2	37.9596379209	38.8000224176	39.2095603305	39.2257518812	39.3652792807	39.3154499953	39.4478301297	39.4443054768	39.5374981024	39.4560768001	39.4821619943	39.4772250941	39.4023408204	39.3345312213	39.3853861914	39.3700329467	39.3790609058	39.3949322047	39.4302449188	39.4306714421	39.443208539	39.4263711485	39.4202918673	39.3597540684	39.3652641186	39.3051909228	39.3346295807	39.2824985575	39.2251152039	39.1739895339	39.1328943813	39.0547324776	39.0262045543	38.9518356251	38.9346553063	38.9313774566	38.8807595939	38.3228902585
PD_141P_filtered_prinseq_1	38.6685995914	39.2228390113	39.1754608098	39.1793284454	39.1846757498	39.1086734274	39.0591524191	39.0363880275	39.1144956458	39.0204625321	39.3541684843	39.4211783863	39.3245189779	39.3048599481	39.3304268014	39.3836867028	39.2487107742	39.285107677	39.0818783621	38.9891302719	39.0184089172	39.1074989642	39.3274485039	39.3154735616	39.3164661079	39.2871426685	39.2957060005	39.2882298575	39.2758078697	39.2915555705	39.280234476	39.2564120954	39.235725945	39.1932532523	39.206768535	39.2189371604	39.1949298092	38.7004108496
PD_141P_filtered_prinseq_2	37.8324795989	38.9267733124	39.2140400398	39.202305845	39.358375727	39.3060092535	39.4210067742	39.4206738655	39.5125138007	39.4358215469	39.4576868839	39.4558492546	39.37181278	39.3042359285	39.3570818709	39.3413228968	39.3529446931	39.3696421081	39.4080829499	39.4090771081	39.4215723047	39.4029181799	39.3980395056	39.3380308649	39.3481433388	39.2863505159	39.316818163	39.2637893058	39.2070619745	39.1565657084	39.1148061254	39.034729332	39.0059585512	38.9328668058	38.9154548563	38.9125052112	38.8638851956	38.3323098926
PD_142S_filtered_prinseq_1	38.8567432671	39.2927494811	39.2525609141	39.2322655234	39.2124951385	39.1238097632	39.0513705625	39.0456960521	39.1204702234	39.0256572664	39.3836901576	39.4578486315	39.3771158858	39.361412314	39.3875663056	39.4452916139	39.3135621427	39.3660536362	39.1769540816	39.0798658167	39.100936209	39.1662789218	39.4016612661	39.3919189979	39.3922752976	39.3610989043	39.3655454373	39.3544543475	39.3404402132	39.3578383658	39.3425234009	39.3200414186	39.2942901008	39.2308405483	39.2350303584	39.2395395581	39.2078517114	38.7438943966
PD_142S_filtered_prinseq_2	37.6664419519	38.9378948572	39.2030740396	39.1610851764	39.3120383689	39.2687442426	39.3528882692	39.3501675208	39.4761147732	39.3985223938	39.426809282	39.4286704904	39.3445775141	39.2791890545	39.3383977219	39.3294658549	39.3445314915	39.3675981008	39.4051622188	39.409319472	39.4271683429	39.4150740673	39.415213831	39.3605472043	39.3748707294	39.3113801866	39.3435522586	39.2913432303	39.2346558802	39.1837461741	39.1389431809	39.0575051799	39.0263034334	38.948692232	38.9311945762	38.9266253462	38.8719782175	38.3662441067
PD_145P_filtered_prinseq_1	38.6631963683	39.2425384566	39.1946917538	39.1905758944	39.1957210446	39.1185679104	39.0731591731	39.0600652123	39.1274814773	39.035190924	39.3746236472	39.4431222646	39.35445033	39.3345853438	39.3573976609	39.4108907961	39.2801855983	39.3116665124	39.1040674912	39.0151478054	39.0504781046	39.1440584279	39.3495038564	39.3322381515	39.3338185363	39.3005977916	39.3089062531	39.2983888347	39.2840839394	39.2991549412	39.2846308127	39.2616648181	39.237684184	39.1948993511	39.2051242813	39.2148293074	39.1886787204	38.6788143211
PD_145P_filtered_prinseq_2	37.9187205766	38.950813068	39.2236031566	39.1542665048	39.3364262033	39.2873253172	39.4024103265	39.4014247105	39.4977223926	39.4210000091	39.4437197617	39.4364820027	39.3489785967	39.2806349922	39.3329649441	39.319564608	39.3303625789	39.3495455867	39.3863909375	39.3886362574	39.4022675205	39.385144095	39.3809830476	39.3224569658	39.3294132162	39.2687653273	39.2999010628	39.2489234985	39.190958813	39.1410939869	39.0985378527	39.0196582812	38.9922717871	38.9160341704	38.8997563732	38.8982611867	38.8471463949	38.3398475129
PD_146S_filtered_prinseq_1	38.7238050424	39.2671810815	39.2308095302	39.2259430134	39.2270240143	39.1555773075	39.0841446921	39.0756969826	39.1426747473	39.0545858617	39.3887022832	39.4571817735	39.3715516111	39.3527860809	39.3786129421	39.4336723204	39.3054112697	39.3392522323	39.1305174134	39.0540024066	39.0885676799	39.177717559	39.3871408518	39.3731424519	39.3749146511	39.3415190027	39.3502426704	39.3407340231	39.3274709345	39.340523795	39.3287318354	39.3064333184	39.2819936537	39.2427854064	39.2503611514	39.2601195821	39.232745894	38.7410717386
PD_146S_filtered_prinseq_2	37.4260494528	38.9799992199	39.2479646309	39.2064366856	39.3799644951	39.3100909767	39.4040434363	39.419668629	39.5201735238	39.456320395	39.4774578866	39.476113178	39.3963898699	39.3263100152	39.3812266692	39.3697328323	39.381406836	39.3986613808	39.4368964003	39.439707643	39.4501112088	39.4324415601	39.4304296558	39.3717907979	39.3823287355	39.3199801397	39.3511692893	39.3011218124	39.245834226	39.1948646461	39.1522793136	39.0737413107	39.0434678646	38.966677831	38.9510303552	38.9487034908	38.8965399522	38.3802587041
PD_147_filtered_prinseq_1	38.7788115406	39.2734479465	39.2374376648	39.2275802369	39.2320726668	39.1554283564	39.0935287195	39.0733084651	39.1457359389	39.0543552488	39.3890077583	39.4567473814	39.373599242	39.3543782077	39.3804707591	39.4358418587	39.3041326252	39.3417052357	39.1387959985	39.0563414495	39.0856601554	39.1721653465	39.3867016052	39.37297957	39.3753498309	39.3450398062	39.3511293769	39.3429901559	39.3305242036	39.3434755366	39.3311183582	39.3058181116	39.2831575288	39.2401687836	39.2512739618	39.2594837709	39.2311334792	38.7366784039
PD_147_filtered_prinseq_2	38.0850680484	38.9165269802	39.2464562179	39.2404622797	39.3754200584	39.3213484806	39.4436877148	39.4430363124	39.5356261573	39.4584671181	39.4814066748	39.4736513585	39.3929961721	39.3268282084	39.3821566299	39.3714983399	39.3829282911	39.4022217226	39.4382109243	39.4418157228	39.455878824	39.4399224723	39.4358302424	39.3776048353	39.384927853	39.3243205052	39.3569082478	39.3052295369	39.2489192188	39.1988785025	39.1547460876	39.0756992007	39.0471842311	38.9708186163	38.9533461628	38.9489364595	38.8998979453	38.3657081416
PD_148P_filtered_prinseq_1	38.6222075858	39.2049197463	39.157237153	39.1558311021	39.13412895	39.0551968042	39.0100163228	38.9968371014	39.0757320199	38.9799621999	39.3388386478	39.4145566358	39.3200561275	39.3006920004	39.3279669535	39.3846710385	39.2459788663	39.2803293195	39.0695592847	38.968369938	39.0073148115	39.1020327169	39.3256100549	39.3098667266	39.3111816217	39.2804187185	39.2877333179	39.2794019073	39.2662428032	39.2809092963	39.269893712	39.2473611828	39.222575337	39.1806862833	39.1913967724	39.2061530111	39.1785941108	38.6929751172
PD_148P_filtered_prinseq_2	37.5755401555	38.7137526668	39.0443292622	39.0431086325	39.2159132888	39.1705072951	39.3041515729	39.3059377729	39.4308200054	39.3396880056	39.3604442949	39.3509364127	39.2385948082	39.1758968228	39.2329455477	39.2249158804	39.2451853496	39.269118283	39.3115977721	39.3166263948	39.3341014138	39.3199750596	39.3154617434	39.2564728256	39.2621410461	39.2003435013	39.2290476787	39.1739961245	39.1125421889	39.0593293803	39.0143182545	38.930112028	38.8974418163	38.8183452373	38.8034333693	38.8033412235	38.7532798928	38.2736203927
PD_149S_filtered_prinseq_1	38.8758749515	39.3550830124	39.3168140921	39.2833332735	39.3159506135	39.2369833421	39.1628328866	39.1400819689	39.2078886256	39.1093341319	39.4448306397	39.5132411161	39.4416839679	39.4261680163	39.4485046284	39.5013710543	39.3764542103	39.4069723333	39.1982810418	39.1235851408	39.1549926989	39.2365774629	39.4351386294	39.4139922659	39.4093950918	39.3752506554	39.3762477597	39.3623431602	39.3451056607	39.35924458	39.3399025566	39.3131348798	39.2864719944	39.2050401619	39.2022520151	39.2031025307	39.1691639342	38.6621100127
PD_149S_filtered_prinseq_2	37.8539377752	38.9010276113	39.2060765512	39.2078311971	39.3621128768	39.317823193	39.4280643876	39.4331591164	39.5322396963	39.4672689823	39.4877157863	39.4726976169	39.390598646	39.3264528515	39.382576294	39.3716117566	39.384820518	39.4025952557	39.442969546	39.4418652693	39.4574741428	39.4396624465	39.4368015194	39.3740477806	39.3798215903	39.3146269599	39.3411531357	39.287943783	39.2281252278	39.1726464368	39.1261087145	39.0409582691	39.0063487251	38.9274138858	38.9093119394	38.9089526213	38.8512931396	38.3378888061
PD_14P_filtered_prinseq_1	38.6476553723	39.2487900737	39.2023998883	39.2267523869	39.2420400616	39.1844842367	39.13510202	39.1189139957	39.1829301551	39.108324058	39.4179863747	39.4792190185	39.3963894677	39.3762665244	39.3928214737	39.4457072246	39.3198052113	39.3448174443	39.144838061	39.0633976628	39.1012934592	39.1939770995	39.3818917733	39.3666757969	39.3676374394	39.3363916634	39.3419652005	39.3335546535	39.3202652653	39.3326173701	39.3189690894	39.2954072667	39.2733632255	39.229922392	39.2413200008	39.2516617021	39.2245213263	38.701916396
PD_14P_filtered_prinseq_2	38.4199217348	39.246376093	39.416172888	39.388560863	39.5135580902	39.4429302333	39.5513662479	39.5421526706	39.6070522164	39.5487312248	39.567573584	39.5619786291	39.5067086482	39.4318371437	39.4776307497	39.4594340324	39.4639133368	39.4743787914	39.504397229	39.5012471922	39.5073658734	39.4865936293	39.4784058291	39.4130787055	39.4167205811	39.3553767957	39.3888305953	39.3377940671	39.2845333081	39.23214662	39.1896425938	39.1162494905	39.0860497369	39.0117527394	38.997367982	38.9904317215	38.9367536453	38.355933362
PD_150P_filtered_prinseq_1	38.7177247242	39.2590134762	39.2127551319	39.2224464749	39.2037021179	39.1234730255	39.0846685328	39.0678238966	39.1415494747	39.0471548198	39.3847299565	39.4512793417	39.3658373239	39.3483577935	39.3743422718	39.4297253825	39.3001378991	39.3376344373	39.1413813527	39.044121467	39.0707409881	39.1529857139	39.3744325712	39.3593912195	39.3615492255	39.3303274782	39.3399177029	39.3316102435	39.3186987724	39.335871954	39.3235956208	39.3037777285	39.2778914633	39.2161662257	39.2205043447	39.2321383345	39.200851013	38.7332271704
PD_150P_filtered_prinseq_2	38.1032046458	39.0650816577	39.2927084737	39.2578656289	39.393742896	39.3300426149	39.4587064772	39.4541189043	39.5432578876	39.4646831075	39.4901387936	39.4884676882	39.4119531176	39.3382075023	39.3936887001	39.3807789953	39.393428216	39.4109949561	39.4497679617	39.4503900453	39.4640284624	39.4459064725	39.4415004858	39.3804211658	39.3950687002	39.3349761406	39.3679242112	39.3176289768	39.2629082096	39.2085469105	39.1684855979	39.0886854757	39.0595024306	38.9833993984	38.9661182003	38.9595483969	38.9041933034	38.3996450088
PD_151S_filtered_prinseq_1	38.7309461079	39.2744999706	39.228188365	39.2446280612	39.2677207664	39.2005728251	39.1442423331	39.1223732161	39.2019528954	39.1185924091	39.4279050316	39.4887583582	39.409804607	39.3900791925	39.4114443364	39.4616881834	39.3397775987	39.3749547527	39.1807856255	39.1030888161	39.1305305437	39.2104749788	39.4085940861	39.3954869142	39.3952318714	39.3656215244	39.370868618	39.3629121051	39.3503065913	39.3616322889	39.348614093	39.3251451666	39.3041004726	39.2611430767	39.2728340469	39.2808844848	39.2521802701	38.761282431
PD_151S_filtered_prinseq_2	38.3984157964	39.1895908172	39.3763182662	39.3378378276	39.467483671	39.4148794697	39.5254637862	39.5218162412	39.5963874868	39.5303894357	39.5519575015	39.5447775015	39.4834252497	39.41161576	39.4600599629	39.4437977475	39.4474265147	39.4609400984	39.49576855	39.4931129971	39.5006507546	39.4798207843	39.4737128164	39.4099588133	39.4179450039	39.3561631175	39.3891269161	39.3400877499	39.2854359091	39.2359095501	39.1948336907	39.1200839585	39.090635177	39.0196070403	39.0042566857	38.9973549226	38.9438800933	38.3671401464
PD_152P_filtered_prinseq_1	38.7869596495	39.2927783276	39.2400081237	39.2105553052	39.2305958235	39.1473086095	39.0738340846	39.05780167	39.1264167379	39.0243129313	39.387178441	39.46442484	39.3812670149	39.3630731324	39.3926342666	39.447206642	39.3146970913	39.3499123491	39.1394049325	39.0579232084	39.097986007	39.1859016964	39.3925590928	39.3782496212	39.3757084523	39.3443189216	39.3514358194	39.3383877689	39.3234664362	39.3393244015	39.3218295251	39.2971941302	39.2750702984	39.2290205071	39.2375836454	39.2428780694	39.2120313227	38.7173231877
PD_152P_filtered_prinseq_2	37.7844775017	38.8578442903	39.1405926125	39.1237478298	39.2827633367	39.2476155129	39.3574253308	39.3694601783	39.477001477	39.3963001431	39.420587734	39.4109263498	39.3146646387	39.2481756359	39.3088058954	39.3033424834	39.3195925832	39.3431544166	39.381693113	39.3885087025	39.4047480993	39.3904982846	39.3882191913	39.3332458173	39.3438707504	39.2765511514	39.3051110264	39.2516336128	39.1955149053	39.1421827723	39.0951016328	39.0124757689	38.9810138321	38.8994257931	38.877732692	38.8756820364	38.8293423135	38.3410205926
PD_153S_filtered_prinseq_1	38.5746377997	39.1851189502	39.1414162992	39.1393360259	39.1337555403	39.0577869613	39.0149115663	38.9958559986	39.065605818	38.9645791013	39.3187945592	39.3909539365	39.2916911504	39.2673164365	39.2931547686	39.3449202617	39.208961573	39.2283787803	38.9976163995	38.8983534937	38.9483628219	39.0683895501	39.2642227695	39.2427968573	39.2444617447	39.2111090599	39.2203117328	39.2101012699	39.1988679659	39.2147943207	39.2037756345	39.1782234345	39.153101151	39.1114664316	39.1231863725	39.1390399539	39.1160564837	38.5787238516
PD_153S_filtered_prinseq_2	37.8045844693	39.0539389338	39.2448196306	39.2152421011	39.3608626994	39.3009693603	39.4286197508	39.4204545496	39.5120976089	39.4352347109	39.4543982264	39.4473950074	39.3685616958	39.2952269531	39.340401017	39.321106023	39.3321743415	39.3472579035	39.3809850965	39.3827926312	39.39483754	39.3743587825	39.3700637336	39.3069605268	39.3113105113	39.2492778875	39.2795481725	39.2276059241	39.1699815708	39.1195352873	39.0798186991	39.0011006396	38.974006936	38.9041784124	38.8890400132	38.8873571627	38.8445513536	38.3327022488
PD_156P_filtered_prinseq_1	38.7273080576	39.2364649166	39.199919918	39.2118604408	39.1972191121	39.1281018119	39.0643020035	39.0470821231	39.1189215395	39.0369637469	39.370826418	39.4391009502	39.3522204679	39.3354970063	39.3577824679	39.4150128577	39.2863863066	39.3209620051	39.1216079889	39.0391855494	39.0641137056	39.1515510125	39.3731183123	39.3607623218	39.3638326837	39.3346589895	39.3434988231	39.3348038177	39.3264801228	39.3380439016	39.3294812692	39.3054158559	39.285207889	39.241800432	39.254287168	39.2650673325	39.2389370593	38.7530693795
PD_156P_filtered_prinseq_2	38.3076086624	39.1596478522	39.3593571903	39.3135915418	39.4492285234	39.3811116878	39.4845588324	39.4831669304	39.5521417878	39.4916930873	39.5150810789	39.5218956786	39.4565034266	39.3881620472	39.4382245342	39.4234050959	39.4304083483	39.4459041096	39.4822757093	39.4824491907	39.4915435585	39.4738594662	39.4678937383	39.4103323238	39.4224354363	39.3623358068	39.3948058259	39.3471690757	39.294460227	39.244531595	39.2039171228	39.1285927774	39.0975221401	39.0268760916	39.0103691057	38.9994050306	38.9462237544	38.4322334734
PD_157S_filtered_prinseq_1	38.6909957538	39.2716721335	39.2293271203	39.2416934742	39.2514514964	39.1876666164	39.1347401616	39.1123086768	39.1853260634	39.1010413871	39.4184499924	39.4790324069	39.3986342032	39.379707774	39.4010597759	39.4531793801	39.3292371843	39.359576508	39.1576703841	39.0827482434	39.116303565	39.2090657367	39.4018493029	39.3889933138	39.3918985818	39.3595555441	39.3682546203	39.3613832346	39.3506688072	39.3614610009	39.3497136518	39.3279184698	39.3072908404	39.2641565471	39.2771285331	39.2858372833	39.2579205416	38.7444094327
PD_157S_filtered_prinseq_2	38.4816647967	39.3215785469	39.4372037045	39.3818028074	39.5159197559	39.4380605962	39.5363880883	39.5358977186	39.6049561648	39.5556189484	39.5774040824	39.5719079251	39.5268417786	39.4544781067	39.4998592279	39.4817778077	39.4834261528	39.4944726925	39.5249450688	39.5210363548	39.5312170885	39.5106177553	39.506508449	39.4472076949	39.4554699961	39.3940905125	39.4285955195	39.3805547994	39.3308015288	39.2825839819	39.2433165637	39.1717949385	39.1424068491	39.072081031	39.0564106183	39.0487416929	38.992712687	38.4067506477
PD_158P_filtered_prinseq_1	38.7377123551	39.249835307	39.210840034	39.2095154045	39.1971350412	39.1260294361	39.0710394109	39.0599061087	39.1304679891	39.0401492893	39.3763353371	39.4454641415	39.3565313801	39.3382258355	39.3640668513	39.4172580356	39.2891941073	39.3271328092	39.1316170456	39.0432314663	39.0748317605	39.1591215128	39.3754763339	39.3629541662	39.3655324542	39.3362115627	39.3432069373	39.3367137347	39.3238897439	39.3385069063	39.3272478403	39.3064567287	39.2837028	39.2417800974	39.2530047517	39.2628277111	39.2365543291	38.7466589134
PD_158P_filtered_prinseq_2	38.126624065	39.0892784256	39.306282723	39.2260315058	39.4102571896	39.3523441784	39.4552386543	39.4587247569	39.544424408	39.4753745146	39.4987631757	39.5002199698	39.4276871062	39.3609400991	39.4121987862	39.3976811152	39.4074936663	39.4238611943	39.4595262473	39.4606751709	39.4731508603	39.455147054	39.4499425953	39.3946927357	39.4059905974	39.3455622076	39.377958966	39.328744125	39.2752622621	39.2260822471	39.1847557585	39.1082392925	39.077864666	39.0077486403	38.9895181781	38.9819944228	38.9275989528	38.3859490732
PD_159S_filtered_prinseq_1	38.732039606	39.2697292175	39.2278897526	39.2316639868	39.2145858191	39.1375112411	39.0844718313	39.0705905657	39.1354042766	39.0475069539	39.3909859192	39.4584879442	39.3790660947	39.3624478583	39.3876966142	39.4405293451	39.30956781	39.3454347149	39.1436166768	39.0560897212	39.0881136293	39.1765515683	39.3864498348	39.3720868084	39.3737921869	39.3409710011	39.3496994312	39.3404273041	39.3280895298	39.3417317721	39.330853906	39.3068427929	39.2822506345	39.2389067284	39.2496084747	39.2576976465	39.2280823544	38.7277402093
PD_159S_filtered_prinseq_2	37.6071452286	38.9659372207	39.2502531873	39.2585925112	39.4083737332	39.3424656209	39.4763597947	39.4655035707	39.5594108014	39.4845232407	39.5130510346	39.5133057749	39.4440073245	39.379532573	39.4313521456	39.4183807732	39.4281268233	39.4459709976	39.4826927408	39.4834189318	39.4963893372	39.4791642829	39.4733834814	39.4165269687	39.4282097229	39.3683582136	39.4001319425	39.3536582806	39.2992130428	39.248784272	39.2084983591	39.1324590207	39.1045716575	39.0304944108	39.0121518392	39.0057157785	38.9499639555	38.444997392
PD_15P_filtered_prinseq_1	38.6568465392	39.2338422345	39.1997760504	39.204573262	39.2097197968	39.1399436956	39.0748762789	39.0619190222	39.1380032773	39.0538934427	39.3825017219	39.4508049237	39.3643220843	39.344125943	39.3661919202	39.4181489522	39.294323469	39.3178010946	39.1079437817	39.0273158537	39.0640068625	39.1607390187	39.3616094501	39.3446672442	39.3448245097	39.3127849011	39.3220304377	39.3127602845	39.2987534419	39.3121237661	39.2969051826	39.2711978257	39.245884745	39.2035790935	39.2155352671	39.2253490601	39.1985313136	38.682257405
PD_15P_filtered_prinseq_2	38.1339923418	39.1392522272	39.3417938521	39.2596670245	39.4197419615	39.3670814979	39.4719382559	39.4691699897	39.5557327427	39.4898413062	39.5128183947	39.5087396882	39.4370246043	39.3670903506	39.4184772203	39.403949445	39.4130887912	39.4269571592	39.4647460274	39.4637380495	39.4759949882	39.4565854678	39.4480212136	39.3883328151	39.3955630273	39.3362071372	39.3666982085	39.3151723721	39.2601368153	39.2103577301	39.1640438424	39.0841574369	39.0541593377	38.9808050202	38.9664385231	38.9547042152	38.9038930051	38.368209374
PD_160P_filtered_prinseq_1	38.5783805186	39.1878400383	39.1490611659	39.1499176844	39.1409762437	39.0698699182	39.0309296839	39.0079413407	39.0833203167	38.9842783364	39.3283082977	39.4007186725	39.30079509	39.278691714	39.3031491392	39.3560827435	39.2233739294	39.2374448449	39.0094514133	38.9138517943	38.9629436487	39.0794208635	39.2807922983	39.2601995561	39.2625734062	39.2312533153	39.2407661804	39.2322435195	39.2215145984	39.2373924083	39.2247071854	39.2021096182	39.1806229228	39.1371568843	39.1514702417	39.1658983287	39.1441921484	38.6142298994
PD_160P_filtered_prinseq_2	38.0528154507	38.9957397767	39.2276482623	39.2103213531	39.3656050873	39.3029148202	39.4213430247	39.426431662	39.5135158801	39.4416685132	39.4615273521	39.45524586	39.3807770878	39.308147689	39.3571224957	39.3400020686	39.3481181927	39.3622639006	39.3967347911	39.3959015441	39.4056165554	39.3873862185	39.3818514811	39.3185147524	39.3224910714	39.260492834	39.2908103061	39.2379242001	39.1827522057	39.1336905294	39.0919783331	39.0127631575	38.9847999249	38.915688768	38.8984927853	38.8986927924	38.852870578	38.3134553245
PD_161S_filtered_prinseq_1	38.7248820775	39.2873853171	39.1828187363	39.2163380963	39.1836480813	39.1654716036	39.0174335228	38.9955941047	39.0497088654	39.0224925273	39.3413065639	39.4219050746	39.3409195363	39.3214161066	39.3377956701	39.4032862795	39.2690153256	39.316384747	39.1047635503	39.0122577774	39.0518772506	39.1290174524	39.3649584645	39.3597295292	39.3474774842	39.3270770032	39.335563283	39.3177012237	39.3237455412	39.3213306873	39.3047159735	39.2777157234	39.2563832786	39.2345074024	39.2385290031	39.2634967792	39.217397523	38.7488744481
PD_161S_filtered_prinseq_2	37.8244898664	38.803186067	38.9764500579	39.0973962023	39.2504794651	39.1427337284	39.2837914888	39.2726644436	39.3974808646	39.3189280716	39.3198403511	39.2978212416	39.1607581595	39.0925307117	39.1470739672	39.1346752596	39.1650983983	39.1716502238	39.2263593483	39.2471046143	39.2546965641	39.2535548119	39.2379684449	39.198187503	39.2052005917	39.1473070957	39.1701430996	39.1426997056	39.082190445	39.0417601318	39.0069745978	38.9546540249	38.936381746	38.8595071648	38.8598698636	38.8776778645	38.8302132726	38.2157696471
PD_162P_filtered_prinseq_1	38.740441513	39.2716252256	39.226469447	39.2123111881	39.2115668621	39.1280006479	39.0758665898	39.0601045492	39.1400642628	39.0415015751	39.3892883543	39.4603509622	39.3795216188	39.3605084621	39.3881477683	39.4399732078	39.3095153469	39.3469506618	39.1460995509	39.058510008	39.0905595698	39.1731075297	39.3877739213	39.3734529574	39.3756259836	39.3440048419	39.349045387	39.3374824807	39.3240515156	39.3368105987	39.3232440914	39.2978035322	39.2743878167	39.2303252021	39.2376193773	39.2466936817	39.2142896814	38.7156266079
PD_162P_filtered_prinseq_2	37.9086482607	38.9203345808	39.2028750262	39.1827309224	39.3318112134	39.2830882033	39.4051523157	39.4066186559	39.5121362402	39.4336796368	39.453396601	39.4436768099	39.353297603	39.2895775838	39.3471309423	39.3383827018	39.3545640282	39.375336079	39.414946004	39.4189368756	39.4326853719	39.4171778876	39.4142140724	39.3568652946	39.3680803464	39.3086669476	39.3371139808	39.2848617041	39.2282502285	39.1757677077	39.1329953534	39.0531074526	39.0198781995	38.9424372224	38.924255176	38.9184483535	38.8664942834	38.3519260838
PD_163S_filtered_prinseq_1	38.7963052613	39.3145679334	39.2674015181	39.2618373769	39.2662843453	39.1867509511	39.1448344722	39.1320273273	39.1969048107	39.1074808684	39.4423113685	39.5085167359	39.4403895209	39.4226086295	39.4458677019	39.4984736627	39.3744919967	39.421255454	39.2351841163	39.155803649	39.1884436594	39.266955455	39.4656094596	39.4541016681	39.4566810237	39.4258847593	39.4331404853	39.4237438546	39.4105180424	39.4218524015	39.4082545531	39.382689041	39.3626778689	39.3207085581	39.3293163574	39.3340935452	39.3025057257	38.8321534526
PD_163S_filtered_prinseq_2	37.887100378	39.0368713576	39.2446988599	39.2209907461	39.3673240918	39.3058446757	39.4540454069	39.450323825	39.5507630911	39.4670807964	39.4967448377	39.4874974398	39.4139676082	39.3480243109	39.4038561081	39.3954856909	39.4061143488	39.4256589768	39.4625411957	39.4645787226	39.4771141803	39.4630967876	39.4596359935	39.4015044356	39.4086866406	39.3494217611	39.3798186402	39.3323003174	39.2759794295	39.2224827116	39.1777952778	39.0972808981	39.0657910926	38.9878591963	38.9695466445	38.9628061394	38.9089788444	38.378828066
PD_164P_filtered_prinseq_1	38.6520205281	39.1913351846	39.1481443099	39.1354579306	39.1321898789	39.0599666248	38.9974074337	38.9841595374	39.058224659	38.957008527	39.3204831687	39.3960610561	39.2991680305	39.2790177242	39.3090316674	39.3633369036	39.2291065593	39.2588382512	39.0376129673	38.9475551824	38.9923868136	39.0947572305	39.3099777109	39.2941223712	39.2970490371	39.2656012377	39.27582512	39.2663806575	39.2551927262	39.2713362769	39.2602959195	39.2361384561	39.2154437	39.1712128065	39.1858307653	39.1989297413	39.1722804955	38.6737432222
PD_164P_filtered_prinseq_2	37.6944170687	38.8407797966	39.0976881634	39.0843771109	39.2490370817	39.1983237168	39.3258271108	39.3320508776	39.4445931169	39.352558993	39.3779285363	39.3721886617	39.2664677626	39.2011983622	39.2587493731	39.2496776014	39.2681066113	39.2914418326	39.3325382146	39.3378433937	39.3542455231	39.3391432623	39.3386249932	39.2793979599	39.2877014093	39.2285551489	39.2564377743	39.2026929001	39.1423392433	39.0925677695	39.045388046	38.9625206281	38.9303257193	38.8531281735	38.8382787	38.8316085937	38.7836287176	38.3240843894
PD_165S_filtered_prinseq_1	38.7357630617	39.2830110769	39.2326387375	39.2229632529	39.2372057511	39.1524841455	39.1142718301	39.085788935	39.1585018164	39.059436986	39.40118956	39.4707919689	39.392133284	39.3741909442	39.3987414445	39.4525823328	39.3230218991	39.3560664844	39.1526657053	39.0709542415	39.1096551068	39.2001846944	39.3998086254	39.3857193641	39.3860471796	39.3566590082	39.3649474697	39.3557768537	39.3434145136	39.357304154	39.3444854003	39.3195354722	39.2946791043	39.2534653321	39.2601948896	39.2688085941	39.23851614	38.74504156
PD_165S_filtered_prinseq_2	38.0064838285	39.068593288	39.2881622761	39.2097714479	39.3857415662	39.3321604094	39.459114283	39.456724306	39.5482649113	39.4675363606	39.4923865186	39.4922471266	39.4131068039	39.3456859145	39.4003296725	39.385726016	39.3968482352	39.4132704318	39.4520013694	39.454002466	39.4660079251	39.448318915	39.4438757298	39.388066415	39.3996340803	39.3373222377	39.3693480388	39.3193761402	39.2649615611	39.214221763	39.1722219371	39.0928475826	39.0641949102	38.9880174858	38.9696478089	38.9641282425	38.9091996393	38.4146802548
PD_166_filtered_prinseq_1	38.862971779	39.3390747292	39.3091757873	39.2903542389	39.3122388693	39.2340349867	39.1688113808	39.144967871	39.2060703644	39.1164676515	39.4434425191	39.5087124937	39.4342900143	39.4166384885	39.4362416239	39.4892700768	39.368392884	39.3934406034	39.1831163077	39.1203581251	39.1579695602	39.2537201473	39.4410949664	39.4258223534	39.4250734551	39.3943502744	39.3996331948	39.3906243235	39.3795380617	39.3894020609	39.3754532119	39.3525582203	39.3287122636	39.2823352521	39.2944576349	39.295876708	39.2622006889	38.7520424259
PD_166_filtered_prinseq_2	38.354704503	39.1644977204	39.3748640622	39.3648525585	39.4851350143	39.4196166923	39.5287470934	39.5228675084	39.5992402221	39.5331487756	39.5565663224	39.5527670397	39.4910768826	39.4225946996	39.4703880133	39.456394503	39.4616113698	39.477748841	39.5114606225	39.5097946408	39.5205470107	39.503404626	39.4994719183	39.4398244491	39.4508473742	39.3900156086	39.423012317	39.3763575899	39.3207572581	39.2720603934	39.2340641246	39.1590884719	39.1316683863	39.0585517348	39.0403392954	39.0342900842	38.9819289907	38.4364457733
PD_167P_filtered_prinseq_1	38.8835977536	39.3391242697	39.2972569284	39.2700623195	39.2717582208	39.1914365837	39.1193005912	39.1005784077	39.1619176342	39.070116799	39.4155630363	39.4869799526	39.4150457688	39.3995507543	39.4244881151	39.4761037022	39.347933751	39.3910912518	39.1892154487	39.1149382266	39.1455831285	39.2219587651	39.4332059646	39.4196696532	39.4205785788	39.3877531191	39.3946694558	39.3836263892	39.3712358482	39.3818628211	39.3675199168	39.3441995921	39.3197116183	39.2757393271	39.2822711896	39.2893960486	39.2583135156	38.7631875575
PD_167P_filtered_prinseq_2	38.0038082543	38.9395509889	39.1888431648	39.1870224607	39.3299906553	39.2911114991	39.4139103292	39.4094979765	39.5120353891	39.4318036808	39.4619204444	39.4608266058	39.3826906987	39.3201751399	39.3754427566	39.3675888572	39.3800668314	39.3989099232	39.4373130586	39.441118231	39.4567619286	39.4426390886	39.4399775564	39.3847721319	39.4002584803	39.3388290288	39.3712317753	39.3219627062	39.2682008045	39.2164802226	39.1745870136	39.0938968584	39.0657712117	38.9864120509	38.9691875206	38.9627298756	38.9073714233	38.404478737
PD_169P_filtered_prinseq_1	38.7155177574	39.2851474496	39.2409345723	39.226571175	39.2409702508	39.1677982718	39.1045037052	39.0800623027	39.1433180193	39.0526752779	39.3941107375	39.4645746342	39.3829000568	39.3643933475	39.3839991152	39.4382072235	39.3084266823	39.3331631862	39.1168606986	39.0376162853	39.0817285841	39.1856464256	39.3729387852	39.3519126311	39.3493778847	39.3163746958	39.3220350994	39.3091066494	39.2948283552	39.3085202614	39.2917376888	39.2652750065	39.2384819015	39.1958000105	39.200512812	39.2079296464	39.1789266842	38.6440954205
PD_169P_filtered_prinseq_2	37.6911964727	38.9000116154	39.2036116222	39.2264141893	39.3709163405	39.3182738076	39.4489493257	39.4461529191	39.5413798011	39.4709591944	39.4996279519	39.4921422718	39.4184841129	39.3515111656	39.4021312789	39.3889484457	39.3963077443	39.4115161685	39.4459404334	39.4465164768	39.4582566656	39.439262106	39.4342778325	39.3725548408	39.3746268714	39.3129397593	39.3417228097	39.290538868	39.2324364132	39.1786259045	39.1366566765	39.0539871222	39.0231342794	38.9439037932	38.9266780334	38.9207027498	38.8682404088	38.3665323084
PD_16P_filtered_prinseq_1	38.6631642122	39.2396125489	39.1969583614	39.2126506965	39.2266136506	39.1650705217	39.1127852891	39.0939396878	39.162942622	39.0804672183	39.3993711967	39.4617580859	39.3765668353	39.3555058083	39.3765890339	39.4268231108	39.300591832	39.322054549	39.1154347514	39.0368581629	39.0740007173	39.1720920457	39.3650057208	39.3486295112	39.3483719709	39.3175503824	39.3268129656	39.3171358937	39.3048903226	39.3193422012	39.3037828384	39.2816023812	39.2564191624	39.2145345245	39.2251896336	39.2360028863	39.2042530881	38.6811447654
PD_16P_filtered_prinseq_2	38.3290744509	39.3037360072	39.4357450675	39.3851543322	39.5154202694	39.4419004374	39.5464328479	39.544128416	39.6083734385	39.549650173	39.570854117	39.5695682864	39.5156803108	39.441162385	39.4872030302	39.4704506565	39.4718064658	39.483925663	39.5149606516	39.5123203926	39.5193256591	39.4979673586	39.4934333462	39.4284841971	39.4375758492	39.3751526283	39.4082123076	39.3595658679	39.3069992873	39.2558585798	39.217250698	39.1397183784	39.1139740541	39.0447018048	39.0286209513	39.0191687879	38.9686121135	38.3822669057
PD_170S_filtered_prinseq_1	38.6330924004	39.2222278269	39.1773227398	39.1869501762	39.1863601754	39.1126980465	39.0542707525	39.0463406442	39.1244655508	39.0336325811	39.373650917	39.4435194458	39.3521542321	39.3322531314	39.3553253192	39.407767882	39.2769003441	39.3082403847	39.1005298772	39.0083498142	39.0440987017	39.1390788512	39.349091926	39.3323276006	39.3332494169	39.2999081439	39.307026813	39.2963913082	39.281328251	39.2966748268	39.2836377824	39.2591757938	39.236343441	39.1916940095	39.201857193	39.2154968253	39.1881504455	38.684984589
PD_170S_filtered_prinseq_2	37.9154257246	38.9619074143	39.2074003507	39.1953507553	39.3404919144	39.2881424895	39.3970660129	39.3968556399	39.495208873	39.4199844372	39.4383867255	39.4285330423	39.3449919855	39.2739484275	39.3268069552	39.3156135781	39.3257376863	39.3450480212	39.382213292	39.3831929868	39.3971848407	39.3807508256	39.3744906742	39.314136336	39.3186822903	39.2577895151	39.2869885228	39.2327358357	39.1773755586	39.1236446595	39.0792136437	38.9985760566	38.9690496028	38.8898518399	38.876549926	38.8733365498	38.8263818491	38.291957774
PD_171P_filtered_prinseq_1	38.815518782	39.3109987221	39.2714128394	39.269086355	39.2787580821	39.2100066726	39.1463298198	39.1324406619	39.2002527979	39.1183393149	39.4357184318	39.4997237203	39.4245246478	39.4092960176	39.430965646	39.4816857944	39.3605081997	39.3966173755	39.2076276447	39.1305751943	39.1572655327	39.2351786574	39.440391569	39.4294804158	39.4311106011	39.4009424996	39.4087809788	39.4007860166	39.3875533248	39.4000892303	39.3891781054	39.3656090808	39.3427017647	39.2979040764	39.3122978044	39.3152457678	39.2857802179	38.7945515044
PD_171P_filtered_prinseq_2	38.3624921437	39.1765330424	39.3998685637	39.3444421281	39.4849526372	39.4220089138	39.5307794188	39.5224298044	39.5956512877	39.5345162083	39.5565596861	39.554899373	39.4964492827	39.4274898691	39.4759086425	39.4576864268	39.465011985	39.4798125173	39.5139205446	39.5132945879	39.5238136467	39.507342333	39.5012875521	39.4433559096	39.4562585337	39.3961299924	39.4291679451	39.3827128023	39.3298020393	39.2819681042	39.2425483453	39.1668957387	39.1407961823	39.068759692	39.0532529546	39.0461902501	38.9908814426	38.4457884677
PD_172S_filtered_prinseq_1	38.8517914107	39.3175624181	39.2875589279	39.2602578335	39.2820500477	39.2122899813	39.13226029	39.103444709	39.1727975295	39.0851834347	39.4203416768	39.4883915703	39.4104860637	39.3930265305	39.4163262053	39.4704948657	39.3490871607	39.3766776209	39.1666763491	39.0980124273	39.1373036445	39.2306281674	39.4239559948	39.4084885333	39.4075218848	39.375349205	39.3819522679	39.370444977	39.3604342923	39.3726076189	39.3592111126	39.3336348908	39.3106261562	39.2637150583	39.2699593152	39.279301777	39.249047063	38.7354293106
PD_172S_filtered_prinseq_2	37.9551073103	39.1755831961	39.3773859427	39.3283628939	39.4723263016	39.4033195752	39.504146135	39.5095821533	39.5795816231	39.5218934726	39.5461926566	39.5409484213	39.4811545619	39.4053253593	39.4575548522	39.4406521921	39.4485631731	39.4621644083	39.4975968909	39.4957387783	39.5048127134	39.4870652257	39.4841233099	39.4252423609	39.4333718858	39.3737052107	39.4051999398	39.3574205407	39.3039313248	39.2525191325	39.2104504317	39.1322713842	39.1060655043	39.0327271949	39.014230361	39.0075267403	38.9569293369	38.4220685232
PD_173P_filtered_prinseq_1	38.672292573	39.2412045915	39.1968589695	39.1951168958	39.1961570189	39.1244556295	39.0740220205	39.053515349	39.1212663896	39.0277430763	39.3691012361	39.4379351349	39.3499679156	39.3280158438	39.3550117179	39.4054705795	39.2756543869	39.2970664423	39.0812670342	38.9918111404	39.0332665172	39.1402450867	39.3358800065	39.3186559338	39.3174439847	39.2844258189	39.2935706174	39.2823152473	39.2694838197	39.2836197993	39.2715508051	39.2439157314	39.2226563385	39.1787826277	39.190343563	39.2015968612	39.1740968768	38.6453436587
PD_173P_filtered_prinseq_2	38.11352926	39.0745288377	39.2693576688	39.2348967481	39.3669023205	39.3109034348	39.4340370573	39.4355380838	39.5240933524	39.4501798031	39.4775813076	39.473564384	39.3961361369	39.3299129647	39.3769060443	39.3649294418	39.3711737123	39.385879181	39.4209721222	39.4203936915	39.4336518349	39.4163713327	39.4103694874	39.3502717693	39.3545880447	39.2939251023	39.3218727633	39.2711889671	39.2163060385	39.1630812515	39.1234797708	39.0453674341	39.0197232636	38.9472827707	38.9334966622	38.9296448483	38.8848780747	38.3316415113
PD_174S_filtered_prinseq_1	38.7878524544	39.2829277981	39.2385519713	39.2106117358	39.2129132038	39.1315179804	39.0604465621	39.0517708992	39.1310138322	39.0280200365	39.3878213608	39.4622064977	39.380601527	39.3647761258	39.3924401133	39.4448578679	39.3171593719	39.3600019052	39.163418071	39.0748970481	39.1045599617	39.1807331467	39.402027076	39.3908436281	39.3890298165	39.3577865311	39.3629119952	39.3520931895	39.3369626908	39.3511004123	39.3364908715	39.3121260427	39.2866655122	39.2412019264	39.2502464527	39.2571257786	39.2235050242	38.7310615547
PD_174S_filtered_prinseq_2	37.5906244608	38.7541904512	39.0559990942	39.0502027377	39.2226546773	39.1832834877	39.3003042862	39.3059200121	39.4400171464	39.3533640435	39.377835272	39.3661047047	39.2453523106	39.1880693909	39.2525653146	39.2487219259	39.274755205	39.3022770245	39.3497061382	39.3588431156	39.3798996678	39.3698950822	39.3683112246	39.3151621804	39.3275639338	39.2667370917	39.2950834544	39.2429497369	39.1822336476	39.1301385428	39.0836056985	39.0026106772	38.9683247997	38.8918331086	38.8718205149	38.8685900923	38.8166699142	38.3590592246
PD_175P_filtered_prinseq_1	38.5575593573	39.1701945997	39.1236941997	39.1339773107	39.1299654937	39.0595232402	39.0202665243	39.0059715964	39.0783574983	38.9829480233	39.3294702992	39.4002329095	39.2996950102	39.2776044336	39.3031342603	39.3568907966	39.2222139649	39.2435096493	39.0264146565	38.9300829175	38.9668335654	39.0726660139	39.2827630186	39.2642864672	39.2645478566	39.2327301106	39.240290474	39.2334643006	39.2205928348	39.2364844901	39.2237396417	39.2004172017	39.1778339534	39.1344491298	39.1487781192	39.163629055	39.1398230364	38.6286026967
PD_175P_filtered_prinseq_2	37.514982761	38.7780032664	39.1017978747	39.0923139575	39.259254899	39.2165399154	39.360728738	39.3564475044	39.4759643317	39.3798711272	39.4048231798	39.3956691281	39.2967128627	39.2316170571	39.2856857997	39.2758937514	39.2907709815	39.3098336777	39.3487401519	39.3531942801	39.3654875826	39.3483894301	39.3425676804	39.2825219171	39.289552761	39.2286428759	39.2562124788	39.2023167901	39.1421560599	39.0894742016	39.0425099116	38.9623349662	38.9267121687	38.8498567116	38.8347197491	38.8346997908	38.7856170647	38.2807467053
PD_176S_filtered_prinseq_1	38.8885034043	39.3427619506	39.3146755735	39.2971226289	39.3015052431	39.2229654982	39.1650478604	39.1431347893	39.2086357989	39.1140569519	39.4446779701	39.5112229114	39.4402357217	39.4235961132	39.4445043979	39.5010589444	39.3768643861	39.4183541335	39.2188912161	39.1574088381	39.1849899966	39.2626408889	39.4658809446	39.4516793023	39.4555818494	39.4209626926	39.4284006999	39.4173285512	39.4058485648	39.4173597302	39.40281272	39.3789437132	39.3583892569	39.3133554865	39.3215679528	39.3258592034	39.2937930222	38.820097054
PD_176S_filtered_prinseq_2	37.9066912116	39.0853795632	39.3179238052	39.2963130696	39.4403863064	39.3755524336	39.4936198274	39.4930767897	39.5800161287	39.5112967045	39.5318715041	39.5274347527	39.462308206	39.3905232839	39.4477356389	39.4358236235	39.4461909798	39.4625897194	39.5010361235	39.5002534979	39.5142278408	39.4969053193	39.4919876661	39.4350843939	39.4471013381	39.3824435601	39.4181135566	39.3688523305	39.3131391311	39.2610665723	39.2194326425	39.1377266013	39.1124973951	39.0330835745	39.013826518	39.0090344265	38.9530156564	38.4321716953
PD_177P_filtered_prinseq_1	38.8769557615	39.3485340059	39.3108370952	39.2960559082	39.2988442756	39.2243500009	39.1634113944	39.1434237404	39.2094802222	39.118683936	39.4474171256	39.5157424639	39.4475702302	39.4304032002	39.452970236	39.5030704412	39.3807954741	39.4129249634	39.2189309138	39.1465054409	39.178262826	39.2629864865	39.4562978351	39.4409539004	39.4406468024	39.4092775565	39.4130770277	39.4032518091	39.3892536964	39.4039423268	39.3857795069	39.3623861676	39.337511366	39.2938357831	39.3007918798	39.305913351	39.2704333483	38.7590289016
PD_177P_filtered_prinseq_2	38.2840148175	39.1886259595	39.37923785	39.3514893346	39.4789330604	39.4119883899	39.5197477181	39.5137552836	39.5901463297	39.5292701917	39.5535032061	39.5533787233	39.4943593768	39.4277225058	39.4749280334	39.4582380357	39.4635558102	39.4782602177	39.5131664894	39.5110951731	39.5205485308	39.5042563217	39.4980388657	39.4407938601	39.4516233928	39.3931668716	39.4219531573	39.3711960736	39.3192765758	39.2703505853	39.2244098899	39.1481394948	39.1185529971	39.0442749231	39.0264751286	39.0135976597	38.9575781823	38.4270939757
PD_178S_filtered_prinseq_1	38.654117597	39.2150872698	39.1701412569	39.1659869352	39.1611563122	39.0805941233	39.042550217	39.0222633034	39.0925220082	38.9914981886	39.3425602231	39.4150079304	39.3193891288	39.2989778836	39.3261815227	39.3785208656	39.2458831837	39.270645183	39.0530166379	38.9582208516	39.0022255784	39.1076245966	39.3132203263	39.2971106791	39.297961748	39.2667732765	39.2766235802	39.2684506139	39.2566420819	39.2724631611	39.2615392168	39.2399929179	39.2153467624	39.177109287	39.1877535537	39.2052597478	39.1807873829	38.6652527828
PD_178S_filtered_prinseq_2	37.6486099628	38.9292289241	39.1521188531	39.1267018419	39.2861429175	39.2314256618	39.3702775107	39.3602145997	39.4722641904	39.3784940407	39.4058244242	39.4043070394	39.3111439287	39.2450439454	39.2971002778	39.2811617056	39.296058504	39.3149245459	39.3522292754	39.3568133229	39.3716657569	39.3560136768	39.354266642	39.2961942172	39.3069958797	39.2482154542	39.2776531006	39.2255345774	39.1698370582	39.1188967717	39.0772896565	38.9991848629	38.9703915324	38.8961371197	38.8800718081	38.881709721	38.8332268599	38.3511795709
PD_179P_filtered_prinseq_1	38.7665913609	39.2677988705	39.2345433629	39.2274489166	39.2231953502	39.1481268045	39.0878216852	39.0707213559	39.1447144922	39.0550048702	39.3924806235	39.4615243949	39.3790538994	39.3615356569	39.3835051798	39.4382578676	39.3084648568	39.3406364261	39.1392903034	39.0500500693	39.0793575313	39.1662307161	39.3814580196	39.3675186404	39.3680894249	39.3390754473	39.3444872113	39.3351408415	39.3209564298	39.3362105877	39.321841323	39.299959526	39.2763764236	39.2255167841	39.2347665108	39.2429702523	39.2138543848	38.7123571859
PD_179P_filtered_prinseq_2	37.9355091574	38.9826463254	39.2536115287	39.193385495	39.3694766295	39.3177228378	39.4301663221	39.4310835604	39.5197432043	39.4497738209	39.4712112992	39.4670938841	39.389707044	39.3215305783	39.37540402	39.3611383679	39.3728645959	39.3911533806	39.4280339564	39.4302043296	39.4430127785	39.4272988815	39.4238230196	39.3651246025	39.3757984017	39.3139909722	39.3444084016	39.2961039295	39.2402487543	39.1904496142	39.1470156358	39.069824452	39.0431760256	38.9676108326	38.9527449207	38.9474842821	38.8966795321	38.3763568087
PD_180S_filtered_prinseq_1	38.6986347587	39.2505962012	39.2076003788	39.2009396924	39.1892316034	39.108057151	39.0585982242	39.0527704635	39.1230090278	39.0302995972	39.3727370015	39.4457119849	39.3587418563	39.3421794148	39.3684163015	39.420680348	39.2911784425	39.3254784848	39.1229058864	39.0356693939	39.0642323205	39.1484732614	39.3684586558	39.3583962854	39.359568646	39.3281969096	39.3357352777	39.3271717204	39.3144000693	39.3282371893	39.3162398597	39.2907379524	39.2686265602	39.2266031031	39.2345284555	39.2449717477	39.2155421674	38.7251280706
PD_180S_filtered_prinseq_2	37.3749717619	38.7902302985	39.0968910528	39.0057242114	39.2287824308	39.2119943109	39.3680586601	39.3650722726	39.4835271728	39.3898251196	39.4200141887	39.4091053096	39.3106453384	39.2509043565	39.3105900517	39.3061187182	39.3241342025	39.3472444005	39.3886160632	39.3930623527	39.410371139	39.3972406488	39.3941088342	39.3401799871	39.3513524345	39.2916762957	39.3231991271	39.2712442005	39.2146576334	39.1625761146	39.1181837851	39.0383809443	39.0061622755	38.928173274	38.9100109399	38.9069657505	38.8509929822	38.345685388
PD_181P_filtered_prinseq_1	38.7400576117	39.2767057447	39.2369841016	39.2363407391	39.244956834	39.1797787415	39.1101475884	39.100849632	39.17088032	39.0911807156	39.4112706494	39.4780557792	39.3974349344	39.3799419776	39.4009056695	39.4511550153	39.3292268785	39.3613022614	39.1634689898	39.0862626811	39.1203881178	39.2004020538	39.4030343502	39.3854482752	39.3865219069	39.3541066895	39.3585655326	39.348646796	39.3359367303	39.3465322722	39.3307498667	39.3081991853	39.2826086951	39.2380886854	39.2482671119	39.2556044583	39.2277946359	38.7132497825
PD_181P_filtered_prinseq_2	38.1592792629	39.1543693465	39.3406108008	39.3108809531	39.4406853179	39.3803717985	39.4886158211	39.4846119164	39.5656653198	39.4981776245	39.5185574992	39.5136106237	39.4423597714	39.3706467589	39.4224009911	39.4077612441	39.4155914443	39.4279937957	39.465497036	39.4645692689	39.4744648984	39.456041188	39.4498910483	39.3893027808	39.3966784853	39.3329461878	39.3648488331	39.3137695011	39.2574428579	39.2065505978	39.1664116003	39.0861874893	39.0572317351	38.9841371462	38.9653682715	38.9604060637	38.9085734929	38.3455070044
PD_182S_filtered_prinseq_1	38.7151009658	39.2482440737	39.1820310214	39.2036142815	39.2197834358	39.146619842	39.0099502488	39.0031460345	39.0627011999	39.0200907229	39.3560140474	39.4379719052	39.354784899	39.328928885	39.3706175007	39.3993268949	39.2805970149	39.3328650863	39.1267339772	39.0412781126	39.0765345265	39.1535212598	39.3820679989	39.3644432383	39.358663857	39.3276205497	39.343070645	39.3398116145	39.3073048623	39.334649418	39.3177278542	39.2842056165	39.2640056034	39.2039393776	39.2165901624	39.2269599265	39.1990324174	38.7094192708
PD_182S_filtered_prinseq_2	37.8348697688	38.9114720515	39.1254023998	39.1474978051	39.3045068774	39.2513901083	39.3013608428	39.3388937665	39.4269827334	39.3733830846	39.3960199005	39.3888206029	39.278197249	39.2036289143	39.2688762072	39.2525753585	39.2843576236	39.2930201932	39.3451273047	39.3392073225	39.3711723102	39.3475902771	39.3400252868	39.2964926642	39.2967654751	39.2635232261	39.2956287116	39.2437384166	39.1840390284	39.1359711819	39.1143306305	39.0511024184	38.9988450654	38.9426444694	38.9145417207	38.9220718181	38.8627326175	38.299614473
PD_183P_filtered_prinseq_1	38.6331570215	39.2089588193	39.1712075764	39.1611917149	39.1687596505	39.0957978244	39.0394930718	39.0200515287	39.0947175681	38.9957691598	39.3398249635	39.4113277373	39.3150500617	39.2929379088	39.3168728023	39.3711856826	39.236457269	39.2581554976	39.0378851541	38.9450847788	38.9871628281	39.0944292829	39.3008854922	39.2826539432	39.2839162091	39.2517916979	39.2603122147	39.2513803865	39.2374358639	39.2545777772	39.2392236642	39.2173874981	39.193556441	39.1496151539	39.1614757439	39.1747061403	39.1513499493	38.6214136812
PD_183P_filtered_prinseq_2	37.9794963174	38.9549450514	39.1906540326	39.1791624144	39.3231374291	39.2750798409	39.4006186448	39.3997864974	39.498969258	39.4168552842	39.4402908893	39.4338232307	39.348043755	39.2794701401	39.3302439067	39.315531049	39.3268402702	39.3436485427	39.3797313146	39.3819089822	39.394855395	39.3791982261	39.3752385035	39.3130300936	39.3219008919	39.2603001138	39.29046994	39.2387691608	39.1803617813	39.1320150944	39.0868847738	39.0078671816	38.980262412	38.9076671672	38.8936212943	38.8912303283	38.8431718716	38.3100866731
PD_184S_filtered_prinseq_1	38.6758011319	39.2140374411	39.1648124093	39.167202039	39.1566991725	39.0840860378	39.0371238665	39.0196565054	39.0935189043	39.0047737866	39.3475341412	39.418184976	39.3274714155	39.3073844528	39.3342889246	39.3880768702	39.256503043	39.2927637612	39.0965697449	38.9986139639	39.0299033942	39.1203998859	39.3393248604	39.3275644416	39.330529285	39.3013403804	39.3085528688	39.3035035552	39.2908364912	39.3065814183	39.2945061326	39.2743524937	39.2506151394	39.210209632	39.2231750266	39.2359181592	39.2094643436	38.7076883281
PD_184S_filtered_prinseq_2	37.8837469439	39.0222170224	39.2577572217	39.2465484678	39.3855010516	39.3306814158	39.4466088926	39.443657457	39.5305664858	39.4526236783	39.4786348451	39.4769659577	39.4004932276	39.3321310538	39.3839054334	39.3696625925	39.3794931908	39.3967856437	39.4331736896	39.4342485281	39.4474426384	39.4312516804	39.423743262	39.3673560086	39.3761211265	39.3146678499	39.347305176	39.2955021761	39.2403605345	39.1912284567	39.1486512477	39.0740756743	39.0447961603	38.9725518352	38.9571122268	38.9524090054	38.9031011796	38.3403394266
PD_188S_filtered_prinseq_1	38.8333898206	39.3297695966	39.2919720399	39.2767312637	39.2910847935	39.2104079822	39.1500363749	39.1475408597	39.1957781323	39.1148522012	39.4420442501	39.5086967409	39.4372701741	39.4217228553	39.4407591461	39.4966817851	39.3735833742	39.4063054934	39.2064999968	39.142347066	39.173757981	39.2570982745	39.453625136	39.4402166006	39.4404879064	39.4088488211	39.4157741885	39.4081300176	39.3940527754	39.4065784026	39.3957961149	39.3714657028	39.3486445608	39.3062486199	39.3160886272	39.319129107	39.2866786364	38.801190787
PD_188S_filtered_prinseq_2	38.1060680309	39.028186801	39.3481222112	39.328988129	39.4618807895	39.4241091378	39.5183871546	39.513220186	39.5910949397	39.5255086555	39.5507638737	39.547842653	39.485380728	39.413332441	39.4704702405	39.4582029268	39.465246281	39.4806845829	39.51743126	39.5157707494	39.5273745995	39.5087865594	39.5048846515	39.4493582287	39.4581268658	39.3946823716	39.4280199549	39.3771631072	39.3240145971	39.2742774632	39.2320062986	39.1529894079	39.1252009139	39.0521062035	39.0321949563	39.0210998496	38.9697454291	38.4450281296
PD_189P_filtered_prinseq_1	38.7045608953	39.2504623701	39.2067334219	39.2128354582	39.199287402	39.122166061	39.0828547763	39.0723582007	39.1369683785	39.0474772099	39.3868854779	39.4534734295	39.3707915304	39.3509982523	39.3737137001	39.4271139643	39.2958296277	39.3285693606	39.1279780264	39.0364042351	39.0688429364	39.1562021515	39.3684432573	39.3534589003	39.3553132654	39.3253907044	39.3317750948	39.3249103795	39.3106802385	39.3260490294	39.312746825	39.2898607229	39.2700601677	39.2252628677	39.2359424702	39.2470284418	39.2207608088	38.7217033119
PD_189P_filtered_prinseq_2	38.0703893991	39.1019841099	39.2884407711	39.1899969892	39.3781833469	39.3262980008	39.4351384613	39.431007539	39.5260742502	39.4480817712	39.4760547565	39.4777561489	39.4027048939	39.3362741874	39.3843671508	39.3690146603	39.3764297861	39.3932703705	39.4298577995	39.4301390763	39.4430743886	39.4248299592	39.4233163728	39.3663079322	39.3801818487	39.3206547118	39.352498385	39.3026811453	39.2471970487	39.195652432	39.1548618984	39.0776587813	39.0459537606	38.9704251996	38.9566855806	38.9490368036	38.8949741557	38.4134135614
PD_190S_filtered_prinseq_1	38.7907199474	39.2902620077	39.2399875429	39.2242322092	39.2306557853	39.1491862198	39.0868079786	39.073276332	39.1477141886	39.0548463176	39.4006165051	39.473748302	39.3955357894	39.3761697473	39.4012975035	39.4558610991	39.3275340212	39.366195264	39.1684928287	39.082136169	39.1179039083	39.2026466662	39.4092370513	39.3946239937	39.3941377873	39.3614899467	39.3701300971	39.3600894086	39.3472325434	39.3604624303	39.3464169893	39.323971269	39.3013985759	39.2571150074	39.2675981088	39.2752844554	39.246613559	38.7514146875
PD_190S_filtered_prinseq_2	38.0260972727	38.9969910763	39.2298664086	39.1713918101	39.3311642341	39.2764046743	39.3860525966	39.3854619441	39.4904950487	39.4195328417	39.4466110392	39.4429519377	39.3590881135	39.2942077873	39.3501571163	39.3379550819	39.3494148446	39.3727894117	39.4099973917	39.4119978565	39.426873889	39.4130584305	39.4110350573	39.354671669	39.363938366	39.302095964	39.3320252118	39.2820446917	39.2271101041	39.1780477039	39.1330030696	39.0573483706	39.0279174793	38.9504632696	38.9319693259	38.9323842254	38.8830566914	38.3642849984
PD_191P_filtered_prinseq_1	38.7404260109	39.2572666648	39.1657615577	39.1942373168	39.1954753932	39.1166887082	38.9314274459	38.9730718366	39.0299108022	38.9735670672	39.3453501787	39.4156954332	39.3125298967	39.2928782464	39.3291651425	39.3809617603	39.2519091702	39.3149610287	39.1316356679	39.0032140993	39.0334228988	39.0871109996	39.3523432564	39.3604877278	39.3517914975	39.3155503732	39.3327331957	39.3225811945	39.3235138533	39.3344996841	39.3213708127	39.2810829678	39.2776094417	39.2263232179	39.2191511761	39.2269080576	39.2164829215	38.7266182665
PD_191P_filtered_prinseq_2	37.8648808351	38.8054813022	39.1279439489	39.1602464898	39.2785390698	39.254565407	39.3397675793	39.3022876277	39.4205802077	39.3628633332	39.3876023523	39.3661048426	39.2669011508	39.1923464363	39.2510087509	39.2306592757	39.2569515181	39.2780438392	39.3184726638	39.328216376	39.3456838723	39.3295999743	39.3451651616	39.2783561657	39.2991190995	39.2435967187	39.2722619746	39.2352638841	39.1842162809	39.1382775287	39.119454909	39.0364889607	39.0165565486	38.9232432496	38.9377569935	38.9549003868	38.9180152675	38.3016973653
PD_192S_filtered_prinseq_1	38.7502850627	39.3409350057	39.2998859749	39.3683010262	39.2086659065	39.0490307868	39.0558722919	39.0513112885	39.0763968073	39.1183580388	39.2551881414	39.4399087799	39.3692132269	39.270695553	39.2957810718	39.3870011403	39.286659065	39.3564424173	39.1201824401	39.1323195044	39.1189886734	39.2164066161	39.4460557445	39.403686369	39.5043781652	39.3742107667	39.3225176428	39.3667642258	39.3799368715	39.4035283718	39.3443877019	39.3171340349	39.292880557	39.2692373142	39.2376438795	39.2130948049	39.3549239567	38.7299700639
PD_192S_filtered_prinseq_2	38.3169897377	39.0695553022	39.3409350057	39.2542759407	39.4754846066	39.393386545	39.3249714937	39.4777651083	39.6123147092	39.4649942987	39.5302166477	39.5005701254	39.4887115165	39.3705815279	39.4134549601	39.2980615735	39.4006841505	39.4941847206	39.4212086659	39.4752656359	39.490987854	39.4138724064	39.4065937241	39.3618980045	39.386788226	39.3885299122	39.3111649871	39.291950253	39.2778449366	39.2161249498	39.1467420241	39.1257622058	39.1202007825	39.053766741	39.0136825727	38.9593574467	38.9077941057	38.4814826439
PD_193P_filtered_prinseq_1	38.6961294853	39.2557491863	39.21321572	39.2116643448	39.1980430213	39.1237392217	39.0747723315	39.0571116098	39.1262413861	39.0365246535	39.3821763631	39.4534674171	39.3698533701	39.3510543632	39.3757063384	39.4311397596	39.3018257772	39.3378404733	39.1361505558	39.049797059	39.0854959217	39.1763734212	39.3847503646	39.3728050641	39.3758421776	39.3442930409	39.3540833773	39.3455232731	39.333898414	39.3491711946	39.3375861422	39.3151646061	39.2925979608	39.2496201939	39.2629579135	39.2714168088	39.2451839291	38.7572657642
PD_193P_filtered_prinseq_2	37.5269449534	39.0467277942	39.2417460499	39.1739339027	39.3457605554	39.2922260507	39.4282421401	39.4244389834	39.5231305669	39.4420862294	39.470115461	39.4681859329	39.3903899171	39.3242800403	39.378978617	39.3654814036	39.3776164015	39.3938541836	39.4318105526	39.4339411334	39.4475336722	39.4304890744	39.4277069411	39.3680379569	39.3790783484	39.3172832673	39.3499497931	39.3001861663	39.2461282389	39.1933648467	39.1532094759	39.0710007766	39.0428510388	38.9680974953	38.9501139282	38.9479220325	38.8924685981	38.3831380414
PD_194S_filtered_prinseq_1	38.9201690921	39.3794641108	39.343107535	39.3271648591	39.3398567756	39.2678242016	39.1957035529	39.1791523605	39.2384095185	39.1593774029	39.4816232865	39.5451375439	39.4835536108	39.4687881628	39.4863191583	39.5393239233	39.4183236113	39.456546457	39.2636757659	39.2008095885	39.2320266857	39.3104999199	39.4990790966	39.4839474282	39.4835055907	39.4483903016	39.454778764	39.4435132301	39.4282528213	39.4408341158	39.4231681196	39.3987207837	39.3727147872	39.3278720026	39.3330431292	39.3358108068	39.2981620828	38.8136635278
PD_194S_filtered_prinseq_2	38.2352928729	39.177505248	39.4061713529	39.3705857172	39.5039697984	39.4334779609	39.5296967798	39.5252667336	39.6003487532	39.5481734924	39.5710983237	39.5658152106	39.5126098182	39.4404550834	39.4912332726	39.4760295096	39.4817079298	39.4986313239	39.5335910569	39.5341513228	39.5451316314	39.5256242095	39.5231501854	39.4612054112	39.4746267651	39.4119941823	39.4473524672	39.3965836777	39.3411793074	39.2897326745	39.2471102427	39.1677036202	39.1364636148	39.0565121622	39.0393917025	39.0264019979	38.9678996476	38.489903364
PD_195_filtered_prinseq_1	38.7455791445	39.2776892153	39.2400870295	39.2270189355	39.2379465986	39.1626435195	39.1087979001	39.0841035987	39.1453773259	39.0501784895	39.3929678605	39.4634986669	39.3817458977	39.3619043533	39.3820177225	39.4340431784	39.3048937207	39.3295237864	39.1086645693	39.0304595857	39.0751709859	39.1805109666	39.3663683228	39.3464915338	39.3464317764	39.312639677	39.3206692957	39.3092299003	39.295350425	39.3072788107	39.2932781858	39.2680054976	39.2390116665	39.1953159618	39.2030464538	39.2145155288	39.1829240026	38.6522892484
PD_195_filtered_prinseq_2	38.1642459954	39.1428139719	39.3550492037	39.3480986876	39.4817104769	39.4164831406	39.5247537157	39.523229826	39.5959194381	39.5322720268	39.554083618	39.5516039375	39.4908442478	39.4203391053	39.4651895997	39.445150337	39.4515371582	39.4635474131	39.4953768893	39.4926092467	39.500663869	39.4809040069	39.4730359513	39.4108007607	39.4185926732	39.3574554797	39.3886344276	39.336364917	39.2821046855	39.231591936	39.1906628769	39.1134041802	39.0830863811	39.0130390493	38.9959148635	38.9869523898	38.9379650509	38.3800939336
PD_196_filtered_prinseq_1	38.677837609	39.2412201023	39.1917418342	39.185299206	39.1749049609	39.0968284056	39.0564031688	39.0393009077	39.1160991895	39.0160550177	39.363285098	39.4353991888	39.3458551577	39.3270904922	39.3513574437	39.4067303046	39.2760733645	39.3065167777	39.1011492295	39.011653971	39.0464367089	39.1399928101	39.35149714	39.3379657031	39.3393329409	39.3085638635	39.3175712404	39.3066775647	39.2951716118	39.3094363907	39.2962867438	39.272500619	39.2509767479	39.2080728141	39.2181265827	39.2319900473	39.2036888228	38.6977063146
PD_196_filtered_prinseq_2	37.7848928513	38.8970641075	39.1629462906	39.1552623746	39.3089504288	39.2542448656	39.3783645724	39.3848487282	39.4897969281	39.4070058147	39.433075586	39.4306694471	39.3371561497	39.27244177	39.3290171164	39.3177759663	39.3320189178	39.352843096	39.3919131034	39.3951246196	39.4101381324	39.3931541394	39.3880453306	39.331892191	39.3440562117	39.2833057819	39.312020217	39.260366771	39.2042737722	39.1520739506	39.1087951727	39.0262835725	38.9987649827	38.9208978025	38.9067901101	38.8995583941	38.8492537191	38.349494153
PD_197_filtered_prinseq_1	38.6482574704	39.2228816575	39.1831840315	39.1721495637	39.1798682439	39.0972015602	39.0461932156	39.0269840594	39.0973890994	38.9960491081	39.3517522567	39.4276127439	39.333385393	39.3123932908	39.3374071374	39.3929648265	39.2596080702	39.2838331624	39.0656941861	38.9746315771	39.0156724511	39.1181033365	39.3275248491	39.3077465429	39.3082275497	39.2759287984	39.2815474923	39.2706318911	39.2580706348	39.2736244347	39.2587210657	39.2346273483	39.2093464294	39.1633778987	39.1743806056	39.1857742793	39.1577269103	38.638803934
PD_197_filtered_prinseq_2	37.7833162817	38.854070526	39.126162758	39.1045653943	39.2691875134	39.222052127	39.3458560535	39.3469190354	39.4656547328	39.3780581788	39.4024070003	39.3942811809	39.2936798296	39.2290096001	39.2868504435	39.27823531	39.295074935	39.3158295393	39.3557352483	39.360518873	39.3763077496	39.3612583197	39.3590273551	39.2988667679	39.3061564441	39.2448324227	39.2721299199	39.2207549356	39.159012325	39.107241322	39.0605734921	38.9798847072	38.9495776284	38.8717882938	38.8536626835	38.8559490832	38.8071418781	38.3053749311
PD_198_filtered_prinseq_1	38.6896245311	39.2170969653	39.1712155426	39.1636536967	39.1593937261	39.0769508265	39.0286959158	39.0074607843	39.0829869344	38.9880401986	39.3361942865	39.4098146435	39.3141099194	39.2949836591	39.3232889626	39.3759931289	39.2454701737	39.2739912875	39.0660117735	38.9697117379	39.006100864	39.1059643681	39.3212140043	39.3086808075	39.3107748458	39.280670992	39.290150913	39.2812426531	39.2723026311	39.2857681371	39.2770498939	39.2536020236	39.2324994803	39.189767743	39.2034993289	39.2156445989	39.19379011	38.687570652
PD_198_filtered_prinseq_2	37.6161172251	38.8265802011	39.1457331725	39.1187664441	39.2933997776	39.2453591917	39.3645566726	39.3673927627	39.4724161593	39.3900381938	39.4154713329	39.4152075648	39.3208902225	39.25311202	39.3084464396	39.295438834	39.3100831596	39.3287069238	39.3692968582	39.3717655389	39.389716612	39.3742760057	39.3697822748	39.3143655996	39.3257614444	39.2666676349	39.2968432933	39.2470883612	39.1922919128	39.1442061221	39.1018993818	39.0220188033	38.9967856438	38.924126397	38.9101150241	38.904637898	38.8554577836	38.3457993496
PD_199P_filtered_prinseq_1	40.0	40.0	40.0	40.0	40.0	40.0	40.0	40.0	40.0	40.0	40.0	40.0	40.0	40.0	40.0	40.0	40.0	40.0	40.0	40.0	36.8	40.0	40.0	40.0	40.0	40.0	40.0	40.0	40.0	40.0	40.0	40.0	40.0	40.0	40.0	40.0	40.0	40.0
PD_199P_filtered_prinseq_2	9.0	9.0	9.0	9.0	9.0	9.0	9.0	9.0	9.0	9.0	9.0	9.0	9.0	9.0	9.0	9.0	9.0	9.0	9.0	9.0	9.0	9.0	9.0	9.0	9.0	9.0	9.0	9.0	9.0	9.0	9.0	9.0	9.0	9.0	9.0	9.0	9.0	9.0
PD_1P_filtered_prinseq_1	38.6964038494	39.2884818065	39.2516653246	39.2430492421	39.2756024488	39.2122402533	39.149698216	39.1215409247	39.1846588413	39.1003792955	39.4250562753	39.4887863261	39.4102633625	39.3878832126	39.4083111207	39.4586027356	39.3332659816	39.3506100065	39.1286975236	39.0580902431	39.1071766198	39.2174846911	39.3877784341	39.3636176602	39.3625443809	39.3291457014	39.3326846299	39.322329724	39.30887181	39.3210682995	39.3047614853	39.2773247225	39.251165033	39.2047705698	39.2136479008	39.219767564	39.1895101695	38.6415219057
PD_1P_filtered_prinseq_2	38.2509750432	39.1936883189	39.3612360293	39.3437573747	39.4647417635	39.392339037	39.5099223116	39.5096780326	39.58048134	39.5203518059	39.5419809916	39.5332486279	39.47311003	39.4023365666	39.446054315	39.430949919	39.4383344377	39.4481089108	39.4790295384	39.4756317619	39.4860488776	39.4653636185	39.459372362	39.3919507432	39.3955587833	39.332590009	39.3653321751	39.3150694874	39.2588552528	39.2037719124	39.1621487847	39.0804300532	39.0487350667	38.9792368967	38.9599229248	38.9550242693	38.9036134266	38.3562718913
PD_200S_filtered_prinseq_1	38.7310252974	39.268307501	39.2208630766	39.2135709154	39.2175010189	39.1430282048	39.0928317837	39.078931469	39.1462642169	39.0549948952	39.3916046872	39.4611620569	39.3766000445	39.3560522501	39.381695314	39.4321710524	39.3019220282	39.3364469411	39.1323390292	39.0470258092	39.0845575581	39.1754747304	39.3771140249	39.3596457685	39.3596862698	39.3297354742	39.3360122883	39.3255943579	39.312590584	39.3279858485	39.3163851961	39.2906729224	39.267059943	39.2264769112	39.2361130235	39.2477082163	39.2203170927	38.7155378845
PD_200S_filtered_prinseq_2	37.7504690999	38.9645047036	39.1780016722	39.1510648757	39.3058228891	39.2626463705	39.4007209811	39.3984437563	39.5018373255	39.4187638283	39.4462362348	39.4408344222	39.3597139604	39.2920286208	39.3465776504	39.3353011021	39.3455297909	39.3639295993	39.3993341428	39.400913269	39.4143050894	39.3979027992	39.3967462691	39.3383205541	39.3486845301	39.2862476251	39.3186354875	39.2672037931	39.2112837464	39.1593689435	39.1158607985	39.0366705379	39.0088425417	38.9305432098	38.9171796333	38.913480569	38.8637402614	38.3342904262
PD_203_filtered_prinseq_1	38.8400561955	39.3221638306	39.27893081	39.2541920595	39.2538111221	39.1742569249	39.1068049646	39.0884756066	39.1479982824	39.0539642203	39.4005275742	39.4738380625	39.3961538341	39.3779944031	39.399830507	39.4531912549	39.3242884005	39.3563679595	39.1432704152	39.0614878157	39.0962931798	39.1910843776	39.3889824531	39.3720022033	39.3711376322	39.3352596884	39.3429289454	39.3283746567	39.3174459374	39.3285613999	39.3151076368	39.2869534906	39.2619524362	39.1995907673	39.2020874977	39.2073983036	39.176521157	38.6634595871
PD_203_filtered_prinseq_2	38.2608268801	39.1787915267	39.369023954	39.3236692566	39.4532795938	39.4021635798	39.5103729498	39.5086216021	39.5804847212	39.51967033	39.5444169886	39.5432182412	39.4852519117	39.4169939072	39.4630315915	39.4466001698	39.4515091511	39.4645429969	39.498283443	39.4975315756	39.5088386478	39.4901013502	39.4852685218	39.4258790648	39.4357841443	39.3768193809	39.4075310062	39.3556020974	39.301423699	39.2504050708	39.2077363075	39.1328070626	39.1014468907	39.0243134402	39.0088047361	38.9990053617	38.9412388931	38.4150535887
PD_204_filtered_prinseq_1	38.7602115455	39.2860493903	39.2387850431	39.2256718573	39.2204462794	39.1385745377	39.0884803391	39.0703606478	39.1444291948	39.0387420828	39.3866990452	39.4599214505	39.3756513695	39.35773226	39.3805015098	39.4360676923	39.3112973728	39.3455084274	39.1390120794	39.0383076047	39.072695527	39.1601031012	39.368905899	39.3494799525	39.3482823766	39.3147455194	39.3186750173	39.3072813148	39.293008552	39.306705773	39.2908921111	39.2630455645	39.2385359789	39.1594972143	39.1606042463	39.164917149	39.1299504847	38.6240966395
PD_204_filtered_prinseq_2	38.0579511564	39.0913875693	39.2953589583	39.2324520446	39.3948911434	39.3419027786	39.4519655082	39.4483076036	39.5376067004	39.4653841893	39.4884703904	39.484724254	39.4142967289	39.3427386701	39.3927832257	39.3787867163	39.3884347409	39.4037597531	39.4404063289	39.44004756	39.4524505486	39.432765599	39.4286247831	39.3690846239	39.3777432747	39.3179940999	39.3490156373	39.2950022588	39.2371837446	39.1855584179	39.1398100055	39.059223861	39.0273375526	38.9491831601	38.9320101361	38.9244170596	38.8656256627	38.3623981826
PD_205P_filtered_prinseq_1	38.9912704383	39.400426088	39.3631582305	39.333511449	39.3507280319	39.2779469455	39.1968310573	39.1820638804	39.2475523309	39.16009022	39.4817077122	39.5467628744	39.4873596629	39.473431019	39.4938781904	39.5456224289	39.4289483408	39.4709358841	39.2927881479	39.2282749376	39.2499610049	39.3115686435	39.512161309	39.5003374175	39.5005710978	39.4678368926	39.4715040003	39.460494388	39.4451736852	39.4584327353	39.4407087421	39.4156491281	39.390103873	39.3441230618	39.3503210872	39.3491234461	39.3119950024	38.8178810488
PD_205P_filtered_prinseq_2	38.1123214975	39.1919612996	39.3968549324	39.359407696	39.4925965156	39.4357409895	39.5332637293	39.5347909762	39.6056165802	39.5453169795	39.5653796232	39.5612432978	39.498586507	39.4306511769	39.4834598144	39.4697853327	39.4779142278	39.4914194365	39.5281216189	39.5275870605	39.5394860386	39.5238175453	39.5202992982	39.4667964397	39.4814635685	39.4207668174	39.4550651996	39.4082859552	39.353004379	39.3047791583	39.2662798916	39.1872039813	39.1615053684	39.0874609372	39.0651912949	39.0568005778	38.9975656131	38.4442052738
PD_206S_filtered_prinseq_1	38.6703371357	39.2340753392	39.1880398732	39.1752547093	39.1752401584	39.0958227043	39.0445307193	39.0255294033	39.10570205	39.0063549314	39.3556743032	39.4282745067	39.3372267952	39.317993101	39.344121602	39.3985650249	39.2680237944	39.2929150308	39.0796090532	38.9880943441	39.0278062742	39.1271238163	39.3380881554	39.3220524024	39.3224794643	39.2908529637	39.2977212061	39.2889385125	39.2747809128	39.2894780519	39.2756433219	39.2523588029	39.2281578225	39.1866557797	39.1942584095	39.2068640872	39.1806603052	38.6688786553
PD_206S_filtered_prinseq_2	37.848526765	38.7893541848	39.1438276371	39.1392055381	39.2936969971	39.2549217115	39.3785819585	39.3773545886	39.4863700644	39.4017043854	39.4259291898	39.4156073508	39.3247715006	39.2600130776	39.3166560172	39.3064032951	39.3217958379	39.3403619359	39.3794785861	39.3828727207	39.3975537078	39.3813264615	39.3786881901	39.3195493115	39.3273152238	39.264621092	39.293387085	39.2392219701	39.180675005	39.1285741515	39.0817501627	38.9995969779	38.9702020077	38.8926073761	38.8740098079	38.8727812784	38.8217107214	38.2971094916
PD_207P_filtered_prinseq_1	38.6192932758	39.2022055947	39.1682834233	39.1700391735	39.1762133028	39.1130863641	39.0477061173	39.0369869726	39.1057537174	39.0167487045	39.3548922949	39.4227057548	39.3256171014	39.3053200088	39.3296684806	39.3810004385	39.2506175661	39.2781556372	39.0660017039	38.9741122768	39.0159155644	39.1167343026	39.3179772413	39.2989230662	39.2986035471	39.2666624698	39.2756064231	39.2645789626	39.2547507854	39.2689243479	39.2554500501	39.2324219106	39.2074911655	39.1652693396	39.1769226772	39.1894231939	39.1641619807	38.6389636624
PD_207P_filtered_prinseq_2	37.6350764403	38.8410995048	39.1792158071	39.1934431841	39.343277546	39.2810215378	39.3850699553	39.394665714	39.4917638447	39.4205661743	39.4404011673	39.4379975298	39.3569315468	39.2838183195	39.3342585949	39.3180679477	39.3291147126	39.3441689017	39.3797118535	39.3803261421	39.3907919637	39.3719850999	39.3679418196	39.3063046775	39.3103915471	39.2492007013	39.2794068417	39.2260887947	39.1700840076	39.1160426178	39.0756979406	38.993508173	38.9668212916	38.8927764209	38.8814878766	38.8815048335	38.8303031194	38.2915097738
PD_208S_filtered_prinseq_1	38.8157825233	39.3232436053	39.2842281756	39.2666746952	39.2768030151	39.1959160067	39.1383423275	39.114511108	39.1813654625	39.0921101339	39.4314934103	39.4989872197	39.4278915408	39.4121499525	39.4334529167	39.4872729772	39.3572064526	39.396078403	39.193694144	39.1178718758	39.1497993368	39.2352220707	39.4391596488	39.4237684992	39.4254613959	39.3943924865	39.4038785266	39.3930368962	39.3810588546	39.3932200795	39.3809506877	39.3586236252	39.3341087171	39.2900341901	39.301456244	39.3078959061	39.2737570945	38.7918499436
PD_208S_filtered_prinseq_2	37.9877928832	39.0566076744	39.2999654223	39.2728159841	39.4194709147	39.3569922673	39.4738576567	39.4747084025	39.5625367937	39.4918070492	39.51543318	39.5173360389	39.4455027024	39.3749170575	39.4315572938	39.4190398564	39.4294807711	39.4452831417	39.48297852	39.4835756455	39.4944725371	39.4786210946	39.4752537827	39.4172038169	39.4318870128	39.371323497	39.4031790809	39.3512013092	39.2963439174	39.2455397795	39.20388324	39.1219342577	39.095041216	39.0148071748	38.9966206924	38.9884210087	38.9332149688	38.4285968355
PD_209P_filtered_prinseq_1	38.762290787	39.2836731672	39.2455754594	39.2449212275	39.247720547	39.1713641508	39.112304853	39.096560465	39.164173944	39.0797014244	39.4046862433	39.4725446033	39.3914293639	39.3727031058	39.3946754643	39.4484450791	39.324188123	39.3574600577	39.1584909289	39.0810809011	39.1123033394	39.1956387554	39.4037942869	39.3905581732	39.3924455142	39.3608587937	39.3686799038	39.3609536267	39.3495117792	39.3623428901	39.3481513282	39.3257290888	39.3028284671	39.2594843235	39.2694703577	39.2774312218	39.2483757453	38.7472815973
PD_209P_filtered_prinseq_2	38.225359892	39.138289358	39.3441051624	39.2909014384	39.4331615875	39.3718755223	39.4798055464	39.4708429659	39.5570215637	39.4840226063	39.5081654287	39.5062658565	39.4330431121	39.3656424765	39.4169082468	39.4046770444	39.4150833759	39.4322873751	39.469528158	39.471704048	39.4845760847	39.4680464496	39.4619018389	39.4067981774	39.4175948385	39.3564420474	39.391716463	39.3420970654	39.2881579719	39.2408281534	39.1992064597	39.1237630312	39.0959840522	39.0252081249	39.0075547592	39.0024019154	38.9488668977	38.4085172105
PD_210S_filtered_prinseq_1	38.7419713724	39.2658727391	39.2255125264	39.2238301556	39.2164944631	39.1425507938	39.0833897406	39.0681334653	39.1458534312	39.0560072337	39.3943754593	39.4655720906	39.3835728781	39.3647629537	39.3893644972	39.4436295271	39.311830658	39.3513451435	39.1532608678	39.0669600874	39.0962436985	39.1758817596	39.3952563242	39.3826411838	39.3858898429	39.3526717831	39.3616768751	39.3521832547	39.3402894487	39.3535580016	39.3422331246	39.3196707237	39.2977186379	39.2566836265	39.2640184069	39.2753599724	39.2466480334	38.7654526974
PD_210S_filtered_prinseq_2	37.75414446	38.9066462681	39.1545090664	39.1213121379	39.2841943588	39.2386739489	39.3632787598	39.3589463076	39.468910322	39.3868091476	39.4125572985	39.4071273659	39.3127662972	39.2482694871	39.3102100206	39.3016424434	39.3184016366	39.3398790686	39.3822876024	39.3874504026	39.4043068738	39.3896234688	39.3884524062	39.332542826	39.3438786042	39.2838318858	39.3138290511	39.2623532227	39.2037654507	39.1566718833	39.1086938767	39.0322985243	39.0000132705	38.9176457558	38.9036706804	38.8995332746	38.8518260301	38.3669799597
PD_211P_filtered_prinseq_1	38.8095365945	39.2562959781	39.1669441014	39.2254738764	39.2423347474	39.1666219191	38.9834076142	39.0068195242	39.0692154862	39.0299736884	39.3570745852	39.4372550072	39.3418031466	39.3160285668	39.3654513236	39.4035332653	39.2769800784	39.336261612	39.1491166837	39.0451072167	39.0882312566	39.1446370832	39.3794375391	39.3692084907	39.3704612305	39.3454946385	39.3482495583	39.3422185419	39.3094371246	39.3300738541	39.3198066673	39.2919250012	39.2513925422	39.2267515037	39.2400438304	39.2432913564	39.230113068	38.7311135485
PD_211P_filtered_prinseq_2	37.7295817	38.80889223	39.0008054556	39.1068034151	39.2966761531	39.1871341889	39.3310422596	39.297750094	39.4249046878	39.3256510766	39.3396337862	39.3138162487	39.1986683134	39.1296998335	39.1937281856	39.1721849326	39.1929334694	39.22341191	39.2638780003	39.2598287735	39.2777156036	39.2710179715	39.2771453002	39.2182908966	39.2193066716	39.1901555555	39.2292556249	39.1920595982	39.1318775888	39.1012530703	39.0552414326	38.9748148146	38.9694374439	38.8984911877	38.9118801882	38.8902833767	38.8738713357	38.2628637566
PD_212S_filtered_prinseq_1	38.5977391419	39.2112117406	39.1424605011	39.1847689562	39.1533020427	39.0745025451	38.9306537978	38.9102928538	39.0001983209	38.9794142923	39.320579097	39.4005420771	39.3026508891	39.3047663119	39.3180405897	39.4077345144	39.2362266147	39.3112183513	39.1191908508	39.0224385652	39.0173576815	39.0960395053	39.3496967969	39.3493573916	39.3124596048	39.3029701832	39.314840169	39.3133730392	39.3222453021	39.3233090397	39.2979338847	39.3018603174	39.2484310314	39.2396535039	39.2402530075	39.2527891105	39.2127492527	38.7850781775
PD_212S_filtered_prinseq_2	38.1360481259	38.8870232035	39.1419316454	39.1953460699	39.3624644675	39.2794341244	39.3098433265	39.3476565082	39.4904475441	39.3810273022	39.3750512329	39.3972102862	39.2748330799	39.2015336815	39.2417267138	39.2657896476	39.3071990481	39.2743571098	39.3360745687	39.3439009686	39.3594508134	39.3348897404	39.3324905003	39.26929727	39.2880737416	39.2278213843	39.2804652701	39.2271317216	39.1647467485	39.1096950152	39.0594871433	38.9977042746	39.0366002162	38.900587964	38.917270818	38.9136187592	38.8243834991	38.164717282
PD_213S_filtered_prinseq_1	38.6772366236	39.2132271788	39.1690082739	39.1609435904	39.1526831936	39.0795875651	39.034438481	39.0169225111	39.0888944136	38.9875730426	39.3380139119	39.4108486857	39.3135210194	39.2935312636	39.3205496508	39.3754559404	39.2426955196	39.2795304761	39.0722106943	38.9779940302	39.01342497	39.1069616969	39.3229337188	39.3112555833	39.3122592304	39.2811643176	39.2898915566	39.2820386868	39.2692377131	39.2863807522	39.2722274415	39.2509243254	39.2277924934	39.1870929512	39.1997833109	39.2115006645	39.1851487864	38.6838936571
PD_213S_filtered_prinseq_2	37.9182088559	39.0300071298	39.2253317871	39.1895906579	39.3356107561	39.2866976233	39.4061613908	39.4053532614	39.5002907713	39.4182984976	39.4446335496	39.4424717493	39.355588379	39.2874263119	39.3412464295	39.3269229679	39.3384589247	39.3588453066	39.3957166615	39.3988601693	39.4124673201	39.3957617561	39.3910665944	39.333730452	39.3461933034	39.2834219412	39.3139053298	39.262115469	39.2083433842	39.1591950594	39.1164735588	39.0392562101	39.0136817462	38.9385856404	38.9237983581	38.9232821822	38.8749976887	38.3663679584
PD_214S_filtered_prinseq_1	38.8374286469	39.2965633699	39.2627834301	39.2398512959	39.24190207	39.1604384195	39.0917053577	39.0779539719	39.1573934698	39.0565769009	39.398341067	39.4705407999	39.3901071263	39.373558279	39.3977410732	39.4536770843	39.3268188055	39.3658240883	39.1692189272	39.0886422059	39.1163603924	39.1982226722	39.4133923121	39.4018822089	39.4025240637	39.3710307511	39.3782145846	39.3687393524	39.3543324735	39.3683309933	39.355155769	39.331248015	39.3077341303	39.2614938119	39.2701642133	39.276587114	39.2460549579	38.7515888304
PD_214S_filtered_prinseq_2	38.00578926	39.024217081	39.2868391756	39.2504209526	39.3895036443	39.3334268146	39.438058521	39.436812818	39.5296860796	39.4539919525	39.4795798116	39.4776390119	39.4018180195	39.3338648761	39.3899518036	39.3799208194	39.3940315038	39.4121300901	39.4504959059	39.4541774939	39.4693497985	39.4536056111	39.450479677	39.3955450541	39.4069975657	39.3460128474	39.3789068917	39.3304177468	39.2760454338	39.2245347435	39.1821849882	39.1029476636	39.0761033161	38.9973476017	38.9796004714	38.9727853389	38.9199608818	38.3966887522
PD_215S_filtered_prinseq_1	38.7685893698	39.2725824199	39.2291118063	39.2163892985	39.2043892243	39.1287545856	39.0683527225	39.0535440935	39.1221016523	39.0328755718	39.3785483176	39.451965186	39.3698212197	39.3506650259	39.3803586807	39.4336275824	39.3042369658	39.339819335	39.1425768537	39.0518612206	39.0853382026	39.1676868182	39.3870725313	39.3747427855	39.3758839615	39.3430702271	39.350660752	39.341352889	39.3269840161	39.3418119694	39.3282450444	39.3041219711	39.2797075834	39.2355863747	39.2461780496	39.2569355665	39.2266002603	38.7295283441
PD_215S_filtered_prinseq_2	37.9055908994	38.9408979509	39.2086023711	39.1619311504	39.3118285592	39.2625275042	39.3933005616	39.3863222815	39.4961888169	39.4125456123	39.4449802353	39.4404185835	39.3559691229	39.2932130578	39.3486106212	39.3396549625	39.3535917627	39.3740964153	39.4129241977	39.4161234701	39.4311161895	39.4156404619	39.4115305973	39.357837238	39.3680433995	39.3073230739	39.3378942858	39.2866941051	39.2322930728	39.1799369952	39.1367171336	39.0580510615	39.027220227	38.9510703771	38.934562474	38.9273125946	38.8753166918	38.3725091211
PD_216S_filtered_prinseq_1	38.8196699271	39.300594938	39.2445295956	39.2361937414	39.2258411482	39.2121273235	39.05603173	39.0747201775	39.0821148869	39.0117441431	39.3864811267	39.4454505731	39.3856744311	39.3695136298	39.3709119021	39.4521461463	39.330469564	39.3548317704	39.1888944909	39.105833565	39.0995816993	39.1731589605	39.4101079376	39.3976196991	39.4015217607	39.3617565031	39.3671116793	39.3482821482	39.3427794336	39.3432585937	39.3109576918	39.2934814531	39.2715862852	39.166236265	39.1446040562	39.1617517179	39.1001563867	38.6283253718
PD_216S_filtered_prinseq_2	38.2560586199	39.028335182	39.2866122147	39.2936035764	39.3870458136	39.3671473228	39.4726899936	39.476454573	39.5466370878	39.4674464724	39.4992033881	39.4727437733	39.3932304796	39.3314913784	39.3799737824	39.3688951632	39.3820980807	39.3861315586	39.4486504655	39.4415532529	39.4516230362	39.4337777025	39.4328053104	39.3867265322	39.3903225362	39.3340903287	39.3672659847	39.3163882371	39.2780585913	39.2222944309	39.1583231854	39.0986584207	39.0702904882	38.9969295725	39.0039841482	38.9797348435	38.9234709897	38.3319786685
PD_217P_filtered_prinseq_1	38.6825089592	39.2585807095	39.1385370154	39.1714225484	39.1340909526	39.0833445124	38.9242827849	38.9338648167	38.9974895077	38.9767463253	39.3138958625	39.3822425787	39.2969548303	39.2850577797	39.3022594431	39.3693183343	39.2375768958	39.2826201108	39.1090396888	38.9841172126	39.0268618234	39.0785984754	39.3303732003	39.3176639523	39.3235739891	39.2976822613	39.312963886	39.2820573631	39.2695503709	39.2943986795	39.2918566904	39.2573711009	39.2302116293	39.1749966548	39.1989481192	39.219355966	39.1918415352	38.757652656
PD_217P_filtered_prinseq_2	37.8162166306	38.8040091221	39.0417201663	39.0841110749	39.2394166459	39.1917364558	39.2744485541	39.2896264924	39.3880531228	39.3207795941	39.3291197946	39.3322933635	39.1994020812	39.1389662904	39.17793833	39.1825683678	39.1911691995	39.2157298634	39.2666142849	39.2711719814	39.2939957994	39.2831557778	39.275534461	39.2077650031	39.2558712255	39.1929603917	39.2131250527	39.1775398412	39.1134828916	39.0904365695	39.0227853529	38.9491832354	38.9126787734	38.8422118397	38.8333753734	38.8550416604	38.7651368303	38.2268585107
PD_218S_filtered_prinseq_1	38.6315789474	39.4453441296	39.3967611336	39.0647773279	39.1659919028	39.028340081	39.1619433198	39.0769230769	39.048582996	39.1068825911	39.4574898785	39.5149797571	39.3748987854	39.3157894737	39.3991902834	39.4461538462	39.2186234818	39.2728744939	39.0607287449	38.9026435036	38.9106424687	39.039154768	39.269574213	39.3421558397	39.3455621186	39.3847274031	39.2708054332	39.3839326122	39.2684512771	39.289648104	39.3285976795	39.2801360387	39.1397687186	39.0771547094	39.1504445459	39.2673447069	39.2325249595	38.7289591206
PD_218S_filtered_prinseq_2	38.032388664	39.2834008097	39.5182186235	39.3967611336	39.5506072874	39.3441295547	39.4939271255	39.3319838057	39.3846153846	39.4858299595	39.5546558704	39.5263157895	39.4809716599	39.4024291498	39.4696356275	39.4315789474	39.5206477733	39.4526315789	39.5473684211	39.5518098895	39.506911834	39.420363745	39.4976936097	39.3483830742	39.555521507	39.4698790318	39.3816448445	39.3743444046	39.3252617386	39.3098497439	39.1407031577	39.0813590271	39.0990835391	39.0006000226	39.0556613796	38.9733409972	38.8646372938	38.0442236025
PD_221P_filtered_prinseq_1	38.8379043678	39.3244651632	39.2795327144	39.2654727234	39.2778488571	39.2034502106	39.1338533856	39.1212283717	39.1821457172	39.0933416061	39.4268588294	39.4955464585	39.4199202931	39.4014497272	39.4251737538	39.4771061759	39.3529224388	39.3885833169	39.1876203855	39.1151054108	39.1479124993	39.2335302802	39.4288655621	39.4156887032	39.4129551978	39.3807871539	39.3865339129	39.376496715	39.3624485239	39.3745900961	39.3570818542	39.3354789703	39.310094209	39.2663158377	39.2749247735	39.2793053795	39.2494343045	38.739188112
PD_221P_filtered_prinseq_2	38.2204752263	39.1246056587	39.3323884298	39.2674933521	39.4138375217	39.3599523473	39.4633350948	39.4618130966	39.5503691977	39.4828419073	39.5068001947	39.5039587834	39.4341457981	39.3657051348	39.4168265207	39.4033201576	39.4127443633	39.4287839091	39.4652723574	39.4650077398	39.478738781	39.4607635186	39.4564456682	39.4013585775	39.4133161062	39.3513011436	39.3845331202	39.3355698736	39.2836972041	39.2326635928	39.1924303414	39.1143266661	39.0857136355	39.0116608582	38.9961727606	38.9882165087	38.937249886	38.4174103667
PD_222S_filtered_prinseq_1	38.7982395622	39.3212515929	39.2822028942	39.2730728717	39.2794980405	39.2033612509	39.1418865578	39.1227982542	39.1920140156	39.1068469233	39.433650589	39.5039824449	39.4299582172	39.4148747772	39.4376234911	39.4909739436	39.3680935941	39.3989439017	39.1978556593	39.1277413014	39.1607080887	39.2420722871	39.4441458321	39.4282830286	39.4280020746	39.3954347952	39.4013623875	39.3917100474	39.3783490687	39.3902971789	39.3757736792	39.3506709693	39.3239265338	39.2799337415	39.2883442756	39.2910200858	39.2593974155	38.7563375411
PD_222S_filtered_prinseq_2	37.8146134237	38.8856770147	39.2228787514	39.2337757866	39.3790470642	39.3293716329	39.4521922601	39.4454474766	39.5486200178	39.4754666032	39.5035289573	39.4921780692	39.414517722	39.3517000991	39.4054481523	39.3977266262	39.409600404	39.4286448747	39.4663648895	39.4689492044	39.4830297277	39.466508482	39.4598617042	39.400846265	39.407911943	39.3446975975	39.3741479914	39.3224359695	39.263383607	39.2090753142	39.1646203726	39.0835324168	39.0518995928	38.9705585131	38.9488362937	38.9436641758	38.8859090146	38.3673437588
PD_223P_filtered_prinseq_1	38.773084271	39.3010520951	39.2698215083	39.2489117538	39.2730398528	39.1951932224	39.1274543433	39.1097762112	39.1795308236	39.0834686166	39.4133136397	39.4823863929	39.4000682238	39.3804834914	39.4033118598	39.4576657139	39.3309402087	39.3575734315	39.1435092663	39.0725060245	39.1122948813	39.2049706521	39.4046758656	39.3861198806	39.3845665197	39.3525002424	39.3597974859	39.348435128	39.3354015573	39.3483579767	39.3324951748	39.3079071964	39.2832754481	39.2371782162	39.2477202869	39.254354815	39.2210346349	38.7140214279
PD_223P_filtered_prinseq_2	38.0446667006	39.0525870526	39.2826917247	39.2588595363	39.4002099827	39.3422203478	39.456101687	39.4577020072	39.5500609051	39.4837913362	39.5050794517	39.4941852609	39.4228253966	39.3544821769	39.4064741835	39.393991686	39.4043787821	39.420042319	39.456782408	39.4577630948	39.4718126434	39.4544770248	39.4494555579	39.3866702452	39.392554749	39.3282205416	39.3593082657	39.306707697	39.2486431371	39.1950023682	39.152442214	39.072115286	39.0401093315	38.9635900497	38.9458129197	38.9448289794	38.8950470125	38.3772964314
PD_224S_filtered_prinseq_1	38.7413139027	39.2264452204	39.187472039	39.1734594414	39.138788854	39.0597017322	38.9962364087	38.9814295224	39.0582981744	38.9636517132	39.3281681582	39.4079167552	39.3146159889	39.2988957883	39.3303563413	39.3864267655	39.2526673564	39.2940202223	39.0935584682	38.994884203	39.0274639831	39.1120090842	39.3475562941	39.3367550285	39.3391015781	39.308792127	39.3157474888	39.3059564641	39.2960898127	39.3122882425	39.2994277284	39.2763817393	39.2529084751	39.2076815307	39.219907597	39.2315387346	39.2035163507	38.7195824201
PD_224S_filtered_prinseq_2	37.6572982721	38.9072719406	39.1559061307	39.1281867486	39.2820819676	39.2295015823	39.3688315013	39.3548035837	39.4684452136	39.3788820827	39.4133397206	39.413371775	39.3223685538	39.2619366122	39.3167034128	39.3067809311	39.3212031648	39.3441783803	39.3845233008	39.3894586559	39.4053870183	39.3913745941	39.3877342974	39.3345558503	39.3472192454	39.2878063684	39.3180353683	39.2663480212	39.2089165154	39.1598875603	39.1164240523	39.038635388	39.0079520859	38.9321266208	38.9161871821	38.9111944121	38.8579950701	38.371240177
PD_225P_filtered_prinseq_1	38.7536404265	39.2681369939	39.224217929	39.2285665018	39.2285747953	39.1559062182	39.0988197965	39.0801932254	39.1567652894	39.0634071261	39.3937199338	39.4603096319	39.3776430694	39.3580241777	39.3819839016	39.4363501845	39.3064659449	39.3411284657	39.140640599	39.0588973906	39.0884514139	39.1724367775	39.3866454634	39.373381415	39.3757352391	39.3433909209	39.3523644087	39.3429639518	39.3300108258	39.3457572397	39.3316998218	39.3079803931	39.2863344549	39.2416407044	39.2530389342	39.2633630291	39.236600289	38.7422092425
PD_225P_filtered_prinseq_2	38.2633049775	39.1381850238	39.3279934536	39.3062029018	39.4387348501	39.3651774832	39.4856644653	39.4763245713	39.5605308272	39.4876148265	39.5112775038	39.512010237	39.4420497729	39.372396584	39.4246061352	39.4092523281	39.4162743195	39.4322653459	39.4678648971	39.4684931924	39.4796744146	39.4625043259	39.4570175043	39.3991923697	39.4094350241	39.3507435331	39.3856147426	39.3359948333	39.2814250803	39.2308247398	39.1910680745	39.1134954555	39.0849527552	39.0106841218	38.9948279218	38.9891215356	38.9362743625	38.4160134061
PD_226S_filtered_prinseq_1	38.6377756095	39.2108779058	39.1696659895	39.1734692805	39.1618921395	39.0838446967	39.0493344698	39.0308975118	39.1073645917	39.0031319338	39.3510507037	39.4228849164	39.3314366541	39.3098300127	39.3386176623	39.3929212721	39.2596722735	39.2890037727	39.0811238035	38.9854761019	39.026099468	39.1213620949	39.3379703233	39.3234845998	39.3242449572	39.2950686499	39.3022342715	39.2956685482	39.2845641053	39.3014320295	39.2895131124	39.2680840639	39.2474312599	39.2044310382	39.221032383	39.2301968854	39.2078440262	38.7087732506
PD_226S_filtered_prinseq_2	37.762599144	38.8507269989	39.0976392815	39.0328142388	39.2259219736	39.1845473595	39.3276602357	39.3161388507	39.4396950786	39.3444508376	39.3727683087	39.3712102481	39.2659641105	39.2001756771	39.2613915694	39.2518532703	39.2686904879	39.2905417245	39.3311889512	39.3386535979	39.3537725276	39.3400508511	39.3384220823	39.2817169902	39.2924041848	39.2332498886	39.2647661926	39.2095724811	39.1530140208	39.1019675938	39.0552764498	38.976770762	38.947340587	38.8701405782	38.8535123846	38.8550578932	38.8053908264	38.3117679211
PD_227P_filtered_prinseq_1	38.7413520956	39.2725856963	39.23249343	39.2366226501	39.2404294842	39.1747482067	39.1145011435	39.0896187038	39.1604560991	39.079156296	39.4051549848	39.4698940297	39.3881422681	39.3670501825	39.3881103384	39.4437710729	39.3173586381	39.3520774592	39.1493730208	39.0682084173	39.1012371721	39.190238503	39.3897500096	39.3748521694	39.3768899857	39.3439709572	39.3518941793	39.3434799136	39.3304660941	39.3414464296	39.3292861626	39.3066368609	39.2832398341	39.2340605235	39.2451277811	39.2492200902	39.2247333816	38.7208030616
PD_227P_filtered_prinseq_2	37.9922534635	39.2218042189	39.3940449208	39.3600656308	39.4793278919	39.4094319052	39.5072724848	39.5048880635	39.5753062539	39.5195765103	39.5412740225	39.5431139923	39.4851786333	39.4088730339	39.462327741	39.4446935298	39.4487531228	39.4639479115	39.4967390078	39.4931462575	39.5028016856	39.4836994466	39.4774087792	39.4172897953	39.4254455918	39.3622490314	39.3943478667	39.3448312272	39.2919990842	39.2407941013	39.2003359651	39.1251506741	39.094759476	39.0196794863	39.0046934652	38.9959946744	38.9442054882	38.3853654087
PD_228S_filtered_prinseq_1	38.8280337766	39.2955698906	39.2487469051	39.2318491865	39.2224849178	39.1438951737	39.0781293712	39.0649376239	39.1372188426	39.0427659978	39.3913090703	39.4656508222	39.3852975809	39.3674402834	39.3911737704	39.4456173954	39.3159320438	39.3557422544	39.1570815024	39.0693568064	39.1026842519	39.1852696664	39.3986154964	39.3845044437	39.3845526126	39.35341736	39.3583920125	39.3496241351	39.3359083068	39.3495163971	39.3349062812	39.3120451937	39.2876679531	39.2467018698	39.2542340625	39.2621735537	39.2332314068	38.7382146955
PD_228S_filtered_prinseq_2	38.0271934061	38.8482130121	39.184871854	39.1965086368	39.3377961252	39.2870684876	39.4064304842	39.4014560756	39.5013432504	39.4226851995	39.4499594736	39.4465584198	39.3638522069	39.3006070232	39.3556851131	39.3441117111	39.3553994069	39.3761937318	39.4122848352	39.4163337932	39.4323852643	39.4171421978	39.4147994507	39.3611099133	39.3709007043	39.3121811186	39.3417315343	39.2943309274	39.2387837358	39.1852072127	39.143638173	39.0650784646	39.0347021204	38.9584464043	38.9406154008	38.9340449559	38.8813923537	38.387713798
PD_229P_filtered_prinseq_1	38.7325108616	39.2705266328	39.233558907	39.2261788768	39.2307629931	39.160563592	39.0955632394	39.0800311352	39.1496485469	39.0594726366	39.3941033246	39.4610238198	39.3778108332	39.3630210399	39.3846803345	39.4367422788	39.311082251	39.3397409598	39.1316001201	39.054901696	39.0906082503	39.1838071263	39.3850749814	39.3694729306	39.3693672686	39.33875138	39.3439979384	39.3369376136	39.3242313313	39.3365647062	39.3249248191	39.3010233672	39.2731592971	39.2298865647	39.2403733791	39.247013389	39.218439712	38.6973476656
PD_229P_filtered_prinseq_2	37.8160744777	39.0587686744	39.2780443469	39.2808495524	39.4167571538	39.3596039432	39.4536598386	39.4600135741	39.5449189755	39.4834007605	39.5026320869	39.4983574639	39.4324936722	39.3612243907	39.4117150482	39.3960521865	39.404618664	39.4208714551	39.45475979	39.4539572004	39.4653255092	39.4485712883	39.4437516743	39.3847393706	39.3928580103	39.3320606639	39.3620221234	39.311170045	39.2561793345	39.203887412	39.1616766759	39.0846714903	39.0546601872	38.9793762433	38.963732272	38.9586085307	38.9045666405	38.34450679
PD_230S_filtered_prinseq_1	38.7635247266	39.2631826587	39.2229346898	39.2153843771	39.2190789221	39.1449877672	39.0676721588	39.0588116998	39.1335129552	39.0489323134	39.3844365384	39.4543783307	39.3703572164	39.3524599717	39.3820708077	39.4321217944	39.3023192094	39.3399541831	39.1428441844	39.051533701	39.0864382118	39.1674048703	39.383707759	39.3699090583	39.3721774643	39.3403119924	39.3468883248	39.3377127097	39.3252035803	39.340138138	39.3270544904	39.3036609423	39.2781302844	39.2384708388	39.2459082079	39.2547371791	39.2293527203	38.7287597922
PD_230S_filtered_prinseq_2	38.0635450703	39.0460844421	39.2641966645	39.2478003181	39.3795760989	39.3239678513	39.4428025423	39.4376323856	39.5294045771	39.4541018762	39.4827642137	39.4810800307	39.4056337568	39.339960632	39.3945260234	39.3833999614	39.3941577568	39.4096750154	39.4471504634	39.4485249994	39.4616236632	39.4445789498	39.440250815	39.3831742695	39.3910060472	39.3318515272	39.3606976973	39.3106523345	39.2560602851	39.2063173252	39.1648178651	39.0872182917	39.0563913752	38.9811788739	38.9604816122	38.9569874952	38.9037128282	38.3564725226
PD_231P_filtered_prinseq_1	38.766116355	39.2877299965	39.2469399236	39.2437338572	39.2519942432	39.1731432871	39.1109601637	39.0909798955	39.1669024873	39.0758317854	39.4057592116	39.4751878594	39.3945988741	39.3752729547	39.3959858136	39.4530015377	39.3245539991	39.3571920542	39.1468935209	39.0652765599	39.097130699	39.1868600612	39.3920042609	39.3760059547	39.375472508	39.3436985139	39.3516293677	39.3404927456	39.3277354511	39.3400227656	39.3262600907	39.3015763484	39.2770317444	39.2236431632	39.232320579	39.240642875	39.209508913	38.7063185577
PD_231P_filtered_prinseq_2	38.0783348158	39.1040797212	39.330778094	39.2767097236	39.4225925233	39.3568178346	39.4721598364	39.4597746116	39.5465975434	39.4780321278	39.5012969898	39.4976821518	39.4261672409	39.3542535527	39.4087918034	39.3953975708	39.4039476521	39.4230037222	39.4586255392	39.4600045776	39.4704932798	39.4545786912	39.450071405	39.3915908517	39.4046052571	39.3429282215	39.3770373982	39.3271423699	39.2726691489	39.2204779454	39.1790071477	39.1002958159	39.0720979737	38.9975206503	38.9752862193	38.9689972342	38.9187190635	38.4079317042
PD_232S_filtered_prinseq_1	38.6012411854	39.1802800722	39.1320641886	39.1250868987	39.1095703306	39.0257123945	38.9741912945	38.9666886723	39.0439633178	38.9337473536	39.3034333975	39.3819387217	39.2797239203	39.2575811595	39.289686324	39.3446994836	39.2085312231	39.2343420299	39.0159974224	38.9145322425	38.9569051387	39.0632669601	39.2854367791	39.270563971	39.2726152597	39.2407836775	39.2511474673	39.2408641189	39.2297258207	39.2468993281	39.2348137744	39.2102409096	39.1882598026	39.1465256333	39.1602574163	39.1736902645	39.1464819428	38.6478823741
PD_232S_filtered_prinseq_2	37.6626008857	38.7609781339	39.0767930908	39.0829184667	39.2439862573	39.1999774107	39.3265378668	39.3262174141	39.4455239053	39.3554187162	39.3798429957	39.370863664	39.2640264627	39.2001773872	39.2570705364	39.2477479875	39.2645496938	39.287878305	39.326677255	39.332182541	39.3489265664	39.3321212087	39.3271055471	39.2700883771	39.2757460092	39.2122780158	39.2396719654	39.1842913922	39.1261695042	39.0722118138	39.0278569897	38.9445909197	38.9137367311	38.8343706679	38.8171428117	38.8168175894	38.7660603311	38.2740660129
PD_25P_filtered_prinseq_1	38.6826629097	39.2400995398	39.1933730903	39.2034085039	39.2273522609	39.1617579308	39.1116576465	39.0845471383	39.1647792581	39.0776952287	39.4014153819	39.465705783	39.3819753454	39.3609282001	39.3790433666	39.4337090312	39.303495991	39.3365514289	39.1315237169	39.0543529039	39.0888630005	39.1752350887	39.3754950066	39.3561561506	39.356739912	39.3250666568	39.3331179169	39.322215307	39.3073411554	39.3206411316	39.3071726153	39.2824661872	39.2590586303	39.2182761853	39.2249912705	39.233363212	39.2083722931	38.6920360723
PD_25P_filtered_prinseq_2	37.9328432353	39.2259026753	39.3803870836	39.2854194491	39.4713956973	39.3981951147	39.5062171633	39.5002035935	39.5740033226	39.5132161255	39.5341671747	39.530824286	39.4703507392	39.3939689793	39.4433872837	39.4256006589	39.4323117982	39.44535993	39.4764134041	39.4737799199	39.4812894741	39.4598109081	39.4555871877	39.3916461502	39.3979190387	39.3353587774	39.3680814141	39.3178641422	39.2625426179	39.2114914721	39.1691411924	39.093609867	39.065079049	38.9924927338	38.9747490538	38.9691437661	38.9176452205	38.3748973035
PD_26P_filtered_prinseq_1	38.9278236915	39.2143250689	39.1019283747	39.1790633609	39.1669421488	39.2506887052	39.0402203857	39.1779614325	39.1338842975	38.9840220386	39.3119559229	39.4258953168	39.3752066116	39.368815427	39.3939393939	39.404077135	39.3086501377	39.3787327824	39.1188980716	39.0417034539	39.1008632405	39.1878327842	39.4144744847	39.3513842707	39.3306225636	39.3621722405	39.3491942365	39.3202469305	39.3278571443	39.3475745074	39.3149024467	39.2701324742	39.3216988448	39.1855232242	39.2620213578	39.2689184063	39.2394336918	38.735254156
PD_26P_filtered_prinseq_2	38.2953168044	39.2396694215	39.3179063361	39.2771349862	39.4292011019	39.2661157025	39.4269972452	39.5129476584	39.5096418733	39.4851790634	39.5217630854	39.530137741	39.4763636364	39.421046832	39.4377961433	39.4492561983	39.385785124	39.4446280992	39.4530027548	39.4623831989	39.5037960632	39.4206728234	39.3790425692	39.3563746109	39.3353553331	39.3482290647	39.3903716041	39.2237878173	39.2649807677	39.2130127637	39.060579949	39.0573840368	38.9546183278	38.9583072433	39.0532179896	38.936148747	38.8608465875	38.3580835543
PD_27P_filtered_prinseq_1	38.6822038258	39.2440233467	39.2125894142	39.2169657838	39.2248836716	39.1570831729	39.0897005551	39.0791151485	39.1468327994	39.067413754	39.397550981	39.4636145881	39.380333012	39.3621024782	39.3840808304	39.4356260339	39.3116956589	39.3426975079	39.1419516951	39.06141005	39.0970860279	39.1889296236	39.3874327588	39.3718474196	39.3744620475	39.3426326015	39.3500710775	39.3382998309	39.326654083	39.3392505056	39.3272691923	39.3029584239	39.2781228153	39.2353279145	39.2459222238	39.2578300267	39.2292221043	38.7242414602
PD_27P_filtered_prinseq_2	38.1028779159	39.0722897599	39.2945122856	39.2819485451	39.4201715406	39.3628945401	39.4659481664	39.4650031546	39.5514444205	39.4844920653	39.505281232	39.5006177172	39.4270978033	39.3575174413	39.4062405374	39.3899581118	39.4004979975	39.4170393454	39.4526156706	39.4517258039	39.461063901	39.4413788809	39.4361540313	39.3738170293	39.3827849301	39.3194861083	39.352133444	39.2992279993	39.2442642656	39.1913909587	39.151595823	39.0685896716	39.0432516935	38.9685339935	38.9487904786	38.9452769605	38.8944552089	38.3643288455
PD_28P_filtered_prinseq_1	38.6618773884	39.2302851937	39.1998715285	39.2098739537	39.2255265038	39.1664820435	39.0981430622	39.0648191239	39.1450482751	39.0708232009	39.3916401749	39.4489148745	39.3616381429	39.3408939258	39.3618111862	39.4151504624	39.2885221187	39.3081022266	39.0957624064	39.0173612496	39.0572505358	39.1592266429	39.3539370425	39.3369371681	39.3358383859	39.3058161723	39.3093396772	39.31122761	39.2967813933	39.313014765	39.2989126666	39.2753455588	39.2537777184	39.2141191017	39.2269457262	39.2500851601	39.2128685675	38.7090020178
PD_28P_filtered_prinseq_2	38.0548232533	39.1085649863	39.3663994547	39.3240694008	39.4832692068	39.424631136	39.5115067218	39.5139319494	39.5842111128	39.5249018438	39.5482233569	39.5471746098	39.4876713227	39.4128563282	39.4553384503	39.443199203	39.4370876294	39.4542792158	39.4876555915	39.4844981681	39.4901219303	39.4673743348	39.4668384513	39.4025066601	39.408265857	39.3531999217	39.3771388925	39.3360850546	39.2808044538	39.2261679545	39.1924884163	39.1151266486	39.0904570114	39.0216559776	39.0099954574	39.010650082	38.9474545042	38.3752135376
PD_29P_filtered_prinseq_1	38.6781283331	39.2614877698	39.2188620542	39.2169641122	39.2313361327	39.15778295	39.0844927829	39.064639728	39.1390572938	39.0467070838	39.3861725145	39.4541648328	39.3688666141	39.3477064111	39.3724068839	39.4282790715	39.2993221069	39.3250212461	39.1054766729	39.0331083729	39.0683800887	39.1664996258	39.3676481632	39.3480474531	39.3486529102	39.3158506743	39.3244681008	39.308588662	39.2977875516	39.3105292846	39.2975341294	39.2694940938	39.2450219647	39.1998459877	39.2084906189	39.2153846816	39.1824009391	38.6603460579
PD_29P_filtered_prinseq_2	37.9966151605	38.9829502425	39.2390666778	39.239829291	39.3827578049	39.3282184061	39.4426553213	39.4416045804	39.5349632373	39.4732243471	39.4957776077	39.4859709573	39.4057202597	39.3384424452	39.3900083134	39.3813298547	39.3916178634	39.4120249693	39.4492032212	39.4517215089	39.4607219525	39.4432193832	39.4330521481	39.3729203273	39.3787036226	39.3145691239	39.3388163846	39.2844670722	39.2259736763	39.1724837258	39.1262956566	39.0416469727	39.0118038389	38.9298381693	38.9078270861	38.90495848	38.850036256	38.3257557332
PD_2P_filtered_prinseq_1	38.6988179785	39.2481753619	39.2068030742	39.2030985059	39.216797115	39.1448667461	39.0806204384	39.0770694591	39.1409364018	39.0483655051	39.3897159831	39.4591523726	39.3775925835	39.3553538078	39.3795090679	39.4332047281	39.3059746148	39.3396431819	39.1335447743	39.0524455968	39.0899935297	39.1836094928	39.3842300247	39.36799184	39.3680474631	39.3382587241	39.3452450226	39.3350501876	39.3217285805	39.3355712354	39.3206102345	39.2988469779	39.2739767935	39.2317025088	39.2431240632	39.2517106891	39.2252154834	38.7252660637
PD_2P_filtered_prinseq_2	37.9991905856	38.9410617305	39.2255977687	39.2164607549	39.3622536431	39.3109042096	39.4230288379	39.4182399307	39.5165922272	39.4440266139	39.4684426683	39.4583094758	39.3761482319	39.3113189001	39.363262109	39.3524681763	39.3618831863	39.3821904259	39.4186125378	39.4223559862	39.4352456631	39.4199755969	39.4128257383	39.3522964827	39.3569482011	39.2939004809	39.319939512	39.2673918134	39.2052252017	39.1532667439	39.1081939114	39.0249328696	38.9952394694	38.9136895949	38.8970054297	38.8926761062	38.8420595356	38.3579760116
PD_30P_filtered_prinseq_1	38.7802362743	39.3018557456	39.2737356275	39.2653126303	39.2920896558	39.2292077874	39.1399070517	39.1331193287	39.2110014209	39.1205596062	39.4447494897	39.5075851745	39.4340785796	39.4182922931	39.4370820802	39.4928705345	39.3697040719	39.4023643143	39.2025963316	39.1317186659	39.1617958487	39.2440687251	39.4461169525	39.4317680388	39.4307491626	39.4000906643	39.4044556365	39.3958484442	39.3797078182	39.3945414641	39.3796574816	39.3590764441	39.3283109355	39.275393755	39.2830796722	39.2871422037	39.2535029678	38.7630350837
PD_30P_filtered_prinseq_2	37.8060731349	38.9097606703	39.2524063743	39.2669447628	39.425088813	39.3688501478	39.4811232653	39.4853803191	39.5702731976	39.5121608004	39.5304406836	39.5220330809	39.4477793809	39.3809910767	39.4394022531	39.4286757342	39.4416818975	39.4604236161	39.5006887473	39.5001385168	39.5120451178	39.4924274931	39.4875522234	39.4252517389	39.4369123947	39.3714642564	39.4034941475	39.3515968057	39.2917093097	39.2371480424	39.1903294785	39.1084859294	39.0721368142	38.9947497748	38.9737532107	38.9648782019	38.9134135701	38.4007016648
PD_31P_filtered_prinseq_1	38.7142783564	39.2784874731	39.2377197613	39.2383881612	39.2501161798	39.1858666782	39.1240519783	39.1078640585	39.1692339388	39.0905462969	39.4131689998	39.4796456427	39.4011836882	39.3798545908	39.4021566725	39.4533287135	39.3264919306	39.3459909468	39.1344321937	39.0590716067	39.0975892135	39.1997288118	39.3838620947	39.3656488935	39.3660976494	39.3358110303	39.3410559257	39.3333897503	39.3173976328	39.3318867275	39.3186613269	39.2967356271	39.2700208108	39.2310162148	39.2423260783	39.2511445923	39.2219709712	38.6984803733
PD_31P_filtered_prinseq_2	38.4356047614	39.0382123405	39.3522736717	39.3368442862	39.4535508891	39.4011031525	39.504437075	39.5048081482	39.578197521	39.5195447857	39.5413592047	39.5381419887	39.4804549802	39.4089823114	39.4569371365	39.43984038	39.4453535672	39.4582861103	39.4890655161	39.4862070558	39.4947681252	39.4761248949	39.4699143427	39.4104948544	39.4169280391	39.3565825307	39.3864648499	39.3364115523	39.2855480226	39.2323711754	39.1906570237	39.1150804429	39.0866703929	39.0140836578	38.9940008122	38.9879998443	38.9326031507	38.391883971
PD_32P_filtered_prinseq_1	38.6912363367	39.2529381219	39.2129065577	39.211785971	39.2348735638	39.1735993506	39.0967586825	39.080391514	39.1468270296	39.063383568	39.3935965078	39.4608894889	39.3743125121	39.3547918105	39.3764329592	39.4317936532	39.3070929986	39.3338777018	39.1223784296	39.0143113411	39.0456217736	39.1399081984	39.3374645345	39.3137595732	39.3148398621	39.2803417907	39.2843910843	39.2704537038	39.2579490937	39.2718879773	39.2560749121	39.2333915114	39.2057611579	39.0831502909	39.0748333788	39.0858424182	39.0547469225	38.5455260537
PD_32P_filtered_prinseq_2	38.2138158735	39.1333913404	39.3274984064	39.3135746533	39.442592765	39.3827590112	39.485363885	39.4819608512	39.5583516336	39.5028731026	39.5257281169	39.5221174753	39.4552227875	39.3828560049	39.4347441185	39.417254506	39.4273362774	39.4421486578	39.4763713321	39.4745122524	39.4835390416	39.4617967005	39.4556618578	39.3933252175	39.3999313241	39.3366412635	39.3650909608	39.3138745381	39.2564774818	39.2014822674	39.1551638064	39.0775867111	39.0409440228	38.9651675227	38.9447376453	38.9369584866	38.8859617973	38.3536609609
PD_33P_filtered_prinseq_1	38.6941273769	39.2694988197	39.2364341294	39.2331916098	39.2356780964	39.168114016	39.1049196495	39.081705912	39.1536583133	39.0673990654	39.3948191176	39.4622521654	39.3798422222	39.3577760487	39.3818833153	39.4333644593	39.307736264	39.3223989944	39.1018755395	39.0262020582	39.070210552	39.1801211587	39.3682105108	39.3468664323	39.3452006909	39.3139619032	39.3200515332	39.311196327	39.29604448	39.3099727398	39.2940578399	39.2694483063	39.244956765	39.1993375574	39.2085763025	39.2203724499	39.1889002251	38.6504023767
PD_33P_filtered_prinseq_2	38.2974656737	39.1914570234	39.3677752702	39.3463908974	39.4674394133	39.394977767	39.5079332047	39.5037720854	39.5803106297	39.5168845566	39.5405615112	39.532035183	39.4710145091	39.39723431	39.4468784506	39.4298363708	39.4347795728	39.4475152027	39.4801519313	39.4773380614	39.4866394278	39.4661494542	39.4607783844	39.3933462809	39.3985480129	39.333659535	39.3672106248	39.3149599703	39.2584763616	39.2058784396	39.163526233	39.0853216418	39.0564838275	38.984012475	38.9608937328	38.9573706445	38.9073862505	38.3630963472
PD_34P_filtered_prinseq_1	38.8218377713	39.3355719175	39.2960277296	39.2883822038	39.3170062044	39.2493717057	39.190169321	39.1717784053	39.2372958102	39.1570851979	39.471324397	39.5322293825	39.4659874983	39.4459101597	39.4660998149	39.5144139964	39.3952241265	39.4314596232	39.2455466184	39.1807448709	39.2129296494	39.2887413567	39.4694368933	39.4542342107	39.4535704601	39.4204683713	39.4240659545	39.4142585592	39.3998149449	39.4074451841	39.3920519982	39.366059399	39.3409247567	39.2938309186	39.3024614918	39.3072857667	39.2718654863	38.7547414151
PD_34P_filtered_prinseq_2	38.3403100422	39.2384310634	39.4223411506	39.3818216304	39.5033755419	39.4373541999	39.5418253867	39.5353179034	39.6078606753	39.5462338138	39.5669062073	39.564733513	39.5112507217	39.4397556184	39.4870001887	39.4724360339	39.4763741817	39.4875619578	39.5208296181	39.5191881535	39.5280569399	39.507775957	39.502276719	39.4426358736	39.450843871	39.3898212979	39.4219301307	39.3735853812	39.3177854563	39.2675926693	39.2266781581	39.1487774554	39.1144665662	39.0416707035	39.0235790439	39.0099737413	38.9554187302	38.4047197152
PD_35P_filtered_prinseq_1	38.5453100468	39.1763217027	39.131862444	39.1558919456	39.1500927405	39.0816690181	39.0344220023	39.018810956	39.1015804435	39.0173913579	39.350185715	39.4170238943	39.3212363984	39.3013048704	39.3256583785	39.3804322403	39.2501542061	39.2824178891	39.0820379599	38.9854521432	39.0214778594	39.1191422624	39.3279089627	39.3123623279	39.3150897396	39.2851304244	39.2929845965	39.2869447567	39.2731248407	39.2890931624	39.2768268134	39.2574891351	39.2353507961	39.193413553	39.2086949386	39.2223889056	39.1984196261	38.6997162794
PD_35P_filtered_prinseq_2	37.9611867135	38.8449343303	39.1909197357	39.2007138393	39.3376233655	39.2959213161	39.4341109047	39.4286299908	39.5262074061	39.4426525377	39.4681215429	39.462327659	39.3823638634	39.3141614667	39.3684233035	39.3562210271	39.3669294047	39.3831171196	39.4177998151	39.4208331927	39.4318018958	39.4126639501	39.4074701517	39.3476078596	39.3519040833	39.2910552112	39.3203260496	39.2679786717	39.2115786802	39.1579757236	39.1156399812	39.0386986622	39.0098908246	38.9335000594	38.9162167979	38.9112928057	38.8613940791	38.3170960913
PD_36P_filtered_prinseq_1	38.6180514047	39.2157800359	39.3066347878	39.1727435744	39.1631799163	39.1894799761	39.0221159594	39.0029886432	39.1416616856	39.0498505678	39.3841004184	39.4510460251	39.3520621638	39.3668858338	39.4634787806	39.5036461447	39.3037656904	39.4017931859	39.1426180514	39.0542163958	39.0311904098	39.1409212204	39.4069853114	39.4215314236	39.4007362151	39.3382802389	39.3075940555	39.3460738361	39.2607787029	39.3132123599	39.3447351645	39.2624227944	39.2539781888	39.195302762	39.2366105866	39.1924361115	39.2084812233	38.872878032
PD_36P_filtered_prinseq_2	38.3909145248	39.1320980275	39.2731619845	39.1918708906	39.4883442917	39.47160789	39.5098625224	39.5122534369	39.5528989839	39.5208607292	39.5629408249	39.541900777	39.4443514644	39.3793185894	39.3597130903	39.3687985655	39.4347878063	39.3802749552	39.426180514	39.4589930004	39.4024077992	39.4658817794	39.533430375	39.4049755243	39.456898445	39.3813543851	39.4115013938	39.3168166868	39.2741419542	39.2549557	39.1716499285	39.1350909354	39.0484135993	39.1632754437	39.0779726967	38.8032698994	38.8228340101	38.4472009409
PD_38P_filtered_prinseq_1	38.6970936769	39.2582170516	39.2166588608	39.2340626687	39.2324834644	39.1715585077	39.1070634795	39.0965939832	39.1677430665	39.0950910644	39.4153734606	39.4818316793	39.4032275423	39.3869531329	39.4073878967	39.462480031	39.3355554993	39.3797101904	39.1960045434	39.1094791927	39.1349683886	39.2110525033	39.4237654674	39.4134263424	39.4153075462	39.3854858992	39.3941627703	39.3866766669	39.3708307648	39.3857657891	39.3737769929	39.3504294067	39.3289837424	39.2853427015	39.2993741523	39.3057627119	39.2728901874	38.8020272502
PD_38P_filtered_prinseq_2	38.1819486369	39.2280935556	39.4040631949	39.3372249439	39.4754099695	39.4089903588	39.5315507978	39.521412725	39.5942363696	39.5276269752	39.5513808589	39.5508222067	39.4885378319	39.4176434214	39.4720731737	39.4559313337	39.4637543256	39.4810562644	39.5181096529	39.5163937055	39.5261104408	39.5077222609	39.5003477421	39.4420102407	39.4540081682	39.3954040992	39.4277365423	39.3780532315	39.3231559262	39.2736607244	39.2343084571	39.1559918431	39.1260938764	39.0545652371	39.0382096058	39.0234477951	38.9698917461	38.4395258347
PD_39P_filtered_prinseq_1	38.8439724108	39.3182098232	39.2795453895	39.2774153263	39.3103306216	39.2477588613	39.1708105602	39.1561310441	39.2138958449	39.1329079981	39.4472181246	39.5098781911	39.4368918443	39.415257201	39.433232865	39.4886525642	39.3685498851	39.3952800534	39.1927862353	39.0987096781	39.1262849669	39.2142780197	39.3979126363	39.3796933464	39.3777531393	39.3422540424	39.3439865797	39.3288439835	39.3176862685	39.331544194	39.3095429268	39.2864788029	39.2621691429	39.14596381	39.1334906368	39.1396166552	39.1081305742	38.61380478
PD_39P_filtered_prinseq_2	38.3862600765	39.209105512	39.4011326468	39.3333401072	39.4874306875	39.4175339485	39.5038929537	39.5057551425	39.5866144096	39.5307938226	39.5529945123	39.5498210322	39.4915090288	39.4154877577	39.4665309436	39.4509181163	39.4578954126	39.4698987712	39.5039058856	39.5017283188	39.5090987546	39.4895016577	39.4854564825	39.4287767808	39.4382965291	39.377334226	39.4096937387	39.359132587	39.3052549489	39.2536341644	39.2115074522	39.1363883145	39.1042351615	39.0300296648	39.0106937842	39.0039506611	38.9459499612	38.41013431
PD_3P_filtered_prinseq_1	38.8085104693	39.3182875686	39.2726958094	39.2785839979	39.2995744992	39.2323374911	39.1711702307	39.1596344194	39.2209707568	39.1464141936	39.4572470024	39.5219853034	39.4549173722	39.4376374849	39.454869259	39.5075767733	39.3868681141	39.4234758752	39.2371283819	39.1694138213	39.1992406676	39.276994468	39.4655316209	39.4523251072	39.4558082108	39.4256447877	39.431285957	39.4227256553	39.4100158969	39.4233432059	39.4081540827	39.3853909226	39.3633148355	39.3187534326	39.3268111198	39.3333701088	39.3023472287	38.8095063675
PD_3P_filtered_prinseq_2	38.5090003668	38.9957830062	39.3705720502	39.3741782678	39.4872078849	39.4294607439	39.541686962	39.5353766486	39.6052848449	39.5410067963	39.5625866838	39.5610225522	39.5077186163	39.438329679	39.4859612547	39.4723021098	39.4771202344	39.4919168471	39.523278685	39.5243476218	39.5324475593	39.5158927515	39.5110706879	39.4543866052	39.4650412841	39.4048122321	39.4385269785	39.3930462049	39.3404228966	39.2916478536	39.2496706985	39.1731128174	39.1463372682	39.0737870011	39.0548986799	39.044276255	38.9860708561	38.4540512193
PD_40P_filtered_prinseq_1	38.7290219109	39.2746675961	39.2310734525	39.2418046436	39.2383336419	39.174767706	39.1041237784	39.0982181905	39.1731318859	39.0954775647	39.4202062071	39.4840071519	39.4063942874	39.3880741585	39.4096508765	39.4632587741	39.338093583	39.3735807132	39.18378122	39.103925208	39.1306906291	39.2042070826	39.4161735474	39.4052417099	39.4044055998	39.3736992693	39.3794312344	39.37006825	39.3577291735	39.3700417732	39.3588284946	39.334966649	39.3120852961	39.2682622479	39.2757447808	39.2866752671	39.2562413296	38.7716157052
PD_40P_filtered_prinseq_2	37.5310576422	38.9929791103	39.2501606609	39.200168467	39.3482966644	39.3139259583	39.4363286071	39.4295397556	39.5308285746	39.4538005917	39.4847018804	39.478524316	39.4011768267	39.3384371185	39.3966453805	39.3877034254	39.3999555728	39.4187594503	39.4567617033	39.4567594087	39.4707822981	39.4536336072	39.4503824851	39.3935192835	39.4021730043	39.3420087048	39.3739163068	39.3232641741	39.2677998607	39.2140166433	39.1701053039	39.0941655508	39.0620380988	38.9835861533	38.9678759982	38.9597495003	38.9062396777	38.3914435325
PD_41P_filtered_prinseq_1	38.7768029775	39.2797177738	39.2428815846	39.2297532442	39.2416018695	39.1679480377	39.0938981037	39.0841068257	39.1543295372	39.0624740762	39.4034821234	39.4762454536	39.3958054224	39.3775100003	39.401500817	39.4533639882	39.3278546689	39.3604100387	39.1657465568	39.0833082917	39.1172909789	39.2009263971	39.4072115162	39.3926926967	39.392612865	39.3597115225	39.3655649044	39.3559076817	39.3408707473	39.3545103061	39.3394167681	39.3152046766	39.2918780175	39.248212949	39.2560982158	39.2631712101	39.2296918771	38.7329408801
PD_41P_filtered_prinseq_2	37.8993264274	38.9442283987	39.1997422023	39.1968012421	39.351429512	39.3139892337	39.4115350554	39.4193180019	39.5239843917	39.4518643634	39.4745280388	39.4641981147	39.3754317217	39.3130799206	39.3696258423	39.3611704492	39.3741088195	39.3925187006	39.4303905847	39.4334229712	39.4474252057	39.4311040531	39.4269114101	39.3686666731	39.3754577881	39.3122856366	39.3399913138	39.2900837297	39.2327003232	39.1796884496	39.1342424885	39.0565251771	39.0245813907	38.9462702938	38.9260685181	38.9209582309	38.8662991607	38.330520958
PD_42P_filtered_prinseq_1	38.6682052564	39.2408193415	39.1983904241	39.1937067318	39.1891329151	39.1219700275	39.0506358669	39.0380291535	39.1057334276	39.0163113651	39.3629091832	39.4349265695	39.3460019433	39.3272380075	39.353125071	39.4049227713	39.2738904636	39.3020089983	39.0902317948	38.9996055427	39.0424375104	39.1472382575	39.3426694131	39.3211248019	39.3215371281	39.2887524718	39.2965437957	39.2844431847	39.2709237993	39.2821361231	39.2674766594	39.2430175014	39.2163360287	39.1726950653	39.1805515941	39.1891317282	39.1622161432	38.636511028
PD_42P_filtered_prinseq_2	38.1740552519	38.9195474229	39.2705256768	39.2715994599	39.4004444463	39.3535056397	39.4615621847	39.4619617319	39.5458646489	39.477144526	39.501138335	39.4959729886	39.4277049534	39.3597503629	39.4058587106	39.3889286966	39.3966199804	39.4101794142	39.4430098091	39.4405613127	39.4520313676	39.4330835544	39.4285415781	39.3653578168	39.370295402	39.3072446957	39.3358123622	39.2816165239	39.2238039513	39.1703051009	39.1267291692	39.0463613722	39.0126392902	38.9363651832	38.9168330877	38.9065085148	38.8511392563	38.3164066545
PD_43P_filtered_prinseq_1	38.7025000845	39.2633118091	39.2264326042	39.219904324	39.2407468136	39.1702474729	39.118768383	39.0979495588	39.1671625139	39.0753947057	39.4052341188	39.4741634268	39.3930099057	39.3714730045	39.3918066872	39.4446502586	39.3202451063	39.3424835187	39.1260931742	39.0222116928	39.056733813	39.1558957628	39.3518029763	39.3297721796	39.3277987342	39.2945898108	39.2981081829	39.2884486615	39.2744509078	39.291655856	39.2765992929	39.2539729985	39.2257859201	39.127983096	39.1265435904	39.134802375	39.1008329625	38.5935884999
PD_43P_filtered_prinseq_2	38.2046012374	39.1636143886	39.3656191893	39.3149193685	39.4543967004	39.3935207411	39.5056915379	39.497719666	39.57663207	39.5137878224	39.5324855472	39.5304591095	39.466940735	39.3931992292	39.4415730755	39.4270614287	39.4356989756	39.4504726326	39.4849724467	39.4853625263	39.4941448578	39.4740044346	39.4681561546	39.4066489807	39.4170151966	39.3537457747	39.3836957522	39.3331192594	39.27685527	39.2264605205	39.1796952814	39.1030800579	39.0707388686	38.996248514	38.9792462367	38.9690625465	38.9141524505	38.3967178653
PD_44P_filtered_prinseq_1	38.5966310643	39.1898180371	39.1473601191	39.1570335185	39.1441673388	39.0695748653	39.0155697054	39.0132348289	39.0773399637	38.9910524322	39.3395317473	39.4115973259	39.3176559146	39.2956115906	39.3227512926	39.3759484545	39.2409804699	39.2677354222	39.0539184783	38.9581045585	38.993720103	39.0948167615	39.3082694101	39.2909153952	39.2927175482	39.26194671	39.2695720693	39.2608877104	39.2486137327	39.2639740275	39.2537124973	39.228790991	39.2067153544	39.1624694902	39.1773117953	39.1889690229	39.1650580619	38.6574097293
PD_44P_filtered_prinseq_2	37.8516212688	38.6299776167	39.1195043883	39.0722662116	39.263518148	39.2521039882	39.3650252722	39.3534055482	39.4780285443	39.4036711032	39.4380421496	39.4368379949	39.3509898718	39.2865211379	39.3439189388	39.3331326409	39.3459301409	39.3626944357	39.3984866079	39.4010383152	39.4140449582	39.3955642795	39.3905006445	39.3331644386	39.3386182389	39.2794862856	39.305917536	39.2537055609	39.1967125508	39.1427498517	39.0977732551	39.0181880227	38.9877224257	38.9091320906	38.8925846935	38.8854806899	38.8356045841	38.333075118
PD_45P_filtered_prinseq_1	38.5803542607	39.1949342607	39.1479115843	39.1749653418	39.1755247452	39.1152235013	39.0616603972	39.0477127946	39.116149281	39.0365593977	39.3653272064	39.4320234518	39.3368686625	39.3182520567	39.3377757017	39.3883129679	39.2566605307	39.2845296866	39.075259052	38.9824721576	39.0190257049	39.1187934467	39.3226396473	39.304262889	39.3079481454	39.2769879364	39.2843652107	39.2763299577	39.2665086615	39.2801297169	39.2689311676	39.2471326098	39.2247988638	39.1843352612	39.196556569	39.2116802948	39.1863771313	38.6718263122
PD_45P_filtered_prinseq_2	37.9775498415	38.9928528493	39.2776528673	39.2209900877	39.3762043687	39.3247167728	39.4093300419	39.4163727144	39.5163297519	39.4512599928	39.4728441537	39.4736603016	39.4009466754	39.3293807161	39.3770306365	39.3613795242	39.3691577606	39.3831642083	39.4187778677	39.4174509855	39.4277273245	39.4094451712	39.4036356418	39.3438076163	39.3530885523	39.2923878715	39.3246165389	39.2748952383	39.219702832	39.1692864617	39.1293233023	39.0524577472	39.0236389311	38.9513438443	38.9394633972	38.9339147303	38.8846515744	38.3441709447
PD_46P_filtered_prinseq_1	38.7410633998	39.2843033464	39.2479507763	39.2334697879	39.2557933163	39.1874822857	39.1253500594	39.1049442805	39.1587897175	39.0757964667	39.4087391209	39.4762285102	39.3979524395	39.377651565	39.3967619833	39.4479623774	39.3218833202	39.3419900005	39.1269218663	39.0516926321	39.0948491672	39.2008092244	39.3816778362	39.3609322738	39.3609445477	39.3279228932	39.3342855839	39.3236016424	39.3103103254	39.3230166677	39.307377516	39.2828411821	39.2596571329	39.2093738455	39.2195364619	39.2304960786	39.1999294497	38.6685235541
PD_46P_filtered_prinseq_2	38.3435240352	39.1336148562	39.362620983	39.2883257821	39.4533830988	39.4082225161	39.5017402972	39.4951029485	39.5804570985	39.5207060045	39.5428214835	39.5421223407	39.4839017076	39.409363929	39.4565469457	39.4368816557	39.4403173304	39.4539729387	39.4850365227	39.4824795351	39.4891753596	39.4703256632	39.4642498169	39.4027042261	39.4129199448	39.3520954842	39.3853149007	39.3343920976	39.2781137116	39.2284463483	39.185336297	39.1086059037	39.0794475774	39.0032603337	38.9886455562	38.9814245076	38.9287513015	38.3957607358
PD_47P_filtered_prinseq_1	38.5777166217	39.1965312685	39.157213312	39.169161329	39.1611750423	39.0960220704	39.0345105397	39.0271845414	39.0960836645	39.0112755331	39.3587794027	39.4284957559	39.336324177	39.3149342822	39.3412356878	39.3925024006	39.2607551556	39.2851513335	39.068563189	38.975475001	39.0173483828	39.1201067572	39.3236011912	39.305637324	39.3054702249	39.2733088996	39.2813472772	39.2706046529	39.258498115	39.2738111975	39.2625628582	39.2367472014	39.2107004779	39.1696666122	39.1797839734	39.1925412455	39.1628688449	38.6548605873
PD_47P_filtered_prinseq_2	37.8602911059	38.8227267324	39.1078900152	39.1098930542	39.2665107516	39.2279516339	39.3498894079	39.3492155688	39.4636561129	39.3778580417	39.4035723327	39.394977743	39.2971764664	39.2321762477	39.2849776383	39.2766907725	39.2887646879	39.309644091	39.3488359029	39.3520221481	39.3668517399	39.3479863802	39.3441463669	39.2839424788	39.2900856648	39.2280463726	39.2545533208	39.2027964693	39.1383715664	39.0872312888	39.0403911953	38.9559167825	38.9234114894	38.8444655279	38.8284091544	38.826427643	38.7731046048	38.2806414274
PD_48P_filtered_prinseq_1	38.7750159986	39.2818623739	39.2460989484	39.2341352725	39.242424262	39.171392353	39.105702982	39.0959639672	39.1672626808	39.0736026428	39.4066761745	39.4748188596	39.3939958639	39.3749289971	39.3978546069	39.4514542465	39.3286209872	39.3598435777	39.1511363365	39.0728113113	39.1063714339	39.1914294117	39.4009005703	39.3843451204	39.3828606183	39.3504807202	39.3570067427	39.34726123	39.3314438993	39.3467596858	39.3281496003	39.304725904	39.2783892822	39.232316037	39.2393931443	39.2467926869	39.2128388688	38.7151085796
PD_48P_filtered_prinseq_2	38.0862049743	39.0458704244	39.2931648382	39.2517778922	39.3860618407	39.3406470464	39.4592913436	39.4620625032	39.5558230763	39.4785360802	39.4987957056	39.4861311197	39.4120823846	39.3471369733	39.4024096199	39.3929358631	39.4073520797	39.426606612	39.4639667409	39.4639355256	39.4775672829	39.4609995204	39.4549207622	39.3931385807	39.4006835038	39.3376323405	39.3692250886	39.3173228954	39.2584257124	39.205094192	39.1599631933	39.0800444651	39.0472523482	38.9658891299	38.9496280623	38.9445799904	38.8916344078	38.375613025
PD_4P_filtered_prinseq_1	38.663858333	39.2223308925	39.1827309458	39.1856100983	39.1953330378	39.1284800443	39.0611948117	39.0449138025	39.1091123101	39.0276567142	39.3693168789	39.4394553786	39.3516070384	39.3319506564	39.3581575378	39.4085661503	39.2799168733	39.3054841872	39.0939810083	39.0083726668	39.0467148228	39.1468837209	39.3488188111	39.3347457352	39.3368937416	39.3052514445	39.3111579439	39.3018909063	39.2885535844	39.3052750762	39.2924156147	39.2666255602	39.2420035175	39.2023512277	39.2085582964	39.2209282818	39.1932122285	38.6835432834
PD_4P_filtered_prinseq_2	38.0983918016	39.0762975417	39.3042231233	39.2887186794	39.4246066196	39.3724192329	39.4692090633	39.4709770925	39.5460768189	39.4834397448	39.5042844183	39.5037764762	39.4307842211	39.3615895657	39.4118692391	39.3947926168	39.4037712258	39.4185948319	39.4541620115	39.4521217197	39.4624084412	39.4419607162	39.4373892317	39.3770575723	39.3825094454	39.3196376035	39.3502079382	39.2984662193	39.239582753	39.184179618	39.1430072155	39.0611393723	39.028880232	38.9526434445	38.9337652753	38.9266128851	38.871928724	38.348967723
PD_50P_filtered_prinseq_1	38.7429556737	39.2521402979	39.2000222489	39.1957764171	39.2111837806	39.1555615298	39.0757806815	39.0687722779	39.112343041	39.0328885098	39.3760518399	39.4381411044	39.3540995916	39.3298668311	39.3612118234	39.4082089172	39.2818759531	39.3176670174	39.1079785484	39.0270447422	39.0550824279	39.1539970772	39.3622309639	39.344415603	39.3389257786	39.3036622954	39.3111889356	39.3044132721	39.2839756682	39.3002079603	39.2964662132	39.2690564068	39.2442214241	39.1949951726	39.2067752871	39.2117670065	39.1802183899	38.6708120491
PD_50P_filtered_prinseq_2	38.3766275302	39.1501661715	39.3436759818	39.3300670712	39.4370842816	39.3942551485	39.4748332491	39.4711250991	39.5480321311	39.4997631419	39.521511442	39.5165796024	39.4638608331	39.3861750896	39.4305060234	39.4189959257	39.4239055163	39.4383079711	39.4686109733	39.4709039044	39.4801697006	39.4601858038	39.4510102172	39.3952082834	39.398610756	39.3389216821	39.3685938952	39.3167007043	39.2646374006	39.2148180088	39.1698241905	39.0871116612	39.0614242106	38.9920348756	38.9754105832	38.9609229498	38.9083495593	38.3465878476
PD_51P_filtered_prinseq_1	38.7053969362	39.2372846951	39.2036265612	39.2003775695	39.1791141319	39.1064018156	39.0402490302	39.0272625321	39.1021988395	39.0152151051	39.361446837	39.4334430731	39.3455865495	39.3277205275	39.3506928519	39.407449719	39.2746373291	39.312323976	39.1074923879	39.002736255	39.028505439	39.1125654771	39.3395391265	39.3245356682	39.3249033155	39.2936356345	39.3006065869	39.2890271669	39.2762156279	39.2925434286	39.2787393832	39.2542471647	39.2298923279	39.1583960868	39.1567884505	39.1675418488	39.1350489911	38.654963932
PD_51P_filtered_prinseq_2	37.7812286397	38.9326476323	39.1794538261	39.173107344	39.3167613056	39.2685661531	39.3862920956	39.3897008738	39.4957896263	39.4136335741	39.4399341916	39.4277927865	39.3380015446	39.2752118502	39.3307119671	39.3233454554	39.3362595169	39.3588485905	39.3952292492	39.3973470312	39.4128725239	39.3996712634	39.3975399842	39.3392864557	39.3467729271	39.2850339455	39.3140844523	39.2627886952	39.2024627735	39.1479430987	39.1006487394	39.0238048338	38.9876226591	38.9091987242	38.8915782923	38.888027464	38.8307897471	38.3431602381
PD_52P_filtered_prinseq_1	38.6575144514	39.238491124	39.1936763508	39.1808460828	39.2027432655	39.1309084788	39.0651305638	39.0451542427	39.1130209547	39.0193033798	39.3716300254	39.4450776322	39.3590585379	39.33826749	39.3633400921	39.4155737734	39.2822934864	39.3020286202	39.0788158632	38.9961177876	39.0385367937	39.1500777139	39.3455954762	39.3234018649	39.3218917537	39.2920001993	39.2983361988	39.2871331103	39.2716932992	39.2850758355	39.2743026601	39.2448102534	39.2174301632	39.1749281767	39.1819392785	39.1890953392	39.1592494101	38.6336789074
PD_52P_filtered_prinseq_2	37.8774607041	38.9729883833	39.2311771355	39.2115302878	39.3665602942	39.3228299042	39.4394010942	39.4416290378	39.5313321559	39.463054082	39.4818363021	39.4775515492	39.398197093	39.329008969	39.3805293245	39.3630979451	39.3769239904	39.3921510971	39.4303834406	39.4334380298	39.4413599964	39.4234540067	39.4184038576	39.3537289861	39.3619161056	39.2990900455	39.3266855707	39.2726371678	39.2116116586	39.1569233344	39.1100157851	39.0258801441	38.9907049421	38.9149319215	38.895745993	38.8868182653	38.8344325392	38.3271591652
PD_53P_filtered_prinseq_1	38.7820488451	39.2976499335	39.2468138181	39.2350470455	39.25195818	39.1815429265	39.1069352749	39.0908859181	39.1640606138	39.0719057656	39.4146527885	39.4857446877	39.4113412073	39.3920303727	39.419246765	39.4702888051	39.3453821461	39.3790333122	39.180615764	39.1012785331	39.1347126921	39.2192362845	39.4216902274	39.4066379904	39.4043832191	39.3715900712	39.3759072873	39.3662763307	39.3478053579	39.3612822426	39.3431131481	39.3170169246	39.2931663634	39.2481016611	39.25249604	39.2583394817	39.2238038202	38.7208295632
PD_53P_filtered_prinseq_2	37.8794344208	38.9428417808	39.1924566896	39.1806811488	39.3373843983	39.2892150339	39.4032452569	39.4072334838	39.5133611553	39.4391002189	39.4593086551	39.4487042803	39.3573220258	39.2957237101	39.3547862951	39.3475373419	39.362912057	39.3864533683	39.4244545076	39.4287142928	39.4422779725	39.4262129953	39.4221193294	39.364378474	39.372613291	39.3096814843	39.3360036015	39.2819528871	39.2221650188	39.1692316619	39.1206548191	39.0371737706	39.0012898285	38.9224012036	38.901606501	38.89488522	38.8377960898	38.3339230026
PD_54P_filtered_prinseq_1	38.7539177632	39.2903431447	39.2500608111	39.2425492118	39.2590568658	39.1902115269	39.1278505783	39.1147977921	39.1759316194	39.0887328403	39.4198218919	39.4879250031	39.4125784729	39.3927892794	39.4158751122	39.4666226434	39.3433715905	39.3738750213	39.171833842	39.0970413344	39.1332412664	39.2202118994	39.4144083836	39.3975675301	39.3983784014	39.3659139476	39.3716951026	39.3630661156	39.3482143169	39.3616527917	39.3426209781	39.320203707	39.2934281238	39.2481299346	39.257293724	39.2642202365	39.2323948354	38.7279883492
PD_54P_filtered_prinseq_2	37.8831337001	39.0529419412	39.2647564938	39.2529882506	39.3864807695	39.3402723114	39.4584460166	39.4542499845	39.5489478152	39.4735040936	39.4984699529	39.4902690815	39.4153570416	39.3489242617	39.4029939529	39.3916208556	39.4012653493	39.4179631327	39.4538110281	39.4537945217	39.466327289	39.4497365202	39.4463718573	39.387538341	39.3953481455	39.3336703857	39.3649258899	39.3162354931	39.2569600854	39.2041398012	39.1583441731	39.0781821091	39.0445724397	38.9646839068	38.9492411743	38.9424176567	38.8849080716	38.3732919557
PD_55P_filtered_prinseq_1	38.8151810955	39.2793820073	39.2512622131	39.2389577107	39.2425521966	39.1739311049	39.1148469512	39.1066368819	39.1642334697	39.0762601834	39.4107902094	39.4783756963	39.4010314199	39.3857810237	39.4083257379	39.4635801627	39.3396542051	39.3758454672	39.1790825691	39.1032460691	39.1355441541	39.2262769884	39.4211226479	39.4104912385	39.4099369707	39.3786724575	39.3868643312	39.3781401893	39.3675421208	39.3802465965	39.3652160226	39.3433942077	39.3212027404	39.2777208512	39.2881158728	39.2974708704	39.2695018085	38.784934326
PD_55P_filtered_prinseq_2	38.1186676967	39.1073499761	39.2967272713	39.2428434605	39.3871585566	39.3286290317	39.4547061011	39.4527018488	39.5381347787	39.457670743	39.4862634783	39.483452838	39.4091653812	39.3406842301	39.3918922078	39.3776013083	39.3871900265	39.4058887188	39.4409917032	39.4439860999	39.4586346133	39.4418437932	39.4439508138	39.3894097576	39.4074914236	39.3473719937	39.3834923629	39.3394492492	39.2888609199	39.2398111728	39.2008752609	39.1265800442	39.1011459223	39.0308999136	39.0144557498	39.0065536428	38.9591299791	38.4895641321
PD_56P_filtered_prinseq_1	38.7015491514	39.2470951217	39.2042368523	39.211633497	39.2064825359	39.1398080154	39.076596841	39.0651034359	39.1288394758	39.0500102962	39.3861289285	39.4552460531	39.3722857605	39.353275413	39.3757672407	39.4294791157	39.3034188091	39.3369036958	39.137229023	39.0495605252	39.0907200583	39.1883065213	39.3830090466	39.3661034472	39.3685110874	39.3381801273	39.3446220536	39.3387596052	39.3250310853	39.3386507142	39.3256194623	39.3036951075	39.2818061072	39.2384399405	39.2525307856	39.2617456909	39.2343466509	38.7311848216
PD_56P_filtered_prinseq_2	37.7562274302	38.9812041321	39.2186661839	39.2256567284	39.3521378213	39.3028566539	39.4351661803	39.4273819524	39.5243415955	39.4456702587	39.4750212229	39.4711089955	39.4006629779	39.3335131413	39.383520181	39.3701493919	39.3788408326	39.3946044209	39.4292247283	39.429871922	39.4423266795	39.425224372	39.4226414008	39.3614382218	39.366873498	39.3054155158	39.3362108944	39.2874561984	39.2309887534	39.181776485	39.1381142553	39.0609094085	39.0310272492	38.9574590162	38.9421202096	38.9407754883	38.8864064102	38.3503856148
PD_57P_filtered_prinseq_1	38.8042761694	39.2949085782	39.2498235235	39.2547658547	39.2451936101	39.1718505615	39.1155797624	39.0981071039	39.1638710545	39.0840457316	39.4142581164	39.4848740343	39.4119199261	39.3931040687	39.4145899121	39.4672497148	39.3462065952	39.3835711729	39.1984794348	39.1161075921	39.1429724929	39.2244188014	39.4276771206	39.4148150475	39.4147953358	39.383836453	39.3908204585	39.380290945	39.3662180981	39.3773264834	39.3658412977	39.3409565291	39.3156650577	39.2715135103	39.2773959405	39.2838129456	39.2493115977	38.7420265907
PD_57P_filtered_prinseq_2	38.558736527	39.2312900285	39.426546221	39.3980558912	39.5116672236	39.4420435289	39.5475428734	39.5404373454	39.6019312562	39.5427276844	39.5606980363	39.5622846443	39.510306031	39.4387139063	39.4814979446	39.4662752876	39.4678794937	39.4825014385	39.5154536089	39.5150635107	39.5215749105	39.5035517459	39.495330864	39.4369382064	39.4470370522	39.3866820875	39.4190061336	39.3702779083	39.3156880836	39.265172427	39.2224399613	39.1475877519	39.1153068526	39.0403534374	39.0227418064	39.0107910952	38.9499765775	38.3998477259
PD_58P_filtered_prinseq_1	38.6470835799	39.2122026938	39.1680152864	39.158094943	39.15464444	39.0784906965	39.0140467514	38.9975458312	39.0699781207	38.9746945248	39.3313634405	39.4055397124	39.3104837154	39.2921865074	39.3204038231	39.3739194869	39.2409673307	39.2674288834	39.0486561563	38.9609097199	38.9995801046	39.1032665173	39.3163489994	39.2996408172	39.3005872484	39.2658822316	39.276019647	39.264846632	39.2528233462	39.2683133965	39.2529748959	39.2294281775	39.2033289242	39.159306867	39.1674352462	39.1813179373	39.1516215672	38.6496803247
PD_58P_filtered_prinseq_2	38.066864245	38.9435228999	39.2075988817	39.2153987384	39.360133732	39.3058280692	39.4251843719	39.4270739611	39.5218326188	39.4459609	39.4672161869	39.4591833122	39.373208417	39.3084390951	39.358973119	39.3487488393	39.3593326593	39.378889672	39.4150599906	39.4164991665	39.4272620739	39.4086646524	39.4023514745	39.3391787788	39.3474322956	39.2874822471	39.3104422025	39.258365612	39.1984218137	39.1454727304	39.1017937383	39.0199644642	38.9857444917	38.9089418204	38.8850964182	38.8830853747	38.8254822816	38.3191357995
PD_59P_filtered_prinseq_1	38.7012987218	39.260313791	39.2249703742	39.2062450402	39.2401915152	39.1691305853	39.106569691	39.0790680899	39.1494092396	39.0508217688	39.3899648278	39.4579660606	39.3727497694	39.3499327376	39.3740819942	39.4273832952	39.2997656374	39.3219575969	39.0989769572	39.0186622631	39.063682227	39.1718626653	39.36081471	39.3371673442	39.3372034761	39.3027889123	39.309342973	39.2984369921	39.2864515537	39.2961601902	39.2818424134	39.2540777965	39.2255870607	39.1749927459	39.1828393056	39.1888918942	39.159599752	38.629049495
PD_59P_filtered_prinseq_2	38.1337394198	39.0280994449	39.2901625701	39.2747820041	39.423888573	39.3647245361	39.4644014637	39.4737917539	39.5554852262	39.4930995416	39.5138178459	39.5059643496	39.4377749637	39.3649063753	39.4136367565	39.398151696	39.406674146	39.4205337028	39.457297107	39.4545565898	39.4646020898	39.4407892807	39.4362189671	39.3740858076	39.3804888248	39.3169100962	39.3447746005	39.2916937449	39.2311824833	39.1779236189	39.1292188952	39.0465390088	39.0163190233	38.9337260058	38.9191961712	38.9103205084	38.8553985425	38.3441961155
PD_5P_filtered_prinseq_1	38.7756593591	39.2907275655	39.2579663386	39.2472294142	39.2567964707	39.1891399316	39.1140627357	39.0983089252	39.1567752284	39.0778204745	39.4071057776	39.4731267182	39.3944995274	39.3731813326	39.3955029047	39.4477760503	39.3242505611	39.3521212476	39.1403788525	39.0708267552	39.111704033	39.214399937	39.4016395241	39.3861154949	39.3865059255	39.3549021382	39.3607038675	39.3539799694	39.3409387781	39.3535893757	39.3402818537	39.3179867472	39.2952016257	39.2497166246	39.2621725359	39.2689357761	39.2396657176	38.7335237454
PD_5P_filtered_prinseq_2	38.0473759555	39.2172413899	39.3930552947	39.2963109139	39.4565988246	39.4034289444	39.5097613162	39.4975392752	39.5765546159	39.5202140243	39.5421343932	39.5407630617	39.4844158203	39.4113259221	39.4599584389	39.4451661366	39.4517444885	39.463702755	39.4958310218	39.4928570862	39.503795008	39.4844162239	39.4796424415	39.4178108298	39.4258854559	39.3624110418	39.3946132939	39.3459375932	39.2898468325	39.2366008293	39.1953341251	39.1177276673	39.0849658658	39.0139747534	38.9931924253	38.9848079891	38.9318587102	38.3883990029
PD_60P_filtered_prinseq_1	38.602550172	39.2119618786	39.1692553009	39.1890930865	39.19276999	39.1296997139	39.072994215	39.0533863059	39.1315544252	39.0538958469	39.3777190191	39.4435514021	39.3544216474	39.3335304665	39.355671503	39.4091591789	39.2795164294	39.3044023041	39.1013452824	39.011214448	39.0484650522	39.1428103284	39.3459722687	39.3288039331	39.3305014728	39.2995347168	39.3065058377	39.2984364314	39.2850491421	39.3006676299	39.2875782052	39.266690771	39.2423492656	39.2041125115	39.2163678071	39.2292176317	39.2043040183	38.7054183599
PD_60P_filtered_prinseq_2	38.1337657255	39.1302637525	39.3069793885	39.232733748	39.3836583563	39.3258382364	39.4432726347	39.4380437842	39.5216403542	39.4528229401	39.4757103466	39.4741732013	39.4012417819	39.3278122593	39.3777210375	39.3613197381	39.3675071178	39.3838527983	39.4182017374	39.4161648281	39.4284806375	39.4087072167	39.4039549424	39.3422459731	39.3503140562	39.2913863442	39.3225881958	39.2704063786	39.2176706736	39.1674690599	39.1242687732	39.0456554213	39.0194899224	38.9451235896	38.9294303689	38.9301119884	38.8768275831	38.3653863337
PD_63P_filtered_prinseq_1	38.8789526284	39.3300233193	39.2889626224	39.2619708175	39.2752295289	39.1950469718	39.1247718036	39.1067652742	39.1784515957	39.0900222533	39.4272974882	39.4976747285	39.4231447798	39.4057581451	39.4314054234	39.4817696049	39.3594560597	39.4015993071	39.2090769538	39.1277952753	39.1597846192	39.2339191677	39.4363033009	39.4215874792	39.4215890185	39.3887389076	39.3935951163	39.3815252341	39.3665193524	39.3782385349	39.3627815321	39.3389402023	39.3114710838	39.2570869086	39.2603741008	39.2642987527	39.2315056867	38.7293993266
PD_63P_filtered_prinseq_2	37.8847491505	39.0121007396	39.237950563	39.2063775068	39.357101739	39.3162995536	39.427860617	39.43271104	39.5319315078	39.454051036	39.4744926378	39.4590885469	39.3789662203	39.3142165367	39.3687726031	39.3605290159	39.3736086348	39.393716037	39.431330535	39.4358045477	39.4526397805	39.4379314367	39.4343991638	39.3803506596	39.3907695203	39.3294040683	39.3604769007	39.3097703358	39.2527719384	39.2020744546	39.1582478234	39.0824138719	39.0522441212	38.9718112496	38.9546277121	38.95249188	38.896136287	38.3605574954
PD_64P_filtered_prinseq_1	38.6812707769	39.2452187202	39.2081814293	39.1978584294	39.1944049056	39.1195169535	39.0584217721	39.0485760307	39.1134100755	39.027195662	39.3705210114	39.4435610593	39.357560092	39.3375444796	39.3630560791	39.416285228	39.2863921161	39.3137343574	39.0995663294	39.0116843307	39.0558539483	39.1539601881	39.3572476398	39.3399176463	39.3375123125	39.3064681296	39.3125938564	39.3020647544	39.2872210753	39.3017655339	39.2869503016	39.2632701257	39.237646932	39.1901586249	39.1988087309	39.2093577278	39.1744368309	38.6684158616
PD_64P_filtered_prinseq_2	37.8563609293	39.0629140947	39.2766040519	39.1999177491	39.3659722302	39.3164784923	39.44800789	39.4468756704	39.5353786907	39.4611264062	39.4873855754	39.4809608635	39.4061844071	39.3382400585	39.3891787727	39.3771343927	39.3846046053	39.4034152923	39.4380140969	39.4373598106	39.4488933233	39.429099402	39.4259655619	39.3641643913	39.3706222881	39.3085157778	39.3377767527	39.2841875965	39.2248736637	39.1729622405	39.1279892875	39.0466809367	39.0106385609	38.9339323092	38.9157361458	38.9067082796	38.8479913378	38.3489632769
PD_65P_filtered_prinseq_1	38.6201334811	39.2224162685	39.1843883644	39.1975022362	39.1994556783	39.1281691067	39.074505103	39.0529573029	39.1268871985	39.0332494324	39.3717424257	39.4363784871	39.3456685601	39.3261573793	39.3458168113	39.4008857765	39.2690508161	39.2926866098	39.0679849853	38.988659756	39.0241380141	39.1270350742	39.3299428986	39.3111765746	39.3118581465	39.2795088916	39.2876917048	39.2767997112	39.2640786879	39.2783254942	39.2665021623	39.2431393098	39.2198622314	39.1791580727	39.1893871207	39.2018896577	39.1755466432	38.6631920819
PD_65P_filtered_prinseq_2	38.1153344291	39.0917704981	39.3071555369	39.2626263522	39.4169764153	39.3523232292	39.4675200489	39.4675273881	39.548252131	39.4816288674	39.5044368029	39.5002825886	39.4279785635	39.3569559573	39.4063363327	39.3910466419	39.3989379611	39.4150092733	39.449161607	39.449390927	39.4604884661	39.4385568476	39.4349270919	39.3719577668	39.3781249145	39.3158855046	39.3458644432	39.2933878348	39.2378816181	39.185497794	39.141916423	39.0627284989	39.0301461859	38.9582849208	38.9399114859	38.9367752169	38.8803523476	38.3797092126
PD_66P_filtered_prinseq_1	38.8431044176	39.3248717398	39.2908222354	39.2903565833	39.3073551331	39.2344064544	39.1648176582	39.1473280025	39.2174992383	39.1322830956	39.4437238398	39.5065713103	39.4314734447	39.4141101589	39.4344266676	39.4897368616	39.368462472	39.4019879305	39.197570224	39.1357803698	39.1649929822	39.2500630111	39.4456016778	39.4301763887	39.4341600357	39.4007490014	39.4104546497	39.3989077678	39.3867121694	39.3952018293	39.3851319724	39.3584489642	39.3352411884	39.2866575137	39.2943845367	39.2983937338	39.2678335179	38.7701469746
PD_66P_filtered_prinseq_2	38.4996986736	39.2959998083	39.4805687544	39.4378320673	39.5594661021	39.4870863875	39.5872869473	39.5804653677	39.6417353104	39.5834287721	39.6014508583	39.5935320765	39.545362082	39.4746389511	39.5221917693	39.5094945877	39.5151045733	39.5257507893	39.5600799844	39.5565765894	39.5656633185	39.5465527833	39.5411548353	39.4792746093	39.487891222	39.4266030898	39.4629058841	39.4134452975	39.3587262339	39.3095299511	39.2730357443	39.194407622	39.1636272994	39.0940296563	39.068421794	39.0640952806	39.0088642814	38.4578567903
PD_6P_filtered_prinseq_1	38.6377604676	39.209500413	39.1738734495	39.1713421734	39.1693765364	39.0989171579	39.0507615392	39.0420944899	39.1187858501	39.0202631465	39.3630715691	39.4350792392	39.3424597501	39.3244425719	39.3480886046	39.4025395698	39.2717144004	39.3003380564	39.0922658404	39.0009127127	39.0386243492	39.1358617432	39.3433150372	39.3247518072	39.3289138592	39.3000961297	39.3024130025	39.2960322049	39.2800312224	39.2960720623	39.2845404365	39.2610982621	39.2349758563	39.1936109404	39.2041081885	39.2175206857	39.188920293	38.6861124671
PD_6P_filtered_prinseq_2	37.9412581404	38.9721941154	39.1914746093	39.1579857943	39.3094609344	39.2572098239	39.3841136719	39.374686908	39.4829528678	39.4000245497	39.4227532852	39.4196573654	39.3257589681	39.2599650332	39.3146946711	39.3053813668	39.3206549469	39.3385444002	39.378770125	39.3795982358	39.3912393239	39.3749900595	39.3699062317	39.3130322794	39.3209932498	39.2614159299	39.2876059777	39.2341880066	39.1751680346	39.1227131642	39.0750801862	38.9933527275	38.9643742647	38.8827606021	38.8635355237	38.8565784975	38.8046561069	38.3187981179
PD_70P_filtered_prinseq_1	38.7045921741	39.2478080122	39.2031807422	39.2133935965	39.2277869667	39.1558095857	39.0811665429	39.0723933265	39.1477734879	39.0641851341	39.3919505138	39.4593755101	39.3752513161	39.3552089092	39.3761153997	39.4305848585	39.2993247843	39.3336657889	39.1330747401	39.0497907375	39.0802933342	39.1626930123	39.3733829057	39.3607677834	39.3607842668	39.3302364495	39.3338091487	39.3255669292	39.3125495629	39.3271453221	39.3114880475	39.2862659179	39.2647906491	39.2188965123	39.2300198685	39.2372817366	39.2121106265	38.7248450103
PD_70P_filtered_prinseq_2	38.0838510088	39.0205889277	39.2602036403	39.2389716142	39.3874799643	39.3300223166	39.4368398369	39.4369992952	39.5313595101	39.462516839	39.4838141528	39.473871776	39.3915969977	39.3245170933	39.3791586467	39.3687363906	39.3789937729	39.4004797289	39.4391002338	39.4395852885	39.4490292134	39.4328535754	39.4261957459	39.3637065677	39.3695185853	39.3088937535	39.3389855972	39.2857224636	39.2278798817	39.1749710962	39.1296270815	39.0486888083	39.015272327	38.9416442919	38.9215645649	38.914837406	38.8620050612	38.3631249397
PD_73P_filtered_prinseq_1	39.0334486676	39.3950747513	39.3496874744	39.3220556283	39.3900121382	39.3048047309	39.186657509	39.1713176185	39.2621612866	39.1582398348	39.4840889672	39.5521139002	39.4909139917	39.4798246228	39.5017248306	39.5612535583	39.4485359458	39.5094676913	39.3310093693	39.2770508804	39.3000013319	39.3550557973	39.5556893831	39.5441062729	39.548585771	39.516328066	39.5220369304	39.50706196	39.4941305168	39.5029654172	39.4894492122	39.4640454171	39.4440449699	39.3997794051	39.4056571712	39.4048903424	39.3691276682	38.9223106033
PD_73P_filtered_prinseq_2	38.1171640727	39.2109442292	39.417077248	39.3927490594	39.5209143805	39.449229161	39.5515665159	39.5436840446	39.6224119982	39.5686066151	39.5934027067	39.5902904955	39.5358409683	39.4700131749	39.5237328564	39.5129786912	39.517883724	39.5328960134	39.5691726602	39.5721363357	39.5812741589	39.5667140571	39.5632495455	39.5100060064	39.5268357482	39.4645204117	39.5014752667	39.4562986969	39.4053270918	39.354478559	39.3136797846	39.2422901683	39.2140865141	39.1384888905	39.1203418566	39.1092178517	39.0485938106	38.5332792326
PD_74P_filtered_prinseq_1	38.732302621	39.2803734917	39.2442771329	39.2389517587	39.2353121669	39.1658664254	39.0989505702	39.0850095144	39.1559457784	39.0725657728	39.4035760415	39.4722463231	39.3947995435	39.3762983859	39.3952967886	39.4504395768	39.3239200381	39.3560008393	39.1500697962	39.0729478419	39.1083526515	39.2039558232	39.4034072265	39.3889475231	39.3893560965	39.3601607114	39.3661408374	39.3579418355	39.3455778933	39.3604430168	39.3477836442	39.3242407365	39.3026352653	39.2556664384	39.2668296492	39.2783941467	39.2477231561	38.7498889022
PD_74P_filtered_prinseq_2	38.0409111471	39.1838606355	39.3563234422	39.3012602132	39.4294269674	39.3709206191	39.4839893129	39.4738479376	39.554925577	39.4877181663	39.5135276147	39.5099949912	39.4518243439	39.3794970062	39.4281435898	39.4126123198	39.4179056762	39.4334590191	39.4662134055	39.4649479348	39.475325288	39.4579184433	39.4555990244	39.392235623	39.4013283265	39.3425571272	39.3750297251	39.3250888333	39.269118877	39.2153102376	39.1766509081	39.0959067093	39.0682193993	38.9906838117	38.9760607416	38.9721258081	38.9137927764	38.3958348681
PD_75P_filtered_prinseq_1	38.6637262221	39.205001477	39.1705941223	39.1746302513	39.1841247505	39.1177964569	39.0513836596	39.0392265757	39.1184037382	39.0318123014	39.3624007663	39.430714755	39.3398107617	39.3180975911	39.3399734673	39.3949791158	39.2669307051	39.2989080753	39.0925298314	39.0018981108	39.0405319711	39.1384756177	39.342562362	39.326136541	39.3255328984	39.2968929065	39.3014179067	39.2949980718	39.2844573237	39.2964355552	39.2846373907	39.265175289	39.2396367862	39.1961610758	39.2114700345	39.2225882752	39.1958987524	38.6969601366
PD_75P_filtered_prinseq_2	38.0864609573	39.1131659371	39.2948318429	39.2175352472	39.3834705624	39.3262701077	39.430453223	39.4276946764	39.5172529115	39.4453748691	39.4654383543	39.4638542668	39.3873648969	39.3160783808	39.3671094879	39.3519987826	39.3624394375	39.381424712	39.4165791372	39.4175222088	39.4298112174	39.4100390847	39.40674421	39.3462706686	39.3544009235	39.2940405758	39.3260955803	39.2757731706	39.2154541068	39.1653629721	39.124366282	39.0463861241	39.0186127913	38.9444182022	38.927914265	38.9244863121	38.8744224667	38.3631469915
PD_76P_filtered_prinseq_1	38.6962369502	39.2764947979	39.235720828	39.2374417267	39.2438147931	39.1767850929	39.1131289126	39.0990156817	39.1610130336	39.0795451645	39.4118980201	39.4820085789	39.4033025271	39.3858825017	39.4095657291	39.4616873884	39.3338247748	39.3615549848	39.1532160748	39.0766623477	39.1141493945	39.2084678647	39.4057530883	39.3874053677	39.3867977044	39.3532586462	39.3604833543	39.3496275403	39.3344356655	39.3479887188	39.3301467293	39.3066058262	39.2799333907	39.2338124801	39.2409680503	39.2506392712	39.2158566179	38.7165345079
PD_76P_filtered_prinseq_2	37.8649653202	38.831227405	39.1309089456	39.1483196604	39.2907228589	39.2543512239	39.3856283239	39.3886030423	39.5040708408	39.4192157963	39.442367702	39.4257635906	39.3327798216	39.2691900565	39.3284380052	39.3218774864	39.3405209171	39.3595625286	39.4010239269	39.4046795789	39.4213256514	39.4049081868	39.3998252752	39.3383389655	39.3439623308	39.2806789432	39.309287605	39.2552478104	39.1935766499	39.137683434	39.0904056558	39.0059495254	38.970239318	38.8909658036	38.8701307823	38.8640444739	38.8138698033	38.3255994008
PD_77P_filtered_prinseq_1	38.602797616	39.2120248148	39.1769597399	39.1694486117	39.1886820505	39.1155378115	39.0607048227	39.0442094737	39.1119903422	39.0151984253	39.3570984571	39.4260851803	39.3351446711	39.3114518694	39.3371283625	39.3868840564	39.2565424331	39.276244414	39.0494946444	38.9638850728	39.012751698	39.1227895133	39.3164001355	39.2940230883	39.2927220062	39.2594817441	39.2672690385	39.2591463583	39.2455661813	39.2577617422	39.2432393107	39.2205334287	39.1925544623	39.15318547	39.1626946301	39.1730848738	39.1465863134	38.6134170077
PD_77P_filtered_prinseq_2	37.9059482539	39.081773877	39.2758978813	39.2431777067	39.3873041889	39.3300211572	39.448538832	39.448269404	39.5366834229	39.4669390153	39.4864245775	39.4779369369	39.4023978549	39.3328100661	39.3810368106	39.3642529765	39.3712657724	39.3871526083	39.4227942153	39.41931798	39.428743776	39.4082903897	39.4016364932	39.33872731	39.3406249671	39.2767764723	39.3028812166	39.2487654601	39.1903170804	39.1362451171	39.0915379354	39.0063159299	38.9757068508	38.9008329718	38.881129932	38.8790545644	38.8301395768	38.2958724034
PD_78P_filtered_prinseq_1	38.5774633706	39.1726854777	39.1345914024	39.1346056728	39.1491329535	39.0809885591	39.0254148132	39.0078273217	39.0840455987	38.9829666762	39.3328638896	39.4040624695	39.3067721832	39.286009049	39.3121334189	39.3626532187	39.2318093853	39.2470016673	39.0267549635	38.9331623784	38.9816463907	39.0921578811	39.291516696	39.2702188602	39.2680447335	39.2398469047	39.2455228584	39.2349084266	39.2243390525	39.2405267296	39.226704015	39.2015122248	39.18035754	39.136385742	39.1494393519	39.159572984	39.1367647367	38.6073331955
PD_78P_filtered_prinseq_2	37.8689341825	38.9140167963	39.1959874769	39.1629356143	39.3401043801	39.290387846	39.3934408424	39.4067281827	39.5071332246	39.4314353419	39.4511085336	39.4447864234	39.3582544431	39.289773584	39.337552196	39.3204663888	39.332582921	39.3505401748	39.3881465191	39.3876758888	39.3985155521	39.3779392518	39.3717028613	39.3106346541	39.3142505688	39.2506853967	39.2750001398	39.2189313003	39.1625994951	39.1095429283	39.064470631	38.9815596538	38.9516601012	38.8765512906	38.8605077468	38.855660111	38.8095219345	38.2831962527
PD_79S_filtered_prinseq_1	38.7206010574	39.2778482843	39.2363973657	39.2368284073	39.2267354878	39.1542310274	39.0939103106	39.0855546522	39.1490792625	39.067480153	39.4097029087	39.4820205481	39.4050413309	39.3909201918	39.413698391	39.4662880776	39.3385884754	39.3784874261	39.1851669331	39.0996579769	39.1378029649	39.2229908575	39.4258695106	39.4124665009	39.4137728396	39.3820395172	39.3905289659	39.382089698	39.3683620766	39.3835415861	39.3693637992	39.3459032743	39.3229416805	39.2815398404	39.2899974101	39.2964887366	39.265200113	38.7935076323
PD_79S_filtered_prinseq_2	37.7732186799	38.7353535905	39.1532096226	39.1761552186	39.3213310999	39.2731646633	39.4162540853	39.4165017978	39.5198841098	39.4421761596	39.4727576292	39.4620758742	39.383332333	39.3202433475	39.3731571337	39.3657700639	39.3787078575	39.3958427953	39.4323837688	39.4332610756	39.4487453042	39.4323209087	39.4273282994	39.3672581254	39.3779341842	39.3143028499	39.3443974001	39.2917206423	39.2298478825	39.1743788239	39.1282110614	39.0463551632	39.0100555364	38.9292828036	38.9132500975	38.9061818379	38.8467534152	38.3539188854
PD_7P_filtered_prinseq_1	38.9415057944	39.3912657332	39.3447957846	39.3410723741	39.3633159266	39.2936537209	39.2200615319	39.2042434129	39.2773484982	39.2048419639	39.4985180635	39.5590862215	39.4956002868	39.4845386972	39.5032317482	39.5585720848	39.4461034094	39.4984627224	39.3298771498	39.2630638403	39.2794421317	39.3288151674	39.5249117832	39.5158694823	39.5159191634	39.4845794919	39.4872752151	39.4761086753	39.4630511117	39.4736980166	39.457848517	39.4332901318	39.4056958302	39.3551382814	39.3576322568	39.3606482231	39.3239708886	38.8479955928
PD_7P_filtered_prinseq_2	38.5594226673	39.3617602551	39.5215022176	39.4695912441	39.5936802757	39.5264599643	39.6191027537	39.612829062	39.6710532566	39.6175292302	39.6382890291	39.6313920487	39.5893731058	39.5185349655	39.5686237631	39.5550075568	39.5569013956	39.5680933046	39.603505489	39.6000140202	39.607188698	39.5880991592	39.5797481646	39.5238569247	39.5349996488	39.4732882284	39.5060157096	39.4607599509	39.4076971759	39.3593591209	39.3206967723	39.2439683744	39.2135542363	39.1412797161	39.1205295636	39.1105087526	39.0499498851	38.4494701867
PD_81P_filtered_prinseq_1	38.481962482	39.2727272727	39.1341991342	39.2554112554	39.2784992785	39.1688311688	39.0822510823	39.0072150072	38.9841269841	39.027994228	39.26002886	39.341991342	39.2484848485	39.1341991342	39.2531024531	39.2623376623	39.154978355	39.2069264069	38.8340548341	39.0901938991	39.0011489615	38.9984249911	39.2841171709	39.2162929379	39.3067364224	39.153208016	39.2563566731	39.2583067868	39.2048764414	39.1096753565	39.3357742063	39.2977213969	39.1167499014	39.178038688	39.1876503455	39.1293015662	39.0435739174	38.2660893327
PD_81P_filtered_prinseq_2	37.7200577201	39.0303030303	39.0707070707	39.1572871573	39.2554112554	39.1919191919	39.2554112554	39.4920634921	39.5093795094	39.453968254	39.4897546898	39.4124098124	39.3223665224	39.1907647908	39.2761904762	39.2334776335	39.2496392496	39.266955267	39.2634920635	39.2998661479	39.2238449199	39.1729513856	39.3583001895	39.2176478384	39.2915778613	39.2533645655	39.1329176578	39.2055616054	39.1293240554	39.1388042463	38.9965795695	39.0052159458	38.9518965947	38.8514237395	39.0118128904	38.856322763	38.6013463967	37.9427694492
PD_82P_filtered_prinseq_1	38.6779024855	39.235742985	39.1914997723	39.1958145456	39.2041879413	39.1361823893	39.0702098789	39.0553966529	39.1269410651	39.0409808338	39.3806718674	39.4503309599	39.3668608626	39.3453076374	39.3680729781	39.4237017211	39.2929409625	39.3256959359	39.1185840829	39.0318966342	39.0673900753	39.1604436732	39.369896752	39.35485904	39.3559183112	39.3227725042	39.3300018932	39.3197940214	39.3071114341	39.3210125956	39.3091876687	39.2822335179	39.2623216184	39.2143802734	39.2272417975	39.2393852416	39.2084800392	38.7254981307
PD_82P_filtered_prinseq_2	37.8851306633	38.9168899437	39.2037092129	39.1739820415	39.3318778745	39.28029333	39.4003808067	39.403878633	39.5064894128	39.4318239398	39.4518982049	39.4422783744	39.3551644696	39.2867279377	39.3438518056	39.3350981626	39.3497860488	39.3687449388	39.410044158	39.4109912598	39.4253305203	39.4074136353	39.4033047538	39.3409001487	39.3486831643	39.2850806912	39.3159921605	39.2647227038	39.2031714962	39.1491586746	39.1035387435	39.020293699	38.9892582879	38.9088238256	38.8937209537	38.8921602584	38.8361117461	38.3564699493
PD_83P_filtered_prinseq_1	38.6793193452	39.2493373531	39.1803006697	39.219796451	39.2258664994	39.1323068207	39.06820711	39.0457074641	39.1153106853	39.0441697186	39.3794144427	39.4450357121	39.3488375857	39.3416344617	39.3707383202	39.4214515509	39.2786192663	39.3123363616	39.1102442183	39.0259768838	39.0630276378	39.1638946639	39.3692000754	39.3536560937	39.3577155038	39.3308411267	39.345479138	39.321464604	39.3118222305	39.3110918769	39.3221950691	39.2927122235	39.267477644	39.2212895786	39.2228839963	39.2543285214	39.206520949	38.7258993523
PD_83P_filtered_prinseq_2	37.937073832	39.0695829877	39.2763693017	39.2821965482	39.3891912672	39.3389312668	39.4688303017	39.4550715254	39.5391619287	39.4703518605	39.4849199765	39.4832041762	39.4130667908	39.3388665196	39.3832021528	39.37447747	39.3942415475	39.4066891933	39.4480950165	39.4453940277	39.4628034263	39.4415491647	39.4517158721	39.3972049875	39.3983887811	39.3524906224	39.3815171935	39.3020477029	39.2598480951	39.2189593345	39.1702963813	39.0975237269	39.0364270898	38.9855810581	38.9718544184	38.9630268934	38.9098412292	38.3741523584
PD_84P_filtered_prinseq_1	38.5992135184	39.1987553968	39.1593179079	39.1712179915	39.1752427095	39.1100612675	39.0746537714	39.0507507444	39.1207454959	39.0214618219	39.3553182455	39.4226080489	39.3286216528	39.3053344657	39.3283054249	39.3783002819	39.2478701435	39.2636878654	39.0347636995	38.9505113912	38.9969744367	39.1130371228	39.3031223726	39.2821678446	39.2838260408	39.2523506437	39.2622281026	39.2528407777	39.2419145202	39.2581585954	39.2428892306	39.2202485633	39.19984518	39.1577941907	39.1699525912	39.1833021849	39.1601661755	38.6294683281
PD_84P_filtered_prinseq_2	38.2890583584	39.1776889257	39.3461771773	39.3171944603	39.4408213484	39.365894603	39.4805225804	39.4729386507	39.5516092278	39.4767220439	39.4966190786	39.4951539863	39.4277106845	39.3538747801	39.3981358646	39.3763599248	39.3825726546	39.3934546903	39.4245855938	39.4232459608	39.4295424882	39.4085925026	39.402763323	39.3382357193	39.3412086317	39.2791794671	39.3111028112	39.2594807692	39.2041629703	39.156030707	39.1119547511	39.0347608444	39.0040178851	38.9368826018	38.9178603688	38.917038223	38.8649662124	38.3512213239
PD_8P_filtered_prinseq_1	38.6536190606	39.2370375196	39.182541637	39.192302439	39.2080056486	39.141798011	39.0738899553	39.0614386694	39.1247807505	39.0424837372	39.3747913026	39.4427919254	39.3537560247	39.3359593892	39.3571755755	39.4090872252	39.276932144	39.306326838	39.0973897325	39.0103024506	39.0462246508	39.147668653	39.347054148	39.3304481096	39.3303759558	39.298083815	39.3068382769	39.2971682831	39.2855487764	39.2975196274	39.2848116394	39.2592820311	39.2342165646	39.1907038742	39.2017303462	39.2118803075	39.1835951591	38.6635618479
PD_8P_filtered_prinseq_2	38.3159522605	39.1764855327	39.3717377945	39.3229649757	39.4688236151	39.4031683618	39.5099073247	39.5086596807	39.5788195326	39.5205736748	39.5421999737	39.5435085913	39.4843857605	39.4108059554	39.4576732999	39.4390721352	39.4437085413	39.4561952442	39.4880602733	39.483915898	39.49154975	39.4717369012	39.4654764993	39.40212583	39.4119147501	39.3499237946	39.3827088886	39.3327750089	39.2779990635	39.2276577289	39.184530453	39.1082311648	39.0799056954	39.0081638849	38.9917308183	38.9831980564	38.9336406579	38.3790529914
PD_9P_filtered_prinseq_1	38.6384771701	39.2332004456	39.1972748387	39.2045849636	39.2065921067	39.1381140533	39.072210169	39.0634588532	39.1394231531	39.0561618301	39.3880337649	39.4534552475	39.3682155622	39.3510617374	39.3728550806	39.4264265791	39.2991494342	39.3315044955	39.1348141339	39.0454340801	39.0785550367	39.1651465233	39.3766583057	39.3604695749	39.3625804189	39.3300813664	39.3365614293	39.32510809	39.3176555636	39.3297862218	39.3145905215	39.292162061	39.2679544773	39.2221676236	39.2340364438	39.240081534	39.2133773116	38.7110316597
PD_9P_filtered_prinseq_2	38.1137440173	39.10916888	39.3005530383	39.2627910405	39.406514946	39.3415045573	39.4454174393	39.4484759431	39.5446845743	39.4814076957	39.5056776967	39.5035962388	39.4321211094	39.3612286852	39.4138115396	39.4011183192	39.4094886108	39.4276010102	39.4630085615	39.4645790823	39.4742195051	39.4549792195	39.4496650295	39.3877424119	39.3951476026	39.3346563499	39.3657913215	39.3139682603	39.2577304601	39.2028182688	39.159868758	39.0810782391	39.0484199584	38.9740958031	38.9583408027	38.9532314233	38.8981093405	38.3523236619
PD_Extr_neg_plate1_filtered_prinseq_1	38.7507246377	39.2231884058	39.1565217391	39.2492753623	39.2898550725	39.3014492754	39.1971014493	39.1942028986	39.3739130435	39.0771014493	39.4156521739	39.4342028986	39.3884057971	39.4208695652	39.4092753623	39.5037681159	39.2869565217	39.2423188406	39.1049275362	39.0506525362	39.0843663243	39.1252837706	39.3202878516	39.2951635931	39.2701611442	39.2879296787	39.299391962	39.2940945835	39.2806782185	39.3027523764	39.3263489534	39.2323357063	39.1881389168	39.0592772392	39.0860133334	38.9976825813	39.049497075	38.5552325581
PD_Extr_neg_plate1_filtered_prinseq_2	38.2028985507	39.2434782609	39.284057971	39.1449275362	39.4057971014	39.3101449275	39.5101449275	39.4434782609	39.5565217391	39.4637681159	39.528115942	39.5014492754	39.4005797101	39.3657971014	39.3142028986	39.3379710145	39.3211594203	39.364057971	39.4023188406	39.4017806147	39.3939170076	39.4044290355	39.3244235986	39.2970542017	39.2935494237	39.3011683152	39.3142528843	39.2796704307	39.2140621421	39.1842356979	39.2185275745	39.174743176	39.0438660156	38.8060264665	38.8472597287	38.9034997959	38.8300257379	38.49928714
PD_Extr_neg_plate2_filtered_prinseq_1	37.696969697	35.5151515152	37.2121212121	37.4545454545	37.696969697	38.1818181818	35.3939393939	38.0606060606	39.0303030303	36.9454545455	37.2121212121	37.1393939394	34.8606060606	33.8909090909	34.5939393939	34.3272727273	34.5212121212	35.0787878788	35.3696969697	35.3378787879	35.6903225806	35.84	36.4	36.3466666667	36.275862069	36.9862068966	36.5714285714	36.7323076923	36.9913043478	36.5075098814	37.5039781271	38.2736842105	37.8666666667	37.0611111111	38.4366666667	36.16	37.7582417582	40.0
PD_Extr_neg_plate2_filtered_prinseq_2	36.7272727273	36.9696969697	38.5454545455	36.8484848485	39.5151515152	38.1818181818	38.1818181818	38.0606060606	37.2121212121	38.4242424242	37.8666666667	37.8181818182	36.7515151515	37.1636363636	37.1636363636	36.7757575758	37.5515151515	37.0181818182	37.1878787879	37.5871212121	37.8	37.0580645161	37.7032258065	37.3402150538	37.5054187192	37.9978835979	37.7606837607	38.6826666667	37.7739130435	38.425974026	37.8293734336	37.7333333333	37.6941176471	37.9325490196	37.1695238095	38.356043956	39.2615384615	37.7564102564
PD_Extr_neg_plate3_filtered_prinseq_1	38.6548672566	39.1504424779	39.2389380531	39.0	38.9911504425	39.1681415929	38.8230088496	38.8849557522	38.7256637168	38.8761061947	39.2637168142	39.2053097345	39.1168141593	38.989380531	39.1079646018	39.0938053097	39.0318584071	38.9256637168	38.7575221239	38.5830049883	38.6474343509	38.9150575847	39.1096655363	39.2068986867	39.2238870982	38.9931215157	39.084871548	39.1016265773	39.3515740326	39.2847674876	39.3530532876	39.0058657714	39.1957425194	39.272585389	39.0408036023	39.2274149664	39.2767645805	38.7791666667
PD_Extr_neg_plate3_filtered_prinseq_2	37.0442477876	39.0442477876	39.1238938053	39.1681415929	39.4159292035	39.4336283186	39.3539823009	39.4867256637	39.5398230088	39.1805309735	39.3610619469	39.4973451327	39.3345132743	39.0778761062	39.2407079646	39.1787610619	39.1415929204	39.1362831858	39.1734513274	39.1677980571	39.1506535603	39.1640191132	39.4011263743	39.1269164486	39.2396904692	39.1547712589	39.1213454067	39.2823653165	39.3240864178	38.9688038892	39.0970783319	38.9712851997	38.7686861303	38.900488879	38.6097164556	38.8822460494	39.0059284391	38.3464473962
PD_Extr_pos_plate1_filtered_prinseq_1	38.6148821856	39.1355831022	39.1284194262	39.0788355515	39.0709695544	39.0369772097	38.9521368122	38.9097166134	38.9989114022	38.9357024968	39.2813849774	39.363078976	39.2780981143	39.2461565474	39.2836604979	39.3186360923	39.1690416828	39.2418021561	39.0361625171	38.9186407611	38.9754892708	39.0542895054	39.3054419088	39.2800626839	39.3033425774	39.2611277984	39.257996081	39.256102546	39.2527307855	39.2599619926	39.2529738118	39.2466165568	39.2008623437	39.152166942	39.1559997783	39.1866020175	39.1580586083	38.7135159133
PD_Extr_pos_plate1_filtered_prinseq_2	37.5681427117	38.5145907223	38.8449626014	38.9091547565	39.094146153	38.9848649788	39.1555290234	39.1607262001	39.2712715525	39.1997190715	39.185138884	39.1669066264	39.0224532079	38.9488780419	39.0189977877	39.0364153527	39.0377076237	39.0736664677	39.1379709941	39.137353424	39.166526287	39.1760621595	39.1696442673	39.12407841	39.1391048947	39.0872990489	39.0969425403	39.0529832354	38.9989543548	38.971215975	38.9169737895	38.8610841904	38.8143954934	38.7534126123	38.7779575776	38.7760398482	38.7402983196	38.1876796874
PD_Extr_pos_plate2_filtered_prinseq_1	38.6607669617	38.9734513274	39.3274336283	39.1681415929	38.9262536873	38.9911504425	38.8495575221	38.814159292	38.8967551622	39.0029498525	39.182300885	39.2330383481	39.2294985251	38.9699115044	39.1339233038	38.9769911504	38.8330383481	39.1315634218	38.9651917404	38.7829350896	38.9089855846	39.0477344904	39.1401967033	39.1971172756	39.1625131476	39.3398683023	39.1171528046	39.3024344036	39.2255556676	39.3109810021	39.1554720575	39.3663132679	39.1892066344	39.1623477858	39.3825919597	39.3839966493	39.39832742	38.8486832566
PD_Extr_pos_plate2_filtered_prinseq_2	38.1238938053	38.7079646018	39.2684365782	39.0973451327	39.4277286136	39.3392330383	39.4513274336	39.3864306785	39.4277286136	39.3486725664	39.4029498525	39.2884955752	39.1634218289	39.191740413	39.2672566372	39.1775811209	39.196460177	39.2471976401	39.204719764	39.2273414688	39.1248779654	39.2252783082	39.3942121226	39.0718785839	39.3571095926	39.1877584116	39.2836230041	39.1680272439	39.1788122432	39.161854998	39.1415530009	38.9014872957	38.8995007459	38.9179926517	38.9659069944	38.8401532323	38.8246782115	38.5160165613
PD_Extr_pos_plate3_filtered_prinseq_1	38.7383023498	39.2635649006	39.2421758357	39.2258549119	39.2350132941	39.1687586288	39.1030699137	39.0828450891	39.1362168813	39.0438636761	39.3803611455	39.4511749818	39.3613924991	39.3384598918	39.3600254408	39.4147442714	39.2877167262	39.2973708344	39.0641676568	38.9920576547	39.0386441141	39.1621894914	39.3386869825	39.316520781	39.3164224254	39.2832794647	39.2912645628	39.2801057764	39.269315918	39.2814723522	39.2672335182	39.2415620901	39.2173418148	39.1707409288	39.1794918929	39.1920185463	39.163569797	38.6150656225
PD_Extr_pos_plate3_filtered_prinseq_2	38.2227880012	39.1090766851	39.3271622952	39.2850864056	39.4373539406	39.3790040972	39.4862073718	39.4882170723	39.560664079	39.5003453451	39.5179101271	39.5133424861	39.4469410588	39.3726351177	39.4177691401	39.3978395335	39.4033550448	39.4147250214	39.4491213913	39.4464368378	39.4580548414	39.4413160815	39.4369129281	39.37669823	39.3838662053	39.3223752251	39.3553442519	39.3048760153	39.2507264801	39.2033509224	39.1623028146	39.0874895238	39.0599305038	38.9931748264	38.9788488214	38.9758008561	38.9295224121	38.3942211345
PD_Lib_neg_plate1_filtered_prinseq_1	38.4791768741	39.2709456149	39.331700147	39.0632043116	39.1415972562	39.1651151396	39.0200881921	39.010289074	39.1161195492	38.9432631063	39.2917197452	39.3732484076	39.1780499755	39.2399804018	39.2039196472	39.3332680059	39.1768740813	39.1831455169	38.9499265066	38.8449450755	38.948057693	39.1096510961	39.3103424261	39.2631522235	39.2470813939	39.1813931041	39.2096323002	39.247861705	39.2164796299	39.1643972207	39.1978490957	39.1917397675	39.1958967591	39.1231881014	39.0557928628	39.0952393573	39.0504040164	38.4152023972
PD_Lib_neg_plate1_filtered_prinseq_2	38.0088192063	38.8652621264	39.1611954924	39.0063694268	39.1768740813	39.2533072024	39.239588437	39.3728564429	39.4179323861	39.4073493386	39.4367466928	39.3928466438	39.2156785889	39.1792258697	39.1941205292	39.2172464478	39.1502204802	39.2450759432	39.229789319	39.2491984564	39.3291876345	39.2736222447	39.3269748358	39.1932583572	39.2772154513	39.1621124297	39.2069547832	39.1867245971	39.2736238199	39.2062897139	39.050082745	38.967831102	38.9789610037	38.8593642639	38.8257173898	38.8651296818	39.0266240702	38.1638887556
PD_Lib_neg_plate2_filtered_prinseq_1	39.0618892508	39.2182410423	39.3615635179	39.0749185668	39.4527687296	39.1791530945	39.1009771987	39.1270358306	39.0488599349	39.0280130293	39.4110749186	39.4371335505	39.3459283388	39.4006514658	39.5205211726	39.4814332248	39.3719869707	39.4631921824	39.3850162866	39.1610082677	39.2594510644	39.2291950666	39.3461743115	39.5386063143	39.398136646	39.272132064	39.3708193569	39.4560361738	39.1903492165	39.4399849566	39.3692518206	39.314522228	39.5968532637	39.3378770693	39.5068026773	39.4414161018	39.5145525866	38.8659603869
PD_Lib_neg_plate2_filtered_prinseq_2	37.6286644951	38.4755700326	39.2052117264	39.0488599349	39.3094462541	39.5179153094	39.5960912052	39.348534202	39.2442996743	39.4319218241	39.6039087948	39.4084690554	39.3798045603	39.2260586319	39.3667752443	39.2781758958	39.3120521173	39.4110749186	39.4475570033	39.5794827572	39.407065673	39.4090296408	39.4355940622	39.5252607087	39.2830641822	39.5154680532	39.4115972258	39.3397937026	39.1716270071	39.2281165139	39.3869527136	39.0270902459	39.3048598707	38.9946126638	39.0314932367	38.8667582085	38.8300519408	38.6340955568
PD_Lib_pos_plate1_filtered_prinseq_1	38.8956525425	39.3286151315	39.3000905045	39.2688143411	39.2647603376	39.1942107035	39.1073632771	39.0984285127	39.1581016493	39.0698793523	39.4134294726	39.4862443622	39.4096782478	39.3940466485	39.4183373599	39.4737823653	39.3473024421	39.3801056634	39.1781015994	39.1004424191	39.1311364196	39.2198565867	39.4226627616	39.4078007402	39.4059887604	39.3733320846	39.3774424385	39.3650182854	39.3518152672	39.3642302813	39.346627242	39.322137904	39.2963496678	39.249465962	39.2548745898	39.2637242092	39.2298289522	38.7286434554
PD_Lib_pos_plate1_filtered_prinseq_2	37.9214749991	39.0269244674	39.2616078886	39.2437892217	39.3820581672	39.3378391114	39.4401625591	39.4467816049	39.535931785	39.4653374721	39.4874042161	39.4775128464	39.4037024571	39.3357465874	39.3884905195	39.3754393208	39.3863479312	39.4035412942	39.440807011	39.4432558949	39.4570896384	39.442354389	39.4379400116	39.3796715561	39.3923581802	39.329555826	39.3607331914	39.3087839324	39.253665016	39.203017629	39.1599453517	39.0822382213	39.0538682284	38.9728926299	38.9600427155	38.958493558	38.9002129103	38.3817989034
PD_Lib_pos_plate2_filtered_prinseq_1	38.7112207263	39.2119584153	39.1764439227	39.1578369768	39.1440551862	39.0703706261	38.9937405812	38.9978752238	39.0626305583	38.9725678798	39.330948833	39.4095333979	39.3142656239	39.2937855436	39.3228448492	39.376108576	39.2415606431	39.2703407917	39.0582994095	38.9606824951	38.9955661057	39.0936631516	39.3116550944	39.2964864773	39.2953520791	39.2636078013	39.2699501251	39.2583803208	39.2464330071	39.2586165156	39.2461735528	39.2208142138	39.1970575289	39.1527016578	39.1620369214	39.1796799275	39.1496726322	38.6426468958
PD_Lib_pos_plate2_filtered_prinseq_2	37.4866022083	38.6947960115	38.9974619704	39.0121503884	39.1777954301	39.1480612142	39.2614328613	39.2704717256	39.4007498652	39.3141218286	39.3368785978	39.3199221355	39.2020806044	39.1410704845	39.2004349703	39.1917846908	39.2106463357	39.2354335287	39.2753390497	39.2823842319	39.3040691472	39.2928688584	39.2926547482	39.2344769962	39.2416051746	39.1797036373	39.2087313311	39.1558058743	39.0990986746	39.0485978998	39.004707228	38.9230937427	38.8952381075	38.8180127273	38.8076380163	38.8105795642	38.7659516172	38.2634353509
