feature	metadata	value	coef	abs coef	stderr	N	N.not.0	pval	qval	p-val rank	q-val adjusted for block	Log q val
d__Bacteria.p__Bacillota_A.c__Clostridia.o__Lachnospirales.f__Lachnospiraceae.g__Anthropogastromicrobium.s__Anthropogastromicrobium.sp934292725	Group	PD	-1.698980098	1.698980098	0.337940282	146	94	1.54E-06	0.000767526	1	0.000191882	3.716966615
d__Bacteria.p__Bacillota_A.c__Clostridia.o__Lachnospirales.f__Lachnospiraceae.g__Agathobacter.s__Agathobacter.rectalis	Group	PD	-1.498424101	1.498424101	0.431110717	146	110	0.000684171	0.068234611	2	0.021323316	1.671145259
d__Bacteria.p__Bacillota_A.c__Clostridia.o__Oscillospirales.f__Ruminococcaceae.g__Faecalibacterium.s__Faecalibacterium.sp934514285	Group	PD	-1.410117677	1.410117677	0.323815003	146	96	2.60E-05	0.006488485	3	0.001622121	2.789916715
d__Bacteria.p__Actinomycetota.c__Actinomycetes.o__Actinomycetales.f__Bifidobacteriaceae.g__Bifidobacterium.s__Bifidobacterium.infantis	Group	PD	1.378533337	1.378533337	0.4262129	146	87	0.001530433	0.09843606	4	0.034742139	1.459143447
d__Bacteria.p__Bacillota_A.c__Clostridia.o__Lachnospirales.f__Lachnospiraceae.g__Fusicatenibacter.s__Fusicatenibacter.saccharivorans	Group	PD	-1.13337047	1.13337047	0.309123107	146	132	0.000351794	0.045423925	5	0.013157099	1.880839864
d__Bacteria.p__Bacillota_A.c__Clostridia.o__Lachnospirales.f__Lachnospiraceae.g__Hominisplanchenecus.s__Hominisplanchenecus.faecis	Group	PD	-1.130359839	1.130359839	0.276576115	146	65	7.43E-05	0.015885339	6	0.003971335	2.401063502
d__Bacteria.p__Bacteroidota.c__Bacteroidia.o__Bacteroidales.f__Rikenellaceae.g__Alistipes.s__Alistipes.onderdonkii	Group	PD	1.100541148	1.100541148	0.34128328	146	106	0.001579188	0.09843606	7	0.034742139	1.459143447
d__Bacteria.p__Bacillota_A.c__Clostridia.o__Lachnospirales.f__Lachnospiraceae.g__Eubacterium_F.s__Eubacterium_F.sp003491505	Group	PD	-1.008229376	1.008229376	0.280234763	146	83	0.000448215	0.051579248	8	0.015239323	1.817034321
d__Bacteria.p__Bacillota_A.c__Clostridia.o__Lachnospirales.f__Lachnospiraceae.g__Anaerostipes.s__	Group	PD	-0.974323494	0.974323494	0.294106074	146	132	0.001183447	0.098357561	9	0.03379986	1.471085098
d__Bacteria.p__Bacillota_A.c__Clostridia.o__Lachnospirales.f__Lachnospiraceae.g__Ruminococcus_B.s__Ruminococcus_B.gnavus	Group	PD	0.971841008	0.971841008	0.331559455	146	49	0.003963204	0.137330152	10	0.058101218	1.235814761
d__Bacteria.p__Bacillota_A.c__Clostridia.o__Oscillospirales.f__Ruminococcaceae.g__Ruthenibacterium.s__Ruthenibacterium.lactatiformans	Group	PD	0.934042957	0.934042957	0.236565065	146	111	0.000125697	0.023505265	11	0.005876316	2.230894841
d__Bacteria.p__Bacillota_A.c__Clostridia.o__Oscillospirales.f__Ruminococcaceae.g__Faecalibacterium.s__Faecalibacterium.sp900539945	Group	PD	-0.898358346	0.898358346	0.272844138	146	80	0.001265235	0.09843606	12	0.03379986	1.471085098
d__Bacteria.p__Bacillota_A.c__Clostridia.o__Oscillospirales.f__Ruminococcaceae.g__Hominimerdicola.s__Hominimerdicola.aceti	Group	PD	-0.894475988	0.894475988	0.371421799	146	83	0.017369619	0.257512987	13	0.116004239	0.93552614
d__Bacteria.p__Actinomycetota.c__Actinomycetes.o__Actinomycetales.f__Bifidobacteriaceae.g__Bifidobacterium.s__Bifidobacterium.adolescentis	Group	PD	0.886556796	0.886556796	0.413350164	146	67	0.033745424	0.348796853	14	0.169258845	0.771448627
d__Bacteria.p__Bacillota_A.c__Clostridia.o__Oscillospirales.f__Ruminococcaceae.g__Faecalibacterium.s__Faecalibacterium.sp905215595	Group	PD	-0.866116439	0.866116439	0.336103806	146	108	0.011033917	0.203127165	15	0.087801811	1.056496524
d__Bacteria.p__Actinomycetota.c__Coriobacteriia.o__Coriobacteriales.f__Eggerthellaceae.g__Eggerthella.s__Eggerthella.lenta	Sex_Male1_Female2	Female	0.844439953	0.844439953	0.230940915	146	64	0.000364363	0.045423925	1	0.136271776	0.865594086
d__Bacteria.p__Pseudomonadota.c__Gammaproteobacteria.o__Enterobacterales.f__Enterobacteriaceae.g__Escherichia.s__Escherichia.coli_F	Group	PD	0.841166745	0.841166745	0.372055816	146	61	0.025355769	0.294048303	1	0.141538175	0.849126407
d__Bacteria.p__Bacillota_A.c__Clostridia.o__Oscillospirales.f__Ruminococcaceae.g__Ruminiclostridium_E.s__Ruminiclostridium_E.siraeum	Sex_Male1_Female2	Female	-0.839527086	0.839527086	0.333493844	146	72	0.012983985	0.213451012	1	0.527122424	0.278088508
d__Bacteria.p__Bacillota_A.c__Clostridia.o__Lachnospirales.f__Lachnospiraceae.g__Blautia_A.s__Blautia_A.wexlerae_B	Group	PD	-0.832349368	0.832349368	0.3239662	146	138	0.011269756	0.203127165	1	0.087810181	1.056455129
d__Bacteria.p__Bacillota_A.c__Clostridia.o__Oscillospirales.f__Ruminococcaceae.g__Gemmiger.s__Gemmiger.formicilis	Group	PD	-0.798172002	0.798172002	0.368023593	146	97	0.031836359	0.33553155	2	0.163106827	0.787527861
d__Bacteria.p__Bacillota_A.c__Clostridia.o__Oscillospirales.f__Ruminococcaceae.g__Faecalibacterium.s__Faecalibacterium.sp905215595	Sex_Male1_Female2	Female	-0.787544397	0.787544397	0.319495288	146	108	0.014948763	0.235403681	1	0.527122424	0.278088508
d__Bacteria.p__Bacillota.c__Bacilli.o__Lactobacillales.f__Streptococcaceae.g__Streptococcus.s__Streptococcus.thermophilus	Group	PD	0.775462119	0.775462119	0.278593637	146	75	0.006143818	0.151517268	1	0.063254012	1.198911923
d__Bacteria.p__Bacillota_A.c__Clostridia.o__Lachnospirales.f__Lachnospiraceae.g__Blautia_A.s__Blautia_A.sp934424005	Sex_Male1_Female2	Female	-0.728716211	0.728716211	0.307605489	146	122	0.019242688	0.266546862	1	0.527122424	0.278088508
d__Bacteria.p__Actinomycetota.c__Actinomycetes.o__Actinomycetales.f__Bifidobacteriaceae.g__Bifidobacterium.s__Bifidobacterium.animalis_B	Sex_Male1_Female2	Female	0.707791541	0.707791541	0.253761264	146	27	0.006042301	0.151517268	2	0.527122424	0.278088508
d__Bacteria.p__Bacillota_A.c__Clostridia.o__Oscillospirales.f__Acutalibacteraceae.g__CAG.177.s__CAG.177.sp003514385	Group	PD	0.707762495	0.707762495	0.250324192	146	30	0.005402278	0.14751472	1	0.063254012	1.198911923
d__Bacteria.p__Bacillota_A.c__Clostridia.o__Lachnospirales.f__Lachnospiraceae.g__Mediterraneibacter.s__Mediterraneibacter.torques	Group	PD	0.707147157	0.707147157	0.305693683	146	113	0.022208785	0.278808555	2	0.130820758	0.88332334
d__Bacteria.p__Bacillota_A.c__Clostridia.o__Oscillospirales.f__Oscillospiraceae.g__Dysosmobacter.s__Dysosmobacter.segnis	Sex_Male1_Female2	Female	-0.705409141	0.705409141	0.271845498	146	77	0.010499918	0.198833883	1	0.527122424	0.278088508
d__Bacteria.p__Bacillota_A.c__Clostridia.o__Oscillospirales.f__Oscillospiraceae.g__Vescimonas.s__Vescimonas.sp000435555	Group	PD	0.690590272	0.690590272	0.341684793	146	60	0.045228585	0.407602186	1	0.203801093	0.690793491
d__Bacteria.p__Bacillota_A.c__Clostridia.o__Lachnospirales.f__Lachnospiraceae.g__Hominiventricola.s__Hominiventricola.sp003480725	Group	PD	-0.685473088	0.685473088	0.130230309	146	40	5.37E-07	0.000401969	2	0.000100492	3.997867768
d__Bacteria.p__Bacillota_A.c__Clostridia.o__Christensenellales.f__Aristaeellaceae.g__Ventricola.s__Ventricola.sp900542445	Group	PD	-0.683435551	0.683435551	0.239237288	146	80	0.004953146	0.14751472	3	0.063254012	1.198911923
d__Bacteria.p__Bacillota_A.c__Clostridia.o__Monoglobales.f__Monoglobaceae.g__Monoglobus.s__Monoglobus.pectinilyticus	Sex_Male1_Female2	Female	0.680604358	0.680604358	0.225169767	146	62	0.002995495	0.129986878	1	0.527122424	0.278088508
d__Bacteria.p__Bacillota_A.c__Clostridia.o__Lachnospirales.f__Lachnospiraceae.g__Butyribacter.s__Butyribacter.sp003529475	Group	PD	-0.677461113	0.677461113	0.297866395	146	68	0.024508565	0.2905092	1	0.138881868	0.85735445
d__Bacteria.p__Bacillota_A.c__Clostridia.o__Lachnospirales.f__Lachnospiraceae.g__Acetatifactor.s__Acetatifactor.acetigignens	Group	PD	-0.676827701	0.676827701	0.292982773	146	87	0.02238644	0.278808555	2	0.130820758	0.88332334
d__Bacteria.p__Actinomycetota.c__Coriobacteriia.o__Coriobacteriales.f__Eggerthellaceae.g__Eggerthella.s__Eggerthella.lenta	Group	PD	0.672474133	0.672474133	0.242946057	146	64	0.006426878	0.152612855	3	0.063254012	1.198911923
d__Bacteria.p__Bacillota_A.c__Clostridia.o__Oscillospirales.f__Oscillospiraceae.g__CAG.103.s__CAG.103.sp905215475	Sex_Male1_Female2	Female	-0.665246886	0.665246886	0.283634425	146	51	0.020450667	0.275623401	1	0.527122424	0.278088508
d__Bacteria.p__Bacillota_A.c__Clostridia.o__Lachnospirales.f__Lachnospiraceae.g__Otoolea.s__Otoolea.fessa	Group	PD	-0.663902112	0.663902112	0.212382238	146	84	0.002167239	0.1157925	1	0.040527375	1.392251525
d__Bacteria.p__Bacillota_A.c__Clostridia.o__Lachnospirales.f__Lachnospiraceae.g__Agathobacter.s__Agathobacter.faecis	Group	PD	-0.662885814	0.662885814	0.412318792	146	92	0.110219561	0.54669251	2	0.329776928	0.481779732
d__Bacteria.p__Bacillota.c__Bacilli.o__Lactobacillales.f__Streptococcaceae.g__Streptococcus.s__Streptococcus.mutans	Group	PD	0.660424034	0.660424034	0.203761977	146	24	0.001497078	0.09843606	3	0.034742139	1.459143447
d__Bacteria.p__Bacillota_A.c__Clostridia.o__Lachnospirales.f__Lachnospiraceae.g__Roseburia.s__Roseburia.inulinivorans	Group	PD	-0.650100268	0.650100268	0.234187155	146	78	0.006279459	0.151517268	4	0.063254012	1.198911923
d__Bacteria.p__Bacillota_A.c__Clostridia.o__Lachnospirales.f__Lachnospiraceae.g__Coprococcus.s__Coprococcus.aceti	Group	PD	-0.6436031	0.6436031	0.393670116	146	42	0.104386918	0.538238329	5	0.325339226	0.48766357
d__Bacteria.p__Bacillota_A.c__Clostridia.o__Oscillospirales.f__Ruminococcaceae.g__Faecalibacterium.s__Faecalibacterium.sp900539885	Group	PD	-0.64289756	0.64289756	0.258667407	146	53	0.014152258	0.225231673	6	0.098017487	1.008696435
d__Bacteria.p__Bacillota_A.c__Clostridia.o__Lachnospirales.f__Lachnospiraceae.g__Roseburia.s__Roseburia.intestinalis	Group	PD	-0.63912233	0.63912233	0.299086894	146	75	0.034394846	0.350031897	7	0.169258845	0.771448627
d__Bacteria.p__Bacillota_A.c__Clostridia.o__Oscillospirales.f__Ruminococcaceae.g__Faecalibacterium.s__Faecalibacterium.prausnitzii_I	Group	PD	-0.636382958	0.636382958	0.217578421	146	63	0.004039122	0.137330152	8	0.058101218	1.235814761
d__Bacteria.p__Verrucomicrobiota.c__Verrucomicrobiae.o__Verrucomicrobiales.f__Akkermansiaceae.g__Akkermansia.s__Akkermansia.muciniphila	Group	PD	0.634724542	0.634724542	0.468607669	146	54	0.177826046	0.629389205	9	0.426326547	0.370257623
d__Bacteria.p__Actinomycetota.c__Actinomycetes.o__Actinomycetales.f__Bifidobacteriaceae.g__Bifidobacterium.s__Bifidobacterium.infantis	Age	Age	-0.634715883	0.634715883	0.196005699	146	87	0.001511278	0.09843606	1	0.09554201	1.019805627
d__Bacteria.p__Bacillota.c__Bacilli.o__Lactobacillales.f__Streptococcaceae.g__Streptococcus.s__Streptococcus.sp001556435	Group	PD	0.633489729	0.633489729	0.302944155	146	113	0.038378561	0.367160983	1	0.183359373	0.736696886
d__Bacteria.p__Bacillota_A.c__Clostridia.o__Oscillospirales.f__Ruminococcaceae.g__Faecalibacterium.s__Faecalibacterium.prausnitzii_E	Group	PD	-0.631908017	0.631908017	0.302050216	146	24	0.038291866	0.367160983	2	0.183359373	0.736696886
d__Bacteria.p__Bacillota_I.c__Bacilli_A.o__Erysipelotrichales.f__Coprobacillaceae.g__Faecalibacillus.s__Faecalibacillus.intestinalis	Group	PD	-0.614687749	0.614687749	0.243228589	146	87	0.012642191	0.210141304	3	0.090926526	1.041309402
d__Bacteria.p__Bacillota_A.c__Clostridia.o__Oscillospirales.f__Ruminococcaceae.g__Faecalibacterium.s__Faecalibacterium.duncaniae	Group	PD	-0.613068854	0.613068854	0.341932773	146	105	0.075203272	0.497805728	4	0.278475482	0.555213036
d__Bacteria.p__Bacillota_A.c__Clostridia.o__Lachnospirales.f__Lachnospiraceae.g__Lachnospira.s__Lachnospira.pectinoschiza_A	Group	PD	-0.610659363	0.610659363	0.285587742	146	58	0.03428364	0.350031897	5	0.169258845	0.771448627
d__Bacteria.p__Bacillota_A.c__Clostridia.o__Oscillospirales.f__Acutalibacteraceae.g__Clostridium_A.s__Clostridium_A.leptum	Group	PD	0.609015052	0.609015052	0.234276028	146	66	0.010364859	0.198833883	6	0.086732216	1.061819556
d__Bacteria.p__Bacillota_A.c__Clostridia.o__Oscillospirales.f__Ruminococcaceae.g__Gemmiger.s__Gemmiger.qucibialis	Group	PD	0.60598969	0.60598969	0.301856369	146	125	0.046673258	0.413154992	7	0.207807124	0.682339568
d__Bacteria.p__Bacillota_A.c__Clostridia.o__UBA1381.f__UBA1381.g__Hominilimicola.s__Hominilimicola.fabiformis	Group	PD	-0.599567688	0.599567688	0.226363963	146	116	0.009036504	0.183085506	8	0.07859657	1.104596406
d__Bacteria.p__Bacillota_A.c__Clostridia.o__Lachnospirales.f__Lachnospiraceae.g__Dorea_A.s__Dorea_A.longicatena	Sex_Male1_Female2	Female	-0.595285556	0.595285556	0.32423681	146	93	0.068547732	0.480115594	1	0.695361253	0.157789513
d__Bacteria.p__Bacillota_A.c__Clostridia.o__Lachnospirales.f__Lachnospiraceae.g__Agathobacter.s__Agathobacter.faecis	Sex_Male1_Female2	Female	-0.593145624	0.593145624	0.391944123	146	92	0.132513184	0.581348162	2	0.784838176	0.10521988
d__Bacteria.p__Bacillota_A.c__Clostridia.o__Oscillospirales.f__Ruminococcaceae.g__Gemmiger.s__Gemmiger.sp900539695	Group	PD	-0.580997392	0.580997392	0.182814579	146	65	0.001835543	0.103298717	1	0.036698228	1.435354902
d__Bacteria.p__Bacillota_A.c__Clostridia.o__Lachnospirales.f__Lachnospiraceae.g__Blautia.s__Blautia.stercoris	Group	PD	-0.578824038	0.578824038	0.24815613	146	35	0.02114214	0.276689374	2	0.129625582	0.887309281
d__Bacteria.p__Bacteroidota.c__Bacteroidia.o__Bacteroidales.f__Bacteroidaceae.g__Phocaeicola.s__Phocaeicola.dorei	Sex_Male1_Female2	Female	-0.578377628	0.578377628	0.373357842	146	76	0.123675828	0.565249191	1	0.768661134	0.114265078
d__Bacteria.p__Bacillota.c__Bacilli.o__Lactobacillales.f__Streptococcaceae.g__Lactococcus.s__Lactococcus.lactis	Group	PD	0.576881299	0.576881299	0.204128946	146	42	0.005423335	0.14751472	1	0.063254012	1.198911923
d__Bacteria.p__Bacillota_A.c__Clostridia.o__Lachnospirales.f__Lachnospiraceae.g__Eubacterium_G.s__Eubacterium_G.ventriosum	Group	PD	-0.572102696	0.572102696	0.205821888	146	66	0.006213766	0.151517268	2	0.063254012	1.198911923
d__Bacteria.p__Bacillota_A.c__Clostridia.o__Lachnospirales.f__Lachnospiraceae.g__Bariatricus.s__Bariatricus.comes_A	Group	PD	-0.570990187	0.570990187	0.254753098	146	120	0.026623993	0.304041938	3	0.146425256	0.834384007
d__Bacteria.p__Bacillota_A.c__Clostridia.o__Lachnospirales.f__Lachnospiraceae.g__Roseburia_B.s__Roseburia_B.zhanii	Group	PD	-0.569286191	0.569286191	0.118834923	146	20	4.29E-06	0.001605138	4	0.000401284	3.396547745
d__Bacteria.p__Actinomycetota.c__Actinomycetes.o__Actinomycetales.f__Bifidobacteriaceae.g__Bifidobacterium.s__Bifidobacterium.adolescentis	Age	Age	-0.56428104	0.56428104	0.190090417	146	67	0.003537762	0.134335374	1	0.123763771	0.907406465
d__Bacteria.p__Bacillota_A.c__Clostridia.o__Oscillospirales.f__Oscillospiraceae.g__Evtepia.s__Evtepia.gabavorous	Group	PD	0.552918873	0.552918873	0.272291489	146	82	0.044243367	0.403585835	1	0.201792918	0.695094081
d__Bacteria.p__Bacteroidota.c__Bacteroidia.o__Bacteroidales.f__Rikenellaceae.g__Alistipes.s__Alistipes.shahii	Group	PD	-0.552880131	0.552880131	0.294509066	146	88	0.062619764	0.466065506	2	0.24914672	0.603544826
d__Bacteria.p__Bacillota_A.c__Clostridia.o__Oscillospirales.f__Butyricicoccaceae.g__Agathobaculum.s__Agathobaculum.butyriciproducens	Group	PD	-0.551892341	0.551892341	0.236194254	146	107	0.020920601	0.276689374	3	0.129625582	0.887309281
d__Bacteria.p__Bacillota_A.c__Clostridia.o__Lachnospirales.f__Lachnospiraceae.g__Anaerobutyricum.s__Anaerobutyricum.soehngenii	Age	Age	0.547031994	0.547031994	0.162465522	146	96	0.000988162	0.086958232	1	0.092393122	1.034360359
d__Bacteria.p__Bacillota_A.c__Clostridia.o__Lachnospirales.f__Lachnospiraceae.g__Butyribacter.s__Butyribacter.intestini	Group	PD	-0.539499054	0.539499054	0.17680704	146	24	0.002740042	0.129986878	1	0.044555471	1.351098965
d__Bacteria.p__Bacillota_A.c__Clostridia.o__Lachnospirales.f__Lachnospiraceae.g__Gallintestinimicrobium.s__Gallintestinimicrobium.propionicum	Group	PD	-0.537365399	0.537365399	0.208486581	146	75	0.011017918	0.203127165	2	0.087801811	1.056496524
d__Bacteria.p__Bacillota_A.c__Clostridia.o__Oscillospirales.f__Oscillospiraceae.g__Flavonifractor.s__Flavonifractor.plautii	Group	PD	0.536273681	0.536273681	0.229243222	146	65	0.020774999	0.276689374	3	0.129625582	0.887309281
d__Bacteria.p__Bacillota_A.c__Clostridia.o__Oscillospirales.f__Oscillospiraceae.g__F23.B02.s__F23.B02.sp001916715	Group	PD	-0.534725853	0.534725853	0.313992677	146	36	0.090854546	0.510905214	4	0.303179126	0.518300704
d__Bacteria.p__Bacillota_A.c__Clostridia.o__Lachnospirales.f__Lachnospiraceae.g__UBA3402.s__UBA3402.sp003478355	Group	PD	-0.532841861	0.532841861	0.142644122	146	29	0.000274772	0.041105827	5	0.011418285	1.942399111
d__Bacteria.p__Bacillota_A.c__Clostridia.o__Lachnospirales.f__Lachnospiraceae.g__Blautia_A.s__Blautia_A.acetigignens	Group	PD	-0.531241509	0.531241509	0.240390506	146	56	0.02878364	0.317507342	6	0.151620866	0.819241028
d__Bacteria.p__Bacillota_A.c__Clostridia.o__Lachnospirales.f__Lachnospiraceae.g__Anaerobutyricum.s__Anaerobutyricum.soehngenii	Sex_Male1_Female2	Female	0.528694544	0.528694544	0.335822761	146	96	0.117735533	0.559342069	1	0.768661134	0.114265078
d__Bacteria.p__Bacillota_A.c__Clostridia.o__Lachnospirales.f__Lachnospiraceae.g__Alitiscatomonas.s__Alitiscatomonas.sp900066535	Group	PD	-0.520963885	0.520963885	0.1689197	146	40	0.002473356	0.123338034	1	0.042047057	1.376264394
d__Bacteria.p__Bacillota_A.c__Clostridia.o__Oscillospirales.f__Acutalibacteraceae.g__Clostridium_A.s__Clostridium_A.leptum	Sex_Male1_Female2	Female	0.518924112	0.518924112	0.222699314	146	66	0.021269571	0.276689374	1	0.527122424	0.278088508
d__Bacteria.p__Bacillota_A.c__Clostridia.o__Oscillospirales.f__Oscillospiraceae.g__CAG.103.s__CAG.103.sp000432375	Sex_Male1_Female2	Female	-0.510180688	0.510180688	0.355700073	146	44	0.153781991	0.614880442	2	0.845800952	0.07273183
d__Bacteria.p__Bacillota_A.c__Clostridia.o__Lachnospirales.f__Lachnospiraceae.g__Sellimonas.s__Sellimonas.intestinalis	Group	PD	0.499696663	0.499696663	0.196135947	146	32	0.011955253	0.205575383	1	0.088998621	1.050616722
d__Bacteria.p__Bacillota_A.c__Clostridia.o__Lachnospirales.f__Lachnospiraceae.g__Enterocloster.s__Enterocloster.sp900541315	Group	PD	-0.499147578	0.499147578	0.165906447	146	35	0.003128026	0.129986878	2	0.048745079	1.31206922
d__Bacteria.p__Verrucomicrobiota.c__Verrucomicrobiae.o__Verrucomicrobiales.f__Akkermansiaceae.g__Akkermansia.s__Akkermansia.muciniphila	Age	Age	0.499000212	0.499000212	0.215502097	146	54	0.022080581	0.278808555	1	0.290691315	0.536567944
d__Bacteria.p__Actinomycetota.c__Actinomycetes.o__Actinomycetales.f__Bifidobacteriaceae.g__Bifidobacterium.s__Bifidobacterium.adolescentis	Sex_Male1_Female2	Female	-0.498262462	0.498262462	0.39292453	146	67	0.206933467	0.669360918	1	0.912017603	0.039996779
d__Bacteria.p__Bacillota_A.c__Clostridia.o__Lachnospirales.f__Lachnospiraceae.g__Blautia_A.s__Blautia_A.sp934424005	Group	PD	-0.497253637	0.497253637	0.323595932	146	122	0.126702357	0.565661606	1	0.351012456	0.454677472
d__Bacteria.p__Bacillota_A.c__Clostridia.o__Oscillospirales.f__Ruminococcaceae.g__Faecalibacterium.s__Faecalibacterium.sp900539945	Sex_Male1_Female2	Female	-0.496846242	0.496846242	0.259361587	146	80	0.057508388	0.438797761	1	0.651761729	0.185911144
d__Bacteria.p__Bacillota_A.c__Clostridia.o__Lachnospirales.f__Lachnospiraceae.g__Mediterraneibacter.s__Mediterraneibacter.faecis	Group	PD	-0.49375837	0.49375837	0.324469638	146	112	0.130395994	0.575434831	1	0.355971547	0.448584714
d__Bacteria.p__Bacteroidota.c__Bacteroidia.o__Bacteroidales.f__Rikenellaceae.g__Alistipes.s__Alistipes.sp902363575	Sex_Male1_Female2	Female	-0.493078282	0.493078282	0.225428296	146	26	0.030430115	0.326190757	1	0.651761729	0.185911144
d__Bacteria.p__Bacillota_A.c__Clostridia.o__Lachnospirales.f__Lachnospiraceae.g__Roseburia.s__Roseburia.intestinalis	Sex_Male1_Female2	Female	-0.492909774	0.492909774	0.284307562	146	75	0.085233952	0.510905214	2	0.714499006	0.145998371
d__Bacteria.p__Bacillota_A.c__Clostridia.o__Lachnospirales.f__Anaerotignaceae.g__Anaerotignum.s__Anaerotignum.faecicola	Group	PD	-0.492095505	0.492095505	0.192590488	146	48	0.011714594	0.204098272	1	0.088998621	1.050616722
d__Bacteria.p__Bacillota_A.c__Clostridia.o__Lachnospirales.f__Lachnospiraceae.g__Lachnospira.s__Lachnospira.pectinoschiza_A	Sex_Male1_Female2	Female	-0.485767235	0.485767235	0.271475468	146	58	0.075782467	0.499429825	1	0.714499006	0.145998371
d__Bacteria.p__Bacillota_A.c__Clostridia.o__Oscillospirales.f__Ruminococcaceae.g__Faecalibacterium.s__Faecalibacterium.sp900758465	Group	PD	-0.484623931	0.484623931	0.1724551	146	36	0.005683159	0.151517268	1	0.063254012	1.198911923
d__Bacteria.p__Bacillota_A.c__Clostridia.o__Oscillospirales.f__Acutalibacteraceae.g__UMGS1071.s__UMGS1071.sp900542375	Sex_Male1_Female2	Female	0.484429655	0.484429655	0.189632691	146	61	0.011732922	0.204098272	1	0.527122424	0.278088508
d__Bacteria.p__Bacillota_A.c__Clostridia.o__Lachnospirales.f__Lachnospiraceae.g__Brotaphodocola.s__Brotaphodocola.sp003478505	Group	PD	-0.482525385	0.482525385	0.088735545	146	22	2.43E-07	0.000362992	1	9.07479E-05	4.042163241
d__Bacteria.p__Bacillota_A.c__Clostridia.o__Lachnospirales.f__Lachnospiraceae.g__Blautia_A.s__Blautia_A.sp900066335	Group	PD	-0.473886963	0.473886963	0.270377781	146	31	0.081909651	0.510905214	2	0.29110295	0.535953393
d__Bacteria.p__Bacillota_A.c__Clostridia.o__Peptostreptococcales.f__Anaerovoracaceae.g__Lentihominibacter.s__Lentihominibacter.faecis	Group	PD	0.472836995	0.472836995	0.182063118	146	71	0.010435694	0.198833883	3	0.086732216	1.061819556
d__Bacteria.p__Actinomycetota.c__Coriobacteriia.o__Coriobacteriales.f__Coriobacteriaceae.g__Collinsella.s__Collinsella.sp023656745	Group	PD	0.471357242	0.471357242	0.321448198	146	111	0.14485997	0.607582888	4	0.378864536	0.421516046
d__Bacteria.p__Bacillota_A.c__Clostridia.o__Peptostreptococcales.f__Peptostreptococcaceae.g__Romboutsia.s__Romboutsia.timonensis	Group	PD	0.468913245	0.468913245	0.247618836	146	80	0.060390199	0.456281503	5	0.247350665	0.606686918
d__Bacteria.p__Bacillota_A.c__Clostridia.o__Lachnospirales.f__Lachnospiraceae.g__Blautia_A.s__Blautia_A.caecimuris	Group	PD	0.464824092	0.464824092	0.293355103	146	36	0.115400293	0.555108804	6	0.331997765	0.478864839
d__Bacteria.p__Bacillota_A.c__Clostridia.o__Lachnospirales.f__Lachnospiraceae.g__Enterocloster.s__Enterocloster.sp000431375	Group	PD	-0.460065101	0.460065101	0.236418679	146	64	0.053719765	0.428939006	7	0.225743733	0.646384298
d__Bacteria.p__Bacillota_A.c__Clostridia.o__Lachnospirales.f__Lachnospiraceae.g__Anaerostipes.s__Anaerostipes.amylophilus	Sex_Male1_Female2	Female	-0.459839913	0.459839913	0.263159724	146	41	0.082828694	0.510905214	1	0.714499006	0.145998371
d__Bacteria.p__Bacillota_A.c__Clostridia.o__Christensenellales.f__Aristaeellaceae.g__UBA11524.s__UBA11524.sp000437595	Sex_Male1_Female2	Female	-0.459170076	0.459170076	0.366293806	146	56	0.212153827	0.669360918	2	0.912017603	0.039996779
d__Bacteria.p__Bacteroidota.c__Bacteroidia.o__Bacteroidales.f__Rikenellaceae.g__Alistipes.s__Alistipes.putredinis	Age	Age	0.455965968	0.455965968	0.177428163	146	113	0.011250719	0.203127165	1	0.198808452	0.701565156
d__Bacteria.p__Bacillota_A.c__Clostridia.o__Lachnospirales.f__Lachnospiraceae.g__Mediterraneibacter.s__Mediterraneibacter.faecis	BMI	BMI	0.452529745	0.452529745	0.150364663	146	112	0.003118975	0.129986878	1	0.326628954	0.48594532
d__Bacteria.p__Bacillota_A.c__Clostridia.o__Lachnospirales.f__Lachnospiraceae.g__Roseburia.s__Roseburia.hominis	Group	PD	-0.449123727	0.449123727	0.252035086	146	102	0.076982545	0.505113539	1	0.282269331	0.549336307
d__Bacteria.p__Bacillota_A.c__Clostridia.o__Lachnospirales.f__Lachnospiraceae.g__Limivivens.s__Limivivens.faecihominis	Group	PD	-0.44601388	0.44601388	0.179250709	146	75	0.014046577	0.225231673	2	0.098017487	1.008696435
d__Bacteria.p__Bacillota_A.c__Clostridia.o__Oscillospirales.f__Ruminococcaceae.g__CAG.115.s__CAG.115.sp003531585	Group	PD	-0.442491045	0.442491045	0.139445763	146	20	0.001864348	0.103298717	3	0.036698228	1.435354902
d__Bacteria.p__Bacillota_I.c__Bacilli_A.o__Erysipelotrichales.f__Erysipelotrichaceae.g__Clostridium_AQ.s__Clostridium_AQ.innocuum	Group	PD	0.441242714	0.441242714	0.190379859	146	34	0.021958461	0.278808555	4	0.130820758	0.88332334
d__Bacteria.p__Actinomycetota.c__Actinomycetes.o__Actinomycetales.f__Bifidobacteriaceae.g__Bifidobacterium.s__Bifidobacterium.pseudocatenulatum	Group	PD	0.438837957	0.438837957	0.254398711	146	26	0.086799015	0.510905214	5	0.297824145	0.526040097
d__Bacteria.p__Actinomycetota.c__Actinomycetes.o__Actinomycetales.f__Bifidobacteriaceae.g__Bifidobacterium.s__Bifidobacterium.pseudocatenulatum	Age	Age	-0.438744597	0.438744597	0.116992229	146	26	0.000260545	0.041105827	1	0.092393122	1.034360359
d__Bacteria.p__Bacillota_A.c__Clostridia.o__Lachnospirales.f__Lachnospiraceae.g__Brotaphodocola.s__Brotaphodocola.sp003480315	Group	PD	-0.437503727	0.437503727	0.095702243	146	21	1.08E-05	0.003221786	1	0.000805447	3.093963248
d__Bacteria.p__Bacillota_A.c__Clostridia.o__Lachnospirales.f__Lachnospiraceae.g__Enterocloster.s__Enterocloster.bolteae	Group	PD	0.435963081	0.435963081	0.191099238	146	34	0.024081807	0.28821107	2	0.138563014	0.858352677
d__Bacteria.p__Actinomycetota.c__Actinomycetes.o__Actinomycetales.f__Bifidobacteriaceae.g__Bifidobacterium.s__Bifidobacterium.bifidum	Group	PD	0.435120067	0.435120067	0.293210627	146	25	0.140126929	0.59723614	3	0.371684194	0.429825908
d__Bacteria.p__Actinomycetota.c__Actinomycetes.o__Actinomycetales.f__Bifidobacteriaceae.g__Bifidobacterium.s__Bifidobacterium.animalis_B	Group	PD	0.433244865	0.433244865	0.266952689	146	27	0.106920685	0.541581839	4	0.327773247	0.484426497
d__Bacteria.p__Bacteroidota.c__Bacteroidia.o__Bacteroidales.f__Bacteroidaceae.g__Bacteroides.s__Bacteroides.fragilis	Group	PD	0.43011611	0.43011611	0.297026327	146	69	0.149897815	0.613982188	5	0.387443933	0.411791136
d__Bacteria.p__Bacillota.c__Bacilli.o__Lactobacillales.f__Streptococcaceae.g__Streptococcus.s__Streptococcus.sp902463925	Group	PD	0.429220564	0.429220564	0.230036826	146	23	0.06421255	0.4732117	6	0.252794671	0.597232085
d__Bacteria.p__Bacteroidota.c__Bacteroidia.o__Bacteroidales.f__Bacteroidaceae.g__Bacteroides.s__Bacteroides.cellulosilyticus	Sex_Male1_Female2	Female	-0.425638532	0.425638532	0.327076195	146	70	0.195341096	0.6554848	1	0.896404641	0.047495904
d__Bacteria.p__Bacillota_A.c__Clostridia.o__Oscillospirales.f__Ruminococcaceae.g__Faecalibacterium.s__Faecalibacterium.prausnitzii_D	Group	PD	-0.425362692	0.425362692	0.310070331	146	107	0.172376233	0.624394296	1	0.418627994	0.378171733
d__Bacteria.p__Bacillota_A.c__Clostridia.o__Lachnospirales.f__Lachnospiraceae.g__Clostridium_AP.s__Clostridium_AP.scindens	Group	PD	0.419387389	0.419387389	0.145483471	146	27	0.004584157	0.14751472	2	0.063254012	1.198911923
d__Bacteria.p__Bacillota_A.c__Clostridia.o__Oscillospirales.f__Oscillospiraceae.g__Vescimonas.s__Vescimonas.coprocola	Sex_Male1_Female2	Female	-0.417461722	0.417461722	0.206928188	146	53	0.045619095	0.408240364	1	0.651761729	0.185911144
d__Bacteria.p__Bacillota_A.c__Clostridia.o__Oscillospirales.f__Ruminococcaceae.g__Porcipelethomonas.s__Porcipelethomonas.sp900538575	Sex_Male1_Female2	Female	-0.414827968	0.414827968	0.268293094	146	22	0.124386239	0.565249191	2	0.768661134	0.114265078
d__Bacteria.p__Bacteroidota.c__Bacteroidia.o__Bacteroidales.f__Rikenellaceae.g__Alistipes_A.s__Alistipes_A.ihumii	Group	PD	0.410034216	0.410034216	0.18341903	146	51	0.027014285	0.306161899	1	0.146425256	0.834384007
d__Bacteria.p__Bacillota_A.c__Clostridia.o__Lachnospirales.f__Lachnospiraceae.g__Alitiscatomonas.s__Alitiscatomonas.sp900066785	Group	PD	-0.409729473	0.409729473	0.144470154	146	24	0.005265378	0.14751472	2	0.063254012	1.198911923
d__Bacteria.p__Bacteroidota.c__Bacteroidia.o__Bacteroidales.f__Tannerellaceae.g__Parabacteroides.s__Parabacteroides.merdae	Group	PD	0.408973494	0.408973494	0.238008344	146	79	0.08801471	0.510905214	3	0.299250014	0.523965821
d__Bacteria.p__Bacillota_A.c__Clostridia.o__Lachnospirales.f__Lachnospiraceae.g__Hominiventricola.s__Hominiventricola.filiformis	Group	PD	-0.408164077	0.408164077	0.160555133	146	41	0.012136176	0.206314985	4	0.088998621	1.050616722
d__Bacteria.p__Bacillota_A.c__Clostridia.o__Lachnospirales.f__Lachnospiraceae.g__Agathobacter.s__Agathobacter.rectalis	Age	Age	-0.401595899	0.401595899	0.198258095	146	110	0.044759806	0.405822243	1	0.393851884	0.404667072
d__Bacteria.p__Bacillota_A.c__Clostridia.o__Oscillospirales.f__Ruminococcaceae.g__Gemmiger.s__Gemmiger.sp900539695	Sex_Male1_Female2	Female	-0.400957037	0.400957037	0.173780825	146	65	0.022550692	0.278808555	1	0.527122424	0.278088508
d__Bacteria.p__Bacillota_A.c__Clostridia.o__Oscillospirales.f__Oscillospiraceae.g__Flavonifractor.s__Flavonifractor.plautii	Sex_Male1_Female2	Female	0.40082586	0.40082586	0.217915203	146	65	0.068042098	0.480115594	2	0.695361253	0.157789513
d__Bacteria.p__Bacillota_A.c__Clostridia.o__Lachnospirales.f__Lachnospiraceae.g__Blautia.s__Blautia.celeris	Group	PD	0.400365763	0.400365763	0.147598048	146	25	0.007540166	0.171050101	1	0.070500548	1.151807508
d__Bacteria.p__Bacillota_A.c__Clostridia.o__Lachnospirales.f__Lachnospiraceae.g__Lachnoclostridium_B.s__Lachnoclostridium_B.ammoniilytica	Sex_Male1_Female2	Female	0.40013201	0.40013201	0.165862533	146	85	0.017179866	0.257512987	1	0.527122424	0.278088508
d__Bacteria.p__Bacillota_A.c__Clostridia.o__Lachnospirales.f__Lachnospiraceae.g__Lachnospira.s__Lachnospira.hominis	Group	PD	-0.398673382	0.398673382	0.163887785	146	35	0.016290561	0.251244117	1	0.110775815	0.955555045
d__Bacteria.p__Bacillota_A.c__Clostridia.o__Lachnospirales.f__Lachnospiraceae.g__Dorea_D.s__Dorea_D.sp900543415	Group	PD	0.396802019	0.396802019	0.234014155	146	28	0.092243621	0.510905214	2	0.303179126	0.518300704
d__Bacteria.p__Bacillota_A.c__Clostridia.o__Lachnospirales.f__Lachnospiraceae.g__Lachnospira.s__Lachnospira.pectinoschiza_A	Age	Age	-0.395967586	0.395967586	0.131335361	146	58	0.003067563	0.129986878	1	0.123763771	0.907406465
d__Bacteria.p__Bacillota_A.c__Clostridia.o__Oscillospirales.f__Ruminococcaceae.g__Porcipelethomonas.s__Porcipelethomonas.sp900538575	Group	PD	-0.395045661	0.395045661	0.282239937	146	22	0.163885997	0.618386321	1	0.40479894	0.392760633
d__Bacteria.p__Bacillota_A.c__Clostridia.o__Lachnospirales.f__Lachnospiraceae.g__Sellimonas.s__Sellimonas.intestinalis	Sex_Male1_Female2	Female	0.391316476	0.391316476	0.186443919	146	32	0.037679423	0.367160983	1	0.651761729	0.185911144
d__Bacteria.p__Bacillota_A.c__Clostridia.o__Lachnospirales.f__Lachnospiraceae.g__Limivivens.s__Limivivens.sp934393555	Group	PD	-0.389655927	0.389655927	0.144448126	146	34	0.007869765	0.171050101	1	0.071787614	1.143950479
d__Bacteria.p__Bacillota_A.c__Clostridia.o__Oscillospirales.f__Oscillospiraceae.g__Faecousia.s__Faecousia.sp000435995	Sex_Male1_Female2	Female	0.386885188	0.386885188	0.219194922	146	50	0.079803612	0.510905214	1	0.714499006	0.145998371
d__Bacteria.p__Bacillota_A.c__Clostridia.o__Lachnospirales.f__Lachnospiraceae.g__Eubacterium_I.s__Eubacterium_I.ramulus	Group	PD	-0.386397975	0.386397975	0.221460409	146	77	0.083283464	0.510905214	1	0.29110295	0.535953393
d__Bacteria.p__Bacillota_A.c__Clostridia.o__Lachnospirales.f__Lachnospiraceae.g__Dorea_A.s__Dorea_A.amylophila	Group	PD	-0.386196801	0.386196801	0.262567666	146	69	0.143642509	0.606813193	2	0.378326044	0.422133761
d__Bacteria.p__Bacillota_A.c__Clostridia.o__Oscillospirales.f__Ruminococcaceae.g__Gemmiger.s__Gemmiger.formicilis	Age	Age	0.38450901	0.38450901	0.16924575	146	97	0.024662211	0.2905092	1	0.297537648	0.526458074
d__Bacteria.p__Bacillota_A.c__Clostridia.o__Lachnospirales.f__Lachnospiraceae.g__Roseburia.s__Roseburia.hominis	Sex_Male1_Female2	Female	0.381297098	0.381297098	0.239580811	146	102	0.113814874	0.55192495	1	0.768661134	0.114265078
d__Bacteria.p__Bacillota_A.c__Clostridia.o__Christensenellales.f__Aristaeellaceae.g__Ventricola.s__Ventricola.sp900542395	Sex_Male1_Female2	Female	-0.380786527	0.380786527	0.194890039	146	42	0.052770858	0.428939006	2	0.651761729	0.185911144
d__Bacteria.p__Bacillota_A.c__Clostridia.o__Lachnospirales.f__Lachnospiraceae.g__Pararoseburia.s__Pararoseburia.lenta	Group	PD	-0.379871181	0.379871181	0.122993185	146	18	0.002438932	0.123338034	1	0.042047057	1.376264394
d__Bacteria.p__Bacillota_A.c__Clostridia.o__Lachnospirales.f__Lachnospiraceae.g__Coprococcus_A.s__Coprococcus_A.catus_A	Group	PD	-0.379649781	0.379649781	0.23866942	146	93	0.114000541	0.55192495	2	0.331997765	0.478864839
d__Bacteria.p__Bacteroidota.c__Bacteroidia.o__Bacteroidales.f__Rikenellaceae.g__Alistipes.s__Alistipes.sp902363575	Group	PD	-0.378954248	0.378954248	0.237146872	146	26	0.112369862	0.55192495	3	0.331997765	0.478864839
d__Bacteria.p__Actinomycetota.c__Coriobacteriia.o__Coriobacteriales.f__Eggerthellaceae.g__Adlercreutzia.s__Adlercreutzia.equolifaciens	Group	PD	0.378237384	0.378237384	0.216295905	146	118	0.082598559	0.510905214	4	0.29110295	0.535953393
d__Bacteria.p__Bacillota_A.c__Clostridia.o__Lachnospirales.f__Lachnospiraceae.g__Dorea_A.s__Dorea_A.longicatena	BMI	BMI	0.374826075	0.374826075	0.158067655	146	93	0.019127932	0.266546862	1	0.613802384	0.211971429
d__Bacteria.p__Bacillota_A.c__Clostridia.o__Lachnospirales.f__Lachnospiraceae.g__Coprococcus.s__Coprococcus.aceti	Sex_Male1_Female2	Female	-0.372326942	0.372326942	0.374216968	146	42	0.321527824	0.764778595	1	0.91661738	0.037811912
d__Bacteria.p__Bacillota_A.c__Clostridia.o__Lachnospirales.f__Lachnospiraceae.g__Lachnospira.s__Lachnospira.eligens	Group	PD	-0.367684168	0.367684168	0.291684887	146	90	0.209628463	0.669360918	1	0.486874779	0.312582722
d__Bacteria.p__Bacillota_A.c__Clostridia.o__Lachnospirales.f__Lachnospiraceae.g__Butyribacter.s__Butyribacter.sp003529475	Sex_Male1_Female2	Female	-0.367161006	0.367161006	0.283147373	146	68	0.196925585	0.6554848	1	0.896404641	0.047495904
d__Bacteria.p__Bacillota_A.c__Clostridia.o__TANB77.f__CAG.508.g__CAG.269.s__CAG.269.sp000431335	Sex_Male1_Female2	Female	-0.363925138	0.363925138	0.149517059	146	18	0.016230186	0.251244117	2	0.527122424	0.278088508
d__Bacteria.p__Bacillota_A.c__Clostridia.o__Oscillospirales.f__Ruminococcaceae.g__Faecalibacterium.s__Faecalibacterium.sp900539945	Age	Age	-0.358172258	0.358172258	0.125474865	146	80	0.004985491	0.14751472	1	0.124909132	0.90340581
d__Bacteria.p__Bacillota_A.c__Clostridia.o__Lachnospirales.f__Lachnospiraceae.g__Anaerobutyricum.s__Anaerobutyricum.hallii	Group	PD	-0.358110835	0.358110835	0.305336932	146	113	0.242910833	0.705620593	1	0.524430633	0.280311948
d__Bacteria.p__Bacillota_A.c__Clostridia.o__Lachnospirales.f__Lachnospiraceae.g__Eubacterium_F.s__Eubacterium_F.sp900539115	Group	PD	-0.357808705	0.357808705	0.171712551	146	31	0.039052986	0.367160983	2	0.183359373	0.736696886
d__Bacteria.p__Bacillota_A.c__Clostridia.o__Lachnospirales.f__Lachnospiraceae.g__Hominifimenecus.s__Hominifimenecus.microfluidus	Group	PD	-0.357169588	0.357169588	0.150731456	146	23	0.019213784	0.266546862	3	0.123895781	0.906943484
d__Bacteria.p__Bacillota_A.c__Clostridia.o__Oscillospirales.f__Oscillospiraceae.g__UMGS1766.s__UMGS1766.sp959602365	Group	PD	0.355827648	0.355827648	0.124381492	146	20	0.004893915	0.14751472	4	0.063254012	1.198911923
d__Bacteria.p__Bacillota_A.c__Clostridia.o__Lachnospirales.f__Lachnospiraceae.g__Roseburia.s__Roseburia.inulinivorans	Sex_Male1_Female2	Female	-0.355535959	0.355535959	0.222614833	146	78	0.112566576	0.55192495	1	0.768661134	0.114265078
d__Bacteria.p__Bacillota_A.c__Clostridia.o__Lachnospirales.f__Lachnospiraceae.g__Faecalimonas.s__Faecalimonas.sp029983955	Sex_Male1_Female2	Female	0.350705631	0.350705631	0.178622763	146	25	0.051641348	0.428939006	2	0.651761729	0.185911144
d__Bacteria.p__Bacillota_A.c__Clostridia.o__Oscillospirales.f__Acutalibacteraceae.g__Hominenteromicrobium.s__Hominenteromicrobium.sp900549945	Sex_Male1_Female2	Female	0.350620956	0.350620956	0.144965507	146	15	0.016901141	0.257512987	3	0.527122424	0.278088508
d__Bacteria.p__Bacillota_A.c__Clostridia.o__Lachnospirales.f__Lachnospiraceae.g__Mediterraneibacter.s__Mediterraneibacter.torques	Sex_Male1_Female2	Female	0.348918704	0.348918704	0.290587877	146	113	0.231941615	0.696756337	4	0.91661738	0.037811912
d__Bacteria.p__Bacillota_I.c__Bacilli_A.o__Erysipelotrichales.f__Coprobacillaceae.g__Faecalibacillus.s__Faecalibacillus.intestinalis	Sex_Male1_Female2	Female	-0.348275817	0.348275817	0.231209486	146	87	0.134303859	0.587481208	5	0.784838176	0.10521988
d__Bacteria.p__Bacillota_A.c__Clostridia.o__Oscillospirales.f__Acutalibacteraceae.g__Hominenteromicrobium.s__Hominenteromicrobium.mulieris	Group	PD	-0.347619046	0.347619046	0.334193355	146	112	0.30010501	0.753896169	1	0.576207086	0.239421405
d__Bacteria.p__Bacillota_A.c__Clostridia.o__Lachnospirales.f__Lachnospiraceae.g__Limivivens.s__Limivivens.sp905214955	Group	PD	-0.347364425	0.347364425	0.158903172	146	56	0.030525873	0.326190757	2	0.158564951	0.799792801
d__Bacteria.p__Bacillota_C.c__Negativicutes.o__Veillonellales.f__Dialisteraceae.g__Dialister.s__Dialister.invisus	Group	PD	0.345439137	0.345439137	0.33662558	146	43	0.306627501	0.755774128	3	0.581033744	0.235798645
d__Bacteria.p__Bacillota_A.c__Clostridia.o__Lachnospirales.f__Lachnospiraceae.g__Lachnospira.s__Lachnospira.sp000437735	Group	PD	-0.345380139	0.345380139	0.179730314	146	39	0.056740588	0.438797761	4	0.235788666	0.627477074
d__Bacteria.p__Bacillota_A.c__Clostridia.o__Peptostreptococcales.f__Anaerovoracaceae.g__Fimisoma.s__Fimisoma.sp000435715	Sex_Male1_Female2	Female	0.344583258	0.344583258	0.168703177	146	25	0.043029994	0.394925588	1	0.651761729	0.185911144
d__Bacteria.p__Bacillota_I.c__Bacilli_A.o__Erysipelotrichales.f__Erysipelotrichaceae.g__Holdemanella.s__Holdemanella.porci	Sex_Male1_Female2	Female	-0.343773153	0.343773153	0.176275452	146	17	0.053208639	0.428939006	2	0.651761729	0.185911144
d__Bacteria.p__Bacillota_A.c__Clostridia.o__Lachnospirales.f__Lachnospiraceae.g__Dorea_D.s__Dorea_D.sp000433535	Sex_Male1_Female2	Female	0.341489232	0.341489232	0.221709015	146	42	0.125820843	0.565249191	3	0.768661134	0.114265078
d__Bacteria.p__Bacillota.c__Bacilli.o__Lactobacillales.f__Streptococcaceae.g__Lactococcus.s__Lactococcus.lactis	Sex_Male1_Female2	Female	0.337769465	0.337769465	0.194041946	146	42	0.083997259	0.510905214	4	0.714499006	0.145998371
d__Bacteria.p__Bacillota_A.c__Clostridia.o__Oscillospirales.f__Oscillospiraceae.g__Dysosmobacter.s__Dysosmobacter.segnis	Group	PD	-0.335776976	0.335776976	0.285977007	146	77	0.242390983	0.705480371	1	0.524430633	0.280311948
d__Bacteria.p__Pseudomonadota.c__Gammaproteobacteria.o__Burkholderiales.f__Burkholderiaceae.g__Parasutterella.s__Parasutterella.sp900552195	Group	PD	-0.335070125	0.335070125	0.219381865	146	49	0.128999535	0.570956523	2	0.354748722	0.45007916
d__Bacteria.p__Bacillota_A.c__Clostridia.o__Oscillospirales.f__Butyricicoccaceae.g__Agathobaculum.s__Agathobaculum.hominis	Group	PD	-0.333421828	0.333421828	0.209017875	146	42	0.112992496	0.55192495	3	0.331997765	0.478864839
d__Bacteria.p__Bacteroidota.c__Bacteroidia.o__Bacteroidales.f__Bacteroidaceae.g__Bacteroides.s__Bacteroides.xylanisolvens	Sex_Male1_Female2	Female	0.332796532	0.332796532	0.285294479	146	61	0.245453045	0.706149678	1	0.91661738	0.037811912
d__Bacteria.p__Bacillota_A.c__Clostridia.o__Lachnospirales.f__Lachnospiraceae.g__Mediterraneibacter.s__Mediterraneibacter.sp900541505	Group	PD	0.332452139	0.332452139	0.119234518	146	22	0.006059635	0.151517268	1	0.063254012	1.198911923
d__Bacteria.p__Bacillota_A.c__Clostridia.o__Oscillospirales.f__Oscillospiraceae.g__F23.B02.s__F23.B02.sp001916715	Sex_Male1_Female2	Female	-0.331395358	0.331395358	0.298476777	146	36	0.268833907	0.730545752	1	0.91661738	0.037811912
d__Bacteria.p__Bacillota_A.c__Clostridia.o__Lachnospirales.f__Lachnospiraceae.g__Butyribacter.s__Butyribacter.sp003529475	Age	Age	-0.32983887	0.32983887	0.136982037	146	68	0.017385569	0.257512987	1	0.270925122	0.567150723
d__Bacteria.p__Bacillota_A.c__Clostridia.o__Lachnospirales.f__Lachnospiraceae.g__Wujia.s__Wujia.chipingensis	Group	PD	-0.327206437	0.327206437	0.228570307	146	26	0.154570959	0.614880442	1	0.395955744	0.402353353
d__Bacteria.p__Bacillota_A.c__Clostridia.o__Oscillospirales.f__Oscillospiraceae.g__Faecousia.s__Faecousia.sp000434635	Group	PD	-0.32394685	0.32394685	0.271748518	146	51	0.235304547	0.698443655	2	0.520733139	0.283384783
d__Bacteria.p__Bacteroidota.c__Bacteroidia.o__Bacteroidales.f__Rikenellaceae.g__Alistipes.s__Alistipes.onderdonkii	Sex_Male1_Female2	Female	0.32241371	0.32241371	0.324418819	146	106	0.322075734	0.764778595	1	0.91661738	0.037811912
d__Bacteria.p__Bacillota_A.c__Clostridia.o__Lachnospirales.f__Lachnospiraceae.g__Oliverpabstia.s__Oliverpabstia.intestinalis	Group	PD	-0.321213908	0.321213908	0.300744475	146	97	0.287384476	0.746401346	1	0.568087784	0.24558455
d__Bacteria.p__Bacillota_A.c__Clostridia.o__Lachnospirales.f__Lachnospiraceae.g__Jutongia.s__Jutongia.sp003524945	Group	PD	-0.320653397	0.320653397	0.154015899	146	15	0.039221256	0.367160983	2	0.183359373	0.736696886
d__Bacteria.p__Bacteroidota.c__Bacteroidia.o__Bacteroidales.f__Barnesiellaceae.g__Barnesiella.s__Barnesiella.intestinihominis	Group	PD	0.320569828	0.320569828	0.308396196	146	83	0.300428828	0.753896169	3	0.576207086	0.239421405
d__Bacteria.p__Bacillota_A.c__Clostridia.o__Peptostreptococcales.f__Anaerovoracaceae.g__Alangreenwoodia.s__Alangreenwoodia.sp905206455	Group	PD	-0.319776748	0.319776748	0.181278818	146	51	0.079976451	0.510905214	4	0.29039993	0.537003492
d__Bacteria.p__Bacillota_A.c__Clostridia.o__Oscillospirales.f__Oscillospiraceae.g__Dysosmobacter.s__Dysosmobacter.welbionis	Sex_Male1_Female2	Female	0.319580886	0.319580886	0.200676221	146	99	0.113589545	0.55192495	1	0.768661134	0.114265078
d__Bacteria.p__Bacillota_A.c__Clostridia.o__Oscillospirales.f__Oscillospiraceae.g__F23.B02.s__F23.B02.sp001916715	Age	Age	0.319170442	0.319170442	0.14439815	146	36	0.028752432	0.317507342	1	0.313368599	0.503944525
d__Bacteria.p__Bacillota_A.c__Clostridia.o__Oscillospirales.f__Ruminococcaceae.g__Faecalibacterium.s__Faecalibacterium.duncaniae	Sex_Male1_Female2	Female	-0.318033635	0.318033635	0.325036218	146	105	0.329586155	0.767062916	1	0.91661738	0.037811912
d__Bacteria.p__Bacillota_A.c__Clostridia.o__Oscillospirales.f__Ruminococcaceae.g__Ruthenibacterium.s__Ruthenibacterium.lactatiformans	Sex_Male1_Female2	Female	0.317926532	0.317926532	0.224875238	146	111	0.159708329	0.618386321	2	0.865665437	0.062649922
d__Bacteria.p__Bacillota_A.c__Clostridia.o__Oscillospirales.f__Ruminococcaceae.g__Faecalibacterium.s__Faecalibacterium.prausnitzii_I	Sex_Male1_Female2	Female	-0.317396145	0.317396145	0.206826817	146	63	0.127205566	0.565661606	3	0.768661134	0.114265078
d__Bacteria.p__Bacteroidota.c__Bacteroidia.o__Bacteroidales.f__Bacteroidaceae.g__Bacteroides.s__Bacteroides.xylanisolvens	Group	PD	-0.31674024	0.31674024	0.300125115	146	61	0.293131611	0.751941622	1	0.57099595	0.243366972
d__Bacteria.p__Bacillota_A.c__Clostridia.o__Lachnospirales.f__Lachnospiraceae.g__Eubacterium_F.s__Eubacterium_F.sp000433735	Group	PD	-0.313631769	0.313631769	0.171881897	146	32	0.070241974	0.484180594	2	0.268066309	0.571757766
d__Bacteria.p__Actinomycetota.c__Coriobacteriia.o__Coriobacteriales.f__Coriobacteriaceae.g__Collinsella.s__Collinsella.sp023656745	BMI	BMI	0.313014722	0.313014722	0.148964477	146	111	0.037462147	0.367160983	1	0.734321966	0.13411348
d__Bacteria.p__Bacillota_A.c__Clostridia.o__Lachnospirales.f__Lachnospiraceae.g__Blautia_A.s__Blautia_A.ammoniilytica	Group	PD	0.308562662	0.308562662	0.188416368	146	56	0.103803574	0.537336148	1	0.325339226	0.48766357
d__Bacteria.p__Bacillota_A.c__Clostridia.o__Oscillospirales.f__Oscillospiraceae.g__UBA738.s__UBA738.sp003522945	Sex_Male1_Female2	Female	-0.308285479	0.308285479	0.180522906	146	41	0.089967032	0.510905214	1	0.714499006	0.145998371
d__Bacteria.p__Bacillota_A.c__Clostridia.o__Lachnospirales.f__Lachnospiraceae.g__Mediterraneibacter.s__Mediterraneibacter.sp934330165	Group	PD	-0.307701413	0.307701413	0.277318168	146	49	0.26914636	0.730545752	1	0.549741378	0.259841574
d__Bacteria.p__Bacillota_A.c__Clostridia.o__Lachnospirales.f__Lachnospiraceae.g__Acetatifactor.s__Acetatifactor.intestinalis	Group	PD	-0.306963571	0.306963571	0.280044148	146	50	0.274961001	0.734454007	2	0.550840505	0.258974132
d__Bacteria.p__Bacillota_A.c__Clostridia.o__Lachnospirales.f__Lachnospiraceae.g__Eubacterium_I.s__Eubacterium_I.ramulus	BMI	BMI	0.306749104	0.306749104	0.102628462	146	77	0.003323213	0.134335374	1	0.326628954	0.48594532
d__Bacteria.p__Bacteroidota.c__Bacteroidia.o__Bacteroidales.f__Bacteroidaceae.g__Bacteroides.s__Bacteroides.ovatus	Group	PD	0.306719141	0.306719141	0.287901846	146	96	0.288600746	0.746763449	1	0.568087784	0.24558455
d__Bacteria.p__Bacillota_A.c__Clostridia.o__Lachnospirales.f__Lachnospiraceae.g__Roseburia_D.s__Roseburia_D.yibonii	Group	PD	-0.305732343	0.305732343	0.15395365	146	20	0.049058192	0.421787674	2	0.213346091	0.67091531
d__Bacteria.p__Bacillota_A.c__Clostridia.o__Lachnospirales.f__Lachnospiraceae.g__Fusicatenibacter.s__Fusicatenibacter.saccharivorans	Sex_Male1_Female2	Female	0.304915583	0.304915583	0.293847836	146	132	0.301267505	0.753896169	1	0.91661738	0.037811912
d__Bacteria.p__Bacillota_A.c__Clostridia.o__Lachnospirales.f__Lachnospiraceae.g__Blautia_A.s__Blautia_A.faecis	Sex_Male1_Female2	Female	0.304754443	0.304754443	0.224662192	146	140	0.177187456	0.629389205	2	0.878953655	0.056034024
d__Archaea.p__Methanobacteriota.c__Methanobacteria.o__Methanobacteriales.f__Methanobacteriaceae.g__Methanobrevibacter_A.s__Methanobrevibacter_A.smithii	Sex_Male1_Female2	Female	-0.304138767	0.304138767	0.345148446	146	55	0.379773689	0.7868995	3	0.91661738	0.037811912
d__Bacteria.p__Bacillota_A.c__Clostridia.o__Lachnospirales.f__Lachnospiraceae.g__Fusicatenibacter.s__Fusicatenibacter.saccharivorans	BMI	BMI	0.303072882	0.303072882	0.143252824	146	132	0.036197406	0.363431671	1	0.734321966	0.13411348
d__Bacteria.p__Bacillota_A.c__Clostridia.o__Lachnospirales.f__Lachnospiraceae.g__Mediterraneibacter.s__Mediterraneibacter.torques	Age	Age	0.301414268	0.301414268	0.14058163	146	113	0.033807182	0.348796853	1	0.33273384	0.477903028
d__Bacteria.p__Bacillota_A.c__Clostridia.o__Lachnospirales.f__Lachnospiraceae.g__Roseburia_C.s__Roseburia_C.amylophila	Sex_Male1_Female2	Female	-0.301123858	0.301123858	0.267383388	146	49	0.262069441	0.728805493	1	0.91661738	0.037811912
d__Bacteria.p__Bacillota_A.c__Clostridia.o__Oscillospirales.f__Oscillospiraceae.g__Vescimonas.s__Vescimonas.cirricatena	Group	PD	0.300222941	0.300222941	0.257335041	146	38	0.245388665	0.706149678	1	0.524430633	0.280311948
d__Bacteria.p__Bacillota_A.c__Clostridia.o__Lachnospirales.f__Lachnospiraceae.g__Faecalimonas.s__Faecalimonas.sp029983955	Group	PD	0.298429816	0.298429816	0.187908219	146	25	0.114570534	0.552895223	2	0.331997765	0.478864839
d__Bacteria.p__Bacillota_A.c__Clostridia.o__Oscillospirales.f__Ruminococcaceae.g__Faecalibacterium.s__Faecalibacterium.sp905215595	Age	Age	-0.298155266	0.298155266	0.154566559	146	108	0.055816761	0.434905599	1	0.40019981	0.397723122
d__Bacteria.p__Bacillota_A.c__Clostridia.o__Oscillospirales.f__Acutalibacteraceae.g__Hominenteromicrobium.s__Hominenteromicrobium.sp900549945	Group	PD	0.29706476	0.29706476	0.152501337	146	15	0.053480813	0.428939006	1	0.225743733	0.646384298
d__Bacteria.p__Bacillota_A.c__Clostridia.o__Oscillospirales.f__Acutalibacteraceae.g__Acutalibacter.s__Acutalibacter.ornithocaccae	Group	PD	0.296052399	0.296052399	0.257502476	146	49	0.252282338	0.714780817	2	0.532830618	0.273410827
d__Bacteria.p__Bacillota_A.c__Clostridia.o__Oscillospirales.f__Oscillospiraceae.g__CAG.170.s__CAG.170.sp002404795	Group	PD	-0.295930427	0.295930427	0.192106583	146	44	0.125774444	0.565249191	3	0.351012456	0.454677472
d__Bacteria.p__Bacteroidota.c__Bacteroidia.o__Bacteroidales.f__Bacteroidaceae.g__Bacteroides.s__Bacteroides.thetaiotaomicron	Sex_Male1_Female2	Female	0.295695397	0.295695397	0.25348904	146	94	0.245453096	0.706149678	1	0.91661738	0.037811912
d__Bacteria.p__Bacillota_A.c__Clostridia.o__Lachnospirales.f__Lachnospiraceae.g__Blautia_A.s__Blautia_A.fusiformis	Group	PD	-0.295500616	0.295500616	0.361002306	146	122	0.414471725	0.808408996	1	0.694920183	0.158065075
d__Bacteria.p__Bacillota_A.c__Clostridia.o__Lachnospirales.f__Lachnospiraceae.g__CAG.194.s__CAG.194.sp000432915	Group	PD	-0.29433887	0.29433887	0.234823787	146	32	0.212194088	0.669360918	2	0.486874779	0.312582722
d__Bacteria.p__Bacillota_A.c__Clostridia.o__Lachnospirales.f__Lachnospiraceae.g__Mediterraneibacter.s__Mediterraneibacter.sp900541505	Sex_Male1_Female2	Female	0.29428534	0.29428534	0.113342562	146	22	0.010455399	0.198833883	1	0.527122424	0.278088508
d__Bacteria.p__Bacillota_A.c__Clostridia.o__Lachnospirales.f__Lachnospiraceae.g__Schaedlerella.s__Schaedlerella.glycyrrhizinilytica_A	Group	PD	0.29390627	0.29390627	0.177895979	146	42	0.100816183	0.531059895	1	0.322267116	0.491784008
d__Bacteria.p__Bacillota_A.c__Clostridia.o__Oscillospirales.f__Acutalibacteraceae.g__CAG.177.s__CAG.177.sp003514385	Sex_Male1_Female2	Female	-0.293211269	0.293211269	0.23795446	146	30	0.219994525	0.679331559	1	0.91661738	0.037811912
d__Bacteria.p__Bacillota_I.c__Bacilli_A.o__Erysipelotrichales.f__Erysipelotrichaceae.g__Longicatena.s__Longicatena.caecimuris	Group	PD	0.290817823	0.290817823	0.172030914	146	28	0.093223528	0.510905214	1	0.303179126	0.518300704
d__Bacteria.p__Bacillota_A.c__Clostridia.o__Oscillospirales.f__Oscillospiraceae.g__Hominicoprocola.s__Hominicoprocola.sp900317525	Sex_Male1_Female2	Female	-0.290816261	0.290816261	0.230620137	146	64	0.209461098	0.669360918	1	0.912017603	0.039996779
d__Bacteria.p__Bacillota_A.c__Clostridia.o__Oscillospirales.f__Oscillospiraceae.g__CAG.170.s__CAG.170.sp000432135	Group	PD	-0.289600011	0.289600011	0.258922719	146	68	0.26533355	0.730545752	1	0.549741378	0.259841574
d__Bacteria.p__Bacillota_A.c__Clostridia.o__Lachnospirales.f__Lachnospiraceae.g__Frisingicoccus.s__Frisingicoccus.sp900757195	Sex_Male1_Female2	Female	-0.288490484	0.288490484	0.149336488	146	17	0.055461885	0.434905599	1	0.651761729	0.185911144
d__Bacteria.p__Pseudomonadota.c__Gammaproteobacteria.o__Enterobacterales.f__Enterobacteriaceae.g__Escherichia.s__Escherichia.coli_F	Sex_Male1_Female2	Female	-0.287831637	0.287831637	0.353670735	146	61	0.417158846	0.810480043	2	0.923179931	0.034713645
d__Bacteria.p__Bacillota_A.c__Clostridia.o__Oscillospirales.f__Ruminococcaceae.g__Gemmiger.s__Gemmiger.qucibialis	Sex_Male1_Female2	Female	-0.285051195	0.285051195	0.286940183	146	125	0.32227109	0.764778595	3	0.91661738	0.037811912
d__Bacteria.p__Bacillota_A.c__Clostridia.o__Lachnospirales.f__Lachnospiraceae.g__Enterocloster.s__Enterocloster.sp900541315	Sex_Male1_Female2	Female	-0.284614342	0.284614342	0.157708206	146	35	0.0733359	0.491503222	4	0.714499006	0.145998371
d__Bacteria.p__Bacillota_A.c__Clostridia.o__Lachnospirales.f__Lachnospiraceae.g__Roseburia_C.s__Roseburia_C.amylophila	Group	PD	-0.283557089	0.283557089	0.281282941	146	49	0.315203904	0.759362411	1	0.587040357	0.231332041
d__Bacteria.p__Bacillota_A.c__Clostridia.o__Lachnospirales.f__Lachnospiraceae.g__Ventrisoma.s__Ventrisoma.faecale	Sex_Male1_Female2	Female	0.281778974	0.281778974	0.140840636	146	20	0.047416177	0.417262357	1	0.651761729	0.185911144
d__Bacteria.p__Verrucomicrobiota.c__Verrucomicrobiae.o__Verrucomicrobiales.f__Akkermansiaceae.g__Akkermansia.s__Akkermansia.muciniphila_F	Sex_Male1_Female2	Female	0.281115538	0.281115538	0.283993545	146	22	0.323997505	0.764778595	2	0.91661738	0.037811912
d__Bacteria.p__Bacteroidota.c__Bacteroidia.o__Bacteroidales.f__Bacteroidaceae.g__Bacteroides.s__Bacteroides.eggerthii	Age	Age	-0.28003906	0.28003906	0.126784687	146	27	0.028864304	0.317507342	1	0.313368599	0.503944525
d__Bacteria.p__Bacillota_A.c__Clostridia.o__Oscillospirales.f__Acutalibacteraceae.g__Anaeromassilibacillus.s__Anaeromassilibacillus.stercoravium	Group	PD	0.278361064	0.278361064	0.150783935	146	26	0.067052972	0.480115594	1	0.261227204	0.582981599
d__Bacteria.p__Bacillota_A.c__Clostridia.o__Lachnospirales.f__Lachnospiraceae.g__Blautia_A.s__Blautia_A.sp934424005	BMI	BMI	0.277251052	0.277251052	0.149959773	146	122	0.06665292	0.480115594	1	0.868151148	0.061404656
d__Bacteria.p__Bacillota_A.c__Clostridia.o__Monoglobales.f__Monoglobaceae.g__Monoglobus.s__Monoglobus.pectinilyticus	Group	PD	0.276633257	0.276633257	0.236874904	146	62	0.244912444	0.706149678	1	0.524430633	0.280311948
d__Bacteria.p__Bacillota_A.c__Clostridia.o__Lachnospirales.f__Lachnospiraceae.g__Agathobacter.s__Agathobacter.rectalis	BMI	BMI	0.276275515	0.276275515	0.199783925	146	110	0.168970548	0.622420156	1	0.868151148	0.061404656
d__Bacteria.p__Bacillota_A.c__Clostridia.o__Lachnospirales.f__Lachnospiraceae.g__Pseudolachnospira.s__Pseudolachnospira.sp022867805	Sex_Male1_Female2	Female	-0.27608807	0.27608807	0.176218444	146	36	0.119499884	0.562175553	1	0.768661134	0.114265078
d__Bacteria.p__Bacillota_A.c__Clostridia.o__Oscillospirales.f__Acutalibacteraceae.g__Clostridium_A.s__Clostridium_A.leptum	BMI	BMI	0.275418534	0.275418534	0.108567434	146	66	0.012314902	0.207001046	1	0.511752587	0.290939953
d__Bacteria.p__Bacillota_A.c__Clostridia.o__Peptostreptococcales.f__Peptostreptococcaceae.g__Intestinibacter.s__Intestinibacter.bartlettii	Group	PD	0.274914756	0.274914756	0.231738965	146	54	0.237567357	0.700565059	1	0.522648186	0.281790552
d__Bacteria.p__Bacillota_A.c__Clostridia.o__Oscillospirales.f__Oscillospiraceae.g__Dysosmobacter.s__Dysosmobacter.welbionis	Group	PD	0.274353403	0.274353403	0.211108095	146	99	0.195941011	0.6554848	2	0.460892693	0.336400177
d__Bacteria.p__Actinomycetota.c__Coriobacteriia.o__Coriobacteriales.f__Eggerthellaceae.g__Adlercreutzia.s__Adlercreutzia.equolifaciens	Sex_Male1_Female2	Female	-0.273892461	0.273892461	0.205607677	146	118	0.185051363	0.637872901	1	0.88729756	0.051930713
d__Bacteria.p__Bacillota_I.c__Bacilli_A.o__RF39.f__UBA660.g__CAG.302.s__CAG.302.sp934162325	Group	PD	0.27345139	0.27345139	0.188984823	146	21	0.15021222	0.613982188	1	0.387443933	0.411791136
d__Bacteria.p__Bacteroidota.c__Bacteroidia.o__Bacteroidales.f__Rikenellaceae.g__Alistipes_A.s__Alistipes_A.indistinctus	Group	PD	0.273104809	0.273104809	0.217444142	146	51	0.211277729	0.669360918	2	0.486874779	0.312582722
d__Bacteria.p__Bacillota_A.c__Clostridia.o__Lachnospirales.f__Lachnospiraceae.g__Blautia_A.s__Blautia_A.hydrogenotrophica	Group	PD	0.27017227	0.27017227	0.17969422	146	29	0.135025912	0.588917679	3	0.365939789	0.436590366
d__Bacteria.p__Bacillota_A.c__Clostridia.o__Lachnospirales.f__Lachnospiraceae.g__Dorea_A.s__Dorea_A.longicatena	Group	PD	-0.269984507	0.269984507	0.341091809	146	93	0.43001292	0.818446982	4	0.70537207	0.151581741
d__Bacteria.p__Actinomycetota.c__Coriobacteriia.o__Coriobacteriales.f__Eggerthellaceae.g__Anaerotardibacter.s__Anaerotardibacter.sp000435675	Sex_Male1_Female2	Female	-0.269931914	0.269931914	0.276726116	146	52	0.33106998	0.767062916	1	0.91661738	0.037811912
d__Bacteria.p__Bacillota_A.c__Clostridia.o__Lachnospirales.f__Lachnospiraceae.g__Lachnospira.s__Lachnospira.sp000437735	Sex_Male1_Female2	Female	0.269117445	0.269117445	0.170848968	146	39	0.117538887	0.559342069	2	0.768661134	0.114265078
d__Bacteria.p__Bacillota_A.c__Clostridia.o__Lachnospirales.f__Lachnospiraceae.g__Eubacterium_F.s__Eubacterium_F.sp900539115	Sex_Male1_Female2	Female	-0.26892944	0.26892944	0.163227402	146	31	0.101748394	0.532222369	3	0.74615489	0.127171011
d__Bacteria.p__Bacillota_A.c__Clostridia.o__Lachnospirales.f__Lachnospiraceae.g__Anthropogastromicrobium.s__Anthropogastromicrobium.sp934292725	Sex_Male1_Female2	Female	-0.268178687	0.268178687	0.321241015	146	94	0.40528268	0.799268358	4	0.91661738	0.037811912
d__Bacteria.p__Verrucomicrobiota.c__Verrucomicrobiae.o__Verrucomicrobiales.f__Akkermansiaceae.g__Akkermansia.s__Akkermansia.muciniphila_F	Group	PD	0.268066743	0.268066743	0.298756554	146	22	0.371157909	0.785345911	1	0.651704498	0.185949282
d__Bacteria.p__Bacteroidota.c__Bacteroidia.o__Bacteroidales.f__Bacteroidaceae.g__Bacteroides.s__Bacteroides.fragilis	Age	Age	0.267293325	0.267293325	0.136595708	146	69	0.05241706	0.428939006	1	0.393851884	0.404667072
d__Bacteria.p__Bacillota_A.c__Clostridia.o__TANB77.f__CAG.508.g__CAG.273.s__CAG.273.sp003534295	BMI	BMI	0.267042382	0.267042382	0.099622728	146	19	0.008259553	0.174032268	1	0.423385234	0.373264293
d__Bacteria.p__Bacillota_A.c__Clostridia.o__Oscillospirales.f__Ruminococcaceae.g__Ruminiclostridium_E.s__Ruminiclostridium_E.siraeum	Group	PD	-0.267013022	0.267013022	0.350830057	146	72	0.44792134	0.828256066	1	0.719337468	0.143067318
d__Bacteria.p__Bacillota_A.c__Clostridia.o__Lachnospirales.f__Lachnospiraceae.g__Blautia_A.s__Blautia_A.sp900120195	Group	PD	0.266880898	0.266880898	0.203568532	146	35	0.192062851	0.650384006	2	0.454629786	0.342342114
d__Bacteria.p__Bacillota.c__Bacilli.o__Lactobacillales.f__Streptococcaceae.g__Streptococcus.s__Streptococcus.thermophilus	Sex_Male1_Female2	Female	0.265659885	0.265659885	0.264826976	146	75	0.317572346	0.762581427	1	0.91661738	0.037811912
d__Bacteria.p__Bacillota_A.c__Clostridia.o__Christensenellales.f__Aristaeellaceae.g__UBA11524.s__UBA11524.sp000437595	Group	PD	-0.265480213	0.265480213	0.385335079	146	56	0.492022532	0.843936778	1	0.74570527	0.127432788
d__Bacteria.p__Bacteroidota.c__Bacteroidia.o__Bacteroidales.f__Bacteroidaceae.g__Bacteroides.s__Bacteroides.caccae	Group	PD	0.2651007	0.2651007	0.32102903	146	86	0.410372774	0.802506757	2	0.691348727	0.160302833
d__Bacteria.p__Bacillota_A.c__Clostridia.o__Oscillospirales.f__Ruminococcaceae.g__Faecalibacterium.s__Faecalibacterium.duncaniae	BMI	BMI	0.265061564	0.265061564	0.158457372	146	105	0.096672915	0.516537952	1	0.868151148	0.061404656
d__Bacteria.p__Bacillota_A.c__Clostridia.o__Lachnospirales.f__Lachnospiraceae.g__Blautia_A.s__Blautia_A.ammoniilytica	Sex_Male1_Female2	Female	0.264814284	0.264814284	0.179105803	146	56	0.141576866	0.601701682	1	0.80226891	0.095680038
d__Bacteria.p__Actinomycetota.c__Coriobacteriia.o__Coriobacteriales.f__Eggerthellaceae.g__Gordonibacter.s__Gordonibacter.pamelaeae	Group	PD	0.264728474	0.264728474	0.140045748	146	34	0.060845618	0.457412285	1	0.247350665	0.606686918
d__Bacteria.p__Bacillota_A.c__Clostridia.o__Oscillospirales.f__Acutalibacteraceae.g__Pseudoruminococcus.s__Pseudoruminococcus.massiliensis	Age	Age	0.264496961	0.264496961	0.120726367	146	23	0.030163822	0.326190757	1	0.313368599	0.503944525
d__Bacteria.p__Bacillota_A.c__Clostridia.o__Peptostreptococcales.f__Anaerovoracaceae.g__Lentihominibacter.s__Lentihominibacter.excrementipullorum	Group	PD	0.263692253	0.263692253	0.143560205	146	30	0.06842176	0.480115594	1	0.263811736	0.578705888
d__Bacteria.p__Bacillota_A.c__Clostridia.o__Peptostreptococcales.f__Peptostreptococcaceae.g__Intestinibacter.s__Intestinibacter.sp900540355	Group	PD	0.262868963	0.262868963	0.133399025	146	18	0.050806677	0.428939006	2	0.218410312	0.66072686
d__Bacteria.p__Actinomycetota.c__Actinomycetes.o__Actinomycetales.f__Bifidobacteriaceae.g__Bifidobacterium.s__Bifidobacterium.pseudocatenulatum	Sex_Male1_Female2	Female	-0.261674183	0.261674183	0.241827638	146	26	0.281136762	0.739157462	1	0.91661738	0.037811912
d__Bacteria.p__Bacillota_I.c__Bacilli_A.o__Erysipelotrichales.f__Coprobacillaceae.g__Faecalibacillus.s__Faecalibacillus.faecis	Group	PD	0.261600588	0.261600588	0.168480424	146	30	0.12281737	0.565249191	1	0.345366139	0.461720245
d__Bacteria.p__Bacillota_A.c__Clostridia.o__Lachnospirales.f__Lachnospiraceae.g__Blautia_A.s__Blautia_A.sp003474435	Group	PD	-0.261199722	0.261199722	0.138975809	146	18	0.062321099	0.466065506	2	0.24914672	0.603544826
d__Bacteria.p__Bacillota_I.c__Bacilli_A.o__RF39.f__UBA660.g__CAG.302.s__CAG.302.sp934162325	BMI	BMI	0.26033852	0.26033852	0.087578731	146	21	0.003493358	0.134335374	1	0.326628954	0.48594532
d__Bacteria.p__Bacillota_A.c__Clostridia.o__Lachnospirales.f__Lachnospiraceae.g__Blautia_A.s__Blautia_A.wexlerae_B	BMI	BMI	0.258906111	0.258906111	0.150131361	146	138	0.086884076	0.510905214	2	0.868151148	0.061404656
d__Bacteria.p__Bacteroidota.c__Bacteroidia.o__Bacteroidales.f__Barnesiellaceae.g__Barnesiella.s__Barnesiella.intestinihominis	BMI	BMI	-0.25852015	0.25852015	0.142915961	146	83	0.072676059	0.491102025	3	0.868151148	0.061404656
d__Bacteria.p__Bacillota.c__Bacilli.o__Lactobacillales.f__Streptococcaceae.g__Streptococcus.s__Streptococcus.parasanguinis_G	Group	PD	0.258334645	0.258334645	0.250310104	146	57	0.303876598	0.753896169	1	0.579846161	0.236687214
d__Bacteria.p__Bacteroidota.c__Bacteroidia.o__Bacteroidales.f__Bacteroidaceae.g__Bacteroides.s__Bacteroides.ovatus	Age	Age	-0.257793693	0.257793693	0.132399565	146	96	0.053584874	0.428939006	1	0.393851884	0.404667072
d__Bacteria.p__Bacillota.c__Bacilli.o__MOL361.f__Turicibacteraceae.g__Turicibacter.s__Turicibacter.sanguinis	Group	PD	0.257147814	0.257147814	0.142848808	146	21	0.074055107	0.492384177	1	0.2769661	0.557573385
d__Bacteria.p__Actinomycetota.c__Coriobacteriia.o__Coriobacteriales.f__Eggerthellaceae.g__Gordonibacter.s__Gordonibacter.pamelaeae	Sex_Male1_Female2	Female	0.256798236	0.256798236	0.133125409	146	34	0.055814457	0.434905599	1	0.651761729	0.185911144
d__Bacteria.p__Bacillota.c__Bacilli.o__Lactobacillales.f__Streptococcaceae.g__Lactococcus.s__Lactococcus.lactis	BMI	BMI	0.255202084	0.255202084	0.094596772	146	42	0.007864403	0.171050101	1	0.423385234	0.373264293
d__Bacteria.p__Bacillota_A.c__Clostridia.o__Oscillospirales.f__Acutalibacteraceae.g__Acutalibacter.s__Acutalibacter.timonensis	Age	Age	0.255062356	0.255062356	0.122107902	146	61	0.038587107	0.367160983	1	0.361320006	0.442107991
d__Bacteria.p__Bacillota_A.c__Clostridia.o__TANB77.f__CAG.508.g__CAG.269.s__CAG.269.sp000431335	Group	PD	-0.254099398	0.254099398	0.157289495	146	18	0.108522439	0.546631546	1	0.329776928	0.481779732
d__Bacteria.p__Bacillota_A.c__Clostridia.o__Lachnospirales.f__Lachnospiraceae.g__Frisingicoccus.s__Frisingicoccus.sp900757195	Group	PD	0.253146521	0.253146521	0.157099538	146	17	0.109416068	0.54669251	2	0.329776928	0.481779732
d__Bacteria.p__Actinomycetota.c__Actinomycetes.o__Actinomycetales.f__Bifidobacteriaceae.g__Bifidobacterium.s__Bifidobacterium.bifidum	BMI	BMI	0.252472678	0.252472678	0.135878714	146	25	0.065320658	0.479018158	1	0.868151148	0.061404656
d__Bacteria.p__Bacillota_A.c__Clostridia.o__TANB77.f__CAG.508.g__CAG.269.s__CAG.269.sp003525075	Group	PD	-0.251376818	0.251376818	0.161325207	146	29	0.121510062	0.564531219	1	0.344278508	0.463090087
d__Bacteria.p__Actinomycetota.c__Actinomycetes.o__Actinomycetales.f__Bifidobacteriaceae.g__Bifidobacterium.s__Bifidobacterium.bifidum	Sex_Male1_Female2	Female	-0.251351658	0.251351658	0.27872167	146	25	0.36875656	0.785345911	1	0.91661738	0.037811912
d__Bacteria.p__Bacillota_A.c__Clostridia.o__Oscillospirales.f__Ruminococcaceae.g__UBA3818.s__UBA3818.sp900557155	Group	PD	-0.250746171	0.250746171	0.153832705	146	37	0.105416999	0.538238329	1	0.32583436	0.48700312
d__Bacteria.p__Pseudomonadota.c__Gammaproteobacteria.o__Enterobacterales.f__Enterobacteriaceae.g__Escherichia.s__Escherichia.coli_F	Age	Age	0.250519324	0.250519324	0.171100078	146	61	0.14545561	0.607582888	1	0.546582053	0.262344632
d__Bacteria.p__Bacteroidota.c__Bacteroidia.o__Bacteroidales.f__Marinifilaceae.g__Odoribacter.s__Odoribacter.laneus	Group	PD	-0.249949376	0.249949376	0.20554994	146	22	0.226090142	0.687461084	1	0.509383815	0.292954858
d__Bacteria.p__Bacillota_A.c__Clostridia.o__Lachnospirales.f__Lachnospiraceae.g__Blautia_A.s__Blautia_A.faecis	Age	Age	0.249340063	0.249340063	0.108687869	146	140	0.023317485	0.283601283	1	0.290691315	0.536567944
d__Bacteria.p__Actinomycetota.c__Coriobacteriia.o__Coriobacteriales.f__Eggerthellaceae.g__Gordonibacter.s__Gordonibacter.urolithinfaciens	Sex_Male1_Female2	Female	0.249120186	0.249120186	0.128117957	146	20	0.0539041	0.428939006	1	0.651761729	0.185911144
d__Bacteria.p__Bacillota_A.c__Clostridia.o__Oscillospirales.f__Ruminococcaceae.g__Ruthenibacterium.s__Ruthenibacterium.merdipullorum	Sex_Male1_Female2	Female	0.248666112	0.248666112	0.145681492	146	16	0.09011977	0.510905214	2	0.714499006	0.145998371
d__Bacteria.p__Bacteroidota.c__Bacteroidia.o__Bacteroidales.f__Tannerellaceae.g__Parabacteroides.s__Parabacteroides.distasonis	Sex_Male1_Female2	Female	-0.247461848	0.247461848	0.263643789	146	117	0.349588863	0.778422935	3	0.91661738	0.037811912
d__Bacteria.p__Bacillota_A.c__Clostridia.o__Lachnospirales.f__Lachnospiraceae.g__Hominifimenecus.s__Hominifimenecus.microfluidus	Sex_Male1_Female2	Female	-0.245810538	0.245810538	0.143283084	146	23	0.088520134	0.510905214	4	0.714499006	0.145998371
d__Bacteria.p__Bacillota_A.c__Clostridia.o__Oscillospirales.f__Oscillospiraceae.g__CAG.170.s__CAG.170.sp002404795	Age	Age	0.245697562	0.245697562	0.088345485	146	44	0.006186719	0.151517268	1	0.13610782	0.866116922
d__Bacteria.p__Bacillota_A.c__Clostridia.o__Oscillospirales.f__Oscillospiraceae.g__Vescimonas.s__Vescimonas.sp000435555	Age	Age	0.245432076	0.245432076	0.157133129	146	60	0.120626784	0.563708308	2	0.517727179	0.285899036
d__Bacteria.p__Bacillota_A.c__Clostridia.o__Lachnospirales.f__Lachnospiraceae.g__Anaerobutyricum.s__Anaerobutyricum.hallii	Sex_Male1_Female2	Female	-0.245029676	0.245029676	0.290248755	146	113	0.400036963	0.795946936	1	0.91661738	0.037811912
d__Bacteria.p__Bacillota_A.c__Clostridia.o__Lachnospirales.f__Lachnospiraceae.g__Wujia.s__Wujia.chipingensis	BMI	BMI	0.244474423	0.244474423	0.105923307	146	26	0.02250623	0.278808555	1	0.623094191	0.205446298
d__Bacteria.p__Bacillota_A.c__Clostridia.o__Oscillospirales.f__Oscillospiraceae.g__Evtepia.s__Evtepia.gabavorous	Sex_Male1_Female2	Female	0.244086423	0.244086423	0.258836247	146	82	0.347345494	0.778422935	1	0.91661738	0.037811912
d__Bacteria.p__Bacillota_A.c__Clostridia.o__Christensenellales.f__Aristaeellaceae.g__Ventricola.s__Ventricola.sp900542445	Sex_Male1_Female2	Female	-0.243716912	0.243716912	0.227415414	146	80	0.285761158	0.743475987	2	0.91661738	0.037811912
d__Bacteria.p__Bacillota_A.c__Clostridia.o__Oscillospirales.f__Oscillospiraceae.g__Vescimonas.s__Vescimonas.cirricatena	Sex_Male1_Female2	Female	0.2431878	0.2431878	0.24461887	146	38	0.321915458	0.764778595	3	0.91661738	0.037811912
d__Bacteria.p__Bacillota_A.c__Clostridia.o__Oscillospirales.f__Oscillospiraceae.g__Lawsonibacter.s__Lawsonibacter.asaccharolyticus	Group	PD	-0.241573066	0.241573066	0.210954148	146	85	0.254160342	0.714780817	1	0.532830618	0.273410827
d__Bacteria.p__Bacillota_A.c__Clostridia.o__Oscillospirales.f__Acutalibacteraceae.g__CAG.177.s__CAG.177.sp003514385	BMI	BMI	0.241456342	0.241456342	0.116004422	146	30	0.039268554	0.367160983	1	0.734321966	0.13411348
d__Bacteria.p__Bacillota_A.c__Clostridia.o__Oscillospirales.f__Ruminococcaceae.g__Faecalibacterium.s__Faecalibacterium.prausnitzii_D	Sex_Male1_Female2	Female	-0.240803678	0.240803678	0.294748253	146	107	0.415368219	0.809102676	1	0.923179931	0.034713645
d__Bacteria.p__Bacillota_I.c__Bacilli_A.o__Erysipelotrichales.f__Erysipelotrichaceae.g__Merdibacter.s__Merdibacter.merdipullorum	Sex_Male1_Female2	Female	0.240499221	0.240499221	0.122135783	146	18	0.050972807	0.428939006	2	0.651761729	0.185911144
d__Bacteria.p__Bacillota_A.c__Clostridia.o__Lachnospirales.f__Lachnospiraceae.g__Dorea.s__Dorea.formicigenerans	BMI	BMI	0.239421698	0.239421698	0.10005893	146	113	0.01808627	0.2652653	1	0.613802384	0.211971429
d__Bacteria.p__Bacillota_A.c__Clostridia.o__Lachnospirales.f__Lachnospiraceae.g__Eisenbergiella.s__Eisenbergiella.porci	Sex_Male1_Female2	Female	0.239273282	0.239273282	0.111165419	146	19	0.03313046	0.346595585	1	0.651761729	0.185911144
d__Bacteria.p__Bacillota_A.c__Clostridia.o__Oscillospirales.f__Acutalibacteraceae.g__Hominenteromicrobium.s__Hominenteromicrobium.mulieris	Age	Age	0.238172042	0.238172042	0.153687986	146	112	0.123534724	0.565249191	1	0.517727179	0.285899036
d__Bacteria.p__Bacillota_A.c__Clostridia.o__Oscillospirales.f__Oscillospiraceae.g__Enterenecus.s__Enterenecus.sp900549885	Group	PD	0.237063319	0.237063319	0.139991558	146	34	0.092666416	0.510905214	1	0.303179126	0.518300704
d__Bacteria.p__Bacillota_A.c__Clostridia.o__Lachnospirales.f__Lachnospiraceae.g__Blautia_A.s__Blautia_A.sp900548245	Group	PD	-0.236696683	0.236696683	0.239267215	146	47	0.324294353	0.764778595	2	0.594539647	0.225819179
d__Bacteria.p__Bacillota_A.c__Clostridia.o__Oscillospirales.f__Acutalibacteraceae.g__CAG.217.s__	Group	PD	-0.236225629	0.236225629	0.31290337	146	44	0.45158584	0.828256066	3	0.719337468	0.143067318
d__Bacteria.p__Bacillota_A.c__Clostridia.o__Lachnospirales.f__Lachnospiraceae.g__UBA11774.s__UBA11774.sp003507655	Sex_Male1_Female2	Female	-0.23457451	0.23457451	0.280595771	146	109	0.404628404	0.799268358	1	0.91661738	0.037811912
d__Bacteria.p__Bacillota_A.c__Clostridia.o__Lachnospirales.f__Lachnospiraceae.g__Blautia_A.s__Blautia_A.sp000436615	BMI	BMI	-0.234227085	0.234227085	0.126858049	146	41	0.067012177	0.480115594	1	0.868151148	0.061404656
d__Bacteria.p__Bacillota_A.c__Clostridia.o__Lachnospirales.f__Lachnospiraceae.g__Scatomonas.s__Scatomonas.hejianensis	Sex_Male1_Female2	Female	0.234154574	0.234154574	0.127652119	146	26	0.068792423	0.480115594	1	0.695361253	0.157789513
d__Archaea.p__Methanobacteriota.c__Methanobacteria.o__Methanobacteriales.f__Methanobacteriaceae.g__Methanobrevibacter_A.s__Methanobrevibacter_A.smithii	Age	Age	0.234103913	0.234103913	0.166977134	146	55	0.163190011	0.618386321	1	0.546582053	0.262344632
d__Bacteria.p__Bacillota_A.c__Clostridia.o__Lachnospirales.f__Lachnospiraceae.g__Eisenbergiella.s__Eisenbergiella.porci	Group	PD	0.233169057	0.233169057	0.116944198	146	19	0.048168614	0.420617117	1	0.211941902	0.673783174
d__Bacteria.p__Bacillota_C.c__Negativicutes.o__Veillonellales.f__Dialisteraceae.g__Dialister.s__Dialister.invisus	Age	Age	-0.232285868	0.232285868	0.154806512	146	43	0.135805117	0.58978277	1	0.546582053	0.262344632
d__Bacteria.p__Bacillota_A.c__Clostridia.o__Christensenellales.f__QAND01.g__QAND01.s__QAND01.sp003150225	Sex_Male1_Female2	Female	0.232148801	0.232148801	0.137489822	146	25	0.093610832	0.510905214	1	0.714499006	0.145998371
d__Bacteria.p__Bacillota_A.c__Clostridia.o__Lachnospirales.f__Lachnospiraceae.g__Alitiscatomonas.s__Alitiscatomonas.sp900066535	Age	Age	-0.229583108	0.229583108	0.07768236	146	40	0.003681651	0.134335374	1	0.123763771	0.907406465
d__Bacteria.p__Bacillota_A.c__Clostridia.o__Christensenellales.f__Aristaeellaceae.g__Ventricola.s__Ventricola.sp900542445	Age	Age	-0.229305543	0.229305543	0.110019833	146	80	0.039010961	0.367160983	2	0.361320006	0.442107991
d__Bacteria.p__Bacillota_A.c__Clostridia.o__Lachnospirales.f__Lachnospiraceae.g__Blautia_A.s__Blautia_A.fusiformis	Age	Age	0.229294427	0.229294427	0.166016818	146	122	0.169497454	0.622420156	3	0.546582053	0.262344632
d__Bacteria.p__Bacillota_A.c__Clostridia.o__Lachnospirales.f__Lachnospiraceae.g__Blautia_A.s__Blautia_A.sp900066205	BMI	BMI	-0.229232354	0.229232354	0.142641327	146	44	0.110361723	0.54669251	1	0.868151148	0.061404656
d__Bacteria.p__Bacillota_A.c__Clostridia.o__Oscillospirales.f__Oscillospiraceae.g__Faecousia.s__Faecousia.sp000434635	Age	Age	0.229012613	0.229012613	0.124971014	146	51	0.069060435	0.480115594	1	0.453133379	0.343773945
d__Bacteria.p__Bacillota_A.c__Clostridia.o__Lachnospirales.f__Lachnospiraceae.g__Hungatella.s__Hungatella.effluvii	Group	PD	0.228743536	0.228743536	0.153727743	146	16	0.139071647	0.594431953	1	0.37151997	0.430017837
d__Bacteria.p__Bacillota_A.c__Clostridia.o__Peptostreptococcales.f__Anaerovoracaceae.g__Emergencia.s__Emergencia.timonensis	Group	PD	0.228679482	0.228679482	0.084267983	146	15	0.007514842	0.171050101	2	0.070500548	1.151807508
d__Bacteria.p__Bacillota_A.c__Clostridia.o__Oscillospirales.f__Oscillospiraceae.g__Lawsonibacter_A.s__Lawsonibacter_A.hominis	Group	PD	0.228288305	0.228288305	0.138720869	146	31	0.102141599	0.532417535	3	0.323736933	0.489807752
d__Bacteria.p__Bacillota_A.c__Clostridia.o__Oscillospirales.f__Acutalibacteraceae.g__UMGS1623.s__UMGS1623.sp934647945	Sex_Male1_Female2	Female	0.228176095	0.228176095	0.124286409	146	36	0.068558132	0.480115594	1	0.695361253	0.157789513
d__Bacteria.p__Bacillota_A.c__Clostridia.o__Oscillospirales.f__Oscillospiraceae.g__Lawsonibacter_A.s__Lawsonibacter_A.hominis	Sex_Male1_Female2	Female	0.227994414	0.227994414	0.131865999	146	31	0.086080882	0.510905214	2	0.714499006	0.145998371
d__Bacteria.p__Bacillota_A.c__Clostridia.o__Oscillospirales.f__Oscillospiraceae.g__Lawsonibacter.s__Lawsonibacter.asaccharolyticus	Age	Age	0.227788087	0.227788087	0.097013054	146	85	0.020315345	0.275623401	1	0.281405151	0.550667957
d__Bacteria.p__Bacillota_A.c__Clostridia.o__Lachnospirales.f__Lachnospiraceae.g__JAGTTR01.s__JAGTTR01.sp018223385	Group	PD	-0.227186761	0.227186761	0.085076803	146	15	0.008500686	0.17662537	1	0.075696587	1.1209237
d__Bacteria.p__Bacillota_A.c__Clostridia.o__Lachnospirales.f__Lachnospiraceae.g__Roseburia_C.s__Roseburia_C.amylophila	Age	Age	0.226949058	0.226949058	0.12935568	146	49	0.081604359	0.510905214	1	0.473481872	0.324696644
d__Bacteria.p__Bacteroidota.c__Bacteroidia.o__Bacteroidales.f__Rikenellaceae.g__Alistipes.s__Alistipes.finegoldii	BMI	BMI	-0.226797418	0.226797418	0.133672694	146	87	0.092048131	0.510905214	1	0.868151148	0.061404656
d__Bacteria.p__Bacillota_A.c__Clostridia.o__Peptostreptococcales.f__Anaerovoracaceae.g__Emergencia.s__Emergencia.timonensis	Sex_Male1_Female2	Female	0.226780621	0.226780621	0.080103893	146	15	0.005343703	0.14751472	1	0.527122424	0.278088508
d__Bacteria.p__Bacillota_A.c__Clostridia.o__Lachnospirales.f__Lachnospiraceae.g__Alitiscatomonas.s__Alitiscatomonas.sp900066785	Age	Age	-0.2266573	0.2266573	0.066438565	146	24	0.000851004	0.079568877	1	0.092393122	1.034360359
d__Bacteria.p__Pseudomonadota.c__Gammaproteobacteria.o__Burkholderiales.f__Burkholderiaceae.g__Parasutterella.s__Parasutterella.sp900552195	Age	Age	-0.226413953	0.226413953	0.100888771	146	49	0.026435623	0.304041938	2	0.308966349	0.510088819
d__Bacteria.p__Bacillota_A.c__Clostridia.o__Lachnospirales.f__Lachnospiraceae.g__Eubacterium_G.s__Eubacterium_G.sp000434315	Group	PD	-0.226331456	0.226331456	0.166508147	146	33	0.17630705	0.629389205	1	0.425411851	0.371190416
d__Bacteria.p__Bacillota_A.c__Clostridia.o__Lachnospirales.f__Lachnospiraceae.g__Blautia_A.s__Blautia_A.sp900551715	Sex_Male1_Female2	Female	-0.225247562	0.225247562	0.107023486	146	20	0.037161088	0.367160983	1	0.651761729	0.185911144
d__Bacteria.p__Bacillota_C.c__Negativicutes.o__Acidaminococcales.f__Acidaminococcaceae.g__Phascolarctobacterium.s__Phascolarctobacterium.faecium	Group	PD	-0.224543668	0.224543668	0.282358464	146	66	0.427857719	0.817970668	1	0.704928577	0.151854883
d__Bacteria.p__Bacillota_A.c__Clostridia.o__Lachnospirales.f__Lachnospiraceae.g__Otoolea.s__Otoolea.fessa	Age	Age	-0.224537664	0.224537664	0.097669801	146	84	0.023032135	0.282426833	1	0.290691315	0.536567944
d__Bacteria.p__Bacillota_A.c__Clostridia.o__Lachnospirales.f__Lachnospiraceae.g__Lachnospira.s__Lachnospira.pectinoschiza_A	BMI	BMI	-0.224132769	0.224132769	0.132346142	146	58	0.09264295	0.510905214	1	0.868151148	0.061404656
d__Bacteria.p__Bacillota_A.c__Clostridia.o__TANB77.f__CAG.508.g__CAG.273.s__CAG.273.sp003534295	Sex_Male1_Female2	Female	0.223145441	0.223145441	0.204351456	146	19	0.276777411	0.735451166	1	0.91661738	0.037811912
d__Bacteria.p__Bacillota_A.c__Clostridia.o__Lachnospirales.f__Lachnospiraceae.g__Choladousia.s__Choladousia.sp902363135	Sex_Male1_Female2	Female	-0.223105565	0.223105565	0.192621396	146	100	0.248788066	0.711638522	2	0.91661738	0.037811912
d__Bacteria.p__Actinomycetota.c__Actinomycetes.o__Actinomycetales.f__Bifidobacteriaceae.g__Bifidobacterium.s__Bifidobacterium.animalis_B	BMI	BMI	0.223056197	0.223056197	0.123710346	146	27	0.073594065	0.491503222	1	0.868151148	0.061404656
d__Bacteria.p__Bacillota_A.c__Clostridia.o__TANB77.f__CAG.508.g__Merdicola.s__Merdicola.sp018371855	Group	PD	0.222716865	0.222716865	0.219115554	146	17	0.311226795	0.757099566	1	0.5849187	0.232904494
d__Bacteria.p__Bacillota_A.c__Clostridia.o__Oscillospirales.f__Ruminococcaceae.g__Ruminiclostridium_E.s__Ruminiclostridium_E.siraeum	Age	Age	0.222677529	0.222677529	0.16133883	146	72	0.169794024	0.622420156	1	0.546582053	0.262344632
d__Bacteria.p__Actinomycetota.c__Coriobacteriia.o__Coriobacteriales.f__Eggerthellaceae.g__Eggerthella.s__Eggerthella.lenta	Age	Age	0.222570969	0.222570969	0.111725412	146	64	0.048359722	0.420617117	2	0.393851884	0.404667072
d__Bacteria.p__Bacillota_A.c__Clostridia.o__Lachnospirales.f__Lachnospiraceae.g__Limivivens.s__Limivivens.sp905214955	Sex_Male1_Female2	Female	-0.221975172	0.221975172	0.151050996	146	56	0.143996446	0.606813193	1	0.803801058	0.094851427
d__Bacteria.p__Bacillota_A.c__Clostridia.o__Lachnospirales.f__Lachnospiraceae.g__Eubacterium_F.s__Eubacterium_F.sp003491505	Sex_Male1_Female2	Female	-0.221610953	0.221610953	0.266387006	146	83	0.406916105	0.799268358	2	0.91661738	0.037811912
d__Bacteria.p__Bacteroidota.c__Bacteroidia.o__Bacteroidales.f__Bacteroidaceae.g__Phocaeicola.s__Phocaeicola.vulgatus	Sex_Male1_Female2	Female	0.221411463	0.221411463	0.332984089	146	114	0.507220565	0.846790416	3	0.939697107	0.02701211
d__Bacteria.p__Bacillota_A.c__Clostridia.o__Oscillospirales.f__Acutalibacteraceae.g__UMGS1623.s__UMGS1623.sp934647945	Group	PD	0.221048263	0.221048263	0.130747265	146	36	0.093193712	0.510905214	1	0.303179126	0.518300704
d__Bacteria.p__Actinomycetota.c__Coriobacteriia.o__Coriobacteriales.f__Coriobacteriaceae.g__Collinsella.s__Collinsella.sp023656745	Sex_Male1_Female2	Female	-0.221041235	0.221041235	0.305563885	146	111	0.470683908	0.834292804	1	0.939697107	0.02701211
d__Bacteria.p__Bacillota_A.c__Clostridia.o__Oscillospirales.f__Acutalibacteraceae.g__Eubacterium_R.s__Eubacterium_R.sp000434995	BMI	BMI	0.220300531	0.220300531	0.083197973	146	25	0.009056369	0.183085506	1	0.423385234	0.373264293
d__Bacteria.p__Bacillota_A.c__Clostridia.o__Lachnospirales.f__Lachnospiraceae.g__Eubacterium_F.s__Eubacterium_F.sp003491505	BMI	BMI	-0.219815156	0.219815156	0.129865482	146	83	0.092814173	0.510905214	2	0.868151148	0.061404656
d__Bacteria.p__Bacillota_A.c__Clostridia.o__Oscillospirales.f__Acutalibacteraceae.g__UMGS1071.s__UMGS1071.sp900542375	Group	PD	0.218497655	0.218497655	0.199490482	146	61	0.275330475	0.734454007	1	0.550840505	0.258974132
d__Bacteria.p__Bacillota_A.c__Clostridia.o__Lachnospirales.f__Lachnospiraceae.g__Roseburia_D.s__Roseburia_D.yibonii	Sex_Male1_Female2	Female	-0.21839681	0.21839681	0.146346054	146	20	0.137928417	0.592531784	1	0.793618889	0.100388004
d__Bacteria.p__Bacillota_A.c__Clostridia.o__Oscillospirales.f__Oscillospiraceae.g__Vescimonas.s__Vescimonas.sp000435975	Age	Age	0.218375537	0.218375537	0.099649495	146	27	0.030122651	0.326190757	1	0.313368599	0.503944525
d__Bacteria.p__Bacillota_A.c__Clostridia.o__Oscillospirales.f__Ruminococcaceae.g__Negativibacillus.s__Negativibacillus.sp000435195	Sex_Male1_Female2	Female	-0.217567292	0.217567292	0.213501942	146	49	0.309992738	0.757099566	1	0.91661738	0.037811912
d__Bacteria.p__Bacillota_A.c__Clostridia.o__Christensenellales.f__Aristaeellaceae.g__Pullichristensenella.s__Pullichristensenella.stercoripullorum	Age	Age	0.2172332	0.2172332	0.076203182	146	49	0.005042352	0.14751472	1	0.124909132	0.90340581
d__Bacteria.p__Bacillota_A.c__Clostridia.o__Lachnospirales.f__Lachnospiraceae.g__Scatomonas.s__Scatomonas.merdavium	Group	PD	0.215215767	0.215215767	0.118722668	146	19	0.072074282	0.490105121	1	0.272280623	0.564983265
d__Bacteria.p__Bacillota_A.c__Clostridia.o__Oscillospirales.f__Oscillospiraceae.g__Hominicoprocola.s__Hominicoprocola.sp934835795	Group	PD	-0.214600912	0.214600912	0.268498912	146	89	0.425532352	0.817970668	2	0.704199557	0.152304253
d__Bacteria.p__Bacteroidota.c__Bacteroidia.o__Bacteroidales.f__Bacteroidaceae.g__Paraprevotella.s__Paraprevotella.clara	Sex_Male1_Female2	Female	-0.214194976	0.214194976	0.13965846	146	19	0.127425108	0.565661606	1	0.768661134	0.114265078
d__Bacteria.p__Bacillota_A.c__Clostridia.o__Lachnospirales.f__Lachnospiraceae.g__Sellimonas.s__Sellimonas.intestinalis	Age	Age	0.214066344	0.214066344	0.090198498	146	32	0.019029905	0.266546862	1	0.273737864	0.562665125
d__Bacteria.p__Bacillota_A.c__Clostridia.o__Oscillospirales.f__Ruminococcaceae.g__Faecalibacterium.s__Faecalibacterium.sp900758465	Age	Age	-0.213868606	0.213868606	0.079308211	146	36	0.007889343	0.171050101	2	0.159044796	0.798480536
d__Bacteria.p__Bacillota_A.c__Clostridia.o__Oscillospirales.f__Oscillospiraceae.g__Faecousia.s__Faecousia.sp000434635	BMI	BMI	0.212169832	0.212169832	0.125932813	146	51	0.094323336	0.511259823	1	0.868151148	0.061404656
d__Bacteria.p__Bacillota_A.c__Clostridia.o__Oscillospirales.f__Oscillospiraceae.g__CAG.103.s__CAG.103.sp905215475	Age	Age	-0.212048564	0.212048564	0.137217664	146	51	0.124586754	0.565249191	1	0.517727179	0.285899036
d__Bacteria.p__Bacillota_A.c__Clostridia.o__Lachnospirales.f__Lachnospiraceae.g__Hominisplanchenecus.s__Hominisplanchenecus.faecis	Age	Age	-0.21097637	0.21097637	0.127191117	146	65	0.099473725	0.525839906	2	0.489515438	0.310233607
d__Bacteria.p__Bacillota_A.c__Clostridia.o__Lachnospirales.f__Lachnospiraceae.g__CAJJNI01.s__CAJJNI01.sp905193085	Group	PD	-0.210688652	0.210688652	0.094713198	146	16	0.027763723	0.312289695	1	0.148337605	0.828748737
d__Bacteria.p__Bacillota_A.c__Clostridia.o__Christensenellales.f__Aristaeellaceae.g__UBA11524.s__UBA11524.sp000437595	Age	Age	-0.21052127	0.21052127	0.177206912	146	56	0.236905165	0.700565059	1	0.613288631	0.212335086
d__Bacteria.p__Bacillota_A.c__Clostridia.o__Lachnospirales.f__Lachnospiraceae.g__Hominiventricola.s__Hominiventricola.sp003480725	Age	Age	-0.210209657	0.210209657	0.059889982	146	40	0.000608361	0.065007666	2	0.092393122	1.034360359
d__Bacteria.p__Bacillota_A.c__Clostridia.o__Lachnospirales.f__Lachnospiraceae.g__Blautia_A.s__Blautia_A.sp934394595	Sex_Male1_Female2	Female	-0.210180106	0.210180106	0.162819015	146	53	0.19893472	0.6554848	1	0.896404641	0.047495904
d__Bacteria.p__Bacillota_A.c__Clostridia.o__Oscillospirales.f__Oscillospiraceae.g__CAG.170.s__CAG.170.sp000432135	Age	Age	0.209828199	0.209828199	0.119072718	146	68	0.080284648	0.510905214	1	0.473481872	0.324696644
d__Bacteria.p__Bacillota_A.c__Clostridia.o__Lachnospirales.f__Lachnospiraceae.g__Anaerostipes.s__Anaerostipes.amylophilus	Group	PD	-0.209420976	0.209420976	0.276839716	146	41	0.450675794	0.828256066	1	0.719337468	0.143067318
d__Bacteria.p__Bacillota_A.c__Clostridia.o__Christensenellales.f__CAG.314.g__CAG.314.s__CAG.314.sp000437915	Sex_Male1_Female2	Female	-0.208024139	0.208024139	0.158865123	146	32	0.19259366	0.650384006	1	0.896404641	0.047495904
d__Bacteria.p__Bacteroidota.c__Bacteroidia.o__Bacteroidales.f__Bacteroidaceae.g__Bacteroides.s__Bacteroides.stercoris	BMI	BMI	-0.208007103	0.208007103	0.157848731	146	49	0.189798706	0.648262247	1	0.868151148	0.061404656
d__Bacteria.p__Bacillota_A.c__Clostridia.o__Lachnospirales.f__Lachnospiraceae.g__Lachnospira.s__Lachnospira.eligens	Sex_Male1_Female2	Female	-0.207267793	0.207267793	0.277271323	146	90	0.456036084	0.828256066	1	0.939697107	0.02701211
d__Bacteria.p__Bacillota_A.c__Clostridia.o__Lachnospirales.f__Lachnospiraceae.g__Blautia_A.s__Blautia_A.hydrogenotrophica	Sex_Male1_Female2	Female	0.207106656	0.207106656	0.170814658	146	29	0.227436763	0.690152937	2	0.91661738	0.037811912
d__Bacteria.p__Bacillota_A.c__Clostridia.o__Oscillospirales.f__Acutalibacteraceae.g__Acutalibacter.s__Acutalibacter.timonensis	Group	PD	0.207046314	0.207046314	0.265522703	146	61	0.436881892	0.822443048	1	0.713510164	0.146599836
d__Bacteria.p__Bacillota_A.c__Clostridia.o__Lachnospirales.f__Lachnospiraceae.g__Dorea.s__Dorea.formicigenerans	Age	Age	-0.206312776	0.206312776	0.09929474	146	113	0.039609947	0.368052677	1	0.361320006	0.442107991
d__Bacteria.p__Bacillota_A.c__Clostridia.o__Oscillospirales.f__Acutalibacteraceae.g__Hominenteromicrobium.s__Hominenteromicrobium.mulieris	Sex_Male1_Female2	Female	-0.205669808	0.205669808	0.317679242	146	112	0.51845574	0.853349411	1	0.939697107	0.02701211
d__Bacteria.p__Bacillota_A.c__Clostridia.o__Oscillospirales.f__Oscillospiraceae.g__HGM13006.s__HGM13006.sp900757695	Group	PD	-0.204997908	0.204997908	0.145246243	146	25	0.160415712	0.618386321	1	0.402654202	0.395067764
d__Bacteria.p__Bacillota_A.c__Clostridia.o__Christensenellales.f__QAND01.g__QAND01.s__QAND01.sp003150225	Group	PD	0.204923718	0.204923718	0.144637039	146	25	0.158824056	0.618386321	2	0.402654202	0.395067764
d__Bacteria.p__Bacillota_A.c__Clostridia.o__Oscillospirales.f__Oscillospiraceae.g__Faecousia.s__Faecousia.sp003525905	Sex_Male1_Female2	Female	0.204902736	0.204902736	0.271218821	146	85	0.451262311	0.828256066	1	0.939697107	0.02701211
d__Bacteria.p__Bacillota_A.c__Clostridia.o__Oscillospirales.f__Ruminococcaceae.g__Negativibacillus.s__Negativibacillus.sp000435195	Age	Age	0.204813346	0.204813346	0.103288724	146	49	0.049390938	0.422221964	1	0.393851884	0.404667072
d__Bacteria.p__Bacillota_A.c__Clostridia.o__Lachnospirales.f__Lachnospiraceae.g__Agathobacter.s__Agathobacter.sp000434275	Sex_Male1_Female2	Female	-0.204556001	0.204556001	0.150358658	146	17	0.175936924	0.629389205	1	0.878953655	0.056034024
d__Bacteria.p__Bacteroidota.c__Bacteroidia.o__Bacteroidales.f__Bacteroidaceae.g__Bacteroides.s__Bacteroides.stercoris	Sex_Male1_Female2	Female	-0.204214849	0.204214849	0.323787741	146	49	0.529291259	0.8550617	2	0.939697107	0.02701211
d__Bacteria.p__Bacteroidota.c__Bacteroidia.o__Bacteroidales.f__Rikenellaceae.g__Alistipes.s__Alistipes.dispar	Group	PD	-0.203330283	0.203330283	0.183758879	146	20	0.270460999	0.730545752	1	0.549741378	0.259841574
d__Bacteria.p__Bacillota_A.c__Clostridia.o__Lachnospirales.f__Lachnospiraceae.g__Ruminococcus_B.s__Ruminococcus_B.gnavus	Age	Age	-0.202814098	0.202814098	0.152476715	146	49	0.185701217	0.63824685	1	0.564652481	0.248218759
d__Bacteria.p__Bacillota_A.c__Clostridia.o__Lachnospirales.f__Lachnospiraceae.g__Eubacterium_I.s__Eubacterium_I.ramulus	Age	Age	-0.202439008	0.202439008	0.101844647	146	77	0.048850526	0.421787674	2	0.393851884	0.404667072
d__Bacteria.p__Bacillota_A.c__Clostridia.o__Christensenellales.f__Aristaeellaceae.g__Ventricola.s__Ventricola.sp900542395	BMI	BMI	0.202361245	0.202361245	0.095010223	146	42	0.034981461	0.353596388	1	0.734321966	0.13411348
d__Bacteria.p__Bacillota_I.c__Bacilli_A.o__Erysipelotrichales.f__Coprobacillaceae.g__Faecalibacillus.s__Faecalibacillus.intestinalis	Age	Age	-0.202190728	0.202190728	0.111855342	146	87	0.07287744	0.491102025	1	0.454269373	0.342686543
d__Bacteria.p__Bacillota_A.c__Clostridia.o__Oscillospirales.f__CAG.272.g__UMGS1696.s__UMGS1696.sp900753285	Group	PD	-0.201705807	0.201705807	0.084683636	146	15	0.01860935	0.266546862	1	0.122103453	0.913272054
d__Bacteria.p__Bacillota_A.c__Clostridia.o__Lachnospirales.f__Lachnospiraceae.g__Anaerostipes.s__Anaerostipes.amylophilus	BMI	BMI	-0.200530212	0.200530212	0.12829216	146	41	0.120359026	0.563708308	1	0.868151148	0.061404656
d__Bacteria.p__Bacillota_A.c__Clostridia.o__Lachnospirales.f__Lachnospiraceae.g__Roseburia.s__Roseburia.inulinivorans	Age	Age	-0.199492193	0.199492193	0.107697391	146	78	0.066144942	0.480115594	1	0.449785603	0.34699445
d__Bacteria.p__Bacillota_A.c__Clostridia.o__Lachnospirales.f__Lachnospiraceae.g__Muricoprocola.s__Muricoprocola.aceti	Group	PD	-0.199108219	0.199108219	0.113417624	146	17	0.081419897	0.510905214	1	0.29110295	0.535953393
d__Bacteria.p__Bacillota_A.c__Clostridia.o__Lachnospirales.f__Lachnospiraceae.g__Blautia_A.s__Blautia_A.caecimuris	Sex_Male1_Female2	Female	0.198508646	0.198508646	0.278859006	146	36	0.477770641	0.841515665	1	0.939697107	0.02701211
d__Bacteria.p__Bacillota_A.c__Clostridia.o__Lachnospirales.f__Lachnospiraceae.g__UBA11774.s__UBA11774.sp003507655	Age	Age	0.198413943	0.198413943	0.135747613	146	109	0.146147045	0.607582888	1	0.546582053	0.262344632
d__Bacteria.p__Bacillota_A.c__Clostridia.o__Oscillospirales.f__Acutalibacteraceae.g__Anaeromassilibacillus.s__Anaeromassilibacillus.stercoravium	Sex_Male1_Female2	Female	0.198049842	0.198049842	0.14333297	146	26	0.169315085	0.622420156	1	0.878953655	0.056034024
d__Bacteria.p__Desulfobacterota.c__Desulfovibrionia.o__Desulfovibrionales.f__Desulfovibrionaceae.g__Bilophila.s__Bilophila.wadsworthia	Group	PD	0.196920175	0.196920175	0.208742066	146	92	0.347166546	0.778422935	1	0.621245398	0.206736815
d__Bacteria.p__Bacillota_A.c__Clostridia.o__Lachnospirales.f__Lachnospiraceae.g__Coprococcus_A.s__Coprococcus_A.catus_A	BMI	BMI	0.196246287	0.196246287	0.110603406	146	93	0.078247076	0.510905214	1	0.868151148	0.061404656
d__Bacteria.p__Bacteroidota.c__Bacteroidia.o__Bacteroidales.f__Bacteroidaceae.g__Bacteroides.s__Bacteroides.cellulosilyticus	Group	PD	-0.195752662	0.195752662	0.344078795	146	70	0.570350036	0.872786714	1	0.778506983	0.108737488
d__Bacteria.p__Bacillota_A.c__Clostridia.o__Christensenellales.f__Aristaeellaceae.g__Pullichristensenella.s__Pullichristensenella.sp946496415	Group	PD	0.195529669	0.195529669	0.139209075	146	33	0.162427308	0.618386321	2	0.40479894	0.392760633
d__Bacteria.p__Bacteroidota.c__Bacteroidia.o__Bacteroidales.f__Tannerellaceae.g__Parabacteroides.s__Parabacteroides.distasonis	Group	PD	0.195054408	0.195054408	0.277348945	146	117	0.483082501	0.841515665	3	0.740462521	0.130496919
d__Bacteria.p__Bacillota_A.c__Clostridia.o__TANB77.f__CAG.508.g__CAG.269.s__CAG.269.sp000437215	Sex_Male1_Female2	Female	-0.194763113	0.194763113	0.114786186	146	16	0.092032071	0.510905214	1	0.714499006	0.145998371
d__Bacteria.p__Bacillota_A.c__Clostridia.o__Oscillospirales.f__Oscillospiraceae.g__Evtepia.s__Evtepia.gabavorous	BMI	BMI	0.194491292	0.194491292	0.126184435	146	82	0.125561172	0.565249191	1	0.868151148	0.061404656
d__Bacteria.p__Bacillota_A.c__Clostridia.o__Oscillospirales.f__Acutalibacteraceae.g__UMGS1623.s__UMGS1623.sp934647945	Age	Age	0.194447613	0.194447613	0.060127718	146	36	0.00153276	0.09843606	1	0.09554201	1.019805627
d__Bacteria.p__Bacillota_A.c__Clostridia.o__Lachnospirales.f__Lachnospiraceae.g__Butyribacter.s__Butyribacter.intestini	Age	Age	-0.193853636	0.193853636	0.08130957	146	24	0.018499731	0.266546862	2	0.273737864	0.562665125
d__Bacteria.p__Bacillota_A.c__Clostridia.o__Lachnospirales.f__Lachnospiraceae.g__Bariatricus.s__Bariatricus.comes_A	Sex_Male1_Female2	Female	-0.193590793	0.193590793	0.242164513	146	120	0.425441798	0.817970668	1	0.930996888	0.031051771
d__Bacteria.p__Bacillota_A.c__Clostridia.o__Christensenellales.f__CAG.138.g__SFEL01.s__SFEL01.sp004557245	Age	Age	0.19295024	0.19295024	0.106312674	146	48	0.071737984	0.490045773	1	0.454269373	0.342686543
d__Bacteria.p__Bacillota_A.c__Clostridia.o__Oscillospirales.f__Ruminococcaceae.g__Faecalibacterium.s__Faecalibacterium.sp934514285	Sex_Male1_Female2	Female	-0.192302542	0.192302542	0.307813735	146	96	0.533190594	0.8550617	1	0.939697107	0.02701211
d__Bacteria.p__Bacillota_A.c__Clostridia.o__Christensenellales.f__Aristaeellaceae.g__Limiplasma.s__Limiplasma.merdipullorum	Age	Age	0.191653426	0.191653426	0.117466558	146	51	0.105086274	0.538238329	1	0.491278333	0.308672389
d__Bacteria.p__Bacillota_A.c__Clostridia.o__UBA1381.f__UBA1381.g__Hominilimicola.s__Hominilimicola.fabiformis	Sex_Male1_Female2	Female	-0.191280998	0.191280998	0.215178222	146	116	0.37560377	0.785345911	1	0.91661738	0.037811912
d__Bacteria.p__Bacillota_A.c__Clostridia.o__Lachnospirales.f__Lachnospiraceae.g__Blautia_A.s__Blautia_A.sp900066335	Sex_Male1_Female2	Female	-0.190966978	0.190966978	0.257017105	146	31	0.45875552	0.830869562	2	0.939697107	0.02701211
d__Bacteria.p__Bacillota_I.c__Bacilli_A.o__Erysipelotrichales.f__Coprobacillaceae.g__Allocoprobacillus.s__Allocoprobacillus.merdigallinarum	Group	PD	0.190668871	0.190668871	0.092728767	146	15	0.041675621	0.38485635	1	0.192428175	0.71573134
d__Bacteria.p__Bacillota_A.c__Clostridia.o__Lachnospirales.f__Lachnospiraceae.g__UBA3402.s__UBA3402.sp003478355	Age	Age	-0.190493564	0.190493564	0.065598814	146	29	0.004301949	0.143015914	1	0.123763771	0.907406465
d__Bacteria.p__Bacteroidota.c__Bacteroidia.o__Bacteroidales.f__Bacteroidaceae.g__Bacteroides.s__Bacteroides.thetaiotaomicron	Age	Age	0.190239828	0.190239828	0.122633823	146	94	0.123157746	0.565249191	2	0.517727179	0.285899036
d__Bacteria.p__Bacillota_A.c__Clostridia.o__Oscillospirales.f__Ruminococcaceae.g__Gemmiger.s__Gemmiger.sp900540595	Sex_Male1_Female2	Female	-0.190074544	0.190074544	0.207751285	146	28	0.361856126	0.780024156	1	0.91661738	0.037811912
d__Bacteria.p__Bacteroidota.c__Bacteroidia.o__Bacteroidales.f__Bacteroidaceae.g__Bacteroides.s__Bacteroides.uniformis	Group	PD	0.18989521	0.18989521	0.303587893	146	137	0.53268905	0.8550617	1	0.757784046	0.120454542
d__Bacteria.p__Bacillota_A.c__Clostridia.o__Lachnospirales.f__Lachnospiraceae.g__Anaerostipes.s__	Age	Age	0.189797488	0.189797488	0.13525275	146	132	0.162812373	0.618386321	1	0.546582053	0.262344632
d__Bacteria.p__Bacillota_A.c__Clostridia.o__Lachnospirales.f__Lachnospiraceae.g__Dorea_D.s__Dorea_D.sp000433535	Group	PD	0.189444811	0.189444811	0.233234249	146	42	0.418066955	0.811190875	1	0.694920183	0.158065075
d__Bacteria.p__Bacillota_A.c__Clostridia.o__Lachnospirales.f__Lachnospiraceae.g__Acetatifactor.s__Acetatifactor.intestinalis	Sex_Male1_Female2	Female	-0.189259595	0.189259595	0.26620581	146	50	0.478331403	0.841515665	1	0.939697107	0.02701211
d__Bacteria.p__Bacillota_A.c__Clostridia.o__Oscillospirales.f__Ruminococcaceae.g__Faecalibacterium.s__Faecalibacterium.sp900539945	BMI	BMI	0.189127546	0.189127546	0.126440542	146	80	0.137027302	0.590757476	1	0.868151148	0.061404656
d__Bacteria.p__Bacillota_A.c__Clostridia.o__Lachnospirales.f__Lachnospiraceae.g__Agathobacter.s__Agathobacter.faecis	BMI	BMI	0.18839265	0.18839265	0.191075432	146	92	0.325903801	0.76536197	2	0.890037633	0.05059163
d__Bacteria.p__Bacillota_A.c__Clostridia.o__Oscillospirales.f__Butyricicoccaceae.g__Agathobaculum.s__Agathobaculum.hominis	Sex_Male1_Female2	Female	-0.188343846	0.188343846	0.198689289	146	42	0.34484563	0.776941358	1	0.91661738	0.037811912
d__Bacteria.p__Bacillota_A.c__Clostridia.o__Lachnospirales.f__Lachnospiraceae.g__Oliverpabstia.s__Oliverpabstia.intestinalis	BMI	BMI	0.187803537	0.187803537	0.139370025	146	97	0.180054258	0.63033204	1	0.868151148	0.061404656
d__Bacteria.p__Bacteroidota.c__Bacteroidia.o__Bacteroidales.f__Bacteroidaceae.g__Bacteroides.s__Bacteroides.cellulosilyticus	BMI	BMI	-0.187730179	0.187730179	0.159451875	146	70	0.241113347	0.705372807	2	0.868151148	0.061404656
d__Bacteria.p__Bacillota_A.c__Clostridia.o__Lachnospirales.f__Lachnospiraceae.g__Scatomonas.s__Scatomonas.hejianensis	Group	PD	0.187677081	0.187677081	0.134287937	146	26	0.164517216	0.618386321	1	0.40479894	0.392760633
d__Bacteria.p__Bacillota_A.c__Clostridia.o__Lachnospirales.f__Lachnospiraceae.g__Hominisplanchenecus.s__Hominisplanchenecus.faecis	BMI	BMI	0.187308851	0.187308851	0.128170003	146	65	0.146209786	0.607582888	1	0.868151148	0.061404656
d__Bacteria.p__Actinomycetota.c__Actinomycetes.o__Actinomycetales.f__Bifidobacteriaceae.g__Bifidobacterium.s__Bifidobacterium.infantis	BMI	BMI	-0.187266294	0.187266294	0.197514194	146	87	0.344752263	0.776941358	2	0.890037633	0.05059163
d__Bacteria.p__Bacteroidota.c__Bacteroidia.o__Bacteroidales.f__Bacteroidaceae.g__Phocaeicola.s__Phocaeicola.vulgatus	Age	Age	-0.187146001	0.187146001	0.161092219	146	114	0.247379099	0.71032463	1	0.626763172	0.20289653
d__Bacteria.p__Bacillota_A.c__Clostridia.o__Lachnospirales.f__Lachnospiraceae.g__AF33.28.s__AF33.28.sp003477885	Group	PD	0.185016668	0.185016668	0.106690901	146	16	0.085159682	0.510905214	1	0.294904823	0.530318125
d__Bacteria.p__Bacillota_A.c__Clostridia.o__Monoglobales.f__Monoglobaceae.g__Monoglobus.s__Monoglobus.pectinilyticus	Age	Age	0.184671482	0.184671482	0.108933426	146	62	0.09231268	0.510905214	1	0.483634137	0.315483053
d__Bacteria.p__Bacillota_A.c__Clostridia.o__Lachnospirales.f__Lachnospiraceae.g__Gallintestinimicrobium.s__Gallintestinimicrobium.propionicum	Sex_Male1_Female2	Female	0.184449096	0.184449096	0.198184249	146	75	0.353660464	0.779198902	1	0.91661738	0.037811912
d__Bacteria.p__Verrucomicrobiota.c__Verrucomicrobiae.o__Verrucomicrobiales.f__Akkermansiaceae.g__Akkermansia.s__Akkermansia.muciniphila	BMI	BMI	0.182782028	0.182782028	0.21716064	146	54	0.401438863	0.796488779	1	0.890037633	0.05059163
d__Bacteria.p__Bacteroidota.c__Bacteroidia.o__Bacteroidales.f__Bacteroidaceae.g__Bacteroides.s__Bacteroides.uniformis	BMI	BMI	-0.181972644	0.181972644	0.140687713	146	137	0.198047762	0.6554848	2	0.868151148	0.061404656
d__Bacteria.p__Bacillota_A.c__Clostridia.o__Lachnospirales.f__Lachnospiraceae.g__Blautia_A.s__Blautia_A.fusiformis	BMI	BMI	0.181884266	0.181884266	0.167294513	146	122	0.278867118	0.735776381	3	0.890037633	0.05059163
d__Bacteria.p__Bacillota_A.c__Clostridia.o__Christensenellales.f__Aristaeellaceae.g__Pullichristensenella.s__Pullichristensenella.stercoripullorum	Group	PD	0.181457126	0.181457126	0.16570324	146	49	0.275420253	0.734454007	1	0.550840505	0.258974132
d__Bacteria.p__Bacillota_A.c__Clostridia.o__Lachnospirales.f__Lachnospiraceae.g__Dorea_D.s__Dorea_D.sp000433535	Age	Age	0.18138821	0.18138821	0.10725917	146	42	0.093104136	0.510905214	1	0.483634137	0.315483053
d__Bacteria.p__Bacillota_A.c__Clostridia.o__Oscillospirales.f__Oscillospiraceae.g__HGM13006.s__HGM13006.sp900757695	Sex_Male1_Female2	Female	-0.18137624	0.18137624	0.138068922	146	25	0.191170895	0.650384006	1	0.896404641	0.047495904
d__Bacteria.p__Bacillota_A.c__Clostridia.o__Lachnospirales.f__Lachnospiraceae.g__Blautia_A.s__Blautia_A.sp000436615	Group	PD	-0.181375644	0.181375644	0.27374507	146	41	0.508726419	0.846790416	1	0.752137547	0.123702731
d__Bacteria.p__Bacillota_A.c__Clostridia.o__Oscillospirales.f__Oscillospiraceae.g__CAG.103.s__CAG.103.sp905215475	Group	PD	-0.180163683	0.180163683	0.298378766	146	51	0.546976686	0.862388588	2	0.757784046	0.120454542
d__Bacteria.p__Bacillota_A.c__Clostridia.o__Oscillospirales.f__Oscillospiraceae.g__Enterenecus.s__Enterenecus.sp900549885	Sex_Male1_Female2	Female	0.180094606	0.180094606	0.133073897	146	34	0.178191288	0.629389205	1	0.878953655	0.056034024
d__Bacteria.p__Bacillota_A.c__Clostridia.o__Lachnospirales.f__Lachnospiraceae.g__JAGZHZ01.s__JAGZHZ01.sp018366495	Sex_Male1_Female2	Female	0.179428182	0.179428182	0.133433783	146	17	0.180961047	0.63033204	2	0.878953655	0.056034024
d__Bacteria.p__Bacillota_A.c__Clostridia.o__Oscillospirales.f__Oscillospiraceae.g__Faecousia.s__Faecousia.sp003525905	BMI	BMI	-0.179075195	0.179075195	0.132221024	146	85	0.177866703	0.629389205	1	0.868151148	0.061404656
d__Bacteria.p__Bacillota_A.c__Clostridia.o__Lachnospirales.f__Lachnospiraceae.g__Enterocloster.s__Enterocloster.bolteae	Sex_Male1_Female2	Female	0.178938845	0.178938845	0.181656099	146	34	0.326352749	0.76536197	1	0.91661738	0.037811912
d__Bacteria.p__Bacillota_A.c__Clostridia.o__Oscillospirales.f__Oscillospiraceae.g__Faecousia.s__Faecousia.sp000435995	Group	PD	-0.178270117	0.178270117	0.230589465	146	50	0.440801227	0.826187195	1	0.716781125	0.144613439
d__Bacteria.p__Bacillota_A.c__Clostridia.o__Oscillospirales.f__Oscillospiraceae.g__Lawsonibacter.s__Lawsonibacter.sp900066825	Group	PD	0.177361867	0.177361867	0.118265742	146	16	0.136012738	0.58978277	2	0.365962331	0.436563615
d__Bacteria.p__Pseudomonadota.c__Gammaproteobacteria.o__Burkholderiales.f__Burkholderiaceae.g__Sutterella.s__Sutterella.wadsworthensis	Group	PD	0.177093186	0.177093186	0.112771823	146	15	0.118653374	0.561073433	3	0.338750855	0.4701196
d__Bacteria.p__Bacteroidota.c__Bacteroidia.o__Bacteroidales.f__Bacteroidaceae.g__Paraprevotella.s__Paraprevotella.clara	Age	Age	-0.1764524	0.1764524	0.067564463	146	19	0.010023606	0.198833883	1	0.187441438	0.727134392
d__Bacteria.p__Bacillota_A.c__Clostridia.o__Oscillospirales.f__Oscillospiraceae.g__Dysosmobacter.s__Dysosmobacter.segnis	BMI	BMI	0.176152005	0.176152005	0.132526534	146	77	0.186013119	0.63824685	1	0.868151148	0.061404656
d__Bacteria.p__Bacillota_A.c__Clostridia.o__Lachnospirales.f__Lachnospiraceae.g__Oliverpabstia.s__Oliverpabstia.intestinalis	Age	Age	-0.174728646	0.174728646	0.138305601	146	97	0.208624194	0.669360918	1	0.579948349	0.236610684
d__Bacteria.p__Bacillota_A.c__Clostridia.o__Christensenellales.f__Aristaeellaceae.g__Alectryocaccomicrobium.s__Alectryocaccomicrobium.faecavium	Age	Age	0.174446005	0.174446005	0.061618162	146	23	0.005343706	0.14751472	2	0.124909132	0.90340581
d__Bacteria.p__Bacillota_A.c__Clostridia.o__Oscillospirales.f__Acutalibacteraceae.g__Ruminococcus_E.s__Ruminococcus_E.intestinalis	Group	PD	-0.172761919	0.172761919	0.305907836	146	19	0.573173112	0.872786714	1	0.779515432	0.108175283
d__Bacteria.p__Bacillota_A.c__Clostridia.o__Oscillospirales.f__Oscillospiraceae.g__Lawsonibacter_A.s__Lawsonibacter_A.hominis	Age	Age	0.171498323	0.171498323	0.063794599	146	31	0.008079816	0.172677207	1	0.159044796	0.798480536
d__Bacteria.p__Bacillota_A.c__Clostridia.o__Oscillospirales.f__Acutalibacteraceae.g__Acutalibacter.s__Acutalibacter.timonensis	Sex_Male1_Female2	Female	0.17128264	0.17128264	0.25240194	146	61	0.498537723	0.846790416	1	0.939697107	0.02701211
d__Bacteria.p__Bacillota_A.c__Clostridia.o__Christensenellales.f__Aristaeellaceae.g__Egerieenecus.s__Egerieenecus.merdigallinarum	Group	PD	0.170986275	0.170986275	0.201754902	146	37	0.398208252	0.795946936	1	0.677616582	0.169015975
d__Bacteria.p__Bacillota_A.c__Clostridia.o__Lachnospirales.f__Lachnospiraceae.g__Dorea_D.s__Dorea_D.hominis	BMI	BMI	0.17096436	0.17096436	0.0749389	146	44	0.024079409	0.28821107	1	0.623094191	0.205446298
d__Bacteria.p__Bacillota_A.c__Clostridia.o__Lachnospirales.f__Lachnospiraceae.g__Pararoseburia.s__Pararoseburia.lenta	Age	Age	-0.170577804	0.170577804	0.056561791	146	18	0.003059589	0.129986878	1	0.123763771	0.907406465
d__Bacteria.p__Bacillota_I.c__Bacilli_A.o__Erysipelotrichales.f__Coprobacillaceae.g__Thomasclavelia.s__Thomasclavelia.spiroformis	Group	PD	0.170083104	0.170083104	0.133045138	146	21	0.20329059	0.662576738	1	0.475191755	0.323131104
d__Bacteria.p__Bacillota_A.c__Clostridia.o__Christensenellales.f__Aristaeellaceae.g__Limiplasma.s__Limiplasma.merdipullorum	BMI	BMI	-0.169293591	0.169293591	0.118370602	146	51	0.15495316	0.614880442	1	0.868151148	0.061404656
d__Bacteria.p__Bacillota_A.c__Clostridia.o__Lachnospirales.f__Lachnospiraceae.g__Dorea_A.s__Dorea_A.amylophila	Age	Age	-0.169162296	0.169162296	0.120748947	146	69	0.163509011	0.618386321	1	0.546582053	0.262344632
d__Bacteria.p__Bacillota_A.c__Clostridia.o__Christensenellales.f__CAG.138.g__UBA1685.s__UBA1685.sp002320595	Sex_Male1_Female2	Female	-0.169080299	0.169080299	0.155265296	146	19	0.278090044	0.735776381	1	0.91661738	0.037811912
d__Bacteria.p__Bacillota_A.c__Clostridia.o__Lachnospirales.f__Lachnospiraceae.g__Blautia_A.s__Blautia_A.intestinalis	Sex_Male1_Female2	Female	-0.168422003	0.168422003	0.259026956	146	80	0.516653224	0.853105102	2	0.939697107	0.02701211
d__Bacteria.p__Bacillota_A.c__Clostridia.o__Lachnospirales.f__Lachnospiraceae.g__Roseburia_D.s__Roseburia_D.yibonii	BMI	BMI	0.168376474	0.168376474	0.071344699	146	20	0.019694194	0.270298297	1	0.613802384	0.211971429
d__Bacteria.p__Bacillota_A.c__Clostridia.o__Lachnospirales.f__Lachnospiraceae.g__Agathobacter.s__Agathobacter.rectalis	Sex_Male1_Female2	Female	-0.168365575	0.168365575	0.409807448	146	110	0.681835955	0.924245416	1	0.939697107	0.02701211
d__Bacteria.p__Bacillota_A.c__Clostridia.o__Peptostreptococcales.f__Peptostreptococcaceae.g__Intestinibacter.s__Intestinibacter.sp900540355	BMI	BMI	0.16761962	0.16761962	0.061819342	146	18	0.007563875	0.171050101	1	0.423385234	0.373264293
d__Bacteria.p__Bacillota_A.c__Clostridia.o__Lachnospirales.f__Lachnospiraceae.g__Hominiventricola.s__Hominiventricola.sp003480725	Sex_Male1_Female2	Female	-0.167328687	0.167328687	0.123794999	146	40	0.178728122	0.629389205	1	0.878953655	0.056034024
d__Bacteria.p__Bacteroidota.c__Bacteroidia.o__Bacteroidales.f__Bacteroidaceae.g__Bacteroides.s__Bacteroides.caccae	Sex_Male1_Female2	Female	0.167272369	0.167272369	0.305165431	146	86	0.58449664	0.874852276	2	0.939697107	0.02701211
d__Bacteria.p__Bacillota_A.c__Clostridia.o__Oscillospirales.f__Ruminococcaceae.g__Gemmiger.s__Gemmiger.sp900540775	Group	PD	-0.166942718	0.166942718	0.276542681	146	33	0.547063349	0.862388588	1	0.757784046	0.120454542
d__Bacteria.p__Bacillota_A.c__Clostridia.o__Lachnospirales.f__Lachnospiraceae.g__Anaerostipes.s__	Sex_Male1_Female2	Female	0.166404008	0.166404008	0.279572868	146	132	0.552693547	0.862590435	1	0.939697107	0.02701211
d__Bacteria.p__Bacillota_A.c__Clostridia.o__Lachnospirales.f__Lachnospiraceae.g__Eubacterium_F.s__Eubacterium_F.sp003491505	Age	Age	-0.166201534	0.166201534	0.128873647	146	83	0.199362021	0.6554848	1	0.579479839	0.23696167
d__Bacteria.p__Bacillota_A.c__Clostridia.o__Oscillospirales.f__Ruminococcaceae.g__Avimicrobium.s__Avimicrobium.caecorum	Age	Age	-0.166072233	0.166072233	0.056692377	146	26	0.003984405	0.137330152	2	0.123763771	0.907406465
d__Bacteria.p__Bacillota_A.c__Clostridia.o__Lachnospirales.f__Lachnospiraceae.g__Blautia_A.s__Blautia_A.acetigignens	Age	Age	-0.165580522	0.165580522	0.110550172	146	56	0.136506216	0.590211849	3	0.546582053	0.262344632
d__Bacteria.p__Bacillota_A.c__Clostridia.o__Lachnospirales.f__Lachnospiraceae.g__Eubacterium_G.s__Eubacterium_G.ventriosum	Age	Age	-0.164932994	0.164932994	0.094652844	146	66	0.083680696	0.510905214	4	0.473481872	0.324696644
d__Bacteria.p__Bacillota_A.c__Clostridia.o__Lachnospirales.f__Lachnospiraceae.g__Bariatricus.s__Bariatricus.comes_A	Age	Age	-0.164923746	0.164923746	0.117155204	146	120	0.161490489	0.618386321	5	0.546582053	0.262344632
d__Bacteria.p__Bacillota_A.c__Clostridia.o__Lachnospirales.f__Lachnospiraceae.g__Blautia.s__Blautia.stercoris	Age	Age	-0.164562985	0.164562985	0.114121407	146	35	0.151601451	0.614498962	6	0.546582053	0.262344632
d__Bacteria.p__Bacillota_A.c__Clostridia.o__Oscillospirales.f__Ruminococcaceae.g__Gemmiger.s__Gemmiger.sp900539695	Age	Age	-0.164131204	0.164131204	0.084072302	146	65	0.052961328	0.428939006	7	0.393851884	0.404667072
d__Bacteria.p__Bacteroidota.c__Bacteroidia.o__Bacteroidales.f__Bacteroidaceae.g__Phocaeicola.s__Phocaeicola.dorei	BMI	BMI	-0.163666799	0.163666799	0.182014494	146	76	0.370137316	0.785345911	1	0.890037633	0.05059163
d__Bacteria.p__Bacillota_A.c__Clostridia.o__Oscillospirales.f__Acutalibacteraceae.g__Ruminococcus_E.s__Ruminococcus_E.intestinalis	Age	Age	0.163208782	0.163208782	0.140680114	146	19	0.248023929	0.710811873	1	0.626763172	0.20289653
d__Bacteria.p__Bacillota_A.c__Clostridia.o__Christensenellales.f__CAG.138.g__SFEL01.s__SFEL01.sp004557245	Sex_Male1_Female2	Female	-0.162604014	0.162604014	0.219752568	146	48	0.460610983	0.832111062	1	0.939697107	0.02701211
d__Bacteria.p__Actinomycetota.c__Actinomycetes.o__Actinomycetales.f__Bifidobacteriaceae.g__Bifidobacterium.s__Bifidobacterium.infantis	Sex_Male1_Female2	Female	-0.162422312	0.162422312	0.405151656	146	87	0.689128304	0.926725666	2	0.939697107	0.02701211
d__Bacteria.p__Bacillota_A.c__Clostridia.o__Peptostreptococcales.f__Peptostreptococcaceae.g__Romboutsia.s__Romboutsia.timonensis	Age	Age	-0.162213916	0.162213916	0.113874318	146	80	0.156592518	0.618106615	1	0.546582053	0.262344632
d__Bacteria.p__Bacillota_A.c__Clostridia.o__Oscillospirales.f__Acutalibacteraceae.g__Acutalibacter.s__Acutalibacter.timonensis	BMI	BMI	0.161554691	0.161554691	0.123047667	146	61	0.191412929	0.650384006	1	0.868151148	0.061404656
d__Bacteria.p__Bacillota_A.c__Clostridia.o__Oscillospirales.f__Oscillospiraceae.g__CAG.103.s__CAG.103.sp000432375	Age	Age	0.161302691	0.161302691	0.172081838	146	44	0.350234858	0.778422935	1	0.692394217	0.159646568
d__Bacteria.p__Bacillota_A.c__Clostridia.o__Lachnospirales.f__Lachnospiraceae.g__Anaerostipes.s__Anaerostipes.amylophilus	Age	Age	-0.161274851	0.161274851	0.127312341	146	41	0.207404382	0.669360918	2	0.579948349	0.236610684
d__Bacteria.p__Bacillota_A.c__Clostridia.o__Oscillospirales.f__Oscillospiraceae.g__Intestinimonas.s__Intestinimonas.butyriciproducens	Age	Age	0.160628629	0.160628629	0.05432634	146	21	0.003666808	0.134335374	3	0.123763771	0.907406465
d__Bacteria.p__Bacillota_A.c__Clostridia.o__Oscillospirales.f__Ruminococcaceae.g__UBA3818.s__UBA3818.sp900557155	Sex_Male1_Female2	Female	-0.160575929	0.160575929	0.146231086	146	37	0.274102398	0.734454007	1	0.91661738	0.037811912
d__Bacteria.p__Bacillota_A.c__Clostridia.o__Lachnospirales.f__Lachnospiraceae.g__UBA4285.s__UBA4285.sp900545225	Group	PD	0.159473153	0.159473153	0.132483181	146	21	0.230787354	0.694683866	1	0.516853116	0.286632861
d__Bacteria.p__Bacteroidota.c__Bacteroidia.o__Bacteroidales.f__Marinifilaceae.g__Butyricimonas.s__Butyricimonas.paravirosa	Sex_Male1_Female2	Female	-0.158863807	0.158863807	0.157388597	146	40	0.31458823	0.759362411	1	0.91661738	0.037811912
d__Bacteria.p__Bacillota_A.c__Clostridia.o__Lachnospirales.f__Lachnospiraceae.g__V9D3004.s__V9D3004.sp900760345	Sex_Male1_Female2	Female	-0.158836576	0.158836576	0.171720802	146	31	0.3566199	0.779469944	2	0.91661738	0.037811912
d__Bacteria.p__Bacillota_A.c__Clostridia.o__Lachnospirales.f__Lachnospiraceae.g__Anaerobutyricum.s__Anaerobutyricum.hallii	BMI	BMI	0.158599826	0.158599826	0.141498247	146	113	0.264322474	0.730545752	1	0.890037633	0.05059163
d__Bacteria.p__Bacillota_A.c__Clostridia.o__Lachnospirales.f__Lachnospiraceae.g__Blautia_A.s__Blautia_A.wexlerae_B	Age	Age	0.158583422	0.158583422	0.148984748	146	138	0.289021415	0.746763449	1	0.655115207	0.183682319
d__Bacteria.p__Bacteroidota.c__Bacteroidia.o__Bacteroidales.f__Bacteroidaceae.g__Bacteroides.s__Bacteroides.zhangwenhongii	Group	PD	-0.158501643	0.158501643	0.15732539	146	23	0.315494951	0.759362411	1	0.587040357	0.231332041
d__Bacteria.p__Actinomycetota.c__Coriobacteriia.o__Coriobacteriales.f__Eggerthellaceae.g__CAJFUR01.s__CAJFUR01.sp904420575	Group	PD	0.158117832	0.158117832	0.154396841	146	31	0.3076061	0.755774128	2	0.581033744	0.235798645
d__Bacteria.p__Bacillota_A.c__Clostridia.o__Lachnospirales.f__Lachnospiraceae.g__Eubacterium_F.s__Eubacterium_F.sp000433735	Sex_Male1_Female2	Female	-0.157551986	0.157551986	0.16338838	146	32	0.336617543	0.774154752	1	0.91661738	0.037811912
d__Bacteria.p__Bacillota_A.c__Clostridia.o__Oscillospirales.f__Acutalibacteraceae.g__Acutalibacter.s__Acutalibacter.sp900548545	Group	PD	0.157355666	0.157355666	0.141758544	146	24	0.26894665	0.730545752	1	0.549741378	0.259841574
d__Bacteria.p__Bacillota.c__Bacilli.o__MOL361.f__Turicibacteraceae.g__Turicibacter.s__Turicibacter.bilis	Group	PD	0.156669828	0.156669828	0.164717651	146	33	0.343219724	0.776941358	2	0.617135466	0.209619494
d__Bacteria.p__Bacillota_A.c__Clostridia.o__Lachnospirales.f__Lachnospiraceae.g__UBA3402.s__UBA3402.sp003478355	Sex_Male1_Female2	Female	-0.156283985	0.156283985	0.135595385	146	29	0.251106331	0.714780817	1	0.91661738	0.037811912
d__Bacteria.p__Bacteroidota.c__Bacteroidia.o__Bacteroidales.f__Rikenellaceae.g__Alistipes_A.s__Alistipes_A.indistinctus	Sex_Male1_Female2	Female	0.155897519	0.155897519	0.206699174	146	51	0.452018544	0.828256066	2	0.939697107	0.02701211
d__Bacteria.p__Bacillota_A.c__Clostridia.o__Peptostreptococcales.f__Anaerovoracaceae.g__Hominibacterium.s__Hominibacterium.hominis	Group	PD	0.155846005	0.155846005	0.169324343	146	42	0.358993844	0.779469944	1	0.636320843	0.196323851
d__Bacteria.p__Bacteroidota.c__Bacteroidia.o__Bacteroidales.f__Tannerellaceae.g__Parabacteroides.s__Parabacteroides.segnis	Sex_Male1_Female2	Female	0.155808446	0.155808446	0.136370307	146	25	0.255237315	0.71504686	1	0.91661738	0.037811912
d__Bacteria.p__Bacillota_A.c__Clostridia.o__Oscillospirales.f__CAG.272.g__UMGS1696.s__UMGS1696.sp900753285	Sex_Male1_Female2	Female	-0.15579924	0.15579924	0.080499007	146	15	0.055014175	0.434905599	2	0.651761729	0.185911144
d__Bacteria.p__Actinomycetota.c__Coriobacteriia.o__Coriobacteriales.f__Eggerthellaceae.g__Anaerotardibacter.s__Anaerotardibacter.sp000436075	Age	Age	0.154146594	0.154146594	0.106805291	146	37	0.15124985	0.614498962	1	0.546582053	0.262344632
d__Bacteria.p__Bacillota_A.c__Clostridia.o__Oscillospirales.f__Ruminococcaceae.g__Faecalibacterium.s__Faecalibacterium.sp934514285	Age	Age	-0.153959181	0.153959181	0.148915216	146	96	0.303031234	0.753896169	2	0.658149243	0.181675614
d__Bacteria.p__Bacillota_A.c__Clostridia.o__Oscillospirales.f__Oscillospiraceae.g__CAG.170.s__CAG.170.sp003516765	Group	PD	-0.153801325	0.153801325	0.145714385	146	32	0.293068797	0.751941622	1	0.57099595	0.243366972
d__Bacteria.p__Bacillota_A.c__Clostridia.o__Oscillospirales.f__Oscillospiraceae.g__Faecousia.s__Faecousia.sp000435995	BMI	BMI	0.152907997	0.152907997	0.106859019	146	50	0.154743466	0.614880442	1	0.868151148	0.061404656
d__Bacteria.p__Bacillota_A.c__Clostridia.o__Oscillospirales.f__Oscillospiraceae.g__Intestinimonas.s__Intestinimonas.massiliensis	Group	PD	0.152383545	0.152383545	0.137610176	146	30	0.270094457	0.730545752	1	0.549741378	0.259841574
d__Bacteria.p__Bacillota_A.c__Clostridia.o__Oscillospirales.f__Ruminococcaceae.g__Faecalibacterium.s__Faecalibacterium.sp934514285	BMI	BMI	-0.152060706	0.152060706	0.150061294	146	96	0.31270484	0.758195203	1	0.890037633	0.05059163
d__Bacteria.p__Bacillota_A.c__Clostridia.o__Lachnospirales.f__CAG.274.g__CAG.274.s__CAG.274.sp900545305	Sex_Male1_Female2	Female	-0.151984431	0.151984431	0.108169726	146	17	0.162284945	0.618386321	1	0.867065279	0.061948205
d__Bacteria.p__Bacillota_A.c__Clostridia.o__Lachnospirales.f__Lachnospiraceae.g__Dorea_A.s__Dorea_A.longicatena	Age	Age	-0.151950716	0.151950716	0.156860429	146	93	0.334414406	0.770853547	1	0.692394217	0.159646568
d__Bacteria.p__Bacillota_A.c__Clostridia.o__Oscillospirales.f__Oscillospiraceae.g__Scatomorpha.s__Scatomorpha.intestinigallinarum	Sex_Male1_Female2	Female	0.151918326	0.151918326	0.178439871	146	23	0.396060523	0.795946936	1	0.91661738	0.037811912
d__Bacteria.p__Bacillota_A.c__Clostridia.o__Lachnospirales.f__Lachnospiraceae.g__Brotaphodocola.s__Brotaphodocola.sp003480315	Sex_Male1_Female2	Female	-0.151894198	0.151894198	0.090973132	146	21	0.097286843	0.516537952	2	0.727705582	0.138044294
d__Bacteria.p__Bacillota_A.c__Clostridia.o__Lachnospirales.f__Lachnospiraceae.g__Eubacterium_G.s__Eubacterium_G.sp000434315	Sex_Male1_Female2	Female	-0.151855635	0.151855635	0.158280172	146	33	0.339054607	0.775872377	3	0.91661738	0.037811912
d__Bacteria.p__Bacteroidota.c__Bacteroidia.o__Bacteroidales.f__Bacteroidaceae.g__Bacteroides.s__Bacteroides.eggerthii	Group	PD	0.151312283	0.151312283	0.275692336	146	27	0.584011957	0.874852276	1	0.782869075	0.106310862
d__Bacteria.p__Bacillota_A.c__Clostridia.o__Oscillospirales.f__Ruminococcaceae.g__Harryflintia.s__Harryflintia.acetispora	Group	PD	0.151304547	0.151304547	0.090628624	146	18	0.097318453	0.516537952	2	0.313768114	0.503391193
d__Bacteria.p__Bacillota_A.c__Clostridia.o__Christensenellales.f__CAG.138.g__UBA1685.s__UBA1685.sp002320595	Group	PD	-0.15084518	0.15084518	0.163336546	146	19	0.357369941	0.779469944	3	0.636320843	0.196323851
d__Bacteria.p__Bacillota_A.c__Clostridia.o__Oscillospirales.f__Ruminococcaceae.g__Gemmiger.s__Gemmiger.formicilis	Sex_Male1_Female2	Female	0.150069801	0.150069801	0.349837764	146	97	0.668624008	0.918448245	1	0.939697107	0.02701211
d__Bacteria.p__Bacillota_A.c__Clostridia.o__Oscillospirales.f__Oscillospiraceae.g__Vescimonas.s__Vescimonas.sp900552475	Group	PD	-0.149895325	0.149895325	0.113633941	146	18	0.189350018	0.648209673	1	0.4510631	0.345762699
d__Bacteria.p__Bacillota_A.c__Clostridia.o__Christensenellales.f__CAG.138.g__SFEL01.s__SFEL01.sp004557245	BMI	BMI	0.14986825	0.14986825	0.107130875	146	48	0.164111392	0.618386321	1	0.868151148	0.061404656
d__Bacteria.p__Bacteroidota.c__Bacteroidia.o__Bacteroidales.f__Bacteroidaceae.g__Phocaeicola.s__Phocaeicola.vulgatus	BMI	BMI	-0.149658901	0.149658901	0.162332013	146	114	0.358197219	0.779469944	2	0.890037633	0.05059163
d__Bacteria.p__Bacillota_A.c__Clostridia.o__Peptostreptococcales.f__Anaerovoracaceae.g__Alangreenwoodia.s__Alangreenwoodia.sp905206455	Sex_Male1_Female2	Female	-0.14965405	0.14965405	0.172320954	146	51	0.386671898	0.789371308	1	0.91661738	0.037811912
d__Bacteria.p__Bacillota_A.c__Clostridia.o__Oscillospirales.f__Butyricicoccaceae.g__Agathobaculum.s__Agathobaculum.hominis	BMI	BMI	0.149453148	0.149453148	0.096862383	146	42	0.12516826	0.565249191	1	0.868151148	0.061404656
d__Bacteria.p__Bacillota_A.c__Clostridia.o__Christensenellales.f__Aristaeellaceae.g__Pullichristensenella.s__Pullichristensenella.stercoripullorum	Sex_Male1_Female2	Female	-0.149415778	0.149415778	0.15751504	146	49	0.344516279	0.776941358	1	0.91661738	0.037811912
d__Bacteria.p__Bacillota_A.c__Clostridia.o__Oscillospirales.f__Ruminococcaceae.g__Angelakisella.s__Angelakisella.sp900547385	Sex_Male1_Female2	Female	-0.149330581	0.149330581	0.167188917	146	40	0.373336058	0.785345911	2	0.91661738	0.037811912
d__Bacteria.p__Bacillota_A.c__Clostridia.o__Oscillospirales.f__Oscillospiraceae.g__Scatomorpha.s__Scatomorpha.sp900545405	Sex_Male1_Female2	Female	-0.149188884	0.149188884	0.223331417	146	27	0.505255685	0.846790416	3	0.939697107	0.02701211
d__Bacteria.p__Bacillota_A.c__Clostridia.o__Oscillospirales.f__Ruminococcaceae.g__Porcipelethomonas.s__Porcipelethomonas.ammoniilytica	Group	PD	-0.148873331	0.148873331	0.22241168	146	26	0.504401049	0.846790416	1	0.751577659	0.124026138
d__Bacteria.p__Bacillota_A.c__Clostridia.o__Lachnospirales.f__Lachnospiraceae.g__Choladousia.s__Choladousia.sp902363665	Sex_Male1_Female2	Female	0.148649065	0.148649065	0.214872274	146	61	0.490241045	0.843504431	1	0.939697107	0.02701211
d__Bacteria.p__Actinomycetota.c__Coriobacteriia.o__Coriobacteriales.f__Eggerthellaceae.g__Anaerotardibacter.s__Anaerotardibacter.sp000435675	Age	Age	-0.148525022	0.148525022	0.133875538	146	52	0.269204281	0.730545752	1	0.64336044	0.191545647
d__Bacteria.p__Bacillota_I.c__Bacilli_A.o__Erysipelotrichales.f__Erysipelotrichaceae.g__Merdibacter.s__Merdibacter.merdipullorum	Age	Age	0.148498757	0.148498757	0.059087281	146	18	0.01313102	0.2135218	2	0.2135218	0.670557778
d__Bacteria.p__Bacillota_A.c__Clostridia.o__Lachnospirales.f__Lachnospiraceae.g__Lachnoclostridium_B.s__Lachnoclostridium_B.ammoniilytica	BMI	BMI	0.148035713	0.148035713	0.080859116	146	85	0.069321503	0.480115594	1	0.868151148	0.061404656
d__Bacteria.p__Bacillota_A.c__Clostridia.o__Oscillospirales.f__Ruminococcaceae.g__Ruthenibacterium.s__Ruthenibacterium.lactatiformans	BMI	BMI	-0.148009763	0.148009763	0.109628212	146	111	0.179224466	0.629389205	2	0.868151148	0.061404656
d__Bacteria.p__Bacillota_A.c__Clostridia.o__Lachnospirales.f__Lachnospiraceae.g__Lachnospira.s__Lachnospira.hominis	Age	Age	-0.147979468	0.147979468	0.075368296	146	35	0.051637722	0.428939006	1	0.393851884	0.404667072
d__Bacteria.p__Bacillota_A.c__Clostridia.o__Oscillospirales.f__Acutalibacteraceae.g__UMGS1071.s__UMGS1071.sp900542375	Age	Age	0.147669771	0.147669771	0.091741173	146	61	0.109796397	0.54669251	2	0.493124199	0.307043685
d__Bacteria.p__Bacillota_A.c__Clostridia.o__Lachnospirales.f__Lachnospiraceae.g__Ventrisoma.s__Ventrisoma.faecale	Group	PD	0.147384192	0.147384192	0.14816204	146	20	0.321624446	0.764778595	1	0.594539647	0.225819179
d__Bacteria.p__Bacillota_A.c__Clostridia.o__Oscillospirales.f__Ruminococcaceae.g__Zongyangia.s__Zongyangia.gallinarum	Sex_Male1_Female2	Female	-0.14724261	0.14724261	0.127836975	146	23	0.251424086	0.714780817	1	0.91661738	0.037811912
d__Bacteria.p__Bacillota_A.c__Clostridia.o__Christensenellales.f__CAG.314.g__CAG.314.s__CAG.314.sp000437915	Age	Age	0.147066116	0.147066116	0.07685633	146	32	0.05778286	0.438797761	1	0.40019981	0.397723122
d__Bacteria.p__Bacillota_A.c__Clostridia.o__Oscillospirales.f__Oscillospiraceae.g__CAG.103.s__CAG.103.sp900317855	Sex_Male1_Female2	Female	0.14698552	0.14698552	0.345629516	146	36	0.67131273	0.918448245	1	0.939697107	0.02701211
d__Bacteria.p__Bacteroidota.c__Bacteroidia.o__Bacteroidales.f__Rikenellaceae.g__Alistipes.s__Alistipes.communis	Age	Age	0.14636562	0.14636562	0.123529159	146	88	0.238136448	0.700565059	1	0.613288631	0.212335086
d__Bacteria.p__Bacillota_I.c__Bacilli_A.o__Erysipelotrichales.f__Coprobacillaceae.g__Faecalibacillus.s__Faecalibacillus.faecis	Sex_Male1_Female2	Female	0.146331733	0.146331733	0.16015499	146	30	0.362497657	0.780069556	1	0.91661738	0.037811912
d__Bacteria.p__Bacillota.c__Bacilli.o__Lactobacillales.f__Streptococcaceae.g__Streptococcus.s__Streptococcus.sp902463925	Age	Age	0.146242778	0.146242778	0.105788748	146	23	0.169113713	0.622420156	1	0.546582053	0.262344632
d__Bacteria.p__Bacillota_A.c__Clostridia.o__Oscillospirales.f__Acutalibacteraceae.g__Acutalibacter.s__Acutalibacter.ornithocaccae	BMI	BMI	-0.146216548	0.146216548	0.119330959	146	49	0.222578984	0.683733388	1	0.868151148	0.061404656
d__Bacteria.p__Bacillota_A.c__Clostridia.o__Clostridiales.f__Clostridiaceae.g__Clostridium.s__Clostridium.sp000435835	Sex_Male1_Female2	Female	-0.146010243	0.146010243	0.118556903	146	21	0.220237838	0.679331559	1	0.91661738	0.037811912
d__Bacteria.p__Bacillota_A.c__Clostridia.o__Lachnospirales.f__Lachnospiraceae.g__Choladousia.s__Choladousia.sp902363665	Group	PD	0.145923304	0.145923304	0.226042109	146	61	0.519653285	0.853349411	1	0.752137547	0.123702731
d__Bacteria.p__Bacillota_A.c__Clostridia.o__Oscillospirales.f__Oscillospiraceae.g__Pseudoflavonifractor.s__Pseudoflavonifractor.faecis	Sex_Male1_Female2	Female	0.14573705	0.14573705	0.076002925	146	17	0.057268671	0.438797761	1	0.651761729	0.185911144
d__Bacteria.p__Bacillota_A.c__Clostridia.o__Oscillospirales.f__Oscillospiraceae.g__Evtepia.s__Evtepia.sp004556345	Group	PD	-0.14560728	0.14560728	0.127108384	146	19	0.253998795	0.714780817	1	0.532830618	0.273410827
d__Bacteria.p__Bacillota_A.c__Clostridia.o__Oscillospirales.f__Oscillospiraceae.g__Vescimonas.s__Vescimonas.coprocola	Age	Age	-0.145523731	0.145523731	0.10010845	146	53	0.148344095	0.613982188	1	0.546582053	0.262344632
d__Bacteria.p__Bacillota_A.c__Clostridia.o__TANB77.f__CAG.508.g__CAG.273.s__CAG.273.sp003534295	Group	PD	0.144737581	0.144737581	0.214974381	146	19	0.501912801	0.846790416	1	0.75086155	0.124440134
d__Bacteria.p__Bacillota_A.c__Clostridia.o__Lachnospirales.f__Lachnospiraceae.g__Dorea_D.s__Dorea_D.hominis	Age	Age	-0.144723329	0.144723329	0.074366562	146	44	0.053707075	0.428939006	1	0.393851884	0.404667072
d__Bacteria.p__Bacteroidota.c__Bacteroidia.o__Bacteroidales.f__Bacteroidaceae.g__Bacteroides.s__Bacteroides.salyersiae	Sex_Male1_Female2	Female	-0.144613779	0.144613779	0.115264522	146	18	0.2117667	0.669360918	1	0.912017603	0.039996779
d__Bacteria.p__Bacillota_A.c__Clostridia.o__Oscillospirales.f__Oscillospiraceae.g__Intestinimonas.s__Intestinimonas.butyriciproducens	Group	PD	0.144289955	0.144289955	0.118132212	146	21	0.224037217	0.684871009	1	0.507817692	0.294292173
d__Bacteria.p__Bacillota_A.c__Clostridia.o__Lachnospirales.f__Lachnospiraceae.g__Blautia_A.s__Blautia_A.sp000436615	Sex_Male1_Female2	Female	-0.143451931	0.143451931	0.260218	146	41	0.582349077	0.874852276	1	0.939697107	0.02701211
d__Bacteria.p__Bacillota_A.c__Clostridia.o__Oscillospirales.f__Oscillospiraceae.g__Vescimonas.s__Vescimonas.sp000435555	Sex_Male1_Female2	Female	-0.143302503	0.143302503	0.324800492	146	60	0.659767656	0.912791667	2	0.939697107	0.02701211
d__Bacteria.p__Bacillota_A.c__Clostridia.o__Oscillospirales.f__Oscillospiraceae.g__CAG.170.s__CAG.170.sp000432135	Sex_Male1_Female2	Female	-0.143177856	0.143177856	0.246128093	146	68	0.561717678	0.86763279	3	0.939697107	0.02701211
d__Bacteria.p__Bacillota_A.c__Clostridia.o__Lachnospirales.f__Lachnospiraceae.g__Limivivens.s__Limivivens.faecihominis	BMI	BMI	0.14263815	0.14263815	0.08306778	146	75	0.088231854	0.510905214	1	0.868151148	0.061404656
d__Bacteria.p__Bacteroidota.c__Bacteroidia.o__Bacteroidales.f__Bacteroidaceae.g__Phocaeicola.s__Phocaeicola.massiliensis	Age	Age	-0.142593461	0.142593461	0.103606118	146	34	0.170989573	0.622420156	1	0.546582053	0.262344632
d__Bacteria.p__Verrucomicrobiota.c__Verrucomicrobiae.o__Verrucomicrobiales.f__Akkermansiaceae.g__Akkermansia.s__Akkermansia.muciniphila_F	Age	Age	-0.142369123	0.142369123	0.1373914	146	22	0.301933713	0.753896169	2	0.658149243	0.181675614
d__Bacteria.p__Bacillota_A.c__Clostridia.o__Lachnospirales.f__Lachnospiraceae.g__Mediterraneibacter.s__Mediterraneibacter.faecis	Sex_Male1_Female2	Female	-0.142306593	0.142306593	0.308436021	146	112	0.645262185	0.907248335	1	0.939697107	0.02701211
d__Bacteria.p__Bacillota_A.c__Clostridia.o__Oscillospirales.f__Oscillospiraceae.g__Hominicoprocola.s__Hominicoprocola.sp934835795	Sex_Male1_Female2	Female	-0.142209981	0.142209981	0.25523108	146	89	0.578319418	0.874592065	2	0.939697107	0.02701211
d__Bacteria.p__Bacillota_A.c__Clostridia.o__Oscillospirales.f__Oscillospiraceae.g__Hominicoprocola.s__Hominicoprocola.sp003522105	Sex_Male1_Female2	Female	-0.141977022	0.141977022	0.138652743	146	16	0.307664735	0.755774128	3	0.91661738	0.037811912
d__Bacteria.p__Bacillota_A.c__Clostridia.o__Oscillospirales.f__Acutalibacteraceae.g__CAG.217.s__	Sex_Male1_Female2	Female	0.141876217	0.141876217	0.297441299	146	44	0.634135551	0.904062938	4	0.939697107	0.02701211
d__Bacteria.p__Bacteroidota.c__Bacteroidia.o__Bacteroidales.f__Tannerellaceae.g__Parabacteroides.s__Parabacteroides.johnsonii	Group	PD	-0.141593664	0.141593664	0.135099806	146	16	0.296466687	0.753896169	1	0.574500212	0.240709807
d__Bacteria.p__Bacillota_A.c__Clostridia.o__Oscillospirales.f__Acutalibacteraceae.g__CAG.217.s__	BMI	BMI	0.141246648	0.141246648	0.145004661	146	44	0.331744456	0.767062916	1	0.890037633	0.05059163
d__Bacteria.p__Bacillota_A.c__Clostridia.o__Christensenellales.f__CAG.138.g__SFEL01.s__SFEL01.sp004557245	Group	PD	0.140974042	0.140974042	0.231176099	146	48	0.543003645	0.860522725	1	0.757784046	0.120454542
d__Bacteria.p__Bacillota_A.c__Clostridia.o__Lachnospirales.f__Lachnospiraceae.g__Roseburia.s__Roseburia.intestinalis	BMI	BMI	0.140747726	0.140747726	0.138601875	146	75	0.311679232	0.757099566	1	0.890037633	0.05059163
d__Bacteria.p__Bacillota_A.c__Clostridia.o__TANB77.f__CAG.508.g__CAG.269.s__CAG.269.sp003525075	Sex_Male1_Female2	Female	0.14049582	0.14049582	0.153353347	146	29	0.361205955	0.780024156	1	0.91661738	0.037811912
d__Bacteria.p__Bacillota_A.c__Clostridia.o__Peptostreptococcales.f__Anaerovoracaceae.g__Fimisoma.s__Fimisoma.avicola	Sex_Male1_Female2	Female	0.139988086	0.139988086	0.131484945	146	20	0.288911866	0.746763449	2	0.91661738	0.037811912
d__Bacteria.p__Bacillota_A.c__Clostridia.o__TANB77.f__CAG.508.g__Merdicola.s__Merdicola.sp018371855	Sex_Male1_Female2	Female	0.139859409	0.139859409	0.208287992	146	17	0.503059282	0.846790416	3	0.939697107	0.02701211
d__Bacteria.p__Bacillota_A.c__Clostridia.o__Oscillospirales.f__Acutalibacteraceae.g__Acutalibacter.s__Acutalibacter.sp900548545	Sex_Male1_Female2	Female	-0.139829675	0.139829675	0.134753568	146	24	0.301265341	0.753896169	4	0.91661738	0.037811912
d__Bacteria.p__Bacillota_A.c__Clostridia.o__Oscillospirales.f__Ruminococcaceae.g__Gemmiger.s__Gemmiger.qucibialis	BMI	BMI	0.13962284	0.13962284	0.139885295	146	125	0.31999193	0.764778595	1	0.890037633	0.05059163
d__Bacteria.p__Bacteroidota.c__Bacteroidia.o__Bacteroidales.f__Rikenellaceae.g__Alistipes.s__Alistipes.shahii	BMI	BMI	0.139366553	0.139366553	0.136480432	146	88	0.308997929	0.757099566	2	0.890037633	0.05059163
d__Bacteria.p__Bacillota_A.c__Clostridia.o__Oscillospirales.f__Oscillospiraceae.g__Evtepia.s__Evtepia.excrementipullorum	Sex_Male1_Female2	Female	-0.139196992	0.139196992	0.227085428	146	33	0.540918601	0.860522725	1	0.939697107	0.02701211
d__Bacteria.p__Bacteroidota.c__Bacteroidia.o__Bacteroidales.f__Bacteroidaceae.g__Bacteroides.s__Bacteroides.ovatus	Sex_Male1_Female2	Female	-0.13894836	0.13894836	0.273675221	146	96	0.61247731	0.89217727	2	0.939697107	0.02701211
d__Bacteria.p__Bacillota_A.c__Clostridia.o__Oscillospirales.f__Oscillospiraceae.g__Lawsonibacter.s__Lawsonibacter.asaccharolyticus	BMI	BMI	-0.138301884	0.138301884	0.097759684	146	85	0.159438179	0.618386321	1	0.868151148	0.061404656
d__Bacteria.p__Pseudomonadota.c__Gammaproteobacteria.o__Burkholderiales.f__Burkholderiaceae.g__Parasutterella.s__Parasutterella.gallistercoris	Group	PD	-0.138130225	0.138130225	0.141688369	146	18	0.331346887	0.767062916	1	0.601571532	0.220712724
d__Bacteria.p__Bacteroidota.c__Bacteroidia.o__Bacteroidales.f__Bacteroidaceae.g__Phocaeicola.s__Phocaeicola.massiliensis	Sex_Male1_Female2	Female	-0.137250538	0.137250538	0.214158008	146	34	0.522676218	0.854542086	1	0.939697107	0.02701211
d__Bacteria.p__Bacillota_A.c__Clostridia.o__Oscillospirales.f__Oscillospiraceae.g__Faecousia.s__Faecousia.sp000435995	Age	Age	0.136952672	0.136952672	0.106042894	146	50	0.198726647	0.6554848	1	0.579479839	0.23696167
d__Bacteria.p__Bacillota_A.c__Clostridia.o__Oscillospirales.f__Oscillospiraceae.g__Faecousia.s__Faecousia.sp003525905	Age	Age	0.13656048	0.13656048	0.131211199	146	85	0.299829698	0.753896169	2	0.658149243	0.181675614
d__Bacteria.p__Bacteroidota.c__Bacteroidia.o__Bacteroidales.f__Bacteroidaceae.g__Bacteroides.s__Bacteroides.thetaiotaomicron	Group	PD	-0.136546507	0.136546507	0.266666315	146	94	0.609446469	0.890392308	1	0.796994513	0.098544668
d__Bacteria.p__Bacteroidota.c__Bacteroidia.o__Bacteroidales.f__Bacteroidaceae.g__Bacteroides.s__Bacteroides.zhangwenhongii	Sex_Male1_Female2	Female	-0.13636046	0.13636046	0.149551181	146	23	0.363488474	0.780170384	1	0.91661738	0.037811912
d__Bacteria.p__Bacillota_A.c__Clostridia.o__Oscillospirales.f__Ruminococcaceae.g__Faecalibacterium.s__Faecalibacterium.sp900539885	Age	Age	-0.136213448	0.136213448	0.118955306	146	53	0.254186761	0.714780817	1	0.633772324	0.19806673
d__Bacteria.p__Bacillota_A.c__Clostridia.o__Lachnospirales.f__Lachnospiraceae.g__Enterocloster.s__Enterocloster.sp000431375	Age	Age	-0.135812509	0.135812509	0.108723618	146	64	0.213754581	0.669360918	2	0.581144593	0.235715799
d__Bacteria.p__Actinomycetota.c__Coriobacteriia.o__Coriobacteriales.f__Eggerthellaceae.g__Anaerotardibacter.s__Anaerotardibacter.sp000436075	Group	PD	0.135776629	0.135776629	0.232247292	146	37	0.55977122	0.867071454	1	0.766866067	0.115280479
d__Bacteria.p__Bacteroidota.c__Bacteroidia.o__Bacteroidales.f__Rikenellaceae.g__Tidjanibacter.s__Tidjanibacter.inops	BMI	BMI	-0.135763405	0.135763405	0.094165407	146	24	0.151670388	0.614498962	1	0.868151148	0.061404656
d__Bacteria.p__Bacillota_A.c__Clostridia.o__Lachnospirales.f__Lachnospiraceae.g__Lachnoclostridium_B.s__Lachnoclostridium_B.acetigenes	Sex_Male1_Female2	Female	0.135628802	0.135628802	0.115508014	146	19	0.242369392	0.705480371	1	0.91661738	0.037811912
d__Bacteria.p__Bacillota_A.c__Clostridia.o__Lachnospirales.f__Lachnospiraceae.g__Alitiscatomonas.s__Alitiscatomonas.aceti	BMI	BMI	0.135619036	0.135619036	0.104758337	146	82	0.19765561	0.6554848	1	0.868151148	0.061404656
d__Bacteria.p__Bacillota_A.c__Clostridia.o__Oscillospirales.f__Oscillospiraceae.g__Vescimonas.s__Vescimonas.coprocola	BMI	BMI	-0.134779462	0.134779462	0.100878902	146	53	0.183763567	0.634896757	2	0.868151148	0.061404656
d__Bacteria.p__Bacillota_A.c__Clostridia.o__Oscillospirales.f__Acutalibacteraceae.g__Fimivicinus.s__Fimivicinus.sp900544375	Sex_Male1_Female2	Female	0.134754078	0.134754078	0.243008071	146	26	0.580130294	0.874852276	1	0.939697107	0.02701211
d__Bacteria.p__Bacillota_A.c__Clostridia.o__Lachnospirales.f__Lachnospiraceae.g__Dorea.s__Dorea.formicigenerans	Group	PD	-0.134110722	0.134110722	0.215915656	146	113	0.535556693	0.8550617	1	0.757784046	0.120454542
d__Bacteria.p__Bacteroidota.c__Bacteroidia.o__Bacteroidales.f__Bacteroidaceae.g__Bacteroides.s__Bacteroides.fragilis	Sex_Male1_Female2	Female	0.134037893	0.134037893	0.282348817	146	69	0.635744793	0.904062938	1	0.939697107	0.02701211
d__Bacteria.p__Bacteroidota.c__Bacteroidia.o__Bacteroidales.f__Bacteroidaceae.g__Phocaeicola.s__Phocaeicola.vulgatus	Group	PD	-0.133987384	0.133987384	0.350293803	146	114	0.702687625	0.929461262	1	0.878947063	0.056037281
d__Bacteria.p__Bacillota_A.c__Clostridia.o__Lachnospirales.f__Lachnospiraceae.g__Blautia_A.s__Blautia_A.caecimuris	Age	Age	0.133838373	0.133838373	0.134907395	146	36	0.322922322	0.764778595	1	0.67849971	0.168450334
d__Bacteria.p__Bacillota_A.c__Clostridia.o__Lachnospirales.f__Lachnospiraceae.g__Blautia_A.s__Blautia_A.schinkii_B	BMI	BMI	-0.133784259	0.133784259	0.082288436	146	19	0.10630799	0.540941336	1	0.868151148	0.061404656
d__Bacteria.p__Bacillota_A.c__Clostridia.o__Lachnospirales.f__Lachnospiraceae.g__Hominisplanchenecus.s__Hominisplanchenecus.faecis	Sex_Male1_Female2	Female	-0.133748879	0.133748879	0.262909149	146	65	0.611768167	0.892012843	1	0.939697107	0.02701211
d__Bacteria.p__Bacillota_A.c__Clostridia.o__Oscillospirales.f__Ruminococcaceae.g__Hominimerdicola.s__Hominimerdicola.aceti	BMI	BMI	0.133328859	0.133328859	0.172123081	146	83	0.439912714	0.825733275	1	0.890037633	0.05059163
d__Bacteria.p__Bacillota_A.c__Clostridia.o__Lachnospirales.f__Lachnospiraceae.g__Otoolea.s__Otoolea.symbiosa	Group	PD	0.1331326	0.1331326	0.108470605	146	15	0.221807185	0.682764503	1	0.50582858	0.295996636
d__Bacteria.p__Bacillota_C.c__Negativicutes.o__Acidaminococcales.f__Acidaminococcaceae.g__Phascolarctobacterium.s__Phascolarctobacterium.faecium	BMI	BMI	-0.132856824	0.132856824	0.13084964	146	66	0.31174688	0.757099566	1	0.890037633	0.05059163
d__Bacteria.p__Actinomycetota.c__Coriobacteriia.o__Coriobacteriales.f__Eggerthellaceae.g__Anaerotardibacter.s__Anaerotardibacter.sp000436075	BMI	BMI	0.132756312	0.132756312	0.107627284	146	37	0.219523586	0.679331559	2	0.868151148	0.061404656
d__Bacteria.p__Bacteroidota.c__Bacteroidia.o__Bacteroidales.f__Bacteroidaceae.g__Paraprevotella.s__Paraprevotella.clara	Group	PD	-0.132193535	0.132193535	0.146918411	146	19	0.369830354	0.785345911	1	0.651704498	0.185949282
d__Bacteria.p__Bacteroidota.c__Bacteroidia.o__Bacteroidales.f__Tannerellaceae.g__Parabacteroides.s__Parabacteroides.merdae	Sex_Male1_Female2	Female	-0.131521212	0.131521212	0.226247198	146	79	0.561989421	0.86763279	1	0.939697107	0.02701211
d__Bacteria.p__Bacillota_A.c__Clostridia.o__Lachnospirales.f__Lachnospiraceae.g__Anaerobutyricum.s__Anaerobutyricum.hallii	Age	Age	-0.13145177	0.13145177	0.140417568	146	113	0.350855821	0.778422935	1	0.692394217	0.159646568
d__Bacteria.p__Bacteroidota.c__Bacteroidia.o__Bacteroidales.f__Rikenellaceae.g__Alistipes.s__Alistipes.senegalensis	Sex_Male1_Female2	Female	-0.131395453	0.131395453	0.143934764	146	29	0.362920061	0.780069556	1	0.91661738	0.037811912
d__Bacteria.p__Bacillota_A.c__Clostridia.o__Oscillospirales.f__Oscillospiraceae.g__Evtepia.s__Evtepia.excrementipullorum	BMI	BMI	-0.131338154	0.131338154	0.110705695	146	33	0.237543758	0.700565059	1	0.868151148	0.061404656
d__Bacteria.p__Bacillota_A.c__Clostridia.o__Lachnospirales.f__Lachnospiraceae.g__Eubacterium_G.s__Eubacterium_G.ventriosum	BMI	BMI	0.131336023	0.131336023	0.095381309	146	66	0.170787671	0.622420156	2	0.868151148	0.061404656
d__Bacteria.p__Bacillota_A.c__Clostridia.o__Oscillospirales.f__Ruminococcaceae.g__Anaerotruncus.s__Anaerotruncus.rubiinfantis	Group	PD	0.130866497	0.130866497	0.093898951	146	19	0.165682981	0.619057997	1	0.405002844	0.392541928
d__Bacteria.p__Bacteroidota.c__Bacteroidia.o__Bacteroidales.f__Bacteroidaceae.g__Bacteroides.s__Bacteroides.clarus	Group	PD	0.130700517	0.130700517	0.2103049	146	23	0.535323481	0.8550617	2	0.757784046	0.120454542
d__Bacteria.p__Bacillota_A.c__Clostridia.o__Lachnospirales.f__Lachnospiraceae.g__Bariatricus.s__Bariatricus.comes_A	BMI	BMI	0.130609973	0.130609973	0.118056851	146	120	0.270536328	0.730545752	1	0.890037633	0.05059163
d__Bacteria.p__Bacillota_A.c__Clostridia.o__Lachnospirales.f__Lachnospiraceae.g__Schaedlerella.s__Schaedlerella.hominis	BMI	BMI	0.130146625	0.130146625	0.040754984	146	15	0.001747351	0.103298717	2	0.326628954	0.48594532
d__Bacteria.p__Bacillota_A.c__Clostridia.o__Lachnospirales.f__Lachnospiraceae.g__Blautia_A.s__Blautia_A.sp900066335	BMI	BMI	-0.130010039	0.130010039	0.125297591	146	31	0.301292955	0.753896169	3	0.890037633	0.05059163
d__Bacteria.p__Bacteroidota.c__Bacteroidia.o__Bacteroidales.f__Coprobacteraceae.g__Coprobacter.s__Coprobacter.fastidiosus	Sex_Male1_Female2	Female	-0.129796472	0.129796472	0.133095452	146	19	0.331185832	0.767062916	1	0.91661738	0.037811912
d__Bacteria.p__Bacillota_A.c__Clostridia.o__Oscillospirales.f__Ruminococcaceae.g__Faecalibacterium.s__Faecalibacterium.prausnitzii_E	BMI	BMI	-0.129640711	0.129640711	0.139975127	146	24	0.355998443	0.779469944	1	0.890037633	0.05059163
d__Bacteria.p__Bacillota_A.c__Clostridia.o__Oscillospirales.f__Ruminococcaceae.g__Faecalibacterium.s__Faecalibacterium.prausnitzii_E	Age	Age	-0.129586526	0.129586526	0.138906081	146	24	0.352521006	0.778982902	1	0.692394217	0.159646568
d__Bacteria.p__Pseudomonadota.c__Gammaproteobacteria.o__Burkholderiales.f__Burkholderiaceae.g__Sutterella.s__Sutterella.wadsworthensis_A	Sex_Male1_Female2	Female	-0.129423599	0.129423599	0.131907827	146	19	0.328252634	0.767062916	1	0.91661738	0.037811912
d__Bacteria.p__Bacillota_A.c__Clostridia.o__Lachnospirales.f__Lachnospiraceae.g__Hominiventricola.s__Hominiventricola.filiformis	Sex_Male1_Female2	Female	-0.128680288	0.128680288	0.152621326	146	41	0.400633718	0.795946936	2	0.91661738	0.037811912
d__Bacteria.p__Bacillota_A.c__Clostridia.o__Lachnospirales.f__Lachnospiraceae.g__CAG.194.s__CAG.194.sp000432915	Sex_Male1_Female2	Female	-0.128422284	0.128422284	0.223220005	146	32	0.566027503	0.871169901	3	0.939697107	0.02701211
d__Bacteria.p__Bacillota_A.c__Clostridia.o__Christensenellales.f__Aristaeellaceae.g__Limiplasma.s__Limiplasma.merdipullorum	Group	PD	0.128010623	0.128010623	0.255430136	146	51	0.617070771	0.894513443	1	0.798562174	0.097691265
d__Bacteria.p__Pseudomonadota.c__Gammaproteobacteria.o__Burkholderiales.f__Burkholderiaceae.g__Parasutterella.s__Parasutterella.gallistercoris	Sex_Male1_Female2	Female	-0.127828042	0.127828042	0.13468686	146	18	0.344265504	0.776941358	1	0.91661738	0.037811912
d__Bacteria.p__Bacillota_A.c__Clostridia.o__Peptostreptococcales.f__Peptostreptococcaceae.g__Intestinibacter.s__Intestinibacter.sp900540355	Sex_Male1_Female2	Female	-0.127052283	0.127052283	0.126807133	146	18	0.318155179	0.762756646	2	0.91661738	0.037811912
d__Bacteria.p__Bacillota_A.c__Clostridia.o__Lachnospirales.f__Lachnospiraceae.g__Hungatella.s__Hungatella.effluvii	Sex_Male1_Female2	Female	0.12688285	0.12688285	0.14613131	146	16	0.386770835	0.789371308	3	0.91661738	0.037811912
d__Bacteria.p__Bacillota_I.c__Bacilli_A.o__Erysipelotrichales.f__Coprobacillaceae.g__Faecalibacillus.s__Faecalibacillus.intestinalis	BMI	BMI	-0.126699135	0.126699135	0.112716201	146	87	0.262970099	0.728805493	1	0.890037633	0.05059163
d__Bacteria.p__Bacillota_A.c__Clostridia.o__Peptostreptococcales.f__Anaerovoracaceae.g__Fimisoma.s__Fimisoma.sp000435715	BMI	BMI	-0.126500075	0.126500075	0.082243949	146	25	0.126345598	0.565661606	2	0.868151148	0.061404656
d__Bacteria.p__Bacteroidota.c__Bacteroidia.o__Bacteroidales.f__Bacteroidaceae.g__Phocaeicola.s__Phocaeicola.massiliensis	Group	PD	-0.126399645	0.126399645	0.225290713	146	34	0.575685818	0.872786714	1	0.780096	0.107851949
d__Bacteria.p__Bacteroidota.c__Bacteroidia.o__Bacteroidales.f__Rikenellaceae.g__Alistipes.s__Alistipes.finegoldii	Sex_Male1_Female2	Female	-0.125885233	0.125885233	0.274196562	146	87	0.646891131	0.90820735	1	0.939697107	0.02701211
d__Bacteria.p__Bacillota_A.c__Clostridia.o__Lachnospirales.f__Lachnospiraceae.g__Mediterraneibacter.s__Mediterraneibacter.torques	BMI	BMI	-0.125512337	0.125512337	0.141663571	146	113	0.377187483	0.785345911	1	0.890037633	0.05059163
d__Bacteria.p__Bacteroidota.c__Bacteroidia.o__Bacteroidales.f__Rikenellaceae.g__Alistipes.s__Alistipes.onderdonkii	BMI	BMI	-0.125460724	0.125460724	0.158156386	146	106	0.429002291	0.817970668	2	0.890037633	0.05059163
d__Bacteria.p__Bacillota_A.c__Clostridia.o__Christensenellales.f__CAG.138.g__PeH17.s__PeH17.sp000435055	Group	PD	-0.12515491	0.12515491	0.298082754	146	52	0.675245663	0.921685687	1	0.856074163	0.06748861
d__Bacteria.p__Bacillota_A.c__Clostridia.o__Oscillospirales.f__Ruminococcaceae.g__Anaerotruncus.s__Anaerotruncus.colihominis	Group	PD	0.124813084	0.124813084	0.106621935	146	19	0.24380125	0.706149678	2	0.524430633	0.280311948
d__Bacteria.p__Bacillota_A.c__Clostridia.o__Oscillospirales.f__Ruminococcaceae.g__Negativibacillus.s__Negativibacillus.sp000435195	BMI	BMI	0.124684765	0.124684765	0.104083653	146	49	0.23302843	0.696797662	1	0.868151148	0.061404656
d__Bacteria.p__Bacillota_A.c__Clostridia.o__Peptostreptococcales.f__Peptostreptococcaceae.g__Terrisporobacter.s__Terrisporobacter.sp900557165	Age	Age	0.124248636	0.124248636	0.074018274	146	26	0.095522211	0.514948577	1	0.483634137	0.315483053
d__Bacteria.p__Bacteroidota.c__Bacteroidia.o__Bacteroidales.f__Bacteroidaceae.g__Bacteroides.s__Bacteroides.uniformis	Age	Age	0.124228556	0.124228556	0.139613224	146	137	0.375141836	0.785345911	2	0.701515233	0.153962894
d__Bacteria.p__Bacillota_A.c__Clostridia.o__Oscillospirales.f__Ruminococcaceae.g__Angelakisella.s__Angelakisella.sp900547385	Group	PD	0.124221602	0.124221602	0.17588	146	40	0.481218437	0.841515665	1	0.740462521	0.130496919
d__Bacteria.p__Bacillota_A.c__Clostridia.o__Lachnospirales.f__Lachnospiraceae.g__Roseburia_B.s__Roseburia_B.zhanii	Sex_Male1_Female2	Female	-0.124058592	0.124058592	0.112962714	146	20	0.274046309	0.734454007	1	0.91661738	0.037811912
d__Bacteria.p__Bacillota_A.c__Clostridia.o__Lachnospirales.f__Lachnospiraceae.g__Coprococcus.s__Coprococcus.aceti	Age	Age	-0.12396609	0.12396609	0.181040007	146	42	0.494670679	0.844758714	1	0.79128719	0.101665865
d__Bacteria.p__Bacillota_A.c__Clostridia.o__Christensenellales.f__Aristaeellaceae.g__Ventricola.s__Ventricola.sp900548125	Group	PD	-0.123824498	0.123824498	0.115030352	146	24	0.283631582	0.742761492	1	0.564245807	0.24853166
d__Bacteria.p__Bacillota_A.c__Clostridia.o__Clostridiales.f__Clostridiaceae.g__Clostridium.s__Clostridium.sp000435835	Group	PD	-0.123598334	0.123598334	0.124719919	146	21	0.323441978	0.764778595	2	0.594539647	0.225819179
d__Bacteria.p__Bacteroidota.c__Bacteroidia.o__Bacteroidales.f__Bacteroidaceae.g__Phocaeicola.s__Phocaeicola.dorei	Age	Age	-0.123570847	0.123570847	0.180624376	146	76	0.495056147	0.844758714	1	0.79128719	0.101665865
d__Bacteria.p__Bacteroidota.c__Bacteroidia.o__Bacteroidales.f__Rikenellaceae.g__Alistipes.s__Alistipes.putredinis	Group	PD	-0.123413596	0.123413596	0.385816188	146	113	0.749552708	0.944435075	1	0.919563912	0.036418081
d__Bacteria.p__Bacillota_A.c__Clostridia.o__Lachnospirales.f__Lachnospiraceae.g__Roseburia.s__Roseburia.hominis	BMI	BMI	-0.123041385	0.123041385	0.116797279	146	102	0.293997771	0.751941622	1	0.890037633	0.05059163
d__Bacteria.p__Bacteroidota.c__Bacteroidia.o__Bacteroidales.f__Bacteroidaceae.g__Bacteroides.s__Bacteroides.xylanisolvens	Age	Age	0.122172915	0.122172915	0.138020771	146	61	0.377623127	0.785345911	1	0.702642038	0.153265871
d__Bacteria.p__Bacillota_A.c__Clostridia.o__Oscillospirales.f__Oscillospiraceae.g__Scatomorpha.s__Scatomorpha.intestinigallinarum	Age	Age	0.121794122	0.121794122	0.086326271	146	23	0.16056981	0.618386321	2	0.546582053	0.262344632
d__Bacteria.p__Bacteroidota.c__Bacteroidia.o__Bacteroidales.f__Bacteroidaceae.g__Bacteroides.s__Bacteroides.sp900557355	Sex_Male1_Female2	Female	0.121353344	0.121353344	0.202176231	146	23	0.549348194	0.862590435	1	0.939697107	0.02701211
d__Bacteria.p__Bacillota_A.c__Clostridia.o__Oscillospirales.f__Oscillospiraceae.g__Dysosmobacter.s__Dysosmobacter.faecalis	Sex_Male1_Female2	Female	0.121337375	0.121337375	0.144423934	146	30	0.402300376	0.797140878	2	0.91661738	0.037811912
d__Bacteria.p__Bacillota_A.c__Clostridia.o__Oscillospirales.f__Oscillospiraceae.g__Hominicoprocola.s__Hominicoprocola.sp900317525	Age	Age	0.121333946	0.121333946	0.111570225	146	64	0.278734229	0.735776381	1	0.649916306	0.187142567
d__Bacteria.p__Bacillota_A.c__Clostridia.o__Oscillospirales.f__Ruminococcaceae.g__Gemmiger.s__Gemmiger.sp900540595	BMI	BMI	0.120978445	0.120978445	0.101280168	146	28	0.234364286	0.697035728	1	0.868151148	0.061404656
d__Bacteria.p__Bacillota_A.c__Clostridia.o__Lachnospirales.f__Lachnospiraceae.g__JAGZHZ01.s__JAGZHZ01.sp018366495	Group	PD	-0.120954719	0.120954719	0.140370152	146	17	0.390378168	0.794565632	1	0.674511167	0.171010856
d__Bacteria.p__Bacillota_A.c__Clostridia.o__Oscillospirales.f__Acutalibacteraceae.g__Acutalibacter.s__Acutalibacter.ornithocaccae	Age	Age	0.120739316	0.120739316	0.118419581	146	49	0.309733685	0.757099566	1	0.659839099	0.180561954
d__Bacteria.p__Bacillota_A.c__Clostridia.o__Oscillospirales.f__Ruminococcaceae.g__Anaerotruncus.s__Anaerotruncus.rubiinfantis	Sex_Male1_Female2	Female	-0.12056453	0.12056453	0.089258949	146	19	0.179025825	0.629389205	1	0.878953655	0.056034024
d__Bacteria.p__Bacillota_A.c__Clostridia.o__Lachnospirales.f__Lachnospiraceae.g__Blautia_A.s__Blautia_A.sp934424005	Age	Age	0.120304294	0.120304294	0.14881447	146	122	0.420261879	0.813858613	1	0.746807524	0.126791315
d__Bacteria.p__Bacillota_A.c__Clostridia.o__Oscillospirales.f__Oscillospiraceae.g__Vescimonas.s__Vescimonas.sp000435975	Sex_Male1_Female2	Female	-0.120216543	0.120216543	0.205979511	146	27	0.560433601	0.867071454	1	0.939697107	0.02701211
d__Bacteria.p__Bacillota_I.c__Bacilli_A.o__Erysipelotrichales.f__Erysipelotrichaceae.g__Holdemanella.s__Holdemanella.porci	Group	PD	0.11988827	0.11988827	0.185438886	146	17	0.519038062	0.853349411	1	0.752137547	0.123702731
d__Bacteria.p__Bacillota_A.c__Clostridia.o__Lachnospirales.f__Lachnospiraceae.g__Eubacterium_F.s__Eubacterium_F.sp000433735	Age	Age	-0.11975069	0.11975069	0.079044608	146	32	0.132099181	0.581236398	1	0.542913119	0.265269664
d__Bacteria.p__Actinomycetota.c__Coriobacteriia.o__Coriobacteriales.f__QAMH01.g__QAMH01.s__QAMH01.sp900544245	Group	PD	-0.119737518	0.119737518	0.198330533	146	33	0.547030758	0.862388588	1	0.757784046	0.120454542
d__Bacteria.p__Bacillota_A.c__Clostridia.o__Lachnospirales.f__Lachnospiraceae.g__Hungatella.s__Hungatella.effluvii	Age	Age	0.119693051	0.119693051	0.070695922	146	16	0.09273182	0.510905214	1	0.483634137	0.315483053
d__Bacteria.p__Bacteroidota.c__Bacteroidia.o__Bacteroidales.f__Rikenellaceae.g__Alistipes.s__Alistipes.putredinis	Sex_Male1_Female2	Female	-0.119636435	0.119636435	0.366751141	146	113	0.744769901	0.944435075	1	0.939697107	0.02701211
d__Bacteria.p__Bacillota_A.c__Clostridia.o__Lachnospirales.f__Lachnospiraceae.g__V9D3004.s__V9D3004.sp900760345	Age	Age	-0.119517399	0.119517399	0.083075696	146	31	0.152545222	0.614880442	1	0.546582053	0.262344632
d__Bacteria.p__Bacteroidota.c__Bacteroidia.o__Bacteroidales.f__Rikenellaceae.g__Alistipes_A.s__Alistipes_A.indistinctus	BMI	BMI	0.119338474	0.119338474	0.100767256	146	51	0.238360705	0.700565059	1	0.868151148	0.061404656
d__Bacteria.p__Bacillota_A.c__Clostridia.o__Christensenellales.f__Aristaeellaceae.g__Egerieenecus.s__Egerieenecus.sp900553315	Group	PD	0.119232928	0.119232928	0.099646718	146	18	0.233561231	0.696797662	1	0.519951788	0.284036924
d__Bacteria.p__Bacillota_A.c__Clostridia.o__Lachnospirales.f__Lachnospiraceae.g__Blautia.s__Blautia.celeris	Sex_Male1_Female2	Female	0.119023685	0.119023685	0.140304514	146	25	0.397748179	0.795946936	1	0.91661738	0.037811912
d__Bacteria.p__Bacillota_C.c__Negativicutes.o__Veillonellales.f__Dialisteraceae.g__Dialister.s__Dialister.invisus	BMI	BMI	0.118928581	0.118928581	0.15599793	146	43	0.447157731	0.828256066	1	0.890037633	0.05059163
d__Bacteria.p__Bacillota_I.c__Bacilli_A.o__Erysipelotrichales.f__Erysipelotrichaceae.g__Holdemanella.s__Holdemanella.porci	Age	Age	-0.118781232	0.118781232	0.085279161	146	17	0.165937337	0.619057997	1	0.546582053	0.262344632
d__Bacteria.p__Bacillota_A.c__Clostridia.o__Lachnospirales.f__Lachnospiraceae.g__Roseburia_B.s__Roseburia_B.zhanii	Age	Age	-0.118515587	0.118515587	0.054649501	146	20	0.031848583	0.33553155	2	0.32192892	0.492240008
d__Bacteria.p__Bacillota_A.c__Clostridia.o__Oscillospirales.f__Ruminococcaceae.g__Ruminococcus_C.s__Ruminococcus_C.sp000980705	Sex_Male1_Female2	Female	-0.118226304	0.118226304	0.162166122	146	15	0.467228136	0.832111062	1	0.939697107	0.02701211
d__Bacteria.p__Bacillota_A.c__Clostridia.o__Oscillospirales.f__Ruminococcaceae.g__Negativibacillus.s__Negativibacillus.faecipullorum	Group	PD	0.118024287	0.118024287	0.10325205	146	17	0.255017863	0.71504686	1	0.532830618	0.273410827
d__Bacteria.p__Bacillota_A.c__Clostridia.o__Oscillospirales.f__Oscillospiraceae.g__CAG.103.s__CAG.103.sp905215475	BMI	BMI	0.117913487	0.117913487	0.138273716	146	51	0.395294947	0.795946936	1	0.890037633	0.05059163
d__Bacteria.p__Bacillota_A.c__Clostridia.o__Lachnospirales.f__Lachnospiraceae.g__Butyribacter.s__Butyribacter.intestini	Sex_Male1_Female2	Female	-0.117504353	0.117504353	0.168070148	146	24	0.485659289	0.841884469	1	0.939697107	0.02701211
d__Bacteria.p__Bacillota_A.c__Clostridia.o__Lachnospirales.f__Lachnospiraceae.g__Mediterraneibacter.s__Mediterraneibacter.faecis	Age	Age	-0.117401892	0.117401892	0.149216268	146	112	0.432773605	0.818470872	1	0.746807524	0.126791315
d__Bacteria.p__Bacillota_A.c__Clostridia.o__Oscillospirales.f__Oscillospiraceae.g__Faecousia.s__Faecousia.sp003525905	Group	PD	0.116940593	0.116940593	0.285317754	146	85	0.682552861	0.924245416	1	0.862414764	0.064283817
d__Bacteria.p__Bacillota_A.c__Clostridia.o__Lachnospirales.f__Lachnospiraceae.g__Brotaphodocola.s__	Group	PD	0.116911212	0.116911212	0.155317548	146	18	0.452916854	0.828256066	2	0.719337468	0.143067318
d__Bacteria.p__Bacillota_A.c__Clostridia.o__Lachnospirales.f__Anaerotignaceae.g__Anaerotignum.s__Anaerotignum.faecicola	BMI	BMI	0.116871086	0.116871086	0.089249657	146	48	0.192578031	0.650384006	1	0.868151148	0.061404656
d__Bacteria.p__Bacillota_A.c__Clostridia.o__Lachnospirales.f__Lachnospiraceae.g__UBA3402.s__UBA3402.sp003478355	BMI	BMI	-0.116642725	0.116642725	0.066103675	146	29	0.079885654	0.510905214	2	0.868151148	0.061404656
d__Bacteria.p__Pseudomonadota.c__Gammaproteobacteria.o__Burkholderiales.f__Burkholderiaceae.g__Parasutterella.s__Parasutterella.gallistercoris	BMI	BMI	0.116195737	0.116195737	0.065660763	146	18	0.07902868	0.510905214	3	0.868151148	0.061404656
d__Bacteria.p__Bacillota_A.c__Clostridia.o__Lachnospirales.f__Lachnospiraceae.g__Eubacterium_G.s__Eubacterium_G.sp000435815	Sex_Male1_Female2	Female	-0.116150319	0.116150319	0.131458832	146	24	0.378498932	0.785345911	1	0.91661738	0.037811912
d__Bacteria.p__Bacillota_A.c__Clostridia.o__Oscillospirales.f__Oscillospiraceae.g__UMGS1766.s__UMGS1766.sp959602365	Sex_Male1_Female2	Female	0.11586848	0.11586848	0.1182352	146	20	0.328834605	0.767062916	2	0.91661738	0.037811912
d__Bacteria.p__Bacillota_A.c__Clostridia.o__Lachnospirales.f__Lachnospiraceae.g__Enterocloster.s__Enterocloster.sp001517625	BMI	BMI	0.115769494	0.115769494	0.104595747	146	24	0.270322216	0.730545752	1	0.890037633	0.05059163
d__Bacteria.p__Bacillota_A.c__Clostridia.o__Lachnospirales.f__Lachnospiraceae.g__Anaerobutyricum.s__Anaerobutyricum.soehngenii	BMI	BMI	0.115760518	0.115760518	0.163715885	146	96	0.480725465	0.841515665	2	0.890037633	0.05059163
d__Bacteria.p__Bacillota_A.c__Clostridia.o__Lachnospirales.f__Lachnospiraceae.g__Blautia_A.s__Blautia_A.intestinalis	Age	Age	-0.114891358	0.114891358	0.125312976	146	80	0.360851914	0.780024156	1	0.699267439	0.155356694
d__Bacteria.p__Bacillota_A.c__Clostridia.o__Christensenellales.f__Aristaeellaceae.g__Alectryocaccomicrobium.s__Alectryocaccomicrobium.faecavium	Group	PD	-0.114776391	0.114776391	0.133988224	146	23	0.393164263	0.795904923	1	0.674511167	0.171010856
d__Bacteria.p__Bacteroidota.c__Bacteroidia.o__Bacteroidales.f__Bacteroidaceae.g__Bacteroides.s__Bacteroides.faecis	BMI	BMI	-0.114624531	0.114624531	0.083272125	146	20	0.170927233	0.622420156	1	0.868151148	0.061404656
d__Bacteria.p__Bacillota_A.c__Clostridia.o__Oscillospirales.f__Ruminococcaceae.g__Ruthenibacterium.s__Ruthenibacterium.lactatiformans	Age	Age	0.11449559	0.11449559	0.108790937	146	111	0.294465503	0.751941622	1	0.658149243	0.181675614
d__Bacteria.p__Bacillota_A.c__Clostridia.o__Oscillospirales.f__Ruminococcaceae.g__Hominimerdicola.s__Hominimerdicola.aceti	Sex_Male1_Female2	Female	-0.114382592	0.114382592	0.353068048	146	83	0.74646029	0.944435075	1	0.939697107	0.02701211
d__Bacteria.p__Bacillota_I.c__Bacilli_A.o__Erysipelotrichales.f__Erysipelotrichaceae.g__Longicatena.s__Longicatena.caecimuris	BMI	BMI	-0.114186703	0.114186703	0.079722006	146	28	0.154349286	0.614880442	1	0.868151148	0.061404656
d__Bacteria.p__Bacteroidota.c__Bacteroidia.o__Bacteroidales.f__Tannerellaceae.g__Parabacteroides.s__Parabacteroides.johnsonii	Age	Age	0.113882257	0.113882257	0.062129353	146	16	0.068991483	0.480115594	1	0.453133379	0.343773945
d__Bacteria.p__Bacteroidota.c__Bacteroidia.o__Bacteroidales.f__Tannerellaceae.g__Parabacteroides.s__Parabacteroides.distasonis	BMI	BMI	-0.11380888	0.11380888	0.128528145	146	117	0.377461669	0.785345911	1	0.890037633	0.05059163
d__Bacteria.p__Bacillota_A.c__Clostridia.o__Lachnospirales.f__Lachnospiraceae.g__Coprococcus.s__Coprococcus.aceti	BMI	BMI	-0.113780853	0.113780853	0.182433323	146	42	0.533879403	0.8550617	2	0.890037633	0.05059163
d__Bacteria.p__Bacillota_A.c__Clostridia.o__Christensenellales.f__Aristaeellaceae.g__Ventricola.s__Ventricola.sp900542445	BMI	BMI	-0.113712709	0.113712709	0.110866565	146	80	0.306867164	0.755774128	3	0.890037633	0.05059163
d__Bacteria.p__Cyanobacteriota.c__Vampirovibrionia.o__Gastranaerophilales.f__Gastranaerophilaceae.g__CAG.196.s__CAG.196.sp002102975	Group	PD	-0.113437242	0.113437242	0.136008559	146	19	0.405718241	0.799268358	1	0.6866001	0.163296138
d__Bacteria.p__Bacillota_A.c__Clostridia.o__Peptostreptococcales.f__Anaerovoracaceae.g__Fimisoma.s__Fimisoma.sp000435715	Group	PD	0.113291163	0.113291163	0.177472977	146	25	0.524314634	0.854542086	2	0.752137547	0.123702731
d__Bacteria.p__Bacillota_A.c__Clostridia.o__Lachnospirales.f__Lachnospiraceae.g__Dorea_D.s__Dorea_D.hominis	Sex_Male1_Female2	Female	-0.113133718	0.113133718	0.153718671	146	44	0.463010953	0.832111062	1	0.939697107	0.02701211
d__Bacteria.p__Bacillota_A.c__Clostridia.o__Lachnospirales.f__Lachnospiraceae.g__Brotaphodocola.s__	Sex_Male1_Female2	Female	0.113130275	0.113130275	0.147642555	146	18	0.444858851	0.828256066	2	0.939697107	0.02701211
d__Bacteria.p__Bacillota_A.c__Clostridia.o__Oscillospirales.f__Oscillospiraceae.g__Pseudoflavonifractor.s__Pseudoflavonifractor.faecis	Group	PD	0.113102148	0.113102148	0.079953831	146	17	0.159473211	0.618386321	1	0.402654202	0.395067764
d__Bacteria.p__Bacillota_A.c__Clostridia.o__Lachnospirales.f__Lachnospiraceae.g__Anaerobutyricum.s__Anaerobutyricum.soehngenii	Group	PD	0.112981857	0.112981857	0.353280039	146	96	0.749604492	0.944435075	2	0.919563912	0.036418081
d__Bacteria.p__Bacillota_A.c__Clostridia.o__Peptostreptococcales.f__Peptostreptococcaceae.g__Romboutsia.s__Romboutsia.timonensis	BMI	BMI	0.112952895	0.112952895	0.114750715	146	80	0.326699816	0.76536197	1	0.890037633	0.05059163
d__Bacteria.p__Bacillota_A.c__Clostridia.o__Lachnospirales.f__Lachnospiraceae.g__Blautia.s__Blautia.stercoris	Sex_Male1_Female2	Female	-0.112776708	0.112776708	0.235893533	146	35	0.633358649	0.904062938	1	0.939697107	0.02701211
d__Bacteria.p__Bacillota_A.c__Clostridia.o__Oscillospirales.f__Ruminococcaceae.g__Anaerotruncus.s__Anaerotruncus.massiliensis	Sex_Male1_Female2	Female	-0.112635592	0.112635592	0.128834251	146	20	0.383513861	0.789371308	2	0.91661738	0.037811912
d__Bacteria.p__Bacillota_A.c__Clostridia.o__Lachnospirales.f__Lachnospiraceae.g__Eubacterium_I.s__Eubacterium_I.ramulus_A	Group	PD	0.112251021	0.112251021	0.132560128	146	19	0.398597989	0.795946936	1	0.677616582	0.169015975
d__Bacteria.p__Bacteroidota.c__Bacteroidia.o__Bacteroidales.f__Rikenellaceae.g__Alistipes.s__Alistipes.finegoldii	Group	PD	0.112207406	0.112207406	0.288450289	146	87	0.697883902	0.926725666	2	0.875867716	0.057561481
d__Bacteria.p__Bacillota_A.c__Clostridia.o__Oscillospirales.f__Oscillospiraceae.g__CAG.103.s__CAG.103.sp900317855	BMI	BMI	-0.112188132	0.112188132	0.168496746	146	36	0.5066553	0.846790416	1	0.890037633	0.05059163
d__Bacteria.p__Actinomycetota.c__Actinomycetes.o__Actinomycetales.f__Bifidobacteriaceae.g__Bifidobacterium.s__Bifidobacterium.dentium	Group	PD	0.112177321	0.112177321	0.150121051	146	15	0.456205213	0.828256066	1	0.719918775	0.1427165
d__Bacteria.p__Bacillota_A.c__Clostridia.o__Oscillospirales.f__Oscillospiraceae.g__Hominicoprocola.s__Hominicoprocola.sp900317525	Group	PD	-0.112066236	0.112066236	0.242608604	146	64	0.644875359	0.907248335	2	0.825970494	0.083035467
d__Bacteria.p__Bacillota_A.c__Clostridia.o__Lachnospirales.f__Lachnospiraceae.g__UBA11774.s__UBA11774.sp003507655	BMI	BMI	0.112012231	0.112012231	0.136792351	146	109	0.41430532	0.808408996	1	0.890037633	0.05059163
d__Bacteria.p__Bacillota_I.c__Bacilli_A.o__Erysipelotrichales.f__Erysipelotrichaceae.g__Clostridium_AQ.s__Clostridium_AQ.innocuum	Age	Age	0.111977663	0.111977663	0.087551403	146	34	0.203077418	0.662576738	1	0.579778276	0.236738061
d__Bacteria.p__Actinomycetota.c__Coriobacteriia.o__Coriobacteriales.f__Eggerthellaceae.g__Gordonibacter.s__Gordonibacter.pamelaeae	Age	Age	0.111953964	0.111953964	0.06440388	146	34	0.0844193	0.510905214	2	0.473481872	0.324696644
d__Bacteria.p__Bacillota_A.c__Clostridia.o__Lachnospirales.f__Anaerotignaceae.g__Anaerotignum.s__Anaerotignum.faecicola	Sex_Male1_Female2	Female	0.111949023	0.111949023	0.183073659	146	48	0.541891314	0.860522725	1	0.939697107	0.02701211
d__Bacteria.p__Bacillota_A.c__Clostridia.o__Christensenellales.f__Aristaeellaceae.g__Pullichristensenella.s__Pullichristensenella.excrementigallinarum	Group	PD	-0.111840231	0.111840231	0.117164482	146	18	0.34149513	0.776819252	1	0.617000864	0.209714228
d__Bacteria.p__Actinomycetota.c__Actinomycetes.o__Actinomycetales.f__Bifidobacteriaceae.g__Bifidobacterium.s__Bifidobacterium.adolescentis	BMI	BMI	-0.111787542	0.111787542	0.191553387	146	67	0.560466641	0.867071454	1	0.890037633	0.05059163
d__Bacteria.p__Bacteroidota.c__Bacteroidia.o__Bacteroidales.f__Bacteroidaceae.g__Phocaeicola.s__Phocaeicola.dorei	Group	PD	-0.111486347	0.111486347	0.39276633	146	76	0.776957744	0.951948227	1	0.919563912	0.036418081
d__Bacteria.p__Bacillota_I.c__Bacilli_A.o__RF39.f__UBA660.g__CAG.302.s__CAG.302.sp934162325	Age	Age	0.111339654	0.111339654	0.086909857	146	21	0.202341008	0.66236794	1	0.579778276	0.236738061
d__Bacteria.p__Bacillota_I.c__Bacilli_A.o__Erysipelotrichales.f__Coprobacillaceae.g__Coprobacillus.s__Coprobacillus.cateniformis	Group	PD	0.111255265	0.111255265	0.113076759	146	15	0.326915975	0.76536197	1	0.596422315	0.224446116
d__Bacteria.p__Bacillota_A.c__Clostridia.o__Peptostreptococcales.f__Peptostreptococcaceae.g__Terrisporobacter.s__Terrisporobacter.sp900557165	BMI	BMI	0.111223768	0.111223768	0.074587932	146	26	0.138231011	0.592531784	1	0.868151148	0.061404656
d__Bacteria.p__Bacillota_A.c__Clostridia.o__Oscillospirales.f__Acutalibacteraceae.g__Ruminococcus_E.s__Ruminococcus_E.intestinalis	BMI	BMI	0.111199762	0.111199762	0.141762813	146	19	0.434165401	0.81905604	2	0.890037633	0.05059163
d__Bacteria.p__Bacillota_A.c__Clostridia.o__Oscillospirales.f__Ruminococcaceae.g__Faecalibacterium.s__Faecalibacterium.prausnitzii_D	Age	Age	-0.110762109	0.110762109	0.142594351	146	107	0.438647142	0.824392116	1	0.747998989	0.126098989
d__Bacteria.p__Bacillota_A.c__Clostridia.o__Oscillospirales.f__Oscillospiraceae.g__Lawsonibacter.s__Lawsonibacter.asaccharolyticus	Sex_Male1_Female2	Female	-0.110571513	0.110571513	0.200529881	146	85	0.582266569	0.874852276	1	0.939697107	0.02701211
d__Bacteria.p__Bacillota_A.c__Clostridia.o__Oscillospirales.f__Ruminococcaceae.g__Faecalibacterium.s__Faecalibacterium.sp900539885	BMI	BMI	-0.11046343	0.11046343	0.119870807	146	53	0.358410467	0.779469944	1	0.890037633	0.05059163
d__Bacteria.p__Bacillota_A.c__Clostridia.o__Lachnospirales.f__Lachnospiraceae.g__JAGZHZ01.s__JAGZHZ01.sp018366495	Age	Age	0.110445042	0.110445042	0.064553067	146	17	0.089376076	0.510905214	1	0.483634137	0.315483053
d__Bacteria.p__Bacillota_A.c__Clostridia.o__Oscillospirales.f__Oscillospiraceae.g__Enterenecus.s__Enterenecus.sp900549885	BMI	BMI	-0.110317676	0.110317676	0.064874432	146	34	0.091326288	0.510905214	1	0.868151148	0.061404656
d__Bacteria.p__Bacillota.c__Bacilli.o__Lactobacillales.f__Streptococcaceae.g__Streptococcus.s__Streptococcus.parasanguinis_G	BMI	BMI	-0.110096066	0.110096066	0.115997893	146	57	0.344242482	0.776941358	2	0.890037633	0.05059163
d__Bacteria.p__Bacillota_A.c__Clostridia.o__Oscillospirales.f__Ruminococcaceae.g__Faecalibacterium.s__Faecalibacterium.sp900758465	Sex_Male1_Female2	Female	-0.108671644	0.108671644	0.163933258	146	36	0.508515437	0.846790416	1	0.939697107	0.02701211
d__Bacteria.p__Cyanobacteriota.c__Vampirovibrionia.o__Gastranaerophilales.f__Gastranaerophilaceae.g__CAG.196.s__CAG.196.sp002102975	Age	Age	-0.108584513	0.108584513	0.062547268	146	19	0.084821619	0.510905214	1	0.473481872	0.324696644
d__Bacteria.p__Bacillota_A.c__Clostridia.o__Oscillospirales.f__Ruminococcaceae.g__Negativibacillus.s__Negativibacillus.faecipullorum	BMI	BMI	0.108455934	0.108455934	0.047848729	146	17	0.024990409	0.292075402	1	0.623094191	0.205446298
d__Bacteria.p__Bacillota_A.c__Clostridia.o__Oscillospirales.f__Ruminococcaceae.g__Negativibacillus.s__Negativibacillus.massiliensis	Sex_Male1_Female2	Female	0.108448577	0.108448577	0.160340061	146	25	0.499956911	0.846790416	1	0.939697107	0.02701211
d__Bacteria.p__Desulfobacterota.c__Desulfovibrionia.o__Desulfovibrionales.f__Desulfovibrionaceae.g__Desulfovibrio.s__Desulfovibrio.sp018379785	Age	Age	0.108372546	0.108372546	0.059459369	146	23	0.070555728	0.484180594	1	0.454269373	0.342686543
d__Bacteria.p__Bacillota.c__Bacilli.o__Lactobacillales.f__Streptococcaceae.g__Streptococcus.s__Streptococcus.sp001556435	Sex_Male1_Female2	Female	0.108089839	0.108089839	0.287974216	146	113	0.707988249	0.933699693	1	0.939697107	0.02701211
d__Bacteria.p__Bacillota_A.c__Clostridia.o__Peptostreptococcales.f__Anaerovoracaceae.g__CAG.238.s__CAG.238.sp900542245	Sex_Male1_Female2	Female	0.107684194	0.107684194	0.103793447	146	19	0.301350765	0.753896169	2	0.91661738	0.037811912
d__Bacteria.p__Bacillota_A.c__Clostridia.o__Oscillospirales.f__Ruminococcaceae.g__Anaerotruncus.s__Anaerotruncus.colihominis	Sex_Male1_Female2	Female	0.10741406	0.10741406	0.101353229	146	19	0.291114579	0.750874845	3	0.91661738	0.037811912
d__Bacteria.p__Bacillota_A.c__Clostridia.o__Oscillospirales.f__Ruminococcaceae.g__Ruminococcus_C.s__Ruminococcus_C.sp000980705	Age	Age	0.107014918	0.107014918	0.0784533	146	15	0.174802245	0.627320209	1	0.549378485	0.260128353
d__Bacteria.p__Bacillota_A.c__Clostridia.o__Christensenellales.f__Aristaeellaceae.g__Limiplasma.s__Limiplasma.sp900548145	Sex_Male1_Female2	Female	0.106949721	0.106949721	0.134883884	146	17	0.429215892	0.817970668	1	0.933295021	0.029981051
d__Bacteria.p__Actinomycetota.c__Coriobacteriia.o__Coriobacteriales.f__UMGS124.g__JAHZGC01.s__JAHZGC01.sp019421015	Group	PD	0.106910891	0.106910891	0.120214633	146	22	0.375394284	0.785345911	1	0.656062908	0.183054515
d__Bacteria.p__Bacillota_A.c__Clostridia.o__TANB77.f__CAG.508.g__CAG.273.s__CAG.273.sp000438355	Sex_Male1_Female2	Female	-0.106875498	0.106875498	0.171742687	146	40	0.534786477	0.8550617	1	0.939697107	0.02701211
d__Bacteria.p__Bacillota_A.c__Clostridia.o__Lachnospirales.f__Anaerotignaceae.g__Anaerotignum.s__Anaerotignum.faecicola	Age	Age	-0.106856514	0.106856514	0.088568021	146	48	0.229722763	0.694273239	1	0.60504446	0.218212711
d__Bacteria.p__Bacteroidota.c__Bacteroidia.o__Bacteroidales.f__Rikenellaceae.g__Alistipes_A.s__Alistipes_A.ihumii	BMI	BMI	-0.106641086	0.106641086	0.08499945	146	51	0.211772532	0.669360918	1	0.868151148	0.061404656
d__Bacteria.p__Bacillota_A.c__Clostridia.o__Oscillospirales.f__Acutalibacteraceae.g__Pseudoruminococcus.s__Pseudoruminococcus.massiliensis	BMI	BMI	-0.106592015	0.106592015	0.121655498	146	23	0.382477579	0.789371308	2	0.890037633	0.05059163
d__Bacteria.p__Bacillota_A.c__Clostridia.o__Oscillospirales.f__Ruminococcaceae.g__Ruminococcus_C.s__Ruminococcus_C.sp000980705	BMI	BMI	0.106254657	0.106254657	0.07905709	146	15	0.181178327	0.63033204	3	0.868151148	0.061404656
d__Bacteria.p__Bacillota_A.c__Clostridia.o__Christensenellales.f__Aristaeellaceae.g__UBA11524.s__UBA11524.sp000437595	BMI	BMI	-0.106216041	0.106216041	0.178570728	146	56	0.552957371	0.862590435	4	0.890037633	0.05059163
d__Bacteria.p__Bacillota_A.c__Clostridia.o__TANB77.f__CAG.508.g__CAG.273.s__CAG.273.sp003534295	Age	Age	0.106195462	0.106195462	0.098861869	146	19	0.284644074	0.742761492	1	0.649916306	0.187142567
d__Bacteria.p__Bacillota_A.c__Clostridia.o__Peptostreptococcales.f__Anaerovoracaceae.g__CAG.238.s__CAG.238.sp900542245	BMI	BMI	0.106056885	0.106056885	0.050600013	146	19	0.037936504	0.367160983	1	0.734321966	0.13411348
d__Bacteria.p__Actinomycetota.c__Coriobacteriia.o__Coriobacteriales.f__QAMH01.g__QAMH01.s__QAMH01.sp900544245	BMI	BMI	-0.105785625	0.105785625	0.09190969	146	33	0.251762683	0.714780817	2	0.890037633	0.05059163
d__Bacteria.p__Bacillota_A.c__Clostridia.o__Lachnospirales.f__Lachnospiraceae.g__Choladousia.s__Choladousia.sp902363135	BMI	BMI	0.105690338	0.105690338	0.093904244	146	100	0.262354516	0.728805493	3	0.890037633	0.05059163
d__Bacteria.p__Bacteroidota.c__Bacteroidia.o__Bacteroidales.f__Marinifilaceae.g__Butyricimonas.s__Butyricimonas.sp019423345	Age	Age	0.105662419	0.105662419	0.0603095	146	23	0.082027272	0.510905214	1	0.473481872	0.324696644
d__Bacteria.p__Bacillota_A.c__Clostridia.o__Lachnospirales.f__Lachnospiraceae.g__Blautia_A.s__Blautia_A.schinkii_B	Age	Age	-0.105380335	0.105380335	0.081659966	146	19	0.199074635	0.6554848	2	0.579479839	0.23696167
d__Bacteria.p__Bacillota_A.c__Clostridia.o__Lachnospirales.f__Lachnospiraceae.g__Mediterraneibacter_A.s__Mediterraneibacter_A.butyricigenes	Sex_Male1_Female2	Female	-0.105371126	0.105371126	0.12327913	146	29	0.394200424	0.795946936	1	0.91661738	0.037811912
d__Bacteria.p__Bacillota_A.c__Clostridia.o__Lachnospirales.f__Lachnospiraceae.g__Alitiscatomonas.s__Alitiscatomonas.aceti	Group	PD	0.105293069	0.105293069	0.226056434	146	82	0.642116472	0.907248335	1	0.825263095	0.083407576
d__Bacteria.p__Bacillota.c__Bacilli.o__Lactobacillales.f__Streptococcaceae.g__Streptococcus.s__Streptococcus.sp001556435	BMI	BMI	-0.105261021	0.105261021	0.140389394	146	113	0.454682868	0.828256066	1	0.890037633	0.05059163
d__Bacteria.p__Bacillota_A.c__Clostridia.o__Oscillospirales.f__Oscillospiraceae.g__Vescimonas.s__Vescimonas.coprocola	Group	PD	-0.10512927	0.10512927	0.217685061	146	53	0.629913391	0.903073232	1	0.812371063	0.090245555
d__Bacteria.p__Bacillota_A.c__Clostridia.o__Oscillospirales.f__Oscillospiraceae.g__UBA738.s__UBA738.sp003522945	Group	PD	0.105094494	0.105094494	0.189907138	146	41	0.580898577	0.874852276	2	0.782869075	0.106310862
d__Bacteria.p__Bacillota_A.c__Clostridia.o__Lachnospirales.f__Lachnospiraceae.g__Lachnospira.s__Lachnospira.sp000437735	Age	Age	-0.10485322	0.10485322	0.082653917	146	39	0.206757502	0.669360918	1	0.579948349	0.236610684
d__Bacteria.p__Bacillota_A.c__Clostridia.o__Lachnospirales.f__Lachnospiraceae.g__Eubacterium_I.s__Eubacterium_I.ramulus	Sex_Male1_Female2	Female	-0.104409562	0.104409562	0.210516978	146	77	0.620717963	0.898112707	1	0.939697107	0.02701211
d__Bacteria.p__Bacillota_A.c__Clostridia.o__Lachnospirales.f__Lachnospiraceae.g__Eubacterium_G.s__Eubacterium_G.segne	Group	PD	-0.104353296	0.104353296	0.119579352	146	27	0.384381189	0.789371308	1	0.668644487	0.174804732
d__Bacteria.p__Bacillota_A.c__Clostridia.o__Peptostreptococcales.f__Anaerovoracaceae.g__Lentihominibacter.s__Lentihominibacter.faecis	BMI	BMI	0.104226669	0.104226669	0.084371097	146	71	0.218835179	0.679331559	1	0.868151148	0.061404656
d__Bacteria.p__Bacillota_A.c__Clostridia.o__Oscillospirales.f__Oscillospiraceae.g__CAG.170.s__CAG.170.sp900553545	Sex_Male1_Female2	Female	-0.103969677	0.103969677	0.103247193	146	17	0.315724211	0.759362411	1	0.91661738	0.037811912
d__Bacteria.p__Bacillota_A.c__Clostridia.o__Oscillospirales.f__Oscillospiraceae.g__CAG.103.s__CAG.103.sp900317855	Group	PD	-0.103728016	0.103728016	0.363596585	146	36	0.775861151	0.951566471	1	0.919563912	0.036418081
d__Bacteria.p__Bacillota_A.c__Clostridia.o__Lachnospirales.f__Lachnospiraceae.g__Dorea_D.s__Dorea_D.hominis	Group	PD	0.103338357	0.103338357	0.161709522	146	44	0.523873728	0.854542086	2	0.752137547	0.123702731
d__Bacteria.p__Bacillota_A.c__Clostridia.o__Lachnospirales.f__Lachnospiraceae.g__Acetatifactor.s__Acetatifactor.intestinalis	BMI	BMI	-0.103140577	0.103140577	0.129777147	146	50	0.428142828	0.817970668	1	0.890037633	0.05059163
d__Bacteria.p__Bacillota_A.c__Clostridia.o__Lachnospirales.f__Lachnospiraceae.g__Frisingicoccus.s__Frisingicoccus.sp900757195	BMI	BMI	-0.103075276	0.103075276	0.072802556	146	17	0.15911445	0.618386321	2	0.868151148	0.061404656
d__Bacteria.p__Actinomycetota.c__Coriobacteriia.o__Coriobacteriales.f__Eggerthellaceae.g__CAJFUR01.s__CAJFUR01.sp904420575	Age	Age	0.102804832	0.102804832	0.071003625	146	31	0.149951592	0.613982188	1	0.546582053	0.262344632
d__Bacteria.p__Bacillota_A.c__Clostridia.o__Lachnospirales.f__Lachnospiraceae.g__Blautia_A.s__Blautia_A.luti	Group	PD	-0.102748806	0.102748806	0.17202797	146	37	0.551313814	0.862590435	1	0.76085375	0.118698814
d__Bacteria.p__Bacillota_A.c__Clostridia.o__Oscillospirales.f__Oscillospiraceae.g__Lawsonibacter.s__Lawsonibacter.aceti	Sex_Male1_Female2	Female	-0.102383862	0.102383862	0.084619965	146	15	0.228406285	0.691691908	1	0.91661738	0.037811912
d__Bacteria.p__Bacillota_A.c__Clostridia.o__Lachnospirales.f__Lachnospiraceae.g__Eisenbergiella.s__Eisenbergiella.tayi	Group	PD	0.102262988	0.102262988	0.191113166	146	38	0.59346058	0.878157298	1	0.792693775	0.100894552
d__Bacteria.p__Bacteroidota.c__Bacteroidia.o__Bacteroidales.f__Coprobacteraceae.g__Coprobacter.s__Coprobacter.fastidiosus	Group	PD	-0.102150864	0.102150864	0.140014233	146	19	0.466904793	0.832111062	2	0.721580134	0.141715432
d__Bacteria.p__Bacillota_A.c__Clostridia.o__Oscillospirales.f__Ruminococcaceae.g__Gemmiger.s__Gemmiger.sp900540775	Sex_Male1_Female2	Female	0.101134619	0.101134619	0.262877367	146	33	0.701044594	0.928108595	1	0.939697107	0.02701211
d__Bacteria.p__Bacillota_A.c__Clostridia.o__Oscillospirales.f__Oscillospiraceae.g__Scatomorpha.s__Scatomorpha.sp900545405	Age	Age	0.100981892	0.100981892	0.108044062	146	27	0.351632338	0.778422935	1	0.692394217	0.159646568
d__Bacteria.p__Bacillota_A.c__Clostridia.o__Lachnospirales.f__Lachnospiraceae.g__Roseburia.s__Roseburia.hominis	Age	Age	0.100773404	0.100773404	0.115905251	146	102	0.386134882	0.789371308	2	0.70468894	0.152002545
d__Bacteria.p__Bacillota_A.c__Clostridia.o__Clostridiales.f__Clostridiaceae.g__Clostridium.s__Clostridium.sp000435835	Age	Age	-0.100723377	0.100723377	0.057355878	146	21	0.081320248	0.510905214	3	0.473481872	0.324696644
d__Bacteria.p__Bacillota_A.c__Clostridia.o__Oscillospirales.f__Acutalibacteraceae.g__Anaeromassilibacillus.s__Anaeromassilibacillus.stercoravium	Age	Age	0.100611478	0.100611478	0.069342131	146	26	0.149098382	0.613982188	4	0.546582053	0.262344632
d__Bacteria.p__Bacillota_A.c__Clostridia.o__Christensenellales.f__Aristaeellaceae.g__Faecivicinus.s__Faecivicinus.avistercoris	Group	PD	0.100592894	0.100592894	0.164577269	146	28	0.542074316	0.860522725	1	0.757784046	0.120454542
d__Bacteria.p__Actinomycetota.c__Coriobacteriia.o__Coriobacteriales.f__Eggerthellaceae.g__Eggerthella.s__Eggerthella.lenta	BMI	BMI	-0.100347146	0.100347146	0.112585271	146	64	0.374342904	0.785345911	1	0.890037633	0.05059163
d__Bacteria.p__Bacillota_A.c__Clostridia.o__Oscillospirales.f__Oscillospiraceae.g__Dysosmobacter.s__Dysosmobacter.welbionis	Age	Age	0.100267285	0.100267285	0.097083851	146	99	0.303535013	0.753896169	1	0.658149243	0.181675614
d__Bacteria.p__Bacteroidota.c__Bacteroidia.o__Bacteroidales.f__Bacteroidaceae.g__Bacteroides.s__Bacteroides.cellulosilyticus	Age	Age	0.100205657	0.100205657	0.158234077	146	70	0.527617681	0.8550202	2	0.814344179	0.089192004
d__Bacteria.p__Bacillota_A.c__Clostridia.o__Oscillospirales.f__Oscillospiraceae.g__Vescimonas.s__Vescimonas.cirricatena	Age	Age	0.100000554	0.100000554	0.118342581	146	38	0.39958989	0.795946936	3	0.721964343	0.141484251
d__Bacteria.p__Bacillota_A.c__Clostridia.o__Peptostreptococcales.f__Anaerovoracaceae.g__Lentihominibacter.s__Lentihominibacter.excrementipullorum	Sex_Male1_Female2	Female	0.099888665	0.099888665	0.1364662	146	30	0.465448586	0.832111062	1	0.939697107	0.02701211
d__Bacteria.p__Bacillota_A.c__Clostridia.o__Oscillospirales.f__Oscillospiraceae.g__Enterenecus.s__Enterenecus.sp900549885	Age	Age	0.099721357	0.099721357	0.06437896	146	34	0.123711821	0.565249191	1	0.517727179	0.285899036
d__Bacteria.p__Bacillota_A.c__Clostridia.o__Christensenellales.f__Aristaeellaceae.g__Egerieenecus.s__Egerieenecus.merdigallinarum	Age	Age	0.099593291	0.099593291	0.092782529	146	37	0.284990038	0.742761492	2	0.649916306	0.187142567
d__Bacteria.p__Bacillota_A.c__Clostridia.o__Oscillospirales.f__Oscillospiraceae.g__Intestinimonas.s__Intestinimonas.massiliensis	BMI	BMI	-0.099517036	0.099517036	0.06377086	146	30	0.120956128	0.563708308	1	0.868151148	0.061404656
d__Bacteria.p__Bacillota_A.c__Clostridia.o__Peptostreptococcales.f__Anaerovoracaceae.g__Emergencia.s__Emergencia.timonensis	Age	Age	0.09904332	0.09904332	0.038752945	146	15	0.011694615	0.204098272	1	0.198808452	0.701565156
d__Bacteria.p__Bacillota_A.c__Clostridia.o__Oscillospirales.f__Butyricicoccaceae.g__Agathobaculum.s__Agathobaculum.butyriciproducens	Sex_Male1_Female2	Female	-0.099034095	0.099034095	0.224522751	146	107	0.659850332	0.912791667	1	0.939697107	0.02701211
d__Bacteria.p__Bacillota_A.c__Clostridia.o__Lachnospirales.f__Lachnospiraceae.g__Blautia_A.s__Blautia_A.fusiformis	Sex_Male1_Female2	Female	0.099007047	0.099007047	0.343163433	146	122	0.773393489	0.951477516	2	0.948357917	0.023027726
d__Bacteria.p__Bacillota_A.c__Clostridia.o__Christensenellales.f__Aristaeellaceae.g__Limiplasma.s__Limiplasma.merdipullorum	Sex_Male1_Female2	Female	-0.098860383	0.098860383	0.242808096	146	51	0.684534707	0.924245416	3	0.939697107	0.02701211
d__Bacteria.p__Bacillota_A.c__Clostridia.o__Peptostreptococcales.f__Anaerovoracaceae.g__Alangreenwoodia.s__Alangreenwoodia.sp905206455	BMI	BMI	-0.098843276	0.098843276	0.08400764	146	51	0.241411014	0.705372807	1	0.868151148	0.061404656
d__Bacteria.p__Actinomycetota.c__Coriobacteriia.o__Coriobacteriales.f__Eggerthellaceae.g__Anaerotardibacter.s__Anaerotardibacter.sp000435675	BMI	BMI	-0.098711137	0.098711137	0.134905868	146	52	0.465608322	0.832111062	2	0.890037633	0.05059163
d__Bacteria.p__Bacillota_A.c__Clostridia.o__Oscillospirales.f__Ruminococcaceae.g__Angelakisella.s__Angelakisella.sp900547385	Age	Age	0.098528258	0.098528258	0.080883245	146	40	0.225274485	0.686376028	1	0.597536578	0.223635504
d__Bacteria.p__Actinomycetota.c__Coriobacteriia.o__Coriobacteriales.f__UMGS124.g__JAHZGC01.s__JAHZGC01.sp019421015	Sex_Male1_Female2	Female	0.09827337	0.09827337	0.114274245	146	22	0.391314432	0.795080451	1	0.91661738	0.037811912
d__Bacteria.p__Desulfobacterota.c__Desulfovibrionia.o__Desulfovibrionales.f__Desulfovibrionaceae.g__Desulfovibrio.s__Desulfovibrio.sp018379785	Sex_Male1_Female2	Female	-0.098203974	0.098203974	0.122904905	146	23	0.4256697	0.817970668	2	0.930996888	0.031051771
d__Bacteria.p__Bacillota_A.c__Clostridia.o__Oscillospirales.f__Oscillospiraceae.g__CAG.103.s__CAG.103.sp000432375	BMI	BMI	0.097937631	0.097937631	0.173406211	146	44	0.573148827	0.872786714	1	0.890037633	0.05059163
d__Bacteria.p__Bacillota_A.c__Clostridia.o__Oscillospirales.f__Ruminococcaceae.g__Avimicrobium.s__Avimicrobium.caecorum	BMI	BMI	-0.097869846	0.097869846	0.057128692	146	26	0.088964176	0.510905214	2	0.868151148	0.061404656
d__Bacteria.p__Bacillota_A.c__Clostridia.o__Lachnospirales.f__Lachnospiraceae.g__Eisenbergiella.s__Eisenbergiella.tayi	Age	Age	0.097646997	0.097646997	0.087888634	146	38	0.268515364	0.730545752	1	0.64336044	0.191545647
d__Bacteria.p__Bacillota_A.c__Clostridia.o__Lachnospirales.f__Lachnospiraceae.g__Dorea.s__Dorea.formicigenerans	Sex_Male1_Female2	Female	-0.097502374	0.097502374	0.205246217	146	113	0.635512803	0.904062938	1	0.939697107	0.02701211
d__Bacteria.p__Bacteroidota.c__Bacteroidia.o__Bacteroidales.f__Marinifilaceae.g__Odoribacter.s__Odoribacter.splanchnicus	BMI	BMI	-0.097200811	0.097200811	0.102772036	146	94	0.345932823	0.778218803	1	0.890037633	0.05059163
d__Bacteria.p__Bacillota_A.c__Clostridia.o__Oscillospirales.f__Ruminococcaceae.g__Ruminococcus_C.s__Ruminococcus_C.callidus	Age	Age	0.097036522	0.097036522	0.103233051	146	20	0.348896724	0.778422935	1	0.692394217	0.159646568
d__Bacteria.p__Bacillota_A.c__Clostridia.o__Oscillospirales.f__Oscillospiraceae.g__Dysosmobacter.s__Dysosmobacter.faecalis	BMI	BMI	-0.096900121	0.096900121	0.070407652	146	30	0.17099912	0.622420156	1	0.868151148	0.061404656
d__Bacteria.p__Bacillota_A.c__Clostridia.o__Oscillospirales.f__Oscillospiraceae.g__Onthomonas.s__Onthomonas.sp003150485	Age	Age	0.096590378	0.096590378	0.087537377	146	32	0.271793983	0.731301795	1	0.64336044	0.191545647
d__Bacteria.p__Bacteroidota.c__Bacteroidia.o__Bacteroidales.f__Rikenellaceae.g__Tidjanibacter.s__Tidjanibacter.inops	Age	Age	-0.096564329	0.096564329	0.093446228	146	24	0.303265859	0.753896169	2	0.658149243	0.181675614
d__Bacteria.p__Bacteroidota.c__Bacteroidia.o__Bacteroidales.f__Bacteroidaceae.g__Bacteroides.s__Bacteroides.uniformis	Sex_Male1_Female2	Female	-0.096501349	0.096501349	0.288586144	146	137	0.738597721	0.944435075	1	0.939697107	0.02701211
d__Bacteria.p__Bacillota_A.c__Clostridia.o__Oscillospirales.f__Oscillospiraceae.g__Hominicoprocola.s__Hominicoprocola.sp003522105	Group	PD	-0.096373595	0.096373595	0.145860413	146	16	0.50990645	0.847577832	1	0.752137547	0.123702731
d__Bacteria.p__Bacillota_A.c__Clostridia.o__Oscillospirales.f__Oscillospiraceae.g__Scatomorpha.s__Scatomorpha.intestinigallinarum	BMI	BMI	-0.096115136	0.096115136	0.086990654	146	23	0.271157979	0.73090511	1	0.890037633	0.05059163
d__Bacteria.p__Bacillota.c__Bacilli.o__Lactobacillales.f__Streptococcaceae.g__Streptococcus.s__Streptococcus.sp902463925	Sex_Male1_Female2	Female	0.095796373	0.095796373	0.218669592	146	23	0.662018021	0.912791667	1	0.939697107	0.02701211
d__Bacteria.p__Bacillota_A.c__Clostridia.o__Lachnospirales.f__Lachnospiraceae.g__Otoolea.s__Otoolea.symbiosa	Sex_Male1_Female2	Female	0.095722306	0.095722306	0.103110547	146	15	0.354872615	0.779469944	2	0.91661738	0.037811912
d__Bacteria.p__Bacillota_A.c__Clostridia.o__Oscillospirales.f__Ruminococcaceae.g__Porcipelethomonas.s__Porcipelethomonas.ammoniilytica	Age	Age	0.095711702	0.095711702	0.102282115	146	26	0.351054445	0.778422935	1	0.692394217	0.159646568
d__Bacteria.p__Bacillota_A.c__Clostridia.o__Lachnospirales.f__Lachnospiraceae.g__Blautia_A.s__Blautia_A.sp900548245	BMI	BMI	0.095646033	0.095646033	0.110880434	146	47	0.389873147	0.794565632	1	0.890037633	0.05059163
d__Bacteria.p__Bacillota_A.c__Clostridia.o__Oscillospirales.f__Ruminococcaceae.g__Faecalibacterium.s__Faecalibacterium.prausnitzii_E	Sex_Male1_Female2	Female	-0.095381441	0.095381441	0.287124451	146	24	0.740253106	0.944435075	1	0.939697107	0.02701211
d__Bacteria.p__Bacillota_A.c__Clostridia.o__Peptostreptococcales.f__Anaerovoracaceae.g__Lentihominibacter.s__Lentihominibacter.excrementipullorum	BMI	BMI	0.095205015	0.095205015	0.066528203	146	30	0.154710453	0.614880442	1	0.868151148	0.061404656
d__Bacteria.p__Bacillota_A.c__Clostridia.o__Lachnospirales.f__Lachnospiraceae.g__Enterocloster.s__Enterocloster.sp900541315	Age	Age	-0.095164394	0.095164394	0.076296633	146	35	0.214433032	0.669360918	1	0.581144593	0.235715799
d__Bacteria.p__Bacillota_A.c__Clostridia.o__Lachnospirales.f__Lachnospiraceae.g__Limivivens.s__Limivivens.faecihominis	Age	Age	-0.094734049	0.094734049	0.082433358	146	75	0.252482421	0.714780817	2	0.633747821	0.198083521
d__Bacteria.p__Bacillota_I.c__Bacilli_A.o__Erysipelotrichales.f__Erysipelotrichaceae.g__Merdibacter.s__Merdibacter.merdipullorum	Group	PD	0.094651999	0.094651999	0.128484842	146	18	0.462586874	0.832111062	1	0.721580134	0.141715432
d__Bacteria.p__Bacillota_A.c__Clostridia.o__Lachnospirales.f__Lachnospiraceae.g__Eubacterium_G.s__Eubacterium_G.segne	Sex_Male1_Female2	Female	-0.094523931	0.094523931	0.113670357	146	27	0.407113963	0.799268358	1	0.91661738	0.037811912
d__Bacteria.p__Bacillota_A.c__Clostridia.o__Lachnospirales.f__Lachnospiraceae.g__Blautia_A.s__Blautia_A.intestinalis	BMI	BMI	0.094456516	0.094456516	0.126277407	146	80	0.455746825	0.828256066	1	0.890037633	0.05059163
d__Bacteria.p__Bacillota_A.c__Clostridia.o__Oscillospirales.f__Oscillospiraceae.g__Vescimonas.s__Vescimonas.sp900552475	Sex_Male1_Female2	Female	0.094383252	0.094383252	0.108018737	146	18	0.383785201	0.789371308	1	0.91661738	0.037811912
d__Bacteria.p__Bacillota_A.c__Clostridia.o__Oscillospirales.f__Oscillospiraceae.g__Faecousia.s__Faecousia.sp000434635	Sex_Male1_Female2	Female	0.094328677	0.094328677	0.258320107	146	51	0.715557774	0.935729397	2	0.939697107	0.02701211
d__Bacteria.p__Bacillota_A.c__Clostridia.o__Peptostreptococcales.f__Anaerovoracaceae.g__Lentihominibacter.s__Lentihominibacter.excrementipullorum	Age	Age	0.094065045	0.094065045	0.0660201	146	30	0.156507503	0.618106615	1	0.546582053	0.262344632
d__Bacteria.p__Bacillota_I.c__Bacilli_A.o__Erysipelotrichales.f__Erysipelotrichaceae.g__Holdemanella.s__Holdemanella.porci	BMI	BMI	0.093706264	0.093706264	0.085935485	146	17	0.277453858	0.735776381	1	0.890037633	0.05059163
d__Bacteria.p__Bacteroidota.c__Bacteroidia.o__Bacteroidales.f__Bacteroidaceae.g__Bacteroides.s__Bacteroides.stercoris	Group	PD	0.093415434	0.093415434	0.340619396	146	49	0.78430736	0.952419978	1	0.923213499	0.034697854
d__Bacteria.p__Bacillota_A.c__Clostridia.o__Lachnospirales.f__Lachnospiraceae.g__Alitiscatomonas.s__Alitiscatomonas.aceti	Age	Age	-0.093115586	0.093115586	0.103958255	146	82	0.371994717	0.785345911	1	0.701515233	0.153962894
d__Bacteria.p__Bacillota_A.c__Clostridia.o__TANB77.f__CAG.508.g__Merdicola.s__Merdicola.sp018371855	BMI	BMI	0.093076739	0.093076739	0.101541816	146	17	0.360956736	0.780024156	1	0.890037633	0.05059163
d__Bacteria.p__Bacillota_A.c__Clostridia.o__Oscillospirales.f__Oscillospiraceae.g__CAG.170.s__CAG.170.sp003516765	BMI	BMI	-0.092814298	0.092814298	0.067526486	146	32	0.171551076	0.622913616	2	0.868151148	0.061404656
d__Bacteria.p__Bacillota_A.c__Clostridia.o__Peptostreptococcales.f__Peptostreptococcaceae.g__Romboutsia.s__Romboutsia.timonensis	Sex_Male1_Female2	Female	0.092779582	0.092779582	0.23538279	146	80	0.694076828	0.926725666	1	0.939697107	0.02701211
d__Bacteria.p__Bacillota_A.c__Clostridia.o__Oscillospirales.f__Butyricicoccaceae.g__Agathobaculum.s__Agathobaculum.hominis	Age	Age	-0.092607022	0.092607022	0.096122606	146	42	0.337043684	0.774154752	1	0.692394217	0.159646568
d__Bacteria.p__Bacillota_C.c__Negativicutes.o__Veillonellales.f__Dialisteraceae.g__Dialister.s__Dialister.invisus	Sex_Male1_Female2	Female	-0.092329548	0.092329548	0.319991279	146	43	0.773374482	0.951477516	1	0.948357917	0.023027726
d__Bacteria.p__Bacillota_A.c__Clostridia.o__Lachnospirales.f__Lachnospiraceae.g__Mediterraneibacter.s__Mediterraneibacter.sp900541505	Age	Age	0.091996591	0.091996591	0.054833265	146	22	0.095692316	0.514948577	1	0.483634137	0.315483053
d__Bacteria.p__Pseudomonadota.c__Alphaproteobacteria.o__RF32.f__CAG.239.g__Scatacola_A.s__Scatacola_A.faecigallinarum	BMI	BMI	-0.091709473	0.091709473	0.114832481	146	26	0.425893361	0.817970668	1	0.890037633	0.05059163
d__Bacteria.p__Bacillota_A.c__Clostridia.o__Lachnospirales.f__Lachnospiraceae.g__Blautia_A.s__Blautia_A.schinkii_B	Sex_Male1_Female2	Female	-0.091647013	0.091647013	0.168794431	146	19	0.58805265	0.875350014	1	0.939697107	0.02701211
d__Bacteria.p__Bacteroidota.c__Bacteroidia.o__Bacteroidales.f__Bacteroidaceae.g__Bacteroides.s__Bacteroides.eggerthii	BMI	BMI	-0.091166554	0.091166554	0.127760445	146	27	0.476713283	0.841515665	1	0.890037633	0.05059163
d__Bacteria.p__Bacillota_A.c__Clostridia.o__Oscillospirales.f__Oscillospiraceae.g__Vescimonas.s__Vescimonas.sp900545585	Sex_Male1_Female2	Female	0.091107404	0.091107404	0.124499909	146	17	0.465557752	0.832111062	1	0.939697107	0.02701211
d__Bacteria.p__Bacteroidota.c__Bacteroidia.o__Bacteroidales.f__Bacteroidaceae.g__Bacteroides.s__Bacteroides.salyersiae	Group	PD	-0.09107096	0.09107096	0.121256388	146	18	0.453913482	0.828256066	1	0.719337468	0.143067318
d__Bacteria.p__Bacillota_A.c__Clostridia.o__Christensenellales.f__UMGS416.g__Parachristensenella.s__Parachristensenella.sp900542005	Age	Age	0.091054172	0.091054172	0.045181716	146	17	0.045845175	0.408240364	1	0.393851884	0.404667072
d__Bacteria.p__Bacteroidota.c__Bacteroidia.o__Bacteroidales.f__Bacteroidaceae.g__Bacteroides.s__Bacteroides.eggerthii	Sex_Male1_Female2	Female	0.090976509	0.090976509	0.262069042	146	27	0.729017419	0.944435075	1	0.939697107	0.02701211
d__Bacteria.p__Bacillota_A.c__Clostridia.o__Oscillospirales.f__Ruminococcaceae.g__Zongyangia.s__Zongyangia.gallinarum	Group	PD	0.090946778	0.090946778	0.134482402	146	23	0.500015994	0.846790416	1	0.75086155	0.124440134
d__Bacteria.p__Bacillota_A.c__Clostridia.o__Peptostreptococcales.f__Anaerovoracaceae.g__Hominibacterium.s__Hominibacterium.hominis	Sex_Male1_Female2	Female	-0.090756676	0.090756676	0.160957206	146	42	0.5737808	0.872786714	1	0.939697107	0.02701211
d__Bacteria.p__Bacillota_A.c__Clostridia.o__Lachnospirales.f__Lachnospiraceae.g__Choladousia.s__Choladousia.sp902363665	Age	Age	0.090356537	0.090356537	0.103951668	146	61	0.38625998	0.789371308	1	0.70468894	0.152002545
d__Bacteria.p__Bacillota_A.c__Clostridia.o__TANB77.f__CAG.508.g__CAG.245.s__CAG.245.sp000435175	Group	PD	-0.090124831	0.090124831	0.148576871	146	30	0.54513612	0.862388588	1	0.757784046	0.120454542
d__Bacteria.p__Bacillota_A.c__Clostridia.o__Christensenellales.f__CAG.138.g__PeH17.s__PeH17.sp000435055	Sex_Male1_Female2	Female	0.090103549	0.090103549	0.283353041	146	52	0.750979962	0.944435075	1	0.939697107	0.02701211
d__Bacteria.p__Bacillota_A.c__Clostridia.o__Clostridiales.f__Clostridiaceae.g__Clostridium.s__Clostridium.saudiense	BMI	BMI	0.090067888	0.090067888	0.072011197	146	30	0.213173813	0.669360918	1	0.868151148	0.061404656
d__Bacteria.p__Bacillota_A.c__Clostridia.o__Oscillospirales.f__Ruminococcaceae.g__Gemmiger.s__Gemmiger.sp900540775	BMI	BMI	0.089942802	0.089942802	0.128154509	146	33	0.48398392	0.841515665	2	0.890037633	0.05059163
d__Bacteria.p__Bacillota_A.c__Clostridia.o__Christensenellales.f__Aristaeellaceae.g__Pullichristensenella.s__Pullichristensenella.sp946496415	Sex_Male1_Female2	Female	-0.089071707	0.089071707	0.13233008	146	33	0.502024267	0.846790416	1	0.939697107	0.02701211
d__Bacteria.p__Bacillota_A.c__Clostridia.o__Lachnospirales.f__Lachnospiraceae.g__Acetatifactor.s__Acetatifactor.intestinalis	Age	Age	-0.089009158	0.089009158	0.128785987	146	50	0.490655549	0.843504431	1	0.79128719	0.101665865
d__Bacteria.p__Bacillota_I.c__Bacilli_A.o__Erysipelotrichales.f__Coprobacillaceae.g__Thomasclavelia.s__Thomasclavelia.spiroformis	Sex_Male1_Female2	Female	-0.088795368	0.088795368	0.126470733	146	21	0.483815362	0.841515665	1	0.939697107	0.02701211
d__Bacteria.p__Bacteroidota.c__Bacteroidia.o__Bacteroidales.f__Bacteroidaceae.g__Phocaeicola.s__Phocaeicola.massiliensis	BMI	BMI	0.088738086	0.088738086	0.104403489	146	34	0.396844884	0.795946936	1	0.890037633	0.05059163
d__Bacteria.p__Bacillota_A.c__Clostridia.o__Oscillospirales.f__Ruminococcaceae.g__Faecalibacterium.s__Faecalibacterium.prausnitzii_D	BMI	BMI	0.088376254	0.088376254	0.143691783	146	107	0.539555767	0.859611744	2	0.890037633	0.05059163
d__Bacteria.p__Bacillota_A.c__Clostridia.o__Peptostreptococcales.f__Peptostreptococcaceae.g__Terrisporobacter.s__Terrisporobacter.sp900557165	Group	PD	0.088352436	0.088352436	0.160952174	146	26	0.583949511	0.874852276	1	0.782869075	0.106310862
d__Bacteria.p__Bacillota_A.c__Clostridia.o__Lachnospirales.f__Lachnospiraceae.g__Agathobacter.s__Agathobacter.faecis	Age	Age	-0.088236645	0.088236645	0.189616112	146	92	0.642429698	0.907248335	1	0.886600396	0.052272079
d__Bacteria.p__Bacillota_A.c__Clostridia.o__Lachnospirales.f__Lachnospiraceae.g__Blautia_A.s__Blautia_A.sp900120195	BMI	BMI	-0.088149733	0.088149733	0.094337066	146	35	0.351747262	0.778422935	1	0.890037633	0.05059163
d__Bacteria.p__Bacillota_A.c__Clostridia.o__Oscillospirales.f__Acutalibacteraceae.g__Fimenecus.s__Fimenecus.sp000432435	Group	PD	-0.08813629	0.08813629	0.286248062	146	31	0.758628118	0.948763496	1	0.919563912	0.036418081
d__Bacteria.p__Bacillota_A.c__Clostridia.o__Oscillospirales.f__Acutalibacteraceae.g__UMGS1623.s__UMGS1623.sp934647945	BMI	BMI	-0.088026675	0.088026675	0.060590472	146	36	0.148578848	0.613982188	1	0.868151148	0.061404656
d__Bacteria.p__Bacillota_A.c__Clostridia.o__Lachnospirales.f__Lachnospiraceae.g__Lachnoclostridium_B.s__Lachnoclostridium_B.ammoniilytica	Group	PD	0.087897498	0.087897498	0.174484666	146	85	0.615248683	0.894276	1	0.798562174	0.097691265
d__Bacteria.p__Bacillota_A.c__Clostridia.o__Oscillospirales.f__Ruminococcaceae.g__Faecalibacterium.s__Faecalibacterium.prausnitzii_I	BMI	BMI	-0.087834403	0.087834403	0.100829483	146	63	0.385224713	0.789371308	1	0.890037633	0.05059163
d__Bacteria.p__Cyanobacteriota.c__Vampirovibrionia.o__Gastranaerophilales.f__Gastranaerophilaceae.g__CAG.196.s__CAG.196.sp002102975	BMI	BMI	-0.087409475	0.087409475	0.063028643	146	19	0.167765104	0.622420156	2	0.868151148	0.061404656
d__Bacteria.p__Bacillota_A.c__Clostridia.o__TANB77.f__CAG.508.g__CAG.245.s__CAG.245.sp000435175	Sex_Male1_Female2	Female	0.087358275	0.087358275	0.141234968	146	30	0.537259613	0.856866078	1	0.939697107	0.02701211
d__Bacteria.p__Bacillota_A.c__Clostridia.o__Lachnospirales.f__Lachnospiraceae.g__Blautia_A.s__Blautia_A.sp934394595	Age	Age	-0.087228569	0.087228569	0.078769158	146	53	0.270077962	0.730545752	1	0.64336044	0.191545647
d__Bacteria.p__Desulfobacterota.c__Desulfovibrionia.o__Desulfovibrionales.f__Desulfovibrionaceae.g__Bilophila.s__Bilophila.wadsworthia	Sex_Male1_Female2	Female	-0.087142428	0.087142428	0.198427109	146	92	0.661238265	0.912791667	1	0.939697107	0.02701211
d__Bacteria.p__Verrucomicrobiota.c__Verrucomicrobiae.o__Verrucomicrobiales.f__Akkermansiaceae.g__Akkermansia.s__Akkermansia.biwaensis	Age	Age	-0.087072882	0.087072882	0.146143642	146	20	0.552296817	0.862590435	1	0.83967077	0.075890965
d__Bacteria.p__Bacillota_A.c__Clostridia.o__Lachnospirales.f__Lachnospiraceae.g__Choladousia.s__Choladousia.sp902363135	Age	Age	-0.08673923	0.08673923	0.093187059	146	100	0.353602394	0.779198902	2	0.692394217	0.159646568
d__Bacteria.p__Bacillota_A.c__Clostridia.o__Lachnospirales.f__Lachnospiraceae.g__Butyribacter.s__Butyribacter.intestini	BMI	BMI	-0.086666366	0.086666366	0.081935343	146	24	0.292048726	0.751941622	1	0.890037633	0.05059163
d__Bacteria.p__Bacillota_A.c__Clostridia.o__Lachnospirales.f__Lachnospiraceae.g__Lachnospira.s__Lachnospira.sp000437735	BMI	BMI	0.086414873	0.086414873	0.083290037	146	39	0.301335891	0.753896169	2	0.890037633	0.05059163
d__Bacteria.p__Bacillota_A.c__Clostridia.o__Lachnospirales.f__Lachnospiraceae.g__Clostridium_AP.s__Clostridium_AP.scindens	Age	Age	0.086184473	0.086184473	0.066904567	146	27	0.199874062	0.655727186	1	0.579479839	0.23696167
d__Bacteria.p__Bacillota_A.c__Clostridia.o__Lachnospirales.f__Lachnospiraceae.g__Lachnospira.s__Lachnospira.hominis	BMI	BMI	-0.085945468	0.085945468	0.075948344	146	35	0.259781208	0.726416236	1	0.890037633	0.05059163
d__Bacteria.p__Bacillota_A.c__Clostridia.o__Oscillospirales.f__Oscillospiraceae.g__Onthomonas.s__Onthomonas.sp900545815	BMI	BMI	-0.085467395	0.085467395	0.068572611	146	27	0.214768209	0.669360918	2	0.868151148	0.061404656
d__Bacteria.p__Bacillota_A.c__Clostridia.o__Peptostreptococcales.f__Anaerovoracaceae.g__Fimisoma.s__Fimisoma.avicola	Age	Age	0.085383144	0.085383144	0.063610251	146	20	0.181739731	0.630818185	1	0.558888652	0.252674709
d__Bacteria.p__Bacillota_A.c__Clostridia.o__Oscillospirales.f__Oscillospiraceae.g__Vescimonas.s__Vescimonas.sp900545585	BMI	BMI	0.08513188	0.08513188	0.060694555	146	17	0.163006457	0.618386321	1	0.868151148	0.061404656
d__Bacteria.p__Bacillota_A.c__Clostridia.o__Oscillospirales.f__Oscillospiraceae.g__Intestinimonas.s__Intestinimonas.massiliensis	Age	Age	0.085114432	0.085114432	0.063283816	146	30	0.180875554	0.63033204	1	0.558888652	0.252674709
d__Bacteria.p__Bacillota_A.c__Clostridia.o__Christensenellales.f__Aristaeellaceae.g__Limiplasma.s__Limiplasma.sp900548145	Age	Age	0.085050384	0.085050384	0.065254602	146	17	0.194653287	0.6554848	2	0.579479839	0.23696167
d__Bacteria.p__Bacillota_A.c__Clostridia.o__Oscillospirales.f__Oscillospiraceae.g__Vescimonas.s__Vescimonas.sp900552475	Age	Age	-0.084752572	0.084752572	0.052257686	146	18	0.107157904	0.541581839	3	0.493124199	0.307043685
d__Bacteria.p__Bacillota_A.c__Clostridia.o__Lachnospirales.f__Lachnospiraceae.g__Massilistercora.s__Massilistercora.timonensis	Sex_Male1_Female2	Female	0.084699317	0.084699317	0.141208752	146	24	0.549626697	0.862590435	1	0.939697107	0.02701211
d__Bacteria.p__Bacteroidota.c__Bacteroidia.o__Bacteroidales.f__Tannerellaceae.g__Parabacteroides.s__Parabacteroides.segnis	Group	PD	0.084380461	0.084380461	0.143459327	146	25	0.557384374	0.866784847	1	0.766403514	0.115542513
d__Bacteria.p__Bacillota_A.c__Clostridia.o__Lachnospirales.f__Lachnospiraceae.g__Brotaphodocola.s__Brotaphodocola.sp003480315	Age	Age	-0.084314853	0.084314853	0.044011303	146	21	0.057495063	0.438797761	1	0.40019981	0.397723122
d__Bacteria.p__Bacillota_A.c__Clostridia.o__Lachnospirales.f__Lachnospiraceae.g__Enterocloster.s__Enterocloster.bolteae	Age	Age	0.084287088	0.084287088	0.087882229	146	34	0.339214674	0.775872377	2	0.692394217	0.159646568
d__Bacteria.p__Bacillota_A.c__Clostridia.o__Oscillospirales.f__Oscillospiraceae.g__Evtepia.s__Evtepia.sp004556345	Age	Age	0.084212191	0.084212191	0.058454279	146	19	0.151981695	0.614498962	3	0.546582053	0.262344632
d__Bacteria.p__Bacillota_A.c__Clostridia.o__Oscillospirales.f__Ruminococcaceae.g__Ruminococcus_C.s__Ruminococcus_C.callidus	Sex_Male1_Female2	Female	0.084199778	0.084199778	0.213386864	146	20	0.693765486	0.926725666	1	0.939697107	0.02701211
d__Bacteria.p__Bacteroidota.c__Bacteroidia.o__Bacteroidales.f__Bacteroidaceae.g__Bacteroides.s__Bacteroides.stercoris	Age	Age	0.083993424	0.083993424	0.156643177	146	49	0.592690321	0.877885861	1	0.870279035	0.060341479
d__Bacteria.p__Bacillota_A.c__Clostridia.o__Clostridiales.f__Clostridiaceae.g__Clostridium.s__Clostridium.sp900540255	Group	PD	0.083520739	0.083520739	0.127593419	146	19	0.513840483	0.851279471	1	0.752137547	0.123702731
d__Bacteria.p__Bacillota_A.c__Clostridia.o__Oscillospirales.f__Oscillospiraceae.g__Dysosmobacter.s__Dysosmobacter.segnis	Age	Age	0.083509556	0.083509556	0.131514375	146	77	0.526505542	0.854728383	1	0.814344179	0.089192004
d__Bacteria.p__Bacillota_A.c__Clostridia.o__Lachnospirales.f__Lachnospiraceae.g__Enterocloster.s__Enterocloster.sp000431375	Sex_Male1_Female2	Female	0.083327522	0.083327522	0.224736086	146	64	0.711378707	0.933699693	1	0.939697107	0.02701211
d__Bacteria.p__Bacillota_A.c__Clostridia.o__Lachnospirales.f__CAG.274.g__CAG.274.s__CAG.274.sp900545305	Group	PD	-0.083241863	0.083241863	0.113792779	146	17	0.465719268	0.832111062	1	0.721580134	0.141715432
d__Bacteria.p__Bacillota_A.c__Clostridia.o__Lachnospirales.f__Lachnospiraceae.g__Agathobacter.s__Agathobacter.sp000434275	Group	PD	-0.083120492	0.083120492	0.158174844	146	17	0.600093093	0.882732809	2	0.79305589	0.100696205
d__Bacteria.p__Bacillota_A.c__Clostridia.o__Lachnospirales.f__Lachnospiraceae.g__Hominiventricola.s__Hominiventricola.filiformis	Age	Age	-0.082989875	0.082989875	0.073835684	146	41	0.263001283	0.728805493	1	0.64336044	0.191545647
d__Bacteria.p__Cyanobacteriota.c__Vampirovibrionia.o__Gastranaerophilales.f__Gastranaerophilaceae.g__CAG.196.s__CAG.196.sp002102975	Sex_Male1_Female2	Female	0.082491668	0.082491668	0.129287717	146	19	0.524515818	0.854542086	1	0.939697107	0.02701211
d__Bacteria.p__Bacillota_I.c__Bacilli_A.o__Erysipelotrichales.f__Coprobacillaceae.g__Coprobacillus.s__Coprobacillus.cateniformis	BMI	BMI	-0.082488156	0.082488156	0.052401664	146	15	0.117775904	0.559342069	1	0.868151148	0.061404656
d__Bacteria.p__Bacillota_A.c__Clostridia.o__Lachnospirales.f__Lachnospiraceae.g__Lachnoclostridium_B.s__Lachnoclostridium_B.acetigenes	Group	PD	-0.082478098	0.082478098	0.121512537	146	19	0.498442069	0.846790416	1	0.75086155	0.124440134
d__Bacteria.p__Bacillota_A.c__Clostridia.o__Lachnospirales.f__Lachnospiraceae.g__Brotaphodocola.s__Brotaphodocola.sp003478505	Sex_Male1_Female2	Female	-0.082450387	0.082450387	0.084350691	146	22	0.330071361	0.767062916	1	0.91661738	0.037811912
d__Bacteria.p__Bacillota_A.c__Clostridia.o__Peptostreptococcales.f__Anaerovoracaceae.g__CAG.238.s__CAG.238.sp900542245	Age	Age	-0.082358966	0.082358966	0.05021356	146	19	0.103279989	0.536482163	1	0.491278333	0.308672389
d__Bacteria.p__Bacillota_A.c__Clostridia.o__Lachnospirales.f__Lachnospiraceae.g__Pseudolachnospira.s__Pseudolachnospira.sp022867805	BMI	BMI	-0.082309697	0.082309697	0.085907693	146	36	0.33970348	0.775872377	1	0.890037633	0.05059163
d__Bacteria.p__Bacillota_A.c__Clostridia.o__Oscillospirales.f__Acutalibacteraceae.g__Acutalibacter.s__Acutalibacter.ornithocaccae	Sex_Male1_Female2	Female	-0.081926161	0.081926161	0.244778031	146	49	0.738370257	0.944435075	1	0.939697107	0.02701211
d__Bacteria.p__Pseudomonadota.c__Gammaproteobacteria.o__Burkholderiales.f__Burkholderiaceae.g__Sutterella.s__Sutterella.wadsworthensis_A	BMI	BMI	-0.081730277	0.081730277	0.064305965	146	19	0.205912675	0.669360918	1	0.868151148	0.061404656
d__Bacteria.p__Bacteroidota.c__Bacteroidia.o__Bacteroidales.f__Bacteroidaceae.g__Bacteroides.s__Bacteroides.salyersiae	Age	Age	-0.081569218	0.081569218	0.055763078	146	18	0.145834253	0.607582888	1	0.546582053	0.262344632
d__Bacteria.p__Bacillota_A.c__Clostridia.o__Oscillospirales.f__Ruminococcaceae.g__Gemmiger.s__Gemmiger.sp900539695	BMI	BMI	-0.081560608	0.081560608	0.084719337	146	65	0.337398996	0.774154752	1	0.890037633	0.05059163
d__Bacteria.p__Bacillota_A.c__Clostridia.o__Oscillospirales.f__Ruminococcaceae.g__Anaerotruncus.s__Anaerotruncus.massiliensis	Age	Age	0.080833577	0.080833577	0.062327889	146	20	0.1968586	0.6554848	1	0.579479839	0.23696167
d__Bacteria.p__Bacillota.c__Bacilli.o__MOL361.f__Turicibacteraceae.g__Turicibacter.s__Turicibacter.sanguinis	BMI	BMI	0.080806635	0.080806635	0.06619853	146	21	0.224322723	0.684871009	1	0.868151148	0.061404656
d__Bacteria.p__Actinomycetota.c__Coriobacteriia.o__Coriobacteriales.f__Eggerthellaceae.g__Gordonibacter.s__Gordonibacter.urolithinfaciens	BMI	BMI	0.080727271	0.080727271	0.062458378	146	20	0.198376708	0.6554848	2	0.868151148	0.061404656
d__Bacteria.p__Bacillota_G.c__DTU025.o__DTUO25.f__HGM14224.g__HGM14224.s__HGM14224.sp900761905	Age	Age	0.080699312	0.080699312	0.048914915	146	19	0.101293791	0.531703548	1	0.491278333	0.308672389
d__Bacteria.p__Bacillota_A.c__Clostridia.o__Oscillospirales.f__Ruminococcaceae.g__Gemmiger.s__Gemmiger.sp900540595	Age	Age	-0.080650281	0.080650281	0.100506651	146	28	0.423700078	0.817970668	2	0.746807524	0.126791315
d__Bacteria.p__Bacillota_A.c__Clostridia.o__Lachnospirales.f__Lachnospiraceae.g__CAJJNI01.s__CAJJNI01.sp905193085	Sex_Male1_Female2	Female	-0.080619417	0.080619417	0.09003296	146	16	0.37213225	0.785345911	1	0.91661738	0.037811912
d__Bacteria.p__Bacillota_A.c__Clostridia.o__Oscillospirales.f__Oscillospiraceae.g__Intestinimonas.s__Intestinimonas.butyriciproducens	BMI	BMI	-0.080508346	0.080508346	0.054744445	146	21	0.143703435	0.606813193	1	0.868151148	0.061404656
d__Bacteria.p__Bacillota.c__Bacilli.o__MOL361.f__Turicibacteraceae.g__Turicibacter.s__Turicibacter.bilis	BMI	BMI	0.080322465	0.080322465	0.076332917	146	33	0.294543978	0.751941622	2	0.890037633	0.05059163
d__Bacteria.p__Bacillota_C.c__Negativicutes.o__Acidaminococcales.f__Acidaminococcaceae.g__Phascolarctobacterium.s__Phascolarctobacterium.faecium	Sex_Male1_Female2	Female	0.080104738	0.080104738	0.268405764	146	66	0.76581797	0.950571824	1	0.948357917	0.023027726
d__Bacteria.p__Bacteroidota.c__Bacteroidia.o__Bacteroidales.f__Tannerellaceae.g__Parabacteroides.s__Parabacteroides.distasonis	Age	Age	-0.080055028	0.080055028	0.127546524	146	117	0.531283368	0.8550617	1	0.814344179	0.089192004
d__Bacteria.p__Bacillota_A.c__Clostridia.o__Oscillospirales.f__Oscillospiraceae.g__CAG.170.s__CAG.170.sp000432135	BMI	BMI	-0.079623029	0.079623029	0.119989123	146	68	0.508079019	0.846790416	1	0.890037633	0.05059163
d__Bacteria.p__Bacillota_A.c__Clostridia.o__Oscillospirales.f__Oscillospiraceae.g__Hominicoprocola.s__Hominicoprocola.sp900317525	BMI	BMI	0.079593203	0.079593203	0.112428889	146	64	0.480192402	0.841515665	2	0.890037633	0.05059163
d__Bacteria.p__Bacillota_A.c__Clostridia.o__Lachnospirales.f__Lachnospiraceae.g__Eubacterium_G.s__Eubacterium_G.sp000435815	Age	Age	-0.079591559	0.079591559	0.063597618	146	24	0.212905397	0.669360918	1	0.581144593	0.235715799
d__Bacteria.p__Bacillota_A.c__Clostridia.o__Lachnospirales.f__Lachnospiraceae.g__Faecalimonas.s__Faecalimonas.sp029983955	Age	Age	0.079584047	0.079584047	0.086414751	146	25	0.358704983	0.779469944	2	0.698727415	0.155692217
d__Bacteria.p__Bacillota_A.c__Clostridia.o__Lachnospirales.f__Lachnospiraceae.g__Blautia_A.s__Blautia_A.sp900066205	Group	PD	0.079545196	0.079545196	0.307803567	146	44	0.79646696	0.952419978	1	0.923427871	0.034597022
d__Bacteria.p__Bacillota_A.c__Clostridia.o__Lachnospirales.f__Lachnospiraceae.g__Blautia_A.s__Blautia_A.faecis	BMI	BMI	-0.079540444	0.079540444	0.10952435	146	140	0.468942595	0.833180668	1	0.890037633	0.05059163
d__Bacteria.p__Verrucomicrobiota.c__Verrucomicrobiae.o__Verrucomicrobiales.f__Akkermansiaceae.g__Akkermansia.s__Akkermansia.biwaensis	BMI	BMI	-0.079311725	0.079311725	0.14726839	146	20	0.591076225	0.877885861	2	0.890037633	0.05059163
d__Bacteria.p__Bacillota_A.c__Clostridia.o__TANB77.f__CAG.508.g__CAG.269.s__CAG.269.sp000437215	Group	PD	-0.079208961	0.079208961	0.120753186	146	16	0.512959671	0.85076238	1	0.752137547	0.123702731
d__Bacteria.p__Bacillota_A.c__Clostridia.o__TANB77.f__CAG.508.g__CAG.269.s__CAG.269.sp000437215	BMI	BMI	-0.079203573	0.079203573	0.055959048	146	16	0.159241618	0.618386321	1	0.868151148	0.061404656
d__Bacteria.p__Bacillota_A.c__Clostridia.o__Oscillospirales.f__Butyricicoccaceae.g__Agathobaculum.s__Agathobaculum.butyriciproducens	BMI	BMI	0.079069946	0.079069946	0.109456372	146	107	0.471296437	0.834389906	2	0.890037633	0.05059163
d__Bacteria.p__Verrucomicrobiota.c__Verrucomicrobiae.o__Verrucomicrobiales.f__Akkermansiaceae.g__Akkermansia.s__Akkermansia.biwaensis	Group	PD	-0.078994943	0.078994943	0.317788237	146	20	0.804062741	0.953907899	1	0.928146497	0.03238347
d__Bacteria.p__Bacillota_A.c__Clostridia.o__Oscillospirales.f__Ruminococcaceae.g__Faecalibacterium.s__Faecalibacterium.prausnitzii_I	Age	Age	-0.078992144	0.078992144	0.100059408	146	63	0.431221806	0.818470872	1	0.746807524	0.126791315
d__Bacteria.p__Actinomycetota.c__Coriobacteriia.o__Coriobacteriales.f__Eggerthellaceae.g__CAJFUR01.s__CAJFUR01.sp904420575	Sex_Male1_Female2	Female	0.078956539	0.078956539	0.146767345	146	31	0.591476531	0.877885861	1	0.939697107	0.02701211
d__Bacteria.p__Bacillota_A.c__Clostridia.o__Lachnospirales.f__Lachnospiraceae.g__Butyribacter.s__Butyribacter.sp003529475	BMI	BMI	-0.078936659	0.078936659	0.138036275	146	68	0.568364557	0.872786714	1	0.890037633	0.05059163
d__Bacteria.p__Bacillota_A.c__Clostridia.o__Lachnospirales.f__Lachnospiraceae.g__Alitiscatomonas.s__Alitiscatomonas.sp900066535	Sex_Male1_Female2	Female	-0.078879727	0.078879727	0.160572559	146	40	0.624048248	0.899455505	1	0.939697107	0.02701211
d__Bacteria.p__Bacillota_A.c__Clostridia.o__Oscillospirales.f__Oscillospiraceae.g__UMGS1766.s__UMGS1766.sp959602365	BMI	BMI	-0.078614145	0.078614145	0.057640466	146	20	0.174861315	0.627320209	1	0.868151148	0.061404656
d__Bacteria.p__Bacillota_G.c__DTU025.o__DTUO25.f__HGM14224.g__HGM14224.s__HGM14224.sp900761905	Group	PD	0.078560701	0.078560701	0.106365111	146	19	0.46142589	0.832111062	1	0.721580134	0.141715432
d__Bacteria.p__Bacteroidota.c__Bacteroidia.o__Bacteroidales.f__Marinifilaceae.g__Odoribacter.s__Odoribacter.laneus	Age	Age	0.078394665	0.078394665	0.094527781	146	22	0.408371311	0.800686083	1	0.734283031	0.134136508
d__Bacteria.p__Bacillota_A.c__Clostridia.o__Christensenellales.f__CAG.138.g__PeH17.s__PeH17.sp000435055	Age	Age	0.078346619	0.078346619	0.137081535	146	52	0.568581766	0.872786714	2	0.856135371	0.06745756
d__Bacteria.p__Bacillota_A.c__Clostridia.o__Lachnospirales.f__Lachnospiraceae.g__Butyribacter.s__Butyribacter.sp000436755	Age	Age	0.077973801	0.077973801	0.048573798	146	17	0.110755168	0.546830795	3	0.493124199	0.307043685
d__Bacteria.p__Bacillota_A.c__Clostridia.o__Lachnospirales.f__Lachnospiraceae.g__Scatomonas.s__Scatomonas.merdavium	Sex_Male1_Female2	Female	-0.077918437	0.077918437	0.112856006	146	19	0.491104518	0.843504431	1	0.939697107	0.02701211
d__Bacteria.p__Bacillota_A.c__Clostridia.o__Lachnospirales.f__Lachnospiraceae.g__Scatomonas.s__Scatomonas.hejianensis	Age	Age	0.077896336	0.077896336	0.061755993	146	26	0.209339645	0.669360918	1	0.579948349	0.236610684
d__Bacteria.p__Bacillota_A.c__Clostridia.o__Oscillospirales.f__Oscillospiraceae.g__Hominicoprocola.s__Hominicoprocola.sp934835795	BMI	BMI	0.077886975	0.077886975	0.124426892	146	89	0.532386529	0.8550617	1	0.890037633	0.05059163
d__Bacteria.p__Bacillota_A.c__Clostridia.o__Oscillospirales.f__Acutalibacteraceae.g__Ruminococcus_E.s__Ruminococcus_E.bromii	BMI	BMI	0.077544226	0.077544226	0.235977457	146	92	0.742956969	0.944435075	2	0.961473725	0.01706258
d__Bacteria.p__Bacillota_A.c__Clostridia.o__Lachnospirales.f__Lachnospiraceae.g__Blautia_A.s__Blautia_A.sp900551715	Group	PD	-0.077484948	0.077484948	0.112586953	146	20	0.492484497	0.843936778	1	0.74570527	0.127432788
d__Bacteria.p__Pseudomonadota.c__Alphaproteobacteria.o__RF32.f__CAG.239.g__Scatacola_A.s__Scatacola_A.faecigallinarum	Sex_Male1_Female2	Female	-0.077458476	0.077458476	0.235550512	146	26	0.742782305	0.944435075	1	0.939697107	0.02701211
d__Bacteria.p__Bacillota_A.c__Clostridia.o__Oscillospirales.f__Ruminococcaceae.g__Negativibacillus.s__Negativibacillus.massiliensis	Group	PD	-0.077195355	0.077195355	0.168675115	146	25	0.647929165	0.908436768	1	0.827049515	0.082468489
d__Bacteria.p__Bacillota_A.c__Clostridia.o__Oscillospirales.f__Oscillospiraceae.g__CAG.170.s__CAG.170.sp900545925	BMI	BMI	0.076928784	0.076928784	0.061718114	146	26	0.214740457	0.669360918	1	0.868151148	0.061404656
d__Bacteria.p__Bacteroidota.c__Bacteroidia.o__Bacteroidales.f__Rikenellaceae.g__Alistipes_A.s__Alistipes_A.ihumii	Sex_Male1_Female2	Female	0.076810535	0.076810535	0.174355407	146	51	0.660245459	0.912791667	1	0.939697107	0.02701211
d__Bacteria.p__Bacillota_A.c__Clostridia.o__Lachnospirales.f__Lachnospiraceae.g__Massilistercora.s__Massilistercora.sp902406105	BMI	BMI	-0.076218591	0.076218591	0.040757768	146	15	0.063628182	0.47122654	1	0.868151148	0.061404656
d__Bacteria.p__Bacillota_A.c__Clostridia.o__Lachnospirales.f__Lachnospiraceae.g__Blautia_A.s__Blautia_A.sp900548245	Age	Age	-0.076163734	0.076163734	0.110033595	146	47	0.490000534	0.843504431	1	0.79128719	0.101665865
d__Bacteria.p__Bacillota_A.c__Clostridia.o__Lachnospirales.f__Lachnospiraceae.g__Eisenbergiella.s__Eisenbergiella.porci	Age	Age	0.076040264	0.076040264	0.053779999	146	19	0.159672361	0.618386321	2	0.546582053	0.262344632
d__Bacteria.p__Bacillota_A.c__Clostridia.o__Oscillospirales.f__Oscillospiraceae.g__CAG.170.s__CAG.170.sp002404795	BMI	BMI	0.075956201	0.075956201	0.089025407	146	44	0.395050291	0.795946936	1	0.890037633	0.05059163
d__Bacteria.p__Bacillota_A.c__Clostridia.o__Lachnospirales.f__Lachnospiraceae.g__Massilistercora.s__Massilistercora.timonensis	Age	Age	0.075952449	0.075952449	0.068314469	146	24	0.26818304	0.730545752	1	0.64336044	0.191545647
d__Bacteria.p__Bacteroidota.c__Bacteroidia.o__Bacteroidales.f__Rikenellaceae.g__Alistipes_A.s__Alistipes_A.hominis	Age	Age	0.075867909	0.075867909	0.06940692	146	36	0.276287348	0.735451166	2	0.649883447	0.187164525
d__Bacteria.p__Bacillota_A.c__Clostridia.o__Christensenellales.f__CAG.138.g__PeH17.s__PeH17.sp000435055	BMI	BMI	-0.075539732	0.075539732	0.138136539	146	52	0.585379096	0.874852276	1	0.890037633	0.05059163
d__Bacteria.p__Bacillota_A.c__Clostridia.o__Oscillospirales.f__Acutalibacteraceae.g__Hominenteromicrobium.s__Hominenteromicrobium.sp900549945	Age	Age	0.075380852	0.075380852	0.070131925	146	15	0.284347971	0.742761492	1	0.649916306	0.187142567
d__Bacteria.p__Bacteroidota.c__Bacteroidia.o__Bacteroidales.f__Barnesiellaceae.g__Barnesiella.s__Barnesiella.intestinihominis	Sex_Male1_Female2	Female	-0.075261918	0.075261918	0.293156845	146	83	0.797775813	0.952419978	1	0.953526743	0.020667122
d__Bacteria.p__Bacillota_A.c__Clostridia.o__Oscillospirales.f__CAG.272.g__UMGS911.s__UMGS911.sp003343545	Age	Age	0.075235514	0.075235514	0.046761295	146	18	0.109951187	0.54669251	1	0.493124199	0.307043685
d__Bacteria.p__Bacillota_I.c__Bacilli_A.o__RF39.f__UBA660.g__CAG.302.s__CAG.302.sp934162325	Sex_Male1_Female2	Female	0.075138838	0.075138838	0.179646167	146	21	0.676416609	0.922322438	1	0.939697107	0.02701211
d__Bacteria.p__Bacillota_A.c__Clostridia.o__Lachnospirales.f__Lachnospiraceae.g__UBA4285.s__UBA4285.sp900545225	Age	Age	0.075079529	0.075079529	0.060926027	146	21	0.21996086	0.679331559	1	0.591837134	0.227797789
d__Bacteria.p__Bacteroidota.c__Bacteroidia.o__Bacteroidales.f__Bacteroidaceae.g__Bacteroides.s__Bacteroides.xylanisolvens	BMI	BMI	-0.074602768	0.074602768	0.139083004	146	61	0.592565162	0.877885861	1	0.890037633	0.05059163
d__Bacteria.p__Bacillota_A.c__Clostridia.o__Lachnospirales.f__Lachnospiraceae.g__Anaerostipes.s__	BMI	BMI	0.074578403	0.074578403	0.136293679	146	132	0.585145676	0.874852276	2	0.890037633	0.05059163
d__Bacteria.p__Bacillota_A.c__Clostridia.o__Oscillospirales.f__Ruminococcaceae.g__Porcipelethomonas.s__Porcipelethomonas.ammoniilytica	Sex_Male1_Female2	Female	-0.074561164	0.074561164	0.211421242	146	26	0.72488453	0.943893433	1	0.939697107	0.02701211
d__Bacteria.p__Bacillota_A.c__Clostridia.o__TANB77.f__CAG.508.g__CAG.273.s__CAG.273.sp000438355	Age	Age	0.074415928	0.074415928	0.083086284	146	40	0.372024179	0.785345911	1	0.701515233	0.153962894
d__Bacteria.p__Bacteroidota.c__Bacteroidia.o__Bacteroidales.f__Bacteroidaceae.g__Bacteroides.s__Bacteroides.clarus	Sex_Male1_Female2	Female	0.074359932	0.074359932	0.199912716	146	23	0.710500075	0.933699693	1	0.939697107	0.02701211
d__Bacteria.p__Bacillota_A.c__Clostridia.o__Oscillospirales.f__UBA644.g__UBA644.s__UBA644.sp900547165	Group	PD	0.074318826	0.074318826	0.1067216	146	15	0.487379127	0.843386027	1	0.743999158	0.128427556
d__Bacteria.p__Bacillota_A.c__Clostridia.o__Oscillospirales.f__Ruminococcaceae.g__Ruthenibacterium.s__Ruthenibacterium.merdipullorum	BMI	BMI	-0.074232414	0.074232414	0.071020721	146	16	0.297774631	0.753896169	1	0.890037633	0.05059163
d__Bacteria.p__Bacillota_A.c__Clostridia.o__Oscillospirales.f__CAG.272.g__UMGS911.s__UMGS911.sp003343545	BMI	BMI	0.074209912	0.074209912	0.047121179	146	18	0.117608987	0.559342069	2	0.868151148	0.061404656
d__Bacteria.p__Bacillota_A.c__Clostridia.o__Lachnospirales.f__Lachnospiraceae.g__Brotaphodocola.s__	Age	Age	0.073719958	0.073719958	0.071427037	146	18	0.303856442	0.753896169	1	0.658149243	0.181675614
d__Bacteria.p__Bacillota.c__Bacilli.o__Lactobacillales.f__Streptococcaceae.g__Streptococcus.s__Streptococcus.mutans	Age	Age	0.073640788	0.073640788	0.093705537	146	24	0.433308109	0.818470872	2	0.746807524	0.126791315
d__Bacteria.p__Bacillota_A.c__Clostridia.o__Lachnospirales.f__Lachnospiraceae.g__Wujia.s__Wujia.chipingensis	Sex_Male1_Female2	Female	-0.073552209	0.073552209	0.21727554	146	26	0.735493092	0.944435075	1	0.939697107	0.02701211
d__Bacteria.p__Bacillota_A.c__Clostridia.o__Lachnospirales.f__Lachnospiraceae.g__Lachnospira.s__Lachnospira.eligens	Age	Age	-0.073512286	0.073512286	0.1341393	146	90	0.584570074	0.874852276	1	0.867576221	0.06169236
d__Bacteria.p__Bacteroidota.c__Bacteroidia.o__Bacteroidales.f__Tannerellaceae.g__Parabacteroides.s__Parabacteroides.segnis	Age	Age	0.073378456	0.073378456	0.065973709	146	25	0.267998105	0.730545752	2	0.64336044	0.191545647
d__Bacteria.p__Bacteroidota.c__Bacteroidia.o__Bacteroidales.f__Marinifilaceae.g__Odoribacter.s__Odoribacter.laneus	BMI	BMI	-0.073300839	0.073300839	0.095255284	146	22	0.442919191	0.827224857	1	0.890037633	0.05059163
d__Bacteria.p__Pseudomonadota.c__Gammaproteobacteria.o__Burkholderiales.f__Burkholderiaceae.g__Sutterella.s__Sutterella.wadsworthensis_A	Group	PD	0.072932296	0.072932296	0.138764872	146	19	0.600034676	0.882732809	1	0.79305589	0.100696205
d__Bacteria.p__Bacillota_A.c__Clostridia.o__Lachnospirales.f__Lachnospiraceae.g__Dorea_A.s__Dorea_A.amylophila	Sex_Male1_Female2	Female	0.072858751	0.072858751	0.249592925	146	69	0.770799998	0.95093265	1	0.948357917	0.023027726
d__Bacteria.p__Bacillota_A.c__Clostridia.o__Oscillospirales.f__Oscillospiraceae.g__Scatomorpha.s__Scatomorpha.sp900545405	BMI	BMI	-0.072841251	0.072841251	0.108875588	146	27	0.504609181	0.846790416	1	0.890037633	0.05059163
d__Bacteria.p__Bacillota_A.c__Clostridia.o__Oscillospirales.f__CAG.382.g__Woodwardibium.s__Woodwardibium.gallinarum	Age	Age	0.072831104	0.072831104	0.043631111	146	17	0.097368785	0.516537952	1	0.485545675	0.31376991
d__Bacteria.p__Bacillota_A.c__Clostridia.o__Oscillospirales.f__Ruminococcaceae.g__Ruthenibacterium.s__Ruthenibacterium.merdipullorum	Age	Age	0.072653002	0.072653002	0.070478307	146	16	0.304438019	0.754038536	2	0.658149243	0.181675614
d__Bacteria.p__Bacillota_A.c__Clostridia.o__Lachnospirales.f__Lachnospiraceae.g__Choladousia.s__Choladousia.sp902363665	BMI	BMI	0.07258095	0.07258095	0.104751698	146	61	0.489562815	0.843504431	1	0.890037633	0.05059163
d__Bacteria.p__Bacillota_I.c__Bacilli_A.o__Erysipelotrichales.f__Coprobacillaceae.g__Coprobacillus.s__Coprobacillus.cateniformis	Age	Age	0.072515669	0.072515669	0.052001451	146	15	0.165442471	0.619057997	1	0.546582053	0.262344632
d__Bacteria.p__Bacillota_I.c__Bacilli_A.o__Erysipelotrichales.f__Coprobacillaceae.g__Allocoprobacillus.s__Allocoprobacillus.merdigallinarum	BMI	BMI	-0.072489269	0.072489269	0.042972063	146	15	0.0939164	0.510905214	1	0.868151148	0.061404656
d__Bacteria.p__Bacillota_A.c__Clostridia.o__Lachnospirales.f__Lachnospiraceae.g__Eisenbergiella.s__Eisenbergiella.tayi	Sex_Male1_Female2	Female	0.072468935	0.072468935	0.181669338	146	38	0.690588335	0.926725666	1	0.939697107	0.02701211
d__Bacteria.p__Bacillota_A.c__Clostridia.o__Oscillospirales.f__Oscillospiraceae.g__Onthomonas.s__Onthomonas.sp003150485	Sex_Male1_Female2	Female	-0.072206359	0.072206359	0.180943275	146	32	0.690478423	0.926725666	2	0.939697107	0.02701211
d__Bacteria.p__Bacteroidota.c__Bacteroidia.o__Bacteroidales.f__Marinifilaceae.g__Butyricimonas.s__Butyricimonas.sp019423345	Sex_Male1_Female2	Female	0.072120592	0.072120592	0.12466216	146	23	0.563864299	0.869629888	3	0.939697107	0.02701211
d__Bacteria.p__Bacillota_A.c__Clostridia.o__Lachnospirales.f__Lachnospiraceae.g__Blautia_A.s__Blautia_A.intestinalis	Group	PD	0.072093042	0.072093042	0.272492111	146	80	0.79174182	0.952419978	1	0.923427871	0.034597022
d__Bacteria.p__Bacillota_A.c__Clostridia.o__Christensenellales.f__Aristaeellaceae.g__RUG11247.s__RUG11247.sp902767315	Group	PD	0.071976328	0.071976328	0.083988252	146	17	0.392963003	0.795904923	2	0.674511167	0.171010856
d__Bacteria.p__Bacillota_A.c__Clostridia.o__Lachnospirales.f__Lachnospiraceae.g__Massilistercora.s__Massilistercora.sp902406105	Group	PD	0.071595623	0.071595623	0.087950573	146	15	0.417042861	0.810480043	3	0.694920183	0.158065075
d__Bacteria.p__Bacillota_A.c__Clostridia.o__Christensenellales.f__Aristaeellaceae.g__Fimadaptatus.s__Fimadaptatus.sp900553645	BMI	BMI	0.071540916	0.071540916	0.041098649	146	17	0.083995716	0.510905214	1	0.868151148	0.061404656
d__Bacteria.p__Bacteroidota.c__Bacteroidia.o__Bacteroidales.f__Rikenellaceae.g__Alistipes.s__Alistipes.dispar	BMI	BMI	-0.071258301	0.071258301	0.085156941	146	20	0.40417973	0.799268358	2	0.890037633	0.05059163
d__Bacteria.p__Bacillota_A.c__Clostridia.o__Clostridiales.f__Clostridiaceae.g__Clostridium.s__Clostridium.saudiense	Sex_Male1_Female2	Female	-0.071147218	0.071147218	0.14771321	146	30	0.630823214	0.903073232	1	0.939697107	0.02701211
d__Bacteria.p__Bacillota_A.c__Clostridia.o__Oscillospirales.f__Acutalibacteraceae.g__CAG.217.s__	Age	Age	0.071115463	0.071115463	0.143897202	146	44	0.621955056	0.898112707	1	0.880399701	0.055320114
d__Bacteria.p__Bacillota.c__Bacilli.o__MOL361.f__Turicibacteraceae.g__Turicibacter.s__Turicibacter.bilis	Age	Age	-0.070827435	0.070827435	0.075749932	146	33	0.35143704	0.778422935	2	0.692394217	0.159646568
d__Bacteria.p__Bacillota_A.c__Clostridia.o__Oscillospirales.f__Oscillospiraceae.g__Onthomonas.s__Onthomonas.sp900545815	Sex_Male1_Female2	Female	-0.070786363	0.070786363	0.140659798	146	27	0.615605997	0.894276	1	0.939697107	0.02701211
d__Bacteria.p__Bacillota_A.c__Clostridia.o__TANB77.f__CAG.508.g__Merdicola.s__Merdicola.sp018371855	Age	Age	-0.070680845	0.070680845	0.100766301	146	17	0.484231147	0.841515665	1	0.79128719	0.101665865
d__Bacteria.p__Bacillota_A.c__Clostridia.o__Oscillospirales.f__Ruminococcaceae.g__Anaerotruncus.s__Anaerotruncus.massiliensis	Group	PD	0.070393313	0.070393313	0.13553152	146	20	0.60433513	0.88635819	1	0.795849784	0.099168897
d__Bacteria.p__Bacillota_A.c__Clostridia.o__Lachnospirales.f__Lachnospiraceae.g__Limivivens.s__Limivivens.faecihominis	Sex_Male1_Female2	Female	0.069949338	0.069949338	0.170393063	146	75	0.682072387	0.924245416	1	0.939697107	0.02701211
d__Bacteria.p__Bacillota_A.c__Clostridia.o__Lachnospirales.f__Lachnospiraceae.g__Lachnoclostridium_B.s__Lachnoclostridium_B.ammoniilytica	Age	Age	-0.069925921	0.069925921	0.080241562	146	85	0.385048251	0.789371308	1	0.70468894	0.152002545
d__Bacteria.p__Bacillota_A.c__Clostridia.o__Lachnospirales.f__Lachnospiraceae.g__Limivivens.s__Limivivens.sp905214955	Age	Age	-0.069729033	0.069729033	0.073075985	146	56	0.341675847	0.776819252	2	0.692394217	0.159646568
d__Bacteria.p__Bacillota_A.c__Clostridia.o__Lachnospirales.f__Lachnospiraceae.g__Blautia_A.s__Blautia_A.sp003474435	BMI	BMI	0.069718467	0.069718467	0.064403717	146	18	0.280936073	0.739157462	1	0.890037633	0.05059163
d__Bacteria.p__Bacillota_A.c__Clostridia.o__Oscillospirales.f__Acutalibacteraceae.g__UMGS1071.s__UMGS1071.sp900542375	BMI	BMI	0.069694536	0.069694536	0.09244723	146	61	0.45222182	0.828256066	2	0.890037633	0.05059163
d__Bacteria.p__Bacillota_A.c__Clostridia.o__Lachnospirales.f__Lachnospiraceae.g__Wujia.s__Wujia.chipingensis	Age	Age	0.069622657	0.069622657	0.105114328	146	26	0.5088667	0.846790416	1	0.803021713	0.095272712
d__Bacteria.p__Bacillota_A.c__Clostridia.o__Lachnospirales.f__Lachnospiraceae.g__AF33.28.s__AF33.28.sp003477885	Sex_Male1_Female2	Female	-0.069356939	0.069356939	0.101418787	146	16	0.495222855	0.844758714	1	0.939697107	0.02701211
d__Bacteria.p__Bacillota_A.c__Clostridia.o__Lachnospirales.f__Lachnospiraceae.g__Faecalimonas.s__Faecalimonas.sp029983955	BMI	BMI	0.069234528	0.069234528	0.087079815	146	25	0.427958288	0.817970668	1	0.890037633	0.05059163
d__Bacteria.p__Bacillota_A.c__Clostridia.o__Oscillospirales.f__Oscillospiraceae.g__Faecousia.s__Faecousia.sp958436045	BMI	BMI	0.069221832	0.069221832	0.057882871	146	30	0.233818467	0.696797662	2	0.868151148	0.061404656
d__Bacteria.p__Bacteroidota.c__Bacteroidia.o__Bacteroidales.f__Tannerellaceae.g__Parabacteroides.s__Parabacteroides.segnis	BMI	BMI	0.069177078	0.069177078	0.066481454	146	25	0.299932145	0.753896169	3	0.890037633	0.05059163
d__Bacteria.p__Bacteroidota.c__Bacteroidia.o__Bacteroidales.f__Bacteroidaceae.g__Bacteroides.s__Bacteroides.clarus	BMI	BMI	-0.069140822	0.069140822	0.097458812	146	23	0.479268242	0.841515665	4	0.890037633	0.05059163
d__Bacteria.p__Bacteroidota.c__Bacteroidia.o__Bacteroidales.f__Marinifilaceae.g__Butyricimonas.s__Butyricimonas.paravirosa	Age	Age	-0.069072531	0.069072531	0.076142012	146	40	0.365929901	0.782675615	1	0.701515233	0.153962894
d__Bacteria.p__Bacillota_A.c__Clostridia.o__Lachnospirales.f__Lachnospiraceae.g__Schaedlerella.s__Schaedlerella.hominis	Age	Age	-0.068297668	0.068297668	0.040443722	146	15	0.093566831	0.510905214	2	0.483634137	0.315483053
d__Bacteria.p__Bacillota_A.c__Clostridia.o__Oscillospirales.f__Ruminococcaceae.g__Negativibacillus.s__Negativibacillus.sp000435195	Group	PD	-0.068260634	0.068260634	0.224600543	146	49	0.761653209	0.948763496	1	0.919563912	0.036418081
d__Bacteria.p__Bacillota_A.c__Clostridia.o__TANB77.f__CAG.508.g__CAG.245.s__CAG.245.sp000435175	BMI	BMI	-0.068067033	0.068067033	0.06885301	146	30	0.32462193	0.764778595	1	0.890037633	0.05059163
d__Bacteria.p__Bacillota_A.c__Clostridia.o__Christensenellales.f__Aristaeellaceae.g__Fimadaptatus.s__Fimadaptatus.sp900553645	Group	PD	-0.067886786	0.067886786	0.088686155	146	17	0.445316804	0.828256066	1	0.719337468	0.143067318
d__Bacteria.p__Bacillota_A.c__Clostridia.o__Oscillospirales.f__Acutalibacteraceae.g__Pseudoruminococcus.s__Pseudoruminococcus.massiliensis	Sex_Male1_Female2	Female	0.06781257	0.06781257	0.24954625	146	23	0.786231336	0.952419978	1	0.951831626	0.021439869
d__Bacteria.p__Bacillota_A.c__Clostridia.o__Oscillospirales.f__Ruminococcaceae.g__Angelakisella.s__Angelakisella.sp900547385	BMI	BMI	0.067779247	0.067779247	0.081505737	146	40	0.40709887	0.799268358	1	0.890037633	0.05059163
d__Bacteria.p__Pseudomonadota.c__Gammaproteobacteria.o__Burkholderiales.f__Burkholderiaceae.g__Sutterella.s__Sutterella.wadsworthensis	Sex_Male1_Female2	Female	0.067566046	0.067566046	0.107199221	146	15	0.529565837	0.8550617	1	0.939697107	0.02701211
d__Bacteria.p__Bacillota_A.c__Clostridia.o__Lachnospirales.f__Lachnospiraceae.g__Brotaphodocola.s__	BMI	BMI	0.067381049	0.067381049	0.071976752	146	18	0.350855231	0.778422935	1	0.890037633	0.05059163
d__Bacteria.p__Bacillota_A.c__Clostridia.o__Oscillospirales.f__Acutalibacteraceae.g__Ruminococcus_E.s__Ruminococcus_E.bromii	Sex_Male1_Female2	Female	-0.067190877	0.067190877	0.484049552	146	92	0.889805691	0.977043509	1	0.978314865	0.009521348
d__Bacteria.p__Bacillota_A.c__Clostridia.o__Oscillospirales.f__Acutalibacteraceae.g__UMGS1264.s__UMGS1264.sp904399395	BMI	BMI	-0.067133218	0.067133218	0.069121238	146	27	0.33315365	0.769132502	1	0.890037633	0.05059163
d__Bacteria.p__Bacillota_A.c__Clostridia.o__Lachnospirales.f__Lachnospiraceae.g__JAGTTR01.s__JAGTTR01.sp018223385	Sex_Male1_Female2	Female	0.066938191	0.066938191	0.080872746	146	15	0.409291718	0.801440327	1	0.91661738	0.037811912
d__Bacteria.p__Bacillota_A.c__Clostridia.o__Lachnospirales.f__Lachnospiraceae.g__Brotaphodocola.s__Brotaphodocola.sp003478505	Age	Age	-0.066591093	0.066591093	0.040807476	146	22	0.105027541	0.538238329	1	0.491278333	0.308672389
d__Bacteria.p__Bacillota_A.c__Clostridia.o__Lachnospirales.f__Lachnospiraceae.g__Enterocloster.s__Enterocloster.sp001517625	Age	Age	0.066066712	0.066066712	0.103796908	146	24	0.525520534	0.854542086	2	0.814344179	0.089192004
d__Bacteria.p__Bacillota_A.c__Clostridia.o__Oscillospirales.f__Ruminococcaceae.g__Anaerotruncus.s__Anaerotruncus.colihominis	Age	Age	0.065729757	0.065729757	0.049033023	146	19	0.182311271	0.631337181	3	0.558888652	0.252674709
d__Bacteria.p__Bacillota_A.c__Clostridia.o__Oscillospirales.f__Acutalibacteraceae.g__Fimivicinus.s__Fimivicinus.sp900544375	Group	PD	0.06571995	0.06571995	0.255640508	146	26	0.797505888	0.952419978	1	0.923427871	0.034597022
d__Bacteria.p__Bacillota_A.c__Clostridia.o__Oscillospirales.f__Oscillospiraceae.g__Vescimonas.s__Vescimonas.sp000435975	Group	PD	0.065668778	0.065668778	0.216687069	146	27	0.762308638	0.948763496	2	0.919563912	0.036418081
d__Bacteria.p__Bacillota_A.c__Clostridia.o__Oscillospirales.f__Ruminococcaceae.g__Harryflintia.s__Harryflintia.acetispora	Age	Age	0.06540739	0.06540739	0.04167806	146	18	0.11889056	0.561073433	1	0.517727179	0.285899036
d__Bacteria.p__Bacillota_A.c__Clostridia.o__Oscillospirales.f__Ruminococcaceae.g__Ruminococcus_C.s__Ruminococcus_C.callidus	BMI	BMI	-0.065341785	0.065341785	0.104027551	146	20	0.530978696	0.8550617	1	0.890037633	0.05059163
d__Bacteria.p__Bacillota_A.c__Clostridia.o__Lachnospirales.f__Lachnospiraceae.g__Blautia_A.s__Blautia_A.sp900120195	Age	Age	-0.065151667	0.065151667	0.093616576	146	35	0.487653017	0.843386027	1	0.79128719	0.101665865
d__Bacteria.p__Bacillota_A.c__Clostridia.o__Christensenellales.f__Aristaeellaceae.g__Pullichristensenella.s__Pullichristensenella.stercoripullorum	BMI	BMI	0.06484229	0.06484229	0.076789656	146	49	0.399920832	0.795946936	1	0.890037633	0.05059163
d__Bacteria.p__Bacillota_A.c__Clostridia.o__Oscillospirales.f__CAG.272.g__UMGS911.s__UMGS911.sp003343545	Group	PD	-0.064819754	0.064819754	0.101682081	146	18	0.524887432	0.854542086	1	0.752137547	0.123702731
d__Bacteria.p__Bacillota_A.c__Clostridia.o__Oscillospirales.f__Ruminococcaceae.g__Faecalibacterium.s__Faecalibacterium.duncaniae	Age	Age	-0.064798377	0.064798377	0.15724717	146	105	0.680929743	0.924245416	1	0.91607095	0.038070889
d__Bacteria.p__Bacillota_A.c__Clostridia.o__Christensenellales.f__Aristaeellaceae.g__Ventricola.s__Ventricola.sp900548125	Age	Age	-0.064601448	0.064601448	0.052899864	146	24	0.224122163	0.684871009	2	0.597536578	0.223635504
d__Bacteria.p__Bacillota_A.c__Clostridia.o__Lachnospirales.f__Lachnospiraceae.g__Mediterraneibacter_A.s__Mediterraneibacter_A.butyricigenes	Age	Age	0.064353832	0.064353832	0.059640413	146	29	0.282484073	0.741396794	3	0.649916306	0.187142567
d__Bacteria.p__Bacillota_A.c__Clostridia.o__Lachnospirales.f__Lachnospiraceae.g__Jutongia.s__Jutongia.sp003524945	Sex_Male1_Female2	Female	-0.064258086	0.064258086	0.146405227	146	15	0.661426376	0.912791667	1	0.939697107	0.02701211
d__Bacteria.p__Bacillota_A.c__Clostridia.o__Lachnospirales.f__Lachnospiraceae.g__Gallintestinimicrobium.s__Gallintestinimicrobium.propionicum	Age	Age	0.064230111	0.064230111	0.095878276	146	75	0.504049057	0.846790416	1	0.798789608	0.097567594
d__Bacteria.p__Bacillota_A.c__Clostridia.o__Christensenellales.f__UMGS416.g__Parachristensenella.s__Parachristensenella.sp900542005	Group	PD	0.063911736	0.063911736	0.098247298	146	17	0.516454486	0.853105102	1	0.752137547	0.123702731
d__Bacteria.p__Bacillota_A.c__Clostridia.o__Christensenellales.f__Aristaeellaceae.g__Pullichristensenella.s__Pullichristensenella.excrementigallinarum	Age	Age	0.0636681	0.0636681	0.053881302	146	18	0.239412139	0.702275609	1	0.613288631	0.212335086
d__Bacteria.p__Bacillota_A.c__Clostridia.o__Oscillospirales.f__CAG.382.g__Woodwardibium.s__Woodwardibium.sp900760275	Group	PD	-0.063614193	0.063614193	0.119619954	146	25	0.595730398	0.878907964	1	0.79289384	0.100784956
d__Bacteria.p__Pseudomonadota.c__Gammaproteobacteria.o__Burkholderiales.f__Burkholderiaceae.g__Parasutterella.s__Parasutterella.sp900552195	BMI	BMI	-0.063279081	0.063279081	0.10166523	146	49	0.534703987	0.8550617	1	0.890037633	0.05059163
d__Bacteria.p__Bacillota_A.c__Clostridia.o__Lachnospirales.f__Lachnospiraceae.g__Otoolea.s__Otoolea.fessa	Sex_Male1_Female2	Female	-0.063149242	0.063149242	0.201887403	146	84	0.754916032	0.947444952	1	0.941128653	0.026351004
d__Bacteria.p__Bacillota_A.c__Clostridia.o__Oscillospirales.f__Oscillospiraceae.g__Lawsonibacter.s__Lawsonibacter.sp900066825	Sex_Male1_Female2	Female	0.063050605	0.063050605	0.112421659	146	16	0.575829202	0.872786714	2	0.939697107	0.02701211
d__Bacteria.p__Bacillota_A.c__Clostridia.o__Clostridiales.f__Clostridiaceae.g__Clostridium.s__Clostridium.sp900540255	Sex_Male1_Female2	Female	-0.063050098	0.063050098	0.12128841	146	19	0.604022884	0.88635819	3	0.939697107	0.02701211
d__Bacteria.p__Bacillota_A.c__Clostridia.o__Lachnospirales.f__Lachnospiraceae.g__Eubacterium_F.s__Eubacterium_F.sp900539115	Age	Age	0.063048286	0.063048286	0.078966729	146	31	0.426021246	0.817970668	1	0.746807524	0.126791315
d__Bacteria.p__Bacillota_A.c__Clostridia.o__Oscillospirales.f__Oscillospiraceae.g__HGM13006.s__HGM13006.sp900756575	BMI	BMI	0.06301136	0.06301136	0.054919536	146	20	0.25325565	0.714780817	1	0.890037633	0.05059163
d__Bacteria.p__Bacillota_A.c__Clostridia.o__Lachnospirales.f__Lachnospiraceae.g__Choladousia.s__Choladousia.sp902363135	Group	PD	-0.062989378	0.062989378	0.202634551	146	100	0.756388975	0.948000146	1	0.919563912	0.036418081
d__Bacteria.p__Bacillota_A.c__Clostridia.o__Lachnospirales.f__Lachnospiraceae.g__Lachnoclostridium_B.s__Lachnoclostridium_B.acetigenes	Age	Age	0.062799737	0.062799737	0.055880875	146	19	0.263071502	0.728805493	1	0.64336044	0.191545647
d__Bacteria.p__Bacillota_A.c__Clostridia.o__Lachnospirales.f__Lachnospiraceae.g__Blautia_A.s__Blautia_A.acetigignens	BMI	BMI	0.062612348	0.062612348	0.111400986	146	56	0.575010623	0.872786714	1	0.890037633	0.05059163
d__Bacteria.p__Desulfobacterota.c__Desulfovibrionia.o__Desulfovibrionales.f__Desulfovibrionaceae.g__Bilophila.s__Bilophila.wadsworthia	BMI	BMI	0.062585767	0.062585767	0.096734568	146	92	0.518732456	0.853349411	2	0.890037633	0.05059163
d__Bacteria.p__Bacillota.c__Bacilli.o__Lactobacillales.f__Streptococcaceae.g__Streptococcus.s__Streptococcus.parasanguinis_G	Sex_Male1_Female2	Female	0.062570069	0.062570069	0.237941069	146	57	0.792975852	0.952419978	1	0.953526743	0.020667122
d__Bacteria.p__Bacillota_A.c__Clostridia.o__Oscillospirales.f__Oscillospiraceae.g__Intestinimonas.s__Intestinimonas.massiliensis	Sex_Male1_Female2	Female	0.062568911	0.062568911	0.13081019	146	30	0.633191665	0.904062938	2	0.939697107	0.02701211
d__Bacteria.p__Bacillota_I.c__Bacilli_A.o__Erysipelotrichales.f__Erysipelotrichaceae.g__Clostridium_AQ.s__Clostridium_AQ.innocuum	Sex_Male1_Female2	Female	-0.062371047	0.062371047	0.180972268	146	34	0.730894235	0.944435075	3	0.939697107	0.02701211
d__Bacteria.p__Bacillota.c__Bacilli.o__MOL361.f__Turicibacteraceae.g__Turicibacter.s__Turicibacter.sanguinis	Sex_Male1_Female2	Female	0.062291283	0.062291283	0.135789956	146	21	0.647158446	0.90820735	4	0.939697107	0.02701211
d__Bacteria.p__Bacteroidota.c__Bacteroidia.o__Bacteroidales.f__Bacteroidaceae.g__Bacteroides.s__Bacteroides.sp900557355	Age	Age	0.062066565	0.062066565	0.097809531	146	23	0.526777787	0.854728383	1	0.814344179	0.089192004
d__Bacteria.p__Bacillota_A.c__Clostridia.o__Lachnospirales.f__Lachnospiraceae.g__Blautia.s__Blautia.stercoris	BMI	BMI	-0.061772943	0.061772943	0.114999706	146	35	0.592036643	0.877885861	1	0.890037633	0.05059163
d__Bacteria.p__Bacillota_A.c__Clostridia.o__Oscillospirales.f__Oscillospiraceae.g__HGM13006.s__HGM13006.sp900757695	BMI	BMI	-0.061593938	0.061593938	0.067309541	146	25	0.361766749	0.780024156	2	0.890037633	0.05059163
d__Bacteria.p__Bacillota_A.c__Clostridia.o__Lachnospirales.f__Lachnospiraceae.g__Frisingicoccus.s__Frisingicoccus.sp900549105	BMI	BMI	0.061510153	0.061510153	0.066450243	146	16	0.356263745	0.779469944	3	0.890037633	0.05059163
d__Bacteria.p__Bacteroidota.c__Bacteroidia.o__Bacteroidales.f__Bacteroidaceae.g__Bacteroides.s__Bacteroides.zhangwenhongii	BMI	BMI	-0.061498584	0.061498584	0.07290722	146	23	0.400419748	0.795946936	4	0.890037633	0.05059163
d__Bacteria.p__Bacteroidota.c__Bacteroidia.o__Bacteroidales.f__Tannerellaceae.g__Parabacteroides.s__Parabacteroides.merdae	Age	Age	-0.061484723	0.061484723	0.109454669	146	79	0.575219867	0.872786714	1	0.860528921	0.065234529
d__Bacteria.p__Bacillota_A.c__Clostridia.o__Oscillospirales.f__Oscillospiraceae.g__Vescimonas.s__Vescimonas.sp000435975	BMI	BMI	0.061314603	0.061314603	0.100416416	146	27	0.542481259	0.860522725	1	0.890037633	0.05059163
d__Bacteria.p__Bacillota_A.c__Clostridia.o__Oscillospirales.f__Ruminococcaceae.g__Faecalibacterium.s__Faecalibacterium.sp905215595	BMI	BMI	0.061282047	0.061282047	0.155756131	146	108	0.694604231	0.926725666	2	0.944661754	0.024723667
d__Bacteria.p__Bacillota_A.c__Clostridia.o__Monoglobales.f__Monoglobaceae.g__Monoglobus.s__Monoglobus.pectinilyticus	BMI	BMI	-0.061089531	0.061089531	0.109771797	146	62	0.578774161	0.874592065	3	0.890037633	0.05059163
d__Bacteria.p__Bacillota_A.c__Clostridia.o__Lachnospirales.f__Lachnospiraceae.g__Acetatifactor.s__Acetatifactor.acetigignens	BMI	BMI	0.060936491	0.060936491	0.135773123	146	87	0.654282206	0.911365159	4	0.931684642	0.030731063
d__Bacteria.p__Bacillota_A.c__Clostridia.o__Christensenellales.f__Aristaeellaceae.g__RUG11247.s__RUG11247.sp902767315	Sex_Male1_Female2	Female	-0.060704131	0.060704131	0.079837985	146	17	0.448366649	0.828256066	1	0.939697107	0.02701211
d__Bacteria.p__Bacillota_A.c__Clostridia.o__Lachnospirales.f__Lachnospiraceae.g__Clostridium_AP.s__Clostridium_AP.scindens	BMI	BMI	-0.060447372	0.060447372	0.067419477	146	27	0.371524086	0.785345911	1	0.890037633	0.05059163
d__Bacteria.p__Bacillota_A.c__Clostridia.o__Oscillospirales.f__Ruminococcaceae.g__Harryflintia.s__Harryflintia.acetispora	Sex_Male1_Female2	Female	-0.060416123	0.060416123	0.086150224	146	18	0.484321516	0.841515665	1	0.939697107	0.02701211
d__Bacteria.p__Bacillota_A.c__Clostridia.o__Lachnospirales.f__Lachnospiraceae.g__V9D3004.s__V9D3004.sp900760345	Group	PD	-0.060364602	0.060364602	0.180647469	146	31	0.738775876	0.944435075	1	0.919563912	0.036418081
d__Bacteria.p__Bacillota_A.c__Clostridia.o__Peptostreptococcales.f__Anaerovoracaceae.g__UMGS973.s__UMGS973.sp900547295	Sex_Male1_Female2	Female	-0.06011416	0.06011416	0.134590478	146	23	0.655841826	0.911839564	1	0.939697107	0.02701211
d__Bacteria.p__Bacillota_A.c__Clostridia.o__Oscillospirales.f__Oscillospiraceae.g__Dysosmobacter.s__Dysosmobacter.faecalis	Group	PD	-0.060077435	0.060077435	0.151931611	146	30	0.69314942	0.926725666	1	0.872854826	0.059057983
d__Bacteria.p__Bacillota_A.c__Clostridia.o__Lachnospirales.f__Lachnospiraceae.g__Eubacterium_F.s__Eubacterium_F.sp900539115	BMI	BMI	0.059883587	0.059883587	0.079574471	146	31	0.453022333	0.828256066	1	0.890037633	0.05059163
d__Bacteria.p__Bacillota_A.c__Clostridia.o__Lachnospirales.f__Lachnospiraceae.g__Coprococcus_A.s__Coprococcus_A.catus_A	Sex_Male1_Female2	Female	-0.05963841	0.05963841	0.226875608	146	93	0.79304988	0.952419978	1	0.953526743	0.020667122
d__Bacteria.p__Pseudomonadota.c__Gammaproteobacteria.o__Enterobacterales.f__Enterobacteriaceae.g__Escherichia.s__Escherichia.coli_F	BMI	BMI	0.058577335	0.058577335	0.172416895	146	61	0.73457462	0.944435075	1	0.96059758	0.017458512
d__Bacteria.p__Bacillota_A.c__Clostridia.o__Oscillospirales.f__Oscillospiraceae.g__Faecousia.s__Faecousia.sp958436045	Age	Age	0.058127348	0.058127348	0.057440796	146	30	0.313357833	0.758549058	1	0.66212333	0.17906111
d__Bacteria.p__Bacillota_A.c__Clostridia.o__Oscillospirales.f__Ruminococcaceae.g__Hominimerdicola.s__Hominimerdicola.aceti	Age	Age	0.05810068	0.05810068	0.170808508	146	83	0.734267641	0.944435075	2	0.945032299	0.024553348
d__Bacteria.p__Bacillota_A.c__Clostridia.o__Oscillospirales.f__Oscillospiraceae.g__UBA738.s__UBA738.sp003522945	BMI	BMI	-0.057992991	0.057992991	0.088006148	146	41	0.511032258	0.848506391	1	0.890037633	0.05059163
d__Bacteria.p__Bacillota.c__Bacilli.o__Lactobacillales.f__Streptococcaceae.g__Streptococcus.s__Streptococcus.sp902463925	BMI	BMI	-0.057973318	0.057973318	0.106602917	146	23	0.587452384	0.875350014	2	0.890037633	0.05059163
d__Bacteria.p__Bacillota_A.c__Clostridia.o__Oscillospirales.f__Oscillospiraceae.g__Flavonifractor.s__Flavonifractor.plautii	Age	Age	-0.057954419	0.057954419	0.105423787	146	65	0.583407494	0.874852276	1	0.867576221	0.06169236
d__Bacteria.p__Bacillota_A.c__Clostridia.o__Lachnospirales.f__Lachnospiraceae.g__Blautia_A.s__Blautia_A.sp003474435	Age	Age	0.057942065	0.057942065	0.06391184	146	18	0.366225221	0.782675615	2	0.701515233	0.153962894
d__Bacteria.p__Bacillota_A.c__Clostridia.o__Lachnospirales.f__Lachnospiraceae.g__Schaedlerella.s__Schaedlerella.hominis	Sex_Male1_Female2	Female	0.057914076	0.057914076	0.083598798	146	15	0.489640146	0.843504431	1	0.939697107	0.02701211
d__Bacteria.p__Bacillota_A.c__Clostridia.o__Oscillospirales.f__Oscillospiraceae.g__Pseudoscilispira.s__Pseudoscilispira.sp018369915	Group	PD	-0.057833199	0.057833199	0.079123918	146	15	0.466085825	0.832111062	1	0.721580134	0.141715432
d__Bacteria.p__Bacillota.c__Bacilli.o__Lactobacillales.f__Streptococcaceae.g__Streptococcus.s__Streptococcus.thermophilus	Age	Age	-0.05779225	0.05779225	0.12811893	146	75	0.652648261	0.909936439	1	0.894104211	0.04861186
d__Bacteria.p__Bacillota_A.c__Clostridia.o__Oscillospirales.f__Butyricicoccaceae.g__Agathobaculum.s__Agathobaculum.butyriciproducens	Age	Age	-0.057769542	0.057769542	0.10862041	146	107	0.595699018	0.878907964	2	0.870279035	0.060341479
d__Bacteria.p__Bacillota_A.c__Clostridia.o__Lachnospirales.f__Lachnospiraceae.g__Alitiscatomonas.s__Alitiscatomonas.sp900066535	BMI	BMI	-0.057545656	0.057545656	0.078280217	146	40	0.463529842	0.832111062	1	0.890037633	0.05059163
d__Bacteria.p__Bacillota_A.c__Clostridia.o__Christensenellales.f__Aristaeellaceae.g__Faecivicinus.s__Faecivicinus.avistercoris	Age	Age	0.057505276	0.057505276	0.075685374	146	28	0.448692919	0.828256066	1	0.750328756	0.124748409
d__Bacteria.p__Bacteroidota.c__Bacteroidia.o__Bacteroidales.f__Bacteroidaceae.g__Bacteroides.s__Bacteroides.caccae	Age	Age	-0.057452827	0.057452827	0.14763401	146	86	0.69776857	0.926725666	2	0.92540938	0.033666103
d__Bacteria.p__Bacillota_A.c__Clostridia.o__Oscillospirales.f__Acutalibacteraceae.g__Fimivicinus.s__Fimivicinus.sp900544375	Age	Age	0.057399023	0.057399023	0.117563303	146	26	0.626166632	0.899851375	3	0.880399701	0.055320114
d__Bacteria.p__Bacillota_A.c__Clostridia.o__Lachnospirales.f__Lachnospiraceae.g__Oliverpabstia.s__Oliverpabstia.intestinalis	Sex_Male1_Female2	Female	-0.056839509	0.056839509	0.285883233	146	97	0.842699913	0.967351413	1	0.970648582	0.012937976
d__Bacteria.p__Actinomycetota.c__Actinomycetes.o__Actinomycetales.f__Bifidobacteriaceae.g__Bifidobacterium.s__Bifidobacterium.pseudocatenulatum	BMI	BMI	-0.056796486	0.056796486	0.117892622	146	26	0.63074756	0.903073232	1	0.92999127	0.031521128
d__Bacteria.p__Bacillota_A.c__Clostridia.o__Clostridiales.f__Clostridiaceae.g__Clostridium.s__Clostridium.saudiense	Age	Age	0.056311968	0.056311968	0.071461218	146	30	0.432063704	0.818470872	1	0.746807524	0.126791315
d__Bacteria.p__Bacillota_A.c__Clostridia.o__Oscillospirales.f__Oscillospiraceae.g__Lawsonibacter.s__Lawsonibacter.aceti	BMI	BMI	-0.056305042	0.056305042	0.04125281	146	15	0.174545282	0.627320209	1	0.868151148	0.061404656
d__Bacteria.p__Bacillota_A.c__Clostridia.o__Lachnospirales.f__Lachnospiraceae.g__Dorea_D.s__Dorea_D.sp900543415	Sex_Male1_Female2	Female	0.056233583	0.056233583	0.222450382	146	28	0.800810965	0.953073352	1	0.953526743	0.020667122
d__Bacteria.p__Bacillota_A.c__Clostridia.o__Lachnospirales.f__Lachnospiraceae.g__Brotaphodocola.s__Brotaphodocola.sp003480315	BMI	BMI	-0.055899949	0.055899949	0.044350022	146	21	0.209673769	0.669360918	1	0.868151148	0.061404656
d__Bacteria.p__Bacillota_A.c__Clostridia.o__Lachnospirales.f__Lachnospiraceae.g__Otoolea.s__Otoolea.fessa	BMI	BMI	0.055749296	0.055749296	0.098421485	146	84	0.572032209	0.872786714	2	0.890037633	0.05059163
d__Bacteria.p__Bacillota_A.c__Clostridia.o__Lachnospirales.f__Lachnospiraceae.g__Limivivens.s__Limivivens.sp905214955	BMI	BMI	-0.05564904	0.05564904	0.073638391	146	56	0.451131841	0.828256066	3	0.890037633	0.05059163
d__Bacteria.p__Bacillota_A.c__Clostridia.o__Oscillospirales.f__Acutalibacteraceae.g__Ruminococcus_E.s__Ruminococcus_E.bromii	Group	PD	0.055307879	0.055307879	0.509212194	146	92	0.913668267	0.97969322	1	0.976894097	0.010152515
d__Bacteria.p__Bacillota_A.c__Clostridia.o__Christensenellales.f__Aristaeellaceae.g__Faecivicinus.s__Faecivicinus.avistercoris	BMI	BMI	-0.055275133	0.055275133	0.076267862	146	28	0.469850475	0.833803453	1	0.890037633	0.05059163
d__Bacteria.p__Bacillota_A.c__Clostridia.o__Christensenellales.f__UBA1750.g__Spyradocola.s__Spyradocola.merdavium	Sex_Male1_Female2	Female	0.055207675	0.055207675	0.148060414	146	38	0.709823744	0.933699693	1	0.939697107	0.02701211
d__Bacteria.p__Bacillota_A.c__Clostridia.o__Oscillospirales.f__Acutalibacteraceae.g__UMGS1264.s__UMGS1264.sp904399395	Sex_Male1_Female2	Female	-0.054919302	0.054919302	0.141785172	146	27	0.699108796	0.927186843	2	0.939697107	0.02701211
d__Bacteria.p__Bacillota_A.c__Clostridia.o__TANB77.f__CAG.508.g__CAG.269.s__CAG.269.sp003525075	BMI	BMI	0.054521016	0.054521016	0.074760802	146	29	0.46708893	0.832111062	1	0.890037633	0.05059163
d__Bacteria.p__Bacillota_A.c__Clostridia.o__Oscillospirales.f__Oscillospiraceae.g__CAG.103.s__CAG.103.sp900317855	Age	Age	-0.054520788	0.054520788	0.167209868	146	36	0.744878612	0.944435075	1	0.945032299	0.024553348
d__Bacteria.p__Bacillota_A.c__Clostridia.o__Lachnospirales.f__Lachnospiraceae.g__Eubacterium_I.s__Eubacterium_I.ramulus_A	Age	Age	0.054413495	0.054413495	0.060961413	146	19	0.373653873	0.785345911	2	0.701515233	0.153962894
d__Bacteria.p__Bacillota_A.c__Clostridia.o__Lachnospirales.f__Lachnospiraceae.g__Butyribacter.s__Butyribacter.sp000436755	Group	PD	0.054081431	0.054081431	0.105623353	146	17	0.609466392	0.890392308	1	0.796994513	0.098544668
d__Bacteria.p__Bacteroidota.c__Bacteroidia.o__Bacteroidales.f__Marinifilaceae.g__Butyricimonas.s__Butyricimonas.paravirosa	BMI	BMI	-0.054021989	0.054021989	0.076728014	146	40	0.482592201	0.841515665	1	0.890037633	0.05059163
d__Bacteria.p__Bacteroidota.c__Bacteroidia.o__Bacteroidales.f__Marinifilaceae.g__Butyricimonas.s__Butyricimonas.paravirosa	Group	PD	0.053763616	0.053763616	0.165570224	146	40	0.745893523	0.944435075	1	0.919563912	0.036418081
d__Bacteria.p__Bacillota_A.c__Clostridia.o__Oscillospirales.f__Oscillospiraceae.g__HGM13006.s__HGM13006.sp900756575	Group	PD	0.053684152	0.053684152	0.118510038	146	20	0.651276042	0.909164835	2	0.828494013	0.081710626
d__Bacteria.p__Bacillota_A.c__Clostridia.o__Oscillospirales.f__Oscillospiraceae.g__Vescimonas.s__Vescimonas.sp900545585	Age	Age	-0.053659051	0.053659051	0.060231006	146	17	0.374562886	0.785345911	1	0.701515233	0.153962894
d__Bacteria.p__Bacillota_A.c__Clostridia.o__Lachnospirales.f__Lachnospiraceae.g__Dorea_D.s__Dorea_D.sp000433535	BMI	BMI	-0.053496625	0.053496625	0.108084656	146	42	0.621433283	0.898112707	1	0.92596035	0.033407609
d__Bacteria.p__Bacillota_A.c__Clostridia.o__Lachnospirales.f__Lachnospiraceae.g__Blautia_A.s__Blautia_A.sp003474435	Sex_Male1_Female2	Female	-0.0534502	0.0534502	0.132108341	146	18	0.686411821	0.92594417	1	0.939697107	0.02701211
d__Bacteria.p__Bacillota_A.c__Clostridia.o__Lachnospirales.f__Lachnospiraceae.g__Muricoprocola.s__Muricoprocola.aceti	Age	Age	-0.053431877	0.053431877	0.052158207	146	17	0.307455935	0.755774128	1	0.659839099	0.180561954
d__Bacteria.p__Bacillota_A.c__Clostridia.o__Oscillospirales.f__CAG.272.g__UMGS1696.s__UMGS1696.sp900753285	Age	Age	0.053279657	0.053279657	0.038944094	146	15	0.173534968	0.627073218	2	0.549378485	0.260128353
d__Bacteria.p__Bacillota_A.c__Clostridia.o__Lachnospirales.f__Lachnospiraceae.g__Mediterraneibacter.s__Mediterraneibacter.sp934330165	Age	Age	0.053249288	0.053249288	0.127532371	146	49	0.676945212	0.922322438	3	0.91607095	0.038070889
d__Bacteria.p__Bacteroidota.c__Bacteroidia.o__Bacteroidales.f__Rikenellaceae.g__Alistipes.s__Alistipes.dispar	Age	Age	0.05321349	0.05321349	0.084506564	146	20	0.529949607	0.8550617	4	0.814344179	0.089192004
d__Bacteria.p__Bacillota_A.c__Clostridia.o__Oscillospirales.f__Ruminococcaceae.g__UBA3818.s__UBA3818.sp900557155	BMI	BMI	-0.053026357	0.053026357	0.071288651	146	37	0.458264872	0.830869562	1	0.890037633	0.05059163
d__Bacteria.p__Bacillota_A.c__Clostridia.o__Lachnospirales.f__Lachnospiraceae.g__CAG.194.s__CAG.194.sp000432915	Age	Age	0.052859109	0.052859109	0.107990163	146	32	0.625289923	0.899455505	1	0.880399701	0.055320114
d__Bacteria.p__Bacillota_A.c__Clostridia.o__Lachnospirales.f__Lachnospiraceae.g__Eubacterium_I.s__Eubacterium_I.ramulus_A	BMI	BMI	0.052786526	0.052786526	0.061430583	146	19	0.391694046	0.795080451	1	0.890037633	0.05059163
d__Bacteria.p__Bacillota_A.c__Clostridia.o__TANB77.f__CAG.508.g__CAG.269.s__CAG.269.sp000431335	Age	Age	0.052571396	0.052571396	0.072333891	146	18	0.46860503	0.833180668	1	0.778925695	0.10850397
d__Bacteria.p__Bacillota_A.c__Clostridia.o__Christensenellales.f__QAND01.g__QAND01.s__QAND01.sp003150225	Age	Age	0.051846339	0.051846339	0.066515312	146	25	0.43706031	0.822443048	2	0.747998989	0.126098989
d__Bacteria.p__Bacillota_A.c__Clostridia.o__Oscillospirales.f__Ruminococcaceae.g__Negativibacillus.s__Negativibacillus.massiliensis	BMI	BMI	-0.051783813	0.051783813	0.078166873	146	25	0.508786211	0.846790416	1	0.890037633	0.05059163
d__Bacteria.p__Bacillota_A.c__Clostridia.o__Lachnospirales.f__Lachnospiraceae.g__Pararoseburia.s__Pararoseburia.lenta	Sex_Male1_Female2	Female	-0.051742742	0.051742742	0.116915495	146	18	0.658783251	0.912791667	1	0.939697107	0.02701211
d__Bacteria.p__Bacillota_A.c__Clostridia.o__Lachnospirales.f__Lachnospiraceae.g__Coprococcus_A.s__Coprococcus_A.catus	BMI	BMI	0.051699457	0.051699457	0.110670733	146	51	0.641142567	0.907248335	1	0.931684642	0.030731063
d__Bacteria.p__Bacillota_A.c__Clostridia.o__Oscillospirales.f__Oscillospiraceae.g__Onthomonas.s__Onthomonas.sp900545815	Age	Age	-0.051650646	0.051650646	0.068048894	146	27	0.449152575	0.828256066	1	0.750328756	0.124748409
d__Bacteria.p__Bacillota_I.c__Bacilli_A.o__Erysipelotrichales.f__Erysipelotrichaceae.g__Clostridium_AQ.s__Clostridium_AQ.innocuum	BMI	BMI	-0.051571951	0.051571951	0.088225214	146	34	0.559819534	0.867071454	1	0.890037633	0.05059163
d__Bacteria.p__Bacillota_A.c__Clostridia.o__Oscillospirales.f__Oscillospiraceae.g__CAG.170.s__CAG.170.sp002404795	Sex_Male1_Female2	Female	-0.051495507	0.051495507	0.182613666	146	44	0.778378667	0.952419978	1	0.950869038	0.021879294
d__Bacteria.p__Bacillota_A.c__Clostridia.o__Lachnospirales.f__Lachnospiraceae.g__Brotaphodocola.s__Brotaphodocola.sp003478505	BMI	BMI	-0.051329653	0.051329653	0.041121537	146	22	0.21408693	0.669360918	1	0.868151148	0.061404656
d__Bacteria.p__Bacillota_A.c__Clostridia.o__Lachnospirales.f__Lachnospiraceae.g__Blautia_A.s__Blautia_A.faecis	Group	PD	0.051250439	0.051250439	0.236340943	146	140	0.828650515	0.963947425	1	0.937460406	0.028047066
d__Bacteria.p__Bacillota_A.c__Clostridia.o__Oscillospirales.f__Ruminococcaceae.g__Harryflintia.s__Harryflintia.acetispora	BMI	BMI	-0.050606434	0.050606434	0.041998822	146	18	0.230315576	0.694661495	1	0.868151148	0.061404656
d__Bacteria.p__Bacillota_A.c__Clostridia.o__Peptostreptococcales.f__Anaerovoracaceae.g__Hominibacterium.s__Hominibacterium.hominis	BMI	BMI	0.050561448	0.050561448	0.078467735	146	42	0.520427512	0.853683725	2	0.890037633	0.05059163
d__Bacteria.p__Bacillota_A.c__Clostridia.o__Christensenellales.f__Aristaeellaceae.g__Faecivicinus.s__Faecivicinus.avistercoris	Sex_Male1_Female2	Female	0.050486983	0.050486983	0.156444708	146	28	0.747407038	0.944435075	1	0.939697107	0.02701211
d__Bacteria.p__Bacteroidota.c__Bacteroidia.o__Bacteroidales.f__Rikenellaceae.g__Alistipes.s__Alistipes.sp902363575	BMI	BMI	-0.050018812	0.050018812	0.109897831	146	26	0.649734843	0.909164835	1	0.931684642	0.030731063
d__Bacteria.p__Bacillota_A.c__Clostridia.o__Lachnospirales.f__Lachnospiraceae.g__Blautia_A.s__Blautia_A.sp900066205	Age	Age	0.049907158	0.049907158	0.141551918	146	44	0.724955584	0.943893433	1	0.942574416	0.025684352
d__Bacteria.p__Bacillota_A.c__Clostridia.o__Lachnospirales.f__Lachnospiraceae.g__Anthropogastromicrobium.s__Anthropogastromicrobium.sp934292725	BMI	BMI	-0.04987422	0.04987422	0.156607185	146	94	0.750619266	0.944435075	1	0.962055406	0.016799916
d__Bacteria.p__Bacillota_A.c__Clostridia.o__Oscillospirales.f__Ruminococcaceae.g__Ruthenibacterium.s__Ruthenibacterium.merdipullorum	Group	PD	-0.049680576	0.049680576	0.153254542	146	16	0.746307109	0.944435075	1	0.919563912	0.036418081
d__Bacteria.p__Bacillota_A.c__Clostridia.o__Oscillospirales.f__Ruminococcaceae.g__Porcipelethomonas.s__Porcipelethomonas.ammoniilytica	BMI	BMI	0.049646416	0.049646416	0.103069297	146	26	0.630807494	0.903073232	1	0.92999127	0.031521128
d__Bacteria.p__Bacillota_A.c__Clostridia.o__Lachnospirales.f__Lachnospiraceae.g__Blautia_A.s__Blautia_A.wexlerae_B	Sex_Male1_Female2	Female	0.049172745	0.049172745	0.30795746	146	138	0.873374922	0.975051406	1	0.978314865	0.009521348
d__Bacteria.p__Bacillota_A.c__Clostridia.o__Christensenellales.f__Aristaeellaceae.g__Pullichristensenella.s__Pullichristensenella.stercorigallinarum	Sex_Male1_Female2	Female	-0.049085873	0.049085873	0.12629785	146	23	0.698141594	0.926725666	2	0.939697107	0.02701211
d__Bacteria.p__Bacillota_A.c__Clostridia.o__Lachnospirales.f__Lachnospiraceae.g__Mediterraneibacter.s__Mediterraneibacter.sp900541505	BMI	BMI	-0.048870398	0.048870398	0.055255272	146	22	0.378015528	0.785345911	1	0.890037633	0.05059163
d__Bacteria.p__Bacillota_A.c__Clostridia.o__Lachnospirales.f__Lachnospiraceae.g__Roseburia_B.s__Roseburia_B.zhanii	BMI	BMI	0.048790313	0.048790313	0.055070093	146	20	0.377198922	0.785345911	2	0.890037633	0.05059163
d__Bacteria.p__Bacillota_A.c__Clostridia.o__Oscillospirales.f__Acutalibacteraceae.g__Clostridium_A.s__Clostridium_A.leptum	Age	Age	-0.048772963	0.048772963	0.107738261	146	66	0.651487101	0.909164835	1	0.894104211	0.04861186
d__Bacteria.p__Bacillota_A.c__Clostridia.o__Oscillospirales.f__Ruminococcaceae.g__Negativibacillus.s__Negativibacillus.faecipullorum	Sex_Male1_Female2	Female	0.048634091	0.048634091	0.098149866	146	17	0.621040951	0.898112707	1	0.939697107	0.02701211
d__Bacteria.p__Bacillota_A.c__Clostridia.o__Oscillospirales.f__Oscillospiraceae.g__HGM13006.s__HGM13006.sp900756575	Sex_Male1_Female2	Female	-0.048626716	0.048626716	0.112653883	146	20	0.666681468	0.917530336	2	0.939697107	0.02701211
d__Bacteria.p__Bacillota_A.c__Clostridia.o__Christensenellales.f__Aristaeellaceae.g__Ventricola.s__Ventricola.sp900548125	BMI	BMI	0.048533573	0.048533573	0.053306991	146	24	0.364193859	0.780564489	1	0.890037633	0.05059163
d__Bacteria.p__Actinomycetota.c__Actinomycetes.o__Actinomycetales.f__Bifidobacteriaceae.g__Bifidobacterium.s__Bifidobacterium.dentium	Sex_Male1_Female2	Female	-0.048496562	0.048496562	0.142702842	146	15	0.73449905	0.944435075	1	0.939697107	0.02701211
d__Bacteria.p__Bacillota_A.c__Clostridia.o__Lachnospirales.f__Lachnospiraceae.g__UBA4285.s__UBA4285.sp900545225	BMI	BMI	0.048475705	0.048475705	0.061394924	146	21	0.431152274	0.818470872	1	0.890037633	0.05059163
d__Bacteria.p__Actinomycetota.c__Coriobacteriia.o__Coriobacteriales.f__UMGS124.g__JAHZGC01.s__JAHZGC01.sp019421015	Age	Age	-0.048288341	0.048288341	0.055283998	146	22	0.383952263	0.789371308	1	0.70468894	0.152002545
d__Bacteria.p__Bacteroidota.c__Bacteroidia.o__Bacteroidales.f__Bacteroidaceae.g__Bacteroides.s__Bacteroides.fragilis	BMI	BMI	-0.048171366	0.048171366	0.137646973	146	69	0.726907747	0.944435075	1	0.958640723	0.018344126
d__Bacteria.p__Bacteroidota.c__Bacteroidia.o__Bacteroidales.f__Rikenellaceae.g__Alistipes_A.s__Alistipes_A.hominis	Sex_Male1_Female2	Female	-0.047929558	0.047929558	0.143466892	146	36	0.738833065	0.944435075	1	0.939697107	0.02701211
d__Bacteria.p__Bacillota_A.c__Clostridia.o__Oscillospirales.f__Oscillospiraceae.g__Scatomorpha.s__Scatomorpha.sp900545405	Group	PD	-0.047824475	0.047824475	0.234940989	146	27	0.839001994	0.967351413	1	0.937460406	0.028047066
d__Bacteria.p__Bacillota_A.c__Clostridia.o__Oscillospirales.f__CAG.382.g__Woodwardibium.s__Woodwardibium.gallinarum	Group	PD	-0.047549029	0.047549029	0.094875519	146	17	0.617059744	0.894513443	2	0.798562174	0.097691265
d__Bacteria.p__Bacillota_A.c__Clostridia.o__Oscillospirales.f__Oscillospiraceae.g__CAG.170.s__CAG.170.sp900545925	Age	Age	0.047302702	0.047302702	0.061246748	146	26	0.44125907	0.826187195	1	0.747998989	0.126098989
d__Bacteria.p__Bacillota_A.c__Clostridia.o__Lachnospirales.f__Lachnospiraceae.g__Blautia_A.s__Blautia_A.sp900548245	Sex_Male1_Female2	Female	-0.047277572	0.047277572	0.227443862	146	47	0.835645491	0.967351413	1	0.970648582	0.012937976
d__Bacteria.p__Bacillota_A.c__Clostridia.o__Oscillospirales.f__Oscillospiraceae.g__Dysosmobacter.s__Dysosmobacter.faecalis	Age	Age	-0.047193256	0.047193256	0.069869921	146	30	0.500540212	0.846790416	1	0.796604422	0.098757287
d__Bacteria.p__Bacillota_A.c__Clostridia.o__Oscillospirales.f__Oscillospiraceae.g__Evtepia.s__Evtepia.sp004556345	Sex_Male1_Female2	Female	-0.047113024	0.047113024	0.120827343	146	19	0.697205519	0.926725666	1	0.939697107	0.02701211
d__Bacteria.p__Bacillota_A.c__Clostridia.o__Oscillospirales.f__Acutalibacteraceae.g__Eubacterium_R.s__Eubacterium_R.sp000434995	Group	PD	0.047068187	0.047068187	0.179531651	146	25	0.793585463	0.952419978	1	0.923427871	0.034597022
d__Bacteria.p__Bacillota_A.c__Clostridia.o__Lachnospirales.f__Lachnospiraceae.g__JAGTTR01.s__JAGTTR01.sp018223385	Age	Age	-0.046856919	0.046856919	0.039124903	146	15	0.23314661	0.696797662	1	0.609768057	0.21483533
d__Bacteria.p__Bacillota_A.c__Clostridia.o__Lachnospirales.f__Lachnospiraceae.g__Blautia_A.s__Blautia_A.sp934394595	Group	PD	-0.046824775	0.046824775	0.171282935	146	53	0.784978323	0.952419978	1	0.923213499	0.034697854
d__Bacteria.p__Bacillota_A.c__Clostridia.o__Lachnospirales.f__Lachnospiraceae.g__Eubacterium_I.s__Eubacterium_I.ramulus_A	Sex_Male1_Female2	Female	0.046798154	0.046798154	0.12600969	146	19	0.710928463	0.933699693	1	0.939697107	0.02701211
d__Bacteria.p__Bacillota_A.c__Clostridia.o__Lachnospirales.f__Lachnospiraceae.g__Eubacterium_G.s__Eubacterium_G.segne	Age	Age	0.046608432	0.046608432	0.054991847	146	27	0.3981768	0.795946936	1	0.721964343	0.141484251
d__Bacteria.p__Bacillota_A.c__Clostridia.o__Lachnospirales.f__Lachnospiraceae.g__Ruminococcus_B.s__Ruminococcus_B.gnavus	BMI	BMI	-0.046576403	0.046576403	0.153650203	146	49	0.762251923	0.948763496	1	0.962055406	0.016799916
d__Bacteria.p__Bacillota_A.c__Clostridia.o__Clostridiales.f__Clostridiaceae.g__Clostridium.s__Clostridium.saudiense	Group	PD	0.046566112	0.046566112	0.155391875	146	30	0.764887231	0.950391443	1	0.919563912	0.036418081
d__Bacteria.p__Bacillota_A.c__Clostridia.o__Lachnospirales.f__Lachnospiraceae.g__Butyribacter.s__Butyribacter.sp000436755	Sex_Male1_Female2	Female	0.046394338	0.046394338	0.100403991	146	17	0.644764708	0.907248335	1	0.939697107	0.02701211
d__Bacteria.p__Bacteroidota.c__Bacteroidia.o__Bacteroidales.f__Bacteroidaceae.g__Bacteroides.s__Bacteroides.faecis	Sex_Male1_Female2	Female	0.046378156	0.046378156	0.170812227	146	20	0.786406344	0.952419978	2	0.951831626	0.021439869
d__Bacteria.p__Bacillota_A.c__Clostridia.o__Oscillospirales.f__Ruminococcaceae.g__Anaerotruncus.s__Anaerotruncus.massiliensis	BMI	BMI	-0.046352341	0.046352341	0.062807576	146	20	0.461782603	0.832111062	1	0.890037633	0.05059163
d__Bacteria.p__Bacillota_A.c__Clostridia.o__Lachnospirales.f__Lachnospiraceae.g__Frisingicoccus.s__Frisingicoccus.sp900549105	Sex_Male1_Female2	Female	0.045907915	0.045907915	0.136306285	146	16	0.736787069	0.944435075	1	0.939697107	0.02701211
d__Bacteria.p__Bacteroidota.c__Bacteroidia.o__Bacteroidales.f__Rikenellaceae.g__Alistipes.s__Alistipes.communis	Group	PD	0.045522065	0.045522065	0.268613216	146	88	0.865678249	0.973558915	1	0.948681468	0.022879583
d__Bacteria.p__Bacillota_A.c__Clostridia.o__Lachnospirales.f__Lachnospiraceae.g__Fusicatenibacter.s__Fusicatenibacter.saccharivorans	Age	Age	0.045301505	0.045301505	0.142158744	146	132	0.750466825	0.944435075	1	0.945032299	0.024553348
d__Bacteria.p__Bacillota_A.c__Clostridia.o__Lachnospirales.f__Lachnospiraceae.g__Blautia_A.s__Blautia_A.sp900120195	Sex_Male1_Female2	Female	-0.045238817	0.045238817	0.193509224	146	35	0.815506389	0.958697639	1	0.959117577	0.01812815
d__Bacteria.p__Bacillota_A.c__Clostridia.o__Oscillospirales.f__Oscillospiraceae.g__Vescimonas.s__Vescimonas.cirricatena	BMI	BMI	0.045181942	0.045181942	0.119253367	146	38	0.705372627	0.93218856	1	0.95238037	0.021189565
d__Bacteria.p__Bacillota_A.c__Clostridia.o__Lachnospirales.f__Lachnospiraceae.g__Butyribacter.s__Butyribacter.sp000436755	BMI	BMI	0.045053716	0.045053716	0.04894763	146	17	0.358968835	0.779469944	2	0.890037633	0.05059163
d__Bacteria.p__Bacillota.c__Bacilli.o__Lactobacillales.f__Streptococcaceae.g__Streptococcus.s__Streptococcus.thermophilus	BMI	BMI	-0.04500201	0.04500201	0.129104956	146	75	0.727951779	0.944435075	3	0.958640723	0.018344126
d__Bacteria.p__Bacillota_A.c__Clostridia.o__Lachnospirales.f__Lachnospiraceae.g__Blautia_A.s__Blautia_A.hydrogenotrophica	Age	Age	0.044916817	0.044916817	0.082637319	146	29	0.587646836	0.875350014	1	0.868695323	0.061132517
d__Bacteria.p__Actinomycetota.c__Coriobacteriia.o__Coriobacteriales.f__QAMH01.g__QAMH01.s__QAMH01.sp900544245	Age	Age	0.044787733	0.044787733	0.091207738	146	33	0.624181208	0.899455505	2	0.880399701	0.055320114
d__Bacteria.p__Bacillota_A.c__Clostridia.o__Oscillospirales.f__Ruminococcaceae.g__Gemmiger.s__Gemmiger.sp900540595	Group	PD	0.044740227	0.044740227	0.218550947	146	28	0.838102393	0.967351413	1	0.937460406	0.028047066
d__Bacteria.p__Pseudomonadota.c__Alphaproteobacteria.o__RF32.f__CAG.239.g__Scatacola_A.s__Scatacola_A.faecigallinarum	Age	Age	-0.044539005	0.044539005	0.113955459	146	26	0.696522854	0.926725666	1	0.92540938	0.033666103
d__Bacteria.p__Bacillota_A.c__Clostridia.o__Christensenellales.f__QAND01.g__UMGS1975.s__UMGS1975.sp959600905	Sex_Male1_Female2	Female	0.044377496	0.044377496	0.135885638	146	33	0.744487819	0.944435075	1	0.939697107	0.02701211
d__Bacteria.p__Bacillota_A.c__Clostridia.o__Christensenellales.f__CAG.138.g__UBA1685.s__UBA1685.sp002320595	Age	Age	0.044295896	0.044295896	0.075114793	146	19	0.556363969	0.866098332	1	0.842429653	0.074466355
d__Bacteria.p__Bacillota_A.c__Clostridia.o__Christensenellales.f__Aristaeellaceae.g__Limiplasma.s__Limiplasma.sp900548145	Group	PD	0.044064265	0.044064265	0.141895635	146	17	0.756625785	0.948000146	1	0.919563912	0.036418081
d__Bacteria.p__Bacillota_A.c__Clostridia.o__Oscillospirales.f__Oscillospiraceae.g__Evtepia.s__Evtepia.excrementipullorum	Group	PD	-0.043949568	0.043949568	0.238890148	146	33	0.854307903	0.968949676	2	0.943495727	0.025260062
d__Bacteria.p__Bacteroidota.c__Bacteroidia.o__Bacteroidales.f__Rikenellaceae.g__Alistipes.s__Alistipes.finegoldii	Age	Age	-0.04371603	0.04371603	0.132651782	146	87	0.742243409	0.944435075	1	0.945032299	0.024553348
d__Bacteria.p__Bacillota_A.c__Clostridia.o__Lachnospirales.f__Lachnospiraceae.g__Lachnospira.s__Lachnospira.hominis	Sex_Male1_Female2	Female	-0.043494192	0.043494192	0.155789295	146	35	0.780526189	0.952419978	1	0.950869038	0.021879294
d__Bacteria.p__Bacillota_I.c__Bacilli_A.o__Erysipelotrichales.f__Coprobacillaceae.g__Allocoprobacillus.s__Allocoprobacillus.merdigallinarum	Age	Age	-0.043409026	0.043409026	0.042643869	146	15	0.310512517	0.757099566	1	0.659839099	0.180561954
d__Bacteria.p__Bacillota_A.c__Clostridia.o__Lachnospirales.f__Lachnospiraceae.g__Enterocloster.s__Enterocloster.sp001517625	Group	PD	0.04329941	0.04329941	0.225705585	146	24	0.848153498	0.968708374	1	0.941274208	0.026283841
d__Bacteria.p__Bacteroidota.c__Bacteroidia.o__Bacteroidales.f__Rikenellaceae.g__Alistipes.s__Alistipes.senegalensis	Group	PD	0.043225489	0.043225489	0.151417012	146	29	0.775715998	0.951566471	2	0.919563912	0.036418081
d__Bacteria.p__Bacillota_A.c__Clostridia.o__Oscillospirales.f__Oscillospiraceae.g__F23.B02.s__F23.B02.sp001916715	BMI	BMI	-0.043005724	0.043005724	0.145509464	146	36	0.768022413	0.95093265	1	0.962055406	0.016799916
d__Bacteria.p__Bacillota_A.c__Clostridia.o__Lachnospirales.f__Lachnospiraceae.g__Scatomonas.s__Scatomonas.merdavium	Age	Age	-0.042994085	0.042994085	0.054597877	146	19	0.432378161	0.818470872	1	0.746807524	0.126791315
d__Bacteria.p__Bacillota_A.c__Clostridia.o__Christensenellales.f__Aristaeellaceae.g__Ventricola.s__Ventricola.sp900542395	Group	PD	0.042659901	0.042659901	0.205021126	146	42	0.835481193	0.967351413	1	0.937460406	0.028047066
d__Bacteria.p__Bacillota_A.c__Clostridia.o__Lachnospirales.f__Lachnospiraceae.g__Limivivens.s__Limivivens.sp934393555	BMI	BMI	-0.042613729	0.042613729	0.06693968	146	34	0.525456144	0.854542086	1	0.890037633	0.05059163
d__Bacteria.p__Bacillota_A.c__Clostridia.o__Christensenellales.f__Aristaeellaceae.g__Faecivicinus.s__Faecivicinus.sp900553265	Age	Age	0.042280199	0.042280199	0.044285661	146	17	0.341415568	0.776819252	1	0.692394217	0.159646568
d__Bacteria.p__Pseudomonadota.c__Gammaproteobacteria.o__Burkholderiales.f__Burkholderiaceae.g__Sutterella.s__Sutterella.wadsworthensis	BMI	BMI	-0.04222379	0.04222379	0.052260351	146	15	0.420529885	0.813858613	1	0.890037633	0.05059163
d__Bacteria.p__Bacillota_A.c__Clostridia.o__Christensenellales.f__CAG.138.g__Phil1.s__Phil1.sp001940855	Group	PD	-0.041872022	0.041872022	0.188015817	146	21	0.8240994	0.962203745	1	0.937460406	0.028047066
d__Bacteria.p__Bacillota_A.c__Clostridia.o__Christensenellales.f__Aristaeellaceae.g__Pullichristensenella.s__Pullichristensenella.stercorigallinarum	Age	Age	0.041798355	0.041798355	0.06110082	146	23	0.495083429	0.844758714	1	0.79128719	0.101665865
d__Bacteria.p__Bacillota_A.c__Clostridia.o__Peptostreptococcales.f__Anaerovoracaceae.g__UMGS973.s__UMGS973.sp900547295	Group	PD	0.041763572	0.041763572	0.141586976	146	23	0.768468427	0.95093265	1	0.919563912	0.036418081
d__Bacteria.p__Bacillota_A.c__Clostridia.o__Christensenellales.f__QAND01.g__UMGS1975.s__UMGS1975.sp959600905	Age	Age	-0.041582232	0.041582232	0.065739234	146	33	0.528100712	0.8550202	1	0.814344179	0.089192004
d__Bacteria.p__Bacillota_A.c__Clostridia.o__Lachnospirales.f__Lachnospiraceae.g__Blautia_A.s__Blautia_A.ammoniilytica	Age	Age	0.041232272	0.041232272	0.086648438	146	56	0.634939701	0.904062938	2	0.886600396	0.052272079
d__Bacteria.p__Bacillota_A.c__Clostridia.o__Christensenellales.f__Aristaeellaceae.g__Egerieenecus.s__Egerieenecus.merdigallinarum	BMI	BMI	0.041106596	0.041106596	0.0934966	146	37	0.660882142	0.912791667	1	0.932451226	0.030373876
d__Bacteria.p__Bacteroidota.c__Bacteroidia.o__Bacteroidales.f__Bacteroidaceae.g__Bacteroides.s__Bacteroides.clarus	Age	Age	-0.04108535	0.04108535	0.09671448	146	23	0.671645976	0.918448245	1	0.91607095	0.038070889
d__Bacteria.p__Bacillota_A.c__Clostridia.o__Peptostreptococcales.f__Anaerovoracaceae.g__Lentihominibacter.s__Lentihominibacter.faecis	Age	Age	0.040984742	0.040984742	0.083726721	146	71	0.625272034	0.899455505	2	0.880399701	0.055320114
d__Bacteria.p__Bacteroidota.c__Bacteroidia.o__Bacteroidales.f__Tannerellaceae.g__Parabacteroides.s__Parabacteroides.johnsonii	BMI	BMI	-0.040789511	0.040789511	0.062607512	146	16	0.515815811	0.853105102	1	0.890037633	0.05059163
d__Bacteria.p__Bacillota_A.c__Clostridia.o__Oscillospirales.f__CAG.272.g__UMGS911.s__UMGS911.sp003343545	Sex_Male1_Female2	Female	0.040665622	0.040665622	0.096657476	146	18	0.674624463	0.921678719	1	0.939697107	0.02701211
d__Bacteria.p__Bacillota_A.c__Clostridia.o__Oscillospirales.f__Oscillospiraceae.g__Vescimonas.s__Vescimonas.sp900552475	BMI	BMI	0.040264366	0.040264366	0.052659871	146	18	0.445827332	0.828256066	1	0.890037633	0.05059163
d__Bacteria.p__Bacillota_A.c__Clostridia.o__Lachnospirales.f__Lachnospiraceae.g__Alitiscatomonas.s__Alitiscatomonas.sp900066785	Sex_Male1_Female2	Female	-0.03987746	0.03987746	0.137331184	146	24	0.771972129	0.951293497	1	0.948357917	0.023027726
d__Bacteria.p__Bacteroidota.c__Bacteroidia.o__Bacteroidales.f__Rikenellaceae.g__Alistipes.s__Alistipes.senegalensis	BMI	BMI	-0.039873834	0.039873834	0.070169179	146	29	0.57080036	0.872786714	1	0.890037633	0.05059163
d__Bacteria.p__Bacillota_A.c__Clostridia.o__Oscillospirales.f__Ruminococcaceae.g__Avimicrobium.s__Avimicrobium.caecorum	Sex_Male1_Female2	Female	0.03987283	0.03987283	0.117185422	146	26	0.734190095	0.944435075	1	0.939697107	0.02701211
d__Bacteria.p__Actinomycetota.c__Coriobacteriia.o__Coriobacteriales.f__Eggerthellaceae.g__CAJFUR01.s__CAJFUR01.sp904420575	BMI	BMI	-0.039847511	0.039847511	0.071550082	146	31	0.578498958	0.874592065	1	0.890037633	0.05059163
d__Bacteria.p__Bacillota_A.c__Clostridia.o__Lachnospirales.f__Lachnospiraceae.g__Blautia_A.s__Blautia_A.ammoniilytica	BMI	BMI	0.03967189	0.03967189	0.0873153	146	56	0.650299746	0.909164835	2	0.931684642	0.030731063
d__Bacteria.p__Bacillota_A.c__Clostridia.o__Lachnospirales.f__Lachnospiraceae.g__Coprococcus_A.s__Coprococcus_A.catus_A	Age	Age	-0.039606345	0.039606345	0.109758683	146	93	0.718771994	0.939111706	1	0.939932608	0.026903284
d__Bacteria.p__Bacillota_A.c__Clostridia.o__Oscillospirales.f__CAG.382.g__Woodwardibium.s__Woodwardibium.sp900760275	Age	Age	0.039587823	0.039587823	0.055010519	146	25	0.472980943	0.836382376	2	0.782720675	0.106393194
d__Bacteria.p__Bacillota_A.c__Clostridia.o__Lachnospirales.f__Lachnospiraceae.g__Eisenbergiella.s__Eisenbergiella.tayi	BMI	BMI	-0.039585174	0.039585174	0.088565041	146	38	0.655613747	0.911839564	1	0.931684642	0.030731063
d__Bacteria.p__Bacillota_A.c__Clostridia.o__Christensenellales.f__QAND01.g__QAND01.s__QAND01.sp003150225	BMI	BMI	-0.039193988	0.039193988	0.067027226	146	25	0.559686496	0.867071454	2	0.890037633	0.05059163
d__Bacteria.p__Bacillota_A.c__Clostridia.o__Oscillospirales.f__Acutalibacteraceae.g__Eubacterium_R.s__Eubacterium_R.sp000434995	Age	Age	-0.039049847	0.039049847	0.082562557	146	25	0.636990772	0.904974544	1	0.886600396	0.052272079
d__Bacteria.p__Bacillota_A.c__Clostridia.o__Lachnospirales.f__Lachnospiraceae.g__AF33.28.s__AF33.28.sp003477885	Age	Age	0.03890856	0.03890856	0.049064739	146	16	0.42915645	0.817970668	2	0.746807524	0.126791315
d__Bacteria.p__Bacillota_A.c__Clostridia.o__Christensenellales.f__Aristaeellaceae.g__Egerieenecus.s__Egerieenecus.sp900553315	Sex_Male1_Female2	Female	-0.038712708	0.038712708	0.094722691	146	18	0.683406187	0.924245416	1	0.939697107	0.02701211
d__Bacteria.p__Bacillota_A.c__Clostridia.o__Oscillospirales.f__Ruminococcaceae.g__Ruminiclostridium_E.s__Ruminiclostridium_E.siraeum	BMI	BMI	-0.038678238	0.038678238	0.162580523	146	72	0.812315119	0.958378089	1	0.962055406	0.016799916
d__Bacteria.p__Bacillota.c__Bacilli.o__Lactobacillales.f__Streptococcaceae.g__Streptococcus.s__Streptococcus.mutans	Sex_Male1_Female2	Female	-0.038317171	0.038317171	0.19369311	146	24	0.843478046	0.967351413	1	0.970648582	0.012937976
d__Bacteria.p__Bacillota_A.c__Clostridia.o__Lachnospirales.f__Lachnospiraceae.g__Agathobacter.s__Agathobacter.sp000434275	Age	Age	-0.038273121	0.038273121	0.072741043	146	17	0.59963694	0.882732809	1	0.872623407	0.059173142
d__Bacteria.p__Bacillota_A.c__Clostridia.o__Lachnospirales.f__Lachnospiraceae.g__Gallintestinimicrobium.s__Gallintestinimicrobium.propionicum	BMI	BMI	0.038168161	0.038168161	0.096616172	146	75	0.693425346	0.926725666	1	0.944661754	0.024723667
d__Bacteria.p__Bacillota_A.c__Clostridia.o__Lachnospirales.f__Lachnospiraceae.g__Mediterraneibacter_A.s__Mediterraneibacter_A.butyricigenes	Group	PD	-0.038025545	0.038025545	0.129687624	146	29	0.769809529	0.95093265	1	0.919563912	0.036418081
d__Bacteria.p__Bacillota_A.c__Clostridia.o__Christensenellales.f__Aristaeellaceae.g__Pullichristensenella.s__Pullichristensenella.excrementigallinarum	Sex_Male1_Female2	Female	-0.037963324	0.037963324	0.111374817	146	18	0.733734273	0.944435075	1	0.939697107	0.02701211
d__Bacteria.p__Bacillota_A.c__Clostridia.o__Lachnospirales.f__Lachnospiraceae.g__Lachnoclostridium_B.s__Lachnoclostridium_B.acetigenes	BMI	BMI	-0.037633999	0.037633999	0.056310944	146	19	0.505059012	0.846790416	1	0.890037633	0.05059163
d__Bacteria.p__Bacillota_A.c__Clostridia.o__Lachnospirales.f__Lachnospiraceae.g__Blautia_A.s__Blautia_A.luti	BMI	BMI	-0.037623021	0.037623021	0.079720642	146	37	0.63772896	0.905163685	2	0.931684642	0.030731063
d__Bacteria.p__Actinomycetota.c__Coriobacteriia.o__Coriobacteriales.f__Eggerthellaceae.g__Anaerotardibacter.s__Anaerotardibacter.sp000436075	Sex_Male1_Female2	Female	0.037116779	0.037116779	0.220770828	146	37	0.866735833	0.973558915	1	0.978314865	0.009521348
d__Bacteria.p__Bacillota_A.c__Clostridia.o__Lachnospirales.f__Lachnospiraceae.g__Muricoprocola.s__Muricoprocola.aceti	BMI	BMI	-0.037099931	0.037099931	0.052559626	146	17	0.481480292	0.841515665	1	0.890037633	0.05059163
d__Bacteria.p__Bacillota_A.c__Clostridia.o__Oscillospirales.f__Ruminococcaceae.g__Anaerotruncus.s__Anaerotruncus.colihominis	BMI	BMI	-0.036957839	0.036957839	0.04941039	146	19	0.455765437	0.828256066	2	0.890037633	0.05059163
d__Bacteria.p__Bacillota_A.c__Clostridia.o__Oscillospirales.f__Ruminococcaceae.g__Ruminococcus_C.s__Ruminococcus_C.sp000980705	Group	PD	0.036948345	0.036948345	0.170596102	146	15	0.828857286	0.963947425	1	0.937460406	0.028047066
d__Bacteria.p__Bacillota_A.c__Clostridia.o__Lachnospirales.f__Lachnospiraceae.g__Pararoseburia.s__Pararoseburia.lenta	BMI	BMI	0.036837904	0.036837904	0.056997101	146	18	0.519166554	0.853349411	1	0.890037633	0.05059163
d__Bacteria.p__Bacillota_A.c__Clostridia.o__TANB77.f__CAG.508.g__CAG.273.s__CAG.273.sp000438355	Group	PD	0.03661464	0.03661464	0.180670491	146	40	0.83970384	0.967351413	1	0.937460406	0.028047066
d__Bacteria.p__Bacillota_A.c__Clostridia.o__Lachnospirales.f__Lachnospiraceae.g__Massilistercora.s__Massilistercora.sp902406105	Sex_Male1_Female2	Female	0.036360701	0.036360701	0.083604509	146	15	0.664314812	0.915115064	1	0.939697107	0.02701211
d__Bacteria.p__Bacillota_A.c__Clostridia.o__Lachnospirales.f__Lachnospiraceae.g__Eisenbergiella.s__Eisenbergiella.porci	BMI	BMI	-0.036239185	0.036239185	0.0541939	146	19	0.504823546	0.846790416	1	0.890037633	0.05059163
d__Bacteria.p__Bacillota_A.c__Clostridia.o__Oscillospirales.f__Ruminococcaceae.g__Negativibacillus.s__Negativibacillus.faecipullorum	Age	Age	-0.036021602	0.036021602	0.047483289	146	17	0.449394763	0.828256066	1	0.750328756	0.124748409
d__Bacteria.p__Bacillota_A.c__Clostridia.o__Lachnospirales.f__Lachnospiraceae.g__Coprococcus_A.s__Coprococcus_A.catus	Group	PD	0.036007674	0.036007674	0.238814706	146	51	0.880375335	0.977043509	1	0.957152254	0.019018974
d__Bacteria.p__Bacteroidota.c__Bacteroidia.o__Bacteroidales.f__Rikenellaceae.g__Alistipes.s__Alistipes.senegalensis	Age	Age	0.035926526	0.035926526	0.069633269	146	29	0.606734723	0.889006019	1	0.878723227	0.056147894
d__Bacteria.p__Bacillota_A.c__Clostridia.o__Lachnospirales.f__Lachnospiraceae.g__Ventrisoma.s__Ventrisoma.faecale	BMI	BMI	-0.035812583	0.035812583	0.06866077	146	20	0.60280612	0.885852609	1	0.901797956	0.044890754
d__Bacteria.p__Actinomycetota.c__Coriobacteriia.o__Coriobacteriales.f__Eggerthellaceae.g__Adlercreutzia.s__Adlercreutzia.equolifaciens	BMI	BMI	-0.035619208	0.035619208	0.100235144	146	118	0.722873084	0.942823133	2	0.958640723	0.018344126
d__Bacteria.p__Bacillota_A.c__Clostridia.o__Lachnospirales.f__Lachnospiraceae.g__Eubacterium_G.s__Eubacterium_G.segne	BMI	BMI	-0.035530062	0.035530062	0.055415074	146	27	0.522496178	0.854542086	3	0.890037633	0.05059163
d__Bacteria.p__Bacillota_A.c__Clostridia.o__Lachnospirales.f__Lachnospiraceae.g__Blautia_A.s__Blautia_A.sp900066205	Sex_Male1_Female2	Female	-0.035431749	0.035431749	0.292593502	146	44	0.903794145	0.97969322	1	0.978314865	0.009521348
d__Bacteria.p__Actinomycetota.c__Coriobacteriia.o__Coriobacteriales.f__QAMH01.g__QAMH01.s__QAMH01.sp900544245	Sex_Male1_Female2	Female	-0.035416941	0.035416941	0.18853006	146	33	0.851267714	0.968708374	2	0.973621178	0.011609988
d__Bacteria.p__Bacillota_A.c__Clostridia.o__Oscillospirales.f__Oscillospiraceae.g__Onthomonas.s__Onthomonas.sp003150485	BMI	BMI	0.035344713	0.035344713	0.08821108	146	32	0.689282018	0.926725666	1	0.944661754	0.024723667
d__Bacteria.p__Bacillota_A.c__Clostridia.o__Lachnospirales.f__Lachnospiraceae.g__Blautia_A.s__Blautia_A.sp934394595	BMI	BMI	0.035252407	0.035252407	0.07937538	146	53	0.657659748	0.912791667	2	0.931684642	0.030731063
d__Bacteria.p__Bacillota_A.c__Clostridia.o__Oscillospirales.f__Ruminococcaceae.g__Faecalibacterium.s__Faecalibacterium.sp900539885	Sex_Male1_Female2	Female	0.03510899	0.03510899	0.245885397	146	53	0.88667053	0.977043509	1	0.978314865	0.009521348
d__Bacteria.p__Bacillota_A.c__Clostridia.o__Lachnospirales.f__Lachnospiraceae.g__Ruminococcus_B.s__Ruminococcus_B.gnavus	Sex_Male1_Female2	Female	-0.034977911	0.034977911	0.315175496	146	49	0.911796488	0.97969322	2	0.978314865	0.009521348
d__Bacteria.p__Bacillota_A.c__Clostridia.o__Lachnospirales.f__Lachnospiraceae.g__Blautia.s__Blautia.celeris	Age	Age	-0.034617377	0.034617377	0.067877013	146	25	0.610877109	0.891582591	1	0.878723227	0.056147894
d__Bacteria.p__Bacillota_A.c__Clostridia.o__Lachnospirales.f__Lachnospiraceae.g__Blautia_A.s__Blautia_A.acetigignens	Sex_Male1_Female2	Female	-0.034118601	0.034118601	0.228511647	146	56	0.881531841	0.977043509	1	0.978314865	0.009521348
d__Bacteria.p__Bacillota.c__Bacilli.o__Lactobacillales.f__Streptococcaceae.g__Streptococcus.s__Streptococcus.sp001556435	Age	Age	-0.034055559	0.034055559	0.139317184	146	113	0.807253662	0.956176942	1	0.959715001	0.017857717
d__Bacteria.p__Bacillota_A.c__Clostridia.o__Christensenellales.f__Aristaeellaceae.g__Pullichristensenella.s__Pullichristensenella.stercorigallinarum	BMI	BMI	-0.033595106	0.033595106	0.061571063	146	23	0.586213158	0.875224436	1	0.890037633	0.05059163
d__Bacteria.p__Bacillota_A.c__Clostridia.o__Oscillospirales.f__Acutalibacteraceae.g__Acutalibacter.s__Acutalibacter.sp900548545	Age	Age	-0.033434818	0.033434818	0.065191557	146	24	0.60887404	0.890392308	1	0.878723227	0.056147894
d__Bacteria.p__Actinomycetota.c__Actinomycetes.o__Actinomycetales.f__Bifidobacteriaceae.g__Bifidobacterium.s__Bifidobacterium.dentium	BMI	BMI	-0.033432188	0.033432188	0.069568609	146	15	0.631598349	0.90331848	1	0.92999127	0.031521128
d__Bacteria.p__Actinomycetota.c__Actinomycetes.o__Actinomycetales.f__Bifidobacteriaceae.g__Bifidobacterium.s__Bifidobacterium.bifidum	Age	Age	0.033284936	0.033284936	0.134840954	146	25	0.805399711	0.9547369	1	0.959715001	0.017857717
d__Bacteria.p__Bacteroidota.c__Bacteroidia.o__Bacteroidales.f__Bacteroidaceae.g__Bacteroides.s__Bacteroides.faecis	Age	Age	-0.033087011	0.033087011	0.082636142	146	20	0.689494635	0.926725666	2	0.924268794	0.03420171
d__Bacteria.p__Actinomycetota.c__Coriobacteriia.o__Coriobacteriales.f__Eggerthellaceae.g__Gordonibacter.s__Gordonibacter.urolithinfaciens	Age	Age	0.03302981	0.03302981	0.061981358	146	20	0.594973126	0.878907964	3	0.870279035	0.060341479
d__Bacteria.p__Bacillota_I.c__Bacilli_A.o__Erysipelotrichales.f__Erysipelotrichaceae.g__Longicatena.s__Longicatena.caecimuris	Sex_Male1_Female2	Female	-0.033021503	0.033021503	0.163530033	146	28	0.840273743	0.967351413	1	0.970648582	0.012937976
d__Bacteria.p__Bacillota_A.c__Clostridia.o__Lachnospirales.f__Lachnospiraceae.g__Blautia_A.s__Blautia_A.luti	Age	Age	-0.032947928	0.032947928	0.079111783	146	37	0.677720411	0.922538431	1	0.91607095	0.038070889
d__Bacteria.p__Bacillota_A.c__Clostridia.o__Oscillospirales.f__Oscillospiraceae.g__Flavonifractor.s__Flavonifractor.plautii	BMI	BMI	-0.032611796	0.032611796	0.106235147	146	65	0.759330058	0.948763496	1	0.962055406	0.016799916
d__Bacteria.p__Bacillota_A.c__Clostridia.o__Christensenellales.f__Aristaeellaceae.g__Fimadaptatus.s__Fimadaptatus.sp900553645	Sex_Male1_Female2	Female	-0.032492626	0.032492626	0.084303742	146	17	0.700525992	0.928108595	1	0.939697107	0.02701211
d__Bacteria.p__Bacillota_A.c__Clostridia.o__Oscillospirales.f__UBA644.g__UBA644.s__UBA644.sp900547165	Sex_Male1_Female2	Female	0.032222595	0.032222595	0.101447968	146	15	0.751255174	0.944435075	2	0.939697107	0.02701211
d__Bacteria.p__Bacillota_A.c__Clostridia.o__Oscillospirales.f__Ruminococcaceae.g__Avimicrobium.s__Avimicrobium.caecorum	Group	PD	-0.031698261	0.031698261	0.123277142	146	26	0.797466974	0.952419978	1	0.923427871	0.034597022
d__Bacteria.p__Bacillota_A.c__Clostridia.o__Lachnospirales.f__Lachnospiraceae.g__Blautia_A.s__Blautia_A.sp900551715	BMI	BMI	-0.03144625	0.03144625	0.052174679	146	20	0.547704695	0.862490762	1	0.890037633	0.05059163
d__Bacteria.p__Bacillota_A.c__Clostridia.o__Oscillospirales.f__Oscillospiraceae.g__Scatomorpha.s__Scatomorpha.intestinigallinarum	Group	PD	0.031374175	0.031374175	0.187715819	146	23	0.867510861	0.973558915	1	0.948681468	0.022879583
d__Bacteria.p__Bacillota_A.c__Clostridia.o__Lachnospirales.f__Lachnospiraceae.g__Limivivens.s__Limivivens.sp934393555	Age	Age	-0.031230364	0.031230364	0.066428435	146	34	0.639011251	0.906124011	1	0.886600396	0.052272079
d__Bacteria.p__Bacillota_A.c__Clostridia.o__Christensenellales.f__Aristaeellaceae.g__Alectryocaccomicrobium.s__Alectryocaccomicrobium.faecavium	Sex_Male1_Female2	Female	0.03011784	0.03011784	0.127367216	146	23	0.813427933	0.958697639	1	0.959117577	0.01812815
d__Bacteria.p__Bacillota_A.c__Clostridia.o__Lachnospirales.f__CAG.274.g__CAG.274.s__CAG.274.sp900545305	BMI	BMI	-0.030075108	0.030075108	0.052733479	146	17	0.56939977	0.872786714	1	0.890037633	0.05059163
d__Bacteria.p__Bacteroidota.c__Bacteroidia.o__Bacteroidales.f__Rikenellaceae.g__Alistipes_A.s__Alistipes_A.hominis	BMI	BMI	-0.030061095	0.030061095	0.069941088	146	36	0.668017037	0.918448245	2	0.932451226	0.030373876
d__Bacteria.p__Bacillota_A.c__Clostridia.o__Oscillospirales.f__Oscillospiraceae.g__CAG.170.s__CAG.170.sp900553545	BMI	BMI	-0.030025385	0.030025385	0.05033371	146	17	0.551815319	0.862590435	3	0.890037633	0.05059163
d__Bacteria.p__Bacillota_G.c__DTU025.o__DTUO25.f__HGM14224.g__HGM14224.s__HGM14224.sp900761905	BMI	BMI	-0.029829812	0.029829812	0.049291373	146	19	0.54607248	0.862388588	4	0.890037633	0.05059163
d__Bacteria.p__Bacillota_A.c__Clostridia.o__Lachnospirales.f__CAG.274.g__CAG.274.s__CAG.274.sp900545305	Age	Age	-0.029799447	0.029799447	0.052330732	146	17	0.56999387	0.872786714	1	0.856135371	0.06745756
d__Bacteria.p__Bacillota_A.c__Clostridia.o__Christensenellales.f__QAND01.g__UMGS1975.s__UMGS1975.sp959600905	Group	PD	-0.029625857	0.029625857	0.142949464	146	33	0.836126902	0.967351413	1	0.937460406	0.028047066
d__Bacteria.p__Bacillota_A.c__Clostridia.o__Lachnospirales.f__Lachnospiraceae.g__Blautia_A.s__Blautia_A.luti	Sex_Male1_Female2	Female	0.029589469	0.029589469	0.163527234	146	37	0.85667996	0.970168978	1	0.976824101	0.010183634
d__Bacteria.p__Bacillota_A.c__Clostridia.o__Lachnospirales.f__Lachnospiraceae.g__Dorea_D.s__Dorea_D.sp900543415	BMI	BMI	0.029509953	0.029509953	0.108446078	146	28	0.785945221	0.952419978	1	0.962055406	0.016799916
d__Bacteria.p__Bacteroidota.c__Bacteroidia.o__Bacteroidales.f__Marinifilaceae.g__Odoribacter.s__Odoribacter.splanchnicus	Group	PD	-0.029227622	0.029227622	0.221770225	146	94	0.895343302	0.97969322	1	0.96779883	0.014214907
d__Bacteria.p__Bacillota_A.c__Clostridia.o__Oscillospirales.f__Ruminococcaceae.g__Anaerotruncus.s__Anaerotruncus.rubiinfantis	BMI	BMI	-0.029124365	0.029124365	0.043514346	146	19	0.504435649	0.846790416	1	0.890037633	0.05059163
d__Archaea.p__Methanobacteriota.c__Methanobacteria.o__Methanobacteriales.f__Methanobacteriaceae.g__Methanobrevibacter_A.s__Methanobrevibacter_A.smithii	BMI	BMI	0.029058927	0.029058927	0.16826222	146	55	0.863143797	0.973558915	2	0.966256934	0.014907377
d__Bacteria.p__Bacillota_A.c__Clostridia.o__Oscillospirales.f__Ruminococcaceae.g__Porcipelethomonas.s__Porcipelethomonas.sp900538575	BMI	BMI	-0.028942393	0.028942393	0.130794713	146	22	0.825205484	0.962203745	3	0.96417463	0.0158443
d__Bacteria.p__Bacillota_A.c__Clostridia.o__Oscillospirales.f__Ruminococcaceae.g__CAG.115.s__CAG.115.sp003531585	Sex_Male1_Female2	Female	0.028678632	0.028678632	0.132555072	146	20	0.829037105	0.963947425	1	0.968937117	0.013704407
d__Bacteria.p__Bacillota_A.c__Clostridia.o__Oscillospirales.f__Oscillospiraceae.g__Lawsonibacter.s__Lawsonibacter.aceti	Age	Age	0.028654196	0.028654196	0.040937746	146	15	0.48515684	0.841884469	1	0.79128719	0.101665865
d__Bacteria.p__Bacillota_A.c__Clostridia.o__Lachnospirales.f__Lachnospiraceae.g__Coprococcus_A.s__Coprococcus_A.catus	Age	Age	-0.028461968	0.028461968	0.109825497	146	51	0.795906513	0.952419978	2	0.956011665	0.019536809
d__Bacteria.p__Bacillota_A.c__Clostridia.o__Lachnospirales.f__Lachnospiraceae.g__Enterocloster.s__Enterocloster.sp900541315	BMI	BMI	0.028460564	0.028460564	0.076883826	146	35	0.711827049	0.933699693	1	0.953095911	0.020863394
d__Bacteria.p__Bacteroidota.c__Bacteroidia.o__Bacteroidales.f__Tannerellaceae.g__Parabacteroides.s__Parabacteroides.johnsonii	Sex_Male1_Female2	Female	-0.028457847	0.028457847	0.12842387	146	16	0.82496301	0.962203745	1	0.967198012	0.014484605
d__Bacteria.p__Bacillota_A.c__Clostridia.o__TANB77.f__CAG.508.g__CAG.269.s__CAG.269.sp000431335	BMI	BMI	0.028395823	0.028395823	0.072890586	146	18	0.697465548	0.926725666	1	0.945116358	0.02451472
d__Bacteria.p__Bacillota_A.c__Clostridia.o__TANB77.f__CAG.508.g__CAG.245.s__CAG.245.sp000435175	Age	Age	-0.028361671	0.028361671	0.068327152	146	30	0.678732756	0.923076548	1	0.91607095	0.038070889
d__Bacteria.p__Bacillota_A.c__Clostridia.o__Lachnospirales.f__Lachnospiraceae.g__CAG.194.s__CAG.194.sp000432915	BMI	BMI	0.028126133	0.028126133	0.108821275	146	32	0.79644134	0.952419978	1	0.962055406	0.016799916
d__Bacteria.p__Bacillota_A.c__Clostridia.o__Christensenellales.f__UBA1750.g__Spyradocola.s__Spyradocola.merdavium	Age	Age	0.028089184	0.028089184	0.07162919	146	38	0.695563328	0.926725666	1	0.92540938	0.033666103
d__Bacteria.p__Bacillota_A.c__Clostridia.o__Oscillospirales.f__Oscillospiraceae.g__Vescimonas.s__Vescimonas.sp900545585	Group	PD	-0.028078563	0.028078563	0.130971864	146	17	0.830566999	0.963947425	1	0.937460406	0.028047066
d__Bacteria.p__Bacteroidota.c__Bacteroidia.o__Bacteroidales.f__Rikenellaceae.g__Alistipes.s__Alistipes.putredinis	BMI	BMI	0.028072375	0.028072375	0.178793682	146	113	0.875469912	0.97533745	1	0.966256934	0.014907377
d__Bacteria.p__Bacillota_A.c__Clostridia.o__Oscillospirales.f__Oscillospiraceae.g__Pseudoscilispira.s__Pseudoscilispira.sp018369915	Age	Age	-0.028057381	0.028057381	0.036387305	146	15	0.441999403	0.826538883	1	0.747998989	0.126098989
d__Bacteria.p__Bacillota_A.c__Clostridia.o__Oscillospirales.f__UBA644.g__UBA644.s__UBA644.sp900547165	BMI	BMI	0.027982142	0.027982142	0.049456576	146	15	0.57246742	0.872786714	1	0.890037633	0.05059163
d__Bacteria.p__Bacillota.c__Bacilli.o__Lactobacillales.f__Streptococcaceae.g__Streptococcus.s__Streptococcus.parasanguinis_G	Age	Age	0.027980459	0.027980459	0.115111971	146	57	0.80831611	0.956677928	1	0.959715001	0.017857717
d__Bacteria.p__Pseudomonadota.c__Alphaproteobacteria.o__RF32.f__CAG.239.g__Scatacola_A.s__Scatacola_A.faecigallinarum	Group	PD	0.027839472	0.027839472	0.247795278	146	26	0.910712604	0.97969322	1	0.976894097	0.010152515
d__Bacteria.p__Bacillota_A.c__Clostridia.o__Peptostreptococcales.f__Anaerovoracaceae.g__Emergencia.s__Emergencia.timonensis	BMI	BMI	-0.027814229	0.027814229	0.039051194	146	15	0.477529831	0.841515665	1	0.890037633	0.05059163
d__Bacteria.p__Bacillota_A.c__Clostridia.o__Lachnospirales.f__Lachnospiraceae.g__JAGZHZ01.s__JAGZHZ01.sp018366495	BMI	BMI	-0.027724615	0.027724615	0.065049879	146	17	0.670631929	0.918448245	2	0.932451226	0.030373876
d__Bacteria.p__Bacillota_A.c__Clostridia.o__Christensenellales.f__Aristaeellaceae.g__Egerieenecus.s__Egerieenecus.sp900553315	BMI	BMI	-0.027594256	0.027594256	0.046177958	146	18	0.551124993	0.862590435	3	0.890037633	0.05059163
d__Bacteria.p__Bacillota_A.c__Clostridia.o__Oscillospirales.f__Oscillospiraceae.g__Hominicoprocola.s__Hominicoprocola.sp003522105	BMI	BMI	-0.027552695	0.027552695	0.067594158	146	16	0.684193994	0.924245416	4	0.944238206	0.024918431
d__Bacteria.p__Desulfobacterota.c__Desulfovibrionia.o__Desulfovibrionales.f__Desulfovibrionaceae.g__Bilophila.s__Bilophila.wadsworthia	Age	Age	0.027367282	0.027367282	0.095995768	146	92	0.77601009	0.951566471	1	0.956011665	0.019536809
d__Bacteria.p__Bacteroidota.c__Bacteroidia.o__Bacteroidales.f__Marinifilaceae.g__Odoribacter.s__Odoribacter.splanchnicus	Age	Age	-0.027180181	0.027180181	0.101987124	146	94	0.790253178	0.952419978	2	0.956011665	0.019536809
d__Bacteria.p__Bacillota_A.c__Clostridia.o__Clostridiales.f__Clostridiaceae.g__Clostridium.s__Clostridium.sp900540255	BMI	BMI	-0.026949254	0.026949254	0.059128927	146	19	0.649281506	0.909164835	1	0.931684642	0.030731063
d__Bacteria.p__Bacillota_A.c__Clostridia.o__UBA1381.f__UBA1381.g__Hominilimicola.s__Hominilimicola.fabiformis	Age	Age	-0.02688957	0.02688957	0.104099681	146	116	0.796561263	0.952419978	1	0.956011665	0.019536809
d__Bacteria.p__Bacillota_A.c__Clostridia.o__Christensenellales.f__UMGS416.g__Parachristensenella.s__Parachristensenella.sp900542005	BMI	BMI	-0.026884895	0.026884895	0.045529443	146	17	0.555839001	0.866098332	1	0.890037633	0.05059163
d__Bacteria.p__Desulfobacterota.c__Desulfovibrionia.o__Desulfovibrionales.f__Desulfovibrionaceae.g__Desulfovibrio.s__Desulfovibrio.sp018379785	Group	PD	0.026508475	0.026508475	0.129293946	146	23	0.837859229	0.967351413	1	0.937460406	0.028047066
d__Bacteria.p__Bacillota_A.c__Clostridia.o__Oscillospirales.f__Acutalibacteraceae.g__Hominenteromicrobium.s__Hominenteromicrobium.mulieris	BMI	BMI	-0.026224403	0.026224403	0.154870796	146	112	0.86578802	0.973558915	1	0.966256934	0.014907377
d__Bacteria.p__Bacillota_A.c__Clostridia.o__Lachnospirales.f__Lachnospiraceae.g__CAJJNI01.s__CAJJNI01.sp905193085	Age	Age	-0.026211423	0.026211423	0.043556463	146	16	0.548322248	0.862555292	1	0.837030696	0.077258615
d__Bacteria.p__Bacillota_A.c__Clostridia.o__Lachnospirales.f__Lachnospiraceae.g__Blautia_A.s__Blautia_A.sp900551715	Age	Age	0.026048338	0.026048338	0.0517762	146	20	0.615711417	0.894276	2	0.880399701	0.055320114
d__Bacteria.p__Bacillota_A.c__Clostridia.o__Oscillospirales.f__Oscillospiraceae.g__Lawsonibacter.s__Lawsonibacter.aceti	Group	PD	0.025971065	0.025971065	0.089018816	146	15	0.770923818	0.95093265	1	0.919563912	0.036418081
d__Bacteria.p__Bacillota_A.c__Clostridia.o__Oscillospirales.f__Oscillospiraceae.g__CAG.170.s__CAG.170.sp900545925	Group	PD	-0.025924119	0.025924119	0.133180587	146	26	0.845954392	0.968284446	2	0.941274208	0.026283841
d__Bacteria.p__Bacillota_A.c__Clostridia.o__Oscillospirales.f__Oscillospiraceae.g__Onthomonas.s__Onthomonas.sp900545815	Group	PD	-0.025921179	0.025921179	0.147971802	146	27	0.861201502	0.973079643	3	0.947321653	0.023502536
d__Bacteria.p__Desulfobacterota.c__Desulfovibrionia.o__Desulfovibrionales.f__Desulfovibrionaceae.g__Desulfovibrio.s__Desulfovibrio.sp018379785	BMI	BMI	-0.025534071	0.025534071	0.059916979	146	23	0.670666791	0.918448245	1	0.932451226	0.030373876
d__Bacteria.p__Bacillota_A.c__Clostridia.o__Oscillospirales.f__Ruminococcaceae.g__CAG.115.s__CAG.115.sp003531585	BMI	BMI	-0.02549716	0.02549716	0.064621501	146	20	0.693784553	0.926725666	2	0.944661754	0.024723667
d__Bacteria.p__Bacillota_A.c__Clostridia.o__Lachnospirales.f__Lachnospiraceae.g__CAJJNI01.s__CAJJNI01.sp905193085	BMI	BMI	-0.025331774	0.025331774	0.043891682	146	16	0.564797059	0.870171369	3	0.890037633	0.05059163
d__Bacteria.p__Verrucomicrobiota.c__Verrucomicrobiae.o__Verrucomicrobiales.f__Akkermansiaceae.g__Akkermansia.s__Akkermansia.biwaensis	Sex_Male1_Female2	Female	-0.025292115	0.025292115	0.302084781	146	20	0.933398017	0.988958916	1	0.982824682	0.007523946
d__Bacteria.p__Bacillota_A.c__Clostridia.o__Peptostreptococcales.f__Anaerovoracaceae.g__Fimisoma.s__Fimisoma.avicola	Group	PD	-0.025289578	0.025289578	0.138320006	146	20	0.855200672	0.969227429	1	0.943495727	0.025260062
d__Bacteria.p__Bacillota_G.c__DTU025.o__DTUO25.f__HGM14224.g__HGM14224.s__HGM14224.sp900761905	Sex_Male1_Female2	Female	0.025258999	0.025258999	0.101109095	146	19	0.803104075	0.953907899	1	0.953526743	0.020667122
d__Bacteria.p__Bacillota_I.c__Bacilli_A.o__Erysipelotrichales.f__Coprobacillaceae.g__Coprobacillus.s__Coprobacillus.cateniformis	Sex_Male1_Female2	Female	-0.025199411	0.025199411	0.107489089	146	15	0.814998372	0.958697639	2	0.959117577	0.01812815
d__Bacteria.p__Bacillota_A.c__Clostridia.o__Oscillospirales.f__Oscillospiraceae.g__CAG.170.s__CAG.170.sp900545925	Sex_Male1_Female2	Female	-0.025178497	0.025178497	0.126599489	146	26	0.842651221	0.967351413	3	0.970648582	0.012937976
d__Bacteria.p__Bacillota_I.c__Bacilli_A.o__Erysipelotrichales.f__Coprobacillaceae.g__Faecalibacillus.s__Faecalibacillus.faecis	BMI	BMI	0.024676248	0.024676248	0.078076649	146	30	0.752447893	0.945140258	1	0.962055406	0.016799916
d__Bacteria.p__Bacillota_A.c__Clostridia.o__Peptostreptococcales.f__Peptostreptococcaceae.g__Terrisporobacter.s__Terrisporobacter.sp900557165	Sex_Male1_Female2	Female	-0.024652795	0.024652795	0.152998747	146	26	0.872229575	0.975051406	1	0.978314865	0.009521348
d__Bacteria.p__Bacillota_A.c__Clostridia.o__Lachnospirales.f__Lachnospiraceae.g__Roseburia_D.s__Roseburia_D.yibonii	Age	Age	-0.024640723	0.024640723	0.070799811	146	20	0.728352958	0.944435075	1	0.942574416	0.025684352
d__Bacteria.p__Bacillota_A.c__Clostridia.o__Christensenellales.f__Aristaeellaceae.g__Pullichristensenella.s__Pullichristensenella.sp946496415	Age	Age	0.024196011	0.024196011	0.064019114	146	33	0.706057126	0.932269603	2	0.933093163	0.030074993
d__Bacteria.p__Bacillota_A.c__Clostridia.o__Peptostreptococcales.f__Peptostreptococcaceae.g__Intestinibacter.s__Intestinibacter.bartlettii	Age	Age	0.02419421	0.02419421	0.106571523	146	54	0.820746592	0.959500305	3	0.965280583	0.01534643
d__Bacteria.p__Bacillota_A.c__Clostridia.o__Oscillospirales.f__Oscillospiraceae.g__Lawsonibacter_A.s__Lawsonibacter_A.hominis	BMI	BMI	-0.024086708	0.024086708	0.064285573	146	31	0.708479892	0.933699693	1	0.953095911	0.020863394
d__Bacteria.p__Bacillota_A.c__Clostridia.o__Lachnospirales.f__Lachnospiraceae.g__Enterocloster.s__Enterocloster.bolteae	BMI	BMI	-0.024038825	0.024038825	0.088558587	146	34	0.786460051	0.952419978	2	0.962055406	0.016799916
d__Bacteria.p__Bacillota_A.c__Clostridia.o__Peptostreptococcales.f__Anaerovoracaceae.g__Lentihominibacter.s__Lentihominibacter.faecis	Sex_Male1_Female2	Female	0.023941586	0.023941586	0.173066497	146	71	0.890178313	0.977043509	1	0.978314865	0.009521348
d__Bacteria.p__Bacillota_I.c__Bacilli_A.o__Erysipelotrichales.f__Erysipelotrichaceae.g__Longicatena.s__Longicatena.caecimuris	Age	Age	0.023833191	0.023833191	0.079113137	146	28	0.763680519	0.949680845	1	0.955239178	0.019887874
d__Bacteria.p__Bacillota_A.c__Clostridia.o__Oscillospirales.f__Ruminococcaceae.g__CAG.115.s__CAG.115.sp003531585	Age	Age	-0.023712232	0.023712232	0.064127961	146	20	0.712133255	0.933699693	2	0.937809287	0.027885471
d__Bacteria.p__Verrucomicrobiota.c__Verrucomicrobiae.o__Verrucomicrobiales.f__Akkermansiaceae.g__Akkermansia.s__Akkermansia.muciniphila_F	BMI	BMI	0.023662891	0.023662891	0.138448789	146	22	0.864545101	0.973558915	1	0.966256934	0.014907377
d__Bacteria.p__Bacteroidota.c__Bacteroidia.o__Bacteroidales.f__Marinifilaceae.g__Odoribacter.s__Odoribacter.splanchnicus	Sex_Male1_Female2	Female	0.023611685	0.023611685	0.210811484	146	94	0.910985544	0.97969322	1	0.978314865	0.009521348
d__Bacteria.p__Pseudomonadota.c__Gammaproteobacteria.o__Burkholderiales.f__Burkholderiaceae.g__Parasutterella.s__Parasutterella.sp900552195	Sex_Male1_Female2	Female	-0.023594245	0.023594245	0.208541144	146	49	0.910086779	0.97969322	2	0.978314865	0.009521348
d__Bacteria.p__Bacillota_A.c__Clostridia.o__Christensenellales.f__CAG.314.g__CAG.314.s__CAG.314.sp000437915	BMI	BMI	-0.023510478	0.023510478	0.077447831	146	32	0.761922966	0.948763496	1	0.962055406	0.016799916
d__Bacteria.p__Bacillota_A.c__Clostridia.o__Christensenellales.f__Aristaeellaceae.g__Faecivicinus.s__Faecivicinus.sp900553265	Sex_Male1_Female2	Female	-0.023356969	0.023356969	0.09154024	146	17	0.798988685	0.952419978	1	0.953526743	0.020667122
d__Bacteria.p__Bacillota_A.c__Clostridia.o__Lachnospirales.f__Lachnospiraceae.g__Otoolea.s__Otoolea.symbiosa	BMI	BMI	-0.023331867	0.023331867	0.050267095	146	15	0.64327678	0.907248335	1	0.931684642	0.030731063
d__Bacteria.p__Bacillota_A.c__Clostridia.o__Oscillospirales.f__Oscillospiraceae.g__Evtepia.s__Evtepia.gabavorous	Age	Age	0.023323941	0.023323941	0.125220714	146	82	0.852516345	0.968708374	1	0.983449396	0.007247982
d__Bacteria.p__Bacillota_A.c__Clostridia.o__Lachnospirales.f__Lachnospiraceae.g__Pseudolachnospira.s__Pseudolachnospira.sp022867805	Age	Age	0.023179878	0.023179878	0.085251582	146	36	0.786111485	0.952419978	2	0.956011665	0.019536809
d__Bacteria.p__Bacillota_A.c__Clostridia.o__Oscillospirales.f__Acutalibacteraceae.g__UMGS1264.s__UMGS1264.sp904399395	Group	PD	0.022940937	0.022940937	0.149155677	146	27	0.877991231	0.976887985	1	0.957152254	0.019018974
d__Bacteria.p__Bacillota_A.c__Clostridia.o__Lachnospirales.f__Lachnospiraceae.g__AF33.28.s__AF33.28.sp003477885	BMI	BMI	-0.022881619	0.022881619	0.04944235	146	16	0.644251737	0.907248335	1	0.931684642	0.030731063
d__Bacteria.p__Bacillota_A.c__Clostridia.o__Oscillospirales.f__CAG.382.g__Woodwardibium.s__Woodwardibium.sp900760275	BMI	BMI	0.022666507	0.022666507	0.05543389	146	25	0.683261658	0.924245416	2	0.944238206	0.024918431
d__Bacteria.p__Bacillota_A.c__Clostridia.o__TANB77.f__CAG.508.g__CAG.269.s__CAG.269.sp003525075	Age	Age	0.022653301	0.022653301	0.074189824	146	29	0.7605722	0.948763496	1	0.954543633	0.020204215
d__Bacteria.p__Bacillota_A.c__Clostridia.o__Oscillospirales.f__Oscillospiraceae.g__HGM13006.s__HGM13006.sp900757695	Age	Age	-0.022327331	0.022327331	0.066795471	146	25	0.73869515	0.944435075	2	0.945032299	0.024553348
d__Bacteria.p__Bacillota_A.c__Clostridia.o__Lachnospirales.f__Lachnospiraceae.g__Schaedlerella.s__Schaedlerella.glycyrrhizinilytica_A	BMI	BMI	-0.022282498	0.022282498	0.082439976	146	42	0.787348785	0.952419978	1	0.962055406	0.016799916
d__Archaea.p__Methanobacteriota.c__Methanobacteria.o__Methanobacteriales.f__Methanobacteriaceae.g__Methanobrevibacter_A.s__Methanobrevibacter_A.smithii	Group	PD	-0.022081362	0.022081362	0.363090507	146	55	0.951595795	0.992657417	1	0.996622726	0.001469214
d__Bacteria.p__Bacillota_I.c__Bacilli_A.o__Erysipelotrichales.f__Coprobacillaceae.g__Thomasclavelia.s__Thomasclavelia.spiroformis	BMI	BMI	-0.02207598	0.02207598	0.061655345	146	21	0.720857582	0.941014784	1	0.958640723	0.018344126
d__Bacteria.p__Bacillota_A.c__Clostridia.o__Christensenellales.f__UBA1750.g__Spyradocola.s__Spyradocola.merdavium	BMI	BMI	-0.022016209	0.022016209	0.072180461	146	38	0.760820124	0.948763496	2	0.962055406	0.016799916
d__Bacteria.p__Bacillota_A.c__Clostridia.o__Christensenellales.f__Aristaeellaceae.g__Faecivicinus.s__Faecivicinus.sp900553265	Group	PD	-0.021835238	0.021835238	0.096298832	146	17	0.820962828	0.959500305	1	0.937460406	0.028047066
d__Bacteria.p__Bacteroidota.c__Bacteroidia.o__Bacteroidales.f__Rikenellaceae.g__Alistipes.s__Alistipes.communis	Sex_Male1_Female2	Female	0.021615012	0.021615012	0.255339736	146	88	0.932662567	0.988958916	1	0.982824682	0.007523946
d__Bacteria.p__Bacillota_A.c__Clostridia.o__Peptostreptococcales.f__Anaerovoracaceae.g__Fimisoma.s__Fimisoma.sp000435715	Age	Age	-0.021188464	0.021188464	0.081615819	146	25	0.795555492	0.952419978	1	0.956011665	0.019536809
d__Bacteria.p__Bacillota_A.c__Clostridia.o__Christensenellales.f__Aristaeellaceae.g__Alectryocaccomicrobium.s__Alectryocaccomicrobium.faecavium	BMI	BMI	0.021153585	0.021153585	0.062092386	146	23	0.733870786	0.944435075	1	0.96059758	0.017458512
d__Bacteria.p__Bacillota_A.c__Clostridia.o__Lachnospirales.f__Lachnospiraceae.g__Eubacterium_G.s__Eubacterium_G.sp000435815	BMI	BMI	0.021107574	0.021107574	0.064087077	146	24	0.742392003	0.944435075	2	0.961473725	0.01706258
d__Bacteria.p__Bacillota_A.c__Clostridia.o__Oscillospirales.f__Oscillospiraceae.g__UMGS1766.s__UMGS1766.sp959602365	Age	Age	-0.020940208	0.020940208	0.057200243	146	20	0.714869752	0.935647549	1	0.938109779	0.027746337
d__Bacteria.p__Bacillota_A.c__Clostridia.o__Lachnospirales.f__Lachnospiraceae.g__Schaedlerella.s__Schaedlerella.glycyrrhizinilytica_A	Sex_Male1_Female2	Female	-0.020915466	0.020915466	0.169105277	146	42	0.901748796	0.97969322	1	0.978314865	0.009521348
d__Bacteria.p__Bacillota_A.c__Clostridia.o__Lachnospirales.f__Lachnospiraceae.g__Mediterraneibacter.s__Mediterraneibacter.sp934330165	Sex_Male1_Female2	Female	0.020871944	0.020871944	0.263614534	146	49	0.937009017	0.988958916	2	0.982824682	0.007523946
d__Bacteria.p__Bacillota_A.c__Clostridia.o__Oscillospirales.f__Ruminococcaceae.g__Zongyangia.s__Zongyangia.gallinarum	Age	Age	0.020868336	0.020868336	0.061845423	146	23	0.736315003	0.944435075	1	0.945032299	0.024553348
d__Bacteria.p__Bacteroidota.c__Bacteroidia.o__Bacteroidales.f__Rikenellaceae.g__Alistipes.s__Alistipes.sp902363575	Age	Age	0.020753509	0.020753509	0.109058498	146	26	0.849360129	0.968708374	2	0.983449396	0.007247982
d__Bacteria.p__Bacillota_A.c__Clostridia.o__Lachnospirales.f__Lachnospiraceae.g__Hominiventricola.s__Hominiventricola.filiformis	BMI	BMI	-0.020268025	0.020268025	0.074403937	146	41	0.78572356	0.952419978	1	0.962055406	0.016799916
d__Bacteria.p__Bacillota_A.c__Clostridia.o__Lachnospirales.f__Lachnospiraceae.g__Scatomonas.s__Scatomonas.merdavium	BMI	BMI	0.020239079	0.020239079	0.055018072	146	19	0.713547741	0.934735044	2	0.953095911	0.020863394
d__Bacteria.p__Bacteroidota.c__Bacteroidia.o__Bacteroidales.f__Bacteroidaceae.g__Bacteroides.s__Bacteroides.zhangwenhongii	Age	Age	-0.020112224	0.020112224	0.072350398	146	23	0.781447112	0.952419978	1	0.956011665	0.019536809
d__Bacteria.p__Bacillota_A.c__Clostridia.o__Oscillospirales.f__Acutalibacteraceae.g__CAKTXU01.s__CAKTXU01.sp934615635	Age	Age	0.020005535	0.020005535	0.042907582	146	17	0.641784585	0.907248335	2	0.886600396	0.052272079
d__Bacteria.p__Bacillota_A.c__Clostridia.o__Lachnospirales.f__Lachnospiraceae.g__Hominiventricola.s__Hominiventricola.sp003480725	BMI	BMI	0.020004431	0.020004431	0.060350906	146	40	0.74080077	0.944435075	1	0.961473725	0.01706258
d__Bacteria.p__Bacillota_A.c__Clostridia.o__Oscillospirales.f__Acutalibacteraceae.g__UMGS1264.s__UMGS1264.sp904399395	Age	Age	-0.020001197	0.020001197	0.068593331	146	27	0.771043653	0.95093265	1	0.956011665	0.019536809
d__Bacteria.p__Bacillota_A.c__Clostridia.o__Oscillospirales.f__Ruminococcaceae.g__Faecalibacterium.s__Faecalibacterium.sp900758465	BMI	BMI	-0.019997592	0.019997592	0.079918581	146	36	0.802791288	0.953907899	1	0.962055406	0.016799916
d__Bacteria.p__Bacillota_A.c__Clostridia.o__Lachnospirales.f__Lachnospiraceae.g__Blautia_A.s__Blautia_A.hydrogenotrophica	BMI	BMI	-0.019992425	0.019992425	0.08327331	146	29	0.810628159	0.958378089	2	0.962055406	0.016799916
d__Bacteria.p__Bacillota_A.c__Clostridia.o__Oscillospirales.f__Ruminococcaceae.g__Gemmiger.s__Gemmiger.formicilis	BMI	BMI	-0.019752312	0.019752312	0.170548295	146	97	0.907968783	0.97969322	3	0.966256934	0.014907377
d__Bacteria.p__Bacillota_A.c__Clostridia.o__Oscillospirales.f__Acutalibacteraceae.g__Hominenteromicrobium.s__Hominenteromicrobium.sp900549945	BMI	BMI	-0.019594328	0.019594328	0.070671673	146	15	0.782002551	0.952419978	4	0.962055406	0.016799916
d__Bacteria.p__Bacillota_A.c__Clostridia.o__Lachnospirales.f__Lachnospiraceae.g__Eubacterium_G.s__Eubacterium_G.sp000435815	Group	PD	0.019233937	0.019233937	0.138292537	146	24	0.889591466	0.977043509	1	0.96436872	0.015756885
d__Bacteria.p__Bacteroidota.c__Bacteroidia.o__Bacteroidales.f__Coprobacteraceae.g__Coprobacter.s__Coprobacter.fastidiosus	Age	Age	-0.019175754	0.019175754	0.064389388	146	19	0.766303222	0.950571824	1	0.955324683	0.019849001
d__Bacteria.p__Bacillota_A.c__Clostridia.o__Oscillospirales.f__Oscillospiraceae.g__Lawsonibacter.s__Lawsonibacter.sp900066825	Age	Age	-0.019053862	0.019053862	0.054387747	146	16	0.726630266	0.944435075	2	0.942574416	0.025684352
d__Bacteria.p__Bacillota_A.c__Clostridia.o__Christensenellales.f__Aristaeellaceae.g__Faecivicinus.s__Faecivicinus.sp900553265	BMI	BMI	0.019033758	0.019033758	0.044626491	146	17	0.670408763	0.918448245	1	0.932451226	0.030373876
d__Bacteria.p__Bacillota_A.c__Clostridia.o__Lachnospirales.f__Lachnospiraceae.g__V9D3004.s__V9D3004.sp900760345	BMI	BMI	0.019023594	0.019023594	0.083715062	146	31	0.82057667	0.959500305	2	0.962055406	0.016799916
d__Bacteria.p__Bacillota_A.c__Clostridia.o__Oscillospirales.f__Acutalibacteraceae.g__Ruminococcus_E.s__Ruminococcus_E.intestinalis	Sex_Male1_Female2	Female	-0.018947882	0.018947882	0.290791448	146	19	0.948142535	0.99190296	1	0.985014745	0.006557268
d__Bacteria.p__Bacillota_A.c__Clostridia.o__Christensenellales.f__CAG.138.g__UBA1685.s__UBA1685.sp002320595	BMI	BMI	0.018867444	0.018867444	0.07569289	146	19	0.803533339	0.953907899	1	0.962055406	0.016799916
d__Bacteria.p__Bacillota_A.c__Clostridia.o__Oscillospirales.f__Acutalibacteraceae.g__Fimivicinus.s__Fimivicinus.sp900544375	BMI	BMI	-0.018773158	0.018773158	0.118468092	146	26	0.874324715	0.97533745	2	0.966256934	0.014907377
d__Bacteria.p__Actinomycetota.c__Coriobacteriia.o__Coriobacteriales.f__Eggerthellaceae.g__Anaerotardibacter.s__Anaerotardibacter.sp000435675	Group	PD	0.01850976	0.01850976	0.291111338	146	52	0.949395551	0.992107565	1	0.996622726	0.001469214
d__Bacteria.p__Bacteroidota.c__Bacteroidia.o__Bacteroidales.f__Rikenellaceae.g__Alistipes.s__Alistipes.communis	BMI	BMI	-0.018409845	0.018409845	0.124479862	146	88	0.882645337	0.977043509	1	0.966256934	0.014907377
d__Bacteria.p__Bacteroidota.c__Bacteroidia.o__Bacteroidales.f__Rikenellaceae.g__Alistipes.s__Alistipes.dispar	Sex_Male1_Female2	Female	-0.018353835	0.018353835	0.174678462	146	20	0.916473397	0.98106797	1	0.979317287	0.009076579
d__Bacteria.p__Bacillota_A.c__Clostridia.o__Oscillospirales.f__Ruminococcaceae.g__Zongyangia.s__Zongyangia.gallinarum	BMI	BMI	0.018269036	0.018269036	0.062321397	146	23	0.769860225	0.95093265	1	0.962055406	0.016799916
d__Bacteria.p__Bacteroidota.c__Bacteroidia.o__Bacteroidales.f__Bacteroidaceae.g__Bacteroides.s__Bacteroides.sp900557355	BMI	BMI	-0.01822024	0.01822024	0.098562291	146	23	0.853614118	0.96889736	2	0.966256934	0.014907377
d__Bacteria.p__Bacillota_A.c__Clostridia.o__Lachnospirales.f__Lachnospiraceae.g__Eubacterium_F.s__Eubacterium_F.sp000433735	BMI	BMI	-0.018194042	0.018194042	0.079652949	146	32	0.819665615	0.959500305	3	0.962055406	0.016799916
d__Bacteria.p__Bacillota_A.c__Clostridia.o__Oscillospirales.f__Ruminococcaceae.g__Gemmiger.s__Gemmiger.sp900540775	Age	Age	0.017947479	0.017947479	0.127175741	146	33	0.887981239	0.977043509	1	0.983449396	0.007247982
d__Bacteria.p__Bacillota_A.c__Clostridia.o__TANB77.f__CAG.508.g__CAG.269.s__CAG.269.sp000437215	Age	Age	0.017907238	0.017907238	0.055531667	146	16	0.74759266	0.944435075	2	0.945032299	0.024553348
d__Bacteria.p__Bacillota_A.c__Clostridia.o__Lachnospirales.f__Lachnospiraceae.g__Clostridium_AP.s__Clostridium_AP.scindens	Sex_Male1_Female2	Female	0.017745772	0.017745772	0.138294428	146	27	0.898086261	0.97969322	1	0.978314865	0.009521348
d__Bacteria.p__Bacillota_A.c__Clostridia.o__Christensenellales.f__UMGS416.g__Parachristensenella.s__Parachristensenella.sp900542005	Sex_Male1_Female2	Female	-0.017600843	0.017600843	0.093392423	146	17	0.850796097	0.968708374	2	0.973621178	0.011609988
d__Bacteria.p__Bacillota_A.c__Clostridia.o__Oscillospirales.f__Oscillospiraceae.g__Vescimonas.s__Vescimonas.sp000435555	BMI	BMI	-0.017531626	0.017531626	0.158342454	146	60	0.912001865	0.97969322	1	0.966256934	0.014907377
d__Bacteria.p__Bacillota_I.c__Bacilli_A.o__Erysipelotrichales.f__Coprobacillaceae.g__Thomasclavelia.s__Thomasclavelia.spiroformis	Age	Age	-0.017457194	0.017457194	0.061184458	146	21	0.775832498	0.951566471	1	0.956011665	0.019536809
d__Bacteria.p__Bacillota_A.c__Clostridia.o__Lachnospirales.f__Lachnospiraceae.g__Frisingicoccus.s__Frisingicoccus.sp900757195	Age	Age	0.017298559	0.017298559	0.072246534	146	17	0.811126515	0.958378089	2	0.960004167	0.017726882
d__Bacteria.p__Bacillota_A.c__Clostridia.o__Lachnospirales.f__Lachnospiraceae.g__Dorea_D.s__Dorea_D.sp900543415	Age	Age	0.017284556	0.017284556	0.107617832	146	28	0.87263849	0.975051406	3	0.983449396	0.007247982
d__Bacteria.p__Bacillota_A.c__Clostridia.o__Lachnospirales.f__Lachnospiraceae.g__UBA4285.s__UBA4285.sp900545225	Sex_Male1_Female2	Female	-0.017233764	0.017233764	0.125936545	146	21	0.891355825	0.977043509	1	0.978314865	0.009521348
d__Bacteria.p__Bacillota_A.c__Clostridia.o__Oscillospirales.f__Acutalibacteraceae.g__Fimenecus.s__Fimenecus.sp000432435	BMI	BMI	0.017129205	0.017129205	0.132652145	146	31	0.897446551	0.97969322	1	0.966256934	0.014907377
d__Bacteria.p__Bacteroidota.c__Bacteroidia.o__Bacteroidales.f__Rikenellaceae.g__Alistipes.s__Alistipes.onderdonkii	Age	Age	0.017065905	0.017065905	0.156948483	146	106	0.913572384	0.97969322	1	0.983449396	0.007247982
d__Bacteria.p__Bacillota_A.c__Clostridia.o__Lachnospirales.f__Lachnospiraceae.g__Limivivens.s__Limivivens.sp934393555	Sex_Male1_Female2	Female	0.016785411	0.016785411	0.137310245	146	34	0.902885901	0.97969322	1	0.978314865	0.009521348
d__Bacteria.p__Bacillota_A.c__Clostridia.o__Peptostreptococcales.f__Anaerovoracaceae.g__UMGS973.s__UMGS973.sp900547295	Age	Age	-0.016737226	0.016737226	0.065112657	146	23	0.797528448	0.952419978	1	0.956011665	0.019536809
d__Bacteria.p__Bacillota_A.c__Clostridia.o__Lachnospirales.f__Lachnospiraceae.g__Hungatella.s__Hungatella.effluvii	BMI	BMI	-0.016724681	0.016724681	0.07124001	146	16	0.814744012	0.958697639	1	0.962055406	0.016799916
d__Bacteria.p__Actinomycetota.c__Coriobacteriia.o__Coriobacteriales.f__Eggerthellaceae.g__Gordonibacter.s__Gordonibacter.pamelaeae	BMI	BMI	0.016574796	0.016574796	0.064899544	146	34	0.798806527	0.952419978	2	0.962055406	0.016799916
d__Bacteria.p__Bacillota_A.c__Clostridia.o__Oscillospirales.f__Acutalibacteraceae.g__UMGS1071.s__UMGS1071.sp934476545	Sex_Male1_Female2	Female	-0.016559275	0.016559275	0.110178189	146	19	0.880754235	0.977043509	1	0.978314865	0.009521348
d__Bacteria.p__Bacillota_A.c__Clostridia.o__Oscillospirales.f__Acutalibacteraceae.g__Eubacterium_R.s__Eubacterium_R.sp000434995	Sex_Male1_Female2	Female	0.016497421	0.016497421	0.170660123	146	25	0.923132137	0.984011036	2	0.982824682	0.007523946
d__Bacteria.p__Bacillota_A.c__Clostridia.o__Oscillospirales.f__Oscillospiraceae.g__Evtepia.s__Evtepia.sp004556345	BMI	BMI	0.016461704	0.016461704	0.058904153	146	19	0.780311843	0.952419978	1	0.962055406	0.016799916
d__Bacteria.p__Bacillota_A.c__Clostridia.o__Lachnospirales.f__Lachnospiraceae.g__Acetatifactor.s__Acetatifactor.acetigignens	Sex_Male1_Female2	Female	0.01641967	0.01641967	0.278505075	146	87	0.953073336	0.992657417	1	0.986824876	0.005759911
d__Bacteria.p__Bacillota_A.c__Clostridia.o__Oscillospirales.f__Ruminococcaceae.g__Porcipelethomonas.s__Porcipelethomonas.sp900538575	Age	Age	-0.016272903	0.016272903	0.129795781	146	22	0.900413299	0.97969322	1	0.983449396	0.007247982
d__Bacteria.p__Bacillota_A.c__Clostridia.o__TANB77.f__CAG.508.g__CAG.273.s__CAG.273.sp000438355	BMI	BMI	-0.016143059	0.016143059	0.083725731	146	40	0.847396327	0.968708374	1	0.966256934	0.014907377
d__Bacteria.p__Bacillota_A.c__Clostridia.o__Oscillospirales.f__Acutalibacteraceae.g__Anaeromassilibacillus.s__Anaeromassilibacillus.stercoravium	BMI	BMI	-0.016013208	0.016013208	0.0698758	146	26	0.819083612	0.959500305	2	0.962055406	0.016799916
d__Bacteria.p__Bacillota_A.c__Clostridia.o__Peptostreptococcales.f__Peptostreptococcaceae.g__Intestinibacter.s__Intestinibacter.bartlettii	Sex_Male1_Female2	Female	0.015975344	0.015975344	0.22028762	146	54	0.942294326	0.988958916	1	0.982824682	0.007523946
d__Bacteria.p__Bacteroidota.c__Bacteroidia.o__Bacteroidales.f__Rikenellaceae.g__Alistipes.s__Alistipes.shahii	Age	Age	0.015936568	0.015936568	0.135438077	146	88	0.906505258	0.97969322	1	0.983449396	0.007247982
d__Bacteria.p__Bacteroidota.c__Bacteroidia.o__Bacteroidales.f__Rikenellaceae.g__Alistipes_A.s__Alistipes_A.ihumii	Age	Age	-0.015889637	0.015889637	0.084350275	146	51	0.85086206	0.968708374	2	0.983449396	0.007247982
d__Bacteria.p__Bacillota_A.c__Clostridia.o__Lachnospirales.f__Lachnospiraceae.g__Blautia_A.s__Blautia_A.sp000436615	Age	Age	0.015779655	0.015779655	0.125889183	146	41	0.900435051	0.97969322	3	0.983449396	0.007247982
d__Bacteria.p__Bacillota_A.c__Clostridia.o__Lachnospirales.f__Lachnospiraceae.g__Mediterraneibacter_A.s__Mediterraneibacter_A.butyricigenes	BMI	BMI	0.015749318	0.015749318	0.060099416	146	29	0.793675979	0.952419978	1	0.962055406	0.016799916
d__Bacteria.p__Bacillota_A.c__Clostridia.o__Christensenellales.f__UBA1750.g__Spyradocola.s__Spyradocola.merdavium	Group	PD	0.01568833	0.01568833	0.155757128	146	38	0.919918663	0.9829988	1	0.980198234	0.008686084
d__Bacteria.p__Bacillota_A.c__Clostridia.o__Christensenellales.f__Aristaeellaceae.g__Ventricola.s__Ventricola.sp900548125	Sex_Male1_Female2	Female	-0.015609148	0.015609148	0.109346145	146	24	0.886698999	0.977043509	1	0.978314865	0.009521348
d__Bacteria.p__Bacillota_A.c__Clostridia.o__Oscillospirales.f__CAG.382.g__Woodwardibium.s__Woodwardibium.gallinarum	Sex_Male1_Female2	Female	0.015391731	0.015391731	0.09018726	146	17	0.8647415	0.973558915	2	0.978314865	0.009521348
d__Bacteria.p__Bacillota_A.c__Clostridia.o__Lachnospirales.f__Lachnospiraceae.g__Alitiscatomonas.s__Alitiscatomonas.aceti	Sex_Male1_Female2	Female	-0.015282725	0.015282725	0.21488589	146	82	0.943406579	0.988958916	3	0.982824682	0.007523946
d__Bacteria.p__Bacillota_A.c__Clostridia.o__Lachnospirales.f__Lachnospiraceae.g__Muricoprocola.s__Muricoprocola.aceti	Sex_Male1_Female2	Female	-0.015248008	0.015248008	0.10781311	146	17	0.887739541	0.977043509	4	0.978314865	0.009521348
d__Bacteria.p__Bacillota_A.c__Clostridia.o__UBA1381.f__UBA1381.g__Hominilimicola.s__Hominilimicola.fabiformis	BMI	BMI	-0.015218468	0.015218468	0.10490085	146	116	0.884866614	0.977043509	1	0.966256934	0.014907377
d__Bacteria.p__Bacillota_A.c__Clostridia.o__Oscillospirales.f__Oscillospiraceae.g__CAG.170.s__CAG.170.sp003516765	Sex_Male1_Female2	Female	0.015175647	0.015175647	0.138513932	146	32	0.912919486	0.97969322	1	0.978314865	0.009521348
d__Bacteria.p__Bacillota_A.c__Clostridia.o__Christensenellales.f__QAND01.g__UMGS1975.s__UMGS1975.sp959600905	BMI	BMI	0.015146538	0.015146538	0.066245175	146	33	0.819489355	0.959500305	1	0.962055406	0.016799916
d__Bacteria.p__Bacillota_A.c__Clostridia.o__Lachnospirales.f__Lachnospiraceae.g__Roseburia.s__Roseburia.inulinivorans	BMI	BMI	0.014873104	0.014873104	0.108526249	146	78	0.891196999	0.977043509	2	0.966256934	0.014907377
d__Bacteria.p__Actinomycetota.c__Coriobacteriia.o__Coriobacteriales.f__UMGS124.g__JAHZGC01.s__JAHZGC01.sp019421015	BMI	BMI	0.014391965	0.014391965	0.055709474	146	22	0.796535344	0.952419978	3	0.962055406	0.016799916
d__Bacteria.p__Bacillota_A.c__Clostridia.o__Christensenellales.f__Aristaeellaceae.g__Pullichristensenella.s__Pullichristensenella.stercorigallinarum	Group	PD	0.014340701	0.014340701	0.132863268	146	23	0.914205705	0.97969322	1	0.976894097	0.010152515
d__Bacteria.p__Bacillota_C.c__Negativicutes.o__Acidaminococcales.f__Acidaminococcaceae.g__Phascolarctobacterium.s__Phascolarctobacterium.faecium	Age	Age	0.014040189	0.014040189	0.129850289	146	66	0.914055124	0.97969322	1	0.983449396	0.007247982
d__Bacteria.p__Bacillota_A.c__Clostridia.o__Oscillospirales.f__Oscillospiraceae.g__CAG.103.s__CAG.103.sp000432375	Group	PD	0.013958765	0.013958765	0.374190646	146	44	0.970297408	0.994082876	1	0.996622726	0.001469214
d__Bacteria.p__Bacillota_A.c__Clostridia.o__Lachnospirales.f__Lachnospiraceae.g__Otoolea.s__Otoolea.symbiosa	Age	Age	0.013919948	0.013919948	0.049883185	146	15	0.780629651	0.952419978	1	0.956011665	0.019536809
d__Bacteria.p__Bacteroidota.c__Bacteroidia.o__Bacteroidales.f__Bacteroidaceae.g__Bacteroides.s__Bacteroides.faecis	Group	PD	-0.013741673	0.013741673	0.179691662	146	20	0.939154683	0.988958916	1	0.996622726	0.001469214
d__Bacteria.p__Actinomycetota.c__Actinomycetes.o__Actinomycetales.f__Bifidobacteriaceae.g__Bifidobacterium.s__Bifidobacterium.dentium	Age	Age	0.013666967	0.013666967	0.069037285	146	15	0.84336804	0.967351413	1	0.983449396	0.007247982
d__Bacteria.p__Bacillota_A.c__Clostridia.o__Lachnospirales.f__Lachnospiraceae.g__Dorea_A.s__Dorea_A.amylophila	BMI	BMI	0.013557562	0.013557562	0.121678253	146	69	0.911446458	0.97969322	1	0.966256934	0.014907377
d__Bacteria.p__Bacillota_A.c__Clostridia.o__Lachnospirales.f__Lachnospiraceae.g__Massilistercora.s__Massilistercora.timonensis	BMI	BMI	-0.013528828	0.013528828	0.068840229	146	24	0.84449261	0.967351413	2	0.966256934	0.014907377
d__Bacteria.p__Bacteroidota.c__Bacteroidia.o__Bacteroidales.f__Bacteroidaceae.g__Bacteroides.s__Bacteroides.salyersiae	BMI	BMI	0.013403819	0.013403819	0.056192241	146	18	0.811825177	0.958378089	3	0.962055406	0.016799916
d__Bacteria.p__Bacteroidota.c__Bacteroidia.o__Bacteroidales.f__Marinifilaceae.g__Butyricimonas.s__Butyricimonas.sp019423345	BMI	BMI	-0.013084315	0.013084315	0.060773653	146	23	0.829859194	0.963947425	4	0.96417463	0.0158443
d__Bacteria.p__Bacillota_A.c__Clostridia.o__Peptostreptococcales.f__Anaerovoracaceae.g__Hominibacterium.s__Hominibacterium.hominis	Age	Age	0.012917534	0.012917534	0.077868446	146	42	0.868490509	0.973558915	1	0.983449396	0.007247982
d__Bacteria.p__Bacillota_A.c__Clostridia.o__Oscillospirales.f__Oscillospiraceae.g__Dysosmobacter.s__Dysosmobacter.welbionis	BMI	BMI	0.012818979	0.012818979	0.097831026	146	99	0.895943755	0.97969322	1	0.966256934	0.014907377
d__Bacteria.p__Bacteroidota.c__Bacteroidia.o__Bacteroidales.f__Coprobacteraceae.g__Coprobacter.s__Coprobacter.fastidiosus	BMI	BMI	0.012792906	0.012792906	0.06488494	146	19	0.843994386	0.967351413	2	0.966256934	0.014907377
d__Bacteria.p__Bacillota_A.c__Clostridia.o__Oscillospirales.f__Ruminococcaceae.g__UBA3818.s__UBA3818.sp900557155	Age	Age	-0.012595131	0.012595131	0.070744191	146	37	0.858958311	0.971278634	1	0.983449396	0.007247982
d__Bacteria.p__Bacillota_A.c__Clostridia.o__Lachnospirales.f__Lachnospiraceae.g__Scatomonas.s__Scatomonas.hejianensis	BMI	BMI	-0.012442206	0.012442206	0.062231278	146	26	0.841830122	0.967351413	1	0.966256934	0.014907377
d__Bacteria.p__Bacillota_A.c__Clostridia.o__Oscillospirales.f__Acutalibacteraceae.g__Acutalibacter.s__Acutalibacter.sp900548545	BMI	BMI	0.012365664	0.012365664	0.065693283	146	24	0.850974334	0.968708374	2	0.966256934	0.014907377
d__Bacteria.p__Bacillota_A.c__Clostridia.o__Oscillospirales.f__Oscillospiraceae.g__CAG.170.s__CAG.170.sp900553545	Group	PD	0.012053326	0.012053326	0.108614354	146	17	0.911800883	0.97969322	1	0.976894097	0.010152515
d__Bacteria.p__Bacillota_A.c__Clostridia.o__Christensenellales.f__CAG.138.g__Phil1.s__Phil1.sp001940855	Age	Age	-0.011817819	0.011817819	0.086464233	146	21	0.891486891	0.977043509	1	0.983449396	0.007247982
d__Bacteria.p__Bacteroidota.c__Bacteroidia.o__Bacteroidales.f__Bacteroidaceae.g__Bacteroides.s__Bacteroides.thetaiotaomicron	BMI	BMI	0.011808129	0.011808129	0.123577635	146	94	0.924016793	0.984011036	1	0.970881676	0.012833696
d__Bacteria.p__Bacillota_A.c__Clostridia.o__Oscillospirales.f__Oscillospiraceae.g__Pseudoflavonifractor.s__Pseudoflavonifractor.faecis	Age	Age	0.011798237	0.011798237	0.036768963	146	17	0.748797753	0.944435075	1	0.945032299	0.024553348
d__Bacteria.p__Bacillota.c__Bacilli.o__MOL361.f__Turicibacteraceae.g__Turicibacter.s__Turicibacter.bilis	Sex_Male1_Female2	Female	0.011791749	0.011791749	0.156578154	146	33	0.940079502	0.988958916	1	0.982824682	0.007523946
d__Bacteria.p__Bacillota_A.c__Clostridia.o__Oscillospirales.f__Oscillospiraceae.g__Lawsonibacter.s__Lawsonibacter.sp900066825	BMI	BMI	-0.011781326	0.011781326	0.054806325	146	16	0.830118265	0.963947425	1	0.96417463	0.0158443
d__Bacteria.p__Bacillota_A.c__Clostridia.o__Lachnospirales.f__Lachnospiraceae.g__Pseudolachnospira.s__Pseudolachnospira.sp022867805	Group	PD	-0.011569574	0.011569574	0.185378915	146	36	0.950327634	0.992107565	1	0.996622726	0.001469214
d__Bacteria.p__Bacillota_A.c__Clostridia.o__Lachnospirales.f__Lachnospiraceae.g__Anthropogastromicrobium.s__Anthropogastromicrobium.sp934292725	Age	Age	-0.011530773	0.011530773	0.155411113	146	94	0.940964008	0.988958916	1	0.983449396	0.007247982
d__Bacteria.p__Bacillota.c__Bacilli.o__Lactobacillales.f__Streptococcaceae.g__Streptococcus.s__Streptococcus.mutans	BMI	BMI	-0.011340173	0.011340173	0.094426712	146	24	0.904585148	0.97969322	1	0.966256934	0.014907377
d__Bacteria.p__Bacillota_A.c__Clostridia.o__Oscillospirales.f__Oscillospiraceae.g__Evtepia.s__Evtepia.excrementipullorum	Age	Age	-0.011328144	0.011328144	0.109860191	146	33	0.918024237	0.981675667	1	0.983449396	0.007247982
d__Bacteria.p__Bacillota_A.c__Clostridia.o__Oscillospirales.f__Acutalibacteraceae.g__Ruminococcus_E.s__Ruminococcus_E.bromii	Age	Age	-0.011158484	0.011158484	0.234175203	146	92	0.962064966	0.993049126	2	0.988495322	0.005025382
d__Bacteria.p__Bacillota_A.c__Clostridia.o__Lachnospirales.f__Lachnospiraceae.g__Roseburia_C.s__Roseburia_C.amylophila	BMI	BMI	0.011141204	0.011141204	0.130351224	146	49	0.932012922	0.988958916	1	0.97639449	0.01037468
d__Bacteria.p__Bacteroidota.c__Bacteroidia.o__Bacteroidales.f__Marinifilaceae.g__Odoribacter.s__Odoribacter.laneus	Sex_Male1_Female2	Female	0.011006361	0.011006361	0.195392722	146	22	0.955162045	0.992996817	1	0.986824876	0.005759911
d__Bacteria.p__Bacillota_A.c__Clostridia.o__Christensenellales.f__Aristaeellaceae.g__Fimadaptatus.s__Fimadaptatus.sp900553645	Age	Age	0.010915483	0.010915483	0.040784762	146	17	0.789384755	0.952419978	1	0.956011665	0.019536809
d__Bacteria.p__Bacillota_A.c__Clostridia.o__Clostridiales.f__Clostridiaceae.g__Clostridium.s__Clostridium.sp000435835	BMI	BMI	-0.010788582	0.010788582	0.057797299	146	21	0.852203502	0.968708374	1	0.966256934	0.014907377
d__Bacteria.p__Pseudomonadota.c__Gammaproteobacteria.o__Burkholderiales.f__Burkholderiaceae.g__Parasutterella.s__Parasutterella.gallistercoris	Age	Age	-0.010784859	0.010784859	0.065159285	146	18	0.868784192	0.973558915	1	0.983449396	0.007247982
d__Bacteria.p__Bacillota_A.c__Clostridia.o__Oscillospirales.f__Oscillospiraceae.g__CAG.170.s__CAG.170.sp003516765	Age	Age	0.010721064	0.010721064	0.067010759	146	32	0.873126182	0.975051406	2	0.983449396	0.007247982
d__Bacteria.p__Bacillota_I.c__Bacilli_A.o__Erysipelotrichales.f__Erysipelotrichaceae.g__Merdibacter.s__Merdibacter.merdipullorum	BMI	BMI	0.010648378	0.010648378	0.059542027	146	18	0.858331033	0.971278634	1	0.966256934	0.014907377
d__Bacteria.p__Pseudomonadota.c__Gammaproteobacteria.o__Burkholderiales.f__Burkholderiaceae.g__Sutterella.s__Sutterella.wadsworthensis	Age	Age	0.010573856	0.010573856	0.051861218	146	15	0.838746161	0.967351413	1	0.983357568	0.007288535
d__Bacteria.p__Actinomycetota.c__Actinomycetes.o__Actinomycetales.f__Bifidobacteriaceae.g__Bifidobacterium.s__Bifidobacterium.animalis_B	Age	Age	-0.010453079	0.010453079	0.122765521	146	27	0.932269979	0.988958916	2	0.983449396	0.007247982
d__Bacteria.p__Bacillota_A.c__Clostridia.o__Oscillospirales.f__Oscillospiraceae.g__HGM13006.s__HGM13006.sp900756575	Age	Age	0.010131573	0.010131573	0.054500093	146	20	0.852800086	0.968708374	3	0.983449396	0.007247982
d__Bacteria.p__Bacillota_A.c__Clostridia.o__Lachnospirales.f__Lachnospiraceae.g__Frisingicoccus.s__Frisingicoccus.sp900549105	Age	Age	-0.01011773	0.01011773	0.065942736	146	16	0.878284986	0.976887985	4	0.983449396	0.007247982
d__Bacteria.p__Pseudomonadota.c__Gammaproteobacteria.o__Burkholderiales.f__Burkholderiaceae.g__Sutterella.s__Sutterella.wadsworthensis_A	Age	Age	-0.010010058	0.010010058	0.063814835	146	19	0.875587029	0.97533745	5	0.983449396	0.007247982
d__Bacteria.p__Bacillota_A.c__Clostridia.o__Lachnospirales.f__Lachnospiraceae.g__Blautia_A.s__Blautia_A.sp900066335	Age	Age	-0.009911572	0.009911572	0.124340643	146	31	0.936582652	0.988958916	6	0.983449396	0.007247982
d__Bacteria.p__Bacillota_A.c__Clostridia.o__Lachnospirales.f__Lachnospiraceae.g__Roseburia.s__Roseburia.intestinalis	Age	Age	0.009678283	0.009678283	0.137543317	146	75	0.944006238	0.988958916	7	0.983449396	0.007247982
d__Bacteria.p__Actinomycetota.c__Coriobacteriia.o__Coriobacteriales.f__Eggerthellaceae.g__Adlercreutzia.s__Adlercreutzia.equolifaciens	Age	Age	-0.009639116	0.009639116	0.099469608	146	118	0.922944387	0.984011036	8	0.983449396	0.007247982
d__Bacteria.p__Bacteroidota.c__Bacteroidia.o__Bacteroidales.f__Rikenellaceae.g__Alistipes_A.s__Alistipes_A.indistinctus	Age	Age	-0.009633635	0.009633635	0.099997657	146	51	0.923393466	0.984011036	9	0.983449396	0.007247982
d__Bacteria.p__Bacillota_A.c__Clostridia.o__Oscillospirales.f__Oscillospiraceae.g__Hominicoprocola.s__Hominicoprocola.sp003522105	Age	Age	-0.009590282	0.009590282	0.067077914	146	16	0.886523686	0.977043509	10	0.983449396	0.007247982
d__Bacteria.p__Bacillota_A.c__Clostridia.o__Peptostreptococcales.f__Anaerovoracaceae.g__UMGS973.s__UMGS973.sp900547295	BMI	BMI	0.00949476	0.00949476	0.065613776	146	23	0.88515659	0.977043509	1	0.966256934	0.014907377
d__Bacteria.p__Bacillota_A.c__Clostridia.o__Oscillospirales.f__Oscillospiraceae.g__Pseudoflavonifractor.s__Pseudoflavonifractor.faecis	BMI	BMI	-0.0094197	0.0094197	0.037051944	146	17	0.799702175	0.952511508	2	0.962055406	0.016799916
d__Bacteria.p__Bacillota_A.c__Clostridia.o__Oscillospirales.f__Acutalibacteraceae.g__CAG.177.s__CAG.177.sp003514385	Age	Age	-0.009404857	0.009404857	0.115118449	146	30	0.935007601	0.988958916	1	0.983449396	0.007247982
d__Bacteria.p__Bacillota_A.c__Clostridia.o__Lachnospirales.f__Lachnospiraceae.g__Hominifimenecus.s__Hominifimenecus.microfluidus	BMI	BMI	-0.009294058	0.009294058	0.069851481	146	23	0.894346902	0.979460443	1	0.966256934	0.014907377
d__Bacteria.p__Bacillota_A.c__Clostridia.o__Lachnospirales.f__Lachnospiraceae.g__Mediterraneibacter.s__Mediterraneibacter.sp934330165	BMI	BMI	-0.009218998	0.009218998	0.128513883	146	49	0.942917852	0.988958916	2	0.982740651	0.007561079
d__Bacteria.p__Bacillota_A.c__Clostridia.o__Lachnospirales.f__Lachnospiraceae.g__JAGTTR01.s__JAGTTR01.sp018223385	BMI	BMI	0.009194539	0.009194539	0.039426015	146	15	0.815949027	0.958697639	3	0.962055406	0.016799916
d__Bacteria.p__Bacillota_A.c__Clostridia.o__Oscillospirales.f__Oscillospiraceae.g__Hominicoprocola.s__Hominicoprocola.sp934835795	Age	Age	-0.009138641	0.009138641	0.123476594	146	89	0.941110284	0.988958916	1	0.983449396	0.007247982
d__Bacteria.p__Bacillota_A.c__Clostridia.o__Lachnospirales.f__Lachnospiraceae.g__Eubacterium_G.s__Eubacterium_G.sp000434315	Age	Age	-0.009072112	0.009072112	0.076573341	146	33	0.905865226	0.97969322	2	0.983449396	0.007247982
d__Bacteria.p__Bacillota_A.c__Clostridia.o__Christensenellales.f__Aristaeellaceae.g__RUG11247.s__RUG11247.sp902767315	Age	Age	0.008983549	0.008983549	0.038624303	146	17	0.816431011	0.958697639	3	0.963234063	0.016268168
d__Bacteria.p__Bacillota_A.c__Clostridia.o__Oscillospirales.f__Acutalibacteraceae.g__UMGS1071.s__UMGS1071.sp934476545	BMI	BMI	-0.008707585	0.008707585	0.053712618	146	19	0.871456429	0.975051406	1	0.966256934	0.014907377
d__Bacteria.p__Bacillota_A.c__Clostridia.o__Oscillospirales.f__UBA644.g__UBA644.s__UBA644.sp900547165	Age	Age	0.008518163	0.008518163	0.049078856	146	15	0.862468745	0.973558915	1	0.983449396	0.007247982
d__Bacteria.p__Bacillota_A.c__Clostridia.o__Oscillospirales.f__Oscillospiraceae.g__Intestinimonas.s__Intestinimonas.butyriciproducens	Sex_Male1_Female2	Female	-0.008512695	0.008512695	0.112294727	146	21	0.939684267	0.988958916	1	0.982824682	0.007523946
d__Bacteria.p__Bacillota_A.c__Clostridia.o__Christensenellales.f__CAG.138.g__Phil1.s__Phil1.sp001940855	Sex_Male1_Female2	Female	-0.008361706	0.008361706	0.178725044	146	21	0.962752972	0.993049126	2	0.987973298	0.005254793
d__Bacteria.p__Bacillota_A.c__Clostridia.o__Lachnospirales.f__Lachnospiraceae.g__Jutongia.s__Jutongia.sp003524945	BMI	BMI	-0.008336177	0.008336177	0.071373546	146	15	0.907193658	0.97969322	1	0.966256934	0.014907377
d__Bacteria.p__Bacillota_A.c__Clostridia.o__Oscillospirales.f__Oscillospiraceae.g__Pseudoscilispira.s__Pseudoscilispira.sp018369915	Sex_Male1_Female2	Female	-0.008310635	0.008310635	0.075214022	146	15	0.912181166	0.97969322	1	0.978314865	0.009521348
d__Bacteria.p__Bacillota_A.c__Clostridia.o__Oscillospirales.f__Ruminococcaceae.g__Gemmiger.s__Gemmiger.qucibialis	Age	Age	-0.008299445	0.008299445	0.138816935	146	125	0.952413064	0.992657417	1	0.983984768	0.007011624
d__Bacteria.p__Bacillota_A.c__Clostridia.o__Christensenellales.f__Aristaeellaceae.g__Egerieenecus.s__Egerieenecus.merdigallinarum	Sex_Male1_Female2	Female	-0.008246722	0.008246722	0.191785214	146	37	0.965764778	0.993049126	1	0.987973298	0.005254793
d__Bacteria.p__Actinomycetota.c__Coriobacteriia.o__Coriobacteriales.f__Coriobacteriaceae.g__Collinsella.s__Collinsella.sp023656745	Age	Age	0.008191643	0.008191643	0.147826776	146	111	0.955890128	0.993049126	1	0.984856495	0.006627047
d__Bacteria.p__Bacillota_I.c__Bacilli_A.o__Erysipelotrichales.f__Coprobacillaceae.g__Allocoprobacillus.s__Allocoprobacillus.merdigallinarum	Sex_Male1_Female2	Female	-0.00808727	0.00808727	0.08814659	146	15	0.927033292	0.986373972	1	0.982824682	0.007523946
d__Bacteria.p__Bacillota_A.c__Clostridia.o__Christensenellales.f__Aristaeellaceae.g__RUG11247.s__RUG11247.sp902767315	BMI	BMI	-0.007972541	0.007972541	0.038921562	146	17	0.838006429	0.967351413	1	0.966256934	0.014907377
d__Bacteria.p__Bacillota_A.c__Clostridia.o__Christensenellales.f__Aristaeellaceae.g__Ventricola.s__Ventricola.sp900542395	Age	Age	0.007835508	0.007835508	0.094284592	146	42	0.933890357	0.988958916	1	0.983449396	0.007247982
d__Bacteria.p__Bacillota_A.c__Clostridia.o__Lachnospirales.f__Lachnospiraceae.g__Ventrisoma.s__Ventrisoma.faecale	Age	Age	-0.007686768	0.007686768	0.06813638	146	20	0.910344014	0.97969322	2	0.983449396	0.007247982
d__Bacteria.p__Bacteroidota.c__Bacteroidia.o__Bacteroidales.f__Bacteroidaceae.g__Bacteroides.s__Bacteroides.ovatus	BMI	BMI	-0.007681511	0.007681511	0.133418536	146	96	0.954172036	0.992657417	1	0.982740651	0.007561079
d__Bacteria.p__Bacillota_A.c__Clostridia.o__Christensenellales.f__Aristaeellaceae.g__Pullichristensenella.s__Pullichristensenella.sp946496415	BMI	BMI	-0.007446503	0.007446503	0.064511816	146	33	0.908275741	0.97969322	2	0.966256934	0.014907377
d__Bacteria.p__Bacillota_A.c__Clostridia.o__Peptostreptococcales.f__Anaerovoracaceae.g__Alangreenwoodia.s__Alangreenwoodia.sp905206455	Age	Age	-0.007333466	0.007333466	0.08336604	146	51	0.930032248	0.98886158	1	0.983449396	0.007247982
d__Bacteria.p__Bacillota_A.c__Clostridia.o__Lachnospirales.f__Lachnospiraceae.g__Massilistercora.s__Massilistercora.timonensis	Group	PD	0.007253587	0.007253587	0.148549292	146	24	0.961126815	0.993049126	1	0.996622726	0.001469214
d__Bacteria.p__Bacillota_A.c__Clostridia.o__Oscillospirales.f__Oscillospiraceae.g__CAG.170.s__CAG.170.sp900553545	Age	Age	-0.007250151	0.007250151	0.049949292	146	17	0.884807163	0.977043509	1	0.983449396	0.007247982
d__Bacteria.p__Bacteroidota.c__Bacteroidia.o__Bacteroidales.f__Rikenellaceae.g__Tidjanibacter.s__Tidjanibacter.inops	Group	PD	-0.007157736	0.007157736	0.203198111	146	24	0.971951652	0.994082876	1	0.996622726	0.001469214
d__Bacteria.p__Bacillota_A.c__Clostridia.o__Lachnospirales.f__Lachnospiraceae.g__Eubacterium_G.s__Eubacterium_G.ventriosum	Sex_Male1_Female2	Female	0.006952908	0.006952908	0.195651231	146	66	0.971703446	0.994082876	1	0.987973298	0.005254793
d__Bacteria.p__Bacillota_A.c__Clostridia.o__Lachnospirales.f__Lachnospiraceae.g__UBA11774.s__UBA11774.sp003507655	Group	PD	0.006926089	0.006926089	0.295182151	146	109	0.981314722	0.995658908	1	0.996622726	0.001469214
d__Bacteria.p__Bacillota_A.c__Clostridia.o__Lachnospirales.f__Lachnospiraceae.g__Enterocloster.s__Enterocloster.sp001517625	Sex_Male1_Female2	Female	0.006878053	0.006878053	0.214552378	146	24	0.974473047	0.994712543	1	0.987973298	0.005254793
d__Bacteria.p__Bacillota_A.c__Clostridia.o__Oscillospirales.f__CAG.272.g__UMGS1696.s__UMGS1696.sp900753285	BMI	BMI	-0.006556829	0.006556829	0.039243815	146	15	0.867555829	0.973558915	1	0.966256934	0.014907377
d__Bacteria.p__Bacteroidota.c__Bacteroidia.o__Bacteroidales.f__Bacteroidaceae.g__Paraprevotella.s__Paraprevotella.clara	BMI	BMI	-0.006493779	0.006493779	0.068084452	146	19	0.92415475	0.984011036	2	0.970881676	0.012833696
d__Bacteria.p__Bacillota_A.c__Clostridia.o__Lachnospirales.f__Lachnospiraceae.g__Frisingicoccus.s__Frisingicoccus.sp900549105	Group	PD	0.006367166	0.006367166	0.143391977	146	16	0.964647565	0.993049126	1	0.996622726	0.001469214
d__Bacteria.p__Bacillota_A.c__Clostridia.o__Oscillospirales.f__Oscillospiraceae.g__Onthomonas.s__Onthomonas.sp003150485	Group	PD	0.006273829	0.006273829	0.190349359	146	32	0.97375517	0.994712543	2	0.996622726	0.001469214
d__Bacteria.p__Bacteroidota.c__Bacteroidia.o__Bacteroidales.f__Rikenellaceae.g__Tidjanibacter.s__Tidjanibacter.inops	Sex_Male1_Female2	Female	-0.006121302	0.006121302	0.193157108	146	24	0.974765099	0.994712543	1	0.987973298	0.005254793
d__Bacteria.p__Bacillota_A.c__Clostridia.o__Lachnospirales.f__Lachnospiraceae.g__Massilistercora.s__Massilistercora.sp902406105	Age	Age	-0.006008119	0.006008119	0.040446485	146	15	0.882132787	0.977043509	1	0.983449396	0.007247982
d__Bacteria.p__Actinomycetota.c__Coriobacteriia.o__Coriobacteriales.f__Eggerthellaceae.g__Gordonibacter.s__Gordonibacter.urolithinfaciens	Group	PD	-0.005958677	0.005958677	0.134777991	146	20	0.96480102	0.993049126	1	0.996622726	0.001469214
d__Bacteria.p__Bacillota_A.c__Clostridia.o__Lachnospirales.f__Lachnospiraceae.g__Blautia_A.s__Blautia_A.caecimuris	BMI	BMI	-0.005860741	0.005860741	0.135945666	146	36	0.965676354	0.993049126	1	0.982740651	0.007561079
d__Bacteria.p__Bacillota_A.c__Clostridia.o__Oscillospirales.f__CAG.382.g__Woodwardibium.s__Woodwardibium.sp900760275	Sex_Male1_Female2	Female	0.005765363	0.005765363	0.113708953	146	25	0.959636731	0.993049126	1	0.987973298	0.005254793
d__Bacteria.p__Bacillota_A.c__Clostridia.o__Lachnospirales.f__Lachnospiraceae.g__Enterocloster.s__Enterocloster.sp000431375	BMI	BMI	-0.005654368	0.005654368	0.109560374	146	64	0.95891549	0.993049126	1	0.982740651	0.007561079
d__Bacteria.p__Bacillota_A.c__Clostridia.o__Oscillospirales.f__Oscillospiraceae.g__Pseudoscilispira.s__Pseudoscilispira.sp018369915	BMI	BMI	0.005557106	0.005557106	0.036667349	146	15	0.879762812	0.977043509	2	0.966256934	0.014907377
d__Bacteria.p__Bacillota_A.c__Clostridia.o__Lachnospirales.f__Lachnospiraceae.g__Hominifimenecus.s__Hominifimenecus.microfluidus	Age	Age	0.005535758	0.005535758	0.069317997	146	23	0.93646573	0.988958916	1	0.983449396	0.007247982
d__Bacteria.p__Bacillota_A.c__Clostridia.o__Oscillospirales.f__Oscillospiraceae.g__UBA738.s__UBA738.sp003522945	Age	Age	-0.005476341	0.005476341	0.087334009	146	41	0.950092916	0.992107565	2	0.983984768	0.007011624
d__Bacteria.p__Bacillota_A.c__Clostridia.o__Oscillospirales.f__Ruminococcaceae.g__Ruminococcus_C.s__Ruminococcus_C.callidus	Group	PD	-0.005462935	0.005462935	0.224479483	146	20	0.980620262	0.995658908	1	0.996622726	0.001469214
d__Bacteria.p__Bacillota_A.c__Clostridia.o__Lachnospirales.f__Lachnospiraceae.g__Sellimonas.s__Sellimonas.intestinalis	BMI	BMI	0.005245427	0.005245427	0.090892682	146	32	0.954064242	0.992657417	1	0.982740651	0.007561079
d__Bacteria.p__Bacillota_A.c__Clostridia.o__Oscillospirales.f__Acutalibacteraceae.g__Fimenecus.s__Fimenecus.sp000432435	Age	Age	0.005218019	0.005218019	0.131639027	146	31	0.968439188	0.994082876	1	0.992318511	0.003348907
d__Bacteria.p__Bacillota.c__Bacilli.o__MOL361.f__Turicibacteraceae.g__Turicibacter.s__Turicibacter.sanguinis	Age	Age	-0.005068503	0.005068503	0.065692945	146	21	0.938614066	0.988958916	2	0.983449396	0.007247982
d__Bacteria.p__Bacillota_A.c__Clostridia.o__Peptostreptococcales.f__Peptostreptococcaceae.g__Intestinibacter.s__Intestinibacter.sp900540355	Age	Age	-0.005068301	0.005068301	0.061347203	146	18	0.934277821	0.988958916	3	0.983449396	0.007247982
d__Bacteria.p__Bacillota_A.c__Clostridia.o__Oscillospirales.f__Acutalibacteraceae.g__CAKTXU01.s__CAKTXU01.sp934615635	BMI	BMI	0.005018739	0.005018739	0.043237807	146	17	0.907765956	0.97969322	1	0.966256934	0.014907377
d__Bacteria.p__Bacillota_A.c__Clostridia.o__Oscillospirales.f__Oscillospiraceae.g__Faecousia.s__Faecousia.sp958436045	Sex_Male1_Female2	Female	-0.004873653	0.004873653	0.118732433	146	30	0.967318336	0.993893015	1	0.987973298	0.005254793
d__Bacteria.p__Bacteroidota.c__Bacteroidia.o__Bacteroidales.f__Tannerellaceae.g__Parabacteroides.s__Parabacteroides.merdae	BMI	BMI	-0.004733263	0.004733263	0.110297052	146	79	0.965833208	0.993049126	1	0.982740651	0.007561079
d__Bacteria.p__Bacillota_A.c__Clostridia.o__Oscillospirales.f__CAG.382.g__Woodwardibium.s__Woodwardibium.gallinarum	BMI	BMI	-0.004601557	0.004601557	0.043966904	146	17	0.916800149	0.98106797	2	0.968596767	0.013856985
d__Bacteria.p__Bacillota_A.c__Clostridia.o__Lachnospirales.f__Lachnospiraceae.g__Coprococcus_A.s__Coprococcus_A.catus	Sex_Male1_Female2	Female	-0.004601546	0.004601546	0.227013714	146	51	0.983857775	0.995658908	1	0.994494075	0.0023978
d__Bacteria.p__Bacillota_A.c__Clostridia.o__Lachnospirales.f__Lachnospiraceae.g__Blautia_A.s__Blautia_A.schinkii_B	Group	PD	0.004485335	0.004485335	0.177568974	146	19	0.979884862	0.995658908	1	0.996622726	0.001469214
d__Bacteria.p__Bacillota_A.c__Clostridia.o__Christensenellales.f__CAG.138.g__Phil1.s__Phil1.sp001940855	BMI	BMI	0.004435444	0.004435444	0.087129678	146	21	0.959474923	0.993049126	1	0.982740651	0.007561079
d__Bacteria.p__Bacteroidota.c__Bacteroidia.o__Bacteroidales.f__Bacteroidaceae.g__Bacteroides.s__Bacteroides.caccae	BMI	BMI	0.004055068	0.004055068	0.148770228	146	86	0.978294503	0.995658908	2	0.985181473	0.006483764
d__Bacteria.p__Bacillota_A.c__Clostridia.o__Lachnospirales.f__Lachnospiraceae.g__Schaedlerella.s__Schaedlerella.hominis	Group	PD	-0.003986179	0.003986179	0.087944565	146	15	0.963913917	0.993049126	1	0.996622726	0.001469214
d__Bacteria.p__Bacillota_A.c__Clostridia.o__Clostridiales.f__Clostridiaceae.g__Clostridium.s__Clostridium.sp900540255	Age	Age	-0.003857954	0.003857954	0.058677336	146	19	0.947674518	0.99190296	1	0.983984768	0.007011624
d__Bacteria.p__Bacillota_A.c__Clostridia.o__Peptostreptococcales.f__Anaerovoracaceae.g__CAG.238.s__CAG.238.sp900542245	Group	PD	-0.003818389	0.003818389	0.109189005	146	19	0.972154578	0.994082876	1	0.996622726	0.001469214
d__Bacteria.p__Bacillota_A.c__Clostridia.o__Oscillospirales.f__Acutalibacteraceae.g__Pseudoruminococcus.s__Pseudoruminococcus.massiliensis	Group	PD	0.003698619	0.003698619	0.262518565	146	23	0.98877964	0.997215752	2	0.997071648	0.001273633
d__Bacteria.p__Bacillota_A.c__Clostridia.o__Oscillospirales.f__Oscillospiraceae.g__Faecousia.s__Faecousia.sp958436045	Group	PD	0.003514362	0.003514362	0.124904573	146	30	0.97759463	0.995658908	3	0.996622726	0.001469214
d__Bacteria.p__Bacillota_A.c__Clostridia.o__Christensenellales.f__Aristaeellaceae.g__Egerieenecus.s__Egerieenecus.sp900553315	Age	Age	-0.003240164	0.003240164	0.045825278	146	18	0.943734886	0.988958916	1	0.983449396	0.007247982
d__Bacteria.p__Bacteroidota.c__Bacteroidia.o__Bacteroidales.f__Rikenellaceae.g__Alistipes_A.s__Alistipes_A.hominis	Group	PD	-0.003165164	0.003165164	0.150924819	146	36	0.983298893	0.995658908	1	0.996622726	0.001469214
d__Bacteria.p__Bacillota_A.c__Clostridia.o__Lachnospirales.f__Lachnospiraceae.g__Blautia.s__Blautia.celeris	BMI	BMI	0.003042929	0.003042929	0.068399407	146	25	0.964580943	0.993049126	1	0.982740651	0.007561079
d__Bacteria.p__Bacillota_A.c__Clostridia.o__Lachnospirales.f__Lachnospiraceae.g__Alitiscatomonas.s__Alitiscatomonas.sp900066785	BMI	BMI	-0.003036219	0.003036219	0.066949888	146	24	0.963894357	0.993049126	2	0.982740651	0.007561079
d__Bacteria.p__Bacillota_A.c__Clostridia.o__Christensenellales.f__Aristaeellaceae.g__Limiplasma.s__Limiplasma.sp900548145	BMI	BMI	0.003022637	0.003022637	0.065756813	146	17	0.963404057	0.993049126	3	0.982740651	0.007561079
d__Bacteria.p__Bacteroidota.c__Bacteroidia.o__Bacteroidales.f__Rikenellaceae.g__Alistipes.s__Alistipes.shahii	Sex_Male1_Female2	Female	-0.002906322	0.002906322	0.279955946	146	88	0.99173224	0.997215752	1	0.997064134	0.001276906
d__Bacteria.p__Bacteroidota.c__Bacteroidia.o__Bacteroidales.f__Marinifilaceae.g__Butyricimonas.s__Butyricimonas.sp019423345	Group	PD	-0.002850976	0.002850976	0.131142548	146	23	0.982687605	0.995658908	1	0.996622726	0.001469214
d__Bacteria.p__Bacillota_A.c__Clostridia.o__Lachnospirales.f__Lachnospiraceae.g__Agathobacter.s__Agathobacter.sp000434275	BMI	BMI	-0.002835472	0.002835472	0.073300871	146	17	0.969200134	0.994082876	1	0.982740651	0.007561079
d__Bacteria.p__Verrucomicrobiota.c__Verrucomicrobiae.o__Verrucomicrobiales.f__Akkermansiaceae.g__Akkermansia.s__Akkermansia.muciniphila	Sex_Male1_Female2	Female	-0.002755845	0.002755845	0.445451493	146	54	0.995072879	0.997740634	1	0.997740634	0.00098234
d__Bacteria.p__Bacillota_A.c__Clostridia.o__Lachnospirales.f__Lachnospiraceae.g__Lachnospira.s__Lachnospira.eligens	BMI	BMI	-0.00251521	0.00251521	0.13517166	146	90	0.985181473	0.995832084	1	0.985181473	0.006483764
d__Bacteria.p__Bacillota_A.c__Clostridia.o__Peptostreptococcales.f__Anaerovoracaceae.g__Fimisoma.s__Fimisoma.avicola	BMI	BMI	-0.002447149	0.002447149	0.064099807	146	20	0.969602407	0.994082876	2	0.982740651	0.007561079
d__Bacteria.p__Bacillota_A.c__Clostridia.o__Peptostreptococcales.f__Peptostreptococcaceae.g__Intestinibacter.s__Intestinibacter.bartlettii	BMI	BMI	-0.002207263	0.002207263	0.107391717	146	54	0.983632052	0.995658908	3	0.985181473	0.006483764
d__Bacteria.p__Bacillota_I.c__Bacilli_A.o__Erysipelotrichales.f__Coprobacillaceae.g__Faecalibacillus.s__Faecalibacillus.faecis	Age	Age	-0.00203369	0.00203369	0.077480347	146	30	0.979098154	0.995658908	1	0.997247026	0.00119725
d__Bacteria.p__Bacillota_A.c__Clostridia.o__Lachnospirales.f__Lachnospiraceae.g__Eubacterium_G.s__Eubacterium_G.sp000434315	BMI	BMI	0.001829012	0.001829012	0.077162663	146	33	0.981123993	0.995658908	1	0.985181473	0.006483764
d__Bacteria.p__Bacteroidota.c__Bacteroidia.o__Bacteroidales.f__Barnesiellaceae.g__Barnesiella.s__Barnesiella.intestinihominis	Age	Age	0.001445473	0.001445473	0.141824454	146	83	0.991883047	0.997215752	1	0.997247026	0.00119725
d__Bacteria.p__Bacillota_A.c__Clostridia.o__Oscillospirales.f__Acutalibacteraceae.g__CAKTXU01.s__CAKTXU01.sp934615635	Sex_Male1_Female2	Female	-0.001445273	0.001445273	0.088691696	146	17	0.98702255	0.997019403	1	0.995003865	0.002175232
d__Bacteria.p__Bacillota_A.c__Clostridia.o__Oscillospirales.f__Acutalibacteraceae.g__UMGS1071.s__UMGS1071.sp934476545	Age	Age	-0.001431536	0.001431536	0.053302393	146	19	0.978613255	0.995658908	1	0.997247026	0.00119725
d__Bacteria.p__Bacillota_A.c__Clostridia.o__Lachnospirales.f__Lachnospiraceae.g__Acetatifactor.s__Acetatifactor.acetigignens	Age	Age	-0.001400494	0.001400494	0.134736169	146	87	0.991721893	0.997215752	2	0.997247026	0.00119725
d__Bacteria.p__Bacillota_A.c__Clostridia.o__Oscillospirales.f__Acutalibacteraceae.g__UMGS1071.s__UMGS1071.sp934476545	Group	PD	0.001367028	0.001367028	0.115905649	146	19	0.990607	0.997215752	1	0.997071648	0.001273633
d__Bacteria.p__Bacillota_A.c__Clostridia.o__Christensenellales.f__Aristaeellaceae.g__Pullichristensenella.s__Pullichristensenella.excrementigallinarum	BMI	BMI	0.001067378	0.001067378	0.054295983	146	18	0.984344602	0.995658908	1	0.985181473	0.006483764
d__Bacteria.p__Bacillota_A.c__Clostridia.o__Oscillospirales.f__Acutalibacteraceae.g__CAKTXU01.s__CAKTXU01.sp934615635	Group	PD	0.000967728	0.000967728	0.09330221	146	17	0.991739714	0.997215752	1	0.997071648	0.001273633
d__Bacteria.p__Bacillota_A.c__Clostridia.o__Lachnospirales.f__Lachnospiraceae.g__Schaedlerella.s__Schaedlerella.glycyrrhizinilytica_A	Age	Age	-0.000914384	0.000914384	0.081810348	146	42	0.991098709	0.997215752	1	0.997247026	0.00119725
d__Bacteria.p__Bacillota.c__Bacilli.o__Lactobacillales.f__Streptococcaceae.g__Lactococcus.s__Lactococcus.lactis	Age	Age	0.00083159	0.00083159	0.093874298	146	42	0.992944972	0.99723857	2	0.997247026	0.00119725
d__Bacteria.p__Bacillota_A.c__Clostridia.o__Christensenellales.f__CAG.314.g__CAG.314.s__CAG.314.sp000437915	Group	PD	-0.0005746	0.0005746	0.167123505	146	32	0.997261777	0.999265652	1	0.998615908	0.00060152
d__Bacteria.p__Bacillota_A.c__Clostridia.o__Lachnospirales.f__Lachnospiraceae.g__Jutongia.s__Jutongia.sp003524945	Age	Age	0.000481971	0.000481971	0.070828438	146	15	0.99458059	0.997740634	1	0.997247026	0.00119725
d__Bacteria.p__Bacteroidota.c__Bacteroidia.o__Bacteroidales.f__Bacteroidaceae.g__Bacteroides.s__Bacteroides.sp900557355	Group	PD	0.000369626	0.000369626	0.212686081	146	23	0.998615908	0.999388895	1	0.998615908	0.00060152
d__Bacteria.p__Bacillota_A.c__Clostridia.o__Oscillospirales.f__Ruminococcaceae.g__Anaerotruncus.s__Anaerotruncus.rubiinfantis	Age	Age	-0.00036659	0.00036659	0.04318201	146	19	0.99323895	0.99723857	1	0.997247026	0.00119725
d__Bacteria.p__Bacillota_A.c__Clostridia.o__Oscillospirales.f__Acutalibacteraceae.g__Fimenecus.s__Fimenecus.sp000432435	Sex_Male1_Female2	Female	0.000208789	0.000208789	0.272103159	146	31	0.999388895	0.999388895	1	0.999388895	0.000265481
d__Bacteria.p__Bacillota_A.c__Clostridia.o__Oscillospirales.f__Ruminococcaceae.g__Negativibacillus.s__Negativibacillus.massiliensis	Age	Age	-0.000111886	0.000111886	0.077569881	146	25	0.998851254	0.999388895	1	0.998851254	0.000499181