feature	metadata	value	coef	stderr	N	N.not.0	pval	qval
d__Bacteria.p__Bacillota_A.c__Clostridia.o__Lachnospirales.f__Lachnospiraceae.g__Brotaphodocola.s__Brotaphodocola.sp003478505	Group	PD	-0.460441571132077	0.0862803728422288	146	22	3.62965070865364e-07	0.000271497873007292
d__Bacteria.p__Bacillota_A.c__Clostridia.o__Lachnospirales.f__Lachnospiraceae.g__Anthropogastromicrobium.s__Anthropogastromicrobium.sp934292725	Group	PD	-1.66024180334833	0.329966778240148	146	94	1.4382011747969e-06	0.000467813485390615
d__Bacteria.p__Bacillota_A.c__Clostridia.o__Lachnospirales.f__Lachnospiraceae.g__Hominiventricola.s__Hominiventricola.sp003480725	Group	PD	-0.661847896216212	0.133133766922961	146	40	1.87625729434739e-06	0.000467813485390615
d__Bacteria.p__Bacillota_A.c__Clostridia.o__Lachnospirales.f__Lachnospiraceae.g__Roseburia_B.s__Roseburia_B.zhanii	Group	PD	-0.566705853976657	0.116259061532736	146	20	2.86388467939762e-06	0.000535546435047355
d__Bacteria.p__Bacillota_A.c__Clostridia.o__Oscillospirales.f__Ruminococcaceae.g__Faecalibacterium.s__Faecalibacterium.sp934514285	Group	PD	-1.45994025176403	0.31430477965949	146	96	7.63945252178794e-06	0.00114286209725948
d__Bacteria.p__Bacillota_A.c__Clostridia.o__Lachnospirales.f__Lachnospiraceae.g__Brotaphodocola.s__Brotaphodocola.sp003480315	Group	PD	-0.414949907610751	0.0933447742917721	146	21	1.74800521283822e-05	0.00217917983200498
d__Bacteria.p__Bacillota_A.c__Clostridia.o__Lachnospirales.f__Lachnospiraceae.g__Fusicatenibacter.s__Fusicatenibacter.saccharivorans	Group	PD	-1.20165594461142	0.303032405147219	146	132	0.00011535863994387	0.0101708446761641
d__Bacteria.p__Bacillota_A.c__Clostridia.o__Lachnospirales.f__Lachnospiraceae.g__Hominisplanchenecus.s__Hominisplanchenecus.faecis	Group	PD	-1.12604747221888	0.28509180470153	146	65	0.000122376473376306	0.0101708446761641
d__Bacteria.p__Bacillota_A.c__Clostridia.o__Oscillospirales.f__Ruminococcaceae.g__Ruthenibacterium.s__Ruthenibacterium.lactatiformans	Group	PD	0.921563350157081	0.231431720155019	146	111	0.000108352713245317	0.0101708446761641
d__Bacteria.p__Bacillota_A.c__Clostridia.o__Lachnospirales.f__Lachnospiraceae.g__Agathobacter.s__Agathobacter.rectalis	Group	PD	-1.52541034124578	0.425021110586971	146	110	0.000455187063882822	0.0340479923784351
d__Bacteria.p__Bacillota_A.c__Clostridia.o__Lachnospirales.f__Lachnospiraceae.g__UBA3402.s__UBA3402.sp003478355	Group	PD	-0.499090052768436	0.142005998520383	146	29	0.000590239411381708	0.0401362799739562
d__Bacteria.p__Bacillota_A.c__Clostridia.o__Lachnospirales.f__Lachnospiraceae.g__Eubacterium_F.s__Eubacterium_F.sp003491505	Group	PD	-0.954359873923315	0.273591919163591	146	83	0.000646388534060651	0.0402915519564472
d__Bacteria.p__Actinomycetota.c__Coriobacteriia.o__Coriobacteriales.f__Eggerthellaceae.g__Eggerthella.s__Eggerthella.lenta	Sex_Male1_Female2	Female	0.761443296144061	0.224306457408069	146	64	0.00088952328003456	0.0511818010358347
d__Bacteria.p__Bacillota_A.c__Clostridia.o__Lachnospirales.f__Lachnospiraceae.g__Otoolea.s__Otoolea.fessa	Group	PD	-0.693491597372494	0.208805951520167	146	84	0.00113766481095654	0.0607838056139637
d__Bacteria.p__Bacillota.c__Bacilli.o__Lactobacillales.f__Streptococcaceae.g__Streptococcus.s__Streptococcus.mutans	Group	PD	0.636558200959191	0.19581581330681	146	24	0.00143513976144525	0.0631461495035911
d__Bacteria.p__Bacillota_A.c__Clostridia.o__Lachnospirales.f__Lachnospiraceae.g__Anaerostipes.s__	Group	PD	-0.934116804406616	0.284613582391631	146	132	0.00129515430071499	0.0631461495035911
d__Bacteria.p__Bacteroidota.c__Bacteroidia.o__Bacteroidales.f__Rikenellaceae.g__Alistipes.s__Alistipes.onderdonkii	Group	PD	1.0862491555954	0.332963616713004	146	106	0.00138177028734319	0.0631461495035911
d__Bacteria.p__Bacillota_A.c__Clostridia.o__Oscillospirales.f__Ruminococcaceae.g__CAG.115.s__CAG.115.sp003531585	Group	PD	-0.429544550434054	0.133463764045896	146	20	0.00159487305162416	0.0659872481469211
d__Bacteria.p__Bacillota_A.c__Clostridia.o__Oscillospirales.f__Ruminococcaceae.g__Faecalibacterium.s__Faecalibacterium.sp900539945	Group	PD	-0.881804712935992	0.275296420869451	146	80	0.00167614667752875	0.0659872481469211
d__Bacteria.p__Actinomycetota.c__Actinomycetes.o__Actinomycetales.f__Bifidobacteriaceae.g__Bifidobacterium.s__Bifidobacterium.infantis	Group	PD	1.35885374255479	0.426345181146386	146	87	0.00176449391219065	0.0659920723159304
d__Bacteria.p__Bacillota_A.c__Clostridia.o__Lachnospirales.f__Lachnospiraceae.g__Eubacterium_G.s__Eubacterium_G.ventriosum	Group	PD	-0.637895766261786	0.20298147095552	146	66	0.00203591603456893	0.0703135957505488
d__Bacteria.p__Bacillota_A.c__Clostridia.o__Lachnospirales.f__Lachnospiraceae.g__Pararoseburia.s__Pararoseburia.lenta	Group	PD	-0.382144232665447	0.121790295491762	146	18	0.00206804693383967	0.0703135957505488
d__Bacteria.p__Bacillota_A.c__Clostridia.o__Lachnospirales.f__Lachnospiraceae.g__Enterocloster.s__Enterocloster.sp900541315	Group	PD	-0.495184018525761	0.160254810089635	146	35	0.002406120096702	0.0782512101014391
d__Bacteria.p__Bacillota_A.c__Clostridia.o__Lachnospirales.f__Lachnospiraceae.g__Alitiscatomonas.s__Alitiscatomonas.sp900066535	Group	PD	-0.505158760806933	0.167366527003008	146	40	0.00301078849517203	0.0900827917755472
d__Bacteria.p__Bacillota_A.c__Clostridia.o__Oscillospirales.f__Oscillospiraceae.g__UMGS1766.s__UMGS1766.sp959602365	Group	PD	0.369505529919495	0.122143500594365	146	20	0.00294704825283401	0.0900827917755472
d__Bacteria.p__Bacillota_A.c__Clostridia.o__Oscillospirales.f__Acutalibacteraceae.g__CAG.177.s__CAG.177.sp003514385	Group	PD	0.781798954558486	0.260729642218577	146	30	0.00320063973200304	0.0920799430591643
d__Bacteria.p__Bacillota_A.c__Clostridia.o__Lachnospirales.f__Lachnospiraceae.g__Butyribacter.s__Butyribacter.intestini	Group	PD	-0.512654979186534	0.173111406254068	146	24	0.00358674703606974	0.0963293175778467
d__Bacteria.p__Bacillota_A.c__Clostridia.o__Lachnospirales.f__Lachnospiraceae.g__Ruminococcus_B.s__Ruminococcus_B.gnavus	Group	PD	0.949850201022328	0.32093078631305	146	49	0.00360591028366271	0.0963293175778467
d__Bacteria.p__Bacillota_A.c__Clostridia.o__Lachnospirales.f__Lachnospiraceae.g__Clostridium_AP.s__Clostridium_AP.scindens	Group	PD	0.41397561697972	0.140905729315537	146	27	0.00385256290557103	0.0993695535643839
d__Bacteria.p__Bacillota_A.c__Clostridia.o__Oscillospirales.f__Ruminococcaceae.g__Faecalibacterium.s__Faecalibacterium.prausnitzii_I	Group	PD	-0.601366390255359	0.21059058584545	146	63	0.00493535227938922	0.123054783499438
d__Bacteria.p__Bacillota.c__Bacilli.o__Lactobacillales.f__Streptococcaceae.g__Streptococcus.s__Streptococcus.thermophilus	Group	PD	0.75381495722487	0.269125193994181	146	75	0.00580034010001122	0.12840228849766
d__Bacteria.p__Bacillota_A.c__Clostridia.o__Lachnospirales.f__Lachnospiraceae.g__Alitiscatomonas.s__Alitiscatomonas.sp900066785	Group	PD	-0.405568366440006	0.144043022477832	146	24	0.00555621417199466	0.12840228849766
d__Bacteria.p__Bacillota_A.c__Clostridia.o__Lachnospirales.f__Lachnospiraceae.g__Gallintestinimicrobium.s__Gallintestinimicrobium.propionicum	Group	PD	-0.577259175288504	0.206247502517889	146	75	0.00583646765898453	0.12840228849766
d__Bacteria.p__Bacillota_A.c__Clostridia.o__Oscillospirales.f__Ruminococcaceae.g__Gemmiger.s__Gemmiger.sp900539695	Group	PD	-0.517262456123618	0.184383846822679	146	65	0.00572631079753333	0.12840228849766
d__Bacteria.p__Bacillota_A.c__Clostridia.o__Lachnospirales.f__Anaerotignaceae.g__Anaerotignum.s__Anaerotignum.faecicola	Group	PD	-0.518527747177754	0.187430617034226	146	48	0.00641505970581214	0.129688234052635
d__Bacteria.p__Bacillota_A.c__Clostridia.o__Lachnospirales.f__Lachnospiraceae.g__JAGTTR01.s__JAGTTR01.sp018223385	Group	PD	-0.226940228318129	0.0817595898170176	146	15	0.00624554273395655	0.129688234052635
d__Bacteria.p__Bacillota_A.c__Clostridia.o__UBA1381.f__UBA1381.g__Hominilimicola.s__Hominilimicola.fabiformis	Group	PD	-0.607756746350382	0.218848659883134	146	116	0.00622077965123992	0.129688234052635
d__Bacteria.p__Actinomycetota.c__Coriobacteriia.o__Coriobacteriales.f__Eggerthellaceae.g__Eggerthella.s__Eggerthella.lenta	Group	PD	0.641082359287187	0.239972816253104	146	64	0.00842791057074604	0.134129300147192
d__Bacteria.p__Bacillota_A.c__Clostridia.o__Lachnospirales.f__Lachnospiraceae.g__Blautia.s__Blautia.celeris	Group	PD	0.378907473895471	0.14163544952382	146	25	0.00833870159074696	0.134129300147192
d__Bacteria.p__Bacillota_A.c__Clostridia.o__Lachnospirales.f__Lachnospiraceae.g__Blautia_A.s__Blautia_A.sp934424005	Sex_Male1_Female2	Female	-0.799333327605301	0.298265490809645	146	122	0.00822794077999606	0.134129300147192
d__Bacteria.p__Bacillota_A.c__Clostridia.o__Lachnospirales.f__Lachnospiraceae.g__Blautia_A.s__Blautia_A.wexlerae_B	Group	PD	-0.860270938400442	0.316744617513919	146	138	0.00742331438912671	0.134129300147192
d__Bacteria.p__Bacillota_A.c__Clostridia.o__Lachnospirales.f__Lachnospiraceae.g__Hominifimenecus.s__Hominifimenecus.microfluidus	Group	PD	-0.396917316532407	0.145432972628216	146	23	0.0071461956030581	0.134129300147192
d__Bacteria.p__Bacillota_A.c__Clostridia.o__Monoglobales.f__Monoglobaceae.g__Monoglobus.s__Monoglobus.pectinilyticus	Sex_Male1_Female2	Female	0.589556615692484	0.218390784813588	146	62	0.00778081583100649	0.134129300147192
d__Bacteria.p__Bacillota_A.c__Clostridia.o__Oscillospirales.f__Oscillospiraceae.g__Dysosmobacter.s__Dysosmobacter.segnis	Sex_Male1_Female2	Female	-0.719315375764468	0.262096136673334	146	77	0.00683833987582451	0.134129300147192
d__Bacteria.p__Bacillota_A.c__Clostridia.o__Oscillospirales.f__Ruminococcaceae.g__Faecalibacterium.s__Faecalibacterium.sp900539885	Group	PD	-0.674942165416152	0.250834260821901	146	53	0.00797775123267071	0.134129300147192
d__Bacteria.p__Bacillota_A.c__Clostridia.o__Oscillospirales.f__Ruminococcaceae.g__Faecalibacterium.s__Faecalibacterium.sp900758465	Group	PD	-0.460149873036034	0.171251242222346	146	36	0.00806463127482889	0.134129300147192
d__Bacteria.p__Bacillota_A.c__Clostridia.o__Peptostreptococcales.f__Anaerovoracaceae.g__Emergencia.s__Emergencia.timonensis	Group	PD	0.222193146683977	0.0828972676910276	146	15	0.00821849004785102	0.134129300147192
d__Bacteria.p__Bacillota_A.c__Clostridia.o__Oscillospirales.f__Ruminococcaceae.g__Ruminiclostridium_E.s__Ruminiclostridium_E.siraeum	Sex_Male1_Female2	Female	-0.867760619661993	0.328311531632749	146	72	0.00913116554454001	0.142293996402415
d__Bacteria.p__Actinomycetota.c__Actinomycetes.o__Actinomycetales.f__Bifidobacteriaceae.g__Bifidobacterium.s__Bifidobacterium.animalis_B	Sex_Male1_Female2	Female	0.633967312658611	0.242004467488319	146	27	0.00975177690767256	0.148863859733451
d__Bacteria.p__Bacillota_A.c__Clostridia.o__Lachnospirales.f__Lachnospiraceae.g__Roseburia.s__Roseburia.inulinivorans	Group	PD	-0.597115364704073	0.229422222271291	146	78	0.0102240140459042	0.149952206006595
d__Bacteria.p__Bacillota_A.c__Clostridia.o__TANB77.f__CAG.508.g__CAG.269.s__CAG.269.sp000431335	Sex_Male1_Female2	Female	-0.367730043207608	0.141056166410549	146	18	0.0101028192752126	0.149952206006595
d__Bacteria.p__Bacillota_A.c__Clostridia.o__Christensenellales.f__Aristaeellaceae.g__Ventricola.s__Ventricola.sp900542445	Group	PD	-0.609033458624627	0.237295574900107	146	80	0.0112993211712169	0.162536389155197
d__Bacteria.p__Bacillota_A.c__Clostridia.o__Oscillospirales.f__Ruminococcaceae.g__Hominimerdicola.s__Hominimerdicola.aceti	Group	PD	-0.916230068504062	0.360204904356912	146	83	0.0120331561320729	0.169826429939444
d__Bacteria.p__Bacillota_A.c__Clostridia.o__Peptostreptococcales.f__Anaerovoracaceae.g__Lentihominibacter.s__Lentihominibacter.faecis	Group	PD	0.451605059919402	0.178325145186398	146	71	0.0124054316762292	0.171838201737397
d__Bacteria.p__Bacillota_A.c__Clostridia.o__Lachnospirales.f__Lachnospiraceae.g__Mediterraneibacter.s__Mediterraneibacter.sp900541505	Group	PD	0.28923942696457	0.118089602696064	146	22	0.0155213191162355	0.196778757609223
d__Bacteria.p__Bacillota_A.c__Clostridia.o__Lachnospirales.f__Lachnospiraceae.g__Sellimonas.s__Sellimonas.intestinalis	Group	PD	0.470447306541833	0.192071540841494	146	32	0.0155208216159982	0.196778757609223
d__Bacteria.p__Bacillota_A.c__Clostridia.o__Oscillospirales.f__Ruminococcaceae.g__Faecalibacterium.s__Faecalibacterium.sp905215595	Group	PD	-0.805946449438474	0.328576426673529	146	108	0.0153764243259615	0.196778757609223
d__Bacteria.p__Bacillota_A.c__Clostridia.o__Peptostreptococcales.f__Anaerovoracaceae.g__Emergencia.s__Emergencia.timonensis	Sex_Male1_Female2	Female	0.19151969060934	0.0774854116183346	146	15	0.0146213328965427	0.196778757609223
d__Bacteria.p__Bacteroidota.c__Bacteroidia.o__Bacteroidales.f__Rikenellaceae.g__Alistipes_A.s__Alistipes_A.ihumii	Group	PD	0.438143132403151	0.177490295373225	146	51	0.0147448193680327	0.196778757609223
d__Bacteria.p__Bacillota_A.c__Clostridia.o__Lachnospirales.f__Lachnospiraceae.g__Hominiventricola.s__Hominiventricola.filiformis	Group	PD	-0.382670014922391	0.156740633930468	146	41	0.015850789750176	0.19760651221886
d__Bacteria.p__Bacillota_A.c__Clostridia.o__Lachnospirales.f__Lachnospiraceae.g__Limivivens.s__Limivivens.sp934393555	Group	PD	-0.359212685037688	0.147783890461807	146	34	0.0163095365975838	0.199992350409717
d__Bacteria.p__Bacillota_A.c__Clostridia.o__Oscillospirales.f__Butyricicoccaceae.g__Agathobaculum.s__Agathobaculum.butyriciproducens	Group	PD	-0.555684914222472	0.230544177958128	146	107	0.0172091882566106	0.207620529289431
d__Bacteria.p__Bacillota_A.c__Clostridia.o__Lachnospirales.f__Lachnospiraceae.g__Lachnospira.s__Lachnospira.hominis	Group	PD	-0.378300589958671	0.159784732864519	146	35	0.0192445177921614	0.217053137400527
d__Bacteria.p__Bacillota_A.c__Clostridia.o__Lachnospirales.f__Lachnospiraceae.g__Limivivens.s__Limivivens.faecihominis	Group	PD	-0.421473289042161	0.178315877788044	146	75	0.0194419254088707	0.217053137400527
d__Bacteria.p__Bacillota_A.c__Clostridia.o__Lachnospirales.f__Lachnospiraceae.g__Roseburia.s__Roseburia.intestinalis	Group	PD	-0.685667141414915	0.288025516709457	146	75	0.0186035786788768	0.217053137400527
d__Bacteria.p__Bacillota_A.c__Clostridia.o__Oscillospirales.f__CAG.272.g__UMGS1696.s__UMGS1696.sp900753285	Group	PD	-0.193389089504069	0.081609501336118	146	15	0.0191385771417868	0.217053137400527
d__Bacteria.p__Bacillota_A.c__Clostridia.o__Oscillospirales.f__Oscillospiraceae.g__Vescimonas.s__Vescimonas.sp000435555	Group	PD	0.807143086091107	0.340452971703095	146	60	0.0190837591716176	0.217053137400527
d__Bacteria.p__Bacillota_I.c__Bacilli_A.o__Erysipelotrichales.f__Erysipelotrichaceae.g__Clostridium_AQ.s__Clostridium_AQ.innocuum	Group	PD	0.432374627466644	0.184074611487222	146	34	0.0201972675943363	0.222169943537699
d__Bacteria.p__Bacillota_A.c__Clostridia.o__Lachnospirales.f__Lachnospiraceae.g__Eubacterium_F.s__Eubacterium_F.sp900539115	Group	PD	-0.388936213482671	0.166498455689143	146	31	0.0208820790853527	0.226373842838316
d__Bacteria.p__Bacillota_I.c__Bacilli_A.o__Erysipelotrichales.f__Coprobacillaceae.g__Allocoprobacillus.s__Allocoprobacillus.merdigallinarum	Group	PD	0.209896530023705	0.090538056001679	146	15	0.0218495505015095	0.233478053930415
d__Bacteria.p__Bacillota_A.c__Clostridia.o__Oscillospirales.f__Acutalibacteraceae.g__Hominenteromicrobium.s__Hominenteromicrobium.sp900549945	Sex_Male1_Female2	Female	0.315648328497496	0.137077669112816	146	15	0.0227387410890673	0.239557441332709
d__Bacteria.p__Bacillota_A.c__Clostridia.o__Oscillospirales.f__Acutalibacteraceae.g__Clostridium_A.s__Clostridium_A.leptum	Group	PD	0.529561974145481	0.231209396057575	146	66	0.023460644229759	0.243730026164718
d__Bacteria.p__Bacillota.c__Bacilli.o__Lactobacillales.f__Streptococcaceae.g__Lactococcus.s__Lactococcus.lactis	Group	PD	0.450278922963871	0.202398351653181	146	42	0.0276669191732373	0.248293960226973
d__Bacteria.p__Bacillota_A.c__Clostridia.o__Christensenellales.f__Aristaeellaceae.g__Ventricola.s__Ventricola.sp900542395	Sex_Male1_Female2	Female	-0.435806722658651	0.195631628966866	146	42	0.027463122377503	0.248293960226973
d__Bacteria.p__Bacillota_A.c__Clostridia.o__Lachnospirales.f__Lachnospiraceae.g__Acetatifactor.s__Acetatifactor.acetigignens	Group	PD	-0.63754846645347	0.284959918325565	146	87	0.0268117794980672	0.248293960226973
d__Bacteria.p__Bacillota_A.c__Clostridia.o__Lachnospirales.f__Lachnospiraceae.g__Bariatricus.s__Bariatricus.comes_A	Group	PD	-0.568693810921043	0.252487610671717	146	120	0.025822352236154	0.248293960226973
d__Bacteria.p__Bacillota_A.c__Clostridia.o__Lachnospirales.f__Lachnospiraceae.g__Blautia_A.s__Blautia_A.acetigignens	Group	PD	-0.525801704078123	0.23351804487567	146	56	0.0258683318051358	0.248293960226973
d__Bacteria.p__Bacillota_A.c__Clostridia.o__Lachnospirales.f__Lachnospiraceae.g__Enterocloster.s__Enterocloster.bolteae	Group	PD	0.416772187340754	0.184045840682099	146	34	0.0250470170571905	0.248293960226973
d__Bacteria.p__Bacillota_A.c__Clostridia.o__Lachnospirales.f__Lachnospiraceae.g__Mediterraneibacter.s__Mediterraneibacter.torques	Group	PD	0.67836320107351	0.305331186843936	146	113	0.0278729350234379	0.248293960226973
d__Bacteria.p__Bacillota_A.c__Clostridia.o__Lachnospirales.f__Lachnospiraceae.g__Roseburia_D.s__Roseburia_D.yibonii	Group	PD	-0.33429422793342	0.15047591164918	146	20	0.0278832789559702	0.248293960226973
d__Bacteria.p__Bacillota_A.c__Clostridia.o__Oscillospirales.f__Acutalibacteraceae.g__Clostridium_A.s__Clostridium_A.leptum	Sex_Male1_Female2	Female	0.485112122577125	0.216115147369168	146	66	0.0263230208986466	0.248293960226973
d__Bacteria.p__Bacillota_A.c__Clostridia.o__Oscillospirales.f__Oscillospiraceae.g__Flavonifractor.s__Flavonifractor.plautii	Group	PD	0.500749144327205	0.222104752550773	146	65	0.0256803150531791	0.248293960226973
d__Bacteria.p__Bacillota_A.c__Clostridia.o__Oscillospirales.f__Ruminococcaceae.g__Gemmiger.s__Gemmiger.formicilis	Group	PD	-0.825575210101871	0.363576596651201	146	97	0.0246587400234771	0.248293960226973
d__Bacteria.p__Bacteroidota.c__Bacteroidia.o__Bacteroidales.f__Rikenellaceae.g__Alistipes.s__Alistipes.shahii	Group	PD	-0.643008700833519	0.287877835040453	146	88	0.0270609516753435	0.248293960226973
d__Bacteria.p__Pseudomonadota.c__Gammaproteobacteria.o__Enterobacterales.f__Enterobacteriaceae.g__Escherichia.s__Escherichia.coli_F	Group	PD	0.791350558101068	0.359730560836177	146	61	0.0294235608216554	0.258927335230567
d__Bacteria.p__Actinomycetota.c__Actinomycetes.o__Actinomycetales.f__Bifidobacteriaceae.g__Bifidobacterium.s__Bifidobacterium.adolescentis	Group	PD	0.890915950053526	0.411839718311409	146	67	0.0321830571799996	0.273555986029997
d__Bacteria.p__Bacillota_A.c__Clostridia.o__Lachnospirales.f__Lachnospiraceae.g__Limivivens.s__Limivivens.sp905214955	Group	PD	-0.333984987212087	0.153940837036122	146	56	0.0316918104937392	0.273555986029997
d__Bacteria.p__Bacillota_A.c__Clostridia.o__Lachnospirales.f__Lachnospiraceae.g__Mediterraneibacter.s__Mediterraneibacter.sp900541505	Sex_Male1_Female2	Female	0.239210996836753	0.110380254109877	146	22	0.0318789696817108	0.273555986029997
d__Bacteria.p__Bacillota_A.c__Clostridia.o__Lachnospirales.f__Lachnospiraceae.g__Blautia_A.s__Blautia_A.sp900551715	Sex_Male1_Female2	Female	-0.216303503895131	0.100979304317343	146	20	0.0338826967519711	0.284540600999377
d__Bacteria.p__Bacillota_A.c__Clostridia.o__Lachnospirales.f__Lachnospiraceae.g__Eubacterium_F.s__Eubacterium_F.sp900539115	Sex_Male1_Female2	Female	-0.332325257871917	0.155628788888137	146	31	0.0344345728446942	0.284540600999377
d__Bacteria.p__Bacillota_I.c__Bacilli_A.o__Erysipelotrichales.f__Coprobacillaceae.g__Faecalibacillus.s__Faecalibacillus.intestinalis	Group	PD	-0.514558655734432	0.24121596164377	146	87	0.0346165704424376	0.284540600999377
d__Bacteria.p__Bacillota_A.c__Clostridia.o__Lachnospirales.f__Lachnospiraceae.g__Jutongia.s__Jutongia.sp003524945	Group	PD	-0.312536284127572	0.147166663845428	146	15	0.035417398123297	0.285327573173377
d__Bacteria.p__Bacillota_A.c__Clostridia.o__Lachnospirales.f__Lachnospiraceae.g__Ventrisoma.s__Ventrisoma.faecale	Sex_Male1_Female2	Female	0.280311928672083	0.132699010414996	146	20	0.0363910438991978	0.285327573173377
d__Bacteria.p__Bacillota_A.c__Clostridia.o__Oscillospirales.f__CAG.272.g__UMGS1696.s__UMGS1696.sp900753285	Sex_Male1_Female2	Female	-0.161319096944783	0.076281715659979	146	15	0.0361830756841021	0.285327573173377
d__Bacteria.p__Bacillota_A.c__Clostridia.o__Oscillospirales.f__Ruminococcaceae.g__Faecalibacterium.s__Faecalibacterium.sp905215595	Sex_Male1_Female2	Female	-0.651869423983841	0.307125679506993	146	108	0.0355201511057899	0.285327573173377
d__Bacteria.p__Bacillota_A.c__Clostridia.o__Peptostreptococcales.f__Anaerovoracaceae.g__Fimisoma.s__Fimisoma.sp000435715	Sex_Male1_Female2	Female	0.342047708265726	0.162125260202007	146	25	0.036619581583749	0.285327573173377
d__Bacteria.p__Bacillota_A.c__Clostridia.o__Lachnospirales.f__Lachnospiraceae.g__Butyribacter.s__Butyribacter.sp003529475	Group	PD	-0.609123003043079	0.294245299723716	146	68	0.0402399881414438	0.310304238451546
d__Bacteria.p__Bacillota.c__Bacilli.o__Lactobacillales.f__Streptococcaceae.g__Streptococcus.s__Streptococcus.sp001556435	Group	PD	0.599886416404813	0.292803932596037	146	113	0.0423137698255706	0.32296632479109
d__Bacteria.p__Bacillota_A.c__Clostridia.o__Lachnospirales.f__Lachnospiraceae.g__Blautia.s__Blautia.stercoris	Group	PD	-0.503787433246509	0.249095813302901	146	35	0.0449927532529269	0.336545794331893
d__Bacteria.p__Bacillota_A.c__Clostridia.o__Lachnospirales.f__Lachnospiraceae.g__Blautia_A.s__Blautia_A.sp003474435	Group	PD	-0.27071358051227	0.133743831272683	146	18	0.0448199433626202	0.336545794331893
d__Bacteria.p__Bacillota_A.c__Clostridia.o__Lachnospirales.f__Lachnospiraceae.g__Eisenbergiella.s__Eisenbergiella.porci	Sex_Male1_Female2	Female	0.212529280900272	0.105688882077328	146	19	0.0462162056920412	0.338918841741636
d__Bacteria.p__Bacillota_A.c__Clostridia.o__Lachnospirales.f__Lachnospiraceae.g__Lachnospira.s__Lachnospira.sp000437735	Group	PD	-0.353796268303013	0.17586046699201	146	39	0.0461194174759156	0.338918841741636
d__Bacteria.p__Bacillota_A.c__Clostridia.o__Oscillospirales.f__Oscillospiraceae.g__CAG.103.s__CAG.103.sp905215475	Sex_Male1_Female2	Female	-0.547571816222456	0.272908269717266	146	51	0.0466957480100257	0.339110869043681
d__Bacteria.p__Bacillota_A.c__Clostridia.o__Lachnospirales.f__Lachnospiraceae.g__Eisenbergiella.s__Eisenbergiella.porci	Group	PD	0.226315492028061	0.113070568595348	146	19	0.0472259233417099	0.339663371726913
d__Bacteria.p__Bacillota_A.c__Clostridia.o__Oscillospirales.f__Oscillospiraceae.g__Evtepia.s__Evtepia.gabavorous	Group	PD	0.532842760194083	0.267076334543773	146	82	0.0479327158138128	0.341463537416495
d__Bacteria.p__Bacillota_A.c__Clostridia.o__Lachnospirales.f__Lachnospiraceae.g__Lachnoclostridium_B.s__Lachnoclostridium_B.ammoniilytica	Sex_Male1_Female2	Female	0.32347883887585	0.163475004563436	146	85	0.0497632888453163	0.344656852373116
d__Bacteria.p__Bacillota_A.c__Clostridia.o__Lachnospirales.f__Lachnospiraceae.g__Roseburia.s__Roseburia.intestinalis	Sex_Male1_Female2	Female	-0.534460346180805	0.269222090672493	146	75	0.049034815711823	0.344656852373116
d__Bacteria.p__Bacillota_A.c__Clostridia.o__Oscillospirales.f__Ruminococcaceae.g__Gemmiger.s__Gemmiger.qucibialis	Group	PD	0.586975695027158	0.296447186781571	146	125	0.0496190168400553	0.344656852373116
d__Bacteria.p__Bacillota_A.c__Clostridia.o__Oscillospirales.f__Acutalibacteraceae.g__UMGS1623.s__UMGS1623.sp934647945	Group	PD	0.26476513139451	0.1343710301284	146	36	0.0507235442209419	0.348084505296005
d__Bacteria.p__Bacillota_A.c__Clostridia.o__Lachnospirales.f__Lachnospiraceae.g__CAJJNI01.s__CAJJNI01.sp905193085	Group	PD	-0.183932022421349	0.0954254030399598	146	16	0.0559004307886086	0.354063279199605
d__Bacteria.p__Bacillota_A.c__Clostridia.o__Lachnospirales.f__Lachnospiraceae.g__Dorea_A.s__Dorea_A.longicatena	Sex_Male1_Female2	Female	-0.608149722884554	0.314449986493159	146	93	0.0550867818627051	0.354063279199605
d__Bacteria.p__Bacillota_A.c__Clostridia.o__Lachnospirales.f__Lachnospiraceae.g__Enterocloster.s__Enterocloster.sp000431375	Group	PD	-0.445448294747124	0.230320738898017	146	64	0.0550838401147377	0.354063279199605
d__Bacteria.p__Bacillota_A.c__Clostridia.o__Lachnospirales.f__Lachnospiraceae.g__Eubacterium_I.s__Eubacterium_I.ramulus	Group	PD	-0.437691513013707	0.226566445884275	146	77	0.0553560060035089	0.354063279199605
d__Bacteria.p__Bacillota_A.c__Clostridia.o__Lachnospirales.f__Lachnospiraceae.g__Hominifimenecus.s__Hominifimenecus.microfluidus	Sex_Male1_Female2	Female	-0.263446123234675	0.135938542497885	146	23	0.0545960959854476	0.354063279199605
d__Bacteria.p__Bacillota_A.c__Clostridia.o__Lachnospirales.f__Lachnospiraceae.g__Mediterraneibacter.s__Mediterraneibacter.faecis	Group	PD	-0.641605232008484	0.331308033323565	146	112	0.0547684537602581	0.354063279199605
d__Bacteria.p__Bacillota_A.c__Clostridia.o__Oscillospirales.f__Acutalibacteraceae.g__Hominenteromicrobium.s__Hominenteromicrobium.sp900549945	Group	PD	0.282321419867307	0.146651659887659	146	15	0.0562001018208491	0.354063279199605
d__Bacteria.p__Bacillota_A.c__Clostridia.o__Oscillospirales.f__Oscillospiraceae.g__Flavonifractor.s__Flavonifractor.plautii	Sex_Male1_Female2	Female	0.40631554328096	0.207604890403978	146	65	0.0522764984686501	0.354063279199605
d__Bacteria.p__Bacillota_A.c__Clostridia.o__Oscillospirales.f__Oscillospiraceae.g__Pseudoflavonifractor.s__Pseudoflavonifractor.faecis	Sex_Male1_Female2	Female	0.137713966417519	0.0715731328755346	146	17	0.0563282489635735	0.354063279199605
d__Bacteria.p__Bacillota_A.c__Clostridia.o__Oscillospirales.f__Ruminococcaceae.g__Faecalibacterium.s__Faecalibacterium.duncaniae	Group	PD	-0.641273772536025	0.33023004688886	146	105	0.0541149811006397	0.354063279199605
d__Bacteria.p__Bacillota_A.c__Clostridia.o__Lachnospirales.f__Lachnospiraceae.g__Scatomonas.s__Scatomonas.merdavium	Group	PD	0.219665350915868	0.115207079713647	146	19	0.0585652342098352	0.365056626574639
d__Bacteria.p__Bacillota_A.c__Clostridia.o__Oscillospirales.f__Ruminococcaceae.g__Faecalibacterium.s__Faecalibacterium.prausnitzii_E	Group	PD	-0.555854040369426	0.29325992953841	146	24	0.0600532848990796	0.371238488467038
d__Bacteria.p__Bacillota.c__Bacilli.o__Lactobacillales.f__Streptococcaceae.g__Streptococcus.s__Streptococcus.sp902463925	Group	PD	0.42002698127008	0.222131020232321	146	23	0.0606608485768497	0.371920612585931
d__Bacteria.p__Bacillota_I.c__Bacilli_A.o__Erysipelotrichales.f__Erysipelotrichaceae.g__Holdemanella.s__Holdemanella.porci	Sex_Male1_Female2	Female	-0.315587501814721	0.167822432767218	146	17	0.0620757515242221	0.377501318212343
d__Bacteria.p__Bacillota_A.c__Clostridia.o__Oscillospirales.f__Acutalibacteraceae.g__UMGS1071.s__UMGS1071.sp900542375	Sex_Male1_Female2	Female	0.34591088364606	0.184385348537119	146	61	0.0626905906336059	0.378165820918849
d__Bacteria.p__Bacillota_A.c__Clostridia.o__Lachnospirales.f__Lachnospiraceae.g__Frisingicoccus.s__Frisingicoccus.sp900757195	Sex_Male1_Female2	Female	-0.264252670383452	0.141611271304054	146	17	0.0640837178623082	0.3822854766962
d__Bacteria.p__Bacillota_A.c__Clostridia.o__Oscillospirales.f__Oscillospiraceae.g__Vescimonas.s__Vescimonas.coprocola	Sex_Male1_Female2	Female	-0.372023513837964	0.199601323217653	146	53	0.0643956819033706	0.3822854766962
d__Bacteria.p__Actinomycetota.c__Coriobacteriia.o__Coriobacteriales.f__Eggerthellaceae.g__Adlercreutzia.s__Adlercreutzia.equolifaciens	Group	PD	0.384372343146886	0.208001095047995	146	118	0.0666777497752429	0.389648100249076
d__Bacteria.p__Bacillota_A.c__Clostridia.o__Lachnospirales.f__Lachnospiraceae.g__Eubacterium_F.s__Eubacterium_F.sp000433735	Group	PD	-0.307377413127072	0.166025636384185	146	32	0.0661767601674386	0.389648100249076
d__Bacteria.p__Bacillota_A.c__Clostridia.o__Peptostreptococcales.f__Peptostreptococcaceae.g__Romboutsia.s__Romboutsia.timonensis	Group	PD	0.445190404836184	0.243759380543016	146	80	0.0698829567871391	0.40521280369597
d__Bacteria.p__Bacillota_A.c__Clostridia.o__Oscillospirales.f__Acutalibacteraceae.g__Anaeromassilibacillus.s__Anaeromassilibacillus.stercoravium	Group	PD	0.264563040140671	0.145700867192891	146	26	0.0714965752337376	0.411380294421813
d__Bacteria.p__Bacillota_A.c__Clostridia.o__Lachnospirales.f__Lachnospiraceae.g__Schaedlerella.s__Schaedlerella.glycyrrhizinilytica_A	Group	PD	0.309694180664987	0.172100073671086	146	42	0.0740480179015176	0.422808529697215
d__Bacteria.p__Bacillota_A.c__Clostridia.o__Lachnospirales.f__Lachnospiraceae.g__Lachnospira.s__Lachnospira.pectinoschiza_A	Group	PD	-0.514616607348133	0.286697314595449	146	58	0.0747686353633348	0.423688933725564
d__Bacteria.p__Actinomycetota.c__Coriobacteriia.o__Coriobacteriales.f__Eggerthellaceae.g__Gordonibacter.s__Gordonibacter.pamelaeae	Group	PD	0.242903253731052	0.135951703982754	146	34	0.0761065872061748	0.427680659820647
d__Bacteria.p__Bacillota_A.c__Clostridia.o__Lachnospirales.f__Lachnospiraceae.g__AF33.28.s__AF33.28.sp003477885	Group	PD	0.182550804557679	0.102402873345662	146	16	0.0767613088322221	0.427680659820647
d__Bacteria.p__Bacillota_A.c__Clostridia.o__Peptostreptococcales.f__Anaerovoracaceae.g__Lentihominibacter.s__Lentihominibacter.excrementipullorum	Group	PD	0.250042748502031	0.140468012354889	146	30	0.0771883543793948	0.427680659820647
d__Bacteria.p__Actinomycetota.c__Coriobacteriia.o__Coriobacteriales.f__Eggerthellaceae.g__Gordonibacter.s__Gordonibacter.urolithinfaciens	Sex_Male1_Female2	Female	0.214156452348625	0.121318561686317	146	20	0.0796578482929684	0.431768626979278
d__Bacteria.p__Bacillota_A.c__Clostridia.o__Lachnospirales.f__Lachnospiraceae.g__Frisingicoccus.s__Frisingicoccus.sp900757195	Group	PD	0.267508784618108	0.151501904941564	146	17	0.0795782982365305	0.431768626979278
d__Bacteria.p__Bacillota_I.c__Bacilli_A.o__Erysipelotrichales.f__Erysipelotrichaceae.g__Merdibacter.s__Merdibacter.merdipullorum	Sex_Male1_Female2	Female	0.209242770854489	0.118334638849938	146	18	0.0791549674614594	0.431768626979278
d__Bacteria.p__Bacillota_A.c__Clostridia.o__Lachnospirales.f__Lachnospiraceae.g__Faecalimonas.s__Faecalimonas.sp029983955	Sex_Male1_Female2	Female	0.296274173421247	0.169055960889783	146	25	0.0818274796782629	0.437192534281005
d__Bacteria.p__Bacteroidota.c__Bacteroidia.o__Bacteroidales.f__Tannerellaceae.g__Parabacteroides.s__Parabacteroides.merdae	Group	PD	0.409436442783555	0.233284358919903	146	79	0.081384428089973	0.437192534281005
d__Bacteria.p__Bacillota_A.c__Clostridia.o__Lachnospirales.f__Lachnospiraceae.g__Muricoprocola.s__Muricoprocola.aceti	Group	PD	-0.189640260006998	0.108974674350915	146	17	0.0839710863914221	0.445463635608395
d__Bacteria.p__Bacillota.c__Bacilli.o__MOL361.f__Turicibacteraceae.g__Turicibacter.s__Turicibacter.sanguinis	Group	PD	0.239810890641811	0.138945153625445	146	21	0.0865182835809276	0.455744198017844
d__Bacteria.p__Bacillota_A.c__Clostridia.o__Lachnospirales.f__Lachnospiraceae.g__Agathobacter.s__Agathobacter.faecis	Group	PD	-0.671957730911939	0.397211286290532	146	92	0.09288345241282	0.463178816031929
d__Bacteria.p__Bacillota_A.c__Clostridia.o__Lachnospirales.f__Lachnospiraceae.g__Blautia_A.s__Blautia_A.sp900066335	Group	PD	-0.44065369516712	0.259841989923134	146	31	0.0920898691175788	0.463178816031929
d__Bacteria.p__Bacillota_A.c__Clostridia.o__Lachnospirales.f__Lachnospiraceae.g__Pseudolachnospira.s__Pseudolachnospira.sp022867805	Sex_Male1_Female2	Female	-0.285831861747329	0.167633887520662	146	36	0.0903479516041818	0.463178816031929
d__Bacteria.p__Bacillota_A.c__Clostridia.o__Lachnospirales.f__Lachnospiraceae.g__Roseburia.s__Roseburia.hominis	Sex_Male1_Female2	Female	0.390722344361998	0.230724281925362	146	102	0.0925451522458373	0.463178816031929
d__Bacteria.p__Bacillota_A.c__Clostridia.o__Lachnospirales.f__Lachnospiraceae.g__Sellimonas.s__Sellimonas.intestinalis	Sex_Male1_Female2	Female	0.305468144913158	0.179532363572482	146	32	0.0910288623455017	0.463178816031929
d__Bacteria.p__Bacillota_A.c__Clostridia.o__Oscillospirales.f__Ruminococcaceae.g__Ruthenibacterium.s__Ruthenibacterium.merdipullorum	Sex_Male1_Female2	Female	0.234980951693529	0.138082334598606	146	16	0.0909762744363684	0.463178816031929
d__Bacteria.p__Bacillota_A.c__Clostridia.o__TANB77.f__CAG.508.g__CAG.269.s__CAG.269.sp003525075	Group	PD	-0.264737214126191	0.154737960391136	146	29	0.089272680454885	0.463178816031929
d__Bacteria.p__Bacteroidota.c__Bacteroidia.o__Bacteroidales.f__Rikenellaceae.g__Alistipes.s__Alistipes.sp902363575	Sex_Male1_Female2	Female	-0.379907727163969	0.222192049102467	146	26	0.0894686741350805	0.463178816031929
d__Bacteria.p__Bacillota_A.c__Clostridia.o__Lachnospirales.f__Lachnospiraceae.g__Hungatella.s__Hungatella.effluvii	Group	PD	0.257690664582701	0.15307902677232	146	16	0.0944827934287608	0.468033970097438
d__Bacteria.p__Actinomycetota.c__Actinomycetes.o__Actinomycetales.f__Bifidobacteriaceae.g__Bifidobacterium.s__Bifidobacterium.pseudocatenulatum	Group	PD	0.425414139551093	0.255886788195611	146	26	0.09860113298588	0.485221364956831
d__Bacteria.p__Bacillota_A.c__Clostridia.o__TANB77.f__CAG.508.g__CAG.269.s__CAG.269.sp000431335	Group	PD	-0.250334430801142	0.150908029552735	146	18	0.0993369165992841	0.485647147818722
d__Bacteria.p__Bacillota_A.c__Clostridia.o__Lachnospirales.f__Lachnospiraceae.g__Roseburia_D.s__Roseburia_D.yibonii	Sex_Male1_Female2	Female	-0.232699804330587	0.140652258844508	146	20	0.100232793531631	0.486844997153634
d__Bacteria.p__Bacillota_A.c__Clostridia.o__Lachnospirales.f__Lachnospiraceae.g__Dorea_D.s__Dorea_D.sp900543415	Group	PD	0.367780829429208	0.224270727278422	146	28	0.103224637625961	0.494948903488584
d__Bacteria.p__Bacillota_A.c__Clostridia.o__Lachnospirales.f__Lachnospiraceae.g__Roseburia.s__Roseburia.hominis	Group	PD	-0.405550311411859	0.246838884405709	146	102	0.102585007757287	0.494948903488584
d__Bacteria.p__Actinomycetota.c__Coriobacteriia.o__Coriobacteriales.f__Eggerthellaceae.g__Gordonibacter.s__Gordonibacter.pamelaeae	Sex_Male1_Female2	Female	0.20755722559457	0.127076247948011	146	34	0.104599843134995	0.498348297229146
d__Bacteria.p__Bacillota_A.c__Clostridia.o__Lachnospirales.f__Lachnospiraceae.g__Blautia_A.s__Blautia_A.ammoniilytica	Group	PD	0.301075708735325	0.185419590936651	146	56	0.10663075045754	0.498498758388999
d__Bacteria.p__Bacillota_A.c__Clostridia.o__Oscillospirales.f__Ruminococcaceae.g__Gemmiger.s__Gemmiger.sp900539695	Sex_Male1_Female2	Female	-0.279994774906028	0.172346552121327	146	65	0.106449232909724	0.498498758388999
d__Bacteria.p__Pseudomonadota.c__Gammaproteobacteria.o__Burkholderiales.f__Burkholderiaceae.g__Sutterella.s__Sutterella.wadsworthensis	Group	PD	0.176188403579148	0.108119412438706	146	15	0.105392781575523	0.498498758388999
d__Bacteria.p__Bacillota_A.c__Clostridia.o__Lachnospirales.f__Lachnospiraceae.g__Enterocloster.s__Enterocloster.sp900541315	Sex_Male1_Female2	Female	-0.242154910252029	0.149792752758694	146	35	0.108168676693993	0.502547640789482
d__Bacteria.p__Bacillota_I.c__Bacilli_A.o__RF39.f__UBA660.g__CAG.302.s__CAG.302.sp934162325	Group	PD	0.333566274386586	0.207023356841127	146	21	0.109330403924867	0.504809519356791
d__Bacteria.p__Bacillota_A.c__Clostridia.o__Oscillospirales.f__Oscillospiraceae.g__Faecousia.s__Faecousia.sp000435995	Sex_Male1_Female2	Female	0.342890082171089	0.213410329375379	146	50	0.110322278326799	0.50605668261676
d__Bacteria.p__Bacillota_A.c__Clostridia.o__TANB77.f__CAG.508.g__CAG.269.s__CAG.269.sp000437215	Sex_Male1_Female2	Female	-0.17446013247758	0.108775867784089	146	16	0.110953604210092	0.50605668261676
d__Bacteria.p__Bacillota_A.c__Clostridia.o__Oscillospirales.f__Oscillospiraceae.g__Lawsonibacter.s__Lawsonibacter.sp900066825	Group	PD	0.183305651902576	0.115239019168722	146	16	0.113895309358458	0.516325402425008
d__Bacteria.p__Bacillota_A.c__Clostridia.o__Oscillospirales.f__Ruminococcaceae.g__Anaerotruncus.s__Anaerotruncus.rubiinfantis	Group	PD	0.146763646929081	0.092913104081471	146	19	0.116412627813418	0.524558106050825
d__Bacteria.p__Bacillota_A.c__Clostridia.o__Lachnospirales.f__Lachnospiraceae.g__Lachnospira.s__Lachnospira.sp000437735	Sex_Male1_Female2	Female	0.258193487083855	0.164379611678604	146	39	0.118458967290561	0.52556368352961
d__Bacteria.p__Bacillota_A.c__Clostridia.o__Oscillospirales.f__Oscillospiraceae.g__Intestinimonas.s__Intestinimonas.massiliensis	Group	PD	0.21463413677879	0.136640764876556	146	30	0.118441163969017	0.52556368352961
d__Bacteria.p__Bacillota_A.c__Clostridia.o__Peptostreptococcales.f__Anaerovoracaceae.g__Alangreenwoodia.s__Alangreenwoodia.sp905206455	Group	PD	-0.278058951946263	0.177505473720899	146	51	0.119446291711275	0.52556368352961
d__Bacteria.p__Bacillota_I.c__Bacilli_A.o__Erysipelotrichales.f__Coprobacillaceae.g__Faecalibacillus.s__Faecalibacillus.faecis	Group	PD	0.257347610565827	0.164013618322882	146	30	0.118843521332337	0.52556368352961
d__Bacteria.p__Bacillota_A.c__Clostridia.o__Lachnospirales.f__Lachnospiraceae.g__Agathobacter.s__Agathobacter.faecis	Sex_Male1_Female2	Female	-0.578665724193244	0.371279788525542	146	92	0.121308478724609	0.530635918631624
d__Bacteria.p__Bacillota_A.c__Clostridia.o__Lachnospirales.f__Lachnospiraceae.g__Blautia_A.s__Blautia_A.caecimuris	Group	PD	0.436735771669829	0.282245505013131	146	36	0.123986408412029	0.537772723966299
d__Bacteria.p__Bacillota_A.c__Clostridia.o__Oscillospirales.f__Acutalibacteraceae.g__UMGS1623.s__UMGS1623.sp934647945	Sex_Male1_Female2	Female	0.194142859941082	0.125598766631069	146	36	0.124377916104505	0.537772723966299
d__Bacteria.p__Bacillota_A.c__Clostridia.o__Oscillospirales.f__Butyricicoccaceae.g__Agathobaculum.s__Agathobaculum.hominis	Group	PD	-0.316186462930848	0.205118137509174	146	42	0.125408874556596	0.539114012461688
d__Bacteria.p__Bacillota_A.c__Clostridia.o__Oscillospirales.f__Oscillospiraceae.g__Enterenecus.s__Enterenecus.sp900549885	Group	PD	0.22004832862822	0.143133807239107	146	34	0.126414683535157	0.54033247591027
d__Bacteria.p__Bacillota_A.c__Clostridia.o__Oscillospirales.f__Oscillospiraceae.g__CAG.170.s__CAG.170.sp002404795	Group	PD	-0.292225944553566	0.191037290887961	146	44	0.128305030340739	0.54529637894814
d__Bacteria.p__Bacillota_A.c__Clostridia.o__Oscillospirales.f__Ruminococcaceae.g__Anaerotruncus.s__Anaerotruncus.rubiinfantis	Sex_Male1_Female2	Female	-0.131678396410295	0.0868473752515389	146	19	0.131675060360518	0.556457317229761
d__Bacteria.p__Bacillota_I.c__Bacilli_A.o__Erysipelotrichales.f__Erysipelotrichaceae.g__Longicatena.s__Longicatena.caecimuris	Group	PD	0.254095441717773	0.167919630678624	146	28	0.132436682102281	0.55653167535116
d__Bacteria.p__Bacillota_A.c__Clostridia.o__Oscillospirales.f__Ruminococcaceae.g__Porcipelethomonas.s__Porcipelethomonas.sp900538575	Sex_Male1_Female2	Female	-0.380664401766814	0.252475148293612	146	22	0.133829676040691	0.559243562449366
d__Bacteria.p__Bacillota_A.c__Clostridia.o__Peptostreptococcales.f__Peptostreptococcaceae.g__Intestinibacter.s__Intestinibacter.sp900540355	Sex_Male1_Female2	Female	-0.186426653413868	0.124271945288355	146	18	0.135779981396499	0.564241256025453
d__Bacteria.p__Bacillota_A.c__Clostridia.o__Oscillospirales.f__Oscillospiraceae.g__CAG.103.s__CAG.103.sp000432375	Sex_Male1_Female2	Female	-0.50534587070906	0.338338844111421	146	44	0.13748110660738	0.568153965427184
d__Bacteria.p__Bacillota_A.c__Clostridia.o__Lachnospirales.f__Lachnospiraceae.g__Blautia_A.s__Blautia_A.ammoniilytica	Sex_Male1_Female2	Female	0.2581019259196	0.1733146788309	146	56	0.138634280708083	0.56977165917388
d__Bacteria.p__Bacillota_A.c__Clostridia.o__Lachnospirales.f__Lachnospiraceae.g__Blautia_A.s__Blautia_A.hydrogenotrophica	Group	PD	0.255403628324307	0.172401545829981	146	29	0.14068783746775	0.572017312752249
d__Bacteria.p__Bacillota_A.c__Clostridia.o__Oscillospirales.f__Ruminococcaceae.g__Harryflintia.s__Harryflintia.acetispora	Group	PD	0.137065825743218	0.0925268670177749	146	18	0.140710141104831	0.572017312752249
d__Bacteria.p__Actinomycetota.c__Coriobacteriia.o__Coriobacteriales.f__Coriobacteriaceae.g__Collinsella.s__Collinsella.sp023656745	Group	PD	0.464956771359315	0.317326784200919	146	111	0.145053366374504	0.582851262006119
d__Bacteria.p__Bacillota_A.c__Clostridia.o__Lachnospirales.f__Lachnospiraceae.g__Scatomonas.s__Scatomonas.hejianensis	Group	PD	0.195539162529384	0.133456569604459	146	26	0.145064443787983	0.582851262006119
d__Bacteria.p__Bacillota_A.c__Clostridia.o__Oscillospirales.f__Oscillospiraceae.g__Vescimonas.s__Vescimonas.sp900552475	Group	PD	-0.16086632300448	0.109970489030003	146	18	0.14571281550153	0.582851262006119
d__Bacteria.p__Bacillota_A.c__Clostridia.o__Lachnospirales.f__Lachnospiraceae.g__Blautia_A.s__Blautia_A.sp934424005	Group	PD	-0.461287758938401	0.319097410960805	146	122	0.150476947720402	0.586233108827401
d__Bacteria.p__Bacillota_A.c__Clostridia.o__Lachnospirales.f__Lachnospiraceae.g__Coprococcus.s__Coprococcus.aceti	Group	PD	-0.556956364639142	0.384028194586291	146	42	0.149164536484517	0.586233108827401
d__Bacteria.p__Bacillota_A.c__Clostridia.o__Lachnospirales.f__Lachnospiraceae.g__Faecalimonas.s__Faecalimonas.sp029983955	Group	PD	0.262222688178409	0.180863429024209	146	25	0.149293352260905	0.586233108827401
d__Bacteria.p__Bacillota_A.c__Clostridia.o__Oscillospirales.f__Ruminococcaceae.g__Faecalibacterium.s__Faecalibacterium.prausnitzii_D	Group	PD	-0.433295087258854	0.298092837081671	146	107	0.148260117084301	0.586233108827401
d__Bacteria.p__Pseudomonadota.c__Gammaproteobacteria.o__Burkholderiales.f__Burkholderiaceae.g__Parasutterella.s__Parasutterella.sp900552195	Group	PD	-0.311738489090093	0.215643817552253	146	49	0.150472502825547	0.586233108827401
d__Bacteria.p__Bacillota_A.c__Clostridia.o__Oscillospirales.f__Ruminococcaceae.g__Ruthenibacterium.s__Ruthenibacterium.lactatiformans	Sex_Male1_Female2	Female	0.311217978098803	0.216322957284777	146	111	0.15242832904528	0.587713351164276
d__Bacteria.p__Bacillota_A.c__Clostridia.o__Oscillospirales.f__Ruminococcaceae.g__Zongyangia.s__Zongyangia.gallinarum	Sex_Male1_Female2	Female	-0.177085239799216	0.123000351718503	146	23	0.152134089665176	0.587713351164276
d__Bacteria.p__Bacillota_A.c__Clostridia.o__Oscillospirales.f__Ruminococcaceae.g__Negativibacillus.s__Negativibacillus.sp000435195	Sex_Male1_Female2	Female	-0.29410052068043	0.205518975290895	146	49	0.154607934000962	0.593060177603688
d__Bacteria.p__Actinomycetota.c__Actinomycetes.o__Actinomycetales.f__Bifidobacteriaceae.g__Bifidobacterium.s__Bifidobacterium.bifidum	Group	PD	0.404279971495164	0.286835052269541	146	25	0.160872858898093	0.599442816376238
d__Bacteria.p__Bacillota_A.c__Clostridia.o__Lachnospirales.f__Lachnospiraceae.g__Scatomonas.s__Scatomonas.hejianensis	Sex_Male1_Female2	Female	0.175610013200679	0.124744005647025	146	26	0.161371337822288	0.599442816376238
d__Bacteria.p__Bacillota_A.c__Clostridia.o__Oscillospirales.f__Oscillospiraceae.g__Lawsonibacter.s__Lawsonibacter.aceti	Sex_Male1_Female2	Female	-0.1196772089391	0.0849012900155822	146	15	0.160827716002024	0.599442816376238
d__Bacteria.p__Bacillota_A.c__Clostridia.o__Oscillospirales.f__Oscillospiraceae.g__UBA738.s__UBA738.sp003522945	Sex_Male1_Female2	Female	-0.255033102274903	0.181318287539197	146	41	0.16173055028911	0.599442816376238
d__Bacteria.p__Bacillota_A.c__Clostridia.o__Oscillospirales.f__Ruminococcaceae.g__Porcipelethomonas.s__Porcipelethomonas.sp900538575	Group	PD	-0.380270576215335	0.270108908455164	146	22	0.161348121119853	0.599442816376238
d__Bacteria.p__Bacillota_I.c__Bacilli_A.o__Erysipelotrichales.f__Coprobacillaceae.g__Thomasclavelia.s__Thomasclavelia.spiroformis	Group	PD	0.182455958682141	0.129765895753203	146	21	0.161881616187166	0.599442816376238
d__Bacteria.p__Bacteroidota.c__Bacteroidia.o__Bacteroidales.f__Bacteroidaceae.g__Bacteroides.s__Bacteroides.fragilis	Group	PD	0.42585173699897	0.300045619494358	146	69	0.157990608524655	0.599442816376238
d__Bacteria.p__Bacillota_A.c__Clostridia.o__Oscillospirales.f__Oscillospiraceae.g__Pseudoflavonifractor.s__Pseudoflavonifractor.faecis	Group	PD	0.106430797952926	0.0765720544235292	146	17	0.166706079900687	0.614266737762137
d__Bacteria.p__Bacillota_A.c__Clostridia.o__Christensenellales.f__Aristaeellaceae.g__Pullichristensenella.s__Pullichristensenella.stercoripullorum	Sex_Male1_Female2	Female	-0.216666548714554	0.157533801061528	146	49	0.171168910540458	0.621525947010984
d__Bacteria.p__Bacillota_A.c__Clostridia.o__Lachnospirales.f__Lachnospiraceae.g__Wujia.s__Wujia.chipingensis	Group	PD	-0.316153344768199	0.229616459592434	146	26	0.170702377634684	0.621525947010984
d__Bacteria.p__Bacillota_A.c__Clostridia.o__Oscillospirales.f__Oscillospiraceae.g__HGM13006.s__HGM13006.sp900757695	Group	PD	-0.200730796745523	0.145792110533107	146	25	0.170716836160024	0.621525947010984
d__Bacteria.p__Actinomycetota.c__Actinomycetes.o__Actinomycetales.f__Bifidobacteriaceae.g__Bifidobacterium.s__Bifidobacterium.animalis_B	Group	PD	0.34906972382898	0.258906918151504	146	27	0.179711558421643	0.648171337563145
d__Bacteria.p__Bacillota_A.c__Clostridia.o__Oscillospirales.f__Oscillospiraceae.g__Hominicoprocola.s__Hominicoprocola.sp900317525	Sex_Male1_Female2	Female	-0.299456797616054	0.222380241413718	146	64	0.180240158038949	0.648171337563145
d__Bacteria.p__Bacillota_A.c__Clostridia.o__Oscillospirales.f__Ruminococcaceae.g__Faecalibacterium.s__Faecalibacterium.prausnitzii_I	Sex_Male1_Female2	Female	-0.263774522511314	0.196842413286766	146	63	0.182361342886648	0.6495537356153
d__Bacteria.p__Bacteroidota.c__Bacteroidia.o__Bacteroidales.f__Bacteroidaceae.g__Bacteroides.s__Bacteroides.xylanisolvens	Sex_Male1_Female2	Female	0.363787025690775	0.270948578185202	146	61	0.181515238329405	0.6495537356153
d__Bacteria.p__Actinomycetota.c__Coriobacteriia.o__Coriobacteriales.f__Eggerthellaceae.g__Adlercreutzia.s__Adlercreutzia.equolifaciens	Sex_Male1_Female2	Female	-0.258178062673236	0.194421974520671	146	118	0.186318161319102	0.660502296998524
d__Bacteria.p__Bacillota_A.c__Clostridia.o__Peptostreptococcales.f__Peptostreptococcaceae.g__Intestinibacter.s__Intestinibacter.sp900540355	Group	PD	0.17573319150996	0.132951538875427	146	18	0.188350773857348	0.664558390779701
d__Bacteria.p__Bacillota_A.c__Clostridia.o__Christensenellales.f__CAG.314.g__CAG.314.s__CAG.314.sp000437915	Sex_Male1_Female2	Female	-0.207836931616629	0.158073533296178	146	32	0.190677873361546	0.666517749840413
d__Bacteria.p__Bacillota_A.c__Clostridia.o__Oscillospirales.f__Oscillospiraceae.g__Intestinimonas.s__Intestinimonas.butyriciproducens	Group	PD	0.154854334422774	0.117779582426883	146	21	0.190688233243113	0.666517749840413
d__Bacteria.p__Bacillota_A.c__Clostridia.o__Lachnospirales.f__Lachnospiraceae.g__Roseburia.s__Roseburia.inulinivorans	Sex_Male1_Female2	Female	-0.280802968059032	0.214444647239057	146	78	0.192484443879386	0.669666809403632
d__Bacteria.p__Bacteroidota.c__Bacteroidia.o__Bacteroidales.f__Rikenellaceae.g__Alistipes.s__Alistipes.onderdonkii	Sex_Male1_Female2	Female	0.406398068389649	0.311226456716244	146	106	0.193718906516683	0.670841398492959
d__Bacteria.p__Bacteroidota.c__Bacteroidia.o__Bacteroidales.f__Bacteroidaceae.g__Phocaeicola.s__Phocaeicola.dorei	Sex_Male1_Female2	Female	-0.46467459972001	0.357281573657296	146	76	0.195493029808286	0.6738653746387
d__Bacteria.p__Bacillota_A.c__Clostridia.o__Lachnospirales.f__Lachnospiraceae.g__Blautia_A.s__Blautia_A.sp934394595	Sex_Male1_Female2	Female	-0.201485128672047	0.155560171881454	146	53	0.197330392339928	0.677078593900304
d__Bacteria.p__Bacillota_A.c__Clostridia.o__Lachnospirales.f__Lachnospiraceae.g__Agathobacter.s__Agathobacter.sp000434275	Sex_Male1_Female2	Female	-0.182618769464377	0.141502211988584	146	17	0.198934945721987	0.679467303196559
d__Bacteria.p__Bacillota_A.c__Clostridia.o__Lachnospirales.f__Lachnospiraceae.g__Lachnospira.s__Lachnospira.eligens	Group	PD	-0.361560972200629	0.282477334448645	146	90	0.202630163769218	0.685825169680431
d__Bacteria.p__Bacillota_A.c__Clostridia.o__Oscillospirales.f__Ruminococcaceae.g__UBA3818.s__UBA3818.sp900557155	Group	PD	-0.194938615225818	0.152015845712897	146	37	0.201792259076856	0.685825169680431
d__Bacteria.p__Bacillota.c__Bacilli.o__Lactobacillales.f__Streptococcaceae.g__Lactococcus.s__Lactococcus.lactis	Sex_Male1_Female2	Female	0.240106883479418	0.189185000007143	146	42	0.206444201571226	0.693622738382467
d__Bacteria.p__Bacillota_A.c__Clostridia.o__Lachnospirales.f__CAG.274.g__CAG.274.s__CAG.274.sp900545305	Sex_Male1_Female2	Female	-0.129080038350314	0.101919964860173	146	17	0.207398805553929	0.693622738382467
d__Bacteria.p__Bacillota_A.c__Clostridia.o__Lachnospirales.f__Lachnospiraceae.g__Acetatifactor.s__Acetatifactor.intestinalis	Group	PD	-0.34246202240609	0.272695389190849	146	50	0.211221670867968	0.693622738382467
d__Bacteria.p__Bacillota_A.c__Clostridia.o__Oscillospirales.f__Oscillospiraceae.g__Dysosmobacter.s__Dysosmobacter.segnis	Group	PD	-0.354105504508488	0.280401860799465	146	77	0.208698406541415	0.693622738382467
d__Bacteria.p__Bacillota_A.c__Clostridia.o__Oscillospirales.f__Oscillospiraceae.g__Dysosmobacter.s__Dysosmobacter.welbionis	Sex_Male1_Female2	Female	0.241624599497739	0.192619765561575	146	99	0.21173869007834	0.693622738382467
d__Bacteria.p__Bacillota_A.c__Clostridia.o__Oscillospirales.f__Oscillospiraceae.g__F23.B02.s__F23.B02.sp001916715	Group	PD	-0.402586467945144	0.321369937691203	146	36	0.212352415895167	0.693622738382467
d__Bacteria.p__Bacillota_A.c__Clostridia.o__Oscillospirales.f__Oscillospiraceae.g__Faecousia.s__Faecousia.sp000434635	Group	PD	-0.341989905464853	0.271411265831112	146	51	0.209706217344982	0.693622738382467
d__Bacteria.p__Bacillota_A.c__Clostridia.o__Peptostreptococcales.f__Peptostreptococcaceae.g__Intestinibacter.s__Intestinibacter.bartlettii	Group	PD	0.289996003325729	0.229919619057371	146	54	0.209257026728197	0.693622738382467
d__Bacteria.p__Bacillota_A.c__Clostridia.o__Oscillospirales.f__Ruminococcaceae.g__Faecalibacterium.s__Faecalibacterium.sp900539945	Sex_Male1_Female2	Female	-0.32130689999506	0.257323999720107	146	80	0.213834463521095	0.695426863972954
d__Bacteria.p__Bacillota_A.c__Clostridia.o__Lachnospirales.f__Lachnospiraceae.g__Otoolea.s__Otoolea.symbiosa	Group	PD	0.12918082694756	0.10382949869183	146	15	0.21547502402257	0.697466512813537
d__Bacteria.p__Bacteroidota.c__Bacteroidia.o__Bacteroidales.f__Barnesiellaceae.g__Barnesiella.s__Barnesiella.intestinihominis	Group	PD	0.377748288534581	0.30418300675698	146	83	0.216326511995643	0.697466512813537
d__Bacteria.p__Bacteroidota.c__Bacteroidia.o__Bacteroidales.f__Rikenellaceae.g__Alistipes.s__Alistipes.sp902363575	Group	PD	-0.294271249172752	0.237710730169327	146	26	0.217767500117771	0.699099099090528
d__Bacteria.p__Bacillota_A.c__Clostridia.o__Christensenellales.f__Aristaeellaceae.g__UBA11524.s__UBA11524.sp000437595	Sex_Male1_Female2	Female	-0.439667201869999	0.356776706433699	146	56	0.219847579716076	0.700966302337716
d__Bacteria.p__Bacillota_A.c__Clostridia.o__Lachnospirales.f__Lachnospiraceae.g__Anaerostipes.s__Anaerostipes.amylophilus	Sex_Male1_Female2	Female	-0.318226921665492	0.258443144411436	146	41	0.220223370386849	0.700966302337716
d__Bacteria.p__Bacteroidota.c__Bacteroidia.o__Bacteroidales.f__Bacteroidaceae.g__Paraprevotella.s__Paraprevotella.clara	Sex_Male1_Female2	Female	-0.166852124266643	0.135790033153748	146	19	0.221183490664324	0.701039199224213
d__Bacteria.p__Bacillota_A.c__Clostridia.o__Oscillospirales.f__Ruminococcaceae.g__Angelakisella.s__Angelakisella.sp900547385	Sex_Male1_Female2	Female	-0.197083753938421	0.1611884417278	146	40	0.223457513678897	0.701291200448196
d__Bacteria.p__Bacillota_A.c__Clostridia.o__Oscillospirales.f__Ruminococcaceae.g__Gemmiger.s__Gemmiger.qucibialis	Sex_Male1_Female2	Female	-0.339543679634548	0.277093961365309	146	125	0.222448821942236	0.701291200448196
d__Bacteria.p__Desulfobacterota.c__Desulfovibrionia.o__Desulfovibrionales.f__Desulfovibrionaceae.g__Desulfovibrio.s__Desulfovibrio.sp018379785	Sex_Male1_Female2	Female	-0.146708694165605	0.120149403098234	146	23	0.22407566431433	0.701291200448196
d__Bacteria.p__Bacillota.c__Bacilli.o__Lactobacillales.f__Streptococcaceae.g__Streptococcus.s__Streptococcus.thermophilus	Sex_Male1_Female2	Female	0.304228628928797	0.251555654538905	146	75	0.228509104877506	0.706420579645541
d__Bacteria.p__Bacillota_A.c__Clostridia.o__Christensenellales.f__CAG.138.g__UBA1685.s__UBA1685.sp002320595	Sex_Male1_Female2	Female	-0.180476423669551	0.149130335282089	146	19	0.228201622517797	0.706420579645541
d__Bacteria.p__Bacillota_A.c__Clostridia.o__Lachnospirales.f__Lachnospiraceae.g__Limivivens.s__Limivivens.sp905214955	Sex_Male1_Female2	Female	-0.173448251078139	0.143890980424991	146	56	0.230034261555131	0.706420579645541
d__Bacteria.p__Bacillota_A.c__Clostridia.o__Oscillospirales.f__Oscillospiraceae.g__F23.B02.s__F23.B02.sp001916715	Sex_Male1_Female2	Female	-0.36285240457822	0.300389658155846	146	36	0.229064614200647	0.706420579645541
d__Bacteria.p__Bacillota_A.c__Clostridia.o__Oscillospirales.f__Ruminococcaceae.g__Anaerotruncus.s__Anaerotruncus.colihominis	Group	PD	0.123995761905228	0.102954973798188	146	19	0.230436659670471	0.706420579645541
d__Bacteria.p__Bacillota_A.c__Clostridia.o__Lachnospirales.f__Lachnospiraceae.g__UBA4285.s__UBA4285.sp900545225	Group	PD	0.155392537302647	0.129409203367702	146	21	0.231820137131205	0.707761071731188
d__Bacteria.p__Verrucomicrobiota.c__Verrucomicrobiae.o__Verrucomicrobiales.f__Akkermansiaceae.g__Akkermansia.s__Akkermansia.muciniphila	Group	PD	0.551799123319078	0.46091545054701	146	54	0.233216920264337	0.709131123405382
d__Bacteria.p__Bacteroidota.c__Bacteroidia.o__Bacteroidales.f__Bacteroidaceae.g__Bacteroides.s__Bacteroides.cellulosilyticus	Sex_Male1_Female2	Female	-0.373308368301285	0.312501808094112	146	70	0.234228829178345	0.709324551519846
d__Bacteria.p__Bacillota_A.c__Clostridia.o__Lachnospirales.f__Lachnospiraceae.g__Coprococcus_A.s__Coprococcus_A.catus_A	Group	PD	-0.283932623108387	0.241033901328892	146	93	0.240762031763119	0.715051644010443
d__Bacteria.p__Bacillota_A.c__Clostridia.o__Lachnospirales.f__Lachnospiraceae.g__Dorea_A.s__Dorea_A.amylophila	Group	PD	-0.308490279267896	0.261860184470651	146	69	0.240724468643924	0.715051644010443
d__Bacteria.p__Bacillota_A.c__Clostridia.o__Lachnospirales.f__Lachnospiraceae.g__Mediterraneibacter_A.s__Mediterraneibacter_A.butyricigenes	Sex_Male1_Female2	Female	-0.139569037460476	0.117619611781775	146	29	0.237347691048718	0.715051644010443
d__Bacteria.p__Bacillota_A.c__Clostridia.o__Oscillospirales.f__Acutalibacteraceae.g__Anaeromassilibacillus.s__Anaeromassilibacillus.stercoravium	Sex_Male1_Female2	Female	0.160910839015317	0.136188947863373	146	26	0.239354852997391	0.715051644010443
d__Bacteria.p__Bacillota_I.c__Bacilli_A.o__Erysipelotrichales.f__Coprobacillaceae.g__Faecalibacillus.s__Faecalibacillus.intestinalis	Sex_Male1_Female2	Female	-0.264977338101541	0.225468445432284	146	87	0.241855703121179	0.715051644010443
d__Bacteria.p__Pseudomonadota.c__Gammaproteobacteria.o__Burkholderiales.f__Burkholderiaceae.g__Parasutterella.s__Parasutterella.gallistercoris	Group	PD	-0.161344920717619	0.137088265204632	146	18	0.241174008395388	0.715051644010443
d__Bacteria.p__Bacillota_A.c__Clostridia.o__Christensenellales.f__Aristaeellaceae.g__Pullichristensenella.s__Pullichristensenella.sp946496415	Group	PD	0.158860257792485	0.13557743884431	146	33	0.243253710113884	0.716353445532226
d__Bacteria.p__Bacillota_A.c__Clostridia.o__Christensenellales.f__QAND01.g__QAND01.s__QAND01.sp003150225	Group	PD	0.167582877248673	0.144899680855286	146	25	0.249387091180699	0.716456647167056
d__Bacteria.p__Bacillota_A.c__Clostridia.o__Christensenellales.f__QAND01.g__QAND01.s__QAND01.sp003150225	Sex_Male1_Female2	Female	0.156893617487584	0.135440066086188	146	25	0.248632232283563	0.716456647167056
d__Bacteria.p__Bacillota_A.c__Clostridia.o__Lachnospirales.f__Lachnospiraceae.g__Blautia_A.s__Blautia_A.hydrogenotrophica	Sex_Male1_Female2	Female	0.187694999544432	0.161146502343877	146	29	0.246060558497446	0.716456647167056
d__Bacteria.p__Bacillota_A.c__Clostridia.o__Lachnospirales.f__Lachnospiraceae.g__Brotaphodocola.s__Brotaphodocola.sp003480315	Sex_Male1_Female2	Female	-0.101689475809049	0.0872508643514839	146	21	0.245763532800857	0.716456647167056
d__Bacteria.p__Bacillota_A.c__Clostridia.o__Lachnospirales.f__Lachnospiraceae.g__Roseburia_C.s__Roseburia_C.amylophila	Sex_Male1_Female2	Female	-0.302069944526818	0.260684754588314	146	49	0.248487184706422	0.716456647167056
d__Bacteria.p__Bacillota_A.c__Clostridia.o__Oscillospirales.f__Oscillospiraceae.g__Lawsonibacter_A.s__Lawsonibacter_A.hominis	Group	PD	0.163056779316532	0.140180830975155	146	31	0.24669020273039	0.716456647167056
d__Bacteria.p__Bacillota_A.c__Clostridia.o__Oscillospirales.f__Oscillospiraceae.g__Vescimonas.s__Vescimonas.cirricatena	Group	PD	0.287798178989398	0.249163638984129	146	38	0.249993562714708	0.716456647167056
d__Bacteria.p__Bacillota_A.c__Clostridia.o__Lachnospirales.f__Lachnospiraceae.g__Blautia_A.s__Blautia_A.faecis	Sex_Male1_Female2	Female	0.251243572772563	0.217973772967918	146	140	0.250984568480637	0.716551363448537
d__Bacteria.p__Bacillota.c__Bacilli.o__Lactobacillales.f__Streptococcaceae.g__Streptococcus.s__Streptococcus.parasanguinis_G	Group	PD	0.275521838778044	0.242563723562259	146	57	0.257909363961122	0.730979196233953
d__Bacteria.p__Bacillota_A.c__Clostridia.o__Lachnospirales.f__Lachnospiraceae.g__Blautia_A.s__Blautia_A.sp900120195	Group	PD	0.228332344918126	0.201469325860521	146	35	0.258969902409088	0.730979196233953
d__Bacteria.p__Bacteroidota.c__Bacteroidia.o__Bacteroidales.f__Rikenellaceae.g__Alistipes_A.s__Alistipes_A.indistinctus	Group	PD	0.239422144993662	0.210993944103839	146	51	0.25838499165148	0.730979196233953
d__Bacteria.p__Bacillota_A.c__Clostridia.o__Lachnospirales.f__Lachnospiraceae.g__Lachnoclostridium_B.s__Lachnoclostridium_B.acetigenes	Sex_Male1_Female2	Female	0.127565301043409	0.113500759381502	146	19	0.262931912874504	0.734842858255611
d__Bacteria.p__Bacillota_A.c__Clostridia.o__Oscillospirales.f__Oscillospiraceae.g__CAG.170.s__CAG.170.sp900553545	Sex_Male1_Female2	Female	-0.112639583714515	0.0999837451950772	146	17	0.261807514938405	0.734842858255611
d__Bacteria.p__Bacillota_A.c__Clostridia.o__Oscillospirales.f__Oscillospiraceae.g__Dysosmobacter.s__Dysosmobacter.faecalis	Sex_Male1_Female2	Female	0.154008148851429	0.137130294214005	146	30	0.263285943866984	0.734842858255611
d__Bacteria.p__Bacillota_I.c__Bacilli_A.o__Erysipelotrichales.f__Coprobacillaceae.g__Coprobacillus.s__Coprobacillus.cateniformis	Group	PD	0.12325891119462	0.109984189512695	146	15	0.264295584664055	0.734918577430161
d__Bacteria.p__Bacillota_A.c__Clostridia.o__Lachnospirales.f__Lachnospiraceae.g__Eubacterium_G.s__Eubacterium_G.sp000434315	Group	PD	-0.182134607943559	0.163127294407019	146	33	0.266072892623546	0.73712045808301
d__Bacteria.p__Bacillota_A.c__Clostridia.o__Peptostreptococcales.f__Anaerovoracaceae.g__Fimisoma.s__Fimisoma.avicola	Sex_Male1_Female2	Female	0.139723867547266	0.125726613510332	146	20	0.268290965045125	0.740522663666987
d__Bacteria.p__Bacillota_A.c__Clostridia.o__Lachnospirales.f__Lachnospiraceae.g__Blautia_A.s__Blautia_A.sp900548245	Group	PD	-0.259309577099668	0.235711713497789	146	47	0.273131280424628	0.744036662974332
d__Bacteria.p__Bacillota_A.c__Clostridia.o__Oscillospirales.f__Acutalibacteraceae.g__Acutalibacter.s__Acutalibacter.ornithocaccae	Group	PD	0.27621347319398	0.25107763475036	146	49	0.273131898334222	0.744036662974332
d__Bacteria.p__Bacillota_A.c__Clostridia.o__Oscillospirales.f__Oscillospiraceae.g__Faecousia.s__Faecousia.sp003525905	Sex_Male1_Female2	Female	0.287138063174792	0.261777130632084	146	85	0.274537592220475	0.744036662974332
d__Bacteria.p__Pseudomonadota.c__Gammaproteobacteria.o__Burkholderiales.f__Burkholderiaceae.g__Parasutterella.s__Parasutterella.gallistercoris	Sex_Male1_Female2	Female	-0.1413076556069	0.128138610032548	146	18	0.271978679881694	0.744036662974332
d__Bacteria.p__Pseudomonadota.c__Gammaproteobacteria.o__Enterobacterales.f__Enterobacteriaceae.g__Escherichia.s__Escherichia.coli_F	Sex_Male1_Female2	Female	-0.369559649076908	0.336245950614153	146	61	0.273582135748159	0.744036662974332
d__Bacteria.p__Bacillota_A.c__Clostridia.o__Lachnospirales.f__Lachnospiraceae.g__Dorea_D.s__Dorea_D.sp000433535	Sex_Male1_Female2	Female	0.234805903967811	0.214807974127292	146	42	0.276189326261867	0.74581088824504
d__Bacteria.p__Bacillota_A.c__Clostridia.o__Christensenellales.f__Aristaeellaceae.g__Egerieenecus.s__Egerieenecus.sp900553315	Group	PD	0.10906987343291	0.104109393752453	146	18	0.296568860993627	0.749020014744105
d__Bacteria.p__Bacillota_A.c__Clostridia.o__Christensenellales.f__Aristaeellaceae.g__Pullichristensenella.s__Pullichristensenella.sp946496415	Sex_Male1_Female2	Female	-0.135671846199686	0.126726416293549	146	33	0.286158134026587	0.749020014744105
d__Bacteria.p__Bacillota_A.c__Clostridia.o__Clostridiales.f__Clostridiaceae.g__Clostridium.s__Clostridium.sp900540255	Group	PD	0.14912957141126	0.141245591501728	146	19	0.292832083096438	0.749020014744105
d__Bacteria.p__Bacillota_A.c__Clostridia.o__Lachnospirales.f__Lachnospiraceae.g__CAG.194.s__CAG.194.sp000432915	Group	PD	-0.239731124031589	0.228176249521452	146	32	0.295196176912008	0.749020014744105
d__Bacteria.p__Bacillota_A.c__Clostridia.o__Lachnospirales.f__Lachnospiraceae.g__Dorea_A.s__Dorea_A.longicatena	Group	PD	-0.365597305520356	0.336412289246915	146	93	0.27897411096572	0.749020014744105
d__Bacteria.p__Bacillota_A.c__Clostridia.o__Lachnospirales.f__Lachnospiraceae.g__JAGTTR01.s__JAGTTR01.sp018223385	Sex_Male1_Female2	Female	0.0807268838449184	0.0764220057810602	146	15	0.292598622561096	0.749020014744105
d__Bacteria.p__Bacillota_A.c__Clostridia.o__Lachnospirales.f__Lachnospiraceae.g__Mediterraneibacter.s__Mediterraneibacter.sp934330165	Group	PD	-0.282723299319131	0.270013717467233	146	49	0.296833805290503	0.749020014744105
d__Bacteria.p__Bacillota_A.c__Clostridia.o__Monoglobales.f__Monoglobaceae.g__Monoglobus.s__Monoglobus.pectinilyticus	Group	PD	0.251497579066379	0.233643972095282	146	62	0.283554913050256	0.749020014744105
d__Bacteria.p__Bacillota_A.c__Clostridia.o__Oscillospirales.f__Acutalibacteraceae.g__Acutalibacter.s__Acutalibacter.sp900548545	Group	PD	0.146232820531961	0.135893634622746	146	24	0.283702307520612	0.749020014744105
d__Bacteria.p__Bacillota_A.c__Clostridia.o__Oscillospirales.f__Oscillospiraceae.g__Dysosmobacter.s__Dysosmobacter.welbionis	Group	PD	0.219702284946712	0.206073013420795	146	99	0.288157950805391	0.749020014744105
d__Bacteria.p__Bacillota_A.c__Clostridia.o__Oscillospirales.f__Oscillospiraceae.g__Hominicoprocola.s__Hominicoprocola.sp934835795	Group	PD	-0.273345514532367	0.259442729602721	146	89	0.29384895502003	0.749020014744105
d__Bacteria.p__Bacillota_A.c__Clostridia.o__Oscillospirales.f__Oscillospiraceae.g__Lawsonibacter.s__Lawsonibacter.asaccharolyticus	Group	PD	-0.225185641255114	0.212364152825172	146	85	0.290761711876444	0.749020014744105
d__Bacteria.p__Bacillota_A.c__Clostridia.o__Oscillospirales.f__Oscillospiraceae.g__UBA738.s__UBA738.sp003522945	Group	PD	0.203235069465946	0.193982200074665	146	41	0.29654462089993	0.749020014744105
d__Bacteria.p__Bacillota_A.c__Clostridia.o__Oscillospirales.f__Oscillospiraceae.g__Vescimonas.s__Vescimonas.sp900552475	Sex_Male1_Female2	Female	0.111212640607441	0.1027911877641	146	18	0.281105724674234	0.749020014744105
d__Bacteria.p__Bacillota_A.c__Clostridia.o__Oscillospirales.f__Ruminococcaceae.g__Faecalibacterium.s__Faecalibacterium.duncaniae	Sex_Male1_Female2	Female	-0.33127298072098	0.308671344962734	146	105	0.28497909792038	0.749020014744105
d__Bacteria.p__Bacillota_A.c__Clostridia.o__Peptostreptococcales.f__Anaerovoracaceae.g__CAG.238.s__CAG.238.sp900542245	Sex_Male1_Female2	Female	0.107267180223814	0.10029535307459	146	19	0.286640566319362	0.749020014744105
d__Bacteria.p__Bacillota_A.c__Clostridia.o__UBA1381.f__UBA1381.g__Hominilimicola.s__Hominilimicola.fabiformis	Sex_Male1_Female2	Female	-0.21393601915384	0.204561368130605	146	116	0.297405005854277	0.749020014744105
d__Bacteria.p__Bacteroidota.c__Bacteroidia.o__Bacteroidales.f__Bacteroidaceae.g__Phocaeicola.s__Phocaeicola.vulgatus	Sex_Male1_Female2	Female	0.339735190186977	0.318553215771606	146	114	0.287997526852302	0.749020014744105
d__Bacteria.p__Bacteroidota.c__Bacteroidia.o__Bacteroidales.f__Rikenellaceae.g__Alistipes.s__Alistipes.dispar	Group	PD	-0.187633504408182	0.176438961616775	146	20	0.289371746892483	0.749020014744105
d__Bacteria.p__Cyanobacteriota.c__Vampirovibrionia.o__Gastranaerophilales.f__Gastranaerophilaceae.g__CAG.196.s__CAG.196.sp002102975	Sex_Male1_Female2	Female	0.133439782212568	0.123532751935211	146	19	0.281872652242126	0.749020014744105
d__Bacteria.p__Bacillota_A.c__Clostridia.o__TANB77.f__CAG.508.g__Merdicola.s__Merdicola.sp018371855	Group	PD	0.222103261461794	0.213092426198875	146	17	0.299037975041443	0.750605387016776
d__Bacteria.p__Bacillota_A.c__Clostridia.o__Christensenellales.f__CAG.138.g__SFEL01.s__SFEL01.sp004557245	Sex_Male1_Female2	Female	-0.226800890202428	0.22088799963245	146	48	0.306263057628599	0.752362279756233
d__Bacteria.p__Bacillota_A.c__Clostridia.o__Lachnospirales.f__Lachnospiraceae.g__Anaerobutyricum.s__Anaerobutyricum.hallii	Group	PD	-0.307521408368666	0.297991874682828	146	113	0.303824071246263	0.752362279756233
d__Bacteria.p__Bacillota_A.c__Clostridia.o__Lachnospirales.f__Lachnospiraceae.g__Dorea_D.s__Dorea_D.hominis	Sex_Male1_Female2	Female	-0.156867078879969	0.152829206756634	146	44	0.306426379670249	0.752362279756233
d__Bacteria.p__Bacillota_A.c__Clostridia.o__Oscillospirales.f__Oscillospiraceae.g__Lawsonibacter_A.s__Lawsonibacter_A.hominis	Sex_Male1_Female2	Female	0.134557764444913	0.131029281080705	146	31	0.306187854490616	0.752362279756233
d__Bacteria.p__Bacillota_A.c__Clostridia.o__Peptostreptococcales.f__Anaerovoracaceae.g__Hominibacterium.s__Hominibacterium.hominis	Group	PD	0.169930429487542	0.164627225869567	146	42	0.303714735025457	0.752362279756233
d__Bacteria.p__Bacteroidota.c__Bacteroidia.o__Bacteroidales.f__Bacteroidaceae.g__Bacteroides.s__Bacteroides.thetaiotaomicron	Sex_Male1_Female2	Female	0.249120374157074	0.241631648506427	146	94	0.304285008411882	0.752362279756233
d__Bacteria.p__Bacteroidota.c__Bacteroidia.o__Bacteroidales.f__Bacteroidaceae.g__Bacteroides.s__Bacteroides.xylanisolvens	Group	PD	-0.297313802225855	0.289872588235787	146	61	0.306778737066379	0.752362279756233
d__Bacteria.p__Bacillota_A.c__Clostridia.o__Lachnospirales.f__Lachnospiraceae.g__Coprococcus.s__Coprococcus.aceti	Sex_Male1_Female2	Female	-0.36574340980919	0.358957340324805	146	42	0.30996882330365	0.753227846673509
d__Bacteria.p__Bacillota_A.c__Clostridia.o__Lachnospirales.f__Lachnospiraceae.g__Lachnospira.s__Lachnospira.pectinoschiza_A	Sex_Male1_Female2	Female	-0.272019952540907	0.267980598758672	146	58	0.311785261955275	0.753227846673509
d__Bacteria.p__Bacillota_A.c__Clostridia.o__Lachnospirales.f__Lachnospiraceae.g__UBA11774.s__UBA11774.sp003507655	Sex_Male1_Female2	Female	-0.270864236824003	0.267053187644877	146	109	0.312166620947577	0.753227846673509
d__Bacteria.p__Bacillota_A.c__Clostridia.o__Oscillospirales.f__Oscillospiraceae.g__Faecousia.s__Faecousia.sp000435995	Group	PD	-0.233015934530796	0.228315663978161	146	50	0.30917379171325	0.753227846673509
d__Bacteria.p__Bacteroidota.c__Bacteroidia.o__Bacteroidales.f__Tannerellaceae.g__Parabacteroides.s__Parabacteroides.segnis	Sex_Male1_Female2	Female	0.131756700297201	0.129532069990626	146	25	0.310788354530838	0.753227846673509
d__Bacteria.p__Bacillota_A.c__Clostridia.o__Oscillospirales.f__Acutalibacteraceae.g__Acutalibacter.s__Acutalibacter.sp900548545	Sex_Male1_Female2	Female	-0.128396681541479	0.127021969581692	146	24	0.31380863009125	0.75393702410461
d__Bacteria.p__Bacillota_A.c__Clostridia.o__Oscillospirales.f__Ruminococcaceae.g__Anaerotruncus.s__Anaerotruncus.massiliensis	Sex_Male1_Female2	Female	-0.123367880616736	0.122216143093188	146	20	0.314476405776254	0.75393702410461
d__Bacteria.p__Bacillota_A.c__Clostridia.o__Lachnospirales.f__Lachnospiraceae.g__JAGZHZ01.s__JAGZHZ01.sp018366495	Sex_Male1_Female2	Female	0.129407950059383	0.128629092448457	146	17	0.316088408222953	0.755380604954532
d__Bacteria.p__Bacillota_A.c__Clostridia.o__Oscillospirales.f__Oscillospiraceae.g__CAG.170.s__CAG.170.sp000432135	Group	PD	-0.259163519251384	0.259010987721956	146	68	0.318715733330658	0.759233657743095
d__Bacteria.p__Bacteroidota.c__Bacteroidia.o__Bacteroidales.f__Bacteroidaceae.g__Bacteroides.s__Bacteroides.ovatus	Group	PD	0.279227213617989	0.281610438765046	146	96	0.323098161608267	0.767229920263441
d__Bacteria.p__Bacillota_A.c__Clostridia.o__Oscillospirales.f__Oscillospiraceae.g__HGM13006.s__HGM13006.sp900757695	Sex_Male1_Female2	Female	-0.134684515260863	0.136274234483439	146	25	0.324658244317656	0.768494831486097
d__Bacteria.p__Bacillota_A.c__Clostridia.o__Lachnospirales.f__Lachnospiraceae.g__Ventrisoma.s__Ventrisoma.faecale	Group	PD	0.139767081190822	0.141967180130505	146	20	0.326531169461842	0.770489951916272
d__Bacteria.p__Bacillota_A.c__Clostridia.o__Lachnospirales.f__Lachnospiraceae.g__Choladousia.s__Choladousia.sp902363135	Sex_Male1_Female2	Female	-0.181969298236998	0.185871971687852	146	100	0.329231638350054	0.771991427855299
d__Bacteria.p__Pseudomonadota.c__Gammaproteobacteria.o__Burkholderiales.f__Burkholderiaceae.g__Sutterella.s__Sutterella.wadsworthensis_A	Sex_Male1_Female2	Female	-0.12370150264194	0.126172036734379	146	19	0.328534966238633	0.771991427855299
d__Bacteria.p__Actinomycetota.c__Actinomycetes.o__Actinomycetales.f__Bifidobacteriaceae.g__Bifidobacterium.s__Bifidobacterium.bifidum	Sex_Male1_Female2	Female	-0.253613024110534	0.268109344381654	146	25	0.345779250028045	0.778891634342903
d__Bacteria.p__Actinomycetota.c__Coriobacteriia.o__Coriobacteriales.f__Coriobacteriaceae.g__Collinsella.s__Collinsella.sp023656745	Sex_Male1_Female2	Female	-0.285902747708971	0.296610457451687	146	111	0.336723372904692	0.778891634342903
d__Bacteria.p__Bacillota_A.c__Clostridia.o__Christensenellales.f__Aristaeellaceae.g__Pullichristensenella.s__Pullichristensenella.stercoripullorum	Group	PD	0.161167512412001	0.16853652067188	146	49	0.340546417230815	0.778891634342903
d__Bacteria.p__Bacillota_A.c__Clostridia.o__Christensenellales.f__Aristaeellaceae.g__Ventricola.s__Ventricola.sp900548125	Group	PD	-0.113204792211644	0.117491269626733	146	24	0.336914841241488	0.778891634342903
d__Bacteria.p__Bacillota_A.c__Clostridia.o__Lachnospirales.f__Lachnospiraceae.g__Hungatella.s__Hungatella.effluvii	Sex_Male1_Female2	Female	0.1368713380746	0.143085432487314	146	16	0.340398332196985	0.778891634342903
d__Bacteria.p__Bacillota_A.c__Clostridia.o__Lachnospirales.f__Lachnospiraceae.g__Limivivens.s__Limivivens.faecihominis	Sex_Male1_Female2	Female	0.157568816001854	0.166674723707289	146	75	0.34606607517963	0.778891634342903
d__Bacteria.p__Bacillota_A.c__Clostridia.o__Lachnospirales.f__Lachnospiraceae.g__Massilistercora.s__Massilistercora.sp902406105	Group	PD	0.0821072699895329	0.0851392709574839	146	15	0.336479598998654	0.778891634342903
d__Bacteria.p__Bacillota_A.c__Clostridia.o__Lachnospirales.f__Lachnospiraceae.g__Oliverpabstia.s__Oliverpabstia.intestinalis	Group	PD	-0.28087420815504	0.294455837606465	146	97	0.341756304631353	0.778891634342903
d__Bacteria.p__Bacillota_A.c__Clostridia.o__Lachnospirales.f__Lachnospiraceae.g__Otoolea.s__Otoolea.symbiosa	Sex_Male1_Female2	Female	0.0916180156640212	0.0970511051612448	146	15	0.346752559139287	0.778891634342903
d__Bacteria.p__Bacillota_A.c__Clostridia.o__Oscillospirales.f__Oscillospiraceae.g__UMGS1766.s__UMGS1766.sp959602365	Sex_Male1_Female2	Female	0.109649769516462	0.114169497785306	146	20	0.338468936965177	0.778891634342903
d__Bacteria.p__Bacillota_A.c__Clostridia.o__Oscillospirales.f__Ruminococcaceae.g__Avimicrobium.s__Avimicrobium.caecorum	Sex_Male1_Female2	Female	0.110974339642086	0.114607376543213	146	26	0.334529336846233	0.778891634342903
d__Bacteria.p__Bacillota_A.c__Clostridia.o__Oscillospirales.f__Ruminococcaceae.g__Negativibacillus.s__Negativibacillus.faecipullorum	Group	PD	0.0976254526759716	0.102231213029784	146	17	0.341215710867719	0.778891634342903
d__Bacteria.p__Bacteroidota.c__Bacteroidia.o__Bacteroidales.f__Rikenellaceae.g__Alistipes.s__Alistipes.senegalensis	Sex_Male1_Female2	Female	-0.128336152741208	0.13591522348511	146	29	0.346641295034965	0.778891634342903
d__Bacteria.p__Verrucomicrobiota.c__Verrucomicrobiae.o__Verrucomicrobiales.f__Akkermansiaceae.g__Akkermansia.s__Akkermansia.muciniphila_F	Group	PD	0.281315540085913	0.296234949380805	146	22	0.343899124485695	0.778891634342903
d__Bacteria.p__Bacillota_A.c__Clostridia.o__Lachnospirales.f__Lachnospiraceae.g__CAJJNI01.s__CAJJNI01.sp905193085	Sex_Male1_Female2	Female	-0.0839984254423171	0.089195661562161	146	16	0.347917962525929	0.779169568770643
d__Bacteria.p__Bacillota_A.c__Clostridia.o__Oscillospirales.f__Ruminococcaceae.g__Anaerotruncus.s__Anaerotruncus.colihominis	Sex_Male1_Female2	Female	0.0902883845218635	0.0962336726542185	146	19	0.349713164738633	0.780852081267156
d__Bacteria.p__Bacillota_A.c__Clostridia.o__Lachnospirales.f__Lachnospiraceae.g__Eubacterium_G.s__Eubacterium_G.segne	Sex_Male1_Female2	Female	-0.105943827849922	0.113669778256964	146	27	0.352891105340113	0.782399867213725
d__Bacteria.p__Bacillota_A.c__Clostridia.o__Oscillospirales.f__Oscillospiraceae.g__Evtepia.s__Evtepia.excrementipullorum	Sex_Male1_Female2	Female	-0.204890391251477	0.220142548418795	146	33	0.353568595483802	0.782399867213725
d__Bacteria.p__Bacillota_A.c__Clostridia.o__Oscillospirales.f__Ruminococcaceae.g__Gemmiger.s__Gemmiger.sp900540595	Sex_Male1_Female2	Female	-0.183066923123669	0.197113799123933	146	28	0.354590314151675	0.782399867213725
d__Bacteria.p__Bacillota_A.c__Clostridia.o__Oscillospirales.f__Ruminococcaceae.g__Porcipelethomonas.s__Porcipelethomonas.ammoniilytica	Sex_Male1_Female2	Female	-0.191520040420134	0.205825260335607	146	26	0.35368136178543	0.782399867213725
d__Bacteria.p__Bacillota_A.c__Clostridia.o__Oscillospirales.f__Oscillospiraceae.g__Lawsonibacter.s__Lawsonibacter.asaccharolyticus	Sex_Male1_Female2	Female	-0.182823984014837	0.198500194915573	146	85	0.358587667179191	0.788250127050536
d__Bacteria.p__Bacillota_A.c__Clostridia.o__Oscillospirales.f__Ruminococcaceae.g__Porcipelethomonas.s__Porcipelethomonas.ammoniilytica	Group	PD	-0.202488703466267	0.220200826804139	146	26	0.35934932262598	0.788250127050536
d__Bacteria.p__Bacillota_A.c__Clostridia.o__TANB77.f__CAG.508.g__Merdicola.s__Merdicola.sp018371855	Sex_Male1_Female2	Female	0.182731751800096	0.199180923770742	146	17	0.360469417229396	0.788395099671311
d__Bacteria.p__Bacillota_A.c__Clostridia.o__Oscillospirales.f__Acutalibacteraceae.g__CAG.177.s__CAG.177.sp003514385	Sex_Male1_Female2	Female	-0.222484849188225	0.243708197038612	146	30	0.362823848543128	0.788930926483312
d__Bacteria.p__Bacteroidota.c__Bacteroidia.o__Bacteroidales.f__Marinifilaceae.g__Odoribacter.s__Odoribacter.laneus	Group	PD	-0.185851065167862	0.203477414435117	146	22	0.362583044316835	0.788930926483312
d__Bacteria.p__Bacillota_A.c__Clostridia.o__Oscillospirales.f__Ruminococcaceae.g__UBA3818.s__UBA3818.sp900557155	Sex_Male1_Female2	Female	-0.12922075730806	0.142091660022806	146	37	0.364659588891956	0.790624268090385
d__Bacteria.p__Actinomycetota.c__Coriobacteriia.o__Coriobacteriales.f__Eggerthellaceae.g__CAJFUR01.s__CAJFUR01.sp904420575	Group	PD	0.13816261826559	0.153818352217463	146	31	0.370578493917221	0.79251592194514
d__Bacteria.p__Bacillota_A.c__Clostridia.o__Lachnospirales.f__Lachnospiraceae.g__Blautia.s__Blautia.celeris	Sex_Male1_Female2	Female	0.119778390340834	0.132388936472618	146	25	0.367121596680932	0.79251592194514
d__Bacteria.p__Bacillota_A.c__Clostridia.o__Lachnospirales.f__Lachnospiraceae.g__Hominiventricola.s__Hominiventricola.sp003480725	Sex_Male1_Female2	Female	-0.111208547752614	0.12444227678015	146	40	0.373007677830634	0.79251592194514
d__Bacteria.p__Bacillota_A.c__Clostridia.o__Lachnospirales.f__Lachnospiraceae.g__Mediterraneibacter.s__Mediterraneibacter.faecis	Sex_Male1_Female2	Female	-0.277852388144269	0.309678956250037	146	112	0.371105742143454	0.79251592194514
d__Bacteria.p__Bacillota_A.c__Clostridia.o__Oscillospirales.f__Oscillospiraceae.g__Evtepia.s__Evtepia.gabavorous	Sex_Male1_Female2	Female	0.223503111535318	0.249640552602679	146	82	0.372131439524523	0.79251592194514
d__Bacteria.p__Bacillota_A.c__Clostridia.o__Oscillospirales.f__Oscillospiraceae.g__Evtepia.s__Evtepia.sp004556345	Group	PD	-0.114479362512998	0.127316469577208	146	19	0.370072831866524	0.79251592194514
d__Bacteria.p__Bacteroidota.c__Bacteroidia.o__Bacteroidales.f__Bacteroidaceae.g__Bacteroides.s__Bacteroides.salyersiae	Sex_Male1_Female2	Female	-0.0979129438998541	0.109907238144423	146	18	0.37449592402348	0.79251592194514
d__Bacteria.p__Bacteroidota.c__Bacteroidia.o__Bacteroidales.f__Rikenellaceae.g__Alistipes.s__Alistipes.putredinis	Sex_Male1_Female2	Female	-0.317664095282418	0.357006124833088	146	113	0.375067695679919	0.79251592194514
d__Bacteria.p__Verrucomicrobiota.c__Verrucomicrobiae.o__Verrucomicrobiales.f__Akkermansiaceae.g__Akkermansia.s__Akkermansia.muciniphila_F	Sex_Male1_Female2	Female	0.246554295803393	0.276895579647586	146	22	0.374734216112674	0.79251592194514
d__Bacteria.p__Bacillota_A.c__Clostridia.o__Oscillospirales.f__Oscillospiraceae.g__CAG.170.s__CAG.170.sp002404795	Sex_Male1_Female2	Female	-0.157346332616599	0.178565633478742	146	44	0.37970549383598	0.79780817244189
d__Bacteria.p__Bacteroidota.c__Bacteroidia.o__Bacteroidales.f__Bacteroidaceae.g__Bacteroides.s__Bacteroides.caccae	Group	PD	0.27316524630017	0.309895945762259	146	86	0.379540464796487	0.79780817244189
d__Bacteria.p__Bacillota_A.c__Clostridia.o__Oscillospirales.f__UBA644.g__UBA644.s__UBA644.sp900547165	Group	PD	0.0926370767037228	0.106764500978779	146	15	0.387025039058467	0.810909605646311
d__Bacteria.p__Bacillota_A.c__Clostridia.o__Christensenellales.f__Aristaeellaceae.g__Egerieenecus.s__Egerieenecus.merdigallinarum	Group	PD	0.169973227860175	0.196560758962468	146	37	0.388631811196804	0.812001661383266
d__Bacteria.p__Bacillota_A.c__Clostridia.o__Peptostreptococcales.f__Anaerovoracaceae.g__Alangreenwoodia.s__Alangreenwoodia.sp905206455	Sex_Male1_Female2	Female	-0.142931410835006	0.165917225969801	146	51	0.390425766876149	0.813477642404901
d__Bacteria.p__Bacillota_A.c__Clostridia.o__Clostridiales.f__Clostridiaceae.g__Clostridium.s__Clostridium.saudiense	Sex_Male1_Female2	Female	-0.120319214609474	0.140752569812588	146	30	0.394076346700449	0.816534923357162
d__Bacteria.p__Bacillota_A.c__Clostridia.o__Lachnospirales.f__Lachnospiraceae.g__Enterocloster.s__Enterocloster.bolteae	Sex_Male1_Female2	Female	0.147266900930452	0.172030612336315	146	34	0.393401972809407	0.816534923357162
d__Bacteria.p__Bacillota_A.c__Clostridia.o__Oscillospirales.f__Oscillospiraceae.g__Scatomorpha.s__Scatomorpha.sp900545405	Sex_Male1_Female2	Female	-0.179552293643438	0.212104719143775	146	27	0.398673433436704	0.82293497015048
d__Bacteria.p__Bacillota_A.c__Clostridia.o__TANB77.f__CAG.508.g__CAG.269.s__CAG.269.sp003525075	Sex_Male1_Female2	Female	0.122258260577938	0.144636064466893	146	29	0.399365500220086	0.82293497015048
d__Bacteria.p__Bacillota_A.c__Clostridia.o__Lachnospirales.f__Lachnospiraceae.g__Bariatricus.s__Bariatricus.comes_A	Sex_Male1_Female2	Female	-0.198165494154924	0.236004237369398	146	120	0.402495472390327	0.823067950777107
d__Bacteria.p__Bacteroidota.c__Bacteroidia.o__Bacteroidales.f__Bacteroidaceae.g__Bacteroides.s__Bacteroides.zhangwenhongii	Group	PD	-0.127629501941645	0.151682416259179	146	23	0.401514305676236	0.823067950777107
d__Bacteria.p__Bacteroidota.c__Bacteroidia.o__Bacteroidales.f__Tannerellaceae.g__Parabacteroides.s__Parabacteroides.distasonis	Group	PD	0.229508976036493	0.273469876224842	146	117	0.402731109604841	0.823067950777107
d__Archaea.p__Methanobacteriota.c__Methanobacteria.o__Methanobacteriales.f__Methanobacteriaceae.g__Methanobrevibacter_A.s__Methanobrevibacter_A.smithii	Sex_Male1_Female2	Female	-0.282601816119312	0.339013896911403	146	55	0.405896936101197	0.825112107327481
d__Bacteria.p__Bacteroidota.c__Bacteroidia.o__Bacteroidales.f__Tannerellaceae.g__Parabacteroides.s__Parabacteroides.johnsonii	Group	PD	-0.110503182147852	0.132572962135143	146	16	0.40593750734828	0.825112107327481
d__Bacteria.p__Bacillota_A.c__Clostridia.o__Peptostreptococcales.f__Peptostreptococcaceae.g__Terrisporobacter.s__Terrisporobacter.sp900557165	Sex_Male1_Female2	Female	-0.12612586651078	0.153413462209627	146	26	0.412371400196496	0.832278660060772
d__Bacteria.p__Bacillota_C.c__Negativicutes.o__Veillonellales.f__Dialisteraceae.g__Dialister.s__Dialister.invisus	Group	PD	0.270780736545007	0.329668559910515	146	43	0.4128013140141	0.832278660060772
d__Bacteria.p__Bacillota_I.c__Bacilli_A.o__Erysipelotrichales.f__Coprobacillaceae.g__Thomasclavelia.s__Thomasclavelia.spiroformis	Sex_Male1_Female2	Female	-0.0998881076500732	0.121294273340051	146	21	0.411584370661016	0.832278660060772
d__Bacteria.p__Bacillota_A.c__Clostridia.o__Christensenellales.f__Aristaeellaceae.g__Fimadaptatus.s__Fimadaptatus.sp900553645	Group	PD	-0.0771943569224927	0.0953938973346939	146	17	0.419734753829605	0.833668362491153
d__Bacteria.p__Bacillota_A.c__Clostridia.o__Christensenellales.f__Aristaeellaceae.g__RUG11247.s__RUG11247.sp902767315	Sex_Male1_Female2	Female	-0.0638726655908423	0.0786944431614893	146	17	0.418339124832148	0.833668362491153
d__Bacteria.p__Bacillota_A.c__Clostridia.o__Christensenellales.f__UMGS416.g__Parachristensenella.s__Parachristensenella.sp900542005	Group	PD	0.0790612057139096	0.0977060783853437	146	17	0.419759437181037	0.833668362491153
d__Bacteria.p__Bacillota_A.c__Clostridia.o__Lachnospirales.f__Lachnospiraceae.g__Blautia_A.s__Blautia_A.fusiformis	Group	PD	-0.288225246584591	0.353659596660259	146	122	0.416439404181598	0.833668362491153
d__Bacteria.p__Bacillota_A.c__Clostridia.o__Oscillospirales.f__Oscillospiraceae.g__CAG.170.s__CAG.170.sp003516765	Group	PD	-0.116959501902085	0.143996753542993	146	32	0.418005680867255	0.833668362491153
d__Bacteria.p__Bacteroidota.c__Bacteroidia.o__Bacteroidales.f__Bacteroidaceae.g__Paraprevotella.s__Paraprevotella.clara	Group	PD	-0.117446012380344	0.14527409086456	146	19	0.420177770934712	0.833668362491153
d__Bacteria.p__Bacillota_I.c__Bacilli_A.o__Erysipelotrichales.f__Erysipelotrichaceae.g__Merdibacter.s__Merdibacter.merdipullorum	Group	PD	0.102015128831524	0.12659954988925	146	18	0.421690606294038	0.8344565436718
d__Bacteria.p__Bacillota_A.c__Clostridia.o__Peptostreptococcales.f__Anaerovoracaceae.g__Fimisoma.s__Fimisoma.sp000435715	Group	PD	0.139353545847121	0.173448663609644	146	25	0.423060737695784	0.834958922945769
d__Bacteria.p__Bacillota.c__Bacilli.o__MOL361.f__Turicibacteraceae.g__Turicibacter.s__Turicibacter.bilis	Group	PD	0.125484806595544	0.159159889720466	146	33	0.431756267763756	0.836667586236501
d__Bacteria.p__Bacillota_A.c__Clostridia.o__Lachnospirales.f__Lachnospiraceae.g__AF33.28.s__AF33.28.sp003477885	Sex_Male1_Female2	Female	-0.0758578093754833	0.0957176154666872	146	16	0.429372277371269	0.836667586236501
d__Bacteria.p__Bacillota_A.c__Clostridia.o__Lachnospirales.f__Lachnospiraceae.g__Blautia_A.s__Blautia_A.intestinalis	Sex_Male1_Female2	Female	-0.196945048289567	0.249277639884674	146	80	0.430799136499136	0.836667586236501
d__Bacteria.p__Bacillota_A.c__Clostridia.o__Lachnospirales.f__Lachnospiraceae.g__Eubacterium_G.s__Eubacterium_G.sp000434315	Sex_Male1_Female2	Female	-0.121402833598233	0.152477710127004	146	33	0.427235281298949	0.836667586236501
d__Bacteria.p__Bacillota_A.c__Clostridia.o__Oscillospirales.f__Oscillospiraceae.g__Enterenecus.s__Enterenecus.sp900549885	Sex_Male1_Female2	Female	0.105719768008522	0.133789475568228	146	34	0.430722353464923	0.836667586236501
d__Bacteria.p__Bacillota_A.c__Clostridia.o__Oscillospirales.f__Ruminococcaceae.g__Harryflintia.s__Harryflintia.acetispora	Sex_Male1_Female2	Female	-0.0691232576804679	0.0864863532456714	146	18	0.42547743683544	0.836667586236501
d__Bacteria.p__Desulfobacterota.c__Desulfovibrionia.o__Desulfovibrionales.f__Desulfovibrionaceae.g__Bilophila.s__Bilophila.wadsworthia	Group	PD	0.161647527019306	0.203424612155281	146	92	0.4281449348145	0.836667586236501
d__Bacteria.p__Actinomycetota.c__Actinomycetes.o__Actinomycetales.f__Bifidobacteriaceae.g__Bifidobacterium.s__Bifidobacterium.dentium	Group	PD	0.112571810999615	0.143609425885171	146	15	0.434410033135704	0.83747088862244
d__Bacteria.p__Bacillota_A.c__Clostridia.o__Lachnospirales.f__Lachnospiraceae.g__Eubacterium_G.s__Eubacterium_G.sp000435815	Sex_Male1_Female2	Female	-0.103633314816743	0.131889777277386	146	24	0.433309891824712	0.83747088862244
d__Bacteria.p__Bacillota_A.c__Clostridia.o__Lachnospirales.f__Lachnospiraceae.g__Lachnoclostridium_B.s__Lachnoclostridium_B.acetigenes	Group	PD	-0.0945397043182982	0.121428055127695	146	19	0.437522057456734	0.841135678757864
d__Bacteria.p__Bacillota_A.c__Clostridia.o__Lachnospirales.f__Lachnospiraceae.g__Roseburia_B.s__Roseburia_B.zhanii	Sex_Male1_Female2	Female	-0.084414207610033	0.108669217793777	146	20	0.438560046411186	0.841135678757864
d__Bacteria.p__Bacillota_A.c__Clostridia.o__Lachnospirales.f__Lachnospiraceae.g__Anaerobutyricum.s__Anaerobutyricum.hallii	Sex_Male1_Female2	Female	-0.215658852108302	0.278537806032144	146	113	0.440059155735548	0.841852297928874
d__Bacteria.p__Bacillota_G.c__DTU025.o__DTUO25.f__HGM14224.g__HGM14224.s__HGM14224.sp900761905	Group	PD	0.0793729664614224	0.102942496204025	146	19	0.441954288304392	0.843320937886952
d__Bacteria.p__Bacillota_A.c__Clostridia.o__Christensenellales.f__Aristaeellaceae.g__Alectryocaccomicrobium.s__Alectryocaccomicrobium.faecavium	Group	PD	-0.0992562647445446	0.135825162430581	146	23	0.466118374311352	0.84421080076085
d__Bacteria.p__Bacillota_A.c__Clostridia.o__Christensenellales.f__Aristaeellaceae.g__Limiplasma.s__Limiplasma.merdipullorum	Group	PD	0.183801183612414	0.253663120619222	146	51	0.469888880837012	0.84421080076085
d__Bacteria.p__Bacillota_A.c__Clostridia.o__Christensenellales.f__CAG.138.g__UBA1685.s__UBA1685.sp002320595	Group	PD	-0.118360298047053	0.159546127026146	146	19	0.459391108042721	0.84421080076085
d__Bacteria.p__Bacillota_A.c__Clostridia.o__Clostridiales.f__Clostridiaceae.g__Clostridium.s__Clostridium.sp000435835	Group	PD	-0.0924386398721581	0.124377097949008	146	21	0.458572185037225	0.84421080076085
d__Bacteria.p__Bacillota_A.c__Clostridia.o__Lachnospirales.f__Anaerotignaceae.g__Anaerotignum.s__Anaerotignum.faecicola	Sex_Male1_Female2	Female	0.125636865703671	0.175194417322724	146	48	0.474464690965105	0.84421080076085
d__Bacteria.p__Bacillota_A.c__Clostridia.o__Lachnospirales.f__Lachnospiraceae.g__Acetatifactor.s__Acetatifactor.intestinalis	Sex_Male1_Female2	Female	-0.182161529691998	0.254892773506477	146	50	0.475984536596686	0.84421080076085
d__Bacteria.p__Bacillota_A.c__Clostridia.o__Lachnospirales.f__Lachnospiraceae.g__Anthropogastromicrobium.s__Anthropogastromicrobium.sp934292725	Sex_Male1_Female2	Female	-0.229095555562164	0.308425263515421	146	94	0.458826609305629	0.84421080076085
d__Bacteria.p__Bacillota_A.c__Clostridia.o__Lachnospirales.f__Lachnospiraceae.g__Blautia_A.s__Blautia_A.luti	Group	PD	-0.124918406728991	0.168361854514452	146	37	0.459326151156096	0.84421080076085
d__Bacteria.p__Bacillota_A.c__Clostridia.o__Lachnospirales.f__Lachnospiraceae.g__Butyribacter.s__Butyribacter.sp003529475	Sex_Male1_Female2	Female	-0.209782082336175	0.275035822059068	146	68	0.446872115921947	0.84421080076085
d__Bacteria.p__Bacillota_A.c__Clostridia.o__Lachnospirales.f__Lachnospiraceae.g__Choladousia.s__Choladousia.sp902363665	Sex_Male1_Female2	Female	0.153414665672476	0.211315523500807	146	61	0.46902651207679	0.84421080076085
d__Bacteria.p__Bacillota_A.c__Clostridia.o__Lachnospirales.f__Lachnospiraceae.g__Eubacterium_G.s__Eubacterium_G.segne	Group	PD	-0.0932171625502711	0.121608878881113	146	27	0.444623067415954	0.84421080076085
d__Bacteria.p__Bacillota_A.c__Clostridia.o__Lachnospirales.f__Lachnospiraceae.g__Eubacterium_I.s__Eubacterium_I.ramulus_A	Group	PD	0.0929628376776208	0.127440456750128	146	19	0.466912887881725	0.84421080076085
d__Bacteria.p__Bacillota_A.c__Clostridia.o__Lachnospirales.f__Lachnospiraceae.g__Hominiventricola.s__Hominiventricola.filiformis	Sex_Male1_Female2	Female	-0.110077363981005	0.146507995687963	146	41	0.453682588003487	0.84421080076085
d__Bacteria.p__Bacillota_A.c__Clostridia.o__Lachnospirales.f__Lachnospiraceae.g__JAGZHZ01.s__JAGZHZ01.sp018366495	Group	PD	-0.104079825548286	0.137613004652745	146	17	0.450699982187769	0.84421080076085
d__Bacteria.p__Bacillota_A.c__Clostridia.o__Lachnospirales.f__Lachnospiraceae.g__Mediterraneibacter.s__Mediterraneibacter.torques	Sex_Male1_Female2	Female	0.202782039427747	0.285397979348332	146	113	0.47853660363984	0.84421080076085
d__Bacteria.p__Bacillota_A.c__Clostridia.o__Lachnospirales.f__Lachnospiraceae.g__Roseburia_C.s__Roseburia_C.amylophila	Group	PD	-0.210090188459123	0.278891902781916	146	49	0.452506127061691	0.84421080076085
d__Bacteria.p__Bacillota_A.c__Clostridia.o__Oscillospirales.f__Acutalibacteraceae.g__Acutalibacter.s__Acutalibacter.timonensis	Group	PD	0.19464986097815	0.26153757081466	146	61	0.457945281929456	0.84421080076085
d__Bacteria.p__Bacillota_A.c__Clostridia.o__Oscillospirales.f__Acutalibacteraceae.g__Hominenteromicrobium.s__Hominenteromicrobium.mulieris	Sex_Male1_Female2	Female	-0.218429977777821	0.307290324212135	146	112	0.47834977701975	0.84421080076085
d__Bacteria.p__Bacillota_A.c__Clostridia.o__Oscillospirales.f__Acutalibacteraceae.g__UMGS1071.s__UMGS1071.sp900542375	Group	PD	0.142242637812294	0.197263475494892	146	61	0.472037862315118	0.84421080076085
d__Bacteria.p__Bacillota_A.c__Clostridia.o__Oscillospirales.f__Oscillospiraceae.g__Faecousia.s__Faecousia.sp958436045	Sex_Male1_Female2	Female	-0.0861968392255139	0.116702654293063	146	30	0.461359091821511	0.84421080076085
d__Bacteria.p__Bacillota_A.c__Clostridia.o__Oscillospirales.f__Oscillospiraceae.g__Hominicoprocola.s__Hominicoprocola.sp934835795	Sex_Male1_Female2	Female	-0.172834505622236	0.242505299083904	146	89	0.477190244015444	0.84421080076085
d__Bacteria.p__Bacillota_A.c__Clostridia.o__Oscillospirales.f__Oscillospiraceae.g__Intestinimonas.s__Intestinimonas.massiliensis	Sex_Male1_Female2	Female	0.0918780438012657	0.127720324266489	146	30	0.473087561823236	0.84421080076085
d__Bacteria.p__Bacillota_A.c__Clostridia.o__Oscillospirales.f__Oscillospiraceae.g__Vescimonas.s__Vescimonas.coprocola	Group	PD	-0.154000161424605	0.213542187834773	146	53	0.471982492778105	0.84421080076085
d__Bacteria.p__Bacillota_A.c__Clostridia.o__Oscillospirales.f__Oscillospiraceae.g__Vescimonas.s__Vescimonas.sp900545585	Sex_Male1_Female2	Female	0.0873523864288264	0.118231837125013	146	17	0.461225490105608	0.84421080076085
d__Bacteria.p__Bacillota_A.c__Clostridia.o__Oscillospirales.f__Ruminococcaceae.g__Faecalibacterium.s__Faecalibacterium.prausnitzii_D	Sex_Male1_Female2	Female	-0.199734749371847	0.278632177212885	146	107	0.474641872972612	0.84421080076085
d__Bacteria.p__Bacillota_A.c__Clostridia.o__Oscillospirales.f__Ruminococcaceae.g__Negativibacillus.s__Negativibacillus.massiliensis	Group	PD	-0.116917439257947	0.162932373149876	146	25	0.474185263756613	0.84421080076085
d__Bacteria.p__Bacillota_A.c__Clostridia.o__Oscillospirales.f__Ruminococcaceae.g__Zongyangia.s__Zongyangia.gallinarum	Group	PD	0.0999420754821345	0.131591132698927	146	23	0.448810025468298	0.84421080076085
d__Bacteria.p__Bacillota_A.c__Clostridia.o__Peptostreptococcales.f__Peptostreptococcaceae.g__Romboutsia.s__Romboutsia.timonensis	Sex_Male1_Female2	Female	0.168678614714739	0.227845820052887	146	80	0.460320164735654	0.84421080076085
d__Bacteria.p__Bacteroidota.c__Bacteroidia.o__Bacteroidales.f__Bacteroidaceae.g__Bacteroides.s__Bacteroides.caccae	Sex_Male1_Female2	Female	0.206450808321706	0.289664733049346	146	86	0.477178349871473	0.84421080076085
d__Bacteria.p__Cyanobacteriota.c__Vampirovibrionia.o__Gastranaerophilales.f__Gastranaerophilaceae.g__CAG.196.s__CAG.196.sp002102975	Group	PD	-0.0992440210124963	0.132160717635774	146	19	0.453926119252104	0.84421080076085
d__Bacteria.p__Desulfobacterota.c__Desulfovibrionia.o__Desulfovibrionales.f__Desulfovibrionaceae.g__Bilophila.s__Bilophila.wadsworthia	Sex_Male1_Female2	Female	-0.142583183766604	0.190144262231915	146	92	0.454565856720786	0.84421080076085
d__Bacteria.p__Pseudomonadota.c__Gammaproteobacteria.o__Burkholderiales.f__Burkholderiaceae.g__Sutterella.s__Sutterella.wadsworthensis_A	Group	PD	0.0994000934918292	0.134984339449739	146	19	0.462704301645878	0.84421080076085
d__Bacteria.p__Bacillota_A.c__Clostridia.o__Lachnospirales.f__Lachnospiraceae.g__Eisenbergiella.s__Eisenbergiella.tayi	Group	PD	0.130191024671204	0.186169639161654	146	38	0.485491783624008	0.85046335866688
d__Bacteria.p__Bacillota_A.c__Clostridia.o__Oscillospirales.f__Acutalibacteraceae.g__Hominenteromicrobium.s__Hominenteromicrobium.mulieris	Group	PD	-0.23031765992877	0.328752570749053	146	112	0.484703144180234	0.85046335866688
d__Bacteria.p__Bacillota_I.c__Bacilli_A.o__Erysipelotrichales.f__Coprobacillaceae.g__Faecalibacillus.s__Faecalibacillus.faecis	Sex_Male1_Female2	Female	0.107571547551861	0.153306171370187	146	30	0.484020488177715	0.85046335866688
d__Bacteria.p__Bacillota_A.c__Clostridia.o__Lachnospirales.f__CAG.274.g__CAG.274.s__CAG.274.sp900545305	Group	PD	-0.0758354395986317	0.109038416827287	146	17	0.487875177197405	0.850654155113424
d__Bacteria.p__Bacillota_A.c__Clostridia.o__Oscillospirales.f__Oscillospiraceae.g__Vescimonas.s__Vescimonas.cirricatena	Sex_Male1_Female2	Female	0.16214353097303	0.232897267482521	146	38	0.48743240075928	0.850654155113424
d__Bacteria.p__Actinomycetota.c__Coriobacteriia.o__Coriobacteriales.f__UMGS124.g__JAHZGC01.s__JAHZGC01.sp019421015	Sex_Male1_Female2	Female	0.0755124597065795	0.110478161716747	146	22	0.495393311604253	0.851098793253891
d__Bacteria.p__Bacillota_A.c__Clostridia.o__Lachnospirales.f__Lachnospiraceae.g__Anaerostipes.s__Anaerostipes.amylophilus	Group	PD	-0.187598223204261	0.276493730596849	146	41	0.498557597912508	0.851098793253891
d__Bacteria.p__Bacillota_A.c__Clostridia.o__Lachnospirales.f__Lachnospiraceae.g__Dorea.s__Dorea.formicigenerans	Group	PD	-0.147819003300585	0.216099348939958	146	113	0.495061564561884	0.851098793253891
d__Bacteria.p__Bacillota_A.c__Clostridia.o__Lachnospirales.f__Lachnospiraceae.g__Eubacterium_F.s__Eubacterium_F.sp000433735	Sex_Male1_Female2	Female	-0.105354188299468	0.155186837066488	146	32	0.498307292438558	0.851098793253891
d__Bacteria.p__Bacillota_A.c__Clostridia.o__Lachnospirales.f__Lachnospiraceae.g__Lachnospira.s__Lachnospira.eligens	Sex_Male1_Female2	Female	-0.179407376949423	0.264036115329917	146	90	0.497931883279254	0.851098793253891
d__Bacteria.p__Bacillota_A.c__Clostridia.o__Oscillospirales.f__Butyricicoccaceae.g__Agathobaculum.s__Agathobaculum.butyriciproducens	Sex_Male1_Female2	Female	-0.145876970415303	0.215493357294689	146	107	0.499534978981311	0.851098793253891
d__Bacteria.p__Bacillota_A.c__Clostridia.o__Oscillospirales.f__CAG.382.g__Woodwardibium.s__Woodwardibium.gallinarum	Group	PD	-0.066852493494805	0.0992770817889622	146	17	0.501784181584179	0.851098793253891
d__Bacteria.p__Bacillota_A.c__Clostridia.o__Oscillospirales.f__Oscillospiraceae.g__Vescimonas.s__Vescimonas.sp000435975	Sex_Male1_Female2	Female	-0.13667422106695	0.2014298636043	146	27	0.498538527122377	0.851098793253891
d__Bacteria.p__Bacillota_A.c__Clostridia.o__TANB77.f__CAG.508.g__CAG.273.s__CAG.273.sp000438355	Sex_Male1_Female2	Female	-0.110686375400858	0.164088119195697	146	40	0.501047947284959	0.851098793253891
d__Bacteria.p__Bacteroidota.c__Bacteroidia.o__Bacteroidales.f__Bacteroidaceae.g__Bacteroides.s__Bacteroides.salyersiae	Group	PD	-0.0806367031714919	0.117583549617279	146	18	0.493960778802263	0.851098793253891
d__Bacteria.p__Bacteroidota.c__Bacteroidia.o__Bacteroidales.f__Coprobacteraceae.g__Coprobacter.s__Coprobacter.fastidiosus	Sex_Male1_Female2	Female	-0.0862099370713153	0.127541345332035	146	19	0.500172226538353	0.851098793253891
d__Bacteria.p__Pseudomonadota.c__Gammaproteobacteria.o__Burkholderiales.f__Burkholderiaceae.g__Sutterella.s__Sutterella.wadsworthensis	Sex_Male1_Female2	Female	0.0688372903876343	0.101060956652645	146	15	0.496880500001893	0.851098793253891
d__Bacteria.p__Bacillota_A.c__Clostridia.o__Lachnospirales.f__Lachnospiraceae.g__V9D3004.s__V9D3004.sp900760345	Sex_Male1_Female2	Female	-0.114091136439756	0.170938659608922	146	31	0.505567387503117	0.855575578851428
d__Bacteria.p__Actinomycetota.c__Actinomycetes.o__Actinomycetales.f__Bifidobacteriaceae.g__Bifidobacterium.s__Bifidobacterium.adolescentis	Sex_Male1_Female2	Female	-0.238722291964225	0.38495321960524	146	67	0.536157030843081	0.856401279136739
d__Bacteria.p__Actinomycetota.c__Coriobacteriia.o__Coriobacteriales.f__Eggerthellaceae.g__Anaerotardibacter.s__Anaerotardibacter.sp000435675	Sex_Male1_Female2	Female	-0.163433961343978	0.26544743857974	146	52	0.53907628166389	0.856401279136739
d__Bacteria.p__Bacillota_A.c__Clostridia.o__Christensenellales.f__Aristaeellaceae.g__Limiplasma.s__Limiplasma.sp900548145	Sex_Male1_Female2	Female	0.0769122384808797	0.127557518843382	146	17	0.547489560592425	0.856401279136739
d__Bacteria.p__Bacillota_A.c__Clostridia.o__Christensenellales.f__Aristaeellaceae.g__RUG11247.s__RUG11247.sp902767315	Group	PD	0.0487453741924087	0.0841907422869099	146	17	0.563508600940856	0.856401279136739
d__Bacteria.p__Bacillota_A.c__Clostridia.o__Christensenellales.f__Aristaeellaceae.g__UBA11524.s__UBA11524.sp000437595	Group	PD	-0.233748902224976	0.381695257487143	146	56	0.541247927626778	0.856401279136739
d__Bacteria.p__Bacillota_A.c__Clostridia.o__Christensenellales.f__CAG.138.g__SFEL01.s__SFEL01.sp004557245	Group	PD	0.14927806769158	0.236315601257438	146	48	0.528598364910086	0.856401279136739
d__Bacteria.p__Bacillota_A.c__Clostridia.o__Christensenellales.f__UMGS416.g__Parachristensenella.s__Parachristensenella.sp900542005	Sex_Male1_Female2	Female	-0.0570960864929263	0.0913274455500666	146	17	0.532849344611266	0.856401279136739
d__Bacteria.p__Bacillota_A.c__Clostridia.o__Clostridiales.f__Clostridiaceae.g__Clostridium.s__Clostridium.sp000435835	Sex_Male1_Female2	Female	-0.066952011173855	0.116257277216821	146	21	0.565591219109023	0.856401279136739
d__Bacteria.p__Bacillota_A.c__Clostridia.o__Lachnospirales.f__Lachnospiraceae.g__Anaerobutyricum.s__Anaerobutyricum.soehngenii	Sex_Male1_Female2	Female	0.214876688265474	0.333736676168801	146	96	0.520703364644157	0.856401279136739
d__Bacteria.p__Bacillota_A.c__Clostridia.o__Lachnospirales.f__Lachnospiraceae.g__Blautia_A.s__Blautia_A.sp003474435	Sex_Male1_Female2	Female	-0.0789331612622025	0.125012513756212	146	18	0.528785648381439	0.856401279136739
d__Bacteria.p__Bacillota_A.c__Clostridia.o__Lachnospirales.f__Lachnospiraceae.g__Blautia_A.s__Blautia_A.sp900066205	Group	PD	0.174451864686271	0.301527032075593	146	44	0.56379534539432	0.856401279136739
d__Bacteria.p__Bacillota_A.c__Clostridia.o__Lachnospirales.f__Lachnospiraceae.g__Blautia_A.s__Blautia_A.sp900066335	Sex_Male1_Female2	Female	-0.144140023621166	0.242878494137634	146	31	0.553807146867742	0.856401279136739
d__Bacteria.p__Bacillota_A.c__Clostridia.o__Lachnospirales.f__Lachnospiraceae.g__Blautia_A.s__Blautia_A.sp900551715	Group	PD	-0.0682926100117663	0.108032057214597	146	20	0.528297381171669	0.856401279136739
d__Bacteria.p__Bacillota_A.c__Clostridia.o__Lachnospirales.f__Lachnospiraceae.g__Brotaphodocola.s__	Group	PD	0.0932534551403479	0.149444345667683	146	18	0.53362095600277	0.856401279136739
d__Bacteria.p__Bacillota_A.c__Clostridia.o__Lachnospirales.f__Lachnospiraceae.g__Choladousia.s__Choladousia.sp902363665	Group	PD	0.147341985520614	0.226074549428747	146	61	0.515614568147483	0.856401279136739
d__Bacteria.p__Bacillota_A.c__Clostridia.o__Lachnospirales.f__Lachnospiraceae.g__Eubacterium_F.s__Eubacterium_F.sp003491505	Sex_Male1_Female2	Female	-0.150600863137165	0.255730774515448	146	83	0.556854826166183	0.856401279136739
d__Bacteria.p__Bacillota_A.c__Clostridia.o__Lachnospirales.f__Lachnospiraceae.g__Fusicatenibacter.s__Fusicatenibacter.saccharivorans	Sex_Male1_Female2	Female	0.180210143979381	0.283249271062134	146	132	0.525647075530938	0.856401279136739
d__Bacteria.p__Bacillota_A.c__Clostridia.o__Lachnospirales.f__Lachnospiraceae.g__Massilistercora.s__Massilistercora.sp902406105	Sex_Male1_Female2	Female	0.0523847313800593	0.0795810481910441	146	15	0.511431772129427	0.856401279136739
d__Bacteria.p__Bacillota_A.c__Clostridia.o__Lachnospirales.f__Lachnospiraceae.g__Schaedlerella.s__Schaedlerella.hominis	Sex_Male1_Female2	Female	0.0497341608384577	0.0824761590798098	146	15	0.547455500177425	0.856401279136739
d__Bacteria.p__Bacillota_A.c__Clostridia.o__Lachnospirales.f__Lachnospiraceae.g__UBA4285.s__UBA4285.sp900545225	Sex_Male1_Female2	Female	-0.0708066943370749	0.120960867220868	146	21	0.559222503197561	0.856401279136739
d__Bacteria.p__Bacillota_A.c__Clostridia.o__Oscillospirales.f__Acutalibacteraceae.g__Acutalibacter.s__Acutalibacter.ornithocaccae	Sex_Male1_Female2	Female	-0.14633873931404	0.23468631016044	146	49	0.533916238779383	0.856401279136739
d__Bacteria.p__Bacillota_A.c__Clostridia.o__Oscillospirales.f__Acutalibacteraceae.g__Fimenecus.s__Fimenecus.sp000432435	Group	PD	-0.164188760275171	0.275039901641632	146	31	0.55147578953303	0.856401279136739
d__Bacteria.p__Bacillota_A.c__Clostridia.o__Oscillospirales.f__Butyricicoccaceae.g__Agathobaculum.s__Agathobaculum.hominis	Sex_Male1_Female2	Female	-0.112832960508232	0.191727227663557	146	42	0.557119917766894	0.856401279136739
d__Bacteria.p__Bacillota_A.c__Clostridia.o__Oscillospirales.f__CAG.272.g__UMGS911.s__UMGS911.sp003343545	Group	PD	-0.0658579476312407	0.102399666628146	146	18	0.521159270534266	0.856401279136739
d__Bacteria.p__Bacillota_A.c__Clostridia.o__Oscillospirales.f__Oscillospiraceae.g__CAG.103.s__CAG.103.sp900317855	Sex_Male1_Female2	Female	0.196171229023386	0.33279751263996	146	36	0.556482061407469	0.856401279136739
d__Bacteria.p__Bacillota_A.c__Clostridia.o__Oscillospirales.f__Oscillospiraceae.g__CAG.103.s__CAG.103.sp905215475	Group	PD	-0.173534653351523	0.291969151577614	146	51	0.553210834930858	0.856401279136739
d__Bacteria.p__Bacillota_A.c__Clostridia.o__Oscillospirales.f__Oscillospiraceae.g__CAG.170.s__CAG.170.sp900545925	Sex_Male1_Female2	Female	-0.0786605989788451	0.123047104659844	146	26	0.523668556516904	0.856401279136739
d__Bacteria.p__Bacillota_A.c__Clostridia.o__Oscillospirales.f__Oscillospiraceae.g__Faecousia.s__Faecousia.sp003525905	Group	PD	0.16395237237845	0.280060574244432	146	85	0.559189698349594	0.856401279136739
d__Bacteria.p__Bacillota_A.c__Clostridia.o__Oscillospirales.f__Oscillospiraceae.g__HGM13006.s__HGM13006.sp900756575	Sex_Male1_Female2	Female	-0.0631381437856223	0.106460018046292	146	20	0.554071725765905	0.856401279136739
d__Bacteria.p__Bacillota_A.c__Clostridia.o__Oscillospirales.f__Oscillospiraceae.g__Hominicoprocola.s__Hominicoprocola.sp900317525	Group	PD	-0.139254100267782	0.237912066499319	146	64	0.559256754445346	0.856401279136739
d__Bacteria.p__Bacillota_A.c__Clostridia.o__Oscillospirales.f__Oscillospiraceae.g__Lawsonibacter.s__Lawsonibacter.aceti	Group	PD	0.0542635440378253	0.0908310973477482	146	15	0.55117747751449	0.856401279136739
d__Bacteria.p__Bacillota_A.c__Clostridia.o__Oscillospirales.f__Oscillospiraceae.g__Pseudoscilispira.s__Pseudoscilispira.sp018369915	Group	PD	-0.04672825595447	0.0791321248948606	146	15	0.555781326250542	0.856401279136739
d__Bacteria.p__Bacillota_A.c__Clostridia.o__Oscillospirales.f__Oscillospiraceae.g__Scatomorpha.s__Scatomorpha.intestinigallinarum	Sex_Male1_Female2	Female	0.112523542370602	0.170817711389221	146	23	0.511125449053403	0.856401279136739
d__Bacteria.p__Bacillota_A.c__Clostridia.o__Oscillospirales.f__Ruminococcaceae.g__Anaerotruncus.s__Anaerotruncus.massiliensis	Group	PD	0.0765593102549793	0.130752152160778	146	20	0.559114294786067	0.856401279136739
d__Bacteria.p__Bacillota_A.c__Clostridia.o__Oscillospirales.f__Ruminococcaceae.g__Angelakisella.s__Angelakisella.sp900547385	Group	PD	0.107961375522061	0.172446414409281	146	40	0.532275222716423	0.856401279136739
d__Bacteria.p__Bacillota_A.c__Clostridia.o__Oscillospirales.f__Ruminococcaceae.g__Negativibacillus.s__Negativibacillus.massiliensis	Sex_Male1_Female2	Female	0.0886196236571571	0.152295514087693	146	25	0.561555286028884	0.856401279136739
d__Bacteria.p__Bacillota_A.c__Clostridia.o__Oscillospirales.f__Ruminococcaceae.g__Ruminiclostridium_E.s__Ruminiclostridium_E.siraeum	Group	PD	-0.205365895872721	0.351241973881073	146	72	0.55968092874901	0.856401279136739
d__Bacteria.p__Bacillota_A.c__Clostridia.o__Oscillospirales.f__Ruminococcaceae.g__Ruminococcus_C.s__Ruminococcus_C.sp000980705	Sex_Male1_Female2	Female	-0.103196872352222	0.162048647232435	146	15	0.525256001880197	0.856401279136739
d__Bacteria.p__Bacillota_A.c__Clostridia.o__Oscillospirales.f__UBA644.g__UBA644.s__UBA644.sp900547165	Sex_Male1_Female2	Female	0.0621768443471259	0.0997944990828956	146	15	0.534244845751708	0.856401279136739
d__Bacteria.p__Bacillota_A.c__Clostridia.o__Peptostreptococcales.f__Anaerovoracaceae.g__Hominibacterium.s__Hominibacterium.hominis	Sex_Male1_Female2	Female	-0.0986361017236975	0.153879720229531	146	42	0.522551999592942	0.856401279136739
d__Bacteria.p__Bacillota_A.c__Clostridia.o__TANB77.f__CAG.508.g__CAG.273.s__CAG.273.sp003534295	Sex_Male1_Female2	Female	0.127162578811957	0.200924020026101	146	19	0.527816978709792	0.856401279136739
d__Bacteria.p__Bacteroidota.c__Bacteroidia.o__Bacteroidales.f__Bacteroidaceae.g__Bacteroides.s__Bacteroides.clarus	Group	PD	0.131223969427561	0.201700134389545	146	23	0.516355519013093	0.856401279136739
d__Bacteria.p__Bacteroidota.c__Bacteroidia.o__Bacteroidales.f__Bacteroidaceae.g__Bacteroides.s__Bacteroides.eggerthii	Group	PD	0.167468677125507	0.269976866390007	146	27	0.536042646733463	0.856401279136739
d__Bacteria.p__Bacteroidota.c__Bacteroidia.o__Bacteroidales.f__Bacteroidaceae.g__Bacteroides.s__Bacteroides.eggerthii	Sex_Male1_Female2	Female	0.165788011002419	0.25235172644806	146	27	0.512254882309432	0.856401279136739
d__Bacteria.p__Bacteroidota.c__Bacteroidia.o__Bacteroidales.f__Bacteroidaceae.g__Bacteroides.s__Bacteroides.thetaiotaomicron	Group	PD	-0.151309078599989	0.258508060169121	146	94	0.559257318691208	0.856401279136739
d__Bacteria.p__Bacteroidota.c__Bacteroidia.o__Bacteroidales.f__Bacteroidaceae.g__Bacteroides.s__Bacteroides.zhangwenhongii	Sex_Male1_Female2	Female	-0.086497860522869	0.141779998140737	146	23	0.542773740665087	0.856401279136739
d__Bacteria.p__Bacteroidota.c__Bacteroidia.o__Bacteroidales.f__Coprobacteraceae.g__Coprobacter.s__Coprobacter.fastidiosus	Group	PD	-0.0792876023781849	0.136449285418285	146	19	0.562102981996577	0.856401279136739
d__Bacteria.p__Bacteroidota.c__Bacteroidia.o__Bacteroidales.f__Marinifilaceae.g__Butyricimonas.s__Butyricimonas.paravirosa	Sex_Male1_Female2	Female	-0.0898397474519254	0.150097691627849	146	40	0.550425357843558	0.856401279136739
d__Bacteria.p__Bacteroidota.c__Bacteroidia.o__Bacteroidales.f__Marinifilaceae.g__Butyricimonas.s__Butyricimonas.sp019423345	Sex_Male1_Female2	Female	0.069151391131615	0.119917981543255	146	23	0.565078655686249	0.856401279136739
d__Bacteria.p__Bacteroidota.c__Bacteroidia.o__Bacteroidales.f__Rikenellaceae.g__Alistipes_A.s__Alistipes_A.ihumii	Sex_Male1_Female2	Female	0.107225131596454	0.165903038523702	146	51	0.519113204624258	0.856401279136739
d__Bacteria.p__Bacteroidota.c__Bacteroidia.o__Bacteroidales.f__Tannerellaceae.g__Parabacteroides.s__Parabacteroides.distasonis	Sex_Male1_Female2	Female	-0.155192153617121	0.25561669901444	146	117	0.544728515274544	0.856401279136739
d__Bacteria.p__Verrucomicrobiota.c__Verrucomicrobiae.o__Verrucomicrobiales.f__Akkermansiaceae.g__Akkermansia.s__Akkermansia.biwaensis	Group	PD	-0.189580854142411	0.310545369537901	146	20	0.542514785491417	0.856401279136739
d__Bacteria.p__Actinomycetota.c__Coriobacteriia.o__Coriobacteriales.f__Eggerthellaceae.g__Anaerotardibacter.s__Anaerotardibacter.sp000436075	Group	PD	0.131478679693874	0.233159387048678	146	37	0.573705187742582	0.860498992230282
d__Bacteria.p__Bacillota_A.c__Clostridia.o__Christensenellales.f__Aristaeellaceae.g__Pullichristensenella.s__Pullichristensenella.excrementigallinarum	Group	PD	-0.0669970495135766	0.120279406253197	146	18	0.578390115298798	0.860498992230282
d__Bacteria.p__Bacillota_A.c__Clostridia.o__Lachnospirales.f__Lachnospiraceae.g__Blautia_A.s__Blautia_A.caecimuris	Sex_Male1_Female2	Female	0.147769622282843	0.263819420621679	146	36	0.576276346830484	0.860498992230282
d__Bacteria.p__Bacillota_A.c__Clostridia.o__Oscillospirales.f__Oscillospiraceae.g__Hominicoprocola.s__Hominicoprocola.sp003522105	Sex_Male1_Female2	Female	-0.0766273594224891	0.135645111947879	146	16	0.573019719784713	0.860498992230282
d__Bacteria.p__Bacillota_A.c__Clostridia.o__Peptostreptococcales.f__Anaerovoracaceae.g__Lentihominibacter.s__Lentihominibacter.excrementipullorum	Sex_Male1_Female2	Female	0.0739636220872258	0.131297714142947	146	30	0.574094097904987	0.860498992230282
d__Bacteria.p__Bacillota_A.c__Clostridia.o__TANB77.f__CAG.508.g__CAG.245.s__CAG.245.sp000435175	Sex_Male1_Female2	Female	0.0774602890169256	0.138363607312405	146	30	0.576470340069243	0.860498992230282
d__Bacteria.p__Bacillota_A.c__Clostridia.o__TANB77.f__CAG.508.g__CAG.273.s__CAG.273.sp003534295	Group	PD	0.119651427231934	0.214957266481372	146	19	0.578651060283198	0.860498992230282
d__Bacteria.p__Bacillota_C.c__Negativicutes.o__Acidaminococcales.f__Acidaminococcaceae.g__Phascolarctobacterium.s__Phascolarctobacterium.faecium	Sex_Male1_Female2	Female	0.144949186408988	0.259594762438143	146	66	0.577466920850245	0.860498992230282
d__Bacteria.p__Bacteroidota.c__Bacteroidia.o__Bacteroidales.f__Bacteroidaceae.g__Phocaeicola.s__Phocaeicola.massiliensis	Group	PD	-0.123656568089302	0.219303795323918	146	34	0.573732850556666	0.860498992230282
d__Bacteria.p__Bacillota_I.c__Bacilli_A.o__RF39.f__UBA660.g__CAG.302.s__CAG.302.sp934162325	Sex_Male1_Female2	Female	0.106428474160093	0.193508066866965	146	21	0.583180805640829	0.865514370276468
d__Bacteria.p__Bacillota_A.c__Clostridia.o__Lachnospirales.f__Lachnospiraceae.g__Agathobacter.s__Agathobacter.sp000434275	Group	PD	-0.0820885030754238	0.151385228536549	146	17	0.588490929938499	0.866518140933065
d__Bacteria.p__Bacillota_A.c__Clostridia.o__Oscillospirales.f__Oscillospiraceae.g__CAG.170.s__CAG.170.sp000432135	Sex_Male1_Female2	Female	-0.131447200341584	0.242101742992422	146	68	0.588015011175137	0.866518140933065
d__Bacteria.p__Bacteroidota.c__Bacteroidia.o__Bacteroidales.f__Bacteroidaceae.g__Bacteroides.s__Bacteroides.sp900557355	Sex_Male1_Female2	Female	0.103547272871043	0.19042941276778	146	23	0.587455629036528	0.866518140933065
d__Bacteria.p__Bacteroidota.c__Bacteroidia.o__Bacteroidales.f__Bacteroidaceae.g__Bacteroides.s__Bacteroides.stercoris	Group	PD	0.178526175007016	0.329185475166749	146	49	0.58843740257327	0.866518140933065
d__Bacteria.p__Bacillota_A.c__Clostridia.o__Christensenellales.f__Aristaeellaceae.g__Ventricola.s__Ventricola.sp900542445	Sex_Male1_Female2	Female	-0.115880898597781	0.221803996784013	146	80	0.602167367270364	0.868914826625621
d__Bacteria.p__Bacillota_A.c__Clostridia.o__Clostridiales.f__Clostridiaceae.g__Clostridium.s__Clostridium.sp900540255	Sex_Male1_Female2	Female	-0.0683713347119851	0.132024529898603	146	19	0.605350335366739	0.868914826625621
d__Bacteria.p__Bacillota_A.c__Clostridia.o__Lachnospirales.f__Lachnospiraceae.g__Brotaphodocola.s__	Sex_Male1_Female2	Female	0.071727681310464	0.139688037502669	146	18	0.608404702652763	0.868914826625621
d__Bacteria.p__Bacillota_A.c__Clostridia.o__Lachnospirales.f__Lachnospiraceae.g__Eisenbergiella.s__Eisenbergiella.tayi	Sex_Male1_Female2	Female	0.0922105676817784	0.174015760990382	146	38	0.597004576455961	0.868914826625621
d__Bacteria.p__Bacillota_A.c__Clostridia.o__Lachnospirales.f__Lachnospiraceae.g__Eubacterium_I.s__Eubacterium_I.ramulus	Sex_Male1_Female2	Female	-0.107795044385885	0.211775307042434	146	77	0.611532035729554	0.868914826625621
d__Bacteria.p__Bacillota_A.c__Clostridia.o__Lachnospirales.f__Lachnospiraceae.g__Hominisplanchenecus.s__Hominisplanchenecus.faecis	Sex_Male1_Female2	Female	-0.141226697970332	0.266479902795432	146	65	0.596953748119167	0.868914826625621
d__Bacteria.p__Bacillota_A.c__Clostridia.o__Oscillospirales.f__Acutalibacteraceae.g__CAG.217.s__	Group	PD	-0.162818515833864	0.315061760933555	146	44	0.606106073559708	0.868914826625621
d__Bacteria.p__Bacillota_A.c__Clostridia.o__Oscillospirales.f__Acutalibacteraceae.g__CAG.217.s__	Sex_Male1_Female2	Female	0.149740001402274	0.294493303713267	146	44	0.61190970441722	0.868914826625621
d__Bacteria.p__Bacillota_A.c__Clostridia.o__Oscillospirales.f__Acutalibacteraceae.g__Fimivicinus.s__Fimivicinus.sp900544375	Sex_Male1_Female2	Female	0.117583453931982	0.228926854314251	146	26	0.608304158182423	0.868914826625621
d__Bacteria.p__Bacillota_A.c__Clostridia.o__Oscillospirales.f__CAG.382.g__Woodwardibium.s__Woodwardibium.sp900760275	Group	PD	-0.058990096351382	0.116107189382478	146	25	0.612189991486233	0.868914826625621
d__Bacteria.p__Bacillota_A.c__Clostridia.o__Peptostreptococcales.f__Peptostreptococcaceae.g__Terrisporobacter.s__Terrisporobacter.sp900557165	Group	PD	0.0876078387566528	0.164128402735227	146	26	0.594325113023561	0.868914826625621
d__Bacteria.p__Bacillota_A.c__Clostridia.o__TANB77.f__CAG.508.g__CAG.269.s__CAG.269.sp000437215	Group	PD	-0.0601277137685306	0.116373160336775	146	16	0.606177523854299	0.868914826625621
d__Bacteria.p__Bacillota_I.c__Bacilli_A.o__Erysipelotrichales.f__Erysipelotrichaceae.g__Clostridium_AQ.s__Clostridium_AQ.innocuum	Sex_Male1_Female2	Female	-0.0879130520406279	0.172057504871372	146	34	0.610172913454671	0.868914826625621
d__Bacteria.p__Bacillota_I.c__Bacilli_A.o__Erysipelotrichales.f__Erysipelotrichaceae.g__Holdemanella.s__Holdemanella.porci	Group	PD	0.0949428551872625	0.179543746920894	146	17	0.597763538781727	0.868914826625621
d__Bacteria.p__Bacteroidota.c__Bacteroidia.o__Bacteroidales.f__Bacteroidaceae.g__Bacteroides.s__Bacteroides.clarus	Sex_Male1_Female2	Female	0.0983700873026729	0.188532365082268	146	23	0.602639342877592	0.868914826625621
d__Bacteria.p__Bacteroidota.c__Bacteroidia.o__Bacteroidales.f__Bacteroidaceae.g__Bacteroides.s__Bacteroides.stercoris	Sex_Male1_Female2	Female	-0.163636947722147	0.307694966945615	146	49	0.595679020427864	0.868914826625621
d__Bacteria.p__Bacteroidota.c__Bacteroidia.o__Bacteroidales.f__Bacteroidaceae.g__Bacteroides.s__Bacteroides.uniformis	Group	PD	0.155620396552639	0.298029153034669	146	137	0.602363374121644	0.868914826625621
d__Bacteria.p__Bacteroidota.c__Bacteroidia.o__Bacteroidales.f__Rikenellaceae.g__Alistipes_A.s__Alistipes_A.indistinctus	Sex_Male1_Female2	Female	0.103040971137647	0.197219438749142	146	51	0.602152551608185	0.868914826625621
d__Bacteria.p__Bacteroidota.c__Bacteroidia.o__Bacteroidales.f__Tannerellaceae.g__Parabacteroides.s__Parabacteroides.segnis	Group	PD	0.0737839465169583	0.138579049350305	146	25	0.59525302715743	0.868914826625621
d__Bacteria.p__Bacillota_A.c__Clostridia.o__Lachnospirales.f__Lachnospiraceae.g__Brotaphodocola.s__Brotaphodocola.sp003478505	Sex_Male1_Female2	Female	-0.0404589966530094	0.0806476545063147	146	22	0.616666914308144	0.870314814910362
d__Bacteria.p__Bacillota_A.c__Clostridia.o__Oscillospirales.f__Ruminococcaceae.g__Faecalibacterium.s__Faecalibacterium.sp934514285	Sex_Male1_Female2	Female	-0.147514904329657	0.293785741121133	146	96	0.616357288362739	0.870314814910362
d__Bacteria.p__Bacteroidota.c__Bacteroidia.o__Bacteroidales.f__Bacteroidaceae.g__Bacteroides.s__Bacteroides.fragilis	Sex_Male1_Female2	Female	0.140723062914059	0.280457474394115	146	69	0.616606198026689	0.870314814910362
d__Bacteria.p__Bacteroidota.c__Bacteroidia.o__Bacteroidales.f__Bacteroidaceae.g__Bacteroides.s__Bacteroides.faecis	Sex_Male1_Female2	Female	0.0803600029031896	0.161750381946559	146	20	0.620082487300355	0.873487194916508
d__Bacteria.p__Bacteroidota.c__Bacteroidia.o__Bacteroidales.f__Marinifilaceae.g__Butyricimonas.s__Butyricimonas.paravirosa	Group	PD	0.0786176070991196	0.160581046971362	146	40	0.625179823043893	0.87901223240006
d__Bacteria.p__Bacillota_A.c__Clostridia.o__Lachnospirales.f__Lachnospiraceae.g__Blautia.s__Blautia.stercoris	Sex_Male1_Female2	Female	-0.112776611158246	0.232833869725578	146	35	0.628867779560798	0.880885953392278
d__Bacteria.p__Bacillota_A.c__Clostridia.o__Lachnospirales.f__Lachnospiraceae.g__Enterocloster.s__Enterocloster.sp000431375	Sex_Male1_Female2	Female	0.104415604726766	0.215284505205513	146	64	0.628409876906654	0.880885953392278
d__Bacteria.p__Bacillota_A.c__Clostridia.o__Lachnospirales.f__Lachnospiraceae.g__Blautia_A.s__Blautia_A.sp000436615	Group	PD	-0.126952479438979	0.265637701503408	146	41	0.633439821613749	0.885631750592681
d__Bacteria.p__Bacteroidota.c__Bacteroidia.o__Bacteroidales.f__Rikenellaceae.g__Alistipes.s__Alistipes.putredinis	Group	PD	-0.18106684819634	0.381940699281543	146	113	0.636172627216902	0.887793143951946
d__Bacteria.p__Actinomycetota.c__Actinomycetes.o__Actinomycetales.f__Bifidobacteriaceae.g__Bifidobacterium.s__Bifidobacterium.pseudocatenulatum	Sex_Male1_Female2	Female	-0.111679491643464	0.239181503363066	146	26	0.64126515864681	0.891573120200397
d__Bacteria.p__Bacteroidota.c__Bacteroidia.o__Bacteroidales.f__Rikenellaceae.g__Alistipes.s__Alistipes.finegoldii	Group	PD	0.132506781613655	0.283581778697017	146	87	0.641024177101817	0.891573120200397
d__Bacteria.p__Bacillota_A.c__Clostridia.o__Christensenellales.f__Aristaeellaceae.g__Pullichristensenella.s__Pullichristensenella.excrementigallinarum	Sex_Male1_Female2	Female	-0.0500016417002948	0.112427098773325	146	18	0.657174844793947	0.89960398778722
d__Bacteria.p__Bacillota_A.c__Clostridia.o__Lachnospirales.f__Lachnospiraceae.g__Dorea_D.s__Dorea_D.sp000433535	Group	PD	0.102251587390171	0.229810925198518	146	42	0.657037385871319	0.89960398778722
d__Bacteria.p__Bacillota_A.c__Clostridia.o__Lachnospirales.f__Lachnospiraceae.g__UBA3402.s__UBA3402.sp003478355	Sex_Male1_Female2	Female	-0.0589065440082072	0.132735294589395	146	29	0.657865483047606	0.89960398778722
d__Bacteria.p__Bacillota_A.c__Clostridia.o__Oscillospirales.f__Acutalibacteraceae.g__Eubacterium_R.s__Eubacterium_R.sp000434995	Group	PD	-0.0833722861265216	0.184964553438819	146	25	0.652854342720616	0.89960398778722
d__Bacteria.p__Bacillota_A.c__Clostridia.o__Oscillospirales.f__Oscillospiraceae.g__Lawsonibacter.s__Lawsonibacter.sp900066825	Sex_Male1_Female2	Female	0.0482225964514334	0.10771576776285	146	16	0.655058915041908	0.89960398778722
d__Bacteria.p__Bacillota_A.c__Clostridia.o__Oscillospirales.f__Ruminococcaceae.g__Hominimerdicola.s__Hominimerdicola.aceti	Sex_Male1_Female2	Female	-0.152310221870082	0.336689327144845	146	83	0.651683530274247	0.89960398778722
d__Bacteria.p__Bacillota_A.c__Clostridia.o__Oscillospirales.f__Ruminococcaceae.g__Negativibacillus.s__Negativibacillus.sp000435195	Group	PD	-0.0997440905607666	0.219873149725176	146	49	0.650772910843742	0.89960398778722
d__Bacteria.p__Bacillota_A.c__Clostridia.o__Peptostreptococcales.f__Anaerovoracaceae.g__UMGS973.s__UMGS973.sp900547295	Group	PD	0.0618909567164352	0.138255858748492	146	23	0.655079444081985	0.89960398778722
d__Bacteria.p__Verrucomicrobiota.c__Verrucomicrobiae.o__Verrucomicrobiales.f__Akkermansiaceae.g__Akkermansia.s__Akkermansia.muciniphila	Sex_Male1_Female2	Female	-0.195298377912958	0.430825097155171	146	54	0.651010888875485	0.89960398778722
d__Bacteria.p__Bacillota_A.c__Clostridia.o__Oscillospirales.f__Oscillospiraceae.g__Vescimonas.s__Vescimonas.sp000435555	Sex_Male1_Female2	Female	-0.140420691297358	0.318226877481932	146	60	0.659691463835609	0.900454771804809
d__Bacteria.p__Actinomycetota.c__Coriobacteriia.o__Coriobacteriales.f__Eggerthellaceae.g__CAJFUR01.s__CAJFUR01.sp904420575	Sex_Male1_Female2	Female	0.0625889867268711	0.143776491891712	146	31	0.663985468556956	0.901381362033763
d__Bacteria.p__Actinomycetota.c__Coriobacteriia.o__Coriobacteriales.f__QAMH01.g__QAMH01.s__QAMH01.sp900544245	Group	PD	-0.0893069455158839	0.20405546563815	146	33	0.662292974651334	0.901381362033763
d__Bacteria.p__Bacillota_A.c__Clostridia.o__Christensenellales.f__Aristaeellaceae.g__Pullichristensenella.s__Pullichristensenella.stercorigallinarum	Sex_Male1_Female2	Female	-0.0520146181058343	0.119203949090111	146	23	0.66324104327814	0.901381362033763
d__Bacteria.p__Actinomycetota.c__Coriobacteriia.o__Coriobacteriales.f__Eggerthellaceae.g__Anaerotardibacter.s__Anaerotardibacter.sp000436075	Sex_Male1_Female2	Female	-0.0913245635343637	0.217937835363672	146	37	0.675816017707181	0.902748593167992
d__Bacteria.p__Bacillota_A.c__Clostridia.o__Christensenellales.f__Aristaeellaceae.g__Alectryocaccomicrobium.s__Alectryocaccomicrobium.faecavium	Sex_Male1_Female2	Female	-0.0527652512189731	0.126957967520561	146	23	0.678316956092918	0.902748593167992
d__Bacteria.p__Bacillota_A.c__Clostridia.o__Christensenellales.f__Aristaeellaceae.g__Egerieenecus.s__Egerieenecus.merdigallinarum	Sex_Male1_Female2	Female	-0.077096119472537	0.183728508073223	146	37	0.675392960369035	0.902748593167992
d__Bacteria.p__Bacillota_A.c__Clostridia.o__Christensenellales.f__CAG.138.g__PeH17.s__PeH17.sp000435055	Sex_Male1_Female2	Female	0.112884984670773	0.27781856062588	146	52	0.685110298026937	0.902748593167992
d__Bacteria.p__Bacillota_A.c__Clostridia.o__Christensenellales.f__CAG.138.g__Phil1.s__Phil1.sp001940855	Sex_Male1_Female2	Female	0.0749538151476354	0.181870371679406	146	21	0.680862978025787	0.902748593167992
d__Bacteria.p__Bacillota_A.c__Clostridia.o__Lachnospirales.f__Lachnospiraceae.g__Blautia_A.s__Blautia_A.sp000436615	Sex_Male1_Female2	Female	-0.103227642787274	0.248295839122906	146	41	0.678220149610061	0.902748593167992
d__Bacteria.p__Bacillota_A.c__Clostridia.o__Lachnospirales.f__Lachnospiraceae.g__Dorea.s__Dorea.formicigenerans	Sex_Male1_Female2	Female	-0.0871682524475646	0.201991542899539	146	113	0.666722725180561	0.902748593167992
d__Bacteria.p__Bacillota_A.c__Clostridia.o__Lachnospirales.f__Lachnospiraceae.g__Gallintestinimicrobium.s__Gallintestinimicrobium.propionicum	Sex_Male1_Female2	Female	0.0815666961409992	0.192782863331717	146	75	0.67285690477562	0.902748593167992
d__Bacteria.p__Bacillota_A.c__Clostridia.o__Lachnospirales.f__Lachnospiraceae.g__Scatomonas.s__Scatomonas.merdavium	Sex_Male1_Female2	Female	-0.0438513434420395	0.107685913439635	146	19	0.684458832774317	0.902748593167992
d__Bacteria.p__Bacillota_A.c__Clostridia.o__Lachnospirales.f__Lachnospiraceae.g__Schaedlerella.s__Schaedlerella.hominis	Group	PD	-0.036299689075716	0.0882365866628369	146	15	0.681402159169427	0.902748593167992
d__Bacteria.p__Bacillota_A.c__Clostridia.o__Oscillospirales.f__Acutalibacteraceae.g__UMGS1264.s__UMGS1264.sp904399395	Sex_Male1_Female2	Female	-0.0551958873474621	0.136023647215071	146	27	0.68550962689762	0.902748593167992
d__Bacteria.p__Bacillota_A.c__Clostridia.o__Oscillospirales.f__Oscillospiraceae.g__Onthomonas.s__Onthomonas.sp900545815	Sex_Male1_Female2	Female	-0.0602817059769522	0.142656434581517	146	27	0.673246915169299	0.902748593167992
d__Bacteria.p__Bacillota_A.c__Clostridia.o__Oscillospirales.f__Oscillospiraceae.g__Vescimonas.s__Vescimonas.sp000435975	Group	PD	0.0903928796396764	0.21549843996985	146	27	0.675509774934705	0.902748593167992
d__Bacteria.p__Bacillota_A.c__Clostridia.o__Oscillospirales.f__Oscillospiraceae.g__Vescimonas.s__Vescimonas.sp900545585	Group	PD	-0.0516581195785347	0.126489568127106	146	17	0.683592201719535	0.902748593167992
d__Bacteria.p__Bacillota_I.c__Bacilli_A.o__Erysipelotrichales.f__Coprobacillaceae.g__Allocoprobacillus.s__Allocoprobacillus.merdigallinarum	Sex_Male1_Female2	Female	0.035743030593303	0.0846273795484002	146	15	0.673398259093423	0.902748593167992
d__Bacteria.p__Bacteroidota.c__Bacteroidia.o__Bacteroidales.f__Bacteroidaceae.g__Bacteroides.s__Bacteroides.cellulosilyticus	Group	PD	-0.136355643103462	0.334328043156165	146	70	0.68399388479394	0.902748593167992
d__Bacteria.p__Bacteroidota.c__Bacteroidia.o__Bacteroidales.f__Tannerellaceae.g__Parabacteroides.s__Parabacteroides.merdae	Sex_Male1_Female2	Female	-0.0903836293546297	0.218054648585051	146	79	0.679129164822138	0.902748593167992
d__Bacteria.p__Actinomycetota.c__Coriobacteriia.o__Coriobacteriales.f__UMGS124.g__JAHZGC01.s__JAHZGC01.sp019421015	Group	PD	0.0476318651371271	0.118194348517583	146	22	0.687552937009267	0.903661133317549
d__Bacteria.p__Bacillota_A.c__Clostridia.o__Christensenellales.f__Aristaeellaceae.g__Faecivicinus.s__Faecivicinus.sp900553265	Group	PD	-0.0404582505410544	0.100766039685224	146	17	0.688646413170529	0.903661133317549
d__Bacteria.p__Bacillota_A.c__Clostridia.o__TANB77.f__CAG.508.g__CAG.273.s__CAG.273.sp000438355	Group	PD	0.070201891043996	0.175548615639854	146	40	0.689826881182246	0.903661133317549
d__Bacteria.p__Bacillota_A.c__Clostridia.o__Lachnospirales.f__Lachnospiraceae.g__Jutongia.s__Jutongia.sp003524945	Sex_Male1_Female2	Female	-0.0546019498104869	0.137559051609059	146	15	0.69200745030392	0.904932819628203
d__Bacteria.p__Bacillota_A.c__Clostridia.o__TANB77.f__CAG.508.g__CAG.245.s__CAG.245.sp000435175	Group	PD	-0.0583378810359119	0.148027412573732	146	30	0.694092899852756	0.906075897189985
d__Bacteria.p__Bacillota_A.c__Clostridia.o__Lachnospirales.f__Lachnospiraceae.g__Butyribacter.s__Butyribacter.sp000436755	Group	PD	0.039690436556441	0.102160913817936	146	17	0.698217195385835	0.909871885276314
d__Bacteria.p__Bacillota_A.c__Clostridia.o__Oscillospirales.f__Ruminococcaceae.g__CAG.115.s__CAG.115.sp003531585	Sex_Male1_Female2	Female	0.0478125142606101	0.12475073040734	146	20	0.702092893236804	0.913331276767182
d__Bacteria.p__Bacillota_A.c__Clostridia.o__Christensenellales.f__Aristaeellaceae.g__Limiplasma.s__Limiplasma.merdipullorum	Sex_Male1_Female2	Female	-0.0897536066404983	0.237103005455258	146	51	0.705588894711129	0.913588566048625
d__Bacteria.p__Bacillota_A.c__Clostridia.o__Lachnospirales.f__Lachnospiraceae.g__Blautia_A.s__Blautia_A.wexlerae_B	Sex_Male1_Female2	Female	-0.109165221597736	0.296066296870414	146	138	0.712882624187126	0.913588566048625
d__Bacteria.p__Bacillota_A.c__Clostridia.o__Lachnospirales.f__Lachnospiraceae.g__Choladousia.s__Choladousia.sp902363135	Group	PD	-0.0743965512342581	0.198853929681146	146	100	0.708864263046045	0.913588566048625
d__Bacteria.p__Bacillota_A.c__Clostridia.o__Lachnospirales.f__Lachnospiraceae.g__Lachnoclostridium_B.s__Lachnoclostridium_B.ammoniilytica	Group	PD	0.0665720654710343	0.17489267890629	146	85	0.70403136185381	0.913588566048625
d__Bacteria.p__Bacillota_A.c__Clostridia.o__Lachnospirales.f__Lachnospiraceae.g__Wujia.s__Wujia.chipingensis	Sex_Male1_Female2	Female	-0.0790211945138684	0.214626203992368	146	26	0.713283051567375	0.913588566048625
d__Bacteria.p__Bacillota_A.c__Clostridia.o__Oscillospirales.f__Oscillospiraceae.g__Evtepia.s__Evtepia.excrementipullorum	Group	PD	-0.0874473552543822	0.235518085086093	146	33	0.710965240970398	0.913588566048625
d__Bacteria.p__Bacillota_A.c__Clostridia.o__Oscillospirales.f__Oscillospiraceae.g__Intestinimonas.s__Intestinimonas.butyriciproducens	Sex_Male1_Female2	Female	-0.0411516883382647	0.110090473169726	146	21	0.709107623433141	0.913588566048625
d__Bacteria.p__Bacteroidota.c__Bacteroidia.o__Bacteroidales.f__Marinifilaceae.g__Odoribacter.s__Odoribacter.laneus	Sex_Male1_Female2	Female	0.0706233813545539	0.190193617373543	146	22	0.71094608511664	0.913588566048625
d__Bacteria.p__Desulfobacterota.c__Desulfovibrionia.o__Desulfovibrionales.f__Desulfovibrionaceae.g__Desulfovibrio.s__Desulfovibrio.sp018379785	Group	PD	0.0477648249567511	0.128541063711594	146	23	0.710746692910263	0.913588566048625
d__Bacteria.p__Bacillota_A.c__Clostridia.o__Oscillospirales.f__Oscillospiraceae.g__Hominicoprocola.s__Hominicoprocola.sp003522105	Group	PD	-0.0526430060982984	0.14511904784748	146	16	0.717321741562083	0.917190876390492
d__Bacteria.p__Bacillota.c__Bacilli.o__Lactobacillales.f__Streptococcaceae.g__Streptococcus.s__Streptococcus.mutans	Sex_Male1_Female2	Female	-0.0650972859097702	0.183032195367512	146	24	0.722619081735583	0.918325567536321
d__Bacteria.p__Bacillota_A.c__Clostridia.o__Christensenellales.f__CAG.314.g__CAG.314.s__CAG.314.sp000437915	Group	PD	0.0602042362404635	0.169113949720817	146	32	0.722366676281615	0.918325567536321
d__Bacteria.p__Bacillota_A.c__Clostridia.o__Lachnospirales.f__Lachnospiraceae.g__Schaedlerella.s__Schaedlerella.glycyrrhizinilytica_A	Sex_Male1_Female2	Female	-0.057867573614003	0.160864711460124	146	42	0.719581092646195	0.918325567536321
d__Bacteria.p__Bacteroidota.c__Bacteroidia.o__Bacteroidales.f__Bacteroidaceae.g__Phocaeicola.s__Phocaeicola.dorei	Group	PD	-0.135689792746253	0.382235386428952	146	76	0.723119999035953	0.918325567536321
d__Bacteria.p__Bacillota_A.c__Clostridia.o__Lachnospirales.f__Lachnospiraceae.g__Dorea_A.s__Dorea_A.amylophila	Sex_Male1_Female2	Female	0.0852942789273975	0.244764933095105	146	69	0.727996546497367	0.920107481660932
d__Bacteria.p__Bacillota_A.c__Clostridia.o__Oscillospirales.f__Ruminococcaceae.g__Ruminococcus_C.s__Ruminococcus_C.sp000980705	Group	PD	0.0609309037392277	0.173366699718447	146	15	0.72576299665665	0.920107481660932
d__Bacteria.p__Bacillota_C.c__Negativicutes.o__Acidaminococcales.f__Acidaminococcaceae.g__Phascolarctobacterium.s__Phascolarctobacterium.faecium	Group	PD	-0.0966999081144988	0.277725781712586	146	66	0.72821340794555	0.920107481660932
d__Bacteria.p__Bacillota_A.c__Clostridia.o__Lachnospirales.f__Lachnospiraceae.g__Blautia_A.s__Blautia_A.luti	Sex_Male1_Female2	Female	0.0537929281122935	0.15737053779024	146	37	0.732985636463362	0.924575473987512
d__Bacteria.p__Bacteroidota.c__Bacteroidia.o__Bacteroidales.f__Rikenellaceae.g__Alistipes.s__Alistipes.shahii	Sex_Male1_Female2	Female	-0.0913842839278861	0.269084050237266	146	88	0.734646703466608	0.925110663624618
d__Bacteria.p__Bacillota_A.c__Clostridia.o__Lachnospirales.f__Lachnospiraceae.g__Anaerostipes.s__	Sex_Male1_Female2	Female	0.0897546442505498	0.26603290069802	146	132	0.73632385060887	0.925664269336865
d__Bacteria.p__Actinomycetota.c__Actinomycetes.o__Actinomycetales.f__Bifidobacteriaceae.g__Bifidobacterium.s__Bifidobacterium.dentium	Sex_Male1_Female2	Female	-0.0446285340248551	0.134234043979106	146	15	0.74002270615792	0.92719762848597
d__Bacteria.p__Bacillota_A.c__Clostridia.o__Oscillospirales.f__Ruminococcaceae.g__Ruminococcus_C.s__Ruminococcus_C.callidus	Sex_Male1_Female2	Female	0.0671709510614179	0.201613582858384	146	20	0.739496358607302	0.92719762848597
d__Bacteria.p__Bacillota_A.c__Clostridia.o__Christensenellales.f__QAND01.g__UMGS1975.s__UMGS1975.sp959600905	Group	PD	-0.0470066548144484	0.143659473791811	146	33	0.743988403672559	0.927784886143812
d__Bacteria.p__Bacillota_A.c__Clostridia.o__Oscillospirales.f__Acutalibacteraceae.g__UMGS1264.s__UMGS1264.sp904399395	Group	PD	0.047586934575637	0.145524021360809	146	27	0.744143042398867	0.927784886143812
d__Bacteria.p__Bacillota_A.c__Clostridia.o__Oscillospirales.f__Oscillospiraceae.g__Dysosmobacter.s__Dysosmobacter.faecalis	Group	PD	-0.0479605913491039	0.146707960512633	146	30	0.744212475516427	0.927784886143812
d__Bacteria.p__Bacillota_A.c__Clostridia.o__Oscillospirales.f__Oscillospiraceae.g__Onthomonas.s__Onthomonas.sp003150485	Sex_Male1_Female2	Female	-0.0564467162261006	0.174230092788765	146	32	0.746428061965284	0.928328421126745
d__Bacteria.p__Bacteroidota.c__Bacteroidia.o__Bacteroidales.f__Bacteroidaceae.g__Phocaeicola.s__Phocaeicola.massiliensis	Sex_Male1_Female2	Female	-0.0662206154480061	0.204986790559516	146	34	0.747130627698262	0.928328421126745
d__Bacteria.p__Bacillota_A.c__Clostridia.o__Oscillospirales.f__Oscillospiraceae.g__Faecousia.s__Faecousia.sp958436045	Group	PD	-0.0401147829965748	0.124853581740493	146	30	0.7484562584774	0.928433302389875
d__Bacteria.p__Actinomycetota.c__Coriobacteriia.o__Coriobacteriales.f__Eggerthellaceae.g__Anaerotardibacter.s__Anaerotardibacter.sp000435675	Group	PD	0.0883225865165578	0.283987229521738	146	52	0.756246670216119	0.929551697054193
d__Bacteria.p__Bacillota_A.c__Clostridia.o__Christensenellales.f__Aristaeellaceae.g__Faecivicinus.s__Faecivicinus.avistercoris	Group	PD	0.0504838561746824	0.16040155613803	146	28	0.75342223114407	0.929551697054193
d__Bacteria.p__Bacillota_A.c__Clostridia.o__Lachnospirales.f__Lachnospiraceae.g__Otoolea.s__Otoolea.fessa	Sex_Male1_Female2	Female	-0.06055498435508	0.195174286831764	146	84	0.756814149072197	0.929551697054193
d__Bacteria.p__Bacillota_A.c__Clostridia.o__Oscillospirales.f__Oscillospiraceae.g__HGM13006.s__HGM13006.sp900756575	Group	PD	0.0354987551931257	0.113895563436445	146	20	0.755739105847335	0.929551697054193
d__Bacteria.p__Bacillota_A.c__Clostridia.o__Peptostreptococcales.f__Anaerovoracaceae.g__CAG.238.s__CAG.238.sp900542245	Group	PD	-0.0333435539343474	0.107300336390329	146	19	0.756443353602058	0.929551697054193
d__Bacteria.p__Bacteroidota.c__Bacteroidia.o__Bacteroidales.f__Rikenellaceae.g__Alistipes.s__Alistipes.senegalensis	Group	PD	0.0462590061138795	0.14540802493285	146	29	0.75084861641646	0.929551697054193
d__Bacteria.p__Bacillota_A.c__Clostridia.o__Christensenellales.f__Aristaeellaceae.g__Ventricola.s__Ventricola.sp900548125	Sex_Male1_Female2	Female	-0.0338546807795771	0.109820982550593	146	24	0.75832433521463	0.929635517906608
d__Bacteria.p__Bacillota_A.c__Clostridia.o__Oscillospirales.f__Oscillospiraceae.g__Scatomorpha.s__Scatomorpha.intestinigallinarum	Group	PD	0.0560849217746764	0.182748226429377	146	23	0.759368050054729	0.929635517906608
d__Bacteria.p__Bacillota_I.c__Bacilli_A.o__Erysipelotrichales.f__Erysipelotrichaceae.g__Longicatena.s__Longicatena.caecimuris	Sex_Male1_Female2	Female	-0.0478209896866304	0.156957184046492	146	28	0.761056362671049	0.930179998820171
d__Bacteria.p__Bacillota_A.c__Clostridia.o__Oscillospirales.f__Ruminococcaceae.g__Faecalibacterium.s__Faecalibacterium.sp900758465	Sex_Male1_Female2	Female	-0.0484550755928768	0.160071295029979	146	36	0.76255126533243	0.930486698970078
d__Bacteria.p__Bacillota_A.c__Clostridia.o__Oscillospirales.f__Acutalibacteraceae.g__Eubacterium_R.s__Eubacterium_R.sp000434995	Sex_Male1_Female2	Female	-0.0518355365585145	0.172889347950844	146	25	0.764750479191504	0.931363493663242
d__Bacteria.p__Bacillota_A.c__Clostridia.o__Oscillospirales.f__Oscillospiraceae.g__CAG.170.s__CAG.170.sp900553545	Group	PD	0.0319289078244794	0.106966964710898	146	17	0.765760091715099	0.931363493663242
d__Bacteria.p__Bacillota_A.c__Clostridia.o__Christensenellales.f__Aristaeellaceae.g__Faecivicinus.s__Faecivicinus.sp900553265	Sex_Male1_Female2	Female	-0.0265037760662432	0.0941876406742427	146	17	0.778815488278598	0.935791580347674
d__Bacteria.p__Bacillota_A.c__Clostridia.o__Lachnospirales.f__Lachnospiraceae.g__Alitiscatomonas.s__Alitiscatomonas.sp900066785	Sex_Male1_Female2	Female	0.0382967626547364	0.134639333699678	146	24	0.776484967903427	0.935791580347674
d__Bacteria.p__Bacillota_A.c__Clostridia.o__Lachnospirales.f__Lachnospiraceae.g__Blautia_A.s__Blautia_A.intestinalis	Group	PD	0.0767441393075194	0.266688074713896	146	80	0.773941405521811	0.935791580347674
d__Bacteria.p__Bacillota_A.c__Clostridia.o__Lachnospirales.f__Lachnospiraceae.g__Blautia_A.s__Blautia_A.sp934394595	Group	PD	-0.0470203810406969	0.166425046227254	146	53	0.777944236128225	0.935791580347674
d__Bacteria.p__Bacillota_A.c__Clostridia.o__Lachnospirales.f__Lachnospiraceae.g__CAG.194.s__CAG.194.sp000432915	Sex_Male1_Female2	Female	-0.0609207951597452	0.213280016436672	146	32	0.775569021405431	0.935791580347674
d__Bacteria.p__Bacillota_A.c__Clostridia.o__Oscillospirales.f__Acutalibacteraceae.g__Ruminococcus_E.s__Ruminococcus_E.bromii	Sex_Male1_Female2	Female	-0.130518815166099	0.465112732849001	146	92	0.779409297535563	0.935791580347674
d__Bacteria.p__Bacillota_A.c__Clostridia.o__Oscillospirales.f__Oscillospiraceae.g__CAG.103.s__CAG.103.sp900317855	Group	PD	-0.103402455439833	0.356041271718495	146	36	0.771913650046282	0.935791580347674
d__Bacteria.p__Bacillota_I.c__Bacilli_A.o__Erysipelotrichales.f__Coprobacillaceae.g__Coprobacillus.s__Coprobacillus.cateniformis	Sex_Male1_Female2	Female	-0.029822754039254	0.102803993825993	146	15	0.772165063640633	0.935791580347674
d__Bacteria.p__Bacillota_A.c__Clostridia.o__Oscillospirales.f__Ruminococcaceae.g__Ruthenibacterium.s__Ruthenibacterium.merdipullorum	Group	PD	-0.0408686607616804	0.14772649477562	146	16	0.782447678717515	0.93793407641138
d__Bacteria.p__Bacillota.c__Bacilli.o__Lactobacillales.f__Streptococcaceae.g__Streptococcus.s__Streptococcus.sp902463925	Sex_Male1_Female2	Female	0.0555800052579374	0.207629443229104	146	23	0.789324849745021	0.937994087773248
d__Bacteria.p__Bacillota_A.c__Clostridia.o__Christensenellales.f__Aristaeellaceae.g__Limiplasma.s__Limiplasma.sp900548145	Group	PD	0.0368412320534706	0.136466588545051	146	17	0.787576214225575	0.937994087773248
d__Bacteria.p__Bacillota_A.c__Clostridia.o__Lachnospirales.f__Lachnospiraceae.g__Blautia_A.s__Blautia_A.faecis	Group	PD	0.0618324004911941	0.233197834662715	146	140	0.791275761209786	0.937994087773248
d__Bacteria.p__Bacillota_A.c__Clostridia.o__Lachnospirales.f__Lachnospiraceae.g__Blautia_A.s__Blautia_A.sp900548245	Sex_Male1_Female2	Female	-0.0586356299870102	0.220323536014637	146	47	0.790519186537628	0.937994087773248
d__Bacteria.p__Bacillota_A.c__Clostridia.o__Lachnospirales.f__Lachnospiraceae.g__Frisingicoccus.s__Frisingicoccus.sp900549105	Sex_Male1_Female2	Female	0.0351637208715424	0.128505933631151	146	16	0.784759965518184	0.937994087773248
d__Bacteria.p__Bacillota_A.c__Clostridia.o__Lachnospirales.f__Lachnospiraceae.g__V9D3004.s__V9D3004.sp900760345	Group	PD	-0.0490584499991186	0.182877622101878	146	31	0.788887046124132	0.937994087773248
d__Bacteria.p__Bacillota_A.c__Clostridia.o__Oscillospirales.f__Ruminococcaceae.g__Gemmiger.s__Gemmiger.sp900540775	Group	PD	-0.0758007947599659	0.280176814679248	146	33	0.787130108919611	0.937994087773248
d__Bacteria.p__Bacillota_A.c__Clostridia.o__Lachnospirales.f__Lachnospiraceae.g__Pseudolachnospira.s__Pseudolachnospira.sp022867805	Group	PD	-0.0471492629114536	0.179342033005343	146	36	0.793005013729788	0.938556566882724
d__Bacteria.p__Bacillota_A.c__Clostridia.o__Lachnospirales.f__Lachnospiraceae.g__Blautia_A.s__Blautia_A.schinkii_B	Sex_Male1_Female2	Female	-0.0415900389609038	0.161446406980067	146	19	0.79707906073159	0.941888052807629
d__Bacteria.p__Bacillota_A.c__Clostridia.o__Lachnospirales.f__Lachnospiraceae.g__Alitiscatomonas.s__Alitiscatomonas.aceti	Sex_Male1_Female2	Female	-0.0523619332768781	0.205285067830576	146	82	0.799035996999152	0.942711239361776
d__Bacteria.p__Bacteroidota.c__Bacteroidia.o__Bacteroidales.f__Bacteroidaceae.g__Bacteroides.s__Bacteroides.uniformis	Sex_Male1_Female2	Female	-0.0705711702603564	0.278572650708178	146	137	0.800376054024373	0.942805178598789
d__Bacteria.p__Actinomycetota.c__Coriobacteriia.o__Coriobacteriales.f__Eggerthellaceae.g__Gordonibacter.s__Gordonibacter.urolithinfaciens	Group	PD	-0.0319208111352243	0.12979188048375	146	20	0.806082542790874	0.944303468614977
d__Bacteria.p__Bacillota_A.c__Clostridia.o__Lachnospirales.f__Lachnospiraceae.g__Mediterraneibacter_A.s__Mediterraneibacter_A.butyricigenes	Group	PD	-0.0308473704086557	0.125834582793665	146	29	0.806697749257982	0.944303468614977
d__Bacteria.p__Bacillota_A.c__Clostridia.o__Oscillospirales.f__Ruminococcaceae.g__Gemmiger.s__Gemmiger.formicilis	Sex_Male1_Female2	Female	0.0843782433118529	0.339840902251604	146	97	0.804268178726562	0.944303468614977
d__Bacteria.p__Bacteroidota.c__Bacteroidia.o__Bacteroidales.f__Rikenellaceae.g__Tidjanibacter.s__Tidjanibacter.inops	Group	PD	-0.0512594466585699	0.205598626701062	146	24	0.803472535385412	0.944303468614977
d__Bacteria.p__Bacillota_A.c__Clostridia.o__Lachnospirales.f__Lachnospiraceae.g__Alitiscatomonas.s__Alitiscatomonas.aceti	Group	PD	0.0532832074880666	0.219622905337904	146	82	0.808653417245154	0.945113681405274
d__Bacteria.p__Bacillota_A.c__Clostridia.o__Oscillospirales.f__Acutalibacteraceae.g__Ruminococcus_E.s__Ruminococcus_E.intestinalis	Group	PD	-0.0749361253035576	0.314279503144744	146	19	0.811882864375747	0.946238087117032
d__Bacteria.p__Bacillota_A.c__Clostridia.o__Oscillospirales.f__CAG.382.g__Woodwardibium.s__Woodwardibium.sp900760275	Sex_Male1_Female2	Female	-0.0256628553110247	0.108527260448211	146	25	0.813410548150069	0.946238087117032
d__Bacteria.p__Bacillota_A.c__Clostridia.o__Oscillospirales.f__Oscillospiraceae.g__Pseudoscilispira.s__Pseudoscilispira.sp018369915	Sex_Male1_Female2	Female	-0.0175534711839548	0.0739660719888285	146	15	0.812749851705986	0.946238087117032
d__Bacteria.p__Bacillota_A.c__Clostridia.o__Oscillospirales.f__Oscillospiraceae.g__Evtepia.s__Evtepia.sp004556345	Sex_Male1_Female2	Female	-0.0278612715880184	0.11900475523213	146	19	0.815227467000061	0.946879107633611
d__Bacteria.p__Bacillota_A.c__Clostridia.o__Oscillospirales.f__Acutalibacteraceae.g__Fimivicinus.s__Fimivicinus.sp900544375	Group	PD	0.0554507940411335	0.244915918072802	146	26	0.821207824489535	0.952346438322748
d__Bacteria.p__Bacillota.c__Bacilli.o__Lactobacillales.f__Streptococcaceae.g__Streptococcus.s__Streptococcus.parasanguinis_G	Sex_Male1_Female2	Female	0.0470660320862912	0.22672822021047	146	57	0.835846099420182	0.952641233048828
d__Bacteria.p__Bacillota.c__Bacilli.o__Lactobacillales.f__Streptococcaceae.g__Streptococcus.s__Streptococcus.sp001556435	Sex_Male1_Female2	Female	0.0576209414079744	0.273688552983835	146	113	0.833550057772457	0.952641233048828
d__Bacteria.p__Bacillota_A.c__Clostridia.o__Christensenellales.f__QAND01.g__UMGS1975.s__UMGS1975.sp959600905	Sex_Male1_Female2	Female	0.0286456516156925	0.134280824563734	146	33	0.831376179641302	0.952641233048828
d__Bacteria.p__Bacillota_A.c__Clostridia.o__Clostridiales.f__Clostridiaceae.g__Clostridium.s__Clostridium.saudiense	Group	PD	0.0333197258494127	0.150583228691183	146	30	0.825196949118863	0.952641233048828
d__Bacteria.p__Bacillota_A.c__Clostridia.o__Lachnospirales.f__Lachnospiraceae.g__Blautia_A.s__Blautia_A.acetigignens	Sex_Male1_Female2	Female	0.0431945496046024	0.21827307861268	146	56	0.843410405144246	0.952641233048828
d__Bacteria.p__Bacillota_A.c__Clostridia.o__Lachnospirales.f__Lachnospiraceae.g__Blautia_A.s__Blautia_A.schinkii_B	Group	PD	0.0375749394349148	0.172722396870051	146	19	0.828093536454368	0.952641233048828
d__Bacteria.p__Bacillota_A.c__Clostridia.o__Lachnospirales.f__Lachnospiraceae.g__Massilistercora.s__Massilistercora.timonensis	Sex_Male1_Female2	Female	0.0283128653675512	0.134979960453959	146	24	0.834156609489054	0.952641233048828
d__Bacteria.p__Bacillota_A.c__Clostridia.o__Oscillospirales.f__Acutalibacteraceae.g__Acutalibacter.s__Acutalibacter.timonensis	Sex_Male1_Female2	Female	0.0525708638195591	0.244463380913417	146	61	0.830037868665547	0.952641233048828
d__Bacteria.p__Bacillota_A.c__Clostridia.o__Oscillospirales.f__Acutalibacteraceae.g__Pseudoruminococcus.s__Pseudoruminococcus.massiliensis	Sex_Male1_Female2	Female	0.049124426072385	0.243951640362858	146	23	0.840695797066312	0.952641233048828
d__Bacteria.p__Bacillota_A.c__Clostridia.o__Oscillospirales.f__CAG.272.g__UMGS911.s__UMGS911.sp003343545	Sex_Male1_Female2	Female	-0.0193030324274364	0.0957146180961638	146	18	0.840459151288087	0.952641233048828
d__Bacteria.p__Bacillota_A.c__Clostridia.o__Oscillospirales.f__Oscillospiraceae.g__CAG.170.s__CAG.170.sp900545925	Group	PD	-0.0273278222579273	0.131641151031575	146	26	0.835841872604808	0.952641233048828
d__Bacteria.p__Bacillota_A.c__Clostridia.o__Oscillospirales.f__Ruminococcaceae.g__Faecalibacterium.s__Faecalibacterium.sp900539885	Sex_Male1_Female2	Female	0.046187705222772	0.23445882462866	146	53	0.844109534832553	0.952641233048828
d__Bacteria.p__Bacillota_A.c__Clostridia.o__Oscillospirales.f__Ruminococcaceae.g__Negativibacillus.s__Negativibacillus.faecipullorum	Sex_Male1_Female2	Female	0.0190789009008627	0.0955571618039206	146	17	0.842030478457445	0.952641233048828
d__Bacteria.p__Bacillota_A.c__Clostridia.o__Peptostreptococcales.f__Peptostreptococcaceae.g__Intestinibacter.s__Intestinibacter.bartlettii	Sex_Male1_Female2	Female	-0.0452254573528947	0.214909572028263	146	54	0.833624242675708	0.952641233048828
d__Bacteria.p__Bacteroidota.c__Bacteroidia.o__Bacteroidales.f__Marinifilaceae.g__Odoribacter.s__Odoribacter.splanchnicus	Group	PD	-0.0444340458642813	0.215543604064528	146	94	0.836967923314886	0.952641233048828
d__Bacteria.p__Bacteroidota.c__Bacteroidia.o__Bacteroidales.f__Marinifilaceae.g__Odoribacter.s__Odoribacter.splanchnicus	Sex_Male1_Female2	Female	0.0396179623453092	0.201472079211206	146	94	0.844386547475097	0.952641233048828
d__Bacteria.p__Bacteroidota.c__Bacteroidia.o__Bacteroidales.f__Rikenellaceae.g__Alistipes.s__Alistipes.communis	Group	PD	0.0525166185034483	0.260895837689959	146	88	0.840755180818221	0.952641233048828
d__Bacteria.p__Pseudomonadota.c__Gammaproteobacteria.o__Burkholderiales.f__Burkholderiaceae.g__Parasutterella.s__Parasutterella.sp900552195	Sex_Male1_Female2	Female	0.0437545035049256	0.201565750372661	146	49	0.828460771196665	0.952641233048828
d__Bacteria.p__Bacillota_A.c__Clostridia.o__Christensenellales.f__UBA1750.g__Spyradocola.s__Spyradocola.merdavium	Sex_Male1_Female2	Female	0.0265993403702463	0.142681260714325	146	38	0.852375771889765	0.954087956592716
d__Bacteria.p__Bacillota_A.c__Clostridia.o__Lachnospirales.f__Lachnospiraceae.g__Dorea_D.s__Dorea_D.sp900543415	Sex_Male1_Female2	Female	0.0388267510663263	0.209629461876614	146	28	0.85332198256755	0.954087956592716
d__Bacteria.p__Bacillota_A.c__Clostridia.o__Lachnospirales.f__Lachnospiraceae.g__Lachnospira.s__Lachnospira.hominis	Sex_Male1_Female2	Female	0.0287103516203807	0.149353364003249	146	35	0.847833952509357	0.954087956592716
d__Bacteria.p__Bacteroidota.c__Bacteroidia.o__Bacteroidales.f__Bacteroidaceae.g__Phocaeicola.s__Phocaeicola.vulgatus	Group	PD	-0.0635258461765848	0.340802102616798	146	114	0.852394496289495	0.954087956592716
d__Bacteria.p__Bacteroidota.c__Bacteroidia.o__Bacteroidales.f__Tannerellaceae.g__Parabacteroides.s__Parabacteroides.johnsonii	Sex_Male1_Female2	Female	-0.0234091656893834	0.123918083510191	146	16	0.850432461200647	0.954087956592716
d__Bacteria.p__Verrucomicrobiota.c__Verrucomicrobiae.o__Verrucomicrobiales.f__Akkermansiaceae.g__Akkermansia.s__Akkermansia.biwaensis	Sex_Male1_Female2	Female	-0.0555546372034231	0.290271759914911	146	20	0.84849281473698	0.954087956592716
d__Bacteria.p__Bacillota_A.c__Clostridia.o__Lachnospirales.f__Lachnospiraceae.g__Enterocloster.s__Enterocloster.sp001517625	Sex_Male1_Female2	Female	-0.0367172426337557	0.202913621224859	146	24	0.856662942034521	0.954558040668657
d__Bacteria.p__Bacteroidota.c__Bacteroidia.o__Bacteroidales.f__Bacteroidaceae.g__Bacteroides.s__Bacteroides.ovatus	Sex_Male1_Female2	Female	-0.0473257353239556	0.263225813968428	146	96	0.85757086006596	0.954558040668657
d__Bacteria.p__Pseudomonadota.c__Alphaproteobacteria.o__RF32.f__CAG.239.g__Scatacola_A.s__Scatacola_A.faecigallinarum	Sex_Male1_Female2	Female	-0.0401546996644767	0.222283140910199	146	26	0.85690072021865	0.954558040668657
d__Bacteria.p__Bacillota.c__Bacilli.o__MOL361.f__Turicibacteraceae.g__Turicibacter.s__Turicibacter.sanguinis	Sex_Male1_Female2	Female	0.0224834400280718	0.129874273554684	146	21	0.862804289068836	0.957533543358293
d__Bacteria.p__Bacteroidota.c__Bacteroidia.o__Bacteroidales.f__Rikenellaceae.g__Tidjanibacter.s__Tidjanibacter.inops	Sex_Male1_Female2	Female	0.0334301434157138	0.192176348652085	146	24	0.862146409605849	0.957533543358293
d__Bacteria.p__Bacillota_A.c__Clostridia.o__Christensenellales.f__Aristaeellaceae.g__Egerieenecus.s__Egerieenecus.sp900553315	Sex_Male1_Female2	Female	-0.0161391420695197	0.0973127275836281	146	18	0.868510650155171	0.958028500456535
d__Bacteria.p__Bacillota_A.c__Clostridia.o__Christensenellales.f__Aristaeellaceae.g__Fimadaptatus.s__Fimadaptatus.sp900553645	Sex_Male1_Female2	Female	-0.0136417775518646	0.0891662126718797	146	17	0.87861972100693	0.958028500456535
d__Bacteria.p__Bacillota_A.c__Clostridia.o__Lachnospirales.f__Lachnospiraceae.g__Butyribacter.s__Butyribacter.intestini	Sex_Male1_Female2	Female	-0.0267291457034138	0.161810020318402	146	24	0.869028951575088	0.958028500456535
d__Bacteria.p__Bacillota_A.c__Clostridia.o__Lachnospirales.f__Lachnospiraceae.g__Dorea_D.s__Dorea_D.hominis	Group	PD	0.0269006410262769	0.163503340808405	146	44	0.869548978724475	0.958028500456535
d__Bacteria.p__Bacillota_A.c__Clostridia.o__Oscillospirales.f__Acutalibacteraceae.g__Fimenecus.s__Fimenecus.sp000432435	Sex_Male1_Female2	Female	-0.0418074282647287	0.25708422706524	146	31	0.871046015889812	0.958028500456535
d__Bacteria.p__Bacillota_A.c__Clostridia.o__Oscillospirales.f__Oscillospiraceae.g__Onthomonas.s__Onthomonas.sp003150485	Group	PD	0.0285421382633412	0.186398940653304	146	32	0.878516405076108	0.958028500456535
d__Bacteria.p__Bacillota_A.c__Clostridia.o__Oscillospirales.f__Oscillospiraceae.g__Onthomonas.s__Onthomonas.sp900545815	Group	PD	-0.0248050015038951	0.15262006613066	146	27	0.871119688522004	0.958028500456535
d__Bacteria.p__Bacillota_A.c__Clostridia.o__Oscillospirales.f__Ruminococcaceae.g__Avimicrobium.s__Avimicrobium.caecorum	Group	PD	-0.0188303997951274	0.122611962358358	146	26	0.878159641757295	0.958028500456535
d__Bacteria.p__Bacillota_A.c__Clostridia.o__Oscillospirales.f__Ruminococcaceae.g__Gemmiger.s__Gemmiger.sp900540775	Sex_Male1_Female2	Female	0.0440578282759458	0.261885782439186	146	33	0.866637694033512	0.958028500456535
d__Bacteria.p__Bacillota_A.c__Clostridia.o__Peptostreptococcales.f__Anaerovoracaceae.g__Lentihominibacter.s__Lentihominibacter.faecis	Sex_Male1_Female2	Female	0.0267214604567187	0.166683386093833	146	71	0.872861006265834	0.958028500456535
d__Bacteria.p__Bacteroidota.c__Bacteroidia.o__Bacteroidales.f__Rikenellaceae.g__Alistipes_A.s__Alistipes_A.hominis	Sex_Male1_Female2	Female	-0.0223087113258505	0.141009322296542	146	36	0.874516605410137	0.958028500456535
d__Bacteria.p__Pseudomonadota.c__Alphaproteobacteria.o__RF32.f__CAG.239.g__Scatacola_A.s__Scatacola_A.faecigallinarum	Group	PD	0.036806139625613	0.237808184152113	146	26	0.877218999436089	0.958028500456535
d__Bacteria.p__Bacillota_A.c__Clostridia.o__Lachnospirales.f__Lachnospiraceae.g__Acetatifactor.s__Acetatifactor.acetigignens	Sex_Male1_Female2	Female	0.0401817899781979	0.266356626475076	146	87	0.880301031519278	0.95839361060151
d__Bacteria.p__Bacillota_A.c__Clostridia.o__Oscillospirales.f__Ruminococcaceae.g__Faecalibacterium.s__Faecalibacterium.prausnitzii_E	Sex_Male1_Female2	Female	0.0409288695298381	0.274114780672161	146	24	0.881517117772512	0.95839361060151
d__Bacteria.p__Bacillota_A.c__Clostridia.o__Lachnospirales.f__Lachnospiraceae.g__Agathobacter.s__Agathobacter.rectalis	Sex_Male1_Female2	Female	-0.0571690616083521	0.397274079322612	146	110	0.885779404883975	0.961629890933546
d__Bacteria.p__Bacillota_A.c__Clostridia.o__Lachnospirales.f__Lachnospiraceae.g__Eubacterium_I.s__Eubacterium_I.ramulus_A	Sex_Male1_Female2	Female	0.0167572991295716	0.11912064804014	146	19	0.888324646629624	0.962995414027476
d__Bacteria.p__Bacillota_A.c__Clostridia.o__Christensenellales.f__Aristaeellaceae.g__Pullichristensenella.s__Pullichristensenella.stercorigallinarum	Group	PD	0.017117140075268	0.127529575840988	146	23	0.893416585121759	0.964072650687699
d__Bacteria.p__Bacillota_A.c__Clostridia.o__Lachnospirales.f__Lachnospiraceae.g__Anaerobutyricum.s__Anaerobutyricum.soehngenii	Group	PD	0.0468619868932138	0.357046029760428	146	96	0.895762690144319	0.964072650687699
d__Bacteria.p__Bacillota_A.c__Clostridia.o__Lachnospirales.f__Lachnospiraceae.g__Coprococcus_A.s__Coprococcus_A.catus	Group	PD	-0.0319643036855073	0.233252013910548	146	51	0.891193801164053	0.964072650687699
d__Bacteria.p__Bacillota_A.c__Clostridia.o__Lachnospirales.f__Lachnospiraceae.g__Oliverpabstia.s__Oliverpabstia.intestinalis	Sex_Male1_Female2	Female	-0.0363197541716072	0.275232615209921	146	97	0.89520125081963	0.964072650687699
d__Bacteria.p__Bacillota_A.c__Clostridia.o__Peptostreptococcales.f__Anaerovoracaceae.g__UMGS973.s__UMGS973.sp900547295	Sex_Male1_Female2	Female	-0.0171265991004096	0.129229978528384	146	23	0.894752925075871	0.964072650687699
d__Bacteria.p__Bacillota_A.c__Clostridia.o__Lachnospirales.f__Lachnospiraceae.g__Muricoprocola.s__Muricoprocola.aceti	Sex_Male1_Female2	Female	0.0130775113797131	0.101860383740592	146	17	0.89802339517373	0.965117097111997
d__Archaea.p__Methanobacteriota.c__Methanobacteria.o__Methanobacteriales.f__Methanobacteriaceae.g__Methanobrevibacter_A.s__Methanobrevibacter_A.smithii	Group	PD	-0.044687096405823	0.362691830323751	146	55	0.902114165969332	0.965352498061603
d__Bacteria.p__Bacillota_A.c__Clostridia.o__Oscillospirales.f__Acutalibacteraceae.g__UMGS1071.s__UMGS1071.sp934476545	Sex_Male1_Female2	Female	-0.0128735990501046	0.103601060564291	146	19	0.901282913576661	0.965352498061603
d__Bacteria.p__Bacteroidota.c__Bacteroidia.o__Bacteroidales.f__Marinifilaceae.g__Butyricimonas.s__Butyricimonas.sp019423345	Group	PD	0.0161783623065288	0.128293478854111	146	23	0.899826472792245	0.965352498061603
d__Bacteria.p__Bacillota_A.c__Clostridia.o__Lachnospirales.f__Lachnospiraceae.g__Butyribacter.s__Butyribacter.sp000436755	Sex_Male1_Female2	Female	0.0114942092529099	0.0954914519980582	146	17	0.904359813974805	0.965655219727408
d__Bacteria.p__Bacillota_A.c__Clostridia.o__Oscillospirales.f__Oscillospiraceae.g__Faecousia.s__Faecousia.sp000434635	Sex_Male1_Female2	Female	0.0303380464880609	0.253692482714399	146	51	0.904979022765927	0.965655219727408
d__Bacteria.p__Bacillota_A.c__Clostridia.o__Lachnospirales.f__Lachnospiraceae.g__Eubacterium_G.s__Eubacterium_G.ventriosum	Sex_Male1_Female2	Female	-0.0213427330030467	0.189730051013319	146	66	0.910592655709332	0.967504696691165
d__Bacteria.p__Bacillota_A.c__Clostridia.o__Lachnospirales.f__Lachnospiraceae.g__Mediterraneibacter.s__Mediterraneibacter.sp934330165	Sex_Male1_Female2	Female	-0.0286212701880581	0.252386171743629	146	49	0.909870360607297	0.967504696691165
d__Bacteria.p__Bacillota_A.c__Clostridia.o__Oscillospirales.f__Acutalibacteraceae.g__Pseudoruminococcus.s__Pseudoruminococcus.massiliensis	Group	PD	0.0294999171975341	0.260990088488348	146	23	0.910164664201074	0.967504696691165
d__Bacteria.p__Bacillota_A.c__Clostridia.o__Christensenellales.f__CAG.138.g__Phil1.s__Phil1.sp001940855	Group	PD	-0.0215655667522254	0.194572843730071	146	21	0.911902248708254	0.967521818487623
d__Bacteria.p__Bacillota.c__Bacilli.o__MOL361.f__Turicibacteraceae.g__Turicibacter.s__Turicibacter.bilis	Sex_Male1_Female2	Female	0.015228384288399	0.148769313050035	146	33	0.918612425782795	0.970511432889168
d__Bacteria.p__Bacillota_A.c__Clostridia.o__Lachnospirales.f__Lachnospiraceae.g__Eubacterium_G.s__Eubacterium_G.sp000435815	Group	PD	0.014559419106163	0.141101427279331	146	24	0.917961448609082	0.970511432889168
d__Bacteria.p__Bacteroidota.c__Bacteroidia.o__Bacteroidales.f__Barnesiellaceae.g__Barnesiella.s__Barnesiella.intestinihominis	Sex_Male1_Female2	Female	0.0297713144057598	0.284324756923422	146	83	0.916753572582469	0.970511432889168
d__Bacteria.p__Bacillota_A.c__Clostridia.o__Lachnospirales.f__Lachnospiraceae.g__Alitiscatomonas.s__Alitiscatomonas.sp900066535	Sex_Male1_Female2	Female	0.0155345221874705	0.156440189130176	146	40	0.921039088832533	0.971702734057454
d__Bacteria.p__Bacillota_A.c__Clostridia.o__Oscillospirales.f__Acutalibacteraceae.g__CAKTXU01.s__CAKTXU01.sp934615635	Sex_Male1_Female2	Female	-0.00788770220168347	0.0834369243951888	146	17	0.924816586682891	0.974313812449018
d__Bacteria.p__Bacillota_A.c__Clostridia.o__Christensenellales.f__Aristaeellaceae.g__Ventricola.s__Ventricola.sp900542395	Group	PD	-0.0192318330950915	0.209295236052675	146	42	0.926915198053032	0.975151291341306
d__Bacteria.p__Actinomycetota.c__Actinomycetes.o__Actinomycetales.f__Bifidobacteriaceae.g__Bifidobacterium.s__Bifidobacterium.infantis	Sex_Male1_Female2	Female	-0.034621583962218	0.398511709405795	146	87	0.930890650033306	0.975218776225368
d__Bacteria.p__Bacillota_A.c__Clostridia.o__Lachnospirales.f__Lachnospiraceae.g__Frisingicoccus.s__Frisingicoccus.sp900549105	Group	PD	-0.0123057852459117	0.137481243986659	146	16	0.928802778903516	0.975218776225368
d__Bacteria.p__Bacteroidota.c__Bacteroidia.o__Bacteroidales.f__Rikenellaceae.g__Alistipes.s__Alistipes.dispar	Sex_Male1_Female2	Female	-0.0144219509596024	0.164920339924147	146	20	0.930437767779786	0.975218776225368
d__Bacteria.p__Bacillota_A.c__Clostridia.o__Oscillospirales.f__Oscillospiraceae.g__Scatomorpha.s__Scatomorpha.sp900545405	Group	PD	-0.0192722691955491	0.226918865295558	146	27	0.932435655386478	0.975471147173547
d__Bacteria.p__Bacillota_A.c__Clostridia.o__Christensenellales.f__CAG.138.g__PeH17.s__PeH17.sp000435055	Group	PD	-0.0236829778919466	0.297222394625444	146	52	0.936602370197955	0.978461694005684
d__Bacteria.p__Bacillota_A.c__Clostridia.o__Christensenellales.f__Aristaeellaceae.g__Faecivicinus.s__Faecivicinus.avistercoris	Sex_Male1_Female2	Female	0.0091757227802905	0.149929918654266	146	28	0.951285319275006	0.986560059942833
d__Bacteria.p__Bacillota_A.c__Clostridia.o__Lachnospirales.f__Lachnospiraceae.g__Coprococcus_A.s__Coprococcus_A.catus_A	Sex_Male1_Female2	Female	-0.0151610498035348	0.225298270722904	146	93	0.946442257368971	0.986560059942833
d__Bacteria.p__Bacillota_A.c__Clostridia.o__Oscillospirales.f__Oscillospiraceae.g__CAG.103.s__CAG.103.sp000432375	Group	PD	0.0219903660371207	0.36196962944107	146	44	0.951641570490001	0.986560059942833
d__Bacteria.p__Bacillota_A.c__Clostridia.o__Peptostreptococcales.f__Anaerovoracaceae.g__Fimisoma.s__Fimisoma.avicola	Group	PD	-0.00864692175917948	0.134507806287322	146	20	0.948832556970385	0.986560059942833
d__Bacteria.p__Bacillota_G.c__DTU025.o__DTUO25.f__HGM14224.g__HGM14224.s__HGM14224.sp900761905	Sex_Male1_Female2	Female	0.00576987612555267	0.0962220096459351	146	19	0.95226786534589	0.986560059942833
d__Bacteria.p__Bacteroidota.c__Bacteroidia.o__Bacteroidales.f__Rikenellaceae.g__Alistipes.s__Alistipes.communis	Sex_Male1_Female2	Female	0.0160911269000825	0.243863542623187	146	88	0.947482609523253	0.986560059942833
d__Bacteria.p__Bacillota_A.c__Clostridia.o__Lachnospirales.f__Lachnospiraceae.g__Blautia_A.s__Blautia_A.sp900120195	Sex_Male1_Female2	Female	-0.0104721255082199	0.188316624631773	146	35	0.955730803633164	0.986862971330985
d__Bacteria.p__Bacillota_A.c__Clostridia.o__Lachnospirales.f__Lachnospiraceae.g__Massilistercora.s__Massilistercora.timonensis	Group	PD	-0.00787447957505357	0.144407439813206	146	24	0.956589337272249	0.986862971330985
d__Bacteria.p__Bacillota_A.c__Clostridia.o__Oscillospirales.f__Oscillospiraceae.g__CAG.170.s__CAG.170.sp003516765	Sex_Male1_Female2	Female	0.0075004087281798	0.134596085380873	146	32	0.955638418531672	0.986862971330985
d__Bacteria.p__Bacillota_A.c__Clostridia.o__Oscillospirales.f__Ruminococcaceae.g__Gemmiger.s__Gemmiger.sp900540595	Group	PD	0.0111682805299655	0.210880926232386	146	28	0.95783758982125	0.986862971330985
d__Bacteria.p__Bacillota_A.c__Clostridia.o__Oscillospirales.f__Acutalibacteraceae.g__Ruminococcus_E.s__Ruminococcus_E.bromii	Group	PD	0.0249299951384483	0.497597856373338	146	92	0.960112062532258	0.987845698451347
d__Bacteria.p__Bacillota_A.c__Clostridia.o__Lachnospirales.f__Lachnospiraceae.g__Enterocloster.s__Enterocloster.sp001517625	Group	PD	0.00992574635718192	0.217085828487137	146	24	0.963595073790225	0.990067465927319
d__Bacteria.p__Actinomycetota.c__Coriobacteriia.o__Coriobacteriales.f__QAMH01.g__QAMH01.s__QAMH01.sp900544245	Sex_Male1_Female2	Female	-0.0077238750763633	0.19073393114565	146	33	0.967754539983251	0.991616980695166
d__Bacteria.p__Bacillota_A.c__Clostridia.o__Christensenellales.f__UBA1750.g__Spyradocola.s__Spyradocola.merdavium	Group	PD	0.00637987970766027	0.152646626208668	146	38	0.966720347466271	0.991616980695166
d__Bacteria.p__Bacillota_C.c__Negativicutes.o__Veillonellales.f__Dialisteraceae.g__Dialister.s__Dialister.invisus	Sex_Male1_Female2	Female	-0.0115496544595906	0.308146514038298	146	43	0.970153723518317	0.992715438018743
d__Bacteria.p__Bacillota_A.c__Clostridia.o__Lachnospirales.f__Lachnospiraceae.g__UBA11774.s__UBA11774.sp003507655	Group	PD	0.00936163292033196	0.285705129798928	146	109	0.973906272084522	0.993245647342012
d__Bacteria.p__Bacillota_A.c__Clostridia.o__Oscillospirales.f__Acutalibacteraceae.g__CAKTXU01.s__CAKTXU01.sp934615635	Group	PD	-0.00296172451243626	0.0892644552367245	146	17	0.973577939759017	0.993245647342012
d__Bacteria.p__Bacteroidota.c__Bacteroidia.o__Bacteroidales.f__Rikenellaceae.g__Alistipes_A.s__Alistipes_A.hominis	Group	PD	0.00480114738143395	0.150857913679598	146	36	0.974655488167161	0.993245647342012
d__Bacteria.p__Bacillota_A.c__Clostridia.o__Lachnospirales.f__Lachnospiraceae.g__Blautia_A.s__Blautia_A.fusiformis	Sex_Male1_Female2	Female	0.00816231668432914	0.330571322593306	146	122	0.980335421561947	0.994078107427471
d__Bacteria.p__Bacillota_A.c__Clostridia.o__Lachnospirales.f__Lachnospiraceae.g__Coprococcus_A.s__Coprococcus_A.catus	Sex_Male1_Female2	Female	-0.00634648602556963	0.218024415183717	146	51	0.976818194811617	0.994078107427471
d__Bacteria.p__Bacillota_A.c__Clostridia.o__Lachnospirales.f__Lachnospiraceae.g__Limivivens.s__Limivivens.sp934393555	Sex_Male1_Female2	Female	-0.00347882197963928	0.138135983271152	146	34	0.979943277442358	0.994078107427471
d__Bacteria.p__Bacteroidota.c__Bacteroidia.o__Bacteroidales.f__Bacteroidaceae.g__Bacteroides.s__Bacteroides.sp900557355	Group	PD	-0.00491452843626787	0.203729678616311	146	23	0.98078829315705	0.994078107427471
d__Bacteria.p__Bacillota_A.c__Clostridia.o__Oscillospirales.f__Acutalibacteraceae.g__Ruminococcus_E.s__Ruminococcus_E.intestinalis	Sex_Male1_Female2	Female	-0.00639211051427588	0.293762114755586	146	19	0.982670150513078	0.994637716622168
d__Bacteria.p__Bacillota_A.c__Clostridia.o__Lachnospirales.f__Lachnospiraceae.g__Blautia_A.s__Blautia_A.sp900066205	Sex_Male1_Female2	Female	0.00500616532366001	0.281842174599934	146	44	0.985853238807524	0.995166292345517
d__Bacteria.p__Bacteroidota.c__Bacteroidia.o__Bacteroidales.f__Bacteroidaceae.g__Bacteroides.s__Bacteroides.faecis	Group	PD	0.00317975154541399	0.173047602526733	146	20	0.985365300737404	0.995166292345517
d__Bacteria.p__Bacillota_A.c__Clostridia.o__Lachnospirales.f__Lachnospiraceae.g__Clostridium_AP.s__Clostridium_AP.scindens	Sex_Male1_Female2	Female	-0.00125407841281582	0.131706855237857	146	27	0.992416136368038	0.998973784826411
d__Bacteria.p__Bacillota_A.c__Clostridia.o__Lachnospirales.f__Lachnospiraceae.g__Pararoseburia.s__Pararoseburia.lenta	Sex_Male1_Female2	Female	0.000647321106847886	0.113839351285629	146	18	0.995470963605188	0.998973784826411
d__Bacteria.p__Bacillota_A.c__Clostridia.o__Oscillospirales.f__Acutalibacteraceae.g__UMGS1071.s__UMGS1071.sp934476545	Group	PD	-0.00068653212759138	0.110836926220061	146	19	0.995066508235405	0.998973784826411
d__Bacteria.p__Bacillota_A.c__Clostridia.o__Oscillospirales.f__CAG.382.g__Woodwardibium.s__Woodwardibium.gallinarum	Sex_Male1_Female2	Female	0.000574710006481638	0.0927958877409105	146	17	0.995067148473668	0.998973784826411
d__Bacteria.p__Bacteroidota.c__Bacteroidia.o__Bacteroidales.f__Rikenellaceae.g__Alistipes.s__Alistipes.finegoldii	Sex_Male1_Female2	Female	0.00123043804203074	0.265068457161901	146	87	0.996302731925805	0.998973784826411
d__Bacteria.p__Bacillota_A.c__Clostridia.o__Oscillospirales.f__Ruminococcaceae.g__Ruminococcus_C.s__Ruminococcus_C.callidus	Group	PD	0.000520014680176933	0.215694990828492	146	20	0.998079758140912	0.999415875621689
d__Bacteria.p__Bacillota_A.c__Clostridia.o__Lachnospirales.f__Lachnospiraceae.g__Ruminococcus_B.s__Ruminococcus_B.gnavus	Sex_Male1_Female2	Female	1.32795677824976e-05	0.299979176287785	146	49	0.999964740703476	0.999964740703476
