feature	metadata	value	coef	stderr	N	N.not.0	pval	qval
d__Bacteria.p__Bacillota_A.c__Clostridia.o__Lachnospirales.f__Lachnospiraceae.g__Anthropogastromicrobium.s__Anthropogastromicrobium.sp934292725	Group	PD	-1.63723835353981	0.320795539577884	156	100	9.75323634555341e-07	0.000566489921136497
d__Bacteria.p__Bacillota_A.c__Clostridia.o__Lachnospirales.f__Lachnospiraceae.g__Hominiventricola.s__Hominiventricola.sp003480725	Group	PD	-0.654511962244246	0.132095238667647	156	43	1.89793574847721e-06	0.000566489921136497
d__Bacteria.p__Bacillota_A.c__Clostridia.o__Lachnospirales.f__Lachnospiraceae.g__Roseburia_B.s__Roseburia_B.zhanii	Group	PD	-0.556981996829615	0.113232332728959	156	21	2.22443686310143e-06	0.000566489921136497
d__Bacteria.p__Bacillota_A.c__Clostridia.o__Lachnospirales.f__Lachnospiraceae.g__Brotaphodocola.s__Brotaphodocola.sp003478505	Group	PD	-0.409738251585002	0.0849291521215427	156	23	3.36460853428922e-06	0.000642640230049242
d__Bacteria.p__Bacillota_A.c__Clostridia.o__Oscillospirales.f__Ruminococcaceae.g__Faecalibacterium.s__Faecalibacterium.sp934514285	Group	PD	-1.42078664605923	0.303879557589588	156	103	6.39198694376913e-06	0.000976695605007923
d__Bacteria.p__Bacillota_A.c__Clostridia.o__Lachnospirales.f__Lachnospiraceae.g__Brotaphodocola.s__Brotaphodocola.sp003480315	Group	PD	-0.422514385812651	0.0925877863527512	156	24	1.02670321642581e-05	0.00130733542891553
d__Bacteria.p__Bacillota_A.c__Clostridia.o__Oscillospirales.f__Ruminococcaceae.g__Ruthenibacterium.s__Ruthenibacterium.lactatiformans	Group	PD	0.959832059892411	0.224476723156221	156	119	3.33839117203086e-05	0.0036436155077594
d__Bacteria.p__Bacillota_A.c__Clostridia.o__Lachnospirales.f__Lachnospiraceae.g__Agathobacter.s__Agathobacter.rectalis	Group	PD	-1.60089169602314	0.404812125493677	156	120	0.000116878092166153	0.0111618578018676
d__Bacteria.p__Bacillota_A.c__Clostridia.o__Lachnospirales.f__Lachnospiraceae.g__Hominisplanchenecus.s__Hominisplanchenecus.faecis	Group	PD	-1.07717011809032	0.274724499949687	156	70	0.000132781865878178	0.011271705058992
d__Bacteria.p__Bacillota_A.c__Clostridia.o__Lachnospirales.f__Lachnospiraceae.g__Fusicatenibacter.s__Fusicatenibacter.saccharivorans	Group	PD	-1.14917344098003	0.298362588701072	156	141	0.000172136451060275	0.013151224861005
d__Bacteria.p__Bacillota_A.c__Clostridia.o__Lachnospirales.f__Lachnospiraceae.g__Eubacterium_F.s__Eubacterium_F.sp003491505	Group	PD	-0.96729837161597	0.259530047700489	156	91	0.000272079423789999	0.0173223899812966
d__Bacteria.p__Bacillota_A.c__Clostridia.o__Oscillospirales.f__Ruminococcaceae.g__CAG.115.s__CAG.115.sp003531585	Group	PD	-0.487497769240509	0.130420347802559	156	23	0.000261615349747395	0.0173223899812966
d__Bacteria.p__Bacillota_A.c__Clostridia.o__Lachnospirales.f__Lachnospiraceae.g__Otoolea.s__Otoolea.fessa	Group	PD	-0.719692136524131	0.199995229740482	156	89	0.000431562933561651	0.0235510058029358
d__Bacteria.p__Bacillota_A.c__Clostridia.o__Lachnospirales.f__Lachnospiraceae.g__UBA3402.s__UBA3402.sp003478355	Group	PD	-0.500620597352223	0.138492551979422	156	32	0.000407403547048316	0.0235510058029358
d__Bacteria.p__Actinomycetota.c__Coriobacteriia.o__Coriobacteriales.f__Eggerthellaceae.g__Eggerthella.s__Eggerthella.lenta	Sex_Male1_Female2	Female	0.736693151280249	0.215384426169035	156	69	0.000801983928867126	0.0392212940930881
d__Bacteria.p__Bacillota.c__Bacilli.o__Lactobacillales.f__Streptococcaceae.g__Streptococcus.s__Streptococcus.mutans	Group	PD	0.631749948056044	0.185081885438404	156	26	0.00082138835797043	0.0392212940930881
d__Bacteria.p__Bacillota_A.c__Clostridia.o__Oscillospirales.f__Ruminococcaceae.g__Faecalibacterium.s__Faecalibacterium.sp900539945	Group	PD	-0.96465447517847	0.288636930579831	156	87	0.0010451686738626	0.04697110981359
d__Bacteria.p__Actinomycetota.c__Actinomycetes.o__Actinomycetales.f__Bifidobacteriaceae.g__Bifidobacterium.s__Bifidobacterium.infantis	Group	PD	1.31512244081062	0.404361018642594	156	96	0.00140825582966362	0.0597726363257226
d__Bacteria.p__Bacillota_A.c__Clostridia.o__Oscillospirales.f__Oscillospiraceae.g__UMGS1766.s__UMGS1766.sp959602365	Group	PD	0.371933032669758	0.11532953147047	156	21	0.00154055436267291	0.0619465017411634
d__Bacteria.p__Bacillota.c__Bacilli.o__Lactobacillales.f__Streptococcaceae.g__Streptococcus.s__Streptococcus.thermophilus	Group	PD	0.805990043116885	0.259572050629187	156	79	0.00226724218063881	0.0785875471438758
d__Bacteria.p__Bacillota_A.c__Clostridia.o__Lachnospirales.f__Lachnospiraceae.g__Anaerostipes.s__	Group	PD	-0.864558567146277	0.280085375062063	156	141	0.00240274153125759	0.0785875471438758
d__Bacteria.p__Bacillota_A.c__Clostridia.o__Lachnospirales.f__Lachnospiraceae.g__Butyribacter.s__Butyribacter.intestini	Group	PD	-0.502243089340023	0.165806535826254	156	25	0.00288017188485409	0.0785875471438758
d__Bacteria.p__Bacillota_A.c__Clostridia.o__Lachnospirales.f__Lachnospiraceae.g__Enterocloster.s__Enterocloster.sp900541315	Group	PD	-0.475705935590791	0.155908279375885	156	37	0.00268774733836206	0.0785875471438758
d__Bacteria.p__Bacillota_A.c__Clostridia.o__Lachnospirales.f__Lachnospiraceae.g__Eubacterium_G.s__Eubacterium_G.ventriosum	Group	PD	-0.608219968100462	0.194081935997361	156	71	0.00206856654903754	0.0785875471438758
d__Bacteria.p__Bacillota_A.c__Clostridia.o__Oscillospirales.f__Acutalibacteraceae.g__CAG.177.s__CAG.177.sp003514385	Group	PD	0.824172902296349	0.269147430312784	156	34	0.00259669845726302	0.0785875471438758
d__Bacteria.p__Bacillota_A.c__Clostridia.o__Oscillospirales.f__Ruminococcaceae.g__Faecalibacterium.s__Faecalibacterium.prausnitzii_I	Group	PD	-0.61251934245482	0.202023663774232	156	68	0.00285486101566627	0.0785875471438758
d__Bacteria.p__Bacillota_A.c__Clostridia.o__Oscillospirales.f__Ruminococcaceae.g__Gemmiger.s__Gemmiger.sp900539695	Group	PD	-0.557438077685112	0.179946713750551	156	69	0.00232024259270369	0.0785875471438758
d__Bacteria.p__Bacteroidota.c__Bacteroidia.o__Bacteroidales.f__Rikenellaceae.g__Alistipes.s__Alistipes.onderdonkii	Group	PD	1.01280479289296	0.329736140227475	156	115	0.00252095950417336	0.0785875471438758
d__Bacteria.p__Bacillota_A.c__Clostridia.o__Lachnospirales.f__Lachnospiraceae.g__Ruminococcus_B.s__Ruminococcus_B.gnavus	Group	PD	0.941319450759664	0.312147333746257	156	54	0.003003561780046	0.0791283172398326
d__Bacteria.p__Bacillota_A.c__Clostridia.o__Lachnospirales.f__Lachnospiraceae.g__Gallintestinimicrobium.s__Gallintestinimicrobium.propionicum	Group	PD	-0.588925255478503	0.196622644186653	156	82	0.0031999922114897	0.0814931349859376
d__Bacteria.p__Bacillota_A.c__Clostridia.o__Peptostreptococcales.f__Anaerovoracaceae.g__Emergencia.s__Emergencia.timonensis	Group	PD	0.233921344379714	0.0786803322885928	156	16	0.00342633884935118	0.0844426735775581
d__Bacteria.p__Actinomycetota.c__Coriobacteriia.o__Coriobacteriales.f__Eggerthellaceae.g__Eggerthella.s__Eggerthella.lenta	Group	PD	0.673388110380141	0.228366715438993	156	69	0.00369209354941411	0.085477559750072
d__Bacteria.p__Bacillota_A.c__Clostridia.o__Oscillospirales.f__Ruminococcaceae.g__Hominimerdicola.s__Hominimerdicola.aceti	Group	PD	-1.03528461661383	0.351025490715416	156	91	0.00368531464412883	0.085477559750072
d__Bacteria.p__Bacillota_A.c__Clostridia.o__Oscillospirales.f__Ruminococcaceae.g__Faecalibacterium.s__Faecalibacterium.sp900758465	Group	PD	-0.479566365078404	0.164050092151097	156	38	0.00398967740191259	0.0883138198718156
d__Bacteria.p__Bacillota_A.c__Clostridia.o__Oscillospirales.f__Ruminococcaceae.g__Ruminiclostridium_E.s__Ruminiclostridium_E.siraeum	Sex_Male1_Female2	Female	-0.917813358451056	0.314460227948137	156	78	0.00404579017737375	0.0883138198718156
d__Bacteria.p__Bacillota_A.c__Clostridia.o__Lachnospirales.f__Lachnospiraceae.g__Roseburia.s__Roseburia.inulinivorans	Group	PD	-0.636160669049055	0.21946529697564	156	87	0.0042985266330338	0.0909337794244525
d__Bacteria.p__Bacillota_A.c__Clostridia.o__Lachnospirales.f__Lachnospiraceae.g__Roseburia_D.s__Roseburia_D.yibonii	Group	PD	-0.427565886946187	0.147912816873538	156	25	0.00440386104542506	0.0909337794244525
d__Bacteria.p__Bacillota_A.c__Clostridia.o__Lachnospirales.f__Lachnospiraceae.g__Blautia.s__Blautia.celeris	Group	PD	0.378591586806339	0.133899543549693	156	25	0.00532037351960383	0.101403515735853
d__Bacteria.p__Bacillota_A.c__Clostridia.o__Lachnospirales.f__Lachnospiraceae.g__Blautia_A.s__Blautia_A.sp934424005	Sex_Male1_Female2	Female	-0.818817628281071	0.289989855848759	156	131	0.0053809920453204	0.101403515735853
d__Bacteria.p__Bacillota_A.c__Clostridia.o__Lachnospirales.f__Lachnospiraceae.g__Clostridium_AP.s__Clostridium_AP.scindens	Group	PD	0.379350350647231	0.133674014719191	156	28	0.00515785813741724	0.101403515735853
d__Bacteria.p__Bacillota_A.c__Clostridia.o__Lachnospirales.f__Lachnospiraceae.g__Roseburia.s__Roseburia.intestinalis	Group	PD	-0.788068595231157	0.280667108806758	156	82	0.00563776449409612	0.101403515735853
d__Bacteria.p__Bacillota_A.c__Clostridia.o__Monoglobales.f__Monoglobaceae.g__Monoglobus.s__Monoglobus.pectinilyticus	Sex_Male1_Female2	Female	0.586989947250199	0.209363666938876	156	66	0.00570726593801266	0.101403515735853
d__Bacteria.p__Bacillota_A.c__Clostridia.o__Oscillospirales.f__Ruminococcaceae.g__Faecalibacterium.s__Faecalibacterium.sp900539885	Group	PD	-0.674863125223609	0.240043327333278	156	57	0.00557848182305797	0.101403515735853
d__Bacteria.p__Bacillota_A.c__Clostridia.o__Christensenellales.f__Aristaeellaceae.g__Ventricola.s__Ventricola.sp900542445	Group	PD	-0.620999256436723	0.229573540152415	156	88	0.00760468640312823	0.117094040169268
d__Bacteria.p__Bacillota_A.c__Clostridia.o__Lachnospirales.f__Lachnospiraceae.g__Acetatifactor.s__Acetatifactor.acetigignens	Group	PD	-0.737654032807636	0.274632461899975	156	95	0.00803082803420634	0.117094040169268
d__Bacteria.p__Bacillota_A.c__Clostridia.o__Lachnospirales.f__Lachnospiraceae.g__Mediterraneibacter.s__Mediterraneibacter.sp900541505	Group	PD	0.298172833838906	0.11117684658203	156	22	0.00812301587561678	0.117094040169268
d__Bacteria.p__Bacillota_A.c__Clostridia.o__Lachnospirales.f__Lachnospiraceae.g__Pararoseburia.s__Pararoseburia.lenta	Group	PD	-0.327761394558539	0.12102844887387	156	19	0.00753679614665428	0.117094040169268
d__Bacteria.p__Bacillota_A.c__Clostridia.o__Oscillospirales.f__Acutalibacteraceae.g__Clostridium_A.s__Clostridium_A.leptum	Group	PD	0.602564360574638	0.221227508880834	156	71	0.00720587080581737	0.117094040169268
d__Bacteria.p__Bacillota_A.c__Clostridia.o__Oscillospirales.f__Oscillospiraceae.g__Dysosmobacter.s__Dysosmobacter.segnis	Sex_Male1_Female2	Female	-0.694898405500899	0.255938767168832	156	85	0.00738742987402709	0.117094040169268
d__Bacteria.p__Bacillota_A.c__Clostridia.o__Oscillospirales.f__Ruminococcaceae.g__Faecalibacterium.s__Faecalibacterium.sp905215595	Group	PD	-0.83916210138988	0.312078996371153	156	118	0.00796290717098461	0.117094040169268
d__Bacteria.p__Bacillota_A.c__Clostridia.o__Oscillospirales.f__Ruminococcaceae.g__Gemmiger.s__Gemmiger.formicilis	Group	PD	-0.938214642760535	0.347223612654284	156	107	0.00766965731023096	0.117094040169268
d__Bacteria.p__Bacillota_A.c__Clostridia.o__Oscillospirales.f__Ruminococcaceae.g__Ruminococcus_C.s__Ruminococcus_C.sp000433635	Group	PD	-0.503807337962729	0.187226604114319	156	17	0.00791853445714899	0.117094040169268
d__Bacteria.p__Bacillota_A.c__Clostridia.o__UBA1381.f__UBA1381.g__Hominilimicola.s__Hominilimicola.fabiformis	Group	PD	-0.5883522015295	0.214259184711574	156	123	0.00675650748131027	0.117094040169268
d__Bacteria.p__Bacillota_A.c__Clostridia.o__Lachnospirales.f__Lachnospiraceae.g__Alitiscatomonas.s__Alitiscatomonas.sp900066535	Group	PD	-0.42717450723989	0.160852739479	156	41	0.00875301191813502	0.123838909360281
d__Bacteria.p__Bacteroidota.c__Bacteroidia.o__Bacteroidales.f__Rikenellaceae.g__Alistipes_A.s__Alistipes_A.ihumii	Group	PD	0.445168015845625	0.169807207618476	156	54	0.00963543050901846	0.133844889252547
d__Bacteria.p__Bacillota_A.c__Clostridia.o__Peptostreptococcales.f__Anaerovoracaceae.g__Lentihominibacter.s__Lentihominibacter.faecis	Group	PD	0.444475913732246	0.170640927719693	156	76	0.0101010805465307	0.137807598884812
d__Bacteria.p__Bacillota_A.c__Clostridia.o__Oscillospirales.f__CAG.272.g__UMGS1696.s__UMGS1696.sp900753285	Group	PD	-0.202951549459821	0.0782463867080468	156	16	0.0104154364008337	0.139603393162052
d__Bacteria.p__Bacillota_A.c__Clostridia.o__TANB77.f__CAG.508.g__CAG.269.s__CAG.269.sp000431335	Sex_Male1_Female2	Female	-0.353559148575606	0.136928437250033	156	20	0.010758928871354	0.141721063064043
d__Bacteria.p__Bacillota_A.c__Clostridia.o__Lachnospirales.f__Lachnospiraceae.g__Hominifimenecus.s__Hominifimenecus.microfluidus	Group	PD	-0.369920787070837	0.143726581039576	156	26	0.0110089548641809	0.142556635868376
d__Bacteria.p__Bacillota_A.c__Clostridia.o__Lachnospirales.f__Lachnospiraceae.g__Eubacterium_F.s__Eubacterium_F.sp900539115	Group	PD	-0.402117964659259	0.157276366357554	156	33	0.011538635225812	0.144516677254433
d__Bacteria.p__Bacillota_I.c__Bacilli_A.o__Erysipelotrichales.f__Erysipelotrichaceae.g__Clostridium_AQ.s__Clostridium_AQ.innocuum	Group	PD	0.447034748833029	0.17477918393178	156	36	0.0115084381150199	0.144516677254433
d__Bacteria.p__Actinomycetota.c__Actinomycetes.o__Actinomycetales.f__Bifidobacteriaceae.g__Bifidobacterium.s__Bifidobacterium.adolescentis	Group	PD	0.993156459926836	0.391195651212364	156	70	0.0121231391166162	0.149388359437012
d__Bacteria.p__Bacillota_A.c__Clostridia.o__Lachnospirales.f__Lachnospiraceae.g__Alitiscatomonas.s__Alitiscatomonas.sp900066785	Group	PD	-0.343862274766572	0.13819440888848	156	25	0.0139089685245079	0.166038311761313
d__Bacteria.p__Bacillota_A.c__Clostridia.o__Oscillospirales.f__Oscillospiraceae.g__UMGS1766.s__UMGS1766.sp900554855	Group	PD	-0.205414732606445	0.0825200110751953	156	16	0.0138706541226884	0.166038311761313
d__Bacteria.p__Bacillota_A.c__Clostridia.o__Lachnospirales.f__Lachnospiraceae.g__Blautia_A.s__Blautia_A.wexlerae_B	Group	PD	-0.767321930510042	0.309318459618578	156	148	0.0141956464380674	0.166853444287438
d__Bacteria.p__Bacillota_A.c__Clostridia.o__Lachnospirales.f__Lachnospiraceae.g__Hominiventricola.s__Hominiventricola.filiformis	Group	PD	-0.3723568628541	0.150483741099788	156	45	0.0144378899889825	0.167129514417919
d__Bacteria.p__Bacillota_A.c__Clostridia.o__Oscillospirales.f__Butyricicoccaceae.g__Agathobaculum.s__Agathobaculum.butyriciproducens	Group	PD	-0.554612782134817	0.225005623008528	156	113	0.014811548848044	0.168895870446353
d__Bacteria.p__Bacillota_A.c__Clostridia.o__Lachnospirales.f__Lachnospiraceae.g__Blautia_A.s__Blautia_A.sp900551715	Sex_Male1_Female2	Female	-0.241337929552519	0.0986550092637985	156	22	0.0155670044220433	0.174899873212368
d__Bacteria.p__Bacillota_A.c__Clostridia.o__Peptostreptococcales.f__Anaerovoracaceae.g__Emergencia.s__Emergencia.timonensis	Sex_Male1_Female2	Female	0.181107599351476	0.0742074789147402	156	16	0.015806262385663	0.175014267574588
d__Bacteria.p__Bacillota_A.c__Clostridia.o__Oscillospirales.f__Oscillospiraceae.g__Flavonifractor.s__Flavonifractor.plautii	Group	PD	0.514790647194632	0.211953263432546	156	69	0.0163082360640734	0.177992747899315
d__Bacteria.p__Bacillota_A.c__Clostridia.o__Lachnospirales.f__Lachnospiraceae.g__Sellimonas.s__Sellimonas.intestinalis	Group	PD	0.448074616828196	0.186464247728328	156	34	0.0174583736366896	0.187861936034237
d__Bacteria.p__Bacillota_A.c__Clostridia.o__Lachnospirales.f__Anaerotignaceae.g__Anaerotignum.s__Anaerotignum.faecicola	Group	PD	-0.43167997944878	0.182907904300378	156	49	0.0195318952302801	0.20216717659331
d__Bacteria.p__Bacillota_A.c__Clostridia.o__Lachnospirales.f__Lachnospiraceae.g__JAGTTR01.s__JAGTTR01.sp018223385	Group	PD	-0.186659735447739	0.0789101392462966	156	16	0.0192606641727606	0.20216717659331
d__Bacteria.p__Bacillota_A.c__Clostridia.o__Lachnospirales.f__Lachnospiraceae.g__Lachnospira.s__Lachnospira.hominis	Group	PD	-0.359838353335455	0.152531033101817	156	39	0.0195816375234358	0.20216717659331
d__Bacteria.p__Actinomycetota.c__Actinomycetes.o__Actinomycetales.f__Bifidobacteriaceae.g__Bifidobacterium.s__Bifidobacterium.animalis_B	Sex_Male1_Female2	Female	0.557859173551015	0.240260899066408	156	30	0.0215578288041567	0.213898457225659
d__Bacteria.p__Bacillota_A.c__Clostridia.o__Lachnospirales.f__Lachnospiraceae.g__Enterocloster.s__Enterocloster.bolteae	Group	PD	0.415853297700285	0.178468259671446	156	37	0.0211061360167024	0.213898457225659
d__Bacteria.p__Bacillota_A.c__Clostridia.o__Oscillospirales.f__Acutalibacteraceae.g__UMGS1623.s__UMGS1623.sp934647945	Group	PD	0.297458780113351	0.127931956593993	156	38	0.0213789238071614	0.213898457225659
d__Bacteria.p__Bacillota_A.c__Clostridia.o__Lachnospirales.f__Lachnospiraceae.g__Mediterraneibacter.s__Mediterraneibacter.sp900541505	Sex_Male1_Female2	Female	0.242162239175421	0.104856617385428	156	22	0.022255577487685	0.21799052821271
d__Bacteria.p__Bacillota_A.c__Clostridia.o__Oscillospirales.f__Oscillospiraceae.g__Vescimonas.s__Vescimonas.sp000435555	Group	PD	0.746663289834346	0.324574342062191	156	65	0.0227744501171617	0.220249112525462
d__Bacteria.p__Bacillota_A.c__Clostridia.o__Lachnospirales.f__Lachnospiraceae.g__Blautia_A.s__Blautia_A.acetigignens	Group	PD	-0.517664743864175	0.227033285453417	156	61	0.0239815585973537	0.223437936199734
d__Bacteria.p__Bacillota_A.c__Clostridia.o__Lachnospirales.f__Lachnospiraceae.g__CAJJNI01.s__CAJJNI01.sp905193085	Group	PD	-0.206544129948061	0.0905256391759909	156	18	0.0238916191132882	0.223437936199734
d__Bacteria.p__Bacillota_A.c__Clostridia.o__Lachnospirales.f__Lachnospiraceae.g__Eisenbergiella.s__Eisenbergiella.porci	Group	PD	0.247794999692365	0.108542954608226	156	20	0.0238122546868455	0.223437936199734
d__Bacteria.p__Bacillota_A.c__Clostridia.o__Lachnospirales.f__Lachnospiraceae.g__Butyribacter.s__Butyribacter.sp003529475	Group	PD	-0.634765401761845	0.279278118561698	156	74	0.0244256770313456	0.224833942794554
d__Bacteria.p__Bacillota_A.c__Clostridia.o__Oscillospirales.f__Acutalibacteraceae.g__Avimonas_A.s__Avimonas_A.narfia	Group	PD	0.196292270307422	0.0869979022446255	156	16	0.0254695179875781	0.231651330267972
d__Bacteria.p__Bacillota_A.c__Clostridia.o__Lachnospirales.f__Lachnospiraceae.g__Limivivens.s__Limivivens.faecihominis	Group	PD	-0.392941380550243	0.174707778310629	156	81	0.0259313897132693	0.233077432246326
d__Bacteria.p__Bacillota_A.c__Clostridia.o__Lachnospirales.f__Lachnospiraceae.g__Lachnospira.s__Lachnospira.pectinoschiza_A	Group	PD	-0.611879002493486	0.27525786237202	156	63	0.0276866351231429	0.245960339931176
d__Bacteria.p__Bacillota.c__Bacilli.o__Lactobacillales.f__Streptococcaceae.g__Lactococcus.s__Lactococcus.lactis	Group	PD	0.437900495297709	0.197585260429444	156	45	0.028149538454581	0.247198245739079
d__Bacteria.p__Bacillota_A.c__Clostridia.o__Lachnospirales.f__Lachnospiraceae.g__Hominifimenecus.s__Hominifimenecus.microfluidus	Sex_Male1_Female2	Female	-0.298927285204694	0.135555950537443	156	26	0.0289324897844968	0.249180817491249
d__Bacteria.p__Bacillota_A.c__Clostridia.o__Peptostreptococcales.f__Peptostreptococcaceae.g__Romboutsia.s__Romboutsia.timonensis	Group	PD	0.525146757758067	0.238284096059097	156	87	0.0290276083203157	0.249180817491249
d__Bacteria.p__Bacillota_I.c__Bacilli_A.o__Erysipelotrichales.f__Coprobacillaceae.g__Faecalibacillus.s__Faecalibacillus.intestinalis	Group	PD	-0.500654127253867	0.229909781737588	156	94	0.0309669859414746	0.262875302880962
d__Bacteria.p__Bacillota_A.c__Clostridia.o__Lachnospirales.f__Lachnospiraceae.g__Enterocloster.s__Enterocloster.sp000431375	Group	PD	-0.473215695841396	0.219129792259148	156	69	0.0323675193009305	0.26879113854251
d__Bacteria.p__Bacillota_A.c__Clostridia.o__Lachnospirales.f__Lachnospiraceae.g__Ventrisoma.s__Ventrisoma.faecale	Sex_Male1_Female2	Female	0.270438970381357	0.125109009237191	156	20	0.0322018283003239	0.26879113854251
d__Bacteria.p__Bacillota_A.c__Clostridia.o__Lachnospirales.f__Lachnospiraceae.g__Bariatricus.s__Bariatricus.comes_A	Group	PD	-0.526567831970601	0.245531440288419	156	127	0.0335634525255094	0.26992081820515
d__Bacteria.p__Bacillota_A.c__Clostridia.o__Oscillospirales.f__Ruminococcaceae.g__Faecalibacterium.s__Faecalibacterium.duncaniae	Group	PD	-0.66767722774205	0.311242740612639	156	115	0.0335151740188557	0.26992081820515
d__Bacteria.p__Bacillota_A.c__Clostridia.o__Peptostreptococcales.f__Anaerovoracaceae.g__Fimisoma.s__Fimisoma.sp000435715	Sex_Male1_Female2	Female	0.329097214741172	0.153299780700961	156	25	0.0333886552519523	0.26992081820515
d__Bacteria.p__Bacillota_A.c__Clostridia.o__Oscillospirales.f__Ruminococcaceae.g__Faecalibacterium.s__Faecalibacterium.sp905215595	Sex_Male1_Female2	Female	-0.626179973044241	0.294337795346388	156	118	0.0349882639484054	0.27844826725606
d__Bacteria.p__Actinomycetota.c__Coriobacteriia.o__Coriobacteriales.f__Eggerthellaceae.g__Gordonibacter.s__Gordonibacter.pamelaeae	Group	PD	0.272812459213831	0.129383638755187	156	35	0.0366121149746382	0.28178106159847
d__Bacteria.p__Bacillota_A.c__Clostridia.o__Lachnospirales.f__Lachnospiraceae.g__Dorea_A.s__Dorea_A.longicatena	Sex_Male1_Female2	Female	-0.639805631977914	0.30387559256344	156	100	0.0368823379055589	0.28178106159847
d__Bacteria.p__Bacillota_A.c__Clostridia.o__Lachnospirales.f__Lachnospiraceae.g__Eubacterium_F.s__Eubacterium_F.sp900539115	Sex_Male1_Female2	Female	-0.313112581852662	0.148335451831299	156	33	0.0364118938218344	0.28178106159847
d__Bacteria.p__Bacillota_A.c__Clostridia.o__Oscillospirales.f__Oscillospiraceae.g__Evtepia.s__Evtepia.gabavorous	Group	PD	0.549391848792192	0.260329219282644	156	87	0.0364527808712695	0.28178106159847
d__Bacteria.p__Bacillota_A.c__Clostridia.o__Lachnospirales.f__Lachnospiraceae.g__Mediterraneibacter.s__Mediterraneibacter.torques	Group	PD	0.61555610793452	0.295075039237221	156	122	0.0386290643206805	0.292204011297029
d__Bacteria.p__Bacillota.c__Bacilli.o__MOL361.f__Turicibacteraceae.g__Turicibacter.s__Turicibacter.sanguinis	Group	PD	0.285312173045915	0.137160612342125	156	24	0.039180939184241	0.29347291702706
d__Bacteria.p__Bacillota_A.c__Clostridia.o__Lachnospirales.f__Lachnospiraceae.g__Limivivens.s__Limivivens.sp905214955	Group	PD	-0.305398038287658	0.147459891543885	156	61	0.0400329071095381	0.294087894535453
d__Bacteria.p__Pseudomonadota.c__Gammaproteobacteria.o__Enterobacterales.f__Enterobacteriaceae.g__Escherichia.s__Escherichia.coli_F	Group	PD	0.724728706665009	0.349842953830567	156	66	0.0399832178834061	0.294087894535453
d__Bacteria.p__Bacillota_A.c__Clostridia.o__Lachnospirales.f__Lachnospiraceae.g__Limivivens.s__Limivivens.sp934393555	Group	PD	-0.290585295651214	0.141532837047888	156	36	0.0417630305376498	0.3038757650549
d__Bacteria.p__Bacillota_A.c__Clostridia.o__Lachnospirales.f__Lachnospiraceae.g__Scatomonas.s__Scatomonas.merdavium	Group	PD	0.224322495812627	0.109587939261764	156	20	0.042372700112314	0.304727204837473
d__Bacteria.p__Bacillota_A.c__Clostridia.o__Oscillospirales.f__CAG.272.g__UMGS1696.s__UMGS1696.sp900753285	Sex_Male1_Female2	Female	-0.15083660311188	0.0737982024592164	156	16	0.0426777629811644	0.304727204837473
d__Bacteria.p__Bacillota_A.c__Clostridia.o__Oscillospirales.f__Oscillospiraceae.g__Vescimonas.s__Vescimonas.coprocola	Sex_Male1_Female2	Female	-0.395565149758717	0.194300251735288	156	58	0.0434911898387969	0.307659898489267
d__Bacteria.p__Bacillota.c__Bacilli.o__Lactobacillales.f__Streptococcaceae.g__Streptococcus.s__Streptococcus.sp001556435	Group	PD	0.570412209346948	0.281111007804086	156	120	0.0441782693065188	0.309653190368627
d__Bacteria.p__Bacillota_A.c__Clostridia.o__Christensenellales.f__Aristaeellaceae.g__Ventricola.s__Ventricola.sp900542395	Sex_Male1_Female2	Female	-0.403209567325466	0.201828322438615	156	47	0.0475124291735503	0.313529018084311
d__Bacteria.p__Bacillota_A.c__Clostridia.o__Lachnospirales.f__Lachnospiraceae.g__Mediterraneibacter.s__Mediterraneibacter.faecis	Group	PD	-0.626277343268365	0.312863965241815	156	122	0.0470786017672503	0.313529018084311
d__Bacteria.p__Bacillota_A.c__Clostridia.o__Lachnospirales.f__Lachnospiraceae.g__Schaedlerella.s__Schaedlerella.glycyrrhizinilytica_A	Group	PD	0.327442925969941	0.163971384832112	156	43	0.0476038823269373	0.313529018084311
d__Bacteria.p__Bacillota_A.c__Clostridia.o__Oscillospirales.f__Acutalibacteraceae.g__Clostridium_A.s__Clostridium_A.leptum	Sex_Male1_Female2	Female	0.419196530931663	0.208651072296185	156	71	0.0462874216794244	0.313529018084311
d__Bacteria.p__Bacillota_A.c__Clostridia.o__Oscillospirales.f__Acutalibacteraceae.g__UMGS1071.s__UMGS1071.sp900542375	Sex_Male1_Female2	Female	0.362482570325957	0.181309343219677	156	66	0.0473520604503875	0.313529018084311
d__Bacteria.p__Bacillota_A.c__Clostridia.o__Oscillospirales.f__Oscillospiraceae.g__Flavonifractor.s__Flavonifractor.plautii	Sex_Male1_Female2	Female	0.401113423988569	0.199904053142407	156	69	0.0465615719915449	0.313529018084311
d__Bacteria.p__Bacillota_A.c__Clostridia.o__Peptostreptococcales.f__Anaerovoracaceae.g__Lentihominibacter.s__Lentihominibacter.excrementipullorum	Group	PD	0.265184040509496	0.132263786910043	156	31	0.0467306937578093	0.313529018084311
d__Bacteria.p__Bacillota_A.c__Clostridia.o__Oscillospirales.f__Acutalibacteraceae.g__Avimonas_A.s__Avimonas_A.narfia	Sex_Male1_Female2	Female	0.163392282672413	0.0820522080761555	156	16	0.0482258215422092	0.314910492805537
d__Bacteria.p__Bacillota_A.c__Clostridia.o__Lachnospirales.f__Lachnospiraceae.g__Sellimonas.s__Sellimonas.intestinalis	Sex_Male1_Female2	Female	0.343976858029176	0.175864047966901	156	34	0.0522954012255584	0.338590563867175
d__Bacteria.p__Bacteroidota.c__Bacteroidia.o__Bacteroidales.f__Rikenellaceae.g__Alistipes.s__Alistipes.sp902363575	Sex_Male1_Female2	Female	-0.432884964116481	0.22345070391081	156	30	0.0545541161785901	0.35024659462557
d__Bacteria.p__Bacillota_A.c__Clostridia.o__Lachnospirales.f__Lachnospiraceae.g__Lachnospira.s__Lachnospira.sp000437735	Group	PD	-0.332107972743131	0.174945033828625	156	43	0.059532150222258	0.378233921050748
d__Bacteria.p__Bacteroidota.c__Bacteroidia.o__Bacteroidales.f__Rikenellaceae.g__Alistipes.s__Alistipes.shahii	Group	PD	-0.533031190771186	0.281199318411272	156	96	0.0599035398522781	0.378233921050748
d__Bacteria.p__Bacillota_A.c__Clostridia.o__Lachnospirales.f__Lachnospiraceae.g__Blautia_A.s__Blautia_A.ammoniilytica	Group	PD	0.341087982853533	0.181005370913667	156	63	0.0614065795674859	0.37875474132268
d__Bacteria.p__Bacillota_A.c__Clostridia.o__Lachnospirales.f__Lachnospiraceae.g__Eisenbergiella.s__Eisenbergiella.porci	Sex_Male1_Female2	Female	0.192960651952837	0.102372458035504	156	20	0.0613412284155635	0.37875474132268
d__Bacteria.p__Bacillota_I.c__Bacilli_A.o__RF39.f__UBA660.g__CAG.302.s__CAG.302.sp934162325	Group	PD	0.374965592138351	0.199034951451617	156	23	0.0614732826230528	0.37875474132268
d__Bacteria.p__Bacillota_A.c__Clostridia.o__TANB77.f__CAG.508.g__CAG.269.s__CAG.269.sp003525075	Group	PD	-0.281861527172453	0.150117004899348	156	32	0.0623375788777835	0.381007282101013
d__Bacteria.p__Bacillota_A.c__Clostridia.o__Oscillospirales.f__Oscillospiraceae.g__Vescimonas.s__Vescimonas.sp900552475	Group	PD	-0.204430176904322	0.109108809064241	156	20	0.0628877751047298	0.381319525238203
d__Bacteria.p__Actinomycetota.c__Coriobacteriia.o__Coriobacteriales.f__Eggerthellaceae.g__Adlercreutzia.s__Adlercreutzia.equolifaciens	Group	PD	0.368006999736526	0.198511014281079	156	127	0.0656879863703319	0.388824186103029
d__Bacteria.p__Bacillota_A.c__Clostridia.o__Lachnospirales.f__Lachnospiraceae.g__Agathobacter.s__Agathobacter.faecis	Group	PD	-0.711658538087659	0.383998126020154	156	99	0.0657672594677816	0.388824186103029
d__Bacteria.p__Bacillota_A.c__Clostridia.o__Lachnospirales.f__Lachnospiraceae.g__Blautia.s__Blautia.stercoris	Group	PD	-0.443107605609719	0.240803453679754	156	37	0.0676879800414959	0.388824186103029
d__Bacteria.p__Bacillota_A.c__Clostridia.o__Lachnospirales.f__Lachnospiraceae.g__Pseudolachnospira.s__Pseudolachnospira.sp022867805	Sex_Male1_Female2	Female	-0.294855604999002	0.159851299781204	156	37	0.0670350082228192	0.388824186103029
d__Bacteria.p__Bacillota_A.c__Clostridia.o__Oscillospirales.f__Ruminococcaceae.g__Porcipelethomonas.s__Porcipelethomonas.sp900538575	Sex_Male1_Female2	Female	-0.457931076333744	0.247782164545937	156	24	0.0665156079376514	0.388824186103029
d__Bacteria.p__Bacillota_A.c__Clostridia.o__TANB77.f__CAG.508.g__CAG.269.s__CAG.269.sp000431335	Group	PD	-0.268725515638561	0.145181794344051	156	20	0.0661035237994628	0.388824186103029
d__Bacteria.p__Bacillota_I.c__Bacilli_A.o__Erysipelotrichales.f__Erysipelotrichaceae.g__Holdemanella.s__Holdemanella.porci	Sex_Male1_Female2	Female	-0.317695199045811	0.172569510159133	156	19	0.0675628723913146	0.388824186103029
d__Bacteria.p__Bacillota_A.c__Clostridia.o__Oscillospirales.f__Ruminococcaceae.g__Faecalibacterium.s__Faecalibacterium.prausnitzii_E	Group	PD	-0.541090984582622	0.295837420760233	156	26	0.0693444454732903	0.395366838370103
d__Bacteria.p__Bacillota_A.c__Clostridia.o__Oscillospirales.f__Oscillospiraceae.g__Pseudoflavonifractor.s__Pseudoflavonifractor.faecis	Sex_Male1_Female2	Female	0.137910732077518	0.0763314842359107	156	18	0.07276871529647	0.411817025825949
d__Bacteria.p__Bacillota_A.c__Clostridia.o__Oscillospirales.f__Ruminococcaceae.g__Faecalibacterium.s__Faecalibacterium.prausnitzii_D	Group	PD	-0.509561160214551	0.283387731557399	156	116	0.0741318811332277	0.416446744013132
d__Bacteria.p__Bacillota_A.c__Clostridia.o__Lachnospirales.f__Lachnospiraceae.g__Roseburia.s__Roseburia.hominis	Group	PD	-0.415991181330143	0.232563822488145	156	112	0.0756388081819652	0.421055251625899
d__Bacteria.p__Bacillota_A.c__Clostridia.o__Oscillospirales.f__Oscillospiraceae.g__Intestinimonas.s__Intestinimonas.massiliensis	Group	PD	0.248430049061839	0.139086420726242	156	31	0.0760544826235263	0.421055251625899
d__Bacteria.p__Bacillota.c__Bacilli.o__Lactobacillales.f__Streptococcaceae.g__Streptococcus.s__Streptococcus.sp902463925	Group	PD	0.376631256551165	0.213448698864373	156	24	0.0796424847564276	0.422652637652996
d__Bacteria.p__Bacillota_A.c__Clostridia.o__Lachnospirales.f__Lachnospiraceae.g__Dorea_D.s__Dorea_D.sp900543415	Group	PD	0.372116649531417	0.211305868759324	156	28	0.0802305205924425	0.422652637652996
d__Bacteria.p__Bacillota_A.c__Clostridia.o__Lachnospirales.f__Lachnospiraceae.g__Enterocloster.s__Enterocloster.sp900541315	Sex_Male1_Female2	Female	-0.259816858266742	0.147045138446839	156	37	0.0792356391472802	0.422652637652996
d__Bacteria.p__Bacillota_A.c__Clostridia.o__Lachnospirales.f__Lachnospiraceae.g__Frisingicoccus.s__Frisingicoccus.sp900757195	Sex_Male1_Female2	Female	-0.236726851387691	0.134666550058498	156	17	0.080768697771384	0.422652637652996
d__Bacteria.p__Bacillota_A.c__Clostridia.o__Lachnospirales.f__Lachnospiraceae.g__Muricoprocola.s__Muricoprocola.aceti	Group	PD	-0.197290170722275	0.111259300740747	156	19	0.0781774349533222	0.422652637652996
d__Bacteria.p__Bacillota_A.c__Clostridia.o__Lachnospirales.f__Lachnospiraceae.g__Roseburia.s__Roseburia.intestinalis	Sex_Male1_Female2	Female	-0.467549087578377	0.264711624277904	156	82	0.0793468300380928	0.422652637652996
d__Bacteria.p__Bacillota_A.c__Clostridia.o__Lachnospirales.f__Lachnospiraceae.g__Wujia.s__Wujia.chipingensis	Group	PD	-0.392010294762685	0.222226352047127	156	28	0.0797254823896385	0.422652637652996
d__Bacteria.p__Bacteroidota.c__Bacteroidia.o__Bacteroidales.f__Tannerellaceae.g__Parabacteroides.s__Parabacteroides.merdae	Group	PD	0.395936462401638	0.224187507281057	156	84	0.0793742966198221	0.422652637652996
d__Bacteria.p__Bacillota_A.c__Clostridia.o__Peptostreptococcales.f__Anaerovoracaceae.g__CAG.238.s__CAG.238.sp900542245	Sex_Male1_Female2	Female	0.187463972754735	0.107129254767251	156	25	0.0821428156986714	0.426919123767245
d__Bacteria.p__Actinomycetota.c__Coriobacteriia.o__Coriobacteriales.f__Eggerthellaceae.g__Gordonibacter.s__Gordonibacter.urolithinfaciens	Sex_Male1_Female2	Female	0.200009893483205	0.115042392484294	156	20	0.0841210666129302	0.434246587109991
d__Bacteria.p__Actinomycetota.c__Coriobacteriia.o__Coriobacteriales.f__Coriobacteriaceae.g__Collinsella.s__Collinsella.sp023656745	Group	PD	0.523035932274307	0.302369158999443	156	119	0.0856839840817129	0.435418378210992
d__Bacteria.p__Bacillota_A.c__Clostridia.o__Christensenellales.f__Aristaeellaceae.g__Pullichristensenella.s__Pullichristensenella.stercoripullorum	Sex_Male1_Female2	Female	-0.26325438537714	0.152251240181638	156	54	0.0858120447886435	0.435418378210992
d__Bacteria.p__Bacillota_A.c__Clostridia.o__Lachnospirales.f__Lachnospiraceae.g__Frisingicoccus.s__Frisingicoccus.sp900757195	Group	PD	0.246688774235334	0.14278357197574	156	17	0.0860578208244238	0.435418378210992
d__Bacteria.p__Bacillota_A.c__Clostridia.o__Lachnospirales.f__Lachnospiraceae.g__Blautia_A.s__Blautia_A.sp003474435	Group	PD	-0.224262691364458	0.13149094108755	156	19	0.0901235998527881	0.450028956127648
d__Bacteria.p__Bacillota_A.c__Clostridia.o__Lachnospirales.f__Lachnospiraceae.g__Roseburia.s__Roseburia.hominis	Sex_Male1_Female2	Female	0.374518554371105	0.219342934271294	156	112	0.089765587997638	0.450028956127648
d__Bacteria.p__Bacillota_A.c__Clostridia.o__Lachnospirales.f__Lachnospiraceae.g__Scatomonas.s__Scatomonas.hejianensis	Group	PD	0.211530260426271	0.125331821494414	156	26	0.0934944248710243	0.463829484425082
d__Bacteria.p__Bacillota_A.c__Clostridia.o__Oscillospirales.f__Ruminococcaceae.g__Ruthenibacterium.s__Ruthenibacterium.merdipullorum	Sex_Male1_Female2	Female	0.22043616532237	0.130902947682511	156	16	0.0942272351911396	0.464449081845359
d__Bacteria.p__Bacillota_A.c__Clostridia.o__Lachnospirales.f__Lachnospiraceae.g__Eubacterium_I.s__Eubacterium_I.ramulus	Group	PD	-0.369427454092445	0.219810613430093	156	80	0.0948689273693736	0.464614490450009
d__Bacteria.p__Bacillota_A.c__Clostridia.o__Oscillospirales.f__Ruminococcaceae.g__Anaerotruncus.s__Anaerotruncus.rubiinfantis	Group	PD	0.147877406737747	0.0886521306428291	156	20	0.0973483990927374	0.473720872018162
d__Bacteria.p__Bacillota_A.c__Clostridia.o__Peptostreptococcales.f__Anaerovoracaceae.g__Alangreenwoodia.s__Alangreenwoodia.sp905206455	Group	PD	-0.28886393302298	0.173533722872719	156	54	0.0980395196884876	0.474064512924079
d__Bacteria.p__Actinomycetota.c__Actinomycetes.o__Actinomycetales.f__Bifidobacteriaceae.g__Bifidobacterium.s__Bifidobacterium.pseudocatenulatum	Group	PD	0.398823963141518	0.241421563366455	156	30	0.100589155915199	0.483334057353535
d__Bacteria.p__Bacillota_A.c__Clostridia.o__Lachnospirales.f__Lachnospiraceae.g__Lachnoclostridium_B.s__Lachnoclostridium_B.ammoniilytica	Sex_Male1_Female2	Female	0.264714109675018	0.16056494150843	156	89	0.101272873985986	0.483577973283083
d__Bacteria.p__Bacillota_A.c__Clostridia.o__TANB77.f__CAG.508.g__CAG.269.s__CAG.269.sp000437215	Sex_Male1_Female2	Female	-0.171721250702527	0.104378011445236	156	16	0.101984362468378	0.483950639290936
d__Bacteria.p__Actinomycetota.c__Actinomycetes.o__Actinomycetales.f__Bifidobacteriaceae.g__Bifidobacterium.s__Bifidobacterium.animalis_B	Group	PD	0.416609796127069	0.254742616929762	156	30	0.104017806797457	0.487543585234708
d__Bacteria.p__Bacillota_A.c__Clostridia.o__Oscillospirales.f__Oscillospiraceae.g__Pseudoflavonifractor.s__Pseudoflavonifractor.faecis	Group	PD	0.132557076283575	0.0809323619612952	156	18	0.103502800229634	0.487543585234708
d__Bacteria.p__Bacillota_A.c__Clostridia.o__Lachnospirales.f__Lachnospiraceae.g__AF33.28.s__AF33.28.sp003477885	Group	PD	0.159727361096186	0.098831233569295	156	18	0.108119226514742	0.489535571232737
d__Bacteria.p__Bacillota_A.c__Clostridia.o__Lachnospirales.f__Lachnospiraceae.g__Blautia_A.s__Blautia_A.sp900066335	Group	PD	-0.403333855483601	0.248703397110205	156	33	0.106916579795154	0.489535571232737
d__Bacteria.p__Bacillota_A.c__Clostridia.o__Lachnospirales.f__Lachnospiraceae.g__Coprococcus.s__Coprococcus.aceti	Group	PD	-0.601517344468557	0.373083751398909	156	45	0.10896078426903	0.489535571232737
d__Bacteria.p__Bacillota_A.c__Clostridia.o__Lachnospirales.f__Lachnospiraceae.g__Hungatella.s__Hungatella.effluvii	Group	PD	0.237186482770528	0.147176658810567	156	18	0.109115056484909	0.489535571232737
d__Bacteria.p__Bacillota_A.c__Clostridia.o__Oscillospirales.f__Acutalibacteraceae.g__Anaeromassilibacillus.s__Anaeromassilibacillus.stercoravium	Group	PD	0.230619262539547	0.142674492520416	156	29	0.108067590869933	0.489535571232737
d__Bacteria.p__Bacillota_A.c__Clostridia.o__Oscillospirales.f__Ruminococcaceae.g__Gemmiger.s__Gemmiger.qucibialis	Group	PD	0.464086570415458	0.285254628101959	156	134	0.105811768110681	0.489535571232737
d__Bacteria.p__Bacillota_I.c__Bacilli_A.o__Erysipelotrichales.f__Coprobacillaceae.g__Faecalibacillus.s__Faecalibacillus.faecis	Group	PD	0.256627636330414	0.159226407613487	156	32	0.109084867408037	0.489535571232737
d__Bacteria.p__Bacillota_I.c__Bacilli_A.o__Erysipelotrichales.f__Erysipelotrichaceae.g__Longicatena.s__Longicatena.caecimuris	Group	PD	0.255825904207391	0.159072780574584	156	28	0.109846005680417	0.489535571232737
d__Bacteria.p__Bacillota_I.c__Bacilli_A.o__Erysipelotrichales.f__Erysipelotrichaceae.g__Merdibacter.s__Merdibacter.merdipullorum	Sex_Male1_Female2	Female	0.189403357107833	0.117892660074295	156	21	0.110209578863915	0.489535571232737
d__Bacteria.p__Bacillota_A.c__Clostridia.o__Oscillospirales.f__Butyricicoccaceae.g__Agathobaculum.s__Agathobaculum.hominis	Group	PD	-0.312189140429751	0.196182301209581	156	45	0.113601257718457	0.501684167034111
d__Bacteria.p__Bacillota_A.c__Clostridia.o__Christensenellales.f__Aristaeellaceae.g__Pullichristensenella.s__Pullichristensenella.sp946496415	Group	PD	0.207313802663442	0.131292857658152	156	37	0.116397137983074	0.505269394426527
d__Bacteria.p__Bacillota_A.c__Clostridia.o__Lachnospirales.f__Lachnospiraceae.g__Blautia_A.s__Blautia_A.caecimuris	Group	PD	0.422610313099038	0.266927118265342	156	37	0.115431128865732	0.505269394426527
d__Bacteria.p__Bacillota_A.c__Clostridia.o__Oscillospirales.f__Ruminococcaceae.g__Anaerotruncus.s__Anaerotruncus.rubiinfantis	Sex_Male1_Female2	Female	-0.132062341200999	0.0836123961868208	156	20	0.116296047914656	0.505269394426527
d__Bacteria.p__Bacillota_A.c__Clostridia.o__Lachnospirales.f__Lachnospiraceae.g__Faecalimonas.s__Faecalimonas.sp029983955	Sex_Male1_Female2	Female	0.290330663298906	0.185132272583704	156	29	0.118892475516728	0.513185600535481
d__Bacteria.p__Bacillota_A.c__Clostridia.o__Oscillospirales.f__Oscillospiraceae.g__Dysosmobacter.s__Dysosmobacter.segnis	Group	PD	-0.422481135795552	0.271365468021263	156	85	0.121567123450387	0.521782484921886
d__Bacteria.p__Actinomycetota.c__Coriobacteriia.o__Coriobacteriales.f__Eggerthellaceae.g__Gordonibacter.s__Gordonibacter.pamelaeae	Sex_Male1_Female2	Female	0.189032533370353	0.122028382005574	156	35	0.123426911537988	0.526805365447055
d__Bacteria.p__Bacillota_A.c__Clostridia.o__Lachnospirales.f__Lachnospiraceae.g__Otoolea.s__Otoolea.symbiosa	Group	PD	0.154947975241176	0.100414025517438	156	17	0.12487450930877	0.530022917288335
d__Bacteria.p__Bacillota_A.c__Clostridia.o__Christensenellales.f__Aristaeellaceae.g__Pullichristensenella.s__Pullichristensenella.sp946496415	Sex_Male1_Female2	Female	-0.190032650374398	0.123829064811103	156	37	0.126938345660465	0.535806055715995
d__Bacteria.p__Bacillota_A.c__Clostridia.o__Lachnospirales.f__Lachnospiraceae.g__Blautia_A.s__Blautia_A.hydrogenotrophica	Group	PD	0.2491972535943	0.163390779032411	156	30	0.129283376322362	0.5427060412653
d__Bacteria.p__Actinomycetota.c__Actinomycetes.o__Actinomycetales.f__Bifidobacteriaceae.g__Bifidobacterium.s__Bifidobacterium.bifidum	Group	PD	0.42007479501607	0.277467639878731	156	28	0.132099130731671	0.545533707454035
d__Bacteria.p__Bacillota_A.c__Clostridia.o__Oscillospirales.f__Oscillospiraceae.g__HGM13006.s__HGM13006.sp900757695	Group	PD	-0.214000991739099	0.14090682678287	156	26	0.130891365961497	0.545533707454035
d__Bacteria.p__Bacillota_A.c__Clostridia.o__Oscillospirales.f__Oscillospiraceae.g__Lawsonibacter.s__Lawsonibacter.sp900066825	Group	PD	0.166097674108352	0.109596854431417	156	17	0.131700688657529	0.545533707454035
d__Bacteria.p__Bacillota_A.c__Clostridia.o__Lachnospirales.f__Lachnospiraceae.g__Agathobacter.s__Agathobacter.faecis	Sex_Male1_Female2	Female	-0.544817388127031	0.362168435377485	156	99	0.134560365264614	0.549003766836912
d__Bacteria.p__Bacillota_A.c__Clostridia.o__Lachnospirales.f__Lachnospiraceae.g__Blautia_A.s__Blautia_A.sp934424005	Group	PD	-0.461275705585084	0.307468984961963	156	131	0.1356143025054	0.549003766836912
d__Bacteria.p__Bacillota_A.c__Clostridia.o__Lachnospirales.f__Lachnospiraceae.g__Eubacterium_F.s__Eubacterium_F.sp000433735	Group	PD	-0.250539760689665	0.167086155199447	156	35	0.135813759073529	0.549003766836912
d__Bacteria.p__Bacillota_A.c__Clostridia.o__Peptostreptococcales.f__Anaerovoracaceae.g__CAG.238.s__CAG.238.sp900542245	Group	PD	-0.170387610253722	0.113586467107999	156	25	0.135657073631649	0.549003766836912
d__Bacteria.p__Bacillota_A.c__Clostridia.o__Oscillospirales.f__Oscillospiraceae.g__CAG.170.s__CAG.170.sp002404795	Group	PD	-0.298676085365591	0.199742224504517	156	48	0.136893913831434	0.550457632459028
d__Bacteria.p__Bacillota_A.c__Clostridia.o__Lachnospirales.f__Lachnospiraceae.g__Scatomonas.s__Scatomonas.hejianensis	Sex_Male1_Female2	Female	0.175001398291	0.118206904195308	156	26	0.140805004828453	0.557383542429729
d__Bacteria.p__Bacillota_A.c__Clostridia.o__Oscillospirales.f__Oscillospiraceae.g__CAG.103.s__CAG.103.sp905215475	Sex_Male1_Female2	Female	-0.403944771765302	0.272743263102987	156	56	0.140651292051981	0.557383542429729
d__Bacteria.p__Bacillota_A.c__Clostridia.o__Oscillospirales.f__Oscillospiraceae.g__Faecousia.s__Faecousia.sp000435995	Sex_Male1_Female2	Female	0.308315282975933	0.20801603063	156	55	0.140351587237432	0.557383542429729
d__Bacteria.p__Bacillota_A.c__Clostridia.o__Oscillospirales.f__Oscillospiraceae.g__Enterenecus.s__Enterenecus.sp900549885	Group	PD	0.206440671268956	0.140575511620102	156	37	0.144010738758498	0.567135074286045
d__Bacteria.p__Bacteroidota.c__Bacteroidia.o__Bacteroidales.f__Rikenellaceae.g__Alistipes_A.s__Alistipes_A.indistinctus	Group	PD	0.293736727030197	0.201159950880244	156	56	0.146281417847435	0.57312309351508
d__Bacteria.p__Bacteroidota.c__Bacteroidia.o__Bacteroidales.f__Bacteroidaceae.g__Bacteroides.s__Bacteroides.xylanisolvens	Sex_Male1_Female2	Female	0.378620202603266	0.260128471693213	156	66	0.147576250228332	0.575246199869619
d__Bacteria.p__Bacillota_A.c__Clostridia.o__Lachnospirales.f__Lachnospiraceae.g__Agathobacter.s__Agathobacter.sp000434275	Sex_Male1_Female2	Female	-0.19674048531074	0.135457764067599	156	18	0.148434768898116	0.57565565197036
d__Bacteria.p__Bacillota_A.c__Clostridia.o__Christensenellales.f__QAND01.g__QAND01.s__QAND01.sp003150225	Group	PD	0.195152190588036	0.136516180801297	156	26	0.154894409371549	0.583005190761844
d__Bacteria.p__Bacillota_A.c__Clostridia.o__Lachnospirales.f__Lachnospiraceae.g__Limivivens.s__Limivivens.sp905214955	Sex_Male1_Female2	Female	-0.198922556424285	0.13907702820034	156	61	0.154668559802838	0.583005190761844
d__Bacteria.p__Bacillota_A.c__Clostridia.o__Oscillospirales.f__Acutalibacteraceae.g__UMGS1623.s__UMGS1623.sp934647945	Sex_Male1_Female2	Female	0.173390960970611	0.120659225696312	156	38	0.152751233278939	0.583005190761844
d__Bacteria.p__Bacillota_A.c__Clostridia.o__Oscillospirales.f__Oscillospiraceae.g__Dysosmobacter.s__Dysosmobacter.welbionis	Sex_Male1_Female2	Female	0.272665101959235	0.189954279729613	156	104	0.153207243024284	0.583005190761844
d__Bacteria.p__Bacillota_A.c__Clostridia.o__Oscillospirales.f__Oscillospiraceae.g__Faecousia.s__Faecousia.sp000434635	Group	PD	-0.376195801694842	0.260903998336548	156	55	0.151376176059656	0.583005190761844
d__Bacteria.p__Bacillota_A.c__Clostridia.o__Oscillospirales.f__Ruminococcaceae.g__Gemmiger.s__Gemmiger.sp900539695	Sex_Male1_Female2	Female	-0.24260505249688	0.169717025564174	156	69	0.154908447283579	0.583005190761844
d__Bacteria.p__Bacillota_A.c__Clostridia.o__Lachnospirales.f__Lachnospiraceae.g__Blautia_A.s__Blautia_A.faecis	Sex_Male1_Female2	Female	0.297566784056129	0.210015067406528	156	150	0.158550100293324	0.593785669725979
d__Bacteria.p__Bacillota_A.c__Clostridia.o__Lachnospirales.f__Lachnospiraceae.g__Dorea_A.s__Dorea_A.amylophila	Group	PD	-0.354636316110534	0.250897115600078	156	75	0.159548007276598	0.594608183216198
d__Bacteria.p__Bacillota_A.c__Clostridia.o__Lachnospirales.f__Lachnospiraceae.g__Lachnospira.s__Lachnospira.eligens	Group	PD	-0.381239626884255	0.272580755157838	156	95	0.163947712367224	0.605101701683862
d__Bacteria.p__Bacteroidota.c__Bacteroidia.o__Bacteroidales.f__Bacteroidaceae.g__Bacteroides.s__Bacteroides.fragilis	Group	PD	0.415884569877516	0.296859253026475	156	76	0.163254414573348	0.605101701683862
d__Bacteria.p__Bacillota_A.c__Clostridia.o__Lachnospirales.f__Lachnospiraceae.g__Anaerostipes.s__Anaerostipes.amylophilus	Sex_Male1_Female2	Female	-0.345092099099251	0.247304287980562	156	44	0.164912761629907	0.605737259063698
d__Bacteria.p__Bacillota_A.c__Clostridia.o__Lachnospirales.f__Lachnospiraceae.g__Lachnospira.s__Lachnospira.sp000437735	Sex_Male1_Female2	Female	0.229137921305564	0.164999683293894	156	43	0.166937000587831	0.608739959539885
d__Bacteria.p__Bacillota_A.c__Clostridia.o__Lachnospirales.f__Lachnospiraceae.g__Roseburia_C.s__Roseburia_C.amylophila	Sex_Male1_Female2	Female	-0.342230168011505	0.248964910492453	156	53	0.171261682559187	0.608739959539885
d__Bacteria.p__Bacillota_A.c__Clostridia.o__Oscillospirales.f__Oscillospiraceae.g__Hominicoprocola.s__Hominicoprocola.sp900317525	Group	PD	-0.323142783143278	0.234392079335094	156	69	0.17001752260379	0.608739959539885
d__Bacteria.p__Bacillota_A.c__Clostridia.o__Oscillospirales.f__Oscillospiraceae.g__Hominicoprocola.s__Hominicoprocola.sp934835795	Group	PD	-0.342411432505331	0.247444053240382	156	98	0.168437185592156	0.608739959539885
d__Bacteria.p__Bacillota_A.c__Clostridia.o__Oscillospirales.f__Oscillospiraceae.g__Vescimonas.s__Vescimonas.sp900552475	Sex_Male1_Female2	Female	0.142700817487663	0.102906144554005	156	20	0.167547823696322	0.608739959539885
d__Bacteria.p__Bacillota_A.c__Clostridia.o__Oscillospirales.f__Ruminococcaceae.g__Negativibacillus.s__Negativibacillus.sp000435195	Sex_Male1_Female2	Female	-0.270722210042073	0.196831576571709	156	53	0.171017793180357	0.608739959539885
d__Bacteria.p__Bacteroidota.c__Bacteroidia.o__Bacteroidales.f__Bacteroidaceae.g__Phocaeicola.s__Phocaeicola.dorei	Sex_Male1_Female2	Female	-0.518643669700082	0.377342658555706	156	84	0.171307711127062	0.608739959539885
d__Bacteria.p__Actinomycetota.c__Coriobacteriia.o__Coriobacteriales.f__Eggerthellaceae.g__Adlercreutzia.s__Adlercreutzia.equolifaciens	Sex_Male1_Female2	Female	-0.253608586433788	0.187225974752811	156	127	0.177555118687535	0.620286624871858
d__Bacteria.p__Bacillota_A.c__Clostridia.o__Lachnospirales.f__Lachnospiraceae.g__Dorea_D.s__Dorea_D.sp000433535	Sex_Male1_Female2	Female	0.280262272473557	0.207543608039513	156	44	0.178888909502301	0.620286624871858
d__Bacteria.p__Bacillota_A.c__Clostridia.o__Lachnospirales.f__Lachnospiraceae.g__Faecalimonas.s__Faecalimonas.sp029983955	Group	PD	0.267072790935708	0.196291114281944	156	29	0.175642571374752	0.620286624871858
d__Bacteria.p__Bacillota_A.c__Clostridia.o__Lachnospirales.f__Lachnospiraceae.g__Mediterraneibacter_A.s__Mediterraneibacter_A.butyricigenes	Sex_Male1_Female2	Female	-0.153409303706105	0.113054618743343	156	30	0.176796110632097	0.620286624871858
d__Bacteria.p__Bacillota_A.c__Clostridia.o__Oscillospirales.f__Acutalibacteraceae.g__Anaeromassilibacillus.s__Anaeromassilibacillus.stercoravium	Sex_Male1_Female2	Female	0.181485093881328	0.13456367159897	156	29	0.17942846085953	0.620286624871858
d__Bacteria.p__Bacillota_A.c__Clostridia.o__Oscillospirales.f__Ruminococcaceae.g__UBA3818.s__UBA3818.sp900557155	Group	PD	-0.197919087013374	0.146315780645055	156	41	0.178152108694017	0.620286624871858
d__Bacteria.p__Bacillota_A.c__Clostridia.o__Lachnospirales.f__Lachnospiraceae.g__Blautia_A.s__Blautia_A.hydrogenotrophica	Sex_Male1_Female2	Female	0.206246776555437	0.154102269744334	156	30	0.182759409945232	0.626135377570213
d__Bacteria.p__Bacteroidota.c__Bacteroidia.o__Bacteroidales.f__Rikenellaceae.g__Alistipes.s__Alistipes.onderdonkii	Sex_Male1_Female2	Female	0.416621011919466	0.310991158293642	156	115	0.182343815650911	0.626135377570213
d__Bacteria.p__Bacillota.c__Bacilli.o__Lactobacillales.f__Streptococcaceae.g__Lactococcus.s__Lactococcus.lactis	Sex_Male1_Female2	Female	0.247742385891378	0.186352848554342	156	45	0.185686171316714	0.633322477169508
d__Bacteria.p__Bacillota_A.c__Clostridia.o__Lachnospirales.f__CAG.274.g__CAG.274.s__CAG.274.sp900545305	Sex_Male1_Female2	Female	-0.128245641704526	0.0970125543854239	156	17	0.188158198118538	0.6351162311265
d__Bacteria.p__Bacillota_A.c__Clostridia.o__Lachnospirales.f__Lachnospiraceae.g__Acetatifactor.s__Acetatifactor.intestinalis	Group	PD	-0.340925537666464	0.259482252313464	156	53	0.190857078340419	0.6351162311265
d__Bacteria.p__Bacillota_A.c__Clostridia.o__Lachnospirales.f__Lachnospiraceae.g__Blautia_A.s__Blautia_A.sp934394595	Sex_Male1_Female2	Female	-0.196353951124706	0.150126034907849	156	55	0.192859663956267	0.6351162311265
d__Bacteria.p__Bacillota_A.c__Clostridia.o__Lachnospirales.f__Lachnospiraceae.g__Roseburia.s__Roseburia.inulinivorans	Sex_Male1_Female2	Female	-0.271220421489842	0.206989039371382	156	87	0.192053674181907	0.6351162311265
d__Bacteria.p__Bacillota_A.c__Clostridia.o__Oscillospirales.f__Oscillospiraceae.g__CAG.103.s__CAG.103.sp000432375	Sex_Male1_Female2	Female	-0.448870549975535	0.34642022690501	156	49	0.197016457271533	0.6351162311265
d__Bacteria.p__Bacillota_A.c__Clostridia.o__Oscillospirales.f__Oscillospiraceae.g__F23.B02.s__F23.B02.sp001916715	Group	PD	-0.410921366611041	0.318283941413969	156	40	0.198632667376951	0.6351162311265
d__Bacteria.p__Bacillota_A.c__Clostridia.o__Oscillospirales.f__Oscillospiraceae.g__F23.B02.s__F23.B02.sp001916715	Sex_Male1_Female2	Female	-0.387092741673886	0.300189999004387	156	40	0.199172845890587	0.6351162311265
d__Bacteria.p__Bacillota_A.c__Clostridia.o__Oscillospirales.f__Oscillospiraceae.g__Vescimonas.s__Vescimonas.cirricatena	Group	PD	0.323135219334458	0.246057963622985	156	42	0.19106535873988	0.6351162311265
d__Bacteria.p__Bacillota_A.c__Clostridia.o__Oscillospirales.f__Ruminococcaceae.g__Anaerotruncus.s__Anaerotruncus.colihominis	Group	PD	0.127596274630435	0.0992102771018297	156	21	0.200344256153778	0.6351162311265
d__Bacteria.p__Bacillota_A.c__Clostridia.o__Oscillospirales.f__Ruminococcaceae.g__Angelakisella.s__Angelakisella.sp900547385	Sex_Male1_Female2	Female	-0.21341246164064	0.163251538741853	156	44	0.193085062365802	0.6351162311265
d__Bacteria.p__Bacillota_A.c__Clostridia.o__Oscillospirales.f__Ruminococcaceae.g__Faecalibacterium.s__Faecalibacterium.prausnitzii_I	Sex_Male1_Female2	Female	-0.251969961554985	0.19053893563663	156	68	0.188006162272574	0.6351162311265
d__Bacteria.p__Bacillota_A.c__Clostridia.o__Oscillospirales.f__Ruminococcaceae.g__Faecalibacterium.s__Faecalibacterium.sp900539945	Sex_Male1_Female2	Female	-0.353185711350759	0.272228374194646	156	87	0.196450674901753	0.6351162311265
d__Bacteria.p__Bacillota_A.c__Clostridia.o__Oscillospirales.f__Ruminococcaceae.g__Harryflintia.s__Harryflintia.acetispora	Group	PD	0.114993725810563	0.0878471571503558	156	19	0.192490046958764	0.6351162311265
d__Bacteria.p__Bacillota_A.c__Clostridia.o__Peptostreptococcales.f__Peptostreptococcaceae.g__Intestinibacter.s__Intestinibacter.sp900540355	Sex_Male1_Female2	Female	-0.157790162449086	0.122138094878838	156	21	0.198339933143068	0.6351162311265
d__Bacteria.p__Bacteroidota.c__Bacteroidia.o__Bacteroidales.f__Bacteroidaceae.g__Bacteroides.s__Bacteroides.salyersiae	Group	PD	-0.153460136554024	0.119292994727905	156	22	0.20024190703073	0.6351162311265
d__Bacteria.p__Bacteroidota.c__Bacteroidia.o__Bacteroidales.f__Bacteroidaceae.g__Paraprevotella.s__Paraprevotella.clara	Sex_Male1_Female2	Female	-0.166575803279399	0.128574181447663	156	19	0.197077715106552	0.6351162311265
d__Bacteria.p__Verrucomicrobiota.c__Verrucomicrobiae.o__Verrucomicrobiales.f__Akkermansiaceae.g__Akkermansia.s__Akkermansia.muciniphila	Group	PD	0.574165708398988	0.444435030758047	156	56	0.19833974178309	0.6351162311265
d__Bacteria.p__Bacillota_A.c__Clostridia.o__Oscillospirales.f__Oscillospiraceae.g__CAG.103.s__CAG.103.sp905215475	Group	PD	-0.370154963344339	0.289182854400347	156	56	0.202481396643339	0.639238789402938
d__Bacteria.p__Bacillota_A.c__Clostridia.o__Christensenellales.f__CAG.138.g__UBA1685.s__UBA1685.sp002320595	Sex_Male1_Female2	Female	-0.183102991235902	0.143707833073882	156	21	0.204547987024387	0.643105605294781
d__Bacteria.p__Bacillota_A.c__Clostridia.o__Oscillospirales.f__Oscillospiraceae.g__Lawsonibacter_A.s__Lawsonibacter_A.hominis	Group	PD	0.171393990886671	0.135090173627034	156	34	0.206461515573511	0.646461466795747
d__Archaea.p__Methanobacteriota.c__Methanobacteria.o__Methanobacteriales.f__Methanobacteriaceae.g__Methanobrevibacter_A.s__Methanobrevibacter_A.smithii	Sex_Male1_Female2	Female	-0.463072746227175	0.373783479339271	156	61	0.217287302025122	0.656156121530407
d__Bacteria.p__Bacillota.c__Bacilli.o__Lactobacillales.f__Streptococcaceae.g__Streptococcus.s__Streptococcus.parasanguinis_G	Group	PD	0.288990628165538	0.231307455161751	156	59	0.213434512875957	0.656156121530407
d__Bacteria.p__Bacillota_A.c__Clostridia.o__Lachnospirales.f__Lachnospiraceae.g__Roseburia_D.s__Roseburia_D.yibonii	Sex_Male1_Female2	Female	-0.175444953887213	0.139504205436029	156	25	0.210441023508539	0.656156121530407
d__Bacteria.p__Bacillota_A.c__Clostridia.o__Monoglobales.f__Monoglobaceae.g__Monoglobus.s__Monoglobus.pectinilyticus	Group	PD	0.275094848345686	0.221983055142397	156	66	0.217146640032889	0.656156121530407
d__Bacteria.p__Bacillota_A.c__Clostridia.o__Oscillospirales.f__Acutalibacteraceae.g__CAG.177.s__CAG.177.sp003514385	Sex_Male1_Female2	Female	-0.316962329827024	0.253846821422081	156	34	0.213705369113726	0.656156121530407
d__Bacteria.p__Bacillota_A.c__Clostridia.o__Oscillospirales.f__Oscillospiraceae.g__CAG.170.s__CAG.170.sp002404795	Sex_Male1_Female2	Female	-0.23597429657604	0.188387192607869	156	48	0.212261527493936	0.656156121530407
d__Bacteria.p__Bacillota_A.c__Clostridia.o__Oscillospirales.f__Ruminococcaceae.g__Ruthenibacterium.s__Ruthenibacterium.lactatiformans	Sex_Male1_Female2	Female	0.263573232244603	0.211715573840813	156	119	0.215057184142722	0.656156121530407
d__Bacteria.p__Bacteroidota.c__Bacteroidia.o__Bacteroidales.f__Bacteroidaceae.g__Bacteroides.s__Bacteroides.cellulosilyticus	Sex_Male1_Female2	Female	-0.376448938999535	0.303844654708953	156	77	0.217260585159105	0.656156121530407
d__Bacteria.p__Desulfobacterota.c__Desulfovibrionia.o__Desulfovibrionales.f__Desulfovibrionaceae.g__Desulfovibrio.s__Desulfovibrio.sp018379785	Sex_Male1_Female2	Female	-0.149966330995673	0.120580942923358	156	25	0.215512759560642	0.656156121530407
d__Bacteria.p__Bacillota_A.c__Clostridia.o__Christensenellales.f__Aristaeellaceae.g__Egerieenecus.s__Egerieenecus.sp900553315	Group	PD	0.122125677574374	0.0994599648805241	156	19	0.221374760187766	0.657715841723734
d__Bacteria.p__Bacillota_A.c__Clostridia.o__Christensenellales.f__Aristaeellaceae.g__Pullichristensenella.s__Pullichristensenella.stercoripullorum	Group	PD	0.197865896376849	0.16142817872313	156	54	0.222187064750284	0.657715841723734
d__Bacteria.p__Bacillota_A.c__Clostridia.o__Christensenellales.f__CAG.314.g__CAG.314.s__CAG.314.sp000437915	Sex_Male1_Female2	Female	-0.187733802206357	0.153166358066409	156	34	0.222200317926691	0.657715841723734
d__Bacteria.p__Bacillota_A.c__Clostridia.o__Lachnospirales.f__Lachnospiraceae.g__Anaerobutyricum.s__Anaerobutyricum.hallii	Group	PD	-0.363291330993305	0.298582628902629	156	123	0.225584502201502	0.657715841723734
d__Bacteria.p__Bacillota_A.c__Clostridia.o__Lachnospirales.f__Lachnospiraceae.g__Blautia_A.s__Blautia_A.sp900548245	Group	PD	-0.275784228037285	0.227068819503522	156	53	0.226412652321128	0.657715841723734
d__Bacteria.p__Bacillota_A.c__Clostridia.o__Lachnospirales.f__Lachnospiraceae.g__Coprococcus_A.s__Coprococcus_A.catus_A	Group	PD	-0.276591262823223	0.227561307080011	156	103	0.226063559572053	0.657715841723734
d__Bacteria.p__Bacillota_A.c__Clostridia.o__Lachnospirales.f__Lachnospiraceae.g__Eubacterium_G.s__Eubacterium_G.sp000434315	Group	PD	-0.193101159112552	0.158714474305221	156	36	0.225608054431168	0.657715841723734
d__Bacteria.p__Bacillota_A.c__Clostridia.o__Lachnospirales.f__Lachnospiraceae.g__UBA4285.s__UBA4285.sp900545225	Group	PD	0.159024485945532	0.129837061824129	156	24	0.222532794251833	0.657715841723734
d__Bacteria.p__Bacillota_A.c__Clostridia.o__Lachnospirales.f__Lachnospiraceae.g__Ventrisoma.s__Ventrisoma.faecale	Group	PD	0.161508594699842	0.132649950692821	156	20	0.225267661980533	0.657715841723734
d__Bacteria.p__Bacillota_I.c__Bacilli_A.o__Erysipelotrichales.f__Coprobacillaceae.g__Faecalibacillus.s__Faecalibacillus.intestinalis	Sex_Male1_Female2	Female	-0.265750507059867	0.216839771570946	156	94	0.222246859277085	0.657715841723734
d__Bacteria.p__Bacillota_A.c__Clostridia.o__Oscillospirales.f__Ruminococcaceae.g__Porcipelethomonas.s__Porcipelethomonas.ammoniilytica	Group	PD	-0.260697156025385	0.215755301852873	156	29	0.228796072812404	0.662121968290442
d__Bacteria.p__Bacteroidota.c__Bacteroidia.o__Bacteroidales.f__Bacteroidaceae.g__Bacteroides.s__Bacteroides.caccae	Group	PD	0.367566798810658	0.30529270017707	156	90	0.230456042658214	0.664409119210852
d__Bacteria.p__Bacillota_A.c__Clostridia.o__Lachnospirales.f__Lachnospiraceae.g__Blautia_A.s__Blautia_A.ammoniilytica	Sex_Male1_Female2	Female	0.203311730439378	0.170715499729506	156	63	0.23552191519792	0.671413220937355
d__Bacteria.p__Bacillota_A.c__Clostridia.o__Lachnospirales.f__Lachnospiraceae.g__Coprococcus.s__Coprococcus.ammoniilyticus	Group	PD	0.273077113202241	0.228759175122731	156	16	0.234430476424116	0.671413220937355
d__Bacteria.p__Bacillota_A.c__Clostridia.o__Oscillospirales.f__Oscillospiraceae.g__Scatomorpha.s__Scatomorpha.sp900545405	Sex_Male1_Female2	Female	-0.252369876108212	0.211566772215853	156	31	0.234770171845976	0.671413220937355
d__Bacteria.p__Bacillota_A.c__Clostridia.o__Peptostreptococcales.f__Peptostreptococcaceae.g__Intestinibacter.s__Intestinibacter.bartlettii	Group	PD	0.256383669875542	0.216382594693624	156	60	0.23790892539934	0.675696724926007
d__Bacteria.p__Bacillota_A.c__Clostridia.o__Peptostreptococcales.f__Anaerovoracaceae.g__Hominibacterium.s__Hominibacterium.hominis	Group	PD	0.186048771655246	0.15741005778999	156	46	0.239064418401396	0.676463761698765
d__Bacteria.p__Pseudomonadota.c__Gammaproteobacteria.o__Burkholderiales.f__Burkholderiaceae.g__Parasutterella.s__Parasutterella.gallistercoris	Sex_Male1_Female2	Female	-0.143200893310203	0.121613624425894	156	18	0.240821619935067	0.678921467270816
d__Bacteria.p__Bacillota.c__Bacilli.o__Lactobacillales.f__Streptococcaceae.g__Streptococcus.s__Streptococcus.thermophilus	Sex_Male1_Female2	Female	0.287177131625208	0.244815787041534	156	79	0.242605353584411	0.680050929129292
d__Bacteria.p__Bacillota_A.c__Clostridia.o__Lachnospirales.f__Lachnospiraceae.g__Brotaphodocola.s__Brotaphodocola.sp003480315	Sex_Male1_Female2	Female	-0.102347656426807	0.0873243160480447	156	24	0.243002491691488	0.680050929129292
d__Bacteria.p__Bacteroidota.c__Bacteroidia.o__Bacteroidales.f__Rikenellaceae.g__Alistipes.s__Alistipes.sp902363575	Group	PD	-0.275876058616099	0.236919187808849	156	30	0.246061822918748	0.684102137002702
d__Bacteria.p__Cyanobacteriota.c__Vampirovibrionia.o__Gastranaerophilales.f__Gastranaerophilaceae.g__CAG.196.s__CAG.196.sp002102975	Sex_Male1_Female2	Female	0.138578090226273	0.119054613435033	156	20	0.246240952455161	0.684102137002702
d__Bacteria.p__Bacillota_A.c__Clostridia.o__Oscillospirales.f__Oscillospiraceae.g__UMGS1766.s__UMGS1766.sp900554855	Sex_Male1_Female2	Female	-0.0901417270383945	0.0778288779900652	156	16	0.248585447620707	0.68811334051529
d__Bacteria.p__Actinomycetota.c__Coriobacteriia.o__Coriobacteriales.f__Coriobacteriaceae.g__Collinsella.s__Collinsella.sp023656745	Sex_Male1_Female2	Female	-0.329466279410568	0.285179946986218	156	119	0.249771671071116	0.688900926708783
d__Bacteria.p__Bacillota_A.c__Clostridia.o__Lachnospirales.f__Lachnospiraceae.g__Eisenbergiella.s__Eisenbergiella.tayi	Group	PD	0.209357490899245	0.181671034760486	156	41	0.2509545996093	0.689673791732032
d__Bacteria.p__Bacillota_A.c__Clostridia.o__Oscillospirales.f__Oscillospiraceae.g__Faecousia.s__Faecousia.sp958436045	Sex_Male1_Female2	Female	-0.132421702539923	0.116069527896302	156	35	0.255701418418823	0.69630999568493
d__Bacteria.p__Bacillota_A.c__Clostridia.o__Oscillospirales.f__Ruminococcaceae.g__Zongyangia.s__Zongyangia.gallinarum	Sex_Male1_Female2	Female	-0.139669536620139	0.122526390989292	156	26	0.256103545533332	0.69630999568493
d__Bacteria.p__Pseudomonadota.c__Gammaproteobacteria.o__Burkholderiales.f__Burkholderiaceae.g__Parasutterella.s__Parasutterella.sp900552195	Group	PD	-0.238941953051625	0.209129365912829	156	54	0.255007892463085	0.69630999568493
d__Bacteria.p__Bacillota_A.c__Clostridia.o__Clostridiales.f__Clostridiaceae.g__Clostridium.s__Clostridium.saudiense	Sex_Male1_Female2	Female	-0.16058322532259	0.142346580776643	156	33	0.261037512499287	0.703503717176139
d__Bacteria.p__Bacillota_A.c__Clostridia.o__Oscillospirales.f__Oscillospiraceae.g__UBA738.s__UBA738.sp003522945	Sex_Male1_Female2	Female	-0.195612322936767	0.17320530579889	156	43	0.260510685368344	0.703503717176139
d__Bacteria.p__Bacillota_A.c__Clostridia.o__Oscillospirales.f__UMGS1783.g__UMGS1783.s__UMGS1783.sp900555065	Sex_Male1_Female2	Female	-0.0983296521732107	0.0874191952328399	156	17	0.262432669365445	0.703503717176139
d__Bacteria.p__Pseudomonadota.c__Gammaproteobacteria.o__Burkholderiales.f__Burkholderiaceae.g__Parasutterella.s__Parasutterella.gallistercoris	Group	PD	-0.145040214542449	0.128943881675905	156	18	0.262421732169044	0.703503717176139
d__Bacteria.p__Bacillota_A.c__Clostridia.o__Oscillospirales.f__Ruminococcaceae.g__Porcipelethomonas.s__Porcipelethomonas.sp900538575	Group	PD	-0.294247920678244	0.262717226441021	156	24	0.264461346124557	0.704030768108989
d__Bacteria.p__Bacteroidota.c__Bacteroidia.o__Bacteroidales.f__Barnesiellaceae.g__Barnesiella.s__Barnesiella.intestinihominis	Group	PD	0.334051197903245	0.298262169400025	156	87	0.264472291161361	0.704030768108989
d__Bacteria.p__Actinomycetota.c__Actinomycetes.o__Actinomycetales.f__Actinomycetaceae.g__Pauljensenia.s__Pauljensenia.sp905370305	Group	PD	0.0855654276207515	0.0782199086291341	156	16	0.275714313286191	0.704733316552654
d__Bacteria.p__Actinomycetota.c__Coriobacteriia.o__Coriobacteriales.f__Eggerthellaceae.g__CAJFUR01.s__CAJFUR01.sp904420575	Group	PD	0.160824739665939	0.146860845799229	156	34	0.275201375876069	0.704733316552654
d__Bacteria.p__Bacillota_A.c__Clostridia.o__Christensenellales.f__Aristaeellaceae.g__UBA11524.s__UBA11524.sp000437595	Sex_Male1_Female2	Female	-0.389305394270081	0.354001978719139	156	61	0.273178609367479	0.704733316552654
d__Bacteria.p__Bacillota_A.c__Clostridia.o__Christensenellales.f__Aristaeellaceae.g__Ventricola.s__Ventricola.sp900548125	Group	PD	-0.1234645814535	0.112365630470629	156	25	0.273592107633558	0.704733316552654
d__Bacteria.p__Bacillota_A.c__Clostridia.o__Christensenellales.f__CAG.138.g__SFEL01.s__SFEL01.sp004557245	Sex_Male1_Female2	Female	-0.239132790476077	0.218882642950696	156	53	0.276323634480215	0.704733316552654
d__Bacteria.p__Bacillota_A.c__Clostridia.o__Christensenellales.f__QAND01.g__QAND01.s__QAND01.sp003150225	Sex_Male1_Female2	Female	0.140434023719625	0.128755450233423	156	26	0.277118082518683	0.704733316552654
d__Bacteria.p__Bacillota_A.c__Clostridia.o__Lachnospirales.f__Lachnospiraceae.g__Choladousia.s__Choladousia.sp902363135	Sex_Male1_Female2	Female	-0.197429328792608	0.181378284533405	156	107	0.278088315834226	0.704733316552654
d__Bacteria.p__Bacillota_A.c__Clostridia.o__Lachnospirales.f__Lachnospiraceae.g__Hungatella.s__Hungatella.effluvii	Sex_Male1_Female2	Female	0.154406265844579	0.138809896803276	156	18	0.267729084649125	0.704733316552654
d__Bacteria.p__Bacillota_A.c__Clostridia.o__Lachnospirales.f__Lachnospiraceae.g__Lachnoclostridium_B.s__Lachnoclostridium_B.acetigenes	Sex_Male1_Female2	Female	0.115689486025237	0.106391467160186	156	19	0.27857259371584	0.704733316552654
d__Bacteria.p__Bacillota_A.c__Clostridia.o__Lachnospirales.f__Lachnospiraceae.g__Mediterraneibacter.s__Mediterraneibacter.sp934330165	Group	PD	-0.288959666208105	0.261265025917588	156	52	0.270461639405945	0.704733316552654
d__Bacteria.p__Bacillota_A.c__Clostridia.o__Oscillospirales.f__Acutalibacteraceae.g__Acutalibacter.s__Acutalibacter.ornithocaccae	Group	PD	0.275441453199434	0.248109356105262	156	54	0.268671173011994	0.704733316552654
d__Bacteria.p__Bacillota_A.c__Clostridia.o__Oscillospirales.f__Acutalibacteraceae.g__Fimenecus.s__Fimenecus.sp000432435	Group	PD	-0.300376961074528	0.270325227446519	156	35	0.268238799847681	0.704733316552654
d__Bacteria.p__Bacillota_A.c__Clostridia.o__Peptostreptococcales.f__Anaerovoracaceae.g__Fimisoma.s__Fimisoma.avicola	Sex_Male1_Female2	Female	0.130059798600182	0.119040484964101	156	20	0.276300962323469	0.704733316552654
d__Bacteria.p__Bacillota_I.c__Bacilli_A.o__Erysipelotrichales.f__Coprobacillaceae.g__Thomasclavelia.s__Thomasclavelia.spiroformis	Group	PD	0.139460427892051	0.125545689965529	156	22	0.268382433676276	0.704733316552654
d__Bacteria.p__Bacteroidota.c__Bacteroidia.o__Bacteroidales.f__Bacteroidaceae.g__Bacteroides.s__Bacteroides.xylanisolvens	Group	PD	-0.305007633122175	0.275807706849348	156	66	0.270518379615355	0.704733316552654
d__Bacteria.p__Actinomycetota.c__Actinomycetes.o__Actinomycetales.f__Bifidobacteriaceae.g__Bifidobacterium.s__Bifidobacterium.bifidum	Sex_Male1_Female2	Female	-0.282118146629416	0.261694040135731	156	28	0.28271006384781	0.70753981108554
d__Bacteria.p__Bacillota_A.c__Clostridia.o__Christensenellales.f__Aristaeellaceae.g__Egerieenecus.s__Egerieenecus.merdigallinarum	Group	PD	0.202866327393615	0.188445258344619	156	42	0.283386364125884	0.70753981108554
d__Bacteria.p__Bacillota_A.c__Clostridia.o__Lachnospirales.f__Lachnospiraceae.g__Blautia_A.s__Blautia_A.sp900120195	Group	PD	0.214407235907982	0.198817870144853	156	38	0.282547944554359	0.70753981108554
d__Bacteria.p__Bacillota_A.c__Clostridia.o__UBA1381.f__UBA1381.g__Hominilimicola.s__Hominilimicola.fabiformis	Sex_Male1_Female2	Female	-0.217678140110013	0.202078886416685	156	123	0.283089156554304	0.70753981108554
d__Bacteria.p__Bacillota_A.c__Clostridia.o__Lachnospirales.f__Lachnospiraceae.g__Eubacterium_G.s__Eubacterium_G.segne	Sex_Male1_Female2	Female	-0.119013016863565	0.111237377688408	156	30	0.286348694536294	0.71260717467664
d__Bacteria.p__Bacillota_A.c__Clostridia.o__Oscillospirales.f__Oscillospiraceae.g__CAG.170.s__CAG.170.sp003516765	Group	PD	-0.147073345041713	0.137798605323966	156	34	0.287514650844646	0.7131856923549
d__Bacteria.p__Bacillota_A.c__Clostridia.o__Lachnospirales.f__Lachnospiraceae.g__Eubacterium_F.s__Eubacterium_F.sp000433735	Sex_Male1_Female2	Female	-0.167209632106944	0.157587569577482	156	35	0.290335358432578	0.713235414284532
d__Bacteria.p__Bacillota_A.c__Clostridia.o__Oscillospirales.f__Oscillospiraceae.g__Lawsonibacter.s__Lawsonibacter.asaccharolyticus	Group	PD	-0.215776907434937	0.202825276477055	156	92	0.289070043952773	0.713235414284532
d__Bacteria.p__Bacillota_A.c__Clostridia.o__Peptostreptococcales.f__Anaerovoracaceae.g__Fimisoma.s__Fimisoma.sp000435715	Group	PD	0.172495831441598	0.162539919988094	156	25	0.290247679920018	0.713235414284532
d__Bacteria.p__Bacillota_A.c__Clostridia.o__Lachnospirales.f__Lachnospiraceae.g__Blautia.s__Blautia.celeris	Sex_Male1_Female2	Female	0.133143742540927	0.126287564701831	156	25	0.293412129650979	0.716612502808987
d__Bacteria.p__Bacillota_A.c__Clostridia.o__Oscillospirales.f__Ruminococcaceae.g__Faecalibacterium.s__Faecalibacterium.duncaniae	Sex_Male1_Female2	Female	-0.309374056935797	0.293549079414945	156	115	0.293586012276457	0.716612502808987
d__Bacteria.p__Bacillota_A.c__Clostridia.o__Lachnospirales.f__Lachnospiraceae.g__Blautia_A.s__Blautia_A.intestinalis	Sex_Male1_Female2	Female	-0.256373492439449	0.245517293321528	156	88	0.298031730178017	0.722845212241287
d__Bacteria.p__Bacillota_A.c__Clostridia.o__Lachnospirales.f__Lachnospiraceae.g__Dorea_D.s__Dorea_D.hominis	Sex_Male1_Female2	Female	-0.155604843853952	0.148808996902871	156	49	0.297363430986934	0.722845212241287
d__Bacteria.p__Bacillota_A.c__Clostridia.o__Oscillospirales.f__Acutalibacteraceae.g__Acutalibacter.s__Acutalibacter.sp900548545	Group	PD	0.134188569534304	0.130366387591525	156	26	0.304954365363504	0.737294731448472
d__Bacteria.p__Bacillota_A.c__Clostridia.o__TANB77.f__CAG.508.g__Merdicola.s__Merdicola.sp018371855	Sex_Male1_Female2	Female	0.2005476204267	0.196257068044527	156	19	0.308459281336165	0.743416059750252
d__Bacteria.p__Bacillota_A.c__Clostridia.o__Lachnospirales.f__Lachnospiraceae.g__Hominiventricola.s__Hominiventricola.sp003480725	Sex_Male1_Female2	Female	-0.125122372865921	0.124585831719831	156	43	0.316816552877212	0.753883308885365
d__Bacteria.p__Bacillota_A.c__Clostridia.o__Lachnospirales.f__Lachnospiraceae.g__Mediterraneibacter.s__Mediterraneibacter.faecis	Sex_Male1_Female2	Female	-0.294743424601974	0.29507813996904	156	122	0.319436898438173	0.753883308885365
d__Bacteria.p__Bacillota_A.c__Clostridia.o__Oscillospirales.f__Oscillospiraceae.g__Lawsonibacter.s__Lawsonibacter.asaccharolyticus	Sex_Male1_Female2	Female	-0.191627137451214	0.191294977915714	156	92	0.318052591553103	0.753883308885365
d__Bacteria.p__Bacillota_A.c__Clostridia.o__Oscillospirales.f__Ruminococcaceae.g__Gemmiger.s__Gemmiger.sp900540595	Sex_Male1_Female2	Female	-0.190046723700124	0.189348624985365	156	33	0.317114305797885	0.753883308885365
d__Bacteria.p__Bacillota_A.c__Clostridia.o__Peptostreptococcales.f__Peptostreptococcaceae.g__Intestinibacter.s__Intestinibacter.sp900540355	Group	PD	0.129498194488368	0.129499964568313	156	21	0.318896022169196	0.753883308885365
d__Bacteria.p__Bacteroidota.c__Bacteroidia.o__Bacteroidales.f__Rikenellaceae.g__Alistipes.s__Alistipes.senegalensis	Sex_Male1_Female2	Female	-0.132276088177659	0.132501211454156	156	30	0.319709675495888	0.753883308885365
d__Bacteria.p__Pseudomonadota.c__Gammaproteobacteria.o__Enterobacterales.f__Enterobacteriaceae.g__Escherichia.s__Escherichia.coli_F	Sex_Male1_Female2	Female	-0.332460666362191	0.329954931108191	156	66	0.315240179526769	0.753883308885365
d__Bacteria.p__Bacillota_A.c__Clostridia.o__Oscillospirales.f__Oscillospiraceae.g__UMGS1766.s__UMGS1766.sp959602365	Sex_Male1_Female2	Female	0.106929965346465	0.108773228657075	156	21	0.327132799300318	0.76035872868369
d__Bacteria.p__Bacillota_A.c__Clostridia.o__Oscillospirales.f__Ruminococcaceae.g__Anaerotruncus.s__Anaerotruncus.massiliensis	Sex_Male1_Female2	Female	-0.124744243746661	0.126967303849105	156	23	0.327409043909806	0.76035872868369
d__Bacteria.p__Bacillota_I.c__Bacilli_A.o__Erysipelotrichales.f__Coprobacillaceae.g__Coprobacillus.s__Coprobacillus.cateniformis	Group	PD	0.102311123996791	0.104139354797339	156	16	0.327431965624259	0.76035872868369
d__Bacteria.p__Bacteroidota.c__Bacteroidia.o__Bacteroidales.f__Tannerellaceae.g__Parabacteroides.s__Parabacteroides.johnsonii	Group	PD	-0.138473704309512	0.14088282756111	156	18	0.327208476902627	0.76035872868369
d__Bacteria.p__Verrucomicrobiota.c__Verrucomicrobiae.o__Verrucomicrobiales.f__Akkermansiaceae.g__Akkermansia.s__Akkermansia.muciniphila_F	Sex_Male1_Female2	Female	0.288647435796203	0.293464930487261	156	25	0.326872874134125	0.76035872868369
d__Bacteria.p__Bacillota_A.c__Clostridia.o__Oscillospirales.f__Ruminococcaceae.g__Negativibacillus.s__Negativibacillus.faecipullorum	Group	PD	0.0988284320196947	0.101148035369349	156	20	0.330078212782902	0.76418107444284
d__Bacteria.p__Bacillota_A.c__Clostridia.o__Lachnospirales.f__Lachnospiraceae.g__Brotaphodocola.s__Brotaphodocola.sp003478505	Sex_Male1_Female2	Female	-0.0780167672245227	0.0801010631499312	156	23	0.331604245725013	0.76539469406015
d__Bacteria.p__Bacillota_A.c__Clostridia.o__Oscillospirales.f__Oscillospiraceae.g__CAG.170.s__CAG.170.sp000432135	Group	PD	-0.243177761905142	0.25082003878079	156	73	0.333810564883086	0.76585967438642
d__Bacteria.p__Bacillota_A.c__Clostridia.o__Oscillospirales.f__Ruminococcaceae.g__UBA3818.s__UBA3818.sp900557155	Sex_Male1_Female2	Female	-0.133926038802589	0.137997958210019	156	41	0.333332584174917	0.76585967438642
d__Bacteria.p__Bacillota_A.c__Clostridia.o__Lachnospirales.f__Lachnospiraceae.g__Dorea_A.s__Dorea_A.longicatena	Group	PD	-0.311469705732898	0.322191684004714	156	100	0.335208755114059	0.766764936847728
d__Bacteria.p__Bacillota_A.c__Clostridia.o__Christensenellales.f__Aristaeellaceae.g__Limiplasma.s__Limiplasma.merdipullorum	Group	PD	0.23449000869386	0.244267881788302	156	57	0.338584553187608	0.767568922813558
d__Bacteria.p__Bacillota_A.c__Clostridia.o__Lachnospirales.f__Lachnospiraceae.g__Blautia_A.s__Blautia_A.sp003474435	Sex_Male1_Female2	Female	-0.117872293048303	0.124015887508503	156	19	0.343376924705525	0.767568922813558
d__Bacteria.p__Bacillota_A.c__Clostridia.o__Lachnospirales.f__Lachnospiraceae.g__Coprococcus.s__Coprococcus.aceti	Sex_Male1_Female2	Female	-0.336705216950166	0.351874525819467	156	45	0.340132322323733	0.767568922813558
d__Bacteria.p__Bacillota_A.c__Clostridia.o__Lachnospirales.f__Lachnospiraceae.g__JAGZHZ01.s__JAGZHZ01.sp018366495	Sex_Male1_Female2	Female	0.115813270284889	0.122093213846928	156	17	0.344338081534082	0.767568922813558
d__Bacteria.p__Bacillota_A.c__Clostridia.o__Oscillospirales.f__Acutalibacteraceae.g__Acutalibacter.s__Acutalibacter.sp900548545	Sex_Male1_Female2	Female	-0.116600722705127	0.12295526311334	156	26	0.344462898111286	0.767568922813558
d__Bacteria.p__Bacillota_A.c__Clostridia.o__Oscillospirales.f__Oscillospiraceae.g__Dysosmobacter.s__Dysosmobacter.faecalis	Sex_Male1_Female2	Female	0.125674907196399	0.132089821240896	156	33	0.342884076588054	0.767568922813558
d__Bacteria.p__Bacillota_A.c__Clostridia.o__Oscillospirales.f__Oscillospiraceae.g__Dysosmobacter.s__Dysosmobacter.welbionis	Group	PD	0.191400967278709	0.201403767751468	156	104	0.343441039497575	0.767568922813558
d__Bacteria.p__Bacillota_A.c__Clostridia.o__Oscillospirales.f__Oscillospiraceae.g__Enterenecus.s__Enterenecus.sp900549885	Sex_Male1_Female2	Female	0.125433150293031	0.132584014467742	156	37	0.345606949539089	0.767568922813558
d__Bacteria.p__Bacillota_A.c__Clostridia.o__Oscillospirales.f__Oscillospiraceae.g__Faecousia.s__Faecousia.sp000435995	Group	PD	-0.208941578804326	0.220554190098911	156	55	0.344955305819224	0.767568922813558
d__Bacteria.p__Bacillota_A.c__Clostridia.o__Oscillospirales.f__Ruminococcaceae.g__Avimicrobium.s__Avimicrobium.caecorum	Sex_Male1_Female2	Female	0.106971484685693	0.112010927127058	156	30	0.341079420407725	0.767568922813558
d__Bacteria.p__Bacillota_A.c__Clostridia.o__Oscillospirales.f__Oscillospiraceae.g__Evtepia.s__Evtepia.excrementipullorum	Sex_Male1_Female2	Female	-0.201897224223905	0.215458240627553	156	37	0.350204662804985	0.775525688066692
d__Bacteria.p__Bacillota_A.c__Clostridia.o__Lachnospirales.f__Lachnospiraceae.g__UBA11774.s__UBA11774.sp003507655	Sex_Male1_Female2	Female	-0.24532535041187	0.262408861381007	156	119	0.351314388564977	0.775734661455613
d__Bacteria.p__Bacillota_A.c__Clostridia.o__Oscillospirales.f__Oscillospiraceae.g__Lawsonibacter_A.s__Lawsonibacter_A.hominis	Sex_Male1_Female2	Female	0.118401111764702	0.127410509328391	156	34	0.354203454095195	0.779860054549651
d__Bacteria.p__Bacillota_A.c__Clostridia.o__Lachnospirales.f__Lachnospiraceae.g__CAG.194.s__CAG.194.sp000432915	Group	PD	-0.198708791463416	0.215338009786056	156	32	0.357576748130376	0.782775460090565
d__Bacteria.p__Bacillota_A.c__Clostridia.o__Oscillospirales.f__Ruminococcaceae.g__Anaerotruncus.s__Anaerotruncus.colihominis	Sex_Male1_Female2	Female	0.0864410583108218	0.0935703285943917	156	21	0.357040703869741	0.782775460090565
d__Bacteria.p__Bacillota_I.c__Bacilli_A.o__Erysipelotrichales.f__Erysipelotrichaceae.g__Merdibacter.s__Merdibacter.merdipullorum	Group	PD	0.11467727474367	0.124998636319246	156	21	0.360362201432956	0.786619205413653
d__Bacteria.p__Bacillota_A.c__Clostridia.o__Oscillospirales.f__Oscillospiraceae.g__Evtepia.s__Evtepia.gabavorous	Sex_Male1_Female2	Female	0.223096625603354	0.245529911845687	156	87	0.364972820366683	0.792156916932232
d__Bacteria.p__Bacillota_A.c__Clostridia.o__TANB77.f__CAG.508.g__Merdicola.s__Merdicola.sp018371855	Group	PD	0.189455091698106	0.208086456426713	156	19	0.364010339500095	0.792156916932232
d__Bacteria.p__Bacillota_A.c__Clostridia.o__Lachnospirales.f__Lachnospiraceae.g__Lachnoclostridium_B.s__Lachnoclostridium_B.ammoniilytica	Group	PD	0.153901218378406	0.170242988126529	156	89	0.367411739984213	0.79294511115237
d__Bacteria.p__Bacillota_A.c__Clostridia.o__TANB77.f__CAG.508.g__CAG.269.s__CAG.269.sp003525075	Sex_Male1_Female2	Female	0.128204486404429	0.141583088832829	156	32	0.366620554817096	0.79294511115237
d__Bacteria.p__Bacillota_A.c__Clostridia.o__Clostridiales.f__Clostridiaceae.g__Clostridium.s__Clostridium.sp900540255	Group	PD	0.124260161559353	0.138646709735304	156	24	0.371534724229878	0.799584589610217
d__Bacteria.p__Bacillota_A.c__Clostridia.o__Christensenellales.f__Aristaeellaceae.g__UBA11524.s__UBA11524.sp000437595	Group	PD	-0.335533654583347	0.375339436452794	156	61	0.372754159658392	0.799955556120819
d__Bacteria.p__Actinomycetota.c__Actinomycetes.o__Actinomycetales.f__Bifidobacteriaceae.g__Bifidobacterium.s__Bifidobacterium.adolescentis	Sex_Male1_Female2	Female	-0.311240086696506	0.368956792561593	156	70	0.400227872531715	0.802018082496154
d__Bacteria.p__Actinomycetota.c__Coriobacteriia.o__Coriobacteriales.f__Eggerthellaceae.g__Anaerotardibacter.s__Anaerotardibacter.sp000436075	Group	PD	0.196283824294598	0.227034985208014	156	39	0.388637511441161	0.802018082496154
d__Bacteria.p__Bacillota.c__Bacilli.o__MOL361.f__Turicibacteraceae.g__Turicibacter.s__Turicibacter.bilis	Group	PD	0.129371748426596	0.153617712632701	156	35	0.401009041248077	0.802018082496154
d__Bacteria.p__Bacillota_A.c__Clostridia.o__Christensenellales.f__UMGS416.g__Parachristensenella.s__Parachristensenella.sp900542005	Group	PD	0.0798700891031418	0.0922284069932543	156	17	0.387844402952296	0.802018082496154
d__Bacteria.p__Bacillota_A.c__Clostridia.o__Lachnospirales.f__Lachnospiraceae.g__Bariatricus.s__Bariatricus.comes_A	Sex_Male1_Female2	Female	-0.198489655157375	0.231573363356909	156	127	0.392710804148266	0.802018082496154
d__Bacteria.p__Bacillota_A.c__Clostridia.o__Lachnospirales.f__Lachnospiraceae.g__Blautia_A.s__Blautia_A.luti	Group	PD	-0.141366291526124	0.167437712370151	156	41	0.399824552302623	0.802018082496154
d__Bacteria.p__Bacillota_A.c__Clostridia.o__Lachnospirales.f__Lachnospiraceae.g__Massilistercora.s__Massilistercora.sp902406105	Group	PD	0.087511348889523	0.102398517850373	156	16	0.394100298236101	0.802018082496154
d__Bacteria.p__Bacillota_A.c__Clostridia.o__Lachnospirales.f__Lachnospiraceae.g__Massilistercora.s__Massilistercora.sp902406105	Sex_Male1_Female2	Female	0.0820837489539367	0.0965773228614581	156	16	0.396693273066951	0.802018082496154
d__Bacteria.p__Bacillota_A.c__Clostridia.o__Lachnospirales.f__Lachnospiraceae.g__Mediterraneibacter.s__Mediterraneibacter.torques	Sex_Male1_Female2	Female	0.235715620678079	0.278300486481764	156	122	0.398327812318622	0.802018082496154
d__Bacteria.p__Bacillota_A.c__Clostridia.o__Lachnospirales.f__Lachnospiraceae.g__Oliverpabstia.s__Oliverpabstia.intestinalis	Group	PD	-0.246726678079841	0.281555604737443	156	104	0.382241672790465	0.802018082496154
d__Bacteria.p__Bacillota_A.c__Clostridia.o__Lachnospirales.f__Lachnospiraceae.g__Roseburia_B.s__Roseburia_B.zhanii	Sex_Male1_Female2	Female	-0.0931089666608864	0.10679525237172	156	21	0.384658697982403	0.802018082496154
d__Bacteria.p__Bacillota_A.c__Clostridia.o__Oscillospirales.f__Acutalibacteraceae.g__Hominenteromicrobium.s__Hominenteromicrobium.mulieris	Sex_Male1_Female2	Female	-0.254381994704418	0.296627326284005	156	122	0.392465151677643	0.802018082496154
d__Bacteria.p__Bacillota_A.c__Clostridia.o__Oscillospirales.f__CAG.272.g__UMGS911.s__UMGS911.sp003343545	Group	PD	-0.0847801002234413	0.0992878109784309	156	21	0.394505146860024	0.802018082496154
d__Bacteria.p__Bacillota_A.c__Clostridia.o__Oscillospirales.f__Oscillospiraceae.g__CAG.170.s__CAG.170.sp900553545	Sex_Male1_Female2	Female	-0.0887331004354867	0.101380227515104	156	20	0.382809530244659	0.802018082496154
d__Bacteria.p__Bacillota_A.c__Clostridia.o__Oscillospirales.f__Oscillospiraceae.g__Faecousia.s__Faecousia.sp003525905	Sex_Male1_Female2	Female	0.22811838040559	0.258855469315557	156	94	0.37956063054216	0.802018082496154
d__Bacteria.p__Bacillota_A.c__Clostridia.o__Oscillospirales.f__Oscillospiraceae.g__HGM13006.s__HGM13006.sp900757695	Sex_Male1_Female2	Female	-0.117973181818845	0.132896494883623	156	26	0.376091605935219	0.802018082496154
d__Bacteria.p__Bacillota_A.c__Clostridia.o__Oscillospirales.f__Oscillospiraceae.g__Intestinimonas.s__Intestinimonas.butyriciproducens	Group	PD	0.0995304791338408	0.11358213853875	156	23	0.382248101739828	0.802018082496154
d__Bacteria.p__Bacillota_A.c__Clostridia.o__Oscillospirales.f__Ruminococcaceae.g__Gemmiger.s__Gemmiger.qucibialis	Sex_Male1_Female2	Female	-0.236039603982406	0.269038350302915	156	134	0.381674519996411	0.802018082496154
d__Bacteria.p__Bacillota_A.c__Clostridia.o__Oscillospirales.f__Ruminococcaceae.g__Negativibacillus.s__Negativibacillus.massiliensis	Group	PD	-0.136373538102612	0.157541616562786	156	29	0.388045672578874	0.802018082496154
d__Bacteria.p__Bacillota_A.c__Clostridia.o__Peptostreptococcales.f__Peptostreptococcaceae.g__Terrisporobacter.s__Terrisporobacter.sp900557165	Sex_Male1_Female2	Female	-0.131410432267621	0.15367105975924	156	33	0.393810169124542	0.802018082496154
d__Bacteria.p__Bacillota_A.c__Clostridia.o__TANB77.f__CAG.508.g__CAG.273.s__CAG.273.sp003534295	Sex_Male1_Female2	Female	0.165450967460578	0.195523200463041	156	20	0.398764885909661	0.802018082496154
d__Bacteria.p__Bacteroidota.c__Bacteroidia.o__Bacteroidales.f__Bacteroidaceae.g__Bacteroides.s__Bacteroides.clarus	Group	PD	0.16218785234051	0.190256777352652	156	24	0.395286736671423	0.802018082496154
d__Bacteria.p__Bacteroidota.c__Bacteroidia.o__Bacteroidales.f__Bacteroidaceae.g__Bacteroides.s__Bacteroides.thetaiotaomicron	Sex_Male1_Female2	Female	0.209670834942928	0.238239433630374	156	99	0.380193797474382	0.802018082496154
d__Bacteria.p__Bacteroidota.c__Bacteroidia.o__Bacteroidales.f__Bacteroidaceae.g__Bacteroides.s__Bacteroides.zhangwenhongii	Group	PD	-0.123069071125116	0.144709690719791	156	25	0.396401151284063	0.802018082496154
d__Bacteria.p__Bacteroidota.c__Bacteroidia.o__Bacteroidales.f__Rikenellaceae.g__Alistipes.s__Alistipes.putredinis	Sex_Male1_Female2	Female	-0.299999640733689	0.34856729659889	156	121	0.390769327972286	0.802018082496154
d__Bacteria.p__Cyanobacteriota.c__Vampirovibrionia.o__Gastranaerophilales.f__Gastranaerophilaceae.g__CAG.196.s__CAG.196.sp002102975	Group	PD	-0.107951359688635	0.126230626380944	156	20	0.393782330363091	0.802018082496154
d__Bacteria.p__Bacillota_A.c__Clostridia.o__Clostridiales.f__Clostridiaceae.g__Clostridium.s__Clostridium.sp000435835	Sex_Male1_Female2	Female	-0.095308669467627	0.114571250615443	156	25	0.40677740054916	0.805894739747373
d__Bacteria.p__Bacillota_A.c__Clostridia.o__Lachnospirales.f__Lachnospiraceae.g__Enterocloster.s__Enterocloster.bolteae	Sex_Male1_Female2	Female	0.139591463923605	0.168322619278507	156	37	0.408221550107635	0.805894739747373
d__Bacteria.p__Bacillota_A.c__Clostridia.o__Lachnospirales.f__Lachnospiraceae.g__Hominiventricola.s__Hominiventricola.filiformis	Sex_Male1_Female2	Female	-0.117732409820059	0.141928976655996	156	45	0.408104613674801	0.805894739747373
d__Bacteria.p__Bacteroidota.c__Bacteroidia.o__Bacteroidales.f__Marinifilaceae.g__Odoribacter.s__Odoribacter.laneus	Group	PD	-0.170422754386743	0.204965885813204	156	27	0.407004566037215	0.805894739747373
d__Bacteria.p__Bacteroidota.c__Bacteroidia.o__Bacteroidales.f__Tannerellaceae.g__Parabacteroides.s__Parabacteroides.segnis	Group	PD	0.114625426975068	0.137182458086321	156	26	0.40470028781095	0.805894739747373
d__Bacteria.p__Bacillota_A.c__Clostridia.o__Christensenellales.f__Aristaeellaceae.g__Fimadaptatus.s__Fimadaptatus.sp900553645	Group	PD	-0.0857666072820103	0.10739511795722	156	20	0.425755614830577	0.822144583848578
d__Bacteria.p__Bacillota_A.c__Clostridia.o__Christensenellales.f__Aristaeellaceae.g__Pullichristensenella.s__Pullichristensenella.excrementigallinarum	Sex_Male1_Female2	Female	-0.0889891438325984	0.110357294204785	156	20	0.421279418163265	0.822144583848578
d__Bacteria.p__Bacillota_A.c__Clostridia.o__Christensenellales.f__Aristaeellaceae.g__RUG11247.s__RUG11247.sp902767315	Sex_Male1_Female2	Female	-0.061307496578486	0.0766474649216656	156	19	0.425030108015514	0.822144583848578
d__Bacteria.p__Bacillota_A.c__Clostridia.o__Lachnospirales.f__Lachnospiraceae.g__Eubacterium_G.s__Eubacterium_G.sp000434315	Sex_Male1_Female2	Female	-0.119446182879971	0.149691805599763	156	36	0.426137768591672	0.822144583848578
d__Bacteria.p__Bacillota_A.c__Clostridia.o__Oscillospirales.f__Acutalibacteraceae.g__Eubacterium_R.s__Eubacterium_R.sp000436835	Sex_Male1_Female2	Female	-0.140278884719523	0.173332870938161	156	17	0.419597425299057	0.822144583848578
d__Bacteria.p__Bacillota_A.c__Clostridia.o__Peptostreptococcales.f__Anaerovoracaceae.g__Alangreenwoodia.s__Alangreenwoodia.sp905206455	Sex_Male1_Female2	Female	-0.13109410398024	0.163668603150277	156	54	0.424389458659825	0.822144583848578
d__Bacteria.p__Bacteroidota.c__Bacteroidia.o__Bacteroidales.f__Bacteroidaceae.g__Bacteroides.s__Bacteroides.eggerthii	Sex_Male1_Female2	Female	0.197452734135981	0.246661519139926	156	29	0.424661970623076	0.822144583848578
d__Bacteria.p__Bacteroidota.c__Bacteroidia.o__Bacteroidales.f__Bacteroidaceae.g__Bacteroides.s__Bacteroides.sp900557355	Sex_Male1_Female2	Female	0.15352359750957	0.191748062160154	156	24	0.424574268169192	0.822144583848578
d__Bacteria.p__Verrucomicrobiota.c__Verrucomicrobiae.o__Verrucomicrobiales.f__Akkermansiaceae.g__Akkermansia.s__Akkermansia.muciniphila_F	Group	PD	0.248659853326488	0.31115351961108	156	25	0.425439482452171	0.822144583848578
d__Bacteria.p__Bacillota_A.c__Clostridia.o__Oscillospirales.f__Oscillospiraceae.g__UBA738.s__UBA738.sp003522945	Group	PD	0.145003225524905	0.183645249962764	156	43	0.430993100196739	0.823196821375771
d__Bacteria.p__Bacillota_A.c__Clostridia.o__Peptostreptococcales.f__Anaerovoracaceae.g__Hominibacterium.s__Hominibacterium.hominis	Sex_Male1_Female2	Female	-0.117399033217548	0.148461543115677	156	46	0.430301877556348	0.823196821375771
d__Bacteria.p__Bacteroidota.c__Bacteroidia.o__Bacteroidales.f__Bacteroidaceae.g__Bacteroides.s__Bacteroides.faecis	Sex_Male1_Female2	Female	0.125008424076098	0.157804021870095	156	22	0.429485089686892	0.823196821375771
d__Bacteria.p__Bacteroidota.c__Bacteroidia.o__Bacteroidales.f__Rikenellaceae.g__Alistipes.s__Alistipes.shahii	Sex_Male1_Female2	Female	-0.209775827916379	0.265213578601893	156	96	0.430186240299874	0.823196821375771
d__Bacteria.p__Bacillota_A.c__Clostridia.o__Christensenellales.f__CAG.138.g__UBA1685.s__UBA1685.sp002320595	Group	PD	-0.119292079931349	0.152369818030305	156	21	0.434889227574617	0.824455012076941
d__Bacteria.p__Bacillota_A.c__Clostridia.o__Lachnospirales.f__Lachnospiraceae.g__Eubacterium_G.s__Eubacterium_G.sp000435815	Sex_Male1_Female2	Female	-0.0981786542603145	0.125136060060514	156	26	0.433915731781326	0.824455012076941
d__Bacteria.p__Bacteroidota.c__Bacteroidia.o__Bacteroidales.f__Marinifilaceae.g__Butyricimonas.s__Butyricimonas.paravirosa	Sex_Male1_Female2	Female	-0.114201528052218	0.145538618265582	156	44	0.43385333165948	0.824455012076941
d__Bacteria.p__Bacillota_A.c__Clostridia.o__Lachnospirales.f__Lachnospiraceae.g__Blautia_A.s__Blautia_A.fusiformis	Group	PD	-0.262201474143457	0.336110636128839	156	132	0.436534432587254	0.825525511130351
d__Bacteria.p__Bacillota_A.c__Clostridia.o__Lachnospirales.f__Lachnospiraceae.g__Anthropogastromicrobium.s__Anthropogastromicrobium.sp934292725	Sex_Male1_Female2	Female	-0.234067676283936	0.30255881675553	156	100	0.440345065105184	0.830675628988544
d__Bacteria.p__Bacillota_A.c__Clostridia.o__Oscillospirales.f__Ruminococcaceae.g__Porcipelethomonas.s__Porcipelethomonas.ammoniilytica	Sex_Male1_Female2	Female	-0.155251437893924	0.203489951647188	156	29	0.446671517604059	0.840534579924879
d__Bacteria.p__Actinomycetota.c__Coriobacteriia.o__Coriobacteriales.f__Eggerthellaceae.g__Anaerotardibacter.s__Anaerotardibacter.sp000436075	Sex_Male1_Female2	Female	-0.14771061938665	0.214128402711063	156	39	0.491350703738098	0.84225866956343
d__Bacteria.p__Actinomycetota.c__Coriobacteriia.o__Coriobacteriales.f__UMGS124.g__JAHZGC01.s__JAHZGC01.sp019421015	Sex_Male1_Female2	Female	0.072629183041552	0.10423155549618	156	22	0.486981487499448	0.84225866956343
d__Bacteria.p__Bacillota_A.c__Clostridia.o__Christensenellales.f__Aristaeellaceae.g__Alectryocaccomicrobium.s__Alectryocaccomicrobium.faecavium	Sex_Male1_Female2	Female	-0.0896812223672373	0.122913132291024	156	25	0.466731379396545	0.84225866956343
d__Bacteria.p__Bacillota_A.c__Clostridia.o__Christensenellales.f__Aristaeellaceae.g__Egerieenecus.s__Egerieenecus.merdigallinarum	Sex_Male1_Female2	Female	-0.12028789040914	0.177732441239556	156	42	0.499559887116735	0.84225866956343
d__Bacteria.p__Bacillota_A.c__Clostridia.o__Christensenellales.f__Aristaeellaceae.g__Faecivicinus.s__Faecivicinus.avistercoris	Group	PD	0.107617530337691	0.154122509665292	156	31	0.48607473598659	0.84225866956343
d__Bacteria.p__Bacillota_A.c__Clostridia.o__Christensenellales.f__Aristaeellaceae.g__Fimadaptatus.s__Fimadaptatus.faecigallinarum	Sex_Male1_Female2	Female	-0.0646961661885569	0.089951333330631	156	16	0.473093116175042	0.84225866956343
d__Bacteria.p__Bacillota_A.c__Clostridia.o__Christensenellales.f__Aristaeellaceae.g__Limiplasma.s__Limiplasma.merdipullorum	Sex_Male1_Female2	Female	-0.154375972160483	0.230381636173919	156	57	0.503811795799068	0.84225866956343
d__Bacteria.p__Bacillota_A.c__Clostridia.o__Christensenellales.f__Aristaeellaceae.g__Pullichristensenella.s__Pullichristensenella.stercorigallinarum	Sex_Male1_Female2	Female	-0.0815042982355415	0.115349767046008	156	25	0.480899707058484	0.84225866956343
d__Bacteria.p__Bacillota_A.c__Clostridia.o__Lachnospirales.f__Lachnospiraceae.g__AF33.28.s__AF33.28.sp003477885	Sex_Male1_Female2	Female	-0.0627514483928975	0.0932128330916381	156	18	0.501831785815185	0.84225866956343
d__Bacteria.p__Bacillota_A.c__Clostridia.o__Lachnospirales.f__Lachnospiraceae.g__Acetatifactor.s__Acetatifactor.intestinalis	Sex_Male1_Female2	Female	-0.166694453575501	0.244731093619089	156	53	0.496816867925554	0.84225866956343
d__Bacteria.p__Bacillota_A.c__Clostridia.o__Lachnospirales.f__Lachnospiraceae.g__Anaerobutyricum.s__Anaerobutyricum.hallii	Sex_Male1_Female2	Female	-0.206292470194336	0.281608675181102	156	123	0.46495360971532	0.84225866956343
d__Bacteria.p__Bacillota_A.c__Clostridia.o__Lachnospirales.f__Lachnospiraceae.g__Blautia.s__Blautia.stercoris	Sex_Male1_Female2	Female	-0.155132411223273	0.227114155364691	156	37	0.495602451615868	0.84225866956343
d__Bacteria.p__Bacillota_A.c__Clostridia.o__Lachnospirales.f__Lachnospiraceae.g__Blautia_A.s__Blautia_A.caecimuris	Sex_Male1_Female2	Female	0.178064231072188	0.251752730628967	156	37	0.480457168617233	0.84225866956343
d__Bacteria.p__Bacillota_A.c__Clostridia.o__Lachnospirales.f__Lachnospiraceae.g__Blautia_A.s__Blautia_A.sp900066335	Sex_Male1_Female2	Female	-0.169765989610829	0.234564999412891	156	33	0.470325472663276	0.84225866956343
d__Bacteria.p__Bacillota_A.c__Clostridia.o__Lachnospirales.f__Lachnospiraceae.g__Butyribacter.s__Butyribacter.sp003529475	Sex_Male1_Female2	Female	-0.180566905714907	0.263401595947762	156	74	0.494053579191606	0.84225866956343
d__Bacteria.p__Bacillota_A.c__Clostridia.o__Lachnospirales.f__Lachnospiraceae.g__CAJJNI01.s__CAJJNI01.sp905193085	Sex_Male1_Female2	Female	-0.062842598604392	0.0853793987010101	156	18	0.462833686951941	0.84225866956343
d__Bacteria.p__Bacillota_A.c__Clostridia.o__Lachnospirales.f__Lachnospiraceae.g__Choladousia.s__Choladousia.sp902363665	Group	PD	0.15952480525007	0.219706375483007	156	65	0.468897875653548	0.84225866956343
d__Bacteria.p__Bacillota_A.c__Clostridia.o__Lachnospirales.f__Lachnospiraceae.g__Choladousia.s__Choladousia.sp902363665	Sex_Male1_Female2	Female	0.143209216844346	0.207216412944064	156	65	0.490544024794716	0.84225866956343
d__Bacteria.p__Bacillota_A.c__Clostridia.o__Lachnospirales.f__Lachnospiraceae.g__Dorea.s__Dorea.formicigenerans	Group	PD	-0.143287714493246	0.208544960416427	156	120	0.49307049936242	0.84225866956343
d__Bacteria.p__Bacillota_A.c__Clostridia.o__Lachnospirales.f__Lachnospiraceae.g__Eubacterium_G.s__Eubacterium_G.segne	Group	PD	-0.0849959357427266	0.117942207004382	156	30	0.472219901503979	0.84225866956343
d__Bacteria.p__Bacillota_A.c__Clostridia.o__Lachnospirales.f__Lachnospiraceae.g__Eubacterium_I.s__Eubacterium_I.ramulus	Sex_Male1_Female2	Female	-0.145377430608475	0.207314725127497	156	80	0.484218283409882	0.84225866956343
d__Bacteria.p__Bacillota_A.c__Clostridia.o__Lachnospirales.f__Lachnospiraceae.g__Hominisplanchenecus.s__Hominisplanchenecus.faecis	Sex_Male1_Female2	Female	-0.18002474330827	0.259106843405319	156	70	0.488240923393817	0.84225866956343
d__Bacteria.p__Bacillota_A.c__Clostridia.o__Lachnospirales.f__Lachnospiraceae.g__JAGTTR01.s__JAGTTR01.sp018223385	Sex_Male1_Female2	Female	0.05119209520956	0.0744242217076623	156	16	0.492593839284721	0.84225866956343
d__Bacteria.p__Bacillota_A.c__Clostridia.o__Lachnospirales.f__Lachnospiraceae.g__Lachnospira.s__Lachnospira.pectinoschiza_A	Sex_Male1_Female2	Female	-0.194763875890724	0.259609885011245	156	63	0.454275856370007	0.84225866956343
d__Bacteria.p__Bacillota_A.c__Clostridia.o__Lachnospirales.f__Lachnospiraceae.g__Limivivens.s__Limivivens.faecihominis	Sex_Male1_Female2	Female	0.122577417099484	0.16477591537964	156	81	0.45807563724735	0.84225866956343
d__Bacteria.p__Bacillota_A.c__Clostridia.o__Lachnospirales.f__Lachnospiraceae.g__Otoolea.s__Otoolea.symbiosa	Sex_Male1_Female2	Female	0.0669116110251617	0.0947056458022841	156	17	0.480938203872914	0.84225866956343
d__Bacteria.p__Bacillota_A.c__Clostridia.o__Lachnospirales.f__Lachnospiraceae.g__Schaedlerella.s__Schaedlerella.hominis	Group	PD	-0.0626607316339075	0.0926442958914759	156	18	0.499834405331671	0.84225866956343
d__Bacteria.p__Bacillota_A.c__Clostridia.o__Lachnospirales.f__Lachnospiraceae.g__UBA4285.s__UBA4285.sp900545225	Sex_Male1_Female2	Female	-0.0845456122884546	0.122456028684855	156	24	0.490978584924629	0.84225866956343
d__Bacteria.p__Bacillota_A.c__Clostridia.o__Oscillospirales.f__Acutalibacteraceae.g__Acutalibacter.s__Acutalibacter.ornithocaccae	Sex_Male1_Female2	Female	-0.172765373975126	0.23400472870652	156	54	0.461463949599172	0.84225866956343
d__Bacteria.p__Bacillota_A.c__Clostridia.o__Oscillospirales.f__Acutalibacteraceae.g__Acutalibacter.s__Acutalibacter.timonensis	Group	PD	0.190224056360732	0.250579292153802	156	66	0.448938469101371	0.84225866956343
d__Bacteria.p__Bacillota_A.c__Clostridia.o__Oscillospirales.f__Acutalibacteraceae.g__CAG.217.s__	Group	PD	-0.201828081798568	0.30109443170405	156	48	0.503667583407321	0.84225866956343
d__Bacteria.p__Bacillota_A.c__Clostridia.o__Oscillospirales.f__Acutalibacteraceae.g__Hominenteromicrobium.s__Hominenteromicrobium.mulieris	Group	PD	-0.229123881012064	0.31450652871144	156	122	0.467409728465864	0.84225866956343
d__Bacteria.p__Bacillota_A.c__Clostridia.o__Oscillospirales.f__Oscillospiraceae.g__CAG.170.s__CAG.170.sp900545925	Sex_Male1_Female2	Female	-0.0984773135955578	0.134627020102793	156	29	0.465603323633758	0.84225866956343
d__Bacteria.p__Bacillota_A.c__Clostridia.o__Oscillospirales.f__Oscillospiraceae.g__Faecousia.s__Faecousia.sp003525905	Group	PD	0.186572590907093	0.274457974294854	156	94	0.497667423512603	0.84225866956343
d__Bacteria.p__Bacillota_A.c__Clostridia.o__Oscillospirales.f__Oscillospiraceae.g__Hominicoprocola.s__Hominicoprocola.sp003522105	Sex_Male1_Female2	Female	-0.0982428172437529	0.130614550225658	156	17	0.453111446536841	0.84225866956343
d__Bacteria.p__Bacillota_A.c__Clostridia.o__Oscillospirales.f__Oscillospiraceae.g__Hominicoprocola.s__Hominicoprocola.sp900317525	Sex_Male1_Female2	Female	-0.161089738376852	0.221067257586594	156	69	0.4673045475857	0.84225866956343
d__Bacteria.p__Bacillota_A.c__Clostridia.o__Oscillospirales.f__Oscillospiraceae.g__Intestinimonas.s__Intestinimonas.massiliensis	Sex_Male1_Female2	Female	0.0923728623346688	0.13117957605354	156	31	0.482396631402106	0.84225866956343
d__Bacteria.p__Bacillota_A.c__Clostridia.o__Oscillospirales.f__Oscillospiraceae.g__Pseudoscilispira.s__Pseudoscilispira.sp018369915	Group	PD	-0.0540525553513089	0.0753178367482272	156	16	0.474061619184597	0.84225866956343
d__Bacteria.p__Bacillota_A.c__Clostridia.o__Oscillospirales.f__Ruminococcaceae.g__CAG.115.s__CAG.115.sp003531585	Sex_Male1_Female2	Female	0.0894926392084211	0.123006155771086	156	23	0.468003396862305	0.84225866956343
d__Bacteria.p__Bacillota_A.c__Clostridia.o__Oscillospirales.f__UBA644.g__UBA644.s__UBA644.sp900547165	Sex_Male1_Female2	Female	0.0749484830302222	0.100800042613156	156	17	0.458297361377666	0.84225866956343
d__Bacteria.p__Bacillota_A.c__Clostridia.o__Peptostreptococcales.f__Anaerovoracaceae.g__UMGS973.s__UMGS973.sp900547295	Group	PD	0.0926590054011133	0.131520562381851	156	25	0.482179348789484	0.84225866956343
d__Bacteria.p__Bacillota_C.c__Negativicutes.o__Veillonellales.f__Dialisteraceae.g__Dialister.s__Dialister.invisus	Group	PD	0.212892727580613	0.317047404573647	156	47	0.502923881423645	0.84225866956343
d__Bacteria.p__Bacillota_G.c__DTU025.o__DTUO25.f__HGM14224.g__HGM14224.s__HGM14224.sp900761905	Group	PD	0.0666215726862897	0.0992020096047336	156	21	0.50286713733226	0.84225866956343
d__Bacteria.p__Bacillota_I.c__Bacilli_A.o__Erysipelotrichales.f__Coprobacillaceae.g__Faecalibacillus.s__Faecalibacillus.faecis	Sex_Male1_Female2	Female	0.109447704273403	0.150174636303115	156	32	0.467236357365153	0.84225866956343
d__Bacteria.p__Bacteroidota.c__Bacteroidia.o__Bacteroidales.f__Bacteroidaceae.g__Paraprevotella.s__Paraprevotella.clara	Group	PD	-0.10272881306266	0.136323986045381	156	19	0.4522692939934	0.84225866956343
d__Bacteria.p__Bacteroidota.c__Bacteroidia.o__Bacteroidales.f__Bacteroidaceae.g__Phocaeicola.s__Phocaeicola.vulgatus	Sex_Male1_Female2	Female	0.225953866035939	0.312254390311598	156	122	0.470403276725332	0.84225866956343
d__Bacteria.p__Bacteroidota.c__Bacteroidia.o__Bacteroidales.f__Coprobacteraceae.g__Coprobacter.s__Coprobacter.fastidiosus	Sex_Male1_Female2	Female	-0.0850815499825677	0.119562705847854	156	19	0.477792303625793	0.84225866956343
d__Bacteria.p__Bacteroidota.c__Bacteroidia.o__Bacteroidales.f__Rikenellaceae.g__Alistipes.s__Alistipes.dispar	Group	PD	-0.125178591229337	0.181293151181901	156	23	0.490940952239387	0.84225866956343
d__Bacteria.p__Bacteroidota.c__Bacteroidia.o__Bacteroidales.f__Tannerellaceae.g__Parabacteroides.s__Parabacteroides.segnis	Sex_Male1_Female2	Female	0.0934826965093048	0.129383850700753	156	26	0.471076462279287	0.84225866956343
d__Bacteria.p__Pseudomonadota.c__Gammaproteobacteria.o__Burkholderiales.f__Burkholderiaceae.g__Sutterella.s__Sutterella.wadsworthensis_A	Sex_Male1_Female2	Female	-0.0837496338457091	0.124034478177414	156	20	0.500559896675486	0.84225866956343
d__Bacteria.p__Synergistota.c__Synergistia.o__Synergistales.f__Synergistaceae.g__Cloacibacillus.s__Cloacibacillus.evryensis	Group	PD	0.0995321575450418	0.146453896364907	156	16	0.497775656095017	0.84225866956343
d__Bacteria.p__Bacillota_A.c__Clostridia.o__Lachnospirales.f__CAG.274.g__CAG.274.s__CAG.274.sp900545305	Group	PD	-0.0685429355167807	0.102859982940266	156	17	0.50617738956625	0.842872639686009
d__Bacteria.p__Bacillota_A.c__Clostridia.o__Lachnospirales.f__Lachnospiraceae.g__Anaerobutyricum.s__Anaerobutyricum.soehngenii	Sex_Male1_Female2	Female	0.2069186465441	0.319076642710937	156	106	0.517638902531477	0.842872639686009
d__Bacteria.p__Bacillota_A.c__Clostridia.o__Lachnospirales.f__Lachnospiraceae.g__Brotaphodocola.s__	Sex_Male1_Female2	Female	0.0873135912192126	0.133517493810754	156	19	0.51412655281977	0.842872639686009
d__Bacteria.p__Bacillota_A.c__Clostridia.o__Lachnospirales.f__Lachnospiraceae.g__Enterocloster.s__Enterocloster.sp000431375	Sex_Male1_Female2	Female	0.132584835058155	0.206672607571329	156	69	0.522144076355603	0.842872639686009
d__Bacteria.p__Bacillota_A.c__Clostridia.o__Lachnospirales.f__Lachnospiraceae.g__V9D3004.s__V9D3004.sp900760345	Sex_Male1_Female2	Female	-0.106837838744264	0.164632041085819	156	35	0.517344097293033	0.842872639686009
d__Bacteria.p__Bacillota_A.c__Clostridia.o__Oscillospirales.f__Acutalibacteraceae.g__UMGS1071.s__UMGS1071.sp900542375	Group	PD	0.127636256797791	0.192237757975053	156	66	0.507721612218617	0.842872639686009
d__Bacteria.p__Bacillota_A.c__Clostridia.o__Oscillospirales.f__Acutalibacteraceae.g__UMGS1264.s__UMGS1264.sp904399395	Sex_Male1_Female2	Female	-0.0861548379240167	0.131270738602105	156	29	0.512607893581513	0.842872639686009
d__Bacteria.p__Bacillota_A.c__Clostridia.o__Oscillospirales.f__Oscillospiraceae.g__Lawsonibacter.s__Lawsonibacter.sp900066825	Sex_Male1_Female2	Female	0.0675855045871925	0.103366445308217	156	17	0.514193984677384	0.842872639686009
d__Bacteria.p__Bacillota_A.c__Clostridia.o__Oscillospirales.f__Oscillospiraceae.g__Scatomorpha.s__Scatomorpha.intestinigallinarum	Group	PD	0.120023890049003	0.181764963928229	156	25	0.51003840879263	0.842872639686009
d__Bacteria.p__Bacillota_A.c__Clostridia.o__Oscillospirales.f__Oscillospiraceae.g__Vescimonas.s__Vescimonas.coprocola	Group	PD	-0.131559272365554	0.20601169307819	156	58	0.524037308705307	0.842872639686009
d__Bacteria.p__Bacillota_A.c__Clostridia.o__Oscillospirales.f__Ruminococcaceae.g__Faecalibacterium.s__Faecalibacterium.sp934514285	Sex_Male1_Female2	Female	-0.183026066069472	0.28660448178762	156	103	0.524036949651838	0.842872639686009
d__Bacteria.p__Bacillota_A.c__Clostridia.o__Oscillospirales.f__Ruminococcaceae.g__Negativibacillus.s__Negativibacillus.massiliensis	Sex_Male1_Female2	Female	0.0952454120870159	0.148585622978768	156	29	0.522472816362704	0.842872639686009
d__Bacteria.p__Bacillota_A.c__Clostridia.o__Oscillospirales.f__UBA644.g__UBA644.s__UBA644.sp900547165	Group	PD	0.0683953747887245	0.106875761897526	156	17	0.523160842119796	0.842872639686009
d__Bacteria.p__Bacteroidota.c__Bacteroidia.o__Bacteroidales.f__Bacteroidaceae.g__Bacteroides.s__Bacteroides.zhangwenhongii	Sex_Male1_Female2	Female	-0.0897635932978779	0.136483171975677	156	25	0.511725734684905	0.842872639686009
d__Bacteria.p__Bacteroidota.c__Bacteroidia.o__Bacteroidales.f__Marinifilaceae.g__Butyricimonas.s__Butyricimonas.paravirosa	Group	PD	0.0997761664664416	0.154310953739786	156	44	0.51886507335464	0.842872639686009
d__Bacteria.p__Bacteroidota.c__Bacteroidia.o__Bacteroidales.f__Rikenellaceae.g__Alistipes.s__Alistipes.communis	Group	PD	0.163033631608746	0.251568716002004	156	95	0.517912345400843	0.842872639686009
d__Bacteria.p__Bacteroidota.c__Bacteroidia.o__Bacteroidales.f__Rikenellaceae.g__Alistipes_A.s__Alistipes_A.ihumii	Sex_Male1_Female2	Female	0.10521295556915	0.160153934438147	156	54	0.512200724910613	0.842872639686009
d__Bacteria.p__Bacteroidota.c__Bacteroidia.o__Bacteroidales.f__Tannerellaceae.g__Parabacteroides.s__Parabacteroides.distasonis	Group	PD	0.172408685699914	0.266205553959139	156	126	0.518180388071762	0.842872639686009
d__Bacteria.p__Bacillota_A.c__Clostridia.o__Lachnospirales.f__Lachnospiraceae.g__Schaedlerella.s__Schaedlerella.hominis	Sex_Male1_Female2	Female	0.0550897643528344	0.0873776131082047	156	18	0.529321706788661	0.845448742890714
d__Bacteria.p__Bacillota_A.c__Clostridia.o__Oscillospirales.f__Acutalibacteraceae.g__CAG.217.s__	Sex_Male1_Female2	Female	0.178718385828294	0.28397768593643	156	48	0.530065376760016	0.845448742890714
d__Bacteria.p__Bacillota_A.c__Clostridia.o__Oscillospirales.f__Oscillospiraceae.g__Evtepia.s__Evtepia.sp004556345	Group	PD	-0.0770660881429915	0.122125001182386	156	20	0.528954177075415	0.845448742890714
d__Bacteria.p__Bacillota_A.c__Clostridia.o__Oscillospirales.f__Ruminococcaceae.g__Angelakisella.s__Angelakisella.sp900547385	Group	PD	0.109226067687227	0.173091519920665	156	44	0.528961971943512	0.845448742890714
d__Bacteria.p__Bacillota_A.c__Clostridia.o__Oscillospirales.f__Butyricicoccaceae.g__Agathobaculum.s__Agathobaculum.hominis	Sex_Male1_Female2	Female	-0.115081525591865	0.185029645363685	156	45	0.534892159475395	0.851370020498338
d__Bacteria.p__Bacillota_A.c__Clostridia.o__Oscillospirales.f__Acutalibacteraceae.g__UMGS1264.s__UMGS1264.sp904399395	Group	PD	0.0862750169369964	0.139183078094451	156	29	0.536267331784014	0.851784285827415
d__Bacteria.p__Bacillota_A.c__Clostridia.o__Christensenellales.f__Aristaeellaceae.g__Limiplasma.s__Limiplasma.sp900548145	Sex_Male1_Female2	Female	0.0762797341803836	0.123425850280901	156	19	0.537480532553805	0.851940097242961
d__Bacteria.p__Bacillota_A.c__Clostridia.o__Clostridiales.f__Clostridiaceae.g__Clostridium.s__Clostridium.sp000435835	Group	PD	-0.0742858346371236	0.121477029013474	156	25	0.541761847301117	0.856208884925016
d__Bacteria.p__Bacillota_A.c__Clostridia.o__Oscillospirales.f__Oscillospiraceae.g__CAG.170.s__CAG.170.sp000432135	Sex_Male1_Female2	Female	-0.143713515404803	0.236561313327324	156	73	0.544412689080914	0.856208884925016
d__Bacteria.p__Bacillota_I.c__Bacilli_A.o__Erysipelotrichales.f__Erysipelotrichaceae.g__Clostridium_AQ.s__Clostridium_AQ.innocuum	Sex_Male1_Female2	Female	-0.0998043388190084	0.164843261703325	156	36	0.54577712952681	0.856208884925016
d__Bacteria.p__Bacteroidota.c__Bacteroidia.o__Bacteroidales.f__Bacteroidaceae.g__Bacteroides.s__Bacteroides.uniformis	Group	PD	0.179396991101132	0.294090685388438	156	146	0.542762973254466	0.856208884925016
d__Bacteria.p__Verrucomicrobiota.c__Verrucomicrobiae.o__Verrucomicrobiales.f__Akkermansiaceae.g__Akkermansia.s__Akkermansia.biwaensis	Group	PD	-0.188835202166608	0.311088679167868	156	23	0.544741327552286	0.856208884925016
d__Bacteria.p__Bacillota_A.c__Clostridia.o__Oscillospirales.f__Oscillospiraceae.g__Hominicoprocola.s__Hominicoprocola.sp934835795	Sex_Male1_Female2	Female	-0.139936923872941	0.233377247265079	156	98	0.549648573565838	0.858755644589571
d__Bacteria.p__Bacillota_A.c__Clostridia.o__TANB77.f__CAG.508.g__CAG.273.s__CAG.273.sp000438355	Sex_Male1_Female2	Female	-0.0950436017797106	0.15838844989285	156	44	0.54934964066172	0.858755644589571
d__Bacteria.p__Bacillota_A.c__Clostridia.o__Christensenellales.f__Aristaeellaceae.g__Ventricola.s__Ventricola.sp900542445	Sex_Male1_Female2	Female	-0.129128931185951	0.216522644792039	156	88	0.551805343492414	0.86036588250654
d__Bacteria.p__Actinomycetota.c__Actinomycetes.o__Actinomycetales.f__Bifidobacteriaceae.g__Bifidobacterium.s__Bifidobacterium.dentium	Group	PD	0.0828487181170637	0.140160337878611	156	17	0.555325936194617	0.861777152555653
d__Bacteria.p__Bacillota_A.c__Clostridia.o__Christensenellales.f__UMGS416.g__Parachristensenella.s__Parachristensenella.sp900542005	Sex_Male1_Female2	Female	-0.0508958501180481	0.0869853668409615	156	17	0.559336903924259	0.861777152555653
d__Bacteria.p__Bacillota_A.c__Clostridia.o__Lachnospirales.f__Lachnospiraceae.g__Fusicatenibacter.s__Fusicatenibacter.saccharivorans	Sex_Male1_Female2	Female	0.164137456343572	0.281401143919573	156	141	0.560559322868246	0.861777152555653
d__Bacteria.p__Bacillota_A.c__Clostridia.o__Lachnospirales.f__Lachnospiraceae.g__Lachnoclostridium_B.s__Lachnoclostridium_B.acetigenes	Group	PD	-0.0660671383894482	0.112804209376955	156	19	0.558953672156174	0.861777152555653
d__Bacteria.p__Bacillota_A.c__Clostridia.o__Oscillospirales.f__Butyricicoccaceae.g__Agathobaculum.s__Agathobaculum.butyriciproducens	Sex_Male1_Female2	Female	-0.125723842063421	0.212214406566813	156	113	0.554431989444875	0.861777152555653
d__Bacteria.p__Bacillota_A.c__Clostridia.o__Oscillospirales.f__Ruminococcaceae.g__Harryflintia.s__Harryflintia.acetispora	Sex_Male1_Female2	Female	-0.0486339444550482	0.0828531841737025	156	19	0.558075960572439	0.861777152555653
d__Bacteria.p__Bacillota_A.c__Clostridia.o__TANB77.f__CAG.508.g__CAG.245.s__CAG.245.sp000435175	Sex_Male1_Female2	Female	0.0892794819337855	0.153081239175445	156	31	0.560606341387643	0.861777152555653
d__Bacteria.p__Bacillota_A.c__Clostridia.o__Lachnospirales.f__Lachnospiraceae.g__Lachnospira.s__Lachnospira.eligens	Sex_Male1_Female2	Female	-0.148478170685569	0.257084967139517	156	95	0.564420206621856	0.865897666383731
d__Bacteria.p__Bacillota_A.c__Clostridia.o__Lachnospirales.f__Lachnospiraceae.g__JAGZHZ01.s__JAGZHZ01.sp018366495	Group	PD	-0.0744926926850497	0.129452378333667	156	17	0.565835887159088	0.866329895369827
d__Bacteria.p__Bacillota_A.c__Clostridia.o__Lachnospirales.f__Lachnospiraceae.g__Brotaphodocola.s__	Group	PD	0.0803031558613005	0.141565256400101	156	19	0.571374414603866	0.86854926424562
d__Bacteria.p__Bacillota_A.c__Clostridia.o__Lachnospirales.f__Lachnospiraceae.g__Eubacterium_F.s__Eubacterium_F.sp003491505	Sex_Male1_Female2	Female	-0.138684175933981	0.244776171913394	156	91	0.57183282711459	0.86854926424562
d__Bacteria.p__Bacillota_A.c__Clostridia.o__Oscillospirales.f__Oscillospiraceae.g__Vescimonas.s__Vescimonas.sp900545585	Sex_Male1_Female2	Female	0.0640538519709011	0.112472412870863	156	18	0.569847158730041	0.86854926424562
d__Bacteria.p__Bacteroidota.c__Bacteroidia.o__Bacteroidales.f__Bacteroidaceae.g__Bacteroides.s__Bacteroides.ovatus	Group	PD	0.156518139776827	0.275757869671134	156	104	0.571143521467595	0.86854926424562
d__Bacteria.p__Actinomycetota.c__Coriobacteriia.o__Coriobacteriales.f__UMGS124.g__JAHZGC01.s__JAHZGC01.sp019421015	Group	PD	0.0617963647889863	0.110514109107772	156	22	0.576862103975921	0.869552614226758
d__Bacteria.p__Bacillota_A.c__Clostridia.o__Christensenellales.f__CAG.138.g__SFEL01.s__SFEL01.sp004557245	Group	PD	0.129272271417296	0.232075787123195	156	53	0.578323521757981	0.869552614226758
d__Bacteria.p__Bacillota_A.c__Clostridia.o__Lachnospirales.f__Lachnospiraceae.g__Anaerostipes.s__Anaerostipes.amylophilus	Group	PD	-0.146597167454496	0.262210545881238	156	44	0.576923255680869	0.869552614226758
d__Bacteria.p__Bacillota_A.c__Clostridia.o__Oscillospirales.f__Ruminococcaceae.g__Negativibacillus.s__Negativibacillus.sp000435195	Group	PD	-0.116482284992725	0.208695593436654	156	53	0.577561584876627	0.869552614226758
d__Bacteria.p__Bacteroidota.c__Bacteroidia.o__Bacteroidales.f__Rikenellaceae.g__Alistipes.s__Alistipes.putredinis	Group	PD	-0.205322710894613	0.369577179044814	156	121	0.579322356860497	0.869552614226758
d__Bacteria.p__Bacteroidota.c__Bacteroidia.o__Bacteroidales.f__Tannerellaceae.g__Parabacteroides.s__Parabacteroides.distasonis	Sex_Male1_Female2	Female	-0.141328411370921	0.25107218612082	156	126	0.574327230890113	0.869552614226758
d__Bacteria.p__Bacillota_A.c__Clostridia.o__Lachnospirales.f__Lachnospiraceae.g__Roseburia_C.s__Roseburia_C.amylophila	Group	PD	-0.144996538874265	0.263971262360928	156	53	0.583607867011519	0.874267471366275
d__Bacteria.p__Bacillota_A.c__Clostridia.o__Lachnospirales.f__Lachnospiraceae.g__Butyribacter.s__Butyribacter.sp000436755	Group	PD	0.0574627009268253	0.105326077661313	156	20	0.586156372571276	0.875394943990852
d__Bacteria.p__Bacillota_A.c__Clostridia.o__Oscillospirales.f__Acutalibacteraceae.g__Pseudoruminococcus.s__Pseudoruminococcus.massiliensis	Sex_Male1_Female2	Female	0.131144743355726	0.240700172013815	156	25	0.586652109061932	0.875394943990852
d__Bacteria.p__Bacillota_A.c__Clostridia.o__Peptostreptococcales.f__Anaerovoracaceae.g__Lentihominibacter.s__Lentihominibacter.excrementipullorum	Sex_Male1_Female2	Female	0.0670574644584337	0.124744798259243	156	31	0.591663782450598	0.881152299789974
d__Bacteria.p__Bacillota_A.c__Clostridia.o__Clostridiales.f__Clostridiaceae.g__Clostridium.s__Clostridium.sp900540255	Sex_Male1_Female2	Female	-0.0698007316412037	0.130764861942154	156	24	0.594262781501479	0.883301099352393
d__Bacteria.p__Bacillota_A.c__Clostridia.o__Oscillospirales.f__CAG.382.g__Woodwardibium.s__Woodwardibium.gallinarum	Group	PD	-0.0530287579561707	0.100341767052256	156	20	0.597931000826642	0.885149908807727
d__Bacteria.p__Bacillota_A.c__Clostridia.o__TANB77.f__CAG.508.g__CAG.269.s__CAG.269.sp000437215	Group	PD	-0.0584105984141528	0.110669392684387	156	16	0.59840718957195	0.885149908807727
d__Bacteria.p__Bacteroidota.c__Bacteroidia.o__Bacteroidales.f__Rikenellaceae.g__Alistipes.s__Alistipes.dispar	Sex_Male1_Female2	Female	-0.0901038187634802	0.170986920141263	156	23	0.598982333578004	0.885149908807727
d__Bacteria.p__Bacillota_A.c__Clostridia.o__Oscillospirales.f__Ruminococcaceae.g__Faecalibacterium.s__Faecalibacterium.prausnitzii_D	Sex_Male1_Female2	Female	-0.140173567048482	0.267277583896155	156	116	0.600725007458609	0.886011400962118
d__Bacteria.p__Bacillota_A.c__Clostridia.o__Christensenellales.f__Aristaeellaceae.g__Ventricola.s__Ventricola.sp900542395	Group	PD	-0.109588970204329	0.21399351799789	156	47	0.609310002426662	0.887197033364115
d__Bacteria.p__Bacillota_A.c__Clostridia.o__Lachnospirales.f__Lachnospiraceae.g__Coprococcus.s__Coprococcus.ammoniilyticus	Sex_Male1_Female2	Female	0.111679932392537	0.215754575135858	156	16	0.60546763350687	0.887197033364115
d__Bacteria.p__Bacillota_A.c__Clostridia.o__Lachnospirales.f__Lachnospiraceae.g__Dorea_A.s__Dorea_A.amylophila	Sex_Male1_Female2	Female	0.121065656481963	0.236634008450436	156	75	0.609657647272461	0.887197033364115
d__Bacteria.p__Bacillota_A.c__Clostridia.o__Lachnospirales.f__Lachnospiraceae.g__Eubacterium_I.s__Eubacterium_I.ramulus_A	Sex_Male1_Female2	Female	0.0622762441175811	0.120494245801136	156	23	0.60601415974635	0.887197033364115
d__Bacteria.p__Bacillota_I.c__Bacilli_A.o__Erysipelotrichales.f__Coprobacillaceae.g__Thomasclavelia.s__Thomasclavelia.spiroformis	Sex_Male1_Female2	Female	-0.0606340666181189	0.118408614579583	156	22	0.609337030016234	0.887197033364115
d__Bacteria.p__Bacteroidota.c__Bacteroidia.o__Bacteroidales.f__Coprobacteraceae.g__Coprobacter.s__Coprobacter.fastidiosus	Group	PD	-0.0653083307788773	0.126769344047394	156	19	0.607174621232177	0.887197033364115
d__Bacteria.p__Desulfobacterota.c__Desulfovibrionia.o__Desulfovibrionales.f__Desulfovibrionaceae.g__Bilophila.s__Bilophila.wadsworthia	Sex_Male1_Female2	Female	-0.0957059106668535	0.185222791617632	156	99	0.606106790166254	0.887197033364115
d__Bacteria.p__Bacillota.c__Bacilli.o__Lactobacillales.f__Streptococcaceae.g__Streptococcus.s__Streptococcus.sp902463925	Sex_Male1_Female2	Female	0.102615100449183	0.201314475417551	156	24	0.610978320073651	0.887428586570854
d__Bacteria.p__Bacteroidota.c__Bacteroidia.o__Bacteroidales.f__Bacteroidaceae.g__Bacteroides.s__Bacteroides.salyersiae	Sex_Male1_Female2	Female	-0.0566791831664159	0.112511375250389	156	22	0.615151790921889	0.891795006194162
d__Bacteria.p__Bacillota_A.c__Clostridia.o__Lachnospirales.f__Lachnospiraceae.g__UBA3402.s__UBA3402.sp003478355	Sex_Male1_Female2	Female	-0.0650836878517739	0.130619467812689	156	32	0.619009651127824	0.892308251814449
d__Bacteria.p__Bacillota_A.c__Clostridia.o__Oscillospirales.f__Oscillospiraceae.g__Evtepia.s__Evtepia.sp004556345	Sex_Male1_Female2	Female	-0.0574623465099546	0.115182386583774	156	20	0.618579471009875	0.892308251814449
d__Bacteria.p__Bacillota_C.c__Negativicutes.o__Acidaminococcales.f__Acidaminococcaceae.g__Phascolarctobacterium.s__Phascolarctobacterium.faecium	Sex_Male1_Female2	Female	0.143851147850432	0.287924775780708	156	72	0.618064864101172	0.892308251814449
d__Bacteria.p__Bacillota_A.c__Clostridia.o__Lachnospirales.f__Lachnospiraceae.g__Blautia_A.s__Blautia_A.wexlerae_B	Sex_Male1_Female2	Female	-0.143882105947796	0.291734190774553	156	148	0.622581316749783	0.894082943603072
d__Bacteria.p__Bacillota_A.c__Clostridia.o__Oscillospirales.f__Oscillospiraceae.g__HGM13006.s__HGM13006.sp900756575	Sex_Male1_Female2	Female	-0.0521853133458176	0.105606492944437	156	24	0.621909860445327	0.894082943603072
d__Bacteria.p__Actinomycetota.c__Coriobacteriia.o__Coriobacteriales.f__QAMH01.g__QAMH01.s__QAMH01.sp900544245	Group	PD	-0.105986252737717	0.216799811875055	156	42	0.625635953857807	0.895104623122406
d__Bacteria.p__Bacillota_A.c__Clostridia.o__Christensenellales.f__Aristaeellaceae.g__RUG11247.s__RUG11247.sp902767315	Group	PD	0.0397465773810323	0.0812673883725891	156	19	0.625482627745126	0.895104623122406
d__Bacteria.p__Bacillota_A.c__Clostridia.o__Lachnospirales.f__Lachnospiraceae.g__Blautia_A.s__Blautia_A.sp000436615	Group	PD	-0.124397837396076	0.256111648858826	156	43	0.627862534583283	0.896582054438097
d__Bacteria.p__Bacillota_A.c__Clostridia.o__Oscillospirales.f__Ruminococcaceae.g__Gemmiger.s__Gemmiger.formicilis	Sex_Male1_Female2	Female	0.158133368520895	0.327484495365792	156	107	0.629876229778932	0.896582054438097
d__Bacteria.p__Bacteroidota.c__Bacteroidia.o__Bacteroidales.f__Bacteroidaceae.g__Bacteroides.s__Bacteroides.eggerthii	Group	PD	0.126169737377447	0.261529034169674	156	29	0.630189218891699	0.896582054438097
d__Bacteria.p__Bacteroidota.c__Bacteroidia.o__Bacteroidales.f__Bacteroidaceae.g__Bacteroides.s__Bacteroides.caccae	Sex_Male1_Female2	Female	0.13840323449328	0.287937289437434	156	90	0.631436628606095	0.896686959581889
d__Bacteria.p__Bacillota_A.c__Clostridia.o__Oscillospirales.f__Acutalibacteraceae.g__Fimivicinus.s__Fimivicinus.sp900544375	Group	PD	0.111837254863876	0.233495614041935	156	27	0.63264421934308	0.896735034467743
d__Bacteria.p__Bacillota_A.c__Clostridia.o__Lachnospirales.f__Lachnospiraceae.g__Gallintestinimicrobium.s__Gallintestinimicrobium.propionicum	Sex_Male1_Female2	Female	0.0871446220660703	0.185444955533785	156	82	0.639080001255661	0.90417985362838
d__Bacteria.p__Bacillota_A.c__Clostridia.o__Lachnospirales.f__Lachnospiraceae.g__Scatomonas.s__Scatomonas.merdavium	Sex_Male1_Female2	Female	-0.0478790325456796	0.103358036951964	156	20	0.643854377414484	0.904527329913476
d__Bacteria.p__Bacillota_A.c__Clostridia.o__Oscillospirales.f__Oscillospiraceae.g__Vescimonas.s__Vescimonas.sp000435975	Sex_Male1_Female2	Female	-0.0938497565399654	0.201789798858979	156	30	0.642530604228119	0.904527329913476
d__Bacteria.p__Bacillota_A.c__Clostridia.o__Oscillospirales.f__Ruminococcaceae.g__Ruminococcus_C.s__Ruminococcus_C.sp000980705	Sex_Male1_Female2	Female	-0.0743290659777344	0.160556899844858	156	18	0.644061344859858	0.904527329913476
d__Bacteria.p__Desulfobacterota.c__Desulfovibrionia.o__Desulfovibrionales.f__Desulfovibrionaceae.g__Bilophila.s__Bilophila.wadsworthia	Group	PD	0.0916779356658237	0.196387089347692	156	99	0.641290854624473	0.904527329913476
d__Bacteria.p__Bacillota_A.c__Clostridia.o__Oscillospirales.f__Oscillospiraceae.g__Evtepia.s__Evtepia.excrementipullorum	Group	PD	-0.103816863901334	0.228444979061593	156	37	0.650148916465388	0.909120158509452
d__Bacteria.p__Bacillota_A.c__Clostridia.o__Oscillospirales.f__Oscillospiraceae.g__Vescimonas.s__Vescimonas.cirricatena	Sex_Male1_Female2	Female	0.10421505561622	0.23206995466647	156	42	0.654018455015913	0.909120158509452
d__Bacteria.p__Bacillota_A.c__Clostridia.o__Oscillospirales.f__Ruminococcaceae.g__Anaerotruncus.s__Anaerotruncus.massiliensis	Group	PD	0.0604980754873966	0.134620253951923	156	23	0.653780522608093	0.909120158509452
d__Bacteria.p__Bacteroidota.c__Bacteroidia.o__Bacteroidales.f__Bacteroidaceae.g__Bacteroides.s__Bacteroides.clarus	Sex_Male1_Female2	Female	0.0812003578793065	0.179440978235805	156	24	0.651536488496033	0.909120158509452
d__Bacteria.p__Bacteroidota.c__Bacteroidia.o__Bacteroidales.f__Bacteroidaceae.g__Phocaeicola.s__Phocaeicola.dorei	Group	PD	-0.178753309047012	0.400086975006055	156	84	0.655661266150141	0.909120158509452
d__Bacteria.p__Desulfobacterota.c__Desulfovibrionia.o__Desulfovibrionales.f__Desulfovibrionaceae.g__Mailhella.s__Mailhella.merdigallinarum	Sex_Male1_Female2	Female	-0.0343974736010157	0.0763914612630286	156	17	0.653146629205853	0.909120158509452
d__Bacteria.p__Verrucomicrobiota.c__Verrucomicrobiae.o__Verrucomicrobiales.f__Akkermansiaceae.g__Akkermansia.s__Akkermansia.muciniphila	Sex_Male1_Female2	Female	-0.187512053489964	0.419169596958238	156	56	0.655261005476954	0.909120158509452
d__Bacteria.p__Bacillota_A.c__Clostridia.o__Christensenellales.f__Aristaeellaceae.g__Faecivicinus.s__Faecivicinus.sp900553265	Group	PD	-0.0429342451865835	0.0970707709289446	156	19	0.658897896095638	0.910886872652384
d__Bacteria.p__Bacteroidota.c__Bacteroidia.o__Bacteroidales.f__Rikenellaceae.g__Alistipes.s__Alistipes.senegalensis	Group	PD	0.062055370740331	0.14048771765757	156	30	0.659319948398911	0.910886872652384
d__Bacteria.p__Bacteroidota.c__Bacteroidia.o__Bacteroidales.f__Bacteroidaceae.g__Bacteroides.s__Bacteroides.cellulosilyticus	Group	PD	-0.140877156220692	0.322158881372056	156	77	0.662516982720892	0.912127177588132
d__Bacteria.p__Bacteroidota.c__Bacteroidia.o__Bacteroidales.f__Rikenellaceae.g__Alistipes_A.s__Alistipes_A.hominis	Sex_Male1_Female2	Female	-0.0593803945605008	0.135829497200831	156	38	0.662605475865724	0.912127177588132
d__Bacteria.p__Bacillota_A.c__Clostridia.o__Oscillospirales.f__Ruminococcaceae.g__Ruminiclostridium_E.s__Ruminiclostridium_E.siraeum	Group	PD	-0.145152771654683	0.333414307942369	156	78	0.66392006487681	0.912293038787558
d__Bacteria.p__Bacteroidota.c__Bacteroidia.o__Bacteroidales.f__Bacteroidaceae.g__Phocaeicola.s__Phocaeicola.massiliensis	Sex_Male1_Female2	Female	-0.0983437782686565	0.227853217820479	156	35	0.666632304058106	0.914375368582394
d__Bacteria.p__Bacillota_A.c__Clostridia.o__Christensenellales.f__Aristaeellaceae.g__Alectryocaccomicrobium.s__Alectryocaccomicrobium.faecavium	Group	PD	-0.0557326182107714	0.130321717335267	156	25	0.669504269992265	0.915531540976925
d__Bacteria.p__Bacillota_A.c__Clostridia.o__Christensenellales.f__Aristaeellaceae.g__Pullichristensenella.s__Pullichristensenella.stercorigallinarum	Group	PD	0.0522412789959235	0.122302470496527	156	25	0.669871899746206	0.915531540976925
d__Bacteria.p__Bacillota_A.c__Clostridia.o__Clostridiales.f__Clostridiaceae.g__Clostridium.s__Clostridium.saudiense	Group	PD	0.0624763654113492	0.1509265162952	156	33	0.679488809203917	0.917189841398927
d__Bacteria.p__Bacillota_A.c__Clostridia.o__Lachnospirales.f__Anaerotignaceae.g__Anaerotignum.s__Anaerotignum.faecicola	Sex_Male1_Female2	Female	0.0715349455895254	0.172509877079884	156	49	0.678963164676771	0.917189841398927
d__Bacteria.p__Bacillota_A.c__Clostridia.o__Lachnospirales.f__Lachnospiraceae.g__Blautia_A.s__Blautia_A.intestinalis	Group	PD	0.10790857992693	0.260315840177352	156	88	0.679067020948435	0.917189841398927
d__Bacteria.p__Bacillota_A.c__Clostridia.o__Lachnospirales.f__Lachnospiraceae.g__Blautia_A.s__Blautia_A.sp000436615	Sex_Male1_Female2	Female	-0.101568132489458	0.241552103679487	156	43	0.674723892889299	0.917189841398927
d__Bacteria.p__Bacillota_A.c__Clostridia.o__Lachnospirales.f__Lachnospiraceae.g__Limivivens.s__Limivivens.sp934393555	Sex_Male1_Female2	Female	-0.0555458695275421	0.133486917447821	156	36	0.677909170531602	0.917189841398927
d__Bacteria.p__Bacillota_A.c__Clostridia.o__TANB77.f__CAG.508.g__CAG.245.s__CAG.245.sp000435175	Group	PD	-0.0684170379362477	0.162308205879247	156	31	0.673963059663202	0.917189841398927
d__Bacteria.p__Bacillota_I.c__Bacilli_A.o__Erysipelotrichales.f__Erysipelotrichaceae.g__Holdemanella.s__Holdemanella.porci	Group	PD	0.0771990038734202	0.182971131761535	156	19	0.673676355807548	0.917189841398927
d__Bacteria.p__Bacillota_A.c__Clostridia.o__Lachnospirales.f__Lachnospiraceae.g__Agathobacter.s__Agathobacter.sp000434275	Group	PD	-0.0587964738474283	0.143622476383461	156	18	0.682831800352636	0.918456858220799
d__Bacteria.p__Bacillota_A.c__Clostridia.o__Lachnospirales.f__Lachnospiraceae.g__Schaedlerella.s__Schaedlerella.glycyrrhizinilytica_A	Sex_Male1_Female2	Female	-0.0633965171261093	0.15464986901579	156	43	0.682426454043287	0.918456858220799
d__Bacteria.p__Actinomycetota.c__Actinomycetes.o__Actinomycetales.f__Bifidobacteriaceae.g__Bifidobacterium.s__Bifidobacterium.pseudocatenulatum	Sex_Male1_Female2	Female	-0.0908522269916631	0.227697126486046	156	30	0.690446081536233	0.919497459641809
d__Bacteria.p__Bacillota_A.c__Clostridia.o__Christensenellales.f__QAND01.g__UMGS1975.s__UMGS1975.sp959600905	Group	PD	-0.056119438220371	0.14032163787911	156	37	0.689762693729697	0.919497459641809
d__Bacteria.p__Bacillota_A.c__Clostridia.o__Lachnospirales.f__Lachnospiraceae.g__Pararoseburia.s__Pararoseburia.lenta	Sex_Male1_Female2	Female	-0.0454865872648672	0.114148171552569	156	19	0.690826625437694	0.919497459641809
d__Bacteria.p__Bacillota_A.c__Clostridia.o__Oscillospirales.f__Acutalibacteraceae.g__Eubacterium_R.s__Eubacterium_R.sp000434995	Sex_Male1_Female2	Female	-0.0666882091172077	0.164661507150473	156	26	0.68604187187067	0.919497459641809
d__Bacteria.p__Bacteroidota.c__Bacteroidia.o__Bacteroidales.f__Marinifilaceae.g__Butyricimonas.s__Butyricimonas.sp019423345	Sex_Male1_Female2	Female	0.0478203461403879	0.117636010085114	156	24	0.684935140025213	0.919497459641809
d__Bacteria.p__Pseudomonadota.c__Gammaproteobacteria.o__Burkholderiales.f__Burkholderiaceae.g__Sutterella.s__Sutterella.wadsworthensis_A	Group	PD	0.0525859248154322	0.131510652308425	156	20	0.689816895522876	0.919497459641809
d__Bacteria.p__Bacillota_A.c__Clostridia.o__Lachnospirales.f__Lachnospiraceae.g__Blautia_A.s__Blautia_A.sp900066205	Group	PD	0.112903524868991	0.293012099894424	156	47	0.700535251208838	0.922774020557849
d__Bacteria.p__Bacillota_A.c__Clostridia.o__Lachnospirales.f__Lachnospiraceae.g__Blautia_A.s__Blautia_A.sp900551715	Group	PD	-0.0411004345523248	0.104601436732922	156	22	0.694922390673899	0.922774020557849
d__Bacteria.p__Bacillota_A.c__Clostridia.o__Oscillospirales.f__CAG.382.g__Woodwardibium.s__Woodwardibium.sp900760275	Group	PD	-0.0420351793507278	0.10902476739377	156	25	0.700360876117158	0.922774020557849
d__Bacteria.p__Bacillota_A.c__Clostridia.o__Oscillospirales.f__UMGS1783.g__UMGS1783.s__UMGS1783.sp900555065	Group	PD	-0.0358905145793688	0.0926883843773187	156	17	0.699133684360637	0.922774020557849
d__Bacteria.p__Bacteroidota.c__Bacteroidia.o__Bacteroidales.f__Bacteroidaceae.g__Bacteroides.s__Bacteroides.thetaiotaomicron	Group	PD	-0.0976583588106353	0.252599307730432	156	99	0.699579356372571	0.922774020557849
d__Bacteria.p__Bacteroidota.c__Bacteroidia.o__Bacteroidales.f__Rikenellaceae.g__Alistipes.s__Alistipes.communis	Sex_Male1_Female2	Female	-0.0926280429543826	0.237267429423828	156	95	0.696787407236693	0.922774020557849
d__Bacteria.p__Bacillota_A.c__Clostridia.o__Lachnospirales.f__Lachnospiraceae.g__Acetatifactor.s__Acetatifactor.acetigignens	Sex_Male1_Female2	Female	0.0989515255427438	0.259020037574247	156	95	0.702974638830423	0.922805195990453
d__Bacteria.p__Bacillota_A.c__Clostridia.o__Peptostreptococcales.f__Anaerovoracaceae.g__UMGS973.s__UMGS973.sp900547295	Sex_Male1_Female2	Female	-0.0475638908145339	0.124043824878724	156	25	0.701922677357597	0.922805195990453
d__Bacteria.p__Bacillota_A.c__Clostridia.o__Lachnospirales.f__Lachnospiraceae.g__Dorea.s__Dorea.formicigenerans	Sex_Male1_Female2	Female	-0.0736990993819	0.196689506802211	156	120	0.708404173862014	0.925376549076584
d__Bacteria.p__Bacillota_A.c__Clostridia.o__Lachnospirales.f__Lachnospiraceae.g__V9D3004.s__V9D3004.sp900760345	Group	PD	-0.0653671199492956	0.174555231998436	156	35	0.708567122002358	0.925376549076584
d__Bacteria.p__Bacteroidota.c__Bacteroidia.o__Bacteroidales.f__Bacteroidaceae.g__Bacteroides.s__Bacteroides.fragilis	Sex_Male1_Female2	Female	0.105529121281341	0.279983270518057	156	76	0.706761065261317	0.925376549076584
d__Bacteria.p__Actinomycetota.c__Coriobacteriia.o__Coriobacteriales.f__QAMH01.g__QAMH01.s__QAMH01.sp900544245	Sex_Male1_Female2	Female	-0.0750303274782635	0.204475082914339	156	42	0.714169897768593	0.926935772867307
d__Bacteria.p__Bacillota.c__Bacilli.o__Lactobacillales.f__Streptococcaceae.g__Streptococcus.s__Streptococcus.mutans	Sex_Male1_Female2	Female	-0.061396033302282	0.17456027080305	156	26	0.725533497610798	0.926935772867307
d__Bacteria.p__Bacillota.c__Bacilli.o__Lactobacillales.f__Streptococcaceae.g__Streptococcus.s__Streptococcus.sp001556435	Sex_Male1_Female2	Female	0.0939956240897524	0.26513028831409	156	120	0.723432765335476	0.926935772867307
d__Bacteria.p__Bacillota_A.c__Clostridia.o__Christensenellales.f__Aristaeellaceae.g__Fimadaptatus.s__Fimadaptatus.sp900553645	Sex_Male1_Female2	Female	-0.035789492126052	0.10128987409617	156	20	0.724321944132146	0.926935772867307
d__Bacteria.p__Bacillota_A.c__Clostridia.o__Lachnospirales.f__Lachnospiraceae.g__CAG.194.s__CAG.194.sp000432915	Sex_Male1_Female2	Female	-0.0722377313827407	0.203096381979282	156	32	0.722568624652282	0.926935772867307
d__Bacteria.p__Bacillota_A.c__Clostridia.o__Oscillospirales.f__Oscillospiraceae.g__Onthomonas.s__Onthomonas.sp900545815	Group	PD	-0.0540074047608897	0.151414449094414	156	30	0.721818365709493	0.926935772867307
d__Bacteria.p__Bacillota_A.c__Clostridia.o__Oscillospirales.f__Oscillospiraceae.g__Onthomonas.s__Onthomonas.sp900545815	Sex_Male1_Female2	Female	-0.0503209935004623	0.142806775362205	156	30	0.725044816188098	0.926935772867307
d__Bacteria.p__Bacillota_A.c__Clostridia.o__Oscillospirales.f__Ruminococcaceae.g__Zongyangia.s__Zongyangia.gallinarum	Group	PD	0.0459120733426887	0.129911665214173	156	26	0.724267617268964	0.926935772867307
d__Bacteria.p__Bacillota_A.c__Clostridia.o__Peptostreptococcales.f__Peptostreptococcaceae.g__Romboutsia.s__Romboutsia.timonensis	Sex_Male1_Female2	Female	0.0814476811489269	0.224738019269741	156	87	0.717544531050801	0.926935772867307
d__Bacteria.p__Bacteroidota.c__Bacteroidia.o__Bacteroidales.f__Bacteroidaceae.g__Bacteroides.s__Bacteroides.sp900557355	Group	PD	-0.0720470637859009	0.203305670359567	156	24	0.723543535974606	0.926935772867307
d__Bacteria.p__Bacteroidota.c__Bacteroidia.o__Bacteroidales.f__Rikenellaceae.g__Alistipes_A.s__Alistipes_A.hominis	Group	PD	0.0507388883420926	0.144016615719188	156	38	0.725088558950847	0.926935772867307
d__Bacteria.p__Bacteroidota.c__Bacteroidia.o__Bacteroidales.f__Tannerellaceae.g__Parabacteroides.s__Parabacteroides.merdae	Sex_Male1_Female2	Female	-0.0783079479140593	0.211442799434125	156	84	0.711633546631811	0.926935772867307
d__Bacteria.p__Desulfobacterota.c__Desulfovibrionia.o__Desulfovibrionales.f__Desulfovibrionaceae.g__Mailhella.s__Mailhella.merdigallinarum	Group	PD	-0.0297145565461787	0.0809959541017685	156	17	0.714226827360722	0.926935772867307
d__Bacteria.p__Bacteroidota.c__Bacteroidia.o__Bacteroidales.f__Bacteroidaceae.g__Phocaeicola.s__Phocaeicola.massiliensis	Group	PD	-0.0837786714875286	0.241587063100986	156	35	0.729229649007558	0.930102590720825
d__Bacteria.p__Bacillota_A.c__Clostridia.o__Oscillospirales.f__Acutalibacteraceae.g__Fimivicinus.s__Fimivicinus.sp900544375	Sex_Male1_Female2	Female	0.0756549451865773	0.22022175493803	156	27	0.731664001934221	0.931361626903812
d__Bacteria.p__Bacteroidota.c__Bacteroidia.o__Bacteroidales.f__Marinifilaceae.g__Butyricimonas.s__Butyricimonas.sp019423345	Group	PD	0.0426839229275829	0.124726516760327	156	24	0.732654892368051	0.931361626903812
d__Bacteria.p__Bacillota_A.c__Clostridia.o__TANB77.f__CAG.508.g__CAG.273.s__CAG.273.sp003534295	Group	PD	0.0701472827855613	0.207308355000663	156	20	0.7355469714076	0.931936792960872
d__Bacteria.p__Desulfobacterota.c__Desulfovibrionia.o__Desulfovibrionales.f__Desulfovibrionaceae.g__Desulfovibrio.s__Desulfovibrio.sp018379785	Group	PD	0.0432946969708942	0.127848955329449	156	25	0.73534565952146	0.931936792960872
d__Bacteria.p__Bacillota_A.c__Clostridia.o__Oscillospirales.f__Oscillospiraceae.g__CAG.103.s__CAG.103.sp900317855	Sex_Male1_Female2	Female	0.105277368357592	0.321201455842631	156	38	0.743540309919525	0.940504630428008
d__Bacteria.p__Bacillota_A.c__Clostridia.o__Lachnospirales.f__Lachnospiraceae.g__Blautia_A.s__Blautia_A.luti	Sex_Male1_Female2	Female	0.0514263388173393	0.157919141274925	156	41	0.745134254902958	0.940962926852661
d__Bacteria.p__Actinomycetota.c__Coriobacteriia.o__Coriobacteriales.f__Eggerthellaceae.g__Anaerotardibacter.s__Anaerotardibacter.sp000435675	Sex_Male1_Female2	Female	-0.0819675295161658	0.261884619428139	156	58	0.754713734150175	0.94112721979261
d__Bacteria.p__Bacillota_A.c__Clostridia.o__Lachnospirales.f__Lachnospiraceae.g__Choladousia.s__Choladousia.sp902363135	Group	PD	-0.0593766112847286	0.19231085472422	156	107	0.757929204555272	0.94112721979261
d__Bacteria.p__Bacillota_A.c__Clostridia.o__Oscillospirales.f__Acutalibacteraceae.g__Eubacterium_R.s__Eubacterium_R.sp000434995	Group	PD	-0.054718650138589	0.174586474129177	156	26	0.754389512057457	0.94112721979261
d__Bacteria.p__Bacillota_A.c__Clostridia.o__Oscillospirales.f__Acutalibacteraceae.g__Pseudoruminococcus.s__Pseudoruminococcus.massiliensis	Group	PD	-0.0784988753388555	0.255208367039762	156	25	0.75881461700556	0.94112721979261
d__Bacteria.p__Bacillota_A.c__Clostridia.o__Oscillospirales.f__Acutalibacteraceae.g__Ruminococcus_E.s__Ruminococcus_E.intestinalis	Group	PD	-0.09608492498722	0.310749896292706	156	22	0.757587476863223	0.94112721979261
d__Bacteria.p__Bacillota_A.c__Clostridia.o__Oscillospirales.f__Oscillospiraceae.g__Vescimonas.s__Vescimonas.sp000435555	Sex_Male1_Female2	Female	-0.094420058418425	0.306122800250778	156	65	0.758168235533852	0.94112721979261
d__Bacteria.p__Bacillota_A.c__Clostridia.o__Oscillospirales.f__Ruminococcaceae.g__Ruminococcus_C.s__Ruminococcus_C.callidus	Sex_Male1_Female2	Female	0.0612467002542039	0.193301641927386	156	22	0.751792967350302	0.94112721979261
d__Bacteria.p__Bacillota_A.c__Clostridia.o__Peptostreptococcales.f__Peptostreptococcaceae.g__Terrisporobacter.s__Terrisporobacter.sp900557165	Group	PD	0.0521553881634479	0.162933577879514	156	33	0.749327619717218	0.94112721979261
d__Bacteria.p__Bacillota_I.c__Bacilli_A.o__RF39.f__UBA660.g__CAG.302.s__CAG.302.sp934162325	Sex_Male1_Female2	Female	0.0582972772671297	0.187720126917709	156	23	0.75656218958402	0.94112721979261
d__Bacteria.p__Bacteroidota.c__Bacteroidia.o__Bacteroidales.f__Bacteroidaceae.g__Bacteroides.s__Bacteroides.faecis	Group	PD	-0.0516138100396149	0.167315654146946	156	22	0.758135467945932	0.94112721979261
d__Bacteria.p__Bacteroidota.c__Bacteroidia.o__Bacteroidales.f__Bacteroidaceae.g__Bacteroides.s__Bacteroides.stercoris	Sex_Male1_Female2	Female	-0.0989175062475269	0.307816511880591	156	54	0.748382089832359	0.94112721979261
d__Bacteria.p__Actinomycetota.c__Coriobacteriia.o__Coriobacteriales.f__Eggerthellaceae.g__CAJFUR01.s__CAJFUR01.sp904420575	Sex_Male1_Female2	Female	0.0422681153875853	0.138512037265853	156	34	0.760660235041718	0.941887227831236
d__Bacteria.p__Bacillota_A.c__Clostridia.o__Christensenellales.f__Aristaeellaceae.g__Faecivicinus.s__Faecivicinus.avistercoris	Sex_Male1_Female2	Female	-0.0440859953867696	0.145360886940893	156	31	0.762083532085139	0.942122683678069
d__Bacteria.p__Bacteroidota.c__Bacteroidia.o__Bacteroidales.f__Bacteroidaceae.g__Phocaeicola.s__Phocaeicola.vulgatus	Group	PD	0.0997184200623974	0.331075513514156	156	122	0.763674448177039	0.942564262370368
d__Bacteria.p__Bacillota_A.c__Clostridia.o__Oscillospirales.f__Oscillospiraceae.g__Scatomorpha.s__Scatomorpha.intestinigallinarum	Sex_Male1_Female2	Female	0.0508769820128441	0.171431911073641	156	25	0.767039564715853	0.945190689424051
d__Bacteria.p__Bacillota_A.c__Clostridia.o__Oscillospirales.f__Oscillospiraceae.g__CAG.103.s__CAG.103.sp000432375	Group	PD	-0.107219835458532	0.367300694795088	156	49	0.77074860103108	0.947093346688829
d__Bacteria.p__Pseudomonadota.c__Alphaproteobacteria.o__RF32.f__CAG.239.g__Scatacola_A.s__Scatacola_A.faecigallinarum	Sex_Male1_Female2	Female	-0.0631430930877465	0.216613539039999	156	29	0.77106290790635	0.947093346688829
d__Bacteria.p__Bacillota_A.c__Clostridia.o__Christensenellales.f__Aristaeellaceae.g__Egerieenecus.s__Egerieenecus.sp900553315	Sex_Male1_Female2	Female	-0.0271603907630431	0.0938058220148411	156	19	0.772561360206094	0.947410721023204
d__Bacteria.p__Bacillota_A.c__Clostridia.o__Christensenellales.f__Aristaeellaceae.g__Faecivicinus.s__Faecivicinus.sp900553265	Sex_Male1_Female2	Female	-0.0255896175652829	0.0915524499887196	156	19	0.780232697645655	0.948164425458384
d__Bacteria.p__Bacillota_A.c__Clostridia.o__Christensenellales.f__Aristaeellaceae.g__Limiplasma.s__Limiplasma.sp900548145	Group	PD	0.0360874463160823	0.130865339385279	156	19	0.783104388042199	0.948164425458384
d__Bacteria.p__Bacillota_A.c__Clostridia.o__Christensenellales.f__CAG.138.g__Phil1.s__Phil1.sp001940855	Sex_Male1_Female2	Female	0.0481131354008144	0.173304381239435	156	22	0.781677201887683	0.948164425458384
d__Bacteria.p__Bacillota_A.c__Clostridia.o__Lachnospirales.f__Lachnospiraceae.g__Blautia_A.s__Blautia_A.sp900548245	Sex_Male1_Female2	Female	-0.0594203945115076	0.214160313579986	156	53	0.781803341997935	0.948164425458384
d__Bacteria.p__Bacillota_A.c__Clostridia.o__Lachnospirales.f__Lachnospiraceae.g__Dorea_D.s__Dorea_D.sp900543415	Sex_Male1_Female2	Female	0.0551181660913348	0.199293461840041	156	28	0.78248520732896	0.948164425458384
d__Bacteria.p__Bacillota_A.c__Clostridia.o__Oscillospirales.f__Acutalibacteraceae.g__Eubacterium_R.s__Eubacterium_R.sp000436835	Group	PD	-0.0523295658341942	0.183780504086648	156	17	0.776228779623017	0.948164425458384
d__Bacteria.p__Bacillota_A.c__Clostridia.o__Oscillospirales.f__CAG.382.g__Woodwardibium.s__Woodwardibium.sp900760275	Sex_Male1_Female2	Female	-0.0286301113286672	0.102826880520567	156	25	0.781058061380031	0.948164425458384
d__Bacteria.p__Verrucomicrobiota.c__Verrucomicrobiae.o__Verrucomicrobiales.f__Akkermansiaceae.g__Akkermansia.s__Akkermansia.biwaensis	Sex_Male1_Female2	Female	-0.0824629322190827	0.293403776121455	156	23	0.77904706592445	0.948164425458384
d__Bacteria.p__Bacillota_A.c__Clostridia.o__TANB77.f__CAG.508.g__CAG.273.s__CAG.273.sp000438355	Group	PD	0.0458629083472813	0.167935308549731	156	44	0.785145650764528	0.94913176769636
d__Bacteria.p__Bacteroidota.c__Bacteroidia.o__Bacteroidales.f__Bacteroidaceae.g__Bacteroides.s__Bacteroides.uniformis	Sex_Male1_Female2	Female	-0.0749691512641594	0.277372091603991	156	146	0.787306256113228	0.950240094266203
d__Bacteria.p__Bacillota.c__Bacilli.o__MOL361.f__Turicibacteraceae.g__Turicibacter.s__Turicibacter.sanguinis	Sex_Male1_Female2	Female	-0.0342626388671138	0.12936324685282	156	24	0.791476833154413	0.95211298452566
d__Bacteria.p__Bacillota_A.c__Clostridia.o__Lachnospirales.f__Lachnospiraceae.g__Dorea_D.s__Dorea_D.sp000433535	Group	PD	0.0585172136624487	0.220053292252174	156	44	0.7906565762767	0.95211298452566
d__Bacteria.p__Bacillota_A.c__Clostridia.o__Lachnospirales.f__Lachnospiraceae.g__UBA11774.s__UBA11774.sp003507655	Group	PD	-0.071594989329049	0.278225546951276	156	119	0.797271981500097	0.95211298452566
d__Bacteria.p__Bacillota_A.c__Clostridia.o__Oscillospirales.f__Oscillospiraceae.g__CAG.170.s__CAG.170.sp003516765	Sex_Male1_Female2	Female	0.0341010776245777	0.1299649709352	156	34	0.793376293693865	0.95211298452566
d__Bacteria.p__Bacillota_A.c__Clostridia.o__Oscillospirales.f__Ruminococcaceae.g__Hominimerdicola.s__Hominimerdicola.aceti	Sex_Male1_Female2	Female	-0.0866538743855311	0.331070242627549	156	91	0.793874981191697	0.95211298452566
d__Bacteria.p__Bacillota_C.c__Negativicutes.o__Acidaminococcales.f__Acidaminococcaceae.g__Phascolarctobacterium.s__Phascolarctobacterium.faecium	Group	PD	-0.07843403470975	0.305279432260093	156	72	0.79758155771783	0.95211298452566
d__Bacteria.p__Bacteroidota.c__Bacteroidia.o__Bacteroidales.f__Barnesiellaceae.g__Barnesiella.s__Barnesiella.intestinihominis	Sex_Male1_Female2	Female	0.0727898613166735	0.281306433298146	156	87	0.796170926646968	0.95211298452566
d__Bacteria.p__Bacillota_A.c__Clostridia.o__Lachnospirales.f__Lachnospiraceae.g__Clostridium_AP.s__Clostridium_AP.scindens	Sex_Male1_Female2	Female	0.032114067041188	0.126074856831295	156	28	0.799279708085479	0.952651633349932
d__Bacteria.p__Bacillota.c__Bacilli.o__Lactobacillales.f__Streptococcaceae.g__Streptococcus.s__Streptococcus.parasanguinis_G	Sex_Male1_Female2	Female	0.054776756770805	0.218157989455091	156	59	0.802083315054739	0.9545041319343
d__Bacteria.p__Bacillota_A.c__Clostridia.o__Christensenellales.f__Aristaeellaceae.g__Pullichristensenella.s__Pullichristensenella.excrementigallinarum	Group	PD	-0.0275870913790896	0.117009076517458	156	20	0.813927369030528	0.957439237092129
d__Bacteria.p__Bacillota_A.c__Clostridia.o__Christensenellales.f__CAG.314.g__CAG.314.s__CAG.314.sp000437915	Group	PD	0.0387008059587292	0.162398455308591	156	34	0.81196130041966	0.957439237092129
d__Bacteria.p__Bacillota_A.c__Clostridia.o__Lachnospirales.f__Lachnospiraceae.g__Blautia_A.s__Blautia_A.sp934394595	Group	PD	-0.0388525346555018	0.159174876770705	156	55	0.807490366157062	0.957439237092129
d__Bacteria.p__Bacillota_A.c__Clostridia.o__Lachnospirales.f__Lachnospiraceae.g__Coprococcus_A.s__Coprococcus_A.catus	Group	PD	-0.0540861791929464	0.225842152153449	156	57	0.811048777178929	0.957439237092129
d__Bacteria.p__Bacillota_A.c__Clostridia.o__Oscillospirales.f__CAG.382.g__Woodwardibium.s__Woodwardibium.gallinarum	Sex_Male1_Female2	Female	-0.0228691027143157	0.0946374951174118	156	20	0.809375338663857	0.957439237092129
d__Bacteria.p__Bacillota_A.c__Clostridia.o__Oscillospirales.f__Oscillospiraceae.g__CAG.170.s__CAG.170.sp900545925	Group	PD	-0.0335346520484467	0.142741659353243	156	29	0.814575267159534	0.957439237092129
d__Bacteria.p__Bacillota_A.c__Clostridia.o__Oscillospirales.f__Ruminococcaceae.g__Faecalibacterium.s__Faecalibacterium.sp900539885	Sex_Male1_Female2	Female	0.0535975311904279	0.226397241007723	156	57	0.813174316902084	0.957439237092129
d__Bacteria.p__Bacillota_A.c__Clostridia.o__Oscillospirales.f__Ruminococcaceae.g__Gemmiger.s__Gemmiger.sp900540775	Group	PD	-0.0630605324148138	0.263925188607659	156	34	0.811477003750121	0.957439237092129
d__Bacteria.p__Bacillota_A.c__Clostridia.o__Lachnospirales.f__Lachnospiraceae.g__Butyribacter.s__Butyribacter.sp000436755	Sex_Male1_Female2	Female	-0.0225613139005854	0.0993384554929916	156	20	0.820637030353871	0.961605354586437
d__Bacteria.p__Bacillota_A.c__Clostridia.o__Oscillospirales.f__Oscillospiraceae.g__Faecousia.s__Faecousia.sp000434635	Sex_Male1_Female2	Female	0.0562710228446645	0.246072015612697	156	55	0.819425299161645	0.961605354586437
d__Bacteria.p__Bacteroidota.c__Bacteroidia.o__Bacteroidales.f__Rikenellaceae.g__Alistipes_A.s__Alistipes_A.indistinctus	Sex_Male1_Female2	Female	0.0426782072984212	0.189724323464761	156	56	0.82231947525911	0.962101193105605
d__Bacteria.p__Actinomycetota.c__Actinomycetes.o__Actinomycetales.f__Bifidobacteriaceae.g__Bifidobacterium.s__Bifidobacterium.dentium	Sex_Male1_Female2	Female	-0.0259323270647722	0.132192442701692	156	17	0.844736620340628	0.962809847283954
d__Bacteria.p__Bacillota_A.c__Clostridia.o__Christensenellales.f__QAND01.g__UMGS1975.s__UMGS1975.sp959600905	Sex_Male1_Female2	Female	0.0257280811076941	0.13234457305038	156	37	0.846118823296952	0.962809847283954
d__Bacteria.p__Bacillota_A.c__Clostridia.o__Lachnospirales.f__Lachnospiraceae.g__Alitiscatomonas.s__Alitiscatomonas.sp900066535	Sex_Male1_Female2	Female	-0.0303402280697225	0.151708513755179	156	41	0.84175375158605	0.962809847283954
d__Bacteria.p__Bacillota_A.c__Clostridia.o__Lachnospirales.f__Lachnospiraceae.g__Blautia_A.s__Blautia_A.sp900066205	Sex_Male1_Female2	Female	0.0614788997801625	0.276354822002088	156	47	0.824249668629094	0.962809847283954
d__Bacteria.p__Bacillota_A.c__Clostridia.o__Lachnospirales.f__Lachnospiraceae.g__Enterocloster.s__Enterocloster.sp001517625	Sex_Male1_Female2	Female	-0.037762963413868	0.192614875156724	156	24	0.844827864704287	0.962809847283954
d__Bacteria.p__Bacillota_A.c__Clostridia.o__Lachnospirales.f__Lachnospiraceae.g__Eubacterium_G.s__Eubacterium_G.ventriosum	Sex_Male1_Female2	Female	-0.0363516866239489	0.18304868261651	156	71	0.842846909602071	0.962809847283954
d__Bacteria.p__Bacillota_A.c__Clostridia.o__Lachnospirales.f__Lachnospiraceae.g__Oliverpabstia.s__Oliverpabstia.intestinalis	Sex_Male1_Female2	Female	-0.0509703283934321	0.265549610609739	156	104	0.848041543438846	0.962809847283954
d__Bacteria.p__Bacillota_A.c__Clostridia.o__Oscillospirales.f__Acutalibacteraceae.g__Acutalibacter.s__Acutalibacter.timonensis	Sex_Male1_Female2	Female	0.0508466875750487	0.236334252768143	156	66	0.829938960154735	0.962809847283954
d__Bacteria.p__Bacillota_A.c__Clostridia.o__Oscillospirales.f__Acutalibacteraceae.g__CAKTXU01.s__CAKTXU01.sp934615635	Sex_Male1_Female2	Female	-0.0163759157868634	0.0853667507887861	156	20	0.848129616782855	0.962809847283954
d__Bacteria.p__Bacillota_A.c__Clostridia.o__Oscillospirales.f__Acutalibacteraceae.g__Fimenecus.s__Fimenecus.sp000432435	Sex_Male1_Female2	Female	0.0528212752174136	0.254957662637734	156	35	0.836147381119545	0.962809847283954
d__Bacteria.p__Bacillota_A.c__Clostridia.o__Oscillospirales.f__Butyricicoccaceae.g__Butyricicoccus_A.s__Butyricicoccus_A.intestinisimiae	Sex_Male1_Female2	Female	-0.0241547119772617	0.115219730241007	156	17	0.834227222779858	0.962809847283954
d__Bacteria.p__Bacillota_A.c__Clostridia.o__Oscillospirales.f__Oscillospiraceae.g__Hominicoprocola.s__Hominicoprocola.sp003522105	Group	PD	-0.0281108475953388	0.138487337984993	156	17	0.839416477625859	0.962809847283954
d__Bacteria.p__Bacillota_A.c__Clostridia.o__Oscillospirales.f__Oscillospiraceae.g__Vescimonas.s__Vescimonas.sp900545585	Group	PD	-0.0231775358062307	0.119251683892222	156	18	0.846153286735831	0.962809847283954
d__Bacteria.p__Bacillota_A.c__Clostridia.o__Oscillospirales.f__Ruminococcaceae.g__Avimicrobium.s__Avimicrobium.caecorum	Group	PD	-0.0240184406181592	0.118762382110245	156	30	0.839998188728263	0.962809847283954
d__Bacteria.p__Bacillota_A.c__Clostridia.o__Oscillospirales.f__Ruminococcaceae.g__Gemmiger.s__Gemmiger.sp900540775	Sex_Male1_Female2	Female	0.0516081051708505	0.248921455959728	156	34	0.836030283266678	0.962809847283954
d__Bacteria.p__Bacillota_A.c__Clostridia.o__Peptostreptococcales.f__Anaerovoracaceae.g__Lentihominibacter.s__Lentihominibacter.faecis	Sex_Male1_Female2	Female	0.0314087383199207	0.16094025886043	156	76	0.845528378644934	0.962809847283954
d__Bacteria.p__Bacillota_I.c__Bacilli_A.o__Erysipelotrichales.f__Erysipelotrichaceae.g__Longicatena.s__Longicatena.caecimuris	Sex_Male1_Female2	Female	-0.0320000869163943	0.150029742720202	156	28	0.831383454911624	0.962809847283954
d__Bacteria.p__Bacteroidota.c__Bacteroidia.o__Bacteroidales.f__Bacteroidaceae.g__Bacteroides.s__Bacteroides.stercoris	Group	PD	0.0642260595263568	0.326370142105308	156	54	0.84425381011807	0.962809847283954
d__Bacteria.p__Bacteroidota.c__Bacteroidia.o__Bacteroidales.f__Rikenellaceae.g__Alistipes.s__Alistipes.finegoldii	Sex_Male1_Female2	Female	0.0584733742137841	0.267883603317627	156	93	0.827502578737775	0.962809847283954
d__Bacteria.p__Pseudomonadota.c__Alphaproteobacteria.o__RF32.f__CAG.239.g__Scatacola_A.s__Scatacola_A.faecigallinarum	Group	PD	0.0452956988232733	0.229669913048209	156	29	0.843916461461402	0.962809847283954
d__Bacteria.p__Bacillota_A.c__Clostridia.o__Oscillospirales.f__Acutalibacteraceae.g__Anaeromassilibacillus.s__Anaeromassilibacillus.sp001305115	Sex_Male1_Female2	Female	-0.0167101158899438	0.090595472519817	156	16	0.853906595982659	0.967929731944735
d__Bacteria.p__Bacillota_A.c__Clostridia.o__Christensenellales.f__UBA1750.g__Spyradocola.s__Spyradocola.merdavium	Group	PD	0.026516360240595	0.146275794146106	156	41	0.856390492918424	0.969307165318038
d__Bacteria.p__Bacillota_A.c__Clostridia.o__Lachnospirales.f__Lachnospiraceae.g__Coprococcus_A.s__Coprococcus_A.catus_A	Sex_Male1_Female2	Female	-0.0384569082510695	0.214624804010887	156	103	0.8580318389564	0.969728291364925
d__Bacteria.p__Actinomycetota.c__Coriobacteriia.o__Coriobacteriales.f__Eggerthellaceae.g__Anaerotardibacter.s__Anaerotardibacter.sp000435675	Group	PD	-0.0477495237144937	0.277669706331779	156	58	0.863692143406007	0.971020928149642
d__Bacteria.p__Bacillota_A.c__Clostridia.o__Christensenellales.f__Aristaeellaceae.g__Ventricola.s__Ventricola.sp900548125	Sex_Male1_Female2	Female	-0.0183928547054765	0.105977820776179	156	25	0.862445540349187	0.971020928149642
d__Bacteria.p__Bacillota_A.c__Clostridia.o__Christensenellales.f__CAG.138.g__PeH17.s__PeH17.sp000435055	Sex_Male1_Female2	Female	0.0478035305711736	0.275170405306689	156	57	0.862312505489622	0.971020928149642
d__Bacteria.p__Bacillota_A.c__Clostridia.o__Lachnospirales.f__Lachnospiraceae.g__Butyribacter.s__Butyribacter.intestini	Sex_Male1_Female2	Female	-0.0258728900911166	0.156380694556837	156	25	0.868809699123937	0.971020928149642
d__Bacteria.p__Bacillota_A.c__Clostridia.o__Lachnospirales.f__Lachnospiraceae.g__Eubacterium_I.s__Eubacterium_I.ramulus_A	Group	PD	0.0216044482061582	0.12775703254101	156	23	0.865936832096126	0.971020928149642
d__Bacteria.p__Bacillota_A.c__Clostridia.o__Oscillospirales.f__Acutalibacteraceae.g__Ruminococcus_E.s__Ruminococcus_E.bromii	Sex_Male1_Female2	Female	-0.0764871367916075	0.447942370689913	156	100	0.864644231116108	0.971020928149642
d__Bacteria.p__Bacillota_A.c__Clostridia.o__Oscillospirales.f__Ruminococcaceae.g__Faecalibacterium.s__Faecalibacterium.sp900758465	Sex_Male1_Female2	Female	-0.0258152971850001	0.15472410194725	156	38	0.86771051190172	0.971020928149642
d__Bacteria.p__Bacteroidota.c__Bacteroidia.o__Bacteroidales.f__Rikenellaceae.g__Alistipes.s__Alistipes.finegoldii	Group	PD	0.0467993669343653	0.284030278779756	156	93	0.869343344050203	0.971020928149642
d__Bacteria.p__Bacillota_A.c__Clostridia.o__Lachnospirales.f__Lachnospiraceae.g__Alitiscatomonas.s__Alitiscatomonas.aceti	Group	PD	-0.0344315616272745	0.214555581507978	156	88	0.872715828814706	0.97112184830543
d__Bacteria.p__Bacillota_A.c__Clostridia.o__Oscillospirales.f__Oscillospiraceae.g__Scatomorpha.s__Scatomorpha.sp900545405	Group	PD	0.035972685300552	0.224318952518165	156	31	0.872805874767655	0.97112184830543
d__Bacteria.p__Bacillota_G.c__DTU025.o__DTUO25.f__HGM14224.g__HGM14224.s__HGM14224.sp900761905	Sex_Male1_Female2	Female	0.0149515769230784	0.0935625310915268	156	21	0.873247002337475	0.97112184830543
d__Bacteria.p__Bacillota_A.c__Clostridia.o__Lachnospirales.f__Lachnospiraceae.g__Anaerostipes.s__	Sex_Male1_Female2	Female	0.0417341450448861	0.264162961183356	156	141	0.87467586582819	0.971297037053397
d__Archaea.p__Methanobacteriota.c__Methanobacteria.o__Methanobacteriales.f__Methanobacteriaceae.g__Methanobrevibacter_A.s__Methanobrevibacter_A.smithii	Group	PD	0.0549738428805788	0.396313266378309	156	61	0.889859270989643	0.975103674424426
d__Bacteria.p__Actinomycetota.c__Actinomycetes.o__Actinomycetales.f__Actinomycetaceae.g__Pauljensenia.s__Pauljensenia.sp905370305	Sex_Male1_Female2	Female	0.0107555682194088	0.0737732296175231	156	16	0.884277262879468	0.975103674424426
d__Bacteria.p__Bacillota.c__Bacilli.o__MOL361.f__Turicibacteraceae.g__Turicibacter.s__Turicibacter.bilis	Sex_Male1_Female2	Female	0.010495693407304	0.144884786827146	156	35	0.942345050940067	0.975103674424426
d__Bacteria.p__Bacillota_A.c__Clostridia.o__Christensenellales.f__Aristaeellaceae.g__Fimadaptatus.s__Fimadaptatus.faecigallinarum	Group	PD	-0.00805798949130581	0.0953731470164553	156	16	0.932778035102114	0.975103674424426
d__Bacteria.p__Bacillota_A.c__Clostridia.o__Christensenellales.f__CAG.138.g__PeH17.s__PeH17.sp000435055	Group	PD	0.0267134035566861	0.291756292521299	156	57	0.927166864269579	0.975103674424426
d__Bacteria.p__Bacillota_A.c__Clostridia.o__Christensenellales.f__CAG.138.g__Phil1.s__Phil1.sp001940855	Group	PD	0.0173090470397082	0.18375029717226	156	22	0.925074532245225	0.975103674424426
d__Bacteria.p__Bacillota_A.c__Clostridia.o__Christensenellales.f__UBA1750.g__Spyradocola.s__Spyradocola.merdavium	Sex_Male1_Female2	Female	0.0101196022460316	0.137960244880763	156	41	0.941622153382027	0.975103674424426
d__Bacteria.p__Bacillota_A.c__Clostridia.o__Lachnospirales.f__Lachnospiraceae.g__Alitiscatomonas.s__Alitiscatomonas.aceti	Sex_Male1_Female2	Female	0.0173754858673003	0.202358433520514	156	88	0.931686079567742	0.975103674424426
d__Bacteria.p__Bacillota_A.c__Clostridia.o__Lachnospirales.f__Lachnospiraceae.g__Anaerobutyricum.s__Anaerobutyricum.soehngenii	Group	PD	0.0334011096191128	0.338308976954591	156	106	0.921482199666478	0.975103674424426
d__Bacteria.p__Bacillota_A.c__Clostridia.o__Lachnospirales.f__Lachnospiraceae.g__Blautia_A.s__Blautia_A.acetigignens	Sex_Male1_Female2	Female	0.0207145205519371	0.214126799584847	156	61	0.92305987015472	0.975103674424426
d__Bacteria.p__Bacillota_A.c__Clostridia.o__Lachnospirales.f__Lachnospiraceae.g__Blautia_A.s__Blautia_A.faecis	Group	PD	0.0178198642652251	0.222673718752014	156	150	0.936320523670155	0.975103674424426
d__Bacteria.p__Bacillota_A.c__Clostridia.o__Lachnospirales.f__Lachnospiraceae.g__Blautia_A.s__Blautia_A.fusiformis	Sex_Male1_Female2	Female	-0.0220593922927191	0.317003274110051	156	132	0.94461303671348	0.975103674424426
d__Bacteria.p__Bacillota_A.c__Clostridia.o__Lachnospirales.f__Lachnospiraceae.g__Blautia_A.s__Blautia_A.schinkii_B	Group	PD	0.0139496735720782	0.163739022228313	156	20	0.932218096788176	0.975103674424426
d__Bacteria.p__Bacillota_A.c__Clostridia.o__Lachnospirales.f__Lachnospiraceae.g__Blautia_A.s__Blautia_A.schinkii_B	Sex_Male1_Female2	Female	-0.0167745652233672	0.154430715861241	156	20	0.913644675406977	0.975103674424426
d__Bacteria.p__Bacillota_A.c__Clostridia.o__Lachnospirales.f__Lachnospiraceae.g__Blautia_A.s__Blautia_A.sp900120195	Sex_Male1_Female2	Female	-0.0152265631735156	0.187515386342449	156	38	0.935387693401577	0.975103674424426
d__Bacteria.p__Bacillota_A.c__Clostridia.o__Lachnospirales.f__Lachnospiraceae.g__Dorea_D.s__Dorea_D.hominis	Group	PD	0.0121573416824154	0.157778454342887	156	49	0.938681858964703	0.975103674424426
d__Bacteria.p__Bacillota_A.c__Clostridia.o__Lachnospirales.f__Lachnospiraceae.g__Eisenbergiella.s__Eisenbergiella.tayi	Sex_Male1_Female2	Female	0.0178422157051594	0.171343321631629	156	41	0.917201468763706	0.975103674424426
d__Bacteria.p__Bacillota_A.c__Clostridia.o__Lachnospirales.f__Lachnospiraceae.g__Enterocloster.s__Enterocloster.sp001517625	Group	PD	0.0289507387395201	0.204224730481264	156	24	0.887456684959476	0.975103674424426
d__Bacteria.p__Bacillota_A.c__Clostridia.o__Lachnospirales.f__Lachnospiraceae.g__Eubacterium_G.s__Eubacterium_G.sp000435815	Group	PD	0.0107758345558345	0.132678632003638	156	26	0.935375081610564	0.975103674424426
d__Bacteria.p__Bacillota_A.c__Clostridia.o__Lachnospirales.f__Lachnospiraceae.g__Lachnospira.s__Lachnospira.hominis	Sex_Male1_Female2	Female	0.0149210615413592	0.143859883321663	156	39	0.91752785764341	0.975103674424426
d__Bacteria.p__Bacillota_A.c__Clostridia.o__Lachnospirales.f__Lachnospiraceae.g__Massilistercora.s__Massilistercora.timonensis	Sex_Male1_Female2	Female	0.0106137672141257	0.134073835881785	156	26	0.937005942909219	0.975103674424426
d__Bacteria.p__Bacillota_A.c__Clostridia.o__Lachnospirales.f__Lachnospiraceae.g__Mediterraneibacter.s__Mediterraneibacter.sp934330165	Sex_Male1_Female2	Female	-0.0202751907323524	0.246412519342516	156	52	0.934530413883712	0.975103674424426
d__Bacteria.p__Bacillota_A.c__Clostridia.o__Lachnospirales.f__Lachnospiraceae.g__Mediterraneibacter_A.s__Mediterraneibacter_A.butyricigenes	Group	PD	-0.00849042390699175	0.119868982204697	156	30	0.9436248641988	0.975103674424426
d__Bacteria.p__Bacillota_A.c__Clostridia.o__Lachnospirales.f__Lachnospiraceae.g__Muricoprocola.s__Muricoprocola.aceti	Sex_Male1_Female2	Female	0.00737112237695492	0.104934384154663	156	19	0.944090338217249	0.975103674424426
d__Bacteria.p__Bacillota_A.c__Clostridia.o__Lachnospirales.f__Lachnospiraceae.g__Otoolea.s__Otoolea.fessa	Sex_Male1_Female2	Female	-0.0227879106413896	0.188625814893351	156	89	0.903999929383213	0.975103674424426
d__Bacteria.p__Bacillota_A.c__Clostridia.o__Lachnospirales.f__Lachnospiraceae.g__Pseudolachnospira.s__Pseudolachnospira.sp022867805	Group	PD	-0.0193047650677975	0.169486331667446	156	37	0.909465120902126	0.975103674424426
d__Bacteria.p__Bacillota_A.c__Clostridia.o__Lachnospirales.f__Lachnospiraceae.g__Ruminococcus_B.s__Ruminococcus_B.gnavus	Sex_Male1_Female2	Female	-0.0197527291239518	0.294402247848997	156	54	0.946594184223429	0.975103674424426
d__Bacteria.p__Bacillota_A.c__Clostridia.o__Lachnospirales.f__Lachnospiraceae.g__Wujia.s__Wujia.chipingensis	Sex_Male1_Female2	Female	-0.0190416314793132	0.209593132796514	156	28	0.92773025051484	0.975103674424426
d__Bacteria.p__Bacillota_A.c__Clostridia.o__Oscillospirales.f__Acutalibacteraceae.g__Anaeromassilibacillus.s__Anaeromassilibacillus.sp001305115	Group	PD	0.00608431969580793	0.096056111674283	156	16	0.949577400224834	0.975103674424426
d__Bacteria.p__Bacillota_A.c__Clostridia.o__Oscillospirales.f__Acutalibacteraceae.g__Ruminococcus_E.s__Ruminococcus_E.bromii	Group	PD	-0.0455819705951016	0.474942082488961	156	100	0.923667016521809	0.975103674424426
d__Bacteria.p__Bacillota_A.c__Clostridia.o__Oscillospirales.f__Acutalibacteraceae.g__UMGS1071.s__UMGS1071.sp934476545	Group	PD	0.0102998310859039	0.103020573648784	156	19	0.920492364865729	0.975103674424426
d__Bacteria.p__Bacillota_A.c__Clostridia.o__Oscillospirales.f__Acutalibacteraceae.g__UMGS1071.s__UMGS1071.sp934476545	Sex_Male1_Female2	Female	-0.0119494192753762	0.0971640157642672	156	19	0.902282798219482	0.975103674424426
d__Bacteria.p__Bacillota_A.c__Clostridia.o__Oscillospirales.f__Butyricicoccaceae.g__Butyricicoccus_A.s__Butyricicoccus_A.intestinisimiae	Group	PD	-0.0130341769380074	0.122164595727342	156	17	0.91517185209451	0.975103674424426
d__Bacteria.p__Bacillota_A.c__Clostridia.o__Oscillospirales.f__CAG.272.g__UMGS911.s__UMGS911.sp003343545	Sex_Male1_Female2	Female	-0.0103994302277269	0.0936434547918252	156	21	0.911719496773006	0.975103674424426
d__Bacteria.p__Bacillota_A.c__Clostridia.o__Oscillospirales.f__Oscillospiraceae.g__CAG.170.s__CAG.170.sp900553545	Group	PD	-0.0095436483199082	0.107490917425535	156	20	0.929368391971305	0.975103674424426
d__Bacteria.p__Bacillota_A.c__Clostridia.o__Oscillospirales.f__Oscillospiraceae.g__Dysosmobacter.s__Dysosmobacter.faecalis	Group	PD	-0.0160771858937882	0.140051530912609	156	33	0.908758292757219	0.975103674424426
d__Bacteria.p__Bacillota_A.c__Clostridia.o__Oscillospirales.f__Oscillospiraceae.g__Onthomonas.s__Onthomonas.sp003150485	Group	PD	-0.0240818589032733	0.179180731804083	156	34	0.893263055706211	0.975103674424426
d__Bacteria.p__Bacillota_A.c__Clostridia.o__Oscillospirales.f__Oscillospiraceae.g__Pseudoscilispira.s__Pseudoscilispira.sp018369915	Sex_Male1_Female2	Female	-0.00849712706306528	0.0710361359672122	156	16	0.904943500990125	0.975103674424426
d__Bacteria.p__Bacillota_A.c__Clostridia.o__Oscillospirales.f__Oscillospiraceae.g__Scatomorpha.s__Scatomorpha.merdavium	Group	PD	0.0163752666172909	0.115125218616537	156	16	0.887078561329779	0.975103674424426
d__Bacteria.p__Bacillota_A.c__Clostridia.o__Oscillospirales.f__Oscillospiraceae.g__Scatomorpha.s__Scatomorpha.merdavium	Sex_Male1_Female2	Female	0.00813872915014881	0.108580530668147	156	16	0.940347877425951	0.975103674424426
d__Bacteria.p__Bacillota_A.c__Clostridia.o__Oscillospirales.f__Oscillospiraceae.g__Vescimonas.s__Vescimonas.sp000435975	Group	PD	0.0206461111140439	0.213952672410746	156	30	0.923250953526864	0.975103674424426
d__Bacteria.p__Bacillota_A.c__Clostridia.o__Oscillospirales.f__Ruminococcaceae.g__Negativibacillus.s__Negativibacillus.faecipullorum	Sex_Male1_Female2	Female	0.00892736374892708	0.0953979283464031	156	20	0.925565017147165	0.975103674424426
d__Bacteria.p__Bacillota_A.c__Clostridia.o__Oscillospirales.f__Ruminococcaceae.g__Ruminococcus_C.s__Ruminococcus_C.callidus	Group	PD	0.0143238339917477	0.204952892096652	156	22	0.944373731431606	0.975103674424426
d__Bacteria.p__Bacillota_A.c__Clostridia.o__Oscillospirales.f__Ruminococcaceae.g__Ruthenibacterium.s__Ruthenibacterium.merdipullorum	Group	PD	-0.008815402822333	0.138793118589162	156	16	0.949439560849028	0.975103674424426
d__Bacteria.p__Bacillota_A.c__Clostridia.o__Peptostreptococcales.f__Anaerovoracaceae.g__Fimisoma.s__Fimisoma.avicola	Group	PD	0.0141929073735798	0.126215646316887	156	20	0.910614276532655	0.975103674424426
d__Bacteria.p__Bacillota_A.c__Clostridia.o__Peptostreptococcales.f__Peptostreptococcaceae.g__Intestinibacter.s__Intestinibacter.bartlettii	Sex_Male1_Female2	Female	-0.0274809367097319	0.204081583874702	156	60	0.893060349974193	0.975103674424426
d__Bacteria.p__Bacillota_C.c__Negativicutes.o__Veillonellales.f__Dialisteraceae.g__Dialister.s__Dialister.invisus	Sex_Male1_Female2	Female	0.0326202194036896	0.299023757342253	156	47	0.913274798093007	0.975103674424426
d__Bacteria.p__Bacillota_I.c__Bacilli_A.o__Erysipelotrichales.f__Coprobacillaceae.g__Coprobacillus.s__Coprobacillus.cateniformis	Sex_Male1_Female2	Female	-0.00991163117392818	0.0982191959608509	156	16	0.919751339820729	0.975103674424426
d__Bacteria.p__Bacteroidota.c__Bacteroidia.o__Bacteroidales.f__Bacteroidaceae.g__Bacteroides.s__Bacteroides.ovatus	Sex_Male1_Female2	Female	0.0390565911291108	0.260081467680344	156	104	0.880827804601124	0.975103674424426
d__Bacteria.p__Bacteroidota.c__Bacteroidia.o__Bacteroidales.f__Marinifilaceae.g__Odoribacter.s__Odoribacter.laneus	Sex_Male1_Female2	Female	0.0194017944938333	0.193313896971551	156	27	0.920186584111601	0.975103674424426
d__Bacteria.p__Bacteroidota.c__Bacteroidia.o__Bacteroidales.f__Marinifilaceae.g__Odoribacter.s__Odoribacter.splanchnicus	Group	PD	-0.015545672143287	0.210808997093352	156	102	0.941311263969089	0.975103674424426
d__Bacteria.p__Bacteroidota.c__Bacteroidia.o__Bacteroidales.f__Marinifilaceae.g__Odoribacter.s__Odoribacter.splanchnicus	Sex_Male1_Female2	Female	-0.0130070204056461	0.198824836548263	156	102	0.947925403414947	0.975103674424426
d__Bacteria.p__Bacteroidota.c__Bacteroidia.o__Bacteroidales.f__Rikenellaceae.g__Tidjanibacter.s__Tidjanibacter.inops	Group	PD	-0.0239686420667782	0.193070649556506	156	24	0.901363883518989	0.975103674424426
d__Bacteria.p__Bacteroidota.c__Bacteroidia.o__Bacteroidales.f__Rikenellaceae.g__Tidjanibacter.s__Tidjanibacter.inops	Sex_Male1_Female2	Female	0.02681875443656	0.182094886222244	156	24	0.883105699040482	0.975103674424426
d__Bacteria.p__Bacteroidota.c__Bacteroidia.o__Bacteroidales.f__Tannerellaceae.g__Parabacteroides.s__Parabacteroides.johnsonii	Sex_Male1_Female2	Female	-0.0199462690344905	0.132873859979945	156	18	0.880872134396977	0.975103674424426
d__Bacteria.p__Pseudomonadota.c__Gammaproteobacteria.o__Burkholderiales.f__Burkholderiaceae.g__Parasutterella.s__Parasutterella.sp900552195	Sex_Male1_Female2	Female	-0.0238966682949776	0.197240689763574	156	54	0.90372734438373	0.975103674424426
d__Bacteria.p__Bacillota_A.c__Clostridia.o__Lachnospirales.f__Lachnospiraceae.g__Frisingicoccus.s__Frisingicoccus.sp900549105	Sex_Male1_Female2	Female	0.00771052799401992	0.13227992354167	156	18	0.953594106641746	0.975295712816993
d__Bacteria.p__Bacillota_A.c__Clostridia.o__Lachnospirales.f__Lachnospiraceae.g__Massilistercora.s__Massilistercora.timonensis	Group	PD	0.00858671316344097	0.142155131971337	156	26	0.951912843985874	0.975295712816993
d__Bacteria.p__Bacillota_A.c__Clostridia.o__Oscillospirales.f__Acutalibacteraceae.g__CAKTXU01.s__CAKTXU01.sp934615635	Group	PD	-0.00541462533198655	0.0905122289112696	156	20	0.952375445703874	0.975295712816993
d__Bacteria.p__Bacillota_A.c__Clostridia.o__Lachnospirales.f__Lachnospiraceae.g__Frisingicoccus.s__Frisingicoccus.sp900549105	Group	PD	0.00784183892817298	0.140253091623369	156	18	0.955484813140391	0.975922990961576
d__Bacteria.p__Bacillota_A.c__Clostridia.o__Oscillospirales.f__Acutalibacteraceae.g__Ruminococcus_E.s__Ruminococcus_E.intestinalis	Sex_Male1_Female2	Female	-0.0144347534196265	0.293084252520906	156	22	0.960783337960722	0.977414740615169
d__Bacteria.p__Bacillota_A.c__Clostridia.o__Oscillospirales.f__Oscillospiraceae.g__CAG.103.s__CAG.103.sp900317855	Group	PD	0.0172092493055573	0.34056186312857	156	38	0.95976441259051	0.977414740615169
d__Bacteria.p__Synergistota.c__Synergistia.o__Synergistales.f__Synergistaceae.g__Cloacibacillus.s__Cloacibacillus.evryensis	Sex_Male1_Female2	Female	-0.00717569599869907	0.138128222268019	156	16	0.958636673167456	0.977414740615169
d__Bacteria.p__Bacillota_A.c__Clostridia.o__Oscillospirales.f__Oscillospiraceae.g__Faecousia.s__Faecousia.sp958436045	Group	PD	-0.00562588683297509	0.123065614908623	156	35	0.96359739459014	0.978703313290551
d__Bacteria.p__Bacillota_A.c__Clostridia.o__Oscillospirales.f__Oscillospiraceae.g__Onthomonas.s__Onthomonas.sp003150485	Sex_Male1_Female2	Female	-0.00751003238254465	0.168994588488882	156	34	0.964612035219614	0.978703313290551
d__Bacteria.p__Bacillota_A.c__Clostridia.o__Oscillospirales.f__Ruminococcaceae.g__Faecalibacterium.s__Faecalibacterium.prausnitzii_E	Sex_Male1_Female2	Female	0.0109128040893475	0.279019527812022	156	26	0.968852674623597	0.981702179592079
d__Bacteria.p__Actinomycetota.c__Actinomycetes.o__Actinomycetales.f__Bifidobacteriaceae.g__Bifidobacterium.s__Bifidobacterium.infantis	Sex_Male1_Female2	Female	-0.0142527665236104	0.381373729521139	156	96	0.970236973835573	0.981802712596527
d__Bacteria.p__Bacillota_A.c__Clostridia.o__Lachnospirales.f__Lachnospiraceae.g__Alitiscatomonas.s__Alitiscatomonas.sp900066785	Sex_Male1_Female2	Female	-0.00332468839648588	0.130338273688426	156	25	0.979682886080515	0.986541470848419
d__Bacteria.p__Bacillota_A.c__Clostridia.o__Oscillospirales.f__Oscillospiraceae.g__HGM13006.s__HGM13006.sp900756575	Group	PD	0.00267660141086957	0.111971920865927	156	24	0.980960156243402	0.986541470848419
d__Bacteria.p__Bacillota_A.c__Clostridia.o__Oscillospirales.f__Oscillospiraceae.g__Intestinimonas.s__Intestinimonas.butyriciproducens	Sex_Male1_Female2	Female	0.00250476013100339	0.107125172270369	156	23	0.98137633225759	0.986541470848419
d__Bacteria.p__Bacillota_A.c__Clostridia.o__Oscillospirales.f__Ruminococcaceae.g__Gemmiger.s__Gemmiger.sp900540595	Group	PD	0.00574683222999739	0.200761607187242	156	33	0.97720085316261	0.986541470848419
d__Bacteria.p__Bacillota_A.c__Clostridia.o__Oscillospirales.f__Ruminococcaceae.g__Ruminococcus_C.s__Ruminococcus_C.sp000980705	Group	PD	0.00434293102007269	0.170234461751947	156	18	0.979680244883778	0.986541470848419
d__Bacteria.p__Actinomycetota.c__Coriobacteriia.o__Coriobacteriales.f__Eggerthellaceae.g__Gordonibacter.s__Gordonibacter.urolithinfaciens	Group	PD	-0.00233304751664536	0.12197656894312	156	20	0.98476470200915	0.988646823042037
d__Bacteria.p__Bacillota_A.c__Clostridia.o__Lachnospirales.f__Lachnospiraceae.g__Agathobacter.s__Agathobacter.rectalis	Sex_Male1_Female2	Female	-0.00565163977387486	0.38179919165591	156	120	0.988208910399958	0.990802634574236
d__Bacteria.p__Bacillota_A.c__Clostridia.o__Lachnospirales.f__Lachnospiraceae.g__Coprococcus_A.s__Coprococcus_A.catus	Sex_Male1_Female2	Female	-0.00262336955885096	0.213003380343075	156	57	0.99018947242009	0.991487230575293
d__Bacteria.p__Bacillota_A.c__Clostridia.o__Oscillospirales.f__Ruminococcaceae.g__Ruminococcus_C.s__Ruminococcus_C.sp000433635	Sex_Male1_Female2	Female	-0.000259188064374981	0.176583065589137	156	17	0.998830780030316	0.998830780030316
