"feature"	"metadata"	"value"	"name"	"coef"	"null_hypothesis"	"stderr"	"pval_individual"	"qval_individual"	"pval_joint"	"qval_joint"	"error"	"model"	"N"	"N_not_zero"
"d__Bacteria;p__Bacillota_A;c__Clostridia;o__Lachnospirales;f__Lachnospiraceae;g__Fusicatenibacter;s__Fusicatenibacter saccharivorans"	"Group"	"PD"	"GroupPD"	-0.837949720647067	0.213862347105435	0.237138924460657	2.23070140608073e-05	0.0204778389078211	2.23070140608073e-05	0.0204778389078211	NA	"abundance"	146	132
"d__Bacteria;p__Bacillota_A;c__Clostridia;o__Lachnospirales;f__Lachnospiraceae;g__Agathobacter;s__Agathobacter rectalis"	"Group"	"PD"	"GroupPD"	-0.973090643325382	0.213862347105435	0.336030686462016	0.000633255646554032	0.27500149255127	0.000633255646554032	0.27500149255127	NA	"abundance"	146	110
"d__Bacteria;p__Bacillota_A;c__Clostridia;o__Oscillospirales;f__Ruminococcaceae;g__Faecalibacterium;s__Faecalibacterium hattorii"	"Group"	"PD"	"GroupPD"	-2.70019984765586	0.213862347105435	0.646947318250465	0.000898697688076044	0.27500149255127	0.000898697688076044	0.27500149255127	NA	"abundance"	146	13
"d__Bacteria;p__Bacillota_A;c__Clostridia;o__Lachnospirales;f__Lachnospiraceae;g__Roseburia;s__Roseburia hominis"	"Group"	"PD"	"GroupPD"	-0.334491948276859	0.213862347105435	0.171691226934469	0.00216998245633837	0.4072863909931	0.00216998245633837	0.4072863909931	NA	"abundance"	146	102
"d__Bacteria;p__Actinomycetota;c__Coriobacteriia;o__Coriobacteriales;f__Coriobacteriaceae;g__Collinsella;s__Collinsella sp023656745"	"Group"	"PD"	"GroupPD"	0.8801015929404	0.213862347105435	0.214275343730669	0.00260718985027886	0.4072863909931	0.00260718985027886	0.4072863909931	NA	"abundance"	146	111
"d__Bacteria;p__Bacillota_A;c__Clostridia;o__Oscillospirales;f__Ruminococcaceae;g__Gemmiger;s__Gemmiger formicilis"	"Group"	"PD"	"GroupPD"	-0.630017951737294	0.213862347105435	0.281182816883401	0.00362192621434487	0.4072863909931	0.00362192621434487	0.4072863909931	NA	"abundance"	146	97
"d__Bacteria;p__Bacillota_A;c__Clostridia;o__Lachnospirales;f__Lachnospiraceae;g__Hominiventricola;s__Hominiventricola filiformis"	"Group"	"PD"	"GroupPD"	-0.261270259665072	0.213862347105435	0.152415610750403	0.0040211464926786	0.4072863909931	0.0040211464926786	0.4072863909931	NA	"abundance"	146	41
"d__Bacteria;p__Bacillota_A;c__Clostridia;o__Lachnospirales;f__Lachnospiraceae;g__Anaerostipes;s__"	"Group"	"PD"	"GroupPD"	-0.484880185416471	0.213862347105435	0.23719416561851	0.00406344673604697	0.4072863909931	0.00406344673604697	0.4072863909931	NA	"abundance"	146	132
"d__Bacteria;p__Bacillota_A;c__Clostridia;o__Peptostreptococcales;f__Peptostreptococcaceae;g__Romboutsia_E;s__Romboutsia_E sp902362365"	"Group"	"PD"	"GroupPD"	-2.59950487717617	0.213862347105435	0.62313748551502	0.00406654214590896	0.4072863909931	0.00406654214590896	0.4072863909931	NA	"abundance"	146	8
"d__Bacteria;p__Bacillota_A;c__Clostridia;o__Lachnospirales;f__Lachnospiraceae;g__Lachnospira;s__Lachnospira hominis"	"Group"	"PD"	"GroupPD"	-0.503384705268069	0.213862347105435	0.233173679298891	0.00443667092585076	0.4072863909931	0.00443667092585076	0.4072863909931	NA	"abundance"	146	35
"d__Bacteria;p__Bacillota;c__Bacilli;o__Lactobacillales;f__Lactobacillaceae;g__Lactobacillus;s__Lactobacillus delbrueckii"	"Group"	"PD"	"GroupPD"	0.966847699856276	0.213862347105435	0.209301456838954	0.0061371410383142	0.481073340575373	0.0061371410383142	0.481073340575373	NA	"abundance"	146	11
"d__Bacteria;p__Bacillota_A;c__Clostridia;o__Lachnospirales;f__Lachnospiraceae;g__CAG-194;s__CAG-194 sp000432915"	"Group"	"PD"	"GroupPD"	-1.04579831964215	0.213862347105435	0.427791424013712	0.00628854039967808	0.481073340575373	0.00628854039967808	0.481073340575373	NA	"abundance"	146	32
"d__Bacteria;p__Bacillota_A;c__Clostridia;o__Lachnospirales;f__Lachnospiraceae;g__Eubacterium_F;s__Eubacterium_F sp003491505"	"Group"	"PD"	"GroupPD"	-0.358326598636959	0.213862347105435	0.203775362286878	0.0068413506258862	0.482922203227137	0.0068413506258862	0.482922203227137	NA	"abundance"	146	83
"d__Bacteria;p__Verrucomicrobiota;c__Verrucomicrobiae;o__Verrucomicrobiales;f__Akkermansiaceae;g__Akkermansia;s__Akkermansia sp004167605"	"Group"	"PD"	"GroupPD"	3.54204777173104	0.213862347105435	0.516753262572414	0.00761691682509946	0.482922203227137	0.00761691682509946	0.482922203227137	NA	"abundance"	146	5
"d__Bacteria;p__Bacillota_A;c__Clostridia;o__Lachnospirales;f__Lachnospiraceae;g__Blautia_A;s__Blautia_A wexlerae_B"	"Group"	"PD"	"GroupPD"	-0.531740406271764	0.213862347105435	0.281484892668718	0.00936652308390107	0.482922203227137	0.00936652308390107	0.482922203227137	NA	"abundance"	146	138
"d__Bacteria;p__Bacillota_A;c__Clostridia;o__Clostridiales;f__Clostridiaceae;g__Clostridium;s__Clostridium lentum"	"Group"	"PD"	"GroupPD"	0.982668587975851	0.213862347105435	0.240777618954405	0.0100723405820303	0.482922203227137	0.0100723405820303	0.482922203227137	NA	"abundance"	146	12
"d__Bacteria;p__Bacillota_A;c__Clostridia;o__Lachnospirales;f__Lachnospiraceae;g__Anthropogastromicrobium;s__Anthropogastromicrobium sp934292725"	"Group"	"PD"	"GroupPD"	-0.479703251439971	0.213862347105435	0.263136456858289	0.0102557623880624	0.482922203227137	0.0102557623880624	0.482922203227137	NA	"abundance"	146	94
"d__Bacteria;p__Bacillota_A;c__Clostridia;o__Oscillospirales;f__Ruminococcaceae;g__Faecalibacterium;s__Faecalibacterium sp900539945"	"Group"	"PD"	"GroupPD"	-0.409937437489878	0.213862347105435	0.238266409229802	0.0112465456956916	0.482922203227137	0.0112465456956916	0.482922203227137	NA	"abundance"	146	80
"d__Bacteria;p__Bacillota_A;c__Clostridia;o__Oscillospirales;f__Ruminococcaceae;g__Faecalibacterium;s__Faecalibacterium sp934514285"	"Group"	"PD"	"GroupPD"	-0.467032564529079	0.213862347105435	0.261804355850757	0.0112952765383286	0.482922203227137	0.0112952765383286	0.482922203227137	NA	"abundance"	146	96
"d__Bacteria;p__Bacteroidota;c__Bacteroidia;o__Bacteroidales;f__Rikenellaceae;g__Alistipes_A;s__Alistipes_A ihumii"	"Group"	"PD"	"GroupPD"	0.670167060230312	0.213862347105435	0.170883200841734	0.0113534430174815	0.482922203227137	0.0113534430174815	0.482922203227137	NA	"abundance"	146	51
"d__Bacteria;p__Bacteroidota;c__Bacteroidia;o__Bacteroidales;f__Bacteroidaceae;g__Phocaeicola;s__Phocaeicola vulgatus"	"Group"	"PD"	"GroupPD"	-0.516547464317008	0.213862347105435	0.282360825816227	0.0114400836007686	0.482922203227137	0.0114400836007686	0.482922203227137	NA	"abundance"	146	114
"d__Bacteria;p__Bacillota_A;c__Clostridia;o__TANB77;f__CAG-508;g__CAG-269;s__CAG-269 sp001916035"	"Group"	"PD"	"GroupPD"	0.872599760414753	0.213862347105435	0.192003556801317	0.0115732989880142	0.482922203227137	0.0115732989880142	0.482922203227137	NA	"abundance"	146	9
"d__Bacteria;p__Bacillota_A;c__Clostridia;o__Oscillospirales;f__Oscillospiraceae;g__Faecousia;s__Faecousia sp900544975"	"Group"	"PD"	"GroupPD"	-2.01830954977651	0.213862347105435	0.517256805712582	0.0125574800316185	0.485628415636134	0.0125574800316185	0.485628415636134	NA	"abundance"	146	6
"d__Bacteria;p__Bacillota_A;c__Clostridia;o__Lachnospirales;f__Lachnospiraceae;g__Laedolimicola;s__Laedolimicola ammoniilytica"	"Group"	"PD"	"GroupPD"	-0.289674433106237	0.213862347105435	0.149314208738694	0.0129883733336886	0.485628415636134	0.0129883733336886	0.485628415636134	NA	"abundance"	146	9
"d__Bacteria;p__Bacillota_A;c__Clostridia;o__Lachnospirales;f__Lachnospiraceae;g__Hominiventricola;s__Hominiventricola sp003480725"	"Group"	"PD"	"GroupPD"	-0.109946330700352	0.213862347105435	0.121115533161445	0.0132251747177596	0.485628415636134	0.0132251747177596	0.485628415636134	NA	"abundance"	146	40
"d__Bacteria;p__Bacillota_A;c__Clostridia;o__Oscillospirales;f__Oscillospiraceae;g__Limivicinus;s__Limivicinus sp900547315"	"Group"	"PD"	"GroupPD"	-0.920628357227125	0.213862347105435	0.333153135507531	0.0146247235402622	0.516365238844643	0.0146247235402622	0.516365238844643	NA	"abundance"	146	8
"d__Bacteria;p__Bacillota_A;c__Clostridia;o__Oscillospirales;f__Ruminococcaceae;g__Faecalibacterium;s__Faecalibacterium prausnitzii_I"	"Group"	"PD"	"GroupPD"	-0.290714477543681	0.213862347105435	0.200816505090926	0.0157346854266622	0.534979304506516	0.0157346854266622	0.534979304506516	NA	"abundance"	146	63
"d__Bacteria;p__Bacillota_C;c__Negativicutes;o__Acidaminococcales;f__Acidaminococcaceae;g__Phascolarctobacterium;s__Phascolarctobacterium faecium"	"Group"	"PD"	"GroupPD"	-0.406906109448182	0.213862347105435	0.251520442692225	0.0169088884846733	0.553795051723968	0.0169088884846733	0.553795051723968	NA	"abundance"	146	66
"d__Bacteria;p__Bacillota_A;c__Clostridia;o__Oscillospirales;f__Oscillospiraceae;g__Lawsonibacter;s__Lawsonibacter sp902363045"	"Group"	"PD"	"GroupPD"	0.673624362992373	0.213862347105435	0.15582757759991	0.017620364049711	0.553795051723968	0.017620364049711	0.553795051723968	NA	"abundance"	146	11
"d__Bacteria;p__Bacillota_A;c__Clostridia;o__Lachnospirales;f__Lachnospiraceae;g__Anaerobutyricum;s__Anaerobutyricum soehngenii"	"Group"	"PD"	"GroupPD"	0.843441158460071	0.213862347105435	0.260933409502032	0.0183174805464773	0.553795051723968	0.0183174805464773	0.553795051723968	NA	"abundance"	146	96
"d__Bacteria;p__Bacillota_A;c__Clostridia;o__Clostridiales;f__Clostridiaceae;g__Clostridium;s__Clostridium sp027692445"	"Group"	"PD"	"GroupPD"	-1.46090465614758	0.213862347105435	0.039284924425639	0.0187011400908965	0.553795051723968	0.0187011400908965	0.553795051723968	NA	"abundance"	146	3
"d__Bacteria;p__Bacillota_A;c__Clostridia;o__Oscillospirales;f__Ruminococcaceae;g__Massilioclostridium;s__Massilioclostridium methylpentosum"	"Group"	"PD"	"GroupPD"	0.570697475549598	0.213862347105435	0.0718008747911812	0.0193728008178367	0.555757223461689	0.0193728008178367	0.555757223461689	NA	"abundance"	146	5
"d__Bacteria;p__Bacteroidota;c__Bacteroidia;o__Bacteroidales;f__Bacteroidaceae;g__Bacteroides;s__Bacteroides cutis"	"Group"	"PD"	"GroupPD"	1.70084212688488	0.213862347105435	0.330211056453851	0.0206888944292289	0.557224032167724	0.0206888944292289	0.557224032167724	NA	"abundance"	146	5
"d__Bacteria;p__Bacillota_A;c__Clostridia;o__Oscillospirales;f__Oscillospiraceae;g__Vescimonas;s__Vescimonas sp900552475"	"Group"	"PD"	"GroupPD"	-0.333602601489087	0.213862347105435	0.212292179522223	0.0212411217009197	0.557224032167724	0.0212411217009197	0.557224032167724	NA	"abundance"	146	18
"d__Bacteria;p__Bacillota_A;c__Clostridia;o__TANB77;f__CAG-508;g__CAG-269;s__CAG-269 sp003525075"	"Group"	"PD"	"GroupPD"	-0.472327778708507	0.213862347105435	0.280508607601314	0.0218798654051717	0.557224032167724	0.0218798654051717	0.557224032167724	NA	"abundance"	146	29
"d__Bacteria;p__Bacillota_A;c__Clostridia;o__Lachnospirales;f__Lachnospiraceae;g__Brotaphodocola;s__Brotaphodocola sp900540335"	"Group"	"PD"	"GroupPD"	1.71937254003947	0.213862347105435	0.492245218002507	0.0224263681146268	0.557224032167724	0.0224263681146268	0.557224032167724	NA	"abundance"	146	8
"d__Bacteria;p__Bacillota_A;c__Clostridia;o__Oscillospirales;f__Ruminococcaceae;g__Gemmiger;s__Gemmiger qucibialis"	"Group"	"PD"	"GroupPD"	0.779586877509006	0.213862347105435	0.243690962492988	0.0230024937073292	0.557224032167724	0.0230024937073292	0.557224032167724	NA	"abundance"	146	125
"d__Bacteria;p__Bacillota_A;c__Clostridia;o__Lachnospirales;f__Lachnospiraceae;g__Hominisplanchenecus;s__Hominisplanchenecus faecis"	"Group"	"PD"	"GroupPD"	-0.487652024769139	0.213862347105435	0.299934070875829	0.0230659185428905	0.557224032167724	0.0230659185428905	0.557224032167724	NA	"abundance"	146	65
"d__Bacteria;p__Bacteroidota;c__Bacteroidia;o__Bacteroidales;f__Bacteroidaceae;g__Bacteroides;s__Bacteroides propionicigenes"	"Group"	"PD"	"GroupPD"	2.93009378948619	0.213862347105435	0.0970136796740373	0.0236989795686753	0.557837519078049	0.0236989795686753	0.557837519078049	NA	"abundance"	146	3
"d__Bacteria;p__Bacillota_I;c__Bacilli_A;o__RF39;f__UBA660;g__CAG-533;s__CAG-533 sp000434495"	"Group"	"PD"	"GroupPD"	-1.84238512332802	0.213862347105435	0.48823774104157	0.0245488660208202	0.563396475177823	0.0245488660208202	0.563396475177823	NA	"abundance"	146	5
"d__Bacteria;p__Bacillota_A;c__Clostridia;o__Lachnospirales;f__Lachnospiraceae;g__Limivivens;s__Limivivens sp905214955"	"Group"	"PD"	"GroupPD"	-0.0392245074484996	0.213862347105435	0.106408535661867	0.0258336630080818	0.575103755784485	0.0258336630080818	0.575103755784485	NA	"abundance"	146	56
"d__Bacteria;p__Bacillota_I;c__Bacilli_A;o__Erysipelotrichales;f__Erysipelotrichaceae;g__Merdibacter;s__Merdibacter sp900759455"	"Group"	"PD"	"GroupPD"	-0.974768088722756	0.213862347105435	0.408833076722419	0.0272902788008769	0.575103755784485	0.0272902788008769	0.575103755784485	NA	"abundance"	146	8
"d__Bacteria;p__Bacillota;c__Bacilli;o__Lactobacillales;f__Enterococcaceae;g__Enterococcus_B;s__Enterococcus_B faecium"	"Group"	"PD"	"GroupPD"	-1.59014999188064	0.213862347105435	0.585669920710441	0.0275932338342428	0.575103755784485	0.0275932338342428	0.575103755784485	NA	"abundance"	146	7
"d__Bacteria;p__Bacillota_A;c__Clostridia;o__Clostridiales;f__Clostridiaceae;g__Sarcina;s__Sarcina perfringens"	"Group"	"PD"	"GroupPD"	4.22464257927285	0.213862347105435	0.173188446108681	0.0278625667735599	0.575103755784485	0.0278625667735599	0.575103755784485	NA	"abundance"	146	3
"d__Bacteria;p__Bacillota_A;c__Clostridia;o__Lachnospirales;f__Lachnospiraceae;g__Merdiplasma;s__Merdiplasma excrementigallinarum"	"Group"	"PD"	"GroupPD"	-1.1655644393038	0.213862347105435	0.346767017056068	0.0286850370583167	0.575103755784485	0.0286850370583167	0.575103755784485	NA	"abundance"	146	5
"d__Bacteria;p__Pseudomonadota;c__Gammaproteobacteria;o__Enterobacterales;f__Enterobacteriaceae;g__Escherichia;s__Escherichia coli_F"	"Group"	"PD"	"GroupPD"	1.32734879579395	0.213862347105435	0.496028694592969	0.0288178352571746	0.575103755784485	0.0288178352571746	0.575103755784485	NA	"abundance"	146	61
"d__Bacteria;p__Bacillota_A;c__Clostridia;o__Christensenellales;f__QALW01;g__Neochristensenella;s__Neochristensenella gallicola"	"Group"	"PD"	"GroupPD"	-0.744116232778298	0.213862347105435	0.0338731953412938	0.0297577989591171	0.581226796690841	0.0297577989591171	0.581226796690841	NA	"abundance"	146	3
"d__Bacteria;p__Bacillota_A;c__Clostridia;o__Lachnospirales;f__Lachnospiraceae;g__Brotaphodocola;s__Brotaphodocola sp900770535"	"Group"	"PD"	"GroupPD"	-0.264592133229078	0.213862347105435	0.174080741547366	0.0304501419464885	0.582358964726593	0.0304501419464885	0.582358964726593	NA	"abundance"	146	9
"d__Bacteria;p__Bacillota_A;c__Clostridia;o__Christensenellales;f__Borkfalkiaceae;g__Scatosoma;s__Scatosoma sp003150575"	"Group"	"PD"	"GroupPD"	0.917449117595363	0.213862347105435	0.23902919219633	0.0329213257682399	0.598831290499356	0.0329213257682399	0.598831290499356	NA	"abundance"	146	7
"d__Bacteria;p__Bacillota_A;c__Clostridia;o__Lachnospirales;f__Lachnospiraceae;g__Eubacterium_F;s__Eubacterium_F sp900539115"	"Group"	"PD"	"GroupPD"	-0.470916656261667	0.213862347105435	0.305184606237604	0.0333437362613186	0.598831290499356	0.0333437362613186	0.598831290499356	NA	"abundance"	146	31
"d__Bacteria;p__Bacillota_A;c__Clostridia;o__Oscillospirales;f__Ruminococcaceae;g__Ruminiclostridium_E;s__Ruminiclostridium_E siraeum"	"Group"	"PD"	"GroupPD"	-0.551994056472579	0.213862347105435	0.353951513780601	0.0344284601198921	0.598831290499356	0.0344284601198921	0.598831290499356	NA	"abundance"	146	72
"d__Bacteria;p__Bacillota_A;c__Clostridia;o__Lachnospirales;f__Lachnospiraceae;g__Acetatifactor;s__"	"Group"	"PD"	"GroupPD"	1.52585875061408	0.213862347105435	0.354135201271904	0.0345227784765343	0.598831290499356	0.0345227784765343	0.598831290499356	NA	"abundance"	146	5
"d__Bacteria;p__Bacillota_A;c__Clostridia;o__Christensenellales;f__Aristaeellaceae;g__Pullichristensenella;s__Pullichristensenella excrementigallinarum"	"Group"	"PD"	"GroupPD"	-0.234891773943503	0.213862347105435	0.193940238556118	0.0359441868269695	0.598831290499356	0.0359441868269695	0.598831290499356	NA	"abundance"	146	18
"d__Bacteria;p__Bacillota_A;c__Clostridia;o__Christensenellales;f__Aristaeellaceae;g__Limiplasma;s__Limiplasma sp004556545"	"Group"	"PD"	"GroupPD"	1.61572121576997	0.213862347105435	0.273434453853261	0.0364223446630471	0.598831290499356	0.0364223446630471	0.598831290499356	NA	"abundance"	146	4
"d__Bacteria;p__Actinomycetota;c__Coriobacteriia;o__Coriobacteriales;f__Eggerthellaceae;g__Enteroscipio;s__Enteroscipio rubneri"	"Group"	"PD"	"GroupPD"	1.46062641806137	0.213862347105435	0.44616418231615	0.0386067497048264	0.598831290499356	0.0386067497048264	0.598831290499356	NA	"abundance"	146	7
"d__Bacteria;p__Bacillota_A;c__Clostridia;o__Oscillospirales;f__CAG-382;g__Woodwardibium;s__Woodwardibium gallinarum"	"Group"	"PD"	"GroupPD"	-0.22094564264117	0.213862347105435	0.189887334963687	0.038687960483037	0.598831290499356	0.038687960483037	0.598831290499356	NA	"abundance"	146	17
"d__Bacteria;p__Bacillota_A;c__Clostridia;o__Lachnospirales;f__Lachnospiraceae;g__Eubacterium_F;s__Eubacterium_F sp000433735"	"Group"	"PD"	"GroupPD"	-0.400727927052696	0.213862347105435	0.28292389541934	0.0388314469196547	0.598831290499356	0.0388314469196547	0.598831290499356	NA	"abundance"	146	32
"d__Bacteria;p__Bacillota_A;c__Clostridia;o__Lachnospirales;f__Lachnospiraceae;g__Roseburia;s__Roseburia intestinalis"	"Group"	"PD"	"GroupPD"	-0.424676767257188	0.213862347105435	0.302355228550189	0.0390640091749029	0.598831290499356	0.0390640091749029	0.598831290499356	NA	"abundance"	146	75
"d__Bacteria;p__Bacteroidota;c__Bacteroidia;o__Bacteroidales;f__Bacteroidaceae;g__Bacteroides;s__Bacteroides clarus"	"Group"	"PD"	"GroupPD"	1.05396646462561	0.213862347105435	0.380650185962349	0.0392376229884217	0.598831290499356	0.0392376229884217	0.598831290499356	NA	"abundance"	146	23
"d__Bacteria;p__Bacillota_A;c__Clostridia;o__Oscillospirales;f__Oscillospiraceae;g__Vescimonas;s__Vescimonas sp000435975"	"Group"	"PD"	"GroupPD"	1.12212668701492	0.213862347105435	0.416921010431974	0.0394472720010975	0.598831290499356	0.0394472720010975	0.598831290499356	NA	"abundance"	146	27
"d__Bacteria;p__Bacillota_A;c__Clostridia;o__Oscillospirales;f__Oscillospiraceae;g__UBA738;s__UBA738 sp003522945"	"Group"	"PD"	"GroupPD"	0.746771905990745	0.213862347105435	0.249810825644313	0.0403558858281832	0.598831290499356	0.0403558858281832	0.598831290499356	NA	"abundance"	146	41
"d__Bacteria;p__Bacillota_A;c__Clostridia;o__Lachnospirales;f__Lachnospiraceae;g__Acetatifactor;s__Acetatifactor acetigignens"	"Group"	"PD"	"GroupPD"	-0.251860411780449	0.213862347105435	0.221687616538518	0.0404439433670589	0.598831290499356	0.0404439433670589	0.598831290499356	NA	"abundance"	146	87
"d__Bacteria;p__Bacillota_A;c__Clostridia;o__Lachnospirales;f__Lachnospiraceae;g__Agathobacter;s__Agathobacter faecis"	"Group"	"PD"	"GroupPD"	-0.500991278132231	0.213862347105435	0.344174926091327	0.041311985516793	0.601974646101842	0.041311985516793	0.601974646101842	NA	"abundance"	146	92
"d__Bacteria;p__Bacillota_A;c__Clostridia;o__Lachnospirales;f__Lachnospiraceae;g__Jutongia;s__Jutongia sp003524945"	"Group"	"PD"	"GroupPD"	-1.03397084918012	0.213862347105435	0.556611952276167	0.043315581746195	0.619488080635115	0.043315581746195	0.619488080635115	NA	"abundance"	146	15
"d__Bacteria;p__Bacillota_A;c__Clostridia;o__Lachnospirales;f__Lachnospiraceae;g__Roseburia;s__Roseburia inulinivorans"	"Group"	"PD"	"GroupPD"	-0.176103192756744	0.213862347105435	0.187897374175185	0.0438635351212228	0.619488080635115	0.0438635351212228	0.619488080635115	NA	"abundance"	146	78
"d__Bacteria;p__Bacillota_A;c__Clostridia;o__Oscillospirales;f__Ruminococcaceae;g__Faecalibacterium;s__Faecalibacterium prausnitzii_E"	"Group"	"PD"	"GroupPD"	-1.4821867347794	0.213862347105435	0.797271489219918	0.04489797310455	0.624489989545105	0.04489797310455	0.624489989545105	NA	"abundance"	146	24
"d__Bacteria;p__Bacillota_A;c__Clostridia;o__Oscillospirales;f__Oscillospiraceae;g__Dysosmobacter;s__Dysosmobacter sp900550685"	"Group"	"PD"	"GroupPD"	-0.428506612038442	0.213862347105435	0.036122322235023	0.0462084419674946	0.633124622778508	0.0462084419674946	0.633124622778508	NA	"abundance"	146	3
"d__Bacteria;p__Bacillota_A;c__Clostridia;o__Oscillospirales;f__Oscillospiraceae;g__Scatomorpha;s__Scatomorpha sp900546485"	"Group"	"PD"	"GroupPD"	3.41084612164863	0.213862347105435	0.723232076461605	0.047640941236986	0.633363552337782	0.047640941236986	0.633363552337782	NA	"abundance"	146	4
"d__Bacteria;p__Bacillota_A;c__Clostridia;o__Lachnospirales;f__Lachnospiraceae;g__Coprococcus;s__Coprococcus aceti"	"Group"	"PD"	"GroupPD"	-0.869718342381988	0.213862347105435	0.530561798223762	0.0480867384690885	0.633363552337782	0.0480867384690885	0.633363552337782	NA	"abundance"	146	42
"d__Bacteria;p__Bacillota_A;c__Clostridia;o__Oscillospirales;f__Oscillospiraceae;g__Evtepia;s__Evtepia gabavorous"	"Group"	"PD"	"GroupPD"	0.557849021005741	0.213862347105435	0.169050133013551	0.0482956957120313	0.633363552337782	0.0482956957120313	0.633363552337782	NA	"abundance"	146	82
"d__Bacteria;p__Bacillota;c__Bacilli;o__Lactobacillales;f__Streptococcaceae;g__Streptococcus;s__Streptococcus thermophilus"	"Group"	"PD"	"GroupPD"	0.821022673932988	0.213862347105435	0.302679825050106	0.0495213755182231	0.636291368850294	0.0495213755182231	0.636291368850294	NA	"abundance"	146	75
"d__Bacteria;p__Bacillota_A;c__Clostridia;o__Lachnospirales;f__Lachnospiraceae;g__Lachnospira;s__Lachnospira sp003537285"	"Group"	"PD"	"GroupPD"	-0.533685557586721	0.213862347105435	0.171295898977582	0.0502400989632674	0.636291368850294	0.0502400989632674	0.636291368850294	NA	"abundance"	146	4
"d__Bacteria;p__Bacillota_A;c__Clostridia;o__Oscillospirales;f__Oscillospiraceae;g__Vescimonas;s__Vescimonas sp003487665"	"Group"	"PD"	"GroupPD"	-0.659118100129469	0.213862347105435	0.314573078426714	0.0505983332528012	0.636291368850294	0.0505983332528012	0.636291368850294	NA	"abundance"	146	6
"d__Bacteria;p__Desulfobacterota;c__Desulfovibrionia;o__Desulfovibrionales;f__Desulfovibrionaceae;g__Desulfovibrio;s__Desulfovibrio desulfuricans_E"	"Group"	"PD"	"GroupPD"	0.895354382517371	0.213862347105435	0.289707594351861	0.051615866475168	0.640315748975733	0.051615866475168	0.640315748975733	NA	"abundance"	146	9
"d__Bacteria;p__Pseudomonadota;c__Gammaproteobacteria;o__Burkholderiales;f__Burkholderiaceae;g__Parasutterella;s__Parasutterella sp900552195"	"Group"	"PD"	"GroupPD"	-0.223961407066146	0.213862347105435	0.22019534202885	0.0544878601567786	0.642803832595747	0.0544878601567786	0.642803832595747	NA	"abundance"	146	49
"d__Bacteria;p__Bacillota_A;c__Clostridia;o__Oscillospirales;f__Oscillospiraceae;g__F23-B02;s__F23-B02 sp900545805"	"Group"	"PD"	"GroupPD"	-2.96074677985509	0.213862347105435	0.271020563693907	0.0545840807061483	0.642803832595747	0.0545840807061483	0.642803832595747	NA	"abundance"	146	3
"d__Bacteria;p__Bacillota_A;c__Clostridia;o__Oscillospirales;f__Acutalibacteraceae;g__UMGS856;s__UMGS856 sp900546265"	"Group"	"PD"	"GroupPD"	-0.623351549750617	0.213862347105435	0.394127612491935	0.0557319842245875	0.642803832595747	0.0557319842245875	0.642803832595747	NA	"abundance"	146	14
"d__Bacteria;p__Bacillota_A;c__Clostridia;o__Oscillospirales;f__CAG-382;g__UBA1206;s__UBA1206 sp000433115"	"Group"	"PD"	"GroupPD"	0.617984888539317	0.213862347105435	0.148413505904783	0.0558361618672545	0.642803832595747	0.0558361618672545	0.642803832595747	NA	"abundance"	146	6
"d__Bacteria;p__Bacillota_A;c__Clostridia;o__UBA1381;f__UBA1381;g__Hominilimicola;s__Hominilimicola fabiformis"	"Group"	"PD"	"GroupPD"	-0.0666204478222727	0.213862347105435	0.14258430939449	0.0563956055628878	0.642803832595747	0.0563956055628878	0.642803832595747	NA	"abundance"	146	116
"d__Bacteria;p__Bacillota_I;c__Bacilli_A;o__Erysipelotrichales;f__Erysipelotrichaceae;g__Merdibacter;s__Merdibacter merdavium"	"Group"	"PD"	"GroupPD"	-0.759781162497032	0.213862347105435	0.0819263650834657	0.0568675873859203	0.642803832595747	0.0568675873859203	0.642803832595747	NA	"abundance"	146	3
"d__Bacteria;p__Bacillota_A;c__Clostridia;o__Christensenellales;f__Aristaeellaceae;g__SFTH01;s__"	"Group"	"PD"	"GroupPD"	2.6821793170234	0.213862347105435	0.225829778674083	0.0586303883671757	0.642803832595747	0.0586303883671757	0.642803832595747	NA	"abundance"	146	3
"d__Bacteria;p__Bacillota_A;c__Clostridia;o__Oscillospirales;f__Ruminococcaceae;g__Hominimerdicola;s__Hominimerdicola aceti"	"Group"	"PD"	"GroupPD"	-0.405892507652141	0.213862347105435	0.321992485653485	0.0587720950343606	0.642803832595747	0.0587720950343606	0.642803832595747	NA	"abundance"	146	83
"d__Bacteria;p__Bacillota_A;c__Clostridia;o__Oscillospirales;f__Oscillospiraceae;g__CAKTFW01;s__CAKTFW01 sp019421975"	"Group"	"PD"	"GroupPD"	0.979227346536036	0.213862347105435	0.0648526229290912	0.0589012039047541	0.642803832595747	0.0589012039047541	0.642803832595747	NA	"abundance"	146	3
"d__Bacteria;p__Bacillota_A;c__Clostridia;o__Lachnospirales;f__Lachnospiraceae;g__Mediterraneibacter;s__Mediterraneibacter turbiniformis"	"Group"	"PD"	"GroupPD"	-0.493349388300073	0.213862347105435	0.2901590767183	0.0595096789958907	0.642803832595747	0.0595096789958907	0.642803832595747	NA	"abundance"	146	7
"d__Bacteria;p__Bacteroidota;c__Bacteroidia;o__Bacteroidales;f__Rikenellaceae;g__Alistipes;s__Alistipes onderdonkii"	"Group"	"PD"	"GroupPD"	0.780035699725728	0.213862347105435	0.296405322258521	0.06008450907598	0.642803832595747	0.06008450907598	0.642803832595747	NA	"abundance"	146	106
"d__Bacteria;p__Bacillota_A;c__Clostridia;o__Lachnospirales;f__Lachnospiraceae;g__Limivivens;s__Limivivens faecihominis"	"Group"	"PD"	"GroupPD"	-0.00181786730823185	0.213862347105435	0.10908414596137	0.0602190954283598	0.642803832595747	0.0602190954283598	0.642803832595747	NA	"abundance"	146	75
"d__Bacteria;p__Bacillota_A;c__Clostridia;o__Lachnospirales;f__Lachnospiraceae;g__Dorea_D;s__Dorea_D sp900543415"	"Group"	"PD"	"GroupPD"	1.09386430800436	0.213862347105435	0.448903448192572	0.0610747697257137	0.644444121933393	0.0610747697257137	0.644444121933393	NA	"abundance"	146	28
"d__Bacteria;p__Bacillota_A;c__Clostridia;o__Lachnospirales;f__Anaerotignaceae;g__Neoanaerotignum_A;s__Neoanaerotignum_A sp934256695"	"Group"	"PD"	"GroupPD"	-0.281992036602849	0.213862347105435	0.168881661858653	0.0625804629668751	0.652828011404447	0.0625804629668751	0.652828011404447	NA	"abundance"	146	5
"d__Bacteria;p__Bacillota_A;c__Clostridia;o__Oscillospirales;f__Oscillospiraceae;g__Dysosmobacter;s__Dysosmobacter sp900544615"	"Group"	"PD"	"GroupPD"	-0.535424576904274	0.213862347105435	0.314285340577055	0.0636883680360608	0.654657295642585	0.0636883680360608	0.654657295642585	NA	"abundance"	146	7
"d__Bacteria;p__Bacillota_A;c__Clostridia;o__Lachnospirales;f__Lachnospiraceae;g__Alitiscatomonas;s__Alitiscatomonas sp900066535"	"Group"	"PD"	"GroupPD"	-0.12164235711685	0.213862347105435	0.173465345733579	0.0641820878080965	0.654657295642585	0.0641820878080965	0.654657295642585	NA	"abundance"	146	40
"d__Bacteria;p__Bacillota_A;c__Clostridia;o__Oscillospirales;f__Ruminococcaceae;g__Ruthenibacterium;s__Ruthenibacterium merdipullorum"	"Group"	"PD"	"GroupPD"	-0.609473514465106	0.213862347105435	0.415079522242733	0.0678088336719382	0.67050575599358	0.0678088336719382	0.67050575599358	NA	"abundance"	146	16
"d__Bacteria;p__Bacillota_A;c__Clostridia;o__Oscillospirales;f__Acutalibacteraceae;g__Acutalibacter;s__Acutalibacter stercoravium"	"Group"	"PD"	"GroupPD"	-1.09660799088897	0.213862347105435	0.63971002034197	0.0678186185901266	0.67050575599358	0.0678186185901266	0.67050575599358	NA	"abundance"	146	12
"d__Bacteria;p__Bacillota_A;c__Clostridia;o__Oscillospirales;f__Acutalibacteraceae;g__Clostridium_A;s__Clostridium_A leptum"	"Group"	"PD"	"GroupPD"	0.701063092601706	0.213862347105435	0.260742672946926	0.0680427529615835	0.67050575599358	0.0680427529615835	0.67050575599358	NA	"abundance"	146	66
"d__Bacteria;p__Bacillota_A;c__Clostridia;o__Peptostreptococcales;f__Peptostreptococcaceae;g__Intestinibacter;s__Intestinibacter sp900540355"	"Group"	"PD"	"GroupPD"	0.902418333015352	0.213862347105435	0.351924545511276	0.0687779094345973	0.67050575599358	0.0687779094345973	0.67050575599358	NA	"abundance"	146	18
"d__Bacteria;p__Bacillota_A;c__Clostridia;o__Oscillospirales;f__Butyricicoccaceae;g__Agathobaculum;s__Agathobaculum butyriciproducens"	"Group"	"PD"	"GroupPD"	-0.0470461061813155	0.213862347105435	0.139804857430046	0.0705516184985429	0.67050575599358	0.0705516184985429	0.67050575599358	NA	"abundance"	146	107
"d__Bacteria;p__Bacillota_A;c__Clostridia;o__Lachnospirales;f__Lachnospiraceae;g__Enterocloster;s__Enterocloster sp001517625"	"Group"	"PD"	"GroupPD"	1.12152126214023	0.213862347105435	0.477516966406572	0.0707833979348802	0.67050575599358	0.0707833979348802	0.67050575599358	NA	"abundance"	146	24
"d__Bacteria;p__Bacillota_I;c__Bacilli_A;o__Erysipelotrichales;f__Coprobacillaceae;g__Faecalibacillus;s__Faecalibacillus faecis"	"Group"	"PD"	"GroupPD"	0.688075881799588	0.213862347105435	0.251115455828896	0.0708486474198009	0.67050575599358	0.0708486474198009	0.67050575599358	NA	"abundance"	146	30
"d__Bacteria;p__Bacillota_A;c__Clostridia;o__Oscillospirales;f__Ruminococcaceae;g__Faecalibacterium;s__Faecalibacterium sp900758465"	"Group"	"PD"	"GroupPD"	-0.238000029826458	0.213862347105435	0.241600013734321	0.0722477995447542	0.67677020389882	0.0722477995447542	0.67677020389882	NA	"abundance"	146	36
"d__Bacteria;p__Bacillota_A;c__Clostridia;o__Oscillospirales;f__CAG-382;g__Woodwardibium;s__Woodwardibium sp900760275"	"Group"	"PD"	"GroupPD"	0.47578876140223	0.213862347105435	0.13822992789738	0.0768893346549893	0.706518184157944	0.0768893346549893	0.706518184157944	NA	"abundance"	146	25
"d__Bacteria;p__Bacillota_I;c__Bacilli_A;o__Erysipelotrichales;f__Erysipelotrichaceae;g__Longicatena;s__Longicatena caecimuris"	"Group"	"PD"	"GroupPD"	0.863718712448901	0.213862347105435	0.352071723813627	0.0769627651588174	0.706518184157944	0.0769627651588174	0.706518184157944	NA	"abundance"	146	28
"d__Bacteria;p__Bacteroidota;c__Bacteroidia;o__Bacteroidales;f__Tannerellaceae;g__Parabacteroides;s__Parabacteroides hominis"	"Group"	"PD"	"GroupPD"	-0.379730794097599	0.213862347105435	0.226744834282126	0.0806393049733765	0.717707539657006	0.0806393049733765	0.717707539657006	NA	"abundance"	146	5
"d__Bacteria;p__Bacillota_A;c__Clostridia;o__Oscillospirales;f__Acutalibacteraceae;g__Solibaculum;s__Solibaculum mannosilyticum"	"Group"	"PD"	"GroupPD"	-0.181118993877665	0.213862347105435	0.201479659937374	0.0807321829183324	0.717707539657006	0.0807321829183324	0.717707539657006	NA	"abundance"	146	12
"d__Bacteria;p__Bacillota_A;c__Clostridia;o__Lachnospirales;f__Lachnospiraceae;g__Otoolea;s__Otoolea fessa"	"Group"	"PD"	"GroupPD"	-0.0470013080212723	0.213862347105435	0.145163175024806	0.0814997792100476	0.717707539657006	0.0814997792100476	0.717707539657006	NA	"abundance"	146	84
"d__Bacteria;p__Bacillota_A;c__Clostridia;o__Lachnospirales;f__Lachnospiraceae;g__Agathobacter;s__Agathobacter sp905209075"	"Group"	"PD"	"GroupPD"	-0.57028393045293	0.213862347105435	0.400519486860347	0.0826302799323826	0.717707539657006	0.0826302799323826	0.717707539657006	NA	"abundance"	146	11
"d__Bacteria;p__Bacillota_A;c__Clostridia;o__Oscillospirales;f__Acutalibacteraceae;g__Heritagella;s__Heritagella intestinalis"	"Group"	"PD"	"GroupPD"	0.45143807693178	0.213862347105435	0.009677926987794	0.0826617258810589	0.717707539657006	0.0826617258810589	0.717707539657006	NA	"abundance"	146	3
"d__Bacteria;p__Bacteroidota;c__Bacteroidia;o__Bacteroidales;f__Rikenellaceae;g__Alistipes;s__Alistipes sp902363575"	"Group"	"PD"	"GroupPD"	-0.887255761842204	0.213862347105435	0.60785038578504	0.0828725481521162	0.717707539657006	0.0828725481521162	0.717707539657006	NA	"abundance"	146	26
"d__Bacteria;p__Bacillota_A;c__Clostridia;o__Lachnospirales;f__Lachnospiraceae;g__Blautia_A;s__Blautia_A sp900120195"	"Group"	"PD"	"GroupPD"	0.656069195239263	0.213862347105435	0.246392722535549	0.0838157572599743	0.719092197800527	0.0838157572599743	0.719092197800527	NA	"abundance"	146	35
"d__Bacteria;p__Actinomycetota;c__Actinomycetes;o__Actinomycetales;f__Bifidobacteriaceae;g__Bifidobacterium;s__Bifidobacterium infantis"	"Group"	"PD"	"GroupPD"	0.995450136965241	0.213862347105435	0.447531063547343	0.085077552189774	0.723159193613079	0.085077552189774	0.723159193613079	NA	"abundance"	146	87
"d__Bacteria;p__Bacillota_A;c__Clostridia;o__Christensenellales;f__Aristaeellaceae;g__Limiplasma;s__Limiplasma pullistercoris"	"Group"	"PD"	"GroupPD"	-0.628931299842888	0.213862347105435	0.45146519770269	0.0893208663747027	0.726081107807336	0.0893208663747027	0.726081107807336	NA	"abundance"	146	13
"d__Bacteria;p__Bacillota_A;c__Clostridia;o__Lachnospirales;f__Lachnospiraceae;g__Eubacterium_G;s__Eubacterium_G ventriosum"	"Group"	"PD"	"GroupPD"	-0.0989414559140211	0.213862347105435	0.179258010607825	0.0895191520653591	0.726081107807336	0.0895191520653591	0.726081107807336	NA	"abundance"	146	66
"d__Bacteria;p__Bacillota_A;c__Clostridia;o__Lachnospirales;f__Lachnospiraceae;g__Fusicatenibacter;s__Fusicatenibacter sp900543115"	"Group"	"PD"	"GroupPD"	-2.82001278817993	0.213862347105435	1.22549596181786	0.0896698945844151	0.726081107807336	0.0896698945844151	0.726081107807336	NA	"abundance"	146	5
"d__Bacteria;p__Bacillota_A;c__Clostridia;o__Oscillospirales;f__Acutalibacteraceae;g__CAG-177;s__CAG-177 sp003514385"	"Group"	"PD"	"GroupPD"	1.68006611832673	0.213862347105435	0.833884265438691	0.0897965361275199	0.726081107807336	0.0897965361275199	0.726081107807336	NA	"abundance"	146	30
"d__Bacteria;p__Bacillota_A;c__Clostridia;o__Eubacteriales;f__Anaerofustaceae;g__Anaerofustis;s__Anaerofustis stercorihominis"	"Group"	"PD"	"GroupPD"	-0.000300467206326619	0.213862347105435	0.00782025340102876	0.0899259721853508	0.726081107807336	0.0899259721853508	0.726081107807336	NA	"abundance"	146	3
"d__Bacteria;p__Actinomycetota;c__Coriobacteriia;o__Coriobacteriales;f__Eggerthellaceae;g__Eggerthella;s__Eggerthella lenta"	"Group"	"PD"	"GroupPD"	0.596953836746706	0.213862347105435	0.221182583177355	0.0908250055002431	0.726081107807336	0.0908250055002431	0.726081107807336	NA	"abundance"	146	64
"d__Bacteria;p__Bacillota_A;c__Clostridia;o__Oscillospirales;f__Ruminococcaceae;g__Metaruminococcus_A;s__"	"Group"	"PD"	"GroupPD"	-0.430850446057179	0.213862347105435	0.0879236173869071	0.0909578729824005	0.726081107807336	0.0909578729824005	0.726081107807336	NA	"abundance"	146	3
"d__Bacteria;p__Bacillota_A;c__Clostridia;o__Oscillospirales;f__Ruminococcaceae;g__RGIG3102;s__RGIG3102 sp934526065"	"Group"	"PD"	"GroupPD"	-0.484815509337868	0.213862347105435	0.226873555269047	0.0925900591321405	0.732738571407801	0.0925900591321405	0.732738571407801	NA	"abundance"	146	4
"d__Bacteria;p__Bacillota_A;c__Clostridia;o__Lachnospirales;f__Lachnospiraceae;g__Bariatricus;s__Bariatricus comes_A"	"Group"	"PD"	"GroupPD"	-0.116067836715744	0.213862347105435	0.192822557800032	0.0935677068173557	0.734146622720791	0.0935677068173557	0.734146622720791	NA	"abundance"	146	120
"d__Bacteria;p__Bacillota_A;c__Clostridia;o__Lachnospirales;f__Lachnospiraceae;g__Gallintestinimicrobium;s__Gallintestinimicrobium propionicum"	"Group"	"PD"	"GroupPD"	-0.0893986821729084	0.213862347105435	0.177944309892394	0.0965114984047908	0.750826741827101	0.0965114984047908	0.750826741827101	NA	"abundance"	146	75
"d__Bacteria;p__Bacillota_A;c__Clostridia;o__Oscillospirales;f__Oscillospiraceae;g__Scatomorpha;s__Scatomorpha intestinavium"	"Group"	"PD"	"GroupPD"	-0.672616530005997	0.213862347105435	0.299331437238517	0.0984399075456859	0.759393572495291	0.0984399075456859	0.759393572495291	NA	"abundance"	146	4
"d__Bacteria;p__Bacillota_A;c__Clostridia;o__Oscillospirales;f__Ruminococcaceae;g__Ruminococcus_C;s__Ruminococcus_C sp019417865"	"Group"	"PD"	"GroupPD"	1.40753420729344	0.213862347105435	0.507674797957699	0.10048500227763	0.765789609762777	0.10048500227763	0.765789609762777	NA	"abundance"	146	5
"d__Bacteria;p__Bacillota_A;c__Clostridia;o__Oscillospirales;f__Oscillospiraceae;g__Vescimonas;s__Vescimonas sp000435555"	"Group"	"PD"	"GroupPD"	0.888834772526177	0.213862347105435	0.403736473176616	0.100937410437142	0.765789609762777	0.100937410437142	0.765789609762777	NA	"abundance"	146	60
"d__Bacteria;p__Bacillota_A;c__Clostridia;o__TANB77;f__CAG-508;g__CAG-273;s__CAG-273 sp003507395"	"Group"	"PD"	"GroupPD"	2.32454684462809	0.213862347105435	1.1761201290456	0.102957085140558	0.769940821440658	0.102957085140558	0.769940821440658	NA	"abundance"	146	12
"d__Bacteria;p__Actinomycetota;c__Actinomycetes;o__Actinomycetales;f__Bifidobacteriaceae;g__Bifidobacterium;s__Bifidobacterium adolescentis"	"Group"	"PD"	"GroupPD"	0.965733309736198	0.213862347105435	0.455697833651486	0.104117925826483	0.769940821440658	0.104117925826483	0.769940821440658	NA	"abundance"	146	67
"d__Bacteria;p__Bacillota_A;c__Clostridia;o__Oscillospirales;f__Oscillospiraceae;g__Flavonifractor;s__Flavonifractor avistercoris"	"Group"	"PD"	"GroupPD"	-1.15067744658535	0.213862347105435	0.486080520267853	0.107159896872665	0.769940821440658	0.107159896872665	0.769940821440658	NA	"abundance"	146	4
"d__Bacteria;p__Bacillota_A;c__Clostridia;o__Oscillospirales;f__Oscillospiraceae;g__Onthomonas;s__Onthomonas sp900758315"	"Group"	"PD"	"GroupPD"	-0.527931033295673	0.213862347105435	0.408775043420738	0.107768579345716	0.769940821440658	0.107768579345716	0.769940821440658	NA	"abundance"	146	10
"d__Bacteria;p__Bacillota_A;c__Clostridia;o__Oscillospirales;f__CAG-272;g__UMGS1696;s__UMGS1696 sp900753285"	"Group"	"PD"	"GroupPD"	-0.048486921111691	0.213862347105435	0.149453512197233	0.108150757597527	0.769940821440658	0.108150757597527	0.769940821440658	NA	"abundance"	146	15
"d__Bacteria;p__Bacillota_A;c__Clostridia;o__Lachnospirales;f__Lachnospiraceae;g__Wujia;s__Wujia chipingensis"	"Group"	"PD"	"GroupPD"	-0.572342484300562	0.213862347105435	0.470368172038421	0.108322682919221	0.769940821440658	0.108322682919221	0.769940821440658	NA	"abundance"	146	26
"d__Bacteria;p__Bacteroidota;c__Bacteroidia;o__Bacteroidales;f__Rikenellaceae;g__Alistipes;s__Alistipes shahii"	"Group"	"PD"	"GroupPD"	-0.153573144679869	0.213862347105435	0.224971772376264	0.108817625706894	0.769940821440658	0.108817625706894	0.769940821440658	NA	"abundance"	146	88
"d__Bacteria;p__Bacillota_A;c__Clostridia;o__Oscillospirales;f__Oscillospiraceae;g__HGM13006;s__HGM13006 sp900756575"	"Group"	"PD"	"GroupPD"	0.581218301197963	0.213862347105435	0.216467383292484	0.109567296823003	0.769940821440658	0.109567296823003	0.769940821440658	NA	"abundance"	146	20
"d__Bacteria;p__Bacillota_A;c__Clostridia;o__Lachnospirales;f__Lachnospiraceae;g__Blautia;s__Blautia sp000432195"	"Group"	"PD"	"GroupPD"	1.52112821466188	0.213862347105435	0.757511617226859	0.11011592806102	0.769940821440658	0.11011592806102	0.769940821440658	NA	"abundance"	146	14
"d__Bacteria;p__Bacillota_A;c__Clostridia;o__Oscillospirales;f__Acutalibacteraceae;g__Acutalibacter;s__Acutalibacter sp900755895"	"Group"	"PD"	"GroupPD"	-0.294760579640977	0.213862347105435	0.224857378522304	0.110629765238119	0.769940821440658	0.110629765238119	0.769940821440658	NA	"abundance"	146	5
"d__Bacteria;p__Bacillota_A;c__Clostridia;o__Peptostreptococcales;f__Anaerovoracaceae;g__CAG-238;s__CAG-238 sp900551415"	"Group"	"PD"	"GroupPD"	-0.0537199238589656	0.213862347105435	0.146611519382219	0.110710444913036	0.769940821440658	0.110710444913036	0.769940821440658	NA	"abundance"	146	10
"d__Bacteria;p__Bacillota_I;c__Bacilli_A;o__Erysipelotrichales;f__Erysipelotrichaceae;g__Merdibacter;s__Merdibacter merdigallinarum"	"Group"	"PD"	"GroupPD"	0.543727044715728	0.213862347105435	0.16061131609596	0.11344281672771	0.782202413526069	0.11344281672771	0.782202413526069	NA	"abundance"	146	6
"d__Bacteria;p__Bacillota_A;c__Clostridia;o__Oscillospirales;f__UBA644;g__UBA644;s__UBA644 sp014872655"	"Group"	"PD"	"GroupPD"	-0.16635561883201	0.213862347105435	0.169462843455668	0.114223089074741	0.782202413526069	0.114223089074741	0.782202413526069	NA	"abundance"	146	5
"d__Bacteria;p__Actinomycetota;c__Coriobacteriia;o__Coriobacteriales;f__Eggerthellaceae;g__Ellagibacter;s__"	"Group"	"PD"	"GroupPD"	0.591070571388017	0.213862347105435	0.221247901090158	0.116666900994838	0.782202413526069	0.116666900994838	0.782202413526069	NA	"abundance"	146	14
"d__Bacteria;p__Bacteroidota;c__Bacteroidia;o__Bacteroidales;f__Bacteroidaceae;g__Phocaeicola;s__Phocaeicola massiliensis"	"Group"	"PD"	"GroupPD"	-0.385861432560915	0.213862347105435	0.37160957794312	0.117458418313625	0.782202413526069	0.117458418313625	0.782202413526069	NA	"abundance"	146	34
"d__Bacteria;p__Bacillota_A;c__Clostridia;o__Lachnospirales;f__Lachnospiraceae;g__Mediterraneibacter;s__Mediterraneibacter sp900120155"	"Group"	"PD"	"GroupPD"	-0.231718928447263	0.213862347105435	0.248184585688097	0.117675911183953	0.782202413526069	0.117675911183953	0.782202413526069	NA	"abundance"	146	9
"d__Bacteria;p__Bacillota_A;c__Clostridia;o__Christensenellales;f__QALW01;g__JAHAAN01;s__"	"Group"	"PD"	"GroupPD"	-0.527808655310589	0.213862347105435	0.136174534279275	0.118145598201864	0.782202413526069	0.118145598201864	0.782202413526069	NA	"abundance"	146	3
"d__Bacteria;p__Bacillota_A;c__Clostridia;o__Oscillospirales;f__Ruminococcaceae;g__Metaruminococcus_A;s__Metaruminococcus_A sp003150405"	"Group"	"PD"	"GroupPD"	1.48966465995433	0.213862347105435	0.676841790376389	0.118438056078566	0.782202413526069	0.118438056078566	0.782202413526069	NA	"abundance"	146	7
"d__Bacteria;p__Verrucomicrobiota;c__Verrucomicrobiae;o__Verrucomicrobiales;f__Akkermansiaceae;g__Akkermansia;s__Akkermansia muciniphila_F"	"Group"	"PD"	"GroupPD"	1.60655701905711	0.213862347105435	0.858553899991141	0.120588023124349	0.789487211607933	0.120588023124349	0.789487211607933	NA	"abundance"	146	22
"d__Bacteria;p__Bacillota_A;c__Clostridia;o__Lachnospirales;f__Lachnospiraceae;g__Roseburia;s__Roseburia sp900756925"	"Group"	"PD"	"GroupPD"	-0.398720531359404	0.213862347105435	0.115963545613419	0.122811293292682	0.789487211607933	0.122811293292682	0.789487211607933	NA	"abundance"	146	3
"d__Bacteria;p__Bacillota_A;c__Clostridia;o__Peptostreptococcales;f__Peptostreptococcaceae;g__Romboutsia;s__Romboutsia timonensis"	"Group"	"PD"	"GroupPD"	0.512608034705238	0.213862347105435	0.189950803101523	0.12395830069552	0.789487211607933	0.12395830069552	0.789487211607933	NA	"abundance"	146	80
"d__Bacteria;p__Bacillota_I;c__Bacilli_A;o__RF39;f__UBA660;g__CAG-302;s__CAG-302 sp934162325"	"Group"	"PD"	"GroupPD"	1.37827191439974	0.213862347105435	0.726715119486202	0.125899098844376	0.789487211607933	0.125899098844376	0.789487211607933	NA	"abundance"	146	21
"d__Bacteria;p__Bacillota_A;c__Clostridia;o__Lachnospirales;f__Lachnospiraceae;g__Blautia_A;s__Blautia_A gallistercoris"	"Group"	"PD"	"GroupPD"	-0.526976304071082	0.213862347105435	0.383237032964911	0.125953767312968	0.789487211607933	0.125953767312968	0.789487211607933	NA	"abundance"	146	6
"d__Bacteria;p__Bacillota_A;c__Clostridia;o__Oscillospirales;f__Oscillospiraceae;g__Vescimonas;s__Vescimonas sp900547745"	"Group"	"PD"	"GroupPD"	1.69106943466123	0.213862347105435	0.831817565620168	0.126188055593893	0.789487211607933	0.126188055593893	0.789487211607933	NA	"abundance"	146	8
"d__Bacteria;p__Bacillota_A;c__Clostridia;o__Oscillospirales;f__Acutalibacteraceae;g__Hominenteromicrobium;s__Hominenteromicrobium sp900549945"	"Group"	"PD"	"GroupPD"	1.25214299568465	0.213862347105435	0.63815132305839	0.1280842064042	0.789487211607933	0.1280842064042	0.789487211607933	NA	"abundance"	146	15
"d__Bacteria;p__Bacillota_A;c__Clostridia;o__Lachnospirales;f__Lachnospiraceae;g__Butyribacter;s__Butyribacter intestini"	"Group"	"PD"	"GroupPD"	-0.551214688681927	0.213862347105435	0.483437047747614	0.128304309475771	0.789487211607933	0.128304309475771	0.789487211607933	NA	"abundance"	146	24
"d__Bacteria;p__Actinomycetota;c__Coriobacteriia;o__Coriobacteriales;f__Eggerthellaceae;g__Anaerotardibacter;s__Anaerotardibacter sp900542265"	"Group"	"PD"	"GroupPD"	1.90659188535578	0.213862347105435	0.888285769595593	0.129533803806948	0.789487211607933	0.129533803806948	0.789487211607933	NA	"abundance"	146	6
"d__Bacteria;p__Bacillota;c__Bacilli;o__Lactobacillales;f__Streptococcaceae;g__Streptococcus;s__Streptococcus sp004166885"	"Group"	"PD"	"GroupPD"	-0.0765869850862316	0.213862347105435	0.176826015933893	0.130670799085863	0.789487211607933	0.130670799085863	0.789487211607933	NA	"abundance"	146	14
"d__Bacteria;p__Bacillota_C;c__Negativicutes;o__Veillonellales;f__Veillonellaceae;g__Veillonella;s__Veillonella rogosae"	"Group"	"PD"	"GroupPD"	-0.872679545794527	0.213862347105435	0.224860845756454	0.13098127949556	0.789487211607933	0.13098127949556	0.789487211607933	NA	"abundance"	146	3
"d__Bacteria;p__Bacillota_B;c__Peptococcia;o__Peptococcales;f__Peptococcaceae;g__UBA7185;s__"	"Group"	"PD"	"GroupPD"	-0.0865204236433573	0.213862347105435	0.0557445133283013	0.131160318171315	0.789487211607933	0.131160318171315	0.789487211607933	NA	"abundance"	146	3
"d__Bacteria;p__Bacillota_A;c__Clostridia;o__UBA1381;f__UMGS1253;g__Aphodoplasma;s__Aphodoplasma sp900550065"	"Group"	"PD"	"GroupPD"	-0.293721548311236	0.213862347105435	0.244813138356737	0.131602915213893	0.789487211607933	0.131602915213893	0.789487211607933	NA	"abundance"	146	5
"d__Bacteria;p__Bacillota_A;c__Clostridia;o__Lachnospirales;f__Lachnospiraceae;g__Blautia_A;s__Blautia_A intestinalis"	"Group"	"PD"	"GroupPD"	0.439646311052228	0.213862347105435	0.145711290915143	0.132154667600208	0.789487211607933	0.132154667600208	0.789487211607933	NA	"abundance"	146	80
"d__Bacteria;p__Bacillota_A;c__Clostridia;o__Christensenellales;f__Aristaeellaceae;g__Limiplasma;s__Limiplasma pullicola"	"Group"	"PD"	"GroupPD"	0.759806611219084	0.213862347105435	0.112313761948603	0.133607877879309	0.789487211607933	0.133607877879309	0.789487211607933	NA	"abundance"	146	3
"d__Bacteria;p__Bacillota_A;c__Clostridia;o__Oscillospirales;f__Ruminococcaceae;g__Massilioclostridium;s__Massilioclostridium facile"	"Group"	"PD"	"GroupPD"	-0.143969005925866	0.213862347105435	0.210966891416821	0.13668059029491	0.789487211607933	0.13668059029491	0.789487211607933	NA	"abundance"	146	9
"d__Bacteria;p__Bacillota_A;c__Clostridia;o__Christensenellales;f__Aristaeellaceae;g__Faecivicinus;s__Faecivicinus avistercoris"	"Group"	"PD"	"GroupPD"	-0.0652367592976623	0.213862347105435	0.180050911298008	0.137886148103562	0.789487211607933	0.137886148103562	0.789487211607933	NA	"abundance"	146	28
"d__Bacteria;p__Bacteroidota;c__Bacteroidia;o__Bacteroidales;f__Rikenellaceae;g__Alistipes;s__Alistipes putredinis"	"Group"	"PD"	"GroupPD"	-0.133041680790054	0.213862347105435	0.230551771384327	0.138097874798848	0.789487211607933	0.138097874798848	0.789487211607933	NA	"abundance"	146	113
"d__Bacteria;p__Pseudomonadota;c__Gammaproteobacteria;o__Enterobacterales;f__Enterobacteriaceae;g__Enterobacter;s__Enterobacter hoffmannii"	"Group"	"PD"	"GroupPD"	-2.28990069224009	0.213862347105435	0.551526610274545	0.138218761924721	0.789487211607933	0.138218761924721	0.789487211607933	NA	"abundance"	146	3
"d__Bacteria;p__Bacillota_A;c__Clostridia;o__Lachnospirales;f__Anaerotignaceae;g__Anaerotignum;s__Anaerotignum faecicola"	"Group"	"PD"	"GroupPD"	-0.0224665078964227	0.213862347105435	0.154559772638714	0.139872645622525	0.789487211607933	0.139872645622525	0.789487211607933	NA	"abundance"	146	48
"d__Bacteria;p__Bacillota_A;c__Clostridia;o__Oscillospirales;f__Oscillospiraceae;g__UMGS1766;s__UMGS1766 sp900554855"	"Group"	"PD"	"GroupPD"	-0.0994410912633737	0.213862347105435	0.196398487737891	0.140383872231344	0.789487211607933	0.140383872231344	0.789487211607933	NA	"abundance"	146	14
"d__Bacteria;p__Bacillota_A;c__Clostridia;o__Oscillospirales;f__Ruminococcaceae;g__Metaruminococcus_A;s__Metaruminococcus_A sp900762715"	"Group"	"PD"	"GroupPD"	0.374474123674731	0.213862347105435	0.0750662346100249	0.140481738623064	0.789487211607933	0.140481738623064	0.789487211607933	NA	"abundance"	146	5
"d__Bacteria;p__Bacillota_A;c__Clostridia;o__Oscillospirales;f__CAG-272;g__RGIG8399;s__RGIG8399 sp934365155"	"Group"	"PD"	"GroupPD"	0.445272217156513	0.213862347105435	0.112595975206541	0.14056532249157	0.789487211607933	0.14056532249157	0.789487211607933	NA	"abundance"	146	5
"d__Bacteria;p__Bacillota;c__Bacilli;o__Lactobacillales;f__Streptococcaceae;g__Streptococcus;s__Streptococcus hominis"	"Group"	"PD"	"GroupPD"	-0.59874465629733	0.213862347105435	0.180295520961356	0.140791594676428	0.789487211607933	0.140791594676428	0.789487211607933	NA	"abundance"	146	3
"d__Bacteria;p__Bacillota_A;c__Clostridia;o__Oscillospirales;f__Oscillospiraceae;g__Flavonifractor;s__Flavonifractor plautii"	"Group"	"PD"	"GroupPD"	0.547360184531087	0.213862347105435	0.221892134201945	0.141809152432245	0.789487211607933	0.141809152432245	0.789487211607933	NA	"abundance"	146	65
"d__Bacteria;p__Bacillota_A;c__Clostridia;o__Christensenellales;f__Aristaeellaceae;g__Pullichristensenella;s__Pullichristensenella stercoripullorum"	"Group"	"PD"	"GroupPD"	-0.0135271395184358	0.213862347105435	0.149802596184151	0.14190129620404	0.789487211607933	0.14190129620404	0.789487211607933	NA	"abundance"	146	49
"d__Bacteria;p__Bacillota_A;c__Clostridia;o__Lachnospirales;f__Lachnospiraceae;g__Brotaphodocola;s__Brotaphodocola sp003478505"	"Group"	"PD"	"GroupPD"	-0.0623000593227888	0.213862347105435	0.179866114328278	0.145127063886002	0.800975838548998	0.145127063886002	0.800975838548998	NA	"abundance"	146	22
"d__Bacteria;p__Cyanobacteriota;c__Vampirovibrionia;o__Gastranaerophilales;f__Gastranaerophilaceae;g__CAG-196;s__CAG-196 sp002102975"	"Group"	"PD"	"GroupPD"	0.814972768211102	0.213862347105435	0.393192269364038	0.145711290890722	0.800975838548998	0.145711290890722	0.800975838548998	NA	"abundance"	146	19
"d__Bacteria;p__Bacillota_I;c__Bacilli_A;o__RF39;f__UBA660;g__UBA6448;s__UBA6448 sp000437315"	"Group"	"PD"	"GroupPD"	-0.273274111969501	0.213862347105435	0.112900117037969	0.150102750597758	0.810126793460791	0.150102750597758	0.810126793460791	NA	"abundance"	146	3
"d__Bacteria;p__Bacillota_A;c__Clostridia;o__Lachnospirales;f__Lachnospiraceae;g__Blautia_A;s__Blautia_A sp900551715"	"Group"	"PD"	"GroupPD"	0.435057452967634	0.213862347105435	0.144764954069395	0.150452091934206	0.810126793460791	0.150452091934206	0.810126793460791	NA	"abundance"	146	20
"d__Bacteria;p__Bacillota_A;c__Clostridia;o__Lachnospirales;f__Lachnospiraceae;g__Marvinbryantia;s__Marvinbryantia sp900550755"	"Group"	"PD"	"GroupPD"	0.985871477668054	0.213862347105435	0.499289941149287	0.150795581301715	0.810126793460791	0.150795581301715	0.810126793460791	NA	"abundance"	146	13
"d__Bacteria;p__Bacillota_A;c__Clostridia;o__TANB77;f__CAG-508;g__CAG-269;s__"	"Group"	"PD"	"GroupPD"	-0.387031296460446	0.213862347105435	0.263411053135756	0.151449772045338	0.810126793460791	0.151449772045338	0.810126793460791	NA	"abundance"	146	4
"d__Bacteria;p__Bacillota_A;c__Clostridia;o__Oscillospirales;f__UMGS1384;g__CALWJF01;s__"	"Group"	"PD"	"GroupPD"	-0.173844571779954	0.213862347105435	0.089971061634989	0.152214089765502	0.810126793460791	0.152214089765502	0.810126793460791	NA	"abundance"	146	3
"d__Bacteria;p__Bacteroidota;c__Bacteroidia;o__Bacteroidales;f__Bacteroidaceae;g__Bacteroides;s__Bacteroides salyersiae"	"Group"	"PD"	"GroupPD"	-0.347886189887475	0.213862347105435	0.374042989061186	0.153569394939208	0.810126793460791	0.153569394939208	0.810126793460791	NA	"abundance"	146	18
"d__Bacteria;p__Bacillota;c__Bacilli;o__Lactobacillales;f__Lactobacillaceae;g__Lacticaseibacillus;s__Lacticaseibacillus rhamnosus"	"Group"	"PD"	"GroupPD"	0.966128881137978	0.213862347105435	0.427392932966139	0.153838709579139	0.810126793460791	0.153838709579139	0.810126793460791	NA	"abundance"	146	6
"d__Bacteria;p__Bacteroidota;c__Bacteroidia;o__Bacteroidales;f__Marinifilaceae;g__Odoribacter;s__Odoribacter laneus"	"Group"	"PD"	"GroupPD"	-0.647776302135697	0.213862347105435	0.581668426928231	0.154435935572591	0.810126793460791	0.154435935572591	0.810126793460791	NA	"abundance"	146	22
"d__Bacteria;p__Bacillota_A;c__Clostridia;o__Lachnospirales;f__Lachnospiraceae;g__Coprococcus;s__Coprococcus sp000154245"	"Group"	"PD"	"GroupPD"	-1.85977778893186	0.213862347105435	1.30592415612051	0.156392486007192	0.814705614972041	0.156392486007192	0.814705614972041	NA	"abundance"	146	9
"d__Bacteria;p__Bacillota_A;c__Clostridia;o__Oscillospirales;f__Oscillospiraceae;g__Vescimonas;s__Vescimonas sp900554275"	"Group"	"PD"	"GroupPD"	-0.867896301759132	0.213862347105435	0.576016673509434	0.157336541610574	0.814705614972041	0.157336541610574	0.814705614972041	NA	"abundance"	146	5
"d__Bacteria;p__Bacillota_A;c__Clostridia;o__Lachnospirales;f__Lachnospiraceae;g__Blautia_A;s__Blautia_A sp000436615"	"Group"	"PD"	"GroupPD"	0.830180717821887	0.213862347105435	0.427391268370447	0.157971241247302	0.814705614972041	0.157971241247302	0.814705614972041	NA	"abundance"	146	41
"d__Bacteria;p__Bacillota_A;c__Clostridia;o__Oscillospirales;f__Ruminococcaceae;g__Ruminococcus_C;s__Ruminococcus_C sp000437175"	"Group"	"PD"	"GroupPD"	0.452440090278939	0.213862347105435	0.105260483702937	0.161234034343257	0.815048871682741	0.161234034343257	0.815048871682741	NA	"abundance"	146	4
"d__Bacteria;p__Bacillota_A;c__Clostridia;o__Oscillospirales;f__Oscillospiraceae;g__Vescimonas;s__Vescimonas sp900552725"	"Group"	"PD"	"GroupPD"	1.76718493740586	0.213862347105435	0.71263470911158	0.161284902482884	0.815048871682741	0.161284902482884	0.815048871682741	NA	"abundance"	146	4
"d__Bacteria;p__Bacillota_B;c__Dehalobacteriia;o__UBA4068;f__UBA4068;g__HGM13862;s__HGM13862 sp944393575"	"Group"	"PD"	"GroupPD"	-0.209133077878243	0.213862347105435	0.256382442466581	0.162168955124082	0.815048871682741	0.162168955124082	0.815048871682741	NA	"abundance"	146	7
"d__Bacteria;p__Bacteroidota;c__Bacteroidia;o__Bacteroidales;f__Marinifilaceae;g__Butyricimonas;s__Butyricimonas paravirosa"	"Group"	"PD"	"GroupPD"	-0.0483746736161915	0.213862347105435	0.181852201085902	0.162204122070679	0.815048871682741	0.162204122070679	0.815048871682741	NA	"abundance"	146	40
"d__Bacteria;p__Bacillota_A;c__Clostridia;o__Lachnospirales;f__Lachnospiraceae;g__Faecalimonas;s__Faecalimonas sp029983955"	"Group"	"PD"	"GroupPD"	0.909964879764835	0.213862347105435	0.482244268021769	0.162778002381317	0.815048871682741	0.162778002381317	0.815048871682741	NA	"abundance"	146	25
"d__Bacteria;p__Bacillota_A;c__Clostridia;o__Oscillospirales;f__Butyricicoccaceae;g__Pseudobutyricicoccus;s__Pseudobutyricicoccus sp003477405"	"Group"	"PD"	"GroupPD"	-0.134431061828185	0.213862347105435	0.225141967200381	0.163566913930676	0.815048871682741	0.163566913930676	0.815048871682741	NA	"abundance"	146	10
"d__Bacteria;p__Actinomycetota;c__Coriobacteriia;o__Coriobacteriales;f__Eggerthellaceae;g__Gordonibacter;s__Gordonibacter pamelaeae"	"Group"	"PD"	"GroupPD"	-0.0636569988717972	0.213862347105435	0.193501156290098	0.165749375251641	0.815048871682741	0.165749375251641	0.815048871682741	NA	"abundance"	146	34
"d__Bacteria;p__Bacillota_A;c__Clostridia;o__Oscillospirales;f__CAG-272;g__UMGS911;s__UMGS911 sp900545935"	"Group"	"PD"	"GroupPD"	0.60305166346641	0.213862347105435	0.26135565141736	0.166814460342646	0.815048871682741	0.166814460342646	0.815048871682741	NA	"abundance"	146	13
"d__Bacteria;p__Bacillota_B;c__Dehalobacteriia;o__UBA4068;f__UBA4068;g__CALXSV01;s__CALXSV01 sp944390945"	"Group"	"PD"	"GroupPD"	-0.453432485363804	0.213862347105435	0.366081942082754	0.166843288879528	0.815048871682741	0.166843288879528	0.815048871682741	NA	"abundance"	146	5
"d__Bacteria;p__Bacillota_A;c__Clostridia;o__Lachnospirales;f__Lachnospiraceae;g__Roseburia_B;s__Roseburia_B zhanii"	"Group"	"PD"	"GroupPD"	-0.141714954790159	0.213862347105435	0.245759010936515	0.167554532587151	0.815048871682741	0.167554532587151	0.815048871682741	NA	"abundance"	146	20
"d__Bacteria;p__Bacteroidota;c__Bacteroidia;o__Bacteroidales;f__Rikenellaceae;g__Alistipes;s__Alistipes finegoldii"	"Group"	"PD"	"GroupPD"	0.541086453937564	0.213862347105435	0.233716802377117	0.167804179464094	0.815048871682741	0.167804179464094	0.815048871682741	NA	"abundance"	146	87
"d__Bacteria;p__Bacteroidota;c__Bacteroidia;o__Bacteroidales;f__Bacteroidaceae;g__Bacteroides;s__Bacteroides fragilis"	"Group"	"PD"	"GroupPD"	0.62303758209337	0.213862347105435	0.292829815516475	0.168950987777956	0.816300035685074	0.168950987777956	0.816300035685074	NA	"abundance"	146	69
"d__Bacteria;p__Bacillota_A;c__Clostridia;o__Lachnospirales;f__Bianqueaceae;g__Faecimorpha;s__Faecimorpha sp937892735"	"Group"	"PD"	"GroupPD"	-0.375152254379539	0.213862347105435	0.398462987757462	0.171031258227653	0.822024581429241	0.171031258227653	0.822024581429241	NA	"abundance"	146	12
"d__Bacteria;p__Bacillota_A;c__Clostridia;o__Oscillospirales;f__Ruminococcaceae;g__Anaerotruncus;s__Anaerotruncus colihominis"	"Group"	"PD"	"GroupPD"	-0.0733094492079049	0.213862347105435	0.19951359615461	0.171938644867632	0.822081645773366	0.171938644867632	0.822081645773366	NA	"abundance"	146	19
"d__Bacteria;p__Bacillota_A;c__Clostridia;o__Oscillospirales;f__Oscillospiraceae;g__Lawsonibacter;s__Lawsonibacter sp000177015"	"Group"	"PD"	"GroupPD"	1.02022035626429	0.213862347105435	0.553332112854827	0.179321351197144	0.841889844921429	0.179321351197144	0.841889844921429	NA	"abundance"	146	11
"d__Bacteria;p__Actinomycetota;c__Coriobacteriia;o__Coriobacteriales;f__Eggerthellaceae;g__Senegalimassilia;s__Senegalimassilia anaerobia"	"Group"	"PD"	"GroupPD"	-0.656629794538423	0.213862347105435	0.611668924112818	0.180372239341684	0.841889844921429	0.180372239341684	0.841889844921429	NA	"abundance"	146	14
"d__Bacteria;p__Bacillota_A;c__Clostridia;o__Lachnospirales;f__Lachnospiraceae;g__Blautia_A;s__Blautia_A acetigignens"	"Group"	"PD"	"GroupPD"	-0.136501363207906	0.213862347105435	0.256647391895506	0.180477305208403	0.841889844921429	0.180477305208403	0.841889844921429	NA	"abundance"	146	56
"d__Bacteria;p__Bacillota_A;c__Clostridia;o__TANB77;f__CAG-508;g__CAG-793;s__CAG-793 sp000433915"	"Group"	"PD"	"GroupPD"	0.686774641900883	0.213862347105435	0.134799491119516	0.180563268719105	0.841889844921429	0.180563268719105	0.841889844921429	NA	"abundance"	146	3
"d__Bacteria;p__Bacillota_A;c__Clostridia;o__Oscillospirales;f__Ruminococcaceae;g__Fumia;s__Fumia xinanensis"	"Group"	"PD"	"GroupPD"	0.725156478860143	0.213862347105435	0.32762106354374	0.180666992864402	0.841889844921429	0.180666992864402	0.841889844921429	NA	"abundance"	146	7
"d__Bacteria;p__Bacillota_A;c__Clostridia;o__Oscillospirales;f__Acutalibacteraceae;g__Eubacterium_R;s__Eubacterium_R sp003526845"	"Group"	"PD"	"GroupPD"	-0.901593211365044	0.213862347105435	0.693827711507741	0.183384240239628	0.843623740253095	0.183384240239628	0.843623740253095	NA	"abundance"	146	6
"d__Bacteria;p__Bacillota_A;c__Clostridia;o__TANB77;f__CAG-508;g__UMGS1781;s__UMGS1781 sp900553365"	"Group"	"PD"	"GroupPD"	2.60781692819693	0.213862347105435	0.708582615936366	0.183384993570096	0.843623740253095	0.183384993570096	0.843623740253095	NA	"abundance"	146	3
"d__Bacteria;p__Bacillota_A;c__Clostridia;o__Oscillospirales;f__Oscillospiraceae;g__Onthomonas;s__Onthomonas sp003150485"	"Group"	"PD"	"GroupPD"	-0.192317394418201	0.213862347105435	0.298470871394422	0.185145295024605	0.843623740253095	0.185145295024605	0.843623740253095	NA	"abundance"	146	32
"d__Bacteria;p__Bacillota_A;c__Clostridia;o__Lachnospirales;f__Lachnospiraceae;g__Sellimonas;s__Sellimonas catena"	"Group"	"PD"	"GroupPD"	-0.762081216738359	0.213862347105435	0.61086876824892	0.185627931094058	0.843623740253095	0.185627931094058	0.843623740253095	NA	"abundance"	146	6
"d__Bacteria;p__Bacteroidota;c__Bacteroidia;o__Bacteroidales;f__Tannerellaceae;g__Parabacteroides;s__Parabacteroides johnsonii"	"Group"	"PD"	"GroupPD"	-0.329599353453572	0.213862347105435	0.390427458997678	0.186715271970185	0.843623740253095	0.186715271970185	0.843623740253095	NA	"abundance"	146	16
"d__Bacteria;p__Bacillota_A;c__Clostridia;o__Lachnospirales;f__Lachnospiraceae;g__Butyribacter;s__Butyribacter sp003529475"	"Group"	"PD"	"GroupPD"	-0.166041946540095	0.213862347105435	0.284163701835319	0.187777098055486	0.843623740253095	0.187777098055486	0.843623740253095	NA	"abundance"	146	68
"d__Bacteria;p__Bacillota_A;c__Clostridia;o__TANB77;f__CAG-508;g__CAG-269;s__CAG-269 sp000437215"	"Group"	"PD"	"GroupPD"	0.665979979595737	0.213862347105435	0.327064782863136	0.190026344780508	0.843623740253095	0.190026344780508	0.843623740253095	NA	"abundance"	146	16
"d__Bacteria;p__Bacillota_A;c__Clostridia;o__Oscillospirales;f__UMGS1384;g__Allobutyricicoccus;s__Allobutyricicoccus pentlandensis"	"Group"	"PD"	"GroupPD"	0.806200180876488	0.213862347105435	0.416884067484358	0.190030021080877	0.843623740253095	0.190030021080877	0.843623740253095	NA	"abundance"	146	11
"d__Bacteria;p__Bacillota_A;c__Clostridia;o__Oscillospirales;f__Oscillospiraceae;g__CAG-103;s__CAG-103 sp000432375"	"Group"	"PD"	"GroupPD"	-0.494062508834247	0.213862347105435	0.53100478990509	0.190435785507398	0.843623740253095	0.190435785507398	0.843623740253095	NA	"abundance"	146	44
"d__Bacteria;p__Bacillota_A;c__Clostridia;o__TANB77;f__CAG-508;g__CAG-273;s__CAG-273 sp000437855"	"Group"	"PD"	"GroupPD"	2.42452797764527	0.213862347105435	1.54696779661437	0.190845780447075	0.843623740253095	0.190845780447075	0.843623740253095	NA	"abundance"	146	10
"d__Bacteria;p__Actinomycetota;c__Coriobacteriia;o__Coriobacteriales;f__UMGS124;g__JAHZGC01;s__JAHZGC01 sp019421015"	"Group"	"PD"	"GroupPD"	-0.059734014672333	0.213862347105435	0.201135394127559	0.193771107056785	0.843623740253095	0.193771107056785	0.843623740253095	NA	"abundance"	146	22
"d__Bacteria;p__Bacillota_A;c__Clostridia;o__Oscillospirales;f__Oscillospiraceae;g__Vescimonas;s__Vescimonas cirricatena"	"Group"	"PD"	"GroupPD"	0.755730642228847	0.213862347105435	0.408283003179997	0.193856796628282	0.843623740253095	0.193856796628282	0.843623740253095	NA	"abundance"	146	38
"d__Bacteria;p__Bacillota_A;c__Clostridia;o__Lachnospirales;f__Lachnospiraceae;g__Catenibacillus;s__Catenibacillus scindens"	"Group"	"PD"	"GroupPD"	-0.130108811826232	0.213862347105435	0.237858351870138	0.193887070788906	0.843623740253095	0.193887070788906	0.843623740253095	NA	"abundance"	146	9
"d__Bacteria;p__Bacillota_A;c__Clostridia;o__Lachnospirales;f__Lachnospiraceae;g__Gallintestinimicrobium;s__Gallintestinimicrobium sp900550285"	"Group"	"PD"	"GroupPD"	1.21606175225706	0.213862347105435	0.319585314092774	0.1973134076718	0.843623740253095	0.1973134076718	0.843623740253095	NA	"abundance"	146	3
"d__Bacteria;p__Bacillota_A;c__Clostridia;o__Oscillospirales;f__Ruminococcaceae;g__Faecalibacterium;s__Faecalibacterium prausnitzii_F"	"Group"	"PD"	"GroupPD"	-0.627911615389925	0.213862347105435	0.599350505918561	0.198177515691913	0.843623740253095	0.198177515691913	0.843623740253095	NA	"abundance"	146	10
"d__Bacteria;p__Bacillota_I;c__Bacilli_A;o__Erysipelotrichales;f__Coprobacillaceae;g__Thomasclavelia;s__Thomasclavelia ramosa"	"Group"	"PD"	"GroupPD"	-0.401370096870487	0.213862347105435	0.448932886052686	0.198600760847194	0.843623740253095	0.198600760847194	0.843623740253095	NA	"abundance"	146	13
"d__Bacteria;p__Bacillota_A;c__Clostridia;o__Lachnospirales;f__Lachnospiraceae;g__Blautia_A;s__Blautia_A ammoniilytica"	"Group"	"PD"	"GroupPD"	0.414098870233172	0.213862347105435	0.151217574631162	0.199008934129963	0.843623740253095	0.199008934129963	0.843623740253095	NA	"abundance"	146	56
"d__Archaea;p__Methanobacteriota;c__Methanobacteria;o__Methanobacteriales;f__Methanobacteriaceae;g__Methanosphaera;s__Methanosphaera stadtmanae"	"Group"	"PD"	"GroupPD"	0.616504383450422	0.213862347105435	0.243994927970453	0.199744902556501	0.843623740253095	0.199744902556501	0.843623740253095	NA	"abundance"	146	5
"d__Bacteria;p__Actinomycetota;c__Coriobacteriia;o__Coriobacteriales;f__Coriobacteriaceae;g__Collinsella;s__Collinsella sp902364775"	"Group"	"PD"	"GroupPD"	1.25920306772378	0.213862347105435	0.75545982651856	0.200027934686398	0.843623740253095	0.200027934686398	0.843623740253095	NA	"abundance"	146	11
"d__Bacteria;p__Bacillota_A;c__Clostridia;o__Oscillospirales;f__Oscillospiraceae;g__F23-B02;s__F23-B02 sp002472405"	"Group"	"PD"	"GroupPD"	-2.09403347422635	0.213862347105435	1.40999597064879	0.200224694344434	0.843623740253095	0.200224694344434	0.843623740253095	NA	"abundance"	146	5
"d__Bacteria;p__Bacillota_A;c__Clostridia;o__Oscillospirales;f__Ruminococcaceae;g__Ruminiclostridium_E;s__Ruminiclostridium_E sp900539195"	"Group"	"PD"	"GroupPD"	-1.08947309803224	0.213862347105435	0.424921268661067	0.201032158114151	0.843623740253095	0.201032158114151	0.843623740253095	NA	"abundance"	146	3
"d__Bacteria;p__Bacillota_A;c__Clostridia;o__Peptostreptococcales;f__Anaerovoracaceae;g__CAKQOE01;s__CAKQOE01 sp934255545"	"Group"	"PD"	"GroupPD"	-0.369272228814686	0.213862347105435	0.356547810745655	0.201256643916588	0.843623740253095	0.201256643916588	0.843623740253095	NA	"abundance"	146	5
"d__Bacteria;p__Bacillota_A;c__Clostridia;o__Lachnospirales;f__Lachnospiraceae;g__Sellimonas;s__Sellimonas intestinalis"	"Group"	"PD"	"GroupPD"	0.855037530966729	0.213862347105435	0.491697697028395	0.202659219257556	0.844473663103307	0.202659219257556	0.844473663103307	NA	"abundance"	146	32
"d__Bacteria;p__Bacillota_I;c__Bacilli_A;o__Erysipelotrichales;f__Erysipelotrichaceae;g__Merdibacter;s__Merdibacter merdipullorum"	"Group"	"PD"	"GroupPD"	-0.311687659411772	0.213862347105435	0.397068810904161	0.204992677750261	0.844473663103307	0.204992677750261	0.844473663103307	NA	"abundance"	146	18
"d__Bacteria;p__Bacillota_A;c__Clostridia;o__Oscillospirales;f__Oscillospiraceae;g__Pseudoscilispira;s__Pseudoscilispira sp018369915"	"Group"	"PD"	"GroupPD"	0.0313095283956405	0.213862347105435	0.134040822512868	0.205198191546902	0.844473663103307	0.205198191546902	0.844473663103307	NA	"abundance"	146	15
"d__Bacteria;p__Bacillota_A;c__Clostridia;o__Lachnospirales;f__Lachnospiraceae;g__Anaerostipes;s__Anaerostipes sp900066705"	"Group"	"PD"	"GroupPD"	-3.20609600955605	0.213862347105435	2.12694936014998	0.206210496037526	0.844473663103307	0.206210496037526	0.844473663103307	NA	"abundance"	146	5
"d__Bacteria;p__Bacillota_A;c__Clostridia;o__Lachnospirales;f__Lachnospiraceae;g__Mediterraneibacter;s__Mediterraneibacter faecis"	"Group"	"PD"	"GroupPD"	-0.0920250194329027	0.213862347105435	0.238888699722367	0.20638569966279	0.844473663103307	0.20638569966279	0.844473663103307	NA	"abundance"	146	112
"d__Bacteria;p__Bacillota_I;c__Bacilli_A;o__Erysipelotrichales;f__Erysipelotrichaceae;g__Dielma;s__Dielma fastidiosa"	"Group"	"PD"	"GroupPD"	-0.198059955696363	0.213862347105435	0.256090331824098	0.208084387158996	0.844473663103307	0.208084387158996	0.844473663103307	NA	"abundance"	146	5
"d__Bacteria;p__Bacillota_A;c__Clostridia;o__Lachnospirales;f__Lachnospiraceae;g__Egerieimonas;s__Egerieimonas sp900552095"	"Group"	"PD"	"GroupPD"	0.85883979617817	0.213862347105435	0.471704007103642	0.209194683786735	0.844473663103307	0.209194683786735	0.844473663103307	NA	"abundance"	146	10
"d__Bacteria;p__Bacillota_A;c__Clostridia;o__UBA1212;f__UBA1255;g__Egerieisoma;s__Egerieisoma sp900552695"	"Group"	"PD"	"GroupPD"	-0.217582935740757	0.213862347105435	0.314789170873688	0.209752264522009	0.844473663103307	0.209752264522009	0.844473663103307	NA	"abundance"	146	10
"d__Bacteria;p__Bacteroidota;c__Bacteroidia;o__Bacteroidales;f__Marinifilaceae;g__Butyricimonas;s__Butyricimonas sp019423345"	"Group"	"PD"	"GroupPD"	0.530978973995422	0.213862347105435	0.243738206219579	0.210357648798336	0.844473663103307	0.210357648798336	0.844473663103307	NA	"abundance"	146	23
"d__Bacteria;p__Bacillota_A;c__Clostridia;o__Oscillospirales;f__Butyricicoccaceae;g__Agathobaculum;s__Agathobaculum hominis"	"Group"	"PD"	"GroupPD"	-0.0735876585751756	0.213862347105435	0.224506467699341	0.21065846280028	0.844473663103307	0.21065846280028	0.844473663103307	NA	"abundance"	146	42
"d__Bacteria;p__Bacillota_A;c__Clostridia;o__Lachnospirales;f__Lachnospiraceae;g__Hungatella;s__Hungatella effluvii"	"Group"	"PD"	"GroupPD"	1.10429892682066	0.213862347105435	0.681106205152274	0.212350528681677	0.845547782482492	0.212350528681677	0.845547782482492	NA	"abundance"	146	16
"d__Bacteria;p__Bacillota_A;c__Clostridia;o__Peptostreptococcales;f__Anaerovoracaceae;g__Hominibacterium;s__Hominibacterium hominis"	"Group"	"PD"	"GroupPD"	0.368538919180927	0.213862347105435	0.11902210376994	0.212768559644287	0.845547782482492	0.212768559644287	0.845547782482492	NA	"abundance"	146	42
"d__Bacteria;p__Bacillota_A;c__Clostridia;o__Lachnospirales;f__Lachnospiraceae;g__Dorea_A;s__Dorea_A longicatena"	"Group"	"PD"	"GroupPD"	-0.115111942670609	0.213862347105435	0.261780266280703	0.214598481508927	0.846686710017864	0.214598481508927	0.846686710017864	NA	"abundance"	146	93
"d__Bacteria;p__Bacillota_A;c__Clostridia;o__Oscillospirales;f__Oscillospiraceae;g__CAG-170;s__CAG-170 sp003516765"	"Group"	"PD"	"GroupPD"	0.428743887248843	0.213862347105435	0.16814440446214	0.215988359639472	0.846686710017864	0.215988359639472	0.846686710017864	NA	"abundance"	146	32
"d__Bacteria;p__Bacillota_A;c__Clostridia;o__Lachnospirales;f__Lachnospiraceae;g__Anaerobutyricum;s__Anaerobutyricum stercoris"	"Group"	"PD"	"GroupPD"	-0.490124190010439	0.213862347105435	0.5097583385311	0.217166808899515	0.846686710017864	0.217166808899515	0.846686710017864	NA	"abundance"	146	8
"d__Bacteria;p__Bacillota_A;c__Clostridia;o__Oscillospirales;f__Ruminococcaceae;g__SFJ001;s__SFJ001 sp934513685"	"Group"	"PD"	"GroupPD"	-0.227052984925727	0.213862347105435	0.302279289812158	0.219555799465411	0.846686710017864	0.219555799465411	0.846686710017864	NA	"abundance"	146	6
"d__Bacteria;p__Bacillota_A;c__Clostridia;o__Lachnospirales;f__Lachnospiraceae;g__Frisingicoccus;s__Frisingicoccus sp902471845"	"Group"	"PD"	"GroupPD"	-0.539155840485076	0.213862347105435	0.575179280925727	0.220089520250593	0.846686710017864	0.220089520250593	0.846686710017864	NA	"abundance"	146	12
"d__Bacteria;p__Bacillota_I;c__Bacilli_A;o__Erysipelotrichales;f__Coprobacillaceae;g__Thomasclavelia;s__Thomasclavelia spiroformis"	"Group"	"PD"	"GroupPD"	0.417887440652937	0.213862347105435	0.158704456062241	0.220620833925298	0.846686710017864	0.220620833925298	0.846686710017864	NA	"abundance"	146	21
"d__Bacteria;p__Bacillota;c__Bacilli;o__Lactobacillales;f__Streptococcaceae;g__Streptococcus;s__Streptococcus parasanguinis_G"	"Group"	"PD"	"GroupPD"	0.505838565538531	0.213862347105435	0.234225510651927	0.220695618601108	0.846686710017864	0.220695618601108	0.846686710017864	NA	"abundance"	146	57
"d__Bacteria;p__Cyanobacteriota;c__Vampirovibrionia;o__Gastranaerophilales;f__Gastranaerophilaceae;g__Stercorousia;s__Stercorousia sp001917115"	"Group"	"PD"	"GroupPD"	1.77121050515854	0.213862347105435	1.1409467806108	0.221242322737647	0.846686710017864	0.221242322737647	0.846686710017864	NA	"abundance"	146	8
"d__Bacteria;p__Cyanobacteriota;c__Vampirovibrionia;o__Gastranaerophilales;f__Gastranaerophilaceae;g__Stercorousia;s__Stercorousia sp000433095"	"Group"	"PD"	"GroupPD"	-1.24700332026429	0.213862347105435	0.532896458306673	0.223002172706132	0.846686710017864	0.223002172706132	0.846686710017864	NA	"abundance"	146	3
"d__Bacteria;p__Bacillota_A;c__Clostridia;o__Oscillospirales;f__Oscillospiraceae;g__CAKTFW01;s__"	"Group"	"PD"	"GroupPD"	0.599254021677442	0.213862347105435	0.275689674782538	0.223058147312892	0.846686710017864	0.223058147312892	0.846686710017864	NA	"abundance"	146	7
"d__Bacteria;p__Bacillota_A;c__Clostridia;o__Christensenellales;f__Aristaeellaceae;g__SFMI01;s__SFMI01 sp004556155"	"Group"	"PD"	"GroupPD"	0.57558571810553	0.213862347105435	0.277776082637992	0.223895357516289	0.846686710017864	0.223895357516289	0.846686710017864	NA	"abundance"	146	12
"d__Bacteria;p__Bacillota_A;c__Clostridia;o__Lachnospirales;f__Lachnospiraceae;g__Lachnospira;s__Lachnospira sp000437735"	"Group"	"PD"	"GroupPD"	-0.0436940274128809	0.213862347105435	0.206719186103504	0.224918576998607	0.846686710017864	0.224918576998607	0.846686710017864	NA	"abundance"	146	39
"d__Bacteria;p__Bacillota_A;c__Clostridia;o__Lachnospirales;f__Lachnospiraceae;g__Agathobacter;s__Agathobacter sp000434275"	"Group"	"PD"	"GroupPD"	0.714502799662898	0.213862347105435	0.396614952141011	0.226784490023022	0.846686710017864	0.226784490023022	0.846686710017864	NA	"abundance"	146	17
"d__Bacteria;p__Bacillota_A;c__Clostridia;o__Lachnospirales;f__Lachnospiraceae;g__Blautia_A;s__Blautia_A hydrogenotrophica"	"Group"	"PD"	"GroupPD"	0.654246212579979	0.213862347105435	0.355449819904823	0.227026263403437	0.846686710017864	0.227026263403437	0.846686710017864	NA	"abundance"	146	29
"d__Bacteria;p__Bacillota_A;c__Clostridia;o__Oscillospirales;f__Ruminococcaceae;g__Faecalibacterium;s__Faecalibacterium duncaniae"	"Group"	"PD"	"GroupPD"	-0.109387290656625	0.213862347105435	0.265047097188241	0.228239185313978	0.846686710017864	0.228239185313978	0.846686710017864	NA	"abundance"	146	105
"d__Bacteria;p__Bacillota_A;c__Clostridia;o__Oscillospirales;f__Oscillospiraceae;g__HGM12998;s__HGM12998 sp900756495"	"Group"	"PD"	"GroupPD"	0.0322198396034492	0.213862347105435	0.136478045362172	0.228393723475729	0.846686710017864	0.228393723475729	0.846686710017864	NA	"abundance"	146	10
"d__Bacteria;p__Bacillota_A;c__Clostridia;o__Oscillospirales;f__Ruminococcaceae;g__Neobittarella;s__Neobittarella massiliensis"	"Group"	"PD"	"GroupPD"	0.294170093142441	0.213862347105435	0.00663537898929796	0.228812453712034	0.846686710017864	0.228812453712034	0.846686710017864	NA	"abundance"	146	3
"d__Bacteria;p__Bacillota_A;c__Clostridia;o__Oscillospirales;f__Oscillospiraceae;g__Dysosmobacter;s__Dysosmobacter faecalis"	"Group"	"PD"	"GroupPD"	0.00592502551066592	0.213862347105435	0.166704902002423	0.23000433252966	0.846686710017864	0.23000433252966	0.846686710017864	NA	"abundance"	146	30
"d__Bacteria;p__Bacillota_A;c__Clostridia;o__Lachnospirales;f__Lachnospiraceae;g__Muricoprocola;s__Muricoprocola shaoxingensis"	"Group"	"PD"	"GroupPD"	0.69671566553335	0.213862347105435	0.381363503686769	0.23073929929195	0.846686710017864	0.23073929929195	0.846686710017864	NA	"abundance"	146	14
"d__Bacteria;p__Bacillota_I;c__Bacilli_A;o__RF39;f__UBA660;g__Onthocola_B;s__Onthocola_B stercorigallinarum"	"Group"	"PD"	"GroupPD"	1.39119616675011	0.213862347105435	0.69434017702667	0.232261567734169	0.846686710017864	0.232261567734169	0.846686710017864	NA	"abundance"	146	4
"d__Bacteria;p__Desulfobacterota;c__Desulfovibrionia;o__Desulfovibrionales;f__Desulfovibrionaceae;g__Mailhella;s__Mailhella merdigallinarum"	"Group"	"PD"	"GroupPD"	0.000991286953059335	0.213862347105435	0.166872988400457	0.232938608332294	0.846686710017864	0.232938608332294	0.846686710017864	NA	"abundance"	146	14
"d__Bacteria;p__Bacillota_A;c__Clostridia;o__Lachnospirales;f__Lachnospiraceae;g__Catenibacillus;s__Catenibacillus sp900553975"	"Group"	"PD"	"GroupPD"	-0.201529538633165	0.213862347105435	0.305416187095935	0.233346119427581	0.846686710017864	0.233346119427581	0.846686710017864	NA	"abundance"	146	7
"d__Bacteria;p__Pseudomonadota;c__Gammaproteobacteria;o__Burkholderiales;f__Burkholderiaceae;g__Sutterella;s__Sutterella wadsworthensis"	"Group"	"PD"	"GroupPD"	0.81986715862453	0.213862347105435	0.487761170129722	0.236861117717457	0.856057110490651	0.236861117717457	0.856057110490651	NA	"abundance"	146	15
"d__Bacteria;p__Bacillota_A;c__Clostridia;o__Christensenellales;f__QALW01;g__Neochristensenella;s__Neochristensenella sp003150515"	"Group"	"PD"	"GroupPD"	-0.338003095979229	0.213862347105435	0.424143283888421	0.241534916486888	0.865448332561523	0.241534916486888	0.865448332561523	NA	"abundance"	146	8
"d__Bacteria;p__Bacillota_A;c__Clostridia;o__Lachnospirales;f__Lachnospiraceae;g__Choladousia;s__Choladousia sp902363135"	"Group"	"PD"	"GroupPD"	0.333153269054554	0.213862347105435	0.0969902146378229	0.241904050548116	0.865448332561523	0.241904050548116	0.865448332561523	NA	"abundance"	146	100
"d__Bacteria;p__Bacillota_A;c__Clostridia;o__Oscillospirales;f__Ruminococcaceae;g__Ruthenibacterium;s__Ruthenibacterium lactatiformans"	"Group"	"PD"	"GroupPD"	0.447259591091273	0.213862347105435	0.197344608699231	0.243978370704494	0.865448332561523	0.243978370704494	0.865448332561523	NA	"abundance"	146	111
"d__Bacteria;p__Bacteroidota;c__Bacteroidia;o__Bacteroidales;f__Bacteroidaceae;g__Bacteroides;s__Bacteroides sp900556215"	"Group"	"PD"	"GroupPD"	1.55777031299306	0.213862347105435	0.541383769040248	0.244032928597218	0.865448332561523	0.244032928597218	0.865448332561523	NA	"abundance"	146	3
"d__Bacteria;p__Bacillota_A;c__Clostridia;o__Oscillospirales;f__CAG-272;g__CAG-448;s__CAG-448 sp003150135"	"Group"	"PD"	"GroupPD"	-0.185601021613829	0.213862347105435	0.243399580701455	0.244490383042371	0.865448332561523	0.244490383042371	0.865448332561523	NA	"abundance"	146	4
"d__Bacteria;p__Actinomycetota;c__Coriobacteriia;o__Coriobacteriales;f__Eggerthellaceae;g__Slackia;s__Slackia piriformis"	"Group"	"PD"	"GroupPD"	0.833230501144659	0.213862347105435	0.480431299448546	0.245234412982811	0.865448332561523	0.245234412982811	0.865448332561523	NA	"abundance"	146	8
"d__Bacteria;p__Bacillota_I;c__Bacilli_A;o__RF39;f__UBA660;g__CAG-914;s__CAG-914 sp000437895"	"Group"	"PD"	"GroupPD"	-0.595604926619587	0.213862347105435	0.595519176245304	0.246058839649845	0.865448332561523	0.246058839649845	0.865448332561523	NA	"abundance"	146	6
"d__Bacteria;p__Bacillota_A;c__Clostridia;o__Lachnospirales;f__Lachnospiraceae;g__Agathobacter;s__Agathobacter sp900543445"	"Group"	"PD"	"GroupPD"	0.91747759528103	0.213862347105435	0.28729585743502	0.248240132246298	0.865616285258703	0.248240132246298	0.865616285258703	NA	"abundance"	146	3
"d__Bacteria;p__Bacillota_A;c__Clostridia;o__Lachnospirales;f__Lachnospiraceae;g__Hominiventricola;s__Hominiventricola sp018223365"	"Group"	"PD"	"GroupPD"	1.21145700729031	0.213862347105435	0.78039222718781	0.248697139903679	0.865616285258703	0.248697139903679	0.865616285258703	NA	"abundance"	146	8
"d__Bacteria;p__Bacillota_A;c__Clostridia;o__Oscillospirales;f__Oscillospiraceae;g__Faecousia;s__Faecousia gallistercoris"	"Group"	"PD"	"GroupPD"	-1.0252150434172	0.213862347105435	0.986119603300099	0.24937389277549	0.865616285258703	0.24937389277549	0.865616285258703	NA	"abundance"	146	9
"d__Bacteria;p__Bacillota_A;c__Clostridia;o__Peptostreptococcales;f__Anaerovoracaceae;g__Fimisoma;s__Fimisoma avicola"	"Group"	"PD"	"GroupPD"	0.460687215253108	0.213862347105435	0.20558348165705	0.249878339426532	0.865616285258703	0.249878339426532	0.865616285258703	NA	"abundance"	146	20
"d__Bacteria;p__Actinomycetota;c__Actinomycetes;o__Actinomycetales;f__Micrococcaceae;g__Rothia;s__Rothia sp001836735"	"Group"	"PD"	"GroupPD"	-0.408358270952276	0.213862347105435	0.390349274582012	0.252952527294577	0.872971503971508	0.252952527294577	0.872971503971508	NA	"abundance"	146	4
"d__Bacteria;p__Actinomycetota;c__Coriobacteriia;o__Coriobacteriales;f__Eggerthellaceae;g__Anaerotardibacter;s__Anaerotardibacter sp000436075"	"Group"	"PD"	"GroupPD"	0.585322402321036	0.213862347105435	0.320069529199172	0.25481873546403	0.874423321988555	0.25481873546403	0.874423321988555	NA	"abundance"	146	37
"d__Bacteria;p__Bacillota_A;c__Clostridia;o__Peptostreptococcales;f__Anaerovoracaceae;g__Alangreenwoodia;s__Alangreenwoodia sp905206455"	"Group"	"PD"	"GroupPD"	0.103560934432428	0.213862347105435	0.0913155027560166	0.255278268292955	0.874423321988555	0.255278268292955	0.874423321988555	NA	"abundance"	146	51
"d__Bacteria;p__Bacillota_A;c__Clostridia;o__Lachnospirales;f__Lachnospiraceae;g__Massilistercora;s__Massilistercora timonensis"	"Group"	"PD"	"GroupPD"	-0.257807186741648	0.213862347105435	0.404381852354496	0.256604633350123	0.875699083328671	0.256604633350123	0.875699083328671	NA	"abundance"	146	24
"d__Bacteria;p__Bacillota_A;c__Clostridia;o__Oscillospirales;f__Oscillospiraceae;g__Scatomorpha;s__Scatomorpha intestinigallinarum"	"Group"	"PD"	"GroupPD"	-0.416628877080792	0.213862347105435	0.545669181475934	0.261215767233046	0.880149673716987	0.261215767233046	0.880149673716987	NA	"abundance"	146	23
"d__Bacteria;p__Bacillota_A;c__Clostridia;o__Oscillospirales;f__Oscillospiraceae;g__UBA738;s__UBA738 sp900763675"	"Group"	"PD"	"GroupPD"	0.322740793346917	0.213862347105435	0.037406703980453	0.261545037298533	0.880149673716987	0.261545037298533	0.880149673716987	NA	"abundance"	146	3
"d__Bacteria;p__Bacillota_A;c__Clostridia;o__Lachnospirales;f__Lachnospiraceae;g__UBA4285;s__UBA4285 sp900545225"	"Group"	"PD"	"GroupPD"	0.568132004395061	0.213862347105435	0.305745763777788	0.262408758972313	0.880149673716987	0.262408758972313	0.880149673716987	NA	"abundance"	146	21
"d__Bacteria;p__Bacillota_A;c__Clostridia;o__Oscillospirales;f__Oscillospiraceae;g__Vescimonas;s__Vescimonas coprocola"	"Group"	"PD"	"GroupPD"	-0.0521058400055325	0.213862347105435	0.233465683023245	0.262553294463666	0.880149673716987	0.262553294463666	0.880149673716987	NA	"abundance"	146	53
"d__Bacteria;p__Bacillota_A;c__Clostridia;o__Christensenellales;f__Aristaeellaceae;g__Onthenecus;s__Onthenecus sp900199405"	"Group"	"PD"	"GroupPD"	0.861039804798034	0.213862347105435	0.512432636310706	0.262702625924242	0.880149673716987	0.262702625924242	0.880149673716987	NA	"abundance"	146	7
"d__Bacteria;p__Actinomycetota;c__Actinomycetes;o__Actinomycetales;f__Actinomycetaceae;g__Pauljensenia;s__Pauljensenia sp902373545"	"Group"	"PD"	"GroupPD"	0.56870953020284	0.213862347105435	0.257566736300551	0.264142532058265	0.881755797925408	0.264142532058265	0.881755797925408	NA	"abundance"	146	5
"d__Bacteria;p__Bacteroidota;c__Bacteroidia;o__Bacteroidales;f__Bacteroidaceae;g__Bacteroides;s__Bacteroides ovatus"	"Group"	"PD"	"GroupPD"	0.488221850121138	0.213862347105435	0.243730230113314	0.266206834522838	0.885427080043353	0.266206834522838	0.885427080043353	NA	"abundance"	146	96
"d__Bacteria;p__Bacillota_A;c__Clostridia;o__Clostridiales;f__Clostridiaceae;g__Clostridium;s__Clostridium saudiense"	"Group"	"PD"	"GroupPD"	0.502305262141394	0.213862347105435	0.253919024738722	0.267902226857138	0.887849257237735	0.267902226857138	0.887849257237735	NA	"abundance"	146	30
"d__Bacteria;p__Bacillota_A;c__Clostridia;o__Oscillospirales;f__CAG-272;g__UMGS911;s__UMGS911 sp003343545"	"Group"	"PD"	"GroupPD"	0.444032895544862	0.213862347105435	0.199323425416685	0.269353137122054	0.889446690208797	0.269353137122054	0.889446690208797	NA	"abundance"	146	18
"d__Bacteria;p__Bacillota_A;c__Clostridia;o__Lachnospirales;f__Lachnospiraceae;g__Frisingicoccus;s__Frisingicoccus sp900757195"	"Group"	"PD"	"GroupPD"	-0.953234817686807	0.213862347105435	1.0208275331402	0.270889736869389	0.890545067949546	0.270889736869389	0.890545067949546	NA	"abundance"	146	17
"d__Bacteria;p__Bacillota_A;c__Clostridia;o__Lachnospirales;f__Lachnospiraceae;g__Mediterraneibacter_A;s__Mediterraneibacter_A butyricigenes"	"Group"	"PD"	"GroupPD"	0.380658888999134	0.213862347105435	0.146292903159711	0.272763783409854	0.890545067949546	0.272763783409854	0.890545067949546	NA	"abundance"	146	29
"d__Bacteria;p__Bacillota_A;c__Clostridia;o__TANB77;f__CAG-508;g__CAG-245;s__CAG-245 sp000435175"	"Group"	"PD"	"GroupPD"	0.456678094038653	0.213862347105435	0.215949719077301	0.273941370521511	0.890545067949546	0.273941370521511	0.890545067949546	NA	"abundance"	146	30
"d__Bacteria;p__Bacillota_A;c__Clostridia;o__Oscillospirales;f__Ruminococcaceae;g__UBA866;s__UBA866 sp900543295"	"Group"	"PD"	"GroupPD"	0.565281550616753	0.213862347105435	0.295742990502654	0.275124398202198	0.890545067949546	0.275124398202198	0.890545067949546	NA	"abundance"	146	9
"d__Bacteria;p__Bacillota_A;c__Clostridia;o__Oscillospirales;f__Acutalibacteraceae;g__CAG-177;s__CAG-177 sp003538135"	"Group"	"PD"	"GroupPD"	-0.768764622733063	0.213862347105435	0.82308297236808	0.277578261535466	0.890545067949546	0.277578261535466	0.890545067949546	NA	"abundance"	146	8
"d__Bacteria;p__Bacillota_A;c__Clostridia;o__Oscillospirales;f__Ruminococcaceae;g__Negativibacillus;s__Negativibacillus sp000435195"	"Group"	"PD"	"GroupPD"	0.49104842198334	0.213862347105435	0.251094306831139	0.277825015182954	0.890545067949546	0.277825015182954	0.890545067949546	NA	"abundance"	146	49
"d__Bacteria;p__Bacillota_A;c__Clostridia;o__Oscillospirales;f__Oscillospiraceae;g__Lawsonibacter;s__Lawsonibacter sp900549405"	"Group"	"PD"	"GroupPD"	0.0059347007146692	0.213862347105435	0.168794475698751	0.278996044975502	0.890545067949546	0.278996044975502	0.890545067949546	NA	"abundance"	146	7
"d__Bacteria;p__Bacillota_A;c__Clostridia;o__Lachnospirales;f__Lachnospiraceae;g__Enterocloster;s__Enterocloster bolteae"	"Group"	"PD"	"GroupPD"	0.652384909330266	0.213862347105435	0.398636051784259	0.280346618869898	0.890545067949546	0.280346618869898	0.890545067949546	NA	"abundance"	146	34
"d__Bacteria;p__Verrucomicrobiota;c__Verrucomicrobiae;o__Verrucomicrobiales;f__Akkermansiaceae;g__Akkermansia;s__Akkermansia muciniphila"	"Group"	"PD"	"GroupPD"	0.755894329934847	0.213862347105435	0.496354822157486	0.280549141245843	0.890545067949546	0.280549141245843	0.890545067949546	NA	"abundance"	146	54
"d__Bacteria;p__Bacillota_A;c__Clostridia;o__Lachnospirales;f__Lachnospiraceae;g__Blautia_A;s__Blautia_A intestinigallinarum"	"Group"	"PD"	"GroupPD"	-0.204839630423912	0.213862347105435	0.195271100493576	0.280556497928732	0.890545067949546	0.280556497928732	0.890545067949546	NA	"abundance"	146	3
"d__Bacteria;p__Bacillota_A;c__Clostridia;o__Lachnospirales;f__Lachnospiraceae;g__Eubacterium_G;s__Eubacterium_G sp000435815"	"Group"	"PD"	"GroupPD"	-0.0395272644619537	0.213862347105435	0.228456706726188	0.283262876822715	0.890545067949546	0.283262876822715	0.890545067949546	NA	"abundance"	146	24
"d__Bacteria;p__Cyanobacteriota;c__Vampirovibrionia;o__Gastranaerophilales;f__Gastranaerophilaceae;g__Scatenecus;s__Scatenecus faecavium"	"Group"	"PD"	"GroupPD"	1.21621483189672	0.213862347105435	0.81071766755127	0.283958688309343	0.890545067949546	0.283958688309343	0.890545067949546	NA	"abundance"	146	6
"d__Bacteria;p__Bacillota_A;c__Clostridia;o__Oscillospirales;f__Acutalibacteraceae;g__UBA737;s__UBA737 sp905211675"	"Group"	"PD"	"GroupPD"	0.503438719858202	0.213862347105435	0.135467528382807	0.28428285648113	0.890545067949546	0.28428285648113	0.890545067949546	NA	"abundance"	146	3
"d__Bacteria;p__Bacillota_A;c__Clostridia;o__Lachnospirales;f__Lachnospiraceae;g__Eubacterium_G;s__Eubacterium_G sp000434315"	"Group"	"PD"	"GroupPD"	0.000128369671569095	0.213862347105435	0.194019779139161	0.285168792680858	0.890545067949546	0.285168792680858	0.890545067949546	NA	"abundance"	146	33
"d__Bacteria;p__Bacillota_I;c__Bacilli_A;o__RF39;f__UBA660;g__CAG-628;s__CAG-628 sp003524085"	"Group"	"PD"	"GroupPD"	-1.04555472955857	0.213862347105435	1.02927365061751	0.288224467028888	0.890545067949546	0.288224467028888	0.890545067949546	NA	"abundance"	146	6
"d__Bacteria;p__Bacillota_A;c__Clostridia;o__Christensenellales;f__CAG-138;g__SFEL01;s__SFEL01 sp004557245"	"Group"	"PD"	"GroupPD"	0.530770420614788	0.213862347105435	0.294043972522173	0.288347273277058	0.890545067949546	0.288347273277058	0.890545067949546	NA	"abundance"	146	48
"d__Bacteria;p__Bacillota_A;c__Clostridia;o__Lachnospirales;f__Lachnospiraceae;g__Otoolea;s__Otoolea symbiosa"	"Group"	"PD"	"GroupPD"	0.577025737457006	0.213862347105435	0.327018202079196	0.288422754755592	0.890545067949546	0.288422754755592	0.890545067949546	NA	"abundance"	146	15
"d__Bacteria;p__Desulfobacterota;c__Desulfovibrionia;o__Desulfovibrionales;f__Desulfovibrionaceae;g__Desulfovibrio;s__Desulfovibrio porci"	"Group"	"PD"	"GroupPD"	-0.292715377312886	0.213862347105435	0.245641894973617	0.289167769548413	0.890545067949546	0.289167769548413	0.890545067949546	NA	"abundance"	146	3
"d__Bacteria;p__Bacillota_I;c__Bacilli_A;o__RF39;f__UBA660;g__Faecisoma;s__Faecisoma sp900753645"	"Group"	"PD"	"GroupPD"	-0.385561850935648	0.213862347105435	0.423827008914217	0.293377711008931	0.890545067949546	0.293377711008931	0.890545067949546	NA	"abundance"	146	4
"d__Bacteria;p__Bacillota_A;c__Clostridia;o__Oscillospirales;f__Acutalibacteraceae;g__UMGS1484;s__UMGS1484 sp900552285"	"Group"	"PD"	"GroupPD"	-0.351518021879395	0.213862347105435	0.279510938420562	0.293587506833686	0.890545067949546	0.293587506833686	0.890545067949546	NA	"abundance"	146	3
"d__Bacteria;p__Actinomycetota;c__Coriobacteriia;o__Coriobacteriales;f__Eggerthellaceae;g__Adlercreutzia;s__Adlercreutzia equolifaciens"	"Group"	"PD"	"GroupPD"	0.38447542911679	0.213862347105435	0.159357809731761	0.29381050302294	0.890545067949546	0.29381050302294	0.890545067949546	NA	"abundance"	146	118
"d__Bacteria;p__Bacillota_C;c__Negativicutes;o__Acidaminococcales;f__Acidaminococcaceae;g__Phascolarctobacterium_A;s__Phascolarctobacterium_A succinatutens_B"	"Group"	"PD"	"GroupPD"	-0.245648133412949	0.213862347105435	0.417042251014531	0.294614921552789	0.890545067949546	0.294614921552789	0.890545067949546	NA	"abundance"	146	13
"d__Bacteria;p__Bacteroidota;c__Bacteroidia;o__Bacteroidales;f__Bacteroidaceae;g__Paraprevotella;s__Paraprevotella clara"	"Group"	"PD"	"GroupPD"	-0.156823433656697	0.213862347105435	0.342604644697966	0.295368216479302	0.890545067949546	0.295368216479302	0.890545067949546	NA	"abundance"	146	19
"d__Bacteria;p__Bacillota_A;c__Clostridia;o__Oscillospirales;f__Oscillospiraceae;g__UMGS1766;s__UMGS1766 sp959602365"	"Group"	"PD"	"GroupPD"	0.741648936274785	0.213862347105435	0.489513612561447	0.295601018054844	0.890545067949546	0.295601018054844	0.890545067949546	NA	"abundance"	146	20
"d__Bacteria;p__Bacillota_A;c__Clostridia;o__Oscillospirales;f__Oscillospiraceae;g__Faecousia;s__Faecousia sp900544945"	"Group"	"PD"	"GroupPD"	-0.446368623944951	0.213862347105435	0.565372633210788	0.2958756034261	0.890545067949546	0.2958756034261	0.890545067949546	NA	"abundance"	146	7
"d__Bacteria;p__Bacillota_A;c__Clostridia;o__Lachnospirales;f__Lachnospiraceae;g__Blautia_A;s__Blautia_A sp900066335"	"Group"	"PD"	"GroupPD"	-0.414406245440935	0.213862347105435	0.591104711797569	0.296947478420252	0.890545067949546	0.296947478420252	0.890545067949546	NA	"abundance"	146	31
"d__Bacteria;p__Bacillota;c__Bacilli;o__Lactobacillales;f__Streptococcaceae;g__Streptococcus;s__Streptococcus gordonii"	"Group"	"PD"	"GroupPD"	0.531789201507393	0.213862347105435	0.290921047996058	0.299475023902296	0.890545067949546	0.299475023902296	0.890545067949546	NA	"abundance"	146	13
"d__Bacteria;p__Actinomycetota;c__Actinomycetes;o__Actinomycetales;f__Actinomycetaceae;g__Pauljensenia;s__Pauljensenia sp900556405"	"Group"	"PD"	"GroupPD"	-0.210782506437843	0.213862347105435	0.382351083388421	0.30027498263267	0.890545067949546	0.30027498263267	0.890545067949546	NA	"abundance"	146	10
"d__Bacteria;p__Bacillota_I;c__Bacilli_A;o__ML615J-28;f__CAG-313;g__CAG-313;s__CAG-313 sp900539265"	"Group"	"PD"	"GroupPD"	-0.38850645431264	0.213862347105435	0.434928715643409	0.30098257273805	0.890545067949546	0.30098257273805	0.890545067949546	NA	"abundance"	146	4
"d__Bacteria;p__Bacillota_A;c__Clostridia;o__TANB77;f__CAG-508;g__CAG-269;s__CAG-269 sp900553985"	"Group"	"PD"	"GroupPD"	0.513431312540101	0.213862347105435	0.215900121171522	0.302803546122691	0.890545067949546	0.302803546122691	0.890545067949546	NA	"abundance"	146	4
"d__Bacteria;p__Bacillota_A;c__Clostridia;o__UBA1212;f__UBA1255;g__Egerieisoma;s__Egerieisoma faecipullorum"	"Group"	"PD"	"GroupPD"	0.451055262985421	0.213862347105435	0.170100405078273	0.302962347500544	0.890545067949546	0.302962347500544	0.890545067949546	NA	"abundance"	146	4
"d__Bacteria;p__Bacillota_A;c__Clostridia;o__Oscillospirales;f__Ruminococcaceae;g__UBA3818;s__UBA3818 sp904397845"	"Group"	"PD"	"GroupPD"	-0.198268675573136	0.213862347105435	0.373548424231719	0.303281510654058	0.890545067949546	0.303281510654058	0.890545067949546	NA	"abundance"	146	10
"d__Bacteria;p__Bacillota_A;c__Clostridia;o__Oscillospirales;f__Oscillospiraceae;g__Scatomorpha;s__Scatomorpha sp900759385"	"Group"	"PD"	"GroupPD"	-0.491289684114401	0.213862347105435	0.569748326179554	0.304102095015306	0.890545067949546	0.304102095015306	0.890545067949546	NA	"abundance"	146	5
"d__Bacteria;p__Desulfobacterota;c__Desulfovibrionia;o__Desulfovibrionales;f__Desulfovibrionaceae;g__Bilophila;s__Bilophila wadsworthia"	"Group"	"PD"	"GroupPD"	0.361550932150382	0.213862347105435	0.140418625555688	0.305297086480004	0.890545067949546	0.305297086480004	0.890545067949546	NA	"abundance"	146	92
"d__Bacteria;p__Bacteroidota;c__Bacteroidia;o__Bacteroidales;f__Bacteroidaceae;g__Bacteroides;s__Bacteroides cellulosilyticus"	"Group"	"PD"	"GroupPD"	-0.20111060239827	0.213862347105435	0.40084774538326	0.305390150371205	0.890545067949546	0.305390150371205	0.890545067949546	NA	"abundance"	146	70
"d__Bacteria;p__Bacillota_A;c__Clostridia;o__Oscillospirales;f__Oscillospiraceae;g__Vescimonas;s__Vescimonas sp900548615"	"Group"	"PD"	"GroupPD"	-0.287081239941955	0.213862347105435	0.460532467506089	0.305567250479604	0.890545067949546	0.305567250479604	0.890545067949546	NA	"abundance"	146	11
"d__Bacteria;p__Bacillota_A;c__Clostridia;o__Oscillospirales;f__Acutalibacteraceae;g__UMGS1264;s__UMGS1264 sp904399395"	"Group"	"PD"	"GroupPD"	0.0340584879570867	0.213862347105435	0.170171437187135	0.306017172726574	0.890545067949546	0.306017172726574	0.890545067949546	NA	"abundance"	146	27
"d__Bacteria;p__Bacillota_A;c__Clostridia;o__Oscillospirales;f__Oscillospiraceae;g__Faecousia;s__Faecousia sp900547405"	"Group"	"PD"	"GroupPD"	0.861557618750436	0.213862347105435	0.336942613661583	0.306549282649299	0.890545067949546	0.306549282649299	0.890545067949546	NA	"abundance"	146	3
"d__Bacteria;p__Bacillota;c__Bacilli;o__Lactobacillales;f__Streptococcaceae;g__Streptococcus;s__Streptococcus lutetiensis"	"Group"	"PD"	"GroupPD"	2.1838574167456	0.213862347105435	1.47076458137138	0.312304097136309	0.901767492531961	0.312304097136309	0.901767492531961	NA	"abundance"	146	4
"d__Bacteria;p__Bacteroidota;c__Bacteroidia;o__Flavobacteriales;f__UBA1820;g__Merdimorpha;s__Merdimorpha sp003150615"	"Group"	"PD"	"GroupPD"	0.71260622773434	0.213862347105435	0.411104471269485	0.312376974537215	0.901767492531961	0.312376974537215	0.901767492531961	NA	"abundance"	146	5
"d__Bacteria;p__Bacillota_A;c__Clostridia;o__Christensenellales;f__UMGS416;g__Parachristensenella;s__Parachristensenella avicola"	"Group"	"PD"	"GroupPD"	-0.00542437347621963	0.213862347105435	0.188599758563951	0.3140081135033	0.903634633843354	0.3140081135033	0.903634633843354	NA	"abundance"	146	6
"d__Bacteria;p__Bacillota_A;c__Clostridia;o__Lachnospirales;f__Lachnospiraceae;g__Lachnoclostridium_B;s__Lachnoclostridium_B acetigenes"	"Group"	"PD"	"GroupPD"	0.446256581824774	0.213862347105435	0.223317445852327	0.316000927848353	0.904588430150644	0.316000927848353	0.904588430150644	NA	"abundance"	146	19
"d__Bacteria;p__Bacillota_A;c__Clostridia;o__Oscillospirales;f__Ruminococcaceae;g__Anaerotruncus;s__Anaerotruncus massiliensis"	"Group"	"PD"	"GroupPD"	0.616773340292461	0.213862347105435	0.390124575864139	0.316310333418689	0.904588430150644	0.316310333418689	0.904588430150644	NA	"abundance"	146	20
"d__Bacteria;p__Bacillota_A;c__Clostridia;o__Oscillospirales;f__Oscillospiraceae;g__Limivicinus;s__Limivicinus sp003150355"	"Group"	"PD"	"GroupPD"	0.480717273025596	0.213862347105435	0.254861055325314	0.317787181501072	0.905989542291877	0.317787181501072	0.905989542291877	NA	"abundance"	146	14
"d__Bacteria;p__Bacillota_I;c__Bacilli_A;o__Erysipelotrichales;f__Erysipelotrichaceae;g__Holdemanella;s__Holdemanella porci"	"Group"	"PD"	"GroupPD"	-0.625244244747995	0.213862347105435	0.814039775483887	0.319136412224162	0.906982657295123	0.319136412224162	0.906982657295123	NA	"abundance"	146	17
"d__Bacteria;p__Bacillota_A;c__Clostridia;o__Peptostreptococcales;f__Peptostreptococcaceae;g__Intestinibacter;s__Intestinibacter bartlettii"	"Group"	"PD"	"GroupPD"	0.484213030405057	0.213862347105435	0.269893822730805	0.322884298109437	0.906982657295123	0.322884298109437	0.906982657295123	NA	"abundance"	146	54
"d__Bacteria;p__Bacillota_A;c__Clostridia;o__Oscillospirales;f__Oscillospiraceae;g__HGM13006;s__HGM13006 sp905202605"	"Group"	"PD"	"GroupPD"	0.0427271022321922	0.213862347105435	0.0907090982849101	0.323359160079212	0.906982657295123	0.323359160079212	0.906982657295123	NA	"abundance"	146	3
"d__Bacteria;p__Bacillota_A;c__Clostridia;o__Lachnospirales;f__Lachnospiraceae;g__Merdimonas;s__Merdimonas faecis"	"Group"	"PD"	"GroupPD"	0.808207067920645	0.213862347105435	0.560198639145204	0.324272015827465	0.906982657295123	0.324272015827465	0.906982657295123	NA	"abundance"	146	9
"d__Bacteria;p__Bacillota_A;c__Clostridia;o__Lachnospirales;f__Lachnospiraceae;g__Roseburia;s__Roseburia sp900550935"	"Group"	"PD"	"GroupPD"	0.580434893324884	0.213862347105435	0.32609448914872	0.324918551065219	0.906982657295123	0.324918551065219	0.906982657295123	NA	"abundance"	146	6
"d__Bacteria;p__Bacillota;c__Bacilli;o__Lactobacillales;f__Streptococcaceae;g__Streptococcus;s__Streptococcus sp000187445"	"Group"	"PD"	"GroupPD"	1.70892654484526	0.213862347105435	0.836965016095001	0.324998197938704	0.906982657295123	0.324998197938704	0.906982657295123	NA	"abundance"	146	3
"d__Bacteria;p__Bacillota_A;c__Clostridia;o__Lachnospirales;f__Lachnospiraceae;g__Ruminococcus_B;s__Ruminococcus_B gnavus"	"Group"	"PD"	"GroupPD"	0.834715127296988	0.213862347105435	0.624293629604034	0.325051518790954	0.906982657295123	0.325051518790954	0.906982657295123	NA	"abundance"	146	49
"d__Bacteria;p__Bacillota_A;c__Clostridia;o__Lachnospirales;f__Lachnospiraceae;g__Alitiscatomonas;s__Alitiscatomonas sp900066785"	"Group"	"PD"	"GroupPD"	0.485964455508089	0.213862347105435	0.270109134873529	0.326800342619837	0.909099134924274	0.326800342619837	0.909099134924274	NA	"abundance"	146	24
"d__Bacteria;p__Bacillota_I;c__Bacilli_A;o__Erysipelotrichales;f__Erysipelotrichaceae;g__Holdemania;s__Holdemania filiformis"	"Group"	"PD"	"GroupPD"	0.553873627297063	0.213862347105435	0.333391459017699	0.330867652784071	0.909350728442685	0.330867652784071	0.909350728442685	NA	"abundance"	146	13
"d__Bacteria;p__Bacillota_A;c__Clostridia;o__Oscillospirales;f__Ruminococcaceae;g__Faecalibacterium;s__Faecalibacterium sp900540455"	"Group"	"PD"	"GroupPD"	2.58588549792035	0.213862347105435	1.86503672316392	0.331291045680641	0.909350728442685	0.331291045680641	0.909350728442685	NA	"abundance"	146	4
"d__Bacteria;p__Bacteroidota;c__Bacteroidia;o__Bacteroidales;f__Barnesiellaceae;g__Barnesiella;s__Barnesiella intestinihominis"	"Group"	"PD"	"GroupPD"	0.448996787877092	0.213862347105435	0.239592489229369	0.332509180400647	0.909350728442685	0.332509180400647	0.909350728442685	NA	"abundance"	146	83
"d__Bacteria;p__Bacillota_A;c__Clostridia;o__Lachnospirales;f__Lachnospiraceae;g__Brotaphodocola;s__Brotaphodocola sp003480315"	"Group"	"PD"	"GroupPD"	0.0433778564063702	0.213862347105435	0.169661469557552	0.332934380328733	0.909350728442685	0.332934380328733	0.909350728442685	NA	"abundance"	146	21
"d__Bacteria;p__Bacillota_A;c__Clostridia;o__Christensenellales;f__UMGS416;g__Parachristensenella;s__Parachristensenella sp900542005"	"Group"	"PD"	"GroupPD"	0.435183923699969	0.213862347105435	0.219402921442705	0.333073046878279	0.909350728442685	0.333073046878279	0.909350728442685	NA	"abundance"	146	17
"d__Bacteria;p__Bacillota_A;c__Clostridia;o__Lachnospirales;f__Lachnospiraceae;g__JAGTTR01;s__JAGTTR01 sp018223385"	"Group"	"PD"	"GroupPD"	0.0186418116750743	0.213862347105435	0.192243422411644	0.333166375190139	0.909350728442685	0.333166375190139	0.909350728442685	NA	"abundance"	146	15
"d__Bacteria;p__Bacillota_A;c__Clostridia;o__Lachnospirales;f__Lachnospiraceae;g__Enterocloster;s__Enterocloster lavalensis"	"Group"	"PD"	"GroupPD"	-0.165883870515836	0.213862347105435	0.374168872691904	0.334730247717148	0.909350728442685	0.334730247717148	0.909350728442685	NA	"abundance"	146	12
"d__Bacteria;p__Bacillota_A;c__Clostridia;o__Christensenellales;f__Aristaeellaceae;g__Limiplasma;s__Limiplasma merdipullorum"	"Group"	"PD"	"GroupPD"	-0.1413201377208	0.213862347105435	0.365256979691847	0.336342868850568	0.909350728442685	0.336342868850568	0.909350728442685	NA	"abundance"	146	51
"d__Bacteria;p__Bacillota_A;c__Clostridia;o__Oscillospirales;f__Ruminococcaceae;g__Negativibacillus;s__Negativibacillus faecipullorum"	"Group"	"PD"	"GroupPD"	0.63215185089042	0.213862347105435	0.420736193392804	0.33684763709219	0.909350728442685	0.33684763709219	0.909350728442685	NA	"abundance"	146	17
"d__Bacteria;p__Bacillota_A;c__Clostridia;o__Oscillospirales;f__Oscillospiraceae;g__Intestinimonas;s__Intestinimonas massiliensis"	"Group"	"PD"	"GroupPD"	-0.0121486300208666	0.213862347105435	0.229762150545261	0.337497393451157	0.909350728442685	0.337497393451157	0.909350728442685	NA	"abundance"	146	30
"d__Bacteria;p__Bacillota_A;c__Clostridia;o__Lachnospirales;f__Lachnospiraceae;g__Faecalimonas;s__Faecalimonas umbilicata"	"Group"	"PD"	"GroupPD"	1.10318589655302	0.213862347105435	0.85943392605646	0.340695779042825	0.909350728442685	0.340695779042825	0.909350728442685	NA	"abundance"	146	8
"d__Bacteria;p__Bacillota_A;c__Clostridia;o__Oscillospirales;f__Acutalibacteraceae;g__Acutalibacter;s__Acutalibacter sp905215055"	"Group"	"PD"	"GroupPD"	-0.0731092845732201	0.213862347105435	0.252764574496197	0.34091550455534	0.909350728442685	0.34091550455534	0.909350728442685	NA	"abundance"	146	5
"d__Bacteria;p__Bacillota_A;c__Clostridia;o__Oscillospirales;f__Ruminococcaceae;g__Faecalibacterium;s__Faecalibacterium prausnitzii_D"	"Group"	"PD"	"GroupPD"	-0.00875403087745075	0.213862347105435	0.231087227144927	0.3409884125357	0.909350728442685	0.3409884125357	0.909350728442685	NA	"abundance"	146	107
"d__Bacteria;p__Bacillota_A;c__Clostridia;o__Oscillospirales;f__Oscillospiraceae;g__Scatomorpha;s__Scatomorpha sp900545405"	"Group"	"PD"	"GroupPD"	0.735782896229426	0.213862347105435	0.539137065744863	0.342768317108947	0.909350728442685	0.342768317108947	0.909350728442685	NA	"abundance"	146	27
"d__Bacteria;p__Bacillota_A;c__Clostridia;o__Lachnospirales;f__Lachnospiraceae;g__UBA3402;s__UBA3402 sp003478355"	"Group"	"PD"	"GroupPD"	0.00328471765938098	0.213862347105435	0.216346653829648	0.34359932967189	0.909350728442685	0.34359932967189	0.909350728442685	NA	"abundance"	146	29
"d__Bacteria;p__Bacillota;c__Bacilli;o__Lactobacillales;f__Streptococcaceae;g__Streptococcus;s__Streptococcus mitis_BZ"	"Group"	"PD"	"GroupPD"	0.560115823984134	0.213862347105435	0.323834810748264	0.346642162729631	0.909350728442685	0.346642162729631	0.909350728442685	NA	"abundance"	146	6
"d__Bacteria;p__Bacillota_A;c__Clostridia;o__Peptostreptococcales;f__Anaerovoracaceae;g__CAG-238;s__CAG-238 sp900542245"	"Group"	"PD"	"GroupPD"	0.0464170976624025	0.213862347105435	0.171121524759322	0.346821620478732	0.909350728442685	0.346821620478732	0.909350728442685	NA	"abundance"	146	19
"d__Bacteria;p__Bacillota_A;c__Clostridia;o__Oscillospirales;f__Feifaniaceae;g__Galloscillospira_B;s__Galloscillospira_B sp902474785"	"Group"	"PD"	"GroupPD"	0.602890276929636	0.213862347105435	0.364430230416355	0.346988483485055	0.909350728442685	0.346988483485055	0.909350728442685	NA	"abundance"	146	6
"d__Bacteria;p__Bacillota_A;c__Clostridia;o__Christensenellales;f__Aristaeellaceae;g__Ventricola;s__Ventricola sp900548125"	"Group"	"PD"	"GroupPD"	0.38187215426075	0.213862347105435	0.173724517030941	0.349888858380903	0.909350728442685	0.349888858380903	0.909350728442685	NA	"abundance"	146	24
"d__Bacteria;p__Bacillota_A;c__Clostridia;o__Christensenellales;f__CALWSW01;g__JAHZEH01;s__JAHZEH01 sp019421925"	"Group"	"PD"	"GroupPD"	-0.0920681487531345	0.213862347105435	0.295851550337666	0.349971395393146	0.909350728442685	0.349971395393146	0.909350728442685	NA	"abundance"	146	7
"d__Bacteria;p__Bacillota_A;c__Clostridia;o__Lachnospirales;f__Lachnospiraceae;g__Blautia;s__Blautia argi"	"Group"	"PD"	"GroupPD"	1.29932228359488	0.213862347105435	1.07517071349485	0.351789312111364	0.909350728442685	0.351789312111364	0.909350728442685	NA	"abundance"	146	8
"d__Bacteria;p__Bacillota_A;c__Clostridia;o__Lachnospirales;f__Lachnospiraceae;g__Mediterraneibacter;s__Mediterraneibacter norwichensis"	"Group"	"PD"	"GroupPD"	-0.654323904518398	0.213862347105435	0.860775392423279	0.352108376808043	0.909350728442685	0.352108376808043	0.909350728442685	NA	"abundance"	146	8
"d__Bacteria;p__Bacillota_A;c__Clostridia;o__Oscillospirales;f__Oscillospiraceae;g__Dysosmobacter;s__Dysosmobacter sp944387015"	"Group"	"PD"	"GroupPD"	0.529067133753987	0.213862347105435	0.306433452450009	0.352482356754418	0.909350728442685	0.352482356754418	0.909350728442685	NA	"abundance"	146	7
"d__Bacteria;p__Bacillota_A;c__Clostridia;o__Oscillospirales;f__Acutalibacteraceae;g__Hydrogeniiclostridium;s__Hydrogeniiclostridium mannosilyticum"	"Group"	"PD"	"GroupPD"	0.535821077013556	0.213862347105435	0.319400336857544	0.353615209223193	0.909350728442685	0.353615209223193	0.909350728442685	NA	"abundance"	146	8
"d__Bacteria;p__Bacillota_A;c__Clostridia;o__Oscillospirales;f__CAG-272;g__UMGS731;s__UMGS731 sp900762545"	"Group"	"PD"	"GroupPD"	0.290761332488911	0.213862347105435	0.0378433720975785	0.353901629181876	0.909350728442685	0.353901629181876	0.909350728442685	NA	"abundance"	146	3
"d__Bacteria;p__Bacillota_A;c__Clostridia;o__Lachnospirales;f__Lachnospiraceae;g__Otoolea;s__Otoolea saccharolyticum_A"	"Group"	"PD"	"GroupPD"	0.665379092176218	0.213862347105435	0.463079639993331	0.355564322628225	0.909350728442685	0.355564322628225	0.909350728442685	NA	"abundance"	146	11
"d__Bacteria;p__Bacillota_A;c__Clostridia;o__Christensenellales;f__Christensenellaceae;g__QANA01;s__QANA01 sp019420265"	"Group"	"PD"	"GroupPD"	0.78962559265071	0.213862347105435	0.35908448109835	0.355778464228582	0.909350728442685	0.355778464228582	0.909350728442685	NA	"abundance"	146	3
"d__Bacteria;p__Bacillota_A;c__Clostridia;o__Oscillospirales;f__Acutalibacteraceae;g__Acutalibacter;s__Acutalibacter sp900548545"	"Group"	"PD"	"GroupPD"	0.406977463025659	0.213862347105435	0.204193403303603	0.357975746598866	0.909350728442685	0.357975746598866	0.909350728442685	NA	"abundance"	146	24
"d__Bacteria;p__Bacteroidota;c__Bacteroidia;o__Bacteroidales;f__Tannerellaceae;g__Parabacteroides;s__Parabacteroides distasonis"	"Group"	"PD"	"GroupPD"	0.39607189434718	0.213862347105435	0.195842379367039	0.358337384239638	0.909350728442685	0.358337384239638	0.909350728442685	NA	"abundance"	146	117
"d__Bacteria;p__Bacillota_A;c__Clostridia;o__Lachnospirales;f__Lachnospiraceae;g__Dorea_D;s__Dorea_D hominis"	"Group"	"PD"	"GroupPD"	0.388946956998583	0.213862347105435	0.186888680313959	0.359251742793641	0.909350728442685	0.359251742793641	0.909350728442685	NA	"abundance"	146	44
"d__Bacteria;p__Bacillota_A;c__Clostridia;o__Christensenellales;f__Aristaeellaceae;g__Faecivicinus;s__Faecivicinus sp900553265"	"Group"	"PD"	"GroupPD"	0.0485042563576677	0.213862347105435	0.173399899793346	0.36128756005112	0.909350728442685	0.36128756005112	0.909350728442685	NA	"abundance"	146	17
"d__Bacteria;p__Bacillota_A;c__Clostridia;o__Lachnospirales;f__Lachnospiraceae;g__Blautia_A;s__Blautia_A faecavium"	"Group"	"PD"	"GroupPD"	-0.0416642174386862	0.213862347105435	0.236599643600936	0.361941755001022	0.909350728442685	0.361941755001022	0.909350728442685	NA	"abundance"	146	5
"d__Bacteria;p__Bacillota;c__Bacilli;o__Lactobacillales;f__Lactobacillaceae;g__Ligilactobacillus;s__Ligilactobacillus ruminis"	"Group"	"PD"	"GroupPD"	2.05784812399216	0.213862347105435	1.57749960311047	0.362845501759658	0.909350728442685	0.362845501759658	0.909350728442685	NA	"abundance"	146	4
"d__Bacteria;p__Bacillota_A;c__Clostridia;o__Oscillospirales;f__Acutalibacteraceae;g__Caccousia;s__Caccousia sp900752115"	"Group"	"PD"	"GroupPD"	-0.219747995771082	0.213862347105435	0.449354414078781	0.36359497982497	0.909350728442685	0.36359497982497	0.909350728442685	NA	"abundance"	146	10
"d__Bacteria;p__Bacillota_C;c__Negativicutes;o__Veillonellales;f__Megasphaeraceae;g__Megasphaera;s__Megasphaera massiliensis"	"Group"	"PD"	"GroupPD"	-2.21522245240929	0.213862347105435	2.08279553993518	0.363834164655912	0.909350728442685	0.363834164655912	0.909350728442685	NA	"abundance"	146	4
"d__Bacteria;p__Bacillota_A;c__Clostridia;o__Lachnospirales;f__Lachnospiraceae;g__Choladousia;s__Choladousia sp902363665"	"Group"	"PD"	"GroupPD"	0.389156202451615	0.213862347105435	0.189826356163091	0.363834803331027	0.909350728442685	0.363834803331027	0.909350728442685	NA	"abundance"	146	61
"d__Bacteria;p__Bacillota;c__Bacilli;o__Lactobacillales;f__Streptococcaceae;g__Streptococcus;s__Streptococcus sp902463925"	"Group"	"PD"	"GroupPD"	0.866413209026757	0.213862347105435	0.702974187927401	0.364133493983364	0.909350728442685	0.364133493983364	0.909350728442685	NA	"abundance"	146	23
"d__Bacteria;p__Pseudomonadota;c__Gammaproteobacteria;o__Enterobacterales;f__Pasteurellaceae;g__Haemophilus_D;s__Haemophilus_D parainfluenzae"	"Group"	"PD"	"GroupPD"	-0.308489122295745	0.213862347105435	0.53417561672993	0.366330550393701	0.909350728442685	0.366330550393701	0.909350728442685	NA	"abundance"	146	8
"d__Bacteria;p__Bacillota_A;c__Clostridia;o__Lachnospirales;f__Lachnospiraceae;g__Blautia;s__Blautia celeris"	"Group"	"PD"	"GroupPD"	0.624280505320264	0.213862347105435	0.446438429184559	0.368112526947281	0.909350728442685	0.368112526947281	0.909350728442685	NA	"abundance"	146	25
"d__Bacteria;p__Actinomycetota;c__Coriobacteriia;o__Coriobacteriales;f__Eggerthellaceae;g__Anaerotardibacter;s__Anaerotardibacter sp000435675"	"Group"	"PD"	"GroupPD"	0.507645883967244	0.213862347105435	0.322852873535235	0.368325890479304	0.909350728442685	0.368325890479304	0.909350728442685	NA	"abundance"	146	52
"d__Bacteria;p__Bacteroidota;c__Bacteroidia;o__Bacteroidales;f__Rikenellaceae;g__Alistipes;s__Alistipes sp902388705"	"Group"	"PD"	"GroupPD"	0.655200989563263	0.213862347105435	0.288460817802922	0.370026914642517	0.909350728442685	0.370026914642517	0.909350728442685	NA	"abundance"	146	3
"d__Bacteria;p__Bacillota_A;c__Clostridia;o__Oscillospirales;f__Acutalibacteraceae;g__CAKTXU01;s__CAKTXU01 sp934615635"	"Group"	"PD"	"GroupPD"	0.0719609152494159	0.213862347105435	0.151182720124176	0.370204034628745	0.909350728442685	0.370204034628745	0.909350728442685	NA	"abundance"	146	17
"d__Bacteria;p__Bacillota_A;c__Clostridia;o__Oscillospirales;f__Oscillospiraceae;g__Faecousia;s__Faecousia sp900546415"	"Group"	"PD"	"GroupPD"	-0.477383491694701	0.213862347105435	0.686785867590311	0.371247456762845	0.909350728442685	0.371247456762845	0.909350728442685	NA	"abundance"	146	6
"d__Bacteria;p__Bacillota_A;c__Clostridia;o__Lachnospirales;f__Lachnospiraceae;g__Jutongia;s__Jutongia huaianensis"	"Group"	"PD"	"GroupPD"	-0.422391435466643	0.213862347105435	0.606919514798693	0.37164577780461	0.909350728442685	0.37164577780461	0.909350728442685	NA	"abundance"	146	5
"d__Bacteria;p__Bacillota_A;c__Clostridia;o__Oscillospirales;f__Acutalibacteraceae;g__UMGS1623;s__UMGS1623 sp900553525"	"Group"	"PD"	"GroupPD"	0.425837118904253	0.213862347105435	0.137224044870632	0.372226273670991	0.909350728442685	0.372226273670991	0.909350728442685	NA	"abundance"	146	3
"d__Bacteria;p__Bacillota_A;c__Clostridia;o__Peptostreptococcales;f__Anaerovoracaceae;g__Alangreenwoodia;s__Alangreenwoodia gallinarii"	"Group"	"PD"	"GroupPD"	0.661305787419539	0.213862347105435	0.446689054620772	0.37371876712248	0.909350728442685	0.37371876712248	0.909350728442685	NA	"abundance"	146	6
"d__Bacteria;p__Actinomycetota;c__Actinomycetes;o__Actinomycetales;f__Actinomycetaceae;g__Actinomyces;s__Actinomyces sp915063485"	"Group"	"PD"	"GroupPD"	-0.0576310874726637	0.213862347105435	0.259579908762094	0.374158470394457	0.909350728442685	0.374158470394457	0.909350728442685	NA	"abundance"	146	5
"d__Bacteria;p__Bacillota_A;c__Clostridia;o__Peptostreptococcales;f__Anaerovoracaceae;g__Lentihominibacter;s__Lentihominibacter sp958448635"	"Group"	"PD"	"GroupPD"	-0.174557711008285	0.213862347105435	0.372646071279263	0.374515456553912	0.909350728442685	0.374515456553912	0.909350728442685	NA	"abundance"	146	5
"d__Bacteria;p__Bacillota_A;c__Clostridia;o__Oscillospirales;f__Ruminococcaceae;g__Ruminococcus_C;s__Ruminococcus_C sp000433635"	"Group"	"PD"	"GroupPD"	-0.474703571828792	0.213862347105435	0.748937479374424	0.37625931813554	0.909350728442685	0.37625931813554	0.909350728442685	NA	"abundance"	146	14
"d__Bacteria;p__Bacillota_A;c__Clostridia;o__Oscillospirales;f__Butyricicoccaceae;g__Ventrousia;s__Ventrousia excrementavium"	"Group"	"PD"	"GroupPD"	0.836350028351332	0.213862347105435	0.416964469023425	0.376419691512223	0.909350728442685	0.376419691512223	0.909350728442685	NA	"abundance"	146	3
"d__Bacteria;p__Pseudomonadota;c__Gammaproteobacteria;o__Enterobacterales;f__Enterobacteriaceae;g__Klebsiella;s__Klebsiella pneumoniae"	"Group"	"PD"	"GroupPD"	-1.31473522408374	0.213862347105435	1.60432438920596	0.377410990623466	0.909352465596698	0.377410990623466	0.909352465596698	NA	"abundance"	146	8
"d__Bacteria;p__Bacillota_A;c__Clostridia;o__Oscillospirales;f__Oscillospiraceae;g__Vescimonas;s__Vescimonas fastidiosa"	"Group"	"PD"	"GroupPD"	0.720688871386614	0.213862347105435	0.52690963718821	0.380523228266038	0.913000487946261	0.380523228266038	0.913000487946261	NA	"abundance"	146	7
"d__Bacteria;p__Bacillota_I;c__Bacilli_A;o__RF39;f__UBA660;g__Onthocola_B;s__Onthocola_B sp000437355"	"Group"	"PD"	"GroupPD"	-0.506111014999052	0.213862347105435	0.645354716134316	0.380914146931828	0.913000487946261	0.380914146931828	0.913000487946261	NA	"abundance"	146	4
"d__Bacteria;p__Bacillota_A;c__Clostridia;o__Christensenellales;f__Aristaeellaceae;g__Pullichristensenella;s__Pullichristensenella excrementipullorum"	"Group"	"PD"	"GroupPD"	-0.0414308216471431	0.213862347105435	0.278584438052477	0.383216445340872	0.913404771778248	0.383216445340872	0.913404771778248	NA	"abundance"	146	12
"d__Bacteria;p__Bacillota;c__Bacilli;o__Lactobacillales;f__Streptococcaceae;g__Streptococcus;s__Streptococcus sp001556435"	"Group"	"PD"	"GroupPD"	0.453145131358913	0.213862347105435	0.272589326159571	0.383692275600767	0.913404771778248	0.383692275600767	0.913404771778248	NA	"abundance"	146	113
"d__Bacteria;p__Bacillota_A;c__Clostridia;o__Christensenellales;f__Christensenellaceae;g__QANA01;s__QANA01 sp003149735"	"Group"	"PD"	"GroupPD"	0.449889616655994	0.213862347105435	0.212893621171579	0.386589566469854	0.913404771778248	0.386589566469854	0.913404771778248	NA	"abundance"	146	4
"d__Bacteria;p__Bacillota_A;c__Clostridia;o__Oscillospirales;f__Oscillospiraceae;g__Pseudoflavonifractor;s__Pseudoflavonifractor faecis"	"Group"	"PD"	"GroupPD"	0.320573584436533	0.213862347105435	0.116659277550267	0.386844712655116	0.913404771778248	0.386844712655116	0.913404771778248	NA	"abundance"	146	17
"d__Bacteria;p__Bacillota_A;c__Clostridia;o__Peptostreptococcales;f__Anaerovoracaceae;g__QAKD01;s__QAKD01 sp003343965"	"Group"	"PD"	"GroupPD"	-0.14175403761718	0.213862347105435	0.24777713100618	0.388910639435406	0.913404771778248	0.388910639435406	0.913404771778248	NA	"abundance"	146	3
"d__Bacteria;p__Actinomycetota;c__Coriobacteriia;o__Coriobacteriales;f__Eggerthellaceae;g__Slackia;s__Slackia isoflavoniconvertens"	"Group"	"PD"	"GroupPD"	0.661002058066938	0.213862347105435	0.49393244355517	0.38920721957594	0.913404771778248	0.38920721957594	0.913404771778248	NA	"abundance"	146	11
"d__Bacteria;p__Bacteroidota;c__Bacteroidia;o__Bacteroidales;f__Tannerellaceae;g__Parabacteroides;s__Parabacteroides merdae"	"Group"	"PD"	"GroupPD"	0.406788593762298	0.213862347105435	0.222064874901256	0.390164935386579	0.913404771778248	0.390164935386579	0.913404771778248	NA	"abundance"	146	79
"d__Bacteria;p__Bacillota_A;c__Clostridia;o__Oscillospirales;f__Oscillospiraceae;g__Vescimonas;s__Vescimonas sp900545585"	"Group"	"PD"	"GroupPD"	0.637935104679782	0.213862347105435	0.479408808046337	0.390885392988936	0.913404771778248	0.390885392988936	0.913404771778248	NA	"abundance"	146	17
"d__Bacteria;p__Pseudomonadota;c__Alphaproteobacteria;o__RF32;f__CAG-239;g__Scatocola;s__Scatocola faecipullorum"	"Group"	"PD"	"GroupPD"	-0.245341292421186	0.213862347105435	0.516284447187566	0.391415798808338	0.913404771778248	0.391415798808338	0.913404771778248	NA	"abundance"	146	14
"d__Bacteria;p__Bacillota_A;c__Clostridia;o__Oscillospirales;f__Butyricicoccaceae;g__RGIG1902;s__RGIG1902 sp944375715"	"Group"	"PD"	"GroupPD"	0.860364961559405	0.213862347105435	0.596236470298566	0.391805892339713	0.913404771778248	0.391805892339713	0.913404771778248	NA	"abundance"	146	4
"d__Bacteria;p__Pseudomonadota;c__Gammaproteobacteria;o__Burkholderiales;f__Burkholderiaceae;g__Duodenibacillus;s__Duodenibacillus intestinigallinarum"	"Group"	"PD"	"GroupPD"	1.63664251865041	0.213862347105435	1.42663600500098	0.392027756079117	0.913404771778248	0.392027756079117	0.913404771778248	NA	"abundance"	146	5
"d__Bacteria;p__Bacillota_A;c__Clostridia;o__Peptostreptococcales;f__Anaerovoracaceae;g__Lentihominibacter;s__Lentihominibacter faecis"	"Group"	"PD"	"GroupPD"	0.312109817073456	0.213862347105435	0.111010171858127	0.394526524445767	0.915100766002428	0.394526524445767	0.915100766002428	NA	"abundance"	146	71
"d__Bacteria;p__Bacillota_A;c__Clostridia;o__Christensenellales;f__Aristaeellaceae;g__Pullichristensenella;s__Pullichristensenella stercorigallinarum"	"Group"	"PD"	"GroupPD"	0.0873640852841301	0.213862347105435	0.143088340413159	0.394770492930117	0.915100766002428	0.394770492930117	0.915100766002428	NA	"abundance"	146	23
"d__Bacteria;p__Bacillota_A;c__Clostridia;o__Christensenellales;f__Aristaeellaceae;g__Faecaligallichristensenella;s__Faecaligallichristensenella faecipullorum"	"Group"	"PD"	"GroupPD"	-0.0618195136957442	0.213862347105435	0.307873305467443	0.395746191833294	0.915100766002428	0.395746191833294	0.915100766002428	NA	"abundance"	146	11
"d__Bacteria;p__Bacillota_A;c__Clostridia;o__Oscillospirales;f__Ruminococcaceae;g__Pseudoruminococcus_B;s__Pseudoruminococcus_B merdavium"	"Group"	"PD"	"GroupPD"	-0.17691776265744	0.213862347105435	0.281021808917308	0.398221210700622	0.91851022970646	0.398221210700622	0.91851022970646	NA	"abundance"	146	3
"d__Bacteria;p__Bacillota_A;c__Clostridia;o__Christensenellales;f__Aristaeellaceae;g__Pullichristensenella;s__Pullichristensenella sp946496415"	"Group"	"PD"	"GroupPD"	0.0704410078848831	0.213862347105435	0.165954982690477	0.400818741793891	0.92215776726991	0.400818741793891	0.92215776726991	NA	"abundance"	146	33
"d__Bacteria;p__Bacillota_A;c__Clostridia;o__Oscillospirales;f__Oscillospiraceae;g__CAG-103;s__CAG-103 sp900317855"	"Group"	"PD"	"GroupPD"	-0.2732821772713	0.213862347105435	0.573707498076722	0.401811663298436	0.92215776726991	0.401811663298436	0.92215776726991	NA	"abundance"	146	36
"d__Bacteria;p__Bacillota_A;c__Clostridia;o__Lachnospirales;f__Lachnospiraceae;g__Faecalimonas;s__Faecalimonas sp900550235"	"Group"	"PD"	"GroupPD"	-0.625376827778871	0.213862347105435	0.799466382516743	0.403989823505233	0.924844533610485	0.403989823505233	0.924844533610485	NA	"abundance"	146	4
"d__Bacteria;p__Bacillota_A;c__Clostridia;o__Lachnospirales;f__Lachnospiraceae;g__Oliverpabstia;s__Oliverpabstia intestinalis"	"Group"	"PD"	"GroupPD"	0.0293763220458868	0.213862347105435	0.221147651749003	0.409462792483799	0.93504189925405	0.409462792483799	0.93504189925405	NA	"abundance"	146	97
"d__Bacteria;p__Bacillota_A;c__Clostridia;o__Oscillospirales;f__CAG-382;g__UMGS882;s__UMGS882 sp900546385"	"Group"	"PD"	"GroupPD"	0.846245537200536	0.213862347105435	0.478187316949922	0.412555676739857	0.939767025427267	0.412555676739857	0.939767025427267	NA	"abundance"	146	3
"d__Bacteria;p__Bacillota_A;c__Clostridia;o__Lachnospirales;f__Lachnospiraceae;g__Limivivens;s__Limivivens sp934393555"	"Group"	"PD"	"GroupPD"	0.0571905323259308	0.213862347105435	0.187604508261644	0.413883541026003	0.940458145202651	0.413883541026003	0.940458145202651	NA	"abundance"	146	34
"d__Bacteria;p__Desulfobacterota;c__Desulfovibrionia;o__Desulfovibrionales;f__Desulfovibrionaceae;g__Mailhella;s__Mailhella excrementigallinarum"	"Group"	"PD"	"GroupPD"	-0.0938520192226875	0.213862347105435	0.355707743027619	0.416358499269662	0.94324211810291	0.416358499269662	0.94324211810291	NA	"abundance"	146	9
"d__Bacteria;p__Bacillota_A;c__Clostridia;o__Oscillospirales;f__Oscillospiraceae;g__Intestinimonas;s__Intestinimonas stercoravium"	"Group"	"PD"	"GroupPD"	-0.00690444868091501	0.213862347105435	0.233965972741379	0.417657560691131	0.94324211810291	0.417657560691131	0.94324211810291	NA	"abundance"	146	5
"d__Bacteria;p__Bacillota_A;c__Clostridia;o__Lachnospirales;f__Lachnospiraceae;g__Enterocloster;s__Enterocloster sp000431375"	"Group"	"PD"	"GroupPD"	0.0189370040449816	0.213862347105435	0.237790514039843	0.418191222296171	0.94324211810291	0.418191222296171	0.94324211810291	NA	"abundance"	146	64
"d__Bacteria;p__Bacillota;c__Bacilli;o__Lactobacillales;f__Lactobacillaceae;g__Limosilactobacillus;s__Limosilactobacillus reuteri_E"	"Group"	"PD"	"GroupPD"	3.85515960439137	0.213862347105435	3.64099962487936	0.422601857135213	0.945640447433676	0.422601857135213	0.945640447433676	NA	"abundance"	146	4
"d__Bacteria;p__Bacillota_A;c__Clostridia;o__Oscillospirales;f__Butyricicoccaceae;g__Agathobaculum;s__Agathobaculum sp900557315"	"Group"	"PD"	"GroupPD"	-0.19548281792797	0.213862347105435	0.442098717226564	0.4231721271107	0.945640447433676	0.4231721271107	0.945640447433676	NA	"abundance"	146	5
"d__Bacteria;p__Bacillota_A;c__Clostridia;o__Lachnospirales;f__Lachnospiraceae;g__Lachnoclostridium_A;s__Lachnoclostridium_A edouardi"	"Group"	"PD"	"GroupPD"	0.482464805887782	0.213862347105435	0.308214764809139	0.424414808124415	0.945640447433676	0.424414808124415	0.945640447433676	NA	"abundance"	146	7
"d__Bacteria;p__Bacillota_A;c__Clostridia;o__Lachnospirales;f__Bianqueaceae;g__Faecimorpha;s__Faecimorpha sp944376225"	"Group"	"PD"	"GroupPD"	-0.517132012973325	0.213862347105435	0.827205841107765	0.42680535314357	0.945640447433676	0.42680535314357	0.945640447433676	NA	"abundance"	146	6
"d__Bacteria;p__Bacillota_A;c__Clostridia;o__Oscillospirales;f__Oscillospiraceae;g__Lawsonibacter;s__Lawsonibacter asaccharolyticus"	"Group"	"PD"	"GroupPD"	0.12376097713433	0.213862347105435	0.109506529250371	0.426936808884598	0.945640447433676	0.426936808884598	0.945640447433676	NA	"abundance"	146	85
"d__Bacteria;p__Bacillota_A;c__Clostridia;o__Lachnospirales;f__Lachnospiraceae;g__COE1;s__COE1 sp001916965"	"Group"	"PD"	"GroupPD"	-0.240371371803513	0.213862347105435	0.550849437275728	0.429012168059514	0.945640447433676	0.429012168059514	0.945640447433676	NA	"abundance"	146	12
"d__Bacteria;p__Bacillota_A;c__Clostridia;o__Christensenellales;f__CAG-917;g__CAG-475;s__CAG-475 sp000434435"	"Group"	"PD"	"GroupPD"	-0.526477458516878	0.213862347105435	0.8118635326596	0.429045788399514	0.945640447433676	0.429045788399514	0.945640447433676	NA	"abundance"	146	5
"d__Bacteria;p__Bacillota_A;c__Clostridia;o__Lachnospirales;f__Lachnospiraceae;g__Bacteroides_F;s__Bacteroides_F pectinophilus"	"Group"	"PD"	"GroupPD"	1.10024438159043	0.213862347105435	1.04691034556896	0.42963481026636	0.945640447433676	0.42963481026636	0.945640447433676	NA	"abundance"	146	8
"d__Bacteria;p__Bacillota_A;c__Clostridia;o__Oscillospirales;f__Oscillospiraceae;g__Hominicoprocola;s__Hominicoprocola sp900550165"	"Group"	"PD"	"GroupPD"	0.804679966785253	0.213862347105435	0.689754644158881	0.431054285379177	0.945640447433676	0.431054285379177	0.945640447433676	NA	"abundance"	146	7
"d__Bacteria;p__Bacteroidota;c__Bacteroidia;o__Bacteroidales;f__Bacteroidaceae;g__Bacteroides;s__Bacteroides faecis"	"Group"	"PD"	"GroupPD"	-0.220071993811565	0.213862347105435	0.538505859594002	0.431106535755561	0.945640447433676	0.431106535755561	0.945640447433676	NA	"abundance"	146	20
"d__Bacteria;p__Bacillota_A;c__Clostridia;o__Oscillospirales;f__Acutalibacteraceae;g__Hominenteromicrobium;s__Hominenteromicrobium gallistercoris"	"Group"	"PD"	"GroupPD"	-0.291532170216647	0.213862347105435	0.556582841556443	0.43121718433311	0.945640447433676	0.43121718433311	0.945640447433676	NA	"abundance"	146	5
"d__Bacteria;p__Bacillota_A;c__Clostridia;o__Lachnospirales;f__Lachnospiraceae;g__Coprococcus_A;s__Coprococcus_A catus_A"	"Group"	"PD"	"GroupPD"	0.090666358683967	0.213862347105435	0.153772551967423	0.432219357955755	0.945640447433676	0.432219357955755	0.945640447433676	NA	"abundance"	146	93
"d__Bacteria;p__Bacillota_A;c__Clostridia;o__TANB77;f__CAG-508;g__CAG-273;s__CAG-273 sp003534295"	"Group"	"PD"	"GroupPD"	0.778142332403874	0.213862347105435	0.702125919871634	0.432645956342205	0.945640447433676	0.432645956342205	0.945640447433676	NA	"abundance"	146	19
"d__Bacteria;p__Bacteroidota;c__Bacteroidia;o__Bacteroidales;f__Bacteroidaceae;g__Bacteroides;s__Bacteroides thetaiotaomicron"	"Group"	"PD"	"GroupPD"	0.0658661247297408	0.213862347105435	0.186322597487065	0.434248100644291	0.945849515563559	0.434248100644291	0.945849515563559	NA	"abundance"	146	94
"d__Bacteria;p__Bacillota_A;c__Clostridia;o__Lachnospirales;f__Lachnospiraceae;g__Blautia;s__Blautia stercoris"	"Group"	"PD"	"GroupPD"	-0.175131120171417	0.213862347105435	0.494660940978177	0.437777545414931	0.945849515563559	0.437777545414931	0.945849515563559	NA	"abundance"	146	35
"d__Bacteria;p__Bacillota_A;c__Clostridia;o__Oscillospirales;f__Acutalibacteraceae;g__CAJFUH01;s__CAJFUH01 sp934717555"	"Group"	"PD"	"GroupPD"	0.0195920320493436	0.213862347105435	0.236912332115276	0.438108111232032	0.945849515563559	0.438108111232032	0.945849515563559	NA	"abundance"	146	10
"d__Bacteria;p__Bacteroidota;c__Bacteroidia;o__Bacteroidales;f__Bacteroidaceae;g__Bacteroides;s__Bacteroides nordii"	"Group"	"PD"	"GroupPD"	-0.288517197633483	0.213862347105435	0.622376625007291	0.438511632106291	0.945849515563559	0.438511632106291	0.945849515563559	NA	"abundance"	146	12
"d__Bacteria;p__Bacillota_A;c__Clostridia;o__Christensenellales;f__Aristaeellaceae;g__Pullichristensenella;s__Pullichristensenella avicola"	"Group"	"PD"	"GroupPD"	-0.632497369819963	0.213862347105435	0.69956070138246	0.439833922322935	0.945849515563559	0.439833922322935	0.945849515563559	NA	"abundance"	146	3
"d__Bacteria;p__Bacillota_A;c__Clostridia;o__Christensenellales;f__Aristaeellaceae;g__Limiplasma;s__Limiplasma sp900548145"	"Group"	"PD"	"GroupPD"	0.566089883158288	0.213862347105435	0.443964684177956	0.440632381452493	0.945849515563559	0.440632381452493	0.945849515563559	NA	"abundance"	146	17
"d__Bacteria;p__Bacillota;c__Bacilli;o__Lactobacillales;f__Lactobacillaceae;g__Lactobacillus;s__Lactobacillus paragasseri"	"Group"	"PD"	"GroupPD"	0.818735793737401	0.213862347105435	0.723922363403956	0.441539024601625	0.945849515563559	0.441539024601625	0.945849515563559	NA	"abundance"	146	7
"d__Bacteria;p__Bacillota_A;c__Clostridia;o__Lachnospirales;f__Lachnospiraceae;g__Blautia_A;s__Blautia_A sp900066205"	"Group"	"PD"	"GroupPD"	0.560695205971948	0.213862347105435	0.446657605889599	0.442314292866162	0.945849515563559	0.442314292866162	0.945849515563559	NA	"abundance"	146	44
"d__Bacteria;p__Bacillota_A;c__Clostridia;o__Lachnospirales;f__Lachnospiraceae;g__Mediterraneibacter;s__Mediterraneibacter stercorigallinarum"	"Group"	"PD"	"GroupPD"	1.04701622935985	0.213862347105435	0.877795339718469	0.442881794342287	0.945849515563559	0.442881794342287	0.945849515563559	NA	"abundance"	146	4
"d__Bacteria;p__Bacillota_A;c__Clostridia;o__Lachnospirales;f__Lachnospiraceae;g__Anaerostipes;s__Anaerostipes amylophilus"	"Group"	"PD"	"GroupPD"	-0.108185204231799	0.213862347105435	0.414931662622421	0.443044980057005	0.945849515563559	0.443044980057005	0.945849515563559	NA	"abundance"	146	41
"d__Bacteria;p__Bacillota;c__Bacilli;o__Lactobacillales;f__Lactobacillaceae;g__Lacticaseibacillus;s__Lacticaseibacillus paracasei"	"Group"	"PD"	"GroupPD"	0.397016857561303	0.213862347105435	0.224661891722001	0.445349209013015	0.947001384072932	0.445349209013015	0.947001384072932	NA	"abundance"	146	9
"d__Bacteria;p__Bacteroidota;c__Bacteroidia;o__Bacteroidales;f__Rikenellaceae;g__Alistipes;s__Alistipes senegalensis"	"Group"	"PD"	"GroupPD"	0.053266975352483	0.213862347105435	0.206051055950886	0.445938151229442	0.947001384072932	0.445938151229442	0.947001384072932	NA	"abundance"	146	29
"d__Bacteria;p__Bacillota_I;c__Bacilli_A;o__RF39;f__UBA660;g__JAEDMO01;s__JAEDMO01 sp016302935"	"Group"	"PD"	"GroupPD"	1.67241955457174	0.213862347105435	1.66978610851624	0.446679302073616	0.947001384072932	0.446679302073616	0.947001384072932	NA	"abundance"	146	5
"d__Bacteria;p__Bacillota_A;c__Clostridia;o__Lachnospirales;f__Lachnospiraceae;g__Eisenbergiella;s__Eisenbergiella sp900555195"	"Group"	"PD"	"GroupPD"	-0.189492017091563	0.213862347105435	0.481836780352021	0.450146907648369	0.947413807042867	0.450146907648369	0.947413807042867	NA	"abundance"	146	6
"d__Bacteria;p__Bacillota_A;c__Clostridia;o__Lachnospirales;f__Lachnospiraceae;g__Muricoprocola;s__Muricoprocola sp900544685"	"Group"	"PD"	"GroupPD"	-0.369151618486741	0.213862347105435	0.626679543160293	0.450678898271638	0.947413807042867	0.450678898271638	0.947413807042867	NA	"abundance"	146	4
"d__Bacteria;p__Bacillota_A;c__Clostridia;o__Oscillospirales;f__Acutalibacteraceae;g__Anaeromassilibacillus;s__Anaeromassilibacillus stercoravium"	"Group"	"PD"	"GroupPD"	0.366978350914947	0.213862347105435	0.198134279909529	0.450988781413894	0.947413807042867	0.450988781413894	0.947413807042867	NA	"abundance"	146	26
"d__Bacteria;p__Bacillota_A;c__Clostridia;o__Lachnospirales;f__Lachnospiraceae;g__Mediterraneibacter;s__Mediterraneibacter merdigallinarum"	"Group"	"PD"	"GroupPD"	0.617581147901801	0.213862347105435	0.347166564238503	0.453091006440683	0.947413807042867	0.453091006440683	0.947413807042867	NA	"abundance"	146	3
"d__Bacteria;p__Bacillota_A;c__Clostridia;o__Oscillospirales;f__Oscillospiraceae;g__Vescimonas;s__Vescimonas sp003539495"	"Group"	"PD"	"GroupPD"	0.598268221472071	0.213862347105435	0.496385311708531	0.455596107315295	0.947413807042867	0.455596107315295	0.947413807042867	NA	"abundance"	146	13
"d__Bacteria;p__Bacillota_A;c__Clostridia;o__Lachnospirales;f__Lachnospiraceae;g__Eisenbergiella;s__Eisenbergiella tayi"	"Group"	"PD"	"GroupPD"	0.417652366679714	0.213862347105435	0.269831100168687	0.457466141492983	0.947413807042867	0.457466141492983	0.947413807042867	NA	"abundance"	146	38
"d__Bacteria;p__Actinomycetota;c__Actinomycetes;o__Actinomycetales;f__Bifidobacteriaceae;g__Bifidobacterium;s__Bifidobacterium pseudocatenulatum"	"Group"	"PD"	"GroupPD"	0.834996369866889	0.213862347105435	0.824008978731878	0.458492797304453	0.947413807042867	0.458492797304453	0.947413807042867	NA	"abundance"	146	26
"d__Bacteria;p__Bacillota_A;c__Clostridia;o__Oscillospirales;f__Oscillospiraceae;g__Lawsonibacter;s__Lawsonibacter sp900066825"	"Group"	"PD"	"GroupPD"	0.635832821269802	0.213862347105435	0.553317088148893	0.458528838306661	0.947413807042867	0.458528838306661	0.947413807042867	NA	"abundance"	146	16
"d__Bacteria;p__Desulfobacterota;c__Desulfovibrionia;o__Desulfovibrionales;f__Desulfovibrionaceae;g__Desulfovibrio;s__Desulfovibrio sp018379785"	"Group"	"PD"	"GroupPD"	0.00919021411055323	0.213862347105435	0.270879750129041	0.460727805475892	0.947413807042867	0.460727805475892	0.947413807042867	NA	"abundance"	146	23
"d__Bacteria;p__Bacillota_A;c__Clostridia;o__Oscillospirales;f__Acutalibacteraceae;g__Avimonas_A;s__Avimonas_A narfia"	"Group"	"PD"	"GroupPD"	0.419452085236408	0.213862347105435	0.268260813457502	0.461615276147597	0.947413807042867	0.461615276147597	0.947413807042867	NA	"abundance"	146	13
"d__Bacteria;p__Bacillota_A;c__Clostridia;o__Lachnospirales;f__Lachnospiraceae;g__Enterocloster;s__Enterocloster clostridioformis"	"Group"	"PD"	"GroupPD"	-0.0691461042251329	0.213862347105435	0.370919816717721	0.4660407186753	0.947413807042867	0.4660407186753	0.947413807042867	NA	"abundance"	146	11
"d__Bacteria;p__Actinomycetota;c__Coriobacteriia;o__Coriobacteriales;f__Eggerthellaceae;g__Anaerotardibacter;s__Anaerotardibacter sp900554685"	"Group"	"PD"	"GroupPD"	-1.50029705572972	0.213862347105435	1.92152281037654	0.466432913719872	0.947413807042867	0.466432913719872	0.947413807042867	NA	"abundance"	146	4
"d__Bacteria;p__Actinomycetota;c__Coriobacteriia;o__Coriobacteriales;f__Atopobiaceae;g__Thermophilibacter;s__Thermophilibacter timonensis"	"Group"	"PD"	"GroupPD"	-0.126826081714688	0.213862347105435	0.306546772552464	0.467486521741129	0.947413807042867	0.467486521741129	0.947413807042867	NA	"abundance"	146	3
"d__Bacteria;p__Bacillota_A;c__Clostridia;o__Peptostreptococcales;f__Anaerovoracaceae;g__Lentihominibacter;s__Lentihominibacter excrementavium"	"Group"	"PD"	"GroupPD"	0.0662605161615617	0.213862347105435	0.176137181261713	0.468181588744569	0.947413807042867	0.468181588744569	0.947413807042867	NA	"abundance"	146	5
"d__Bacteria;p__Bacillota_A;c__Clostridia;o__Oscillospirales;f__Acutalibacteraceae;g__Eubacterium_R;s__Eubacterium_R sp000434995"	"Group"	"PD"	"GroupPD"	0.52274598761869	0.213862347105435	0.419513265107138	0.469596694468254	0.947413807042867	0.469596694468254	0.947413807042867	NA	"abundance"	146	25
"d__Bacteria;p__Bacillota_A;c__Clostridia;o__Oscillospirales;f__CAG-272;g__Flemingibacterium;s__Flemingibacterium sp900546315"	"Group"	"PD"	"GroupPD"	0.46396843998167	0.213862347105435	0.329388213921907	0.470590437756254	0.947413807042867	0.470590437756254	0.947413807042867	NA	"abundance"	146	10
"d__Bacteria;p__Bacillota_A;c__Clostridia;o__Christensenellales;f__Aristaeellaceae;g__Firm-10;s__Firm-10 sp004552515"	"Group"	"PD"	"GroupPD"	0.616709093902809	0.213862347105435	0.516537028020736	0.471264606493522	0.947413807042867	0.471264606493522	0.947413807042867	NA	"abundance"	146	7
"d__Bacteria;p__Bacillota_A;c__Clostridia;o__Christensenellales;f__QALW01;g__UMGS1338;s__UMGS1338 sp900550805"	"Group"	"PD"	"GroupPD"	-0.18487333660858	0.213862347105435	0.486818467149576	0.473052104581744	0.947413807042867	0.473052104581744	0.947413807042867	NA	"abundance"	146	5
"d__Bacteria;p__Bacillota_A;c__Clostridia;o__TANB77;f__CAG-508;g__UMGS1781;s__UMGS1781 sp900553695"	"Group"	"PD"	"GroupPD"	0.718180357597543	0.213862347105435	0.616523502701738	0.473266681281373	0.947413807042867	0.473266681281373	0.947413807042867	NA	"abundance"	146	5
"d__Bacteria;p__Bacillota_A;c__Clostridia;o__Oscillospirales;f__Ruminococcaceae;g__Faecivivens;s__Faecivivens sp022770625"	"Group"	"PD"	"GroupPD"	-0.0975675156022587	0.213862347105435	0.355946336232092	0.474648400393719	0.947413807042867	0.474648400393719	0.947413807042867	NA	"abundance"	146	4
"d__Bacteria;p__Bacillota_A;c__Clostridia;o__Eubacteriales;f__Anaerofustaceae;g__Anaerofustis;s__Anaerofustis stercorihominis_A"	"Group"	"PD"	"GroupPD"	0.403072126188881	0.213862347105435	0.243678097080527	0.474968797447145	0.947413807042867	0.474968797447145	0.947413807042867	NA	"abundance"	146	7
"d__Bacteria;p__Bacillota_A;c__Clostridia;o__Lachnospirales;f__Lachnospiraceae;g__V9D3004;s__V9D3004 sp900760345"	"Group"	"PD"	"GroupPD"	-0.00971384320259192	0.213862347105435	0.307352717812781	0.475139660778263	0.947413807042867	0.475139660778263	0.947413807042867	NA	"abundance"	146	31
"d__Bacteria;p__Bacillota_A;c__Clostridia;o__Oscillospirales;f__Acutalibacteraceae;g__Ruminococcus_E;s__Ruminococcus_E bovis"	"Group"	"PD"	"GroupPD"	-0.470548891631988	0.213862347105435	0.636144993556817	0.476901227358399	0.947413807042867	0.476901227358399	0.947413807042867	NA	"abundance"	146	3
"d__Bacteria;p__Bacillota_A;c__Clostridia;o__TANB77;f__CAG-508;g__CAG-273;s__CAG-273 sp905214245"	"Group"	"PD"	"GroupPD"	0.675175035114542	0.213862347105435	0.569067061379099	0.477100230036542	0.947413807042867	0.477100230036542	0.947413807042867	NA	"abundance"	146	5
"d__Bacteria;p__Actinomycetota;c__Coriobacteriia;o__Coriobacteriales;f__Coriobacteriaceae;g__Enorma;s__Enorma massiliensis"	"Group"	"PD"	"GroupPD"	-1.38142683371338	0.213862347105435	1.84905507040212	0.479185424378599	0.947413807042867	0.479185424378599	0.947413807042867	NA	"abundance"	146	4
"d__Bacteria;p__Bacillota_A;c__Clostridia;o__Oscillospirales;f__Oscillospiraceae;g__Evtepia;s__Evtepia excrementipullorum"	"Group"	"PD"	"GroupPD"	0.396409879037772	0.213862347105435	0.25419489737484	0.47986038606885	0.947413807042867	0.47986038606885	0.947413807042867	NA	"abundance"	146	33
"d__Bacteria;p__Cyanobacteriota;c__Vampirovibrionia;o__Gastranaerophilales;f__Gastranaerophilaceae;g__Scatenecus;s__Scatenecus sp900554095"	"Group"	"PD"	"GroupPD"	0.0351745364353056	0.213862347105435	0.167640128604473	0.483752216259422	0.947413807042867	0.483752216259422	0.947413807042867	NA	"abundance"	146	3
"d__Bacteria;p__Bacillota_A;c__Clostridia;o__Christensenellales;f__CAG-138;g__Phil1;s__Phil1 sp001940855"	"Group"	"PD"	"GroupPD"	0.544637871859509	0.213862347105435	0.463356224277157	0.484640440302195	0.947413807042867	0.484640440302195	0.947413807042867	NA	"abundance"	146	21
"d__Bacteria;p__Bacillota_A;c__Clostridia;o__Clostridiales;f__Clostridiaceae;g__Clostridium;s__Clostridium sp900766315"	"Group"	"PD"	"GroupPD"	0.67518157699	0.213862347105435	0.581273809049867	0.485616330080414	0.947413807042867	0.485616330080414	0.947413807042867	NA	"abundance"	146	5
"d__Bacteria;p__Bacillota_A;c__Clostridia;o__Lachnospirales;f__Lachnospiraceae;g__Ventrisoma;s__Ventrisoma faecale"	"Group"	"PD"	"GroupPD"	-0.00191018915714549	0.213862347105435	0.302916140844028	0.487041743994403	0.947413807042867	0.487041743994403	0.947413807042867	NA	"abundance"	146	20
"d__Bacteria;p__Bacillota_A;c__Clostridia;o__Oscillospirales;f__Oscillospiraceae;g__CAG-170;s__CAG-170 sp002404795"	"Group"	"PD"	"GroupPD"	0.389860760149066	0.213862347105435	0.250292550828099	0.487982715521948	0.947413807042867	0.487982715521948	0.947413807042867	NA	"abundance"	146	44
"d__Bacteria;p__Bacillota_A;c__Clostridia;o__Oscillospirales;f__Oscillospiraceae;g__Onthomonas;s__Onthomonas sp900545815"	"Group"	"PD"	"GroupPD"	0.0413770124662037	0.213862347105435	0.244752563857824	0.489897240024848	0.947413807042867	0.489897240024848	0.947413807042867	NA	"abundance"	146	27
"d__Bacteria;p__Bacillota_A;c__Clostridia;o__Lachnospirales;f__Lachnospiraceae;g__Enterocloster;s__Enterocloster citroniae"	"Group"	"PD"	"GroupPD"	0.656103650996122	0.213862347105435	0.582542404980786	0.490004139143739	0.947413807042867	0.490004139143739	0.947413807042867	NA	"abundance"	146	6
"d__Bacteria;p__Bacillota_A;c__Clostridia;o__Oscillospirales;f__Ruminococcaceae;g__Porcipelethomonas;s__Porcipelethomonas sp900538575"	"Group"	"PD"	"GroupPD"	-0.27812648595489	0.213862347105435	0.700465056342049	0.4905111291587	0.947413807042867	0.4905111291587	0.947413807042867	NA	"abundance"	146	22
"d__Bacteria;p__Bacteroidota;c__Bacteroidia;o__Bacteroidales;f__Rikenellaceae;g__Tidjanibacter;s__Tidjanibacter inops"	"Group"	"PD"	"GroupPD"	-0.182864975019759	0.213862347105435	0.56790604318462	0.492294694331407	0.947413807042867	0.492294694331407	0.947413807042867	NA	"abundance"	146	24
"d__Bacteria;p__Bacillota_A;c__Clostridia;o__Christensenellales;f__Aristaeellaceae;g__Onthenecus;s__Onthenecus intestinigallinarum"	"Group"	"PD"	"GroupPD"	-0.513078276700767	0.213862347105435	0.709518150586381	0.492330671371679	0.947413807042867	0.492330671371679	0.947413807042867	NA	"abundance"	146	3
"d__Bacteria;p__Actinomycetota;c__Coriobacteriia;o__Coriobacteriales;f__QAMH01;g__QAMH01;s__QAMH01 sp003149935"	"Group"	"PD"	"GroupPD"	0.388533104042959	0.213862347105435	0.237546624720581	0.492453222325952	0.947413807042867	0.492453222325952	0.947413807042867	NA	"abundance"	146	8
"d__Bacteria;p__Bacillota_A;c__Clostridia;o__Peptostreptococcales;f__Anaerovoracaceae;g__Emergencia;s__Emergencia sp904420065"	"Group"	"PD"	"GroupPD"	-0.00340822415559341	0.213862347105435	0.3011472168068	0.492720764706064	0.947413807042867	0.492720764706064	0.947413807042867	NA	"abundance"	146	10
"d__Bacteria;p__Bacillota_A;c__Clostridia;o__Christensenellales;f__Aristaeellaceae;g__Excrementavichristensenella;s__Excrementavichristensenella intestinipullorum"	"Group"	"PD"	"GroupPD"	-0.0369305601385431	0.213862347105435	0.355916970806511	0.496551237258382	0.947413807042867	0.496551237258382	0.947413807042867	NA	"abundance"	146	13
"d__Bacteria;p__Bacillota_A;c__Clostridia;o__Lachnospirales;f__Bianqueaceae;g__Bianquea;s__Bianquea renquensis"	"Group"	"PD"	"GroupPD"	0.431121436149548	0.213862347105435	0.303884468125518	0.496576260235678	0.947413807042867	0.496576260235678	0.947413807042867	NA	"abundance"	146	10
"d__Bacteria;p__Bacillota_A;c__Clostridia;o__Lachnospirales;f__Lachnospiraceae;g__Butyribacter;s__Butyribacter hominis"	"Group"	"PD"	"GroupPD"	-0.0397096183488971	0.213862347105435	0.346465524310799	0.497864658347486	0.947413807042867	0.497864658347486	0.947413807042867	NA	"abundance"	146	7
"d__Bacteria;p__Bacillota_A;c__Clostridia;o__Oscillospirales;f__Ruminococcaceae;g__Gemmiger;s__Gemmiger sp900539695"	"Group"	"PD"	"GroupPD"	0.128839171440825	0.213862347105435	0.122018792298635	0.499035153229786	0.947413807042867	0.499035153229786	0.947413807042867	NA	"abundance"	146	65
"d__Bacteria;p__Bacillota_A;c__Clostridia;o__Lachnospirales;f__Lachnospiraceae;g__Blautia_A;s__Blautia_A faecis"	"Group"	"PD"	"GroupPD"	0.0641124862221153	0.213862347105435	0.219390693573923	0.499508879295703	0.947413807042867	0.499508879295703	0.947413807042867	NA	"abundance"	146	140
"d__Bacteria;p__Bacillota_A;c__Clostridia;o__Christensenellales;f__QAND01;g__UMGS1975;s__UMGS1975 sp959600905"	"Group"	"PD"	"GroupPD"	0.125652227053674	0.213862347105435	0.126269225783538	0.499815494239831	0.947413807042867	0.499815494239831	0.947413807042867	NA	"abundance"	146	33
"d__Bacteria;p__Bacillota_A;c__Clostridia;o__Christensenellales;f__CAG-314;g__CAG-314;s__CAG-314 sp000437915"	"Group"	"PD"	"GroupPD"	0.384798540159137	0.213862347105435	0.248982983161282	0.500014053827333	0.947413807042867	0.500014053827333	0.947413807042867	NA	"abundance"	146	32
"d__Bacteria;p__Bacillota_A;c__Clostridia;o__Peptostreptococcales;f__Anaerovoracaceae;g__Lentihominibacter;s__Lentihominibacter butyrica"	"Group"	"PD"	"GroupPD"	0.452971474589248	0.213862347105435	0.338214708101717	0.500577833506618	0.947413807042867	0.500577833506618	0.947413807042867	NA	"abundance"	146	10
"d__Bacteria;p__Bacillota_A;c__Clostridia;o__Lachnospirales;f__Lachnospiraceae;g__Roseburia_C;s__Roseburia_C amylophila"	"Group"	"PD"	"GroupPD"	0.460840097956172	0.213862347105435	0.363171551156363	0.500674633267465	0.947413807042867	0.500674633267465	0.947413807042867	NA	"abundance"	146	49
"d__Bacteria;p__Bacillota_A;c__Clostridia;o__Lachnospirales;f__Lachnospiraceae;g__Lientehia;s__Lientehia sp934351765"	"Group"	"PD"	"GroupPD"	0.0665760195468977	0.213862347105435	0.210127535172369	0.501368259352927	0.947413807042867	0.501368259352927	0.947413807042867	NA	"abundance"	146	13
"d__Bacteria;p__Bacillota_A;c__Clostridia;o__Lachnospirales;f__Lachnospiraceae;g__Blautia_A;s__Blautia_A sp900548245"	"Group"	"PD"	"GroupPD"	0.00164871968870309	0.213862347105435	0.313707304119821	0.504166068119879	0.947413807042867	0.504166068119879	0.947413807042867	NA	"abundance"	146	47
"d__Bacteria;p__Bacillota_A;c__Clostridia;o__Lachnospirales;f__Lachnospiraceae;g__Mediterraneibacter;s__Mediterraneibacter sp900541505"	"Group"	"PD"	"GroupPD"	0.398972983355386	0.213862347105435	0.271040080378991	0.504235560116084	0.947413807042867	0.504235560116084	0.947413807042867	NA	"abundance"	146	22
"d__Bacteria;p__Bacteroidota;c__Bacteroidia;o__Bacteroidales;f__Rikenellaceae;g__Alistipes;s__Alistipes communis"	"Group"	"PD"	"GroupPD"	0.345761244238127	0.213862347105435	0.195226234319525	0.504567037299041	0.947413807042867	0.504567037299041	0.947413807042867	NA	"abundance"	146	88
"d__Bacteria;p__Bacillota_A;c__Clostridia;o__Monoglobales;f__Monoglobaceae;g__Roslinia;s__Roslinia sp019419865"	"Group"	"PD"	"GroupPD"	-0.371902290407703	0.213862347105435	0.594958158244909	0.5051966441863	0.947413807042867	0.5051966441863	0.947413807042867	NA	"abundance"	146	3
"d__Bacteria;p__Bacillota_A;c__Clostridia;o__Lachnospirales;f__Lachnospiraceae;g__Oliverpabstia;s__Oliverpabstia faecicola"	"Group"	"PD"	"GroupPD"	-0.0845442818116302	0.213862347105435	0.434107412163344	0.50539491839055	0.947413807042867	0.50539491839055	0.947413807042867	NA	"abundance"	146	14
"d__Bacteria;p__Bacillota_A;c__Clostridia;o__Lachnospirales;f__Lachnospiraceae;g__Limivivens;s__Limivivens merdigallinarum"	"Group"	"PD"	"GroupPD"	0.107440176975095	0.213862347105435	0.146160695082319	0.505565060152002	0.947413807042867	0.505565060152002	0.947413807042867	NA	"abundance"	146	7
"d__Bacteria;p__Bacillota;c__Bacilli;o__Lactobacillales;f__Lactobacillaceae;g__Pediococcus;s__Pediococcus acidilactici"	"Group"	"PD"	"GroupPD"	2.14762892026037	0.213862347105435	2.56718991469278	0.505967033572225	0.947413807042867	0.505967033572225	0.947413807042867	NA	"abundance"	146	5
"d__Bacteria;p__Bacillota_A;c__Clostridia;o__Lachnospirales;f__Lachnospiraceae;g__Laedolimicola;s__Laedolimicola faecalis"	"Group"	"PD"	"GroupPD"	0.407068379824591	0.213862347105435	0.256223170999027	0.50745036807121	0.947413807042867	0.50745036807121	0.947413807042867	NA	"abundance"	146	5
"d__Bacteria;p__Actinomycetota;c__Coriobacteriia;o__Coriobacteriales;f__Eggerthellaceae;g__Slackia;s__Slackia sp900553655"	"Group"	"PD"	"GroupPD"	0.38545881426562	0.213862347105435	0.239114080543553	0.507856078007155	0.947413807042867	0.507856078007155	0.947413807042867	NA	"abundance"	146	7
"d__Bacteria;p__Bacillota_A;c__Clostridia;o__Oscillospirales;f__Ruminococcaceae;g__Avimicrobium;s__Avimicrobium caecorum"	"Group"	"PD"	"GroupPD"	0.298846290508331	0.213862347105435	0.123031485579798	0.508499460799187	0.947413807042867	0.508499460799187	0.947413807042867	NA	"abundance"	146	26
"d__Bacteria;p__Bacillota_A;c__Clostridia;o__Lachnospirales;f__Lachnospiraceae;g__Lachnoclostridium_B;s__Lachnoclostridium_B ammoniilytica"	"Group"	"PD"	"GroupPD"	0.289993503380077	0.213862347105435	0.110892232444194	0.508811534880112	0.947413807042867	0.508811534880112	0.947413807042867	NA	"abundance"	146	85
"d__Bacteria;p__Bacillota_A;c__Clostridia;o__Christensenellales;f__Aristaeellaceae;g__Ventricola;s__Ventricola intestinavium"	"Group"	"PD"	"GroupPD"	-0.381793532953221	0.213862347105435	0.839236764096113	0.509644452948845	0.947413807042867	0.509644452948845	0.947413807042867	NA	"abundance"	146	7
"d__Bacteria;p__Bacillota_A;c__Clostridia;o__Lachnospirales;f__Lachnospiraceae;g__Choladousia;s__Choladousia sp900757145"	"Group"	"PD"	"GroupPD"	1.50369021128801	0.213862347105435	1.7293468063489	0.509828344966423	0.947413807042867	0.509828344966423	0.947413807042867	NA	"abundance"	146	5
"d__Bacteria;p__Bacillota_I;c__Bacilli_A;o__ML615J-28;f__CAG-313;g__CAG-313;s__CAG-313 sp003539625"	"Group"	"PD"	"GroupPD"	0.500673627838038	0.213862347105435	0.391050371296731	0.516713015611309	0.953367269809994	0.516713015611309	0.953367269809994	NA	"abundance"	146	5
"d__Bacteria;p__Bacillota_A;c__Clostridia;o__Oscillospirales;f__Oscillospiraceae;g__HGM13006;s__HGM13006 sp949289625"	"Group"	"PD"	"GroupPD"	0.44036486062749	0.213862347105435	0.332934018472499	0.516792746228827	0.953367269809994	0.516792746228827	0.953367269809994	NA	"abundance"	146	10
"d__Bacteria;p__Bacteroidota;c__Bacteroidia;o__Bacteroidales;f__Bacteroidaceae;g__Phocaeicola;s__Phocaeicola sartorii"	"Group"	"PD"	"GroupPD"	-1.76518291200102	0.213862347105435	2.0873766647905	0.516885381355787	0.953367269809994	0.516885381355787	0.953367269809994	NA	"abundance"	146	3
"d__Bacteria;p__Bacillota_A;c__Clostridia;o__TANB77;f__CAG-508;g__CALXRW01;s__CALXRW01 sp944390965"	"Group"	"PD"	"GroupPD"	1.5070773294999	0.213862347105435	1.36546094904016	0.517326891174223	0.953367269809994	0.517326891174223	0.953367269809994	NA	"abundance"	146	3
"d__Bacteria;p__Bacillota_A;c__Clostridia;o__Tissierellales;f__Peptoniphilaceae;g__Parvimonas;s__Parvimonas micra"	"Group"	"PD"	"GroupPD"	0.883169896137814	0.213862347105435	0.917721930806695	0.518516309941207	0.953367269809994	0.518516309941207	0.953367269809994	NA	"abundance"	146	5
"d__Bacteria;p__Actinomycetota;c__Actinomycetes;o__Actinomycetales;f__Bifidobacteriaceae;g__Bifidobacterium;s__Bifidobacterium dentium"	"Group"	"PD"	"GroupPD"	0.642544370186874	0.213862347105435	0.648257121648801	0.520148612348328	0.953367269809994	0.520148612348328	0.953367269809994	NA	"abundance"	146	15
"d__Bacteria;p__Bacillota_I;c__Bacilli_A;o__RF39;f__UBA660;g__CAG-582;s__CAG-582 sp000435515"	"Group"	"PD"	"GroupPD"	1.48042987195539	0.213862347105435	1.63843144076938	0.520301745288461	0.953367269809994	0.520301745288461	0.953367269809994	NA	"abundance"	146	4
"d__Bacteria;p__Pseudomonadota;c__Gammaproteobacteria;o__Burkholderiales;f__Burkholderiaceae;g__Sutterella;s__Sutterella wadsworthensis_A"	"Group"	"PD"	"GroupPD"	0.50427927698412	0.213862347105435	0.4430822170854	0.521356993824944	0.953397849265536	0.521356993824944	0.953397849265536	NA	"abundance"	146	19
"d__Bacteria;p__Bacillota_A;c__Clostridia;o__TANB77;f__CAG-508;g__CAG-269;s__CAG-269 sp900556695"	"Group"	"PD"	"GroupPD"	-0.0615503151321905	0.213862347105435	0.403935591094422	0.526231435483071	0.957763495684701	0.526231435483071	0.957763495684701	NA	"abundance"	146	7
"d__Bacteria;p__Bacteroidota;c__Bacteroidia;o__Bacteroidales;f__Bacteroidaceae;g__Bacteroides;s__Bacteroides timonensis"	"Group"	"PD"	"GroupPD"	1.1913703575642	0.213862347105435	1.36835319749704	0.526561829279615	0.957763495684701	0.526561829279615	0.957763495684701	NA	"abundance"	146	5
"d__Bacteria;p__Bacteroidota;c__Bacteroidia;o__Bacteroidales;f__Coprobacteraceae;g__Coprobacter;s__Coprobacter fastidiosus"	"Group"	"PD"	"GroupPD"	0.462252902019823	0.213862347105435	0.384733110733599	0.527938171520524	0.957763495684701	0.527938171520524	0.957763495684701	NA	"abundance"	146	19
"d__Bacteria;p__Bacillota;c__Bacilli;o__Lactobacillales;f__Lactobacillaceae;g__Ligilactobacillus;s__Ligilactobacillus salivarius"	"Group"	"PD"	"GroupPD"	-0.489855032412397	0.213862347105435	1.06725212054183	0.530693679937418	0.957763495684701	0.530693679937418	0.957763495684701	NA	"abundance"	146	9
"d__Bacteria;p__Bacillota_A;c__Clostridia;o__Oscillospirales;f__Oscillospiraceae;g__Intestinimonas;s__Intestinimonas pullistercoris"	"Group"	"PD"	"GroupPD"	-0.0700182946010915	0.213862347105435	0.31195282430002	0.530751722492394	0.957763495684701	0.530751722492394	0.957763495684701	NA	"abundance"	146	3
"d__Bacteria;p__Bacillota_A;c__Clostridia;o__Lachnospirales;f__Lachnospiraceae;g__Roseburia_D;s__Roseburia_D yibonii"	"Group"	"PD"	"GroupPD"	0.397954182530535	0.213862347105435	0.287543909583885	0.531579756875367	0.957763495684701	0.531579756875367	0.957763495684701	NA	"abundance"	146	20
"d__Bacteria;p__Bacillota_A;c__Clostridia;o__Christensenellales;f__UBA1750;g__CALWRM01;s__CALWRM01 sp944383925"	"Group"	"PD"	"GroupPD"	0.524484510810973	0.213862347105435	0.439852166614786	0.531606529780693	0.957763495684701	0.531606529780693	0.957763495684701	NA	"abundance"	146	5
"d__Bacteria;p__Bacillota_A;c__Clostridia;o__Oscillospirales;f__Oscillospiraceae;g__Hominicoprocola;s__Hominicoprocola sp934835795"	"Group"	"PD"	"GroupPD"	0.0944376830269738	0.213862347105435	0.189171211820362	0.533036444488753	0.957763495684701	0.533036444488753	0.957763495684701	NA	"abundance"	146	89
"d__Bacteria;p__Bacillota_A;c__Clostridia;o__Oscillospirales;f__Oscillospiraceae;g__Dysosmobacter;s__Dysosmobacter avistercoris"	"Group"	"PD"	"GroupPD"	-0.0694932276561162	0.213862347105435	0.431935495890458	0.533134146290721	0.957763495684701	0.533134146290721	0.957763495684701	NA	"abundance"	146	9
"d__Bacteria;p__Pseudomonadota;c__Gammaproteobacteria;o__Burkholderiales;f__Burkholderiaceae;g__Oxalobacter;s__"	"Group"	"PD"	"GroupPD"	0.515203050973546	0.213862347105435	0.46028205579521	0.537509252004401	0.963737291679766	0.537509252004401	0.963737291679766	NA	"abundance"	146	8
"d__Bacteria;p__Bacillota_A;c__Clostridia;o__Oscillospirales;f__Ruminococcaceae;g__HGM13222;s__HGM13222 sp900757485"	"Group"	"PD"	"GroupPD"	0.36452670748488	0.213862347105435	0.237100751443899	0.539408171536111	0.965256728011987	0.539408171536111	0.965256728011987	NA	"abundance"	146	14
"d__Bacteria;p__Bacillota_A;c__Clostridia;o__Oscillospirales;f__Ruminococcaceae;g__Faecalibacterium;s__Faecalibacterium sp905215595"	"Group"	"PD"	"GroupPD"	0.0560877857890545	0.213862347105435	0.256061786455492	0.541277411948216	0.96532021800002	0.541277411948216	0.96532021800002	NA	"abundance"	146	108
"d__Bacteria;p__Bacillota_A;c__Clostridia;o__Oscillospirales;f__Acutalibacteraceae;g__Acutalibacter;s__Acutalibacter pullicola"	"Group"	"PD"	"GroupPD"	0.495604336548576	0.213862347105435	0.409736880855398	0.541546745392168	0.96532021800002	0.541546745392168	0.96532021800002	NA	"abundance"	146	5
"d__Bacteria;p__Bacillota_A;c__Clostridia;o__Oscillospirales;f__Ruminococcaceae;g__Gemmiger;s__Gemmiger sp900540595"	"Group"	"PD"	"GroupPD"	-0.13740131974905	0.213862347105435	0.569586082381053	0.542989296189039	0.965750641244794	0.542989296189039	0.965750641244794	NA	"abundance"	146	28
"d__Bacteria;p__Bacillota_A;c__Clostridia;o__Christensenellales;f__Aristaeellaceae;g__Limiplasma;s__Limiplasma sp023411375"	"Group"	"PD"	"GroupPD"	1.46080805851481	0.213862347105435	1.83041367956913	0.544579049292377	0.965750641244794	0.544579049292377	0.965750641244794	NA	"abundance"	146	5
"d__Bacteria;p__Bacillota_A;c__Clostridia;o__Lachnospirales;f__Lachnospiraceae;g__Alitiscatomonas;s__Alitiscatomonas aceti"	"Group"	"PD"	"GroupPD"	0.2973490769129	0.213862347105435	0.134613515991045	0.544944261617433	0.965750641244794	0.544944261617433	0.965750641244794	NA	"abundance"	146	82
"d__Bacteria;p__Bacillota_A;c__Clostridia;o__Christensenellales;f__Aristaeellaceae;g__Fimadaptatus;s__Fimadaptatus sp900553645"	"Group"	"PD"	"GroupPD"	0.0866033774916025	0.213862347105435	0.205085121370538	0.548038337085961	0.966829084717198	0.548038337085961	0.966829084717198	NA	"abundance"	146	17
"d__Bacteria;p__Actinomycetota;c__Actinomycetes;o__Actinomycetales;f__Bifidobacteriaceae;g__Bifidobacterium;s__Bifidobacterium bifidum"	"Group"	"PD"	"GroupPD"	0.711082410564972	0.213862347105435	0.816759771703697	0.548570385624574	0.966829084717198	0.548570385624574	0.966829084717198	NA	"abundance"	146	25
"d__Bacteria;p__Bacillota_A;c__Clostridia;o__Christensenellales;f__CAG-138;g__UBA1685;s__UBA1685 sp002320595"	"Group"	"PD"	"GroupPD"	-0.123233797846541	0.213862347105435	0.551263041803023	0.549009176531412	0.966829084717198	0.549009176531412	0.966829084717198	NA	"abundance"	146	19
"d__Bacteria;p__Bacillota_C;c__Negativicutes;o__Veillonellales;f__Dialisteraceae;g__Allisonella;s__Allisonella histaminiformans"	"Group"	"PD"	"GroupPD"	-0.633992842163652	0.213862347105435	1.18915763861596	0.549765557976446	0.966829084717198	0.549765557976446	0.966829084717198	NA	"abundance"	146	4
"d__Bacteria;p__Bacillota_A;c__Clostridia;o__Christensenellales;f__Christensenellaceae;g__QANA01;s__QANA01 sp900554725"	"Group"	"PD"	"GroupPD"	0.405670097619626	0.213862347105435	0.272244447647818	0.555276511157485	0.972844858534493	0.555276511157485	0.972844858534493	NA	"abundance"	146	4
"d__Bacteria;p__Bacillota_A;c__Clostridia;o__Lachnospirales;f__Lachnospiraceae;g__Eubacterium_I;s__Eubacterium_I sp900546495"	"Group"	"PD"	"GroupPD"	-0.0812426793024144	0.213862347105435	0.476828086636754	0.5560829621164	0.972844858534493	0.5560829621164	0.972844858534493	NA	"abundance"	146	9
"d__Bacteria;p__Bacillota_A;c__Clostridia;o__Lachnospirales;f__Lachnospiraceae;g__UBA11957;s__UBA11957 sp934394565"	"Group"	"PD"	"GroupPD"	0.570322358363778	0.213862347105435	0.50893144703578	0.556365523671687	0.972844858534493	0.556365523671687	0.972844858534493	NA	"abundance"	146	4
"d__Bacteria;p__Bacillota_A;c__Clostridia;o__Lachnospirales;f__Lachnospiraceae;g__Schaedlerella;s__Schaedlerella glycyrrhizinilytica_A"	"Group"	"PD"	"GroupPD"	0.362281518878158	0.213862347105435	0.252995642237803	0.562684014843412	0.978761511685513	0.562684014843412	0.978761511685513	NA	"abundance"	146	42
"d__Bacteria;p__Bacillota_A;c__Clostridia;o__Oscillospirales;f__Acutalibacteraceae;g__Fimenecus;s__Fimenecus sp000432435"	"Group"	"PD"	"GroupPD"	-0.0665567336391157	0.213862347105435	0.479003849832297	0.56291475999349	0.978761511685513	0.56291475999349	0.978761511685513	NA	"abundance"	146	31
"d__Bacteria;p__Bacillota_A;c__Clostridia;o__Oscillospirales;f__Acutalibacteraceae;g__Fimivicinus;s__Fimivicinus sp900544375"	"Group"	"PD"	"GroupPD"	-0.0739856166914599	0.213862347105435	0.490381857790627	0.562947797570753	0.978761511685513	0.562947797570753	0.978761511685513	NA	"abundance"	146	26
"d__Bacteria;p__Bacillota_I;c__Bacilli_A;o__RF39;f__UBA660;g__CAG-417;s__CAG-417 sp000432835"	"Group"	"PD"	"GroupPD"	1.04836209013523	0.213862347105435	1.02432106691527	0.564702369943147	0.979434194681284	0.564702369943147	0.979434194681284	NA	"abundance"	146	3
"d__Bacteria;p__Bacteroidota;c__Bacteroidia;o__Bacteroidales;f__Marinifilaceae;g__Odoribacter;s__Odoribacter sp900541415"	"Group"	"PD"	"GroupPD"	0.0197081206136936	0.213862347105435	0.237152459906188	0.56546854377024	0.979434194681284	0.56546854377024	0.979434194681284	NA	"abundance"	146	3
"d__Bacteria;p__Bacillota_A;c__Clostridia;o__Peptostreptococcales;f__Anaerovoracaceae;g__Lentihominibacter;s__Lentihominibacter sp905193765"	"Group"	"PD"	"GroupPD"	-0.0928586692561753	0.213862347105435	0.477996539261278	0.567132107492404	0.980465677359749	0.567132107492404	0.980465677359749	NA	"abundance"	146	5
"d__Bacteria;p__Bacillota_A;c__Clostridia;o__Lachnospirales;f__Anaerotignaceae;g__Metalachnospira;s__Metalachnospira sp900548595"	"Group"	"PD"	"GroupPD"	0.284857463090868	0.213862347105435	0.11416578082975	0.571408153340861	0.981054970027333	0.571408153340861	0.981054970027333	NA	"abundance"	146	7
"d__Bacteria;p__Bacillota_A;c__Clostridia;o__Oscillospirales;f__Acutalibacteraceae;g__UMGS1071;s__UMGS1071 sp934476545"	"Group"	"PD"	"GroupPD"	0.347924582846038	0.213862347105435	0.232569657972418	0.573489903450281	0.981054970027333	0.573489903450281	0.981054970027333	NA	"abundance"	146	19
"d__Bacteria;p__Bacillota_A;c__Clostridia;o__Lachnospirales;f__Lachnospiraceae;g__Coprococcus_A;s__Coprococcus_A catus"	"Group"	"PD"	"GroupPD"	0.0998189790861945	0.213862347105435	0.20004261758308	0.574408344827251	0.981054970027333	0.574408344827251	0.981054970027333	NA	"abundance"	146	51
"d__Bacteria;p__Bacillota_A;c__Clostridia;o__Oscillospirales;f__Oscillospiraceae;g__CAG-103;s__CAG-103 sp905215475"	"Group"	"PD"	"GroupPD"	0.439054220077462	0.213862347105435	0.398850880348537	0.575589949303761	0.981054970027333	0.575589949303761	0.981054970027333	NA	"abundance"	146	51
"d__Bacteria;p__Bacillota;c__Bacilli;o__Lactobacillales;f__Enterococcaceae;g__Enterococcus;s__Enterococcus faecalis"	"Group"	"PD"	"GroupPD"	0.598334582810608	0.213862347105435	0.618621827008507	0.578259510679753	0.981054970027333	0.578259510679753	0.981054970027333	NA	"abundance"	146	5
"d__Bacteria;p__Bacillota_A;c__Clostridia;o__Oscillospirales;f__Ruminococcaceae;g__Porcipelethomonas;s__Porcipelethomonas ammoniilytica"	"Group"	"PD"	"GroupPD"	-0.0275443932338113	0.213862347105435	0.430417468305414	0.580465512325886	0.981054970027333	0.580465512325886	0.981054970027333	NA	"abundance"	146	26
"d__Bacteria;p__Bacillota_I;c__Bacilli_A;o__RFN20;f__CAG-288;g__CAG-288;s__CAG-288 sp000437395"	"Group"	"PD"	"GroupPD"	0.324189199739788	0.213862347105435	0.1401206820823	0.581258303467874	0.981054970027333	0.581258303467874	0.981054970027333	NA	"abundance"	146	3
"d__Bacteria;p__Bacillota_A;c__Clostridia;o__Christensenellales;f__Christensenellaceae;g__HGM11616;s__HGM11616 sp900761075"	"Group"	"PD"	"GroupPD"	0.0296318565752653	0.213862347105435	0.298601560936271	0.581927606465811	0.981054970027333	0.581927606465811	0.981054970027333	NA	"abundance"	146	5
"d__Bacteria;p__Cyanobacteriota;c__Vampirovibrionia;o__Gastranaerophilales;f__Gastranaerophilaceae;g__Scatousia;s__Scatousia sp900554385"	"Group"	"PD"	"GroupPD"	-0.122637584034261	0.213862347105435	0.436678351109409	0.582250032570141	0.981054970027333	0.582250032570141	0.981054970027333	NA	"abundance"	146	3
"d__Bacteria;p__Bacillota_A;c__Clostridia;o__Oscillospirales;f__Oscillospiraceae;g__Intestinimonas;s__Intestinimonas butyriciproducens"	"Group"	"PD"	"GroupPD"	0.0607594474791954	0.213862347105435	0.272590667341122	0.582350862423902	0.981054970027333	0.582350862423902	0.981054970027333	NA	"abundance"	146	21
"d__Bacteria;p__Bacillota_A;c__Clostridia;o__Oscillospirales;f__CAG-272;g__UMGS911;s__UMGS911 sp902462015"	"Group"	"PD"	"GroupPD"	-0.0084925915325491	0.213862347105435	0.380949430628441	0.585658496459329	0.981054970027333	0.585658496459329	0.981054970027333	NA	"abundance"	146	7
"d__Bacteria;p__Bacillota_A;c__Clostridia;o__Lachnospirales;f__Lachnospiraceae;g__Dorea;s__Dorea formicigenerans"	"Group"	"PD"	"GroupPD"	0.298626324554333	0.213862347105435	0.152771440460389	0.585696115844912	0.981054970027333	0.585696115844912	0.981054970027333	NA	"abundance"	146	113
"d__Bacteria;p__Bacillota_A;c__Clostridia;o__Oscillospirales;f__CAG-272;g__Avispirillum;s__Avispirillum faecium"	"Group"	"PD"	"GroupPD"	0.357112029740812	0.213862347105435	0.241629820964375	0.587162725140242	0.981054970027333	0.587162725140242	0.981054970027333	NA	"abundance"	146	6
"d__Bacteria;p__Bacteroidota;c__Bacteroidia;o__Bacteroidales;f__UBA11471;g__Caccoplasma;s__Caccoplasma intestinavium"	"Group"	"PD"	"GroupPD"	0.913654610605259	0.213862347105435	1.16001412047135	0.588822180266652	0.981054970027333	0.588822180266652	0.981054970027333	NA	"abundance"	146	5
"d__Bacteria;p__Bacteroidota;c__Bacteroidia;o__Bacteroidales;f__Bacteroidaceae;g__Prevotella;s__Prevotella sp945863825"	"Group"	"PD"	"GroupPD"	1.68978711402394	0.213862347105435	1.95923626031663	0.588986980104607	0.981054970027333	0.588986980104607	0.981054970027333	NA	"abundance"	146	3
"d__Bacteria;p__Bacillota_A;c__Clostridia;o__Lachnospirales;f__Lachnospiraceae;g__Coprococcus;s__Coprococcus eutactus"	"Group"	"PD"	"GroupPD"	0.700486142989382	0.213862347105435	0.646682947240183	0.589413152924065	0.981054970027333	0.589413152924065	0.981054970027333	NA	"abundance"	146	3
"d__Bacteria;p__Bacillota;c__Bacilli;o__Lactobacillales;f__Streptococcaceae;g__Lactococcus;s__Lactococcus lactis"	"Group"	"PD"	"GroupPD"	0.428465982978684	0.213862347105435	0.394196664720215	0.590064620931078	0.981054970027333	0.590064620931078	0.981054970027333	NA	"abundance"	146	42
"d__Bacteria;p__Bacillota_A;c__Clostridia;o__Oscillospirales;f__Acutalibacteraceae;g__Acutalibacter;s__Acutalibacter ornithocaccae"	"Group"	"PD"	"GroupPD"	0.0433986636944131	0.213862347105435	0.313674743422701	0.590208663040881	0.981054970027333	0.590208663040881	0.981054970027333	NA	"abundance"	146	49
"d__Bacteria;p__Bacillota_A;c__Clostridia;o__Christensenellales;f__Aristaeellaceae;g__Ventricola;s__Ventricola sp900542395"	"Group"	"PD"	"GroupPD"	0.068420997992154	0.213862347105435	0.267512071609938	0.591127748002768	0.981054970027333	0.591127748002768	0.981054970027333	NA	"abundance"	146	42
"d__Bacteria;p__Bacillota_A;c__Clostridia;o__Lachnospirales;f__Lachnospiraceae;g__Anaerobutyricum;s__Anaerobutyricum hallii"	"Group"	"PD"	"GroupPD"	0.32816111337543	0.213862347105435	0.211542148611892	0.592222162704273	0.981054970027333	0.592222162704273	0.981054970027333	NA	"abundance"	146	113
"d__Bacteria;p__Bacillota_A;c__Clostridia;o__Oscillospirales;f__Oscillospiraceae;g__Faecousia;s__Faecousia sp000435995"	"Group"	"PD"	"GroupPD"	0.0628734056880307	0.213862347105435	0.279603057490542	0.592647378587382	0.981054970027333	0.592647378587382	0.981054970027333	NA	"abundance"	146	50
"d__Bacteria;p__Bacillota_A;c__Clostridia;o__Lachnospirales;f__Lachnospiraceae;g__UBA9414;s__UBA9414 sp003458885"	"Group"	"PD"	"GroupPD"	0.551669958927584	0.213862347105435	0.607004774567082	0.595327748455427	0.981054970027333	0.595327748455427	0.981054970027333	NA	"abundance"	146	9
"d__Bacteria;p__Bacillota_A;c__Clostridia;o__Oscillospirales;f__Oscillospiraceae;g__Pseudoscilispira;s__Pseudoscilispira sp020555605"	"Group"	"PD"	"GroupPD"	0.00820787208459685	0.213862347105435	0.355611035922568	0.595364407651511	0.981054970027333	0.595364407651511	0.981054970027333	NA	"abundance"	146	6
"d__Bacteria;p__Bacillota_A;c__Clostridia;o__Lachnospirales;f__Lachnospiraceae;g__Dorea_A;s__Dorea_A amylophila"	"Group"	"PD"	"GroupPD"	0.333009555042868	0.213862347105435	0.22241689054266	0.59619619733072	0.981054970027333	0.59619619733072	0.981054970027333	NA	"abundance"	146	69
"d__Bacteria;p__Bacillota_A;c__Clostridia;o__Christensenellales;f__Borkfalkiaceae;g__UMGS775;s__UMGS775 sp900545325"	"Group"	"PD"	"GroupPD"	-0.0542067497967066	0.213862347105435	0.430514633893293	0.597403580796539	0.981054970027333	0.597403580796539	0.981054970027333	NA	"abundance"	146	4
"d__Bacteria;p__Bacillota_A;c__Clostridia;o__Christensenellales;f__CAG-138;g__UMGS946;s__UMGS946 sp900544965"	"Group"	"PD"	"GroupPD"	-0.22926710191546	0.213862347105435	0.777310472268949	0.59918500554667	0.981054970027333	0.59918500554667	0.981054970027333	NA	"abundance"	146	6
"d__Bacteria;p__Desulfobacterota;c__Desulfovibrionia;o__Desulfovibrionales;f__Desulfovibrionaceae;g__Desulfovibrio;s__Desulfovibrio piger"	"Group"	"PD"	"GroupPD"	-0.10595592927864	0.213862347105435	0.589160916298961	0.600544165999449	0.981054970027333	0.600544165999449	0.981054970027333	NA	"abundance"	146	11
"d__Bacteria;p__Bacillota_A;c__Clostridia;o__Eubacteriales;f__Eubacteriaceae;g__Eubacterium;s__Eubacterium callanderi"	"Group"	"PD"	"GroupPD"	0.675670744835127	0.213862347105435	0.857607219924155	0.600957778003958	0.981054970027333	0.600957778003958	0.981054970027333	NA	"abundance"	146	13
"d__Bacteria;p__Bacillota_A;c__Clostridia;o__Oscillospirales;f__Butyricicoccaceae;g__Agathobaculum;s__Agathobaculum sp900544475"	"Group"	"PD"	"GroupPD"	0.709860030798106	0.213862347105435	0.684948714560483	0.601058612572168	0.981054970027333	0.601058612572168	0.981054970027333	NA	"abundance"	146	3
"d__Bacteria;p__Bacillota_C;c__Negativicutes;o__Veillonellales;f__Dialisteraceae;g__Dialister;s__Dialister sp025992895"	"Group"	"PD"	"GroupPD"	0.735695417264578	0.213862347105435	0.954203858055711	0.601423695378952	0.981054970027333	0.601423695378952	0.981054970027333	NA	"abundance"	146	9
"d__Bacteria;p__Bacteroidota;c__Bacteroidia;o__Bacteroidales;f__Bacteroidaceae;g__Prevotella;s__Prevotella lascolaii"	"Group"	"PD"	"GroupPD"	-1.17258358778082	0.213862347105435	1.9179227930109	0.601499967051929	0.981054970027333	0.601499967051929	0.981054970027333	NA	"abundance"	146	3
"d__Bacteria;p__Bacillota_I;c__Bacilli_A;o__Erysipelotrichales;f__Coprobacillaceae;g__Allocoprobacillus;s__Allocoprobacillus sp002160865"	"Group"	"PD"	"GroupPD"	-0.112923149658605	0.213862347105435	0.599148051378162	0.602556000630771	0.981054970027333	0.602556000630771	0.981054970027333	NA	"abundance"	146	9
"d__Bacteria;p__Bacillota_A;c__Clostridia;o__Oscillospirales;f__Oscillospiraceae;g__F23-B02;s__F23-B02 sp001916715"	"Group"	"PD"	"GroupPD"	-0.0557064604201793	0.213862347105435	0.512490393559783	0.602739654788035	0.981054970027333	0.602739654788035	0.981054970027333	NA	"abundance"	146	36
"d__Bacteria;p__Bacillota_A;c__Clostridia;o__Oscillospirales;f__Oscillospiraceae;g__Faecousia;s__Faecousia sp900544405"	"Group"	"PD"	"GroupPD"	0.414809503078182	0.213862347105435	0.363214323602072	0.604380373125167	0.981984393856466	0.604380373125167	0.981984393856466	NA	"abundance"	146	7
"d__Bacteria;p__Bacillota_I;c__Bacilli_A;o__RF39;f__UBA660;g__Caccenecus;s__Caccenecus sp900549285"	"Group"	"PD"	"GroupPD"	0.739905139854234	0.213862347105435	0.915410921161077	0.605779895118921	0.982491330090909	0.605779895118921	0.982491330090909	NA	"abundance"	146	5
"d__Bacteria;p__Bacillota_A;c__Clostridia;o__Oscillospirales;f__Ruminococcaceae;g__Zongyangia;s__Zongyangia gallinarum"	"Group"	"PD"	"GroupPD"	0.310876660407763	0.213862347105435	0.184730271651799	0.608492519099105	0.982491330090909	0.608492519099105	0.982491330090909	NA	"abundance"	146	23
"d__Bacteria;p__Bacillota_A;c__Clostridia;o__Peptostreptococcales;f__Anaerovoracaceae;g__Lentihominibacter;s__Lentihominibacter excrementipullorum"	"Group"	"PD"	"GroupPD"	0.298176838391691	0.213862347105435	0.161116319624976	0.609246381336821	0.982491330090909	0.609246381336821	0.982491330090909	NA	"abundance"	146	30
"d__Bacteria;p__Bacillota_A;c__Clostridia;o__Lachnospirales;f__Lachnospiraceae;g__Brotonthovivens;s__Brotonthovivens avistercoris"	"Group"	"PD"	"GroupPD"	0.110151746384477	0.213862347105435	0.193969955628396	0.610519269141214	0.982491330090909	0.610519269141214	0.982491330090909	NA	"abundance"	146	10
"d__Bacteria;p__Bacillota_A;c__Clostridia;o__Lachnospirales;f__Lachnospiraceae;g__Butyrivibrio_A;s__Butyrivibrio_A crossotus"	"Group"	"PD"	"GroupPD"	0.849700972091205	0.213862347105435	1.18929446422737	0.612100146064656	0.982491330090909	0.612100146064656	0.982491330090909	NA	"abundance"	146	8
"d__Bacteria;p__Bacillota_I;c__Bacilli_A;o__RF39;f__UBA660;g__Onthocola_B;s__Onthocola_B sp900551525"	"Group"	"PD"	"GroupPD"	-1.16110647292457	0.213862347105435	1.98891030477662	0.61486147103278	0.982491330090909	0.61486147103278	0.982491330090909	NA	"abundance"	146	3
"d__Bacteria;p__Bacillota_A;c__Clostridia;o__Lachnospirales;f__Lachnospiraceae;g__Dorea_B;s__Dorea_B phocaeensis"	"Group"	"PD"	"GroupPD"	0.409466032955445	0.213862347105435	0.375972112905594	0.616038187181581	0.982491330090909	0.616038187181581	0.982491330090909	NA	"abundance"	146	11
"d__Bacteria;p__Bacillota_A;c__Clostridia;o__Oscillospirales;f__Oscillospiraceae;g__Lawsonibacter;s__Lawsonibacter pullicola"	"Group"	"PD"	"GroupPD"	0.474760377764528	0.213862347105435	0.508484197913355	0.619395736417437	0.982491330090909	0.619395736417437	0.982491330090909	NA	"abundance"	146	12
"d__Bacteria;p__Bacillota_A;c__Clostridia;o__Lachnospirales;f__Lachnospiraceae;g__Blautia_A;s__Blautia_A sp934424005"	"Group"	"PD"	"GroupPD"	0.0904557193838487	0.213862347105435	0.246632251078103	0.619446481290976	0.982491330090909	0.619446481290976	0.982491330090909	NA	"abundance"	146	122
"d__Bacteria;p__Bacillota_B;c__Dehalobacteriia;o__UBA4068;f__UBA4068;g__;s__"	"Group"	"PD"	"GroupPD"	-0.0379068548288559	0.213862347105435	0.370311502114949	0.620249099376508	0.982491330090909	0.620249099376508	0.982491330090909	NA	"abundance"	146	3
"d__Bacteria;p__Bacillota_C;c__Negativicutes;o__Selenomonadales;f__Selenomonadaceae;g__Megamonas;s__Megamonas funiformis"	"Group"	"PD"	"GroupPD"	2.41020940000062	0.213862347105435	3.78913832311147	0.620708830850553	0.982491330090909	0.620708830850553	0.982491330090909	NA	"abundance"	146	4
"d__Bacteria;p__Bacillota;c__Bacilli;o__Lactobacillales;f__Enterococcaceae;g__Enterococcus_B;s__Enterococcus_B lactis"	"Group"	"PD"	"GroupPD"	1.74670009841275	0.213862347105435	2.652835334157	0.621688938110658	0.982491330090909	0.621688938110658	0.982491330090909	NA	"abundance"	146	4
"d__Bacteria;p__Bacillota_A;c__Clostridia;o__Oscillospirales;f__Acutalibacteraceae;g__Ruminococcus_E;s__Ruminococcus_E intestinalis"	"Group"	"PD"	"GroupPD"	0.58047898433181	0.213862347105435	0.736530673963759	0.625224717827321	0.982491330090909	0.625224717827321	0.982491330090909	NA	"abundance"	146	19
"d__Bacteria;p__Bacillota_I;c__Bacilli_A;o__RF39;f__UBA660;g__CAG-628;s__CAG-628 sp000438415"	"Group"	"PD"	"GroupPD"	0.481275324898038	0.213862347105435	0.515143084077423	0.625867071043159	0.982491330090909	0.625867071043159	0.982491330090909	NA	"abundance"	146	7
"d__Bacteria;p__Bacillota_A;c__Clostridia;o__Lachnospirales;f__Lachnospiraceae;g__Fimimorpha;s__Fimimorpha excrementavium"	"Group"	"PD"	"GroupPD"	0.0934308386180848	0.213862347105435	0.234221134165798	0.627330023783856	0.982491330090909	0.627330023783856	0.982491330090909	NA	"abundance"	146	8
"d__Bacteria;p__Actinomycetota;c__Coriobacteriia;o__Coriobacteriales;f__Coriobacteriaceae;g__Collinsella;s__Collinsella stercoripullorum"	"Group"	"PD"	"GroupPD"	-0.464303951207901	0.213862347105435	1.02849252139473	0.628922104176897	0.982491330090909	0.628922104176897	0.982491330090909	NA	"abundance"	146	3
"d__Bacteria;p__Bacillota_A;c__Clostridia;o__Oscillospirales;f__Acutalibacteraceae;g__UMGS1071;s__UMGS1071 sp900542375"	"Group"	"PD"	"GroupPD"	0.271815397143809	0.213862347105435	0.1164248532481	0.629340574105088	0.982491330090909	0.629340574105088	0.982491330090909	NA	"abundance"	146	61
"d__Bacteria;p__Bacillota_A;c__Clostridia;o__Clostridiales;f__Clostridiaceae;g__Clostridium;s__Clostridium sp900539375"	"Group"	"PD"	"GroupPD"	-1.65722176163292	0.213862347105435	2.84939534567076	0.630058737911431	0.982491330090909	0.630058737911431	0.982491330090909	NA	"abundance"	146	3
"d__Bacteria;p__Bacillota_I;c__Bacilli_A;o__RF39;f__UBA660;g__CAG-611;s__CAG-611 sp000434175"	"Group"	"PD"	"GroupPD"	0.576515889213294	0.213862347105435	0.69756583432758	0.630640079745471	0.982491330090909	0.630640079745471	0.982491330090909	NA	"abundance"	146	6
"d__Bacteria;p__Bacillota_B;c__Dehalobacteriia;o__UBA7702;f__UBA7702;g__Cryptoclostridium;s__Cryptoclostridium obscurum"	"Group"	"PD"	"GroupPD"	0.382022325746843	0.213862347105435	0.341099452416875	0.632398763191757	0.982491330090909	0.632398763191757	0.982491330090909	NA	"abundance"	146	13
"d__Bacteria;p__Bacillota_A;c__Clostridia;o__Oscillospirales;f__Acutalibacteraceae;g__Acutalibacter;s__Acutalibacter timonensis"	"Group"	"PD"	"GroupPD"	0.359295880905913	0.213862347105435	0.303449787233219	0.63397864473654	0.982491330090909	0.63397864473654	0.982491330090909	NA	"abundance"	146	61
"d__Bacteria;p__Bacillota_A;c__Clostridia;o__Christensenellales;f__Aristaeellaceae;g__Aphodomonas;s__Aphodomonas sp934615235"	"Group"	"PD"	"GroupPD"	0.60394475961748	0.213862347105435	0.703588469445447	0.635053669072029	0.982491330090909	0.635053669072029	0.982491330090909	NA	"abundance"	146	4
"d__Bacteria;p__Bacillota_A;c__Clostridia;o__Christensenellales;f__CAG-138;g__Aphodomorpha;s__Aphodomorpha intestinavium"	"Group"	"PD"	"GroupPD"	1.54228680123173	0.213862347105435	2.05853919262345	0.635127838392451	0.982491330090909	0.635127838392451	0.982491330090909	NA	"abundance"	146	3
"d__Bacteria;p__Bacteroidota;c__Bacteroidia;o__Bacteroidales;f__Bacteroidaceae;g__Phocaeicola;s__Phocaeicola coprocola"	"Group"	"PD"	"GroupPD"	-0.452072566785404	0.213862347105435	1.35337529532018	0.63581081995868	0.982491330090909	0.63581081995868	0.982491330090909	NA	"abundance"	146	10
"d__Bacteria;p__Bacillota_A;c__Clostridia;o__Oscillospirales;f__Oscillospiraceae;g__Dysosmobacter;s__Dysosmobacter sp905200545"	"Group"	"PD"	"GroupPD"	0.423692286480546	0.213862347105435	0.428267806899465	0.637686993641779	0.982491330090909	0.637686993641779	0.982491330090909	NA	"abundance"	146	10
"d__Bacteria;p__Bacillota_A;c__Clostridia;o__Lachnospirales;f__Lachnospiraceae;g__Blautia_A;s__Blautia_A sp934394595"	"Group"	"PD"	"GroupPD"	0.260666978658162	0.213862347105435	0.095263402574212	0.638910410471122	0.982491330090909	0.638910410471122	0.982491330090909	NA	"abundance"	146	53
"d__Bacteria;p__Bacillota_A;c__Clostridia;o__TANB77;f__CAG-508;g__CAG-269;s__CAG-269 sp000431335"	"Group"	"PD"	"GroupPD"	-0.0233770904225245	0.213862347105435	0.496890079083525	0.639967064279291	0.982491330090909	0.639967064279291	0.982491330090909	NA	"abundance"	146	18
"d__Bacteria;p__Actinomycetota;c__Coriobacteriia;o__Coriobacteriales;f__Eggerthellaceae;g__Anaerotardibacter;s__Anaerotardibacter sp000434775"	"Group"	"PD"	"GroupPD"	0.599894621713306	0.213862347105435	0.799190835318302	0.640659361394493	0.982491330090909	0.640659361394493	0.982491330090909	NA	"abundance"	146	11
"d__Bacteria;p__Pseudomonadota;c__Alphaproteobacteria;o__RF32;f__CAG-239;g__CAG-267;s__CAG-267 sp001917135"	"Group"	"PD"	"GroupPD"	0.470105993941343	0.213862347105435	0.521606402735132	0.640792803057951	0.982491330090909	0.640792803057951	0.982491330090909	NA	"abundance"	146	8
"d__Bacteria;p__Bacteroidota;c__Bacteroidia;o__Bacteroidales;f__Bacteroidaceae;g__Bacteroides;s__Bacteroides caccae"	"Group"	"PD"	"GroupPD"	0.346295803452655	0.213862347105435	0.282308464944343	0.641580471963747	0.982491330090909	0.641580471963747	0.982491330090909	NA	"abundance"	146	86
"d__Bacteria;p__Bacillota_A;c__Clostridia;o__Lachnospirales;f__Lachnospiraceae;g__Pararoseburia;s__Pararoseburia lenta"	"Group"	"PD"	"GroupPD"	0.0250656745238359	0.213862347105435	0.396937235888414	0.641682090442042	0.982491330090909	0.641682090442042	0.982491330090909	NA	"abundance"	146	18
"d__Bacteria;p__Bacillota_A;c__Clostridia;o__Peptostreptococcales;f__Anaerovoracaceae;g__UMGS973;s__UMGS973 sp900547295"	"Group"	"PD"	"GroupPD"	0.346695886076678	0.213862347105435	0.28049262127475	0.641727212949569	0.982491330090909	0.641727212949569	0.982491330090909	NA	"abundance"	146	23
"d__Bacteria;p__Bacillota_A;c__Clostridia;o__Oscillospirales;f__Acutalibacteraceae;g__UMGS1071;s__UMGS1071 sp900541905"	"Group"	"PD"	"GroupPD"	0.0532371932023371	0.213862347105435	0.335169125164733	0.643697995143627	0.982491330090909	0.643697995143627	0.982491330090909	NA	"abundance"	146	11
"d__Bacteria;p__Bacillota_A;c__Clostridia;o__Clostridiales;f__Clostridiaceae;g__Sarcina;s__Sarcina ventriculi"	"Group"	"PD"	"GroupPD"	-0.184761891222517	0.213862347105435	0.743146289876721	0.645389308385326	0.982491330090909	0.645389308385326	0.982491330090909	NA	"abundance"	146	4
"d__Bacteria;p__Bacillota_A;c__Clostridia;o__Lachnospirales;f__Lachnospiraceae;g__Laedolimicola;s__Laedolimicola sp002160825"	"Group"	"PD"	"GroupPD"	0.0987690669953128	0.213862347105435	0.233888690019196	0.645837623882525	0.982491330090909	0.645837623882525	0.982491330090909	NA	"abundance"	146	7
"d__Bacteria;p__Bacillota_A;c__Clostridia;o__Peptostreptococcales;f__Anaerovoracaceae;g__Emergencia;s__Emergencia timonensis"	"Group"	"PD"	"GroupPD"	0.439161544802924	0.213862347105435	0.48020243430091	0.646858221645475	0.982491330090909	0.646858221645475	0.982491330090909	NA	"abundance"	146	15
"d__Bacteria;p__Bacillota_A;c__Clostridia;o__Oscillospirales;f__Ruminococcaceae;g__Fimivivens;s__Fimivivens hominis"	"Group"	"PD"	"GroupPD"	0.629952602526126	0.213862347105435	0.821330462737807	0.647247311514817	0.982491330090909	0.647247311514817	0.982491330090909	NA	"abundance"	146	5
"d__Bacteria;p__Bacillota_A;c__Clostridia;o__Oscillospirales;f__Acutalibacteraceae;g__Pseudoruminococcus;s__Pseudoruminococcus massiliensis"	"Group"	"PD"	"GroupPD"	-0.101539270916762	0.213862347105435	0.683944003381168	0.649426823682725	0.982491330090909	0.649426823682725	0.982491330090909	NA	"abundance"	146	23
"d__Bacteria;p__Actinomycetota;c__Coriobacteriia;o__Coriobacteriales;f__Coriobacteriaceae;g__Collinsella;s__Collinsella bouchesdurhonensis"	"Group"	"PD"	"GroupPD"	0.512716768458913	0.213862347105435	0.565866972483446	0.650279927905251	0.982491330090909	0.650279927905251	0.982491330090909	NA	"abundance"	146	4
"d__Bacteria;p__Bacillota_A;c__Clostridia;o__Oscillospirales;f__Acutalibacteraceae;g__Ruminococcus_E;s__Ruminococcus_E bromii"	"Group"	"PD"	"GroupPD"	0.341909452073567	0.213862347105435	0.281061874423038	0.65102614099453	0.982491330090909	0.65102614099453	0.982491330090909	NA	"abundance"	146	92
"d__Bacteria;p__Bacillota_A;c__Clostridia;o__Oscillospirales;f__Acutalibacteraceae;g__Acutalibacter;s__Acutalibacter stercorigallinarum"	"Group"	"PD"	"GroupPD"	-0.859987722736073	0.213862347105435	2.05647693914487	0.653601745379341	0.982491330090909	0.653601745379341	0.982491330090909	NA	"abundance"	146	4
"d__Bacteria;p__Bacillota_A;c__Clostridia;o__Oscillospirales;f__CAG-272;g__UMGS1312;s__UMGS1312 sp900550625"	"Group"	"PD"	"GroupPD"	0.083702435863962	0.213862347105435	0.279646224712416	0.653856829933073	0.982491330090909	0.653856829933073	0.982491330090909	NA	"abundance"	146	11
"d__Bacteria;p__Bacillota_A;c__Clostridia;o__Lachnospirales;f__Lachnospiraceae;g__Scatomonas;s__Scatomonas hejianensis"	"Group"	"PD"	"GroupPD"	0.144647595233553	0.213862347105435	0.151614821563083	0.657117317172988	0.982491330090909	0.657117317172988	0.982491330090909	NA	"abundance"	146	26
"d__Bacteria;p__Bacillota_A;c__Clostridia;o__Oscillospirales;f__Oscillospiraceae;g__HGM13006;s__HGM13006 sp900757695"	"Group"	"PD"	"GroupPD"	0.127634735295812	0.213862347105435	0.190371117823606	0.657728438205588	0.982491330090909	0.657728438205588	0.982491330090909	NA	"abundance"	146	25
"d__Bacteria;p__Bacillota_A;c__Clostridia;o__Oscillospirales;f__Ruminococcaceae;g__Faecalibacterium;s__Faecalibacterium sp900539885"	"Group"	"PD"	"GroupPD"	0.100983813740589	0.213862347105435	0.255552940279855	0.662045821158476	0.982491330090909	0.662045821158476	0.982491330090909	NA	"abundance"	146	53
"d__Bacteria;p__Bacillota_A;c__Clostridia;o__Lachnospirales;f__Lachnospiraceae;g__UBA11774;s__UBA11774 sp003507655"	"Group"	"PD"	"GroupPD"	0.292169680047089	0.213862347105435	0.176959412057789	0.662103385537337	0.982491330090909	0.662103385537337	0.982491330090909	NA	"abundance"	146	109
"d__Bacteria;p__Bacillota_A;c__Clostridia;o__Oscillospirales;f__Ruminococcaceae;g__Avimicrobium;s__Avimicrobium sp934845495"	"Group"	"PD"	"GroupPD"	0.468758376065047	0.213862347105435	0.528430665578319	0.662764777427861	0.982491330090909	0.662764777427861	0.982491330090909	NA	"abundance"	146	5
"d__Bacteria;p__Bacillota_A;c__Clostridia;o__Christensenellales;f__Pumilibacteraceae;g__UBA10677;s__UBA10677 sp900543755"	"Group"	"PD"	"GroupPD"	-0.0607098323484794	0.213862347105435	0.469070523740272	0.663256092837368	0.982491330090909	0.663256092837368	0.982491330090909	NA	"abundance"	146	3
"d__Bacteria;p__Bacillota_A;c__Clostridia;o__Oscillospirales;f__UBA644;g__UBA644;s__UBA644 sp900547165"	"Group"	"PD"	"GroupPD"	0.369443790262914	0.213862347105435	0.351622367969504	0.666276535684781	0.982491330090909	0.666276535684781	0.982491330090909	NA	"abundance"	146	15
"d__Bacteria;p__Bacteroidota;c__Bacteroidia;o__Bacteroidales;f__Marinifilaceae;g__Odoribacter;s__Odoribacter splanchnicus"	"Group"	"PD"	"GroupPD"	0.259528236711212	0.213862347105435	0.102038158626057	0.666298357111154	0.982491330090909	0.666298357111154	0.982491330090909	NA	"abundance"	146	94
"d__Bacteria;p__Bacillota_A;c__Clostridia;o__Christensenellales;f__Borkfalkiaceae;g__Scatosoma;s__Scatosoma sp904419075"	"Group"	"PD"	"GroupPD"	-0.0732520542651508	0.213862347105435	0.60378355998258	0.666960136387041	0.982491330090909	0.666960136387041	0.982491330090909	NA	"abundance"	146	5
"d__Bacteria;p__Bacillota_A;c__Clostridia;o__Christensenellales;f__Aristaeellaceae;g__Faecivicinus;s__Faecivicinus sp934663595"	"Group"	"PD"	"GroupPD"	-0.115243635224002	0.213862347105435	0.572450584031513	0.667859113796486	0.982491330090909	0.667859113796486	0.982491330090909	NA	"abundance"	146	3
"d__Bacteria;p__Bacillota_A;c__Clostridia;o__Oscillospirales;f__Oscillospiraceae;g__Dysosmobacter;s__Dysosmobacter sp004553545"	"Group"	"PD"	"GroupPD"	0.0707360006456271	0.213862347105435	0.30900188959852	0.668326926286549	0.982491330090909	0.668326926286549	0.982491330090909	NA	"abundance"	146	6
"d__Bacteria;p__Bacillota_A;c__Clostridia;o__Lachnospirales;f__CAG-274;g__CAG-274;s__CAG-274 sp900545305"	"Group"	"PD"	"GroupPD"	0.329993645314163	0.213862347105435	0.264974594859446	0.66862837284148	0.982491330090909	0.66862837284148	0.982491330090909	NA	"abundance"	146	17
"d__Bacteria;p__Bacillota_A;c__Clostridia;o__Oscillospirales;f__Acutalibacteraceae;g__UMGS172;s__UMGS172 sp900539855"	"Group"	"PD"	"GroupPD"	0.154111746959596	0.213862347105435	0.100607406953604	0.668772600336024	0.982491330090909	0.668772600336024	0.982491330090909	NA	"abundance"	146	3
"d__Bacteria;p__Bacillota_A;c__Clostridia;o__Lachnospirales;f__Lachnospiraceae;g__AF33-28;s__AF33-28 sp003477885"	"Group"	"PD"	"GroupPD"	0.330801440515549	0.213862347105435	0.268977470911774	0.671359212340557	0.982491330090909	0.671359212340557	0.982491330090909	NA	"abundance"	146	16
"d__Bacteria;p__Bacteroidota;c__Bacteroidia;o__Bacteroidales;f__Bacteroidaceae;g__Prevotella;s__Prevotella sp900551275"	"Group"	"PD"	"GroupPD"	-0.471515936784953	0.213862347105435	1.5734187651398	0.671466343848423	0.982491330090909	0.671466343848423	0.982491330090909	NA	"abundance"	146	13
"d__Bacteria;p__Bacillota;c__Bacilli;o__Lactobacillales;f__Streptococcaceae;g__Lactococcus;s__Lactococcus cremoris"	"Group"	"PD"	"GroupPD"	0.294918563437746	0.213862347105435	0.18073667878584	0.676063765120539	0.982491330090909	0.676063765120539	0.982491330090909	NA	"abundance"	146	7
"d__Bacteria;p__Bacillota_A;c__Clostridia;o__Monoglobales;f__Monoglobaceae;g__Monoglobus;s__Monoglobus pectinilyticus"	"Group"	"PD"	"GroupPD"	0.114230514869563	0.213862347105435	0.236437037341477	0.676583838626351	0.982491330090909	0.676583838626351	0.982491330090909	NA	"abundance"	146	62
"d__Bacteria;p__Bacillota_C;c__Negativicutes;o__Acidaminococcales;f__Acidaminococcaceae;g__Acidaminococcus;s__Acidaminococcus intestini"	"Group"	"PD"	"GroupPD"	0.699071967607224	0.213862347105435	1.12973794229274	0.676665054153322	0.982491330090909	0.676665054153322	0.982491330090909	NA	"abundance"	146	12
"d__Bacteria;p__Synergistota;c__Synergistia;o__Synergistales;f__Synergistaceae;g__Cloacibacillus;s__Cloacibacillus evryensis"	"Group"	"PD"	"GroupPD"	0.571568377418171	0.213862347105435	0.836162644221798	0.677038392763098	0.982491330090909	0.677038392763098	0.982491330090909	NA	"abundance"	146	13
"d__Bacteria;p__Bacillota_A;c__Clostridia;o__Lachnospirales;f__Lachnospiraceae;g__Lachnospira;s__Lachnospira sp000436475"	"Group"	"PD"	"GroupPD"	0.0931455737930784	0.213862347105435	0.274795011324535	0.680227860879526	0.982491330090909	0.680227860879526	0.982491330090909	NA	"abundance"	146	7
"d__Bacteria;p__Bacillota_A;c__Clostridia;o__Lachnospirales;f__Lachnospiraceae;g__Scatomonas;s__Scatomonas pullistercoris"	"Group"	"PD"	"GroupPD"	0.0502947802574253	0.213862347105435	0.380367614735167	0.680432720838904	0.982491330090909	0.680432720838904	0.982491330090909	NA	"abundance"	146	9
"d__Bacteria;p__Bacillota_A;c__Clostridia;o__Oscillospirales;f__Oscillospiraceae;g__Faecousia;s__Faecousia sp900549705"	"Group"	"PD"	"GroupPD"	0.0846467881837359	0.213862347105435	0.29652854001889	0.681915109072225	0.982491330090909	0.681915109072225	0.982491330090909	NA	"abundance"	146	7
"d__Bacteria;p__Bacillota_A;c__Clostridia;o__Oscillospirales;f__CAG-272;g__HGM12669;s__HGM12669 sp900761935"	"Group"	"PD"	"GroupPD"	0.00959294867416494	0.213862347105435	0.478644548476256	0.682948799315425	0.982491330090909	0.682948799315425	0.982491330090909	NA	"abundance"	146	9
"d__Bacteria;p__Bacillota_A;c__Clostridia;o__Lachnospirales;f__Lachnospiraceae;g__Frisingicoccus;s__Frisingicoccus sp900549105"	"Group"	"PD"	"GroupPD"	0.386967243321574	0.213862347105435	0.416188767356319	0.684099886202078	0.982491330090909	0.684099886202078	0.982491330090909	NA	"abundance"	146	16
"d__Bacteria;p__Bacillota_I;c__Bacilli_A;o__Erysipelotrichales;f__Erysipelotrichaceae;g__Massilicoli;s__Massilicoli timonensis"	"Group"	"PD"	"GroupPD"	0.744311371384111	0.213862347105435	0.983325819212539	0.685073567392592	0.982491330090909	0.685073567392592	0.982491330090909	NA	"abundance"	146	3
"d__Bacteria;p__Bacillota_C;c__Negativicutes;o__Acidaminococcales;f__Acidaminococcaceae;g__CAG-266;s__CAG-266 sp019117495"	"Group"	"PD"	"GroupPD"	-0.0728415382523616	0.213862347105435	0.668562570301612	0.686073052936879	0.982491330090909	0.686073052936879	0.982491330090909	NA	"abundance"	146	7
"d__Bacteria;p__Pseudomonadota;c__Gammaproteobacteria;o__Burkholderiales;f__Burkholderiaceae;g__Oxalobacter;s__Oxalobacter aliiformigenes"	"Group"	"PD"	"GroupPD"	0.0986126884758958	0.213862347105435	0.27319586505771	0.686956921464466	0.982491330090909	0.686956921464466	0.982491330090909	NA	"abundance"	146	9
"d__Bacteria;p__Bacillota_A;c__Clostridia;o__Oscillospirales;f__Oscillospiraceae;g__Scatomorpha;s__Scatomorpha gallistercoris"	"Group"	"PD"	"GroupPD"	-0.45915316139132	0.213862347105435	1.26267828178726	0.688211946475814	0.982491330090909	0.688211946475814	0.982491330090909	NA	"abundance"	146	3
"d__Bacteria;p__Bacillota_A;c__Clostridia;o__Lachnospirales;f__Lachnospiraceae;g__Dorea_D;s__Dorea_D sp000433535"	"Group"	"PD"	"GroupPD"	0.357393144204302	0.213862347105435	0.354531676586122	0.688359288364818	0.982491330090909	0.688359288364818	0.982491330090909	NA	"abundance"	146	42
"d__Bacteria;p__Bacillota_A;c__Clostridia;o__Lachnospirales;f__Lachnospiraceae;g__Schaedlerella;s__Schaedlerella hominis"	"Group"	"PD"	"GroupPD"	0.140128910644414	0.213862347105435	0.179197626402011	0.690402989843024	0.982491330090909	0.690402989843024	0.982491330090909	NA	"abundance"	146	15
"d__Bacteria;p__Bacillota_A;c__Clostridia;o__TANB77;f__CAG-508;g__CAG-269;s__CAG-269 sp001916005"	"Group"	"PD"	"GroupPD"	0.0977998860896448	0.213862347105435	0.283986463541011	0.691376215021852	0.982491330090909	0.691376215021852	0.982491330090909	NA	"abundance"	146	13
"d__Bacteria;p__Bacillota_A;c__Clostridia;o__Oscillospirales;f__Oscillospiraceae;g__CAG-170;s__CAG-170 sp900548625"	"Group"	"PD"	"GroupPD"	1.72773335706223	0.213862347105435	2.90861765339053	0.694473131927788	0.982491330090909	0.694473131927788	0.982491330090909	NA	"abundance"	146	3
"d__Bacteria;p__Bacteroidota;c__Bacteroidia;o__Bacteroidales;f__Bacteroidaceae;g__Bacteroides;s__Bacteroides xylanisolvens"	"Group"	"PD"	"GroupPD"	0.0814620538223377	0.213862347105435	0.334743479018759	0.694507651628505	0.982491330090909	0.694507651628505	0.982491330090909	NA	"abundance"	146	61
"d__Bacteria;p__Bacillota;c__Bacilli;o__MOL361;f__Turicibacteraceae;g__Turicibacter;s__Turicibacter sanguinis"	"Group"	"PD"	"GroupPD"	0.0754430915923488	0.213862347105435	0.350340014898673	0.69768151152864	0.982491330090909	0.69768151152864	0.982491330090909	NA	"abundance"	146	21
"d__Bacteria;p__Bacillota_A;c__Clostridia;o__Oscillospirales;f__Ruminococcaceae;g__Anaerotruncus;s__Anaerotruncus rubiinfantis"	"Group"	"PD"	"GroupPD"	0.29286509517842	0.213862347105435	0.198380817822936	0.698106357130145	0.982491330090909	0.698106357130145	0.982491330090909	NA	"abundance"	146	19
"d__Bacteria;p__Bacillota_A;c__Clostridia;o__Christensenellales;f__Aristaeellaceae;g__Alectryocaccomicrobium;s__Alectryocaccomicrobium faecavium"	"Group"	"PD"	"GroupPD"	0.118651055995011	0.213862347105435	0.243052002529218	0.700281987333327	0.982491330090909	0.700281987333327	0.982491330090909	NA	"abundance"	146	23
"d__Bacteria;p__Bacillota_A;c__Clostridia;o__Oscillospirales;f__Acutalibacteraceae;g__UMGS1623;s__UMGS1623 sp934647945"	"Group"	"PD"	"GroupPD"	0.26602109684758	0.213862347105435	0.132750963736238	0.702529180842968	0.982491330090909	0.702529180842968	0.982491330090909	NA	"abundance"	146	36
"d__Bacteria;p__Bacteroidota;c__Bacteroidia;o__Bacteroidales;f__Bacteroidaceae;g__Bacteroides;s__Bacteroides zhangwenhongii"	"Group"	"PD"	"GroupPD"	0.365303138764455	0.213862347105435	0.390543402865783	0.702605859150553	0.982491330090909	0.702605859150553	0.982491330090909	NA	"abundance"	146	23
"d__Bacteria;p__Bacillota_A;c__Clostridia;o__Oscillospirales;f__Ruminococcaceae;g__Angelakisella;s__Angelakisella sp900547385"	"Group"	"PD"	"GroupPD"	0.137455395260511	0.213862347105435	0.198052923992927	0.704179970507026	0.982491330090909	0.704179970507026	0.982491330090909	NA	"abundance"	146	40
"d__Bacteria;p__Bacteroidota;c__Bacteroidia;o__Bacteroidales;f__Muribaculaceae;g__UBA7173;s__UBA7173 sp900545955"	"Group"	"PD"	"GroupPD"	1.11343560593322	0.213862347105435	2.26317179572589	0.704736808663505	0.982491330090909	0.704736808663505	0.982491330090909	NA	"abundance"	146	8
"d__Bacteria;p__Bacillota_A;c__Clostridia;o__Oscillospirales;f__Oscillospiraceae;g__Hominicoprocola;s__Hominicoprocola sp900317525"	"Group"	"PD"	"GroupPD"	0.125921716590081	0.213862347105435	0.231337489342576	0.706485036585919	0.982491330090909	0.706485036585919	0.982491330090909	NA	"abundance"	146	64
"d__Bacteria;p__Bacillota_A;c__Clostridia;o__Oscillospirales;f__Oscillospiraceae;g__Scatomorpha;s__Scatomorpha merdavium"	"Group"	"PD"	"GroupPD"	0.0263789786828401	0.213862347105435	0.485426678128607	0.706700789047449	0.982491330090909	0.706700789047449	0.982491330090909	NA	"abundance"	146	14
"d__Bacteria;p__Bacillota_A;c__Clostridia;o__Lachnospirales;f__Lachnospiraceae;g__Blautia_A;s__Blautia_A sp900551465"	"Group"	"PD"	"GroupPD"	1.3581338428505	0.213862347105435	2.87670318179853	0.707168311030998	0.982491330090909	0.707168311030998	0.982491330090909	NA	"abundance"	146	7
"d__Bacteria;p__Bacteroidota;c__Bacteroidia;o__Bacteroidales;f__Bacteroidaceae;g__UBA6398;s__UBA6398 sp900550635"	"Group"	"PD"	"GroupPD"	0.510470143377961	0.213862347105435	0.719647714580222	0.707935484782345	0.982491330090909	0.707935484782345	0.982491330090909	NA	"abundance"	146	5
"d__Bacteria;p__Bacillota_C;c__Negativicutes;o__Veillonellales;f__Veillonellaceae;g__Veillonella;s__Veillonella infantium"	"Group"	"PD"	"GroupPD"	-0.186420762932783	0.213862347105435	1.01366069284523	0.709120576987487	0.982491330090909	0.709120576987487	0.982491330090909	NA	"abundance"	146	7
"d__Bacteria;p__Bacillota_A;c__Clostridia;o__Lachnospirales;f__Lachnospiraceae;g__Mediterraneibacter;s__Mediterraneibacter intestinigallinarum"	"Group"	"PD"	"GroupPD"	2.22804410747282	0.213862347105435	4.11569189102088	0.71023301539101	0.982491330090909	0.71023301539101	0.982491330090909	NA	"abundance"	146	3
"d__Bacteria;p__Bacillota_A;c__Clostridia;o__Lachnospirales;f__Lachnospiraceae;g__Blautia;s__Blautia hansenii"	"Group"	"PD"	"GroupPD"	1.24910718346425	0.213862347105435	2.66481265025269	0.711029496202308	0.982491330090909	0.711029496202308	0.982491330090909	NA	"abundance"	146	8
"d__Bacteria;p__Bacillota_A;c__Clostridia;o__Oscillospirales;f__Oscillospiraceae;g__Dysosmobacter;s__Dysosmobacter sp019418625"	"Group"	"PD"	"GroupPD"	0.499224754508746	0.213862347105435	0.669373506683948	0.711276166525975	0.982491330090909	0.711276166525975	0.982491330090909	NA	"abundance"	146	4
"d__Bacteria;p__Cyanobacteriota;c__Vampirovibrionia;o__Gastranaerophilales;f__Gastranaerophilaceae;g__Stercorousia;s__Stercorousia sp001765415"	"Group"	"PD"	"GroupPD"	-0.360031354708909	0.213862347105435	1.17772446786332	0.711322133786422	0.982491330090909	0.711322133786422	0.982491330090909	NA	"abundance"	146	3
"d__Bacteria;p__Actinomycetota;c__Actinomycetes;o__Actinomycetales;f__Actinomycetaceae;g__Pauljensenia;s__Pauljensenia bouchesdurhonensis"	"Group"	"PD"	"GroupPD"	0.0800848318769682	0.213862347105435	0.344524906586986	0.711765711001857	0.982491330090909	0.711765711001857	0.982491330090909	NA	"abundance"	146	8
"d__Bacteria;p__Bacillota_A;c__Clostridia;o__Lachnospirales;f__Lachnospiraceae;g__UMGS1370;s__UMGS1370 sp900542035"	"Group"	"PD"	"GroupPD"	0.10081986814777	0.213862347105435	0.277578392585986	0.7120689312903	0.982491330090909	0.7120689312903	0.982491330090909	NA	"abundance"	146	5
"d__Bacteria;p__Pseudomonadota;c__Alphaproteobacteria;o__RF32;f__CAG-239;g__Scatacola_A;s__Scatacola_A faecigallinarum"	"Group"	"PD"	"GroupPD"	0.0226873507614349	0.213862347105435	0.516020384401023	0.714712189905079	0.982491330090909	0.714712189905079	0.982491330090909	NA	"abundance"	146	26
"d__Bacteria;p__Bacteroidota;c__Bacteroidia;o__Bacteroidales;f__Tannerellaceae;g__Parabacteroides;s__Parabacteroides sp900760525"	"Group"	"PD"	"GroupPD"	-0.215370406290473	0.213862347105435	1.06900596846469	0.714969693942987	0.982491330090909	0.714969693942987	0.982491330090909	NA	"abundance"	146	5
"d__Bacteria;p__Bacillota_A;c__Clostridia;o__TANB77;f__CAG-508;g__CAG-273;s__CAG-273 sp000438355"	"Group"	"PD"	"GroupPD"	0.1352415824263	0.213862347105435	0.212519842617835	0.715402672635322	0.982491330090909	0.715402672635322	0.982491330090909	NA	"abundance"	146	40
"d__Bacteria;p__Bacillota_A;c__Clostridia;o__Peptostreptococcales;f__Anaerovoracaceae;g__Fimisoma;s__Fimisoma sp900545135"	"Group"	"PD"	"GroupPD"	-0.180769203593633	0.213862347105435	0.987595215580961	0.716178823085792	0.982491330090909	0.716178823085792	0.982491330090909	NA	"abundance"	146	5
"d__Bacteria;p__Bacillota_A;c__Clostridia;o__Christensenellales;f__Aristaeellaceae;g__Ventricola;s__Ventricola sp900542445"	"Group"	"PD"	"GroupPD"	0.15714300044103	0.213862347105435	0.154412572889165	0.717608131418415	0.982491330090909	0.717608131418415	0.982491330090909	NA	"abundance"	146	80
"d__Bacteria;p__Bacillota_A;c__Clostridia;o__Christensenellales;f__Christensenellaceae;g__Scybalosoma;s__Scybalosoma faecavium"	"Group"	"PD"	"GroupPD"	-0.0784432477787248	0.213862347105435	0.7848447719017	0.718180898604629	0.982491330090909	0.718180898604629	0.982491330090909	NA	"abundance"	146	11
"d__Bacteria;p__Bacillota_A;c__Clostridia;o__Oscillospirales;f__Oscillospiraceae;g__CAG-170;s__CAG-170 sp937967235"	"Group"	"PD"	"GroupPD"	0.313947938060389	0.213862347105435	0.269567626809703	0.719923772788376	0.982491330090909	0.719923772788376	0.982491330090909	NA	"abundance"	146	11
"d__Bacteria;p__Bacillota_A;c__Clostridia;o__Oscillospirales;f__Acutalibacteraceae;g__Eubacterium_R;s__Eubacterium_R sp000433975"	"Group"	"PD"	"GroupPD"	0.759887936626428	0.213862347105435	1.44024558989308	0.720111866540015	0.982491330090909	0.720111866540015	0.982491330090909	NA	"abundance"	146	7
"d__Bacteria;p__Bacillota_I;c__Bacilli_A;o__RF39;f__UBA660;g__CAG-302;s__CAG-302 sp900543825"	"Group"	"PD"	"GroupPD"	-0.214567555827535	0.213862347105435	1.09132849124532	0.720848774814743	0.982491330090909	0.720848774814743	0.982491330090909	NA	"abundance"	146	5
"d__Bacteria;p__Bacillota_A;c__Clostridia;o__Lachnospirales;f__Lachnospiraceae;g__JAGZHZ01;s__JAGZHZ01 sp018366495"	"Group"	"PD"	"GroupPD"	0.352128705653954	0.213862347105435	0.381477064402089	0.722618093366971	0.982491330090909	0.722618093366971	0.982491330090909	NA	"abundance"	146	17
"d__Bacteria;p__Bacteroidota;c__Bacteroidia;o__Bacteroidales;f__Muribaculaceae;g__Limisoma;s__Limisoma sp000437795"	"Group"	"PD"	"GroupPD"	0.628718254965545	0.213862347105435	1.09610857612073	0.724232741440955	0.982491330090909	0.724232741440955	0.982491330090909	NA	"abundance"	146	6
"d__Bacteria;p__Bacillota_A;c__Clostridia;o__Oscillospirales;f__Acutalibacteraceae;g__UMGS1623;s__UMGS1623 sp902492895"	"Group"	"PD"	"GroupPD"	0.354264351983002	0.213862347105435	0.346366818570514	0.725092473827058	0.982491330090909	0.725092473827058	0.982491330090909	NA	"abundance"	146	4
"d__Bacteria;p__Bacteroidota;c__Bacteroidia;o__Bacteroidales;f__Rikenellaceae;g__Alistipes;s__Alistipes avistercoris"	"Group"	"PD"	"GroupPD"	-0.29587763994948	0.213862347105435	1.35621334665868	0.726043813532303	0.982491330090909	0.726043813532303	0.982491330090909	NA	"abundance"	146	6
"d__Bacteria;p__Bacillota_A;c__Clostridia;o__Peptostreptococcales;f__Anaerovoracaceae;g__CAG-238;s__CAG-238 sp934277655"	"Group"	"PD"	"GroupPD"	0.108626870186054	0.213862347105435	0.272536738131061	0.726162676739017	0.982491330090909	0.726162676739017	0.982491330090909	NA	"abundance"	146	5
"d__Bacteria;p__Bacillota_A;c__Clostridia;o__Lachnospirales;f__Lachnospiraceae;g__Ruminococcus_G;s__Ruminococcus_G gauvreauii"	"Group"	"PD"	"GroupPD"	0.0749038570758837	0.213862347105435	0.345233956650616	0.726773342276945	0.982491330090909	0.726773342276945	0.982491330090909	NA	"abundance"	146	4
"d__Bacteria;p__Bacillota_A;c__Clostridia;o__Oscillospirales;f__Butyricicoccaceae;g__Pseudobutyricicoccus;s__Pseudobutyricicoccus lothianensis"	"Group"	"PD"	"GroupPD"	0.31632105021355	0.213862347105435	0.286419995699337	0.727572802656503	0.982491330090909	0.727572802656503	0.982491330090909	NA	"abundance"	146	14
"d__Bacteria;p__Bacteroidota;c__Bacteroidia;o__Bacteroidales;f__Bacteroidaceae;g__Phocaeicola;s__Phocaeicola dorei"	"Group"	"PD"	"GroupPD"	0.089950960304152	0.213862347105435	0.353788104010814	0.727629755527288	0.982491330090909	0.727629755527288	0.982491330090909	NA	"abundance"	146	76
"d__Bacteria;p__Bacillota_A;c__Clostridia;o__TANB77;f__CAG-508;g__CAG-273;s__CAG-273 sp000435755"	"Group"	"PD"	"GroupPD"	-0.243505814340977	0.213862347105435	1.27626403868458	0.728264038314466	0.982491330090909	0.728264038314466	0.982491330090909	NA	"abundance"	146	11
"d__Bacteria;p__Bacillota_A;c__Clostridia;o__Christensenellales;f__Aristaeellaceae;g__Fimadaptatus;s__Fimadaptatus faecigallinarum"	"Group"	"PD"	"GroupPD"	0.127982346398902	0.213862347105435	0.239872802954933	0.728381350649627	0.982491330090909	0.728381350649627	0.982491330090909	NA	"abundance"	146	13
"d__Bacteria;p__Bacillota_A;c__Clostridia;o__Oscillospirales;f__Ruminococcaceae;g__Schneewindia;s__Schneewindia gallinarum"	"Group"	"PD"	"GroupPD"	0.269781084851848	0.213862347105435	0.138570498426195	0.729962152359873	0.982491330090909	0.729962152359873	0.982491330090909	NA	"abundance"	146	4
"d__Bacteria;p__Bacillota_A;c__Clostridia;o__Oscillospirales;f__Oscillospiraceae;g__Dysosmobacter;s__Dysosmobacter faecalis_A"	"Group"	"PD"	"GroupPD"	0.125205099766658	0.213862347105435	0.249211853852004	0.730643375188453	0.982491330090909	0.730643375188453	0.982491330090909	NA	"abundance"	146	12
"d__Bacteria;p__Bacillota_A;c__Clostridia;o__Oscillospirales;f__Oscillospiraceae;g__Evtepia;s__Evtepia sp004556345"	"Group"	"PD"	"GroupPD"	0.130979388716314	0.213862347105435	0.23659953407017	0.731936145554553	0.982491330090909	0.731936145554553	0.982491330090909	NA	"abundance"	146	19
"d__Bacteria;p__Pseudomonadota;c__Gammaproteobacteria;o__Pseudomonadales;f__Pseudomonadaceae;g__Pseudomonas;s__Pseudomonas aeruginosa"	"Group"	"PD"	"GroupPD"	0.110267836829552	0.213862347105435	0.26232220420191	0.732139183888014	0.982491330090909	0.732139183888014	0.982491330090909	NA	"abundance"	146	4
"d__Bacteria;p__Bacillota_A;c__Clostridia;o__Lachnospirales;f__Lachnospiraceae;g__Pseudolachnospira;s__Pseudolachnospira sp022867805"	"Group"	"PD"	"GroupPD"	0.132853431972069	0.213862347105435	0.23397506115446	0.732822887598759	0.982491330090909	0.732822887598759	0.982491330090909	NA	"abundance"	146	36
"d__Bacteria;p__Actinomycetota;c__Actinomycetes;o__Actinomycetales;f__Bifidobacteriaceae;g__Bifidobacterium;s__Bifidobacterium animalis_B"	"Group"	"PD"	"GroupPD"	0.47938890571898	0.213862347105435	0.771155298364729	0.733491327707237	0.982491330090909	0.733491327707237	0.982491330090909	NA	"abundance"	146	27
"d__Bacteria;p__Bacteroidota;c__Bacteroidia;o__Bacteroidales;f__Marinifilaceae;g__Butyricimonas;s__Butyricimonas faecalis"	"Group"	"PD"	"GroupPD"	-0.0257137728804583	0.213862347105435	0.649626742787235	0.737023310667924	0.982491330090909	0.737023310667924	0.982491330090909	NA	"abundance"	146	5
"d__Bacteria;p__Bacillota_A;c__Clostridia;o__Lachnospirales;f__Lachnospiraceae;g__Enterocloster;s__Enterocloster excrementigallinarum"	"Group"	"PD"	"GroupPD"	0.4080542080885	0.213862347105435	0.540155170202309	0.737506913144687	0.982491330090909	0.737506913144687	0.982491330090909	NA	"abundance"	146	6
"d__Bacteria;p__Bacillota_A;c__Clostridia;o__Lachnospirales;f__Lachnospiraceae;g__Eubacterium_G;s__Eubacterium_G segne"	"Group"	"PD"	"GroupPD"	0.263227303036619	0.213862347105435	0.145185722980144	0.740649922966335	0.982491330090909	0.740649922966335	0.982491330090909	NA	"abundance"	146	27
"d__Bacteria;p__Bacillota_A;c__Clostridia;o__Lachnospirales;f__Lachnospiraceae;g__Copromonas;s__Copromonas faecavium"	"Group"	"PD"	"GroupPD"	0.079606645985619	0.213862347105435	0.354624584109254	0.741857807975437	0.982491330090909	0.741857807975437	0.982491330090909	NA	"abundance"	146	4
"d__Bacteria;p__Bacillota_A;c__Clostridia;o__Lachnospirales;f__Lachnospiraceae;g__Pullilachnospira;s__Pullilachnospira stercoravium"	"Group"	"PD"	"GroupPD"	0.0410495856456389	0.213862347105435	0.402649033452673	0.742172096655766	0.982491330090909	0.742172096655766	0.982491330090909	NA	"abundance"	146	3
"d__Bacteria;p__Actinomycetota;c__Actinomycetes;o__Actinomycetales;f__Bifidobacteriaceae;g__Bifidobacterium;s__Bifidobacterium kashiwanohense_A"	"Group"	"PD"	"GroupPD"	1.23383035839062	0.213862347105435	2.40680489609741	0.74478531617873	0.982491330090909	0.74478531617873	0.982491330090909	NA	"abundance"	146	3
"d__Bacteria;p__Bacillota_I;c__Bacilli_A;o__RF39;f__UBA660;g__Onthocola_B;s__Onthocola_B sp900544625"	"Group"	"PD"	"GroupPD"	0.0269842002495675	0.213862347105435	0.523064473113845	0.744933789875621	0.982491330090909	0.744933789875621	0.982491330090909	NA	"abundance"	146	5
"d__Bacteria;p__Bacillota_A;c__Clostridia;o__Lachnospirales;f__Lachnospiraceae;g__Muricoprocola;s__Muricoprocola aceti"	"Group"	"PD"	"GroupPD"	0.145250320923404	0.213862347105435	0.205486712573368	0.745173681238591	0.982491330090909	0.745173681238591	0.982491330090909	NA	"abundance"	146	17
"d__Bacteria;p__Bacillota_A;c__Clostridia;o__Oscillospirales;f__Acutalibacteraceae;g__Yeguia;s__Yeguia hominis"	"Group"	"PD"	"GroupPD"	0.295048887172008	0.213862347105435	0.240738846933071	0.745825830494755	0.982491330090909	0.745825830494755	0.982491330090909	NA	"abundance"	146	10
"d__Bacteria;p__Bacillota_I;c__Bacilli_A;o__Erysipelotrichales;f__Erysipelotrichaceae;g__Holdemanella;s__Holdemanella biformis"	"Group"	"PD"	"GroupPD"	0.516927399636774	0.213862347105435	0.896208721911229	0.746714259405828	0.982491330090909	0.746714259405828	0.982491330090909	NA	"abundance"	146	8
"d__Bacteria;p__Bacillota_C;c__Negativicutes;o__Veillonellales;f__Megasphaeraceae;g__Megasphaera;s__Megasphaera sp002319965"	"Group"	"PD"	"GroupPD"	1.81944831979023	0.213862347105435	3.82167951690326	0.746765710697473	0.982491330090909	0.746765710697473	0.982491330090909	NA	"abundance"	146	3
"d__Bacteria;p__Bacillota_A;c__Clostridia;o__Lachnospirales;f__Lachnospiraceae;g__CAG-882;s__CAG-882 sp900545175"	"Group"	"PD"	"GroupPD"	-0.103590278211547	0.213862347105435	0.859680935988751	0.747342148664505	0.982491330090909	0.747342148664505	0.982491330090909	NA	"abundance"	146	4
"d__Bacteria;p__Actinomycetota;c__Coriobacteriia;o__Coriobacteriales;f__Eggerthellaceae;g__CAJFUR01;s__CAJFUR01 sp904420575"	"Group"	"PD"	"GroupPD"	0.150507074015063	0.213862347105435	0.193631668104356	0.747679989107453	0.982491330090909	0.747679989107453	0.982491330090909	NA	"abundance"	146	31
"d__Bacteria;p__Bacillota_A;c__Clostridia;o__Christensenellales;f__Aristaeellaceae;g__CAKUFI01;s__CAKUFI01 sp934647305"	"Group"	"PD"	"GroupPD"	0.327220362224175	0.213862347105435	0.307450579046374	0.748702227447505	0.982491330090909	0.748702227447505	0.982491330090909	NA	"abundance"	146	4
"d__Bacteria;p__Bacillota_I;c__Bacilli_A;o__Erysipelotrichales;f__Erysipelotrichaceae;g__Clostridium_AQ;s__Clostridium_AQ innocuum"	"Group"	"PD"	"GroupPD"	0.353173168106019	0.213862347105435	0.430795439107432	0.748938096262736	0.982491330090909	0.748938096262736	0.982491330090909	NA	"abundance"	146	34
"d__Bacteria;p__Bacillota_A;c__Clostridia;o__Oscillospirales;f__CAG-382;g__UMGS882;s__UMGS882 sp900757905"	"Group"	"PD"	"GroupPD"	0.488623938170564	0.213862347105435	0.67059057335373	0.752442801684437	0.982491330090909	0.752442801684437	0.982491330090909	NA	"abundance"	146	3
"d__Bacteria;p__Bacillota_A;c__Clostridia;o__TANB77;f__CAG-508;g__CAG-269;s__CAG-269 sp905213875"	"Group"	"PD"	"GroupPD"	0.651597054051817	0.213862347105435	1.06898041573753	0.752555329839193	0.982491330090909	0.752555329839193	0.982491330090909	NA	"abundance"	146	3
"d__Bacteria;p__Bacillota_I;c__Bacilli_A;o__Erysipelotrichales;f__Coprobacillaceae;g__Faecalibacillus;s__Faecalibacillus intestinalis"	"Group"	"PD"	"GroupPD"	0.154488599504907	0.213862347105435	0.186241396144404	0.752980687929595	0.982491330090909	0.752980687929595	0.982491330090909	NA	"abundance"	146	87
"d__Bacteria;p__Bacillota_A;c__Clostridia;o__TANB77;f__CAG-508;g__Merdicola;s__Merdicola sp018371855"	"Group"	"PD"	"GroupPD"	0.483569240032901	0.213862347105435	0.850094749107691	0.755389326372046	0.982491330090909	0.755389326372046	0.982491330090909	NA	"abundance"	146	17
"d__Bacteria;p__Bacillota_A;c__Clostridia;o__Peptostreptococcales;f__Anaerovoracaceae;g__Fimisoma;s__Fimisoma sp000435715"	"Group"	"PD"	"GroupPD"	0.0922969119515961	0.213862347105435	0.386600010599033	0.756243784929098	0.982491330090909	0.756243784929098	0.982491330090909	NA	"abundance"	146	25
"d__Bacteria;p__Bacillota_A;c__Clostridia;o__Lachnospirales;f__Lachnospiraceae;g__Brotaphodocola;s__Brotaphodocola sp003481825"	"Group"	"PD"	"GroupPD"	0.331440938243513	0.213862347105435	0.331385214547162	0.75717340072858	0.982491330090909	0.75717340072858	0.982491330090909	NA	"abundance"	146	4
"d__Bacteria;p__Bacillota_A;c__Clostridia;o__Christensenellales;f__Borkfalkiaceae;g__Scatosoma;s__Scatosoma sp900542935"	"Group"	"PD"	"GroupPD"	0.0271334871299318	0.213862347105435	0.533797267552739	0.760208011590411	0.982491330090909	0.760208011590411	0.982491330090909	NA	"abundance"	146	4
"d__Bacteria;p__Bacillota_A;c__Clostridia;o__Peptostreptococcales;f__Anaerovoracaceae;g__Mogibacterium;s__Mogibacterium diversum_A"	"Group"	"PD"	"GroupPD"	0.526104673061837	0.213862347105435	0.797474608419573	0.762406604414647	0.982491330090909	0.762406604414647	0.982491330090909	NA	"abundance"	146	3
"d__Bacteria;p__Bacillota_A;c__Clostridia;o__Oscillospirales;f__Oscillospiraceae;g__Faecousia;s__Faecousia sp900544705"	"Group"	"PD"	"GroupPD"	0.439147460604386	0.213862347105435	0.653364751842038	0.763073485625335	0.982491330090909	0.763073485625335	0.982491330090909	NA	"abundance"	146	4
"d__Bacteria;p__Bacillota_A;c__Clostridia;o__TANB77;f__CAG-465;g__CAG-465;s__CAG-465 sp944388565"	"Group"	"PD"	"GroupPD"	-0.340929822423104	0.213862347105435	1.73515200095786	0.765141409629933	0.982491330090909	0.765141409629933	0.982491330090909	NA	"abundance"	146	6
"d__Bacteria;p__Bacillota_A;c__Clostridia;o__Oscillospirales;f__Ruminococcaceae;g__Ruminococcus_C;s__Ruminococcus_C callidus"	"Group"	"PD"	"GroupPD"	0.409305048142667	0.213862347105435	0.651036793125532	0.76746502555467	0.982491330090909	0.76746502555467	0.982491330090909	NA	"abundance"	146	20
"d__Bacteria;p__Bacillota_A;c__Clostridia;o__Lachnospirales;f__Lachnospiraceae;g__Alitiscatomonas;s__Alitiscatomonas sp900541255"	"Group"	"PD"	"GroupPD"	0.432488196395284	0.213862347105435	0.718108764444984	0.768518204407907	0.982491330090909	0.768518204407907	0.982491330090909	NA	"abundance"	146	10
"d__Bacteria;p__Bacillota_A;c__Clostridia;o__TANB77;f__CAG-508;g__CAG-273;s__CAG-273 sp019419955"	"Group"	"PD"	"GroupPD"	0.4763231560828	0.213862347105435	0.693606131833615	0.76969297233034	0.982491330090909	0.76969297233034	0.982491330090909	NA	"abundance"	146	3
"d__Bacteria;p__Bacillota_A;c__Clostridia;o__TANB77;f__CAG-508;g__CAG-269;s__CAG-269 sp900555615"	"Group"	"PD"	"GroupPD"	0.0794328024083749	0.213862347105435	0.356099540968251	0.7705239388128	0.982491330090909	0.7705239388128	0.982491330090909	NA	"abundance"	146	3
"d__Bacteria;p__Bacillota_A;c__Clostridia;o__Christensenellales;f__CAG-138;g__Pelethousia;s__Pelethousia gallinarum"	"Group"	"PD"	"GroupPD"	0.0505690463942769	0.213862347105435	0.540217255227728	0.77139927942692	0.982491330090909	0.77139927942692	0.982491330090909	NA	"abundance"	146	9
"d__Bacteria;p__Bacillota_A;c__Clostridia;o__Christensenellales;f__CAG-917;g__CAG-349;s__CAG-349 sp003539515"	"Group"	"PD"	"GroupPD"	0.0640346995523583	0.213862347105435	0.515758601491327	0.776996517362762	0.982491330090909	0.776996517362762	0.982491330090909	NA	"abundance"	146	13
"d__Bacteria;p__Bacillota_A;c__Clostridia;o__Lachnospirales;f__Lachnospiraceae;g__Pullilachnospira_A;s__Pullilachnospira_A gallistercoris"	"Group"	"PD"	"GroupPD"	0.101062855446726	0.213862347105435	0.386071343308456	0.777738388664938	0.982491330090909	0.777738388664938	0.982491330090909	NA	"abundance"	146	10
"d__Bacteria;p__Pseudomonadota;c__Alphaproteobacteria;o__RF32;f__CAG-239;g__51-20;s__51-20 sp902489795"	"Group"	"PD"	"GroupPD"	0.100506407993984	0.213862347105435	0.386097427474415	0.781086222384737	0.982491330090909	0.781086222384737	0.982491330090909	NA	"abundance"	146	7
"d__Bacteria;p__Bacillota_I;c__Bacilli_A;o__RF39;f__UBA660;g__Faecenecus;s__Faecenecus sp944358775"	"Group"	"PD"	"GroupPD"	0.138807044234409	0.213862347105435	0.245856850735091	0.781147834920581	0.982491330090909	0.781147834920581	0.982491330090909	NA	"abundance"	146	5
"d__Bacteria;p__Bacillota_A;c__Clostridia;o__Lachnospirales;f__Lachnospiraceae;g__Eisenbergiella;s__Eisenbergiella porci"	"Group"	"PD"	"GroupPD"	0.110655638601628	0.213862347105435	0.365153003141395	0.781184843443516	0.982491330090909	0.781184843443516	0.982491330090909	NA	"abundance"	146	19
"d__Bacteria;p__Bacillota_A;c__Clostridia;o__Lachnospirales;f__Lachnospiraceae;g__Anaerostipes;s__Anaerostipes caccae"	"Group"	"PD"	"GroupPD"	0.530725576043528	0.213862347105435	1.11810806035786	0.782587148912178	0.982491330090909	0.782587148912178	0.982491330090909	NA	"abundance"	146	12
"d__Bacteria;p__Bacillota_A;c__Clostridia;o__Monoglobales;f__Monoglobaceae;g__UMGS1820;s__UMGS1820 sp900545865"	"Group"	"PD"	"GroupPD"	0.308888815091425	0.213862347105435	0.32114425663298	0.782620198459716	0.982491330090909	0.782620198459716	0.982491330090909	NA	"abundance"	146	6
"d__Bacteria;p__Bacillota_A;c__Clostridia;o__Lachnospirales;f__Lachnospiraceae;g__Brotaphodocola;s__Brotaphodocola catenula"	"Group"	"PD"	"GroupPD"	-0.0612390863821496	0.213862347105435	0.776782144003712	0.783334587883015	0.982491330090909	0.783334587883015	0.982491330090909	NA	"abundance"	146	3
"d__Bacteria;p__Bacillota_A;c__Clostridia;o__Oscillospirales;f__Oscillospiraceae;g__Vescimonas;s__Vescimonas sp934591815"	"Group"	"PD"	"GroupPD"	-0.280286537557536	0.213862347105435	1.58630030961475	0.784845561119389	0.982491330090909	0.784845561119389	0.982491330090909	NA	"abundance"	146	4
"d__Bacteria;p__Bacillota_A;c__Clostridia;o__TANB77;f__CAG-508;g__CAG-245;s__CAG-245 sp000434195"	"Group"	"PD"	"GroupPD"	0.361289357135612	0.213862347105435	0.504746342891226	0.78485585809646	0.982491330090909	0.78485585809646	0.982491330090909	NA	"abundance"	146	6
"d__Bacteria;p__Bacillota_I;c__Bacilli_A;o__ML615J-28;f__CAG-313;g__CAG-313;s__CAG-313 sp000433035"	"Group"	"PD"	"GroupPD"	0.0706574045636947	0.213862347105435	0.5140714449537	0.785916074644723	0.982491330090909	0.785916074644723	0.982491330090909	NA	"abundance"	146	13
"d__Bacteria;p__Bacillota_A;c__Clostridia;o__Lachnospirales;f__Lachnospiraceae;g__Lachnospira;s__Lachnospira sp000436535"	"Group"	"PD"	"GroupPD"	0.477632579786012	0.213862347105435	0.89068947549314	0.786421770000629	0.982491330090909	0.786421770000629	0.982491330090909	NA	"abundance"	146	5
"d__Bacteria;p__Bacillota_A;c__Clostridia;o__Lachnospirales;f__Lachnospiraceae;g__Acetatifactor;s__Acetatifactor intestinalis"	"Group"	"PD"	"GroupPD"	0.123934993460571	0.213862347105435	0.333728076943709	0.789200608390311	0.982491330090909	0.789200608390311	0.982491330090909	NA	"abundance"	146	50
"d__Bacteria;p__Bacillota_A;c__Clostridia;o__Lachnospirales;f__Lachnospiraceae;g__Lachnoclostridium_A;s__Lachnoclostridium_A stercoravium"	"Group"	"PD"	"GroupPD"	0.345653034412509	0.213862347105435	0.435006867257662	0.790700113634071	0.982491330090909	0.790700113634071	0.982491330090909	NA	"abundance"	146	4
"d__Bacteria;p__Bacillota_A;c__Clostridia;o__Oscillospirales;f__Ruminococcaceae;g__Gemmiger;s__Gemmiger sp900540775"	"Group"	"PD"	"GroupPD"	0.348155525903104	0.213862347105435	0.50491111388327	0.79215978477535	0.982491330090909	0.79215978477535	0.982491330090909	NA	"abundance"	146	33
"d__Bacteria;p__Bacteroidota;c__Bacteroidia;o__Bacteroidales;f__Tannerellaceae;g__Parabacteroides;s__Parabacteroides segnis"	"Group"	"PD"	"GroupPD"	0.300358362688383	0.213862347105435	0.324884313337836	0.792895036254724	0.982491330090909	0.792895036254724	0.982491330090909	NA	"abundance"	146	25
"d__Bacteria;p__Bacillota_A;c__Clostridia;o__Oscillospirales;f__Butyricicoccaceae;g__Agathobaculum;s__Agathobaculum ammoniilyticum"	"Group"	"PD"	"GroupPD"	0.287425503159855	0.213862347105435	0.277129324984896	0.795914786810644	0.982491330090909	0.795914786810644	0.982491330090909	NA	"abundance"	146	14
"d__Bacteria;p__Bacillota_A;c__Clostridia;o__TANB77;f__CAG-508;g__CAG-269;s__CAG-269 sp900556345"	"Group"	"PD"	"GroupPD"	0.073155365131351	0.213862347105435	0.51001267968454	0.796371935936186	0.982491330090909	0.796371935936186	0.982491330090909	NA	"abundance"	146	6
"d__Bacteria;p__Bacteroidota;c__Bacteroidia;o__Bacteroidales;f__Bacteroidaceae;g__UBA6398;s__UBA6398 sp900555645"	"Group"	"PD"	"GroupPD"	-0.0413182693783355	0.213862347105435	0.772326298838405	0.796972941753455	0.982491330090909	0.796972941753455	0.982491330090909	NA	"abundance"	146	3
"d__Bacteria;p__Bacillota_A;c__Clostridia;o__Oscillospirales;f__Feifaniaceae;g__Galloscillospira_B;s__Galloscillospira_B excrementipullorum"	"Group"	"PD"	"GroupPD"	0.273781863072385	0.213862347105435	0.228435900170249	0.799413004739494	0.982491330090909	0.799413004739494	0.982491330090909	NA	"abundance"	146	12
"d__Bacteria;p__Bacillota_A;c__Clostridia;o__Lachnospirales;f__Lachnospiraceae;g__CAG-303;s__CAG-303 sp000437755"	"Group"	"PD"	"GroupPD"	-0.0294915653824456	0.213862347105435	0.92034193911031	0.800424682981013	0.982491330090909	0.800424682981013	0.982491330090909	NA	"abundance"	146	8
"d__Bacteria;p__Bacillota_A;c__Clostridia;o__Oscillospirales;f__Ruminococcaceae;g__CAG-115;s__CAG-115 sp003531585"	"Group"	"PD"	"GroupPD"	0.322996089877345	0.213862347105435	0.431297212326148	0.803450021908148	0.982491330090909	0.803450021908148	0.982491330090909	NA	"abundance"	146	20
"d__Bacteria;p__Bacillota_A;c__Clostridia;o__Lachnospirales;f__Lachnospiraceae;g__Catenibacillus;s__Catenibacillus faecavium"	"Group"	"PD"	"GroupPD"	0.315906091082461	0.213862347105435	0.39558740473919	0.804177751877607	0.982491330090909	0.804177751877607	0.982491330090909	NA	"abundance"	146	9
"d__Bacteria;p__Bacillota_I;c__Bacilli_A;o__RF39;f__UBA660;g__Onthousia;s__Onthousia sp000438295"	"Group"	"PD"	"GroupPD"	0.0963752568410223	0.213862347105435	0.434476084479583	0.804489703013227	0.982491330090909	0.804489703013227	0.982491330090909	NA	"abundance"	146	5
"d__Bacteria;p__Pseudomonadota;c__Gammaproteobacteria;o__Burkholderiales;f__Burkholderiaceae;g__Parasutterella;s__Parasutterella gallistercoris"	"Group"	"PD"	"GroupPD"	0.150354101234734	0.213862347105435	0.251518700981762	0.804770062060566	0.982491330090909	0.804770062060566	0.982491330090909	NA	"abundance"	146	18
"d__Bacteria;p__Bacillota_A;c__Clostridia;o__Oscillospirales;f__Oscillospiraceae;g__CAG-170;s__CAG-170 sp900553545"	"Group"	"PD"	"GroupPD"	0.291491575969941	0.213862347105435	0.308321734252745	0.805083363025281	0.982491330090909	0.805083363025281	0.982491330090909	NA	"abundance"	146	17
"d__Bacteria;p__Bacteroidota;c__Bacteroidia;o__Bacteroidales;f__Barnesiellaceae;g__Barnesiella_B;s__Barnesiella_B propionica"	"Group"	"PD"	"GroupPD"	0.0945373524145059	0.213862347105435	0.455158016435473	0.806354022620098	0.982491330090909	0.806354022620098	0.982491330090909	NA	"abundance"	146	6
"d__Bacteria;p__Bacillota_A;c__Clostridia;o__TANB77;f__CAG-508;g__CAG-273;s__CAG-273 sp902492105"	"Group"	"PD"	"GroupPD"	0.0138852796510974	0.213862347105435	0.637488572504958	0.806650323006749	0.982491330090909	0.806650323006749	0.982491330090909	NA	"abundance"	146	3
"d__Bacteria;p__Actinomycetota;c__Coriobacteriia;o__Coriobacteriales;f__Eggerthellaceae;g__MGBC163016;s__"	"Group"	"PD"	"GroupPD"	0.542895156718759	0.213862347105435	1.0573345076132	0.807865564034884	0.982491330090909	0.807865564034884	0.982491330090909	NA	"abundance"	146	3
"d__Bacteria;p__Bacillota_A;c__Clostridia;o__Lachnospirales;f__Lachnospiraceae;g__Suilimivivens;s__"	"Group"	"PD"	"GroupPD"	0.0812377724541626	0.213862347105435	0.532611500722176	0.808469381947087	0.982491330090909	0.808469381947087	0.982491330090909	NA	"abundance"	146	12
"d__Bacteria;p__Pseudomonadota;c__Gammaproteobacteria;o__Enterobacterales;f__Enterobacteriaceae;g__Klebsiella;s__Klebsiella michiganensis"	"Group"	"PD"	"GroupPD"	0.440640233106097	0.213862347105435	0.82213091684412	0.808530314010288	0.982491330090909	0.808530314010288	0.982491330090909	NA	"abundance"	146	4
"d__Bacteria;p__Bacillota_A;c__Clostridia;o__Oscillospirales;f__Acutalibacteraceae;g__Anaeromassilibacillus;s__Anaeromassilibacillus sp001305115"	"Group"	"PD"	"GroupPD"	0.275835024163404	0.213862347105435	0.249638674512031	0.809114422677354	0.982491330090909	0.809114422677354	0.982491330090909	NA	"abundance"	146	14
"d__Bacteria;p__Actinomycetota;c__Actinomycetes;o__Actinomycetales;f__Actinomycetaceae;g__Pauljensenia;s__Pauljensenia sp000466265"	"Group"	"PD"	"GroupPD"	0.165423514884154	0.213862347105435	0.193951209226286	0.810075500720782	0.982491330090909	0.810075500720782	0.982491330090909	NA	"abundance"	146	11
"d__Bacteria;p__Bacillota_A;c__Clostridia;o__Christensenellales;f__Aristaeellaceae;g__RUG11247;s__RUG11247 sp902767315"	"Group"	"PD"	"GroupPD"	0.249275252174581	0.213862347105435	0.142613221145435	0.810290696158142	0.982491330090909	0.810290696158142	0.982491330090909	NA	"abundance"	146	17
"d__Bacteria;p__Bacillota_A;c__Clostridia;o__Lachnospirales;f__CAG-274;g__CAG-274;s__CAG-274 sp000432155"	"Group"	"PD"	"GroupPD"	0.423568707432925	0.213862347105435	0.829086562941152	0.810372885516646	0.982491330090909	0.810372885516646	0.982491330090909	NA	"abundance"	146	7
"d__Bacteria;p__Bacillota_A;c__Clostridia;o__Lachnospirales;f__Lachnospiraceae;g__Blautia_A;s__Blautia_A caecimuris"	"Group"	"PD"	"GroupPD"	0.373002534188446	0.213862347105435	0.65911343482497	0.81069151862686	0.982491330090909	0.81069151862686	0.982491330090909	NA	"abundance"	146	36
"d__Bacteria;p__Bacteroidota;c__Bacteroidia;o__Bacteroidales;f__Bacteroidaceae;g__Bacteroides;s__Bacteroides stercoris"	"Group"	"PD"	"GroupPD"	0.0828258461903706	0.213862347105435	0.544620282909043	0.810979269297385	0.982491330090909	0.810979269297385	0.982491330090909	NA	"abundance"	146	49
"d__Bacteria;p__Bacillota_A;c__Clostridia;o__Lachnospirales;f__Lachnospiraceae;g__Frisingicoccus;s__"	"Group"	"PD"	"GroupPD"	-0.139878213353775	0.213862347105435	1.30664282622527	0.811952108846771	0.982491330090909	0.811952108846771	0.982491330090909	NA	"abundance"	146	4
"d__Bacteria;p__Bacillota_I;c__Bacilli_A;o__Erysipelotrichales;f__Coprobacillaceae;g__Longibaculum;s__Longibaculum muris"	"Group"	"PD"	"GroupPD"	0.392191627868177	0.213862347105435	0.722768423995706	0.812218405459002	0.982491330090909	0.812218405459002	0.982491330090909	NA	"abundance"	146	9
"d__Bacteria;p__Bacillota_A;c__Clostridia;o__Lachnospirales;f__Lachnospiraceae;g__Enterocloster;s__Enterocloster sp900541315"	"Group"	"PD"	"GroupPD"	0.166400836066216	0.213862347105435	0.197483536978671	0.813108405242525	0.982491330090909	0.813108405242525	0.982491330090909	NA	"abundance"	146	35
"d__Bacteria;p__Bacillota_A;c__Clostridia;o__Oscillospirales;f__Oscillospiraceae;g__Lawsonibacter;s__Lawsonibacter aceti"	"Group"	"PD"	"GroupPD"	0.254636834736749	0.213862347105435	0.169640432759259	0.815777206573304	0.982491330090909	0.815777206573304	0.982491330090909	NA	"abundance"	146	15
"d__Bacteria;p__Bacteroidota;c__Bacteroidia;o__Bacteroidales;f__Rikenellaceae;g__Alistipes;s__Alistipes dispar"	"Group"	"PD"	"GroupPD"	0.111977808925432	0.213862347105435	0.434282277455348	0.817364915881796	0.982491330090909	0.817364915881796	0.982491330090909	NA	"abundance"	146	20
"d__Bacteria;p__Bacillota_A;c__Clostridia;o__Lachnospirales;f__Lachnospiraceae;g__Lachnospira;s__Lachnospira pectinoschiza_A"	"Group"	"PD"	"GroupPD"	0.146170824298078	0.213862347105435	0.292984533518254	0.818549452814926	0.982491330090909	0.818549452814926	0.982491330090909	NA	"abundance"	146	58
"d__Bacteria;p__Bacillota_A;c__Clostridia;o__Oscillospirales;f__Acutalibacteraceae;g__RGIG7067;s__RGIG7067 sp944384895"	"Group"	"PD"	"GroupPD"	0.155987431016259	0.213862347105435	0.239926632800098	0.819858511283981	0.982491330090909	0.819858511283981	0.982491330090909	NA	"abundance"	146	7
"d__Bacteria;p__Bacillota_A;c__Clostridia;o__Oscillospirales;f__Acutalibacteraceae;g__Caccousia;s__Caccousia sp930987725"	"Group"	"PD"	"GroupPD"	0.0949353122407887	0.213862347105435	0.492473463244586	0.824751613533869	0.982491330090909	0.824751613533869	0.982491330090909	NA	"abundance"	146	5
"d__Bacteria;p__Bacteroidota;c__Bacteroidia;o__Bacteroidales;f__Marinifilaceae;g__Odoribacter;s__Odoribacter sp900548135"	"Group"	"PD"	"GroupPD"	0.044979691631199	0.213862347105435	0.670919842274532	0.824960115737619	0.982491330090909	0.824960115737619	0.982491330090909	NA	"abundance"	146	4
"d__Bacteria;p__Bacillota_A;c__Clostridia;o__Lachnospirales;f__Lachnospiraceae;g__Hominifimenecus;s__Hominifimenecus microfluidus"	"Group"	"PD"	"GroupPD"	0.254797108687069	0.213862347105435	0.182158439415492	0.826062561118273	0.982491330090909	0.826062561118273	0.982491330090909	NA	"abundance"	146	23
"d__Bacteria;p__Bacillota_A;c__Clostridia;o__TANB77;f__CAG-508;g__CAG-269;s__CAG-269 sp001916055"	"Group"	"PD"	"GroupPD"	0.12955363984287	0.213862347105435	0.340654494581792	0.827962083757078	0.982491330090909	0.827962083757078	0.982491330090909	NA	"abundance"	146	4
"d__Bacteria;p__Bacillota_A;c__Clostridia;o__Christensenellales;f__UBA1750;g__Spyradocola;s__Spyradocola merdavium"	"Group"	"PD"	"GroupPD"	0.186046165019932	0.213862347105435	0.124182819664077	0.828161083675887	0.982491330090909	0.828161083675887	0.982491330090909	NA	"abundance"	146	38
"d__Bacteria;p__Bacillota_A;c__Clostridia;o__Oscillospirales;f__Ruminococcaceae;g__Fournierella;s__Fournierella excrementavium"	"Group"	"PD"	"GroupPD"	0.369443404889393	0.213862347105435	0.637592212437629	0.829969217926009	0.982491330090909	0.829969217926009	0.982491330090909	NA	"abundance"	146	4
"d__Bacteria;p__Bacillota_A;c__Clostridia;o__Oscillospirales;f__Oscillospiraceae;g__Dysosmobacter;s__Dysosmobacter welbionis"	"Group"	"PD"	"GroupPD"	0.183643789090227	0.213862347105435	0.138322986526327	0.830591536704925	0.982491330090909	0.830591536704925	0.982491330090909	NA	"abundance"	146	99
"d__Bacteria;p__Bacillota_A;c__Clostridia;o__Lachnospirales;f__Lachnospiraceae;g__Blautia_A;s__Blautia_A sp905206915"	"Group"	"PD"	"GroupPD"	0.140503018685896	0.213862347105435	0.328651627880309	0.831134082312704	0.982491330090909	0.831134082312704	0.982491330090909	NA	"abundance"	146	8
"d__Bacteria;p__Bacillota_A;c__Clostridia;o__Lachnospirales;f__Lachnospiraceae;g__Lachnoclostridium_B;s__Lachnoclostridium_B monacensis"	"Group"	"PD"	"GroupPD"	0.0740941959842204	0.213862347105435	0.635945015242345	0.832304742183937	0.982491330090909	0.832304742183937	0.982491330090909	NA	"abundance"	146	9
"d__Bacteria;p__Bacteroidota;c__Bacteroidia;o__Bacteroidales;f__Bacteroidaceae;g__Bacteroides;s__Bacteroides eggerthii"	"Group"	"PD"	"GroupPD"	0.342596118139191	0.213862347105435	0.602204955560271	0.832526292239114	0.982491330090909	0.832526292239114	0.982491330090909	NA	"abundance"	146	27
"d__Bacteria;p__Actinomycetota;c__Coriobacteriia;o__Coriobacteriales;f__QAMH01;g__QAMH01;s__QAMH01 sp900544245"	"Group"	"PD"	"GroupPD"	0.153960736351004	0.213862347105435	0.28191060545734	0.833443793674302	0.982491330090909	0.833443793674302	0.982491330090909	NA	"abundance"	146	33
"d__Bacteria;p__Bacillota_A;c__Clostridia;o__Lachnospirales;f__Lachnospiraceae;g__Novisyntrophococcus;s__Novisyntrophococcus sp900539175"	"Group"	"PD"	"GroupPD"	0.368343807520719	0.213862347105435	0.714292202137598	0.833631414218281	0.982491330090909	0.833631414218281	0.982491330090909	NA	"abundance"	146	11
"d__Bacteria;p__Bacillota_A;c__Clostridia;o__Christensenellales;f__Aristaeellaceae;g__Ventricola;s__Ventricola gallistercoris"	"Group"	"PD"	"GroupPD"	0.528246618168749	0.213862347105435	1.375300064171	0.833836251227557	0.982491330090909	0.833836251227557	0.982491330090909	NA	"abundance"	146	5
"d__Bacteria;p__Bacillota_A;c__Clostridia;o__Christensenellales;f__CAG-138;g__PeH17;s__PeH17 sp000435055"	"Group"	"PD"	"GroupPD"	0.300207426702345	0.213862347105435	0.411472441427712	0.834802247454753	0.982491330090909	0.834802247454753	0.982491330090909	NA	"abundance"	146	52
"d__Bacteria;p__Bacteroidota;c__Bacteroidia;o__Bacteroidales;f__Bacteroidaceae;g__Bacteroides;s__Bacteroides uniformis"	"Group"	"PD"	"GroupPD"	0.264232996546544	0.213862347105435	0.240212287935973	0.834870006898152	0.982491330090909	0.834870006898152	0.982491330090909	NA	"abundance"	146	137
"d__Bacteria;p__Bacillota_A;c__Clostridia;o__Oscillospirales;f__CAG-272;g__QALR01;s__QALR01 sp900552255"	"Group"	"PD"	"GroupPD"	0.406294790117895	0.213862347105435	0.81394360396477	0.835113316759307	0.982491330090909	0.835113316759307	0.982491330090909	NA	"abundance"	146	4
"d__Bacteria;p__Bacteroidota;c__Bacteroidia;o__Bacteroidales;f__Coprobacteraceae;g__Coprobacter;s__Coprobacter secundus"	"Group"	"PD"	"GroupPD"	0.115570511687392	0.213862347105435	0.434749354530361	0.835775703604254	0.982491330090909	0.835775703604254	0.982491330090909	NA	"abundance"	146	5
"d__Bacteria;p__Bacillota_I;c__Bacilli_A;o__Erysipelotrichales;f__Erysipelotrichaceae;g__Clostridium_AQ;s__Clostridium_AQ sp000165065"	"Group"	"PD"	"GroupPD"	0.0547173615983494	0.213862347105435	0.69381276602775	0.83986284113349	0.982491330090909	0.83986284113349	0.982491330090909	NA	"abundance"	146	4
"d__Bacteria;p__Bacillota_A;c__Clostridia;o__Peptostreptococcales;f__Anaerovoracaceae;g__Hominibacterium;s__Hominibacterium faecale"	"Group"	"PD"	"GroupPD"	0.0989188605901377	0.213862347105435	0.546737274385503	0.840560885256223	0.982491330090909	0.840560885256223	0.982491330090909	NA	"abundance"	146	8
"d__Bacteria;p__Bacillota_A;c__Clostridia;o__Christensenellales;f__Borkfalkiaceae;g__UMGS621;s__UMGS621 sp900543915"	"Group"	"PD"	"GroupPD"	0.128084135067183	0.213862347105435	0.410787810200086	0.843054161906232	0.982491330090909	0.843054161906232	0.982491330090909	NA	"abundance"	146	7
"d__Bacteria;p__Bacillota_A;c__Clostridia;o__Lachnospirales;f__Lachnospiraceae;g__Blautia_A;s__Blautia_A sp003474435"	"Group"	"PD"	"GroupPD"	0.109602621671183	0.213862347105435	0.522698473316315	0.844463889419697	0.982491330090909	0.844463889419697	0.982491330090909	NA	"abundance"	146	18
"d__Bacteria;p__Bacillota_A;c__Clostridia;o__Oscillospirales;f__Ruminococcaceae;g__Negativibacillus;s__Negativibacillus massiliensis"	"Group"	"PD"	"GroupPD"	0.13283414857595	0.213862347105435	0.409279466852199	0.844918531709075	0.982491330090909	0.844918531709075	0.982491330090909	NA	"abundance"	146	25
"d__Bacteria;p__Bacillota_A;c__Clostridia;o__Lachnospirales;f__Lachnospiraceae;g__Blautia_A;s__Blautia_A fusiformis"	"Group"	"PD"	"GroupPD"	0.158920633216805	0.213862347105435	0.281389894822929	0.845993111598797	0.982491330090909	0.845993111598797	0.982491330090909	NA	"abundance"	146	122
"d__Bacteria;p__Bacillota_A;c__Clostridia;o__Oscillospirales;f__Butyricicoccaceae;g__Agathobaculum;s__Agathobaculum stercoravium"	"Group"	"PD"	"GroupPD"	0.346997956408344	0.213862347105435	0.544823814718378	0.84749480690527	0.982491330090909	0.84749480690527	0.982491330090909	NA	"abundance"	146	3
"d__Bacteria;p__Bacillota_A;c__Clostridia;o__Oscillospirales;f__Acutalibacteraceae;g__Hominenteromicrobium;s__Hominenteromicrobium mulieris"	"Group"	"PD"	"GroupPD"	0.25690915454812	0.213862347105435	0.22203871109437	0.847799534539758	0.982491330090909	0.847799534539758	0.982491330090909	NA	"abundance"	146	112
"d__Bacteria;p__Bacillota_A;c__Clostridia;o__Oscillospirales;f__Ruminococcaceae;g__Ruminococcus_C;s__Ruminococcus_C sp000980705"	"Group"	"PD"	"GroupPD"	0.081062635214656	0.213862347105435	0.690047851698484	0.850337583437922	0.982491330090909	0.850337583437922	0.982491330090909	NA	"abundance"	146	15
"d__Bacteria;p__Bacillota_A;c__Clostridia;o__Lachnospirales;f__Lachnospiraceae;g__Muricomes;s__Muricomes contortus_B"	"Group"	"PD"	"GroupPD"	0.127709721196042	0.213862347105435	0.35932878748903	0.850484556846214	0.982491330090909	0.850484556846214	0.982491330090909	NA	"abundance"	146	3
"d__Bacteria;p__Bacillota_A;c__Clostridia;o__Oscillospirales;f__Oscillospiraceae;g__Pelethomonas;s__Pelethomonas sp900549475"	"Group"	"PD"	"GroupPD"	0.278385531925888	0.213862347105435	0.329954547718642	0.850765201125921	0.982491330090909	0.850765201125921	0.982491330090909	NA	"abundance"	146	9
"d__Bacteria;p__Bacteroidota;c__Bacteroidia;o__Bacteroidales;f__Bacteroidaceae;g__Bacteroides;s__Bacteroides congonensis"	"Group"	"PD"	"GroupPD"	-0.00169395649263201	0.213862347105435	1.01712937582637	0.851882013677085	0.982491330090909	0.851882013677085	0.982491330090909	NA	"abundance"	146	4
"d__Bacteria;p__Bacillota_A;c__Clostridia;o__TANB77;f__CAG-508;g__Merdicola;s__Merdicola sp900552655"	"Group"	"PD"	"GroupPD"	0.0560593591923818	0.213862347105435	0.821284068834295	0.851910000002447	0.982491330090909	0.851910000002447	0.982491330090909	NA	"abundance"	146	11
"d__Bacteria;p__Bacillota_A;c__Clostridia;o__Lachnospirales;f__Lachnospiraceae;g__Mediterraneibacter;s__Mediterraneibacter hominis"	"Group"	"PD"	"GroupPD"	0.0849917407635393	0.213862347105435	0.609372694132272	0.852110830234436	0.982491330090909	0.852110830234436	0.982491330090909	NA	"abundance"	146	4
"d__Bacteria;p__Bacillota_A;c__Clostridia;o__Lachnospirales;f__Lachnospiraceae;g__Blautia_A;s__Blautia_A schinkii_B"	"Group"	"PD"	"GroupPD"	0.345023367266774	0.213862347105435	0.693794722621392	0.852332960574349	0.982491330090909	0.852332960574349	0.982491330090909	NA	"abundance"	146	19
"d__Bacteria;p__Bacillota_A;c__Clostridia;o__Clostridiales;f__Clostridiaceae;g__Clostridium;s__Clostridium sp000435835"	"Group"	"PD"	"GroupPD"	0.2523459007637	0.213862347105435	0.202633598398447	0.852520584111715	0.982491330090909	0.852520584111715	0.982491330090909	NA	"abundance"	146	21
"d__Bacteria;p__Bacillota_C;c__Negativicutes;o__Veillonellales;f__Veillonellaceae;g__Veillonella;s__Veillonella atypica"	"Group"	"PD"	"GroupPD"	0.345791180692767	0.213862347105435	0.677796942472725	0.85335974474089	0.982491330090909	0.85335974474089	0.982491330090909	NA	"abundance"	146	7
"d__Bacteria;p__Pseudomonadota;c__Gammaproteobacteria;o__Burkholderiales;f__Burkholderiaceae;g__Duodenibacillus;s__Duodenibacillus intestinavium"	"Group"	"PD"	"GroupPD"	-0.373205396993922	0.213862347105435	2.54415422025071	0.855613362364311	0.982491330090909	0.855613362364311	0.982491330090909	NA	"abundance"	146	3
"d__Bacteria;p__Actinomycetota;c__Actinomycetes;o__Actinomycetales;f__Actinomycetaceae;g__Pauljensenia;s__Pauljensenia sp905370305"	"Group"	"PD"	"GroupPD"	0.250374666511148	0.213862347105435	0.196117991568871	0.856852717099479	0.982491330090909	0.856852717099479	0.982491330090909	NA	"abundance"	146	13
"d__Bacteria;p__Bacillota_I;c__Bacilli_A;o__RF39;f__UBA660;g__CAG-302;s__CAG-302 sp000431795"	"Group"	"PD"	"GroupPD"	0.142111712278681	0.213862347105435	0.388421397007568	0.857079738161669	0.982491330090909	0.857079738161669	0.982491330090909	NA	"abundance"	146	13
"d__Bacteria;p__Bacillota_A;c__Clostridia;o__Lachnospirales;f__Anaerotignaceae;g__Metalachnospira;s__Metalachnospira sp900546215"	"Group"	"PD"	"GroupPD"	0.0586250754250401	0.213862347105435	0.682115302825722	0.857563586516038	0.982491330090909	0.857563586516038	0.982491330090909	NA	"abundance"	146	3
"d__Bacteria;p__Bacillota_A;c__Clostridia;o__Peptostreptococcales;f__Anaerovoracaceae;g__Lentihominibacter;s__Lentihominibacter sp934281605"	"Group"	"PD"	"GroupPD"	0.158224892430841	0.213862347105435	0.298881888053869	0.859919465632025	0.982491330090909	0.859919465632025	0.982491330090909	NA	"abundance"	146	7
"d__Bacteria;p__Synergistota;c__Synergistia;o__Synergistales;f__Synergistaceae;g__Cloacibacillus;s__Cloacibacillus porcorum"	"Group"	"PD"	"GroupPD"	0.306309579258964	0.213862347105435	0.504031659993906	0.860569965300248	0.982491330090909	0.860569965300248	0.982491330090909	NA	"abundance"	146	8
"d__Bacteria;p__Bacillota_A;c__Clostridia;o__Peptostreptococcales;f__Anaerovoracaceae;g__Fimisoma;s__Fimisoma sp900754795"	"Group"	"PD"	"GroupPD"	0.328661433346544	0.213862347105435	0.605586942190091	0.861826441537446	0.982491330090909	0.861826441537446	0.982491330090909	NA	"abundance"	146	5
"d__Bacteria;p__Bacillota_A;c__Clostridia;o__Oscillospirales;f__UMGS1783;g__UMGS1783;s__UMGS1783 sp900555065"	"Group"	"PD"	"GroupPD"	0.179838687697799	0.213862347105435	0.189907821613832	0.862307735977878	0.982491330090909	0.862307735977878	0.982491330090909	NA	"abundance"	146	13
"d__Bacteria;p__Bacillota_A;c__Clostridia;o__Oscillospirales;f__Oscillospiraceae;g__Instestinimonas_A;s__Instestinimonas_A celer"	"Group"	"PD"	"GroupPD"	0.192303042656897	0.213862347105435	0.106264759081437	0.862332833669466	0.982491330090909	0.862332833669466	0.982491330090909	NA	"abundance"	146	4
"d__Bacteria;p__Bacillota_I;c__Bacilli_A;o__RF39;f__UBA660;g__UMGS872;s__UMGS872 sp900546275"	"Group"	"PD"	"GroupPD"	0.100813246892035	0.213862347105435	0.582107359967656	0.86397166386535	0.982491330090909	0.86397166386535	0.982491330090909	NA	"abundance"	146	4
"d__Bacteria;p__Bacillota_A;c__Clostridia;o__Oscillospirales;f__Ruminococcaceae;g__Harryflintia;s__Harryflintia acetispora"	"Group"	"PD"	"GroupPD"	0.183621349845394	0.213862347105435	0.17457779834145	0.866039917642939	0.982491330090909	0.866039917642939	0.982491330090909	NA	"abundance"	146	18
"d__Bacteria;p__Bacillota_A;c__Clostridia;o__Christensenellales;f__Aristaeellaceae;g__UBA11524;s__UBA11524 sp000437595"	"Group"	"PD"	"GroupPD"	0.287291483400473	0.213862347105435	0.433381254609152	0.866138138811529	0.982491330090909	0.866138138811529	0.982491330090909	NA	"abundance"	146	56
"d__Bacteria;p__Bacillota_A;c__Clostridia;o__Lachnospirales;f__Lachnospiraceae;g__Coprococcus;s__Coprococcus ammoniilyticus"	"Group"	"PD"	"GroupPD"	-0.0311722384951795	0.213862347105435	1.43159997878959	0.866993676557932	0.982491330090909	0.866993676557932	0.982491330090909	NA	"abundance"	146	14
"d__Bacteria;p__Bacillota_A;c__Clostridia;o__Lachnospirales;f__Anaerotignaceae;g__Metalachnospira;s__Metalachnospira gallinarum"	"Group"	"PD"	"GroupPD"	0.0875635114783072	0.213862347105435	0.666168939458554	0.867133104732202	0.982491330090909	0.867133104732202	0.982491330090909	NA	"abundance"	146	4
"d__Bacteria;p__Bacillota_A;c__Clostridia;o__Peptostreptococcales;f__Anaerovoracaceae;g__Fimisoma;s__Fimisoma sp900540145"	"Group"	"PD"	"GroupPD"	0.255358664315053	0.213862347105435	0.243122543464855	0.870914833070265	0.982491330090909	0.870914833070265	0.982491330090909	NA	"abundance"	146	8
"d__Bacteria;p__Bacillota_A;c__Clostridia;o__Oscillospirales;f__Oscillospiraceae;g__Onthomonas;s__Onthomonas sp900752305"	"Group"	"PD"	"GroupPD"	0.276013696999039	0.213862347105435	0.358455726820253	0.871017370497268	0.982491330090909	0.871017370497268	0.982491330090909	NA	"abundance"	146	6
"d__Bacteria;p__Bacillota_A;c__Clostridia;o__Oscillospirales;f__Acutalibacteraceae;g__CAG-217;s__"	"Group"	"PD"	"GroupPD"	0.15201637150447	0.213862347105435	0.379423379535467	0.871504218744334	0.982491330090909	0.871504218744334	0.982491330090909	NA	"abundance"	146	44
"d__Bacteria;p__Bacillota_A;c__Clostridia;o__Oscillospirales;f__Butyricicoccaceae;g__Butyricicoccus_A;s__Butyricicoccus_A intestinisimiae"	"Group"	"PD"	"GroupPD"	0.130828724237867	0.213862347105435	0.504210653180094	0.872020577130684	0.982491330090909	0.872020577130684	0.982491330090909	NA	"abundance"	146	14
"d__Bacteria;p__Bacillota_A;c__Clostridia;o__Lachnospirales;f__Lachnospiraceae;g__Muricomes;s__Muricomes sp000509105"	"Group"	"PD"	"GroupPD"	0.285820418023238	0.213862347105435	0.438326933057659	0.873039354020641	0.982491330090909	0.873039354020641	0.982491330090909	NA	"abundance"	146	12
"d__Bacteria;p__Bacillota_A;c__Clostridia;o__Lachnospirales;f__Lachnospiraceae;g__Blautia_A;s__Blautia_A luti"	"Group"	"PD"	"GroupPD"	0.243731544769191	0.213862347105435	0.184308490751315	0.87356638978113	0.982491330090909	0.87356638978113	0.982491330090909	NA	"abundance"	146	37
"d__Bacteria;p__Bacillota_C;c__Negativicutes;o__Acidaminococcales;f__Acidaminococcaceae;g__Succiniclasticum;s__Succiniclasticum sp900544275"	"Group"	"PD"	"GroupPD"	0.531786647745074	0.213862347105435	1.58655447387187	0.874085899632484	0.982491330090909	0.874085899632484	0.982491330090909	NA	"abundance"	146	3
"d__Bacteria;p__Bacteroidota;c__Bacteroidia;o__Bacteroidales;f__Rikenellaceae;g__Alistipes_A;s__Alistipes_A indistinctus"	"Group"	"PD"	"GroupPD"	0.185554677330297	0.213862347105435	0.178165015519174	0.875574424142422	0.982491330090909	0.875574424142422	0.982491330090909	NA	"abundance"	146	51
"d__Bacteria;p__Bacillota_B;c__Peptococcia;o__Peptococcales;f__Peptococcaceae;g__UMGS1590;s__UMGS1590 sp900552455"	"Group"	"PD"	"GroupPD"	0.548934858319617	0.213862347105435	1.74084840704802	0.87892908076962	0.982491330090909	0.87892908076962	0.982491330090909	NA	"abundance"	146	3
"d__Bacteria;p__Bacillota_I;c__Bacilli_A;o__Erysipelotrichales;f__Erysipelotrichaceae;g__Amedibacillus;s__Amedibacillus dolichus"	"Group"	"PD"	"GroupPD"	-0.0354321970541277	0.213862347105435	1.58847478936129	0.879192725033349	0.982491330090909	0.879192725033349	0.982491330090909	NA	"abundance"	146	10
"d__Bacteria;p__Bacteroidota;c__Bacteroidia;o__Bacteroidales;f__Rikenellaceae;g__Alistipes;s__Alistipes timonensis"	"Group"	"PD"	"GroupPD"	0.148379619725807	0.213862347105435	0.418927401301716	0.879782016852552	0.982491330090909	0.879782016852552	0.982491330090909	NA	"abundance"	146	10
"d__Bacteria;p__Bacillota_A;c__Clostridia;o__Oscillospirales;f__Acutalibacteraceae;g__Eubacterium_R;s__Eubacterium_R sp000436835"	"Group"	"PD"	"GroupPD"	0.16585604166084	0.213862347105435	0.311805202055829	0.880517701596599	0.982491330090909	0.880517701596599	0.982491330090909	NA	"abundance"	146	14
"d__Bacteria;p__Bacillota_A;c__Clostridia;o__Lachnospirales;f__Anaerotignaceae;g__Neoanaerotignum_A;s__Neoanaerotignum_A sp944377425"	"Group"	"PD"	"GroupPD"	0.175108391233168	0.213862347105435	0.236137864271768	0.880690107520031	0.982491330090909	0.880690107520031	0.982491330090909	NA	"abundance"	146	5
"d__Bacteria;p__Bacillota_A;c__Clostridia;o__Oscillospirales;f__Oscillospiraceae;g__Dysosmobacter;s__Dysosmobacter segnis"	"Group"	"PD"	"GroupPD"	0.177783694050762	0.213862347105435	0.239149289716761	0.881128257049236	0.982491330090909	0.881128257049236	0.982491330090909	NA	"abundance"	146	77
"d__Bacteria;p__Bacteroidota;c__Bacteroidia;o__Bacteroidales;f__Rikenellaceae;g__Alistipes;s__Alistipes provencensis"	"Group"	"PD"	"GroupPD"	0.321890721332363	0.213862347105435	0.643732442807979	0.882141791349236	0.982491330090909	0.882141791349236	0.982491330090909	NA	"abundance"	146	4
"d__Bacteria;p__Bacillota_A;c__Clostridia;o__TANB77;f__CAG-508;g__CAG-492;s__CAG-492 sp900553225"	"Group"	"PD"	"GroupPD"	0.440997427400106	0.213862347105435	1.47157421301617	0.883375442541039	0.982491330090909	0.883375442541039	0.982491330090909	NA	"abundance"	146	7
"d__Bacteria;p__Bacillota_I;c__Bacilli_A;o__Erysipelotrichales;f__Coprobacillaceae;g__Allocoprobacillus;s__Allocoprobacillus merdigallinarum"	"Group"	"PD"	"GroupPD"	0.292409786794105	0.213862347105435	0.528389182888931	0.88413194662745	0.982491330090909	0.88413194662745	0.982491330090909	NA	"abundance"	146	15
"d__Bacteria;p__Bacillota_A;c__Clostridia;o__Lachnospirales;f__Lachnospiraceae;g__Anthropogastromicrobium;s__Anthropogastromicrobium sp905214365"	"Group"	"PD"	"GroupPD"	0.356358282776027	0.213862347105435	0.779131832628562	0.884820664631383	0.982491330090909	0.884820664631383	0.982491330090909	NA	"abundance"	146	3
"d__Bacteria;p__Bacillota_A;c__Clostridia;o__Oscillospirales;f__Acutalibacteraceae;g__CABQAC01;s__"	"Group"	"PD"	"GroupPD"	0.265938398734482	0.213862347105435	0.338816278668411	0.885505022282912	0.982491330090909	0.885505022282912	0.982491330090909	NA	"abundance"	146	6
"d__Bacteria;p__Bacillota_I;c__Bacilli_A;o__RF39;f__UBA660;g__UMGS1271;s__UMGS1271 sp900550255"	"Group"	"PD"	"GroupPD"	0.235772031047756	0.213862347105435	0.142396385069886	0.885782659655784	0.982491330090909	0.885782659655784	0.982491330090909	NA	"abundance"	146	7
"d__Bacteria;p__Bacillota_A;c__Clostridia;o__Christensenellales;f__UBA1750;g__Spyradocola;s__Spyradocola sp905193155"	"Group"	"PD"	"GroupPD"	0.335798383883395	0.213862347105435	0.798258683046544	0.885934499285641	0.982491330090909	0.885934499285641	0.982491330090909	NA	"abundance"	146	6
"d__Bacteria;p__Bacillota_A;c__Clostridia;o__Oscillospirales;f__Ruminococcaceae;g__UBA3818;s__UBA3818 sp900557155"	"Group"	"PD"	"GroupPD"	0.23333346416788	0.213862347105435	0.132614849035998	0.886364029757094	0.982491330090909	0.886364029757094	0.982491330090909	NA	"abundance"	146	37
"d__Bacteria;p__Bacillota_A;c__Clostridia;o__Lachnospirales;f__Lachnospiraceae;g__Butyribacter;s__Butyribacter sp000436755"	"Group"	"PD"	"GroupPD"	0.174293963344831	0.213862347105435	0.272230254322417	0.886780395592482	0.982491330090909	0.886780395592482	0.982491330090909	NA	"abundance"	146	17
"d__Bacteria;p__Bacillota_A;c__Clostridia;o__Peptostreptococcales;f__Peptostreptococcaceae;g__Terrisporobacter;s__Terrisporobacter sp900557165"	"Group"	"PD"	"GroupPD"	0.257590537831909	0.213862347105435	0.307348050121081	0.888382099273089	0.982491330090909	0.888382099273089	0.982491330090909	NA	"abundance"	146	26
"d__Bacteria;p__Bacillota_A;c__Clostridia;o__Oscillospirales;f__Ruminococcaceae;g__FB2012;s__FB2012 sp900752625"	"Group"	"PD"	"GroupPD"	-0.491424494197101	0.213862347105435	3.99318536985768	0.888697102858225	0.982491330090909	0.888697102858225	0.982491330090909	NA	"abundance"	146	3
"d__Bacteria;p__Bacillota_A;c__Clostridia;o__Lachnospirales;f__Lachnospiraceae;g__Brotaphodocola;s__"	"Group"	"PD"	"GroupPD"	0.125845745026778	0.213862347105435	0.622609490897401	0.889379406650921	0.982491330090909	0.889379406650921	0.982491330090909	NA	"abundance"	146	18
"d__Bacteria;p__Bacillota_A;c__Clostridia;o__Oscillospirales;f__Oscillospiraceae;g__Lawsonibacter;s__Lawsonibacter faecis"	"Group"	"PD"	"GroupPD"	0.139142854759224	0.213862347105435	0.513564479277813	0.893551697780903	0.985133402995258	0.893551697780903	0.985133402995258	NA	"abundance"	146	5
"d__Bacteria;p__Bacillota_I;c__Bacilli_A;o__RF39;f__UBA660;g__Scybalousia;s__Scybalousia sp900543675"	"Group"	"PD"	"GroupPD"	0.470437993178186	0.213862347105435	1.73462571977137	0.895954901233044	0.985133402995258	0.895954901233044	0.985133402995258	NA	"abundance"	146	4
"d__Bacteria;p__Bacillota_A;c__Clostridia;o__Christensenellales;f__Aristaeellaceae;g__JAJDGF01;s__"	"Group"	"PD"	"GroupPD"	0.182985841035434	0.213862347105435	0.223059346953158	0.896038443375454	0.985133402995258	0.896038443375454	0.985133402995258	NA	"abundance"	146	7
"d__Bacteria;p__Verrucomicrobiota;c__Verrucomicrobiae;o__Verrucomicrobiales;f__Akkermansiaceae;g__Akkermansia;s__Akkermansia biwaensis"	"Group"	"PD"	"GroupPD"	0.340830409169057	0.213862347105435	0.958275691959631	0.896063607299609	0.985133402995258	0.896063607299609	0.985133402995258	NA	"abundance"	146	20
"d__Bacteria;p__Bacillota_A;c__Clostridia;o__Christensenellales;f__QAND01;g__QAND01;s__QAND01 sp003150225"	"Group"	"PD"	"GroupPD"	0.188583133717624	0.213862347105435	0.194322195867115	0.898473799564077	0.985770199842269	0.898473799564077	0.985770199842269	NA	"abundance"	146	25
"d__Bacteria;p__Bacillota_A;c__Clostridia;o__Oscillospirales;f__Butyricicoccaceae;g__Butyricicoccus;s__Butyricicoccus sp900604335"	"Group"	"PD"	"GroupPD"	0.141707280733359	0.213862347105435	0.511143870686988	0.900737257702995	0.985770199842269	0.900737257702995	0.985770199842269	NA	"abundance"	146	4
"d__Bacteria;p__Bacillota_C;c__Negativicutes;o__Veillonellales;f__Dialisteraceae;g__Dialister;s__Dialister invisus"	"Group"	"PD"	"GroupPD"	0.269170032491356	0.213862347105435	0.440494343346737	0.900776801003548	0.985770199842269	0.900776801003548	0.985770199842269	NA	"abundance"	146	43
"d__Bacteria;p__Bacteroidota;c__Bacteroidia;o__Bacteroidales;f__Muribaculaceae;g__Paramuribaculum;s__Paramuribaculum sp000431155"	"Group"	"PD"	"GroupPD"	0.379046452382372	0.213862347105435	1.06662454109685	0.902175466767218	0.985770199842269	0.902175466767218	0.985770199842269	NA	"abundance"	146	3
"d__Bacteria;p__Bacillota_A;c__Clostridia;o__Oscillospirales;f__Oscillospiraceae;g__Faecousia;s__Faecousia sp000434635"	"Group"	"PD"	"GroupPD"	0.246364366709346	0.213862347105435	0.263950641431185	0.902957804341443	0.985770199842269	0.902957804341443	0.985770199842269	NA	"abundance"	146	51
"d__Bacteria;p__Bacillota_A;c__Clostridia;o__Oscillospirales;f__Ruminococcaceae;g__Gemmiger;s__Gemmiger stercorigallinarum"	"Group"	"PD"	"GroupPD"	0.0304181634124695	0.213862347105435	1.2350913245878	0.906125554231494	0.985770199842269	0.906125554231494	0.985770199842269	NA	"abundance"	146	3
"d__Bacteria;p__Bacillota_A;c__Clostridia;o__Oscillospirales;f__Oscillospiraceae;g__Hominicoprocola;s__Hominicoprocola sp003522105"	"Group"	"PD"	"GroupPD"	0.27561541923622	0.213862347105435	0.514875370302812	0.90623800519753	0.985770199842269	0.90623800519753	0.985770199842269	NA	"abundance"	146	16
"d__Bacteria;p__Bacillota_A;c__Clostridia;o__Lachnospirales;f__Lachnospiraceae;g__Bariatricus;s__Bariatricus massiliensis"	"Group"	"PD"	"GroupPD"	0.291169961738471	0.213862347105435	0.52211327773738	0.906487574955299	0.985770199842269	0.906487574955299	0.985770199842269	NA	"abundance"	146	3
"d__Bacteria;p__Bacillota_A;c__Clostridia;o__Lachnospirales;f__Lachnospiraceae;g__Anaerobutyricum;s__Anaerobutyricum stercoripullorum"	"Group"	"PD"	"GroupPD"	0.172569168739798	0.213862347105435	0.280741290468458	0.907314702808437	0.985770199842269	0.907314702808437	0.985770199842269	NA	"abundance"	146	3
"d__Bacteria;p__Pseudomonadota;c__Gammaproteobacteria;o__Burkholderiales;f__Burkholderiaceae;g__Oxalobacter;s__Oxalobacter formigenes"	"Group"	"PD"	"GroupPD"	0.188305578006959	0.213862347105435	0.209237106477166	0.907381066303613	0.985770199842269	0.907381066303613	0.985770199842269	NA	"abundance"	146	8
"d__Bacteria;p__Bacillota_A;c__Clostridia;o__Oscillospirales;f__Oscillospiraceae;g__CAG-170;s__CAG-170 sp900545925"	"Group"	"PD"	"GroupPD"	0.240474922424693	0.213862347105435	0.232577931244013	0.91031510652973	0.986176893644761	0.91031510652973	0.986176893644761	NA	"abundance"	146	26
"d__Bacteria;p__Bacillota_A;c__Clostridia;o__Oscillospirales;f__Oscillospiraceae;g__Faecousia;s__Faecousia sp003525905"	"Group"	"PD"	"GroupPD"	0.189978055252929	0.213862347105435	0.223430337234403	0.91563714530926	0.986176893644761	0.91563714530926	0.986176893644761	NA	"abundance"	146	85
"d__Bacteria;p__Bacillota_A;c__Clostridia;o__Lachnospirales;f__Lachnospiraceae;g__Eubacterium_I;s__Eubacterium_I ramulus_A"	"Group"	"PD"	"GroupPD"	0.180840958066735	0.213862347105435	0.313104638664679	0.917432815844146	0.986176893644761	0.917432815844146	0.986176893644761	NA	"abundance"	146	19
"d__Bacteria;p__Bacillota_A;c__Clostridia;o__Lachnospirales;f__Lachnospiraceae;g__Clostridium_AP;s__Clostridium_AP scindens"	"Group"	"PD"	"GroupPD"	0.260758319178306	0.213862347105435	0.447797476165678	0.917482802869207	0.986176893644761	0.917482802869207	0.986176893644761	NA	"abundance"	146	27
"d__Bacteria;p__Bacteroidota;c__Bacteroidia;o__Bacteroidales;f__Bacteroidaceae;g__Bacteroides;s__Bacteroides hominis"	"Group"	"PD"	"GroupPD"	0.755862941808109	0.213862347105435	4.16029196755315	0.917516804397356	0.986176893644761	0.917516804397356	0.986176893644761	NA	"abundance"	146	3
"d__Bacteria;p__Bacillota_A;c__Clostridia;o__Oscillospirales;f__Oscillospiraceae;g__Lawsonibacter_A;s__Lawsonibacter_A hominis"	"Group"	"PD"	"GroupPD"	0.238448042654182	0.213862347105435	0.236445145990643	0.918277266396447	0.986176893644761	0.918277266396447	0.986176893644761	NA	"abundance"	146	31
"d__Bacteria;p__Bacillota_A;c__Clostridia;o__Lachnospirales;f__Lachnospiraceae;g__Scatomonas;s__Scatomonas merdavium"	"Group"	"PD"	"GroupPD"	0.248336813501159	0.213862347105435	0.331598893646886	0.918569324253653	0.986176893644761	0.918569324253653	0.986176893644761	NA	"abundance"	146	19
"d__Bacteria;p__Bacillota_A;c__Clostridia;o__Lachnospirales;f__Lachnospiraceae;g__Eubacterium_G;s__Eubacterium_G sp900548465"	"Group"	"PD"	"GroupPD"	0.367016021018459	0.213862347105435	1.34658265065369	0.919826944717122	0.986176893644761	0.919826944717122	0.986176893644761	NA	"abundance"	146	4
"d__Bacteria;p__Bacillota_A;c__Clostridia;o__Lachnospirales;f__Lachnospiraceae;g__Lachnoclostridium_B;s__Lachnoclostridium_B faecipullorum"	"Group"	"PD"	"GroupPD"	0.0361482352589173	0.213862347105435	1.68460392123636	0.920108930091472	0.986176893644761	0.920108930091472	0.986176893644761	NA	"abundance"	146	7
"d__Bacteria;p__Bacillota_A;c__Clostridia;o__Oscillospirales;f__Oscillospiraceae;g__Scatomorpha;s__Scatomorpha stercorigallinarum"	"Group"	"PD"	"GroupPD"	0.266201433089898	0.213862347105435	0.488633206187207	0.9214900633868	0.986176893644761	0.9214900633868	0.986176893644761	NA	"abundance"	146	5
"d__Bacteria;p__Bacteroidota;c__Bacteroidia;o__Bacteroidales;f__Rikenellaceae;g__Alistipes_A;s__Alistipes_A hominis"	"Group"	"PD"	"GroupPD"	0.193011026373039	0.213862347105435	0.211106124148241	0.922386926016533	0.986176893644761	0.922386926016533	0.986176893644761	NA	"abundance"	146	36
"d__Bacteria;p__Bacillota_A;c__Clostridia;o__Lachnospirales;f__Anaerotignaceae;g__Anaerotignum;s__Anaerotignum lactatifermentans"	"Group"	"PD"	"GroupPD"	0.273833622539209	0.213862347105435	0.607192571112563	0.924551081754306	0.986176893644761	0.924551081754306	0.986176893644761	NA	"abundance"	146	8
"d__Bacteria;p__Bacillota_A;c__Clostridia;o__Christensenellales;f__Christensenellaceae;g__Christensenella;s__Christensenella massiliensis"	"Group"	"PD"	"GroupPD"	0.250566174437299	0.213862347105435	0.36829979618768	0.924607536959104	0.986176893644761	0.924607536959104	0.986176893644761	NA	"abundance"	146	7
"d__Archaea;p__Methanobacteriota;c__Methanobacteria;o__Methanobacteriales;f__Methanobacteriaceae;g__Methanobrevibacter_A;s__Methanobrevibacter_A smithii_A"	"Group"	"PD"	"GroupPD"	0.384770846951595	0.213862347105435	1.60426393546787	0.924859044560961	0.986176893644761	0.924859044560961	0.986176893644761	NA	"abundance"	146	4
"d__Bacteria;p__Bacillota_A;c__Clostridia;o__Lachnospirales;f__Anaerotignaceae;g__Anaerotignum;s__Anaerotignum sp001304995"	"Group"	"PD"	"GroupPD"	0.13296916680325	0.213862347105435	0.831639814548399	0.92488713400256	0.986176893644761	0.92488713400256	0.986176893644761	NA	"abundance"	146	10
"d__Bacteria;p__Bacteroidota;c__Bacteroidia;o__Bacteroidales;f__Bacteroidaceae;g__Bacteroides;s__Bacteroides sp900557355"	"Group"	"PD"	"GroupPD"	0.272097281797245	0.213862347105435	0.610572563343343	0.924943687830217	0.986176893644761	0.924943687830217	0.986176893644761	NA	"abundance"	146	23
"d__Bacteria;p__Bacillota_A;c__Clostridia;o__Oscillospirales;f__Ruminococcaceae;g__Fimivivens;s__Fimivivens sp900113995"	"Group"	"PD"	"GroupPD"	0.18034843627044	0.213862347105435	0.367944988258637	0.929791276898638	0.989617809403422	0.929791276898638	0.989617809403422	NA	"abundance"	146	10
"d__Bacteria;p__Bacillota_A;c__Clostridia;o__Oscillospirales;f__Oscillospiraceae;g__Enterenecus;s__Enterenecus sp905210385"	"Group"	"PD"	"GroupPD"	0.363281882840639	0.213862347105435	1.56041470614812	0.932435901908828	0.989617809403422	0.932435901908828	0.989617809403422	NA	"abundance"	146	4
"d__Bacteria;p__Bacillota_A;c__Clostridia;o__Oscillospirales;f__Oscillospiraceae;g__Pelethomonas;s__Pelethomonas sp944387775"	"Group"	"PD"	"GroupPD"	0.160080987831511	0.213862347105435	0.596175206502772	0.932474123919502	0.989617809403422	0.932474123919502	0.989617809403422	NA	"abundance"	146	6
"d__Bacteria;p__Bacillota_A;c__Clostridia;o__Lachnospirales;f__Lachnospiraceae;g__Suilimivivens;s__Suilimivivens sp000438155"	"Group"	"PD"	"GroupPD"	0.201822370941449	0.213862347105435	0.142080573029334	0.935490699933772	0.989617809403422	0.935490699933772	0.989617809403422	NA	"abundance"	146	11
"d__Bacteria;p__Bacillota_A;c__Clostridia;o__Lachnospirales;f__Anaerotignaceae;g__Metalachnospira;s__Metalachnospira sp900553995"	"Group"	"PD"	"GroupPD"	0.248019608298057	0.213862347105435	0.339160107492816	0.936200723409616	0.989617809403422	0.936200723409616	0.989617809403422	NA	"abundance"	146	3
"d__Bacteria;p__Bacillota_A;c__Clostridia;o__Lachnospirales;f__Lachnospiraceae;g__Mediterraneibacter;s__Mediterraneibacter sp934330165"	"Group"	"PD"	"GroupPD"	0.19244500430839	0.213862347105435	0.268767950012997	0.937096042670289	0.989617809403422	0.937096042670289	0.989617809403422	NA	"abundance"	146	49
"d__Bacteria;p__Bacteroidota;c__Bacteroidia;o__Bacteroidales;f__UBA932;g__Cryptobacteroides;s__Cryptobacteroides sp000433355"	"Group"	"PD"	"GroupPD"	0.113198594572266	0.213862347105435	1.02137127607348	0.93744803138441	0.989617809403422	0.93744803138441	0.989617809403422	NA	"abundance"	146	3
"d__Bacteria;p__Bacillota_A;c__Clostridia;o__Lachnospirales;f__Lachnospiraceae;g__Limivivens;s__Limivivens intestinipullorum"	"Group"	"PD"	"GroupPD"	0.327793952320769	0.213862347105435	1.16104524165823	0.937706804650527	0.989617809403422	0.937706804650527	0.989617809403422	NA	"abundance"	146	3
"d__Bacteria;p__Bacillota_A;c__Clostridia;o__Lachnospirales;f__Lachnospiraceae;g__Otoolea;s__Otoolea sp000435655"	"Group"	"PD"	"GroupPD"	0.25168787032403	0.213862347105435	0.461200142480483	0.937873087343112	0.989617809403422	0.937873087343112	0.989617809403422	NA	"abundance"	146	7
"d__Bacteria;p__Bacillota_G;c__DTU025;o__DTUO25;f__HGM14224;g__HGM14224;s__HGM14224 sp900761905"	"Group"	"PD"	"GroupPD"	0.199095803203394	0.213862347105435	0.198265999168561	0.942006315499134	0.992837884762577	0.942006315499134	0.992837884762577	NA	"abundance"	146	19
"d__Bacteria;p__Bacillota_A;c__Clostridia;o__Lachnospirales;f__Lachnospiraceae;g__Acetatifactor;s__Acetatifactor sp900755865"	"Group"	"PD"	"GroupPD"	0.248324805129528	0.213862347105435	0.477295825386579	0.947021082926854	0.995305725576686	0.947021082926854	0.995305725576686	NA	"abundance"	146	5
"d__Bacteria;p__Bacillota_A;c__Clostridia;o__Lachnospirales;f__Lachnospiraceae;g__Hominisplanchenecus;s__Hominisplanchenecus sp900551235"	"Group"	"PD"	"GroupPD"	0.297507780412187	0.213862347105435	1.16210299629882	0.947140697745772	0.995305725576686	0.947140697745772	0.995305725576686	NA	"abundance"	146	5
"d__Bacteria;p__Actinomycetota;c__Actinomycetes;o__Actinomycetales;f__Micrococcaceae;g__Rothia;s__Rothia mucilaginosa_A"	"Group"	"PD"	"GroupPD"	0.203775350522226	0.213862347105435	0.119509923491174	0.947600440254928	0.995305725576686	0.947600440254928	0.995305725576686	NA	"abundance"	146	3
"d__Bacteria;p__Bacillota_A;c__Clostridia;o__Oscillospirales;f__Oscillospiraceae;g__CAG-170;s__CAG-170 sp000436735"	"Group"	"PD"	"GroupPD"	0.251582605373126	0.213862347105435	0.580968305020006	0.951383051006282	0.998109383414909	0.951383051006282	0.998109383414909	NA	"abundance"	146	6
"d__Archaea;p__Methanobacteriota;c__Methanobacteria;o__Methanobacteriales;f__Methanobacteriaceae;g__Methanobrevibacter_A;s__Methanobrevibacter_A smithii"	"Group"	"PD"	"GroupPD"	0.233961277121562	0.213862347105435	0.348625488305315	0.954293509443669	0.998109383414909	0.954293509443669	0.998109383414909	NA	"abundance"	146	55
"d__Bacteria;p__Bacillota_A;c__Clostridia;o__Lachnospirales;f__Bianqueaceae;g__Bianquea;s__Bianquea sp019423265"	"Group"	"PD"	"GroupPD"	0.284269158484976	0.213862347105435	1.09720233447292	0.954663568334393	0.998109383414909	0.954663568334393	0.998109383414909	NA	"abundance"	146	4
"d__Bacteria;p__Bacillota_A;c__Clostridia;o__Oscillospirales;f__Oscillospiraceae;g__UMGS1766;s__"	"Group"	"PD"	"GroupPD"	0.234524519961365	0.213862347105435	0.362313845349321	0.9564354924248	0.998109383414909	0.9564354924248	0.998109383414909	NA	"abundance"	146	8
"d__Bacteria;p__Bacillota_A;c__Clostridia;o__Oscillospirales;f__Acutalibacteraceae;g__Avimonas_A;s__Avimonas_A sp022800315"	"Group"	"PD"	"GroupPD"	0.19931235214606	0.213862347105435	0.235264801626782	0.95650178351185	0.998109383414909	0.95650178351185	0.998109383414909	NA	"abundance"	146	4
"d__Bacteria;p__Bacillota_A;c__Clostridia;o__Oscillospirales;f__Oscillospiraceae;g__Pseudoflavonifractor;s__Pseudoflavonifractor sp902362925"	"Group"	"PD"	"GroupPD"	0.195930523378594	0.213862347105435	0.262680063906439	0.956793308720174	0.998109383414909	0.956793308720174	0.998109383414909	NA	"abundance"	146	3
"d__Bacteria;p__Bacteroidota;c__Bacteroidia;o__Bacteroidales;f__Bacteroidaceae;g__Prevotella;s__Prevotella sp003447235"	"Group"	"PD"	"GroupPD"	0.183613875666092	0.213862347105435	0.599336140504676	0.960859600255423	0.998737704936653	0.960859600255423	0.998737704936653	NA	"abundance"	146	11
"d__Bacteria;p__Bacillota_A;c__Clostridia;o__UBA1212;f__UBA1255;g__Egerieisoma;s__Egerieisoma sp900543695"	"Group"	"PD"	"GroupPD"	0.226951676475718	0.213862347105435	0.255274493365387	0.960965357739001	0.998737704936653	0.960965357739001	0.998737704936653	NA	"abundance"	146	8
"d__Bacteria;p__Bacillota_A;c__Clostridia;o__Oscillospirales;f__Ruminococcaceae;g__Faecivivens;s__Faecivivens stercoripullorum"	"Group"	"PD"	"GroupPD"	0.229997001362362	0.213862347105435	0.299191454255813	0.962003930854953	0.998737704936653	0.962003930854953	0.998737704936653	NA	"abundance"	146	4
"d__Bacteria;p__Bacillota_A;c__Clostridia;o__Lachnospirales;f__Lachnospiraceae;g__CAG-882;s__CAG-882 sp003486385"	"Group"	"PD"	"GroupPD"	0.26475075027438	0.213862347105435	1.09354927804815	0.965805169306617	0.998737704936653	0.965805169306617	0.998737704936653	NA	"abundance"	146	5
"d__Bacteria;p__Bacillota_A;c__Clostridia;o__Oscillospirales;f__Oscillospiraceae;g__CAG-170;s__CAG-170 sp000432135"	"Group"	"PD"	"GroupPD"	0.202584618708143	0.213862347105435	0.265178517094674	0.966298506386122	0.998737704936653	0.966298506386122	0.998737704936653	NA	"abundance"	146	68
"d__Bacteria;p__Bacillota_A;c__Clostridia;o__Lachnospirales;f__Lachnospiraceae;g__Blautia_A;s__Blautia_A sp900763175"	"Group"	"PD"	"GroupPD"	0.229732529449818	0.213862347105435	0.376428022153684	0.967251805570529	0.998737704936653	0.967251805570529	0.998737704936653	NA	"abundance"	146	12
"d__Bacteria;p__Bacillota_A;c__Clostridia;o__Christensenellales;f__Aristaeellaceae;g__Egerieenecus;s__Egerieenecus sp900553315"	"Group"	"PD"	"GroupPD"	0.223271779509635	0.213862347105435	0.229179135529801	0.967902000986297	0.998737704936653	0.967902000986297	0.998737704936653	NA	"abundance"	146	18
"d__Bacteria;p__Bacillota;c__Bacilli;o__MOL361;f__Turicibacteraceae;g__Turicibacter;s__Turicibacter bilis"	"Group"	"PD"	"GroupPD"	0.205882747897905	0.213862347105435	0.205445945489233	0.969510562090237	0.998737704936653	0.969510562090237	0.998737704936653	NA	"abundance"	146	33
"d__Bacteria;p__Cyanobacteriota;c__Vampirovibrionia;o__Gastranaerophilales;f__Gastranaerophilaceae;g__Limenecus;s__Limenecus avicola"	"Group"	"PD"	"GroupPD"	0.234234410226009	0.213862347105435	0.535875258316343	0.970429770322612	0.998737704936653	0.970429770322612	0.998737704936653	NA	"abundance"	146	12
"d__Bacteria;p__Bacillota_A;c__Clostridia;o__Lachnospirales;f__Lachnospiraceae;g__Mediterraneibacter;s__Mediterraneibacter sp934309415"	"Group"	"PD"	"GroupPD"	0.074891786879565	0.213862347105435	3.10748285724607	0.971550064187523	0.998737704936653	0.971550064187523	0.998737704936653	NA	"abundance"	146	3
"d__Bacteria;p__Bacillota_A;c__Clostridia;o__Lachnospirales;f__Lachnospiraceae;g__Eubacterium_I;s__Eubacterium_I ramulus"	"Group"	"PD"	"GroupPD"	0.219800260223166	0.213862347105435	0.169882067285793	0.972571757694487	0.998737704936653	0.972571757694487	0.998737704936653	NA	"abundance"	146	77
"d__Bacteria;p__Bacillota_A;c__Clostridia;o__Oscillospirales;f__CAG-272;g__CAG-272;s__CAG-272 sp000433515"	"Group"	"PD"	"GroupPD"	0.189121601741794	0.213862347105435	0.58505082184844	0.973108615747524	0.998737704936653	0.973108615747524	0.998737704936653	NA	"abundance"	146	3
"d__Bacteria;p__Bacillota_A;c__Clostridia;o__Oscillospirales;f__Oscillospiraceae;g__UMGS1202;s__UMGS1202 sp900549565"	"Group"	"PD"	"GroupPD"	0.24378653803805	0.213862347105435	0.821047702114776	0.973205054576823	0.998737704936653	0.973205054576823	0.998737704936653	NA	"abundance"	146	5
"d__Bacteria;p__Bacillota_A;c__Clostridia;o__Lachnospirales;f__Lachnospiraceae;g__Lachnospira;s__Lachnospira eligens"	"Group"	"PD"	"GroupPD"	0.220167337096241	0.213862347105435	0.22461285529744	0.97778195664674	0.998737704936653	0.97778195664674	0.998737704936653	NA	"abundance"	146	90
"d__Bacteria;p__Bacillota_A;c__Clostridia;o__Clostridiales;f__Clostridiaceae;g__Clostridium;s__Clostridium sp900540255"	"Group"	"PD"	"GroupPD"	0.232597946109855	0.213862347105435	0.677821660695088	0.978267658954754	0.998737704936653	0.978267658954754	0.998737704936653	NA	"abundance"	146	19
"d__Bacteria;p__Bacillota_A;c__Clostridia;o__Lachnospirales;f__Lachnospiraceae;g__Massilistercora;s__Massilistercora sp902406105"	"Group"	"PD"	"GroupPD"	0.206975198619226	0.213862347105435	0.255818674304239	0.979007540757563	0.998737704936653	0.979007540757563	0.998737704936653	NA	"abundance"	146	15
"d__Bacteria;p__Bacillota_A;c__Clostridia;o__Oscillospirales;f__Ruminococcaceae;g__Pygmaiobacter;s__Pygmaiobacter hominis"	"Group"	"PD"	"GroupPD"	0.222022980295345	0.213862347105435	0.302585386223638	0.979586063826164	0.998737704936653	0.979586063826164	0.998737704936653	NA	"abundance"	146	7
"d__Bacteria;p__Bacillota_A;c__Clostridia;o__Oscillospirales;f__Oscillospiraceae;g__CAG-170;s__CAG-170 sp934613505"	"Group"	"PD"	"GroupPD"	0.207559115771447	0.213862347105435	0.243934724023633	0.980310855770759	0.998737704936653	0.980310855770759	0.998737704936653	NA	"abundance"	146	8
"d__Bacteria;p__Bacillota_A;c__Clostridia;o__HGM11327;f__HGM11327;g__HGM11327;s__HGM11327 sp900759935"	"Group"	"PD"	"GroupPD"	0.227390018618602	0.213862347105435	0.461089116876517	0.981336829947551	0.998737704936653	0.981336829947551	0.998737704936653	NA	"abundance"	146	3
"d__Bacteria;p__Bacillota_A;c__Clostridia;o__Christensenellales;f__Aristaeellaceae;g__Limiplasma;s__Limiplasma sp934621505"	"Group"	"PD"	"GroupPD"	0.220171707716335	0.213862347105435	0.241320340381688	0.981602239868202	0.998737704936653	0.981602239868202	0.998737704936653	NA	"abundance"	146	4
"d__Bacteria;p__Bacillota_A;c__Clostridia;o__TANB77;f__CAG-508;g__CAG-269;s__CAG-269 sp900551615"	"Group"	"PD"	"GroupPD"	0.210452190280034	0.213862347105435	0.152189218571789	0.983793243355265	0.998737704936653	0.983793243355265	0.998737704936653	NA	"abundance"	146	5
"d__Bacteria;p__Bacillota_A;c__Clostridia;o__Oscillospirales;f__Oscillospiraceae;g__Enterenecus;s__Enterenecus sp900549885"	"Group"	"PD"	"GroupPD"	0.210487328345562	0.213862347105435	0.163487570213115	0.983882284963085	0.998737704936653	0.983882284963085	0.998737704936653	NA	"abundance"	146	34
"d__Bacteria;p__Bacillota_A;c__Clostridia;o__Oscillospirales;f__Oscillospiraceae;g__Faecousia;s__Faecousia sp958436045"	"Group"	"PD"	"GroupPD"	0.211264867050778	0.213862347105435	0.132315406113493	0.984791457543846	0.998737704936653	0.984791457543846	0.998737704936653	NA	"abundance"	146	30
"d__Bacteria;p__Pseudomonadota;c__Alphaproteobacteria;o__RF32;f__CAG-239;g__CAZU01;s__CAZU01 sp000432275"	"Group"	"PD"	"GroupPD"	0.208960066978192	0.213862347105435	0.260203171639214	0.985933234029201	0.998737704936653	0.985933234029201	0.998737704936653	NA	"abundance"	146	6
"d__Bacteria;p__Bacillota_A;c__Clostridia;o__Oscillospirales;f__Oscillospiraceae;g__Dysosmobacter;s__Dysosmobacter sp944387035"	"Group"	"PD"	"GroupPD"	0.21770205637992	0.213862347105435	0.213507945154858	0.986082673298381	0.998737704936653	0.986082673298381	0.998737704936653	NA	"abundance"	146	13
"d__Bacteria;p__Bacillota_A;c__Clostridia;o__Oscillospirales;f__CAG-272;g__Avispirillum;s__Avispirillum sp900555345"	"Group"	"PD"	"GroupPD"	0.20814431006923	0.213862347105435	0.298653095821327	0.98649683200929	0.998737704936653	0.98649683200929	0.998737704936653	NA	"abundance"	146	4
"d__Bacteria;p__Bacillota_A;c__Clostridia;o__Lachnospirales;f__Lachnospiraceae;g__Brotonthovivens;s__Brotonthovivens sp900557275"	"Group"	"PD"	"GroupPD"	0.219705106536433	0.213862347105435	0.339120491634416	0.986770259670528	0.998737704936653	0.986770259670528	0.998737704936653	NA	"abundance"	146	9
"d__Bacteria;p__Bacillota_A;c__Clostridia;o__Christensenellales;f__Aristaeellaceae;g__Egerieenecus;s__Egerieenecus merdigallinarum"	"Group"	"PD"	"GroupPD"	0.217838123382124	0.213862347105435	0.2587077197815	0.987884190993104	0.998763972832235	0.987884190993104	0.998763972832235	NA	"abundance"	146	37
"d__Bacteria;p__Actinomycetota;c__Coriobacteriia;o__Coriobacteriales;f__Eggerthellaceae;g__Gordonibacter;s__Gordonibacter urolithinfaciens"	"Group"	"PD"	"GroupPD"	0.216051001403941	0.213862347105435	0.189085016438829	0.99098860132436	0.999398427934921	0.99098860132436	0.999398427934921	NA	"abundance"	146	20
"d__Bacteria;p__Bacillota_I;c__Bacilli_A;o__Erysipelotrichales;f__Coprobacillaceae;g__Thomasclavelia;s__Thomasclavelia saccharogumia"	"Group"	"PD"	"GroupPD"	0.214836610920212	0.213862347105435	0.0670648369959071	0.991482532006798	0.999398427934921	0.991482532006798	0.999398427934921	NA	"abundance"	146	3
"d__Bacteria;p__Bacillota_A;c__Clostridia;o__Lachnospirales;f__Lachnospiraceae;g__Lientehia;s__Lientehia caecorum"	"Group"	"PD"	"GroupPD"	0.216201834353947	0.213862347105435	0.278032740357967	0.994077893540179	0.999398427934921	0.994077893540179	0.999398427934921	NA	"abundance"	146	4
"d__Bacteria;p__Bacillota_A;c__Clostridia;o__Lachnospirales;f__Lachnospiraceae;g__Mediterraneibacter;s__Mediterraneibacter torques"	"Group"	"PD"	"GroupPD"	0.212433360694257	0.213862347105435	0.240404713118211	0.995295815637813	0.999398427934921	0.995295815637813	0.999398427934921	NA	"abundance"	146	113
"d__Bacteria;p__Bacillota_I;c__Bacilli_A;o__Erysipelotrichales;f__Coprobacillaceae;g__Coprobacillus;s__Coprobacillus cateniformis"	"Group"	"PD"	"GroupPD"	0.216079049411839	0.213862347105435	0.403943586819651	0.995709319446688	0.999398427934921	0.995709319446688	0.999398427934921	NA	"abundance"	146	15
"d__Bacteria;p__Bacillota_A;c__Clostridia;o__Lachnospirales;f__Lachnospiraceae;g__CAJJNI01;s__CAJJNI01 sp905193085"	"Group"	"PD"	"GroupPD"	0.213212095202171	0.213862347105435	0.262049161489171	0.998063234825804	0.999398427934921	0.998063234825804	0.999398427934921	NA	"abundance"	146	16
"d__Bacteria;p__Bacillota_A;c__Clostridia;o__Lachnospirales;f__Lachnospiraceae;g__Laedolimicola;s__Laedolimicola sp934373375"	"Group"	"PD"	"GroupPD"	0.214512599008698	0.213862347105435	0.298249289153467	0.998325284467308	0.999398427934921	0.998325284467308	0.999398427934921	NA	"abundance"	146	9
"d__Bacteria;p__Bacteroidota;c__Bacteroidia;o__Bacteroidales;f__Bacteroidaceae;g__Prevotella;s__Prevotella stercorea"	"Group"	"PD"	"GroupPD"	0.209769905317109	0.213862347105435	2.57889432685191	0.998989535893636	0.999398427934921	0.998989535893636	0.999398427934921	NA	"abundance"	146	3
"d__Bacteria;p__Bacillota_A;c__Clostridia;o__Oscillospirales;f__Oscillospiraceae;g__Lawsonibacter;s__Lawsonibacter sp900766145"	"Group"	"PD"	"GroupPD"	0.215188128860816	0.213862347105435	1.04905238737727	0.999106140520495	0.999398427934921	0.999106140520495	0.999398427934921	NA	"abundance"	146	4
"d__Bacteria;p__Bacillota_C;c__Negativicutes;o__Veillonellales;f__Veillonellaceae;g__Veillonella;s__Veillonella parvula"	"Group"	"PD"	"GroupPD"	0.213082775276312	0.213862347105435	1.01077898280392	0.999398427934921	0.999398427934921	0.999398427934921	0.999398427934921	NA	"abundance"	146	13
"d__Bacteria;p__Actinomycetota;c__Actinomycetes;o__Actinomycetales;f__Actinomycetaceae;g__Actinomyces;s__Actinomyces oris_A"	"Group"	"PD"	"GroupPD"	NA	NA	NA	NA	NA	NA	NA	"No data points have the baseline factor level"	"abundance"	146	4
"d__Bacteria;p__Actinomycetota;c__Actinomycetes;o__Actinomycetales;f__Actinomycetaceae;g__Actinomyces;s__Actinomyces oris_C"	"Group"	"PD"	"GroupPD"	NA	NA	NA	NA	NA	NA	NA	"No data points have the baseline factor level"	"abundance"	146	3
"d__Bacteria;p__Actinomycetota;c__Actinomycetes;o__Actinomycetales;f__Actinomycetaceae;g__Actinomyces;s__Actinomyces sp000220835"	"Group"	"PD"	"GroupPD"	NA	NA	NA	NA	NA	NA	NA	"No data points have the baseline factor level"	"abundance"	146	3
"d__Bacteria;p__Actinomycetota;c__Actinomycetes;o__Actinomycetales;f__Actinomycetaceae;g__Pauljensenia;s__Pauljensenia sp001838165"	"Group"	"PD"	"GroupPD"	0.288531264037146	NA	NA	NA	NA	NA	NA	"Fitting error (NA p-value returned from fitting procedure)"	"abundance"	146	2
"d__Bacteria;p__Actinomycetota;c__Actinomycetes;o__Actinomycetales;f__Actinomycetaceae;g__Pauljensenia;s__Pauljensenia sp019425105"	"Group"	"PD"	"GroupPD"	NA	NA	NA	NA	NA	NA	NA	"No data points have the baseline factor level"	"abundance"	146	2
"d__Bacteria;p__Actinomycetota;c__Actinomycetes;o__Actinomycetales;f__Actinomycetaceae;g__Varibaculum;s__Varibaculum timonense_A"	"Group"	"PD"	"GroupPD"	0.527699947594254	NA	NA	NA	NA	NA	NA	"Fitting error (NA p-value returned from fitting procedure)"	"abundance"	146	2
"d__Bacteria;p__Actinomycetota;c__Actinomycetes;o__Actinomycetales;f__Bifidobacteriaceae;g__Alloscardovia;s__Alloscardovia omnicolens"	"Group"	"PD"	"GroupPD"	NA	NA	NA	NA	NA	NA	NA	"No data points have the baseline factor level"	"abundance"	146	4
"d__Bacteria;p__Actinomycetota;c__Actinomycetes;o__Actinomycetales;f__Bifidobacteriaceae;g__Bifidobacterium;s__Bifidobacterium breve"	"Group"	"PD"	"GroupPD"	NA	NA	NA	NA	NA	NA	NA	"No data points have the baseline factor level"	"abundance"	146	5
"d__Bacteria;p__Actinomycetota;c__Actinomycetes;o__Actinomycetales;f__Bifidobacteriaceae;g__Bifidobacterium;s__Bifidobacterium globosum"	"Group"	"PD"	"GroupPD"	NA	NA	NA	NA	NA	NA	NA	"No data points have the baseline factor level"	"abundance"	146	2
"d__Bacteria;p__Actinomycetota;c__Actinomycetes;o__Actinomycetales;f__Bifidobacteriaceae;g__Bifidobacterium;s__Bifidobacterium pullorum_B"	"Group"	"PD"	"GroupPD"	NA	NA	NA	NA	NA	NA	NA	"No data points have the baseline factor level"	"abundance"	146	7
"d__Bacteria;p__Actinomycetota;c__Coriobacteriia;o__Coriobacteriales;f__Atopobiaceae;g__Coprovicinus;s__Coprovicinus avistercoris"	"Group"	"PD"	"GroupPD"	0.76847683158886	NA	NA	NA	NA	NA	NA	"Fitting error (NA p-value returned from fitting procedure)"	"abundance"	146	2
"d__Bacteria;p__Actinomycetota;c__Coriobacteriia;o__Coriobacteriales;f__Atopobiaceae;g__Paratractidigestivibacter;s__Paratractidigestivibacter faecalis"	"Group"	"PD"	"GroupPD"	NA	NA	NA	NA	NA	NA	NA	"No data points have the baseline factor level"	"abundance"	146	3
"d__Bacteria;p__Actinomycetota;c__Coriobacteriia;o__Coriobacteriales;f__Coriobacteriaceae;g__Collinsella;s__Collinsella stercoris"	"Group"	"PD"	"GroupPD"	NA	NA	NA	NA	NA	NA	NA	"No data points have the baseline factor level"	"abundance"	146	2
"d__Bacteria;p__Actinomycetota;c__Coriobacteriia;o__Coriobacteriales;f__Coriobacteriaceae;g__Collinsella;s__Collinsella tanakaei"	"Group"	"PD"	"GroupPD"	NA	NA	NA	NA	NA	NA	NA	"No data points have the baseline factor level"	"abundance"	146	2
"d__Bacteria;p__Actinomycetota;c__Coriobacteriia;o__Coriobacteriales;f__Eggerthellaceae;g__Anaerotardibacter;s__Anaerotardibacter sp000435475"	"Group"	"PD"	"GroupPD"	NA	NA	NA	NA	NA	NA	NA	"No data points have the baseline factor level"	"abundance"	146	4
"d__Bacteria;p__Actinomycetota;c__Coriobacteriia;o__Coriobacteriales;f__Eggerthellaceae;g__Anaerotardibacter;s__Anaerotardibacter sp900538545"	"Group"	"PD"	"GroupPD"	NA	NA	NA	NA	NA	NA	NA	"No data points have the baseline factor level"	"abundance"	146	2
"d__Bacteria;p__Actinomycetota;c__Coriobacteriia;o__Coriobacteriales;f__Eggerthellaceae;g__Aphodovivens;s__"	"Group"	"PD"	"GroupPD"	NA	NA	NA	NA	NA	NA	NA	"No data points have the baseline factor level"	"abundance"	146	3
"d__Bacteria;p__Actinomycetota;c__Coriobacteriia;o__Coriobacteriales;f__Eggerthellaceae;g__Aveggerthella;s__Aveggerthella stercoripullorum"	"Group"	"PD"	"GroupPD"	0.257633436535935	NA	NA	NA	NA	NA	NA	"Fitting error (NA p-value returned from fitting procedure)"	"abundance"	146	2
"d__Bacteria;p__Actinomycetota;c__Coriobacteriia;o__Coriobacteriales;f__Eggerthellaceae;g__CALADF01;s__CALADF01 sp937890835"	"Group"	"PD"	"GroupPD"	NA	NA	NA	NA	NA	NA	NA	"No data points have the baseline factor level"	"abundance"	146	2
"d__Bacteria;p__Actinomycetota;c__Coriobacteriia;o__Coriobacteriales;f__Eggerthellaceae;g__Raoultibacter;s__Raoultibacter massiliensis"	"Group"	"PD"	"GroupPD"	NA	NA	NA	NA	NA	NA	NA	"No data points have the baseline factor level"	"abundance"	146	2
"d__Bacteria;p__Actinomycetota;c__Coriobacteriia;o__Coriobacteriales;f__Eggerthellaceae;g__Rubneribacter;s__Rubneribacter badeniensis"	"Group"	"PD"	"GroupPD"	NA	NA	NA	NA	NA	NA	NA	"No data points have the baseline factor level"	"abundance"	146	2
"d__Bacteria;p__Actinomycetota;c__Coriobacteriia;o__Coriobacteriales;f__Eggerthellaceae;g__Senegalimassilia;s__Senegalimassilia faecalis"	"Group"	"PD"	"GroupPD"	NA	NA	NA	NA	NA	NA	NA	"No data points have the baseline factor level"	"abundance"	146	4
"d__Bacteria;p__Actinomycetota;c__Coriobacteriia;o__Coriobacteriales;f__Eggerthellaceae;g__Slackia;s__Slackia sp900553775"	"Group"	"PD"	"GroupPD"	-1.19973998693115	NA	NA	NA	NA	NA	NA	"Fitting error (NA p-value returned from fitting procedure)"	"abundance"	146	2
"d__Bacteria;p__Actinomycetota;c__Coriobacteriia;o__Coriobacteriales;f__Eggerthellaceae;g__UMGS1519;s__UMGS1519 sp900552585"	"Group"	"PD"	"GroupPD"	NA	NA	NA	NA	NA	NA	NA	"No data points have the baseline factor level"	"abundance"	146	2
"d__Bacteria;p__Actinomycetota;c__Coriobacteriia;o__Coriobacteriales;f__Eggerthellaceae;g__Xiamenia;s__"	"Group"	"PD"	"GroupPD"	NA	NA	NA	NA	NA	NA	NA	"No data points have the baseline factor level"	"abundance"	146	2
"d__Bacteria;p__Actinomycetota;c__Coriobacteriia;o__Coriobacteriales;f__QAMH01;g__CACZQA01;s__CACZQA01 sp900758075"	"Group"	"PD"	"GroupPD"	NA	NA	NA	NA	NA	NA	NA	"No data points have the baseline factor level"	"abundance"	146	3
"d__Bacteria;p__Actinomycetota;c__Coriobacteriia;o__Coriobacteriales;f__UMGS124;g__JAHZGC01;s__"	"Group"	"PD"	"GroupPD"	NA	NA	NA	NA	NA	NA	NA	"No data points have the baseline factor level"	"abundance"	146	5
"d__Bacteria;p__Bacillota;c__Bacilli;o__Lactobacillales;f__Enterococcaceae;g__Enterococcus_A;s__Enterococcus_A avium"	"Group"	"PD"	"GroupPD"	NA	NA	NA	NA	NA	NA	NA	"No data points have the baseline factor level"	"abundance"	146	6
"d__Bacteria;p__Bacillota;c__Bacilli;o__Lactobacillales;f__Enterococcaceae;g__Enterococcus_A;s__Enterococcus_A raffinosus"	"Group"	"PD"	"GroupPD"	NA	NA	NA	NA	NA	NA	NA	"No data points have the baseline factor level"	"abundance"	146	2
"d__Bacteria;p__Bacillota;c__Bacilli;o__Lactobacillales;f__Enterococcaceae;g__Enterococcus_B;s__Enterococcus_B durans"	"Group"	"PD"	"GroupPD"	NA	NA	NA	NA	NA	NA	NA	"No data points have the baseline factor level"	"abundance"	146	2
"d__Bacteria;p__Bacillota;c__Bacilli;o__Lactobacillales;f__Enterococcaceae;g__Enterococcus_C;s__Enterococcus_C asini"	"Group"	"PD"	"GroupPD"	NA	NA	NA	NA	NA	NA	NA	"No data points have the baseline factor level"	"abundance"	146	2
"d__Bacteria;p__Bacillota;c__Bacilli;o__Lactobacillales;f__Enterococcaceae;g__Enterococcus_C;s__Enterococcus_C dispar"	"Group"	"PD"	"GroupPD"	NA	NA	NA	NA	NA	NA	NA	"No data points have the baseline factor level"	"abundance"	146	2
"d__Bacteria;p__Bacillota;c__Bacilli;o__Lactobacillales;f__Enterococcaceae;g__Enterococcus_D;s__Enterococcus_D gallinarum"	"Group"	"PD"	"GroupPD"	NA	NA	NA	NA	NA	NA	NA	"No data points have the baseline factor level"	"abundance"	146	5
"d__Bacteria;p__Bacillota;c__Bacilli;o__Lactobacillales;f__Lactobacillaceae;g__Lacticaseibacillus;s__Lacticaseibacillus casei"	"Group"	"PD"	"GroupPD"	NA	NA	NA	NA	NA	NA	NA	"No data points have the baseline factor level"	"abundance"	146	2
"d__Bacteria;p__Bacillota;c__Bacilli;o__Lactobacillales;f__Lactobacillaceae;g__Lacticaseibacillus;s__Lacticaseibacillus zeae"	"Group"	"PD"	"GroupPD"	NA	NA	NA	NA	NA	NA	NA	"No data points have the baseline factor level"	"abundance"	146	2
"d__Bacteria;p__Bacillota;c__Bacilli;o__Lactobacillales;f__Lactobacillaceae;g__Lactiplantibacillus;s__Lactiplantibacillus plantarum"	"Group"	"PD"	"GroupPD"	NA	NA	NA	NA	NA	NA	NA	"No data points have the baseline factor level"	"abundance"	146	3
"d__Bacteria;p__Bacillota;c__Bacilli;o__Lactobacillales;f__Lactobacillaceae;g__Lactobacillus;s__Lactobacillus acidophilus"	"Group"	"PD"	"GroupPD"	NA	NA	NA	NA	NA	NA	NA	"No data points have the baseline factor level"	"abundance"	146	3
"d__Bacteria;p__Bacillota;c__Bacilli;o__Lactobacillales;f__Lactobacillaceae;g__Lactobacillus;s__Lactobacillus amylovorus"	"Group"	"PD"	"GroupPD"	NA	NA	NA	NA	NA	NA	NA	"No data points have the baseline factor level"	"abundance"	146	2
"d__Bacteria;p__Bacillota;c__Bacilli;o__Lactobacillales;f__Lactobacillaceae;g__Lactobacillus;s__Lactobacillus apis_A"	"Group"	"PD"	"GroupPD"	NA	NA	NA	NA	NA	NA	NA	"No data points have the baseline factor level"	"abundance"	146	2
"d__Bacteria;p__Bacillota;c__Bacilli;o__Lactobacillales;f__Lactobacillaceae;g__Lactobacillus;s__Lactobacillus gasseri"	"Group"	"PD"	"GroupPD"	NA	NA	NA	NA	NA	NA	NA	"No data points have the baseline factor level"	"abundance"	146	4
"d__Bacteria;p__Bacillota;c__Bacilli;o__Lactobacillales;f__Lactobacillaceae;g__Lapidilactobacillus;s__Lapidilactobacillus dextrinicus"	"Group"	"PD"	"GroupPD"	NA	NA	NA	NA	NA	NA	NA	"No data points have the baseline factor level"	"abundance"	146	2
"d__Bacteria;p__Bacillota;c__Bacilli;o__Lactobacillales;f__Lactobacillaceae;g__Lentilactobacillus;s__Lentilactobacillus rapi"	"Group"	"PD"	"GroupPD"	NA	NA	NA	NA	NA	NA	NA	"No data points have the baseline factor level"	"abundance"	146	3
"d__Bacteria;p__Bacillota;c__Bacilli;o__Lactobacillales;f__Lactobacillaceae;g__Limosilactobacillus;s__Limosilactobacillus fermentum"	"Group"	"PD"	"GroupPD"	NA	NA	NA	NA	NA	NA	NA	"No data points have the baseline factor level"	"abundance"	146	8
"d__Bacteria;p__Bacillota;c__Bacilli;o__Lactobacillales;f__Lactobacillaceae;g__Limosilactobacillus;s__Limosilactobacillus oris"	"Group"	"PD"	"GroupPD"	NA	NA	NA	NA	NA	NA	NA	"No data points have the baseline factor level"	"abundance"	146	2
"d__Bacteria;p__Bacillota;c__Bacilli;o__Lactobacillales;f__Lactobacillaceae;g__Pediococcus;s__Pediococcus pentosaceus"	"Group"	"PD"	"GroupPD"	NA	NA	NA	NA	NA	NA	NA	"No data points have the baseline factor level"	"abundance"	146	2
"d__Bacteria;p__Bacillota;c__Bacilli;o__Lactobacillales;f__Streptococcaceae;g__Lactococcus;s__Lactococcus petauri"	"Group"	"PD"	"GroupPD"	NA	NA	NA	NA	NA	NA	NA	"No data points have the baseline factor level"	"abundance"	146	2
"d__Bacteria;p__Bacillota;c__Bacilli;o__Lactobacillales;f__Streptococcaceae;g__Streptococcus;s__Streptococcus anginosus"	"Group"	"PD"	"GroupPD"	0.41987047762457	NA	NA	NA	NA	NA	NA	"Fitting error (NA p-value returned from fitting procedure)"	"abundance"	146	2
"d__Bacteria;p__Bacillota;c__Bacilli;o__Lactobacillales;f__Streptococcaceae;g__Streptococcus;s__Streptococcus gallolyticus_B"	"Group"	"PD"	"GroupPD"	-4.79414417631258	NA	NA	NA	NA	NA	NA	"Fitting error (NA p-value returned from fitting procedure)"	"abundance"	146	2
"d__Bacteria;p__Bacillota;c__Bacilli;o__Lactobacillales;f__Streptococcaceae;g__Streptococcus;s__Streptococcus mutans"	"Group"	"PD"	"GroupPD"	NA	NA	NA	NA	NA	NA	NA	"No data points have the baseline factor level"	"abundance"	146	24
"d__Bacteria;p__Bacillota;c__Bacilli;o__Lactobacillales;f__Streptococcaceae;g__Streptococcus;s__Streptococcus sanguinis"	"Group"	"PD"	"GroupPD"	NA	NA	NA	NA	NA	NA	NA	"No data points have the baseline factor level"	"abundance"	146	4
"d__Bacteria;p__Bacillota;c__Bacilli;o__Lactobacillales;f__Streptococcaceae;g__Streptococcus;s__Streptococcus sobrinus"	"Group"	"PD"	"GroupPD"	NA	NA	NA	NA	NA	NA	NA	"No data points have the baseline factor level"	"abundance"	146	4
"d__Bacteria;p__Bacillota_A;c__Clostridia;o__Christensenellales;f__Aristaeellaceae;g__Avichristensenella;s__Avichristensenella intestinipullorum"	"Group"	"PD"	"GroupPD"	-3.27661283288504	NA	NA	NA	NA	NA	NA	"Fitting error (NA p-value returned from fitting procedure)"	"abundance"	146	2
"d__Bacteria;p__Bacillota_A;c__Clostridia;o__Christensenellales;f__Aristaeellaceae;g__Faecivicinus;s__Faecivicinus sp900759005"	"Group"	"PD"	"GroupPD"	NA	NA	NA	NA	NA	NA	NA	"No data points have the baseline factor level"	"abundance"	146	5
"d__Bacteria;p__Bacillota_A;c__Clostridia;o__Christensenellales;f__Aristaeellaceae;g__Limiplasma;s__Limiplasma sp944333375"	"Group"	"PD"	"GroupPD"	NA	NA	NA	NA	NA	NA	NA	"No data points have the baseline factor level"	"abundance"	146	3
"d__Bacteria;p__Bacillota_A;c__Clostridia;o__Christensenellales;f__Aristaeellaceae;g__RUG563;s__RUG563 sp934630705"	"Group"	"PD"	"GroupPD"	NA	NA	NA	NA	NA	NA	NA	"No data points have the baseline factor level"	"abundance"	146	2
"d__Bacteria;p__Bacillota_A;c__Clostridia;o__Christensenellales;f__Aristaeellaceae;g__SFHK01;s__SFHK01 sp004556395"	"Group"	"PD"	"GroupPD"	NA	NA	NA	NA	NA	NA	NA	"No data points have the baseline factor level"	"abundance"	146	3
"d__Bacteria;p__Bacillota_A;c__Clostridia;o__Christensenellales;f__Aristaeellaceae;g__SUG1456;s__SUG1456 sp029218505"	"Group"	"PD"	"GroupPD"	-0.936554538683348	NA	NA	NA	NA	NA	NA	"Fitting error (NA p-value returned from fitting procedure)"	"abundance"	146	2
"d__Bacteria;p__Bacillota_A;c__Clostridia;o__Christensenellales;f__Borkfalkiaceae;g__Borkfalkia;s__Borkfalkia ceftriaxoniphila"	"Group"	"PD"	"GroupPD"	NA	NA	NA	NA	NA	NA	NA	"No data points have the baseline factor level"	"abundance"	146	5
"d__Bacteria;p__Bacillota_A;c__Clostridia;o__Christensenellales;f__Borkfalkiaceae;g__Gallimonas;s__Gallimonas merdae"	"Group"	"PD"	"GroupPD"	0.642607152152515	NA	NA	NA	NA	NA	NA	"Fitting error (NA p-value returned from fitting procedure)"	"abundance"	146	2
"d__Bacteria;p__Bacillota_A;c__Clostridia;o__Christensenellales;f__CAG-138;g__UBA1685;s__UBA1685 sp944366945"	"Group"	"PD"	"GroupPD"	NA	NA	NA	NA	NA	NA	NA	"No data points have the baseline factor level"	"abundance"	146	5
"d__Bacteria;p__Bacillota_A;c__Clostridia;o__Christensenellales;f__CAG-314;g__Fimimonas;s__"	"Group"	"PD"	"GroupPD"	0.0119916906593461	NA	NA	NA	NA	NA	NA	"Fitting error (NA p-value returned from fitting procedure)"	"abundance"	146	2
"d__Bacteria;p__Bacillota_A;c__Clostridia;o__Christensenellales;f__Christensenellaceae;g__CAJJPW01;s__CAJJPW01 sp905193725"	"Group"	"PD"	"GroupPD"	-0.475977321667343	NA	NA	NA	NA	NA	NA	"Fitting error (NA p-value returned from fitting procedure)"	"abundance"	146	2
"d__Bacteria;p__Bacillota_A;c__Clostridia;o__Christensenellales;f__Christensenellaceae;g__Christensenella;s__Christensenella hongkongensis"	"Group"	"PD"	"GroupPD"	NA	NA	NA	NA	NA	NA	NA	"No data points have the baseline factor level"	"abundance"	146	3
"d__Bacteria;p__Bacillota_A;c__Clostridia;o__Christensenellales;f__Christensenellaceae;g__Christensenella;s__Christensenella minuta"	"Group"	"PD"	"GroupPD"	NA	NA	NA	NA	NA	NA	NA	"No data points have the baseline factor level"	"abundance"	146	4
"d__Bacteria;p__Bacillota_A;c__Clostridia;o__Christensenellales;f__Christensenellaceae;g__Christensenella;s__Christensenella tenuis"	"Group"	"PD"	"GroupPD"	-0.0484311394893881	NA	NA	NA	NA	NA	NA	"Fitting error (NA p-value returned from fitting procedure)"	"abundance"	146	2
"d__Bacteria;p__Bacillota_A;c__Clostridia;o__Christensenellales;f__Christensenellaceae;g__Guopingia;s__Guopingia tenuis"	"Group"	"PD"	"GroupPD"	NA	NA	NA	NA	NA	NA	NA	"No data points have the baseline factor level"	"abundance"	146	7
"d__Bacteria;p__Bacillota_A;c__Clostridia;o__Christensenellales;f__GCA-900066905;g__Luoshenia;s__Luoshenia tenuis"	"Group"	"PD"	"GroupPD"	NA	NA	NA	NA	NA	NA	NA	"No data points have the baseline factor level"	"abundance"	146	3
"d__Bacteria;p__Bacillota_A;c__Clostridia;o__Christensenellales;f__Pumilibacteraceae;g__CAG-552;s__CAG-552 sp000435495"	"Group"	"PD"	"GroupPD"	NA	NA	NA	NA	NA	NA	NA	"contrasts can be applied only to factors with 2 or more levels"	"abundance"	146	2
"d__Bacteria;p__Bacillota_A;c__Clostridia;o__Christensenellales;f__Pumilibacteraceae;g__HGM11386;s__HGM11386 sp900761915"	"Group"	"PD"	"GroupPD"	0.228679374034957	NA	NA	NA	NA	NA	NA	"Fitting error (NA p-value returned from fitting procedure)"	"abundance"	146	2
"d__Bacteria;p__Bacillota_A;c__Clostridia;o__Christensenellales;f__Pumilibacteraceae;g__Neoclostridium;s__Neoclostridium sp900555125"	"Group"	"PD"	"GroupPD"	NA	NA	NA	NA	NA	NA	NA	"No data points have the baseline factor level"	"abundance"	146	2
"d__Bacteria;p__Bacillota_A;c__Clostridia;o__Christensenellales;f__QAND01;g__UMGS1975;s__UMGS1975 sp900751745"	"Group"	"PD"	"GroupPD"	NA	NA	NA	NA	NA	NA	NA	"No data points have the baseline factor level"	"abundance"	146	3
"d__Bacteria;p__Bacillota_A;c__Clostridia;o__Christensenellales;f__UBA1750;g__UBA1428;s__UBA1428 sp002329335"	"Group"	"PD"	"GroupPD"	NA	NA	NA	NA	NA	NA	NA	"No data points have the baseline factor level"	"abundance"	146	2
"d__Bacteria;p__Bacillota_A;c__Clostridia;o__Clostridiales;f__Clostridiaceae;g__Clostridium;s__Clostridium hominis"	"Group"	"PD"	"GroupPD"	NA	NA	NA	NA	NA	NA	NA	"contrasts can be applied only to factors with 2 or more levels"	"abundance"	146	2
"d__Bacteria;p__Bacillota_A;c__Clostridia;o__Clostridiales;f__Clostridiaceae;g__Clostridium;s__Clostridium sp900547475"	"Group"	"PD"	"GroupPD"	NA	NA	NA	NA	NA	NA	NA	"contrasts can be applied only to factors with 2 or more levels"	"abundance"	146	3
"d__Bacteria;p__Bacillota_A;c__Clostridia;o__Eubacteriales;f__Anaerofustaceae;g__CALWKX01;s__CALWKX01 sp944381375"	"Group"	"PD"	"GroupPD"	NA	NA	NA	NA	NA	NA	NA	"contrasts can be applied only to factors with 2 or more levels"	"abundance"	146	2
"d__Bacteria;p__Bacillota_A;c__Clostridia;o__Eubacteriales;f__Eubacteriaceae;g__Eubacterium;s__Eubacterium maltosivorans"	"Group"	"PD"	"GroupPD"	NA	NA	NA	NA	NA	NA	NA	"No data points have the baseline factor level"	"abundance"	146	2
"d__Bacteria;p__Bacillota_A;c__Clostridia;o__HGM11514;f__HGM11514;g__CABSMD01;s__"	"Group"	"PD"	"GroupPD"	NA	NA	NA	NA	NA	NA	NA	"No data points have the baseline factor level"	"abundance"	146	6
"d__Bacteria;p__Bacillota_A;c__Clostridia;o__HGM11514;f__HGM11514;g__HGM11514;s__HGM11514 sp900757255"	"Group"	"PD"	"GroupPD"	0.165464757167682	NA	NA	NA	NA	NA	NA	"Fitting error (NA p-value returned from fitting procedure)"	"abundance"	146	2
"d__Bacteria;p__Bacillota_A;c__Clostridia;o__Lachnospirales;f__Bianqueaceae;g__Faecimorpha;s__Faecimorpha stercoravium"	"Group"	"PD"	"GroupPD"	0.711745491297194	NA	NA	NA	NA	NA	NA	"Fitting error (NA p-value returned from fitting procedure)"	"abundance"	146	2
"d__Bacteria;p__Bacillota_A;c__Clostridia;o__Lachnospirales;f__Cellulosilyticaceae;g__Zhenhengia;s__Zhenhengia yiwuensis"	"Group"	"PD"	"GroupPD"	NA	NA	NA	NA	NA	NA	NA	"No data points have the baseline factor level"	"abundance"	146	2
"d__Bacteria;p__Bacillota_A;c__Clostridia;o__Lachnospirales;f__Lachnospiraceae;g__Acetatifactor;s__Acetatifactor sp900760705"	"Group"	"PD"	"GroupPD"	NA	NA	NA	NA	NA	NA	NA	"contrasts can be applied only to factors with 2 or more levels"	"abundance"	146	3
"d__Bacteria;p__Bacillota_A;c__Clostridia;o__Lachnospirales;f__Lachnospiraceae;g__Anaerobutyricum;s__Anaerobutyricum faecale"	"Group"	"PD"	"GroupPD"	NA	NA	NA	NA	NA	NA	NA	"No data points have the baseline factor level"	"abundance"	146	2
"d__Bacteria;p__Bacillota_A;c__Clostridia;o__Lachnospirales;f__Lachnospiraceae;g__Anaerostipes;s__Anaerostipes butyraticus"	"Group"	"PD"	"GroupPD"	-0.363466179054493	NA	NA	NA	NA	NA	NA	"Fitting error (NA p-value returned from fitting procedure)"	"abundance"	146	2
"d__Bacteria;p__Bacillota_A;c__Clostridia;o__Lachnospirales;f__Lachnospiraceae;g__Anaerostipes;s__Anaerostipes excrementavium"	"Group"	"PD"	"GroupPD"	-1.1655644057356	NA	NA	NA	NA	NA	NA	"Fitting error (NA p-value returned from fitting procedure)"	"abundance"	146	2
"d__Bacteria;p__Bacillota_A;c__Clostridia;o__Lachnospirales;f__Lachnospiraceae;g__Blautia;s__Blautia coccoides"	"Group"	"PD"	"GroupPD"	NA	NA	NA	NA	NA	NA	NA	"No data points have the baseline factor level"	"abundance"	146	8
"d__Bacteria;p__Bacillota_A;c__Clostridia;o__Lachnospirales;f__Lachnospiraceae;g__Blautia;s__Blautia merdigallinarum"	"Group"	"PD"	"GroupPD"	0.453583068063336	NA	NA	NA	NA	NA	NA	"Fitting error (NA p-value returned from fitting procedure)"	"abundance"	146	2
"d__Bacteria;p__Bacillota_A;c__Clostridia;o__Lachnospirales;f__Lachnospiraceae;g__Blautia;s__Blautia pullicola"	"Group"	"PD"	"GroupPD"	-1.81392695008226	NA	NA	NA	NA	NA	NA	"Fitting error (NA p-value returned from fitting procedure)"	"abundance"	146	2
"d__Bacteria;p__Bacillota_A;c__Clostridia;o__Lachnospirales;f__Lachnospiraceae;g__Blautia;s__Blautia sp900541955"	"Group"	"PD"	"GroupPD"	NA	NA	NA	NA	NA	NA	NA	"No data points have the baseline factor level"	"abundance"	146	6
"d__Bacteria;p__Bacillota_A;c__Clostridia;o__Lachnospirales;f__Lachnospiraceae;g__Blautia;s__Blautia sp900753905"	"Group"	"PD"	"GroupPD"	NA	NA	NA	NA	NA	NA	NA	"No data points have the baseline factor level"	"abundance"	146	5
"d__Bacteria;p__Bacillota_A;c__Clostridia;o__Lachnospirales;f__Lachnospiraceae;g__Blautia_A;s__Blautia_A avistercoris"	"Group"	"PD"	"GroupPD"	NA	NA	NA	NA	NA	NA	NA	"No data points have the baseline factor level"	"abundance"	146	4
"d__Bacteria;p__Bacillota_A;c__Clostridia;o__Lachnospirales;f__Lachnospiraceae;g__Blautia_A;s__Blautia_A sp900541345"	"Group"	"PD"	"GroupPD"	NA	NA	NA	NA	NA	NA	NA	"No data points have the baseline factor level"	"abundance"	146	3
"d__Bacteria;p__Bacillota_A;c__Clostridia;o__Lachnospirales;f__Lachnospiraceae;g__Blautia_A;s__Blautia_A sp900547615"	"Group"	"PD"	"GroupPD"	NA	NA	NA	NA	NA	NA	NA	"No data points have the baseline factor level"	"abundance"	146	2
"d__Bacteria;p__Bacillota_A;c__Clostridia;o__Lachnospirales;f__Lachnospiraceae;g__Blautia_A;s__Blautia_A sp937880195"	"Group"	"PD"	"GroupPD"	NA	NA	NA	NA	NA	NA	NA	"No data points have the baseline factor level"	"abundance"	146	5
"d__Bacteria;p__Bacillota_A;c__Clostridia;o__Lachnospirales;f__Lachnospiraceae;g__Blautia_A;s__Blautia_A sp937893675"	"Group"	"PD"	"GroupPD"	NA	NA	NA	NA	NA	NA	NA	"No data points have the baseline factor level"	"abundance"	146	2
"d__Bacteria;p__Bacillota_A;c__Clostridia;o__Lachnospirales;f__Lachnospiraceae;g__Bovifimicola;s__Bovifimicola ammoniilytica"	"Group"	"PD"	"GroupPD"	0.591783496325997	NA	NA	NA	NA	NA	NA	"Fitting error (NA p-value returned from fitting procedure)"	"abundance"	146	2
"d__Bacteria;p__Bacillota_A;c__Clostridia;o__Lachnospirales;f__Lachnospiraceae;g__Brotonthovivens;s__Brotonthovivens ammoniilytica"	"Group"	"PD"	"GroupPD"	NA	NA	NA	NA	NA	NA	NA	"contrasts can be applied only to factors with 2 or more levels"	"abundance"	146	2
"d__Bacteria;p__Bacillota_A;c__Clostridia;o__Lachnospirales;f__Lachnospiraceae;g__Butyribacter;s__Butyribacter sp934317005"	"Group"	"PD"	"GroupPD"	0.628933958577571	NA	NA	NA	NA	NA	NA	"Fitting error (NA p-value returned from fitting procedure)"	"abundance"	146	2
"d__Bacteria;p__Bacillota_A;c__Clostridia;o__Lachnospirales;f__Lachnospiraceae;g__Butyrivibrio_A;s__Butyrivibrio_A sp000431815"	"Group"	"PD"	"GroupPD"	NA	NA	NA	NA	NA	NA	NA	"No data points have the baseline factor level"	"abundance"	146	5
"d__Bacteria;p__Bacillota_A;c__Clostridia;o__Lachnospirales;f__Lachnospiraceae;g__CAG-411;s__CAG-411 sp000437275"	"Group"	"PD"	"GroupPD"	0.079446639070014	NA	NA	NA	NA	NA	NA	"Fitting error (NA p-value returned from fitting procedure)"	"abundance"	146	2
"d__Bacteria;p__Bacillota_A;c__Clostridia;o__Lachnospirales;f__Lachnospiraceae;g__CAG-590;s__CAG-590 sp900544905"	"Group"	"PD"	"GroupPD"	-0.485233200953741	NA	NA	NA	NA	NA	NA	"Fitting error (NA p-value returned from fitting procedure)"	"abundance"	146	2
"d__Bacteria;p__Bacillota_A;c__Clostridia;o__Lachnospirales;f__Lachnospiraceae;g__CAKQHB01;s__CAKQHB01 sp934234215"	"Group"	"PD"	"GroupPD"	-0.11110802596855	NA	NA	NA	NA	NA	NA	"Fitting error (NA p-value returned from fitting procedure)"	"abundance"	146	2
"d__Bacteria;p__Bacillota_A;c__Clostridia;o__Lachnospirales;f__Lachnospiraceae;g__Copromonas;s__Copromonas avistercoris"	"Group"	"PD"	"GroupPD"	NA	NA	NA	NA	NA	NA	NA	"contrasts can be applied only to factors with 2 or more levels"	"abundance"	146	4
"d__Bacteria;p__Bacillota_A;c__Clostridia;o__Lachnospirales;f__Lachnospiraceae;g__Diplocloster;s__Diplocloster agilis"	"Group"	"PD"	"GroupPD"	NA	NA	NA	NA	NA	NA	NA	"No data points have the baseline factor level"	"abundance"	146	2
"d__Bacteria;p__Bacillota_A;c__Clostridia;o__Lachnospirales;f__Lachnospiraceae;g__Dorea_A;s__Dorea_A sp934294775"	"Group"	"PD"	"GroupPD"	NA	NA	NA	NA	NA	NA	NA	"No data points have the baseline factor level"	"abundance"	146	2
"d__Bacteria;p__Bacillota_A;c__Clostridia;o__Lachnospirales;f__Lachnospiraceae;g__Eisenbergiella;s__Eisenbergiella sp003478085"	"Group"	"PD"	"GroupPD"	NA	NA	NA	NA	NA	NA	NA	"No data points have the baseline factor level"	"abundance"	146	2
"d__Bacteria;p__Bacillota_A;c__Clostridia;o__Lachnospirales;f__Lachnospiraceae;g__Enterocloster;s__Enterocloster aldenensis"	"Group"	"PD"	"GroupPD"	NA	NA	NA	NA	NA	NA	NA	"No data points have the baseline factor level"	"abundance"	146	9
"d__Bacteria;p__Bacillota_A;c__Clostridia;o__Lachnospirales;f__Lachnospiraceae;g__Enterocloster;s__Enterocloster asparagiformis"	"Group"	"PD"	"GroupPD"	NA	NA	NA	NA	NA	NA	NA	"No data points have the baseline factor level"	"abundance"	146	6
"d__Bacteria;p__Bacillota_A;c__Clostridia;o__Lachnospirales;f__Lachnospiraceae;g__Enterocloster;s__Enterocloster excrementipullorum"	"Group"	"PD"	"GroupPD"	NA	NA	NA	NA	NA	NA	NA	"No data points have the baseline factor level"	"abundance"	146	5
"d__Bacteria;p__Bacillota_A;c__Clostridia;o__Lachnospirales;f__Lachnospiraceae;g__Enterocloster;s__Enterocloster pacaense"	"Group"	"PD"	"GroupPD"	NA	NA	NA	NA	NA	NA	NA	"No data points have the baseline factor level"	"abundance"	146	5
"d__Bacteria;p__Bacillota_A;c__Clostridia;o__Lachnospirales;f__Lachnospiraceae;g__Enterocloster;s__Enterocloster sp005845215"	"Group"	"PD"	"GroupPD"	NA	NA	NA	NA	NA	NA	NA	"No data points have the baseline factor level"	"abundance"	146	5
"d__Bacteria;p__Bacillota_A;c__Clostridia;o__Lachnospirales;f__Lachnospiraceae;g__Enterocloster;s__Enterocloster sp900753815"	"Group"	"PD"	"GroupPD"	NA	NA	NA	NA	NA	NA	NA	"No data points have the baseline factor level"	"abundance"	146	3
"d__Bacteria;p__Bacillota_A;c__Clostridia;o__Lachnospirales;f__Lachnospiraceae;g__Eubacterium_G;s__Eubacterium_G sp904420085"	"Group"	"PD"	"GroupPD"	0.0130752739931618	NA	NA	NA	NA	NA	NA	"Fitting error (NA p-value returned from fitting procedure)"	"abundance"	146	2
"d__Bacteria;p__Bacillota_A;c__Clostridia;o__Lachnospirales;f__Lachnospiraceae;g__Frisingicoccus;s__Frisingicoccus caecimuris"	"Group"	"PD"	"GroupPD"	NA	NA	NA	NA	NA	NA	NA	"No data points have the baseline factor level"	"abundance"	146	7
"d__Bacteria;p__Bacillota_A;c__Clostridia;o__Lachnospirales;f__Lachnospiraceae;g__Frisingicoccus;s__Frisingicoccus sp900753685"	"Group"	"PD"	"GroupPD"	-0.960733761103454	NA	NA	NA	NA	NA	NA	"Fitting error (NA p-value returned from fitting procedure)"	"abundance"	146	2
"d__Bacteria;p__Bacillota_A;c__Clostridia;o__Lachnospirales;f__Lachnospiraceae;g__Hominisplanchenecus_A;s__Hominisplanchenecus_A sp900752065"	"Group"	"PD"	"GroupPD"	-1.10358624205234	NA	NA	NA	NA	NA	NA	"Fitting error (NA p-value returned from fitting procedure)"	"abundance"	146	2
"d__Bacteria;p__Bacillota_A;c__Clostridia;o__Lachnospirales;f__Lachnospiraceae;g__Hominisplanchenecus_A;s__Hominisplanchenecus_A sp900762665"	"Group"	"PD"	"GroupPD"	NA	NA	NA	NA	NA	NA	NA	"contrasts can be applied only to factors with 2 or more levels"	"abundance"	146	2
"d__Bacteria;p__Bacillota_A;c__Clostridia;o__Lachnospirales;f__Lachnospiraceae;g__Hominisplanchenecus_A;s__Hominisplanchenecus_A sp937965795"	"Group"	"PD"	"GroupPD"	NA	NA	NA	NA	NA	NA	NA	"contrasts can be applied only to factors with 2 or more levels"	"abundance"	146	3
"d__Bacteria;p__Bacillota_A;c__Clostridia;o__Lachnospirales;f__Lachnospiraceae;g__Hungatella;s__Hungatella hathewayi"	"Group"	"PD"	"GroupPD"	NA	NA	NA	NA	NA	NA	NA	"No data points have the baseline factor level"	"abundance"	146	8
"d__Bacteria;p__Bacillota_A;c__Clostridia;o__Lachnospirales;f__Lachnospiraceae;g__Hungatella_A;s__Hungatella_A hathewayi_A"	"Group"	"PD"	"GroupPD"	0.342480585270837	NA	NA	NA	NA	NA	NA	"Fitting error (NA p-value returned from fitting procedure)"	"abundance"	146	2
"d__Bacteria;p__Bacillota_A;c__Clostridia;o__Lachnospirales;f__Lachnospiraceae;g__Lachnoclostridium_A;s__Lachnoclostridium_A avicola"	"Group"	"PD"	"GroupPD"	1.44431163075034	NA	NA	NA	NA	NA	NA	"Fitting error (NA p-value returned from fitting procedure)"	"abundance"	146	2
"d__Bacteria;p__Bacillota_A;c__Clostridia;o__Lachnospirales;f__Lachnospiraceae;g__Lachnospira;s__Lachnospira sp900551945"	"Group"	"PD"	"GroupPD"	NA	NA	NA	NA	NA	NA	NA	"No data points have the baseline factor level"	"abundance"	146	2
"d__Bacteria;p__Bacillota_A;c__Clostridia;o__Lachnospirales;f__Lachnospiraceae;g__Lactonifactor;s__Lactonifactor sp009677585"	"Group"	"PD"	"GroupPD"	NA	NA	NA	NA	NA	NA	NA	"No data points have the baseline factor level"	"abundance"	146	4
"d__Bacteria;p__Bacillota_A;c__Clostridia;o__Lachnospirales;f__Lachnospiraceae;g__Laedolimicola;s__Laedolimicola sp944383645"	"Group"	"PD"	"GroupPD"	0.306615882722934	NA	NA	NA	NA	NA	NA	"Fitting error (NA p-value returned from fitting procedure)"	"abundance"	146	2
"d__Bacteria;p__Bacillota_A;c__Clostridia;o__Lachnospirales;f__Lachnospiraceae;g__Mediterraneibacter;s__Mediterraneibacter avicola"	"Group"	"PD"	"GroupPD"	NA	NA	NA	NA	NA	NA	NA	"No data points have the baseline factor level"	"abundance"	146	2
"d__Bacteria;p__Bacillota_A;c__Clostridia;o__Lachnospirales;f__Lachnospiraceae;g__Mediterraneibacter;s__Mediterraneibacter excrementigallinarum"	"Group"	"PD"	"GroupPD"	0.668010102310776	NA	NA	NA	NA	NA	NA	"Fitting error (NA p-value returned from fitting procedure)"	"abundance"	146	2
"d__Bacteria;p__Bacillota_A;c__Clostridia;o__Lachnospirales;f__Lachnospiraceae;g__Mediterraneibacter;s__Mediterraneibacter excrementipullorum"	"Group"	"PD"	"GroupPD"	0.0400817474580988	NA	NA	NA	NA	NA	NA	"Fitting error (NA p-value returned from fitting procedure)"	"abundance"	146	2
"d__Bacteria;p__Bacillota_A;c__Clostridia;o__Lachnospirales;f__Lachnospiraceae;g__Mediterraneibacter;s__Mediterraneibacter massiliensis"	"Group"	"PD"	"GroupPD"	NA	NA	NA	NA	NA	NA	NA	"No data points have the baseline factor level"	"abundance"	146	10
"d__Bacteria;p__Bacillota_A;c__Clostridia;o__Lachnospirales;f__Lachnospiraceae;g__Mediterraneibacter;s__Mediterraneibacter sp900553885"	"Group"	"PD"	"GroupPD"	NA	NA	NA	NA	NA	NA	NA	"No data points have the baseline factor level"	"abundance"	146	2
"d__Bacteria;p__Bacillota_A;c__Clostridia;o__Lachnospirales;f__Lachnospiraceae;g__Roseburia;s__Roseburia sp900753715"	"Group"	"PD"	"GroupPD"	NA	NA	NA	NA	NA	NA	NA	"No data points have the baseline factor level"	"abundance"	146	2
"d__Bacteria;p__Bacillota_A;c__Clostridia;o__Lachnospirales;f__Lachnospiraceae;g__Scatomonas;s__Scatomonas merdigallinarum"	"Group"	"PD"	"GroupPD"	NA	NA	NA	NA	NA	NA	NA	"contrasts can be applied only to factors with 2 or more levels"	"abundance"	146	2
"d__Bacteria;p__Bacillota_A;c__Clostridia;o__Lachnospirales;f__Lachnospiraceae;g__Scybalocola;s__Scybalocola sp900557175"	"Group"	"PD"	"GroupPD"	0.152828712292466	NA	NA	NA	NA	NA	NA	"Fitting error (NA p-value returned from fitting procedure)"	"abundance"	146	2
"d__Bacteria;p__Bacillota_A;c__Clostridia;o__Lachnospirales;f__Lachnospiraceae;g__Suilimivivens;s__Suilimivivens sp000436115"	"Group"	"PD"	"GroupPD"	-1.46477124636929	NA	NA	NA	NA	NA	NA	"Fitting error (NA p-value returned from fitting procedure)"	"abundance"	146	2
"d__Bacteria;p__Bacillota_A;c__Clostridia;o__Lachnospirales;f__Lachnospiraceae;g__UBA3402;s__UBA3402 sp934418055"	"Group"	"PD"	"GroupPD"	NA	NA	NA	NA	NA	NA	NA	"contrasts can be applied only to factors with 2 or more levels"	"abundance"	146	3
"d__Bacteria;p__Bacillota_A;c__Clostridia;o__Lachnospirales;f__Lachnospiraceae;g__UMGS1370;s__UMGS1370 sp904395885"	"Group"	"PD"	"GroupPD"	NA	NA	NA	NA	NA	NA	NA	"No data points have the baseline factor level"	"abundance"	146	7
"d__Bacteria;p__Bacillota_A;c__Clostridia;o__Lachnospirales;f__Lachnospiraceae;g__V9D3004;s__V9D3004 sp002349525"	"Group"	"PD"	"GroupPD"	NA	NA	NA	NA	NA	NA	NA	"No data points have the baseline factor level"	"abundance"	146	3
"d__Bacteria;p__Bacillota_A;c__Clostridia;o__Monoglobales;f__Monoglobaceae;g__Monoglobus;s__Monoglobus sp958352815"	"Group"	"PD"	"GroupPD"	NA	NA	NA	NA	NA	NA	NA	"No data points have the baseline factor level"	"abundance"	146	2
"d__Bacteria;p__Bacillota_A;c__Clostridia;o__Oscillospirales;f__Acutalibacteraceae;g__CAG-177;s__CAG-177 sp000431775"	"Group"	"PD"	"GroupPD"	NA	NA	NA	NA	NA	NA	NA	"No data points have the baseline factor level"	"abundance"	146	2
"d__Bacteria;p__Bacillota_A;c__Clostridia;o__Oscillospirales;f__Acutalibacteraceae;g__CAG-488;s__CAG-488 sp000434915"	"Group"	"PD"	"GroupPD"	NA	NA	NA	NA	NA	NA	NA	"contrasts can be applied only to factors with 2 or more levels"	"abundance"	146	2
"d__Bacteria;p__Bacillota_A;c__Clostridia;o__Oscillospirales;f__Acutalibacteraceae;g__CAG-488;s__CAG-488 sp900539465"	"Group"	"PD"	"GroupPD"	NA	NA	NA	NA	NA	NA	NA	"No data points have the baseline factor level"	"abundance"	146	2
"d__Bacteria;p__Bacillota_A;c__Clostridia;o__Oscillospirales;f__Acutalibacteraceae;g__Eubacterium_R;s__Eubacterium_R sp900539425"	"Group"	"PD"	"GroupPD"	NA	NA	NA	NA	NA	NA	NA	"contrasts can be applied only to factors with 2 or more levels"	"abundance"	146	2
"d__Bacteria;p__Bacillota_A;c__Clostridia;o__Oscillospirales;f__Acutalibacteraceae;g__Gallacutalibacter;s__Gallacutalibacter pullicola"	"Group"	"PD"	"GroupPD"	NA	NA	NA	NA	NA	NA	NA	"contrasts can be applied only to factors with 2 or more levels"	"abundance"	146	2
"d__Bacteria;p__Bacillota_A;c__Clostridia;o__Oscillospirales;f__Acutalibacteraceae;g__Heritagella;s__Heritagella sp905200265"	"Group"	"PD"	"GroupPD"	-0.301142793826998	NA	NA	NA	NA	NA	NA	"Fitting error (NA p-value returned from fitting procedure)"	"abundance"	146	2
"d__Bacteria;p__Bacillota_A;c__Clostridia;o__Oscillospirales;f__Acutalibacteraceae;g__Heritagella;s__Heritagella sp905215105"	"Group"	"PD"	"GroupPD"	0.380986613073481	NA	NA	NA	NA	NA	NA	"Fitting error (NA p-value returned from fitting procedure)"	"abundance"	146	2
"d__Bacteria;p__Bacillota_A;c__Clostridia;o__Oscillospirales;f__Acutalibacteraceae;g__JAGZMM01;s__JAGZMM01 sp946491705"	"Group"	"PD"	"GroupPD"	0.0569038391264729	NA	NA	NA	NA	NA	NA	"Fitting error (NA p-value returned from fitting procedure)"	"abundance"	146	2
"d__Bacteria;p__Bacillota_A;c__Clostridia;o__Oscillospirales;f__Acutalibacteraceae;g__Scatavimonas;s__Scatavimonas merdipullorum"	"Group"	"PD"	"GroupPD"	NA	NA	NA	NA	NA	NA	NA	"No data points have the baseline factor level"	"abundance"	146	2
"d__Bacteria;p__Bacillota_A;c__Clostridia;o__Oscillospirales;f__Acutalibacteraceae;g__Timburyella;s__Timburyella sp900554165"	"Group"	"PD"	"GroupPD"	NA	NA	NA	NA	NA	NA	NA	"contrasts can be applied only to factors with 2 or more levels"	"abundance"	146	2
"d__Bacteria;p__Bacillota_A;c__Clostridia;o__Oscillospirales;f__Acutalibacteraceae;g__UBA737;s__UBA737 sp900549055"	"Group"	"PD"	"GroupPD"	NA	NA	NA	NA	NA	NA	NA	"No data points have the baseline factor level"	"abundance"	146	11
"d__Bacteria;p__Bacillota_A;c__Clostridia;o__Oscillospirales;f__Acutalibacteraceae;g__UBA737;s__UBA737 sp905193585"	"Group"	"PD"	"GroupPD"	NA	NA	NA	NA	NA	NA	NA	"contrasts can be applied only to factors with 2 or more levels"	"abundance"	146	2
"d__Bacteria;p__Bacillota_A;c__Clostridia;o__Oscillospirales;f__Acutalibacteraceae;g__UMGS263;s__UMGS263 sp900540535"	"Group"	"PD"	"GroupPD"	NA	NA	NA	NA	NA	NA	NA	"No data points have the baseline factor level"	"abundance"	146	3
"d__Bacteria;p__Bacillota_A;c__Clostridia;o__Oscillospirales;f__Acutalibacteraceae;g__UMGS1264;s__UMGS1264 sp944380875"	"Group"	"PD"	"GroupPD"	NA	NA	NA	NA	NA	NA	NA	"No data points have the baseline factor level"	"abundance"	146	4
"d__Bacteria;p__Bacillota_A;c__Clostridia;o__Oscillospirales;f__Acutalibacteraceae;g__UMGS1279;s__UMGS1279 sp900550315"	"Group"	"PD"	"GroupPD"	NA	NA	NA	NA	NA	NA	NA	"No data points have the baseline factor level"	"abundance"	146	2
"d__Bacteria;p__Bacillota_A;c__Clostridia;o__Oscillospirales;f__Acutalibacteraceae;g__UMGS1591;s__UMGS1591 sp900553255"	"Group"	"PD"	"GroupPD"	NA	NA	NA	NA	NA	NA	NA	"No data points have the baseline factor level"	"abundance"	146	3
"d__Bacteria;p__Bacillota_A;c__Clostridia;o__Oscillospirales;f__Acutalibacteraceae;g__UMGS1591;s__UMGS1591 sp905198295"	"Group"	"PD"	"GroupPD"	-0.320381530075324	NA	NA	NA	NA	NA	NA	"Fitting error (NA p-value returned from fitting procedure)"	"abundance"	146	2
"d__Bacteria;p__Bacillota_A;c__Clostridia;o__Oscillospirales;f__Butyricicoccaceae;g__Agathobaculum;s__Agathobaculum intestinigallinarum"	"Group"	"PD"	"GroupPD"	NA	NA	NA	NA	NA	NA	NA	"No data points have the baseline factor level"	"abundance"	146	3
"d__Bacteria;p__Bacillota_A;c__Clostridia;o__Oscillospirales;f__Butyricicoccaceae;g__Agathobaculum;s__Agathobaculum pullistercoris"	"Group"	"PD"	"GroupPD"	NA	NA	NA	NA	NA	NA	NA	"No data points have the baseline factor level"	"abundance"	146	4
"d__Bacteria;p__Bacillota_A;c__Clostridia;o__Oscillospirales;f__Butyricicoccaceae;g__Butyricicoccus;s__Butyricicoccus sp900547195"	"Group"	"PD"	"GroupPD"	NA	NA	NA	NA	NA	NA	NA	"No data points have the baseline factor level"	"abundance"	146	2
"d__Bacteria;p__Bacillota_A;c__Clostridia;o__Oscillospirales;f__Butyricicoccaceae;g__CAKTWY01;s__CAKTWY01 sp934630445"	"Group"	"PD"	"GroupPD"	NA	NA	NA	NA	NA	NA	NA	"No data points have the baseline factor level"	"abundance"	146	4
"d__Bacteria;p__Bacillota_A;c__Clostridia;o__Oscillospirales;f__Butyricicoccaceae;g__Pseudobutyricicoccus;s__Pseudobutyricicoccus sp016901775"	"Group"	"PD"	"GroupPD"	NA	NA	NA	NA	NA	NA	NA	"No data points have the baseline factor level"	"abundance"	146	2
"d__Bacteria;p__Bacillota_A;c__Clostridia;o__Oscillospirales;f__Butyricicoccaceae;g__SIG471;s__SIG471 sp905199135"	"Group"	"PD"	"GroupPD"	-0.039837642777309	NA	NA	NA	NA	NA	NA	"Fitting error (NA p-value returned from fitting procedure)"	"abundance"	146	2
"d__Bacteria;p__Bacillota_A;c__Clostridia;o__Oscillospirales;f__CAG-272;g__CAG-390;s__CAG-390 sp000437015"	"Group"	"PD"	"GroupPD"	1.27032823871957	NA	NA	NA	NA	NA	NA	"Fitting error (NA p-value returned from fitting procedure)"	"abundance"	146	2
"d__Bacteria;p__Bacillota_A;c__Clostridia;o__Oscillospirales;f__CAG-272;g__CAG-390;s__CAG-390 sp003523225"	"Group"	"PD"	"GroupPD"	-1.87103344701896	NA	NA	NA	NA	NA	NA	"Fitting error (NA p-value returned from fitting procedure)"	"abundance"	146	2
"d__Bacteria;p__Bacillota_A;c__Clostridia;o__Oscillospirales;f__CAG-272;g__CAKTAA01;s__CAKTAA01 sp019415985"	"Group"	"PD"	"GroupPD"	NA	NA	NA	NA	NA	NA	NA	"contrasts can be applied only to factors with 2 or more levels"	"abundance"	146	2
"d__Bacteria;p__Bacillota_A;c__Clostridia;o__Oscillospirales;f__CAG-272;g__UBA11512;s__UBA11512 sp003522145"	"Group"	"PD"	"GroupPD"	0.407669573138133	NA	NA	NA	NA	NA	NA	"Fitting error (NA p-value returned from fitting procedure)"	"abundance"	146	2
"d__Bacteria;p__Bacillota_A;c__Clostridia;o__Oscillospirales;f__CAG-272;g__UMGS902;s__UMGS902 sp003343845"	"Group"	"PD"	"GroupPD"	-0.409317952310618	NA	NA	NA	NA	NA	NA	"Fitting error (NA p-value returned from fitting procedure)"	"abundance"	146	2
"d__Bacteria;p__Bacillota_A;c__Clostridia;o__Oscillospirales;f__CAG-272;g__UMGS902;s__UMGS902 sp900761025"	"Group"	"PD"	"GroupPD"	NA	NA	NA	NA	NA	NA	NA	"No data points have the baseline factor level"	"abundance"	146	3
"d__Bacteria;p__Bacillota_A;c__Clostridia;o__Oscillospirales;f__CAG-272;g__UMGS1696;s__UMGS1696 sp900554225"	"Group"	"PD"	"GroupPD"	NA	NA	NA	NA	NA	NA	NA	"contrasts can be applied only to factors with 2 or more levels"	"abundance"	146	2
"d__Bacteria;p__Bacillota_A;c__Clostridia;o__Oscillospirales;f__CAG-272;g__UMGS1865;s__UMGS1865 sp900547725"	"Group"	"PD"	"GroupPD"	0.212174649601841	NA	NA	NA	NA	NA	NA	"Fitting error (NA p-value returned from fitting procedure)"	"abundance"	146	2
"d__Bacteria;p__Bacillota_A;c__Clostridia;o__Oscillospirales;f__CAG-272;g__UMGS1865;s__UMGS1865 sp900768535"	"Group"	"PD"	"GroupPD"	-0.211258113587811	NA	NA	NA	NA	NA	NA	"Fitting error (NA p-value returned from fitting procedure)"	"abundance"	146	2
"d__Bacteria;p__Bacillota_A;c__Clostridia;o__Oscillospirales;f__Feifaniaceae;g__CAJFTX01;s__CAJFTX01 sp904420075"	"Group"	"PD"	"GroupPD"	NA	NA	NA	NA	NA	NA	NA	"No data points have the baseline factor level"	"abundance"	146	6
"d__Bacteria;p__Bacillota_A;c__Clostridia;o__Oscillospirales;f__Oscillospiraceae;g__Dysosmobacter;s__"	"Group"	"PD"	"GroupPD"	NA	NA	NA	NA	NA	NA	NA	"No data points have the baseline factor level"	"abundance"	146	2
"d__Bacteria;p__Bacillota_A;c__Clostridia;o__Oscillospirales;f__Oscillospiraceae;g__Dysosmobacter;s__Dysosmobacter sp018228705"	"Group"	"PD"	"GroupPD"	NA	NA	NA	NA	NA	NA	NA	"No data points have the baseline factor level"	"abundance"	146	4
"d__Bacteria;p__Bacillota_A;c__Clostridia;o__Oscillospirales;f__Oscillospiraceae;g__Dysosmobacter;s__Dysosmobacter sp021771635"	"Group"	"PD"	"GroupPD"	NA	NA	NA	NA	NA	NA	NA	"No data points have the baseline factor level"	"abundance"	146	2
"d__Bacteria;p__Bacillota_A;c__Clostridia;o__Oscillospirales;f__Oscillospiraceae;g__Dysosmobacter;s__Dysosmobacter sp900763685"	"Group"	"PD"	"GroupPD"	NA	NA	NA	NA	NA	NA	NA	"No data points have the baseline factor level"	"abundance"	146	2
"d__Bacteria;p__Bacillota_A;c__Clostridia;o__Oscillospirales;f__Oscillospiraceae;g__Dysosmobacter;s__Dysosmobacter sp902490355"	"Group"	"PD"	"GroupPD"	NA	NA	NA	NA	NA	NA	NA	"contrasts can be applied only to factors with 2 or more levels"	"abundance"	146	2
"d__Bacteria;p__Bacillota_A;c__Clostridia;o__Oscillospirales;f__Oscillospiraceae;g__Dysosmobacter;s__Dysosmobacter sp934636905"	"Group"	"PD"	"GroupPD"	NA	NA	NA	NA	NA	NA	NA	"No data points have the baseline factor level"	"abundance"	146	3
"d__Bacteria;p__Bacillota_A;c__Clostridia;o__Oscillospirales;f__Oscillospiraceae;g__Evtepia;s__Evtepia sp022764045"	"Group"	"PD"	"GroupPD"	NA	NA	NA	NA	NA	NA	NA	"No data points have the baseline factor level"	"abundance"	146	4
"d__Bacteria;p__Bacillota_A;c__Clostridia;o__Oscillospirales;f__Oscillospiraceae;g__F23-B02;s__F23-B02 sp000431075"	"Group"	"PD"	"GroupPD"	NA	NA	NA	NA	NA	NA	NA	"No data points have the baseline factor level"	"abundance"	146	4
"d__Bacteria;p__Bacillota_A;c__Clostridia;o__Oscillospirales;f__Oscillospiraceae;g__Faecousia;s__Faecousia sp900540635"	"Group"	"PD"	"GroupPD"	-1.53730982787798	NA	NA	NA	NA	NA	NA	"Fitting error (NA p-value returned from fitting procedure)"	"abundance"	146	2
"d__Bacteria;p__Bacillota_A;c__Clostridia;o__Oscillospirales;f__Oscillospiraceae;g__Faecousia;s__Faecousia sp934667815"	"Group"	"PD"	"GroupPD"	NA	NA	NA	NA	NA	NA	NA	"No data points have the baseline factor level"	"abundance"	146	2
"d__Bacteria;p__Bacillota_A;c__Clostridia;o__Oscillospirales;f__Oscillospiraceae;g__Flavonifractor;s__Flavonifractor avicola"	"Group"	"PD"	"GroupPD"	0.743613513059376	NA	NA	NA	NA	NA	NA	"Fitting error (NA p-value returned from fitting procedure)"	"abundance"	146	2
"d__Bacteria;p__Bacillota_A;c__Clostridia;o__Oscillospirales;f__Oscillospiraceae;g__HGM13006;s__HGM13006 sp905201305"	"Group"	"PD"	"GroupPD"	NA	NA	NA	NA	NA	NA	NA	"No data points have the baseline factor level"	"abundance"	146	2
"d__Bacteria;p__Bacillota_A;c__Clostridia;o__Oscillospirales;f__Oscillospiraceae;g__HGM13010;s__HGM13010 sp900754965"	"Group"	"PD"	"GroupPD"	0.929628304322956	NA	NA	NA	NA	NA	NA	"Fitting error (NA p-value returned from fitting procedure)"	"abundance"	146	2
"d__Bacteria;p__Bacillota_A;c__Clostridia;o__Oscillospirales;f__Oscillospiraceae;g__Hominicoprocola;s__Hominicoprocola sp900546295"	"Group"	"PD"	"GroupPD"	NA	NA	NA	NA	NA	NA	NA	"No data points have the baseline factor level"	"abundance"	146	4
"d__Bacteria;p__Bacillota_A;c__Clostridia;o__Oscillospirales;f__Oscillospiraceae;g__Intestinimonas;s__Intestinimonas timonensis"	"Group"	"PD"	"GroupPD"	NA	NA	NA	NA	NA	NA	NA	"No data points have the baseline factor level"	"abundance"	146	2
"d__Bacteria;p__Bacillota_A;c__Clostridia;o__Oscillospirales;f__Oscillospiraceae;g__Lawsonibacter;s__Lawsonibacter sp002161175"	"Group"	"PD"	"GroupPD"	NA	NA	NA	NA	NA	NA	NA	"No data points have the baseline factor level"	"abundance"	146	2
"d__Bacteria;p__Bacillota_A;c__Clostridia;o__Oscillospirales;f__Oscillospiraceae;g__Lawsonibacter;s__Lawsonibacter sp905215425"	"Group"	"PD"	"GroupPD"	NA	NA	NA	NA	NA	NA	NA	"No data points have the baseline factor level"	"abundance"	146	2
"d__Bacteria;p__Bacillota_A;c__Clostridia;o__Oscillospirales;f__Oscillospiraceae;g__Lawsonibacter;s__Lawsonibacter sp934659475"	"Group"	"PD"	"GroupPD"	NA	NA	NA	NA	NA	NA	NA	"No data points have the baseline factor level"	"abundance"	146	4
"d__Bacteria;p__Bacillota_A;c__Clostridia;o__Oscillospirales;f__Oscillospiraceae;g__Limivicinus;s__Limivicinus sp002320035"	"Group"	"PD"	"GroupPD"	NA	NA	NA	NA	NA	NA	NA	"No data points have the baseline factor level"	"abundance"	146	2
"d__Bacteria;p__Bacillota_A;c__Clostridia;o__Oscillospirales;f__Oscillospiraceae;g__Limivicinus;s__Limivicinus sp900549645"	"Group"	"PD"	"GroupPD"	NA	NA	NA	NA	NA	NA	NA	"No data points have the baseline factor level"	"abundance"	146	2
"d__Bacteria;p__Bacillota_A;c__Clostridia;o__Oscillospirales;f__Oscillospiraceae;g__Pseudoscilispira;s__Pseudoscilispira falkowii"	"Group"	"PD"	"GroupPD"	0.66886717627316	NA	NA	NA	NA	NA	NA	"Fitting error (NA p-value returned from fitting procedure)"	"abundance"	146	2
"d__Bacteria;p__Bacillota_A;c__Clostridia;o__Oscillospirales;f__Oscillospiraceae;g__Scatomorpha;s__Scatomorpha merdigallinarum"	"Group"	"PD"	"GroupPD"	0.0628581577316955	NA	NA	NA	NA	NA	NA	"Fitting error (NA p-value returned from fitting procedure)"	"abundance"	146	2
"d__Bacteria;p__Bacillota_A;c__Clostridia;o__Oscillospirales;f__Oscillospiraceae;g__Scatomorpha;s__Scatomorpha pullicola"	"Group"	"PD"	"GroupPD"	NA	NA	NA	NA	NA	NA	NA	"No data points have the baseline factor level"	"abundance"	146	5
"d__Bacteria;p__Bacillota_A;c__Clostridia;o__Oscillospirales;f__Oscillospiraceae;g__Vermiculatibacterium;s__Vermiculatibacterium sp900169975"	"Group"	"PD"	"GroupPD"	-0.108257532863616	NA	NA	NA	NA	NA	NA	"Fitting error (NA p-value returned from fitting procedure)"	"abundance"	146	2
"d__Bacteria;p__Bacillota_A;c__Clostridia;o__Oscillospirales;f__Oscillospiraceae;g__Vescimonas;s__Vescimonas sp900551355"	"Group"	"PD"	"GroupPD"	NA	NA	NA	NA	NA	NA	NA	"No data points have the baseline factor level"	"abundance"	146	2
"d__Bacteria;p__Bacillota_A;c__Clostridia;o__Oscillospirales;f__Oscillospiraceae;g__Vescimonas;s__Vescimonas sp900551995"	"Group"	"PD"	"GroupPD"	NA	NA	NA	NA	NA	NA	NA	"No data points have the baseline factor level"	"abundance"	146	2
"d__Bacteria;p__Bacillota_A;c__Clostridia;o__Oscillospirales;f__Oscillospiraceae;g__Vescimonas;s__Vescimonas sp900556015"	"Group"	"PD"	"GroupPD"	NA	NA	NA	NA	NA	NA	NA	"No data points have the baseline factor level"	"abundance"	146	2
"d__Bacteria;p__Bacillota_A;c__Clostridia;o__Oscillospirales;f__Oscillospiraceae;g__Vescimonas;s__Vescimonas sp900756715"	"Group"	"PD"	"GroupPD"	0.336182759392782	NA	NA	NA	NA	NA	NA	"Fitting error (NA p-value returned from fitting procedure)"	"abundance"	146	2
"d__Bacteria;p__Bacillota_A;c__Clostridia;o__Oscillospirales;f__Oscillospiraceae;g__Vescimonas;s__Vescimonas sp900757415"	"Group"	"PD"	"GroupPD"	NA	NA	NA	NA	NA	NA	NA	"No data points have the baseline factor level"	"abundance"	146	2
"d__Bacteria;p__Bacillota_A;c__Clostridia;o__Oscillospirales;f__QAKW01;g__RGIG9041;s__RGIG9041 sp902492505"	"Group"	"PD"	"GroupPD"	NA	NA	NA	NA	NA	NA	NA	"No data points have the baseline factor level"	"abundance"	146	3
"d__Bacteria;p__Bacillota_A;c__Clostridia;o__Oscillospirales;f__QAMX01;g__QAMX01;s__QAMX01 sp003149835"	"Group"	"PD"	"GroupPD"	NA	NA	NA	NA	NA	NA	NA	"No data points have the baseline factor level"	"abundance"	146	2
"d__Bacteria;p__Bacillota_A;c__Clostridia;o__Oscillospirales;f__Ruminococcaceae;g__Anaerofilum;s__Anaerofilum excrementigallinarum"	"Group"	"PD"	"GroupPD"	NA	NA	NA	NA	NA	NA	NA	"No data points have the baseline factor level"	"abundance"	146	2
"d__Bacteria;p__Bacillota_A;c__Clostridia;o__Oscillospirales;f__Ruminococcaceae;g__Anaerotruncus;s__Anaerotruncus sp902490045"	"Group"	"PD"	"GroupPD"	NA	NA	NA	NA	NA	NA	NA	"No data points have the baseline factor level"	"abundance"	146	6
"d__Bacteria;p__Bacillota_A;c__Clostridia;o__Oscillospirales;f__Ruminococcaceae;g__Faecivivens;s__Faecivivens sp944386805"	"Group"	"PD"	"GroupPD"	NA	NA	NA	NA	NA	NA	NA	"No data points have the baseline factor level"	"abundance"	146	2
"d__Bacteria;p__Bacillota_A;c__Clostridia;o__Oscillospirales;f__Ruminococcaceae;g__Faecivivens;s__Faecivivens stercoravium"	"Group"	"PD"	"GroupPD"	NA	NA	NA	NA	NA	NA	NA	"No data points have the baseline factor level"	"abundance"	146	3
"d__Bacteria;p__Bacillota_A;c__Clostridia;o__Oscillospirales;f__Ruminococcaceae;g__Fournierella;s__Fournierella sp900543285"	"Group"	"PD"	"GroupPD"	NA	NA	NA	NA	NA	NA	NA	"No data points have the baseline factor level"	"abundance"	146	8
"d__Bacteria;p__Bacillota_A;c__Clostridia;o__Oscillospirales;f__Ruminococcaceae;g__Gemmiger;s__Gemmiger avistercoris"	"Group"	"PD"	"GroupPD"	NA	NA	NA	NA	NA	NA	NA	"No data points have the baseline factor level"	"abundance"	146	4
"d__Bacteria;p__Bacillota_A;c__Clostridia;o__Oscillospirales;f__Ruminococcaceae;g__Gemmiger;s__Gemmiger formicilis_A"	"Group"	"PD"	"GroupPD"	-2.86459921676452	NA	NA	NA	NA	NA	NA	"Fitting error (NA p-value returned from fitting procedure)"	"abundance"	146	2
"d__Bacteria;p__Bacillota_A;c__Clostridia;o__Oscillospirales;f__Ruminococcaceae;g__Gemmiger;s__Gemmiger formicilis_B"	"Group"	"PD"	"GroupPD"	NA	NA	NA	NA	NA	NA	NA	"No data points have the baseline factor level"	"abundance"	146	3
"d__Bacteria;p__Bacillota_A;c__Clostridia;o__Oscillospirales;f__Ruminococcaceae;g__Gemmiger;s__Gemmiger sp900554145"	"Group"	"PD"	"GroupPD"	NA	NA	NA	NA	NA	NA	NA	"contrasts can be applied only to factors with 2 or more levels"	"abundance"	146	2
"d__Bacteria;p__Bacillota_A;c__Clostridia;o__Oscillospirales;f__Ruminococcaceae;g__Massiliimalia;s__Massiliimalia massiliensis"	"Group"	"PD"	"GroupPD"	NA	NA	NA	NA	NA	NA	NA	"No data points have the baseline factor level"	"abundance"	146	13
"d__Bacteria;p__Bacillota_A;c__Clostridia;o__Oscillospirales;f__Ruminococcaceae;g__Massiliimalia;s__Massiliimalia timonensis"	"Group"	"PD"	"GroupPD"	NA	NA	NA	NA	NA	NA	NA	"No data points have the baseline factor level"	"abundance"	146	6
"d__Bacteria;p__Bacillota_A;c__Clostridia;o__Oscillospirales;f__Ruminococcaceae;g__Merdimmobilis;s__Merdimmobilis hominis"	"Group"	"PD"	"GroupPD"	NA	NA	NA	NA	NA	NA	NA	"No data points have the baseline factor level"	"abundance"	146	2
"d__Bacteria;p__Bacillota_A;c__Clostridia;o__Oscillospirales;f__Ruminococcaceae;g__Metaruminococcus_A;s__Metaruminococcus_A gallistercoris"	"Group"	"PD"	"GroupPD"	NA	NA	NA	NA	NA	NA	NA	"No data points have the baseline factor level"	"abundance"	146	4
"d__Bacteria;p__Bacillota_A;c__Clostridia;o__Oscillospirales;f__Ruminococcaceae;g__Ruminiclostridium_E;s__Ruminiclostridium_E sp003512525"	"Group"	"PD"	"GroupPD"	NA	NA	NA	NA	NA	NA	NA	"contrasts can be applied only to factors with 2 or more levels"	"abundance"	146	2
"d__Bacteria;p__Bacillota_A;c__Clostridia;o__Oscillospirales;f__Ruminococcaceae;g__Ruminococcus_C;s__Ruminococcus_C sp000437255"	"Group"	"PD"	"GroupPD"	NA	NA	NA	NA	NA	NA	NA	"No data points have the baseline factor level"	"abundance"	146	2
"d__Bacteria;p__Bacillota_A;c__Clostridia;o__Oscillospirales;f__Ruminococcaceae;g__Ruminococcus_F;s__Ruminococcus_F champanellensis"	"Group"	"PD"	"GroupPD"	NA	NA	NA	NA	NA	NA	NA	"No data points have the baseline factor level"	"abundance"	146	2
"d__Bacteria;p__Bacillota_A;c__Clostridia;o__Oscillospirales;f__Ruminococcaceae;g__Ruthenibacterium;s__"	"Group"	"PD"	"GroupPD"	NA	NA	NA	NA	NA	NA	NA	"No data points have the baseline factor level"	"abundance"	146	14
"d__Bacteria;p__Bacillota_A;c__Clostridia;o__Oscillospirales;f__Ruminococcaceae;g__Ruthenibacterium;s__Ruthenibacterium merdigallinarum"	"Group"	"PD"	"GroupPD"	-0.904549556123898	NA	NA	NA	NA	NA	NA	"Fitting error (NA p-value returned from fitting procedure)"	"abundance"	146	2
"d__Bacteria;p__Bacillota_A;c__Clostridia;o__Oscillospirales;f__Ruminococcaceae;g__Ruthenibacterium;s__Ruthenibacterium sp905212515"	"Group"	"PD"	"GroupPD"	NA	NA	NA	NA	NA	NA	NA	"No data points have the baseline factor level"	"abundance"	146	3
"d__Bacteria;p__Bacillota_A;c__Clostridia;o__Oscillospirales;f__Ruminococcaceae;g__Ruthenibacterium;s__Ruthenibacterium sp944386565"	"Group"	"PD"	"GroupPD"	NA	NA	NA	NA	NA	NA	NA	"No data points have the baseline factor level"	"abundance"	146	3
"d__Bacteria;p__Bacillota_A;c__Clostridia;o__Oscillospirales;f__Ruminococcaceae;g__UMGS1601;s__UMGS1601 sp900545345"	"Group"	"PD"	"GroupPD"	-2.00994387202698	NA	NA	NA	NA	NA	NA	"Fitting error (NA p-value returned from fitting procedure)"	"abundance"	146	2
"d__Bacteria;p__Bacillota_A;c__Clostridia;o__Oscillospirales;f__UBA644;g__Geddesella;s__Geddesella stercoravicola"	"Group"	"PD"	"GroupPD"	NA	NA	NA	NA	NA	NA	NA	"No data points have the baseline factor level"	"abundance"	146	3
"d__Bacteria;p__Bacillota_A;c__Clostridia;o__Oscillospirales;f__UMGS1783;g__UMGS1783;s__UMGS1783 sp905209135"	"Group"	"PD"	"GroupPD"	NA	NA	NA	NA	NA	NA	NA	"No data points have the baseline factor level"	"abundance"	146	6
"d__Bacteria;p__Bacillota_A;c__Clostridia;o__Peptostreptococcales;f__Anaerovoracaceae;g__Baileyella;s__Baileyella intestinalis"	"Group"	"PD"	"GroupPD"	NA	NA	NA	NA	NA	NA	NA	"No data points have the baseline factor level"	"abundance"	146	4
"d__Bacteria;p__Bacillota_A;c__Clostridia;o__Peptostreptococcales;f__Anaerovoracaceae;g__CAG-238;s__CAG-238 sp934277695"	"Group"	"PD"	"GroupPD"	NA	NA	NA	NA	NA	NA	NA	"No data points have the baseline factor level"	"abundance"	146	7
"d__Bacteria;p__Bacillota_A;c__Clostridia;o__Peptostreptococcales;f__Anaerovoracaceae;g__Emergencia;s__Emergencia sp937894585"	"Group"	"PD"	"GroupPD"	0.220305350153105	NA	NA	NA	NA	NA	NA	"Fitting error (NA p-value returned from fitting procedure)"	"abundance"	146	2
"d__Bacteria;p__Bacillota_A;c__Clostridia;o__Peptostreptococcales;f__Anaerovoracaceae;g__Fimisoma;s__Fimisoma sp002320005"	"Group"	"PD"	"GroupPD"	NA	NA	NA	NA	NA	NA	NA	"No data points have the baseline factor level"	"abundance"	146	3
"d__Bacteria;p__Bacillota_A;c__Clostridia;o__Peptostreptococcales;f__Anaerovoracaceae;g__Hominibacterium;s__Hominibacterium sp020558355"	"Group"	"PD"	"GroupPD"	NA	NA	NA	NA	NA	NA	NA	"contrasts can be applied only to factors with 2 or more levels"	"abundance"	146	2
"d__Bacteria;p__Bacillota_A;c__Clostridia;o__Peptostreptococcales;f__Anaerovoracaceae;g__Lentihominibacter;s__Lentihominibacter hominis"	"Group"	"PD"	"GroupPD"	NA	NA	NA	NA	NA	NA	NA	"No data points have the baseline factor level"	"abundance"	146	9
"d__Bacteria;p__Bacillota_A;c__Clostridia;o__Peptostreptococcales;f__Anaerovoracaceae;g__Lentihominibacter;s__Lentihominibacter sp902495595"	"Group"	"PD"	"GroupPD"	NA	NA	NA	NA	NA	NA	NA	"No data points have the baseline factor level"	"abundance"	146	2
"d__Bacteria;p__Bacillota_A;c__Clostridia;o__Peptostreptococcales;f__Anaerovoracaceae;g__Mogibacterium_A;s__Mogibacterium_A kristiansenii"	"Group"	"PD"	"GroupPD"	NA	NA	NA	NA	NA	NA	NA	"No data points have the baseline factor level"	"abundance"	146	5
"d__Bacteria;p__Bacillota_A;c__Clostridia;o__Peptostreptococcales;f__Anaerovoracaceae;g__QAKD01;s__QAKD01 sp944386585"	"Group"	"PD"	"GroupPD"	NA	NA	NA	NA	NA	NA	NA	"No data points have the baseline factor level"	"abundance"	146	2
"d__Bacteria;p__Bacillota_A;c__Clostridia;o__TANB77;f__CAG-465;g__CAG-465;s__CAG-465 sp000433135"	"Group"	"PD"	"GroupPD"	NA	NA	NA	NA	NA	NA	NA	"contrasts can be applied only to factors with 2 or more levels"	"abundance"	146	2
"d__Bacteria;p__Bacillota_A;c__Clostridia;o__TANB77;f__CAG-465;g__CAG-465;s__CAG-465 sp000433755"	"Group"	"PD"	"GroupPD"	NA	NA	NA	NA	NA	NA	NA	"No data points have the baseline factor level"	"abundance"	146	3
"d__Bacteria;p__Bacillota_A;c__Clostridia;o__TANB77;f__CAG-508;g__CAG-245;s__CAG-245 sp900758165"	"Group"	"PD"	"GroupPD"	1.65524474363515	NA	NA	NA	NA	NA	NA	"Fitting error (NA p-value returned from fitting procedure)"	"abundance"	146	2
"d__Bacteria;p__Bacillota_A;c__Clostridia;o__TANB77;f__CAG-508;g__CAG-245;s__CAG-245 sp934122035"	"Group"	"PD"	"GroupPD"	NA	NA	NA	NA	NA	NA	NA	"No data points have the baseline factor level"	"abundance"	146	2
"d__Bacteria;p__Bacillota_A;c__Clostridia;o__TANB77;f__CAG-508;g__CAG-269;s__CAG-269 sp000438255"	"Group"	"PD"	"GroupPD"	-0.433887297629833	NA	NA	NA	NA	NA	NA	"Fitting error (NA p-value returned from fitting procedure)"	"abundance"	146	2
"d__Bacteria;p__Bacillota_A;c__Clostridia;o__TANB77;f__CAG-508;g__CAG-269;s__CAG-269 sp900554565"	"Group"	"PD"	"GroupPD"	NA	NA	NA	NA	NA	NA	NA	"contrasts can be applied only to factors with 2 or more levels"	"abundance"	146	2
"d__Bacteria;p__Bacillota_A;c__Clostridia;o__TANB77;f__CAG-508;g__CAG-269;s__CAG-269 sp900762425"	"Group"	"PD"	"GroupPD"	NA	NA	NA	NA	NA	NA	NA	"No data points have the baseline factor level"	"abundance"	146	3
"d__Bacteria;p__Bacillota_A;c__Clostridia;o__TANB77;f__CAG-508;g__CAG-269;s__CAG-269 sp934149075"	"Group"	"PD"	"GroupPD"	-0.675074973100171	NA	NA	NA	NA	NA	NA	"Fitting error (NA p-value returned from fitting procedure)"	"abundance"	146	2
"d__Bacteria;p__Bacillota_A;c__Clostridia;o__TANB77;f__CAG-508;g__CAG-273;s__CAG-273 sp900752095"	"Group"	"PD"	"GroupPD"	0.462701214601485	NA	NA	NA	NA	NA	NA	"Fitting error (NA p-value returned from fitting procedure)"	"abundance"	146	2
"d__Bacteria;p__Bacillota_A;c__Clostridia;o__TANB77;f__CAG-508;g__CAG-273;s__CAG-273 sp946500265"	"Group"	"PD"	"GroupPD"	NA	NA	NA	NA	NA	NA	NA	"No data points have the baseline factor level"	"abundance"	146	2
"d__Bacteria;p__Bacillota_A;c__Clostridia;o__TANB77;f__CAG-508;g__CAG-452;s__CAG-452 sp000434035"	"Group"	"PD"	"GroupPD"	NA	NA	NA	NA	NA	NA	NA	"No data points have the baseline factor level"	"abundance"	146	2
"d__Bacteria;p__Bacillota_A;c__Clostridia;o__TANB77;f__CAG-508;g__CAG-492;s__CAG-492 sp000434015"	"Group"	"PD"	"GroupPD"	NA	NA	NA	NA	NA	NA	NA	"No data points have the baseline factor level"	"abundance"	146	2
"d__Bacteria;p__Bacillota_A;c__Clostridia;o__TANB77;f__CAG-508;g__CAG-492;s__CAG-492 sp000434335"	"Group"	"PD"	"GroupPD"	NA	NA	NA	NA	NA	NA	NA	"No data points have the baseline factor level"	"abundance"	146	2
"d__Bacteria;p__Bacillota_A;c__Clostridia;o__TANB77;f__CAG-508;g__CAG-793;s__CAG-793 sp900557475"	"Group"	"PD"	"GroupPD"	NA	NA	NA	NA	NA	NA	NA	"No data points have the baseline factor level"	"abundance"	146	3
"d__Bacteria;p__Bacillota_A;c__Clostridia;o__TANB77;f__CAG-508;g__UMGS1754;s__UMGS1754 sp900759475"	"Group"	"PD"	"GroupPD"	NA	NA	NA	NA	NA	NA	NA	"contrasts can be applied only to factors with 2 or more levels"	"abundance"	146	3
"d__Bacteria;p__Bacillota_A;c__Clostridia;o__TANB77;f__CAG-508;g__UMGS1901;s__UMGS1901 sp900553755"	"Group"	"PD"	"GroupPD"	NA	NA	NA	NA	NA	NA	NA	"contrasts can be applied only to factors with 2 or more levels"	"abundance"	146	2
"d__Bacteria;p__Bacillota_A;c__Clostridia;o__UBA1381;f__UBA1381;g__Ornithomonoglobus_A;s__Ornithomonoglobus_A intestinigallinarum"	"Group"	"PD"	"GroupPD"	NA	NA	NA	NA	NA	NA	NA	"No data points have the baseline factor level"	"abundance"	146	2
"d__Bacteria;p__Bacillota_A;c__Clostridia;o__UBA1381;f__UBA9506;g__Congzhengia;s__Congzhengia minquanensis"	"Group"	"PD"	"GroupPD"	2.43432373875714	NA	NA	NA	NA	NA	NA	"Fitting error (NA p-value returned from fitting procedure)"	"abundance"	146	2
"d__Bacteria;p__Bacillota_A;c__Clostridia;o__UMGS1810;f__UMGS1810;g__Qingrenia;s__Qingrenia yutianensis"	"Group"	"PD"	"GroupPD"	-0.260968750037778	NA	NA	NA	NA	NA	NA	"Fitting error (NA p-value returned from fitting procedure)"	"abundance"	146	2
"d__Bacteria;p__Bacillota_A;c__Clostridia;o__UMGS1810;f__UMGS1810;g__RGIG8748;s__RGIG8748 sp934500705"	"Group"	"PD"	"GroupPD"	NA	NA	NA	NA	NA	NA	NA	"No data points have the baseline factor level"	"abundance"	146	2
"d__Bacteria;p__Bacillota_A;c__Clostridia;o__UMGS1883;f__UMGS1540;g__CALCLY01;s__CALCLY01 sp900552775"	"Group"	"PD"	"GroupPD"	NA	NA	NA	NA	NA	NA	NA	"No data points have the baseline factor level"	"abundance"	146	2
"d__Bacteria;p__Bacillota_B;c__Dehalobacteriia;o__UBA7702;f__UBA7702;g__UBA7702;s__UBA7702 sp934702375"	"Group"	"PD"	"GroupPD"	NA	NA	NA	NA	NA	NA	NA	"No data points have the baseline factor level"	"abundance"	146	2
"d__Bacteria;p__Bacillota_B;c__Peptococcia;o__Peptococcales;f__Peptococcaceae;g__UBA7185;s__UBA7185 sp900756555"	"Group"	"PD"	"GroupPD"	NA	NA	NA	NA	NA	NA	NA	"No data points have the baseline factor level"	"abundance"	146	2
"d__Bacteria;p__Bacillota_B;c__Peptococcia;o__Peptococcales;f__Peptococcaceae;g__UBA7185;s__UBA7185 sp902462325"	"Group"	"PD"	"GroupPD"	-0.0954314957215503	NA	NA	NA	NA	NA	NA	"Fitting error (NA p-value returned from fitting procedure)"	"abundance"	146	2
"d__Bacteria;p__Bacillota_B;c__Peptococcia;o__Peptococcales;f__Peptococcaceae;g__UBA7185;s__UBA7185 sp910585405"	"Group"	"PD"	"GroupPD"	NA	NA	NA	NA	NA	NA	NA	"contrasts can be applied only to factors with 2 or more levels"	"abundance"	146	2
"d__Bacteria;p__Bacillota_C;c__Negativicutes;o__Selenomonadales;f__ICN-92133;g__Selenobaculum;s__Selenobaculum gbiensis"	"Group"	"PD"	"GroupPD"	NA	NA	NA	NA	NA	NA	NA	"No data points have the baseline factor level"	"abundance"	146	2
"d__Bacteria;p__Bacillota_C;c__Negativicutes;o__Veillonellales;f__Dialisteraceae;g__Allisonella;s__Allisonella pneumosinta"	"Group"	"PD"	"GroupPD"	-0.396600717661281	NA	NA	NA	NA	NA	NA	"Fitting error (NA p-value returned from fitting procedure)"	"abundance"	146	2
"d__Bacteria;p__Bacillota_C;c__Negativicutes;o__Veillonellales;f__Dialisteraceae;g__Dialister;s__Dialister sp000434475"	"Group"	"PD"	"GroupPD"	-1.01206626376855	NA	NA	NA	NA	NA	NA	"Fitting error (NA p-value returned from fitting procedure)"	"abundance"	146	2
"d__Bacteria;p__Bacillota_C;c__Negativicutes;o__Veillonellales;f__Dialisteraceae;g__Dialister;s__Dialister succinatiphilus"	"Group"	"PD"	"GroupPD"	NA	NA	NA	NA	NA	NA	NA	"No data points have the baseline factor level"	"abundance"	146	2
"d__Bacteria;p__Bacillota_C;c__Negativicutes;o__Veillonellales;f__Megasphaeraceae;g__Anaeroglobus;s__Anaeroglobus geminatus"	"Group"	"PD"	"GroupPD"	NA	NA	NA	NA	NA	NA	NA	"No data points have the baseline factor level"	"abundance"	146	2
"d__Bacteria;p__Bacillota_C;c__Negativicutes;o__Veillonellales;f__Megasphaeraceae;g__Megasphaera;s__Megasphaera sp001546855"	"Group"	"PD"	"GroupPD"	NA	NA	NA	NA	NA	NA	NA	"No data points have the baseline factor level"	"abundance"	146	2
"d__Bacteria;p__Bacillota_I;c__Bacilli_A;o__Acholeplasmatales;f__Anaeroplasmataceae;g__CAG-307;s__CAG-307 sp001916215"	"Group"	"PD"	"GroupPD"	NA	NA	NA	NA	NA	NA	NA	"contrasts can be applied only to factors with 2 or more levels"	"abundance"	146	2
"d__Bacteria;p__Bacillota_I;c__Bacilli_A;o__Erysipelotrichales;f__Coprobacillaceae;g__Allocoprobacillus;s__Allocoprobacillus halotolerans"	"Group"	"PD"	"GroupPD"	NA	NA	NA	NA	NA	NA	NA	"No data points have the baseline factor level"	"abundance"	146	2
"d__Bacteria;p__Bacillota_I;c__Bacilli_A;o__Erysipelotrichales;f__Coprobacillaceae;g__Catenibacterium;s__Catenibacterium faecis"	"Group"	"PD"	"GroupPD"	NA	NA	NA	NA	NA	NA	NA	"No data points have the baseline factor level"	"abundance"	146	4
"d__Bacteria;p__Bacillota_I;c__Bacilli_A;o__Erysipelotrichales;f__Coprobacillaceae;g__Catenibacterium;s__Catenibacterium mitsuokai"	"Group"	"PD"	"GroupPD"	NA	NA	NA	NA	NA	NA	NA	"No data points have the baseline factor level"	"abundance"	146	2
"d__Bacteria;p__Bacillota_I;c__Bacilli_A;o__Erysipelotrichales;f__Coprobacillaceae;g__Faecalibacillus;s__Faecalibacillus sp900544435"	"Group"	"PD"	"GroupPD"	0.0201162307208739	NA	NA	NA	NA	NA	NA	"Fitting error (NA p-value returned from fitting procedure)"	"abundance"	146	2
"d__Bacteria;p__Bacillota_I;c__Bacilli_A;o__Erysipelotrichales;f__Coprobacillaceae;g__Thomasclavelia;s__Thomasclavelia merdavium"	"Group"	"PD"	"GroupPD"	NA	NA	NA	NA	NA	NA	NA	"No data points have the baseline factor level"	"abundance"	146	3
"d__Bacteria;p__Bacillota_I;c__Bacilli_A;o__Erysipelotrichales;f__Coprobacillaceae;g__Thomasclavelia;s__Thomasclavelia spiroformis_A"	"Group"	"PD"	"GroupPD"	-0.358097331686175	NA	NA	NA	NA	NA	NA	"Fitting error (NA p-value returned from fitting procedure)"	"abundance"	146	2
"d__Bacteria;p__Bacillota_I;c__Bacilli_A;o__Erysipelotrichales;f__Erysipelotrichaceae;g__Amedibacterium;s__Amedibacterium intestinale"	"Group"	"PD"	"GroupPD"	NA	NA	NA	NA	NA	NA	NA	"No data points have the baseline factor level"	"abundance"	146	4
"d__Bacteria;p__Bacillota_I;c__Bacilli_A;o__Erysipelotrichales;f__Erysipelotrichaceae;g__Bulleidia;s__Bulleidia sp900539965"	"Group"	"PD"	"GroupPD"	NA	NA	NA	NA	NA	NA	NA	"No data points have the baseline factor level"	"abundance"	146	2
"d__Bacteria;p__Bacillota_I;c__Bacilli_A;o__Erysipelotrichales;f__Erysipelotrichaceae;g__Faecalicoccus;s__Faecalicoccus pleomorphus"	"Group"	"PD"	"GroupPD"	-0.161196649961217	NA	NA	NA	NA	NA	NA	"Fitting error (NA p-value returned from fitting procedure)"	"abundance"	146	2
"d__Bacteria;p__Bacillota_I;c__Bacilli_A;o__Erysipelotrichales;f__Erysipelotrichaceae;g__Faecalitalea;s__Faecalitalea cylindroides"	"Group"	"PD"	"GroupPD"	NA	NA	NA	NA	NA	NA	NA	"No data points have the baseline factor level"	"abundance"	146	8
"d__Bacteria;p__Bacillota_I;c__Bacilli_A;o__Erysipelotrichales;f__Erysipelotrichaceae;g__Holdemanella;s__Holdemanella sp003458715"	"Group"	"PD"	"GroupPD"	NA	NA	NA	NA	NA	NA	NA	"No data points have the baseline factor level"	"abundance"	146	2
"d__Bacteria;p__Bacillota_I;c__Bacilli_A;o__Erysipelotrichales;f__Erysipelotrichaceae;g__Holdemania;s__Holdemania sp900120005"	"Group"	"PD"	"GroupPD"	NA	NA	NA	NA	NA	NA	NA	"No data points have the baseline factor level"	"abundance"	146	4
"d__Bacteria;p__Bacillota_I;c__Bacilli_A;o__RF39;f__UBA660;g__Aphodocola;s__Aphodocola sp000434835"	"Group"	"PD"	"GroupPD"	NA	NA	NA	NA	NA	NA	NA	"No data points have the baseline factor level"	"abundance"	146	5
"d__Bacteria;p__Bacillota_I;c__Bacilli_A;o__RF39;f__UBA660;g__CAG-433;s__CAG-433 sp000433675"	"Group"	"PD"	"GroupPD"	NA	NA	NA	NA	NA	NA	NA	"No data points have the baseline factor level"	"abundance"	146	2
"d__Bacteria;p__Bacillota_I;c__Bacilli_A;o__RF39;f__UBA660;g__CAG-433;s__CAG-433 sp900546245"	"Group"	"PD"	"GroupPD"	-1.67219365041394	NA	NA	NA	NA	NA	NA	"Fitting error (NA p-value returned from fitting procedure)"	"abundance"	146	2
"d__Bacteria;p__Bacillota_I;c__Bacilli_A;o__RF39;f__UBA660;g__CAG-611;s__CAG-611 sp900552235"	"Group"	"PD"	"GroupPD"	NA	NA	NA	NA	NA	NA	NA	"No data points have the baseline factor level"	"abundance"	146	4
"d__Bacteria;p__Bacillota_I;c__Bacilli_A;o__RF39;f__UBA660;g__CAG-884;s__CAG-884 sp000433875"	"Group"	"PD"	"GroupPD"	NA	NA	NA	NA	NA	NA	NA	"No data points have the baseline factor level"	"abundance"	146	2
"d__Bacteria;p__Bacillota_I;c__Bacilli_A;o__RF39;f__UBA660;g__CAG-1000;s__CAG-1000 sp000434555"	"Group"	"PD"	"GroupPD"	NA	NA	NA	NA	NA	NA	NA	"No data points have the baseline factor level"	"abundance"	146	3
"d__Bacteria;p__Bacillota_I;c__Bacilli_A;o__RF39;f__UBA660;g__CAG-1193;s__CAG-1193 sp000436255"	"Group"	"PD"	"GroupPD"	0.00324185272477838	NA	NA	NA	NA	NA	NA	"Fitting error (NA p-value returned from fitting procedure)"	"abundance"	146	2
"d__Bacteria;p__Bacillota_I;c__Bacilli_A;o__RF39;f__UBA660;g__CAG-1193;s__CAG-1193 sp900550145"	"Group"	"PD"	"GroupPD"	NA	NA	NA	NA	NA	NA	NA	"No data points have the baseline factor level"	"abundance"	146	4
"d__Bacteria;p__Bacillota_I;c__Bacilli_A;o__RF39;f__UBA660;g__CALVXC01;s__CALVXC01 sp944368805"	"Group"	"PD"	"GroupPD"	NA	NA	NA	NA	NA	NA	NA	"No data points have the baseline factor level"	"abundance"	146	3
"d__Bacteria;p__Bacillota_I;c__Bacilli_A;o__RF39;f__UBA660;g__Caccenecus;s__Caccenecus sp000438195"	"Group"	"PD"	"GroupPD"	NA	NA	NA	NA	NA	NA	NA	"No data points have the baseline factor level"	"abundance"	146	2
"d__Bacteria;p__Bacillota_I;c__Bacilli_A;o__RF39;f__UBA660;g__Coprosoma;s__Coprosoma sp900546055"	"Group"	"PD"	"GroupPD"	NA	NA	NA	NA	NA	NA	NA	"No data points have the baseline factor level"	"abundance"	146	2
"d__Bacteria;p__Bacillota_I;c__Bacilli_A;o__RF39;f__UBA660;g__Faecisoma;s__Faecisoma sp000432255"	"Group"	"PD"	"GroupPD"	NA	NA	NA	NA	NA	NA	NA	"No data points have the baseline factor level"	"abundance"	146	2
"d__Bacteria;p__Bacillota_I;c__Bacilli_A;o__RF39;f__UBA660;g__JALELF01;s__JALELF01 sp022771715"	"Group"	"PD"	"GroupPD"	NA	NA	NA	NA	NA	NA	NA	"No data points have the baseline factor level"	"abundance"	146	2
"d__Bacteria;p__Bacillota_I;c__Bacilli_A;o__RF39;f__UBA660;g__Onthocola_B;s__Onthocola_B sp000438075"	"Group"	"PD"	"GroupPD"	NA	NA	NA	NA	NA	NA	NA	"No data points have the baseline factor level"	"abundance"	146	2
"d__Bacteria;p__Bacillota_I;c__Bacilli_A;o__RF39;f__UBA660;g__Onthousia;s__Onthousia sp934130405"	"Group"	"PD"	"GroupPD"	0.0868604971317248	NA	NA	NA	NA	NA	NA	"Fitting error (NA p-value returned from fitting procedure)"	"abundance"	146	2
"d__Bacteria;p__Bacillota_I;c__Bacilli_A;o__RF39;f__UBA660;g__Scybalousia;s__Scybalousia sp900542735"	"Group"	"PD"	"GroupPD"	NA	NA	NA	NA	NA	NA	NA	"contrasts can be applied only to factors with 2 or more levels"	"abundance"	146	2
"d__Bacteria;p__Bacillota_I;c__Bacilli_A;o__RF39;f__UBA660;g__UMGS995;s__UMGS995 sp900547465"	"Group"	"PD"	"GroupPD"	0.457924834812546	NA	NA	NA	NA	NA	NA	"Fitting error (NA p-value returned from fitting procedure)"	"abundance"	146	2
"d__Bacteria;p__Bacillota_I;c__Bacilli_A;o__RF39;f__UBA660;g__UMGS1572;s__UMGS1572 sp900553045"	"Group"	"PD"	"GroupPD"	-0.637916099496786	NA	NA	NA	NA	NA	NA	"Fitting error (NA p-value returned from fitting procedure)"	"abundance"	146	2
"d__Bacteria;p__Bacillota_I;c__Bacilli_A;o__RF39;f__UBA660;g__UMGS2016;s__UMGS2016 sp900557185"	"Group"	"PD"	"GroupPD"	NA	NA	NA	NA	NA	NA	NA	"No data points have the baseline factor level"	"abundance"	146	2
"d__Bacteria;p__Bacillota_I;c__Bacilli_A;o__RF39;f__UBA660;g__UMGS2016;s__UMGS2016 sp944332375"	"Group"	"PD"	"GroupPD"	NA	NA	NA	NA	NA	NA	NA	"No data points have the baseline factor level"	"abundance"	146	2
"d__Bacteria;p__Bacillota_I;c__Bacilli_A;o__RFN20;f__CAG-449;g__CAG-449;s__CAG-449 sp900551385"	"Group"	"PD"	"GroupPD"	-0.101655842936244	NA	NA	NA	NA	NA	NA	"Fitting error (NA p-value returned from fitting procedure)"	"abundance"	146	2
"d__Bacteria;p__Bacillota_I;c__Bacilli_A;o__RFN20;f__CAG-631;g__Caccosoma;s__Caccosoma faecigallinarum"	"Group"	"PD"	"GroupPD"	-0.0704438279739958	NA	NA	NA	NA	NA	NA	"Fitting error (NA p-value returned from fitting procedure)"	"abundance"	146	2
"d__Bacteria;p__Bacteroidota;c__Bacteroidia;o__Bacteroidales;f__Bacteroidaceae;g__Bacteroides;s__Bacteroides sp902491285"	"Group"	"PD"	"GroupPD"	0.685479399402233	NA	NA	NA	NA	NA	NA	"Fitting error (NA p-value returned from fitting procedure)"	"abundance"	146	2
"d__Bacteria;p__Bacteroidota;c__Bacteroidia;o__Bacteroidales;f__Bacteroidaceae;g__Phocaeicola;s__Phocaeicola faecalis"	"Group"	"PD"	"GroupPD"	-0.231829752926683	NA	NA	NA	NA	NA	NA	"Fitting error (NA p-value returned from fitting procedure)"	"abundance"	146	2
"d__Bacteria;p__Bacteroidota;c__Bacteroidia;o__Bacteroidales;f__Bacteroidaceae;g__Phocaeicola;s__Phocaeicola mediterraneensis_A"	"Group"	"PD"	"GroupPD"	NA	NA	NA	NA	NA	NA	NA	"No data points have the baseline factor level"	"abundance"	146	2
"d__Bacteria;p__Bacteroidota;c__Bacteroidia;o__Bacteroidales;f__Bacteroidaceae;g__Phocaeicola;s__Phocaeicola plebeius_A"	"Group"	"PD"	"GroupPD"	2.52714872654486	NA	NA	NA	NA	NA	NA	"Fitting error (NA p-value returned from fitting procedure)"	"abundance"	146	2
"d__Bacteria;p__Bacteroidota;c__Bacteroidia;o__Bacteroidales;f__Bacteroidaceae;g__Phocaeicola;s__Phocaeicola sp900557085"	"Group"	"PD"	"GroupPD"	NA	NA	NA	NA	NA	NA	NA	"No data points have the baseline factor level"	"abundance"	146	2
"d__Bacteria;p__Bacteroidota;c__Bacteroidia;o__Bacteroidales;f__Bacteroidaceae;g__Phocaeicola_A;s__Phocaeicola_A sp900291465"	"Group"	"PD"	"GroupPD"	1.31111076509371	NA	NA	NA	NA	NA	NA	"Fitting error (NA p-value returned from fitting procedure)"	"abundance"	146	2
"d__Bacteria;p__Bacteroidota;c__Bacteroidia;o__Bacteroidales;f__Bacteroidaceae;g__Prevotella;s__Prevotella sp002251385"	"Group"	"PD"	"GroupPD"	0.078440256462071	NA	NA	NA	NA	NA	NA	"Fitting error (NA p-value returned from fitting procedure)"	"abundance"	146	2
"d__Bacteria;p__Bacteroidota;c__Bacteroidia;o__Bacteroidales;f__Bacteroidaceae;g__Prevotella;s__Prevotella sp002265625"	"Group"	"PD"	"GroupPD"	1.04563063514179	NA	NA	NA	NA	NA	NA	"Fitting error (NA p-value returned from fitting procedure)"	"abundance"	146	2
"d__Bacteria;p__Bacteroidota;c__Bacteroidia;o__Bacteroidales;f__Bacteroidaceae;g__Prevotella;s__Prevotella sp900557035"	"Group"	"PD"	"GroupPD"	NA	NA	NA	NA	NA	NA	NA	"contrasts can be applied only to factors with 2 or more levels"	"abundance"	146	3
"d__Bacteria;p__Bacteroidota;c__Bacteroidia;o__Bacteroidales;f__Bacteroidaceae;g__Prevotella;s__Prevotella timonensis"	"Group"	"PD"	"GroupPD"	NA	NA	NA	NA	NA	NA	NA	"No data points have the baseline factor level"	"abundance"	146	2
"d__Bacteria;p__Bacteroidota;c__Bacteroidia;o__Bacteroidales;f__Bacteroidaceae;g__UBA6398;s__UBA6398 sp003150315"	"Group"	"PD"	"GroupPD"	NA	NA	NA	NA	NA	NA	NA	"No data points have the baseline factor level"	"abundance"	146	2
"d__Bacteria;p__Bacteroidota;c__Bacteroidia;o__Bacteroidales;f__Coprobacteraceae;g__Coprobacter;s__Coprobacter tertius"	"Group"	"PD"	"GroupPD"	NA	NA	NA	NA	NA	NA	NA	"No data points have the baseline factor level"	"abundance"	146	2
"d__Bacteria;p__Bacteroidota;c__Bacteroidia;o__Bacteroidales;f__Marinifilaceae;g__Butyricimonas;s__Butyricimonas hominis"	"Group"	"PD"	"GroupPD"	0.283187332798043	NA	NA	NA	NA	NA	NA	"Fitting error (NA p-value returned from fitting procedure)"	"abundance"	146	2
"d__Bacteria;p__Bacteroidota;c__Bacteroidia;o__Bacteroidales;f__Marinifilaceae;g__Gabonibacter;s__Gabonibacter massiliensis"	"Group"	"PD"	"GroupPD"	0.141257185383494	NA	NA	NA	NA	NA	NA	"Fitting error (NA p-value returned from fitting procedure)"	"abundance"	146	2
"d__Bacteria;p__Bacteroidota;c__Bacteroidia;o__Bacteroidales;f__Marinifilaceae;g__Odoribacter;s__Odoribacter massiliensis"	"Group"	"PD"	"GroupPD"	NA	NA	NA	NA	NA	NA	NA	"No data points have the baseline factor level"	"abundance"	146	2
"d__Bacteria;p__Bacteroidota;c__Bacteroidia;o__Bacteroidales;f__Marinifilaceae;g__Odoribacter;s__Odoribacter sp900544025"	"Group"	"PD"	"GroupPD"	0.378003277802191	NA	NA	NA	NA	NA	NA	"Fitting error (NA p-value returned from fitting procedure)"	"abundance"	146	2
"d__Bacteria;p__Bacteroidota;c__Bacteroidia;o__Bacteroidales;f__Muribaculaceae;g__UBA7173;s__UBA7173 sp900540205"	"Group"	"PD"	"GroupPD"	0.643039028117406	NA	NA	NA	NA	NA	NA	"Fitting error (NA p-value returned from fitting procedure)"	"abundance"	146	2
"d__Bacteria;p__Bacteroidota;c__Bacteroidia;o__Bacteroidales;f__Rikenellaceae;g__Alistipes;s__Alistipes merdipullorum"	"Group"	"PD"	"GroupPD"	NA	NA	NA	NA	NA	NA	NA	"No data points have the baseline factor level"	"abundance"	146	2
"d__Bacteria;p__Bacteroidota;c__Bacteroidia;o__Bacteroidales;f__Rikenellaceae;g__Alistipes_A;s__Alistipes_A pullicola"	"Group"	"PD"	"GroupPD"	0.196952404868317	NA	NA	NA	NA	NA	NA	"Fitting error (NA p-value returned from fitting procedure)"	"abundance"	146	2
"d__Bacteria;p__Bacteroidota;c__Bacteroidia;o__Bacteroidales;f__Rikenellaceae;g__Alistipes_A;s__Alistipes_A sp900539755"	"Group"	"PD"	"GroupPD"	NA	NA	NA	NA	NA	NA	NA	"No data points have the baseline factor level"	"abundance"	146	2
"d__Bacteria;p__Bacteroidota;c__Bacteroidia;o__Bacteroidales;f__Tannerellaceae;g__Parabacteroides;s__Parabacteroides chongii"	"Group"	"PD"	"GroupPD"	NA	NA	NA	NA	NA	NA	NA	"No data points have the baseline factor level"	"abundance"	146	3
"d__Bacteria;p__Bacteroidota;c__Bacteroidia;o__Bacteroidales;f__Tannerellaceae;g__Parabacteroides;s__Parabacteroides gordonii"	"Group"	"PD"	"GroupPD"	NA	NA	NA	NA	NA	NA	NA	"No data points have the baseline factor level"	"abundance"	146	3
"d__Bacteria;p__Bacteroidota;c__Bacteroidia;o__Bacteroidales;f__Tannerellaceae;g__Parabacteroides;s__Parabacteroides timonensis"	"Group"	"PD"	"GroupPD"	NA	NA	NA	NA	NA	NA	NA	"contrasts can be applied only to factors with 2 or more levels"	"abundance"	146	2
"d__Bacteria;p__Bacteroidota;c__Bacteroidia;o__Bacteroidales;f__UBA932;g__Cryptobacteroides;s__Cryptobacteroides sp000435075"	"Group"	"PD"	"GroupPD"	NA	NA	NA	NA	NA	NA	NA	"No data points have the baseline factor level"	"abundance"	146	2
"d__Bacteria;p__Bacteroidota;c__Bacteroidia;o__Flavobacteriales;f__UBA1820;g__Merdimorpha;s__Merdimorpha sp002314265"	"Group"	"PD"	"GroupPD"	NA	NA	NA	NA	NA	NA	NA	"No data points have the baseline factor level"	"abundance"	146	5
"d__Bacteria;p__Bacteroidota;c__Bacteroidia;o__Flavobacteriales;f__UBA1820;g__Merdimorpha;s__Merdimorpha sp938023515"	"Group"	"PD"	"GroupPD"	-1.12193909800089	NA	NA	NA	NA	NA	NA	"Fitting error (NA p-value returned from fitting procedure)"	"abundance"	146	2
"d__Bacteria;p__Campylobacterota;c__Campylobacteria;o__Campylobacterales;f__Arcobacteraceae;g__Aliarcobacter;s__Aliarcobacter butzleri"	"Group"	"PD"	"GroupPD"	NA	NA	NA	NA	NA	NA	NA	"No data points have the baseline factor level"	"abundance"	146	2
"d__Bacteria;p__Cyanobacteriota;c__Vampirovibrionia;o__Gastranaerophilales;f__Gastranaerophilaceae;g__Stercorousia;s__Stercorousia sp900761225"	"Group"	"PD"	"GroupPD"	0.978280113843505	NA	NA	NA	NA	NA	NA	"Fitting error (NA p-value returned from fitting procedure)"	"abundance"	146	2
"d__Bacteria;p__Desulfobacterota;c__Desulfovibrionia;o__Desulfovibrionales;f__Desulfovibrionaceae;g__Bilophila;s__Bilophila sp900550745"	"Group"	"PD"	"GroupPD"	NA	NA	NA	NA	NA	NA	NA	"No data points have the baseline factor level"	"abundance"	146	3
"d__Bacteria;p__Desulfobacterota;c__Desulfovibrionia;o__Desulfovibrionales;f__Desulfovibrionaceae;g__Bilophila;s__Bilophila sp959604115"	"Group"	"PD"	"GroupPD"	-1.32781170032114	NA	NA	NA	NA	NA	NA	"Fitting error (NA p-value returned from fitting procedure)"	"abundance"	146	2
"d__Bacteria;p__Desulfobacterota;c__Desulfovibrionia;o__Desulfovibrionales;f__Desulfovibrionaceae;g__Desulfovibrio;s__Desulfovibrio sp900319575"	"Group"	"PD"	"GroupPD"	NA	NA	NA	NA	NA	NA	NA	"No data points have the baseline factor level"	"abundance"	146	2
"d__Bacteria;p__Pseudomonadota;c__Gammaproteobacteria;o__Burkholderiales;f__Burkholderiaceae;g__Aphodousia;s__Aphodousia sp900544345"	"Group"	"PD"	"GroupPD"	NA	NA	NA	NA	NA	NA	NA	"No data points have the baseline factor level"	"abundance"	146	2
"d__Bacteria;p__Pseudomonadota;c__Gammaproteobacteria;o__Burkholderiales;f__Burkholderiaceae;g__Duodenibacillus;s__Duodenibacillus sp900544335"	"Group"	"PD"	"GroupPD"	NA	NA	NA	NA	NA	NA	NA	"No data points have the baseline factor level"	"abundance"	146	2
"d__Bacteria;p__Pseudomonadota;c__Gammaproteobacteria;o__Burkholderiales;f__Burkholderiaceae;g__Mesosutterella;s__Mesosutterella massiliensis"	"Group"	"PD"	"GroupPD"	NA	NA	NA	NA	NA	NA	NA	"No data points have the baseline factor level"	"abundance"	146	2
"d__Bacteria;p__Pseudomonadota;c__Gammaproteobacteria;o__Burkholderiales;f__Burkholderiaceae;g__Mesosutterella;s__Mesosutterella multiformis"	"Group"	"PD"	"GroupPD"	NA	NA	NA	NA	NA	NA	NA	"No data points have the baseline factor level"	"abundance"	146	4
"d__Bacteria;p__Pseudomonadota;c__Gammaproteobacteria;o__Burkholderiales;f__Burkholderiaceae;g__Oxalobacter;s__Oxalobacter paraformigenes"	"Group"	"PD"	"GroupPD"	NA	NA	NA	NA	NA	NA	NA	"No data points have the baseline factor level"	"abundance"	146	2
"d__Bacteria;p__Pseudomonadota;c__Gammaproteobacteria;o__Enterobacterales;f__Enterobacteriaceae;g__Citrobacter;s__Citrobacter freundii"	"Group"	"PD"	"GroupPD"	NA	NA	NA	NA	NA	NA	NA	"No data points have the baseline factor level"	"abundance"	146	2
"d__Bacteria;p__Pseudomonadota;c__Gammaproteobacteria;o__Enterobacterales;f__Enterobacteriaceae;g__Citrobacter_B;s__Citrobacter_B koseri"	"Group"	"PD"	"GroupPD"	-4.59022674121113	NA	NA	NA	NA	NA	NA	"Fitting error (NA p-value returned from fitting procedure)"	"abundance"	146	2
"d__Bacteria;p__Pseudomonadota;c__Gammaproteobacteria;o__Enterobacterales;f__Enterobacteriaceae;g__Klebsiella;s__Klebsiella aerogenes"	"Group"	"PD"	"GroupPD"	NA	NA	NA	NA	NA	NA	NA	"No data points have the baseline factor level"	"abundance"	146	2
"d__Bacteria;p__Pseudomonadota;c__Gammaproteobacteria;o__Enterobacterales;f__Enterobacteriaceae;g__Klebsiella;s__Klebsiella oxytoca"	"Group"	"PD"	"GroupPD"	NA	NA	NA	NA	NA	NA	NA	"No data points have the baseline factor level"	"abundance"	146	2
"d__Bacteria;p__Pseudomonadota;c__Gammaproteobacteria;o__Enterobacterales;f__Enterobacteriaceae;g__Klebsiella;s__Klebsiella variicola"	"Group"	"PD"	"GroupPD"	NA	NA	NA	NA	NA	NA	NA	"No data points have the baseline factor level"	"abundance"	146	2
"d__Bacteria;p__Pseudomonadota;c__Gammaproteobacteria;o__Enterobacterales;f__Enterobacteriaceae;g__Morganella;s__Morganella morganii_E"	"Group"	"PD"	"GroupPD"	NA	NA	NA	NA	NA	NA	NA	"No data points have the baseline factor level"	"abundance"	146	2
"d__Bacteria;p__Verrucomicrobiota;c__Lentisphaeria;o__Victivallales;f__UBA1829;g__UBA11452;s__UBA11452 sp003526375"	"Group"	"PD"	"GroupPD"	NA	NA	NA	NA	NA	NA	NA	"contrasts can be applied only to factors with 2 or more levels"	"abundance"	146	2
"d__Bacteria;p__Verrucomicrobiota;c__Lentisphaeria;o__Victivallales;f__Victivallaceae;g__CALXXL01;s__CALXXL01 sp944392655"	"Group"	"PD"	"GroupPD"	0.369575434773074	NA	NA	NA	NA	NA	NA	"Fitting error (NA p-value returned from fitting procedure)"	"abundance"	146	2
"d__Bacteria;p__Verrucomicrobiota;c__Lentisphaeria;o__Victivallales;f__Victivallaceae;g__Victivallis;s__Victivallis lenta"	"Group"	"PD"	"GroupPD"	NA	NA	NA	NA	NA	NA	NA	"No data points have the baseline factor level"	"abundance"	146	5
"d__Bacteria;p__Verrucomicrobiota;c__Verrucomicrobiae;o__Opitutales;f__CAG-312;g__Merdousia;s__Merdousia sp900760665"	"Group"	"PD"	"GroupPD"	NA	NA	NA	NA	NA	NA	NA	"No data points have the baseline factor level"	"abundance"	146	2
