Sample	1	2	3	4	5	6	7	8	9	12	17	22	27	32	37	42	47	52	57	62	67	72	77	82	87	92	97	102	107	112	117	122	127	132	137	142	147	150
PD_100P_1_bbduk_adapt_filt	38.635448587	39.2006564946	39.1550614815	39.127630901	39.1471795374	39.0602529532	38.9795812253	38.9646745058	39.0069387048	38.9437581411	39.3266697838	39.4175991812	39.2692671799	39.2317782865	39.2625931158	39.3172230884	39.1835199943	39.2043730062	38.9770289464	38.8827611304	38.9128527975	39.009493123	39.2199231932	39.1967922765	39.1882425745	39.1514834529	39.1484201941	39.1273058735	39.1064272722	39.112322996	39.0859637442	39.0481364616	39.0104725762	38.9448768308	38.9278645318	38.904278775	38.8186268168	38.2495005764
PD_100P_2_bbduk_adapt_filt	37.2107786323	38.4101688281	38.760854622	38.7942676984	38.9632337076	38.9244665686	39.027345689	39.0463095169	39.105817311	39.1275063244	39.1949561076	39.2309314549	38.9606537183	38.845501036	38.9009975404	38.88715867	38.9018791407	38.9224243026	38.962945481	38.9677472396	38.9879346487	38.9754395527	38.9776892716	38.9192470755	38.9317905911	38.8674601305	38.8928254185	38.8333788161	38.7664123494	38.7049733568	38.6518830025	38.5597797546	38.5183107606	38.4242912245	38.3898002698	38.3413778049	38.220271652	37.6513178179
PD_104P_1_bbduk_adapt_filt	38.5652833267	39.1642225278	39.1156745872	39.1352934946	39.1251321707	39.0623728884	38.9853000581	38.9735822353	39.0205822593	38.9730242854	39.323136099	39.4040454441	39.2548443778	39.2170571799	39.2383917132	39.2942213727	39.1587433837	39.1823658297	38.9636192837	38.8603596586	38.8791286713	38.9743581652	39.1885194842	39.169296793	39.1668360051	39.1287265388	39.1337647171	39.1189025332	39.1009235411	39.1062430178	39.0855248529	39.0501343613	39.0141951629	38.9536155498	38.9420806071	38.9172384077	38.8305627778	38.2606012437
PD_104P_2_bbduk_adapt_filt	37.9718726222	39.0602265584	39.1943499481	39.1257266831	39.2737852238	39.2134367592	39.3275573832	39.3294540492	39.3656342606	39.3545809237	39.4067181352	39.4303275091	39.2724124784	39.1684150932	39.2165738524	39.1963059314	39.1993911104	39.2105432028	39.2401241232	39.2359886296	39.2444944997	39.2237201527	39.2145418282	39.1491839177	39.1512208208	39.0834227349	39.1089136493	39.0505180116	38.9846092169	38.92770812	38.8777952801	38.7901423166	38.7505709682	38.6655505307	38.6276869499	38.5800132111	38.4592469239	37.8431679199
PD_105P_1_bbduk_adapt_filt	38.7506966696	39.3078842348	39.2619110205	39.2620568334	39.3068430395	39.2406451196	39.1597485753	39.143816237	39.1763211233	39.1233349575	39.4467348013	39.51507437	39.4055665744	39.3697071415	39.3787754932	39.4230044639	39.2996994453	39.3097064931	39.0932707239	39.0170890717	39.0507800633	39.1607987529	39.3106320065	39.2833246426	39.2714730457	39.234399814	39.229725671	39.2107000165	39.1864633916	39.1893867238	39.1621358568	39.1238311561	39.0836944245	39.0231463127	39.0078904274	38.9787782051	38.8959782256	38.2761916222
PD_105P_2_bbduk_adapt_filt	38.4117579882	39.0896661084	39.3421969733	39.2839891449	39.4189765814	39.3654803325	39.4538942156	39.4578960963	39.4857771187	39.4797642285	39.5142403024	39.5257831677	39.4102912633	39.3121711808	39.3511910426	39.3283034039	39.3239549899	39.3279054915	39.3500832298	39.3418887502	39.3480557262	39.3231002176	39.3140513757	39.2458039278	39.2419375774	39.1746235305	39.1933004661	39.1343013219	39.0671446396	39.0050416376	38.9520285291	38.866474556	38.8229357508	38.7331987158	38.695848679	38.6446832334	38.5219837424	37.886520302
PD_107P_1_bbduk_adapt_filt	36.0205028069	37.3752386969	38.4210541429	38.9854269264	37.8964809258	37.9791813235	36.9473790004	37.3426754153	37.9605163032	38.128856866	38.6509404613	37.8375325267	36.6315314166	35.7131688491	36.0291399041	36.1193696981	26.2160394395	26.7762615875	23.3435517972	20.3809631798	19.7053763274	24.7153938227	32.4499432306	34.9243926841	35.7224036677	36.2615063948	37.0003333427	37.5765651076	37.8674812346	38.0483445663	38.0755448761	38.0220751124	38.0336403803	38.0655029833	38.1831204146	38.2711633365	38.2955502773	38.3756369909
PD_107P_2_bbduk_adapt_filt	37.1400020101	38.5925426065	38.7926890551	38.851096211	39.0094904449	38.9632586254	39.0390098925	39.0185645164	39.0745595773	39.0574243365	38.9727816009	39.1115346083	39.0176364645	38.8087535125	38.0298505586	38.1867852283	38.812561974	39.0772686252	39.2098403645	39.1596130205	38.876891722	38.2853035886	37.7901392162	37.588257821	37.5028716348	37.3030072191	36.9840570503	36.4450704226	35.7238000517	35.3070052233	35.1769303467	34.8018773589	34.4094843174	33.9809146563	33.5771321828	33.1708528895	32.8115825557	32.6007556835
PD_108S_1_bbduk_adapt_filt	38.658275929	39.2277344084	39.1879139071	39.1938797656	39.2043367523	39.1375374065	39.0618053102	39.0459270343	39.0955532704	39.0424595752	39.3811165427	39.4559904633	39.3250213745	39.2901657934	39.3104754974	39.3640409611	39.2327089676	39.2589689487	39.0470485425	38.9571478673	38.9841387108	39.0764201084	39.27560711	39.2556043168	39.2510738209	39.2138699425	39.2150211785	39.1993740514	39.181410387	39.1855816534	39.1622880279	39.12623698	39.0934222329	39.031727531	39.0213603214	38.9957867777	38.9133213723	38.3442218773
PD_108S_2_bbduk_adapt_filt	38.2173274509	39.0599666042	39.2291610268	39.1229567536	39.2790431617	39.2269220867	39.3281854911	39.3271054169	39.377472853	39.36413422	39.4168090849	39.4404698367	39.2822538446	39.1807646281	39.2286597188	39.2105391218	39.2156362246	39.2256125436	39.2573055686	39.2529616058	39.2649104027	39.2454641256	39.2386827622	39.1750063166	39.1803001765	39.1152498869	39.1408690649	39.0869131728	39.0230938457	38.9659779012	38.9153788268	38.8312950836	38.7919538013	38.7045216766	38.6710995131	38.63090892	38.5155055518	37.8867661437
PD_109S_1_bbduk_adapt_filt	38.6038883671	39.1751701163	39.13001052	39.1375912514	39.1506114939	39.0740523475	39.0017560937	38.9893658872	39.0472931101	38.9851597811	39.3375664278	39.4192919135	39.270714198	39.2332867212	39.2582048337	39.3160424981	39.1853276787	39.2154401805	39.0049740954	38.9108305625	38.9301447672	39.0215337499	39.2417814758	39.2267675678	39.2244486664	39.1912295772	39.1944054239	39.1789805751	39.1599085603	39.1660057164	39.1460469847	39.1143493782	39.0795212985	39.0211174417	39.0113782046	38.9878514461	38.910315513	38.3629845215
PD_109S_2_bbduk_adapt_filt	37.3958687909	38.82406339	39.0633011367	39.0637026155	39.2009083645	39.1436156886	39.2507827051	39.2563913787	39.3049252011	39.302633738	39.3543286914	39.3814604745	39.191609997	39.0836966972	39.1365578012	39.1208562769	39.1290245058	39.1429459009	39.1763710305	39.1750319594	39.1881214239	39.1689058887	39.162270678	39.0987020082	39.1029174894	39.0375418973	39.061251206	39.0008742376	38.9377748633	38.8794752318	38.8246314171	38.7367346021	38.6960324238	38.6059201467	38.5661696245	38.5197070324	38.4026676557	37.7981471831
PD_10P_1_bbduk_adapt_filt	38.4048919371	39.068901401	39.0387985149	39.0452992675	39.060260124	38.9915217787	38.9114782435	38.8951283946	38.9504599443	38.8937727249	39.2670838098	39.3418727487	39.14677391	39.1017879329	39.1189357122	39.1662528974	38.9894996868	38.9551979693	38.6770188227	38.5374074631	38.5621586253	38.7277123939	38.9928148345	38.9944294192	38.9964489642	38.9612871701	38.9716029872	38.9619287137	38.9494576405	38.957897377	38.9353999942	38.8979352215	38.8569275867	38.79394782	38.780389446	38.7544223079	38.6650500548	38.0755648385
PD_10P_2_bbduk_adapt_filt	37.5649823625	38.7179506794	38.9610458106	38.9568546772	39.1157822409	39.0626972352	39.1730986406	39.1837797904	39.2329273047	39.2353309853	39.2888974495	39.3167443826	39.0993018559	38.9852561678	39.0283069379	39.0011333255	39.0098798119	39.0206900364	39.0499255544	39.0447672231	39.0497954338	39.0207936085	39.0085528125	38.9360820855	38.930587458	38.8564040023	38.864280732	38.7878723834	38.6986946227	38.6238235772	38.5617771449	38.4561266514	38.4010585843	38.2961436833	38.2420665358	38.1802329556	38.0390644734	37.4550535665
PD_110S_1_bbduk_adapt_filt	38.6114533206	39.1751272356	39.1302220995	39.139260493	39.1448587436	39.076857731	39.0103522733	38.9953884766	39.0437731604	38.9963145145	39.3498132534	39.4239062771	39.2788271189	39.246386043	39.2592034632	39.3083823924	39.1681812004	39.203112007	38.9938252528	38.886953847	38.9054751778	39.0007427625	39.2167675087	39.2110360362	39.2084935956	39.1738603907	39.1776673967	39.1665946625	39.1541676437	39.1629705794	39.1403601234	39.1080214476	39.0738383353	39.0177124732	39.0074295465	38.980324822	38.9051739711	38.3483436192
PD_110S_2_bbduk_adapt_filt	37.8727454132	38.6904098228	39.0783239613	39.0395275073	39.1829037546	39.1460537213	39.2575357938	39.2572480461	39.3055740807	39.3002119196	39.357130438	39.3892186033	39.2070036806	39.1056912577	39.1569537878	39.1386070018	39.1472195903	39.1616711528	39.1943490141	39.1940966149	39.2060274405	39.186282697	39.1798485569	39.1178454182	39.1226213082	39.0588077904	39.0778295408	39.0150730442	38.9455209736	38.8818852488	38.8288573002	38.735816769	38.6908498195	38.6002247182	38.5611657392	38.5100584554	38.3843850817	37.787120089
PD_111P_1_bbduk_adapt_filt	38.7144309332	39.251330887	39.2148403222	39.2062464799	39.2303505329	39.1614905935	39.0837321502	39.0751373902	39.1174403839	39.0635724647	39.4037992762	39.4810756389	39.3602626869	39.3276376426	39.3487100584	39.3990849945	39.2708216974	39.2852989149	39.0716370786	38.9859494487	39.0177765681	39.1134546882	39.3022137445	39.2813208968	39.2752706054	39.2397998344	39.2414851426	39.2273622219	39.2048255278	39.2085470255	39.1842932743	39.1495202953	39.1106698792	39.0419940093	39.027795428	39.0016576782	38.9204229863	38.3393799738
PD_111P_2_bbduk_adapt_filt	38.1870305476	38.9551135771	39.226420215	39.2223357311	39.3421842721	39.2806389634	39.375128099	39.3771919058	39.4135466576	39.4059895099	39.4514624902	39.4697889511	39.3211956851	39.2221109198	39.2680311613	39.2500797248	39.2527956899	39.2625225915	39.2936593782	39.290674712	39.3003150455	39.2784771741	39.2709564442	39.2063440745	39.2081081085	39.1400268211	39.1628303453	39.1050511733	39.0379732851	38.9786826552	38.9297673897	38.8392579354	38.7997821564	38.7106798488	38.6734009611	38.6259220906	38.508703599	37.8731052326
PD_112S_1_bbduk_adapt_filt	37.1909115545	38.0636419392	38.7777666843	39.1512316184	38.5348376146	38.6029011139	37.7616636476	37.9679650839	38.5257662849	38.5640504184	38.9742859593	38.6721434682	37.7416199579	35.4939474153	33.3855999909	36.5622306492	31.0095374955	30.392229352	27.7282043214	25.181291517	25.0213407238	27.6598738165	33.5657107332	35.6174915188	36.5071620022	37.0784445126	37.5631100394	37.903580803	38.0728004164	38.1965613321	38.1956402001	38.0835817402	38.0648211776	38.0801608973	38.2133438065	38.2857567206	38.3035202833	38.2627923241
PD_112S_2_bbduk_adapt_filt	37.8124973257	38.9083025488	39.0920682917	39.0645119881	39.1980145769	39.08653421	39.0735262655	39.033646646	39.0757513086	38.9717013141	38.8243694949	38.9676541618	38.6999510146	38.5240295338	38.6494821205	38.3790699109	38.5956751242	38.7705000377	38.8819336527	38.859164151	38.7173229132	38.4067239947	38.0451613082	37.8421947607	37.7364287174	37.5698562794	37.2931833654	36.8167198444	36.2662821189	35.9554334512	35.8208702905	35.5409241597	35.1136138943	34.6693912915	34.1998330193	33.7449105063	33.3974991109	33.0647802967
PD_113P_1_bbduk_adapt_filt	38.6196477882	39.1962585109	39.1396353958	39.1294187642	39.1431602794	39.0621126206	38.9830665815	38.9674549944	39.0031762072	38.9372922167	39.3157282133	39.4034866277	39.2556920009	39.2150391194	39.2416079343	39.2945776662	39.1567569098	39.1747800161	38.9410195396	38.841310904	38.875908442	38.9903225359	39.1851007111	39.159806037	39.153463446	39.1129045287	39.1136094869	39.0980459607	39.075459253	39.0824534615	39.0585091407	39.0246463249	38.9848683092	38.9209040031	38.9065858962	38.8786610617	38.7943512214	38.2044654908
PD_113P_2_bbduk_adapt_filt	37.8450859975	38.8161413661	39.0164939292	39.0008031144	39.1466320955	39.0927968973	39.1803741115	39.1789749211	39.2373574883	39.2455328618	39.3055616307	39.3388511824	39.1469552176	39.0399588915	39.0882124035	39.0672734764	39.0738842177	39.0856864055	39.1184790823	39.1191953106	39.1319028571	39.1164076724	39.1120885908	39.0511422844	39.0570889294	38.9897474246	39.0154673498	38.9542874368	38.8904836338	38.828697441	38.7772331259	38.6855314929	38.6439359489	38.5498982035	38.512133276	38.464415464	38.3402543486	37.7722893899
PD_114P_1_bbduk_adapt_filt	38.5556261534	39.1679651018	39.1199496305	39.1511916916	39.1556388295	39.0896525209	39.0407570506	39.0220853568	39.0689526388	39.0215368043	39.3571989121	39.4290797607	39.284316258	39.2463719815	39.2614812808	39.3127008313	39.1763892393	39.1976891627	38.9823348687	38.8818815451	38.9039678809	39.0082558756	39.2099188314	39.1926656015	39.1910103811	39.1564655452	39.1590760154	39.1486565514	39.1311451533	39.1411694705	39.1181608923	39.0890422218	39.055505955	38.9950204559	38.9867355268	38.961429897	38.8826144773	38.3196590434
PD_114P_2_bbduk_adapt_filt	38.2031844441	39.099832224	39.2374326447	39.1004691757	39.2899979205	39.2323150313	39.3520158526	39.3441042422	39.3869381953	39.3758352321	39.4250992257	39.4495761549	39.3025701605	39.2020136538	39.2473987752	39.226219956	39.2302929844	39.2380841103	39.2670008164	39.2602057149	39.2683388574	39.2433547407	39.2351319092	39.1698218704	39.1695393191	39.0999531201	39.1236333028	39.0651164548	38.9966846963	38.9341484352	38.8807579802	38.7916156065	38.7478409979	38.663204947	38.6231458655	38.5761172103	38.4535864074	37.8400651797
PD_115S_1_bbduk_adapt_filt	38.8040955797	39.2726717059	39.2373325819	39.2228464097	39.2262786523	39.1456939344	39.0694000266	39.0530406162	39.0994488747	39.0392939846	39.3854013717	39.4671668118	39.3425492512	39.3117620958	39.3330605815	39.3868973296	39.2590062215	39.2959693938	39.0994098726	39.0107794436	39.0338411836	39.1182308511	39.3176456128	39.301973152	39.2979742006	39.2646361034	39.2637517515	39.2501786269	39.2312251724	39.2387444242	39.2167328994	39.1851372993	39.1485854173	39.0906251599	39.0831390875	39.0599229931	38.9836796598	38.4339654426
PD_115S_2_bbduk_adapt_filt	37.9663536832	38.9484545279	39.1841500537	39.1541255333	39.2890574713	39.2213522793	39.3143664593	39.3166248871	39.3568974797	39.3447376629	39.3946002614	39.4196572401	39.2612560219	39.1616436041	39.207770968	39.1878700986	39.1931708909	39.2092946419	39.2410904008	39.2404119224	39.2511335174	39.2334867159	39.2278519858	39.1705510663	39.1800579213	39.1146881798	39.1386812471	39.0824263828	39.0180997622	38.9620056298	38.9113214709	38.8297539257	38.7907243051	38.7037924238	38.6692841428	38.6277974993	38.513069894	37.9325060316
PD_116P_1_bbduk_adapt_filt	38.5619845762	39.1562175743	39.1054652572	39.1269616086	39.1267376612	39.0605297297	38.9916740261	38.9740983765	39.0175526057	38.9749958314	39.322862723	39.4036002535	39.2526782263	39.2138379802	39.2359153846	39.2867238003	39.1551567894	39.178845213	38.9665857987	38.8623268396	38.8830503563	38.9835867306	39.1913751452	39.1740019991	39.1742411173	39.1394299187	39.1435724726	39.1285214226	39.1130755377	39.1185521755	39.0993542601	39.0659154936	39.0331989452	38.9697596576	38.9644054006	38.9373951926	38.859578032	38.2831268488
PD_116P_2_bbduk_adapt_filt	37.7182300628	38.8557256366	39.1341389597	39.1275542577	39.2730402089	39.2026331018	39.2971473324	39.3049854905	39.3524240356	39.343737958	39.3931298551	39.4216022155	39.2631281005	39.1595499545	39.2102008345	39.1891912339	39.1944122434	39.2044773007	39.2343227743	39.2322744303	39.2423877432	39.2212149546	39.2141591619	39.1506628172	39.1551492271	39.0908466106	39.115342004	39.0593435297	38.9937194544	38.9400667077	38.8921717414	38.806631452	38.7691076007	38.6859157758	38.6518501429	38.6070233247	38.4934199366	37.8682663529
PD_117_1_bbduk_adapt_filt	38.7782650893	39.2791177709	39.2366013179	39.2270040515	39.2313757762	39.1555813517	39.077014747	39.0683285215	39.1120902757	39.0560238413	39.4016038736	39.4780464276	39.3625270618	39.3291124937	39.3563301558	39.4069457248	39.281471064	39.3094898773	39.1091063771	39.0221162757	39.0428592384	39.1202961423	39.3267168184	39.3073432539	39.3011237674	39.264188032	39.2600880058	39.2438062897	39.2206553167	39.2256925701	39.198698203	39.1624126725	39.1214247283	39.0558208079	39.0414105241	39.0113814495	38.9306955105	38.3606243067
PD_117_2_bbduk_adapt_filt	38.049781164	38.999905081	39.1856529679	39.1431583145	39.272459815	39.2168881368	39.3049030441	39.3057087203	39.353815858	39.3457595992	39.4001890955	39.4270485433	39.2611403163	39.1625712994	39.2131224463	39.1961411339	39.2022486482	39.215490177	39.2473832883	39.2447420044	39.2569265552	39.2413186603	39.2359037016	39.17681388	39.1845739745	39.1199068507	39.146363533	39.0920509544	39.0263170576	38.9693987926	38.9208624298	38.8324048113	38.7910235497	38.701684094	38.6628396233	38.618052666	38.500889018	37.8789156167
PD_118_1_bbduk_adapt_filt	38.7711918594	39.290120488	39.2518478008	39.2240279279	39.2662198672	39.1864758802	39.098350696	39.0882422659	39.1489636712	39.0780890408	39.4217623466	39.4985650076	39.3792541914	39.3496948829	39.3739959352	39.4284360459	39.3044686393	39.3408527066	39.144548072	39.0703638756	39.0888654009	39.1591366707	39.3667119824	39.3511034274	39.3449045355	39.3091871281	39.3092814306	39.2919995593	39.2717197877	39.2779493904	39.2544890584	39.2206384774	39.185351421	39.1289058778	39.1201458496	39.0959567924	39.020486932	38.4915992186
PD_118_2_bbduk_adapt_filt	37.2887965121	38.6851675077	38.9803304805	38.9949114793	39.1423451195	39.1028321178	39.1909590725	39.2102392784	39.2605503641	39.2685604731	39.3276693049	39.356826157	39.1365962362	39.0302526943	39.0862047981	39.0755260622	39.0858839265	39.1013970061	39.137314568	39.1383084635	39.1518789164	39.1353436142	39.1309008518	39.0742162078	39.0828461503	39.0155314322	39.0395381858	38.9812721515	38.9167235053	38.8567928363	38.8062369882	38.71989132	38.6791895963	38.5891995679	38.5515468281	38.5092258111	38.3949451714	37.7953963246
PD_119P_1_bbduk_adapt_filt	38.4746884086	39.1228755954	39.0738710929	39.098223802	39.1058595138	39.0411068655	38.9734802894	38.959525743	38.996439991	38.9576623306	39.3099180113	39.3898094167	39.2295192656	39.1874128929	39.2078817423	39.259968885	39.1218320333	39.1400423366	38.9199956463	38.807675793	38.835810089	38.9471212577	39.1492905782	39.1320900791	39.131476483	39.0945977721	39.0992103623	39.0876116101	39.0689691294	39.0758097182	39.0550274047	39.0228771589	38.9852293185	38.9251782525	38.9146949802	38.8887126799	38.8044359792	38.2424919727
PD_119P_2_bbduk_adapt_filt	37.5091610415	38.7204622574	38.9566817236	38.9985272366	39.1365129313	39.0853423337	39.210948659	39.2151430892	39.2612174723	39.2533734241	39.316969705	39.3436673197	39.1376856118	39.0288968925	39.0767310975	39.0586773979	39.0656381473	39.078378846	39.1098224293	39.1051647408	39.1165493091	39.0954377913	39.0861903206	39.0177215015	39.0169807026	38.9466541691	38.9660590818	38.9017984476	38.8310964276	38.7672349415	38.7119348731	38.6187948637	38.5758813323	38.4812923124	38.4381802951	38.38780137	38.2628341564	37.6690378138
PD_11P_1_bbduk_adapt_filt	38.4774571597	39.1274571597	39.0876913711	39.1018613354	39.1180126059	39.0504333268	38.9717809372	38.9569269612	39.010572636	38.9595639727	39.3152281118	39.3969522396	39.2366580632	39.1914662683	39.2153372279	39.2663994155	39.1175435705	39.13760126	38.9050989507	38.7979072533	38.8209725693	38.9358901526	39.1519931973	39.1337879527	39.1314986004	39.0930759419	39.0995614357	39.0838059163	39.0632971137	39.0709541635	39.0494377446	39.0132029954	38.9764993834	38.9171334609	38.9020689916	38.8770035888	38.7917927136	38.222708321
PD_11P_2_bbduk_adapt_filt	37.4771339553	38.7594875284	38.9807688864	38.9456389779	39.1160527871	39.0664243379	39.1862938027	39.18885437	39.2367799524	39.2401507993	39.3037607342	39.3351850253	39.1236149511	39.0124142033	39.0624022334	39.0433928974	39.0491256546	39.061623111	39.0936233964	39.0905169366	39.1018243121	39.0802321423	39.0733186469	39.0070105884	39.0080993611	38.938492315	38.9555968669	38.890030644	38.8175829884	38.7517975732	38.6950644905	38.5989949657	38.5553993965	38.4611404446	38.4173957545	38.3663020797	38.2397971274	37.6565285195
PD_120S_1_bbduk_adapt_filt	38.4482624601	39.1097581754	39.0662119348	39.0908988658	39.092189562	39.0256914245	38.9573023447	38.9500481645	38.9883302801	38.9468374233	39.3069370681	39.3911565143	39.2346954831	39.1921428821	39.2127109594	39.2645748891	39.125513483	39.1433546394	38.9164180754	38.8048851361	38.8352311352	38.9438182421	39.1460014094	39.1210421238	39.1142631874	39.0772392097	39.0780699079	39.0613116014	39.0410235402	39.0451161655	39.0213814278	38.9838826723	38.9461402753	38.8858130902	38.86785316	38.8386751802	38.7515157045	38.1666698489
PD_120S_2_bbduk_adapt_filt	37.5811362358	38.3637446894	38.9013168665	38.9422416241	39.0895758743	39.0514674848	39.1659663795	39.1601198265	39.2148535856	39.2214695153	39.2867663199	39.3199062052	39.1078260571	38.9997383535	39.0490718219	39.030211964	39.0387519455	39.0468850628	39.0774015462	39.0752813214	39.0842115086	39.0649010215	39.0596262992	38.9890933587	38.9873681086	38.9194503551	38.9358865365	38.8706753374	38.7978640871	38.730149155	38.6742469955	38.5761461461	38.527272975	38.4296465791	38.3877001374	38.3357637367	38.2017949793	37.5863465941
PD_121S_1_bbduk_adapt_filt	38.595434838	39.1982040272	39.148705138	39.1359957023	39.1555277452	39.0811710648	39.0174162221	38.9947859842	39.0428241299	38.9754150884	39.3360447898	39.4156434037	39.2685640199	39.2275128105	39.2498130374	39.2988750141	39.1627692777	39.1729013521	38.9356050098	38.8377867787	38.8714758367	38.9828812298	39.1774344007	39.149368662	39.1417877704	39.102260758	39.1019430608	39.0817665549	39.060750353	39.0638341043	39.0404462374	39.0026010425	38.9612047895	38.897998824	38.8815145333	38.8538359973	38.7684427859	38.1666458655
PD_121S_2_bbduk_adapt_filt	37.853933068	38.8130404731	39.0512448485	39.0633235526	39.1998330947	39.1400580525	39.2426473896	39.2472443784	39.2966226675	39.2927755725	39.3481762283	39.3719048712	39.1815999454	39.0741967354	39.1181709187	39.0967277732	39.1023396488	39.1107201055	39.1402962301	39.1370238767	39.147675027	39.1272063864	39.1215360397	39.0540995384	39.0527309986	38.9814843089	39.0039114892	38.9425458472	38.8704382113	38.8101641065	38.7579358959	38.6653777795	38.6218049823	38.5280596879	38.4890294172	38.4433031139	38.3180797889	37.7150679213
PD_122S_1_bbduk_adapt_filt	38.5669280078	39.1932608252	39.1538093909	39.1677187296	39.1786742651	39.1198710649	39.0544296156	39.0320813093	39.0736186512	39.024100593	39.3626272621	39.4381161809	39.2989778913	39.2603779499	39.2803918909	39.3286960737	39.1982007513	39.2108031808	38.9852129552	38.8908455228	38.9207745324	39.0293416026	39.2164490843	39.1913726722	39.1859343619	39.1472477897	39.149554644	39.1329192109	39.1127921053	39.1198381921	39.0954822911	39.0583548465	39.022262927	38.9567969652	38.9465113778	38.9188740611	38.8309065568	38.23471375
PD_122S_2_bbduk_adapt_filt	38.0826242987	39.111319501	39.2612328142	39.2456468594	39.3703460034	39.2888493113	39.3934808399	39.3950070537	39.4302768101	39.4133090417	39.4567547303	39.4743566299	39.3285797841	39.227714297	39.2710074904	39.2479303631	39.2479042343	39.2560716638	39.2837677654	39.2785313874	39.2859606033	39.2618268619	39.2520959218	39.1812492186	39.1834557511	39.1146363885	39.1406620664	39.0831619417	39.018775669	38.9585444722	38.9108976471	38.8238080497	38.7848987221	38.7026424081	38.6669994516	38.6232956932	38.5065048851	37.8622675279
PD_123P_1_bbduk_adapt_filt	38.461738692	39.103830596	39.0471282538	39.0727931724	39.0693405375	38.9969376722	38.9461393927	38.9291174469	38.9738921165	38.9256840511	39.2856450479	39.3669166174	39.1959812339	39.1524019532	39.1748976387	39.2280986485	39.0893537772	39.1155979692	38.9015449369	38.7845670542	38.8037935278	38.8976824941	39.1196681637	39.0999845613	39.0973949961	39.0610352297	39.0623766721	39.0494776946	39.0294337461	39.0374716794	39.0150530228	38.9785918578	38.942556859	38.8793078701	38.8686431235	38.8387385353	38.7550787909	38.186019648
PD_123P_2_bbduk_adapt_filt	37.2808884344	38.7445324088	38.950270173	38.9457736354	39.0918161095	39.0260915169	39.1269231166	39.1454251697	39.1940751589	39.2033127629	39.2678024379	39.3017071813	39.0821613544	38.9684989346	39.0232759139	39.004425094	39.013046723	39.0264844924	39.0586849206	39.0573136202	39.0694675978	39.0508923927	39.0442764274	38.9782752312	38.983379653	38.9191502858	38.9406674756	38.8824193702	38.8136626661	38.7554649205	38.7021559254	38.612437981	38.5707025918	38.47954409	38.4395002761	38.3928010687	38.2687023909	37.6445012951
PD_126P_1_bbduk_adapt_filt	38.6142724059	39.2252269401	39.1783446349	39.1704598267	39.1894278269	39.1098155789	39.0481938926	39.0316726144	39.0708868568	39.0087518434	39.3590688494	39.4373574889	39.3009418087	39.2592095409	39.2796839193	39.3264718319	39.1934151616	39.2043768844	38.9700918117	38.8786332738	38.9147367816	39.0211222494	39.2062329584	39.1781702165	39.1712074111	39.1312338438	39.1339336761	39.1182757313	39.0972408032	39.1044303667	39.0804620792	39.0446617158	39.0058953887	38.9446438131	38.9332305275	38.9048081343	38.8224830282	38.2402535378
PD_126P_2_bbduk_adapt_filt	37.6286366507	38.8385281599	39.0875109502	39.1050701053	39.2198673546	39.1555523291	39.2871112216	39.2875134511	39.3334016452	39.3208358844	39.3768553476	39.398727127	39.2228496964	39.1134848719	39.1578629563	39.137226195	39.1389664618	39.1481459171	39.1765025936	39.170302321	39.1805063068	39.1598839407	39.1515917963	39.0817084259	39.0797073106	39.0090174134	39.0348401639	38.9751330951	38.9085290393	38.843781565	38.7917637157	38.7007105049	38.6587039796	38.5703537387	38.5325884734	38.4847870128	38.3619686385	37.7410705388
PD_127S_1_bbduk_adapt_filt	38.5290447079	39.1508383445	39.0987691548	39.1037232031	39.1263008484	39.0531819167	38.9691020591	38.9503373264	38.997979567	38.9300677514	39.3007120364	39.3820566476	39.2168211829	39.175137979	39.2009044738	39.2536298693	39.112085176	39.131890988	38.8953016232	38.7960161426	38.8217211832	38.9277525662	39.1365232161	39.1115781142	39.1073269688	39.0683123567	39.072385187	39.0538063064	39.0339153196	39.0403775726	39.0185791041	38.9814926214	38.9433381748	38.8795155841	38.8661461646	38.8376476291	38.7525872437	38.1854920846
PD_127S_2_bbduk_adapt_filt	37.4734490875	38.6492349702	38.9428929054	38.9858364329	39.1390990916	39.0868697185	39.1950496483	39.2086713985	39.2521885742	39.2615998441	39.3194211889	39.3492908865	39.1449942783	39.037956509	39.0861497917	39.0663036853	39.0743227534	39.0860917936	39.1203120673	39.1178370554	39.1285975673	39.1091462778	39.1006487727	39.036256653	39.0396277807	38.9702314391	38.9899559018	38.926438959	38.8587872243	38.7970828752	38.7420786986	38.650147119	38.6056125494	38.5161833685	38.4754157618	38.4275381443	38.3085384225	37.7069016559
PD_128S_1_bbduk_adapt_filt	38.6174651013	39.1878425211	39.1433327586	39.156022084	39.1608511651	39.0853980905	39.0333006325	39.0199773679	39.0642574968	39.0101369719	39.3590277986	39.438004093	39.2975369516	39.2600966069	39.2842336645	39.3345850254	39.2033258678	39.2282606806	39.0231848065	38.9248685422	38.9464180133	39.0327124874	39.2471343219	39.2315880213	39.2308785968	39.1968994872	39.2000445583	39.1866651803	39.1664180599	39.1762758575	39.1530886326	39.1199323649	39.0868431348	39.0266669253	39.0179970439	38.9937866262	38.9162270754	38.3607738821
PD_128S_2_bbduk_adapt_filt	37.9001071372	38.8957983079	39.0846120661	39.0086056122	39.1649740288	39.1101827055	39.2345311673	39.2368787	39.290912609	39.2791132983	39.3377951709	39.36790829	39.1695395721	39.0673978899	39.1170257367	39.1008034823	39.1091643741	39.1237305096	39.1564827991	39.1574199178	39.1702957696	39.1543032513	39.1480979192	39.0882109974	39.096191689	39.0318595592	39.0562788113	39.0005668063	38.9384973087	38.879486102	38.8307156819	38.7463020559	38.7031858435	38.6175250457	38.5786896166	38.5341165869	38.4175419549	37.8314067037
PD_129P_1_bbduk_adapt_filt	38.5420058371	39.1606104026	39.128369867	39.1225116818	39.1604209228	39.0898427046	39.000363572	38.9859232782	39.027282983	38.9663698897	39.3234122499	39.39967173	39.234753489	39.1928479708	39.2120867881	39.2605273923	39.1176384876	39.1169624141	38.8601217402	38.7690353254	38.8030014298	38.9370004428	39.1175702816	39.0934305308	39.0878108474	39.0452058849	39.0444457458	39.0255502524	39.0078671867	39.012217226	38.9854154563	38.9494694528	38.9027580504	38.8182387062	38.7948948663	38.7667499846	38.6726581153	38.0811828735
PD_129P_2_bbduk_adapt_filt	37.9735663573	38.8973963722	39.0986384306	39.0761953296	39.2120632271	39.1394405578	39.2357675155	39.2428096479	39.2882353243	39.2917913728	39.3391093757	39.3621743859	39.1719892319	39.0592796567	39.1039424017	39.0827371978	39.0852134683	39.0924486401	39.1185565555	39.1120870582	39.1186739755	39.0918559028	39.0856087368	39.0113519045	39.0042344761	38.9308777216	38.9467672629	38.8776474165	38.7982136057	38.7285872218	38.6707433753	38.5693995699	38.5145258378	38.4199647548	38.3723972726	38.317013808	38.1780616325	37.5895042712
PD_12P_1_bbduk_adapt_filt	38.6051373137	39.1792739515	39.1432195916	39.1619312288	39.1714147579	39.1109930133	39.0229434428	39.0110775552	39.0567496284	39.0110474451	39.3503667047	39.4241863143	39.2749629902	39.2370670163	39.2595956556	39.3041236185	39.1465186287	39.162849584	38.9319264982	38.8368674983	38.8624801043	38.9849175558	39.2020236592	39.1915482118	39.1895895399	39.15474133	39.1626374917	39.1493584126	39.1321685896	39.1349943555	39.1146533646	39.0803972262	39.0436336205	38.9818602079	38.9718706058	38.942908481	38.8626301436	38.2952901627
PD_12P_2_bbduk_adapt_filt	38.1299368245	39.0854544593	39.2250095856	39.2023536384	39.3176543773	39.2429573144	39.3463945199	39.3430681635	39.3816743778	39.370365605	39.4201053875	39.4415772517	39.2916062873	39.1903221567	39.2339931963	39.2107105395	39.2144632586	39.2242266427	39.2527720611	39.244434529	39.2545797706	39.2313674873	39.2226507624	39.1548814472	39.1555891404	39.0887212574	39.1079957715	39.046659547	38.9748691236	38.9104252511	38.8608151961	38.7698099664	38.7236662397	38.6315712619	38.5917316769	38.5423000025	38.4169447445	37.8062089632
PD_130S_1_bbduk_adapt_filt	38.7883511584	39.2574761482	39.219923749	39.2095369795	39.2175465167	39.1310529999	39.0610013334	39.046664282	39.0974831709	39.033952017	39.3897950425	39.4719329994	39.3503702588	39.3181787058	39.3453849946	39.4026838037	39.2727138484	39.31601926	39.1224360639	39.0352686339	39.0498730674	39.1233702326	39.3436804828	39.3314923175	39.3314807643	39.2972803348	39.3023296594	39.2882288472	39.2707685638	39.2777274124	39.2556493972	39.2236950351	39.1923677656	39.1341183813	39.1283792432	39.1088582164	39.0343614162	38.5147923436
PD_130S_2_bbduk_adapt_filt	37.9933385028	38.888547058	39.0971461609	39.0288077968	39.1872398326	39.1319490025	39.2284731076	39.2419464447	39.2942980228	39.2952593412	39.3609573558	39.3949028905	39.2039430259	39.1011186837	39.1580549343	39.1470585796	39.1572916513	39.1755787103	39.2121379442	39.2152494045	39.2285751935	39.2156780838	39.2119153988	39.1568013399	39.1703610504	39.1039142969	39.1302190485	39.0727350261	39.0143124407	38.9548017163	38.9094112504	38.8205459295	38.7846424476	38.6982192442	38.6603004263	38.6212164019	38.5079551284	37.9199379677
PD_131P_1_bbduk_adapt_filt	38.5071066288	39.1636230571	39.0911468015	39.1271280808	39.1417212132	39.0748362478	39.0199534389	39.0079179956	39.0575594761	39.0122478927	39.3495720202	39.4234944007	39.2756759061	39.2358486885	39.2563208836	39.3040797392	39.161852715	39.1897660631	38.9870040676	38.87805542	38.8963558066	38.990136711	39.1949590564	39.1789870021	39.1734738294	39.137881535	39.1393986618	39.127914991	39.1095508619	39.11410122	39.0900511803	39.0581596576	39.0196478505	38.9577906815	38.9486795031	38.9192653878	38.8319842955	38.2817516886
PD_131P_2_bbduk_adapt_filt	37.4937345388	38.8484749115	39.0637373344	38.9933113685	39.1776844996	39.1389269176	39.2761496837	39.2766103017	39.3229725782	39.3142814165	39.3732590886	39.3984810044	39.221806345	39.1182165798	39.167182662	39.1467063301	39.1497675213	39.1599858758	39.1894592474	39.1842290585	39.1908513094	39.1693877873	39.1598706944	39.0918422398	39.0960122085	39.0267794916	39.0478791776	38.9856356951	38.9175507931	38.8533258325	38.7986265235	38.7055422823	38.6570048905	38.5652776712	38.5255286903	38.4726381674	38.342670496	37.7232093219
PD_134S_1_bbduk_adapt_filt	38.5892154143	39.1731448533	39.1262431472	39.1450552268	39.1449604855	39.0732560856	39.0126873473	38.9999724658	39.048813409	38.9950682692	39.3445026881	39.4252151486	39.2838450911	39.2463327883	39.2744927543	39.3265675768	39.1946861817	39.2205716656	39.0162342875	38.912750547	38.9370055551	39.0273102368	39.2439035111	39.2301441879	39.228504679	39.1970212211	39.2003768838	39.1888061972	39.1700325517	39.1768840726	39.1576197129	39.1245376875	39.0908692956	39.0323437288	39.0255583069	39.0022223922	38.9250090956	38.3751595043
PD_134S_2_bbduk_adapt_filt	37.7377618599	38.8265513822	39.0217079083	38.9618817054	39.1164853801	39.0643012514	39.2028178447	39.2006269509	39.2541244315	39.2459010495	39.3128837268	39.3471553428	39.1453962626	39.0398325103	39.0905092491	39.0730118515	39.0832685764	39.0983336489	39.1330947858	39.1350059317	39.1492884013	39.1327047827	39.12850524	39.0677949874	39.0758958669	39.0115967627	39.0377986408	38.9791475179	38.9153249603	38.8564705743	38.8094556049	38.7184256437	38.6795115049	38.593304766	38.5571349932	38.5127159653	38.3951996253	37.796631078
PD_137P_1_bbduk_adapt_filt	38.5494542405	39.1179803913	39.0690656657	39.0853961731	39.0726014082	38.9994647516	38.923201158	38.9127002042	38.9550709359	38.9159365502	39.2822039762	39.365240227	39.1964562527	39.1519791105	39.1789288033	39.2330339757	39.0993749104	39.1309977082	38.9221249816	38.8068085156	38.8262481425	38.921147053	39.1446200309	39.1300804312	39.1284867351	39.0953454472	39.0964836605	39.0847337994	39.066313943	39.0745584723	39.055706176	39.0221212905	38.9891933714	38.9295369565	38.9204508004	38.8972374334	38.8178723863	38.2636081998
PD_137P_2_bbduk_adapt_filt	37.7420024963	38.7636560106	38.997544063	38.9629383122	39.1245096465	39.0749192667	39.1762984235	39.1845846899	39.2332015381	39.2299874881	39.2921377173	39.3289959579	39.1252029191	39.0215470151	39.0726199527	39.0541244647	39.0627926363	39.0779983287	39.1097588162	39.1121565488	39.1256421373	39.1085279184	39.1006924527	39.0418496742	39.044615922	38.981187999	39.0059065497	38.9462002974	38.8832747723	38.8270937404	38.7741869844	38.6889551597	38.6471098339	38.5566468701	38.5234672054	38.4754301125	38.3574142241	37.7551997432
PD_138S_1_bbduk_adapt_filt	38.8332203498	39.3305276774	39.2859135411	39.2909956956	39.3130834346	39.2431953962	39.1686470334	39.1610125828	39.2111755792	39.1620076009	39.4756207191	39.5441805125	39.4554767376	39.4301244491	39.4478963349	39.5010751875	39.3843795151	39.4258618339	39.2542738495	39.183119233	39.1982259866	39.2573025328	39.4548714663	39.443998474	39.4443790195	39.4107072627	39.4118315152	39.3989709299	39.3785547346	39.3858450838	39.3638326273	39.3311682919	39.3005513295	39.2426298431	39.2365613156	39.2150485712	39.1465490739	38.6178766545
PD_138S_2_bbduk_adapt_filt	38.5197108781	39.2511417318	39.3967852849	39.3480560619	39.4587438159	39.3846430866	39.4803255832	39.4762138622	39.5089685162	39.4890002143	39.5304927097	39.5484423313	39.4332175322	39.340124962	39.3893681483	39.3731396452	39.3740346881	39.3870041023	39.4181308553	39.4132626568	39.4243998247	39.4036708511	39.3974195101	39.3374870449	39.3515239473	39.2867171631	39.3160328703	39.2688091797	39.2111280097	39.1556558746	39.1130647878	39.0350847065	38.998503945	38.913922275	38.8816672538	38.84319866	38.7379881529	38.1116168139
PD_13P_1_bbduk_adapt_filt	38.5384813735	39.1470030573	39.0953327196	39.1137558863	39.1121176904	39.0446874941	38.956515232	38.9532523642	38.9913852717	38.9495709212	39.3132857494	39.3956208214	39.2424782101	39.2026544812	39.2279478318	39.2788433113	39.1350437677	39.169181196	38.9514560358	38.8392652648	38.8651821245	38.9708831276	39.1831357083	39.1668169618	39.1633715092	39.1285981456	39.1327024414	39.119975887	39.1008923327	39.1073348709	39.0837996256	39.0510157992	39.0130705791	38.952212006	38.9414730497	38.9173612807	38.8373544268	38.2814585539
PD_13P_2_bbduk_adapt_filt	37.3805005108	38.7548828063	39.0215922687	39.0518145927	39.1917464502	39.1311124675	39.2402224412	39.2440199541	39.2938889074	39.2915135293	39.3508879471	39.377607981	39.1888376162	39.0860069865	39.1339766547	39.1160964484	39.1208047873	39.1347791032	39.1644185421	39.1644271089	39.174104528	39.1536202678	39.1484673191	39.0805519493	39.0789364367	39.0111945468	39.0309231803	38.9655500296	38.8940354513	38.831119095	38.7771504707	38.6839842751	38.6405734451	38.5473829353	38.5081517987	38.4590386338	38.3290338585	37.7323223145
PD_140S_1_bbduk_adapt_filt	38.5388645222	39.1389452073	39.0949054965	39.1080017515	39.1058614427	39.0377454112	38.965568708	38.9506077943	38.9975102472	38.9457823532	39.3023068106	39.3853377993	39.2235862448	39.183121761	39.2096247998	39.2620966084	39.1263105758	39.1475715865	38.9226698782	38.8179635547	38.8417508763	38.9473708266	39.1600550081	39.1377983965	39.1367513762	39.0985441961	39.1029791978	39.0862660539	39.0695999047	39.0754472543	39.0536904714	39.0172609616	38.9815170586	38.9189733238	38.9076182862	38.8819083748	38.7968974799	38.2182094544
PD_140S_2_bbduk_adapt_filt	37.7784685622	38.6166535781	39.0203719842	39.0522314026	39.1868124358	39.1352641289	39.2580105809	39.2624387863	39.3068069803	39.2973608043	39.3576855377	39.3851481124	39.2016414933	39.0971605937	39.1465832647	39.1264599569	39.1338544623	39.1461195728	39.1776626129	39.177092518	39.1896588289	39.171430919	39.1648143267	39.1002528553	39.1032928007	39.0385806096	39.0607117265	39.0022887582	38.9364538116	38.8768177913	38.8278080326	38.7388480706	38.6980205551	38.608605326	38.5708639764	38.5261312752	38.4069526416	37.7746052674
PD_141P_1_bbduk_adapt_filt	38.5755522607	39.1549437913	39.0998447838	39.1131609562	39.123949914	39.0504467874	38.9786225797	38.961744418	39.013408193	38.9623224096	39.3107407563	39.3902428615	39.2285479526	39.1881216692	39.2124319646	39.2650937167	39.1283009991	39.1589336225	38.9489170837	38.8410481051	38.8567869539	38.9452546856	39.1683950965	39.1524090052	39.1493788445	39.1145568904	39.1177155357	39.1039635857	39.0844654564	39.0919715246	39.0714535824	39.0360701643	39.0013667902	38.9400792928	38.9294079449	38.9030910507	38.8217510612	38.2675295001
PD_141P_2_bbduk_adapt_filt	37.6423384932	38.7347308276	39.021985	39.0250661665	39.177569279	39.1253954296	39.2252676367	39.2313946239	39.2762720324	39.2749303568	39.3304955427	39.3614325803	39.1675813225	39.0632046897	39.1137291367	39.0944135765	39.1022309046	39.1150340621	39.1501081159	39.1489481292	39.1611709916	39.142018567	39.1352687382	39.0731582694	39.0794168858	39.012964214	39.0375880309	38.97801	38.9122017362	38.8545685094	38.805167331	38.7145713147	38.6735090659	38.5858049472	38.5475012347	38.5024369054	38.3857242318	37.7815103263
PD_142S_1_bbduk_adapt_filt	38.7749670089	39.2362465084	39.1911473592	39.1792632142	39.1644684118	39.0798704107	38.9869842545	38.9846305967	39.0376471621	38.9799848994	39.3504561645	39.4356622172	39.3029161539	39.2714101486	39.2975257844	39.355011652	39.2216939531	39.2670565691	39.0734473865	38.9729615339	38.9855513852	39.0505998616	39.2897663596	39.2789343958	39.2763568738	39.2422595922	39.2436520365	39.2286318956	39.209336254	39.220804379	39.1998791514	39.1685669725	39.1341341494	39.0583467102	39.0454276313	39.0223805156	38.9497692763	38.4400304189
PD_142S_2_bbduk_adapt_filt	37.4833516141	38.7461910692	39.0092072045	38.9773379114	39.1227950333	39.0759794338	39.1432917299	39.1479803303	39.2248926272	39.2299490797	39.2981353011	39.3399029948	39.1398068971	39.0368119124	39.0960010045	39.0844645974	39.09762769	39.1184031037	39.1550736239	39.1583536598	39.1783158406	39.1671411117	39.1686375176	39.1149942882	39.1280918697	39.0643237364	39.0934074139	39.0376818679	38.9755111087	38.9203562653	38.8709221011	38.7824389316	38.7448903932	38.6550068891	38.6192185596	38.5790453292	38.4663979068	37.8938516352
PD_145P_1_bbduk_adapt_filt	38.558013765	39.1655806603	39.1122449434	39.1186484365	39.1309250648	39.0562930712	38.9915804934	38.9830258732	39.0238966936	38.9722014383	39.3280688574	39.4091439214	39.2562930004	39.2159157889	39.2382336446	39.2918546792	39.158680087	39.1837188287	38.9690151891	38.8653246137	38.8876326462	38.9810465092	39.1897943628	39.16682281	39.1634254084	39.1246991934	39.126601433	39.1086736031	39.0877031287	39.093148083	39.0691191882	39.0336503014	38.994807168	38.9334003378	38.9189447615	38.8899542581	38.8069183656	38.2333575757
PD_145P_2_bbduk_adapt_filt	37.7050598108	38.7270643203	39.0014209198	38.9431943881	39.1253001823	39.075121669	39.1738240738	39.1771196575	39.227189486	39.2291460644	39.2866779941	39.3152484186	39.099139995	38.9891622537	39.0382846512	39.0196681599	39.0261396019	39.040931277	39.0733429623	39.0737430009	39.0865043356	39.0691990706	39.0638045118	39.0016813863	39.0060144174	38.9414382197	38.9657998127	38.9079067629	38.8420642097	38.7826512853	38.7324238389	38.6424487209	38.6027245464	38.5113986001	38.4709359788	38.4251760789	38.3017399042	37.7142935733
PD_146S_1_bbduk_adapt_filt	38.6205233296	39.1956930155	39.1543608929	39.1603837754	39.1684616638	39.098170554	39.0062702443	39.0032239569	39.0470356584	38.9970339772	39.3455223822	39.4261610557	39.2808321401	39.2437755777	39.2687081008	39.323897646	39.1940825294	39.2226283426	39.008678133	38.9183538745	38.9419986333	39.032311713	39.2460134536	39.2299834935	39.2282317672	39.1907409337	39.1944080561	39.1799673719	39.1605000269	39.1676712393	39.1471350515	39.114990122	39.0793605805	39.0244781443	39.0118437582	38.9884785083	38.9124508392	38.3661864656
PD_146S_2_bbduk_adapt_filt	37.2205598722	38.7807165974	39.0416436747	39.0135026551	39.1836408315	39.110673904	39.1862772181	39.2113481083	39.268195939	39.2799563675	39.3359996792	39.3681380702	39.1734947741	39.0662689438	39.1189186701	39.1036131663	39.1123850116	39.1264946887	39.1613544816	39.1619263358	39.173259505	39.1554824179	39.1535058632	39.0919105264	39.0995627703	39.0345892171	39.0585770604	39.0029890417	38.9381039872	38.8802484536	38.8305439384	38.7420749809	38.702529588	38.6117645257	38.5752115616	38.5325295351	38.4154852594	37.8261926717
PD_147_1_bbduk_adapt_filt	38.6941084329	39.2112264304	39.1718356002	39.1698516087	39.1805971679	39.1036410663	39.0227774886	39.0085472059	39.0563954767	39.0030934865	39.3519729254	39.432045691	39.2921462327	39.2559183523	39.2830737567	39.3384392699	39.2048713502	39.238551068	39.0311884862	38.9372142915	38.9561668306	39.0414900788	39.2600967019	39.2437183105	39.2432350955	39.2088593195	39.2106170233	39.1976908085	39.1796664388	39.1861905875	39.1662402318	39.1310945733	39.0961214863	39.0379838808	39.0283946401	39.0040287867	38.9270812573	38.3827517281
PD_147_2_bbduk_adapt_filt	37.8928760015	38.7111626393	39.0393149975	39.0486346623	39.1805764682	39.1243121562	39.2332923651	39.2397610373	39.2861324605	39.2828631044	39.3410352639	39.3716368975	39.1718818985	39.067276692	39.1214973219	39.1074346363	39.1166016531	39.1342737039	39.1688107982	39.1719332483	39.1872972966	39.1716032281	39.1676893266	39.1089429883	39.1151310703	39.0524018874	39.0811877344	39.0249001252	38.96186227	38.9067345138	38.8570068552	38.7708437736	38.7340586242	38.6448939468	38.6080230857	38.5663826965	38.4527118055	37.8507771551
PD_148P_1_bbduk_adapt_filt	38.4833531867	39.1082399964	39.0570078459	39.0688235899	39.0569619558	38.9798852488	38.9133186786	38.9049589154	38.9559428713	38.9059280765	39.2826936506	39.3725160779	39.2059530252	39.1655271701	39.193572785	39.2513333443	39.1095833555	39.1370188234	38.9168422756	38.7986696159	38.8228918724	38.9200248178	39.1513526566	39.1317375737	39.1297547504	39.0933695829	39.095657391	39.0811683262	39.0610634958	39.0683557526	39.0488009716	39.0158820612	38.9764773405	38.9164110365	38.9040354822	38.8811087358	38.7999480137	38.2517964496
PD_148P_2_bbduk_adapt_filt	37.294805429	38.4124593694	38.7482162628	38.7703327294	38.9391955521	38.8955158861	39.009252359	39.0219367841	39.0836157301	39.0949407146	39.1610861939	39.198681377	38.9259671428	38.8100027598	38.8631848072	38.8473069105	38.8624615529	38.8816641124	38.9178635472	38.9194842717	38.9377633167	38.9221326919	38.9177999979	38.8561263156	38.8584221079	38.7928610935	38.8144871223	38.7501668399	38.6789975799	38.6162987983	38.5622926544	38.467001959	38.4231892045	38.3270547059	38.2884131226	38.239682772	38.1116610035	37.5447448127
PD_149S_1_bbduk_adapt_filt	38.757346416	39.2811698799	39.2432960972	39.22048481	39.2681880784	39.1886130293	39.0935891489	39.078432829	39.1328629389	39.0608587444	39.4085111817	39.4862419893	39.3629504708	39.3314517232	39.3536977823	39.4048016037	39.2735751594	39.2912221989	39.0731797514	39.0013683246	39.0221047635	39.1038082166	39.3070408415	39.2822230308	39.2729588677	39.2346142252	39.2294279565	39.2088761	39.1850788726	39.1917264802	39.1641962567	39.1267023299	39.0880001416	38.9928652373	38.9706421174	38.9424335191	38.8630334264	38.3100629564
PD_149S_2_bbduk_adapt_filt	37.6463799764	38.6716828993	38.964358916	38.9912083318	39.1376470634	39.088993593	39.1851948776	39.1946085924	39.2474354089	39.2614906149	39.3205915491	39.3443176126	39.1261745449	39.0173950319	39.0694495696	39.0515689867	39.0590834327	39.0717686211	39.1073586793	39.1037726477	39.1179525653	39.0995028341	39.0959658487	39.0326802234	39.0366804466	38.970239884	38.9902226622	38.9295487284	38.8618361822	38.7983197164	38.7456216674	38.6512878591	38.6090061243	38.5159267306	38.4784131551	38.4366170222	38.3115769365	37.7279917832
PD_14P_1_bbduk_adapt_filt	38.5192328988	39.1664423109	39.1155491976	39.1567721209	39.1758745979	39.1231405687	39.0523768916	39.0416916488	39.0862905288	39.0511408283	39.3727345107	39.4391165693	39.2907104209	39.2540592816	39.2649737479	39.3180650093	39.1694155373	39.1728580889	38.9661386365	38.8626556313	38.8894500602	38.9863612365	39.1866923916	39.1783573489	39.1805258563	39.1500174246	39.154840889	39.1421734203	39.1222286006	39.1270424381	39.1042802685	39.0678273392	39.0317221386	38.9705923969	38.9596528585	38.9325853454	38.8473612298	38.2662069153
PD_14P_2_bbduk_adapt_filt	38.2664145273	39.0842932766	39.2591191189	39.2438344184	39.3663816457	39.2972685622	39.3981394287	39.3924150297	39.424513807	39.4114429695	39.4511915808	39.464331309	39.3235779399	39.2215317944	39.2641613344	39.2411513906	39.2408363426	39.2461251291	39.2712978724	39.2648086391	39.2676295332	39.2432765823	39.2331603801	39.1607969177	39.1581262747	39.0889080503	39.1115652287	39.0468400735	38.9779090208	38.9128709501	38.8577688677	38.7667090875	38.7209355809	38.6301874014	38.5941247746	38.5447435493	38.4168677129	37.7629627756
PD_150P_1_bbduk_adapt_filt	38.6124042216	39.1883784497	39.1332781168	39.1544957847	39.142593001	39.0625899625	39.0055370517	38.9922099738	39.0442346943	38.9876676839	39.3398855339	39.417480701	39.2730392172	39.2363034964	39.2610631712	39.3152880448	39.1820946636	39.2101598665	39.0052019628	38.9050976227	38.9206671463	39.0039440003	39.2319994841	39.2158715749	39.2159705244	39.1796166939	39.1855094399	39.172527248	39.155262798	39.1673729298	39.1480019764	39.1191741255	39.0831055816	39.0061303803	38.9913829985	38.9712332224	38.8925823705	38.3716897145
PD_150P_2_bbduk_adapt_filt	37.9151379602	38.8710310207	39.1033541266	39.0810557214	39.212258253	39.1476358658	39.2647240732	39.2640585394	39.312305859	39.3021010971	39.3590074847	39.3882373504	39.2062756753	39.0974787019	39.1504155178	39.1333294811	39.1433657802	39.1568019765	39.191645172	39.1911535749	39.2044590396	39.1867622752	39.1818568339	39.1187044293	39.1308379283	39.066637736	39.093229763	39.0368324358	38.9735276002	38.9127271303	38.8656918291	38.7763734389	38.7383677221	38.6500387746	38.6129293837	38.5695436492	38.4490265314	37.8724737616
PD_151S_1_bbduk_adapt_filt	38.6204999774	39.2037790824	39.1502213668	39.1818758872	39.2101364422	39.1472428803	39.0727966968	39.0559387293	39.1166128527	39.0680612305	39.3883819891	39.4593281066	39.323809564	39.2846065474	39.3045986834	39.3528013621	39.2258821932	39.2563442728	39.0553767402	38.9615754133	38.9782614257	39.0587786517	39.2604196106	39.2440036222	39.2394458075	39.2039967207	39.2036315772	39.1892004691	39.1696970283	39.1734860713	39.151365022	39.1171184243	39.0826262709	39.0227498621	39.0142092365	38.988324655	38.906595348	38.3610878226
PD_151S_2_bbduk_adapt_filt	38.2573030626	39.0275645391	39.2157658262	39.1883530967	39.3152366232	39.2607982344	39.3647469707	39.3638032654	39.4030438268	39.393612383	39.4405308759	39.4580095429	39.3032263796	39.1989431399	39.244923987	39.2224247797	39.2206157488	39.2280729995	39.2577646517	39.2506948856	39.257563915	39.2339164799	39.2257570518	39.1577171475	39.1610919998	39.094584087	39.1200951958	39.0639671602	39.0006651958	38.9425651302	38.893884359	38.8084246116	38.7678808361	38.6816564049	38.648042564	38.6040049372	38.4858925846	37.8415340154
PD_152P_1_bbduk_adapt_filt	38.6606519176	39.2072726696	39.1543556276	39.1351792904	39.1672314704	39.083410676	38.9905283559	38.9780494175	39.0285773458	38.9612783904	39.3396532648	39.4295713277	39.2847460766	39.2485646949	39.2794129118	39.3354603059	39.2001564737	39.2294939623	39.0117819012	38.9167976471	38.9463435996	39.0358432873	39.2477330924	39.2301664771	39.2239158763	39.1870797173	39.1894482449	39.1700934459	39.1497374477	39.1586722648	39.1333139545	39.0990700251	39.0644456608	39.0032886403	38.9926182266	38.9666226716	38.8900038627	38.343512927
PD_152P_2_bbduk_adapt_filt	37.5383374181	38.5963332487	38.8716992619	38.8760248454	39.0299525757	38.9896547822	39.0787785248	39.1011425893	39.1522250303	39.1675631037	39.235790817	39.2716787308	39.0249258103	38.9101634123	38.9679747525	38.9562974392	38.967802513	38.9875073826	39.0230876482	39.0283176255	39.0459487369	39.0322128765	39.030302576	38.9731896627	38.9838656249	38.9140575114	38.9366282494	38.8758710766	38.8124027179	38.7521261512	38.7005277906	38.6095019653	38.570687623	38.4764877336	38.4334350255	38.3900740624	38.2746554842	37.7103678129
PD_153S_1_bbduk_adapt_filt	38.4534221347	39.096414875	39.0451451873	39.0521529087	39.0524583092	38.9785975586	38.9169106133	38.9019849054	38.9400168333	38.886758256	39.2572301924	39.3418758614	39.1652287933	39.1151024074	39.1381281144	39.1878009713	39.0466716715	39.0564276561	38.8138545815	38.6936293677	38.7276692283	38.8486099239	39.0470220181	39.0199264164	39.013287828	38.9732751929	38.9745400556	38.9558254931	38.9356888553	38.9412442572	38.9188500008	38.8785264005	38.8364701078	38.7712547274	38.7544398887	38.7229656448	38.6287721288	38.0158098769
PD_153S_2_bbduk_adapt_filt	37.5918206752	38.8563984375	39.0459400201	39.0282327271	39.1697109975	39.1101710902	39.2281394579	39.2262826492	39.2719265034	39.2654741664	39.315679457	39.3396284381	39.1442858827	39.0318410685	39.0735285313	39.0483461552	39.0540451053	39.062896704	39.0900282714	39.0871309398	39.097040431	39.0740710108	39.0667190973	38.9975678838	38.9944001948	38.9258314304	38.9464452941	38.8845627599	38.8148456544	38.7540861757	38.7033442075	38.6105183135	38.5686834102	38.4782953573	38.4370631279	38.3847234545	38.258657054	37.6532075036
PD_156P_1_bbduk_adapt_filt	38.6258498898	39.1619815296	39.1226991928	39.1477269024	39.1357097614	39.0691885044	38.9833413887	38.970624907	39.0207793658	38.9802453164	39.3285804023	39.4015647437	39.2448444085	39.2114822354	39.2318517922	39.2823523868	39.1475729128	39.1802491209	38.9745168195	38.8736711116	38.8864196945	38.9793595168	39.2042477049	39.2004523028	39.2032857109	39.1688928405	39.1773451104	39.1685893488	39.1594536757	39.1660221895	39.1506863939	39.1188877328	39.0870463077	39.0293260022	39.0214318852	38.9991996709	38.9214742327	38.3822861256
PD_156P_2_bbduk_adapt_filt	38.1445548562	38.9980608957	39.19892633	39.1654853079	39.2983095306	39.2329211652	39.320521686	39.3237243031	39.3562537566	39.3538109882	39.4031133766	39.4343004213	39.2803902644	39.1836284983	39.2315437949	39.2136366891	39.2186901207	39.2314631868	39.2643995668	39.2625818548	39.2718714255	39.251456298	39.2428739655	39.1817967273	39.187788905	39.1216627453	39.1443410447	39.086089381	39.0194496441	38.9594190118	38.9088136179	38.8215987875	38.7779056769	38.6937096702	38.6567180674	38.608671617	38.492004202	37.9097070266
PD_157S_1_bbduk_adapt_filt	38.6036901042	39.2092321025	39.1602169666	39.1830121407	39.1963091356	39.1352513665	39.0660303632	39.0466964673	39.0944960127	39.049455429	39.3781203545	39.4491155154	39.3147570639	39.2781469768	39.2967308908	39.3484284642	39.2208083748	39.2448927705	39.0373767847	38.9486376844	38.9694367772	39.0634266843	39.2582502034	39.2426648659	39.2416621547	39.2046274313	39.2092441993	39.1963047033	39.1799946178	39.1831761699	39.1637033908	39.1309365868	39.0988493924	39.0390065476	39.0333996668	39.0094201318	38.9313937223	38.3636492142
PD_157S_2_bbduk_adapt_filt	38.3456838552	39.1895142959	39.299067211	39.2504397868	39.3827498651	39.3048289127	39.3924989167	39.3960719471	39.4341475281	39.4341526158	39.4785035713	39.4938569062	39.3724624955	39.2746855438	39.3193821436	39.2982529318	39.2973148212	39.3050883201	39.3321551977	39.3266866538	39.3349584752	39.3135205346	39.3075197666	39.2437561506	39.2472692381	39.1805805602	39.2074722121	39.1515504331	39.0916266552	39.0354742261	38.9875759567	38.9050740923	38.8650526684	38.781941689	38.7480277924	38.7053325955	38.5891541174	37.9385224131
PD_158P_1_bbduk_adapt_filt	38.6493330634	39.1850789302	39.1393459412	39.1475545488	39.1394011973	39.0705267974	38.9963894201	38.9888466149	39.0351956076	38.9852481987	39.3354275116	39.4160266834	39.2671864894	39.2290710271	39.2552459584	39.3076833497	39.1767652858	39.2105760407	39.0101564873	38.9079831487	38.9278673652	39.0126296455	39.2324303965	39.2179598279	39.217129505	39.183722965	39.1869542237	39.1747832359	39.1564747175	39.1650068198	39.14597398	39.1164833719	39.0818875164	39.0240699737	39.0148516284	38.9911230704	38.9156695961	38.3729685742
PD_158P_2_bbduk_adapt_filt	37.954560005	38.9181405761	39.1347569523	39.0648258638	39.2480300075	39.1889448139	39.2795621667	39.28859757	39.3336586169	39.3309017373	39.3856231204	39.4158625965	39.2452937491	39.1457131179	39.1960324807	39.1778634271	39.1853904299	39.1987080551	39.2314410485	39.231929042	39.2439496707	39.2258905765	39.2209651113	39.1639688473	39.1726359277	39.1094132935	39.1373851773	39.0825551117	39.0226971517	38.9667831853	38.9197852314	38.8346307741	38.7951713837	38.7125563235	38.6764126157	38.6333445365	38.5189905272	37.9120091123
PD_159S_1_bbduk_adapt_filt	38.6487156075	39.214610574	39.1694419703	39.1819145109	39.1681040032	39.0933949576	39.0245303588	39.0124343759	39.0542098895	39.0045281124	39.360610754	39.4384769781	39.3097158892	39.2770680686	39.3023289301	39.35470109	39.2213372319	39.2534365765	39.0466864672	38.9462150023	38.9671842936	39.0561618812	39.2692125478	39.2519835513	39.2502474054	39.2135205755	39.2176262499	39.2027029143	39.1852836644	39.1922649549	39.1740466941	39.1401809689	39.1042595297	39.0452719056	39.0355024492	39.0107950012	38.931817817	38.3763679882
PD_159S_2_bbduk_adapt_filt	37.4327138055	38.8039632188	39.0860815967	39.1088786027	39.2555624101	39.1897441969	39.3138732164	39.3082893069	39.3574853817	39.3480079673	39.4085311982	39.4391759176	39.2745956155	39.1786371384	39.2292015496	39.2124825016	39.2198664199	39.2338381874	39.2682682155	39.2690911581	39.2808290166	39.2639380429	39.257570385	39.1987379148	39.2081554296	39.145680376	39.1723502801	39.1211640119	39.0599037098	39.0042429718	38.9587558515	38.8749907046	38.8379463416	38.7522981633	38.7165444914	38.6737946486	38.5584474149	37.9859158687
PD_15P_1_bbduk_adapt_filt	38.5295717178	39.1487028954	39.1090661414	39.1303055141	39.1424186102	39.0751144195	38.9901758194	38.9800147557	39.0345226389	38.9896132678	39.3321150854	39.410729548	39.2577295961	39.2162365323	39.2385401405	39.2870122361	39.1567133304	39.1738657976	38.9553607093	38.8573384129	38.8814687445	38.9835660571	39.1921561613	39.1737840228	39.1702808717	39.1334182648	39.1379331688	39.1238376944	39.1025357998	39.1083473752	39.0838652293	39.0463932916	39.0073595016	38.9471310897	38.9368662531	38.9091779633	38.827416872	38.2532863858
PD_15P_2_bbduk_adapt_filt	37.9419553698	38.9552785162	39.1475872984	39.0738917755	39.2362431561	39.1785847345	39.2668061076	39.2751620659	39.3190838461	39.318160127	39.3705704692	39.3965937374	39.2152532582	39.1099101291	39.1584808497	39.1390686727	39.1415717802	39.151282679	39.1818117065	39.1769544001	39.1876322782	39.1661010716	39.1554153148	39.0903045643	39.0922311968	39.0269389001	39.0491925199	38.9886213926	38.9213252753	38.8591508828	38.8037221578	38.7109454995	38.6684966404	38.5795299912	38.5452908408	38.4902053454	38.3664253984	37.7562088911
PD_160P_1_bbduk_adapt_filt	38.4631813604	39.1015572001	39.057412822	39.0693550955	39.0643027547	38.9958949731	38.9361614827	38.9203504491	38.9617889075	38.9111859312	39.2715962393	39.3574285264	39.1833076555	39.137798605	39.1603892042	39.2116328634	39.076566552	39.0818858119	38.8429967965	38.7268076573	38.7612922692	38.8784304271	39.0809472371	39.0533090127	39.0489633714	39.0108781153	39.0128881152	38.9959414308	38.9766306701	38.9829825497	38.9603176437	38.9230963513	38.8845375634	38.8191766903	38.805566473	38.7743040936	38.6861295795	38.0820467906
PD_160P_2_bbduk_adapt_filt	37.8554769901	38.7922423616	39.0241972072	39.0192547901	39.1714762593	39.1096376269	39.2148546285	39.2272089429	39.2699934478	39.2696199264	39.3208612457	39.3444673143	39.1545694724	39.0437315904	39.08987131	39.0670677365	39.0704952247	39.0799761322	39.1090800164	39.1045871319	39.112798427	39.0912093785	39.0829045905	39.0143048063	39.0130592627	38.9448174142	38.9660710566	38.9047288258	38.8383336441	38.7787841407	38.7268483655	38.6344424444	38.5912427069	38.5047648428	38.4607105115	38.4127291505	38.28725166	37.6597042866
PD_161S_1_bbduk_adapt_filt	37.7190863129	38.4646119056	38.751747289	38.9987404287	38.6392177769	38.677860252	38.162525704	38.2911308607	38.5470054425	38.5988686361	39.0011128597	38.8488049058	38.1924799234	38.2011663068	38.329346027	37.7238818122	35.7541218694	36.6689443727	35.4019204158	34.4343077107	34.6449312772	35.6652177651	37.1581996287	37.8497716397	38.0008479509	38.0881518941	38.3060903112	38.5197371775	38.6546657009	38.7369496733	38.7347515922	38.7120705299	38.6795691418	38.6565168811	38.6671214984	38.6752932213	38.6256479753	38.2813086294
PD_161S_2_bbduk_adapt_filt	36.8457991833	37.5204607102	37.9017534404	38.1036597869	38.1136191877	38.0023082376	38.1365140926	38.102019415	38.075304787	37.9240235189	37.9067496255	37.8591473403	37.2111722626	36.9888526883	36.9695651809	36.8378241594	37.0510657326	37.2330189082	37.2453659924	37.1481111226	37.0382013071	36.8577226112	36.6220372334	36.3088412062	36.0176713764	35.5447500995	34.89334142	33.960649464	33.0178373203	32.4317908973	32.1296728067	31.8642979781	31.652207268	31.4884019764	31.315968378	31.1451267387	30.8425876546	30.3670615046
PD_162P_1_bbduk_adapt_filt	38.6270892799	39.1960336857	39.1490416789	39.1412845784	39.1517169342	39.0682206377	38.9978295099	38.9854766041	39.0434252711	38.9818372009	39.3463215043	39.4294685163	39.2898870085	39.2530530802	39.2825346239	39.3350759054	39.2024984688	39.2351304384	39.0289054382	38.9279852232	38.948680228	39.0319790127	39.2546387545	39.2382656116	39.2374944552	39.2025367032	39.2032805919	39.1864736362	39.1671362455	39.1739879024	39.1527045602	39.1175566956	39.0818734374	39.0239164319	39.0111448526	38.9889010063	38.9106025197	38.3607836642
PD_162P_2_bbduk_adapt_filt	37.6671489073	38.6629365608	38.9486043244	38.9503074997	39.0935256543	39.0439951673	39.1463501409	39.1592778276	39.2130247319	39.219414845	39.2788715247	39.3115611169	39.0844361839	38.976449674	39.0308972093	39.0171221217	39.0300461821	39.0477075009	39.0840690485	39.088055999	39.1034824608	39.0885645955	39.0878456232	39.0297134425	39.0404749086	38.9780914639	39.0013752856	38.9431218898	38.8791803558	38.8206928635	38.7728354289	38.6845230166	38.6412758309	38.55070437	38.5131690773	38.4688586931	38.3503728315	37.766478713
PD_163S_1_bbduk_adapt_filt	38.6877269032	39.2458187862	39.1944199949	39.2017286608	39.212112255	39.1369488778	39.0777547762	39.0697801758	39.116171998	39.061344202	39.4071494262	39.4832758464	39.3657156632	39.3336723431	39.3566264964	39.40953902	39.2809102401	39.3224116521	39.1301315687	39.0381807779	39.0622269623	39.1424913683	39.3474645082	39.335648073	39.3356249684	39.303284027	39.3067990036	39.2931611435	39.2760698252	39.2820733742	39.2619528545	39.2285224605	39.198620817	39.1438009173	39.13649391	39.1154572025	39.0435453445	38.5291302354
PD_163S_2_bbduk_adapt_filt	37.7094095785	38.8494299234	39.0451177552	39.0358244383	39.1754775502	39.1127848696	39.248117714	39.2500435246	39.3034858072	39.2937405189	39.360202086	39.3894837793	39.1993419313	39.0948726565	39.1481265731	39.1354891063	39.1415874135	39.15708927	39.1911184266	39.1909785255	39.2045669683	39.1897260961	39.1859221908	39.1263678019	39.133102092	39.0707440884	39.0967627969	39.0418870758	38.9784610052	38.9188657597	38.8696353259	38.7802459618	38.7406812761	38.6506925358	38.6159125928	38.5725011906	38.4563390619	37.860014236
PD_164P_1_bbduk_adapt_filt	38.50380272	39.089875497	39.0451360845	39.0417962354	39.047483343	38.9759387798	38.8851240153	38.8795295079	38.9282122313	38.8724888318	39.2565988751	39.3440247071	39.159832825	39.1183421938	39.146962296	39.1993715292	39.0566553173	39.0808902016	38.8454463485	38.7311636587	38.7622624793	38.872031742	39.0981583876	39.0857542997	39.0849299506	39.0485866695	39.0543863848	39.0419922207	39.0254530532	39.0360656852	39.0166081397	38.9808915582	38.9461313926	38.8835038896	38.8749465655	38.8497743598	38.7643814012	38.2030038732
PD_164P_2_bbduk_adapt_filt	37.4145592973	38.5627848724	38.8134161012	38.8270231253	38.9830315374	38.9346515853	39.0470598793	39.0592726984	39.1129818428	39.1154994819	39.1851145404	39.2247300808	38.9638703909	38.8479127795	38.9011261524	38.8856516974	38.8989446131	38.9174938764	38.9544021915	38.9567951018	38.9718293887	38.9541758192	38.9497213636	38.8868589794	38.8899842616	38.8243304323	38.8425680653	38.7754252912	38.6990962308	38.6362056283	38.5782744153	38.4796261557	38.4299122198	38.3344913913	38.2939437453	38.2370495808	38.1070740078	37.5554033242
PD_165S_1_bbduk_adapt_filt	38.6302422982	39.2078825919	39.1560374507	39.1560686681	39.175374418	39.0928425444	39.0371869656	39.014914923	39.0631101733	39.000812176	39.3570692787	39.4368342509	39.3002805672	39.2644240797	39.287282762	39.3404743596	39.2079061927	39.2350481456	39.0240405229	38.9270587445	38.9542269985	39.0460694603	39.2503541783	39.2333417892	39.2304770205	39.1963965464	39.2001584052	39.1854629444	39.1676020792	39.1750605742	39.1548885747	39.1194390311	39.0827652518	39.0252490973	39.0131384436	38.9884692229	38.9085970639	38.3616060953
PD_165S_2_bbduk_adapt_filt	37.8127871685	38.8851708294	39.1015598521	39.0343646552	39.2093651012	39.1529826023	39.2683826059	39.2727734328	39.3223116697	39.3106370931	39.3662388223	39.3971966171	39.2117336968	39.1093916765	39.1613840011	39.1413606918	39.1490110235	39.1613028437	39.195081726	39.1953944159	39.2061514158	39.1865209111	39.1813190615	39.1214656411	39.1292942285	39.0624082221	39.0879630788	39.0305050982	38.9664302423	38.9084318061	38.8576596575	38.7673163598	38.7290421673	38.6393646149	38.601014031	38.5562010168	38.4354500901	37.867102349
PD_166_1_bbduk_adapt_filt	38.7785802762	39.2807974883	39.2492845502	39.2379086114	39.2656620416	39.1900659876	39.1062969727	39.0861085598	39.1318486374	39.0717142499	39.4097182422	39.484086299	39.3613526737	39.3283014478	39.3475917942	39.3988518485	39.2749846845	39.2958541481	39.0788939915	39.0055312258	39.0326372651	39.1281359375	39.3171792869	39.2970586878	39.2919564257	39.255748581	39.2570702032	39.241033101	39.2236985639	39.2258797591	39.2046160579	39.1714630097	39.1356999627	39.0745948955	39.0669896094	39.0392732212	38.9605960902	38.3976542261
PD_166_2_bbduk_adapt_filt	38.2119923159	39.015832462	39.221265934	39.2248576711	39.3424360989	39.2719191688	39.3724977298	39.371002225	39.410801775	39.3985945825	39.448989452	39.4718863661	39.319298738	39.2211051276	39.2670751746	39.2498448078	39.2521474293	39.2642642073	39.2956992012	39.2920347369	39.302730783	39.2842854099	39.278937577	39.2158041641	39.2228217892	39.1590334846	39.1866479502	39.1323838708	39.0689318681	39.013197038	38.968211569	38.8843635165	38.8470844952	38.7635417033	38.7274039139	38.6852252733	38.5770964886	37.9652145705
PD_167P_1_bbduk_adapt_filt	38.8049608351	39.2882601688	39.2400101672	39.2217141353	39.2307003263	39.1515965098	39.0599823137	39.0457368104	39.0878791445	39.0297129127	39.3864943183	39.4685296352	39.3500704828	39.3204748595	39.3459768412	39.3980020127	39.2676033531	39.3082608221	39.1022871553	39.0166785768	39.0393954486	39.1142412378	39.3296532803	39.3138726187	39.3110957153	39.2743347218	39.2770912747	39.2616046677	39.243804006	39.2494387683	39.2277697513	39.1953849995	39.1606132077	39.1022762779	39.0921375038	39.0710077803	38.9982066594	38.4574775334
PD_167P_2_bbduk_adapt_filt	37.8208237709	38.7462616792	38.9886648948	39.0048947974	39.1400856855	39.0992297784	39.2094121666	39.2092928411	39.2633628214	39.2608533103	39.3281446575	39.3651011885	39.1718723427	39.0706097666	39.1254691917	39.114170121	39.1248916788	39.141863494	39.1775877599	39.1821213827	39.198513095	39.1850026861	39.1837384433	39.1276569743	39.1419682169	39.079276447	39.1067840651	39.0536358999	38.9922256351	38.9353740253	38.8888574547	38.80149415	38.7652762742	38.6744610699	38.6402964116	38.5987323503	38.4846898924	37.917796589
PD_169P_1_bbduk_adapt_filt	38.6079419062	39.2107956751	39.1618662117	39.1597559609	39.1790346718	39.1075632378	39.0283367038	39.0061222107	39.0474887421	38.9937548133	39.34918507	39.4289884102	39.2889187705	39.2518732434	39.2689540544	39.3218571423	39.1872688498	39.2049886605	38.9796184065	38.883377556	38.9142187319	39.0196882649	39.2098954207	39.1840381888	39.1747797483	39.1355438784	39.1341722812	39.1149232337	39.0925278525	39.0967133223	39.0699801586	39.0306844713	38.9888554858	38.9264915603	38.9079661006	38.8776608407	38.7892543987	38.1890553056
PD_169P_2_bbduk_adapt_filt	37.4981017998	38.7138546212	39.0075040939	39.0474505963	39.1836143193	39.1286628678	39.2504434892	39.2528653835	39.3025872705	39.3013163684	39.3638590615	39.3903309774	39.2024659105	39.096915421	39.1445960739	39.127119118	39.1306165342	39.140838529	39.1708979206	39.1682006627	39.1784533903	39.1577944131	39.1493345791	39.0824729384	39.0789504497	39.0118390843	39.0317420443	38.9700442134	38.8991897065	38.8356787941	38.7828054485	38.6871126186	38.6429257768	38.5467523983	38.5064213017	38.4556297283	38.3254540399	37.7381668446
PD_16P_1_bbduk_adapt_filt	38.5388851307	39.1575058776	39.1110913861	39.1437101899	39.1615642403	39.1037021464	39.0304914805	39.0147768781	39.0662517406	39.0229470016	39.3534251247	39.4218344997	39.2692151096	39.2258704146	39.2446151586	39.2947955004	39.1519109361	39.153995069	38.9375549874	38.838066307	38.8617682733	38.9654068891	39.1707447248	39.1599012116	39.1602964371	39.1262135822	39.1341333463	39.1209461012	39.1024784676	39.1078055792	39.0837643153	39.048272615	39.0089507445	38.9478424658	38.9377700563	38.9096706493	38.8196118094	38.236580465
PD_16P_2_bbduk_adapt_filt	38.1592850144	39.1707159167	39.2941139329	39.2478815416	39.379250786	39.302431975	39.4002828958	39.4004347984	39.436765151	39.4246895719	39.4665757983	39.4857769733	39.3497764092	39.2486830882	39.2916767681	39.2701976324	39.2679427467	39.2749722103	39.3006235005	39.2943551296	39.3002326243	39.2760608918	39.2677229808	39.1983639229	39.200027946	39.1294076428	39.1529383464	39.0917129942	39.0240245065	38.9611259085	38.9124047335	38.8208284091	38.7810671189	38.6957392422	38.6552575215	38.6040082246	38.4863094228	37.8287632621
PD_170S_1_bbduk_adapt_filt	38.5008117322	39.1295645259	39.0814255203	39.1026385013	39.1106078048	39.0384479896	38.9581516766	38.9573070873	39.0092303701	38.9600889201	39.3167028123	39.3991097205	39.237982603	39.1958709566	39.2184756041	39.2710543915	39.1360031241	39.1596815151	38.9447368721	38.8351226349	38.8593709056	38.9558952194	39.1720048246	39.1519613031	39.148795866	39.1105948183	39.1118101666	39.0940967328	39.071863077	39.0789251407	39.0551832137	39.0186310015	38.9808509046	38.9183794173	38.9061626037	38.8811961154	38.7949854543	38.230756816
PD_170S_2_bbduk_adapt_filt	37.6956880053	38.7226181235	38.9572605487	38.9679118542	39.1056049059	39.0485089444	39.144700773	39.1493882437	39.1969463787	39.2053194493	39.2624888628	39.2906749547	39.0695721577	38.9548165014	39.0049099746	38.9885819543	38.9933030565	39.0078293656	39.0398491089	39.0381063426	39.0522545056	39.0348046298	39.0268486493	38.9631700283	38.9638974541	38.8979766274	38.9197426676	38.8566452027	38.7902596407	38.7269442278	38.674327434	38.5815113272	38.5388609913	38.4438919336	38.4063726864	38.3563906327	38.2322414771	37.6195115936
PD_171P_1_bbduk_adapt_filt	38.7478557852	39.2614099444	39.2188488213	39.226266933	39.2377927521	39.172085023	39.0912561676	39.0818883832	39.1285770578	39.0806418129	39.408038294	39.4816765707	39.3613183064	39.3312659804	39.3524354631	39.4031815822	39.2805788718	39.3135265577	39.1216105608	39.0338493657	39.0512630651	39.1285504418	39.3362937246	39.3231746312	39.322264077	39.2884175058	39.292281846	39.2792537411	39.261336127	39.2672875395	39.2499713414	39.2178118996	39.1852207038	39.1264554802	39.124036902	39.0989477935	39.0277307679	38.4897385203
PD_171P_2_bbduk_adapt_filt	38.2276971182	39.0338779566	39.2593830218	39.2115065421	39.3509765373	39.2866139478	39.3861259272	39.3826766151	39.4216984194	39.4117330203	39.4581684966	39.4790914825	39.3394382741	39.2441578314	39.2908555759	39.2710178295	39.2756157578	39.288298755	39.320069853	39.3186831113	39.3293397663	39.3119303084	39.3054505538	39.2457353467	39.2564844021	39.1923965642	39.2204099554	39.1685651965	39.1086939754	39.0542933565	39.008917553	38.9267999045	38.8925348386	38.8097866805	38.7787056044	38.7402117465	38.6314286798	38.0271382868
PD_172S_1_bbduk_adapt_filt	38.7604515081	39.2501246091	39.2208489571	39.203369538	39.2302916433	39.1623926499	39.0573213918	39.0355706772	39.0882761131	39.0336975096	39.3837257285	39.4420751118	39.2796113321	39.2504734553	39.2545697839	39.3167033465	39.1784802454	39.2032735946	38.9880857757	38.9015022239	38.9255624774	39.0292260278	39.2191422195	39.2321503166	39.2292579073	39.1924423625	39.2046642435	39.2003914369	39.1912952107	39.2013464551	39.1814294546	39.1470752819	39.1116874618	39.0508118679	39.0380937266	39.0176174955	38.9411211993	38.3781463043
PD_172S_2_bbduk_adapt_filt	37.7767865121	39.0099963397	39.202588189	39.1630231914	39.3043844308	39.2365673722	39.327188423	39.3357203269	39.368817227	39.3649556147	39.4150707686	39.4339878429	39.2789508914	39.1716227482	39.2205987939	39.2030223546	39.2097730815	39.2230156941	39.254992668	39.2514664887	39.2583074733	39.2371393275	39.2311429725	39.1654361581	39.1640221916	39.08981895	39.1011941381	39.028738894	38.9495786057	38.8782368535	38.8211123844	38.7265778155	38.6822061931	38.5903842324	38.5527603765	38.5040721843	38.3840550963	37.7821823407
PD_173P_1_bbduk_adapt_filt	38.5787509101	39.1735485617	39.1232238014	39.1317396526	39.1368620968	39.0692526239	38.9983984784	38.9821201479	39.0246856622	38.9721421866	39.3283525913	39.4077951474	39.2593997468	39.2185178622	39.2435693264	39.293121592	39.159264402	39.1751036815	38.9522373825	38.8485735862	38.8764166339	38.9837099835	39.1814457449	39.1588445923	39.1523635998	39.1129197618	39.1155426453	39.0978215972	39.0768795154	39.0830189984	39.060611224	39.0216303099	38.9853967118	38.9231320988	38.909291188	38.8811679351	38.7965409721	38.203768008
PD_173P_2_bbduk_adapt_filt	37.943120823	38.8995968207	39.0848091077	39.0650880615	39.1903555459	39.1341881114	39.2440066211	39.2506317674	39.2928537377	39.2906252897	39.3517224414	39.379420419	39.1927492049	39.0906326872	39.1351458995	39.1185625946	39.1217723661	39.1323872027	39.1639474765	39.1623012451	39.1741383223	39.1554054365	39.147793529	39.0845259218	39.0850564905	39.0193015558	39.041005446	38.9839843779	38.918476563	38.8581658912	38.8089840349	38.7206467402	38.682838106	38.5948524117	38.5580475682	38.5120505891	38.3976120844	37.7702568096
PD_174S_1_bbduk_adapt_filt	38.6591770382	39.1994758874	39.1576010482	39.1340438864	39.1510746729	39.0710051086	38.97476077	38.9745416374	39.0335728335	38.9657471389	39.343229993	39.4310333863	39.2890645323	39.2566192535	39.2876148461	39.3428850257	39.2097697971	39.249772597	39.0463707046	38.9447247326	38.964903905	39.042531963	39.2740794889	39.2600979529	39.2558555445	39.2202801866	39.2211477088	39.2058534007	39.1865443702	39.1939505209	39.1722254635	39.1388642432	39.1015605732	39.0430703813	39.0326159396	39.009977323	38.932746398	38.3935039726
PD_174S_2_bbduk_adapt_filt	37.2736067128	38.4178644751	38.7220311538	38.7463130124	38.9117835463	38.8712136538	38.9689443186	38.9835465909	39.0549468768	39.0771356256	39.1482949523	39.1906977351	38.8950910952	38.7796726165	38.8404145563	38.8313443251	38.8533234562	38.8799612144	38.9252938789	38.9359258311	38.9601664003	38.9529110138	38.9540774913	38.902599228	38.9165884858	38.8564891308	38.8813436399	38.8250887472	38.7583605687	38.7012364776	38.6509453076	38.5649083281	38.5233149768	38.4357791855	38.3977153713	38.3538966079	38.2353016864	37.7033887088
PD_175P_1_bbduk_adapt_filt	38.4057307171	39.0659326595	39.0134931044	39.0400536853	39.042964819	38.9747469196	38.9118794831	38.9044731576	38.9480277321	38.9014550648	39.2667537803	39.3468106941	39.158799579	39.113457209	39.1337314423	39.1840773328	39.0327227179	39.0335186479	38.8038079332	38.6798728983	38.7004003666	38.8119440946	39.0359513672	39.0251391328	39.0241152934	38.98874873	38.9952026703	38.9853831608	38.9665599356	38.9746651646	38.952667939	38.9153052547	38.8755484264	38.8132176475	38.8014725276	38.7731352767	38.6827023477	38.1062215907
PD_175P_2_bbduk_adapt_filt	37.2415161786	38.5043488823	38.8262670584	38.8415615522	39.0015002377	38.9564067777	39.087814346	39.0912023032	39.1480346586	39.1496192021	39.2163834989	39.2508857991	39.0003669759	38.883867243	38.9340605199	38.9179214874	38.9251874418	38.9374655705	38.9687410481	38.9676426571	38.9764777035	38.955914712	38.9468573746	38.8787839571	38.8797244818	38.8094632692	38.8244043838	38.7569124427	38.6784836898	38.6109030165	38.5505600526	38.4534685443	38.3989117243	38.3020263387	38.2598693778	38.2064366365	38.0690692187	37.4739563263
PD_176S_1_bbduk_adapt_filt	38.8082388648	39.2888660755	39.2575078431	39.2456043322	39.2593074702	39.181406364	39.1057159867	39.0892388719	39.1367806847	39.0724333259	39.414660554	39.4910067944	39.3732534392	39.3432637299	39.3647734679	39.4214728916	39.2955782	39.3338054587	39.1299659922	39.0583506566	39.07720052	39.1553485976	39.3619204888	39.3453240491	39.3457913146	39.3075759634	39.311286299	39.2950828173	39.2775214035	39.2835519952	39.2628102039	39.2303767394	39.200782625	39.1426313319	39.1351242073	39.1131339018	39.0413137094	38.5251854494
PD_176S_2_bbduk_adapt_filt	37.7339491152	38.9049976342	39.1439123408	39.1326804242	39.2750038757	39.2095572337	39.3146686702	39.3186867102	39.3666073515	39.3615791243	39.4131016348	39.4404593512	39.2754505502	39.1717293886	39.2276816103	39.2130198641	39.2208575722	39.2349639344	39.2710085164	39.2701624766	39.2843217844	39.2683593906	39.2641408004	39.2064542481	39.2168555471	39.1503999703	39.1826175806	39.1286201002	39.0661089448	39.010056593	38.9622862741	38.8747704442	38.8422359643	38.7515737611	38.7170117181	38.6790786616	38.5683093373	37.9863359099
PD_177P_1_bbduk_adapt_filt	38.8175317248	39.3072563287	39.267545207	39.2586297629	39.266492711	39.1938976096	39.1182274257	39.1013895763	39.1488238696	39.0892831085	39.4261184798	39.5022736067	39.3949594709	39.365170058	39.3869189164	39.4357474101	39.3097343048	39.3389590982	39.1401317178	39.0573722437	39.0795412112	39.1641726484	39.3605135681	39.3430491065	39.3393236043	39.303687	39.3021812637	39.2880950317	39.2687217055	39.2769854014	39.2526173352	39.2208102776	39.185359931	39.1278775516	39.118723282	39.0948554132	39.0184704707	38.4634298414
PD_177P_2_bbduk_adapt_filt	38.1562158545	39.0521642666	39.2404901147	39.2262068368	39.3509093555	39.2827046956	39.3808246499	39.3776160497	39.4204116417	39.411906997	39.4596229457	39.4844975224	39.343852672	39.251738659	39.297600496	39.2776224807	39.281261037	39.2935662616	39.326012182	39.322808906	39.3315458579	39.3141187933	39.3080342197	39.2478905045	39.2559546777	39.1941132547	39.2178310344	39.1602360557	39.1015132574	39.047594769	38.9950979007	38.9120251306	38.873590642	38.7885501931	38.7551056587	38.7106181392	38.601594529	38.011822472
PD_178S_1_bbduk_adapt_filt	38.5445566785	39.133954397	39.0833531836	39.0882494449	39.0883035005	39.0076832162	38.9511007226	38.9359032953	38.9769249518	38.9210278325	39.2882318748	39.3739238532	39.2090023068	39.1653793138	39.1921950086	39.2441508492	39.1081535316	39.1264065072	38.9007486224	38.7884919494	38.8177445576	38.9244250964	39.133455124	39.1120095471	39.1074319966	39.0702137584	39.0730101849	39.058055228	39.0394439988	39.0462782639	39.0260107911	38.9927161341	38.9528966153	38.8953282805	38.8821603764	38.8590549554	38.7738894663	38.1927028484
PD_178S_2_bbduk_adapt_filt	37.4276138264	38.7130205025	38.9295025961	38.9221569015	39.0754044113	39.018582901	39.1434479859	39.1419884858	39.1980493107	39.1897260098	39.2571201957	39.2931828563	39.0691413212	38.9592831066	39.009577791	38.9889268061	38.9992445509	39.0143848981	39.0470855694	39.0492116678	39.0641444148	39.0466429615	39.0428529914	38.9813645966	38.9866540173	38.9228341433	38.9461030068	38.8868160313	38.8209587191	38.7612107532	38.710952671	38.6216223068	38.5794289281	38.4877652601	38.4472114096	38.4007073848	38.2753598765	37.7079734874
PD_179P_1_bbduk_adapt_filt	38.6758784094	39.2065494032	39.1688059876	39.1710125301	39.1729493605	39.0994765213	39.0192431814	39.0066120175	39.0582742778	39.0058562051	39.3555685369	39.4357075345	39.2990116959	39.2649570092	39.2868569957	39.3416542699	39.2098700007	39.2348747035	39.0271091108	38.9304813757	38.9489339573	39.0369215156	39.2555809029	39.2401296888	39.2376928181	39.2046465097	39.2052797937	39.1916624168	39.1714871954	39.1803943427	39.1590036433	39.1287587431	39.094064441	39.0278023434	39.0184762965	38.9937303575	38.9184515297	38.3665900727
PD_179P_2_bbduk_adapt_filt	37.7585301326	38.7964531794	39.0662070706	39.0189855037	39.1913924313	39.1406277957	39.2371309355	39.2471244422	39.2905565892	39.2898585467	39.3448695403	39.3741523695	39.1892764699	39.086198996	39.1377985137	39.1203394747	39.1292789131	39.1446239734	39.1774066565	39.1787105904	39.1909651991	39.174539637	39.1714253517	39.1102048596	39.1189921669	39.0545590047	39.0806747875	39.0257503672	38.9626365411	38.9065598589	38.8584721612	38.7724167752	38.7362817856	38.6476416781	38.6141011192	38.5709411906	38.4557839536	37.8669187249
PD_180S_1_bbduk_adapt_filt	38.5863273099	39.1745538569	39.1281625727	39.1327747698	39.1294843559	39.048577183	38.9781930563	38.9767176159	39.0238168802	38.9712163966	39.3302044305	39.415086639	39.2697828962	39.2348290845	39.2618921647	39.3150439852	39.18075206	39.2104536384	39.0024932432	38.9005972573	38.9174188716	39.0026503876	39.2301943522	39.2179365289	39.2154885298	39.1803263044	39.1834103312	39.1699485526	39.1517470529	39.1595022136	39.1396434077	39.1050698833	39.071485018	39.0130091436	39.0011183184	38.9782946274	38.9012041205	38.3598196016
PD_180S_2_bbduk_adapt_filt	37.1090677629	38.5232790796	38.8253825323	38.7515039414	38.9696923384	38.9522423225	39.0919391055	39.0984315391	39.1582463572	39.1618562847	39.2377456301	39.2775101635	39.0293963904	38.9204773183	38.9785353343	38.9675591695	38.9829589543	39.003748118	39.0433242527	39.0475501868	39.0664329768	39.0536109788	39.0527131486	38.998672478	39.0085535512	38.9477188161	38.9747928186	38.9168863516	38.8529919681	38.7943194454	38.7437360598	38.6546516853	38.6127514398	38.5224329013	38.4852573521	38.4418040024	38.3171953375	37.7384840184
PD_181P_1_bbduk_adapt_filt	38.6512461957	39.2148425027	39.1696551218	39.1802818561	39.1953785721	39.1325538875	39.0423985682	39.0391401563	39.0880959211	39.044462183	39.3767890406	39.453019618	39.3192632437	39.2837804889	39.3039418151	39.3535522126	39.2284303961	39.255572041	39.0511220565	38.9606603123	38.9826677003	39.0622390346	39.2669097901	39.2449933668	39.2410591217	39.2038682322	39.2029928796	39.185688775	39.1659061704	39.1687314397	39.1438621714	39.1106121764	39.0711108598	39.0101312572	38.9993258811	38.9717805734	38.8922536726	38.3221690019
PD_181P_2_bbduk_adapt_filt	37.9870270082	38.9836691132	39.1626120997	39.1449315256	39.2721123561	39.2067038135	39.3036664861	39.305946679	39.3472714084	39.3414030345	39.3897966682	39.4124264771	39.237884802	39.1315087112	39.1804717204	39.1604515072	39.1655459823	39.1727084371	39.2062011667	39.2024505328	39.2117684932	39.1923721715	39.1847026526	39.1206510738	39.1242373911	39.0562571798	39.0813824183	39.0229916311	38.9581587427	38.8990167674	38.8521650405	38.7627582642	38.7237679385	38.6374238612	38.5993119766	38.5559902889	38.4382050835	37.8069737036
PD_182S_1_bbduk_adapt_filt	37.7037765513	38.5382706138	38.8318314099	38.8264258237	38.6282120756	38.605305235	38.0909984947	38.248081619	38.5467268774	38.613729789	39.1539560995	38.9317980878	38.1360597549	37.6329979772	37.9141760677	37.8121889158	35.862473249	35.7664400145	34.710240541	33.7011276699	33.5525864661	34.6465179331	36.89785017	37.7177215769	37.9550375887	38.0994628515	38.3306147871	38.5150976643	38.620548843	38.7018644918	38.6952512348	38.6383055293	38.6154759846	38.5793280978	38.6060630007	38.6221119092	38.5911799324	38.2539584065
PD_182S_2_bbduk_adapt_filt	36.4987589898	37.6533333333	38.14122763	38.2080749289	38.3530891453	38.0924970731	38.0474326811	38.1448937949	38.2404549256	38.2017838201	38.1872230664	38.2462372731	37.6891535056	37.4524010813	37.3219908677	37.2033383979	37.6446998667	37.8360874147	37.8433318279	37.7660581988	37.7177848485	37.535211187	37.3612140751	37.1220961707	36.8585653228	36.3970673492	35.7562855668	34.8766122598	33.9559341345	33.3958056359	33.0780502186	32.749423173	32.4082475999	32.146503493	31.9129653065	31.6683757543	31.3856810087	30.8859016983
PD_183P_1_bbduk_adapt_filt	38.5386724819	39.1372007887	39.093768608	39.0933573249	39.1047320162	39.0336043207	38.9556300033	38.9417830933	38.9896648155	38.933507161	39.2936708503	39.3778993623	39.2153315815	39.1715923171	39.1956390302	39.2489935905	39.1111592467	39.1253993479	38.8982433351	38.7897241388	38.8172501248	38.9238718025	39.1319409601	39.1084892997	39.1036976611	39.0649747445	39.067191739	39.0499794664	39.0277992102	39.0349434469	39.0097243146	38.975162795	38.9341551758	38.8697566914	38.8556898912	38.826592737	38.7418445054	38.1438162717
PD_183P_2_bbduk_adapt_filt	37.7818583446	38.7460354675	38.9794448807	38.9850192365	39.1229781873	39.0757970024	39.1866542001	39.194136955	39.2404226951	39.2391014397	39.2991079543	39.3276814702	39.1206806223	39.0123563508	39.0611602774	39.0415874896	39.0495512032	39.0629293703	39.0960880018	39.0964663966	39.1084997005	39.0915301022	39.0863867154	39.0205030148	39.0254331347	38.9593285975	38.9822599209	38.922446849	38.8545846452	38.7980535864	38.7439568627	38.6540165277	38.6138277108	38.5243817138	38.4870714931	38.4403880161	38.3200004274	37.7062094812
PD_184S_1_bbduk_adapt_filt	38.589948958	39.1503884483	39.0954628753	39.1054900819	39.0994730434	39.0286379694	38.9607274548	38.948332529	38.9936907608	38.9501800099	39.3070230672	39.3903005399	39.2358885463	39.1960651073	39.2222227319	39.274928091	39.1416817447	39.1739507595	38.972058337	38.8590125869	38.8770210236	38.9684543596	39.1891365107	39.174899083	39.1745718938	39.1414778249	39.1439274724	39.1321610594	39.1133303171	39.1220346499	39.1021714781	39.0715903234	39.0358448941	38.9786515008	38.9704650008	38.9472086605	38.8670742643	38.3079692409
PD_184S_2_bbduk_adapt_filt	37.704879293	38.8409909918	39.0736271861	39.0747127947	39.2087908274	39.1560762825	39.2590672187	39.2613941063	39.3043346002	39.2957529136	39.3538912788	39.3835351568	39.2014428025	39.0992942449	39.1499201436	39.1334938525	39.1405665969	39.154551267	39.1879363939	39.1882109678	39.2013255149	39.1844796036	39.1765260238	39.1182849177	39.1233387424	39.0592384882	39.0857920152	39.0280580374	38.9649174756	38.9090824612	38.8596104904	38.7746606846	38.7352129009	38.6497720681	38.6145732546	38.5710990888	38.4571306408	37.8245702707
PD_188S_1_bbduk_adapt_filt	38.7500930813	39.2744409707	39.2316432929	39.2255619842	39.2456094212	39.1664007202	39.0911782609	39.0918549469	39.1217611171	39.0721317141	39.40948795	39.4854574446	39.3677044592	39.3372407126	39.3560251557	39.4109208974	39.2862317213	39.3151816001	39.1090873611	39.0320893309	39.0532974338	39.1368781306	39.3363998927	39.3203060127	39.3179409545	39.2820613471	39.2855633381	39.2734663347	39.2547341758	39.261908432	39.2449580893	39.2130473928	39.1798866522	39.1250345711	39.1184610272	39.0947145834	39.0203180183	38.4889210497
PD_188S_2_bbduk_adapt_filt	37.949439641	38.8724708001	39.1898365119	39.1829110695	39.3142590634	39.2730373645	39.3586799994	39.359012925	39.3991954628	39.3918228393	39.4440933843	39.46855195	39.3160881035	39.2137736103	39.2686332435	39.2537558569	39.2582789945	39.2710943659	39.3042932581	39.3007985797	39.3117167506	39.2920194853	39.2864772736	39.2280497091	39.2340388459	39.1670431655	39.1950947882	39.1381670555	39.0783042945	39.0222458695	38.9748869813	38.8873763602	38.8528899587	38.7687331075	38.7318634368	38.6862713791	38.5770346859	37.9875739903
PD_189P_1_bbduk_adapt_filt	38.601987404	39.1784872355	39.129374296	39.1470930058	39.1376221678	39.0609411834	39.0057193011	38.9997710093	39.0394795581	38.9885604143	39.3417093526	39.4189268229	39.2769077784	39.2367027581	39.2590362457	39.31100794	39.17629071	39.2034249376	38.995808832	38.8878491722	38.9078587908	38.9966378179	39.2126875892	39.1948021145	39.1929876027	39.1581344596	39.1594096534	39.1465907603	39.1263903634	39.134684782	39.113365574	39.0809914749	39.0478375648	38.9865328864	38.9756717046	38.9518219183	38.8725668591	38.3164243761
PD_189P_2_bbduk_adapt_filt	37.8888013439	38.9286421565	39.1094005847	39.0203393815	39.2078384221	39.1521135592	39.2483098528	39.2509769956	39.3046125546	39.2955749518	39.3539011746	39.3855382077	39.2079967938	39.1071840942	39.1530026874	39.1338111023	39.1378795795	39.1511011862	39.183107303	39.1819739442	39.1939804958	39.174952577	39.1728958409	39.1117907918	39.1217247152	39.0589488656	39.084523017	39.0290831756	38.9654404032	38.9087094214	38.8609867967	38.7741766644	38.7310652806	38.6429650694	38.6098136742	38.5638698061	38.4445874913	37.887391115
PD_190S_1_bbduk_adapt_filt	38.691678745	39.2177994505	39.1664845827	39.1599155887	39.1747902365	39.0930139663	39.0123325284	39.0021318748	39.0546211683	38.9991597724	39.3600200684	39.4450384096	39.3085782575	39.2727889132	39.2982710406	39.3528688505	39.2229050336	39.2577055583	39.0543734202	38.9549087879	38.9801248854	39.0649659698	39.2744888885	39.2562163361	39.2519460015	39.2154238792	39.2176405382	39.2011976673	39.1830267323	39.1891782715	39.166738374	39.1348841218	39.0995468457	39.0402203589	39.0301700025	39.0054339804	38.9290338664	38.3786093738
PD_190S_2_bbduk_adapt_filt	37.8251574774	38.7884820759	39.0119066192	38.9726984124	39.1245905228	39.0664306243	39.1617326886	39.165756388	39.2224023187	39.2337658776	39.2999719949	39.335268095	39.1286031699	39.0232373094	39.0772218222	39.0616118974	39.0700376578	39.0891639276	39.1241227406	39.1255942449	39.1404870194	39.1264439587	39.123787783	39.0661489569	39.073768485	39.0088976551	39.0334604311	38.977316175	38.9137689654	38.8571894978	38.8059666264	38.7209523017	38.6814764792	38.5902616228	38.5514501296	38.5120557977	38.3970999289	37.8048041058
PD_191P_1_bbduk_adapt_filt	36.9403440841	38.0137105645	38.5225678708	38.9063228759	38.2440269283	38.3009460114	37.7237294848	37.8782945395	38.1547586571	38.2783900455	38.9011453927	38.4337746097	37.2465495995	37.6101332981	37.4184406256	36.7277049838	34.0474183615	34.8343920288	33.923225965	33.3895981919	33.1681092883	34.9801396196	36.3095741011	37.2159399303	37.3955825837	37.5650537307	37.9956191591	38.2704615288	38.4135923504	38.4956292275	38.5200548992	38.498524462	38.485128778	38.4354438312	38.4552336184	38.4731721653	38.4509495729	38.1301329361
PD_191P_2_bbduk_adapt_filt	36.79500154	37.9995247943	38.3063668764	38.3538522462	38.4293219519	38.3329783957	38.3257975096	38.2763761165	38.3367096405	38.2534561565	38.1760829799	38.2522412806	37.7168228204	37.4667222526	37.4090278109	37.1022791015	37.5591757214	37.8528189638	37.9141665596	37.8508167162	37.795729722	37.6360831519	37.4594183642	37.2475450909	37.0310916006	36.5906785707	35.9969337463	35.1672888878	34.2718315499	33.7029298168	33.4024861216	33.0477367681	32.6930252172	32.3662560425	32.1493993817	31.9564123323	31.6759067676	31.2446414774
PD_192S_1_bbduk_adapt_filt	36.5691548482	37.9119726137	38.8553327702	39.3221891255	38.5029564753	38.5302093985	37.7180456142	37.8286133464	38.4475614636	38.5687939997	38.9037462764	38.8401459911	38.4058106105	38.1022475181	36.9796610912	37.4866398349	28.5560484828	30.3053053199	25.7400696944	23.140624768	22.86857709	28.8322580352	35.5964463398	36.9905493855	37.51684642	37.8568694838	38.2148006239	38.4953374142	38.6526465622	38.7471194315	38.7629081933	38.7392605199	38.7527917747	38.7551662634	38.8296623419	38.8789765627	38.8938406538	38.9363537157
PD_192S_2_bbduk_adapt_filt	37.3511759214	38.8168319033	39.1085671098	39.1929489174	39.2924909972	39.2494998444	39.3850086694	39.3052505224	39.3831414218	39.260190145	39.1541143414	39.2501686981	39.1580782587	38.9943785357	38.9253747377	39.0825417911	39.2020962014	39.0481105126	39.029802828	38.9143148374	38.5070597301	37.9500003168	37.6468390403	37.4622668212	37.3675894322	37.3102885895	37.2018220122	36.9244191526	36.459062876	36.2211915952	36.1897756329	35.9986849722	35.7908031454	35.4703677857	35.1404527163	34.7697299127	34.4086736802	34.1044517211
PD_193P_1_bbduk_adapt_filt	38.593975035	39.1827573216	39.1371616969	39.1452149639	39.1340589033	39.0650641525	38.996401056	38.9828701678	39.0272342596	38.9787129766	39.3380757016	39.4215702252	39.2783187427	39.2417215258	39.266256502	39.321746129	39.1901505347	39.2222843788	39.0135606066	38.9122736621	38.93644669	39.0291381701	39.2422049627	39.2274417568	39.2275134304	39.1918328557	39.1988396856	39.1855504627	39.169453198	39.1787244043	39.1605537364	39.1299352201	39.0957451037	39.037870991	39.0321407866	39.0080865269	38.9338497584	38.3913641219
PD_193P_2_bbduk_adapt_filt	37.3246806543	38.8563037239	39.043915864	38.9905856951	39.1571568019	39.1039795287	39.2267228197	39.2300264316	39.2812054114	39.2740281622	39.3370516631	39.3705595797	39.1796979467	39.0761464686	39.1290574867	39.1120484126	39.1223443746	39.1353475005	39.1709749705	39.1712659467	39.1860340955	39.1675408467	39.1636567088	39.1007139105	39.1089851359	39.0430933569	39.0705226212	39.0135374703	38.9511348056	38.8918161488	38.8444115813	38.7536128343	38.7148852475	38.6278398607	38.5905737812	38.5485726696	38.426804356	37.8431057066
PD_194S_1_bbduk_adapt_filt	38.8413357746	39.3262729946	39.2872323206	39.2803373491	39.2990052742	39.2298905423	39.1415981199	39.1288855161	39.1723900536	39.1203270623	39.4528936509	39.5253072933	39.4227178777	39.3952481863	39.4128845251	39.4657225898	39.3423754812	39.3774279822	39.1801527658	39.1071315784	39.1291707359	39.2084648863	39.3989925178	39.3804141577	39.3771461494	39.3374017943	39.3395323925	39.323840563	39.3016576916	39.3088239961	39.2837543151	39.25032383	39.215084938	39.1572582447	39.1459149895	39.1237503753	39.0458423312	38.5152579331
PD_194S_2_bbduk_adapt_filt	38.0873370064	39.0137594622	39.2422972868	39.2211162707	39.3492807578	39.2790802781	39.3643866313	39.3619744424	39.4056009031	39.4052114773	39.4530462845	39.472340327	39.3277165648	39.2266645663	39.2759071208	39.2580732937	39.2609738737	39.2750379333	39.3069641846	39.3054909972	39.3168313927	39.2959317396	39.293777317	39.2292968025	39.239976654	39.1733020224	39.2035070156	39.1469803501	39.0828554967	39.0249656459	38.9774720883	38.8895051585	38.8507154648	38.7601608056	38.7256385354	38.6791552177	38.5606075542	38.0203001771
PD_195_1_bbduk_adapt_filt	38.6653179332	39.2219113992	39.177670942	39.1740919059	39.1894616106	39.113827714	39.0439099558	39.0245526205	39.062618142	39.0031880841	39.3579243375	39.4386507478	39.3051109475	39.2672777729	39.2856136272	39.3359363105	39.2042181521	39.2225794771	38.9947543051	38.9022860104	38.9336823405	39.0375615291	39.2230533038	39.1973250797	39.1906119368	39.1505661214	39.1517169068	39.1325880248	39.1105011357	39.1129813875	39.0899895261	39.0532571107	39.0104136913	38.9459925144	38.9314626061	38.9042268307	38.8176549455	38.2262453898
PD_195_2_bbduk_adapt_filt	38.0131050039	38.992590914	39.2053542604	39.2122954849	39.3445224988	39.2770102881	39.3760323808	39.3810526536	39.4193043436	39.4069517718	39.4515810372	39.4713146395	39.3259880422	39.22715256	39.2691765255	39.2450704251	39.2481162702	39.2560705101	39.284535723	39.2797222688	39.2856692797	39.2639178459	39.2542630878	39.186863784	39.1899612204	39.1232550621	39.1470799917	39.0864604945	39.0232548479	38.9640481066	38.9142397245	38.8266256671	38.785965445	38.7012438094	38.6636243666	38.6161816473	38.5017950703	37.8749621113
PD_196_1_bbduk_adapt_filt	38.5678102098	39.1625347599	39.1079096219	39.1121648957	39.1096032043	39.0326399515	38.9701728165	38.9576941935	39.0083186872	38.9519110452	39.3150987888	39.4001831466	39.2452140063	39.2058031219	39.2304142558	39.2858366239	39.1504799715	39.1769565521	38.962870537	38.8559265775	38.8791099998	38.9736684372	39.1925949958	39.1755772442	39.1733111333	39.1372822187	39.14142363	39.1243162505	39.1074124581	39.114146703	39.092659757	39.0583044987	39.0243246352	38.964427316	38.9529634522	38.9317105953	38.8496768845	38.2873197224
PD_196_2_bbduk_adapt_filt	37.5611661558	38.6614753827	38.9303144142	38.9378064437	39.0899357386	39.0339504053	39.1420157657	39.1574830286	39.2114271807	39.2133954103	39.2766092182	39.3120185432	39.0905477339	38.9838514542	39.0369381535	39.0208697687	39.0308052897	39.0474808515	39.0824911251	39.0833954542	39.0981073085	39.0804810738	39.0749049873	39.0154560245	39.0241149774	38.9600867207	38.9818528241	38.9230320607	38.8572521639	38.7975170438	38.746608387	38.6544919701	38.6153077671	38.5244006785	38.4890287828	38.4406425778	38.3183187341	37.7447523132
PD_197_1_bbduk_adapt_filt	38.5156135455	39.129975213	39.0889512288	39.089068776	39.1043935566	39.0267180637	38.9519467617	38.9393713194	38.9843088522	38.924157148	39.2975102353	39.3866310008	39.2229244441	39.1804871296	39.2059508576	39.2601933676	39.124691527	39.1417857132	38.9147661466	38.8067932326	38.835284646	38.9391707721	39.1519717535	39.1273670873	39.1211924487	39.0826447861	39.0815197866	39.0630600498	39.042469767	39.0493819554	39.0246350533	38.9879894123	38.9468582749	38.8811472579	38.8684497806	38.8400134775	38.7535837239	38.171812648
PD_197_2_bbduk_adapt_filt	37.526444432	38.5790369644	38.8406520563	38.8484017272	39.0016453093	38.9541822707	39.0587535559	39.0706124528	39.1302272005	39.138167015	39.206037173	39.2423708808	38.9853023396	38.8692824619	38.9227008603	38.9072732432	38.9183069127	38.9334983421	38.9684052956	38.9700079398	38.9859258505	38.9695732407	38.9679400248	38.9038115953	38.9072712864	38.8429525417	38.8617307353	38.800921836	38.7292362055	38.6667304258	38.61230721	38.5201520064	38.4767197249	38.3824245424	38.3411744479	38.2961621072	38.1685003464	37.5827371343
PD_198_1_bbduk_adapt_filt	38.6027049024	39.1494534426	39.0987724875	39.0984837885	39.0982955923	39.0187417849	38.9468537725	38.9326493894	38.9781475577	38.9279720851	39.2925999256	39.3809949339	39.2199527112	39.1803576603	39.2083616757	39.2615121967	39.1294401852	39.153000217	38.9403854351	38.829834177	38.8528332921	38.9503847243	39.1670979775	39.1487803606	39.1456107849	39.1090207118	39.1125290585	39.096038913	39.0790756349	39.0853292526	39.0669631646	39.0311873246	38.9960183159	38.9349527335	38.9251115862	38.8987159288	38.8200716231	38.2521538007
PD_198_2_bbduk_adapt_filt	37.4080902711	38.6024477337	38.9193987967	38.9074488274	39.0803460052	39.0312139742	39.1323029506	39.1459683633	39.1990002936	39.1996840164	39.2636019842	39.3007604122	39.0782717618	38.9703133281	39.0235070478	39.0068287063	39.0186881667	39.0352840544	39.0744982333	39.0764161892	39.0958196936	39.07891709	39.0758512453	39.0175835764	39.0263093856	38.964660813	38.9895943078	38.9339099883	38.8705989374	38.8166514491	38.766404764	38.6765537592	38.6404413309	38.550574056	38.5162226099	38.4698391013	38.3502447931	37.7607546315
PD_199P_1_bbduk_adapt_filt	40.0	40.0	40.0	40.0	40.0	40.0	40.0	40.0	40.0	40.0	40.0	40.0	40.0	40.0	40.0	40.0	40.0	40.0	40.0	40.0	36.8	40.0	40.0	40.0	40.0	40.0	40.0	40.0	40.0	40.0	40.0	40.0	40.0	40.0	40.0	40.0	40.0	40.0
PD_199P_2_bbduk_adapt_filt	9.0	9.0	9.0	9.0	9.0	9.0	9.0	9.0	9.0	9.0	9.0	9.0	9.0	9.0	9.0	9.0	9.0	9.0	9.0	9.0	9.0	9.0	9.0	9.0	9.0	9.0	9.0	9.0	9.0	9.0	9.0	9.0	9.0	9.0	9.0	9.0	9.0	9.0
PD_1P_1_bbduk_adapt_filt	38.5803364166	39.2083702222	39.1691269162	39.1752026614	39.2157542733	39.1536875365	39.0756305029	39.0515173584	39.0957130475	39.045931174	39.3825722716	39.4544493129	39.3189058216	39.2785782888	39.2973790568	39.3437516941	39.2078162148	39.2173014359	38.9845725676	38.8963879597	38.9319116703	39.0450771102	39.2197189392	39.1914432589	39.1841133141	39.1430870742	39.1403591004	39.1218466987	39.0998638565	39.1029912516	39.0748868818	39.0323154706	38.9899583498	38.9232755168	38.9078011358	38.873166661	38.7831691608	38.170258401
PD_1P_2_bbduk_adapt_filt	38.0923950683	39.029975813	39.1810455145	39.1835721008	39.2951930033	39.2188141631	39.3287744858	39.3325428374	39.3654383644	39.3603699632	39.4078811535	39.4271919938	39.2628562519	39.1576043037	39.1975900879	39.1762941053	39.1773049571	39.1817372154	39.2070772889	39.1987683624	39.20603141	39.1819779875	39.1711526325	39.0972625844	39.0938344248	39.0238753069	39.0447720733	38.9829709407	38.9111792942	38.8447099137	38.7918553423	38.696456458	38.6495716096	38.5628030891	38.5204292528	38.469098261	38.3396249377	37.7120535954
PD_200S_1_bbduk_adapt_filt	38.6287062306	39.1959697341	39.1447863277	39.1450928059	39.1547661217	39.0821138374	39.0126564733	39.0020798938	39.0475626509	38.9954220475	39.3473741368	39.4278818631	39.2830740384	39.2428715936	39.2679187566	39.3182830288	39.1857208512	39.2143536068	39.0027249161	38.9023291777	38.9274035654	39.0192036091	39.2222158819	39.2001410952	39.1954632489	39.1600825458	39.1600090932	39.1431066545	39.1226744161	39.1302745645	39.1095188634	39.0727632119	39.034639933	38.9764940274	38.9635833924	38.9389905066	38.8571895006	38.2933877961
PD_200S_2_bbduk_adapt_filt	37.5464337637	38.761693146	38.9656644263	38.9557523964	39.1022389853	39.0592881388	39.1818771253	39.1871188273	39.2376492349	39.2372283394	39.3034984826	39.3362962539	39.1303042046	39.0216330107	39.0742805378	39.0583203493	39.0651129044	39.0807464288	39.1121451637	39.1124252118	39.1254353166	39.1076758276	39.1056650907	39.0438252811	39.0510906894	38.9846048562	39.0120692927	38.9539108412	38.8900697145	38.8308238003	38.7793821919	38.6907625964	38.6528522994	38.5595361986	38.5232581271	38.4772547521	38.3593550081	37.7522077412
PD_203_1_bbduk_adapt_filt	38.7655064223	39.269401156	39.2228773222	39.2069481889	39.2096767079	39.1318640142	39.0458889318	39.0324503963	39.0706594649	39.0104862002	39.3693668226	39.4521151923	39.3271160372	39.2933455255	39.3135800749	39.3650439885	39.2330956039	39.2568322476	39.0360741345	38.9494833266	38.973623866	39.0679411198	39.2669766439	39.2451255899	39.2392796213	39.1988304717	39.2013406242	39.179975377	39.1626363984	39.1664589289	39.1437847184	39.106018238	39.0689689285	38.9909822604	38.9739047998	38.9462815441	38.8671415127	38.3000839398
PD_203_2_bbduk_adapt_filt	38.1190577075	39.034584558	39.2235679174	39.1897385585	39.3161085544	39.2625344128	39.3606773357	39.3654116994	39.4019633396	39.3935716357	39.4424655383	39.4656404871	39.3229967718	39.227698712	39.272459961	39.2522890734	39.2549122147	39.2640872978	39.2947088985	39.2927815844	39.3032824662	39.2824543341	39.276515593	39.2137070092	39.2201117873	39.1569465748	39.1815123474	39.1226988051	39.0598007136	39.0019505595	38.9514501615	38.8682336195	38.8272459046	38.7384358159	38.7054108637	38.6600470977	38.5441597805	37.9518729053
PD_204_1_bbduk_adapt_filt	38.6449144855	39.2059941241	39.1571470996	39.1573193757	39.1581392653	39.0771695226	39.00759796	38.9936643454	39.0489279762	38.9776729725	39.3395136811	39.4235130392	39.2804798793	39.2433872868	39.2640943982	39.3176864707	39.1876826623	39.2091593924	38.9910246315	38.8931700968	38.9172772935	39.0069734455	39.2215754546	39.1995684901	39.1943053832	39.155149231	39.1549096078	39.1360114673	39.1138413209	39.1192274964	39.0968051383	39.0579053502	39.0193052721	38.9244885775	38.9047904923	38.8763345017	38.7895046695	38.2247348374
PD_204_2_bbduk_adapt_filt	37.8808043668	38.8986662812	39.0998017247	39.0477391813	39.2088100708	39.1535311065	39.2497783975	39.2536189809	39.2976648252	39.2961305775	39.350046077	39.3777045111	39.1974799525	39.089879493	39.1376383889	39.1186681589	39.1238687157	39.134199419	39.1659044091	39.1623408149	39.1739655157	39.1531516958	39.1479119135	39.08429236	39.0888072897	39.0242119799	39.0483232852	38.9859034722	38.9149554002	38.8546510515	38.8010499818	38.7090459423	38.6643631853	38.5714100125	38.5343093095	38.4847162045	38.3559706651	37.775722025
PD_205P_1_bbduk_adapt_filt	38.9322913671	39.3609283113	39.3218878582	39.2976723616	39.3223958022	39.2503389942	39.1530823292	39.1442335958	39.1941779117	39.1321654407	39.463513805	39.5366697782	39.442335058	39.417535469	39.4387322006	39.4908800328	39.3741209662	39.4124157149	39.2320553219	39.1597079462	39.1747252548	39.2338893227	39.4358379334	39.4203933388	39.4174369362	39.3813611541	39.3801020128	39.3646377988	39.3434903442	39.3511648963	39.3280735569	39.2970150522	39.2624586428	39.2046162259	39.1967289594	39.1721946567	39.1005736582	38.5679861287
PD_205P_2_bbduk_adapt_filt	37.9438231538	39.0111966604	39.2160043204	39.1935041562	39.319555987	39.2627293228	39.3458686498	39.3491393416	39.3889084314	39.3832411682	39.4307124084	39.4547608533	39.2897632682	39.1902563495	39.2430452073	39.2254588267	39.2328899892	39.2459325278	39.2810605208	39.2807648033	39.2947656851	39.2803023608	39.2784472637	39.2257073978	39.2402850337	39.1793405902	39.2092265812	39.159156719	39.098639538	39.046327089	39.0051197982	38.9211114666	38.8888059195	38.807243711	38.771499844	38.7348641039	38.6259043567	38.0165437924
PD_206S_1_bbduk_adapt_filt	38.5565323978	39.1538735267	39.1069518831	39.1027358311	39.1101470817	39.0334623148	38.9593207728	38.9475568724	39.0025826536	38.9434358799	39.3085118857	39.3948483487	39.2376187699	39.1983351088	39.2242507514	39.2791759794	39.1450065873	39.1649754036	38.9445800873	38.8379575813	38.8644259858	38.9643909906	39.1800559623	39.1603255004	39.1570331548	39.120207161	39.1214966879	39.1060160695	39.0856374873	39.0921105739	39.0700546582	39.0349867902	38.9976845957	38.9375587826	38.922870305	38.8979486137	38.8178107702	38.248827352
PD_206S_2_bbduk_adapt_filt	37.6138834746	38.5418220782	38.8910720693	38.9088172337	39.0589453766	39.0158550678	39.1230902098	39.1301787731	39.1824976759	39.1898402194	39.2543038593	39.2867530182	39.0553770674	38.94439285	38.9987614684	38.9826389925	38.9940203542	39.0088136976	39.0438169148	39.0448505224	39.059603111	39.0439442313	39.0410660961	38.9807185452	38.9856788956	38.9208270642	38.942791468	38.8818854115	38.8150001823	38.7535064315	38.7001668958	38.60650602	38.5671359641	38.4746086443	38.4337529109	38.3874094982	38.2650523525	37.6617437326
PD_207P_1_bbduk_adapt_filt	38.5130382624	39.1216399509	39.0799014115	39.0916273786	39.1032803005	39.0410831836	38.9572006303	38.9492454278	38.9898778564	38.94584358	39.2999581829	39.3808391859	39.2126712241	39.1690474484	39.1911116152	39.2419689186	39.107872881	39.127526736	38.9059928795	38.7967319193	38.8244090317	38.924946875	39.1266973096	39.1015247267	39.0943888456	39.0549625211	39.0558751368	39.0363254673	39.0162436953	39.0203803364	38.9956753851	38.9578887908	38.9169892845	38.853027243	38.8371821083	38.8064567501	38.7171675222	38.1220141613
PD_207P_2_bbduk_adapt_filt	37.4245313237	38.6277309207	38.965495716	38.9969803697	39.1430585492	39.0779031076	39.167587525	39.1835173093	39.2332587541	39.240560349	39.2946892376	39.324551239	39.1218990375	39.0093263881	39.0577927402	39.0364566709	39.0437014284	39.0526923511	39.0842242585	39.0812964827	39.0902948153	39.0689714268	39.0625539528	38.9958158133	38.9948383421	38.927010777	38.9484639843	38.8852999397	38.818295054	38.7543937574	38.7030353476	38.6078438436	38.5676436623	38.475403889	38.4373736829	38.3907792846	38.2612916567	37.6345100466
PD_208S_1_bbduk_adapt_filt	38.7297940218	39.2632279869	39.2223673092	39.2135172435	39.2286234393	39.1510112131	39.0746225774	39.0541874738	39.1017693222	39.0454692113	39.3969602332	39.4740536894	39.353665668	39.3221428904	39.343073736	39.3963573904	39.2635524048	39.2983840361	39.0891770879	39.0008210879	39.0230101584	39.1080085939	39.3163265525	39.2976543553	39.2955995068	39.2603260304	39.2663440201	39.2513331565	39.2339555466	39.2402323618	39.2219078559	39.1904911344	39.1570679082	39.098845966	39.0927770212	39.0710522163	38.9964460517	38.4679557376
PD_208S_2_bbduk_adapt_filt	37.8156223623	38.8800421586	39.1274037322	39.1113969967	39.2542950144	39.1907540781	39.2991981147	39.3037799081	39.352564382	39.3448332786	39.3973908555	39.4283423333	39.260020104	39.1575070203	39.2123044704	39.1971463468	39.2058709944	39.2181345785	39.2524432372	39.2511542361	39.2624918861	39.246137363	39.2419574477	39.181188634	39.1931576054	39.1280597105	39.1525521896	39.0935636433	39.0299729418	38.9712675508	38.9237310775	38.8319301588	38.7952964177	38.7035616554	38.6682598545	38.6246036468	38.5088671291	37.9391893925
PD_209P_1_bbduk_adapt_filt	38.6785820341	39.2220005243	39.1806503754	39.1881717487	39.19766266	39.1224743084	39.0442787129	39.0330901988	39.0790937079	39.0310670756	39.3690428069	39.4467318406	39.312135979	39.2758684009	39.2976319292	39.3519549761	39.2251572727	39.2546020898	39.0511929955	38.9609288847	38.9806458881	39.06465227	39.2756430122	39.2596770082	39.2583347334	39.2226589544	39.2254450196	39.2128145084	39.1953587905	39.2013692384	39.1801153522	39.1484111166	39.1142667848	39.0560660139	39.0468977586	39.0228072064	38.9455747589	38.3921263503
PD_209P_2_bbduk_adapt_filt	38.0552928256	38.9631766707	39.1687896369	39.1283502906	39.2674463843	39.2035458938	39.2971156346	39.2956181765	39.34058543	39.3317515982	39.3866717337	39.4148139801	39.2391457204	39.1381976813	39.1885246515	39.1729870127	39.180804415	39.194773978	39.229454316	39.230599508	39.2424762404	39.2259377054	39.2188771016	39.1613767363	39.170162765	39.1059957483	39.1355866857	39.0807370855	39.0187121388	38.9654106747	38.9184442865	38.8349263007	38.7972096117	38.7154559336	38.6795661958	38.6387307489	38.5256453393	37.9218636135
PD_210S_1_bbduk_adapt_filt	38.6352806904	39.1906457924	39.147418655	39.156528042	39.1558851557	39.0841978367	39.0037956483	38.9934089365	39.0481167907	38.9967776335	39.3511277179	39.433435579	39.2923538299	39.2558261113	39.2818254639	39.3376531632	39.2049919352	39.2397825007	39.0363312235	38.9362302166	38.9556599967	39.0355569231	39.2607459788	39.2458924352	39.2459151575	39.2091051617	39.2145620612	39.1998784352	39.1822374348	39.189602272	39.1707164209	39.1391557298	39.1068716091	39.0512650391	39.0393674915	39.0202672196	38.9453073737	38.414294042
PD_210S_2_bbduk_adapt_filt	37.5149477412	38.6550851381	38.9002546202	38.8851260936	39.0425825615	38.9948315655	39.0973757396	39.1035401834	39.1576549939	39.1672288175	39.2356652347	39.2740851677	39.0379964758	38.9281393423	38.9874202837	38.9752753571	38.9887851497	39.0067792509	39.0459671383	39.0510745259	39.0690961864	39.0559999441	39.0563944198	39.0004085438	39.0095949209	38.9493615918	38.974583275	38.9178068314	38.8510461319	38.7972196439	38.7453197784	38.6593036411	38.6182717999	38.5244608036	38.4922318291	38.4472937443	38.3323217162	37.7736244353
PD_211P_1_bbduk_adapt_filt	37.4954763346	38.2103954322	38.6110629387	38.9418713087	38.5234690706	38.5312566464	37.9103447148	38.0958068158	38.3977880667	38.5125857541	39.0296871402	38.6678452373	37.7509266817	37.7780525623	37.637453042	36.9463490648	34.4962175294	33.8278497958	33.1913388474	32.4730565298	32.2546637246	33.6481466833	35.8002006861	37.02177769	37.4498337894	37.7033221497	38.0939292246	38.4070269074	38.5597495495	38.652364816	38.6803856282	38.6379131544	38.5993456343	38.5713022303	38.6067305907	38.6304230498	38.5751285627	38.2638481052
PD_211P_2_bbduk_adapt_filt	36.4314251591	37.4994682853	37.984523011	38.1464587798	38.1929879096	38.1299674427	38.2453740818	38.1655023477	38.1563404938	38.0784598636	38.0086147277	37.9449594517	37.3219847954	37.0353428903	37.1867172705	37.2017503475	37.229447497	37.3491841679	37.3804160411	37.2801910733	37.174929767	36.9697317406	36.7409983565	36.4415321856	36.1630933269	35.7397730412	35.0946589934	34.2266838169	33.2936581291	32.6842501263	32.3603017064	32.0622250656	31.7973665115	31.5549055049	31.3866253555	31.2037163991	30.9387400398	30.4449296351
PD_212S_1_bbduk_adapt_filt	36.6609050242	37.5939259304	38.2880009738	38.8322327379	38.0022519096	38.0984145339	37.242871489	37.4795654423	37.9777852165	38.1014120618	38.1472543548	38.0007425146	37.066061862	36.8684647726	36.9933935961	36.3014052351	34.7950086472	35.7032149412	34.6152100873	33.1287297827	32.9036607633	33.253297491	34.7932641782	36.0751013525	36.658350106	36.8735861762	37.1055873443	37.3298234125	37.5825304354	37.8075336306	37.9021196981	37.895924166	37.9080446652	37.9104596382	37.9949833162	38.0320339461	38.0277861896	37.9518077047
PD_212S_2_bbduk_adapt_filt	37.0389823803	37.9314689145	38.3408295548	38.4831258939	38.6850674051	38.5310246188	38.5989470801	38.5969386202	38.6794680624	38.6539301683	38.580469251	38.66329613	38.3631840188	38.1856305991	38.1939594222	38.1082107206	38.333188901	38.4368803271	38.4742729542	38.3765559591	38.1115213077	37.7093758205	37.4676316382	37.2688051893	37.071418177	36.7657981673	36.3720220635	35.786907576	35.1191398029	34.6878757552	34.4894665859	34.2094455085	33.9234809892	33.544461211	33.2367974787	32.8679965735	32.4757393796	32.081797297
PD_213S_1_bbduk_adapt_filt	38.5648825703	39.1302523316	39.0803787555	39.0825247706	39.0796095414	39.0091044015	38.9432237824	38.9300495058	38.9744831678	38.9174521723	39.2845322445	39.371223525	39.2022191677	39.1597973272	39.1860315848	39.2401704	39.1053989582	39.1360220747	38.922002803	38.8108520069	38.8319090866	38.9268103874	39.1458873358	39.1305139176	39.1274170521	39.0908878756	39.0934117967	39.0795236076	39.0592881054	39.0681905587	39.0445539357	39.0117006275	38.9744872541	38.9149365646	38.9036784581	38.8769572823	38.7913510095	38.2270812505
PD_213S_2_bbduk_adapt_filt	37.7110937866	38.8256666179	39.0124167722	38.9924369954	39.134715225	39.0838217475	39.1899587867	39.1970677504	39.2427271412	39.2391335074	39.3012678254	39.3330840341	39.125579455	39.0186196167	39.0698500771	39.0507047507	39.0584154096	39.0744483907	39.10754511	39.108126444	39.1205607616	39.1031041853	39.0970772787	39.0367678204	39.0458383416	38.9791743318	39.0031113584	38.9447128486	38.8810141589	38.8230733083	38.7721194879	38.6833246752	38.6458292838	38.5556207955	38.5191397496	38.47281068	38.3543494808	37.7684229176
PD_214S_1_bbduk_adapt_filt	38.7547046756	39.2375780842	39.2011809877	39.1863176518	39.1937247088	39.1147888028	39.0261561698	39.0163626963	39.0732030323	39.009101495	39.3648168391	39.4483811912	39.3161241189	39.2834032486	39.3099002715	39.3665979678	39.2381470456	39.2742596393	39.0733997312	38.982214084	39.0003925498	39.0827887048	39.3023254172	39.2891424319	39.2866468638	39.2512840151	39.253994513	39.2399050053	39.220714783	39.2284017628	39.2080251172	39.1753724939	39.1417545522	39.0817564698	39.0715569388	39.0481102857	38.9748361602	38.4325359059
PD_214S_2_bbduk_adapt_filt	37.8172036281	38.829060393	39.0850502499	39.0665920134	39.199922433	39.1408891736	39.2296898401	39.2380041088	39.2865972199	39.2842920642	39.3450148984	39.3794456063	39.1917184226	39.0889113091	39.1428719223	39.1304230404	39.1419931429	39.1599012168	39.1965260213	39.1997382778	39.2169274703	39.2011017997	39.1989626231	39.1438794295	39.1545406409	39.0916096289	39.1200103318	39.0670308176	39.0073736965	38.9497770878	38.9036286515	38.8171790331	38.7834552465	38.6934776325	38.6596231098	38.6181757148	38.5056373515	37.9224852076
PD_215S_1_bbduk_adapt_filt	38.6781394297	39.2103166365	39.162404585	39.1584823138	39.1540686811	39.0793420871	38.9991938511	38.9898700521	39.0367240961	38.9841547966	39.3435757588	39.4281291198	39.2918611102	39.2566055989	39.286817197	39.3409702147	39.21016288	39.2412648294	39.0394204853	38.9370052535	38.9599211455	39.0428068087	39.2662791458	39.251660793	39.2507049416	39.2141971142	39.2177769666	39.2034845383	39.1847497669	39.1931663948	39.1728401005	39.1400678755	39.1043386127	39.0462174089	39.0374227896	39.0156145051	38.9399559795	38.3947567132
PD_215S_2_bbduk_adapt_filt	37.7064207292	38.7354361975	38.9950710125	38.9612578738	39.1037980947	39.053369468	39.1681595482	39.1685710275	39.2260528461	39.2252323266	39.297529511	39.3342148765	39.123287675	39.0200171346	39.0741231992	39.0613379964	39.0723185689	39.0897100216	39.1262550446	39.1292249071	39.1450485913	39.1308335141	39.1280700159	39.0734651827	39.0838970018	39.0215927533	39.0491064464	38.9929162552	38.9329297168	38.87570046	38.8286066241	38.7425848527	38.7050307952	38.616812604	38.5817671349	38.5376037603	38.4224523378	37.8520621458
PD_216S_1_bbduk_adapt_filt	37.2611062856	38.1237633201	38.63216321	38.9920132195	38.3832383535	38.4016270152	37.6298116645	37.7983179035	38.2156218884	38.3103269595	38.8079861196	38.0345183191	33.8697477908	32.0088805094	36.7898934127	36.4615949263	34.1674362871	33.8502891913	31.7326062883	29.5781669671	29.595746786	31.2487654788	34.8302443138	36.2811082696	36.7609793182	37.0245713121	37.3679050594	37.6039333635	37.7638491377	37.8761851746	37.8533659708	37.7726026582	37.7342490585	37.697268955	37.7633424513	37.8183710597	37.8143890481	37.6763963512
PD_216S_2_bbduk_adapt_filt	37.509776921	38.1391436985	38.4220918162	38.5510242993	38.6329682435	38.5285680995	38.6087324958	38.5730567972	38.5780988496	38.4843994142	38.4591180106	38.5086156378	38.167029461	37.9521655377	37.6284166485	37.7075384405	38.1207809383	38.294093978	38.3526344067	38.301174942	38.2077406835	37.978489135	37.7279496714	37.5126792801	37.3342307127	37.0100658591	36.53352625	35.8997190658	35.1617742719	34.6888734922	34.4458915521	34.157491628	33.8563738682	33.5296821321	33.2181080152	32.8913844369	32.5043061852	32.0447859507
PD_217P_1_bbduk_adapt_filt	37.595043493	38.4752560913	38.7098867481	39.0234692459	38.5941010151	38.6016099377	38.0994082475	38.2029572177	38.4926842081	38.5733207589	39.067515682	38.9654725001	38.3412121753	38.4292217639	38.3617736021	38.1850008106	36.8669667214	37.3299545829	36.2566048511	35.4304131459	35.5945063074	36.4962305919	37.6704133306	38.1277504225	38.2811048543	38.3497043347	38.4832942519	38.5952658136	38.6778722628	38.7460233997	38.7622645119	38.7370192137	38.7073059116	38.6737067069	38.7016131046	38.6986823012	38.6484282571	38.3195902308
PD_217P_2_bbduk_adapt_filt	36.1628787294	38.0396149746	38.1476136767	38.2354649815	38.3453795405	38.209848122	38.306846098	38.2949801462	38.3199789874	38.2949084228	38.2771732208	38.2651233997	37.7463283057	37.5388351029	37.6196725233	37.4985827605	37.5510549874	37.6573395191	37.6799125451	37.5749269135	37.4237230428	37.1380823559	36.8787245981	36.6198225364	36.3846341487	36.0134326095	35.5259253436	34.8596657694	34.1736493008	33.7129078793	33.4306263021	33.1944974392	32.9986796967	32.8111844237	32.653133645	32.4529692442	32.1391547356	31.6224793601
PD_218S_1_bbduk_adapt_filt	38.3496316142	39.1292699263	39.3516409913	39.0301406564	39.1774949766	38.9390488948	39.0060281313	39.0622906899	38.9845947756	39.0993181765	39.4327077748	39.4784210063	39.2880541499	39.2023156013	39.322674298	39.3515158964	39.1064514966	39.1994597147	38.9398842342	38.7516748431	38.7791264928	38.9169093649	39.1131328915	39.212326525	39.1989489483	39.1471973251	39.0195633414	39.1097160628	38.9992773287	39.0558018307	39.106183668	38.9874913993	38.8265638896	38.7908078455	38.8367778124	38.8823055413	38.7507668173	38.17579815
PD_218S_2_bbduk_adapt_filt	36.0482250502	37.3797722706	37.7548559946	37.8727394508	38.0254521098	37.8700602813	38.0522438044	38.0066979236	37.9397186872	37.9284424724	37.9415549598	37.9747665531	37.0899248126	39.2014893836	39.2791901337	39.2492142656	39.3538174363	39.2888041721	39.3622775116	39.3506591646	39.3145994843	39.2538985563	39.2478883981	39.1262799609	39.2978468275	39.1631911393	39.0999601859	39.0751800565	39.0364458471	38.9936303168	38.8136786126	38.713320016	38.7831646161	38.6211812789	38.6597979319	38.6288703307	38.379497376	37.5477931873
PD_221P_1_bbduk_adapt_filt	38.7535907295	39.2666101692	39.2180005336	39.2108334518	39.2312196579	39.1587093662	39.0709583426	39.0618479297	39.1037154126	39.0476929327	39.3933034321	39.4719781422	39.3455562012	39.3117003191	39.3345429465	39.3861540213	39.2595594894	39.2903870584	39.0845970092	39.0000419689	39.0227097747	39.1080996114	39.3054009788	39.2881108233	39.2813521965	39.2440196626	39.2449587824	39.2288262557	39.2081586038	39.2135064159	39.1874756978	39.1551956125	39.1183229619	39.0582807852	39.0475743519	39.0210753857	38.9445402934	38.3834797845
PD_221P_2_bbduk_adapt_filt	38.0586409941	38.9545765327	39.1540567136	39.1031523019	39.2425801175	39.1849032009	39.2764058998	39.2810897031	39.3281154401	39.327218574	39.3836698965	39.4117710405	39.2376555613	39.1353495142	39.1853679763	39.1674068408	39.1745574087	39.1878843284	39.2206351109	39.2190764768	39.2328376909	39.2141298725	39.2093327554	39.1524713726	39.1610620616	39.0960467425	39.1242519329	39.0699771412	39.0095419151	38.9515527959	38.9055015277	38.8178137631	38.7805182396	38.6945353379	38.660665918	38.6160727638	38.5040514512	37.9171705966
PD_222S_1_bbduk_adapt_filt	38.6990539405	39.2571795699	39.2145990567	39.2160151356	39.2297132461	39.1564796128	39.0772196028	39.0650794266	39.1156912601	39.0617934095	39.400443061	39.4802588506	39.3580595093	39.3295183646	39.3524316536	39.4058098527	39.2796922386	39.3072098614	39.1011990437	39.0193651565	39.043245912	39.1256628595	39.3331208472	39.3150501376	39.3117536116	39.2746823779	39.2773717615	39.2616140736	39.243494472	39.249329282	39.2269677631	39.1928659949	39.1561757862	39.0981848078	39.0892659518	39.0634944128	38.9904258158	38.442366956
PD_222S_2_bbduk_adapt_filt	37.6093230285	38.6754078134	39.0041764845	39.0341780598	39.1729414278	39.1209893914	39.2325726204	39.2334740615	39.2873436189	39.2882986058	39.352091078	39.378930678	39.1780816368	39.0747085973	39.1266334408	39.1146281648	39.1232661597	39.1388055426	39.1733358932	39.1743420098	39.1895710411	39.172643075	39.1678821674	39.1063276588	39.1117258308	39.0452928668	39.0700147735	39.0110563178	38.9439418621	38.8831703386	38.8331912347	38.7427319176	38.703600542	38.6115908826	38.5708822963	38.5266025199	38.4051578837	37.8180704334
PD_223P_1_bbduk_adapt_filt	38.6771993502	39.2339702598	39.1996114335	39.1864231796	39.2189056495	39.1453439221	39.0564077486	39.043679624	39.0936134804	39.0318497855	39.37443178	39.4546040022	39.3177442784	39.2809990518	39.3039804689	39.358696645	39.2299527006	39.2510603745	39.0312885581	38.9486096194	38.9776352039	39.0705905665	39.2735781111	39.2511781314	39.2457727924	39.2080819172	39.2106661561	39.1927378126	39.1734491745	39.1791982866	39.1558254485	39.1214529715	39.0851233022	39.0232736739	39.0140244538	38.9891381017	38.9082369425	38.3490499497
PD_223P_2_bbduk_adapt_filt	37.8549771857	38.8537109631	39.079372016	39.0707740722	39.2081966602	39.1463138932	39.2461318935	39.2545772316	39.303385043	39.3097248695	39.364292435	39.3888694444	39.1995805254	39.092425864	39.1427311991	39.1256635189	39.1329292024	39.1453293459	39.1796257926	39.1797342366	39.1935232279	39.1758831258	39.1718852684	39.1066023105	39.1110515322	39.0443947325	39.0703035526	39.0120230527	38.9468880489	38.8866008384	38.8386730273	38.7489038071	38.7084346797	38.619097112	38.5819583501	38.5417305903	38.4267030896	37.8382657387
PD_224S_1_bbduk_adapt_filt	38.6479465388	39.1621009158	39.1190521193	39.1118737325	39.0844274342	39.0056067022	38.9217282747	38.9130894574	38.9620908262	38.9110554477	39.2898614087	39.3829544722	39.2286613197	39.194497773	39.2261959324	39.2831318071	39.1480213698	39.1869284701	38.9823054029	38.8698794112	38.891411964	38.9765532522	39.2159355115	39.2037469095	39.2031851048	39.1702616542	39.1735047561	39.159666182	39.1448416158	39.1553342864	39.1360291232	39.1039533663	39.0704828161	39.0113697031	39.0038112395	38.9831671439	38.9072325664	38.3708690849
PD_224S_2_bbduk_adapt_filt	37.4580261454	38.7066500301	38.9500958172	38.937840363	39.0872369063	39.0344574675	39.1555951664	39.1500660866	39.2100088452	39.2035160798	39.2786300576	39.3198823218	39.1073728536	39.0073787275	39.0606965963	39.0471349438	39.0592987912	39.079390279	39.1175684482	39.1219824992	39.1392522103	39.1261966971	39.1235430946	39.0694750568	39.0811097742	39.0202952769	39.0467773338	38.9904708079	38.9264048843	38.8720674957	38.8234221113	38.7377512676	38.6980978177	38.6095412266	38.5750342408	38.5321666515	38.4137758849	37.8567449055
PD_225P_1_bbduk_adapt_filt	38.6709398727	39.2080265354	39.1612086501	39.1747901853	39.1784050377	39.1081939649	39.0325158689	39.0188404333	39.071403262	39.0160837195	39.3584797255	39.43561446	39.2989636532	39.261453156	39.2849273135	39.3387911104	39.2066170757	39.2374628457	39.032478631	38.9384194858	38.9557941423	39.0397968279	39.2564458569	39.2404797615	39.239004212	39.2033792707	39.2078544851	39.1930608606	39.1746045899	39.1838307437	39.161893539	39.1294979217	39.0963978531	39.0362457786	39.0277224385	39.0056441572	38.9306259081	38.3845325266
PD_225P_2_bbduk_adapt_filt	38.1101203423	38.9771051466	39.1634956619	39.1573700751	39.2870737041	39.2119735056	39.3203195073	39.3168073782	39.3608032081	39.3490907921	39.4005416093	39.4285558005	39.2642771818	39.1629992601	39.2132280333	39.1936281921	39.1992227192	39.2121047516	39.2448946088	39.2445296457	39.2553184232	39.2371438492	39.2319810552	39.1719707441	39.1792024455	39.1177896241	39.1481131614	39.0933834177	39.0306697462	38.9751706044	38.9299323846	38.8444761442	38.8068139802	38.7202100242	38.6866127073	38.6455637868	38.5342741892	37.9478763766
PD_226S_1_bbduk_adapt_filt	38.5184991679	39.1257551151	39.0805716701	39.0950945945	39.0899395866	39.015676291	38.9595790906	38.9485226934	38.9973683834	38.9361047814	39.3014837067	39.3862910531	39.226757665	39.1855337163	39.2134587218	39.2678843714	39.1322539845	39.1545408957	38.9378632579	38.8256021599	38.8534367656	38.9503098816	39.1723913343	39.1552461207	39.1521820984	39.1176106318	39.120235108	39.1075914516	39.0905273849	39.0995533306	39.079693736	39.0468065869	39.013377549	38.9524686605	38.9457908269	38.9192135673	38.8434678748	38.2860895
PD_226S_2_bbduk_adapt_filt	37.5210474386	38.5990080176	38.837814421	38.7937903551	38.9797993934	38.9361999357	39.0578601119	39.0572961793	39.1231013144	39.1236423382	39.1975910456	39.2412856869	38.9890308183	38.875237069	38.9329981538	38.9176639263	38.9308336328	38.9485213776	38.9843453702	38.989868873	39.0061535292	38.991938177	38.9904313258	38.9315309558	38.9400300511	38.8772870222	38.9030916566	38.8413422311	38.7748574752	38.7155582243	38.6624478923	38.5717507393	38.5306746691	38.4376623393	38.3986063569	38.3530862143	38.2271700117	37.6527263714
PD_227P_1_bbduk_adapt_filt	38.6403836105	39.198930649	39.154404527	39.1688257112	39.1814828079	39.1154385131	39.0368608848	39.0175279639	39.0654446436	39.0214127248	39.3593065964	39.4342753827	39.2936215541	39.2543633327	39.2736432976	39.3274955117	39.1979296781	39.2245501482	39.0143846401	38.9226490453	38.9435904294	39.0344773425	39.2370018455	39.220305721	39.2185113584	39.1803263446	39.1830816804	39.1693329306	39.1494690097	39.1529717628	39.1331692378	39.0990295911	39.0626708613	38.9970610422	38.9882348311	38.9588815498	38.8799312306	38.3187555993
PD_227P_2_bbduk_adapt_filt	37.8223171381	39.0735492863	39.2364327473	39.2126120247	39.3304687693	39.257292389	39.3463298553	39.3463982021	39.3843168467	39.3807128795	39.4273970984	39.4510047769	39.3063539743	39.2021378444	39.2536203483	39.2320736287	39.2338013884	39.2442992128	39.2727240941	39.2660154706	39.2738281678	39.2529164112	39.2445484646	39.1789556722	39.1815827712	39.1118399463	39.1352431861	39.0764505887	39.0113434801	38.9499013671	38.9000067011	38.813178116	38.7705012469	38.6823701713	38.6465342174	38.5975621149	38.4776611346	37.8480374538
PD_228S_1_bbduk_adapt_filt	38.7393472265	39.2318715177	39.1818648683	39.1713699828	39.1702924169	39.0912438469	39.0080200883	38.9996431511	39.0475963544	38.9909540733	39.3538785804	39.4390791227	39.3038832087	39.2705568602	39.2945856296	39.3500547245	39.2193293358	39.2552657969	39.0509388191	38.9508810421	38.9735946436	39.0560600527	39.272313959	39.2559899904	39.2526433939	39.2171494361	39.2174631709	39.2039537753	39.1835875901	39.1911026194	39.1693122491	39.1365704945	39.1011043044	39.0449179654	39.0336393691	39.0105834008	38.9350649088	38.3880634261
PD_228S_2_bbduk_adapt_filt	37.8381135462	38.6513062926	38.9834652435	39.0120260536	39.1471057773	39.0972880814	39.2032795948	39.2032742828	39.2540458523	39.2528020537	39.3178365317	39.3520914024	39.1537328485	39.0516022794	39.1049707446	39.0897075501	39.0989990636	39.1170861084	39.1511147437	39.1545868092	39.1706590889	39.1559612753	39.1526079371	39.098041031	39.1073729139	39.0464710425	39.0715955311	39.0194071666	38.9573705207	38.8979731485	38.8514091828	38.7647833379	38.7256165308	38.6359065264	38.5996623239	38.5554967544	38.4395402361	37.8744612041
PD_229P_1_bbduk_adapt_filt	38.6435169837	39.208851452	39.1683677268	39.1693467063	39.1799654009	39.1112274975	39.0291225223	39.0183298895	39.0641087237	39.0109423816	39.358643899	39.4367244865	39.3005324295	39.2678847898	39.2891469003	39.3414431141	39.2130397973	39.2364685884	39.0222872161	38.9332570615	38.9592999733	39.0522056227	39.2562420394	39.2376021628	39.2344079303	39.19934721	39.1988148141	39.1868467412	39.1669939304	39.1726981839	39.1527559127	39.1183612613	39.0786308838	39.0195438131	39.010214193	38.9822139604	38.9040958065	38.3280980522
PD_229P_2_bbduk_adapt_filt	37.6484628695	38.8850586147	39.1018302183	39.1204654616	39.2520835542	39.1930838796	39.2745423589	39.2839788896	39.3317834108	39.3348345297	39.382958117	39.4076915148	39.2424069005	39.1392570743	39.1877501419	39.1686802549	39.1747119007	39.1868548886	39.2178406843	39.2157115971	39.2264887927	39.2079005124	39.203146226	39.1417487194	39.1468346279	39.0827243879	39.1063620957	39.0495185191	38.9858375009	38.9274282992	38.8772348308	38.7907701311	38.7508440534	38.6626998835	38.6263663491	38.5838400095	38.4666632985	37.837307797
PD_230S_1_bbduk_adapt_filt	38.6869595753	39.2077483992	39.165731031	39.1671216658	39.1729219333	39.1016025706	39.0068203253	39.0006657955	39.0521278265	39.0061650151	39.3532527849	39.4347883572	39.2981235758	39.2640180367	39.2933172184	39.3432115087	39.2109560229	39.245359958	39.0439081557	38.9402809959	38.9640955629	39.0444498131	39.263686293	39.2471062452	39.2446907141	39.2089037429	39.2112046251	39.1969853678	39.1782317044	39.186646846	39.1660315446	39.1330384765	39.0967209124	39.0413137348	39.0297474153	39.0054427001	38.9321493955	38.3814554
PD_230S_2_bbduk_adapt_filt	37.8970860376	38.8723304086	39.0825765121	39.0833572875	39.2088127398	39.1504371565	39.2545731684	39.2569504546	39.3033689098	39.2995489331	39.3623402323	39.3945163832	39.2145360158	39.1143351499	39.1679799996	39.1526895111	39.1616662117	39.1748336458	39.2102925107	39.2103348427	39.224527441	39.2084121994	39.2041216701	39.1459895995	39.1524975566	39.0915868181	39.1150020117	39.0602192386	38.999504594	38.94431637	38.8971828641	38.8118076018	38.7728509312	38.6859842066	38.6486289891	38.60870487	38.4964994403	37.8833999089
PD_231P_1_bbduk_adapt_filt	38.6706188844	39.2227370355	39.1798692349	39.1853647098	39.198946319	39.1231411487	39.0441795799	39.0276970257	39.0834858689	39.0275222779	39.3693738623	39.4494175195	39.3152444407	39.2805763099	39.3004786856	39.3564665119	39.2257738039	39.2497945077	39.0329232099	38.9447750021	38.9663670976	39.0556758976	39.2640701943	39.2452564427	39.2404352304	39.2048274809	39.2073133372	39.1909892165	39.1714344904	39.1769269915	39.1554796692	39.120981298	39.0848390641	39.0168299605	39.006296108	38.9810916876	38.9017550752	38.345747464
PD_231P_2_bbduk_adapt_filt	37.913029062	38.9373806795	39.1541052049	39.1134139194	39.2541713583	39.1859323842	39.2899851598	39.280787545	39.3273142649	39.3231476273	39.3768633002	39.4034465974	39.229323741	39.124026334	39.176695187	39.1584869286	39.1630739469	39.1778827856	39.2090072282	39.208598114	39.2180218532	39.2011911517	39.1955990017	39.134591213	39.144092985	39.0800068425	39.1093386833	39.0534656233	38.9917382912	38.9323351001	38.8855200799	38.7978804266	38.7610096319	38.6733480808	38.6327898086	38.5907175276	38.4767546373	37.8988152662
PD_232S_1_bbduk_adapt_filt	38.4579419295	39.0789831053	39.0255520782	39.0304035484	39.0236973834	38.9426681821	38.8673707388	38.866470678	38.9140987647	38.851898334	39.240818979	39.3348767861	39.1526653942	39.1066750816	39.1394489929	39.1955726947	39.0564510536	39.0750325555	38.846948404	38.7255620288	38.7539950925	38.8630543181	39.092118682	39.0740149023	39.0717401299	39.0343850651	39.0392119195	39.022944352	39.0059323106	39.0150916953	38.9948921617	38.9582814549	38.9209750857	38.8610244575	38.8503546933	38.8251683395	38.7389853711	38.1764626601
PD_232S_2_bbduk_adapt_filt	37.392223253	38.4721404285	38.7891208114	38.8213521634	38.9779429735	38.9360948908	39.0449927592	39.0537252473	39.1118131796	39.1188357429	39.1848112333	39.22013296	38.9604720961	38.8441597727	38.896892386	38.881389357	38.8918698744	38.9087168483	38.9424475325	38.9451957015	38.9610007526	38.9433425744	38.938542729	38.8769760607	38.879328572	38.8118923383	38.8314414015	38.7684602107	38.6989373468	38.636479115	38.5836629068	38.4883767169	38.4449028106	38.3499688735	38.3095787132	38.2616813138	38.1344252504	37.5572697244
PD_25P_1_bbduk_adapt_filt	38.5635013606	39.1570613839	39.105308541	39.1334281462	39.1623261942	39.1001988151	39.0278268081	39.0077846785	39.0662514637	39.0191838447	39.3554251419	39.4267783174	39.2792417207	39.238257331	39.2525207659	39.3033517786	39.170503294	39.196617475	38.9814250031	38.885056351	38.9060956303	38.9959144247	39.1990050537	39.1791972826	39.1757061115	39.1375193246	39.1393242297	39.1227088731	39.1011815044	39.1065781932	39.0844961567	39.0484949784	39.011331732	38.9507070611	38.9353897979	38.9055784725	38.8192900359	38.2403495749
PD_25P_2_bbduk_adapt_filt	37.7440489543	39.0846631939	39.2305844387	39.1391632446	39.3289461593	39.253028361	39.3475270724	39.3507657162	39.3891621746	39.3819831345	39.4261664848	39.4450476703	39.2978353319	39.1917627694	39.2384196873	39.2158778683	39.2171946162	39.2244412719	39.2494455434	39.2426224228	39.2474545083	39.222899296	39.2150777288	39.145745016	39.1438844752	39.075394881	39.0982277172	39.0362866505	38.9684834627	38.9053539801	38.8523793353	38.7624258614	38.7182508941	38.6282684165	38.5879720958	38.538346754	38.4145667671	37.7932532043
PD_26P_1_bbduk_adapt_filt	38.803451582	39.1064237776	39.0220517737	39.104506232	39.1553211889	39.1975071908	38.9760306807	39.0642377756	39.0757430489	38.946432228	39.2744198226	39.3688630592	39.2715593934	39.2233795185	39.2780749978	39.2706196425	39.1640202858	39.2173811227	38.939561598	38.8391652986	38.8784960156	38.9741673986	39.2042425499	39.121215224	39.0928030757	39.1193332047	39.1117886392	39.0864102539	39.0780110671	39.0807085163	39.0879116415	38.9843700037	38.9973611725	38.872648672	38.9070698852	38.8414626186	38.785465003	38.2257373674
PD_26P_2_bbduk_adapt_filt	38.1764141898	39.0901246405	39.1476510067	39.0623202301	39.2416107383	39.0661553212	39.309683605	39.322147651	39.3269415149	39.3223706978	39.3970641588	39.4126351883	39.2473326537	39.1387640092	39.1646367578	39.1540473078	39.1064853081	39.1446573485	39.1157927621	39.1126532662	39.1463241963	39.0426944634	39.0220988303	38.967925865	38.9654450099	38.9702944134	38.9602658108	38.8133135358	38.7909148994	38.7430355853	38.5758929663	38.5231901977	38.4761570416	38.4152558789	38.3896734736	38.3054322442	38.1687092137	37.5527877001
PD_27P_1_bbduk_adapt_filt	38.5641101397	39.1626520848	39.1274102043	39.1473072228	39.1613169461	39.0954038072	39.0096490464	39.0021086841	39.0497939286	39.0087891555	39.3511600174	39.4274610331	39.2827839799	39.2442246758	39.2652263876	39.3154593357	39.1854476895	39.2114330418	39.002273906	38.9047828602	38.9289972813	39.0247975448	39.2294945433	39.2131876964	39.2114450118	39.1755440006	39.1792875434	39.1617417457	39.1449650093	39.1495329604	39.1295483444	39.0948908027	39.0574336169	38.9993940075	38.9889771226	38.9659739515	38.8850355974	38.322920929
PD_27P_2_bbduk_adapt_filt	37.9070669621	38.874604145	39.0932882988	39.0993482067	39.2338560017	39.1738919774	39.2686514979	39.2742802756	39.3189901599	39.314348007	39.3628146658	39.3871164819	39.2057741376	39.1008223109	39.1465272816	39.1261808557	39.1303276807	39.1422323893	39.1721739681	39.1682971913	39.1765300648	39.1542856069	39.1467811686	39.0800246193	39.0830610189	39.0132014514	39.0363916466	38.9729243065	38.9060225758	38.8420443304	38.7914810449	38.6968929747	38.6573577028	38.5681934447	38.5264724294	38.4788335434	38.3584675104	37.7538866152
PD_28P_1_bbduk_adapt_filt	38.2076835337	38.9040598639	39.0206089169	39.1222772339	38.9884709392	38.9578872163	38.7526854765	38.7763502588	38.9079304596	38.9021913114	39.280231745	39.200267995	38.7579604872	38.7849495111	38.7313116894	38.7002172035	38.182125498	38.3528208007	37.8833882494	37.4881542323	37.5083835765	37.8507453123	38.3182566061	38.5946332975	38.6405969154	38.6287160049	38.707560237	38.8097436248	38.8696473677	38.9149822972	38.9097588867	38.875990464	38.8382703452	38.7926904978	38.7987460425	38.7909007612	38.7211557572	38.2704292749
PD_28P_2_bbduk_adapt_filt	37.5969115454	38.7746656472	39.0915130169	39.0911720836	39.2589212971	39.1997693686	39.2788057307	39.2827766009	39.3263258169	39.3279810145	39.3665644537	39.3976231608	39.2437141031	39.1163709192	39.0011425176	38.9378266045	39.0858460939	39.1657012384	39.213942631	39.2058790994	39.1923021703	39.1190595404	39.0696768824	38.9814449354	38.9483905249	38.8147716293	38.7376940407	38.5703892773	38.3538947432	38.191842946	38.0911901397	37.920267962	37.7678684055	37.5988143293	37.459790532	37.3216083553	37.1048128284	36.4927110299
PD_29P_1_bbduk_adapt_filt	38.5313468415	39.1639735237	39.1211451451	39.1358690998	39.1595137531	39.0897670597	38.9940798685	38.9795387482	39.0340025689	38.9812545234	39.3360109775	39.4130868065	39.2599149287	39.2192525298	39.2395310447	39.2962478541	39.1465184901	39.1645939781	38.9311860801	38.8378161853	38.85796673	38.9668579816	39.1870621714	39.1682088609	39.1652472598	39.1280489723	39.1325281849	39.1114767194	39.0937231548	39.0983853082	39.0748345203	39.0356894529	38.9968406976	38.9329992076	38.9208377485	38.8923454437	38.8060511931	38.2302085725
PD_29P_2_bbduk_adapt_filt	37.7772845621	38.7483469688	39.0000162005	39.0291794439	39.1638612773	39.1117511601	39.2166437159	39.2186491084	39.2676533552	39.2780101735	39.3317675276	39.3561540759	39.1517035467	39.0425253455	39.0881002639	39.0689746789	39.0729706367	39.0876792264	39.117712215	39.1152387235	39.1214144995	39.1010732093	39.0886741374	39.0233280637	39.0225154134	38.9508514529	38.9633571181	38.896524349	38.8206791391	38.7545184955	38.6976347924	38.5999011116	38.5545840731	38.4573474109	38.4118138271	38.3636648396	38.2337369954	37.6333349499
PD_2P_1_bbduk_adapt_filt	38.5461675008	39.1448314982	39.1058898899	39.1246980314	39.137953954	39.0695268602	38.9768955622	38.981692359	39.0294788121	38.9770299799	39.335284187	39.4047425433	39.2440129079	39.2114061169	39.2336107882	39.2688559584	39.1157852	39.1588809617	38.936055616	38.829063943	38.854222335	38.9630320879	39.1735434934	39.1739651185	39.1710064051	39.1371050947	39.1455233706	39.1386639597	39.1238223655	39.1321215884	39.1107108706	39.0796592061	39.0428986188	38.9857528834	38.9764578867	38.9539556155	38.8756417117	38.3260754322
PD_2P_2_bbduk_adapt_filt	37.8057791124	38.7204297631	38.9954594595	39.0083083083	39.1484297631	39.0931838505	39.1945372039	39.1955248582	39.2467987988	39.2488441889	39.3062959752	39.3329560913	39.1248994557	39.0160102412	39.0589171746	39.0447556674	39.0473789572	39.0626434817	39.092678671	39.0923143614	39.102558872	39.08400797	39.0724408926	39.006807957	39.0046962021	38.9346836059	38.9466475292	38.8796088504	38.7962819221	38.7285049071	38.6714954084	38.5708419806	38.5248702034	38.4247480122	38.3837662602	38.3322293176	38.2049634657	37.6448740798
PD_30P_1_bbduk_adapt_filt	38.6340684889	39.2101132198	39.1843910038	39.1949010395	39.2292704084	39.1687825524	39.0575066309	39.0552651799	39.1205940798	39.0643610037	39.400597366	39.4677850161	39.3307342946	39.2921746354	39.3143777247	39.3757129636	39.2194964411	39.2248327614	39.0122683941	38.9263544636	38.9468017694	39.0384754043	39.2670507634	39.2662509789	39.2718671095	39.2439370217	39.2520720469	39.2434115834	39.2231224903	39.2337376231	39.2127795338	39.1833716396	39.1411067066	39.075318163	39.06545618	39.0438091167	38.9671934289	38.4376830318
PD_30P_2_bbduk_adapt_filt	37.6005580478	38.6901592336	39.0373049752	39.0717574113	39.2224439237	39.164106281	39.2654318487	39.2769618398	39.3190333028	39.3291126603	39.379083874	39.405252561	39.216348548	39.1116704425	39.1643661861	39.1493093542	39.157515424	39.1695785634	39.2033556584	39.1982314381	39.2096772229	39.1855417277	39.1778116831	39.1116088954	39.1180715362	39.0455929812	39.0650314753	38.9996565961	38.9232044967	38.8558717873	38.7996117306	38.704000324	38.6554722171	38.5653431583	38.522068237	38.4728966433	38.3513920084	37.7752722234
PD_31P_1_bbduk_adapt_filt	38.6045769877	39.2041905901	39.1606914784	39.1762322734	39.1923807453	39.130768305	39.0490725033	39.039502885	39.0803777018	39.0383868266	39.3725679471	39.4479992014	39.3135156803	39.2744767008	39.2941624602	39.3428226672	39.2097596135	39.2226770948	39.0007946265	38.9074455576	38.9340527888	39.0404133537	39.229514241	39.2078968677	39.2043444148	39.1685767695	39.167489248	39.1540464485	39.1302872147	39.1377752743	39.1160705502	39.0822106029	39.0414591938	38.9848390074	38.9724714522	38.9456618788	38.8612899022	38.2797101587
PD_31P_2_bbduk_adapt_filt	38.2973346843	38.8778535649	39.1969077835	39.1945609288	39.3059749294	39.2490737973	39.3417781798	39.3466996386	39.3840847124	39.3806357617	39.4281564492	39.4495434746	39.3027509754	39.2015312627	39.2471307676	39.2235070265	39.2240818262	39.2332017721	39.2585970589	39.2522154916	39.2595484511	39.2375105443	39.2273685001	39.162711477	39.1634008347	39.0958929955	39.1178035853	39.0566369428	38.9944726925	38.9304011404	38.878968045	38.7912017739	38.749876614	38.6619901527	38.6185750522	38.5714604408	38.4470192235	37.8299099893
PD_32P_1_bbduk_adapt_filt	38.5591034196	39.166191632	39.1207394133	39.136779795	39.1643926773	39.1071685709	39.0058441441	38.9954795898	39.0440513677	38.9983825997	39.3415446255	39.4157050458	39.2599118664	39.2202525302	39.2353848153	39.2825163304	39.1435208722	39.1533414745	38.9262135707	38.8295246668	38.8475396171	38.9489140755	39.1519376311	39.1321703121	39.1295301735	39.0910841326	39.09026035	39.0718725321	39.0558143221	39.0639829562	39.0392307238	39.0057306756	38.9663463141	38.8289584562	38.7992558706	38.7779712835	38.6926837104	38.1290907646
PD_32P_2_bbduk_adapt_filt	38.0259243505	38.9413669955	39.1409025486	39.1421838121	39.2669402502	39.2035574956	39.2940139826	39.2960445125	39.3337188449	39.338625977	39.389245419	39.4124203926	39.2419373523	39.135272256	39.1833880623	39.159662126	39.1645978009	39.1736662802	39.2012623321	39.1951255093	39.2026191958	39.1770923958	39.1671988222	39.0989335717	39.0987306853	39.0261252578	39.0416659504	38.9744794998	38.8988716442	38.8289036852	38.7685978123	38.6738974682	38.6203693653	38.5269406529	38.4786353477	38.4232447713	38.2914224212	37.680161237
PD_33P_1_bbduk_adapt_filt	38.5811613625	39.1948334513	39.1579599042	39.1668450018	39.1763565959	39.1118901897	39.029174349	39.012001896	39.0624762559	39.0135226369	39.352441668	39.4295330675	39.2899453764	39.2491148479	39.2728650397	39.3205800336	39.1904173443	39.1986463528	38.968281524	38.8759546809	38.9076328524	39.0201854015	39.2115683109	39.1864199524	39.1784640851	39.1406383867	39.1416511318	39.1254623554	39.1025412829	39.1075080405	39.0807284451	39.0424558095	39.0019477685	38.9366928735	38.9217136892	38.8946313498	38.8046529366	38.2008247416
PD_33P_2_bbduk_adapt_filt	38.1478732229	39.0408582044	39.205457752	39.1988433776	39.3153142242	39.2385148111	39.3439361409	39.3419555754	39.3816392077	39.3735838946	39.4223927327	39.4408034387	39.2840929835	39.1789061786	39.2259502812	39.2034899429	39.2040501301	39.2111945609	39.2384228427	39.2328328386	39.2409037405	39.2177706544	39.2094373888	39.1373282918	39.1367208293	39.0663446251	39.0911968328	39.0297468771	38.9612732594	38.8992392403	38.8466984306	38.7554694399	38.7140182569	38.6261665202	38.5808736668	38.5337200935	38.411215756	37.7897375605
PD_34P_1_bbduk_adapt_filt	38.7204203818	39.2707260045	39.227621321	39.2330727047	39.2681997733	39.2051482034	39.1266803548	39.1144676597	39.1659057308	39.1136339297	39.4377257736	39.5024904026	39.385395136	39.3539876666	39.3661626401	39.4137426928	39.2851960575	39.3185817671	39.1215851155	39.0391244083	39.0605845456	39.14184039	39.3298313861	39.3185960096	39.3144136837	39.2778314756	39.2776231016	39.2656908913	39.246353147	39.2484042668	39.2250678845	39.1892815207	39.1527436138	39.0908219915	39.081533834	39.0572769403	38.9755197518	38.4072227673
PD_34P_2_bbduk_adapt_filt	38.1785303734	39.0908026625	39.2703311536	39.2415770586	39.3593744912	39.2894069259	39.385075616	39.3832991943	39.420620331	39.4099669136	39.4548252372	39.4750081245	39.3352113749	39.2340563532	39.2801442591	39.2615634518	39.2614962218	39.2677572846	39.2960049397	39.2905425891	39.2968025448	39.273216339	39.2641770147	39.1991981403	39.2014071199	39.1329007337	39.1552490247	39.095096119	39.0253594547	38.9618725879	38.9092710686	38.8166050826	38.7684168516	38.6806269464	38.6407040902	38.5872018585	38.4641695199	37.8450634713
PD_35P_1_bbduk_adapt_filt	38.4166367169	39.0836769131	39.0360538587	39.0764976674	39.0760167319	39.0110626045	38.9403363809	38.9329544988	38.9853425546	38.9493383445	39.2974572096	39.3774142581	39.2089961525	39.1684659154	39.1905689336	39.2431660109	39.1014370358	39.1277393512	38.9150866418	38.7972920593	38.81709474	38.9211368361	39.1383162182	39.1208820376	39.1194374486	39.0844769144	39.0884100912	39.0759614364	39.056011947	39.0629770096	39.0421504838	39.0092948302	38.973476104	38.9116972544	38.9036835976	38.8754435731	38.7917529072	38.230407848
PD_35P_2_bbduk_adapt_filt	37.752010765	38.6330464027	38.9666886914	38.9957431117	39.1279908179	39.0865833987	39.2120832227	39.2142991789	39.2599993608	39.2549583696	39.3149318961	39.3449354085	39.1419148041	39.0342903254	39.0849220064	39.0652779492	39.0728223743	39.0829159051	39.1120377142	39.1111918734	39.1196395513	39.0985627408	39.0908843807	39.0250058341	39.0234275698	38.9566720327	38.9758712849	38.9125677319	38.8424164899	38.7782728254	38.7238710095	38.633782904	38.5900017194	38.4980495118	38.4562256159	38.4043355755	38.2767924402	37.6517795155
PD_36P_1_bbduk_adapt_filt	36.190288737	37.4644570585	38.5145247175	39.1641916946	38.0562711984	38.1373214066	37.2175105003	37.4944027556	38.120099116	38.2346507932	38.6737009279	38.3822757581	37.6076611366	37.4622944992	36.8861426802	37.13989192	25.9431184317	24.223945182	21.3096835094	18.4688875958	18.2853934606	22.58105542	30.2704750462	33.761720548	35.6834481014	36.6042974033	37.3004744539	37.6958768575	37.8986731586	38.0375351307	38.0802988054	38.0103954512	38.0139833484	38.0143782125	38.1488062647	38.2030817376	38.2462732973	38.2777063197
PD_36P_2_bbduk_adapt_filt	37.7651090452	38.4172363496	38.8650861993	38.9760118096	39.0645132946	39.0747763738	39.2377203311	39.1796566086	39.2384935768	39.12796321	39.0134661968	39.0965244255	38.9443531046	38.7810021346	38.5156851231	37.5766225289	38.19509802	38.6111196664	38.8972473755	38.8986562963	38.5892729098	38.0611773138	37.5718466689	37.3400948999	37.2359030356	37.0786587779	36.8062160034	36.3751130482	35.7652375738	35.4661172248	35.440901601	35.253172785	35.0989468779	34.8099936468	34.48134454	34.1115096602	33.6767734478	33.3552580008
PD_38P_1_bbduk_adapt_filt	38.5940832946	39.1907862401	39.1436366416	39.1756529956	39.1765464561	39.1200886049	39.0363863846	39.0303544969	39.0803779914	39.0462156911	39.3792180214	39.4533222391	39.3209166795	39.2879390275	39.3056790829	39.3579522463	39.223977809	39.2606589569	39.0710458247	38.9692928323	38.9831333782	39.0656452648	39.2879843016	39.2793848087	39.2797493426	39.2474346885	39.2537859254	39.2444343522	39.2245923098	39.2341551353	39.2155596176	39.1847416103	39.1535987455	39.0971207166	39.0945941306	39.0724941514	38.9947636187	38.4771867264
PD_38P_2_bbduk_adapt_filt	38.0119701061	39.0827691305	39.2499244727	39.1920018816	39.3284882659	39.2613644727	39.3715390629	39.3663985771	39.4048338477	39.3916139636	39.4405752677	39.4654042541	39.3163322812	39.2168065325	39.2709087135	39.2505753834	39.2564618925	39.2704823555	39.3027204923	39.2984419489	39.3070856468	39.2876644318	39.2778725916	39.2160866023	39.2240058597	39.1605939437	39.186310456	39.1275867408	39.0617668933	39.0040339528	38.9559491664	38.8682314924	38.8276848311	38.7435480427	38.7096116455	38.6594852738	38.5430016597	37.9510067433
PD_39P_1_bbduk_adapt_filt	38.7087227071	39.2338497254	39.2006072966	39.2146373894	39.2512517268	39.185835737	39.0873313895	39.0802425174	39.1253066876	39.0790787236	39.403832271	39.4681219627	39.3331502234	39.2940967125	39.3035454782	39.3484495532	39.1980294746	39.2210865367	38.9974179895	38.9043663419	38.9226854563	39.0218044357	39.2147231443	39.2057167253	39.2009753656	39.1608366614	39.1586391424	39.1409764219	39.1266476977	39.1353759737	39.1046752962	39.0712022376	39.0336440048	38.9027177335	38.8734595581	38.8465308303	38.7630548107	38.2216221871
PD_39P_2_bbduk_adapt_filt	38.2433864812	39.0598489703	39.2450038257	39.1900855295	39.338704688	39.2613818967	39.3382039571	39.3453056685	39.3914403113	39.3913701155	39.436679728	39.4588848594	39.3105925528	39.204170573	39.2519529446	39.2328452443	39.2362527045	39.241588393	39.2699180479	39.2632430715	39.2677602136	39.2409188567	39.231573079	39.1680606905	39.1697732781	39.1008675271	39.1193110768	39.0542667501	38.9814785892	38.9134545728	38.8569456826	38.7646578205	38.7097552612	38.6134761735	38.5655558562	38.5107540965	38.3789382456	37.7679117399
PD_3P_1_bbduk_adapt_filt	38.7023728149	39.2511774311	39.2036937806	39.2228967056	39.2491971637	39.183644443	39.1054114463	39.0981169805	39.1429639213	39.1015067584	39.4225857638	39.4933863854	39.3780760016	39.3463070938	39.3622290447	39.4112591133	39.2815887223	39.315266992	39.1194172811	39.0358070274	39.0554402975	39.1402596321	39.3382503431	39.3262634072	39.3270466311	39.2942246402	39.2957740179	39.2844682242	39.2667267386	39.2743600132	39.2529854667	39.2219166046	39.1888867847	39.1307617855	39.1216391003	39.1003916055	39.0257312751	38.4858156332
PD_3P_2_bbduk_adapt_filt	38.3837108829	38.8482492014	39.227688734	39.2426576064	39.3519622029	39.2922428667	39.3961606583	39.3934841642	39.4284009241	39.4169134889	39.4625858415	39.4876828015	39.3502028189	39.2539931573	39.3009403227	39.283467683	39.2839258011	39.2945157203	39.3210533576	39.3195921932	39.3271700049	39.3084476772	39.3018209365	39.2413857666	39.2482744997	39.1838335331	39.2113633679	39.1568185037	39.0958100186	39.0390861015	38.9903700277	38.9042423594	38.8665569281	38.7802415201	38.7443081882	38.6977656708	38.5776139574	37.9807247052
PD_40P_1_bbduk_adapt_filt	38.5990765057	39.1884501383	39.1469146657	39.1742938015	39.1746734867	39.1152068864	39.0219633964	39.0210379862	39.0793028306	39.0386215707	39.3753486935	39.4485114115	39.3100326908	39.2748837058	39.2932097975	39.344436481	39.2038705508	39.2442876854	39.0412120994	38.9402638249	38.9573225909	39.0383567477	39.2596971717	39.2514079054	39.2483752861	39.2140707803	39.2157873855	39.2024538336	39.1857300576	39.1924128602	39.1731073217	39.1395805425	39.1040058208	39.0454529881	39.034328581	39.0140014144	38.9350122959	38.4041564995
PD_40P_2_bbduk_adapt_filt	37.3037774905	38.7931502233	39.0326758606	39.0028850851	39.1443892366	39.1052700482	39.2150815148	39.2160255028	39.2625700335	39.2661475961	39.3337366196	39.3673210963	39.1682712605	39.0639415346	39.1198015634	39.1048951063	39.111735601	39.1247339574	39.1585502832	39.1547398751	39.1667594663	39.1468039927	39.1403666177	39.0776729384	39.0825812957	39.0168402936	39.0394108126	38.9792425064	38.9119424218	38.8468659749	38.7942691869	38.706257936	38.6639630676	38.5676695682	38.5308254613	38.4807424736	38.3554307029	37.7698281606
PD_41P_1_bbduk_adapt_filt	38.6501810726	39.1961549256	39.1597256251	39.1570231476	39.1772893224	39.1048602782	39.0079091987	39.0052452249	39.0547164459	38.9999403149	39.3582189219	39.4343909953	39.2834845466	39.2493780734	39.2668014888	39.32154885	39.1799275173	39.2062963958	39.0014838919	38.9025507446	38.9246660246	39.014279683	39.2330061511	39.2264377461	39.2225958129	39.1855738322	39.1909108217	39.1801142229	39.1614229177	39.1691377767	39.1461369422	39.1120594252	39.0762264937	39.0177970669	39.0050684112	38.98111998	38.9017529684	38.3535215576
PD_41P_2_bbduk_adapt_filt	37.6528766315	38.6876848666	38.9392210283	38.9653385602	39.1110184616	39.0763747696	39.16013593	39.1724089801	39.2284871932	39.2351981216	39.295546724	39.3259368239	39.1000161832	38.991997208	39.0448786664	39.0329264626	39.0405967038	39.0570565437	39.0915576631	39.0918857419	39.1063840324	39.0881670862	39.0839206079	39.0225789323	39.0244798889	38.955918522	38.9723598961	38.9104060237	38.8355242334	38.7709272407	38.7157091064	38.6237604882	38.5777132645	38.4839611693	38.4434848591	38.3943200891	38.2670014627	37.6592972887
PD_42P_1_bbduk_adapt_filt	38.5667028898	39.1699253491	39.1225188411	39.128310607	39.1290176513	39.0643703477	38.9752982048	38.9633775092	39.0077386371	38.9600901623	39.3197998896	39.4023439745	39.2533988095	39.2158844937	39.2399650777	39.2930301104	39.1541080392	39.1738432701	38.9533076881	38.8456997809	38.8756636591	38.9809497555	39.1799263634	39.1545738739	39.1494560907	39.1114949429	39.113352992	39.0932854546	39.0721113953	39.073413214	39.0483367971	39.0106940225	38.9679395074	38.9040823236	38.8869082523	38.8557947251	38.7662697369	38.1747313835
PD_42P_2_bbduk_adapt_filt	38.002514188	38.742077161	39.0861932998	39.1023162747	39.2291262299	39.1795313377	39.2784403037	39.2829633884	39.3228750442	39.3202007976	39.3750642222	39.3980421321	39.2264889207	39.1249213309	39.1697664588	39.1482784858	39.151800637	39.1620013369	39.1900957036	39.1853349343	39.1951548264	39.1733500053	39.1667929832	39.0984394975	39.0976192472	39.0276424024	39.0481983252	38.9837901578	38.9135378933	38.8505619865	38.79548731	38.7034725702	38.65532117	38.5636316036	38.5200287509	38.4665602561	38.3375082073	37.7225047707
PD_43P_1_bbduk_adapt_filt	38.546610905	39.1599055819	39.1267603702	39.1458403026	39.1648624958	39.09978604	39.0141125533	39.0077121583	39.0630436736	39.0088318915	39.352481325	39.416451953	39.2502663249	39.2056620485	39.2183429776	39.2699912152	39.0954584155	39.1076270745	38.8552767997	38.7382257644	38.7601944273	38.8870487416	39.1194182691	39.1223310361	39.1189409882	39.0847556477	39.0928159322	39.0880286903	39.0730686178	39.0849050167	39.063106744	39.0302271388	38.9907839713	38.8782514624	38.8569598475	38.8333371187	38.7499742267	38.1979500384
PD_43P_2_bbduk_adapt_filt	38.0458962014	38.9920373977	39.192829941	39.1520876886	39.2938389703	39.2281057307	39.3285070545	39.3287625506	39.3673886598	39.3626404242	39.4057491796	39.4323655952	39.2716668311	39.1647468783	39.2045412286	39.1868790285	39.1918795104	39.202601612	39.2312526176	39.2270698323	39.232823696	39.2086085023	39.1968485334	39.1295436793	39.129465109	39.0541479787	39.0669155136	38.9925306789	38.9085929921	38.8369695106	38.7751467192	38.6772859757	38.6207463949	38.5232418393	38.4761661069	38.4140653194	38.2835571831	37.6955796354
PD_44P_1_bbduk_adapt_filt	38.46166871	39.100138758	39.0515548771	39.0763843841	39.0678973175	38.997915361	38.9213340958	38.9227219377	38.9626482785	38.9222687656	39.2864815014	39.368366481	39.2029121563	39.1603095598	39.1837244699	39.2339071641	39.0827827281	39.1033757191	38.8731987291	38.7530265881	38.7731699616	38.8862458787	39.1138624252	39.0952453718	39.0925550799	39.0562146261	39.0588882729	39.0443331061	39.0250396201	39.0332393267	39.013431432	38.9763373083	38.9395756091	38.8754152508	38.8660934531	38.8372125059	38.7539967708	38.1821658676
PD_44P_2_bbduk_adapt_filt	37.6267798066	38.3968846243	38.8852240588	38.8527389354	39.0443029585	39.026122961	39.1219102018	39.1198979879	39.1853754716	39.2013123834	39.2743831575	39.3132000648	39.0953665947	38.9879890107	39.0415060791	39.0240428031	39.0314923606	39.0434319508	39.071807661	39.0698229594	39.0798018419	39.0581969678	39.0494334685	38.9865045875	38.9857533808	38.9186200869	38.9344386314	38.8696815166	38.796609306	38.7312002604	38.6739781965	38.5805879086	38.5343365565	38.4355208492	38.3907362691	38.3348638308	38.2025109251	37.6114942663
PD_45P_1_bbduk_adapt_filt	38.4662444705	39.1131235289	39.0583396755	39.0988002775	39.101809244	39.0465566571	38.9698011327	38.9614764936	39.0034650995	38.9680681545	39.310993841	39.390008236	39.2241258071	39.1828428607	39.200067023	39.2474308569	39.1097682233	39.1318219885	38.9131611231	38.8001631191	38.8219962585	38.9253887563	39.1327473094	39.1111397387	39.1103601569	39.0724971779	39.0741910445	39.0608983084	39.0436804961	39.0493731428	39.0290350639	38.9943760819	38.9572381987	38.8974146429	38.8860536589	38.8610104387	38.7741623744	38.1942249104
PD_45P_2_bbduk_adapt_filt	37.7891287438	38.8092338812	39.0948748448	39.046066923	39.2000055442	39.1451889298	39.2134022489	39.2298138003	39.2848076597	39.2901236821	39.3427685668	39.3723528875	39.193896255	39.0879121274	39.133048947	39.1136016367	39.117383736	39.1272027446	39.1571532511	39.1529440691	39.1619399687	39.1408399457	39.13291022	39.0675703856	39.0710501362	39.0053505148	39.0294065421	38.9710082693	38.9045426927	38.8446478642	38.7939285791	38.7045171473	38.6623034118	38.574068862	38.537911704	38.4888927393	38.364180721	37.7433596352
PD_46P_1_bbduk_adapt_filt	38.6319859914	39.2112902854	39.1722309002	39.1720176199	39.1957363322	39.132365897	39.0495113335	39.0355967305	39.0711166316	39.0240677234	39.3690276759	39.4402122795	39.3009002984	39.2632056287	39.2780443084	39.3198865707	39.173808358	39.1828572577	38.9545392544	38.8606746104	38.8881719133	39.0052584878	39.2008767816	39.1847827677	39.180498167	39.1433494428	39.1482802855	39.1342315566	39.1144795315	39.1194284547	39.0941469407	39.0568983834	39.019626084	38.9510281813	38.9401635154	38.9142622915	38.8266790573	38.2379842211
PD_46P_2_bbduk_adapt_filt	38.1891277925	38.978819566	39.2128229955	39.150429772	39.3112363595	39.2656893742	39.3479137911	39.3473805903	39.3951815609	39.3912572809	39.4378106197	39.4599650038	39.3147750165	39.2106423428	39.2539619084	39.228334965	39.2296751611	39.2390066852	39.266084358	39.2608231536	39.2652795196	39.2425745906	39.233673241	39.1664739793	39.1694054762	39.100538734	39.1214902936	39.057167263	38.9855034677	38.923611123	38.8689795507	38.7777555748	38.7332017689	38.6407318516	38.6020118613	38.5503290548	38.4269778	37.8214571486
PD_47P_1_bbduk_adapt_filt	38.4248855619	39.0928769013	39.0510177514	39.0797106775	39.0788801388	39.0163340186	38.9322594614	38.9292738934	38.9740880125	38.9339590492	39.2993545919	39.3815722151	39.2141346947	39.1715134506	39.1963634867	39.2454208246	39.1026803799	39.117555907	38.8858491935	38.7699510035	38.795685087	38.9060463967	39.1225102483	39.102073371	39.0964623933	39.0586480786	39.0606262285	39.044571095	39.0246098768	39.0313630424	39.0088795436	38.9701177378	38.9274639169	38.866283946	38.8515960646	38.8235388586	38.7337207068	38.1604627349
PD_47P_2_bbduk_adapt_filt	37.6159485285	38.5475419197	38.8305348642	38.863790289	39.012011939	38.969559391	39.0736652301	39.0823323384	39.1382975323	39.1468738031	39.2147230792	39.2504835673	39.0024864057	38.8875576182	38.9372555687	38.9194017442	38.9246976489	38.9379943701	38.9684371398	38.9667736241	38.9792089251	38.9570847805	38.9510074774	38.8855353659	38.8858629621	38.8175759444	38.8349504626	38.771582656	38.6933268796	38.6316896124	38.5739645956	38.4733935606	38.4252451935	38.3281482912	38.2832237566	38.2306832378	38.0917527502	37.5097507836
PD_48P_1_bbduk_adapt_filt	38.6386993514	39.193637155	39.1580726139	39.1619520961	39.1779642265	39.1078943083	39.0228792857	39.017512706	39.0729194395	39.0150036475	39.3613642843	39.4348673242	39.286915473	39.2508627725	39.2701441848	39.3244911953	39.1803375907	39.2022362997	38.9822022324	38.8893846168	38.9112204067	39.0090968711	39.2352733442	39.2262646651	39.222144757	39.1875143829	39.1951350636	39.1838536657	39.1624946121	39.1721798096	39.1464212262	39.1121790447	39.0741487043	39.0127697557	39.0008418893	38.9781989006	38.8988745533	38.3517482193
PD_48P_2_bbduk_adapt_filt	37.8987212535	38.8484721871	39.0730744391	39.0512194985	39.1801140033	39.1291011709	39.2323556005	39.2427562969	39.2910173251	39.2871354984	39.3411830015	39.3657106188	39.1683403026	39.0614062113	39.1121334264	39.0973699757	39.1057031036	39.1178050173	39.1506825418	39.1465445716	39.1580890935	39.1399092527	39.1317511655	39.0666148457	39.0708186623	39.0032045929	39.026447687	38.9629701177	38.8888322269	38.8256978188	38.7729554942	38.6806788981	38.6351874199	38.5401064584	38.5037341596	38.4565228403	38.3321243566	37.7501701432
PD_4P_1_bbduk_adapt_filt	38.5357488727	39.1372221512	39.0912703681	39.1091501012	39.1232730199	39.0622532143	38.9698465225	38.9599084504	39.0021731487	38.9611798419	39.3142653568	39.3937835012	39.23843201	39.1989938429	39.220702641	39.2709435218	39.1316151146	39.1521198902	38.9280204075	38.8190826413	38.8429186726	38.9501324855	39.1599199749	39.149294342	39.1492558102	39.1126963297	39.1150867197	39.1025859562	39.0852646235	39.0956415687	39.0749163709	39.0393539271	39.0023822249	38.9446558537	38.9309528866	38.9090908486	38.8271107415	38.2601193373
PD_4P_2_bbduk_adapt_filt	37.9048443542	38.8913278145	39.1188478745	39.1181913438	39.2517352604	39.2010976506	39.2877543352	39.2931503308	39.3272180505	39.3261612767	39.3743133491	39.3991497816	39.2264879309	39.1234248237	39.1715940093	39.1492312785	39.1534293372	39.1629792204	39.1919612082	39.1867143981	39.1940231885	39.1704405593	39.1624169337	39.0958119322	39.0937267977	39.0228881701	39.039699359	38.9748935094	38.8993440561	38.8319456121	38.7776975824	38.6807027879	38.6315303184	38.5373356214	38.4951342724	38.4389339515	38.3077561566	37.7042783661
PD_50P_1_bbduk_adapt_filt	38.2970395555	38.9482820577	39.0540813224	39.1483124637	39.0214915554	38.9968350057	38.74557039	38.7921745861	38.9167565028	38.9066179122	39.2876122426	39.2771408448	38.9685211064	38.9796428145	38.9700345418	38.9566682547	37.8311000939	38.2564495992	37.583314821	37.1874471515	37.1464236912	37.7849493422	38.6113624565	38.7928654868	38.8297633424	38.8272502623	38.8943804719	38.9483116583	38.9698004658	38.9993899235	38.9827341189	38.9447279044	38.9152855216	38.8541012369	38.8625172417	38.8499215007	38.7830114764	38.330895391
PD_50P_2_bbduk_adapt_filt	38.171338143	38.9005998286	39.1385825248	39.1424800287	39.2472150814	39.1985792078	39.2655692844	39.2620725876	39.3036736048	39.3097259203	39.3439951656	39.3799715037	39.2348145787	39.1244327288	39.1717112813	39.1692169542	39.1722612579	39.1704211523	39.2034452617	39.1975432216	39.1616773842	39.0740381171	39.0094365634	38.9265067312	38.8996053505	38.8154258871	38.7917970946	38.6704839361	38.5185495069	38.3881851597	38.3112976613	38.1509342028	38.0175981452	37.8426557341	37.7099476412	37.5412504744	37.3405385879	36.7410847016
PD_51P_1_bbduk_adapt_filt	38.5807969117	39.1517381871	39.1159470594	39.1208385099	39.111762639	39.0390080613	38.9509726478	38.9424754505	38.9966643366	38.9467861991	39.3103500613	39.3939635478	39.243039145	39.2063417072	39.2289924882	39.284998793	39.1457075466	39.1725602	38.9572468667	38.8512421173	38.8654064653	38.9526775798	39.1865282098	39.1701656727	39.1678582077	39.1342871439	39.1365481067	39.1196980031	39.1021935642	39.1111997084	39.0902819687	39.05662452	39.0209118741	38.9325599416	38.9124896797	38.8918511772	38.8094695481	38.2767227209
PD_51P_2_bbduk_adapt_filt	37.5463027191	38.6824766164	38.9239268732	38.9396847672	39.0776337274	39.0290058846	39.1315605524	39.144174783	39.1943760619	39.1989489858	39.2658836688	39.2967333341	39.0701320012	38.9620839139	39.0157794869	39.0026301222	39.013095472	39.0314366735	39.0650966707	39.0652044173	39.0810968766	39.0670672408	39.0647321304	39.0039794363	39.0096941566	38.9457687047	38.9682129409	38.9102044551	38.840370674	38.7773397251	38.7231881966	38.6353162844	38.5901510161	38.4958677984	38.4576206713	38.4109476762	38.2826379087	37.7211050597
PD_52P_1_bbduk_adapt_filt	38.5035227971	39.1394667662	39.0992975016	39.1037864015	39.1289912925	39.0648345122	38.9696992389	38.9578552484	39.0085082309	38.9560350984	39.3224724614	39.3978992425	39.236083924	39.1953949786	39.2103748899	39.2670462864	39.0697208712	39.0672176206	38.8206653971	38.7025409802	38.7257172769	38.8631322105	39.1116700309	39.1121723658	39.1132206684	39.0829522965	39.0919935077	39.0828292562	39.0640489748	39.0707196889	39.0521951874	39.0103292675	38.9689863048	38.9099246391	38.8955235368	38.8692077391	38.7834082079	38.2067975644
PD_52P_2_bbduk_adapt_filt	37.657860504	38.7584928591	39.0211216685	39.0209870152	39.1720665943	39.1290517491	39.2292420155	39.2389865144	39.2847012948	39.2876476079	39.3375522536	39.3651115288	39.1707152918	39.061030705	39.107339717	39.0835642239	39.0904986699	39.0998588218	39.1306764372	39.1287016476	39.134882944	39.1135383211	39.1024520026	39.0330782542	39.0330434731	38.9622774632	38.9736651185	38.9011124815	38.8186956352	38.7462230819	38.6845339529	38.5817208025	38.52774262	38.4273352048	38.380384173	38.3194645368	38.1853953672	37.5981125994
PD_53P_1_bbduk_adapt_filt	38.6429147987	39.2093170221	39.1568530045	39.1589391042	39.1881689774	39.1197304425	39.0212754358	39.0123291276	39.0690198613	39.0107405149	39.3683073044	39.4469187802	39.3076344934	39.2738881544	39.3036268322	39.3521207628	39.2163353291	39.2466772431	39.0392382014	38.9454557345	38.9677539401	39.0581804273	39.2679373954	39.2574829299	39.2515259343	39.214315489	39.2182553848	39.2048600936	39.1810001837	39.1885758737	39.162618538	39.1260248109	39.0900418433	39.029694987	39.0165721434	38.9914209718	38.9109218173	38.359840712
PD_53P_2_bbduk_adapt_filt	37.6298502514	38.6758651612	38.9213440268	38.9348374761	39.0844180588	39.0335984442	39.137294846	39.1470466669	39.1989977821	39.2118155216	39.271075686	39.3031448476	39.0681194918	38.9578363508	39.0130188844	38.9990358256	39.0076315319	39.0257774082	39.0586056757	39.0589204396	39.0726466385	39.0553824361	39.0512491171	38.9896012791	38.9947889224	38.9280660697	38.9446262147	38.8793413791	38.8071343457	38.7420232589	38.687735924	38.5923576421	38.5455340072	38.4528893449	38.4098787896	38.3609929173	38.2314578849	37.6558208063
PD_54P_1_bbduk_adapt_filt	38.6376311059	39.2147364383	39.1700108697	39.1766018666	39.201377308	39.1338626907	39.0534739375	39.0449941152	39.0886701257	39.0343940213	39.3779081907	39.4548410509	39.3223679315	39.2864621764	39.3076363253	39.3574856796	39.2261015524	39.2521948546	39.0415884705	38.9509020108	38.9760441703	39.0667387989	39.2661505877	39.2496380197	39.2465386568	39.2093485077	39.2115668832	39.1982973349	39.1774908186	39.1848019564	39.1584807217	39.1254230738	39.0865165689	39.0251911351	39.0161165792	38.9900060418	38.9097629335	38.3540750309
PD_54P_2_bbduk_adapt_filt	37.6813397968	38.8510371253	39.0519848534	39.0596036214	39.1903891558	39.142699628	39.2461095074	39.2506591707	39.2990098822	39.2962911511	39.3541280411	39.381544396	39.1900550805	39.0835909355	39.1346010272	39.1179999501	39.1221270602	39.1343226777	39.1650527101	39.1624386278	39.1740592522	39.1554334938	39.1500791176	39.0865104392	39.0894835145	39.0232029317	39.0461395849	38.9861400412	38.9145920783	38.8536055778	38.7990748869	38.7062251493	38.6620663787	38.5667430101	38.5305840195	38.4836057273	38.3571334601	37.7722016864
PD_55P_1_bbduk_adapt_filt	38.7216628856	39.2102015572	39.1788398468	39.1750732227	39.1825363173	39.1149836532	39.037147311	39.0337675629	39.0678951783	39.018541155	39.3683036602	39.4443768297	39.3055362337	39.2714639544	39.2934435899	39.344459073	39.2147282288	39.2467918465	39.0401532822	38.9471488689	38.9684641344	39.063502482	39.2645162932	39.2545561094	39.2491983649	39.2125410398	39.2171740477	39.2037579603	39.1874426047	39.1938956843	39.1702682131	39.1370310079	39.101958424	39.042241604	39.0317520609	39.0072881371	38.929221328	38.3892489965
PD_55P_2_bbduk_adapt_filt	37.9392635739	38.9406068072	39.1220474919	39.0805444737	39.2196764067	39.1601501285	39.2764398748	39.2796091625	39.3190663807	39.3069609967	39.3668903766	39.395454969	39.2173720247	39.1136957306	39.1641712843	39.1467626876	39.1531713896	39.1693523517	39.2018433141	39.2026130561	39.2167413832	39.1976993667	39.197251196	39.1389990405	39.1519628183	39.086031023	39.113842373	39.060434806	38.9982350009	38.9394322582	38.8914476357	38.8047926769	38.7655409151	38.6813035875	38.6459769678	38.5975304105	38.4831467573	37.9409735265
PD_56P_1_bbduk_adapt_filt	38.5991084403	39.1732704626	39.1255230711	39.1443617815	39.1450651964	39.0801017384	38.9962937995	38.9906601324	39.0310075294	38.9910872013	39.3408721725	39.42044287	39.2773811225	39.2397342472	39.2606027734	39.3118759381	39.1820758901	39.2112802413	39.0032281565	38.8983940012	38.9272764202	39.0261725136	39.2243419576	39.2043107324	39.2027964716	39.1666419612	39.1687882601	39.1562754241	39.1376947855	39.1444126341	39.1225524991	39.0895776697	39.0549053547	38.9952746344	38.9869809049	38.9605775824	38.8784217222	38.3155938962
PD_56P_2_bbduk_adapt_filt	37.573768335	38.811702482	39.0359839449	39.0573806853	39.1781689774	39.1268017975	39.2488711243	39.2467487616	39.2932335838	39.28817095	39.3516086226	39.3824290394	39.2026038229	39.0984045449	39.1471783501	39.1298846784	39.1356478955	39.1464873144	39.1777440078	39.1751151529	39.1870077357	39.1677790358	39.1630464864	39.0967406431	39.0974981502	39.030315263	39.0530297082	38.9945687428	38.9268222138	38.868082268	38.8155256215	38.725944121	38.6821859115	38.5923979533	38.5528379034	38.5075744603	38.3786366447	37.7584624275
PD_57P_1_bbduk_adapt_filt	38.6998693218	39.2309600813	39.1827612354	39.2041249133	39.1961770985	39.1270619995	39.052436691	39.0406737186	39.0883563051	39.0429059044	39.3819494044	39.4567044162	39.3292747934	39.2987462901	39.3186665002	39.3670192776	39.2186178088	39.2536587961	39.0539741055	38.9506506957	38.9650294826	39.0614420378	39.2902920745	39.2868671566	39.2875936368	39.2551048373	39.2630765819	39.25209251	39.235654121	39.2424178747	39.2244182808	39.1918311984	39.1559117279	39.0981480982	39.0890569738	39.067100812	38.9897817781	38.438637671
PD_57P_2_bbduk_adapt_filt	38.443865708	39.0968737262	39.2960096368	39.2809167908	39.3898699134	39.3177476029	39.4164521142	39.4137684254	39.4468976569	39.4315616323	39.4705305399	39.4915102345	39.3693458051	39.2754422227	39.3163379356	39.2976766065	39.2976670697	39.3087539805	39.3386384472	39.3353252047	39.3408498884	39.3219172669	39.3102971355	39.2495007506	39.2539412824	39.1887155466	39.2121241678	39.1516745613	39.0818496717	39.0200388855	38.9688083445	38.8824834168	38.8362611866	38.7488271383	38.7103152646	38.6624168117	38.542849792	37.9311812483
PD_58P_1_bbduk_adapt_filt	38.5036228704	39.1192901428	39.0717911515	39.080471708	39.0799679906	39.0082947193	38.9202968505	38.9101622645	38.959021812	38.9063081743	39.2786884266	39.3655050881	39.2010747156	39.1605712601	39.1918816744	39.2425679902	39.0908546309	39.1106542072	38.8728746439	38.7591419123	38.7836261295	38.8972052399	39.1337220882	39.1176059744	39.1154659392	39.0756233392	39.0813001298	39.0665288574	39.0461049617	39.0550876361	39.0307356281	38.9941726071	38.9527966496	38.8912555872	38.8766253234	38.8511580599	38.7639326902	38.2018972981
PD_58P_2_bbduk_adapt_filt	37.8546427423	38.7011455156	38.965733197	38.9989889302	39.1376150696	39.0816120826	39.1890752528	39.2000137094	39.2437259923	39.2446811471	39.2989881116	39.3283371214	39.1146929532	39.0066165776	39.0524629268	39.0356130418	39.040234289	39.0529932671	39.0816922388	39.0785430842	39.0876701347	39.064808666	39.0560894406	38.9873335349	38.9891866987	38.9222388037	38.9355054919	38.8699678038	38.7944378675	38.7287773203	38.6743515551	38.5791891148	38.5303212724	38.4372379575	38.3883745173	38.338197951	38.2017169023	37.6163842834
PD_59P_1_bbduk_adapt_filt	38.5537407832	39.1642432502	39.1253902962	39.1281964116	39.1646800318	39.0996119443	39.0071131522	38.9916870721	39.0442739211	38.9829824537	39.3366547453	39.4065876557	39.2433031904	39.2023429347	39.225796831	39.2617161537	39.0998793221	39.1327432396	38.8848680762	38.7736143052	38.8058147606	38.9298696902	39.1369852856	39.1259292117	39.1235298534	39.0820094596	39.0866602835	39.0737939291	39.0567031681	39.0598093905	39.0364004678	38.9946782527	38.9508471061	38.8813517113	38.8670010639	38.8335652411	38.7459206112	38.1608143775
PD_59P_2_bbduk_adapt_filt	37.9645321029	38.8325392631	39.0953375288	39.0953718669	39.240887422	39.1823271047	39.2706778458	39.2837538214	39.3273729136	39.3260458037	39.3759532219	39.3953163794	39.2201765196	39.1096802818	39.153606413	39.1293115977	39.1325402403	39.1398965351	39.1703651292	39.1623993461	39.1685274147	39.1395684642	39.127453869	39.0587583273	39.0561704476	38.9827365561	38.9960244408	38.9252293792	38.8432209283	38.7712895565	38.7094689659	38.6074869712	38.5578398069	38.452866792	38.4091452106	38.3484838796	38.2135344321	37.6229839289
PD_5P_1_bbduk_adapt_filt	38.6690558139	39.2168343214	39.1825581641	39.1843771947	39.1994300298	39.1326352698	39.0396220983	39.0273697141	39.0665068657	39.0230481023	39.3643778156	39.4394059597	39.3035682913	39.2637423119	39.2850554149	39.3351362429	39.2027562197	39.2298383697	39.0081549539	38.9205246055	38.9520026286	39.0575485658	39.2496492694	39.2324808819	39.2303566794	39.1937813925	39.1952240769	39.1819313271	39.163025618	39.1690050164	39.1471381749	39.1135007781	39.0778634954	39.018549106	39.0093916065	38.9824821386	38.9016130905	38.3412120756
PD_5P_2_bbduk_adapt_filt	37.8761264309	39.0716862178	39.2348753286	39.1454365468	39.306181987	39.2478753047	39.3450282254	39.3402759119	39.3781363389	39.3794973836	39.4279303169	39.4521576324	39.3041205407	39.1998457166	39.2465840512	39.2269605996	39.2302968576	39.2381534665	39.2665211799	39.261162663	39.2704432031	39.2492944529	39.2416368041	39.1747948196	39.1762446129	39.106540908	39.1304876748	39.071969497	39.0026565804	38.9394745439	38.8885754323	38.798580348	38.752695047	38.668373599	38.625768808	38.5764977845	38.4546303976	37.8370043108
PD_60P_1_bbduk_adapt_filt	38.4833047657	39.1268843777	39.0796326157	39.1150179197	39.1198041308	39.0617114563	38.9853083133	38.9696592849	39.0234078281	38.9889304576	39.3261445453	39.4038836178	39.246121781	39.2036418637	39.2231271891	39.2735405637	39.1348171715	39.1551449304	38.9396087313	38.8283982218	38.8522821673	38.9518571192	39.1612505943	39.1422968602	39.1388745946	39.101549906	39.1039074847	39.0888167357	39.0695917847	39.0770702575	39.0546266263	39.0204464609	38.9823757792	38.9235680851	38.9108306746	38.8829665703	38.7958596898	38.232285598
PD_60P_2_bbduk_adapt_filt	37.9467453117	38.9592574652	39.1217944857	39.0579209205	39.2070422122	39.1476571512	39.2513258661	39.252589378	39.2942096006	39.2913651151	39.3434734114	39.3699006113	39.1914760715	39.0835427236	39.1307904208	39.1085674512	39.110956109	39.1213474541	39.149117703	39.1430817237	39.1532986381	39.1301328026	39.1221383823	39.054140836	39.0558283514	38.9899719688	39.0126194998	38.9520049148	38.8863165694	38.8251095773	38.7741994106	38.6813106323	38.6391940824	38.5490036606	38.5087444204	38.4619194119	38.3341675517	37.7422387242
PD_63P_1_bbduk_adapt_filt	38.7761850686	39.2638420978	39.2219403742	39.2012519016	39.2260714785	39.1456827519	39.0522734193	39.0437122091	39.0947279909	39.0395848033	39.3912346046	39.4704282129	39.3391431687	39.3077681305	39.3327867462	39.382218247	39.2522859357	39.288823745	39.0888700289	38.9997153924	39.0218616412	39.0982029574	39.3064053326	39.2935696515	39.2892233348	39.2513961408	39.2534960078	39.2377529328	39.2174138157	39.2220222008	39.198346271	39.1650249636	39.1263233137	39.0588870709	39.0432621396	39.0172345305	38.9405316757	38.3904763032
PD_63P_2_bbduk_adapt_filt	37.6454877907	38.7618915698	38.9861464608	38.9792669822	39.117129926	39.0766036099	39.1743295498	39.183114096	39.2332609424	39.2372340008	39.2982788109	39.3244366308	39.1077671257	38.9992570938	39.0532625069	39.0415084712	39.0521765903	39.0705395817	39.1065349609	39.1117150511	39.1292222319	39.1155136039	39.1124938003	39.0567088754	39.0657588195	39.0008224614	39.0249918395	38.9654519901	38.8977553115	38.8369092474	38.7868076154	38.6999263452	38.6602193211	38.5669478336	38.5308410297	38.4897756863	38.3687216729	37.7645662109
PD_64P_1_bbduk_adapt_filt	38.5519708125	39.1574375543	39.1166526388	39.1222367966	39.1251583981	39.0529008378	38.9722470115	38.9662916447	39.0094578168	38.9627658132	39.3208169414	39.4038355699	39.2530016474	39.2135879581	39.2392756578	39.2900748231	39.1546671657	39.1756885154	38.9508501474	38.8445810617	38.8771443872	38.9792454189	39.1881045195	39.1682071371	39.1612241885	39.1248128273	39.1260567148	39.1101011664	39.0889217188	39.0952415473	39.0700540969	39.034641465	38.9941790928	38.9286316514	38.9137236922	38.8864469807	38.7940607312	38.2269243698
PD_64P_2_bbduk_adapt_filt	37.646597496	38.8692494324	39.0670245821	39.0040276617	39.1650148461	39.1116684686	39.2319731092	39.2374246288	39.2809424257	39.275684821	39.3337035478	39.3600269505	39.1664176414	39.0588536354	39.1071243827	39.0889402852	39.0913557062	39.1042712909	39.1327430563	39.1267513492	39.1360742802	39.1136525478	39.1061627304	39.0393137323	39.0384745277	38.9704684615	38.9894013557	38.9240494621	38.8511357629	38.7875636902	38.7329162466	38.6377395204	38.5896546238	38.4969061267	38.4544182312	38.3991333444	38.2640021875	37.6784733193
PD_65P_1_bbduk_adapt_filt	38.493648933	39.1309016057	39.0918620645	39.11950771	39.1252653675	39.059683795	38.9838585574	38.968151026	39.0160682658	38.9646202873	39.3175535833	39.3920540615	39.2306876445	39.1887782898	39.2057250702	39.2579639066	39.1184941322	39.1365407605	38.9016442803	38.8019241667	38.8240111173	38.930260124	39.1384926469	39.1169890792	39.1126582204	39.074109345	39.0773098522	39.059826344	39.0403201962	39.0466828484	39.0244564325	38.989692926	38.9511914712	38.891441257	38.8780576027	38.8519834087	38.7655733436	38.1925060137
PD_65P_2_bbduk_adapt_filt	37.9235389375	38.8994147213	39.1149371425	39.0843525007	39.2315896029	39.167265587	39.2683232625	39.276197084	39.3166784788	39.3145767494	39.366577229	39.3906949012	39.2107167204	39.1030073152	39.1485796719	39.1280824392	39.1313210476	39.1418902057	39.170359546	39.1666774053	39.1760174733	39.1510375277	39.1436235255	39.0753100822	39.0747534807	39.0050295908	39.025784864	38.9607051519	38.8921844073	38.8282364632	38.7737699648	38.6798328703	38.6334847403	38.5440016804	38.5009253083	38.4526183787	38.3239674095	37.7440299409
PD_66P_1_bbduk_adapt_filt	38.7219384677	39.2479886982	39.2160609336	39.2321330854	39.2510319845	39.1839335877	39.0889799251	39.0775894512	39.1323151217	39.0819253392	39.4044510665	39.4700877126	39.326782185	39.289727477	39.3299879333	39.3743987261	39.2037207371	39.2168822977	38.9956155542	38.9101563818	38.9202540472	39.0377791544	39.2791782989	39.2793482372	39.285663186	39.2537092981	39.2654929893	39.2525970106	39.2369296378	39.2392494676	39.2218769863	39.186363486	39.1518549715	39.0904970209	39.080903355	39.0560963324	38.9823384844	38.4434241549
PD_66P_2_bbduk_adapt_filt	38.380301211	39.1534511558	39.3362818294	39.3047167024	39.42329138	39.3478536222	39.4407227707	39.435088843	39.4681488719	39.4524204471	39.4903241432	39.5066875101	39.3772413662	39.2792993376	39.3215535834	39.3063076457	39.3125897217	39.3201811675	39.3513330944	39.345807216	39.352231275	39.3272229839	39.3168587973	39.2498744791	39.2537962649	39.185933846	39.2115716607	39.1489866282	39.0769058623	39.0151196656	38.9696446177	38.8781103263	38.8330720358	38.7486321313	38.7016032297	38.6558053817	38.5374595167	37.9279471113
PD_6P_1_bbduk_adapt_filt	38.4728195311	39.0964886978	39.0646375646	39.080569687	39.0787457096	39.0173554658	38.9420173307	38.9375695646	38.9939365862	38.9398280354	39.2989550596	39.3760709494	39.1984218819	39.162661405	39.1787105055	39.2260537126	39.0570353774	39.1031586601	38.8722625753	38.7419715645	38.7695182643	38.8810314632	39.1054237731	39.1044087469	39.1071375293	39.0721202041	39.0738925149	39.0674536274	39.0496993775	39.0610519973	39.0410529092	39.0063116505	38.9664106716	38.9055538527	38.8926523645	38.868653504	38.7801009305	38.2254192869
PD_6P_2_bbduk_adapt_filt	37.693716019	38.7307608259	38.943558679	38.931865993	39.0766711538	39.0232309458	39.1293275759	39.1311063909	39.1865468552	39.1884136557	39.2489408707	39.2864057289	39.0553474807	38.9411151297	38.9895443581	38.9724026197	38.9806074025	38.9948108539	39.0271889141	39.0228857677	39.0299075548	39.0061253405	38.9954876039	38.9306777278	38.9328272251	38.8651046078	38.8777372475	38.8115877736	38.7319137349	38.664576371	38.6036929946	38.5026472824	38.4539378763	38.3496779283	38.3014285022	38.2406888376	38.1028626569	37.5324320422
PD_70P_1_bbduk_adapt_filt	38.559020548	39.1505722788	39.1035660473	39.1333968999	39.1571864242	39.084305562	38.9863068662	38.9850007389	39.0397928464	38.995897771	39.3383315663	39.4148913297	39.2600176982	39.2213585722	39.2396299444	39.2915772073	39.1220050037	39.1508850365	38.9294837991	38.8174825982	38.8342198167	38.9346031522	39.1788596481	39.1748814952	39.175335295	39.1428078919	39.1448392467	39.1326598049	39.1143225708	39.1218191918	39.0973814097	39.0617864184	39.0266972358	38.9651072534	38.9554262887	38.9290715264	38.8499704763	38.3109052775
PD_70P_2_bbduk_adapt_filt	37.8780532439	38.7733546106	39.01377599	39.0165696151	39.1570154925	39.0987486426	39.1912696934	39.2001098661	39.2452293242	39.2523287256	39.3069404834	39.3349298901	39.1211745663	39.0093700493	39.0570102336	39.0413975392	39.0450015171	39.0587489602	39.0902280836	39.0871735592	39.0939842653	39.0730865458	39.0630449076	38.9949732373	38.9950940851	38.9266757057	38.9447649631	38.8800323437	38.8050171637	38.74038052	38.6831474664	38.5896010245	38.5430115089	38.4530913466	38.4085002958	38.354571228	38.2237300192	37.6494877583
PD_73P_1_bbduk_adapt_filt	38.9103172128	39.3293874615	39.2824814107	39.2736228273	39.3478304989	39.2679491861	39.1332453894	39.1211248327	39.2026386135	39.1241327147	39.4584389883	39.5335410627	39.4303785489	39.407058062	39.4028625295	39.4809009698	39.3474846243	39.4068626182	39.2155375467	39.1462254948	39.1609844561	39.2250713391	39.4453836405	39.4338629631	39.4367179741	39.4019208236	39.4043436354	39.384585401	39.3678098789	39.37266679	39.3539638626	39.3212612854	39.2929559765	39.2405108462	39.2346045123	39.2125411093	39.1492055679	38.6685662872
PD_73P_2_bbduk_adapt_filt	37.9699741427	39.0666667654	39.2632384344	39.2499268574	39.3763912827	39.2992356879	39.396872683	39.3913768061	39.4363363388	39.4296719146	39.478769261	39.504366864	39.3568299439	39.2604502568	39.3083831489	39.292532746	39.2931176253	39.3012589773	39.3316353856	39.3322828236	39.3381010807	39.3245498983	39.3191972949	39.2628808398	39.2781945752	39.2151755852	39.2464054791	39.1951662594	39.1380581775	39.0821792403	39.0402707273	38.9651684863	38.9325042897	38.8487108976	38.82244059	38.7833827421	38.6734680678	38.1093372931
PD_74P_1_bbduk_adapt_filt	38.6162554873	39.2025285228	39.161033604	39.1706267001	39.1706567658	39.10498368	39.0198978358	39.0093791466	39.0579845962	39.0119919889	39.355691855	39.4336193123	39.2961865585	39.2605238889	39.2783691341	39.3313275972	39.1965613564	39.2267018277	39.0112831769	38.9153586172	38.9404764666	39.0398724128	39.2451650413	39.2303279589	39.2285479777	39.1942326934	39.1957310168	39.1813687749	39.1640463822	39.1720296465	39.1493021472	39.1146369676	39.0801804103	39.0168862167	39.006997643	38.984917362	38.9050485604	38.3492807044
PD_74P_2_bbduk_adapt_filt	37.8571413615	39.0331879354	39.1900405323	39.1459202363	39.2691218328	39.2075516371	39.3099746348	39.3051898983	39.3468641373	39.3408236833	39.3944916608	39.4187786033	39.2622924707	39.1589334318	39.2054256072	39.1856585669	39.18698415	39.1983838162	39.2271083869	39.2220249261	39.2317215429	39.2117954786	39.2061736353	39.1384344971	39.1411631601	39.0777407849	39.1025099261	39.04201748	38.9744700825	38.9100796155	38.861775227	38.7685695703	38.7281292467	38.6359110941	38.5978099752	38.5521813495	38.4235292113	37.8325342819
PD_75P_1_bbduk_adapt_filt	38.5168166988	39.0995423637	39.0664194139	39.0873862613	39.0964607482	39.0349962742	38.9439523296	38.9381500085	38.9953946127	38.9546700564	39.3020068856	39.3753847067	39.1986360328	39.1548462822	39.1755080211	39.221879317	39.0719910333	39.11048408	38.8912593611	38.7747580614	38.7990362587	38.9070380676	39.1184731222	39.1117591142	39.1088221962	39.0749237108	39.0771937192	39.0699094824	39.0560008519	39.0616092266	39.0407487551	39.0082620954	38.9684206182	38.9061831907	38.8972760874	38.870153333	38.7833483594	38.2219963436
PD_75P_2_bbduk_adapt_filt	37.8817502617	38.9292635482	39.0949754651	39.0288343051	39.195184755	39.1317693483	39.2208409075	39.2246405571	39.2725179083	39.2690065084	39.3228178163	39.3530924423	39.1620672769	39.0532278875	39.1003847251	39.0810000068	39.0847313671	39.0984529219	39.1281082806	39.125624439	39.1350029907	39.1120081136	39.1040773569	39.0394814091	39.0409234514	38.9732859436	38.9960248489	38.9337360798	38.8579642979	38.7930622708	38.741722871	38.6469207981	38.6005633583	38.505212173	38.4631658595	38.4123998788	38.2840082874	37.6942691104
PD_76P_1_bbduk_adapt_filt	38.529810187	39.1715868585	39.1332152197	39.1560542376	39.1709281179	39.1081429106	39.0187349436	39.0132708779	39.0618556736	39.0130939984	39.3613347605	39.4415575033	39.2998968126	39.2681905011	39.2904048042	39.3433338939	39.1983090877	39.2255836207	39.0027748096	38.908556831	38.9367323676	39.0397168761	39.2521891426	39.23382846	39.2300254777	39.1924659283	39.1974422655	39.1822598229	39.1619031247	39.1687279302	39.1418771257	39.1088470104	39.0709668692	39.0090703491	38.9972387285	38.9737819367	38.8916844534	38.3406820025
PD_76P_2_bbduk_adapt_filt	37.6177597532	38.5604536741	38.8419956492	38.8905938339	39.0211757649	38.9820114952	39.0953630755	39.1098607239	39.161828929	39.1695237749	39.2334815627	39.2638282668	39.013364893	38.8952445375	38.9490664897	38.9324195072	38.9403760046	38.9513184314	38.9838640814	38.9809833083	38.9965897619	38.9767917646	38.9711322214	38.9055579388	38.906699373	38.8381069167	38.8570515192	38.7910584727	38.7160155084	38.6475363506	38.5901237292	38.4925921544	38.4446423471	38.3495179106	38.3051572115	38.2520357544	38.1216694658	37.5565419492
PD_77P_1_bbduk_adapt_filt	38.4605130766	39.1140755559	39.0734695073	39.0837278975	39.1098270932	39.0414356033	38.9650832447	38.9512781213	38.9980988082	38.9426303474	39.2986648296	39.3783606802	39.2138111102	39.1652951107	39.1869927892	39.2336044177	39.0933661286	39.1075136699	38.8684786257	38.7616918561	38.7955167366	38.9107453254	39.1082666029	39.0817108638	39.0744332491	39.0339797673	39.0354546913	39.0196492392	38.9974419373	39.0011571149	38.9759805033	38.9382282602	38.8941797193	38.8340342774	38.8187693726	38.7861900324	38.6959254905	38.0957209482
PD_77P_2_bbduk_adapt_filt	37.6808021044	38.8838968553	39.0635557929	39.0443101235	39.188096116	39.1295716855	39.2382559689	39.240730589	39.2850252401	39.2837452941	39.3330330629	39.3536243057	39.1600148331	39.0503787355	39.0929477289	39.06912764	39.0687473394	39.0756834129	39.1027346232	39.0931066841	39.100657499	39.0754410561	39.0634132347	38.9926720804	38.985969666	38.9136591598	38.9265562156	38.8583849715	38.7842650162	38.7145195094	38.6556045151	38.5537677496	38.5059560279	38.411123406	38.3653234213	38.3094504963	38.1747607131	37.5540346661
PD_78P_1_bbduk_adapt_filt	38.4020576639	39.0573060082	39.0219052657	39.0465539706	39.0568179552	38.994449918	38.912105506	38.9000934534	38.9561276171	38.9054744419	39.2736147378	39.3426779594	39.1501146254	39.1044074933	39.119781987	39.1650204566	38.9947604339	38.9889382101	38.7473767251	38.6175310431	38.6436776599	38.7784184563	39.0087188004	39.0074180691	39.0025226418	38.968538598	38.9753598334	38.9667051456	38.9553790458	38.9660467245	38.9422763423	38.903910606	38.8659347134	38.8015737668	38.7885543432	38.7568224353	38.6693957589	38.0779018648
PD_78P_2_bbduk_adapt_filt	37.633770294	38.6906105563	38.9768070044	38.9559180652	39.1347550187	39.0821439858	39.1685023296	39.1904538994	39.2405327349	39.2464393641	39.2983953171	39.3252365529	39.11712157	39.0056002043	39.0498111514	39.02285627	39.0265447577	39.0365290001	39.0653436245	39.0570943518	39.0647643201	39.0367678614	39.0239851065	38.9543408116	38.9496511588	38.8739631674	38.8813151504	38.8055599795	38.7239388398	38.6508284201	38.5882249448	38.4829714083	38.4285263299	38.3311806773	38.2823533925	38.2210329085	38.0866014941	37.4721617237
PD_79S_1_bbduk_adapt_filt	38.5839864809	39.1924776861	39.1509558188	39.1670197194	39.1619252635	39.0918509698	39.0122499766	39.0097623859	39.0531258528	39.0106903754	39.3664311928	39.4469431218	39.3147190284	39.2848639659	39.309128982	39.3553220126	39.2041168303	39.2339675854	39.0275653584	38.9222892499	38.9469927412	39.0480822086	39.2708202838	39.2618285565	39.2622719066	39.2296925861	39.2357243973	39.2239547993	39.2045167251	39.2143502389	39.1924998846	39.1604930775	39.1258731619	39.0714301253	39.0628889433	39.0419199855	38.9660499503	38.4453654055
PD_79S_2_bbduk_adapt_filt	37.5816401114	38.537507562	38.9418894239	38.986535331	39.1227030101	39.0719101681	39.2023249956	39.2087018918	39.2611540818	39.2611769553	39.3281230486	39.3559610226	39.1565487218	39.050711384	39.0958405683	39.0780437907	39.0898947821	39.1030697079	39.1358825177	39.133907336	39.1473763574	39.1287924942	39.1197734777	39.055529544	39.0622909212	38.9926274306	39.0120364883	38.9494179723	38.8728552724	38.8075063731	38.7519041376	38.6579090669	38.6081036148	38.5124117909	38.4738625553	38.4222492992	38.2909402964	37.7203673695
PD_7P_1_bbduk_adapt_filt	38.8536824711	39.3420098018	39.2892041298	39.2976693078	39.3271189074	39.258695818	39.1674838637	39.1587215231	39.2177201531	39.1721174422	39.4734394152	39.5420479551	39.4408786498	39.4177677908	39.4330308643	39.4905783115	39.3665008826	39.4057516518	39.2306442538	39.1622064396	39.1714695548	39.2249919956	39.4312611894	39.4251710934	39.4259665429	39.3930427246	39.3934510067	39.3795023347	39.3621442076	39.368017994	39.347088833	39.3149363167	39.2799352271	39.217440096	39.2061550644	39.185264178	39.1144185306	38.6007923331
PD_7P_2_bbduk_adapt_filt	38.4509492536	39.2303772439	39.39204384	39.3506670621	39.4713037583	39.4017134867	39.489439713	39.4859042696	39.5189085208	39.5044007946	39.5447182945	39.5579474175	39.4444404513	39.3506791021	39.4003793254	39.3841685733	39.3843016532	39.3929555139	39.4249993343	39.4195773847	39.4262356526	39.4043936441	39.3943558135	39.3344592792	39.3428787875	39.277119461	39.3027892182	39.2498944367	39.186861283	39.1310912717	39.0866696712	39.0011982715	38.9629442159	38.8800997206	38.8438716844	38.8039780532	38.6907780526	38.0382735412
PD_81P_1_bbduk_adapt_filt	36.1842796773	37.4634191318	38.5414982712	39.0788474837	38.0780330388	38.1801920861	37.1256550134	37.5220591625	38.1122089896	38.1968003414	38.6063214627	36.9767811046	34.3006450721	33.981889372	33.3155158718	32.7418727486	27.7844828297	29.3709964429	26.989309778	24.8890187839	25.1293954198	28.3811927734	31.2405757785	34.1618145026	34.6409723353	35.0318598669	36.1429935952	37.1454345739	37.6616758752	37.927198594	38.0286223911	38.044496385	38.0640769188	38.078042493	38.1768095191	38.2853498144	38.3106792253	38.3729903012
PD_81P_2_bbduk_adapt_filt	36.8589473684	38.5687283903	38.8974567806	38.9537610449	39.1103188629	39.0671686516	39.1567268536	39.0924318095	39.1318939685	39.0868460322	38.8899707514	38.985058067	38.8287097121	38.4890692128	38.2238871299	38.5502238011	38.6308343351	38.6682763641	38.7913375998	38.7240811634	38.3612296275	37.7811169453	37.3130071834	37.0832779848	36.9603854978	36.7148649252	36.3380929162	35.8441726735	35.0624810267	34.4945272944	34.2879154138	33.8328835484	33.3062726708	32.814616066	32.5415280847	32.1992272434	31.9116990639	31.6835522729
PD_82P_1_bbduk_adapt_filt	38.5398383429	39.1431226295	39.0975288488	39.116507519	39.1342924444	39.0673655714	38.976078807	38.968798396	39.0195077538	38.9751748704	39.3306162924	39.4087186569	39.2533271353	39.2163191909	39.2347446903	39.2881180969	39.1463475784	39.1770966763	38.9556270461	38.8446599064	38.8699153673	38.9723685518	39.1947198171	39.185124293	39.1826951221	39.145588409	39.1497109665	39.1351858544	39.1172906274	39.124807512	39.10422875	39.0672814537	39.0342619732	38.9702966719	38.9610147342	38.9386700881	38.8573020821	38.3191535488
PD_82P_2_bbduk_adapt_filt	37.6615319837	38.6770330314	38.9614143728	38.9507830989	39.1069289011	39.0530946431	39.1578091088	39.1688173548	39.2186041231	39.2266004533	39.2826151893	39.312140098	39.0936790864	38.9787586778	39.0338537528	39.0168591586	39.0255624409	39.0400727282	39.0755598692	39.0731815245	39.0861289201	39.065128917	39.0591089313	38.991915753	38.996413836	38.9274580176	38.9489577822	38.8853657403	38.8116225284	38.7460354171	38.6908977817	38.5951703385	38.5488982459	38.4528050789	38.4132636248	38.3639564855	38.2328740289	37.6783113266
PD_83P_1_bbduk_adapt_filt	38.5565951333	39.1721289396	39.1102810452	39.1505791506	39.1583370746	39.0702702703	38.9988686361	38.9776061776	39.0166112957	38.9860502367	39.3373072504	39.4084223954	39.2476798054	39.2205181833	39.2565745201	39.2980902793	39.1465881256	39.172673271	38.9708115957	38.8617261642	38.8858305993	38.9872981961	39.2032420331	39.1841900352	39.1861690195	39.1519927748	39.1628454955	39.124269138	39.1219201025	39.1054473558	39.1114263978	39.0543404355	39.0300675396	38.9803364535	38.9573230788	38.9551690339	38.861683528	38.3139466095
PD_83P_2_bbduk_adapt_filt	37.7213971447	38.8758193409	39.0567657358	39.0860016162	39.2066804346	39.1315435036	39.2557421209	39.2405854359	39.2804525456	39.2866534281	39.3336527426	39.3654262815	39.1821648317	39.0635351534	39.1093736334	39.0918669745	39.1043905908	39.111159386	39.1451604815	39.1416345759	39.1600962422	39.1297891954	39.1416491534	39.0826907165	39.080629901	39.0245600308	39.0470689692	38.9677632956	38.9087711658	38.8502041923	38.800513173	38.7160239899	38.6546653287	38.5799363183	38.5323880669	38.4722567108	38.3445081799	37.7709865525
PD_84P_1_bbduk_adapt_filt	38.4536982416	39.0911695973	39.0505195689	39.077319342	39.0844809983	39.0246931367	38.9654963131	38.9489132161	38.99356211	38.939123399	39.2881636857	39.3592849901	39.182491286	39.1346191196	39.1502184196	39.1934709737	39.052398185	39.0595036366	38.8149836456	38.7026784785	38.7316203441	38.8558668421	39.0520323887	39.0345910653	39.0299171914	38.9910277188	38.9940578216	38.9803009968	38.9634055729	38.9692199328	38.9440537707	38.9073710921	38.8688144126	38.8062205734	38.7893625359	38.7570264963	38.6612579252	38.0575755637
PD_84P_2_bbduk_adapt_filt	38.0966829268	39.0066863301	39.1747192286	39.1583732275	39.2813329552	39.2042609189	39.3095745888	39.3062779353	39.3456687465	39.3268210697	39.3726728638	39.3927708755	39.2271155185	39.1197361823	39.1575723338	39.1310194343	39.1301810816	39.1345438482	39.1574293368	39.1503348781	39.1533185046	39.1265170008	39.1150726523	39.0424665226	39.0368295384	38.9627231993	38.9825339343	38.9153061587	38.8417012784	38.7770460944	38.7186031978	38.6196027411	38.5710190193	38.4828673284	38.4342838437	38.3780490334	38.2375046757	37.6347754144
PD_8P_1_bbduk_adapt_filt	38.5484923349	39.1647228224	39.1051350536	39.1315485329	39.1456322182	39.0837302748	38.9971865587	38.9894566099	39.0276084235	38.9887355743	39.3333072949	39.4068292019	39.2552521879	39.2181822239	39.2355434703	39.28317207	39.1332181701	39.1439879054	38.9259588539	38.8168282164	38.8385008014	38.9462258474	39.1573987799	39.1453217419	39.1462275057	39.1118991139	39.118746752	39.105715269	39.089192648	39.0931592363	39.0703694666	39.0332371577	38.9926774563	38.9320399336	38.9204633816	38.8914546579	38.8037832906	38.2243520173
PD_8P_2_bbduk_adapt_filt	38.1637995576	39.0307581238	39.2299276754	39.1903444228	39.3357401462	39.2694200712	39.3652623511	39.3706424952	39.406599495	39.3995727906	39.4451786469	39.4674488778	39.3285227663	39.2283213918	39.2715162888	39.2494877451	39.2509863829	39.2580810359	39.2853534988	39.2780187862	39.2828221726	39.2601162249	39.2498737659	39.1813289094	39.1841006034	39.1149897405	39.1372119403	39.0766422005	39.008551446	38.9473799187	38.8941012595	38.8042349122	38.7603241264	38.673804004	38.6345350162	38.5857544094	38.4660791371	37.8406051191
PD_9P_1_bbduk_adapt_filt	38.5156546813	39.1529070568	39.1119556926	39.1358586831	39.1442309203	39.0789132131	38.9940868613	38.9869011443	39.043068107	38.999299526	39.3447850919	39.419412308	39.2729343535	39.2380348107	39.256675392	39.3096173613	39.1666203959	39.1961835601	38.9857872142	38.8782240516	38.8987330282	38.9933202142	39.2166824842	39.2015490111	39.201064252	39.1655224325	39.1690960287	39.1539278891	39.1410680823	39.1469261318	39.1240392801	39.0916722403	39.0558069373	38.9941685526	38.9846065584	38.9581366694	38.8791317024	38.3217786507
PD_9P_2_bbduk_adapt_filt	37.9262655024	38.9176561957	39.1084345881	39.0866363815	39.2255765	39.153951945	39.2446086605	39.2556568996	39.3097725422	39.3144896164	39.36957736	39.3963310062	39.2201338036	39.1135046174	39.1640717167	39.1462438784	39.1497000107	39.1636597832	39.192180572	39.1895929829	39.1981424601	39.1759780471	39.1685872334	39.1020476795	39.1038601764	39.0360685601	39.0572612263	38.9940431633	38.9243807213	38.8583286595	38.804693398	38.7134048374	38.6659810589	38.5769153729	38.537917778	38.4897447648	38.3642100442	37.7455766239
PD_Extr_neg_plate1_1_bbduk_adapt_filt	36.0054066231	37.320477585	38.2369002027	38.9093038973	37.7901329128	37.8418562739	37.0443793647	37.3630096869	37.7636404596	37.9773612977	38.3929357071	37.4558266024	35.3357399436	35.7719137853	35.3941346736	34.2282699403	25.6365832247	26.0979101455	23.5396609453	21.5160934425	20.9168955039	25.7779965439	31.3510205495	34.2440626353	34.8226419375	35.5519336424	36.7534222944	37.4358310716	37.766693908	37.875066128	38.0051639732	37.9483839645	37.9518798359	37.9928814928	38.0682469447	38.1441380429	38.1510417756	38.1756828696
PD_Extr_neg_plate1_2_bbduk_adapt_filt	37.4965532778	38.8817301194	38.7799053841	38.7829691372	38.953457986	38.7772020725	38.8968686641	38.9127280919	38.9500337914	38.8812445678	38.8426124426	38.9400622893	38.7027203418	38.5660961356	38.1956329181	37.6620013952	38.2890389408	38.6496135209	38.8633244763	38.7149859594	38.2971930894	37.6520208253	37.18674469	37.098707938	37.0082869368	36.6769012527	36.3478050193	35.8573875063	35.1782609153	34.7269119486	34.5604101866	34.15431334	33.7463568793	33.3134572434	33.0740109737	32.7609651925	32.5310757395	32.3108646046
PD_Extr_neg_plate2_1_bbduk_adapt_filt	36.2091351996	37.3861340308	38.4582412369	39.0425051786	38.0296020275	38.1441218335	37.0932614306	37.4233506533	38.067096386	38.2287544499	38.6760439558	37.0979095631	33.9415015939	34.7503541741	33.7428952926	32.4291684005	24.5149946973	26.1244560138	23.0353076242	20.0613769184	19.7340456732	23.9653711659	30.4233549582	33.7149836929	34.4791593318	34.946935992	35.8234577758	36.9133990626	37.6113189725	38.0062748658	38.1328166078	38.1108570426	38.1279248914	38.1434127725	38.2706644987	38.360703419	38.4051144055	38.4779632801
PD_Extr_neg_plate2_2_bbduk_adapt_filt	36.8431138833	38.4422714175	38.851098793	38.9264578246	39.1437862359	39.0827306077	39.1784569451	39.0928216819	39.2021107935	39.2016065646	39.0921229751	39.2331796705	39.1365319011	38.9088584606	38.8345905528	38.90951996	38.7968363939	38.9064402241	39.0622203281	39.0358019714	38.6964862032	38.1409984563	37.7658407394	37.5602619937	37.4361765869	37.2214933822	36.83534852	36.3704764809	35.6561700647	35.1590835456	34.9153226625	34.4274433736	33.800659518	33.2706505354	32.9147595129	32.5635909554	32.2633918815	32.037510262
PD_Extr_neg_plate3_1_bbduk_adapt_filt	36.581880716	37.8813413586	38.6436332369	39.1348393653	38.3644180411	38.5001172516	37.554600172	37.825685922	38.4210114907	38.5078797769	38.8367794997	36.3291264575	32.7632563027	33.2303814501	31.3787931361	30.1540097059	26.5391645196	29.6936066507	28.6571218984	26.5916953832	26.5830220309	28.3357070217	29.1213259126	32.5617182516	33.4310496431	33.7165558411	34.3392494992	35.4270692975	36.6519713666	37.5465515658	37.9339360523	38.0016396601	38.0851197783	38.0959269121	38.1742629975	38.3211611186	38.3463510535	38.5009439071
PD_Extr_neg_plate3_2_bbduk_adapt_filt	36.2148049715	38.875322442	38.988822012	38.9825685922	39.2083170484	39.1501602439	39.263659814	39.2320800438	39.2896115063	39.2379186181	39.1208951896	39.1820595385	38.9828920014	38.6130608093	38.393311215	38.0560007027	38.0746505558	38.6917848046	39.0062793105	38.9584537196	38.8000331397	38.4543045187	38.06102589	37.7448392579	37.5342539462	36.9413634139	35.8604068977	34.524527943	33.2079555647	32.4797161717	32.1620028172	31.6474868129	31.1379764088	30.8526189471	30.7796345984	30.6716368067	30.4134151946	30.3564545717
PD_Extr_pos_plate1_1_bbduk_adapt_filt	37.0844844469	37.9591224452	38.4566535408	38.8955976415	38.1985957456	38.2681000896	37.6811884076	37.7836948143	38.1646352897	38.2046411514	38.8547554073	38.5326198663	37.8337313552	38.0506799457	37.7364776768	37.549193084	33.3160607887	32.8451271805	31.090135905	29.6852844974	29.6330563319	31.628509801	35.3284005225	36.749596754	37.2664392371	37.5930751844	37.9267750528	38.193000631	38.3295129369	38.407433943	38.4048119348	38.3509117459	38.317126139	38.2967438179	38.3620712265	38.3963884715	38.3647770857	38.1443718599
PD_Extr_pos_plate1_2_bbduk_adapt_filt	36.4676542284	37.8285309499	38.066420818	38.1733024981	38.2854761756	38.1485092818	38.2869762694	38.246182053	38.2500572952	38.1965298092	38.190784734	38.2342518208	37.7841654334	37.6020997623	37.7753861662	37.6446886214	37.4834117798	37.564444039	37.670617994	37.6246859752	37.4398170976	37.1189810811	36.8082552629	36.5029740729	36.2750451966	35.9927811343	35.5671775843	34.9879234612	34.3749162545	33.95679957	33.7383671313	33.50114871	33.2558390671	33.0139219219	32.7954510776	32.5137988754	32.2035777383	31.7191646403
PD_Extr_pos_plate2_1_bbduk_adapt_filt	36.2336677944	37.4753074767	38.4645766477	39.1320080735	38.0067666662	38.1058562156	37.1690940509	37.4580568342	38.0609580786	38.1523806677	38.4248330045	37.9615655151	36.8053895749	37.0535015323	36.320290624	35.5718056538	24.4132004077	28.3070264758	24.0106841622	21.4536222432	21.3045435634	26.9768258748	33.3735124445	35.5100225274	36.0612348101	36.5597114395	37.2616269494	37.8527464208	38.1338537645	38.2846703381	38.3415442434	38.3062128963	38.3241455948	38.3407577902	38.4299101896	38.4909408417	38.5146322896	38.5981384375
PD_Extr_pos_plate2_2_bbduk_adapt_filt	37.5083566875	38.9216315507	38.9736738932	39.0447093673	39.1532083581	39.0875165173	39.2008944778	39.1569837513	39.2321431164	39.1228886234	39.0040809585	39.1219871877	39.0154644708	38.8705315164	38.5451785741	38.2758360937	38.4079838862	38.730235685	38.9458614421	38.9542210522	38.6757972972	38.2004010704	37.7958093529	37.5199560387	37.3758923072	37.1878962175	36.8183276702	36.353292429	35.6750502295	35.2723300008	35.2095496105	35.0129958667	34.7188186761	34.3853550098	34.0445440434	33.7333205563	33.3549657681	33.1158780881
PD_Extr_pos_plate3_1_bbduk_adapt_filt	38.6515052247	39.1992201835	39.175435284	39.165230804	39.1794060589	39.1154115615	39.0304217866	39.0125036112	39.0422326062	38.9886361776	39.3390264513	39.4189163318	39.2687836303	39.2260106595	39.244159147	39.2944815437	39.1640945206	39.1645253516	38.9231921578	38.8370168081	38.8694388138	38.9919913113	39.1687900963	39.1419340253	39.1341217124	39.0931277481	39.0941323388	39.0754350248	39.0556146155	39.0575653085	39.0323291989	38.9923049578	38.9541302401	38.8856171982	38.8691771035	38.8397661424	38.7508655186	38.1365648629
PD_Extr_pos_plate3_2_bbduk_adapt_filt	38.0647440752	38.9414512991	39.1591376448	39.1323466258	39.2807793622	39.2217572063	39.3185372159	39.3243123724	39.3591705808	39.3562661922	39.4011999349	39.4214528627	39.258928197	39.1543590487	39.1977662408	39.1737722415	39.176050424	39.1840670488	39.2140879556	39.2082762647	39.2177645946	39.1979591395	39.1901170412	39.1240598892	39.1235177024	39.0543534961	39.0774298609	39.0139022789	38.9451725174	38.8855179338	38.8341090314	38.7462977836	38.7041516152	38.619924708	38.5831603584	38.5371171571	38.418353271	37.8038361132
PD_Lib_neg_plate1_1_bbduk_adapt_filt	35.8617724868	37.2858465608	38.0961640212	38.9373015873	37.5882275132	37.7332010582	36.8261904762	37.1105820106	37.6395502646	37.900062132	38.606314066	37.307799049	34.987791772	34.7570133379	34.6966107383	33.1292515931	29.0751049906	30.2989281079	27.7180399977	25.9858674747	26.0684899878	29.568865386	32.1438492718	34.4663880067	34.9309269241	35.1806327879	35.990020647	36.828011505	37.362810729	37.6644197966	37.7769083438	37.7963311137	37.8054555311	37.8558169004	37.9473866145	38.0434892074	38.0512245386	38.0883437712
PD_Lib_neg_plate1_2_bbduk_adapt_filt	36.5457671958	38.6436507937	38.6002645503	38.5682539683	38.7928571429	38.7554232804	38.7968253968	38.7216931217	38.8330687831	38.9107382699	38.7766120304	38.9081386111	38.6908817015	38.6067461612	38.473854959	38.473424913	38.570578598	38.6822806329	38.9005902369	38.8941405092	38.6648345787	38.2099247154	37.7718357311	37.5382646679	37.3969981708	37.2401979261	36.9048780853	36.3423974926	35.5234036267	35.0750503116	34.7927430325	34.379899362	33.8331510486	33.2785466623	32.9083708608	32.589785681	32.2526648821	32.0557600748
PD_Lib_neg_plate2_1_bbduk_adapt_filt	36.7331400966	37.798647343	38.6086956522	39.1435748792	38.3744927536	38.4367149758	37.3225120773	37.715942029	38.2828985507	38.3771804958	38.8832985283	37.1301622947	34.6637642447	35.7459808619	34.0448444257	33.9298734555	29.2820390699	32.5270067738	31.5082770994	29.6410456515	29.3827990912	30.9106593135	31.9706642106	34.7651679328	35.4155443957	35.6414274697	36.4984104833	37.3448357107	37.9272517457	38.2132489067	38.3764506422	38.463806925	38.4581476564	38.4028629196	38.4933709791	38.5544493318	38.6286069538	38.6521726201
PD_Lib_neg_plate2_2_bbduk_adapt_filt	36.5712077295	38.835942029	39.0461835749	39.1543961353	39.2765217391	39.2421256039	39.3317874396	39.2942995169	39.3225120773	39.1977929534	39.0684201695	39.1589956781	38.9865243989	38.6104927328	37.6265233348	37.3011213812	38.0147202689	38.6513282322	38.9909152548	38.9435856251	38.6844313419	38.1847777844	37.7818968697	37.6482825891	37.4765331225	37.0151175813	36.3860901584	35.4556067556	34.3257883656	33.8021719428	33.6316803718	33.3146295837	32.8696989134	32.5748381324	32.4304614225	32.2560706044	32.0147691318	31.8235565358
PD_Lib_pos_plate1_1_bbduk_adapt_filt	38.8124526237	39.2721246528	39.2414526197	39.2167865385	39.2206521943	39.1520675321	39.0446359406	39.040750878	39.0806892105	39.0265002855	39.3830797322	39.4656268127	39.341327607	39.3110535119	39.3357241775	39.3915088829	39.2627156701	39.2934249568	39.0858065829	38.9979683508	39.0182423808	39.1065050081	39.3120771183	39.294262048	39.2881829309	39.2500593041	39.2485056236	39.2307048198	39.2109627447	39.2165859549	39.1910312393	39.1566352469	39.1200523299	39.0577428925	39.0447469251	39.0236109798	38.9438423415	38.3925049105
PD_Lib_pos_plate1_2_bbduk_adapt_filt	37.7211566563	38.82320678	39.0555684549	39.0605643275	39.1879156441	39.1437891328	39.2349291524	39.2444495888	39.2891342775	39.2905778122	39.3502391543	39.3754803653	39.1865785771	39.0829167466	39.1337282783	39.1178620243	39.1273786314	39.141926279	39.1780188327	39.1800718016	39.1939176464	39.1801552202	39.1766968719	39.1167732419	39.1280829426	39.0636274996	39.0902182325	39.0335431817	38.9710501226	38.9149806802	38.8668913122	38.7814592931	38.7452354913	38.652962178	38.6222447064	38.5849368084	38.4675490826	37.8821411373
PD_Lib_pos_plate2_1_bbduk_adapt_filt	38.5807230158	39.1206534138	39.082889517	39.0725307779	39.0711212149	38.9973040655	38.8958484449	38.9067367382	38.9442586083	38.8975713156	39.2762407378	39.3678200676	39.1943955489	39.153487421	39.1835966983	39.2361911765	39.0963581244	39.1183175436	38.9000390287	38.785948373	38.8074600583	38.9054682921	39.1308945926	39.113768036	39.1079456513	39.0699431861	39.0707515486	39.0519264231	39.0332548074	39.0368312951	39.0134612714	38.975148066	38.9356254779	38.8711908978	38.8552886067	38.8301391169	38.7446702454	38.1731039811
PD_Lib_pos_plate2_2_bbduk_adapt_filt	37.1760353959	38.3707475016	38.6656617722	38.715875518	38.872597432	38.8457489356	38.9400531539	38.9570850508	39.019833839	39.0440570483	39.1174990079	39.1546309795	38.8604561201	38.7421021753	38.7982987952	38.7847659732	38.7997375729	38.8226943099	38.8614286841	38.8676453888	38.8915735105	38.8820669876	38.883201397	38.8251516536	38.831025101	38.7649728541	38.7868910974	38.7248211275	38.6570997207	38.5989997251	38.5464598747	38.4523572292	38.4127575209	38.3190163116	38.2853502751	38.2390006817	38.1166694392	37.5293640868
