	16.0	17.0	18.0	19.0	20.0	21.0	22.0	23.0	24.0	25.0	26.0	27.0	28.0	29.0	30.0	31.0	32.0	33.0	34.0	35.0	36.0	37.0	38.0	39.0	40.0
PD_100P_1_bbduk_adapt_filt	3.0	29.0	234.0	902.0	1872.0	2667.0	3115.0	3431.0	3797.0	4262.0	4803.0	5473.0	6546.0	7471.0	9263.0	11125.0	14315.0	18929.0	26828.0	40163.0	68986.0	122833.0	313692.0	1926675.0	795150.0
	14.0	15.0	16.0	17.0	18.0	19.0	20.0	21.0	22.0	23.0	24.0	25.0	26.0	27.0	28.0	29.0	30.0	31.0	32.0	33.0	34.0	35.0	36.0	37.0	38.0	39.0	40.0
PD_100P_2_bbduk_adapt_filt	4.0	64.0	503.0	2082.0	4214.0	6228.0	8348.0	8879.0	8659.0	7845.0	7575.0	7106.0	7292.0	7236.0	7781.0	8606.0	9770.0	11083.0	13414.0	17189.0	23213.0	34974.0	60242.0	116217.0	333544.0	1968745.0	711751.0
	16.0	17.0	18.0	19.0	20.0	21.0	22.0	23.0	24.0	25.0	26.0	27.0	28.0	29.0	30.0	31.0	32.0	33.0	34.0	35.0	36.0	37.0	38.0	39.0	40.0
PD_104P_1_bbduk_adapt_filt	4.0	50.0	399.0	1371.0	2809.0	4098.0	4855.0	5327.0	6065.0	6510.0	7524.0	8556.0	10155.0	12315.0	14800.0	17919.0	23265.0	30208.0	43070.0	64402.0	108175.0	182493.0	442661.0	2698043.0	1431817.0
	14.0	15.0	16.0	17.0	18.0	19.0	20.0	21.0	22.0	23.0	24.0	25.0	26.0	27.0	28.0	29.0	30.0	31.0	32.0	33.0	34.0	35.0	36.0	37.0	38.0	39.0	40.0
PD_104P_2_bbduk_adapt_filt	7.0	64.0	561.0	2221.0	4389.0	5459.0	6589.0	6622.0	6322.0	5981.0	6207.0	6190.0	6656.0	7232.0	8406.0	9642.0	11353.0	13006.0	16527.0	21123.0	30050.0	45042.0	77729.0	143154.0	404044.0	2756793.0	1525522.0
	17.0	18.0	19.0	20.0	21.0	22.0	23.0	24.0	25.0	26.0	27.0	28.0	29.0	30.0	31.0	32.0	33.0	34.0	35.0	36.0	37.0	38.0	39.0	40.0
PD_105P_1_bbduk_adapt_filt	26.0	190.0	667.0	1295.0	1922.0	2416.0	2583.0	3144.0	3462.0	4073.0	4556.0	5512.0	6651.0	8196.0	9536.0	12542.0	16283.0	23946.0	36224.0	62534.0	110038.0	282737.0	1874802.0	1038014.0
	14.0	15.0	16.0	17.0	18.0	19.0	20.0	21.0	22.0	23.0	24.0	25.0	26.0	27.0	28.0	29.0	30.0	31.0	32.0	33.0	34.0	35.0	36.0	37.0	38.0	39.0	40.0
PD_105P_2_bbduk_adapt_filt	4.0	34.0	405.0	1649.0	2863.0	3334.0	3621.0	3528.0	3418.0	3215.0	3413.0	3514.0	3631.0	3942.0	4640.0	5416.0	6137.0	7386.0	9002.0	11657.0	16055.0	24095.0	42744.0	82794.0	252924.0	1860156.0	1151772.0
	15.0	16.0	17.0	18.0	19.0	20.0	21.0	22.0	23.0	24.0	25.0	26.0	27.0	28.0	29.0	30.0	31.0	32.0	33.0	34.0	35.0	36.0	37.0	38.0	39.0	40.0
PD_107P_1_bbduk_adapt_filt	1.0	3.0	37.0	155.0	340.0	508.0	536.0	574.0	498.0	577.0	603.0	721.0	662.0	1302.0	2631.0	2668.0	1508.0	1795.0	1950.0	3392.0	5832.0	11878.0	12655.0	5967.0	978.0	11878.0
	13.0	14.0	15.0	16.0	17.0	18.0	19.0	20.0	21.0	22.0	23.0	24.0	25.0	26.0	27.0	28.0	29.0	30.0	31.0	32.0	33.0	34.0	35.0	36.0	37.0	38.0	39.0	40.0
PD_107P_2_bbduk_adapt_filt	2.0	10.0	11.0	53.0	153.0	196.0	158.0	90.0	49.0	70.0	64.0	90.0	137.0	247.0	321.0	482.0	727.0	1145.0	1479.0	1865.0	1729.0	2228.0	3004.0	4521.0	6206.0	8883.0	17316.0	18413.0
	16.0	17.0	18.0	19.0	20.0	21.0	22.0	23.0	24.0	25.0	26.0	27.0	28.0	29.0	30.0	31.0	32.0	33.0	34.0	35.0	36.0	37.0	38.0	39.0	40.0
PD_108S_1_bbduk_adapt_filt	2.0	38.0	367.0	1285.0	2613.0	3670.0	4528.0	5037.0	5655.0	6332.0	7162.0	7998.0	9726.0	11480.0	14172.0	17467.0	22659.0	30346.0	42949.0	65196.0	111009.0	192187.0	478185.0	3049574.0	1647006.0
	14.0	15.0	16.0	17.0	18.0	19.0	20.0	21.0	22.0	23.0	24.0	25.0	26.0	27.0	28.0	29.0	30.0	31.0	32.0	33.0	34.0	35.0	36.0	37.0	38.0	39.0	40.0
PD_108S_2_bbduk_adapt_filt	8.0	77.0	588.0	2471.0	4853.0	5870.0	7071.0	7215.0	7171.0	6816.0	7120.0	7166.0	7501.0	7922.0	9161.0	10321.0	12189.0	13823.0	17503.0	22172.0	30873.0	46529.0	82213.0	156563.0	463571.0	3132097.0	1667779.0
	16.0	17.0	18.0	19.0	20.0	21.0	22.0	23.0	24.0	25.0	26.0	27.0	28.0	29.0	30.0	31.0	32.0	33.0	34.0	35.0	36.0	37.0	38.0	39.0	40.0
PD_109S_1_bbduk_adapt_filt	1.0	42.0	385.0	1370.0	2915.0	3944.0	4469.0	4986.0	5753.0	6235.0	7100.0	7898.0	9607.0	11289.0	14025.0	16987.0	22295.0	29209.0	41725.0	62595.0	105508.0	185390.0	461065.0	2840603.0	1474935.0
	14.0	15.0	16.0	17.0	18.0	19.0	20.0	21.0	22.0	23.0	24.0	25.0	26.0	27.0	28.0	29.0	30.0	31.0	32.0	33.0	34.0	35.0	36.0	37.0	38.0	39.0	40.0
PD_109S_2_bbduk_adapt_filt	6.0	56.0	576.0	2454.0	4835.0	6720.0	8595.0	8860.0	8454.0	7918.0	7966.0	7738.0	7906.0	8398.0	9297.0	10135.0	11913.0	13787.0	17298.0	21860.0	30614.0	46548.0	80859.0	155526.0	448978.0	2911745.0	1481289.0
	16.0	17.0	18.0	19.0	20.0	21.0	22.0	23.0	24.0	25.0	26.0	27.0	28.0	29.0	30.0	31.0	32.0	33.0	34.0	35.0	36.0	37.0	38.0	39.0	40.0
PD_10P_1_bbduk_adapt_filt	4.0	25.0	278.0	972.0	2144.0	3041.0	3645.0	3960.0	4410.0	4930.0	5653.0	6272.0	8332.0	10348.0	11126.0	12489.0	16115.0	20946.0	29597.0	43893.0	74618.0	121870.0	278900.0	1508536.0	808474.0
	13.0	14.0	15.0	16.0	17.0	18.0	19.0	20.0	21.0	22.0	23.0	24.0	25.0	26.0	27.0	28.0	29.0	30.0	31.0	32.0	33.0	34.0	35.0	36.0	37.0	38.0	39.0	40.0
PD_10P_2_bbduk_adapt_filt	2.0	5.0	36.0	340.0	1283.0	2749.0	4146.0	5538.0	5979.0	5939.0	5400.0	5413.0	5294.0	5297.0	5725.0	6430.0	7273.0	8747.0	10205.0	12730.0	15521.0	21195.0	31732.0	53711.0	98052.0	262800.0	1506401.0	892635.0
	16.0	17.0	18.0	19.0	20.0	21.0	22.0	23.0	24.0	25.0	26.0	27.0	28.0	29.0	30.0	31.0	32.0	33.0	34.0	35.0	36.0	37.0	38.0	39.0	40.0
PD_110S_1_bbduk_adapt_filt	3.0	29.0	287.0	1019.0	2131.0	3079.0	3553.0	4061.0	4427.0	4991.0	5950.0	6846.0	8732.0	10629.0	12339.0	14140.0	18736.0	24213.0	34888.0	52112.0	88074.0	152556.0	378003.0	2295514.0	1238623.0
	14.0	15.0	16.0	17.0	18.0	19.0	20.0	21.0	22.0	23.0	24.0	25.0	26.0	27.0	28.0	29.0	30.0	31.0	32.0	33.0	34.0	35.0	36.0	37.0	38.0	39.0	40.0
PD_110S_2_bbduk_adapt_filt	4.0	50.0	450.0	1826.0	3697.0	5002.0	5944.0	6213.0	6129.0	5921.0	5795.0	5979.0	6268.0	6654.0	7602.0	8593.0	10407.0	11983.0	15035.0	18874.0	26047.0	40029.0	69122.0	128838.0	366798.0	2312684.0	1288991.0
	16.0	17.0	18.0	19.0	20.0	21.0	22.0	23.0	24.0	25.0	26.0	27.0	28.0	29.0	30.0	31.0	32.0	33.0	34.0	35.0	36.0	37.0	38.0	39.0	40.0
PD_111P_1_bbduk_adapt_filt	4.0	28.0	199.0	711.0	1543.0	2413.0	2872.0	3346.0	3962.0	4340.0	4939.0	5723.0	6833.0	8381.0	10435.0	12537.0	16322.0	21555.0	31563.0	47910.0	82572.0	144431.0	364283.0	2366704.0	1215329.0
	13.0	14.0	15.0	16.0	17.0	18.0	19.0	20.0	21.0	22.0	23.0	24.0	25.0	26.0	27.0	28.0	29.0	30.0	31.0	32.0	33.0	34.0	35.0	36.0	37.0	38.0	39.0	40.0
PD_111P_2_bbduk_adapt_filt	1.0	2.0	34.0	363.0	1636.0	3278.0	4135.0	4985.0	5276.0	5083.0	4889.0	4996.0	5189.0	5397.0	5588.0	6534.0	7355.0	8869.0	10292.0	12646.0	15818.0	22181.0	33537.0	60115.0	116307.0	348094.0	2396036.0	1270299.0
	17.0	18.0	19.0	20.0	21.0	22.0	23.0	24.0	25.0	26.0	27.0	28.0	29.0	30.0	31.0	32.0	33.0	34.0	35.0	36.0	37.0	38.0	39.0	40.0
PD_112S_1_bbduk_adapt_filt	47.0	180.0	293.0	363.0	394.0	410.0	311.0	414.0	456.0	506.0	500.0	859.0	1415.0	1456.0	1079.0	1529.0	2035.0	3874.0	6398.0	8447.0	5203.0	5065.0	9185.0	19692.0
	13.0	14.0	15.0	16.0	17.0	18.0	19.0	20.0	21.0	22.0	23.0	24.0	25.0	26.0	27.0	28.0	29.0	30.0	31.0	32.0	33.0	34.0	35.0	36.0	37.0	38.0	39.0	40.0
PD_112S_2_bbduk_adapt_filt	1.0	4.0	9.0	47.0	182.0	246.0	203.0	170.0	134.0	128.0	98.0	130.0	156.0	203.0	252.0	373.0	494.0	747.0	1010.0	1160.0	1137.0	1389.0	1991.0	3375.0	4925.0	8425.0	17622.0	25500.0
	16.0	17.0	18.0	19.0	20.0	21.0	22.0	23.0	24.0	25.0	26.0	27.0	28.0	29.0	30.0	31.0	32.0	33.0	34.0	35.0	36.0	37.0	38.0	39.0	40.0
PD_113P_1_bbduk_adapt_filt	7.0	40.0	402.0	1401.0	3068.0	4418.0	5095.0	5670.0	6560.0	7088.0	8032.0	8895.0	10760.0	12733.0	15453.0	18764.0	24139.0	31283.0	44433.0	66962.0	113002.0	194517.0	491004.0	2989359.0	1288581.0
	14.0	15.0	16.0	17.0	18.0	19.0	20.0	21.0	22.0	23.0	24.0	25.0	26.0	27.0	28.0	29.0	30.0	31.0	32.0	33.0	34.0	35.0	36.0	37.0	38.0	39.0	40.0
PD_113P_2_bbduk_adapt_filt	5.0	67.0	598.0	2236.0	4628.0	6420.0	8142.0	8579.0	8314.0	8092.0	8134.0	8316.0	8641.0	9147.0	10468.0	11798.0	13765.0	15961.0	19598.0	25301.0	35925.0	53420.0	93001.0	175810.0	511905.0	3060053.0	1243342.0
	16.0	17.0	18.0	19.0	20.0	21.0	22.0	23.0	24.0	25.0	26.0	27.0	28.0	29.0	30.0	31.0	32.0	33.0	34.0	35.0	36.0	37.0	38.0	39.0	40.0
PD_114P_1_bbduk_adapt_filt	4.0	28.0	257.0	820.0	1798.0	2671.0	3209.0	3658.0	4080.0	4564.0	5197.0	5873.0	7454.0	9416.0	11225.0	12967.0	16679.0	22019.0	31107.0	46633.0	78820.0	132655.0	322187.0	1936156.0	1158709.0
	13.0	14.0	15.0	16.0	17.0	18.0	19.0	20.0	21.0	22.0	23.0	24.0	25.0	26.0	27.0	28.0	29.0	30.0	31.0	32.0	33.0	34.0	35.0	36.0	37.0	38.0	39.0	40.0
PD_114P_2_bbduk_adapt_filt	1.0	2.0	34.0	343.0	1461.0	2937.0	3617.0	4190.0	4520.0	4298.0	3966.0	4276.0	4325.0	4633.0	4926.0	5878.0	6904.0	8106.0	9355.0	12070.0	15283.0	21406.0	32392.0	56054.0	104116.0	297580.0	1943747.0	1261766.0
	16.0	17.0	18.0	19.0	20.0	21.0	22.0	23.0	24.0	25.0	26.0	27.0	28.0	29.0	30.0	31.0	32.0	33.0	34.0	35.0	36.0	37.0	38.0	39.0	40.0
PD_115S_1_bbduk_adapt_filt	2.0	29.0	264.0	845.0	1797.0	2538.0	2982.0	3248.0	3612.0	4200.0	4568.0	5299.0	6435.0	7528.0	9018.0	10818.0	14308.0	18744.0	26638.0	40747.0	69953.0	124152.0	320544.0	2223915.0	1043924.0
	14.0	15.0	16.0	17.0	18.0	19.0	20.0	21.0	22.0	23.0	24.0	25.0	26.0	27.0	28.0	29.0	30.0	31.0	32.0	33.0	34.0	35.0	36.0	37.0	38.0	39.0	40.0
PD_115S_2_bbduk_adapt_filt	1.0	52.0	504.0	2068.0	3782.0	4312.0	4998.0	4844.0	4721.0	4571.0	4580.0	4892.0	5088.0	5525.0	6326.0	7391.0	8565.0	9977.0	12244.0	15461.0	21489.0	32560.0	57016.0	111531.0	344971.0	2369321.0	899318.0
	16.0	17.0	18.0	19.0	20.0	21.0	22.0	23.0	24.0	25.0	26.0	27.0	28.0	29.0	30.0	31.0	32.0	33.0	34.0	35.0	36.0	37.0	38.0	39.0	40.0
PD_116P_1_bbduk_adapt_filt	3.0	72.0	454.0	1764.0	3843.0	5601.0	6222.0	6765.0	7561.0	8417.0	9428.0	10264.0	12717.0	15099.0	18258.0	21562.0	28155.0	36417.0	51628.0	76984.0	128561.0	214904.0	518308.0	3239443.0	1739732.0
	14.0	15.0	16.0	17.0	18.0	19.0	20.0	21.0	22.0	23.0	24.0	25.0	26.0	27.0	28.0	29.0	30.0	31.0	32.0	33.0	34.0	35.0	36.0	37.0	38.0	39.0	40.0
PD_116P_2_bbduk_adapt_filt	4.0	86.0	668.0	2751.0	5113.0	6604.0	7847.0	7708.0	7529.0	7091.0	7242.0	7565.0	7868.0	8800.0	10101.0	11774.0	13895.0	16408.0	20623.0	26364.0	37097.0	56005.0	97003.0	177814.0	508910.0	3408689.0	1700603.0
	16.0	17.0	18.0	19.0	20.0	21.0	22.0	23.0	24.0	25.0	26.0	27.0	28.0	29.0	30.0	31.0	32.0	33.0	34.0	35.0	36.0	37.0	38.0	39.0	40.0
PD_117_1_bbduk_adapt_filt	2.0	25.0	187.0	712.0	1552.0	2259.0	2722.0	3051.0	3608.0	4155.0	4733.0	5298.0	6429.0	7709.0	9575.0	11662.0	15444.0	20877.0	30046.0	46646.0	80944.0	145277.0	375626.0	2436209.0	1189006.0
	14.0	15.0	16.0	17.0	18.0	19.0	20.0	21.0	22.0	23.0	24.0	25.0	26.0	27.0	28.0	29.0	30.0	31.0	32.0	33.0	34.0	35.0	36.0	37.0	38.0	39.0	40.0
PD_117_2_bbduk_adapt_filt	3.0	70.0	462.0	1924.0	3700.0	4849.0	5807.0	5996.0	5781.0	5425.0	5548.0	5679.0	5823.0	5999.0	6878.0	7720.0	8866.0	10128.0	12813.0	16140.0	22453.0	34088.0	60960.0	120331.0	369765.0	2499034.0	1177512.0
	16.0	17.0	18.0	19.0	20.0	21.0	22.0	23.0	24.0	25.0	26.0	27.0	28.0	29.0	30.0	31.0	32.0	33.0	34.0	35.0	36.0	37.0	38.0	39.0	40.0
PD_118_1_bbduk_adapt_filt	1.0	22.0	224.0	732.0	1620.0	2254.0	2591.0	2815.0	3439.0	3852.0	4415.0	5005.0	6075.0	7208.0	9031.0	10822.0	14483.0	19687.0	28199.0	44173.0	76292.0	140180.0	373105.0	2497107.0	1264877.0
	14.0	15.0	16.0	17.0	18.0	19.0	20.0	21.0	22.0	23.0	24.0	25.0	26.0	27.0	28.0	29.0	30.0	31.0	32.0	33.0	34.0	35.0	36.0	37.0	38.0	39.0	40.0
PD_118_2_bbduk_adapt_filt	3.0	70.0	525.0	2114.0	4290.0	6216.0	8252.0	8764.0	8748.0	8190.0	7821.0	7569.0	7786.0	7641.0	8162.0	9059.0	10015.0	11430.0	14161.0	18044.0	24910.0	37159.0	65711.0	129914.0	392525.0	2506559.0	1212571.0
	16.0	17.0	18.0	19.0	20.0	21.0	22.0	23.0	24.0	25.0	26.0	27.0	28.0	29.0	30.0	31.0	32.0	33.0	34.0	35.0	36.0	37.0	38.0	39.0	40.0
PD_119P_1_bbduk_adapt_filt	2.0	63.0	454.0	1497.0	3068.0	4244.0	4835.0	5175.0	5821.0	6473.0	7045.0	7964.0	9405.0	11369.0	13743.0	16316.0	20942.0	27292.0	38395.0	57609.0	94205.0	157174.0	374778.0	2252708.0	1292895.0
	14.0	15.0	16.0	17.0	18.0	19.0	20.0	21.0	22.0	23.0	24.0	25.0	26.0	27.0	28.0	29.0	30.0	31.0	32.0	33.0	34.0	35.0	36.0	37.0	38.0	39.0	40.0
PD_119P_2_bbduk_adapt_filt	3.0	53.0	501.0	2187.0	4496.0	5901.0	7309.0	7389.0	7468.0	6781.0	7089.0	7145.0	7556.0	7819.0	8949.0	10263.0	12025.0	13636.0	16787.0	21325.0	29508.0	43791.0	74836.0	135712.0	378927.0	2348008.0	1248008.0
	16.0	17.0	18.0	19.0	20.0	21.0	22.0	23.0	24.0	25.0	26.0	27.0	28.0	29.0	30.0	31.0	32.0	33.0	34.0	35.0	36.0	37.0	38.0	39.0	40.0
PD_11P_1_bbduk_adapt_filt	2.0	39.0	361.0	1324.0	2633.0	3753.0	4604.0	4863.0	5621.0	6155.0	7205.0	7849.0	9629.0	11560.0	14050.0	16363.0	21209.0	27436.0	39050.0	57696.0	97627.0	165200.0	395329.0	2304726.0	1263476.0
	12.0	13.0	14.0	15.0	16.0	17.0	18.0	19.0	20.0	21.0	22.0	23.0	24.0	25.0	26.0	27.0	28.0	29.0	30.0	31.0	32.0	33.0	34.0	35.0	36.0	37.0	38.0	39.0	40.0
PD_11P_2_bbduk_adapt_filt	1.0	1.0	6.0	44.0	537.0	2343.0	4526.0	6243.0	7609.0	8034.0	7822.0	7399.0	7444.0	7469.0	7612.0	7882.0	8916.0	10113.0	11924.0	13564.0	17239.0	21279.0	29609.0	43943.0	75610.0	139411.0	386473.0	2321130.0	1313577.0
	16.0	17.0	18.0	19.0	20.0	21.0	22.0	23.0	24.0	25.0	26.0	27.0	28.0	29.0	30.0	31.0	32.0	33.0	34.0	35.0	36.0	37.0	38.0	39.0	40.0
PD_120S_1_bbduk_adapt_filt	3.0	36.0	287.0	994.0	2155.0	3173.0	3705.0	4052.0	4643.0	5196.0	5611.0	6412.0	7830.0	9435.0	11138.0	13438.0	17418.0	22505.0	32148.0	47821.0	79000.0	133075.0	317286.0	1838929.0	1025570.0
	14.0	15.0	16.0	17.0	18.0	19.0	20.0	21.0	22.0	23.0	24.0	25.0	26.0	27.0	28.0	29.0	30.0	31.0	32.0	33.0	34.0	35.0	36.0	37.0	38.0	39.0	40.0
PD_120S_2_bbduk_adapt_filt	7.0	50.0	439.0	1776.0	3630.0	4963.0	6210.0	6489.0	6387.0	5912.0	5880.0	6127.0	6285.0	6508.0	7476.0	8323.0	9966.0	11353.0	14146.0	17873.0	25188.0	37651.0	63942.0	117144.0	321599.0	1900155.0	996381.0
	16.0	17.0	18.0	19.0	20.0	21.0	22.0	23.0	24.0	25.0	26.0	27.0	28.0	29.0	30.0	31.0	32.0	33.0	34.0	35.0	36.0	37.0	38.0	39.0	40.0
PD_121S_1_bbduk_adapt_filt	3.0	55.0	489.0	1658.0	3530.0	4939.0	5788.0	6471.0	7610.0	8261.0	9525.0	10347.0	12662.0	15172.0	18348.0	21863.0	28148.0	36694.0	52020.0	78455.0	132176.0	227753.0	561378.0	3381013.0	1577963.0
	14.0	15.0	16.0	17.0	18.0	19.0	20.0	21.0	22.0	23.0	24.0	25.0	26.0	27.0	28.0	29.0	30.0	31.0	32.0	33.0	34.0	35.0	36.0	37.0	38.0	39.0	40.0
PD_121S_2_bbduk_adapt_filt	2.0	69.0	560.0	2436.0	5004.0	7214.0	9339.0	10077.0	9975.0	9511.0	9772.0	9718.0	10413.0	10742.0	11932.0	13568.0	15617.0	17946.0	22418.0	28479.0	39310.0	59680.0	103839.0	195854.0	560289.0	3418668.0	1619889.0
	17.0	18.0	19.0	20.0	21.0	22.0	23.0	24.0	25.0	26.0	27.0	28.0	29.0	30.0	31.0	32.0	33.0	34.0	35.0	36.0	37.0	38.0	39.0	40.0
PD_122S_1_bbduk_adapt_filt	30.0	295.0	1082.0	2478.0	3739.0	4179.0	4846.0	5570.0	6002.0	6948.0	7757.0	9254.0	11182.0	13475.0	16140.0	21276.0	27699.0	39719.0	59233.0	99956.0	168490.0	408245.0	2538486.0	1410865.0
	14.0	15.0	16.0	17.0	18.0	19.0	20.0	21.0	22.0	23.0	24.0	25.0	26.0	27.0	28.0	29.0	30.0	31.0	32.0	33.0	34.0	35.0	36.0	37.0	38.0	39.0	40.0
PD_122S_2_bbduk_adapt_filt	7.0	64.0	438.0	1903.0	3800.0	4839.0	5708.0	6012.0	5607.0	5305.0	5617.0	5604.0	6112.0	6349.0	7334.0	8261.0	10006.0	11565.0	14522.0	18549.0	26065.0	39561.0	68953.0	129899.0	375035.0	2606350.0	1493481.0
	17.0	18.0	19.0	20.0	21.0	22.0	23.0	24.0	25.0	26.0	27.0	28.0	29.0	30.0	31.0	32.0	33.0	34.0	35.0	36.0	37.0	38.0	39.0	40.0
PD_123P_1_bbduk_adapt_filt	65.0	601.0	2179.0	4696.0	6315.0	7060.0	7530.0	8241.0	9062.0	10117.0	10876.0	13174.0	15355.0	18195.0	21759.0	27955.0	36121.0	50182.0	74169.0	121899.0	203878.0	484716.0	2940042.0	1547027.0
	13.0	14.0	15.0	16.0	17.0	18.0	19.0	20.0	21.0	22.0	23.0	24.0	25.0	26.0	27.0	28.0	29.0	30.0	31.0	32.0	33.0	34.0	35.0	36.0	37.0	38.0	39.0	40.0
PD_123P_2_bbduk_adapt_filt	2.0	11.0	78.0	642.0	2791.0	5653.0	8370.0	10689.0	11006.0	10418.0	9908.0	10040.0	10026.0	10361.0	10732.0	12195.0	13723.0	15984.0	18547.0	22985.0	29152.0	40332.0	59578.0	101302.0	183751.0	506277.0	3108136.0	1408525.0
	16.0	17.0	18.0	19.0	20.0	21.0	22.0	23.0	24.0	25.0	26.0	27.0	28.0	29.0	30.0	31.0	32.0	33.0	34.0	35.0	36.0	37.0	38.0	39.0	40.0
PD_126P_1_bbduk_adapt_filt	2.0	52.0	410.0	1350.0	2723.0	3934.0	4973.0	5567.0	6376.0	7341.0	8186.0	9261.0	11059.0	13096.0	16242.0	19442.0	25633.0	32716.0	47022.0	70554.0	119196.0	203817.0	504391.0	3069411.0	1575154.0
	13.0	14.0	15.0	16.0	17.0	18.0	19.0	20.0	21.0	22.0	23.0	24.0	25.0	26.0	27.0	28.0	29.0	30.0	31.0	32.0	33.0	34.0	35.0	36.0	37.0	38.0	39.0	40.0
PD_126P_2_bbduk_adapt_filt	2.0	11.0	83.0	676.0	2707.0	5553.0	6767.0	8122.0	8445.0	8125.0	7760.0	8037.0	8157.0	8796.0	9197.0	10302.0	11914.0	13737.0	16069.0	20035.0	25396.0	34956.0	52554.0	90731.0	171328.0	494595.0	3104019.0	1629834.0
	16.0	17.0	18.0	19.0	20.0	21.0	22.0	23.0	24.0	25.0	26.0	27.0	28.0	29.0	30.0	31.0	32.0	33.0	34.0	35.0	36.0	37.0	38.0	39.0	40.0
PD_127S_1_bbduk_adapt_filt	4.0	59.0	589.0	1967.0	4278.0	5797.0	6676.0	7131.0	7971.0	8662.0	9942.0	10615.0	12771.0	15011.0	18026.0	21450.0	27668.0	35756.0	50642.0	75174.0	125915.0	215816.0	534926.0	3199140.0	1447316.0
	14.0	15.0	16.0	17.0	18.0	19.0	20.0	21.0	22.0	23.0	24.0	25.0	26.0	27.0	28.0	29.0	30.0	31.0	32.0	33.0	34.0	35.0	36.0	37.0	38.0	39.0	40.0
PD_127S_2_bbduk_adapt_filt	6.0	69.0	615.0	2563.0	5416.0	7840.0	10131.0	10630.0	10199.0	9715.0	9672.0	9754.0	9779.0	10285.0	11483.0	12974.0	15044.0	17336.0	21559.0	27351.0	38077.0	56873.0	98830.0	185639.0	530541.0	3261066.0	1469855.0
	16.0	17.0	18.0	19.0	20.0	21.0	22.0	23.0	24.0	25.0	26.0	27.0	28.0	29.0	30.0	31.0	32.0	33.0	34.0	35.0	36.0	37.0	38.0	39.0	40.0
PD_128S_1_bbduk_adapt_filt	2.0	43.0	326.0	1244.0	2622.0	3686.0	4528.0	4929.0	5572.0	6140.0	7035.0	7714.0	9618.0	11340.0	13971.0	16955.0	21826.0	29121.0	41579.0	63008.0	105830.0	183463.0	453726.0	2823275.0	1495259.0
	14.0	15.0	16.0	17.0	18.0	19.0	20.0	21.0	22.0	23.0	24.0	25.0	26.0	27.0	28.0	29.0	30.0	31.0	32.0	33.0	34.0	35.0	36.0	37.0	38.0	39.0	40.0
PD_128S_2_bbduk_adapt_filt	7.0	72.0	567.0	2347.0	4723.0	6422.0	8092.0	8472.0	8183.0	7714.0	7893.0	8010.0	8507.0	8727.0	9932.0	11143.0	12854.0	14669.0	18378.0	22870.0	32054.0	47702.0	82625.0	156421.0	451709.0	2867959.0	1504760.0
	16.0	17.0	18.0	19.0	20.0	21.0	22.0	23.0	24.0	25.0	26.0	27.0	28.0	29.0	30.0	31.0	32.0	33.0	34.0	35.0	36.0	37.0	38.0	39.0	40.0
PD_129P_1_bbduk_adapt_filt	2.0	53.0	330.0	1090.0	2027.0	2619.0	3318.0	3648.0	4132.0	4758.0	5287.0	6022.0	7146.0	8776.0	10383.0	12237.0	15638.0	20252.0	28660.0	43010.0	72044.0	123681.0	310194.0	1783060.0	845970.0
	14.0	15.0	16.0	17.0	18.0	19.0	20.0	21.0	22.0	23.0	24.0	25.0	26.0	27.0	28.0	29.0	30.0	31.0	32.0	33.0	34.0	35.0	36.0	37.0	38.0	39.0	40.0
PD_129P_2_bbduk_adapt_filt	5.0	44.0	396.0	1639.0	3319.0	4332.0	5436.0	5693.0	5622.0	5239.0	5318.0	5316.0	5511.0	5640.0	6450.0	7375.0	8557.0	9826.0	12411.0	15316.0	20707.0	30910.0	53347.0	97750.0	276500.0	1686674.0	1035004.0
	16.0	17.0	18.0	19.0	20.0	21.0	22.0	23.0	24.0	25.0	26.0	27.0	28.0	29.0	30.0	31.0	32.0	33.0	34.0	35.0	36.0	37.0	38.0	39.0	40.0
PD_12P_1_bbduk_adapt_filt	4.0	40.0	293.0	899.0	1796.0	2503.0	3040.0	3295.0	3809.0	4182.0	4758.0	5294.0	6472.0	8191.0	9916.0	11715.0	14838.0	19362.0	27758.0	42536.0	71533.0	119334.0	287694.0	1740454.0	1008597.0
	13.0	14.0	15.0	16.0	17.0	18.0	19.0	20.0	21.0	22.0	23.0	24.0	25.0	26.0	27.0	28.0	29.0	30.0	31.0	32.0	33.0	34.0	35.0	36.0	37.0	38.0	39.0	40.0
PD_12P_2_bbduk_adapt_filt	1.0	3.0	30.0	380.0	1535.0	2957.0	3625.0	4246.0	4254.0	4208.0	3847.0	4080.0	4226.0	4363.0	4587.0	5359.0	6312.0	7507.0	8687.0	11021.0	13416.0	18475.0	28185.0	49001.0	91214.0	263336.0	1759589.0	1093869.0
	17.0	18.0	19.0	20.0	21.0	22.0	23.0	24.0	25.0	26.0	27.0	28.0	29.0	30.0	31.0	32.0	33.0	34.0	35.0	36.0	37.0	38.0	39.0	40.0
PD_130S_1_bbduk_adapt_filt	18.0	199.0	661.0	1493.0	2178.0	2590.0	2904.0	3288.0	3720.0	4275.0	4561.0	5586.0	6778.0	8472.0	10212.0	13513.0	18085.0	26291.0	40405.0	70043.0	126232.0	331346.0	2208826.0	1072598.0
	14.0	15.0	16.0	17.0	18.0	19.0	20.0	21.0	22.0	23.0	24.0	25.0	26.0	27.0	28.0	29.0	30.0	31.0	32.0	33.0	34.0	35.0	36.0	37.0	38.0	39.0	40.0
PD_130S_2_bbduk_adapt_filt	7.0	45.0	465.0	1795.0	3731.0	4785.0	5948.0	6208.0	6067.0	5580.0	5564.0	5735.0	5890.0	5875.0	6542.0	7383.0	8595.0	9785.0	11919.0	15048.0	21126.0	31718.0	55974.0	108894.0	328157.0	2206029.0	1095409.0
	17.0	18.0	19.0	20.0	21.0	22.0	23.0	24.0	25.0	26.0	27.0	28.0	29.0	30.0	31.0	32.0	33.0	34.0	35.0	36.0	37.0	38.0	39.0	40.0
PD_131P_1_bbduk_adapt_filt	32.0	367.0	1288.0	2616.0	3682.0	4260.0	4657.0	5278.0	5731.0	6346.0	7224.0	8822.0	10735.0	13377.0	15119.0	19656.0	25478.0	36079.0	54472.0	91170.0	153001.0	369527.0	2221018.0	1386266.0
	14.0	15.0	16.0	17.0	18.0	19.0	20.0	21.0	22.0	23.0	24.0	25.0	26.0	27.0	28.0	29.0	30.0	31.0	32.0	33.0	34.0	35.0	36.0	37.0	38.0	39.0	40.0
PD_131P_2_bbduk_adapt_filt	5.0	45.0	399.0	1761.0	3678.0	5071.0	6388.0	6581.0	6390.0	5975.0	6140.0	6217.0	6472.0	6755.0	7751.0	8924.0	10434.0	12425.0	15214.0	19382.0	26919.0	40516.0	70166.0	128268.0	362900.0	2325174.0	1356251.0
	16.0	17.0	18.0	19.0	20.0	21.0	22.0	23.0	24.0	25.0	26.0	27.0	28.0	29.0	30.0	31.0	32.0	33.0	34.0	35.0	36.0	37.0	38.0	39.0	40.0
PD_134S_1_bbduk_adapt_filt	2.0	58.0	455.0	1513.0	3304.0	4745.0	5812.0	6276.0	7257.0	7711.0	9037.0	9984.0	12189.0	14573.0	18010.0	21712.0	28659.0	37178.0	53655.0	80360.0	135704.0	232023.0	573466.0	3564182.0	1927369.0
	13.0	14.0	15.0	16.0	17.0	18.0	19.0	20.0	21.0	22.0	23.0	24.0	25.0	26.0	27.0	28.0	29.0	30.0	31.0	32.0	33.0	34.0	35.0	36.0	37.0	38.0	39.0	40.0
PD_134S_2_bbduk_adapt_filt	1.0	12.0	85.0	803.0	3329.0	6702.0	8560.0	10390.0	10819.0	10420.0	9749.0	10058.0	10110.0	10518.0	11301.0	12809.0	14357.0	16954.0	19390.0	24431.0	30418.0	42480.0	63669.0	110070.0	207605.0	596839.0	3674476.0	1838879.0
	15.0	16.0	17.0	18.0	19.0	20.0	21.0	22.0	23.0	24.0	25.0	26.0	27.0	28.0	29.0	30.0	31.0	32.0	33.0	34.0	35.0	36.0	37.0	38.0	39.0	40.0
PD_137P_1_bbduk_adapt_filt	1.0	0.0	56.0	571.0	1986.0	4117.0	5677.0	6235.0	6511.0	7266.0	7793.0	8721.0	9620.0	11624.0	13492.0	16479.0	19378.0	24901.0	31715.0	44671.0	66706.0	109889.0	184569.0	444097.0	2757024.0	1373385.0
	14.0	15.0	16.0	17.0	18.0	19.0	20.0	21.0	22.0	23.0	24.0	25.0	26.0	27.0	28.0	29.0	30.0	31.0	32.0	33.0	34.0	35.0	36.0	37.0	38.0	39.0	40.0
PD_137P_2_bbduk_adapt_filt	3.0	64.0	579.0	2492.0	5115.0	6831.0	8567.0	8710.0	8203.0	7760.0	7980.0	8259.0	8707.0	9157.0	10590.0	11892.0	13883.0	16075.0	20121.0	25500.0	35189.0	52566.0	90211.0	164996.0	464834.0	2909042.0	1259158.0
	17.0	18.0	19.0	20.0	21.0	22.0	23.0	24.0	25.0	26.0	27.0	28.0	29.0	30.0	31.0	32.0	33.0	34.0	35.0	36.0	37.0	38.0	39.0	40.0
PD_138S_1_bbduk_adapt_filt	14.0	138.0	430.0	810.0	1158.0	1428.0	1681.0	1965.0	2215.0	2577.0	3060.0	3739.0	4614.0	5830.0	7095.0	9673.0	13223.0	20087.0	31076.0	55085.0	100656.0	269635.0	1870582.0	1158646.0
	14.0	15.0	16.0	17.0	18.0	19.0	20.0	21.0	22.0	23.0	24.0	25.0	26.0	27.0	28.0	29.0	30.0	31.0	32.0	33.0	34.0	35.0	36.0	37.0	38.0	39.0	40.0
PD_138S_2_bbduk_adapt_filt	5.0	29.0	320.0	1194.0	2365.0	2821.0	3134.0	3025.0	3028.0	2782.0	3000.0	3082.0	3152.0	3367.0	3783.0	4268.0	5203.0	5707.0	7355.0	9357.0	13202.0	20210.0	37696.0	74633.0	242045.0	1891566.0	1219088.0
	17.0	18.0	19.0	20.0	21.0	22.0	23.0	24.0	25.0	26.0	27.0	28.0	29.0	30.0	31.0	32.0	33.0	34.0	35.0	36.0	37.0	38.0	39.0	40.0
PD_13P_1_bbduk_adapt_filt	45.0	427.0	1274.0	2578.0	3558.0	4238.0	4633.0	5182.0	5862.0	6377.0	7306.0	8878.0	10969.0	13692.0	15689.0	20033.0	25915.0	37225.0	55325.0	94440.0	160426.0	389626.0	2309057.0	1253833.0
	14.0	15.0	16.0	17.0	18.0	19.0	20.0	21.0	22.0	23.0	24.0	25.0	26.0	27.0	28.0	29.0	30.0	31.0	32.0	33.0	34.0	35.0	36.0	37.0	38.0	39.0	40.0
PD_13P_2_bbduk_adapt_filt	2.0	51.0	452.0	1903.0	3778.0	5033.0	6371.0	6629.0	6559.0	6303.0	6497.0	6559.0	6824.0	7121.0	8274.0	9261.0	11046.0	12683.0	15603.0	20119.0	27407.0	41713.0	71869.0	135080.0	385733.0	2378620.0	1255098.0
	16.0	17.0	18.0	19.0	20.0	21.0	22.0	23.0	24.0	25.0	26.0	27.0	28.0	29.0	30.0	31.0	32.0	33.0	34.0	35.0	36.0	37.0	38.0	39.0	40.0
PD_140S_1_bbduk_adapt_filt	1.0	79.0	681.0	2294.0	4808.0	6448.0	7571.0	8270.0	8940.0	9894.0	11295.0	12212.0	14671.0	17423.0	21777.0	25686.0	33346.0	43128.0	60078.0	89722.0	149970.0	253228.0	613366.0	3740253.0	1830209.0
	12.0	13.0	14.0	15.0	16.0	17.0	18.0	19.0	20.0	21.0	22.0	23.0	24.0	25.0	26.0	27.0	28.0	29.0	30.0	31.0	32.0	33.0	34.0	35.0	36.0	37.0	38.0	39.0	40.0
PD_140S_2_bbduk_adapt_filt	1.0	0.0	2.0	68.0	717.0	2963.0	5958.0	7965.0	9959.0	10277.0	9791.0	9361.0	9717.0	10174.0	10516.0	11114.0	12715.0	14628.0	17130.0	19673.0	24872.0	31312.0	44513.0	66384.0	115127.0	215946.0	616506.0	3852943.0	1835018.0
	16.0	17.0	18.0	19.0	20.0	21.0	22.0	23.0	24.0	25.0	26.0	27.0	28.0	29.0	30.0	31.0	32.0	33.0	34.0	35.0	36.0	37.0	38.0	39.0	40.0
PD_141P_1_bbduk_adapt_filt	3.0	69.0	614.0	2125.0	4627.0	6580.0	7365.0	7687.0	8803.0	9370.0	10432.0	11526.0	13969.0	16349.0	19850.0	23646.0	29938.0	39201.0	55037.0	82011.0	135632.0	231840.0	563590.0	3538929.0	1744555.0
	14.0	15.0	16.0	17.0	18.0	19.0	20.0	21.0	22.0	23.0	24.0	25.0	26.0	27.0	28.0	29.0	30.0	31.0	32.0	33.0	34.0	35.0	36.0	37.0	38.0	39.0	40.0
PD_141P_2_bbduk_adapt_filt	5.0	85.0	677.0	2731.0	5564.0	8015.0	10317.0	10683.0	10187.0	9397.0	9692.0	9935.0	10390.0	11074.0	12544.0	14341.0	16538.0	19127.0	23849.0	30312.0	42327.0	63989.0	110190.0	204833.0	585572.0	3699459.0	1641915.0
	16.0	17.0	18.0	19.0	20.0	21.0	22.0	23.0	24.0	25.0	26.0	27.0	28.0	29.0	30.0	31.0	32.0	33.0	34.0	35.0	36.0	37.0	38.0	39.0	40.0
PD_142S_1_bbduk_adapt_filt	1.0	31.0	290.0	1006.0	2105.0	2881.0	3418.0	3696.0	4189.0	4687.0	5299.0	5925.0	7125.0	8358.0	10687.0	12514.0	16636.0	22061.0	31725.0	48553.0	83223.0	150087.0	400123.0	2626721.0	1036992.0
	14.0	15.0	16.0	17.0	18.0	19.0	20.0	21.0	22.0	23.0	24.0	25.0	26.0	27.0	28.0	29.0	30.0	31.0	32.0	33.0	34.0	35.0	36.0	37.0	38.0	39.0	40.0
PD_142S_2_bbduk_adapt_filt	5.0	52.0	467.0	1968.0	3916.0	5142.0	6481.0	6693.0	6450.0	6314.0	6359.0	6606.0	6981.0	7277.0	8156.0	9238.0	10606.0	12273.0	15334.0	19146.0	27578.0	41336.0	72537.0	141378.0	429257.0	2610177.0	1026606.0
	16.0	17.0	18.0	19.0	20.0	21.0	22.0	23.0	24.0	25.0	26.0	27.0	28.0	29.0	30.0	31.0	32.0	33.0	34.0	35.0	36.0	37.0	38.0	39.0	40.0
PD_145P_1_bbduk_adapt_filt	3.0	77.0	547.0	1909.0	4258.0	6107.0	6862.0	7359.0	8458.0	9095.0	10195.0	11300.0	13698.0	16117.0	19783.0	23347.0	30725.0	39923.0	56093.0	83512.0	140399.0	239269.0	584913.0	3611371.0	1809754.0
	14.0	15.0	16.0	17.0	18.0	19.0	20.0	21.0	22.0	23.0	24.0	25.0	26.0	27.0	28.0	29.0	30.0	31.0	32.0	33.0	34.0	35.0	36.0	37.0	38.0	39.0	40.0
PD_145P_2_bbduk_adapt_filt	5.0	118.0	833.0	3228.0	6871.0	9801.0	12460.0	13200.0	12714.0	11802.0	11733.0	11870.0	12024.0	12292.0	13849.0	15350.0	17755.0	20410.0	25617.0	32337.0	44612.0	67023.0	115404.0	215020.0	609299.0	3773474.0	1665973.0
	16.0	17.0	18.0	19.0	20.0	21.0	22.0	23.0	24.0	25.0	26.0	27.0	28.0	29.0	30.0	31.0	32.0	33.0	34.0	35.0	36.0	37.0	38.0	39.0	40.0
PD_146S_1_bbduk_adapt_filt	1.0	42.0	339.0	1173.0	2366.0	3260.0	3947.0	4217.0	4747.0	5159.0	5832.0	6604.0	7984.0	9459.0	11342.0	13824.0	18187.0	23569.0	33740.0	50868.0	85658.0	149166.0	371017.0	2357501.0	1192029.0
	14.0	15.0	16.0	17.0	18.0	19.0	20.0	21.0	22.0	23.0	24.0	25.0	26.0	27.0	28.0	29.0	30.0	31.0	32.0	33.0	34.0	35.0	36.0	37.0	38.0	39.0	40.0
PD_146S_2_bbduk_adapt_filt	5.0	53.0	537.0	2062.0	4173.0	5542.0	6889.0	7087.0	6866.0	6370.0	6636.0	6401.0	6791.0	6979.0	7877.0	8944.0	10418.0	11905.0	14734.0	18666.0	26258.0	39376.0	68514.0	129828.0	380968.0	2457578.0	1120574.0
	16.0	17.0	18.0	19.0	20.0	21.0	22.0	23.0	24.0	25.0	26.0	27.0	28.0	29.0	30.0	31.0	32.0	33.0	34.0	35.0	36.0	37.0	38.0	39.0	40.0
PD_147_1_bbduk_adapt_filt	1.0	38.0	374.0	1231.0	2812.0	3796.0	4343.0	4693.0	5184.0	5841.0	6607.0	7370.0	8724.0	10379.0	13010.0	15489.0	20136.0	26468.0	37643.0	57045.0	97084.0	169452.0	425909.0	2790404.0	1310182.0
	14.0	15.0	16.0	17.0	18.0	19.0	20.0	21.0	22.0	23.0	24.0	25.0	26.0	27.0	28.0	29.0	30.0	31.0	32.0	33.0	34.0	35.0	36.0	37.0	38.0	39.0	40.0
PD_147_2_bbduk_adapt_filt	6.0	57.0	506.0	2221.0	4564.0	6063.0	7769.0	8317.0	7808.0	7346.0	7518.0	7792.0	7832.0	8185.0	9254.0	10418.0	12281.0	13792.0	17018.0	21526.0	29607.0	44649.0	77902.0	150371.0	442866.0	2859857.0	1258690.0
	16.0	17.0	18.0	19.0	20.0	21.0	22.0	23.0	24.0	25.0	26.0	27.0	28.0	29.0	30.0	31.0	32.0	33.0	34.0	35.0	36.0	37.0	38.0	39.0	40.0
PD_148P_1_bbduk_adapt_filt	2.0	57.0	528.0	1791.0	4021.0	5682.0	6549.0	7081.0	8055.0	8654.0	9935.0	10828.0	13005.0	15535.0	19155.0	22886.0	29598.0	38660.0	53855.0	80649.0	136036.0	232831.0	566178.0	3295119.0	1622002.0
	14.0	15.0	16.0	17.0	18.0	19.0	20.0	21.0	22.0	23.0	24.0	25.0	26.0	27.0	28.0	29.0	30.0	31.0	32.0	33.0	34.0	35.0	36.0	37.0	38.0	39.0	40.0
PD_148P_2_bbduk_adapt_filt	5.0	101.0	825.0	3239.0	6984.0	10939.0	14751.0	15713.0	15006.0	14103.0	13533.0	13216.0	13403.0	13594.0	14883.0	16639.0	19098.0	22059.0	27283.0	34303.0	47324.0	70262.0	120900.0	221417.0	614918.0	3380377.0	1463817.0
	16.0	17.0	18.0	19.0	20.0	21.0	22.0	23.0	24.0	25.0	26.0	27.0	28.0	29.0	30.0	31.0	32.0	33.0	34.0	35.0	36.0	37.0	38.0	39.0	40.0
PD_149S_1_bbduk_adapt_filt	2.0	23.0	219.0	758.0	1599.0	2219.0	2779.0	3107.0	3708.0	4136.0	4733.0	5380.0	6305.0	7654.0	9290.0	11433.0	14989.0	20185.0	29657.0	45291.0	79421.0	146469.0	395855.0	2526597.0	1026740.0
	14.0	15.0	16.0	17.0	18.0	19.0	20.0	21.0	22.0	23.0	24.0	25.0	26.0	27.0	28.0	29.0	30.0	31.0	32.0	33.0	34.0	35.0	36.0	37.0	38.0	39.0	40.0
PD_149S_2_bbduk_adapt_filt	3.0	62.0	497.0	1933.0	4070.0	5797.0	7988.0	8470.0	8660.0	8182.0	7876.0	7893.0	7833.0	7678.0	8361.0	9198.0	10503.0	11689.0	14353.0	17886.0	25102.0	37155.0	66013.0	130664.0	395585.0	2404720.0	1140378.0
	17.0	18.0	19.0	20.0	21.0	22.0	23.0	24.0	25.0	26.0	27.0	28.0	29.0	30.0	31.0	32.0	33.0	34.0	35.0	36.0	37.0	38.0	39.0	40.0
PD_14P_1_bbduk_adapt_filt	38.0	293.0	924.0	1939.0	2813.0	3297.0	3537.0	4045.0	4486.0	5255.0	5711.0	7056.0	8595.0	10831.0	12592.0	15872.0	20273.0	30110.0	43635.0	70751.0	118489.0	287389.0	1750997.0	1121923.0
	14.0	15.0	16.0	17.0	18.0	19.0	20.0	21.0	22.0	23.0	24.0	25.0	26.0	27.0	28.0	29.0	30.0	31.0	32.0	33.0	34.0	35.0	36.0	37.0	38.0	39.0	40.0
PD_14P_2_bbduk_adapt_filt	5.0	35.0	416.0	1648.0	3161.0	3819.0	4209.0	4305.0	4042.0	3858.0	3990.0	4005.0	4429.0	4605.0	5292.0	6177.0	7569.0	8758.0	11014.0	13786.0	19529.0	29015.0	50058.0	92704.0	265709.0	1804073.0	1174640.0
	17.0	18.0	19.0	20.0	21.0	22.0	23.0	24.0	25.0	26.0	27.0	28.0	29.0	30.0	31.0	32.0	33.0	34.0	35.0	36.0	37.0	38.0	39.0	40.0
PD_150P_1_bbduk_adapt_filt	25.0	333.0	1135.0	2482.0	3514.0	4231.0	4536.0	4977.0	5508.0	6251.0	7010.0	8444.0	10139.0	12336.0	14957.0	19699.0	25673.0	36773.0	55038.0	93226.0	160098.0	402542.0	2550451.0	1204496.0
	14.0	15.0	16.0	17.0	18.0	19.0	20.0	21.0	22.0	23.0	24.0	25.0	26.0	27.0	28.0	29.0	30.0	31.0	32.0	33.0	34.0	35.0	36.0	37.0	38.0	39.0	40.0
PD_150P_2_bbduk_adapt_filt	6.0	45.0	486.0	1967.0	4152.0	5419.0	6522.0	6771.0	6628.0	6213.0	6309.0	6342.0	6807.0	6980.0	7947.0	8953.0	10482.0	12151.0	15452.0	19421.0	27228.0	41141.0	71498.0	134219.0	388663.0	2503323.0	1328749.0
	17.0	18.0	19.0	20.0	21.0	22.0	23.0	24.0	25.0	26.0	27.0	28.0	29.0	30.0	31.0	32.0	33.0	34.0	35.0	36.0	37.0	38.0	39.0	40.0
PD_151S_1_bbduk_adapt_filt	30.0	362.0	1150.0	2419.0	3277.0	3923.0	4352.0	4865.0	5333.0	6052.0	6633.0	8150.0	9626.0	11673.0	14039.0	18308.0	23661.0	33997.0	50855.0	85025.0	146111.0	361340.0	2307584.0	1396879.0
	14.0	15.0	16.0	17.0	18.0	19.0	20.0	21.0	22.0	23.0	24.0	25.0	26.0	27.0	28.0	29.0	30.0	31.0	32.0	33.0	34.0	35.0	36.0	37.0	38.0	39.0	40.0
PD_151S_2_bbduk_adapt_filt	6.0	55.0	456.0	1660.0	3469.0	4845.0	5815.0	5964.0	5745.0	5536.0	5539.0	5666.0	6064.0	6286.0	7115.0	8260.0	9514.0	10672.0	13664.0	17540.0	24304.0	36148.0	62560.0	117440.0	343300.0	2371594.0	1426427.0
	17.0	18.0	19.0	20.0	21.0	22.0	23.0	24.0	25.0	26.0	27.0	28.0	29.0	30.0	31.0	32.0	33.0	34.0	35.0	36.0	37.0	38.0	39.0	40.0
PD_152P_1_bbduk_adapt_filt	22.0	273.0	940.0	1970.0	2872.0	3389.0	3656.0	4378.0	4898.0	5342.0	6105.0	7294.0	8620.0	10438.0	12844.0	16725.0	21851.0	31487.0	48014.0	82739.0	147416.0	380429.0	2335590.0	1024921.0
	14.0	15.0	16.0	17.0	18.0	19.0	20.0	21.0	22.0	23.0	24.0	25.0	26.0	27.0	28.0	29.0	30.0	31.0	32.0	33.0	34.0	35.0	36.0	37.0	38.0	39.0	40.0
PD_152P_2_bbduk_adapt_filt	2.0	47.0	462.0	1939.0	4149.0	6196.0	8270.0	9067.0	8938.0	8466.0	8198.0	8363.0	8007.0	8300.0	9037.0	9881.0	11310.0	12815.0	15876.0	20128.0	27839.0	41167.0	71035.0	138194.0	400309.0	2307625.0	1016593.0
	16.0	17.0	18.0	19.0	20.0	21.0	22.0	23.0	24.0	25.0	26.0	27.0	28.0	29.0	30.0	31.0	32.0	33.0	34.0	35.0	36.0	37.0	38.0	39.0	40.0
PD_153S_1_bbduk_adapt_filt	6.0	71.0	702.0	2488.0	5042.0	6915.0	8029.0	8371.0	9357.0	10320.0	11679.0	12777.0	15170.0	17749.0	21686.0	25525.0	32770.0	42040.0	58933.0	86656.0	141513.0	233250.0	553294.0	3146386.0	1613439.0
	13.0	14.0	15.0	16.0	17.0	18.0	19.0	20.0	21.0	22.0	23.0	24.0	25.0	26.0	27.0	28.0	29.0	30.0	31.0	32.0	33.0	34.0	35.0	36.0	37.0	38.0	39.0	40.0
PD_153S_2_bbduk_adapt_filt	3.0	8.0	91.0	654.0	2612.0	5587.0	7737.0	10092.0	10391.0	10120.0	9483.0	9971.0	9971.0	10461.0	11138.0	12698.0	14334.0	16848.0	19569.0	24303.0	30829.0	42290.0	63062.0	106788.0	191297.0	523838.0	3248625.0	1671368.0
	17.0	18.0	19.0	20.0	21.0	22.0	23.0	24.0	25.0	26.0	27.0	28.0	29.0	30.0	31.0	32.0	33.0	34.0	35.0	36.0	37.0	38.0	39.0	40.0
PD_156P_1_bbduk_adapt_filt	33.0	266.0	1022.0	2260.0	3204.0	3538.0	3955.0	4420.0	4932.0	5600.0	6310.0	8036.0	10117.0	11939.0	13308.0	17067.0	22425.0	31833.0	47424.0	80134.0	135890.0	334336.0	2076906.0	1133058.0
	13.0	14.0	15.0	16.0	17.0	18.0	19.0	20.0	21.0	22.0	23.0	24.0	25.0	26.0	27.0	28.0	29.0	30.0	31.0	32.0	33.0	34.0	35.0	36.0	37.0	38.0	39.0	40.0
PD_156P_2_bbduk_adapt_filt	3.0	4.0	49.0	404.0	1691.0	3276.0	4031.0	4696.0	4865.0	4577.0	4247.0	4363.0	4669.0	4877.0	5350.0	6150.0	6985.0	8742.0	10284.0	12833.0	15896.0	22191.0	33641.0	57971.0	108174.0	311177.0	2124978.0	1191889.0
	16.0	17.0	18.0	19.0	20.0	21.0	22.0	23.0	24.0	25.0	26.0	27.0	28.0	29.0	30.0	31.0	32.0	33.0	34.0	35.0	36.0	37.0	38.0	39.0	40.0
PD_157S_1_bbduk_adapt_filt	3.0	49.0	350.0	1311.0	2718.0	3809.0	4605.0	4996.0	5661.0	6204.0	6895.0	7881.0	9517.0	11260.0	13801.0	16636.0	21529.0	27838.0	40267.0	60780.0	102130.0	173816.0	423740.0	2733628.0	1582216.0
	14.0	15.0	16.0	17.0	18.0	19.0	20.0	21.0	22.0	23.0	24.0	25.0	26.0	27.0	28.0	29.0	30.0	31.0	32.0	33.0	34.0	35.0	36.0	37.0	38.0	39.0	40.0
PD_157S_2_bbduk_adapt_filt	2.0	45.0	475.0	2107.0	3857.0	4753.0	5341.0	5438.0	5138.0	4919.0	5042.0	5509.0	5692.0	6198.0	7205.0	8515.0	9854.0	11480.0	14614.0	18484.0	26303.0	40560.0	70568.0	131558.0	383852.0	2796850.0	1687281.0
	16.0	17.0	18.0	19.0	20.0	21.0	22.0	23.0	24.0	25.0	26.0	27.0	28.0	29.0	30.0	31.0	32.0	33.0	34.0	35.0	36.0	37.0	38.0	39.0	40.0
PD_158P_1_bbduk_adapt_filt	2.0	50.0	495.0	1756.0	3716.0	4952.0	5708.0	5968.0	6798.0	7423.0	8113.0	9167.0	11086.0	13201.0	15812.0	19084.0	24967.0	32275.0	45763.0	68562.0	115844.0	199151.0	494321.0	3173055.0	1596332.0
	14.0	15.0	16.0	17.0	18.0	19.0	20.0	21.0	22.0	23.0	24.0	25.0	26.0	27.0	28.0	29.0	30.0	31.0	32.0	33.0	34.0	35.0	36.0	37.0	38.0	39.0	40.0
PD_158P_2_bbduk_adapt_filt	2.0	48.0	537.0	2101.0	4540.0	6294.0	7683.0	8004.0	7466.0	7191.0	7455.0	7622.0	7946.0	8535.0	9708.0	10962.0	12962.0	14924.0	18949.0	23787.0	33337.0	50465.0	88233.0	167575.0	492105.0	3289930.0	1575240.0
	17.0	18.0	19.0	20.0	21.0	22.0	23.0	24.0	25.0	26.0	27.0	28.0	29.0	30.0	31.0	32.0	33.0	34.0	35.0	36.0	37.0	38.0	39.0	40.0
PD_159S_1_bbduk_adapt_filt	42.0	396.0	1236.0	2605.0	3813.0	4495.0	5091.0	5584.0	6343.0	7124.0	8080.0	9979.0	11928.0	14412.0	17647.0	23132.0	30615.0	44795.0	68019.0	116113.0	200909.0	504140.0	3190201.0	1618812.0
	14.0	15.0	16.0	17.0	18.0	19.0	20.0	21.0	22.0	23.0	24.0	25.0	26.0	27.0	28.0	29.0	30.0	31.0	32.0	33.0	34.0	35.0	36.0	37.0	38.0	39.0	40.0
PD_159S_2_bbduk_adapt_filt	3.0	71.0	596.0	2312.0	4612.0	5857.0	6855.0	7150.0	6761.0	6512.0	6520.0	7030.0	7435.0	7829.0	8909.0	10196.0	11972.0	14060.0	17756.0	22572.0	32107.0	48639.0	86424.0	164793.0	488520.0	3309540.0	1610480.0
	16.0	17.0	18.0	19.0	20.0	21.0	22.0	23.0	24.0	25.0	26.0	27.0	28.0	29.0	30.0	31.0	32.0	33.0	34.0	35.0	36.0	37.0	38.0	39.0	40.0
PD_15P_1_bbduk_adapt_filt	3.0	37.0	334.0	1094.0	2140.0	3054.0	3592.0	3996.0	4521.0	4897.0	5629.0	6189.0	7554.0	8972.0	10948.0	13326.0	17134.0	22562.0	31929.0	48160.0	80219.0	136306.0	331537.0	1956027.0	1111252.0
	14.0	15.0	16.0	17.0	18.0	19.0	20.0	21.0	22.0	23.0	24.0	25.0	26.0	27.0	28.0	29.0	30.0	31.0	32.0	33.0	34.0	35.0	36.0	37.0	38.0	39.0	40.0
PD_15P_2_bbduk_adapt_filt	10.0	55.0	466.0	1949.0	3753.0	4767.0	5812.0	5877.0	5732.0	5263.0	5312.0	5294.0	5564.0	5787.0	6585.0	7347.0	8775.0	10064.0	12454.0	15819.0	22113.0	32997.0	57237.0	106948.0	301962.0	1972712.0	1200758.0
	16.0	17.0	18.0	19.0	20.0	21.0	22.0	23.0	24.0	25.0	26.0	27.0	28.0	29.0	30.0	31.0	32.0	33.0	34.0	35.0	36.0	37.0	38.0	39.0	40.0
PD_160P_1_bbduk_adapt_filt	3.0	77.0	627.0	2120.0	4736.0	6420.0	7448.0	7797.0	8662.0	9672.0	10633.0	11673.0	14144.0	16305.0	19642.0	23533.0	30172.0	38849.0	54215.0	79429.0	130814.0	216694.0	511865.0	3014176.0	1566127.0
	14.0	15.0	16.0	17.0	18.0	19.0	20.0	21.0	22.0	23.0	24.0	25.0	26.0	27.0	28.0	29.0	30.0	31.0	32.0	33.0	34.0	35.0	36.0	37.0	38.0	39.0	40.0
PD_160P_2_bbduk_adapt_filt	4.0	78.0	720.0	2739.0	5453.0	7870.0	9985.0	10113.0	9523.0	8984.0	9140.0	9214.0	9606.0	10289.0	11807.0	13179.0	15470.0	17764.0	22264.0	28299.0	39871.0	59293.0	99790.0	180423.0	496818.0	3095025.0	1612112.0
	15.0	16.0	17.0	18.0	19.0	20.0	21.0	22.0	23.0	24.0	25.0	26.0	27.0	28.0	29.0	30.0	31.0	32.0	33.0	34.0	35.0	36.0	37.0	38.0	39.0	40.0
PD_161S_1_bbduk_adapt_filt	1.0	1.0	45.0	187.0	432.0	519.0	576.0	700.0	595.0	693.0	769.0	829.0	887.0	1674.0	2968.0	3588.0	2029.0	1961.0	1854.0	3007.0	3839.0	6222.0	13250.0	23725.0	64766.0	35576.0
	13.0	14.0	15.0	16.0	17.0	18.0	19.0	20.0	21.0	22.0	23.0	24.0	25.0	26.0	27.0	28.0	29.0	30.0	31.0	32.0	33.0	34.0	35.0	36.0	37.0	38.0	39.0	40.0
PD_161S_2_bbduk_adapt_filt	2.0	6.0	32.0	542.0	2233.0	3322.0	2359.0	1530.0	1070.0	845.0	682.0	844.0	1078.0	1499.0	1831.0	2438.0	3498.0	5283.0	6371.0	6296.0	4757.0	4721.0	5305.0	6981.0	9106.0	15530.0	54414.0	28118.0
	16.0	17.0	18.0	19.0	20.0	21.0	22.0	23.0	24.0	25.0	26.0	27.0	28.0	29.0	30.0	31.0	32.0	33.0	34.0	35.0	36.0	37.0	38.0	39.0	40.0
PD_162P_1_bbduk_adapt_filt	1.0	43.0	331.0	1070.0	2361.0	3315.0	3891.0	4321.0	4960.0	5547.0	6040.0	6835.0	8598.0	10170.0	12497.0	15008.0	19962.0	26232.0	37606.0	57362.0	98010.0	173106.0	436051.0	2702168.0	1277691.0
	14.0	15.0	16.0	17.0	18.0	19.0	20.0	21.0	22.0	23.0	24.0	25.0	26.0	27.0	28.0	29.0	30.0	31.0	32.0	33.0	34.0	35.0	36.0	37.0	38.0	39.0	40.0
PD_162P_2_bbduk_adapt_filt	9.0	60.0	598.0	2328.0	4865.0	7117.0	9210.0	9816.0	9315.0	8855.0	8759.0	8540.0	8775.0	8902.0	9699.0	10834.0	12406.0	14202.0	17491.0	22267.0	30373.0	45892.0	79701.0	152175.0	440967.0	2718428.0	1271592.0
	16.0	17.0	18.0	19.0	20.0	21.0	22.0	23.0	24.0	25.0	26.0	27.0	28.0	29.0	30.0	31.0	32.0	33.0	34.0	35.0	36.0	37.0	38.0	39.0	40.0
PD_163S_1_bbduk_adapt_filt	2.0	48.0	319.0	1061.0	2133.0	3084.0	3716.0	4190.0	4693.0	5326.0	6034.0	6711.0	8315.0	9979.0	12671.0	15201.0	20163.0	26811.0	39215.0	59776.0	102829.0	181609.0	465467.0	3030405.0	1768588.0
	14.0	15.0	16.0	17.0	18.0	19.0	20.0	21.0	22.0	23.0	24.0	25.0	26.0	27.0	28.0	29.0	30.0	31.0	32.0	33.0	34.0	35.0	36.0	37.0	38.0	39.0	40.0
PD_163S_2_bbduk_adapt_filt	4.0	63.0	524.0	2261.0	4713.0	6667.0	8415.0	8632.0	8491.0	8291.0	8527.0	8432.0	8517.0	8934.0	9895.0	11023.0	12766.0	14696.0	18068.0	22837.0	32033.0	48398.0	85174.0	165032.0	489662.0	3108802.0	1677489.0
	16.0	17.0	18.0	19.0	20.0	21.0	22.0	23.0	24.0	25.0	26.0	27.0	28.0	29.0	30.0	31.0	32.0	33.0	34.0	35.0	36.0	37.0	38.0	39.0	40.0
PD_164P_1_bbduk_adapt_filt	1.0	41.0	390.0	1366.0	2890.0	4020.0	4598.0	4920.0	5476.0	6035.0	6764.0	7377.0	9304.0	11151.0	12749.0	15158.0	19248.0	24593.0	34747.0	51217.0	85656.0	145958.0	354957.0	2052255.0	983614.0
	13.0	14.0	15.0	16.0	17.0	18.0	19.0	20.0	21.0	22.0	23.0	24.0	25.0	26.0	27.0	28.0	29.0	30.0	31.0	32.0	33.0	34.0	35.0	36.0	37.0	38.0	39.0	40.0
PD_164P_2_bbduk_adapt_filt	3.0	2.0	40.0	427.0	1919.0	4152.0	6406.0	8578.0	8953.0	8889.0	8073.0	8136.0	8170.0	8245.0	8165.0	9499.0	10379.0	11993.0	13677.0	17243.0	21460.0	29261.0	42704.0	72631.0	133490.0	366059.0	2082603.0	953328.0
	16.0	17.0	18.0	19.0	20.0	21.0	22.0	23.0	24.0	25.0	26.0	27.0	28.0	29.0	30.0	31.0	32.0	33.0	34.0	35.0	36.0	37.0	38.0	39.0	40.0
PD_165S_1_bbduk_adapt_filt	1.0	60.0	427.0	1511.0	3234.0	4454.0	5193.0	5750.0	6721.0	7464.0	8473.0	9370.0	11297.0	13313.0	16253.0	19519.0	25653.0	33726.0	48085.0	72797.0	123228.0	212958.0	534728.0	3369254.0	1745075.0
	13.0	14.0	15.0	16.0	17.0	18.0	19.0	20.0	21.0	22.0	23.0	24.0	25.0	26.0	27.0	28.0	29.0	30.0	31.0	32.0	33.0	34.0	35.0	36.0	37.0	38.0	39.0	40.0
PD_165S_2_bbduk_adapt_filt	1.0	4.0	72.0	585.0	2423.0	5048.0	7262.0	9167.0	9558.0	9299.0	8437.0	8791.0	8857.0	9095.0	9420.0	10729.0	12060.0	14158.0	16405.0	20458.0	25922.0	36566.0	55089.0	96065.0	181014.0	523172.0	3424752.0	1774135.0
	16.0	17.0	18.0	19.0	20.0	21.0	22.0	23.0	24.0	25.0	26.0	27.0	28.0	29.0	30.0	31.0	32.0	33.0	34.0	35.0	36.0	37.0	38.0	39.0	40.0
PD_166_1_bbduk_adapt_filt	1.0	26.0	286.0	914.0	1847.0	2645.0	3197.0	3566.0	4176.0	4464.0	5242.0	5841.0	7037.0	8255.0	10212.0	12322.0	15965.0	20987.0	29965.0	45855.0	79510.0	141974.0	362469.0	2453979.0	1213888.0
	13.0	14.0	15.0	16.0	17.0	18.0	19.0	20.0	21.0	22.0	23.0	24.0	25.0	26.0	27.0	28.0	29.0	30.0	31.0	32.0	33.0	34.0	35.0	36.0	37.0	38.0	39.0	40.0
PD_166_2_bbduk_adapt_filt	1.0	2.0	41.0	370.0	1727.0	3369.0	4290.0	4913.0	5237.0	5056.0	5005.0	5110.0	5316.0	5499.0	6008.0	6788.0	7593.0	8909.0	10114.0	12712.0	16058.0	22088.0	33409.0	58498.0	115572.0	352301.0	2494340.0	1244297.0
	17.0	18.0	19.0	20.0	21.0	22.0	23.0	24.0	25.0	26.0	27.0	28.0	29.0	30.0	31.0	32.0	33.0	34.0	35.0	36.0	37.0	38.0	39.0	40.0
PD_167P_1_bbduk_adapt_filt	35.0	276.0	895.0	1930.0	2683.0	3245.0	3557.0	4065.0	4636.0	5327.0	5750.0	7331.0	8841.0	10722.0	12758.0	16802.0	22634.0	32597.0	50333.0	86687.0	157328.0	416469.0	2808524.0	1230751.0
	14.0	15.0	16.0	17.0	18.0	19.0	20.0	21.0	22.0	23.0	24.0	25.0	26.0	27.0	28.0	29.0	30.0	31.0	32.0	33.0	34.0	35.0	36.0	37.0	38.0	39.0	40.0
PD_167P_2_bbduk_adapt_filt	3.0	85.0	584.0	2338.0	4532.0	5724.0	7083.0	7297.0	7172.0	6636.0	6979.0	7160.0	7277.0	7723.0	8696.0	9845.0	11325.0	12856.0	15845.0	20193.0	28003.0	42285.0	74873.0	147349.0	449703.0	2873939.0	1128671.0
	16.0	17.0	18.0	19.0	20.0	21.0	22.0	23.0	24.0	25.0	26.0	27.0	28.0	29.0	30.0	31.0	32.0	33.0	34.0	35.0	36.0	37.0	38.0	39.0	40.0
PD_169P_1_bbduk_adapt_filt	2.0	55.0	426.0	1337.0	2890.0	3991.0	4959.0	5407.0	6294.0	6721.0	7816.0	8890.0	10759.0	12639.0	15535.0	18312.0	23938.0	31701.0	44930.0	67721.0	113808.0	196217.0	485270.0	2955029.0	1532986.0
	14.0	15.0	16.0	17.0	18.0	19.0	20.0	21.0	22.0	23.0	24.0	25.0	26.0	27.0	28.0	29.0	30.0	31.0	32.0	33.0	34.0	35.0	36.0	37.0	38.0	39.0	40.0
PD_169P_2_bbduk_adapt_filt	5.0	54.0	544.0	2548.0	4920.0	6398.0	7958.0	8419.0	8216.0	7794.0	8187.0	8257.0	8566.0	9173.0	10202.0	11730.0	13431.0	15599.0	19576.0	24556.0	33894.0	50894.0	88036.0	163593.0	474156.0	3021319.0	1549608.0
	16.0	17.0	18.0	19.0	20.0	21.0	22.0	23.0	24.0	25.0	26.0	27.0	28.0	29.0	30.0	31.0	32.0	33.0	34.0	35.0	36.0	37.0	38.0	39.0	40.0
PD_16P_1_bbduk_adapt_filt	2.0	46.0	348.0	1245.0	2461.0	3504.0	4181.0	4529.0	5248.0	5713.0	6532.0	7328.0	8943.0	11029.0	13632.0	15369.0	19831.0	26270.0	37674.0	55560.0	91139.0	152469.0	366636.0	2187194.0	1344338.0
	13.0	14.0	15.0	16.0	17.0	18.0	19.0	20.0	21.0	22.0	23.0	24.0	25.0	26.0	27.0	28.0	29.0	30.0	31.0	32.0	33.0	34.0	35.0	36.0	37.0	38.0	39.0	40.0
PD_16P_2_bbduk_adapt_filt	3.0	3.0	48.0	413.0	1627.0	3343.0	4069.0	4929.0	4830.0	4634.0	4575.0	4687.0	4862.0	5165.0	5373.0	6420.0	7386.0	8951.0	10497.0	13218.0	16540.0	23183.0	35175.0	60807.0	112203.0	319389.0	2201177.0	1507714.0
	16.0	17.0	18.0	19.0	20.0	21.0	22.0	23.0	24.0	25.0	26.0	27.0	28.0	29.0	30.0	31.0	32.0	33.0	34.0	35.0	36.0	37.0	38.0	39.0	40.0
PD_170S_1_bbduk_adapt_filt	2.0	51.0	431.0	1422.0	3093.0	4194.0	4807.0	5076.0	6051.0	6368.0	7276.0	8126.0	9630.0	11633.0	14128.0	16825.0	21613.0	28324.0	40123.0	59806.0	99111.0	168558.0	407202.0	2415903.0	1301556.0
	14.0	15.0	16.0	17.0	18.0	19.0	20.0	21.0	22.0	23.0	24.0	25.0	26.0	27.0	28.0	29.0	30.0	31.0	32.0	33.0	34.0	35.0	36.0	37.0	38.0	39.0	40.0
PD_170S_2_bbduk_adapt_filt	9.0	70.0	572.0	2632.0	5002.0	6986.0	9208.0	9413.0	9156.0	8370.0	8334.0	8521.0	8547.0	9146.0	9842.0	11208.0	12819.0	14722.0	18095.0	22618.0	32102.0	46714.0	80548.0	149322.0	419075.0	2484329.0	1253949.0
	17.0	18.0	19.0	20.0	21.0	22.0	23.0	24.0	25.0	26.0	27.0	28.0	29.0	30.0	31.0	32.0	33.0	34.0	35.0	36.0	37.0	38.0	39.0	40.0
PD_171P_1_bbduk_adapt_filt	39.0	293.0	1020.0	2358.0	3435.0	3916.0	4248.0	4993.0	5381.0	6403.0	7034.0	8579.0	10184.0	12573.0	15265.0	20062.0	26644.0	38448.0	58253.0	100193.0	176162.0	446705.0	3067995.0	1623841.0
	14.0	15.0	16.0	17.0	18.0	19.0	20.0	21.0	22.0	23.0	24.0	25.0	26.0	27.0	28.0	29.0	30.0	31.0	32.0	33.0	34.0	35.0	36.0	37.0	38.0	39.0	40.0
PD_171P_2_bbduk_adapt_filt	5.0	72.0	575.0	2492.0	4588.0	5570.0	6292.0	6188.0	5972.0	5689.0	5692.0	5823.0	6276.0	6811.0	7639.0	8856.0	10459.0	12270.0	15230.0	19421.0	27522.0	42041.0	74337.0	143704.0	437373.0	3220850.0	1562277.0
	17.0	18.0	19.0	20.0	21.0	22.0	23.0	24.0	25.0	26.0	27.0	28.0	29.0	30.0	31.0	32.0	33.0	34.0	35.0	36.0	37.0	38.0	39.0	40.0
PD_172S_1_bbduk_adapt_filt	36.0	248.0	801.0	1588.0	2335.0	2725.0	2894.0	3422.0	3714.0	4335.0	4989.0	7199.0	10392.0	10615.0	10370.0	13078.0	16928.0	24130.0	36391.0	62775.0	110157.0	280566.0	1854264.0	904581.0
	14.0	15.0	16.0	17.0	18.0	19.0	20.0	21.0	22.0	23.0	24.0	25.0	26.0	27.0	28.0	29.0	30.0	31.0	32.0	33.0	34.0	35.0	36.0	37.0	38.0	39.0	40.0
PD_172S_2_bbduk_adapt_filt	5.0	50.0	600.0	2333.0	3990.0	4241.0	4501.0	4298.0	4048.0	3820.0	3940.0	4295.0	4427.0	4765.0	5577.0	6510.0	8452.0	9966.0	11975.0	14070.0	18782.0	27576.0	47642.0	90602.0	271786.0	1905355.0	904927.0
	16.0	17.0	18.0	19.0	20.0	21.0	22.0	23.0	24.0	25.0	26.0	27.0	28.0	29.0	30.0	31.0	32.0	33.0	34.0	35.0	36.0	37.0	38.0	39.0	40.0
PD_173P_1_bbduk_adapt_filt	2.0	46.0	352.0	1365.0	2938.0	4173.0	4853.0	5458.0	6005.0	6617.0	7665.0	8654.0	10165.0	12157.0	14747.0	17386.0	22835.0	29500.0	41913.0	62891.0	104974.0	179036.0	433762.0	2673000.0	1297925.0
	14.0	15.0	16.0	17.0	18.0	19.0	20.0	21.0	22.0	23.0	24.0	25.0	26.0	27.0	28.0	29.0	30.0	31.0	32.0	33.0	34.0	35.0	36.0	37.0	38.0	39.0	40.0
PD_173P_2_bbduk_adapt_filt	6.0	56.0	461.0	2066.0	4135.0	5632.0	7205.0	7423.0	7363.0	7076.0	7280.0	7439.0	7926.0	8237.0	9195.0	10469.0	12342.0	14307.0	17803.0	22685.0	31579.0	47477.0	81943.0	153593.0	438529.0	2739737.0	1296455.0
	16.0	17.0	18.0	19.0	20.0	21.0	22.0	23.0	24.0	25.0	26.0	27.0	28.0	29.0	30.0	31.0	32.0	33.0	34.0	35.0	36.0	37.0	38.0	39.0	40.0
PD_174S_1_bbduk_adapt_filt	1.0	29.0	293.0	1084.0	2269.0	3260.0	3696.0	4176.0	4732.0	5229.0	6087.0	6713.0	8225.0	9833.0	11828.0	14195.0	18931.0	25004.0	36227.0	55107.0	94570.0	170067.0	438544.0	2756703.0	1196959.0
	14.0	15.0	16.0	17.0	18.0	19.0	20.0	21.0	22.0	23.0	24.0	25.0	26.0	27.0	28.0	29.0	30.0	31.0	32.0	33.0	34.0	35.0	36.0	37.0	38.0	39.0	40.0
PD_174S_2_bbduk_adapt_filt	2.0	55.0	568.0	2419.0	5674.0	8967.0	12382.0	13522.0	12812.0	11876.0	11430.0	11008.0	10869.0	10934.0	11683.0	12793.0	14336.0	16101.0	19627.0	24984.0	33939.0	49804.0	86949.0	167840.0	480297.0	2771113.0	1071778.0
	16.0	17.0	18.0	19.0	20.0	21.0	22.0	23.0	24.0	25.0	26.0	27.0	28.0	29.0	30.0	31.0	32.0	33.0	34.0	35.0	36.0	37.0	38.0	39.0	40.0
PD_175P_1_bbduk_adapt_filt	4.0	49.0	410.0	1529.0	3277.0	4353.0	5242.0	5525.0	6053.0	6522.0	7312.0	8086.0	10202.0	12827.0	14634.0	16452.0	21020.0	26795.0	39403.0	56956.0	91100.0	151604.0	358001.0	2036358.0	1100988.0
	14.0	15.0	16.0	17.0	18.0	19.0	20.0	21.0	22.0	23.0	24.0	25.0	26.0	27.0	28.0	29.0	30.0	31.0	32.0	33.0	34.0	35.0	36.0	37.0	38.0	39.0	40.0
PD_175P_2_bbduk_adapt_filt	7.0	55.0	455.0	2018.0	4266.0	6340.0	8650.0	9134.0	9054.0	8200.0	8065.0	8121.0	8287.0	8301.0	9525.0	10701.0	12411.0	14316.0	17908.0	22208.0	29965.0	45010.0	74998.0	135288.0	361856.0	2071408.0	1098155.0
	16.0	17.0	18.0	19.0	20.0	21.0	22.0	23.0	24.0	25.0	26.0	27.0	28.0	29.0	30.0	31.0	32.0	33.0	34.0	35.0	36.0	37.0	38.0	39.0	40.0
PD_176S_1_bbduk_adapt_filt	2.0	24.0	307.0	984.0	2035.0	2867.0	3265.0	3601.0	4253.0	4799.0	5501.0	5912.0	7257.0	8589.0	10760.0	12834.0	17351.0	22868.0	32689.0	50709.0	88655.0	159761.0	420897.0	2904925.0	1434678.0
	14.0	15.0	16.0	17.0	18.0	19.0	20.0	21.0	22.0	23.0	24.0	25.0	26.0	27.0	28.0	29.0	30.0	31.0	32.0	33.0	34.0	35.0	36.0	37.0	38.0	39.0	40.0
PD_176S_2_bbduk_adapt_filt	4.0	53.0	473.0	1884.0	3730.0	5224.0	6535.0	6919.0	6694.0	6503.0	6480.0	6564.0	6902.0	7143.0	8000.0	9063.0	10216.0	12016.0	14834.0	18545.0	25950.0	39851.0	70603.0	140273.0	436580.0	2986697.0	1367787.0
	17.0	18.0	19.0	20.0	21.0	22.0	23.0	24.0	25.0	26.0	27.0	28.0	29.0	30.0	31.0	32.0	33.0	34.0	35.0	36.0	37.0	38.0	39.0	40.0
PD_177P_1_bbduk_adapt_filt	19.0	172.0	602.0	1257.0	1822.0	2266.0	2499.0	2931.0	3377.0	3979.0	4275.0	5262.0	6494.0	7887.0	9434.0	12767.0	16692.0	24552.0	37968.0	66043.0	119151.0	312941.0	2157059.0	1035245.0
	13.0	14.0	15.0	16.0	17.0	18.0	19.0	20.0	21.0	22.0	23.0	24.0	25.0	26.0	27.0	28.0	29.0	30.0	31.0	32.0	33.0	34.0	35.0	36.0	37.0	38.0	39.0	40.0
PD_177P_2_bbduk_adapt_filt	1.0	4.0	34.0	346.0	1544.0	2827.0	3348.0	4021.0	4021.0	3997.0	3676.0	3867.0	4187.0	4262.0	4474.0	5150.0	5879.0	6958.0	8163.0	10420.0	13001.0	18237.0	28413.0	50091.0	100134.0	315805.0	2228826.0	1003008.0
	16.0	17.0	18.0	19.0	20.0	21.0	22.0	23.0	24.0	25.0	26.0	27.0	28.0	29.0	30.0	31.0	32.0	33.0	34.0	35.0	36.0	37.0	38.0	39.0	40.0
PD_178S_1_bbduk_adapt_filt	4.0	74.0	618.0	2113.0	4350.0	6266.0	7125.0	7456.0	8427.0	9195.0	10300.0	11363.0	13611.0	16169.0	19293.0	23290.0	29808.0	38669.0	54313.0	80365.0	133403.0	224826.0	544142.0	3306176.0	1590473.0
	13.0	14.0	15.0	16.0	17.0	18.0	19.0	20.0	21.0	22.0	23.0	24.0	25.0	26.0	27.0	28.0	29.0	30.0	31.0	32.0	33.0	34.0	35.0	36.0	37.0	38.0	39.0	40.0
PD_178S_2_bbduk_adapt_filt	2.0	5.0	89.0	684.0	2833.0	5908.0	8739.0	11526.0	11807.0	11209.0	10424.0	10735.0	10948.0	11363.0	11758.0	13589.0	15140.0	17587.0	20437.0	25258.0	31974.0	43635.0	65232.0	111114.0	203505.0	566946.0	3428900.0	1490482.0
	16.0	17.0	18.0	19.0	20.0	21.0	22.0	23.0	24.0	25.0	26.0	27.0	28.0	29.0	30.0	31.0	32.0	33.0	34.0	35.0	36.0	37.0	38.0	39.0	40.0
PD_179P_1_bbduk_adapt_filt	2.0	48.0	377.0	1333.0	2806.0	4022.0	4685.0	5064.0	5697.0	6416.0	7247.0	8122.0	9984.0	11548.0	14204.0	17242.0	22482.0	29567.0	42934.0	64553.0	110435.0	193859.0	490024.0	3154991.0	1442827.0
	14.0	15.0	16.0	17.0	18.0	19.0	20.0	21.0	22.0	23.0	24.0	25.0	26.0	27.0	28.0	29.0	30.0	31.0	32.0	33.0	34.0	35.0	36.0	37.0	38.0	39.0	40.0
PD_179P_2_bbduk_adapt_filt	7.0	62.0	668.0	2700.0	4982.0	6633.0	8155.0	8552.0	8232.0	7683.0	7853.0	7841.0	8513.0	8635.0	9918.0	11203.0	13094.0	15246.0	18852.0	24038.0	33983.0	50919.0	89239.0	170968.0	499910.0	3194647.0	1437936.0
	16.0	17.0	18.0	19.0	20.0	21.0	22.0	23.0	24.0	25.0	26.0	27.0	28.0	29.0	30.0	31.0	32.0	33.0	34.0	35.0	36.0	37.0	38.0	39.0	40.0
PD_180S_1_bbduk_adapt_filt	2.0	28.0	282.0	1096.0	2523.0	3583.0	4158.0	4640.0	5218.0	5637.0	6550.0	7401.0	8835.0	10542.0	13080.0	15401.0	20525.0	26599.0	37733.0	58069.0	98454.0	172264.0	429907.0	2640653.0	1268764.0
	14.0	15.0	16.0	17.0	18.0	19.0	20.0	21.0	22.0	23.0	24.0	25.0	26.0	27.0	28.0	29.0	30.0	31.0	32.0	33.0	34.0	35.0	36.0	37.0	38.0	39.0	40.0
PD_180S_2_bbduk_adapt_filt	5.0	56.0	507.0	2152.0	4744.0	7095.0	9462.0	9954.0	9934.0	9372.0	9302.0	9067.0	9220.0	9424.0	10410.0	11427.0	13080.0	14996.0	18469.0	23444.0	32348.0	48412.0	84077.0	158977.0	453284.0	2686702.0	1196024.0
	16.0	17.0	18.0	19.0	20.0	21.0	22.0	23.0	24.0	25.0	26.0	27.0	28.0	29.0	30.0	31.0	32.0	33.0	34.0	35.0	36.0	37.0	38.0	39.0	40.0
PD_181P_1_bbduk_adapt_filt	2.0	30.0	340.0	1189.0	2527.0	3556.0	4303.0	4758.0	5278.0	5891.0	6678.0	7471.0	9113.0	10831.0	13028.0	15710.0	20850.0	27343.0	39172.0	58987.0	100239.0	173827.0	430200.0	2729724.0	1505708.0
	14.0	15.0	16.0	17.0	18.0	19.0	20.0	21.0	22.0	23.0	24.0	25.0	26.0	27.0	28.0	29.0	30.0	31.0	32.0	33.0	34.0	35.0	36.0	37.0	38.0	39.0	40.0
PD_181P_2_bbduk_adapt_filt	10.0	93.0	666.0	2388.0	4948.0	6473.0	7594.0	7957.0	7415.0	7108.0	7058.0	7156.0	7258.0	7742.0	8688.0	9778.0	11171.0	13033.0	16347.0	20791.0	28950.0	43682.0	75849.0	144910.0	427062.0	2824042.0	1478586.0
	16.0	17.0	18.0	19.0	20.0	21.0	22.0	23.0	24.0	25.0	26.0	27.0	28.0	29.0	30.0	31.0	32.0	33.0	34.0	35.0	36.0	37.0	38.0	39.0	40.0
PD_182S_1_bbduk_adapt_filt	2.0	25.0	197.0	389.0	506.0	536.0	602.0	534.0	670.0	689.0	809.0	953.0	2005.0	2848.0	2421.0	1584.0	1998.0	2045.0	3679.0	6048.0	10715.0	11092.0	12111.0	55833.0	31184.0
	13.0	14.0	15.0	16.0	17.0	18.0	19.0	20.0	21.0	22.0	23.0	24.0	25.0	26.0	27.0	28.0	29.0	30.0	31.0	32.0	33.0	34.0	35.0	36.0	37.0	38.0	39.0	40.0
PD_182S_2_bbduk_adapt_filt	3.0	8.0	35.0	411.0	1479.0	2140.0	1553.0	955.0	720.0	582.0	469.0	576.0	795.0	1067.0	1241.0	1842.0	2632.0	3973.0	4830.0	4904.0	3853.0	3824.0	4758.0	6469.0	9104.0	15402.0	50560.0	25290.0
	16.0	17.0	18.0	19.0	20.0	21.0	22.0	23.0	24.0	25.0	26.0	27.0	28.0	29.0	30.0	31.0	32.0	33.0	34.0	35.0	36.0	37.0	38.0	39.0	40.0
PD_183P_1_bbduk_adapt_filt	3.0	78.0	706.0	2389.0	5233.0	7246.0	8381.0	8986.0	9946.0	10764.0	12092.0	13321.0	16047.0	18571.0	22625.0	27062.0	34419.0	44642.0	62621.0	92762.0	154428.0	261449.0	632980.0	3861898.0	1771631.0
	13.0	14.0	15.0	16.0	17.0	18.0	19.0	20.0	21.0	22.0	23.0	24.0	25.0	26.0	27.0	28.0	29.0	30.0	31.0	32.0	33.0	34.0	35.0	36.0	37.0	38.0	39.0	40.0
PD_183P_2_bbduk_adapt_filt	2.0	4.0	97.0	671.0	3072.0	6367.0	9286.0	11910.0	12748.0	12186.0	11500.0	11704.0	11994.0	12557.0	12952.0	15105.0	16912.0	19419.0	22905.0	27871.0	35525.0	49067.0	73557.0	125835.0	232087.0	654165.0	3966645.0	1724137.0
	16.0	17.0	18.0	19.0	20.0	21.0	22.0	23.0	24.0	25.0	26.0	27.0	28.0	29.0	30.0	31.0	32.0	33.0	34.0	35.0	36.0	37.0	38.0	39.0	40.0
PD_184S_1_bbduk_adapt_filt	6.0	88.0	738.0	2766.0	5636.0	7449.0	8498.0	8917.0	9834.0	10916.0	11969.0	13450.0	15852.0	18857.0	22756.0	27230.0	35304.0	45515.0	64536.0	96457.0	160830.0	273994.0	667623.0	4230058.0	2097799.0
	12.0	13.0	14.0	15.0	16.0	17.0	18.0	19.0	20.0	21.0	22.0	23.0	24.0	25.0	26.0	27.0	28.0	29.0	30.0	31.0	32.0	33.0	34.0	35.0	36.0	37.0	38.0	39.0	40.0
PD_184S_2_bbduk_adapt_filt	1.0	0.0	10.0	85.0	853.0	3580.0	7357.0	9424.0	11171.0	11553.0	11055.0	10244.0	10507.0	10911.0	11484.0	12182.0	13976.0	15804.0	18992.0	21890.0	27264.0	34427.0	48347.0	72872.0	126990.0	237889.0	679600.0	4372719.0	2055891.0
	17.0	18.0	19.0	20.0	21.0	22.0	23.0	24.0	25.0	26.0	27.0	28.0	29.0	30.0	31.0	32.0	33.0	34.0	35.0	36.0	37.0	38.0	39.0	40.0
PD_188S_1_bbduk_adapt_filt	24.0	227.0	756.0	1585.0	2309.0	2596.0	3050.0	3479.0	3829.0	4326.0	4825.0	5976.0	7179.0	8800.0	10789.0	13801.0	18628.0	27014.0	41273.0	71769.0	127001.0	328917.0	2183904.0	1188911.0
	13.0	14.0	15.0	16.0	17.0	18.0	19.0	20.0	21.0	22.0	23.0	24.0	25.0	26.0	27.0	28.0	29.0	30.0	31.0	32.0	33.0	34.0	35.0	36.0	37.0	38.0	39.0	40.0
PD_188S_2_bbduk_adapt_filt	2.0	2.0	38.0	352.0	1455.0	2860.0	3802.0	4699.0	4900.0	4848.0	4616.0	4489.0	4599.0	4924.0	4988.0	5779.0	6444.0	7585.0	9111.0	11034.0	14197.0	19857.0	30658.0	53790.0	104983.0	315600.0	2207823.0	1227533.0
	15.0	16.0	17.0	18.0	19.0	20.0	21.0	22.0	23.0	24.0	25.0	26.0	27.0	28.0	29.0	30.0	31.0	32.0	33.0	34.0	35.0	36.0	37.0	38.0	39.0	40.0
PD_189P_1_bbduk_adapt_filt	1.0	0.0	53.0	400.0	1248.0	2698.0	3799.0	4449.0	4816.0	5509.0	6178.0	6884.0	7677.0	9137.0	10952.0	13527.0	15838.0	20958.0	26982.0	38587.0	57675.0	96883.0	165451.0	409385.0	2520140.0	1326424.0
	13.0	14.0	15.0	16.0	17.0	18.0	19.0	20.0	21.0	22.0	23.0	24.0	25.0	26.0	27.0	28.0	29.0	30.0	31.0	32.0	33.0	34.0	35.0	36.0	37.0	38.0	39.0	40.0
PD_189P_2_bbduk_adapt_filt	1.0	4.0	72.0	507.0	2029.0	4104.0	5453.0	6602.0	6853.0	6537.0	6203.0	6307.0	6393.0	6823.0	7114.0	8270.0	9160.0	10954.0	12890.0	16017.0	20367.0	28572.0	43349.0	75780.0	140521.0	410805.0	2643136.0	1270828.0
	17.0	18.0	19.0	20.0	21.0	22.0	23.0	24.0	25.0	26.0	27.0	28.0	29.0	30.0	31.0	32.0	33.0	34.0	35.0	36.0	37.0	38.0	39.0	40.0
PD_190S_1_bbduk_adapt_filt	47.0	323.0	1118.0	2482.0	3479.0	3896.0	4283.0	4925.0	5464.0	6062.0	6870.0	8141.0	9654.0	11818.0	14109.0	18556.0	24639.0	35104.0	52745.0	89693.0	157659.0	398382.0	2586839.0	1277723.0
	13.0	14.0	15.0	16.0	17.0	18.0	19.0	20.0	21.0	22.0	23.0	24.0	25.0	26.0	27.0	28.0	29.0	30.0	31.0	32.0	33.0	34.0	35.0	36.0	37.0	38.0	39.0	40.0
PD_190S_2_bbduk_adapt_filt	1.0	6.0	61.0	523.0	2224.0	4400.0	6199.0	7705.0	8285.0	7937.0	7386.0	7667.0	7635.0	7973.0	8147.0	9186.0	10254.0	11967.0	13707.0	17112.0	21353.0	29632.0	44486.0	77032.0	147054.0	430029.0	2672933.0	1163117.0
	15.0	16.0	17.0	18.0	19.0	20.0	21.0	22.0	23.0	24.0	25.0	26.0	27.0	28.0	29.0	30.0	31.0	32.0	33.0	34.0	35.0	36.0	37.0	38.0	39.0	40.0
PD_191P_1_bbduk_adapt_filt	1.0	5.0	78.0	319.0	496.0	567.0	522.0	546.0	459.0	565.0	688.0	877.0	816.0	1436.0	2118.0	3638.0	2967.0	2123.0	1497.0	2388.0	2783.0	4860.0	10090.0	13950.0	32953.0	26893.0
	13.0	14.0	15.0	16.0	17.0	18.0	19.0	20.0	21.0	22.0	23.0	24.0	25.0	26.0	27.0	28.0	29.0	30.0	31.0	32.0	33.0	34.0	35.0	36.0	37.0	38.0	39.0	40.0
PD_191P_2_bbduk_adapt_filt	1.0	4.0	21.0	243.0	889.0	1363.0	949.0	676.0	488.0	370.0	328.0	438.0	546.0	778.0	845.0	1199.0	1704.0	2743.0	3309.0	3457.0	2782.0	2831.0	3395.0	4904.0	6531.0	11980.0	32763.0	28098.0
	17.0	18.0	19.0	20.0	21.0	22.0	23.0	24.0	25.0	26.0	27.0	28.0	29.0	30.0	31.0	32.0	33.0	34.0	35.0	36.0	37.0	38.0	39.0	40.0
PD_192S_1_bbduk_adapt_filt	24.0	113.0	236.0	325.0	382.0	403.0	362.0	452.0	503.0	599.0	530.0	940.0	1483.0	1662.0	1290.0	1668.0	1881.0	3328.0	4703.0	11284.0	20232.0	14318.0	2709.0	20545.0
	13.0	14.0	15.0	16.0	17.0	18.0	19.0	20.0	21.0	22.0	23.0	24.0	25.0	26.0	27.0	28.0	29.0	30.0	31.0	32.0	33.0	34.0	35.0	36.0	37.0	38.0	39.0	40.0
PD_192S_2_bbduk_adapt_filt	3.0	12.0	13.0	48.0	148.0	168.0	117.0	98.0	70.0	63.0	62.0	86.0	164.0	241.0	328.0	526.0	711.0	981.0	1219.0	1445.0	1532.0	2141.0	3164.0	5065.0	7148.0	11208.0	22102.0	31109.0
	17.0	18.0	19.0	20.0	21.0	22.0	23.0	24.0	25.0	26.0	27.0	28.0	29.0	30.0	31.0	32.0	33.0	34.0	35.0	36.0	37.0	38.0	39.0	40.0
PD_193P_1_bbduk_adapt_filt	49.0	380.0	1307.0	2789.0	3939.0	4678.0	5089.0	5713.0	6265.0	7116.0	8047.0	9719.0	11421.0	14375.0	17013.0	22091.0	28902.0	41408.0	62548.0	103987.0	179500.0	444740.0	2792518.0	1484893.0
	13.0	14.0	15.0	16.0	17.0	18.0	19.0	20.0	21.0	22.0	23.0	24.0	25.0	26.0	27.0	28.0	29.0	30.0	31.0	32.0	33.0	34.0	35.0	36.0	37.0	38.0	39.0	40.0
PD_193P_2_bbduk_adapt_filt	1.0	8.0	70.0	585.0	2438.0	4827.0	6260.0	7704.0	8026.0	7794.0	7243.0	7420.0	7396.0	7819.0	8412.0	9679.0	10838.0	12686.0	14606.0	18390.0	23190.0	32489.0	48574.0	84502.0	158915.0	457388.0	2915676.0	1395551.0
	16.0	17.0	18.0	19.0	20.0	21.0	22.0	23.0	24.0	25.0	26.0	27.0	28.0	29.0	30.0	31.0	32.0	33.0	34.0	35.0	36.0	37.0	38.0	39.0	40.0
PD_194S_1_bbduk_adapt_filt	3.0	13.0	180.0	546.0	1102.0	1666.0	2046.0	2333.0	2643.0	2938.0	3450.0	3923.0	4914.0	5753.0	7042.0	8704.0	11586.0	15545.0	22701.0	34987.0	61317.0	112319.0	300267.0	2086508.0	1113186.0
	14.0	15.0	16.0	17.0	18.0	19.0	20.0	21.0	22.0	23.0	24.0	25.0	26.0	27.0	28.0	29.0	30.0	31.0	32.0	33.0	34.0	35.0	36.0	37.0	38.0	39.0	40.0
PD_194S_2_bbduk_adapt_filt	8.0	63.0	460.0	1846.0	3315.0	4007.0	4727.0	4736.0	4570.0	4241.0	4337.0	4375.0	4389.0	4649.0	5269.0	5839.0	6666.0	7790.0	9704.0	12322.0	17068.0	25917.0	46275.0	92029.0	291893.0	2135123.0	1104054.0
	16.0	17.0	18.0	19.0	20.0	21.0	22.0	23.0	24.0	25.0	26.0	27.0	28.0	29.0	30.0	31.0	32.0	33.0	34.0	35.0	36.0	37.0	38.0	39.0	40.0
PD_195_1_bbduk_adapt_filt	1.0	53.0	388.0	1351.0	2961.0	4208.0	4888.0	5382.0	6273.0	7023.0	8108.0	8927.0	10741.0	12548.0	15628.0	18424.0	24176.0	31649.0	45452.0	68514.0	115469.0	201023.0	503587.0	3145633.0	1494333.0
	13.0	14.0	15.0	16.0	17.0	18.0	19.0	20.0	21.0	22.0	23.0	24.0	25.0	26.0	27.0	28.0	29.0	30.0	31.0	32.0	33.0	34.0	35.0	36.0	37.0	38.0	39.0	40.0
PD_195_2_bbduk_adapt_filt	1.0	6.0	61.0	481.0	2086.0	4069.0	5417.0	6713.0	7003.0	6497.0	6492.0	6629.0	6794.0	7163.0	7561.0	8844.0	9959.0	11582.0	13656.0	17208.0	21627.0	30802.0	47194.0	82748.0	157920.0	467287.0	3209756.0	1591184.0
	16.0	17.0	18.0	19.0	20.0	21.0	22.0	23.0	24.0	25.0	26.0	27.0	28.0	29.0	30.0	31.0	32.0	33.0	34.0	35.0	36.0	37.0	38.0	39.0	40.0
PD_196_1_bbduk_adapt_filt	4.0	71.0	611.0	2009.0	4349.0	5934.0	7056.0	7392.0	8285.0	8929.0	10211.0	11203.0	13578.0	15975.0	19490.0	23172.0	30041.0	39115.0	55224.0	82978.0	139040.0	240747.0	592342.0	3646483.0	1790673.0
	14.0	15.0	16.0	17.0	18.0	19.0	20.0	21.0	22.0	23.0	24.0	25.0	26.0	27.0	28.0	29.0	30.0	31.0	32.0	33.0	34.0	35.0	36.0	37.0	38.0	39.0	40.0
PD_196_2_bbduk_adapt_filt	7.0	76.0	738.0	3104.0	6463.0	9499.0	12310.0	13357.0	12469.0	11591.0	11604.0	11534.0	11853.0	11958.0	13607.0	15235.0	17749.0	20255.0	25366.0	32148.0	44828.0	67238.0	115557.0	216627.0	615868.0	3779793.0	1674078.0
	16.0	17.0	18.0	19.0	20.0	21.0	22.0	23.0	24.0	25.0	26.0	27.0	28.0	29.0	30.0	31.0	32.0	33.0	34.0	35.0	36.0	37.0	38.0	39.0	40.0
PD_197_1_bbduk_adapt_filt	4.0	54.0	499.0	1712.0	3610.0	5151.0	5990.0	6488.0	7296.0	8116.0	9025.0	10091.0	12292.0	14430.0	17623.0	20610.0	26886.0	34930.0	49798.0	73897.0	123812.0	214964.0	526238.0	3075174.0	1434132.0
	13.0	14.0	15.0	16.0	17.0	18.0	19.0	20.0	21.0	22.0	23.0	24.0	25.0	26.0	27.0	28.0	29.0	30.0	31.0	32.0	33.0	34.0	35.0	36.0	37.0	38.0	39.0	40.0
PD_197_2_bbduk_adapt_filt	1.0	12.0	63.0	744.0	3107.0	6500.0	9503.0	12830.0	13576.0	13071.0	12337.0	12007.0	11935.0	11937.0	11985.0	13317.0	14715.0	16837.0	18995.0	23602.0	29659.0	41113.0	60814.0	103759.0	193735.0	540960.0	3094924.0	1410784.0
	17.0	18.0	19.0	20.0	21.0	22.0	23.0	24.0	25.0	26.0	27.0	28.0	29.0	30.0	31.0	32.0	33.0	34.0	35.0	36.0	37.0	38.0	39.0	40.0
PD_198_1_bbduk_adapt_filt	42.0	387.0	1360.0	2953.0	4237.0	4667.0	4795.0	5567.0	5859.0	6677.0	7352.0	8927.0	10263.0	12406.0	14896.0	18813.0	24581.0	34068.0	51056.0	84615.0	144268.0	352593.0	2255298.0	1003912.0
	14.0	15.0	16.0	17.0	18.0	19.0	20.0	21.0	22.0	23.0	24.0	25.0	26.0	27.0	28.0	29.0	30.0	31.0	32.0	33.0	34.0	35.0	36.0	37.0	38.0	39.0	40.0
PD_198_2_bbduk_adapt_filt	10.0	79.0	521.0	2216.0	4420.0	6208.0	7634.0	7599.0	7453.0	6856.0	6964.0	6836.0	7247.0	7377.0	8407.0	9479.0	11043.0	12898.0	15830.0	20416.0	28418.0	42299.0	72268.0	134198.0	383346.0	2361834.0	887736.0
	39.0
PD_199P_1_bbduk_adapt_filt	1.0
	9.0
PD_199P_2_bbduk_adapt_filt	1.0
	16.0	17.0	18.0	19.0	20.0	21.0	22.0	23.0	24.0	25.0	26.0	27.0	28.0	29.0	30.0	31.0	32.0	33.0	34.0	35.0	36.0	37.0	38.0	39.0	40.0
PD_1P_1_bbduk_adapt_filt	2.0	22.0	260.0	970.0	1988.0	2812.0	3476.0	3728.0	4412.0	4894.0	5749.0	6367.0	7721.0	9153.0	11368.0	13236.0	17453.0	22852.0	32720.0	49473.0	83346.0	142362.0	346901.0	2099963.0	1216501.0
	13.0	14.0	15.0	16.0	17.0	18.0	19.0	20.0	21.0	22.0	23.0	24.0	25.0	26.0	27.0	28.0	29.0	30.0	31.0	32.0	33.0	34.0	35.0	36.0	37.0	38.0	39.0	40.0
PD_1P_2_bbduk_adapt_filt	2.0	3.0	47.0	457.0	2020.0	3924.0	4880.0	5784.0	6067.0	5771.0	5489.0	5685.0	5612.0	5711.0	6151.0	6768.0	7794.0	9154.0	10451.0	13363.0	16505.0	23161.0	34518.0	59372.0	112872.0	324402.0	2140796.0	1270970.0
	16.0	17.0	18.0	19.0	20.0	21.0	22.0	23.0	24.0	25.0	26.0	27.0	28.0	29.0	30.0	31.0	32.0	33.0	34.0	35.0	36.0	37.0	38.0	39.0	40.0
PD_200S_1_bbduk_adapt_filt	2.0	46.0	458.0	1462.0	3180.0	4536.0	5138.0	5379.0	6216.0	6844.0	7458.0	8334.0	10186.0	11807.0	14474.0	17150.0	22371.0	29060.0	41166.0	61397.0	103403.0	176681.0	436931.0	2774515.0	1446302.0
	14.0	15.0	16.0	17.0	18.0	19.0	20.0	21.0	22.0	23.0	24.0	25.0	26.0	27.0	28.0	29.0	30.0	31.0	32.0	33.0	34.0	35.0	36.0	37.0	38.0	39.0	40.0
PD_200S_2_bbduk_adapt_filt	6.0	68.0	529.0	2224.0	4662.0	6593.0	8594.0	9151.0	8758.0	8381.0	8435.0	8719.0	8778.0	9247.0	10503.0	11715.0	13509.0	15649.0	19282.0	24409.0	34049.0	50593.0	87231.0	163675.0	470297.0	2899510.0	1309929.0
	16.0	17.0	18.0	19.0	20.0	21.0	22.0	23.0	24.0	25.0	26.0	27.0	28.0	29.0	30.0	31.0	32.0	33.0	34.0	35.0	36.0	37.0	38.0	39.0	40.0
PD_203_1_bbduk_adapt_filt	1.0	42.0	277.0	975.0	1908.0	2827.0	3316.0	3662.0	4152.0	4698.0	5348.0	6278.0	7179.0	8835.0	10745.0	12914.0	17024.0	22642.0	32830.0	49702.0	85855.0	154072.0	405739.0	2578091.0	1069770.0
	14.0	15.0	16.0	17.0	18.0	19.0	20.0	21.0	22.0	23.0	24.0	25.0	26.0	27.0	28.0	29.0	30.0	31.0	32.0	33.0	34.0	35.0	36.0	37.0	38.0	39.0	40.0
PD_203_2_bbduk_adapt_filt	2.0	75.0	480.0	1690.0	3258.0	4006.0	4934.0	5109.0	4922.0	4768.0	4781.0	5149.0	5339.0	5598.0	6543.0	7366.0	8508.0	9918.0	12556.0	16241.0	22544.0	34617.0	62008.0	121604.0	370514.0	2547376.0	1218976.0
	16.0	17.0	18.0	19.0	20.0	21.0	22.0	23.0	24.0	25.0	26.0	27.0	28.0	29.0	30.0	31.0	32.0	33.0	34.0	35.0	36.0	37.0	38.0	39.0	40.0
PD_204_1_bbduk_adapt_filt	1.0	30.0	305.0	1086.0	2166.0	2966.0	3602.0	4151.0	4570.0	5143.0	5783.0	6642.0	8031.0	9440.0	11750.0	14175.0	18527.0	24174.0	34851.0	53277.0	90331.0	159463.0	410972.0	2474458.0	1088849.0
	14.0	15.0	16.0	17.0	18.0	19.0	20.0	21.0	22.0	23.0	24.0	25.0	26.0	27.0	28.0	29.0	30.0	31.0	32.0	33.0	34.0	35.0	36.0	37.0	38.0	39.0	40.0
PD_204_2_bbduk_adapt_filt	6.0	58.0	475.0	1876.0	3853.0	5375.0	6708.0	6938.0	6717.0	6438.0	6603.0	6366.0	6572.0	6835.0	7658.0	8638.0	9967.0	11549.0	14509.0	18533.0	25854.0	38745.0	67793.0	129014.0	380556.0	2404949.0	1252158.0
	16.0	17.0	18.0	19.0	20.0	21.0	22.0	23.0	24.0	25.0	26.0	27.0	28.0	29.0	30.0	31.0	32.0	33.0	34.0	35.0	36.0	37.0	38.0	39.0	40.0
PD_205P_1_bbduk_adapt_filt	1.0	20.0	150.0	434.0	930.0	1280.0	1606.0	1810.0	2064.0	2530.0	2813.0	3104.0	3798.0	4614.0	5655.0	7069.0	9239.0	12632.0	18371.0	29057.0	51977.0	98093.0	268841.0	1976388.0	923099.0
	14.0	15.0	16.0	17.0	18.0	19.0	20.0	21.0	22.0	23.0	24.0	25.0	26.0	27.0	28.0	29.0	30.0	31.0	32.0	33.0	34.0	35.0	36.0	37.0	38.0	39.0	40.0
PD_205P_2_bbduk_adapt_filt	3.0	84.0	540.0	2040.0	3653.0	4290.0	5046.0	4853.0	4470.0	4302.0	4259.0	4137.0	4261.0	4398.0	4699.0	5197.0	6113.0	6883.0	8670.0	10725.0	14883.0	22940.0	41151.0	84787.0	274198.0	2030589.0	868404.0
	16.0	17.0	18.0	19.0	20.0	21.0	22.0	23.0	24.0	25.0	26.0	27.0	28.0	29.0	30.0	31.0	32.0	33.0	34.0	35.0	36.0	37.0	38.0	39.0	40.0
PD_206S_1_bbduk_adapt_filt	4.0	71.0	472.0	1841.0	3929.0	5330.0	6254.0	6411.0	7454.0	8309.0	9222.0	10139.0	12158.0	14470.0	17780.0	21144.0	27668.0	35751.0	50601.0	75734.0	128157.0	219869.0	545084.0	3288219.0	1565524.0
	12.0	13.0	14.0	15.0	16.0	17.0	18.0	19.0	20.0	21.0	22.0	23.0	24.0	25.0	26.0	27.0	28.0	29.0	30.0	31.0	32.0	33.0	34.0	35.0	36.0	37.0	38.0	39.0	40.0
PD_206S_2_bbduk_adapt_filt	1.0	1.0	4.0	87.0	756.0	3062.0	6216.0	9026.0	11930.0	12462.0	12062.0	11395.0	11264.0	11049.0	11578.0	11580.0	12753.0	14443.0	16537.0	19083.0	23478.0	29971.0	41647.0	62055.0	106775.0	199459.0	563922.0	3317206.0	1541793.0
	16.0	17.0	18.0	19.0	20.0	21.0	22.0	23.0	24.0	25.0	26.0	27.0	28.0	29.0	30.0	31.0	32.0	33.0	34.0	35.0	36.0	37.0	38.0	39.0	40.0
PD_207P_1_bbduk_adapt_filt	1.0	74.0	536.0	2092.0	4295.0	5720.0	6495.0	7033.0	7774.0	8474.0	9565.0	10512.0	12213.0	14323.0	17260.0	20494.0	26364.0	34029.0	47570.0	70604.0	115504.0	194441.0	465369.0	2814200.0	1471609.0
	14.0	15.0	16.0	17.0	18.0	19.0	20.0	21.0	22.0	23.0	24.0	25.0	26.0	27.0	28.0	29.0	30.0	31.0	32.0	33.0	34.0	35.0	36.0	37.0	38.0	39.0	40.0
PD_207P_2_bbduk_adapt_filt	3.0	70.0	719.0	2737.0	5520.0	7626.0	9698.0	9905.0	9523.0	8770.0	8882.0	8917.0	9413.0	9728.0	11118.0	12784.0	14552.0	17075.0	21110.0	26904.0	37594.0	55999.0	94772.0	173058.0	486453.0	3007190.0	1316431.0
	16.0	17.0	18.0	19.0	20.0	21.0	22.0	23.0	24.0	25.0	26.0	27.0	28.0	29.0	30.0	31.0	32.0	33.0	34.0	35.0	36.0	37.0	38.0	39.0	40.0
PD_208S_1_bbduk_adapt_filt	3.0	30.0	253.0	859.0	1802.0	2601.0	3029.0	3354.0	3783.0	4248.0	4865.0	5303.0	6579.0	7933.0	9518.0	11535.0	14819.0	19894.0	28497.0	43669.0	75053.0	134304.0	350862.0	2338530.0	1126160.0
	14.0	15.0	16.0	17.0	18.0	19.0	20.0	21.0	22.0	23.0	24.0	25.0	26.0	27.0	28.0	29.0	30.0	31.0	32.0	33.0	34.0	35.0	36.0	37.0	38.0	39.0	40.0
PD_208S_2_bbduk_adapt_filt	2.0	39.0	404.0	1715.0	3278.0	4377.0	5356.0	5638.0	5455.0	5262.0	5333.0	5314.0	5595.0	5804.0	6515.0	7437.0	8791.0	10104.0	12454.0	16123.0	22306.0	34045.0	60523.0	117662.0	355923.0	2386138.0	1105890.0
	16.0	17.0	18.0	19.0	20.0	21.0	22.0	23.0	24.0	25.0	26.0	27.0	28.0	29.0	30.0	31.0	32.0	33.0	34.0	35.0	36.0	37.0	38.0	39.0	40.0
PD_209P_1_bbduk_adapt_filt	1.0	43.0	384.0	1347.0	2856.0	4049.0	4597.0	4954.0	5585.0	6217.0	6950.0	7812.0	9501.0	11212.0	13876.0	16675.0	21640.0	28448.0	40974.0	61803.0	103920.0	181781.0	455639.0	2996028.0	1529722.0
	14.0	15.0	16.0	17.0	18.0	19.0	20.0	21.0	22.0	23.0	24.0	25.0	26.0	27.0	28.0	29.0	30.0	31.0	32.0	33.0	34.0	35.0	36.0	37.0	38.0	39.0	40.0
PD_209P_2_bbduk_adapt_filt	8.0	82.0	594.0	2456.0	4826.0	6282.0	7696.0	7868.0	7427.0	7045.0	7129.0	7236.0	7567.0	7963.0	9054.0	10250.0	11845.0	13802.0	17046.0	21731.0	30333.0	45565.0	80312.0	153537.0	450387.0	3084643.0	1513330.0
	16.0	17.0	18.0	19.0	20.0	21.0	22.0	23.0	24.0	25.0	26.0	27.0	28.0	29.0	30.0	31.0	32.0	33.0	34.0	35.0	36.0	37.0	38.0	39.0	40.0
PD_210S_1_bbduk_adapt_filt	2.0	38.0	338.0	1118.0	2511.0	3543.0	4024.0	4382.0	5003.0	5382.0	6176.0	7036.0	8402.0	9996.0	12115.0	14671.0	19131.0	25219.0	35831.0	54186.0	92107.0	160963.0	402383.0	2575181.0	1285158.0
	14.0	15.0	16.0	17.0	18.0	19.0	20.0	21.0	22.0	23.0	24.0	25.0	26.0	27.0	28.0	29.0	30.0	31.0	32.0	33.0	34.0	35.0	36.0	37.0	38.0	39.0	40.0
PD_210S_2_bbduk_adapt_filt	5.0	83.0	612.0	2582.0	5220.0	7367.0	9402.0	9670.0	9448.0	8665.0	8682.0	8441.0	8812.0	8750.0	9803.0	10993.0	12611.0	14779.0	17960.0	22600.0	31125.0	46868.0	81286.0	153773.0	438398.0	2646071.0	1160890.0
	16.0	17.0	18.0	19.0	20.0	21.0	22.0	23.0	24.0	25.0	26.0	27.0	28.0	29.0	30.0	31.0	32.0	33.0	34.0	35.0	36.0	37.0	38.0	39.0	40.0
PD_211P_1_bbduk_adapt_filt	1.0	27.0	194.0	339.0	424.0	481.0	472.0	467.0	574.0	645.0	771.0	849.0	1607.0	3335.0	3272.0	1589.0	1787.0	1981.0	4559.0	7686.0	7744.0	5764.0	9038.0	39788.0	28852.0
	13.0	14.0	15.0	16.0	17.0	18.0	19.0	20.0	21.0	22.0	23.0	24.0	25.0	26.0	27.0	28.0	29.0	30.0	31.0	32.0	33.0	34.0	35.0	36.0	37.0	38.0	39.0	40.0
PD_211P_2_bbduk_adapt_filt	4.0	2.0	26.0	315.0	1377.0	2000.0	1508.0	1040.0	641.0	499.0	400.0	533.0	697.0	969.0	1122.0	1620.0	2195.0	3233.0	4002.0	4043.0	3421.0	3193.0	3752.0	4954.0	6377.0	11471.0	35366.0	27486.0
	17.0	18.0	19.0	20.0	21.0	22.0	23.0	24.0	25.0	26.0	27.0	28.0	29.0	30.0	31.0	32.0	33.0	34.0	35.0	36.0	37.0	38.0	39.0	40.0
PD_212S_1_bbduk_adapt_filt	17.0	143.0	317.0	442.0	518.0	530.0	516.0	533.0	563.0	679.0	903.0	1597.0	1577.0	1209.0	1048.0	1139.0	856.0	1329.0	1664.0	2276.0	3856.0	8999.0	23104.0	11907.0
	14.0	15.0	16.0	17.0	18.0	19.0	20.0	21.0	22.0	23.0	24.0	25.0	26.0	27.0	28.0	29.0	30.0	31.0	32.0	33.0	34.0	35.0	36.0	37.0	38.0	39.0	40.0
PD_212S_2_bbduk_adapt_filt	1.0	4.0	92.0	358.0	506.0	353.0	223.0	160.0	153.0	129.0	163.0	234.0	340.0	453.0	665.0	966.0	1457.0	1628.0	1789.0	1658.0	1969.0	2505.0	3419.0	4347.0	7173.0	20602.0	14375.0
	16.0	17.0	18.0	19.0	20.0	21.0	22.0	23.0	24.0	25.0	26.0	27.0	28.0	29.0	30.0	31.0	32.0	33.0	34.0	35.0	36.0	37.0	38.0	39.0	40.0
PD_213S_1_bbduk_adapt_filt	1.0	70.0	654.0	2252.0	4618.0	6308.0	7040.0	7516.0	8441.0	8995.0	10094.0	11319.0	13257.0	15760.0	18797.0	22661.0	29105.0	37285.0	52412.0	78319.0	129908.0	219139.0	532357.0	3253315.0	1593708.0
	14.0	15.0	16.0	17.0	18.0	19.0	20.0	21.0	22.0	23.0	24.0	25.0	26.0	27.0	28.0	29.0	30.0	31.0	32.0	33.0	34.0	35.0	36.0	37.0	38.0	39.0	40.0
PD_213S_2_bbduk_adapt_filt	9.0	81.0	656.0	2718.0	5811.0	8386.0	10306.0	10656.0	10365.0	9660.0	9870.0	9796.0	10483.0	10782.0	12099.0	13939.0	16258.0	18502.0	23312.0	29249.0	40529.0	59964.0	103482.0	191118.0	536535.0	3354259.0	1564506.0
	16.0	17.0	18.0	19.0	20.0	21.0	22.0	23.0	24.0	25.0	26.0	27.0	28.0	29.0	30.0	31.0	32.0	33.0	34.0	35.0	36.0	37.0	38.0	39.0	40.0
PD_214S_1_bbduk_adapt_filt	1.0	32.0	290.0	1036.0	2218.0	3052.0	3484.0	3811.0	4277.0	4834.0	5649.0	6301.0	7528.0	8920.0	10931.0	13428.0	17395.0	22929.0	33369.0	50652.0	87663.0	155509.0	401279.0	2655732.0	1213023.0
	13.0	14.0	15.0	16.0	17.0	18.0	19.0	20.0	21.0	22.0	23.0	24.0	25.0	26.0	27.0	28.0	29.0	30.0	31.0	32.0	33.0	34.0	35.0	36.0	37.0	38.0	39.0	40.0
PD_214S_2_bbduk_adapt_filt	1.0	5.0	64.0	473.0	2044.0	4086.0	5484.0	6787.0	7002.0	6757.0	6530.0	6599.0	6873.0	7057.0	7248.0	8236.0	9213.0	10665.0	11983.0	15105.0	18905.0	26489.0	39981.0	70692.0	138188.0	416960.0	2707661.0	1172255.0
	16.0	17.0	18.0	19.0	20.0	21.0	22.0	23.0	24.0	25.0	26.0	27.0	28.0	29.0	30.0	31.0	32.0	33.0	34.0	35.0	36.0	37.0	38.0	39.0	40.0
PD_215S_1_bbduk_adapt_filt	1.0	53.0	451.0	1590.0	3318.0	4755.0	5384.0	5903.0	6709.0	7609.0	8582.0	9701.0	11829.0	13985.0	17699.0	21092.0	27616.0	36323.0	52395.0	79563.0	135922.0	238374.0	607527.0	3843586.0	1820286.0
	13.0	14.0	15.0	16.0	17.0	18.0	19.0	20.0	21.0	22.0	23.0	24.0	25.0	26.0	27.0	28.0	29.0	30.0	31.0	32.0	33.0	34.0	35.0	36.0	37.0	38.0	39.0	40.0
PD_215S_2_bbduk_adapt_filt	1.0	18.0	123.0	910.0	3346.0	6798.0	9157.0	11417.0	11776.0	11173.0	10792.0	10737.0	10762.0	11195.0	11571.0	13236.0	14757.0	17004.0	19484.0	23959.0	30456.0	43007.0	64180.0	112391.0	215676.0	633944.0	3893293.0	1769090.0
	16.0	17.0	18.0	19.0	20.0	21.0	22.0	23.0	24.0	25.0	26.0	27.0	28.0	29.0	30.0	31.0	32.0	33.0	34.0	35.0	36.0	37.0	38.0	39.0	40.0
PD_216S_1_bbduk_adapt_filt	1.0	87.0	476.0	968.0	994.0	907.0	747.0	695.0	594.0	641.0	638.0	727.0	1175.0	1846.0	2293.0	1742.0	1735.0	2219.0	3787.0	6858.0	10801.0	7140.0	6049.0	27923.0	13363.0
	14.0	15.0	16.0	17.0	18.0	19.0	20.0	21.0	22.0	23.0	24.0	25.0	26.0	27.0	28.0	29.0	30.0	31.0	32.0	33.0	34.0	35.0	36.0	37.0	38.0	39.0	40.0
PD_216S_2_bbduk_adapt_filt	4.0	12.0	174.0	665.0	1003.0	703.0	477.0	305.0	276.0	210.0	295.0	366.0	566.0	696.0	876.0	1358.0	1989.0	2610.0	2483.0	2195.0	2373.0	3077.0	4646.0	6087.0	9850.0	34425.0	16685.0
	17.0	18.0	19.0	20.0	21.0	22.0	23.0	24.0	25.0	26.0	27.0	28.0	29.0	30.0	31.0	32.0	33.0	34.0	35.0	36.0	37.0	38.0	39.0	40.0
PD_217P_1_bbduk_adapt_filt	19.0	122.0	283.0	412.0	419.0	486.0	399.0	506.0	564.0	680.0	723.0	1244.0	1932.0	1794.0	1329.0	1489.0	1396.0	2066.0	2542.0	4106.0	7727.0	19024.0	51717.0	28467.0
	12.0	13.0	14.0	15.0	16.0	17.0	18.0	19.0	20.0	21.0	22.0	23.0	24.0	25.0	26.0	27.0	28.0	29.0	30.0	31.0	32.0	33.0	34.0	35.0	36.0	37.0	38.0	39.0	40.0
PD_217P_2_bbduk_adapt_filt	1.0	3.0	9.0	27.0	325.0	1270.0	1831.0	1339.0	869.0	633.0	467.0	435.0	544.0	691.0	975.0	1202.0	1707.0	2377.0	3359.0	3781.0	3672.0	3186.0	3289.0	3781.0	5068.0	6734.0	12779.0	45411.0	23681.0
	22.0	23.0	24.0	25.0	26.0	27.0	28.0	29.0	30.0	31.0	32.0	33.0	34.0	35.0	36.0	37.0	38.0	39.0	40.0
PD_218S_1_bbduk_adapt_filt	1.0	0.0	3.0	0.0	1.0	4.0	3.0	6.0	9.0	7.0	6.0	6.0	11.0	19.0	37.0	60.0	141.0	677.0	502.0
	14.0	15.0	16.0	17.0	18.0	19.0	20.0	21.0	22.0	23.0	24.0	25.0	26.0	27.0	28.0	29.0	30.0	31.0	32.0	33.0	34.0	35.0	36.0	37.0	38.0	39.0	40.0
PD_218S_2_bbduk_adapt_filt	1.0	0.0	4.0	2.0	4.0	7.0	12.0	12.0	18.0	11.0	12.0	16.0	16.0	10.0	19.0	5.0	14.0	13.0	7.0	14.0	12.0	22.0	33.0	40.0	122.0	675.0	392.0
	16.0	17.0	18.0	19.0	20.0	21.0	22.0	23.0	24.0	25.0	26.0	27.0	28.0	29.0	30.0	31.0	32.0	33.0	34.0	35.0	36.0	37.0	38.0	39.0	40.0
PD_221P_1_bbduk_adapt_filt	3.0	43.0	318.0	1037.0	2223.0	3322.0	3788.0	4129.0	4763.0	5311.0	5932.0	6657.0	8023.0	9651.0	11822.0	14266.0	18588.0	24526.0	35046.0	53491.0	91315.0	162982.0	414531.0	2764031.0	1362098.0
	14.0	15.0	16.0	17.0	18.0	19.0	20.0	21.0	22.0	23.0	24.0	25.0	26.0	27.0	28.0	29.0	30.0	31.0	32.0	33.0	34.0	35.0	36.0	37.0	38.0	39.0	40.0
PD_221P_2_bbduk_adapt_filt	6.0	44.0	505.0	2285.0	4341.0	5640.0	6819.0	7045.0	6851.0	6425.0	6769.0	6812.0	7083.0	7293.0	8534.0	9471.0	10879.0	12551.0	15738.0	20028.0	27355.0	41582.0	72867.0	140512.0	424774.0	2854185.0	1301502.0
	16.0	17.0	18.0	19.0	20.0	21.0	22.0	23.0	24.0	25.0	26.0	27.0	28.0	29.0	30.0	31.0	32.0	33.0	34.0	35.0	36.0	37.0	38.0	39.0	40.0
PD_222S_1_bbduk_adapt_filt	1.0	38.0	219.0	760.0	1717.0	2444.0	2941.0	3332.0	3877.0	4416.0	5102.0	5717.0	6995.0	8407.0	10375.0	12860.0	16976.0	22467.0	32842.0	50705.0	88745.0	159073.0	412082.0	2636907.0	1361014.0
	14.0	15.0	16.0	17.0	18.0	19.0	20.0	21.0	22.0	23.0	24.0	25.0	26.0	27.0	28.0	29.0	30.0	31.0	32.0	33.0	34.0	35.0	36.0	37.0	38.0	39.0	40.0
PD_222S_2_bbduk_adapt_filt	4.0	57.0	517.0	2336.0	4539.0	6215.0	7626.0	8089.0	7910.0	7370.0	7573.0	7488.0	7445.0	7675.0	8418.0	9322.0	10900.0	12327.0	15298.0	19275.0	26257.0	40083.0	70897.0	138376.0	418967.0	2683528.0	1321520.0
	16.0	17.0	18.0	19.0	20.0	21.0	22.0	23.0	24.0	25.0	26.0	27.0	28.0	29.0	30.0	31.0	32.0	33.0	34.0	35.0	36.0	37.0	38.0	39.0	40.0
PD_223P_1_bbduk_adapt_filt	2.0	67.0	527.0	1606.0	3431.0	4735.0	5488.0	6110.0	6959.0	7599.0	8635.0	9645.0	11543.0	14080.0	17147.0	20552.0	26940.0	35492.0	51111.0	77122.0	132145.0	234083.0	592573.0	3824253.0	1827949.0
	14.0	15.0	16.0	17.0	18.0	19.0	20.0	21.0	22.0	23.0	24.0	25.0	26.0	27.0	28.0	29.0	30.0	31.0	32.0	33.0	34.0	35.0	36.0	37.0	38.0	39.0	40.0
PD_223P_2_bbduk_adapt_filt	3.0	76.0	597.0	2768.0	5645.0	8071.0	10570.0	11475.0	11383.0	10636.0	10596.0	10557.0	10902.0	11149.0	12692.0	13903.0	15774.0	18299.0	22741.0	28602.0	39261.0	59387.0	104008.0	201599.0	596179.0	3849432.0	1853489.0
	15.0	16.0	17.0	18.0	19.0	20.0	21.0	22.0	23.0	24.0	25.0	26.0	27.0	28.0	29.0	30.0	31.0	32.0	33.0	34.0	35.0	36.0	37.0	38.0	39.0	40.0
PD_224S_1_bbduk_adapt_filt	1.0	3.0	62.0	584.0	1978.0	4012.0	5703.0	6582.0	7237.0	8255.0	8937.0	10341.0	11317.0	13815.0	16625.0	20553.0	24726.0	31940.0	41955.0	60490.0	90965.0	153550.0	267550.0	684030.0	4145112.0	1817102.0
	12.0	13.0	14.0	15.0	16.0	17.0	18.0	19.0	20.0	21.0	22.0	23.0	24.0	25.0	26.0	27.0	28.0	29.0	30.0	31.0	32.0	33.0	34.0	35.0	36.0	37.0	38.0	39.0	40.0
PD_224S_2_bbduk_adapt_filt	1.0	0.0	12.0	126.0	857.0	3507.0	6906.0	9055.0	11303.0	11705.0	11252.0	11044.0	11088.0	11135.0	12002.0	12600.0	14543.0	16354.0	18980.0	21811.0	27726.0	34710.0	48769.0	72956.0	127560.0	242821.0	710198.0	4243957.0	1740447.0
	16.0	17.0	18.0	19.0	20.0	21.0	22.0	23.0	24.0	25.0	26.0	27.0	28.0	29.0	30.0	31.0	32.0	33.0	34.0	35.0	36.0	37.0	38.0	39.0	40.0
PD_225P_1_bbduk_adapt_filt	1.0	62.0	471.0	1593.0	3288.0	4715.0	5495.0	5940.0	6752.0	7518.0	8460.0	9369.0	11245.0	13202.0	16315.0	19650.0	25794.0	33756.0	47971.0	73095.0	123274.0	213152.0	531409.0	3441414.0	1743206.0
	13.0	14.0	15.0	16.0	17.0	18.0	19.0	20.0	21.0	22.0	23.0	24.0	25.0	26.0	27.0	28.0	29.0	30.0	31.0	32.0	33.0	34.0	35.0	36.0	37.0	38.0	39.0	40.0
PD_225P_2_bbduk_adapt_filt	1.0	9.0	73.0	700.0	2704.0	5293.0	6760.0	7975.0	8179.0	7847.0	7470.0	7582.0	7977.0	8458.0	8881.0	10075.0	11434.0	13592.0	15869.0	19772.0	25071.0	35361.0	53307.0	93382.0	177276.0	519421.0	3543964.0	1748714.0
	17.0	18.0	19.0	20.0	21.0	22.0	23.0	24.0	25.0	26.0	27.0	28.0	29.0	30.0	31.0	32.0	33.0	34.0	35.0	36.0	37.0	38.0	39.0	40.0
PD_226S_1_bbduk_adapt_filt	54.0	412.0	1339.0	3108.0	4378.0	5013.0	5589.0	6172.0	6740.0	7605.0	8397.0	10159.0	12073.0	14477.0	17436.0	22470.0	29118.0	41203.0	61030.0	102117.0	174574.0	424190.0	2575989.0	1289628.0
	14.0	15.0	16.0	17.0	18.0	19.0	20.0	21.0	22.0	23.0	24.0	25.0	26.0	27.0	28.0	29.0	30.0	31.0	32.0	33.0	34.0	35.0	36.0	37.0	38.0	39.0	40.0
PD_226S_2_bbduk_adapt_filt	2.0	54.0	607.0	2452.0	5046.0	7366.0	10045.0	10392.0	10100.0	9329.0	9342.0	9566.0	9748.0	9949.0	11089.0	12510.0	14675.0	16599.0	20427.0	25847.0	35837.0	53216.0	91093.0	169073.0	464379.0	2640409.0	1174119.0
	16.0	17.0	18.0	19.0	20.0	21.0	22.0	23.0	24.0	25.0	26.0	27.0	28.0	29.0	30.0	31.0	32.0	33.0	34.0	35.0	36.0	37.0	38.0	39.0	40.0
PD_227P_1_bbduk_adapt_filt	3.0	44.0	297.0	1014.0	2243.0	3138.0	3849.0	4107.0	4699.0	5348.0	5834.0	6500.0	7853.0	9539.0	11819.0	13946.0	18019.0	23386.0	33626.0	50611.0	85087.0	147328.0	363339.0	2277400.0	1251822.0
	13.0	14.0	15.0	16.0	17.0	18.0	19.0	20.0	21.0	22.0	23.0	24.0	25.0	26.0	27.0	28.0	29.0	30.0	31.0	32.0	33.0	34.0	35.0	36.0	37.0	38.0	39.0	40.0
PD_227P_2_bbduk_adapt_filt	2.0	4.0	31.0	452.0	1942.0	3698.0	4593.0	5357.0	5311.0	4919.0	4742.0	4909.0	5033.0	5364.0	5759.0	6521.0	7448.0	8911.0	10290.0	12915.0	16627.0	23619.0	35709.0	61609.0	113758.0	334238.0	2305068.0	1342022.0
	17.0	18.0	19.0	20.0	21.0	22.0	23.0	24.0	25.0	26.0	27.0	28.0	29.0	30.0	31.0	32.0	33.0	34.0	35.0	36.0	37.0	38.0	39.0	40.0
PD_228S_1_bbduk_adapt_filt	38.0	348.0	1191.0	2642.0	3733.0	4261.0	4721.0	5118.0	5958.0	6574.0	7541.0	9114.0	10707.0	13010.0	15880.0	20695.0	27109.0	38656.0	58939.0	100713.0	177619.0	453667.0	2933452.0	1369453.0
	14.0	15.0	16.0	17.0	18.0	19.0	20.0	21.0	22.0	23.0	24.0	25.0	26.0	27.0	28.0	29.0	30.0	31.0	32.0	33.0	34.0	35.0	36.0	37.0	38.0	39.0	40.0
PD_228S_2_bbduk_adapt_filt	6.0	65.0	515.0	2079.0	4427.0	6128.0	7854.0	8327.0	8025.0	7697.0	8021.0	7741.0	8446.0	8963.0	9902.0	11138.0	13049.0	14543.0	18264.0	23145.0	32628.0	48651.0	84868.0	162489.0	478778.0	3023201.0	1272189.0
	16.0	17.0	18.0	19.0	20.0	21.0	22.0	23.0	24.0	25.0	26.0	27.0	28.0	29.0	30.0	31.0	32.0	33.0	34.0	35.0	36.0	37.0	38.0	39.0	40.0
PD_229P_1_bbduk_adapt_filt	2.0	34.0	341.0	1202.0	2625.0	3750.0	4379.0	4793.0	5353.0	5914.0	6682.0	7531.0	9171.0	10838.0	13374.0	15990.0	20858.0	27618.0	39465.0	59858.0	102162.0	177657.0	445840.0	2836971.0	1394841.0
	14.0	15.0	16.0	17.0	18.0	19.0	20.0	21.0	22.0	23.0	24.0	25.0	26.0	27.0	28.0	29.0	30.0	31.0	32.0	33.0	34.0	35.0	36.0	37.0	38.0	39.0	40.0
PD_229P_2_bbduk_adapt_filt	7.0	74.0	612.0	2285.0	4555.0	5883.0	7159.0	7349.0	6889.0	6555.0	6690.0	6857.0	7067.0	7389.0	8507.0	9683.0	11126.0	13065.0	16690.0	21139.0	29733.0	44703.0	79096.0	150958.0	451817.0	2943739.0	1347622.0
	17.0	18.0	19.0	20.0	21.0	22.0	23.0	24.0	25.0	26.0	27.0	28.0	29.0	30.0	31.0	32.0	33.0	34.0	35.0	36.0	37.0	38.0	39.0	40.0
PD_230S_1_bbduk_adapt_filt	38.0	325.0	1170.0	2604.0	3665.0	4324.0	4745.0	5303.0	5996.0	6600.0	7489.0	9061.0	10975.0	13081.0	15695.0	20322.0	27285.0	38487.0	58642.0	100375.0	174605.0	438870.0	2832451.0	1366620.0
	14.0	15.0	16.0	17.0	18.0	19.0	20.0	21.0	22.0	23.0	24.0	25.0	26.0	27.0	28.0	29.0	30.0	31.0	32.0	33.0	34.0	35.0	36.0	37.0	38.0	39.0	40.0
PD_230S_2_bbduk_adapt_filt	3.0	62.0	531.0	2134.0	4406.0	5541.0	6659.0	6859.0	6778.0	6442.0	6909.0	7046.0	7324.0	7853.0	8753.0	10093.0	11857.0	13425.0	16902.0	21668.0	30019.0	45677.0	80509.0	153868.0	456120.0	2922276.0	1309014.0
	16.0	17.0	18.0	19.0	20.0	21.0	22.0	23.0	24.0	25.0	26.0	27.0	28.0	29.0	30.0	31.0	32.0	33.0	34.0	35.0	36.0	37.0	38.0	39.0	40.0
PD_231P_1_bbduk_adapt_filt	2.0	56.0	399.0	1378.0	2846.0	3982.0	4879.0	5140.0	6030.0	6628.0	7655.0	8450.0	10367.0	12564.0	15340.0	18435.0	24335.0	32311.0	46302.0	70879.0	121017.0	212555.0	539735.0	3403856.0	1645597.0
	14.0	15.0	16.0	17.0	18.0	19.0	20.0	21.0	22.0	23.0	24.0	25.0	26.0	27.0	28.0	29.0	30.0	31.0	32.0	33.0	34.0	35.0	36.0	37.0	38.0	39.0	40.0
PD_231P_2_bbduk_adapt_filt	11.0	92.0	691.0	2748.0	5487.0	7107.0	8612.0	8877.0	8486.0	7870.0	8139.0	8210.0	8421.0	8911.0	10048.0	11414.0	13299.0	15375.0	19032.0	24441.0	34339.0	52111.0	92188.0	176204.0	521344.0	3412762.0	1734519.0
	16.0	17.0	18.0	19.0	20.0	21.0	22.0	23.0	24.0	25.0	26.0	27.0	28.0	29.0	30.0	31.0	32.0	33.0	34.0	35.0	36.0	37.0	38.0	39.0	40.0
PD_232S_1_bbduk_adapt_filt	6.0	71.0	540.0	1905.0	4018.0	5391.0	6107.0	6616.0	7319.0	7980.0	8950.0	9829.0	11844.0	13756.0	17016.0	20080.0	25768.0	33404.0	46859.0	69871.0	115447.0	195749.0	477436.0	2707112.0	1264362.0
	13.0	14.0	15.0	16.0	17.0	18.0	19.0	20.0	21.0	22.0	23.0	24.0	25.0	26.0	27.0	28.0	29.0	30.0	31.0	32.0	33.0	34.0	35.0	36.0	37.0	38.0	39.0	40.0
PD_232S_2_bbduk_adapt_filt	1.0	5.0	65.0	598.0	2560.0	5412.0	8322.0	11332.0	12286.0	11765.0	10801.0	10782.0	10392.0	10693.0	10608.0	12037.0	13339.0	15762.0	17380.0	21897.0	27999.0	38427.0	57359.0	97890.0	179753.0	494347.0	2737259.0	1238365.0
	16.0	17.0	18.0	19.0	20.0	21.0	22.0	23.0	24.0	25.0	26.0	27.0	28.0	29.0	30.0	31.0	32.0	33.0	34.0	35.0	36.0	37.0	38.0	39.0	40.0
PD_25P_1_bbduk_adapt_filt	1.0	30.0	292.0	1055.0	2140.0	2956.0	3593.0	3962.0	4745.0	5072.0	5808.0	6423.0	8123.0	9507.0	11387.0	13457.0	17655.0	22973.0	32275.0	48594.0	81724.0	138538.0	333550.0	1975727.0	1242446.0
	13.0	14.0	15.0	16.0	17.0	18.0	19.0	20.0	21.0	22.0	23.0	24.0	25.0	26.0	27.0	28.0	29.0	30.0	31.0	32.0	33.0	34.0	35.0	36.0	37.0	38.0	39.0	40.0
PD_25P_2_bbduk_adapt_filt	1.0	5.0	38.0	416.0	1562.0	3006.0	3994.0	4745.0	4905.0	4770.0	4511.0	4580.0	4654.0	5224.0	5522.0	6327.0	7218.0	8683.0	9966.0	12485.0	16022.0	22625.0	34456.0	58713.0	106794.0	307131.0	2065078.0	1268602.0
	20.0	21.0	22.0	23.0	24.0	25.0	26.0	27.0	28.0	29.0	30.0	31.0	32.0	33.0	34.0	35.0	36.0	37.0	38.0	39.0	40.0
PD_26P_1_bbduk_adapt_filt	1.0	6.0	7.0	3.0	2.0	2.0	7.0	7.0	10.0	16.0	11.0	18.0	22.0	22.0	29.0	49.0	98.0	133.0	343.0	2213.0	1173.0
	16.0	17.0	18.0	19.0	20.0	21.0	22.0	23.0	24.0	25.0	26.0	27.0	28.0	29.0	30.0	31.0	32.0	33.0	34.0	35.0	36.0	37.0	38.0	39.0	40.0
PD_26P_2_bbduk_adapt_filt	1.0	2.0	4.0	5.0	8.0	3.0	13.0	5.0	10.0	10.0	6.0	6.0	5.0	3.0	10.0	14.0	11.0	28.0	18.0	44.0	66.0	103.0	353.0	2171.0	1273.0
	16.0	17.0	18.0	19.0	20.0	21.0	22.0	23.0	24.0	25.0	26.0	27.0	28.0	29.0	30.0	31.0	32.0	33.0	34.0	35.0	36.0	37.0	38.0	39.0	40.0
PD_27P_1_bbduk_adapt_filt	3.0	34.0	358.0	1205.0	2539.0	3741.0	4400.0	4881.0	5573.0	6132.0	6976.0	7755.0	9458.0	11300.0	13966.0	16484.0	21301.0	27995.0	39815.0	59695.0	100448.0	172247.0	419723.0	2552248.0	1493977.0
	13.0	14.0	15.0	16.0	17.0	18.0	19.0	20.0	21.0	22.0	23.0	24.0	25.0	26.0	27.0	28.0	29.0	30.0	31.0	32.0	33.0	34.0	35.0	36.0	37.0	38.0	39.0	40.0
PD_27P_2_bbduk_adapt_filt	2.0	5.0	68.0	655.0	2645.0	5151.0	6301.0	7690.0	7679.0	7470.0	6992.0	7099.0	7178.0	7346.0	7607.0	8893.0	9995.0	11759.0	13549.0	16941.0	21215.0	29478.0	44089.0	76417.0	142497.0	408014.0	2619507.0	1506012.0
	16.0	17.0	18.0	19.0	20.0	21.0	22.0	23.0	24.0	25.0	26.0	27.0	28.0	29.0	30.0	31.0	32.0	33.0	34.0	35.0	36.0	37.0	38.0	39.0	40.0
PD_28P_1_bbduk_adapt_filt	1.0	22.0	185.0	441.0	606.0	727.0	831.0	776.0	877.0	972.0	1229.0	1365.0	2643.0	4254.0	3388.0	2285.0	2596.0	2893.0	4184.0	5798.0	9572.0	16639.0	40509.0	183994.0	112118.0
	13.0	14.0	15.0	16.0	17.0	18.0	19.0	20.0	21.0	22.0	23.0	24.0	25.0	26.0	27.0	28.0	29.0	30.0	31.0	32.0	33.0	34.0	35.0	36.0	37.0	38.0	39.0	40.0
PD_28P_2_bbduk_adapt_filt	4.0	6.0	16.0	124.0	386.0	671.0	609.0	629.0	568.0	493.0	461.0	497.0	543.0	688.0	718.0	991.0	1442.0	2056.0	2582.0	2983.0	3079.0	3722.0	5362.0	8468.0	13699.0	32941.0	196014.0	119153.0
	17.0	18.0	19.0	20.0	21.0	22.0	23.0	24.0	25.0	26.0	27.0	28.0	29.0	30.0	31.0	32.0	33.0	34.0	35.0	36.0	37.0	38.0	39.0	40.0
PD_29P_1_bbduk_adapt_filt	38.0	258.0	867.0	1893.0	2716.0	3179.0	3546.0	4027.0	4458.0	5138.0	5709.0	6779.0	8289.0	10067.0	11691.0	15366.0	20070.0	28242.0	43155.0	72940.0	125341.0	309227.0	1814178.0	959506.0
	14.0	15.0	16.0	17.0	18.0	19.0	20.0	21.0	22.0	23.0	24.0	25.0	26.0	27.0	28.0	29.0	30.0	31.0	32.0	33.0	34.0	35.0	36.0	37.0	38.0	39.0	40.0
PD_29P_2_bbduk_adapt_filt	3.0	40.0	416.0	1632.0	3434.0	4792.0	6170.0	6572.0	6529.0	5969.0	5869.0	5716.0	5768.0	5889.0	6583.0	7215.0	8476.0	9701.0	12187.0	15141.0	21128.0	31281.0	54480.0	102492.0	291942.0	1799497.0	1037758.0
	16.0	17.0	18.0	19.0	20.0	21.0	22.0	23.0	24.0	25.0	26.0	27.0	28.0	29.0	30.0	31.0	32.0	33.0	34.0	35.0	36.0	37.0	38.0	39.0	40.0
PD_2P_1_bbduk_adapt_filt	1.0	45.0	250.0	775.0	1598.0	2245.0	2732.0	2987.0	3483.0	3920.0	4377.0	4845.0	6286.0	8005.0	10159.0	10534.0	13458.0	17194.0	24636.0	36949.0	62354.0	106968.0	262691.0	1534538.0	875970.0
	13.0	14.0	15.0	16.0	17.0	18.0	19.0	20.0	21.0	22.0	23.0	24.0	25.0	26.0	27.0	28.0	29.0	30.0	31.0	32.0	33.0	34.0	35.0	36.0	37.0	38.0	39.0	40.0
PD_2P_2_bbduk_adapt_filt	2.0	0.0	40.0	270.0	1324.0	2856.0	3907.0	5115.0	5307.0	5359.0	5092.0	5195.0	5008.0	5204.0	5332.0	6180.0	6924.0	8105.0	9188.0	11642.0	14235.0	19305.0	28799.0	49308.0	91724.0	258350.0	1551886.0	891343.0
	16.0	17.0	18.0	19.0	20.0	21.0	22.0	23.0	24.0	25.0	26.0	27.0	28.0	29.0	30.0	31.0	32.0	33.0	34.0	35.0	36.0	37.0	38.0	39.0	40.0
PD_30P_1_bbduk_adapt_filt	1.0	32.0	246.0	664.0	1293.0	1825.0	2028.0	2302.0	2583.0	3019.0	3388.0	3681.0	4756.0	6076.0	7915.0	8505.0	10983.0	14788.0	22253.0	32809.0	54862.0	95712.0	244362.0	1544996.0	868304.0
	14.0	15.0	16.0	17.0	18.0	19.0	20.0	21.0	22.0	23.0	24.0	25.0	26.0	27.0	28.0	29.0	30.0	31.0	32.0	33.0	34.0	35.0	36.0	37.0	38.0	39.0	40.0
PD_30P_2_bbduk_adapt_filt	4.0	31.0	336.0	1295.0	2674.0	3743.0	4621.0	5075.0	4758.0	4454.0	4372.0	4252.0	4351.0	4499.0	5016.0	5519.0	6459.0	7487.0	9139.0	11468.0	15593.0	23321.0	41165.0	79424.0	234122.0	1527834.0	926371.0
	16.0	17.0	18.0	19.0	20.0	21.0	22.0	23.0	24.0	25.0	26.0	27.0	28.0	29.0	30.0	31.0	32.0	33.0	34.0	35.0	36.0	37.0	38.0	39.0	40.0
PD_31P_1_bbduk_adapt_filt	1.0	31.0	227.0	858.0	1922.0	2738.0	3200.0	3719.0	4238.0	4557.0	5288.0	6014.0	7269.0	8636.0	10684.0	12742.0	16384.0	21338.0	30386.0	45319.0	76368.0	131020.0	321004.0	1997968.0	1151984.0
	14.0	15.0	16.0	17.0	18.0	19.0	20.0	21.0	22.0	23.0	24.0	25.0	26.0	27.0	28.0	29.0	30.0	31.0	32.0	33.0	34.0	35.0	36.0	37.0	38.0	39.0	40.0
PD_31P_2_bbduk_adapt_filt	2.0	48.0	428.0	1783.0	3314.0	3995.0	4717.0	4746.0	4587.0	4226.0	4465.0	4584.0	4866.0	5162.0	6069.0	6804.0	8272.0	9429.0	11931.0	15030.0	21570.0	32264.0	55976.0	103471.0	299033.0	2017424.0	1229699.0
	16.0	17.0	18.0	19.0	20.0	21.0	22.0	23.0	24.0	25.0	26.0	27.0	28.0	29.0	30.0	31.0	32.0	33.0	34.0	35.0	36.0	37.0	38.0	39.0	40.0
PD_32P_1_bbduk_adapt_filt	2.0	34.0	354.0	1136.0	2360.0	3303.0	4086.0	4477.0	5203.0	5625.0	6282.0	7143.0	8999.0	11067.0	13153.0	15071.0	20076.0	25816.0	37347.0	55966.0	94454.0	163273.0	422933.0	2459433.0	1106116.0
	13.0	14.0	15.0	16.0	17.0	18.0	19.0	20.0	21.0	22.0	23.0	24.0	25.0	26.0	27.0	28.0	29.0	30.0	31.0	32.0	33.0	34.0	35.0	36.0	37.0	38.0	39.0	40.0
PD_32P_2_bbduk_adapt_filt	1.0	9.0	62.0	546.0	2165.0	4234.0	5470.0	6543.0	6781.0	6387.0	5842.0	6076.0	6003.0	6216.0	6485.0	7371.0	8419.0	10104.0	11788.0	14520.0	18354.0	25698.0	38611.0	66901.0	122408.0	347854.0	2239921.0	1498940.0
	16.0	17.0	18.0	19.0	20.0	21.0	22.0	23.0	24.0	25.0	26.0	27.0	28.0	29.0	30.0	31.0	32.0	33.0	34.0	35.0	36.0	37.0	38.0	39.0	40.0
PD_33P_1_bbduk_adapt_filt	1.0	27.0	285.0	953.0	2200.0	3307.0	3948.0	4361.0	5119.0	5641.0	6673.0	7153.0	8786.0	10383.0	13062.0	15368.0	20010.0	26453.0	37572.0	56282.0	95533.0	162108.0	396320.0	2391264.0	1317799.0
	14.0	15.0	16.0	17.0	18.0	19.0	20.0	21.0	22.0	23.0	24.0	25.0	26.0	27.0	28.0	29.0	30.0	31.0	32.0	33.0	34.0	35.0	36.0	37.0	38.0	39.0	40.0
PD_33P_2_bbduk_adapt_filt	3.0	46.0	423.0	1958.0	3718.0	4661.0	5509.0	5825.0	5800.0	5405.0	5725.0	5827.0	6215.0	6456.0	7488.0	8527.0	10087.0	11809.0	14606.0	18442.0	25379.0	38908.0	68182.0	127236.0	366789.0	2412599.0	1422985.0
	16.0	17.0	18.0	19.0	20.0	21.0	22.0	23.0	24.0	25.0	26.0	27.0	28.0	29.0	30.0	31.0	32.0	33.0	34.0	35.0	36.0	37.0	38.0	39.0	40.0
PD_34P_1_bbduk_adapt_filt	4.0	32.0	262.0	902.0	1784.0	2521.0	3006.0	3436.0	4046.0	4593.0	5088.0	5769.0	7438.0	9349.0	11172.0	12726.0	16770.0	22278.0	32121.0	49443.0	86029.0	153017.0	386496.0	2495100.0	1599866.0
	14.0	15.0	16.0	17.0	18.0	19.0	20.0	21.0	22.0	23.0	24.0	25.0	26.0	27.0	28.0	29.0	30.0	31.0	32.0	33.0	34.0	35.0	36.0	37.0	38.0	39.0	40.0
PD_34P_2_bbduk_adapt_filt	7.0	53.0	585.0	2492.0	4430.0	5351.0	5924.0	5738.0	5521.0	5258.0	5275.0	5405.0	5581.0	5905.0	6886.0	7933.0	9428.0	10976.0	13729.0	17144.0	24159.0	36195.0	63488.0	119726.0	359122.0	2552123.0	1634814.0
	16.0	17.0	18.0	19.0	20.0	21.0	22.0	23.0	24.0	25.0	26.0	27.0	28.0	29.0	30.0	31.0	32.0	33.0	34.0	35.0	36.0	37.0	38.0	39.0	40.0
PD_35P_1_bbduk_adapt_filt	2.0	43.0	478.0	1543.0	3238.0	4605.0	5276.0	5531.0	6272.0	6916.0	7650.0	8459.0	10276.0	12245.0	15015.0	17625.0	22533.0	28689.0	40861.0	60336.0	100082.0	166045.0	390969.0	2281637.0	1403043.0
	14.0	15.0	16.0	17.0	18.0	19.0	20.0	21.0	22.0	23.0	24.0	25.0	26.0	27.0	28.0	29.0	30.0	31.0	32.0	33.0	34.0	35.0	36.0	37.0	38.0	39.0	40.0
PD_35P_2_bbduk_adapt_filt	4.0	48.0	533.0	2431.0	4851.0	6311.0	7764.0	7914.0	7675.0	7071.0	7252.0	7232.0	7607.0	8088.0	9286.0	10142.0	12128.0	13943.0	17598.0	22170.0	30190.0	45464.0	77626.0	140680.0	384423.0	2336481.0	1424457.0
	16.0	17.0	18.0	19.0	20.0	21.0	22.0	23.0	24.0	25.0	26.0	27.0	28.0	29.0	30.0	31.0	32.0	33.0	34.0	35.0	36.0	37.0	38.0	39.0	40.0
PD_36P_1_bbduk_adapt_filt	3.0	16.0	117.0	223.0	300.0	307.0	324.0	285.0	377.0	401.0	517.0	442.0	773.0	958.0	1465.0	1174.0	1566.0	1960.0	4981.0	7945.0	6085.0	3835.0	3928.0	1576.0	17345.0
	12.0	13.0	14.0	15.0	16.0	17.0	18.0	19.0	20.0	21.0	22.0	23.0	24.0	25.0	26.0	27.0	28.0	29.0	30.0	31.0	32.0	33.0	34.0	35.0	36.0	37.0	38.0	39.0	40.0
PD_36P_2_bbduk_adapt_filt	1.0	0.0	3.0	7.0	30.0	86.0	130.0	125.0	91.0	68.0	73.0	58.0	94.0	99.0	185.0	224.0	345.0	492.0	648.0	819.0	1103.0	921.0	1287.0	1780.0	2699.0	3731.0	6655.0	10751.0	24398.0
	16.0	17.0	18.0	19.0	20.0	21.0	22.0	23.0	24.0	25.0	26.0	27.0	28.0	29.0	30.0	31.0	32.0	33.0	34.0	35.0	36.0	37.0	38.0	39.0	40.0
PD_38P_1_bbduk_adapt_filt	2.0	25.0	237.0	746.0	1721.0	2422.0	2961.0	3168.0	3636.0	4158.0	4791.0	5228.0	6557.0	7961.0	9764.0	11650.0	15256.0	20176.0	28894.0	44279.0	74557.0	128057.0	317316.0	1986422.0	1206030.0
	14.0	15.0	16.0	17.0	18.0	19.0	20.0	21.0	22.0	23.0	24.0	25.0	26.0	27.0	28.0	29.0	30.0	31.0	32.0	33.0	34.0	35.0	36.0	37.0	38.0	39.0	40.0
PD_38P_2_bbduk_adapt_filt	3.0	36.0	440.0	1721.0	3434.0	3898.0	4336.0	4377.0	4101.0	3902.0	4067.0	4185.0	4542.0	4772.0	5526.0	6194.0	7700.0	8795.0	11213.0	14093.0	19700.0	30204.0	53137.0	100287.0	291621.0	2004456.0	1289274.0
	17.0	18.0	19.0	20.0	21.0	22.0	23.0	24.0	25.0	26.0	27.0	28.0	29.0	30.0	31.0	32.0	33.0	34.0	35.0	36.0	37.0	38.0	39.0	40.0
PD_39P_1_bbduk_adapt_filt	14.0	179.0	557.0	1116.0	1600.0	1938.0	2198.0	2544.0	2874.0	3225.0	3673.0	4646.0	5780.0	6578.0	7348.0	9775.0	12806.0	18548.0	27740.0	47438.0	83939.0	221896.0	1388538.0	637407.0
	13.0	14.0	15.0	16.0	17.0	18.0	19.0	20.0	21.0	22.0	23.0	24.0	25.0	26.0	27.0	28.0	29.0	30.0	31.0	32.0	33.0	34.0	35.0	36.0	37.0	38.0	39.0	40.0
PD_39P_2_bbduk_adapt_filt	1.0	1.0	24.0	272.0	1045.0	2013.0	2525.0	3057.0	3049.0	3003.0	2891.0	2989.0	2993.0	3243.0	3369.0	3895.0	4481.0	5413.0	6339.0	7703.0	9639.0	13367.0	19775.0	34062.0	63989.0	187745.0	1285923.0	819551.0
	17.0	18.0	19.0	20.0	21.0	22.0	23.0	24.0	25.0	26.0	27.0	28.0	29.0	30.0	31.0	32.0	33.0	34.0	35.0	36.0	37.0	38.0	39.0	40.0
PD_3P_1_bbduk_adapt_filt	26.0	242.0	697.0	1451.0	2089.0	2603.0	2976.0	3480.0	3697.0	4334.0	4835.0	6157.0	7360.0	9143.0	10793.0	14326.0	18552.0	26938.0	41434.0	71175.0	124180.0	312513.0	2046435.0	1306243.0
	13.0	14.0	15.0	16.0	17.0	18.0	19.0	20.0	21.0	22.0	23.0	24.0	25.0	26.0	27.0	28.0	29.0	30.0	31.0	32.0	33.0	34.0	35.0	36.0	37.0	38.0	39.0	40.0
PD_3P_2_bbduk_adapt_filt	2.0	3.0	49.0	351.0	1471.0	2907.0	3598.0	3985.0	4380.0	4050.0	3947.0	4220.0	4241.0	4566.0	4793.0	5625.0	6415.0	7498.0	8672.0	11132.0	13843.0	19645.0	29517.0	51647.0	96777.0	289507.0	2075602.0	1363236.0
	16.0	17.0	18.0	19.0	20.0	21.0	22.0	23.0	24.0	25.0	26.0	27.0	28.0	29.0	30.0	31.0	32.0	33.0	34.0	35.0	36.0	37.0	38.0	39.0	40.0
PD_40P_1_bbduk_adapt_filt	1.0	33.0	203.0	762.0	1660.0	2291.0	2758.0	3106.0	3365.0	3809.0	4505.0	4891.0	6255.0	7553.0	8977.0	10572.0	13917.0	18174.0	25939.0	39236.0	66994.0	114985.0	288238.0	1771382.0	1045353.0
	13.0	14.0	15.0	16.0	17.0	18.0	19.0	20.0	21.0	22.0	23.0	24.0	25.0	26.0	27.0	28.0	29.0	30.0	31.0	32.0	33.0	34.0	35.0	36.0	37.0	38.0	39.0	40.0
PD_40P_2_bbduk_adapt_filt	2.0	5.0	46.0	421.0	1596.0	3396.0	4418.0	5398.0	5530.0	5469.0	5368.0	5324.0	5288.0	5483.0	5662.0	6365.0	7154.0	8256.0	9408.0	11804.0	14759.0	20478.0	30913.0	53281.0	99266.0	285990.0	1818759.0	1025120.0
	16.0	17.0	18.0	19.0	20.0	21.0	22.0	23.0	24.0	25.0	26.0	27.0	28.0	29.0	30.0	31.0	32.0	33.0	34.0	35.0	36.0	37.0	38.0	39.0	40.0
PD_41P_1_bbduk_adapt_filt	2.0	31.0	255.0	855.0	1708.0	2478.0	2895.0	3161.0	3590.0	3953.0	4342.0	5108.0	6410.0	8494.0	9366.0	10324.0	13536.0	17428.0	24853.0	37636.0	64550.0	113344.0	285791.0	1802975.0	901272.0
	14.0	15.0	16.0	17.0	18.0	19.0	20.0	21.0	22.0	23.0	24.0	25.0	26.0	27.0	28.0	29.0	30.0	31.0	32.0	33.0	34.0	35.0	36.0	37.0	38.0	39.0	40.0
PD_41P_2_bbduk_adapt_filt	3.0	34.0	340.0	1636.0	3397.0	4927.0	6287.0	6685.0	6609.0	6093.0	6120.0	5925.0	5945.0	6090.0	6726.0	7643.0	8972.0	10083.0	12560.0	15466.0	21123.0	31173.0	53516.0	101624.0	294907.0	1809755.0	890718.0
	16.0	17.0	18.0	19.0	20.0	21.0	22.0	23.0	24.0	25.0	26.0	27.0	28.0	29.0	30.0	31.0	32.0	33.0	34.0	35.0	36.0	37.0	38.0	39.0	40.0
PD_42P_1_bbduk_adapt_filt	3.0	42.0	352.0	1125.0	2519.0	3480.0	4147.0	4727.0	5260.0	5875.0	6494.0	7184.0	8868.0	10510.0	12943.0	15746.0	20323.0	26428.0	37426.0	56143.0	93745.0	159545.0	390975.0	2328916.0	1198645.0
	14.0	15.0	16.0	17.0	18.0	19.0	20.0	21.0	22.0	23.0	24.0	25.0	26.0	27.0	28.0	29.0	30.0	31.0	32.0	33.0	34.0	35.0	36.0	37.0	38.0	39.0	40.0
PD_42P_2_bbduk_adapt_filt	4.0	41.0	459.0	2073.0	3898.0	4947.0	5836.0	6095.0	5948.0	5661.0	5733.0	6077.0	6334.0	6737.0	7674.0	8879.0	10417.0	12159.0	15179.0	19213.0	26799.0	40907.0	70614.0	132634.0	381275.0	2400220.0	1215608.0
	16.0	17.0	18.0	19.0	20.0	21.0	22.0	23.0	24.0	25.0	26.0	27.0	28.0	29.0	30.0	31.0	32.0	33.0	34.0	35.0	36.0	37.0	38.0	39.0	40.0
PD_43P_1_bbduk_adapt_filt	1.0	31.0	264.0	797.0	1423.0	2022.0	2542.0	2785.0	3244.0	3577.0	4154.0	4699.0	6159.0	8248.0	9523.0	10068.0	12689.0	16212.0	23473.0	35154.0	59309.0	103684.0	260048.0	1502844.0	698129.0
	13.0	14.0	15.0	16.0	17.0	18.0	19.0	20.0	21.0	22.0	23.0	24.0	25.0	26.0	27.0	28.0	29.0	30.0	31.0	32.0	33.0	34.0	35.0	36.0	37.0	38.0	39.0	40.0
PD_43P_2_bbduk_adapt_filt	1.0	5.0	34.0	261.0	1200.0	2354.0	2924.0	3521.0	3676.0	3537.0	3385.0	3484.0	3672.0	3827.0	3973.0	4708.0	5423.0	6635.0	7877.0	9827.0	11525.0	15927.0	23825.0	41776.0	76717.0	220082.0	1389529.0	921374.0
	16.0	17.0	18.0	19.0	20.0	21.0	22.0	23.0	24.0	25.0	26.0	27.0	28.0	29.0	30.0	31.0	32.0	33.0	34.0	35.0	36.0	37.0	38.0	39.0	40.0
PD_44P_1_bbduk_adapt_filt	2.0	41.0	373.0	1117.0	2456.0	3505.0	4163.0	4486.0	5195.0	5682.0	6373.0	7138.0	8598.0	10204.0	12590.0	14673.0	18953.0	25078.0	35159.0	51818.0	86191.0	145133.0	348030.0	1964021.0	1063664.0
	13.0	14.0	15.0	16.0	17.0	18.0	19.0	20.0	21.0	22.0	23.0	24.0	25.0	26.0	27.0	28.0	29.0	30.0	31.0	32.0	33.0	34.0	35.0	36.0	37.0	38.0	39.0	40.0
PD_44P_2_bbduk_adapt_filt	1.0	6.0	50.0	521.0	2227.0	4325.0	5655.0	6746.0	7164.0	6846.0	6310.0	6447.0	6379.0	6666.0	6878.0	7822.0	9006.0	10592.0	12110.0	15209.0	18969.0	26577.0	39493.0	67027.0	122446.0	336845.0	1982309.0	1110017.0
	16.0	17.0	18.0	19.0	20.0	21.0	22.0	23.0	24.0	25.0	26.0	27.0	28.0	29.0	30.0	31.0	32.0	33.0	34.0	35.0	36.0	37.0	38.0	39.0	40.0
PD_45P_1_bbduk_adapt_filt	5.0	54.0	481.0	1590.0	3516.0	4909.0	5521.0	5813.0	6642.0	7277.0	8226.0	9124.0	11020.0	12764.0	15589.0	18400.0	23733.0	30081.0	42625.0	62369.0	102764.0	170784.0	405374.0	2430693.0	1382414.0
	13.0	14.0	15.0	16.0	17.0	18.0	19.0	20.0	21.0	22.0	23.0	24.0	25.0	26.0	27.0	28.0	29.0	30.0	31.0	32.0	33.0	34.0	35.0	36.0	37.0	38.0	39.0	40.0
PD_45P_2_bbduk_adapt_filt	1.0	6.0	52.0	613.0	2389.0	4454.0	5778.0	6895.0	7018.0	7036.0	6436.0	6583.0	6841.0	7190.0	7677.0	9074.0	10199.0	12092.0	13999.0	17805.0	22333.0	31511.0	46923.0	79762.0	144481.0	401809.0	2545895.0	1356916.0
	17.0	18.0	19.0	20.0	21.0	22.0	23.0	24.0	25.0	26.0	27.0	28.0	29.0	30.0	31.0	32.0	33.0	34.0	35.0	36.0	37.0	38.0	39.0	40.0
PD_46P_1_bbduk_adapt_filt	21.0	261.0	971.0	2079.0	2988.0	3687.0	3950.0	4665.0	5081.0	5754.0	6425.0	7888.0	9918.0	12343.0	13587.0	17584.0	23231.0	33370.0	50515.0	84904.0	142758.0	352469.0	2163913.0	1177663.0
	13.0	14.0	15.0	16.0	17.0	18.0	19.0	20.0	21.0	22.0	23.0	24.0	25.0	26.0	27.0	28.0	29.0	30.0	31.0	32.0	33.0	34.0	35.0	36.0	37.0	38.0	39.0	40.0
PD_46P_2_bbduk_adapt_filt	3.0	5.0	39.0	411.0	1596.0	3042.0	4058.0	4688.0	4835.0	4748.0	4481.0	4813.0	4829.0	5225.0	5587.0	6490.0	7418.0	9230.0	10713.0	13126.0	16403.0	23019.0	34684.0	60559.0	112611.0	327666.0	2204722.0	1251024.0
	16.0	17.0	18.0	19.0	20.0	21.0	22.0	23.0	24.0	25.0	26.0	27.0	28.0	29.0	30.0	31.0	32.0	33.0	34.0	35.0	36.0	37.0	38.0	39.0	40.0
PD_47P_1_bbduk_adapt_filt	1.0	31.0	286.0	1072.0	2444.0	3444.0	4161.0	4447.0	5170.0	5346.0	6242.0	6762.0	8286.0	9911.0	11943.0	13921.0	18112.0	23359.0	32684.0	49132.0	81866.0	136989.0	326092.0	1868140.0	1040434.0
	14.0	15.0	16.0	17.0	18.0	19.0	20.0	21.0	22.0	23.0	24.0	25.0	26.0	27.0	28.0	29.0	30.0	31.0	32.0	33.0	34.0	35.0	36.0	37.0	38.0	39.0	40.0
PD_47P_2_bbduk_adapt_filt	4.0	40.0	416.0	1859.0	3908.0	5840.0	7809.0	8353.0	8029.0	7527.0	7600.0	7207.0	7521.0	7600.0	8446.0	9567.0	11003.0	12457.0	15489.0	19491.0	27165.0	40245.0	67760.0	124691.0	339169.0	1907017.0	1004062.0
	16.0	17.0	18.0	19.0	20.0	21.0	22.0	23.0	24.0	25.0	26.0	27.0	28.0	29.0	30.0	31.0	32.0	33.0	34.0	35.0	36.0	37.0	38.0	39.0	40.0
PD_48P_1_bbduk_adapt_filt	2.0	43.0	318.0	846.0	1676.0	2336.0	2804.0	3052.0	3681.0	3947.0	4469.0	5220.0	6374.0	7942.0	10132.0	11351.0	14704.0	18912.0	27159.0	41336.0	71209.0	124437.0	311290.0	1888269.0	999791.0
	14.0	15.0	16.0	17.0	18.0	19.0	20.0	21.0	22.0	23.0	24.0	25.0	26.0	27.0	28.0	29.0	30.0	31.0	32.0	33.0	34.0	35.0	36.0	37.0	38.0	39.0	40.0
PD_48P_2_bbduk_adapt_filt	2.0	27.0	387.0	1515.0	3268.0	4548.0	5704.0	6135.0	6049.0	5607.0	5767.0	5667.0	5794.0	5826.0	6530.0	7308.0	8337.0	9927.0	12202.0	14709.0	20680.0	30454.0	53785.0	101202.0	292837.0	1825725.0	1121308.0
	16.0	17.0	18.0	19.0	20.0	21.0	22.0	23.0	24.0	25.0	26.0	27.0	28.0	29.0	30.0	31.0	32.0	33.0	34.0	35.0	36.0	37.0	38.0	39.0	40.0
PD_4P_1_bbduk_adapt_filt	2.0	32.0	281.0	973.0	1997.0	2754.0	3358.0	3760.0	4391.0	4778.0	5642.0	6250.0	7809.0	9498.0	11357.0	13138.0	17326.0	22229.0	31828.0	47591.0	80184.0	136062.0	334255.0	1910510.0	1072686.0
	14.0	15.0	16.0	17.0	18.0	19.0	20.0	21.0	22.0	23.0	24.0	25.0	26.0	27.0	28.0	29.0	30.0	31.0	32.0	33.0	34.0	35.0	36.0	37.0	38.0	39.0	40.0
PD_4P_2_bbduk_adapt_filt	3.0	42.0	394.0	1555.0	3101.0	4223.0	5219.0	5265.0	5171.0	4929.0	4949.0	5035.0	5364.0	5444.0	6268.0	7060.0	8588.0	10139.0	12701.0	16026.0	22199.0	34082.0	58927.0	107476.0	305733.0	1910029.0	1178769.0
	17.0	18.0	19.0	20.0	21.0	22.0	23.0	24.0	25.0	26.0	27.0	28.0	29.0	30.0	31.0	32.0	33.0	34.0	35.0	36.0	37.0	38.0	39.0	40.0
PD_50P_1_bbduk_adapt_filt	15.0	74.0	231.0	352.0	442.0	495.0	481.0	546.0	593.0	746.0	853.0	1290.0	2127.0	1928.0	1522.0	1908.0	2298.0	3442.0	4747.0	8601.0	17140.0	31999.0	130542.0	77044.0
	13.0	14.0	15.0	16.0	17.0	18.0	19.0	20.0	21.0	22.0	23.0	24.0	25.0	26.0	27.0	28.0	29.0	30.0	31.0	32.0	33.0	34.0	35.0	36.0	37.0	38.0	39.0	40.0
PD_50P_2_bbduk_adapt_filt	1.0	2.0	11.0	73.0	247.0	417.0	397.0	376.0	395.0	334.0	285.0	347.0	346.0	462.0	549.0	681.0	948.0	1130.0	1343.0	1716.0	2003.0	2779.0	3963.0	6478.0	10678.0	25228.0	140031.0	88196.0
	16.0	17.0	18.0	19.0	20.0	21.0	22.0	23.0	24.0	25.0	26.0	27.0	28.0	29.0	30.0	31.0	32.0	33.0	34.0	35.0	36.0	37.0	38.0	39.0	40.0
PD_51P_1_bbduk_adapt_filt	3.0	31.0	254.0	903.0	1981.0	2835.0	3370.0	3670.0	4236.0	4678.0	5208.0	5834.0	7259.0	8848.0	10608.0	12784.0	16456.0	21744.0	30979.0	46830.0	79455.0	138671.0	351379.0	2097854.0	883716.0
	14.0	15.0	16.0	17.0	18.0	19.0	20.0	21.0	22.0	23.0	24.0	25.0	26.0	27.0	28.0	29.0	30.0	31.0	32.0	33.0	34.0	35.0	36.0	37.0	38.0	39.0	40.0
PD_51P_2_bbduk_adapt_filt	4.0	38.0	356.0	1735.0	3490.0	5242.0	6709.0	7212.0	7044.0	6650.0	6753.0	6560.0	6666.0	6867.0	7933.0	8700.0	9836.0	11200.0	13938.0	17489.0	24598.0	36564.0	63035.0	118292.0	336680.0	2010584.0	1015411.0
	16.0	17.0	18.0	19.0	20.0	21.0	22.0	23.0	24.0	25.0	26.0	27.0	28.0	29.0	30.0	31.0	32.0	33.0	34.0	35.0	36.0	37.0	38.0	39.0	40.0
PD_52P_1_bbduk_adapt_filt	1.0	29.0	221.0	704.0	1496.0	2151.0	2687.0	3063.0	3496.0	3961.0	4453.0	5113.0	6273.0	8483.0	9735.0	10665.0	13894.0	18057.0	26801.0	40553.0	66700.0	109859.0	265946.0	1505679.0	801161.0
	13.0	14.0	15.0	16.0	17.0	18.0	19.0	20.0	21.0	22.0	23.0	24.0	25.0	26.0	27.0	28.0	29.0	30.0	31.0	32.0	33.0	34.0	35.0	36.0	37.0	38.0	39.0	40.0
PD_52P_2_bbduk_adapt_filt	4.0	6.0	36.0	314.0	1279.0	2484.0	3440.0	4627.0	4882.0	4867.0	4541.0	4566.0	4395.0	4648.0	4844.0	5534.0	6242.0	7543.0	8931.0	11078.0	13287.0	18708.0	28055.0	48814.0	90705.0	252313.0	1492977.0	882061.0
	16.0	17.0	18.0	19.0	20.0	21.0	22.0	23.0	24.0	25.0	26.0	27.0	28.0	29.0	30.0	31.0	32.0	33.0	34.0	35.0	36.0	37.0	38.0	39.0	40.0
PD_53P_1_bbduk_adapt_filt	2.0	23.0	211.0	755.0	1552.0	2270.0	2665.0	3000.0	3384.0	3844.0	4294.0	4814.0	5919.0	7399.0	9491.0	10959.0	13689.0	18352.0	26461.0	39779.0	69377.0	123666.0	316689.0	1925904.0	1000727.0
	14.0	15.0	16.0	17.0	18.0	19.0	20.0	21.0	22.0	23.0	24.0	25.0	26.0	27.0	28.0	29.0	30.0	31.0	32.0	33.0	34.0	35.0	36.0	37.0	38.0	39.0	40.0
PD_53P_2_bbduk_adapt_filt	3.0	47.0	379.0	1647.0	3649.0	5404.0	7008.0	7836.0	7693.0	7156.0	6896.0	6647.0	6612.0	6642.0	7268.0	8029.0	9207.0	10482.0	13147.0	16474.0	22253.0	32851.0	56963.0	109489.0	316065.0	1905216.0	1020163.0
	15.0	16.0	17.0	18.0	19.0	20.0	21.0	22.0	23.0	24.0	25.0	26.0	27.0	28.0	29.0	30.0	31.0	32.0	33.0	34.0	35.0	36.0	37.0	38.0	39.0	40.0
PD_54P_1_bbduk_adapt_filt	1.0	3.0	25.0	294.0	897.0	1873.0	2686.0	3292.0	3644.0	4045.0	4708.0	5332.0	5992.0	7144.0	8801.0	10833.0	12584.0	16406.0	21830.0	31259.0	47845.0	80666.0	141391.0	356607.0	2224569.0	1230003.0
	13.0	14.0	15.0	16.0	17.0	18.0	19.0	20.0	21.0	22.0	23.0	24.0	25.0	26.0	27.0	28.0	29.0	30.0	31.0	32.0	33.0	34.0	35.0	36.0	37.0	38.0	39.0	40.0
PD_54P_2_bbduk_adapt_filt	1.0	5.0	43.0	395.0	1861.0	3786.0	4977.0	6593.0	6910.0	6826.0	6288.0	6469.0	6356.0	6366.0	6698.0	7448.0	8339.0	9836.0	11446.0	13964.0	17565.0	24372.0	36894.0	63909.0	119890.0	350238.0	2256570.0	1238685.0
	17.0	18.0	19.0	20.0	21.0	22.0	23.0	24.0	25.0	26.0	27.0	28.0	29.0	30.0	31.0	32.0	33.0	34.0	35.0	36.0	37.0	38.0	39.0	40.0
PD_55P_1_bbduk_adapt_filt	35.0	285.0	1073.0	2177.0	3054.0	3416.0	3771.0	4149.0	4714.0	5191.0	5809.0	7062.0	8836.0	10160.0	11948.0	15279.0	20056.0	28754.0	42789.0	72887.0	125726.0	312542.0	2082436.0	1105063.0
	13.0	14.0	15.0	16.0	17.0	18.0	19.0	20.0	21.0	22.0	23.0	24.0	25.0	26.0	27.0	28.0	29.0	30.0	31.0	32.0	33.0	34.0	35.0	36.0	37.0	38.0	39.0	40.0
PD_55P_2_bbduk_adapt_filt	1.0	3.0	43.0	409.0	1693.0	3252.0	4352.0	5508.0	5397.0	5169.0	5110.0	5207.0	5364.0	5569.0	5959.0	6951.0	7861.0	9296.0	10833.0	13515.0	16652.0	22763.0	34241.0	58687.0	109255.0	317765.0	2184940.0	1031417.0
	16.0	17.0	18.0	19.0	20.0	21.0	22.0	23.0	24.0	25.0	26.0	27.0	28.0	29.0	30.0	31.0	32.0	33.0	34.0	35.0	36.0	37.0	38.0	39.0	40.0
PD_56P_1_bbduk_adapt_filt	3.0	47.0	553.0	1782.0	3750.0	5409.0	6445.0	6710.0	7680.0	8867.0	9826.0	10912.0	13129.0	15974.0	19671.0	23447.0	30397.0	39195.0	55945.0	83486.0	140473.0	236967.0	575692.0	3563199.0	2072338.0
	14.0	15.0	16.0	17.0	18.0	19.0	20.0	21.0	22.0	23.0	24.0	25.0	26.0	27.0	28.0	29.0	30.0	31.0	32.0	33.0	34.0	35.0	36.0	37.0	38.0	39.0	40.0
PD_56P_2_bbduk_adapt_filt	6.0	57.0	651.0	2870.0	5693.0	7720.0	9598.0	9804.0	9742.0	9262.0	9625.0	9929.0	10446.0	11169.0	12823.0	14485.0	17134.0	20002.0	25121.0	31755.0	44309.0	66108.0	112216.0	206689.0	585362.0	3710139.0	1989182.0
	16.0	17.0	18.0	19.0	20.0	21.0	22.0	23.0	24.0	25.0	26.0	27.0	28.0	29.0	30.0	31.0	32.0	33.0	34.0	35.0	36.0	37.0	38.0	39.0	40.0
PD_57P_1_bbduk_adapt_filt	1.0	32.0	234.0	814.0	1687.0	2375.0	3017.0	3413.0	3954.0	4383.0	5246.0	5665.0	7570.0	9437.0	11592.0	13085.0	17198.0	23269.0	33823.0	52188.0	89906.0	155183.0	392260.0	2406007.0	1406486.0
	14.0	15.0	16.0	17.0	18.0	19.0	20.0	21.0	22.0	23.0	24.0	25.0	26.0	27.0	28.0	29.0	30.0	31.0	32.0	33.0	34.0	35.0	36.0	37.0	38.0	39.0	40.0
PD_57P_2_bbduk_adapt_filt	8.0	46.0	406.0	1668.0	3188.0	3881.0	4225.0	4227.0	3964.0	3905.0	4112.0	4148.0	4596.0	5015.0	5868.0	6741.0	8417.0	10178.0	12833.0	15888.0	22851.0	34801.0	62541.0	119450.0	359803.0	2435523.0	1510542.0
	16.0	17.0	18.0	19.0	20.0	21.0	22.0	23.0	24.0	25.0	26.0	27.0	28.0	29.0	30.0	31.0	32.0	33.0	34.0	35.0	36.0	37.0	38.0	39.0	40.0
PD_58P_1_bbduk_adapt_filt	3.0	25.0	285.0	1011.0	2376.0	3292.0	3887.0	4304.0	5089.0	5248.0	5955.0	6692.0	8099.0	9693.0	11929.0	14210.0	18442.0	24137.0	34796.0	51449.0	86509.0	148700.0	359493.0	2019293.0	1026449.0
	12.0	13.0	14.0	15.0	16.0	17.0	18.0	19.0	20.0	21.0	22.0	23.0	24.0	25.0	26.0	27.0	28.0	29.0	30.0	31.0	32.0	33.0	34.0	35.0	36.0	37.0	38.0	39.0	40.0
PD_58P_2_bbduk_adapt_filt	1.0	3.0	5.0	52.0	454.0	1782.0	3763.0	5328.0	6855.0	7191.0	7159.0	6628.0	6473.0	6484.0	6686.0	6770.0	7623.0	8552.0	10113.0	11282.0	14364.0	17674.0	25171.0	37301.0	64244.0	121232.0	339597.0	2016374.0	1112205.0
	16.0	17.0	18.0	19.0	20.0	21.0	22.0	23.0	24.0	25.0	26.0	27.0	28.0	29.0	30.0	31.0	32.0	33.0	34.0	35.0	36.0	37.0	38.0	39.0	40.0
PD_59P_1_bbduk_adapt_filt	1.0	23.0	282.0	913.0	1840.0	2418.0	2967.0	3186.0	3532.0	3936.0	4569.0	5013.0	6420.0	8133.0	9458.0	10448.0	13272.0	16977.0	24687.0	36526.0	61825.0	105873.0	263582.0	1522507.0	803823.0
	13.0	14.0	15.0	16.0	17.0	18.0	19.0	20.0	21.0	22.0	23.0	24.0	25.0	26.0	27.0	28.0	29.0	30.0	31.0	32.0	33.0	34.0	35.0	36.0	37.0	38.0	39.0	40.0
PD_59P_2_bbduk_adapt_filt	1.0	6.0	45.0	298.0	1244.0	2562.0	3543.0	4393.0	4589.0	4570.0	4291.0	4309.0	4266.0	4521.0	4597.0	5414.0	5838.0	7191.0	8363.0	10442.0	12696.0	18004.0	26635.0	45829.0	85498.0	242000.0	1509794.0	891272.0
	16.0	17.0	18.0	19.0	20.0	21.0	22.0	23.0	24.0	25.0	26.0	27.0	28.0	29.0	30.0	31.0	32.0	33.0	34.0	35.0	36.0	37.0	38.0	39.0	40.0
PD_5P_1_bbduk_adapt_filt	2.0	33.0	275.0	872.0	1861.0	2504.0	3059.0	3340.0	3802.0	4283.0	4883.0	5353.0	6495.0	7987.0	9428.0	11305.0	14946.0	19360.0	27898.0	41669.0	71057.0	121993.0	305806.0	1911887.0	1063601.0
	13.0	14.0	15.0	16.0	17.0	18.0	19.0	20.0	21.0	22.0	23.0	24.0	25.0	26.0	27.0	28.0	29.0	30.0	31.0	32.0	33.0	34.0	35.0	36.0	37.0	38.0	39.0	40.0
PD_5P_2_bbduk_adapt_filt	1.0	8.0	41.0	370.0	1575.0	3131.0	3783.0	4334.0	4452.0	4252.0	4016.0	4120.0	4265.0	4631.0	4804.0	5653.0	6325.0	7794.0	8792.0	11117.0	13902.0	19673.0	29632.0	51959.0	97549.0	288255.0	1952646.0	1106619.0
	16.0	17.0	18.0	19.0	20.0	21.0	22.0	23.0	24.0	25.0	26.0	27.0	28.0	29.0	30.0	31.0	32.0	33.0	34.0	35.0	36.0	37.0	38.0	39.0	40.0
PD_60P_1_bbduk_adapt_filt	1.0	41.0	340.0	1234.0	2683.0	3679.0	4338.0	4465.0	5217.0	5778.0	6515.0	7319.0	8695.0	10391.0	12490.0	14836.0	19014.0	24693.0	34755.0	51231.0	85035.0	142794.0	336560.0	2019650.0	1215620.0
	14.0	15.0	16.0	17.0	18.0	19.0	20.0	21.0	22.0	23.0	24.0	25.0	26.0	27.0	28.0	29.0	30.0	31.0	32.0	33.0	34.0	35.0	36.0	37.0	38.0	39.0	40.0
PD_60P_2_bbduk_adapt_filt	3.0	44.0	443.0	2020.0	3800.0	4939.0	6029.0	6174.0	5859.0	5432.0	5830.0	5810.0	6295.0	6575.0	7485.0	8518.0	10077.0	11708.0	14602.0	18735.0	26054.0	38428.0	66069.0	119540.0	333411.0	2122359.0	1181135.0
	16.0	17.0	18.0	19.0	20.0	21.0	22.0	23.0	24.0	25.0	26.0	27.0	28.0	29.0	30.0	31.0	32.0	33.0	34.0	35.0	36.0	37.0	38.0	39.0	40.0
PD_63P_1_bbduk_adapt_filt	1.0	29.0	203.0	684.0	1539.0	2072.0	2411.0	2556.0	2927.0	3340.0	3773.0	4162.0	5122.0	6439.0	7993.0	8980.0	11708.0	15426.0	22181.0	34184.0	59305.0	106448.0	279942.0	1872444.0	823705.0
	14.0	15.0	16.0	17.0	18.0	19.0	20.0	21.0	22.0	23.0	24.0	25.0	26.0	27.0	28.0	29.0	30.0	31.0	32.0	33.0	34.0	35.0	36.0	37.0	38.0	39.0	40.0
PD_63P_2_bbduk_adapt_filt	3.0	55.0	412.0	1795.0	3598.0	4863.0	5947.0	6297.0	6136.0	5823.0	5732.0	5689.0	5789.0	5890.0	6691.0	7175.0	8434.0	9484.0	11733.0	14417.0	19830.0	29129.0	50766.0	98754.0	297058.0	1883060.0	783014.0
	17.0	18.0	19.0	20.0	21.0	22.0	23.0	24.0	25.0	26.0	27.0	28.0	29.0	30.0	31.0	32.0	33.0	34.0	35.0	36.0	37.0	38.0	39.0	40.0
PD_64P_1_bbduk_adapt_filt	33.0	297.0	1065.0	2210.0	3286.0	3942.0	4449.0	5097.0	5533.0	6425.0	7243.0	8804.0	10697.0	13001.0	15613.0	20252.0	26534.0	38096.0	57130.0	96111.0	164091.0	400369.0	2295524.0	1307624.0
	14.0	15.0	16.0	17.0	18.0	19.0	20.0	21.0	22.0	23.0	24.0	25.0	26.0	27.0	28.0	29.0	30.0	31.0	32.0	33.0	34.0	35.0	36.0	37.0	38.0	39.0	40.0
PD_64P_2_bbduk_adapt_filt	2.0	66.0	566.0	2319.0	4656.0	5997.0	7050.0	7314.0	7111.0	6650.0	6726.0	6864.0	6933.0	7167.0	8292.0	9266.0	11184.0	12537.0	15578.0	19698.0	27410.0	41252.0	71515.0	133377.0	379077.0	2339429.0	1355390.0
	16.0	17.0	18.0	19.0	20.0	21.0	22.0	23.0	24.0	25.0	26.0	27.0	28.0	29.0	30.0	31.0	32.0	33.0	34.0	35.0	36.0	37.0	38.0	39.0	40.0
PD_65P_1_bbduk_adapt_filt	2.0	33.0	311.0	1117.0	2393.0	3387.0	3898.0	4185.0	4916.0	5192.0	5906.0	6712.0	8219.0	9804.0	11924.0	13720.0	17905.0	23084.0	32351.0	48510.0	80086.0	134988.0	329276.0	1909285.0	1032491.0
	12.0	13.0	14.0	15.0	16.0	17.0	18.0	19.0	20.0	21.0	22.0	23.0	24.0	25.0	26.0	27.0	28.0	29.0	30.0	31.0	32.0	33.0	34.0	35.0	36.0	37.0	38.0	39.0	40.0
PD_65P_2_bbduk_adapt_filt	1.0	2.0	0.0	41.0	385.0	1651.0	3241.0	4335.0	5388.0	5699.0	5668.0	5242.0	5291.0	5352.0	5691.0	5673.0	6714.0	7666.0	8922.0	10285.0	12961.0	16171.0	22615.0	33965.0	58396.0	107597.0	302396.0	1928978.0	1119369.0
	15.0	16.0	17.0	18.0	19.0	20.0	21.0	22.0	23.0	24.0	25.0	26.0	27.0	28.0	29.0	30.0	31.0	32.0	33.0	34.0	35.0	36.0	37.0	38.0	39.0	40.0
PD_66P_1_bbduk_adapt_filt	1.0	3.0	45.0	322.0	769.0	1337.0	1888.0	2160.0	2384.0	2785.0	2978.0	3429.0	3931.0	4883.0	5772.0	7681.0	9269.0	11552.0	15025.0	22016.0	34362.0	59054.0	99909.0	248145.0	1601465.0	925257.0
	14.0	15.0	16.0	17.0	18.0	19.0	20.0	21.0	22.0	23.0	24.0	25.0	26.0	27.0	28.0	29.0	30.0	31.0	32.0	33.0	34.0	35.0	36.0	37.0	38.0	39.0	40.0
PD_66P_2_bbduk_adapt_filt	5.0	33.0	279.0	1363.0	2539.0	2979.0	3303.0	3243.0	2992.0	2887.0	2950.0	3115.0	3419.0	3411.0	4071.0	4730.0	5680.0	6686.0	8424.0	10079.0	14075.0	21173.0	37384.0	71016.0	214462.0	1582068.0	1054056.0
	17.0	18.0	19.0	20.0	21.0	22.0	23.0	24.0	25.0	26.0	27.0	28.0	29.0	30.0	31.0	32.0	33.0	34.0	35.0	36.0	37.0	38.0	39.0	40.0
PD_6P_1_bbduk_adapt_filt	30.0	255.0	874.0	1848.0	2609.0	3015.0	3224.0	3746.0	4058.0	4523.0	5154.0	6670.0	8416.0	9487.0	10333.0	13297.0	16984.0	24260.0	36065.0	59657.0	101050.0	243735.0	1389481.0	796877.0
	14.0	15.0	16.0	17.0	18.0	19.0	20.0	21.0	22.0	23.0	24.0	25.0	26.0	27.0	28.0	29.0	30.0	31.0	32.0	33.0	34.0	35.0	36.0	37.0	38.0	39.0	40.0
PD_6P_2_bbduk_adapt_filt	1.0	41.0	278.0	1193.0	2712.0	4088.0	5359.0	5752.0	5515.0	5157.0	5096.0	5072.0	5279.0	5323.0	6018.0	6856.0	8037.0	9121.0	11302.0	14273.0	19740.0	29008.0	49723.0	90202.0	243034.0	1422864.0	784604.0
	16.0	17.0	18.0	19.0	20.0	21.0	22.0	23.0	24.0	25.0	26.0	27.0	28.0	29.0	30.0	31.0	32.0	33.0	34.0	35.0	36.0	37.0	38.0	39.0	40.0
PD_70P_1_bbduk_adapt_filt	1.0	30.0	259.0	911.0	1742.0	2424.0	2914.0	3162.0	3610.0	4071.0	4540.0	4852.0	6009.0	7271.0	8908.0	10795.0	13752.0	17743.0	26120.0	39344.0	64746.0	108531.0	266646.0	1581613.0	885557.0
	14.0	15.0	16.0	17.0	18.0	19.0	20.0	21.0	22.0	23.0	24.0	25.0	26.0	27.0	28.0	29.0	30.0	31.0	32.0	33.0	34.0	35.0	36.0	37.0	38.0	39.0	40.0
PD_70P_2_bbduk_adapt_filt	4.0	35.0	402.0	1798.0	3553.0	4682.0	5727.0	5908.0	5686.0	5279.0	5255.0	5220.0	5366.0	5473.0	6190.0	7006.0	8179.0	9115.0	11186.0	13678.0	19157.0	28546.0	48013.0	89923.0	253171.0	1573317.0	943682.0
	16.0	17.0	18.0	19.0	20.0	21.0	22.0	23.0	24.0	25.0	26.0	27.0	28.0	29.0	30.0	31.0	32.0	33.0	34.0	35.0	36.0	37.0	38.0	39.0	40.0
PD_73P_1_bbduk_adapt_filt	1.0	15.0	78.0	221.0	326.0	461.0	603.0	694.0	812.0	906.0	1011.0	1163.0	1432.0	1748.0	2120.0	2675.0	3650.0	4895.0	7409.0	11712.0	21260.0	39724.0	109038.0	729637.0	408512.0
	13.0	14.0	15.0	16.0	17.0	18.0	19.0	20.0	21.0	22.0	23.0	24.0	25.0	26.0	27.0	28.0	29.0	30.0	31.0	32.0	33.0	34.0	35.0	36.0	37.0	38.0	39.0	40.0
PD_73P_2_bbduk_adapt_filt	1.0	3.0	21.0	153.0	635.0	1239.0	1424.0	1531.0	1527.0	1536.0	1490.0	1384.0	1484.0	1523.0	1476.0	1726.0	1861.0	2151.0	2426.0	3014.0	3673.0	5236.0	7739.0	14204.0	29235.0	99861.0	750983.0	412567.0
	16.0	17.0	18.0	19.0	20.0	21.0	22.0	23.0	24.0	25.0	26.0	27.0	28.0	29.0	30.0	31.0	32.0	33.0	34.0	35.0	36.0	37.0	38.0	39.0	40.0
PD_74P_1_bbduk_adapt_filt	2.0	25.0	259.0	884.0	1729.0	2624.0	3041.0	3459.0	3998.0	4403.0	5011.0	5529.0	6879.0	8083.0	10153.0	11994.0	15570.0	20292.0	29232.0	44125.0	73885.0	126890.0	313257.0	1926726.0	1107129.0
	13.0	14.0	15.0	16.0	17.0	18.0	19.0	20.0	21.0	22.0	23.0	24.0	25.0	26.0	27.0	28.0	29.0	30.0	31.0	32.0	33.0	34.0	35.0	36.0	37.0	38.0	39.0	40.0
PD_74P_2_bbduk_adapt_filt	1.0	2.0	39.0	381.0	1700.0	3232.0	3987.0	4633.0	4751.0	4644.0	4523.0	4586.0	4718.0	4974.0	5243.0	6212.0	6988.0	8211.0	9601.0	12096.0	15309.0	21421.0	32116.0	55881.0	103079.0	300048.0	1982403.0	1124400.0
	17.0	18.0	19.0	20.0	21.0	22.0	23.0	24.0	25.0	26.0	27.0	28.0	29.0	30.0	31.0	32.0	33.0	34.0	35.0	36.0	37.0	38.0	39.0	40.0
PD_75P_1_bbduk_adapt_filt	44.0	410.0	1235.0	2284.0	3177.0	3673.0	3989.0	4446.0	4798.0	5397.0	6032.0	7723.0	9325.0	10912.0	12171.0	15767.0	19644.0	28087.0	41070.0	68361.0	114086.0	271361.0	1599471.0	936303.0
	12.0	13.0	14.0	15.0	16.0	17.0	18.0	19.0	20.0	21.0	22.0	23.0	24.0	25.0	26.0	27.0	28.0	29.0	30.0	31.0	32.0	33.0	34.0	35.0	36.0	37.0	38.0	39.0	40.0
PD_75P_2_bbduk_adapt_filt	1.0	1.0	3.0	37.0	342.0	1496.0	2957.0	4115.0	5131.0	5235.0	4808.0	4680.0	4772.0	4798.0	5245.0	5399.0	6193.0	7200.0	8204.0	9802.0	12144.0	15268.0	20897.0	31083.0	52812.0	95750.0	266145.0	1660966.0	934282.0
	16.0	17.0	18.0	19.0	20.0	21.0	22.0	23.0	24.0	25.0	26.0	27.0	28.0	29.0	30.0	31.0	32.0	33.0	34.0	35.0	36.0	37.0	38.0	39.0	40.0
PD_76P_1_bbduk_adapt_filt	1.0	26.0	183.0	627.0	1272.0	1875.0	2230.0	2513.0	2853.0	3225.0	3763.0	4190.0	5083.0	6366.0	7952.0	9225.0	12131.0	16075.0	23158.0	34847.0	59789.0	105200.0	264891.0	1555130.0	864914.0
	12.0	13.0	14.0	15.0	16.0	17.0	18.0	19.0	20.0	21.0	22.0	23.0	24.0	25.0	26.0	27.0	28.0	29.0	30.0	31.0	32.0	33.0	34.0	35.0	36.0	37.0	38.0	39.0	40.0
PD_76P_2_bbduk_adapt_filt	1.0	1.0	3.0	38.0	387.0	1643.0	3466.0	4937.0	6618.0	7251.0	7163.0	6567.0	6361.0	6026.0	5973.0	5895.0	6366.0	7101.0	8099.0	9113.0	11370.0	14061.0	19540.0	28773.0	49355.0	93287.0	264174.0	1540445.0	873505.0
	16.0	17.0	18.0	19.0	20.0	21.0	22.0	23.0	24.0	25.0	26.0	27.0	28.0	29.0	30.0	31.0	32.0	33.0	34.0	35.0	36.0	37.0	38.0	39.0	40.0
PD_77P_1_bbduk_adapt_filt	2.0	29.0	412.0	1281.0	2741.0	3864.0	4633.0	5089.0	5769.0	6349.0	7149.0	7972.0	9655.0	11316.0	13804.0	16291.0	20935.0	27055.0	38808.0	56941.0	93934.0	158487.0	379888.0	2138865.0	1189780.0
	14.0	15.0	16.0	17.0	18.0	19.0	20.0	21.0	22.0	23.0	24.0	25.0	26.0	27.0	28.0	29.0	30.0	31.0	32.0	33.0	34.0	35.0	36.0	37.0	38.0	39.0	40.0
PD_77P_2_bbduk_adapt_filt	4.0	54.0	520.0	2089.0	4405.0	5783.0	7128.0	7534.0	7228.0	6822.0	6805.0	6717.0	6992.0	7262.0	8517.0	9430.0	10965.0	12462.0	15926.0	19460.0	27593.0	41038.0	70368.0	128379.0	353606.0	2134535.0	1299427.0
	16.0	17.0	18.0	19.0	20.0	21.0	22.0	23.0	24.0	25.0	26.0	27.0	28.0	29.0	30.0	31.0	32.0	33.0	34.0	35.0	36.0	37.0	38.0	39.0	40.0
PD_78P_1_bbduk_adapt_filt	1.0	57.0	334.0	1080.0	2396.0	3148.0	3728.0	3988.0	4432.0	4956.0	5748.0	6489.0	8527.0	10652.0	11204.0	12377.0	16032.0	20511.0	28683.0	42354.0	70220.0	114308.0	268236.0	1482805.0	836429.0
	13.0	14.0	15.0	16.0	17.0	18.0	19.0	20.0	21.0	22.0	23.0	24.0	25.0	26.0	27.0	28.0	29.0	30.0	31.0	32.0	33.0	34.0	35.0	36.0	37.0	38.0	39.0	40.0
PD_78P_2_bbduk_adapt_filt	1.0	6.0	37.0	324.0	1425.0	2929.0	3928.0	5231.0	5460.0	5316.0	5030.0	5122.0	5178.0	5175.0	5541.0	6282.0	7172.0	8823.0	10061.0	12857.0	15569.0	21375.0	31850.0	53728.0	96489.0	260553.0	1480555.0	902678.0
	16.0	17.0	18.0	19.0	20.0	21.0	22.0	23.0	24.0	25.0	26.0	27.0	28.0	29.0	30.0	31.0	32.0	33.0	34.0	35.0	36.0	37.0	38.0	39.0	40.0
PD_79S_1_bbduk_adapt_filt	3.0	41.0	315.0	855.0	1687.0	2407.0	3032.0	3278.0	3888.0	4335.0	5004.0	5575.0	6891.0	8262.0	10584.0	12832.0	16688.0	21805.0	31875.0	49580.0	83805.0	143698.0	356142.0	2144581.0	1274845.0
	14.0	15.0	16.0	17.0	18.0	19.0	20.0	21.0	22.0	23.0	24.0	25.0	26.0	27.0	28.0	29.0	30.0	31.0	32.0	33.0	34.0	35.0	36.0	37.0	38.0	39.0	40.0
PD_79S_2_bbduk_adapt_filt	3.0	40.0	445.0	2065.0	3999.0	5190.0	6331.0	6706.0	6518.0	6095.0	6391.0	6468.0	6653.0	6879.0	7833.0	8584.0	10297.0	11674.0	14464.0	18472.0	25723.0	38509.0	67503.0	127744.0	371399.0	2220478.0	1205545.0
	17.0	18.0	19.0	20.0	21.0	22.0	23.0	24.0	25.0	26.0	27.0	28.0	29.0	30.0	31.0	32.0	33.0	34.0	35.0	36.0	37.0	38.0	39.0	40.0
PD_7P_1_bbduk_adapt_filt	19.0	179.0	523.0	1039.0	1372.0	1661.0	1849.0	2048.0	2413.0	2700.0	3095.0	3840.0	4714.0	6039.0	7179.0	9871.0	13241.0	20015.0	30953.0	53813.0	98141.0	267318.0	1891229.0	1116899.0
	12.0	13.0	14.0	15.0	16.0	17.0	18.0	19.0	20.0	21.0	22.0	23.0	24.0	25.0	26.0	27.0	28.0	29.0	30.0	31.0	32.0	33.0	34.0	35.0	36.0	37.0	38.0	39.0	40.0
PD_7P_2_bbduk_adapt_filt	1.0	1.0	2.0	30.0	337.0	1433.0	2718.0	3076.0	3263.0	3224.0	3012.0	2858.0	2877.0	3025.0	3273.0	3317.0	3803.0	4184.0	5201.0	6111.0	7527.0	9225.0	13189.0	20019.0	35671.0	71427.0	230261.0	1851845.0	1249240.0
	15.0	16.0	17.0	18.0	19.0	20.0	21.0	22.0	23.0	24.0	25.0	26.0	27.0	28.0	29.0	30.0	31.0	32.0	33.0	34.0	35.0	36.0	37.0	38.0	39.0	40.0
PD_81P_1_bbduk_adapt_filt	1.0	0.0	16.0	101.0	197.0	297.0	308.0	302.0	300.0	372.0	456.0	577.0	619.0	1312.0	2647.0	2622.0	1332.0	1437.0	1155.0	1884.0	1976.0	2858.0	5685.0	11083.0	4258.0	23280.0
	12.0	13.0	14.0	15.0	16.0	17.0	18.0	19.0	20.0	21.0	22.0	23.0	24.0	25.0	26.0	27.0	28.0	29.0	30.0	31.0	32.0	33.0	34.0	35.0	36.0	37.0	38.0	39.0	40.0
PD_81P_2_bbduk_adapt_filt	1.0	6.0	6.0	14.0	48.0	119.0	141.0	127.0	105.0	68.0	74.0	60.0	96.0	163.0	198.0	276.0	394.0	571.0	852.0	931.0	1277.0	1309.0	1731.0	2193.0	3053.0	4168.0	8236.0	8540.0	30318.0
	16.0	17.0	18.0	19.0	20.0	21.0	22.0	23.0	24.0	25.0	26.0	27.0	28.0	29.0	30.0	31.0	32.0	33.0	34.0	35.0	36.0	37.0	38.0	39.0	40.0
PD_82P_1_bbduk_adapt_filt	1.0	27.0	241.0	885.0	1905.0	2931.0	3484.0	3638.0	4260.0	4674.0	5223.0	6055.0	7252.0	9110.0	10665.0	12508.0	16028.0	21152.0	30010.0	44900.0	75765.0	129291.0	317453.0	1887949.0	1033509.0
	14.0	15.0	16.0	17.0	18.0	19.0	20.0	21.0	22.0	23.0	24.0	25.0	26.0	27.0	28.0	29.0	30.0	31.0	32.0	33.0	34.0	35.0	36.0	37.0	38.0	39.0	40.0
PD_82P_2_bbduk_adapt_filt	1.0	41.0	410.0	1638.0	3403.0	5097.0	6863.0	7175.0	6819.0	6422.0	6711.0	6274.0	6610.0	6828.0	7363.0	8406.0	9733.0	11251.0	13791.0	17314.0	23830.0	35278.0	61404.0	113874.0	317285.0	1895465.0	1049630.0
	18.0	19.0	20.0	21.0	22.0	23.0	24.0	25.0	26.0	27.0	28.0	29.0	30.0	31.0	32.0	33.0	34.0	35.0	36.0	37.0	38.0	39.0	40.0
PD_83P_1_bbduk_adapt_filt	4.0	10.0	29.0	51.0	46.0	71.0	77.0	61.0	77.0	98.0	113.0	134.0	158.0	169.0	232.0	329.0	465.0	732.0	1125.0	1929.0	4800.0	29234.0	15741.0
	14.0	15.0	16.0	17.0	18.0	19.0	20.0	21.0	22.0	23.0	24.0	25.0	26.0	27.0	28.0	29.0	30.0	31.0	32.0	33.0	34.0	35.0	36.0	37.0	38.0	39.0	40.0
PD_83P_2_bbduk_adapt_filt	2.0	1.0	6.0	31.0	71.0	76.0	96.0	98.0	85.0	87.0	71.0	67.0	87.0	97.0	104.0	120.0	123.0	181.0	203.0	222.0	337.0	479.0	901.0	1518.0	4500.0	29664.0	16458.0
	15.0	16.0	17.0	18.0	19.0	20.0	21.0	22.0	23.0	24.0	25.0	26.0	27.0	28.0	29.0	30.0	31.0	32.0	33.0	34.0	35.0	36.0	37.0	38.0	39.0	40.0
PD_84P_1_bbduk_adapt_filt	1.0	2.0	51.0	388.0	1249.0	2578.0	3552.0	4247.0	4676.0	5203.0	5687.0	6532.0	7439.0	9131.0	10881.0	12695.0	14752.0	18777.0	23997.0	33726.0	48962.0	80736.0	132105.0	309364.0	1723956.0	1065313.0
	13.0	14.0	15.0	16.0	17.0	18.0	19.0	20.0	21.0	22.0	23.0	24.0	25.0	26.0	27.0	28.0	29.0	30.0	31.0	32.0	33.0	34.0	35.0	36.0	37.0	38.0	39.0	40.0
PD_84P_2_bbduk_adapt_filt	1.0	8.0	39.0	296.0	1301.0	2778.0	3823.0	4837.0	5036.0	5011.0	4773.0	4940.0	4964.0	5300.0	5603.0	6580.0	7647.0	9178.0	10595.0	13404.0	16790.0	23135.0	34965.0	58586.0	103259.0	280640.0	1758437.0	1154074.0
	17.0	18.0	19.0	20.0	21.0	22.0	23.0	24.0	25.0	26.0	27.0	28.0	29.0	30.0	31.0	32.0	33.0	34.0	35.0	36.0	37.0	38.0	39.0	40.0
PD_8P_1_bbduk_adapt_filt	46.0	323.0	1129.0	2483.0	3608.0	4280.0	4799.0	5423.0	6088.0	6702.0	7638.0	9419.0	11841.0	13960.0	15933.0	20515.0	27310.0	39568.0	58842.0	95153.0	159879.0	386592.0	2305522.0	1303533.0
	13.0	14.0	15.0	16.0	17.0	18.0	19.0	20.0	21.0	22.0	23.0	24.0	25.0	26.0	27.0	28.0	29.0	30.0	31.0	32.0	33.0	34.0	35.0	36.0	37.0	38.0	39.0	40.0
PD_8P_2_bbduk_adapt_filt	2.0	6.0	37.0	414.0	1601.0	3141.0	3973.0	4623.0	4906.0	4690.0	4746.0	4671.0	5085.0	5443.0	5871.0	6615.0	7756.0	9645.0	11337.0	14291.0	17628.0	25172.0	38286.0	66852.0	122611.0	352596.0	2356168.0	1412420.0
	16.0	17.0	18.0	19.0	20.0	21.0	22.0	23.0	24.0	25.0	26.0	27.0	28.0	29.0	30.0	31.0	32.0	33.0	34.0	35.0	36.0	37.0	38.0	39.0	40.0
PD_9P_1_bbduk_adapt_filt	1.0	23.0	300.0	1041.0	2159.0	3114.0	3753.0	4134.0	4668.0	5343.0	6059.0	6667.0	8312.0	9985.0	12038.0	14181.0	18620.0	24106.0	34928.0	52084.0	87862.0	149513.0	363461.0	2186180.0	1266039.0
	13.0	14.0	15.0	16.0	17.0	18.0	19.0	20.0	21.0	22.0	23.0	24.0	25.0	26.0	27.0	28.0	29.0	30.0	31.0	32.0	33.0	34.0	35.0	36.0	37.0	38.0	39.0	40.0
PD_9P_2_bbduk_adapt_filt	1.0	4.0	62.0	605.0	2433.0	4390.0	5427.0	6350.0	6145.0	5960.0	5563.0	5783.0	5588.0	6003.0	6320.0	7383.0	8391.0	9887.0	11503.0	14369.0	18017.0	24822.0	38077.0	65402.0	121609.0	343683.0	2200313.0	1340481.0
	15.0	16.0	17.0	18.0	19.0	20.0	21.0	22.0	23.0	24.0	25.0	26.0	27.0	28.0	29.0	30.0	31.0	32.0	33.0	34.0	35.0	36.0	37.0	38.0	39.0	40.0
PD_Extr_neg_plate1_1_bbduk_adapt_filt	1.0	1.0	19.0	118.0	159.0	176.0	185.0	168.0	145.0	193.0	174.0	245.0	236.0	413.0	603.0	1369.0	1103.0	721.0	558.0	979.0	1807.0	3232.0	3022.0	1628.0	1293.0	3647.0
	13.0	14.0	15.0	16.0	17.0	18.0	19.0	20.0	21.0	22.0	23.0	24.0	25.0	26.0	27.0	28.0	29.0	30.0	31.0	32.0	33.0	34.0	35.0	36.0	37.0	38.0	39.0	40.0
PD_Extr_neg_plate1_2_bbduk_adapt_filt	1.0	0.0	0.0	11.0	54.0	58.0	74.0	65.0	48.0	44.0	31.0	60.0	86.0	120.0	136.0	206.0	289.0	438.0	493.0	667.0	631.0	811.0	1004.0	1251.0	1645.0	2485.0	5488.0	5999.0
	15.0	16.0	17.0	18.0	19.0	20.0	21.0	22.0	23.0	24.0	25.0	26.0	27.0	28.0	29.0	30.0	31.0	32.0	33.0	34.0	35.0	36.0	37.0	38.0	39.0	40.0
PD_Extr_neg_plate2_1_bbduk_adapt_filt	1.0	2.0	28.0	220.0	486.0	598.0	664.0	728.0	652.0	709.0	850.0	1089.0	1454.0	3909.0	6416.0	3497.0	1737.0	1914.0	2116.0	3634.0	5729.0	12472.0	15760.0	7938.0	1210.0	12600.0
	13.0	14.0	15.0	16.0	17.0	18.0	19.0	20.0	21.0	22.0	23.0	24.0	25.0	26.0	27.0	28.0	29.0	30.0	31.0	32.0	33.0	34.0	35.0	36.0	37.0	38.0	39.0	40.0
PD_Extr_neg_plate2_2_bbduk_adapt_filt	3.0	1.0	9.0	45.0	153.0	222.0	153.0	98.0	76.0	97.0	62.0	114.0	176.0	289.0	410.0	684.0	1019.0	1522.0	1921.0	2416.0	2622.0	3352.0	4312.0	5854.0	7613.0	10931.0	21141.0	21118.0
	17.0	18.0	19.0	20.0	21.0	22.0	23.0	24.0	25.0	26.0	27.0	28.0	29.0	30.0	31.0	32.0	33.0	34.0	35.0	36.0	37.0	38.0	39.0	40.0
PD_Extr_neg_plate3_1_bbduk_adapt_filt	7.0	19.0	57.0	60.0	56.0	78.0	68.0	105.0	111.0	159.0	301.0	673.0	729.0	290.0	194.0	192.0	184.0	296.0	293.0	474.0	727.0	1937.0	1931.0	3852.0
	14.0	15.0	16.0	17.0	18.0	19.0	20.0	21.0	22.0	23.0	24.0	25.0	26.0	27.0	28.0	29.0	30.0	31.0	32.0	33.0	34.0	35.0	36.0	37.0	38.0	39.0	40.0
PD_Extr_neg_plate3_2_bbduk_adapt_filt	1.0	1.0	9.0	29.0	24.0	20.0	17.0	17.0	13.0	12.0	13.0	26.0	43.0	64.0	97.0	146.0	274.0	437.0	399.0	325.0	412.0	433.0	587.0	821.0	1489.0	2179.0	4905.0
	15.0	16.0	17.0	18.0	19.0	20.0	21.0	22.0	23.0	24.0	25.0	26.0	27.0	28.0	29.0	30.0	31.0	32.0	33.0	34.0	35.0	36.0	37.0	38.0	39.0	40.0
PD_Extr_pos_plate1_1_bbduk_adapt_filt	1.0	1.0	38.0	175.0	356.0	507.0	551.0	602.0	497.0	570.0	630.0	762.0	727.0	1250.0	2079.0	2446.0	1616.0	1842.0	2120.0	4164.0	8285.0	10856.0	6824.0	6215.0	27995.0	14885.0
	12.0	13.0	14.0	15.0	16.0	17.0	18.0	19.0	20.0	21.0	22.0	23.0	24.0	25.0	26.0	27.0	28.0	29.0	30.0	31.0	32.0	33.0	34.0	35.0	36.0	37.0	38.0	39.0	40.0
PD_Extr_pos_plate1_2_bbduk_adapt_filt	1.0	1.0	6.0	21.0	238.0	1050.0	1389.0	855.0	573.0	375.0	353.0	304.0	398.0	543.0	804.0	908.0	1262.0	1833.0	2402.0	2875.0	2888.0	2617.0	2785.0	3295.0	4601.0	6052.0	9912.0	32809.0	14844.0
	16.0	17.0	18.0	19.0	20.0	21.0	22.0	23.0	24.0	25.0	26.0	27.0	28.0	29.0	30.0	31.0	32.0	33.0	34.0	35.0	36.0	37.0	38.0	39.0	40.0
PD_Extr_pos_plate2_1_bbduk_adapt_filt	1.0	43.0	188.0	367.0	481.0	471.0	511.0	489.0	526.0	538.0	603.0	578.0	1020.0	1995.0	3161.0	1859.0	1693.0	1626.0	2828.0	4986.0	11270.0	15497.0	7453.0	1460.0	9223.0
	12.0	13.0	14.0	15.0	16.0	17.0	18.0	19.0	20.0	21.0	22.0	23.0	24.0	25.0	26.0	27.0	28.0	29.0	30.0	31.0	32.0	33.0	34.0	35.0	36.0	37.0	38.0	39.0	40.0
PD_Extr_pos_plate2_2_bbduk_adapt_filt	1.0	1.0	2.0	6.0	43.0	132.0	194.0	152.0	122.0	93.0	108.0	71.0	117.0	152.0	251.0	328.0	516.0	751.0	1167.0	1506.0	1935.0	1767.0	2053.0	2905.0	4357.0	5537.0	8062.0	20263.0	16275.0
	16.0	17.0	18.0	19.0	20.0	21.0	22.0	23.0	24.0	25.0	26.0	27.0	28.0	29.0	30.0	31.0	32.0	33.0	34.0	35.0	36.0	37.0	38.0	39.0	40.0
PD_Extr_pos_plate3_1_bbduk_adapt_filt	3.0	54.0	467.0	1665.0	3528.0	4999.0	5957.0	6342.0	7305.0	8121.0	8996.0	10029.0	12046.0	14617.0	17458.0	20284.0	26048.0	33518.0	47121.0	70264.0	116879.0	199570.0	489845.0	3109883.0	1420173.0
	15.0	16.0	17.0	18.0	19.0	20.0	21.0	22.0	23.0	24.0	25.0	26.0	27.0	28.0	29.0	30.0	31.0	32.0	33.0	34.0	35.0	36.0	37.0	38.0	39.0	40.0
PD_Extr_pos_plate3_2_bbduk_adapt_filt	54.0	638.0	2642.0	4793.0	6230.0	7544.0	7791.0	7710.0	7143.0	7391.0	7795.0	8199.0	8823.0	10223.0	11623.0	13825.0	15853.0	19793.0	25140.0	34191.0	50747.0	88238.0	164049.0	471532.0	3188933.0	1464272.0
	16.0	17.0	18.0	19.0	20.0	21.0	22.0	23.0	24.0	25.0	26.0	27.0	28.0	29.0	30.0	31.0	32.0	33.0	34.0	35.0	36.0	37.0	38.0	39.0	40.0
PD_Lib_neg_plate1_1_bbduk_adapt_filt	1.0	13.0	92.0	190.0	260.0	276.0	288.0	222.0	260.0	304.0	387.0	432.0	911.0	1712.0	1397.0	690.0	717.0	492.0	809.0	995.0	1411.0	3166.0	6730.0	3608.0	4877.0
	13.0	14.0	15.0	16.0	17.0	18.0	19.0	20.0	21.0	22.0	23.0	24.0	25.0	26.0	27.0	28.0	29.0	30.0	31.0	32.0	33.0	34.0	35.0	36.0	37.0	38.0	39.0	40.0
PD_Lib_neg_plate1_2_bbduk_adapt_filt	2.0	4.0	5.0	36.0	89.0	95.0	100.0	55.0	53.0	71.0	52.0	59.0	100.0	136.0	121.0	266.0	340.0	531.0	635.0	863.0	811.0	1108.0	1453.0	1803.0	2407.0	3469.0	7580.0	7996.0
	17.0	18.0	19.0	20.0	21.0	22.0	23.0	24.0	25.0	26.0	27.0	28.0	29.0	30.0	31.0	32.0	33.0	34.0	35.0	36.0	37.0	38.0	39.0	40.0
PD_Lib_neg_plate2_1_bbduk_adapt_filt	3.0	17.0	47.0	56.0	47.0	71.0	46.0	74.0	70.0	75.0	82.0	253.0	466.0	540.0	224.0	181.0	135.0	217.0	250.0	399.0	674.0	1556.0	2664.0	2203.0
	15.0	16.0	17.0	18.0	19.0	20.0	21.0	22.0	23.0	24.0	25.0	26.0	27.0	28.0	29.0	30.0	31.0	32.0	33.0	34.0	35.0	36.0	37.0	38.0	39.0	40.0
PD_Lib_neg_plate2_2_bbduk_adapt_filt	2.0	8.0	24.0	24.0	22.0	18.0	15.0	14.0	8.0	9.0	15.0	42.0	43.0	79.0	126.0	212.0	308.0	327.0	274.0	307.0	424.0	657.0	823.0	1371.0	2380.0	2818.0
	16.0	17.0	18.0	19.0	20.0	21.0	22.0	23.0	24.0	25.0	26.0	27.0	28.0	29.0	30.0	31.0	32.0	33.0	34.0	35.0	36.0	37.0	38.0	39.0	40.0
PD_Lib_pos_plate1_1_bbduk_adapt_filt	1.0	39.0	243.0	861.0	1890.0	2574.0	3026.0	3285.0	3865.0	4338.0	5046.0	5625.0	6679.0	8012.0	9948.0	11948.0	15639.0	20896.0	29904.0	45603.0	78843.0	143637.0	375043.0	2485428.0	1066000.0
	14.0	15.0	16.0	17.0	18.0	19.0	20.0	21.0	22.0	23.0	24.0	25.0	26.0	27.0	28.0	29.0	30.0	31.0	32.0	33.0	34.0	35.0	36.0	37.0	38.0	39.0	40.0
PD_Lib_pos_plate1_2_bbduk_adapt_filt	3.0	45.0	497.0	2163.0	4053.0	5022.0	6360.0	6633.0	6324.0	6186.0	6100.0	6356.0	6777.0	6919.0	7704.0	8709.0	10068.0	11488.0	14318.0	17768.0	24825.0	37794.0	66322.0	131472.0	403514.0	2560984.0	969969.0
	16.0	17.0	18.0	19.0	20.0	21.0	22.0	23.0	24.0	25.0	26.0	27.0	28.0	29.0	30.0	31.0	32.0	33.0	34.0	35.0	36.0	37.0	38.0	39.0	40.0
PD_Lib_pos_plate2_1_bbduk_adapt_filt	2.0	47.0	433.0	1477.0	3182.0	4444.0	4907.0	5028.0	5849.0	6230.0	7160.0	7858.0	9461.0	11596.0	13215.0	15491.0	19805.0	25918.0	36457.0	54153.0	90305.0	156031.0	383840.0	2317302.0	951586.0
	13.0	14.0	15.0	16.0	17.0	18.0	19.0	20.0	21.0	22.0	23.0	24.0	25.0	26.0	27.0	28.0	29.0	30.0	31.0	32.0	33.0	34.0	35.0	36.0	37.0	38.0	39.0	40.0
PD_Lib_pos_plate2_2_bbduk_adapt_filt	2.0	2.0	60.0	559.0	2520.0	5411.0	7868.0	10907.0	11355.0	10942.0	10022.0	9748.0	9837.0	9846.0	10180.0	11178.0	12542.0	14179.0	16338.0	19790.0	24805.0	34089.0	50018.0	84614.0	158366.0	441550.0	2392691.0	772358.0

