Sample	1	2	3	4	5	6	7	8	9	12	17	22	27	32	37	42	47	52	57	62	67	72	77	82	87	92	97	102	107	112	117	122	127	132	137	142	147	150
PD_100P_1_bbduk_adapt_filt	0.0	0.108325148767	0.0	0.134323184471	0.0	0.0	0.0	0.107028194604	0.153836449364	0.0156285869553	0.0	0.0306575339445	0.0	0.0180831282467	0.0623906017597	0.0	0.0641881446505	5.34889473411e-05	0.0341408843869	0.000114167090387	0.0369719405553	3.66495002444e-05	0.0170226517922	0.013097543408	8.86152225761e-05	0.045685932143	0.0321816412219	0.0161115637461	0.031311101075	0.0111400569843	0.0168602974549	0.0160150537163	0.0174257833881	0.0775360282211	0.0	0.0	0.0189069829349	0.0
PD_100P_2_bbduk_adapt_filt	0.0603083685378	0.0183047394242	0.0	0.161765555491	0.0	0.197431794949	0.0	0.000795858235836	0.0	0.0338747116729	0.0164367118794	0.0306929080222	0.0	0.137493113401	0.0313517052831	0.0288401945318	0.06729774841	0.0526806699146	0.0	0.0178581364542	0.0	0.0309688277065	0.0169547586922	0.0989842002529	0.0128428776148	0.128966107576	0.0	6.64120517153e-06	0.0	0.0326047077245	0.0	0.0164130780969	0.0	0.0475765185854	0.0484651145648	0.0447163244015	0.0485612670572	0.0362491737787
PD_104P_1_bbduk_adapt_filt	0.0	0.108935415245	1.95049982533e-05	0.141313712345	0.0	0.0	0.0	0.124949018811	0.157424840903	0.0155971190038	0.0	0.0316489196387	0.0	0.0176296384764	0.0641053354145	0.0	0.0653879660305	7.57731745175e-05	0.034343705647	9.8677978233e-05	0.0358006677612	5.16490842424e-05	0.0174224674739	0.014257246794	8.51416312115e-05	0.0482682708779	0.0344324042453	0.0165913380555	0.031620666681	0.0117662105129	0.0179948586118	0.017708397752	0.0177847252139	0.082650187751	0.0	0.0	0.0181331008811	0.0
PD_104P_2_bbduk_adapt_filt	0.0598608396395	0.0171643984629	0.0	0.169147344853	0.0	0.21340418589	0.0	0.0011702998952	0.0	0.0347092465675	0.0167227381716	0.0318830381418	0.0	0.146700150742	0.0336430747165	0.0301619056702	0.0693900208664	0.0531369356459	0.0	0.0177497013347	0.0	0.0324485371753	0.0171036828085	0.101194464825	0.0131401917503	0.133124234628	0.0	1.06388830109e-05	0.0	0.0342464160727	0.0	0.0159177327572	0.0	0.0494465065552	0.0480159349586	0.0464896088061	0.0506910018326	0.0367595589701
PD_105P_1_bbduk_adapt_filt	0.0	0.10429040235	0.0	0.135389561106	0.0	0.0	0.0	0.112777169116	0.154328151374	0.0152436445367	0.0	0.0304739589536	0.0	0.0171998967778	0.0618021648808	0.0	0.0618444278118	4.13275153638e-05	0.0320081937128	0.000116759477136	0.035615029202	1.94410667391e-05	0.0176698876188	0.0122871038246	5.72586381992e-05	0.0433785056684	0.0329233794315	0.0160858494477	0.0297020945254	0.00997495935204	0.0172723418795	0.0156510901512	0.0165235883302	0.0730163533418	0.0	0.0	0.0188645639456	0.0
PD_105P_2_bbduk_adapt_filt	0.0594073673679	0.0174576779466	0.0	0.166260887197	0.0	0.197986585782	0.0	0.000854372493307	0.0	0.0343095930659	0.0157642484279	0.0292089591616	0.0	0.137793329764	0.0308867564866	0.029113238099	0.0679758827111	0.051376005528	0.0	0.0166474433454	0.0	0.0307816890036	0.0170419218585	0.0972953522079	0.0120672580005	0.123083911874	0.0	0.0	0.0	0.0330573652912	0.0	0.0159103413378	0.0	0.0457149501376	0.0449394032601	0.0409714364751	0.0486803747531	0.0313523183386
PD_107P_1_bbduk_adapt_filt	0.0	0.104811267929	0.0	0.182342890781	0.0	0.0	0.0	0.136398225387	0.165113641258	0.0341805219854	0.0	0.0313339301701	0.0	0.016155088853	0.0707115929355	0.0	0.0620006954132	0.000419303034496	0.026851269142	0.000419728939051	0.0327546675401	0.0	0.0134533484123	0.0176679188454	0.000420940971448	0.0564393508632	0.0391945313093	0.0172928652169	0.0350342533694	0.0202742086723	0.0181725974136	0.019875335132	0.0160777826199	0.11258544431	0.0	0.0	0.0135658750413	0.0
PD_107P_2_bbduk_adapt_filt	0.0488162069807	0.0100503955549	0.0	0.17372826602	0.0	0.259874513633	0.0	0.00430731238065	0.0	0.0359244261683	0.0165142788094	0.0321477984862	0.0	0.161136655482	0.0368202377416	0.0385203173739	0.069541320531	0.0503163641395	0.0	0.0159496996839	0.0	0.0369780526853	0.0184983540669	0.100538871525	0.0202051666295	0.128462701592	0.0	0.0	0.0	0.0308336923558	0.0	0.0164922993648	0.0	0.0545997079551	0.0499754358027	0.0478815588202	0.0457848282645	0.037107324986
PD_108S_1_bbduk_adapt_filt	0.0	0.105776148176	0.0	0.142086582693	0.0	0.0	0.0	0.120227108433	0.153173206002	0.016411341363	0.0	0.0322396776799	0.0	0.0177146582618	0.0646303172787	0.0	0.066295357577	7.47856562963e-05	0.0345882727308	0.000120656225077	0.0368968505631	4.17693623398e-05	0.0180489816036	0.0140228386733	8.58832478591e-05	0.0466163061904	0.033626793149	0.0161967570772	0.0326942026151	0.011329053607	0.0176495828201	0.0174847481258	0.0170902549759	0.0808057338012	0.0	0.0	0.0186122433663	0.0
PD_108S_2_bbduk_adapt_filt	0.0597910659597	0.0169437073215	0.0	0.166142463458	0.0	0.210593547481	0.0	0.000958748871073	0.0	0.0345624871323	0.0163256954626	0.0323094227912	0.0	0.141710283572	0.032853861219	0.0297261820853	0.06939931088	0.0533933973738	0.0	0.0171843714504	0.0	0.0320408981294	0.0178004051408	0.100186453587	0.0131115091731	0.130714983486	0.0	1.79019144263e-05	0.0	0.0338626657263	0.0	0.0164489584491	0.0	0.0494302705267	0.0475883686941	0.0454334664172	0.050007895819	0.0352930118063
PD_109S_1_bbduk_adapt_filt	0.0	0.109053365289	0.0	0.14205883055	0.0	0.0	0.0	0.118733214155	0.156418839354	0.015526255669	0.0	0.0311105086704	0.0	0.0186993504357	0.0645256139412	0.0	0.0654392052178	5.76837216922e-05	0.03427788913	0.000110797790787	0.036397220705	4.95348696381e-05	0.0181719200851	0.0135988699261	7.18285796581e-05	0.0476794922539	0.0327252105812	0.0158595743165	0.0308689034749	0.0117657868668	0.0178682632803	0.0179506757989	0.0170225013107	0.0801551628136	0.0	0.0	0.0181580269695	0.0
PD_109S_2_bbduk_adapt_filt	0.060203021203	0.0168222616224	0.0	0.168636124331	0.0	0.206848032575	0.0	0.000789424567757	0.0	0.0339660338909	0.0168961005988	0.0315316323072	0.0	0.140935953878	0.032783418215	0.0297060674756	0.0692500138142	0.0541534779246	0.0	0.0180362975145	0.0	0.0320284211268	0.0175282165537	0.100924348554	0.0125744907264	0.131793881708	0.0	1.48590640068e-05	0.0	0.0336339950676	0.0	0.0160629374262	0.0	0.048447172284	0.0488394795802	0.0446407929914	0.0510167157432	0.0352602843671
PD_10P_1_bbduk_adapt_filt	0.0	0.109173455618	0.0	0.141381973564	0.0	0.0	0.0	0.125546118907	0.150574821394	0.0151808517244	0.0	0.0310907105802	0.0	0.0172401777582	0.0644947701456	0.0	0.0630217075619	3.5341680897e-05	0.0343884123118	8.89620024754e-05	0.0348123272395	7.86194240451e-06	0.016635700815	0.0148536661698	2.61400845388e-05	0.0465821437045	0.032721206958	0.0153331452988	0.0322350837258	0.0124605578879	0.017775571003	0.0173736315676	0.0169699637642	0.0809240377533	0.0	0.0	0.0171721146744	0.0
PD_10P_2_bbduk_adapt_filt	0.0584450398547	0.0176811343303	0.0	0.164095688823	0.0	0.220829651162	0.0	0.00107361726484	0.0	0.0344206828386	0.0166094719601	0.0318848023223	0.0	0.144275909833	0.0326038410611	0.0291108508864	0.066729683745	0.0514150773689	0.0	0.0170658774749	0.0	0.0318015570262	0.0171555664655	0.0981249831352	0.0136799775753	0.129466171526	0.0	9.76633458525e-06	0.0	0.0339198194331	0.0	0.015256579774	0.0	0.0481290273435	0.0468267686375	0.0447614629628	0.0491734166125	0.0362725149714
PD_110S_1_bbduk_adapt_filt	0.0	0.109600715704	2.29098486003e-05	0.14158286435	0.0	0.0	0.0	0.118077359686	0.154756027295	0.0151478353102	0.0	0.0312734837725	0.0	0.0177165839763	0.0630633617339	0.0	0.0652220276049	6.60933103467e-05	0.0342783165314	0.000122185296739	0.0358245846812	4.61267827425e-05	0.0176100978894	0.013480649348	6.17255858894e-05	0.0458020472226	0.032675388536	0.0157625202061	0.0315468504914	0.0112851852442	0.0173885028549	0.0174795003402	0.0160896530579	0.0798645085813	0.0	0.0	0.0189061695256	0.0
PD_110S_2_bbduk_adapt_filt	0.0609631071253	0.0180987803942	0.0	0.16268283491	0.0	0.211412082883	0.0	0.00107676288421	0.0	0.0336689858362	0.0165831503089	0.0305260383393	0.0	0.138403350042	0.0326321586309	0.0299683772536	0.0681054393697	0.0529690672921	0.0	0.0175897953186	0.0	0.0316532233575	0.0173308234465	0.099774185545	0.013169995462	0.127613819626	0.0	0.0	0.0	0.0341878718847	0.0	0.0158703233663	0.0	0.0473335938774	0.0465408363698	0.045861025112	0.0488780355827	0.0337539608163
PD_111P_1_bbduk_adapt_filt	0.0	0.110646293189	0.0	0.136088287621	0.0	0.0	0.0	0.112298072809	0.160268505954	0.0158269452711	0.0	0.0321118260947	0.0	0.0182219142456	0.0632654409733	0.0	0.0647169923051	4.204063171e-05	0.0349194062087	8.60877919476e-05	0.0365794891162	1.98237077668e-05	0.0175906779945	0.0135593079508	5.87110334204e-05	0.0464619551092	0.0336196767119	0.0164654648326	0.0326026349941	0.0116481249963	0.0176275221137	0.0174519771325	0.0174135505673	0.0793737486212	0.0	0.0	0.0183979536229	0.0
PD_111P_2_bbduk_adapt_filt	0.0615287908629	0.0177566309202	0.0	0.162769116768	0.0	0.198649440746	0.0	0.000894713961094	0.0	0.0350266956376	0.0163548023584	0.0319373801487	0.0	0.139604857376	0.0329372337252	0.0301068043962	0.0687328217216	0.0532888362831	0.0	0.0172223410446	0.0	0.0321887454864	0.0176717410267	0.0973091966227	0.0124467390851	0.130324409467	0.0	5.87213439108e-06	0.0	0.0342238724119	0.0	0.0160632074901	0.0	0.0488753523414	0.0484615397	0.0452989889892	0.050804586741	0.0356950005504
PD_112S_1_bbduk_adapt_filt	0.0	0.109825847585	0.0	0.142630970889	0.0	0.0	0.0	0.159746687396	0.181141333029	0.0274670234148	0.0	0.0373913716187	0.0	0.0240885387625	0.0829682578033	0.0	0.0755541018045	0.000463877833134	0.0340858683725	0.000470628100263	0.0445952036435	0.0	0.0207689335394	0.0107398276746	0.000493454328335	0.0453992137455	0.0287440368731	0.0214245270026	0.0402930024486	0.0120358983752	0.0105885654082	0.018736717006	0.0194946552154	0.104938102916	0.0	0.0	0.020908207319	0.0
PD_112S_2_bbduk_adapt_filt	0.0599050077734	0.0199683359245	0.0	0.189699191282	0.0	0.219651695169	0.0	0.00142630970889	0.0	0.0394232571366	0.0183964946316	0.0399700869027	0.0	0.145869484728	0.0387489116115	0.0393951470676	0.0833859294306	0.051954317311	0.0	0.019766380211	0.0	0.0454549804304	0.0198029366306	0.100075666968	0.0152970841784	0.136696533695	0.0	0.0	0.0	0.0434338941364	0.0	0.0165953779196	0.0	0.0612138933676	0.0481189367374	0.063216075904	0.0457720214281	0.0682700649988
PD_113P_1_bbduk_adapt_filt	0.0	0.110059185308	0.0	0.13350982666	0.0	0.0	0.0	0.110283414548	0.150738106601	0.0153344202346	0.0	0.0309619349494	0.0	0.0171778598452	0.060434968384	0.0	0.0629808917197	5.69781090105e-05	0.0342794843992	8.90962636707e-05	0.0361720276639	3.58582294696e-05	0.0173428212613	0.0131974596314	4.63371728596e-05	0.0452461184805	0.0320058384006	0.0158677628048	0.0321011522178	0.0106446431095	0.0174377362605	0.0168584919693	0.0166394735735	0.0785131347765	0.0	0.0	0.0181853184021	0.0
PD_113P_2_bbduk_adapt_filt	0.0613080113744	0.0180504538213	0.0	0.161314252422	0.0	0.198031790474	0.0	0.00108377466008	0.0	0.0340175220511	0.0165990346022	0.0307301783434	0.0	0.13837699644	0.0313698220588	0.0285255521269	0.0672120783204	0.0524540471551	0.0	0.0171723363849	0.0	0.0302762984155	0.0173225609561	0.096824027418	0.0120813647056	0.126668469452	0.0	9.02859903545e-06	0.0	0.0325718462234	0.0	0.0154245860935	0.0	0.0471153476405	0.0463378143447	0.0445930753341	0.0493212363956	0.0338403513078
PD_114P_1_bbduk_adapt_filt	0.0	0.111885591744	0.0	0.143340319199	0.0	0.0	0.0	0.129695096048	0.157718874879	0.0158696319948	0.0	0.031665747254	0.0	0.0176733179408	0.0666052696075	0.0	0.0664191601872	6.0306147998e-05	0.0343683623613	0.000120864839727	0.0356473019174	3.67777313289e-05	0.0175830103003	0.0143966904658	8.9534985589e-05	0.0473048294584	0.033477723578	0.0162442170903	0.0326785450611	0.0118310632046	0.0180071550992	0.0175582489126	0.0164800752539	0.0832899004884	0.0	0.0	0.0192107079869	0.0
PD_114P_2_bbduk_adapt_filt	0.0615999325334	0.0174690284863	0.0	0.166126008529	0.0	0.221702138136	0.0	0.00107380834773	0.0	0.0347884966806	0.0171004062696	0.0325254033622	0.0	0.147771640552	0.0333870922704	0.0303806828879	0.0689248318964	0.0532832229448	0.0	0.0174218033264	0.0	0.0330264027333	0.0178181282552	0.0995214999938	0.0140087815914	0.131075446564	0.0	1.57787441382e-05	0.0	0.0345536640063	0.0	0.0166234793492	0.0	0.0482415440835	0.047717847384	0.0456187014423	0.0484900507064	0.0345553245812
PD_115S_1_bbduk_adapt_filt	0.0	0.106586033631	0.0	0.135652648128	0.0	0.0	0.0	0.107320934957	0.152960841416	0.0154699065206	0.0	0.0307612164125	0.0	0.0182385931573	0.0644622519145	0.0	0.0634217503546	4.09979012149e-05	0.0346768591771	0.000104025452115	0.0365698605711	2.12633694765e-05	0.0183782050329	0.0135481877466	5.56593571645e-05	0.0451454315681	0.0324999490832	0.0158155216984	0.0319314436627	0.0096114067281	0.0175551445954	0.0175794613009	0.0169936031658	0.0786220724029	0.0	0.0	0.0187256622444	0.0
PD_115S_2_bbduk_adapt_filt	0.0611488585715	0.0160664634622	0.0	0.162641265774	0.0	0.197232310925	0.0	0.000861608450656	0.0	0.0350201782932	0.0158410722252	0.0307967023246	0.0	0.138397244573	0.0316980863879	0.0291422445672	0.0683701977359	0.0523850682774	0.0	0.0168937334235	0.0	0.0319163175842	0.0171174310728	0.098240776576	0.0119278002403	0.128411025964	0.0	0.0	0.0	0.0338261911206	0.0	0.0158510880964	0.0	0.0485674239934	0.047060122461	0.0446265867562	0.0492573055983	0.0355566079076
PD_116P_1_bbduk_adapt_filt	0.0	0.108711844966	0.0	0.141054389677	0.0	0.0	0.0	0.121515792671	0.1535175479	0.0159500716666	0.0	0.030995548647	0.0	0.0177691712486	0.0636774359454	0.0	0.065294050861	6.97609965006e-05	0.0346177203782	0.000129815670289	0.0349937769696	4.26795061796e-05	0.0173515443658	0.0138686746532	6.16200393606e-05	0.0477752409975	0.0330234712282	0.0159759893522	0.0319316690416	0.0123953410306	0.0174207279825	0.0173566005903	0.0168644348008	0.0826578277726	0.0	0.0	0.0184579709639	0.0
PD_116P_2_bbduk_adapt_filt	0.0615043875834	0.0181754390748	0.0	0.164455267486	0.0	0.218056584686	0.0	0.00108728073037	0.0	0.034785697609	0.016276508204	0.0324240645583	0.0	0.145322953225	0.0328014543412	0.0297267435824	0.0673086694205	0.0518091667345	0.0	0.0171356684781	0.0	0.0317002032149	0.017617538221	0.0987085891329	0.0133214822593	0.130925284359	0.0	0.0	0.0	0.0343894297714	0.0	0.0167346063712	0.0	0.0490230701667	0.047631574278	0.0464848420528	0.0491364751973	0.0366596261625
PD_117_1_bbduk_adapt_filt	0.0	0.106931495265	0.0	0.132273510282	0.0	0.0	0.0	0.111654738207	0.157479277907	0.0156328182542	0.0	0.0313246919701	0.0	0.0172847117997	0.0612204880439	0.0	0.0640152697512	3.23172870616e-05	0.0333127841573	9.436366312e-05	0.0349208890792	2.92215040659e-05	0.0166129897294	0.0131662149141	4.67498710483e-05	0.045483931399	0.031977371645	0.0154985775787	0.032084935208	0.0109402962721	0.0167405316793	0.0165730128832	0.0165035587129	0.0797653019433	0.0	0.0	0.01732894734	0.0
PD_117_2_bbduk_adapt_filt	0.0585182551069	0.0169855082732	0.0	0.163973736953	0.0	0.198762237854	0.0	0.00111268703929	0.0	0.0338907872786	0.015951883451	0.0301345717125	0.0	0.134677091624	0.0310450292237	0.0291298368551	0.0669592384604	0.0510843973338	0.0	0.0169146866143	0.0	0.0302345162068	0.0170598424119	0.0969581375757	0.0120614667305	0.128579063127	0.0	0.0	0.0	0.0325629761301	0.0	0.01544332649	0.0	0.0460126608965	0.0476815164113	0.0450148810074	0.0490126429657	0.0359142946036
PD_118_1_bbduk_adapt_filt	0.0	0.109512419634	0.0	0.133548492334	0.0	0.0	0.0	0.102097977318	0.156367268535	0.0155651786766	0.0	0.0320732355558	0.0	0.0186508119688	0.0620051857509	0.0	0.0638503403719	3.62630591208e-05	0.0348277773065	0.000107106043598	0.0379730069524	2.89581355131e-05	0.0180841106168	0.0118767087873	6.18373292787e-05	0.0448395762467	0.0322111521266	0.0153606384885	0.0323971168611	0.00906024843947	0.018471461741	0.0173818618215	0.0168010837551	0.0736443495938	0.0	0.0	0.0193447874677	0.0
PD_118_2_bbduk_adapt_filt	0.0638969998953	0.0173298756211	0.0	0.160041290697	0.0	0.185803711161	0.0	0.000929571872395	0.0	0.0348180120283	0.015926143076	0.0305233760439	0.0	0.136661762736	0.0312537069888	0.0292038596756	0.0686610132202	0.0537509193819	0.0	0.0179472474795	0.0	0.0311299956766	0.0178969656813	0.0967304815303	0.0110173508332	0.127971380332	0.0	5.53935755085e-06	0.0	0.0335334002332	0.0	0.0152267811082	0.0	0.0482844055867	0.0458523633459	0.0445837025842	0.0478510407672	0.0323464313593
PD_119P_1_bbduk_adapt_filt	0.0	0.108916517427	0.0	0.141407943678	0.0	0.0	0.0	0.121672914205	0.154209656252	0.0158895198872	0.0	0.031711811759	0.0	0.0178071304345	0.064195072903	0.0	0.0644577651318	5.59849602003e-05	0.0340978705114	0.000116051313442	0.0360308491803	4.06910003257e-05	0.0169522185941	0.014130905699	6.73195390362e-05	0.0478509825609	0.0330171645661	0.0160970272285	0.0324045307103	0.0117254433455	0.0170905398683	0.0174311488453	0.0171884727485	0.081141349684	0.0	0.0	0.0186679394379	0.0
PD_119P_2_bbduk_adapt_filt	0.0595902726923	0.0186021345553	0.0	0.165538605434	0.0	0.213709297351	0.0	0.00101960542629	0.0	0.0349424410526	0.0167624949827	0.0335116100819	0.0	0.143464994255	0.0322249979492	0.0294589223917	0.0676762728979	0.0524392460543	0.0	0.0175527611581	0.0	0.0317135483788	0.017596969023	0.0984992913153	0.0127963223785	0.131034133798	0.0	1.26152251007e-05	0.0	0.0331957272897	0.0	0.015751310387	0.0	0.0502307480088	0.0476021973557	0.0447740498976	0.0478418901783	0.0362615994529
PD_11P_1_bbduk_adapt_filt	0.0	0.107436388705	0.0	0.143919995703	0.0	0.0	0.0	0.121873153437	0.152335846151	0.0154198959025	0.0	0.0315050839032	0.0	0.0178204526044	0.0649486298975	0.0	0.0650642443384	4.6611799917e-05	0.0344582507539	9.22834116828e-05	0.0353248493575	2.5621601839e-05	0.0174154058677	0.014007217837	5.64691830163e-05	0.0461116281764	0.0333390001336	0.015741940155	0.0318531489169	0.0123490239663	0.0175914803195	0.0173125549077	0.0170418356584	0.0803457486209	0.0	0.0	0.0179100751409	0.0
PD_11P_2_bbduk_adapt_filt	0.0606791770373	0.0174584131645	0.0	0.167735061865	0.0	0.220938456855	0.0	0.000850538077247	0.0	0.0345525695288	0.0167483781113	0.0317067522924	0.0	0.142824232598	0.0329954380299	0.0299414830091	0.0687848259066	0.0521492817471	0.0	0.0169850047713	0.0	0.0325240613744	0.0173995592746	0.100249554383	0.0128467391362	0.128896044904	0.0	0.0	0.0	0.0337157707958	0.0	0.0161934642437	0.0	0.0493792409289	0.0489606982815	0.0450433665887	0.0505281210793	0.0346042934957
PD_120S_1_bbduk_adapt_filt	0.0	0.110917463376	0.0	0.136920704036	0.0	0.0	0.0	0.119297522732	0.152205264125	0.0153696278556	0.0	0.0300331478616	0.0	0.0171930818786	0.0622293811315	0.0	0.0645169785731	3.42668322821e-05	0.0342827343594	0.000100427597078	0.03479182148	1.86147140752e-05	0.0169756238734	0.0142405470694	5.46899428887e-05	0.0464073069021	0.0325432926084	0.0156031061239	0.0311291961748	0.0118071218017	0.0178690404675	0.0169665786739	0.0157946341677	0.0798460283149	0.0	0.0	0.0177366030527	0.0
PD_120S_2_bbduk_adapt_filt	0.0625024360638	0.0174561369318	0.0	0.163146670527	0.0	0.213761115411	0.0	0.00116931060787	0.0	0.0330781121241	0.0166188503431	0.0317821108491	0.0	0.141018962525	0.0324475785226	0.028901696799	0.0682695428489	0.0529708115694	0.0	0.0172026566289	0.0	0.0311238019337	0.016835012531	0.0982974062662	0.0136451407507	0.129042390684	0.0	1.53573879172e-05	0.0	0.0345600810243	0.0	0.0155679329103	0.0	0.0483286394925	0.0479918206322	0.045810737972	0.0498870312204	0.0347592431914
PD_121S_1_bbduk_adapt_filt	0.0	0.10720180397	0.0	0.13317595139	0.0	0.0	0.0	0.113634879588	0.151153092528	0.0154631743133	0.0	0.0309559511268	0.0	0.0180475538022	0.0626071502811	0.0	0.0634118291992	3.96030324042e-05	0.0341484243361	0.000101675397025	0.0356335350177	2.45985646035e-05	0.0172250730316	0.0132007463488	4.51330103665e-05	0.0452317472999	0.0321526965691	0.0158135537162	0.0315795517216	0.0107892708995	0.0174637477417	0.0169418515335	0.0162409168222	0.0774441288568	0.0	0.0	0.0181229658573	0.0
PD_121S_2_bbduk_adapt_filt	0.0589617983332	0.0172032373042	0.0	0.16282614202	0.0	0.199699435099	0.0	0.00103187177832	0.0	0.0344994867161	0.0165463140038	0.0316237170587	0.0	0.138236444856	0.0316030302003	0.0289109277879	0.0671438608243	0.052292504037	0.0	0.0171797529173	0.0	0.0310574448522	0.0169631083793	0.0974270879021	0.0120617970205	0.127958537128	0.0	1.22332803374e-05	0.0	0.0331604407896	0.0	0.015545443465	0.0	0.0486693543402	0.0471568387701	0.0442363045024	0.0491862114471	0.0344358672064
PD_122S_1_bbduk_adapt_filt	0.0	0.112308622286	0.0	0.143971188503	0.0	0.0	0.0	0.121883415185	0.158210097256	0.0159287306836	0.0	0.032235596583	0.0	0.0177245074781	0.0645642777609	0.0	0.0645742820047	2.94755023836e-05	0.034476295594	6.08170589418e-05	0.0365809134258	2.27466125176e-05	0.0177600048807	0.0143297878608	4.9876824195e-05	0.0468345855974	0.0337471235565	0.0163177361021	0.0331601141456	0.0120699350944	0.0185220574742	0.0173498251259	0.0173341599435	0.083249605282	0.0	0.0	0.0191125578946	0.0
PD_122S_2_bbduk_adapt_filt	0.0633456792001	0.0171770962735	0.0	0.169942300572	0.0	0.214097300443	0.0	0.000965697996238	0.0	0.0350752622251	0.0168389476928	0.0322602603906	0.0	0.143384926496	0.0337673235446	0.0303645074782	0.0693949387691	0.0529127375647	0.0	0.0172242599074	0.0	0.0326231916727	0.018073471774	0.101326557193	0.013910646268	0.132437025233	0.0	5.57680659674e-06	0.0	0.0338103603548	0.0	0.0167082189356	0.0	0.0489231922347	0.0490861351868	0.045901972177	0.0500255468982	0.0351871523366
PD_123P_1_bbduk_adapt_filt	0.0	0.109656028039	0.0	0.141410734407	0.0	0.0	0.0	0.1219131668	0.153988088694	0.0151399112826	0.0	0.0310067466809	0.0	0.0175550198863	0.0640682009245	0.0	0.0654320445332	5.06876338719e-05	0.0340523279549	8.51832890683e-05	0.0350146180106	2.68040586552e-05	0.0170629541346	0.0149209227051	5.31928061231e-05	0.0476967691127	0.0330784950661	0.0158975427778	0.0318941142849	0.0128116193929	0.0170009702993	0.0169776535611	0.0165039963734	0.0838909193623	0.0	0.0	0.0173992106247	0.0
PD_123P_2_bbduk_adapt_filt	0.0614458015653	0.0169002638932	0.0	0.163327708214	0.0	0.221286718492	0.0	0.00110296459092	0.0	0.0340692480684	0.0163580678208	0.0316793365033	0.0	0.144325841114	0.0327938447444	0.0305686371078	0.0678477314866	0.0524110134236	0.0	0.0173847982125	0.0	0.0323524987969	0.0167699104982	0.0992610887424	0.0136009913502	0.129623379393	0.0	1.33145249395e-05	0.0	0.0337048498399	0.0	0.0161497216003	0.0	0.0485681444193	0.0468095732675	0.045536113719	0.0493751602718	0.0365989733049
PD_126P_1_bbduk_adapt_filt	0.0	0.110890969428	0.0	0.139668782481	0.0	0.0	0.0	0.115354396076	0.156931996829	0.0156038245905	0.0	0.0318105524028	0.0	0.0181882541084	0.0628091906086	0.0	0.0647509296546	4.67068290306e-05	0.0348914289073	0.000115454397971	0.0363654702313	2.34770239366e-05	0.0175824866349	0.0134171173479	4.30200302121e-05	0.0465572152754	0.0331524396177	0.0159511318307	0.0323655103383	0.011031219981	0.0184701325928	0.0176971514143	0.0173089674197	0.0802322875359	0.0	0.0	0.0186183450637	0.0
PD_126P_2_bbduk_adapt_filt	0.0627658517642	0.0174889907932	0.0	0.168637637142	0.0	0.208443761172	0.0	0.00102467771281	0.0	0.0352093423974	0.0165226717216	0.0317167364646	0.0	0.144290231166	0.0334760924062	0.0297128646258	0.0689526780219	0.0538889022023	0.0	0.0179066046917	0.0	0.0315335559842	0.0172602417481	0.100996342578	0.0126866069096	0.130004198001	0.0	4.82490376006e-06	0.0	0.0350214969586	0.0	0.0160809994652	0.0	0.0496376074174	0.0476734356582	0.0459072515218	0.0507154453795	0.0342028302842
PD_127S_1_bbduk_adapt_filt	0.0	0.107353684612	0.0	0.137901481046	0.0	0.0	0.0	0.112932721944	0.156281499741	0.0156324421609	0.0	0.0312912291472	0.0	0.0182658512559	0.0620513830093	0.0	0.0654397283136	8.02156195854e-05	0.0347943398436	0.000153378090011	0.0359406266498	4.42318302276e-05	0.0181113790783	0.0130577479865	0.00010228672598	0.0467277807688	0.0332758958056	0.0158126784566	0.0312855943724	0.010856787823	0.0181148751037	0.0178139490039	0.015790688473	0.0801254800042	0.0	0.0	0.018320352899	0.0
PD_127S_2_bbduk_adapt_filt	0.0590419594948	0.0180890873003	0.0	0.167576483297	0.0	0.2112333061	0.0	0.000872794183836	0.0	0.0353073441843	0.0168352698287	0.0315514187988	0.0	0.138174703664	0.0322962510903	0.0295210594812	0.0684520332678	0.0544664056985	0.0	0.0179773389222	0.0	0.0306821462346	0.0180549807627	0.0983481295525	0.0118809966331	0.129643878245	0.0	1.27693231144e-05	0.0	0.034005300513	0.0	0.0165607304891	0.0	0.0487757831714	0.0474658241347	0.0448692847844	0.0478693091876	0.0344302649385
PD_128S_1_bbduk_adapt_filt	0.0	0.108755965767	0.0	0.135803789029	0.0	0.0	0.0	0.111541684517	0.15825894084	0.0164558918286	0.0	0.031669019061	0.0	0.017768357644	0.0623877566778	0.0	0.0642910988346	7.34000725425e-05	0.0342780117438	0.000155214632585	0.0361356787597	5.80933183679e-05	0.0179890320489	0.0134649853385	7.63900506542e-05	0.0458252222134	0.0329359914417	0.0159392448376	0.0326061692018	0.0111241493777	0.0176010427738	0.0166574541136	0.0164609131754	0.0804240188001	0.0	0.0	0.0183843645963	0.0
PD_128S_2_bbduk_adapt_filt	0.0609470088533	0.0164319761362	0.0	0.160272940206	0.0	0.205804383818	0.0	0.000959943623076	0.0	0.0343461681886	0.0159342106863	0.0319627388573	0.0	0.138835331114	0.0324549436672	0.0295541778292	0.0680893533053	0.0526162625278	0.0	0.017336280501	0.0	0.0313039995548	0.017419166731	0.0995483006232	0.0123257593497	0.130722768521	0.0	9.88480300008e-06	0.0	0.0338337450806	0.0	0.0159260118746	0.0	0.0489768705461	0.0472401835985	0.04435980801	0.0489788267633	0.0339465523657
PD_129P_1_bbduk_adapt_filt	0.0	0.113114628959	0.0	0.144493453744	0.0	0.0	0.0	0.122317072766	0.158010485958	0.0158893089883	0.0	0.031839041918	0.0	0.0177986656464	0.0656655009157	0.0	0.0661403774891	5.74114662563e-05	0.0347067119621	0.00012731981733	0.0366045107044	4.97515832375e-05	0.0180619962603	0.0141948893684	8.68059186169e-05	0.0477615721318	0.0337144274333	0.0165075234978	0.0320155627119	0.0120621519171	0.0180946266494	0.0158371265118	0.0170636164474	0.0798066889238	0.0	0.0	0.0180393722298	0.0
PD_129P_2_bbduk_adapt_filt	0.062154210631	0.0200945166409	0.0	0.171135282864	0.0	0.215970795969	0.0	0.000784470619614	0.0	0.0354973924207	0.0173854032806	0.0323225505273	0.0	0.148508375298	0.0328205336205	0.0308695164728	0.0710797771899	0.0541390126797	0.0	0.0179721973725	0.0	0.0325517501754	0.0181427612842	0.0997215688037	0.0127604700367	0.130437821521	0.0	2.67544951342e-05	0.0	0.0356315383508	0.0	0.0163810278263	0.0	0.0484548865707	0.048139398341	0.0445674491351	0.0502649174475	0.0351165341669
PD_12P_1_bbduk_adapt_filt	0.0	0.108583288237	0.0	0.138039079979	0.0	0.0	0.0	0.122472532695	0.156989659281	0.0150471062766	0.0	0.0316828111466	0.0	0.0181384595884	0.0639828336594	0.0	0.0647829510115	4.32352999671e-05	0.0339171198683	9.71421114615e-05	0.0362968134436	3.43655720201e-05	0.0179944822607	0.0144249089239	5.35150643759e-05	0.0458944756185	0.0336292202581	0.0156666739461	0.032611410297	0.0111079752716	0.0179294293317	0.0170104171215	0.0164259481778	0.0809146865888	0.0	0.0	0.0187762828761	0.0
PD_12P_2_bbduk_adapt_filt	0.060500607213	0.0172438501103	0.0	0.165758716163	0.0	0.211399008861	0.0	0.00100049642278	0.0	0.0339752470096	0.0165053238361	0.0317653338175	0.0	0.141388937763	0.0329093616529	0.0294158817238	0.0683280450324	0.0527161836028	0.0	0.0173819618108	0.0	0.0317469154322	0.0179020935287	0.099015696937	0.0130576757077	0.127817664818	0.0	8.63177627886e-06	0.0	0.0351721118534	0.0	0.0160791899068	0.0	0.0485263356514	0.0475044038822	0.045767596492	0.04818853949	0.0370403726519
PD_130S_1_bbduk_adapt_filt	0.0	0.107964282994	0.0	0.138739148707	0.0	0.0	0.0	0.112076006855	0.158641910221	0.0156006751883	0.0	0.03251927981	0.0	0.0181306877142	0.0633719522445	0.0	0.065373568852	5.12453385959e-05	0.0350732103498	9.9389804144e-05	0.0365508323445	2.6971663678e-05	0.0185279425943	0.0131846415596	5.16920947739e-05	0.0461887322561	0.0323356231244	0.0163500488393	0.0330840774007	0.0108725482946	0.0182258818227	0.0176796831499	0.0173299170497	0.078433821149	0.0	0.0	0.0183429603606	0.0
PD_130S_2_bbduk_adapt_filt	0.0602127905387	0.0169261761422	0.0	0.171960868497	0.0	0.199708698238	0.0	0.00121081438871	0.0	0.0357877066982	0.0162330928831	0.0315352233912	0.0	0.14225771909	0.0327050048013	0.0297683046299	0.068948288071	0.053028676379	0.0	0.0166713318846	0.0	0.0316539444925	0.017978315107	0.0993983896888	0.0124577948405	0.13083963218	0.0	1.86077945819e-05	0.0	0.0339323423801	0.0	0.0159529604381	0.0	0.0493891897746	0.0475027128825	0.0462033834616	0.0491346984998	0.0339150973692
PD_131P_1_bbduk_adapt_filt	0.0	0.10858708367	0.0	0.140412005665	0.0	0.0	0.0	0.119877621367	0.154693861119	0.0153637985537	0.0	0.0320881525005	0.0	0.0177292532905	0.0625603100979	0.0	0.0654507853841	5.13480952261e-05	0.0343749794707	0.000121910798649	0.035740538337	4.14122487907e-05	0.0176892974604	0.0138049205524	5.21448721283e-05	0.0459874847353	0.0329703940246	0.0154962378248	0.0325966089856	0.0114899182479	0.0171670565398	0.0179291569216	0.016405832027	0.0822244624992	0.0	0.0	0.0180212813131	0.0
PD_131P_2_bbduk_adapt_filt	0.0586343262484	0.0170707532116	0.0	0.164544967715	0.0	0.213912956252	0.0	0.00116953776944	0.0	0.0340477972047	0.0161497261859	0.0324661896408	0.0	0.139042976531	0.032397626599	0.0295900824279	0.0685098781786	0.0527858418924	0.0	0.0175990428929	0.0	0.0314163672389	0.0175445668449	0.0988610439559	0.0125958835563	0.129094776866	0.0	1.31939019369e-05	0.0	0.0343974000949	0.0	0.0155189818784	0.0	0.0485915031669	0.046360803702	0.0454998617479	0.0487334649494	0.0354688734118
PD_134S_1_bbduk_adapt_filt	0.0	0.108552864342	0.0	0.140113577117	0.0	0.0	0.0	0.121801850239	0.156900560365	0.0157907208655	0.0	0.0313428143644	0.0	0.018032092498	0.0643831280763	0.0	0.0652237797757	5.77903453867e-05	0.0351667992349	0.00010670777971	0.0353882231541	4.58571714196e-05	0.0175344760174	0.0146684217244	7.10282738343e-05	0.0476492185901	0.0328819519791	0.0159444209655	0.0317675893987	0.0119605956544	0.0176363659088	0.0173205703779	0.0169435366937	0.082253279858	0.0	0.0	0.0180255669687	0.0
PD_134S_2_bbduk_adapt_filt	0.0614190418866	0.0168609999298	0.0	0.168639605971	0.0	0.217520222097	0.0	0.000888200171896	0.0	0.0347940672962	0.0164440428146	0.0326518499827	0.0	0.140018605086	0.032607821447	0.0301743949184	0.0685736052055	0.0532218665041	0.0	0.0175879528674	0.0	0.0322146629223	0.0174236471132	0.0996458909803	0.0132219131743	0.131092085098	0.0	7.80823749535e-06	0.0	0.0333959248853	0.0	0.0159736651651	0.0	0.049807166246	0.0481832264286	0.0465851364221	0.0500891282253	0.0374736391126
PD_137P_1_bbduk_adapt_filt	0.0	0.109919860122	0.0	0.133230317402	0.0	0.0	0.0	0.11469055271	0.15634684409	0.0157559290992	0.0	0.0318361732097	0.0	0.01725948701	0.0621728527404	0.0	0.0641777821288	3.15277794417e-05	0.0344946149234	6.03356666208e-05	0.0350634240023	1.65886013997e-05	0.0176709449481	0.013558055698	3.52968297932e-05	0.0458711200527	0.0322886098984	0.0160082892446	0.0328836650639	0.0120497358148	0.0179171059544	0.0171529171531	0.0164636529796	0.0805554137817	0.0	0.0	0.0183222393995	0.0
PD_137P_2_bbduk_adapt_filt	0.0633183386199	0.0179967590319	0.0	0.164491928997	0.0	0.205411284123	0.0	0.00102783214299	0.0	0.0342386967403	0.0162150805525	0.0321853391357	0.0	0.138219563351	0.0318271811671	0.0294764364938	0.0666487187645	0.0520523638583	0.0	0.0172439335202	0.0	0.0307096483411	0.0172991029693	0.0968303137937	0.0125127261617	0.128387605721	0.0	9.52874359799e-06	0.0	0.0332352520526	0.0	0.0156190039467	0.0	0.0490084401841	0.0475034980385	0.045858777863	0.0473557463536	0.0346642491913
PD_138S_1_bbduk_adapt_filt	0.0	0.10851465621	0.0	0.144583368509	0.0	0.0	0.0	0.118499463036	0.167161372709	0.0168411339704	0.0	0.0334290638016	0.0	0.0189055826971	0.0657969166735	0.0	0.06681639735	9.34466288048e-05	0.035123602125	0.000158756026852	0.0373854939763	7.76489804074e-05	0.0187060819904	0.0132354326654	9.33683479002e-05	0.0477020122757	0.0345805788823	0.0162071736153	0.0344745630587	0.0108329796348	0.0189938259066	0.0183268231843	0.0178769208951	0.0796351076677	0.0	0.0	0.0185701021356	0.0
PD_138S_2_bbduk_adapt_filt	0.0622367594029	0.0170807510033	0.0	0.167778411333	0.0	0.204688539938	0.0	0.000729227464838	0.0	0.0356233180254	0.0168435057092	0.032278659558	0.0	0.144963419497	0.0328109549298	0.0315305138894	0.0703932799692	0.0556124249675	0.0	0.0178295230157	0.0	0.0327613989836	0.0189601317101	0.10168162679	0.0126047269665	0.135344758234	0.0	1.61748239674e-05	0.0	0.0345828806036	0.0	0.0166251150326	0.0	0.049360774363	0.047410977664	0.0469216336165	0.0501666372234	0.0354470045743
PD_13P_1_bbduk_adapt_filt	0.0	0.109678879355	0.0	0.140581005043	0.0	0.0	0.0	0.117049408239	0.153338556566	0.0150151172471	0.0	0.0307902785537	0.0	0.0177966315017	0.0630542122054	0.0	0.0642346147444	4.19490341608e-05	0.033953710533	7.25453448305e-05	0.0357382427717	3.04902822135e-05	0.0176808738755	0.0138823090843	5.01569382734e-05	0.046363950843	0.0326543659987	0.0149832076398	0.0306497350471	0.0115196351073	0.0179713189767	0.0175701297305	0.0167275615266	0.0808220162932	0.0	0.0	0.0184048154777	0.0
PD_13P_2_bbduk_adapt_filt	0.0594601076323	0.0175134585407	0.0	0.165329753405	0.0	0.21115325561	0.0	0.000901593747267	0.0	0.0342732451037	0.0159155488237	0.0312593950157	0.0	0.137953268974	0.0318444626496	0.0298137348383	0.0685742939036	0.0524968857503	0.0	0.0169127380582	0.0	0.0310340255796	0.0167343378887	0.0984867312307	0.0126674134106	0.128185740943	0.0	1.2408453532e-05	0.0	0.0336464589769	0.0	0.0157271600697	0.0	0.0477648718384	0.0473409036343	0.0451459559878	0.0485234083292	0.033602583328
PD_140S_1_bbduk_adapt_filt	0.0	0.111710107891	0.0	0.138499860021	0.0	0.0	0.0	0.117668171736	0.15244029374	0.0153511004278	0.0	0.0310177011127	0.0	0.0181180909685	0.0632137046851	0.0	0.0651113589765	6.7268074449e-05	0.034509994855	0.000128665296531	0.0356502588373	4.6386380365e-05	0.0172726787259	0.0143293433715	8.25156391066e-05	0.0474049752953	0.0329308795645	0.0162841383733	0.0321559628636	0.011816801753	0.0180820461474	0.0175302262615	0.0168419635421	0.0819174378615	0.0	0.0	0.0186517262792	0.0
PD_140S_2_bbduk_adapt_filt	0.0605425427294	0.0188648093778	0.0	0.164026215481	0.0	0.213514037342	0.0	0.000976261063694	0.0	0.0351329430854	0.0159095103808	0.0315490228448	0.0	0.138821031498	0.0326868131287	0.0289349469535	0.068360249135	0.0530160167625	0.0	0.0173249317887	0.0	0.0310603202924	0.0169194026088	0.0987676990359	0.0132949197728	0.1293432194	0.0	3.57500293597e-06	0.0	0.0337644605359	0.0	0.0158031503163	0.0	0.0487140632108	0.047773462519	0.0456451361496	0.0495934617151	0.0357131322236
PD_141P_1_bbduk_adapt_filt	0.0	0.108596490907	0.0	0.138244186096	0.0	0.0	0.0	0.11685396819	0.155718958132	0.0150289100831	0.0	0.0316848803932	0.0	0.0176273060333	0.0630234176734	0.0	0.0651957327382	4.65279610247e-05	0.0346309695635	8.55853642687e-05	0.036206315278	3.92400471626e-05	0.0174865460367	0.0142345633011	5.56039657582e-05	0.0466630311931	0.0321771945301	0.0156512907393	0.0317965586408	0.0115679925085	0.0174692862633	0.0171886971132	0.0163996212452	0.0812310595527	0.0	0.0	0.0181121416804	0.0
PD_141P_2_bbduk_adapt_filt	0.0612454957137	0.0180384743595	0.0	0.163321321903	0.0	0.20540093861	0.0	0.00109693425159	0.0	0.0344062091948	0.0160237778479	0.0314562957425	0.0	0.136954832545	0.0316614444586	0.0297511591105	0.067983323125	0.05185386163	0.0	0.0171836392482	0.0	0.0308394070659	0.0170867774095	0.0982854609592	0.0131433874061	0.130302165628	0.0	0.0	0.0	0.0334098504128	0.0	0.0159942782289	0.0	0.0475952125422	0.0470966084334	0.0454673757775	0.0486936445176	0.0354113918448
PD_142S_1_bbduk_adapt_filt	0.0	0.103824738494	0.0	0.133546240887	0.0	0.0	0.0	0.101039740144	0.160237665075	0.0160294089074	0.0	0.0316472510039	0.0	0.0178302889279	0.0604601376538	0.0	0.0633831145602	5.42983648998e-05	0.0350100104825	0.000165754884348	0.0366328250692	2.82901477156e-05	0.0176759780875	0.0125912513537	7.41157582405e-05	0.0445479838742	0.0319662441387	0.0156299915863	0.0322819028541	0.010170471443	0.0180579772039	0.0173232852533	0.0161665682444	0.0790573747306	0.0	0.0	0.0187720091531	0.0
PD_142S_2_bbduk_adapt_filt	0.0571704461322	0.0171110298634	0.0	0.159235065669	0.0	0.192031206241	0.0	0.000868919485252	0.0	0.0347816337288	0.0163211961485	0.0307825233004	0.0	0.138150167077	0.0311681971635	0.0296344963813	0.0679127289496	0.053366242969	0.0	0.0172937596003	0.0	0.0297753804707	0.0176998903955	0.0964600610073	0.0115669993361	0.127802500383	0.0	1.04758656745e-05	0.0	0.0325258026448	0.0	0.0153410187815	0.0	0.0476362121212	0.0478687646513	0.0442525221305	0.0489755650688	0.0333773537069
PD_145P_1_bbduk_adapt_filt	0.0	0.108922337008	0.0	0.138706716511	0.0	0.0	0.0	0.11496532926	0.151386606888	0.0150768329006	0.0	0.0316105865616	0.0	0.0176347899803	0.0629642500565	0.0	0.0641843052701	5.74362241015e-05	0.0346026180094	0.000123617615115	0.0351437865992	5.42139256632e-05	0.0175669432632	0.0140767797265	7.46585651717e-05	0.0466000398167	0.0334448590107	0.0160394933838	0.0319965161698	0.0120528999717	0.0176398386152	0.0173636472636	0.0165574597208	0.0792241260765	0.0	0.0	0.017960335798	0.0
PD_145P_2_bbduk_adapt_filt	0.0601329695858	0.0169708603053	0.0	0.162433256116	0.0	0.204036362481	0.0	0.00090570645549	0.0	0.0343556982128	0.0166756365653	0.0304284937821	0.0	0.138976533511	0.032640409965	0.0293911167687	0.0684072333746	0.0536575251475	0.0	0.0176464145576	0.0	0.0319096788345	0.0173199792069	0.0971175048156	0.0128548474941	0.128121425595	0.0	7.33401617913e-06	0.0	0.0336640570731	0.0	0.0160171126266	0.0	0.0463155750431	0.0474990795425	0.0451596525562	0.0500894906561	0.0352371588905
PD_146S_1_bbduk_adapt_filt	0.0	0.109146404507	0.0	0.137229652884	0.0	0.0	0.0	0.111186738471	0.15825197024	0.0158056514719	0.0	0.0323945250455	0.0	0.0186696432794	0.0647163527983	0.0	0.0659968493294	6.55397542849e-05	0.0348707164872	0.000110488293405	0.036645654797	6.47937130162e-05	0.0177783175232	0.0132922081733	7.49244346938e-05	0.0467671827621	0.0323693554276	0.0161660816403	0.0327254395007	0.0108641553444	0.0180962015568	0.0182436904425	0.0166580898966	0.0790837407227	0.0	0.0	0.0189237247058	0.0
PD_146S_2_bbduk_adapt_filt	0.062012397436	0.017744027954	0.0	0.16815561375	0.0	0.209306169534	0.0	0.00119210523722	0.0	0.035302498022	0.0170322555792	0.0316515103127	0.0	0.141473285559	0.0327077955926	0.0298040260641	0.0688150053297	0.0548661371585	0.0	0.0176925384613	0.0	0.0328504124992	0.0175592723503	0.0994098583008	0.0120467787497	0.131852892914	0.0	1.74579715338e-05	0.0	0.0342886361554	0.0	0.0162254366939	0.0	0.0481986754316	0.0461343512542	0.0449076505758	0.0492627537644	0.0348653886708
PD_147_1_bbduk_adapt_filt	0.0	0.105648345065	0.0	0.138111127808	0.0	0.0	0.0	0.113430655336	0.158372999563	0.0162183865866	0.0	0.0318491626207	0.0	0.0182748064761	0.0641064781722	0.0	0.0659907927934	4.02670672971e-05	0.0350935759786	7.35864352401e-05	0.0365226095778	3.7662231632e-05	0.017957800231	0.0141542682284	5.27497035796e-05	0.0472162920416	0.0331971487083	0.0155517221705	0.0330268265942	0.0112335540056	0.0185465492092	0.0178298896378	0.0172915401917	0.0809630904718	0.0	0.0	0.0187310545457	0.0
PD_147_2_bbduk_adapt_filt	0.0595714952485	0.0174554631918	0.0	0.16687183968	0.0	0.208729124848	0.0	0.000676722632292	0.0	0.0352473232297	0.0168967172234	0.0309692195104	0.0	0.139891711314	0.0319575220601	0.0295292494208	0.068652229043	0.0536679472936	0.0	0.0174849546401	0.0	0.0319836040404	0.0181149150593	0.0990712443156	0.0127961989267	0.132010153386	0.0	4.68425366583e-06	0.0	0.0335480589605	0.0	0.0157852013893	0.0	0.0486216773361	0.0483054681248	0.0467084595334	0.0485700600428	0.0361046199962
PD_148P_1_bbduk_adapt_filt	0.0	0.107518680846	0.0	0.137589655455	0.0	0.0	0.0	0.116244272619	0.153764317242	0.0149766882063	0.0	0.0306574186686	0.0	0.017437327162	0.0624858876552	0.0	0.0641303467146	4.62539595454e-05	0.0334602652245	9.50182411268e-05	0.0347504216635	2.81778176682e-05	0.0170417507775	0.0143694602349	3.77838844932e-05	0.0461674034782	0.0325162279215	0.0157627821405	0.0312764136086	0.0118895788081	0.0174577251576	0.0168212806155	0.0164361866483	0.0802706180189	0.0	0.0	0.0176829051011	0.0
PD_148P_2_bbduk_adapt_filt	0.05896237848	0.0179036216377	0.0	0.160146926039	0.0	0.210496822269	0.0	0.00103414421012	0.0	0.0336765410249	0.0158509345021	0.0312295784223	0.0	0.13770245609	0.0316012753749	0.0297390295988	0.068109428078	0.0524123438735	0.0	0.0173136809368	0.0	0.031316122111	0.0166529655886	0.0961416027568	0.0128691910584	0.126792608561	0.0	0.0	0.0	0.0321475083312	0.0	0.0158649485399	0.0	0.0472653289823	0.0461089295566	0.0442383303281	0.0475479633372	0.0340077611255
PD_149S_1_bbduk_adapt_filt	0.0	0.10757611332	0.0	0.133768758269	0.0	0.0	0.0	0.107415140085	0.155799095284	0.0155146191823	0.0	0.0317690141921	0.0	0.0185001085395	0.0617243954905	0.0	0.0654617697371	3.7792530722e-05	0.0347960984528	8.75026183943e-05	0.0371999646007	2.52019380895e-05	0.0178831273593	0.0118793187368	4.30240022304e-05	0.0448610611493	0.0329138336804	0.0161001997812	0.0319907672937	0.00948871537167	0.0179732425775	0.0170097885414	0.0163876224255	0.0745672332339	0.0	0.0	0.0181943230749	0.0
PD_149S_2_bbduk_adapt_filt	0.0609168713518	0.0170631629079	0.0	0.169021896729	0.0	0.193581813152	0.0	0.000873854704178	0.0	0.0348009512996	0.0163078210009	0.0322383030331	0.0	0.138027217374	0.0320637807662	0.0291797834065	0.0688340143771	0.0544165201734	0.0	0.0176609451459	0.0	0.0304288200493	0.0174870960661	0.0973999009706	0.0111969965805	0.128474021643	0.0	1.73431236423e-05	0.0	0.0329486201288	0.0	0.015433616759	0.0	0.0493126612674	0.0449769468794	0.0429465006433	0.0486490715117	0.0328882693901
PD_14P_1_bbduk_adapt_filt	0.0	0.111078037561	0.0	0.145715579615	0.0	0.0	0.0	0.123001508701	0.158063877518	0.0157820734233	0.0	0.0319337991357	0.0	0.0173561951032	0.0637173585859	0.0	0.065721099971	4.77528750514e-05	0.0336955703853	8.77843774909e-05	0.034844231562	2.66621767561e-05	0.0173951536771	0.0135677281751	5.20222497676e-05	0.0474957459945	0.0327390151617	0.0154676815082	0.0313198735026	0.0114930768486	0.0169091795612	0.0166398641895	0.016875283452	0.082026344529	0.0	0.0	0.0175392961602	0.0
PD_14P_2_bbduk_adapt_filt	0.0606935835015	0.01869237756	0.0	0.168089789119	0.0	0.2125266685	0.0	0.000934618877999	0.0	0.0337402029308	0.0164949038175	0.0330625426576	0.0	0.141848483717	0.0334836550328	0.0311594054296	0.0678655167124	0.0526057609785	0.0	0.0173436848671	0.0	0.0322145750656	0.0172158221959	0.0979994788905	0.0129089496923	0.130228524842	0.0	0.0	0.0	0.0344147661725	0.0	0.0157582148689	0.0	0.0491539500611	0.0478858318187	0.0461312243467	0.0483428464857	0.0356535387478
PD_150P_1_bbduk_adapt_filt	0.0	0.112109220061	0.0	0.144889567563	0.0	0.0	0.0	0.121863477514	0.161506333577	0.0159229070593	0.0	0.0327454068577	0.0	0.0186065010354	0.064645127075	0.0	0.0672220523099	5.77072646299e-05	0.0356788401638	0.000123827650256	0.037034987082	2.39617597152e-05	0.0174808691158	0.0143890613224	7.28316622542e-05	0.0487046923486	0.0340811472726	0.016413272794	0.0334193247171	0.0117546201504	0.0181164637659	0.018217151229	0.0169870632788	0.0834638231239	0.0	0.0	0.0186374085338	0.0
PD_150P_2_bbduk_adapt_filt	0.0620215396448	0.0180626404602	0.0	0.171239010815	0.0	0.219816076138	0.0	0.0011869118582	0.0	0.0353851970918	0.0168698888241	0.0326547471947	0.0	0.147187625639	0.0336250013978	0.031059394526	0.0707032178217	0.0544756578107	0.0	0.0177532160792	0.0	0.0320895886106	0.0181838399492	0.103087923884	0.0125634617388	0.133933879664	0.0	0.0	0.0	0.0355531102663	0.0	0.0161008834788	0.0	0.0492598959486	0.048634391277	0.0464607911039	0.0522956521474	0.0354479307788
PD_151S_1_bbduk_adapt_filt	0.0	0.110106346618	0.0	0.14197748424	0.0	0.0	0.0	0.121425483238	0.160421018616	0.0163099533954	0.0	0.0326653572696	0.0	0.0178508550373	0.0641523159272	0.0	0.0636657852575	4.6360671093e-05	0.0363891490289	0.000116007671394	0.0372773906183	2.03607901473e-05	0.0182893957486	0.013855520507	6.13159130737e-05	0.0442987416017	0.033375946399	0.0165936468388	0.0331763951317	0.0110578240406	0.0188458938765	0.0177024417653	0.0167714544086	0.0816455299262	0.0	0.0	0.0184330044976	0.0
PD_151S_2_bbduk_adapt_filt	0.0619667244017	0.0168677330033	0.0	0.167412250058	0.0	0.198284640331	0.0	0.00104313611994	0.0	0.0362290499892	0.0170181765936	0.0319326514581	0.0	0.142695495144	0.0341838407762	0.0302022999221	0.0707367181723	0.0548075853661	0.0	0.0172513074669	0.0	0.0319664405312	0.0173623559298	0.102237110397	0.0130937345282	0.130509005254	0.0	6.14351974779e-06	0.0	0.0346975516882	0.0	0.016473993139	0.0	0.0496943043881	0.0486706824795	0.0459165056182	0.0517126577186	0.0344626785009
PD_152P_1_bbduk_adapt_filt	0.0	0.102253296504	0.0	0.133654861008	0.0	0.0	0.0	0.105112352491	0.15611887234	0.0156323021124	0.0	0.0315362508988	0.0	0.0187237099335	0.0608833787797	0.0	0.0638379185573	4.89458148294e-05	0.0357076789994	9.50590269028e-05	0.0365802771085	3.61337618178e-05	0.0183465233917	0.0127343710549	8.22786535548e-05	0.0446769545957	0.0321602211769	0.0154240843458	0.0317760109951	0.0100626162406	0.0177845344162	0.0187968794566	0.0164450814589	0.0771374563552	0.0	0.0	0.0184625421203	0.0
PD_152P_2_bbduk_adapt_filt	0.0587427889923	0.0166497966346	0.0	0.165945375693	0.0	0.186679538025	0.0	0.000576616333667	0.0	0.0357625552783	0.0160185282418	0.0310603952611	0.0	0.139150223631	0.0321722620725	0.0292071807498	0.0683380641559	0.0532432573714	0.0	0.0174508360967	0.0	0.0306311060896	0.0183412650015	0.0977214061987	0.0115080410105	0.12868466367	0.0	5.88480898351e-06	0.0	0.0338497983511	0.0	0.0157381382933	0.0	0.0481174798866	0.0461852226332	0.0435597984328	0.0492209422393	0.0336040947183
PD_153S_1_bbduk_adapt_filt	0.0	0.107500319912	0.0	0.140299543152	0.0	0.0	0.0	0.121154295198	0.150243199067	0.0151161243563	0.0	0.0302763481347	0.0	0.0175198345779	0.0636238886123	0.0	0.0642747059452	5.78455040501e-05	0.0332525194041	0.000123512281338	0.034984178538	4.08086145353e-05	0.0173162250202	0.014582791423	7.74654163803e-05	0.0475308337963	0.0324707600981	0.0154667963417	0.0312983315319	0.0120313806892	0.0168505470568	0.0172130218291	0.0160338463204	0.0803364233603	0.0	0.0	0.0171516453064	0.0
PD_153S_2_bbduk_adapt_filt	0.0601401544284	0.0185515968555	0.0	0.165958462892	0.0	0.214308046875	0.0	0.00115432158212	0.0	0.0335173588717	0.0164506399982	0.0312199065488	0.0	0.139527420557	0.0324351229588	0.0295810186642	0.0674580199209	0.0518329743056	0.0	0.0168682487084	0.0	0.0320829907728	0.0169380414161	0.0977981364777	0.0132995888543	0.129025538077	0.0	0.0	0.0	0.0339380869996	0.0	0.0164144239511	0.0	0.0472052342377	0.0478580077751	0.0456652858934	0.0495237777384	0.0361749593728
PD_156P_1_bbduk_adapt_filt	0.0	0.109145674863	0.0	0.141535664486	0.0	0.0	0.0	0.119479142691	0.153081862035	0.0161231619532	0.0	0.0306472766539	0.0	0.0171837256292	0.0639148619518	0.0	0.0647180380209	3.1202430919e-05	0.034099500939	5.91990699503e-05	0.0362150786118	2.25620785721e-05	0.0169867539264	0.014468722201	4.31944971692e-05	0.0462720646654	0.0329379629271	0.0164096995854	0.0318201042271	0.0119494178676	0.0179655507639	0.0174929567403	0.0167401658351	0.0808503240753	0.0	0.0	0.0184819726595	0.0
PD_156P_2_bbduk_adapt_filt	0.0595248171241	0.0177867025702	0.0	0.167331436253	0.0	0.212834065982	0.0	0.000960077695551	0.0	0.0338283144053	0.0167535901381	0.032215300381	0.0	0.139328463244	0.0325361676131	0.0301139817269	0.0685119781321	0.0524044827284	0.0	0.0171139129493	0.0	0.0316827988349	0.0176650645781	0.0989930617638	0.0131743216366	0.129158082211	0.0	6.88615173539e-06	0.0	0.0327992464169	0.0	0.0154133744705	0.0	0.0484520414222	0.0494907000607	0.0462978423541	0.0495833021321	0.034831142564
PD_157S_1_bbduk_adapt_filt	0.0	0.107970138588	0.0	0.146684303753	0.0	0.0	0.0	0.123079496127	0.161470568112	0.0157981678383	0.0	0.0316980192027	0.0	0.0181297339093	0.0652869166598	0.0	0.0654924658984	5.84384224992e-05	0.03522500237	0.000120723466763	0.0372707248782	3.79787073643e-05	0.0179664069024	0.0140698589803	7.89740875798e-05	0.0480335470923	0.0338240955329	0.0161095879054	0.0325080244442	0.0116136502768	0.0177530969425	0.0176101171795	0.0172681025283	0.0828430289544	0.0	0.0	0.0188909975722	0.0
PD_157S_2_bbduk_adapt_filt	0.0625280330847	0.0177321139417	0.0	0.169148782509	0.0	0.215256079853	0.0	0.00121635079557	0.0	0.0359031990454	0.0169062408093	0.0324280203646	0.0	0.142849209297	0.0333834479205	0.0308962438486	0.0705674282208	0.0544607138744	0.0	0.0180401100499	0.0	0.0324000572381	0.0177622431876	0.100179907613	0.0131700904876	0.133211108211	0.0	1.04675684896e-05	0.0	0.0343026455414	0.0	0.016575341394	0.0	0.0490074814232	0.048185677117	0.0453846002672	0.0497169739608	0.0372649926623
PD_158P_1_bbduk_adapt_filt	0.0	0.109011510162	0.0	0.13256359019	0.0	0.0	0.0	0.111075088499	0.157070714737	0.0150221920141	0.0	0.031276772933	0.0	0.0182012848331	0.0614187428561	0.0	0.0647474219049	6.60708076673e-05	0.0347409539556	8.89894398367e-05	0.0361025813671	4.78405898553e-05	0.017547835117	0.0129498847898	6.67579732484e-05	0.0456078097124	0.0326954483059	0.0160862450535	0.0321582402493	0.0110421317569	0.0180070001339	0.017391264132	0.016374907676	0.0794778633257	0.0	0.0	0.0189832011264	0.0
PD_158P_2_bbduk_adapt_filt	0.0602019134658	0.0176171605128	0.0	0.162937416785	0.0	0.20236711195	0.0	0.00100620761883	0.0	0.0341512684935	0.0158657011888	0.0321501208683	0.0	0.136735018012	0.0321222009256	0.0292326496399	0.0674114420355	0.0524671761097	0.0	0.0171820810437	0.0	0.0302168525617	0.0177129912122	0.0991955037509	0.0125347912123	0.128345183286	0.0	1.27499960794e-05	0.0	0.0327518562694	0.0	0.015570239799	0.0	0.0488099137472	0.0473978385357	0.0459687342115	0.0499826082735	0.034400296743
PD_159S_1_bbduk_adapt_filt	0.0	0.10960881932	0.0	0.13630709874	0.0	0.0	0.0	0.115918704927	0.152404091859	0.01494795594	0.0	0.0311345899288	0.0	0.0177969708115	0.0618124227749	0.0	0.0638997403473	5.55648935446e-05	0.0328239152157	0.000128457353853	0.0347897557729	5.18179494786e-05	0.0168106925079	0.0140908157526	9.12617327373e-05	0.0462263998338	0.0325060078704	0.0158328582109	0.0322097290845	0.0115958007556	0.0171944680058	0.0168431535881	0.0163527178069	0.0797336948053	0.0	0.0	0.0178166357786	0.0
PD_159S_2_bbduk_adapt_filt	0.0609446746855	0.0175726921721	0.0	0.166177283021	0.0	0.20853154205	0.0	0.00100076142679	0.0	0.0330408858146	0.0166766613534	0.0308495430019	0.0	0.13623278764	0.0322869714511	0.0291506174727	0.0671895325694	0.0515607484036	0.0	0.0171133741411	0.0	0.0305836940387	0.0170299952891	0.0977881715013	0.012867904316	0.12735587071	0.0	1.72706388992e-05	0.0	0.033485175436	0.0	0.0157495062946	0.0	0.0472699791921	0.0453942646496	0.0448383581432	0.0486320534294	0.03403180868
PD_15P_1_bbduk_adapt_filt	0.0	0.110536462602	0.0	0.141469880454	0.0	0.0	0.0	0.125412839126	0.156818522899	0.0158978756995	0.0	0.0313732953703	0.0	0.0178341020035	0.0639166575838	0.0	0.0639040429692	6.56899735423e-05	0.0354850419651	0.000114524337195	0.0350535377575	4.25032495252e-05	0.0175457880724	0.0146491782019	7.42985357042e-05	0.047272099285	0.0337586795371	0.0158797249516	0.032309291287	0.012227802634	0.0172227660127	0.0173777738999	0.0161163192726	0.0810579952883	0.0	0.0	0.0176320817657	0.0
PD_15P_2_bbduk_adapt_filt	0.0613683327859	0.0172639431266	0.0	0.167260847161	0.0	0.210368230986	0.0	0.00141679776419	0.0	0.0349658791384	0.0167605553562	0.0318091814626	0.0	0.142099050645	0.033100075239	0.030146917897	0.0683058306014	0.0534333193122	0.0	0.0177627246989	0.0	0.0319928031069	0.0179914950323	0.0992006960832	0.0130089981606	0.131113181036	0.0	7.61982963128e-06	0.0	0.0344156157014	0.0	0.0166506703894	0.0	0.048750917647	0.0468789407996	0.044333050473	0.0494242909725	0.035114677143
PD_160P_1_bbduk_adapt_filt	0.0	0.11054587991	0.0	0.137853961564	0.0	0.0	0.0	0.121762933704	0.152095644655	0.0150857081858	0.0	0.031037464505	0.0	0.017995985479	0.0637929577115	0.0	0.0644930406909	3.54876992892e-05	0.0334509942215	9.15503830322e-05	0.035309978054	3.06170252935e-05	0.017270881	0.0142365941669	4.16761010941e-05	0.0479008449067	0.0332138483803	0.0165793880748	0.0322556292607	0.0121250069316	0.0177663037784	0.0171979957812	0.016925816284	0.081992029461	0.0	0.0	0.017740380499	0.0
PD_160P_2_bbduk_adapt_filt	0.0629814237639	0.0176465514992	0.0	0.164695386127	0.0	0.219536236182	0.0	0.00129626969876	0.0	0.0338806200572	0.0167323370563	0.0307504967481	0.0	0.143406916033	0.0322870054783	0.0295771307198	0.0677384153559	0.052170466725	0.0	0.0173176704544	0.0	0.0315929429747	0.0173730290678	0.0984354177036	0.0134322073826	0.130655494739	0.0	9.22614806611e-06	0.0	0.0339281367052	0.0	0.0156183679555	0.0	0.0468517600109	0.0477087668215	0.0454362299188	0.0482310382039	0.036495757133
PD_161S_1_bbduk_adapt_filt	0.0	0.106038326118	0.0	0.138259916927	0.0	0.0	0.0	0.135916528504	0.148805164828	0.0221173874261	0.0	0.0272765264219	0.0	0.0169837817559	0.0607939226512	0.0	0.0664066169818	0.000129446654386	0.035449808545	0.000262758225646	0.0339441962717	0.0	0.0167833606514	0.0117777403446	0.000138665483388	0.045668131794	0.0339297170148	0.0137574887804	0.0294376958527	0.0113826301065	0.0158558822274	0.017548600305	0.0174190371073	0.081481087853	0.0	0.0	0.0173703059728	0.0
PD_161S_2_bbduk_adapt_filt	0.0632714874072	0.0187471073799	0.0	0.162279648257	0.0	0.248399172784	0.0	0.00117169421124	0.0	0.0345128463133	0.0150279569679	0.0331572454212	0.0	0.146643548444	0.0321850178742	0.0302384222719	0.0647335820579	0.0534614682616	0.0	0.0183930757952	0.0	0.0312005377741	0.0159712625554	0.0980565358927	0.0144212102723	0.12815180368	0.0	0.0	0.0	0.0347469761144	0.0	0.0163062215223	0.0	0.0466986471885	0.0526252604539	0.0470268136814	0.0601148824354	0.033103187364
PD_162P_1_bbduk_adapt_filt	0.0	0.105634318819	0.0	0.132948626306	0.0	0.0	0.0	0.112188124342	0.150961414775	0.0153105667662	0.0	0.0311102980787	0.0	0.0177923637669	0.0612942389986	0.0	0.0624161733766	6.21187050354e-05	0.0340113910145	0.000101597489289	0.0356727210462	5.2450715996e-05	0.0177695134589	0.01326034169	6.51685048064e-05	0.0441995851313	0.0322306840806	0.0159143696466	0.0322354763621	0.0103915136857	0.0173494256367	0.0170416650942	0.0160481705988	0.0761658323758	0.0	0.0	0.0178475133784	0.0
PD_162P_2_bbduk_adapt_filt	0.0592691977654	0.0169544099377	0.0	0.159306322428	0.0	0.190793083741	0.0	0.00105837853152	0.0	0.0342035049107	0.016158464831	0.0309230092799	0.0	0.136869979266	0.0319245929849	0.028582430945	0.0679269905555	0.0528423117501	0.0	0.0169837136261	0.0	0.0304257861707	0.0176269295996	0.0986971691537	0.0119444559524	0.126033894136	0.0	1.00406117644e-05	0.0	0.0329586742191	0.0	0.0153267805564	0.0	0.0480363717917	0.0469212678106	0.0447559681316	0.049888614632	0.0336738395493
PD_163S_1_bbduk_adapt_filt	0.0	0.109287328935	0.0	0.141493776939	0.0	0.0	0.0	0.113319624682	0.159128581085	0.0156078040266	0.0	0.0315794871202	0.0	0.0178525842891	0.0638322127876	0.0	0.0650549722296	6.0900292608e-05	0.0350202405335	0.000122597857517	0.0368085770445	4.67557527402e-05	0.0176587308576	0.0133998401493	7.64206730488e-05	0.0458206050834	0.0328161352493	0.0153735061282	0.0323197746414	0.0110713398103	0.0179409720342	0.0172933540327	0.0166564038813	0.0775648656951	0.0	0.0	0.0190338801173	0.0
PD_163S_2_bbduk_adapt_filt	0.0604325182327	0.0176521101367	0.0	0.165047229778	0.0	0.204781783576	0.0	0.00122872531344	0.0	0.0353416897565	0.0166307032901	0.0317041293235	0.0	0.140162738537	0.0329293713906	0.0306072319255	0.0691752855191	0.0534704569098	0.0	0.0178175552925	0.0	0.0312406354559	0.0173945703325	0.0993886698811	0.0120829575276	0.129662283791	0.0	4.67137834343e-06	0.0	0.0341174966652	0.0	0.0165403080417	0.0	0.0490966382946	0.0456536590493	0.0446447322686	0.0482881400126	0.0341965911092
PD_164P_1_bbduk_adapt_filt	0.0	0.109247402448	0.0	0.137339591649	0.0	0.0	0.0	0.116712641615	0.151905911975	0.0153049406649	0.0	0.0312786567004	0.0	0.0179553453428	0.0629277294531	0.0	0.0650653984456	5.31371792075e-05	0.033842933639	0.000147187026957	0.0344307494707	2.26214749168e-05	0.0176307753655	0.0133699537314	6.69623439694e-05	0.0467758872462	0.0330397485544	0.0159863234936	0.032321614192	0.0119473494441	0.0169483964605	0.0172433237973	0.0163339908117	0.0805956527322	0.0	0.0	0.0179724615508	0.0
PD_164P_2_bbduk_adapt_filt	0.0601641052052	0.0174535731054	0.0	0.158226654545	0.0	0.210535351289	0.0	0.000884383734102	0.0	0.0336386047119	0.016334555857	0.0315597897666	0.0	0.139410617483	0.0318685530539	0.0294735551474	0.0673524627467	0.0518140634453	0.0	0.0173462636955	0.0	0.0308274149428	0.0173416514665	0.0987634215134	0.0127715452407	0.129145800384	0.0	6.66652355863e-06	0.0	0.0327659983859	0.0	0.0161531403693	0.0	0.0482705799415	0.0468272100595	0.0457457796421	0.0493713549515	0.033819074573
PD_165S_1_bbduk_adapt_filt	0.0	0.108225728768	1.59272595685e-05	0.137802649786	0.0	0.0	0.0	0.112796852264	0.157743578766	0.0160587649494	0.0	0.0312145552544	0.0	0.0182381989171	0.0639001271736	0.0	0.0656177626695	5.54741734927e-05	0.0359225209996	0.000107673286274	0.0376156487969	3.51791096878e-05	0.0179642433891	0.0131423197198	6.52199025208e-05	0.0463824558559	0.0337780115155	0.0157492926846	0.0318020034513	0.0105515992651	0.0181360742335	0.0170373864797	0.0167819698577	0.0772294502621	0.0	0.0	0.0190429541724	0.0
PD_165S_2_bbduk_adapt_filt	0.0610969677046	0.0181092941293	0.0	0.165754990329	0.0	0.203789286178	0.0	0.00103527187195	0.0	0.0357364065071	0.0163020086483	0.0319314354149	0.0	0.143066340499	0.0325846848528	0.0303287673045	0.0694858047219	0.0533106807265	0.0	0.0182169741216	0.0	0.0319531853294	0.018126799382	0.0984707085064	0.0122690146036	0.130544809516	0.0	8.50164247482e-06	0.0	0.0341439868673	0.0	0.01637621944	0.0	0.0492744237016	0.0475324419869	0.0461109044351	0.0500338455503	0.0346215147854
PD_166_1_bbduk_adapt_filt	0.0	0.110043176162	0.0	0.13597548202	0.0	0.0	0.0	0.109750028356	0.156653677212	0.0159440242519	0.0	0.0312468616665	0.0	0.0182907487299	0.0647901206134	0.0	0.06448231308	5.06659276197e-05	0.0359825754762	0.00010378651416	0.0377339360285	3.90172434269e-05	0.0172927819172	0.0136969340968	6.75905181318e-05	0.045093797496	0.0323073380508	0.0148439298099	0.0317910468024	0.00979494895832	0.0180316987577	0.0170677903384	0.0169903938826	0.0770465618726	0.0	0.0	0.0194096791697	0.0
PD_166_2_bbduk_adapt_filt	0.060523746889	0.0169574730479	0.0	0.154804591055	0.0	0.204391669822	0.0	0.00105984206549	0.0	0.035654175873	0.0160590192414	0.0310438427847	0.0	0.139513826568	0.0323430036877	0.0296677071415	0.0705915004799	0.0539868488755	0.0	0.0178418452978	0.0	0.0322526288477	0.0177453683867	0.0969301949674	0.0120415107687	0.129464212705	0.0	5.61631850547e-06	0.0	0.0332802273047	0.0	0.0174349757389	0.0	0.0484139405327	0.0464086227887	0.0447895238522	0.0476405782707	0.0345919096849
PD_167P_1_bbduk_adapt_filt	0.0	0.107229490725	0.0	0.132933511177	0.0	0.0	0.0	0.108108086019	0.154142392918	0.0159300718071	0.0	0.0317881078387	0.0	0.0186913747281	0.0626767902703	0.0	0.0637016477594	5.37683084709e-05	0.0349787283864	9.65775397342e-05	0.0370702073416	3.86264585834e-05	0.0177356282372	0.0129103408387	6.72774864413e-05	0.0452693113398	0.03244554358	0.0159334377674	0.0322711500954	0.0100841274646	0.0174411766926	0.0170649997323	0.0166664561374	0.0768340878652	0.0	0.0	0.0186821681611	0.0
PD_167P_2_bbduk_adapt_filt	0.0590906416116	0.0170815271049	0.0	0.164603806647	0.0	0.191840260751	0.0	0.000878595293671	0.0	0.0352970831703	0.0157393636581	0.0314692866466	0.0	0.138839695081	0.0318420040457	0.0290383906971	0.0681059358896	0.0534581066913	0.0	0.0172453893778	0.0	0.0309312096678	0.0175181732564	0.0991867279754	0.0117466491327	0.130091097987	0.0	2.37034182794e-05	0.0	0.0342919739553	0.0	0.0162704334027	0.0	0.0487398247942	0.0463818992936	0.0440922055374	0.0505782635168	0.0358151646619
PD_169P_1_bbduk_adapt_filt	0.0	0.108985246057	0.0	0.142308785053	0.0	0.0	0.0	0.117118204818	0.154022404862	0.0157593732642	0.0	0.0311390417425	0.0	0.0177622530537	0.0636623088258	0.0	0.065620009628	5.53126225175e-05	0.0341595855329	0.000106688691277	0.0356384407722	3.19716155997e-05	0.0179819415396	0.0135078421944	6.59644066616e-05	0.0467681988294	0.033717504512	0.0163406064267	0.0322456691838	0.0118914492879	0.0176756483016	0.0175207402575	0.0172047944027	0.0800451540054	0.0	0.0	0.0183111983697	0.0
PD_169P_2_bbduk_adapt_filt	0.0596297020692	0.016967655115	0.0	0.164548468746	0.0	0.213436187672	0.0	0.00124153574013	0.0	0.0336492669606	0.0168655355409	0.0311138454309	0.0	0.140854774824	0.0325028044096	0.0300258025404	0.0686568239572	0.0529784298472	0.0	0.01721879271	0.0	0.0320155765711	0.0172908030864	0.0978978739166	0.0125244420115	0.130284795061	0.0	9.88243509328e-06	0.0	0.0343806271796	0.0	0.0156428853866	0.0	0.0466027284071	0.0472631026886	0.045444078902	0.0498049708502	0.0356314939989
PD_16P_1_bbduk_adapt_filt	0.0	0.108184875576	0.0	0.14547422791	0.0	0.0	0.0	0.124953645675	0.158811462518	0.0159634902571	0.0	0.0314324118583	0.0	0.0178788829837	0.0656991276798	0.0	0.0666075841322	7.72538683305e-05	0.0345217328179	0.00013727368463	0.0365552409156	5.96461131041e-05	0.0175618230701	0.0138456286021	0.000115575565403	0.0478942179038	0.0332833519827	0.0161684267511	0.0321560695489	0.0117943705248	0.0177274910529	0.0173242947028	0.0174435725714	0.0819676433626	0.0	0.0	0.019356229978	0.0
PD_16P_2_bbduk_adapt_filt	0.0613101007705	0.017455077197	0.0	0.167824962408	0.0	0.219229364061	0.0	0.000937953034175	0.0	0.0352048293884	0.0169028831993	0.0318769939449	0.0	0.141941224552	0.0336980253734	0.0300088845532	0.0699090694217	0.0547874777467	0.0	0.0183285790033	0.0	0.0325179763896	0.0178204158554	0.101505399561	0.0134067655868	0.132367161096	0.0	1.38665752582e-05	0.0	0.0349485420077	0.0	0.0169619675276	0.0	0.0487698729635	0.0478089255668	0.046622440429	0.0494731381429	0.0353269131731
PD_170S_1_bbduk_adapt_filt	0.0	0.110809256613	0.0	0.137762859573	0.0	0.0	0.0	0.120655616767	0.154633100274	0.014971061765	0.0	0.031072169165	0.0	0.0170009459124	0.0637288720323	0.0	0.064396090996	5.75537861161e-05	0.0341951894816	0.000123306488141	0.0352495582969	2.86144142346e-05	0.0179754480325	0.0141914828682	6.72947335918e-05	0.0455648358583	0.0329395045257	0.015708469034	0.0312089969565	0.0116392385083	0.0183219670332	0.0168236678902	0.016294726317	0.0805731148381	0.0	0.0	0.0176807769111	0.0
PD_170S_2_bbduk_adapt_filt	0.0613189080925	0.0182060707443	0.0	0.164975010283	0.0	0.208841945236	0.0	0.00105573664671	0.0	0.0336611869449	0.0167189231789	0.0314385862542	0.0	0.139954446792	0.0329403667655	0.029211226838	0.0689138080494	0.0535737204454	0.0	0.0178155040829	0.0	0.0317858451456	0.0172955603382	0.0981389049072	0.0136194187754	0.128123750209	0.0	0.0	0.0	0.033124247956	0.0	0.0152429645913	0.0	0.0486838162404	0.0477185766641	0.0448729873079	0.0477718725781	0.0336805789589
PD_171P_1_bbduk_adapt_filt	0.0	0.111144105695	0.0	0.142540145116	0.0	0.0	0.0	0.117823737107	0.158822854049	0.0160142067524	0.0	0.0320878375222	0.0	0.0175403877717	0.0646371632804	0.0	0.066109258293	6.14048091091e-05	0.0353570361834	0.000129356935627	0.0365404360127	4.9611015294e-05	0.0177005985183	0.0138291574798	8.53146024717e-05	0.0464459563366	0.0334227709437	0.0153739516294	0.0324885849636	0.0114275819469	0.0183630631261	0.0173294575746	0.0174670593987	0.0813467894459	0.0	0.0	0.0190070764717	0.0
PD_171P_2_bbduk_adapt_filt	0.0599040684448	0.0175761123624	0.0	0.162348707234	0.0	0.213836794457	0.0	0.00111622487785	0.0	0.0352355073555	0.0165649702481	0.0317511154892	0.0	0.141245533569	0.0320004958584	0.0303584403292	0.0695505817916	0.0526672659776	0.0	0.0170122849912	0.0	0.0319456776174	0.0177278242246	0.0991235245208	0.0125128083625	0.130490623855	0.0	1.31626298197e-05	0.0	0.0339196699174	0.0	0.016430451607	0.0	0.0484316292598	0.0483120021324	0.045160810099	0.0505850645277	0.0348001574365
PD_172S_1_bbduk_adapt_filt	0.0	0.111354111716	0.0	0.144751439276	0.0	0.0	0.0	0.120764736459	0.160039993671	0.0162763404205	0.0	0.032156601579	0.0	0.0182515274861	0.0649509608018	0.0	0.0651254837749	8.47417564581e-05	0.035026070687	0.000135984781078	0.0368934233242	6.37001425354e-05	0.0182775821659	0.0145702173493	0.000101751399353	0.0478267427887	0.0342175220177	0.0169649191866	0.0328383615424	0.0116004828386	0.017742753932	0.0177120573089	0.0168866019173	0.0825277958201	0.0	0.0	0.0184442283051	0.0
PD_172S_2_bbduk_adapt_filt	0.0613323366581	0.0164463284166	0.0	0.167580368071	0.0	0.214069448036	0.0	0.00103902796855	0.0	0.0354752937924	0.0162908397678	0.0322577229676	0.0	0.147840350048	0.0327588095072	0.0308816982086	0.0687983350382	0.0536839027162	0.0	0.0171835314271	0.0	0.0326781731207	0.0176741689102	0.0996592265355	0.0130920133834	0.132027970782	0.0	1.47456924699e-05	0.0	0.0349117791949	0.0	0.0160648189974	0.0	0.0494693731999	0.0487320567089	0.0458663998269	0.0509965277547	0.0357000340128
PD_173P_1_bbduk_adapt_filt	0.0	0.108216381838	0.0	0.137518670105	0.0	0.0	0.0	0.117997283577	0.155241502387	0.0152099812076	0.0	0.031562010659	0.0	0.0180410057735	0.0621411833092	0.0	0.0636930836509	4.93627211003e-05	0.0341057788322	0.000109288661957	0.0359278112009	3.90288511676e-05	0.0173981989925	0.0139808324997	6.45961598044e-05	0.0459554588824	0.032620727957	0.0157778604703	0.0325168075634	0.0116410628338	0.0177989150169	0.0175288471732	0.0167890914824	0.0808518602476	0.0	0.0	0.017949478202	0.0
PD_173P_2_bbduk_adapt_filt	0.0587864528044	0.0166719915997	0.0	0.16564886684	0.0	0.202771834802	0.0	0.00105084068265	0.0	0.0342719720062	0.0166950057315	0.0317398931323	0.0	0.13735121937	0.0324771794307	0.0298043107742	0.0689872240057	0.0531430828245	0.0	0.0173558802008	0.0	0.0311276770756	0.0174202947494	0.0966477491581	0.0127854256299	0.129180913056	0.0	9.95762730851e-06	0.0	0.0339157381156	0.0	0.0157422531344	0.0	0.0477539112727	0.0477159485476	0.0445940897855	0.0493012334616	0.0338243642992
PD_174S_1_bbduk_adapt_filt	0.0	0.107924843273	0.0	0.131192290473	0.0	0.0	0.0	0.106652725349	0.152284826383	0.0153649710015	0.0	0.0307012094676	0.0	0.0178802932844	0.060519120388	0.0	0.062519901281	4.14534955204e-05	0.0338596300899	0.000130245599505	0.0360761898589	2.5739390813e-05	0.0171270940328	0.0128678998948	7.16945421768e-05	0.0448213517726	0.0319929075427	0.0152297946069	0.0324024572556	0.010860145747	0.0183258981633	0.0170037078937	0.0158818025067	0.0764221194818	0.0	0.0	0.0182947433358	0.0
PD_174S_2_bbduk_adapt_filt	0.062826211046	0.0170710018257	0.0	0.157270707925	0.0	0.194162127736	0.0	0.000615540931215	0.0	0.0338735231427	0.0156451309988	0.0298556948753	0.0	0.132549891213	0.0305267255584	0.0287823134063	0.0686009772574	0.0536242418052	0.0	0.0175705515204	0.0	0.0294287034962	0.0171401316583	0.094321970819	0.0114173558417	0.125248194703	0.0	4.73121920065e-06	0.0	0.0325508321186	0.0	0.0155565838176	0.0	0.0467587674982	0.0459014389243	0.0445744604133	0.0461769179131	0.03158167119
PD_175P_1_bbduk_adapt_filt	0.0	0.109644334758	0.0	0.139132110758	0.0	0.0	0.0	0.119908590404	0.149346174444	0.015087370435	0.0	0.0306597159921	0.0	0.0176505573162	0.062469928523	0.0	0.0643523539676	6.21985057016e-05	0.0334860277231	0.000123606524533	0.0358345788728	2.82141010127e-05	0.0167149643403	0.0140617676163	9.27543802792e-05	0.0456418670659	0.0322913607517	0.0155393837737	0.0306475113885	0.0115094036806	0.0169813802568	0.0172038396457	0.0160537876575	0.0794635712026	0.0	0.0	0.0187988981751	0.0
PD_175P_2_bbduk_adapt_filt	0.0604562147935	0.0171656500285	0.0	0.162120028047	0.0	0.213642074112	0.0	0.00077797536679	0.0	0.0342766981563	0.0161553298799	0.0319962424513	0.0	0.138109193988	0.0321586873481	0.0295568772469	0.066845559726	0.0519098362168	0.0	0.0176058684508	0.0	0.0311991528998	0.0172374884079	0.098174963349	0.0128804916081	0.12706020184	0.0	6.87887727918e-06	0.0	0.0334656902373	0.0	0.015786294806	0.0	0.0475225859753	0.0467772775732	0.0458261286092	0.0493605634542	0.0346752600204
PD_176S_1_bbduk_adapt_filt	0.0	0.110517233331	0.0	0.138391473825	0.0	0.0	0.0	0.109038035179	0.164709674705	0.0166099783436	0.0	0.0321523070193	0.0	0.0189387049679	0.0649126580338	0.0	0.0670416695813	3.50926432134e-05	0.037230790552	9.54162699768e-05	0.0382638253497	2.04435949358e-05	0.0189995991791	0.0129631345562	6.04910359846e-05	0.0472320188441	0.034283040912	0.0165459355207	0.0335535755248	0.0109850909471	0.0188961896516	0.0182478050902	0.016713990231	0.0789569408559	0.0	0.0	0.0198706424781	0.0
PD_176S_2_bbduk_adapt_filt	0.0630676302842	0.0176543259918	0.0	0.173604073981	0.0	0.205147494306	0.0	0.000960518280296	0.0	0.0370545063951	0.016591919136	0.0320908229853	0.0	0.143707277839	0.0331513129884	0.0300830108146	0.0705799691552	0.0557817059789	0.0	0.018630026713	0.0	0.0319533388847	0.0189289223332	0.102176265089	0.0118173559584	0.133988758109	0.0	9.23579989993e-06	0.0	0.0351571516904	0.0	0.0165954650524	0.0	0.0510198346938	0.0489091609431	0.0460218258858	0.0515037917105	0.0353626885747
PD_177P_1_bbduk_adapt_filt	0.0	0.109500262602	0.0	0.135499729574	0.0	0.0	0.0	0.113959549315	0.154901538428	0.0150687380122	0.0	0.0311031021406	0.0	0.0182015291477	0.0627466433291	0.0	0.0632241571258	5.30000941812e-05	0.0352325947373	0.000118930979163	0.0377458610075	3.3375679654e-05	0.0178437444857	0.0124245729212	6.4775199437e-05	0.0447750858801	0.0324152226621	0.0157708808454	0.0320885087038	0.0101586321809	0.0183011415749	0.017675465986	0.0169708556225	0.0768945910598	0.0	0.0	0.0187698606257	0.0
PD_177P_2_bbduk_adapt_filt	0.0636035104757	0.0179414576496	0.0	0.160821176344	0.0	0.201006912155	0.0	0.00119957420331	0.0	0.0353272975275	0.0162177690098	0.0310561501246	0.0	0.137158912559	0.0325341345661	0.0291983125902	0.0689430838823	0.0530371942471	0.0	0.0173368931898	0.0	0.0311673221836	0.017232541059	0.0969393558557	0.0127371596711	0.126021755297	0.0	1.89705864219e-05	0.0	0.0330522644939	0.0	0.0157571434861	0.0	0.0490517715825	0.046230797595	0.0445396792168	0.0485447432871	0.0350063551307
PD_178S_1_bbduk_adapt_filt	0.0	0.10744356445	0.0	0.134683007293	0.0	0.0	0.0	0.112718865993	0.153179126283	0.0155987889869	0.0	0.03096847287	0.0	0.0174232590858	0.0628114879158	0.0	0.0645555980524	4.30548916086e-05	0.0342561785817	0.000115041605304	0.0363586822641	4.1935376327e-05	0.0176940404846	0.0140701760602	5.97506820634e-05	0.0459260247218	0.0323995999518	0.0158898036437	0.0322394979093	0.011477718916	0.0180436853049	0.0168725743068	0.0162145175871	0.0815145920547	0.0	0.0	0.0186105641673	0.0
PD_178S_2_bbduk_adapt_filt	0.0599170051788	0.0173075479633	0.0	0.164918300396	0.0	0.206860204021	0.0	0.00104203487267	0.0	0.0342880269818	0.0161536835398	0.0312062409094	0.0	0.137967824614	0.0319004640213	0.0291194033077	0.0680065903755	0.0520732354433	0.0	0.0170092397019	0.0	0.0312069092167	0.017893691153	0.0983199116247	0.0127903803792	0.12846486044	0.0	1.62306472356e-05	0.0	0.0336636524289	0.0	0.0154827411679	0.0	0.0480025988329	0.0477982290943	0.0451579600149	0.0503540757052	0.0344564575989
PD_179P_1_bbduk_adapt_filt	0.0	0.109743102741	0.0	0.138696451569	0.0	0.0	0.0	0.114096723652	0.155473819961	0.0156777007379	0.0	0.0313762689474	0.0	0.017898555101	0.0627419752158	0.0	0.0647968733665	5.41042979372e-05	0.0343044087104	0.000118041665167	0.035444931401	4.94802687723e-05	0.0174761805629	0.0137951289669	6.87058426034e-05	0.0456937430834	0.0321134105721	0.0154324754707	0.0319799879196	0.0113900354364	0.0179344969814	0.0169370484868	0.0166310099944	0.0792323690366	0.0	0.0	0.0179689329623	0.0
PD_179P_2_bbduk_adapt_filt	0.0600658104664	0.0178746224428	0.0	0.163048412442	0.0	0.204761764023	0.0	0.000973370529066	0.0	0.034250944308	0.0166847184724	0.0304734311476	0.0	0.139445693445	0.0316497066988	0.0300384141199	0.0676181760636	0.0529897493997	0.0	0.017507054465	0.0	0.0311154767087	0.0177087827887	0.0989824233525	0.0127024978413	0.12869094828	0.0	4.3435056208e-06	0.0	0.0331991825005	0.0	0.0154193570535	0.0	0.0474220023184	0.0462934763387	0.0447705735141	0.0492319545389	0.0350367641615
PD_180S_1_bbduk_adapt_filt	0.0	0.108613399907	0.0	0.135730607376	0.0	0.0	0.0	0.111401536242	0.154235571498	0.0154823194844	0.0	0.0304190671654	0.0	0.0173823043511	0.0613384824587	0.0	0.0631275358974	4.62113382291e-05	0.0345430481819	0.000107254321963	0.0347997701536	3.97882205647e-05	0.0167506238606	0.0133078020686	6.0999614764e-05	0.0454903423792	0.0324474183974	0.0161392890863	0.0320308875354	0.0105919551563	0.0175757001473	0.0165871520303	0.0165843117921	0.078331746798	0.0	0.0	0.0180259908552	0.0
PD_180S_2_bbduk_adapt_filt	0.0602443977047	0.0169559994911	0.0	0.162166270407	0.0	0.200167536014	0.0	0.000908725916698	0.0	0.0345997620068	0.0165325445743	0.0312949115548	0.0	0.135771343477	0.0314787783468	0.029355510136	0.0671204672823	0.0521768018914	0.0	0.017233624453	0.0	0.0306369298348	0.0174933954104	0.0954598307117	0.0124016909093	0.127754286067	0.0	1.01028413686e-05	0.0	0.0335705689146	0.0	0.0153326138377	0.0	0.0475570605224	0.0461234767629	0.0438076875936	0.0466598145261	0.0343346906719
PD_181P_1_bbduk_adapt_filt	0.0	0.108349728739	0.0	0.141806981401	0.0	0.0	0.0	0.122683032131	0.161452492923	0.0158680501505	0.0	0.0322462961589	0.0	0.0179119801888	0.064309869212	0.0	0.0663712545885	7.12500955939e-05	0.0349036571673	0.000126262831969	0.0369684416997	5.93413424648e-05	0.0178294811512	0.0141890349331	0.000100869074188	0.046762017281	0.0336509009124	0.0161302505377	0.0326597817012	0.0117812203558	0.0181451602713	0.0171648824806	0.0172532039654	0.0822167430413	0.0	0.0	0.0177101144525	0.0
PD_181P_2_bbduk_adapt_filt	0.0601341960359	0.0175399453905	0.0	0.168715730221	0.0	0.2110588583	0.0	0.0011203929875	0.0	0.0349120285268	0.0169517801263	0.0326675385224	0.0	0.141689646225	0.0323586064485	0.0307953725989	0.069657270856	0.054332156229	0.0	0.0179822710692	0.0	0.0317349022167	0.0180421502302	0.0995148678047	0.0132321885503	0.131934173214	0.0	1.00845580105e-05	0.0	0.0347264463979	0.0	0.0156669623456	0.0	0.0495962845024	0.0469064844113	0.0464711610155	0.0498771790242	0.0362495462044
PD_182S_1_bbduk_adapt_filt	0.0	0.091654122763	0.0	0.135808663656	0.0	0.0	0.0	0.116407425991	0.150526843954	0.0247489104187	0.0	0.0267639580659	0.0	0.0195341915454	0.0650520341155	0.0	0.0692126418329	0.0	0.0336439122186	0.0	0.0374027177222	0.0	0.0182503954252	0.014757921436	0.0	0.0485822659704	0.0380312705331	0.0120875553437	0.0288474392621	0.0116542802585	0.017199264457	0.014944723205	0.0169912828991	0.0910284463895	0.0	0.0	0.0186597722264	0.0
PD_182S_2_bbduk_adapt_filt	0.0521826392373	0.0153871884931	0.0	0.16256899147	0.0	0.244856999498	0.0	0.0	0.0	0.0342569663988	0.0142916934636	0.0324990919371	0.0	0.150308893724	0.0360565547061	0.0295464618112	0.0639118924584	0.046796355067	0.0	0.0153416064367	0.0	0.0351226921069	0.0156889364182	0.100710650678	0.0136482180032	0.126714570005	0.0	0.0	0.0	0.0308390185303	0.0	0.0164391955255	0.0	0.0532944322879	0.0473757233258	0.0485215207215	0.0499667234062	0.0293867612641
PD_183P_1_bbduk_adapt_filt	0.0	0.107029665493	0.0	0.138116006712	0.0	0.0	0.0	0.116224217121	0.155248097533	0.0155568689579	0.0	0.0311205494351	0.0	0.017365515084	0.0621091960328	0.0	0.0638638971945	6.57317947864e-05	0.0344633403626	0.000116113294412	0.0348410065349	4.46246951576e-05	0.0178484924958	0.0140092861026	7.83728418666e-05	0.0470096079187	0.0322509113043	0.0157735247706	0.0319777981046	0.0118875170444	0.0182394759694	0.0170752024737	0.0165063768017	0.0809267902108	0.0	0.0	0.0176781337319	0.0
PD_183P_2_bbduk_adapt_filt	0.0609862886778	0.0164117803251	0.0	0.164908732423	0.0	0.206672617467	0.0	0.0012287649641	0.0	0.0345996969306	0.0162228338166	0.0317365181818	0.0	0.136232494108	0.0321626294699	0.0296324988831	0.0673881876196	0.0516680486062	0.0	0.0170599457815	0.0	0.0305798161016	0.0173136722535	0.0975207437984	0.0128938999439	0.129856639103	0.0	2.0115015648e-05	0.0	0.032993420487	0.0	0.0157706390623	0.0	0.049020156294	0.0471294580929	0.0458681380799	0.0488280145524	0.0356540876074
PD_184S_1_bbduk_adapt_filt	0.0	0.108127034081	0.0	0.136568756876	0.0	0.0	0.0	0.112784382138	0.155351267398	0.0151926852567	0.0	0.0310384183639	0.0	0.017649334921	0.0620182431519	0.0	0.0635580686874	7.78578199421e-05	0.034491740539	0.000145712668342	0.0360408052816	5.72845721599e-05	0.0175799886709	0.0135803425687	8.66907204519e-05	0.0458231740898	0.0323862499571	0.0152246913809	0.0319843844964	0.0112086296199	0.0174967938344	0.0177305416916	0.0164389261924	0.0804141193964	0.0	0.0	0.0182451817931	0.0
PD_184S_2_bbduk_adapt_filt	0.0590653812556	0.0174299656071	0.0	0.165367755686	0.0	0.202575500716	0.0	0.000918709753814	0.0	0.0347265023162	0.0162606199382	0.0316433612218	0.0	0.137181492921	0.0318930497559	0.0299783234451	0.0665327213729	0.0521932872285	0.0	0.0173371582114	0.0	0.0309554916605	0.0171719264042	0.0969329140133	0.0124632359103	0.128180761472	0.0	1.24232487808e-05	0.0	0.0333170930846	0.0	0.0159445557259	0.0	0.047935486981	0.0464709003812	0.0446036297017	0.0483750665605	0.0349162048094
PD_188S_1_bbduk_adapt_filt	0.0	0.112386997386	0.0	0.149274754197	0.0	0.0	0.0	0.0945587357497	0.170648968423	0.0168491133579	0.0	0.0339758263744	0.0	0.0188113959772	0.0679498911438	0.0	0.0657962448722	7.55568882671e-05	0.0367563547574	0.000145247697642	0.0388836578086	5.42297908211e-05	0.0184980425459	0.0140415442412	8.31002273029e-05	0.049427011991	0.0347579251629	0.0164631866466	0.0344840019889	0.0112689657866	0.0125396600845	0.0178148842056	0.0178519208261	0.079060088699	0.0	0.0	0.0209883858074	0.0
PD_188S_2_bbduk_adapt_filt	0.0631622805203	0.0179021356484	0.0	0.17087059046	0.0	0.162128832338	0.0	0.0011573595261	0.0	0.0363923117806	0.0172742103822	0.0344438129636	0.0	0.151793267592	0.0353711085109	0.0317730697414	0.0728290857936	0.0567583344663	0.0	0.0189288874535	0.0	0.0346474133556	0.0185091893025	0.0947229705013	0.0122691549882	0.134478312624	0.0	1.31863729648e-05	0.0	0.036711123577	0.0	0.0168268704211	0.0	0.0489649797974	0.0492540260841	0.0477618805898	0.0477346473673	0.0380560009243
PD_189P_1_bbduk_adapt_filt	0.0	0.10869174378	0.0	0.137562659665	0.0	0.0	0.0	0.112981377313	0.151840410493	0.015258535443	0.0	0.0316125119588	0.0	0.0181325045087	0.062841507563	0.0	0.0640279836814	4.74047637219e-05	0.034650568841	8.43719183434e-05	0.0358228646533	2.31609198943e-05	0.0178923997532	0.0133601395234	5.52833826193e-05	0.0463854756911	0.0328180543727	0.0157274406306	0.0317903401274	0.0115920122658	0.0173077136436	0.0174550420652	0.0167257701539	0.0788556996109	0.0	0.0	0.0182264173802	0.0
PD_189P_2_bbduk_adapt_filt	0.0603702836899	0.016906202747	0.0	0.165823774705	0.0	0.208362640572	0.0	0.00126165692142	0.0	0.0349878049478	0.0163703659866	0.0308679458089	0.0	0.138350377607	0.0320835320085	0.028876580216	0.0677878086247	0.0512057638676	0.0	0.0172829213786	0.0	0.0314617935844	0.0177119083301	0.0979141537084	0.0130217494879	0.127457687702	0.0	0.0	0.0	0.0344195423146	0.0	0.0151315436165	0.0	0.0476472584185	0.0466286392107	0.0451281570712	0.0483668388299	0.0332059180502
PD_190S_1_bbduk_adapt_filt	0.0	0.106858345588	0.0	0.137594937861	0.0	0.0	0.0	0.115156378764	0.15245519115	0.0152631297952	0.0	0.0320179520732	0.0	0.0177026218062	0.0636390358238	0.0	0.0635157336569	3.86912304392e-05	0.0350450556993	7.44761642322e-05	0.0357424019888	1.80057270816e-05	0.0171309972217	0.0132976207882	4.75121746384e-05	0.0468201481718	0.0325098157495	0.0154507002737	0.0331535235711	0.0108975406302	0.0181424137902	0.0173282464816	0.0168027751262	0.0778713455436	0.0	0.0	0.018277146647	0.0
PD_190S_2_bbduk_adapt_filt	0.0618965535855	0.0174851413343	0.0	0.164415366518	0.0	0.201311978317	0.0	0.000889074983102	0.0	0.0347474358471	0.0164882248923	0.0309042473522	0.0	0.140561444775	0.0325728309402	0.0295547680146	0.0682073095436	0.0524180191939	0.0	0.0168841845265	0.0	0.0319106498204	0.0176114338425	0.0961771157358	0.0126477408887	0.129636770697	0.0	5.07079103174e-06	0.0	0.0327991993052	0.0	0.0163946246328	0.0	0.0473788771064	0.0464565611066	0.0436479358376	0.048412022633	0.033100449807
PD_191P_1_bbduk_adapt_filt	0.0	0.119681436177	0.0	0.1390416685	0.0	0.0	0.0	0.0924011088133	0.133761605139	0.0315523969368	0.0	0.0264120605809	0.0	0.0203857650469	0.0601792911311	0.0	0.0671958844327	0.000241677240046	0.0339682978729	0.000243826317637	0.033329902314	0.000246575680241	0.0183719931378	0.0147632130757	0.000252464686502	0.0410195263136	0.0357921787652	0.0166722240747	0.0271812275359	0.013647310677	0.0184778089666	0.0165692303869	0.0134885263223	0.0841035699827	0.0	0.0	0.0177889804804	0.0
PD_191P_2_bbduk_adapt_filt	0.0756809081709	0.0299203590443	0.0	0.161041932503	0.0	0.229682756193	0.0	0.0	0.0	0.036114189265	0.0184124432189	0.0275704842906	0.0	0.143411486667	0.0304492827635	0.030276889362	0.0659916571131	0.0507522204096	0.0	0.0153610580112	0.0	0.031808262751	0.0151444808298	0.0950851011655	0.0194397808607	0.129173290938	0.0	0.0	0.0	0.033449290875	0.0	0.0165692303869	0.0	0.0421943334151	0.0467789361133	0.0462737746349	0.0470352704227	0.0366115967233
PD_192S_1_bbduk_adapt_filt	0.0	0.138932112213	0.0	0.156715422576	0.0	0.0	0.0	0.181167474325	0.163384163962	0.0380901541122	0.0	0.0429246449273	0.0	0.0184696018233	0.057682500044	0.0	0.0630752533581	0.0	0.0303713068844	0.0	0.0339625845527	0.0	0.0173696039021	0.0212913184649	0.0	0.0558613499945	0.0345526500458	0.0210412193922	0.0414273877889	0.016092175984	0.018261570137	0.0182875666062	0.0204671538089	0.107117181884	0.0	0.0	0.0158627154085	0.0
PD_192S_2_bbduk_adapt_filt	0.0755790690437	0.0244520517494	0.0	0.156715422576	0.0	0.278975681323	0.0	0.0022229137954	0.0	0.042816669586	0.0162983688049	0.0302189500288	0.0	0.135559907722	0.0337653658794	0.0376732706384	0.0739989005878	0.0522117681092	0.0	0.0176732776507	0.0	0.023371187575	0.0212689027373	0.0833909973208	0.0184779171123	0.132715181834	0.0	0.0	0.0	0.027893105039	0.0	0.0204390450304	0.0	0.0438533429188	0.0600991816435	0.0500727676191	0.0364121421876	0.0369849173703
PD_193P_1_bbduk_adapt_filt	0.0	0.10860538402	0.0	0.141371462932	0.0	0.0	0.0	0.120776185241	0.157897128965	0.0156064084333	0.0	0.0316160516254	0.0	0.0183587253804	0.0640610541113	0.0	0.0658469604775	4.66232743852e-05	0.035263853359	0.000111769731998	0.0362920458252	4.56825068267e-05	0.0173376734799	0.0141030374291	6.29255622062e-05	0.0473402569849	0.0337973395496	0.0160166117266	0.0328015015365	0.0120653741302	0.0181404129738	0.0176213967294	0.0167256111978	0.0818038620801	0.0	0.0	0.0184995497384	0.0
PD_193P_2_bbduk_adapt_filt	0.0616907486887	0.0185034212312	0.0	0.168622647541	0.0	0.21401593272	0.0	0.00104592822993	0.0	0.0350507077048	0.0166392376658	0.0319736820529	0.0	0.143944595347	0.0325247134206	0.0305733379812	0.0685433962055	0.0541607037441	0.0	0.0178152969253	0.0	0.0317327304239	0.0177375118771	0.10085702704	0.0128682774712	0.131469306081	0.0	2.97062350417e-05	0.0	0.035133093833	0.0	0.0162522439926	0.0	0.0495144747355	0.0482377882599	0.0465135954963	0.0493712778118	0.035931373743
PD_194S_1_bbduk_adapt_filt	0.0	0.112726477742	0.0	0.144862720697	0.0	0.0	0.0	0.118008067958	0.163335148168	0.0171336182034	0.0	0.0338668082883	0.0	0.0192906627454	0.065420355598	0.0	0.0685561338391	6.45279279292e-05	0.036438821363	0.000110465251471	0.0387785122849	4.01639676767e-05	0.0183570499058	0.0130397974256	8.06408290969e-05	0.0474727017585	0.0345562820925	0.0171802283863	0.033930488198	0.0110795690981	0.0194539328425	0.01740382655	0.0176973381809	0.079757382966	0.0	0.0	0.0194416890642	0.0
PD_194S_2_bbduk_adapt_filt	0.0612506805631	0.0187089165856	0.0	0.17941640793	0.0	0.206744038898	0.0	0.000867126751859	0.0	0.0367006306485	0.0172830562499	0.0340245239432	0.0	0.146338420035	0.0333433801439	0.0311126735433	0.0730227828951	0.0554940180191	0.0	0.01802792904	0.0	0.0323262562701	0.0186095621086	0.105282950643	0.0127226415752	0.133131913076	0.0	0.0	0.0	0.037010319071	0.0	0.0163772633927	0.0	0.0535250018618	0.0481618838646	0.0476224652438	0.0531028026251	0.034810380612
PD_195_1_bbduk_adapt_filt	0.0	0.110934084515	0.0	0.140776817496	0.0	0.0	0.0	0.115919494347	0.156238560576	0.0155355560451	0.0	0.0313375833936	0.0	0.0178791346066	0.0640742219003	0.0	0.0649127006313	5.32722989053e-05	0.0344744346069	9.45617913844e-05	0.0356503009739	2.63752468158e-05	0.0181322252683	0.0135847501893	6.8795362448e-05	0.0467087378168	0.0336848341491	0.0163107592367	0.0319875663653	0.0116651582601	0.0175454400633	0.0172252503706	0.0168569182549	0.0817958837837	0.0	0.0	0.0184747914334	0.0
PD_195_2_bbduk_adapt_filt	0.0623001913979	0.0177104069559	0.0	0.164954312031	0.0	0.205587145312	0.0	0.000923869654194	0.0	0.034812057251	0.0163946092489	0.0314979849554	0.0	0.140509333331	0.0327171893218	0.0300128321781	0.0682404724026	0.0528212601079	0.0	0.0174430135184	0.0	0.031782172413	0.0169542080853	0.0991233281589	0.0125571770398	0.130710404286	0.0	4.42265705983e-06	0.0	0.034436834896	0.0	0.0163428197179	0.0	0.0479487459813	0.0470713008162	0.0456847223205	0.0490876702305	0.0355074154265
PD_196_1_bbduk_adapt_filt	0.0	0.106618709467	0.0	0.138077298416	0.0	0.0	0.0	0.114642500154	0.153073792819	0.0150273812211	0.0	0.0303211267352	0.0	0.0178777214837	0.0634602915225	0.0	0.0639359792992	6.92861239776e-05	0.0336589864353	9.8575200217e-05	0.0350199738978	4.77693497076e-05	0.0176366693985	0.0137845974778	8.17615777205e-05	0.0463221340692	0.0322494931992	0.015729286309	0.0313437892297	0.0112213510766	0.0183165770123	0.017522914033	0.0158457042598	0.0792377586255	0.0	0.0	0.0178713479274	0.0
PD_196_2_bbduk_adapt_filt	0.0596750927325	0.017705634063	0.0	0.165420363729	0.0	0.20978807718	0.0	0.00113991122312	0.0	0.0335428915216	0.0162281483393	0.0307446392497	0.0	0.139725465073	0.0320700851006	0.0295601231557	0.0687195105972	0.0528954369966	0.0	0.0171798091128	0.0	0.0320341259139	0.0171036038288	0.0988428119675	0.0126628243495	0.127336054306	0.0	1.47796911525e-05	0.0	0.033248157001	0.0	0.0160173653333	0.0	0.0473203359553	0.0463882772027	0.0451022021595	0.0494104667593	0.0346452267032
PD_197_1_bbduk_adapt_filt	0.0	0.10931188765	0.0	0.132135055435	0.0	0.0	0.0	0.114274210947	0.149960706142	0.0153000009186	0.0	0.0310363893921	0.0	0.0178192269565	0.0616561703536	0.0	0.0635014041139	3.95246038144e-05	0.0336503118138	9.9347182306e-05	0.0353893393483	1.52097778186e-05	0.0168970817705	0.0139185919135	5.26356470223e-05	0.0456880048337	0.0323551078958	0.0158047643268	0.0321037642471	0.0110548689843	0.0175815239768	0.0167145434473	0.016005297384	0.0789064490814	0.0	0.0	0.017672741163	0.0
PD_197_2_bbduk_adapt_filt	0.0585624536542	0.0176320849043	0.0	0.160448453251	0.0	0.205866029237	0.0	0.00107341035845	0.0	0.0338416169387	0.0158789412889	0.0309026118516	0.0	0.139730234882	0.032237389254	0.0284744409724	0.067515246094	0.0520970209731	0.0	0.017161305862	0.0	0.0305298265264	0.0167885435072	0.0975132749164	0.0126163597016	0.126954434198	0.0	1.30942537919e-05	0.0	0.0335246402644	0.0	0.0155525173995	0.0	0.047516789559	0.0470562837185	0.044093802341	0.0488821719106	0.035182084895
PD_198_1_bbduk_adapt_filt	0.0	0.108902569519	0.0	0.13964457512	0.0	0.0	0.0	0.116120043591	0.155286541111	0.015528797939	0.0	0.0311768568792	0.0	0.0175678791559	0.062437910268	0.0	0.0650369718952	4.95392478406e-05	0.034507350752	0.000109988627176	0.0345343002535	3.55567349104e-05	0.0171810092236	0.0144059261299	5.80555936142e-05	0.0464345326497	0.0327336360538	0.0157941073905	0.0319436274406	0.012507707472	0.0171089229984	0.0166996944005	0.0162722051258	0.0812022080626	0.0	0.0	0.0174522154216	0.0
PD_198_2_bbduk_adapt_filt	0.0621244696511	0.0173170111676	0.0	0.163784932082	0.0	0.208838720738	0.0	0.00123165086541	0.0	0.0350432549937	0.0161842982156	0.0304082744403	0.0	0.140853489456	0.0320496529532	0.0301576338336	0.0672607115315	0.0531258893843	0.0	0.0176581741448	0.0	0.0312492904527	0.0171296613179	0.098126719935	0.0128672306574	0.128031777516	0.0	1.67547108103e-05	0.0	0.0324555969062	0.0	0.0157953340955	0.0	0.0462799683368	0.0466843180932	0.0456559253232	0.0503877526129	0.0352111564981
PD_199P_1_bbduk_adapt_filt	0.0	0.0	0.0	0.0	0.0	0.0	0.0	0.0	0.0	0.0	0.0	0.0	0.0	0.0	0.0	0.0	0.0	0.0	0.0	0.0	0.0	0.0	0.0	0.0	0.0	0.0	0.0	0.0	0.0	0.0	0.0	0.0	0.0	0.0	0.0	0.0	0.0	0.0
PD_199P_2_bbduk_adapt_filt	0.0	0.0	0.0	0.0	0.0	0.0	0.0	0.0	0.0	0.0	0.0	0.0	0.0	0.0	0.0	0.0	0.0	0.0	0.0	0.0	0.0	0.0	0.0	0.0	0.0	0.0	0.0	0.0	0.0	0.0	0.0	0.0	0.0	0.0	0.0	0.0	0.0	0.0
PD_1P_1_bbduk_adapt_filt	0.0	0.107370131435	0.0	0.144383348309	0.0	0.0	0.0	0.122806575485	0.157030957776	0.0159373552818	0.0	0.0319484063829	0.0	0.0177125554493	0.0652824141667	0.0	0.0659727992544	5.5965517101e-05	0.0340368991519	0.000169790115011	0.0358248447204	5.04505514526e-05	0.0175737622226	0.0148493902686	8.68144157074e-05	0.0462099593085	0.0333700198225	0.0156751314702	0.0329910331653	0.0119242064585	0.0174009665207	0.01709708189	0.0174749133841	0.0795728349043	0.0	0.0	0.0190286970126	0.0
PD_1P_2_bbduk_adapt_filt	0.0601311877573	0.0175892286402	0.0	0.164981582683	0.0	0.216330387851	0.0	0.00117424614009	0.0	0.0340424257584	0.0166589603478	0.0317085608317	0.0	0.144060482146	0.0330155441497	0.0304223846061	0.0676722505422	0.0520733697754	0.0	0.0170002352654	0.0	0.0329666325658	0.0172440372566	0.102958564517	0.0133632189892	0.131226499101	0.0	2.79041058659e-05	0.0	0.0348676572782	0.0	0.0165729377737	0.0	0.048543128675	0.0483423173415	0.0449981503858	0.0520620126186	0.0375679801546
PD_200S_1_bbduk_adapt_filt	0.0	0.108826727367	0.0	0.133930221527	0.0	0.0	0.0	0.110501577054	0.156723578187	0.0154208405132	0.0	0.0316710889633	0.0	0.0179689767024	0.0623847687095	0.0	0.0656930346625	8.22884818657e-05	0.0337696475702	0.000124107541667	0.0364097899514	6.6128870869e-05	0.0179643764981	0.0132419041738	8.82017113161e-05	0.0458851881166	0.0319622205625	0.01591197522	0.0320006761963	0.0103475416869	0.0175640469517	0.0170075971195	0.0166394836804	0.0780174095569	0.0	0.0	0.0188116481373	0.0
PD_200S_2_bbduk_adapt_filt	0.0607951185255	0.0185773557242	0.0	0.162903195998	0.0	0.199595879947	0.0	0.0007507946873	0.0	0.0346035190243	0.0160458009618	0.0309509413908	0.0	0.137888090478	0.0314067052872	0.0294795128812	0.0682849517884	0.0530760708034	0.0	0.0173630454261	0.0	0.0314980078058	0.0176819707671	0.0976945818987	0.0117969788885	0.127655757836	0.0	2.38345943979e-05	0.0	0.0329496805253	0.0	0.0153255859398	0.0	0.0476555918538	0.0467196464219	0.0455662022312	0.048861260481	0.035598567359
PD_203_1_bbduk_adapt_filt	0.0	0.108178383838	0.0	0.134777434559	0.0	0.0	0.0	0.110383832767	0.158413609447	0.0152076779302	0.0	0.0304643751335	0.0	0.017707032155	0.0600535949502	0.0	0.0629803723262	2.72219348544e-05	0.0339689787259	6.96011017019e-05	0.0361300298377	1.9201911896e-05	0.0173212952701	0.0130129934639	4.1217694344e-05	0.0448419902345	0.032245895557	0.0154088079826	0.0310467055686	0.0100016779328	0.017185276186	0.0171327850585	0.0154457566748	0.078156780915	0.0	0.0	0.0178767861959	0.0
PD_203_2_bbduk_adapt_filt	0.0614629656115	0.0177995322666	0.0	0.159683413376	0.0	0.191896334098	0.0	0.00069059511923	0.0	0.0339800034853	0.0160878881777	0.0313245981622	0.0	0.135609627056	0.0317389105364	0.0295891431564	0.0680759300271	0.0524112985729	0.0	0.0168527467588	0.0	0.030079794985	0.0172379490998	0.0964427486274	0.0120870888664	0.124840566814	0.0	0.0	0.0	0.0331331799223	0.0	0.0159058027015	0.0	0.0481175348796	0.0466089189379	0.0429127020562	0.0486316363814	0.0338180186445
PD_204_1_bbduk_adapt_filt	0.0	0.107672530291	0.0	0.13642278707	0.0	0.0	0.0	0.116060840504	0.15080919007	0.0148023514	0.0	0.0309194522105	0.0	0.0176240741146	0.0631834442324	0.0	0.0637376576802	4.20069227409e-05	0.0335543451903	9.70312512432e-05	0.0354068408582	2.55409705262e-05	0.0171782560003	0.0134128055189	3.37186229247e-05	0.0454248601375	0.0322312465418	0.0151593260224	0.0325089277202	0.0106322774202	0.0168311040503	0.0166418062735	0.0166857830559	0.078463550593	0.0	0.0	0.0187971956636	0.0
PD_204_2_bbduk_adapt_filt	0.0579514979786	0.0165962266585	0.0	0.162850474086	0.0	0.200169434847	0.0	0.000969616503143	0.0	0.0337991533795	0.0161300886235	0.0314607907377	0.0	0.138886201909	0.0325078185657	0.0292565870211	0.0676020813537	0.0524806488109	0.0	0.0170386877183	0.0	0.0311395512656	0.0181252961473	0.0973772940162	0.012324156679	0.12604496246	0.0	6.27455547284e-06	0.0	0.0338194741201	0.0	0.015791225064	0.0	0.0480004800048	0.0451534630089	0.0430987305369	0.0469471870253	0.0329708043882
PD_205P_1_bbduk_adapt_filt	0.0	0.106551454865	0.0	0.133612605183	0.0	0.0	0.0	0.109412288448	0.157491807945	0.0159158828659	0.0	0.033031366193	0.0	0.0188700574544	0.0620811169478	0.0	0.0640635105475	9.45448395742e-05	0.0346864498383	0.000143865744487	0.037550974889	7.32665903188e-05	0.0183885619811	0.0123405161851	0.000107933677676	0.043829743587	0.0328180411703	0.01612120995	0.034011847138	0.00991778854128	0.0173302738539	0.016195458087	0.0165175336494	0.0763118999745	0.0	0.0	0.0188879219037	0.0
PD_205P_2_bbduk_adapt_filt	0.0606905410041	0.0171358093167	0.0	0.164527123184	0.0	0.187851674536	0.0	0.000583843588303	0.0	0.034587560564	0.0169266820679	0.0279280580698	0.0	0.135636570872	0.0309733014937	0.0299172484805	0.0700200352088	0.054410555175	0.0	0.0172099396843	0.0	0.0308086012291	0.0175305525433	0.096985323855	0.0120695247801	0.125460220376	0.0	3.36700291353e-05	0.0	0.0338025983473	0.0	0.0161432868	0.0	0.0458560375655	0.0471191472921	0.0446549267496	0.0492528193525	0.0325084771763
PD_206S_1_bbduk_adapt_filt	0.0	0.11143931589	0.0	0.134370574082	0.0	0.0	0.0	0.114524312495	0.150092508655	0.0148153134247	0.0	0.030781413254	0.0	0.017405892395	0.0623579937813	0.0	0.0639444340778	4.36703960065e-05	0.0338980267555	8.24712567053e-05	0.03543790891	3.55193075497e-05	0.0174015705325	0.012789156099	6.06479030646e-05	0.0451454480729	0.0318959536286	0.0158959904731	0.031267621758	0.010809786211	0.0177738604239	0.0167451720547	0.0157851438186	0.0784044346826	0.0	0.0	0.0189192475382	0.0
PD_206S_2_bbduk_adapt_filt	0.0620628728907	0.0171736976819	0.0	0.164478161276	0.0	0.198858551256	0.0	0.00115481156362	0.0	0.0343325915778	0.016116802334	0.031177443016	0.0	0.136805887598	0.0319764221534	0.0290825988287	0.0673762821279	0.0521928417502	0.0	0.0172949097916	0.0	0.0307987915763	0.0177348923083	0.0969961589951	0.0124593535858	0.126499729143	0.0	4.0979609366e-06	0.0	0.0333102846068	0.0	0.0154400539904	0.0	0.0480042062498	0.046965646261	0.0445425767758	0.0489585990348	0.0346247315653
PD_207P_1_bbduk_adapt_filt	0.0	0.110666981456	0.0	0.139456421825	0.0	0.0	0.0	0.118269629786	0.155295272513	0.0157987586253	0.0	0.0314548380769	0.0	0.0178155208415	0.0630549553882	0.0	0.06534407178	4.18108412166e-05	0.0342916301793	8.57159510528e-05	0.0351833153745	2.82756228544e-05	0.0172252784843	0.0141312858633	5.21088947365e-05	0.0467695373223	0.033267220501	0.0158424322509	0.0319488911925	0.0118240744248	0.0174028340886	0.0169755604926	0.0164012360217	0.0816942258608	0.0	0.0	0.0174770777718	0.0
PD_207P_2_bbduk_adapt_filt	0.0614920085545	0.0170500569174	0.0	0.164612243506	0.0	0.211029392994	0.0	0.00104350075123	0.0	0.0345679373083	0.0165904652051	0.0326365379668	0.0	0.14251297139	0.0323013645532	0.0294155653803	0.0667884521974	0.0523015613765	0.0	0.0170730589779	0.0	0.0309779645244	0.0173161116882	0.0978573569987	0.013031566092	0.130417975613	0.0	9.49217031213e-06	0.0	0.0332993147926	0.0	0.0154348111978	0.0	0.0486976091092	0.0480111875538	0.0465151674232	0.0494247794832	0.0361626540019
PD_208S_1_bbduk_adapt_filt	0.0	0.110756851189	0.0	0.144133996493	0.0	0.0	0.0	0.117522810694	0.161048895255	0.0160442915845	0.0	0.0318380825696	0.0	0.0181282712585	0.0649178550476	0.0	0.066042676247	3.87643307491e-05	0.0348500642741	0.000103921914064	0.0370331710471	2.55301266984e-05	0.0178768998239	0.0134828612418	7.07250553138e-05	0.0466323982099	0.0337294184165	0.0154668694244	0.0328714458241	0.0108663106941	0.0176577440147	0.0185063599326	0.0175356694895	0.0807394364438	0.0	0.0	0.0190535553762	0.0
PD_208S_2_bbduk_adapt_filt	0.061203344957	0.0187493314446	0.0	0.164074517991	0.0	0.206147350686	0.0	0.00126266145688	0.0	0.034642708589	0.0170183482194	0.03191434145	0.0	0.146734044044	0.0328817751113	0.0308139698685	0.0700328649073	0.0532282716598	0.0	0.0177706473049	0.0	0.0322649741214	0.0179913952522	0.101009811015	0.012414967402	0.129393196755	0.0	5.88317589366e-06	0.0	0.0346948450521	0.0	0.0164855505147	0.0	0.0490530426573	0.0481245504695	0.0451983903483	0.0515276454397	0.0349750220051
PD_209P_1_bbduk_adapt_filt	0.0	0.106109230325	0.0	0.140354973718	0.0	0.0	0.0	0.115626972665	0.159680522928	0.0156823067067	0.0	0.0321453282165	0.0	0.0180225498579	0.0628763244187	0.0	0.0646014388829	5.90624304286e-05	0.0344699032491	0.000117010411171	0.0368577346238	5.06720853056e-05	0.0174866901891	0.0137046991616	7.06006101886e-05	0.0460948205058	0.0327306419308	0.0160813499855	0.0324327553168	0.0114621428774	0.017828267089	0.0168099002831	0.0163527523189	0.079795757449	0.0	0.0	0.0192712098979	0.0
PD_209P_2_bbduk_adapt_filt	0.0586474218521	0.0170775491143	0.0	0.163451361799	0.0	0.207450524962	0.0	0.00103335488271	0.0	0.0344684410529	0.0164484700004	0.0309630880317	0.0	0.139134810887	0.0324107763759	0.0303551446153	0.0682225793354	0.0533629058922	0.0	0.0176346013223	0.0	0.0311126603776	0.0178482645602	0.0980756483972	0.0127164157881	0.130087746136	0.0	1.34722284157e-05	0.0	0.0329804693188	0.0	0.0162653470496	0.0	0.0480720123609	0.0478478920887	0.0446704379434	0.04819015263	0.036087306329
PD_210S_1_bbduk_adapt_filt	0.0	0.109886257269	0.0	0.137004065137	0.0	0.0	0.0	0.116179954111	0.155885155661	0.0156594001474	0.0	0.0313046108916	0.0	0.0179891854295	0.0630840494166	0.0	0.0639991768792	3.86463074484e-05	0.0339744361435	9.2051469571e-05	0.036395033687	3.61311194712e-05	0.0176932832563	0.0140360263011	5.74939783442e-05	0.0464245521619	0.03279058636	0.0159212547412	0.0319950407422	0.0114174832659	0.0178387211791	0.0173883123577	0.0169562170876	0.0792907457665	0.0	0.0	0.018800516359	0.0
PD_210S_2_bbduk_adapt_filt	0.0619020988001	0.0181207781544	0.0	0.160003514333	0.0	0.205453298235	0.0	0.00116158834323	0.0	0.0346306345855	0.0170216275219	0.0315031959519	0.0	0.141245129885	0.0321222150124	0.0292726483686	0.0686360565211	0.0539158929247	0.0	0.0177177161908	0.0	0.0315469836883	0.0177714500482	0.0989368683173	0.0124761933007	0.129430925967	0.0	1.03016853712e-05	0.0	0.0323114776425	0.0	0.0156540903499	0.0	0.0487971069957	0.0462406623115	0.0445780672027	0.0491808671183	0.0350660584673
PD_211P_1_bbduk_adapt_filt	0.0	0.11861328796	0.0	0.119431310636	0.0	0.0	0.0	0.121067355987	0.16687662582	0.0307668906773	0.0	0.0276303610301	0.0	0.0175043610003	0.0640341515475	0.0	0.0691387000283	0.0	0.0349521592321	0.0	0.0319504366207	0.0	0.0177150980163	0.0124614950733	0.0	0.0543239141952	0.0318984353817	0.0171356588429	0.0334416654891	0.0100630859651	0.0161142254429	0.014945895857	0.0170500380445	0.0925568239268	0.0	0.0	0.0156982412462	0.0
PD_211P_2_bbduk_adapt_filt	0.0629877460203	0.0188145215385	0.0	0.152152217659	0.0	0.233136462543	0.0	0.00245406802677	0.0	0.035433778589	0.0168240415554	0.0333537929578	0.0	0.14204688352	0.0353712456167	0.0320395739757	0.0687283813338	0.0505958957435	0.0	0.0138403370332	0.0	0.0303561503271	0.0162028335515	0.103627169557	0.0143920573557	0.130197810881	0.0	0.0	0.0	0.0294704660407	0.0	0.0137004045356	0.0	0.0526303508604	0.0509113664929	0.0555957833988	0.0517766553382	0.0389627557801
PD_212S_1_bbduk_adapt_filt	0.0	0.0973798727975	0.0	0.165850095858	0.0	0.0	0.0	0.149112930221	0.162806974833	0.0414873545885	0.0	0.0289256646575	0.0	0.0166724711566	0.0576498334144	0.0	0.0666679221831	0.0	0.0331040150985	0.0	0.0369470925332	0.0	0.0148232522215	0.012968231762	0.0	0.0452209825359	0.0327500323457	0.0171640845617	0.0322515288465	0.0146459447471	0.0173786251388	0.0167475415468	0.019149334343	0.105655659401	0.0	0.0	0.0196968517102	0.0
PD_212S_2_bbduk_adapt_filt	0.0517330574237	0.0121724840997	0.0	0.149112930221	0.0	0.272359331731	0.0	0.0	0.0	0.0329264718956	0.0199472111305	0.0292872354658	0.0	0.14597674746	0.0273275184367	0.0289092212907	0.0681745418934	0.0450334534225	0.0	0.0149171524303	0.0	0.0298213815433	0.0156034233911	0.103745854096	0.0166452656109	0.131661090746	0.0	0.0	0.0	0.0305472561869	0.0	0.0163181174046	0.0	0.0475450467306	0.0468752092643	0.0434725511595	0.0513034277103	0.0369301788806
PD_213S_1_bbduk_adapt_filt	0.0	0.107894489019	0.0	0.137284274931	0.0	0.0	0.0	0.112512412732	0.1551952219	0.0155336293179	0.0	0.0310930059312	0.0	0.0181474933143	0.0625292180434	0.0	0.0649515472401	5.37904608064e-05	0.0352205436866	0.000123882404352	0.0362821996223	3.19975551024e-05	0.0178462148465	0.0131770881086	5.67928917714e-05	0.0474191264046	0.0335074036922	0.0160652726593	0.0323488978734	0.0115614943931	0.0178070238876	0.0180579768203	0.0172654169589	0.0798665464937	0.0	0.0	0.0185145881903	0.0
PD_213S_2_bbduk_adapt_filt	0.0607586819852	0.0163936291784	0.0	0.16733376423	0.0	0.204607005621	0.0	0.00107201800462	0.0	0.0347222302399	0.016726243324	0.0313602526927	0.0	0.138895200422	0.0324439998599	0.0296110262142	0.0682811981619	0.0528558515499	0.0	0.017219654205	0.0	0.0312545007672	0.0175925115485	0.099553640946	0.0122861955865	0.130235847332	0.0	8.17363147254e-06	0.0	0.0332853214375	0.0	0.0159381273675	0.0	0.0489741682695	0.0471027568582	0.0460719264385	0.049653756361	0.0345511132338
PD_214S_1_bbduk_adapt_filt	0.0	0.106421281031	0.0	0.13877623589	0.0	0.0	0.0	0.113953090195	0.153712556035	0.0154335237353	0.0	0.0314782232192	0.0	0.0178435239304	0.0631758257658	0.0	0.0647670247421	6.00791766303e-05	0.0352554614973	0.000100202972011	0.0368648367406	4.01291087191e-05	0.0180206847064	0.0136300977198	6.55126182216e-05	0.046106589623	0.0329124266696	0.0158094799472	0.0322647929187	0.0114111214063	0.0179334839739	0.0180081013326	0.0166740798878	0.0786001965873	0.0	0.0	0.0187090643568	0.0
PD_214S_2_bbduk_adapt_filt	0.0607424496796	0.017185254712	0.0	0.163090188853	0.0	0.201109912858	0.0	0.00103960182826	0.0	0.0354287846208	0.0164318235704	0.0312787522078	0.0	0.139215156719	0.0325294082343	0.0294475975636	0.0693419807834	0.0541527949927	0.0	0.0176095831683	0.0	0.0314210921271	0.0173195787502	0.0988170592188	0.0126626532077	0.13007980746	0.0	0.0	0.0	0.0328239393425	0.0	0.0164385879137	0.0	0.0491728663232	0.0474352811888	0.0451719788194	0.0489981085608	0.0343025504542
PD_215S_1_bbduk_adapt_filt	0.0	0.108056416915	0.0	0.13776798056	0.0	0.0	0.0	0.11377459986	0.157681049812	0.0154800518684	0.0	0.0310685045004	0.0	0.0179781103706	0.0622375702895	0.0	0.0640474090723	6.7210909441e-05	0.034257983234	0.000116449716863	0.0362237107291	4.93116479198e-05	0.0175344006596	0.0138716744994	8.86029994609e-05	0.0455920880854	0.0324575538296	0.0157964329779	0.0322963399311	0.0112808251912	0.0179440323094	0.0176893888259	0.0167220620677	0.0802166040114	0.0	0.0	0.0182811154793	0.0
PD_215S_2_bbduk_adapt_filt	0.0623540552333	0.0170683450731	0.0	0.163040050412	0.0	0.202923658091	0.0	0.000976975980614	0.0	0.0342704842365	0.0164611783025	0.0312351995292	0.0	0.137180173372	0.0315883613324	0.0297511758186	0.0680962664456	0.0535787836783	0.0	0.0174286409572	0.0	0.030739648522	0.0177040276097	0.0972011715213	0.0131033991425	0.127942881221	0.0	1.06135048004e-05	0.0	0.0337004373506	0.0	0.0156499808909	0.0	0.0475178510923	0.0472521589248	0.0442894265168	0.0483153596556	0.0343983485977
PD_216S_1_bbduk_adapt_filt	0.0	0.100629197297	0.0	0.142999385632	0.0	0.0	0.0	0.122873546173	0.19066584751	0.0284985195998	0.0	0.0291693685729	0.0	0.0137108384178	0.0604316015758	0.0	0.0669132544005	0.0	0.0383385078559	0.0	0.0386749300509	0.0	0.0152980199991	0.017904883373	0.0	0.0526544090546	0.0345053305661	0.0156760354535	0.0367239143004	0.012156191201	0.0182566999404	0.016380597728	0.0183238660026	0.103205268812	0.0	0.0	0.02011435603	0.0
PD_216S_2_bbduk_adapt_filt	0.051903480711	0.0116518017923	0.0	0.166302989217	0.0	0.226680507595	0.0	0.00105925470839	0.0	0.0350248981341	0.0139869144645	0.0302912673642	0.0	0.156532071936	0.0364434849198	0.0326308822372	0.0699336443561	0.0481366895043	0.0	0.0168190647652	0.0	0.0310461094893	0.0182119285704	0.097618405239	0.0210745020839	0.133641904886	0.0	0.0	0.0	0.0319760681592	0.0	0.0185646774251	0.0	0.0478062553079	0.0529289750376	0.0545373945708	0.051764886842	0.0313627097381
PD_217P_1_bbduk_adapt_filt	0.0	0.112015821269	0.0	0.144461783292	0.0	0.0	0.0	0.118968527417	0.161457287209	0.0267390015721	0.0	0.0335837838301	0.0	0.0201142001051	0.0671529587419	0.0	0.0687358924415	0.0	0.0311089542236	0.0	0.0378912952869	0.0	0.014708640223	0.0115264345763	0.0	0.0533548785414	0.0305223179962	0.017842052738	0.0364875453851	0.013800437555	0.0159285078919	0.016866463988	0.0150542490618	0.0957965438882	0.0	0.0	0.0202006129841	0.0
PD_217P_2_bbduk_adapt_filt	0.0641194011402	0.0162229810114	0.0	0.174590176599	0.0	0.261885264898	0.0	0.000772522905304	0.0	0.0317324295766	0.0154372036608	0.0320416713073	0.0	0.137504833477	0.0340125375446	0.029932572941	0.0740097460815	0.0588427590716	0.0	0.0218412534731	0.0	0.0320340142988	0.0150763562286	0.0961155915478	0.0137372460021	0.12881392105	0.0	0.0	0.0	0.035312884332	0.0	0.0166556331881	0.0	0.0468047040915	0.0516080025916	0.0468207564407	0.055261447014	0.0346469824827
PD_218S_1_bbduk_adapt_filt	0.0	0.20093770931	0.0	0.267916945747	0.0	0.0	0.0	0.0669792364367	0.40187541862	0.0	0.0	0.0670780788838	0.0	0.0	0.0375445841937	0.0	0.131950989632	0.0	0.0190258751903	0.0	0.0386697602475	0.0	0.0	0.0	0.0	0.041160732661	0.0839630562552	0.0213629566332	0.0437062937063	0.0226244343891	0.0	0.0240731824747	0.0250312891114	0.181723779855	0.0	0.0	0.0	0.0
PD_218S_2_bbduk_adapt_filt	0.20093770931	0.0669792364367	0.0	0.0669792364367	0.0	0.468854655057	0.0	0.0	0.0	0.0536121163383	0.0	0.0268312315535	0.0	0.20595394121	0.0563168762906	0.0376151965394	0.0188501413761	0.0	0.0	0.0	0.0	0.0390548720953	0.0197122018529	0.119450527573	0.0201734920315	0.0617410989916	0.0	0.0	0.0	0.0	0.0	0.0481463649494	0.0	0.0519210799585	0.0	0.0285632676378	0.0603682463024	0.0
PD_221P_1_bbduk_adapt_filt	0.0	0.106651575831	0.0	0.134847049539	0.0	0.0	0.0	0.107130819011	0.158409839182	0.0157042739829	0.0	0.0318107058865	0.0	0.0181415118697	0.0628049511383	0.0	0.0648836645861	4.46894745765e-05	0.0344916467119	0.00011611234151	0.0369709245703	3.84100411017e-05	0.017851733194	0.0125465285534	7.22398409676e-05	0.0453712051958	0.0325238815249	0.0165322818196	0.0320706471392	0.00977890996051	0.0183124080019	0.017178423878	0.0168470321833	0.077537785038	0.0	0.0	0.019304503031	0.0
PD_221P_2_bbduk_adapt_filt	0.0609237891522	0.016174457297	0.0	0.169572211563	0.0	0.204696742904	0.0	0.000938517892544	0.0	0.0351908336885	0.0164650523273	0.0313952452043	0.0	0.139086257191	0.033016453079	0.0298100291429	0.0692054759408	0.0540336374425	0.0	0.0172426827143	0.0	0.0317565684264	0.0185767427863	0.0972090521522	0.0117841240578	0.129834997359	0.0	0.0	0.0	0.0333747364971	0.0	0.0162811242041	0.0	0.0482162940468	0.0477842157587	0.0446811489277	0.0485185239062	0.0329284009414
PD_222S_1_bbduk_adapt_filt	0.0	0.107607981176	0.0	0.137113062813	0.0	0.0	0.0	0.114515180581	0.156700643215	0.0155845931842	0.0	0.0315240357366	0.0	0.0180160908768	0.0628593921245	0.0	0.0644881679351	6.34309710766e-05	0.0342060488582	0.000117552136114	0.0360246275518	6.34520182183e-05	0.0172053340619	0.0131940984682	7.3363175843e-05	0.0457489760578	0.0336238970351	0.0159477534264	0.0320653837602	0.0106553430175	0.0174478947251	0.0173648458085	0.0157826642202	0.0791587867131	0.0	0.0	0.0189459588524	0.0
PD_222S_2_bbduk_adapt_filt	0.0608452102799	0.0181236664981	0.0	0.163875883194	0.0	0.200556204809	0.0	0.000742266204702	0.0	0.0346869577328	0.0161641555582	0.0318251682423	0.0	0.139559638156	0.0324297977289	0.0294187388757	0.0694004752919	0.0537133463076	0.0	0.0175718674576	0.0	0.0311957315283	0.017460537237	0.0997791797221	0.012417940231	0.128072977744	0.0	2.13991994987e-05	0.0	0.0337371584548	0.0	0.0159091102318	0.0	0.0493718307469	0.0467708572897	0.0450803392294	0.0493613139084	0.0347134691622
PD_223P_1_bbduk_adapt_filt	0.0	0.110089982447	0.0	0.140798989103	0.0	0.0	0.0	0.115176839079	0.162519288869	0.0159230868371	0.0	0.0315476427077	0.0	0.0183509148041	0.0644286762788	0.0	0.0651157209769	7.34774351238e-05	0.0352383133701	0.000132089042544	0.0377094488791	4.33611118037e-05	0.0181816156251	0.0134449400861	9.22938644555e-05	0.0471282023811	0.033262770382	0.0167797265054	0.0326708879005	0.0111355967747	0.0184945556142	0.0180011741921	0.0168230186059	0.081961075314	0.0	0.0	0.0193694215061	0.0
PD_223P_2_bbduk_adapt_filt	0.0625018606045	0.017890705995	0.0	0.17171031392	0.0	0.203878901597	0.0	0.00111274988822	0.0	0.0357250595945	0.0168317948703	0.0325999053253	0.0	0.142591411326	0.0333271760168	0.0309069583726	0.0700058228706	0.0545790388099	0.0	0.0180781866864	0.0	0.0318518338421	0.0179386049667	0.100721034863	0.0126739253154	0.132172970967	0.0	7.11306761568e-06	0.0	0.0347148648267	0.0	0.0164311409311	0.0	0.0502439463507	0.048465530815	0.0464035344436	0.0501760252348	0.0339489753814
PD_224S_1_bbduk_adapt_filt	0.0	0.106761015279	0.0	0.132899706394	0.0	0.0	0.0	0.112155567588	0.1566976192	0.0153694264438	0.0	0.0307442316216	0.0	0.0178378846068	0.0610096912316	0.0	0.0633607159209	6.02757362873e-05	0.0345122921898	8.95511068867e-05	0.0355023662853	3.74612877214e-05	0.0173230527411	0.0127957440232	6.09526205833e-05	0.0449815833293	0.0320984403119	0.0159170354934	0.0320041626473	0.0114689092896	0.0177321981296	0.0173971947776	0.0159713441248	0.0797336669227	0.0	0.0	0.0179695865689	0.0
PD_224S_2_bbduk_adapt_filt	0.0595956776318	0.0174616680736	0.0	0.159912826187	0.0	0.201710517023	0.0	0.000914786925273	0.0	0.0342018171441	0.0165923567145	0.0307576876053	0.0	0.13605494952	0.0317137063709	0.0291226589878	0.0677731963306	0.0528919585921	0.0	0.0174904505638	0.0	0.0306001087933	0.0173465058503	0.0951825337975	0.0126385258779	0.126750430544	0.0	0.0	0.0	0.0332231281963	0.0	0.015548357658	0.0	0.0476519998982	0.0464848225799	0.044457057947	0.0473496303908	0.0342686350428
PD_225P_1_bbduk_adapt_filt	0.0	0.107670422632	0.0	0.141985052497	0.0	0.0	0.0	0.118777775274	0.157803183068	0.0162064768808	0.0	0.0315325718703	0.0	0.0183091975116	0.064092969104	0.0	0.0665401338409	4.82566217656e-05	0.0357658758933	8.90396627178e-05	0.0366686794613	3.41341675542e-05	0.0179809848125	0.0135066078194	5.83724988479e-05	0.0484628180038	0.03361965884	0.0163930563962	0.0324961714175	0.0115811401427	0.0177741940378	0.0177286123393	0.0174552177774	0.0822948988499	0.0	0.0	0.0189287471764	0.0
PD_225P_2_bbduk_adapt_filt	0.0601372553684	0.0171415598221	0.0	0.166011595446	0.0	0.209810801609	0.0	0.00110285770914	0.0	0.0358288240589	0.0169325349883	0.0316491840801	0.0	0.142084799507	0.0325601766595	0.0300591424334	0.0706594065363	0.0544849430815	0.0	0.0176133643917	0.0	0.0320246759993	0.0179844681493	0.0982114180916	0.0129039705266	0.133786261575	0.0	7.90598331142e-06	0.0	0.0343025140774	0.0	0.0163117581412	0.0	0.0488396743145	0.0485989242997	0.0469321152445	0.0484939017931	0.0357471245117
PD_226S_1_bbduk_adapt_filt	0.0	0.10841190553	0.0	0.13644267552	0.0	0.0	0.0	0.113470713132	0.152572807955	0.0160027648	0.0	0.0303812315742	0.0	0.0176650030253	0.0622829702282	0.0	0.0635304591764	4.23322943718e-05	0.0335346424451	0.000125701577347	0.0352262173191	2.23840158787e-05	0.0170729398238	0.0136925284064	6.66527521112e-05	0.047101900376	0.0326069248938	0.0157071921106	0.031355361572	0.0114108101334	0.0171894980873	0.0173108433557	0.0165156376949	0.0807407333109	0.0	0.0	0.0176972914659	0.0
PD_226S_2_bbduk_adapt_filt	0.0604568974043	0.01766436097	0.0	0.166691857041	0.0	0.209359996567	0.0	0.00109883935611	0.0	0.0341245793054	0.0164357491604	0.0310448489192	0.0	0.14029434114	0.0315097156482	0.0287042011609	0.0676879918697	0.0529873328652	0.0	0.0176068899028	0.0	0.0310421532206	0.0174516287617	0.0978782914929	0.0124354991796	0.128728626343	0.0	5.12469563151e-06	0.0	0.0334251128741	0.0	0.0158260702222	0.0	0.0478414072547	0.0477653701757	0.0444128561888	0.0475833567344	0.0337913575238
PD_227P_1_bbduk_adapt_filt	0.0	0.112056498827	0.0	0.140942276703	0.0	0.0	0.0	0.122885779261	0.160822896008	0.0166588875927	0.0	0.0322059361486	0.0	0.0186545622576	0.0653475440683	0.0	0.0656330459511	8.12024807262e-05	0.0339145663233	0.000124318442785	0.0357895758726	5.77940929919e-05	0.0180298305527	0.0142905133807	8.17026314842e-05	0.0474678799667	0.0338865971991	0.0159223786355	0.0320040420918	0.0123162883674	0.0180079227265	0.017149517216	0.0172095568279	0.0836957262277	0.0	0.0	0.0179776881324	0.0
PD_227P_2_bbduk_adapt_filt	0.0632208311946	0.0176177845878	0.0	0.169481702326	0.0	0.216793420046	0.0	0.000969786307587	0.0	0.0344954897228	0.0168974093056	0.0312542186265	0.0	0.14710772142	0.0328153576059	0.0302470904335	0.0693186011668	0.0537799253233	0.0	0.0179018557611	0.0	0.0320652135936	0.0179864244003	0.101944240361	0.012733938707	0.132697611759	0.0	6.60953866147e-06	0.0	0.0345449804826	0.0	0.0167584858788	0.0	0.0489871024703	0.0470556785608	0.0452072193758	0.0506366461997	0.0354852234671
PD_228S_1_bbduk_adapt_filt	0.0	0.105043710667	0.0	0.135359739138	0.0	0.0	0.0	0.109369151525	0.151523228661	0.0152993469774	0.0	0.0305721547448	0.0	0.0182082891546	0.0619019009245	0.0	0.0631546951662	9.22363439481e-05	0.0345287396197	0.00015637925723	0.0356573840998	5.61943853701e-05	0.0171988194959	0.0136269382335	0.0001187383541	0.0444207198895	0.0324652936882	0.0158589505933	0.0318250240248	0.0113255442847	0.0174101113348	0.0172250103916	0.0166121858142	0.0775714014813	0.0	0.0	0.0184240483427	0.0
PD_228S_2_bbduk_adapt_filt	0.0592281857868	0.0173207346647	0.0	0.164727206018	0.0	0.20012752462	0.0	0.000910619128048	0.0	0.0344652699891	0.0166864251093	0.0296878205356	0.0	0.135232819222	0.0311828924743	0.0291442469527	0.0676624676326	0.0527591887383	0.0	0.0172877268868	0.0	0.0308748008762	0.0175374913863	0.0965314185082	0.0121537186732	0.12587531412	0.0	4.54020915926e-06	0.0	0.033618078265	0.0	0.015617747098	0.0	0.0458828852261	0.0471534926008	0.0457781193304	0.0503359791613	0.0337688163091
PD_229P_1_bbduk_adapt_filt	0.0	0.110000502189	0.0	0.134186374368	0.0	0.0	0.0	0.110981790559	0.151657155545	0.0158246176712	0.0	0.0307425785753	0.0	0.0174310078167	0.0619921546381	0.0	0.0631426356566	5.11366135085e-05	0.0340640482076	0.000104860709285	0.0354125063153	2.0860668632e-05	0.0173901070332	0.0135153857386	6.22792755746e-05	0.0457531938355	0.0327558531913	0.0151645526947	0.0311873682112	0.011194323266	0.0168214331325	0.0165358308172	0.0166631346134	0.0785124214128	0.0	0.0	0.0185355311875	0.0
PD_229P_2_bbduk_adapt_filt	0.0596661810893	0.0190292979998	0.0	0.158757065517	0.0	0.202145404232	0.0	0.00101977026692	0.0	0.0342969340188	0.0161993051041	0.0302922365578	0.0	0.135652010643	0.0311563585737	0.0287187550259	0.0678467386095	0.0526431768141	0.0	0.0176690295145	0.0	0.0307444534298	0.0172752225483	0.0959509791004	0.0121844954142	0.127181845745	0.0	4.80499134813e-06	0.0	0.0331908119765	0.0	0.0157977694483	0.0	0.0463597155009	0.0469193942185	0.043453222053	0.0483298240422	0.0334366178968
PD_230S_1_bbduk_adapt_filt	0.0	0.105851386983	0.0	0.13857791672	0.0	0.0	0.0	0.118844887514	0.152814442713	0.0156086800577	0.0	0.0317895014375	0.0	0.0179757773775	0.0623799154505	0.0	0.0641090670251	5.52056677293e-05	0.0344257520208	8.4327843042e-05	0.0358178185111	3.70949402543e-05	0.0180757949864	0.0137279126854	4.341708054e-05	0.045283028899	0.0322534092193	0.0155588537382	0.032557775693	0.0117267954695	0.0171931521331	0.0173930942212	0.0163251235277	0.0796016807074	0.0	0.0	0.0178778180374	0.0
PD_230S_2_bbduk_adapt_filt	0.0606557580824	0.0170916001001	0.0	0.162175978222	0.0	0.204963245291	0.0	0.000718624095116	0.0	0.0348573136281	0.0162663330573	0.0313854305319	0.0	0.138459757005	0.0326831664872	0.0292070542414	0.0676643665538	0.0525281928444	0.0	0.0172028799806	0.0	0.0311597498136	0.0180422980302	0.0977613148869	0.0130294658701	0.128671852883	0.0	0.0	0.0	0.033548959298	0.0	0.0162764369886	0.0	0.0476732662167	0.0474016305871	0.045393609602	0.049319562946	0.0340877966148
PD_231P_1_bbduk_adapt_filt	0.0	0.106729231262	0.0	0.14432153076	0.0	0.0	0.0	0.122614437185	0.159690669078	0.0157249192618	0.0	0.0324971658548	0.0	0.0182018568802	0.0644927771685	0.0	0.0664230216029	6.29351301777e-05	0.0354575619027	9.90517435037e-05	0.0368948428005	4.27322517468e-05	0.0175997514436	0.0141566188691	7.70228808021e-05	0.0479066548108	0.0340715349461	0.016564469941	0.0338597593338	0.0121382806969	0.018254033988	0.0175470556031	0.0169943770692	0.0815872278922	0.0	0.0	0.018362832431	0.0
PD_231P_2_bbduk_adapt_filt	0.0619603666531	0.016933468242	0.0	0.167754225384	0.0	0.216458105471	0.0	0.00108051654497	0.0	0.0352915572602	0.0171722800365	0.0322454999556	0.0	0.146477609486	0.0335389653419	0.0305416027956	0.0702589019225	0.0534849235252	0.0	0.0176653661173	0.0	0.0320527498311	0.0182892939442	0.100624348089	0.0128743745261	0.132143712194	0.0	4.2138056324e-06	0.0	0.0347328424683	0.0	0.0164771719602	0.0	0.0492220042097	0.0497800671552	0.0477829602578	0.0499528852162	0.0359083936979
PD_232S_1_bbduk_adapt_filt	0.0	0.10467754807	0.0	0.135325489042	0.0	0.0	0.0	0.112784422779	0.151262418348	0.0147871584504	0.0	0.0307356987031	0.0	0.0176657122033	0.0617258073659	0.0	0.0631956674036	5.26413186569e-05	0.0340262165459	9.99119359545e-05	0.0355108533807	2.59496310741e-05	0.0180430379523	0.0136325211264	4.64528876903e-05	0.0453838075307	0.0323795703594	0.0149643672986	0.0317208696507	0.0114832084856	0.0170915005691	0.017613808496	0.0160486522606	0.0788007061517	6.21535676676e-06	0.0	0.017827775315	0.0
PD_232S_2_bbduk_adapt_filt	0.0600501914409	0.0179933072806	0.0	0.162117721312	0.0	0.200042076657	0.0	0.000949097526889	0.0	0.0340867929082	0.0161138407648	0.0306724076891	0.0	0.136243834676	0.0322741535716	0.0291223420581	0.0655467981952	0.0513536310159	0.0	0.0172348089521	0.0	0.0300107483372	0.0173885355952	0.0968860106103	0.0124772456336	0.127312217699	0.0	1.51359075846e-05	0.0	0.0329713766032	0.0	0.01499083928	0.0	0.047681687322	0.0465965296804	0.0443373505134	0.0479728018077	0.0343929432892
PD_25P_1_bbduk_adapt_filt	0.0	0.108987009927	0.0	0.150049105836	0.0	0.0	0.0	0.131393671704	0.156620048222	0.0162747496076	0.0	0.0324482172339	0.0	0.0176452727515	0.0664661321839	0.0	0.0662671206357	7.97997345861e-05	0.0345737365939	0.000134751714912	0.0351473197588	5.40616843819e-05	0.0163430381246	0.0152091481922	8.80992545177e-05	0.0481587216337	0.0344964692764	0.0163765494952	0.0325376719504	0.0130261948986	0.0180791551399	0.01690339822	0.0163071778577	0.0837751146705	0.0	0.0	0.018508477918	0.0
PD_25P_2_bbduk_adapt_filt	0.0596168259428	0.0181519136422	0.0	0.171549430732	0.0	0.222656760405	0.0	0.00123362519899	0.0	0.0342872858493	0.017052759868	0.03313903398	0.0	0.149969641834	0.0343725436374	0.0311370856818	0.0681130885854	0.0530349036059	0.0	0.0177535384397	0.0	0.0330977645494	0.0175344580795	0.101275263048	0.0139671202739	0.133158440637	0.0	2.3284193595e-05	0.0	0.0348135978059	0.0	0.0166942448112	0.0	0.049841551226	0.0485972773648	0.0471034632288	0.0491669952681	0.0367925368839
PD_26P_1_bbduk_adapt_filt	0.0	0.119846596357	0.0	0.071907957814	0.0	0.0	0.0	0.119846596357	0.119846596357	0.00959002637257	0.0	0.0528033794163	0.0	0.0096209351549	0.0338327694538	0.0	0.0590493061707	0.0	0.020599443815	0.0	0.0380993849671	0.0	0.0232544619499	0.00600744923705	0.0	0.026039971356	0.0408357721364	0.0212856534696	0.0446295745314	0.0233082122601	0.0	0.00849329030066	0.0447547440029	0.083869164104	0.0	0.0	0.0111111111111	0.0
PD_26P_2_bbduk_adapt_filt	0.119846596357	0.0239693192713	0.0	0.215723873442	0.0	0.167785234899	0.0	0.0	0.0	0.0143850395589	0.00959785008158	0.0192012288786	0.0	0.110640754281	0.038666022233	0.024343931058	0.0738116327133	0.0602772754671	0.0	0.0264340470526	0.0	0.0225225225225	0.0116272309749	0.0841042893188	0.0	0.110669878263	0.0	0.0	0.0	0.0233082122601	0.0	0.00849329030066	0.0	0.0186375920231	0.068802830745	0.0522629873524	0.0111111111111	0.0
PD_27P_1_bbduk_adapt_filt	0.0	0.112820422243	0.0	0.139053528784	0.0	0.0	0.0	0.120969344397	0.151457553148	0.015386486497	0.0	0.0308086464002	0.0	0.017945536204	0.0629324380929	0.0	0.0632725917824	6.68112629425e-05	0.0334446581104	0.000117472385832	0.0351598666818	4.13357168426e-05	0.017527312171	0.0140822160512	7.09974718815e-05	0.0462360489692	0.0329466946634	0.016111084392	0.0321656450186	0.0116143523757	0.0181086722689	0.0178844126906	0.0171715747989	0.0805143032788	0.0	0.0	0.0177598513237	0.0
PD_27P_2_bbduk_adapt_filt	0.0619799793427	0.0188870338606	0.0	0.162115379906	0.0	0.21096877036	0.0	0.00116413173636	0.0	0.0340735188971	0.0159293423387	0.0310497470633	0.0	0.139310532902	0.031951496811	0.0291394298917	0.0685360483606	0.0524635442256	0.0	0.0169508301926	0.0	0.0310614947785	0.0170157041401	0.0971261604975	0.0127947586826	0.128187999247	0.0	5.68492744952e-06	0.0	0.0338674762259	0.0	0.0160461428621	0.0	0.0471313872803	0.0470806577268	0.0454312186467	0.0474401281841	0.0346624102718
PD_28P_1_bbduk_adapt_filt	0.0	0.127097930585	0.0	0.147152830875	0.0	0.0	0.0	0.132111655657	0.15517479099	0.0162992149973	0.0	0.0313616258527	0.0	0.020180671482	0.0656609793568	0.0	0.0641013656262	0.0	0.0353577590053	5.668982446e-05	0.0345345022351	0.0	0.0173215906871	0.0146898107167	0.0	0.0498018400327	0.0315632707107	0.0140881175443	0.0330659870273	0.0134257907084	0.0179029512893	0.0166087489779	0.0146500112317	0.0886786064006	0.0	0.0	0.018205878314	0.0
PD_28P_2_bbduk_adapt_filt	0.072448327296	0.0180494102606	0.0	0.166455672403	0.0	0.22235870696	0.0	0.0012534312681	0.0	0.0361019995735	0.0159331015324	0.0325480031465	0.0	0.14717883032	0.0326998990273	0.0316319892198	0.0668256736653	0.051559722349	0.0	0.0162132897955	0.0	0.0330705399392	0.0170144702849	0.0990295860386	0.0134679254165	0.128795532025	0.0	0.0	0.0	0.0356450817639	0.0	0.0148201144726	0.0	0.0512487302212	0.0486329376583	0.0481414701388	0.0481675523393	0.0383667052122
PD_29P_1_bbduk_adapt_filt	0.0	0.108080585996	0.0	0.142333105755	0.0	0.0	0.0	0.117222305796	0.148755453209	0.0155110419519	0.0	0.0312804274104	0.0	0.0177997810267	0.0630489269351	0.0	0.0642300792866	5.43016794966e-05	0.0345752773788	8.17790182467e-05	0.035698969568	4.64109731453e-05	0.0174941948908	0.013591633078	5.82594366997e-05	0.045314686621	0.0328484931105	0.0153111440311	0.0322456715952	0.0109143216179	0.0173068092398	0.0166430498783	0.0168705393688	0.0770725570155	0.0	0.0	0.0178975382946	0.0
PD_29P_2_bbduk_adapt_filt	0.0616487496673	0.0181098626428	0.0	0.163769860097	0.0	0.207713760024	0.0	0.00101253225638	0.0	0.0353628605695	0.0167483968751	0.0318073653768	0.0	0.142340192829	0.0336292038618	0.028955050471	0.0672665831737	0.0524614559137	0.0	0.0172490821563	0.0	0.0317517357704	0.0176171049252	0.0987278189163	0.0121398101223	0.126611463998	0.0	8.08402535959e-06	0.0	0.0334566605257	0.0	0.0162016145825	0.0	0.047774737141	0.0481722183965	0.0440881898884	0.047533956269	0.0347631020002
PD_2P_1_bbduk_adapt_filt	0.0	0.109109109109	0.0	0.135502168836	0.0	0.0	0.0	0.115782449116	0.152485819152	0.0150242552539	0.0	0.0309461773634	0.0	0.0180182492214	0.0613716554878	0.0	0.0644569343191	4.19893636743e-05	0.0339009153247	8.77934991548e-05	0.0348514154958	2.32122953981e-05	0.0179287374992	0.0135978679731	3.41642739575e-05	0.0453579252839	0.0318651622169	0.0157787731947	0.0307832488649	0.0117488347349	0.0181102527625	0.0177928307922	0.0165441982004	0.0775612258586	0.0	0.0	0.0181321872109	0.0
PD_2P_2_bbduk_adapt_filt	0.0609275942609	0.0175175175175	0.0	0.167400734067	0.0	0.208675342009	0.0	0.00103436770103	0.0	0.0341903683368	0.0160317427167	0.0320112081428	0.0	0.136809704379	0.032160556296	0.028696257193	0.0681476635997	0.0532705060481	0.0	0.0185536928214	0.0	0.0292939167924	0.0175535591098	0.0978006851246	0.0121710225974	0.127389910765	0.0	0.0	0.0	0.0334055776352	0.0	0.0165347518473	0.0	0.0476426832562	0.0464397044005	0.0436466234783	0.048155907184	0.0329861080454
PD_30P_1_bbduk_adapt_filt	0.0	0.110506529111	0.0	0.145741975085	0.0	0.0	0.0	0.12061757013	0.157929694561	0.0165825966262	0.0	0.0324599040366	0.0	0.0184242477336	0.0660221850227	0.0	0.0668817199313	4.28797374159e-05	0.0357878502656	8.96105324635e-05	0.0370482186205	3.93811550776e-05	0.0184390837219	0.0143990118365	6.04587297483e-05	0.0479606715351	0.0349664982147	0.0160646215197	0.0334255067003	0.0118856225819	0.0181906696961	0.0169556111224	0.0175075919232	0.0799944864169	0.0	0.0	0.0188680027423	0.0
PD_30P_2_bbduk_adapt_filt	0.0595427971089	0.0169538667583	0.0	0.168925877218	0.0	0.216859701306	0.0	0.000919185547135	0.0	0.0354543273798	0.0168435489344	0.0323166383819	0.0	0.144895894787	0.0336336837111	0.031129478228	0.0715836819568	0.0543858002892	0.0	0.017787690694	0.0	0.0330644178032	0.019185080073	0.100960318765	0.0131368182782	0.133695282248	0.0	0.0	0.0	0.0344817064497	0.0	0.0172226286204	0.0	0.0499787299271	0.0486956332876	0.0472555883109	0.0489551793336	0.0341499664513
PD_31P_1_bbduk_adapt_filt	0.0	0.109423263313	0.0	0.143119831155	0.0	0.0	0.0	0.121457751828	0.152488615762	0.0157679398376	0.0	0.031920507519	0.0	0.0178376747695	0.0631741638698	0.0	0.0634067872377	6.47914229114e-05	0.0332408916818	0.00010142735905	0.0356396958067	5.35809264285e-05	0.018066447793	0.013699679017	9.22151873012e-05	0.0453107849512	0.0332466930196	0.0161096211643	0.0319259096802	0.0112519654721	0.0174894294057	0.0173846350955	0.0158552702937	0.0788092877112	0.0	0.0	0.0183904291408	0.0
PD_31P_2_bbduk_adapt_filt	0.059603068924	0.0177541056369	0.0	0.166257105848	0.0	0.20505215592	0.0	0.00103522481848	0.0	0.0337211245394	0.0168819302772	0.0313970505845	0.0	0.142919627792	0.0319549499908	0.0289436817772	0.0670806166844	0.0516765590571	0.0	0.0172595555983	0.0	0.0311781457451	0.0178268723207	0.0979819343426	0.0127454562448	0.129629315668	0.0	0.0	0.0	0.0344158829461	0.0	0.0158809564908	0.0	0.0480908952189	0.0476899382602	0.0454554792037	0.049250251589	0.0338799005924
PD_32P_1_bbduk_adapt_filt	0.0	0.111451147135	0.0	0.139302757511	0.0	0.0	0.0	0.115675829608	0.153720324679	0.0159604160211	0.0	0.030840394021	0.0	0.0172726231618	0.0644112308377	0.0	0.0645864400718	7.06445947207e-05	0.0341995744825	0.000119366723721	0.0355716390691	4.80356283458e-05	0.0174376665935	0.01390984909	9.1108070936e-05	0.0452425662332	0.0331747463726	0.0159366907753	0.0308874980631	0.0107126486107	0.0183853195939	0.0172170861633	0.0172498188723	0.0790095107329	0.0	0.0	0.0179226267474	0.0
PD_32P_2_bbduk_adapt_filt	0.0613584835312	0.0172340221503	0.0	0.161834397365	0.0	0.215905862451	0.0	0.00111764086578	0.0	0.0344079372294	0.0167445445392	0.0318522884822	0.0	0.14353882186	0.0320589082213	0.0294175645637	0.067722915026	0.0522110651382	0.0	0.0172634124181	0.0	0.031810260549	0.0172542876905	0.0993941990881	0.0126458002459	0.128686995414	0.0	2.81194367452e-05	0.0	0.033628197751	0.0	0.0153832622459	0.0	0.0492747486291	0.046643566037	0.0447243641171	0.0475158011442	0.0345885788045
PD_33P_1_bbduk_adapt_filt	0.0	0.112599463949	0.0	0.146734375926	0.0	0.0	0.0	0.125212172331	0.15444577276	0.0160575782488	0.0	0.0321454234016	0.0	0.0177723125113	0.0640580816671	0.0	0.0655584404405	6.34288590073e-05	0.0348007366972	0.000118011483839	0.0370503362751	2.48789601271e-05	0.0176211164651	0.0143148091865	7.12587094587e-05	0.0482540454974	0.0339165963715	0.0169275484313	0.0328362728622	0.0125532482585	0.0184301209002	0.0175703744852	0.0162580729907	0.0817133989448	0.0	0.0	0.0188496263214	0.0
PD_33P_2_bbduk_adapt_filt	0.0616040402491	0.01757937075	0.0	0.169127923796	0.0	0.218816331083	0.0	0.00113274755762	0.0	0.0344203013805	0.0171575150112	0.0332877129623	0.0	0.148016663236	0.0329897804504	0.0300085033664	0.0696483084132	0.0539779590152	0.0	0.0179471864623	0.0	0.0325814861825	0.0172417267013	0.102284951767	0.0135117476012	0.13239163661	0.0	0.0	0.0	0.0338595890028	0.0	0.0159343855457	0.0	0.0499302202101	0.0491115683925	0.0463814808332	0.0496718115746	0.0359114674736
PD_34P_1_bbduk_adapt_filt	0.0	0.110029047994	0.0	0.141718879242	0.0	0.0	0.0	0.118414539628	0.157777502784	0.0159980025502	0.0	0.0315196568875	0.0	0.0180077689493	0.0636391291279	0.0	0.0640886899284	5.11916717293e-05	0.0343517382381	0.000116485973028	0.0360005764524	3.81457248703e-05	0.0176359585437	0.0131455214877	7.49048120349e-05	0.0455763527284	0.0336529320869	0.0159482839867	0.0312247483501	0.0117103961657	0.0177336822614	0.0161065141578	0.0161347076172	0.0800870626253	0.0	0.0	0.0181392072538	0.0
PD_34P_2_bbduk_adapt_filt	0.0633186030911	0.0190505343919	0.0	0.164616156156	0.0	0.206625026866	0.0	0.000915891076534	0.0	0.0347851707271	0.0165607622349	0.0307171013225	0.0	0.140896803231	0.0329027837831	0.0303593034737	0.0690176219378	0.0535934143279	0.0	0.0176655458327	0.0	0.0315226733897	0.0177890999205	0.0990535583977	0.0124930525787	0.130119258867	0.0	1.22396653773e-05	0.0	0.0339095275716	0.0	0.0158223695255	0.0	0.0484782761692	0.0466673074354	0.0443524663345	0.0481650553826	0.0338546310272
PD_35P_1_bbduk_adapt_filt	0.0	0.11038470712	0.0	0.137257958646	0.0	0.0	0.0	0.123147327383	0.15356454331	0.0155704409358	0.0	0.030896097369	0.0	0.0175265857679	0.0641601948173	0.0	0.0644530476741	5.41389571077e-05	0.0338590728939	0.000122247164301	0.0353324552349	3.47853776981e-05	0.0171556875568	0.0142521627458	7.1546091781e-05	0.0469529480021	0.0331649937932	0.0152412535046	0.0313397524753	0.0115842124426	0.0172258684855	0.0167190195979	0.0162035952909	0.0825043791	0.0	0.0	0.017922328993	0.0
PD_35P_2_bbduk_adapt_filt	0.06133450045	0.0194157068067	0.0	0.162848425512	0.0	0.219486629579	0.0	0.000978395079847	0.0	0.0332328880419	0.016387027653	0.0315184585359	0.0	0.139488771429	0.0318481720011	0.0294127814587	0.0673801030519	0.0520591188388	0.0	0.0172650610505	0.0	0.0316944484227	0.0172634236329	0.0974030489331	0.0139404808062	0.129239203923	0.0	1.2381196998e-05	0.0	0.0340117865321	0.0	0.0158367494344	0.0	0.0476240271236	0.047057254873	0.0452171597122	0.0479172115767	0.0357172629915
PD_36P_1_bbduk_adapt_filt	0.0	0.151134386588	0.0	0.196826177882	0.0	0.0	0.0	0.149377009999	0.214399943764	0.0353733455125	0.0	0.0388900491887	0.0	0.0309638607511	0.0763541635476	0.0	0.0706336742285	0.000753074426346	0.030201443629	0.000756773119419	0.0371566798611	0.0	0.019813750743	0.0191032185103	0.000766424476532	0.0530300119125	0.0346692553044	0.0154487872702	0.0464860425657	0.0170984012995	0.0116904372224	0.0187470707702	0.0164409300869	0.128636531206	0.0	0.0	0.0205329079336	0.0
PD_36P_2_bbduk_adapt_filt	0.0702950635292	0.0158163892941	0.0	0.163436022705	0.0	0.267121241411	0.0	0.00351475317646	0.0	0.0394032203177	0.014838262934	0.0360093048044	0.0	0.157768242875	0.0306913794652	0.0524942256352	0.051848122572	0.043678316728	0.0	0.0166490086272	0.0	0.0349631746563	0.0243861547606	0.106213894917	0.013029216101	0.139107712408	0.0	0.0	0.0	0.0326424024808	0.0	0.0210904546165	0.0	0.0549058364904	0.0487467371136	0.0496399136423	0.0442247247801	0.0355878922082
PD_38P_1_bbduk_adapt_filt	0.0	0.111193629256	0.0	0.147837861624	0.0	0.0	0.0	0.123545617695	0.160164116753	0.0159740042257	0.0	0.0320747467797	0.0	0.0185204287967	0.0662747143091	0.0	0.0673453813996	4.27791129911e-05	0.0354183278666	8.38053623811e-05	0.0369400450256	2.96356621333e-05	0.0184282318795	0.0143583439314	3.30686299733e-05	0.047338937909	0.0340315699962	0.0157551885623	0.0329009526414	0.0116525325153	0.0179465612006	0.0183162410435	0.0172261159332	0.0822550866361	0.0	0.0	0.0190364323991	0.0
PD_38P_2_bbduk_adapt_filt	0.0615540757187	0.0180133164729	0.0	0.16708637694	0.0	0.223184991099	0.0	0.00100359906063	0.0	0.035896465184	0.0170359532257	0.0332646081104	0.0	0.145541982107	0.0329742464818	0.0311860449564	0.0700267643104	0.0526503933138	0.0	0.0169510312976	0.0	0.0328896578355	0.0177965820015	0.102054299223	0.0132737480713	0.130519624063	0.0	7.51320389235e-06	0.0	0.0349246575247	0.0	0.015698341112	0.0	0.0498629016272	0.0474674109039	0.0463830352746	0.0512773925474	0.033794582114
PD_39P_1_bbduk_adapt_filt	0.0	0.111380512503	0.0	0.146166861328	0.0	0.0	0.0	0.113667504294	0.164141814355	0.0161141664178	0.0	0.0317924014953	0.0	0.0184802421001	0.064766981484	0.0	0.0656856511616	4.23557739306e-05	0.0356750319143	9.78263257224e-05	0.0376722641159	3.7737497402e-05	0.0174979475249	0.0137755764685	9.43131378515e-05	0.0459175322426	0.0326560334792	0.0155676763187	0.0310465677639	0.010633239481	0.0189798516845	0.0174832247129	0.0173570100753	0.0791356572044	0.0	0.0	0.0189459174099	0.0
PD_39P_2_bbduk_adapt_filt	0.0595821545629	0.0171323771033	0.0	0.160530774684	0.0	0.213492689851	0.0	0.00112343456415	0.0	0.0360941253777	0.0164172478963	0.0315750313154	0.0	0.145749071604	0.0319690470713	0.0314647204693	0.070226593873	0.0545627079774	0.0	0.0179822573282	0.0	0.0317466696894	0.0177124070489	0.0981358332436	0.011663391381	0.128312421932	0.0	1.17847663275e-05	0.0	0.0338446671809	0.0	0.0174972224909	0.0	0.048176125605	0.0452100198635	0.0445271837703	0.0438377216206	0.0315372139124
PD_3P_1_bbduk_adapt_filt	0.0	0.109058927876	0.0	0.141706983576	0.0	0.0	0.0	0.117363916911	0.164856518882	0.0162630933697	0.0	0.0311980302565	0.0	0.0178531611207	0.0632006911776	0.0	0.0652713776336	5.22645224554e-05	0.0336739108541	0.000109882333602	0.0358504698371	5.27036041243e-05	0.018159343228	0.0134305372676	7.88849973751e-05	0.0465612721803	0.0328046165198	0.0159588099446	0.0315295471406	0.0111102140642	0.0183778819124	0.0169190815636	0.0175786364538	0.0797693325246	0.0	0.0	0.0179056879511	0.0
PD_3P_2_bbduk_adapt_filt	0.0580603275398	0.0175299918268	0.0	0.169531183369	0.0	0.206978229739	0.0	0.00101947470198	0.0	0.0347947614034	0.0163150638473	0.0314071790627	0.0	0.140413239505	0.0326467478845	0.0308767920299	0.0693514802612	0.0536704381095	0.0	0.0176965498266	0.0	0.0312708051137	0.0178132775095	0.0990502123483	0.0126741895783	0.130403091893	0.0	7.48888312744e-06	0.0	0.0335363868975	0.0	0.0177545917643	0.0	0.04838256635	0.0463989679669	0.0449728713989	0.0500080284919	0.0346293631639
PD_40P_1_bbduk_adapt_filt	0.0	0.108158036133	0.0	0.139304996083	0.0	0.0	0.0	0.118404892482	0.153935068603	0.0160514305729	0.0	0.0311608648838	0.0	0.0172383529226	0.0639982325301	0.0	0.0655813668155	4.23052313984e-05	0.0335300499374	9.43946386866e-05	0.0353600608178	3.97558197551e-05	0.0173764720113	0.0139429462522	6.54692629449e-05	0.0458900336258	0.0334574466466	0.0157367811848	0.0315020569807	0.0119863091659	0.0167752764118	0.0167637567579	0.0165982089347	0.0797848748304	0.0	0.0	0.0175624658163	0.0
PD_40P_2_bbduk_adapt_filt	0.0616553056219	0.0175909205305	0.0	0.162991780163	0.0	0.213558419708	0.0	0.000986949336697	0.0	0.033857306326	0.0169544880396	0.0307364725075	0.0	0.143588836261	0.0318528412775	0.0298687524943	0.0679399374502	0.0526821003	0.0	0.0174252503015	0.0	0.0316655104349	0.017287781734	0.0990857129424	0.012948365338	0.130683070327	0.0	0.0	0.0	0.0323253860047	0.0	0.0161000333568	0.0	0.0470082757352	0.0466030742781	0.0451095607165	0.0490780397336	0.0329603567083
PD_41P_1_bbduk_adapt_filt	0.0	0.110186721823	0.0	0.127423137768	0.0	0.0	0.0	0.102455903503	0.154165151336	0.0152565905763	0.0	0.0307825513586	0.0	0.0173744913048	0.0616519497724	0.0	0.0630696852434	3.68093530112e-05	0.0336124559433	8.78455955536e-05	0.0363747767578	2.59132761682e-05	0.018155490649	0.01241559504	3.45364306157e-05	0.044624595063	0.031476590022	0.0151696625878	0.0312217776168	0.0102944889535	0.0175525683473	0.0171430788581	0.0168608978551	0.0756698018614	0.0	0.0	0.0189949686279	0.0
PD_41P_2_bbduk_adapt_filt	0.062448166668	0.0179282790627	0.0	0.161174025533	0.0	0.187013608948	0.0	0.00126340221583	0.0	0.033630701436	0.015674632447	0.0310053951074	0.0	0.134317719039	0.0309075011201	0.0285753298885	0.0676607783766	0.0522938208446	0.0	0.0170420455374	0.0	0.0301824884169	0.0174620288381	0.096011685774	0.0110861942276	0.125319911683	0.0	7.47274019106e-06	0.0	0.0330945233794	0.0	0.0151143121293	0.0	0.0472174545249	0.0454730452638	0.0426947847315	0.0480860025138	0.0348972717958
PD_42P_1_bbduk_adapt_filt	0.0	0.10744257366	0.0	0.137478328022	0.0	0.0	0.0	0.114781112736	0.15531347717	0.0154051660929	0.0	0.0303752003102	0.0	0.0179588091258	0.062255477422	0.0	0.0625827209762	6.51504876212e-05	0.0338978061808	0.000134354858917	0.0346168857339	2.5062367702e-05	0.0169906484541	0.0134179799237	9.83182553185e-05	0.0448744317844	0.032258492986	0.0153469215029	0.0310806700338	0.0109310167996	0.0169045643353	0.0167865341319	0.0162136173697	0.0781819717918	0.0	0.0	0.0176361163398	0.0
PD_42P_2_bbduk_adapt_filt	0.0596171100197	0.0180850684359	0.0	0.164855849963	0.0	0.199208392017	0.0	0.000840637603174	0.0	0.0340640486821	0.0162518498636	0.0309387982211	0.0	0.135794440932	0.0318002164056	0.0297794603473	0.066900200696	0.0518597881464	0.0	0.0172118171048	0.0	0.0309219492708	0.0169546295143	0.0961710147488	0.012606585182	0.127660021456	0.0	6.07317827578e-06	0.0	0.0332337111243	0.0	0.015166655091	0.0	0.0474311189802	0.0452595537014	0.0440383854179	0.0461732615959	0.0360114369186
PD_43P_1_bbduk_adapt_filt	0.0	0.112519347157	0.0	0.142868536047	0.0	0.0	0.0	0.119520230206	0.154272036272	0.0157760691412	0.0	0.0309472165318	0.0	0.0178579089232	0.0650587566928	0.0	0.0647807486398	6.13216564635e-05	0.034771249575	0.000121248255642	0.0370781608632	3.44883719005e-05	0.0170520970596	0.0138258731883	6.75020658043e-05	0.0458058526666	0.032094062724	0.0157142572821	0.0317774648947	0.0110799439494	0.0182736742155	0.0170889830308	0.0170108013768	0.0796547203575	0.0	0.0	0.0195581728159	0.0
PD_43P_2_bbduk_adapt_filt	0.0622862069252	0.0187652535348	0.0	0.168237715345	0.0	0.216810852379	0.0	0.00137130698908	0.0	0.0347897374466	0.0174269095656	0.0324315823223	0.0	0.140936420464	0.0332172887096	0.029584897265	0.0690173374887	0.0533421759162	0.0	0.0173627502079	0.0	0.031901744008	0.017436193536	0.0995351594923	0.0124396664125	0.129676148003	0.0	2.18709217566e-05	0.0	0.0343765431604	0.0	0.01598562056	0.0	0.0479665829008	0.0472141560149	0.0448656991854	0.047719309789	0.034148023816
PD_44P_1_bbduk_adapt_filt	0.0	0.108611444258	0.0	0.138156685474	0.0	0.0	0.0	0.119409837729	0.153635254323	0.0152498604625	0.0	0.0306541408347	0.0	0.017086540732	0.0633946631066	0.0	0.0636829336594	3.80401001346e-05	0.0345282645073	0.000113216683543	0.0348475873823	2.98496609884e-05	0.0168274786448	0.0140051134239	4.60507441044e-05	0.0454301168942	0.0317407047102	0.0156590874573	0.0309413884873	0.0117476943453	0.0171316047042	0.0171732440336	0.0168277700889	0.0796932600893	0.0	0.0	0.0181032842028	0.0
PD_44P_2_bbduk_adapt_filt	0.058462972884	0.0180670457347	0.0	0.163021751311	0.0	0.208071707608	0.0	0.00109814170891	0.0	0.0342140951714	0.0159514882168	0.0314707470455	0.0	0.141592181258	0.0322712533372	0.0295258065356	0.0669932249372	0.0518160506833	0.0	0.0173164917478	0.0	0.0314913923428	0.0169875058741	0.0972665616824	0.012729741406	0.128209490803	0.0	0.0	0.0	0.0340052226527	0.0	0.0152254938242	0.0	0.0469880227839	0.0468114142515	0.0451173613446	0.0486278778615	0.0361923549297
PD_45P_1_bbduk_adapt_filt	0.0	0.10930813933	0.0	0.138309972262	0.0	0.0	0.0	0.124512576001	0.15322040049	0.0155087408893	0.0	0.0303804617074	0.0	0.0173404643608	0.0648505967183	0.0	0.0645185796656	4.32830655352e-05	0.034230538389	0.000103102816504	0.0354275383033	2.82228946379e-05	0.0170634800646	0.0145421047293	5.15151693113e-05	0.0476773954666	0.0331374226655	0.0160858687078	0.0314447414756	0.012345857741	0.0179252742156	0.0167929758154	0.0159992356549	0.0829971095795	0.0	0.0	0.0184363792256	0.0
PD_45P_2_bbduk_adapt_filt	0.0595577104974	0.0169894879381	0.0	0.163489695424	0.0	0.215109177936	0.0	0.000924026538042	0.0	0.0346762340308	0.0166079004114	0.0317671217853	0.0	0.140327286955	0.0323767606525	0.0296900209922	0.0677267567357	0.052485045268	0.0	0.0170074819921	0.0	0.032428105939	0.0174360028786	0.100328553822	0.0140584897051	0.131501975488	0.0	5.73675774171e-06	0.0	0.0348815527721	0.0	0.016312790039	0.0	0.0485918572826	0.0476794067159	0.0449977153778	0.0492947290275	0.0363718958273
PD_46P_1_bbduk_adapt_filt	0.0	0.106858295817	0.0	0.142364624548	0.0	0.0	0.0	0.118879551142	0.162165764871	0.0154532419869	0.0	0.0311295031044	0.0	0.0183604748555	0.0643325785969	0.0	0.0636212517098	9.10362566053e-05	0.0345762689839	0.000116079691241	0.0368695165123	7.24262025744e-05	0.0175961619909	0.013425360018	9.84503242123e-05	0.0464922357966	0.0337156003594	0.0161579877423	0.0313202325685	0.0107939274458	0.0178891968024	0.0165767661289	0.0171296743744	0.0811547131044	0.0	0.0	0.0197756167565	0.0
PD_46P_2_bbduk_adapt_filt	0.0589429293327	0.0179834101829	0.0	0.168297574542	0.0	0.20494301416	0.0	0.00104216528014	0.0	0.0352330037014	0.0165676226797	0.0323777918074	0.0	0.143124041128	0.0328460998827	0.0305780688592	0.0692501285053	0.0531095405896	0.0	0.0180820500855	0.0	0.032552792434	0.0180443986451	0.0999595278859	0.0120724710065	0.129891074148	0.0	1.37925631603e-05	0.0	0.0352356937578	0.0	0.016282358837	0.0	0.0489423168967	0.0470713195302	0.0457617665015	0.0491886529453	0.0335798677323
PD_47P_1_bbduk_adapt_filt	0.0	0.109472648913	0.0	0.139251832171	0.0	0.0	0.0	0.121630205381	0.150535137387	0.0148332232501	0.0	0.0303246299203	0.0	0.0172320514623	0.0629378998246	0.0	0.0631807629535	3.95736582806e-05	0.034177143729	7.62554268201e-05	0.036217435	0.0	0.0168919122196	0.0138407636134	4.71469876038e-05	0.0462139385751	0.0326602482179	0.0158663876852	0.0318530648345	0.0116352105611	0.017363026868	0.0170475829248	0.0166764925936	0.0792650234432	0.0	0.0	0.0180714823094	0.0
PD_47P_2_bbduk_adapt_filt	0.0609243840968	0.0171845011645	0.0	0.166517543081	0.0	0.207060944874	0.0	0.00112013441613	0.0	0.0336726191761	0.0166626030616	0.0318392210649	0.0	0.138239954974	0.0327250692336	0.0291211678374	0.0668365403152	0.0520054403604	0.0	0.0171222762221	0.0	0.0312394658421	0.0169299142718	0.0974334943478	0.0130529802823	0.126707102644	0.0	0.0	0.0	0.0326204312688	0.0	0.0154219337627	0.0	0.0484521410906	0.0442447421548	0.0439687543765	0.0471033238837	0.0344377783237
PD_48P_1_bbduk_adapt_filt	0.0	0.110240642462	0.0	0.139274983854	0.0	0.0	0.0	0.117878302867	0.160418948137	0.015670210228	0.0	0.0319213420346	0.0	0.0179720815246	0.0639878637221	0.0	0.0635377145229	6.45878689186e-05	0.0348883835217	0.000104172947683	0.0368093476376	5.1714065948e-05	0.0178614486827	0.0136407909928	8.51836886866e-05	0.0472274242377	0.0322359626862	0.0161785672519	0.0332413478864	0.0105868466538	0.018344866198	0.0172804941561	0.0170779625208	0.0793372596791	0.0	0.0	0.0186728333533	0.0
PD_48P_2_bbduk_adapt_filt	0.0619436722545	0.0184763990678	0.0	0.165866397102	0.0	0.199814674417	0.0	0.00089854828293	0.0	0.0348070822383	0.0164142276502	0.0315108685506	0.0	0.139953284994	0.0324698465549	0.0302510672967	0.0694152709782	0.0543653707561	0.0	0.0178809800787	0.0	0.0316619368766	0.0177149887978	0.0985007973956	0.0126000872849	0.130772906567	0.0	1.57609033141e-05	0.0	0.0338320640862	0.0	0.0154827357407	0.0	0.0480320543327	0.046221292085	0.0438543448615	0.0476456281647	0.0342861894432
PD_4P_1_bbduk_adapt_filt	0.0	0.108054006084	2.6819063312e-05	0.142650597757	0.0	0.0	0.0	0.116314277584	0.153163670575	0.0156889307833	0.0	0.0316782843643	0.0	0.0175776870799	0.0625700934731	0.0	0.0642421157166	5.0408448456e-05	0.0337753719013	0.00012353646061	0.0349301372976	4.39783023621e-05	0.0174165347321	0.0136854949526	7.81203227676e-05	0.045296242329	0.0334031874538	0.0153180048057	0.0328801327797	0.0112536808726	0.0180374887886	0.0175031284327	0.0166957595318	0.0776389469239	0.0	0.0	0.0176314932595	0.0
PD_4P_2_bbduk_adapt_filt	0.0585996533368	0.0181296867989	0.0	0.162845352431	0.0	0.200687050764	0.0	0.000804571899361	0.0	0.034323560267	0.0160383434495	0.0310769338814	0.0	0.14274739572	0.0321631571251	0.0299891779841	0.0681914938327	0.0525928145557	0.0	0.01735981406	0.0	0.0312685729795	0.0166595778086	0.0983411249327	0.0126341867458	0.129557952961	0.0	8.17832611092e-06	0.0	0.0339692764553	0.0	0.0150486667445	0.0	0.0492492439519	0.0478465568002	0.0446624235525	0.0454489225076	0.0341362734792
PD_50P_1_bbduk_adapt_filt	0.0	0.109185394035	0.0	0.142701163723	0.0	0.0	0.0	0.13164441496	0.154103435885	0.0183677434168	0.0	0.0336339214698	0.0	0.0189279389433	0.0666683200021	0.0	0.0670500151439	7.55741367166e-05	0.0352413958671	7.85307216109e-05	0.0360534554708	8.22792673525e-05	0.0150303689449	0.0112778399987	8.92941653406e-05	0.0449941066001	0.03495732926	0.0162882590108	0.032257868181	0.0120683973798	0.0176065905164	0.0154338720543	0.0164849425833	0.0811658099832	0.0	0.0	0.0185889630053	0.0
PD_50P_2_bbduk_adapt_filt	0.060121071399	0.015548552948	0.0	0.160322857064	0.0	0.2093871797	0.0	0.00138209359538	0.0	0.0346161318239	0.0173438816759	0.0299529558154	0.0	0.144098906821	0.0326047473096	0.0289743591629	0.0680174404457	0.0520705801978	0.0	0.0151564292709	0.0	0.0320066350001	0.0186613007687	0.0967291661425	0.0146442431159	0.120720384171	0.0	0.0	0.0	0.0332667997339	0.0	0.0164477760579	0.0	0.0473066999014	0.0518241218863	0.0501740534023	0.0476847311874	0.0363216227809
PD_51P_1_bbduk_adapt_filt	0.0	0.10757875337	0.0	0.136860069537	0.0	0.0	0.0	0.11402331702	0.153145294693	0.0149344121485	0.0	0.0311080651056	0.0	0.0177641797636	0.0625106707857	0.0	0.0641841032214	3.28972438141e-05	0.0346682306459	8.47923458062e-05	0.0346326767754	3.53986477717e-05	0.0173532452747	0.0139541729786	5.12275399255e-05	0.0452669402361	0.0319351798364	0.0152399946544	0.0326089988278	0.0117107968781	0.0172270761627	0.0173297170036	0.0161896198654	0.0781941674398	0.0	0.0	0.0179711937675	0.0
PD_51P_2_bbduk_adapt_filt	0.0616110981269	0.0175420487722	0.0	0.161729132583	0.0	0.206252777714	0.0	0.000882450624213	0.0	0.0346187376164	0.0160657266371	0.030610464477	0.0	0.136670613429	0.0315533120508	0.0291420017768	0.066377317947	0.0525862442368	0.0	0.0179533660187	0.0	0.0308204226599	0.0172443336935	0.098574665801	0.012019261555	0.126773846631	0.0	2.82091525301e-05	0.0	0.0325072959853	0.0	0.0157661335146	0.0	0.0468695787499	0.0465051572669	0.0445119413937	0.0492865602022	0.0339420747012
PD_52P_1_bbduk_adapt_filt	0.0	0.108650063325	0.0	0.13709212859	0.0	0.0	0.0	0.117615496941	0.15392378557	0.0154552677346	0.0	0.0312483455542	0.0	0.0175880659092	0.0614981155285	0.0	0.0636601470305	2.90293015238e-05	0.0337987669646	6.84903672864e-05	0.0360244534178	8.06756944382e-06	0.0174337415734	0.0136776348765	1.78749236182e-05	0.0456210556892	0.0328592986033	0.0155103195727	0.0317403958965	0.0108436194698	0.0171124162301	0.0165011765209	0.0170897056763	0.0777833843213	0.0	0.0	0.0189415321678	0.0
PD_52P_2_bbduk_adapt_filt	0.06062831545	0.0171408098638	0.0	0.16041599612	0.0	0.207407234384	0.0	0.00133966249436	0.0	0.0347365055764	0.0158698843138	0.0308554146703	0.0	0.1378400665	0.0321722064149	0.029209527098	0.0677364488442	0.0533050549231	0.0	0.0171149817808	0.0	0.0301081691643	0.0160003746754	0.0976665920405	0.0130218818559	0.124565236626	0.0	0.0	0.0	0.0332479715206	0.0	0.0151191882224	0.0	0.047576614602	0.0460169961222	0.043762513949	0.0494183419287	0.0349228368947
PD_53P_1_bbduk_adapt_filt	0.0	0.106168569097	0.0	0.134539525471	0.0	0.0	0.0	0.11164805773	0.149336926246	0.0151669572647	0.0	0.0309034201882	0.0	0.0174649170968	0.0625235029472	0.0	0.0634438521341	4.02054844876e-05	0.0336685778399	9.5138850693e-05	0.0362731716149	3.11079920164e-05	0.0169509391299	0.0125205518917	5.40936264658e-05	0.045117864409	0.0320511368771	0.0153765396029	0.0322438908877	0.0103184294288	0.0176616500146	0.0164607810437	0.0156877088382	0.0746807228021	0.0	0.0	0.0181125990216	0.0
PD_53P_2_bbduk_adapt_filt	0.0600240429948	0.0172450911292	0.0	0.161102528742	0.0	0.194674827118	0.0	0.00105695719824	0.0	0.034200765336	0.0160715509008	0.0307141701366	0.0	0.137148670497	0.0311219154051	0.0287537057238	0.066661155073	0.0522039497868	0.0	0.0172736475789	0.0	0.0308280200883	0.0168870937848	0.0963104224961	0.0117653637563	0.125811440226	0.0	1.48493863862e-05	0.0	0.0332235979071	0.0	0.0155359227273	0.0	0.0468487823413	0.0449370783073	0.0431173526893	0.0464692911258	0.0345598615344
PD_54P_1_bbduk_adapt_filt	0.0	0.111799712508	0.0	0.137612397667	0.0	0.0	0.0	0.109265806717	0.153976219176	0.0157082033534	0.0	0.0314570842771	0.0	0.0179771240029	0.0621000077226	0.0	0.0632362040309	5.87011892274e-05	0.034843510737	0.000147394991742	0.0356246899837	2.6784382241e-05	0.0172786110295	0.0133094497893	0.000106448817191	0.0445924578599	0.0328710498677	0.0155952568735	0.0314327337092	0.0108615840654	0.0179089042178	0.016568888762	0.0169204505078	0.0772375832896	0.0	0.0	0.0183044847126	0.0
PD_54P_2_bbduk_adapt_filt	0.0620214884684	0.0178083846232	0.0	0.165532724091	0.0	0.193145192802	0.0	0.00106566131389	0.0	0.0341686582594	0.0157498700778	0.0309974070889	0.0	0.139293041885	0.0322331558907	0.0292804067161	0.0681146462912	0.053246870395	0.0	0.0180990884687	0.0	0.031230589693	0.0173172779979	0.0973000145256	0.0116384040129	0.128167295353	0.0	1.32219218936e-05	0.0	0.0329353566886	0.0	0.0156613232259	0.0	0.0481495110245	0.0459101717617	0.045676970502	0.0478345813563	0.0343351082106
PD_55P_1_bbduk_adapt_filt	0.0	0.109073220654	0.0	0.137547289135	0.0	0.0	0.0	0.112941979959	0.161069345705	0.0168308786668	0.0	0.0324805540044	0.0	0.01848209838	0.0645506378437	0.0	0.0652080714653	5.24254970776e-05	0.0353804765886	9.09557361235e-05	0.0384520755059	2.75868111428e-05	0.0182809824121	0.0132843541305	6.48260660661e-05	0.0468863095971	0.0341430788147	0.0158750978932	0.0324948440118	0.0106898382687	0.0194020828332	0.0177287608034	0.0169441886576	0.0800263065284	8.30156393993e-06	0.0	0.0193970388158	0.0
PD_55P_2_bbduk_adapt_filt	0.0621064826994	0.017125707854	0.0	0.161662555465	0.0	0.208087667118	0.0	0.00128958643479	0.0	0.0358804200641	0.0165404194886	0.0319281109463	0.0	0.141558302857	0.0333308118779	0.0308995081807	0.0705995360736	0.0545120318613	0.0	0.0178487256299	0.0	0.032248982226	0.0182753574945	0.100788567312	0.012063541567	0.134817812246	0.0	0.0	0.0	0.0343631463418	0.0	0.0166295330703	0.0	0.0501448292225	0.0475762629398	0.0454264306173	0.0510093878573	0.0349362390128
PD_56P_1_bbduk_adapt_filt	0.0	0.109118759266	0.0	0.134624043029	0.0	0.0	0.0	0.113345596451	0.153219241428	0.0153419940241	0.0	0.0310375682432	0.0	0.0176321555491	0.0624304342761	0.0	0.0631699786795	7.41344535662e-05	0.0343147087159	0.000128848521261	0.0354538766184	4.82957103847e-05	0.01793806365	0.0141264503287	9.90213542733e-05	0.0460651879051	0.0331434437047	0.016588184274	0.0319335306412	0.0114447306682	0.0176491097125	0.0167972674681	0.0170131629693	0.0797013858158	0.0	0.0	0.0183386803369	0.0
PD_56P_2_bbduk_adapt_filt	0.0615560213892	0.0189269979055	0.0	0.165149597578	0.0	0.204013417972	0.0	0.00111080704171	0.0	0.0345274215709	0.0165675365629	0.0314704895038	0.0	0.140684428778	0.0320278644449	0.0290192835482	0.0676773022592	0.0514433800187	0.0	0.0170908359987	0.0	0.0309865277828	0.0173582407577	0.0981295991733	0.0123069397454	0.127607719492	0.0	1.18911715226e-05	0.0	0.0336782345907	0.0	0.0157391718796	0.0	0.048537708715	0.0468718710747	0.0444994725947	0.0494682049425	0.0341888053759
PD_57P_1_bbduk_adapt_filt	0.0	0.109834205417	0.0	0.140358047464	0.0	0.0	0.0	0.117362989573	0.155178996843	0.0158003517311	0.0	0.031389374617	0.0	0.0179027491045	0.0630055424035	0.0	0.0636370427493	5.88530784506e-05	0.0336603790092	0.000133309635959	0.0351065683585	4.56314526043e-05	0.0178397890315	0.0136416037728	5.67260535503e-05	0.0467461664833	0.0324633637452	0.0153822012246	0.0318797497193	0.0114939651719	0.0177705210061	0.0169601216433	0.0164517996853	0.0806693739196	0.0	0.0	0.0181305032424	0.0
PD_57P_2_bbduk_adapt_filt	0.0603163164886	0.0176818873586	0.0	0.162750802622	0.0	0.208633364345	0.0	0.000623813544283	0.0	0.0336408469436	0.0159631834817	0.0316090614711	0.0	0.138137162794	0.0324146363916	0.0297456870835	0.0676899046898	0.0521709904665	0.0	0.0173254916162	0.0	0.0309431950271	0.0174774265225	0.0965980391858	0.01342138427	0.128822431728	0.0	1.93649197121e-05	0.0	0.0343826262299	0.0	0.0155904763791	0.0	0.0480241938101	0.0465837338577	0.0446270373522	0.0475251063493	0.033046566607
PD_58P_1_bbduk_adapt_filt	0.0	0.109441689001	0.0	0.137094215403	0.0	0.0	0.0	0.120165156986	0.149920833284	0.0151731880988	0.0	0.03067785323	0.0	0.0171078938708	0.0638000856037	0.0	0.0648566706441	3.24083486499e-05	0.0342672530969	0.000101261288102	0.0347305300798	5.92930853056e-06	0.0170958504908	0.0144899344453	3.25972462238e-05	0.0454654552985	0.031706617985	0.0158392136081	0.0317885443835	0.0117673371512	0.016892567352	0.0167990066408	0.0168930533446	0.0786164596266	0.0	0.0	0.0179934444502	0.0
PD_58P_2_bbduk_adapt_filt	0.0607576636445	0.0180974750257	0.0	0.162851310418	0.0	0.217117770682	0.0	0.0012203462356	0.0	0.0344656292486	0.0165904922502	0.0308285660445	0.0	0.139051127649	0.0321798448004	0.0289142996485	0.0683542354978	0.0522638635894	0.0	0.0167531175538	0.0	0.0315617093082	0.0171080661753	0.0983650902295	0.0130649762865	0.126724157249	0.0	0.0	0.0	0.0340076043671	0.0	0.0157538484128	0.0	0.0464957601314	0.0466127087527	0.0445491957609	0.0511772308934	0.0355107138131
PD_59P_1_bbduk_adapt_filt	0.0	0.111839423723	0.0	0.146761343872	0.0	0.0	0.0	0.125540354047	0.154762137771	0.0164138489445	0.0	0.0303049308022	0.0	0.0183194932049	0.0660652571449	0.0	0.0657550047633	4.32453813572e-05	0.0350891475604	9.05078531401e-05	0.0361759781893	2.39480308572e-05	0.0174373218515	0.0141965627947	5.30337375005e-05	0.0473590474401	0.0343343400036	0.0164324782024	0.0323254045178	0.0117703553989	0.0177682733049	0.0167459042947	0.0164532712308	0.0819231416144	0.0	0.0	0.0179842567685	0.0
PD_59P_2_bbduk_adapt_filt	0.0604008432081	0.0180618780713	0.0	0.171141445452	0.0	0.212587618136	0.0	0.00113315965086	0.0	0.0356320740905	0.0168113407667	0.0329554074853	0.0	0.145050044614	0.0343031142868	0.030840047899	0.0697388677082	0.0536170653194	0.0	0.0178375893897	0.0	0.0327928369205	0.0171076938392	0.101558714383	0.0130021046439	0.132106333766	0.0	0.0	0.0	0.0346091642691	0.0	0.0158502753529	0.0	0.0501920785322	0.0476795149689	0.0466534154426	0.0499822201098	0.0354297439485
PD_5P_1_bbduk_adapt_filt	0.0	0.11142523024	0.0	0.145319358158	0.0	0.0	0.0	0.11771005234	0.165436277805	0.016065560665	0.0	0.0321088499352	0.0	0.0177870086662	0.063841210704	0.0	0.066561916623	7.42266129357e-05	0.0351726078569	0.000136797416646	0.0367339504295	2.50863881133e-05	0.0178878837612	0.0135155006357	8.30475804503e-05	0.0469452014939	0.0344710574148	0.0168357424368	0.0331467627108	0.0110902448324	0.0193211121828	0.0166019506641	0.016623662892	0.0828513875185	0.0	0.0	0.0184186867055	0.0
PD_5P_2_bbduk_adapt_filt	0.0624091067896	0.0174822343997	0.0	0.168921746829	0.0	0.208743916553	0.0	0.000850783777694	0.0	0.0352772478717	0.0168065196115	0.0326746688476	0.0	0.145512048606	0.0332613426514	0.0313588085791	0.0695388572633	0.0544023975424	0.0	0.0178669321567	0.0	0.0315461330524	0.0175905065827	0.100661417735	0.0123740894871	0.130740016641	0.0	7.77991794676e-06	0.0	0.0353056418059	0.0	0.0163695605373	0.0	0.0494989105698	0.048447106285	0.0475304375683	0.0493700376179	0.0342706191104
PD_60P_1_bbduk_adapt_filt	0.0	0.107931200829	0.0	0.141759268617	0.0	0.0	0.0	0.126351193591	0.157988775753	0.0157549964601	0.0	0.0313393468414	0.0	0.0178698963726	0.0647577633941	0.0	0.0654616891355	6.19154408441e-05	0.0342464169988	0.000128884512066	0.0360353592626	3.39798163289e-05	0.0174467916646	0.0142742652253	7.49676233577e-05	0.0482869346621	0.0328734482605	0.0156650675506	0.0331871386849	0.0126941962789	0.0180769983188	0.0175273961093	0.0170818854298	0.0833310355475	0.0	0.0	0.0181694482537	0.0
PD_60P_2_bbduk_adapt_filt	0.0607361923485	0.0171256148917	0.0	0.167447690954	0.0	0.215812617894	0.0	0.00126948598761	0.0	0.0343283646005	0.0171337199179	0.0325897324807	0.0	0.143288615997	0.0336710319643	0.0299850785178	0.0694464907054	0.0541140952978	0.0	0.0182264180814	0.0	0.0326262869785	0.0165359149914	0.101102340087	0.0135816344316	0.131754072627	0.0	2.10081370817e-05	0.0	0.0330444845582	0.0	0.0154174631179	0.0	0.0485813290878	0.0486538978676	0.0454195166855	0.0500099327007	0.0361993466472
PD_63P_1_bbduk_adapt_filt	0.0	0.105779457611	0.0	0.130523368809	0.0	0.0	0.0	0.106298133925	0.157006371176	0.015392964939	0.0	0.0310831004339	0.0	0.0183926003819	0.0593288932934	0.0	0.0630591488782	4.33300103342e-05	0.0337811896364	8.16927953741e-05	0.0356778383202	1.92451376999e-05	0.0173081338162	0.0117474936814	5.34921586848e-05	0.0434569460147	0.0316435265738	0.0158484487502	0.0312354754859	0.0100110069473	0.0179047201451	0.0164381270527	0.0161278970164	0.0768281481124	0.0	0.0	0.0192103332203	0.0
PD_63P_2_bbduk_adapt_filt	0.0601359420108	0.017268870207	0.0	0.162071092827	0.0	0.189011750764	0.0	0.000884800770326	0.0	0.0340634961635	0.0151095829371	0.0295750419372	0.0	0.132976667612	0.0304354285521	0.0288480547866	0.0661871683714	0.0518412623641	0.0	0.0166590461951	0.0	0.0296503421497	0.0169898979599	0.0949808569849	0.01179502099	0.124035490995	0.0	7.05629953258e-06	0.0	0.0332029273128	0.0	0.0150340208722	0.0	0.0468237737647	0.0448951382041	0.0432667123212	0.0468588501915	0.033513420079
PD_64P_1_bbduk_adapt_filt	0.0	0.11031671602	0.0	0.140338352073	0.0	0.0	0.0	0.120086544209	0.153513154551	0.0159596994662	0.0	0.0314220117384	0.0	0.0174737378161	0.0639325883666	0.0	0.0654294807409	8.38188072081e-05	0.0339229134419	0.000137037348453	0.0358425417956	3.65613468323e-05	0.0179907346903	0.0142914572955	8.81911103714e-05	0.0475284937709	0.0328134859127	0.0157336612277	0.0317639975121	0.0112891042129	0.0183249209864	0.0165942514456	0.0175467058301	0.0797084654476	0.0	0.0	0.0183184635137	0.0
PD_64P_2_bbduk_adapt_filt	0.0595536679585	0.0174032019221	0.0	0.164373464702	0.0	0.214468870746	0.0	0.0012685198332	0.0	0.0340295516651	0.0163888416572	0.0317694623927	0.0	0.141705627937	0.0335786242792	0.0300074611803	0.0686469489111	0.0528198183423	0.0	0.0173401187703	0.0	0.0314636504739	0.0178226983012	0.0992393380314	0.0131581136674	0.130806173609	0.0	0.0	0.0	0.0339632958662	0.0	0.0152039442446	0.0	0.0478480703946	0.0477226106336	0.0451632034386	0.0502475659316	0.0367683854537
PD_65P_1_bbduk_adapt_filt	0.0	0.109927785359	0.0	0.135864888561	0.0	0.0	0.0	0.117923026158	0.15600205437	0.0157190349651	0.0	0.0319255054166	0.0	0.0174790346786	0.0651602390693	0.0	0.0642518811141	3.36864458879e-05	0.0333621477427	9.34843128357e-05	0.0357934655881	1.23430618261e-05	0.0168682941683	0.0136726100769	4.78660527321e-05	0.0462816347227	0.0332191606404	0.0162912929394	0.0321794953606	0.0114673719688	0.0191201114339	0.0171019830489	0.0169701856074	0.0802371078666	0.0	0.0	0.018264346587	0.0
PD_65P_2_bbduk_adapt_filt	0.06184793052	0.0174811197131	0.0	0.17020377023	0.0	0.216765884443	0.0	0.00119251049206	0.0	0.0338726496817	0.0163889561662	0.0308613219027	0.0	0.141143341032	0.0326019487605	0.0292786774601	0.0690055341275	0.0534996904777	0.0	0.0173471828006	0.0	0.0323079643298	0.0175817567615	0.0990110562896	0.0133409526972	0.131172737553	0.0	0.0	0.0	0.0336046046787	0.0	0.0157327216441	0.0	0.0466698416618	0.0487947367035	0.0442480825012	0.0493881672913	0.0347931773419
PD_66P_1_bbduk_adapt_filt	0.0	0.108726065754	0.0	0.144109323505	0.0	0.0	0.0	0.120596578031	0.157382121574	0.0158939757589	0.0	0.0328041316866	0.0	0.0187073889073	0.0643309003395	0.0	0.0654852352941	5.47964872164e-05	0.0343128093455	0.00012919616586	0.0373481541044	2.281119893e-05	0.0174537512885	0.0138514135713	7.58102600595e-05	0.0452887936688	0.0337311836562	0.0155690575831	0.032155653932	0.0112571243913	0.017791585671	0.0178701315633	0.0164636720826	0.0805295527129	0.0	0.0	0.0185164980573	0.0
PD_66P_2_bbduk_adapt_filt	0.0597112856613	0.019012386423	0.0	0.168143849738	0.0	0.208223134324	0.0	0.000717448544264	0.0	0.0350972926717	0.0166088536559	0.0318433412188	0.0	0.142219417352	0.0331205987003	0.0303390236389	0.0688106573989	0.0550293722871	0.0	0.0181089959147	0.0	0.0318064150414	0.0176578887305	0.099120877996	0.0126013498943	0.130033667089	0.0	0.0	0.0	0.0340398917374	0.0	0.0157085133692	0.0	0.04819004336	0.0488103804868	0.0457984092234	0.0480289472687	0.0348960569669
PD_6P_1_bbduk_adapt_filt	0.0	0.109700879355	0.0	0.140768226663	0.0	0.0	0.0	0.118842619302	0.148453115622	0.0143705701223	0.0	0.0306704873637	0.0	0.017418384699	0.0633079063953	0.0	0.0646536529874	5.30401998494e-05	0.0338893403778	6.31945725341e-05	0.0356756535916	2.50242088367e-05	0.0170296679361	0.0137158739805	4.605175296e-05	0.0455898658112	0.0324090923967	0.0149873329206	0.0323569686851	0.0120810677609	0.0168800069986	0.0174344983954	0.0163918054137	0.0789848715599	0.0	0.0	0.0188047276478	0.0
PD_6P_2_bbduk_adapt_filt	0.0596580479362	0.0170087352785	0.0	0.16203825108	0.0	0.215868895066	0.0	0.0010562169659	0.0	0.0338010974566	0.0164618662619	0.0307945707252	0.0	0.139559229275	0.0316686383998	0.0298013949891	0.0667522641101	0.0511989471975	0.0	0.0167544610431	0.0	0.0309299221222	0.0174771377353	0.0986351015366	0.0130142253865	0.125288554336	0.0	1.03076567542e-05	0.0	0.0333513395582	0.0	0.0167550746584	0.0	0.0459299310921	0.044542497728	0.0446735775811	0.0505460409825	0.0347687894584
PD_70P_1_bbduk_adapt_filt	0.0	0.113356456963	0.0	0.136745400745	0.0	0.0	0.0	0.114628658926	0.159351451012	0.0156979487513	0.0	0.0323337760362	0.0	0.0176087177767	0.0636629115997	0.0	0.0640005398008	3.41494482303e-05	0.0343644216243	9.27322986882e-05	0.0369458993713	2.25898324218e-05	0.0173566564795	0.0138171764083	4.1404246552e-05	0.0458263226911	0.0334653107479	0.0156152505328	0.03181006023	0.0113553846639	0.0172231268973	0.0175889892927	0.01626034964	0.080018263614	0.0	0.0	0.0181887752878	0.0
PD_70P_2_bbduk_adapt_filt	0.0635122364625	0.0190504088824	0.0	0.165190531816	0.0	0.208934707007	0.0	0.000717652389407	0.0	0.0346660315253	0.0168895508281	0.0313929670346	0.0	0.140424117796	0.0335171928054	0.0302017802917	0.0694308071703	0.0525764904954	0.0	0.0176048702433	0.0	0.031595645614	0.0182954832269	0.0996919290308	0.0126034526504	0.128236612525	0.0	0.0	0.0	0.0332430125707	0.0	0.0153260156703	0.0	0.0472913570619	0.0475807024438	0.0449051056618	0.0478008300483	0.0331743242112
PD_73P_1_bbduk_adapt_filt	0.0	0.110287881739	0.0	0.139248635104	0.0	0.0	0.0	0.111472976506	0.160876614599	0.0173450020228	0.0	0.0339342895526	0.0	0.0195321301302	0.0628246680503	0.0	0.0627533112262	6.35005907142e-05	0.0332629143428	0.000100300332629	0.0363784288768	5.26054515731e-05	0.0180856509128	0.0120866972334	9.48594704375e-05	0.0435489405332	0.0325688831879	0.0161080473154	0.03301595871	0.00932108915063	0.0172679929799	0.0177361894014	0.016884299574	0.0726688292412	0.0	0.0	0.0184193149076	0.0
PD_73P_2_bbduk_adapt_filt	0.0590325330734	0.017406079388	0.0	0.164283762054	0.0	0.205391736779	0.0	0.00103695792099	0.0	0.0343638587085	0.0160748199004	0.0283949066191	0.0	0.141723584398	0.0293823363739	0.0287702288292	0.0707894583745	0.0544041310944	0.0	0.0176027083764	0.0	0.0310547515786	0.0189118077569	0.0963060654368	0.0118574338047	0.126886219576	0.0	2.07044309967e-05	0.0	0.0323715943208	0.0	0.0168207731743	0.0	0.0476312669078	0.0481710807425	0.0420318611759	0.0443762168957	0.0329313755041
PD_74P_1_bbduk_adapt_filt	0.0	0.109766537393	0.0	0.143429349301	0.0	0.0	0.0	0.120584809482	0.157737386579	0.0154383180127	0.0	0.0318607619702	0.0	0.0183050128916	0.0643374160233	0.0	0.0658314333451	5.04800767477e-05	0.0345049120677	9.97514779942e-05	0.0365244280634	3.7288511217e-05	0.0179302542	0.014099920506	6.89802885376e-05	0.0458886099881	0.034715788188	0.0158314789296	0.0334223212465	0.0117030676581	0.0180636192118	0.0180238518129	0.0166264762125	0.0821676839929	0.0	0.0	0.0189766913596	0.0
PD_74P_2_bbduk_adapt_filt	0.0603729377837	0.0168850946491	0.0	0.16683762042	0.0	0.211426081807	0.0	0.000859019123645	0.0	0.0344153670064	0.0165422426845	0.0322045638191	0.0	0.146063124344	0.0331666275792	0.0305947406049	0.0700693663551	0.0542324291192	0.0	0.017567995595	0.0	0.0324285752551	0.0177248234323	0.101897020988	0.0127613533795	0.129169267021	0.0	7.78724984239e-06	0.0	0.034496833155	0.0	0.0163895647314	0.0	0.0495442205768	0.0472453099342	0.045951053942	0.0504982974674	0.0341304861086
PD_75P_1_bbduk_adapt_filt	0.0	0.108809293809	0.0	0.142597276897	0.0	0.0	0.0	0.12347914641	0.158434408092	0.0158929978485	0.0	0.0320853839895	0.0	0.0181523417664	0.0650664700395	0.0	0.0660241175502	3.94928746297e-05	0.0348260121138	0.000109693279765	0.0359281841142	1.44422184172e-05	0.0175472133427	0.0138760619905	4.75644428836e-05	0.0477018652291	0.0328459177089	0.0163301834283	0.0322864935263	0.0123653786191	0.0179879887938	0.0178055573031	0.0167226033784	0.0824524166668	0.0	0.0	0.0182259830584	0.0
PD_75P_2_bbduk_adapt_filt	0.0600359774192	0.0178562076822	0.0	0.168592886667	0.0	0.213138761663	0.0	0.00100953824352	0.0	0.0353627101233	0.0166173402706	0.0317243046435	0.0	0.141136203262	0.0331005269313	0.0305433206847	0.0700979184758	0.0530126020447	0.0	0.0177908788118	0.0	0.0323577903637	0.0170118746305	0.0989887119885	0.0135717210361	0.130210095749	0.0	8.82235733564e-06	0.0	0.034071579513	0.0	0.0155669074908	0.0	0.0477467654355	0.047924609479	0.0462143374893	0.0493976433766	0.0359828401687
PD_76P_1_bbduk_adapt_filt	0.0	0.111932342522	0.0	0.14041751701	0.0	0.0	0.0	0.116518087416	0.154375587235	0.0151271741126	0.0	0.031428262842	0.0	0.017189869419	0.062188582675	0.0	0.0627314874016	5.63684591978e-05	0.0332568674605	0.000117668524677	0.0351698998744	3.09845927563e-05	0.0175780535331	0.0132268862012	6.78386068664e-05	0.0460879076896	0.0314712667697	0.0160095028505	0.0313385195244	0.0111745839132	0.0184548286683	0.0163771985955	0.0158464770744	0.0791174625496	0.0	0.0	0.0181873239808	0.0
PD_76P_2_bbduk_adapt_filt	0.0608866420598	0.0170040759573	0.0	0.170007286983	0.0	0.203279041907	0.0	0.000970705123549	0.0	0.0334901432191	0.0160427301573	0.0317840291664	0.0	0.137161815768	0.0319821187493	0.0292584624989	0.0677425210323	0.0538036943043	0.0	0.0176429244188	0.0	0.0303803931976	0.0174903625631	0.0988648127611	0.012745178265	0.125515071797	0.0	1.87684675856e-05	0.0	0.0321823982553	0.0	0.0157798869756	0.0	0.0477972368215	0.0463950058781	0.043342038839	0.0498592495988	0.0352243282694
PD_77P_1_bbduk_adapt_filt	0.0	0.110186765258	0.0	0.139727006279	0.0	0.0	0.0	0.117970535454	0.154937492993	0.0161571559367	0.0	0.0321084868478	0.0	0.0176019896222	0.0637812187985	0.0	0.0652714359637	6.99071632872e-05	0.0335413626497	0.000131150774603	0.0352025876741	3.91357156734e-05	0.0169963660344	0.0137512468088	8.77380882698e-05	0.0457079425712	0.0329322298982	0.0153458788205	0.0321446077365	0.0115681021804	0.0170569768253	0.0178443038341	0.0165215668717	0.0791507446742	0.0	0.0	0.0179472685946	0.0
PD_77P_2_bbduk_adapt_filt	0.0628414474575	0.0177098624653	0.0	0.165815728405	0.0	0.212280313798	0.0	0.000975946721878	0.0	0.0335095509363	0.0166364975313	0.0326850862702	0.0	0.141499350189	0.033043108459	0.0299235687451	0.0685828391412	0.0529696562964	0.0	0.0174220688982	0.0	0.0315042511171	0.0176280073224	0.0991727396825	0.0130291061081	0.129451423068	0.0	1.42289094302e-05	0.0	0.0340970979477	0.0	0.0166991234157	0.0	0.0494240274743	0.046287926624	0.0441394079488	0.0492454237137	0.0346168361041
PD_78P_1_bbduk_adapt_filt	0.0	0.108933161411	0.0	0.139926555458	0.0	0.0	0.0	0.110285108806	0.15043794646	0.0153846195535	0.0	0.0303781236144	0.0	0.0172969168109	0.0620345305393	0.0	0.0634939727558	5.02219415214e-05	0.0331727439819	6.77863056298e-05	0.035620420121	7.99359744819e-06	0.0165261858282	0.013059539964	2.65701567719e-05	0.0457752546197	0.0321115297192	0.0157176834159	0.0310954554059	0.0116029090934	0.0177032022292	0.0169746084158	0.016362675847	0.0763106140807	0.0	0.0	0.0187259881631	0.0
PD_78P_2_bbduk_adapt_filt	0.0591138998782	0.0180146990481	0.0	0.159732584805	0.0	0.201135973799	0.0	0.00108155791658	0.0	0.0338719056659	0.0159930881572	0.0313986652812	0.0	0.13695441873	0.0315670949221	0.0303631499373	0.06534611504	0.0517285997671	0.0	0.0171649989478	0.0	0.0305435358495	0.0167739547311	0.0973311787372	0.0122134153961	0.126720535224	0.0	0.0	0.0	0.0338194152908	0.0	0.0149535435459	0.0	0.0463161986416	0.0447653389945	0.0429048628746	0.0466224335912	0.0327958920299
PD_79S_1_bbduk_adapt_filt	0.0	0.108778418362	0.0	0.142485415104	0.0	0.0	0.0	0.11686523499	0.152957723363	0.0153677857135	0.0	0.0318511857582	0.0	0.0175905904624	0.0637681681814	0.0	0.064072122485	5.0096633902e-05	0.0344191667123	9.43592016813e-05	0.0359851709425	2.21834984608e-05	0.01743652122	0.0133448207633	6.73736861289e-05	0.045649012244	0.0328565984178	0.0156834446408	0.0317255943506	0.0105712032856	0.0178633570625	0.0176781522844	0.0173187617203	0.077983142905	0.0	0.0	0.0178836349215	0.0
PD_79S_2_bbduk_adapt_filt	0.0615695389894	0.017151684825	0.0	0.165457699508	0.0	0.20691754405	0.0	0.00114503598276	0.0	0.0350547782813	0.0166107785666	0.0311682168628	0.0	0.140053693001	0.0327057022177	0.0299443338771	0.0673670913483	0.0523810404079	0.0	0.0172100699511	0.0	0.0314118338205	0.0176482544938	0.0990569009316	0.0121517630254	0.128292202445	0.0	0.0	0.0	0.0335756253126	0.0	0.0162687323984	0.0	0.0486518598197	0.0483226943213	0.0446530050945	0.04855112096	0.0334113353017
PD_7P_1_bbduk_adapt_filt	0.0	0.109006680508	0.0	0.137112834202	0.0	0.0	0.0	0.114571416465	0.163495897067	0.016223851401	0.0	0.0331871571921	0.0	0.0184918521162	0.0621923278699	0.0	0.0640632708119	8.22712023172e-05	0.035534028165	0.000159772434892	0.0386977664642	3.25464470346e-05	0.0184913106972	0.012411414659	9.39254509361e-05	0.0438950863915	0.0327063459984	0.016050686378	0.0333426384526	0.00954665066668	0.0186042549535	0.0172997367431	0.0160834324774	0.076210288096	0.0	0.0	0.0193332378215	0.0
PD_7P_2_bbduk_adapt_filt	0.0612120955327	0.0186150304366	0.0	0.166829089163	0.0	0.192760193777	0.0	0.000875669110066	0.0	0.0357139466578	0.016923962907	0.0308578371302	0.0	0.141619835272	0.0325625887741	0.0299308774142	0.0706883110105	0.0553979017318	0.0	0.017630273681	0.0	0.0309126153934	0.0185786923908	0.100279775422	0.0116684310201	0.128601347977	0.0	8.12281699293e-06	0.0	0.0342831617836	0.0	0.0163932845392	0.0	0.0487846258139	0.0473226746837	0.044397005422	0.0492869972371	0.0327219159437
PD_81P_1_bbduk_adapt_filt	0.0	0.133691893968	0.0	0.172109104879	0.0	0.0	0.0	0.141375336151	0.133691893968	0.0380506946234	0.0	0.0429993198289	0.0	0.0349821021803	0.0650195058518	0.0	0.061054656463	0.0	0.0361426542157	0.0	0.0219131900548	0.0	0.0160581473969	0.0126946513202	0.0	0.0432771861343	0.0356866710284	0.0161615474256	0.0340770652831	0.0238879314758	0.0162330727498	0.0085599582274	0.01456564393	0.107212392037	0.0	0.0	0.0129126673266	0.0
PD_81P_2_bbduk_adapt_filt	0.0583941605839	0.018440261237	0.0	0.159815597388	0.0	0.278140606992	0.0	0.00153668843642	0.0	0.0416179472443	0.016281572092	0.0250177860823	0.0	0.148877318581	0.0408455870094	0.0292275574113	0.059381926149	0.052000335486	0.0	0.0210409372475	0.0	0.0286977953341	0.0152129817444	0.105788761002	0.0177984201783	0.13662013662	0.0	0.0	0.0	0.0332724759841	0.0	0.0205438997458	0.0	0.040311859406	0.0506681323211	0.0490255104674	0.0559548917488	0.0452186645421
PD_82P_1_bbduk_adapt_filt	0.0	0.110087971174	0.0	0.144505962662	0.0	0.0	0.0	0.123287505139	0.16032335827	0.0157377922789	0.0	0.0319794254475	0.0	0.0183590077421	0.0654536500549	0.0	0.0673249930405	7.41617074353e-05	0.035003698701	0.000153765813483	0.0356800160524	4.33757056143e-05	0.0166823373749	0.0140471953033	0.000114701515956	0.0474386770996	0.0343094868359	0.016265383068	0.0325457363	0.0123378237136	0.0181779627543	0.0176021423285	0.0171664829048	0.0840600204983	0.0	0.0	0.0185623901461	0.0
PD_82P_2_bbduk_adapt_filt	0.0645922914722	0.0188761602638	0.0	0.17062946621	0.0	0.21565668646	0.0	0.00115737041034	0.0	0.0357215901831	0.0168597473697	0.0335080364655	0.0	0.148083092869	0.0336839119678	0.0311777973896	0.0688346230719	0.0539212660522	0.0	0.0175825293648	0.0	0.03293455362	0.0174776433138	0.100732660076	0.012934282711	0.131241666802	0.0	0.0	0.0	0.0347862536134	0.0	0.0159516714474	0.0	0.0508811065523	0.0484445121945	0.0465027152213	0.0480523876978	0.035606965299
PD_83P_1_bbduk_adapt_filt	0.0	0.0969740504624	0.0	0.120319655203	0.0	0.0	0.0	0.10415731346	0.167010864685	0.0183201500097	0.0	0.028748850046	0.0	0.0201623791607	0.0621310966139	0.0	0.0751846608622	0.0	0.0347446457368	0.0	0.0338997749213	0.0	0.0170226193244	0.014535877967	0.0	0.0437616811779	0.0302094838898	0.0176059782077	0.0298943058948	0.0110358454771	0.0163617027079	0.0136013556018	0.0135585227105	0.0788490465331	0.0	0.0	0.014994956242	0.0
PD_83P_2_bbduk_adapt_filt	0.0574661039777	0.0161623417437	0.0	0.175989943432	0.0	0.210110442669	0.0	0.0	0.0	0.0337665509983	0.0190434442045	0.0309050137994	0.0	0.133935804425	0.0317880029187	0.030163391092	0.0550131664845	0.0479131768665	0.0	0.0169504584329	0.0	0.035963228609	0.0166074334872	0.0790922771735	0.0132326475881	0.128094087615	0.0	0.0	0.0	0.0346840857853	0.0	0.0113344630015	0.0	0.0491290213014	0.0560520465295	0.0465448633482	0.0347610349246	0.0472283930102
PD_84P_1_bbduk_adapt_filt	0.0	0.110550198525	0.0	0.140158820193	0.0	0.0	0.0	0.12178105502	0.153516732842	0.0155815404254	0.0	0.0308599715445	0.0	0.0172294772654	0.0652076549342	0.0	0.0642512201565	5.9993238762e-05	0.0340335441617	0.000127455607531	0.0345525514068	4.82584124926e-05	0.016685917338	0.0143645666567	0.000111150596037	0.0475616008812	0.0335133729553	0.0162027451361	0.0313958164262	0.0120734180692	0.0177670110552	0.0168381722305	0.0170803668118	0.0815309175367	0.0	0.0	0.0188263730277	0.0
PD_84P_2_bbduk_adapt_filt	0.061089052751	0.0164208735111	0.0	0.162422007941	0.0	0.21511627907	0.0	0.000794100964265	0.0	0.0336086904368	0.0163679445813	0.0323308461544	0.0	0.142165977753	0.0330047881	0.0301119834936	0.0677104494684	0.0522241143423	0.0	0.0176334833018	0.0	0.032533064079	0.0178391556854	0.0992522793454	0.013298374883	0.130825742434	0.0	9.31192249203e-06	0.0	0.034623682933	0.0	0.0156740807146	0.0	0.0482111748648	0.0488753474991	0.0450778157456	0.0489768802073	0.0350032599867
PD_8P_1_bbduk_adapt_filt	0.0	0.110653709783	0.0	0.139914924244	0.0	0.0	0.0	0.122055339771	0.158442572974	0.0153281541699	0.0	0.0318513497818	0.0	0.0172016185257	0.0645061105373	0.0	0.0661523663255	5.5577161177e-05	0.0348081582731	9.66584871033e-05	0.0362762973989	4.09183656611e-05	0.0176946764551	0.0140602420048	6.82076169378e-05	0.0469185908058	0.0333203227167	0.0164178734801	0.0318487560245	0.0124525278209	0.0175280602297	0.0173488289308	0.0170084001602	0.0821139118863	0.0	0.0	0.0179695957206	0.0
PD_8P_2_bbduk_adapt_filt	0.0583665472613	0.0175923587701	0.0	0.167238752359	0.0	0.221730526929	0.0	0.000979827577069	0.0	0.0347958011373	0.0166857774259	0.0321412724447	0.0	0.143276786738	0.0326052657213	0.0296428102342	0.0679186810604	0.0517747570664	0.0	0.0173163679646	0.0	0.0327346925289	0.0175044111169	0.100442032546	0.0132493295902	0.130007536772	0.0	1.93000080095e-05	0.0	0.0340735551861	0.0	0.0161694809891	0.0	0.0489573992045	0.0492869020479	0.0472874936289	0.0507870761956	0.0368150660787
PD_9P_1_bbduk_adapt_filt	0.0	0.11293046827	0.0	0.14132722846	0.0	0.0	0.0	0.124209445686	0.157038070183	0.0160910096245	0.0	0.0308762107129	0.0	0.0180878101762	0.0645864136191	0.0	0.0658643631285	3.92325562737e-05	0.0346924209799	0.000112779599852	0.0370224493686	2.71041316888e-05	0.0176399670967	0.0142275115058	3.59704811843e-05	0.047795454865	0.0333144523411	0.0162772545563	0.0317804435778	0.0121521439645	0.0179864453232	0.0182530869555	0.0174430202327	0.0813777716987	9.00098677818e-06	0.0	0.0192429727587	0.0
PD_9P_2_bbduk_adapt_filt	0.0620695493169	0.0184074787358	0.0	0.169419151422	0.0	0.223680177912	0.0	0.00126624694489	0.0	0.0349686255805	0.0165537939165	0.0317681797011	0.0	0.141986721203	0.0330071561841	0.0301489481973	0.0683976078642	0.0517428376555	0.0	0.0169835824686	0.0	0.0322484958833	0.0168902824817	0.0998124444844	0.0138246549352	0.131975681931	0.0	6.73170163617e-06	0.0	0.0332080562642	0.0	0.0158975923571	0.0	0.0491265938024	0.047759235845	0.0454766965667	0.049441005471	0.0358295340426
PD_Extr_neg_plate1_1_bbduk_adapt_filt	0.0	0.117143500788	0.0	0.153187654877	0.0	0.0	0.0	0.112637981527	0.094615904483	0.0408592704577	0.0	0.0327171601505	0.0	0.015984015984	0.0679024920215	0.0	0.0763109124605	0.0	0.0492894109915	0.0	0.0288866268673	0.0	0.012456919819	0.0180390197874	0.0	0.0474489226303	0.0335918035999	0.0224555100208	0.036594978043	0.018363138119	0.0127485976543	0.0199007803949	0.0114051094891	0.0700380206398	0.0	0.0	0.0100992613112	0.0
PD_Extr_neg_plate1_2_bbduk_adapt_filt	0.0765938274386	0.0135165577833	0.0	0.225275963055	0.0	0.283847713449	0.0	0.0	0.0	0.0469881610264	0.019139442803	0.0302004555235	0.0	0.135864135864	0.0420995450533	0.0312784736105	0.0803989970566	0.0532903366856	0.0	0.0109777015437	0.0	0.0372475444211	0.0207615330316	0.0832570144035	0.0153011545417	0.139555654795	0.0	0.0	0.0	0.0395513744103	0.0	0.0127933588253	0.0	0.0428804207999	0.0630471850865	0.0790559284759	0.0274122807018	0.0542220936958
PD_Extr_neg_plate2_1_bbduk_adapt_filt	0.0	0.113408862093	0.0	0.140025227686	0.0	0.0	0.0	0.141182460972	0.187471792439	0.0365316772306	0.0	0.0303730931586	0.0	0.0184857022655	0.0594196357544	0.0	0.067923081173	0.000325487987866	0.0325695767584	0.00032572441109	0.0296424662532	0.000325760487859	0.0140092526227	0.0133597487064	0.000325882571474	0.0560558211689	0.0361785067077	0.0218398972547	0.0371640564894	0.0172797162214	0.0159767847536	0.0176077578477	0.0123913716922	0.10533009408	0.0	0.0	0.0127207789031	0.0
PD_Extr_neg_plate2_2_bbduk_adapt_filt	0.0624905974795	0.0196729658732	0.0	0.181685626005	0.0	0.263849189358	0.0	0.0	0.0	0.0317318948208	0.0175966068888	0.0275837274604	0.0	0.149797932151	0.0451329473763	0.0308649997401	0.0718229710011	0.0494741741556	0.0	0.0166119449656	0.0	0.0296442043952	0.0205251840751	0.0941699360035	0.0202047194314	0.130362374811	0.0	0.0	0.0	0.0361895943505	0.0	0.0163034794886	0.0	0.0443495132967	0.05381183469	0.0587103297564	0.0443596392518	0.0358794125562
PD_Extr_neg_plate3_1_bbduk_adapt_filt	0.0	0.117251621981	0.0	0.0781677479872	0.0	0.0	0.0	0.140701946377	0.140701946377	0.0180531484691	0.0	0.0400114318377	0.0	0.0214073824888	0.0566893424036	0.0	0.0728239875883	0.0	0.0353334189901	0.0	0.038841236446	0.0	0.0195816063444	0.0131053010943	0.0	0.0562094960984	0.036495139511	0.026622296173	0.0366886798746	0.0100287490807	0.0167582785896	0.0201721355568	0.0202149523264	0.101180438449	0.0	0.0	0.0101667344449	0.0
PD_Extr_neg_plate3_2_bbduk_adapt_filt	0.0625341983897	0.0156335495974	0.0	0.234503243962	0.0	0.273587117955	0.0	0.00781677479872	0.0	0.0451328711727	0.0157113304878	0.0142897970849	0.0	0.143735282425	0.0314940791131	0.0283965419322	0.0918215495678	0.0829849031311	0.0	0.0225791884395	0.0	0.025998505086	0.00979080317222	0.0950134329336	0.0164619892668	0.125644755985	0.0	0.0	0.0	0.0401149963228	0.0	0.0100860677784	0.0	0.0202360876897	0.057473207343	0.0575549311034	0.0711671411143	0.0423944378498
PD_Extr_pos_plate1_1_bbduk_adapt_filt	0.0	0.130216471863	0.0	0.143758984937	0.0	0.0	0.0	0.132299935413	0.122924349439	0.0282125373871	0.0	0.02889643152	0.0	0.0187798652023	0.0707901955579	0.0	0.0653497143284	0.0	0.0325643614691	0.000234853146328	0.0343859516901	0.0	0.018268566914	0.0150171266754	0.0	0.0465046793828	0.0320170757737	0.0136786208042	0.0337268958454	0.0171389396709	0.0208134289246	0.0146969017411	0.0140974673259	0.0931775887193	0.0	0.0	0.0169263381882	0.0
PD_Extr_pos_plate1_2_bbduk_adapt_filt	0.0614621747193	0.0250015625977	0.0	0.154176302686	0.0	0.264599870825	0.0	0.00416692709961	0.0	0.0370289553206	0.0177710946311	0.0295844417943	0.0	0.149543371055	0.0314364355274	0.0291391593003	0.070250942903	0.0511982494407	0.0	0.0162048670966	0.0	0.035683058818	0.0166077881036	0.0862888866112	0.0153319119373	0.119996530221	0.0	0.0	0.0	0.0345262697719	0.0	0.0157104811715	0.0	0.0442593546417	0.0472096475538	0.0446569785833	0.0443308857311	0.0351960147282
PD_Extr_pos_plate2_1_bbduk_adapt_filt	0.0	0.103097274457	0.0	0.130686685931	0.0	0.0	0.0	0.164084394558	0.143755354524	0.0334058748934	0.0	0.0305168512564	0.0	0.0144891617257	0.0756758434946	0.0	0.0633324526367	0.0	0.0400812520916	0.0	0.0315452499085	0.0	0.0179333037044	0.0144327162372	0.0	0.055060918463	0.0382956108541	0.0156413134011	0.0328635926166	0.0191792832428	0.0152716593245	0.0141054776271	0.020777306477	0.108245481928	0.0	0.0	0.0129637995718	0.0
PD_Extr_pos_plate2_2_bbduk_adapt_filt	0.0551788229486	0.0217811143218	0.0	0.171344765998	0.0	0.248304703269	0.0	0.00145207428812	0.0	0.036649163718	0.0175793910938	0.0364713588186	0.0	0.167387947305	0.0345392311334	0.0256316652038	0.0637209952909	0.046666277781	0.0	0.0155704426288	0.0	0.0350704916883	0.0152043227059	0.103759527543	0.0187349973654	0.128084973446	0.0	0.0	0.0	0.0364014967669	0.0	0.0125382023352	0.0	0.0552993222892	0.0529752468254	0.0553646804751	0.0514623558759	0.0324177767299
PD_Extr_pos_plate3_1_bbduk_adapt_filt	0.0	0.108213200946	1.77456872656e-05	0.13855832617	0.0	0.0	0.0	0.115488932725	0.153446957786	0.0154409548005	0.0	0.030698671218	0.0	0.0182554103553	0.0642038400045	0.0	0.0633984580739	6.84000019152e-05	0.0342318529641	0.00012456085886	0.0357867647182	5.26430317754e-05	0.0175520789715	0.0138487417526	8.35229303853e-05	0.0464998076789	0.0328031014297	0.016544207763	0.0318713996764	0.0109983697018	0.0179056014611	0.0178230124362	0.0164817450535	0.0802663154061	0.0	0.0	0.0182386915794	0.0
PD_Extr_pos_plate3_2_bbduk_adapt_filt	0.0591996127181	0.0174972476439	0.0	0.166933680108	0.0	0.205282110289	0.0	0.000922775737812	0.0	0.0346196855561	0.0161802852332	0.0316290415893	0.0	0.141871226826	0.0324755291355	0.0298257261742	0.0701969036034	0.0537048015037	0.0	0.0174605015685	0.0	0.0312774813077	0.0167417477995	0.0980121720159	0.0129380996449	0.129969873026	0.0	4.29273683523e-06	0.0	0.0348860248265	0.0	0.0164746414816	0.0	0.0483694302895	0.0474516718002	0.0447228160244	0.0478780545118	0.0361746130438
PD_Lib_neg_plate1_1_bbduk_adapt_filt	0.0	0.102513227513	0.0	0.138888888889	0.0	0.0	0.0	0.119047619048	0.162037037037	0.0313290218632	0.0	0.0284350924585	0.0	0.0142066979845	0.059879661197	0.0	0.0726786441072	0.0	0.0321499551849	0.00097655296335	0.0274058413593	0.0	0.0186798277523	0.0108402152275	0.0	0.0495834986117	0.0368060322103	0.0099828295332	0.0430723615674	0.0190916398714	0.0201753235618	0.0141800871062	0.0122008255892	0.098878695209	0.0	0.0	0.0103121487424	0.0
PD_Lib_neg_plate1_2_bbduk_adapt_filt	0.0562169312169	0.0198412698413	0.0	0.185185185185	0.0	0.248015873016	0.0	0.00661375661376	0.0	0.037296454599	0.0175586752398	0.0337666722944	0.0	0.148696772238	0.0376662384949	0.0222559825049	0.0484524294048	0.0485941706433	0.0	0.0185545063036	0.0	0.0264853888938	0.0245787207267	0.0867217218204	0.0177879674283	0.112058706862	0.0	0.0	0.0	0.0301446945338	0.0	0.0222829940241	0.0	0.045871559633	0.0430023856085	0.0554881933455	0.038154950347	0.0413287182931
PD_Lib_neg_plate2_1_bbduk_adapt_filt	0.0	0.135265700483	0.0	0.173913043478	0.0	0.0	0.0	0.0966183574879	0.212560386473	0.064220386651	0.0	0.0344570148739	0.0	0.0240261885455	0.0552893475857	0.0	0.0553812073103	0.0	0.0309664633202	0.0	0.018621395984	0.0	0.0248802637308	0.00933764940239	0.0	0.0686320386835	0.021862019426	0.0093761720215	0.0187728794468	0.0156592546195	0.0062739193174	0.00942832898583	0.0252000252	0.138761865716	0.0	0.0	0.0158418351182	0.0
PD_Lib_neg_plate2_2_bbduk_adapt_filt	0.0579710144928	0.0	0.0	0.212560386473	0.0	0.280193236715	0.0	0.0	0.0	0.0354319374626	0.0136084045507	0.0344570148739	0.0	0.135147310569	0.0368595650571	0.0399655681259	0.0769183434866	0.0524739945057	0.0	0.0186029206585	0.0	0.0341646737274	0.0248802637308	0.0747011952191	0.015580692406	0.196537201685	0.0	0.0	0.0	0.031318509239	0.0	0.015713881643	0.0	0.0346904664291	0.0315885902012	0.0506104890239	0.0506938723782	0.0317359568391
PD_Lib_pos_plate1_1_bbduk_adapt_filt	0.0	0.108655145941	0.0	0.135639881313	0.0	0.0	0.0	0.107592390952	0.157541875434	0.0160813390432	0.0	0.0315590372386	0.0	0.0184666561469	0.0609243756802	0.0	0.0635329450682	4.6684033127e-05	0.0349452084575	8.0375134392e-05	0.0369054041235	3.85415510922e-05	0.018484365823	0.0127809614719	5.0068899813e-05	0.0443892365809	0.0328122194482	0.0163811905673	0.0317937047501	0.0103403888871	0.0179583653793	0.0172470687688	0.0169491446148	0.0790711196693	0.0	0.0	0.018647426626	0.0
PD_Lib_pos_plate1_2_bbduk_adapt_filt	0.058312904179	0.0162185652669	0.0	0.16250909984	0.0	0.182077653659	0.0	0.00103965161967	0.0	0.0349769124189	0.0156302830773	0.0326821839945	0.0	0.136212978586	0.0319412044825	0.0292875153434	0.0690799886474	0.0539293950683	0.0	0.017493411603	0.0	0.0298167074637	0.0179044450392	0.0995374763066	0.0113255851377	0.128197172374	0.0	5.25543489486e-06	0.0	0.0336595226214	0.0	0.0161227562117	0.0	0.0499982294402	0.047296294621	0.0450674969341	0.0497997503029	0.0333488059032
PD_Lib_pos_plate2_1_bbduk_adapt_filt	0.0	0.107968072817	0.0	0.132533774209	0.0	0.0	0.0	0.107169384989	0.152355753953	0.0149829748384	0.0	0.0312017632192	0.0	0.0172443357685	0.0588355590718	0.0	0.0635950055309	4.87622626119e-05	0.0336724231175	0.000108172288561	0.0344626893427	2.48840354181e-05	0.0167149098852	0.0128046245994	6.13146912146e-05	0.0448293732676	0.0315173498434	0.0156014976589	0.0308623180411	0.0109327149698	0.016964430612	0.0167813191106	0.0156325138163	0.0767719493583	0.0	0.0	0.0169879866939	0.0
PD_Lib_pos_plate2_2_bbduk_adapt_filt	0.0590544939865	0.0171838896436	0.0	0.161649575957	0.0	0.195218667416	0.0	0.000871295812915	0.0	0.0334127600436	0.0156238697871	0.0303592575084	0.0	0.131420245431	0.030765306758	0.0283910969208	0.0659339868476	0.051658741011	0.0	0.0168502924044	0.0	0.0290745069826	0.017482200978	0.0955110659073	0.0119103787684	0.124656346456	0.0	1.06060487144e-05	0.0	0.0319824340778	0.0	0.0151492491056	0.0	0.0473723122587	0.0451663029796	0.0441835863028	0.047979927962	0.0325857629721
