Sample	1	2	3	4	5	6	7	8	9	12	17	22	27	32	37	42	47	52	57	62	67	72	77	82	87	92	97	102	107	112	117	122	127	132	137	140
PD_100P_2_bbduk_adapt_filt - polyg	1.06456355724	1.1138478154	1.11818082135	1.12386973392	1.12970602765	1.13350846145	1.14167337742	1.14721490884	1.15284486895	1.16991750192	1.18175515628	1.18648314372	1.18946024305	1.19170633185	1.19363407735	1.19489566004	1.19605112829	1.19708279637	1.19798476904	1.198821894	1.19974155241	1.2006847918	1.20125663068	1.20175183136	1.20228829876	1.20263022304	1.20286013764	1.20334354783	1.20376211031	1.20426320624	1.20491168332	1.20541277924	1.20594924665	1.20657414274	1.20719314359	1.20749380115
PD_104P_2_bbduk_adapt_filt - polyg	0.397258299426	0.44366069027	0.445513665104	0.447522679924	0.449219614772	0.450897044622	0.453920319351	0.455812304182	0.457470229034	0.463485570495	0.46856857304	0.47091307383	0.472453968692	0.473460426602	0.474529300506	0.475145658451	0.475648887406	0.476144314361	0.476550018325	0.476983029286	0.477470654243	0.477930972201	0.478235250174	0.478473211153	0.478703370132	0.478867212117	0.479027153103	0.479241708084	0.479421154068	0.479674719045	0.479978997018	0.480252066993	0.480634364959	0.481157098912	0.48174224886	0.482124546826
PD_105P_2_bbduk_adapt_filt - polyg	0.447178562997	0.505788516038	0.508750340681	0.510288211169	0.512708933233	0.51396201289	0.517151670199	0.519401517764	0.522078551577	0.529067318572	0.535634595137	0.539074868377	0.541484198808	0.543785308723	0.545625057492	0.547379369012	0.5489172395	0.550119056807	0.551064562366	0.552061330275	0.552904311135	0.553650463113	0.55436244019	0.554687101738	0.555028850735	0.555387687182	0.555900310678	0.556430021624	0.55699390747	0.557409702083	0.557814105063	0.558355207642	0.559112751253	0.560234827128	0.561299944836	0.56203470518
PD_107P_1_bbduk_adapt_filt - polyg	0.0	0.0	0.00143577079355	0.00143577079355	0.0028715415871	0.00717885396775	0.0143577079355	0.0186650203162	0.0201007911097	0.0318741116168	0.0356071156801	0.0358942698388	0.0361814239975	0.0373300406323	0.0373300406323	0.039627273902	15.2691352353	32.2511450272	34.0467199816	38.8327183448	48.36250341	59.4851325934	63.7746414162	65.8599549168	66.3455325992	66.5517092851	66.6970092894	66.8009590949	66.869876093	66.9132363709	66.9580324197	66.9884707605	67.0094330141	67.03814843	67.0504960588	67.0591106836
PD_107P_2_bbduk_adapt_filt - polyg	70.9888153455	71.0979339258	71.1165989461	71.1295208833	71.2659191087	71.2860198998	71.5056928312	71.5171789975	71.5243578515	71.6222774196	71.6630533102	71.6722422432	71.6751137848	71.6762624015	71.6765495556	71.6765495556	71.6765495556	71.6765495556	71.6765495556	71.6765495556	71.6765495556	71.6765495556	71.6768367098	71.6805697139	71.6814311763	71.6854513345	71.6897586469	71.6911944177	71.6949274218	71.7015319674	71.7095722839	71.718761217	71.7319703083	71.7437436288	71.7563784118	71.7684388864
PD_108S_2_bbduk_adapt_filt - polyg	0.453836851971	0.495533711964	0.496684210609	0.498375094982	0.500362319914	0.501896318108	0.504842291912	0.507073562012	0.509426854695	0.51645884187	0.521862699143	0.524494900589	0.526147435007	0.527308392731	0.528295032478	0.529089922451	0.529811598874	0.530418225433	0.531052742867	0.531617533111	0.532164891558	0.532722709083	0.533200340338	0.533465303663	0.533618703482	0.533915044042	0.534249734557	0.534479834286	0.534730852173	0.535013247295	0.5352712379	0.535591982977	0.536052182435	0.5366065136	0.537296812788	0.537910412065
PD_109S_2_bbduk_adapt_filt - polyg	0.621841009516	0.6632670035	0.665052606689	0.667646430269	0.670390620433	0.672909260721	0.677081933436	0.679750940308	0.682758271995	0.69173515708	0.697937778683	0.700242146588	0.701749571596	0.702753268547	0.703377289872	0.703956201221	0.704550149229	0.704832086575	0.70526814967	0.70564406613	0.705974872616	0.706196663328	0.706425972369	0.706610171435	0.70680188883	0.70694849625	0.707095103669	0.707226674431	0.707425910155	0.707636423373	0.707877009908	0.708095041455	0.708501031233	0.7088656702	0.709260382484	0.709636298945
PD_10P_1_bbduk_adapt_filt - polyg	0.0	0.0	0.00322085179452	0.00392541312457	0.00432801959888	0.00462997445462	0.00496547984988	0.00520033362657	0.0053680863242	0.00602567689891	0.00664300682619	0.00718652556652	0.00764952301198	0.00819975186021	0.00889089297445	0.00950151279383	0.237718992759	0.423407808821	0.44455135883	0.491461723196	0.611203598765	0.730180522033	0.788900676312	0.836810846755	0.84259495977	0.845164931097	0.847339006059	0.848868910661	0.849908977386	0.851257709075	0.852505789146	0.853941752237	0.8554381063	0.857102213061	0.859242737482	0.860470687229
PD_10P_2_bbduk_adapt_filt - polyg	1.66333509809	1.71064135882	1.71426481709	1.7177540732	1.723524766	1.72651076402	1.73439514081	1.73852185717	1.74308473055	1.75680690121	1.76659023854	1.77032776864	1.77297155116	1.77494432288	1.77681644299	1.7786147519	1.77970849949	1.78033924964	1.7811578828	1.78188928456	1.78284211988	1.78349971046	1.78399625844	1.78426466276	1.78468739956	1.78511013636	1.78541209121	1.78570733596	1.78606297168	1.78639176697	1.78708290808	1.78790154124	1.78901541916	1.7903238902	1.79174643307	1.79280663012
PD_110S_1_bbduk_adapt_filt - polyg	0.0	0.0	0.00407795305085	0.00540672426966	0.00575037199867	0.00600238033327	0.00609401972767	0.00623147881927	0.00650639700248	0.0067629873068	0.00702415958084	0.00729449579432	0.00751901231061	0.00773894685717	0.00804135685869	0.00833002095106	0.0617649518263	0.11882880272	0.123099198499	0.137541567057	0.16040559596	0.182275337433	0.199526453429	0.226885394628	0.229130559791	0.230156921008	0.230857962375	0.231261175711	0.231668971016	0.232264627079	0.232846537234	0.233547578601	0.234230292089	0.235073374518	0.235907293007	0.236521276949
PD_110S_2_bbduk_adapt_filt - polyg	0.805372817694	0.849061898974	0.852338007324	0.85437698385	0.857423993714	0.859096412661	0.863311824804	0.86567153921	0.86812289301	0.876439168052	0.882716466568	0.885483976279	0.887358001895	0.888503494325	0.889584839179	0.890354610092	0.890909028428	0.891568832067	0.892109504494	0.892517299799	0.892943422983	0.893195431318	0.893442857683	0.893740685715	0.893960620261	0.894120989201	0.894322595869	0.894551694355	0.894767046932	0.894931997842	0.895083202843	0.895490998148	0.895981268908	0.896663982396	0.897406261491	0.897997335585
PD_111P_2_bbduk_adapt_filt - polyg	0.553116759025	0.59411301155	0.597118332804	0.599091291795	0.601568961226	0.603335447764	0.606386651785	0.608267845242	0.609919624862	0.61695345308	0.622395149274	0.624863642151	0.626859542526	0.6285204987	0.629736392032	0.630658635653	0.631512055124	0.632292062167	0.632828890543	0.633342777536	0.633930076957	0.634421022566	0.634879850239	0.635141382012	0.635361619295	0.635852564904	0.636132449784	0.636357275344	0.636563747796	0.636912456827	0.637279518965	0.637674110763	0.637889759769	0.638279763291	0.638857886158	0.639192830359
PD_112S_1_bbduk_adapt_filt - polyg	0.0	0.0	0.00998416796223	0.01283678738	0.01283678738	0.0171157165067	0.0242472650511	0.0270998844689	0.0299525038867	0.0510618875783	0.0596197458316	0.0599050077734	0.0599050077734	0.0599050077734	0.0599050077734	0.0599050077734	7.06650882173	18.7887777952	20.1603172113	23.7360756515	28.7552595171	35.0198970204	37.5752734949	38.6809487812	38.9505213162	39.0920112393	39.2138180885	39.289697765	39.3496027727	39.397526779	39.4274792829	39.4491591904	39.4788264324	39.5019326497	39.5216157236	39.534452511
PD_112S_2_bbduk_adapt_filt - polyg	64.4848882486	64.7958237652	64.8229236496	64.8286288885	64.9498652137	64.9569967623	65.0825120167	65.0996277332	65.1096119011	65.2137325099	65.2542397056	65.2647943975	65.2687880646	65.2747785654	65.277060661	65.2779164468	65.2787722326	65.2793427565	65.2793427565	65.2796280184	65.2807690662	65.2821953759	65.2821953759	65.2830511617	65.2850479953	65.286474305	65.286474305	65.2876153528	65.2896121864	65.2936058536	65.2967437349	65.2995963544	65.3053015932	65.3152857612	65.3269815008	65.3335425254
PD_113P_2_bbduk_adapt_filt - polyg	0.528228032168	0.569579641181	0.571560332801	0.574101597521	0.576773662631	0.579165441192	0.583108138662	0.586340776872	0.589461300462	0.598213715131	0.605325519193	0.60847967717	0.610531374716	0.61176837269	0.612792352886	0.613584629534	0.614268528716	0.615064542518	0.615595218386	0.61625295749	0.616839690668	0.617516115542	0.6179907341	0.618405558194	0.61870079336	0.618988554218	0.619253892152	0.619575287396	0.619859311101	0.620277872349	0.620771176677	0.621122469153	0.621462550167	0.621937168725	0.622617330753	0.623077000695
PD_114P_1_bbduk_adapt_filt - polyg	0.0	0.0	0.00356190086078	0.00484523278855	0.00526427994865	0.00557856531871	0.00591904113629	0.00612856471633	0.00639046919139	0.00675189736697	0.00709237318454	0.00744856327062	0.00788332469922	0.00832332421731	0.00877903800391	0.00943903728105	0.0511813725156	0.0844118123109	0.0876227611751	0.0960508471824	0.111780829954	0.130433666668	0.139815084964	0.151223643898	0.1526693566	0.153423641488	0.154382211867	0.15518887765	0.15582268648	0.156440781041	0.157132208855	0.157912684191	0.15897601636	0.160039348528	0.161102680697	0.161987917823
PD_114P_2_bbduk_adapt_filt - polyg	0.568227949084	0.613851708639	0.615423135489	0.616915990997	0.618906465007	0.620294558725	0.623620745558	0.625663600464	0.628073121634	0.635375018399	0.641702630516	0.644300722909	0.645903578296	0.646904053391	0.647956909381	0.648983574923	0.649769288348	0.650439763804	0.651063096455	0.651518810241	0.652026904923	0.652754999364	0.653257855956	0.653640236489	0.653959759949	0.654169283529	0.654331664303	0.654499283167	0.654672140121	0.655033568297	0.655473567815	0.655913567333	0.656536899983	0.657249280156	0.658061184028	0.658794516558
PD_115S_2_bbduk_adapt_filt - polyg	0.513341246616	0.570638208584	0.572716205436	0.574363398062	0.576264004939	0.578468708915	0.582447312643	0.584981455145	0.586704672046	0.595097752013	0.600804640927	0.603262759154	0.604712288665	0.605594170256	0.606450710422	0.607185611747	0.607712713387	0.608396931863	0.608792258093	0.609344701159	0.609780573669	0.610322880164	0.61070300154	0.611052713205	0.61121996661	0.611529131995	0.611792682816	0.612025823926	0.612299511316	0.612639086411	0.612917842086	0.613211802617	0.613764245682	0.614276142467	0.614747492973	0.615087068068
PD_116P_2_bbduk_adapt_filt - polyg	0.32915395603	0.371233343103	0.373180711575	0.374787290565	0.376296501131	0.377838167838	0.380175010005	0.381781588994	0.383453080266	0.388973869885	0.393423606844	0.39539694023	0.396516677101	0.397402729756	0.398285536797	0.399048256115	0.39956430876	0.40002843158	0.400417905274	0.400804133354	0.401177378978	0.401450010564	0.401686940395	0.401884922857	0.402043957949	0.402222466725	0.402358782518	0.402508080768	0.402719045686	0.402946238674	0.403215624646	0.403582379042	0.403949133437	0.4044002738	0.405062379081	0.405442115933
PD_117_2_bbduk_adapt_filt - polyg	0.534884555313	0.574759625538	0.575940436273	0.577711652377	0.580232229139	0.58223052423	0.58552316955	0.588384364794	0.591245560038	0.599520318347	0.605892154739	0.608489938357	0.610302028678	0.611396549399	0.612341197987	0.613258597097	0.614398533615	0.615243267449	0.616047127065	0.616628449273	0.617223396221	0.61777746895	0.618218002186	0.618554079088	0.618776616496	0.619085443919	0.619412437661	0.61962135033	0.619916553014	0.620234463596	0.620570540498	0.620820327384	0.621301734838	0.621796767031	0.622409880298	0.622718707721
PD_118_2_bbduk_adapt_filt - polyg	0.929217749777	0.96974265688	0.972332178525	0.975895537369	0.980122876122	0.983265714357	0.989064472228	0.992915555699	0.996987965807	1.01006394348	1.01944376632	1.02299384557	1.02543729163	1.02673426572	1.02758416001	1.02843848082	1.02920869752	1.02977972024	1.03017810818	1.0305720696	1.03096603101	1.03137769855	1.03163443745	1.03189117635	1.03207266419	1.0322364459	1.03238694801	1.03253302359	1.03267467264	1.03296239727	1.03324569536	1.03357325878	1.03387426301	1.03429035709	1.03497204313	1.03543240253
PD_119P_2_bbduk_adapt_filt - polyg	0.643325708195	0.701692454376	0.705521639199	0.70855779758	0.71145800857	0.713859745797	0.718436641266	0.721450141748	0.72473553701	0.734863617578	0.743428303159	0.746922151086	0.748906982983	0.750483972709	0.751820788712	0.752763357284	0.753524662669	0.75434487859	0.754875073412	0.755414331393	0.756044220967	0.756479252616	0.756936942163	0.757208836943	0.757507921201	0.757793410721	0.758042647603	0.758255631847	0.758536589787	0.758885521422	0.759338679389	0.759710268922	0.760213274266	0.761010832288	0.762057627192	0.762868779954
PD_11P_1_bbduk_adapt_filt - polyg	0.0	0.0	0.00407362973839	0.0053046716923	0.00604329686465	0.00642380074131	0.00682668719895	0.00702813042778	0.00718480849464	0.00764141314663	0.008129353412	0.00871577703368	0.0091499991047	0.00964689240246	0.0101661682812	0.010801833581	0.0789433631171	0.133422565223	0.138660089172	0.151176428456	0.170873099719	0.190023636006	0.198318620517	0.20326964743	0.204424588608	0.205149784232	0.205883932888	0.206510645156	0.207271652909	0.208072949308	0.208748903254	0.209474098877	0.210512650635	0.211622826651	0.212898633767	0.213708883199
PD_11P_2_bbduk_adapt_filt - polyg	0.884716278403	0.946492201909	0.949245259369	0.951953551668	0.955288556234	0.95839973499	0.963167224739	0.966815585439	0.970598241624	0.983042956649	0.992725661181	0.996553082529	0.999028595985	1.00081920246	1.00257399681	1.00365731373	1.00465110033	1.00543449066	1.00620445145	1.00698336527	1.00756083586	1.00828603148	1.00869339445	1.00895303239	1.00919924078	1.00956183859	1.00989310079	1.01013035615	1.01038104106	1.01071230326	1.01115995488	1.01164341863	1.01205973463	1.01286103103	1.01372052214	1.01424427454
PD_120S_2_bbduk_adapt_filt - polyg	0.679592189005	0.734577628304	0.739561118752	0.74228951017	0.745686079079	0.748442311226	0.753815571876	0.757351344429	0.760998479896	0.771204891059	0.779384497169	0.782808906806	0.785086278418	0.786940470954	0.788427165869	0.789524090583	0.790721241919	0.791623281531	0.792291459021	0.793215771216	0.794234741889	0.794958600836	0.795404052496	0.795771550116	0.796189161047	0.796528817938	0.796879611121	0.797191427283	0.797458698279	0.797815059607	0.798316192725	0.798867439154	0.799468798895	0.800020045325	0.800771745001	0.801311855139
PD_121S_2_bbduk_adapt_filt - polyg	0.572608221987	0.606482637709	0.609110686145	0.611867718552	0.614640873957	0.617059323437	0.621267425533	0.624185687906	0.627313549234	0.637067962139	0.64478765288	0.648054171979	0.650437150867	0.652252600277	0.653787509547	0.655106370663	0.656467151571	0.657505472548	0.658505098333	0.659353167951	0.660072253597	0.660646232273	0.661233109347	0.661623285863	0.662061831369	0.662471355481	0.662855082799	0.663309751301	0.6637805428	0.664283580292	0.664934949352	0.665467008238	0.666157072489	0.666914853327	0.667779045941	0.668330452423
PD_122S_2_bbduk_adapt_filt - polyg	0.351082588547	0.394086969529	0.395833444628	0.397436092367	0.399490768954	0.401093416693	0.403805589789	0.405716439015	0.407442367349	0.413552975521	0.419355382205	0.421993586943	0.423583906622	0.42486191546	0.426230330067	0.427393277016	0.428457599488	0.4293780946	0.43014243429	0.430882117862	0.431547833076	0.432020408692	0.432468328188	0.43283406062	0.433166918228	0.43344224489	0.433709352847	0.433914820506	0.434202475228	0.434531223482	0.434806550145	0.435201048049	0.435801013613	0.43640508853	0.437206412399	0.437851580848
PD_123P_2_bbduk_adapt_filt - polyg	0.617642381165	0.658452071029	0.660693579714	0.663504360446	0.666510828444	0.669072552655	0.673875785551	0.677113520318	0.680208937073	0.689253246719	0.69594219327	0.699044725926	0.701012272438	0.70237140945	0.703392541184	0.704253565155	0.705025640369	0.70564116577	0.706317176325	0.706925585825	0.707398793214	0.707733240542	0.708035666317	0.708323860291	0.708548011159	0.70879706768	0.709106609355	0.709497983887	0.709828873265	0.710319870405	0.710721918788	0.711269843134	0.71171102897	0.712226931762	0.712913616169	0.713422403061
PD_126P_2_bbduk_adapt_filt - polyg	0.397401278381	0.446030051192	0.448878307885	0.450979765568	0.45308122325	0.454696393204	0.457666221829	0.460167130145	0.462598568786	0.46996930135	0.475856856344	0.478899628129	0.481209494837	0.483161592717	0.484728133899	0.486159209213	0.487367981566	0.488604541788	0.489608378599	0.490417700318	0.491140184942	0.49183835518	0.492425373938	0.492904714698	0.493321532751	0.493696668999	0.494085699181	0.49447125588	0.494842918643	0.495221528375	0.495784232746	0.496621342335	0.497493186762	0.49845881525	0.499810000438	0.500720053186
PD_127S_2_bbduk_adapt_filt - polyg	0.598907946226	0.640630930936	0.643112404596	0.64634687716	0.649649804169	0.652576231727	0.657265361263	0.660482720215	0.663220898047	0.67318101991	0.680769195226	0.684212453849	0.686673391175	0.688617497436	0.690280940468	0.691588420383	0.692806909518	0.693816612593	0.69464833411	0.695565623683	0.696568481314	0.697239334883	0.697650061558	0.698084747288	0.698437287684	0.698731641801	0.699077336752	0.699436722593	0.699741344877	0.700018585382	0.700525148281	0.701110433792	0.701757328305	0.702270736649	0.703023735552	0.703540566618
PD_128S_2_bbduk_adapt_filt - polyg	0.621892888361	0.666520855622	0.668704256804	0.670925302834	0.673899245823	0.676120291853	0.679922421497	0.682595205703	0.685380924452	0.694261344087	0.70104494569	0.703589737412	0.705310106964	0.706616383188	0.707621500629	0.708476038678	0.709259051515	0.709883955992	0.710486273559	0.71093424725	0.711299402275	0.711781256329	0.712146411354	0.712376044927	0.712515330864	0.712669674741	0.712925659707	0.713125177401	0.713313401641	0.713543035214	0.713772668786	0.714058769631	0.714589561987	0.715124118828	0.715741494335	0.716268522206
PD_129P_1_bbduk_adapt_filt - polyg	0.0	0.0	0.00123704982324	0.00181031681449	0.00205169238976	0.00223272407121	0.00235341185884	0.00241375575266	0.00259478743411	0.00303529785897	0.00346977389445	0.00387407798302	0.00461630787696	0.00521974681512	0.00566025723998	0.0064447278596	0.0996398374698	0.191163421221	0.195948692001	0.205090791914	0.215693214058	0.231557623742	0.248278916718	0.272319924015	0.276616409255	0.279319815698	0.281516333433	0.282946483716	0.284503356177	0.285981781575	0.287641238655	0.289463624248	0.290929980868	0.292812710355	0.294556648886	0.295564391913
PD_129P_2_bbduk_adapt_filt - polyg	1.00264396771	1.05586728205	1.05800949028	1.06096634108	1.06500938197	1.06787571692	1.07324632347	1.07689712905	1.08069879436	1.09184431155	1.10013556256	1.10391309031	1.10686390672	1.10875267059	1.11018282088	1.11149831776	1.11294657121	1.11393017668	1.11491378215	1.11599393785	1.11686892431	1.11742408814	1.11797321757	1.11832321215	1.11882406647	1.11939129907	1.11974732805	1.1201154258	1.12077317424	1.1211955815	1.12190160506	1.12284900419	1.12413432913	1.12538948212	1.1268196324	1.12782737543
PD_12P_1_bbduk_adapt_filt - polyg	0.0	0.0	0.00176558192256	0.00256009378771	0.00270722561459	0.00291321017222	0.00314862109523	0.00320747382598	0.00335460565286	0.00364886930662	0.00414323224494	0.0044845780833	0.00482592392166	0.00518492557925	0.00540856595611	0.00577933815985	0.0628606017162	0.13004099387	0.139710497532	0.170737657185	0.237582588773	0.306610956672	0.323572313674	0.332429649653	0.334889693798	0.336396323705	0.337702854328	0.338844597305	0.339839208454	0.3406160645	0.341593019831	0.3427583039	0.344088375615	0.345436103149	0.347013356333	0.34829046059
PD_12P_2_bbduk_adapt_filt - polyg	0.795218097921	0.849450889309	0.850922207578	0.852481804943	0.854835914173	0.856601496095	0.860868319075	0.863075296478	0.865193994785	0.872179813925	0.878088628093	0.881054805723	0.882967519472	0.884274050095	0.885468760529	0.886498683317	0.887204916086	0.88795823104	0.888682119628	0.889494287313	0.890135782078	0.890630145016	0.890989146674	0.891265754508	0.891507050704	0.891795429085	0.89213088965	0.892431038577	0.892807696054	0.893249091535	0.893996521215	0.89456150743	0.895426642572	0.896468335907	0.897733669618	0.898504640391
PD_130S_2_bbduk_adapt_filt - polyg	0.722780514162	0.769220291029	0.77126354031	0.773584267889	0.777090584556	0.779486988034	0.783396909497	0.786600522567	0.789400530841	0.798971009572	0.806417518063	0.809278067056	0.810655368423	0.811558434155	0.812229427128	0.813056816961	0.813702584635	0.81422222581	0.814696461445	0.815200967441	0.815584391997	0.815861870295	0.816083852932	0.816245294851	0.816462232429	0.816578268808	0.816785116266	0.817002053844	0.817123135283	0.817284577201	0.817541875259	0.817778993077	0.817955570175	0.818182597873	0.818601337849	0.818964582166
PD_131P_1_bbduk_adapt_filt - polyg	0.0	0.0	0.00110206443658	0.00161935998845	0.00179928887605	0.00193423554176	0.00209167331841	0.00222661998412	0.00238405776077	0.00285637109074	0.00335117553165	0.00376051375095	0.0041968413034	0.00458818663394	0.00521343951837	0.00605010884573	0.026449546478	0.0460662934492	0.0490306218725	0.0570689449262	0.0766227167868	0.096500360645	0.104255295701	0.111645874759	0.112810914306	0.113481149413	0.11417387563	0.114592210294	0.114997050291	0.115667285397	0.116499456502	0.117394602718	0.118514660043	0.119652710258	0.121015671581	0.121744383576
PD_131P_2_bbduk_adapt_filt - polyg	0.623880926661	0.667333753017	0.669807775222	0.671989412984	0.674710837409	0.67662258184	0.67970386404	0.682020448468	0.684382015118	0.691633149289	0.69738637547	0.700166276783	0.702055530103	0.703279046539	0.704484570086	0.705586634522	0.706504271849	0.70728696251	0.708101140727	0.708622934501	0.709297667829	0.709904927825	0.710341255377	0.710638138042	0.710944017151	0.711227405149	0.711488302036	0.7117851847	0.712037085143	0.712302480252	0.712716316694	0.713296587356	0.714011804684	0.714749513124	0.715842581116	0.71661177711
PD_134S_2_bbduk_adapt_filt - polyg	0.606241027328	0.657194110522	0.659533037642	0.661812751416	0.664743811983	0.667082739103	0.670739163144	0.673226123625	0.676023954167	0.684861545877	0.691659237859	0.694528124414	0.696271957418	0.697432538976	0.698418441167	0.699203017986	0.699801072768	0.700245172854	0.700594531588	0.700887637645	0.70125772105	0.701512338433	0.701838011829	0.702024533865	0.702131117886	0.702264347912	0.70236204993	0.70251304396	0.702669959323	0.702918655372	0.703191036758	0.703575923499	0.704082197597	0.704638803038	0.705198369146	0.705586216554
PD_137P_2_bbduk_adapt_filt - polyg	0.454437558616	0.499060988069	0.501174831532	0.503114137463	0.505480090697	0.507516361924	0.51069682365	0.513276100537	0.51540933706	0.522960994352	0.528425958463	0.530877241159	0.532459714798	0.533375067197	0.534558043814	0.53529885868	0.536020280486	0.536652494219	0.537106291807	0.537521303276	0.537959586416	0.538289268424	0.538681008222	0.538871060203	0.539018447454	0.53928219306	0.539464487818	0.539604117845	0.539867863451	0.540147123505	0.54034493271	0.54072115806	0.541163319812	0.541628753236	0.542171758896	0.542520833964
PD_138S_2_bbduk_adapt_filt - polyg	0.350505985695	0.386742981256	0.387724633612	0.388986758071	0.390585449051	0.391763431879	0.394343775216	0.395914418987	0.397176543445	0.401574346002	0.405355109935	0.406583577741	0.407453041257	0.407952281598	0.40850761636	0.408855401766	0.409135873868	0.40944439318	0.409713646398	0.409865101333	0.410123135667	0.410369951117	0.410470921073	0.410515796609	0.410555062704	0.410611157124	0.410740174291	0.410790659269	0.41084675369	0.411043084161	0.411503058408	0.411850843814	0.412120097032	0.412580071279	0.41327003265	0.413696350245
PD_13P_1_bbduk_adapt_filt - polyg	0.0	0.0	0.000721274997814	0.00105937265304	0.00117207187145	0.00132985077722	0.00144254999563	0.00153270937035	0.00171302811981	0.00193842655662	0.00229455608679	0.00269125733559	0.00323672155269	0.00370104233253	0.00405266389397	0.00479197076672	0.0453366415813	0.0872427189543	0.0913539864418	0.102010824535	0.119177169482	0.137822128176	0.151521845166	0.163035197318	0.164513811064	0.165681374967	0.166772303401	0.167480054492	0.168138217928	0.168796381363	0.16952216433	0.170437281983	0.17148313073	0.172479391821	0.173543272443	0.174413310409
PD_13P_2_bbduk_adapt_filt - polyg	0.710027615816	0.761080361755	0.764326099246	0.767211199237	0.770502016414	0.772778540626	0.77733158905	0.779923671073	0.782605912471	0.791788644787	0.798126848831	0.801020964759	0.803292981003	0.804902325841	0.806304304118	0.80758456724	0.808558288487	0.809148832391	0.80975740817	0.810429095512	0.810947511917	0.811574119571	0.811916725195	0.812232283007	0.812511777068	0.812777747224	0.813052733317	0.813431402691	0.813904739408	0.814355536281	0.814842396905	0.815414908935	0.815996436902	0.816776315493	0.817686925178	0.818218865489
PD_140S_2_bbduk_adapt_filt - polyg	0.476803032152	0.514748002613	0.517533218001	0.519744162174	0.522127387712	0.524625467493	0.528171592239	0.53028203895	0.532378128881	0.539487606509	0.545132692542	0.547759983346	0.549433983935	0.550527970597	0.551515717085	0.552302468648	0.552868125794	0.553356256326	0.553881714487	0.554395687223	0.554892431823	0.555328877946	0.555750967288	0.555949090857	0.556221869684	0.556394151048	0.556569303768	0.556819111746	0.55697703633	0.557278528717	0.557557050256	0.55797052553	0.558415585721	0.55888361676	0.559420560345	0.559842649687
PD_141P_2_bbduk_adapt_filt - polyg	0.487084513299	0.523070050831	0.525111567355	0.527046437493	0.529316481986	0.531403704103	0.534831623639	0.537101668132	0.539234595844	0.546742501388	0.552068726587	0.554582534247	0.556176135952	0.557230411649	0.558080535694	0.55885143671	0.559421233113	0.560094628861	0.560691848621	0.561225080548	0.561642524972	0.562020357881	0.562364673354	0.562611483561	0.562797352976	0.563013692786	0.563169091805	0.56328487931	0.563458560566	0.563607865506	0.563796781961	0.564083203682	0.564555494818	0.564918092529	0.565399524784	0.565835251445
PD_142S_2_bbduk_adapt_filt - polyg	0.519992611956	0.553858191894	0.555395510984	0.557734909598	0.560096588199	0.561723027235	0.565265545137	0.567894583579	0.570300822154	0.577434873928	0.582831086731	0.585041261422	0.586493916561	0.587411852017	0.587933203708	0.588329787473	0.588597147315	0.588793211199	0.588989275083	0.589292282903	0.589573010737	0.589893842547	0.590170114383	0.590294882309	0.590384002257	0.590504314185	0.590593434132	0.590713746061	0.590860793974	0.591016753882	0.591150433802	0.591431161636	0.591671785494	0.591961425322	0.5923357291	0.592536248982
PD_145P_2_bbduk_adapt_filt - polyg	0.625175016637	0.665486377729	0.667817458279	0.670311862943	0.673548649948	0.676325159902	0.680527043949	0.683719288014	0.686629426789	0.696369483097	0.703974447794	0.706881617039	0.708963257122	0.710234215689	0.711151800262	0.712125805893	0.71293351788	0.713551179987	0.714145085859	0.714753839379	0.715335867134	0.715953529241	0.716348476646	0.716678094405	0.717046316046	0.717381872864	0.717577861802	0.717871845209	0.718251944967	0.718587501785	0.718958692956	0.719401152831	0.719903003293	0.720378127991	0.721037363509	0.721595635029
PD_146S_2_bbduk_adapt_filt - polyg	0.559189056657	0.608088296484	0.609693053534	0.612100189109	0.61469072549	0.616960310461	0.62175165651	0.624869470208	0.627895583502	0.636923488164	0.643246230942	0.645859692423	0.647409429231	0.648514419086	0.649197587087	0.649844074927	0.650265896781	0.650811514178	0.651247091091	0.651668912944	0.652090734798	0.652407101187	0.652682202396	0.652851848141	0.653030663927	0.653250744894	0.653502921002	0.653626716546	0.653823872412	0.653966008036	0.654273204386	0.654612495876	0.654883012065	0.655217718535	0.655859621355	0.656208082886
PD_147_2_bbduk_adapt_filt - polyg	0.608950851028	0.646568667941	0.649414883718	0.652121774247	0.655326254947	0.657893820229	0.662212902911	0.664800371799	0.667367937081	0.676436020353	0.68312761297	0.685822561335	0.687605924508	0.688565278357	0.689321615417	0.690062029591	0.690694964288	0.691200515901	0.691542857939	0.691956852961	0.692223561293	0.692494250346	0.692820669498	0.693055532058	0.693218741634	0.693397874096	0.69346952708	0.693604871607	0.693803907675	0.693923329316	0.694170134041	0.694305478567	0.694500533914	0.694735396475	0.695014046971	0.695173275825
PD_148P_2_bbduk_adapt_filt - polyg	0.948019387619	0.991776614509	0.994410450544	0.998692453914	1.00402476	1.00819365384	1.0148671157	1.01942381363	1.0237219755	1.03727249635	1.04691589111	1.05084563911	1.05318215869	1.05464935078	1.05582892152	1.05657544437	1.05741891825	1.05814928259	1.05892165905	1.05960031619	1.06028220503	1.06083482584	1.06124848352	1.06158134869	1.06188512855	1.06216305481	1.06241835916	1.0625993344	1.06277384623	1.06315841861	1.0635817714	1.06401805099	1.06446079398	1.06502634159	1.06579225465	1.06613804662
PD_149S_2_bbduk_adapt_filt - polyg	0.896069010606	0.938083024935	0.940313654049	0.944475961982	0.948868231679	0.952938554906	0.959193514894	0.963769754003	0.968254008406	0.982180492849	0.993255451416	0.997477549408	0.999892147933	1.00198020075	1.00372791016	1.00536523792	1.00669901615	1.00776143951	1.00859390109	1.0094815535	1.01032781279	1.01095790803	1.0116064002	1.01200653367	1.01236527403	1.01286199144	1.01323452949	1.01373584614	1.01411298343	1.01449471996	1.01510641826	1.01580550202	1.01642179955	1.01711628408	1.01804073037	1.01884559654
PD_14P_1_bbduk_adapt_filt - polyg	0.0	0.0	0.00164266348254	0.00235070808709	0.00260560414472	0.0029454655549	0.00334197053345	0.0035685448069	0.00373847551199	0.00405001513799	0.00442386268919	0.0046900874605	0.00505260629803	0.00540946077872	0.00571533604788	0.00619114202214	0.0091309432202	0.0137587227555	0.0158432060713	0.0229009946894	0.0705042495421	0.183853694194	0.209547216804	0.217194098533	0.219018021434	0.220077256163	0.221142155248	0.22185586421	0.222473279105	0.223260624705	0.22409328516	0.224857973333	0.225803920924	0.227152037851	0.228568127061	0.229463095441
PD_14P_2_bbduk_adapt_filt - polyg	0.683687870148	0.746335656758	0.749337765881	0.751008751148	0.753359459235	0.754832192013	0.758145840762	0.759476964618	0.76151613308	0.768500285059	0.774034361688	0.776130173717	0.777676543134	0.778979345206	0.780202846283	0.781058164165	0.781879495906	0.782423274163	0.782984045489	0.783516495032	0.784088595072	0.784632373329	0.784972234739	0.785283774365	0.785566992207	0.785753915982	0.786020140754	0.786207064529	0.786388323948	0.786682870503	0.787039724984	0.787679797307	0.788484135977	0.789271481578	0.790211764813	0.791169041118
PD_150P_2_bbduk_adapt_filt - polyg	0.498977745187	0.539419069228	0.541706572082	0.543756692564	0.546497379946	0.54843959935	0.551957174494	0.554395738857	0.55629479783	0.563321316031	0.568725002018	0.570883023578	0.572445431188	0.573334536071	0.574176164479	0.57490989181	0.575423500941	0.575898265684	0.576316921867	0.576718313877	0.577072229413	0.577361404302	0.577452041208	0.577598786674	0.577844801132	0.578060603288	0.578164188323	0.578259141271	0.578401570694	0.578582844505	0.578772750403	0.579066241335	0.579592798596	0.580002822692	0.580637281031	0.581025724912
PD_151S_2_bbduk_adapt_filt - polyg	0.430238163512	0.466126484915	0.468745422408	0.470254640624	0.472451884792	0.474183046863	0.477046122596	0.47886606221	0.480486252354	0.48711793475	0.492191571283	0.494197943735	0.495534045744	0.496448454427	0.497420568514	0.498090838957	0.498823253679	0.499386991072	0.499844195414	0.500372421789	0.500869576025	0.501251319456	0.501606429625	0.501855006743	0.502147972632	0.502392110872	0.502689515639	0.502907020617	0.503115647841	0.50351514678	0.504043373156	0.504642621565	0.505410547305	0.506409294654	0.507456869651	0.508140456725
PD_152P_2_bbduk_adapt_filt - polyg	0.935223641846	0.97883025208	0.981304897178	0.985076929028	0.989617782656	0.993509942908	1.00004492802	1.00475396141	1.00936689208	1.02357087444	1.03384906058	1.0382025139	1.04054742033	1.04208506388	1.04335842495	1.04434347786	1.04513152018	1.04610696281	1.04674604591	1.04751967283	1.04811550971	1.04863446441	1.04895160339	1.04931679373	1.04966276353	1.04991743575	1.05015769255	1.05050846749	1.05085443729	1.05134936631	1.05170975152	1.05210857782	1.05255545548	1.05315129235	1.05375193437	1.05448712019
PD_153S_2_bbduk_adapt_filt - polyg	0.441528005161	0.48530977374	0.487437023513	0.489349899277	0.491394697508	0.493109689573	0.496506693086	0.499029710259	0.501420804965	0.508376417012	0.514230476464	0.517261395133	0.518844464731	0.519929527018	0.521083848601	0.522106247716	0.523115454585	0.523976248679	0.524467659867	0.525038224535	0.525612087264	0.526215632548	0.526578419331	0.526931311929	0.527251223911	0.527515068844	0.527811894393	0.52814170056	0.528418737739	0.528761736152	0.529190484169	0.529833606193	0.530532795266	0.531271561078	0.532115864864	0.532768881073
PD_156P_1_bbduk_adapt_filt - polyg	0.0	0.0	0.0050530405029	0.0064426266412	0.00720058271663	0.00742796953926	0.00757956075435	0.00775641717195	0.00798380399458	0.00821119081721	0.0083678350728	0.00847900196386	0.00862048709795	0.00880744959655	0.00894388169013	0.00912579114824	0.0495753803739	0.0830164024221	0.0858612642253	0.0969981654936	0.116214878526	0.138241082078	0.159398162664	0.192480418836	0.195148424222	0.196861404952	0.19784674785	0.198564279602	0.198938204599	0.199322235677	0.199913441416	0.200514753236	0.201217125866	0.2017578012	0.202743144098	0.203435410647
PD_156P_2_bbduk_adapt_filt - polyg	0.663388422423	0.710053251467	0.711518633213	0.713160871377	0.715737922033	0.717430690602	0.720487780106	0.722155283472	0.72405017366	0.730502906383	0.735313400941	0.737349776264	0.738481657337	0.739285090777	0.739734811381	0.740149160703	0.740497820497	0.740987965426	0.741382102585	0.741781292785	0.742195642106	0.742594832306	0.74293843906	0.743105189397	0.743276992774	0.743398265746	0.743484167435	0.743595334326	0.743817668108	0.743974312363	0.744232017429	0.744792904925	0.745176936003	0.745621603567	0.746278498833	0.746940447139
PD_157S_2_bbduk_adapt_filt - polyg	0.32143970321	0.361712317832	0.362985685072	0.364278057792	0.365589435993	0.366634737458	0.368668323945	0.370188762439	0.371481135159	0.376441565748	0.380736804494	0.382405485742	0.383359560897	0.384382055785	0.385225899149	0.38584167674	0.38645745433	0.386974403418	0.387362115234	0.387806843494	0.388167947636	0.388620278088	0.388791327419	0.389004188808	0.38919424362	0.389319679796	0.389509734607	0.389684585034	0.389825225595	0.389939258482	0.390239545085	0.390684273344	0.391212625721	0.39196144168	0.392774876274	0.393356443998
PD_158P_2_bbduk_adapt_filt - polyg	0.388566684534	0.421208741864	0.422692471742	0.424312636552	0.426120399393	0.427587074905	0.429974686204	0.431509579182	0.433487885687	0.438696289192	0.443096315728	0.44505074612	0.446039899372	0.446858508961	0.447581614097	0.448256967007	0.448795884986	0.449143794061	0.449409842177	0.4496622468	0.449924884043	0.450132947313	0.450351243204	0.450508143375	0.450647989179	0.450781013237	0.450886750309	0.450965200395	0.451115278819	0.451350629076	0.45154163798	0.451923655788	0.452254510496	0.452639939177	0.453281183355	0.453663201163
PD_159S_2_bbduk_adapt_filt - polyg	0.386836696598	0.42678234338	0.430056020589	0.43190488492	0.433651976902	0.435076789781	0.437519326145	0.439266418127	0.441081358342	0.447055395198	0.452174544327	0.454165889946	0.455566955943	0.456269185148	0.457110503229	0.457795770375	0.458321594176	0.458711721512	0.459057747496	0.459410558304	0.459797293229	0.46013653439	0.460452028671	0.460672535426	0.460896434592	0.461069447585	0.461228890931	0.461347625337	0.461534207976	0.461686866499	0.461985398721	0.462331424706	0.46263334934	0.463013299441	0.46353573083	0.463844440287
PD_15P_2_bbduk_adapt_filt - polyg	0.650651254706	0.711704743544	0.713515096243	0.715666529884	0.718237755457	0.720284241116	0.724482160417	0.728260287788	0.731303779282	0.740271584389	0.748100703886	0.750761135243	0.752734157315	0.754502530821	0.755908833787	0.757063261594	0.758175710209	0.758989057074	0.759466570394	0.759954578513	0.760358628246	0.760878120759	0.761371376277	0.761618004036	0.76201680637	0.762336897717	0.762536298883	0.762693720857	0.762961338213	0.763328656152	0.763800922073	0.764567042345	0.765348904815	0.766345910649	0.767579049444	0.76832418012
PD_160P_2_bbduk_adapt_filt - polyg	0.434233065489	0.474745814475	0.476595159245	0.478911161107	0.481140744989	0.483439463254	0.486930749643	0.489609707021	0.491908425286	0.499008526516	0.504577301142	0.507086879279	0.508521417746	0.509655221642	0.510578165668	0.511431975309	0.511940113031	0.51246207763	0.512959845194	0.513419588847	0.513858592185	0.514280311927	0.514577589778	0.514861040752	0.515051160308	0.515220539549	0.515479793489	0.515701023517	0.515911883388	0.516146940294	0.516561746597	0.517139018703	0.517781968474	0.518328130107	0.519064411296	0.519665880436
PD_161S_1_bbduk_adapt_filt - polyg	0.0	0.0	0.00703016526747	0.00937355368996	0.0117169421124	0.0134744834293	0.0181612602743	0.0199188015912	0.0234338842249	0.0371427064965	0.0415951444992	0.0425324998682	0.0435870246583	0.0445243800273	0.0448758882907	0.0474536155554	8.07930026422	15.6111849929	16.1820344127	17.5619386852	19.3324858079	21.4188045204	22.9563016644	24.2564135612	24.4473997176	24.5468765562	24.6095621965	24.6427211426	24.6750599029	24.7031805639	24.7200529606	24.7392687456	24.7542664315	24.763288477	24.7751225885	24.7813325678
PD_161S_2_bbduk_adapt_filt - polya	0.0	0.00117169421124	0.00410092973936	0.0052726239506	0.00937355368996	0.0128886363237	0.0140603305349	0.0152320247462	0.0181612602743	0.0261287809108	0.0420638221837	0.0636229956706	0.0814327476815	0.0959617559009	0.113771507912	0.135682189662	0.16462303668	0.187822582063	0.215240226606	0.237736755462	0.260233284317	0.277340019802	0.294212416444	0.312490846139	0.32819154857	0.353031465848	0.367560474067	0.383847023604	0.40739807725	0.430597622632	0.457663758912	0.482152167927	0.506640576942	0.528199750429	0.544251961123	0.55538305613
PD_161S_2_bbduk_adapt_filt - polyg	49.9112441635	52.37121616	52.4696384738	52.4924865109	52.5996965312	52.6301605807	52.8223184313	52.8498532453	52.8850040716	53.0627500835	53.1983151037	53.238738554	53.2668592151	53.2897072522	53.3015413637	53.3099775621	53.3178279133	53.3226318595	53.324975248	53.3277873141	53.3318882438	53.3337629545	53.3341144628	53.3357548347	53.3386840702	53.3424334917	53.3436051859	53.3461829132	53.3489949793	53.353095909	53.3570796693	53.362000785	53.3663360536	53.3716086776	53.3786388428	53.3841458056
PD_162P_2_bbduk_adapt_filt - polyg	0.84855498765	0.888244182582	0.890462706811	0.893739609572	0.897830649665	0.901107552426	0.906480858817	0.910286950844	0.914052336004	0.926309173537	0.934991948182	0.938435749096	0.940475163112	0.941566107137	0.942343608289	0.943039695708	0.943479329867	0.943800914113	0.944207982779	0.944513284279	0.944826727152	0.945140170024	0.945396623284	0.945539097317	0.94565714723	0.945856610877	0.94603572109	0.946170053749	0.946398012202	0.946715525762	0.946927201468	0.947411613181	0.94785124734	0.948380436606	0.948950332738	0.949385896211
PD_163S_2_bbduk_adapt_filt - polyg	0.62490200483	0.663632811189	0.66579605998	0.668063144713	0.670935939108	0.673410695725	0.676923811762	0.679588934273	0.682496340648	0.691443537649	0.697722150941	0.700234980737	0.701837515441	0.702858568871	0.703568114474	0.704111522571	0.704502637952	0.704911059324	0.7053125583	0.705727902067	0.706105172657	0.706337072927	0.706579356792	0.70679741227	0.706939321391	0.707081230511	0.707250829217	0.707385815941	0.707583104231	0.707821926897	0.708136895921	0.708739144385	0.709286013679	0.709981714491	0.710625497331	0.711033918703
PD_164P_1_bbduk_adapt_filt - polyg	0.0	0.0	0.00166472232302	0.00231500448044	0.00257511734342	0.0027051737749	0.00291326406528	0.00304332049676	0.00314736564195	0.00359996202352	0.00401614260428	0.00436469384066	0.00479127893593	0.00514503242957	0.00551959495225	0.00586814618863	0.0723373871923	0.122175011738	0.126810222956	0.135976600247	0.150948696639	0.167642740185	0.18640728212	0.214416235204	0.217022566091	0.218141051402	0.219181502854	0.220039875302	0.220893045492	0.22165777731	0.222380891069	0.22338492672	0.22414445628	0.225028840014	0.226147325324	0.226948472942
PD_164P_2_bbduk_adapt_filt - polyg	1.11908357036	1.16616399856	1.1691292852	1.17295294428	1.17825924669	1.18192683806	1.18824758063	1.19256545415	1.1962590568	1.21033116269	1.22039753049	1.22435644826	1.2267494866	1.22843501795	1.2296835597	1.23060956149	1.23160839488	1.23210781158	1.23263844182	1.23335115106	1.2341262874	1.23482338987	1.23525517722	1.23557771717	1.23588985261	1.23623840384	1.23644129188	1.23660776411	1.23682105666	1.23712278758	1.23764821556	1.23827248643	1.23879271216	1.23935455594	1.24011928776	1.24066032251
PD_165S_2_bbduk_adapt_filt - polyg	0.503285475104	0.540284499081	0.542275406527	0.544584859165	0.547133220696	0.549092273623	0.552548488949	0.555399468412	0.558234520615	0.566867095301	0.572979977523	0.575840513342	0.577640293673	0.578809354526	0.579987971734	0.580911752789	0.581673075796	0.58239617338	0.583026892859	0.58366079779	0.584186397356	0.584657844239	0.584938164007	0.585279007362	0.585466949025	0.585629407073	0.585871501418	0.586078555793	0.586298351975	0.586543631772	0.586741129791	0.587117013116	0.587515194606	0.5880057542	0.588744779044	0.589181185956
PD_166_2_bbduk_adapt_filt - polyg	0.433024408163	0.475801437913	0.478124070524	0.480063356006	0.48225068963	0.484167425281	0.48721165249	0.489150937972	0.491428470921	0.498364798992	0.504133045808	0.506834515583	0.508552812719	0.509887762725	0.510798775905	0.511818028274	0.512756101251	0.513585935039	0.514154190785	0.514821665788	0.515268152445	0.51559737998	0.516007786908	0.516300934713	0.516598592485	0.516864680493	0.517103708703	0.517378816643	0.517595295023	0.517933542491	0.518141000937	0.518434148743	0.518700236751	0.51906103405	0.519728509053	0.520156955845
PD_167P_2_bbduk_adapt_filt - polyg	0.612135730305	0.658558253729	0.660989715123	0.663339446722	0.666036529949	0.668733613176	0.672534048632	0.675558051039	0.678520756099	0.688185304329	0.695017915171	0.697886630967	0.699500794414	0.700469292482	0.701380579693	0.7020548505	0.702725034817	0.703387046154	0.703877424923	0.704429101038	0.704894960868	0.705356734208	0.705679566897	0.705843026487	0.705998313097	0.706120907789	0.706398789091	0.706590854109	0.706746140719	0.70688099488	0.707134357244	0.707469449403	0.707743244215	0.70813554723	0.708625925999	0.708985537096
PD_169P_2_bbduk_adapt_filt - polyg	0.571412326075	0.620911816235	0.623880706049	0.626453743887	0.62908076154	0.631239954132	0.635360413327	0.637969437708	0.64092033425	0.650071712184	0.658089514007	0.66161619524	0.664120858646	0.666172091608	0.667690723731	0.668921463508	0.670227775026	0.671138234569	0.671767999074	0.672660465346	0.673488155839	0.674074736493	0.674553357517	0.674924018912	0.675481810332	0.675830879801	0.676147561381	0.676507426813	0.676957258603	0.677277538837	0.677669792158	0.678195195689	0.678706204602	0.679415139503	0.680318401737	0.68093737028
PD_16P_1_bbduk_adapt_filt - polyg	0.0	0.0	0.00130398348654	0.00199029058471	0.00242495174689	0.0025850900698	0.00279098219925	0.00288248981234	0.00292824361889	0.00329427407125	0.00368775680754	0.00394855350484	0.00435118700244	0.00475839588069	0.00510612481044	0.00563686896636	0.0115802884366	0.0227304910916	0.0259012298852	0.0349787851038	0.0776167574232	0.155938123467	0.177465289447	0.186991231969	0.189036427122	0.190148244621	0.190985539281	0.19174962785	0.192481688755	0.193195448137	0.193991564371	0.194970695831	0.195977279575	0.196974712557	0.198274120663	0.199417965827
PD_16P_2_bbduk_adapt_filt - polyg	0.59468510057	0.639226431242	0.640507537825	0.641880152022	0.644030580929	0.645426072029	0.648445823261	0.64990994507	0.651808728042	0.657157348027	0.661737304062	0.66388773297	0.665274073308	0.666440795375	0.667502283687	0.66843108596	0.669254654478	0.669803700156	0.670435102686	0.671002449888	0.671455412572	0.67185804607	0.672237802664	0.672686189968	0.672969863569	0.673166604937	0.673267263312	0.673450278538	0.673706499854	0.674031351881	0.674566671417	0.675266704658	0.67598503942	0.676913841693	0.67772825945	0.678323058935
PD_170S_2_bbduk_adapt_filt - polyg	0.721218949223	0.774285874955	0.776354256956	0.779456829959	0.782753313774	0.78568352161	0.790832930968	0.794818875451	0.798072267974	0.808715817025	0.817144473682	0.820315992751	0.822298192169	0.823573694404	0.824396738075	0.82515083568	0.825814441572	0.826413410527	0.827064089032	0.827637203211	0.828137062195	0.828572284241	0.8287877407	0.828981651513	0.829227271875	0.82936085488	0.82951598353	0.829696966955	0.829843477347	0.830058933805	0.830438137172	0.830920759639	0.831528346852	0.832135934065	0.832846940378	0.833601037983
PD_171P_2_bbduk_adapt_filt - polyg	0.337082195256	0.386302397013	0.388056464678	0.389721943068	0.391351985746	0.392592235611	0.395055017484	0.396578753032	0.398226513565	0.403081205891	0.407386644706	0.409229301647	0.410515617935	0.411475925687	0.412298034169	0.412861461964	0.413403628333	0.413896184708	0.414293064665	0.414569463206	0.414927363881	0.415186044567	0.415377397403	0.415590011665	0.41574238522	0.415951455912	0.416089655182	0.416192418742	0.416348335868	0.416553862989	0.416851522956	0.417057050076	0.417347622902	0.417776394998	0.418137839244	0.418407150643
PD_172S_1_bbduk_adapt_filt - polyg	0.0	0.0	0.00477952865535	0.00599667570423	0.0062935408381	0.00662009248536	0.00703570367279	0.00721382275311	0.00757006091376	0.00825285072166	0.00883470638406	0.0092443802688	0.00968967796961	0.0101646621838	0.0106871448194	0.011191815547	0.0885489321316	0.154518302181	0.162397102834	0.192083616221	0.244907798142	0.314688916511	0.370784552207	0.459143490653	0.465716084717	0.468465055857	0.470988409495	0.472817098719	0.474129242611	0.475114834855	0.475963869138	0.47709789395	0.478220044156	0.47911657686	0.480060607986	0.480743397794
PD_172S_2_bbduk_adapt_filt - polyg	1.12618757186	1.21245657976	1.21441588965	1.21661269164	1.22038287884	1.22293591899	1.22851698351	1.23154500787	1.23469177829	1.24406677922	1.25208213783	1.25548421227	1.25748508327	1.25882691367	1.25990750276	1.26126120777	1.26250804133	1.26341051134	1.26412298766	1.26461578378	1.2653104482	1.26581511893	1.26616541978	1.26647415952	1.26691351992	1.26722225966	1.2677566169	1.26821972651	1.26870658533	1.2690865727	1.26976936251	1.27030965705	1.27075495475	1.27155055331	1.27208491055	1.27236396378
PD_173P_2_bbduk_adapt_filt - polyg	0.506141456493	0.543405883778	0.545689441416	0.547932582103	0.550519266861	0.552519905853	0.556339307565	0.558905783847	0.561249966909	0.569600108641	0.576163821212	0.57905363309	0.580941104624	0.582493115478	0.583697540568	0.584578630063	0.585572887017	0.586502476852	0.587448233466	0.588183821944	0.588830493133	0.589469080933	0.589954084325	0.590370378903	0.590693714497	0.591081717211	0.591376760941	0.591619262637	0.591857722638	0.592278058911	0.592544810777	0.592932813491	0.593248065695	0.593632026714	0.5942019057	0.594614158583
PD_174S_2_bbduk_adapt_filt - polyg	1.28662417246	1.33143555225	1.33494413556	1.34042244984	1.34631112475	1.35109182599	1.35845779913	1.36407973963	1.36912717527	1.38710097046	1.40031047885	1.4051691486	1.40805808737	1.4094040702	1.41042176454	1.41136969758	1.41214117554	1.41276492369	1.41319580234	1.41368002787	1.41404524882	1.41431198323	1.41458282124	1.414824934	1.41491110973	1.41511218644	1.41525581266	1.41537071363	1.41559641197	1.41578107425	1.41604370505	1.416273507	1.41648279091	1.41685621908	1.41729120133	1.41761128262
PD_175P_1_bbduk_adapt_filt - polyg	0.0	0.0	0.00316209342631	0.00426631652756	0.00479333209861	0.00504429189435	0.00519486777179	0.00534544364924	0.00544582756753	0.00596280474675	0.00635430202811	0.00667553056665	0.0069967591052	0.00736316040698	0.00776469608016	0.00821140451657	0.0118854559262	0.0189374261865	0.0215423888662	0.0293974304728	0.0809596301053	0.180866724789	0.208301649659	0.219715301169	0.221276271099	0.222214860735	0.223233757506	0.224021771264	0.224719439496	0.225361896573	0.22589393134	0.226697002687	0.227705861066	0.229056024767	0.23039113088	0.231209259814
PD_175P_2_bbduk_adapt_filt - polyg	1.13278232601	1.17956123193	1.18360168464	1.18741627354	1.19236018151	1.19552227494	1.20162059798	1.20538499491	1.20962621546	1.22336375468	1.23343226168	1.23720167782	1.23942518161	1.24086067164	1.24187956841	1.24302394508	1.24424862888	1.24490614355	1.24527756404	1.24562890776	1.24611576976	1.24658757418	1.24695899468	1.24719991608	1.24744585668	1.24771187406	1.24797287225	1.24833927355	1.24864042531	1.24895161545	1.24931801676	1.24971955243	1.25036200951	1.25099442819	1.25198822898	1.25261562847
PD_176S_2_bbduk_adapt_filt - polyg	0.522560365212	0.552547745923	0.554507203215	0.5565819227	0.559290584251	0.561326883005	0.564861590276	0.567262885977	0.569817864603	0.577578852307	0.583480276622	0.586135149148	0.58773729364	0.588790021675	0.589773592394	0.590469007629	0.591156738718	0.591832943587	0.592347781385	0.592751199063	0.593081617351	0.59341203564	0.593723243563	0.594034451485	0.594230397215	0.594407132578	0.594626130746	0.594929654523	0.595240862446	0.595694227074	0.595924751461	0.596209064872	0.596700850232	0.597100425836	0.597615263634	0.59794183985
PD_177P_2_bbduk_adapt_filt - polyg	0.417608288953	0.459515152969	0.461444902775	0.46332249718	0.465095780785	0.466582209689	0.469502912097	0.471276195702	0.473101634707	0.479042134783	0.484283752498	0.486536865784	0.488268425069	0.489431490492	0.490328563374	0.491335162597	0.491945380779	0.49250344356	0.493035428642	0.493358792123	0.493760388704	0.494161985285	0.494396684586	0.494725263606	0.495085135867	0.495215524368	0.495340697328	0.495564965549	0.495810095929	0.49607087293	0.496362943171	0.496696737732	0.497082687693	0.497531224134	0.497932820715	0.498318770676
PD_178S_2_bbduk_adapt_filt - polyg	0.565759808682	0.604233689997	0.606171223588	0.60871118359	0.611739597439	0.614019048723	0.618089497444	0.620792275395	0.623511335141	0.632674729303	0.640092715053	0.643192768799	0.645032611621	0.646257002596	0.6474553427	0.648425737675	0.649304954599	0.649878073779	0.650457705677	0.651017799421	0.651616969473	0.652212883166	0.652538519063	0.652828335012	0.653118150961	0.653362377885	0.653554503064	0.653736859167	0.654003880603	0.654339285578	0.654664921475	0.655062197271	0.655524600245	0.656091206707	0.656768529375	0.657279777734
PD_179P_2_bbduk_adapt_filt - polyg	0.526912013852	0.565581370325	0.56710336788	0.569156294814	0.571757848773	0.574058542751	0.577810443699	0.580128835323	0.582464924593	0.589320992647	0.595069188062	0.597561016616	0.598952051591	0.599882947769	0.600608551255	0.601118243459	0.601574842725	0.602080995401	0.602473883141	0.602863231353	0.603241960977	0.603599453426	0.603822443765	0.603918011054	0.604094987513	0.604236568681	0.604395847495	0.604579903013	0.60472856324	0.605043581338	0.60534444132	0.605666538477	0.606013412338	0.606370904787	0.606816885466	0.607029257217
PD_180S_2_bbduk_adapt_filt - polyg	0.899246253158	0.940345448027	0.944352103205	0.948358758383	0.95281977652	0.955566607131	0.961287449834	0.965273452151	0.969465983084	0.982155101339	0.991151487915	0.994464206938	0.996566668264	0.997752142528	0.998462600972	0.998892180496	0.99932176002	0.999780253551	1.00018091907	1.00068897947	1.00119290929	1.00166379454	1.0018496703	1.00220903009	1.00241968928	1.00267991534	1.00282861594	1.00308471143	1.00323341203	1.0034482018	1.00368364442	1.00397691506	1.00436518886	1.0048525964	1.00535652622	1.00569110258
PD_181P_2_bbduk_adapt_filt - polyg	0.469154904955	0.513255890997	0.514897846238	0.51661706996	0.518973758658	0.520828202223	0.524170064065	0.526121093233	0.528342562088	0.535926463586	0.541663648367	0.544290776751	0.546106586076	0.547319701241	0.548474865046	0.549475491886	0.550279084098	0.551090403158	0.551789682919	0.552581684859	0.553319598861	0.553887522203	0.554312498853	0.554706568111	0.555150861882	0.555371077055	0.555707194951	0.556108991057	0.556271254869	0.556510787163	0.5568855393	0.557248701165	0.557681404664	0.55818751322	0.559033603097	0.559616980135
PD_182S_1_bbduk_adapt_filt - polyg	0.0	0.0	0.00602107375815	0.00936611473491	0.011373139321	0.0160561966884	0.0214082622512	0.0234152868373	0.0274293360094	0.0413447064727	0.0445559458103	0.0450911523666	0.0454925572838	0.0454925572838	0.0460277638401	0.0468305736745	3.97497909349	10.139755812	10.7727713664	12.7203880248	15.7069744104	19.1961197525	20.8222110721	21.8750961699	22.0657635056	22.1661147349	22.2410436528	22.2849305904	22.3252048838	22.3607961198	22.3878240508	22.4088309082	22.4256899147	22.4429503261	22.4580699114	22.4686402408
PD_182S_2_bbduk_adapt_filt - polya	0.00869710653956	0.00869710653956	0.0100351229303	0.013380163907	0.0147181802977	0.0167252048838	0.0207392540559	0.0227462786419	0.026760327814	0.0329152032112	0.0464291687573	0.0631543736411	0.0741261080448	0.0846964375314	0.100083626024	0.116675029269	0.134738250544	0.14959023248	0.161498578358	0.178892791437	0.198160227463	0.21582204382	0.230406422479	0.242180966717	0.253018899482	0.268272286336	0.284729887941	0.300250878073	0.322461950159	0.341863187824	0.367017895969	0.386285331995	0.404482354909	0.426024418799	0.442348218766	0.452249540057
PD_182S_2_bbduk_adapt_filt - polyg	49.000167252	50.3743100853	50.4298377655	50.4505770196	50.537548085	50.5529352735	50.7128282321	50.7609968222	50.8031443385	50.9548753972	51.0518815855	51.0914868707	51.1139655461	51.1322963706	51.143268105	51.1496905837	51.1545074427	51.1599933099	51.1624017394	51.1646763673	51.1661481853	51.1676200033	51.1693594247	51.171098846	51.1717678542	51.1737748787	51.1760495066	51.1783241345	51.1803311591	51.1815353738	51.1846128115	51.188894464	51.195183141	51.2037464459	51.2117745442	51.215922395
PD_183P_2_bbduk_adapt_filt - polyg	0.58167191128	0.618534860203	0.620964142661	0.623407548854	0.626458275661	0.629113537883	0.633209421096	0.636090663081	0.638802420243	0.648220126888	0.655208551074	0.657982452671	0.659900455914	0.661044478467	0.66216872779	0.663242131667	0.664324009785	0.66506409351	0.665815476224	0.666538611467	0.667250447722	0.667781500167	0.668233459694	0.668654347003	0.668965069178	0.669250368629	0.669580864034	0.669897235703	0.670216432119	0.670586473981	0.67087459818	0.671312433972	0.67177286774	0.672100538397	0.672642889829	0.672882993328
PD_184S_2_bbduk_adapt_filt - polyg	0.439526058054	0.488268714437	0.490744126829	0.492632585767	0.495082478444	0.496792299375	0.499943984225	0.502189719178	0.50428233584	0.51106802816	0.516498623594	0.518455985764	0.519890193769	0.520625161572	0.521245290656	0.521964946629	0.52244726925	0.522835168924	0.523261348171	0.523605864329	0.523746222763	0.523975900202	0.524197921725	0.524384215648	0.524631756887	0.524805290952	0.524996688817	0.525165118938	0.525282509629	0.525453491722	0.525688273104	0.525999613632	0.526298194301	0.526635054545	0.527119929137	0.527479757124
PD_188S_2_bbduk_adapt_filt - polyg	0.423519712541	0.460235096657	0.463288555832	0.465209280152	0.467548623875	0.469075353463	0.471414697185	0.473532418872	0.475625515887	0.482362825809	0.487642355222	0.489897975064	0.491203082615	0.491995997014	0.492882485161	0.49341437805	0.493901946531	0.494281166461	0.494813059349	0.495349877172	0.495581349077	0.495837445653	0.496083692361	0.496325014135	0.496551561106	0.496709158999	0.496861831957	0.496980030377	0.497073604126	0.497152403072	0.49745774899	0.497649821422	0.497866518525	0.498211263915	0.498713607199	0.499166701141
PD_189P_2_bbduk_adapt_filt - polyg	0.416515004991	0.455584314324	0.457455772091	0.458843594704	0.460588886779	0.4621239027	0.465088796466	0.466981281848	0.46918918146	0.476557257881	0.481805750674	0.484232337486	0.485977629561	0.487117326313	0.487971047497	0.488774302404	0.48948083028	0.490204180248	0.490906502601	0.491579386292	0.492168159522	0.492588711829	0.492929359198	0.493089169075	0.493349911505	0.493564393182	0.493778874859	0.493900835028	0.494111111181	0.494279332104	0.494552691104	0.495032120734	0.495364357056	0.495776498317	0.496508259332	0.496987688962
PD_190S_2_bbduk_adapt_filt - polyg	0.635371086138	0.676480219881	0.678300706751	0.681200784672	0.684270210209	0.686746919091	0.691149957102	0.695531826662	0.698707094459	0.708825614504	0.716585969	0.719663861917	0.721543620453	0.722779858049	0.723643530889	0.724435230993	0.725061817172	0.725603729543	0.72611177239	0.726746825949	0.727199830822	0.727839118071	0.728203215446	0.728499573773	0.728668921389	0.728825567934	0.729045719834	0.729270105425	0.729435219351	0.729613034347	0.729841653629	0.73017188148	0.730544446234	0.730904309918	0.731484325502	0.731772216449
PD_191P_1_bbduk_adapt_filt - polyg	0.0	0.0	0.00528006336076	0.00792009504114	0.0105601267215	0.0149601795222	0.021120253443	0.0255203062437	0.0290403484842	0.0503366040392	0.0572006864082	0.0584327011924	0.0589607075285	0.0589607075285	0.0603687244247	0.0645927751133	5.22022264267	11.6902362828	12.4393012716	14.7700972412	18.2345228143	21.1376776521	22.416332996	23.4607295288	23.676332116	23.8269899239	23.9065428785	23.9686716241	24.0248162978	24.0693448321	24.1041932503	24.1422097065	24.1703700444	24.193250319	24.2171866062	24.229330752
PD_191P_2_bbduk_adapt_filt - polya	0.000880010560127	0.00352004224051	0.00704008448101	0.00968011616139	0.00968011616139	0.014080168962	0.0158401900823	0.0202402428829	0.0228802745633	0.0292163505962	0.04171250055	0.0519206230475	0.0582566990804	0.069344832138	0.0820169842038	0.0955691468298	0.10947331368	0.123553482642	0.13816165794	0.150657807894	0.159633915607	0.172130065561	0.184274211291	0.199410392925	0.211554538654	0.227218726625	0.23725084701	0.24763497162	0.258019096229	0.277379328552	0.291811501738	0.307299687596	0.323315879791	0.340036080433	0.351828221939	0.357284287411
PD_191P_2_bbduk_adapt_filt - polyg	53.4632815594	54.3767325208	54.4180930171	54.4348132178	54.5166541999	54.5351344216	54.6442557311	54.6715360584	54.6996963964	54.8262419149	54.9072028864	54.9411712941	54.9548994588	54.9654595855	54.9726756721	54.977251727	54.9800677608	54.9814757777	54.9830597967	54.9849958199	54.986579839	54.9872838474	54.9883398601	54.9892198706	54.9908038896	54.9930919171	54.996083953	54.999251991	55.0031240375	55.0061160734	55.0136841642	55.0258283099	55.0372684472	55.0495885951	55.0638447661	55.0728208739
PD_192S_1_bbduk_adapt_filt - polyg	0.0	0.0	0.0011114568977	0.0011114568977	0.0011114568977	0.00444582759081	0.0100031120793	0.0144489396701	0.0166718534655	0.0280087138221	0.0322322500333	0.033343706931	0.0351220379674	0.0366780776241	0.0366780776241	0.041568487974	20.3918997021	38.5477704175	40.0413461966	44.1930822923	50.6797670386	56.727204019	58.8114079936	59.7136887032	59.975992531	60.0969190415	60.1629395812	60.2185124261	60.2531898813	60.2818654693	60.2969812831	60.3087627262	60.3207664607	60.3301026986	60.3356599831	60.3387720624
PD_192S_2_bbduk_adapt_filt - polyg	66.0060907838	66.1694749478	66.2017071978	66.210598853	66.3250789134	66.3395278531	66.5540390344	66.5618192327	66.5751567154	66.6858578224	66.7203129863	66.7267594363	66.7294269328	66.7296492242	66.7296492242	66.7296492242	66.7296492242	66.7307606811	66.7307606811	66.7307606811	66.7307606811	66.7307606811	66.7314275552	66.7349842173	66.7372071311	66.7396523363	66.7449873294	66.749433157	66.7547681501	66.7581025208	66.7618814742	66.7656604277	66.7703285467	66.7774418708	66.7856666518	66.7907793536
PD_193P_2_bbduk_adapt_filt - polyg	0.504574794993	0.553334067385	0.555463957598	0.557822050335	0.560294244333	0.562119864516	0.565618969867	0.568262315757	0.570810577263	0.57895740733	0.584845032421	0.587146074527	0.588636997676	0.589618268525	0.590451207733	0.591143422053	0.591721535111	0.59220836716	0.592603918199	0.592931008482	0.593239081888	0.593501514789	0.593733520688	0.593984543463	0.594170908856	0.594292616869	0.594437145133	0.594494195764	0.594627313902	0.594825089422	0.594992437939	0.595300511345	0.595593371249	0.596023152667	0.596544215095	0.59690173238
PD_194S_2_bbduk_adapt_filt - polyg	0.489821508527	0.538301776927	0.539641881907	0.541744007366	0.544476770463	0.546500066217	0.550494104589	0.552675059753	0.555118780599	0.563385388967	0.569912488517	0.572613719732	0.574242866963	0.575351738142	0.57648688589	0.577511672052	0.57825792659	0.578778202641	0.579424606219	0.579960648211	0.580354796735	0.580743689945	0.581106306587	0.581332285073	0.581563518874	0.581768476106	0.58200496522	0.582110071493	0.582399113744	0.582830049463	0.583129602341	0.583544772119	0.58406504817	0.584595834849	0.585158153409	0.585547046619
PD_195_2_bbduk_adapt_filt - polyg	0.365956972078	0.399826382231	0.401848436569	0.403940216918	0.405840250735	0.407705421546	0.410477030509	0.412324769817	0.414834906236	0.420838315838	0.42624556804	0.428954423592	0.430746382092	0.432283840648	0.433573771863	0.434581312732	0.435686470016	0.436683551982	0.437534209324	0.438391839268	0.439211119904	0.439950215628	0.440546373027	0.441055372912	0.44164455771	0.442055941179	0.442373194532	0.44272182459	0.442979810833	0.443495783319	0.443952488696	0.444426625575	0.444750851529	0.445190125402	0.445779310201	0.446263905981
PD_196_2_bbduk_adapt_filt - polyg	0.722333614413	0.760853731329	0.763503654822	0.766627307654	0.770594790872	0.773392754783	0.778411324974	0.781520173764	0.784777062973	0.795589935146	0.803664059576	0.807104518904	0.809017201112	0.810411741855	0.811418416702	0.812268168704	0.812978762714	0.813606454089	0.814118673937	0.814574638426	0.815089819083	0.815456959321	0.815708628032	0.815850746834	0.81602247372	0.81625933839	0.8164399477	0.816685694795	0.816925520273	0.817079482309	0.817233444344	0.817538407606	0.817890743802	0.818272688082	0.818787868739	0.819196460294
PD_197_2_bbduk_adapt_filt - polyg	0.968849631398	1.02070766953	1.02327681564	1.02809836381	1.03237440835	1.03573541455	1.04201750468	1.04668068083	1.05144943832	1.06631881132	1.07773919366	1.08272263323	1.08559796524	1.08742100316	1.08891321952	1.09025410263	1.09139790055	1.09250650469	1.09353416313	1.09448087587	1.09517771276	1.09574081328	1.09618073556	1.09650099898	1.09689868871	1.09721191338	1.09755681244	1.09790171151	1.09840146322	1.09875692042	1.0991475714	1.09971067192	1.10022802052	1.10085798922	1.10169912061	1.10237484123
PD_198_2_bbduk_adapt_filt - polyg	0.531728311614	0.573432009916	0.575008523024	0.577447191737	0.579959759503	0.582496960286	0.586364344003	0.58895081082	0.591734341776	0.600700760076	0.607519179267	0.61044065512	0.612224085573	0.613091167782	0.613780892267	0.614470616752	0.615145561426	0.615771240066	0.616411698516	0.617042303759	0.617544817312	0.618017771244	0.618461165556	0.618727202142	0.619012945143	0.619249422109	0.619446486248	0.61964847699	0.619894807163	0.620131284129	0.620382540906	0.620579605044	0.620717549941	0.620939247097	0.621289035943	0.621688090823
PD_1P_1_bbduk_adapt_filt - polyg	0.0	0.0	0.00322917688526	0.00391415380031	0.0043300326416	0.00452574033161	0.00479483840538	0.0049416191729	0.00523518070792	0.00589080146947	0.00648770992402	0.00699165722581	0.00757878029586	0.00822461567291	0.00884598758871	0.00963371104102	0.0178387559449	0.0318024996275	0.0343466995977	0.0423266806581	0.0628906661865	0.0825299328796	0.0883473439653	0.0915765208506	0.0927996939132	0.0937195200562	0.0946344535071	0.0954026061904	0.0962147931039	0.0969095554035	0.0977804546241	0.0987687784587	0.100031093059	0.101234695353	0.102599756491	0.103822929553
PD_1P_2_bbduk_adapt_filt - polyg	0.625237142678	0.687178626567	0.689306947696	0.691484195748	0.694248566869	0.696401351459	0.701000482175	0.70462107444	0.707630080174	0.717547567366	0.726104886112	0.73010221568	0.733287358335	0.735679884846	0.737676103284	0.739701677875	0.741326051703	0.742617722457	0.744051281286	0.745049390505	0.746052392416	0.747040716251	0.747637624706	0.748092645085	0.748518309311	0.74916903738	0.749765945834	0.750167146599	0.75058302544	0.751047831204	0.751527315045	0.752075296577	0.75284344926	0.753773060788	0.754790740776	0.755358293077
PD_200S_2_bbduk_adapt_filt - polyg	0.565675669016	0.60040473609	0.603138398797	0.605621796609	0.608451715046	0.61087735942	0.615074109211	0.61784627421	0.620502932335	0.630193959144	0.637705756247	0.640678133162	0.642510842245	0.643669761224	0.644624618057	0.645510170765	0.646438075994	0.647265875265	0.647851110098	0.648363190577	0.648879121285	0.649344999014	0.649653017348	0.649961035681	0.650203600118	0.650415362722	0.650715680597	0.651012148243	0.65121236016	0.651516528264	0.651828396826	0.652255772264	0.65273320068	0.653279933222	0.653899820117	0.654192437534
PD_203_2_bbduk_adapt_filt - polyg	0.39292634558	0.427968478565	0.429706104995	0.431354622376	0.433114526067	0.434651657139	0.436968492377	0.439196218568	0.441245726664	0.44763484538	0.452357624905	0.454852678239	0.456545750144	0.45764179143	0.458639812764	0.459637834098	0.460444270979	0.461188331527	0.461816550313	0.462422491836	0.463104176051	0.463687840313	0.464044276504	0.464307148194	0.464645762575	0.464877446099	0.465171505956	0.465576952123	0.465915566504	0.466124972766	0.466361111742	0.466708637028	0.467189825885	0.467577450243	0.467951708243	0.468357154409
PD_204_2_bbduk_adapt_filt - polyg	0.574621798828	0.614984904424	0.617036883535	0.619111411868	0.621839867609	0.624094789709	0.627364426755	0.629551701192	0.632257607713	0.640636898237	0.646932640742	0.649516781469	0.651352288058	0.652520337706	0.653273481688	0.654103293021	0.654969183107	0.655564482542	0.656092134313	0.656525079356	0.656962534244	0.65723763474	0.657472146638	0.657693129004	0.657986268877	0.658238820153	0.658500391116	0.658685294728	0.658838629431	0.659000983823	0.65929863354	0.65971804905	0.660241190978	0.660872569166	0.661666301745	0.662405916194
PD_205P_2_bbduk_adapt_filt - polyg	0.50061668479	0.556840822344	0.5590302358	0.561365610153	0.564197251556	0.566736971165	0.570064879619	0.572166716537	0.574035016019	0.581064492822	0.586686906578	0.589098180597	0.59047021303	0.591433554951	0.592239259102	0.593068316998	0.593663837458	0.594130912329	0.594510410661	0.59476730184	0.59506506207	0.595573005992	0.595970019632	0.596267779862	0.59655386322	0.596734854732	0.596845785014	0.59707932245	0.597266152398	0.597569751064	0.597902541909	0.598229494318	0.59866737701	0.599029360034	0.599584011443	0.59992847916
PD_206S_2_bbduk_adapt_filt - polyg	0.776247835759	0.818827387841	0.822374309072	0.825871738379	0.82925368653	0.832421169676	0.83763431902	0.841214234867	0.844959123795	0.855985924497	0.864218081215	0.867613227212	0.869533513869	0.870556346968	0.871427404833	0.872123591233	0.872832975479	0.873466472108	0.873921797811	0.874403519206	0.87486214437	0.87512940076	0.875291074379	0.875459346921	0.875617721078	0.875881678007	0.876040052164	0.876280912862	0.876525073021	0.876795628873	0.87705628634	0.877392831425	0.877805264126	0.87814180921	0.878666423606	0.879009567614
PD_207P_2_bbduk_adapt_filt - polyg	0.483513526658	0.524918145751	0.527098316964	0.529856140378	0.531999043706	0.534309652512	0.538055074852	0.540831532208	0.543440284086	0.551046659204	0.557180952906	0.560281640853	0.562458085277	0.563829543407	0.564958760291	0.566050709292	0.567116570773	0.567947644586	0.568838347013	0.56954271002	0.57012408901	0.570668200116	0.571081873628	0.571406104219	0.571700520502	0.571987483208	0.572416063874	0.572852098117	0.573202416226	0.573582548643	0.573947773905	0.574376354571	0.575017362175	0.575762719855	0.576701870531	0.577335424559
PD_208S_2_bbduk_adapt_filt - polyg	0.528149845991	0.571127983127	0.573558010836	0.57584509574	0.578561009062	0.58096721297	0.584802844943	0.587518758265	0.590401438195	0.598358587754	0.604438421788	0.607006627543	0.609007826833	0.6104849025	0.611752328717	0.612962577812	0.613948883176	0.614673126729	0.615354487439	0.616207379518	0.616950682111	0.617508159056	0.617956046516	0.618227637849	0.618575465344	0.618994764243	0.619323532698	0.61980953824	0.620181189537	0.620495663711	0.620943551171	0.621400968152	0.62180597277	0.62224909547	0.62270651245	0.623040045665
PD_209P_2_bbduk_adapt_filt - polyg	0.470194600666	0.514103118665	0.515734731638	0.517765183337	0.520067570532	0.522079893198	0.525125570747	0.527591119239	0.529603441906	0.536699145434	0.542275635994	0.544625158674	0.546017468411	0.546956552322	0.547859378167	0.548693313686	0.549327829842	0.549940591159	0.550343055692	0.550785404098	0.55123137831	0.551510565419	0.551742617042	0.55187314608	0.55203268157	0.552217597707	0.552355378358	0.552525791269	0.552754217085	0.55287749451	0.55308053968	0.553356100982	0.553725933255	0.554190036501	0.554690397813	0.555020346214
PD_210S_2_bbduk_adapt_filt - polyg	0.808465486887	0.85847714501	0.861074878941	0.864221727362	0.867410815359	0.870177507595	0.875309616093	0.878984459215	0.883039458522	0.894891883581	0.903550996685	0.907246959595	0.909147740521	0.910043219534	0.910676813176	0.911399109928	0.91185529735	0.912298812899	0.912514234737	0.912746552406	0.91300421382	0.913274547107	0.913519536649	0.913734958487	0.913988395944	0.914216489655	0.914351656298	0.91452483856	0.914634661458	0.914812067678	0.915052833262	0.915293598846	0.915648411285	0.916020119555	0.916497426765	0.916767760052
PD_211P_1_bbduk_adapt_filt - polyg	0.0	0.0	0.0114523174582	0.0204505668897	0.0212685895653	0.0245406802677	0.0294488163212	0.0351749750503	0.0384470657527	0.0561163555454	0.061188096134	0.0613517006691	0.0623333278798	0.0629877460203	0.0638057686959	0.0654418140471	1.94018618196	4.65847553294	5.21538537048	6.57575707999	11.8469315969	19.7475582023	21.574530046	22.5576296975	22.7367766634	22.8310128757	22.8962910852	22.951262209	22.9859463704	23.0150679777	23.0381362171	23.0662761972	23.0826366507	23.0945797818	23.1104494217	23.1197748802
PD_211P_2_bbduk_adapt_filt - polya	0.00654418140471	0.00654418140471	0.00654418140471	0.0122703401338	0.0147244081606	0.0171784761874	0.0204505668897	0.0253587029432	0.0286307936456	0.0366474158664	0.0484269423948	0.0636421641608	0.0741128544083	0.0873648217529	0.102416438984	0.123685028549	0.142826759158	0.158860003599	0.176365688857	0.192071724228	0.209741014021	0.227901117419	0.254568656643	0.267493414917	0.280254568657	0.296615022168	0.31297547568	0.327536279306	0.352076959573	0.373836362744	0.396577393125	0.417845982691	0.443041081099	0.461364789032	0.481651751387	0.490813605353
PD_211P_2_bbduk_adapt_filt - polyg	53.1068501219	55.0856469741	55.1682672644	55.1977160807	55.2795183482	55.2999689151	55.4480310194	55.4840240171	55.5118367881	55.6623529604	55.7614973087	55.7986355382	55.8310292361	55.8450992262	55.8554063119	55.8637501432	55.8693126973	55.8737300198	55.8761840878	55.8786381558	55.8799469921	55.8812558284	55.8827282692	55.8843643146	55.8856731509	55.8878000098	55.8923809368	55.8945077958	55.8990887227	55.9031788361	55.9064509268	55.9102138311	55.9183940579	55.9267378892	55.9372085794	55.9412986928
PD_212S_1_bbduk_adapt_filt - polyg	0.0	0.0	0.00608624204985	0.00760780256231	0.0106509235872	0.0121724840997	0.0167371656371	0.019780286662	0.0289096497368	0.059949484191	0.0696874714707	0.0699917835732	0.0699917835732	0.0718176561882	0.0730349045982	0.0812513313654	17.6650132376	33.4883296309	34.3851373969	36.0317701835	37.1863303004	38.4550074556	40.2927482426	43.4901555035	44.1404704665	44.4660844162	44.6775813274	44.8327804997	44.9499406591	45.0351480478	45.0981406531	45.157481513	45.1909558443	45.213779252	45.2381242202	45.2557743221
PD_212S_2_bbduk_adapt_filt - polya	0.00456468153738	0.00456468153738	0.00456468153738	0.00608624204985	0.0121724840997	0.0152156051246	0.019780286662	0.019780286662	0.0213018471745	0.0237363439944	0.0337786433766	0.0392562612215	0.0432123185539	0.0492985606038	0.0556891147561	0.0620796689084	0.0715133440857	0.0818599555704	0.0937281275676	0.105291987462	0.114117038435	0.121724840997	0.124767962022	0.126898146739	0.129332643559	0.137549070327	0.144243936581	0.149112930221	0.153677611759	0.164328535346	0.17832689206	0.187760567238	0.195976994005	0.207845166002	0.219104713794	0.222147834819
PD_212S_2_bbduk_adapt_filt - polyg	62.1876997048	62.8358844831	62.8906606616	62.9089193877	63.0139070631	63.0276011077	63.2223608533	63.2573567451	63.2923526369	63.4225982167	63.4868080704	63.5111530386	63.5205867137	63.5263686437	63.5278902042	63.5342807583	63.5358023189	63.5358023189	63.5358023189	63.536106631	63.5376281915	63.5388454399	63.5394540641	63.5440187456	63.5449316819	63.5455403061	63.5516265482	63.554061045	63.5549739813	63.5574084781	63.5631904081	63.5707982106	63.5817534463	63.5899698731	63.6030552935	63.6179665865
PD_213S_2_bbduk_adapt_filt - polyg	0.53955490802	0.583969438581	0.585899070989	0.588372958692	0.591011772242	0.593419689606	0.598136568827	0.600989785977	0.604073899314	0.613065656485	0.619949661333	0.623053565771	0.624785287163	0.625959559193	0.627067860884	0.627958460457	0.628743507488	0.629479076765	0.630003540958	0.630607169557	0.631191007055	0.631646202393	0.632012337773	0.632286114679	0.632543399	0.632794086287	0.633024982473	0.6333614312	0.633651700691	0.633918880563	0.634238836705	0.634611569119	0.63502058522	0.63554834793	0.636429051952	0.636811679917
PD_214S_2_bbduk_adapt_filt - polyg	0.59717699306	0.630677631566	0.632183993399	0.634560226149	0.637318353449	0.63986431711	0.643492315327	0.646695986267	0.649348031747	0.657724252192	0.663876997706	0.666019850454	0.667424373741	0.668421542841	0.669181088667	0.669647848671	0.670123095221	0.670526206134	0.670831721774	0.671141480686	0.671506402144	0.671871323602	0.672087730513	0.67231262397	0.672422949062	0.67251205779	0.672698761792	0.672949114885	0.673144305432	0.673364955616	0.673628038528	0.673929310895	0.674192393806	0.674574288355	0.674934966541	0.675253211998
PD_215S_2_bbduk_adapt_filt - polyg	0.59571110418	0.635882057736	0.638094620986	0.640695101169	0.64369786558	0.645694919423	0.649099968062	0.652059630591	0.654976191239	0.664346540277	0.670952621981	0.673788725783	0.675564523301	0.676570233869	0.677357561571	0.678064432428	0.678544300042	0.678914976223	0.67927128511	0.679610353244	0.679972409049	0.680282742596	0.680512619297	0.680710887952	0.680914903524	0.681113172179	0.681334428504	0.681492468736	0.681707978144	0.681906246799	0.682052793196	0.682245314933	0.682538407727	0.682934945037	0.683443547239	0.683796982667
PD_216S_1_bbduk_adapt_filt - polyg	0.0	0.0	0.00635552825032	0.0084740376671	0.013770311209	0.0201258394594	0.0317776412516	0.0338961506684	0.0413109336271	0.0616486240281	0.0705463635786	0.0739359786454	0.0741478295871	0.0741478295871	0.0741478295871	0.0845285257293	13.8097154842	26.5277630659	27.5747304197	29.5000317776	32.1922335445	35.3856746393	38.2422727369	40.1995635871	40.7904158634	41.1353091964	41.3696163379	41.5333771159	41.6715039298	41.77276868	41.8602631189	41.9212761901	41.972544118	42.0134313497	42.0403364193	42.0608859606
PD_216S_2_bbduk_adapt_filt - polya	0.00211850941677	0.00317776412516	0.00423701883355	0.00423701883355	0.00423701883355	0.00529627354194	0.00953329237548	0.0127110565006	0.0127110565006	0.0161006715675	0.0245747092346	0.0313539393683	0.0360146600852	0.0432175921022	0.0508442260026	0.0593182636697	0.072876723937	0.0836811219626	0.0970277312883	0.107196576489	0.120543185814	0.128381670657	0.137914963032	0.147660106349	0.157405249666	0.165031883567	0.16799779675	0.174565175942	0.190242145626	0.204012456835	0.212062792619	0.221172383111	0.233459737729	0.243204881046	0.254432980955	0.261635912972
PD_216S_2_bbduk_adapt_filt - polyg	57.8045886914	58.6382221469	58.6731775523	58.6985996653	58.8161769379	58.8458360697	59.037561172	59.0714573226	59.0947609262	59.2528017287	59.3400843167	59.3684723429	59.3822426541	59.3885981823	59.3964366672	59.4002499841	59.4036395992	59.4091477237	59.4125373387	59.4135965934	59.4135965934	59.4135965934	59.4159269538	59.4191047179	59.4212232273	59.4237654386	59.4271550537	59.4294854141	59.436900197	59.4428320234	59.4525771667	59.4669830307	59.4750333665	59.4909221871	59.5046924984	59.5174035549
PD_217P_1_bbduk_adapt_filt - polyg	0.0	0.0	0.00849775195835	0.0115878435796	0.0123603664849	0.0146779352008	0.0162229810114	0.0208581184432	0.025493255875	0.0397076773326	0.043261282697	0.0443428147645	0.0452698422508	0.0455788514129	0.0455788514129	0.0511410163311	8.79316471733	15.5099423698	15.989679094	16.9148525254	17.9324196962	19.1557869691	20.2614217512	21.2536501707	21.4225236778	21.5166169677	21.5727021306	21.6141093583	21.645937302	21.6777652457	21.7003229146	21.7160823818	21.7304513079	21.7415756377	21.7510004172	21.7565625821
PD_217P_2_bbduk_adapt_filt - polya	0.000772522905304	0.00231756871591	0.00463513743182	0.00695270614774	0.010042797769	0.0154504581061	0.0193130726326	0.0224031642538	0.0247207329697	0.030437402469	0.0438793010213	0.0546946216955	0.0682910248289	0.07864283176	0.0910031982448	0.101045996014	0.118814022836	0.142453223738	0.161148278046	0.183087928557	0.202091992028	0.219705514268	0.232683899078	0.246743815954	0.264357338195	0.282743383341	0.300356905582	0.317197904918	0.333729895091	0.347789811968	0.367411893763	0.389197039692	0.409591644392	0.427668680376	0.445282202617	0.455015991224
PD_217P_2_bbduk_adapt_filt - polyg	44.3041886192	46.198414783	46.2509463406	46.2710319361	46.353691887	46.3660522534	46.5128316055	46.5421874759	46.5715433463	46.71399657	46.8096349057	46.8405358219	46.8584583533	46.8739088114	46.8873507099	46.8938399024	46.8961574711	46.8994020673	46.9018741406	46.9038827001	46.9049642322	46.9062002688	46.9082088284	46.9086723421	46.9102173879	46.9109899109	46.9123804521	46.9157795529	46.9168610849	46.9216507269	46.9248953231	46.9310755064	46.9347836163	46.9409637996	46.9479165057	46.9554872302
PD_218S_1_bbduk_adapt_filt - polyg	0.0	0.0	0.0	0.0	0.0	0.0	0.0	0.0	0.0	0.0	0.0	0.0	0.0	0.0	0.0	0.0	0.080375083724	0.133958472873	0.133958472873	0.133958472873	0.133958472873	0.133958472873	0.174146014735	0.20093770931	0.20093770931	0.20093770931	0.20093770931	0.20093770931	0.20093770931	0.20093770931	0.20093770931	0.20093770931	0.20093770931	0.20093770931	0.20093770931	0.20093770931
PD_218S_2_bbduk_adapt_filt - polyg	11.3864701942	13.3958472873	13.4628265238	13.4628265238	13.5298057602	13.5298057602	13.5967849967	13.6637642331	13.7307434695	13.8245144005	13.8647019424	13.8647019424	13.8647019424	13.8647019424	13.8647019424	13.8647019424	13.8647019424	13.8647019424	13.8647019424	13.8647019424	13.8647019424	13.8647019424	13.8647019424	13.8647019424	13.8647019424	13.8647019424	13.8647019424	13.8647019424	13.8647019424	13.8647019424	13.8647019424	13.8647019424	13.8647019424	13.8647019424	13.8647019424	13.8647019424
PD_221P_2_bbduk_adapt_filt - polyg	0.521636232062	0.565746573012	0.567503798002	0.569600486911	0.572096545136	0.57407342325	0.578306737999	0.581122291677	0.583698223765	0.592005105537	0.598430957831	0.601470158326	0.603395118429	0.604389548026	0.605499794724	0.606270577504	0.606773782842	0.60736484943	0.607967897097	0.60857893215	0.609098112261	0.609649241917	0.610012667995	0.61027225805	0.610467949015	0.610691595832	0.610975148046	0.611338574124	0.6115861831	0.611861747928	0.612165268608	0.612456808208	0.612808253207	0.613347401783	0.613826644962	0.614269944903
PD_222S_2_bbduk_adapt_filt - polyg	0.713029163639	0.766059960264	0.769503250714	0.772946541163	0.776348594601	0.779482607466	0.784039297222	0.787297021121	0.791132063178	0.801989768273	0.810521705926	0.813977367479	0.816006228438	0.817309317998	0.818418593603	0.819263952337	0.819940239323	0.82065363962	0.821127865251	0.821577348675	0.82196085288	0.822369099293	0.822534047338	0.822789716809	0.823004149268	0.823268066141	0.823564972623	0.823729920668	0.823841260599	0.824088682667	0.82420827	0.824513423884	0.824843319975	0.825334040411	0.825890740064	0.826410326407
PD_223P_2_bbduk_adapt_filt - polyg	0.624512810641	0.661204654358	0.663083323001	0.665800166884	0.669138416548	0.672187640268	0.676465224254	0.679933535594	0.6830550158	0.692222918775	0.699408103767	0.702292582698	0.704119226671	0.70533313564	0.706364958263	0.707127986758	0.707971942517	0.708726300234	0.709142497595	0.709674305333	0.710125185808	0.710388199417	0.710648322768	0.710888214302	0.711232155177	0.711495168787	0.711784194732	0.712015415488	0.712310221952	0.712605028416	0.712882493323	0.713272678349	0.71373801012	0.714214902929	0.714775613262	0.715136895694
PD_224S_2_bbduk_adapt_filt - polyg	0.544594181013	0.588167634704	0.590373885524	0.592230364872	0.594732576168	0.59691192149	0.600261655966	0.602750414513	0.605266078557	0.61318705711	0.619477562496	0.621952868294	0.623456885621	0.624342076499	0.625030857243	0.625754615134	0.626260438492	0.626704379206	0.62714024827	0.627441589846	0.627751003071	0.627928579356	0.628143823339	0.628359067321	0.628533953057	0.62873843484	0.628840675732	0.629023633117	0.629152779506	0.629341117991	0.629553671423	0.62972048551	0.629986849938	0.630347383608	0.63081553927	0.631149167443
PD_225P_2_bbduk_adapt_filt - polyg	0.383290319257	0.42226846172	0.424080299385	0.426033933041	0.427672464495	0.429090424406	0.431705772688	0.433438834802	0.435124631586	0.44130378578	0.446263494449	0.448075332114	0.449234908219	0.450227480158	0.450854533541	0.451390207285	0.451932183074	0.452458403752	0.452729391646	0.452997228519	0.453268216413	0.453570714527	0.45385430651	0.454015008633	0.454147351558	0.454311204703	0.454475057849	0.45461685384	0.454742894721	0.454900445822	0.455064298968	0.455392005258	0.455744919725	0.456186062809	0.456728038597	0.457024234668
PD_226S_2_bbduk_adapt_filt - polyg	0.79678293009	0.842021939053	0.844924533579	0.848138120375	0.851351707171	0.854565293968	0.859416773389	0.863397474453	0.867668434969	0.88007080672	0.888737124661	0.892410980018	0.894131803915	0.895379919561	0.896594862698	0.897370270093	0.898029573706	0.898593506357	0.899107680244	0.899505750351	0.899986751729	0.900364089018	0.900820211014	0.901044125449	0.901272186448	0.901467074937	0.901699282499	0.901890024425	0.902084912915	0.902437370822	0.902735923401	0.903034475981	0.903461572033	0.903896961212	0.904336496954	0.904759446442
PD_227P_2_bbduk_adapt_filt - polyg	0.426844516239	0.478243190542	0.479536238952	0.481014008563	0.482768859977	0.484315900039	0.487894873317	0.489811355782	0.491566207196	0.497444959432	0.502206148399	0.504556725687	0.506334667251	0.50747070264	0.508565175759	0.509474927676	0.510426241863	0.511192834849	0.511917865565	0.512712166731	0.513192441855	0.513497231837	0.51388052833	0.514176082253	0.514439309965	0.514651739346	0.514896494938	0.515048889929	0.515252083251	0.515519928993	0.515838573066	0.516235723649	0.516785269223	0.517394849188	0.517861270221	0.518327691255
PD_228S_2_bbduk_adapt_filt - polyg	0.552537127175	0.587121682809	0.589739712802	0.592130088013	0.594596348152	0.596815982276	0.600591257411	0.603417970955	0.605903202325	0.614334017752	0.620757676851	0.62309872686	0.62461263116	0.625473925085	0.626452840648	0.627211689921	0.627803592355	0.628274078904	0.628903923801	0.629313702409	0.629806954436	0.630148436609	0.630414033855	0.630706190825	0.630967993824	0.631127352172	0.63140053791	0.631707871866	0.63199623459	0.632178358416	0.632379453473	0.632698170168	0.632937207689	0.633290072601	0.633673291484	0.633923711744
PD_229P_2_bbduk_adapt_filt - polyg	0.446524690274	0.487392464744	0.48904718631	0.491029003998	0.49297233979	0.494800229891	0.498109673021	0.500360863988	0.502515850212	0.509180914749	0.51445293462	0.516600224465	0.517908608958	0.518947620174	0.519786525525	0.520475351479	0.521025642604	0.521618263816	0.52206465382	0.522403294512	0.522815050809	0.52316523607	0.523369190123	0.523603929694	0.523854062024	0.524069560646	0.524285059269	0.52451210246	0.524719904703	0.525035456258	0.525308677725	0.525593443762	0.525970566352	0.526397715407	0.526894131876	0.527298191793
PD_230S_2_bbduk_adapt_filt - polyg	0.509698706166	0.551417748228	0.553534775968	0.555360469615	0.55792420963	0.560021815097	0.563478979663	0.565615429675	0.568198591963	0.57663174283	0.582606033956	0.584882324333	0.586408914979	0.587360606348	0.588692974265	0.58959028327	0.590297254001	0.59080611755	0.591167371825	0.591501434918	0.591975338375	0.592387090559	0.592709500288	0.592993065472	0.5931445592	0.593272746201	0.593451431111	0.593661191657	0.593835992113	0.59399525475	0.594205015297	0.594558500663	0.594931408301	0.595339276031	0.595688876942	0.595991864398
PD_231P_2_bbduk_adapt_filt - polyg	0.505633361706	0.543338550992	0.544709355564	0.546822007316	0.549499108009	0.551192454834	0.555014580523	0.557659426991	0.560191383671	0.567842085894	0.573557534603	0.575889515087	0.577379660292	0.5785408124	0.579501988312	0.580311569365	0.580869567461	0.581388860487	0.581972661964	0.582482278722	0.582924161608	0.583256380128	0.583543442732	0.583888562942	0.584127244209	0.584259486532	0.584449786461	0.584633635545	0.584833611741	0.584936825262	0.585310974274	0.585794787653	0.586397941664	0.587120436309	0.587894537715	0.588300940953
PD_232S_2_bbduk_adapt_filt - polyg	0.895948065383	0.940931333585	0.944529995041	0.948267066553	0.952775279806	0.956927581486	0.962483756591	0.966497648215	0.970155628267	0.982976354026	0.992665057946	0.996663131278	0.998960738208	1.00044765767	1.00151934696	1.00241703504	1.00321585879	1.00386836334	1.00449714045	1.00517337244	1.00563605748	1.00611851539	1.00643883581	1.00680265652	1.0070992495	1.00747493394	1.00767661716	1.00787830039	1.00818280251	1.00853871408	1.00882344334	1.00926635552	1.0096657674	1.01019963476	1.01091936705	1.01142159782
PD_25P_1_bbduk_adapt_filt - polyg	0.0	0.0	0.000981864954294	0.0017874977373	0.00196372990859	0.0021147860554	0.00234137027562	0.0024420743735	0.00254277847138	0.00302112293629	0.00335848166418	0.00382172051441	0.00431013538911	0.00473309260019	0.00505534571339	0.00547830292447	0.0339775626235	0.0562230978444	0.0583429191046	0.0626480192889	0.0688211804887	0.077295430325	0.0862379542164	0.101877300617	0.104218670892	0.105316345559	0.106162259981	0.107078667272	0.108000109767	0.108921552263	0.109827889144	0.110809754098	0.11215918901	0.113261898882	0.11474224912	0.115885240631
PD_25P_2_bbduk_adapt_filt - polyg	0.534285591283	0.577940817712	0.579275147009	0.580936764624	0.582950846582	0.58446140805	0.58750770701	0.58919450065	0.591032350436	0.59656100541	0.600876176004	0.603570010622	0.605292050695	0.606631415197	0.607583068922	0.60861025072	0.609496446782	0.610186269852	0.610684755137	0.61125373329	0.61193348595	0.612577992177	0.613152005535	0.613519575492	0.613882110244	0.614335278685	0.61456689811	0.614848869584	0.615075453804	0.615422882942	0.615936473841	0.616535663223	0.617467176129	0.618907244728	0.620261714845	0.621016995579
PD_26P_1_bbduk_adapt_filt - polyg	0.0	0.0	0.0	0.0	0.0	0.0	0.0	0.0	0.0	0.0	0.0	0.0	0.0	0.0	0.0	0.0	0.0239693192713	0.071907957814	0.071907957814	0.071907957814	0.0767018216683	0.110258868648	0.124640460211	0.143815915628	0.143815915628	0.143815915628	0.153403643337	0.167785234899	0.167785234899	0.167785234899	0.167785234899	0.167785234899	0.167785234899	0.186960690316	0.191754554171	0.191754554171
PD_26P_2_bbduk_adapt_filt - polyg	0.862895493768	0.934803451582	0.934803451582	0.934803451582	0.934803451582	0.934803451582	0.934803451582	0.934803451582	0.934803451582	0.934803451582	0.934803451582	0.949185043145	0.958772770853	0.958772770853	0.958772770853	0.958772770853	0.958772770853	0.958772770853	0.958772770853	0.958772770853	0.958772770853	0.958772770853	0.958772770853	0.958772770853	0.958772770853	0.963566634708	0.982742090125	0.982742090125	0.982742090125	0.982742090125	0.982742090125	0.982742090125	0.982742090125	0.982742090125	0.992329817833	1.0067114094
PD_27P_2_bbduk_adapt_filt - polyg	0.669235249748	0.736152753352	0.738942655272	0.741511773587	0.744201319323	0.746770437637	0.750965326136	0.753594658161	0.756023277818	0.765276117998	0.772630219174	0.775917887767	0.777860783493	0.779249713082	0.78051821525	0.781489663112	0.782256384359	0.783019091359	0.783805883843	0.784271536537	0.784797402943	0.785351369079	0.785748779568	0.786114076079	0.786326831189	0.78652352931	0.7868446691	0.787093552436	0.787382578247	0.787659561315	0.788028872073	0.788526638746	0.788891935257	0.789441887146	0.79053376243	0.791248298461
PD_28P_1_bbduk_adapt_filt - polyg	0.0	0.0	0.00877401887667	0.0115315676665	0.0122836264273	0.0127849989346	0.0142891164563	0.0147904889635	0.0155425477244	0.0186009200186	0.0196538022838	0.0201050375403	0.0203055865432	0.020706684549	0.0214587433098	0.0239154685953	3.14841879646	5.6585903912	5.81226106466	6.12336270541	6.61405597824	7.26037527732	7.84462466001	8.55080783645	8.6444642208	8.68833431519	8.71285143079	8.73230468407	8.74799764355	8.75962948572	8.76519472055	8.77271530816	8.77823040574	8.7827427583	8.78670360111	8.78780662062
PD_28P_2_bbduk_adapt_filt - polyg	10.5210513781	10.6253368597	10.6356149961	10.6388739173	10.6601822489	10.6649452877	10.6965317557	10.7015454808	10.7050550883	10.7326305762	10.7470199672	10.7518331432	10.7547411038	10.756195084	10.7573482408	10.7582005741	10.7590027701	10.7597046916	10.7604066131	10.7606071621	10.7613090836	10.7620110051	10.7632142991	10.7639162207	10.7648688284	10.7652197892	10.7659718479	10.7668743184	10.7676765145	10.7693310437	10.7706346123	10.7728907885	10.7759992981	10.7801606899	10.7837705719	10.785776062
PD_29P_1_bbduk_adapt_filt - polyg	0.0	0.0	0.00509159077496	0.00621984100351	0.00674057187822	0.00705879630165	0.00740595021813	0.00757952717637	0.008042399065	0.00860941712857	0.00902021592974	0.00944258652811	0.0101021789694	0.0107270560191	0.0111957138063	0.0118321626532	0.0430355138457	0.0853535762639	0.0904683106333	0.105332284157	0.141245356816	0.180410104493	0.192427415902	0.199289491651	0.20133191386	0.202390733305	0.203235474502	0.203883495146	0.204791881227	0.205792841686	0.206799588044	0.2078121203	0.208639503801	0.20972725274	0.211069581217	0.212197831445
PD_29P_2_bbduk_adapt_filt - polyg	1.00032401032	1.05887730423	1.06185704202	1.06515500422	1.06972586412	1.07403635859	1.08092157793	1.08468241203	1.08792251525	1.10002082923	1.10869389125	1.11268616129	1.11548075032	1.1176273187	1.11967552681	1.12101206938	1.12230811067	1.12351736348	1.12454146754	1.12554821389	1.12650867306	1.12709883472	1.12750963352	1.12782207205	1.12810558108	1.12851059398	1.12902553896	1.12946526725	1.12985870836	1.13021743407	1.13085388292	1.13162340743	1.13252022172	1.1334228219	1.13455107213	1.13536688383
PD_2P_1_bbduk_adapt_filt - polyg	0.0	0.0	0.00193526860194	0.0026026026026	0.00303636970304	0.0032032032032	0.0034034034034	0.00353687020354	0.00387053720387	0.00425091758425	0.00465131798465	0.00501167834501	0.00536536536537	0.00567233900567	0.00589255922589	0.00655989322656	0.145298631965	0.257691024358	0.266399733066	0.286126126126	0.322849516183	0.370944277611	0.407787787788	0.453039706373	0.456823490157	0.459259259259	0.461127794461	0.462549215883	0.463937270604	0.464878211545	0.466046046046	0.467300633967	0.468361695028	0.46981648315	0.471344678011	0.472205538872
PD_2P_2_bbduk_adapt_filt - polyg	1.43843843844	1.48011344678	1.48335001668	1.48678678679	1.49145812479	1.49462796129	1.499666333	1.5037370704	1.50697364031	1.51905238572	1.52825492159	1.53141808475	1.53388054721	1.5351284618	1.5363963964	1.53751751752	1.53825825826	1.53903903904	1.53978645312	1.54074741408	1.54129462796	1.5417017017	1.54204871538	1.54232232232	1.54264264264	1.54307640974	1.54335001668	1.54355021688	1.54382382382	1.5440707374	1.54447781114	1.54509843177	1.54607273941	1.54678678679	1.54808141475	1.54868201535
PD_30P_1_bbduk_adapt_filt - polyg	0.0	0.0	0.00411931300753	0.00561724501027	0.00588959628349	0.00629812319333	0.00640025492079	0.00643429882994	0.00667260619402	0.00712198579484	0.00758498295932	0.00785733423255	0.00801393621465	0.00821139088774	0.0083135226152	0.00860630023392	0.0280385635785	0.0573095166684	0.0626544104055	0.0781035363792	0.150589827748	0.283497249082	0.325030818249	0.342556622681	0.346526142488	0.348725379019	0.350339060313	0.351612302516	0.352728942736	0.353668554628	0.354383476721	0.35545926425	0.356521434215	0.357631265654	0.358727479529	0.359231329384
PD_30P_2_bbduk_adapt_filt - polyg	1.20787789675	1.25696921375	1.25911398003	1.26255241485	1.26738664995	1.27116552387	1.27681681279	1.28052759889	1.28335324335	1.29493498124	1.30254719933	1.3054817843	1.30749718372	1.30884532252	1.30999600665	1.31086753072	1.31147351231	1.31193650947	1.31231099247	1.31271951938	1.31313485507	1.31344805904	1.31364551371	1.31393829133	1.31419702504	1.3143604358	1.31460555195	1.31485747688	1.31508897546	1.31534770917	1.31581070633	1.31644392304	1.31715884514	1.31780567941	1.3186703947	1.31920147968
PD_31P_1_bbduk_adapt_filt - polyg	0.0	0.0	0.00119050854125	0.00181164343234	0.00209633025742	0.00235513646204	0.00256218142574	0.00261394266666	0.0027951070099	0.0029969758495	0.00349388376237	0.00395973493069	0.00443076222309	0.00494837463233	0.00538834518019	0.00586454859669	0.0449546377425	0.0754057757781	0.0782526440289	0.083470177114	0.0906184044856	0.0979012110836	0.103289556264	0.108398390743	0.109345621452	0.110147920686	0.110903634804	0.111478184578	0.112000973111	0.112627284127	0.113419231113	0.114123183989	0.115039357954	0.115836481064	0.117001108985	0.11765330062
PD_31P_2_bbduk_adapt_filt - polyg	0.567691409834	0.6229206539	0.626569821385	0.628329703576	0.630633078797	0.63244472223	0.636119770335	0.638138458731	0.640390072712	0.647885100397	0.653785881863	0.656601693369	0.658713551999	0.660281917599	0.661643238235	0.66261117344	0.663387592054	0.664226124157	0.665018071143	0.665737552392	0.6664052724	0.667145458145	0.667523315204	0.667890820015	0.668206563584	0.668475722037	0.668755232738	0.669102033052	0.669407424374	0.669717991819	0.670209723608	0.670665222528	0.67125012455	0.67176773696	0.672430280844	0.673025535114
PD_32P_1_bbduk_adapt_filt - polyg	0.0	0.0	0.00257057399129	0.00355409795317	0.00391174303022	0.0041576240207	0.00435879937654	0.00453762191506	0.00467173881895	0.005029383896	0.00530655883072	0.00565526278084	0.00600843729442	0.00633478842723	0.0067147863216	0.00713501928713	0.0876543378213	0.151963393238	0.156009253172	0.16545555377	0.176359258056	0.187642960237	0.199709011024	0.221301832551	0.223505820338	0.224417815285	0.225441574318	0.226451921661	0.227314740409	0.228119441832	0.229080612977	0.230113313137	0.231087895972	0.232487182336	0.233940115461	0.234793993083
PD_32P_2_bbduk_adapt_filt - polyg	0.762164012009	0.818068408115	0.820974274366	0.82294132229	0.825646013185	0.827501297022	0.831949507668	0.834609492929	0.836867127477	0.845589196794	0.852415747202	0.855236672747	0.857118779965	0.858696888868	0.860055940161	0.861164639899	0.862103458227	0.86289474796	0.86369497882	0.864378975029	0.864861795883	0.865398263499	0.86564414449	0.866024142384	0.866283435065	0.866533786619	0.866748373665	0.866878020005	0.86705237198	0.867293782407	0.867691662556	0.868040366506	0.868867420746	0.869703416114	0.87093729163	0.871625758403
PD_33P_2_bbduk_adapt_filt - polyg	0.523982879828	0.57321383137	0.57523970681	0.577592336353	0.580162801964	0.58214511019	0.585739405325	0.587765280765	0.590183261128	0.598609160268	0.605353364957	0.608612192546	0.610642424707	0.612306692273	0.613753123769	0.614946865426	0.61600554872	0.616964027423	0.617717740221	0.618327681213	0.61888534155	0.61952142287	0.620044229435	0.620366626817	0.620689024199	0.620972211088	0.621068058959	0.621264111421	0.621677999951	0.621913262905	0.622179022909	0.622706186196	0.623228992761	0.623899927853	0.6246841377	0.625211300987
PD_34P_1_bbduk_adapt_filt - polyg	0.0	0.0	0.00600417483506	0.00767313190785	0.00826337282384	0.00867043552452	0.00885361373983	0.00897573255004	0.00919961703541	0.00976136356235	0.010176567517	0.0103719576134	0.0106039833528	0.0109011391243	0.0111657298797	0.0115727925804	0.0413901354053	0.0810421130788	0.0852633532848	0.0980491927133	0.119741564033	0.139976650883	0.154496577417	0.173087130957	0.174833429943	0.175671979106	0.176534952032	0.177243241131	0.177975953992	0.178606901178	0.17922970711	0.179925784328	0.180788757254	0.181757566481	0.183100873394	0.183809162493
PD_34P_2_bbduk_adapt_filt - polyg	0.630214473196	0.691965884889	0.694591439309	0.696382515192	0.698947010206	0.700656673549	0.70417776591	0.706253785683	0.709103224588	0.716821133393	0.722813096347	0.725646252744	0.727868815089	0.729102215072	0.730278626277	0.731170093592	0.732073772787	0.732745426243	0.733437432835	0.734109086291	0.73457313777	0.734805163509	0.735008694859	0.735354698155	0.735590794521	0.735904232801	0.736197317945	0.736364213653	0.736579956884	0.73677534698	0.737141703411	0.737548766112	0.73801281759	0.738603058506	0.739457890178	0.74003998984
PD_35P_1_bbduk_adapt_filt - polyg	0.0	0.0	0.00160891635353	0.00228292185298	0.00243511664317	0.00265253777203	0.00286995890088	0.00306563791685	0.00326131693282	0.00365267496476	0.00385705082589	0.00409186564505	0.00448757209956	0.00496589858304	0.00527463658602	0.00559207143415	0.0240424284288	0.0479239652222	0.0508374083488	0.0593429229096	0.0738536090494	0.0875728822802	0.0940041992717	0.0987570251484	0.0995788770155	0.100161565641	0.100644240547	0.101174748101	0.101735694614	0.102322731662	0.102979343471	0.103583774209	0.104518685063	0.105853650794	0.107397340809	0.10842791696
PD_35P_2_bbduk_adapt_filt - polyg	0.722946995555	0.78130282654	0.785499054327	0.788260302663	0.791282456354	0.793347957078	0.797413732188	0.80006626996	0.802631839281	0.811859191989	0.819073225045	0.822286709329	0.824186969995	0.825278424062	0.826309000213	0.827196078419	0.828113595582	0.828765858969	0.829348547594	0.829874706726	0.830270413181	0.830653074367	0.830953115525	0.831114007161	0.831344473557	0.831631469447	0.831857587421	0.832070660128	0.832292429679	0.832501153963	0.832775104585	0.833431716394	0.834075282936	0.83487539269	0.835984240447	0.836832182849
PD_36P_1_bbduk_adapt_filt - polyg	0.0	0.0	0.00351475317646	0.00878688294115	0.0123016361176	0.0140590127058	0.0193311424705	0.022845895647	0.0263606488234	0.0470976925645	0.0530727729645	0.0544786742351	0.0544786742351	0.0544786742351	0.0544786742351	0.0558845755057	3.98467567615	9.33834771453	10.1390084881	12.3399469272	21.8462998436	37.7470432139	40.903994517	41.7046552906	41.9689647295	42.1162328875	42.2065620442	42.2666643235	42.3039207072	42.3429344674	42.3763246226	42.3928439625	42.4185016607	42.4350210007	42.4424019823	42.4476741121
PD_36P_2_bbduk_adapt_filt - polyg	70.261673374	70.3899618649	70.4145651372	70.4251093967	70.5164929793	70.5287946154	70.6852011318	70.6939880147	70.7080470274	70.7825597947	70.806108641	70.8141925733	70.8187617525	70.8219250303	70.8222765056	70.8222765056	70.8222765056	70.8222765056	70.8222765056	70.8222765056	70.8222765056	70.8222765056	70.8222765056	70.8243853575	70.8264942094	70.8279001107	70.8314148639	70.8356325677	70.8384443702	70.8430135494	70.8521519076	70.8602358399	70.8665623957	70.873591902	70.8834332109	70.889056816
PD_38P_1_bbduk_adapt_filt - polyg	0.0	0.0	0.0042202627165	0.00550692817885	0.00602159436379	0.00615026091002	0.0063046607655	0.00648479393023	0.00663919378571	0.00707151338106	0.00741633972497	0.00773028609779	0.00795673921916	0.00832729887231	0.00856404531739	0.0088882850139	0.0241121107644	0.0460574768902	0.0488418209507	0.0573492529878	0.0749662764982	0.093015619604	0.101312038505	0.108347525253	0.10942317758	0.109881230485	0.110560589849	0.110967176135	0.111363469097	0.111800935354	0.112490588042	0.113164800744	0.113957386669	0.114657332681	0.115357278692	0.115928558158
PD_38P_2_bbduk_adapt_filt - polyg	0.549714952133	0.606714232115	0.608695696927	0.609930895771	0.611835160656	0.613121826118	0.616261289846	0.61852582106	0.620172752852	0.626811946637	0.631747595351	0.633816553414	0.63539143194	0.636230337822	0.637218496897	0.638041962793	0.638669855538	0.639055855177	0.639452148139	0.639812414469	0.640146947489	0.640466040524	0.64067705366	0.64087262681	0.641155693212	0.641253479787	0.6413461197	0.641433612951	0.641536546188	0.641721826015	0.642046065712	0.64251441194	0.642910704902	0.643420224425	0.644279716954	0.644773796492
PD_39P_1_bbduk_adapt_filt - polyg	0.0	0.0	0.00260797309535	0.00357091700748	0.00389189831152	0.00421287961556	0.00429312494157	0.00445361559359	0.0045338609196	0.00506348007127	0.00562519735335	0.00605049758121	0.00648382234166	0.00699739242813	0.0074788643842	0.0082572440465	0.246601911363	0.427145870355	0.436486426302	0.452992889863	0.472757313659	0.494247011965	0.517381739454	0.556501335884	0.560898779749	0.56315367341	0.56528017455	0.566403609114	0.567615313537	0.569115901133	0.570375752751	0.571539309978	0.572767063466	0.573890498031	0.575383061094	0.576241686083
PD_39P_2_bbduk_adapt_filt - polyg	1.07568859517	1.12351480948	1.12568143328	1.1272863398	1.13029553952	1.13222142735	1.13739725088	1.14012559196	1.14269344239	1.15056550887	1.15728204266	1.1601708744	1.16168751106	1.16312390239	1.16460844093	1.16602075866	1.16697567804	1.16791454836	1.16874909975	1.1692787189	1.17004907403	1.17067498757	1.17099596888	1.17126077845	1.17171015228	1.17207125624	1.17235211489	1.17265704712	1.17309037188	1.17356381931	1.1740292422	1.1747915728	1.17549773167	1.1762440132	1.17734337416	1.17816187649
PD_3P_1_bbduk_adapt_filt - polyg	0.0	0.0	0.00146704896139	0.00231246700694	0.00258598460991	0.00266058031981	0.00276004126635	0.00288436744952	0.00313301981585	0.00343637570278	0.00366513587982	0.00390881519883	0.00411271013922	0.0043315242216	0.00454039220932	0.00481390981229	0.0340355359043	0.0623620134775	0.0653756801575	0.0723031350836	0.0829703215995	0.0944829261609	0.10075393884	0.105985584628	0.106507754597	0.107010032377	0.107616744151	0.107984749653	0.108293078587	0.108636218853	0.109188227106	0.109690504886	0.110187809619	0.110814413582	0.111535505444	0.112142217218
PD_3P_2_bbduk_adapt_filt - polyg	0.505535126001	0.550640665254	0.553798550307	0.555389925452	0.557404009619	0.558771597634	0.561730560793	0.563247340228	0.564987906792	0.570493070183	0.575486009699	0.577450363393	0.578668759988	0.579708126879	0.580419272647	0.581080687942	0.581478531728	0.581941025129	0.582254327111	0.582522871666	0.582831200601	0.583089799062	0.583273801813	0.583472723706	0.583602022936	0.583671645599	0.583805917877	0.583900405776	0.583970028438	0.584168950331	0.584392737461	0.584606578496	0.584954691809	0.585372427785	0.586168115357	0.586521201717
PD_40P_1_bbduk_adapt_filt - polyg	0.0	0.0	0.00595072394185	0.00757628755524	0.00804073430192	0.00838906936193	0.00879546026527	0.00902768363862	0.00923087909029	0.00991593804164	0.0101539669993	0.0105023020593	0.010862248288	0.0111293051673	0.0113266950347	0.0117795306127	0.14381593511	0.242371534756	0.24764300533	0.257791166745	0.268961111003	0.281715979784	0.293907706884	0.309594395753	0.312114019354	0.313751194136	0.315138728792	0.316096650207	0.316857181755	0.317577074212	0.318413078356	0.319487111458	0.320584366897	0.321768706101	0.323098184913	0.324154801262
PD_40P_2_bbduk_adapt_filt - polyg	0.994351456723	1.05020117801	1.0528717468	1.05574551105	1.05954816879	1.06192845836	1.06761793101	1.07107225369	1.07435240884	1.08506951752	1.09316830766	1.09694193748	1.09890422498	1.1000479251	1.10114518054	1.10217857455	1.10324680207	1.10392605543	1.1045298362	1.10512781139	1.10578384242	1.10619023332	1.10663726332	1.10700882071	1.10729329435	1.10745585071	1.10765324058	1.10781579694	1.10804802031	1.10830346602	1.10863438433	1.10926719302	1.11010900275	1.11107853533	1.1120538735	1.11269829336
PD_41P_1_bbduk_adapt_filt - polyg	0.0	0.0	0.00135364523124	0.00189510332374	0.0024064804111	0.00252680443165	0.00264712845221	0.00273737146763	0.00282761448304	0.00306826252415	0.00350142899815	0.00413914630709	0.00472271780678	0.00503556026022	0.00549279153833	0.00614855745036	0.0395384731544	0.0708467833028	0.0751363346355	0.0881493774586	0.134010877893	0.179036126385	0.200965179131	0.22578200837	0.227556787674	0.228675801065	0.229638393229	0.230468628971	0.23128081611	0.23192454962	0.232544218326	0.233013482006	0.233645183114	0.234294932825	0.235191346778	0.235714756267
PD_41P_2_bbduk_adapt_filt - polyg	1.17685916404	1.22559039237	1.22889930293	1.2333813727	1.23822441453	1.24180405414	1.24769993114	1.25130965176	1.25534050645	1.2684859057	1.27791930891	1.28179975857	1.28421225518	1.28569224063	1.28686539984	1.2878159596	1.28870635735	1.28932000985	1.28996975957	1.29079397911	1.29152795563	1.29211754333	1.29276127684	1.2930861517	1.29324858913	1.29346517236	1.29372988521	1.29407280867	1.29431345671	1.29470450977	1.29506548184	1.2954384863	1.29572726395	1.29623262484	1.29699066616	1.29745391364
PD_42P_2_bbduk_adapt_filt - polyg	0.529965208963	0.579790026903	0.583447936473	0.586060729024	0.588628081704	0.590809195485	0.594557984796	0.596989017865	0.599420050934	0.607944570628	0.614646951519	0.61791862219	0.620090647998	0.621880978893	0.623562254099	0.624857290407	0.625979655207	0.626929348499	0.627656386426	0.628415232262	0.629260413853	0.629946555896	0.630337338782	0.630669049836	0.63090988115	0.631182520372	0.631473335543	0.631882294377	0.63223218138	0.632509364589	0.632881971527	0.633304562322	0.633727153117	0.634208815744	0.634863149878	0.635499308064
PD_43P_1_bbduk_adapt_filt - polyg	0.0	0.0	0.00454696527959	0.00559348903442	0.00602653334676	0.00631522955499	0.00660392576321	0.0067121868413	0.00707305710158	0.0077226235701	0.00837219003861	0.0089928868863	0.00944758341426	0.00985175810578	0.0103208894441	0.0107972381877	0.247246650132	0.452769480769	0.468467337091	0.504056362161	0.565079523175	0.64175723608	0.689457067085	0.737994117093	0.743717519421	0.747311787214	0.749989444545	0.751880404709	0.753590929743	0.75525093294	0.756860414301	0.758101807996	0.759660767521	0.761450684012	0.763074600183	0.764251037231
PD_43P_2_bbduk_adapt_filt - polyg	1.41089445664	1.45636410943	1.45849324397	1.46051411743	1.46419499408	1.46643238969	1.47224240088	1.47480457973	1.47819676018	1.48728347333	1.49396679055	1.49653618681	1.49817453779	1.49974793212	1.50090993436	1.50195645812	1.50285141636	1.5038762879	1.50490115944	1.50557959553	1.50617142276	1.50666942372	1.50711690284	1.50749942531	1.50788194779	1.50820673102	1.5087336016	1.50902229781	1.50939760288	1.50993169087	1.51074725766	1.51180099882	1.51292691403	1.51402395962	1.51515709224	1.51601596346
PD_44P_1_bbduk_adapt_filt - polyg	0.0	0.0	0.00269306180995	0.00350359497605	0.00392193467469	0.0042095432175	0.00434027437332	0.00449715176031	0.00468017537846	0.00511420281579	0.00563712743908	0.00598225769046	0.00629601246443	0.00656793326854	0.00678756161033	0.00728956924869	0.0791080370116	0.136169571905	0.142591086279	0.155428885781	0.176466143376	0.19393705504	0.202805856651	0.210984397759	0.212370148011	0.213243432132	0.21399644359	0.214723308816	0.215476320274	0.216218873239	0.217045094143	0.217907919772	0.219037436958	0.220376123994	0.221777561984	0.222792035753
PD_44P_2_bbduk_adapt_filt - polyg	0.895822172161	0.963436325953	0.968430256105	0.971410926458	0.974914521434	0.977189243545	0.982183173698	0.986078962141	0.989896311891	1.00140588285	1.01041587411	1.01409203421	1.01672757431	1.01835386989	1.01970824466	1.02094757602	1.02190452808	1.02283533391	1.02365632557	1.02450869271	1.02516234849	1.02588398447	1.02635461663	1.0267363516	1.02702918939	1.02733771492	1.02761486497	1.02782926406	1.02808026788	1.02836264718	1.02889080105	1.02957060306	1.0302085711	1.0311812109	1.03224274789	1.03280227723
PD_45P_2_bbduk_adapt_filt - polyg	0.460690231023	0.51321273947	0.515522805815	0.517139852257	0.519323914983	0.521234969868	0.524763071195	0.52753515081	0.529782215345	0.536552809797	0.541899563355	0.544785046227	0.546322290376	0.547519324755	0.548426550811	0.549413579158	0.550270403766	0.550976024031	0.551454837783	0.552189858893	0.552685473127	0.553113885431	0.553470895684	0.553785904731	0.55404631221	0.554252118121	0.55451672572	0.554777133199	0.554970338748	0.555276947554	0.555570955998	0.556091770956	0.556616786034	0.557183802319	0.557973424997	0.55853204104
PD_46P_1_bbduk_adapt_filt - polyg	0.0	0.0	0.00198738495283	0.00261753140129	0.00288413182179	0.0030780230367	0.00327191425161	0.00339309626093	0.00363546027957	0.0039505335038	0.00443526154107	0.00501208790543	0.00560345611091	0.00623844983974	0.00690737453118	0.00747450633479	0.0311825546379	0.0638338352288	0.0699026302555	0.0877066910646	0.145345701977	0.211598330112	0.226469786296	0.235854121097	0.23731799977	0.238534667143	0.239557443302	0.240245757115	0.240943765489	0.24147696633	0.242402796881	0.243314085591	0.244167206936	0.245151204852	0.246246690216	0.247017407796
PD_46P_2_bbduk_adapt_filt - polyg	0.710611302646	0.75501239086	0.757484503851	0.759084106374	0.761604692167	0.76320429469	0.766500445344	0.768778667119	0.770766052072	0.77763949564	0.783189631667	0.785414533358	0.787067455965	0.788836713302	0.790363606619	0.791822638011	0.793189571076	0.794086317945	0.794992759375	0.795748935113	0.796703849347	0.797426094122	0.798022309608	0.798419786598	0.798802721748	0.799195351458	0.799539508365	0.799801261505	0.800179349374	0.800673771972	0.801124569046	0.801706242691	0.802496349392	0.803334928896	0.8044207197	0.805084797111
PD_47P_1_bbduk_adapt_filt - polyg	0.0	0.0	0.00120209547097	0.00177582285484	0.00207634672258	0.00237687059032	0.00251347234839	0.00265007410645	0.00278667586452	0.00320194520903	0.00366092711613	0.00404341203871	0.00442043289097	0.00491219922	0.00527282786129	0.00590666001871	0.0386746897433	0.0701531988717	0.0737594852846	0.0820047674014	0.098107382642	0.117291733545	0.127919350322	0.136372267111	0.137891278661	0.139005949007	0.140120619352	0.140973014323	0.141666951254	0.142420992958	0.143207819085	0.144016501492	0.145027354502	0.146300482887	0.147557219061	0.148294868555
PD_47P_2_bbduk_adapt_filt - polyg	1.02260076087	1.07218719905	1.07530171913	1.07961833469	1.08448135728	1.08781444017	1.09404348034	1.0993163082	1.10330507954	1.11720021037	1.12746173443	1.13208433793	1.13463605877	1.13628074393	1.13757026453	1.13889256955	1.13997991954	1.14094159592	1.14159182029	1.14229668536	1.14294690973	1.14370095143	1.14432385545	1.14491943911	1.14528006775	1.14570626524	1.14610514237	1.14646030694	1.14670619011	1.14711053131	1.14772797126	1.1484929411	1.14920873432	1.15005566522	1.15099002124	1.15158014084
PD_48P_1_bbduk_adapt_filt - polyg	0.0	0.0	0.000926627916772	0.0014882205936	0.00162861876281	0.00179709656586	0.00185325583354	0.00202173363659	0.00221829107348	0.00266194928818	0.00303821638166	0.00339763569483	0.00365596832617	0.00405469912672	0.00433549546514	0.00466683514447	0.0495661696571	0.103085951759	0.109690281639	0.129834610957	0.176688287985	0.219161542133	0.237486311179	0.250874680594	0.253952208463	0.255580827226	0.256748939994	0.257866509421	0.258854912532	0.259972481959	0.261163058434	0.26208968635	0.263021930194	0.264178811108	0.265122286805	0.265970291747
PD_48P_2_bbduk_adapt_filt - polyg	1.07413023334	1.11658663971	1.11832757701	1.12079858479	1.12458933536	1.12714458203	1.13208659759	1.13613006486	1.13947154129	1.15125937158	1.15928453093	1.16223850841	1.16406368461	1.16541712296	1.16648414905	1.16714682841	1.16795552186	1.16868559234	1.16922472131	1.16967399545	1.17011765367	1.17036475444	1.17065116671	1.17093757897	1.17118467975	1.17131384607	1.17167888131	1.17178558392	1.17196529357	1.1722011625	1.17255496588	1.17316148597	1.17375115828	1.17431836689	1.17550332744	1.17614354309
PD_4P_1_bbduk_adapt_filt - polyg	0.0	0.0	0.00249417288802	0.00340602104063	0.00396922137018	0.00415695481336	0.0044519645098	0.00455924076305	0.00477379326954	0.00504198390266	0.00530481072312	0.00551936322962	0.00573927954877	0.00608792737183	0.00641511994424	0.00660821720008	0.0704751345714	0.129015785969	0.133703758236	0.144522568376	0.1581305611	0.173154600368	0.188259096825	0.209135055707	0.211623864783	0.21310964089	0.214037580481	0.215008430573	0.215775455783	0.216708759187	0.217679609278	0.219154657761	0.220356151797	0.221579101084	0.223016602878	0.224126912099
PD_4P_2_bbduk_adapt_filt - polyg	0.752462459346	0.802211821789	0.804545080298	0.806502871919	0.809613883264	0.811196207999	0.815084972179	0.817418230687	0.820341508588	0.82800103307	0.83426596626	0.837108786971	0.838835934648	0.839817512366	0.840927821587	0.841732393486	0.842381414818	0.843143076216	0.843684821295	0.844237293999	0.844811221954	0.845138414527	0.845481698537	0.845674795793	0.845819618735	0.845985896927	0.846157538933	0.846377455252	0.846618826822	0.846983566083	0.847455581597	0.848415704063	0.849418737031	0.850582684379	0.851982639484	0.852792575196
PD_50P_1_bbduk_adapt_filt - polyg	0.0	0.0	0.00138209359538	0.00380075738729	0.00483732758382	0.00518285098267	0.0062194211792	0.00691046797689	0.00794703817343	0.00995107388672	0.011056748763	0.0120242142798	0.0130607844763	0.0131989938359	0.0141664593526	0.0159631810266	3.5875694502	6.79112419493	7.04045387954	7.65748956519	8.43816513254	9.26168560135	9.70381734251	10.0124388424	10.0752549963	10.1082179285	10.1289493324	10.1406280233	10.1508555159	10.1572131465	10.1629488349	10.1666113829	10.1720015479	10.1749730492	10.1770461896	10.1805014236
PD_50P_2_bbduk_adapt_filt - polyg	11.8106808193	11.8929153882	11.9015534732	11.9050087072	11.9274677281	11.9309229621	11.9647842552	11.9696215828	11.9720402466	11.9962268845	12.0101169251	12.0152306714	12.0176493352	12.0197915803	12.020275313	12.0216574066	12.0231777096	12.0236614424	12.0243524892	12.0259418968	12.0272548857	12.0280150372	12.0288442933	12.0297426542	12.0300881776	12.0307101197	12.0317466899	12.0331978882	12.033888935	12.0349255052	12.0358929707	12.0369295409	12.0406611936	12.0423197059	12.0441855322	12.0459822539
PD_51P_2_bbduk_adapt_filt - polyg	0.854827245583	0.89967178185	0.90221217001	0.905340858587	0.909405479644	0.912667872861	0.917481239902	0.921171487967	0.92462106768	0.936248023177	0.945404116926	0.94846327909	0.950335144051	0.951372692057	0.952271187238	0.953062718707	0.953613581824	0.954046784858	0.954597647975	0.95508968105	0.95552823227	0.955886560705	0.956030961716	0.956276978254	0.956426727451	0.956576476647	0.956683440359	0.956822493185	0.95704711698	0.957159428878	0.957491016385	0.95788678212	0.958330681525	0.958683661774	0.959298703118	0.959678424296
PD_52P_1_bbduk_adapt_filt - polyg	0.0	0.0	0.00182056697952	0.00240452242578	0.00267932498872	0.00274802562946	0.00302282819241	0.00312587915351	0.00346938235719	0.00381288556088	0.00418386902085	0.00446554164787	0.00478843465934	0.00513193786302	0.0054754410667	0.0062311481148	0.081994214719	0.168756253905	0.180133080011	0.211488052443	0.339072012355	0.507876356709	0.554269899398	0.578624276539	0.582052438512	0.58410658767	0.585803493496	0.587012624773	0.58822175605	0.589101124252	0.589932402005	0.590914821167	0.592110212316	0.5935666659	0.595139910572	0.596424612554
PD_52P_2_bbduk_adapt_filt - polyg	1.33272372965	1.37974931823	1.38301259867	1.38603542686	1.39005441434	1.39297419157	1.39950075244	1.403313638	1.40681737068	1.4197605714	1.42834815149	1.43211981667	1.43475105121	1.43655787806	1.4376776985	1.4386532476	1.43950513554	1.44043946426	1.44115395092	1.44186843759	1.44250735354	1.44326306059	1.44340046187	1.44374396508	1.44423173963	1.44462333328	1.44505614732	1.44543400084	1.44584620468	1.44634771936	1.44711716654	1.44805149525	1.44910948512	1.45007129409	1.45123233492	1.45222849421
PD_53P_1_bbduk_adapt_filt - polyg	0.0	0.0	0.000862254556459	0.00155762113425	0.00189139709159	0.0021695437227	0.00233643170137	0.00241987569071	0.00255894900627	0.00281484390689	0.00315974572948	0.0034657070237	0.00386067523989	0.00423895465821	0.00466730047012	0.00500663936008	0.0405482158841	0.0707215624275	0.0747602515113	0.0852797571001	0.106079562175	0.124437239829	0.135357276566	0.148502486353	0.1502158696	0.15123388627	0.152179584816	0.152808196202	0.153631510231	0.15431018801	0.154849792475	0.155767676357	0.156535361059	0.157375363885	0.158293247768	0.158988614346
PD_53P_2_bbduk_adapt_filt - polyg	1.1516939408	1.19705965633	1.19959079068	1.2040967661	1.2085471122	1.21202394509	1.21811535631	1.22239881443	1.22662664322	1.24091781713	1.25168209175	1.25569296617	1.2583242333	1.25994860963	1.26116689187	1.261734311	1.26230173013	1.26289696392	1.26346438305	1.26423763068	1.26486624207	1.26531683961	1.26570624489	1.26605670965	1.26634041921	1.26673538743	1.26710254098	1.26745856867	1.26783684809	1.2682818827	1.26874916904	1.2693221511	1.26983950383	1.27056268507	1.27146388016	1.27232613471
PD_54P_2_bbduk_adapt_filt - polyg	0.757850963713	0.810115730819	0.812981175685	0.815822939189	0.818759428142	0.821388059383	0.825792792814	0.828208291792	0.831026373933	0.841976635968	0.850094607043	0.853087931267	0.855233462713	0.856867476727	0.858113116396	0.85902721699	0.859865537224	0.860628077097	0.861153803345	0.861646375686	0.862299981292	0.862811498722	0.86318566425	0.863323016153	0.863521939598	0.863858214946	0.864113973662	0.864260798109	0.864521293097	0.86479126063	0.865141744795	0.865601163229	0.866017955209	0.86658630791	0.867524089866	0.868206113107
PD_55P_1_bbduk_adapt_filt - polyg	0.0	0.0	0.00575155549916	0.00740222613569	0.00817597799656	0.00848547874091	0.00876918775656	0.00889814640004	0.0091302719583	0.00944493104839	0.00980601525013	0.01008456592	0.0103321665155	0.0106055588397	0.0110130681531	0.0116165946046	0.0471627550931	0.0733207263363	0.0762970918278	0.0824974234063	0.0955789882008	0.112596370794	0.123165821214	0.135721234743	0.137181046587	0.138202399043	0.138656333468	0.139254701574	0.139806644568	0.140219312227	0.140735146801	0.14135414829	0.141967991433	0.142664368108	0.143530970192	0.144124179952
PD_55P_2_bbduk_adapt_filt - polyg	0.5956341825	0.64389050689	0.645850678271	0.647604515822	0.649848396219	0.651705400685	0.654877783314	0.657276414083	0.659546086208	0.667685955785	0.674102937884	0.677373329083	0.679116849943	0.680313586154	0.681247246733	0.682351132721	0.683326060066	0.683939903209	0.68450732124	0.685105689346	0.685714374143	0.686209575334	0.686627401339	0.687024593961	0.687313461322	0.687530111843	0.687813820859	0.688092371529	0.688365763853	0.688680422943	0.689113723985	0.689536708336	0.69008865133	0.690650911015	0.691084212058	0.691424662876
PD_56P_2_bbduk_adapt_filt - polyg	0.487413474263	0.532725745925	0.535106046729	0.537010287372	0.538842397687	0.540342708497	0.543646277491	0.545839039443	0.548161635985	0.555925744425	0.562108756088	0.564823741611	0.566852046417	0.568046524638	0.569287166269	0.570438366294	0.571396257042	0.572140642021	0.5729513869	0.573545740798	0.574027571385	0.574552680168	0.575048936821	0.575449981441	0.575801977438	0.576029909273	0.576289578452	0.576529051139	0.576840654153	0.577143601528	0.577417696772	0.577870675228	0.578447717847	0.578969941417	0.579748948953	0.580288483802
PD_57P_1_bbduk_adapt_filt - polyg	0.0	0.0	0.00101100815798	0.00139820277167	0.00163482170226	0.00178539738536	0.00184992982098	0.00191446225659	0.00197899469221	0.0022156136228	0.00244793039101	0.00250385850188	0.00258990174937	0.0027361752701	0.00287384446607	0.0030545352858	0.0545729297188	0.119311869128	0.126578221379	0.150416503095	0.200024737434	0.254941840142	0.276968911499	0.290679902986	0.292658897678	0.293695718811	0.294276510731	0.294865906976	0.295459605384	0.2962124838	0.296707232473	0.297404182777	0.298354960662	0.299421896931	0.30065231537	0.301538560819
PD_57P_2_bbduk_adapt_filt - polyg	0.679892230833	0.721988889666	0.724548676278	0.726032922298	0.727667744	0.728657241346	0.731819330691	0.733109979403	0.734443649739	0.740191338672	0.744308508064	0.74562496975	0.74640366114	0.746971546574	0.747474899571	0.747806166074	0.748115921765	0.748365447183	0.748606368276	0.748873102343	0.749109721274	0.749346340204	0.749488311563	0.749582959135	0.749716326168	0.749875506176	0.749978758073	0.750026081859	0.75009921862	0.750275607277	0.750611175942	0.751097320291	0.751794270595	0.752555753336	0.7533602577	0.754169064226
PD_58P_1_bbduk_adapt_filt - polyg	0.0	0.0	0.0012203462356	0.00171367769254	0.00199929064129	0.00212911470891	0.00225893877653	0.00238876284414	0.00259648135233	0.00291325207731	0.00319367206337	0.00340658353426	0.00386875721497	0.00431015904487	0.00471521013583	0.00493850753213	0.0667087989041	0.126095520395	0.132597109701	0.148555084092	0.170547281146	0.19670423429	0.20895443331	0.215570267796	0.217273559563	0.218301766179	0.218935307629	0.219444217974	0.220171232752	0.220851510867	0.221713542676	0.222596346335	0.223816692571	0.225068196583	0.22657934873	0.227451766464
PD_58P_2_bbduk_adapt_filt - polyg	1.01665227351	1.07154188929	1.07569625946	1.07977273518	1.08397903497	1.08712077741	1.09296286045	1.09641618065	1.09986950085	1.11204699839	1.12119180571	1.12481649368	1.1272364143	1.12851388313	1.12974980825	1.13068454154	1.13133885484	1.13203471184	1.1326111307	1.13301618179	1.13354067102	1.13390937138	1.13424172099	1.1344494395	1.13468831578	1.13496873577	1.1352283839	1.13547764611	1.13563862796	1.13595539868	1.13659413309	1.13725363936	1.13793911044	1.13894135224	1.1398656996	1.14050443401
PD_59P_1_bbduk_adapt_filt - polyg	0.0	0.0	0.00140786502077	0.0020602902743	0.00230065747296	0.00250668650039	0.00257536284287	0.00271271552782	0.00291874455525	0.00338574368409	0.00389394861842	0.00441588882124	0.00499277009805	0.00549410739812	0.00614653265165	0.00700498693261	0.160723244298	0.31031405348	0.319908138524	0.341046716739	0.374560771867	0.425175236272	0.460399332329	0.499153392388	0.505265586869	0.508795550872	0.51163875145	0.513644100651	0.514880274815	0.515848611244	0.517194667557	0.51871928236	0.520539205435	0.522269849266	0.524185919221	0.525408358117
PD_59P_2_bbduk_adapt_filt - polyg	1.24427797299	1.28932965365	1.29180200198	1.29427435031	1.29908169429	1.30172573347	1.30780358978	1.31068799617	1.31391578426	1.32500014594	1.33396240863	1.33728634361	1.33953206001	1.34100173373	1.34253321617	1.34368011109	1.34489568235	1.34611125361	1.34721007509	1.34792430906	1.34869348409	1.34931157117	1.34986784955	1.35041726029	1.35073317146	1.35115209715	1.35139933199	1.35185259585	1.35240887422	1.35302009367	1.35366565129	1.35458591428	1.35566413285	1.35718188002	1.35864468612	1.35955121384
PD_5P_1_bbduk_adapt_filt - polyg	0.0	0.0	0.00107034088162	0.00131734262353	0.00148201045147	0.00164667827941	0.00186623538333	0.0019485692973	0.00203090321127	0.00236023886715	0.00259077382627	0.00281033093019	0.00313417765847	0.00351840259033	0.00377089325984	0.00424842996087	0.0699508933092	0.118138188692	0.121019875681	0.125443951325	0.130213829408	0.134775128242	0.139868853053	0.14682332432	0.148365712975	0.149556810263	0.150358193693	0.151313267095	0.152164050872	0.152828211112	0.153602149903	0.154529778667	0.155408007083	0.156780238982	0.158196382303	0.159206344981
PD_5P_2_bbduk_adapt_filt - polyg	0.544117392792	0.602711694901	0.604797487389	0.606663722772	0.608749515259	0.610560861366	0.613469992993	0.615281339101	0.61720246376	0.624502737465	0.630441757126	0.632801995994	0.634196183604	0.635442170168	0.636589356036	0.637527962656	0.638252501098	0.639097795949	0.639910157233	0.640497472486	0.640985987042	0.641644658354	0.642100239345	0.642528375697	0.64279733315	0.643027868109	0.643340736982	0.643653605855	0.64391707438	0.644197009687	0.644691013171	0.645278328424	0.646013844722	0.646815228151	0.647841657612	0.648407017155
PD_60P_1_bbduk_adapt_filt - polyg	0.0	0.0	0.00298702585321	0.00413205243027	0.00438097125137	0.00465478195458	0.00487880889357	0.00510283583256	0.005202403361	0.00547123568779	0.00589439768366	0.00639223532586	0.00688011621522	0.00733812684604	0.00783098611182	0.00830393187191	0.0427542967122	0.0731671982743	0.0758505431658	0.0815856328039	0.0878633654721	0.0960129676749	0.102514727282	0.109379908368	0.110514978192	0.111192037386	0.111674939899	0.112098101894	0.112576026031	0.113168452825	0.113845512019	0.114846165679	0.11572235993	0.11666825145	0.118136872494	0.119082764015
PD_60P_2_bbduk_adapt_filt - polyg	0.577740583774	0.628669374572	0.630561157612	0.632228913713	0.634394507457	0.636236506733	0.6396218027	0.641787396444	0.644002773951	0.652744802948	0.659346130084	0.662153934386	0.664065630932	0.665554165482	0.666604602907	0.667779499743	0.668829937168	0.669601585513	0.67027366633	0.67069184995	0.671319125379	0.671951379185	0.672334714169	0.672628438378	0.672762854541	0.672957011222	0.673255713807	0.673454848864	0.673778443331	0.674216540457	0.674739269981	0.675301826517	0.676043604603	0.676695771915	0.677795993104	0.678478030674
PD_63P_1_bbduk_adapt_filt - polyg	0.0	0.0	0.00112888374145	0.00146449782675	0.00167807042648	0.00183062228343	0.00207470525456	0.00213572599734	0.00228827785429	0.00252015667686	0.00297171017344	0.0034293657443	0.00388091924088	0.00428975821751	0.00479623038259	0.00530270254768	0.0221017130353	0.0407862644749	0.043355237746	0.0514038737188	0.0753118007404	0.0951496442186	0.103802385545	0.112076798266	0.113205682007	0.114059972406	0.115024100142	0.115689226239	0.116275025369	0.116720476792	0.117129315768	0.117782237716	0.118563303224	0.119350470806	0.120357313061	0.120851581078
PD_63P_2_bbduk_adapt_filt - polyg	1.00800165	1.06346950519	1.06649003196	1.07039535949	1.07472783223	1.07805346271	1.08433859922	1.0880913749	1.09147802613	1.10413983025	1.11373229102	1.11758880196	1.119809957	1.12154294609	1.12278776925	1.1238190198	1.12477704546	1.12565574416	1.12639409514	1.12715075236	1.12786469505	1.12837116721	1.12878610826	1.12893255804	1.12930478458	1.12956717377	1.12987837956	1.13022009572	1.13044587247	1.13074487411	1.13114150893	1.13166628732	1.13216055534	1.13264261921	1.13308196855	1.13339927642
PD_64P_2_bbduk_adapt_filt - polyg	0.72628324134	0.798766909703	0.801348458837	0.803974517439	0.806889887582	0.809360163047	0.813610817225	0.816904517845	0.820309492134	0.830377533757	0.839136997026	0.842791224335	0.845132422343	0.846894997269	0.8483059474	0.849449840723	0.850464656589	0.851225768489	0.852040291751	0.85277469797	0.853455692828	0.853856278038	0.854207902834	0.854626291832	0.854871093905	0.85518266018	0.855405207519	0.855529834029	0.855663362432	0.855863655037	0.856215279833	0.856558002736	0.857176684338	0.857848777303	0.858832436542	0.859433314357
PD_65P_1_bbduk_adapt_filt - polyg	0.0	0.0	0.00376724905446	0.00477004196824	0.00528498968072	0.00544760474782	0.00555601479255	0.00574573237083	0.00604385999385	0.00637451063028	0.00692198135618	0.0075019750955	0.00805486632364	0.00862943956072	0.00899261321058	0.00956176594542	0.0446974614433	0.0705369956053	0.0732418262214	0.0790146611034	0.088099422852	0.0982574440435	0.105916613704	0.113798023956	0.115939122339	0.117158735343	0.117960969674	0.118942080578	0.119738894407	0.120443559698	0.121392147589	0.122541294064	0.123603712502	0.124660710438	0.125988733486	0.127002367404
PD_65P_2_bbduk_adapt_filt - polyg	0.756268472055	0.805107197207	0.807275398102	0.809768829131	0.812587490294	0.815053818812	0.819254708045	0.822073369208	0.824946235393	0.834242396729	0.841977453421	0.845273118781	0.847620196249	0.84941438249	0.85099174864	0.852054167079	0.853084062504	0.85399470688	0.854937874269	0.856016554214	0.856645332473	0.857284951737	0.857756535432	0.858141391091	0.858423257207	0.858710543825	0.859106240489	0.859458573134	0.859772962264	0.86005482838	0.860634822119	0.861312384899	0.862120039732	0.863312550224	0.864396650672	0.865166361989
PD_66P_1_bbduk_adapt_filt - polyg	0.0	0.0	0.00202190044293	0.00309807325932	0.00339157493652	0.00358724272132	0.00381552180359	0.00384813310105	0.00414163477825	0.00435034708204	0.00471559361366	0.00501561755036	0.00522432985414	0.00551783153134	0.00582437772753	0.00630050267054	0.105843227057	0.234618718493	0.255333414644	0.300637029085	0.393696627535	0.504581561181	0.533925206641	0.548156776856	0.552285367115	0.554809481539	0.556863993279	0.55801191095	0.559244617995	0.560738215418	0.561866566311	0.563216674026	0.564481992368	0.565779922007	0.567488753994	0.568480137437
PD_66P_2_bbduk_adapt_filt - polyg	1.1211437956	1.16976724013	1.17152825019	1.17289792468	1.17619166573	1.17772439671	1.18212692187	1.18395315452	1.18590983237	1.19265384869	1.19734335326	1.19938482048	1.2004936046	1.20143280997	1.20213069173	1.20273726186	1.20342862137	1.20394387987	1.2042765151	1.2046482839	1.20507875302	1.20539182148	1.20586142416	1.20603752517	1.20623971521	1.20648756107	1.20670279564	1.20680715179	1.20697673053	1.20730284351	1.20803333657	1.20880296319	1.20959215659	1.21074007426	1.21175754674	1.21265109629
PD_6P_1_bbduk_adapt_filt - polyg	0.0	0.0	0.00116548078996	0.00167537863557	0.001857485009	0.00193032755838	0.00203959138244	0.00214885520649	0.00229454030524	0.00253492071817	0.00270974283666	0.00297197601441	0.00308123983846	0.00344545258533	0.00360570619395	0.00421758360868	0.190774636807	0.351967914314	0.360796431298	0.37853359207	0.401406152573	0.444084602251	0.487054422125	0.544323234442	0.55036916604	0.553421268859	0.555817788733	0.557070680583	0.558491110295	0.559656591085	0.56081478762	0.561841867566	0.563298718554	0.564777422306	0.566321684353	0.567625565987
PD_6P_2_bbduk_adapt_filt - polyg	1.42286993817	1.46814158261	1.47098244203	1.4743331993	1.47935933521	1.48165387551	1.48824612623	1.49199751753	1.49622238539	1.50867846133	1.51809700297	1.52157887683	1.52415021882	1.52571633363	1.52708577356	1.52809100074	1.52893597431	1.52946772492	1.53005046532	1.53059678444	1.53103383973	1.53141990525	1.53169670693	1.53192980309	1.53219203627	1.5323814269	1.5326727971	1.53296416729	1.533270106	1.53369259279	1.53441373403	1.53534611866	1.53624936627	1.53708705559	1.53820883085	1.5390902257
PD_70P_1_bbduk_adapt_filt - polyg	0.0	0.0	0.00218557773138	0.00309895349971	0.00339253856811	0.00391446757859	0.00424067321013	0.00437115546275	0.00472998165746	0.00515404897847	0.00557159218685	0.0061913828868	0.00658935375729	0.00702646930356	0.00737877138563	0.00786807983296	0.0406908904794	0.10660400039	0.114556893687	0.144208985595	0.223946690171	0.306489763178	0.329069716994	0.339371290838	0.342235376283	0.343742446301	0.34505379294	0.346267277889	0.347200225995	0.348152746439	0.349522810092	0.350625385127	0.351806249513	0.353130644377	0.354716003746	0.356118687962
PD_70P_2_bbduk_adapt_filt - polyg	1.22689200082	1.29692834991	1.30032088848	1.30371342705	1.30782361801	1.31183594727	1.31839268047	1.32211142467	1.32563444549	1.33912631041	1.34882114178	1.3525007413	1.35541701965	1.35695018612	1.35790270656	1.35888784757	1.35969031342	1.36025791122	1.36084508136	1.36145182383	1.36196722873	1.36243044073	1.36273054991	1.36291974917	1.36321333424	1.36355911221	1.36384617317	1.36424414404	1.36442681919	1.36492265175	1.36559463535	1.36644929411	1.36744095923	1.36870663708	1.36992012203	1.37084654602
PD_73P_1_bbduk_adapt_filt - polyg	0.0	0.0	0.0101473739411	0.0130360424353	0.0142211372021	0.0150358898543	0.0155543688148	0.0158506425065	0.0162209846212	0.0170209235888	0.0176134709722	0.0187244973161	0.0193762994379	0.0199836605059	0.0208576678964	0.0215242837028	0.0633877563416	0.121042616748	0.127560637966	0.147233211096	0.170401813788	0.193985199648	0.203258566198	0.207569348413	0.209154412663	0.210458016907	0.211065377975	0.211850503258	0.212828206441	0.213657772777	0.214605848591	0.215657620196	0.216531627587	0.217746349723	0.218768493959	0.219242531866
PD_73P_2_bbduk_adapt_filt - polyg	0.80830869941	0.859341842808	0.861860169187	0.864230358721	0.867785643021	0.869489216749	0.87408145897	0.876081306389	0.879266248575	0.887665607735	0.895279841612	0.89785742273	0.899753574357	0.900968296493	0.902020068099	0.903264417604	0.904360630263	0.905442029238	0.90606420399	0.906656751374	0.907456690341	0.908049237725	0.908715853531	0.908893617746	0.909278773545	0.909634301975	0.910063898828	0.910212035674	0.91036017252	0.910582377789	0.911293434649	0.911856354663	0.912582225208	0.91394508419	0.915485707387	0.916300460039
PD_74P_1_bbduk_adapt_filt - polyg	0.0	0.0	0.000671108690347	0.000939552166486	0.0011543069474	0.00128852868547	0.00171803824729	0.00179857129013	0.00201332607104	0.00260390171855	0.00341460101649	0.00399443892495	0.00451521926866	0.00521317230662	0.00565341960749	0.00628157734165	0.0539839830516	0.0935203382173	0.0963443635863	0.10068777903	0.1062069769	0.113197245018	0.119881487574	0.128342825942	0.130361520883	0.131590992003	0.132605708343	0.133615055813	0.134345222069	0.135204241192	0.136251170749	0.137287362567	0.138565153513	0.13995032185	0.141185161841	0.142060287573
PD_74P_2_bbduk_adapt_filt - polyg	0.521531985443	0.576294454575	0.57803933717	0.579354710203	0.581448569317	0.582951852783	0.586602684059	0.589018675344	0.591515199672	0.599112150047	0.60470114322	0.607390946851	0.608985501099	0.610386776045	0.611653829252	0.613108792893	0.614123509233	0.614821462271	0.61572343235	0.616523393909	0.617312617729	0.61820385007	0.618805163457	0.619342050409	0.619798404318	0.62023328275	0.620469513009	0.620872178223	0.621344638741	0.62180636152	0.622300297516	0.622810340121	0.623723047939	0.624576698194	0.625591414533	0.62630547418
PD_75P_1_bbduk_adapt_filt - polyg	0.0	0.0	0.00148275929517	0.00182978806637	0.00208217262725	0.0022399129778	0.00249229753868	0.00271313402945	0.00296551859033	0.00348290694013	0.00388041262352	0.00432839521908	0.00468804321833	0.00500352391943	0.00531269500651	0.00573543914598	0.127630872437	0.228010521912	0.234048822531	0.248030927204	0.269496234107	0.298230216363	0.325254293219	0.366878816922	0.371655194737	0.374544997959	0.376551455218	0.377977427987	0.379176254651	0.380583298578	0.381782125242	0.383044048046	0.384198707412	0.385624680181	0.387593279756	0.388703771824
PD_75P_2_bbduk_adapt_filt - polyg	1.09657936895	1.14036809026	1.14207168605	1.14371218569	1.14664615621	1.14831820393	1.1538391162	1.15655225023	1.15904454777	1.16713978256	1.1740866676	1.17680611124	1.17837720513	1.17949400681	1.18045937776	1.18109664877	1.18179701593	1.18247214463	1.18309679642	1.18359525593	1.18419466926	1.18473098645	1.18500229985	1.18529885171	1.18560171319	1.18604338617	1.18632100918	1.18656077452	1.18682577831	1.18705923403	1.18743781087	1.18797412806	1.18873128174	1.18972189114	1.19057368904	1.1914128677
PD_76P_1_bbduk_adapt_filt - polyg	0.0	0.0	0.00170710211383	0.00267780723738	0.00314642350392	0.00334725904672	0.00351462199906	0.00354809458952	0.00378240272279	0.00411043410937	0.00462591200257	0.00484013658156	0.00509452826911	0.00558992260802	0.00585770333176	0.00611878953741	0.0573318529522	0.106395976059	0.110680467639	0.122563237255	0.140082791105	0.156537916579	0.16710186613	0.175449930193	0.177029836463	0.178134431948	0.178951163156	0.179654087556	0.180383790028	0.180979602138	0.182017252443	0.183128542446	0.184032302389	0.185244010164	0.186576219264	0.187245671074
PD_76P_2_bbduk_adapt_filt - polyg	1.4561246305	1.52444218765	1.52825806296	1.53260949972	1.53873498378	1.54335420126	1.55135415038	1.55593989528	1.5604252224	1.57827280764	1.59057063738	1.59472793311	1.5978676621	1.59979568331	1.60136220054	1.60238646181	1.60341072308	1.60422075977	1.60468268152	1.60497054579	1.60543916206	1.60584752766	1.60602158513	1.60638978363	1.60667764791	1.60693873411	1.60714626417	1.60744751749	1.60766174207	1.60790943924	1.60849186231	1.60916800864	1.60991779467	1.61073452587	1.61157134063	1.61230773762
PD_77P_1_bbduk_adapt_filt - polyg	0.0	0.0	0.00345151889445	0.00464169782357	0.00490353718797	0.0051415729738	0.00545101949537	0.00561764454545	0.00590328748843	0.00653646267873	0.00712679142757	0.00766951301925	0.00815034530661	0.00896442769413	0.0096499707573	0.0104021638405	0.0410897373489	0.0734483220738	0.0765713515839	0.0820128496478	0.0891110767811	0.0961283717472	0.101474655497	0.107477918015	0.108868047004	0.110172483111	0.111238883431	0.112052965819	0.112895612501	0.11371921632	0.114504734413	0.115837734813	0.117318317401	0.119041696491	0.120969786356	0.122088554549
PD_77P_2_bbduk_adapt_filt - polyg	0.729722505022	0.792801988265	0.795444185488	0.798205400604	0.801894955284	0.804394331035	0.809083636016	0.812130494074	0.815415387919	0.825151051559	0.833672732691	0.83801926614	0.840790002687	0.843408396331	0.845484068384	0.847293140356	0.848887980121	0.850092441197	0.851244534401	0.852258566848	0.853339249316	0.853962903075	0.854438974647	0.855110235563	0.855453007094	0.855867189362	0.856181396599	0.856467039542	0.8567574432	0.857181146899	0.857685782765	0.858418932986	0.859399640423	0.860608862215	0.862018034067	0.863284384448
PD_78P_1_bbduk_adapt_filt - polyg	0.0	0.0	0.0049346079944	0.00652314618438	0.00713152251246	0.00770610015564	0.00804408700457	0.00834827516861	0.00868626201754	0.00931491755656	0.00972050177528	0.0101734041528	0.0105789883716	0.0111603257517	0.0115050723376	0.0120796499808	0.0780276439444	0.170514365286	0.184196072931	0.225815773508	0.326772445284	0.433272101383	0.486254919821	0.538379251663	0.545470215754	0.548471538972	0.550823927441	0.552622017477	0.55375765329	0.555204237003	0.556339872816	0.557867573373	0.559652143935	0.56127448081	0.563363239536	0.564573232456
PD_78P_2_bbduk_adapt_filt - polyg	1.50089820005	1.55217080503	1.55467190772	1.55791658147	1.5625470013	1.56494670792	1.57130086068	1.57525530682	1.57907455821	1.5911744874	1.59964443783	1.60380167608	1.60593099323	1.607864278	1.60941901751	1.61083180253	1.61207559414	1.61301519758	1.61382636602	1.6146645734	1.61545546263	1.61626663107	1.6166924945	1.6170034424	1.61745634477	1.61759153951	1.61790248741	1.61820667558	1.61856494164	1.61912599981	1.61975465535	1.62060638221	1.62184341407	1.62324943936	1.62471630229	1.62571674336
PD_79S_1_bbduk_adapt_filt - polyg	0.0	0.0	0.00331583336673	0.00462785376364	0.00517651683871	0.00543892091809	0.00567747008116	0.00589216432793	0.0061068585747	0.00654578903475	0.00706105522699	0.00751429863683	0.00794368713037	0.00842555643978	0.00899330344789	0.00946085980752	0.0434207186628	0.079040879693	0.0840170152347	0.0979816832411	0.1526905483	0.210762956559	0.224312549022	0.230238110233	0.231927038307	0.23310070019	0.234031041925	0.234722834498	0.235333520356	0.236049167845	0.237351646275	0.238510995208	0.239555840542	0.240987135521	0.242590185897	0.243320146336
PD_79S_2_bbduk_adapt_filt - polyg	0.908967730978	0.968294907834	0.973304440259	0.976477144128	0.979959961908	0.982774842033	0.987760519541	0.990646964414	0.994153637111	1.00589502692	1.01500760495	1.01852859059	1.02088545633	1.02273182685	1.0238577789	1.02487876932	1.02586159187	1.02681578852	1.02774613026	1.0284188389	1.02914879933	1.02971654634	1.03016501877	1.03053238448	1.03087112429	1.03122894804	1.03143410032	1.03160585571	1.03191119864	1.03232627419	1.03290833414	1.03375279818	1.03454955239	1.03549897806	1.03670603682	1.03735489054
PD_7P_1_bbduk_adapt_filt - polyg	0.0	0.0	0.00189257517337	0.00268350211149	0.00293772862732	0.00302247079926	0.0031637077525	0.00322020253379	0.00333319209638	0.00365521234976	0.00385294408429	0.00399983051566	0.00416931485954	0.00427100546587	0.00438964450659	0.00457042780673	0.0133327683855	0.0243831476067	0.0261909806082	0.0305410787678	0.0541954436959	0.0936570484302	0.101786647458	0.104639633914	0.105210231205	0.105520952502	0.105775179018	0.106029405534	0.106204539356	0.106498312218	0.106792085081	0.1074587235	0.108057568182	0.108662062342	0.109520783018	0.110051833962
PD_7P_2_bbduk_adapt_filt - polyg	0.502351595271	0.550089685465	0.552292981936	0.55379009364	0.555852153157	0.557208027908	0.559665550895	0.560993178255	0.562772763866	0.567953335311	0.572602855811	0.5742073076	0.575133822013	0.575710068782	0.576388006158	0.576964252927	0.57743880909	0.577777777778	0.578020705337	0.578320127678	0.578523508891	0.578636498453	0.578715591147	0.578777735407	0.578873776535	0.578958518707	0.57900936401	0.57909975566	0.579246642091	0.579393528523	0.579653404517	0.579918929989	0.580404785108	0.580828495968	0.581399093259	0.581811505162
PD_81P_1_bbduk_adapt_filt - polyg	0.0	0.0	0.00153668843642	0.00153668843642	0.00153668843642	0.00307337687284	0.00461006530926	0.00614675374568	0.0076834421821	0.0187475989243	0.022742988859	0.0230503265463	0.0230503265463	0.0230503265463	0.0230503265463	0.0267383787937	10.4359585094	20.2686131387	21.1884748367	23.0343449866	25.8769112562	29.6261237034	31.9824817518	34.1605839416	34.4470226662	34.5899346907	34.6990395697	34.7678832117	34.8213599693	34.8545524395	34.8788321168	34.9037264695	34.9215520553	34.9280061468	34.9338455628	34.936611602
PD_81P_2_bbduk_adapt_filt - polyg	70.623127161	70.7629658087	70.7829427584	70.7936995774	70.8689973108	70.8782174414	71.0057625816	71.0134460238	71.0257395313	71.0939684979	71.1200922013	71.1265462927	71.1283903189	71.130234345	71.130234345	71.130234345	71.130234345	71.130234345	71.130234345	71.130234345	71.1305416827	71.1317710334	71.1330003842	71.1363810987	71.1363810987	71.1363810987	71.1379177872	71.1403764887	71.1437572032	71.1471379178	71.1492892816	71.1572800615	71.165578179	71.1830964272	71.1938532463	71.2024587015
PD_82P_1_bbduk_adapt_filt - polyg	0.0	0.0	0.00110225753365	0.00162582986214	0.00176361205385	0.0019289506839	0.00198406356058	0.00212184575229	0.0023974101357	0.00266195194378	0.00305325336822	0.00348313380635	0.0037697207651	0.00411142060053	0.00440903013462	0.00476175254539	0.111013867502	0.191335373979	0.195832584717	0.204011335616	0.216659740815	0.234339951655	0.248834638223	0.267214782596	0.269656283033	0.270978992074	0.272141873772	0.273018168511	0.274142471195	0.275167570702	0.275922617112	0.276975273057	0.278022417714	0.279097118809	0.280557610041	0.28143390478
PD_82P_2_bbduk_adapt_filt - polyg	1.09211676435	1.13653774295	1.13910049172	1.14254504651	1.14717452815	1.15050885719	1.15596503198	1.15932691746	1.16219278705	1.17468687619	1.18297034156	1.18614484325	1.18795254561	1.18917605147	1.1903720009	1.19146874714	1.19229544029	1.19310008829	1.19378348796	1.19440626347	1.19489676807	1.19527704692	1.19558016774	1.19585022084	1.19599351432	1.19617538681	1.19637379317	1.1965832221	1.19686429777	1.19726111048	1.19783979569	1.19879324845	1.19955931744	1.20036947673	1.20166462933	1.20245274346
PD_83P_1_bbduk_adapt_filt - polyg	0.0	0.0	0.0	0.0	0.0	0.0	0.0	0.0	0.0017958157493	0.0017958157493	0.0017958157493	0.0017958157493	0.0017958157493	0.00323246834875	0.00538744724791	0.00610577354763	0.0405854359343	0.0750650983209	0.0793750561192	0.0833258507677	0.0905091137649	0.0987698662117	0.104516476609	0.113495555356	0.114932207955	0.116368860555	0.116728023705	0.118523839454	0.118523839454	0.118523839454	0.119960492054	0.120319655203	0.121756307803	0.122115470953	0.122115470953	0.122115470953
PD_83P_2_bbduk_adapt_filt - polyg	0.750650983209	0.822483613181	0.82607524468	0.82607524468	0.829666876179	0.829666876179	0.836850139176	0.840441770674	0.842237586424	0.85121666517	0.862350722816	0.863787375415	0.863787375415	0.865224028015	0.868815659513	0.869533985813	0.870970638412	0.870970638412	0.871329801562	0.873843943611	0.874562269911	0.87635808566	0.87635808566	0.87635808566	0.87635808566	0.87635808566	0.87635808566	0.87635808566	0.87635808566	0.87635808566	0.87635808566	0.87635808566	0.87635808566	0.87707641196	0.879590554009	0.879949717159
PD_84P_1_bbduk_adapt_filt - polyg	0.0	0.0	0.00272263187748	0.00374361883154	0.0040555870675	0.00431083380601	0.00450935904708	0.00470788428815	0.00479296653432	0.00530346001134	0.00580260918888	0.00617129892229	0.00669313669881	0.00714123652864	0.00748723766307	0.00800340328985	0.0712819058423	0.125127623369	0.130839478162	0.14134429949	0.15643788996	0.173159387408	0.192688598979	0.221389676687	0.224424276801	0.226375496313	0.227884288145	0.229285309132	0.230465116279	0.231622234827	0.232994895065	0.234322178106	0.235836642087	0.237702779353	0.240022688599	0.241690300624
PD_84P_2_bbduk_adapt_filt - polyg	0.628360748724	0.666591038003	0.668718094158	0.670051049348	0.671695972774	0.6733408962	0.677197958026	0.679523539421	0.681593874078	0.687799205899	0.692716959728	0.695360181509	0.697152580828	0.698808848554	0.700289279637	0.701310266591	0.702603516733	0.703494044243	0.704044242768	0.704792966534	0.7055643789	0.70600680658	0.706483267158	0.70689733409	0.707231990925	0.707368122518	0.707577992059	0.707719795803	0.708065796937	0.708564946115	0.709075439592	0.709761769711	0.710839478162	0.712064662507	0.71355643789	0.714690867839
PD_8P_1_bbduk_adapt_filt - polyg	0.0	0.0	0.00407519196826	0.00525543882246	0.00572308380243	0.0060348471224	0.00616845997382	0.00636887925095	0.00654702971951	0.00709929617204	0.00749568096458	0.00795887218283	0.0083329881668	0.00862248267821	0.00902332123246	0.00944197483357	0.0165769010993	0.0258095491323	0.0280631525596	0.0351624487316	0.0745470635681	0.167145223363	0.189730249014	0.199546339832	0.201376835896	0.202543721465	0.203545817851	0.204187159538	0.204797324893	0.205398582724	0.205892950274	0.206605552148	0.207482943206	0.208213360127	0.209491589739	0.210306628133
PD_8P_2_bbduk_adapt_filt - polyg	0.591303673953	0.62746821907	0.629583755884	0.631008959632	0.632679120275	0.633814829512	0.636954731521	0.638847580249	0.64038412804	0.646320992405	0.650681225123	0.653264406917	0.654898937466	0.655936663945	0.657045650612	0.658386232888	0.659174548711	0.659962864535	0.660532946034	0.661005044776	0.661539496182	0.661993779876	0.662399072192	0.662737558083	0.663027052594	0.663396714816	0.663815368417	0.664038056503	0.664242929542	0.66449679396	0.664853094897	0.665414268873	0.666019980466	0.666688044723	0.667489721831	0.667930644241
PD_9P_1_bbduk_adapt_filt - polyg	0.0	0.0	0.00522913090203	0.00644847981192	0.0067064190044	0.00710505230186	0.00748023658183	0.00759748166932	0.0077616247918	0.00801487418078	0.00826812356976	0.00855889138673	0.00880276116871	0.00917325564518	0.00941712542715	0.00967975442313	0.0485676050416	0.0906023138084	0.0945089201235	0.104831177626	0.122324144679	0.139202747474	0.14895284895	0.157614916014	0.158787366889	0.159706568375	0.1604100389	0.160827431411	0.161432416062	0.162117127373	0.162740871239	0.16353344803	0.164265057376	0.165414059234	0.166483334432	0.167027351637
PD_9P_2_bbduk_adapt_filt - polyg	0.740191686338	0.813376069949	0.816471340259	0.818394159694	0.821161143759	0.823576392561	0.827914460798	0.830822138968	0.833542224998	0.843189150796	0.850561521898	0.853731829063	0.855556162625	0.856864617801	0.858088656514	0.859115723481	0.860058373984	0.860930677435	0.861582560122	0.862131267131	0.862670594533	0.863083297241	0.863505379556	0.863833665801	0.864030637548	0.86426043792	0.864476168881	0.864790385715	0.865006116676	0.865343782528	0.865718966808	0.866272363621	0.867050871002	0.867679304671	0.868500020283	0.869184731594
PD_Extr_neg_plate1_1_bbduk_adapt_filt - polyg	0.0	0.0	0.00450551926109	0.00901103852219	0.0135165577833	0.0270331155666	0.0450551926109	0.0540662311331	0.0765938274386	0.139671097094	0.162198693399	0.162198693399	0.162198693399	0.166704212661	0.171209731922	0.173011939626	11.5134039198	23.6602838477	25.0533904032	29.7589547195	40.6325749043	51.6710970939	55.0583464744	57.0506870917	57.5517008335	57.7760756927	58.0031538635	58.1284072989	58.2266276188	58.2978148232	58.3572876774	58.4068483893	58.4717278666	58.5095742284	58.518585267	58.5266952016
PD_Extr_neg_plate1_2_bbduk_adapt_filt - polyg	76.5217391304	76.7109709394	76.7289930164	76.7425095742	76.8686641135	76.8911917098	77.1029511151	77.1209731922	77.1389952692	77.2822707817	77.3444469475	77.3570624014	77.359765713	77.359765713	77.359765713	77.359765713	77.3624690246	77.3642712323	77.3642712323	77.3642712323	77.3642712323	77.3642712323	77.3669745438	77.3732822708	77.3732822708	77.3822933093	77.3867988286	77.3886010363	77.3949087632	77.4003153863	77.4111286326	77.4228429827	77.432755125	77.463392656	77.4967334985	77.5039423294
PD_Extr_neg_plate2_1_bbduk_adapt_filt - polyg	0.0	0.0	0.0	0.00231446657332	0.00347169985997	0.00694339971995	0.0127295661532	0.0138867994399	0.0185157325865	0.0303195121104	0.0365685718584	0.0372629118304	0.0381886984597	0.0381886984597	0.0381886984597	0.042586184949	13.1764896485	31.1129112518	32.9929524493	38.4305602166	48.4494231192	59.2480298103	64.7495168551	69.3775242151	69.9434112923	70.2188328145	70.4301436127	70.5329059285	70.6039600523	70.6632103966	70.7076481548	70.7525488063	70.7863400183	70.8074016641	70.82638029	70.8342494764
PD_Extr_neg_plate2_2_bbduk_adapt_filt - polyg	80.0307824054	80.1164176686	80.1476629674	80.1661787	80.3015749945	80.3073611609	80.5353361184	80.5422795181	80.5526946177	80.6688808397	80.7133185979	80.7214192309	80.7225764642	80.7228079108	80.7228079108	80.7244280374	80.7251223774	80.7251223774	80.7251223774	80.7251223774	80.7251223774	80.7258167174	80.7278997373	80.7299827572	80.7318343305	80.7364632636	80.7415550901	80.7454896833	80.7480355965	80.7526645296	80.7626167359	80.7739576221	80.7866871883	80.8061287075	80.8209412936	80.8304306065
PD_Extr_neg_plate3_1_bbduk_adapt_filt - polyg	0.0	0.0	0.0234503243962	0.0234503243962	0.0234503243962	0.0234503243962	0.0312670991949	0.0390838739936	0.054717423591	0.0750410380677	0.0938012975846	0.101618072383	0.101618072383	0.101618072383	0.101618072383	0.112561557102	13.4917533026	24.6947549441	25.3341671226	26.79590401	29.0612053467	31.7017118737	35.6788868913	43.1485968889	43.7833190026	44.0350191511	44.2148049715	44.3258031736	44.3820839522	44.4180411162	44.4477448605	44.4899554444	44.5352927382	44.5665598374	44.5790666771	44.5790666771
PD_Extr_neg_plate3_2_bbduk_adapt_filt - polyg	73.5793011803	73.8763386227	73.8919721723	73.9076057219	74.0404908935	74.0404908935	74.1968263894	74.2046431642	74.2202767138	74.2953177519	74.3172047213	74.3250214961	74.329711561	74.329711561	74.329711561	74.329711561	74.329711561	74.329711561	74.329711561	74.329711561	74.329711561	74.329711561	74.3359649808	74.3453451106	74.3453451106	74.3453451106	74.3453451106	74.3453451106	74.3453451106	74.3453451106	74.3484718205	74.3547252404	74.3609786602	74.3750488548	74.3984991792	74.407879309
PD_Extr_pos_plate1_1_bbduk_adapt_filt - polyg	0.0	0.0	0.0114590495239	0.0156259766235	0.0177094401733	0.0250015625977	0.0312519532471	0.0343771485718	0.042711002771	0.0612538283643	0.064587370044	0.064587370044	0.0654207554639	0.0664624872388	0.0683376044336	0.0691709898535	4.07983832323	10.6360814218	11.5507219201	14.9198908265	23.096026835	33.0664416526	36.0643373544	37.2171177365	37.4935933496	37.6308935975	37.7238160718	37.7817363585	37.8209054733	37.8494489239	37.870075213	37.8896597704	37.9021605517	37.911119445	37.9159114111	37.9179948747
PD_Extr_pos_plate1_2_bbduk_adapt_filt - polya	0.0010417317749	0.00208346354981	0.00208346354981	0.00520865887451	0.00625039064942	0.00729212242432	0.010417317749	0.0114590495239	0.0145842448486	0.0197929037231	0.0283351042774	0.0364606121216	0.0439610809009	0.0497947788403	0.0622955601392	0.0760464195679	0.0922974352564	0.11125695356	0.130424818218	0.148134258391	0.15938496156	0.167510469404	0.178969518928	0.190428568452	0.200012500781	0.21292997479	0.225222409734	0.240015000938	0.253140821301	0.26897514428	0.280850886514	0.300435443882	0.320228347605	0.337729441423	0.354813842532	0.367731316541
PD_Extr_pos_plate1_2_bbduk_adapt_filt - polyg	54.7638394066	56.7879242453	56.8504281518	56.8754297144	56.9868950143	57.0233556264	57.2212846636	57.2629539346	57.2900389608	57.4769256412	57.5829739359	57.6283934413	57.661103819	57.6756880638	57.6842302644	57.6908973478	57.696314353	57.7011063191	57.7025647436	57.706314978	57.7067316707	57.7067316707	57.7069400171	57.7088151343	57.7117319832	57.7119403296	57.7129820614	57.7173573348	57.719232452	57.7231910328	57.7296497698	57.7359001604	57.7467341709	57.7569431423	57.7696522699	57.7754859679
PD_Extr_pos_plate2_1_bbduk_adapt_filt - polyg	0.0	0.0	0.00290414857624	0.00435622286436	0.00580829715248	0.00871244572872	0.0130686685931	0.0159728171693	0.0217811143218	0.0403676652098	0.0435622286436	0.0435622286436	0.0435622286436	0.0435622286436	0.0435622286436	0.0482088663656	16.7293478734	36.7244108209	38.600781216	45.2745146442	56.5719430206	66.0110067231	69.5938548216	71.7821307738	72.1985856796	72.4346929589	72.5932594712	72.6911292782	72.764894652	72.8250105275	72.8694440008	72.907778762	72.938272322	72.9597630215	72.9725412752	72.9841578695
PD_Extr_pos_plate2_2_bbduk_adapt_filt - polyg	88.8988920673	89.0426474218	89.0731409819	89.0876617248	89.229965005	89.2386774507	89.4739134854	89.4826259311	89.5015028969	89.6432253474	89.6905629692	89.6978233406	89.7015987338	89.7053741269	89.7062453715	89.7062453715	89.7062453715	89.7062453715	89.7062453715	89.7062453715	89.7062453715	89.7062453715	89.7065357864	89.7091495201	89.7108920092	89.7137961578	89.7169907212	89.7198948698	89.7262839967	89.7288977304	89.7373197613	89.7471938664	89.7611337796	89.7788490859	89.7922081694	89.8006302002
PD_Extr_pos_plate3_2_bbduk_adapt_filt - polyg	0.543124504452	0.593664221784	0.595633993071	0.597497290234	0.599804229578	0.601827237926	0.605624815001	0.608375396527	0.610788809996	0.619178970935	0.625269290804	0.627924045619	0.62971990917	0.631285078787	0.632743774281	0.634017914626	0.635150089474	0.636175790198	0.636885617688	0.637542208117	0.638294625257	0.638972510511	0.639469389754	0.6397959104	0.640136627595	0.64054832754	0.640991969722	0.641293646405	0.641673404113	0.642060260095	0.642436468665	0.642830422922	0.643352146128	0.643909360708	0.644612089924	0.645055732105
PD_Lib_neg_plate1_1_bbduk_adapt_filt - polyg	0.0	0.0	0.00661375661376	0.00992063492063	0.0198412698413	0.0363756613757	0.0529100529101	0.0628306878307	0.0760582010582	0.131613756614	0.158068783069	0.15873015873	0.15873015873	0.15873015873	0.159391534392	0.193121693122	19.3988095238	36.5119047619	37.8624338624	40.8551587302	45.7585978836	51.1461640212	54.9497354497	58.7281746032	59.3095238095	59.626984127	59.8571428571	59.9927248677	60.0740740741	60.1587301587	60.2056878307	60.2414021164	60.2698412698	60.2943121693	60.3167989418	60.3240740741
PD_Lib_neg_plate1_2_bbduk_adapt_filt - polyg	74.2724867725	74.494047619	74.537037037	74.5734126984	74.7288359788	74.7453703704	74.9636243386	74.9801587302	75.0165343915	75.1468253968	75.1997354497	75.2162698413	75.2248677249	75.2261904762	75.2281746032	75.2281746032	75.2281746032	75.2281746032	75.2281746032	75.2281746032	75.2281746032	75.2281746032	75.2294973545	75.2314814815	75.2334656085	75.2380952381	75.2447089947	75.253968254	75.2585978836	75.2705026455	75.2883597884	75.3075396825	75.330026455	75.3591269841	75.3816137566	75.3968253968
PD_Lib_neg_plate2_1_bbduk_adapt_filt - polyg	0.0	0.0	0.0	0.0	0.0	0.00966183574879	0.0193236714976	0.0193236714976	0.0193236714976	0.0193236714976	0.0231884057971	0.0289855072464	0.0289855072464	0.0289855072464	0.0289855072464	0.0502415458937	23.9111111111	41.2966183575	42.0792270531	43.884057971	46.1062801932	49.2193236715	52.5391304348	57.5420289855	58.0231884058	58.2531400966	58.4888888889	58.6299516908	58.7304347826	58.8019323671	58.8657004831	58.9236714976	58.9391304348	58.9700483092	58.9951690821	59.0048309179
PD_Lib_neg_plate2_2_bbduk_adapt_filt - polyg	86.7729468599	86.9951690821	87.0241545894	87.0241545894	87.1980676329	87.1980676329	87.3913043478	87.3913043478	87.4009661836	87.5207729469	87.5555555556	87.5555555556	87.5555555556	87.5555555556	87.5555555556	87.5555555556	87.5555555556	87.5555555556	87.5555555556	87.5555555556	87.5555555556	87.5555555556	87.5555555556	87.5555555556	87.5555555556	87.5652173913	87.5729468599	87.5903381643	87.5942028986	87.5942028986	87.6038647343	87.6038647343	87.6115942029	87.6328502415	87.6328502415	87.6425120773
PD_Lib_pos_plate1_2_bbduk_adapt_filt - polyg	0.656066378752	0.704514144229	0.707078618224	0.709527575373	0.712692736971	0.71544203792	0.719323403967	0.722488565565	0.725815450748	0.735865416405	0.74335552874	0.746428276861	0.748322753145	0.749718196653	0.75062384873	0.751219915659	0.751820603261	0.752633841862	0.753326942941	0.753844458414	0.754195629628	0.754500594103	0.754828661948	0.755050454293	0.75528610866	0.755466314941	0.755711210656	0.755905278958	0.756090105913	0.756237967476	0.756455139148	0.756778586319	0.757194446967	0.757619548962	0.758210995217	0.758529821714
PD_Lib_pos_plate2_1_bbduk_adapt_filt - polyg	0.0	0.0	0.000798687828506	0.00113752508908	0.00145215968819	0.00157317299554	0.0017667942873	0.00183940227171	0.002008820902	0.00227020964587	0.00241542561469	0.00251707679287	0.0028123492628	0.0032092729109	0.00346582112249	0.00367880454342	0.0134808824387	0.0247496416191	0.0268262299732	0.0329495033251	0.0526553102939	0.0749798452337	0.0847528799352	0.0929382200443	0.0944339445231	0.0952084296902	0.0957360477102	0.0964137222314	0.0969268186545	0.0973237423026	0.0978755629842	0.0983983404719	0.0990760149931	0.099816616434	0.100334553389	0.100683071715
PD_Lib_pos_plate2_2_bbduk_adapt_filt - polyg	1.19447395152	1.25338322954	1.25648117021	1.26091025726	1.26642846407	1.27126899637	1.27857820013	1.28312830049	1.28813825141	1.30346821719	1.31507097309	1.32010028615	1.32281582476	1.32450517054	1.32583631692	1.32691091509	1.32772412451	1.32850345021	1.32924889218	1.32989752351	1.33044934419	1.33086562997	1.3312141483	1.33145617491	1.33173208525	1.33194022814	1.33210480624	1.33238071658	1.3328792914	1.3333439825	1.33377478988	1.33407006235	1.33434113216	1.33470901261	1.33533344128	1.3356964812
