Sample	0.0	1.0	2.0	3.0	4.0	5.0	6.0	7.0	8.0	9.0	10.0	11.0	12.0	13.0	14.0	15.0	16.0	17.0	18.0	19.0	20.0	21.0	22.0	23.0	24.0	25.0	26.0	27.0	28.0	29.0	30.0	31.0	32.0	33.0	34.0	35.0	36.0	37.0	38.0	39.0	40.0	41.0	42.0	43.0	44.0	45.0	46.0	47.0	48.0	49.0	50.0	51.0	52.0	53.0	54.0	55.0	56.0	57.0	58.0	59.0	60.0	61.0	62.0	63.0	64.0	65.0	66.0	67.0	68.0	69.0	70.0	71.0	72.0	73.0	74.0	75.0	76.0	77.0	78.0	79.0	80.0	81.0	82.0	83.0	84.0	85.0	86.0	87.0	88.0	89.0	90.0	91.0	92.0	93.0	94.0	95.0	96.0	97.0	98.0	99.0	100.0
PD_100P_1_bbduk_adapt_filt	0.0	2.83761278447e-05	0.000156068703146	0.000198632894913	0.000269573214524	0.000553334492971	0.000652650940427	0.00066683900435	0.000638462876505	0.00103572866633	0.00202889314089	0.00368889661981	0.00618599587014	0.0100593373209	0.0163162735107	0.0259074047222	0.0390313638503	0.0579724291867	0.0854688970682	0.118796659222	0.158565802396	0.208266590316	0.271233218003	0.344457815906	0.420136948868	0.505705162384	0.604170326005	0.703444209269	0.803228862835	0.91093045607	1.02030624085	1.12782338925	1.23515609282	1.3467735917	1.46166853334	1.57215098711	1.69185568242	1.8182571439	1.94748203011	2.07706161791	2.20264017169	2.32461495723	2.41997293485	2.48899786583	2.54025934078	2.57870899401	2.60677298445	2.60624802609	2.58577464985	2.58082301554	2.58056763039	2.57384248809	2.58732114881	2.61051863333	2.6401433108	2.67812475792	2.72696007394	2.7826198487	2.84036526887	2.89850795482	2.9131074726	2.89166930801	2.85306358608	2.75065414069	2.59682715164	2.40046434696	2.14583116374	1.87407298737	1.59845565762	1.32110738406	1.06858822237	0.844615445297	0.646649389388	0.490254360772	0.366094613388	0.261911660006	0.184175257776	0.125394108946	0.0806875195263	0.0521269468507	0.0327602395967	0.0198349133634	0.0116342124163	0.0066683900435	0.00393009370649	0.00252547537818	0.00139043026439	0.000808719643573	0.000595898684738	0.000354701598058	0.000227009022757	0.000170256767068	0.000141880639223	0.000141880639223	0.000141880639223	0.000156068703146	0.00018444483099	0.000170256767068	0.000156068703146	0.000113504511379	2.83761278447e-05
PD_100P_2_bbduk_adapt_filt	0.0	5.68219672589e-05	0.000170465901777	0.00024149336085	0.000397753770812	0.000568219672589	0.000568219672589	0.000596630656218	0.000681863607107	0.00100858991885	0.00203138532951	0.00322464664194	0.00551173082411	0.00954609049949	0.0158249178816	0.0265074477263	0.0401589253602	0.057347570456	0.0810281253112	0.115178127634	0.154953504715	0.200993503687	0.2670916571	0.338147527158	0.413749154596	0.502149930159	0.589513704819	0.683326772764	0.789413385636	0.893781133999	0.996927210066	1.1001301081	1.20385860933	1.30831159064	1.41773649409	1.5366080496	1.65194243764	1.77439377709	1.89178796144	2.01392678007	2.14738737566	2.26130121453	2.37203302322	2.46087416903	2.52143218064	2.57255774568	2.59045666537	2.60378141669	2.59676390373	2.57456072003	2.56681872699	2.56865123543	2.58190495929	2.60065620849	2.63220660581	2.6678055683	2.72464174105	2.79203259422	2.85422423738	2.89429792979	2.90097451094	2.88408418118	2.83307226007	2.73155981556	2.58772921094	2.39835579956	2.16291397822	1.90092209268	1.62360248147	1.34251841493	1.08176240718	0.859730570119	0.67085435095	0.510374909919	0.380764002602	0.281694902686	0.203110121967	0.144668728641	0.104452981314	0.0756868603889	0.0545774995522	0.0405708846229	0.0320902060095	0.0260102555128	0.0226861704281	0.0207968400168	0.0191632084581	0.0184387283755	0.0177568647684	0.0168335078004	0.0161232332097	0.0159669727998	0.0161374387015	0.0162084661606	0.0155408080453	0.0165351924723	0.0197598391143	0.0239930756751	0.0305418074017	0.0498044543024	0.157851425045
PD_104P_1_bbduk_adapt_filt	0.0	0.0	0.0	1.77130989873e-05	3.54261979745e-05	4.42827474682e-05	5.31392969618e-05	6.19958464554e-05	7.97089454427e-05	0.000212557187847	0.000513679870631	0.00101850319177	0.00171817060176	0.00286952203594	0.00518108145377	0.00853771371186	0.0135859469232	0.0208748871565	0.0317861561326	0.0470548474597	0.068877385412	0.0997070341993	0.138959261555	0.191620304844	0.261153074919	0.344705762842	0.441596414302	0.554889395424	0.685567783203	0.831231452725	0.996034125702	1.1761586293	1.37334084723	1.57953903254	1.79459376734	2.03535020878	2.29171189042	2.53369939224	2.77277308927	3.02633610127	3.25722634657	3.45400116322	3.62126595696	3.74597503038	3.83357516142	3.85737270991	3.81771308127	3.74434542527	3.62877631093	3.47879064525	3.31190668314	3.12654795879	2.93111933766	2.74103121588	2.56713286658	2.42205372932	2.28898407318	2.16751649687	2.05376297518	1.94976051447	1.85036345951	1.74564361829	1.63368797614	1.49877615771	1.36199560733	1.22300091958	1.06321105361	0.913907342248	0.775204920628	0.635661126806	0.507418290139	0.393576202947	0.300033327196	0.224114984936	0.163243920267	0.116215642455	0.0828353074139	0.0594982994982	0.041661208818	0.0273755944848	0.0172348453146	0.0110972565155	0.00669555141719	0.00401201692061	0.00260382555113	0.0015233265129	0.000929937696831	0.00077937635544	0.000593388816073	0.00038968817772	0.000318835781771	0.000239126836328	0.000168274440379	0.000203700638354	0.000221413737341	0.000274553034303	0.000451684024175	0.000841372201895	0.00185101884417	0.00154103961189	0.000256839935315
PD_104P_2_bbduk_adapt_filt	0.0	0.0	0.0	2.65984021631e-05	5.31968043261e-05	6.20629383805e-05	6.20629383805e-05	7.97952064892e-05	0.000115259742707	0.000159590412978	0.000434440568663	0.00104620381841	0.00181755748114	0.00309428078497	0.00494730280233	0.00818344173217	0.0133257994837	0.0211013990494	0.032946554146	0.0481785724513	0.0694750264499	0.0998060710498	0.140191311667	0.192191187896	0.25712675371	0.33766671546	0.43751711718	0.551845915811	0.683516872652	0.830632635016	0.990444701346	1.16860966517	1.36174066327	1.5580014067	1.77755348429	2.02198393403	2.26824080739	2.51142999837	2.75857348513	3.00538005881	3.22322983865	3.42288631142	3.59366578558	3.72201194215	3.8021085972	3.82903504632	3.81140030569	3.73843202242	3.61947510181	3.47602105281	3.3037698004	3.11260708406	2.92687044175	2.73973295027	2.56761468987	2.41450542089	2.27332996834	2.15759145439	2.05037329528	1.94915750891	1.84912978451	1.74842823392	1.638709825	1.5129082489	1.37594421003	1.22905010102	1.07511628156	0.91909892061	0.774864651814	0.641216547079	0.516611899079	0.402859399162	0.308044961584	0.231078051859	0.170460293329	0.124471655989	0.0881737031705	0.0624353160107	0.0440292217139	0.0303133123318	0.0213053201326	0.01565759274	0.011916084169	0.00928284235491	0.00756281234836	0.00660526987049	0.00588711301209	0.00540834177315	0.00526648362828	0.00494730280233	0.00476998012124	0.00531968043261	0.00568319192884	0.00578958553749	0.00620629383805	0.00979707813006	0.0175992760979	0.0245059945262	0.0311999257373	0.0526116394785	0.108353024278
PD_105P_1_bbduk_adapt_filt	0.0	0.0	0.0	2.51808488565e-05	6.29521221412e-05	0.000100723395426	0.000125904244282	0.000163675517567	0.000176265941995	0.000176265941995	0.000440664854989	0.00093169140769	0.00153603178025	0.00258103700779	0.00386526029947	0.00638334518512	0.0103367384556	0.0156247167155	0.0240477106579	0.0354294543411	0.0519103199176	0.0755929082672	0.103254070736	0.141201609963	0.188088350534	0.243763207355	0.307798105997	0.379639067785	0.462786230709	0.556383445909	0.654802793664	0.756684508137	0.865201376284	0.968845750178	1.0734344059	1.1758952799	1.26332318713	1.33586921269	1.40904475946	1.4671999299	1.51272690463	1.56413360757	1.60660110917	1.64822505233	1.68594596391	1.72283590749	1.77281989247	1.84526519463	1.9405998884	2.03823862984	2.16448281558	2.3275162215	2.48480839388	2.66937142558	2.88247694945	3.10410619066	3.34415522281	3.57826157463	3.7886853381	3.96133782828	4.09429271024	4.15641386437	4.12411942572	4.00109838863	3.76563227097	3.44981406461	3.06719106624	2.64832023593	2.227472709	1.8122153305	1.43943804403	1.11387484917	0.837590575513	0.617547727781	0.445612891789	0.312846866193	0.218494225528	0.147131699868	0.0977520552609	0.0663011750391	0.0438524482836	0.0291846038247	0.0188730462179	0.0123008446664	0.00844817479135	0.00556496759728	0.00355049968876	0.00226627639708	0.00133458498939	0.000881329709977	0.00071765419241	0.00064211164584	0.000553978674843	0.000528797825986	0.000465845703845	0.000390303157276	0.000377712732847	0.000465845703845	0.000478436128273	0.000415484006132	0.000226627639708
PD_105P_2_bbduk_adapt_filt	0.0	0.0	2.52148907546e-05	6.30372268865e-05	8.82521176411e-05	0.000100859563018	0.000100859563018	0.000126074453773	0.000126074453773	0.000201719126037	0.000542120151224	0.000995988184806	0.00152550089065	0.00229455505867	0.00405959741149	0.00677019816761	0.0101994233102	0.0146246366377	0.0227816537968	0.0353134545018	0.0520057121814	0.0732870799782	0.0998761822789	0.136021728176	0.181799362341	0.236893898639	0.300460638232	0.373835970328	0.454523620742	0.546457112434	0.645160802292	0.741796871109	0.84990571522	0.958380175246	1.05999618499	1.15716176651	1.2466494138	1.32068033305	1.3855960693	1.44133358531	1.49482697605	1.55084185586	1.585777087	1.62734383441	1.67298278668	1.7192773261	1.77029965754	1.82984462206	1.91612997822	2.02355802028	2.15158662809	2.29790863914	2.46132634612	2.63501912108	2.83368724534	3.07808257398	3.32570540863	3.54531449966	3.75843075632	3.94672295303	4.07776474028	4.14197445959	4.12646730177	3.99971204595	3.76852932006	3.46548415553	3.08192784482	2.67584202921	2.26878544032	1.84586868514	1.45962698856	1.13314458307	0.857999695152	0.634141895033	0.460323045616	0.324780400365	0.225509375464	0.153773011267	0.105196524228	0.0740435267009	0.0524469727696	0.0368515628378	0.0260343747041	0.0185707670408	0.0135025739991	0.0104515722178	0.00906475322628	0.00830830650364	0.00698452473902	0.00640458225167	0.00634154502478	0.00626590035252	0.00645501203318	0.00718624386506	0.00775357890704	0.0125570155958	0.020348416839	0.0264125980654	0.0367380958294	0.0665799190375	0.147418858797
PD_107P_1_bbduk_adapt_filt	0.0	0.0	0.0	0.0	0.0	0.0	0.0	0.0	0.0	0.0	0.0	0.0	0.0	0.0	0.000419989836246	0.000839979672492	0.000839979672492	0.000839979672492	0.00104997459061	0.00188995426311	0.00230994409935	0.00188995426311	0.00209994918123	0.00356991360809	0.00587985770744	0.00650984246181	0.00587985770744	0.0073498221343	0.00713982721618	0.00629984754369	0.00755981705243	0.00902978147929	0.0226794511573	0.0352791462447	0.0350691513265	0.0459888870689	0.0592185669107	0.0613185160919	0.0611085211738	0.0634184652731	0.0648884297	0.153086295312	0.240024191415	0.238554226988	0.240654176169	0.613185160919	1.02624516487	1.06929412308	1.07286403669	1.07706393505	3.87461623429	6.67300851319	6.68476822861	6.79039567242	6.9859009412	7.15431686553	7.24440468541	7.25028454311	6.9292023133	3.96344408465	1.28474890908	1.25198970185	1.18668128231	1.01301548503	0.89163842235	0.721542538671	0.564256344996	0.592605658943	0.581895918119	0.618225038954	0.746321939009	0.953796918115	1.29608863466	1.77004716486	2.403181843	3.03694650589	3.53694440595	3.48255572215	2.36790269675	0.936787329747	0.261443673063	0.159386142855	0.128096900055	0.120747077921	0.118857123658	0.0724482467524	0.0226794511573	0.0138596645961	0.00902978147929	0.0081898018068	0.00839979672492	0.00755981705243	0.00776981197055	0.00797980688867	0.00755981705243	0.00440989328058	0.00104997459061	0.000839979672492	0.000629984754369	0.000209994918123	0.0
PD_107P_2_bbduk_adapt_filt	0.00138068627011	0.00103551470258	0.000690343135055	0.00103551470258	0.00138068627011	0.00138068627011	0.00103551470258	0.00103551470258	0.00103551470258	0.000690343135055	0.000690343135055	0.000690343135055	0.000690343135055	0.000690343135055	0.00138068627011	0.00241620097269	0.00310654410775	0.00345171567528	0.00345171567528	0.00448723037786	0.00655825978303	0.00586791664797	0.00483240194539	0.00448723037786	0.0037968872428	0.00586791664797	0.00897446075572	0.0100099754583	0.0117358332959	0.0131165195661	0.0127713479985	0.0131165195661	0.0120810048635	0.0144972058362	0.0203651224841	0.0241620097269	0.025542695997	0.0293395832398	0.0355526714553	0.037968872428	0.0407302449683	0.0383140439956	0.0348623283203	0.0334816420502	0.0338268136177	0.0386592155631	0.0417657596708	0.0417657596708	0.043836789076	0.0472885047513	0.0486691910214	0.0507402204266	0.0572984802096	0.0679987988029	0.103206298691	0.201235023869	0.264056249159	0.258533504078	0.257843160943	0.2540462737	0.247833185485	0.240584582567	0.233681151216	0.203996396409	0.176382671007	0.116322818257	0.0472885047513	0.0424561028059	0.0448723037786	0.0393495586982	0.0365881861579	0.037278529293	0.0331364704827	0.0331364704827	0.0362430145904	0.0331364704827	0.0341719851852	0.0365881861579	0.0358978430229	0.0383140439956	0.0365881861579	0.0345171567528	0.0365881861579	0.0400399018332	0.0407302449683	0.0610953674524	0.123916592742	0.169824411224	0.18570230333	0.207793283652	0.232990808081	0.263711077591	0.295466861804	0.336197106772	0.389008356604	6.5075195626	13.1569046395	13.9635705928	14.8810366193	16.1823334288	28.816648315
PD_108S_1_bbduk_adapt_filt	3.20151521312e-05	3.20151521312e-05	3.20151521312e-05	7.20340922952e-05	0.000120056820492	0.000152071972623	0.000184087124754	0.000176083336722	0.000184087124754	0.00020009470082	0.000304143945246	0.000552261374263	0.000864409107542	0.00156874245443	0.00316149627296	0.00576272738362	0.0102288411059	0.0163277275869	0.0252919701836	0.0384902166497	0.0570269897337	0.083695611459	0.116927339371	0.159259374277	0.215413951115	0.284430615322	0.365236859301	0.456303959538	0.561505749441	0.682362948736	0.817290807393	0.976966378648	1.15485056768	1.33415943098	1.54151356754	1.78191534489	2.02884821328	2.28130369541	2.538801564	2.79420244013	3.03857409635	3.25975877863	3.44964064592	3.58119890982	3.658523506	3.70036730984	3.66879236605	3.59564574722	3.50178532496	3.35859755705	3.1933673569	3.04420075934	2.89739527924	2.75042171959	2.62677920206	2.51564660523	2.42434739514	2.34656658303	2.27084274445	2.19712785667	2.11670579452	2.02926441026	1.92748023785	1.80463009533	1.66649271767	1.51718205192	1.35504131395	1.19010725396	1.02661387582	0.864809296944	0.712505214468	0.57696906792	0.460481936891	0.35767327961	0.269999785498	0.202095647828	0.15139165064	0.109315736952	0.0762600923765	0.052696940408	0.0362491560006	0.0252919701836	0.0178324397371	0.0124618979671	0.00827591682592	0.00524248116148	0.00336159097378	0.00217703034492	0.00133663260148	0.00080037880328	0.000504238646066	0.00040018940164	0.000336159097378	0.000312147733279	0.000336159097378	0.000328155309345	0.000376178037542	0.000376178037542	0.000496234858034	0.000392185613607	6.40303042624e-05
PD_108S_2_bbduk_adapt_filt	3.20436845142e-05	4.80655267713e-05	4.80655267713e-05	7.2098290157e-05	0.0001121528958	0.000144196580314	0.000176240264828	0.000184251185957	0.0002243057916	0.000256349476114	0.000304415002885	0.000512698952228	0.000897223166398	0.00164223883135	0.00293199713305	0.00517505504905	0.00929266850913	0.0156613508063	0.0248338554985	0.0381480064142	0.0568134526437	0.0817674719592	0.114844565299	0.157046097804	0.212081125957	0.281031124111	0.361044204343	0.450950772169	0.553298300507	0.66845529173	0.801564757202	0.959860558702	1.13672567538	1.31783658025	1.52230733114	1.75689113455	1.99761130354	2.245901793	2.50700975626	2.76557024661	3.00253329359	3.22801669059	3.4167620033	3.55790642267	3.65393333424	3.6860330952	3.66602982514	3.598601902	3.49049452137	3.35121664663	3.20501733603	3.05478853211	2.90215645185	2.76305481737	2.63071440033	2.51513283028	2.42237437454	2.33717021741	2.2614109363	2.19337418316	2.12308636117	2.03619991061	1.92955852855	1.80841737924	1.67227177466	1.51953555243	1.35519150548	1.19824954965	1.03835957484	0.877364092921	0.725501061087	0.586503568585	0.46586710731	0.362213798828	0.277810733817	0.210599105549	0.158431987159	0.11655890242	0.0838503114526	0.0607788586024	0.0435874218605	0.0316912039846	0.024241047335	0.0187615772831	0.0143876143469	0.0114796499772	0.00946890877395	0.00805898665533	0.00668911914234	0.00630459492817	0.00616840926899	0.00574383044917	0.00566372123789	0.0056957649224	0.00628056216479	0.00920454837671	0.0132340417044	0.0164303992347	0.0217736836274	0.0409518288092	0.101802785702
PD_109S_1_bbduk_adapt_filt	5.14205924218e-05	3.42803949479e-05	2.57102962109e-05	3.42803949479e-05	5.14205924218e-05	0.000111411283581	0.000137121579791	0.000128551481054	0.000205682369687	0.000428504936848	0.000719888293905	0.00119981382318	0.0023653472514	0.00391653512279	0.00669324711357	0.0113896612214	0.0173887303373	0.0263787639124	0.0393196130052	0.057831026277	0.0818958635304	0.114916453964	0.155650133261	0.204756799024	0.26557878976	0.332931195734	0.415572657854	0.51134351124	0.618392614563	0.735777256963	0.865091476805	1.01206867014	1.17375215292	1.35211304783	1.54826546772	1.76615165801	2.00715997469	2.25714975485	2.5105675745	2.78879583	3.06351034501	3.32724656354	3.57763913834	3.78742658532	3.94942716175	4.05372526337	4.10583146369	4.09702140219	4.03060313698	3.91330419557	3.76556426344	3.58162423425	3.36508354946	3.14304943139	2.91148536351	2.68574039268	2.48076934119	2.28993895262	2.09720600212	1.91439722596	1.75509623064	1.60505094195	1.45976205806	1.3184068495	1.17473771427	1.03427379597	0.899466142839	0.771077493661	0.652287355068	0.539119201246	0.438103447434	0.350079963306	0.271517868185	0.204979621591	0.149848176416	0.108788833367	0.0774565523847	0.0531260420704	0.0373313500982	0.0259074084818	0.0160603650331	0.0100184454235	0.0063761534603	0.00375370324679	0.00261388011477	0.00186828152466	0.00128551481054	0.000968421157277	0.000702748096431	0.000471355430533	0.000342803949479	0.00028281325832	0.000257102962109	0.000222822567161	0.000257102962109	0.000257102962109	0.000171401974739	0.000179972073476	0.000248532863372	0.000222822567161	8.57009873696e-05
PD_109S_2_bbduk_adapt_filt	0.0	8.57854386081e-06	1.71570877216e-05	2.57356315824e-05	7.72068947473e-05	8.57854386081e-05	0.00010294252633	0.000180149421077	0.000265934859685	0.000368877386015	0.00053186971937	0.00114094633349	0.00227331412311	0.00381745201806	0.00651111479035	0.0108775936155	0.0168482601426	0.0256326890561	0.0383203554262	0.0580081135868	0.0829888333095	0.112601966717	0.15158287002	0.201407052764	0.260633319579	0.329776383097	0.408510258652	0.501441624296	0.609325391889	0.721155289659	0.843768417061	0.992305904011	1.16043678514	1.32888507239	1.51938879591	1.73325189436	1.96751477011	2.2182141359	2.47423219888	2.74425902398	3.01337652344	3.27481622614	3.51782063809	3.72763466384	3.90218229577	4.01921936967	4.0771588549	4.07372743736	4.01656002107	3.91219345646	3.76860578932	3.58824190464	3.37619745749	3.15467371937	2.92278710027	2.69939323959	2.4943231486	2.29679359766	2.11783659418	1.94720935679	1.77327080147	1.61720135301	1.47544091571	1.33645134808	1.19124233614	1.04943900612	0.914326940316	0.788428230615	0.668680336862	0.551986404724	0.447173755832	0.358857646785	0.281625016406	0.215004044783	0.16231462839	0.120580012508	0.0884533657488	0.0629321977629	0.0443682288481	0.0325212597763	0.0242601220384	0.0193960876693	0.0157587850723	0.0121729537385	0.00989963961537	0.00899889250999	0.00808956686074	0.00772926801859	0.00774642510631	0.00773784656245	0.00769495384314	0.0074204404396	0.00758343277295	0.00779789636947	0.0078150534572	0.0104229307909	0.0153555935108	0.0191473098973	0.0256755817754	0.0452003476026	0.116273583489
PD_10P_1_bbduk_adapt_filt	0.00011404603839	0.00011404603839	0.000128301793189	0.000185324812384	0.000242347831579	0.000313626605572	0.000441928398761	0.000841089533125	0.00125450642229	0.00219538623901	0.00393458832445	0.0067144605102	0.0109626754402	0.0166649773597	0.0254607780705	0.037963075029	0.0536586610624	0.0734313929683	0.0993911224568	0.132307660287	0.174832576852	0.220721851549	0.26775158663	0.323505843648	0.38286680663	0.450595897678	0.525652446694	0.602662034117	0.673983575375	0.745590231729	0.815400662978	0.87794065928	0.956518379731	1.03327136357	1.10142812726	1.18321339254	1.27653156345	1.37578012836	1.48661862192	1.60576822053	1.72932284737	1.85869382217	1.99212768709	2.12255358774	2.23816775916	2.36177940902	2.4922908442	2.60642241712	2.70534309967	2.7881832908	2.92284315063	3.05006150645	3.12004300676	3.19884881929	3.27568733765	3.34267512945	3.39356817408	3.40569982142	3.38923442463	3.29859633562	3.18048740711	3.09351304708	2.961077085	2.77479713705	2.55934991477	2.30214758669	2.01744590761	1.75605238762	1.50121651484	1.24695087225	1.02055523029	0.830297926743	0.665344587967	0.537798349782	0.445677662273	0.372346059588	0.311531009617	0.229375094712	0.12961332263	0.0692829683219	0.0465592951727	0.0320326810328	0.0227094173944	0.0160662356582	0.0110909772334	0.00687127381299	0.00436226096841	0.0033358466229	0.0022809207678	0.00149685425387	0.00102641434551	0.000812578023528	0.000769810759132	0.000670020475541	0.000670020475541	0.000712787739937	0.000698531985138	0.000997902835912	0.00153962151826	0.0011119488743	0.00022809207678
PD_10P_2_bbduk_adapt_filt	8.65555063151e-05	0.000115407341753	0.000129833259473	0.000187536930349	0.000274092436664	0.000274092436664	0.000331796107541	0.000620314461925	0.00116849933525	0.00206290623384	0.00401040512593	0.00666477398626	0.0112810676564	0.0174697863579	0.0256060039515	0.0377093489179	0.0546742281557	0.0757504939434	0.101183386882	0.133064665042	0.174899826427	0.220428022749	0.267716181033	0.325333296403	0.386614594874	0.451891872553	0.52654599675	0.59877656677	0.670718618436	0.744261946968	0.816882016766	0.879129851725	0.950869940542	1.03438157822	1.10586200052	1.18715204686	1.28624367568	1.38255110237	1.48506167368	1.60413319854	1.72650825855	1.85273503859	1.9892763498	2.1164408145	2.2388880041	2.35937326889	2.46810141074	2.58267204927	2.6843891951	2.76464057537	2.84046319891	2.91712252567	2.98665544907	3.04671054454	3.11608478285	3.18669965008	3.23150655052	3.24798094856	3.25643453634	3.23139114318	3.16074742411	3.0715086971	2.94288721471	2.76145244756	2.54685249557	2.29484613893	2.01688755632	1.75903870301	1.50489731055	1.24492784733	1.00968440708	0.809178576704	0.633932528252	0.485576390428	0.362234793929	0.266807348216	0.200852052404	0.149928562855	0.110314992799	0.0795156584681	0.0568236898959	0.0430036607209	0.0345933506906	0.0266158181919	0.0206723400916	0.0186382856932	0.0179169898072	0.0171091384149	0.0156521207253	0.014844269333	0.0143682140483	0.0149452507571	0.0160704723392	0.0171235643327	0.0185084524337	0.109031086122	0.20998365832	0.231579257146	0.26488870116	0.322981871815	0.686385165079
PD_110S_1_bbduk_adapt_filt	2.0512309283e-05	2.0512309283e-05	2.0512309283e-05	4.10246185659e-05	6.15369278489e-05	9.23053917733e-05	0.000123073855698	0.000123073855698	0.000143586164981	0.000184610783547	0.000369221567093	0.000646137742413	0.00118971393841	0.00218456093864	0.00371272798022	0.00654342666126	0.0108612677653	0.0166662512924	0.0266557459132	0.0408810324009	0.0604292631476	0.0910438847524	0.129945479308	0.178487859226	0.2417375649	0.315499829081	0.404256591349	0.510818038074	0.634548287668	0.773211498421	0.926099995662	1.09747008357	1.28958837231	1.49630116911	1.71996738953	1.96866888343	2.24264154237	2.51115792704	2.78518186675	3.0747541369	3.34217311302	3.58113126001	3.7823980387	3.93427117663	4.04994008867	4.1088822094	4.08784683623	4.00680270225	3.86635492059	3.68909779992	3.49737950121	3.29504608244	3.06061089965	2.82178608266	2.60656067751	2.40818613444	2.23469302252	2.08277885997	1.94125418208	1.8049703992	1.68477852296	1.56742760155	1.45843544617	1.34118708631	1.21054418849	1.07315274091	0.932489580003	0.805077370892	0.679654855782	0.558775817177	0.453629719793	0.363590938195	0.281100686414	0.212404962625	0.164631794305	0.135463290505	0.113597168809	0.0798441638839	0.0433835341335	0.0237327418404	0.0157124289107	0.0101741054043	0.00654342666126	0.00439989034119	0.00302556561924	0.00204097477365	0.00125125086626	0.000861516989884	0.000564088505281	0.00034870925781	0.000256403866037	0.000246147711396	0.000246147711396	0.000256403866037	0.000338453103169	0.000492295422791	0.000687162360979	0.00122048240234	0.00198969400045	0.00153842319622	0.000389733876376
PD_110S_2_bbduk_adapt_filt	4.11683707113e-05	4.11683707113e-05	5.14604633891e-05	8.23367414226e-05	0.000102920926778	0.000102920926778	0.000102920926778	0.000102920926778	0.00014408929749	0.000205841853556	0.000298470687657	0.000627817653347	0.00119388275063	0.00201725016485	0.00335522221297	0.00583561654833	0.0102303401218	0.0166834822308	0.0262962967918	0.0400671167948	0.0597044296241	0.0900043504676	0.128002756634	0.175809527123	0.236656379034	0.309606731934	0.400413865631	0.508110323412	0.629618769566	0.76269552789	0.909213759252	1.07714983548	1.26978693413	1.47768720622	1.70068597827	1.94654348816	2.20814789984	2.48322466084	2.77067251724	3.04989699159	3.31047219401	3.55339645748	3.76560911641	3.92818301235	4.04195180481	4.092280138	4.07492766975	3.99134558511	3.86214894572	3.69010632452	3.48544806162	3.2688715554	3.02869528067	2.79286226905	2.57610050517	2.38448232369	2.21133844857	2.05955066576	1.92183217364	1.79229589519	1.67903141527	1.56383202193	1.45412860608	1.3385586974	1.21267611186	1.0831604176	0.940964865163	0.808340958916	0.685720966753	0.565797502871	0.457596732549	0.365132571931	0.281612239851	0.206603468415	0.150408642394	0.110434154433	0.0801959861456	0.057820976664	0.0417756041793	0.0309894910529	0.0223338411109	0.0163026748017	0.0125151846962	0.0103023847705	0.00969515130251	0.00899528900042	0.00807929275209	0.00758527230356	0.00741030672803	0.00718388068912	0.0072868016159	0.00741030672803	0.00786315880586	0.0087276945908	0.00963339874644	0.0255758503044	0.049803436468	0.0638933113439	0.0794961238435	0.115539032401	0.266472571522
PD_111P_1_bbduk_adapt_filt	4.23685861507e-05	4.23685861507e-05	5.29607326884e-05	5.29607326884e-05	5.29607326884e-05	7.41450257638e-05	0.000148290051528	0.000360132982281	0.000571975913035	0.000709673818025	0.000942701041854	0.0018536256441	0.00343185547821	0.00480883452811	0.00668364446528	0.0111005695715	0.0164919721592	0.0236522632187	0.033863092481	0.0477811730315	0.067588487057	0.093454508902	0.126735033323	0.170967837265	0.224034491419	0.282312481669	0.349922153019	0.430973258325	0.522192824308	0.614969435832	0.715785486577	0.819705036259	0.937203717801	1.06285835218	1.19272866088	1.34364556475	1.50445553348	1.67153605297	1.84777877921	2.0364143169	2.23335409747	2.44040937799	2.65837456944	2.86658439393	3.06137396876	3.25532676401	3.42693013007	3.57729624232	3.69813145002	3.78744442963	3.85679121301	3.87393989825	3.83667672673	3.76608007006	3.66042340835	3.5157029102	3.34236243211	3.13916269293	2.90111479165	2.66356472125	2.43568528063	2.20528490915	1.9912811805	1.78848394289	1.59163949163	1.40903088532	1.23261868474	1.0678472532	0.919197068687	0.779571393027	0.649870558673	0.534416161412	0.431566418532	0.338429674026	0.257378568719	0.191304758617	0.141341603399	0.100731313573	0.0692938226495	0.0467749191104	0.0305689349078	0.0199767883701	0.0129859716552	0.0079547020498	0.00472409735581	0.00306113034939	0.0019383628164	0.00104862250723	0.000603752352648	0.00041309371497	0.00041309371497	0.00041309371497	0.000381317275357	0.000402501568432	0.000455462301121	0.000487238740734	0.000519015180347	0.000635528792261	0.00114395182607	0.000932108895316	0.000169474344603
PD_111P_2_bbduk_adapt_filt	8.48885805547e-05	7.42775079854e-05	5.30553628467e-05	4.24442902774e-05	4.24442902774e-05	5.30553628467e-05	0.000116721798263	0.000254665741664	0.000435053975343	0.000742775079854	0.00127332870832	0.00185693769963	0.0027694899406	0.00437176189857	0.00695025253292	0.0107596275853	0.0154178884432	0.0221453084522	0.0333399900129	0.0471768286433	0.0667012021709	0.092273887063	0.125412266697	0.168864608868	0.221092308055	0.279336485388	0.347236738759	0.426766727666	0.517565675642	0.608449512198	0.6981555197	0.806430904197	0.931111006887	1.05827410056	1.19055173121	1.33766364131	1.49178947038	1.66014474776	1.84086192469	2.0322644517	2.2329516672	2.42967034156	2.63485665184	2.84436166865	3.0412395091	3.2235907912	3.39410011632	3.55002982772	3.6857772791	3.78537280624	3.84336231783	3.85998986855	3.82887820377	3.75477047295	3.64443654037	3.49279370229	3.30934947971	3.09730841655	2.87462444761	2.65145236934	2.41586533615	2.19154726204	1.98486479053	1.78453835149	1.59091811032	1.41297042333	1.235118236	1.07393604367	0.929116125244	0.78385054177	0.654024068884	0.535922831187	0.428496332495	0.336636277262	0.259801500788	0.195975899283	0.144533419467	0.106004614968	0.077046997926	0.0543074694099	0.0383271941204	0.0271537347049	0.0200443160835	0.01453716942	0.0110461265447	0.00931652171588	0.0079264712093	0.00695025253292	0.00663192035584	0.00657886499299	0.00666375357354	0.00683353073465	0.0070245300409	0.00748080616138	0.00827663660408	0.0158211092009	0.0318438287806	0.0453092798711	0.0560901296015	0.081800758437	0.161044248385
PD_112S_1_bbduk_adapt_filt	0.0	0.0	0.0	0.0	0.00020226169022	0.00080904676088	0.0010113084511	0.00080904676088	0.00080904676088	0.00060678507066	0.00060678507066	0.0010113084511	0.00121357014132	0.00141583183154	0.0020226169022	0.00343844873374	0.00566332732616	0.00768594422836	0.0109221312719	0.0125402247936	0.0151696267665	0.0224510476144	0.0262940197286	0.0325641321254	0.040452338044	0.0414636464951	0.0471269738213	0.0612852921367	0.0766571805934	0.0885906203164	0.1013331068	0.126413556388	0.141380921464	0.150078174143	0.177990287394	0.199227764867	0.213183821492	0.234219037275	0.242511766574	0.252827112775	0.269817094754	0.327663938156	0.383083641277	0.388140183532	0.384903996489	0.721669710705	1.10273073508	1.14722830693	1.15713912975	1.15794817651	2.69453023711	4.23414622307	4.26428321491	4.62653390209	6.678074226	8.42622201457	8.47537160529	8.45919067007	8.10745759078	6.2478636109	4.67649253958	3.33226134638	1.94029639428	1.43423764535	0.993307160671	0.784168572983	0.596874247839	0.632876828699	0.637124324193	0.655530138003	0.779921077488	0.977935272214	1.27950745233	1.67412000995	2.13871511239	2.38062009389	1.74835005026	0.733400888738	0.243320813335	0.135717594138	0.120345705681	0.106996434126	0.089197405387	0.0823205079196	0.0713983766477	0.0461156653702	0.0234623560655	0.0186080755002	0.0123379631034	0.00788820591858	0.00849499098924	0.00788820591858	0.00687689746748	0.00627011239682	0.00647237408704	0.00485428056528	0.00283166366308	0.00242714028264	0.00222487859242	0.00141583183154	0.00080904676088
PD_112S_2_bbduk_adapt_filt	0.0	0.0	0.000316023663852	0.000316023663852	0.000632047327704	0.00158011831926	0.00158011831926	0.00126409465541	0.00126409465541	0.00126409465541	0.00126409465541	0.00158011831926	0.00189614198311	0.00284421297467	0.00474035495778	0.00568842594934	0.00663649694089	0.00884866258785	0.0129569702179	0.0164332305203	0.0186453961673	0.0202255144865	0.0284421297467	0.0395029579815	0.0486676442332	0.0625726854427	0.0745815846691	0.0821661526015	0.100495525105	0.122301157911	0.134942104465	0.153903524296	0.170020731152	0.184241796026	0.213631996764	0.245550386813	0.258191333367	0.276836729534	0.299590433332	0.310019214239	0.330560752389	0.356158669161	0.373223947009	0.352366385195	0.349206148556	0.380492491278	0.372591899681	0.357422763817	0.358370834808	0.359002882136	0.347626030237	0.316971734844	0.304646811953	0.310651261566	0.348258077565	0.480355969055	0.563470192648	0.541980583506	0.522071092683	0.506269909491	0.475299590433	0.439904940082	0.425367851545	0.383652727916	0.339093391313	0.228801132629	0.125777418213	0.114084542651	0.0963872174748	0.089750720534	0.0843783182485	0.0777418213076	0.0676290640643	0.0527759518633	0.0467715022501	0.0461394549224	0.0451913839308	0.0429792182839	0.0391869343176	0.0366587450068	0.0366587450068	0.0398189816453	0.040451028973	0.0398189816453	0.0376068159984	0.044875360267	0.0758456793245	0.100179501441	0.112820447995	0.143158719725	0.172232896799	0.19119431663	0.211419831117	0.228169085301	0.251554836426	3.42064013753	10.0030970319	13.9407518835	15.3919325479	16.9278075542	24.5850609294
PD_113P_1_bbduk_adapt_filt	1.74912371088e-05	1.74912371088e-05	1.74912371088e-05	1.74912371088e-05	3.49824742177e-05	5.24737113265e-05	5.24737113265e-05	7.87105669898e-05	9.62018040987e-05	0.000131184278316	0.000236131700969	0.000419789690612	0.000682158247245	0.00137306211304	0.00255372061789	0.00459144974107	0.00851823247201	0.0143690512849	0.0218990288603	0.0318340515381	0.0461331378746	0.0665716484363	0.0948549788413	0.131787725997	0.178069539387	0.236219157155	0.303700349921	0.378055598871	0.469421075909	0.577149605262	0.701258678168	0.836527160349	0.985744904125	1.13755135099	1.29143925508	1.45427392694	1.6050396452	1.7480917279	1.88791667734	2.01306647886	2.1140958644	2.19764275845	2.25270517287	2.27801499296	2.29890827569	2.31388077466	2.3282323347	2.34830352929	2.3737620249	2.42211654988	2.48444657332	2.54835955372	2.63379550138	2.75298079104	2.88493468379	3.02607147602	3.17073275253	3.29846251151	3.41355485169	3.49460924445	3.53918566222	3.5342706246	3.44756656225	3.29392353548	3.07474084327	2.78847925675	2.44476770194	2.08046896106	1.72753077867	1.38597939165	1.07865835565	0.818546168601	0.597596861442	0.423681490869	0.295663126469	0.202600999432	0.13793589584	0.0916540824504	0.0585344249848	0.0380609319489	0.0254934780861	0.016546710305	0.0105734528323	0.00693527551366	0.00429409871022	0.00272863298898	0.00177536056655	0.00118065850485	0.000857070618334	0.00053348273182	0.000402298453504	0.000314842267959	0.000174912371088	0.000174912371088	0.000218640463861	0.000262368556633	0.000332333505068	0.000446026546276	0.000743377577126	0.000585956443146	0.000104947422653
PD_113P_2_bbduk_adapt_filt	1.75063438614e-05	1.75063438614e-05	1.75063438614e-05	2.6259515792e-05	2.6259515792e-05	3.50126877227e-05	7.00253754454e-05	9.62848912375e-05	8.75317193068e-05	9.62848912375e-05	0.000175063438614	0.000350126877227	0.000735266442177	0.00144427336856	0.00255592620376	0.00429780741796	0.00786034839375	0.0136461950399	0.0208413023669	0.0306273485854	0.0464268239203	0.067180594568	0.0935451484232	0.12830399416	0.171947309406	0.226768425208	0.297511560752	0.379073616802	0.466622842453	0.569962790266	0.690563993127	0.820224728936	0.961430898522	1.11202922159	1.27217725523	1.4407370871	1.5934449246	1.73531633526	1.87018520836	1.99214315288	2.10322965785	2.1862885063	2.235402554	2.27206959122	2.30825520398	2.32429101496	2.32146374042	2.33819105198	2.37388648712	2.41634812415	2.46989127685	2.53857741699	2.62989925974	2.74187858825	2.86755663083	3.01126620759	3.1521222503	3.28311346824	3.40255049924	3.4957105081	3.54793193183	3.52844737112	3.44687656189	3.29985828615	3.07980354381	2.78150419758	2.43115849106	2.07323253764	1.7237008761	1.38395526079	1.07750671149	0.820461064578	0.601754310718	0.432502978267	0.306588600044	0.213209761887	0.146545604463	0.0993222418974	0.0677495507435	0.0471445840186	0.033962307091	0.0244826218901	0.0186355030404	0.0152042596436	0.012622073924	0.0107226356151	0.00898950757281	0.00821922844291	0.00800915231657	0.00730889856212	0.00694126534103	0.00708131609192	0.00686248679365	0.00680996776207	0.00725637953053	0.00982981207815	0.0139700624014	0.0180665468649	0.0241762608725	0.042041484783	0.108941977849
PD_114P_1_bbduk_adapt_filt	9.04260309415e-05	7.91227770738e-05	6.78195232061e-05	9.04260309415e-05	0.000101729284809	9.04260309415e-05	9.04260309415e-05	0.000169548808015	0.000327794362163	0.000418220393105	0.000644285470458	0.0011190221329	0.0017859141111	0.00299536227494	0.0047586698783	0.00812703953087	0.0125692183009	0.0186503688817	0.0283146509386	0.0430314874743	0.0659657895718	0.0963715424759	0.13381922254	0.184457799867	0.250672261024	0.328562983426	0.419429841268	0.531117292735	0.662404586408	0.79760280592	0.942239242411	1.09651735445	1.25614190557	1.42402913527	1.60698360237	1.79187092588	1.95705667791	2.11654558998	2.29635775251	2.48583419709	2.66198410536	2.82980351554	2.98161751823	3.11383167873	3.23597464002	3.33782826062	3.40824753222	3.4669340263	3.50189499051	3.51283654025	3.51316433462	3.48350459647	3.41716579952	3.33427903891	3.23334098187	3.10169198407	2.95393584951	2.79549814005	2.61287146731	2.41819552595	2.23182747618	2.04214757302	1.84646564206	1.6564692478	1.4762840779	1.2950929184	1.10900744997	0.943719968667	0.801728493581	0.666711126132	0.546014981333	0.44307624836	0.349982649505	0.271696313218	0.21117869201	0.164021516874	0.136916314099	0.108466024114	0.0703175423109	0.0440261738147	0.030496178935	0.0214535758409	0.0151011471672	0.0104668130815	0.00682716533609	0.00412568766171	0.0025884451357	0.00191024990364	0.00120944816384	0.000746014755268	0.000542556185649	0.000486039916311	0.000418220393105	0.000327794362163	0.000305187854428	0.000429523646972	0.000632982216591	0.000972079832621	0.00170679133402	0.00153724252601	0.000463433408575
PD_114P_2_bbduk_adapt_filt	2.26565174531e-05	1.13282587266e-05	0.0	2.26565174531e-05	4.53130349062e-05	9.06260698124e-05	0.000124610845992	0.000215236915805	0.000396489055429	0.000464458607789	0.000770321593406	0.00126876497737	0.0018351779137	0.00279807990546	0.0045199752319	0.00787313981496	0.0125630389277	0.0181591987387	0.0276522795515	0.0433419178878	0.0661457027043	0.0938999365844	0.130580838341	0.184458036844	0.249516226711	0.325891347046	0.420278398755	0.531805105918	0.656789784448	0.786351079504	0.925858585721	1.08332138202	1.24883857027	1.41486553017	1.5893093863	1.76140829287	1.92902120899	2.09998728969	2.27606241508	2.46314860795	2.63824950309	2.80500147154	2.96075370077	3.09587717086	3.21911729755	3.31800166797	3.39137479974	3.44576176989	3.4855579428	3.5054277086	3.49914052501	3.46210844723	3.39842097667	3.32069779355	3.21630788938	3.08253248208	2.93390572759	2.77238741467	2.59922365177	2.4135648195	2.22347663807	2.03765921018	1.85632777274	1.66864118216	1.47841706163	1.29360784876	1.1156862172	0.960409774837	0.816427606423	0.67447319632	0.550406106747	0.447930678307	0.355503415357	0.274415739392	0.210603657985	0.160521426155	0.120022901208	0.0882358072211	0.0648995942444	0.0475447018753	0.0349929912063	0.0258397581553	0.0191560855066	0.0144888429113	0.0112376326567	0.00926651563832	0.00813368976567	0.00711414648028	0.00624187055833	0.00616257274725	0.00632116836942	0.00647976399159	0.00681961175339	0.00717078777391	0.00751063553571	0.0181252139625	0.0353215107094	0.0467857085407	0.060651497222	0.0946022886255	0.199241414483
PD_115S_1_bbduk_adapt_filt	2.40863969424e-05	2.40863969424e-05	2.40863969424e-05	3.61295954136e-05	3.61295954136e-05	3.61295954136e-05	4.81727938848e-05	6.02159923559e-05	0.000132475183183	0.000132475183183	0.000132475183183	0.000313123160251	0.000674419114387	0.00138496782419	0.00291445403003	0.00511835935025	0.00864701650231	0.0150178684936	0.0231952002555	0.0360091634289	0.0562417368604	0.0843987348861	0.118962714498	0.161270470728	0.218138453909	0.286712426004	0.366703350249	0.461555581408	0.571774933817	0.700661243855	0.843782614487	0.997080487827	1.17309183348	1.37128675072	1.59952944815	1.8512443394	2.11450865798	2.39527174393	2.68946299619	2.9942643063	3.29589825521	3.57191632097	3.81842855047	4.02478875628	4.14531708658	4.18875690346	4.16505588887	4.05307822949	3.87517610167	3.64711405222	3.39751876391	3.12773907495	2.84326668386	2.57861739746	2.32709519739	2.11179893832	1.95812772583	1.84164591021	1.74511967447	1.67459470422	1.63333470626	1.60114323674	1.56659130033	1.52807715162	1.4691618247	1.38255918449	1.27595279163	1.15735137308	1.01435043443	0.86155837543	0.716076537898	0.581915306929	0.459989965607	0.349638138016	0.261506011603	0.192799564325	0.143217716219	0.102716439761	0.0637928223019	0.0378517727949	0.0233638050341	0.0136810734633	0.00802077018181	0.00508222975484	0.00321553399181	0.00201121414469	0.00119227664865	0.00080689429757	0.000481727938848	0.00020473437401	0.000120431984712	9.63455877695e-05	6.02159923559e-05	2.40863969424e-05	4.81727938848e-05	0.000180647977068	0.000240863969424	0.00020473437401	0.000228820770953	0.000156561580125	3.61295954136e-05
PD_115S_2_bbduk_adapt_filt	2.41243465318e-05	2.41243465318e-05	2.41243465318e-05	4.82486930635e-05	7.23730395953e-05	8.44352128612e-05	0.000108559559393	0.000108559559393	0.000168870425722	0.000192994772254	0.000156808252456	0.000373927371242	0.000784041262282	0.0014836473117	0.00278636202442	0.00521085885086	0.00846764563265	0.0141851157607	0.0226045127003	0.0349803024711	0.0543400905628	0.080527068723	0.114687143412	0.157592293719	0.212668176851	0.279154875892	0.356606090433	0.450124119763	0.557622207908	0.682899939448	0.823593128421	0.972609216948	1.14796909189	1.34548717912	1.56166544839	1.80831276733	2.06404290274	2.34410244163	2.64957697958	2.956197424	3.25951283295	3.55140536381	3.80404758286	3.98282105283	4.09543350245	4.1665158895	4.16089491676	4.04991086054	3.87512996992	3.66604425853	3.42183349859	3.1420875762	2.85614169676	2.58813226897	2.33980830794	2.11868454763	1.95502498076	1.83398107204	1.73984787187	1.67965762727	1.64220457928	1.60589743775	1.56861326019	1.53879556788	1.48643367373	1.4003580053	1.28956694386	1.1635292954	1.02682868578	0.876316887766	0.722873981651	0.586269869415	0.467698706211	0.358101799917	0.266236288325	0.195093590402	0.13828075432	0.0958098422509	0.0647979947843	0.0431584559453	0.0282857963085	0.0195648450373	0.0140403696815	0.010252847276	0.00857620519204	0.00752679611791	0.00723730395953	0.00681512789522	0.00593458924681	0.00580190534089	0.00647738704378	0.00681512789522	0.0066824439893	0.00662213312297	0.00735792569219	0.0139318101221	0.0221582122894	0.0270192681156	0.036476011956	0.062289062745	0.154685309962
PD_116P_1_bbduk_adapt_filt	2.96285915316e-05	2.96285915316e-05	2.96285915316e-05	5.92571830631e-05	8.88857745947e-05	0.00010370007036	0.000118514366126	0.000199992992838	0.000303693063199	0.000437021725091	0.000807379119235	0.0013851366541	0.00226658725217	0.00391838123005	0.00639977577082	0.00962929224776	0.0149402172798	0.0233028872396	0.033332165473	0.046998353317	0.0683161249239	0.0967225370548	0.133202740378	0.18014924366	0.238784226301	0.311285389779	0.399000835008	0.499501017483	0.618074640792	0.75544019828	0.909264438364	1.07905848928	1.26822963907	1.46884483233	1.69317030596	1.95199827443	2.21744823311	2.49176454781	2.78545796136	3.083062349	3.36801532806	3.61611033925	3.82318456546	3.98610478314	4.080012604	4.11131521096	4.06397612884	3.9441136618	3.7894375997	3.58865204204	3.35935637218	3.12491273454	2.89792809482	2.68352819935	2.48049086873	2.31325969098	2.17838293518	2.06543133711	1.96587186242	1.86931228261	1.77295269581	1.67122292678	1.55758246396	1.43739408241	1.31197625446	1.17724023447	1.03757846114	0.897827802033	0.758951186377	0.62798540466	0.508796988076	0.400430414549	0.30879658809	0.233547372748	0.173830946516	0.127410350734	0.093611534944	0.0671828312978	0.044716951769	0.0291545340671	0.0189474842844	0.0126365942882	0.00825156274154	0.00538499651086	0.00354802383591	0.00232584443523	0.0016888297173	0.00134810091469	0.000903672041713	0.00051109320392	0.000340728802613	0.000311100211081	0.000370357394145	0.000348135950496	0.000311100211081	0.000303693063199	0.000296285915316	0.000481464612388	0.000570350386983	0.000311100211081	6.6664330946e-05
PD_116P_2_bbduk_adapt_filt	2.9650800301e-05	2.9650800301e-05	2.9650800301e-05	2.9650800301e-05	5.93016006021e-05	8.15397008279e-05	0.000103777801054	0.000148254001505	0.000200142902032	0.00043734930444	0.000815397008279	0.00129722251317	0.00230534972341	0.00421041364275	0.00658989036691	0.00943636719581	0.0147216223495	0.0220008938234	0.0326084676311	0.0481306615887	0.0686416026969	0.0953199102678	0.130722965827	0.177852912906	0.235516306791	0.306670814814	0.391390563974	0.489423522469	0.609057088984	0.744235087556	0.894549819682	1.06559046122	1.24913632778	1.44701094359	1.66991824755	1.92325468533	2.1962644291	2.47398123742	2.75546369738	3.04801331855	3.32968109601	3.58089750156	3.79441291452	3.9493309334	4.05493967137	4.09667317279	4.05619983038	3.95152509262	3.78127760999	3.57583462741	3.36552150087	3.13331125831	2.90649746141	2.69651790638	2.48602687504	2.31395586819	2.18078671134	2.07559308457	1.979242809	1.87979402479	1.78428138432	1.68145240887	1.57301201947	1.45403818326	1.32185491552	1.18545382144	1.04230717028	0.899716471635	0.764768266765	0.632051284617	0.512439956203	0.407453885037	0.31710048382	0.240579180943	0.179543008523	0.131471648535	0.0957053706717	0.0701760316125	0.0496502651041	0.0337426107426	0.0233055290366	0.0171826387745	0.0126608917285	0.00961427199761	0.00761284297729	0.00621184266307	0.00549281075577	0.00502581065103	0.00444020734508	0.00447727084546	0.00442538194493	0.00432160414388	0.00462552484696	0.00481084234884	0.00517406465253	0.00836152568489	0.0127794949298	0.0165822100684	0.0228385289319	0.0422746285292	0.0976845615918
PD_117_1_bbduk_adapt_filt	2.11551046792e-05	2.11551046792e-05	2.11551046792e-05	4.23102093583e-05	7.40428663771e-05	9.51979710562e-05	0.000126930628075	0.000285593913169	0.000518300064639	0.000772161320789	0.00137508180415	0.00240110438108	0.00365983310949	0.00565899050168	0.00853608473804	0.0131161649011	0.0191030595253	0.0262746400115	0.0365983310949	0.0521684881388	0.0747198297268	0.104812966133	0.144203771045	0.195737606044	0.26091648356	0.339475964786	0.437233703509	0.556760044946	0.695738505136	0.846479203527	1.01140439961	1.19584517975	1.38669595661	1.58585011206	1.80476313528	2.03285747393	2.27098990976	2.52138172874	2.77451313378	3.02406932612	3.26557600114	3.49040187612	3.68322007772	3.82320340538	3.9254671814	3.96393773926	3.93154927399	3.8544706501	3.71827408617	3.55460761882	3.37013510602	3.17048380561	2.96507831673	2.76440099374	2.57630038049	2.3921346167	2.22674400832	2.08023433086	1.93805087231	1.80486891081	1.6784777379	1.56090824365	1.44543310476	1.32891078818	1.21881962343	1.09934616976	0.977344681073	0.864069673068	0.75498337579	0.647811615485	0.544405463814	0.449482509118	0.363254302446	0.289920132076	0.227798167185	0.173355505293	0.129765412102	0.0957691588826	0.0680877044099	0.047408589586	0.0330231184042	0.022022463971	0.0146816426473	0.0100169420656	0.00682252125903	0.00423102093583	0.0025915003232	0.00169240837433	0.00122699607139	0.000835626634827	0.000550032721658	0.000391369436564	0.000296171465508	0.000232706151471	0.000169240837433	0.000148085732754	0.000169240837433	0.000317326570187	0.000412524541244	0.00026443880849	9.51979710562e-05
PD_117_2_bbduk_adapt_filt	2.11710154402e-05	2.11710154402e-05	3.17565231603e-05	5.29275386006e-05	8.46840617609e-05	8.46840617609e-05	8.46840617609e-05	0.000211710154402	0.000444591324245	0.000815084094449	0.00119616237237	0.00181012182014	0.0032074088392	0.00585378576922	0.00919880620878	0.0131366150807	0.0188316182341	0.0269507026554	0.0369328364355	0.0516784486896	0.0748501250889	0.10446837569	0.141327113571	0.191004901302	0.255375373748	0.334142136693	0.42970810039	0.548509253533	0.686660714789	0.83197856477	0.99318526184	1.17119115966	1.35750668104	1.55488405799	1.76930410237	2.00324382299	2.25273365444	2.49922778721	2.74241924157	2.99237483537	3.2422457451	3.46800286825	3.65151323009	3.7949574452	3.89617607002	3.94440364319	3.9219200248	3.84067625304	3.71608482718	3.5586994984	3.38290597169	3.18412072221	2.97840196518	2.77340302267	2.57262769774	2.39234591576	2.23412433187	2.08659411077	1.94478006385	1.8128105391	1.68636664938	1.5646333106	1.44952649965	1.34081333537	1.22433040842	1.10270292471	0.984134652739	0.864560757533	0.753021262686	0.651262776972	0.551515537726	0.45603425809	0.370863262974	0.299527526448	0.236056822159	0.18084281389	0.137114081499	0.102626497347	0.0758980903532	0.0560820199012	0.0412411380776	0.0297770332167	0.0223989343358	0.0179000935547	0.0140893107755	0.0107972178745	0.00909295113158	0.00803440035957	0.00714521771108	0.00708170466476	0.00728282931144	0.00701819161844	0.00663711334051	0.00717697423424	0.00724048728056	0.00906119460842	0.0131789571115	0.0168203717673	0.0225153749207	0.0406377641375	0.105421071385
PD_118_1_bbduk_adapt_filt	4.06186793527e-05	5.07733491909e-05	6.0928019029e-05	7.10826888672e-05	9.13920285436e-05	0.00011170136822	0.00011170136822	0.000182784057087	0.000294485425307	0.000467114812556	0.00114747769171	0.00199031528828	0.00389939321786	0.00666146341384	0.0103679179048	0.0162677810808	0.025792861389	0.0386994467533	0.0574957406237	0.0815826174799	0.11231064841	0.155721861968	0.207845782248	0.272216234352	0.350518893474	0.439727668002	0.541944574593	0.653402230737	0.777695389556	0.913443015953	1.05634968459	1.19655521104	1.33638501471	1.48718186181	1.64313728118	1.81466996409	2.01081756669	2.19930854822	2.38204183196	2.57078668024	2.7570131704	2.92345836372	3.06316631135	3.17464427684	3.25590194488	3.30301961293	3.30727441959	3.28215176641	3.22893114179	3.16256021973	3.07935285508	2.97714610316	2.85763579383	2.74074538932	2.644732986	2.55617411034	2.4797297558	2.41921807824	2.36101151072	2.29538187956	2.23708392002	2.16564581771	2.05916394978	1.93892250423	1.80946061846	1.65257096946	1.4704875846	1.28923688265	1.10985463996	0.931274616189	0.759366210499	0.605116775657	0.47252725158	0.359952581754	0.267179518112	0.194157287306	0.141992748347	0.1004296847	0.0674980904143	0.044365752523	0.0292149851244	0.0191110886354	0.012297305174	0.00788002379442	0.00520934562698	0.00370645449093	0.00252851278971	0.00166536585346	0.00105608566317	0.000670208209319	0.000517888161747	0.000375722784012	0.000304640095145	0.000314794764983	0.000294485425307	0.000253866745954	0.000274176085631	0.000345258774498	0.000528042831585	0.000385877453851	8.12373587054e-05
PD_118_2_bbduk_adapt_filt	8.13681319067e-05	0.000101710164883	0.00012205219786	0.000101710164883	8.13681319067e-05	9.1539148395e-05	8.13681319067e-05	0.000111881181372	0.000254275412208	0.000498379807928	0.00111881181372	0.00232916277583	0.00399720947992	0.00676372596474	0.0102930686862	0.015663365392	0.0247562541326	0.0377853262542	0.0565406806587	0.0796594011367	0.107782261727	0.147550936196	0.199677395699	0.26405993007	0.340332382716	0.426145248828	0.522230841594	0.63516980868	0.762053239372	0.894012007292	1.02634710282	1.16258786868	1.30838939004	1.45644887706	1.60891241422	1.78743409563	1.97151932305	2.15442471256	2.34427690633	2.52029651768	2.6937733749	2.85609262704	3.00430467931	3.12108829063	3.2158821643	3.28493319524	3.29720961214	3.28211582367	3.22737541293	3.15448990878	3.07760719514	2.97318136885	2.85611296907	2.748117116	2.64775969631	2.55767500327	2.48868499843	2.42248185211	2.36293055057	2.30215872705	2.243522817	2.17553974279	2.07901679631	1.95999556137	1.81495686624	1.65910638059	1.49135580565	1.30906067713	1.12204619696	0.940422355528	0.77321084446	0.625029305241	0.490080258474	0.373255963089	0.280760739144	0.207000527571	0.151995670402	0.112064259668	0.082436088638	0.0608531916497	0.0454542726864	0.0339203399886	0.0257326717155	0.0201996387458	0.0170974787169	0.015266695749	0.0134562548141	0.0123171009674	0.0115847877802	0.0109033296755	0.0109440137415	0.0107507644282	0.0110253818734	0.0116661559121	0.0119509443738	0.0161312321505	0.0240442829784	0.0313979278995	0.0397076483705	0.061463452639	0.159217092108
PD_119P_1_bbduk_adapt_filt	0.0	0.0	1.01324031517e-05	5.06620157585e-05	7.09268220619e-05	8.10592252136e-05	0.000151986047276	0.000212780466186	0.000222912869337	0.000395163722916	0.000800459848985	0.00130708000657	0.00228992311229	0.0038807104071	0.00580586700593	0.00894691198295	0.0146413225542	0.0225141998031	0.0338422265267	0.0513307543665	0.0735207172688	0.101263237098	0.139239484111	0.184561723408	0.238668756238	0.307417111623	0.388253423967	0.478381150001	0.579006045701	0.692722006273	0.819964725052	0.952587749904	1.09063161044	1.23558576993	1.38878770559	1.55160529183	1.72776725303	1.91271400775	2.10154147289	2.30274060227	2.49882286806	2.68286783891	2.86079283826	3.01642655067	3.14290933921	3.24990751649	3.3219489029	3.37134436826	3.3971921287	3.39666524374	3.39292638698	3.36970291895	3.32829178727	3.27348561862	3.21614634919	3.1586246965	3.07855844679	2.96887518267	2.83400276432	2.69039621445	2.53316158234	2.35947192752	2.18229672601	1.98120905306	1.76362582778	1.55550626704	1.3460694939	1.15150708858	0.972812026595	0.800581437822	0.646639836739	0.512436156994	0.401770049771	0.308420219535	0.231738192483	0.173051313428	0.127192056763	0.0920326178269	0.0648271153646	0.043680789987	0.0289482758044	0.0189070642811	0.0127262983585	0.00872399911362	0.00552215971768	0.00330316342746	0.00219873148392	0.00161105210112	0.00112469674984	0.000689003414316	0.00047622294813	0.000425560932372	0.00035463411031	0.000253310078793	0.000293839691399	0.000364766513461	0.000405296126068	0.000557282173344	0.00077006263953	0.000658606204861	0.000253310078793
PD_119P_2_bbduk_adapt_filt	0.0	0.0	1.01513484848e-05	3.04540454545e-05	0.000101513484848	0.000152270227272	0.000213178318181	0.000304540454545	0.000304540454545	0.000446659333333	0.000862864621211	0.00135012934848	0.0024058695909	0.00411129613636	0.0060197496515	0.00864894890908	0.0143235527121	0.0228811394848	0.0333776338181	0.0492644941969	0.0713030717574	0.0998689663938	0.136454426333	0.181790348666	0.237247165439	0.301911255287	0.377508347454	0.467104149181	0.571500616999	0.684200887878	0.808118398832	0.941842112423	1.0793725817	1.22209039004	1.37803540547	1.5476339846	1.71499926707	1.88342028978	2.06886512391	2.26172044242	2.45855508954	2.66037404877	2.83708872319	2.99142982556	3.12029104322	3.22149998762	3.29959431151	3.34716353051	3.38589092498	3.39199188542	3.37170949115	3.3576092681	3.32289165628	3.2698204064	3.20886155875	3.13739606542	3.05368804581	2.94691616245	2.82288698666	2.68385411781	2.53111692851	2.35770144234	2.1730890188	1.98341107236	1.77520691494	1.56695200077	1.36034160506	1.16211622319	0.982061755119	0.811316073605	0.654650312438	0.521261593348	0.407607095711	0.31294577109	0.237044138469	0.177648598485	0.131744200636	0.0975443075907	0.0728156226817	0.0516399097423	0.0371539354545	0.0279060569848	0.0207595076515	0.0161507954394	0.0136028069697	0.0111461806363	0.00935954330301	0.00847637598483	0.00790790046968	0.00741048439393	0.00763381406059	0.00783684103029	0.00755260327271	0.00806017069696	0.00859819216665	0.0129937260606	0.0233785555606	0.0336111148333	0.046503327409	0.0778303888332	0.168603746985
PD_11P_1_bbduk_adapt_filt	0.000156764506008	0.000137168942757	0.000117573379506	0.000127371161131	0.000205753414135	0.000274337885513	0.000352720138517	0.00041150682827	0.000578069115903	0.00120512713993	0.00192036519859	0.00318427902828	0.00498707084737	0.0078088319555	0.0114927978467	0.0175478268912	0.02736520408	0.038221146121	0.0542601146419	0.0771183391741	0.105943412716	0.140255243969	0.18281680735	0.236841775233	0.299606364325	0.374843529427	0.457115501737	0.547598015048	0.657940631714	0.781686613644	0.909479079385	1.05016542574	1.20361828156	1.36713345911	1.55778849176	1.76425714395	1.98085670235	2.19691738275	2.42278564257	2.65273957732	2.84829350078	3.02779865794	3.18253502315	3.27595687095	3.30887741721	3.30552657589	3.26122100738	3.17187503674	3.04930478861	2.90655111032	2.78474508916	2.67008165079	2.55237110234	2.46292715389	2.3814977908	2.32493519747	2.29195586452	2.27176263659	2.26955813573	2.2404587243	2.20831220278	2.19795594761	2.16778857798	2.09466773371	1.99816938248	1.88375088866	1.73396240317	1.56767445342	1.40007360094	1.21776627823	1.03292133008	0.85953978644	0.696102991145	0.551487734353	0.433649814744	0.341560465246	0.26997787269	0.20247115729	0.133749516969	0.0864360294999	0.0597664679154	0.040915536068	0.0277277220001	0.0191350675146	0.0133347807923	0.00924910585445	0.00605502904454	0.00396810155832	0.00266499660213	0.00169501622121	0.00128350939294	0.00113654266856	0.000901395909544	0.000676046932158	0.000646653587281	0.000656451368907	0.000813215874914	0.00115613823181	0.0020379385781	0.00169501622121	0.000372315701768
PD_11P_2_bbduk_adapt_filt	0.000137751496104	0.000137751496104	0.000118072710946	0.000157430281262	0.000206627244156	0.000226306029314	0.000255824207051	0.000423093880892	0.000816669584047	0.00130863921299	0.00175141187904	0.00286326324045	0.00467371147497	0.00720243536774	0.0114333741767	0.01777978239	0.0265761993555	0.0381178068506	0.0538214774064	0.0755271774354	0.103982700774	0.141667574351	0.183298044352	0.234148025199	0.296785598357	0.370581042698	0.453979734197	0.546086288128	0.654634467058	0.770217811682	0.892186922089	1.03306734503	1.18745725399	1.352375313	1.53878260541	1.74747612201	1.96472991015	2.18669676734	2.40642024302	2.62582885813	2.8332334143	3.00680029939	3.14862530402	3.25398551976	3.30796442745	3.30373348864	3.24528749672	3.15582773939	3.03546244998	2.89341113931	2.77010387152	2.63981063499	2.51106218309	2.41012969402	2.32638662378	2.27201414039	2.2448180593	2.22581819223	2.21228902743	2.20396490131	2.19889761413	2.18437467069	2.14390524901	2.08429820877	2.00009268708	1.88212820945	1.73266783618	1.57296465523	1.40366806652	1.21632603182	1.03538944168	0.86891675864	0.709577635218	0.558749586377	0.431408167621	0.3293441484	0.247559117284	0.184065516973	0.135144057071	0.0984726409294	0.0714536689078	0.0512238777656	0.0374684069404	0.0279045173537	0.0213810000739	0.017218937013	0.0140604919952	0.0126829770342	0.0119548619833	0.0111578711844	0.0106757409481	0.0105773470223	0.0105183106668	0.0103805591707	0.0108430106219	0.0382752371318	0.0742185382224	0.0873639667078	0.101581888984	0.137121774979	0.279320676529
PD_120S_1_bbduk_adapt_filt	0.000100309253428	0.000137925223464	0.000163002536821	0.000112847910107	7.52319400712e-05	0.000137925223464	0.000238234476892	0.000300927760285	0.00042631432707	0.000840089997462	0.00149210014475	0.00255788596242	0.00416283401728	0.00655771744288	0.0101939278797	0.0165886427857	0.0250271587304	0.0361113312342	0.0508693301448	0.0719844279915	0.101600735066	0.139392246295	0.184318253175	0.240040043454	0.307096779371	0.38018460915	0.469723156491	0.571223582304	0.682892858683	0.816065931266	0.958078756807	1.10325132383	1.26249226365	1.42098088407	1.58225308626	1.75680372589	1.93852647713	2.1059426211	2.27273183224	2.4484861829	2.60163333557	2.75073050214	2.88286286622	2.99399298036	3.08770690037	3.1363819656	3.14656335482	3.13078972472	3.09361260767	3.02032415938	2.95015783661	2.87679415638	2.77874186116	2.69858222901	2.63067286444	2.57229287895	2.53084007997	2.49553122276	2.45875534272	2.42230546776	2.38363625056	2.33276692042	2.25712120467	2.15861751781	2.04451574203	1.90086035247	1.7174950372	1.52644352539	1.33309743941	1.1331309427	0.940198632384	0.759616898899	0.599586023711	0.467328273066	0.353640272962	0.257443698924	0.190173805843	0.137862530181	0.0932750670317	0.0613265698147	0.040449706445	0.0275725060361	0.0185446732276	0.0115606414576	0.00692133848655	0.00431329789742	0.00285881372271	0.00214411029203	0.0015171774581	0.00094039925089	0.000639471490606	0.000526623580499	0.000413775670392	0.000288389103606	0.000338543730321	0.000413775670392	0.000438852983749	0.000589316863891	0.00094039925089	0.000789935370748	0.000225695820214
PD_120S_2_bbduk_adapt_filt	0.000100451756663	0.000125564695828	0.000150677634994	0.00017579057416	0.00017579057416	0.000188347043742	0.000251129391657	0.000389250557068	0.00048970231373	0.000941735218712	0.0016825669241	0.00268708449073	0.00426919965816	0.00631590420016	0.0101079580142	0.0171521374501	0.0253891814965	0.0354971395107	0.0490957960689	0.0695377285497	0.0991082144173	0.13574799266	0.18180512309	0.237066145724	0.302121214633	0.377497701538	0.460646643116	0.559528841081	0.675826862357	0.804945039077	0.945464490178	1.09415820298	1.24712111544	1.40000868908	1.56133421028	1.7273558511	1.90603441327	2.08363311904	2.25157589971	2.42873512906	2.59022388436	2.72574586057	2.86219701553	2.98561455506	3.07015726476	3.10984826511	3.12559407797	3.11689244455	3.0786454382	3.01278675523	2.93805064828	2.85747578296	2.7693670359	2.69319949141	2.61802390802	2.56244897365	2.52044758289	2.48726083378	2.4550158199	2.41335345382	2.37400147815	2.3373616999	2.27328603562	2.16501159841	2.02913804106	1.88226501634	1.71252666052	1.52709271772	1.33868289163	1.13553177025	0.93971362711	0.766245999823	0.615066106045	0.479129766342	0.360144660575	0.265946025764	0.195918594901	0.143156309714	0.100652660176	0.0728903059283	0.0530134145787	0.0380084334272	0.028264613031	0.0212329900646	0.0162982975185	0.0133977530449	0.0123178966608	0.0108236767804	0.00956802982212	0.00931690043046	0.00922900514338	0.00895276281256	0.00934201336963	0.00984427215294	0.0103967568146	0.0162857410489	0.0239954133728	0.0285659683009	0.036539326486	0.0652685288916	0.158789114344
PD_121S_1_bbduk_adapt_filt	7.3966329787e-05	8.13629627657e-05	9.61562287231e-05	0.000162725925531	0.000207105723404	0.000266278787233	0.00039941818085	0.000539954207445	0.00096895892021	0.00179738181382	0.00278853063297	0.00422347743084	0.00647205385636	0.0108656538457	0.0173229144361	0.0251485521276	0.0353115258403	0.0476047298509	0.0634926974892	0.0834857964306	0.106674240819	0.138028568016	0.177948196202	0.225345820329	0.280561685515	0.352072333153	0.43445603127	0.525294080881	0.63189435537	0.743664876312	0.856862947418	0.979972506715	1.10710583435	1.2256294812	1.34293268361	1.45542807459	1.56946196522	1.68368816831	1.79418646838	1.90478092468	2.00532335675	2.09985972286	2.19397448088	2.27780052242	2.36149342458	2.44506058397	2.52316163159	2.59769750212	2.67130879352	2.74728700748	2.8151141319	2.8851602462	2.95560577869	3.0013391604	3.041754363	3.09248047196	3.12426380387	3.12546205842	3.10490681537	3.068175136	3.00871360348	2.91330443469	2.79346418717	2.65044289189	2.47691048558	2.28058165642	2.05682611219	1.82938704472	1.5989967207	1.36083253542	1.13800896694	0.936724393689	0.753361862147	0.590695109679	0.452747904626	0.33977173251	0.251847956292	0.185293052749	0.132887908095	0.0906753236859	0.0609186692126	0.0412214355903	0.0272417992606	0.0176483662872	0.0115387474468	0.00757415217019	0.00497793399467	0.00323232861169	0.00207105723404	0.00140536026595	0.000961562287231	0.000747059930849	0.000673093601062	0.000502971042552	0.000384624914892	0.000325451851063	0.000347641749999	0.000606523904254	0.000843216159572	0.000591730638296	0.000184915824468
PD_121S_2_bbduk_adapt_filt	5.92363764664e-05	6.66409235247e-05	0.000111068205875	0.000236945505866	0.000296181882332	0.000296181882332	0.00043686827644	0.000629386499956	0.00102182749405	0.00171785491753	0.00256197328217	0.00425021001147	0.00706393789362	0.0113585751874	0.0169193900282	0.0244720280277	0.0348309893623	0.0469374238026	0.062361095325	0.0809242948002	0.104648463575	0.137443202496	0.175154560664	0.220788784184	0.278803410386	0.348813402823	0.427679233541	0.516437539128	0.621322948209	0.735641750242	0.85369984854	0.973683129073	1.09128214545	1.20273538777	1.32176348174	1.44133951218	1.5548216004	1.66781498851	1.77532901179	1.87878534329	1.97343766834	2.07083708034	2.16461566884	2.25635060234	2.35377222799	2.43735475518	2.51037839827	2.58461638708	2.66502976813	2.74476193085	2.81338727299	2.87149075376	2.92952018905	2.98855664275	3.03961839926	3.0769151028	3.107236723	3.12217169442	3.10888793699	3.07075451964	3.00494290539	2.91851703212	2.80785607634	2.65739568011	2.471785899	2.27212969212	2.05727195013	1.83278089242	1.60307703358	1.36944876479	1.14649044832	0.944398145457	0.7601656101	0.595977183629	0.460244431503	0.349050348328	0.260003265405	0.19127425961	0.140382807678	0.100790694558	0.070994797195	0.0510321383258	0.0363785396974	0.0261824783982	0.0207475408574	0.0160974853048	0.0126617754697	0.0107365932345	0.00952965206404	0.00830049725236	0.00773775167593	0.00795988808768	0.00773775167593	0.0075822561877	0.0080265290112	0.0112326978874	0.0164380944694	0.0224728003219	0.029588570045	0.0472928420614	0.113052624486
PD_122S_1_bbduk_adapt_filt	0.000111572172784	0.000111572172784	0.000111572172784	0.00013946521598	0.00013946521598	0.000111572172784	0.000167358259177	0.000251037388765	0.000371907242615	0.00064153999351	0.00103204259826	0.00160849882431	0.00282649504387	0.0047790080676	0.00744744253336	0.0115849106074	0.0172936867816	0.0243878174345	0.0344479083472	0.0489987792145	0.0683751465547	0.0923631637033	0.124839963665	0.167163007874	0.218923198365	0.276884942127	0.341689779152	0.421770706168	0.511716472795	0.610429952666	0.725795579325	0.85029152879	0.984921950616	1.12885935119	1.29016481999	1.46937762253	1.65251404647	1.84663103175	2.04821405493	2.25953175019	2.47537741612	2.67883857087	2.85783752674	3.02649746127	3.17188530009	3.27708856134	3.33860201927	3.35718808372	3.34848545424	3.30875646305	3.25532268997	3.18678018515	3.10246881325	3.01753449672	2.94299498762	2.882113772	2.82019121611	2.76716654099	2.70814486159	2.62664138937	2.52809526776	2.41948905523	2.30618751377	2.16395158883	2.00105621657	1.8319778864	1.6398784979	1.44748158362	1.26170461825	1.07295239494	0.898063014104	0.736618080085	0.589035988534	0.45957507738	0.352186861075	0.264119226024	0.194237855137	0.138293708166	0.0959706639567	0.0670083874381	0.0456981024363	0.030868301137	0.0199249305231	0.0123845111791	0.00795881499195	0.00527178516406	0.00347733271845	0.0021198712829	0.00143184288407	0.00113431708997	0.00090187506334	0.000678730717772	0.000436991010072	0.000297525794092	0.000297525794092	0.000251037388765	0.00026033506983	0.000390502604745	0.000725219123099	0.000576456226053	9.29768106537e-05
PD_122S_2_bbduk_adapt_filt	5.58303806041e-05	5.58303806041e-05	6.51354440381e-05	8.37455709061e-05	0.000102355697774	0.000111660761208	9.30506343401e-05	0.000167491141812	0.000474558235135	0.000744405074721	0.000921201279967	0.00148881014944	0.00290317979141	0.00460600639984	0.00699740770238	0.0108962292812	0.0163862167073	0.0242583003725	0.0345310904036	0.0492237855659	0.069806585882	0.0935903280193	0.124343562669	0.165881365838	0.216398555221	0.271000667452	0.337736582401	0.420114308982	0.505990739415	0.6044755308	0.717876338871	0.836180915371	0.970425065533	1.11621679942	1.27048544609	1.44440638673	1.6315032972	1.82374590775	2.02368380576	2.2307121621	2.43579576019	2.64802564699	2.84868003488	3.0128864893	3.14853570404	3.24479658527	3.30763367863	3.33956865634	3.33677713731	3.29603026453	3.23812485478	3.18343899698	3.10648612238	3.01821829065	2.95004939593	2.89163220769	2.82672008517	2.77249948054	2.71035096187	2.6221947909	2.53364780726	2.43759163743	2.31886833307	2.17390474983	2.00940053338	1.84054154725	1.65147196333	1.45319036662	1.26801029922	1.08558453059	0.907429786085	0.743567619012	0.595049501542	0.465625374238	0.358775330825	0.271689242146	0.200980065111	0.146154631358	0.104616828189	0.0741241353153	0.0525829134656	0.0366526448666	0.0261100079958	0.019466192704	0.0145717293377	0.0104961115536	0.00811401531446	0.00693227225834	0.00631813807169	0.00580635958282	0.00542485198203	0.00545276717233	0.00542485198203	0.00565747856788	0.0054992924895	0.00709045833672	0.0105798571245	0.0143949331324	0.0205641901892	0.0392580626281	0.0861928025893
PD_123P_1_bbduk_adapt_filt	4.9566626592e-05	6.60888354561e-05	7.43499398881e-05	5.78277310241e-05	4.9566626592e-05	4.9566626592e-05	5.78277310241e-05	0.000107394357616	0.000156960984208	0.000322183072848	0.000462621848192	0.000793066025473	0.00160265425981	0.00259398679165	0.00431229651351	0.00670801679879	0.0112764075497	0.018166168646	0.0292360485849	0.0454195521672	0.0678071451779	0.100810257384	0.146072848567	0.204156673828	0.277440931245	0.364042089005	0.470783819371	0.59922747108	0.734858283645	0.878295839898	1.03097757201	1.1964805382	1.38347889812	1.58058058877	1.79556757051	2.03570961524	2.29563700509	2.56222284511	2.83804459989	3.13171860134	3.40780471146	3.6606440737	3.88033988497	4.03350076114	4.13108918779	4.17542653528	4.14419129942	4.04481847421	3.88973276071	3.68973968351	3.4544799515	3.19164465289	2.93392297792	2.68190972612	2.44436992928	2.24236940371	2.06491261941	1.90639028646	1.76391927943	1.64527329757	1.53578888054	1.43210375881	1.33672104704	1.23426682987	1.1345966049	1.03172933251	0.914586871668	0.802681951032	0.697195908539	0.592329448879	0.490676558844	0.397119551151	0.313236296748	0.241744698994	0.185792238676	0.139026126486	0.102916839014	0.0725738024352	0.0479474501234	0.0328957178483	0.0220984543556	0.0139943109078	0.00881459842895	0.00553493996945	0.00354401380133	0.00213962604789	0.00128873229139	0.000842632652065	0.000561755101377	0.000396533012736	0.000380010803872	0.000355227490576	0.000297399759552	0.000214788715232	0.000148699879776	0.000181744297504	0.000198266506368	0.00028913865512	0.00045436074376	0.000313921968416	6.60888354561e-05
PD_123P_2_bbduk_adapt_filt	6.61631595092e-05	5.78927645706e-05	5.78927645706e-05	4.96223696319e-05	3.30815797546e-05	3.30815797546e-05	4.96223696319e-05	7.44335544479e-05	0.000157137503834	0.000297734217791	0.000479682906442	0.000785687519172	0.00131499279525	0.00241495532209	0.00431714615798	0.00723659557132	0.0113552522508	0.0178227010928	0.0292606572929	0.0456525800614	0.0687931450997	0.100981522201	0.146774698976	0.203774260893	0.272699732312	0.359423093639	0.466119458742	0.590158842032	0.724941468347	0.868449361323	1.01986375186	1.1854866809	1.36133181809	1.55829127355	1.78405651459	2.01666964263	2.2606876453	2.53005440845	2.81659051149	3.10162967305	3.36638155583	3.61832259684	3.83127699612	3.99645332383	4.11426509974	4.15326828227	4.13063221132	4.04235401574	3.8878547679	3.679515249	3.44657957555	3.20621708745	2.94297041655	2.68763851361	2.45730801457	2.24801740025	2.06252898257	1.90519298925	1.76975700174	1.64469208947	1.5315778979	1.42839645064	1.33657025564	1.24166747372	1.13603798956	1.02936643564	0.91736047699	0.809415282251	0.698161929536	0.587537126837	0.493122298217	0.403909548014	0.31946881569	0.249724575173	0.193651297489	0.144442447604	0.10643998286	0.0792138427224	0.0591581349962	0.04380828199	0.032089132362	0.0234465696511	0.0181700576802	0.0148536293098	0.0122236437193	0.0106688094709	0.00961019891871	0.00913878640721	0.00891548574387	0.0085598587615	0.00857639955138	0.00873353705522	0.00852677718175	0.00817942059433	0.00893202653374	0.012132669375	0.0165159786925	0.0212631853873	0.0281193427914	0.0484562439456	0.124337117508
PD_126P_1_bbduk_adapt_filt	4.63625167089e-05	4.63625167089e-05	6.95437750633e-05	6.95437750633e-05	0.000108179205654	0.000270448014135	0.00041726265038	0.000641348147806	0.000981339937004	0.00178495689329	0.00304447193055	0.00508442266574	0.00878569691633	0.0144960135576	0.0229030832542	0.0328710243466	0.0463625167089	0.0631457477575	0.0832052633202	0.108642830821	0.138778466682	0.175250313159	0.222238723844	0.278762358798	0.341351756355	0.41270366957	0.49355989871	0.583449091523	0.680663561975	0.782042931845	0.883244578734	0.984198958868	1.09155136631	1.19839378606	1.30445577012	1.40553378363	1.49720793334	1.58479445449	1.66713428416	1.76651233873	1.86203457732	1.94391850891	2.02254161017	2.09747116425	2.17478838795	2.23600236418	2.28701658673	2.33249821562	2.37300360105	2.41479168278	2.45583023715	2.49631244133	2.53309337125	2.57275650429	2.63053965429	2.68012436591	2.72289378757	2.77540706483	2.83757919974	2.88578849003	2.90691434347	2.92875108884	2.91798725788	2.87524101747	2.80663994692	2.69156045336	2.5368487351	2.3536086149	2.13651613041	1.89081797311	1.63668183777	1.3822288919	1.14346965794	0.921323659125	0.719546259321	0.548043582929	0.410941893935	0.300954550129	0.21543888806	0.150747723079	0.101734815831	0.0685701622124	0.0455975351832	0.0297647357271	0.0193486236398	0.0126801483199	0.00844570512713	0.00594985631097	0.00393308683413	0.00248039464392	0.0017463214627	0.00122860669278	0.000934977420295	0.000764981525696	0.000710891922869	0.000649075233924	0.000494533511561	0.000448170994852	0.000587258544979	0.000401808478143	6.95437750633e-05
PD_126P_2_bbduk_adapt_filt	7.73293893283e-05	6.95964503954e-05	7.73293893283e-05	0.00010826114506	0.000146925839724	0.00024745404585	0.000332516374112	0.000487175152768	0.000935685610872	0.00160845129803	0.00283798858835	0.00512693851246	0.00865315866583	0.0140198182852	0.0217372913402	0.0322850200446	0.0454387491693	0.0610360869968	0.081729431581	0.107913162808	0.137708176516	0.176481132325	0.220999661761	0.272284512764	0.335625015563	0.406358207981	0.486301330669	0.577434015992	0.672394506087	0.771608112595	0.873010140821	0.976005154468	1.081420578	1.18227356756	1.28522991651	1.38381715497	1.47221237991	1.55521001348	1.64224424116	1.73974113523	1.830564503	1.90534202248	1.98059898417	2.05863980388	2.13498710996	2.20618427872	2.26164491674	2.31347880641	2.35877062974	2.39860299818	2.44192292209	2.48453141561	2.52643621168	2.56718106692	2.61432879559	2.67257329164	2.72930213165	2.77835989624	2.84000688541	2.88611066733	2.91288983485	2.93454206386	2.92823198569	2.89445450843	2.82451007579	2.71015537485	2.55124347978	2.3688930468	2.15555672753	1.91018284225	1.65667390521	1.40717063055	1.16587200409	0.937348192743	0.738070356444	0.567559052975	0.425412169512	0.311830762466	0.224371223136	0.158757236291	0.112545193228	0.0789069088706	0.0536897950106	0.0368629198928	0.0256656243181	0.0182652017593	0.0138728924455	0.0115530107656	0.00915579969647	0.00726896259686	0.00650340164251	0.00621728290199	0.0061708852684	0.00597756179507	0.00579197126069	0.00767107542136	0.0110813014907	0.0142518064532	0.0203221635155	0.0423069089015	0.0993991970426
PD_127S_1_bbduk_adapt_filt	1.58685651183e-05	1.58685651183e-05	1.58685651183e-05	3.17371302366e-05	6.34742604733e-05	7.93428255916e-05	0.000142817086065	0.000182488498861	0.000309437019807	0.000610939757055	0.00121394523155	0.00238028476775	0.00385606132375	0.00606972615776	0.00940212483261	0.0150433997322	0.0230252879867	0.0332843153357	0.0467963985339	0.0661957193911	0.0911173009094	0.121021611875	0.158384148446	0.202958947863	0.257229440568	0.323782202674	0.398491407251	0.481848979818	0.574767362868	0.675136037242	0.783359651349	0.903960746248	1.03346410618	1.17209189105	1.32261316548	1.47954534022	1.64383259489	1.81499093826	2.00080390151	2.19262311666	2.38489458592	2.57062027206	2.74526969975	2.9042885908	3.0380367919	3.15015613875	3.22891976171	3.27873118762	3.31129348324	3.32252049306	3.30696136496	3.26758352062	3.20683865335	3.138032555	3.05292944027	2.95068034093	2.85587359863	2.76051939083	2.65907958831	2.54531784498	2.42938210822	2.32589526081	2.20531003447	2.07095089361	1.93540954466	1.78345216508	1.61978378445	1.45233868532	1.28369550953	1.11360036003	0.946020378094	0.78584308179	0.634996501775	0.503953891028	0.389327310895	0.291957795329	0.218391127441	0.157693865863	0.109731127793	0.0754153557248	0.0511285168112	0.0340936121567	0.0220969769273	0.01407541726	0.0089181335965	0.00566507774724	0.00345141291324	0.00222953339912	0.00144403942577	0.000991785319895	0.00066647973497	0.000491925518668	0.000396714127958	0.000357042715162	0.000325305584926	0.000245962759334	0.000182488498861	0.000214225629097	0.000309437019807	0.000222159911657	3.96714127958e-05
PD_127S_2_bbduk_adapt_filt	4.76545691836e-05	6.35394255782e-05	7.14818537754e-05	8.736671017e-05	8.736671017e-05	7.94242819727e-05	0.000111193994762	9.53091383673e-05	0.000198560704932	0.000548027545612	0.00129461579616	0.00239861331558	0.00389178981666	0.00606007271452	0.00942766227016	0.0150747287184	0.0230489266285	0.0333661408567	0.0460104865468	0.0631899587375	0.0877876588644	0.118056252724	0.154647019429	0.201817100493	0.255214045263	0.315687693557	0.392983404773	0.476156512855	0.564476314408	0.659356561653	0.765904235919	0.885898441124	1.0116588492	1.14571115231	1.28949292997	1.44255146376	1.60239283123	1.77415578342	1.95573557687	2.14358194616	2.33620965723	2.52228486504	2.69742334921	2.86578694214	3.00471589617	3.11130328257	3.20943198295	3.26916698542	3.29878430017	3.3151854144	3.30670290108	3.27486964887	3.21825602068	3.14830705554	3.06429205007	2.96876052372	2.87387233404	2.77400424189	2.6646608329	2.55768426751	2.45436916152	2.34350080632	2.21531001521	2.08397402254	1.9496596193	1.7930508201	1.62592624598	1.46124793973	1.29386126548	1.12154234331	0.951971501297	0.793075282782	0.642963389854	0.512667855278	0.399845662735	0.304449157658	0.230211281298	0.169864711855	0.12287730664	0.0880656438514	0.0634202891552	0.045295668009	0.0331278680108	0.0246930092653	0.0188870942531	0.0152494621388	0.0125331516953	0.0105713719306	0.00949120169574	0.00918144699605	0.00907819542948	0.00884786501176	0.00864136187863	0.00868107401962	0.00868107401962	0.0106984507817	0.014653780024	0.018640878979	0.0243673697092	0.0428970546935	0.113807053639
PD_128S_1_bbduk_adapt_filt	5.128214771e-05	5.128214771e-05	6.83761969467e-05	9.40172708017e-05	0.00015384644313	0.000316239910878	0.000444445280154	0.000598291723284	0.00103418997882	0.001769234096	0.00292308241947	0.00488035105707	0.00802565611662	0.0128803660998	0.0206496114779	0.034017157981	0.0529488175106	0.073094154536	0.0965557371134	0.129299388426	0.174384943288	0.225051705225	0.28161591415	0.353949383495	0.437120480056	0.526906973671	0.63141144368	0.757078346643	0.895360657943	1.03977118589	1.19395096298	1.37003676417	1.55725933844	1.73704600128	1.91878993277	2.10708088511	2.30011543611	2.47562003963	2.64766309817	2.82264633318	2.97925346526	3.11333064045	3.23172402546	3.3344678084	3.39795510727	3.4161260816	3.40474999184	3.36005760011	3.27045059401	3.15159566967	3.01127061948	2.86033871175	2.70792816875	2.55118428428	2.40281648393	2.27497863671	2.17094425306	2.08800392616	2.01367045306	1.95294384314	1.89747365337	1.82823420694	1.75676398708	1.67280656425	1.56506277191	1.43703689015	1.29012208399	1.14367736418	0.999164271933	0.848146893951	0.700420120448	0.567889956716	0.447915372149	0.346282702412	0.263479127909	0.193231132571	0.139547270944	0.100709591078	0.0699573965011	0.0467265835884	0.0320940774419	0.0221367937615	0.014333360285	0.0092735217109	0.00602565235593	0.00382906702901	0.00264957763168	0.00188034541603	0.00129060071737	0.000888890560307	0.00071795006794	0.000589744698665	0.000452992304772	0.000316239910878	0.000264957763168	0.000264957763168	0.000367522058588	0.000470086354009	0.000538462550955	0.000367522058588	9.40172708017e-05
PD_128S_2_bbduk_adapt_filt	6.84628640737e-05	0.000102694296111	0.00011125215412	0.000128367870138	0.000231062166249	0.000342314320369	0.000410777184442	0.000564818628608	0.000932806523005	0.00156608801569	0.0025074523967	0.0044586440228	0.00765072506024	0.0132133327662	0.0216513807633	0.0346250935053	0.0518691773939	0.0725021730541	0.0969091840964	0.129146635217	0.170044638643	0.218781640006	0.277599798103	0.348090874525	0.427918574035	0.518306670328	0.631381648204	0.756506090157	0.885721188238	1.02386213222	1.18148076104	1.3526635948	1.5265678274	1.70720709426	1.89254462516	2.08050086062	2.26592397011	2.44189064649	2.62211057831	2.791248084	2.93418142847	3.07279305465	3.20478089872	3.30327328655	3.36553170357	3.39701606319	3.38767088224	3.33916494304	3.25885800348	3.15214151411	3.02136032801	2.86902189759	2.71672625646	2.5636005031	2.41154448199	2.27883777784	2.17314823143	2.09025681875	2.02140029321	1.96175202289	1.89564256976	1.82602439486	1.7583745273	1.67612495397	1.57137677194	1.45030019682	1.30403784559	1.15213586592	1.00353721945	0.854681837239	0.710139615463	0.574497566017	0.457272027007	0.354509268032	0.267313252776	0.200912832482	0.150104829482	0.109283846778	0.0774229414094	0.0550270269993	0.0394602832805	0.0293962422617	0.0225157244223	0.0170472531544	0.0136241099507	0.0109711739678	0.00942220166815	0.0082583329789	0.00712013786367	0.00684628640737	0.00666657138918	0.0069660964195	0.00754803076413	0.00766784077626	0.00804438652866	0.0118269597687	0.0172868731786	0.0220963893798	0.0305087638029	0.0535978647117	0.132004959792
PD_129P_1_bbduk_adapt_filt	0.0	1.28499342276e-05	2.56998684552e-05	3.85498026828e-05	5.13997369104e-05	8.99495395933e-05	0.000205598947642	0.000436897763739	0.000629646777153	0.000719596316746	0.00131069329122	0.00218448881869	0.00312253401731	0.00416337868975	0.00584672007356	0.00776136027348	0.0103570469875	0.0154456209416	0.0210867420675	0.0274860093129	0.0375475078131	0.053237277505	0.0710087365418	0.0946140657179	0.126147804312	0.159801782055	0.201846766847	0.255816490603	0.319732063451	0.39012400315	0.467467757266	0.557378747057	0.661154815879	0.777947868074	0.894201223031	1.01553030201	1.1452760879	1.28093284355	1.41628120076	1.54657953383	1.66706051715	1.77659335651	1.88567644817	1.97599863585	2.05781416708	2.13107164211	2.19352232246	2.23545165784	2.27479815645	2.34218321154	2.41475964005	2.48551137791	2.58201438396	2.71458715539	2.87192175007	3.04779879984	3.22329035159	3.38351618147	3.5333978143	3.67544098726	3.77271498936	3.80291233479	3.76736941672	3.65324915084	3.46256897684	3.22453679521	2.92900115791	2.59180603384	2.2421207737	1.89148461844	1.56171675635	1.26055284786	0.985885503745	0.750564658235	0.561606375418	0.407998261661	0.292670101968	0.215673296076	0.190063377161	0.154366259876	0.0864158076807	0.0468508601939	0.0314823388576	0.0215236398312	0.0146617749537	0.00966315053916	0.00646351691649	0.00472877579576	0.00341808250454	0.00224873848983	0.00151629223886	0.00113079421203	0.000899495395933	0.000706746382519	0.000616796842925	0.000475447566422	0.000424047829511	0.000436897763739	0.000642496711381	0.000629646777153	0.000192749013414
PD_129P_2_bbduk_adapt_filt	0.0	2.58096486791e-05	5.16192973581e-05	6.45241216977e-05	6.45241216977e-05	6.45241216977e-05	0.000193572365093	0.000387144730186	0.000490383324902	0.000658146041316	0.00123886313659	0.00197443812395	0.00281325170602	0.00414244861299	0.00605236261524	0.007639656009	0.0103883835933	0.0149179769365	0.0204025272808	0.0281970411819	0.0382628041667	0.0517096311285	0.0714023930706	0.094411694868	0.123408835159	0.158445433241	0.201044258386	0.252379649608	0.314529283627	0.386589822739	0.464960820953	0.556172119385	0.657023321599	0.764868938604	0.882393173864	1.00696344321	1.13477282347	1.2637307331	1.39333388394	1.52004635413	1.64617810722	1.7590437009	1.86177900746	1.9559067962	2.03370998214	2.10940968172	2.16988168857	2.21267408608	2.25950569361	2.32093265746	2.38132723537	2.45465244727	2.56063976957	2.68613918627	2.82347232689	2.98667964032	3.15670070099	3.3171980013	3.48678029795	3.63198538141	3.72834570476	3.76247896514	3.73167514944	3.62726221571	3.46202884486	3.24074982191	2.93348595439	2.59685070667	2.25249837399	1.90039024189	1.57440147425	1.27790023022	1.009183073	0.772224688478	0.576342359828	0.420232699792	0.302863322424	0.217910863797	0.154031983317	0.109600673116	0.0787968574172	0.0573748490136	0.0421342514686	0.0309844832392	0.0243384987044	0.0206348141189	0.0171247018986	0.0144275936116	0.0133177787184	0.0124531554876	0.0115627226082	0.0115885322569	0.0124015361903	0.0124918699607	0.0126209182041	0.0280938025872	0.0565876547288	0.0789259056606	0.101560967552	0.146598804497	0.314709951168
PD_12P_1_bbduk_adapt_filt	0.000101170428036	0.000101170428036	0.000101170428036	0.000126463035045	0.000151755642053	0.000177048249062	0.000240279766585	0.000303511284107	0.000392035408638	0.000796717120781	0.00130256926096	0.00203605486422	0.00308569805509	0.00536203268589	0.00829597509892	0.0122289754888	0.0186785902761	0.0265445910559	0.0385712256886	0.0563898673264	0.0784070817276	0.105482817531	0.140639541273	0.183194352566	0.234121016778	0.296859328464	0.365313769333	0.440799554951	0.532244975592	0.636121712578	0.747181549954	0.865298024685	0.996376960509	1.13529660451	1.29308453333	1.46036983609	1.63906210461	1.8382413848	2.0417709934	2.26247428216	2.4838225324	2.6916645305	2.88940213209	3.07081335586	3.22679286329	3.36226006643	3.4679072859	3.52189435556	3.54168582055	3.53306104156	3.51926392443	3.47927631275	3.39342055826	3.30002760688	3.20243608274	3.08977016482	2.9800002504	2.87454272547	2.74887640755	2.59342804487	2.42406874834	2.26438387399	2.10249854283	1.92185874357	1.72934406532	1.53770198202	1.3341217882	1.15520188622	1.00251041771	0.839461626626	0.688717688853	0.562052312952	0.455431328106	0.369196184509	0.296505231965	0.237586103938	0.191414449843	0.145811879406	0.10151187823	0.0657734245267	0.0422007147944	0.028403597671	0.0191465035057	0.0132786186797	0.00902946070218	0.00589317743308	0.00394564669339	0.00285806459201	0.00223839572029	0.00166931206259	0.00131521556446	0.00108758210138	0.00093582645933	0.000771424513772	0.000670254085736	0.000657607782232	0.000619668871718	0.000746131906763	0.000923180155825	0.000619668871718	0.000164401945558
PD_12P_2_bbduk_adapt_filt	0.000101714422012	8.90001192602e-05	0.000101714422012	0.000127143027515	0.000127143027515	0.000165285935769	0.000228857449526	0.000292428963283	0.000457714899052	0.000826429678844	0.00144943051367	0.00209785995399	0.00310228987135	0.00569600763265	0.00884915471501	0.0123455879717	0.0179780240906	0.0265347498423	0.0389311950249	0.0542137869322	0.0755992441601	0.105325283993	0.140556616917	0.184217532566	0.237325175159	0.296840826338	0.362522914352	0.441148162567	0.535437431772	0.637037425059	0.740608135272	0.860402295796	0.992109757999	1.12400793474	1.26589955345	1.43564820948	1.62219245945	1.81328842981	2.02009927836	2.24310814862	2.46651116227	2.66695214514	2.86304483648	3.05828566953	3.22781818242	3.36100050374	3.45680277497	3.51458928098	3.54248446121	3.52449372282	3.47611580085	3.42120272727	3.33941161767	3.234645763	3.12751504801	3.02419862385	2.91889876847	2.80866576361	2.68711702931	2.55505356663	2.41608623756	2.25727188189	2.08723079689	1.91727871201	1.73546418266	1.54944121911	1.35379352837	1.17041513978	1.00561234752	0.846289419742	0.697646506275	0.563421612128	0.448865744337	0.350940184546	0.27064936267	0.205641132702	0.154453349825	0.114568582093	0.0851095426182	0.0639147999315	0.0468267770336	0.0334004733281	0.0246911759433	0.0192494543657	0.0150791630632	0.0120658733111	0.0105782998892	0.0100442991736	0.00935772682507	0.00868386877924	0.00846772563247	0.00831515399945	0.00848043993522	0.0092178694948	0.0096120128801	0.0491789230426	0.0950775559754	0.108008001874	0.126456455166	0.168159368191	0.34305731684
PD_130S_1_bbduk_adapt_filt	4.71015030325e-05	4.71015030325e-05	4.71015030325e-05	5.88768787906e-05	5.88768787906e-05	5.88768787906e-05	8.24276303069e-05	0.000105978381823	0.000105978381823	0.000153079884856	0.000282609018195	0.000588768787906	0.000965580812167	0.00175453098796	0.00348551122441	0.00634692753363	0.0102563522853	0.016261793922	0.0257291960315	0.0387292108685	0.0585236175179	0.0871495559859	0.123888728351	0.173298205032	0.235695921175	0.312400718863	0.405496839607	0.51536109543	0.639979897079	0.779765382703	0.940075348274	1.12326486894	1.32906311107	1.55771735754	1.80759083113	2.06998152915	2.36344744379	2.6847621221	3.01377789616	3.34272301796	3.65010742675	3.93643746369	4.17978737911	4.34839898459	4.45749784098	4.50605949061	4.47318264149	4.36696875216	4.16190058333	3.89130244841	3.62924146091	3.34917592388	3.04041379612	2.7402359173	2.46272563681	2.20272534007	1.97170424307	1.77987159659	1.60584331826	1.45788572186	1.34306403284	1.23035013609	1.11712989817	1.01692145047	0.920410470758	0.817682092644	0.714117662852	0.614462657811	0.523427227825	0.432356471711	0.346090068907	0.274154298401	0.209307304101	0.155953076541	0.116587995381	0.0838289000221	0.0596776043422	0.0451585660324	0.0342898942077	0.0229855334799	0.0131413193461	0.0079012771337	0.00525181758813	0.00363859110926	0.00260235804255	0.00168387873341	0.00113043607278	0.000894928557618	0.000541667284874	0.00037681202426	0.00037681202426	0.000329710521228	0.000270833642437	0.000259058266679	0.000259058266679	0.000247282890921	0.000317935145469	0.000588768787906	0.000894928557618	0.000624094915181	0.000117753757581
PD_130S_2_bbduk_adapt_filt	4.71711296648e-05	4.71711296648e-05	4.71711296648e-05	5.8963912081e-05	8.25494769134e-05	8.25494769134e-05	5.8963912081e-05	4.71711296648e-05	4.71711296648e-05	8.25494769134e-05	0.00024764843074	0.000495296861481	0.000919837028464	0.0017453317976	0.00325480794687	0.00612045407401	0.00971725271095	0.0155428872246	0.0240926544763	0.0380671016395	0.0570534813296	0.0842712231462	0.120180245604	0.167221654662	0.231657417784	0.309619502338	0.399103135312	0.505509411053	0.62843737496	0.764431741783	0.920697901581	1.1006911396	1.30350341159	1.52643417039	1.77060373032	2.0473331625	2.33442845042	2.62325727736	2.94392661682	3.2690772136	3.58935739124	3.88039146849	4.12201378741	4.30706612909	4.42978182291	4.48865139273	4.4501125798	4.32948420846	4.14351202976	3.9044605374	3.6434390914	3.35229887911	3.0517834048	2.75900399575	2.47432622822	2.2163355273	1.98661212583	1.79368220551	1.62134248327	1.4727770104	1.35012028048	1.2429356811	1.14178898632	1.03604310639	0.93162981088	0.830341602708	0.729336421313	0.630477526318	0.532621017828	0.442712844687	0.359479386393	0.285750910727	0.224723261723	0.168754716376	0.125251142043	0.0929742965694	0.067690571069	0.0510037839501	0.0378194532088	0.0272413273814	0.0208732248767	0.0162504541695	0.0129013039633	0.0105545402625	0.0097526310582	0.00955215375713	0.0085143889045	0.00824315490893	0.00796012813094	0.00765351578812	0.00836108273309	0.00883279402974	0.00867948785833	0.00889175794182	0.00987055888236	0.0142928522884	0.0216279629513	0.0283026777989	0.0376071831253	0.0597422357205	0.148164518277
PD_131P_1_bbduk_adapt_filt	0.0	0.0	0.0	3.94298755435e-05	5.91448133153e-05	8.8717219973e-05	0.000118289626631	0.000138004564402	0.000216864315489	0.000433728630979	0.000995604357474	0.0018827765572	0.00324310726346	0.00554975498275	0.00929559315939	0.0142637574779	0.0196163630829	0.0276502002249	0.0405240545899	0.0554384050142	0.0745224647773	0.0990675623031	0.133982717097	0.185064120864	0.245746699325	0.323344694395	0.423762729935	0.539213405527	0.677868562876	0.835006474386	1.01663033861	1.22221770969	1.42339879218	1.61592501699	1.80715005591	1.98056264855	2.15877582854	2.3427950577	2.50971157835	2.68756988945	2.85786752193	3.02177751456	3.19135555181	3.35015937556	3.4935362605	3.61562101265	3.70636887122	3.76623327976	3.790078497	3.76795833682	3.71581232641	3.61375795103	3.46539318683	3.30927059462	3.11348154761	2.88912555576	2.66829853778	2.45017246628	2.21954712422	1.98483093258	1.78025888079	1.58637232527	1.40528076437	1.24665437506	1.10655016979	0.981094163274	0.865249188927	0.766605497786	0.672220233204	0.577667391651	0.493878906121	0.419228294248	0.351073754371	0.291948655993	0.240167371936	0.19350211423	0.154200385782	0.117195447584	0.0838574878122	0.0596672591663	0.0429982792802	0.0301835697286	0.0201782388094	0.0135244473114	0.00891115187284	0.00559904232718	0.00356840373669	0.00225736037487	0.00148847780177	0.000995604357474	0.000759025104213	0.000591448133153	0.000522445850952	0.000443586099865	0.000374583817664	0.000364726348778	0.000414013693207	0.000512588382066	0.000571733195381	0.000423871162093	0.000128147095517
PD_131P_2_bbduk_adapt_filt	5.92503468367e-05	3.95002312245e-05	3.95002312245e-05	4.93752890306e-05	5.92503468367e-05	0.000138250809286	0.000187626098316	0.000217251271735	0.000286376676377	0.000434502543469	0.000938130491581	0.00191576121439	0.00329826930724	0.00557940766046	0.0088776769677	0.0135189541366	0.019611864803	0.0280747893428	0.039322480184	0.0539770659682	0.0731445531699	0.0978025725118	0.130844515931	0.178096667533	0.242215417869	0.320020998323	0.41316254355	0.526508457049	0.665717146942	0.822918192157	1.00132098648	1.19898014353	1.40309758838	1.59780410315	1.78357369059	1.96131485605	2.13710076005	2.3139531703	2.48307341029	2.65405016115	2.82070163668	2.99288314459	3.17151306524	3.33131125066	3.46847580359	3.59077839452	3.68721820905	3.73620837083	3.76106389133	3.76269327587	3.71697175822	3.61421190669	3.46621441535	3.30109357378	3.11702249627	2.90060072939	2.65948144294	2.43227611294	2.21095631739	1.98724675785	1.78436369522	1.59419970705	1.41821630188	1.26278289202	1.11657278614	0.98549126882	0.871217099887	0.771716017433	0.677073463419	0.584899673856	0.505040081378	0.431678276937	0.359432354027	0.293743469501	0.236063256855	0.187487847507	0.147553113739	0.113365663614	0.086890633636	0.0652543819828	0.0477360294348	0.0352243311944	0.026435529747	0.0202932437916	0.0153952151197	0.0121463211015	0.00965780653439	0.00789017118709	0.00731741783433	0.00716929196724	0.00706066633138	0.00716929196724	0.00746554370143	0.00795929659173	0.00836417396178	0.0155630911024	0.0275316611635	0.0354909577552	0.0451685144052	0.0741320589505	0.17153962915
PD_134S_1_bbduk_adapt_filt	2.68231943112e-05	2.68231943112e-05	2.68231943112e-05	3.3528992889e-05	7.37637843557e-05	0.000134115971556	0.000187762360178	0.000241408748801	0.000295055137423	0.000368818921779	0.000643756663468	0.00126069013263	0.00195138738614	0.00299749196427	0.00531769827219	0.00926741363451	0.01504110621	0.0236714689796	0.0371903589124	0.0551350759066	0.0784310201659	0.110410973583	0.151095053555	0.201871360386	0.263705529072	0.33693955534	0.426039501043	0.529107625184	0.640531174352	0.768531457605	0.915220801494	1.08043156106	1.27111094362	1.46927399739	1.69484364995	1.94490287891	2.2076159498	2.49246486178	2.78703047591	3.08810071466	3.37245339755	3.63301390709	3.85998507155	4.04314725391	4.16960520349	4.2294008094	4.21643850075	4.13975769402	4.00175906508	3.79698409391	3.57775142101	3.32844324148	3.05986259685	2.8196340686	2.59220690983	2.37671607253	2.18601657258	2.02344789766	1.8742438793	1.73666100988	1.61635227759	1.50148194796	1.37967111679	1.25397762825	1.1273520337	1.00313382085	0.871136881644	0.741017566041	0.629862248815	0.522683470146	0.421137562283	0.333915240181	0.258850530901	0.196117785206	0.145395124764	0.105797384162	0.0753061180286	0.0525935782456	0.0364326036732	0.025126627271	0.0164023833213	0.0108969226889	0.00757084659433	0.00512323011343	0.00337301668463	0.00220620773209	0.00154233367289	0.00104610457814	0.00073093204498	0.000543169684801	0.000429171108979	0.000328584130312	0.000281643540267	0.000254820345956	0.000254820345956	0.000248114547378	0.000281643540267	0.000435876907557	0.000771166836446	0.000683991454935	0.000174350763023
PD_134S_2_bbduk_adapt_filt	4.02875348219e-05	2.68583565479e-05	1.3429178274e-05	4.02875348219e-05	8.72896587807e-05	0.00013429178274	0.000181293906698	0.000214866852383	0.000261868976342	0.00035587322426	0.000557310898369	0.00101390295968	0.00171222022993	0.0028872733289	0.00521052117029	0.00927284759816	0.0147183793883	0.022943751081	0.0353993139301	0.0527766706166	0.0765060286267	0.107507286672	0.147835109029	0.196717317946	0.257981229232	0.332513168652	0.41601579916	0.514478534264	0.625014100637	0.749704020911	0.894497421061	1.05721205962	1.24183640253	1.44005107385	1.66304929368	1.90494908193	2.16801996973	2.44527878437	2.73391211301	3.04007723389	3.32255999888	3.59026395318	3.82377050501	4.01444469274	4.15409471761	4.22070344184	4.22156962384	4.13460897993	3.9894328482	3.79708672778	3.56888470137	3.3268170484	3.07093748556	2.8303470422	2.59720307818	2.37935494822	2.188868769	2.02811479047	1.88888107012	1.75473700834	1.6271866731	1.50810343475	1.39096742726	1.26629093616	1.14074826307	1.01158642643	0.880302779625	0.756297747443	0.640712810039	0.530271247914	0.428525078722	0.339415766285	0.26569629215	0.20446595381	0.154348260492	0.115363355962	0.0848119753892	0.0615526386187	0.0442222840561	0.0325456135469	0.0246761150784	0.0187471328704	0.0144699395902	0.0121131188031	0.010441186108	0.00860138868447	0.00762105867047	0.00743305017463	0.00733233133758	0.00725847085707	0.00713089366347	0.00744647935291	0.0078090671663	0.00787621305767	0.00838652183208	0.0132008822433	0.0206809345419	0.0260257474949	0.0342914067225	0.0598337037996	0.14152339524
PD_137P_1_bbduk_adapt_filt	3.6210679163e-05	2.71580093722e-05	2.71580093722e-05	7.24213583259e-05	0.00012673737707	0.000153895386443	0.000199158735396	0.000217264074978	0.000208211405187	0.000325896112467	0.000588423536398	0.0010772677051	0.00181958662794	0.00334043515278	0.00553118124214	0.00902551178137	0.0156430133984	0.0253565280839	0.0373422628868	0.0542435973861	0.0783327516993	0.10945583044	0.151532639627	0.205414130222	0.271851673816	0.352655804368	0.445119773611	0.554050549203	0.68353993789	0.829948766415	0.991647554218	1.17596896383	1.38548395346	1.60273897577	1.84967770232	2.1384126053	2.43411806401	2.72951573196	3.02628940571	3.31354872351	3.58394291749	3.82647299385	4.02116876304	4.15809944629	4.22656478792	4.23303744682	4.18254165473	4.06488410546	3.88918989016	3.67486793286	3.44229579327	3.18053784627	2.91340261342	2.66628283347	2.42514686825	2.20536615107	2.01704346142	1.86252344076	1.71913820394	1.57853213675	1.46450470807	1.36087879697	1.25869226037	1.15662340848	1.04228818903	0.929012131935	0.818361349083	0.713268905482	0.612847639494	0.511675001912	0.422415677776	0.34087828097	0.267587866345	0.206074975116	0.154085492508	0.114805958286	0.083366036103	0.05970235727	0.0441498705695	0.0299009683188	0.0184040776846	0.0119314187842	0.00780340135962	0.00487938901721	0.00295117035178	0.00198253468417	0.00114968906342	0.00073326625305	0.000570318196817	0.000353054121839	0.000271580093722	0.000262527423932	0.000271580093722	0.00024442208435	0.000199158735396	0.000208211405187	0.000190106065606	0.000190106065606	0.000307790772885	0.000226316744769	4.52633489537e-05
PD_137P_2_bbduk_adapt_filt	1.81241898487e-05	2.71862847731e-05	3.62483796974e-05	6.34346644705e-05	0.000117807234017	0.00014499351879	0.000163117708638	0.000190303993411	0.000244676562958	0.00041685636652	0.0007068434041	0.000987768346755	0.00162211499146	0.00308111227428	0.00555506418863	0.00914365377868	0.0152061952831	0.0242954764922	0.0365021183553	0.0528682617887	0.0772906076098	0.109524479256	0.150140788707	0.203262789153	0.268627679843	0.346362330104	0.438097917023	0.55049508037	0.677899072911	0.820907992913	0.985638754448	1.16652723123	1.36906505279	1.58979956096	1.83878061901	2.11367926854	2.38841480036	2.68767236105	2.99339119541	3.2865862146	3.56220983172	3.79037525773	3.98242823546	4.11761656754	4.19493436143	4.20944277541	4.15858629869	4.05452626268	3.88354265564	3.66753856103	3.43893815446	3.19137078323	2.92940374315	2.67538416033	2.43568268748	2.21851864472	2.03259164315	1.86458040326	1.71609797792	1.59106825425	1.47595246242	1.36668172183	1.2619239045	1.16238585385	1.05263482222	0.937238105457	0.825837772552	0.720364049727	0.61816174317	0.52053579455	0.430494819382	0.347540402444	0.275342692182	0.21448166267	0.163425819866	0.121133022854	0.0879566933358	0.0630993669583	0.0455007786152	0.032469486114	0.0232895839556	0.0179429479502	0.0140643713226	0.0108382655295	0.00849118294412	0.00734029688873	0.00665157767448	0.00652470834554	0.00616222454856	0.00592661008053	0.00585411332113	0.00573630608712	0.00610785197902	0.00618034873841	0.00663345348463	0.00951519967057	0.0137562600952	0.0168373723695	0.0224377470327	0.0420753067338	0.106080883185
PD_138S_1_bbduk_adapt_filt	4.91187301629e-05	4.91187301629e-05	6.13984127037e-05	7.36780952444e-05	7.36780952444e-05	0.000122796825407	0.00017191555557	0.000184195238111	0.000208754603192	0.000319271746059	0.000515746666711	0.000945535555637	0.00146128222235	0.0023208600002	0.00396633746066	0.00631175682594	0.0108429596835	0.0172529539697	0.0252101882561	0.039331823178	0.0603423600052	0.0873331022297	0.121703933661	0.173671550174	0.241455397798	0.320426036218	0.417607443845	0.527964950839	0.658510255929	0.801998346418	0.965649675638	1.15896871788	1.37254923631	1.59914621823	1.86550481222	2.17522296527	2.50640600339	2.84439198564	3.19505060027	3.56172192094	3.89919215652	4.20668768703	4.47393041816	4.6891932531	4.83573898454	4.87924589978	4.82881324359	4.6718911804	4.43161463213	4.13257980289	3.81654989303	3.47011548919	3.0885489136	2.73296614627	2.4098999783	2.11501568177	1.85006925127	1.62505634839	1.40893393568	1.21031007058	1.04437472041	0.907898328649	0.790578241655	0.676192998788	0.567972156557	0.479816315597	0.40312969813	0.336340504791	0.276710366373	0.218885341289	0.176839708269	0.143561768584	0.112653807629	0.0874558990551	0.066175209212	0.0486029834962	0.0356479184158	0.0253698241292	0.0175722257158	0.0124884371439	0.00844842158803	0.00577145079415	0.00444524507975	0.00314359873043	0.00207526634938	0.00144900253981	0.00100693396834	0.000749060634985	0.000478907619089	0.000306992063518	0.000208754603192	0.00015963587303	0.00015963587303	0.00017191555557	0.000208754603192	0.000184195238111	0.000221034285733	0.0003315514286	0.000392949841304	0.000282432698437	8.59577777851e-05
PD_138S_2_bbduk_adapt_filt	4.91596103167e-05	4.91596103167e-05	6.14495128959e-05	7.3739415475e-05	8.60293180542e-05	0.000122899025792	0.00014747883095	0.000135188928371	0.000122899025792	0.000270377856742	0.000479306200588	0.000626785031538	0.00106922152439	0.00204012382814	0.00363781116343	0.00645219885406	0.0107290849516	0.0165544987741	0.0253540690208	0.0384305253651	0.0573323955318	0.084517660037	0.121338208164	0.170485528578	0.232746175044	0.309533486359	0.403833908849	0.51505752719	0.643327240409	0.781600934328	0.936281648189	1.12618522284	1.34202049194	1.57012108381	1.83539863098	2.13527225391	2.45979942142	2.79622321462	3.14311800482	3.50721865863	3.8520610351	4.17807528082	4.46764996539	4.67756150144	4.81088236462	4.8555807403	4.80151745885	4.65837696351	4.44028035234	4.15761259302	3.83980800223	3.48061101954	3.11478977937	2.76747713249	2.43126226763	2.13399410404	1.86628315616	1.63637594861	1.42625548422	1.23598321248	1.06931984361	0.924643110447	0.803440091211	0.690606495631	0.584827304132	0.489592849046	0.410015729846	0.343760865042	0.282532570393	0.229280422517	0.185061353037	0.148634081792	0.118659009402	0.0921251097335	0.0704580114864	0.0536577146607	0.0404583592906	0.0311180333305	0.0234982937314	0.0171812838057	0.0132976745907	0.0106430556336	0.00846774287705	0.00715272330108	0.00576396430963	0.00469474278524	0.0044243649285	0.00435062551303	0.00392047892276	0.00376071018923	0.00398192843565	0.00410482746144	0.00430146590271	0.00451039424656	0.00481764181104	0.00784095784551	0.0125357006308	0.0161858016968	0.021495039611	0.0410236948093	0.0935138687249
PD_13P_1_bbduk_adapt_filt	4.01132195622e-05	4.01132195622e-05	4.01132195622e-05	9.0254744015e-05	0.000150424573358	0.000160452878249	0.000170481183139	0.000220622707592	0.000300849146717	0.000501415244528	0.000792236086354	0.00139393437979	0.00240679317373	0.00373052941929	0.00661868122777	0.0118835412953	0.0198560436833	0.0328326702117	0.0530397045661	0.0804270052222	0.112517580872	0.152931649581	0.206683363794	0.274264110452	0.356957512579	0.44486563325	0.533545933397	0.626889395318	0.728827114531	0.846850234788	0.974219735203	1.11064479493	1.24603693926	1.38109814953	1.54192207506	1.72227111021	1.90687214663	2.10730787648	2.33062819809	2.56296396579	2.78818966533	3.00485119249	3.20800459296	3.37002188678	3.48538750624	3.56813104989	3.59888786099	3.57345607979	3.48493623252	3.34103005734	3.19397499442	3.03612947544	2.85520882691	2.68029513301	2.51716469736	2.38260490234	2.28666410945	2.21329703087	2.15395955083	2.1026246581	2.05879093742	2.01101609292	1.94977323496	1.86750102163	1.7647008682	1.62918838421	1.4704503461	1.30881412788	1.13803209559	0.969386092245	0.802454929037	0.652120610423	0.522043467688	0.40633688586	0.313685376977	0.238984533847	0.184530838291	0.144648269741	0.114453043716	0.0812894394428	0.048928099561	0.0311679715998	0.0203875438425	0.013197249236	0.00894524796237	0.006047067849	0.00422191635892	0.0031890009552	0.00237670825906	0.00155438725804	0.000782207781463	0.000501415244528	0.000421188805403	0.00036101897606	0.000310877451607	0.000280792536936	0.000200566097811	0.000220622707592	0.000391103890732	0.00037104728095	0.000130367963577
PD_13P_2_bbduk_adapt_filt	4.02183939227e-05	4.02183939227e-05	4.02183939227e-05	8.04367878454e-05	0.00015081897721	0.000191037371133	0.000201091969613	0.000211146568094	0.000361965545304	0.000492675325553	0.000723931090608	0.00133726159793	0.00225223005967	0.00407211238467	0.00674663558053	0.0113516416847	0.020038814772	0.0331097927968	0.0530782253795	0.0797430205502	0.111475333355	0.152216566399	0.20428933193	0.272268472258	0.354163176883	0.440441686446	0.524407638358	0.615643064971	0.72418245557	0.843228901581	0.966427896765	1.1005160221	1.23513704116	1.37080373846	1.52514182514	1.70298756306	1.8980065552	2.09807295576	2.30747002372	2.53335663319	2.76654288115	2.9812990501	3.17461881509	3.3406403452	3.46048110449	3.54090783774	3.57410812192	3.54673950486	3.4670568119	3.34052974462	3.18593023838	3.01469037166	2.83586933768	2.66076850514	2.50071940652	2.37640435091	2.27287215035	2.18789068399	2.13459125745	2.09423209914	2.05560233178	2.01072865876	1.94855102176	1.8682047253	1.76115341528	1.62477284148	1.47471801376	1.31417623982	1.1481949281	0.979921167926	0.810320200754	0.659300131574	0.528942262273	0.412831759018	0.317001380899	0.242838662505	0.183989097598	0.134761783436	0.0964638178235	0.0695979306832	0.0500719004337	0.0360356809547	0.0271675250948	0.020541544696	0.0153835356754	0.0125581935024	0.0110097853363	0.00948148636727	0.00815427936782	0.00742029367873	0.00740018448177	0.00767165864075	0.00798335119365	0.00810400637542	0.0086871730873	0.0213961855669	0.0385191667794	0.0473068858516	0.0611520679594	0.0925023060222	0.207989424171
PD_140S_1_bbduk_adapt_filt	2.66364555987e-05	2.66364555987e-05	3.32955694984e-05	5.99320250971e-05	7.99093667962e-05	9.98867084952e-05	0.000179796075291	0.000266364555987	0.000392887720081	0.000772457212363	0.00158486910812	0.00294332834366	0.00472797086877	0.00798427756572	0.0126523164094	0.0194379534732	0.028674144452	0.040227707068	0.0558566473905	0.0767862423772	0.106652368217	0.142771402009	0.185982392104	0.239808009755	0.302410339526	0.377804827098	0.467383227277	0.564846018313	0.675706946515	0.795264677469	0.920309518278	1.05927856625	1.21558794682	1.3827783195	1.56152891391	1.75514930965	1.9626140032	2.18229151163	2.417458119	2.66803391593	2.91390171934	3.13810076611	3.34693723712	3.52276448053	3.64656406704	3.72218496448	3.74844185059	3.72301735372	3.64165630009	3.50387257439	3.35126566115	3.1902216506	3.01295603859	2.8482961292	2.68907671586	2.54639854144	2.42684081049	2.32719383009	2.24312251711	2.15733315274	2.07260258748	1.97866912681	1.87395456074	1.75106727283	1.59361918379	1.43127664603	1.26313402006	1.08743995893	0.915128727664	0.750009339407	0.601064938813	0.469753871825	0.35794734945	0.267456650667	0.197143067	0.144409544028	0.102896627978	0.0701204693636	0.0464939332476	0.0304587869771	0.0198108638516	0.0129319991932	0.008297255919	0.00511419947496	0.00342944365834	0.0021442346757	0.00124525429924	0.00084570746526	0.00062595670657	0.000492774428576	0.000399546833981	0.000319637467185	0.000273023669887	0.000253046328188	0.000299660125486	0.000279682783787	0.000326296581084	0.000452819745178	0.000639274934369	0.000479456200777	7.32502528965e-05
PD_140S_2_bbduk_adapt_filt	5.3326162742e-05	5.99919330847e-05	6.66577034275e-05	9.99865551412e-05	0.000119983866169	0.000126649636512	0.000179975799254	0.000253299273024	0.000473269694335	0.000773229359759	0.00131315675752	0.00265964236676	0.00470603386198	0.00787227477479	0.0125316482444	0.0189907797065	0.0279829038989	0.0400946086116	0.0559458104867	0.0767830085781	0.104219319309	0.13982786448	0.183095379775	0.236661510249	0.300319617022	0.374429651693	0.458171724509	0.55563861846	0.666023775336	0.77909523766	0.906564763925	1.04353301293	1.1903532705	1.35211818517	1.5315607228	1.72888752226	1.9416589116	2.16132270747	2.39301155305	2.64282462818	2.88513204591	3.11343468015	3.32578612596	3.50116920945	3.63117839421	3.71734014166	3.74392323379	3.71174089457	3.63105174458	3.51079458182	3.3591083119	3.1902243545	3.01466129521	2.84652390409	2.68617213272	2.54248478721	2.43109976478	2.34033197003	2.25157057214	2.16216259454	2.07564756126	1.97626092545	1.87069512053	1.75188442994	1.6071705558	1.44119287426	1.26417001127	1.09125326281	0.923369170959	0.760164449887	0.607245012454	0.475796021295	0.36542419596	0.273496557163	0.201232940877	0.14548043773	0.104905893654	0.075303207562	0.0531661842538	0.0384215002556	0.027829591181	0.0197706748366	0.0152446167739	0.0117784161956	0.00916543422128	0.00831888138775	0.00764563858313	0.00672576227583	0.00614584025601	0.00593920137539	0.0060191906195	0.00627248989253	0.00631248451458	0.00653245493589	0.00683241460132	0.00895212957031	0.0132182225897	0.0170910351588	0.0228036003425	0.0411811291775	0.107645525265
PD_141P_1_bbduk_adapt_filt	0.0	0.0	0.0	2.83632906409e-05	7.09082266023e-05	0.000120543985224	0.000163088921185	0.000155998098525	0.000163088921185	0.000269451261089	0.000503448408876	0.000992715172432	0.00155998098525	0.00236833476852	0.00364468284736	0.00589956445331	0.00988460678836	0.0156281731431	0.0233997147787	0.0337026801041	0.0489337671782	0.0709791348289	0.099881327992	0.138086680485	0.186871540388	0.249540231059	0.326340931292	0.419400887884	0.531520975788	0.666430967721	0.827981180389	1.00820152912	1.21089269486	1.43923845699	1.70084726822	1.9837214566	2.28746393608	2.61978243087	2.97491919298	3.32305731313	3.65296492822	3.94907059169	4.19354797537	4.3749241282	4.49024926794	4.54131028192	4.48980963694	4.34648992933	4.15303810551	3.92174256116	3.64378231288	3.32941778106	3.01234455499	2.71840159243	2.43418014774	2.18030742403	1.97387939475	1.79885661903	1.65562909211	1.5302066209	1.41455530331	1.31621268384	1.22300381997	1.12785207069	1.03085670752	0.929940119421	0.822982150414	0.71603127223	0.609924201942	0.507943990443	0.411955524091	0.326418930341	0.255780155	0.196515059206	0.148737096121	0.109276668017	0.0791264900655	0.0551169645379	0.0372268189662	0.0253426001877	0.0173512430496	0.0115013143549	0.0074879087292	0.00486430434492	0.00306323538922	0.00200670281284	0.0013898012414	0.000992715172432	0.000680718975382	0.000467994295575	0.000368722778332	0.000290723729069	0.000276542083749	0.000269451261089	0.000219815502467	0.000212724679807	0.000198543034486	0.000212724679807	0.00030490537439	0.000198543034486	4.25449359614e-05
PD_141P_2_bbduk_adapt_filt	2.83862790662e-05	2.83862790662e-05	2.12897092997e-05	3.54828488328e-05	6.3869127899e-05	8.51588371987e-05	0.000113545116265	0.000113545116265	0.000127738255798	0.000312249069728	0.000681270697589	0.000894167790586	0.00124189970915	0.00232057831366	0.00378956825534	0.00584047691787	0.00982165255691	0.0149808587772	0.0223400016251	0.0337016098214	0.0492856770287	0.0703837789447	0.0977694416738	0.134912887832	0.183219238233	0.242511078632	0.317323117111	0.411962971518	0.525827433423	0.656397220557	0.807646411992	0.986189010749	1.18978959735	1.4125793086	1.67136991828	1.95739006615	2.26283352547	2.58924025189	2.93135878376	3.27971520046	3.61244497054	3.9046391341	4.14799470454	4.34052464231	4.47313824153	4.53108173368	4.48124962078	4.34175944545	4.1502798	3.91488658085	3.65547147303	3.35678394813	3.0307320502	2.72604082728	2.43794138446	2.18623315141	1.98144034109	1.80671569687	1.65980960613	1.53674798981	1.42264224453	1.32409218018	1.23617277735	1.13943943486	1.0390371658	0.936392380697	0.829816095943	0.724545580026	0.619821499981	0.516140615691	0.420996904831	0.3368315874	0.263658856537	0.201890313289	0.152874305911	0.114496056614	0.0837679095244	0.0608105063296	0.0441264708084	0.0324313238332	0.0243767171481	0.0184014054047	0.0142215258122	0.011127421394	0.00896296761516	0.00749397767348	0.00699721778982	0.0065785201736	0.00620240197597	0.006110146569	0.00563467639464	0.00585467005741	0.0064082024992	0.00635142994107	0.00669206528986	0.00962294860345	0.0136892830797	0.0172801473816	0.0227870855204	0.0405710893554	0.104489893243
PD_142S_1_bbduk_adapt_filt	4.199296072e-05	4.199296072e-05	4.199296072e-05	4.199296072e-05	5.24912009e-05	0.0001049824018	0.0001574736027	0.00016797184288	0.0002099648036	0.00023096128396	0.00035694016612	0.0005774032099	0.0009973328171	0.00180569731096	0.00333844037724	0.00615196874548	0.00996282993082	0.0160938021959	0.0260461338866	0.0409956279029	0.0629369498791	0.0918281068544	0.129054866533	0.181357099109	0.250036586367	0.333686564121	0.441041568202	0.571933626766	0.720357746431	0.894156112611	1.08686180935	1.29413906347	1.52497436855	1.78314709105	2.07178570656	2.38655444188	2.71691306386	3.04509855013	3.38102123941	3.7175213319	4.01726708552	4.2867464127	4.51418028796	4.66821046788	4.74943535215	4.74650634314	4.64694103327	4.45880207101	4.20686530317	3.89443767541	3.5621893702	3.22324318774	2.86706939316	2.52779776526	2.21709184889	1.94074667264	1.70574356621	1.4988337505	1.31432717933	1.15990856453	1.02575155327	0.908990125985	0.804963064042	0.708515731508	0.62055097704	0.541194779519	0.465082538214	0.394922799091	0.331712894967	0.274035563419	0.221281906514	0.176233957902	0.136340645218	0.103533644655	0.0798811095296	0.0592310710956	0.0430007917773	0.0339618069823	0.02624560045	0.0166502089255	0.0101098052933	0.00647741419106	0.00410481191038	0.00290801252986	0.00197366915384	0.00123879234124	0.00077686977332	0.00050391552864	0.0003149472054	0.00014697536252	7.348768126e-05	9.448416162e-05	0.0001049824018	0.00011548064198	0.00012597888216	0.00011548064198	9.448416162e-05	0.00011548064198	0.00019946656342	0.00013647712234	2.099648036e-05
PD_142S_2_bbduk_adapt_filt	4.20411702874e-05	4.20411702874e-05	5.25514628593e-05	5.25514628593e-05	4.20411702874e-05	0.000105102925719	0.000178674973722	0.000189185266294	0.000220716144009	0.00028377789944	0.000388880825159	0.000651638139455	0.0011561321829	0.00220716144009	0.00345788625614	0.00580168149967	0.00972202062897	0.0158390109058	0.025014496321	0.0392349221708	0.0600873426333	0.0890326883762	0.125755650622	0.175826684435	0.242588062851	0.323159965707	0.422356107	0.549467585364	0.697431484191	0.862054196744	1.04745575771	1.25622169907	1.48515689187	1.73008874996	2.01322552155	2.31940085447	2.64518839332	2.99220672316	3.31216104963	3.63011842052	3.9439767773	4.22405505375	4.46947038531	4.65221284225	4.7322382099	4.72811817521	4.65551307412	4.46783077967	4.22304606567	3.92733898416	3.59999592201	3.26657791075	2.90533915505	2.57166889678	2.26288701131	1.98403843908	1.74354192445	1.52712449011	1.33807585762	1.18074728811	1.04594227558	0.922688074591	0.820212722015	0.726734179881	0.636377194641	0.553450986249	0.479132707473	0.4094809986	0.34266706872	0.283452080371	0.23110031307	0.186442079932	0.1465870505	0.114583209618	0.0884230914071	0.0650587110198	0.0486731649003	0.0368070445867	0.0279573782412	0.0217773262089	0.0158285006132	0.0116769350473	0.00966946916611	0.00801935323233	0.00682117987914	0.00625362408026	0.00581219179224	0.00565453740366	0.00523412570079	0.00500289926421	0.00506596101964	0.00510800218992	0.00533922862651	0.00590678442539	0.00633770642083	0.00882864576036	0.0147984919412	0.0206422146111	0.0264754269885	0.0418730056063	0.104640472845
PD_145P_1_bbduk_adapt_filt	0.0	0.0	6.90750082752e-06	2.76300033101e-05	4.83525057926e-05	8.28900099302e-05	0.000131242515723	0.000214132525653	0.000448987553789	0.00086343760344	0.0014298526713	0.00258340530949	0.00466256305858	0.00822683348557	0.0132762165905	0.0210471550214	0.0318643013173	0.0454168179409	0.0643848152133	0.0902810358157	0.122994959735	0.161511184349	0.208661784998	0.266657161946	0.33230604981	0.404482525957	0.487462333398	0.579235389392	0.682502526764	0.79323667253	0.913744931967	1.04859316312	1.19010713257	1.34083570813	1.51180326111	1.69834032096	1.88824133371	2.08870391523	2.30409360603	2.5250783725	2.73389903002	2.92835899332	3.11273400541	3.26369052849	3.38053781249	3.47219344097	3.5208567843	3.52764685761	3.50981169048	3.46419455501	3.38128382258	3.27847948776	3.1735821802	3.05430345591	2.92052588738	2.79558301241	2.67233938265	2.54572489248	2.41966990988	2.29507931745	2.16419599177	2.0300454182	1.90186983284	1.76083938845	1.60707842003	1.4416023302	1.2713186198	1.11115439812	0.949297838726	0.790528932205	0.64999582787	0.524410555324	0.411106819251	0.313096290009	0.233231765441	0.170152467884	0.122863717219	0.0869101754118	0.0591834670902	0.0400358747963	0.0264073756636	0.0173101970738	0.0112039663422	0.00719761586227	0.00451059804037	0.00283898284011	0.00172687520688	0.00111901513406	0.00086343760344	0.000607860072822	0.000407542548824	0.000324652538893	0.000310837537238	0.000269392532273	0.000255577530618	0.000283207533928	0.000345375041376	0.000373005044686	0.000400635047996	0.000227947527308	1.3815001655e-05
PD_145P_2_bbduk_adapt_filt	2.76537143812e-05	2.07402857859e-05	1.38268571906e-05	4.83940001672e-05	8.9874571739e-05	0.000131355143311	0.000159008857692	0.000241970000836	0.000511593716053	0.000878005431604	0.00154860800535	0.002647843152	0.00475643887357	0.00823389345701	0.0133290903318	0.0212034855018	0.032133616111	0.045338264728	0.0639008205064	0.0888444708783	0.120756857274	0.160253274839	0.206808303	0.263346322053	0.328844144564	0.399997151667	0.482792372525	0.574049629983	0.673983240328	0.78412107128	0.904152018552	1.03309437528	1.17159109033	1.31878489856	1.4841886777	1.66301833517	1.84844340353	2.04845580622	2.26408564411	2.48774197259	2.69925832047	2.89232964085	3.0730397509	3.23532557375	3.3610324459	3.4561681368	3.51389526557	3.52730731704	3.50141652695	3.44353038932	3.37452054509	3.28676839592	3.17570416554	3.05243082026	2.9246430061	2.80671374112	2.69141157901	2.56520694	2.4241107758	2.2874392059	2.17007684207	2.0442939222	1.90463575115	1.76254405323	1.60776621384	1.44559100585	1.2779611027	1.1119143747	0.955097073871	0.801874755913	0.658773697418	0.530882181834	0.418068854016	0.323299574831	0.245910655135	0.181885392914	0.133892371605	0.0984956171974	0.0707382013872	0.0512561596056	0.0373463412719	0.0277159352386	0.0217012523607	0.0171383894878	0.0141033943344	0.0119602314699	0.00988620289129	0.00907041831705	0.00878005431604	0.00842055602909	0.00817167259966	0.00811636517089	0.00833759488594	0.00829611431437	0.00826154717139	0.00990002974848	0.0125409594719	0.0158248380547	0.0210306497869	0.0390332178491	0.10458634779
PD_146S_1_bbduk_adapt_filt	2.10927588875e-05	2.10927588875e-05	2.10927588875e-05	2.10927588875e-05	5.27318972188e-05	0.000105463794438	0.0001687420711	0.000232020347763	0.000326937762756	0.000548411731075	0.0010124524266	0.00162414243434	0.00248894554873	0.00427128367472	0.00719263078064	0.0113057187637	0.0168320215922	0.0246785278984	0.0366908540848	0.0525420623888	0.0739406662802	0.105811824959	0.146700138063	0.194749442808	0.253418951654	0.327327978796	0.418923284265	0.521761030221	0.633035879732	0.756934745437	0.898562074987	1.06074429807	1.23571927942	1.42789540565	1.64579415134	1.86610801792	2.10084933158	2.34845722816	2.58947363758	2.83134430375	3.06348066168	3.26169986333	3.42225794398	3.54901487852	3.63231018336	3.66374894048	3.63865910379	3.56009912331	3.4500054683	3.3184604775	3.17410163567	3.02159044253	2.86786641576	2.73093222506	2.60900553231	2.50531352962	2.42654262156	2.36445608577	2.2881530305	2.21587869217	2.14019787328	2.04690460072	1.93985884937	1.80802910632	1.65475857386	1.48539426638	1.30449221978	1.12318941076	0.946759029045	0.776667021377	0.623248839608	0.488181358072	0.372097359535	0.277348686612	0.204757956901	0.145866974087	0.100401532305	0.0685620127639	0.0454970809204	0.0299095321025	0.0196479049037	0.012381449467	0.00800470199781	0.00527318972188	0.00341702693978	0.0021936469243	0.00150813226046	0.00116010173881	0.000769885699394	0.000495679833857	0.000369123280531	0.000232020347763	0.0001687420711	0.000179288450544	0.000189834829988	0.0001687420711	0.000116010173881	8.43710355501e-05	0.000105463794438	8.43710355501e-05	4.2185517775e-05
PD_146S_2_bbduk_adapt_filt	0.0	0.0	0.0	2.11138038249e-05	4.22276076498e-05	6.33414114747e-05	0.000116125921037	0.000190024234424	0.000295593253548	0.000496174389885	0.000929007368295	0.00149908007157	0.00234363222456	0.00416997625542	0.00676697412588	0.0102718655608	0.0157297838495	0.0242808743986	0.0353867352105	0.0506309015721	0.0733915820953	0.103932699328	0.142212025663	0.189855323993	0.250525839284	0.322228317074	0.406715203079	0.505517248077	0.620439682296	0.744261584827	0.877099081592	1.03453415981	1.20585156405	1.38494940499	1.59162187373	1.81856359414	2.05089989143	2.28590708491	2.53300193107	2.77808040897	2.99947975587	3.19790728422	3.36479078965	3.49731157936	3.5897478125	3.63473077155	3.62264311886	3.55562790552	3.45013278471	3.32606807344	3.19301943863	3.03737903374	2.88399780585	2.75173038179	2.63498160354	2.52848357705	2.44199087968	2.37674922586	2.29977885402	2.22463482621	2.15967820874	2.07267878008	1.95898094648	1.82840262673	1.68325578233	1.51336355985	1.3220619403	1.14086327587	0.966885532357	0.797246675526	0.64027610099	0.504018168006	0.388314523046	0.291940565487	0.216258135676	0.156178806893	0.111808148155	0.0805174908862	0.0572395221693	0.0402006824826	0.028450850654	0.0207970967675	0.0163737548662	0.0127738513141	0.0105674588144	0.0095012117212	0.00884668380263	0.00823438349171	0.00765375388652	0.00705201047751	0.00637636875512	0.00651360847998	0.00708368118325	0.00723147781003	0.00765375388652	0.0101662965417	0.0141251347589	0.0187807285022	0.0250937558459	0.0439272688577	0.108619963777
PD_147_1_bbduk_adapt_filt	0.00013211767457	0.00013211767457	0.000122680697815	8.49327907952e-05	4.71848837751e-05	5.66218605302e-05	8.49327907952e-05	0.00013211767457	0.000235924418876	0.000415226977221	0.000830453954442	0.00137779860623	0.00226487442121	0.00380310163228	0.00628502651885	0.0104750441981	0.0155521376923	0.0238944251437	0.0362757386463	0.0521298595948	0.0735423598519	0.101551306861	0.141479155511	0.191089342313	0.251438808661	0.323499563162	0.408064311864	0.508719105933	0.62336893653	0.756921031567	0.905978079413	1.07168195425	1.25755264842	1.46267477517	1.6962210759	1.94134654711	2.19862684439	2.47211043075	2.75594638061	3.0447650542	3.31191642915	3.55486195874	3.76016338804	3.9359270801	4.06100477001	4.11800410961	4.1164658824	4.05104875954	3.93563453382	3.76625967502	3.56085443897	3.33106405499	3.09680054402	2.86380158794	2.62062013394	2.39824721369	2.20182597951	2.03092233047	1.8872349224	1.75479639062	1.64291159421	1.53968994247	1.43409017258	1.3311233192	1.22069181722	1.09904918684	0.970715739952	0.844326310272	0.723419764087	0.605089512556	0.48773126963	0.383782970673	0.295367935456	0.22102343258	0.161174125999	0.113875998503	0.0796103359054	0.0532906077356	0.0340769230624	0.0217899793274	0.0139761625742	0.00842722024224	0.00480342116831	0.00295377372432	0.00199120209531	0.00129286581544	0.000764395117157	0.000566218605302	0.000358605116691	0.000254798372386	0.000292546279406	0.000330294186426	0.000377479070201	0.000320857209671	0.000301983256161	0.000349168139936	0.000349168139936	0.000368042093446	0.000434100930731	0.000264235349141	2.83109302651e-05
PD_147_2_bbduk_adapt_filt	9.44807554984e-05	9.44807554984e-05	9.44807554984e-05	9.44807554984e-05	8.50326799485e-05	7.55846043987e-05	8.50326799485e-05	0.000113376906598	0.000255098039846	0.000444059550842	0.000784190270636	0.00132273057698	0.00192740741217	0.00362806101114	0.00625462601399	0.0100905446872	0.0160050399814	0.0233556427592	0.0347783660989	0.0511707771779	0.0723911548628	0.102558860093	0.140615708408	0.186382186372	0.24443116255	0.315924750235	0.403092695258	0.503204503784	0.616194039285	0.746038941566	0.893041549046	1.05426351023	1.23812306043	1.44324078062	1.66666887122	1.91130789143	2.17396439171	2.44231808156	2.71539580917	2.99843180842	3.26400776405	3.50046475084	3.72310865117	3.8997309755	4.01636746816	4.0897317748	4.09604308927	4.04336062001	3.93276144762	3.7666453833	3.56577929711	3.33936561464	3.11127962279	2.87819559897	2.6295222505	2.39970726083	2.20634294662	2.04102996873	1.90080163142	1.7707394234	1.64730031634	1.54110394716	1.44007567531	1.33668538456	1.22818368495	1.10577441813	0.980870859357	0.858508832911	0.7333123838	0.609098534547	0.493123407173	0.392888773664	0.307487618769	0.232951750757	0.170566107901	0.122598228335	0.0879710314445	0.0627068774243	0.0438201744001	0.0301299129284	0.021702229538	0.0164774437589	0.0130005519566	0.0102795061982	0.00921187366109	0.0088906390924	0.00816313727506	0.00778521425306	0.00751122006212	0.00705771243573	0.00666089326263	0.00719943356897	0.00779466232861	0.00777576617751	0.00799307191516	0.010326746576	0.0155326362039	0.021239273836	0.0286654612182	0.0460026798521	0.112243137532
PD_148P_1_bbduk_adapt_filt	2.96820679497e-05	2.96820679497e-05	3.71025849371e-05	5.19436189119e-05	4.45231019245e-05	3.71025849371e-05	4.45231019245e-05	0.000103887237824	0.000170671890711	0.00025971809456	0.000549118257069	0.000912723589452	0.00157314960133	0.00254523732668	0.00414064847898	0.00741309647043	0.0113756525417	0.0169261992483	0.0257566144633	0.037147108039	0.0527672962975	0.0732627642168	0.102818683378	0.142971100797	0.192369482382	0.255577446081	0.33191230433	0.422798796392	0.534076869135	0.661828489591	0.810216567788	0.979463719237	1.16532540822	1.36523413586	1.57924184578	1.81030932425	2.05624009825	2.30833732186	2.56385540381	2.81982613729	3.05770565035	3.27801337919	3.45843582922	3.60729139999	3.72005357613	3.77255373382	3.77533642769	3.714970522	3.62104161797	3.49867729285	3.34879769074	3.18107174527	3.00306096326	2.84372020199	2.68252431147	2.5282962864	2.40312700586	2.29535141713	2.20427941215	2.11397914093	2.02749301544	1.94327756815	1.84325641967	1.72454298891	1.59226485309	1.45174994342	1.29306960816	1.13151753283	0.971842848291	0.81341481061	0.668455011261	0.535650018737	0.416921746938	0.318399542896	0.237931456685	0.174478615925	0.126193311888	0.0898327786497	0.063719979371	0.0444414762376	0.0300159912141	0.0189223183179	0.0118431451119	0.00786574800666	0.00509047465337	0.00331697109338	0.00216679096033	0.00132085202376	0.000964667208364	0.000742051698742	0.000549118257069	0.000400707917321	0.000281979645522	0.000222615509623	0.000178092407698	0.00020035395866	0.00025971809456	0.000356184815396	0.000474913087195	0.000371025849371	0.000133569305774
PD_148P_2_bbduk_adapt_filt	5.94475185417e-05	5.94475185417e-05	5.94475185417e-05	8.17403379948e-05	9.66022176302e-05	8.91712778125e-05	8.17403379948e-05	9.66022176302e-05	0.00016348067599	0.000304668532526	0.000497872967787	0.000995745935573	0.00153820454227	0.00257853611675	0.00451801140917	0.007215442563	0.0113098904026	0.0168830952658	0.0244849466994	0.0351334834581	0.0516227389136	0.073090724047	0.101439759452	0.139463878499	0.187542059119	0.248564936902	0.324984721988	0.417076359149	0.525374876052	0.652756046407	0.797198654584	0.961318391398	1.14610357184	1.34103198514	1.55085943278	1.77818674368	2.01862966336	2.26233476562	2.51306953695	2.76760151853	3.00904018414	3.23053420729	3.41369201192	3.55991061471	3.66923460131	3.73302921964	3.74778706612	3.69785115055	3.60335931983	3.48926466986	3.34662034912	3.17460895422	3.00041286302	2.8389608336	2.68472424674	2.54092813033	2.40532834053	2.2932920609	2.2037120814	2.12054500296	2.03656795208	1.94819178483	1.85184965009	1.73601616021	1.60026032068	1.45395254661	1.29698880484	1.13953462105	0.98078002278	0.822954291992	0.682301463122	0.551918193081	0.431581553673	0.331709722523	0.253068086432	0.189503827231	0.141120978078	0.104248654703	0.0766947298586	0.0583403085088	0.0441620753367	0.033060251249	0.026253510376	0.0212599188185	0.0179457196598	0.0159467968488	0.0139701668573	0.0130412993801	0.0125657192317	0.012186741301	0.0122164650603	0.0126251667503	0.0127069070883	0.0120752772038	0.0121198628427	0.0159319349692	0.0215422945315	0.0269594496587	0.0350368812405	0.0587935958377	0.154682443245
PD_149S_1_bbduk_adapt_filt	8.39830912643e-05	0.00010497886408	0.000125974636896	0.000188961955345	0.000325434478649	0.00043041334273	0.00048290277477	0.000598379525258	0.00106028652721	0.00188961955345	0.00335932365057	0.0060047910254	0.00993100054201	0.016492179547	0.0271475342512	0.0416451153807	0.0607512686433	0.0856942467488	0.115949155377	0.152366323326	0.201055520487	0.261145422286	0.325875389878	0.402226517724	0.496864963693	0.598264048508	0.693794814821	0.789000146655	0.890913627905	0.995252120914	1.08994305631	1.1824084398	1.27252229672	1.36199578258	1.45146926843	1.54754592484	1.65211537135	1.75561403345	1.86129625592	1.97958643996	2.10752418162	2.22828136897	2.33903407058	2.43885847243	2.53239464033	2.60107181321	2.64482700376	2.68482395097	2.71100567967	2.71622312922	2.70310077121	2.68203151319	2.66296735147	2.64886869002	2.63773043254	2.61731204348	2.6024680321	2.5952034947	2.5833933725	2.55785201486	2.53450471549	2.50517362087	2.45767068487	2.39218486946	2.29030288187	2.17590741368	2.03263225998	1.85635175142	1.67063364298	1.47354632355	1.26930994348	1.06545148732	0.874673397631	0.701867689469	0.550047256236	0.426014728325	0.324458175213	0.238480485531	0.170527666812	0.118626116411	0.0802668394759	0.0534447397033	0.036018248266	0.0238407000327	0.0155998592023	0.0104663927488	0.00690760925649	0.00448259749623	0.00292891030784	0.00188961955345	0.0013017379146	0.000923814003908	0.000734852048563	0.000734852048563	0.000682362616523	0.000524894320402	0.00043041334273	0.00043041334273	0.000755847821379	0.000650868957298	0.000125974636896
PD_149S_2_bbduk_adapt_filt	4.20514771054e-05	7.35900849345e-05	0.000147180169869	0.000273334601185	0.000441540509607	0.000441540509607	0.000410001901778	0.000641285025858	0.00105128692764	0.00171359769205	0.00326950234495	0.005782078102	0.00951414669511	0.0155380207905	0.0251152447012	0.0388240262376	0.0559284645502	0.0781211315926	0.110322050186	0.147852993503	0.192995254175	0.251436294483	0.319002505322	0.399468006763	0.490130991402	0.580426025617	0.675599031176	0.776890526654	0.878959974458	0.979305311701	1.07393164806	1.15938024954	1.24547013604	1.33801492428	1.42731123591	1.52194808514	1.61785699155	1.71678309144	1.82424564118	1.94468107161	2.07565039706	2.19686377981	2.30888891482	2.41395453037	2.5079395817	2.57816554847	2.63639633139	2.67804831946	2.69371249468	2.70017790929	2.68644810201	2.67846883423	2.66971161412	2.64705638083	2.63075092059	2.61037697993	2.59439741863	2.5816453082	2.57623118052	2.56807319396	2.53885793024	2.5045859764	2.46195629148	2.39727060683	2.30573505404	2.18498423753	2.03264224885	1.86734840521	1.68704218425	1.48356559941	1.27700874387	1.07767422952	0.886581804683	0.713487412048	0.564772363265	0.438491777517	0.335118733923	0.251320652921	0.183617774781	0.131831380726	0.0967499359503	0.0708041745763	0.0531215284534	0.039181463793	0.0289839805949	0.0237906231724	0.0195749625926	0.0163790503326	0.0144131437779	0.013351343981	0.0125628787853	0.0113223602106	0.0107756910083	0.0111962057793	0.0116587720275	0.0155275079212	0.0211413801148	0.0265029434457	0.0349868289517	0.0556971814262	0.146086831464
PD_14P_1_bbduk_adapt_filt	7.26555330942e-05	7.26555330942e-05	7.26555330942e-05	8.47647886099e-05	0.000133201810673	0.000242185110314	0.000351168409955	0.000520697987175	0.000738664586458	0.00134412736224	0.00272458249103	0.00456518932942	0.00667219978915	0.0101233376111	0.0153060989719	0.0230439132464	0.0346566892859	0.0482917109966	0.0661770813933	0.0924299473514	0.123756591371	0.164092521493	0.213728359852	0.272555123147	0.343805982602	0.422734110053	0.515999596035	0.619170453029	0.730284981641	0.85588217985	0.990331243841	1.12596701487	1.27485031144	1.4293159748	1.59644791942	1.78946945234	1.99423696311	2.20149898052	2.41583280315	2.63912747486	2.84125516793	3.03696495557	3.21706591286	3.35058256417	3.43671569866	3.46226622779	3.44889760971	3.39612547417	3.29312414675	3.1637004238	3.03512434873	2.90224948796	2.76614145596	2.65747299697	2.57661949789	2.50617995855	2.43973647354	2.38032846598	2.33374416001	2.27020689632	2.19027370066	2.10858466295	2.00478412467	1.88169354235	1.74039063974	1.5820257961	1.4087907867	1.23949128533	1.06992538035	0.900807517813	0.74516725667	0.604421379811	0.486380357044	0.383863399848	0.293419370401	0.22237436829	0.167398348249	0.123478078494	0.089862785182	0.0648450632866	0.0459788431931	0.031605156896	0.0218087691838	0.0149912583284	0.0101354468666	0.00668430904467	0.00445620602978	0.00335426377785	0.00240974184763	0.00157420321704	0.00108983299641	0.000823429375068	0.000726555330942	0.000690227564395	0.000653899797848	0.00059335352027	0.000617572031301	0.000799210864037	0.0010050682078	0.000666009053364	0.000145311066188
PD_14P_2_bbduk_adapt_filt	0.000145939684345	0.000145939684345	0.000145939684345	0.000145939684345	0.000194586245793	0.000255394447603	0.000267556087965	0.000364849210862	0.000644566939189	0.00148372012417	0.00252962119531	0.00356336062608	0.00602001197922	0.0103373943077	0.0153236668562	0.0228030756788	0.033724228724	0.0475884987367	0.0665971426226	0.0919298394968	0.124437904185	0.163063273974	0.211721997063	0.271058640389	0.341182658717	0.420573847	0.512564494699	0.616619489637	0.730136240776	0.848578456262	0.974755475018	1.11084423067	1.2588270706	1.41355962092	1.58157268252	1.77027269438	1.97704490382	2.19383830491	2.40159560722	2.62028622421	2.83193525143	3.01961368549	3.1924184334	3.32388576571	3.40595251488	3.45180189904	3.44326442751	3.39044642341	3.29419920159	3.15686995862	3.02687418479	2.88801257514	2.75036712952	2.62453063669	2.51745955494	2.45251639541	2.3937270259	2.33615382043	2.28089132662	2.22699093654	2.16996500488	2.08410382392	1.98487700021	1.87188319961	1.73165948623	1.5748472954	1.40166553665	1.23135392502	1.06328005521	0.892311715004	0.734781987394	0.60060260928	0.482282010198	0.376512223969	0.29157532768	0.220952682098	0.165301015801	0.125155440966	0.0923798201901	0.0678741148606	0.0508599799941	0.0370686798235	0.0273393675339	0.0200667065974	0.0149344943646	0.0121859636428	0.010714405159	0.00941310964023	0.00834288528837	0.00818478396366	0.00847666333235	0.00889015910466	0.00893880566611	0.0082699154462	0.009036098789	0.0286163397719	0.0659647373238	0.0921122641022	0.111497918839	0.154112306668	0.286953904343
PD_150P_1_bbduk_adapt_filt	5.85084613474e-05	5.85084613474e-05	7.80112817965e-05	0.00010726551247	0.00010726551247	7.80112817965e-05	7.80112817965e-05	0.000126768332919	0.000195028204491	0.000331547947635	0.0005558303828	0.000926383971334	0.00173575101997	0.00288641742647	0.00497321921453	0.00879577202256	0.0141297934154	0.0226525259517	0.035261099372	0.0527746321354	0.0765388188526	0.108698969773	0.149606135665	0.204886880228	0.279124366268	0.362216132792	0.464245137971	0.592807730372	0.734485969525	0.90058173988	1.08990536939	1.29564062231	1.53249262525	1.78370845546	2.05404680111	2.34458031734	2.62478709015	2.90134683553	3.18291880576	3.43280844418	3.62778789162	3.79212840813	3.90154898226	3.93505482779	3.93090072704	3.90152947944	3.81317195139	3.65240045102	3.47860106659	3.30838044971	3.13418125746	2.94582301756	2.7457728368	2.55732683421	2.38042650133	2.22107870685	2.0774014286	1.94466523262	1.81906706893	1.70072395445	1.58955787789	1.4802738235	1.37680160961	1.27022844726	1.15352356969	1.03732576546	0.913317081633	0.79509098407	0.684617257636	0.574143531202	0.471500187178	0.380548784014	0.300284926455	0.230299055274	0.174004164047	0.129508479192	0.097874904424	0.072648006173	0.0480354467662	0.0307169422074	0.0206827410863	0.0140615335438	0.00894204317593	0.00533402139284	0.00322771678433	0.00208680178806	0.00141395448256	0.00101414666336	0.00078986422819	0.0005558303828	0.000351050768084	0.000195028204491	0.000165773973818	0.000165773973818	0.000204779614716	0.000224282435165	0.000204779614716	0.000204779614716	0.000253536665839	0.00023403384539	7.80112817965e-05
PD_150P_2_bbduk_adapt_filt	5.85758454691e-05	4.88132045576e-05	4.88132045576e-05	6.83384863806e-05	5.85758454691e-05	4.88132045576e-05	0.000107389050027	0.00019525281823	0.000185490177319	0.000253828663699	0.000507657327399	0.000937213527506	0.00150344670037	0.00274330209614	0.00511562383764	0.00896210435677	0.0143901327036	0.0223564476874	0.034423071854	0.050316651258	0.0727023868681	0.106080856145	0.150500872292	0.205113085551	0.270454441172	0.351308633201	0.4560422449	0.579197959999	0.719008740492	0.881761727128	1.0680036278	1.27444443251	1.50232399667	1.74728818242	2.00748208799	2.28919285414	2.57598019355	2.856187513	3.12097962244	3.36369840078	3.56988537683	3.73758802241	3.85037581286	3.90425582805	3.92205312243	3.88735669663	3.79590027658	3.66207399496	3.50377277258	3.323183441	3.1387964421	2.9593005263	2.76907546814	2.58168157585	2.40828731062	2.24088730691	2.08966399919	1.9533384815	1.82433494449	1.71066851636	1.60191269661	1.49807724787	1.39980650446	1.28850263542	1.16753375189	1.05034301039	0.926777264371	0.807673045251	0.699834913742	0.590268794792	0.483602180193	0.391394036784	0.310588657959	0.240424557728	0.183117855577	0.136960089348	0.102654169185	0.0752113855823	0.0539093031134	0.0388748361097	0.0282140322343	0.0206089349642	0.0152004318992	0.0112660876119	0.00886447794766	0.00761485991098	0.00735126860637	0.00666788374257	0.00658978261527	0.00624809018337	0.00595521095603	0.0061016505697	0.00605283736514	0.00654096941072	0.00673622222895	0.00945023640235	0.0156202254584	0.0207651372188	0.0264860447929	0.0461968167933	0.111440546005
PD_151S_1_bbduk_adapt_filt	9.73747096651e-05	7.78997677321e-05	5.84248257991e-05	5.84248257991e-05	5.84248257991e-05	9.73747096651e-05	0.00019474941933	0.00022396183223	0.000272649187062	0.000428448722527	0.000632935612823	0.00100295950955	0.00177221971591	0.00297966611575	0.00504400996065	0.00905584799886	0.0149178055207	0.0218606223198	0.031393606396	0.0473630587811	0.0692918433977	0.0980758075747	0.135584545738	0.183132616467	0.24280383855	0.313079166515	0.400210056724	0.505569492581	0.628845875017	0.767127700213	0.923891245303	1.09717927862	1.28824793393	1.49791515878	1.72847899632	1.992705271	2.26201450552	2.51823657906	2.78649416672	3.06596932093	3.3128921097	3.51941413143	3.69894388364	3.83289253425	3.91209712309	3.93319822268	3.89478389971	3.79401081268	3.65608927391	3.48352181344	3.28871396929	3.09404244973	2.89497933076	2.70845807439	2.54231734476	2.39027647309	2.2525302088	2.13538843307	2.02680589432	1.92224493109	1.82361408767	1.71768987849	1.60540710078	1.48544145847	1.35255419219	1.21136086318	1.06925221189	0.930249813844	0.795697440029	0.67067805029	0.549524436524	0.44177932028	0.349974444007	0.272279163166	0.206892045626	0.15736726829	0.119839055185	0.0863908424149	0.0613265921471	0.0436530823429	0.0313741314541	0.0230680687197	0.0165244882302	0.0114415283857	0.00797498872157	0.00575484534121	0.00408973780594	0.00310625323832	0.002327255561	0.00151904547078	0.00104190939342	0.000886109857953	0.000730310322488	0.000525823432192	0.000457661135426	0.000457661135426	0.00044792366446	0.000428448722527	0.00044792366446	0.000301861599962	7.78997677321e-05
PD_151S_2_bbduk_adapt_filt	7.79666758732e-05	6.82208413891e-05	5.84750069049e-05	6.82208413891e-05	4.87291724208e-05	9.74583448415e-05	0.000155933351746	0.000146187517262	0.000214408358651	0.000380087544882	0.000672462579407	0.00102331262084	0.0015398418485	0.00307968369699	0.00536020896628	0.00823523013911	0.013868322471	0.0217429567341	0.0308260744734	0.0455812678824	0.0674314287959	0.0949146820412	0.131442069688	0.177276729267	0.236346232075	0.307549298816	0.392591450525	0.497982904637	0.618948202254	0.75164748459	0.900446885494	1.0701900847	1.26518474106	1.47032481112	1.69933242983	1.95456608914	2.21720658265	2.47910639274	2.74515792832	3.01755400216	3.26477658552	3.49401810425	3.69006531074	3.82675063938	3.90071177728	3.92051531295	3.88215570842	3.79035969341	3.65731930687	3.48480829066	3.29678190596	3.09442914457	2.89877177146	2.70896189905	2.53716232876	2.3932358451	2.26075097112	2.14624716177	2.04193749529	1.93969394571	1.83630038767	1.727585604	1.61367629055	1.48938766337	1.35864729377	1.22801412834	1.08210924028	0.9386018275	0.808855533012	0.683173251505	0.564722379184	0.453873257762	0.35650262543	0.278964766274	0.213784625244	0.162453315016	0.122982685356	0.091951948358	0.069789920741	0.0520525019799	0.0381939253434	0.0284968200317	0.0221522817825	0.0177764020991	0.0138585766365	0.0110810138085	0.00930727193237	0.00829370514602	0.0073775967045	0.00655894660784	0.00613012989053	0.00580851735256	0.00585724652498	0.00582800902152	0.0060911465526	0.0096581219738	0.0153107059746	0.0194916689683	0.0253781529967	0.044587192765	0.101434645311
PD_152P_1_bbduk_adapt_filt	0.000111664994297	0.000111664994297	0.000100498494868	7.81654960081e-05	5.58324971486e-05	5.58324971486e-05	0.000122831493727	0.000156330992016	0.000368494481181	0.000725822462932	0.00116131594069	0.00189830490305	0.00333878332949	0.00528175423026	0.00748155461792	0.0118141563967	0.0180450630784	0.024789628734	0.0356657991785	0.0492107629868	0.0665076706035	0.0902141488928	0.120888522826	0.159435278858	0.205575254501	0.264847033474	0.337485112265	0.418386400633	0.510655185421	0.619785384348	0.743152870047	0.875520554287	1.01736859654	1.17182361665	1.34743915319	1.53643215603	1.73670332331	1.94524886666	2.16612222538	2.40411382772	2.64049745415	2.8665967346	3.06515942746	3.23001045854	3.36046867138	3.44115779626	3.47060385526	3.44700904196	3.37623576858	3.27501145125	3.15676938878	3.03466371752	2.92690699802	2.82313671882	2.72266055695	2.64363524049	2.584597958	2.53645917896	2.49337882416	2.45048829985	2.40132220286	2.33882330556	2.25625820877	2.14868015327	2.01141037578	1.85095894547	1.67587940091	1.48446326769	1.28817854071	1.10531594605	0.924161825803	0.753504215019	0.599819683367	0.465877522708	0.353531371945	0.263306056553	0.194989413042	0.140519228824	0.10005183489	0.0702484479124	0.045447652679	0.0281619115618	0.0184470570579	0.0115908264081	0.00752622061564	0.00504725774224	0.00314895283918	0.00209930189279	0.00151864392244	0.000982651949816	0.000658823466354	0.000435493477759	0.00042432697833	0.00042432697833	0.000357327981751	0.000334994982892	0.000368494481181	0.000457826476619	0.000703489464073	0.000614157468635	0.000223329988595
PD_152P_2_bbduk_adapt_filt	0.000111831567345	0.000111831567345	0.000100648410611	7.82820971416e-05	5.59157836726e-05	5.59157836726e-05	7.82820971416e-05	0.000111831567345	0.000279578918363	0.000547974679991	0.00111831567345	0.0019123198016	0.00282933865383	0.00457391110442	0.00769401183335	0.0119995271761	0.0178259518348	0.0251956521229	0.0347460679741	0.0465331151723	0.0658352436961	0.0901362432802	0.116629141584	0.154573592384	0.203074943142	0.259795914099	0.329053203756	0.409750862753	0.50434918557	0.612389662782	0.728940522269	0.853912298777	0.995155568334	1.15282689513	1.33024767673	1.51725242364	1.71589883672	1.92240700898	2.12880334967	2.36306811694	2.59953596609	2.82263994295	3.01250757799	3.18029966163	3.31172411958	3.40153605131	3.44033042202	3.41906005791	3.37070408819	3.26588436012	3.15115635518	3.03454957991	2.91487861969	2.80727428559	2.71465538152	2.64810441579	2.58905734823	2.53521044856	2.48818527449	2.45182883195	2.41009329101	2.34249110855	2.2547256945	2.14542152058	2.01161505025	1.8564375674	1.67415211263	1.49100555479	1.30466061412	1.11037563217	0.93071821923	0.768417065542	0.615230184593	0.480294215434	0.372007708774	0.282050396001	0.210679489722	0.15332107883	0.111339508449	0.0819837220207	0.0594496612007	0.042630193472	0.0316483335587	0.0250390879286	0.0208677704666	0.0172220613712	0.0147170342626	0.0137105501565	0.0130619270659	0.01263696711	0.0119547945492	0.0122008239974	0.0125475018561	0.0120666261165	0.0124468534455	0.0161149288544	0.0211697156984	0.0269066751032	0.0359873983717	0.0572689456374	0.154148632429
PD_153S_1_bbduk_adapt_filt	0.0	7.36449259972e-06	7.36449259972e-06	1.47289851994e-05	2.94579703989e-05	5.1551448198e-05	8.10094185969e-05	0.000117831881595	0.000184112314993	0.000243028255791	0.000390318107785	0.00076590723037	0.00131087968275	0.00212097386872	0.00350549847746	0.00542026655339	0.00843970851927	0.0129836004533	0.0195674568374	0.0287804370797	0.0414252708734	0.0583415103749	0.0815470265567	0.111365857093	0.147046823739	0.190990751081	0.244398051414	0.310376540615	0.387880460734	0.475952427734	0.576757602439	0.691938266699	0.816884248146	0.953421940944	1.10951972609	1.28379307897	1.47709628073	1.67855197579	1.8797646426	2.08902669982	2.29685268098	2.48841786249	2.67038711013	2.8262639605	2.94562765656	3.04308935162	3.11069539369	3.13756106269	3.13631646344	3.12373054559	3.09621680124	3.06203819108	3.03055498522	3.00949990087	3.00229006262	3.00695178643	3.01420581165	3.02149665932	3.02989218088	3.02142301439	2.98814287233	2.9229965708	2.8136264912	2.65412631047	2.46030759424	2.23592623371	1.97533366307	1.71604460762	1.46654296283	1.21691612167	0.978615870128	0.765192874588	0.586044227608	0.436500840878	0.317770491185	0.225456576448	0.155884214858	0.106777778203	0.0721720274772	0.0471253881456	0.0306215602296	0.0203186350826	0.0139557134765	0.00932344763124	0.00603888393177	0.00396209701865	0.0024671050209	0.00175274923873	0.00128142171235	0.000883739111966	0.000692262304373	0.000625981870976	0.000544972452379	0.000427140570784	0.000338766659587	0.000272486226189	0.000272486226189	0.000235663763191	0.000397682600385	0.000390318107785	8.10094185969e-05
PD_153S_2_bbduk_adapt_filt	0.0	0.0	7.37068664653e-06	1.47413732931e-05	2.21120599396e-05	6.63361798188e-05	0.000117930986345	0.000132672359638	0.00016952579287	0.000243232659336	0.000375905018973	0.000773922097886	0.00137094771626	0.00224068874055	0.00346422272387	0.00517422202587	0.00822568629753	0.0126407275988	0.018787880262	0.0275958508046	0.0401260181037	0.0576387695759	0.0794560020496	0.108525990184	0.143956880893	0.187355483868	0.243011538736	0.306915391962	0.382781869614	0.469579075564	0.565899208661	0.677417697623	0.807974670193	0.948776897202	1.10216088632	1.2702420246	1.45594647466	1.65694509951	1.85759730209	2.06168424465	2.26851308264	2.46374045984	2.63589758785	2.79939415904	2.93570026719	3.03150445223	3.09254847903	3.12481734517	3.13651462488	3.11857437358	3.09127335024	3.0619306467	3.02687566101	3.00140993865	2.99642735448	3.00355480846	3.00650308312	3.0175517424	3.02545311849	3.00796984976	2.98187024835	2.93068082959	2.81487997168	2.65585740729	2.46628334674	2.23572089775	1.98059195016	1.72604528683	1.4685134954	1.20959601488	0.977669988856	0.773332442954	0.597010876996	0.449184385613	0.327103702687	0.23170490542	0.16238359751	0.115093271986	0.0818809579564	0.0566068734454	0.0387624410741	0.0276695576711	0.0209843448827	0.0162818468022	0.0127070637786	0.0101936596322	0.00853525513669	0.00773185029221	0.00703900574744	0.00653779905548	0.0064788335623	0.00651568699554	0.00658202317536	0.00655991111542	0.00713482467385	0.009884090793	0.0144023217073	0.019038483608	0.0252298603911	0.0456614037753	0.10248939782
PD_156P_1_bbduk_adapt_filt	4.52984562399e-05	4.52984562399e-05	4.52984562399e-05	4.52984562399e-05	4.52984562399e-05	6.79476843599e-05	0.00010192152654	0.00013589536872	0.0002831153515	0.000588879931119	0.00115511063412	0.00235551972448	0.00353327958672	0.00596807160961	0.00947870196821	0.0142576891015	0.0217432589952	0.033600129916	0.0488430604407	0.0700087641188	0.0990677237967	0.136178484071	0.186369173585	0.252901281188	0.330135149077	0.420131857011	0.529165241181	0.649795030148	0.789235003068	0.950950491845	1.12915461869	1.32534223267	1.53133696242	1.75494146703	2.0075030098	2.28963311988	2.57692725396	2.85449354457	3.16755117565	3.48744887361	3.7786047011	4.05089372155	4.27343371245	4.44947483801	4.55849689757	4.58062519344	4.5339564589	4.38854841437	4.14292886002	3.84361931041	3.55826168533	3.23118418205	2.85063185118	2.51307907989	2.20969266923	1.93692801498	1.71624526079	1.53790523857	1.38025528624	1.24693060492	1.13579084253	1.02907900424	0.932457397085	0.847885179285	0.76458131826	0.682160777131	0.588291051188	0.49833964171	0.420788684627	0.347529756273	0.279582071913	0.222019058646	0.176596031651	0.138579302252	0.108829541116	0.0842438039922	0.0693745857315	0.0675399982537	0.0556831273329	0.0303159918386	0.0160583027371	0.0113132894459	0.00816504673725	0.00524329630977	0.00315956732274	0.00184591209178	0.000939942966979	0.000600204545179	0.000509607632699	0.000419010720219	0.000385036878039	0.000407686106159	0.000475633790519	0.000486958404579	0.000464309176459	0.000622853773299	0.000939942966979	0.00133630445908	0.00231022126824	0.00193650900426	0.000407686106159
PD_156P_2_bbduk_adapt_filt	4.54685063527e-05	5.68356329409e-05	5.68356329409e-05	4.54685063527e-05	4.54685063527e-05	7.95698861173e-05	0.00012503839247	0.000170506898823	0.000284178164705	0.000727496101644	0.00134132093741	0.00220522255811	0.00359201200187	0.00601320996515	0.00910506839714	0.0143225795011	0.0224614421383	0.0346470018408	0.0490946197344	0.0683391650482	0.0974958447469	0.13570075721	0.187978172389	0.250770179662	0.323610726839	0.416878000495	0.524456486526	0.64544818193	0.790015297879	0.946017743175	1.12474307452	1.3203258546	1.52072829635	1.74055715744	1.99180475641	2.28167785154	2.56557183808	2.84533955767	3.15041050104	3.45969864838	3.75164056054	4.02289430232	4.26327492828	4.44219350078	4.54363373845	4.5701191434	4.50830470901	4.35313206396	4.1270740175	3.85269431591	3.54745286564	3.20847378365	2.84245230752	2.50006308755	2.18475036312	1.89426344316	1.66772797739	1.49444749968	1.34384443951	1.21728285208	1.11519468819	1.02410990284	0.940334179881	0.849897320746	0.760108387825	0.675571067389	0.586634668963	0.503165858426	0.4238915176	0.350630386739	0.284803356667	0.225319183231	0.175201522104	0.132745304297	0.0997920043177	0.0738976899498	0.0536528374962	0.0398872471979	0.0302138224714	0.022495543518	0.0167096760846	0.0128675872978	0.00990076725831	0.00825253390302	0.00733179664938	0.0061609826108	0.00595637433221	0.00626328675009	0.00580860168656	0.00570629754727	0.00636559088938	0.00689984583903	0.00692258009221	0.00735453090256	0.00854807919432	0.0218476173025	0.0473781836196	0.073727183051	0.0993259521276	0.137337623438	0.264081084897
PD_157S_1_bbduk_adapt_filt	5.15081544706e-05	6.00928468823e-05	7.72622317058e-05	7.72622317058e-05	6.00928468823e-05	5.15081544706e-05	9.44316165293e-05	0.000171693848235	0.000206032617882	0.000369141773706	0.000721114162588	0.00109884062871	0.00180278540647	0.00323642903923	0.00508213790776	0.00799234863535	0.013177502852	0.0208608025606	0.0306044284479	0.0447605862349	0.0650547990963	0.0945603869155	0.132865284457	0.181660676125	0.243152827871	0.316946843842	0.406253399002	0.513562054149	0.634657725309	0.771514891737	0.923618471889	1.08717403172	1.26419897394	1.45853924076	1.67141385849	1.88987711099	2.11937169323	2.36234424256	2.61625369002	2.88150351616	3.13912155075	3.37026439393	3.57194457276	3.73448713889	3.84552155054	3.91718656279	3.94743043416	3.9250930645	3.84557305869	3.71114536022	3.55692136104	3.37865163842	3.18777958734	2.9945896693	2.78960438389	2.60232073424	2.43110762878	2.26204928111	2.09917191199	1.95330081852	1.81709608872	1.67879669397	1.54545925143	1.41101438357	1.26530639926	1.13044946617	0.990081160541	0.848210533744	0.72016126173	0.597091111315	0.487816561606	0.386319743222	0.297485346145	0.226902005135	0.169444658823	0.123250428956	0.0876325401392	0.0607281141208	0.0418417908149	0.027917419723	0.018285394837	0.0121387550702	0.00780348540229	0.00508213790776	0.00352830858123	0.00230928225876	0.00135638140106	0.000952900857705	0.000755452932235	0.000540835621941	0.00034338769647	0.000223202002706	0.000231786695117	0.000231786695117	0.000274710157176	0.000412065235764	0.000523666237117	0.000901392703235	0.00149373647965	0.00106450185906	0.00019744792547
PD_157S_2_bbduk_adapt_filt	5.15495272393e-05	6.01411151125e-05	6.01411151125e-05	4.29579393661e-05	2.57747636196e-05	1.71831757464e-05	1.71831757464e-05	6.87327029857e-05	0.000137465405971	0.00024056446045	0.00050690368452	0.000970849429673	0.00172690916252	0.00323043704033	0.00538692559651	0.00813623371593	0.0127155500524	0.0200871324476	0.0300275996169	0.0440920289653	0.0635433839103	0.0908904081107	0.12769677056	0.17621346728	0.238579803651	0.312201120137	0.400453910771	0.504188742752	0.625854218624	0.759487776404	0.904333356359	1.06790000629	1.2430996662	1.42644415141	1.63004760083	1.85629847589	2.09380433105	2.33880205085	2.59116276145	2.85239858232	3.10358224538	3.33082974463	3.53263755218	3.70493325539	3.84134189605	3.91868337009	3.93807458392	3.90975671029	3.83498412103	3.71510569543	3.56607601218	3.39298988289	3.19948154922	3.00175474591	2.80517921537	2.6182606296	2.43256204931	2.257078867	2.1052483261	1.96212965531	1.8198014106	1.68700982843	1.55701910391	1.42323089755	1.28636690273	1.1408683621	0.992904035744	0.859158787321	0.730671590678	0.605990467461	0.495537013763	0.393434583478	0.306393206735	0.233785697618	0.172922889124	0.12805761725	0.0933733770061	0.0651929687819	0.0453034428555	0.0326480339182	0.0234550348939	0.0164271160136	0.011925123968	0.00886651868516	0.00762933003141	0.00680453759559	0.00576495546293	0.00509481160882	0.00456213316068	0.00430438552448	0.00462227427579	0.00481988079687	0.00497452937859	0.00524946019053	0.00561030688121	0.00851426358236	0.0130506219794	0.0179478270671	0.025138986117	0.0457931633642	0.0980815671606
PD_158P_1_bbduk_adapt_filt	1.58034505886e-05	3.16069011772e-05	3.95086264715e-05	3.16069011772e-05	4.74103517658e-05	7.11155276488e-05	0.000118525879415	0.000173837956475	0.000244953484124	0.000363479363538	0.000640039748839	0.00112994671709	0.00196752959828	0.00331082289831	0.00539687837601	0.00851805986726	0.0146339952451	0.0237446845094	0.0351231689332	0.0527677215154	0.077215659576	0.109644340184	0.151507680793	0.202386889963	0.270057265384	0.349920002933	0.444566868508	0.561378073534	0.697279846871	0.846938523945	1.0120845826	1.20410440897	1.42134654249	1.65418668174	1.91398750769	2.21339968254	2.52169339662	2.82440059092	3.14013773023	3.45249293112	3.73850377987	3.99362678445	4.20782675372	4.35015262973	4.40250946153	4.39283774977	4.31406545031	4.14050405422	3.90703967867	3.64444954369	3.35768803104	3.05553395751	2.74912085404	2.46847527677	2.2163233209	1.99995827889	1.83173054737	1.69337133747	1.57483755633	1.48009587005	1.3987950185	1.31662497716	1.2377262501	1.14210747231	1.03815237434	0.934410622953	0.819464225097	0.707212315566	0.596501242467	0.491100128767	0.395354923375	0.311936409443	0.242274799249	0.181068035119	0.132733181494	0.0982500523094	0.0723165898935	0.0501759556189	0.0331793445108	0.0220142066699	0.0145233710909	0.00963220313376	0.00633718368603	0.00399037127363	0.00241792794006	0.00143811400356	0.000813877705314	0.000695351825899	0.00056892422119	0.000489906968247	0.000426693165893	0.000316069011772	0.000252855209418	0.000173837956475	9.48207035317e-05	0.000118525879415	0.000150132780592	0.000134329330003	0.000158034505886	0.000102722428826	1.58034505886e-05
PD_158P_2_bbduk_adapt_filt	0.0	0.0	1.58155914687e-05	2.37233872031e-05	4.74467744062e-05	7.90779573436e-05	9.48935488123e-05	0.000118616936015	0.000166063710422	0.000363758603781	0.000711701616092	0.00113081479001	0.00190577877198	0.00293379221745	0.00505308147426	0.00913350407319	0.0149694573251	0.023280550642	0.0357906834937	0.0525393948591	0.0756459739949	0.107134816609	0.148563758461	0.199221097936	0.262586265155	0.343222058258	0.439950215681	0.553071233661	0.684688585864	0.829772914202	0.993464285904	1.18391563837	1.39326662264	1.6193267793	1.88449889366	2.17112485785	2.47132850731	2.7850149485	3.09867766631	3.41339212094	3.70256439536	3.95792293521	4.17087987434	4.31488874245	4.38860521429	4.38441408255	4.29742042168	4.14394592206	3.92177640091	3.66101683657	3.37816289094	3.0714432178	2.77237038312	2.49060771331	2.23255261511	2.01554688457	1.83910023835	1.69770885062	1.59124619665	1.50022746774	1.41279887811	1.33317528286	1.24687750801	1.15192860462	1.05070091143	0.941763117392	0.826981462308	0.713607394864	0.603475523672	0.497859003844	0.404199071166	0.321760300635	0.248170353531	0.186552809169	0.139098126967	0.102801344547	0.0758357610925	0.054745669869	0.038313270333	0.0273372498537	0.0199988154122	0.0149061949593	0.0110788218238	0.00828736992961	0.00658719384672	0.00551173362685	0.00479212421502	0.00466559948327	0.0048553865809	0.00476840082782	0.00454698254726	0.00459442932166	0.00467350727901	0.00528240755055	0.00577269088608	0.00750449815191	0.0107783255859	0.0133562669953	0.0178795261554	0.034232847734	0.0893185528196
PD_159S_1_bbduk_adapt_filt	1.55551948479e-05	1.55551948479e-05	1.55551948479e-05	3.88879871197e-05	6.99983768154e-05	0.000108886363935	0.000139996753631	0.000147774351055	0.000171107143327	0.000225550325294	0.000388879871197	0.000629985391339	0.00115886201617	0.0019832873431	0.00352325163304	0.00624541073142	0.0113864026286	0.0195062143392	0.0301070796281	0.0453745033712	0.0672295521325	0.0963099889006	0.134272441927	0.183349081672	0.243423244174	0.316275999244	0.403283981626	0.503980535474	0.624735513078	0.7665677797	0.921279747657	1.09320353871	1.29235669835	1.51130384343	1.75134383273	2.01630324417	2.29050244135	2.56775823432	2.8612614283	3.15959451029	3.43508478864	3.68307348251	3.90211395876	4.08023649496	4.20217366737	4.26030343052	4.2491892438	4.16914998871	4.03367201918	3.84933518264	3.62161490766	3.36520307579	3.10376691598	2.84476514417	2.59172878958	2.36175301135	2.15174232571	1.9663866239	1.80919360237	1.66650580003	1.54102204319	1.4238447604	1.30685413995	1.19356565587	1.07375954515	0.953206785083	0.836667265282	0.717872242229	0.600827178596	0.495495176684	0.399574067655	0.312130539817	0.239394448709	0.180269153092	0.132576925688	0.0960999937701	0.0702161495433	0.050562160853	0.0341514302885	0.0218706039561	0.0146685487415	0.00994754710521	0.00647096105671	0.00421545780377	0.00260549513702	0.00173440422554	0.00127552597753	0.000894423703753	0.000567764611947	0.000419990260893	0.000373324676349	0.000334436689229	0.000287771104686	0.00021777272787	0.000248883117566	0.00029554870211	0.000334436689229	0.000521099027404	0.00102664285996	0.000855535716633	0.000163329545903
PD_159S_2_bbduk_adapt_filt	4.67029943313e-05	4.67029943313e-05	3.89191619428e-05	3.11353295542e-05	7.0054491497e-05	0.000101189821051	8.56221562741e-05	0.00010897365344	0.00016346048016	0.000233514971657	0.000435894613759	0.00070054491497	0.00113643952873	0.00217168923641	0.00353385990441	0.00608695692785	0.0111853671424	0.0191560115082	0.0298977002045	0.0450294703678	0.0663493872801	0.0960213563452	0.132870018873	0.17982209584	0.239461819602	0.309088200317	0.393231428438	0.496359423754	0.612548689818	0.745325302702	0.903064666056	1.07769494569	1.26808748592	1.48076513827	1.71731580456	1.97175371768	2.24361963151	2.52849232927	2.81538103961	3.10466717033	3.38956321959	3.64996354831	3.87620063669	4.0595721601	4.18380212502	4.24870371947	4.24626737994	4.17174496865	4.04750721989	3.8678408007	3.64368977941	3.39073857828	3.12021926744	2.85795860278	2.60371528547	2.36699337487	2.15598924648	1.97682099256	1.82315257355	1.6798833546	1.55120882139	1.43479382418	1.31772498506	1.19962089623	1.08513628946	0.96649511619	0.842459747078	0.723180299556	0.613428262877	0.509000367553	0.407390219552	0.317642632112	0.245105098083	0.186197054567	0.138700109332	0.101493390514	0.0732380789439	0.0528755734155	0.0381563463687	0.0276481726442	0.020113422892	0.0151629054929	0.0119559665488	0.0090448132355	0.00695874615537	0.00623484974323	0.00607138926308	0.00547203416916	0.00475592158941	0.0046936509303	0.00483375991329	0.00478705691896	0.00490381440479	0.0048960305724	0.00533970901855	0.00790058987439	0.0123373743359	0.0169142677803	0.022456356441	0.0396274906901	0.0915378688894
PD_15P_1_bbduk_adapt_filt	2.28429645554e-05	1.14214822777e-05	2.28429645554e-05	3.42644468331e-05	2.28429645554e-05	7.99503759438e-05	0.000171322234165	0.000251272610109	0.000342644468331	0.000388330397441	0.000582495596162	0.00108504081638	0.00180459419987	0.00318659355547	0.00497976627307	0.00813209538171	0.0129176964561	0.0199190650923	0.0310778532776	0.0465425402816	0.0658334238486	0.0922056264278	0.128571626	0.172510068322	0.225391531268	0.294228804955	0.376372105497	0.467092939228	0.571793667268	0.685814324846	0.811724745475	0.961665964817	1.12867087868	1.30367083014	1.50182212618	1.71611197667	1.92864291889	2.15601036659	2.41046957026	2.6724212663	2.91208965041	3.13054834194	3.33731143561	3.51121492477	3.64116855013	3.72408851146	3.76313855937	3.7554519018	3.70411233896	3.62280280662	3.52816440447	3.4027336861	3.2523127645	3.10402766009	2.95045440938	2.78809803881	2.61741540765	2.46148933159	2.30776760162	2.1529151449	2.01778758807	1.87449367141	1.73552849654	1.60406723553	1.46194973154	1.31714817923	1.15916623636	1.01650050123	0.884331108314	0.745068974903	0.613904672426	0.499952543741	0.401590738366	0.316477852432	0.245687505275	0.184788161771	0.135824267246	0.0990356728298	0.0696938848584	0.0477989033321	0.0327453896901	0.0216893948453	0.0140826876484	0.00938845843226	0.00615617894767	0.00389472545669	0.00247846165426	0.00177032975304	0.0011764126746	0.000868032653104	0.00074239634805	0.000536809667051	0.000434016326552	0.000468280773385	0.000399751879719	0.000354065950608	0.000456859291107	0.000434016326552	0.000582495596162	0.000525388184774	0.000114214822777
PD_15P_2_bbduk_adapt_filt	9.16341880741e-05	8.01799145649e-05	5.72713675463e-05	3.43628205278e-05	3.43628205278e-05	5.72713675463e-05	0.000125997008602	0.000171814102639	0.000251994017204	0.000377991025806	0.000515442307917	0.000836161966176	0.00171814102639	0.00300101965943	0.00485661196793	0.0081554427386	0.012954783339	0.0202969726584	0.0306516359108	0.0454391030113	0.0652091790883	0.0897213243981	0.124611041507	0.167816561184	0.224480852235	0.294993359958	0.370053214264	0.456807881823	0.558854004517	0.675790682773	0.805292699069	0.952434296569	1.11769655476	1.28766651936	1.48054503099	1.69323943578	1.91544088759	2.1497036894	2.3873455019	2.6387324426	2.88149431536	3.10083219879	3.31123574888	3.49421776819	3.62754551184	3.704483867	3.73681928112	3.73533022556	3.69635133281	3.61817591611	3.51076919341	3.38283641259	3.23454938773	3.07414374151	2.91192832007	2.74830402299	2.59244572335	2.4345600173	2.28016786467	2.13690926589	1.99784293121	1.8654086209	1.73409682939	1.6039419195	1.46361561474	1.31512241297	1.16401763683	1.02493984788	0.89019177432	0.750621451609	0.620581084459	0.508489563897	0.408963381375	0.318646434754	0.247755936005	0.188537341963	0.138963246214	0.10307700731	0.0769039923412	0.0576149957516	0.041968458138	0.030273644885	0.0226336444543	0.017273044452	0.0134587713734	0.0115115448768	0.0105952029961	0.00907178461934	0.00862506795248	0.00885415342266	0.00804090000351	0.00817835128562	0.00865943077301	0.00856779658493	0.00891142479021	0.0208582320604	0.0449351149769	0.0627006931897	0.0750942171268	0.106673649192	0.194539381281
PD_160P_1_bbduk_adapt_filt	1.56499041326e-05	1.56499041326e-05	3.12998082652e-05	4.69497123978e-05	8.60744727293e-05	0.00014867408926	0.000195623801657	0.000250398466122	0.000446022267779	0.000735545494232	0.00106419348102	0.00197971287277	0.00365425261496	0.005782639577	0.00906911944484	0.0150395578714	0.0238739287543	0.0358930551281	0.0524584786525	0.0739144972183	0.100855807183	0.134377901835	0.175278926285	0.226227189189	0.283889260965	0.346246303982	0.416835196572	0.494560445446	0.579163827187	0.672695479236	0.777901959767	0.885995847611	0.996726744301	1.12040011171	1.25637430377	1.40223923523	1.55989636946	1.72447076132	1.89616585956	2.07478604038	2.24967371906	2.41599307523	2.56509753685	2.70399826098	2.8250737443	2.92344904168	3.00677695624	3.06311661111	3.10285171771	3.13336120581	3.1518593925	3.15362000671	3.13524701926	3.11595068747	3.09375912341	3.07577738356	3.06303053664	3.05253727592	3.03134730572	2.9907201546	2.94078131051	2.84711663428	2.7046320821	2.5215516786	2.30459705761	2.06649159119	1.79516920324	1.52040383639	1.26405840669	1.01349561658	0.784247995893	0.593436539756	0.436428876546	0.313146756741	0.221508743093	0.151858844751	0.104611784174	0.0715435367422	0.0484677530987	0.032457901171	0.0203527003244	0.0130285451904	0.00888914554732	0.00585306414559	0.00366990251909	0.00234748561989	0.00166671479012	0.00123634242648	0.000790320158696	0.000414722459514	0.000297348178519	0.00027387332232	0.000258223418188	0.000234748561989	0.000195623801657	0.000179973897525	0.000195623801657	0.000289523226453	0.000383422651249	0.000289523226453	0.000117374280994
PD_160P_2_bbduk_adapt_filt	1.56611969414e-05	1.56611969414e-05	3.13223938829e-05	5.4814189295e-05	9.39671816486e-05	0.000164442567885	0.000250579151063	0.000321054537299	0.000493327703655	0.000696923263894	0.00119025096755	0.00209860039015	0.00330451255464	0.00541877414174	0.00949068534651	0.0155985521537	0.0241495656837	0.0355979006479	0.0511964528015	0.0730281613379	0.101093026257	0.136064479027	0.177237765786	0.223767181899	0.280374578244	0.342573021897	0.408741578974	0.489850917934	0.575783905552	0.662758362766	0.758675363434	0.865069704855	0.979991568012	1.09839804749	1.23473659746	1.3830481325	1.535094863	1.69573959063	1.86719837474	2.05149150975	2.22479831511	2.38886501426	2.55063734807	2.68991237247	2.80961873129	2.91879293517	2.99167231514	3.05159205464	3.10532562134	3.12546592061	3.13328085788	3.14448644429	3.13357059003	3.10858315031	3.09661016524	3.08517749148	3.07128600979	3.05683855561	3.03459182536	2.99786631853	2.93410175518	2.8336273462	2.70825946469	2.5392203355	2.31671387996	2.06803756432	1.79992570328	1.52622279493	1.26452419404	1.01552682387	0.789833314749	0.602658519503	0.448286101252	0.323317580257	0.231527304984	0.16170185842	0.113167809099	0.0810701859673	0.0567248553219	0.0395523528756	0.0284720560395	0.0205631515841	0.015919606691	0.0127012307195	0.0107592422988	0.00966295851286	0.00844138515143	0.00759568051659	0.00707886101753	0.00629580117046	0.00595125483774	0.00638193775363	0.00630363176893	0.00621749518575	0.00662468630623	0.00819863659884	0.0104616795569	0.0127560449088	0.0174230815973	0.0360755671546	0.092244449985
PD_161S_1_bbduk_adapt_filt	0.0	0.0	0.0	0.000184409980268	0.000184409980268	0.000184409980268	0.000184409980268	0.0	0.0	0.0	0.00110645988161	0.00313496966456	0.00442583952644	0.00682316926992	0.00922049901341	0.012355468678	0.0177033581057	0.0215759676914	0.0283991369613	0.038541685876	0.050897154554	0.0669408228373	0.0874103306471	0.121341767016	0.143470964649	0.161727552695	0.1925240194	0.231065705276	0.275692920501	0.31644752614	0.355726851937	0.397403507478	0.455861471223	0.515057074889	0.582919947628	0.659818909399	0.739299610895	0.81822708245	0.88738082505	0.984933704612	1.06515204603	1.17967064378	1.30101241079	1.36242093422	1.42143212791	1.8962878271	2.42923267007	2.51738064064	2.55684437642	2.56477400557	3.06581592196	3.579397717	3.60078927472	3.80861932248	4.06974385454	4.21745624873	4.33215925646	4.35465727405	3.88699356409	3.01916019695	2.52881405942	2.42111863094	2.23855275047	1.90993416564	1.70007560809	1.46827226289	1.21046711048	1.12158149999	1.00872259207	0.911907352426	0.860088147971	0.835561620595	0.878897965958	0.981245505007	1.23941947738	1.71003374703	2.69681155144	3.97255979494	3.29227137773	1.28773489221	0.403120216866	0.249322293323	0.195105759124	0.156379663267	0.114887417707	0.0566138639423	0.0160436682833	0.013093108599	0.0132775185793	0.012355468678	0.00977372895421	0.0105113688753	0.0112490087964	0.0106957788556	0.0105113688753	0.00792962915153	0.00368819960536	0.00350378962509	0.00571670938831	0.00387260958563	0.00110645988161
PD_161S_2_bbduk_adapt_filt	0.000486389602936	0.000486389602936	0.000486389602936	0.000972779205872	0.00121597400734	0.000972779205872	0.000972779205872	0.000486389602936	0.000486389602936	0.00170236361028	0.00170236361028	0.00267514281615	0.00632306483817	0.00753903884551	0.00875501285285	0.0167804413013	0.0235898957424	0.0291833761762	0.0432886746613	0.0513141031097	0.0659057911978	0.0804974792859	0.105789738639	0.143241738065	0.17558664666	0.20379724363	0.23030547699	0.27164859324	0.317612410717	0.376465552672	0.428752434988	0.485173628929	0.521166459546	0.570778199045	0.672920015662	0.735907469242	0.804731598057	0.882310739726	0.914412453519	0.965240167026	1.04281930869	1.09559258061	1.11285941152	1.11650733354	1.10872509989	1.11358899592	1.11261621672	1.07224587967	1.06640920444	1.08391923014	1.05351987996	1.01922941295	1.03941458147	1.04525125671	1.0771097757	1.2585330976	1.38499439436	1.36772756346	1.35435184937	1.32346610959	1.29355314901	1.25391239637	1.17511728069	1.07321865888	0.992721179592	0.817134532932	0.627685782589	0.566400692619	0.50025170662	0.428752434988	0.390084461555	0.363089838592	0.315180462702	0.272134982843	0.229819087387	0.193339867167	0.172911503844	0.164886075395	0.152969530123	0.145916880881	0.149321608101	0.148835218498	0.145673686079	0.139350621241	0.138377842035	0.168777192219	0.216200178505	0.241006048255	0.269459840026	0.317126021114	0.357009968555	0.380843059099	0.437264253039	0.506574771458	0.566400692619	2.34074996413	4.55941613792	5.44318604646	6.93445656906	10.0993937154	23.3109513051
PD_162P_1_bbduk_adapt_filt	3.78901585144e-05	2.84176188858e-05	2.84176188858e-05	5.68352377716e-05	8.52528566575e-05	0.000151560634058	0.000208395871829	0.000255758569972	0.000331538887001	0.000464154441802	0.00101356174026	0.00187556284646	0.0031448831567	0.00511517139945	0.00810849392209	0.0131194673856	0.0205459384544	0.0302174014153	0.0444262108582	0.0629923885302	0.0882082890216	0.122622025492	0.16375179256	0.214287791478	0.275319364305	0.34534984978	0.430706904373	0.531144242055	0.646718698064	0.774768488763	0.913484359085	1.06588804917	1.23934919485	1.42273756206	1.62324280838	1.84688946901	2.08364612449	2.33342752195	2.57733594485	2.82331885393	3.06977538998	3.29465348077	3.4927716471	3.65241235746	3.75930996717	3.82001000111	3.83507133912	3.80151960375	3.72394897673	3.62347374889	3.50638368654	3.36428611958	3.20219202145	3.03186628639	2.85749577691	2.68609017233	2.52466862451	2.35837819133	2.1981691286	2.04845563977	1.89770964412	1.75868117999	1.62344173171	1.47583114668	1.32299171977	1.16536866035	1.0167255685	0.878720138648	0.737977144846	0.607398186065	0.493604567507	0.389700280321	0.297570359893	0.225095959195	0.166593554448	0.119155075988	0.0854517799897	0.0601695717209	0.0395952156476	0.0253579885858	0.0167663951426	0.0109976185088	0.00706651456294	0.0041394998177	0.00243444268455	0.00156296903872	0.00109881459692	0.000738858091031	0.00040731920403	0.000265231109601	0.000227340951087	0.000151560634058	0.000170505713315	0.000142088094429	6.63077774002e-05	0.000104197935915	0.000198923332201	0.000265231109601	0.000331538887001	0.000284176188858	0.000104197935915
PD_162P_2_bbduk_adapt_filt	1.89672502921e-05	1.89672502921e-05	4.74181257303e-05	7.58690011685e-05	0.000104319876607	0.000151738002337	0.000170705252629	0.000237090628651	0.000379345005842	0.000644886509932	0.000863009888291	0.0015647981491	0.00294940742042	0.00510219032858	0.00793779424725	0.0122243928133	0.0190146684178	0.0288207368189	0.0434729376695	0.0626203768394	0.0861302835765	0.117691788063	0.159476640456	0.21136155363	0.273251691333	0.342671827403	0.42110140736	0.52041392989	0.638522997459	0.762957643001	0.900982323376	1.0483768254	1.21572487472	1.40045640894	1.60061780128	1.818200613	2.04651888839	2.29493296547	2.53991397024	2.78506568027	3.02833014889	3.2513375942	3.45417336882	3.62749610199	3.73978222372	3.7986091505	3.80955325392	3.78043852472	3.72063478455	3.61384916541	3.48556416806	3.34789986544	3.19908281964	3.03305299421	2.86133299369	2.70133475385	2.53461262379	2.36128989062	2.19978375438	2.04291511084	1.89921922263	1.76288262753	1.62385268288	1.48072581218	1.331311298	1.18087255231	1.0306139955	0.887894920675	0.747537268513	0.61456736034	0.499834463323	0.398217419883	0.310142993152	0.235250805373	0.175494483328	0.132419857914	0.0978804951325	0.0700745062042	0.051230543039	0.0394329133573	0.0301010262136	0.023244365233	0.0185973889114	0.0159893919963	0.014092666967	0.0124899343174	0.0113139647992	0.0106975291648	0.010128511656	0.0096353631484	0.00919911639168	0.00954052689694	0.0103845695349	0.0102897332835	0.010517340287	0.0135331330834	0.0178197316494	0.0210536478243	0.0276163164253	0.0473801912297	0.135056305705
PD_163S_1_bbduk_adapt_filt	3.08852857943e-05	3.08852857943e-05	3.08852857943e-05	4.63279286914e-05	8.49345359343e-05	0.000123541143177	0.00021619700056	0.000293410215046	0.00032429550084	0.000440115322569	0.000694918930372	0.00142072314654	0.00250942947079	0.00438571058279	0.00782941994885	0.0127015737829	0.019588992515	0.0294259560405	0.0437258433633	0.0619172766961	0.0863861443666	0.11918631788	0.161923832098	0.2124676023	0.27195266274	0.344448149821	0.422858169131	0.515367321406	0.626554350266	0.744922208072	0.878802200669	1.02969998574	1.187616452	1.35841208245	1.55058805198	1.76138784885	1.98831748622	2.21232846409	2.44016149607	2.68855640707	2.9333609036	3.15421386099	3.34506948456	3.50598954487	3.62242707231	3.69755553001	3.72357638329	3.69851297387	3.65033192803	3.55715874211	3.43397277972	3.30403838238	3.158105407	3.0051074225	2.84299055736	2.68285035052	2.54771950385	2.42418608199	2.2944833243	2.16753707836	2.04244394958	1.92031580822	1.79483661336	1.65241683924	1.50405936893	1.34760223242	1.17977158941	1.01897507025	0.865282166813	0.719264256899	0.58420290212	0.468151440748	0.365867095519	0.275828766107	0.207672661681	0.15329911604	0.110059715928	0.0782941994885	0.05458202132	0.0369851297387	0.025302770387	0.0175814489384	0.0121765239244	0.00809966619955	0.00508062951316	0.00342054540172	0.00247082286354	0.00185311714766	0.00126629671757	0.000741246859063	0.000478721929811	0.000463279286914	0.000401508715326	0.000332016822289	0.000347459465186	0.000370623429531	0.000416951358223	0.000586820430092	0.000911115930932	0.000694918930372	0.000146705107523
PD_163S_2_bbduk_adapt_filt	3.09199297499e-05	3.86499121874e-05	4.63798946249e-05	3.86499121874e-05	3.86499121874e-05	7.72998243748e-05	0.000131409701437	0.000162329631187	0.000239629455562	0.000363309174562	0.000664778489623	0.00132182699681	0.00242721448537	0.00429787023524	0.00697244415861	0.0112703143938	0.0182427585525	0.02812940609	0.0418192049868	0.0602861330299	0.0845969277958	0.115091708512	0.154414129171	0.204875454523	0.264110309941	0.330928278131	0.408722821382	0.49669002152	0.60422953719	0.724330274322	0.849826539194	0.989770141242	1.14703663393	1.32057473965	1.50763258466	1.70998033492	1.92664401266	2.15452389492	2.39170294605	2.63976581245	2.87120148663	3.08337404457	3.28698951196	3.45637661711	3.57950750736	3.6638184258	3.70329544611	3.697621639	3.64688976427	3.55815729587	3.44923411334	3.32277160066	3.17317325055	3.01340224355	2.86286856556	2.71885899275	2.58655261335	2.45804165533	2.3276832315	2.19518360254	2.06785533183	1.9444538922	1.81344614985	1.67655589087	1.52372640809	1.36405589087	1.20282391718	1.04272825092	0.890207967447	0.742248373612	0.59994712692	0.475973668588	0.376001805724	0.290879239122	0.220760568432	0.164826415514	0.12206415267	0.0886010586984	0.0637723551092	0.0461325351869	0.0337181833923	0.0253543423949	0.0192708462166	0.0152048754545	0.0120278526727	0.00993302743216	0.00873488015435	0.00805464169985	0.00767587256042	0.00721207361417	0.00667870482598	0.00652410517723	0.00641588542311	0.00693379424642	0.00758311277117	0.0111079847627	0.0169905013976	0.0213656714572	0.0274800875652	0.0479645410246	0.119660128132
PD_164P_1_bbduk_adapt_filt	0.0	0.0	0.0	1.1924168489e-05	3.57725054669e-05	4.76966739559e-05	7.15450109339e-05	9.53933479118e-05	0.000250407538269	0.000429270065603	0.000822767625739	0.00150244522961	0.0024921512142	0.00393497560136	0.00626018845671	0.0100639982047	0.0158591440903	0.0221789533895	0.0302993121305	0.0439882575558	0.0638539222585	0.0892881736455	0.120934916815	0.162490643999	0.214158066062	0.274100861056	0.345204677756	0.432227259388	0.533236890659	0.64725578975	0.773163084825	0.909515951497	1.06690305138	1.23728749492	1.41750937746	1.61918283912	1.82858316195	2.0530794821	2.29269564788	2.53011776667	2.76228132715	2.97056077814	3.150663419	3.30851556146	3.43627110265	3.50726760183	3.52656090645	3.50696949762	3.45358499529	3.3781646296	3.29579247368	3.19283920295	3.0671465429	2.95046855424	2.82792387468	2.71973589398	2.63527700857	2.55489618879	2.48308884614	2.39889229244	2.30990222301	2.23238320366	2.13176706995	1.99461528399	1.84161627811	1.67904216493	1.49152269128	1.29790996752	1.11103439896	0.926913313322	0.747943468471	0.588910833334	0.456576411443	0.344048033412	0.256429243355	0.189272326426	0.138058022765	0.103966825055	0.092984665877	0.0833618619064	0.0497118584305	0.0204022522846	0.0121268793533	0.00741683280014	0.00451925985732	0.00283795210038	0.00175285276788	0.00116856851192	0.000751222614806	0.000476966739559	0.000476966739559	0.000453118402581	0.000321952549202	0.000250407538269	0.00023848336978	0.000166938358846	0.000214635032802	0.000572360087471	0.00093008514214	0.00070352594085	0.000214635032802
PD_164P_2_bbduk_adapt_filt	0.0	0.0	2.39367648122e-05	5.98419120305e-05	5.98419120305e-05	9.57470592488e-05	9.57470592488e-05	7.18102944366e-05	0.000251336030528	0.000538577208274	0.000825818386021	0.00129258529986	0.00211840368588	0.00355460957461	0.00606796987989	0.00957470592488	0.0144338691818	0.0208608905338	0.0301842604282	0.0449412759349	0.0637555730773	0.0871417922988	0.119767602738	0.159945462475	0.210703372259	0.271131735028	0.34093134122	0.428659584257	0.527027719252	0.632493105015	0.75965716808	0.902439970184	1.05417512233	1.22291734587	1.40685941507	1.59815007107	1.80693850214	2.02758760018	2.2666201336	2.50246907729	2.72919811359	2.9438151469	3.12851122419	3.29460843522	3.41256881221	3.47571399779	3.50851933396	3.4938700339	3.43678084982	3.35812464065	3.25547182475	3.13869631762	3.01639141781	2.90205746068	2.7884416065	2.68649492517	2.59527191447	2.51432974425	2.44271094394	2.36996711567	2.3014481264	2.21769338632	2.12141971825	2.00738497068	1.85666713104	1.68829592735	1.49318735737	1.30243527858	1.12125790571	0.935460737243	0.757275459981	0.597677080596	0.468382645463	0.353833257454	0.262945361462	0.193109850122	0.139455591796	0.101120862949	0.0731387848836	0.0531874914127	0.038490317818	0.0292746633653	0.0240085751066	0.0200829456774	0.0169113243398	0.0151759088909	0.0145774897706	0.0136439559429	0.012554833144	0.0117529515228	0.0118726353468	0.0123633390255	0.0127942007921	0.0135960824133	0.014469774329	0.0370062383996	0.0623313355709	0.0715948635533	0.0866271518553	0.122867413781	0.2966602947
PD_165S_1_bbduk_adapt_filt	2.89280243273e-05	2.89280243273e-05	4.3392036491e-05	5.78560486546e-05	6.50880547365e-05	0.000108480091227	0.000144640121637	0.000188032158128	0.000397760334501	0.000650880547365	0.000896768754147	0.00154764930151	0.00265414623203	0.00454169981939	0.00717415003317	0.0107901530741	0.0165757579395	0.0240174921978	0.0349812134178	0.0497345058247	0.0693983303612	0.096337553016	0.128360875946	0.171253904018	0.223628092062	0.28350910242	0.356523435822	0.435778990473	0.527806267864	0.636423767207	0.750306166977	0.877712418121	1.02278646012	1.17372565906	1.3511990883	1.54900168665	1.75094822448	1.96633182961	2.19306245228	2.42747346541	2.65748018683	2.88505695422	3.09940638248	3.27913619762	3.41878623506	3.51672929343	3.58603360771	3.61229302179	3.60329640623	3.57295814071	3.52022958437	3.43550663312	3.3349962126	3.23800777904	3.13461902009	3.02829406667	2.91959701526	2.80826028163	2.67932807721	2.53063803217	2.37726164718	2.21987873083	2.04657816909	1.8508583885	1.65461790347	1.46244903786	1.25797852991	1.0700910119	0.901621430228	0.742018288008	0.597117814152	0.471526796535	0.363509553697	0.27451971886	0.204137835672	0.148798525134	0.107308506242	0.0766737284795	0.056301167347	0.0389226567324	0.0237860680031	0.0152595328327	0.010341768697	0.00683424574733	0.00401376337541	0.0022274578732	0.00140300917987	0.00105587288795	0.000795520669001	0.000542400456137	0.000441152370991	0.000325440273682	0.000274816231109	0.000296512249355	0.000253120212864	0.000339904285846	0.000441152370991	0.000607488510874	0.00091123276631	0.000665344559528	0.000166336139882
PD_165S_2_bbduk_adapt_filt	4.3429189033e-05	4.3429189033e-05	4.3429189033e-05	5.06673872052e-05	7.96201798938e-05	0.00010133477441	0.000123049368927	0.000173716756132	0.000238860539682	0.000463244683019	0.000940965762382	0.00151278341798	0.00243927278402	0.00412577295814	0.00673152430012	0.0105894839259	0.0160832763386	0.0229812791966	0.0333463789792	0.0470048589301	0.0664321828241	0.0926489366037	0.12509777901	0.165740261746	0.213664371844	0.272344444426	0.341599524537	0.422377816139	0.516206579044	0.614703979771	0.724109345144	0.85460681999	0.993696036066	1.14314311373	1.31371849185	1.50050019568	1.70235182811	1.91892595562	2.13927118438	2.3728406012	2.61099179746	2.8416731732	3.05336875515	3.22662950479	3.3703294531	3.48743626133	3.5679684542	3.60328362308	3.60313162092	3.56700577384	3.51453607529	3.44575147806	3.35442713172	3.2554882009	3.15905368666	3.05244950398	2.93892560384	2.83010653252	2.70317748938	2.56202538682	2.40863349116	2.2425385577	2.0674972113	1.8758297237	1.67677203577	1.48608894312	1.28152298638	1.08673583537	0.918918210749	0.758411166281	0.610476872039	0.483591258081	0.376813358645	0.28666160041	0.215090296884	0.1591896924	0.115832885349	0.082739843306	0.0593097958227	0.0418874528223	0.0299227112437	0.0223732705502	0.0177046327291	0.0138249585088	0.0107052950966	0.0088161253737	0.00815021114186	0.00769420465701	0.00683285907453	0.00656504574216	0.00646371096774	0.00652885475129	0.00652885475129	0.00631170880613	0.00709343420872	0.00991633149587	0.0138611494997	0.0170893858845	0.0226410838825	0.0413952553466	0.106184367186
PD_166_1_bbduk_adapt_filt	6.24702875695e-05	6.24702875695e-05	8.32937167593e-05	9.37054313542e-05	9.37054313542e-05	0.000104117145949	0.000104117145949	0.000156175718924	0.000229057721088	0.000374821725417	0.000624702875695	0.00110364174706	0.00201987263141	0.00310269094928	0.00524750415584	0.00820443110079	0.0123899403679	0.0186161456957	0.0271953985219	0.0398352200401	0.0567646679715	0.0796912635095	0.109697824972	0.145930591762	0.190086673359	0.246934635048	0.317203296849	0.3973526758	0.488299002787	0.594175728502	0.714847500657	0.839944251515	0.983146974054	1.14981770129	1.33386558018	1.52663847591	1.7405055054	1.96888646504	2.19443543831	2.42904260328	2.66056790073	2.88452388166	3.09102982894	3.26391634979	3.38062125868	3.45818853241	3.50873740677	3.5026257303	3.44527800631	3.36356687017	3.2647805221	3.13714331288	2.99994814966	2.86913536749	2.74292456317	2.6428575742	2.57486907789	2.52287297521	2.46405719946	2.39455900454	2.33664904796	2.27837468138	2.19874588815	2.09719002399	1.97021916451	1.8206861195	1.65224540078	1.47093580283	1.28427458357	1.09872741777	0.918823401286	0.753724842955	0.602026161307	0.466642636429	0.357225927751	0.266342071052	0.194855238644	0.144077306564	0.100316870122	0.0650315693598	0.0432398507127	0.0290590954344	0.0189701439919	0.0112030049041	0.00686131991805	0.00408139212121	0.00229057721088	0.00145764004329	0.00106199488868	0.000916230884352	0.000718408307049	0.000562232588125	0.000447703727581	0.000343586581632	0.000333174867037	0.000364410010822	0.000385233440012	0.000395645154607	0.000499762300556	0.000395645154607	0.000124940575139
PD_166_2_bbduk_adapt_filt	6.25391260407e-05	6.25391260407e-05	8.33855013876e-05	9.38086890611e-05	0.000104231876735	0.000114655064408	9.38086890611e-05	9.38086890611e-05	0.000177194190449	0.000385657943918	0.000708776761795	0.00108401151804	0.00187617378122	0.00305399398832	0.00502397645861	0.00796331538252	0.0115071991915	0.0173546074763	0.0254534242986	0.036804275675	0.0535439150785	0.074661293305	0.10308532609	0.14049414665	0.18314583061	0.238232377464	0.305618285773	0.384094465767	0.472191247983	0.569950325172	0.688524508145	0.817167490411	0.956744396546	1.11396775941	1.28990074415	1.47762235415	1.68148948186	1.89926114192	2.12464172898	2.36487535848	2.59854237974	2.81755439914	3.02248469199	3.19902222161	3.3379633133	3.43509699923	3.48444036967	3.48679601009	3.4450094507	3.36559518382	3.2727662744	3.16832593391	3.0375253518	2.89977250351	2.77841532942	2.68312654771	2.60367058808	2.53290756696	2.47264069584	2.42089999222	2.3670538047	2.30695370458	2.23495032413	2.13193796035	1.99851073495	1.84344497193	1.66762664225	1.49120376769	1.31341545554	1.11946077932	0.933865499603	0.77250413123	0.620377707136	0.479497902542	0.365958119215	0.274369569128	0.203002003128	0.148467885221	0.106618786712	0.0735981281623	0.0496560660763	0.0348134468293	0.0241192562764	0.0167292162159	0.0125078252081	0.00978737322537	0.00766104293999	0.00661872417264	0.00607671841362	0.00609756478897	0.00582656190946	0.00550344309158	0.00535751846416	0.00550344309158	0.00628518216709	0.0096206022226	0.0163956742103	0.0223368911842	0.0287471516034	0.0469773068443	0.106691749025
PD_167P_1_bbduk_adapt_filt	0.0	0.0	0.0	1.94053502103e-05	7.76214008412e-05	0.000145540126577	0.000155242801682	0.000164945476788	0.000252269552734	0.00032018827847	0.000407512354416	0.000717997957781	0.0011352129873	0.0015136173164	0.00239656075097	0.00434679844711	0.00736433040481	0.012176857257	0.0190754592567	0.0294573216192	0.0464855164288	0.0702861784617	0.102431141085	0.143259997928	0.196158982601	0.268181939906	0.35111070403	0.441238853082	0.549802084833	0.675073323116	0.808708267339	0.956363577089	1.12376383068	1.30518444979	1.50557379874	1.72338915218	1.95983364181	2.21961306508	2.46893300458	2.72025169515	2.96823266549	3.19800171466	3.42108562067	3.60725084792	3.76422072577	3.88579524484	3.95251083886	3.9606804913	3.92064725381	3.85352414744	3.76795625568	3.65647251873	3.5087298849	3.34492932377	3.15994782289	2.96733031671	2.78891752687	2.60147154652	2.39367905647	2.18342208694	1.99131882253	1.80528943274	1.61175987509	1.41585316204	1.23232706243	1.06156968325	0.891908706366	0.740799244278	0.610550533667	0.490334389114	0.387427816949	0.302238329525	0.229817562541	0.171708241336	0.126416153945	0.0902736891783	0.0644451680484	0.047611026741	0.0365111664207	0.0260516826573	0.0160870353243	0.00971237778025	0.00668514314745	0.00438560914753	0.00265853297881	0.0016882654683	0.000989672860725	0.00065978190715	0.000417215029521	0.000271674902944	0.000174648151893	0.000135837451472	0.000184350826998	0.000194053502103	0.000135837451472	0.000145540126577	0.000213458852313	0.000281377578049	0.00033959362868	0.000213458852313	3.88107004206e-05
PD_167P_2_bbduk_adapt_filt	1.94260760104e-05	1.94260760104e-05	2.91391140155e-05	3.88521520207e-05	6.79912660362e-05	0.000155408608083	0.000174834684093	0.000165121646088	0.00026225202614	0.000378808482202	0.000505077976269	0.000641060508342	0.00101015595254	0.0015055208908	0.00229227696922	0.00405033684816	0.00706137862976	0.0116750716822	0.0191541109462	0.0292945226236	0.0452433310281	0.0685643352785	0.0998208915792	0.141616094115	0.195076655296	0.261552687403	0.339276417521	0.428005019698	0.53341090813	0.657698942444	0.791505754004	0.940367774471	1.10484836005	1.28345170289	1.48567715416	1.70114147623	1.93220493733	2.17666267785	2.42641402407	2.67955522056	2.92763592425	3.1618269836	3.38500345784	3.57579666338	3.71871430459	3.83475596963	3.91107130924	3.92869076018	3.90864304974	3.85514363641	3.7643364441	3.64771199677	3.5138274809	3.36061401941	3.17604687124	2.98639980419	2.80862206958	2.61540060454	2.41360252694	2.20731702579	2.00657766934	1.81081138834	1.61389896886	1.43310047944	1.25364238925	1.07123153551	0.90136992688	0.753945436038	0.62003178106	0.501843534613	0.399079592519	0.312827815033	0.239698351892	0.181274428291	0.137118957519	0.0992866744889	0.0724981156706	0.0536353958646	0.0399788644293	0.0304309480702	0.0228742045022	0.0177748595495	0.0146666873878	0.0117916281383	0.00968389889116	0.0088194385087	0.00800354331626	0.00715850900981	0.00682826571764	0.00709051774378	0.00743047407396	0.00741104799795	0.00739162192194	0.00747903926398	0.00809096065831	0.011325402314	0.0158613910625	0.0202322581648	0.028158097177	0.0470790952111	0.120810766708
PD_169P_1_bbduk_adapt_filt	1.62573473049e-05	2.43860209573e-05	2.43860209573e-05	4.06433682622e-05	6.50293892196e-05	0.000113801431134	0.000195088167659	0.000382047661665	0.000690937260458	0.00108924226943	0.00174766483528	0.00295070853584	0.00498287694895	0.00820183171532	0.012770146308	0.0189072949156	0.0261418144663	0.0368310203192	0.0505766074655	0.0673298038632	0.0897812004913	0.116142489146	0.151274616672	0.19954268082	0.254573801447	0.315229964242	0.390038147865	0.481810873402	0.584898712662	0.69991131617	0.825580610837	0.955322371004	1.08770595011	1.2168218024	1.3509042743	1.48793745473	1.62362127534	1.75868731675	1.88824211742	2.02056066714	2.1592195823	2.29946358883	2.43621226568	2.5650110997	2.68707126327	2.79221565696	2.87546953251	2.94278307903	2.98991312886	3.02779274809	3.04304213986	3.03763657188	3.03362100709	3.02941035414	3.00629240627	2.97824848217	2.95773170987	2.92851725677	2.89310875434	2.84646642492	2.79274402075	2.71696039629	2.60613405971	2.473043286	2.31528198775	2.12587576298	1.91270129644	1.68786218322	1.4698999279	1.25635967105	1.04096607661	0.837765492642	0.658568881974	0.511350473455	0.389298438563	0.288925576303	0.211361772311	0.149722040004	0.101616549329	0.0674598626417	0.04364284884	0.0277919352177	0.0179724974456	0.0117378047541	0.00746212241295	0.00458457193998	0.00278813506279	0.00191023830833	0.00121117237421	0.000747837976025	0.000601521850281	0.000520235113757	0.000438948377232	0.00036579031436	0.000349532967055	0.000357661640708	0.000455205724537	0.000593393176629	0.000853510733507	0.000666551239501	0.000154444799397
PD_169P_2_bbduk_adapt_filt	4.88253078497e-05	4.06877565414e-05	2.44126539248e-05	2.44126539248e-05	4.88253078497e-05	0.000130200820932	0.00023598898794	0.000358052257564	0.000634729002046	0.001082294324	0.00174957353128	0.00277490499612	0.00490694343889	0.00775508639679	0.0121005387954	0.0186594051499	0.027374722601	0.037668725006	0.0490287466324	0.0650271725045	0.0878041786163	0.115089388153	0.149942520406	0.196538139198	0.251930450953	0.315671890351	0.392832151856	0.477820737719	0.574169345209	0.691122232612	0.817530954635	0.940489354903	1.07430324862	1.21254397024	1.33716243098	1.47106583775	1.61026679043	1.73838439823	1.86829226732	2.00932416904	2.14345542725	2.27744020955	2.41326407843	2.53882649512	2.66458421304	2.77449811856	2.86854379903	2.94045533994	2.97907615845	3.00576732674	3.03154708928	3.0419224672	3.03487534777	3.01852700719	2.98686379505	2.96092128148	2.94610280055	2.92121816865	2.89062911328	2.84206420707	2.77706144722	2.70827472601	2.61542526558	2.47260310257	2.30254455533	2.12176885302	1.91025761941	1.68798854298	1.47410114439	1.2595627417	1.0462286966	0.849454568417	0.671396808241	0.520363855959	0.396225510751	0.293952765909	0.216279838671	0.156875714121	0.110125481855	0.0758745283984	0.0529184961577	0.0375954870442	0.0266097927781	0.0193429594598	0.0152334960491	0.0118482747049	0.00993595014741	0.00912219501658	0.0079585251795	0.00754351006277	0.00751095985754	0.00751909740885	0.00738889658792	0.00733193372876	0.00760047292193	0.0103672403667	0.01536369687	0.0205798672586	0.029221946748	0.0535288125059	0.126571473049
PD_16P_1_bbduk_adapt_filt	0.0001360190621	0.000106872120221	8.74408256357e-05	9.71564729286e-05	0.00020402859315	0.000310900713371	0.000398341539007	0.000602370132157	0.000932702140114	0.00146706274122	0.00199170769504	0.00311872278101	0.00568365366632	0.00889953292026	0.0144374518772	0.0228609180801	0.03377158999	0.0478495629173	0.0679706684608	0.0950287461714	0.129111236875	0.169528329613	0.219476472346	0.279723201209	0.3477618792	0.424836109175	0.508769586138	0.604186958201	0.708775901308	0.816755605321	0.93677299633	1.07167475899	1.21582581788	1.36678754551	1.53647132548	1.72402218082	1.91549815767	2.11216229017	2.31695841946	2.53791167019	2.75034429825	2.93260012582	3.10581068575	3.25539279148	3.36441206975	3.43578321476	3.46053868406	3.44612066348	3.3963474024	3.31038335515	3.23967287416	3.15470953858	3.03222437316	2.91002096151	2.79828130199	2.70299023335	2.61403376673	2.51712990063	2.40171772644	2.2782221337	2.1673277355	2.06792694805	1.94772495974	1.80778077613	1.65831525818	1.50343812469	1.33349202224	1.16875350674	1.01367234465	0.857891655959	0.713672587544	0.581034570702	0.464087324238	0.359877291375	0.272747366452	0.204825276228	0.152448221672	0.111302455387	0.0781526668237	0.0543007527198	0.0385905510472	0.027038646416	0.0181876917322	0.0122319999417	0.00839431926103	0.00567393801903	0.00369194597129	0.00268151865283	0.00184597298564	0.00115616202785	0.000903555198236	0.000670379663207	0.000524644953814	0.000495498011936	0.000446919775471	0.000388625891714	0.000369194597129	0.00061208577945	0.000825830019893	0.000592654484864	0.00020402859315
PD_16P_2_bbduk_adapt_filt	0.000136686473839	0.000156213112958	0.000195266391198	0.000185503071638	0.000234319669437	0.000449112699755	0.000536982575794	0.000644379090953	0.00091775203863	0.00123994158411	0.00206006042714	0.00338787188728	0.00514526940806	0.00843550809975	0.0144985295464	0.0229047476875	0.0335077127296	0.0487873078408	0.0681870238063	0.093239701797	0.127518716772	0.169413121003	0.218083269009	0.278303424055	0.346685714252	0.420594043321	0.505212733946	0.596695038222	0.702919955034	0.81415345478	0.93328548005	1.06869295903	1.20972411007	1.35527567807	1.51843051123	1.70565192711	1.89932689722	2.10012909061	2.31202241502	2.52340804681	2.72292148202	2.91710414474	3.09918029122	3.23941085006	3.34921890515	3.42793078744	3.45803110164	3.44562192248	3.39515532367	3.30446384828	3.20413597649	3.09568502281	2.97208139719	2.84742333304	2.72754929549	2.62424361123	2.53124799242	2.44436421165	2.34757066154	2.25024012884	2.15766433278	2.05117580634	1.93606626873	1.80591145567	1.65988148502	1.51109825824	1.34458484315	1.17626521394	1.01443819223	0.853528922565	0.705614631233	0.572716325383	0.454716845182	0.352241043082	0.267632115776	0.202208111405	0.15173174928	0.111907168795	0.0815822982425	0.0595464859958	0.0437494349479	0.0321506113107	0.0235881800567	0.0170467559516	0.0126630254692	0.00990976935329	0.00818166179119	0.00709793332004	0.00666834725941	0.00673669049633	0.00633639439437	0.00651213414645	0.00711745995916	0.00746893946332	0.00793757880219	0.032677830567	0.0842086312041	0.117667527336	0.133894164444	0.166933237835	0.276985375914
PD_170S_1_bbduk_adapt_filt	5.8490614596e-05	4.874217883e-05	3.8993743064e-05	3.8993743064e-05	0.000107232793426	0.000214465586852	0.000253459329916	0.00029245307298	0.000399685866406	0.000662893632088	0.00117956072769	0.00202767463933	0.00372390246261	0.00590755207419	0.00937799520689	0.0152368051023	0.0235522208106	0.0358060045685	0.0513937533583	0.0744293070734	0.103781847165	0.138622756592	0.184713360894	0.241468753924	0.307621639032	0.383016041246	0.467612966823	0.56231902029	0.666529798629	0.781522346924	0.910620881773	1.04466187356	1.18511733607	1.3380312995	1.50479779015	1.69739763558	1.89977516208	2.1004954545	2.312738398	2.52930964697	2.73716579438	2.93690149479	3.11624346757	3.25521716785	3.36128989742	3.43456888908	3.46253715129	3.4501663863	3.40482641155	3.34213422114	3.26829956865	3.17395420731	3.05945882924	2.94735181793	2.83862751383	2.74003183449	2.64933238813	2.56357539869	2.47687281099	2.37677587254	2.27172672873	2.1524448687	2.02522778195	1.87815313155	1.71940960354	1.5497575759	1.36450805104	1.18007739478	1.00215869362	0.838365475876	0.685529499936	0.548563977424	0.430832118678	0.329506877326	0.245377876666	0.178942286921	0.129118031721	0.0925906429054	0.0652950227606	0.0439556968689	0.0285434199228	0.0187169966707	0.0127314571104	0.00859812034561	0.00563459587275	0.00366541184801	0.00258333547799	0.00201792620356	0.00141352318607	0.000935849833536	0.000623899889024	0.0004874217883	0.000448428045236	0.000350943687576	0.000233962458384	0.000155974972256	0.00019496871532	0.000311949944512	0.00034119525181	0.00019496871532	3.8993743064e-05
PD_170S_2_bbduk_adapt_filt	5.85562831282e-05	2.92781415641e-05	3.90375220855e-05	6.83156636496e-05	0.000107353185735	0.000224465751991	0.000273262654598	0.000322059557205	0.000448931503983	0.000663637875453	0.00113208814048	0.00191283858219	0.00316203928892	0.00542621556988	0.00926165211478	0.0155076556485	0.023734813428	0.0359340390797	0.0527592110985	0.0739858637325	0.101790338838	0.140378929419	0.184579163801	0.238080087819	0.301838120765	0.376419306709	0.464526994056	0.555338029807	0.656396415106	0.771625420922	0.892212326644	1.0238566105	1.1672511885	1.31711623578	1.48678306615	1.66251047182	1.85380408941	2.06477261815	2.27226680741	2.48429910862	2.69432097744	2.89247543954	3.06861273919	3.21107041666	3.32301051124	3.40136857745	3.44066960281	3.43670729432	3.39769905037	3.33630278751	3.25695902387	3.16567953786	3.05778958619	2.94867971197	2.84395179959	2.74029741907	2.65439535172	2.57305091508	2.48526528729	2.38819848862	2.27877631422	2.15795518336	2.0309758834	1.88855724345	1.72636609857	1.55390808537	1.36750391742	1.18805818777	1.01561969334	0.850559290579	0.701367640549	0.563526150065	0.441992584432	0.338103978782	0.256417963818	0.193899372199	0.143414096762	0.105508662817	0.0776358720475	0.0559114910069	0.0403257603143	0.0308591612086	0.0241642261709	0.0192064608661	0.0163664811343	0.0142194174196	0.0124724883063	0.0110183406086	0.00994480875128	0.00945683972521	0.00923237397322	0.00909574264592	0.00912502078748	0.00933972715895	0.0095446741499	0.0126579165362	0.0174790505138	0.0227198378537	0.0308201236865	0.0547013278223	0.133791347567
PD_171P_1_bbduk_adapt_filt	1.6440412342e-05	1.6440412342e-05	2.4660618513e-05	4.93212370259e-05	9.04222678809e-05	0.00016440412342	0.000189064741933	0.000238385978959	0.000304147628327	0.000452111339405	0.000797359998586	0.00126591175033	0.00198106968721	0.00333740370542	0.00557329978393	0.00827774761419	0.0130701278119	0.0205998366645	0.0312039026251	0.0465674679587	0.066871377201	0.0932664592161	0.130166964718	0.180910297411	0.241221950088	0.315335328925	0.406382332475	0.512924424657	0.637337245055	0.773291234917	0.92560343506	1.10070204671	1.2994419713	1.51116160144	1.74120407114	2.00190790985	2.28226626152	2.58105431542	2.89119447405	3.2049597436	3.51476287377	3.7925400807	4.0327098444	4.23349660033	4.36848060586	4.42349022556	4.41694694145	4.33234457953	4.17075998683	3.966109734	3.72350678927	3.43635854731	3.12394139157	2.82632060695	2.53844076663	2.27575585823	2.04715192462	1.84852708291	1.67725086713	1.53327395604	1.41142583997	1.29208488678	1.18412069893	1.08500145292	0.982824290216	0.874884762985	0.75958815123	0.655224413684	0.556450416333	0.455473403728	0.367254151101	0.288899145879	0.221690740225	0.165908421149	0.120935673188	0.0869451206706	0.0604842770062	0.04057493766	0.0262224576855	0.0171966713097	0.0114507471962	0.00729132287367	0.00445535174468	0.00269622762409	0.00175090391442	0.00106862680223	0.000706937730705	0.000484992164088	0.000304147628327	0.000238385978959	0.000189064741933	0.000139743504907	0.000139743504907	0.000139743504907	0.000156183917249	0.000180844535762	0.000238385978959	0.000320588040669	0.000616515462824	0.000534313401114	0.000115082886394
PD_171P_2_bbduk_adapt_filt	4.93584430702e-05	4.93584430702e-05	5.75848502485e-05	6.58112574269e-05	9.87168861404e-05	0.000148075329211	0.000213886586637	0.000246792215351	0.000271471436886	0.00045245239481	0.000723923831696	0.00133267796289	0.00232807323148	0.00341395897902	0.00525667418697	0.00783976604098	0.0124712332824	0.0191181702825	0.0288829156032	0.0436986749315	0.0636806179677	0.0916010439311	0.128405989647	0.174687756433	0.233769812788	0.307453741884	0.391338415882	0.494382392198	0.619209894723	0.749466825985	0.897830079447	1.0700252345	1.2630085205	1.47047028313	1.70003640185	1.95511260923	2.22483182139	2.51371856227	2.82445464062	3.14727531111	3.45170996156	3.73324229443	3.98568605151	4.19276939941	4.34541861101	4.41570503394	4.40345591366	4.33510269641	4.20533112317	4.00521554215	3.75889223201	3.47139575394	3.15685907548	2.85888215466	2.57504642779	2.30294155755	2.06898253739	1.86950861613	1.69668825413	1.55115488474	1.42945341694	1.3151557156	1.20633680145	1.10494633298	0.996004022713	0.890105483106	0.781270116136	0.670953995874	0.567745491415	0.467482040725	0.376876392062	0.29828129788	0.230117288	0.172178702243	0.127130896534	0.0925882127925	0.0651284656311	0.0451958810379	0.0311451775773	0.0217670733939	0.0156137208245	0.0118953847799	0.00915599118952	0.00709116298775	0.00613689975506	0.00588188113253	0.00522376855826	0.00461501442706	0.00444225987632	0.00421192047532	0.00426127891839	0.00435999580453	0.00468082568449	0.00491939149266	0.00542942873772	0.00759297382563	0.0104722163381	0.0139355337601	0.0196446603419	0.0378579258348	0.0912473084224
PD_172S_1_bbduk_adapt_filt	0.0	1.36827880925e-05	2.73655761849e-05	2.73655761849e-05	2.73655761849e-05	0.000123145092832	0.000246290185664	0.000424166430867	0.000752553345086	0.00121776814023	0.00236712234	0.00432376103722	0.00670456616531	0.0103031394336	0.0159951792801	0.0245742874141	0.0363414851736	0.0511462618897	0.070288482431	0.0941512648643	0.124896489708	0.162715715996	0.208238351979	0.262736896952	0.323981056454	0.395843059515	0.476858847811	0.571543741411	0.679555670613	0.789879991002	0.900176945816	1.02397881248	1.15720812013	1.29970067533	1.45697064166	1.61430902194	1.77702473793	1.94093085649	2.11494855545	2.28992404958	2.44415643696	2.58994654408	2.7280469243	2.83477267142	2.90793453935	2.96117426782	2.99406769039	2.99814516125	2.97759361353	2.94738201742	2.91355816526	2.8685828408	2.81173085627	2.78336643656	2.75336008227	2.72570716754	2.71996039654	2.7057576625	2.67872047323	2.63707006627	2.59754049147	2.54950022248	2.46372282393	2.33994832285	2.19109327119	2.01596726639	1.80588173802	1.58465842014	1.37507915493	1.15972575314	0.951049551943	0.768069626783	0.60554546982	0.463244473659	0.349020558663	0.255115583984	0.181242211073	0.135528016056	0.121489475473	0.0933166147907	0.0457689261693	0.0228913044787	0.0151194808422	0.0110283272025	0.00760763017941	0.00478897583237	0.00240817070427	0.00125881650451	0.000875698437918	0.000656773828439	0.000506263159421	0.000410483642774	0.000369435278497	0.000369435278497	0.000437849218959	0.000424166430867	0.000506263159421	0.00117671977595	0.00261341252566	0.00213451494243	0.000396800854682
PD_172S_2_bbduk_adapt_filt	0.0	2.75870782677e-05	6.89676956693e-05	6.89676956693e-05	2.75870782677e-05	9.6554773937e-05	0.000275870782677	0.000413806174016	0.000717264034961	0.00143452806992	0.00226214041795	0.0035449395574	0.00626226676677	0.0105520574374	0.016179821404	0.0248835445975	0.0364011497742	0.049877437508	0.0671469485036	0.0919477318663	0.124679800231	0.163136187336	0.208310028	0.261925514613	0.324548182281	0.39828844249	0.483215262937	0.569066250506	0.667317629757	0.77890736135	0.892648885048	1.01858389734	1.14962251911	1.2842612546	1.43912131845	1.60049193278	1.76543507374	1.93424040566	2.0988938823	2.27317524926	2.43333203214	2.58329538961	2.72175493543	2.81970285682	2.89897432622	2.96137629727	2.98555637137	2.98625984186	2.96730751909	2.93343058698	2.89560870267	2.84159320343	2.77394968751	2.7123339482	2.66983605413	2.64329728484	2.6237932205	2.60565471654	2.58758518028	2.5678190387	2.54453554464	2.50905856199	2.42940087349	2.31236269394	2.1706892535	2.00009076149	1.80165690751	1.59057437814	1.37161573793	1.14825695874	0.939367602094	0.745761486811	0.580376952596	0.439820788822	0.320865307332	0.22980036197	0.164612096023	0.113493239993	0.0760024006276	0.0521119908477	0.0355321568088	0.0248697510583	0.0187040390655	0.014731499795	0.0112003537767	0.00964168385457	0.00942098722842	0.00896580043701	0.00860716841953	0.00882786504567	0.00940719368929	0.0102485995765	0.0112417343941	0.0122762498291	0.0135728425077	0.0438082802891	0.0948167880061	0.146735669306	0.210654929652	0.277015646425	0.518747419746
PD_173P_1_bbduk_adapt_filt	0.000112816075388	0.000169224113082	0.000263237509239	0.000253836169623	0.000206829471545	0.000291441528086	0.00041365894309	0.000535876358094	0.000930732621953	0.00172044514967	0.00313064609202	0.00547157965633	0.00934493157799	0.0158788626109	0.027226279527	0.0447691792499	0.0668059193091	0.0945398711753	0.132229841695	0.179988646942	0.234554022072	0.297872044383	0.36840089418	0.446883277292	0.534635381265	0.626533476008	0.723818538351	0.821855707864	0.919215980924	1.01915222104	1.11690735036	1.2142864261	1.30847844771	1.40338497113	1.50822871053	1.61173745969	1.71297108468	1.82051300854	1.92946513335	2.0459759352	2.17154022711	2.29427471579	2.41154702616	2.52438190423	2.6248540207	2.71145916124	2.7788479636	2.83409023519	2.88457542892	2.90500453991	2.90786254715	2.90801296858	2.90119699736	2.89054527958	2.86369505364	2.8445351235	2.83485174369	2.82003523246	2.78240166998	2.72311682236	2.65344349447	2.55078086587	2.42532939004	2.27198413956	2.09848241696	1.90873517949	1.69542818495	1.48567489679	1.28260596109	1.07895414233	0.88383873995	0.709030231136	0.560319841095	0.429754036512	0.322230915328	0.237872694956	0.171301809137	0.121418301137	0.0826659792407	0.0554867064118	0.0370036727273	0.0238888039635	0.0155404143847	0.00985260391724	0.0065339310329	0.00432461622321	0.00280159920547	0.00194607730045	0.0012597795085	0.000799113867333	0.000648692433482	0.000488869660016	0.000357250905396	0.000423060282706	0.000441862961937	0.000376053584627	0.000366652245012	0.00041365894309	0.000667495112714	0.000498270999631	4.70066980784e-05
PD_173P_2_bbduk_adapt_filt	7.52814278553e-05	0.000188203569638	0.000272895175976	0.000225844283566	0.000235254462048	0.000282305354457	0.000329356246867	0.000498739459541	0.000752814278553	0.00150562855711	0.00289833497243	0.00515677780809	0.0094195886604	0.0170324230523	0.0282681761597	0.0441431472587	0.0659465308013	0.0935183537533	0.130509765366	0.177353633849	0.23288309707	0.296411212002	0.370139960408	0.450860471425	0.532832536181	0.618164034655	0.715013591591	0.81965477631	0.916015003965	1.01119895931	1.11259363245	1.20460635765	1.29477468786	1.38795427519	1.48050338056	1.58481520903	1.68893883393	1.79578200042	1.91334336019	2.0314599205	2.15081862436	2.26990443305	2.38854796335	2.50938406524	2.61572849226	2.70304553839	2.76953785955	2.82162319745	2.87032087109	2.89627414334	2.90160971454	2.90090395116	2.90279539703	2.887240372	2.85502933106	2.84200564404	2.83962486888	2.81525250661	2.76581142887	2.71975801538	2.64991567069	2.54759880005	2.42518178818	2.26971622948	2.09879915771	1.91135781253	1.70386337701	1.49134390617	1.28202389602	1.07921572938	0.891859075802	0.720443264575	0.567047945142	0.436651101918	0.328424639197	0.243159011973	0.177165430279	0.126915077186	0.0903094828909	0.0635751658238	0.0447077579676	0.0318158134474	0.0229608354959	0.0171359350156	0.0130801480899	0.0107934747188	0.00903377134264	0.00795160081722	0.00758460385642	0.00694471171965	0.00678473868546	0.00679414886394	0.00682237939939	0.00706704403992	0.00746227153616	0.0102853250807	0.0161196357395	0.0212858237261	0.0269789817076	0.0444066322562	0.107643031655
PD_174S_1_bbduk_adapt_filt	0.0	0.0	0.0	3.91388896336e-05	9.7847224084e-05	0.000136986113718	0.000156555558534	0.000205479170576	0.000401173618745	0.00067514584618	0.00117416668901	0.00202543753854	0.00329745145163	0.00550879871593	0.0087279723883	0.0137866738734	0.0201076045493	0.0286203130446	0.0411447577273	0.0576515844303	0.0798726890198	0.11111530767	0.151633843163	0.204050601105	0.26972565791	0.350283277498	0.44840447381	0.560067725935	0.694901200722	0.853717030133	1.02175985278	1.19330560604	1.37894135957	1.58274734262	1.80751220106	2.04414592778	2.28913580745	2.54647400679	2.79317621287	3.03818566198	3.26537713158	3.45178587818	3.60714770058	3.71197143174	3.78410440534	3.81998498241	3.78882064154	3.71861525826	3.6275488468	3.49381126092	3.33660012599	3.17084692839	2.99280411945	2.82131707452	2.65705115472	2.49276566549	2.34540774602	2.21397935463	2.07898932428	1.94777619678	1.82110318048	1.69665129617	1.57230704381	1.43378472867	1.2857712328	1.14199452173	0.994861650874	0.856045794066	0.725586090195	0.598277066939	0.485410293959	0.383502410075	0.295430123677	0.224207129266	0.165890183712	0.121927425931	0.0902151406055	0.0642954109456	0.0413013132859	0.0255772643756	0.0160078058601	0.010469652977	0.00696672235478	0.00394324313059	0.00238747226765	0.00149706252849	0.000890409739165	0.000655576401363	0.00043052778597	0.00024461806021	0.000234833337802	0.000254402782618	0.000254402782618	0.000264187505027	0.000283756949844	0.000234833337802	0.000205479170576	0.000264187505027	0.000352250006703	0.000313111117069	8.80625016756e-05
PD_174S_2_bbduk_adapt_filt	3.92158093045e-05	2.94118569784e-05	1.96079046522e-05	3.92158093045e-05	9.80395232612e-05	0.000166667189544	0.00017647114187	0.000235294855827	0.000382354140719	0.000598041091894	0.00101961104192	0.00179412327568	0.00317648055366	0.00549021330263	0.00861767409466	0.0137549451136	0.0195882967476	0.0273824388469	0.0412550313883	0.057147238109	0.0781178921346	0.109176813104	0.149000467452	0.200167294642	0.264294946808	0.345069710023	0.441119030962	0.552354674054	0.687404117346	0.835110463092	1.00028745188	1.17771938108	1.36006309039	1.56195588065	1.78315265303	2.01580044173	2.26141885935	2.5147039677	2.76163611494	2.99766626719	3.2185493131	3.41547149952	3.56613863887	3.6629918839	3.72915875815	3.77034516187	3.75986473683	3.68806058999	3.58563870004	3.46894225551	3.31894178492	3.15260792975	2.9808622929	2.80570488064	2.63481218765	2.47649796548	2.33720341083	2.20764418084	2.08048691917	1.95632966692	1.83283908342	1.70061317839	1.56214215574	1.42642604369	1.2869550179	1.1521114576	1.00948355916	0.864541927975	0.735894465551	0.61062936668	0.498236857214	0.398687525294	0.312197057873	0.239177220948	0.181677040555	0.138235727798	0.103108166614	0.0767649467136	0.0585884191009	0.0450981807002	0.0350393256136	0.0284412656981	0.0244020373397	0.0219020294966	0.0198922192697	0.0184020185161	0.0173529956172	0.0165000517649	0.0156765197695	0.015421617009	0.0155882841985	0.0155588723416	0.0157059316265	0.0154706367706	0.0161176976241	0.0206373196465	0.026333415948	0.0326961810076	0.0431373902349	0.0663041295816	0.19253001578
PD_175P_1_bbduk_adapt_filt	0.0	0.0	2.23436899688e-05	2.23436899688e-05	1.11718449844e-05	6.70310699064e-05	0.000134062139813	0.000156405829782	0.000212265054703	0.000424530109407	0.00073734176897	0.00116187187838	0.0017874951975	0.00265889910629	0.00473686227338	0.00801021285381	0.0124789508476	0.0189139335586	0.0282982833455	0.0420284808313	0.0616685843139	0.0881793724618	0.121270377306	0.164069715441	0.220208236487	0.285786966546	0.362202386239	0.449834338297	0.553732496652	0.666758052359	0.787536868485	0.929095316282	1.08356841688	1.25134718486	1.44704439345	1.66383404537	1.89605201522	2.13104060262	2.37333557664	2.62927137339	2.88265998948	3.12472035476	3.34864881562	3.53221340056	3.66734803749	3.77338001824	3.82668089066	3.82088270311	3.75932583725	3.65035566127	3.52411381295	3.37447812123	3.21281035246	3.05057281959	2.88591099637	2.72533806841	2.57668549905	2.43261338613	2.28903283439	2.15552928682	2.02671791415	1.9004425503	1.78140654199	1.66298498515	1.53226322699	1.3899115782	1.22681381327	1.07566992248	0.938814821419	0.790676156926	0.64797818094	0.522127347191	0.415782554784	0.325145376426	0.249243861602	0.184681769437	0.131492615466	0.0927710007504	0.0636460008761	0.0430674624148	0.0302086688378	0.020746116136	0.0137860567107	0.00903802259238	0.00614451474142	0.00403303603937	0.00231257191177	0.00153054276286	0.00106132527352	0.000692654389032	0.000647967009095	0.000547420404235	0.000424530109407	0.000379842729469	0.000379842729469	0.000435701954391	0.000659138854079	0.000938434978689	0.00155288645283	0.00140765246803	0.000435701954391
PD_175P_2_bbduk_adapt_filt	0.0	1.12185448829e-05	2.24370897659e-05	1.12185448829e-05	3.36556346488e-05	7.85298141805e-05	0.000100966903946	0.000123403993712	0.000280463622073	0.00038143052602	0.000628238513444	0.00112185448829	0.00164912609779	0.00264757659237	0.00485762993431	0.00825684903384	0.0128115782563	0.0182301354348	0.025679249237	0.0395117150777	0.0618029637601	0.0891313390949	0.120689105851	0.162635245168	0.215497028656	0.281305012939	0.358253012291	0.446296152533	0.546287043074	0.654400160111	0.778959663946	0.921255687241	1.07557799065	1.23648557991	1.42232077589	1.63963520882	1.87373258489	2.10481217239	2.34391301948	2.60133375036	2.85684732862	3.10412649493	3.32402119318	3.50165563285	3.64786692831	3.75265935606	3.79333779981	3.78602330855	3.73240988255	3.627168713	3.50358522257	3.35765439074	3.19133946285	3.02437385935	2.85409878512	2.6856523337	2.52796446683	2.37761352831	2.24164476433	2.12509530154	2.00229710925	1.88646563333	1.78170686122	1.66567345149	1.53100603872	1.38176573614	1.22110495487	1.07170759267	0.926371343708	0.772632404632	0.63339904409	0.514291753068	0.409409576958	0.319190039009	0.246987484143	0.186452215954	0.139222141997	0.102817963852	0.0757251779598	0.0567097443832	0.0421929473047	0.0328927735968	0.026161646667	0.0212591425532	0.0181852612552	0.0159864264582	0.0146065454376	0.0137090618469	0.0131144789681	0.0133837240453	0.0141465850974	0.0134734724044	0.013125697513	0.0140680552832	0.0143821745399	0.0300657002863	0.0619936790231	0.0857994312646	0.104130533603	0.141510725153	0.304976142642
PD_176S_1_bbduk_adapt_filt	3.60704882267e-05	4.50881102834e-05	3.60704882267e-05	2.705286617e-05	9.01762205667e-05	0.000144281952907	0.00021642292936	0.000360704882267	0.000739445008647	0.00123541422176	0.00206503545098	0.00330044967274	0.00548271421046	0.00958573224624	0.0162136844579	0.0251230950499	0.0375674134881	0.0557739924205	0.0775605673094	0.103026331997	0.13872709772	0.183824225625	0.233159635897	0.291810249754	0.362057525575	0.438220361466	0.525411749132	0.62405551681	0.728181998698	0.8449060986	0.9689885781	1.10293633613	1.25343143063	1.41644298455	1.59895965498	1.80135116442	2.00840478446	2.22413335692	2.45623793104	2.69534017987	2.91924773554	3.12497576514	3.30933203047	3.44873544984	3.54295156509	3.59233206347	3.59533493162	3.54617987379	3.45417307594	3.34072237285	3.21131949633	3.05443090779	2.89588307679	2.74869744958	2.61498414973	2.50538397125	2.40804775877	2.32590623946	2.24453121802	2.16670913967	2.08943713626	2.00059552376	1.90630726754	1.78321672646	1.640260364	1.48251510136	1.30499419355	1.13011544901	0.960475942878	0.802342922492	0.653101277454	0.518892008385	0.401248111034	0.3007827837	0.223871485179	0.161983545004	0.115714126231	0.080987263691	0.0540516266077	0.0363049464002	0.0236892931429	0.0148610411494	0.00960376749035	0.0062221592191	0.0039136479726	0.00244377557736	0.00161415434814	0.00112720275708	0.00073042738659	0.00043284585872	0.000333652016097	0.000279546283757	0.0002705286617	0.000306599149927	0.000315616771983	0.000288563905813	0.000225440551417	0.000225440551417	0.00037874012638	0.000333652016097	0.000117229086737
PD_176S_2_bbduk_adapt_filt	3.60997406956e-05	3.60997406956e-05	4.51246758695e-05	4.51246758695e-05	9.02493517389e-05	0.000153423897956	0.000216598444173	0.00032489766626	0.00069492000839	0.00113714183191	0.0020396353493	0.00344752523643	0.00558643487264	0.00947618193259	0.0156041129157	0.024132676655	0.0366231869356	0.0534817658405	0.0744557151846	0.100555827707	0.136962416199	0.180543828154	0.228673807436	0.287606634122	0.354309929992	0.429632038953	0.515775045188	0.611394233355	0.720704248181	0.832243421995	0.9484755621	1.08354274191	1.23236392293	1.39504740437	1.57181880963	1.76609858911	1.97379844721	2.18373648922	2.40758195634	2.63851199757	2.8640812273	3.07195255916	3.26003220819	3.41412395135	3.51087125641	3.57209641663	3.57930733984	3.5322423029	3.45618917419	3.34372945699	3.21481728297	3.06397451647	2.91081234163	2.76956308123	2.62692398081	2.5154389566	2.42470225836	2.34589652443	2.26614317229	2.1788810741	2.09981361704	2.01783110592	1.91686915613	1.78966269485	1.65298005164	1.49840096199	1.32551930379	1.15316109184	0.981569999383	0.819229465475	0.668161075599	0.530864736799	0.41026452807	0.311188789731	0.234305366985	0.17099544674	0.123018891355	0.0886248634076	0.0635987181704	0.0456300722392	0.032074619608	0.0236092304149	0.0177610724222	0.0132666547056	0.0105681990886	0.0087812619242	0.00758094554607	0.00666942709351	0.00599255695546	0.00583010812233	0.00579400838164	0.00557740993746	0.00564058448368	0.00612793098307	0.00630842968655	0.00797804269372	0.0122017123551	0.0162629331834	0.0213981212973	0.0360907157604	0.0940127497064
PD_177P_1_bbduk_adapt_filt	2.4406411662e-05	2.4406411662e-05	2.4406411662e-05	3.6609617493e-05	3.6609617493e-05	3.6609617493e-05	3.6609617493e-05	4.88128233239e-05	8.54224408169e-05	0.000146438469972	0.00036609617493	0.000732192349859	0.00109828852479	0.00181827766882	0.00319723992772	0.00545483300645	0.00934765566653	0.0148268950846	0.023393545578	0.0361214892597	0.0525348011024	0.0783933942582	0.115088434192	0.160484359883	0.217009609292	0.283553690689	0.36574228196	0.463953682488	0.575820470341	0.695497309925	0.823423516652	0.98008827311	1.15646120698	1.34293839529	1.53910492902	1.76158157453	2.01585977443	2.27693515997	2.54690668257	2.82058797974	3.08658125724	3.34339772396	3.57555151168	3.75035023201	3.89093116318	3.98795885274	4.01375642987	3.98102743183	3.89007693877	3.75596370669	3.56970617609	3.35444162523	3.13633372742	2.90302063513	2.67679760544	2.47692129713	2.29619181878	2.14084500855	2.01533503658	1.90528652639	1.80575717963	1.71284197044	1.62396602237	1.53681072633	1.42385785315	1.29864075812	1.174485342	1.03885891239	0.898436622895	0.761821733617	0.633834510861	0.51133873073	0.398471279999	0.304299140601	0.229225018329	0.169002197553	0.120616486433	0.0833478958256	0.0563666077333	0.0363289437588	0.0227101660515	0.0143021572339	0.00905477872659	0.00546703621228	0.00319723992772	0.00206234178544	0.00135455584724	0.000890834025662	0.000634566703211	0.000451518615746	0.000280673734113	0.000207454499127	0.000146438469972	0.000183048087465	0.00024406411662	0.00024406411662	0.000268470528282	0.000292876939944	0.000268470528282	0.00012203205831	1.2203205831e-05
PD_177P_2_bbduk_adapt_filt	4.88535118897e-05	3.66401339172e-05	1.22133779724e-05	1.22133779724e-05	2.44267559448e-05	3.66401339172e-05	4.88535118897e-05	8.54936458069e-05	0.000109920401752	0.000146560535669	0.000329761205255	0.000732802678345	0.00122133779724	0.00178315318397	0.00301670435919	0.00499527159072	0.00873256525028	0.0142285853379	0.0215566121213	0.0343928723703	0.052261044344	0.0763702524615	0.110921898745	0.15510990025	0.209667059652	0.275484953546	0.355592499667	0.44893934751	0.556441500423	0.676266951711	0.804312006373	0.952887749408	1.12096825706	1.30300865574	1.51035517358	1.73335924198	1.97424369573	2.22936894819	2.48807272041	2.76567058834	3.05051098941	3.30851859908	3.54122008959	3.75367179942	3.90128268559	3.97577207785	4.00971305523	3.98305125112	3.89691029628	3.75858157737	3.57252297733	3.35556453103	3.14325938174	2.93272517225	2.7005977105	2.48793837325	2.31058791171	2.15886111716	2.02556430997	1.91320123262	1.81713080149	1.73185699649	1.64681524567	1.5509890821	1.43899240609	1.320498213	1.1859312145	1.04374306814	0.903997597384	0.765351330641	0.637526116782	0.516296127028	0.403407874429	0.307813765039	0.228768782801	0.165930953133	0.120668174367	0.0857623401223	0.0597356316631	0.0408171091838	0.0290678395743	0.0206894622853	0.0144239993854	0.0104546515444	0.00821960337544	0.00696162544428	0.00577692778095	0.00508076523652	0.00487313781099	0.0048242842991	0.00470215051938	0.00498305821275	0.00533724617395	0.00556930035542	0.00631431641174	0.0100882502052	0.0144850662753	0.0179658789974	0.0253793994267	0.0441513613703	0.107709780339
PD_178S_1_bbduk_adapt_filt	0.0	0.0	0.0	3.02876753694e-05	3.78595942118e-05	6.05753507389e-05	0.000113578782635	0.000166582214532	0.000310448672537	0.000590609669704	0.000976777530664	0.00150681184963	0.00240787019187	0.00403583274298	0.00636798374642	0.00998736095307	0.0150529746586	0.0221705783704	0.0313856036016	0.0460448384804	0.0654062349603	0.0905525774357	0.121582300852	0.159411607388	0.209280264884	0.267788481779	0.336382494572	0.414759426509	0.506046480072	0.613120984422	0.732817877482	0.861124042266	1.00390771588	1.16713557036	1.34759711213	1.5429677621	1.75632929124	1.98781042217	2.2309447362	2.47288268705	2.71199631217	2.95217757785	3.17279300524	3.36043272608	3.51078074661	3.61858972709	3.6660959459	3.66345334623	3.62584362534	3.5372597468	3.41588188776	3.27808053675	3.12434786849	2.96187720589	2.81006780502	2.67287220751	2.54916976939	2.45684536294	2.3736829783	2.29273159395	2.21595990881	2.13525082587	2.05063463281	1.94098567605	1.80872696963	1.66548898089	1.50558519878	1.33898784041	1.16652981685	0.987423648556	0.81459460098	0.65741670965	0.520690571113	0.399918465578	0.299015075085	0.221675496029	0.161334874774	0.113730221012	0.0770745618963	0.049474917716	0.0314840385465	0.0197021328278	0.0120772105536	0.00773850105689	0.004611298575	0.00275617845862	0.00171882557721	0.00110550015098	0.000810195316132	0.000575465832019	0.000439171292857	0.000363452104433	0.000318020591379	0.00025744524064	0.000189297971059	0.000174154133374	0.000189297971059	0.000249873321798	0.000348308266748	0.00025744524064	6.05753507389e-05
PD_178S_2_bbduk_adapt_filt	3.03160937834e-05	1.51580468917e-05	7.57902344586e-06	3.78951172293e-05	5.3053164121e-05	8.33692579045e-05	0.000121264375134	0.000166738515809	0.000242528750268	0.000469899453643	0.000871587696274	0.00135664519681	0.00226612801031	0.00394109219185	0.00640427481175	0.00994367876097	0.0147942537663	0.0225021206108	0.031991057965	0.0455802470034	0.0654221303847	0.0882804650974	0.119771307515	0.159758235215	0.206657232298	0.260832091889	0.328308137628	0.40727398291	0.497903945276	0.607231358482	0.721523032046	0.850487695001	0.995800311528	1.15177661404	1.32911818365	1.52048852566	1.72450067878	1.94249613015	2.17529341431	2.42681846541	2.67752498198	2.91372524767	3.13482809865	3.32286367035	3.47392118664	3.59269964209	3.65061853926	3.65504468895	3.62309910513	3.54405746961	3.42971274288	3.28075461608	3.12296692696	2.96792284433	2.82077610413	2.68796887629	2.56346825814	2.46225797904	2.37174928105	2.29761885273	2.22805099652	2.14334783049	2.04712454882	1.93537184811	1.81665402486	1.6774425222	1.51480425808	1.34675457121	1.17184586813	0.996740110435	0.826295452162	0.669856829215	0.531130384062	0.408600312013	0.306503287174	0.225301629975	0.165116604792	0.118338872084	0.0821187190359	0.0568047807267	0.0409267266076	0.0293080836651	0.0207134710775	0.0158174219315	0.0125660208732	0.0103908411443	0.00903419594747	0.00798829071194	0.00776092000856	0.0076851297741	0.00718491422668	0.00720765129701	0.00766239270377	0.00777607805545	0.00780639414924	0.010080101183	0.0138696129059	0.0170679608001	0.0234343404946	0.042412215203	0.110903850083
PD_179P_1_bbduk_adapt_filt	3.28781031176e-05	3.28781031176e-05	5.75366804557e-05	8.21952577939e-05	9.86343093527e-05	0.00013151241247	0.000189049092926	0.000320561505396	0.000501391072543	0.00101100167087	0.0021946133831	0.00423305577639	0.00693727975781	0.0109073107093	0.0170144183633	0.0240585519563	0.0343987153868	0.0492103008412	0.0667014516998	0.0899380510781	0.12064619939	0.160815021874	0.207575904033	0.269247005956	0.34343644564	0.422434307906	0.51575058408	0.619801560921	0.735614679152	0.864233818548	1.00043136071	1.14308945014	1.29175601291	1.4514285207	1.63127174476	1.81833171244	2.01155632446	2.21410187872	2.42215451525	2.63730882205	2.84028179165	3.02485124302	3.20117651004	3.36301075311	3.48271170704	3.57218124515	3.65207503572	3.69334527466	3.70702256556	3.71488865173	3.6979810872	3.65462308871	3.59513838065	3.49516428859	3.34691692164	3.17081358181	2.96308150679	2.72725509265	2.46693449169	2.20062185644	1.94592341112	1.70154047064	1.47418016806	1.26918519512	1.08376913259	0.922970549768	0.77682738141	0.6525399321	0.544946339648	0.44441331984	0.359538496642	0.281469440789	0.215302258265	0.161908218802	0.119454368152	0.0861981668485	0.0627396402741	0.0466375892723	0.0328698835918	0.0205488144485	0.0121813372051	0.00758662229438	0.00551530179797	0.00364124992027	0.00206310097063	0.00134800222782	0.000920586887292	0.00067400111391	0.000460293443646	0.000345220082734	0.000295902928058	0.000263024824941	0.000213707670264	0.000205488144485	0.000254805299161	0.000246585773382	0.000230146721823	0.000369878660073	0.000608244907675	0.000419195814749	8.21952577939e-05
PD_179P_2_bbduk_adapt_filt	4.93663865426e-05	5.7594117633e-05	6.58218487235e-05	7.40495798139e-05	7.40495798139e-05	0.000123415966356	0.00019746554617	0.000394931092341	0.000608852100692	0.00116833781484	0.00234490336077	0.00399044957886	0.0065328184858	0.0108194663839	0.0166858386514	0.0240249747841	0.03402989579	0.0479018504085	0.0666117109081	0.0899126453562	0.119285645349	0.158770526852	0.206203396588	0.266734814221	0.338809738573	0.418157977209	0.507058611641	0.606062899852	0.719959381337	0.845531013239	0.977462681274	1.12199923334	1.28118937448	1.43894789041	1.60691702062	1.79077389956	1.982356618	2.17925445073	2.38097373387	2.5948618313	2.80717843209	3.00563130599	3.18376991183	3.33488864877	3.45738310924	3.55744877476	3.62784524197	3.6726287823	3.70163153439	3.70461820078	3.69272912935	3.65741570751	3.59405395038	3.49534586049	3.34345371683	3.16279742528	2.96065852785	2.72539478505	2.47143763721	2.20999325408	1.95656268104	1.71719330042	1.48871743577	1.28167481061	1.09967739889	0.940536624141	0.795489952747	0.670806915803	0.560728101544	0.459378909972	0.370593463775	0.291878760433	0.224312632718	0.169836825169	0.128352605011	0.0941828377922	0.0685945941009	0.050765100828	0.0369754235204	0.0266249378086	0.0195737722641	0.0150485201644	0.0119795764677	0.00990618823288	0.00849924621642	0.00752014621665	0.0067056008387	0.00672205630088	0.00682078907397	0.00598156050274	0.00542207478859	0.00571004537676	0.00642585798163	0.0067961058807	0.00673028403197	0.0100460596614	0.0155257285676	0.0199933865497	0.0259173529349	0.0440019058716	0.108507317621
PD_180S_1_bbduk_adapt_filt	3.85507500868e-05	3.85507500868e-05	3.85507500868e-05	4.81884376085e-05	5.78261251301e-05	6.74638126518e-05	7.71015001735e-05	0.000106014562739	0.000154203000347	0.000346956750781	0.000597536626345	0.00123362400278	0.00210101587973	0.00333463988251	0.00588862707575	0.00978225283452	0.0161913150364	0.025530234245	0.0368063286453	0.053094020557	0.0782580226761	0.112336885753	0.155012566099	0.209282384534	0.280138663193	0.364314226007	0.463466755231	0.580429730994	0.718036633429	0.877376521225	1.05571229113	1.25324633457	1.46420567673	1.69039256518	1.93649091605	2.19762405945	2.48357424821	2.77446857068	3.04889208517	3.32067487329	3.58664613582	3.80884302163	3.97370530438	4.09864828541	4.15938499217	4.14401288058	4.06851123653	3.92864911522	3.74044435329	3.52995725782	3.30650747263	3.06081390464	2.81126526164	2.59015743452	2.38579990831	2.2011321777	2.05273106524	1.92247771839	1.79686009923	1.68626763492	1.57765089655	1.46459118423	1.35152183423	1.22814979626	1.10001674066	0.973618468816	0.844733673589	0.723134970128	0.605439530113	0.49212923792	0.394412724138	0.3111816547	0.239351969601	0.177372001149	0.13101472417	0.0980152820956	0.0702298289706	0.0477932924201	0.0315056005084	0.0210390718599	0.0139746469065	0.00944493377126	0.00629340995166	0.00418275638441	0.00274674094368	0.00185043600416	0.00122398631525	0.000809565751822	0.000491522063606	0.000327681375737	0.000279492938129	0.000269855250607	0.000298768313172	0.000269855250607	0.000192753750434	0.000202391437956	0.000269855250607	0.000443333625998	0.000665000438997	0.000472246688563	0.000106014562739
PD_180S_2_bbduk_adapt_filt	1.93027611056e-05	1.93027611056e-05	1.93027611056e-05	3.86055222111e-05	7.72110444222e-05	8.6862424975e-05	7.72110444222e-05	9.65138055278e-05	0.000164073469397	0.000337798319347	0.000714202160906	0.00117746842744	0.00192062473	0.00335868043237	0.00584873661498	0.00925567395011	0.0153167409373	0.0244759010818	0.0349476489816	0.0510751058853	0.0776743106887	0.109166765432	0.147000177199	0.203180863397	0.271975903977	0.350364416827	0.451617050206	0.568389103514	0.702919697039	0.859648465836	1.0284028548	1.2197221715	1.4274681379	1.64502955832	1.88422937394	2.14900534802	2.43796768177	2.72261584842	2.99396441266	3.2758329817	3.52883427151	3.75150127224	3.94114124873	4.068056903	4.12925630708	4.12094646842	4.05087744561	3.92102777165	3.74339411258	3.53731783502	3.31227659467	3.0672956021	2.83082712717	2.60089263688	2.38790597085	2.21033987144	2.06166035402	1.93052704645	1.80784834824	1.69785156408	1.58535507236	1.47477920537	1.36717596358	1.24897550595	1.11754300559	0.986293881449	0.858876355392	0.733447013728	0.613760243493	0.508289956812	0.411805105426	0.323070312624	0.253541767121	0.192245849231	0.141884945506	0.105402727017	0.078359558708	0.0592498252135	0.0440102953207	0.032457592799	0.0252673142872	0.0209241930384	0.0180094761115	0.014998245379	0.0127591250908	0.0115333997606	0.0113693262912	0.0111280417774	0.0101822064832	0.00977684849996	0.0101918578637	0.0104620965192	0.010423490997	0.0103269771915	0.0107709406969	0.0147762636263	0.01937997215	0.0233466895572	0.0313187298938	0.0527158405793	0.148833939504
PD_181P_1_bbduk_adapt_filt	5.28349750628e-05	7.0446633417e-05	7.0446633417e-05	0.000105669950126	0.000193728241897	0.000317009850377	0.000449097288034	0.000563573067336	0.000801330455119	0.00129445688904	0.0024656321696	0.00432366212597	0.00752017811727	0.0129797922071	0.0215214465089	0.0350824234417	0.0559170152748	0.0846856591964	0.121802229178	0.169133561005	0.227014276186	0.296404210102	0.377919770795	0.47525060069	0.581572182174	0.68253101369	0.789002294271	0.905027899509	1.02710310939	1.15042874702	1.2675550809	1.39512512819	1.53166831541	1.67248232978	1.82744731164	1.99764637798	2.17856213842	2.36034087013	2.54158244625	2.72389833353	2.88885793151	3.03070222789	3.15359637989	3.2368995239	3.25758441664	3.25007304435	3.21820474856	3.14224566608	3.04713390514	2.93597792343	2.82324569831	2.70995870594	2.60121552144	2.50514392511	2.41712085666	2.3452124556	2.28952439188	2.23838894185	2.17951316797	2.11722073237	2.05371309235	1.98265885672	1.88757351326	1.76378997252	1.63130627255	1.48485652751	1.32198391105	1.16241348053	0.999884291405	0.837751364595	0.690658794021	0.557875695859	0.438310147292	0.338496073569	0.260652543643	0.197805340806	0.147013318112	0.1048774255	0.0724367508111	0.0491365268084	0.0331187235352	0.0228247092271	0.0153837835724	0.0100298394327	0.00626094454494	0.00393620564218	0.00245682634042	0.00175236000625	0.00129445688904	0.00082774794265	0.000537155579805	0.000396262312971	0.000325815679554	0.000281786533668	0.000211339900251	0.000193728241897	0.00024656321696	0.000272980704491	0.000361038996262	0.000290592362845	7.0446633417e-05
PD_181P_2_bbduk_adapt_filt	3.52495207828e-05	6.16866613698e-05	6.16866613698e-05	7.93114217612e-05	0.000149810463327	0.000229121885088	0.000343682827632	0.000467056150372	0.000616866613698	0.00120729608681	0.00232646837166	0.00426519201471	0.00734071270301	0.0126017036798	0.0207443429807	0.0343682827632	0.0538083934749	0.0814087682478	0.117847960357	0.164007207822	0.222583098983	0.289662937032	0.371027643379	0.469541241587	0.570072874859	0.670613320512	0.777110935177	0.889107475084	1.00461134231	1.12121675706	1.24013101542	1.36385683337	1.49869506274	1.63413253397	1.77648772365	1.9490253155	2.12956454857	2.31329386327	2.50880533029	2.69528410761	2.8669140243	3.00417565823	3.11874541316	3.20934549395	3.25213841218	3.25172423031	3.21744407135	3.15313132068	3.0568296299	2.94344073392	2.83096832549	2.72353659852	2.61710067052	2.5120482862	2.42609232977	2.36406198558	2.30162627189	2.24395805589	2.19723481609	2.13834167924	2.07125302882	1.98779978836	1.88776164838	1.77856744538	1.64684879859	1.49642146865	1.33025522768	1.16852161395	1.00986352091	0.852747594396	0.70387124337	0.565860557126	0.447025610187	0.350838480351	0.270249263461	0.202957928287	0.15174918697	0.11167929422	0.0825808148138	0.0594483168001	0.0418323687889	0.0305348973781	0.0222512599941	0.0169462071163	0.0135622531212	0.0109537885832	0.00886525447687	0.00772845743162	0.00691771845362	0.00627441469933	0.00610697947561	0.00610697947561	0.00640660040227	0.00646828706364	0.0067414708497	0.00902387732039	0.0124166436957	0.0151925434574	0.0210175267667	0.0414446240603	0.101254248448
PD_182S_1_bbduk_adapt_filt	0.0	0.0	0.0	0.0	0.000188074921526	0.000188074921526	0.000188074921526	0.000188074921526	0.0	0.0	0.000188074921526	0.000752299686103	0.00225689905831	0.00300919874441	0.00319727366594	0.00451379811662	0.0073349219395	0.0116606451346	0.014293694036	0.018243267388	0.0242616648768	0.032913111267	0.0473948802245	0.065826222534	0.0893355877247	0.109459604328	0.134849718734	0.177730800842	0.218543058813	0.258414942176	0.301484099206	0.352828552782	0.410191403848	0.470751528579	0.525857480586	0.602215898725	0.712239727818	0.816245159422	0.902759623324	1.0056366054	1.10494016396	1.23264303568	1.3857360218	1.48428728068	1.56233837311	2.01258973525	2.49556613373	2.55725470799	2.52772694531	2.51606630017	2.99678579959	3.4590739567	3.40133495579	3.5185056319	4.04887691061	4.44232964644	4.44533884518	4.35355828348	4.04605578678	3.39550463323	2.93208802659	2.7784308157	2.63060392738	2.18919208656	1.78802827895	1.54428318065	1.28285903973	1.25351935197	1.23189073599	1.22135854039	1.30373535602	1.4818423067	1.75511516768	2.09365002642	2.53863529075	2.78576573764	2.16605887121	1.08989417024	0.454389010406	0.267254463488	0.215345785147	0.160615982983	0.116418376424	0.105698105897	0.0917805617046	0.0569867012223	0.0263304890136	0.0236974401122	0.0176790426234	0.0116606451346	0.0114725702131	0.0114725702131	0.010720270527	0.00996797084086	0.00996797084086	0.00677069717493	0.00394957335204	0.00319727366594	0.00282112382289	0.00225689905831	0.000940374607629
PD_182S_2_bbduk_adapt_filt	0.00102214737832	0.00076661053374	0.00051107368916	0.00051107368916	0.0012776842229	0.0012776842229	0.00076661053374	0.00051107368916	0.0	0.0	0.0	0.0012776842229	0.00306644213496	0.0038330526687	0.0051107368916	0.00664395795908	0.00945486324946	0.0160988212085	0.0191652633435	0.0217206317893	0.0321976424171	0.0442078741123	0.0580068637196	0.0774276639077	0.106047790501	0.144122780343	0.180664549118	0.224616886386	0.271635665788	0.31635461359	0.377683456289	0.430579583117	0.482709099411	0.546848847401	0.628620637667	0.746167586173	0.841482829202	0.892079124429	0.988160977991	1.12052906348	1.18875740099	1.23909815937	1.29582733886	1.31345938114	1.34003521298	1.37351053962	1.35306759205	1.29020552828	1.22044396971	1.19719011686	1.16601462182	1.08168746311	1.00988160978	0.954685651351	0.972317693627	1.08270961049	1.11746262135	1.06277773661	1.02495828361	0.987649904301	0.95187474606	0.907411335103	0.867547587349	0.814651460521	0.768143754807	0.645230532564	0.497019162708	0.450766993839	0.417802740888	0.36822859304	0.307155287185	0.270357981566	0.245059833952	0.223083665318	0.188841728145	0.157155159417	0.151533348836	0.150000127768	0.138756506607	0.121380001175	0.12444644331	0.124957517	0.118313559041	0.127001811756	0.132112548648	0.15178888568	0.187308507077	0.207751454643	0.229216549588	0.255025770891	0.282112676416	0.325809476839	0.374617014154	0.423935625158	0.494974867951	2.2063051161	5.17308788168	6.7960023816	8.092596331	10.9387657059	22.7169699463
PD_183P_1_bbduk_adapt_filt	4.00934444545e-05	4.00934444545e-05	4.00934444545e-05	4.6775685197e-05	6.01401666818e-05	6.68224074242e-05	0.000106915851879	0.000180420500045	0.000253925148212	0.000474439092712	0.000701635277954	0.00100901835211	0.00177747603748	0.00302705505632	0.00459738163079	0.00699630605732	0.0103908843545	0.0152355088927	0.0227663942094	0.0344803622309	0.0507115249943	0.0719009103885	0.100955293137	0.138649813165	0.185879890732	0.24283262858	0.312301203338	0.398602342526	0.498922822792	0.609133019357	0.738748443038	0.884822225667	1.04144058419	1.21750426327	1.41451676708	1.6348369266	1.86518712947	2.09510966894	2.33727407344	2.59554936038	2.83954469884	3.06070013846	3.26905908705	3.43900851585	3.55874758771	3.64315765277	3.68319095706	3.67021404554	3.61725060541	3.51956961024	3.39160470002	3.23597531313	3.06883242544	2.91145229147	2.74386837589	2.58547922358	2.46160384469	2.35949252391	2.26676975137	2.1770272582	2.09555069682	2.0256945521	1.9583509299	1.87699464886	1.76907646087	1.64132538236	1.49408888984	1.33980931558	1.17804563169	1.00481522268	0.844267706602	0.693837103008	0.54849836686	0.42419532457	0.321101714396	0.236818611911	0.169642045728	0.117259960548	0.079151141594	0.0519009638464	0.0333042878602	0.0213230302091	0.0135649487071	0.00809219353908	0.00448378353817	0.00253256924138	0.00153691537076	0.00108252300027	0.000714999759439	0.000501168055682	0.000394252203803	0.000287336351924	0.000320747555636	0.000300700833409	0.000233878425985	0.000207149463015	0.000213831703758	0.000253925148212	0.000267289629697	0.000173738259303	6.68224074242e-05
PD_183P_2_bbduk_adapt_filt	1.33793672763e-05	2.00690509145e-05	2.00690509145e-05	2.67587345527e-05	7.35865200199e-05	9.36555709344e-05	0.000107034938211	0.000167242090954	0.000274277029165	0.000428139752843	0.000668968363817	0.00103021128028	0.0016991796441	0.00278290839348	0.00429477689571	0.00646892407811	0.0103957683737	0.0160819994662	0.0230994776026	0.0336424190164	0.0491089675878	0.0690442248296	0.0989337313249	0.137165273317	0.18330402137	0.240995853065	0.308360967301	0.392035530248	0.490775260747	0.601456076541	0.730386349299	0.870749291395	1.02603691769	1.19994193355	1.39394944874	1.60549731443	1.83070551411	2.07122639963	2.31623606288	2.56063027523	2.80210778552	3.03247373128	3.22971236367	3.40030598613	3.54422115024	3.62867171649	3.65682859492	3.65382492697	3.61084370959	3.51961649382	3.39758997457	3.24828961514	3.08051903917	2.90730975041	2.74303118931	2.59904243868	2.46666028917	2.35541085027	2.26413680671	2.17948554995	2.09914244945	2.02941587689	1.96480691232	1.880590485	1.77615114404	1.64846515243	1.49476967085	1.33815748719	1.1773508719	1.01050347228	0.842766344737	0.686849888182	0.551457381029	0.428019338537	0.324951382724	0.24001246957	0.174005361112	0.125565361888	0.0886249288385	0.0625552317005	0.0439311524519	0.0311204082848	0.0231797538063	0.0174600742956	0.0130315037272	0.0105630104647	0.00949266108256	0.00895079670787	0.00848920853684	0.00796072352942	0.00778010207119	0.00757272187841	0.00749913535839	0.00802093068217	0.00854941568958	0.0111517026248	0.0168111749827	0.0227850624716	0.0291068135097	0.0472693045873	0.117102912086
PD_184S_1_bbduk_adapt_filt	2.38464659597e-05	2.38464659597e-05	2.38464659597e-05	2.98080824496e-05	5.36545484093e-05	7.7501014369e-05	8.3462630859e-05	0.000107309096819	0.000143078795758	0.000196733344168	0.000345773756416	0.000590200032503	0.00103732126925	0.00196137182519	0.00318946482211	0.00560988111702	0.0100035924701	0.0170919544766	0.0273817045382	0.0419042023077	0.0619411953303	0.0884226957786	0.12525952407	0.176863276407	0.243442609366	0.32428212897	0.419465297848	0.537380110402	0.678020605016	0.83764884815	1.02345454929	1.22780683933	1.44972801317	1.6948219903	1.96487725568	2.2554822131	2.55173878295	2.84831131847	3.1487529431	3.43858289038	3.70953835984	3.96206051112	4.168451674	4.31567975484	4.40020355343	4.41343238042	4.34845076068	4.2179092444	4.03610974954	3.79601756865	3.52708904878	3.23733660252	2.92805390064	2.63189271666	2.36052589565	2.11385805177	1.89845888637	1.72307409085	1.57151191483	1.43937864694	1.32443868102	1.2167301559	1.12056928191	1.02273915531	0.919024913238	0.817397236934	0.713837996887	0.614189577258	0.519531030631	0.427590981123	0.341582740023	0.264862697414	0.200781281764	0.148056745527	0.107720448356	0.0784310265415	0.0544593666355	0.0357577757066	0.023363575024	0.0147251927301	0.00918685101098	0.00599142457238	0.00392274365037	0.00243233952789	0.00162752130175	0.00101347480329	0.000655777813892	0.000536545484093	0.000393466688335	0.000298080824496	0.000262311125557	0.000232503043107	0.000208656577147	0.000172886878208	0.000149040412248	0.000172886878208	0.000268272742047	0.000351735372906	0.000578276799523	0.000470967702704	8.94242473489e-05
PD_184S_2_bbduk_adapt_filt	4.77367357214e-05	4.77367357214e-05	4.77367357214e-05	5.37038276866e-05	4.77367357214e-05	5.96709196518e-05	9.54734714429e-05	0.000107407655373	0.000131276023234	0.000208848218781	0.000399795161667	0.000716051035822	0.00127099058858	0.00209444927978	0.00336543986836	0.00563293481513	0.010102286697	0.0168033309739	0.0259568500485	0.0405583240873	0.0596589854679	0.0867674842657	0.123787322818	0.173415626692	0.23784231864	0.317920692813	0.414802397959	0.530271594578	0.666637547258	0.826466105545	1.00627845482	1.20539434661	1.42697037255	1.6671816267	1.93347503983	2.2119174522	2.50419755084	2.81381205164	3.11036458813	3.40178542552	3.68957230391	3.94322144917	4.15200402994	4.29780395501	4.37561483424	4.39374285963	4.34184706081	4.21622187366	4.02874181121	3.78816059736	3.51809598211	3.23488586326	2.93996830997	2.64901887284	2.36996781709	2.1174583864	1.90739884795	1.73529001439	1.58403616726	1.44875622532	1.33501748537	1.23002053515	1.13177236594	1.03458037201	0.929547619244	0.830314879863	0.728528225121	0.623226953211	0.523266228611	0.430030416655	0.344044621436	0.269002472882	0.207517557273	0.156039454889	0.115093269824	0.0829843479597	0.0588593951445	0.0413698485946	0.0289702314909	0.0207535458549	0.0154488010978	0.0118804801027	0.00940413693712	0.00807347542889	0.00703520142695	0.00591338813749	0.00539425113652	0.00542408659635	0.00580001339015	0.00559713226334	0.00537038276866	0.00560906644727	0.00605063125269	0.00659960371349	0.00670701136886	0.00907594687904	0.0129127870126	0.016111148306	0.0219827667997	0.042491661884	0.107676174512
PD_188S_1_bbduk_adapt_filt	0.0	0.0	2.23956842621e-05	3.35935263931e-05	5.59892106551e-05	7.83848949172e-05	5.59892106551e-05	0.000134374105572	0.000313539579669	0.000593485632945	0.00109738852884	0.00183644610949	0.00338174832357	0.00543095343355	0.00870072333581	0.0138741264003	0.0208279863637	0.0315107277567	0.0453400627885	0.0627974986708	0.0881718089397	0.118730720115	0.159446074104	0.212064734277	0.275993215003	0.345464627584	0.42284171671	0.516567655347	0.61941983532	0.735384688429	0.866567408994	1.01243050059	1.17239167543	1.34177023551	1.53772127496	1.75920339447	1.9931039209	2.23567157714	2.47214760727	2.72879095107	2.98789782014	3.21688249388	3.43024617784	3.60943404762	3.72846710947	3.79856560121	3.82156596895	3.79006643904	3.71192789665	3.58673602162	3.43646098022	3.25332027217	3.05608148087	2.87990583063	2.71124393245	2.54777783302	2.39078408634	2.26123625073	2.15147500216	2.03640597642	1.92758534659	1.82906673152	1.73049212725	1.61797620951	1.49356818344	1.36438987661	1.22868322783	1.08649302845	0.945948911861	0.805964687381	0.662677099472	0.536667781972	0.427925537037	0.327189749227	0.240305692132	0.175134250929	0.127453839135	0.087936654255	0.0587214841351	0.038968490616	0.0249487922679	0.0157329681941	0.00993248597022	0.00612521964567	0.0038968490616	0.00267628426932	0.00198201805719	0.0014781151613	0.000963014423269	0.000604683475076	0.000470309369503	0.000313539579669	0.000201561158359	0.000179165474096	0.000156769789834	0.00011197842131	0.00011197842131	0.000145571947703	0.000201561158359	0.000145571947703	2.23956842621e-05
PD_188S_2_bbduk_adapt_filt	0.0	0.0	1.12077015739e-05	5.60385078694e-05	0.000100869314165	0.000134492418887	0.00014570012046	0.00020173862833	0.000336231047216	0.000638838989711	0.00121043176998	0.00198376317858	0.00335110277059	0.00539090445703	0.00790142960958	0.013045764632	0.0209808173463	0.0299245632022	0.0430487817453	0.0610035196666	0.0845509006733	0.117109273745	0.157288883888	0.206714847829	0.26575701972	0.334011922305	0.415424666537	0.507540765773	0.613352676332	0.7249253455	0.843334712628	0.982758520207	1.13955426523	1.32050260714	1.51636839984	1.72095378437	1.94961331188	2.18870720956	2.43764146921	2.70078709447	2.95586317459	3.18503825637	3.38871581707	3.56176272937	3.6944507083	3.77971890188	3.80183169708	3.77087602534	3.69913552756	3.58541097969	3.44336456994	3.27602237775	3.08295851043	2.88822469559	2.71692618473	2.560758071	2.41058607761	2.2716329935	2.15895076188	2.0573081163	1.94756230249	1.84254613875	1.74106040099	1.63393718935	1.51773573943	1.39067402669	1.24370743595	1.09932982428	0.959110269886	0.814486088777	0.676799474942	0.548493707324	0.432561242244	0.332868736744	0.251321500093	0.184691714236	0.135355411908	0.0967224645825	0.0660469853748	0.0453799836726	0.0314376029147	0.0224266108493	0.0164753213136	0.0127991951974	0.00933601541104	0.00743070614348	0.0069936057821	0.00645563610655	0.00592887413258	0.00525641203815	0.00524520433657	0.00550298147277	0.00568230469795	0.0054469429649	0.00539090445703	0.0077221063844	0.0111964938723	0.0145251812397	0.0203083552519	0.0372656077331	0.0908832520626
PD_189P_1_bbduk_adapt_filt	1.9130267268e-05	1.9130267268e-05	1.9130267268e-05	3.8260534536e-05	7.6521069072e-05	9.565133634e-05	8.6086202706e-05	0.000105216469974	0.000172172405412	0.00023912834085	0.000363475078092	0.000755645557086	0.0014060746442	0.0023338926067	0.00462952467886	0.00865644593877	0.0137833575666	0.021770244151	0.0339944849352	0.0509343366011	0.0742350021335	0.107167757235	0.15153084703	0.205812980403	0.271047191787	0.350829971428	0.44409002436	0.55321863399	0.678952315609	0.817015454482	0.973979297416	1.14239260531	1.32426405623	1.52413708864	1.74483341698	1.9998494448	2.27000707916	2.53267521388	2.79981983114	3.07234961864	3.33892032789	3.56872266345	3.74243505537	3.8567670977	3.90967185183	3.92068132064	3.87268348007	3.76740961929	3.61360227046	3.4241265383	3.23013606307	3.02979433911	2.82440222458	2.63342476645	2.45842108148	2.30701458119	2.18050612374	2.06405062175	1.95285594325	1.85839068348	1.77177839843	1.67872877844	1.58312526776	1.47479056423	1.35786637068	1.23607352412	1.10165470116	0.969875855087	0.838450918956	0.703008626698	0.584448795305	0.475588009416	0.37773669234	0.295505238489	0.226875404665	0.171990667873	0.128957131654	0.0942165662949	0.0646220428313	0.0438657028455	0.0296136537309	0.0195415680143	0.013276405484	0.00879035780965	0.0056529939777	0.00369214158273	0.00241041367577	0.00163563785141	0.00109042523428	0.000698254755282	0.00052608234987	0.000411300746262	0.000296519142654	0.000200867806314	0.000172172405412	0.000162607271778	0.000153042138144	0.000248693474484	0.000267823741752	0.00019130267268	8.6086202706e-05
PD_189P_2_bbduk_adapt_filt	1.9144272096e-05	2.8716408144e-05	2.8716408144e-05	1.9144272096e-05	1.9144272096e-05	3.8288544192e-05	6.7004952336e-05	9.572136048e-05	0.000134009904672	0.000277591945392	0.000392457577968	0.000708338067552	0.00134009904672	0.0023738897399	0.00441275471813	0.00823203700128	0.0130659657055	0.0209725500812	0.0336173418006	0.0497942517217	0.072193050074	0.10402997457	0.145697482787	0.199866200682	0.265157740666	0.341897555363	0.43668084651	0.544817267444	0.665091156887	0.797033480173	0.944511380265	1.10932441874	1.29191291385	1.48378638094	1.70138974972	1.95461103673	2.21718430066	2.48030317635	2.75448744131	3.03883731475	3.30334415017	3.53134285869	3.71406536371	3.84461972727	3.91963655748	3.92918954926	3.87932829258	3.77385292547	3.62255574309	3.44150836188	3.24944345208	3.04682047622	2.83646321442	2.65108922772	2.47686677951	2.31903182821	2.1868693458	2.07036687796	1.96722711204	1.87145789088	1.78438974139	1.69175060872	1.58999880253	1.48291531656	1.36310088964	1.23725601702	1.11358401928	0.984283605544	0.848589004928	0.71548845318	0.59067737125	0.478252633366	0.38165063637	0.299818445296	0.232488040334	0.176462328045	0.130410781518	0.0957022162079	0.0692161157631	0.0502058535718	0.036297539894	0.0258160509215	0.018943257239	0.0150569700035	0.0113334090808	0.00832775836176	0.00726525126043	0.00666220668941	0.00617402775096	0.00581028658114	0.00540825686712	0.00511152064963	0.00517852560197	0.00540825686712	0.00623146056725	0.00860535030716	0.0121853291891	0.015545148942	0.0214894454278	0.0401838271295	0.0971954694314
PD_190S_1_bbduk_adapt_filt	0.0	0.0	1.98753774086e-05	3.97507548171e-05	5.96261322257e-05	8.94391983386e-05	0.00013912764186	0.000218629151494	0.00041738292558	0.000874516605977	0.00134158797508	0.0020769769392	0.00374650864152	0.00617130468536	0.00981843643983	0.0156021712657	0.0228268709537	0.031422971683	0.0441134001583	0.0616732960988	0.0843610394107	0.114551737694	0.152434207035	0.199041967058	0.257276822865	0.32834123479	0.411261309338	0.503960069572	0.610402653283	0.731125695663	0.858606366362	1.00051656106	1.15700534509	1.31697232016	1.50139594713	1.70925264407	1.91961363856	2.13472484826	2.35867066321	2.59442245234	2.81884527635	3.02947458844	3.23860330953	3.40944211604	3.53477624598	3.61977329747	3.64782739268	3.63603135619	3.58034054869	3.47783328971	3.35224077986	3.20355308147	3.04558358183	2.88531847609	2.72951539259	2.59743357202	2.47412673057	2.37421320834	2.29567565451	2.22573420141	2.15005870193	2.06364056095	1.97785843206	1.86674513466	1.72804481341	1.5595811145	1.38656595415	1.22183882619	1.04161884154	0.860285835753	0.702525027572	0.562343990709	0.435131637606	0.325528868886	0.240333063624	0.174992760394	0.121955315779	0.0860802595565	0.0618124237407	0.0416985418032	0.0253212308185	0.0163276225411	0.0107028907345	0.00632037001593	0.00373657095281	0.00242479604385	0.00147077792823	0.000864578917273	0.000655887454483	0.000457133680397	0.000327943727241	0.000238504528903	0.00020869146279	0.000218629151494	0.000188816085381	0.00013912764186	0.000149065330564	0.000188816085381	0.000228566840199	0.000178878396677	7.95015096343e-05
PD_190S_2_bbduk_adapt_filt	1.98939275676e-05	1.98939275676e-05	1.98939275676e-05	4.9734818919e-05	9.9469637838e-05	0.000129310529189	0.000129310529189	0.000248674094595	0.000566976935677	0.00070623442865	0.000984749414596	0.00201923364811	0.00390915676703	0.0063262689665	0.00920094150002	0.0140550598265	0.0206996316341	0.028846194973	0.0418966114574	0.0599404037612	0.0841214727196	0.114002151926	0.148368911799	0.193816589327	0.251031525012	0.319973930997	0.401539034024	0.492295131588	0.596917296666	0.713555393995	0.838469365192	0.981695696715	1.13611236249	1.29729296365	1.48050608958	1.6806688418	1.88831171079	2.10645857353	2.32501326179	2.5495958101	2.78375728453	3.00515680443	3.20246477805	3.36728596795	3.4979791251	3.59783669453	3.63929563958	3.6203665675	3.56888108295	3.47674235742	3.35212679514	3.21169556044	3.04785911996	2.87806444817	2.73074991453	2.59609786579	2.48149889604	2.38291453797	2.29716176319	2.23450583832	2.15915758766	2.06878942168	1.98492657002	1.87220757642	1.73287050774	1.57908050068	1.40309881742	1.23072788201	1.05444778983	0.873830821443	0.712739742964	0.571731584365	0.444868008267	0.337878465808	0.251051418939	0.184406761588	0.134482950357	0.0964059729926	0.0679775504985	0.0479045775828	0.0346651687865	0.0258720528017	0.0202420713	0.0156963088508	0.0127122197157	0.0112400690757	0.010076274313	0.00928051721029	0.00798741191839	0.00750001069299	0.00771884389623	0.00755969247569	0.00797746495461	0.00794762406326	0.00807693459245	0.0107626148141	0.0151989606616	0.0203017530827	0.026269931353	0.044214254019	0.11806051315
PD_191P_1_bbduk_adapt_filt	0.0	0.0	0.0	0.0	0.0	0.0	0.000158844627716	0.000317689255432	0.000317689255432	0.000476533883148	0.000317689255432	0.000635378510863	0.00142960164944	0.00174729090487	0.00349458180975	0.00540071734234	0.00810107601351	0.0135017933558	0.0152490842607	0.0193790445813	0.02573282969	0.0331985271926	0.0467003205485	0.0660793651298	0.0873645452437	0.112779685678	0.143913232711	0.175205624371	0.197126182995	0.234136981253	0.275595429087	0.302757860426	0.352793918157	0.419985195681	0.47494543687	0.533241415242	0.584707074622	0.63490197698	0.685573413222	0.730049908982	0.773573336976	0.83727003269	0.900649039149	0.934482944852	0.954973901828	1.31316853733	1.76126923211	1.86737744343	1.86594784178	1.84053270134	3.30984550772	4.79107166117	4.78884783638	5.01694872178	5.88757612629	6.54757555445	6.64208810794	6.11154705137	4.98549748549	3.92346230458	3.34558554895	2.90780975497	2.38266941574	1.83417891623	1.39417929746	1.10444669651	0.825356685612	0.813761027788	0.789140110492	0.772779113838	0.751335089096	0.750858555213	0.823768239334	0.916374657293	1.10682936592	1.42165941806	1.89326911775	2.0162148596	1.2998255886	0.536100618541	0.270512401	0.192360844164	0.147566659148	0.128981837705	0.107537812964	0.0651262973635	0.0282743437334	0.0225559371357	0.0169963751656	0.0122310363341	0.0123898809618	0.0115956578233	0.0109602793124	0.0119133470787	0.0120721917064	0.00889529915209	0.00428880494833	0.0030180479266	0.00270035867117	0.00158844627716	0.00127075702173
PD_191P_2_bbduk_adapt_filt	0.0	0.000240869248946	0.000240869248946	0.000240869248946	0.000481738497891	0.000240869248946	0.0	0.0	0.000481738497891	0.00144521549367	0.00168608474262	0.0026495617384	0.00385390798313	0.00409477723208	0.00578086197469	0.00915303145993	0.0144521549367	0.0190286706667	0.0228825786498	0.0279408328777	0.0370938643376	0.0508234115275	0.0722607746837	0.104055515544	0.126697224945	0.153433711578	0.198235391882	0.237015340962	0.278926590279	0.332399563545	0.382982105823	0.435732471343	0.494745437334	0.555926226566	0.608435722837	0.649383495157	0.695871260204	0.777766804845	0.826422393132	0.862793649723	0.913376192002	0.941557894128	0.919638792474	0.85436322601	0.814619799934	0.779452889588	0.728870347309	0.679251282027	0.635413078718	0.583385320946	0.55062710309	0.513533238752	0.469213296946	0.46608199671	0.495227175832	0.61903396979	0.712009499883	0.672988681554	0.63517220947	0.616384408052	0.589647921419	0.539306248389	0.519314100727	0.4798115439	0.426097701385	0.301086561182	0.170535428253	0.164272827781	0.152229365334	0.129346786684	0.120434624473	0.111763331511	0.097552045823	0.0922529223462	0.0941798763377	0.0903259683546	0.0816546753926	0.0792459829031	0.0838224986331	0.0826181523883	0.0765964211647	0.0749103364221	0.0761146826668	0.0833407601352	0.0847859756288	0.0968294380761	0.126697224945	0.149338934346	0.181133675207	0.220395362785	0.256284880878	0.285911798498	0.31529784687	0.345647372237	0.387076883056	2.33402302228	6.80937366769	11.083357621	13.6539142457	15.2282356568	22.1291396391
PD_192S_1_bbduk_adapt_filt	0.0	0.0	0.000144657508882	0.000289315017764	0.000289315017764	0.000144657508882	0.0	0.000144657508882	0.000433972526646	0.000433972526646	0.000578630035528	0.00072328754441	0.000433972526646	0.000578630035528	0.00072328754441	0.00115726007106	0.00231452014211	0.00332712270429	0.00390575273981	0.00390575273981	0.00520767031975	0.00824547800627	0.00940273807733	0.0114279432017	0.0114279432017	0.012295888255	0.0162016409948	0.0150443809237	0.015912325977	0.0195287636991	0.020830681279	0.0216986263323	0.0289315017764	0.034283829605	0.0350071171494	0.0419506775758	0.0506301281087	0.0536679357952	0.0529446482508	0.0554038259018	0.0561271134462	0.12556271771	0.20179722489	0.208885442826	0.21091064795	0.475055259168	0.765382879495	0.792433833655	0.79445903878	0.798220134011	4.2198041916	7.638495099	7.63950770157	7.71472960618	7.87587807108	8.05973776487	8.17358322436	8.11485227575	7.60001620164	4.13431160385	1.09910775249	1.07842172872	1.02634502552	0.88371272176	0.784911643194	0.596567566629	0.409236092627	0.429488143871	0.395348971774	0.382474453484	0.477659094328	0.630706738725	0.8876184745	1.31320086563	1.98904074713	2.87738250917	3.61875224219	3.06456932566	1.27168416058	0.20440106005	0.0928701207022	0.0692909467545	0.0648065639791	0.0616240987837	0.0554038259018	0.0332712270429	0.0102706831306	0.00752219046186	0.00607561537304	0.00535232782863	0.00506301281087	0.00520767031975	0.00549698533751	0.0056416428464	0.00593095786416	0.0031824651954	0.000578630035528	0.00101260256217	0.000867945053292	0.000433972526646	0.000144657508882
PD_192S_2_bbduk_adapt_filt	0.000949672125699	0.000712254094274	0.000712254094274	0.000949672125699	0.000949672125699	0.000474836062849	0.0	0.000237418031425	0.000712254094274	0.000949672125699	0.00118709015712	0.00142450818855	0.00142450818855	0.00142450818855	0.00237418031425	0.00427352456564	0.00593545078562	0.00712254094274	0.00759737700559	0.00902188519414	0.0109212294455	0.0130579917284	0.0180437703883	0.0213676228282	0.0201805326711	0.0187560244825	0.0216050408596	0.0220798769225	0.0178063523568	0.0185186064511	0.0225547129853	0.0289649998338	0.0337133604623	0.033001106368	0.0360875407765	0.0356127047137	0.0327636883366	0.0375120489651	0.0420229915622	0.0477210243164	0.0505700406935	0.0451094259707	0.0443971718764	0.0477210243164	0.050332622662	0.0496203685678	0.0481958603792	0.0531816390391	0.0527068029763	0.050332622662	0.0531816390391	0.0562680734476	0.063153196359	0.069326065176	0.0925930322556	0.180912539946	0.24667733465	0.246202498587	0.242641228116	0.240504465833	0.233619342922	0.229820654419	0.228870982293	0.19824405624	0.174502253097	0.112061310832	0.0439223358136	0.0367997948708	0.0327636883366	0.0299146719595	0.0280153277081	0.0265908195196	0.026828237551	0.0265908195196	0.0239792211739	0.0216050408596	0.0187560244825	0.0197056966082	0.0223172949539	0.0227921310168	0.0249288932996	0.0275404916453	0.0270656555824	0.0301520899909	0.0344256145566	0.0555558193534	0.119421269807	0.168566802312	0.185423482543	0.202992416868	0.23338192489	0.26163467063	0.28323971149	0.311967293292	0.327399465335	6.57956590487	13.6133125039	14.7118457353	15.487727862	16.447846381	26.7439541498
PD_193P_1_bbduk_adapt_filt	5.22583898667e-05	5.22583898667e-05	4.35486582223e-05	5.22583898667e-05	6.09681215112e-05	8.70973164446e-05	0.000165484901245	0.000304840607556	0.000548713093601	0.00095807048089	0.00163742954916	0.00269130707814	0.00445067287032	0.00778650009015	0.0127858860541	0.0200323827823	0.0312853560669	0.0463880307384	0.0667426735915	0.0927934809401	0.12674401489	0.171085258692	0.224928819718	0.292002463112	0.369240363335	0.460030605997	0.569564191158	0.688896224418	0.822869316573	0.965438913862	1.11159692059	1.26529755492	1.42888373466	1.59650252016	1.77528718163	1.9645322308	2.14714046446	2.33211774512	2.52178957114	2.70737653302	2.88999347641	3.05934549851	3.21468356238	3.35227119317	3.45940960213	3.53923429265	3.57453483501	3.57384676621	3.53204876405	3.4563176474	3.36120737784	3.2390185526	3.10143963154	2.95002965664	2.79525772531	2.64381291148	2.50011975881	2.36402149213	2.22471804421	2.09671111823	1.97764908665	1.85326540904	1.72418718607	1.58241017436	1.42753372626	1.26528013545	1.09711263686	0.934693561157	0.781306477166	0.635688473802	0.5072896099	0.392861155555	0.295364419527	0.21964201261	0.160860033742	0.1155171708	0.0804605009315	0.0561080912536	0.0445154384348	0.0340202118033	0.0196665740532	0.0108436158974	0.0072290772649	0.00481648159939	0.00314421312365	0.00202065774151	0.00114097484542	0.000757746653068	0.00048774497209	0.000383228192356	0.000383228192356	0.000348389265778	0.000322260070845	0.0003135503392	0.000296130875912	0.000365808729067	0.00048774497209	0.000679359068268	0.001175813772	0.000931941285957	0.000174194632889
PD_193P_2_bbduk_adapt_filt	0.000104619226555	8.71826887961e-05	6.10278821573e-05	6.10278821573e-05	5.23096132776e-05	4.3591344398e-05	0.000104619226555	0.000183083646472	0.000383603830703	0.000802080736924	0.00149954224729	0.00242367874853	0.00405399502902	0.00724488143895	0.0119614649028	0.0193981482571	0.030557532423	0.044532917437	0.0634515609058	0.0904607578948	0.124697399785	0.167495381715	0.219055223869	0.284494550079	0.36486827088	0.45607008163	0.561099066823	0.679065963033	0.80491417431	0.943473621613	1.09390735113	1.24883098912	1.40917739036	1.57734407877	1.74933808723	1.92599636954	2.11308170143	2.29982702083	2.48092290199	2.67112937414	2.85353299564	3.02462030413	3.18228147855	3.30887946095	3.42018559974	3.51388955366	3.55465617894	3.54614714851	3.51489215458	3.45775262034	3.36561795482	3.25187941902	3.11609238122	2.96618174783	2.81732602498	2.65675294876	2.50570022215	2.36558892299	2.23699445701	2.1144068783	1.98916022757	1.87001636506	1.74264245673	1.59173794069	1.43538450661	1.27833361101	1.10906842071	0.945766526329	0.790154145097	0.643573890424	0.516016898446	0.40642825863	0.309585727915	0.228322743688	0.168890304736	0.123276321958	0.0884991473969	0.0638961926186	0.0459975866088	0.0337309822952	0.0245767999716	0.0182299002273	0.013975385014	0.011298876468	0.00946804000325	0.00805568044476	0.00744540162318	0.0066694756929	0.00591970456925	0.00590226803149	0.006155097829	0.00642536416427	0.00655613819746	0.00685255933937	0.00727103624559	0.010496795731	0.0160154599318	0.0209412818488	0.0280117979102	0.0513070123565	0.122308594112
PD_194S_1_bbduk_adapt_filt	2.40302964365e-05	2.40302964365e-05	2.40302964365e-05	3.60454446548e-05	6.00757410913e-05	8.41060375279e-05	8.41060375279e-05	0.000120151482183	0.000216272667929	0.000312393853675	0.000564711966259	0.00116546937717	0.00203056004889	0.00362857476192	0.00583936203408	0.00899934601548	0.0131085267061	0.01948857041	0.0294130828383	0.0431704275482	0.0624186949939	0.0887799301848	0.11989916407	0.159825501599	0.211010033009	0.270184637984	0.343164648262	0.430322533437	0.529014960902	0.636286204195	0.755848944115	0.896378117676	1.05124136306	1.21554851495	1.39505482933	1.58927970027	1.79967696073	2.01578141658	2.22955493368	2.45119837286	2.67183253959	2.87097160616	3.05075426895	3.22058838902	3.36085322932	3.45735889981	3.50472261408	3.50570785624	3.47846951523	3.43100967976	3.3596036539	3.26323015004	3.15079239302	3.03121763795	2.90573142996	2.7887519469	2.68774059583	2.59821572646	2.51839909685	2.42994357566	2.34357869027	2.24394908124	2.13049003662	2.0004861329	1.83579449627	1.66474684623	1.48055462405	1.29511282645	1.1147173911	0.933552986263	0.763478563233	0.614022134546	0.490554471455	0.381529016523	0.288207360312	0.214506441141	0.159392956264	0.119406542993	0.0848990373103	0.0563750754401	0.0390492317094	0.0268778865643	0.0177463739184	0.0120271633665	0.00774977060078	0.00514248343742	0.00341230209399	0.00245109023653	0.00163406015768	0.00104531789499	0.000672848300223	0.000408515039421	0.00034843929833	0.00027634840902	0.000264333260802	0.000240302964365	0.000144181778619	0.000144181778619	0.000156196926837	8.41060375279e-05	1.20151482183e-05
PD_194S_2_bbduk_adapt_filt	2.40529771633e-05	2.40529771633e-05	2.40529771633e-05	2.40529771633e-05	2.40529771633e-05	3.60794657449e-05	6.01324429082e-05	0.000120264885816	0.000192423817306	0.000384847634612	0.000769695269224	0.0013108872554	0.00193626466164	0.0030787810769	0.0054359728389	0.00892365452757	0.0130848195768	0.0188815870732	0.0282021157239	0.0421889219444	0.0609622706203	0.0825377911357	0.113842740914	0.155298047055	0.200938571222	0.261395729322	0.33365087272	0.412652876213	0.509309764943	0.617824771416	0.737067405702	0.872100819497	1.02210721158	1.18037580131	1.35613090544	1.54396060411	1.74795390343	1.96718476379	2.1820379823	2.41618168849	2.63645885335	2.82823324028	3.02155904423	3.19435563217	3.33025495314	3.42099480949	3.47747119987	3.50483146139	3.48056200743	3.43810850274	3.37700191426	3.26784950389	3.14279807562	3.03143279135	2.9174216796	2.81007324252	2.72187097526	2.62039146461	2.5223395032	2.43954915581	2.35258561687	2.26022218457	2.14949430419	2.01116563253	1.8569980754	1.6860535667	1.49577046436	1.31160884471	1.13065829751	0.949767882757	0.781156512843	0.628841034956	0.497391514759	0.387721965383	0.298786082322	0.225592872814	0.17025899885	0.125520461326	0.0901385319193	0.0653158594868	0.0467108816511	0.0343837308549	0.0256043941903	0.0192544082192	0.0148527133983	0.0109922105636	0.00910405185629	0.008250171167	0.00786532353239	0.00744439643203	0.00679496604862	0.00662659520848	0.00710765475174	0.00737223750054	0.00749250238636	0.0095610584224	0.0137943824031	0.017678938215	0.0242814804463	0.0473482855459	0.110631668462
PD_195_1_bbduk_adapt_filt	4.83566593769e-05	4.83566593769e-05	4.83566593769e-05	8.86538755243e-05	0.000128951091672	0.000225664410426	0.000362674945327	0.000765647106801	0.00172472085111	0.00310288564335	0.00531923253146	0.00918776528161	0.0154741310006	0.0239607247213	0.0351794696967	0.0514273072473	0.0727606534758	0.0968503292887	0.124905251171	0.160673060223	0.205717288433	0.25716877401	0.317219685512	0.394058417262	0.476748304797	0.563911183324	0.657263714251	0.759223730547	0.869388260051	0.977078540483	1.08045701879	1.17414804633	1.25815162311	1.33319309902	1.40208521975	1.45406862858	1.49960448282	1.54519675317	1.58833089334	1.63714694098	1.69158847999	1.7581272433	1.83848795174	1.92746420499	2.02265428897	2.11800556182	2.21958678429	2.33436131532	2.44469509313	2.55178897476	2.66016430787	2.76745967558	2.87501294548	2.97022720779	3.06001746481	3.13887911681	3.19137833001	3.23354533699	3.25101015047	3.24058123093	3.20611905168	3.12554879771	3.01134648715	2.85318797322	2.65031566824	2.41477843986	2.14867174331	1.87583541166	1.60357130048	1.33872187708	1.09460134166	0.871451477518	0.673124698526	0.512612827168	0.382525354001	0.277204549878	0.19817364957	0.139073752368	0.0945695068548	0.0634036398863	0.0416995592693	0.0265639248844	0.0169490091116	0.010888307803	0.00670545676693	0.00423120769548	0.00274021069802	0.0020229202506	0.00144264033808	0.000999370960456	0.000741468777112	0.000548042139605	0.000419091047933	0.000370734388556	0.000330437172409	0.000274021069802	0.000209545523967	0.000177307751049	0.000201486080737	0.000120891648442	4.83566593769e-05
PD_195_2_bbduk_adapt_filt	6.45269633176e-05	6.45269633176e-05	0.000104856315391	0.000169383278709	0.000185515019538	0.000217778501197	0.000338766557417	0.000903377486446	0.00184708432496	0.00316988707297	0.0055977140678	0.00969517623846	0.0153251537879	0.0238507788162	0.0357802011596	0.0516941634878	0.0712942285955	0.0953224565609	0.12427893135	0.15870406628	0.202122646722	0.255171876439	0.317335539725	0.390331666978	0.472313173873	0.56094902386	0.657553953817	0.75835313639	0.86495167979	0.970421001333	1.06673555995	1.15872681203	1.24800793165	1.32352061048	1.38454698603	1.43960461748	1.48477349181	1.52909544974	1.56919895744	1.61132699861	1.66901410382	1.73807408631	1.81111054292	1.89262422933	1.99040677636	2.09254489342	2.20330542596	2.31707452816	2.42830288118	2.54322540285	2.6502191739	2.75713228624	2.86583602182	2.96588507845	3.05576307248	3.13292925473	3.19859350578	3.24164105618	3.26173313939	3.25268323278	3.20145688978	3.12267753344	3.02098303925	2.8637146979	2.65656701391	2.42297134083	2.16322611587	1.89575378705	1.6200542704	1.34831509613	1.09969270647	0.87797806051	0.684372972946	0.521894079312	0.389073391194	0.283934770338	0.206526611968	0.145806739486	0.100871775406	0.0706408930919	0.0488549771018	0.0334572304801	0.0235684733517	0.016494704998	0.0120262127883	0.00912249943902	0.00761418167147	0.00687212159332	0.0062026543489	0.00577516321692	0.00554931884531	0.00539606730743	0.00533154034411	0.00531540860328	0.00547672601158	0.0070818342241	0.0108485957078	0.0150428483234	0.0200356221101	0.0353688417684	0.0863048134372
PD_196_1_bbduk_adapt_filt	2.74894232726e-05	3.43617790907e-05	4.12341349089e-05	3.43617790907e-05	4.12341349089e-05	6.18512023633e-05	6.87235581815e-05	0.000123702404727	0.000302383655998	0.000494809618907	0.000673490870178	0.00105147044018	0.0016287483289	0.00288638944362	0.00493435147743	0.00820559284687	0.0132567743732	0.0198542359586	0.0304101744953	0.0455843361418	0.066057084124	0.0932235066732	0.129200289381	0.177932164488	0.235000207202	0.29983401199	0.379086019285	0.474460573329	0.58803312558	0.713261193298	0.847237769973	1.00625721125	1.18311041587	1.36572265467	1.57466976097	1.80390406164	2.04926090906	2.30696050753	2.57687915464	2.84879078494	3.10914998511	3.3545274496	3.57139838215	3.75706194693	3.89188382337	3.95765914091	3.96797454699	3.9330835965	3.84750902186	3.72216412409	3.57249108673	3.40269579153	3.21736897218	3.04333343344	2.86300281677	2.68466518329	2.52085571001	2.35433852854	2.18721657975	2.0290493106	1.88582941535	1.7398399607	1.5937817825	1.44026022588	1.28683488224	1.14518875647	0.997666766476	0.854893574354	0.7243669203	0.596307441985	0.479023817592	0.377127397877	0.289635435956	0.21852029795	0.159741038637	0.116025983278	0.0869902799461	0.061411371591	0.0389525127773	0.0239707770937	0.015455928235	0.010164214255	0.00643252504579	0.00423337118398	0.00287264473199	0.00179368486854	0.00108583221927	0.000790320919087	0.000563533177088	0.000336745435089	0.000240532453635	0.000240532453635	0.000247404809453	0.000247404809453	0.000268021876908	0.000302383655998	0.000336745435089	0.000460447839816	0.000797193274905	0.000618512023633	0.000116830048908
PD_196_2_bbduk_adapt_filt	2.7528939109e-05	2.7528939109e-05	3.44111738863e-05	3.44111738863e-05	6.19401129953e-05	8.94690521043e-05	8.2586817327e-05	0.000137644695545	0.00027528939109	0.000371640677972	0.000612518895176	0.00111492203392	0.0018444389203	0.00302818330199	0.0051135004395	0.00818297715015	0.012635783051	0.0197451315759	0.0303506553677	0.045326398243	0.0656634020098	0.0915199580679	0.126523004145	0.173927837291	0.230919623481	0.298090234907	0.377834689271	0.467386328193	0.574370667805	0.698023780048	0.83560653548	0.988853257265	1.15591950648	1.33703239688	1.54887446556	1.78126000505	2.02190422627	2.27031160832	2.53151306482	2.80614864361	3.07816897318	3.32527561286	3.53796419641	3.7309282951	3.87269544927	3.94808344902	3.95548185141	3.91133919755	3.8323104956	3.7114171595	3.5669934627	3.39708485052	3.22068629095	3.04701997858	2.86159192697	2.68135308039	2.51141005704	2.35028317643	2.19178530951	2.03516629269	1.88712942263	1.73974636487	1.59746304309	1.45354174943	1.29920075231	1.1506201857	1.00093846153	0.85956359474	0.728422611059	0.603468756443	0.489760473454	0.387366584438	0.300051671819	0.226219057128	0.167720061522	0.123790756938	0.0907904411815	0.0649201206538	0.0465858472072	0.0342391180168	0.0263589591969	0.0204058261146	0.0160218425614	0.013564884746	0.0123192002513	0.0111767492783	0.0103439988702	0.0101168851226	0.00986912467058	0.0095318951665	0.00908454990597	0.00916025448852	0.00935983929707	0.00954565963605	0.00988288914014	0.014459575267	0.0210802851227	0.0257602047713	0.0331654893916	0.0523049843071	0.137128527937
PD_197_1_bbduk_adapt_filt	6.50670104808e-05	7.32003867908e-05	7.32003867908e-05	8.9467139411e-05	0.000146400773582	0.000252134665613	0.000325335052404	0.000496135954916	0.00087027126518	0.00139080734903	0.00218787822742	0.00386335374729	0.00715737115288	0.0127775341832	0.0203253073989	0.0320455026618	0.0497925297704	0.0738754570246	0.106880698091	0.149597190472	0.20170773249	0.266376207532	0.342333808892	0.428222262726	0.522260359624	0.618136599567	0.708360142975	0.800917965384	0.894882861894	0.984211733908	1.07033605566	1.14795286578	1.22153552126	1.29804619221	1.38643159257	1.48385317401	1.5905305377	1.71683373842	1.85538580386	1.99793135707	2.14749601404	2.30002121998	2.4496021437	2.58596633091	2.70176934282	2.80022386305	2.86419286773	2.90169586589	2.93098415399	2.93007321584	2.9090403047	2.87949174857	2.84632383998	2.80642962917	2.76804009299	2.74960986227	2.72468106388	2.6963850477	2.66741396128	2.63706833427	2.59902853327	2.53469352665	2.45401856703	2.35205042823	2.21451503483	2.04332373026	1.84216093398	1.63639464671	1.43291383818	1.22119391946	1.01241828295	0.822024076909	0.654159323245	0.507270547084	0.385505770346	0.28899512705	0.216648744772	0.156990429537	0.107173499638	0.0729726522542	0.0505489337672	0.0336884446764	0.0221390503161	0.014241541919	0.00889791368324	0.00592109795375	0.0038714871236	0.00247254639827	0.00173240915405	0.00114680605972	0.000788937502079	0.000658803481118	0.000553069589086	0.000398535439195	0.000414802191815	0.000479869202296	0.000471735825985	0.000553069589086	0.00083773775994	0.000601869846947	8.9467139411e-05
PD_197_2_bbduk_adapt_filt	8.14530573812e-05	8.14530573812e-05	9.77436688575e-05	0.000146615503286	0.000195487337715	0.000244359172144	0.000333957535263	0.000488718344287	0.00078194935086	0.00134397544679	0.00242730110996	0.0040807981748	0.00720859557824	0.0120469071867	0.0191088872616	0.0307729650786	0.0487170736197	0.0727457255472	0.103551271849	0.146191947388	0.200521136661	0.264535094457	0.34076701086	0.428500098965	0.518660488181	0.607656098675	0.698248189095	0.788538903202	0.881941124101	0.971018187653	1.05268302298	1.12657723664	1.20109863884	1.28075972896	1.36773530363	1.46659487937	1.57193811848	1.68824493912	1.82242256054	1.96683883128	2.12577003684	2.2812883593	2.42019025805	2.55444933253	2.66962395567	2.77262949203	2.84674362895	2.88388622311	2.90734470364	2.91110783489	2.89599014744	2.86941201481	2.82845741756	2.78777976071	2.7566891287	2.73435470037	2.71477338538	2.69908552652	2.67659633738	2.63527520137	2.59041085737	2.52837620887	2.442834208	2.3419057246	2.20395682662	2.03235967064	1.84306276528	1.64113249073	1.43169224428	1.22261039129	1.02011809064	0.83232806685	0.668257173367	0.522765722273	0.399641280735	0.304341203599	0.228915672464	0.167467485976	0.121837483231	0.0900707908522	0.0676223282379	0.0513317167617	0.0394640063012	0.0302761014286	0.0244440625201	0.0205831876002	0.0176427322288	0.0160462523041	0.0152643029532	0.0145475160483	0.0139610540351	0.01318724999	0.0127148222572	0.0127148222572	0.0134234638564	0.0173657918337	0.0233200103282	0.0291031774023	0.0378430904593	0.0630446664131	0.164641064885
PD_198_1_bbduk_adapt_filt	0.0	0.0	1.19057157794e-05	5.95285788969e-05	7.14342946762e-05	7.14342946762e-05	0.000142868589352	0.000178585736691	0.000238114315587	0.00057147435741	0.0010953258517	0.00173823450379	0.00320263754465	0.00533376066916	0.00813160387731	0.0135010816938	0.020561171151	0.0289547007754	0.040848510839	0.0602548275594	0.084613922044	0.11525923446	0.155357685205	0.205980788699	0.270783599686	0.344408546066	0.434046680169	0.536328684429	0.651706976047	0.780491103632	0.916811549306	1.07045481144	1.24617127063	1.4325909683	1.62605884971	1.84184994822	2.07270177718	2.31545932192	2.56664611343	2.8246667858	3.07019836232	3.31027712101	3.53603330362	3.72414361293	3.87591767769	3.96655589192	3.99184363223	3.9600553711	3.87450089751	3.74085923789	3.57277434252	3.3732702632	3.16296769967	2.95362949913	2.74301738699	2.54582301653	2.36947555441	2.212451069	2.06732039365	1.92694009889	1.7904529732	1.66645494335	1.56091077297	1.43913911198	1.30947396143	1.18311859986	1.04466703106	0.903774790528	0.767228136254	0.642253837718	0.524137231471	0.414009360512	0.318775539993	0.239971607249	0.17590695064	0.125140978557	0.0854949450117	0.0561473556155	0.0363600559902	0.0239185830008	0.0151797876187	0.00863164394004	0.0048456263222	0.00321454326043	0.00203587739827	0.00105960870436	0.000488134346954	0.00038098290494	0.000261925747146	0.000178585736691	0.000119057157794	7.14342946762e-05	4.76228631175e-05	5.95285788969e-05	0.000107151442014	8.33400104556e-05	4.76228631175e-05	0.000107151442014	0.00019049145247	0.000119057157794	2.38114315587e-05
PD_198_2_bbduk_adapt_filt	0.0	0.0	3.5739401153e-05	5.95656685883e-05	4.76525348706e-05	4.76525348706e-05	9.53050697413e-05	0.000131044470894	0.000309741476659	0.000726701156777	0.00117940023805	0.00166783872047	0.00333567744094	0.00558725971358	0.00928033116606	0.013712016909	0.0193826685586	0.0295326584861	0.0436020694066	0.0634731764477	0.0850121222092	0.114651998899	0.157813282358	0.206645217467	0.268414815793	0.343836865359	0.431839184131	0.529252878541	0.642546780196	0.773448293485	0.916405898097	1.07280151754	1.23011444828	1.40336715194	1.6058070332	1.81782507398	2.03477515211	2.27036928451	2.51635166951	2.78480222471	3.04142303812	3.27101295113	3.49076261568	3.68151571277	3.83778028774	3.93573007317	3.96383315561	3.93886322734	3.87179228451	3.7527562524	3.58532907113	3.38997750443	3.19146895729	2.97383983054	2.74928917309	2.55165028472	2.37521677436	2.21266206478	2.06901349841	1.93251281228	1.80371992366	1.68118143024	1.56146634951	1.44450320267	1.31934381983	1.18522576044	1.04684279917	0.911759775947	0.772483329654	0.643916790573	0.52809730457	0.41959248267	0.326074382986	0.249341888711	0.186512021484	0.134415887736	0.0948166312588	0.0657604981215	0.0463659164291	0.0338452128919	0.0245172291909	0.0184415309949	0.014557849403	0.0118654811828	0.010042771724	0.00875615328248	0.00766014498045	0.00713596709688	0.00644500534125	0.00633778713779	0.00700492262598	0.00710022769572	0.00693344382368	0.00737422977123	0.00820814913147	0.00860128254415	0.00999511918912	0.0127351399442	0.0178339611753	0.03316616427	0.0953050697413
PD_199P_1_bbduk_adapt_filt	0.0	0.0	0.0	0.0	0.0	0.0	0.0	0.0	0.0	0.0	0.0	0.0	0.0	0.0	0.0	0.0	0.0	0.0	0.0	0.0	0.0	0.0	0.0	0.0	0.0	0.0	0.0	0.0	0.0	0.0	0.0	0.0	0.0	0.0	0.0	0.0	0.0	0.0	0.0	0.0	0.0	0.0	50.0	50.0	0.0	0.0	0.0	0.0	0.0	0.0	0.0	0.0	0.0	0.0	0.0	0.0	0.0	0.0	0.0	0.0	0.0	0.0	0.0	0.0	0.0	0.0	0.0	0.0	0.0	0.0	0.0	0.0	0.0	0.0	0.0	0.0	0.0	0.0	0.0	0.0	0.0	0.0	0.0	0.0	0.0	0.0	0.0	0.0	0.0	0.0	0.0	0.0	0.0	0.0	0.0	0.0	0.0	0.0	0.0	0.0	0.0
PD_199P_2_bbduk_adapt_filt	0.0	0.0	0.0	0.0	0.0	0.0	0.0	0.0	0.0	0.0	0.0	0.0	0.0	0.0	0.0	0.0	0.0	0.0	0.0	0.0	0.0	0.0	0.0	0.0	0.0	0.0	0.0	0.0	0.0	0.0	0.0	0.0	0.0	0.0	0.0	0.0	0.0	0.0	0.0	0.0	0.0	0.0	0.0	0.0	0.0	0.0	0.0	0.0	50.0	50.0	0.0	0.0	0.0	0.0	0.0	0.0	0.0	0.0	0.0	0.0	0.0	0.0	0.0	0.0	0.0	0.0	0.0	0.0	0.0	0.0	0.0	0.0	0.0	0.0	0.0	0.0	0.0	0.0	0.0	0.0	0.0	0.0	0.0	0.0	0.0	0.0	0.0	0.0	0.0	0.0	0.0	0.0	0.0	0.0	0.0	0.0	0.0	0.0	0.0	0.0	0.0
PD_1P_1_bbduk_adapt_filt	0.0	0.0	0.0	1.07485563345e-05	4.29942253381e-05	8.59884506762e-05	0.000128982676014	0.000204222570356	0.00033320524637	0.000634164823737	0.00103186140811	0.00171976901352	0.00292360732299	0.00490134168854	0.00779270334253	0.012178114327	0.0188529678108	0.0280537320331	0.0406617886135	0.0576230105094	0.0795070712065	0.105228366515	0.139527009778	0.184971905961	0.23377035172	0.287341156491	0.347909271436	0.416119609935	0.492004417657	0.574478090411	0.657865390455	0.733846935184	0.816750550192	0.90158890534	0.984514017461	1.07811244602	1.17655847349	1.27945440328	1.39909658384	1.52592954859	1.65676097629	1.80138280177	1.94308101993	2.09480764115	2.24959760092	2.3891998506	2.52941476798	2.66616865022	2.79282963807	2.91822229627	3.02798655356	3.11672663465	3.2002106717	3.27606323376	3.32334613307	3.35208777271	3.36457759517	3.34923940528	3.32578605536	3.27697686105	3.20114579611	3.09752971304	2.96589214361	2.80979085997	2.61919745904	2.40624706094	2.17633544095	1.94969138208	1.72803465335	1.50171305117	1.28158261743	1.07528557571	0.889217316999	0.728311428671	0.586258508154	0.4617902258	0.360055140094	0.270713139841	0.195698965183	0.141558486926	0.101649097256	0.0702525642025	0.0469496940692	0.0298379923846	0.0187347336911	0.0128122791508	0.00823339415225	0.00469711911819	0.00288061309765	0.00182725457687	0.00122533542214	0.000945872957438	0.000752398943417	0.000698656161744	0.000698656161744	0.000623416267403	0.00080614172509	0.00103186140811	0.00158003778118	0.00125758109114	0.00023646823936
PD_1P_2_bbduk_adapt_filt	2.15318141705e-05	1.07659070853e-05	0.0	2.15318141705e-05	4.30636283411e-05	9.68931637674e-05	0.000161488606279	0.000236849955876	0.000366040840899	0.000559827168434	0.0010227611731	0.00185173601867	0.00294985854136	0.00468316958209	0.00774068719431	0.011864029608	0.0181190216245	0.0281636129351	0.0407274265036	0.0567255644323	0.0777944445982	0.105828866648	0.139547687639	0.183741736224	0.233652481472	0.288020312252	0.34745888527	0.410105698599	0.483981353018	0.565371610583	0.649733258503	0.728733484695	0.810209869516	0.893667181241	0.980871028632	1.07710747207	1.17088928869	1.26263634887	1.3737620418	1.50718392831	1.64202691455	1.78042265013	1.92804476809	2.07170503223	2.21745388235	2.37558352562	2.51733822421	2.64098466709	2.76462034405	2.89409114266	3.00547521737	3.09953694757	3.1843722954	3.24375703888	3.29905073767	3.33566558767	3.34682983332	3.34511805409	3.31982893835	3.26590250976	3.18231600715	3.08395868002	2.96502770445	2.80346373682	2.60974200473	2.40375790446	2.17495008118	1.95322622476	1.72998437544	1.50560133997	1.29652742437	1.09163068073	0.899836046001	0.726827919141	0.589121201613	0.467175772058	0.361583755366	0.277954189127	0.208234174843	0.152380648885	0.109952209062	0.0785480580941	0.0553905919537	0.0387357336928	0.0282928038201	0.0218655572902	0.0164395401192	0.0132635975291	0.0114979887671	0.00967855046966	0.00931250962876	0.00908642557997	0.00864502338947	0.00919408465082	0.00978620954051	0.0154706084815	0.0230605729766	0.0292617354578	0.0413410832074	0.0729928500381	0.161413244929
PD_200S_1_bbduk_adapt_filt	3.58094268853e-05	5.3714140328e-05	4.47617836067e-05	5.3714140328e-05	9.84759239347e-05	0.000107428280656	0.000107428280656	0.000143237707541	0.000286475415083	0.000384951339017	0.000716188537707	0.00147713885902	0.00264989758952	0.00498646269378	0.00832569175084	0.0127392036145	0.0201965167633	0.030518584063	0.0439918809286	0.0633647808736	0.0885835697576	0.117938347447	0.153828345543	0.200640218839	0.255947878663	0.317226760421	0.391477607067	0.478011087136	0.571751214365	0.681157965856	0.804700488611	0.939173838922	1.09190104459	1.25733164444	1.44209038246	1.6465980194	1.85452545661	2.08144084242	2.32536570601	2.56561115098	2.79873052001	3.00946899723	3.1860452812	3.34118962318	3.46611080887	3.53148987001	3.53547366875	3.49265454655	3.41170733707	3.30289144113	3.1841205245	3.04783879814	2.91718810414	2.79119263565	2.68192016951	2.60687256311	2.54369578173	2.49487858053	2.44817413551	2.40911500314	2.35396848573	2.26981633255	2.17386497321	2.05051044995	1.89156135636	1.71863763394	1.52774653157	1.33192268064	1.13754911151	0.937078987449	0.750816253505	0.59175077928	0.456355336227	0.340314888405	0.248768088572	0.178313041176	0.126765371174	0.088377665553	0.0603388843018	0.0400080821876	0.0259797392053	0.0161410991686	0.00965959290232	0.00593541250625	0.00358989504526	0.00221123211017	0.00140552000525	0.00093999745574	0.000617712613772	0.000367046625575	0.000250665988197	0.000223808918033	0.000214856561312	0.000259618344919	0.000250665988197	0.00026857070164	0.000259618344919	0.000196951847869	0.000214856561312	0.000161142420984	4.47617836067e-05
PD_200S_2_bbduk_adapt_filt	0.0	0.0	0.0	2.68762849664e-05	6.27113315882e-05	9.85463782101e-05	0.000125422663176	0.000143340186487	0.00019709275642	0.000403144274496	0.000779412264025	0.00147819567315	0.00284888620644	0.00496315395713	0.00783891644853	0.0123093385146	0.019476347839	0.029877470121	0.0439068908734	0.0625948676867	0.0857711840894	0.113525427698	0.149880082496	0.19417220012	0.247602254634	0.312132214838	0.382978102009	0.467898203741	0.564688664667	0.670796237714	0.794570488746	0.922582234041	1.06619118338	1.22586319236	1.40724228084	1.60893984075	1.81684582249	2.03706114274	2.26451514241	2.5017789861	2.74311906633	2.96706123143	3.15247176266	3.30589951477	3.42905561124	3.49684656069	3.52281801073	3.50447942562	3.42419996243	3.30799586499	3.18220589259	3.05391642568	2.92768747396	2.80943182011	2.70132644321	2.61732013517	2.55433108197	2.50395596518	2.46107933189	2.41426084348	2.36314214948	2.29389988064	2.19054264742	2.05801568625	1.90865521193	1.73785642097	1.53849709785	1.33945133139	1.14512683232	0.951895302178	0.768930512888	0.604904545738	0.468373018109	0.352545188666	0.258926129366	0.189764489386	0.137212393515	0.0965037805526	0.067683444307	0.0484579417944	0.0344643560886	0.0246455533142	0.0182669150155	0.0143698536954	0.0120047406183	0.0102756996188	0.00912897812691	0.00814351434481	0.00731930827251	0.00690720523636	0.00710429799278	0.00747160722065	0.00769557626204	0.00737306084244	0.00744473093569	0.00936190592996	0.0120047406183	0.0147640392082	0.0201213786782	0.0375103350514	0.101610274696
PD_203_1_bbduk_adapt_filt	8.24704093594e-05	8.24704093594e-05	9.27792105293e-05	0.000134014415209	0.000154632017549	0.000195867222229	0.000237102426908	0.000402043245627	0.000855630497104	0.00159786418134	0.00275244991237	0.00471112213466	0.00811302652073	0.0127004430413	0.0195145606147	0.0294316273401	0.0430598624868	0.0614816901774	0.0835219070787	0.111365979039	0.148281796028	0.193681756381	0.249390517903	0.316325563899	0.388579951299	0.472534828027	0.571035423206	0.676185195139	0.790097448067	0.911916551492	1.0344469622	1.15649285925	1.28498175703	1.41563550306	1.54751599642	1.68294271739	1.81837974716	1.95850728147	2.11247953574	2.2654724539	2.40750711642	2.54359360067	2.67509266839	2.78067540997	2.86875380717	2.93498785469	2.9659864198	2.97429531355	2.96765644559	2.94710069606	2.90877257331	2.86293964331	2.81257084079	2.76161443661	2.72388422433	2.68995795968	2.66026861231	2.64022830283	2.60972456017	2.57566428111	2.53607848461	2.47233916698	2.3809104094	2.27114229455	2.1244892891	1.94234308123	1.73990915266	1.53097037055	1.32636128493	1.12001001191	0.927400370849	0.742852212305	0.575808398147	0.44330937671	0.334633994777	0.247730800914	0.178909244304	0.128777544215	0.0943873835118	0.0667804139788	0.0438742577792	0.0281636447962	0.0177105204099	0.0119169741524	0.00809240891839	0.00510285657911	0.00342252198842	0.00257720029248	0.00179373140357	0.00108242412284	0.000752542485405	0.000587601666686	0.000494822456156	0.000463896052647	0.000453587251477	0.000412352046797	0.000340190438608	0.000350499239777	0.000360808040947	0.000206176023399	5.15440058496e-05
PD_203_2_bbduk_adapt_filt	4.12724800881e-05	4.12724800881e-05	4.12724800881e-05	6.19087201321e-05	0.00010318120022	0.000237316760507	0.000402406680859	0.000515906001101	0.000887358321894	0.00169217168361	0.00286843736612	0.00482888017031	0.00786240745678	0.0120515641857	0.0190575676807	0.0283232394605	0.0403851217662	0.0576576546831	0.0796765228101	0.108206124671	0.147084800914	0.193217115532	0.2437552674	0.306716435775	0.382276028696	0.469794322723	0.569539588976	0.672596971756	0.78241272315	0.900286926282	1.01154721448	1.12525289712	1.25615888584	1.38790064228	1.52176793145	1.65911242706	1.79521874827	1.92920985488	2.06681230349	2.2213158327	2.36191053612	2.5004725699	2.63601139451	2.73762424048	2.82210900722	2.89338658034	2.94121106664	2.95221018258	2.94918697341	2.94257305848	2.91061784077	2.86540383884	2.81751744381	2.77410911288	2.73547807152	2.70171718281	2.67373444131	2.65209734362	2.6235367874	2.587051915	2.54787401328	2.49038144852	2.40829048562	2.29321249301	2.14758254702	1.97351586225	1.7704449421	1.55719003748	1.34359463491	1.13716000763	0.939650554166	0.755080023212	0.596222247353	0.458630116859	0.34691583138	0.259851534635	0.192825026972	0.138231853935	0.0959585162048	0.0686258162665	0.049207114385	0.0353086067154	0.0244745806922	0.016405810835	0.0127222419872	0.00994666770123	0.00804813361718	0.00723300213544	0.00647977937383	0.00584005593247	0.00542733113158	0.00541701301156	0.00554083045183	0.0052931955713	0.00544796737163	0.00793463429694	0.0126190607869	0.0167050363157	0.0221117312072	0.038404042722	0.0933170774792
PD_204_1_bbduk_adapt_filt	8.01205814751e-05	7.01055087907e-05	9.01356541595e-05	0.000130195944897	0.000180271308319	0.000280422035163	0.0003204823259	0.000480723488851	0.000741115378645	0.0012218388675	0.00211318033641	0.00386581805617	0.00682026449807	0.0110265950255	0.0174863169069	0.0275514649548	0.0418630038208	0.0590488685472	0.0844971682382	0.118798792182	0.160211117732	0.209134747795	0.269806058117	0.343086344949	0.423877936294	0.51026795327	0.60749427889	0.718441254087	0.828396737089	0.942047781912	1.05554860064	1.17051161999	1.29670153581	1.42430357688	1.55632226501	1.69868652322	1.85166675847	2.0098247863	2.18524879944	2.37612606973	2.56087411554	2.72971822593	2.88604349546	3.02320993095	3.13097211303	3.2047531535	3.24355154508	3.24294062564	3.20672612281	3.14478289826	3.05593918848	2.95643944136	2.86291869263	2.77115058163	2.67708901897	2.5995723564	2.54885602832	2.50906614455	2.46333732267	2.40855487509	2.35079795092	2.26976599783	2.17392175224	2.05789713519	1.90172209175	1.72783038473	1.53976734986	1.35092313932	1.16178849168	0.963740429346	0.785542241073	0.632021191894	0.492421093746	0.379451073866	0.282405019554	0.203346035784	0.148203045584	0.109755181548	0.0791891797155	0.0516877901241	0.0329896494224	0.0216926474344	0.0142814936479	0.00935407788722	0.00625942042774	0.0039759838557	0.00253381338915	0.0017326075744	0.0010916429226	0.00066099479717	0.000470708416166	0.000280422035163	0.000200301453688	0.000200301453688	0.000190286381003	0.000220331599057	0.000220331599057	0.000190286381003	0.000230346671741	0.00016024116295	2.00301453688e-05
PD_204_2_bbduk_adapt_filt	0.000120292660013	0.000110268271678	0.000100243883344	0.000120292660013	0.000220536543356	0.000280682873363	0.000310756038366	0.00041099992171	0.000611487688397	0.00119290221179	0.0022153898219	0.0035586578587	0.00619507199065	0.0106859979644	0.0170915821101	0.0262739218244	0.0403782362109	0.0593644277162	0.0834430084954	0.114418368449	0.156049653201	0.204878448778	0.264142632611	0.338934593974	0.420683480841	0.507695171583	0.600891909928	0.703090548997	0.814541698498	0.924268653206	1.03105846213	1.14839392759	1.27491173275	1.39583592923	1.52971163544	1.66690541418	1.81250965474	1.97522552618	2.14729415194	2.33977243235	2.51950971519	2.69047565823	2.85347221255	2.99824442887	3.1049440183	3.17763085811	3.22614889765	3.23483001795	3.21375875367	3.14294647448	3.05011061411	2.95795641216	2.86182252803	2.7687861799	2.67905787992	2.6135084046	2.55589824484	2.5001626457	2.45937340957	2.41859419782	2.36003172117	2.28062854118	2.18094602358	2.06073355867	1.91696378118	1.74666947216	1.55525377691	1.36335691103	1.17318423994	0.97792920396	0.801720505819	0.649079144651	0.51006092723	0.391913486321	0.294275943944	0.216857592838	0.159708554943	0.116162612019	0.0842349351738	0.0599157690746	0.0426236991978	0.0313863598749	0.0232064589941	0.0171016064985	0.0136431925231	0.0111270710512	0.00926253482097	0.00806963260917	0.00723760837742	0.00747819369745	0.00757843758079	0.00726768154242	0.0070270962224	0.00712734010574	0.00732782787243	0.0100745102761	0.015918728675	0.0203996302605	0.0268854095128	0.0485982346451	0.119901708868
PD_205P_1_bbduk_adapt_filt	0.0	0.0	0.0	0.0	0.0	1.39193161273e-05	4.17579483819e-05	5.56772645092e-05	0.000180951109655	0.000306224954801	0.000417579483819	0.000807320335383	0.00150328614175	0.0027560245932	0.00434282663172	0.00686222285076	0.0118035800759	0.0184570131848	0.028103099261	0.0427462198269	0.0625812453083	0.0866616622085	0.121696580901	0.170414187346	0.233719237093	0.312989742438	0.405525356053	0.520415391367	0.656810770099	0.818929045033	1.00266401791	1.19426340441	1.41197542795	1.64563898778	1.89763428695	2.16892175827	2.43301294315	2.71411353235	2.9979423075	3.26737850977	3.52812905879	3.7578116942	3.94108732965	4.08234054971	4.15653050467	4.17323368402	4.15458180041	4.0605846586	3.92541417969	3.76395011261	3.56987308785	3.37920629554	3.16248254344	2.91677877516	2.68445146968	2.4685211186	2.24744062055	2.03265165339	1.84069036467	1.64927192929	1.46921165587	1.31821491452	1.17719832283	1.03654363337	0.902333587268	0.785188622741	0.678135162406	0.581966607282	0.493968690725	0.40740446373	0.333729523468	0.271705050805	0.214204355883	0.164275768934	0.124605717972	0.0916169387499	0.067466925269	0.0476458191037	0.0322371361508	0.021978600165	0.0146152819337	0.00947905428269	0.00650032063145	0.00444026184461	0.00267250869644	0.00167031793528	0.00105786802567	0.000598530593474	0.000389740851564	0.000292305638673	0.000278386322546	0.000222709058037	0.000180951109655	0.000167031793528	0.000139193161273	0.000167031793528	0.000208789741909	0.000180951109655	0.0001531124774	0.000139193161273	9.74352128911e-05
PD_205P_2_bbduk_adapt_filt	0.0	0.0	0.0	0.0	0.0	2.78601043862e-05	6.96502609656e-05	0.000153230574124	0.000208950782897	0.000320391200442	0.000654712453077	0.00112833422764	0.00164374615879	0.00285566069959	0.00481979805882	0.00755008828867	0.0115619433203	0.0176354460765	0.0277068738121	0.0411772342829	0.0586733798374	0.0852379893697	0.121080013663	0.170462048687	0.229302589151	0.303591557497	0.402035236346	0.515620881928	0.645532548681	0.801590923401	0.979951311682	1.17682473933	1.39005204825	1.61656862696	1.86481608709	2.12573989472	2.3895332931	2.66001311654	2.92400153565	3.18946654029	3.46032247514	3.69625576913	3.88548159812	4.02529753198	4.13297683544	4.16778803587	4.12634613059	4.04702841341	3.91522225955	3.7617966647	3.59271369118	3.40096652274	3.1793533224	2.94077331849	2.71488359213	2.49123660417	2.26988807482	2.05968358722	1.86031668023	1.67926779188	1.5081928209	1.3370064095	1.18512705043	1.05440744065	0.925860919016	0.800922280896	0.693493718382	0.597710679502	0.502944534433	0.421216918216	0.348752786707	0.282041766754	0.225402174537	0.176855942644	0.134508583977	0.0998924042769	0.0743028983981	0.0556226984071	0.0418319467359	0.0304093039376	0.0219955524129	0.0169668035712	0.0131499692703	0.0103639588317	0.00842768157684	0.007285417297	0.00706253646191	0.00651926442638	0.0056695312426	0.00553023072067	0.00614315301717	0.00629638359129	0.0060735027562	0.0060735027562	0.00750829813209	0.00883165309044	0.00994605726589	0.0134007102098	0.019766744062	0.0375275606083	0.103751028734
PD_206S_1_bbduk_adapt_filt	0.0	0.0	7.65847607967e-06	7.65847607967e-06	1.53169521593e-05	4.5950856478e-05	9.95601890357e-05	0.000137852569434	0.000199120378071	0.000329314471426	0.000536093325577	0.00120238074451	0.00220564111094	0.00350758204449	0.00572088163151	0.00935865776936	0.014420910458	0.0219109000639	0.0332913955183	0.0481718145411	0.0670576165536	0.0930964352245	0.127406408061	0.172239127032	0.224607786465	0.288050602309	0.366220667654	0.452041550602	0.553623577323	0.671962349706	0.798219986356	0.941341587333	1.10308094366	1.27532772917	1.46528856985	1.67462535501	1.89283831395	2.11495709569	2.35809839426	2.60285563129	2.82441534428	3.04288103293	3.24763039092	3.40834351145	3.53274013841	3.61315413725	3.64329024062	3.6256221363	3.56666718744	3.48047869764	3.3634725001	3.22676870208	3.0905933389	2.95597264637	2.82550284788	2.71342105045	2.619757888	2.53492494847	2.45317071632	2.37026005428	2.27701810801	2.18322475146	2.0682710255	1.92392406835	1.76131164575	1.57644369167	1.37459689611	1.17562202909	0.982559505593	0.793127099763	0.624571699725	0.483403010149	0.365393552237	0.268751242588	0.193567982914	0.136994820113	0.0967495283145	0.0658628942852	0.0434235593717	0.0284282632077	0.0186560477301	0.0123301464883	0.00777335322086	0.00477888907371	0.00297148871891	0.00172315711793	0.00105686969899	0.000857749320923	0.000543751801656	0.000352289899665	0.000329314471426	0.000291022091027	0.000245071234549	0.000245071234549	0.000252729710629	0.000191461901992	0.000145511045514	0.000160827997673	0.000321655995346	0.000283363614948	6.8926284717e-05
PD_206S_2_bbduk_adapt_filt	1.53317009671e-05	1.53317009671e-05	1.53317009671e-05	2.29975514507e-05	6.89926543521e-05	0.000122653607737	0.000176314561122	0.000229975514507	0.000298968168859	0.000406290075629	0.000674594842554	0.0010732190677	0.00200078697621	0.00315833039923	0.00526643928221	0.00902270601916	0.0138368601228	0.0206747987542	0.0316906258991	0.0466467001925	0.0648454292405	0.0915992474281	0.126317884268	0.168411069273	0.221811383742	0.283207180265	0.358071876087	0.443093823801	0.54169199272	0.653828053594	0.778482448307	0.919265792438	1.0708503199	1.240449596	1.43039403928	1.64227814665	1.86055557331	2.08142405745	2.32059859253	2.5570517507	2.78128554319	2.9993713236	3.20163478861	3.37581057745	3.50857544197	3.59167326121	3.62023622012	3.60901341501	3.55885575529	3.46196707103	3.35669194634	3.23675971553	3.09794649497	2.96563391562	2.83156585652	2.71657809926	2.61843221552	2.5277758677	2.45455166388	2.37885139036	2.29133037539	2.19760768738	2.08219830835	1.9371757489	1.76898698929	1.5805757161	1.38258979566	1.18738657895	0.993287244707	0.804868305671	0.634701756637	0.492024947437	0.37666156351	0.282118629496	0.207062287412	0.149775386748	0.10811915522	0.0792035671962	0.0584597757877	0.0428751017546	0.0316216332447	0.024017109565	0.0194865919292	0.0160369592116	0.0138598576743	0.0127789727561	0.0116290951836	0.0108855076867	0.0100805933859	0.00959764480542	0.009796956918	0.0100575958344	0.00978162521703	0.00966663745978	0.0102032469936	0.0121887022689	0.0159679665573	0.0199542088087	0.0263705256635	0.0468306806041	0.129322897658
PD_207P_1_bbduk_adapt_filt	3.43611910963e-05	2.57708933222e-05	4.29514888704e-05	0.000120264168837	0.000214757444352	0.000292070124319	0.000352202208737	0.000335021613189	0.00037797310206	0.000584140248638	0.000944932755149	0.00148612151492	0.0026200408211	0.00432951007814	0.00673479345488	0.0102911767334	0.014981479318	0.0221371973638	0.0326860830304	0.0487757107612	0.0703545387697	0.0992523004817	0.136920756221	0.183420038072	0.242409612887	0.309748957138	0.39302330376	0.493383752654	0.603674585776	0.724402630693	0.863960608331	1.02788926075	1.20229807646	1.38479895267	1.59458261461	1.82611691052	2.06911925395	2.31751630439	2.56196181784	2.80413090239	3.02971212194	3.22879227286	3.38541917217	3.48230914076	3.52812978909	3.5227007209	3.46727611966	3.35908990949	3.21618171572	3.06273322658	2.90194003285	2.74734044381	2.59930384227	2.46878285789	2.35763299499	2.28085291349	2.23461993087	2.20799859806	2.20261248136	2.19969178012	2.19222681135	2.172340272	2.13314274326	2.06038292111	1.95523767636	1.81713145904	1.64512792671	1.46205150055	1.26579755761	1.06383106664	0.871726237518	0.696999580793	0.545715846694	0.420795736463	0.320332203996	0.239703669088	0.180207266705	0.131182437308	0.0930586957866	0.0662054249449	0.0455457587982	0.0299887295293	0.0194742050538	0.0124645220702	0.00735329489461	0.00419206531375	0.00242246397229	0.00149471181269	0.000987884244019	0.000592730546412	0.000438105186478	0.000369382804286	0.000343611910963	0.000343611910963	0.000283479826545	0.000257708933222	0.000214757444352	0.000180396253256	0.000214757444352	0.000146035062159	4.29514888704e-05
PD_207P_2_bbduk_adapt_filt	3.4398890567e-05	3.4398890567e-05	5.15983358505e-05	0.000128995839626	0.000206393343402	0.000266591401894	0.000300990292461	0.000326789460386	0.000438585854729	0.000679378088698	0.000988968103801	0.0014017547906	0.0024509209529	0.00412786686804	0.00635519503225	0.0097434857531	0.0153247057476	0.0233396472497	0.0338657077632	0.0484336379183	0.0692191675434	0.0979336414442	0.134516861562	0.180662973258	0.23721474935	0.305341752118	0.388612866458	0.483940791942	0.591746914978	0.715935509648	0.855973393146	1.00983103093	1.18006254062	1.35942695576	1.56577730055	1.8020030818	2.03402359867	2.27407625649	2.52380360229	2.77093383184	3.00197398034	3.19936341413	3.35403802557	3.46229133418	3.52042545924	3.51920429862	3.45628872778	3.35476900199	3.22777689774	3.06598171596	2.90258698576	2.75136086311	2.60185468498	2.47703831056	2.3720356971	2.28781861327	2.24297965942	2.21682790287	2.20127100461	2.19548339127	2.19274867947	2.17758736845	2.14212211228	2.06905886871	1.95150925992	1.80766169929	1.64229763262	1.46504874925	1.27164098703	1.06497245251	0.869466357971	0.700069021374	0.554131728144	0.427672806697	0.325594098939	0.248764176858	0.188523119752	0.139083314285	0.10208730748	0.0747057905888	0.0534042776052	0.0388191480048	0.0283446858272	0.0200717526458	0.0141981420815	0.0113860327777	0.00958869074555	0.00815253706437	0.00745595953039	0.00695717561717	0.00692277672661	0.0069829747851	0.00690557728132	0.00688837783604	0.00755055647945	0.00996707854178	0.0135187639928	0.0173370408458	0.0225312733214	0.0419064484332	0.105458398756
PD_208S_1_bbduk_adapt_filt	2.21853649359e-05	2.21853649359e-05	4.43707298719e-05	6.65560948078e-05	7.76487772758e-05	0.000177482919488	0.000244039014295	0.000232946331827	0.000332780474039	0.000554634123399	0.00076539509029	0.00105380483446	0.00148641945071	0.00215198039879	0.00368277057937	0.0059234924379	0.00863010696008	0.0134554238336	0.0203328869638	0.0306268962941	0.0465227102707	0.0673991386754	0.0949866399732	0.132202589653	0.180966021782	0.239402273024	0.311360504193	0.400423651729	0.503962749885	0.625682754606	0.760680700241	0.904963221102	1.07493639456	1.25606880658	1.46163839807	1.68950428133	1.92527924719	2.18477036816	2.45536526429	2.73483430638	3.00415354402	3.25616819701	3.49669083097	3.70048559327	3.84786297254	3.94158504671	3.96540103597	3.9238145694	3.83437427066	3.68835019865	3.51720120085	3.32265773573	3.09454781345	2.88548402698	2.69431273733	2.50078979899	2.3423530153	2.21033900125	2.09942326925	2.0142314679	1.93961099294	1.86444697653	1.77556131192	1.68107384266	1.5730422081	1.44648579382	1.30162645347	1.15164229382	1.0044867682	0.852006755	0.700802400279	0.564761742492	0.444539249904	0.343129946782	0.258736818565	0.189784704345	0.140755047836	0.0998674202591	0.0648145436604	0.0420412665536	0.0283196183407	0.0184027602144	0.0112479800225	0.00698838995482	0.00471439004889	0.00276207793452	0.00150860481564	0.000909599962374	0.000587912170802	0.000499170711059	0.000410429251315	0.000332780474039	0.000310595109103	0.000266224379231	0.000244039014295	0.000277317061699	0.000332780474039	0.000399336568847	0.00059900485327	0.000488078028591	0.000122019507148
PD_208S_2_bbduk_adapt_filt	0.0	1.11064760085e-05	2.22129520169e-05	6.66388560507e-05	9.99582840761e-05	0.00014438418811	0.000222129520169	0.000266555424203	0.000399833136304	0.000633069132482	0.000733027416558	0.000844092176643	0.001310564169	0.00204359158556	0.00325419747048	0.00550881210019	0.0086630512866	0.013183387022	0.0195362912989	0.0296542909426	0.0437706219493	0.0635956816244	0.0931278013309	0.129523723211	0.175082487797	0.23172551544	0.301696314294	0.388959896292	0.491661479942	0.606657932534	0.734304661299	0.87935523797	1.04318686557	1.21933557506	1.41617564936	1.6420702649	1.88058183718	2.13564205871	2.40314153338	2.67254021544	2.94478215536	3.21158192203	3.45308113636	3.6509207935	3.80846615568	3.91258936826	3.95024032193	3.93525768579	3.85274767553	3.70687521963	3.53627974814	3.32781119346	3.11502221962	2.9185597655	2.71028002092	2.51704955132	2.35224055383	2.21589745435	2.12308063435	2.03348469239	1.9463099622	1.87184104056	1.79490648125	1.70301149876	1.58487191345	1.46012397493	1.31477352341	1.1655246988	1.01528739784	0.860007756763	0.716623151494	0.579635876405	0.453333031237	0.351608817476	0.267543900568	0.196073727453	0.143373498793	0.101368806529	0.0712702565463	0.0515895810593	0.0361293664555	0.0251339552071	0.0175704450454	0.0140719051027	0.0115063091448	0.00869637071462	0.00750797778172	0.00727474178554	0.00706371874138	0.00673052446112	0.00610856180465	0.00584200638045	0.0064306496089	0.0070859316934	0.00770789434987	0.0110065177244	0.0176148709494	0.0238678169422	0.0310092810156	0.0517450717234	0.125836373176
PD_209P_1_bbduk_adapt_filt	1.68504559944e-05	2.52756839916e-05	4.2126139986e-05	6.74018239776e-05	9.26775079692e-05	0.000126378419958	0.000109527963964	0.000143228875952	0.000337009119888	0.000395985715868	0.000741420063754	0.00134803647955	0.00194622766735	0.00378292737074	0.00672333194177	0.0112055532363	0.0178783338101	0.0283087660706	0.042218817494	0.0600297494801	0.0867714231432	0.122595492587	0.167291327112	0.224987288437	0.295422194494	0.376447612143	0.476059082754	0.591577383823	0.725976620835	0.881270423279	1.04680087774	1.22673847208	1.43052788687	1.65061169262	1.89383959967	2.15525757396	2.42190761485	2.69361279253	2.95914227809	3.20519263652	3.43551309428	3.63983329844	3.78686195222	3.87574810759	3.90974390256	3.89355061435	3.82753052776	3.71255986651	3.55100611966	3.35982927118	3.17299141511	2.98540371376	2.79003110173	2.60184520918	2.42524400513	2.27479470879	2.16019475757	2.05642122433	1.94598333574	1.84124090128	1.7469036234	1.64989554824	1.5432658627	1.42150446769	1.28708838022	1.14688416112	1.00787632439	0.870671486459	0.733542475576	0.604442706975	0.484105175491	0.37940486717	0.292801948587	0.22190365499	0.165833762669	0.120708241516	0.0866871708632	0.0611755804877	0.0407191269105	0.0267163979791	0.0171537642023	0.0115004362162	0.00790286386137	0.00527419272625	0.00367339940678	0.00235063861122	0.00132276079556	0.000758270519748	0.000513938907829	0.000320158663894	0.00026960729591	0.000261182067913	0.000252756839916	0.000252756839916	0.000286457751905	0.000337009119888	0.000370710031877	0.000429686627857	0.000429686627857	0.000252756839916	5.89765959804e-05
PD_209P_2_bbduk_adapt_filt	1.68643989334e-05	1.68643989334e-05	2.52965984001e-05	6.74575957337e-05	0.000134915191467	0.000168643989334	0.000118050792534	0.000134915191467	0.000278262582402	0.000371016776535	0.000708304755204	0.00139131291201	0.00235258365121	0.00405588794349	0.00672046297497	0.0106920289238	0.0174462206966	0.0275311312588	0.041680361964	0.0606359463651	0.0854350449967	0.120319054191	0.165557804329	0.222525743927	0.289629187283	0.370409658174	0.470820289423	0.586501633907	0.722698519694	0.873179551377	1.03103032539	1.20950625931	1.41171883472	1.62807220863	1.8626307012	2.1156051174	2.38485367857	2.65262660484	2.91809754065	3.17904038534	3.40447523809	3.59741239409	3.74652740945	3.83562202902	3.88397226076	3.87960438144	3.81522453851	3.69907942306	3.54288136013	3.36416089244	3.17613970873	2.97751925029	2.78460739089	2.6137204365	2.44663640406	2.29562414382	2.17392220891	2.06642009791	1.95799887717	1.85837244047	1.76630125449	1.65879914349	1.54915525383	1.43187179144	1.30020299677	1.16625750824	1.01813749241	0.875034635259	0.739562918627	0.610288868603	0.493384855196	0.391717826226	0.304436129546	0.228816164729	0.170811064597	0.126086678626	0.090949703448	0.0654423000612	0.0463686648675	0.0329867643138	0.0241835480705	0.0180702034572	0.0142082561014	0.0116111386657	0.00945249560219	0.00764800491631	0.00661927658137	0.00599529382083	0.00576762443523	0.00563270924376	0.00584351423043	0.00599529382083	0.00599529382083	0.0064084715947	0.00695656456004	0.00878635184432	0.0117207572587	0.0149165608566	0.0206251598956	0.0402384558552	0.10198745255
PD_210S_1_bbduk_adapt_filt	5.916391916e-05	5.916391916e-05	5.916391916e-05	7.88852255467e-05	0.000108467185127	0.0001479097979	0.00017749175748	0.000226795023447	0.0002958195958	0.00047331135328	0.00076913094908	0.00115369642362	0.00195240933228	0.00342164665809	0.00596569518197	0.00969302208905	0.0152149878773	0.0231429530448	0.0333783110594	0.0475973729642	0.0691527608448	0.097620466614	0.132517318265	0.177619945972	0.235107554089	0.301923340127	0.386872867387	0.488477037891	0.601697057857	0.73087161469	0.882134034676	1.05165838438	1.23349868991	1.43037649157	1.66078051409	1.91729554626	2.180959552	2.46824968278	2.76604140922	3.04811525447	3.31937196317	3.57110457854	3.80066058488	3.98750024159	4.11811445378	4.1953430896	4.20312314496	4.15871076298	4.06056768175	3.90097300981	3.70194558576	3.47436171006	3.22224452921	2.98070782924	2.74560027515	2.51413130209	2.30160464382	2.10473670281	1.92576584735	1.76420890543	1.61604273055	1.47428598024	1.34558473476	1.21887534123	1.08956273525	0.964874775621	0.839003537608	0.719640330703	0.60667668772	0.499442084242	0.401584961952	0.316763623183	0.243222871667	0.179956920778	0.130663515465	0.0939720249325	0.0693992771747	0.0484355284857	0.0306764920845	0.0190803639291	0.0116848740341	0.00746451446735	0.00505851508818	0.00331317947296	0.00203129455783	0.00122272099597	0.00065080311076	0.000433868740507	0.00035498351496	0.000335262208573	0.000305680248993	0.000315540902187	0.000276098289413	0.000187352410673	0.000197213063867	0.0002958195958	0.000345122861767	0.00047331135328	0.00082829486824	0.00062122115118	0.000138049144707
PD_210S_2_bbduk_adapt_filt	5.92386646815e-05	5.92386646815e-05	6.91117754618e-05	8.88579970223e-05	0.000118477329363	0.000197462215605	0.000236954658726	0.000286320212627	0.00039492443121	0.000493655539013	0.000730610197739	0.00136248928767	0.00224119614712	0.0031988878928	0.00542033781836	0.00900427703159	0.0138519744247	0.02138515795	0.0320283713711	0.0473909317452	0.0690426636863	0.0963615612153	0.130058488308	0.174092562388	0.228226828796	0.294939438338	0.377942680668	0.47337616947	0.586472653458	0.715741292904	0.857854849475	1.01977386627	1.20380865121	1.40443026227	1.62926074096	1.87357086721	2.13267091342	2.4128994167	2.70374151406	2.99780224554	3.26328032131	3.51667370949	3.74468332984	3.93447413837	4.08913641875	4.17721444002	4.19894515684	4.1501818627	4.03505151789	3.88164312259	3.70968315213	3.48836750088	3.24016736897	2.99443551476	2.75397590171	2.52283650523	2.30622045472	2.11659748907	1.9394047699	1.7788581155	1.63165003377	1.49098782448	1.36143286482	1.2317298085	1.09917342317	0.971839913433	0.853263852962	0.736731526422	0.619833894784	0.51158510819	0.414947099872	0.328685730985	0.255851792759	0.196603254967	0.14652683709	0.10566203157	0.0777606205053	0.057106072753	0.0415263039417	0.0317716704909	0.0237744507588	0.0185515751561	0.0159845663532	0.0139901979756	0.0122624035891	0.0109690260769	0.0104260049839	0.00986323766947	0.00972501411855	0.00997184188805	0.00960653678919	0.00933008968734	0.00933008968734	0.00951767879216	0.0101396847713	0.0133385726641	0.0193809164616	0.0257095804718	0.032887332009	0.0549734808244	0.143081121427
PD_211P_1_bbduk_adapt_filt	0.0	0.0	0.0	0.0	0.0	0.0	0.000180071164124	0.000360142328248	0.000360142328248	0.000360142328248	0.000360142328248	0.00090035582062	0.00108042698474	0.00144056931299	0.00306120979011	0.0052220637596	0.00936370053445	0.0122448391604	0.0172868317559	0.0273708169469	0.0343935923477	0.0437572928821	0.0662661883977	0.0909359378827	0.118666897158	0.15720212628	0.180251235288	0.207982194563	0.250118846968	0.278750162064	0.317105320022	0.363563680366	0.409301756054	0.468185026723	0.515003529395	0.570825590273	0.637451920999	0.672745869167	0.737751559416	0.807078957604	0.85011596583	0.958878948961	1.05125545616	1.08492876385	1.09591310486	1.43948888601	1.85491306164	1.89614935823	1.90641341458	1.90839419739	2.71547315499	3.53533716525	3.51967097397	4.31324459426	5.69493063659	6.34894910469	6.46113343994	6.1476295432	5.45813705576	4.18719477938	3.2128297103	2.82189521299	2.35533082674	1.88498494605	1.50557500324	1.24285117478	0.964641226213	0.923224858464	0.913501015601	0.958158664304	1.08312805221	1.24573231341	1.43354653759	1.58084474985	1.65629456761	1.60983620727	1.42202198309	1.17532448824	0.851736606307	0.507980753994	0.294416353343	0.196277568895	0.147838425746	0.133792874944	0.124069032081	0.0880547992567	0.050780068283	0.0423167235692	0.0268306034545	0.0158462624429	0.0144056931299	0.0131451949811	0.0126049814887	0.0127850526528	0.0136854084734	0.00990391402682	0.00558220608785	0.00432170793898	0.00378149444661	0.00342135211836	0.00162064047712
PD_211P_2_bbduk_adapt_filt	0.000517293108621	0.000258646554311	0.000258646554311	0.000258646554311	0.0	0.000258646554311	0.000775939662932	0.00103458621724	0.00129323277155	0.00103458621724	0.000775939662932	0.00129323277155	0.00155187932586	0.00258646554311	0.00465563797759	0.00620751730345	0.011639094944	0.0188811984647	0.0289684140828	0.041642095244	0.0481082591018	0.0656962247949	0.087422535357	0.112511251125	0.145359363523	0.17639695004	0.209762355546	0.243127761052	0.280114218318	0.320721727345	0.367019460567	0.417455538657	0.456252521804	0.488324694538	0.530484082891	0.600318652555	0.667308110121	0.733780274579	0.782923119898	0.809046421884	0.863362198289	0.909918578065	0.926730604095	0.908366698739	0.866724603495	0.840601301509	0.820944163382	0.806718602895	0.781371240572	0.73740132634	0.714123136452	0.685930662032	0.673256980871	0.675584799859	0.712312610571	0.886123095068	0.983632846043	0.948974207766	0.926730604095	0.893106552035	0.865431370723	0.832583258326	0.790423869973	0.703001334616	0.646616385777	0.519362281056	0.363915701915	0.335981874049	0.304685640978	0.26640595094	0.246490166258	0.228643554011	0.198640553711	0.173551837942	0.155963872249	0.136048087567	0.122598466743	0.125702225395	0.134754854796	0.126736811612	0.115097716668	0.117166889103	0.110442078691	0.108372906256	0.1200120012	0.141479665208	0.168637553411	0.181569881126	0.20639995034	0.25140445079	0.29278789948	0.327187891203	0.373744270979	0.416938245549	0.461684099444	2.19047766846	5.56710843498	8.99624445203	11.7066016947	13.9513951395	22.6897689769
PD_212S_1_bbduk_adapt_filt	0.0	0.0	0.0	0.0	0.0	0.0	0.0	0.000327918308991	0.000655836617982	0.00131167323596	0.00229542816294	0.00196750985395	0.000983754926973	0.00229542816294	0.00393501970789	0.0036071013989	0.00590252956184	0.0121329774327	0.0147563239046	0.0160679971406	0.0229542816294	0.0311522393541	0.0455806449497	0.0593532139273	0.0783724758488	0.0970638194613	0.114115571529	0.144611974265	0.168222092512	0.203309351574	0.251841261305	0.290863540075	0.325622880828	0.376450218722	0.434491759413	0.487614525469	0.538769781672	0.587629609712	0.624356460319	0.683053837628	0.746997907881	0.847668828741	0.960472727034	1.01031631	1.01785843111	1.51990136217	2.00194127639	1.94455557232	1.94094847092	1.91996169914	2.76369550818	3.63792571994	3.63759780164	3.90452330515	4.82630167173	5.60117263587	5.69135017085	5.4709890672	4.58003502168	3.42379506417	2.92601507113	2.68007633938	2.38986863593	1.77731723473	1.2362520249	0.952274769309	0.674855879903	0.70830354742	0.738472031847	0.760770476859	0.814876997842	0.829305403438	0.839470871017	0.869967273753	0.920794611646	0.891937800455	1.00966047338	1.67599047725	4.7305495255	5.65199997377	2.39478741056	0.570577857644	0.284305173895	0.18855302767	0.144939892574	0.0846029237196	0.0262334647193	0.0173796703765	0.0163959154495	0.0157400788316	0.0144284055956	0.0150842422136	0.0150842422136	0.0150842422136	0.0157400788316	0.0101654675787	0.0036071013989	0.00327918308991	0.0036071013989	0.00196750985395	0.0
PD_212S_2_bbduk_adapt_filt	0.0	0.0	0.0	0.0	0.000494868216594	0.00148460464978	0.00247434108297	0.00247434108297	0.00296920929956	0.00346407751616	0.00346407751616	0.00346407751616	0.00346407751616	0.00494868216594	0.00692815503231	0.0079178914655	0.0084127596821	0.0143511782812	0.0202895968804	0.0227639379633	0.0311766976454	0.0440432712769	0.0534457673921	0.0677969456734	0.0940249611528	0.123717054148	0.145986123895	0.179637162624	0.217247147085	0.264259627661	0.317210526837	0.377584449261	0.401338123658	0.427071270921	0.503775844493	0.554747270802	0.593841859913	0.65817472807	0.723992200877	0.780407177569	0.813068479864	0.825440185279	0.852163068975	0.830883735661	0.805150588398	0.799212169799	0.769520076804	0.705682076863	0.665102883102	0.622544216475	0.582459890931	0.560685689401	0.537921751438	0.523570573156	0.578500945198	0.81504795273	0.949652107644	0.897690944901	0.850678464325	0.817027425597	0.780407177569	0.742797193107	0.723992200877	0.621554480042	0.508229658442	0.314241317537	0.137078495997	0.130645209181	0.115799162683	0.109860744084	0.103922325485	0.0870968061205	0.0712610231895	0.0663123410236	0.0687866821066	0.0673020774568	0.0653226045904	0.0673020774568	0.0653226045904	0.0613636588576	0.0578995813415	0.0574047131249	0.0648277363738	0.0781891782218	0.0786840464384	0.0960044340192	0.140542573513	0.164296247909	0.20190623237	0.24693924008	0.277126201293	0.318695131486	0.374615239962	0.433504557736	0.464186387165	2.99692191969	7.25773726457	9.49553134	11.172639726	13.3812365767	26.2616665182
PD_213S_1_bbduk_adapt_filt	0.0	0.0	0.0	1.52949060545e-05	3.82372651362e-05	0.000145301607518	0.000298250668062	0.000382372651362	0.00058120643007	0.000910046910242	0.00187362599167	0.00341076405015	0.00560558306897	0.00982697714	0.0163808443843	0.0260242826517	0.0399579420673	0.0607743092075	0.0888634041765	0.123284590252	0.165804429084	0.221814375055	0.288591934889	0.363422262761	0.451291498044	0.550295424934	0.654140189591	0.767299552035	0.88318905521	1.00764370578	1.14600142594	1.28499388471	1.43114435952	1.58455226724	1.76272262787	1.95411543479	2.15299509821	2.35859687285	2.56921537667	2.78377996626	2.98854816852	3.17871738294	3.34296173161	3.47324374138	3.56167888819	3.61752823765	3.62256790919	3.58278585854	3.50427710577	3.38587159055	3.24728444679	3.07714391184	2.88833594405	2.70094275507	2.51422254195	2.34552737563	2.20803381765	2.09174664692	1.98070562896	1.88801849827	1.81534475215	1.73664481305	1.64820966624	1.55585902349	1.45740571321	1.33985671273	1.202485514	1.06104587026	0.914903042914	0.765532990386	0.627274687106	0.502911805977	0.391687249149	0.296744119816	0.218594797331	0.157575769626	0.111790468352	0.0771475061388	0.0541516148859	0.038183732965	0.0238218161799	0.0144078015033	0.00926871306902	0.00575088467648	0.00372430962427	0.00234012062634	0.00143007371609	0.000986521440514	0.000718860584561	0.000565911524016	0.000405315010444	0.00030589812109	0.000290603215035	0.000267660855953	0.000282955762008	0.000275308308981	0.000282955762008	0.000367077745308	0.000489436993743	0.000412962463471	0.000130006701463
PD_213S_2_bbduk_adapt_filt	1.53117010641e-05	1.53117010641e-05	1.53117010641e-05	6.12468042566e-05	9.18702063849e-05	9.9526056917e-05	0.000168428711706	0.000283266469687	0.000489974434053	0.000972293017573	0.00171491051918	0.00306234021283	0.00521363421234	0.0091410855353	0.0159624483594	0.0259916125564	0.0399788514785	0.0604352841002	0.09021654267	0.124866922178	0.166162579948	0.220021488441	0.285976640775	0.364295991718	0.451105680901	0.54619900036	0.650387470251	0.763418447507	0.881892734491	1.00161492511	1.13335680107	1.27513549707	1.42127037203	1.57150112702	1.74492910912	1.93870634194	2.13078397594	2.33596842605	2.54508798333	2.75566980807	2.95534970164	3.13694647626	3.3057579805	3.44265989971	3.53632157512	3.59174993297	3.60451223581	3.56525303428	3.48515752601	3.37551809055	3.23884584685	3.06345031116	2.87647912946	2.69806718866	2.52033661856	2.35435777903	2.20916457368	2.08659440667	1.9827274825	1.89715038525	1.81831043647	1.73646173843	1.65632029506	1.56359263342	1.45568342017	1.33754599061	1.20625580983	1.06645232327	0.92058540308	0.774266787711	0.636162899963	0.512605128226	0.400753151952	0.305407189425	0.22892524261	0.166101333144	0.120372937916	0.0865034551619	0.059799848506	0.0422296715349	0.030317168107	0.0222708691978	0.0169730206296	0.0130608810077	0.010978489663	0.00972293017573	0.0085209616422	0.00782427924378	0.00754866862462	0.00747976596984	0.00727305800547	0.00703572663898	0.007280713856	0.00758694787729	0.00759460372782	0.0103353982183	0.0155490324306	0.0212909203297	0.0291381671251	0.0495103853909	0.119691567218
PD_214S_1_bbduk_adapt_filt	2.01393137025e-05	2.01393137025e-05	3.02089705538e-05	2.01393137025e-05	1.00696568513e-05	9.06269116614e-05	0.000261811078133	0.000342368332943	0.000422925587753	0.000775363577548	0.00126877676326	0.00188302583119	0.00296047911427	0.0047730173475	0.00768314817752	0.0122648420448	0.0194948556641	0.0291919352118	0.0434203603427	0.062895076693	0.0866796061757	0.120040379324	0.164497914322	0.219296986907	0.281597953846	0.356949196064	0.451875851201	0.558664562108	0.675603487122	0.806881603492	0.946094609461	1.0966561187	1.26609823454	1.44445199669	1.64508990945	1.86498100611	2.08334151493	2.32713797696	2.5944068091	2.86307532355	3.12652775575	3.38003136698	3.63216550488	3.85466464267	4.03287742962	4.17378213794	4.26276769553	4.27098453552	4.23437126321	4.12254772388	3.93163709964	3.7067917318	3.44765918239	3.15835794106	2.85002504827	2.5683868158	2.31671588211	2.08463043101	1.87894762016	1.70586028855	1.55710124788	1.41665974378	1.28274337731	1.16000432995	1.03468745044	0.910317118668	0.787185354691	0.669148837081	0.556489516229	0.454030757767	0.362537855616	0.280198271543	0.214101043972	0.159795384573	0.115035759869	0.081856240544	0.058967910521	0.0423630463733	0.0281446908993	0.0168666752259	0.0104825127822	0.00709910808014	0.00429974347549	0.00247713558541	0.0015708664688	0.000996896028276	0.000584040097374	0.000352437989794	0.000251741421282	0.000211462793877	0.000140975195918	0.000201393137025	0.00024167176443	0.000201393137025	0.000211462793877	0.000201393137025	0.000201393137025	0.000322229019241	0.000453134558307	0.000261811078133	2.01393137025e-05
PD_214S_2_bbduk_adapt_filt	2.01625667431e-05	2.01625667431e-05	2.01625667431e-05	1.00812833716e-05	2.01625667431e-05	7.0568983601e-05	0.000141137967202	0.000342763634633	0.00051414545195	0.000746014969496	0.00126016042145	0.00202633795769	0.00286308447753	0.0042543015828	0.00718795504393	0.0118656705283	0.018801593488	0.0287114950422	0.0420792767929	0.0602255868617	0.083049612415	0.11505768712	0.160463787425	0.215426944367	0.277820007154	0.350727848497	0.442477608462	0.547373361943	0.662894788097	0.787297824903	0.921368812461	1.07617699991	1.24528044719	1.42998972112	1.6208586592	1.83102317364	2.06144098639	2.30591210815	2.5565126502	2.81874699326	3.09092148172	3.35293403655	3.60749652297	3.83524279561	4.00912477121	4.14590762399	4.24075233795	4.27129862657	4.22854390379	4.10415094827	3.93664034376	3.71392463152	3.43946169173	3.14904008036	2.85823538022	2.5785200918	2.31986460433	2.09415475093	1.89923313694	1.72268970253	1.56370786376	1.42597737034	1.30118116348	1.17544739727	1.04452177013	0.920058245623	0.798780406663	0.676444032949	0.562656587534	0.459827497144	0.369055621666	0.290270392118	0.223623027748	0.16786344942	0.122648893498	0.0889270006206	0.0648327333626	0.0470392682117	0.0331674222925	0.0242757303587	0.0189225688884	0.0145271293384	0.0113716876431	0.00959738176973	0.00823640851457	0.00777266947948	0.0074097432781	0.00686535397604	0.00676454114232	0.00690567910952	0.00687543525941	0.00700649194324	0.00749039354508	0.00751055611182	0.00772226306262	0.0100913646549	0.0136500576851	0.0175313517832	0.0230760576375	0.0403352147696	0.11081346682
PD_215S_1_bbduk_adapt_filt	5.35456883941e-05	5.35456883941e-05	5.35456883941e-05	8.70117436404e-05	0.000127171009936	0.000167330276231	0.000220875964626	0.000254342019872	0.000287808075118	0.000421672296103	0.000655934682827	0.000943742757946	0.0013988811093	0.00244971524403	0.00435728039307	0.00684046169234	0.0109233204324	0.0177437024916	0.0282386574168	0.0439543169605	0.0637126759779	0.0910209770589	0.129921919677	0.179003236301	0.237274331696	0.310297264244	0.401532424056	0.506214244867	0.624108464288	0.756908464717	0.907786828189	1.0741332024	1.25802917597	1.46135554123	1.6918898094	1.94600426009	2.22114877991	2.50211639333	2.78787634587	3.07294689767	3.34590943068	3.59970260725	3.81827610727	4.00534466289	4.14309763949	4.22590604659	4.24613293038	4.19737288789	4.09668022087	3.95224741963	3.76737423724	3.53741558522	3.27073128418	2.99874595998	2.73902929163	2.49599210522	2.26532397283	2.0526204189	1.87152220754	1.71269900255	1.56418334258	1.42819068048	1.30304771349	1.17825279348	1.04774856444	0.923308384612	0.802696721505	0.682098444819	0.566914975872	0.460733875787	0.363963430437	0.28048570223	0.211866902553	0.155650622951	0.112104591864	0.0781900914775	0.0529566858217	0.0351795172749	0.0229041682106	0.0150262588056	0.0101469079507	0.00657273325037	0.00415648406159	0.0026772844197	0.00165991634022	0.00101736807949	0.000589002572335	0.000414979085054	0.000354740185611	0.000314580919315	0.000240955597773	0.000227569175675	0.000214182753576	0.000167330276231	0.000147250643084	0.00018071669833	0.000194103120429	0.000174023487281	0.000207489542527	0.000160637065182	4.01592662956e-05
PD_215S_2_bbduk_adapt_filt	4.01892134964e-05	4.01892134964e-05	4.01892134964e-05	8.70766292422e-05	0.000140662247237	0.000174153258484	0.000200946067482	0.00022104067423	0.00022773887648	0.000274626292226	0.00044877955071	0.000857369887924	0.00148030269712	0.00239125820304	0.00388495730465	0.00656423820442	0.011360151015	0.0177234431519	0.0268865838291	0.0418771604633	0.0622463935037	0.0887444816023	0.126261112401	0.173423154439	0.232588374908	0.30465433291	0.389212438106	0.488787912746	0.601170350086	0.732106807658	0.8823139931	1.04752515158	1.2298167258	1.42615443013	1.64728218099	1.89956996872	2.16359970498	2.43390565676	2.71444646157	3.00310548751	3.28554188356	3.54194906566	3.77428290889	3.97395631794	4.1137879881	4.19750211981	4.22790525982	4.19978620678	4.11403582158	3.96769349884	3.78031798911	3.5512729632	3.29551550671	3.03960399157	2.7731896953	2.51567061162	2.2860361439	2.08352269709	1.90311331771	1.73779498799	1.58680411288	1.44930341711	1.3209256728	1.19494588489	1.07118320193	0.941412231547	0.810790589481	0.691107111689	0.578376367832	0.471962028695	0.375775844394	0.291646424141	0.221616719624	0.165184365673	0.121190573298	0.0882421164336	0.0634118806951	0.0450253155205	0.0321848618084	0.0241202263001	0.0180315604554	0.0141198103417	0.011654871914	0.00970569505939	0.00814501393527	0.00714028359786	0.0067785806764	0.0066982022494	0.00657093640667	0.00653074719317	0.00643697236168	0.00626281910319	0.00632310292344	0.00687905371014	0.00716707640686	0.00902247842995	0.0123983723636	0.0158077573086	0.0214409454003	0.0393318436085	0.104029779135
PD_216S_1_bbduk_adapt_filt	0.0	0.0	0.000349093752618	0.000698187505236	0.000698187505236	0.000698187505236	0.00104728125785	0.00139637501047	0.00209456251571	0.00279275002095	0.00139637501047	0.000349093752618	0.00139637501047	0.00418912503142	0.0076800625576	0.0115200938364	0.01466193761	0.0171055938783	0.0240874689307	0.0377021252828	0.0569022816768	0.0761024380708	0.088669813165	0.112408188343	0.147317563605	0.187114251403	0.233892814254	0.275085877063	0.31732622113	0.364802971486	0.415770659368	0.473720222303	0.546331722847	0.617197754629	0.685969223895	0.772544474544	0.852137850141	0.921956600665	0.983746194878	1.0594995392	1.10802357081	1.19459882146	1.27907950959	1.28187225961	1.29793057223	1.7203340129	2.12318820342	2.12667914095	2.14134107856	2.13121735973	2.52115508141	2.91039461558	2.89747814673	3.17465858631	3.7471723406	3.98734884241	3.91997374815	3.83409668501	3.1732622113	2.31414248611	2.00309995252	1.87707710783	1.70567207529	1.3733348228	1.1139581646	1.07381238305	1.02738291396	1.0137682576	1.0402993828	1.10837266456	1.19599519647	1.29862875974	1.46235372972	1.71754126288	2.13994470355	2.85698327143	4.06554584299	5.1404055073	4.45094534588	2.40874689307	0.905200100539	0.308598877314	0.158837657441	0.120088250901	0.0872734381546	0.0425894378194	0.00942553132069	0.0076800625576	0.00942553132069	0.0108219063312	0.00907643756807	0.00663278129975	0.00698187505236	0.00837825006284	0.0076800625576	0.00488731253665	0.00418912503142	0.00663278129975	0.00628368754713	0.00279275002095	0.000349093752618
PD_216S_2_bbduk_adapt_filt	0.0	0.0	0.0	0.000474007783208	0.000948015566416	0.00189603113283	0.00331805448245	0.00331805448245	0.00379206226566	0.00474007783208	0.00331805448245	0.00189603113283	0.00331805448245	0.00900614788095	0.011376186797	0.0123242023634	0.0151682490626	0.0218043580276	0.0308105059085	0.0459787549712	0.0658870818659	0.0895874710263	0.118027938019	0.154526537326	0.191973152199	0.230367782639	0.274450506477	0.334175487161	0.386790351098	0.462157588628	0.544160935123	0.591561713443	0.691103347917	0.791118990174	0.867908251053	0.933795332919	1.01532467163	1.10017206483	1.15089089763	1.1433067731	1.20492778491	1.28076903023	1.26702280451	1.27650296018	1.27176288235	1.22104404954	1.19023354363	1.19544762925	1.1433067731	1.06509548887	0.991150274688	0.92052311499	0.906302881493	0.924315177255	0.928581247304	1.0783677068	1.26512677338	1.24284840757	1.15515696768	1.10823019714	1.05466731764	1.00347447705	0.983566150156	0.908672920409	0.822403503866	0.617158133737	0.412386771391	0.383472296615	0.360719923021	0.332279456029	0.283930662141	0.241743969436	0.200031284514	0.175382879787	0.157844591808	0.142202334962	0.133196187081	0.122768015851	0.119923969152	0.116131906886	0.110917821271	0.104755720089	0.0948015566416	0.0929055255087	0.109495797921	0.123242023634	0.131300155949	0.147890428361	0.181544980969	0.205719377912	0.233211829338	0.281560623225	0.351239767357	0.410016732475	0.464527627544	1.72965440093	3.62284148706	4.69267705376	6.56121573516	9.91434679357	27.916688392
PD_217P_1_bbduk_adapt_filt	0.0	0.0	0.0	0.0	0.0	0.0	0.0	0.0	0.000214064463372	0.000428128926745	0.000642193390118	0.00149845124361	0.00342503141396	0.00363909587733	0.00406722480408	0.0122016744122	0.0203361240204	0.0263299289948	0.0351065719931	0.0473082464053	0.0588677274274	0.0740663043269	0.0971852663711	0.130793387121	0.173820344258	0.216633236933	0.259660194071	0.299690248721	0.358557976149	0.422777315161	0.485070074002	0.56684269901	0.631918295876	0.696137634887	0.777054002042	0.883658104802	1.0028920109	1.11206488722	1.21717053874	1.32463089935	1.44579138562	1.60163031495	1.73584873349	1.78636794684	1.80263684606	2.19994049008	2.6147974201	2.62271780524	2.59274878037	2.52274970084	3.17735882984	3.84181492415	3.75747352558	3.89447478214	4.38104330738	4.66210994779	4.62486273116	4.50413037382	3.86621827297	2.80210382555	2.21556719591	1.86664212061	1.49309963202	1.36144998705	1.28053361989	1.08659121608	0.905064551139	0.888367522996	0.848123403882	0.807451155841	0.779408711139	0.761213231753	0.774485228482	0.798888577306	0.827787279861	0.819010636863	0.955583764495	1.57187535454	3.22873430105	3.22038578698	1.18591712708	0.282351027188	0.174034408722	0.128010549097	0.102965006882	0.0614365009879	0.0246174132878	0.0205501884838	0.0207642529471	0.0211923818739	0.0179814149233	0.0149845124361	0.0154126413628	0.0162688992163	0.0164829636797	0.00920477192502	0.00363909587733	0.00470941819419	0.00406722480408	0.00256877356047	0.00107032231686
PD_217P_2_bbduk_adapt_filt	0.000576068390839	0.000864102586259	0.00115213678168	0.000864102586259	0.00028803419542	0.0	0.0	0.0	0.00172820517252	0.00259230775878	0.00230427356336	0.00259230775878	0.0028803419542	0.00374444454046	0.00691282069007	0.0146897439664	0.0213145304611	0.0316837614962	0.0452213686809	0.0604871810381	0.0898666689709	0.112909404605	0.135088037652	0.176564961792	0.209976928461	0.259230775878	0.322310264675	0.385965821862	0.447029071291	0.493402576754	0.558786339114	0.660174375902	0.748024805505	0.813408567865	0.917100878216	1.03663506932	1.15386498685	1.26274191272	1.36153764175	1.42058465181	1.45630089204	1.54299918486	1.5911008955	1.59311713487	1.59570944263	1.53695046676	1.46004533658	1.3837162748	1.28981712709	1.21435216789	1.13139831961	1.03058635121	0.957425665575	0.880808569593	0.842211987407	0.941871819022	0.998902589715	0.933518827355	0.886569253502	0.845380363557	0.785181216714	0.721813693722	0.68292907734	0.636555571877	0.574052151471	0.442996592555	0.320005991111	0.3018598368	0.273632485649	0.24338889513	0.220058125301	0.187510261218	0.16792393593	0.161299149435	0.14776154225	0.121550430467	0.106572652305	0.111469233627	0.110893165237	0.10628461811	0.0985076948335	0.0970675238564	0.11002906265	0.110605131041	0.107436754892	0.128751285353	0.168788038516	0.209976928461	0.242524792543	0.278529066971	0.317989751743	0.355722231343	0.413905138818	0.479864969569	0.529406851181	2.24061800617	5.10252577186	6.98511727312	8.40512585654	10.4052353095	19.9106517926
PD_218S_1_bbduk_adapt_filt	0.0	0.0	0.0	0.0	0.0	0.0	0.0	0.0	0.0	0.0	0.0	0.0	0.0	0.0	0.0	0.0	0.0	0.0	0.0192086054552	0.0384172109105	0.0192086054552	0.0	0.0576258163657	0.115251632731	0.115251632731	0.0576258163657	0.0960430272762	0.249711870918	0.384172109105	0.461006530926	0.557049558202	0.710718401844	0.595466769113	0.80676142912	1.19093353823	1.24855935459	1.59431425279	1.78640030734	2.11294660008	2.45870149827	2.53553592009	2.573953131	2.78524779101	3.41913177103	3.66884364195	3.70726085286	3.57280061468	3.72646945832	4.0338071456	3.74567806377	3.34229734921	3.3038801383	3.57280061468	3.43834037649	3.38071456012	3.4767575874	3.36150595467	3.49596619285	3.55359200922	3.24625432194	2.80445639647	2.40107568191	2.07452938917	1.92086054552	1.69035728006	1.4598540146	1.42143680369	1.03726469458	0.653092585478	0.499423741836	0.36496350365	0.288129081829	0.211294660008	0.192086054552	0.153668843642	0.076834421821	0.0576258163657	0.0576258163657	0.0192086054552	0.0	0.0	0.0	0.0	0.0	0.0	0.0	0.0	0.0	0.0	0.0	0.0	0.0	0.0	0.0	0.0	0.0	0.0	0.0	0.0	0.0	0.0
PD_218S_2_bbduk_adapt_filt	0.0	0.0	0.0	0.0	0.0	0.0	0.0	0.0	0.0	0.0	0.0	0.0	0.0	0.0	0.0	0.0	0.0	0.0	0.0203707476064	0.0203707476064	0.0	0.0814829904257	0.203707476064	0.162965980851	0.0611122428193	0.0407414952129	0.0814829904257	0.203707476064	0.346302709309	0.387044204522	0.427785699735	0.529639437767	0.692605418619	0.814829904257	0.937054389896	0.937054389896	0.957425137503	1.34446934202	1.52780607048	1.46669382766	1.65003055612	1.85373803219	2.13892849868	2.40374821756	2.17966999389	2.48523120799	2.87227541251	2.8519046649	2.93338765533	2.81116316969	2.79079242208	2.70930943166	2.32226522713	2.09818700346	2.36300672235	2.34263597474	1.8944795274	1.85373803219	1.83336728458	1.93522102261	2.03707476064	1.62965980851	1.38521083724	1.2629863516	1.14076186596	1.28335709921	1.16113261357	0.835200651864	0.692605418619	0.651863923406	0.651863923406	0.468527194948	0.325931961703	0.325931961703	0.346302709309	0.325931961703	0.28519046649	0.28519046649	0.346302709309	0.407414952129	0.407414952129	0.387044204522	0.366673456916	0.366673456916	0.448156447342	0.550010185374	0.57038093298	0.57038093298	0.387044204522	0.203707476064	0.203707476064	0.427785699735	0.611122428193	0.57038093298	0.57038093298	0.814829904257	1.05927887553	1.05927887553	3.7889590548	6.57975147688	6.6408637197
PD_221P_1_bbduk_adapt_filt	7.46157846708e-05	7.46157846708e-05	8.39427577546e-05	0.000111923677006	0.000158558542425	0.000167885515509	0.000186539461677	0.000317117084851	0.000624907196618	0.00131510320482	0.00199597223994	0.00286338073674	0.00448627405333	0.00765744490184	0.0117053512202	0.0176373061016	0.0261528325271	0.0371586607661	0.0526880709507	0.073300681466	0.100899194821	0.137153139198	0.182127803408	0.238043007046	0.304488363295	0.385586394259	0.481831429512	0.583868515049	0.69946701945	0.83269350298	0.970434241482	1.11750195307	1.2790731078	1.44160494076	1.61708261236	1.79632838108	1.97011787056	2.15502511194	2.32776998043	2.49470414468	2.66553698369	2.82576505429	2.95734066359	3.04272910217	3.11570333958	3.16740275138	3.16992103412	3.15420508447	3.12342607329	3.07391850016	3.01313461658	2.92977013115	2.85216971509	2.78531397203	2.72912828617	2.69094365837	2.64781573483	2.60968706886	2.56595289207	2.51011230422	2.45690192277	2.37073934543	2.24429357133	2.10960275302	1.95129603887	1.76348810886	1.56705272874	1.36747415869	1.15949198589	0.958029367281	0.777515130216	0.61175616457	0.469174727037	0.355171135033	0.260642262828	0.189290918737	0.134644183438	0.0919826085529	0.062518700581	0.0407681993495	0.0262461022579	0.0164527805199	0.0105114986655	0.00654753510486	0.00419713788773	0.0027701110059	0.00166952818201	0.00127779531249	0.000886062442966	0.000512983519612	0.000401059842605	0.000345098004102	0.000298463138683	0.000233174327096	0.000270482219432	0.000223847354012	0.000167885515509	0.000139904596258	0.000195866434761	0.000205193407845	7.46157846708e-05
PD_221P_2_bbduk_adapt_filt	7.46945785368e-05	7.46945785368e-05	0.000102705045488	0.000121378690122	0.000121378690122	0.000130715512439	0.000196073268659	0.000392146537318	0.000700261673782	0.001148429145	0.00184869081879	0.00284773080671	0.00433228555513	0.00705863767173	0.0111668394912	0.0172077635304	0.0250226838098	0.0366563644169	0.0514272173226	0.0705770398949	0.098316738999	0.132433487746	0.176409920859	0.232636264853	0.296584160903	0.374089122957	0.464310837007	0.566100873908	0.686732618245	0.815160609216	0.945371933251	1.08870149264	1.24296447096	1.40013120103	1.56513152501	1.74332477894	1.93144307498	2.10961765526	2.28544869313	2.46438889284	2.62821277722	2.78294259666	2.91460112815	3.0091738014	3.08769647709	3.14500589247	3.15856295847	3.14895536831	3.12254149797	3.07141305897	3.0128151621	2.94025871588	2.8770951129	2.81635908373	2.74811624941	2.69498973043	2.65303005094	2.61471173215	2.57314419919	2.52903705057	2.4667137616	2.37759379258	2.26421675919	2.12592908385	1.96628809587	1.78764667448	1.5861673857	1.37877788839	1.17307835592	0.97707978184	0.794152759003	0.625408369266	0.483469996402	0.367824115182	0.273559557069	0.198183390503	0.140892648765	0.10041752402	0.070726429052	0.0489529594085	0.0356386507844	0.0250787047437	0.0180107302497	0.0138371706739	0.0108493875325	0.00929013820551	0.00826308775063	0.00771221523392	0.00722670047343	0.00661980702282	0.0066104702005	0.0069372589816	0.00665715431209	0.00669450160136	0.0073200686966	0.0102051467926	0.0156018300919	0.0217641328212	0.0291402224517	0.0469922267219	0.113302338818
PD_222S_1_bbduk_adapt_filt	7.51231550223e-05	6.57327606445e-05	4.69519718889e-05	3.75615775111e-05	7.51231550223e-05	0.000103294338156	0.000131465521289	0.0001690270988	0.000215979070689	0.000431958141378	0.000835745099623	0.00124892245225	0.00204710597436	0.0036340826242	0.00658266645883	0.0106768784075	0.0166585596262	0.0241520943397	0.035073123001	0.0511682589645	0.072606529329	0.0997447690808	0.133662873573	0.177882240698	0.2324967744	0.296135477098	0.375174426576	0.466899798858	0.573076988087	0.691668278684	0.819959846674	0.963294826456	1.13139227621	1.31729391371	1.5133935195	1.7373732062	1.97499713593	2.2210724206	2.48267002718	2.74641803406	3.01029750647	3.25916173827	3.47898148026	3.67681830902	3.81466929848	3.88886280446	3.90718346389	3.87563173878	3.79870562804	3.66708986044	3.50261710291	3.33133630946	3.15614911195	2.97479242533	2.79472222274	2.63146082609	2.49733782319	2.37357242529	2.24618233517	2.11896127214	2.00098035717	1.87056656005	1.73264044743	1.58908948858	1.43408224859	1.28224896189	1.12360763927	0.966046212009	0.821405967408	0.685151344986	0.55605220308	0.442503554264	0.347228612907	0.264499238439	0.198625621879	0.148396402352	0.109304190557	0.0779402733356	0.0528397491638	0.0357398410018	0.024358683016	0.0162923342455	0.010986761422	0.00729633643154	0.00470458758327	0.00318334369407	0.00223491386191	0.00162453822736	0.00119258008598	0.000798183522112	0.000544642873911	0.000441348535756	0.000366225380734	0.000262931042578	0.000215979070689	0.0001690270988	0.000187807887556	0.000262931042578	0.000394396563867	0.000309883014467	4.69519718889e-05
PD_222S_2_bbduk_adapt_filt	9.40174266941e-05	7.52139413553e-05	4.70087133471e-05	3.76069706777e-05	8.46156840247e-05	0.00015982962538	0.000235043566735	0.000263248794744	0.000282052280082	0.000394873192115	0.000714532442875	0.00118461957635	0.00195556247524	0.00343163607434	0.00637438152986	0.0101350785976	0.0152966353231	0.0225171736932	0.0332633655644	0.0498668431186	0.0699207602324	0.0955405090066	0.130656017877	0.174345916062	0.228133285873	0.290805302508	0.365803003782	0.453361433262	0.552916486388	0.668915187443	0.799646419262	0.94372812567	1.10608681983	1.279003671	1.47468214118	1.69991028857	1.93432393855	2.1757606903	2.43389493703	2.69702150912	2.95478908789	3.20534553003	3.42915401427	3.61465039714	3.75602440166	3.860430754	3.89962661919	3.86396580925	3.78369373034	3.66745998571	3.51758680582	3.34762210184	3.15911716132	2.96868486355	2.80216119739	2.65547520826	2.52115251074	2.38920845412	2.26324390584	2.13585969441	2.00754471046	1.87932374393	1.74543352658	1.60597747756	1.45200513786	1.29449774292	1.13693393753	0.98130689112	0.834855945559	0.699414440663	0.572970403502	0.458861452723	0.362597009531	0.278225770816	0.211369978694	0.16148433209	0.119279909247	0.0864490238453	0.0641762954614	0.0471497394871	0.0352471332676	0.0271334293439	0.0209188774394	0.0168103158929	0.013820561724	0.0118649992488	0.0111034580926	0.0105675587604	0.00933593047073	0.00855558582917	0.00875302242522	0.00859319279984	0.0084521666598	0.009129092132	0.00916669910268	0.0117051696234	0.0176282675052	0.0240496577484	0.0324266104668	0.054718142336	0.134040645238
PD_223P_1_bbduk_adapt_filt	5.38833965992e-05	5.38833965992e-05	6.7354245749e-05	7.40896703239e-05	0.000101031368623	0.000134708491498	0.000175121038947	0.000276152407571	0.000565775664291	0.00119217014976	0.00215533586397	0.00412881526441	0.00682972051895	0.0107025896495	0.016367081717	0.0235201026155	0.0335289435338	0.0463666627736	0.0607131171181	0.0794578037101	0.107443492819	0.141268795034	0.179775217329	0.228095153229	0.287939400577	0.357651044927	0.437243557129	0.524527924195	0.620150746884	0.725196428555	0.835206118136	0.952011851114	1.07455616583	1.20032001349	1.33754755378	1.48593569259	1.64043286149	1.80269597492	1.97743309467	2.15856213234	2.33597995107	2.50293765543	2.6583036941	2.79230496602	2.89382128521	2.96228014059	2.99267711169	2.99625362214	2.97817574258	2.94026877308	2.90205197404	2.86294609896	2.83430033824	2.82058701381	2.81737421628	2.82674319187	2.83908922511	2.85293052261	2.86446156949	2.85922814459	2.82846746056	2.76776781429	2.6721180499	2.53805615916	2.36600647382	2.15575346029	1.90832090311	1.6556481856	1.40828971809	1.16123434468	0.93394070698	0.735488157305	0.562138535021	0.418114951336	0.303841737998	0.217581155467	0.153715859648	0.106722802389	0.0719949532811	0.0474039181581	0.0315419932842	0.0210212600983	0.0138682391997	0.00872237482449	0.00561060867089	0.00363712927044	0.00246516539441	0.00167712071915	0.000969901138785	0.000545569390567	0.000437802597368	0.000363712927044	0.000282887832146	0.000242475284696	0.000309829530445	0.000370448351619	0.000370448351619	0.000444538021943	0.000687013306639	0.000532098541417	0.000121237642348
PD_223P_2_bbduk_adapt_filt	6.74093332671e-05	6.74093332671e-05	7.41502665938e-05	7.41502665938e-05	7.41502665938e-05	8.76321332472e-05	0.000134818666534	0.000208968933128	0.000431419732909	0.000957212532393	0.00189420226481	0.00376818172963	0.00644433226033	0.00990917199026	0.0156254834513	0.0235056345102	0.0329362002343	0.0447463154227	0.0591853946085	0.0786329872561	0.10522596923	0.136497158933	0.174435131695	0.223111411247	0.281467671057	0.34629522686	0.425649493982	0.516429643093	0.6108094506	0.711997600767	0.819636824128	0.934562996415	1.05058794083	1.17663665311	1.31740082284	1.46246570803	1.60991688362	1.76850408106	1.9368791137	2.11053229713	2.28527751175	2.45692863799	2.62075354062	2.7503210201	2.853760642	2.93554838605	2.96969795428	2.97616250934	2.96791160695	2.94315215884	2.9134516066	2.87527096024	2.83761610668	2.8203458355	2.82222655589	2.82923712655	2.84270551134	2.86449220785	2.87196790291	2.86399337879	2.84122250601	2.7787205722	2.68289820496	2.55854820789	2.38231324699	2.16550460841	1.92407134038	1.67214918009	1.42545124313	1.17842974138	0.94656859867	0.748439086331	0.574691529835	0.430684971177	0.319169711153	0.230142204707	0.167208851169	0.120163877482	0.0828932571185	0.0583630007426	0.0426498851581	0.0309139202363	0.0231551059772	0.0178836961158	0.0145334522524	0.0123089442546	0.0106641565229	0.00953842065729	0.00896544132452	0.0083789801251	0.0080014878588	0.00802845159211	0.00804193345876	0.0083789801251	0.00867558119147	0.0101451046567	0.0128819235873	0.0159962347843	0.0208092611796	0.0362055528978	0.0975210824375
PD_224S_1_bbduk_adapt_filt	1.2547522959e-05	1.2547522959e-05	2.5095045918e-05	3.13688073975e-05	3.7642568877e-05	7.52851377539e-05	0.000100380183672	9.41064221924e-05	0.000112927706631	0.000213307890303	0.000451710826524	0.000853231561211	0.00129239486478	0.00230247046297	0.0044982869808	0.00831273396033	0.0148060770916	0.0239469475672	0.03748572484	0.0580699362542	0.0855615590573	0.122815154723	0.172660189677	0.235404078234	0.312847389936	0.40394868038	0.512949012325	0.635845725947	0.773517147853	0.929012326122	1.10644057452	1.29634733451	1.49431587799	1.71094258812	1.95750768802	2.21981365548	2.49988064169	2.79526815343	3.10987847034	3.4340249047	3.72358409202	3.98104671562	4.21517722027	4.41051078394	4.53760464399	4.57054189176	4.5097679643	4.35875852549	4.12629056763	3.83707643719	3.51514464063	3.17336893651	2.82510616302	2.50036372132	2.19915415893	1.93485940908	1.7195941052	1.55095539663	1.42411248704	1.31875721051	1.22886675603	1.15305462232	1.07455104492	0.994397468261	0.905786861125	0.808951352689	0.70493866112	0.601917223866	0.505451867357	0.40793251892	0.320727234355	0.246420803392	0.184831286947	0.135387772727	0.0972182078862	0.0701908434326	0.0508111942224	0.0387216558514	0.02815664152	0.0171587376464	0.0102952425878	0.006424331755	0.00434144294381	0.00276045505098	0.00172528440686	0.00105399192855	0.000577186056113	0.000407794496167	0.000288593028057	0.000238402936221	0.000232129174741	0.000219581651782	0.000207034128823	0.000200760367344	0.000207034128823	0.000288593028057	0.00037642568877	0.000382699450249	0.000457984588003	0.000307414312495	4.39163303565e-05
PD_224S_2_bbduk_adapt_filt	2.51201591412e-05	1.88401193559e-05	2.51201591412e-05	3.76802387118e-05	4.39602784972e-05	9.42005967796e-05	0.000144440915062	0.000144440915062	0.000163281034418	0.000244921551627	0.000533803381751	0.000854085410802	0.00134392851406	0.00239897519799	0.00460326916263	0.00868529502308	0.0146764529783	0.0232110270465	0.0359909080096	0.0558735139699	0.0844288548737	0.121926972432	0.170214198341	0.231457146327	0.309078438074	0.399058848118	0.50282394549	0.621158735165	0.756713393931	0.910084525567	1.0863903625	1.273045705	1.46493860068	1.67995460285	1.92118349108	2.18189306273	2.46003602482	2.75316944188	3.05893829899	3.37363737267	3.67855214436	3.94665960288	4.18354270358	4.38454165695	4.50293924702	4.53707126325	4.48898499862	4.35823457029	4.1448262583	3.85742651757	3.53765317174	3.18630378587	2.83646788959	2.51865391618	2.21448018917	1.94349647244	1.73407598572	1.57351420853	1.44123145049	1.33540650007	1.24318411582	1.16472129874	1.08524111522	1.00275279264	0.916653447183	0.819551472022	0.714869488841	0.609484141204	0.510793315978	0.417986888031	0.332352265518	0.255993261769	0.193506865905	0.143505189134	0.104374261232	0.0769995678077	0.0573116430807	0.0413289418271	0.0295915474684	0.0217414977367	0.0164348641182	0.0130499226739	0.0107011877942	0.00893021657471	0.00789401001013	0.00704620463912	0.00670708249071	0.00622351942724	0.00579019668205	0.00561435556807	0.00562063560785	0.0058969573584	0.00617327910896	0.00644332081973	0.00692060384341	0.0100292235371	0.0144943318245	0.017960913786	0.023751110468	0.0441423996509	0.114924728071
PD_225P_1_bbduk_adapt_filt	7.27277117382e-05	7.27277117382e-05	6.54549405644e-05	6.54549405644e-05	8.0000482912e-05	8.72732540858e-05	8.72732540858e-05	0.000116364338781	0.000225455906388	0.000334547473996	0.000443639041603	0.000654549405644	0.00101091519316	0.0016654645988	0.00358547618869	0.00745459045316	0.0130764425705	0.0219055867755	0.0352802129642	0.0544003283802	0.0826986810175	0.122735286329	0.173877413224	0.238765077636	0.320911028045	0.41406795401	0.5208176893	0.645938444574	0.787190206312	0.933721999922	1.09469024431	1.2725385906	1.45609606225	1.65646090809	1.87595314212	2.10271814732	2.3331704475	2.57470645096	2.82327522413	3.06941489174	3.32352551655	3.55904693825	3.75294629051	3.90881632231	4.02671521581	4.08238100637	4.05495538628	3.96120936585	3.82213943546	3.64354926652	3.43511891745	3.20261569579	2.95167599921	2.70599451619	2.47781132061	2.27090825348	2.08995443391	1.9368626007	1.80140723759	1.67840285872	1.57104948343	1.47159433762	1.37293919665	1.2679203809	1.15008694234	1.03180259197	0.911830958689	0.79715390282	0.68278230334	0.56549432262	0.457900945875	0.364554927859	0.282983526373	0.213957655163	0.158931868461	0.116211610586	0.0832659571691	0.0577530758913	0.039120236144	0.0257965193535	0.0165891910475	0.0109527933878	0.00752004539373	0.0047491195765	0.00293092678305	0.0019709209881	0.00126546218424	0.000792732057946	0.000509093982167	0.000356365787517	0.000276365304605	0.000225455906388	0.000196364821693	0.000174546508172	0.000174546508172	0.000254546991084	0.0003054563893	0.000334547473996	0.00040000241456	0.000320001931648	0.000101818796433
PD_225P_2_bbduk_adapt_filt	5.82176506165e-05	7.27720632707e-05	8.00492695977e-05	8.73264759248e-05	0.000101880888579	0.000101880888579	0.000109158094906	0.00012371250756	0.000211038983485	0.000327474284718	0.000400246347989	0.000647671363109	0.00104064050477	0.00167375745522	0.00318741637125	0.0065349312817	0.0117526882182	0.020492613017	0.0348068778624	0.0536912282811	0.0793142717587	0.118924105797	0.171763900938	0.235264803348	0.31300719854	0.404932868863	0.51157305038	0.633706404167	0.770874466226	0.919889820185	1.08103627709	1.25753763935	1.4382888901	1.63017426653	1.84571056353	2.06873510583	2.30180947008	2.53997787875	2.77624693657	3.02720867396	3.28001154456	3.52061054015	3.7360958967	3.89992764274	4.00127729525	4.05963321279	4.04840448343	3.96367597016	3.83080873704	3.64507259996	3.43513247463	3.21007031455	2.968132313	2.72390926866	2.49182460448	2.28552308232	2.10923275904	1.95366064218	1.8099139856	1.68894498483	1.58402950121	1.48315286711	1.38177410576	1.27175002331	1.16070713196	1.04606202348	0.924670944742	0.806059758817	0.6875722854	0.570482035598	0.464351258524	0.372694844834	0.294093739296	0.222187663578	0.164384813722	0.121878651566	0.0888837980788	0.0633189722518	0.0446893240545	0.0316412931101	0.022450181519	0.0163737142359	0.0123348647244	0.00948947705049	0.00763378943709	0.0066950298209	0.00590909153758	0.00531236061876	0.00502127236567	0.00497760912771	0.00504310398466	0.00485389662015	0.00476657014423	0.00511587604793	0.00551612239592	0.0073135923587	0.00987516898583	0.0128879324052	0.0184477180391	0.0352289558293	0.0870281104654
PD_226S_1_bbduk_adapt_filt	0.0	0.0	0.0	2.87814536917e-05	5.75629073835e-05	7.6750543178e-05	9.59381789725e-05	0.00010553199687	0.00017268872215	0.000268626901123	0.000470097076965	0.000844255974958	0.00136232214141	0.00251358028908	0.00438437477904	0.0069842994292	0.0110041091281	0.0179692209215	0.0273423810072	0.0403611918937	0.0589731986144	0.0853178225602	0.122215646193	0.168198815375	0.22634694565	0.302301201942	0.387714962681	0.480467994112	0.595843248144	0.728401030031	0.873641839177	1.03311028027	1.20994353175	1.39717648183	1.61556055862	1.85476322026	2.09760193887	2.36036701726	2.62503167159	2.88011210184	3.13740870403	3.3796334183	3.5803840578	3.74299927116	3.84104809007	3.87672749883	3.85855680773	3.78792712037	3.67623589241	3.50942818063	3.30985758073	3.10375359085	2.90194763138	2.71485858856	2.53842827743	2.38419806092	2.25707997378	2.14921667916	2.06421545259	1.99732735421	1.93255948959	1.86320578001	1.77906799705	1.67545476376	1.55644345274	1.42114183894	1.27244725535	1.11537726873	0.956167860729	0.798253618141	0.647064641898	0.514506860012	0.40108874483	0.302512265936	0.221550036701	0.162432930818	0.118368525216	0.0810389797781	0.0531113758792	0.0352476869545	0.0223535957006	0.0137479410468	0.00882631246547	0.00572750928466	0.00339621153563	0.00221617193426	0.00152541704566	0.0010361323329	0.000815474521266	0.000633191981218	0.000470097076965	0.000393346533787	0.000354971262198	0.000307002172712	0.000297408354815	0.000297408354815	0.000374158897993	0.000527659984349	0.000671567252807	0.000498878530657	0.000124719632664
PD_226S_2_bbduk_adapt_filt	0.0	0.0	0.0	2.88274132557e-05	5.76548265113e-05	7.68731020151e-05	0.000105700515271	0.000105700515271	0.000144137066278	0.000221010168293	0.000432411198835	0.000749512744647	0.00119153308123	0.00199870065239	0.00362264493246	0.0068513152171	0.0110697266902	0.0168832550301	0.0257524891751	0.0396280840888	0.0586445676998	0.0843105746351	0.120316013791	0.165613489154	0.221826945002	0.293568767458	0.37776403244	0.474143684092	0.585417499258	0.706934655269	0.847775787298	1.01083324581	1.19111988831	1.38164987166	1.58676652611	1.81315781154	2.05582697633	2.31264079189	2.57357692754	2.84296910441	3.10279058009	3.3317475053	3.54124592657	3.70455322266	3.80641969197	3.86385350831	3.85969275166	3.77973511643	3.65565232064	3.49992663423	3.3159404737	3.11435998194	2.90308387019	2.7124674046	2.5415977171	2.38636209672	2.25940616874	2.1616812378	2.0703271652	1.99189738286	1.93336812482	1.86175122115	1.77653738757	1.67846652767	1.56032217901	1.43077178384	1.28109024508	1.12677710192	0.969360207273	0.806888906164	0.660493692514	0.529271307374	0.412981522301	0.314065058283	0.234059377361	0.172099657136	0.126100714718	0.0912195446787	0.0653421367129	0.0464697901681	0.0340451750549	0.0252816414252	0.0195449861873	0.0156148488468	0.0129627268273	0.0118961125368	0.0112042546187	0.010262559119	0.00957070120088	0.00952265551212	0.00954187378763	0.00958991947639	0.00958991947639	0.00977249309367	0.0100511580885	0.0135392750924	0.0202752806565	0.0267518395013	0.0351886624474	0.055848308614	0.145991629864
PD_227P_1_bbduk_adapt_filt	4.08640499032e-05	6.12960748548e-05	7.15120873306e-05	0.000173672212089	0.000275832336846	0.000347344424177	0.000439288536459	0.000551664673693	0.000796848973112	0.00120548947214	0.00174693813336	0.00280940343084	0.00429072523983	0.00663019209679	0.0114419339729	0.0186850868182	0.0273891294476	0.0410581541402	0.0602744736072	0.0855284564474	0.120313978927	0.164375640736	0.217468257572	0.280286518286	0.357570652665	0.446766657591	0.542848254926	0.649677097386	0.766803680421	0.893880659607	1.02479885948	1.16699553713	1.3261507955	1.48852409779	1.66814202914	1.86211345801	2.06725098853	2.2702227244	2.47594256762	2.69912157617	2.9070582941	3.09033355792	3.24666919683	3.36733052018	3.44731168186	3.48168856384	3.48323118172	3.45901923215	3.40354628441	3.31794631588	3.21971935592	3.09366397798	2.95784209212	2.83992887612	2.71844005576	2.60413309217	2.49693647326	2.39026087099	2.28462730199	2.17978036595	2.07521947826	1.96291485311	1.84684051936	1.71844567457	1.56949621267	1.41440692727	1.24891774118	1.08814835285	0.931577745643	0.777377253333	0.631502811191	0.5013099482	0.393153024118	0.301515392211	0.229277967994	0.167665196753	0.118853089143	0.0851504639857	0.064136126323	0.0461763763906	0.0285231068324	0.0178882378451	0.0119527345967	0.00775395346913	0.00494455003828	0.00328955601721	0.00216579464487	0.00143024174661	0.0009705211852	0.000602744736072	0.000367776449129	0.000255400311895	0.000255400311895	0.000347344424177	0.000377992461604	0.000408640499032	0.000531232648741	0.00077641694816	0.0013076495969	0.00102160124758	0.000204320249516
PD_227P_2_bbduk_adapt_filt	6.13718887905e-05	5.11432406587e-05	6.13718887905e-05	0.000122743777581	0.000204572962635	0.000317088092084	0.000439831869665	0.000634176184168	0.000889892387462	0.0010944653501	0.00149338262723	0.00262876256986	0.00435740410412	0.00696570937772	0.0109651107972	0.0171125283244	0.0267990581052	0.0412009946747	0.060328566681	0.0845909200495	0.117066877868	0.161806984796	0.215036869674	0.279508038848	0.354739745857	0.438839690796	0.537617745804	0.643269452357	0.759671468096	0.887222710299	1.02029742249	1.16195397047	1.31425854115	1.47385613795	1.64994231554	1.8412384929	2.04123924982	2.24312207799	2.45160238422	2.67574275073	2.88616650009	3.06779660497	3.21041464587	3.32887261988	3.41957004287	3.46725600046	3.48389801097	3.4538564714	3.38621442131	3.30444660814	3.20354099432	3.08030624163	2.96344393673	2.84136502128	2.70478188277	2.5872035725	2.48545920953	2.38596514915	2.2786973162	2.1801545201	2.08275733259	1.96469827585	1.84768254122	1.72172696813	1.57486403825	1.41823274941	1.25472780902	1.09589736083	0.940391223288	0.785018058167	0.642747791302	0.517968512743	0.405698870849	0.309150661134	0.23230282772	0.172935753963	0.12657952063	0.0901859905776	0.0640620232491	0.0464789771106	0.0334783653352	0.0236486344806	0.0175319028978	0.0135734160708	0.0105457362238	0.00841817741242	0.00702708126651	0.00596330186081	0.0053495829729	0.00535981162103	0.00566667106499	0.00553369863927	0.00548255539861	0.0060246737496	0.00681227965574	0.0114867718519	0.0205186681523	0.0282822120843	0.0375902818842	0.0648700864515	0.134967012098
PD_228S_1_bbduk_adapt_filt	7.15311803521e-05	8.94139754401e-05	8.94139754401e-05	8.94139754401e-05	0.000125179565616	0.000205652143512	0.000277183323864	0.000393421491937	0.000590132237905	0.000983553729841	0.00172568972599	0.00293277839444	0.0048551788664	0.00854797605208	0.0144850640213	0.0233012819997	0.0361679530655	0.0515382154437	0.074356661976	0.106447337761	0.145217237512	0.193169952541	0.250037240921	0.316820539177	0.391767333391	0.473035695668	0.564068064064	0.667940279333	0.78062871258	0.896518166148	1.02768846812	1.16653943058	1.31511863357	1.4693666826	1.64306227129	1.84301874457	2.0475174478	2.26892433378	2.49099288318	2.71335649871	2.93068610741	3.12492008626	3.29307200847	3.43566047511	3.54288571445	3.59524653847	3.60208670759	3.56422883039	3.49369014517	3.39202645509	3.26466518847	3.13565870471	2.99268575798	2.84753111025	2.71626245291	2.59911226229	2.48812269457	2.38329374977	2.28821986968	2.18335515928	2.07086343678	1.95236309513	1.82097819962	1.67666404326	1.52587631508	1.35743826814	1.17507846523	1.0000863739	0.833713789799	0.67807088275	0.538388370318	0.41852893624	0.318036569243	0.235346524756	0.169010296377	0.117489963728	0.0810895343267	0.0580833184459	0.0391096728575	0.0242490701394	0.0154060279683	0.00986236149105	0.00592814657168	0.00368385578813	0.00230688056636	0.00143062360704	0.000912022549489	0.000536483852641	0.000402362889481	0.000375538696849	0.000366597299305	0.000375538696849	0.000339773106672	0.000321890311584	0.000330831709128	0.00026824192632	0.000241417733688	0.000304007516496	0.000348714504216	0.000250359131232	7.15311803521e-05
PD_228S_2_bbduk_adapt_filt	7.15855290927e-05	6.26373379561e-05	8.05337202293e-05	0.000125274675912	0.000143171058185	0.000134222867049	0.000187912013868	0.000348979454327	0.000483202321376	0.000769544437746	0.00157488164004	0.00286342116371	0.00528838096172	0.00849183338862	0.0135117686162	0.0215651406392	0.0333767529395	0.0498951137776	0.0741536599489	0.107566205653	0.144298530269	0.189996942403	0.247748567999	0.309410553121	0.381765626651	0.465207509	0.557678116205	0.66077022629	0.768506447574	0.882023200333	1.01136930321	1.15250017382	1.29763088586	1.45305201771	1.62332714685	1.81046066809	2.01344143583	2.22241749164	2.4459701508	2.66789423918	2.88292822038	3.0799763374	3.2520142602	3.40016051265	3.50316314083	3.57209105715	3.59591114196	3.56322339973	3.49362436907	3.39867511292	3.27485899217	3.13646626805	2.99778720181	2.86174785196	2.73070159277	2.60506898921	2.49355663127	2.39701459709	2.29654430701	2.19157307679	2.08590388766	1.96528227114	1.83945280737	1.69555694571	1.52708040299	1.36163729706	1.18631538812	1.00778107857	0.843805475989	0.690012914924	0.54921312739	0.428931542132	0.327423261879	0.243578710929	0.178928029967	0.1294266366	0.0921842650891	0.0653396916793	0.0460294952066	0.0323835037233	0.0234621571601	0.0179769159934	0.0141291938047	0.0114178918903	0.00961035728069	0.00814285393429	0.00731962034973	0.00704222642449	0.00694379632199	0.00668429877903	0.00655902410312	0.00669324697016	0.00688115898403	0.00684536621949	0.00717644929154	0.00986090663252	0.0138607480706	0.0180485015225	0.0239901004372	0.0392557145162	0.0985822217517
PD_229P_1_bbduk_adapt_filt	0.0	0.0	8.87235476288e-06	1.77447095258e-05	8.87235476288e-06	2.66170642886e-05	3.54894190515e-05	1.77447095258e-05	5.32341285773e-05	8.87235476288e-05	0.000168574740495	0.000363766545278	0.000576703059587	0.00112678905489	0.00219147162643	0.00360217603373	0.00605094594828	0.0108065281012	0.017247857659	0.0261113400672	0.0397481493377	0.0593737980732	0.0866385442595	0.123556412428	0.169843487226	0.229820605423	0.301837509033	0.38539734619	0.484244250603	0.597748285085	0.728810709642	0.881920935785	1.05495847073	1.24255553983	1.4575593128	1.70129177049	1.95261896386	2.20378645484	2.47685091738	2.77957566189	3.0612551809	3.30819055866	3.52773697727	3.71270782937	3.83738215849	3.88397089335	3.87560426281	3.83191678796	3.74849890848	3.60946910934	3.45922465379	3.30255661339	3.13110722995	2.97262922917	2.81580148639	2.66459881652	2.54145053241	2.43020894839	2.31890525789	2.21573751671	2.11406033113	1.99981101884	1.88517132295	1.75821679865	1.59991624497	1.42298374629	1.24363796711	1.06567627528	0.885585218302	0.715839326979	0.561158694043	0.427762840183	0.316033276654	0.226848366577	0.161929346777	0.113814566898	0.0769765499227	0.0508918269199	0.033599607487	0.0223494616477	0.0145506618111	0.00943131311294	0.00599771181971	0.00374413370994	0.00249313168837	0.00162364092161	0.00111791670012	0.000727533090556	0.000434745383381	0.000354894190515	0.000257298288124	0.000141957676206	9.75959023917e-05	0.000115340611917	0.00012421296668	0.000133085321443	0.000141957676206	0.000204064159546	0.000275042997649	0.000150830030969	2.66170642886e-05
PD_229P_2_bbduk_adapt_filt	0.0	0.0	8.87895866152e-06	1.7757917323e-05	8.87895866152e-06	0.0	8.87895866152e-06	2.66368759846e-05	5.32737519691e-05	0.0001154264626	0.000239731883861	0.000364037305122	0.000577132312999	0.000985564411429	0.0020066446575	0.00364925200989	0.0055848649981	0.00919860117334	0.0158400622522	0.0252428794747	0.0388987178961	0.057553410044	0.0832579953691	0.119759394427	0.166311774689	0.220748670243	0.28889467797	0.371326930184	0.472502664132	0.588426348416	0.713521996999	0.857467674819	1.0264875319	1.21031749203	1.42210729298	1.66540851822	1.91345998635	2.17154467777	2.44600216895	2.73344957666	3.01629768378	3.27123034487	3.50006774645	3.68341824282	3.80219207283	3.86987637471	3.88297283873	3.83033837179	3.73028138663	3.60633112372	3.47580155243	3.31930990602	3.14399486725	2.98724573104	2.83286727679	2.67723688937	2.54288936587	2.43315431577	2.33343473104	2.22934669865	2.12682136299	2.0159675641	1.90200612968	1.77024238314	1.60567976331	1.44172091266	1.25914288571	1.06822751657	0.889343136414	0.719382109715	0.565642940491	0.430886984885	0.321515972092	0.235301283489	0.169978784616	0.122556266405	0.0859660777609	0.059755391792	0.0417666215438	0.0297089956815	0.0219132699766	0.0171363902167	0.0135936857108	0.0106281135178	0.00860371094301	0.00750272006899	0.00692558775599	0.00637509231897	0.00594002334456	0.00580683896464	0.00583347584062	0.00571804937802	0.00578020208865	0.0059755391792	0.00646388190559	0.00868362157097	0.0129899165218	0.017340606266	0.0227301341735	0.0409142415123	0.101868292724
PD_230S_1_bbduk_adapt_filt	3.65355193752e-05	3.65355193752e-05	4.56693992191e-05	4.56693992191e-05	2.74016395314e-05	3.65355193752e-05	6.39371589067e-05	6.39371589067e-05	0.000109606558126	0.000210079236408	0.000301418034846	0.000447560112347	0.000876852465006	0.00183590984861	0.00350740986002	0.00615623501473	0.00982805471194	0.0158198798895	0.0241773799466	0.0379238691115	0.0569040714269	0.0829904322609	0.119471148357	0.167012992944	0.227369670952	0.299856141392	0.390281551846	0.499714566255	0.632676455141	0.78069097801	0.941867421734	1.13164204325	1.34622428242	1.57362135501	1.82427328568	2.1064919051	2.39885826502	2.6913342315	2.99575731281	3.30161441326	3.58478295618	3.83947206175	4.05165209052	4.20883702875	4.28953485717	4.28676729158	4.21126664079	4.06722535565	3.88573516315	3.66612015619	3.40542095769	3.14138789304	2.87444112073	2.61796177471	2.38929509282	2.1920489576	2.02316351928	1.88030050465	1.76502180714	1.65881305231	1.56245975384	1.47270111662	1.37497773617	1.2687415797	1.15604777019	1.02913250976	0.896234558034	0.766350786655	0.642531911493	0.526668645674	0.418642248761	0.322937455758	0.242148288539	0.17952640833	0.130660151166	0.094325577147	0.068714178065	0.0475601123467	0.0314205466627	0.0199575274587	0.0125864864248	0.00816568858037	0.00541639074738	0.00376315849565	0.00234740711986	0.00128787705798	0.000849450825474	0.000685040988286	0.000474961751878	0.000356221313909	0.000301418034846	0.000228346996095	0.000200945356564	0.000228346996095	0.000219213116251	0.000173543717032	0.000228346996095	0.000347087434065	0.00050236339141	0.000374489073596	7.30710387505e-05
PD_230S_2_bbduk_adapt_filt	3.6567219371e-05	3.6567219371e-05	3.6567219371e-05	2.74254145283e-05	1.82836096855e-05	6.39926338993e-05	0.00010055985327	9.14180484276e-05	0.00010055985327	0.00016455248717	0.000292537754968	0.000566791900251	0.00101474033755	0.00187406999277	0.00340989320635	0.00567706080735	0.00884012528295	0.0143252081886	0.0232476097151	0.0369511751744	0.0560118382716	0.0797348218386	0.113824612097	0.162623566348	0.222218992118	0.292656598431	0.381441807064	0.491289734055	0.615947384891	0.75637464908	0.919299894988	1.11038189981	1.32251748119	1.54758871642	1.79162919669	2.05797568079	2.35819255182	2.66941615589	2.96433078012	3.25816667137	3.54804416113	3.80936265256	4.02892137947	4.19254140255	4.26735793338	4.26818069582	4.20938060707	4.08082854737	3.89054187957	3.65978444173	3.41142902956	3.14329075172	2.88291386619	2.63581088129	2.40305138819	2.20304698184	2.0377997175	1.89327692474	1.76813475825	1.67040886448	1.57729044035	1.48074383941	1.38434350734	1.27753980136	1.15798327763	1.0340935384	0.903448005391	0.77706255344	0.655613676103	0.532190168921	0.420815560522	0.326106462351	0.246545334804	0.185807183429	0.136596847961	0.0981555585967	0.0717174589915	0.0510295546323	0.036859757126	0.0274711235525	0.0199382763621	0.0148005820404	0.0114089724438	0.00916923025729	0.00787109396962	0.00714889138704	0.00610672563496	0.00584161329452	0.00586903870905	0.00564963539283	0.0057501952461	0.00585075509937	0.00606101661075	0.00626213631729	0.00714889138704	0.0103302394723	0.014590320529	0.0186218564647	0.0247560075142	0.0435881254903	0.109217142456
PD_231P_1_bbduk_adapt_filt	0.0	0.0	0.0	2.19527963655e-05	5.8540790308e-05	0.000102446383039	0.000124399179404	0.000117081580616	0.000139034376981	0.000190257568501	0.000307339149117	0.000592725501868	0.00112691021343	0.00185867009228	0.00317583787421	0.00581749103686	0.0096080072093	0.0152352406777	0.0234382689196	0.0346634654611	0.0508060883885	0.0730296359092	0.102585417416	0.14103939905	0.190821023608	0.249625247472	0.321740183533	0.41036362246	0.515129684315	0.637018927335	0.768823516714	0.913785148714	1.08580726103	1.27291826206	1.47830130725	1.71626230226	1.96819259335	2.22651846578	2.48924953268	2.76422294236	3.03329104981	3.28255773494	3.5086861727	3.69892910601	3.8536011916	3.9562671026	4.00741711813	4.00136546393	3.94791040478	3.85221084783	3.71773533489	3.54842805172	3.34052043494	3.12989067142	2.930639774	2.73625507979	2.55371026041	2.38923991004	2.23073340268	2.07203663775	1.91999157013	1.77633978831	1.63699807218	1.49118759872	1.3378765865	1.18877319359	1.03844776167	0.891832352348	0.751744241141	0.62231055377	0.508624338992	0.402519156559	0.310485716596	0.236673097616	0.177737156974	0.130399610411	0.0954068530044	0.0686829822288	0.0481058944356	0.0332072633022	0.0222674531134	0.0150230303128	0.0097982647778	0.00594189021626	0.00390759775306	0.00265628836022	0.00183671729591	0.00133180297951	0.000841523860677	0.000600043100657	0.00053418471156	0.000475643921252	0.000446373526098	0.000409785532156	0.000402467933367	0.000351244741848	0.000358562340636	0.000395150334579	0.000446373526098	0.000314656747905	7.3175987885e-05
PD_231P_2_bbduk_adapt_filt	0.0	0.0	7.32489007904e-06	2.19746702371e-05	4.39493404742e-05	8.05737908694e-05	0.000109873351186	0.000131848021423	0.000146497801581	0.000183122251976	0.00038089428411	0.000717839227746	0.00112070818209	0.00190447142055	0.00333282498596	0.00552296711959	0.00917808726903	0.014554556587	0.0224214885319	0.0342511860096	0.0496407800656	0.0700112993754	0.0984611724424	0.137744557936	0.185795836855	0.243362147986	0.313710392305	0.39848867008	0.499345081578	0.614719425213	0.746384324384	0.894801247165	1.06122274976	1.24449149954	1.4544960981	1.68564765433	1.92745692562	2.18552012799	2.45180918193	2.72156290887	2.98551532286	3.24294858469	3.4793520871	3.67578366435	3.83819845207	3.94802785392	3.99340554796	3.99788838069	3.94551541662	3.84352364716	3.72023109735	3.55650515431	3.35573724213	3.14465588472	2.93659238203	2.73764104259	2.56186565536	2.39941424319	2.23558575168	2.08157261288	1.93228402818	1.78737572775	1.64752892636	1.49920722715	1.34712053444	1.19627174815	1.04417040566	0.90360576504	0.768622690664	0.633639616287	0.515430540192	0.413980812597	0.325012697697	0.248636068843	0.186542975643	0.139663679137	0.104518856538	0.0764938270954	0.0559841348741	0.0414149285069	0.0305740911899	0.0223702143014	0.0168472471818	0.0130016798903	0.0102328714404	0.0089803152369	0.00797680529607	0.00688539667429	0.00659240107113	0.00619685700687	0.00603570942513	0.00618220722671	0.00598443519457	0.00620418189694	0.00654845173066	0.00846024804129	0.0125548615955	0.0175943859698	0.024743478687	0.0446964792623	0.105090197964
PD_232S_1_bbduk_adapt_filt	1.80997457076e-05	1.80997457076e-05	1.80997457076e-05	2.71496185614e-05	4.52493642691e-05	6.33491099767e-05	0.000108598474246	0.000135748092807	0.000171947584222	0.000316745549883	0.000461543515544	0.000769239192574	0.00120363308956	0.00219006923062	0.00390049519999	0.00630776137911	0.0105340520018	0.0167241650338	0.025692589032	0.0381723636974	0.0549779775869	0.0779465548899	0.108046432002	0.14406492596	0.19042742459	0.245043407263	0.312501159515	0.397977208619	0.490421659821	0.599038233812	0.728107520453	0.87048012019	1.03204750025	1.21017614763	1.41002448986	1.63472378295	1.86993902829	2.11709105593	2.37046939609	2.61674358606	2.8609272554	3.08387992303	3.26755614247	3.42099673671	3.52877167252	3.59902583549	3.63336105309	3.6210894255	3.58376774985	3.53758624868	3.47698830005	3.39588333954	3.30956565226	3.222107681	3.10932816549	2.97863895161	2.85594077546	2.71886235134	2.56309593978	2.39780001211	2.23662177658	2.07222178632	1.90201177769	1.73117732782	1.55483150539	1.38430475121	1.21013089827	1.04097972476	0.886923739165	0.743012661044	0.607807560608	0.48445779361	0.376918154488	0.285333441208	0.213531749986	0.158562822272	0.114716188295	0.0814850551757	0.0557472167795	0.0372492766663	0.0245432551795	0.0155929309271	0.00990961077492	0.00637111048908	0.00408149265707	0.00240726617911	0.00147512927517	0.00112218423387	0.000814488556843	0.000515842752667	0.000352945041299	0.000325795422737	0.00030769567703	0.000244346567053	0.000235296694199	0.000226246821345	0.000199097202784	0.000235296694199	0.000389144532714	0.000280546058468	4.52493642691e-05
PD_232S_2_bbduk_adapt_filt	7.24966739885e-05	7.24966739885e-05	6.343458974e-05	6.343458974e-05	8.15587582371e-05	9.96829267342e-05	0.000117807095231	0.000154055432226	0.00019030376922	0.0003171729487	0.000534662970665	0.000806525498122	0.00127775387905	0.00215677605116	0.00369733037341	0.00637064522674	0.0107113835818	0.0170910908928	0.025265090885	0.0365020753532	0.0531038136966	0.0749253125671	0.105120177283	0.142510336893	0.187875130641	0.243924121719	0.311472897707	0.390131788985	0.482782538342	0.592053150212	0.712180139011	0.853847702068	1.01425565535	1.18588246894	1.37868737341	1.59962098739	1.83905031532	2.07926804458	2.32491396231	2.57188294433	2.80906487537	3.02706237405	3.21954104349	3.38306635376	3.49379596119	3.55991292787	3.60119978371	3.5956809744	3.57345168174	3.5359618392	3.46717155767	3.39093224289	3.30212381725	3.21527280181	3.10845801477	2.97557161135	2.85065984207	2.71935024131	2.56215026585	2.40055517953	2.24438828167	2.07651317097	1.90626379419	1.74156041297	1.57352218475	1.40037294102	1.22045432034	1.05232547128	0.901894872754	0.752905145624	0.614943975023	0.496520658063	0.390340216923	0.300145292397	0.227739239251	0.169071305825	0.125962971055	0.0941188070056	0.0688627782049	0.0507748580447	0.0385682305619	0.0302129888847	0.0241685786909	0.0200906407791	0.0171092150613	0.0146080798087	0.0130947117392	0.0123788070835	0.0124059933363	0.0123153724938	0.0119075787026	0.0108473148455	0.0108382527613	0.0110648048675	0.0115269711642	0.0153239844643	0.0212687117314	0.0267875210388	0.0338559467526	0.0561033635829	0.146724206069
PD_25P_1_bbduk_adapt_filt	6.39861175719e-05	4.26574117146e-05	2.13287058573e-05	3.1993058786e-05	7.46504705006e-05	0.000149300941001	0.000213287058573	0.000266608823216	0.000330594940788	0.000511888940575	0.000757169057935	0.00151433811587	0.00284738223195	0.00468165093568	0.00814756563749	0.0133944272784	0.02108342574	0.031683792551	0.0475523497089	0.068454481449	0.0947527757711	0.128196186555	0.168240831802	0.218885843861	0.27740114838	0.342304400304	0.424121315973	0.516570591511	0.617167432687	0.734560629726	0.865582869807	1.01654744987	1.18116240167	1.3496698423	1.53874881972	1.75077748465	1.98657699226	2.22425342598	2.46478790628	2.7190260801	2.97018225592	3.20480868471	3.40876443447	3.57954338227	3.69527294025	3.76749193828	3.7996129693	3.76003755559	3.66181886511	3.52503787445	3.39171213414	3.24222989913	3.05948554735	2.88821603931	2.72241734433	2.56869069687	2.42895568044	2.29892522518	2.17124092757	2.04584946583	1.93296729008	1.81929595222	1.70947444576	1.5891165586	1.46122963828	1.33252156279	1.18809423108	1.04263245713	0.911812839753	0.787743757781	0.663781319338	0.5560393617	0.455751786759	0.362950587574	0.290966205305	0.231725724787	0.183245576373	0.141355998069	0.098655928943	0.0678039559204	0.0485441345312	0.0342112441951	0.0236322060899	0.0156019483346	0.0107283390462	0.00779564199085	0.0054708130524	0.00389248881896	0.00261276646752	0.00175961823323	0.00129038670437	0.000970456116508	0.000799826469649	0.000693182940363	0.000671854234505	0.000522553293504	0.000447902823004	0.000543881999361	0.000639861175719	0.000447902823004	0.000106643529287
PD_25P_2_bbduk_adapt_filt	2.14038072236e-05	2.14038072236e-05	2.14038072236e-05	4.28076144472e-05	0.000107019036118	0.000192634265013	0.000288951397519	0.00035316281919	0.000342460915578	0.000524393276979	0.000813344674497	0.00136984366231	0.0024507359271	0.00451620332418	0.00774817821495	0.0129171976595	0.020344318766	0.0318916727632	0.0474843463256	0.0669725128027	0.0946369336392	0.128551266185	0.168116203838	0.217997776573	0.277703696823	0.346099562806	0.423977315389	0.514879284668	0.619683026738	0.732716532686	0.863226247232	1.01367360821	1.17655658118	1.34210432815	1.52889535379	1.74502029723	1.96795165137	2.20269790709	2.45330438397	2.70561246352	2.94923059734	3.18923148774	3.39531804559	3.55660643493	3.68893547309	3.7686860588	3.77238891745	3.7277940851	3.64882473835	3.52121523968	3.36992242832	3.2015600807	3.01831138516	2.8471665426	2.68166160324	2.51093413492	2.36527052486	2.24919767829	2.13080251863	2.01106962102	1.91008645854	1.81028050546	1.70643993471	1.59040989575	1.45903332701	1.32962590854	1.19011589305	1.05232888405	0.921337583844	0.791106118792	0.668943889063	0.55761198579	0.456671630923	0.367428456704	0.289914568844	0.226034906185	0.176720534342	0.133966429413	0.0985324265539	0.0712853799582	0.0524821353123	0.0404638975562	0.0301579643781	0.0216178452958	0.0158602211527	0.0127245633944	0.0108410283588	0.00917153139532	0.00767326488967	0.00674219927544	0.00645324787792	0.00641044026347	0.00690272782962	0.00694553544406	0.00726659255242	0.021971008115	0.0551576112153	0.0846948651838	0.103872676456	0.137091385267	0.221668529511
PD_26P_1_bbduk_adapt_filt	0.0	0.0	0.0	0.0	0.0	0.0	0.0	0.0	0.0	0.0	0.0	0.0	0.0	0.0	0.0	0.0102838338132	0.0102838338132	0.0205676676265	0.0308515014397	0.0102838338132	0.0205676676265	0.041135335253	0.041135335253	0.0617030028795	0.123406005759	0.205676676265	0.298231180584	0.38050185109	0.493624023036	0.699300699301	0.812422871246	0.935828877005	1.10037021802	1.23406005759	1.27519539284	1.37803373097	1.707116413	2.03619909502	2.18017276841	2.36528177705	2.67379679144	2.90004113534	3.03373097491	3.27025915261	3.59934183464	3.55820649938	3.38338132456	3.51707116413	3.42451665981	3.2599753188	3.57877416701	3.50678733032	3.07486631016	2.97202797203	3.01316330728	2.76635129576	2.62237762238	2.77663512958	2.85890580008	2.51953928425	2.2521596051	2.47840394899	2.4064171123	2.08761826409	1.79967091732	1.65569724393	1.49115590292	1.1620732209	0.966680378445	0.812422871246	0.647881530234	0.627313862608	0.503907856849	0.339366515837	0.287947346771	0.215960510078	0.133689839572	0.113122171946	0.102838338132	0.041135335253	0.0102838338132	0.0102838338132	0.0205676676265	0.0102838338132	0.0	0.0	0.0	0.0	0.0102838338132	0.0205676676265	0.0102838338132	0.0	0.0	0.0	0.0	0.0	0.0	0.0	0.0	0.0	0.0
PD_26P_2_bbduk_adapt_filt	0.0	0.0	0.0	0.0	0.0	0.0	0.0	0.0	0.0	0.0	0.0	0.0	0.0	0.0	0.0	0.0103530386168	0.0103530386168	0.0103530386168	0.0103530386168	0.0207060772337	0.0310591158505	0.0414121544673	0.0517651930842	0.0931773475515	0.19670773372	0.289885081271	0.300238119888	0.331297235739	0.434827621907	0.600476239776	0.869655243814	0.983538668599	1.03530386168	1.25271767264	1.49083756082	1.56330883114	1.76001656486	1.95672429858	2.08096076198	2.29837457294	2.56755357697	2.69179004038	2.59861269283	3.02308727612	3.62356351589	3.55109224557	3.42685578217	3.55109224557	3.56144528419	3.42685578217	3.24050108707	3.18873589398	3.28191324154	3.06449943058	2.87814473548	2.78496738793	2.67108396314	2.83673258101	2.77461434931	2.81602650378	2.72284915623	2.215550264	1.95672429858	1.71860441039	1.56330883114	1.55295579253	1.51154363806	1.36660109742	1.14918728647	0.973185629982	0.745418780412	0.600476239776	0.42447458329	0.279532042655	0.238119888187	0.22776684957	0.176001656486	0.0931773475515	0.0414121544673	0.0103530386168	0.0207060772337	0.0414121544673	0.0414121544673	0.0517651930842	0.0414121544673	0.0310591158505	0.0310591158505	0.0207060772337	0.0103530386168	0.0	0.0	0.0103530386168	0.0310591158505	0.0414121544673	0.0207060772337	0.0103530386168	0.0414121544673	0.0828243089347	0.134589502019	0.19670773372	0.289885081271
PD_27P_1_bbduk_adapt_filt	0.000211241181891	0.000202439465979	0.000149629170506	0.000176034318242	0.000281654909188	0.000360870352397	0.000396077216045	0.000510499522903	0.000906576738948	0.0014522831255	0.0023236530008	0.00477053002437	0.00857287129841	0.0137746854025	0.0224091687123	0.0348107864324	0.0525990542908	0.0766629455946	0.109792604288	0.151908814927	0.198821960739	0.252926108451	0.316016808109	0.389960023486	0.475072616357	0.56764906432	0.654812456998	0.745980630416	0.846795484473	0.950039612122	1.05233315445	1.15901875302	1.27622240211	1.40151482812	1.53883039806	1.6834425905	1.84669681724	2.00521572082	2.1660054671	2.34600935922	2.52099627327	2.69163513965	2.84467937593	2.96444432435	3.05199499253	3.13385975223	3.1845664376	3.18498011824	3.17242006964	3.13987132419	3.10259605731	3.05565650635	2.99128955788	2.92271538921	2.85819881157	2.80546773155	2.74670747612	2.67449819877	2.58413978322	2.47356382622	2.35773324481	2.2281807883	2.0787188504	1.92203070373	1.7546308688	1.58203802148	1.39565288532	1.2121635137	1.04078530318	0.871889176539	0.715940374008	0.578378356017	0.457671623998	0.352526325712	0.267378525978	0.199376468841	0.148185689096	0.110804801618	0.0845580847677	0.0617440371235	0.0395549113091	0.0257010104634	0.0170049151422	0.0113014032312	0.0076222859799	0.00483214203575	0.00322142802384	0.00221803240985	0.00147868827324	0.00110021448902	0.000853766443476	0.000633723545673	0.000519301238815	0.00041368064787	0.000343266920573	0.000352068636485	0.000387275500133	0.000519301238815	0.000756947568442	0.000651326977497	0.000228844613715
PD_27P_2_bbduk_adapt_filt	0.000229566769539	0.000211907787267	0.000132442367042	0.000167760331586	0.000238396260675	0.000256055242947	0.000388497609989	0.000573916923848	0.000953585042701	0.00158047891337	0.00253406395607	0.00437059811238	0.00819376777432	0.0139594254862	0.0223739305389	0.0345939462713	0.0522087810879	0.0765870061147	0.109547496526	0.150481017433	0.196288417447	0.250810525213	0.313967875309	0.387420412071	0.470991545674	0.556425701907	0.648261239214	0.74188033373	0.841847832373	0.941629911702	1.04610928032	1.15687524662	1.26482460525	1.38428762032	1.5204825211	1.66875616574	1.81853965338	1.97929819849	2.15511102599	2.32921976171	2.49803963223	2.67091223918	2.82209961591	2.9356645309	3.03398974419	3.10710676029	3.1540178467	3.1811067255	3.16541671975	3.12706141026	3.07894068357	3.0205335997	2.95784421263	2.89339775683	2.82411273989	2.75193164985	2.68709669644	2.62255311623	2.53814318097	2.43438783063	2.33287517104	2.21243208245	2.07444479498	1.93711088984	1.77501026208	1.59211618268	1.40479852823	1.22296398777	1.05131868009	0.881598201468	0.726693608976	0.590048404153	0.467397942782	0.362803790783	0.278023016894	0.208649705038	0.153279966123	0.112805578755	0.0835269861477	0.060976465786	0.0438914004376	0.0327044351682	0.0254377639632	0.0202813411397	0.0160785033589	0.0129528634967	0.0111604767961	0.00985371210791	0.00862641283999	0.00824674472113	0.00853811792863	0.00862641283999	0.00891778604748	0.00939457856883	0.0099508365104	0.02432524808	0.0535067162849	0.0757835224213	0.0903521827959	0.121520286506	0.214009206157
PD_28P_1_bbduk_adapt_filt	0.000184322283827	0.00027648342574	0.000184322283827	0.0	0.0	0.0	0.000184322283827	0.00027648342574	0.000368644567654	0.000737289135307	0.000921611419134	0.0020275451221	0.00359428453462	0.0055296685148	0.00811018048838	0.0110593370296	0.0158517164091	0.0242383803232	0.0356663619205	0.047923793795	0.0642363159136	0.0884746962369	0.121284062758	0.157319069246	0.195289459715	0.24948021116	0.31546758877	0.381547127522	0.461819482128	0.560063259408	0.658030553262	0.759499970508	0.867328506547	0.967784151233	1.09303114309	1.23523578507	1.35992981007	1.48978485903	1.631989501	1.77096850301	1.88856612009	2.03878878141	2.19988645747	2.33960274861	2.45360608116	2.63755972042	2.83054515159	2.89800710747	2.92150819866	2.89109502182	3.21061770084	3.51539459715	3.45456824348	3.4572409166	3.47991255751	3.4919856671	3.47327695529	3.40037749204	3.08140777987	2.66262755102	2.4662321576	2.35010911879	2.21297333962	2.05777397664	1.90690618733	1.70590273682	1.40444364162	1.18362554559	1.05542939719	0.95801507019	0.896451427392	0.837468296567	0.767794473281	0.696738232865	0.661071870945	0.641902353427	0.818943907043	1.61503185089	1.67383065943	0.671486079981	0.163125221187	0.0879217293854	0.0646971216232	0.0504121446266	0.0411038692934	0.0239618968975	0.00866314733986	0.00746505249499	0.00672776335968	0.00599047422437	0.00626695765011	0.0061747965082	0.00580615194055	0.00580615194055	0.00599047422437	0.00387076796036	0.00184322283827	0.00239618968975	0.00387076796036	0.00294915654123	0.00055296685148
PD_28P_2_bbduk_adapt_filt	0.000615489406402	0.000512907838668	0.000205163135467	0.0	0.0	0.000307744703201	0.000615489406402	0.000512907838668	0.000923234109602	0.0012309788128	0.00112839724507	0.00215421292241	0.00328261016747	0.00543682308988	0.00800136228322	0.0124123696958	0.0183621006243	0.0242092499851	0.0356983855713	0.0552914650084	0.0742690550391	0.0967344183728	0.132843130215	0.173157686334	0.221165860034	0.279637353642	0.349187656565	0.41504502305	0.493622503934	0.604820923357	0.715506434942	0.820344797165	0.931338053453	1.05782112647	1.19948627151	1.32463578414	1.46271057431	1.60529895346	1.76132551799	1.93479094902	2.08927879003	2.23709882913	2.37076261189	2.50606769973	2.61008540941	2.6921506636	2.75800803009	2.804067154	2.82037762327	2.79975872815	2.77821659893	2.71861670808	2.66240200896	2.61049573568	2.51991621138	2.43231155253	2.38594468392	2.33485906318	2.22458387787	2.11246222434	2.04496355277	1.94771622656	1.82061766414	1.70090497459	1.54816102024	1.39941774702	1.26616429054	1.12347332982	0.962933176315	0.814087321534	0.684219056783	0.560710849232	0.453820855653	0.357291600416	0.278714119532	0.217678086731	0.166182139728	0.125252094203	0.097042163076	0.0738587287682	0.0538553230601	0.0429816768804	0.0354932224358	0.0305693071846	0.0284150942622	0.0280047679913	0.032723520107	0.0368267828164	0.0389809957388	0.0427765137449	0.046572031751	0.0542656493311	0.0636005719948	0.0749871260132	0.0922208293925	0.709864448716	1.56088113463	2.03357699875	2.47149771141	2.87679748552	5.70979264162
PD_29P_1_bbduk_adapt_filt	5.07079463155e-05	7.60619194732e-05	8.87389060521e-05	8.87389060521e-05	0.000126769865789	0.000139446852368	0.00022818575842	0.000418340557103	0.00067188028868	0.00133108359078	0.00234524251709	0.0038411269334	0.00698501960496	0.0117515665586	0.0189013869891	0.0280288173259	0.0387789019448	0.0536870381615	0.0749970526006	0.103558303363	0.135757849273	0.172178831714	0.218716049445	0.274127157782	0.339489700582	0.408896202102	0.490307809911	0.585423240212	0.687447628199	0.795709093583	0.906924296839	1.02508648874	1.15677502532	1.30488025952	1.46046491581	1.62816877126	1.8092975555	1.98169189598	2.1704902571	2.38532714865	2.59058023835	2.78396766861	2.96528660765	3.11746115454	3.23071735264	3.31448687995	3.36372429583	3.36401586652	3.32715118955	3.25223019886	3.15966284286	3.05226341257	2.91629005452	2.78469025685	2.65727386474	2.55137031886	2.46841211869	2.39041062027	2.33300922504	2.27843479782	2.2279170063	2.18580405689	2.13447493823	2.05029974735	1.93282211272	1.79976446159	1.63000693431	1.44791469909	1.26928328121	1.0829315785	0.904693147201	0.743010860374	0.5978086561	0.472179719103	0.367011438445	0.28061777491	0.207927933867	0.147281230073	0.102303281692	0.0698121650899	0.04717106706	0.0319586831653	0.022095987607	0.0163406357002	0.0119543983439	0.00763154592048	0.0049820557255	0.00347349432261	0.00223114963788	0.0015592693492	0.00121699071157	0.000912743033679	0.000824004127627	0.000709911248417	0.000608495355786	0.000709911248417	0.00100148193973	0.00147053044315	0.00240862744999	0.00182548606736	0.000354955624208
PD_29P_2_bbduk_adapt_filt	7.63162841906e-05	8.90356648891e-05	0.000114474426286	0.000101755045588	6.35969034922e-05	0.000127193806984	0.00024166823327	0.000419739563049	0.000725004699811	0.00128465745054	0.00232764666781	0.00427371191468	0.00716101133322	0.0113202488216	0.017082128278	0.0261256079546	0.0383616521865	0.0537902609737	0.0753241724962	0.101933116917	0.133375426004	0.171380935531	0.216967195954	0.269689028949	0.332230223843	0.405226749672	0.485002705412	0.573949334636	0.679125893632	0.784836666617	0.891832097052	1.01841537376	1.15032807099	1.27686047017	1.42819566172	1.6055419868	1.78744185017	1.96885837707	2.16371928937	2.36827236977	2.56771225912	2.75781612304	2.9301637315	3.08564544116	3.21496338472	3.30191307117	3.33434749195	3.33841769378	3.31067672447	3.24190303304	3.14022430373	3.03020166069	2.90079468147	2.75735822533	2.63163986651	2.51177242281	2.42207535012	2.36103504215	2.30860575491	2.26317212705	2.22259730263	2.17731630734	2.12399666345	2.04661195128	1.93137436215	1.78803966106	1.6245193028	1.45018747095	1.26777883236	1.08631142793	0.906815527515	0.738054784408	0.593588058435	0.464410028061	0.356053623891	0.270274120461	0.201653061593	0.151195278362	0.112770029272	0.0825233419715	0.060862236642	0.0461586325546	0.0359576892345	0.0294072081748	0.0243703334182	0.0202746928333	0.0172856383692	0.0151742211732	0.0136987730122	0.0131136815001	0.0124777124652	0.0117781465268	0.0124141155617	0.0131899977843	0.0132154365457	0.0286567647136	0.0500126049063	0.0611929405402	0.0802084146844	0.11909156148	0.262756966468
PD_2P_1_bbduk_adapt_filt	0.000114225305417	0.000142781631771	0.000157059794948	0.000142781631771	0.000114225305417	0.000171337958126	0.000328397753074	0.000528292037554	0.000842411627451	0.00167054509172	0.00332681202027	0.00638233894018	0.0104516154457	0.0166626164277	0.027328404321	0.0417636272931	0.0601967359548	0.0865542251798	0.120307802931	0.16178586696	0.208718189323	0.258034964937	0.318745714766	0.388223256786	0.460356537157	0.538643705857	0.62552632879	0.711066804384	0.794993847539	0.886559707994	0.98298014393	1.0827987827	1.18398812514	1.28309285575	1.40013095931	1.53721560398	1.69310458954	1.84623788962	1.99989948173	2.17259386536	2.33362298967	2.48769864851	2.64116034634	2.76677962597	2.85924501071	2.93484788473	2.97865328936	2.99417365273	2.98360781198	2.94554222895	2.96094836702	2.97318475286	2.92913661946	2.90686268491	2.90489229839	2.89726775925	2.88404618015	2.83872729022	2.75966910071	2.6533538977	2.55337819913	2.47102175392	2.35007143365	2.18627234568	2.00796664393	1.82292164915	1.61523148758	1.40173011359	1.1882287396	0.997201194454	0.822736318593	0.663420573862	0.528434819186	0.413609830915	0.321301505975	0.247055057454	0.192755202891	0.160943455333	0.165255460612	0.145423091959	0.0801290517501	0.0379799140512	0.0237731416899	0.0166340601014	0.0125933399222	0.00862401055899	0.00526864221236	0.00366948793652	0.00239873141376	0.001370703665	0.000913802443336	0.000728186322034	0.000671073669325	0.000671073669325	0.000656795506148	0.000471179384845	0.000471179384845	0.000656795506148	0.000985193259222	0.000856689790628	0.000214172447657
PD_2P_2_bbduk_adapt_filt	0.00014453275235	0.000130079477115	0.000130079477115	0.00020234585329	0.00020234585329	0.00020234585329	0.000375785156111	0.000592584284636	0.000968369440746	0.00193673888149	0.0034254262307	0.00618600180059	0.0108399564263	0.0171126778783	0.02675301246	0.0413074606217	0.0605881297852	0.0878325536032	0.121956736433	0.159737597897	0.206768555512	0.260231220607	0.315731797509	0.383373125609	0.458934848538	0.535884085889	0.62238693817	0.71153473982	0.796476638376	0.885725612953	0.97748945742	1.07743385567	1.18156970374	1.28329185484	1.40227121658	1.53545814787	1.67601624953	1.82261582024	1.99156015446	2.15926150701	2.31920145076	2.47953163294	2.6247003294	2.75057390343	2.84850929642	2.91987956953	2.95596939779	2.97361684685	2.97431060406	2.94686383439	2.89963053093	2.84574872085	2.80949990656	2.78170625828	2.73719017056	2.69894680429	2.67119651584	2.65136662221	2.62221436606	2.56969116386	2.51641639134	2.43914918194	2.32596558357	2.17709684865	2.00783454237	1.82621468577	1.61768283068	1.40904980266	1.20947897822	1.0164265809	0.830282849151	0.669663601464	0.534164146136	0.409779259463	0.31208957215	0.236036437863	0.17434985916	0.128706415968	0.0957240418815	0.0713269132848	0.0531302397639	0.0394429881164	0.0295135880299	0.0225760159171	0.0186158185027	0.0164622804927	0.0143954621341	0.013036854262	0.0129501346106	0.0127477887573	0.0124587232526	0.0129212280601	0.0134849057943	0.0144388219598	0.0162888411899	0.0612096206203	0.159246186539	0.262818356874	0.330503044799	0.37572734301	0.59560501916
PD_30P_1_bbduk_adapt_filt	8.82394725162e-05	7.35328937635e-05	8.82394725162e-05	0.000102946051269	0.000147065787527	0.000235305260043	0.000205892102538	0.000264718417549	0.00038237104757	0.000529436835097	0.000941221040173	0.00148536445402	0.00263247759673	0.00433844073205	0.00669149333248	0.0108387485407	0.0170596313531	0.0259424049198	0.0377370810794	0.0542819821762	0.0758712397852	0.101916590756	0.138330079748	0.182891013369	0.232349237714	0.294028629003	0.371135221403	0.457904036044	0.55676165842	0.667149238537	0.78786083694	0.923176068043	1.08063940675	1.25217694132	1.43884754543	1.65147526103	1.87951547117	2.11298240887	2.36971515416	2.64219864529	2.9033433642	3.13597202691	3.33924635843	3.52329919152	3.65908503314	3.75481015425	3.8077244246	3.8039154207	3.74678036225	3.63993706761	3.5334908506	3.40539654966	3.25493354244	3.10894133516	2.94775723203	2.79617652483	2.64896367152	2.51463378119	2.38499528948	2.23150272704	2.0933785394	1.96081343852	1.80829151027	1.65334299654	1.49432076048	1.32628339165	1.15542235971	0.994929465778	0.843937021724	0.702915638064	0.570615255605	0.45759519789	0.363193668877	0.27967500814	0.213671882698	0.159022236053	0.115564295839	0.0831804094253	0.0588410215896	0.0404577981487	0.028604295674	0.0209421681438	0.0148242313827	0.00998576697308	0.0068091459625	0.00473551835837	0.00277954338426	0.00197068155286	0.00142653813901	0.000897101303915	0.000647089465119	0.000514730256344	0.000500023677592	0.00054414341385	0.000602969728861	0.000602969728861	0.000838274988904	0.00148536445402	0.00225010654916	0.00150007103278	0.000191185523785
PD_30P_2_bbduk_adapt_filt	8.88466242207e-05	7.40388535172e-05	8.88466242207e-05	0.000118462165628	0.000177693248441	0.000207308789848	0.000192501019145	0.000236924331255	0.000370194267586	0.000681157452359	0.00100692840783	0.00174731694301	0.00265059095592	0.00426463796259	0.00718176879117	0.0110614047155	0.0167920119777	0.0256766743998	0.0373748132555	0.0507462302007	0.0709736449816	0.0989603316111	0.133610515057	0.177278630862	0.230853145267	0.292557125788	0.363767695101	0.442752344033	0.536470724815	0.646092651333	0.770537156325	0.909848663103	1.05792637014	1.22266281921	1.40990707976	1.62334628668	1.85532482252	2.09325608218	2.34818666261	2.62313734903	2.87532849188	3.10153199715	3.30950713668	3.49584812321	3.65164067878	3.75573930683	3.80336109741	3.78470330632	3.71765372058	3.62312091241	3.50597663837	3.36607282077	3.20226926124	3.04271553192	2.87926735889	2.72163863975	2.58416329654	2.45113028454	2.31868958337	2.18903274309	2.07501290867	1.94923570432	1.80340877843	1.6601287891	1.50575777952	1.33176647376	1.15229629283	0.991691211781	0.84180695672	0.690012499239	0.558134493354	0.445269665053	0.346649912168	0.263163700942	0.196676810483	0.146493275569	0.110362315053	0.0817537020537	0.060119549056	0.0454302405182	0.0349759544015	0.0274091835721	0.0222560793673	0.0183172123602	0.0154445048437	0.0137416112128	0.0123941040788	0.0119646787284	0.0117573699385	0.0116092922315	0.0120535253526	0.0124089118495	0.0122460263718	0.0135787257351	0.0146745007671	0.0430461894349	0.0924004891895	0.131685504866	0.166380111624	0.211010732524	0.407894851797
PD_31P_1_bbduk_adapt_filt	2.25554056624e-05	2.25554056624e-05	2.25554056624e-05	2.25554056624e-05	2.25554056624e-05	3.38331084935e-05	7.89439198182e-05	0.000135332433974	0.000225554056624	0.000462385816078	0.000733050684027	0.00118415879727	0.00228937367473	0.00393591828808	0.00636062439678	0.0105108190387	0.0166007785675	0.0241230063559	0.0354683754041	0.0520240431602	0.0745568934169	0.102683484278	0.137249643455	0.182540898025	0.236211485799	0.300313948691	0.377859433359	0.465205241786	0.566670734158	0.677688440828	0.799724463164	0.940695748554	1.08208430895	1.2209015531	1.37549630351	1.54444756962	1.71053429922	1.87177161659	2.03046017313	2.16879247606	2.2928584849	2.41827781809	2.52499871998	2.60520574252	2.67032319866	2.72745604121	2.76231542066	2.78076574249	2.8031181495	2.82958691805	2.88321239501	2.93912724564	2.96940787775	2.99573003615	3.04128067789	3.08732753855	3.12732955049	3.17422223886	3.18162041192	3.13716370736	3.08083158172	3.00298159907	2.8747992287	2.68498421234	2.44201738255	2.16946913823	1.87381288081	1.58203615316	1.30622865272	1.0392854267	0.799724463164	0.604631481888	0.44797291186	0.325654946953	0.234350664832	0.169300874902	0.130065746752	0.0938868760695	0.0565689574012	0.034870657154	0.0235478435115	0.0159466718033	0.0103642089019	0.00676662169871	0.00464641356644	0.00315775679273	0.00214276353792	0.00144354596239	0.00095860474065	0.00057516284439	0.000428552707585	0.000507496627403	0.000552607438728	0.000507496627403	0.000496218924572	0.000496218924572	0.000518774330234	0.000518774330234	0.000654106764208	0.000608995952884	0.00019172094813
PD_31P_2_bbduk_adapt_filt	4.52984203308e-05	4.52984203308e-05	4.52984203308e-05	4.52984203308e-05	5.66230254135e-05	9.05968406617e-05	0.000147219866075	0.000215167496571	0.000305764337233	0.000441659598226	0.000804046960872	0.00141557563534	0.00220829799113	0.00354460139089	0.00596806687859	0.0103280398354	0.0165225988157	0.0247102882905	0.0362613854748	0.0513910578653	0.0734513885665	0.102612246654	0.136642684928	0.179925325554	0.234589194288	0.297893736701	0.374346145614	0.464025693264	0.561870281179	0.669714495381	0.794692837074	0.931154328321	1.07248539975	1.21771213533	1.37058297935	1.53864011877	1.70111422789	1.85284128679	2.00434185359	2.15233179281	2.2846484786	2.40892469477	2.52007569366	2.60063893422	2.66669535567	2.72259360635	2.75068995156	2.77523037078	2.80327009296	2.8156025879	2.84401602205	2.88153443869	2.91332260516	2.9472850958	2.97900531464	3.00987618809	3.05875318363	3.10402895475	3.11436831919	3.10587486538	3.0680506844	2.98503000454	2.8686357135	2.68948046109	2.44210578767	2.16386024078	1.87627189471	1.59186576266	1.31224993856	1.04660867714	0.811645770883	0.614869432966	0.454105339212	0.331629735242	0.238496183042	0.169291521381	0.118863054948	0.0830773028868	0.0595787473401	0.0432033683905	0.0314144544994	0.0227851054264	0.0172926719613	0.0134876046535	0.0105545319371	0.00900306104075	0.00813106644939	0.00744026553934	0.00749688856475	0.00704390436145	0.00677211383946	0.00731569488343	0.00724774725293	0.00758748540542	0.00809709263414	0.0269299108867	0.0684232639097	0.0959420542607	0.108014083279	0.13829607727	0.229810210943
PD_32P_1_bbduk_adapt_filt	3.78421426373e-05	3.78421426373e-05	3.78421426373e-05	3.78421426373e-05	4.73026782966e-05	0.000104065892252	0.000198671248846	0.000293276605439	0.000387881962032	0.000586553210877	0.00107850106516	0.00191102820318	0.00300845033966	0.00468296515136	0.00758734959877	0.0122986963571	0.018466965607	0.0265084209174	0.0377759188876	0.053177670941	0.0736691911791	0.10145478441	0.135191054572	0.17377111899	0.22119678425	0.274894784653	0.337580293931	0.415686476335	0.504312774391	0.599674973837	0.713996086744	0.840909172614	0.97717872825	1.13053401129	1.30474031492	1.50536989465	1.71865767108	1.93689330767	2.16686946902	2.41295692259	2.66570459326	2.90003260101	3.11609231439	3.31036441416	3.4645427638	3.58613902863	3.65689437482	3.66866328118	3.64727301006	3.58738781933	3.50687866087	3.39936913364	3.25541762305	3.10249752465	2.95128032267	2.81028049921	2.68112526639	2.56341728171	2.45639970233	2.33849304641	2.21997145567	2.1171732752	2.01318306723	1.89632653077	1.74930980662	1.5834098533	1.4076993245	1.23750428799	1.0737897184	0.907350514549	0.749766372072	0.610639734666	0.487756836987	0.380162164934	0.291545327413	0.219588493188	0.163638885299	0.12490745231	0.11285472988	0.10662023688	0.0682766858533	0.0312008466044	0.0196116904218	0.0131974472447	0.00925240387481	0.00613988764289	0.00391666176296	0.00262056837763	0.00180696231093	0.00119202749307	0.000804145531042	0.000624395353515	0.000567632139559	0.000482487318625	0.000435184640328	0.000473026782966	0.000482487318625	0.000804145531042	0.00157044891945	0.00113526427912	0.000151368570549
PD_32P_2_bbduk_adapt_filt	5.70151757293e-05	5.70151757293e-05	5.70151757293e-05	6.65177050175e-05	9.50252928822e-05	0.000142537939323	0.000209055644341	0.000294578407935	0.000503634052276	0.000741197284481	0.00110229339743	0.00178647550619	0.00283175372789	0.00472275705625	0.00807714989499	0.012068212196	0.0180643081769	0.0270251932957	0.0380766348579	0.0526060021396	0.0717631011846	0.0968687835641	0.130982863709	0.171872247236	0.21908081274	0.271620297174	0.336883668326	0.414994459075	0.498312635874	0.595542515551	0.70917376078	0.832231515062	0.96429766711	1.11152035337	1.28954073706	1.48826713206	1.69538426043	1.91138625368	2.139903078	2.38643669786	2.63592560432	2.87245306083	3.09189496968	3.28036813559	3.42882615066	3.55017344967	3.62456875146	3.64367833786	3.62575656763	3.57436688923	3.48181225397	3.35687299889	3.20910866845	3.05579486092	2.9066716688	2.75897385607	2.62804800754	2.51092933406	2.40606892337	2.31144273671	2.21841297498	2.11512998415	2.00433999518	1.88603350554	1.75070798594	1.59580725602	1.42446715042	1.25702308183	1.09036772318	0.923674354403	0.765865850513	0.623128358075	0.498559701636	0.387855235428	0.296963542786	0.224145660851	0.168014220345	0.125946523186	0.091556869692	0.0652063559758	0.047047022506	0.0355394595379	0.0270537008836	0.0204779506161	0.0159737517335	0.013122992947	0.0114220402044	0.00993964563548	0.00888486488449	0.00852376877153	0.00840973842008	0.00877083453303	0.00900839776523	0.00914143317527	0.00998715828192	0.0402907241821	0.0817217518787	0.0979995845494	0.113146616235	0.154473116109	0.297476679368
PD_33P_1_bbduk_adapt_filt	0.0	0.0	9.57983421905e-06	3.83193368762e-05	5.74790053143e-05	8.62185079715e-05	0.000114958010629	0.000172437015943	0.000229916021257	0.000354453866105	0.000689748063772	0.00114958010629	0.00186806767272	0.00309428645275	0.00550840467596	0.00832487593636	0.0129806753668	0.0201272316942	0.0284425277964	0.0406759760941	0.0581687533781	0.0815435488726	0.111241034952	0.149780708015	0.195198702047	0.251930480293	0.319544950211	0.392715723976	0.480562803765	0.577922658933	0.683789406888	0.799935316959	0.924961733352	1.06302630412	1.21855491266	1.38482251537	1.55978860755	1.73784898618	1.91905155043	2.1188485729	2.33099400168	2.54529489316	2.74379863802	2.9202496045	3.06708930341	3.19162714825	3.2866303642	3.33650298115	3.36349895398	3.35919760841	3.32006398563	3.25346497814	3.17223756379	3.09210225055	3.02346273837	2.95491902454	2.88613581484	2.82063848829	2.75714334708	2.69581324841	2.61193221999	2.51256059964	2.41325603812	2.28716626013	2.12618672591	1.95170920528	1.76033285709	1.55411734569	1.34471174949	1.14178212123	0.943172998203	0.761941694447	0.603903169335	0.466221791939	0.354770000634	0.262439558431	0.190284247093	0.137834654744	0.101048091343	0.0711015295738	0.0449677418242	0.028164712604	0.0180579875029	0.0118598347632	0.00792252289916	0.00530722815736	0.00350621932417	0.00238537872054	0.00147529446973	0.000862185079715	0.000622689224238	0.000584369887362	0.000517311047829	0.000450252208295	0.0004023530372	0.00030655469501	0.000316134529229	0.000459832042515	0.000670588395334	0.000526890882048	0.000134117679067
PD_33P_2_bbduk_adapt_filt	3.84026494756e-05	1.92013247378e-05	1.92013247378e-05	4.80033118445e-05	6.72046365823e-05	6.72046365823e-05	0.000153610597902	0.000230415896854	0.000268818546329	0.0004320298066	0.000691247690561	0.00110407617242	0.00191053181141	0.00333142984201	0.00519395834157	0.00794934844145	0.013143306783	0.0196045525573	0.0282163467022	0.0410140296399	0.0589192649579	0.0800503228319	0.108497085431	0.148263028963	0.195239069934	0.250346871931	0.314114471386	0.386513066309	0.472986232266	0.570576965246	0.677365132775	0.791929836823	0.918418563534	1.05631287714	1.20631362599	1.37174263927	1.54035907245	1.72236842964	1.91051261009	2.10669254493	2.31479650244	2.51618959695	2.71090063046	2.89074023795	3.04365958816	3.17255808113	3.27346104262	3.33044097378	3.34662769054	3.3349532851	3.29910441181	3.24182686012	3.16036523992	3.0764074475	2.99482101869	2.92012786546	2.85558261236	2.78128308628	2.72290145842	2.66667997959	2.59445419658	2.51137006444	2.40970865062	2.29164930547	2.14043887316	1.95984081334	1.7640929083	1.56055886608	1.35506628873	1.1514842432	0.956110763994	0.776002337953	0.614375186973	0.471699743509	0.358450330205	0.268847348316	0.196592763328	0.14241622558	0.101008568783	0.0698448187337	0.0487617641716	0.034744797113	0.025633768525	0.0187308922817	0.0139305610973	0.0110791643737	0.00930304183546	0.00819896566304	0.0070372855164	0.00636523915058	0.00647084643664	0.00697968154219	0.00738290936168	0.00711409081535	0.00712369147772	0.0169259677564	0.0366457282621	0.0524868211708	0.0643244378716	0.0903230315666	0.161972774826
PD_34P_1_bbduk_adapt_filt	1.7539362495e-05	1.7539362495e-05	1.7539362495e-05	1.7539362495e-05	3.50787249901e-05	0.000114005856218	0.00017539362495	0.000192932987445	0.000245551074931	0.000456023424871	0.000762962268534	0.00128037346214	0.00208718413691	0.00361310867398	0.00578798962336	0.00916431690366	0.0151189304707	0.0233185824372	0.0343508414465	0.0511535507168	0.0735162378979	0.0989044651095	0.133448239543	0.178524401156	0.227406604429	0.2889171487	0.364792430853	0.446990653186	0.544947992721	0.659830817063	0.783860418947	0.92321065397	1.08181910901	1.25318745027	1.44839178516	1.67106276171	1.90496769995	2.14438876769	2.38708969621	2.62720356877	2.86741390782	3.09739879854	3.29631270859	3.46093716497	3.58676455151	3.66342033529	3.68803683056	3.65493128385	3.57572352282	3.46918066534	3.35223696591	3.21050137759	3.04580676376	2.89530149419	2.7560740347	2.62995724868	2.51474994613	2.41158341594	2.31408209983	2.21882582212	2.12837532973	2.03232101102	1.92976835852	1.81570111453	1.68667279434	1.54078914678	1.37740998514	1.21462716183	1.05148478158	0.885737805999	0.735600863042	0.596224318975	0.468502681286	0.365108139378	0.282366196808	0.214366088414	0.163843954747	0.126835899883	0.0962034032853	0.0656586035002	0.0395424927451	0.0250637490054	0.0169079454452	0.0109094834719	0.00702451467926	0.00445499807374	0.00269229214299	0.00178901497449	0.00126283409964	0.000912046849742	0.000675265456059	0.000605108006079	0.000622647368574	0.000578798962336	0.000605108006079	0.000754192587287	0.000982204299722	0.00150838517457	0.0029904613054	0.00244674106806	0.000447253743623
PD_34P_2_bbduk_adapt_filt	5.27799600825e-05	5.27799600825e-05	5.27799600825e-05	4.39833000688e-05	5.27799600825e-05	9.67632601513e-05	0.000131949900206	0.00014074656022	0.000167136540261	0.000316679760495	0.000642156181004	0.00111717582175	0.00193526520303	0.00350107068547	0.00581459226909	0.00973790263522	0.0157284281046	0.023680608757	0.0338055644329	0.0492964827171	0.0705228233303	0.0974933829324	0.131615627126	0.176117930135	0.227226524815	0.286208130207	0.359475511462	0.444380873915	0.544821137952	0.655958140566	0.778319681357	0.918723171836	1.07515417686	1.23993321224	1.4337764123	1.64830935672	1.87241306723	2.11365267144	2.36030222157	2.61028570584	2.84860481893	3.07415118169	3.27035188663	3.42706438478	3.55155471729	3.64074405317	3.67641450953	3.6481068576	3.568690611	3.46298994427	3.3402501471	3.18724104282	3.02645569109	2.8779592734	2.72848642645	2.59173354987	2.47822144905	2.3792590239	2.29476710447	2.20672133439	2.11904502403	2.033585472	1.93741158807	1.82222812185	1.6910787177	1.54381383241	1.37599994933	1.21540812412	1.05843172617	0.892394768415	0.736245256511	0.600618352419	0.47954992065	0.372661704823	0.283982575224	0.212993528913	0.157143534486	0.112289365076	0.0802783192855	0.0580667527508	0.0419424749456	0.0310258198685	0.0227393661356	0.0170039438066	0.013432499841	0.0107671118568	0.00902537317411	0.0077410608121	0.00717807457122	0.00696695473089	0.00679102153062	0.00736280443151	0.00775865413213	0.00824247043289	0.00874388005367	0.0231967924563	0.0435434670681	0.0547064286255	0.0706195865904	0.110881899473	0.236278287969
PD_35P_1_bbduk_adapt_filt	7.6497339805e-05	7.6497339805e-05	6.69351723294e-05	9.56216747563e-05	0.000162556847086	0.000239054186891	0.000296427191744	0.000592854383489	0.00132914127911	0.00204630383978	0.00333719644899	0.00596679250479	0.0101741461941	0.0154715869756	0.0216583093323	0.0309336117837	0.0437660405359	0.0602990281013	0.083152608368	0.110978515722	0.144474788389	0.18644314144	0.236864450539	0.299496647504	0.371203341404	0.453112868	0.549556889159	0.662247032859	0.787214999598	0.909419499937	1.04394007198	1.20294935494	1.37368185521	1.54759855726	1.73813430638	1.95918293191	2.19227988847	2.43388717407	2.68802089907	2.93956327669	3.19352488267	3.4270712611	3.6229331375	3.77350858874	3.85890830646	3.892796628	3.86715089483	3.77416837829	3.63328896488	3.46043366342	3.27969913596	3.08425799493	2.87842277785	2.68118394933	2.51471617574	2.38071196074	2.24755877864	2.13050828657	2.01797113755	1.90847475779	1.81366586727	1.7017885078	1.57952663446	1.45300959659	1.3164427207	1.16907059557	1.01252835183	0.867862320088	0.732395093461	0.599567025057	0.479533136735	0.376309538836	0.289915355694	0.226996293704	0.176737541452	0.134960431751	0.102707240856	0.0712955206983	0.0475622210238	0.0338978837011	0.0233316886405	0.0154333383057	0.0105279463907	0.00791747466982	0.0057277383179	0.00348062896113	0.00196980649998	0.00138651428397	0.000975341082514	0.000726724728148	0.000592854383489	0.000439859703879	0.000430297536403	0.000449421871354	0.000449421871354	0.000449421871354	0.000420735368928	0.000592854383489	0.000870157240282	0.000621540885916	0.00015299467961
PD_35P_2_bbduk_adapt_filt	9.59095534547e-05	8.63185981092e-05	8.63185981092e-05	0.000124682419491	0.000191819106909	0.000278137705019	0.000383638213819	0.000680957829528	0.00125641515026	0.00191819106909	0.00355824443317	0.00641634912612	0.0101088669341	0.0145494792591	0.0215316947506	0.0320913365859	0.0450103534363	0.0601736538375	0.0798638851617	0.106478786245	0.142761370317	0.186342671407	0.234508449152	0.296235837756	0.370278013023	0.451877861102	0.547010547174	0.651379323243	0.776742700564	0.911601123676	1.04149143192	1.18977719252	1.35963301168	1.53118642995	1.716531642	1.93762234462	2.1762932684	2.40582401172	2.6582195926	2.93244418783	3.1730716665	3.39088226239	3.5913140472	3.74421305732	3.83533672406	3.87766161	3.8498670214	3.76037381708	3.62786517802	3.45564998384	3.2697868602	3.05920784463	2.85269539414	2.67082210792	2.49474175873	2.34732877507	2.21702605575	2.09195999804	1.98606626007	1.88877560905	1.78831035181	1.68466089739	1.57642696631	1.45124581714	1.31354847125	1.16893604655	1.02223279359	0.878320508628	0.737525284156	0.606023695414	0.486577937542	0.385143993808	0.301932865231	0.232091528405	0.177212081918	0.133170414972	0.0989498862992	0.0741380848205	0.0548219007547	0.0403299672277	0.0299909173653	0.0235649772838	0.0195080031727	0.0154989838383	0.0122380590208	0.0108185976297	0.00991704782722	0.00922649904234	0.00849758643609	0.00825781255245	0.00889081560525	0.00840167688263	0.00834413115056	0.00884286082852	0.00930322668511	0.016630716569	0.0385748223995	0.0616506609607	0.07690027996	0.107399517959	0.208651233541
PD_36P_1_bbduk_adapt_filt	0.0	0.0	0.0	0.0	0.0	0.0	0.0	0.0	0.0	0.0	0.0	0.0	0.0	0.0	0.000536078052965	0.00107215610593	0.00125084879025	0.00125084879025	0.00125084879025	0.00178692684322	0.00232300489618	0.00339516100211	0.00375254637075	0.00446731710804	0.00536078052965	0.00679032200422	0.00679032200422	0.00696901468854	0.00893463421608	0.0117937171652	0.0141167220614	0.0142954147457	0.0235874343304	0.0318072978092	0.0314499124406	0.0402058539723	0.0516421857689	0.0562881955613	0.0587898931418	0.0602194346163	0.0668310639362	0.132411279082	0.219792001715	0.245523748258	0.244630284836	0.504985525893	0.823058503985	0.882027089811	0.891855187449	0.899896358243	4.39298095136	7.88928201279	7.89464279332	7.96058039384	8.36353239698	8.75093813659	8.81866266395	8.73467710232	6.9352417712	3.55401879847	1.85751045352	1.7928237018	1.69668703763	1.32214717129	0.988349236982	0.753725742468	0.527322111433	0.556449018977	0.567170580036	0.631321253708	0.813230406347	1.02194346163	1.21278724849	1.31696508345	1.37772059612	1.28069046853	1.06465101319	0.864515206747	0.621671848755	0.375433329759	0.189414245381	0.108645152067	0.0796969372074	0.0766591615739	0.0734426932561	0.0462814052393	0.0212644294343	0.0192988099067	0.01447410743	0.00964940495336	0.00982809763768	0.00982809763768	0.0091133269004	0.00857724884743	0.00857724884743	0.00571816589829	0.0025016975805	0.00214431221186	0.00285908294914	0.00232300489618	0.000893463421608
PD_36P_2_bbduk_adapt_filt	0.00119989680887	0.00119989680887	0.00149987101109	0.00149987101109	0.000599948404437	0.0	0.0	0.0	0.0	0.0	0.0	0.0	0.000599948404437	0.00119989680887	0.000899922606656	0.00119989680887	0.00119989680887	0.000599948404437	0.000899922606656	0.00149987101109	0.00209981941553	0.00209981941553	0.00299974202219	0.00629945824659	0.009599174471	0.0101991228754	0.0104990970777	0.0113990196843	0.0158986327176	0.0194983231442	0.0194983231442	0.021898116762	0.0278976008063	0.0293974718174	0.0308973428285	0.0362968784685	0.038396697884	0.0428963109173	0.0503956659727	0.0536953821971	0.0569950984215	0.0614947114548	0.0623946340615	0.0632945566681	0.0623946340615	0.0638945050726	0.0641944792748	0.0677941697014	0.0719938085325	0.0710938859258	0.0761934473635	0.0785932409813	0.0842927508234	0.0878924412501	0.111290429023	0.186883927982	0.234879800337	0.232480006719	0.231880058315	0.224680677462	0.206982199531	0.198882896071	0.200982715486	0.173685063085	0.145787462278	0.097491615721	0.0470959497483	0.0428963109173	0.0422963625128	0.0446961561306	0.0431962851195	0.0395965946929	0.0380967236818	0.0359969042662	0.0338970848507	0.0326971880418	0.0308973428285	0.0308973428285	0.0305973686263	0.0251978329864	0.0209981941553	0.0239979361775	0.0266977039975	0.0284975492108	0.0335971106485	0.0485958207594	0.083692802419	0.107390764394	0.148487230098	0.188683773196	0.200682741284	0.222580858046	0.244478974808	0.259777659121	0.275676291839	4.32562799599	12.4924256514	16.9326437926	17.6636809234	18.4286151391	24.0507316371
PD_38P_1_bbduk_adapt_filt	0.0	0.0	2.25162418096e-05	6.75487254287e-05	0.000112581209048	0.000146355571762	0.000213904297191	0.000270194901715	0.000326485506239	0.000337743627144	0.000484099198906	0.000788068463335	0.00137349075038	0.0025893678081	0.00406418164663	0.00665354945473	0.0117197038619	0.018564641372	0.0279651723275	0.0440755433422	0.0654997474241	0.0943205369403	0.13500738589	0.188280814012	0.253454075929	0.330786108424	0.431951582875	0.551636666214	0.690246650793	0.855358251983	1.04327880613	1.25486393041	1.49454932447	1.75571521322	2.05101572456	2.38141905687	2.70896282647	3.02692593519	3.36713509081	3.71469579938	4.01985842463	4.29133675212	4.50705360678	4.63374124132	4.68549482312	4.67101687964	4.57579569303	4.39086979904	4.16140677876	3.87925575265	3.55288282762	3.20962272123	2.85675943771	2.52348528457	2.21044197469	1.92892140334	1.68416985487	1.48153493671	1.30667380281	1.1420350427	1.01520105259	0.911840244562	0.815448213376	0.729075909794	0.654288212624	0.587831524923	0.513156408961	0.450144706257	0.393516358106	0.333769510464	0.281903347456	0.234889434558	0.191399313502	0.154821678683	0.125764468627	0.101514476198	0.0794147848624	0.0600395587852	0.0418914678867	0.0285505946145	0.0200507133314	0.0138024562293	0.00929920786736	0.00620322461854	0.00458205520825	0.00289333707253	0.00145229759672	0.00102448900234	0.000720519737906	0.000427808594382	0.00028145302262	0.00028145302262	0.000337743627144	0.000360259868953	0.000371517989858	0.000405292352572	0.000619196649763	0.00136223262948	0.00209401048829	0.00142978135491	0.000303969264429
PD_38P_2_bbduk_adapt_filt	0.0	0.0	0.0	4.51590767994e-05	0.000112897691999	0.000180636307198	0.000225795383997	0.000237085153197	0.000270954460797	0.000327403306796	0.000462880537194	0.000903181535989	0.00149024953438	0.00244987991637	0.00399657829675	0.00654806613592	0.0111768715079	0.0179168637202	0.0282357127689	0.0426753275755	0.0656500078972	0.0970694355804	0.132338674561	0.18216042604	0.24819428609	0.326421096876	0.4241340493	0.543037898513	0.683358439898	0.840850720236	1.02901730349	1.24960810389	1.48300150256	1.73203123157	2.02294600431	2.34776395396	2.67423020991	3.00707518546	3.34031530293	3.67076684741	3.99077535538	4.25364634143	4.45646704511	4.60079545456	4.67148069952	4.6570072154	4.54950603308	4.37440171279	4.15538019032	3.87969531622	3.56428174432	3.22219044779	2.86192262286	2.52644713108	2.20766920796	1.91419165761	1.66843596166	1.46423790615	1.28823040432	1.13429440128	1.01033273546	0.906534597441	0.815640665613	0.732773759686	0.653892142287	0.586063208934	0.522456649262	0.458522686283	0.396237029608	0.337947951229	0.284332837299	0.235504585509	0.193743729239	0.156600388571	0.121285990514	0.0928019028229	0.0717239037267	0.0548456987729	0.0413544245791	0.0305839847624	0.0225682486305	0.0171265798762	0.0133445071942	0.0105785137403	0.0085350655151	0.00754156582551	0.00692062851951	0.00613034467552	0.00580294136873	0.00573520275353	0.00523845290874	0.00571262321513	0.00676257175072	0.00703352621151	0.00716900344191	0.018526511257	0.0415463506555	0.0595196632217	0.0745689255651	0.107614080013	0.200562749836
PD_39P_1_bbduk_adapt_filt	0.000135699756148	0.000271399512295	0.000424061737961	0.000525836555072	0.000559761494109	0.000491911616035	0.000610648902664	0.00101774817111	0.00167928448233	0.00271399512295	0.00452897936142	0.0080062856127	0.0145537988468	0.023493020283	0.0348917997994	0.0543986397456	0.0811145292372	0.113088784279	0.156461818838	0.214235990018	0.282730441933	0.358976742419	0.450794589922	0.552348894929	0.660399825762	0.766720584703	0.865085945441	0.971983428346	1.0706201886	1.15945264146	1.23826027485	1.30772158752	1.36690364367	1.42089518415	1.48811745085	1.5565949403	1.62541167914	1.69675582593	1.78677565166	1.8890932678	1.98533831985	2.08923344565	2.1846982241	2.26852674846	2.33875137226	2.40317483149	2.45438452697	2.47268703158	2.48276273848	2.4803540678	2.55863586463	2.64414367347	2.65354088159	2.66926509083	2.71005983002	2.768224138	2.80360784942	2.83826217464	2.8677768716	2.81928117125	2.76467898187	2.72388424268	2.63712121109	2.50910545364	2.34054939403	2.1378987707	1.90948215616	1.68815585388	1.45973923935	1.23278139719	1.02220930059	0.830855681952	0.663741432257	0.521562012753	0.40401209899	0.318639989904	0.300015198373	0.310820291456	0.213710153463	0.0934462445771	0.0579946832836	0.0396921786732	0.0281237744616	0.0206094004649	0.0146046862554	0.00961772021696	0.0056993897582	0.00388440551972	0.00290058228765	0.00206942128125	0.00157750966522	0.00132307262244	0.0011025605187	0.000915973353996	0.000932935823514	0.000831161006404	0.000746348658811	0.000899010884477	0.00132307262244	0.00101774817111	0.000169624695184
PD_39P_2_bbduk_adapt_filt	0.000171517378227	0.000343034756453	0.000377338232098	0.00032588301863	0.000497400396857	0.000617462561615	0.000737524726374	0.000977649055891	0.00147504945275	0.00229833286824	0.00396205143703	0.00756391637979	0.0125550720862	0.0199989263012	0.0327083640278	0.0510264200224	0.0754676464197	0.110182763773	0.152873439213	0.204877508292	0.271289037141	0.352005115334	0.443389574453	0.540159679249	0.646208874206	0.754796526361	0.857964229365	0.956826846174	1.0599602457	1.1460276661	1.21537214211	1.28768386877	1.35231161689	1.41057607027	1.47727917867	1.54964236054	1.61137146496	1.67817748378	1.76100322573	1.85897395217	1.97603456281	2.08398760067	2.1763325571	2.27161046071	2.34622052024	2.39872198971	2.44347087369	2.46551085679	2.47559607863	2.49051809054	2.49960851158	2.51223219062	2.52921241107	2.53940054333	2.55950238006	2.59164473674	2.63354643224	2.68011340043	2.72680043078	2.74504987983	2.73378118808	2.70491481332	2.63445547435	2.51708613243	2.35608276948	2.16792820557	1.94692806372	1.72050797273	1.49079474807	1.25483829084	1.04162503797	0.852527128475	0.675727014999	0.522098899322	0.40292862493	0.303294179918	0.226540153162	0.169682142279	0.123320994945	0.0873023455173	0.0633070643034	0.0465326647129	0.0344749930235	0.0250758406967	0.0183866629459	0.0148877084301	0.0133783555017	0.0125036168727	0.0111314778469	0.00998231141278	0.00977649055891	0.00998231141278	0.0109942639443	0.0122120373297	0.0124007064458	0.102001384831	0.214756909277	0.244377960497	0.265766177562	0.312436056177	0.568099860162
PD_3P_1_bbduk_adapt_filt	4.25722946744e-05	4.25722946744e-05	5.32153683429e-05	8.51445893487e-05	0.000138359957692	0.000191575326035	0.000244790694378	0.000329935283726	0.000457652167749	0.000734372083133	0.00121331039822	0.00218183010206	0.00401243877306	0.00623684116979	0.00876989270292	0.0134209158961	0.0203495568543	0.0287469419789	0.0390494372901	0.0539923127208	0.0745334449011	0.102354439471	0.139498766574	0.185253340275	0.242640793496	0.312970224299	0.393783082664	0.483355190659	0.588817407641	0.708828706328	0.842888862258	0.990902087767	1.15553979435	1.32710614188	1.51373243866	1.72438015271	1.94439377159	2.16369430453	2.38960418622	2.6213784015	2.84974683321	3.06355554013	3.24705277326	3.41944928054	3.56269440904	3.66454862405	3.7461384268	3.7826760987	3.7804516963	3.74900141361	3.70291690463	3.61684636787	3.48548955265	3.35825160694	3.23188639328	3.07809397877	2.88815768608	2.70079701721	2.51551174772	2.30506625207	2.09563184842	1.89525470046	1.68737418557	1.48122849168	1.28356532751	1.10143040781	0.930257854003	0.783213148198	0.653708227798	0.528077386214	0.415292734548	0.325539694301	0.253986310027	0.194523457441	0.150077981801	0.115881786104	0.0881033638286	0.0624216270663	0.0394858033105	0.0253730876259	0.0167415548807	0.0111220119837	0.00747143771535	0.00507674613992	0.00359735889998	0.0023734054281	0.00153260260828	0.00110687966153	0.000808873598813	0.000617298272778	0.000489581388755	0.000383150652069	0.000425722946744	0.000436366020412	0.000425722946744	0.000372507578401	0.000319292210058	0.000542796757098	0.000798230525144	0.000542796757098	0.000106430736686
PD_3P_2_bbduk_adapt_filt	2.13630182441e-05	2.13630182441e-05	3.20445273662e-05	8.54520729765e-05	0.000160222636831	0.000224311691563	0.000224311691563	0.000256356218929	0.000523393946981	0.000758387147666	0.00123905505816	0.00209357578792	0.00361035008326	0.00605641567221	0.00872679295272	0.0126575883096	0.0185965073815	0.026863995442	0.0383038917117	0.0538988950299	0.0736490053966	0.10061981593	0.136296056398	0.17946003476	0.236862464782	0.30525616769	0.381415327731	0.474355138602	0.583189035046	0.700888584062	0.827646052814	0.972604813109	1.13815752299	1.30943552176	1.49291180395	1.70211984162	1.92234051519	2.1388653866	2.36044261183	2.58612153656	2.80763467273	3.0127410109	3.21189774848	3.40117409012	3.5512706563	3.66090566593	3.73953225458	3.77116020309	3.76534946213	3.74177537149	3.68598584935	3.59613299462	3.47781391807	3.33772592593	3.18114568371	3.01311486372	2.83856832315	2.65682244544	2.47090009766	2.27547120676	2.07619697258	1.87965720474	1.69245307586	1.50064521656	1.30461816115	1.12755078443	0.953538319326	0.799094378931	0.664966668885	0.542492485291	0.430582314219	0.335228482287	0.25902659621	0.196336819173	0.148099123977	0.108876622481	0.0782847803556	0.0566226798561	0.041219943702	0.0301325372333	0.0215766484266	0.0152531950263	0.0117603415434	0.00925018689971	0.00751978242193	0.00678275829251	0.00615254925431	0.00573597039855	0.00569324436206	0.00582142247152	0.00585346699889	0.00597096359923	0.00645163150973	0.00702843300232	0.00727410771212	0.0267464988416	0.0689705044012	0.0963685752992	0.10730644064	0.134725874557	0.21802028269
PD_40P_1_bbduk_adapt_filt	0.000305217618891	0.000279782817316	0.000292500218103	0.000292500218103	0.000241630614955	0.000241630614955	0.000190761011807	0.000127174007871	0.000254348015742	0.000406956825187	0.000521413432271	0.000890218055097	0.00133532708265	0.00216195813381	0.00401869864873	0.00807554949981	0.0159094683847	0.0267574112561	0.042768618847	0.0676057025843	0.100607357627	0.148106849567	0.210269504614	0.288977498085	0.387537354185	0.509179292714	0.656879185456	0.829708662152	1.03191533467	1.26101930985	1.50436677391	1.76016457334	2.01762835228	2.25760570513	2.48752359396	2.7031471243	2.88354345447	3.03078552078	3.15985442137	3.26802863246	3.36344729057	3.43301147288	3.46980291335	3.46769182482	3.41675863467	3.34170053522	3.21480631017	3.05426184263	2.88199193157	2.67968351985	2.51836329087	2.38700525814	2.2442524343	2.12014332002	2.02590738019	1.9598659179	1.92131947611	1.89536326111	1.86444725979	1.80487895451	1.74676043291	1.70572138057	1.65158340542	1.57829302468	1.47084370543	1.33818849782	1.19118806213	1.04687099799	0.906725241319	0.764519265718	0.626293836563	0.504982550454	0.401399321043	0.309109143531	0.235195610157	0.184631224627	0.172447954673	0.165669580054	0.108161493694	0.0507805813429	0.0306998055001	0.0205386022712	0.0143325106871	0.00994500741552	0.006511309203	0.00438750327155	0.00302674138733	0.00208565372909	0.00129717488028	0.000826631051162	0.000635870039355	0.000623152638568	0.000763044047226	0.000813913650375	0.000813913650375	0.000953805059033	0.00103010946376	0.00144978368973	0.00291228478025	0.00235271914561	0.000406956825187
PD_40P_2_bbduk_adapt_filt	0.000306838862932	0.000281268957688	0.000281268957688	0.000268484005065	0.000217344194577	0.00017898933671	0.000204559241955	0.000255699052443	0.000306838862932	0.000447473341776	0.000562537915375	0.000741527252085	0.00120178554648	0.0022501516615	0.0041551096022	0.00781160605214	0.0152396635256	0.027104099559	0.0423181931794	0.0643978063578	0.099479716353	0.146336567713	0.205582038164	0.28337847487	0.382103879019	0.503292444924	0.652352207546	0.82468058394	1.02660612565	1.24820770945	1.48810456046	1.74728112001	1.99617857766	2.23125550152	2.46802003913	2.67811516557	2.8559410716	3.01268459074	3.14724621709	3.25811732623	3.34667869305	3.41581971683	3.45026237919	3.45315177848	3.40681911018	3.31956180853	3.1991914796	3.05314896579	2.88321137554	2.68435422245	2.49243929864	2.32959735709	2.18240419756	2.05183147643	1.95602104148	1.88974384708	1.84774527772	1.82470679309	1.8064370958	1.77542080073	1.74315158032	1.70497571179	1.64718772593	1.57395551731	1.47110057347	1.34322547734	1.20215631011	1.05813381882	0.91546653251	0.772505192289	0.636588360963	0.514811687237	0.40610123509	0.312835005712	0.237314290573	0.176253356849	0.129856763783	0.0964496825816	0.0720176381206	0.0536712311078	0.0397612026549	0.0305048969565	0.0245087541767	0.0189089449282	0.014651555705	0.0126826730012	0.0114297476442	0.0108927796341	0.0107137902974	0.0102023921925	0.010355811624	0.0107010053447	0.0104836611502	0.0110078442077	0.0124141889961	0.0534027471028	0.0991217376796	0.111037313523	0.129115236531	0.168301116318	0.340003030034
PD_41P_1_bbduk_adapt_filt	5.55349690511e-05	4.16512267883e-05	9.71861958393e-05	0.000111069938102	9.71861958393e-05	0.000124953680365	0.000222139876204	0.000430396010146	0.000721954597664	0.00134672299949	0.00223528250431	0.00362365673058	0.00590059046167	0.00858015271839	0.013897626005	0.02282487228	0.0351536354093	0.053577361392	0.0774018631149	0.109348354062	0.152679513664	0.20205010115	0.266151339177	0.3493704903	0.439712001204	0.541410413279	0.649925742805	0.755525486455	0.872343293854	0.997838440167	1.11934895245	1.24626024047	1.37507360119	1.50708022262	1.64863885873	1.79879153131	1.96327222589	2.14353873543	2.34513067309	2.54089143899	2.73684657729	2.92413826041	3.07881703296	3.22633179451	3.32775253174	3.38198242901	3.41002758838	3.38979897591	3.32641969248	3.23355134048	3.14484811117	3.04878649845	2.92733152113	2.79195115033	2.66789991321	2.5544280877	2.44205307782	2.34803237522	2.2418495144	2.13583325848	2.04290937151	1.95155434742	1.85550661845	1.74567233341	1.63196448428	1.50653875667	1.35749678348	1.19854181832	1.04212757799	0.88342252018	0.729021422475	0.591475187878	0.467354532049	0.357867340565	0.277508240348	0.217988637268	0.166938116967	0.128785593229	0.0962976363345	0.063351515945	0.0365558933779	0.0204785198376	0.0128841128198	0.00909385118211	0.0065253588635	0.00395686654489	0.00202702637036	0.00111069938102	0.000708070855401	0.000430396010146	0.000333209814306	0.000333209814306	0.000333209814306	0.000305442329781	0.000291558587518	0.000305442329781	0.000347093556569	0.000430396010146	0.000708070855401	0.000735838339926	0.000277674845255
PD_41P_2_bbduk_adapt_filt	5.58156331495e-05	5.58156331495e-05	2.79078165748e-05	0.000111631266299	0.000209308624311	0.000195354716023	0.000209308624311	0.00032093989061	0.000725603230944	0.00128375956244	0.00205122451824	0.0033210301724	0.00519085388291	0.00842816060558	0.0137725074796	0.0222704376267	0.0354150192334	0.0523690178025	0.0754487821099	0.105658993552	0.146027650227	0.199554842418	0.263268387658	0.339986975422	0.429347804094	0.526718176124	0.6300608209	0.747287604422	0.869328486304	0.985662219696	1.10700540616	1.22818114573	1.35435238446	1.48875642909	1.6327328548	1.7867979562	1.94626322011	2.1222080497	2.31270680564	2.51083834941	2.70828615168	2.89398476317	3.05598963839	3.19704969726	3.30381104957	3.36109184309	3.38037614434	3.36926883335	3.32089063331	3.23226936178	3.12928951862	3.0071928211	2.87404462823	2.74608728923	2.62517667392	2.50369394837	2.38070420073	2.27807320527	2.19118221837	2.10850531176	2.02455859951	1.93842112365	1.85030219281	1.74845261623	1.63775626178	1.51291064433	1.35763155291	1.20123614883	1.05093860266	0.89062215035	0.736891942748	0.601469262819	0.473121214392	0.361378316827	0.27441756038	0.206531796562	0.152948788738	0.110542861453	0.0811559305994	0.0599878517274	0.0432989774157	0.0322474820521	0.0248240028432	0.0202331670167	0.0175679705338	0.0153632530244	0.014372525536	0.0135213371305	0.0124747940089	0.012237577568	0.0125724713669	0.0127538721747	0.0136748301216	0.0146376497935	0.0149585896841	0.0362662076389	0.0752255195773	0.101389097616	0.122529268671	0.160693207837	0.336707806974
PD_42P_1_bbduk_adapt_filt	4.12956382618e-05	4.12956382618e-05	4.12956382618e-05	3.09717286963e-05	1.03239095654e-05	3.09717286963e-05	8.25912765235e-05	0.000103239095654	0.000123886914785	0.000154858643482	0.000371660744356	0.000722673669581	0.00129048869568	0.00229190792353	0.00387146608704	0.00625628919666	0.0105613594854	0.0171686616073	0.0264808280354	0.0397264040078	0.0596825211978	0.0882900746037	0.127397044038	0.177437033701	0.234548901417	0.301984678699	0.388292562666	0.492398866724	0.611547107019	0.744962990333	0.890199750099	1.04956994206	1.22731669305	1.40728308459	1.60502724841	1.82495749388	2.04447478297	2.27446051636	2.50616001874	2.73356477474	2.94089985054	3.12141340929	3.26549389119	3.34157078078	3.37464858702	3.36518156195	3.29154111502	3.17282647893	3.02863243403	2.87366022754	2.72638965759	2.59186911595	2.47607614627	2.40437659433	2.35805321211	2.33761187117	2.35331453762	2.38467857488	2.42575741104	2.4532293344	2.46839515755	2.46666074074	2.42481793527	2.3190804535	2.16432504912	1.9860104831	1.76631768755	1.53446332653	1.30099843562	1.06316653096	0.844289324262	0.656827774373	0.502826015385	0.379093959243	0.28247248962	0.20360814445	0.143925623252	0.100895568183	0.0676216076537	0.0451980760775	0.0304658571276	0.0206374952213	0.014112784376	0.00864111230628	0.00549231988882	0.00378887481052	0.00243644265744	0.00155891034438	0.00102206704698	0.000578138935665	0.000381984653921	0.000258097739136	0.000247773829571	0.000258097739136	0.00022712601044	0.000320041196529	0.000392308563487	0.000526519387838	0.000784617126974	0.000557491116534	0.000134210824351
PD_42P_2_bbduk_adapt_filt	4.13393921724e-05	5.16742402156e-05	5.16742402156e-05	3.10045441293e-05	1.03348480431e-05	2.06696960862e-05	5.16742402156e-05	8.26787843449e-05	0.000113683328474	0.000175692416733	0.000289375745207	0.000589086338457	0.00113683328474	0.00205663476058	0.00331748622184	0.00583918914436	0.0106655631805	0.0172178568398	0.0258577898039	0.0394687846766	0.0602521640913	0.0878772129106	0.124183534086	0.173253392595	0.233040488524	0.30066139927	0.383112816958	0.483061132383	0.602614654546	0.737298394244	0.881335171421	1.04091556005	1.21378656327	1.39308584197	1.59477040153	1.8101589696	2.02923707842	2.25439207788	2.47600222447	2.70271778599	2.91323864063	3.10111584321	3.25084712166	3.33661602557	3.36305256686	3.34933822351	3.28245108697	3.1605515543	3.02340812077	2.86615307295	2.71742427476	2.59688894203	2.48814567092	2.40594228959	2.35764754468	2.33284390938	2.33649211074	2.36857147906	2.40617999109	2.44716799843	2.46462355678	2.45466076326	2.41824075876	2.31618413433	2.16919159062	1.98460086972	1.75702751581	1.52790393469	1.2952561704	1.06394160149	0.848429015251	0.658598526395	0.507017310147	0.385830881994	0.28856962706	0.209849089515	0.151457198072	0.108433225668	0.0770669618575	0.0536792007359	0.0383422862399	0.0284621715107	0.0219512172436	0.0163187250601	0.0125155009802	0.0106138889403	0.00904299203772	0.00819553449819	0.00746176028713	0.00662463759563	0.00654195881129	0.0063042573063	0.00646961487499	0.00748242998321	0.00787515420885	0.0106862328766	0.0166907795896	0.0227263308468	0.0317279834924	0.0572343884628	0.133267865516
PD_43P_1_bbduk_adapt_filt	0.000150830404333	0.000135747363899	0.000165913444766	0.000180996485199	0.000135747363899	0.000165913444766	0.000346909929965	0.000573155536464	0.000935148506862	0.00122172627509	0.00167421748809	0.00279036248015	0.00429866652348	0.00710411204406	0.0104827131011	0.0162746006275	0.0267573137286	0.0386125835091	0.0518554930095	0.0705132140255	0.0936958471714	0.122519537439	0.15945790346	0.202746229504	0.255039130686	0.313214417637	0.385794008202	0.469097640515	0.553803995588	0.645373134058	0.748405383258	0.867229575791	0.996657145749	1.12934265244	1.28423039465	1.44999300901	1.6090889195	1.78767211823	1.97550122075	2.16212368003	2.35458327595	2.55411681785	2.73625961412	2.88555154833	3.01144968682	3.12669919877	3.21724269049	3.26647373447	3.28249192341	3.24793667778	3.22926387372	3.20010835656	3.11582432662	3.03163079492	2.97430015824	2.91677344202	2.84104149601	2.78079983252	2.71174967341	2.62123634777	2.5322765753	2.44824895705	2.34435697454	2.21063073806	2.04949861711	1.86610392848	1.65889311901	1.46110920981	1.28079146143	1.09018707948	0.908526940497	0.746972494417	0.604286931918	0.48354719325	0.38852403852	0.335914393489	0.33316928013	0.274752664532	0.150347747039	0.0801663599028	0.0556715022392	0.0391555729647	0.0280544552059	0.0204073537062	0.0146456322607	0.010271550535	0.00672703603323	0.00484165597908	0.00357468058268	0.00248870167149	0.00184013093286	0.00152338708376	0.00135747363899	0.00119156019423	0.00117647715379	0.00126697539639	0.00131222451769	0.00150830404333	0.00214179174152	0.00144797188159	0.000196079525632
PD_43P_2_bbduk_adapt_filt	0.000122087954299	0.000137348948586	0.000198392925736	0.000198392925736	0.000167870937161	0.000198392925736	0.00028995889146	0.000412046845759	0.000732527725793	0.00115983556584	0.00155662141731	0.00242649809169	0.0043493833719	0.00700479637789	0.0108810889269	0.0164513518418	0.0249975086427	0.0361380344724	0.0497966243596	0.069468045996	0.0932141531071	0.121660646459	0.157264546131	0.202925441039	0.253988727924	0.312545163005	0.38311200059	0.457494086746	0.547228733156	0.647493465624	0.752321235384	0.868625272848	0.99983930173	1.12946618721	1.26402237384	1.42211101366	1.59547590877	1.78036285456	1.96407470379	2.1569126276	2.35529029234	2.54119972475	2.71546501852	2.87875765739	3.01622869394	3.12018658702	3.1993148424	3.24511308626	3.25382711399	3.22983683098	3.18123056417	3.11423479925	3.04369848365	2.97400152274	2.88886043561	2.81022053205	2.72738385506	2.66084591997	2.60433445812	2.53581259377	2.47194533268	2.38782673216	2.29212503699	2.17537843069	2.02656847539	1.85147908794	1.65722189165	1.47407469921	1.29462066738	1.10042451508	0.909112690692	0.736709238228	0.581352316382	0.448703754037	0.345859913534	0.263206368474	0.195645946764	0.145315187604	0.10910084816	0.0798302611171	0.0575949924405	0.0422119101988	0.0329179646778	0.0258063413399	0.0197935095907	0.016252958916	0.0142995516472	0.0125292763099	0.0113999627327	0.0110336988698	0.0104690420811	0.0111557868241	0.0120256634984	0.0127581912242	0.0143758566187	0.0724897228649	0.172327147493	0.228090820619	0.267799927754	0.329561171635	0.645936844206
PD_44P_1_bbduk_adapt_filt	9.18873360184e-05	0.000126345087025	0.00014931692103	0.000172288755035	0.000195260589039	0.000264176091053	0.000390521178078	0.00059726768412	0.000953331111191	0.00156208471231	0.00253838765751	0.00420384562284	0.00655845860832	0.0113825437493	0.0175619670965	0.0255791371641	0.0379379838586	0.0528352182106	0.0744287421749	0.100984182284	0.134098081002	0.17943299541	0.232945882724	0.299254081578	0.373958485761	0.460608243626	0.565417236272	0.679713596362	0.803968246493	0.939835158714	1.08450028336	1.23333479587	1.39515988052	1.57189368543	1.74914435661	1.93729516303	2.13706971745	2.32995272167	2.52326070482	2.72521758347	2.91875528496	3.09999156934	3.25261643446	3.37009439356	3.45660632042	3.49096069818	3.48292055628	3.43181971153	3.33920876274	3.20973950629	3.0787541088	2.93789082268	2.76567098315	2.61150700515	2.47246997983	2.35007604826	2.2453244852	2.17107951769	2.11819835581	2.04326423329	1.98503063409	1.9352506698	1.8614766249	1.77267900055	1.66127709155	1.52984374329	1.37918296997	1.21863282211	1.05426934981	0.888240419539	0.72983813816	0.583564985136	0.456174679664	0.351480546188	0.26897720436	0.207159999054	0.163628373615	0.136016229141	0.105210999741	0.0633218604337	0.0341935749159	0.0220989043124	0.015035065356	0.0105096140571	0.00712126854143	0.00438762029488	0.00272216232955	0.00179180305236	0.00119453536824	0.000872929692175	0.000631725435127	0.000493894431099	0.000482408514097	0.000482408514097	0.000436464846088	0.000516866265104	0.000723612771145	0.000884415609177	0.00132088045526	0.00106819028121	0.000252690174051
PD_44P_2_bbduk_adapt_filt	9.22349792166e-05	0.000103764351619	0.000103764351619	0.000149881841227	0.000265175565248	0.000403528034073	0.000518821758093	0.000680232971722	0.0010952903782	0.0016832883707	0.00264022628007	0.00410445657514	0.00671009473801	0.01118349123	0.0171211180171	0.0254222661466	0.0368594035694	0.0523779388226	0.074295275759	0.102046475131	0.136565416103	0.177633040599	0.230990976076	0.297815218518	0.370104383479	0.456620793984	0.558159976729	0.672381469116	0.803943137596	0.936945977627	1.07081352059	1.22376217487	1.38879361144	1.55645374491	1.73085856123	1.92352590344	2.11493654406	2.30354554719	2.50138957761	2.69855337506	2.89034448497	3.06921116841	3.2229092319	3.34978997519	3.44238236495	3.48082129254	3.46740110306	3.41753656742	3.32361829983	3.1896585219	3.04546066126	2.88991789819	2.72207329476	2.56700323595	2.43146393399	2.29824203588	2.19546921029	2.13204613271	2.07680890953	2.02682908017	1.97833653984	1.93195387467	1.87121714086	1.77575393737	1.66274302908	1.52615455423	1.37190308087	1.22126030106	1.05992979304	0.894713886518	0.740105002606	0.594719616616	0.465440763872	0.355139258101	0.268138613955	0.203308952938	0.15128842466	0.110416799495	0.080290549408	0.0580849781616	0.0428085597289	0.032201537119	0.0252954430501	0.0203032248	0.0159451220321	0.0138813643721	0.0130051320695	0.0120481941602	0.0111604324852	0.0109990212716	0.0109067862924	0.0105609051203	0.0111604324852	0.0115409017745	0.0119559591809	0.0381276345337	0.068046355917	0.0780999686516	0.0932265052432	0.131469433501	0.285720906868
PD_45P_1_bbduk_adapt_filt	3.76376998774e-05	3.76376998774e-05	4.70471248467e-05	6.58659747854e-05	9.40942496934e-05	0.000131731949571	0.000178779074417	0.000207007349325	0.000244645049203	0.000366967573804	0.000639840897915	0.00114794984626	0.00197597924356	0.00333093643915	0.00566447383154	0.00956938519382	0.0152244496004	0.0227425801509	0.034052708964	0.0520435295054	0.0752377620548	0.102656826415	0.137603430752	0.181573673633	0.236204795005	0.300094790547	0.377957782168	0.470480657892	0.57541456515	0.695958708432	0.830212383895	0.986785215385	1.15537388256	1.334463468	1.54541336639	1.78162757082	2.02535049638	2.26725740291	2.52192348971	2.78896297034	3.04407130011	3.2613161038	3.43374381636	3.58425697817	3.70085857239	3.75129309023	3.74879018318	3.70278750451	3.60332047316	3.46762715568	3.3311810842	3.17317802011	2.99693008101	2.83658407011	2.69370195195	2.5699303759	2.46208895633	2.36703494529	2.27875572022	2.18834055569	2.10164211403	2.01072824997	1.89139792251	1.75389799543	1.60778844451	1.44301059445	1.25906574572	1.08639338811	0.922556480544	0.75501225954	0.605985786875	0.481555551081	0.370035046344	0.276815873173	0.205567707305	0.153260713901	0.112386171834	0.075181305505	0.0486843647914	0.0335446000157	0.0225732105014	0.0143399636533	0.00940001554437	0.00609730738013	0.0041119187116	0.00299219714025	0.00224885256767	0.00174074361933	0.00112913099632	0.00071511629767	0.000545746648222	0.000461061823498	0.000414014698651	0.000489290098406	0.000479880673436	0.000385786423743	0.000498699523375	0.000639840897915	0.00102562732166	0.000875076522149	0.000178779074417
PD_45P_2_bbduk_adapt_filt	3.76913022043e-05	3.76913022043e-05	4.71141277554e-05	8.48054299598e-05	0.000122496732164	0.000197879336573	0.000244993464328	0.000254416289879	0.000320376068737	0.00043344997535	0.000659597788576	0.00109304776393	0.00196937054018	0.0034487541517	0.00558773555179	0.00926263751672	0.0150953665328	0.023048231298	0.0351282936544	0.0518349633565	0.0725934480456	0.100277709515	0.136583856363	0.178119671392	0.231810931382	0.298241851517	0.373501959194	0.46456414532	0.570194019747	0.689571796654	0.825637397612	0.975479169525	1.1374386951	1.31700948162	1.52790174028	1.75796944894	1.9923528117	2.24448877779	2.51050456592	2.76439317757	3.0059944247	3.23639193225	3.42410404006	3.56879152639	3.68170524497	3.74266150346	3.74232228174	3.68916812281	3.59526024337	3.46876823317	3.32584281521	3.15967128662	2.9845669194	2.8307487151	2.68557124184	2.55509337643	2.44399826318	2.35776998657	2.28153932786	2.18827220055	2.10016878165	2.00716549346	1.89106685985	1.75991997383	1.60536678914	1.43991139529	1.26574931063	1.09183221943	0.925915107126	0.76491670976	0.618024282245	0.489214256961	0.377921264377	0.284211264272	0.209563640256	0.152753425009	0.111443757793	0.078859627037	0.0547277708007	0.039019920607	0.0278350266779	0.0198444706106	0.0155193936826	0.0124192840763	0.00943224837664	0.00792459628846	0.00764191152193	0.00734038110429	0.00655828658355	0.00596464857384	0.00597407139939	0.006087145306	0.00599291705049	0.00633213877033	0.00677501157123	0.0120800623565	0.0211353977111	0.0273638854003	0.0355240523276	0.061333171512	0.137384796535
PD_46P_1_bbduk_adapt_filt	0.000168404300835	0.000115777956824	0.000157879032033	0.000231555913649	0.00028418225766	0.000463111827297	0.000547313977715	0.000610465590528	0.000978849998605	0.00179982096518	0.00316810590946	0.00518895751949	0.00891490267547	0.0133249903036	0.0190823123384	0.0288708123245	0.0434798854219	0.0630989864692	0.0874123574023	0.120703782624	0.161099764287	0.210179092711	0.274909495845	0.350270420469	0.430073008527	0.51660124335	0.603087377098	0.691436483423	0.783258928454	0.867334775646	0.948779305637	1.02528748456	1.08953372533	1.15133810374	1.22811993965	1.29894447342	1.36594833461	1.44483522429	1.53591037523	1.63791075519	1.7434055244	1.85172106564	1.95758421925	2.07199389113	2.1841827313	2.29152994781	2.3997612869	2.50680327062	2.62100243713	2.7370014246	2.88071344482	3.011384657	3.1075014117	3.18858808255	3.2517291701	3.30095585229	3.30606060766	3.28996747166	3.25084504752	3.16684287721	3.06949466606	2.96715747749	2.84302245724	2.68892199671	2.50452981256	2.28470957363	2.04502815246	1.80825170549	1.56370761014	1.32058442608	1.09537524951	0.889700971851	0.710613523181	0.562965052424	0.435093561746	0.325367634483	0.236608042674	0.163888960519	0.110515322423	0.0756872079567	0.0523421617534	0.0355754085515	0.0238292085682	0.0161983886866	0.0106620972966	0.00698877848467	0.00507317956266	0.00366279354317	0.00227345806128	0.0014419618259	0.00110515322423	0.000863072041781	0.000747294084957	0.000599940321726	0.000610465590528	0.000694667740946	0.00071571827855	0.000642041396935	0.000842021504177	0.000705193009748	0.000168404300835
PD_46P_2_bbduk_adapt_filt	0.000190687197463	0.000148312264693	0.000243655863425	0.00026484332981	0.000296624529387	0.000550874126004	0.000582655325581	0.000762748789851	0.00130302918266	0.00199162184017	0.0030615888926	0.00495786713403	0.00803004975982	0.0125853550325	0.0183695333556	0.0278827057623	0.0437521180845	0.0634246806228	0.0876525484338	0.119974028404	0.1603467456	0.212065351045	0.27609387446	0.351807285586	0.434618497951	0.513912590896	0.596003429403	0.687671002717	0.778448702442	0.863505786244	0.945141094225	1.02548396676	1.09122867495	1.14556393249	1.2177602242	1.29115360775	1.3601399983	1.43732593834	1.52923716752	1.63092641243	1.73282753201	1.83926276939	1.95107962324	2.06359566348	2.17006268206	2.28018453859	2.39164120551	2.50624421119	2.62220321471	2.72837360876	2.83045482181	2.93736677718	3.03898186597	3.1086992241	3.15601083654	3.19511230575	3.20957275156	3.19598099188	3.16120176581	3.1088263489	3.04176801779	2.95563037321	2.841207461	2.68613639453	2.49738785024	2.29105370885	2.06049169965	1.8164120869	1.56821151193	1.31989440591	1.08914170951	0.880858321213	0.69342339984	0.536720898459	0.410443598806	0.305692764999	0.224290519149	0.162645585703	0.115567035396	0.0819743074426	0.0579265330959	0.0410083411877	0.029408203342	0.020816685723	0.0154880379273	0.0120662621061	0.0102335462638	0.00940723507483	0.00846439282071	0.00769105029767	0.00755333176617	0.00763808163171	0.0079241124279	0.00881398601606	0.00941782880803	0.0375971590998	0.101201933187	0.147009235511	0.168037795898	0.203261958762	0.337940088837
PD_47P_1_bbduk_adapt_filt	4.86005885774e-05	4.86005885774e-05	6.07507357218e-05	6.07507357218e-05	7.29008828661e-05	0.000121501471444	0.000133651618588	0.000157951912877	0.000243002942887	0.00047385573863	0.000801909711528	0.00153091854019	0.0029038851675	0.00487220900489	0.00811629829243	0.0126118527358	0.0199140911696	0.0311894277196	0.0466687151815	0.0677249201826	0.0933009799215	0.128888760907	0.177720202281	0.235749305042	0.305734152593	0.385463418155	0.476018464822	0.583996822494	0.706263753207	0.831884124533	0.971829519341	1.12096042539	1.2794104943	1.44490764855	1.61928656037	1.81537778513	2.00481072926	2.19547083825	2.38563279121	2.55895464022	2.7111595335	2.84043709911	2.94486761382	3.00995595207	3.03664982535	3.03092710604	2.99256909151	2.94332454513	2.88506458957	2.80578487946	2.73241014085	2.6751829478	2.62239055846	2.57366846841	2.53784983463	2.5177899417	2.50916333722	2.51246817725	2.51418134799	2.49939461892	2.47219043946	2.42465906383	2.34992350875	2.23963662312	2.10992165221	1.95421751655	1.76071427313	1.55732080993	1.353040386	1.15803052433	0.963008512515	0.777572966797	0.619171498476	0.487075098723	0.377468621334	0.28792203688	0.218860600511	0.157064952135	0.10402955985	0.0697904451972	0.0480295316616	0.0309464247767	0.0203028958782	0.0141184709817	0.00984161918693	0.00642742783936	0.00386374679191	0.00235712854601	0.0015066182459	0.000972011771549	0.000692558387228	0.000571056915785	0.00055890676864	0.000498156032919	0.000388804708619	0.000340204120042	0.000267303237176	0.00047385573863	0.000814059858672	0.000607507357218	0.000145801765732
PD_47P_2_bbduk_adapt_filt	4.87336737624e-05	6.0917092203e-05	7.31005106436e-05	7.31005106436e-05	7.31005106436e-05	8.52839290842e-05	0.000109650765965	0.000134017602847	0.000268035205693	0.000475153319184	0.000962490056808	0.0015594775604	0.00265598522005	0.00487336737624	0.0076511867807	0.0123905365541	0.0198711554766	0.0305316466122	0.0455659849679	0.0669600677496	0.0954692669006	0.130289476804	0.173418778084	0.231582417719	0.302307161767	0.378733745645	0.470158117623	0.579150978992	0.698974899356	0.825682451138	0.960394508836	1.10273338648	1.25838874047	1.423376593	1.59937825579	1.78652774646	1.9759068027	2.16418935128	2.35334910599	2.53513789254	2.69632451851	2.8264068772	2.91403002262	2.9765796929	3.01659003906	3.01567628267	2.98203786436	2.92810187092	2.86621010524	2.79866523341	2.72627136104	2.66261299968	2.5966885225	2.53441907085	2.50481336404	2.4984414362	2.49066841523	2.48617273383	2.48614836699	2.47864338123	2.44897675733	2.407796803	2.34862193963	2.24269929971	2.10377177923	1.94711738492	1.75999226109	1.55968467851	1.35568552014	1.15325802275	0.96270935834	0.788900710866	0.634207846926	0.491345082291	0.373653260155	0.283179194815	0.214160129349	0.158615924678	0.11375657798	0.0827985117223	0.0606368735789	0.0447740627692	0.0353440968962	0.0284117318035	0.0223809396754	0.0185431628666	0.0161430294338	0.0142545995755	0.0130118908946	0.0122565189512	0.0117935490505	0.0118057324689	0.0122077852775	0.0128656898733	0.0138890970223	0.0270471889381	0.0427394318896	0.0505733699469	0.0656929922317	0.0989902748299	0.230632111081
PD_48P_1_bbduk_adapt_filt	7.33772080119e-05	9.78362773492e-05	0.000134524881355	0.000158983950692	0.000244590693373	0.000354656505391	0.000391345109397	0.000379115574728	0.000415804178734	0.000562558594758	0.000843837892137	0.00134524881355	0.00240921832972	0.00423141899535	0.00781467265327	0.0133546518582	0.0204967001047	0.0311608543357	0.0451269829273	0.0648409928132	0.0919905597776	0.128471261694	0.173977360196	0.227848460412	0.291967910679	0.369882276053	0.456907644755	0.554572708619	0.670692140298	0.797561332951	0.935681697499	1.0754775083	1.23206447019	1.39971916097	1.58225719543	1.78290717074	1.99773117673	2.21503777826	2.42731804103	2.66010723345	2.88097262957	3.07368563688	3.24338265994	3.39060179828	3.49942019776	3.56408997709	3.60046061319	3.59728093418	3.55511349864	3.46958013317	3.38567329581	3.28512206176	3.15940244537	3.02921904882	2.87480894409	2.74582404194	2.62773565518	2.49345536452	2.33921647328	2.18123534443	2.03950726716	1.89797486244	1.75576983331	1.61575389089	1.46610107515	1.31498071525	1.15154521393	0.998969539409	0.867832239157	0.73762438354	0.616038349864	0.501313085137	0.401189884805	0.322101484103	0.260256727284	0.20796323704	0.168596364942	0.134084618107	0.0936293174232	0.0603894421938	0.0396970695344	0.0263301881416	0.0183932201417	0.01254750257	0.00851175612938	0.00567450408625	0.00357102412325	0.00251928414174	0.00151646229891	0.00090498556548	0.00090498556548	0.0008193788228	0.000672624406776	0.000623706268101	0.000587017664095	0.000464722317409	0.000403574644066	0.000440263248071	0.000489181386746	0.000330197436054	8.56067426806e-05
PD_48P_2_bbduk_adapt_filt	4.91396144899e-05	4.91396144899e-05	6.14245181124e-05	9.82792289798e-05	0.00014741884347	0.000294837686939	0.000393116915919	0.000429971626787	0.000540535759389	0.000823088542706	0.00116706584414	0.00168303179628	0.00237098639914	0.00382060502659	0.00700239506481	0.0119777810319	0.0187836176388	0.0293363498505	0.0446801944749	0.0652574080426	0.091731375349	0.12418809072	0.169064843652	0.225255992822	0.289837731165	0.365512737479	0.453202379537	0.552452115903	0.666750859206	0.789538470913	0.922645401662	1.06382351409	1.21552978893	1.38386982326	1.56175522772	1.7502547889	1.95522840584	2.18178659845	2.40582638581	2.63048041836	2.84896742928	3.04907622439	3.21955383196	3.36347147789	3.47500611788	3.54436668373	3.57569318797	3.5693541777	3.52754865068	3.45366724029	3.36183758571	3.25145772666	3.12464066657	2.9850350218	2.84560136569	2.70007439738	2.56580040078	2.44183343833	2.30291574817	2.16899801378	2.03710728849	1.89771048708	1.76573376747	1.62547702281	1.46999928256	1.3229489862	1.16777836855	1.01327113569	0.874746562438	0.738457841651	0.616726731655	0.508054474211	0.406851438169	0.319284645148	0.249788945356	0.192135892655	0.144237053431	0.108733681963	0.0829722390662	0.0632426838485	0.0477637052842	0.0361421864573	0.0282307085244	0.0218179888335	0.0177516857345	0.0154175540462	0.0136853826354	0.0130097129362	0.0119040716102	0.0112898264291	0.0109458491276	0.0107615755733	0.0108967095131	0.0109458491276	0.0120637753573	0.0357367846378	0.0695202695996	0.0887338588651	0.110797545771	0.148991311133	0.305734396453
PD_4P_1_bbduk_adapt_filt	4.62465437935e-05	4.62465437935e-05	5.78081797418e-05	0.000115616359484	0.000150301267329	0.000265917626812	0.000450903801986	0.000554958525521	0.000936492511817	0.00163019066872	0.0028210391714	0.00439342166038	0.00712196774419	0.0114460195889	0.0177933577245	0.0262564752387	0.0372862759335	0.0525823202932	0.0711271843543	0.0975917690401	0.130507746585	0.165400763877	0.207959145803	0.26064552082	0.318164659663	0.380851849775	0.453967635512	0.534482868257	0.620975466787	0.712693924765	0.82045993344	0.937059031979	1.05935801704	1.19962378437	1.36022646932	1.53742010187	1.73099657255	1.93485133759	2.14595524838	2.36407707218	2.57912350082	2.78934872727	2.99061368586	3.16470879997	3.30128640542	3.40507521133	3.47010941354	3.48948671539	3.47395943831	3.43135480984	3.39125905637	3.32946211223	3.23755866808	3.13758520203	3.03205058909	2.93593870946	2.83286672498	2.7243607716	2.60995838389	2.4916366016	2.36474764706	2.2291643423	2.08599660435	1.91987901904	1.7393093888	1.55328266639	1.34543913695	1.15479932179	0.984161136833	0.807337476638	0.653059006543	0.521880685073	0.403373916602	0.3055046683	0.230793376801	0.172673032889	0.129709993705	0.100956205101	0.0931174159281	0.0757171538258	0.0397373427545	0.0197703974717	0.0120587862941	0.00807002189196	0.00560739343496	0.00373440841132	0.00247419009295	0.001792053572	0.00127177995432	0.000878684332076	0.00070525979285	0.000578081797418	0.000531835253625	0.000578081797418	0.000647451613108	0.000474027073883	0.000450903801986	0.000901807603972	0.00136427304191	0.0010521088713	0.000323725806554
PD_4P_2_bbduk_adapt_filt	6.95851046125e-05	9.27801394833e-05	0.000115975174354	0.000162365244096	0.000231950348708	0.000266742901015	0.000336328005627	0.000440705662546	0.000800228703044	0.00158885988865	0.00266742901015	0.00451143428238	0.00721365584483	0.0109712514939	0.016967168008	0.0252941855266	0.0370192756539	0.052710716744	0.0722989236924	0.0969088556904	0.126911633296	0.164580369926	0.20914962943	0.258265115769	0.314002784564	0.378728529371	0.450331602017	0.529438268444	0.614923569461	0.706323604369	0.810538896044	0.924983198097	1.05304298562	1.19190006187	1.35624848145	1.53423558153	1.71013512847	1.9065738788	2.12257764103	2.3529043373	2.5683514187	2.76200676483	2.95810918715	3.1372096489	3.27004761361	3.36919479016	3.44332612161	3.47380439743	3.46119789598	3.41966718604	3.36736238241	3.29720899944	3.20369821636	3.10941039961	3.00269004417	2.89283835902	2.7865935018	2.68773626318	2.59274099786	2.4840142719	2.36365523596	2.23464445201	2.08935075358	1.91935434301	1.73916371462	1.55345266792	1.35757059844	1.17018950923	0.991518155624	0.815838961512	0.661012103749	0.528336504288	0.412999193393	0.313040190617	0.232831760033	0.171944793498	0.127131986127	0.0929656997623	0.0664189823526	0.047596211555	0.0338415558765	0.023438582737	0.0179297619552	0.0151463577707	0.012386148621	0.0106233259708	0.00940558664012	0.00836181007094	0.00782832426891	0.00753838633302	0.0073992161238	0.0075963739202	0.00793270192583	0.00839660262324	0.0094635742273	0.0259900365728	0.0493706317226	0.0629281296046	0.0795473720895	0.118538225707	0.25364930383
PD_50P_1_bbduk_adapt_filt	0.0	0.0	0.000118284403019	0.000236568806037	0.000354853209056	0.000591422015093	0.000709706418112	0.000591422015093	0.000591422015093	0.000709706418112	0.00082799082113	0.00118284403019	0.00106455962717	0.00201083485132	0.00425823850867	0.00686049537508	0.0117101558988	0.0173878072437	0.0222374677675	0.031818504412	0.0481417520286	0.0648198528542	0.0872938894277	0.117811265407	0.158027962433	0.212438787821	0.270989567316	0.340540796291	0.424522722434	0.505902391711	0.611057225994	0.727567362968	0.862175013603	1.02233209529	1.17302642474	1.32312933217	1.47796361572	1.6416692295	1.83116084313	2.04005109886	2.21097206122	2.35291334485	2.46185328003	2.52560857325	2.56700811431	2.688131343	2.76608076459	2.70670199428	2.62224693052	2.49237065601	3.22348655106	3.97246339098	3.87405076767	3.80260698824	3.75659435547	3.75943318114	3.74843273166	3.67415012656	3.44243098105	2.58498734357	1.88947505382	1.83541908164	1.7594804949	1.64237893591	1.53722410163	1.39268056114	1.1483049845	0.977147453337	0.879444536443	0.794752903882	0.739395803269	0.708050436469	0.719524023562	0.785171867238	0.968867545125	1.33696860732	1.79804121029	1.61919519292	0.719878876771	0.153769723924	0.0741643206927	0.0534645501644	0.0441200823259	0.0389155685931	0.031936788815	0.019162073289	0.00839819261432	0.00662392656904	0.00567765134489	0.00520451373282	0.00473137612074	0.00437652291169	0.00437652291169	0.00437652291169	0.00461309171773	0.00272054126943	0.00082799082113	0.00141941283622	0.00201083485132	0.00118284403019	0.000118284403019
PD_50P_2_bbduk_adapt_filt	0.000273075941054	0.000273075941054	0.000546151882108	0.000682689852635	0.000682689852635	0.000955765793688	0.00109230376422	0.00109230376422	0.00122884173474	0.00109230376422	0.00109230376422	0.00177499361685	0.00191153158738	0.00327691129265	0.00600767070318	0.00819227823161	0.0113326515537	0.0162480184927	0.0258056764296	0.0389133216002	0.0537959603876	0.070999744674	0.098716952691	0.137903350232	0.185555101946	0.229929942367	0.29287394678	0.384217849063	0.480886732196	0.576053697653	0.696070573746	0.838343139035	0.972286888122	1.13217285161	1.29820302377	1.46614472752	1.67573051228	1.90388546103	2.12671542893	2.32660701778	2.48198722824	2.61087907242	2.76639582085	2.8555551156	2.87371466568	2.86879929874	2.83712248958	2.78209768746	2.65279622937	2.50328715164	2.34026081483	2.18815751566	2.06745794972	1.93091997919	1.81568193207	1.73812836481	1.67982665139	1.63190182374	1.58465968594	1.54055792146	1.4949542393	1.46559857564	1.43201023489	1.35309128792	1.27649348646	1.16398619874	1.04656354409	0.94334083837	0.831516240509	0.735120433317	0.622886221544	0.526626952322	0.427909999631	0.332879572145	0.257920226325	0.203851189997	0.166576324043	0.126024546796	0.0882035289604	0.0659478397645	0.0540690363287	0.0412344670991	0.0294922016338	0.0212999234022	0.0185691639917	0.0233479929601	0.0342710306023	0.0409613911581	0.0462863720086	0.0546151882108	0.0621247765897	0.0662209157056	0.0722285864087	0.0864285353435	0.0920265921351	1.3003876313	2.74878242265	3.18392893472	3.56882947363	3.92000513383	7.15363388982
PD_51P_1_bbduk_adapt_filt	2.42737741896e-05	2.42737741896e-05	2.42737741896e-05	6.06844354739e-05	0.000121368870948	0.000182053306422	0.000230600854801	0.00030342217737	0.000412654161223	0.000473338596697	0.000631118128929	0.00100736162887	0.00174771174165	0.00331337017688	0.00519458767657	0.00797393482128	0.0135569028849	0.0220769976254	0.0330123328978	0.0480377991212	0.071826097827	0.102423190193	0.139295053187	0.191677857888	0.258187999167	0.338230769558	0.432376602752	0.537834014718	0.66269830915	0.806520421223	0.968256578648	1.15230033455	1.35646704926	1.57206671161	1.81817850812	2.0973269113	2.39052982974	2.68265256522	2.97623172716	3.27909560772	3.55201778782	3.7947676666	4.00006311181	4.14813313437	4.22499604034	4.23335835555	4.17885159561	4.05196044103	3.87829372359	3.65064213235	3.40035524669	3.15380652224	2.88783877845	2.64108372692	2.42694049102	2.21901134131	2.03663033894	1.89455593861	1.76608698871	1.65064091867	1.54667634381	1.43916779793	1.32786040638	1.21367657259	1.10279397209	0.988415948112	0.8663552746	0.748348321377	0.639007105541	0.536244082509	0.438821289799	0.350464751749	0.275737937906	0.208718047369	0.154575394039	0.112800228659	0.0794480629225	0.0581235522969	0.0511569791045	0.0414596063158	0.0231693174639	0.0122339821915	0.00726999536978	0.00433286869284	0.00259729383828	0.00177198551584	0.00128651003205	0.00086171898373	0.000534023032171	0.000376243499938	0.000364106612844	0.000254874628991	0.000194190193517	0.000206327080611	0.000218463967706	0.000254874628991	0.000218463967706	0.000242737741896	0.000534023032171	0.000485475483791	0.000121368870948
PD_51P_2_bbduk_adapt_filt	2.43242598979e-05	2.43242598979e-05	2.43242598979e-05	7.29727796937e-05	0.000133783429438	0.000182431949234	0.00023108046903	0.000255404728928	0.000389188158366	0.000474323068009	0.000559457977652	0.00108242956546	0.00184864375224	0.00310134313698	0.00492566262933	0.00782024955718	0.0136094234129	0.0215512942695	0.0319134289861	0.0467390653938	0.0680471170644	0.0982578478576	0.139292874305	0.191735978645	0.255270945499	0.331636959448	0.428350216802	0.535449933133	0.654991508401	0.794965461983	0.955201524061	1.13355915976	1.33253160573	1.55165670102	1.7993263153	2.07488369355	2.35221674278	2.63684706997	2.94062058971	3.24092790241	3.5208879717	3.76856974811	3.961825993	4.10237156669	4.17573353454	4.18922133666	4.14620388303	4.02973932664	3.86354382088	3.64520926404	3.39688289474	3.13859574102	2.87807075538	2.63116735529	2.40586389798	2.21215765429	2.04324999355	1.89748686612	1.76915207089	1.65205508375	1.54147699825	1.44112726404	1.34042482806	1.22790080178	1.11104705723	0.997209520905	0.88147469231	0.763210140687	0.653215837428	0.553267453508	0.453306907457	0.360108505659	0.285603297591	0.222883193445	0.165842803984	0.123323997682	0.0909119213684	0.0647025313284	0.0482228452476	0.03573233779	0.026695875238	0.0209188635122	0.0168080635895	0.013585099153	0.0116148341013	0.0107999713947	0.00977835247896	0.00982700099875	0.00949862349013	0.00913375959166	0.0092675430211	0.00873240930335	0.00893916551248	0.00941348858049	0.00943781284039	0.0179877901945	0.030259379313	0.037641792192	0.0466052819644	0.0711606223313	0.172179273687
PD_52P_1_bbduk_adapt_filt	0.000116153428225	0.000116153428225	0.000116153428225	0.000145191785281	0.000188749320865	0.000174230142337	0.000217787677922	0.000392017820259	0.000653363033765	0.00117605346078	0.00203268499394	0.00374594806025	0.00611257416033	0.00932131261505	0.0138658154943	0.0202687732252	0.0292125871986	0.042091098553	0.0566973921523	0.0749044420265	0.098919163312	0.126810505265	0.160132019987	0.199914569154	0.246855073335	0.299138635215	0.36093225903	0.431277678999	0.506385389525	0.594574879905	0.687904159483	0.785327847407	0.898548401569	1.01811383675	1.15038355314	1.29691110284	1.45287611859	1.60619864385	1.758374154	1.93305439088	2.11075461688	2.28299563176	2.43948333794	2.57185468858	2.6940916526	2.81113075072	2.89409333683	2.94894679331	2.99394172757	3.02390931205	3.10274845146	3.1689849439	3.17803039213	3.18222643472	3.1977909941	3.21222305756	3.20579106147	3.19167841994	3.14947116796	3.0220508572	2.88231828304	2.78008874703	2.65184084309	2.48353452559	2.28761273053	2.07914636523	1.84376144293	1.61846734971	1.40693743773	1.18753813099	0.98188848632	0.812827171539	0.668216153399	0.536498165792	0.424613376055	0.327828531986	0.245257963697	0.170643905241	0.10959075953	0.0731185830676	0.0516447180245	0.0351654503951	0.0244502966413	0.0176553210902	0.0127333195692	0.00837756601072	0.00515430837748	0.00386210148848	0.00262797131359	0.00162614799515	0.00123413017489	0.000900189068743	0.000856631533158	0.000900189068743	0.000900189068743	0.000696920569349	0.000508171248484	0.000580767141124	0.000958265782855	0.000856631533158	0.000203268499394
PD_52P_2_bbduk_adapt_filt	8.81758402606e-05	0.000102871813637	0.000117567787014	0.000161655707145	0.000264527520782	0.000264527520782	0.000279223494159	0.000367399334419	0.000631926855201	0.00105811008313	0.00192517251236	0.00361520945069	0.0053787262559	0.0091115034936	0.0148870210307	0.0220292640918	0.0309791118782	0.0421039637245	0.0575641277168	0.0742146655527	0.0964643692451	0.12838402342	0.16120013197	0.19949783859	0.243659238587	0.29415460311	0.354848973156	0.425360253417	0.502323065992	0.586413425653	0.681128974067	0.780150442679	0.890531898712	1.01646169458	1.14954842948	1.29330444105	1.43775116337	1.59048641467	1.75872591789	1.92834684261	2.09849682236	2.26667754169	2.43396180663	2.5836843834	2.7126856377	2.81486674059	2.88057243755	2.94307441233	2.98126924713	3.0062377059	3.03167643581	3.03045667002	3.02873724114	3.0397445252	3.05326482071	3.05815857984	3.04263963195	3.00908872473	2.9777569095	2.92545394025	2.85019586059	2.75302608462	2.62711098473	2.47327353542	2.28215240165	2.06816433331	1.8394802916	1.61610149627	1.39476544124	1.17484019966	0.969993026761	0.779489123878	0.618171424121	0.485158169087	0.368295788795	0.275476020948	0.209579276326	0.153602313734	0.110572503687	0.0816949160015	0.0602681868182	0.0448668067193	0.0331247239913	0.0262617044243	0.0215589929437	0.017355944558	0.0148870210307	0.0136966471872	0.0129765444917	0.0128883686514	0.0123740095832	0.0124768813969	0.0131382001988	0.0135496874534	0.0142257022287	0.105796312339	0.225274575893	0.263072619418	0.290348346005	0.341020062208	0.617304361691
PD_53P_1_bbduk_adapt_filt	4.98636478549e-05	4.98636478549e-05	6.23295598187e-05	4.98636478549e-05	7.47954717824e-05	0.000137125031601	0.000162056855529	0.000174522767492	0.000448772830694	0.000797818365679	0.00148344352368	0.00259290968846	0.00410128503607	0.00659446742882	0.0103716387538	0.0158566400179	0.0236229031713	0.0334834395346	0.0479937610604	0.0651468559225	0.0888944182134	0.122141005421	0.16073546886	0.209290195959	0.271981267225	0.349170194104	0.438899828419	0.536956691926	0.646070819345	0.764983153567	0.897657854597	1.04860758257	1.20397024337	1.37329472557	1.5574411771	1.74849374386	1.95846956497	2.16940526131	2.37724941148	2.60037676972	2.81056451134	3.00147995307	3.188967269	3.33813437156	3.44519162351	3.52984763165	3.56746975396	3.55464233055	3.50747131968	3.42581959631	3.32464625482	3.21202920614	3.07910518687	2.95083095276	2.83589524445	2.72039857011	2.61159609049	2.5158454207	2.41682868197	2.30332655354	2.18467600347	2.05428256433	1.92432543211	1.78432077484	1.61975827101	1.44744196993	1.27017670181	1.09857095772	0.935541761054	0.786798499503	0.645547251042	0.515826971147	0.406388730018	0.312732333434	0.238722214106	0.180506405235	0.137174895249	0.107830138486	0.0902158048816	0.0676899019631	0.0403521570266	0.0239096191464	0.016143355993	0.0109201388802	0.00674405837238	0.00438800101123	0.00311647799093	0.00194468226634	0.00124659119637	0.000772886541752	0.000523568302477	0.000423841006767	0.000411375094803	0.000386443270876	0.000436306918731	0.000311647799093	0.000224386415347	0.000486170566586	0.00063576151015	0.000473704654622	0.000186988679456
PD_53P_2_bbduk_adapt_filt	2.49909938706e-05	2.49909938706e-05	2.49909938706e-05	2.49909938706e-05	0.000112459472418	0.000187432454029	0.0002124234479	0.000312387423382	0.000587288355959	0.0008496937916	0.00147446863836	0.00273651382883	0.00427345995187	0.0072223972286	0.0107836138552	0.0155443981875	0.0235790027169	0.0333129948295	0.0460708972004	0.063914466824	0.0885056047927	0.119781833622	0.157943081262	0.210474150378	0.273488941423	0.343551192739	0.428545562893	0.525448141626	0.633734118067	0.751754086621	0.88459371454	1.03272783071	1.1885216865	1.34976357895	1.53349736589	1.73293799247	1.9317788352	2.1323690475	2.34271824291	2.5641509441	2.76707781433	2.96060807087	3.14125547006	3.30224745257	3.42197930421	3.49145426717	3.53796250676	3.53966189434	3.49222898798	3.41295755542	3.31611745417	3.20079651296	3.07100578629	2.93541714904	2.80997485531	2.69807768026	2.59535219995	2.49914936905	2.39446209572	2.28293978557	2.17162989888	2.05459707458	1.92671815894	1.78089570971	1.62329000686	1.45943655555	1.28359992268	1.11688500257	0.952294316936	0.794401217661	0.652989678844	0.527210006694	0.419511318609	0.32809426303	0.250984551442	0.18759489549	0.141511502792	0.107611219607	0.0817205499568	0.0609030520626	0.0455835728199	0.0354372293085	0.0283647780431	0.0233790747659	0.0199178221149	0.0168814163596	0.0147196953898	0.0138325151074	0.0134826411932	0.0127953888617	0.0132077402606	0.0140824250461	0.0135826051687	0.0133077042361	0.013907488089	0.021042416839	0.0318385261911	0.0404979055673	0.0558548713008	0.091729443002	0.236389811022
PD_54P_1_bbduk_adapt_filt	0.0	0.0	0.0	1.05203878278e-05	3.15611634834e-05	9.46834904501e-05	0.0001893669809	0.000389254349628	0.000715386372289	0.000936314516673	0.001588578562	0.00254593385432	0.0039767065989	0.00660680355585	0.0101206130903	0.0142235643432	0.0203674708346	0.0280894355002	0.0385361806132	0.0545376904992	0.0746631924138	0.0988811251934	0.13304082447	0.177215932959	0.230385973041	0.295328327102	0.373673655255	0.459162326744	0.557454310219	0.666813741688	0.776509825569	0.903953803715	1.0559944486	1.21522051838	1.39157377953	1.59913051099	1.82060571554	2.04769880719	2.28845788263	2.54550251842	2.79793922435	3.0392979619	3.24901137285	3.41087805997	3.5347977082	3.59759390314	3.60649415124	3.56785276675	3.47566260822	3.3503542688	3.22153211985	3.07414148638	2.92704542377	2.81487704875	2.71154579951	2.6314330462	2.57013074633	2.52796503191	2.49085962405	2.42916806982	2.36468861283	2.28559633714	2.17599493675	2.03776756108	1.87147179068	1.68587110863	1.48525783314	1.28199341992	1.07980208626	0.887131703578	0.713092927743	0.566533404914	0.438458203499	0.329098772029	0.248302193511	0.185884732529	0.13953190376	0.098839043642	0.0664678102959	0.0451009026177	0.0290888723438	0.0194416767057	0.0133819333169	0.00857411607964	0.00571257059049	0.00377681923017	0.00241968920039	0.00162013972548	0.000852151414051	0.000578621330528	0.000578621330528	0.000515499003561	0.000452376676595	0.000420815513111	0.000399774737456	0.0003787339618	0.000357693186145	0.000410295125284	0.000589141718356	0.000557580554873	0.000199887368728
PD_54P_2_bbduk_adapt_filt	0.0	0.0	0.0	3.1630315e-05	6.326063e-05	8.43475066666e-05	0.000168695013333	0.000326846588333	0.000611519423333	0.000938366011666	0.001613146065	0.002941619295	0.00415411470333	0.00607302048	0.00940474699333	0.0135904920117	0.0193050355883	0.02663272523	0.0388209399433	0.0544568589916	0.0728657023216	0.0993402759766	0.133195256465	0.175052706648	0.22501806091	0.288489559676	0.368830559776	0.455307840986	0.545738911571	0.65139470711	0.76950230332	0.902339082881	1.04496017322	1.19758698653	1.37421066549	1.57776228595	1.80372925631	2.02988600856	2.26723989232	2.52069360642	2.77358851828	3.00667230951	3.21697173051	3.39130748335	3.50605172273	3.57342429368	3.59538627573	3.55379241151	3.46356166625	3.34360896833	3.19475670594	3.04189793699	2.91036854378	2.7968367998	2.69534566241	2.61317010404	2.55274565895	2.51009745089	2.46771282879	2.4145211824	2.35826139545	2.28246461728	2.17425730966	2.03719261133	1.86441728736	1.68522100945	1.492950868	1.28173416787	1.08378111316	0.899893005188	0.723912475966	0.570389470395	0.445017445173	0.338581435198	0.253348279712	0.18712494354	0.136041984815	0.0995616881816	0.0742152624283	0.054499032745	0.040075609105	0.030080429565	0.022742196485	0.0179449320433	0.0144761408317	0.0122514753433	0.01119713151	0.0100057229783	0.00919387822666	0.00903572665166	0.00880377100833	0.00895137914499	0.00963670263666	0.0100478967317	0.01043800395	0.01821906144	0.0333172651333	0.0453789585866	0.0577358683133	0.0877635806866	0.185659405612
PD_55P_1_bbduk_adapt_filt	0.0	0.0	0.0	2.39614335934e-05	4.79228671868e-05	8.38650175769e-05	0.000167730035154	0.000323479353511	0.000503190105461	0.00098241877733	0.00209662543942	0.00334261998628	0.00542726470891	0.00893761473034	0.0133345377947	0.0208105050759	0.0318687066792	0.0463414125696	0.0663012867529	0.0922754807682	0.125054721924	0.169491200523	0.223128869622	0.289478079242	0.369365498842	0.463114607776	0.577230935265	0.703052423064	0.841609412818	1.00121652198	1.17406232321	1.34947199783	1.53863553533	1.72337818834	1.90596431232	2.08043949103	2.23808176264	2.38200611352	2.49375025908	2.5995399884	2.69566127926	2.75993782487	2.805536433	2.83666233524	2.85083552321	2.85801197257	2.85795206899	2.85984502224	2.87966112782	2.90303550629	2.93565899813	2.97852600283	2.99683253809	2.992986728	2.97910107723	2.92736834211	2.85390258671	2.77349999629	2.65989883962	2.51554318294	2.37329613241	2.21306602597	2.04430564917	1.88535747943	1.69986004127	1.50617977353	1.31254742866	1.12691820261	0.943649177775	0.771953525362	0.627861444448	0.500302752713	0.391769439252	0.299122556263	0.226124048821	0.173348991331	0.132482766338	0.105334462077	0.075490496536	0.0449995722884	0.0276514943668	0.0170365792849	0.0109863173026	0.00716446864443	0.00467247955071	0.00286339131441	0.00161739676755	0.000994399494126	0.000599035839835	0.000431305804681	0.000407344371088	0.000287537203121	0.000203672185544	0.000287537203121	0.000383382937494	0.000503190105461	0.000886573042956	0.00160541605076	0.00317488995113	0.00250396981051	0.000371402220698
PD_55P_2_bbduk_adapt_filt	0.0	0.0	0.0	1.20211220732e-05	7.2126732439e-05	0.000132232342805	0.00022840131939	0.000288506929756	0.000516908249146	0.000949668643781	0.00187529504341	0.0031375128611	0.00507291351488	0.00822244749805	0.0136079101868	0.0208446256749	0.0309183259722	0.0454879259249	0.0643250242135	0.0896655495438	0.120487706539	0.163379070096	0.218556020412	0.283782628781	0.361390992886	0.454109907436	0.561602781014	0.688257323177	0.833460456699	0.988893565105	1.16026668138	1.33445274022	1.51402426175	1.70318863869	1.8824235688	2.05481848046	2.21847403636	2.36096039629	2.47708443552	2.58455326685	2.67641868174	2.7402267977	2.7895133982	2.82608165155	2.84374067987	2.84697436171	2.85256418348	2.8542110772	2.87066799332	2.89450587839	2.91621602485	2.9463048934	2.95396234816	2.955128397	2.94283078912	2.88700469822	2.80462394865	2.71813197533	2.61911399281	2.49588547044	2.36665840816	2.22040943701	2.06450750485	1.90194587105	1.71001663603	1.5112714248	1.322515766	1.13812377452	0.9588287388	0.790977811293	0.636698730606	0.506485936309	0.396035866701	0.299181686157	0.226646235568	0.169870476016	0.123072247785	0.0867083535138	0.062593982635	0.0463414255921	0.0331302124337	0.0235974626296	0.0170098877335	0.0127544105196	0.0101458270298	0.00870329238098	0.007392990075	0.00631108908842	0.00597449767037	0.0062269412339	0.00638321582085	0.00647938479744	0.0070804409011	0.00738096895293	0.00811425739939	0.0252323352316	0.0585548856184	0.0814310809237	0.0956881317025	0.122447149437	0.227439629624
PD_56P_1_bbduk_adapt_filt	2.59505222153e-05	3.24381527692e-05	3.8925783323e-05	5.19010444307e-05	6.48763055383e-05	0.000116777349969	0.000201116547169	0.000324381527692	0.000506035183199	0.000953681691414	0.00169327157455	0.00300377294642	0.00509927761531	0.00849230839497	0.0138705541241	0.0209809972111	0.031218478225	0.0447906013437	0.0621255501835	0.0856367233106	0.11538899703	0.153633579145	0.199760632383	0.254769251849	0.319522292407	0.395356205951	0.481116194242	0.577827302908	0.689972484661	0.809007530063	0.936411618879	1.07676501828	1.22182843746	1.3722960529	1.53540806028	1.72120082408	1.92039054498	2.11670624554	2.32039838204	2.52990343551	2.73874026304	2.9311698729	3.09769437395	3.23898847978	3.34617062416	3.41095610288	3.43730885818	3.41674306933	3.35341081986	3.27506619329	3.18614024129	3.07599973738	2.95532332145	2.85070379114	2.75342825861	2.66690921755	2.59198357228	2.52602383244	2.45709924544	2.37923470353	2.30308938372	2.21274264063	2.09947509879	1.94859876263	1.77713068709	1.60345681716	1.41278535519	1.22193223955	1.03840365882	0.857489593192	0.692729727647	0.547075934083	0.420573625913	0.317173770146	0.236104338746	0.17266179956	0.123686676509	0.0883874786654	0.0688726859595	0.0532504715859	0.0326652198386	0.0185416481229	0.0117361236719	0.007532139073	0.00474245793485	0.00295835953255	0.00181653655507	0.00113533534692	0.000791490927568	0.00060983727206	0.000480084660984	0.000441158877661	0.000441158877661	0.000395745463784	0.000298431005476	0.000278968113815	0.000441158877661	0.000713639360922	0.00113533534692	0.000966656952521	0.000272480483261
PD_56P_2_bbduk_adapt_filt	5.19621525867e-05	5.19621525867e-05	5.84574216601e-05	5.19621525867e-05	6.49526907334e-05	7.14479598068e-05	0.000103924305173	0.00021434387942	0.000565088409381	0.00100676670637	0.00168876995907	0.00331908249648	0.00543654021439	0.00844384979534	0.0136205792468	0.0206159840388	0.0307810801386	0.0448693187586	0.0619388858834	0.084756766138	0.113595760824	0.150300526357	0.197819914898	0.254575576061	0.319287941838	0.392827378287	0.476538406104	0.572785303233	0.68383491858	0.801814986028	0.924406694518	1.05828068539	1.20875658401	1.36048606956	1.52510866423	1.71143195287	1.89913873382	2.09184037668	2.29776638739	2.50866127893	2.71219703061	2.9047882539	3.07210638523	3.21035169219	3.31772498524	3.39041354144	3.41221815972	3.39394696782	3.34725247845	3.26476256122	3.16671647456	3.06371449759	2.95590602151	2.84835735619	2.74842114623	2.66279401404	2.59027433483	2.52255465948	2.45598464674	2.38087985045	2.30378100655	2.21084669665	2.09323685953	1.94983430893	1.78410102326	1.61180751582	1.42418517337	1.23508840483	1.04860273447	0.869593118808	0.705061457911	0.557612354677	0.433013608043	0.329563457512	0.246352565414	0.17958119934	0.129898886198	0.0932330922787	0.0656801608696	0.046584069794	0.0328011088204	0.0229672714433	0.0171669961608	0.0134127306364	0.0102820109431	0.00835291602832	0.00732666351473	0.00662517445481	0.00620298196504	0.00607307658357	0.00611854346709	0.00571583678454	0.00563789355566	0.00589120904952	0.00609905765987	0.00954155026874	0.0178425041445	0.0252601014262	0.0336974559525	0.0571388820382	0.129853419314
PD_57P_1_bbduk_adapt_filt	3.68045109081e-05	3.68045109081e-05	3.68045109081e-05	4.60056386351e-05	6.44078940891e-05	0.000128815788178	0.000193223682267	0.000193223682267	0.000220827065448	0.000285234959538	0.000469257514078	0.000910911644975	0.00125135337087	0.00195984020585	0.00359764094126	0.00620156008801	0.0104708833533	0.0167092479523	0.026122001617	0.0409358172575	0.0614267287056	0.0897754032325	0.126773137823	0.177765787686	0.241428390429	0.315847111485	0.413875926289	0.527105004098	0.65995088622	0.8136557249	0.987409820897	1.19719553307	1.42772978827	1.66632423136	1.93229202944	2.22266121825	2.52597639377	2.81950156939	3.11570427318	3.42362001256	3.69981026355	3.92855029884	4.10621487412	4.24369812462	4.31148283258	4.31325865023	4.26129068083	4.14187844519	3.98639778886	3.78842632468	3.5862039395	3.36372067106	3.10087205528	2.85752062916	2.62689436268	2.40035339691	2.18274672617	1.97286900272	1.76726980366	1.56668521921	1.38322393346	1.21860655729	1.06698117348	0.917858496409	0.774394512889	0.652295547952	0.541302344181	0.44868379248	0.371927984982	0.304281293933	0.250758333944	0.204761896437	0.169595186264	0.145423823726	0.126644322035	0.107653194406	0.0861777622913	0.0586019824934	0.0331608643282	0.0209693700899	0.014832217896	0.0107929228238	0.00783936082342	0.00569549806302	0.00419571424352	0.00279714282901	0.00183102441768	0.0013617669036	0.00086490600634	0.000561268791348	0.000441654130897	0.000423251875443	0.000395648492262	0.0003404417259	0.000312838342719	0.000285234959538	0.000386447364535	0.00043245300317	0.00043245300317	0.000331240598173	0.000110413532724
PD_57P_2_bbduk_adapt_filt	5.54550894186e-05	5.54550894186e-05	4.62125745155e-05	5.54550894186e-05	7.39401192247e-05	0.00012015269374	0.000184850298062	0.000203335327868	0.000194092812965	0.000258790417287	0.000471368260058	0.000767128736957	0.0011922844225	0.00206108082339	0.00341973051414	0.00580429935914	0.0098710059165	0.0166180417958	0.0263873800483	0.040916613476	0.061712272008	0.0891070861807	0.126206541002	0.175367477771	0.235369884522	0.311907150435	0.406679898251	0.518976454324	0.654841423399	0.808294898335	0.986000732377	1.18824544349	1.41249658258	1.64797737728	1.9126183065	2.20684452593	2.50205045193	2.79985352462	3.09954207036	3.39547815504	3.67593302726	3.91335475009	4.10063582957	4.23065028671	4.28421066058	4.29184497789	4.25072502908	4.12973126649	3.96447510002	3.78041041572	3.56646468075	3.33091918844	3.08478177406	2.8397164914	2.60052944822	2.37084371037	2.15247081075	1.94712985715	1.74965428373	1.55752088392	1.37937140917	1.21173991637	1.05850826179	0.914297301759	0.778617182981	0.659462680851	0.546888849331	0.455323254186	0.376808090084	0.304550108572	0.246645752704	0.197281480607	0.155375918036	0.120337544038	0.0918798406516	0.068958403692	0.0533015834461	0.0413694967062	0.031664856058	0.0241969040163	0.0178565387928	0.0135587693628	0.0105457095044	0.00884508676226	0.00781916760802	0.00696885623693	0.00651597300668	0.00574884426972	0.00519429337554	0.00526823349476	0.00553626642695	0.00577657181443	0.00585975444856	0.00652521552158	0.00764355982486	0.0290122542808	0.0599469516615	0.0776463677009	0.0971295891166	0.136280882246	0.293412878114
PD_58P_1_bbduk_adapt_filt	6.85065704652e-05	6.85065704652e-05	6.85065704652e-05	6.85065704652e-05	0.000125595379186	0.000205519711396	0.000308279567093	0.000525217040233	0.000787825560349	0.00114177617442	0.00228355234884	0.00396196332524	0.00585731177477	0.00916846268059	0.012810728677	0.018165658935	0.0260781678237	0.0362513935378	0.0498271122517	0.0683124685155	0.0918216399468	0.123083471602	0.16365077908	0.214345641224	0.27637834078	0.346803095218	0.428451509451	0.526849780162	0.642283351396	0.765618013757	0.897481744141	1.03998682847	1.19722082545	1.35971841059	1.54277938464	1.75148465156	1.96395777986	2.17746992447	2.40744648153	2.64484458371	2.84835476904	3.04501429732	3.20391528752	3.30730312011	3.38647388004	3.43662068962	3.44269493887	3.39279932005	3.30201669642	3.19812648231	3.0994884386	2.99549546464	2.89827322338	2.80090255123	2.7054957341	2.62259136607	2.56308199186	2.51720542517	2.44615269384	2.36198095426	2.28988920661	2.20940540407	2.09892714144	1.95646772815	1.79689309002	1.62795588725	1.43231253976	1.23887282029	1.05807256307	0.874075332565	0.705035369942	0.562039321858	0.43820227798	0.335693613041	0.254193629711	0.1899687199	0.147974192205	0.122809445321	0.101127115768	0.0743981355252	0.0438099518125	0.0232008918642	0.0150371922171	0.00995628824094	0.0064852886707	0.00419031856012	0.00271742729512	0.00183825964082	0.0011874472214	0.000822078845582	0.000627976895931	0.000513799278489	0.000479545993256	0.000468128231512	0.000411039422791	0.000365368375814	0.000274026281861	0.000388203899303	0.000650812419419	0.000433874946279	7.99243322094e-05
PD_58P_2_bbduk_adapt_filt	6.87300890364e-05	9.16401187152e-05	0.000114550148394	0.000114550148394	0.000148915192912	0.000171825222591	0.000309285400664	0.000561295727131	0.000790396023919	0.00112259145426	0.00229100296788	0.00394052510475	0.00573896243454	0.00867144623343	0.0123026859375	0.0168846918733	0.0248802922312	0.0358885614918	0.0498980446404	0.0676991377008	0.0902769719493	0.122396833559	0.161298063954	0.208584365211	0.271793137094	0.345070867022	0.428268639801	0.525475895728	0.641767206377	0.767611999403	0.895713430352	1.0349262257	1.18856088472	1.35467005491	1.53732026652	1.73370504093	1.93978075789	2.16269534666	2.39035231158	2.60794031846	2.82030483856	3.01577321178	3.17347440108	3.29482882829	3.36983626545	3.40745453419	3.40795855484	3.35340977417	3.27544694318	3.18549071164	3.07712627126	2.97569211486	2.8688855565	2.76818452104	2.67927069586	2.59306025418	2.524215615	2.4649359132	2.40952800642	2.34995047424	2.28195350616	2.19324587124	2.08032233495	1.94656212667	1.80265277525	1.63467643764	1.43667650614	1.24936410349	1.0682030438	0.884739526136	0.718355435594	0.574698094493	0.449552057372	0.342195658297	0.256351777091	0.191653853278	0.142821125018	0.106371267799	0.078673041917	0.0569772438112	0.0439872569833	0.0342848594143	0.026105978819	0.0206992118148	0.0164494013094	0.0143302235641	0.0134252773918	0.0123599610117	0.0114664698542	0.0110999093794	0.0110311792903	0.0109968142458	0.0112030045129	0.0115351999433	0.0120048555517	0.0288322723508	0.0502989701598	0.0596462622688	0.0740566709367	0.108753910885	0.266661290446
PD_59P_1_bbduk_adapt_filt	8.83724273314e-05	0.00010310116522	0.00010310116522	8.83724273314e-05	8.83724273314e-05	0.000132558640997	0.000191473592551	0.000220931068328	0.000265117281994	0.000353489709325	0.000544963301877	0.00104574039009	0.00178217728452	0.00275427398516	0.00472792486223	0.00692250680762	0.00975042448223	0.0152295149768	0.0230062885819	0.0338760971437	0.0478978556136	0.066352964188	0.0915096485016	0.124148531663	0.162634723765	0.213493055695	0.270846761033	0.335314446771	0.418738018172	0.509260841235	0.602641039448	0.710087182345	0.829242671864	0.95322918741	1.09179715347	1.25170706072	1.42219220178	1.58669747526	1.75291128233	1.9449740244	2.13023208956	2.299347458	2.46395583264	2.60969669405	2.73798400106	2.86135190961	2.97714924689	3.06046971713	3.10911873837	3.13791342094	3.16797477497	3.18274769908	3.16427786176	3.13738318638	3.15516077301	3.17835853519	3.14135994561	3.09431635679	3.0510138674	2.98396865253	2.90044197997	2.81352769769	2.70401953148	2.52792274129	2.32800958193	2.14345849618	1.92775612981	1.70027077312	1.48967927879	1.27303427318	1.06376836526	0.875373078931	0.706758487582	0.561562589477	0.444969900351	0.368498293234	0.324989601511	0.259932766257	0.160587429199	0.0904344506358	0.0602258092263	0.0423009352159	0.0297815080107	0.0210768239185	0.0151853287631	0.0100597279779	0.00637754350575	0.00466900991067	0.00310776369449	0.00212093825595	0.00175271980874	0.00144341631308	0.00123721398264	0.000957367962756	0.000765894370205	0.000618606991319	0.000574420777654	0.000603878253431	0.000692250680762	0.000559692039765	0.000162016116774
PD_59P_2_bbduk_adapt_filt	8.91904716035e-05	8.91904716035e-05	0.000118920628805	0.000104055550204	0.000118920628805	0.000178380943207	0.000193246021808	0.000312166650612	0.000460817436618	0.00050541267242	0.000668928537027	0.00124866660245	0.00173921419627	0.0026459839909	0.00432573787277	0.00694199170648	0.010494745492	0.0153407611158	0.0236206098963	0.0338477839735	0.0470777039281	0.0654806712356	0.0910932016644	0.123811239664	0.165760491475	0.213923346141	0.270812001946	0.33705079219	0.415999224638	0.505546458127	0.602912722961	0.712066995125	0.826691616215	0.95102313363	1.0902494598	1.24202191232	1.40281746754	1.57598076816	1.75791446515	1.94189954299	2.11579123246	2.28528285866	2.45504205628	2.60830101665	2.74456919218	2.86447091618	2.96235745876	3.04563162908	3.10082566593	3.13871675128	3.15541023455	3.13479237053	3.11308935577	3.10761900685	3.09303636474	3.06244403298	3.02685703481	2.98779160825	2.95306678464	2.89591055742	2.82047028352	2.72902031997	2.6194498256	2.48460869762	2.31924956326	2.14419839766	1.92843178178	1.69791900792	1.48258347931	1.26978987914	1.06549910393	0.87220848689	0.699550598944	0.552297130326	0.426226398715	0.32281004689	0.24186969391	0.179555284417	0.132373524938	0.0954783998516	0.0684982821915	0.0499763942552	0.0377275694883	0.0284814905987	0.0222678877437	0.0179867451067	0.0143745310068	0.0125758564961	0.0122042295311	0.0121596342953	0.0121001739809	0.0115501660727	0.0114609756011	0.0129028882253	0.014627237343	0.040864101073	0.11345027988	0.175868744924	0.207219195692	0.254103653598	0.491825990579
PD_5P_1_bbduk_adapt_filt	4.82034629609e-05	6.02543287011e-05	9.64069259218e-05	0.000108457791662	9.64069259218e-05	9.64069259218e-05	0.000156661254623	0.000228966449064	0.000373576837947	0.00055433982405	0.000747153675894	0.00126534090272	0.00257888526841	0.00432626080074	0.00642311143954	0.0100865746246	0.0151599891012	0.0215469479435	0.0318986416144	0.0475768179424	0.0660507951221	0.0897548480332	0.121508879259	0.162349263252	0.213505188319	0.270939614437	0.339942871666	0.4210090455	0.513680203043	0.621957231719	0.736898389149	0.862227392847	1.00217409669	1.13578204515	1.28587557794	1.4538525955	1.62499899074	1.80514738269	1.98867001705	2.17833859293	2.36257222837	2.53810513874	2.71324037054	2.87632473661	3.00334086151	3.12231905896	3.22197971863	3.27813675298	3.31268658506	3.34787511302	3.38798039421	3.401911195	3.38619686608	3.36086594629	3.31714540538	3.25562573578	3.17821097427	3.07880338277	2.9653565327	2.82883227473	2.66354260023	2.48878094527	2.31127169291	2.11626458351	1.9021206993	1.68674762679	1.47336294713	1.26813670357	1.07890195886	0.895981867785	0.725486219293	0.579502031716	0.457462914364	0.348547189804	0.261467633966	0.196380908103	0.14529728823	0.110108760268	0.0978409789448	0.0890799995517	0.0549398969097	0.0250175972767	0.0155094642077	0.0101829815505	0.0067123322173	0.00429010820352	0.00263913959711	0.00195224024992	0.00133764609716	0.000831509736075	0.000662797615712	0.00056639068979	0.000397678569427	0.000325373374986	0.000325373374986	0.000337424240726	0.000385627703687	0.000409729435167	0.000578441555531	0.000518187226829	0.000192813851844
PD_5P_2_bbduk_adapt_filt	4.83350333167e-05	7.25025499751e-05	9.66700666335e-05	0.00014500509995	0.000181256374938	0.000193340133267	0.000205423891596	0.000265842683242	0.000398764024863	0.000580020399801	0.000930449391347	0.00146213475783	0.00236841663252	0.00391513769866	0.00625938681452	0.00948575028841	0.0142225835534	0.021327833451	0.0309585888394	0.0449274134679	0.0644064318945	0.0900965021024	0.12128468235	0.160460226853	0.210257394928	0.270108249932	0.337306030001	0.414871674716	0.508593304317	0.613722001781	0.728396868325	0.852303726232	0.989466467027	1.1256504234	1.27006341919	1.43791890614	1.61179210474	1.78101305638	1.95814886973	2.14725968758	2.3369021908	2.51850899473	2.68475734182	2.84332041862	2.98977556956	3.10787013972	3.20409310729	3.27543561647	3.30651504289	3.33242262075	3.35555093419	3.35501924882	3.35081410092	3.32570405112	3.28255295012	3.22612179873	3.14539020933	3.05049645517	2.94343435637	2.81463357634	2.66213654623	2.50127755535	2.32075828967	2.11914078195	1.91197682915	1.70826883124	1.49269458265	1.28211092624	1.09100628827	0.909568656954	0.741362741012	0.593965056913	0.465563040907	0.355745845211	0.270132417449	0.203430071472	0.153246223131	0.110880566429	0.078484010348	0.0559236335475	0.0402993340278	0.0298952181064	0.0218957700925	0.0163251575027	0.0126033599373	0.0100295194132	0.00861571968871	0.00754026519741	0.0069964960726	0.00691190976429	0.00642855943113	0.00669440211437	0.00735900882247	0.00735900882247	0.00769735405569	0.0257988240328	0.0482021119751	0.057156176897	0.0676811304018	0.0963317214003	0.200022451623
PD_60P_1_bbduk_adapt_filt	0.000219923726053	0.000340881775383	0.000318889402777	0.00016494279454	0.000153946608237	0.000263908471264	0.000560805501436	0.00115459956178	0.00222122963314	0.00354077198946	0.00575100543629	0.0100944990258	0.0165492603855	0.025940003488	0.038475655873	0.057477065804	0.083054195144	0.113931486282	0.155167184917	0.207728955444	0.275157569852	0.351042251526	0.435800855547	0.535140402606	0.640604825434	0.747784653327	0.856415977811	0.968467116235	1.07702146741	1.16992824549	1.25525865119	1.34575726447	1.4301859829	1.50522395823	1.59036742877	1.68088803441	1.77789638997	1.89231170845	2.03112756434	2.17239556977	2.31017778414	2.46913865333	2.61763115316	2.74915653753	2.86325296661	2.94027025547	2.98863148283	3.01502232996	3.0235773629	3.00720404149	2.98126403801	2.95467525953	2.91016269737	2.86551818098	2.83458590892	2.79707791744	2.73977679061	2.68211278964	2.61174819349	2.52126057641	2.41884209718	2.30157876645	2.16568789612	1.99158527839	1.80836682222	1.62275119743	1.41306492082	1.20998735219	1.02307417741	0.846805310982	0.687613521878	0.543475511823	0.421197920137	0.321913354011	0.243114682966	0.185054819288	0.143225326592	0.104474766062	0.0668568127202	0.0427201837859	0.0288210042993	0.0188474633228	0.012678602807	0.00881894141474	0.00590495204453	0.00385966139224	0.00256211140852	0.0020452906523	0.00152846989607	0.00104463769875	0.000791725413792	0.00065977117816	0.000593794060344	0.000560805501436	0.000538813128831	0.000538813128831	0.00065977117816	0.000967664394635	0.00150647752347	0.0012205766796	0.00032988558908
PD_60P_2_bbduk_adapt_filt	0.000220408893763	0.000286531561892	0.000264490672516	0.000187347559699	0.000187347559699	0.000341633785333	0.000573063123785	0.000881635575053	0.00175225070542	0.00338327651927	0.00588491746348	0.0093122757615	0.0156159701231	0.0256115134553	0.0397617644349	0.0579895799491	0.0823778240441	0.114469358976	0.155454392771	0.209531714856	0.272722944698	0.34757380502	0.433665518924	0.528617670357	0.633455160676	0.741389395952	0.846557499611	0.95651949671	1.06766068139	1.16407855197	1.25176823035	1.33593136643	1.41664510333	1.49432821794	1.57233092544	1.66690838175	1.77164668807	1.88042949759	2.00924747555	2.15421040497	2.30670029813	2.45609344632	2.60187188865	2.73685029519	2.84353922022	2.92298560598	2.97887028099	3.01043283458	3.01722142851	2.99656911516	2.96346369932	2.92899174833	2.89251407641	2.85324823199	2.81128237862	2.76362997579	2.71742125121	2.66774108655	2.59635064586	2.50900260127	2.40614879099	2.29494148364	2.16118634646	1.98926740933	1.80258107631	1.61509025083	1.41530060908	1.21516933354	1.0288466752	0.854106504222	0.693692911341	0.551628358866	0.427923867242	0.326326387661	0.245855100548	0.178983042181	0.129159611745	0.0933982687322	0.0679851232813	0.0498785326586	0.0358274656812	0.0258870245725	0.0190653693105	0.0147894367715	0.0118579984845	0.0100947273344	0.00920207131462	0.00844166063114	0.00767022950296	0.00716328904731	0.00708614593449	0.00714124815793	0.00730655482826	0.00727349349419	0.00757104550077	0.0186465924124	0.0359707314622	0.0459221930156	0.0561491656862	0.0856178347824	0.179291614632
PD_63P_1_bbduk_adapt_filt	2.88630651045e-05	2.88630651045e-05	4.32945976568e-05	7.21576627613e-05	7.21576627613e-05	0.00012988379297	0.000288630651045	0.000303062183598	0.00044737750912	0.000966912681002	0.00135656405991	0.00272755965238	0.00526750938158	0.0072879239389	0.0108092178817	0.0172601129325	0.0249954143805	0.034779993451	0.0477395096829	0.0666592488589	0.0910052442746	0.123779254701	0.167016126227	0.217916141539	0.281313864041	0.35752678745	0.449527807471	0.558081795329	0.677820220915	0.818946177744	0.979756744974	1.15217026438	1.33862566495	1.53968577647	1.76034390919	1.99804568186	2.24346832445	2.49538515668	2.75339209565	2.99493265597	3.22592376601	3.4404484974	3.60770995968	3.7223684858	3.77935860785	3.78885455627	3.73156137204	3.60587715504	3.45529854439	3.28587235223	3.11317020218	2.92593549884	2.72662160276	2.54852205954	2.38905362483	2.24597941111	2.13351447793	2.05226494966	1.96176480903	1.87517561371	1.81649700235	1.75465788537	1.68212500276	1.59563682817	1.49178751993	1.38164606349	1.25498050228	1.12355253532	0.993091481052	0.854404453225	0.715804014593	0.587565416333	0.471968840589	0.370010063108	0.288616219513	0.222721841879	0.16918085611	0.12756031623	0.0904857091027	0.0599485862221	0.0395712622583	0.0253562026943	0.0163509263817	0.0108380809468	0.00689827255999	0.00409855524484	0.00230904520836	0.00158746858075	0.000966912681002	0.000649418964852	0.000548398236986	0.000375219846359	0.000259767585941	0.000245336053389	0.000230904520836	0.000230904520836	0.000259767585941	0.000375219846359	0.000649418964852	0.000548398236986	0.00012988379297
PD_63P_2_bbduk_adapt_filt	0.0	0.0	2.89566806609e-05	4.34350209914e-05	2.89566806609e-05	0.000101348382313	0.000217175104957	0.000361958508262	0.000550176932558	0.000999005482803	0.00153470407503	0.00257714457882	0.00443037214113	0.00699303837962	0.0111772787351	0.0162012628298	0.0235996947387	0.0330830076551	0.045389596936	0.0636757407734	0.0870582604071	0.11917121926	0.161853366554	0.211253463762	0.272916715229	0.351287971438	0.442892430709	0.543111502477	0.662659158585	0.801767052481	0.954730718072	1.12166598208	1.30908809766	1.51010537481	1.72985762434	1.97002433375	2.21184157395	2.45973971708	2.70998335136	2.96228290996	3.19334274329	3.39854426079	3.57274765165	3.68880602774	3.74201392845	3.7492820553	3.70305271462	3.60484613216	3.46423249087	3.28483137584	3.10293998627	2.91199963399	2.71479016035	2.54008002758	2.38161459266	2.24016120763	2.10596147111	2.0115771705	1.94546906855	1.87026856887	1.81410708673	1.75412332274	1.68404815554	1.60058052353	1.49805939565	1.38873344782	1.26608742688	1.12897754395	0.989580083248	0.855163171619	0.720427736504	0.596594491658	0.481245554245	0.37853620794	0.294779009128	0.221924000586	0.166211346994	0.124470291821	0.0920098528002	0.0681929829565	0.0500371441821	0.0362248075068	0.0277839350942	0.0217609455167	0.0182571871567	0.0157813909602	0.0138992067173	0.013276638083	0.0122486759196	0.0110759303528	0.0113365404788	0.011785369029	0.0118867174113	0.0126685477892	0.0133055947637	0.0274654116069	0.0483431783635	0.0600995907118	0.0747082361052	0.106299974706	0.247058399399
PD_64P_1_bbduk_adapt_filt	0.0	9.59037862527e-06	2.87711358758e-05	2.87711358758e-05	3.83615145011e-05	7.67230290022e-05	0.000124674922129	0.000220578708381	0.000431567038137	0.000776820668647	0.00165913550217	0.00299219813108	0.00514044294315	0.00870806379175	0.0144814717242	0.0219523766732	0.0321277683947	0.045400852412	0.0614071943376	0.0824293042842	0.11098945183	0.145629899425	0.181469144347	0.22777149235	0.283366917241	0.342366926544	0.409000877232	0.489138081025	0.577273660591	0.677080730944	0.787207048698	0.904785090644	1.03893530685	1.17623116725	1.3356712119	1.52087101353	1.70767240839	1.8862452584	2.07281648417	2.27467477348	2.47435604683	2.66687330736	2.84247313999	2.99481630445	3.11522350809	3.21639241221	3.29009447194	3.33751889424	3.36236756526	3.34424174966	3.31165364309	3.25941485072	3.18871457949	3.11604828065	3.03873064817	2.9521678907	2.86385968432	2.78661877487	2.6977255554	2.59547293849	2.48793602297	2.36648346806	2.22983016303	2.07530998262	1.90472591801	1.72829172244	1.53622520971	1.33887439836	1.14591598042	0.955307205242	0.780532145175	0.628227342227	0.492782424902	0.37768829102	0.287596274215	0.213731178043	0.159718165625	0.120637372727	0.0917607426866	0.0689164608012	0.0439814763755	0.0257501666089	0.0171380066034	0.0117290330587	0.00811346031698	0.00562955225303	0.00373065728523	0.00255104071432	0.00173585853117	0.00112207429916	0.000767230290022	0.000604193853392	0.000469928552638	0.000354844009135	0.000354844009135	0.000441157416762	0.000489109309889	0.000575422717516	0.000920676348026	0.000805591804523	0.000249349844257
PD_64P_2_bbduk_adapt_filt	0.0	1.92337060697e-05	5.77011182092e-05	5.77011182092e-05	9.61685303487e-05	0.000134635942488	0.000144252795523	0.000230804472837	0.000451992092639	0.0010482369808	0.00201953913732	0.00310624353026	0.00515463322669	0.00850129808282	0.0132712571881	0.0203588778748	0.0308220139767	0.0449972553501	0.0620767863401	0.0838781921701	0.109257067329	0.14101191605	0.181845074036	0.227967501192	0.281042913091	0.340407746875	0.407225641761	0.484929814283	0.574433865479	0.674429903335	0.77803226108	0.893290244703	1.02698373559	1.16884193471	1.32380790451	1.4951994593	1.6775638434	1.86206316888	2.0582854382	2.26676919514	2.45734637173	2.63780661893	2.81836303466	2.97415605383	3.09189518553	3.19275674016	3.26943190941	3.30779353617	3.32520965701	3.31986268673	3.29292588137	3.24240855238	3.16208859584	3.08273994144	3.00688220471	2.92364834169	2.83646195207	2.74645782452	2.66264695032	2.5771819774	2.47642620816	2.35563853404	2.22934040313	2.08183711128	1.90741624779	1.72578274452	1.52870457528	1.33833896945	1.15369539118	0.965176221138	0.791938230568	0.639386090876	0.509048881695	0.396204728183	0.300315086573	0.223822637534	0.167198606864	0.125701886019	0.0932546238791	0.0682027217233	0.0500461031934	0.0364286392961	0.0266867671718	0.0211089924115	0.0173199523158	0.0138578852232	0.0120306831466	0.0109343619006	0.0100303777154	0.00903984185278	0.00862631717228	0.0089629070285	0.00892443961636	0.00890520591029	0.00938604856203	0.0185701432103	0.0367652291523	0.0560470194872	0.073905515573	0.107429865253	0.199684336416
PD_65P_1_bbduk_adapt_filt	0.000357510582313	0.000309842504671	0.000321759524082	0.000297925485261	0.000214506349388	0.000297925485261	0.000393261640545	0.000476680776418	0.000643519048164	0.00107253174694	0.00170413377569	0.00301500591084	0.00552949700644	0.00966470274187	0.0159807230294	0.0254190024025	0.0389329024139	0.0556048125691	0.080630553331	0.11521374366	0.157602581703	0.210454562788	0.270897685238	0.343186324982	0.427129809709	0.518020916752	0.618672062693	0.724745452465	0.846620809976	0.978375376578	1.11565944019	1.26438384243	1.4092590474	1.55496844373	1.71479950807	1.88313932426	2.04115900164	2.18459224726	2.31107949129	2.41762956184	2.51683874843	2.59880400793	2.65700673073	2.70391211913	2.72005968043	2.72651870495	2.73063007665	2.71872497426	2.69496243755	2.66499113374	2.65382488655	2.6524425123	2.64085916943	2.63245767075	2.63736748274	2.64498245815	2.65724507112	2.65971189414	2.64312340312	2.59239265149	2.52363144949	2.4421667048	2.34162281204	2.22829195744	2.08187945697	1.91271736643	1.72826574	1.53841570377	1.33799527133	1.13545360943	0.951109236167	0.780469435229	0.624892746825	0.489551157381	0.375779373069	0.285436448919	0.223265358655	0.166742935591	0.110339682721	0.0731585821607	0.0498846432521	0.0330220607863	0.0218200625405	0.0141812530984	0.00958128360599	0.00653052663692	0.00413520573542	0.00260982725089	0.00170413377569	0.00120361896045	0.000917610494604	0.000750772222858	0.000607767989933	0.000488597795828	0.000524348854059	0.000476680776418	0.00053626587347	0.000917610494604	0.00170413377569	0.00151346146513	0.000393261640545
PD_65P_2_bbduk_adapt_filt	0.000239480289455	0.000251454303928	0.000359220434183	0.000371194448655	0.000275402332873	0.000335272405237	0.000407116492074	0.000443038535492	0.000586726709165	0.000969895172293	0.00176018012749	0.00326890595106	0.00569963088903	0.00943552340453	0.0157338550172	0.0251693784217	0.0373469511405	0.0547212461405	0.078872833332	0.112795216333	0.158248575272	0.211077927126	0.272396855241	0.343055514644	0.422000192063	0.508751926918	0.612794138672	0.726259899816	0.848227211235	0.978875683147	1.10751252063	1.24911721578	1.40527033852	1.55000025145	1.70253722182	1.86986210006	2.02365634195	2.16471023244	2.29005421594	2.41095584007	2.51250745682	2.58069946924	2.64290447443	2.6916147653	2.70871365797	2.71322786142	2.72775234098	2.72235206045	2.67561748197	2.64721511964	2.6339479116	2.60972448032	2.58671042451	2.5699947003	2.56910862323	2.56543260079	2.56931218148	2.58079526136	2.56176855236	2.52243391482	2.48087211058	2.42531268343	2.33870463675	2.2254065118	2.08029343041	1.91058572329	1.7247729667	1.53510457745	1.34334073567	1.14830798794	0.968087096108	0.793901107572	0.633090093203	0.493257552191	0.377983714861	0.286981204868	0.21427498899	0.155925616464	0.111669658973	0.0805012993003	0.0581697623086	0.0414899601481	0.0295997637766	0.0214215118918	0.0166798021605	0.0137581426292	0.0115070279083	0.0100461981426	0.00921999114402	0.00895656282562	0.00893261479667	0.00883682268089	0.00910025099929	0.00972289975187	0.0103694965334	0.0277557655478	0.0633904326187	0.111478074741	0.14965123288	0.179035464397	0.276264461915
PD_66P_1_bbduk_adapt_filt	5.59719088184e-05	4.19789316138e-05	2.79859544092e-05	5.59719088184e-05	0.000125936794841	0.000195901680864	0.000223887635274	0.000265866566887	0.00036381740732	0.000475761224956	0.000727634814639	0.00111943817637	0.0018190870366	0.00278460246372	0.00458969652311	0.00740228494123	0.0108165713792	0.0168195585999	0.0268665162328	0.0401318586228	0.0566435717242	0.0796200402942	0.111957810614	0.156875267441	0.210608299906	0.274318325119	0.355841410313	0.456045120075	0.569066396957	0.699718825116	0.854271258341	1.02581116589	1.2162835716	1.41586540547	1.64399291284	1.90753664551	2.18144917429	2.46095889395	2.75644859358	3.05262394909	3.32793577559	3.58656797327	3.80399085307	3.97273216518	4.06556157596	4.09402329159	4.07479694091	3.98489206237	3.8433810839	3.65131347879	3.44795354108	3.22150519097	2.98233722459	2.7614720724	2.60503058725	2.4663321972	2.29873830922	2.14814588854	2.00677483984	1.89466310648	1.78136197005	1.65959508242	1.54176022138	1.38183448491	1.2116798821	1.0826506393	0.951242590369	0.823920490784	0.701761799788	0.58111435033	0.48044887232	0.391621453025	0.316703053072	0.259177923784	0.215505841928	0.184665320169	0.163745819248	0.144953250862	0.11358099597	0.0699788790002	0.0356680988945	0.0202338450379	0.0138390544553	0.00964116129397	0.0063947905825	0.00430983697902	0.00277060948651	0.00193103085423	0.00132933283444	0.000923536495504	0.000741627791844	0.000573712065389	0.000489754202161	0.000433782293343	0.000503747179366	0.000503747179366	0.000503747179366	0.000783606723458	0.00110544519916	0.000825585655071	0.000195901680864
PD_66P_2_bbduk_adapt_filt	5.6433997759e-05	4.23254983193e-05	4.23254983193e-05	4.23254983193e-05	8.46509966385e-05	0.000155193493837	0.000197518992157	0.000239844490476	0.000380929484873	0.000522014479271	0.000804184468066	0.00126976494958	0.00159426043669	0.0025536383986	0.00457115381848	0.00701192422156	0.0104967235832	0.0173675628103	0.026467544949	0.0386431799655	0.0550795818128	0.0783727143878	0.111950943054	0.15790232573	0.211895553086	0.274861786085	0.353206283474	0.447422842733	0.566442144007	0.695972277363	0.841162845097	1.01297615127	1.19654183749	1.39888593645	1.63159152621	1.8937274458	2.17448658465	2.4578981214	2.74081586066	3.03827946285	3.31830495973	3.56733408334	3.7823899403	3.9536389065	4.06319140465	4.0945828159	4.06553341556	3.98917821659	3.8555707269	3.66561389044	3.46634544435	3.2384790699	2.98822250684	2.75866311245	2.55899962838	2.38024494048	2.21181767417	2.06407346804	1.92620521151	1.80899179816	1.70398223683	1.58170387219	1.4580852001	1.34033566378	1.2112852194	1.0829543085	0.955272388566	0.830285192029	0.707075666422	0.58323125834	0.478630843494	0.387038465131	0.306930405312	0.236543101607	0.178966315393	0.136330430086	0.100283214018	0.0722637341304	0.0543036143436	0.0411403843663	0.0300228868078	0.0227005755986	0.0184539172672	0.0143906694285	0.0113714505484	0.00973486461343	0.00902943964144	0.00781610868962	0.00709657521819	0.00774556619242	0.00814060417674	0.00857796765937	0.00943858612519	0.0102850960916	0.0113009080512	0.0312926517574	0.0980963966046	0.15385318639	0.177597790948	0.224917698069	0.472098608253
PD_6P_1_bbduk_adapt_filt	0.0	0.0	4.76199546658e-05	0.000142859863997	0.000301593046217	0.00041270627377	0.000444452910214	0.000539692819546	0.000936525775094	0.00141272532175	0.00207940468707	0.00404769614659	0.00696838669943	0.00952399093316	0.0141272532175	0.0216035861001	0.030968843851	0.0425087461983	0.0569375924621	0.0784300653346	0.109779868823	0.145272608367	0.188209934157	0.241830003111	0.304180397087	0.376245261815	0.460008762072	0.554994698312	0.663822168041	0.777983072693	0.897810751951	1.0301783526	1.17275249687	1.33064439323	1.48847279631	1.66053956583	1.84722566144	2.0298640609	2.23099487609	2.43714165984	2.62914531705	2.84110173527	3.0272798847	3.18480669473	3.34282557763	3.45873254729	3.52500365086	3.56168688927	3.56108370318	3.50954303892	3.47144707518	3.38923916011	3.23947440269	3.0982812371	2.94989745836	2.8038470574	2.67638431208	2.54876283358	2.40888715341	2.2462491349	2.10551629555	1.99503800072	1.88436922608	1.76511298628	1.61226880512	1.45039270589	1.2855006762	1.12925960494	0.9786059417	0.821539457894	0.674743010978	0.545375467469	0.437675003333	0.350673346159	0.282306964577	0.23817913992	0.241369676883	0.216416820638	0.123811882131	0.0581757112834	0.036191165546	0.0243814167889	0.0166987307695	0.0103811501171	0.00703187997232	0.00473024883014	0.0028254506435	0.00207940468707	0.0013016120942	0.000825412547541	0.000619059410655	0.000365086319104	0.000269846409773	0.000253973091551	0.000301593046217	0.000301593046217	0.000238099773329	0.00041270627377	0.000682552683543	0.000507946183102	0.000206353136885
PD_6P_2_bbduk_adapt_filt	6.40248416386e-05	4.80186312289e-05	6.40248416386e-05	0.000144055893687	0.000208080735325	0.000240093156145	0.000352136629012	0.000480186312289	0.000720279468434	0.00121647199113	0.00248096261349	0.00406557744405	0.0059863226932	0.00957171382496	0.0141174775813	0.021176216372	0.0315162282966	0.0436169233663	0.0586467549409	0.0795988843671	0.109354429519	0.144872210418	0.185111823387	0.241053528769	0.304486140623	0.374433280113	0.458449878553	0.554679215536	0.660480266343	0.772507733	0.895835584207	1.02758270209	1.17403952734	1.321744837	1.4793579909	1.65574642961	1.83613642093	2.02163239337	2.21815664478	2.42148353561	2.61698338956	2.80860974058	3.00857532723	3.19973749815	3.33827124924	3.43616523211	3.51341120355	3.55648391576	3.55390691588	3.50163063269	3.4109394445	3.28841190382	3.1432355754	2.99647463216	2.85550793708	2.70495352197	2.56589156593	2.4466773108	2.3247419999	2.2065041236	2.09551706062	1.98624266215	1.87303073593	1.74410071108	1.59573914679	1.44171138402	1.2836180438	1.12749346747	0.97253734449	0.817853327091	0.6744056694	0.544803383713	0.434152451151	0.342853026974	0.261509465673	0.194747562054	0.146953017771	0.109130342573	0.0800310520482	0.0594630716718	0.0440971096786	0.032588644394	0.0253378310785	0.0213682908969	0.0184231481815	0.0155740427286	0.0150778502059	0.0150778502059	0.0138133595835	0.0134772291649	0.0139734216876	0.0144055893687	0.0152699247308	0.0161182538825	0.0167264898781	0.0708915059043	0.138869881514	0.164992016903	0.191882450391	0.239196808362	0.508373248821
PD_70P_1_bbduk_adapt_filt	5.66412663628e-05	5.66412663628e-05	5.66412663628e-05	5.66412663628e-05	7.08015829535e-05	0.000113282532726	0.00021240474886	0.000254885698632	0.000368168231358	0.000580572980218	0.000934580894986	0.00145851260884	0.00199660463929	0.00332767439881	0.00557916473673	0.00815634235624	0.0132115753791	0.0210988717201	0.0325262472088	0.0497735128163	0.0724300193614	0.104701380872	0.149986073329	0.207151271405	0.278193579741	0.369782507449	0.481790611682	0.612844341729	0.754872317133	0.908200225177	1.08830529189	1.28225914824	1.47390487298	1.66331326769	1.87754469739	2.10689934521	2.32833837606	2.54159274391	2.72880628956	2.9104689911	3.09762589548	3.26392465352	3.39174983139	3.47077855828	3.51726687765	3.53612841934	3.50687320527	3.44919823579	3.36604885677	3.24851822907	3.13949795164	3.02369488256	2.87229277757	2.73472530189	2.60486103844	2.47801292242	2.36400821355	2.25882538191	2.15623388821	2.04617990767	1.94653375982	1.83720195543	1.72267331484	1.58997698807	1.44062812899	1.28915522242	1.12733112442	0.981437382584	0.844903610017	0.707874226369	0.586350389387	0.487383936735	0.398981080259	0.324143807078	0.265576737658	0.216667004154	0.172685060824	0.133276899752	0.0987965288533	0.0682527259671	0.0456245400552	0.0308836504843	0.0216511240672	0.0150807371691	0.0101812676287	0.0066978297474	0.00437553782652	0.00335599503199	0.00256301730292	0.00172755862406	0.00140187134248	0.00126026817657	0.00111866501066	0.000962901528167	0.000722176146125	0.000623053929991	0.00080713804567	0.000948741211577	0.0012177872268	0.000991222161349	0.000254885698632
PD_70P_2_bbduk_adapt_filt	5.69556358314e-05	5.69556358314e-05	7.11945447892e-05	7.11945447892e-05	5.69556358314e-05	7.11945447892e-05	0.000156627998536	0.000227822543325	0.000270539270199	0.000612273085187	0.00103944035392	0.00125302398829	0.00158051889432	0.00303288760802	0.00551045776668	0.00858606210158	0.0139398918697	0.0205752234441	0.0311120160729	0.0481417511865	0.0708670498832	0.103118178673	0.145963055727	0.201822295568	0.276462656325	0.367961885289	0.479096569704	0.604925808165	0.742943552693	0.898646022147	1.07547903249	1.26421577073	1.45746624311	1.65873322123	1.86666400874	2.07990590929	2.29791784434	2.50851130783	2.71951769968	2.91513183094	3.07792527705	3.24046242281	3.36780098562	3.45878761386	3.50267193127	3.49230600554	3.47472095298	3.42415858727	3.34333854003	3.23132104326	3.10906577094	2.98575681937	2.8376579273	2.69692055116	2.55877465645	2.42662334241	2.31531779109	2.20949421971	2.11812314093	2.02454503126	1.92004567842	1.80992195654	1.69403147653	1.56895690025	1.4325054357	1.29155447593	1.13371617013	0.990187967837	0.858193281798	0.719321202732	0.594659554806	0.486871013995	0.391085873436	0.310707232369	0.242858831185	0.188850649508	0.146447178631	0.110978056417	0.0854904093829	0.0664672270152	0.0509610551601	0.0387013545474	0.0309553880743	0.0254876470345	0.0207603292605	0.017556574745	0.0156200831268	0.0142246700489	0.0136978304174	0.0134272911472	0.013156751877	0.0125302398829	0.0124163286112	0.0134842467831	0.014851182043	0.0339740367734	0.0716786676938	0.101665809959	0.127409757355	0.17461174055	0.372432902701
PD_73P_1_bbduk_adapt_filt	0.00012484137343	0.000156051716787	0.000218472403502	0.000312103433575	0.000312103433575	0.00024968274686	0.00024968274686	0.000343313776932	0.000717837897222	0.00112357236087	0.00165414819795	0.00259045849867	0.00486881356377	0.00914463060374	0.015979695799	0.0255300608664	0.0378581464926	0.0571461386875	0.0815838375364	0.114105015315	0.156207768504	0.208172990194	0.274338918112	0.35351955921	0.445714913488	0.543715391631	0.647864307414	0.759753388351	0.883814503197	1.01733235208	1.15106867337	1.30296941449	1.46516956892	1.62509136828	1.80536231151	2.01431556029	2.24015360483	2.45762727734	2.68652393552	2.9067753286	3.0956603266	3.28086250408	3.43791295186	3.54480837785	3.5972417547	3.60173604414	3.5655008355	3.48132653947	3.366753369	3.2051462111	3.05090469422	2.90028357718	2.72918847489	2.57098324442	2.43200358544	2.3194590873	2.22092803332	2.12832694458	2.0323863491	1.93126483662	1.82215347624	1.72755492552	1.63183280245	1.52106729387	1.39594502735	1.25964945791	1.12042011619	0.994798484176	0.874108086413	0.749266712983	0.62876357728	0.514440089561	0.414629411504	0.335136666973	0.271030621716	0.219346293116	0.18052062598	0.147624924081	0.113075073984	0.0804602651756	0.0556480422064	0.0392938222871	0.0273090504378	0.0184453129243	0.0132331855836	0.00976883747089	0.00724079965893	0.00527454802741	0.00352676879939	0.00243440678188	0.00202867231824	0.00171656888466	0.00156051716787	0.00143567579444	0.00131083442101	0.00159172751123	0.00199746197488	0.00302740330567	0.00480639287705	0.00343313776932	0.000655417210507
PD_73P_2_bbduk_adapt_filt	0.000188508461359	0.000219926538253	0.000282762692039	0.000377016922719	0.000377016922719	0.000408434999612	0.000471271153398	0.000408434999612	0.000848288076117	0.0013823953833	0.00166515807534	0.00282762692039	0.00502689230292	0.00776026499263	0.013541191141	0.0227152695938	0.0349054834284	0.0519969172583	0.0760631641585	0.105973173361	0.148638921782	0.200918601732	0.264257444749	0.341168896984	0.423358586136	0.516638856432	0.619595894411	0.739864292759	0.864154204948	0.994225043286	1.12866299431	1.27818162225	1.43344975825	1.58221435234	1.76519323217	1.97245828543	2.19065682946	2.41278263309	2.63019572519	2.83786921346	3.04975272403	3.26996202497	3.4235650029	3.51832192281	3.58788154505	3.60758067927	3.57631969276	3.50522058475	3.39076453062	3.22757903924	3.0637966044	2.88813813649	2.69453994667	2.51137255838	2.36389610545	2.25214200594	2.13633497451	2.03143001576	1.94986868815	1.87160625861	1.78344713484	1.70182297108	1.62132985808	1.5191896901	1.40341407674	1.2798781984	1.14204709507	1.01910816019	0.896106389149	0.759532008894	0.640803096314	0.533541781801	0.434260658818	0.34616437121	0.2754736982	0.218983995946	0.171762626375	0.130824872183	0.0972075299077	0.0751834580055	0.058846058021	0.044425160727	0.0340886134292	0.0256371507449	0.0204217499806	0.0171856880606	0.014703659986	0.0124729765266	0.0103679653748	0.00964534960622	0.0102108749903	0.0107135642206	0.0102108749903	0.0103365472979	0.0107449822975	0.0482895841849	0.114267545661	0.154231339469	0.181345139828	0.219769447868	0.340006428139
PD_74P_1_bbduk_adapt_filt	4.67541460116e-05	4.67541460116e-05	4.67541460116e-05	3.50656095087e-05	1.16885365029e-05	4.67541460116e-05	9.35082920231e-05	0.000116885365029	0.000187016584046	0.000257147803064	0.000350656095087	0.000677935117168	0.00106365682176	0.00155457535488	0.00266498632266	0.00428969289656	0.00665077727014	0.0114430772363	0.0201159713215	0.032330491967	0.0494425094072	0.070937728036	0.102800678543	0.147404133838	0.203193518566	0.272576671247	0.36207579525	0.470779184727	0.592842571427	0.733058255315	0.894488632957	1.07077514049	1.26683865179	1.46747238086	1.67710628304	1.90137423293	2.12164470332	2.33788262863	2.55911155902	2.7734208758	2.96719343394	3.1455371239	3.29303476603	3.40830711302	3.47322524476	3.49860105751	3.49710492484	3.4448688552	3.35790614362	3.25314179095	3.14021883979	3.01605151652	2.87688780092	2.74343977967	2.62351539515	2.51582890835	2.42538301289	2.35043611683	2.29323241918	2.232335144	2.16994173615	2.11342766216	2.03208713664	1.92203956546	1.78814737982	1.63634835626	1.45487213851	1.25829433161	1.06311914908	0.875997368209	0.709353903287	0.565806986495	0.438507135442	0.328260859147	0.2426540178	0.177128082165	0.132548003943	0.101643513429	0.0900484852183	0.0734858289937	0.0414709275123	0.0226523837426	0.0153587369648	0.0106131911446	0.00702481043824	0.00447670948061	0.00261823217665	0.00164808364691	0.00112209950428	0.000829886091705	0.000713000726676	0.000666246580665	0.00052598414263	0.000514295606127	0.000549361215636	0.000432475850607	0.000327279022081	0.000338967558584	0.00044416438711	0.000350656095087	0.000105196828526
PD_74P_2_bbduk_adapt_filt	7.0270027807e-05	7.0270027807e-05	7.0270027807e-05	9.36933704094e-05	9.36933704094e-05	0.000105405041711	0.000140540055614	0.000140540055614	0.000187386740819	0.000234233426023	0.000269368439927	0.000480178523348	0.000913510361491	0.00137026554224	0.0020495424777	0.00375944648768	0.00707384946591	0.0118170763429	0.0193945276747	0.0304386337117	0.0461791199405	0.0698835426541	0.101305956755	0.143678783523	0.197165986355	0.26777565263	0.354793370398	0.456907432473	0.58686013723	0.736746106543	0.887779819643	1.05537383596	1.24968217452	1.44869860494	1.6581852695	1.87359803975	2.09278196815	2.31607669318	2.53174712019	2.73978153751	2.93818896102	3.11895860756	3.26727521292	3.38490723946	3.46115021963	3.48083753909	3.46872767097	3.43482238255	3.35684607503	3.24060773736	3.12371354611	3.0003896473	2.86666578439	2.74564908483	2.62452698024	2.50257334698	2.41347095172	2.34943153304	2.28814435712	2.22276980792	2.15914029774	2.10517291639	2.03468036682	1.93127802091	1.79879559515	1.64447090241	1.45852469716	1.26449743872	1.08017915578	0.895064479192	0.722984892764	0.57218541309	0.444856122704	0.339029460826	0.253054081804	0.186168727003	0.135176110158	0.0989167758097	0.0726240737386	0.0533115277629	0.0390701354607	0.0286818830166	0.0215494751942	0.0160332780113	0.0121918498245	0.00966212882347	0.00815132322561	0.00722610119282	0.00651168924345	0.00591439400709	0.00572700726627	0.00617205077572	0.00634772584523	0.00647655422955	0.00743691127624	0.0169467883728	0.0287404413731	0.0360953709502	0.0476196555106	0.0776835157407	0.172220126484
PD_75P_1_bbduk_adapt_filt	2.72224474124e-05	2.72224474124e-05	2.72224474124e-05	5.44448948247e-05	0.000108889789649	0.000163334684474	0.000190557131886	0.000258613250417	0.000340280592654	0.000530837724541	0.00115695401503	0.0022050182404	0.00383836508514	0.00581199252254	0.00875201684307	0.0133662216795	0.0209204508364	0.0290735738364	0.0406022803155	0.0585418731603	0.0820212340534	0.11182981397	0.150635412756	0.205583922858	0.26842694271	0.335162772541	0.420722924758	0.520547639419	0.631356611611	0.76103073986	0.89915743803	1.05044618952	1.22627597736	1.40714191797	1.60127880169	1.81980699829	2.0459166465	2.2689229357	2.50325376303	2.7459963266	2.96862150154	3.17620627428	3.36077446774	3.506877343	3.61428350927	3.67614652101	3.68253018493	3.63483645706	3.53233033133	3.3848663337	3.32889698182	3.26202503975	3.09140835059	2.9288631171	2.77926215734	2.64937024951	2.53242261543	2.43463958432	2.29483870564	2.11009356627	1.97572356585	1.88274529671	1.77977638937	1.65383173642	1.50917165087	1.3549700975	1.19223430687	1.03959804423	0.887560675432	0.735183026042	0.605073338634	0.491827957399	0.389852669392	0.301896941803	0.231200245873	0.186963768828	0.186609877012	0.158298531703	0.0891535152755	0.0492590185927	0.0313330369716	0.022608242576	0.0162245786578	0.0113245381235	0.00789450974958	0.00498170787646	0.00296724676795	0.00217779579299	0.00138834481803	0.000884729540902	0.000871118317195	0.000803062198665	0.000707783632721	0.000598893843072	0.000503615277129	0.000449170382304	0.00046278160601	0.000585282619366	0.00063972751419	0.000558060171953	0.000299446921536
PD_75P_2_bbduk_adapt_filt	2.75780514011e-05	2.75780514011e-05	2.75780514011e-05	4.13670771016e-05	0.000137890257005	0.000206835385508	0.000193046359808	0.000206835385508	0.000399881745316	0.000675662259326	0.00128237939015	0.00198561970088	0.00346104545083	0.00605338228254	0.00879739839694	0.0136235573921	0.0201319775228	0.0288604307912	0.0416980137184	0.0584103128675	0.0821688041495	0.112008255765	0.150838152138	0.203126137595	0.266983115614	0.337486404021	0.42241301331	0.524327702263	0.641934302463	0.766242369153	0.900575057528	1.05954873483	1.23546912472	1.40766647767	1.59909952147	1.82260583905	2.04925605449	2.26741223009	2.50263921952	2.74943520151	2.9794913063	3.19177335695	3.37548454636	3.52748097666	3.63070562305	3.68616508442	3.68339349026	3.61545496063	3.52748097666	3.39714710574	3.23180289856	3.06558998277	2.89122775279	2.72323605268	2.56507592789	2.42889551007	2.31006168659	2.20373450941	2.11185823117	2.02835189152	1.94538332388	1.84615749494	1.74420143891	1.63215181607	1.4958886641	1.35096600398	1.19258525479	1.03965117074	0.894163160577	0.745710509885	0.607075645492	0.487276590206	0.383955420631	0.295181673171	0.221562064956	0.162407144701	0.120681552931	0.0904697976212	0.0655806062318	0.0476548728211	0.0350792813822	0.0261302037025	0.0197596738289	0.0153058185276	0.0122170767707	0.0108519632263	0.0102038790184	0.00952821675907	0.00974884117028	0.0104107144039	0.0109622754319	0.0109622754319	0.0111277437403	0.0119550852824	0.01289273903	0.0864434021167	0.234578905218	0.320484535332	0.346876730523	0.387457833159	0.57642264136
PD_76P_1_bbduk_adapt_filt	0.0	0.0	0.0	0.0	2.87592469966e-05	8.62777409899e-05	0.000115036987987	0.000143796234983	0.000215694352475	0.00034511096396	0.000546425692936	0.000934675527391	0.0016967955728	0.00294782281716	0.00497534973042	0.00829704275853	0.0124239947025	0.0179889089964	0.0270768310473	0.0399609737018	0.0571733830293	0.0789585126293	0.107545204144	0.145536169426	0.19405301911	0.253023855076	0.321672177657	0.409948686314	0.508506625771	0.617302857159	0.745957348599	0.881600337058	1.03757611314	1.20860735503	1.38534730745	1.58781240631	1.79975367705	2.0056411263	2.20264196823	2.38884371291	2.56661899821	2.72436346799	2.85070284005	2.94614040121	3.0201810826	3.06871231191	3.09643622601	3.11935734587	3.12428955673	3.11067205327	3.14355825221	3.17909030188	3.14700936185	3.12388692727	3.12988323027	3.12147115052	3.09886638238	3.052247643	2.97741608231	2.86489552844	2.74403479294	2.59609722639	2.41471265558	2.22375125552	2.01395254868	1.79242006907	1.54414148974	1.30309586104	1.07966527112	0.874597460415	0.69634764753	0.538804492482	0.412867749884	0.315057550848	0.237119991487	0.178364849873	0.138734607512	0.117912912686	0.0882189901622	0.0533196439318	0.0337345967271	0.0229498791033	0.0156594099897	0.0110291712232	0.00848397786401	0.0059531641283	0.00381060022705	0.00271774884118	0.00184059180778	0.00126540686785	0.00106409213888	0.000977814397886	0.00100657364488	0.000848397786401	0.000632703433926	0.000532046069438	0.000488907198943	0.000790879292407	0.00104971251538	0.000690221927919	0.00017255548198
PD_76P_2_bbduk_adapt_filt	2.89899565745e-05	2.89899565745e-05	2.89899565745e-05	2.89899565745e-05	4.34849348617e-05	0.000101464848011	0.00015944476116	0.000173939739447	0.000231919652596	0.000347879478894	0.000550809174915	0.00084070874066	0.00123207315442	0.00224672163452	0.00452243322562	0.00837809745003	0.0129005306757	0.0176693785322	0.0261489408302	0.0397017455288	0.0553708170573	0.0769683347053	0.106016271193	0.142021797258	0.190464014694	0.249183171736	0.320049120582	0.405844897065	0.499873821214	0.607078680626	0.731445594331	0.867002631273	1.02289612275	1.18980579773	1.3770809172	1.58290960888	1.77695388321	1.97228821061	2.17785599268	2.36998692988	2.53721549438	2.69477590836	2.82424505442	2.92384005023	2.99654686132	3.05067111025	3.09122805949	3.10428803493	3.10950622712	3.10338934628	3.08853199353	3.06748528506	3.05064212029	3.03114637449	2.99590908228	2.96844109842	2.93455183919	2.89177715826	2.83676871566	2.76762766923	2.67591794161	2.55465295326	2.40299199544	2.2120931314	2.00855464629	1.78933259467	1.55310793352	1.3219420198	1.09697995678	0.893397986734	0.720356935941	0.564115564983	0.431819898155	0.329572321317	0.248791807322	0.18914497167	0.144167054045	0.109364611177	0.0832011753688	0.0630676505278	0.0503265646133	0.040774373922	0.0334689048653	0.0289029867048	0.0253372220461	0.0215685276914	0.019829130297	0.0194522608615	0.0184810973162	0.0171330643355	0.0169736195744	0.0172200342052	0.0169011446829	0.0184810973162	0.0191043813826	0.0594728959126	0.13726744438	0.198813122188	0.236137691278	0.275027718022	0.431703938329
PD_77P_1_bbduk_adapt_filt	4.09336892654e-05	6.14005338981e-05	0.000102334223164	0.000122801067796	0.000133034490113	0.000153501334745	0.000235368713276	0.000399103470338	0.000614005338981	0.00104380907627	0.00170898152683	0.00251742188982	0.00413430261581	0.00684615952964	0.0108576610776	0.0171614492245	0.0253686539222	0.0368096200719	0.0529988941764	0.0737727414786	0.0982817879262	0.128787619851	0.168257929725	0.214349263838	0.26507633826	0.322751906435	0.388440244284	0.464372237871	0.54777462975	0.631248655584	0.721783742817	0.823943997801	0.937115415198	1.05196511385	1.18005686099	1.32153392451	1.46656198558	1.62074895962	1.77766825742	1.94318362996	2.0987009489	2.24804751419	2.39900072678	2.53615928608	2.65394597694	2.75038574885	2.82759692023	2.89340805915	2.93724804035	2.95664037564	2.97559267377	2.98909055781	2.98672663725	2.97932787292	2.97991117799	2.97170397329	2.96520575012	2.95491092727	2.92934783832	2.89833033528	2.84923037501	2.77843555942	2.68546491768	2.56760659286	2.40990955497	2.22727366689	2.02316805879	1.81586962292	1.60655520287	1.38189064933	1.16438949142	0.965584796082	0.782283735551	0.615161715703	0.477297050257	0.364688471088	0.27832862016	0.216528982792	0.167981627323	0.12118418707	0.0809361371	0.0544008730337	0.0374952593671	0.0255528555239	0.0179596561652	0.0127713110508	0.00847327367794	0.00563861569631	0.00396033443643	0.00255835557909	0.00179084890536	0.00128941121186	0.000951708275421	0.000787973518359	0.000736806406777	0.000675405872879	0.000654939028246	0.000900541163839	0.00163734757062	0.00140197885734	0.000327469514123
PD_77P_2_bbduk_adapt_filt	8.21068368002e-05	9.23701914003e-05	0.000102633546	0.0001334236098	0.0001334236098	0.0001128969006	0.0001436869644	0.000205267092001	0.000533694439202	0.000975018687003	0.0015702932538	0.00276084238741	0.00423876544981	0.00652749352562	0.0109509993582	0.0175503363661	0.0260381306203	0.0375844045453	0.0532873370834	0.0716484784628	0.0961881593115	0.128794836876	0.165866073691	0.209197956812	0.260309462721	0.319693232436	0.385717392578	0.460136976783	0.542428553966	0.627491236891	0.720867237042	0.818574372835	0.923701914003	1.03646539099	1.17068954245	1.31711682253	1.44970910061	1.59266736683	1.7558033882	1.92212104949	2.07939669538	2.23020642788	2.37279521334	2.50835360089	2.62647454898	2.73135576964	2.81872770735	2.87468351663	2.91418716849	2.94572645717	2.96358469418	2.95895592125	2.95714957084	2.9511455084	2.93840868534	2.92765268972	2.91238081808	2.90694124014	2.89505627551	2.87395481846	2.83560066231	2.76922754812	2.67867397048	2.55882877882	2.40654112326	2.22911851229	2.02657120926	1.81827642765	1.61282459527	1.3895555793	1.17104875986	0.974577362755	0.791089109216	0.625469356035	0.485159035298	0.371276852656	0.285844688965	0.21771654113	0.162571536864	0.120840737061	0.0885111700707	0.064843874363	0.0486483008041	0.0366299125675	0.0280908015403	0.0226204335385	0.0182071910605	0.014779230624	0.0127060329948	0.011905491336	0.0108175757484	0.00982203035223	0.0104788850466	0.0108586291668	0.0106636254294	0.0224151664465	0.0462877292461	0.0655212557666	0.0811933982408	0.113481911813	0.215355969572
PD_78P_1_bbduk_adapt_filt	0.000140102330742	0.000140102330742	0.000126092097668	0.000140102330742	0.000182133029965	0.000224163729188	0.000336245593782	0.000490358157598	0.000994726548271	0.00182133029965	0.00304022057711	0.00474946901217	0.00760755655931	0.0124971279022	0.018297364395	0.0258208595558	0.036426605993	0.0487416008653	0.0666887094334	0.0880823353377	0.111647547369	0.142722244327	0.181852825304	0.228338778644	0.281647715491	0.344343508499	0.417869211672	0.502967367365	0.598208931804	0.694711417219	0.801749597906	0.917670266363	1.03240006501	1.15598433096	1.29511995562	1.43244826021	1.5752825864	1.72002230429	1.86693360831	2.03174999019	2.19056999232	2.34751262322	2.49896324275	2.6279274382	2.73764157341	2.85028384732	2.94262529351	2.9866314356	3.00794100011	2.99080648506	3.05514147533	3.12551487607	3.08873801425	3.05882616663	3.1108321518	3.17001137631	3.1580606475	3.13232384934	3.08994289429	2.95262859993	2.80794492297	2.66059930173	2.47754159638	2.31898778868	2.14334149663	1.94446623814	1.71818696376	1.5086499179	1.29926698461	1.09291026166	0.90462673937	0.73864750814	0.603686932936	0.492291569763	0.402710139486	0.320736265769	0.239266760442	0.165951210764	0.111787649699	0.0774765889005	0.053785284772	0.0382059055934	0.0277682819531	0.0204689505215	0.0149629289233	0.0100873678135	0.00655678907874	0.00495962250828	0.00360062990008	0.00238173962262	0.00177929960043	0.00147107447279	0.00133097214205	0.00126092097668	0.00116284934516	0.000966706082122	0.000882644683677	0.00133097214205	0.00247981125414	0.00196143263039	0.000378276293004
PD_78P_2_bbduk_adapt_filt	0.000199880129031	0.000199880129031	0.000185602976958	0.000185602976958	0.000228434433179	0.000299820193547	0.000356928801841	0.000513977474652	0.000913737732714	0.00154193242395	0.00284115326266	0.005039834682	0.00782387933636	0.012592448129	0.019188492387	0.0264983942487	0.0362925205712	0.048842137244	0.0649895962393	0.0850489949028	0.111476003391	0.142685857824	0.182262123372	0.230476065925	0.28345857727	0.35010432315	0.423146233159	0.504169071177	0.599383398356	0.705191372374	0.814183151304	0.923517581884	1.03812028158	1.16023276327	1.30119108569	1.4503444934	1.59678524222	1.73792916762	1.88204274065	2.03950545087	2.20119419811	2.36975025549	2.51837540858	2.64595603951	2.76551291097	2.86800858571	2.94908853233	2.98772250585	3.00135718608	2.99808771825	2.97100396077	2.93766681068	2.91176805681	2.88181459176	2.83479992998	2.79075491584	2.76789719537	2.76001620742	2.73855764786	2.68720273185	2.61570275426	2.53338069541	2.42141926884	2.28607186719	2.12345510507	1.92511690846	1.72063953646	1.51284986518	1.29563727353	1.08447819436	0.894977554889	0.725807579968	0.576240134845	0.448174080744	0.343665327565	0.261000617059	0.194440534091	0.142700134976	0.10540821376	0.0766254751793	0.0576511400734	0.0446161002302	0.0340367305436	0.0271265889399	0.021701271152	0.0181319831335	0.0172325225529	0.0166043278617	0.015119504046	0.0154621556958	0.0164187248847	0.0159475788663	0.0163473391243	0.0174752341382	0.0184746347833	0.139587715824	0.367194074182	0.494803259417	0.537691824246	0.594329286522	0.849733259968
PD_79S_1_bbduk_adapt_filt	4.12170742554e-05	4.12170742554e-05	6.18256113832e-05	8.24341485109e-05	0.000144259759894	0.000226693908405	0.000340040862607	0.000473996353938	0.000597647576704	0.00114377381059	0.00199902810139	0.00364771107161	0.00593525869278	0.00938718866168	0.0155079241886	0.0227003036462	0.0328293996445	0.0457509524235	0.0616813516233	0.0836397479329	0.111811618186	0.147144955092	0.194915544154	0.250321596222	0.313538283861	0.393396365231	0.486886993911	0.595153943711	0.715075021258	0.851307755941	0.992249541357	1.13896171717	1.30168672633	1.46920322037	1.65506131246	1.85304752864	2.04027608845	2.22237312251	2.41646432518	2.60938084123	2.78595478734	2.94676320255	3.08910636849	3.20575068863	3.28495960108	3.32226105329	3.32819631198	3.29294540922	3.22898681425	3.1489226475	3.05027988454	2.94787606356	2.83942363692	2.7297553066	2.63555368338	2.555273127	2.48692491362	2.42000899357	2.34340706106	2.27563588672	2.21065716915	2.12923283896	2.02960086622	1.91177155519	1.76367860739	1.6038490977	1.43860984701	1.2711139615	1.10471032846	0.935988234998	0.780084651627	0.64417134927	0.521942115565	0.409718326636	0.319164414497	0.251372631615	0.196842442375	0.148340250245	0.109029465674	0.0784463965767	0.0540149758118	0.0369408028014	0.0257400628725	0.0169917388618	0.0113656082259	0.00798580813699	0.00560552209874	0.0044205312139	0.00318401898623	0.00197841956426	0.00140138052469	0.00110255673633	0.000917079902184	0.000824341485109	0.000793428679417	0.000752211605162	0.00077282014229	0.00105103539351	0.00167959577591	0.0013395549133	0.000340040862607
PD_79S_2_bbduk_adapt_filt	4.13722214287e-05	4.13722214287e-05	5.17152767859e-05	7.24013875002e-05	0.000134459719643	0.000196518051786	0.000289605550001	0.000527495823216	0.000744699985716	0.00113773608929	0.00202723885001	0.00344423743394	0.00585416933216	0.00935012204288	0.0140768983411	0.0207791982126	0.031680778559	0.0453853269073	0.060755107168	0.0817101373216	0.110505203436	0.145506102765	0.18837806722	0.24614403139	0.312122381513	0.38629243148	0.477456121398	0.583793073525	0.703276049011	0.83400192567	0.979177050663	1.12780675615	1.28406963648	1.45196845409	1.62979660485	1.81914691927	2.01455826414	2.19863362033	2.38269863347	2.57191448817	2.75009430281	2.91814826625	3.06345785096	3.18009648623	3.25454579869	3.29710747148	3.31083270594	3.281882494	3.21875882715	3.13346999268	3.04283379858	2.93776904226	2.81787234456	2.71057348829	2.61499331373	2.53213509727	2.4594234181	2.38915270001	2.32934915393	2.26127116357	2.19014197188	2.11754406633	2.02476685977	1.90716632036	1.76652145362	1.61760214258	1.45118238189	1.28169073375	1.11764987579	0.953019463665	0.795153409749	0.650847101405	0.521858858046	0.408157650505	0.312546446783	0.239214184301	0.183113452043	0.136766220988	0.102220416095	0.0769523318573	0.0580659127752	0.0436787227733	0.0330564049215	0.0247199023036	0.0200344982268	0.0167143774572	0.0147078247179	0.0132597969679	0.0113463317268	0.0100948220286	0.00942252343038	0.00946389565181	0.00971212898038	0.0101465373054	0.0102913400804	0.0249681356322	0.0511877809626	0.0691122958966	0.0866024025056	0.123465051799	0.266519850444
PD_7P_1_bbduk_adapt_filt	4.94576168625e-05	4.94576168625e-05	7.41864252937e-05	0.000148372850587	0.000234923680097	0.000259652488528	0.000296745701175	0.000370932126469	0.000605855806565	0.000927330316171	0.00163210135646	0.00310346545812	0.00521777857899	0.007913218698	0.0118080060259	0.0180396657506	0.0268802147648	0.0379710853462	0.053043294085	0.0757072470122	0.106692443977	0.146975672911	0.19900508585	0.266675470122	0.347489216076	0.444055213	0.563977569487	0.712053674373	0.874769233851	1.05315049347	1.25961131506	1.48464347179	1.72985433619	1.97396476862	2.23674545141	2.53166122076	2.81344599284	3.0817041067	3.3709075213	3.66884020528	3.93047099849	4.15911356124	4.35722840999	4.49815788924	4.56584063791	4.55374825059	4.45949439726	4.29557949057	4.07298312148	3.80483628725	3.51846432121	3.20377786952	2.87291877712	2.55349675861	2.25011137237	1.97480554811	1.71566000015	1.48110725218	1.26817984718	1.07421943825	0.91521320004	0.79147024265	0.688771501235	0.588644555897	0.504022573445	0.43971530712	0.384347505043	0.337103116535	0.293184752761	0.252406947658	0.216649090666	0.182844809541	0.152762214084	0.125201957087	0.100819351974	0.0804922714437	0.0631202835207	0.0487652102264	0.0354611112904	0.0240240373909	0.0156904289496	0.0103860995411	0.00738154931672	0.00523014298321	0.00403079577429	0.00284381296959	0.00165683016489	0.000964423528818	0.000667677827643	0.000482211764409	0.000296745701175	0.000222559275881	0.000247288084312	0.00030911010539	0.000321474509606	0.000259652488528	0.000408025339115	0.000729499848722	0.00112516078362	0.000816050678231	0.000160737254803
PD_7P_2_bbduk_adapt_filt	9.91817382616e-05	8.67840209789e-05	0.000111579455544	0.000161170324675	0.000185965759241	0.000210761193806	0.000272749780219	0.000334738366633	0.000471113256743	0.000805851623376	0.00182246444056	0.00298784986513	0.00468633713286	0.00767418699799	0.0121001720679	0.0179890877772	0.0250061957592	0.0353334942557	0.0507438568381	0.0725886346902	0.102888655729	0.142610941903	0.193987082322	0.261244698581	0.340056987347	0.432333197082	0.55169841908	0.697768324105	0.860761113221	1.03916426492	1.24166857901	1.46632761389	1.70370670671	1.94725986273	2.20834339098	2.49047824318	2.77824165903	3.05850445593	3.34789197274	3.63820931835	3.90059460692	4.13363449868	4.3294812386	4.47605945003	4.55066891264	4.54329227085	4.45818194171	4.2840064116	4.06454202027	3.80694225057	3.50864077503	3.20363213444	2.8751298196	2.55699199641	2.2543389221	1.96390999704	1.70381828616	1.47312156297	1.27017093105	1.07984117532	0.91930313423	0.793131565444	0.687850150279	0.594879668376	0.513265495504	0.449640410409	0.390900025924	0.341296759076	0.300210724001	0.25705427014	0.220158663506	0.184825169251	0.14965284532	0.12136125448	0.0967889788261	0.0763699384615	0.0597322018681	0.046268280899	0.0349863581718	0.0259360245554	0.0194892115684	0.0149144538911	0.0115174793556	0.00913711763735	0.00803372079919	0.00719067602397	0.00627324494505	0.00550458647352	0.0055169841908	0.00567815451548	0.00541780245254	0.00591371114385	0.00638482440059	0.00605008603396	0.00675675591907	0.0187577462487	0.0374163107592	0.049293323916	0.061219927942	0.090999244855	0.181105854066
PD_81P_1_bbduk_adapt_filt	0.0	0.0	0.0	0.0	0.0	0.0	0.0	0.0	0.0	0.0	0.0	0.0	0.0	0.000140561571591	0.000281123143182	0.000281123143182	0.000140561571591	0.000281123143182	0.000702807857954	0.000843369429545	0.000843369429545	0.000702807857954	0.000562246286363	0.00238954671704	0.00435740871932	0.00477909343409	0.00506021657727	0.00534133972045	0.00660639386477	0.00688751700795	0.0075903248659	0.00787144800909	0.0139155955875	0.0212247973102	0.0215059204534	0.027831191175	0.0358432007557	0.0389355553307	0.0418873483341	0.0428712793352	0.0430118409068	0.0962846765397	0.174155787201	0.207187756525	0.215199766106	0.44445568937	0.72009693126	0.775899875181	0.786301431479	0.78728536248	4.24720844719	7.70895883233	7.72287442791	8.17154696443	8.94814964747	9.38248490369	9.55678125246	9.3161398419	7.44329746202	3.92152728581	1.94326372724	1.85203926728	1.6708554015	1.27292559233	0.965657996829	0.72628164041	0.490559884852	0.492949431569	0.463993747821	0.438411541792	0.462588132105	0.489997638566	0.53104161747	0.576864689809	0.715036714682	1.04409135378	1.61392796501	1.51961115047	0.710257621248	0.282528758898	0.18287060464	0.130722261579	0.0999392774011	0.0923489525352	0.0837746966681	0.0558029439216	0.0279717527466	0.0210842357386	0.0139155955875	0.00885537901022	0.00927706372499	0.00899594058181	0.00857425586704	0.00843369429545	0.00871481743863	0.00506021657727	0.000702807857954	0.000702807857954	0.000562246286363	0.000140561571591	0.000140561571591
PD_81P_2_bbduk_adapt_filt	0.00189212073622	0.00141909055217	0.00118257546014	0.00118257546014	0.000946060368112	0.000709545276084	0.000473030184056	0.000473030184056	0.000473030184056	0.000473030184056	0.000473030184056	0.000473030184056	0.000236515092028	0.000236515092028	0.000709545276084	0.00212863582825	0.00236515092028	0.0016556056442	0.00212863582825	0.00236515092028	0.00283818110434	0.00331121128839	0.00331121128839	0.00354772638042	0.00378424147245	0.00473030184056	0.00520333202462	0.00614939239273	0.00969711877315	0.0122987847855	0.0115892395094	0.0115892395094	0.0158465111659	0.0182116620862	0.0163195413499	0.0153734809818	0.0175021168101	0.0208133280985	0.0243610544789	0.0271992355832	0.025307114847	0.025543629939	0.033348627976	0.0350042336201	0.0316930223318	0.0316930223318	0.0347677185281	0.0404440807368	0.0428092316571	0.0411536260129	0.0390249901846	0.0409171109208	0.0491951391418	0.0555810466266	0.0815977067497	0.161539807855	0.218539945034	0.21688433939	0.211917522457	0.206241160248	0.195361466015	0.189212073622	0.190394649083	0.16674313988	0.143564660861	0.0948425519032	0.0416266561969	0.0378424147245	0.0364233241723	0.0350042336201	0.0324025676078	0.0300374166876	0.025543629939	0.0245975695709	0.0286183261354	0.0283818110434	0.0262531752151	0.0248340846629	0.0241245393869	0.0262531752151	0.0279087808593	0.0286183261354	0.0305104468716	0.0305104468716	0.0328755977919	0.0558175617186	0.0995728537438	0.124406938407	0.156809506015	0.197490101843	0.215465248838	0.23556903166	0.253307663562	0.27412099166	0.293042199023	4.1714166781	11.7583478002	16.9098830196	18.7960908786	19.4673207097	23.5599778622
PD_82P_1_bbduk_adapt_filt	0.0	0.0	0.0	0.0	2.44750709165e-05	0.000110137819124	0.000146850425499	0.000293700850998	0.000624114308371	0.000930052694828	0.00129717875858	0.00223946898886	0.00383034859844	0.00608205512275	0.00975331576023	0.0145871422662	0.0217338629739	0.0314015159859	0.0448138548481	0.0634149087447	0.0858585487751	0.115693660222	0.155306562501	0.204464742437	0.260696217867	0.330413457373	0.411511604855	0.50537350182	0.618693080163	0.736687397052	0.86548745775	1.01357387433	1.17442404039	1.34331426725	1.53097687351	1.73878246312	1.95401623676	2.18513433143	2.425712041	2.67431757384	2.92124656431	3.14122850171	3.33633152952	3.49621493028	3.61307115637	3.69046133061	3.70643131438	3.66067516931	3.57573443569	3.45315104301	3.32978444805	3.18519796661	3.00213667369	2.82956294866	2.67406058559	2.53327997768	2.41172453797	2.31225784977	2.23366839705	2.1271773635	2.00556073611	1.92189270618	1.83419852709	1.72751169297	1.61356800031	1.47360730728	1.31279385382	1.16092603878	1.01357387433	0.863859865534	0.718796120212	0.588613218007	0.471500003671	0.368080591514	0.287679983553	0.226529018868	0.200560968625	0.172818475742	0.106380895739	0.0552035224522	0.0358437413572	0.0242180826719	0.0161657843404	0.0107323185969	0.00707329549487	0.00445446290681	0.0029614835809	0.00223946898886	0.00145626671953	0.000905577623911	0.000734252127496	0.000648589379288	0.000575164166538	0.000452788811956	0.000465026347414	0.00048950141833	0.000403838670123	0.000379363599206	0.000452788811956	0.000416076205581	0.000159087960957
PD_82P_2_bbduk_adapt_filt	4.91793261424e-05	3.68844946068e-05	3.68844946068e-05	3.68844946068e-05	6.1474157678e-05	9.83586522848e-05	0.000159832809963	0.000295075956854	0.000491793261424	0.000725395060601	0.00118030382742	0.00223765933948	0.00371303912375	0.00619659509394	0.00972521174466	0.0145447857066	0.021417596535	0.0304051183875	0.0438187795929	0.0616094008249	0.083740097589	0.114919790363	0.155418965442	0.204831893383	0.259371766075	0.325997458167	0.409221172831	0.501493883506	0.605655696275	0.720440243492	0.857011232189	1.0044262623	1.15840673245	1.32100587951	1.50931351931	1.73070655077	1.94520218174	2.16248873947	2.40244696655	2.65125747234	2.8868018549	3.11254725672	3.31496936312	3.47352351061	3.59104980526	3.66753595224	3.68874453664	3.64128648691	3.56262415475	3.45152805699	3.29908444078	3.11976432283	2.940800755	2.78037779312	2.62326214093	2.47958473961	2.35597250335	2.26253178368	2.18459484657	2.09996952111	2.01574992509	1.93075575469	1.83732732985	1.73046065414	1.60456157922	1.4667365177	1.31602647274	1.16293123046	1.01443425517	0.866170881683	0.727067157689	0.600356623884	0.480875451021	0.373480097557	0.288031018385	0.220593867412	0.166041699888	0.12066147669	0.0870351124405	0.0632569082507	0.0475809980428	0.0371549809006	0.0282166383742	0.0220446329433	0.0176676729167	0.0147537978427	0.013475135363	0.0128112144601	0.0123071263671	0.0117415641165	0.011753858948	0.0123194211987	0.012257947041	0.012762035134	0.0134013663738	0.0461302079216	0.0831376508438	0.0930349902299	0.108637131449	0.14396018245	0.315546851361
PD_83P_1_bbduk_adapt_filt	0.0	0.0	0.0	0.000801012479774	0.00160202495955	0.00160202495955	0.00240303743932	0.00240303743932	0.00240303743932	0.00160202495955	0.00160202495955	0.00240303743932	0.0032040499191	0.00881113727752	0.0144182246359	0.0152192371157	0.0192242995146	0.032040499191	0.0480607487865	0.0688870732606	0.088912385255	0.115345797088	0.166610595793	0.235497669054	0.292369555118	0.377276877974	0.478204450425	0.56951987312	0.676855545409	0.849874241041	1.05253039842	1.26960478044	1.47947005014	1.62285128402	1.84072667852	2.16353470787	2.44549110075	2.71062623156	2.98537351212	3.23288636837	3.44435366303	3.70147866904	3.87609938963	3.96981784976	3.98663911184	3.93777735057	3.9602057	3.78638599189	3.4892103619	3.29776837923	3.07829095977	2.81716089137	2.65215232053	2.45750628795	2.26606430528	2.1899681197	2.08343345989	1.95126640073	1.81189022925	1.70054949456	1.68452924497	1.6236522965	1.54915813588	1.45383765079	1.27681389276	1.17268227039	1.12942759648	0.979638262764	0.809022604572	0.663238333253	0.516653049455	0.42693965172	0.351644478621	0.28435943032	0.21226830714	0.139376171481	0.10733567229	0.0873103602954	0.0712901106999	0.0504637862258	0.0264334118326	0.017622274555	0.0120151871966	0.0064080998382	0.0032040499191	0.00160202495955	0.0	0.000801012479774	0.00160202495955	0.000801012479774	0.0	0.0	0.0	0.0	0.0	0.000801012479774	0.000801012479774	0.0	0.0	0.0	0.0
PD_83P_2_bbduk_adapt_filt	0.0	0.0	0.000801673895093	0.00160334779019	0.00160334779019	0.00240502168528	0.00240502168528	0.00240502168528	0.00240502168528	0.00160334779019	0.00240502168528	0.00240502168528	0.00240502168528	0.00400836947546	0.00721506505584	0.0144301301117	0.0216451951675	0.0336703035939	0.0489021076007	0.0577205204467	0.0753573461387	0.111432671418	0.151516366173	0.220460321151	0.287800928338	0.348728144365	0.433705577245	0.553956661509	0.745556722436	0.919519957672	1.04377941141	1.21613929886	1.39491257746	1.55765237817	1.7965511989	2.07072367103	2.38818653348	2.74172472122	2.99184697649	3.22593575385	3.48327307418	3.69090661301	3.82879452296	3.91216860805	3.90976358637	3.94022719438	3.93221045543	3.77989241536	3.5281668123	3.27804455704	3.08724617	2.7930318505	2.59662174621	2.44029533666	2.2871756227	2.14688269106	2.02182156342	1.96570439077	1.83663489366	1.75646750415	1.73963235235	1.64503483273	1.52558542236	1.45824481517	1.3556305566	1.22656105949	1.09027649733	0.923528327147	0.770408613184	0.647752507235	0.527501422971	0.441722316196	0.370373339533	0.286197580548	0.214848603885	0.162739800704	0.122656105949	0.0753573461387	0.0529104770761	0.0464970859154	0.0352736513841	0.0248518907479	0.0200418473773	0.0160334779019	0.0144301301117	0.0112234345313	0.0104217606362	0.00801673895093	0.00561171726565	0.00721506505584	0.00881841284602	0.00881841284602	0.00962008674112	0.00881841284602	0.00721506505584	0.0152318040068	0.025653564643	0.0392820208596	0.052108803181	0.0809690634044	0.206030191039
PD_84P_1_bbduk_adapt_filt	0.000118780179817	0.000106902161835	7.12681078899e-05	0.000154414233762	0.000225682341651	0.00028507243156	0.000510754773211	0.000772071168808	0.00147287422973	0.0022687014345	0.00367030755633	0.00675859223156	0.0111534588848	0.01812585544	0.0290298759472	0.0431647173453	0.0616112792709	0.0866738972121	0.116796550814	0.154533013941	0.200477187494	0.252574174362	0.314886256694	0.381189353067	0.452362436813	0.530602941259	0.610933976869	0.69555297697	0.784436185527	0.878129991366	0.969661997933	1.06226302612	1.15569551556	1.24541018538	1.33925840545	1.43516152263	1.53396287621	1.62877321573	1.72505642949	1.83364526988	1.93873009497	2.03318409396	2.12789940934	2.21143750981	2.28674414381	2.36651691258	2.42828260608	2.48062903133	2.5339850881	2.58529812578	2.63634984706	2.68886256456	2.75239808275	2.81892686146	2.88159528433	2.95965761851	3.04842204688	3.1038567568	3.11699384469	3.11337104921	3.09637360548	3.04394403411	2.93409612381	2.77816150375	2.59203296198	2.364153187	2.09628012547	1.834381707	1.57841041949	1.32090686767	1.08164795146	0.865408634108	0.68119245323	0.524675810286	0.401191935348	0.309992513285	0.252681076524	0.190119555814	0.119647275129	0.07897694156	0.0534392028995	0.036287344934	0.0261672736136	0.0182090015659	0.0116879696939	0.00724559096881	0.0047274511567	0.00342086917872	0.00254189584807	0.00186484882312	0.00146099621174	0.00114028972624	0.000831461258716	0.000712681078899	0.000665169006973	0.000629534953028	0.000712681078899	0.000807705222753	0.0011640457622	0.0010333875644	0.000296950449541
PD_84P_2_bbduk_adapt_filt	0.000119269246866	0.000107342322179	0.000119269246866	0.000155050020926	0.000178903870299	0.000310100041852	0.000477076987464	0.000822957803375	0.00155050020926	0.0024927272595	0.00405515439344	0.00657173550232	0.0112351630548	0.0184509524902	0.0291971116328	0.0433543712358	0.0615190775335	0.0848481422205	0.115858146406	0.153308689922	0.198487880634	0.254317815092	0.31434602704	0.37715321244	0.451052437798	0.530259144642	0.610527347782	0.694898413015	0.786485267684	0.880028138001	0.967655253673	1.06105500089	1.15431162502	1.23447248584	1.3242703018	1.42730700417	1.52870971786	1.62703528497	1.71958822054	1.81939272632	1.92035414379	2.01673562218	2.11780438198	2.20581315924	2.2776848074	2.34556093579	2.41595364529	2.46917158324	2.51229934291	2.56252362277	2.60802484044	2.65474260444	2.71511669721	2.7791762097	2.83850073309	2.90913198108	2.9834486488	3.04477689554	3.08404033161	3.0912322672	3.07773098845	3.03246830927	2.92900223761	2.7754073015	2.59002711109	2.3643100614	2.10054612195	1.84096853308	1.583323106	1.32477123264	1.085743735	0.872991252436	0.686287173392	0.525011297779	0.396653734302	0.298065774843	0.218930629547	0.15966574078	0.115643461761	0.0813416263626	0.0572969461944	0.0416607479303	0.0311173465073	0.022565741507	0.0158747367579	0.0120223400841	0.0098754936405	0.0080983818622	0.0075616702513	0.00707266633915	0.00641668548139	0.00651210087888	0.00661944320106	0.00734698560695	0.00861123962372	0.0258217919465	0.0537904303366	0.076189194898	0.0984448363632	0.13587152603	0.254162765071
PD_8P_1_bbduk_adapt_filt	3.88721857266e-05	3.88721857266e-05	4.85902321583e-05	7.77443714533e-05	9.71804643166e-05	0.000145770696475	0.000242951160791	0.000301259439381	0.000417875996561	0.000660827157353	0.000971804643166	0.00170065812554	0.00301259439381	0.00514084656235	0.00847413648841	0.0133331597042	0.0189696266346	0.0254418455581	0.0344310385074	0.0480946117903	0.0677153475358	0.0929239599795	0.127257818023	0.168433180754	0.217781420533	0.283903008455	0.367818339392	0.472744086715	0.613762658484	0.776996684397	0.959171182805	1.16518404911	1.37936007442	1.5866460048	1.7785093955	1.97463900859	2.1770950699	2.37395353647	2.5631250283	2.73971165001	2.89306242271	3.03191387012	3.15678104872	3.25286337379	3.32442706771	3.38008231963	3.42040249427	3.44138375652	3.4457957496	3.42205456217	3.3861463806	3.32949988795	3.2291319044	3.10988175664	2.98560737887	2.86117751236	2.72318125303	2.568712905	2.40436130375	2.23608361174	2.08141118473	1.91828405733	1.7595883591	1.60649997366	1.4465409294	1.2900900999	1.1289940442	0.985643141285	0.848268836927	0.707881938175	0.583782485243	0.476300891709	0.379198171763	0.29568128073	0.22688723004	0.171018181104	0.126334603612	0.0918063846399	0.0661313059674	0.046782675522	0.0332260007498	0.0232066948788	0.0156654908478	0.0103594374961	0.00706501975582	0.0048201510301	0.00322639141531	0.0023031770043	0.00144798891832	0.000894060271713	0.000728853482374	0.000738571528806	0.00064139106449	0.000553928646605	0.0005830827859	0.000680263250216	0.000855188085986	0.00122447385039	0.0019630453792	0.00148686110404	0.000281823346518
PD_8P_2_bbduk_adapt_filt	3.90462180321e-05	5.85693270482e-05	6.83308815562e-05	7.80924360643e-05	0.000136661763112	0.000185469535653	0.000195231090161	0.000234277308193	0.000361177516797	0.000507600834418	0.000790685915151	0.00165946426637	0.00314322055159	0.00519314699827	0.0081411364597	0.0130511983772	0.0190740775087	0.0257412192377	0.0350244575748	0.0490420498484	0.0658124004932	0.0894256008481	0.124938136148	0.168318484382	0.218795482743	0.28026399148	0.362192718466	0.471375705638	0.609628602136	0.771865638059	0.95886773777	1.16378229	1.37323596508	1.57947808873	1.77023838692	1.96626992455	2.16492732035	2.36499037999	2.55896222962	2.72038905652	2.87633965134	3.02815134705	3.14780848221	3.24543378884	3.32238412303	3.36594017924	3.40421523447	3.43955206179	3.43625265636	3.40957432789	3.3571938264	3.27588007735	3.18193487677	3.06696328777	2.93135577254	2.79564088022	2.66277636181	2.51402003266	2.36099790419	2.2061796497	2.05841899911	1.90753465108	1.7512521634	1.60005544563	1.44542266067	1.28662169193	1.12753763811	0.982217376153	0.841026251749	0.702958824787	0.576331939709	0.462473167927	0.367337057692	0.287936573323	0.221118732716	0.16539001803	0.123347002763	0.0922466901009	0.0683211200017	0.0503208134889	0.0360494207982	0.0262976278446	0.019425493471	0.0143202004633	0.0111476952482	0.00889277615682	0.0076530587343	0.0071649810089	0.00648167219333	0.00596430980441	0.00643286442079	0.00695022680972	0.00738949676258	0.00762377407077	0.00812161335068	0.0280644692106	0.069882968723	0.0997435639631	0.115879413565	0.147848504579	0.265719275263
PD_9P_1_bbduk_adapt_filt	6.1167497916e-05	6.1167497916e-05	8.1556663888e-05	9.1751246874e-05	7.1362080902e-05	0.00010194582986	0.000132529578818	0.00020389165972	0.000275253740622	0.000316032072566	0.000519923732286	0.00107043121353	0.00176366285658	0.00296662364892	0.00508709691001	0.0082983905506	0.0129369258092	0.0200221609845	0.0315930126736	0.0493213924862	0.0702304821905	0.0990505682919	0.139563841078	0.188660952739	0.25076635229	0.326858719697	0.417733232434	0.529231386552	0.661801743702	0.808410041623	0.966793082894	1.13616588462	1.33378787581	1.54813917767	1.78227816511	2.04994713599	2.31978755305	2.59583647114	2.88010222312	3.16807880331	3.44659481049	3.69042884635	3.88923340916	4.02951087104	4.09456250508	4.07732346525	3.98988452698	3.83458024977	3.63340034912	3.40370619987	3.16541801715	2.90883055798	2.65834965401	2.45269433143	2.27633824036	2.1326863715	2.00322536217	1.90653993713	1.83798136655	1.76930046097	1.71402543202	1.65672168105	1.59081370205	1.49973529765	1.3887366781	1.27201889749	1.13134384687	0.989404667957	0.854836172542	0.715313109795	0.582069910168	0.467584743236	0.370583286124	0.28801735852	0.222415217005	0.174724957797	0.138809441937	0.109856826257	0.0765307344759	0.046609633412	0.0301147981406	0.020389165972	0.0139767732738	0.00950135134295	0.00648375477909	0.00439386526696	0.00274234282323	0.00183502493748	0.00110101496249	0.000672842477076	0.000581091230202	0.000540312898258	0.00045875623437	0.000417977902426	0.000468950817356	0.000540312898258	0.00086653955381	0.00140685245207	0.00234475408678	0.00185541410345	0.000367004987496
PD_9P_2_bbduk_adapt_filt	6.13942009084e-05	8.18589345446e-05	7.16265677265e-05	6.13942009084e-05	8.18589345446e-05	0.000112556034999	0.000163717869089	0.000173950235907	0.000194414969543	0.000347900471814	0.000603709642266	0.000982307214535	0.00166787579135	0.00279343614133	0.00488083897222	0.00825752002218	0.0129234792912	0.0200145094961	0.0304310589169	0.0461070448822	0.0692833557252	0.0987014103271	0.137430918734	0.18744672774	0.24825768374	0.320876791048	0.411873229161	0.521021886009	0.651863160512	0.798922736421	0.954812844895	1.1310142015	1.33054535445	1.5344559604	1.75866758212	2.01757715972	2.29488453286	2.5746272093	2.86277065889	3.15328801759	3.42493689188	3.66967464143	3.8566813774	3.99003981414	4.06212683837	4.06108313696	3.98164927335	3.82002903946	3.6155658857	3.38793665346	3.14942018293	2.89642491336	2.64355243218	2.42846808167	2.24810215176	2.10032631018	1.97781418227	1.87904114537	1.80507136564	1.74478226035	1.69224928911	1.64385019406	1.58563825923	1.50036171417	1.39276837707	1.27154552738	1.13049235079	0.989582427343	0.857810007459	0.722333470788	0.58957874369	0.472561396759	0.372202343007	0.286577897474	0.219494500614	0.163543918853	0.122092600873	0.0927666375726	0.068843363952	0.0515506640294	0.0377676659255	0.0284255150206	0.022214468362	0.0167913139485	0.0133225415971	0.0116853629062	0.0106928233249	0.00983330451217	0.00908634173445	0.00866681469491	0.00824728765537	0.00868727942854	0.00899425043308	0.00931145380445	0.0102425991849	0.0240869914897	0.0515608963963	0.0733046758847	0.0917229361572	0.131444984145	0.25700635737
PD_Extr_neg_plate1_1_bbduk_adapt_filt	0.0	0.0	0.0	0.0	0.0	0.0	0.0	0.0	0.0	0.0	0.0	0.0	0.000698021806201	0.000698021806201	0.0	0.0	0.0	0.0	0.0	0.000698021806201	0.0013960436124	0.0020940654186	0.00349010903101	0.00558417444961	0.0111683488992	0.0153564797364	0.0167525233488	0.017450545155	0.0202426323798	0.024430763217	0.0258268068294	0.0265248286356	0.0404852647597	0.0586338317209	0.0642180061705	0.0753863550697	0.093534922031	0.101213161899	0.101911183705	0.110985467186	0.11936172886	0.195446105736	0.269436417194	0.277812678868	0.293169158605	0.75525959431	1.31158297385	1.42256844104	1.44350909522	1.4742220547	2.45145258338	3.40425234884	3.43705937373	3.90682804931	4.99085591434	5.78660077341	5.99810138069	6.0225321439	5.60371906018	4.73119180243	4.17766051011	3.99268473147	3.71626809622	2.94216191314	2.30975415672	1.93142633776	1.21944409543	0.878111432201	0.869037148721	0.892071868325	0.976532506876	1.080537756	1.25713727297	1.49167259985	1.85254987366	2.35512557412	2.99660761402	3.38680180369	3.04756320587	1.94887688291	0.821571665899	0.351802990325	0.216386759922	0.166827211682	0.144490513884	0.0872527257752	0.0307129594729	0.027920872248	0.0216386759922	0.0111683488992	0.0111683488992	0.0111683488992	0.010470327093	0.00977230528682	0.010470327093	0.00977230528682	0.00698021806201	0.00558417444961	0.00418813083721	0.0027920872248	0.0020940654186
PD_Extr_neg_plate1_2_bbduk_adapt_filt	0.0	0.0	0.0	0.0	0.0	0.0	0.00113673824328	0.00113673824328	0.0	0.0	0.0	0.0	0.0	0.0	0.0	0.00113673824328	0.00113673824328	0.0	0.00113673824328	0.00227347648657	0.00227347648657	0.00227347648657	0.00568369121642	0.0125041206761	0.0170510736493	0.0193245501358	0.0215980266224	0.0204612883791	0.0181878118926	0.023871503109	0.0420593150015	0.0488797444612	0.0443327914881	0.0466062679747	0.0420593150015	0.0409225767582	0.0534266974344	0.0682042945971	0.0738879858135	0.0909390594628	0.104579918382	0.0920757977061	0.0875288447329	0.102306441896	0.129588159734	0.153459662843	0.16596378352	0.192108763115	0.195518977845	0.188698548385	0.206886360278	0.219390480954	0.275090654875	0.347841902445	0.430823794205	0.618385604347	0.734332905162	0.703640972593	0.657034704619	0.62975298678	0.620659080833	0.588830410021	0.538813927317	0.476293323936	0.441054438394	0.335337781769	0.22507417217	0.189835286629	0.158006615817	0.161416830546	0.146639233384	0.134135112708	0.140955542167	0.131861636221	0.104579918382	0.0863921064896	0.0852553682464	0.0784349387866	0.0772982005434	0.0738879858135	0.0647940798672	0.0693410328404	0.0704777710837	0.0659308181105	0.0682042945971	0.0954860124359	0.134135112708	0.16255356879	0.218253742711	0.277364131361	0.32169692285	0.339884734742	0.370576667311	0.437644223665	0.486523968126	3.56594786918	9.02001796046	12.4722920053	14.9935774289	17.0351593139	27.9978629321
PD_Extr_neg_plate2_1_bbduk_adapt_filt	0.0	0.0	0.0	0.0	0.0	0.0	0.0	0.0	0.0	0.0	0.0	0.0	0.0	0.0	0.000379744431997	0.000759488863995	0.000759488863995	0.000759488863995	0.000759488863995	0.000759488863995	0.000759488863995	0.000759488863995	0.000759488863995	0.00303795545598	0.00531642204796	0.00588603869596	0.00645565534395	0.00664552755995	0.00664552755995	0.00645565534395	0.00645565534395	0.00645565534395	0.0159492661439	0.0254428769438	0.0254428769438	0.0315187878558	0.0374048265517	0.0374048265517	0.0413921430877	0.0457592040557	0.0467085651357	0.122467579319	0.204682248847	0.212467009702	0.214555604078	0.597337991532	1.02113277764	1.0646135151	1.07334763704	1.08227163119	3.52080050126	5.95838001025	5.98496212049	6.22458085708	6.59881899482	7.00514553705	7.3106499326	7.21362523022	6.19420130252	3.47124385289	1.5713824596	1.50226897298	1.37087739951	1.09252473086	0.921639736457	0.747147169955	0.586895019652	0.640059240131	0.681071638787	0.763096436099	0.949361079993	1.26189074753	1.75897620901	2.47593369662	3.38466212239	4.19446712363	4.26471984355	3.00871513471	1.41151005373	0.660945183891	0.419427725141	0.279871646382	0.193669660319	0.140505439839	0.104049974367	0.0544933259916	0.0149999050639	0.0117720773919	0.0115822051759	0.0112024607439	0.0110125885279	0.0113923329599	0.0113923329599	0.0117720773919	0.0121518218239	0.00664552755995	0.00132910551199	0.00132910551199	0.000949361079993	0.000189872215999	0.0
PD_Extr_neg_plate2_2_bbduk_adapt_filt	0.000629883566023	0.000629883566023	0.000629883566023	0.00188965069807	0.00220459248108	0.00188965069807	0.00251953426409	0.00251953426409	0.00251953426409	0.00251953426409	0.00220459248108	0.00188965069807	0.00188965069807	0.00188965069807	0.00220459248108	0.00220459248108	0.00220459248108	0.00220459248108	0.00188965069807	0.00188965069807	0.00188965069807	0.00188965069807	0.00220459248108	0.0028344760471	0.00346435961313	0.00346435961313	0.00314941783011	0.00346435961313	0.00346435961313	0.00314941783011	0.00346435961313	0.00377930139614	0.00346435961313	0.00409424317915	0.00472412674517	0.00661377744324	0.00944825349034	0.00944825349034	0.00976319527335	0.0107080206224	0.0107080206224	0.0141723802355	0.0179516816317	0.0182666234147	0.0204712158957	0.0226758083768	0.0242505172919	0.026455109773	0.028344760471	0.028974644037	0.0314941783011	0.0359033632633	0.0519653941969	0.0680274251305	0.113064100101	0.23116726873	0.303918820606	0.303603878823	0.299194693861	0.286911964323	0.27084993339	0.256047669588	0.250063775711	0.211640878184	0.176367398486	0.108969856922	0.0412573735745	0.0418872571405	0.0403125482255	0.0409424317915	0.0428320824896	0.0396826646594	0.0355884214803	0.0343286543482	0.0336987707822	0.0302344111691	0.028974644037	0.0311792365181	0.028659702254	0.027714876905	0.028659702254	0.0305493529521	0.0365332468293	0.0403125482255	0.0399976064424	0.0585791716401	0.111804332969	0.15369159011	0.169753621043	0.188650128024	0.228332792683	0.265495923079	0.30013951921	0.354309505888	0.409109376132	5.22488418016	11.2437365953	13.1040977075	15.0350057792	17.0616561529	32.0730412983
PD_Extr_neg_plate3_1_bbduk_adapt_filt	0.0	0.0	0.0	0.0	0.0	0.0	0.0	0.0	0.0	0.0	0.0	0.0	0.0	0.0	0.0	0.0	0.0	0.0	0.0	0.0	0.0	0.0	0.000916523078051	0.0018330461561	0.00458261539026	0.00549913846831	0.00458261539026	0.00824870770246	0.00824870770246	0.00549913846831	0.00458261539026	0.00458261539026	0.0164974154049	0.0293287384976	0.0284122154196	0.0284122154196	0.0421600615904	0.0504087692928	0.0476592000587	0.054074861605	0.0568244308392	0.0989844924295	0.148476738644	0.159475015581	0.162224584815	0.382190123547	0.650731385416	0.704806247021	0.728635847051	0.739634123987	2.81922498809	4.91806283682	4.94372548301	5.35707739121	7.1782087473	8.82153462624	9.10657330352	8.93518348792	8.17446933314	6.23968911537	4.75675477509	3.38930234263	1.98060637167	1.76980606372	1.65982329435	1.41419510943	0.877112585695	0.590240862265	0.568244308392	0.556329508377	0.595740000733	0.655314000807	0.766213293251	0.849616893353	0.977930124281	1.35095501705	2.35179821828	2.31055467977	0.999010155076	0.323532646552	0.154892400191	0.109066246288	0.0797375077904	0.0641566154636	0.0595740000733	0.0375774462001	0.0164974154049	0.0100817538586	0.00916523078051	0.00733218462441	0.00641566154636	0.00549913846831	0.0036660923122	0.0036660923122	0.00549913846831	0.0036660923122	0.000916523078051	0.0018330461561	0.0036660923122	0.00274956923415	0.0
PD_Extr_neg_plate3_2_bbduk_adapt_filt	0.00297247488259	0.00297247488259	0.00297247488259	0.00297247488259	0.00297247488259	0.00148623744129	0.0	0.0	0.0	0.00148623744129	0.00297247488259	0.00297247488259	0.00297247488259	0.00297247488259	0.00297247488259	0.00148623744129	0.0	0.00148623744129	0.00445871232388	0.00594494976517	0.00594494976517	0.00891742464776	0.0193210867368	0.0208073241781	0.0133761369716	0.0104036620891	0.0104036620891	0.0118898995303	0.0133761369716	0.0148623744129	0.0163486118542	0.0163486118542	0.0118898995303	0.0104036620891	0.0104036620891	0.0178348492955	0.0312109862672	0.035669698591	0.0312109862672	0.0445871232388	0.0535045478866	0.0401284109149	0.0416146483562	0.0564770227692	0.0535045478866	0.0564770227692	0.0624219725343	0.0728256346234	0.0951191962428	0.0966054336841	0.111467808097	0.124843945069	0.153082456453	0.188752155044	0.225908091077	0.316568574996	0.34480708638	0.318054812437	0.306164912906	0.285357588728	0.273467689198	0.274953926639	0.297247488259	0.266036501992	0.216990666429	0.167944830866	0.129302657393	0.135247607158	0.141192556923	0.147137506688	0.144165031805	0.124843945069	0.0951191962428	0.0817430592711	0.075798109506	0.0668806848582	0.0564770227692	0.0460733606801	0.0416146483562	0.0460733606801	0.0490458355627	0.0386421734736	0.025266036502	0.0267522739433	0.0312109862672	0.0326972237085	0.0698531597408	0.108495333214	0.12633018251	0.17240354319	0.197669579692	0.21847690387	0.258605314785	0.28684382617	0.318054812437	3.83152012365	10.393258427	14.9797871708	17.6669044647	19.3448665359	25.5900362642
PD_Extr_pos_plate1_1_bbduk_adapt_filt	0.0	0.0	0.0	0.0	0.0	0.0	0.000291397366933	0.000582794733867	0.000582794733867	0.000582794733867	0.000291397366933	0.0	0.000291397366933	0.000582794733867	0.0026225763024	0.0052451526048	0.00757633154027	0.0116558946773	0.0157354578144	0.0183580341168	0.0212720077861	0.0329279024635	0.0440010024069	0.0576966786528	0.0751805206688	0.0938299521526	0.121804099378	0.157063180777	0.185911520104	0.214468462063	0.252932914498	0.289357585365	0.331901600937	0.382604742784	0.435639063565	0.501494868492	0.597364602213	0.667591367644	0.737818133075	0.834562058897	0.905080221695	1.04582514992	1.21862378852	1.2742806856	1.32148705904	1.88184419566	2.49960661355	2.62869564711	2.64297411809	2.64326551545	3.2007086784	3.75873463607	3.76427118605	3.8624720987	3.99826327169	4.06382767925	4.07781475287	4.01836969001	3.60108866056	2.70882992301	2.11379649973	2.02229772652	1.94303764271	1.69884664922	1.50011364497	1.25417426728	1.03854021575	1.12013147849	1.30108924336	1.62395752592	2.1114653208	2.63219241551	3.13951523134	3.54018661087	3.59292953429	3.04044012658	2.09660405509	1.16180130196	0.554237791907	0.334815574606	0.222627588337	0.165222307051	0.138122351926	0.125009470414	0.115976152039	0.0635246259915	0.0139870736128	0.0119472920443	0.0119472920443	0.0110730999435	0.0107817025765	0.0104903052096	0.0107817025765	0.0116558946773	0.0125300867781	0.00815912627413	0.00320537103627	0.00495375523787	0.00728493417333	0.004370960504	0.000291397366933
PD_Extr_pos_plate1_2_bbduk_adapt_filt	0.00166769507863	0.00208461884829	0.00250154261795	0.00208461884829	0.00166769507863	0.00250154261795	0.00208461884829	0.00125077130897	0.00125077130897	0.000833847539316	0.00125077130897	0.00166769507863	0.00166769507863	0.00166769507863	0.0050030852359	0.00750462785384	0.00625385654487	0.0120907893201	0.0225138835615	0.0258492737188	0.0296015876457	0.0454446908927	0.0662908793756	0.0829678301619	0.106732485032	0.127995597285	0.14634024315	0.189283391425	0.235561929857	0.262661974885	0.308523589547	0.370228307456	0.410669913113	0.454863832697	0.52365625469	0.610376398779	0.712105798576	0.762970498474	0.807998265597	0.899304571152	0.984357020162	1.05148174708	1.12736187316	1.16154962227	1.12694494939	1.14654036656	1.19031736237	1.15779730834	1.12277571169	1.07983256341	1.02688324467	0.956423127595	0.874289144973	0.819255207378	0.794239781198	0.893467638377	0.92640461618	0.846772176175	0.820089054917	0.805913646749	0.769641278789	0.710021179727	0.667494955222	0.595367143072	0.526574721078	0.42609609259	0.326034387873	0.303520504311	0.278088154362	0.253906575722	0.23180961593	0.215966512683	0.189283391425	0.159681803779	0.139669462835	0.143421776762	0.138001767757	0.123826359588	0.120490969431	0.113403265347	0.10965095142	0.104647866184	0.110484798959	0.117155579274	0.115904807965	0.148007938229	0.196788019279	0.235978853626	0.264329669963	0.298100495305	0.337291329653	0.371062154996	0.425262245051	0.486550039191	0.562847089038	3.23074229108	6.56905091473	7.58342644631	8.76623918083	10.8737888364	25.4907192769
PD_Extr_pos_plate2_1_bbduk_adapt_filt	0.0	0.0	0.0	0.0	0.0	0.0	0.0	0.0	0.0	0.0	0.000258538893298	0.000517077786597	0.000517077786597	0.000258538893298	0.000775616679895	0.00180977225309	0.00206831114639	0.00206831114639	0.00232685003969	0.00336100561288	0.00361954450618	0.00310246671958	0.00284392782628	0.00620493343916	0.00982447794534	0.0100830168386	0.0108586335185	0.0118927890917	0.0131854835582	0.0137025613448	0.014736716918	0.0175806447443	0.0307661283025	0.0431759951808	0.0429174562875	0.0486053119401	0.0568785565257	0.0604981010318	0.0638591066447	0.0677371900442	0.0685128067241	0.12539136325	0.182011380882	0.185889464282	0.190026086574	0.580678354348	1.0067504505	1.04242881778	1.05147767904	1.05509722355	1.38033915132	1.70739085134	1.72910811838	1.95662234448	4.21961327752	6.5389656893	6.86472469486	6.90893484561	6.44744292108	5.70233383059	5.36804304155	5.20231961095	4.95024418998	2.90235761617	0.965901305363	0.767601974203	0.582746665495	0.599810232452	0.568009948577	0.561029398458	0.647122849926	0.756226262898	0.989686883546	1.41394920745	2.02978885129	2.88632820478	3.92539601695	4.98488840169	5.03039124691	3.22268730496	1.1652347921	0.335066405715	0.182786997562	0.141162235741	0.121771818744	0.0698055011906	0.0232685003969	0.0149952558113	0.0129269446649	0.0124098668783	0.0124098668783	0.0126684057716	0.0126684057716	0.012151327985	0.0124098668783	0.00698055011906	0.00180977225309	0.00206831114639	0.00155123335979	0.00103415557319	0.000517077786597
PD_Extr_pos_plate2_2_bbduk_adapt_filt	0.00089252244694	0.00089252244694	0.00089252244694	0.00044626122347	0.00044626122347	0.00133878367041	0.00178504489388	0.00178504489388	0.00178504489388	0.00178504489388	0.00223130611735	0.00267756734082	0.00267756734082	0.00178504489388	0.00089252244694	0.00089252244694	0.00178504489388	0.00223130611735	0.00223130611735	0.00267756734082	0.00267756734082	0.00312382856429	0.00312382856429	0.00357008978776	0.0044626122347	0.00624765712858	0.00714017957552	0.00847896324593	0.00937148569287	0.0116027918102	0.0165116652684	0.0160654040449	0.0160654040449	0.0200817550561	0.022759322397	0.0281144570786	0.0361471591011	0.0379322039949	0.0361471591011	0.0388247264419	0.0428410774531	0.0432873386766	0.0464111672409	0.0539976080398	0.0535513468164	0.0499812570286	0.0490887345817	0.0486424733582	0.052212563146	0.0539976080398	0.0539976080398	0.0562289141572	0.0691704896378	0.0843433712358	0.156191428214	0.355670195105	0.487317256029	0.486870994806	0.481962121347	0.474821941772	0.467235500973	0.460987843844	0.462772888738	0.386908480748	0.313275378876	0.189661019975	0.0633690937327	0.0602452651684	0.0504275182521	0.0499812570286	0.0499812570286	0.0486424733582	0.0468574284643	0.0459649060174	0.0477499509113	0.0410560325592	0.0352546366541	0.0388247264419	0.0428410774531	0.0481962121347	0.0486424733582	0.0459649060174	0.0504275182521	0.051320040699	0.0531050855929	0.0772031916603	0.112457828314	0.134770889488	0.16467039146	0.195016154656	0.241427321897	0.298548758501	0.325324431909	0.375751950162	0.453847664269	2.74673783046	8.7560914657	12.982185252	14.8265828886	17.0293282876	34.5191981578
PD_Extr_pos_plate3_1_bbduk_adapt_filt	0.000149970368355	0.000174965429747	0.000299940736709	0.000441579417933	0.000566554724896	0.000599881473419	0.000674866657596	0.00071652509325	0.000783178590297	0.000883158835867	0.000966475707175	0.00113310944979	0.00134973331519	0.00188296129156	0.00301607074136	0.00450744273777	0.00725689949094	0.0119976294684	0.0187046376087	0.0288776275954	0.0442829171003	0.0663368929356	0.0951478670339	0.130107626235	0.176415143308	0.234278710431	0.302615208278	0.387515100141	0.491219609859	0.611037602487	0.741153560409	0.874518876312	1.01170843661	1.15350541989	1.30158449526	1.45416268169	1.59341016871	1.71223669057	1.81949883069	1.93390955837	2.03254840231	2.1079168441	2.1805524925	2.25277155655	2.33387219908	2.43190282987	2.53933993542	2.6664398226	2.81247763463	2.97302091395	3.14743645235	3.29969803466	3.41799966023	3.49423459748	3.51717173215	3.47313876567	3.36172744535	3.18822839254	2.95889870426	2.713697152	2.49138274429	2.2823907043	2.10172640056	1.98556601858	1.89977463619	1.83568729878	1.78922147966	1.73488221619	1.66367961797	1.57388069407	1.45500418209	1.30717505733	1.13825010075	0.950928778989	0.770256143557	0.600323052837	0.443828973459	0.312354950534	0.208808742873	0.133531949646	0.0824253807852	0.0488986717708	0.0289276177182	0.0159385174813	0.00857330605761	0.00496568552997	0.00289109543439	0.00180797610739	0.00102479751709	0.000566554724896	0.000391589295148	0.000341599172364	0.000341599172364	0.000249950613925	0.00019996049114	0.000158302055486	0.000166633742616	0.000233287239663	0.000291609049579	0.00019996049114	4.99901227849e-05
PD_Extr_pos_plate3_2_bbduk_adapt_filt	0.000133591844685	0.000225436237907	0.000342329102006	0.000400775534056	0.000576114830206	0.000701357184599	0.000684658204013	0.000584464320499	0.000534367378742	0.000667959223427	0.000893395461334	0.00118562762158	0.00137766589832	0.0017533929615	0.00295571956367	0.00471746201546	0.00738094941887	0.0119564700993	0.0189783914356	0.0292482644958	0.0439517169015	0.0659108763717	0.0934892428089	0.128122928544	0.173143380203	0.231289230602	0.302109607266	0.383550535582	0.485372569703	0.602223686352	0.725520609506	0.860940992566	1.00273203672	1.14133357558	1.2821226809	1.43407505474	1.57820395617	1.69656633056	1.81117978381	1.91884646114	2.00909610171	2.08831606561	2.15879411318	2.23393952581	2.31668297461	2.41795394237	2.54012368434	2.66884777618	2.80668951143	2.96390206415	3.12136510159	3.26728079394	3.39740760016	3.47629358444	3.49174014149	3.44114223031	3.32548509077	3.15222481771	2.94277785371	2.71367618957	2.49314110246	2.28974751893	2.11536006467	1.99060198072	1.89629448786	1.83524301484	1.79119945354	1.7385058203	1.66670855328	1.56815116986	1.45318703802	1.31088667496	1.13184855461	0.946439773164	0.767635438543	0.595076522661	0.439558916467	0.310717931758	0.210006379846	0.138142316895	0.08867158691	0.055256926758	0.0353433924096	0.0234119707811	0.0162731565807	0.012232003279	0.00996929140965	0.00872521735602	0.00718056165184	0.00682153356925	0.00738094941887	0.00714716369067	0.00702192133628	0.00794036526849	0.0090925949289	0.0182519857802	0.0349342673852	0.0477256865139	0.059732253555	0.0876779975651	0.181033648529
PD_Lib_neg_plate1_1_bbduk_adapt_filt	0.0	0.0	0.0	0.0	0.0	0.0	0.0	0.0	0.0	0.000542046550958	0.00108409310192	0.00108409310192	0.00108409310192	0.00162613965287	0.00216818620383	0.00271023275479	0.00325227930575	0.00325227930575	0.0037943258567	0.00542046550958	0.00650455861149	0.00542046550958	0.00650455861149	0.0119250241211	0.0173454896306	0.0200557223854	0.0265602809969	0.0319807465065	0.0314386999556	0.0325227930575	0.0319807465065	0.0330648396084	0.0504103292391	0.0650455861149	0.0710080981755	0.0888956343571	0.11328772915	0.131717311883	0.143100289453	0.15827759288	0.168576477348	0.245005041033	0.331732489186	0.343657513307	0.356124583979	0.868900621185	1.46786205999	1.5860282081	1.62288737357	1.64673742181	2.60995414286	3.55582537428	3.58238565528	4.12389015969	4.91094175168	5.47250197847	5.82862656245	5.86494368136	5.08548074109	4.03445247878	3.64797328795	3.53414351224	3.34063289355	2.84086597357	2.46739589996	2.16168164522	1.34427544638	0.821200524701	0.815238012641	0.858601736717	0.918226857323	0.99628156066	1.17949329488	1.39848010147	1.66733519075	1.94703121104	2.79641815639	4.76784146222	4.40196004033	1.71666142688	0.494888501024	0.284032392702	0.209772015221	0.173454896306	0.144726429106	0.0829331222965	0.0265602809969	0.0200557223854	0.0189716292835	0.0168034430797	0.0146352568759	0.0140932103249	0.0135511637739	0.0135511637739	0.0157193499778	0.00975683791724	0.0037943258567	0.00596251206054	0.00433637240766	0.00108409310192	0.0
PD_Lib_neg_plate1_2_bbduk_adapt_filt	0.00176121453354	0.000880607266771	0.0	0.0	0.0	0.0	0.0	0.0	0.0	0.0	0.0	0.0	0.000880607266771	0.00528364360063	0.0061642508674	0.00704485813417	0.011447894468	0.0123285017348	0.0123285017348	0.0105672872013	0.0105672872013	0.011447894468	0.0132091090016	0.0167315380687	0.0202539671357	0.0202539671357	0.0140897162683	0.0132091090016	0.0202539671357	0.0299406470702	0.0413885415382	0.050194614206	0.0466721851389	0.0581200796069	0.0678067595414	0.0739710104088	0.0854189048768	0.0801352612762	0.0862995121436	0.104792264746	0.127688053682	0.154106271685	0.160270522552	0.162912344353	0.161151129819	0.154106271685	0.167315380687	0.183166311488	0.194614205956	0.195494813223	0.219271209426	0.240405783829	0.282674932634	0.364571408443	0.466721851389	0.67366455908	0.789904718294	0.781979252893	0.777576216559	0.763486500291	0.764367107557	0.738829496821	0.697440955283	0.611141443139	0.539812254531	0.396273270047	0.257137321897	0.245689427429	0.225435460293	0.206062100424	0.182285704222	0.156748093485	0.140016555417	0.132091090016	0.132971697282	0.133852304549	0.120643195548	0.107434086546	0.0915831557442	0.0783740467426	0.0774934394759	0.0783740467426	0.0774934394759	0.0757322249423	0.0774934394759	0.0977474066116	0.135613519083	0.162912344353	0.189330562356	0.208703922225	0.229838496627	0.258898536431	0.296764648902	0.336391975907	0.379541731978	3.87643318833	8.4353370084	11.0436957326	14.2904947252	16.66020888	29.0987865232
PD_Lib_neg_plate2_1_bbduk_adapt_filt	0.0	0.0	0.0	0.0	0.0	0.0	0.0	0.0	0.0	0.0	0.0	0.0	0.0	0.0	0.0	0.0	0.0	0.0	0.0	0.0	0.0	0.0	0.0	0.00404891084298	0.00809782168597	0.00944745863363	0.00944745863363	0.00809782168597	0.00944745863363	0.0121467325289	0.0161956433719	0.0202445542149	0.0215941911626	0.0269927389532	0.0350905606392	0.0418387453775	0.0391394714822	0.0377898345345	0.0472372931681	0.0526358409588	0.0580343887494	0.121467325289	0.191648446568	0.202445542149	0.203795179097	0.450778740519	0.728803951737	0.766593786271	0.767943423219	0.77334197101	1.06216427781	1.34153912598	1.35908440629	1.71673819742	4.63465327827	7.44729667719	7.72667152536	7.75366426431	7.2691446001	6.90609226118	6.96952519772	6.81971549653	6.59837503712	4.01651955624	1.53453720949	1.40902097336	0.947445137258	0.597889167814	0.543903689907	0.498016033687	0.566847518018	0.642427187087	0.71530758226	0.820579264178	1.00278025211	1.36043404324	3.17029719006	4.91267848949	3.19324101817	0.840823818393	0.283423759009	0.182200987934	0.137662968661	0.113369503604	0.0931249493886	0.0499365670635	0.0175452803196	0.00944745863363	0.00809782168597	0.00809782168597	0.00809782168597	0.00809782168597	0.00809782168597	0.00809782168597	0.00944745863363	0.00809782168597	0.00269927389532	0.0	0.00134963694766	0.00134963694766	0.0
PD_Lib_neg_plate2_2_bbduk_adapt_filt	0.00950796291894	0.00950796291894	0.0118849536487	0.00713097218921	0.0	0.0	0.0	0.0	0.0	0.00237699072974	0.00475398145947	0.00475398145947	0.00475398145947	0.00475398145947	0.00475398145947	0.00713097218921	0.00713097218921	0.00475398145947	0.00713097218921	0.00713097218921	0.00475398145947	0.00713097218921	0.00950796291894	0.0118849536487	0.0142619443784	0.0142619443784	0.00950796291894	0.00950796291894	0.0237699072974	0.0166389351082	0.00713097218921	0.0213929165676	0.0261468980271	0.0190159258379	0.0237699072974	0.0404088424055	0.0427858331353	0.0404088424055	0.0427858331353	0.045162823865	0.045162823865	0.0475398145947	0.0570477775137	0.0665557404326	0.080817684811	0.0998336106489	0.102210601379	0.0998336106489	0.0927026384597	0.0855716662705	0.116472545757	0.116472545757	0.111718564298	0.149750415973	0.211552174947	0.304254813406	0.347040646541	0.368433563109	0.392203470406	0.377941526028	0.35892560019	0.351794628001	0.347040646541	0.301877822676	0.256714998812	0.175897314	0.0950796291894	0.080817684811	0.080817684811	0.0760637033516	0.0618017589731	0.0713097218921	0.0760637033516	0.0689327311623	0.0641787497029	0.0689327311623	0.0594247682434	0.0522937960542	0.0475398145947	0.0380318516758	0.045162823865	0.035654860946	0.0213929165676	0.0237699072974	0.0332778702163	0.0499168053245	0.0665557404326	0.0879486570002	0.154504397433	0.216306156406	0.240076063703	0.27335393392	0.309008794866	0.325647729974	0.377941526028	2.12740670311	8.59995246019	14.423579748	16.9598288567	19.1228904207	29.9714761112
PD_Lib_pos_plate1_1_bbduk_adapt_filt	0.000154565528994	0.000220807898564	0.000474736981912	0.000872191199326	0.00111507988775	0.00103779712325	0.0010598779131	0.00128068581167	0.00132484739138	0.00122548383703	0.00135796857617	0.00179958437329	0.00255033122841	0.00334523966324	0.00547603588437	0.00940641647881	0.01536822974	0.0243551112116	0.037504221571	0.0601811927535	0.0948259520381	0.139418107153	0.192710093471	0.263004287979	0.348688793017	0.454643463142	0.587459414128	0.737686067916	0.915624112973	1.11860177373	1.34704962558	1.57830173775	1.79448371084	2.0146402261	2.2286251606	2.43682492815	2.61777700102	2.76027537836	2.86107418406	2.9319424791	2.96649891523	2.94045462359	2.90680349985	2.86885766248	2.82424342658	2.78295234955	2.74376998794	2.72349982286	2.72851216215	2.75161970874	2.7747714169	2.80970322646	2.83653138613	2.8270145657	2.78097611885	2.70002794324	2.57997468879	2.41534031962	2.23088844156	2.03262502944	1.84064360203	1.67208989266	1.52823354675	1.41135992604	1.3224185045	1.25521562057	1.19911937394	1.15216457431	1.09377192553	1.01748279658	0.929270041104	0.830833879925	0.713794653291	0.591798289335	0.476735293394	0.365724122391	0.271869725106	0.191550852004	0.123961554254	0.0782543192509	0.0477165868796	0.0279211587734	0.0162072997546	0.00915248739546	0.00504546048218	0.00256137162334	0.00140213015588	0.000894271989182	0.000618262115978	0.000375373427558	0.000309131057989	0.000287050268133	0.000220807898564	0.000231848293492	0.000253929083348	0.000231848293492	0.000209767503635	0.000253929083348	0.000474736981912	0.000419535007271	8.83231594254e-05
PD_Lib_pos_plate1_2_bbduk_adapt_filt	0.000154774511778	0.000198995800857	0.000420102246254	0.00065226401392	0.000862315137047	0.00102814497109	0.00113869819379	0.00113869819379	0.00110553222698	0.00111658754925	0.00135980463919	0.00203417929765	0.00259800073341	0.00341609458138	0.00563821435761	0.0090874749058	0.0148583531307	0.0239237173919	0.0375217637838	0.0598314041243	0.0919471153182	0.134698046536	0.186812835716	0.254747791064	0.340912972835	0.445330491673	0.571924986985	0.720187913946	0.893524311814	1.0909944782	1.30646270924	1.53215711338	1.76463948539	1.98448562405	2.19463624507	2.39489235267	2.57501671841	2.71960927838	2.8247122272	2.89859494593	2.92960512489	2.92379002538	2.89955675896	2.85997870524	2.81401067524	2.77223261238	2.74730286066	2.73285355446	2.72323542408	2.74373199157	2.77438840023	2.81072724453	2.84146104044	2.835236894	2.79236435424	2.70426449107	2.57528204615	2.41670450351	2.23518716716	2.04290194692	1.86271124924	1.69227134581	1.54186368633	1.43479289015	1.3418397405	1.26869772836	1.21294573816	1.15522590059	1.09190101462	1.01768663623	0.931665173645	0.827568259153	0.709983851491	0.593106984454	0.481636170007	0.369667866059	0.268931769536	0.191467126391	0.130132198438	0.0850043729327	0.056459530832	0.0381408618309	0.0265991053812	0.0183518349679	0.0136312123587	0.0111548201703	0.00937491328482	0.0087226492709	0.00824727041329	0.00820304912421	0.00788244477839	0.00794877671201	0.0083909896028	0.00821410444648	0.00881109184905	0.0136643783255	0.0206181760332	0.0265106628031	0.0347579332163	0.0540715812217	0.131956326613
PD_Lib_pos_plate2_1_bbduk_adapt_filt	0.000398485520618	0.00072665006701	0.00116029607474	0.00152362110825	0.00172286386856	0.00167598321907	0.00179318484278	0.0017463041933	0.00161738240722	0.00161738240722	0.00164082273196	0.00199242760309	0.00256671555928	0.00355120919845	0.00573115939948	0.00963397346907	0.0167246717036	0.0262531637113	0.0388406180979	0.0606283999459	0.0949450353685	0.138192434518	0.193335798474	0.26419590017	0.350479735546	0.459500685923	0.589489006781	0.740069652925	0.917266787814	1.12273295434	1.35244813682	1.58315953309	1.81211290501	2.03546403932	2.24709501125	2.45283074152	2.63552463256	2.77522896802	2.86393887701	2.92926706207	2.9559187113	2.93571315137	2.91161649753	2.8633177084	2.79689954825	2.75608994287	2.72323832774	2.69747741085	2.70265772262	2.73022354452	2.77178324029	2.80770553795	2.82690316392	2.82573114768	2.77781912391	2.68297957	2.57317336874	2.42760895209	2.22967884997	2.03010792512	1.8509886836	1.67227964776	1.52081998944	1.412877294	1.32238592033	1.25709289576	1.20322702951	1.15157627394	1.09411231783	1.02203331925	0.935644002412	0.83351450751	0.719067121956	0.596005417059	0.479717966013	0.37308792876	0.278986745082	0.195363386564	0.125593259969	0.0777281168453	0.0475252584149	0.0273314186495	0.0153651328686	0.00894248388917	0.00475838592268	0.00251983490979	0.00124233721134	0.000761810554123	0.000539127469072	0.00041020568299	0.000328164546392	0.000269563734536	0.000257843572165	0.000269563734536	0.000222683085051	0.000164082273196	0.000152362110825	0.000328164546392	0.00051568714433	0.000398485520618	0.000128921786082
PD_Lib_pos_plate2_2_bbduk_adapt_filt	0.000446445774696	0.000704914381099	0.000986880133539	0.00126884588598	0.00150381734635	0.00182102881784	0.00191501740199	0.00169179451464	0.00156256021144	0.00155081163842	0.00177403452577	0.00219698315443	0.00258468606403	0.00353632047851	0.0057098064869	0.00973956703219	0.0150851677555	0.0231916831382	0.0370667478728	0.0597062480791	0.0937183669671	0.137023607113	0.190785077245	0.257704949157	0.34272937209	0.448807237873	0.578511483995	0.735719139553	0.910420420336	1.11127402466	1.32993846567	1.56071568547	1.79121093952	2.00561064853	2.20991833332	2.41199378923	2.59551824835	2.73045060947	2.83219325181	2.89253392283	2.91916793786	2.9194146579	2.8830998187	2.83756234968	2.78682026281	2.73778171903	2.70743515493	2.69380681022	2.69462921034	2.71797362492	2.75158629233	2.78501098257	2.81172723761	2.80696906554	2.76247721952	2.67666564219	2.55671271167	2.40392251957	2.22300624366	2.03063510906	1.84063718621	1.66772168852	1.52885355545	1.42121312945	1.3294920199	1.25781397591	1.20708363762	1.15721094516	1.09314597649	1.01768489199	0.929852560108	0.832985575572	0.718566222947	0.594360308997	0.478166921846	0.369316392831	0.272167442542	0.19306430041	0.134838372531	0.0921675553287	0.0625728998956	0.0434109773027	0.0330722330466	0.0256941291911	0.021147431433	0.0188682082674	0.0170589280226	0.0164010079336	0.0155316135302	0.014756207711	0.014767956284	0.0148384477221	0.0152026534857	0.0164714993717	0.017340893775	0.0230507002619	0.0329429987434	0.0414607141817	0.055793973264	0.0841080342382	0.231940328528
