	12	17	22	27	32	37	42	47	52	57	62	67	72	77	82	87	92	97	102	107	112	117	122	127	132	137	142	147	151
PD_100P_1_bbduk_adapt_filt	125.0	74.0	146.0	650.0	1681.0	3488.0	6189.0	9699.0	14198.0	18933.0	23146.0	27627.0	31998.0	36363.0	40839.0	44389.0	47518.0	51780.0	56255.0	58678.0	62580.0	65312.0	68833.0	57701.0	62151.0	76543.0	76608.0	74654.0	2374406.0
	12	17	22	27	32	37	42	47	52	57	62	67	72	77	82	87	92	97	102	107	112	117	122	127	132	137	142	147	151
PD_100P_2_bbduk_adapt_filt	125.0	74.0	146.0	650.0	1681.0	3488.0	6189.0	9699.0	14198.0	18933.0	23146.0	27627.0	31998.0	36363.0	40839.0	44389.0	47518.0	51780.0	56255.0	58678.0	62580.0	65312.0	68833.0	57701.0	62151.0	76543.0	76608.0	74654.0	2374406.0
	12	17	22	27	32	37	42	47	52	57	62	67	72	77	82	87	92	97	102	107	112	117	122	127	132	137	142	147	151
PD_104P_1_bbduk_adapt_filt	833.0	250.0	557.0	2284.0	6260.0	13659.0	25671.0	40538.0	58421.0	77507.0	95279.0	110416.0	124489.0	135942.0	146109.0	152135.0	154690.0	157628.0	160498.0	159898.0	158410.0	155797.0	154770.0	122538.0	124485.0	146693.0	139396.0	131830.0	2369908.0
	12	17	22	27	32	37	42	47	52	57	62	67	72	77	82	87	92	97	102	107	112	117	122	127	132	137	142	147	151
PD_104P_2_bbduk_adapt_filt	833.0	250.0	557.0	2284.0	6260.0	13659.0	25671.0	40538.0	58421.0	77507.0	95279.0	110416.0	124489.0	135942.0	146109.0	152135.0	154690.0	157628.0	160498.0	159898.0	158410.0	155797.0	154770.0	122538.0	124485.0	146693.0	139396.0	131830.0	2369908.0
	12	17	22	27	32	37	42	47	52	57	62	67	72	77	82	87	92	97	102	107	112	117	122	127	132	137	142	147	151
PD_105P_1_bbduk_adapt_filt	696.0	434.0	998.0	3801.0	9126.0	17112.0	28983.0	41483.0	55749.0	67857.0	78252.0	84929.0	90439.0	95503.0	100929.0	101169.0	99240.0	102517.0	103829.0	101584.0	102592.0	100469.0	101493.0	80006.0	83686.0	97907.0	92933.0	86643.0	1580990.0
	12	17	22	27	32	37	42	47	52	57	62	67	72	77	82	87	92	97	102	107	112	117	122	127	132	137	142	147	151
PD_105P_2_bbduk_adapt_filt	696.0	434.0	998.0	3801.0	9126.0	17112.0	28983.0	41483.0	55749.0	67857.0	78252.0	84929.0	90439.0	95503.0	100929.0	101169.0	99240.0	102517.0	103829.0	101584.0	102592.0	100469.0	101493.0	80006.0	83686.0	97907.0	92933.0	86643.0	1580990.0
	12	17	22	27	32	37	42	47	52	57	62	67	72	77	82	87	92	97	102	107	112	117	122	127	132	137	142	147	151
PD_107P_1_bbduk_adapt_filt	19864.0	367.0	391.0	350.0	863.0	35.0	27.0	32.0	43.0	20.0	16.0	34.0	26.0	24.0	32.0	27.0	30.0	31.0	42.0	33.0	27.0	28.0	28.0	18.0	25.0	25.0	24.0	23.0	47164.0
	12	17	22	27	32	37	42	47	52	57	62	67	72	77	82	87	92	97	102	107	112	117	122	127	132	137	142	147	151
PD_107P_2_bbduk_adapt_filt	19864.0	367.0	391.0	350.0	863.0	35.0	27.0	32.0	43.0	20.0	16.0	34.0	26.0	24.0	32.0	27.0	30.0	31.0	42.0	33.0	27.0	28.0	28.0	18.0	25.0	25.0	24.0	23.0	47164.0
	12	17	22	27	32	37	42	47	52	57	62	67	72	77	82	87	92	97	102	107	112	117	122	127	132	137	142	147	151
PD_108S_1_bbduk_adapt_filt	711.0	481.0	865.0	3244.0	8191.0	16249.0	27797.0	41320.0	58013.0	74813.0	90436.0	102967.0	114070.0	122150.0	130822.0	135623.0	138963.0	142776.0	145437.0	146120.0	147275.0	147526.0	148616.0	119970.0	124297.0	149043.0	145511.0	138362.0	3114995.0
	12	17	22	27	32	37	42	47	52	57	62	67	72	77	82	87	92	97	102	107	112	117	122	127	132	137	142	147	151
PD_108S_2_bbduk_adapt_filt	711.0	481.0	865.0	3244.0	8191.0	16249.0	27797.0	41320.0	58013.0	74813.0	90436.0	102967.0	114070.0	122150.0	130822.0	135623.0	138963.0	142776.0	145437.0	146120.0	147275.0	147526.0	148616.0	119970.0	124297.0	149043.0	145511.0	138362.0	3114995.0
	12	17	22	27	32	37	42	47	52	57	62	67	72	77	82	87	92	97	102	107	112	117	122	127	132	137	142	147	151
PD_109S_1_bbduk_adapt_filt	630.0	328.0	788.0	3258.0	8178.0	16071.0	27491.0	41190.0	57347.0	75363.0	91714.0	106545.0	118444.0	127393.0	135204.0	138327.0	138424.0	139496.0	139568.0	136644.0	135900.0	132920.0	131368.0	104475.0	106260.0	124878.0	120767.0	114103.0	2847257.0
	12	17	22	27	32	37	42	47	52	57	62	67	72	77	82	87	92	97	102	107	112	117	122	127	132	137	142	147	151
PD_109S_2_bbduk_adapt_filt	630.0	328.0	788.0	3258.0	8178.0	16071.0	27491.0	41190.0	57347.0	75363.0	91714.0	106545.0	118444.0	127393.0	135204.0	138327.0	138424.0	139496.0	139568.0	136644.0	135900.0	132920.0	131368.0	104475.0	106260.0	124878.0	120767.0	114103.0	2847257.0
	12	17	22	27	32	37	42	47	52	57	62	67	72	77	82	87	92	97	102	107	112	117	122	127	132	137	142	147	151
PD_10P_1_bbduk_adapt_filt	7220.0	789.0	1528.0	4985.0	12616.0	21635.0	34069.0	46125.0	57478.0	67389.0	73632.0	77008.0	81171.0	82144.0	83974.0	83624.0	82832.0	81859.0	81233.0	79041.0	77536.0	74854.0	73147.0	57069.0	57676.0	66630.0	63614.0	59875.0	1389825.0
	12	17	22	27	32	37	42	47	52	57	62	67	72	77	82	87	92	97	102	107	112	117	122	127	132	137	142	147	151
PD_10P_2_bbduk_adapt_filt	7220.0	789.0	1528.0	4985.0	12616.0	21635.0	34069.0	46125.0	57478.0	67389.0	73632.0	77008.0	81171.0	82144.0	83974.0	83624.0	82832.0	81859.0	81233.0	79041.0	77536.0	74854.0	73147.0	57069.0	57676.0	66630.0	63614.0	59875.0	1389825.0
	12	17	22	27	32	37	42	47	52	57	62	67	72	77	82	87	92	97	102	107	112	117	122	127	132	137	142	147	151
PD_110S_1_bbduk_adapt_filt	2414.0	595.0	951.0	2923.0	8491.0	17015.0	29586.0	43928.0	59444.0	73761.0	86389.0	96221.0	104006.0	110477.0	116671.0	119981.0	122090.0	123728.0	124960.0	123516.0	121996.0	119121.0	117131.0	91230.0	93078.0	109716.0	104184.0	98730.0	2142602.0
	12	17	22	27	32	37	42	47	52	57	62	67	72	77	82	87	92	97	102	107	112	117	122	127	132	137	142	147	151
PD_110S_2_bbduk_adapt_filt	2414.0	595.0	951.0	2923.0	8491.0	17015.0	29586.0	43928.0	59444.0	73761.0	86389.0	96221.0	104006.0	110477.0	116671.0	119981.0	122090.0	123728.0	124960.0	123516.0	121996.0	119121.0	117131.0	91230.0	93078.0	109716.0	104184.0	98730.0	2142602.0
	12	17	22	27	32	37	42	47	52	57	62	67	72	77	82	87	92	97	102	107	112	117	122	127	132	137	142	147	151
PD_111P_1_bbduk_adapt_filt	1583.0	474.0	561.0	1733.0	4808.0	9565.0	17484.0	26803.0	38627.0	51179.0	63281.0	74356.0	84620.0	92521.0	101410.0	107781.0	112524.0	115870.0	119536.0	121286.0	121035.0	119765.0	121296.0	95516.0	99271.0	118527.0	115410.0	108612.0	2313501.0
	12	17	22	27	32	37	42	47	52	57	62	67	72	77	82	87	92	97	102	107	112	117	122	127	132	137	142	147	151
PD_111P_2_bbduk_adapt_filt	1583.0	474.0	561.0	1733.0	4808.0	9565.0	17484.0	26803.0	38627.0	51179.0	63281.0	74356.0	84620.0	92521.0	101410.0	107781.0	112524.0	115870.0	119536.0	121286.0	121035.0	119765.0	121296.0	95516.0	99271.0	118527.0	115410.0	108612.0	2313501.0
	12	17	22	27	32	37	42	47	52	57	62	67	72	77	82	87	92	97	102	107	112	117	122	127	132	137	142	147	151
PD_112S_1_bbduk_adapt_filt	21504.0	1520.0	820.0	694.0	1627.0	190.0	242.0	279.0	291.0	300.0	352.0	344.0	367.0	420.0	461.0	451.0	420.0	420.0	511.0	482.0	482.0	406.0	420.0	367.0	409.0	430.0	373.0	341.0	35188.0
	12	17	22	27	32	37	42	47	52	57	62	67	72	77	82	87	92	97	102	107	112	117	122	127	132	137	142	147	151
PD_112S_2_bbduk_adapt_filt	21504.0	1520.0	820.0	694.0	1627.0	190.0	242.0	279.0	291.0	300.0	352.0	344.0	367.0	420.0	461.0	451.0	420.0	420.0	511.0	482.0	482.0	406.0	420.0	367.0	409.0	430.0	373.0	341.0	35188.0
	12	17	22	27	32	37	42	47	52	57	62	67	72	77	82	87	92	97	102	107	112	117	122	127	132	137	142	147	151
PD_113P_1_bbduk_adapt_filt	607.0	372.0	728.0	2582.0	6259.0	11588.0	19941.0	29103.0	40958.0	52192.0	63095.0	72943.0	80728.0	88150.0	94881.0	100212.0	104148.0	107658.0	112971.0	114510.0	117344.0	120120.0	123447.0	100423.0	105452.0	127993.0	127011.0	122002.0	3304248.0
	12	17	22	27	32	37	42	47	52	57	62	67	72	77	82	87	92	97	102	107	112	117	122	127	132	137	142	147	151
PD_113P_2_bbduk_adapt_filt	607.0	372.0	728.0	2582.0	6259.0	11588.0	19941.0	29103.0	40958.0	52192.0	63095.0	72943.0	80728.0	88150.0	94881.0	100212.0	104148.0	107658.0	112971.0	114510.0	117344.0	120120.0	123447.0	100423.0	105452.0	127993.0	127011.0	122002.0	3304248.0
	12	17	22	27	32	37	42	47	52	57	62	67	72	77	82	87	92	97	102	107	112	117	122	127	132	137	142	147	151
PD_114P_1_bbduk_adapt_filt	1648.0	607.0	1216.0	4703.0	12539.0	24208.0	40435.0	56566.0	73741.0	88606.0	99433.0	107126.0	113193.0	117968.0	122801.0	123525.0	123312.0	122648.0	121575.0	117338.0	114349.0	111650.0	108022.0	83670.0	84192.0	97542.0	91973.0	85554.0	1568046.0
	12	17	22	27	32	37	42	47	52	57	62	67	72	77	82	87	92	97	102	107	112	117	122	127	132	137	142	147	151
PD_114P_2_bbduk_adapt_filt	1648.0	607.0	1216.0	4703.0	12539.0	24208.0	40435.0	56566.0	73741.0	88606.0	99433.0	107126.0	113193.0	117968.0	122801.0	123525.0	123312.0	122648.0	121575.0	117338.0	114349.0	111650.0	108022.0	83670.0	84192.0	97542.0	91973.0	85554.0	1568046.0
	12	17	22	27	32	37	42	47	52	57	62	67	72	77	82	87	92	97	102	107	112	117	122	127	132	137	142	147	151
PD_115S_1_bbduk_adapt_filt	611.0	136.0	300.0	907.0	2545.0	5585.0	9960.0	15269.0	21992.0	29588.0	36386.0	41982.0	47765.0	54208.0	60181.0	64375.0	68806.0	73247.0	77204.0	80170.0	85382.0	89477.0	92079.0	76312.0	82027.0	101028.0	102087.0	99405.0	2527094.0
	12	17	22	27	32	37	42	47	52	57	62	67	72	77	82	87	92	97	102	107	112	117	122	127	132	137	142	147	151
PD_115S_2_bbduk_adapt_filt	611.0	136.0	300.0	907.0	2545.0	5585.0	9960.0	15269.0	21992.0	29588.0	36386.0	41982.0	47765.0	54208.0	60181.0	64375.0	68806.0	73247.0	77204.0	80170.0	85382.0	89477.0	92079.0	76312.0	82027.0	101028.0	102087.0	99405.0	2527094.0
	12	17	22	27	32	37	42	47	52	57	62	67	72	77	82	87	92	97	102	107	112	117	122	127	132	137	142	147	151
PD_116P_1_bbduk_adapt_filt	883.0	635.0	1180.0	3910.0	9853.0	19316.0	32877.0	48145.0	65892.0	85413.0	102304.0	117653.0	130164.0	139946.0	149318.0	154703.0	158566.0	160981.0	164705.0	165138.0	166617.0	165593.0	166659.0	133100.0	135557.0	162113.0	157179.0	151878.0	3211884.0
	12	17	22	27	32	37	42	47	52	57	62	67	72	77	82	87	92	97	102	107	112	117	122	127	132	137	142	147	151
PD_116P_2_bbduk_adapt_filt	883.0	635.0	1180.0	3910.0	9853.0	19316.0	32877.0	48145.0	65892.0	85413.0	102304.0	117653.0	130164.0	139946.0	149318.0	154703.0	158566.0	160981.0	164705.0	165138.0	166617.0	165593.0	166659.0	133100.0	135557.0	162113.0	157179.0	151878.0	3211884.0
	12	17	22	27	32	37	42	47	52	57	62	67	72	77	82	87	92	97	102	107	112	117	122	127	132	137	142	147	151
PD_117_1_bbduk_adapt_filt	400.0	277.0	466.0	1805.0	4580.0	9117.0	16548.0	24840.0	36464.0	47786.0	58249.0	67356.0	75312.0	82669.0	90218.0	94166.0	98169.0	102753.0	106737.0	107948.0	108814.0	108981.0	110561.0	89864.0	95044.0	113330.0	111797.0	108708.0	2530795.0
	12	17	22	27	32	37	42	47	52	57	62	67	72	77	82	87	92	97	102	107	112	117	122	127	132	137	142	147	151
PD_117_2_bbduk_adapt_filt	400.0	277.0	466.0	1805.0	4580.0	9117.0	16548.0	24840.0	36464.0	47786.0	58249.0	67356.0	75312.0	82669.0	90218.0	94166.0	98169.0	102753.0	106737.0	107948.0	108814.0	108981.0	110561.0	89864.0	95044.0	113330.0	111797.0	108708.0	2530795.0
	12	17	22	27	32	37	42	47	52	57	62	67	72	77	82	87	92	97	102	107	112	117	122	127	132	137	142	147	151
PD_118_1_bbduk_adapt_filt	919.0	472.0	828.0	3100.0	7734.0	14563.0	24680.0	35576.0	47951.0	60166.0	70040.0	76409.0	80993.0	85925.0	90995.0	91069.0	89480.0	90207.0	90518.0	87385.0	86939.0	88869.0	89552.0	72832.0	77750.0	91817.0	89985.0	83783.0	2787672.0
	12	17	22	27	32	37	42	47	52	57	62	67	72	77	82	87	92	97	102	107	112	117	122	127	132	137	142	147	151
PD_118_2_bbduk_adapt_filt	919.0	472.0	828.0	3100.0	7734.0	14563.0	24680.0	35576.0	47951.0	60166.0	70040.0	76409.0	80993.0	85925.0	90995.0	91069.0	89480.0	90207.0	90518.0	87385.0	86939.0	88869.0	89552.0	72832.0	77750.0	91817.0	89985.0	83783.0	2787672.0
	12	17	22	27	32	37	42	47	52	57	62	67	72	77	82	87	92	97	102	107	112	117	122	127	132	137	142	147	151
PD_119P_1_bbduk_adapt_filt	1038.0	488.0	913.0	3238.0	8430.0	16532.0	29195.0	43861.0	61152.0	76949.0	91485.0	103827.0	113484.0	119899.0	126197.0	129543.0	131537.0	131404.0	133210.0	130833.0	129668.0	125357.0	124578.0	96321.0	97779.0	113538.0	107905.0	100744.0	2064367.0
	12	17	22	27	32	37	42	47	52	57	62	67	72	77	82	87	92	97	102	107	112	117	122	127	132	137	142	147	151
PD_119P_2_bbduk_adapt_filt	1038.0	488.0	913.0	3238.0	8430.0	16532.0	29195.0	43861.0	61152.0	76949.0	91485.0	103827.0	113484.0	119899.0	126197.0	129543.0	131537.0	131404.0	133210.0	130833.0	129668.0	125357.0	124578.0	96321.0	97779.0	113538.0	107905.0	100744.0	2064367.0
	12	17	22	27	32	37	42	47	52	57	62	67	72	77	82	87	92	97	102	107	112	117	122	127	132	137	142	147	151
PD_11P_1_bbduk_adapt_filt	3807.0	626.0	1566.0	5937.0	13838.0	25744.0	40671.0	56754.0	73563.0	88572.0	99654.0	108760.0	114703.0	118965.0	123265.0	123936.0	124153.0	122719.0	122675.0	120403.0	118541.0	115021.0	112542.0	87809.0	89481.0	104802.0	100088.0	94407.0	2154758.0
	12	17	22	27	32	37	42	47	52	57	62	67	72	77	82	87	92	97	102	107	112	117	122	127	132	137	142	147	151
PD_11P_2_bbduk_adapt_filt	3807.0	626.0	1566.0	5937.0	13838.0	25744.0	40671.0	56754.0	73563.0	88572.0	99654.0	108760.0	114703.0	118965.0	123265.0	123936.0	124153.0	122719.0	122675.0	120403.0	118541.0	115021.0	112542.0	87809.0	89481.0	104802.0	100088.0	94407.0	2154758.0
	12	17	22	27	32	37	42	47	52	57	62	67	72	77	82	87	92	97	102	107	112	117	122	127	132	137	142	147	151
PD_120S_1_bbduk_adapt_filt	638.0	303.0	613.0	2112.0	5486.0	11359.0	20816.0	31621.0	45621.0	59985.0	72120.0	82518.0	90846.0	97604.0	102490.0	105695.0	107047.0	107082.0	107954.0	106349.0	104040.0	101681.0	98940.0	77775.0	78312.0	90563.0	85925.0	80932.0	1715433.0
	12	17	22	27	32	37	42	47	52	57	62	67	72	77	82	87	92	97	102	107	112	117	122	127	132	137	142	147	151
PD_120S_2_bbduk_adapt_filt	638.0	303.0	613.0	2112.0	5486.0	11359.0	20816.0	31621.0	45621.0	59985.0	72120.0	82518.0	90846.0	97604.0	102490.0	105695.0	107047.0	107082.0	107954.0	106349.0	104040.0	101681.0	98940.0	77775.0	78312.0	90563.0	85925.0	80932.0	1715433.0
	12	17	22	27	32	37	42	47	52	57	62	67	72	77	82	87	92	97	102	107	112	117	122	127	132	137	142	147	151
PD_121S_1_bbduk_adapt_filt	1093.0	984.0	1273.0	4201.0	9907.0	19363.0	33121.0	47587.0	65279.0	81391.0	95125.0	106352.0	115279.0	121899.0	128911.0	133073.0	136631.0	139147.0	142567.0	143545.0	145423.0	145783.0	146681.0	117871.0	123618.0	146601.0	143817.0	137829.0	3567970.0
	12	17	22	27	32	37	42	47	52	57	62	67	72	77	82	87	92	97	102	107	112	117	122	127	132	137	142	147	151
PD_121S_2_bbduk_adapt_filt	1093.0	984.0	1273.0	4201.0	9907.0	19363.0	33121.0	47587.0	65279.0	81391.0	95125.0	106352.0	115279.0	121899.0	128911.0	133073.0	136631.0	139147.0	142567.0	143545.0	145423.0	145783.0	146681.0	117871.0	123618.0	146601.0	143817.0	137829.0	3567970.0
	12	17	22	27	32	37	42	47	52	57	62	67	72	77	82	87	92	97	102	107	112	117	122	127	132	137	142	147	151
PD_122S_1_bbduk_adapt_filt	612.0	572.0	962.0	3238.0	8133.0	15572.0	27065.0	39893.0	56801.0	74791.0	91683.0	105374.0	117692.0	126292.0	133299.0	138650.0	140587.0	141856.0	143747.0	142651.0	140587.0	138207.0	136868.0	108778.0	112282.0	131225.0	126129.0	119782.0	2343618.0
	12	17	22	27	32	37	42	47	52	57	62	67	72	77	82	87	92	97	102	107	112	117	122	127	132	137	142	147	151
PD_122S_2_bbduk_adapt_filt	612.0	572.0	962.0	3238.0	8133.0	15572.0	27065.0	39893.0	56801.0	74791.0	91683.0	105374.0	117692.0	126292.0	133299.0	138650.0	140587.0	141856.0	143747.0	142651.0	140587.0	138207.0	136868.0	108778.0	112282.0	131225.0	126129.0	119782.0	2343618.0
	12	17	22	27	32	37	42	47	52	57	62	67	72	77	82	87	92	97	102	107	112	117	122	127	132	137	142	147	151
PD_123P_1_bbduk_adapt_filt	626.0	312.0	577.0	2168.0	6037.0	12534.0	22787.0	33930.0	48564.0	63518.0	77781.0	89969.0	100725.0	108921.0	116552.0	122051.0	125752.0	128975.0	132980.0	134972.0	136884.0	137252.0	138828.0	112457.0	117468.0	140136.0	138515.0	133995.0	3235948.0
	12	17	22	27	32	37	42	47	52	57	62	67	72	77	82	87	92	97	102	107	112	117	122	127	132	137	142	147	151
PD_123P_2_bbduk_adapt_filt	626.0	312.0	577.0	2168.0	6037.0	12534.0	22787.0	33930.0	48564.0	63518.0	77781.0	89969.0	100725.0	108921.0	116552.0	122051.0	125752.0	128975.0	132980.0	134972.0	136884.0	137252.0	138828.0	112457.0	117468.0	140136.0	138515.0	133995.0	3235948.0
	12	17	22	27	32	37	42	47	52	57	62	67	72	77	82	87	92	97	102	107	112	117	122	127	132	137	142	147	151
PD_126P_1_bbduk_adapt_filt	737.0	618.0	1919.0	7893.0	16064.0	28028.0	43796.0	61377.0	81049.0	100493.0	117829.0	130688.0	142628.0	151006.0	159230.0	164677.0	167587.0	168972.0	169803.0	168864.0	167421.0	164298.0	162326.0	128132.0	131673.0	153900.0	148011.0	138955.0	2679934.0
	12	17	22	27	32	37	42	47	52	57	62	67	72	77	82	87	92	97	102	107	112	117	122	127	132	137	142	147	151
PD_126P_2_bbduk_adapt_filt	737.0	618.0	1919.0	7893.0	16064.0	28028.0	43796.0	61377.0	81049.0	100493.0	117829.0	130688.0	142628.0	151006.0	159230.0	164677.0	167587.0	168972.0	169803.0	168864.0	167421.0	164298.0	162326.0	128132.0	131673.0	153900.0	148011.0	138955.0	2679934.0
	12	17	22	27	32	37	42	47	52	57	62	67	72	77	82	87	92	97	102	107	112	117	122	127	132	137	142	147	151
PD_127S_1_bbduk_adapt_filt	641.0	445.0	965.0	3458.0	8148.0	15135.0	24780.0	36289.0	50340.0	65400.0	79859.0	91917.0	102798.0	111089.0	119118.0	124063.0	126640.0	129947.0	133564.0	132723.0	133864.0	133130.0	133712.0	106339.0	111271.0	133477.0	130730.0	124669.0	3478791.0
	12	17	22	27	32	37	42	47	52	57	62	67	72	77	82	87	92	97	102	107	112	117	122	127	132	137	142	147	151
PD_127S_2_bbduk_adapt_filt	641.0	445.0	965.0	3458.0	8148.0	15135.0	24780.0	36289.0	50340.0	65400.0	79859.0	91917.0	102798.0	111089.0	119118.0	124063.0	126640.0	129947.0	133564.0	132723.0	133864.0	133130.0	133712.0	106339.0	111271.0	133477.0	130730.0	124669.0	3478791.0
	12	17	22	27	32	37	42	47	52	57	62	67	72	77	82	87	92	97	102	107	112	117	122	127	132	137	142	147	151
PD_128S_1_bbduk_adapt_filt	794.0	449.0	1082.0	4295.0	10181.0	18973.0	31312.0	45598.0	61246.0	77913.0	91911.0	104651.0	113673.0	120823.0	127044.0	131372.0	133879.0	135792.0	137807.0	137150.0	136672.0	135754.0	135494.0	107982.0	111692.0	132353.0	128390.0	122101.0	2816429.0
	12	17	22	27	32	37	42	47	52	57	62	67	72	77	82	87	92	97	102	107	112	117	122	127	132	137	142	147	151
PD_128S_2_bbduk_adapt_filt	794.0	449.0	1082.0	4295.0	10181.0	18973.0	31312.0	45598.0	61246.0	77913.0	91911.0	104651.0	113673.0	120823.0	127044.0	131372.0	133879.0	135792.0	137807.0	137150.0	136672.0	135754.0	135494.0	107982.0	111692.0	132353.0	128390.0	122101.0	2816429.0
	12	17	22	27	32	37	42	47	52	57	62	67	72	77	82	87	92	97	102	107	112	117	122	127	132	137	142	147	151
PD_129P_1_bbduk_adapt_filt	2905.0	1471.0	2314.0	7359.0	16131.0	27175.0	41673.0	53991.0	67753.0	76458.0	82371.0	85644.0	88881.0	91465.0	95597.0	96636.0	97334.0	97542.0	96655.0	94034.0	90910.0	89628.0	86871.0	68185.0	70124.0	80297.0	76360.0	70902.0	1457671.0
	12	17	22	27	32	37	42	47	52	57	62	67	72	77	82	87	92	97	102	107	112	117	122	127	132	137	142	147	151
PD_129P_2_bbduk_adapt_filt	2905.0	1471.0	2314.0	7359.0	16131.0	27175.0	41673.0	53991.0	67753.0	76458.0	82371.0	85644.0	88881.0	91465.0	95597.0	96636.0	97334.0	97542.0	96655.0	94034.0	90910.0	89628.0	86871.0	68185.0	70124.0	80297.0	76360.0	70902.0	1457671.0
	12	17	22	27	32	37	42	47	52	57	62	67	72	77	82	87	92	97	102	107	112	117	122	127	132	137	142	147	151
PD_12P_1_bbduk_adapt_filt	3885.0	894.0	1454.0	4994.0	12520.0	23071.0	37566.0	50751.0	65362.0	76468.0	84339.0	89971.0	94177.0	96775.0	99738.0	100666.0	99589.0	98897.0	99807.0	97684.0	96460.0	93282.0	91988.0	72613.0	73848.0	87265.0	82498.0	77521.0	1484230.0
	12	17	22	27	32	37	42	47	52	57	62	67	72	77	82	87	92	97	102	107	112	117	122	127	132	137	142	147	151
PD_12P_2_bbduk_adapt_filt	3885.0	894.0	1454.0	4994.0	12520.0	23071.0	37566.0	50751.0	65362.0	76468.0	84339.0	89971.0	94177.0	96775.0	99738.0	100666.0	99589.0	98897.0	99807.0	97684.0	96460.0	93282.0	91988.0	72613.0	73848.0	87265.0	82498.0	77521.0	1484230.0
	12	17	22	27	32	37	42	47	52	57	62	67	72	77	82	87	92	97	102	107	112	117	122	127	132	137	142	147	151
PD_130S_1_bbduk_adapt_filt	649.0	278.0	392.0	1493.0	3949.0	7931.0	14038.0	21360.0	30610.0	41042.0	49857.0	59354.0	65940.0	72699.0	79373.0	83297.0	84019.0	87416.0	90120.0	90973.0	91878.0	89842.0	91998.0	75243.0	79201.0	96542.0	95629.0	91151.0	2368000.0
	12	17	22	27	32	37	42	47	52	57	62	67	72	77	82	87	92	97	102	107	112	117	122	127	132	137	142	147	151
PD_130S_2_bbduk_adapt_filt	649.0	278.0	392.0	1493.0	3949.0	7931.0	14038.0	21360.0	30610.0	41042.0	49857.0	59354.0	65940.0	72699.0	79373.0	83297.0	84019.0	87416.0	90120.0	90973.0	91878.0	89842.0	91998.0	75243.0	79201.0	96542.0	95629.0	91151.0	2368000.0
	12	17	22	27	32	37	42	47	52	57	62	67	72	77	82	87	92	97	102	107	112	117	122	127	132	137	142	147	151
PD_131P_1_bbduk_adapt_filt	1351.0	475.0	1015.0	4033.0	10986.0	21614.0	38428.0	55482.0	74995.0	94154.0	108669.0	120463.0	129465.0	136207.0	140536.0	141082.0	141270.0	139097.0	137502.0	133382.0	128521.0	124093.0	121401.0	94258.0	95333.0	109934.0	103351.0	97037.0	1942067.0
	12	17	22	27	32	37	42	47	52	57	62	67	72	77	82	87	92	97	102	107	112	117	122	127	132	137	142	147	151
PD_131P_2_bbduk_adapt_filt	1351.0	475.0	1015.0	4033.0	10986.0	21614.0	38428.0	55482.0	74995.0	94154.0	108669.0	120463.0	129465.0	136207.0	140536.0	141082.0	141270.0	139097.0	137502.0	133382.0	128521.0	124093.0	121401.0	94258.0	95333.0	109934.0	103351.0	97037.0	1942067.0
	12	17	22	27	32	37	42	47	52	57	62	67	72	77	82	87	92	97	102	107	112	117	122	127	132	137	142	147	151
PD_134S_1_bbduk_adapt_filt	1190.0	569.0	1129.0	4624.0	12370.0	24582.0	42699.0	61355.0	82289.0	104673.0	121152.0	135255.0	146474.0	155573.0	163073.0	167103.0	168683.0	170711.0	172387.0	171775.0	171454.0	168621.0	168285.0	134424.0	138301.0	164349.0	159515.0	151796.0	3590823.0
	12	17	22	27	32	37	42	47	52	57	62	67	72	77	82	87	92	97	102	107	112	117	122	127	132	137	142	147	151
PD_134S_2_bbduk_adapt_filt	1190.0	569.0	1129.0	4624.0	12370.0	24582.0	42699.0	61355.0	82289.0	104673.0	121152.0	135255.0	146474.0	155573.0	163073.0	167103.0	168683.0	170711.0	172387.0	171775.0	171454.0	168621.0	168285.0	134424.0	138301.0	164349.0	159515.0	151796.0	3590823.0
	12	17	22	27	32	37	42	47	52	57	62	67	72	77	82	87	92	97	102	107	112	117	122	127	132	137	142	147	151
PD_137P_1_bbduk_adapt_filt	623.0	451.0	743.0	2098.0	5323.0	10844.0	18659.0	28030.0	39697.0	52880.0	64738.0	76486.0	85790.0	93681.0	101189.0	106531.0	111080.0	113247.0	117195.0	118919.0	120788.0	122198.0	123138.0	99505.0	102126.0	123739.0	121800.0	116741.0	3078245.0
	12	17	22	27	32	37	42	47	52	57	62	67	72	77	82	87	92	97	102	107	112	117	122	127	132	137	142	147	151
PD_137P_2_bbduk_adapt_filt	623.0	451.0	743.0	2098.0	5323.0	10844.0	18659.0	28030.0	39697.0	52880.0	64738.0	76486.0	85790.0	93681.0	101189.0	106531.0	111080.0	113247.0	117195.0	118919.0	120788.0	122198.0	123138.0	99505.0	102126.0	123739.0	121800.0	116741.0	3078245.0
	12	17	22	27	32	37	42	47	52	57	62	67	72	77	82	87	92	97	102	107	112	117	122	127	132	137	142	147	151
PD_138S_1_bbduk_adapt_filt	642.0	507.0	878.0	3491.0	9957.0	20311.0	33770.0	47588.0	62519.0	76498.0	86679.0	93007.0	97957.0	100589.0	104350.0	104985.0	104249.0	103163.0	102385.0	98741.0	95357.0	89880.0	89402.0	72878.0	75727.0	89936.0	86368.0	80621.0	1632982.0
	12	17	22	27	32	37	42	47	52	57	62	67	72	77	82	87	92	97	102	107	112	117	122	127	132	137	142	147	151
PD_138S_2_bbduk_adapt_filt	642.0	507.0	878.0	3491.0	9957.0	20311.0	33770.0	47588.0	62519.0	76498.0	86679.0	93007.0	97957.0	100589.0	104350.0	104985.0	104249.0	103163.0	102385.0	98741.0	95357.0	89880.0	89402.0	72878.0	75727.0	89936.0	86368.0	80621.0	1632982.0
	12	17	22	27	32	37	42	47	52	57	62	67	72	77	82	87	92	97	102	107	112	117	122	127	132	137	142	147	151
PD_13P_1_bbduk_adapt_filt	1747.0	493.0	1250.0	4018.0	10418.0	20248.0	34270.0	48601.0	64735.0	79622.0	92130.0	100638.0	108615.0	114240.0	118651.0	120472.0	121735.0	121815.0	122754.0	121040.0	119893.0	116982.0	115891.0	90786.0	91662.0	108229.0	104237.0	97989.0	2183427.0
	12	17	22	27	32	37	42	47	52	57	62	67	72	77	82	87	92	97	102	107	112	117	122	127	132	137	142	147	151
PD_13P_2_bbduk_adapt_filt	1747.0	493.0	1250.0	4018.0	10418.0	20248.0	34270.0	48601.0	64735.0	79622.0	92130.0	100638.0	108615.0	114240.0	118651.0	120472.0	121735.0	121815.0	122754.0	121040.0	119893.0	116982.0	115891.0	90786.0	91662.0	108229.0	104237.0	97989.0	2183427.0
	12	17	22	27	32	37	42	47	52	57	62	67	72	77	82	87	92	97	102	107	112	117	122	127	132	137	142	147	151
PD_140S_1_bbduk_adapt_filt	781.0	468.0	934.0	3563.0	8828.0	17018.0	29156.0	43429.0	61061.0	79346.0	95267.0	110319.0	122333.0	132442.0	141976.0	148737.0	153120.0	157438.0	161933.0	163793.0	166035.0	166587.0	168364.0	136129.0	141027.0	169814.0	167779.0	160951.0	4056722.0
	12	17	22	27	32	37	42	47	52	57	62	67	72	77	82	87	92	97	102	107	112	117	122	127	132	137	142	147	151
PD_140S_2_bbduk_adapt_filt	781.0	468.0	934.0	3563.0	8828.0	17018.0	29156.0	43429.0	61061.0	79346.0	95267.0	110319.0	122333.0	132442.0	141976.0	148737.0	153120.0	157438.0	161933.0	163793.0	166035.0	166587.0	168364.0	136129.0	141027.0	169814.0	167779.0	160951.0	4056722.0
	12	17	22	27	32	37	42	47	52	57	62	67	72	77	82	87	92	97	102	107	112	117	122	127	132	137	142	147	151
PD_141P_1_bbduk_adapt_filt	790.0	519.0	918.0	3083.0	7974.0	15815.0	27006.0	39310.0	54853.0	70854.0	85472.0	98392.0	109099.0	116714.0	125784.0	131357.0	135643.0	139216.0	142789.0	145724.0	147660.0	148909.0	150736.0	122303.0	127086.0	151719.0	151240.0	144852.0	3967931.0
	12	17	22	27	32	37	42	47	52	57	62	67	72	77	82	87	92	97	102	107	112	117	122	127	132	137	142	147	151
PD_141P_2_bbduk_adapt_filt	790.0	519.0	918.0	3083.0	7974.0	15815.0	27006.0	39310.0	54853.0	70854.0	85472.0	98392.0	109099.0	116714.0	125784.0	131357.0	135643.0	139216.0	142789.0	145724.0	147660.0	148909.0	150736.0	122303.0	127086.0	151719.0	151240.0	144852.0	3967931.0
	12	17	22	27	32	37	42	47	52	57	62	67	72	77	82	87	92	97	102	107	112	117	122	127	132	137	142	147	151
PD_142S_1_bbduk_adapt_filt	709.0	435.0	560.0	1763.0	4553.0	9364.0	15994.0	23159.0	31236.0	39035.0	45798.0	51437.0	57754.0	62648.0	67552.0	71636.0	74901.0	78686.0	81934.0	81870.0	84509.0	86383.0	88817.0	71854.0	74186.0	90870.0	90484.0	87782.0	3012424.0
	12	17	22	27	32	37	42	47	52	57	62	67	72	77	82	87	92	97	102	107	112	117	122	127	132	137	142	147	151
PD_142S_2_bbduk_adapt_filt	709.0	435.0	560.0	1763.0	4553.0	9364.0	15994.0	23159.0	31236.0	39035.0	45798.0	51437.0	57754.0	62648.0	67552.0	71636.0	74901.0	78686.0	81934.0	81870.0	84509.0	86383.0	88817.0	71854.0	74186.0	90870.0	90484.0	87782.0	3012424.0
	12	17	22	27	32	37	42	47	52	57	62	67	72	77	82	87	92	97	102	107	112	117	122	127	132	137	142	147	151
PD_145P_1_bbduk_adapt_filt	514.0	471.0	806.0	3053.0	7893.0	15709.0	27650.0	41238.0	57676.0	74267.0	88486.0	101504.0	113030.0	122012.0	132201.0	138880.0	144696.0	149198.0	154663.0	158081.0	161211.0	162957.0	165446.0	133257.0	138349.0	165252.0	162543.0	156690.0	3957341.0
	12	17	22	27	32	37	42	47	52	57	62	67	72	77	82	87	92	97	102	107	112	117	122	127	132	137	142	147	151
PD_145P_2_bbduk_adapt_filt	514.0	471.0	806.0	3053.0	7893.0	15709.0	27650.0	41238.0	57676.0	74267.0	88486.0	101504.0	113030.0	122012.0	132201.0	138880.0	144696.0	149198.0	154663.0	158081.0	161211.0	162957.0	165446.0	133257.0	138349.0	165252.0	162543.0	156690.0	3957341.0
	12	17	22	27	32	37	42	47	52	57	62	67	72	77	82	87	92	97	102	107	112	117	122	127	132	137	142	147	151
PD_146S_1_bbduk_adapt_filt	676.0	495.0	697.0	2427.0	5980.0	11824.0	20836.0	30625.0	43274.0	55929.0	66962.0	76774.0	83980.0	89651.0	95749.0	98182.0	99239.0	100757.0	102637.0	102660.0	104485.0	104113.0	103627.0	82186.0	85724.0	101704.0	99137.0	92923.0	2498778.0
	12	17	22	27	32	37	42	47	52	57	62	67	72	77	82	87	92	97	102	107	112	117	122	127	132	137	142	147	151
PD_146S_2_bbduk_adapt_filt	676.0	495.0	697.0	2427.0	5980.0	11824.0	20836.0	30625.0	43274.0	55929.0	66962.0	76774.0	83980.0	89651.0	95749.0	98182.0	99239.0	100757.0	102637.0	102660.0	104485.0	104113.0	103627.0	82186.0	85724.0	101704.0	99137.0	92923.0	2498778.0
	12	17	22	27	32	37	42	47	52	57	62	67	72	77	82	87	92	97	102	107	112	117	122	127	132	137	142	147	151
PD_147_1_bbduk_adapt_filt	628.0	328.0	514.0	1428.0	3883.0	7435.0	13016.0	19465.0	28723.0	38268.0	47783.0	57673.0	66368.0	73486.0	80828.0	87504.0	90692.0	96226.0	101069.0	103904.0	106343.0	109453.0	112574.0	92074.0	96810.0	117736.0	118354.0	114942.0	3236708.0
	12	17	22	27	32	37	42	47	52	57	62	67	72	77	82	87	92	97	102	107	112	117	122	127	132	137	142	147	151
PD_147_2_bbduk_adapt_filt	628.0	328.0	514.0	1428.0	3883.0	7435.0	13016.0	19465.0	28723.0	38268.0	47783.0	57673.0	66368.0	73486.0	80828.0	87504.0	90692.0	96226.0	101069.0	103904.0	106343.0	109453.0	112574.0	92074.0	96810.0	117736.0	118354.0	114942.0	3236708.0
	12	17	22	27	32	37	42	47	52	57	62	67	72	77	82	87	92	97	102	107	112	117	122	127	132	137	142	147	151
PD_148P_1_bbduk_adapt_filt	821.0	495.0	884.0	3561.0	9080.0	18184.0	31521.0	46287.0	64672.0	82224.0	96559.0	109198.0	119438.0	126083.0	132363.0	136218.0	137770.0	138643.0	140107.0	138714.0	137286.0	135406.0	134690.0	107577.0	109994.0	129813.0	126495.0	119477.0	3655132.0
	12	17	22	27	32	37	42	47	52	57	62	67	72	77	82	87	92	97	102	107	112	117	122	127	132	137	142	147	151
PD_148P_2_bbduk_adapt_filt	821.0	495.0	884.0	3561.0	9080.0	18184.0	31521.0	46287.0	64672.0	82224.0	96559.0	109198.0	119438.0	126083.0	132363.0	136218.0	137770.0	138643.0	140107.0	138714.0	137286.0	135406.0	134690.0	107577.0	109994.0	129813.0	126495.0	119477.0	3655132.0
	12	17	22	27	32	37	42	47	52	57	62	67	72	77	82	87	92	97	102	107	112	117	122	127	132	137	142	147	151
PD_149S_1_bbduk_adapt_filt	777.0	418.0	1014.0	3832.0	8979.0	16528.0	26824.0	37568.0	50156.0	61216.0	68972.0	73765.0	77784.0	81305.0	86153.0	85734.0	84737.0	87224.0	89303.0	87563.0	86955.0	87513.0	88541.0	70965.0	75061.0	89038.0	88104.0	82069.0	2650451.0
	12	17	22	27	32	37	42	47	52	57	62	67	72	77	82	87	92	97	102	107	112	117	122	127	132	137	142	147	151
PD_149S_2_bbduk_adapt_filt	777.0	418.0	1014.0	3832.0	8979.0	16528.0	26824.0	37568.0	50156.0	61216.0	68972.0	73765.0	77784.0	81305.0	86153.0	85734.0	84737.0	87224.0	89303.0	87563.0	86955.0	87513.0	88541.0	70965.0	75061.0	89038.0	88104.0	82069.0	2650451.0
	12	17	22	27	32	37	42	47	52	57	62	67	72	77	82	87	92	97	102	107	112	117	122	127	132	137	142	147	151
PD_14P_1_bbduk_adapt_filt	3287.0	952.0	1568.0	5544.0	14439.0	26836.0	42923.0	57308.0	71059.0	82125.0	90009.0	94953.0	99499.0	102190.0	104695.0	105713.0	104327.0	104987.0	104476.0	102223.0	99931.0	98954.0	97566.0	77185.0	78573.0	91159.0	86864.0	81485.0	1500021.0
	12	17	22	27	32	37	42	47	52	57	62	67	72	77	82	87	92	97	102	107	112	117	122	127	132	137	142	147	151
PD_14P_2_bbduk_adapt_filt	3287.0	952.0	1568.0	5544.0	14439.0	26836.0	42923.0	57308.0	71059.0	82125.0	90009.0	94953.0	99499.0	102190.0	104695.0	105713.0	104327.0	104987.0	104476.0	102223.0	99931.0	98954.0	97566.0	77185.0	78573.0	91159.0	86864.0	81485.0	1500021.0
	12	17	22	27	32	37	42	47	52	57	62	67	72	77	82	87	92	97	102	107	112	117	122	127	132	137	142	147	151
PD_150P_1_bbduk_adapt_filt	649.0	312.0	598.0	3163.0	8464.0	17755.0	30383.0	44354.0	59799.0	74292.0	85541.0	95180.0	102139.0	108025.0	112511.0	116170.0	118469.0	119303.0	120264.0	119250.0	118587.0	116841.0	116459.0	92048.0	95690.0	114220.0	112034.0	106248.0	2425126.0
	12	17	22	27	32	37	42	47	52	57	62	67	72	77	82	87	92	97	102	107	112	117	122	127	132	137	142	147	151
PD_150P_2_bbduk_adapt_filt	649.0	312.0	598.0	3163.0	8464.0	17755.0	30383.0	44354.0	59799.0	74292.0	85541.0	95180.0	102139.0	108025.0	112511.0	116170.0	118469.0	119303.0	120264.0	119250.0	118587.0	116841.0	116459.0	92048.0	95690.0	114220.0	112034.0	106248.0	2425126.0
	12	17	22	27	32	37	42	47	52	57	62	67	72	77	82	87	92	97	102	107	112	117	122	127	132	137	142	147	151
PD_151S_1_bbduk_adapt_filt	866.0	516.0	1378.0	6700.0	16183.0	29362.0	46181.0	61089.0	76581.0	89946.0	99011.0	105715.0	108711.0	112779.0	116508.0	113953.0	108176.0	110356.0	114273.0	111535.0	109774.0	106355.0	107742.0	89102.0	92581.0	109514.0	106458.0	99931.0	2254368.0
	12	17	22	27	32	37	42	47	52	57	62	67	72	77	82	87	92	97	102	107	112	117	122	127	132	137	142	147	151
PD_151S_2_bbduk_adapt_filt	866.0	516.0	1378.0	6700.0	16183.0	29362.0	46181.0	61089.0	76581.0	89946.0	99011.0	105715.0	108711.0	112779.0	116508.0	113953.0	108176.0	110356.0	114273.0	111535.0	109774.0	106355.0	107742.0	89102.0	92581.0	109514.0	106458.0	99931.0	2254368.0
	12	17	22	27	32	37	42	47	52	57	62	67	72	77	82	87	92	97	102	107	112	117	122	127	132	137	142	147	151
PD_152P_1_bbduk_adapt_filt	625.0	393.0	738.0	2296.0	5601.0	10219.0	17336.0	25673.0	35119.0	45598.0	54215.0	63061.0	68539.0	74309.0	79687.0	81574.0	80989.0	83284.0	85685.0	85050.0	85757.0	82889.0	83975.0	67998.0	71982.0	86209.0	85150.0	80450.0	2617812.0
	12	17	22	27	32	37	42	47	52	57	62	67	72	77	82	87	92	97	102	107	112	117	122	127	132	137	142	147	151
PD_152P_2_bbduk_adapt_filt	625.0	393.0	738.0	2296.0	5601.0	10219.0	17336.0	25673.0	35119.0	45598.0	54215.0	63061.0	68539.0	74309.0	79687.0	81574.0	80989.0	83284.0	85685.0	85050.0	85757.0	82889.0	83975.0	67998.0	71982.0	86209.0	85150.0	80450.0	2617812.0
	12	17	22	27	32	37	42	47	52	57	62	67	72	77	82	87	92	97	102	107	112	117	122	127	132	137	142	147	151
PD_153S_1_bbduk_adapt_filt	934.0	626.0	1377.0	5333.0	13174.0	25661.0	43643.0	63069.0	86004.0	108233.0	125322.0	140055.0	151853.0	159456.0	166273.0	169892.0	171316.0	172674.0	173198.0	172779.0	171786.0	168283.0	166015.0	131867.0	135164.0	158282.0	151723.0	143743.0	2886433.0
	12	17	22	27	32	37	42	47	52	57	62	67	72	77	82	87	92	97	102	107	112	117	122	127	132	137	142	147	151
PD_153S_2_bbduk_adapt_filt	934.0	626.0	1377.0	5333.0	13174.0	25661.0	43643.0	63069.0	86004.0	108233.0	125322.0	140055.0	151853.0	159456.0	166273.0	169892.0	171316.0	172674.0	173198.0	172779.0	171786.0	168283.0	166015.0	131867.0	135164.0	158282.0	151723.0	143743.0	2886433.0
	12	17	22	27	32	37	42	47	52	57	62	67	72	77	82	87	92	97	102	107	112	117	122	127	132	137	142	147	151
PD_156P_1_bbduk_adapt_filt	2338.0	1228.0	943.0	2203.0	6681.0	14248.0	25586.0	38612.0	53498.0	66082.0	77897.0	86350.0	93557.0	98930.0	105209.0	109214.0	111626.0	113470.0	114860.0	113697.0	113328.0	111837.0	109713.0	86728.0	87677.0	104929.0	100828.0	95310.0	1911434.0
	12	17	22	27	32	37	42	47	52	57	62	67	72	77	82	87	92	97	102	107	112	117	122	127	132	137	142	147	151
PD_156P_2_bbduk_adapt_filt	2338.0	1228.0	943.0	2203.0	6681.0	14248.0	25586.0	38612.0	53498.0	66082.0	77897.0	86350.0	93557.0	98930.0	105209.0	109214.0	111626.0	113470.0	114860.0	113697.0	113328.0	111837.0	109713.0	86728.0	87677.0	104929.0	100828.0	95310.0	1911434.0
	12	17	22	27	32	37	42	47	52	57	62	67	72	77	82	87	92	97	102	107	112	117	122	127	132	137	142	147	151
PD_157S_1_bbduk_adapt_filt	675.0	445.0	726.0	2844.0	7826.0	16471.0	29645.0	45287.0	64279.0	84194.0	101786.0	116811.0	130879.0	140722.0	151130.0	157129.0	160551.0	162361.0	165489.0	164667.0	163588.0	160498.0	158963.0	125943.0	127475.0	147317.0	141821.0	133511.0	2398607.0
	12	17	22	27	32	37	42	47	52	57	62	67	72	77	82	87	92	97	102	107	112	117	122	127	132	137	142	147	151
PD_157S_2_bbduk_adapt_filt	675.0	445.0	726.0	2844.0	7826.0	16471.0	29645.0	45287.0	64279.0	84194.0	101786.0	116811.0	130879.0	140722.0	151130.0	157129.0	160551.0	162361.0	165489.0	164667.0	163588.0	160498.0	158963.0	125943.0	127475.0	147317.0	141821.0	133511.0	2398607.0
	12	17	22	27	32	37	42	47	52	57	62	67	72	77	82	87	92	97	102	107	112	117	122	127	132	137	142	147	151
PD_158P_1_bbduk_adapt_filt	517.0	353.0	709.0	2769.0	7474.0	15165.0	26571.0	38625.0	53488.0	67786.0	81490.0	93650.0	103044.0	110832.0	118795.0	123799.0	127662.0	131029.0	135336.0	136816.0	139279.0	140090.0	141870.0	115056.0	118794.0	142519.0	141674.0	136633.0	3411776.0
	12	17	22	27	32	37	42	47	52	57	62	67	72	77	82	87	92	97	102	107	112	117	122	127	132	137	142	147	151
PD_158P_2_bbduk_adapt_filt	517.0	353.0	709.0	2769.0	7474.0	15165.0	26571.0	38625.0	53488.0	67786.0	81490.0	93650.0	103044.0	110832.0	118795.0	123799.0	127662.0	131029.0	135336.0	136816.0	139279.0	140090.0	141870.0	115056.0	118794.0	142519.0	141674.0	136633.0	3411776.0
	12	17	22	27	32	37	42	47	52	57	62	67	72	77	82	87	92	97	102	107	112	117	122	127	132	137	142	147	151
PD_159S_1_bbduk_adapt_filt	838.0	546.0	1006.0	3567.0	9397.0	18826.0	32063.0	46265.0	63233.0	79114.0	91415.0	102065.0	111129.0	118106.0	125679.0	130686.0	133615.0	138682.0	142710.0	142886.0	143099.0	142824.0	144542.0	115791.0	119916.0	143986.0	142737.0	137352.0	3313436.0
	12	17	22	27	32	37	42	47	52	57	62	67	72	77	82	87	92	97	102	107	112	117	122	127	132	137	142	147	151
PD_159S_2_bbduk_adapt_filt	838.0	546.0	1006.0	3567.0	9397.0	18826.0	32063.0	46265.0	63233.0	79114.0	91415.0	102065.0	111129.0	118106.0	125679.0	130686.0	133615.0	138682.0	142710.0	142886.0	143099.0	142824.0	144542.0	115791.0	119916.0	143986.0	142737.0	137352.0	3313436.0
	12	17	22	27	32	37	42	47	52	57	62	67	72	77	82	87	92	97	102	107	112	117	122	127	132	137	142	147	151
PD_15P_1_bbduk_adapt_filt	2193.0	547.0	1021.0	4340.0	11584.0	22452.0	37359.0	52351.0	68452.0	82207.0	92581.0	100597.0	106097.0	109711.0	113262.0	114076.0	112405.0	110610.0	111249.0	107809.0	106625.0	102641.0	101087.0	79534.0	80947.0	94130.0	89076.0	83842.0	1712627.0
	12	17	22	27	32	37	42	47	52	57	62	67	72	77	82	87	92	97	102	107	112	117	122	127	132	137	142	147	151
PD_15P_2_bbduk_adapt_filt	2193.0	547.0	1021.0	4340.0	11584.0	22452.0	37359.0	52351.0	68452.0	82207.0	92581.0	100597.0	106097.0	109711.0	113262.0	114076.0	112405.0	110610.0	111249.0	107809.0	106625.0	102641.0	101087.0	79534.0	80947.0	94130.0	89076.0	83842.0	1712627.0
	12	17	22	27	32	37	42	47	52	57	62	67	72	77	82	87	92	97	102	107	112	117	122	127	132	137	142	147	151
PD_160P_1_bbduk_adapt_filt	464.0	447.0	1031.0	4493.0	10723.0	20318.0	35145.0	50955.0	70171.0	89573.0	105909.0	119582.0	131068.0	139573.0	146939.0	151994.0	153823.0	155091.0	157469.0	157122.0	156107.0	155648.0	155085.0	122924.0	126905.0	149558.0	144120.0	137759.0	2935837.0
	12	17	22	27	32	37	42	47	52	57	62	67	72	77	82	87	92	97	102	107	112	117	122	127	132	137	142	147	151
PD_160P_2_bbduk_adapt_filt	464.0	447.0	1031.0	4493.0	10723.0	20318.0	35145.0	50955.0	70171.0	89573.0	105909.0	119582.0	131068.0	139573.0	146939.0	151994.0	153823.0	155091.0	157469.0	157122.0	156107.0	155648.0	155085.0	122924.0	126905.0	149558.0	144120.0	137759.0	2935837.0
	12	17	22	27	32	37	42	47	52	57	62	67	72	77	82	87	92	97	102	107	112	117	122	127	132	137	142	147	151
PD_161S_1_bbduk_adapt_filt	9375.0	786.0	1030.0	875.0	1889.0	406.0	640.0	770.0	1024.0	1139.0	1334.0	1472.0	1508.0	1690.0	1774.0	1872.0	1955.0	2169.0	2205.0	2323.0	2322.0	2364.0	2485.0	2231.0	2380.0	2697.0	1895.0	1630.0	116453.0
	12	17	22	27	32	37	42	47	52	57	62	67	72	77	82	87	92	97	102	107	112	117	122	127	132	137	142	147	151
PD_161S_2_bbduk_adapt_filt	9375.0	786.0	1030.0	875.0	1889.0	406.0	640.0	770.0	1024.0	1139.0	1334.0	1472.0	1508.0	1690.0	1774.0	1872.0	1955.0	2169.0	2205.0	2323.0	2322.0	2364.0	2485.0	2231.0	2380.0	2697.0	1895.0	1630.0	116453.0
	12	17	22	27	32	37	42	47	52	57	62	67	72	77	82	87	92	97	102	107	112	117	122	127	132	137	142	147	151
PD_162P_1_bbduk_adapt_filt	457.0	313.0	595.0	2215.0	5536.0	10717.0	19391.0	29102.0	41122.0	53926.0	65594.0	75745.0	84134.0	90870.0	96818.0	100627.0	103305.0	105602.0	107920.0	108716.0	110008.0	110326.0	111368.0	89623.0	93469.0	111921.0	109626.0	104496.0	2969634.0
	12	17	22	27	32	37	42	47	52	57	62	67	72	77	82	87	92	97	102	107	112	117	122	127	132	137	142	147	151
PD_162P_2_bbduk_adapt_filt	457.0	313.0	595.0	2215.0	5536.0	10717.0	19391.0	29102.0	41122.0	53926.0	65594.0	75745.0	84134.0	90870.0	96818.0	100627.0	103305.0	105602.0	107920.0	108716.0	110008.0	110326.0	111368.0	89623.0	93469.0	111921.0	109626.0	104496.0	2969634.0
	12	17	22	27	32	37	42	47	52	57	62	67	72	77	82	87	92	97	102	107	112	117	122	127	132	137	142	147	151
PD_163S_1_bbduk_adapt_filt	875.0	512.0	1324.0	6427.0	15303.0	28245.0	46530.0	64117.0	84171.0	102231.0	115508.0	127097.0	133925.0	138858.0	144287.0	145107.0	142540.0	142931.0	141377.0	137129.0	132883.0	130109.0	129323.0	102779.0	105212.0	123966.0	120262.0	112015.0	3103303.0
	12	17	22	27	32	37	42	47	52	57	62	67	72	77	82	87	92	97	102	107	112	117	122	127	132	137	142	147	151
PD_163S_2_bbduk_adapt_filt	875.0	512.0	1324.0	6427.0	15303.0	28245.0	46530.0	64117.0	84171.0	102231.0	115508.0	127097.0	133925.0	138858.0	144287.0	145107.0	142540.0	142931.0	141377.0	137129.0	132883.0	130109.0	129323.0	102779.0	105212.0	123966.0	120262.0	112015.0	3103303.0
	12	17	22	27	32	37	42	47	52	57	62	67	72	77	82	87	92	97	102	107	112	117	122	127	132	137	142	147	151
PD_164P_1_bbduk_adapt_filt	2126.0	449.0	712.0	2061.0	5391.0	10199.0	18140.0	27346.0	38005.0	48701.0	58451.0	67324.0	74659.0	81481.0	87431.0	91811.0	94448.0	96176.0	98504.0	99185.0	99005.0	98629.0	97399.0	77167.0	79297.0	92791.0	90108.0	84856.0	2122633.0
	12	17	22	27	32	37	42	47	52	57	62	67	72	77	82	87	92	97	102	107	112	117	122	127	132	137	142	147	151
PD_164P_2_bbduk_adapt_filt	2126.0	449.0	712.0	2061.0	5391.0	10199.0	18140.0	27346.0	38005.0	48701.0	58451.0	67324.0	74659.0	81481.0	87431.0	91811.0	94448.0	96176.0	98504.0	99185.0	99005.0	98629.0	97399.0	77167.0	79297.0	92791.0	90108.0	84856.0	2122633.0
	12	17	22	27	32	37	42	47	52	57	62	67	72	77	82	87	92	97	102	107	112	117	122	127	132	137	142	147	151
PD_165S_1_bbduk_adapt_filt	636.0	409.0	897.0	3932.0	10044.0	19770.0	34353.0	52229.0	72809.0	95234.0	114547.0	131936.0	144142.0	154672.0	162882.0	167353.0	169144.0	170146.0	170409.0	166458.0	162885.0	157678.0	154993.0	122298.0	126724.0	149925.0	144479.0	135996.0	3281564.0
	12	17	22	27	32	37	42	47	52	57	62	67	72	77	82	87	92	97	102	107	112	117	122	127	132	137	142	147	151
PD_165S_2_bbduk_adapt_filt	636.0	409.0	897.0	3932.0	10044.0	19770.0	34353.0	52229.0	72809.0	95234.0	114547.0	131936.0	144142.0	154672.0	162882.0	167353.0	169144.0	170146.0	170409.0	166458.0	162885.0	157678.0	154993.0	122298.0	126724.0	149925.0	144479.0	135996.0	3281564.0
	12	17	22	27	32	37	42	47	52	57	62	67	72	77	82	87	92	97	102	107	112	117	122	127	132	137	142	147	151
PD_166_1_bbduk_adapt_filt	787.0	477.0	821.0	2856.0	6828.0	12985.0	21260.0	30746.0	41809.0	52350.0	62193.0	70316.0	77493.0	82304.0	87943.0	91928.0	93649.0	96727.0	99812.0	98589.0	99959.0	102277.0	103464.0	83564.0	88898.0	107203.0	106202.0	100791.0	2610392.0
	12	17	22	27	32	37	42	47	52	57	62	67	72	77	82	87	92	97	102	107	112	117	122	127	132	137	142	147	151
PD_166_2_bbduk_adapt_filt	787.0	477.0	821.0	2856.0	6828.0	12985.0	21260.0	30746.0	41809.0	52350.0	62193.0	70316.0	77493.0	82304.0	87943.0	91928.0	93649.0	96727.0	99812.0	98589.0	99959.0	102277.0	103464.0	83564.0	88898.0	107203.0	106202.0	100791.0	2610392.0
	12	17	22	27	32	37	42	47	52	57	62	67	72	77	82	87	92	97	102	107	112	117	122	127	132	137	142	147	151
PD_167P_1_bbduk_adapt_filt	568.0	366.0	552.0	1481.0	3785.0	7589.0	13463.0	20126.0	28523.0	37187.0	45361.0	52235.0	58966.0	64833.0	70378.0	74590.0	77501.0	83051.0	87354.0	89533.0	92367.0	94355.0	97487.0	81604.0	85824.0	105684.0	106172.0	102811.0	3310430.0
	12	17	22	27	32	37	42	47	52	57	62	67	72	77	82	87	92	97	102	107	112	117	122	127	132	137	142	147	151
PD_167P_2_bbduk_adapt_filt	568.0	366.0	552.0	1481.0	3785.0	7589.0	13463.0	20126.0	28523.0	37187.0	45361.0	52235.0	58966.0	64833.0	70378.0	74590.0	77501.0	83051.0	87354.0	89533.0	92367.0	94355.0	97487.0	81604.0	85824.0	105684.0	106172.0	102811.0	3310430.0
	12	17	22	27	32	37	42	47	52	57	62	67	72	77	82	87	92	97	102	107	112	117	122	127	132	137	142	147	151
PD_169P_1_bbduk_adapt_filt	578.0	404.0	842.0	3140.0	8183.0	16774.0	30850.0	47366.0	69033.0	89624.0	108385.0	124080.0	138171.0	148459.0	158548.0	163614.0	165621.0	167799.0	170908.0	169058.0	164565.0	160701.0	159316.0	126335.0	129753.0	150695.0	143659.0	134836.0	2606336.0
	12	17	22	27	32	37	42	47	52	57	62	67	72	77	82	87	92	97	102	107	112	117	122	127	132	137	142	147	151
PD_169P_2_bbduk_adapt_filt	578.0	404.0	842.0	3140.0	8183.0	16774.0	30850.0	47366.0	69033.0	89624.0	108385.0	124080.0	138171.0	148459.0	158548.0	163614.0	165621.0	167799.0	170908.0	169058.0	164565.0	160701.0	159316.0	126335.0	129753.0	150695.0	143659.0	134836.0	2606336.0
	12	17	22	27	32	37	42	47	52	57	62	67	72	77	82	87	92	97	102	107	112	117	122	127	132	137	142	147	151
PD_16P_1_bbduk_adapt_filt	5755.0	1136.0	1890.0	7116.0	17893.0	33476.0	53967.0	72809.0	91158.0	106210.0	116785.0	123748.0	128884.0	132384.0	135744.0	135304.0	134922.0	133913.0	132957.0	130210.0	128538.0	124048.0	120877.0	96013.0	96429.0	113462.0	107544.0	100607.0	1787442.0
	12	17	22	27	32	37	42	47	52	57	62	67	72	77	82	87	92	97	102	107	112	117	122	127	132	137	142	147	151
PD_16P_2_bbduk_adapt_filt	5755.0	1136.0	1890.0	7116.0	17893.0	33476.0	53967.0	72809.0	91158.0	106210.0	116785.0	123748.0	128884.0	132384.0	135744.0	135304.0	134922.0	133913.0	132957.0	130210.0	128538.0	124048.0	120877.0	96013.0	96429.0	113462.0	107544.0	100607.0	1787442.0
	12	17	22	27	32	37	42	47	52	57	62	67	72	77	82	87	92	97	102	107	112	117	122	127	132	137	142	147	151
PD_170S_1_bbduk_adapt_filt	791.0	627.0	1095.0	4101.0	9241.0	17300.0	28734.0	40842.0	56068.0	70836.0	83511.0	94202.0	102285.0	108007.0	113730.0	115798.0	116778.0	117311.0	118125.0	116749.0	115952.0	114289.0	113484.0	89927.0	92229.0	109178.0	104481.0	98125.0	2487513.0
	12	17	22	27	32	37	42	47	52	57	62	67	72	77	82	87	92	97	102	107	112	117	122	127	132	137	142	147	151
PD_170S_2_bbduk_adapt_filt	791.0	627.0	1095.0	4101.0	9241.0	17300.0	28734.0	40842.0	56068.0	70836.0	83511.0	94202.0	102285.0	108007.0	113730.0	115798.0	116778.0	117311.0	118125.0	116749.0	115952.0	114289.0	113484.0	89927.0	92229.0	109178.0	104481.0	98125.0	2487513.0
	12	17	22	27	32	37	42	47	52	57	62	67	72	77	82	87	92	97	102	107	112	117	122	127	132	137	142	147	151
PD_171P_1_bbduk_adapt_filt	600.0	501.0	796.0	2530.0	7038.0	14470.0	25090.0	36880.0	50702.0	64485.0	76435.0	86480.0	95293.0	102897.0	111108.0	115384.0	119340.0	124074.0	128982.0	131200.0	133507.0	134556.0	137326.0	111048.0	115724.0	140384.0	139141.0	134479.0	3303574.0
	12	17	22	27	32	37	42	47	52	57	62	67	72	77	82	87	92	97	102	107	112	117	122	127	132	137	142	147	151
PD_171P_2_bbduk_adapt_filt	600.0	501.0	796.0	2530.0	7038.0	14470.0	25090.0	36880.0	50702.0	64485.0	76435.0	86480.0	95293.0	102897.0	111108.0	115384.0	119340.0	124074.0	128982.0	131200.0	133507.0	134556.0	137326.0	111048.0	115724.0	140384.0	139141.0	134479.0	3303574.0
	12	17	22	27	32	37	42	47	52	57	62	67	72	77	82	87	92	97	102	107	112	117	122	127	132	137	142	147	151
PD_172S_1_bbduk_adapt_filt	3517.0	1986.0	1170.0	1590.0	4591.0	7623.0	13519.0	19877.0	27603.0	35146.0	42092.0	48736.0	54899.0	60941.0	68050.0	72637.0	76155.0	81317.0	86173.0	87066.0	90437.0	91121.0	91999.0	74776.0	77970.0	93578.0	91240.0	87149.0	1875575.0
	12	17	22	27	32	37	42	47	52	57	62	67	72	77	82	87	92	97	102	107	112	117	122	127	132	137	142	147	151
PD_172S_2_bbduk_adapt_filt	3517.0	1986.0	1170.0	1590.0	4591.0	7623.0	13519.0	19877.0	27603.0	35146.0	42092.0	48736.0	54899.0	60941.0	68050.0	72637.0	76155.0	81317.0	86173.0	87066.0	90437.0	91121.0	91999.0	74776.0	77970.0	93578.0	91240.0	87149.0	1875575.0
	12	17	22	27	32	37	42	47	52	57	62	67	72	77	82	87	92	97	102	107	112	117	122	127	132	137	142	147	151
PD_173P_1_bbduk_adapt_filt	691.0	376.0	749.0	2457.0	6088.0	11506.0	19610.0	29418.0	41328.0	53427.0	64232.0	74450.0	82821.0	89760.0	96425.0	101445.0	104457.0	107818.0	111169.0	112465.0	115087.0	115570.0	117714.0	94756.0	100008.0	120294.0	119880.0	114540.0	2939878.0
	12	17	22	27	32	37	42	47	52	57	62	67	72	77	82	87	92	97	102	107	112	117	122	127	132	137	142	147	151
PD_173P_2_bbduk_adapt_filt	691.0	376.0	749.0	2457.0	6088.0	11506.0	19610.0	29418.0	41328.0	53427.0	64232.0	74450.0	82821.0	89760.0	96425.0	101445.0	104457.0	107818.0	111169.0	112465.0	115087.0	115570.0	117714.0	94756.0	100008.0	120294.0	119880.0	114540.0	2939878.0
	12	17	22	27	32	37	42	47	52	57	62	67	72	77	82	87	92	97	102	107	112	117	122	127	132	137	142	147	151
PD_174S_1_bbduk_adapt_filt	566.0	264.0	407.0	1274.0	3171.0	6209.0	11046.0	17054.0	24365.0	33231.0	41760.0	50078.0	57225.0	63905.0	70368.0	74007.0	77383.0	80375.0	84598.0	87357.0	89986.0	91561.0	95105.0	77938.0	82281.0	101848.0	102248.0	99323.0	3348829.0
	12	17	22	27	32	37	42	47	52	57	62	67	72	77	82	87	92	97	102	107	112	117	122	127	132	137	142	147	151
PD_174S_2_bbduk_adapt_filt	566.0	264.0	407.0	1274.0	3171.0	6209.0	11046.0	17054.0	24365.0	33231.0	41760.0	50078.0	57225.0	63905.0	70368.0	74007.0	77383.0	80375.0	84598.0	87357.0	89986.0	91561.0	95105.0	77938.0	82281.0	101848.0	102248.0	99323.0	3348829.0
	12	17	22	27	32	37	42	47	52	57	62	67	72	77	82	87	92	97	102	107	112	117	122	127	132	137	142	147	151
PD_175P_1_bbduk_adapt_filt	2990.0	788.0	1081.0	3107.0	8615.0	16650.0	29018.0	42146.0	56950.0	70244.0	81133.0	89731.0	96812.0	102214.0	105618.0	108084.0	108935.0	109265.0	109079.0	107710.0	106429.0	103959.0	101710.0	79751.0	80881.0	93930.0	90098.0	84061.0	1993713.0
	12	17	22	27	32	37	42	47	52	57	62	67	72	77	82	87	92	97	102	107	112	117	122	127	132	137	142	147	151
PD_175P_2_bbduk_adapt_filt	2990.0	788.0	1081.0	3107.0	8615.0	16650.0	29018.0	42146.0	56950.0	70244.0	81133.0	89731.0	96812.0	102214.0	105618.0	108084.0	108935.0	109265.0	109079.0	107710.0	106429.0	103959.0	101710.0	79751.0	80881.0	93930.0	90098.0	84061.0	1993713.0
	12	17	22	27	32	37	42	47	52	57	62	67	72	77	82	87	92	97	102	107	112	117	122	127	132	137	142	147	151
PD_176S_1_bbduk_adapt_filt	475.0	263.0	501.0	1710.0	4763.0	9763.0	17530.0	26728.0	38613.0	50870.0	61510.0	70823.0	78038.0	84773.0	92271.0	95373.0	96321.0	101494.0	106628.0	107830.0	111779.0	114909.0	118321.0	95894.0	101162.0	121872.0	121307.0	116051.0	3257951.0
	12	17	22	27	32	37	42	47	52	57	62	67	72	77	82	87	92	97	102	107	112	117	122	127	132	137	142	147	151
PD_176S_2_bbduk_adapt_filt	475.0	263.0	501.0	1710.0	4763.0	9763.0	17530.0	26728.0	38613.0	50870.0	61510.0	70823.0	78038.0	84773.0	92271.0	95373.0	96321.0	101494.0	106628.0	107830.0	111779.0	114909.0	118321.0	95894.0	101162.0	121872.0	121307.0	116051.0	3257951.0
	12	17	22	27	32	37	42	47	52	57	62	67	72	77	82	87	92	97	102	107	112	117	122	127	132	137	142	147	151
PD_177P_1_bbduk_adapt_filt	498.0	321.0	498.0	1539.0	4052.0	8017.0	14185.0	20917.0	29300.0	37847.0	46264.0	52749.0	59133.0	64473.0	69461.0	73596.0	76541.0	79552.0	82452.0	82868.0	85048.0	85289.0	86490.0	70671.0	74395.0	90242.0	89842.0	87337.0	2361117.0
	12	17	22	27	32	37	42	47	52	57	62	67	72	77	82	87	92	97	102	107	112	117	122	127	132	137	142	147	151
PD_177P_2_bbduk_adapt_filt	498.0	321.0	498.0	1539.0	4052.0	8017.0	14185.0	20917.0	29300.0	37847.0	46264.0	52749.0	59133.0	64473.0	69461.0	73596.0	76541.0	79552.0	82452.0	82868.0	85048.0	85289.0	86490.0	70671.0	74395.0	90242.0	89842.0	87337.0	2361117.0
	12	17	22	27	32	37	42	47	52	57	62	67	72	77	82	87	92	97	102	107	112	117	122	127	132	137	142	147	151
PD_178S_1_bbduk_adapt_filt	644.0	459.0	837.0	3071.0	7334.0	13633.0	23562.0	34729.0	49956.0	65584.0	81092.0	95686.0	108635.0	118599.0	129028.0	134941.0	140178.0	145398.0	149420.0	151139.0	153933.0	154347.0	156146.0	125781.0	130315.0	156188.0	152480.0	145625.0	3513089.0
	12	17	22	27	32	37	42	47	52	57	62	67	72	77	82	87	92	97	102	107	112	117	122	127	132	137	142	147	151
PD_178S_2_bbduk_adapt_filt	644.0	459.0	837.0	3071.0	7334.0	13633.0	23562.0	34729.0	49956.0	65584.0	81092.0	95686.0	108635.0	118599.0	129028.0	134941.0	140178.0	145398.0	149420.0	151139.0	153933.0	154347.0	156146.0	125781.0	130315.0	156188.0	152480.0	145625.0	3513089.0
	12	17	22	27	32	37	42	47	52	57	62	67	72	77	82	87	92	97	102	107	112	117	122	127	132	137	142	147	151
PD_179P_1_bbduk_adapt_filt	781.0	507.0	885.0	2911.0	7352.0	14333.0	24289.0	35909.0	49149.0	63638.0	74647.0	84917.0	93138.0	99080.0	106059.0	111062.0	113644.0	116095.0	118747.0	118520.0	119897.0	121488.0	121552.0	98670.0	102219.0	122816.0	121836.0	116942.0	3489386.0
	12	17	22	27	32	37	42	47	52	57	62	67	72	77	82	87	92	97	102	107	112	117	122	127	132	137	142	147	151
PD_179P_2_bbduk_adapt_filt	781.0	507.0	885.0	2911.0	7352.0	14333.0	24289.0	35909.0	49149.0	63638.0	74647.0	84917.0	93138.0	99080.0	106059.0	111062.0	113644.0	116095.0	118747.0	118520.0	119897.0	121488.0	121552.0	98670.0	102219.0	122816.0	121836.0	116942.0	3489386.0
	12	17	22	27	32	37	42	47	52	57	62	67	72	77	82	87	92	97	102	107	112	117	122	127	132	137	142	147	151
PD_180S_1_bbduk_adapt_filt	511.0	212.0	479.0	1894.0	5216.0	10634.0	19017.0	28339.0	39665.0	50644.0	60771.0	70063.0	78145.0	84958.0	90897.0	96285.0	100202.0	102752.0	105640.0	107671.0	109497.0	110512.0	111606.0	90347.0	94433.0	114148.0	111188.0	106975.0	2939243.0
	12	17	22	27	32	37	42	47	52	57	62	67	72	77	82	87	92	97	102	107	112	117	122	127	132	137	142	147	151
PD_180S_2_bbduk_adapt_filt	511.0	212.0	479.0	1894.0	5216.0	10634.0	19017.0	28339.0	39665.0	50644.0	60771.0	70063.0	78145.0	84958.0	90897.0	96285.0	100202.0	102752.0	105640.0	107671.0	109497.0	110512.0	111606.0	90347.0	94433.0	114148.0	111188.0	106975.0	2939243.0
	12	17	22	27	32	37	42	47	52	57	62	67	72	77	82	87	92	97	102	107	112	117	122	127	132	137	142	147	151
PD_181P_1_bbduk_adapt_filt	684.0	557.0	1058.0	3881.0	9023.0	17248.0	28554.0	41606.0	56952.0	73339.0	86137.0	97663.0	106459.0	115762.0	124830.0	127560.0	130065.0	133860.0	137835.0	135944.0	134202.0	130327.0	128942.0	102431.0	105580.0	125457.0	121790.0	115392.0	2783617.0
	12	17	22	27	32	37	42	47	52	57	62	67	72	77	82	87	92	97	102	107	112	117	122	127	132	137	142	147	151
PD_181P_2_bbduk_adapt_filt	684.0	557.0	1058.0	3881.0	9023.0	17248.0	28554.0	41606.0	56952.0	73339.0	86137.0	97663.0	106459.0	115762.0	124830.0	127560.0	130065.0	133860.0	137835.0	135944.0	134202.0	130327.0	128942.0	102431.0	105580.0	125457.0	121790.0	115392.0	2783617.0
	12	17	22	27	32	37	42	47	52	57	62	67	72	77	82	87	92	97	102	107	112	117	122	127	132	137	142	147	151
PD_182S_1_bbduk_adapt_filt	12120.0	593.0	1113.0	837.0	1553.0	370.0	556.0	732.0	999.0	1065.0	1225.0	1342.0	1438.0	1535.0	1672.0	1768.0	1960.0	2003.0	1985.0	2198.0	2192.0	2264.0	2238.0	2100.0	2160.0	2521.0	1832.0	1645.0	95459.0
	12	17	22	27	32	37	42	47	52	57	62	67	72	77	82	87	92	97	102	107	112	117	122	127	132	137	142	147	151
PD_182S_2_bbduk_adapt_filt	12120.0	593.0	1113.0	837.0	1553.0	370.0	556.0	732.0	999.0	1065.0	1225.0	1342.0	1438.0	1535.0	1672.0	1768.0	1960.0	2003.0	1985.0	2198.0	2192.0	2264.0	2238.0	2100.0	2160.0	2521.0	1832.0	1645.0	95459.0
	12	17	22	27	32	37	42	47	52	57	62	67	72	77	82	87	92	97	102	107	112	117	122	127	132	137	142	147	151
PD_183P_1_bbduk_adapt_filt	1094.0	609.0	815.0	2198.0	5237.0	10549.0	18267.0	28214.0	40986.0	55619.0	70474.0	85219.0	98740.0	110362.0	120653.0	129913.0	135548.0	141111.0	147556.0	150751.0	154954.0	157004.0	159908.0	130091.0	136313.0	164006.0	163444.0	157345.0	4503300.0
	12	17	22	27	32	37	42	47	52	57	62	67	72	77	82	87	92	97	102	107	112	117	122	127	132	137	142	147	151
PD_183P_2_bbduk_adapt_filt	1094.0	609.0	815.0	2198.0	5237.0	10549.0	18267.0	28214.0	40986.0	55619.0	70474.0	85219.0	98740.0	110362.0	120653.0	129913.0	135548.0	141111.0	147556.0	150751.0	154954.0	157004.0	159908.0	130091.0	136313.0	164006.0	163444.0	157345.0	4503300.0
	12	17	22	27	32	37	42	47	52	57	62	67	72	77	82	87	92	97	102	107	112	117	122	127	132	137	142	147	151
PD_184S_1_bbduk_adapt_filt	774.0	513.0	926.0	2896.0	8436.0	17469.0	30429.0	45503.0	63146.0	80443.0	96544.0	110004.0	123025.0	132341.0	143303.0	151763.0	157662.0	164116.0	171614.0	175909.0	180462.0	182770.0	186088.0	150416.0	156677.0	188417.0	187690.0	181390.0	4746352.0
	12	17	22	27	32	37	42	47	52	57	62	67	72	77	82	87	92	97	102	107	112	117	122	127	132	137	142	147	151
PD_184S_2_bbduk_adapt_filt	774.0	513.0	926.0	2896.0	8436.0	17469.0	30429.0	45503.0	63146.0	80443.0	96544.0	110004.0	123025.0	132341.0	143303.0	151763.0	157662.0	164116.0	171614.0	175909.0	180462.0	182770.0	186088.0	150416.0	156677.0	188417.0	187690.0	181390.0	4746352.0
	12	17	22	27	32	37	42	47	52	57	62	67	72	77	82	87	92	97	102	107	112	117	122	127	132	137	142	147	151
PD_188S_1_bbduk_adapt_filt	456.0	322.0	697.0	2400.0	6163.0	11655.0	20695.0	31341.0	44721.0	59114.0	72729.0	85265.0	95817.0	104294.0	110791.0	112844.0	110752.0	111960.0	112408.0	107567.0	105384.0	101396.0	101518.0	80950.0	83618.0	99205.0	96820.0	90872.0	2099214.0
	12	17	22	27	32	37	42	47	52	57	62	67	72	77	82	87	92	97	102	107	112	117	122	127	132	137	142	147	151
PD_188S_2_bbduk_adapt_filt	456.0	322.0	697.0	2400.0	6163.0	11655.0	20695.0	31341.0	44721.0	59114.0	72729.0	85265.0	95817.0	104294.0	110791.0	112844.0	110752.0	111960.0	112408.0	107567.0	105384.0	101396.0	101518.0	80950.0	83618.0	99205.0	96820.0	90872.0	2099214.0
	12	17	22	27	32	37	42	47	52	57	62	67	72	77	82	87	92	97	102	107	112	117	122	127	132	137	142	147	151
PD_189P_1_bbduk_adapt_filt	574.0	364.0	765.0	2952.0	7887.0	15332.0	26774.0	39368.0	55211.0	70281.0	83368.0	94588.0	103638.0	110724.0	116532.0	120089.0	121686.0	123036.0	123928.0	123395.0	122359.0	120192.0	119285.0	95830.0	97625.0	115558.0	113189.0	105919.0	2525202.0
	12	17	22	27	32	37	42	47	52	57	62	67	72	77	82	87	92	97	102	107	112	117	122	127	132	137	142	147	151
PD_189P_2_bbduk_adapt_filt	574.0	364.0	765.0	2952.0	7887.0	15332.0	26774.0	39368.0	55211.0	70281.0	83368.0	94588.0	103638.0	110724.0	116532.0	120089.0	121686.0	123036.0	123928.0	123395.0	122359.0	120192.0	119285.0	95830.0	97625.0	115558.0	113189.0	105919.0	2525202.0
	12	17	22	27	32	37	42	47	52	57	62	67	72	77	82	87	92	97	102	107	112	117	122	127	132	137	142	147	151
PD_190S_1_bbduk_adapt_filt	484.0	364.0	519.0	1895.0	4865.0	9471.0	16481.0	24661.0	34625.0	44669.0	53939.0	61958.0	69246.0	75915.0	81607.0	84971.0	86023.0	90688.0	94123.0	95513.0	97612.0	97922.0	100734.0	81991.0	86595.0	104703.0	103796.0	101139.0	3017502.0
	12	17	22	27	32	37	42	47	52	57	62	67	72	77	82	87	92	97	102	107	112	117	122	127	132	137	142	147	151
PD_190S_2_bbduk_adapt_filt	484.0	364.0	519.0	1895.0	4865.0	9471.0	16481.0	24661.0	34625.0	44669.0	53939.0	61958.0	69246.0	75915.0	81607.0	84971.0	86023.0	90688.0	94123.0	95513.0	97612.0	97922.0	100734.0	81991.0	86595.0	104703.0	103796.0	101139.0	3017502.0
	12	17	22	27	32	37	42	47	52	57	62	67	72	77	82	87	92	97	102	107	112	117	122	127	132	137	142	147	151
PD_191P_1_bbduk_adapt_filt	19568.0	7014.0	1058.0	878.0	1634.0	177.0	186.0	235.0	313.0	382.0	406.0	453.0	549.0	592.0	691.0	689.0	772.0	891.0	958.0	993.0	1144.0	1148.0	1241.0	1097.0	1173.0	1438.0	1171.0	1130.0	65654.0
	12	17	22	27	32	37	42	47	52	57	62	67	72	77	82	87	92	97	102	107	112	117	122	127	132	137	142	147	151
PD_191P_2_bbduk_adapt_filt	19568.0	7014.0	1058.0	878.0	1634.0	177.0	186.0	235.0	313.0	382.0	406.0	453.0	549.0	592.0	691.0	689.0	772.0	891.0	958.0	993.0	1144.0	1148.0	1241.0	1097.0	1173.0	1438.0	1171.0	1130.0	65654.0
	12	17	22	27	32	37	42	47	52	57	62	67	72	77	82	87	92	97	102	107	112	117	122	127	132	137	142	147	151
PD_192S_1_bbduk_adapt_filt	30474.0	999.0	371.0	317.0	932.0	52.0	53.0	48.0	72.0	51.0	51.0	47.0	62.0	61.0	65.0	81.0	60.0	67.0	77.0	72.0	75.0	79.0	75.0	69.0	60.0	62.0	40.0	65.0	55435.0
	12	17	22	27	32	37	42	47	52	57	62	67	72	77	82	87	92	97	102	107	112	117	122	127	132	137	142	147	151
PD_192S_2_bbduk_adapt_filt	30474.0	999.0	371.0	317.0	932.0	52.0	53.0	48.0	72.0	51.0	51.0	47.0	62.0	61.0	65.0	81.0	60.0	67.0	77.0	72.0	75.0	79.0	75.0	69.0	60.0	62.0	40.0	65.0	55435.0
	12	17	22	27	32	37	42	47	52	57	62	67	72	77	82	87	92	97	102	107	112	117	122	127	132	137	142	147	151
PD_193P_1_bbduk_adapt_filt	824.0	527.0	848.0	2941.0	7224.0	14711.0	25368.0	38184.0	54080.0	70474.0	85623.0	98899.0	110053.0	118831.0	127546.0	132342.0	136587.0	137965.0	139300.0	138533.0	137061.0	135517.0	134002.0	106181.0	108009.0	129184.0	124699.0	118926.0	2824048.0
	12	17	22	27	32	37	42	47	52	57	62	67	72	77	82	87	92	97	102	107	112	117	122	127	132	137	142	147	151
PD_193P_2_bbduk_adapt_filt	824.0	527.0	848.0	2941.0	7224.0	14711.0	25368.0	38184.0	54080.0	70474.0	85623.0	98899.0	110053.0	118831.0	127546.0	132342.0	136587.0	137965.0	139300.0	138533.0	137061.0	135517.0	134002.0	106181.0	108009.0	129184.0	124699.0	118926.0	2824048.0
	12	17	22	27	32	37	42	47	52	57	62	67	72	77	82	87	92	97	102	107	112	117	122	127	132	137	142	147	151
PD_194S_1_bbduk_adapt_filt	590.0	493.0	776.0	2877.0	6384.0	11894.0	19762.0	28592.0	39771.0	50154.0	60373.0	68589.0	76403.0	84885.0	92144.0	94558.0	96411.0	102208.0	104744.0	102512.0	103015.0	103619.0	103390.0	82964.0	85200.0	102417.0	98919.0	92118.0	1989910.0
	12	17	22	27	32	37	42	47	52	57	62	67	72	77	82	87	92	97	102	107	112	117	122	127	132	137	142	147	151
PD_194S_2_bbduk_adapt_filt	590.0	493.0	776.0	2877.0	6384.0	11894.0	19762.0	28592.0	39771.0	50154.0	60373.0	68589.0	76403.0	84885.0	92144.0	94558.0	96411.0	102208.0	104744.0	102512.0	103015.0	103619.0	103390.0	82964.0	85200.0	102417.0	98919.0	92118.0	1989910.0
	12	17	22	27	32	37	42	47	52	57	62	67	72	77	82	87	92	97	102	107	112	117	122	127	132	137	142	147	151
PD_195_1_bbduk_adapt_filt	556.0	331.0	794.0	3063.0	7140.0	13815.0	24170.0	36272.0	51157.0	68115.0	83555.0	97552.0	108085.0	119505.0	127431.0	133740.0	138184.0	142336.0	147113.0	149348.0	150007.0	151982.0	153418.0	123217.0	129550.0	153853.0	151421.0	144905.0	3126125.0
	12	17	22	27	32	37	42	47	52	57	62	67	72	77	82	87	92	97	102	107	112	117	122	127	132	137	142	147	151
PD_195_2_bbduk_adapt_filt	556.0	331.0	794.0	3063.0	7140.0	13815.0	24170.0	36272.0	51157.0	68115.0	83555.0	97552.0	108085.0	119505.0	127431.0	133740.0	138184.0	142336.0	147113.0	149348.0	150007.0	151982.0	153418.0	123217.0	129550.0	153853.0	151421.0	144905.0	3126125.0
	12	17	22	27	32	37	42	47	52	57	62	67	72	77	82	87	92	97	102	107	112	117	122	127	132	137	142	147	151
PD_196_1_bbduk_adapt_filt	1007.0	514.0	901.0	2939.0	7723.0	15043.0	26563.0	39899.0	56563.0	75642.0	92478.0	108132.0	121655.0	133680.0	142526.0	148322.0	151423.0	153869.0	157584.0	157660.0	158300.0	157067.0	157229.0	126667.0	130138.0	154245.0	151071.0	144327.0	3981745.0
	12	17	22	27	32	37	42	47	52	57	62	67	72	77	82	87	92	97	102	107	112	117	122	127	132	137	142	147	151
PD_196_2_bbduk_adapt_filt	1007.0	514.0	901.0	2939.0	7723.0	15043.0	26563.0	39899.0	56563.0	75642.0	92478.0	108132.0	121655.0	133680.0	142526.0	148322.0	151423.0	153869.0	157584.0	157660.0	158300.0	157067.0	157229.0	126667.0	130138.0	154245.0	151071.0	144327.0	3981745.0
	12	17	22	27	32	37	42	47	52	57	62	67	72	77	82	87	92	97	102	107	112	117	122	127	132	137	142	147	151
PD_197_1_bbduk_adapt_filt	872.0	527.0	1025.0	3759.0	8563.0	15906.0	27029.0	39065.0	52779.0	67088.0	79347.0	89114.0	96975.0	104676.0	110838.0	115160.0	117900.0	120681.0	123827.0	124388.0	126064.0	126878.0	127706.0	102419.0	106794.0	127933.0	126199.0	119537.0	3419773.0
	12	17	22	27	32	37	42	47	52	57	62	67	72	77	82	87	92	97	102	107	112	117	122	127	132	137	142	147	151
PD_197_2_bbduk_adapt_filt	872.0	527.0	1025.0	3759.0	8563.0	15906.0	27029.0	39065.0	52779.0	67088.0	79347.0	89114.0	96975.0	104676.0	110838.0	115160.0	117900.0	120681.0	123827.0	124388.0	126064.0	126878.0	127706.0	102419.0	106794.0	127933.0	126199.0	119537.0	3419773.0
	12	17	22	27	32	37	42	47	52	57	62	67	72	77	82	87	92	97	102	107	112	117	122	127	132	137	142	147	151
PD_198_1_bbduk_adapt_filt	81.0	57.0	94.0	429.0	1173.0	2648.0	4902.0	8321.0	13037.0	18881.0	25268.0	32236.0	39447.0	46300.0	53472.0	60780.0	67647.0	72611.0	78889.0	84140.0	88971.0	92834.0	96499.0	79862.0	83545.0	102095.0	102547.0	99337.0	2703489.0
	12	17	22	27	32	37	42	47	52	57	62	67	72	77	82	87	92	97	102	107	112	117	122	127	132	137	142	147	151
PD_198_2_bbduk_adapt_filt	81.0	57.0	94.0	429.0	1173.0	2648.0	4902.0	8321.0	13037.0	18881.0	25268.0	32236.0	39447.0	46300.0	53472.0	60780.0	67647.0	72611.0	78889.0	84140.0	88971.0	92834.0	96499.0	79862.0	83545.0	102095.0	102547.0	99337.0	2703489.0
	151
PD_199P_1_bbduk_adapt_filt	1.0
	151
PD_199P_2_bbduk_adapt_filt	1.0
	12	17	22	27	32	37	42	47	52	57	62	67	72	77	82	87	92	97	102	107	112	117	122	127	132	137	142	147	151
PD_1P_1_bbduk_adapt_filt	852.0	483.0	1328.0	4827.0	11853.0	22089.0	37191.0	52202.0	68201.0	82758.0	93535.0	101880.0	108502.0	112380.0	117068.0	118572.0	119071.0	119542.0	120440.0	118575.0	115396.0	112248.0	111547.0	88550.0	91636.0	106675.0	101406.0	95023.0	1853899.0
	12	17	22	27	32	37	42	47	52	57	62	67	72	77	82	87	92	97	102	107	112	117	122	127	132	137	142	147	151
PD_1P_2_bbduk_adapt_filt	852.0	483.0	1328.0	4827.0	11853.0	22089.0	37191.0	52202.0	68201.0	82758.0	93535.0	101880.0	108502.0	112380.0	117068.0	118572.0	119071.0	119542.0	120440.0	118575.0	115396.0	112248.0	111547.0	88550.0	91636.0	106675.0	101406.0	95023.0	1853899.0
	12	17	22	27	32	37	42	47	52	57	62	67	72	77	82	87	92	97	102	107	112	117	122	127	132	137	142	147	151
PD_200S_1_bbduk_adapt_filt	448.0	428.0	745.0	2821.0	6431.0	12365.0	20879.0	30488.0	42519.0	55673.0	67793.0	79839.0	90036.0	99143.0	106020.0	110388.0	111789.0	113937.0	117162.0	115372.0	114875.0	114827.0	117544.0	96709.0	101556.0	119301.0	118471.0	111762.0	3115175.0
	12	17	22	27	32	37	42	47	52	57	62	67	72	77	82	87	92	97	102	107	112	117	122	127	132	137	142	147	151
PD_200S_2_bbduk_adapt_filt	448.0	428.0	745.0	2821.0	6431.0	12365.0	20879.0	30488.0	42519.0	55673.0	67793.0	79839.0	90036.0	99143.0	106020.0	110388.0	111789.0	113937.0	117162.0	115372.0	114875.0	114827.0	117544.0	96709.0	101556.0	119301.0	118471.0	111762.0	3115175.0
	12	17	22	27	32	37	42	47	52	57	62	67	72	77	82	87	92	97	102	107	112	117	122	127	132	137	142	147	151
PD_203_1_bbduk_adapt_filt	803.0	577.0	816.0	2726.0	6000.0	11031.0	17934.0	26653.0	37891.0	50323.0	62040.0	73450.0	82920.0	92286.0	100140.0	104311.0	106307.0	108907.0	111407.0	110728.0	110893.0	112312.0	112519.0	90337.0	94023.0	112176.0	110797.0	104432.0	2534143.0
	12	17	22	27	32	37	42	47	52	57	62	67	72	77	82	87	92	97	102	107	112	117	122	127	132	137	142	147	151
PD_203_2_bbduk_adapt_filt	803.0	577.0	816.0	2726.0	6000.0	11031.0	17934.0	26653.0	37891.0	50323.0	62040.0	73450.0	82920.0	92286.0	100140.0	104311.0	106307.0	108907.0	111407.0	110728.0	110893.0	112312.0	112519.0	90337.0	94023.0	112176.0	110797.0	104432.0	2534143.0
	12	17	22	27	32	37	42	47	52	57	62	67	72	77	82	87	92	97	102	107	112	117	122	127	132	137	142	147	151
PD_204_1_bbduk_adapt_filt	668.0	334.0	934.0	4455.0	10813.0	21142.0	35461.0	50336.0	67510.0	83593.0	95147.0	105168.0	111507.0	117154.0	122177.0	124117.0	123043.0	123951.0	123518.0	121538.0	121000.0	119609.0	117797.0	93553.0	96207.0	111732.0	107951.0	101784.0	2122544.0
	12	17	22	27	32	37	42	47	52	57	62	67	72	77	82	87	92	97	102	107	112	117	122	127	132	137	142	147	151
PD_204_2_bbduk_adapt_filt	668.0	334.0	934.0	4455.0	10813.0	21142.0	35461.0	50336.0	67510.0	83593.0	95147.0	105168.0	111507.0	117154.0	122177.0	124117.0	123043.0	123951.0	123518.0	121538.0	121000.0	119609.0	117797.0	93553.0	96207.0	111732.0	107951.0	101784.0	2122544.0
	12	17	22	27	32	37	42	47	52	57	62	67	72	77	82	87	92	97	102	107	112	117	122	127	132	137	142	147	151
PD_205P_1_bbduk_adapt_filt	156.0	128.0	196.0	863.0	2604.0	5438.0	9540.0	14470.0	19848.0	24957.0	28212.0	30657.0	33118.0	39860.0	45784.0	50098.0	55070.0	65631.0	72224.0	72651.0	71506.0	70206.0	72444.0	62318.0	68058.0	86291.0	87370.0	84868.0	2251009.0
	12	17	22	27	32	37	42	47	52	57	62	67	72	77	82	87	92	97	102	107	112	117	122	127	132	137	142	147	151
PD_205P_2_bbduk_adapt_filt	156.0	128.0	196.0	863.0	2604.0	5438.0	9540.0	14470.0	19848.0	24957.0	28212.0	30657.0	33118.0	39860.0	45784.0	50098.0	55070.0	65631.0	72224.0	72651.0	71506.0	70206.0	72444.0	62318.0	68058.0	86291.0	87370.0	84868.0	2251009.0
	12	17	22	27	32	37	42	47	52	57	62	67	72	77	82	87	92	97	102	107	112	117	122	127	132	137	142	147	151
PD_206S_1_bbduk_adapt_filt	642.0	503.0	886.0	2871.0	7174.0	14179.0	24822.0	37248.0	52257.0	68676.0	83520.0	96260.0	106893.0	115312.0	123032.0	128064.0	130939.0	133426.0	135609.0	136079.0	136174.0	135754.0	135982.0	109757.0	113296.0	134603.0	131886.0	124518.0	3641233.0
	12	17	22	27	32	37	42	47	52	57	62	67	72	77	82	87	92	97	102	107	112	117	122	127	132	137	142	147	151
PD_206S_2_bbduk_adapt_filt	642.0	503.0	886.0	2871.0	7174.0	14179.0	24822.0	37248.0	52257.0	68676.0	83520.0	96260.0	106893.0	115312.0	123032.0	128064.0	130939.0	133426.0	135609.0	136079.0	136174.0	135754.0	135982.0	109757.0	113296.0	134603.0	131886.0	124518.0	3641233.0
	12	17	22	27	32	37	42	47	52	57	62	67	72	77	82	87	92	97	102	107	112	117	122	127	132	137	142	147	151
PD_207P_1_bbduk_adapt_filt	623.0	498.0	847.0	2845.0	7089.0	14006.0	24049.0	35958.0	50522.0	65771.0	80332.0	92355.0	103584.0	111874.0	120331.0	125752.0	128729.0	132829.0	136714.0	137086.0	138938.0	138912.0	140169.0	112196.0	115538.0	137573.0	133512.0	127139.0	2950780.0
	12	17	22	27	32	37	42	47	52	57	62	67	72	77	82	87	92	97	102	107	112	117	122	127	132	137	142	147	151
PD_207P_2_bbduk_adapt_filt	623.0	498.0	847.0	2845.0	7089.0	14006.0	24049.0	35958.0	50522.0	65771.0	80332.0	92355.0	103584.0	111874.0	120331.0	125752.0	128729.0	132829.0	136714.0	137086.0	138938.0	138912.0	140169.0	112196.0	115538.0	137573.0	133512.0	127139.0	2950780.0
	12	17	22	27	32	37	42	47	52	57	62	67	72	77	82	87	92	97	102	107	112	117	122	127	132	137	142	147	151
PD_208S_1_bbduk_adapt_filt	706.0	331.0	602.0	1890.0	4742.0	9286.0	15918.0	23787.0	33986.0	43912.0	54029.0	63697.0	70927.0	78392.0	84114.0	88032.0	90628.0	94199.0	96803.0	96035.0	98031.0	98909.0	98908.0	78977.0	82341.0	99604.0	98280.0	93769.0	2496648.0
	12	17	22	27	32	37	42	47	52	57	62	67	72	77	82	87	92	97	102	107	112	117	122	127	132	137	142	147	151
PD_208S_2_bbduk_adapt_filt	706.0	331.0	602.0	1890.0	4742.0	9286.0	15918.0	23787.0	33986.0	43912.0	54029.0	63697.0	70927.0	78392.0	84114.0	88032.0	90628.0	94199.0	96803.0	96035.0	98031.0	98909.0	98908.0	78977.0	82341.0	99604.0	98280.0	93769.0	2496648.0
	12	17	22	27	32	37	42	47	52	57	62	67	72	77	82	87	92	97	102	107	112	117	122	127	132	137	142	147	151
PD_209P_1_bbduk_adapt_filt	465.0	360.0	732.0	2463.0	6581.0	13428.0	22577.0	33778.0	46725.0	61672.0	74221.0	85327.0	93965.0	102216.0	109729.0	115185.0	118746.0	123422.0	127466.0	128203.0	131284.0	133380.0	135307.0	108744.0	113671.0	138312.0	136728.0	132271.0	3219056.0
	12	17	22	27	32	37	42	47	52	57	62	67	72	77	82	87	92	97	102	107	112	117	122	127	132	137	142	147	151
PD_209P_2_bbduk_adapt_filt	465.0	360.0	732.0	2463.0	6581.0	13428.0	22577.0	33778.0	46725.0	61672.0	74221.0	85327.0	93965.0	102216.0	109729.0	115185.0	118746.0	123422.0	127466.0	128203.0	131284.0	133380.0	135307.0	108744.0	113671.0	138312.0	136728.0	132271.0	3219056.0
	12	17	22	27	32	37	42	47	52	57	62	67	72	77	82	87	92	97	102	107	112	117	122	127	132	137	142	147	151
PD_210S_1_bbduk_adapt_filt	752.0	415.0	619.0	1886.0	5080.0	10150.0	17656.0	26568.0	37735.0	48638.0	58996.0	68584.0	75822.0	82334.0	88188.0	93153.0	96103.0	98788.0	101303.0	102089.0	103533.0	103329.0	104340.0	84299.0	86607.0	104546.0	102800.0	97773.0	2932810.0
	12	17	22	27	32	37	42	47	52	57	62	67	72	77	82	87	92	97	102	107	112	117	122	127	132	137	142	147	151
PD_210S_2_bbduk_adapt_filt	752.0	415.0	619.0	1886.0	5080.0	10150.0	17656.0	26568.0	37735.0	48638.0	58996.0	68584.0	75822.0	82334.0	88188.0	93153.0	96103.0	98788.0	101303.0	102089.0	103533.0	103329.0	104340.0	84299.0	86607.0	104546.0	102800.0	97773.0	2932810.0
	12	17	22	27	32	37	42	47	52	57	62	67	72	77	82	87	92	97	102	107	112	117	122	127	132	137	142	147	151
PD_211P_1_bbduk_adapt_filt	13751.0	6404.0	1127.0	849.0	1582.0	368.0	460.0	578.0	709.0	726.0	801.0	953.0	961.0	1048.0	1129.0	1206.0	1270.0	1381.0	1421.0	1483.0	1497.0	1575.0	1656.0	1604.0	1557.0	1796.0	1315.0	1068.0	71971.0
	12	17	22	27	32	37	42	47	52	57	62	67	72	77	82	87	92	97	102	107	112	117	122	127	132	137	142	147	151
PD_211P_2_bbduk_adapt_filt	13751.0	6404.0	1127.0	849.0	1582.0	368.0	460.0	578.0	709.0	726.0	801.0	953.0	961.0	1048.0	1129.0	1206.0	1270.0	1381.0	1421.0	1483.0	1497.0	1575.0	1656.0	1604.0	1557.0	1796.0	1315.0	1068.0	71971.0
	12	17	22	27	32	37	42	47	52	57	62	67	72	77	82	87	92	97	102	107	112	117	122	127	132	137	142	147	151
PD_212S_1_bbduk_adapt_filt	9121.0	798.0	716.0	652.0	954.0	144.0	170.0	182.0	302.0	283.0	308.0	309.0	354.0	366.0	425.0	468.0	497.0	509.0	570.0	554.0	619.0	607.0	599.0	582.0	567.0	670.0	533.0	490.0	43373.0
	12	17	22	27	32	37	42	47	52	57	62	67	72	77	82	87	92	97	102	107	112	117	122	127	132	137	142	147	151
PD_212S_2_bbduk_adapt_filt	9121.0	798.0	716.0	652.0	954.0	144.0	170.0	182.0	302.0	283.0	308.0	309.0	354.0	366.0	425.0	468.0	497.0	509.0	570.0	554.0	619.0	607.0	599.0	582.0	567.0	670.0	533.0	490.0	43373.0
	12	17	22	27	32	37	42	47	52	57	62	67	72	77	82	87	92	97	102	107	112	117	122	127	132	137	142	147	151
PD_213S_1_bbduk_adapt_filt	741.0	520.0	727.0	2926.0	7525.0	15155.0	26508.0	39595.0	54935.0	70526.0	83047.0	94821.0	104004.0	111465.0	119337.0	123789.0	127580.0	132158.0	135856.0	138608.0	141872.0	143162.0	145073.0	118217.0	123257.0	150225.0	147549.0	143007.0	3561146.0
	12	17	22	27	32	37	42	47	52	57	62	67	72	77	82	87	92	97	102	107	112	117	122	127	132	137	142	147	151
PD_213S_2_bbduk_adapt_filt	741.0	520.0	727.0	2926.0	7525.0	15155.0	26508.0	39595.0	54935.0	70526.0	83047.0	94821.0	104004.0	111465.0	119337.0	123789.0	127580.0	132158.0	135856.0	138608.0	141872.0	143162.0	145073.0	118217.0	123257.0	150225.0	147549.0	143007.0	3561146.0
	12	17	22	27	32	37	42	47	52	57	62	67	72	77	82	87	92	97	102	107	112	117	122	127	132	137	142	147	151
PD_214S_1_bbduk_adapt_filt	415.0	304.0	434.0	1262.0	3276.0	6813.0	12115.0	18247.0	26622.0	35936.0	44968.0	53849.0	60851.0	68066.0	74768.0	78921.0	81821.0	87534.0	92069.0	94685.0	98343.0	99411.0	102491.0	83624.0	88659.0	109495.0	109826.0	105446.0	3073092.0
	12	17	22	27	32	37	42	47	52	57	62	67	72	77	82	87	92	97	102	107	112	117	122	127	132	137	142	147	151
PD_214S_2_bbduk_adapt_filt	415.0	304.0	434.0	1262.0	3276.0	6813.0	12115.0	18247.0	26622.0	35936.0	44968.0	53849.0	60851.0	68066.0	74768.0	78921.0	81821.0	87534.0	92069.0	94685.0	98343.0	99411.0	102491.0	83624.0	88659.0	109495.0	109826.0	105446.0	3073092.0
	12	17	22	27	32	37	42	47	52	57	62	67	72	77	82	87	92	97	102	107	112	117	122	127	132	137	142	147	151
PD_215S_1_bbduk_adapt_filt	668.0	457.0	857.0	2830.0	7577.0	15273.0	27082.0	39932.0	57278.0	74845.0	91378.0	106507.0	118249.0	128169.0	137853.0	142507.0	146889.0	148312.0	151586.0	150924.0	151017.0	149325.0	149951.0	120451.0	125764.0	150194.0	148322.0	140361.0	4275695.0
	12	17	22	27	32	37	42	47	52	57	62	67	72	77	82	87	92	97	102	107	112	117	122	127	132	137	142	147	151
PD_215S_2_bbduk_adapt_filt	668.0	457.0	857.0	2830.0	7577.0	15273.0	27082.0	39932.0	57278.0	74845.0	91378.0	106507.0	118249.0	128169.0	137853.0	142507.0	146889.0	148312.0	151586.0	150924.0	151017.0	149325.0	149951.0	120451.0	125764.0	150194.0	148322.0	140361.0	4275695.0
	12	17	22	27	32	37	42	47	52	57	62	67	72	77	82	87	92	97	102	107	112	117	122	127	132	137	142	147	151
PD_216S_1_bbduk_adapt_filt	4118.0	498.0	953.0	730.0	1302.0	261.0	315.0	414.0	547.0	594.0	630.0	682.0	672.0	805.0	874.0	882.0	897.0	988.0	1031.0	1095.0	1153.0	1208.0	1249.0	1011.0	1051.0	1377.0	1068.0	950.0	67051.0
	12	17	22	27	32	37	42	47	52	57	62	67	72	77	82	87	92	97	102	107	112	117	122	127	132	137	142	147	151
PD_216S_2_bbduk_adapt_filt	4118.0	498.0	953.0	730.0	1302.0	261.0	315.0	414.0	547.0	594.0	630.0	682.0	672.0	805.0	874.0	882.0	897.0	988.0	1031.0	1095.0	1153.0	1208.0	1249.0	1011.0	1051.0	1377.0	1068.0	950.0	67051.0
	12	17	22	27	32	37	42	47	52	57	62	67	72	77	82	87	92	97	102	107	112	117	122	127	132	137	142	147	151
PD_217P_1_bbduk_adapt_filt	10289.0	1981.0	710.0	671.0	990.0	367.0	466.0	524.0	660.0	742.0	847.0	899.0	1048.0	1197.0	1230.0	1333.0	1339.0	1527.0	1615.0	1734.0	1860.0	1830.0	1838.0	1646.0	1775.0	2045.0	1585.0	1413.0	85285.0
	12	17	22	27	32	37	42	47	52	57	62	67	72	77	82	87	92	97	102	107	112	117	122	127	132	137	142	147	151
PD_217P_2_bbduk_adapt_filt	10289.0	1981.0	710.0	671.0	990.0	367.0	466.0	524.0	660.0	742.0	847.0	899.0	1048.0	1197.0	1230.0	1333.0	1339.0	1527.0	1615.0	1734.0	1860.0	1830.0	1838.0	1646.0	1775.0	2045.0	1585.0	1413.0	85285.0
	12	17	22	27	32	37	42	47	52	57	62	67	72	77	82	87	92	97	102	107	112	117	122	127	132	137	142	147	151
PD_218S_1_bbduk_adapt_filt	1.0	0.0	4.0	413.0	9.0	2.0	2.0	2.0	6.0	6.0	12.0	6.0	9.0	12.0	14.0	11.0	26.0	15.0	17.0	29.0	27.0	27.0	30.0	30.0	34.0	30.0	39.0	39.0	641.0
	12	17	22	27	32	37	42	47	52	57	62	67	72	77	82	87	92	97	102	107	112	117	122	127	132	137	142	147	151
PD_218S_2_bbduk_adapt_filt	1.0	0.0	4.0	413.0	9.0	2.0	2.0	2.0	6.0	6.0	12.0	6.0	9.0	12.0	14.0	11.0	26.0	15.0	17.0	29.0	27.0	27.0	30.0	30.0	34.0	30.0	39.0	39.0	641.0
	12	17	22	27	32	37	42	47	52	57	62	67	72	77	82	87	92	97	102	107	112	117	122	127	132	137	142	147	151
PD_221P_1_bbduk_adapt_filt	718.0	457.0	667.0	2302.0	5818.0	11386.0	19448.0	29176.0	40080.0	51212.0	61105.0	69304.0	76753.0	83185.0	89433.0	93371.0	96369.0	100187.0	104886.0	105874.0	109228.0	111161.0	114460.0	94000.0	100278.0	121421.0	120859.0	115953.0	3078805.0
	12	17	22	27	32	37	42	47	52	57	62	67	72	77	82	87	92	97	102	107	112	117	122	127	132	137	142	147	151
PD_221P_2_bbduk_adapt_filt	718.0	457.0	667.0	2302.0	5818.0	11386.0	19448.0	29176.0	40080.0	51212.0	61105.0	69304.0	76753.0	83185.0	89433.0	93371.0	96369.0	100187.0	104886.0	105874.0	109228.0	111161.0	114460.0	94000.0	100278.0	121421.0	120859.0	115953.0	3078805.0
	12	17	22	27	32	37	42	47	52	57	62	67	72	77	82	87	92	97	102	107	112	117	122	127	132	137	142	147	151
PD_222S_1_bbduk_adapt_filt	765.0	565.0	880.0	3616.0	8736.0	16621.0	28034.0	40189.0	55604.0	69464.0	82013.0	91758.0	99413.0	106112.0	111306.0	114593.0	116018.0	117754.0	119894.0	118955.0	117181.0	114405.0	115430.0	91892.0	94876.0	112870.0	109628.0	103539.0	2687901.0
	12	17	22	27	32	37	42	47	52	57	62	67	72	77	82	87	92	97	102	107	112	117	122	127	132	137	142	147	151
PD_222S_2_bbduk_adapt_filt	765.0	565.0	880.0	3616.0	8736.0	16621.0	28034.0	40189.0	55604.0	69464.0	82013.0	91758.0	99413.0	106112.0	111306.0	114593.0	116018.0	117754.0	119894.0	118955.0	117181.0	114405.0	115430.0	91892.0	94876.0	112870.0	109628.0	103539.0	2687901.0
	12	17	22	27	32	37	42	47	52	57	62	67	72	77	82	87	92	97	102	107	112	117	122	127	132	137	142	147	151
PD_223P_1_bbduk_adapt_filt	570.0	491.0	926.0	3249.0	7893.0	15205.0	26248.0	39461.0	55610.0	73337.0	89984.0	104140.0	115686.0	126678.0	136452.0	141311.0	144611.0	151761.0	157180.0	159067.0	161509.0	161669.0	164763.0	130967.0	137188.0	164162.0	160546.0	151573.0	4137557.0
	12	17	22	27	32	37	42	47	52	57	62	67	72	77	82	87	92	97	102	107	112	117	122	127	132	137	142	147	151
PD_223P_2_bbduk_adapt_filt	570.0	491.0	926.0	3249.0	7893.0	15205.0	26248.0	39461.0	55610.0	73337.0	89984.0	104140.0	115686.0	126678.0	136452.0	141311.0	144611.0	151761.0	157180.0	159067.0	161509.0	161669.0	164763.0	130967.0	137188.0	164162.0	160546.0	151573.0	4137557.0
	12	17	22	27	32	37	42	47	52	57	62	67	72	77	82	87	92	97	102	107	112	117	122	127	132	137	142	147	151
PD_224S_1_bbduk_adapt_filt	882.0	532.0	1010.0	3319.0	9182.0	18293.0	31332.0	45635.0	61818.0	78873.0	92392.0	104552.0	115216.0	122327.0	131122.0	137023.0	141028.0	146158.0	149636.0	152122.0	154290.0	156485.0	157629.0	127622.0	131594.0	161794.0	161103.0	155785.0	4684671.0
	12	17	22	27	32	37	42	47	52	57	62	67	72	77	82	87	92	97	102	107	112	117	122	127	132	137	142	147	151
PD_224S_2_bbduk_adapt_filt	882.0	532.0	1010.0	3319.0	9182.0	18293.0	31332.0	45635.0	61818.0	78873.0	92392.0	104552.0	115216.0	122327.0	131122.0	137023.0	141028.0	146158.0	149636.0	152122.0	154290.0	156485.0	157629.0	127622.0	131594.0	161794.0	161103.0	155785.0	4684671.0
	12	17	22	27	32	37	42	47	52	57	62	67	72	77	82	87	92	97	102	107	112	117	122	127	132	137	142	147	151
PD_225P_1_bbduk_adapt_filt	611.0	432.0	872.0	3331.0	8853.0	17703.0	30446.0	44842.0	61646.0	78081.0	92102.0	104114.0	114224.0	122454.0	131167.0	136036.0	137982.0	143594.0	147958.0	148298.0	148946.0	151466.0	153262.0	125149.0	128997.0	155704.0	153952.0	147917.0	3657008.0
	12	17	22	27	32	37	42	47	52	57	62	67	72	77	82	87	92	97	102	107	112	117	122	127	132	137	142	147	151
PD_225P_2_bbduk_adapt_filt	611.0	432.0	872.0	3331.0	8853.0	17703.0	30446.0	44842.0	61646.0	78081.0	92102.0	104114.0	114224.0	122454.0	131167.0	136036.0	137982.0	143594.0	147958.0	148298.0	148946.0	151466.0	153262.0	125149.0	128997.0	155704.0	153952.0	147917.0	3657008.0
	12	17	22	27	32	37	42	47	52	57	62	67	72	77	82	87	92	97	102	107	112	117	122	127	132	137	142	147	151
PD_226S_1_bbduk_adapt_filt	751.0	254.0	616.0	2888.0	7158.0	13614.0	23085.0	33340.0	45277.0	56484.0	66394.0	74118.0	81299.0	87179.0	91833.0	95595.0	98583.0	100589.0	104087.0	106137.0	107316.0	107869.0	109002.0	88104.0	91152.0	109964.0	108890.0	104171.0	2907522.0
	12	17	22	27	32	37	42	47	52	57	62	67	72	77	82	87	92	97	102	107	112	117	122	127	132	137	142	147	151
PD_226S_2_bbduk_adapt_filt	751.0	254.0	616.0	2888.0	7158.0	13614.0	23085.0	33340.0	45277.0	56484.0	66394.0	74118.0	81299.0	87179.0	91833.0	95595.0	98583.0	100589.0	104087.0	106137.0	107316.0	107869.0	109002.0	88104.0	91152.0	109964.0	108890.0	104171.0	2907522.0
	12	17	22	27	32	37	42	47	52	57	62	67	72	77	82	87	92	97	102	107	112	117	122	127	132	137	142	147	151
PD_227P_1_bbduk_adapt_filt	999.0	492.0	955.0	3508.0	9606.0	19615.0	33777.0	49299.0	67670.0	84656.0	98826.0	108793.0	117585.0	123733.0	131016.0	132626.0	132813.0	134454.0	135017.0	130841.0	130164.0	127526.0	126041.0	97915.0	99120.0	115610.0	110565.0	103776.0	1903853.0
	12	17	22	27	32	37	42	47	52	57	62	67	72	77	82	87	92	97	102	107	112	117	122	127	132	137	142	147	151
PD_227P_2_bbduk_adapt_filt	999.0	492.0	955.0	3508.0	9606.0	19615.0	33777.0	49299.0	67670.0	84656.0	98826.0	108793.0	117585.0	123733.0	131016.0	132626.0	132813.0	134454.0	135017.0	130841.0	130164.0	127526.0	126041.0	97915.0	99120.0	115610.0	110565.0	103776.0	1903853.0
	12	17	22	27	32	37	42	47	52	57	62	67	72	77	82	87	92	97	102	107	112	117	122	127	132	137	142	147	151
PD_228S_1_bbduk_adapt_filt	732.0	607.0	832.0	1798.0	4260.0	8388.0	15040.0	23046.0	33620.0	45292.0	56994.0	67721.0	77679.0	85522.0	94026.0	99001.0	101305.0	106107.0	110185.0	110601.0	112332.0	112788.0	115949.0	95236.0	98839.0	120180.0	119434.0	115171.0	3338454.0
	12	17	22	27	32	37	42	47	52	57	62	67	72	77	82	87	92	97	102	107	112	117	122	127	132	137	142	147	151
PD_228S_2_bbduk_adapt_filt	732.0	607.0	832.0	1798.0	4260.0	8388.0	15040.0	23046.0	33620.0	45292.0	56994.0	67721.0	77679.0	85522.0	94026.0	99001.0	101305.0	106107.0	110185.0	110601.0	112332.0	112788.0	115949.0	95236.0	98839.0	120180.0	119434.0	115171.0	3338454.0
	12	17	22	27	32	37	42	47	52	57	62	67	72	77	82	87	92	97	102	107	112	117	122	127	132	137	142	147	151
PD_229P_1_bbduk_adapt_filt	602.0	348.0	757.0	3119.0	8393.0	15735.0	26700.0	37861.0	51157.0	64498.0	74827.0	84122.0	90622.0	96782.0	103092.0	107331.0	109810.0	112984.0	115789.0	117779.0	119830.0	120754.0	121917.0	99412.0	102975.0	124644.0	123823.0	118727.0	3042859.0
	12	17	22	27	32	37	42	47	52	57	62	67	72	77	82	87	92	97	102	107	112	117	122	127	132	137	142	147	151
PD_229P_2_bbduk_adapt_filt	602.0	348.0	757.0	3119.0	8393.0	15735.0	26700.0	37861.0	51157.0	64498.0	74827.0	84122.0	90622.0	96782.0	103092.0	107331.0	109810.0	112984.0	115789.0	117779.0	119830.0	120754.0	121917.0	99412.0	102975.0	124644.0	123823.0	118727.0	3042859.0
	12	17	22	27	32	37	42	47	52	57	62	67	72	77	82	87	92	97	102	107	112	117	122	127	132	137	142	147	151
PD_230S_1_bbduk_adapt_filt	554.0	318.0	649.0	1916.0	5104.0	10248.0	17818.0	26395.0	36584.0	46924.0	56301.0	65020.0	73023.0	79665.0	85647.0	90925.0	94323.0	98506.0	103315.0	105679.0	107925.0	109943.0	113099.0	92641.0	97628.0	119840.0	119809.0	115218.0	3273711.0
	12	17	22	27	32	37	42	47	52	57	62	67	72	77	82	87	92	97	102	107	112	117	122	127	132	137	142	147	151
PD_230S_2_bbduk_adapt_filt	554.0	318.0	649.0	1916.0	5104.0	10248.0	17818.0	26395.0	36584.0	46924.0	56301.0	65020.0	73023.0	79665.0	85647.0	90925.0	94323.0	98506.0	103315.0	105679.0	107925.0	109943.0	113099.0	92641.0	97628.0	119840.0	119809.0	115218.0	3273711.0
	12	17	22	27	32	37	42	47	52	57	62	67	72	77	82	87	92	97	102	107	112	117	122	127	132	137	142	147	151
PD_231P_1_bbduk_adapt_filt	879.0	783.0	1177.0	4519.0	11596.0	22675.0	38252.0	54763.0	74558.0	93754.0	108944.0	121189.0	130926.0	138415.0	145452.0	148941.0	148129.0	149255.0	150361.0	149381.0	149368.0	148184.0	147249.0	118118.0	123148.0	146442.0	142613.0	134658.0	3397009.0
	12	17	22	27	32	37	42	47	52	57	62	67	72	77	82	87	92	97	102	107	112	117	122	127	132	137	142	147	151
PD_231P_2_bbduk_adapt_filt	879.0	783.0	1177.0	4519.0	11596.0	22675.0	38252.0	54763.0	74558.0	93754.0	108944.0	121189.0	130926.0	138415.0	145452.0	148941.0	148129.0	149255.0	150361.0	149381.0	149368.0	148184.0	147249.0	118118.0	123148.0	146442.0	142613.0	134658.0	3397009.0
	12	17	22	27	32	37	42	47	52	57	62	67	72	77	82	87	92	97	102	107	112	117	122	127	132	137	142	147	151
PD_232S_1_bbduk_adapt_filt	739.0	429.0	761.0	3270.0	8378.0	16201.0	27852.0	39981.0	54975.0	69119.0	81473.0	91179.0	98907.0	104647.0	109386.0	112146.0	113893.0	114065.0	115271.0	114907.0	114003.0	113526.0	111508.0	89148.0	91498.0	106855.0	104620.0	99329.0	2949370.0
	12	17	22	27	32	37	42	47	52	57	62	67	72	77	82	87	92	97	102	107	112	117	122	127	132	137	142	147	151
PD_232S_2_bbduk_adapt_filt	739.0	429.0	761.0	3270.0	8378.0	16201.0	27852.0	39981.0	54975.0	69119.0	81473.0	91179.0	98907.0	104647.0	109386.0	112146.0	113893.0	114065.0	115271.0	114907.0	114003.0	113526.0	111508.0	89148.0	91498.0	106855.0	104620.0	99329.0	2949370.0
	12	17	22	27	32	37	42	47	52	57	62	67	72	77	82	87	92	97	102	107	112	117	122	127	132	137	142	147	151
PD_25P_1_bbduk_adapt_filt	3550.0	1564.0	1735.0	6292.0	16168.0	30904.0	50386.0	68638.0	87080.0	100292.0	110456.0	117263.0	121807.0	124726.0	128737.0	127222.0	124565.0	123846.0	124150.0	119630.0	119016.0	114753.0	112609.0	88418.0	88284.0	103019.0	97360.0	90766.0	1568797.0
	12	17	22	27	32	37	42	47	52	57	62	67	72	77	82	87	92	97	102	107	112	117	122	127	132	137	142	147	151
PD_25P_2_bbduk_adapt_filt	3550.0	1564.0	1735.0	6292.0	16168.0	30904.0	50386.0	68638.0	87080.0	100292.0	110456.0	117263.0	121807.0	124726.0	128737.0	127222.0	124565.0	123846.0	124150.0	119630.0	119016.0	114753.0	112609.0	88418.0	88284.0	103019.0	97360.0	90766.0	1568797.0
	12	17	22	27	32	37	42	47	52	57	62	67	72	77	82	87	92	97	102	107	112	117	122	127	132	137	142	147	151
PD_26P_1_bbduk_adapt_filt	3.0	2.0	3.0	3.0	14.0	22.0	37.0	71.0	98.0	91.0	100.0	130.0	115.0	107.0	126.0	124.0	132.0	127.0	123.0	125.0	111.0	103.0	123.0	96.0	106.0	117.0	120.0	102.0	1741.0
	12	17	22	27	32	37	42	47	52	57	62	67	72	77	82	87	92	97	102	107	112	117	122	127	132	137	142	147	151
PD_26P_2_bbduk_adapt_filt	3.0	2.0	3.0	3.0	14.0	22.0	37.0	71.0	98.0	91.0	100.0	130.0	115.0	107.0	126.0	124.0	132.0	127.0	123.0	125.0	111.0	103.0	123.0	96.0	106.0	117.0	120.0	102.0	1741.0
	12	17	22	27	32	37	42	47	52	57	62	67	72	77	82	87	92	97	102	107	112	117	122	127	132	137	142	147	151
PD_27P_1_bbduk_adapt_filt	3459.0	1089.0	1619.0	6099.0	14553.0	27434.0	44535.0	62815.0	81503.0	98682.0	111903.0	122737.0	130057.0	135328.0	140022.0	141662.0	142082.0	141815.0	141312.0	139377.0	137306.0	133534.0	131734.0	103087.0	104012.0	122376.0	116957.0	109266.0	2335899.0
	12	17	22	27	32	37	42	47	52	57	62	67	72	77	82	87	92	97	102	107	112	117	122	127	132	137	142	147	151
PD_27P_2_bbduk_adapt_filt	3459.0	1089.0	1619.0	6099.0	14553.0	27434.0	44535.0	62815.0	81503.0	98682.0	111903.0	122737.0	130057.0	135328.0	140022.0	141662.0	142082.0	141815.0	141312.0	139377.0	137306.0	133534.0	131734.0	103087.0	104012.0	122376.0	116957.0	109266.0	2335899.0
	12	17	22	27	32	37	42	47	52	57	62	67	72	77	82	87	92	97	102	107	112	117	122	127	132	137	142	147	151
PD_28P_1_bbduk_adapt_filt	8620.0	2069.0	779.0	972.0	2530.0	2899.0	4444.0	5760.0	6914.0	7721.0	8629.0	8975.0	9157.0	9596.0	9973.0	9879.0	10170.0	10219.0	10488.0	10327.0	10212.0	9895.0	9577.0	7823.0	7797.0	9323.0	8497.0	8453.0	187207.0
	12	17	22	27	32	37	42	47	52	57	62	67	72	77	82	87	92	97	102	107	112	117	122	127	132	137	142	147	151
PD_28P_2_bbduk_adapt_filt	8620.0	2069.0	779.0	972.0	2530.0	2899.0	4444.0	5760.0	6914.0	7721.0	8629.0	8975.0	9157.0	9596.0	9973.0	9879.0	10170.0	10219.0	10488.0	10327.0	10212.0	9895.0	9577.0	7823.0	7797.0	9323.0	8497.0	8453.0	187207.0
	12	17	22	27	32	37	42	47	52	57	62	67	72	77	82	87	92	97	102	107	112	117	122	127	132	137	142	147	151
PD_29P_1_bbduk_adapt_filt	1804.0	538.0	1209.0	4314.0	11153.0	20430.0	34062.0	46012.0	58648.0	69151.0	76680.0	82006.0	86295.0	88978.0	91904.0	92348.0	90326.0	90391.0	90360.0	87627.0	86018.0	83724.0	82682.0	65969.0	67564.0	79075.0	75723.0	70261.0	1721428.0
	12	17	22	27	32	37	42	47	52	57	62	67	72	77	82	87	92	97	102	107	112	117	122	127	132	137	142	147	151
PD_29P_2_bbduk_adapt_filt	1804.0	538.0	1209.0	4314.0	11153.0	20430.0	34062.0	46012.0	58648.0	69151.0	76680.0	82006.0	86295.0	88978.0	91904.0	92348.0	90326.0	90391.0	90360.0	87627.0	86018.0	83724.0	82682.0	65969.0	67564.0	79075.0	75723.0	70261.0	1721428.0
	12	17	22	27	32	37	42	47	52	57	62	67	72	77	82	87	92	97	102	107	112	117	122	127	132	137	142	147	151
PD_2P_1_bbduk_adapt_filt	7051.0	3563.0	1386.0	4273.0	10745.0	18774.0	30798.0	42063.0	53557.0	63604.0	70400.0	75135.0	78067.0	80632.0	82172.0	82493.0	82689.0	82539.0	82289.0	79620.0	78091.0	76382.0	74866.0	58580.0	59170.0	69145.0	65949.0	61156.0	1421811.0
	12	17	22	27	32	37	42	47	52	57	62	67	72	77	82	87	92	97	102	107	112	117	122	127	132	137	142	147	151
PD_2P_2_bbduk_adapt_filt	7051.0	3563.0	1386.0	4273.0	10745.0	18774.0	30798.0	42063.0	53557.0	63604.0	70400.0	75135.0	78067.0	80632.0	82172.0	82493.0	82689.0	82539.0	82289.0	79620.0	78091.0	76382.0	74866.0	58580.0	59170.0	69145.0	65949.0	61156.0	1421811.0
	12	17	22	27	32	37	42	47	52	57	62	67	72	77	82	87	92	97	102	107	112	117	122	127	132	137	142	147	151
PD_30P_1_bbduk_adapt_filt	3638.0	1571.0	1479.0	4471.0	11638.0	20446.0	32349.0	42590.0	53265.0	61474.0	66573.0	69960.0	72113.0	73428.0	76242.0	75858.0	75096.0	75695.0	75546.0	74331.0	73125.0	70979.0	69019.0	54254.0	55356.0	65378.0	62550.0	57970.0	1460989.0
	12	17	22	27	32	37	42	47	52	57	62	67	72	77	82	87	92	97	102	107	112	117	122	127	132	137	142	147	151
PD_30P_2_bbduk_adapt_filt	3638.0	1571.0	1479.0	4471.0	11638.0	20446.0	32349.0	42590.0	53265.0	61474.0	66573.0	69960.0	72113.0	73428.0	76242.0	75858.0	75096.0	75695.0	75546.0	74331.0	73125.0	70979.0	69019.0	54254.0	55356.0	65378.0	62550.0	57970.0	1460989.0
	12	17	22	27	32	37	42	47	52	57	62	67	72	77	82	87	92	97	102	107	112	117	122	127	132	137	142	147	151
PD_31P_1_bbduk_adapt_filt	3843.0	669.0	1269.0	4804.0	12255.0	22676.0	37206.0	51521.0	66457.0	79171.0	88610.0	95995.0	101645.0	106148.0	110452.0	111482.0	110258.0	110502.0	111829.0	108990.0	107769.0	104306.0	103290.0	82162.0	84342.0	98932.0	94516.0	87944.0	1764852.0
	12	17	22	27	32	37	42	47	52	57	62	67	72	77	82	87	92	97	102	107	112	117	122	127	132	137	142	147	151
PD_31P_2_bbduk_adapt_filt	3843.0	669.0	1269.0	4804.0	12255.0	22676.0	37206.0	51521.0	66457.0	79171.0	88610.0	95995.0	101645.0	106148.0	110452.0	111482.0	110258.0	110502.0	111829.0	108990.0	107769.0	104306.0	103290.0	82162.0	84342.0	98932.0	94516.0	87944.0	1764852.0
	12	17	22	27	32	37	42	47	52	57	62	67	72	77	82	87	92	97	102	107	112	117	122	127	132	137	142	147	151
PD_32P_1_bbduk_adapt_filt	4949.0	1133.0	2120.0	6496.0	16895.0	32138.0	52516.0	73855.0	96385.0	115037.0	129627.0	137940.0	145690.0	150441.0	154494.0	152566.0	149235.0	148043.0	146148.0	140376.0	135109.0	130358.0	125596.0	97397.0	97637.0	112195.0	104909.0	96372.0	1718052.0
	12	17	22	27	32	37	42	47	52	57	62	67	72	77	82	87	92	97	102	107	112	117	122	127	132	137	142	147	151
PD_32P_2_bbduk_adapt_filt	4949.0	1133.0	2120.0	6496.0	16895.0	32138.0	52516.0	73855.0	96385.0	115037.0	129627.0	137940.0	145690.0	150441.0	154494.0	152566.0	149235.0	148043.0	146148.0	140376.0	135109.0	130358.0	125596.0	97397.0	97637.0	112195.0	104909.0	96372.0	1718052.0
	12	17	22	27	32	37	42	47	52	57	62	67	72	77	82	87	92	97	102	107	112	117	122	127	132	137	142	147	151
PD_33P_1_bbduk_adapt_filt	2184.0	726.0	1268.0	5114.0	13352.0	25259.0	41450.0	57966.0	75710.0	91062.0	101158.0	110221.0	115974.0	122122.0	126727.0	129671.0	132124.0	133965.0	135136.0	132585.0	131518.0	127860.0	127145.0	100766.0	102560.0	120770.0	115741.0	108687.0	2101787.0
	12	17	22	27	32	37	42	47	52	57	62	67	72	77	82	87	92	97	102	107	112	117	122	127	132	137	142	147	151
PD_33P_2_bbduk_adapt_filt	2184.0	726.0	1268.0	5114.0	13352.0	25259.0	41450.0	57966.0	75710.0	91062.0	101158.0	110221.0	115974.0	122122.0	126727.0	129671.0	132124.0	133965.0	135136.0	132585.0	131518.0	127860.0	127145.0	100766.0	102560.0	120770.0	115741.0	108687.0	2101787.0
	12	17	22	27	32	37	42	47	52	57	62	67	72	77	82	87	92	97	102	107	112	117	122	127	132	137	142	147	151
PD_34P_1_bbduk_adapt_filt	2488.0	824.0	1672.0	5958.0	16642.0	31835.0	53918.0	74564.0	96966.0	114240.0	127685.0	135739.0	142768.0	150276.0	156794.0	156382.0	155313.0	157802.0	157497.0	151295.0	147964.0	142931.0	141327.0	110076.0	112275.0	129969.0	122567.0	113568.0	2001913.0
	12	17	22	27	32	37	42	47	52	57	62	67	72	77	82	87	92	97	102	107	112	117	122	127	132	137	142	147	151
PD_34P_2_bbduk_adapt_filt	2488.0	824.0	1672.0	5958.0	16642.0	31835.0	53918.0	74564.0	96966.0	114240.0	127685.0	135739.0	142768.0	150276.0	156794.0	156382.0	155313.0	157802.0	157497.0	151295.0	147964.0	142931.0	141327.0	110076.0	112275.0	129969.0	122567.0	113568.0	2001913.0
	12	17	22	27	32	37	42	47	52	57	62	67	72	77	82	87	92	97	102	107	112	117	122	127	132	137	142	147	151
PD_35P_1_bbduk_adapt_filt	2467.0	1064.0	1212.0	4535.0	11658.0	22593.0	38844.0	55785.0	74414.0	92002.0	105624.0	115866.0	123791.0	128547.0	133132.0	134818.0	134926.0	133935.0	133067.0	130119.0	127800.0	124072.0	121482.0	95414.0	95365.0	112036.0	106154.0	99769.0	2138878.0
	12	17	22	27	32	37	42	47	52	57	62	67	72	77	82	87	92	97	102	107	112	117	122	127	132	137	142	147	151
PD_35P_2_bbduk_adapt_filt	2467.0	1064.0	1212.0	4535.0	11658.0	22593.0	38844.0	55785.0	74414.0	92002.0	105624.0	115866.0	123791.0	128547.0	133132.0	134818.0	134926.0	133935.0	133067.0	130119.0	127800.0	124072.0	121482.0	95414.0	95365.0	112036.0	106154.0	99769.0	2138878.0
	12	17	22	27	32	37	42	47	52	57	62	67	72	77	82	87	92	97	102	107	112	117	122	127	132	137	142	147	151
PD_36P_1_bbduk_adapt_filt	27990.0	951.0	277.0	247.0	700.0	48.0	56.0	55.0	66.0	63.0	56.0	61.0	52.0	81.0	74.0	75.0	67.0	65.0	73.0	88.0	71.0	61.0	50.0	58.0	56.0	59.0	58.0	52.0	25293.0
	12	17	22	27	32	37	42	47	52	57	62	67	72	77	82	87	92	97	102	107	112	117	122	127	132	137	142	147	151
PD_36P_2_bbduk_adapt_filt	27990.0	951.0	277.0	247.0	700.0	48.0	56.0	55.0	66.0	63.0	56.0	61.0	52.0	81.0	74.0	75.0	67.0	65.0	73.0	88.0	71.0	61.0	50.0	58.0	56.0	59.0	58.0	52.0	25293.0
	12	17	22	27	32	37	42	47	52	57	62	67	72	77	82	87	92	97	102	107	112	117	122	127	132	137	142	147	151
PD_38P_1_bbduk_adapt_filt	2186.0	636.0	966.0	3323.0	9570.0	19738.0	34574.0	49583.0	66561.0	82042.0	95098.0	103746.0	110815.0	115599.0	119356.0	120700.0	120801.0	120547.0	119828.0	116180.0	112955.0	110150.0	107071.0	83145.0	83049.0	97578.0	92774.0	86506.0	1700937.0
	12	17	22	27	32	37	42	47	52	57	62	67	72	77	82	87	92	97	102	107	112	117	122	127	132	137	142	147	151
PD_38P_2_bbduk_adapt_filt	2186.0	636.0	966.0	3323.0	9570.0	19738.0	34574.0	49583.0	66561.0	82042.0	95098.0	103746.0	110815.0	115599.0	119356.0	120700.0	120801.0	120547.0	119828.0	116180.0	112955.0	110150.0	107071.0	83145.0	83049.0	97578.0	92774.0	86506.0	1700937.0
	12	17	22	27	32	37	42	47	52	57	62	67	72	77	82	87	92	97	102	107	112	117	122	127	132	137	142	147	151
PD_39P_1_bbduk_adapt_filt	6876.0	725.0	1384.0	4520.0	10896.0	18740.0	29291.0	39830.0	49586.0	57126.0	62352.0	64713.0	66981.0	70050.0	72264.0	70512.0	69142.0	71527.0	70536.0	66147.0	65984.0	67396.0	66911.0	51889.0	53686.0	64009.0	60143.0	55059.0	1104082.0
	12	17	22	27	32	37	42	47	52	57	62	67	72	77	82	87	92	97	102	107	112	117	122	127	132	137	142	147	151
PD_39P_2_bbduk_adapt_filt	6876.0	725.0	1384.0	4520.0	10896.0	18740.0	29291.0	39830.0	49586.0	57126.0	62352.0	64713.0	66981.0	70050.0	72264.0	70512.0	69142.0	71527.0	70536.0	66147.0	65984.0	67396.0	66911.0	51889.0	53686.0	64009.0	60143.0	55059.0	1104082.0
	12	17	22	27	32	37	42	47	52	57	62	67	72	77	82	87	92	97	102	107	112	117	122	127	132	137	142	147	151
PD_3P_1_bbduk_adapt_filt	4230.0	723.0	1339.0	5608.0	14601.0	28265.0	45957.0	63169.0	81216.0	94865.0	105799.0	113339.0	119612.0	123043.0	127083.0	125700.0	123216.0	123275.0	123917.0	119204.0	117613.0	112912.0	110798.0	86401.0	88598.0	104843.0	99307.0	91975.0	1665071.0
	12	17	22	27	32	37	42	47	52	57	62	67	72	77	82	87	92	97	102	107	112	117	122	127	132	137	142	147	151
PD_3P_2_bbduk_adapt_filt	4230.0	723.0	1339.0	5608.0	14601.0	28265.0	45957.0	63169.0	81216.0	94865.0	105799.0	113339.0	119612.0	123043.0	127083.0	125700.0	123216.0	123275.0	123917.0	119204.0	117613.0	112912.0	110798.0	86401.0	88598.0	104843.0	99307.0	91975.0	1665071.0
	12	17	22	27	32	37	42	47	52	57	62	67	72	77	82	87	92	97	102	107	112	117	122	127	132	137	142	147	151
PD_40P_1_bbduk_adapt_filt	3759.0	542.0	1179.0	4024.0	10419.0	19232.0	31449.0	43504.0	56206.0	67202.0	74589.0	80779.0	85452.0	88352.0	91917.0	92846.0	93206.0	94077.0	94518.0	91265.0	89525.0	86909.0	86217.0	67909.0	68688.0	80945.0	76873.0	72421.0	1690955.0
	12	17	22	27	32	37	42	47	52	57	62	67	72	77	82	87	92	97	102	107	112	117	122	127	132	137	142	147	151
PD_40P_2_bbduk_adapt_filt	3759.0	542.0	1179.0	4024.0	10419.0	19232.0	31449.0	43504.0	56206.0	67202.0	74589.0	80779.0	85452.0	88352.0	91917.0	92846.0	93206.0	94077.0	94518.0	91265.0	89525.0	86909.0	86217.0	67909.0	68688.0	80945.0	76873.0	72421.0	1690955.0
	12	17	22	27	32	37	42	47	52	57	62	67	72	77	82	87	92	97	102	107	112	117	122	127	132	137	142	147	151
PD_41P_1_bbduk_adapt_filt	2850.0	468.0	661.0	1473.0	4219.0	8115.0	14065.0	21389.0	29381.0	37233.0	44346.0	50854.0	56704.0	62021.0	66956.0	70690.0	71471.0	74336.0	76543.0	76008.0	77924.0	78967.0	79068.0	64044.0	65549.0	78687.0	76846.0	72091.0	1961398.0
	12	17	22	27	32	37	42	47	52	57	62	67	72	77	82	87	92	97	102	107	112	117	122	127	132	137	142	147	151
PD_41P_2_bbduk_adapt_filt	2850.0	468.0	661.0	1473.0	4219.0	8115.0	14065.0	21389.0	29381.0	37233.0	44346.0	50854.0	56704.0	62021.0	66956.0	70690.0	71471.0	74336.0	76543.0	76008.0	77924.0	78967.0	79068.0	64044.0	65549.0	78687.0	76846.0	72091.0	1961398.0
	12	17	22	27	32	37	42	47	52	57	62	67	72	77	82	87	92	97	102	107	112	117	122	127	132	137	142	147	151
PD_42P_1_bbduk_adapt_filt	579.0	299.0	662.0	2268.0	6149.0	13311.0	23906.0	37128.0	51611.0	66594.0	79526.0	90317.0	100068.0	106652.0	113715.0	118725.0	122411.0	123771.0	126662.0	125771.0	126169.0	125277.0	123325.0	98683.0	100706.0	118302.0	113524.0	107498.0	2177812.0
	12	17	22	27	32	37	42	47	52	57	62	67	72	77	82	87	92	97	102	107	112	117	122	127	132	137	142	147	151
PD_42P_2_bbduk_adapt_filt	579.0	299.0	662.0	2268.0	6149.0	13311.0	23906.0	37128.0	51611.0	66594.0	79526.0	90317.0	100068.0	106652.0	113715.0	118725.0	122411.0	123771.0	126662.0	125771.0	126169.0	125277.0	123325.0	98683.0	100706.0	118302.0	113524.0	107498.0	2177812.0
	12	17	22	27	32	37	42	47	52	57	62	67	72	77	82	87	92	97	102	107	112	117	122	127	132	137	142	147	151
PD_43P_1_bbduk_adapt_filt	6994.0	1202.0	1797.0	5656.0	13860.0	23812.0	36644.0	48650.0	60216.0	68551.0	74572.0	77729.0	79917.0	81624.0	82500.0	82680.0	82117.0	81205.0	80737.0	78315.0	76776.0	73892.0	71818.0	55814.0	56472.0	65779.0	62564.0	57890.0	1181296.0
	12	17	22	27	32	37	42	47	52	57	62	67	72	77	82	87	92	97	102	107	112	117	122	127	132	137	142	147	151
PD_43P_2_bbduk_adapt_filt	6994.0	1202.0	1797.0	5656.0	13860.0	23812.0	36644.0	48650.0	60216.0	68551.0	74572.0	77729.0	79917.0	81624.0	82500.0	82680.0	82117.0	81205.0	80737.0	78315.0	76776.0	73892.0	71818.0	55814.0	56472.0	65779.0	62564.0	57890.0	1181296.0
	12	17	22	27	32	37	42	47	52	57	62	67	72	77	82	87	92	97	102	107	112	117	122	127	132	137	142	147	151
PD_44P_1_bbduk_adapt_filt	2785.0	686.0	1304.0	4032.0	10317.0	19968.0	33909.0	47546.0	62593.0	75320.0	84909.0	92437.0	98586.0	102163.0	105279.0	106893.0	107984.0	107908.0	107936.0	106009.0	104095.0	101655.0	99541.0	78062.0	77835.0	91736.0	87107.0	82714.0	1823334.0
	12	17	22	27	32	37	42	47	52	57	62	67	72	77	82	87	92	97	102	107	112	117	122	127	132	137	142	147	151
PD_44P_2_bbduk_adapt_filt	2785.0	686.0	1304.0	4032.0	10317.0	19968.0	33909.0	47546.0	62593.0	75320.0	84909.0	92437.0	98586.0	102163.0	105279.0	106893.0	107984.0	107908.0	107936.0	106009.0	104095.0	101655.0	99541.0	78062.0	77835.0	91736.0	87107.0	82714.0	1823334.0
	12	17	22	27	32	37	42	47	52	57	62	67	72	77	82	87	92	97	102	107	112	117	122	127	132	137	142	147	151
PD_45P_1_bbduk_adapt_filt	1184.0	558.0	1136.0	3759.0	9792.0	19138.0	33098.0	47454.0	65531.0	81404.0	95392.0	106058.0	115458.0	120685.0	126744.0	130119.0	131610.0	132377.0	134614.0	133605.0	132675.0	130222.0	128957.0	101939.0	103852.0	121447.0	117338.0	111074.0	2324548.0
	12	17	22	27	32	37	42	47	52	57	62	67	72	77	82	87	92	97	102	107	112	117	122	127	132	137	142	147	151
PD_45P_2_bbduk_adapt_filt	1184.0	558.0	1136.0	3759.0	9792.0	19138.0	33098.0	47454.0	65531.0	81404.0	95392.0	106058.0	115458.0	120685.0	126744.0	130119.0	131610.0	132377.0	134614.0	133605.0	132675.0	130222.0	128957.0	101939.0	103852.0	121447.0	117338.0	111074.0	2324548.0
	12	17	22	27	32	37	42	47	52	57	62	67	72	77	82	87	92	97	102	107	112	117	122	127	132	137	142	147	151
PD_46P_1_bbduk_adapt_filt	6448.0	1335.0	1692.0	5316.0	13268.0	23791.0	38938.0	53761.0	70558.0	83720.0	93563.0	101381.0	107742.0	111173.0	116338.0	116633.0	116781.0	116281.0	117174.0	114424.0	114311.0	111512.0	110312.0	87558.0	89976.0	105124.0	101635.0	94936.0	1900344.0
	12	17	22	27	32	37	42	47	52	57	62	67	72	77	82	87	92	97	102	107	112	117	122	127	132	137	142	147	151
PD_46P_2_bbduk_adapt_filt	6448.0	1335.0	1692.0	5316.0	13268.0	23791.0	38938.0	53761.0	70558.0	83720.0	93563.0	101381.0	107742.0	111173.0	116338.0	116633.0	116781.0	116281.0	117174.0	114424.0	114311.0	111512.0	110312.0	87558.0	89976.0	105124.0	101635.0	94936.0	1900344.0
	12	17	22	27	32	37	42	47	52	57	62	67	72	77	82	87	92	97	102	107	112	117	122	127	132	137	142	147	151
PD_47P_1_bbduk_adapt_filt	1543.0	560.0	1136.0	3812.0	8926.0	17173.0	28560.0	40516.0	53464.0	65922.0	74745.0	82150.0	87596.0	91637.0	94486.0	96968.0	97527.0	97189.0	97083.0	95974.0	94037.0	92180.0	90310.0	71641.0	72432.0	84336.0	80878.0	75947.0	1861547.0
	12	17	22	27	32	37	42	47	52	57	62	67	72	77	82	87	92	97	102	107	112	117	122	127	132	137	142	147	151
PD_47P_2_bbduk_adapt_filt	1543.0	560.0	1136.0	3812.0	8926.0	17173.0	28560.0	40516.0	53464.0	65922.0	74745.0	82150.0	87596.0	91637.0	94486.0	96968.0	97527.0	97189.0	97083.0	95974.0	94037.0	92180.0	90310.0	71641.0	72432.0	84336.0	80878.0	75947.0	1861547.0
	12	17	22	27	32	37	42	47	52	57	62	67	72	77	82	87	92	97	102	107	112	117	122	127	132	137	142	147	151
PD_48P_1_bbduk_adapt_filt	2989.0	886.0	1433.0	4990.0	12802.0	22767.0	36174.0	49159.0	62009.0	72557.0	80900.0	85584.0	88680.0	90826.0	94397.0	93811.0	92883.0	92756.0	93574.0	90688.0	88602.0	87785.0	85727.0	66743.0	69160.0	80674.0	78099.0	71655.0	1762990.0
	12	17	22	27	32	37	42	47	52	57	62	67	72	77	82	87	92	97	102	107	112	117	122	127	132	137	142	147	151
PD_48P_2_bbduk_adapt_filt	2989.0	886.0	1433.0	4990.0	12802.0	22767.0	36174.0	49159.0	62009.0	72557.0	80900.0	85584.0	88680.0	90826.0	94397.0	93811.0	92883.0	92756.0	93574.0	90688.0	88602.0	87785.0	85727.0	66743.0	69160.0	80674.0	78099.0	71655.0	1762990.0
	12	17	22	27	32	37	42	47	52	57	62	67	72	77	82	87	92	97	102	107	112	117	122	127	132	137	142	147	151
PD_4P_1_bbduk_adapt_filt	2217.0	1005.0	1427.0	4311.0	11054.0	21276.0	36698.0	52562.0	71729.0	87636.0	100299.0	109390.0	116117.0	120911.0	125580.0	125348.0	123890.0	122735.0	121755.0	117761.0	113995.0	109948.0	105912.0	82639.0	81472.0	93465.0	87695.0	80839.0	1499025.0
	12	17	22	27	32	37	42	47	52	57	62	67	72	77	82	87	92	97	102	107	112	117	122	127	132	137	142	147	151
PD_4P_2_bbduk_adapt_filt	2217.0	1005.0	1427.0	4311.0	11054.0	21276.0	36698.0	52562.0	71729.0	87636.0	100299.0	109390.0	116117.0	120911.0	125580.0	125348.0	123890.0	122735.0	121755.0	117761.0	113995.0	109948.0	105912.0	82639.0	81472.0	93465.0	87695.0	80839.0	1499025.0
	12	17	22	27	32	37	42	47	52	57	62	67	72	77	82	87	92	97	102	107	112	117	122	127	132	137	142	147	151
PD_50P_1_bbduk_adapt_filt	10773.0	1286.0	428.0	571.0	1508.0	1795.0	2872.0	3763.0	4520.0	5033.0	5451.0	5920.0	6106.0	6293.0	6477.0	6595.0	6743.0	6742.0	6755.0	6567.0	6590.0	6479.0	6510.0	5283.0	5279.0	6333.0	5920.0	5732.0	145092.0
	12	17	22	27	32	37	42	47	52	57	62	67	72	77	82	87	92	97	102	107	112	117	122	127	132	137	142	147	151
PD_50P_2_bbduk_adapt_filt	10773.0	1286.0	428.0	571.0	1508.0	1795.0	2872.0	3763.0	4520.0	5033.0	5451.0	5920.0	6106.0	6293.0	6477.0	6595.0	6743.0	6742.0	6755.0	6567.0	6590.0	6479.0	6510.0	5283.0	5279.0	6333.0	5920.0	5732.0	145092.0
	12	17	22	27	32	37	42	47	52	57	62	67	72	77	82	87	92	97	102	107	112	117	122	127	132	137	142	147	151
PD_51P_1_bbduk_adapt_filt	1043.0	365.0	649.0	2158.0	5967.0	12138.0	21556.0	31481.0	43925.0	56491.0	66553.0	75047.0	82395.0	87055.0	91779.0	94323.0	95328.0	96234.0	97577.0	95625.0	95025.0	93722.0	92595.0	73263.0	73977.0	87917.0	84190.0	80230.0	2000978.0
	12	17	22	27	32	37	42	47	52	57	62	67	72	77	82	87	92	97	102	107	112	117	122	127	132	137	142	147	151
PD_51P_2_bbduk_adapt_filt	1043.0	365.0	649.0	2158.0	5967.0	12138.0	21556.0	31481.0	43925.0	56491.0	66553.0	75047.0	82395.0	87055.0	91779.0	94323.0	95328.0	96234.0	97577.0	95625.0	95025.0	93722.0	92595.0	73263.0	73977.0	87917.0	84190.0	80230.0	2000978.0
	12	17	22	27	32	37	42	47	52	57	62	67	72	77	82	87	92	97	102	107	112	117	122	127	132	137	142	147	151
PD_52P_1_bbduk_adapt_filt	8473.0	820.0	1655.0	5262.0	12890.0	22489.0	35491.0	46293.0	57024.0	64733.0	71151.0	75121.0	78106.0	79810.0	81561.0	81467.0	81072.0	79883.0	79303.0	77317.0	75784.0	73471.0	71296.0	55811.0	56438.0	66463.0	62927.0	58882.0	1350188.0
	12	17	22	27	32	37	42	47	52	57	62	67	72	77	82	87	92	97	102	107	112	117	122	127	132	137	142	147	151
PD_52P_2_bbduk_adapt_filt	8473.0	820.0	1655.0	5262.0	12890.0	22489.0	35491.0	46293.0	57024.0	64733.0	71151.0	75121.0	78106.0	79810.0	81561.0	81467.0	81072.0	79883.0	79303.0	77317.0	75784.0	73471.0	71296.0	55811.0	56438.0	66463.0	62927.0	58882.0	1350188.0
	12	17	22	27	32	37	42	47	52	57	62	67	72	77	82	87	92	97	102	107	112	117	122	127	132	137	142	147	151
PD_53P_1_bbduk_adapt_filt	1050.0	614.0	1100.0	3116.0	8150.0	15669.0	26701.0	37806.0	49921.0	60479.0	69434.0	75000.0	80175.0	84612.0	87985.0	89092.0	87440.0	87624.0	88190.0	85982.0	83026.0	82329.0	81100.0	64241.0	66693.0	78180.0	75438.0	71210.0	1952869.0
	12	17	22	27	32	37	42	47	52	57	62	67	72	77	82	87	92	97	102	107	112	117	122	127	132	137	142	147	151
PD_53P_2_bbduk_adapt_filt	1050.0	614.0	1100.0	3116.0	8150.0	15669.0	26701.0	37806.0	49921.0	60479.0	69434.0	75000.0	80175.0	84612.0	87985.0	89092.0	87440.0	87624.0	88190.0	85982.0	83026.0	82329.0	81100.0	64241.0	66693.0	78180.0	75438.0	71210.0	1952869.0
	12	17	22	27	32	37	42	47	52	57	62	67	72	77	82	87	92	97	102	107	112	117	122	127	132	137	142	147	151
PD_54P_1_bbduk_adapt_filt	1524.0	499.0	942.0	3490.0	9215.0	18091.0	31227.0	45724.0	62462.0	78860.0	91708.0	102125.0	110473.0	115558.0	120408.0	121209.0	118343.0	117887.0	118019.0	115305.0	110836.0	107524.0	106880.0	84520.0	87028.0	101859.0	96820.0	90738.0	2053456.0
	12	17	22	27	32	37	42	47	52	57	62	67	72	77	82	87	92	97	102	107	112	117	122	127	132	137	142	147	151
PD_54P_2_bbduk_adapt_filt	1524.0	499.0	942.0	3490.0	9215.0	18091.0	31227.0	45724.0	62462.0	78860.0	91708.0	102125.0	110473.0	115558.0	120408.0	121209.0	118343.0	117887.0	118019.0	115305.0	110836.0	107524.0	106880.0	84520.0	87028.0	101859.0	96820.0	90738.0	2053456.0
	12	17	22	27	32	37	42	47	52	57	62	67	72	77	82	87	92	97	102	107	112	117	122	127	132	137	142	147	151
PD_55P_1_bbduk_adapt_filt	2834.0	439.0	517.0	1400.0	3855.0	7559.0	13598.0	20705.0	30170.0	39327.0	48799.0	57562.0	65712.0	74338.0	82117.0	87726.0	91924.0	97367.0	102043.0	103578.0	105035.0	105155.0	106839.0	85873.0	90160.0	109128.0	105594.0	101221.0	2136637.0
	12	17	22	27	32	37	42	47	52	57	62	67	72	77	82	87	92	97	102	107	112	117	122	127	132	137	142	147	151
PD_55P_2_bbduk_adapt_filt	2834.0	439.0	517.0	1400.0	3855.0	7559.0	13598.0	20705.0	30170.0	39327.0	48799.0	57562.0	65712.0	74338.0	82117.0	87726.0	91924.0	97367.0	102043.0	103578.0	105035.0	105155.0	106839.0	85873.0	90160.0	109128.0	105594.0	101221.0	2136637.0
	12	17	22	27	32	37	42	47	52	57	62	67	72	77	82	87	92	97	102	107	112	117	122	127	132	137	142	147	151
PD_56P_1_bbduk_adapt_filt	1266.0	518.0	1273.0	4511.0	12185.0	24660.0	43049.0	65966.0	90200.0	115972.0	137696.0	156184.0	170396.0	181595.0	192058.0	198640.0	201938.0	205359.0	206896.0	205868.0	202818.0	199393.0	197656.0	155092.0	157293.0	184750.0	176960.0	166947.0	3274758.0
	12	17	22	27	32	37	42	47	52	57	62	67	72	77	82	87	92	97	102	107	112	117	122	127	132	137	142	147	151
PD_56P_2_bbduk_adapt_filt	1266.0	518.0	1273.0	4511.0	12185.0	24660.0	43049.0	65966.0	90200.0	115972.0	137696.0	156184.0	170396.0	181595.0	192058.0	198640.0	201938.0	205359.0	206896.0	205868.0	202818.0	199393.0	197656.0	155092.0	157293.0	184750.0	176960.0	166947.0	3274758.0
	12	17	22	27	32	37	42	47	52	57	62	67	72	77	82	87	92	97	102	107	112	117	122	127	132	137	142	147	151
PD_57P_1_bbduk_adapt_filt	3810.0	1295.0	1965.0	6396.0	17515.0	33404.0	55452.0	75041.0	94345.0	111050.0	121597.0	129214.0	134300.0	138323.0	142098.0	143066.0	142941.0	141853.0	141355.0	138732.0	135702.0	131938.0	128904.0	100487.0	102118.0	118665.0	113360.0	106046.0	1937853.0
	12	17	22	27	32	37	42	47	52	57	62	67	72	77	82	87	92	97	102	107	112	117	122	127	132	137	142	147	151
PD_57P_2_bbduk_adapt_filt	3810.0	1295.0	1965.0	6396.0	17515.0	33404.0	55452.0	75041.0	94345.0	111050.0	121597.0	129214.0	134300.0	138323.0	142098.0	143066.0	142941.0	141853.0	141355.0	138732.0	135702.0	131938.0	128904.0	100487.0	102118.0	118665.0	113360.0	106046.0	1937853.0
	12	17	22	27	32	37	42	47	52	57	62	67	72	77	82	87	92	97	102	107	112	117	122	127	132	137	142	147	151
PD_58P_1_bbduk_adapt_filt	1921.0	626.0	1205.0	4566.0	11314.0	21276.0	35235.0	48413.0	63100.0	75532.0	84597.0	92078.0	97216.0	100683.0	104179.0	104651.0	104927.0	104198.0	103962.0	102030.0	99937.0	97254.0	95580.0	74589.0	76314.0	88487.0	84733.0	79649.0	1893114.0
	12	17	22	27	32	37	42	47	52	57	62	67	72	77	82	87	92	97	102	107	112	117	122	127	132	137	142	147	151
PD_58P_2_bbduk_adapt_filt	1921.0	626.0	1205.0	4566.0	11314.0	21276.0	35235.0	48413.0	63100.0	75532.0	84597.0	92078.0	97216.0	100683.0	104179.0	104651.0	104927.0	104198.0	103962.0	102030.0	99937.0	97254.0	95580.0	74589.0	76314.0	88487.0	84733.0	79649.0	1893114.0
	12	17	22	27	32	37	42	47	52	57	62	67	72	77	82	87	92	97	102	107	112	117	122	127	132	137	142	147	151
PD_59P_1_bbduk_adapt_filt	5229.0	1236.0	1548.0	4948.0	11454.0	19507.0	31070.0	41716.0	53777.0	62636.0	69526.0	73786.0	77181.0	79884.0	83008.0	82467.0	82514.0	82881.0	83170.0	80872.0	78945.0	77018.0	76022.0	58828.0	60144.0	70205.0	67164.0	62803.0	1332672.0
	12	17	22	27	32	37	42	47	52	57	62	67	72	77	82	87	92	97	102	107	112	117	122	127	132	137	142	147	151
PD_59P_2_bbduk_adapt_filt	5229.0	1236.0	1548.0	4948.0	11454.0	19507.0	31070.0	41716.0	53777.0	62636.0	69526.0	73786.0	77181.0	79884.0	83008.0	82467.0	82514.0	82881.0	83170.0	80872.0	78945.0	77018.0	76022.0	58828.0	60144.0	70205.0	67164.0	62803.0	1332672.0
	12	17	22	27	32	37	42	47	52	57	62	67	72	77	82	87	92	97	102	107	112	117	122	127	132	137	142	147	151
PD_5P_1_bbduk_adapt_filt	2008.0	583.0	1124.0	4390.0	10796.0	20678.0	32931.0	45640.0	59771.0	71546.0	80844.0	87796.0	93170.0	97784.0	102854.0	104589.0	105484.0	107812.0	107733.0	105449.0	105060.0	102872.0	101917.0	80177.0	81982.0	94691.0	90560.0	85111.0	1658347.0
	12	17	22	27	32	37	42	47	52	57	62	67	72	77	82	87	92	97	102	107	112	117	122	127	132	137	142	147	151
PD_5P_2_bbduk_adapt_filt	2008.0	583.0	1124.0	4390.0	10796.0	20678.0	32931.0	45640.0	59771.0	71546.0	80844.0	87796.0	93170.0	97784.0	102854.0	104589.0	105484.0	107812.0	107733.0	105449.0	105060.0	102872.0	101917.0	80177.0	81982.0	94691.0	90560.0	85111.0	1658347.0
	12	17	22	27	32	37	42	47	52	57	62	67	72	77	82	87	92	97	102	107	112	117	122	127	132	137	142	147	151
PD_60P_1_bbduk_adapt_filt	1693.0	542.0	1105.0	3923.0	9880.0	19428.0	33127.0	47207.0	63782.0	77664.0	89094.0	97531.0	103997.0	108349.0	112758.0	114541.0	114651.0	115340.0	116457.0	113368.0	112207.0	109599.0	108224.0	85709.0	87115.0	101817.0	97375.0	91652.0	1879239.0
	12	17	22	27	32	37	42	47	52	57	62	67	72	77	82	87	92	97	102	107	112	117	122	127	132	137	142	147	151
PD_60P_2_bbduk_adapt_filt	1693.0	542.0	1105.0	3923.0	9880.0	19428.0	33127.0	47207.0	63782.0	77664.0	89094.0	97531.0	103997.0	108349.0	112758.0	114541.0	114651.0	115340.0	116457.0	113368.0	112207.0	109599.0	108224.0	85709.0	87115.0	101817.0	97375.0	91652.0	1879239.0
	12	17	22	27	32	37	42	47	52	57	62	67	72	77	82	87	92	97	102	107	112	117	122	127	132	137	142	147	151
PD_63P_1_bbduk_adapt_filt	1409.0	241.0	433.0	1277.0	3412.0	6337.0	10745.0	15102.0	20067.0	24822.0	28820.0	32802.0	36924.0	40223.0	44841.0	48054.0	50249.0	54308.0	58359.0	60543.0	64595.0	67526.0	71064.0	59502.0	62825.0	77637.0	77447.0	75159.0	2182851.0
	12	17	22	27	32	37	42	47	52	57	62	67	72	77	82	87	92	97	102	107	112	117	122	127	132	137	142	147	151
PD_63P_2_bbduk_adapt_filt	1409.0	241.0	433.0	1277.0	3412.0	6337.0	10745.0	15102.0	20067.0	24822.0	28820.0	32802.0	36924.0	40223.0	44841.0	48054.0	50249.0	54308.0	58359.0	60543.0	64595.0	67526.0	71064.0	59502.0	62825.0	77637.0	77447.0	75159.0	2182851.0
	12	17	22	27	32	37	42	47	52	57	62	67	72	77	82	87	92	97	102	107	112	117	122	127	132	137	142	147	151
PD_64P_1_bbduk_adapt_filt	1978.0	1168.0	1364.0	5395.0	14298.0	27756.0	46656.0	66384.0	87980.0	106642.0	120589.0	130034.0	137400.0	141492.0	144529.0	144598.0	142216.0	140347.0	138333.0	133560.0	128630.0	123765.0	119742.0	93814.0	93940.0	109290.0	103002.0	95623.0	1892901.0
	12	17	22	27	32	37	42	47	52	57	62	67	72	77	82	87	92	97	102	107	112	117	122	127	132	137	142	147	151
PD_64P_2_bbduk_adapt_filt	1978.0	1168.0	1364.0	5395.0	14298.0	27756.0	46656.0	66384.0	87980.0	106642.0	120589.0	130034.0	137400.0	141492.0	144529.0	144598.0	142216.0	140347.0	138333.0	133560.0	128630.0	123765.0	119742.0	93814.0	93940.0	109290.0	103002.0	95623.0	1892901.0
	12	17	22	27	32	37	42	47	52	57	62	67	72	77	82	87	92	97	102	107	112	117	122	127	132	137	142	147	151
PD_65P_1_bbduk_adapt_filt	3115.0	2599.0	1042.0	3544.0	8742.0	16531.0	28748.0	41623.0	56928.0	71374.0	83100.0	92536.0	99206.0	103496.0	108590.0	109549.0	109677.0	108913.0	109009.0	106611.0	105758.0	102161.0	100350.0	78471.0	79026.0	92458.0	86990.0	81645.0	1697903.0
	12	17	22	27	32	37	42	47	52	57	62	67	72	77	82	87	92	97	102	107	112	117	122	127	132	137	142	147	151
PD_65P_2_bbduk_adapt_filt	3115.0	2599.0	1042.0	3544.0	8742.0	16531.0	28748.0	41623.0	56928.0	71374.0	83100.0	92536.0	99206.0	103496.0	108590.0	109549.0	109677.0	108913.0	109009.0	106611.0	105758.0	102161.0	100350.0	78471.0	79026.0	92458.0	86990.0	81645.0	1697903.0
	12	17	22	27	32	37	42	47	52	57	62	67	72	77	82	87	92	97	102	107	112	117	122	127	132	137	142	147	151
PD_66P_1_bbduk_adapt_filt	5001.0	955.0	1315.0	4164.0	11300.0	21054.0	34074.0	46186.0	58388.0	68087.0	74724.0	78867.0	81437.0	84265.0	87146.0	87566.0	87273.0	88460.0	88901.0	86333.0	85658.0	84571.0	83318.0	65334.0	66419.0	78627.0	74824.0	69874.0	1362301.0
	12	17	22	27	32	37	42	47	52	57	62	67	72	77	82	87	92	97	102	107	112	117	122	127	132	137	142	147	151
PD_66P_2_bbduk_adapt_filt	5001.0	955.0	1315.0	4164.0	11300.0	21054.0	34074.0	46186.0	58388.0	68087.0	74724.0	78867.0	81437.0	84265.0	87146.0	87566.0	87273.0	88460.0	88901.0	86333.0	85658.0	84571.0	83318.0	65334.0	66419.0	78627.0	74824.0	69874.0	1362301.0
	12	17	22	27	32	37	42	47	52	57	62	67	72	77	82	87	92	97	102	107	112	117	122	127	132	137	142	147	151
PD_6P_1_bbduk_adapt_filt	4415.0	727.0	954.0	3069.0	7528.0	14270.0	23828.0	34427.0	44754.0	55377.0	62371.0	67872.0	72122.0	74660.0	76825.0	77621.0	77349.0	76565.0	76260.0	74243.0	72665.0	71290.0	69487.0	54552.0	54931.0	63964.0	60838.0	57082.0	1315602.0
	12	17	22	27	32	37	42	47	52	57	62	67	72	77	82	87	92	97	102	107	112	117	122	127	132	137	142	147	151
PD_6P_2_bbduk_adapt_filt	4415.0	727.0	954.0	3069.0	7528.0	14270.0	23828.0	34427.0	44754.0	55377.0	62371.0	67872.0	72122.0	74660.0	76825.0	77621.0	77349.0	76565.0	76260.0	74243.0	72665.0	71290.0	69487.0	54552.0	54931.0	63964.0	60838.0	57082.0	1315602.0
	12	17	22	27	32	37	42	47	52	57	62	67	72	77	82	87	92	97	102	107	112	117	122	127	132	137	142	147	151
PD_70P_1_bbduk_adapt_filt	2874.0	959.0	1346.0	4591.0	11247.0	20195.0	32095.0	42918.0	54676.0	63214.0	70363.0	74313.0	77581.0	79364.0	82088.0	80850.0	80178.0	80658.0	80461.0	77941.0	77071.0	75852.0	74574.0	59322.0	59965.0	70853.0	67606.0	62589.0	1499807.0
	12	17	22	27	32	37	42	47	52	57	62	67	72	77	82	87	92	97	102	107	112	117	122	127	132	137	142	147	151
PD_70P_2_bbduk_adapt_filt	2874.0	959.0	1346.0	4591.0	11247.0	20195.0	32095.0	42918.0	54676.0	63214.0	70363.0	74313.0	77581.0	79364.0	82088.0	80850.0	80178.0	80658.0	80461.0	77941.0	77071.0	75852.0	74574.0	59322.0	59965.0	70853.0	67606.0	62589.0	1499807.0
	12	17	22	27	32	37	42	47	52	57	62	67	72	77	82	87	92	97	102	107	112	117	122	127	132	137	142	147	151
PD_73P_1_bbduk_adapt_filt	2358.0	655.0	977.0	3139.0	7829.0	13888.0	21471.0	27551.0	31440.0	32149.0	30148.0	27683.0	26014.0	28708.0	30384.0	28368.0	27417.0	30854.0	31554.0	26825.0	20497.0	18081.0	21185.0	18933.0	21809.0	28137.0	27839.0	26683.0	737527.0
	12	17	22	27	32	37	42	47	52	57	62	67	72	77	82	87	92	97	102	107	112	117	122	127	132	137	142	147	151
PD_73P_2_bbduk_adapt_filt	2358.0	655.0	977.0	3139.0	7829.0	13888.0	21471.0	27551.0	31440.0	32149.0	30148.0	27683.0	26014.0	28708.0	30384.0	28368.0	27417.0	30854.0	31554.0	26825.0	20497.0	18081.0	21185.0	18933.0	21809.0	28137.0	27839.0	26683.0	737527.0
	12	17	22	27	32	37	42	47	52	57	62	67	72	77	82	87	92	97	102	107	112	117	122	127	132	137	142	147	151
PD_74P_1_bbduk_adapt_filt	1161.0	559.0	1153.0	4540.0	11868.0	23020.0	38634.0	52541.0	67928.0	80331.0	89109.0	96461.0	100973.0	105036.0	108264.0	110421.0	110016.0	110533.0	110452.0	107845.0	107155.0	104329.0	102809.0	81181.0	81655.0	95721.0	91809.0	86297.0	1643378.0
	12	17	22	27	32	37	42	47	52	57	62	67	72	77	82	87	92	97	102	107	112	117	122	127	132	137	142	147	151
PD_74P_2_bbduk_adapt_filt	1161.0	559.0	1153.0	4540.0	11868.0	23020.0	38634.0	52541.0	67928.0	80331.0	89109.0	96461.0	100973.0	105036.0	108264.0	110421.0	110016.0	110533.0	110452.0	107845.0	107155.0	104329.0	102809.0	81181.0	81655.0	95721.0	91809.0	86297.0	1643378.0
	12	17	22	27	32	37	42	47	52	57	62	67	72	77	82	87	92	97	102	107	112	117	122	127	132	137	142	147	151
PD_75P_1_bbduk_adapt_filt	11128.0	951.0	1132.0	3486.0	9117.0	17221.0	28602.0	39829.0	51779.0	62059.0	69404.0	74446.0	78521.0	81125.0	84062.0	85076.0	84800.0	85591.0	86158.0	85148.0	84657.0	82701.0	81809.0	64865.0	66633.0	77984.0	75039.0	70725.0	1525718.0
	12	17	22	27	32	37	42	47	52	57	62	67	72	77	82	87	92	97	102	107	112	117	122	127	132	137	142	147	151
PD_75P_2_bbduk_adapt_filt	11128.0	951.0	1132.0	3486.0	9117.0	17221.0	28602.0	39829.0	51779.0	62059.0	69404.0	74446.0	78521.0	81125.0	84062.0	85076.0	84800.0	85591.0	86158.0	85148.0	84657.0	82701.0	81809.0	64865.0	66633.0	77984.0	75039.0	70725.0	1525718.0
	12	17	22	27	32	37	42	47	52	57	62	67	72	77	82	87	92	97	102	107	112	117	122	127	132	137	142	147	151
PD_76P_1_bbduk_adapt_filt	5609.0	1958.0	1344.0	5876.0	13361.0	22853.0	34387.0	43145.0	53169.0	60481.0	65820.0	69005.0	72429.0	73512.0	75476.0	76245.0	75523.0	75576.0	75896.0	73786.0	72368.0	70038.0	69594.0	54524.0	55444.0	65136.0	61847.0	58466.0	1504651.0
	12	17	22	27	32	37	42	47	52	57	62	67	72	77	82	87	92	97	102	107	112	117	122	127	132	137	142	147	151
PD_76P_2_bbduk_adapt_filt	5609.0	1958.0	1344.0	5876.0	13361.0	22853.0	34387.0	43145.0	53169.0	60481.0	65820.0	69005.0	72429.0	73512.0	75476.0	76245.0	75523.0	75576.0	75896.0	73786.0	72368.0	70038.0	69594.0	54524.0	55444.0	65136.0	61847.0	58466.0	1504651.0
	12	17	22	27	32	37	42	47	52	57	62	67	72	77	82	87	92	97	102	107	112	117	122	127	132	137	142	147	151
PD_77P_1_bbduk_adapt_filt	2578.0	930.0	1527.0	6119.0	14987.0	28051.0	45848.0	64013.0	82697.0	98650.0	110467.0	118931.0	124243.0	127484.0	130956.0	130011.0	126786.0	125532.0	124445.0	120385.0	117785.0	113653.0	110297.0	86102.0	87555.0	100026.0	94337.0	88206.0	1818448.0
	12	17	22	27	32	37	42	47	52	57	62	67	72	77	82	87	92	97	102	107	112	117	122	127	132	137	142	147	151
PD_77P_2_bbduk_adapt_filt	2578.0	930.0	1527.0	6119.0	14987.0	28051.0	45848.0	64013.0	82697.0	98650.0	110467.0	118931.0	124243.0	127484.0	130956.0	130011.0	126786.0	125532.0	124445.0	120385.0	117785.0	113653.0	110297.0	86102.0	87555.0	100026.0	94337.0	88206.0	1818448.0
	12	17	22	27	32	37	42	47	52	57	62	67	72	77	82	87	92	97	102	107	112	117	122	127	132	137	142	147	151
PD_78P_1_bbduk_adapt_filt	16602.0	1704.0	1839.0	5922.0	14040.0	23606.0	36931.0	47625.0	58757.0	67315.0	73628.0	77220.0	79663.0	80806.0	82078.0	82128.0	81469.0	80002.0	79534.0	77238.0	75995.0	73810.0	71336.0	56395.0	57277.0	66280.0	63483.0	58743.0	1367269.0
	12	17	22	27	32	37	42	47	52	57	62	67	72	77	82	87	92	97	102	107	112	117	122	127	132	137	142	147	151
PD_78P_2_bbduk_adapt_filt	16602.0	1704.0	1839.0	5922.0	14040.0	23606.0	36931.0	47625.0	58757.0	67315.0	73628.0	77220.0	79663.0	80806.0	82078.0	82128.0	81469.0	80002.0	79534.0	77238.0	75995.0	73810.0	71336.0	56395.0	57277.0	66280.0	63483.0	58743.0	1367269.0
	12	17	22	27	32	37	42	47	52	57	62	67	72	77	82	87	92	97	102	107	112	117	122	127	132	137	142	147	151
PD_79S_1_bbduk_adapt_filt	2782.0	909.0	2039.0	7529.0	17396.0	30161.0	46901.0	61923.0	78115.0	90340.0	98811.0	105524.0	109751.0	112704.0	115234.0	116193.0	115709.0	114988.0	114458.0	110972.0	108526.0	106215.0	103182.0	81744.0	81814.0	96329.0	91624.0	86465.0	1983670.0
	12	17	22	27	32	37	42	47	52	57	62	67	72	77	82	87	92	97	102	107	112	117	122	127	132	137	142	147	151
PD_79S_2_bbduk_adapt_filt	2782.0	909.0	2039.0	7529.0	17396.0	30161.0	46901.0	61923.0	78115.0	90340.0	98811.0	105524.0	109751.0	112704.0	115234.0	116193.0	115709.0	114988.0	114458.0	110972.0	108526.0	106215.0	103182.0	81744.0	81814.0	96329.0	91624.0	86465.0	1983670.0
	12	17	22	27	32	37	42	47	52	57	62	67	72	77	82	87	92	97	102	107	112	117	122	127	132	137	142	147	151
PD_7P_1_bbduk_adapt_filt	1770.0	527.0	870.0	2851.0	8779.0	18718.0	32573.0	46809.0	62805.0	76263.0	85764.0	92017.0	95564.0	99531.0	105482.0	103732.0	101330.0	101567.0	101579.0	97910.0	96937.0	94185.0	96058.0	77102.0	79480.0	93747.0	87756.0	81270.0	1597174.0
	12	17	22	27	32	37	42	47	52	57	62	67	72	77	82	87	92	97	102	107	112	117	122	127	132	137	142	147	151
PD_7P_2_bbduk_adapt_filt	1770.0	527.0	870.0	2851.0	8779.0	18718.0	32573.0	46809.0	62805.0	76263.0	85764.0	92017.0	95564.0	99531.0	105482.0	103732.0	101330.0	101567.0	101579.0	97910.0	96937.0	94185.0	96058.0	77102.0	79480.0	93747.0	87756.0	81270.0	1597174.0
	12	17	22	27	32	37	42	47	52	57	62	67	72	77	82	87	92	97	102	107	112	117	122	127	132	137	142	147	151
PD_81P_1_bbduk_adapt_filt	33135.0	6041.0	461.0	383.0	1047.0	43.0	36.0	43.0	81.0	27.0	35.0	38.0	28.0	34.0	32.0	29.0	33.0	24.0	32.0	40.0	30.0	48.0	24.0	23.0	28.0	30.0	32.0	16.0	23222.0
	12	17	22	27	32	37	42	47	52	57	62	67	72	77	82	87	92	97	102	107	112	117	122	127	132	137	142	147	151
PD_81P_2_bbduk_adapt_filt	33135.0	6041.0	461.0	383.0	1047.0	43.0	36.0	43.0	81.0	27.0	35.0	38.0	28.0	34.0	32.0	29.0	33.0	24.0	32.0	40.0	30.0	48.0	24.0	23.0	28.0	30.0	32.0	16.0	23222.0
	12	17	22	27	32	37	42	47	52	57	62	67	72	77	82	87	92	97	102	107	112	117	122	127	132	137	142	147	151
PD_82P_1_bbduk_adapt_filt	3380.0	858.0	1269.0	3598.0	9024.0	17039.0	28225.0	39754.0	52237.0	63566.0	72033.0	77607.0	82822.0	86063.0	90335.0	92406.0	93228.0	94354.0	94602.0	93249.0	91942.0	90848.0	89280.0	70416.0	71445.0	83216.0	80347.0	75190.0	1880583.0
	12	17	22	27	32	37	42	47	52	57	62	67	72	77	82	87	92	97	102	107	112	117	122	127	132	137	142	147	151
PD_82P_2_bbduk_adapt_filt	3380.0	858.0	1269.0	3598.0	9024.0	17039.0	28225.0	39754.0	52237.0	63566.0	72033.0	77607.0	82822.0	86063.0	90335.0	92406.0	93228.0	94354.0	94602.0	93249.0	91942.0	90848.0	89280.0	70416.0	71445.0	83216.0	80347.0	75190.0	1880583.0
	12	17	22	27	32	37	42	47	52	57	62	67	72	77	82	87	92	97	102	107	112	117	122	127	132	137	142	147	151
PD_83P_1_bbduk_adapt_filt	17.0	10.0	11.0	54.0	128.0	255.0	453.0	608.0	809.0	973.0	1148.0	1221.0	1253.0	1410.0	1404.0	1470.0	1484.0	1510.0	1419.0	1434.0	1387.0	1383.0	1364.0	1107.0	1129.0	1233.0	1227.0	1096.0	28688.0
	12	17	22	27	32	37	42	47	52	57	62	67	72	77	82	87	92	97	102	107	112	117	122	127	132	137	142	147	151
PD_83P_2_bbduk_adapt_filt	17.0	10.0	11.0	54.0	128.0	255.0	453.0	608.0	809.0	973.0	1148.0	1221.0	1253.0	1410.0	1404.0	1470.0	1484.0	1510.0	1419.0	1434.0	1387.0	1383.0	1364.0	1107.0	1129.0	1233.0	1227.0	1096.0	28688.0
	12	17	22	27	32	37	42	47	52	57	62	67	72	77	82	87	92	97	102	107	112	117	122	127	132	137	142	147	151
PD_84P_1_bbduk_adapt_filt	2586.0	1191.0	1451.0	5705.0	13964.0	26772.0	45111.0	63513.0	83436.0	99822.0	112322.0	119877.0	124592.0	127178.0	128370.0	127214.0	124704.0	122075.0	119489.0	115312.0	111293.0	107420.0	103082.0	79101.0	79907.0	91381.0	85623.0	78796.0	1224713.0
	12	17	22	27	32	37	42	47	52	57	62	67	72	77	82	87	92	97	102	107	112	117	122	127	132	137	142	147	151
PD_84P_2_bbduk_adapt_filt	2586.0	1191.0	1451.0	5705.0	13964.0	26772.0	45111.0	63513.0	83436.0	99822.0	112322.0	119877.0	124592.0	127178.0	128370.0	127214.0	124704.0	122075.0	119489.0	115312.0	111293.0	107420.0	103082.0	79101.0	79907.0	91381.0	85623.0	78796.0	1224713.0
	12	17	22	27	32	37	42	47	52	57	62	67	72	77	82	87	92	97	102	107	112	117	122	127	132	137	142	147	151
PD_8P_1_bbduk_adapt_filt	4748.0	1267.0	1624.0	4853.0	12240.0	23225.0	39532.0	56276.0	75301.0	92093.0	105491.0	115282.0	123223.0	129270.0	133417.0	135642.0	136168.0	136872.0	137518.0	135402.0	132856.0	129528.0	126877.0	99514.0	101432.0	118906.0	114292.0	107005.0	1960732.0
	12	17	22	27	32	37	42	47	52	57	62	67	72	77	82	87	92	97	102	107	112	117	122	127	132	137	142	147	151
PD_8P_2_bbduk_adapt_filt	4748.0	1267.0	1624.0	4853.0	12240.0	23225.0	39532.0	56276.0	75301.0	92093.0	105491.0	115282.0	123223.0	129270.0	133417.0	135642.0	136168.0	136872.0	137518.0	135402.0	132856.0	129528.0	126877.0	99514.0	101432.0	118906.0	114292.0	107005.0	1960732.0
	12	17	22	27	32	37	42	47	52	57	62	67	72	77	82	87	92	97	102	107	112	117	122	127	132	137	142	147	151
PD_9P_1_bbduk_adapt_filt	2909.0	910.0	1423.0	5322.0	14136.0	27589.0	44469.0	60252.0	76641.0	90230.0	100025.0	106725.0	112591.0	116822.0	119765.0	121670.0	122174.0	121033.0	121389.0	118151.0	116172.0	114035.0	111663.0	87551.0	87723.0	103259.0	98169.0	91966.0	1969807.0
	12	17	22	27	32	37	42	47	52	57	62	67	72	77	82	87	92	97	102	107	112	117	122	127	132	137	142	147	151
PD_9P_2_bbduk_adapt_filt	2909.0	910.0	1423.0	5322.0	14136.0	27589.0	44469.0	60252.0	76641.0	90230.0	100025.0	106725.0	112591.0	116822.0	119765.0	121670.0	122174.0	121033.0	121389.0	118151.0	116172.0	114035.0	111663.0	87551.0	87723.0	103259.0	98169.0	91966.0	1969807.0
	12	17	22	27	32	37	42	47	52	57	62	67	72	77	82	87	92	97	102	107	112	117	122	127	132	137	142	147	151
PD_Extr_neg_plate1_1_bbduk_adapt_filt	5027.0	877.0	560.0	477.0	515.0	26.0	26.0	35.0	32.0	28.0	40.0	33.0	53.0	39.0	35.0	44.0	40.0	42.0	40.0	46.0	46.0	44.0	47.0	38.0	33.0	34.0	58.0	46.0	13834.0
	12	17	22	27	32	37	42	47	52	57	62	67	72	77	82	87	92	97	102	107	112	117	122	127	132	137	142	147	151
PD_Extr_neg_plate1_2_bbduk_adapt_filt	5027.0	877.0	560.0	477.0	515.0	26.0	26.0	35.0	32.0	28.0	40.0	33.0	53.0	39.0	35.0	44.0	40.0	42.0	40.0	46.0	46.0	44.0	47.0	38.0	33.0	34.0	58.0	46.0	13834.0
	12	17	22	27	32	37	42	47	52	57	62	67	72	77	82	87	92	97	102	107	112	117	122	127	132	137	142	147	151
PD_Extr_neg_plate2_1_bbduk_adapt_filt	19604.0	1571.0	994.0	603.0	2023.0	48.0	24.0	38.0	99.0	5.0	5.0	2.0	6.0	8.0	9.0	4.0	5.0	7.0	7.0	5.0	4.0	5.0	3.0	2.0	5.0	5.0	5.0	0.0	61317.0
	12	17	22	27	32	37	42	47	52	57	62	67	72	77	82	87	92	97	102	107	112	117	122	127	132	137	142	147	151
PD_Extr_neg_plate2_2_bbduk_adapt_filt	19604.0	1571.0	994.0	603.0	2023.0	48.0	24.0	38.0	99.0	5.0	5.0	2.0	6.0	8.0	9.0	4.0	5.0	7.0	7.0	5.0	4.0	5.0	3.0	2.0	5.0	5.0	5.0	0.0	61317.0
	12	17	22	27	32	37	42	47	52	57	62	67	72	77	82	87	92	97	102	107	112	117	122	127	132	137	142	147	151
PD_Extr_neg_plate3_1_bbduk_adapt_filt	4498.0	1036.0	362.0	197.0	340.0	16.0	19.0	29.0	55.0	27.0	28.0	21.0	28.0	26.0	24.0	29.0	22.0	19.0	15.0	15.0	14.0	15.0	20.0	6.0	9.0	11.0	8.0	6.0	5898.0
	12	17	22	27	32	37	42	47	52	57	62	67	72	77	82	87	92	97	102	107	112	117	122	127	132	137	142	147	151
PD_Extr_neg_plate3_2_bbduk_adapt_filt	4498.0	1036.0	362.0	197.0	340.0	16.0	19.0	29.0	55.0	27.0	28.0	21.0	28.0	26.0	24.0	29.0	22.0	19.0	15.0	15.0	14.0	15.0	20.0	6.0	9.0	11.0	8.0	6.0	5898.0
	12	17	22	27	32	37	42	47	52	57	62	67	72	77	82	87	92	97	102	107	112	117	122	127	132	137	142	147	151
PD_Extr_pos_plate1_1_bbduk_adapt_filt	8095.0	314.0	539.0	468.0	658.0	83.0	104.0	104.0	183.0	194.0	244.0	245.0	326.0	363.0	421.0	442.0	529.0	565.0	615.0	671.0	758.0	826.0	847.0	811.0	917.0	1050.0	864.0	810.0	73948.0
	12	17	22	27	32	37	42	47	52	57	62	67	72	77	82	87	92	97	102	107	112	117	122	127	132	137	142	147	151
PD_Extr_pos_plate1_2_bbduk_adapt_filt	8095.0	314.0	539.0	468.0	658.0	83.0	104.0	104.0	183.0	194.0	244.0	245.0	326.0	363.0	421.0	442.0	529.0	565.0	615.0	671.0	758.0	826.0	847.0	811.0	917.0	1050.0	864.0	810.0	73948.0
	12	17	22	27	32	37	42	47	52	57	62	67	72	77	82	87	92	97	102	107	112	117	122	127	132	137	142	147	151
PD_Extr_pos_plate2_1_bbduk_adapt_filt	14027.0	634.0	644.0	418.0	1592.0	37.0	34.0	22.0	58.0	14.0	21.0	29.0	26.0	26.0	30.0	27.0	35.0	36.0	28.0	23.0	23.0	25.0	30.0	24.0	25.0	34.0	26.0	20.0	50899.0
	12	17	22	27	32	37	42	47	52	57	62	67	72	77	82	87	92	97	102	107	112	117	122	127	132	137	142	147	151
PD_Extr_pos_plate2_2_bbduk_adapt_filt	14027.0	634.0	644.0	418.0	1592.0	37.0	34.0	22.0	58.0	14.0	21.0	29.0	26.0	26.0	30.0	27.0	35.0	36.0	28.0	23.0	23.0	25.0	30.0	24.0	25.0	34.0	26.0	20.0	50899.0
	12	17	22	27	32	37	42	47	52	57	62	67	72	77	82	87	92	97	102	107	112	117	122	127	132	137	142	147	151
PD_Extr_pos_plate3_1_bbduk_adapt_filt	2103.0	588.0	794.0	2063.0	5161.0	10118.0	17819.0	26876.0	37631.0	49512.0	60560.0	71264.0	82176.0	92286.0	103119.0	112641.0	120140.0	127300.0	136223.0	139752.0	146535.0	150005.0	153695.0	124688.0	131969.0	158431.0	154378.0	149102.0	3268243.0
	12	17	22	27	32	37	42	47	52	57	62	67	72	77	82	87	92	97	102	107	112	117	122	127	132	137	142	147	151
PD_Extr_pos_plate3_2_bbduk_adapt_filt	2103.0	588.0	794.0	2063.0	5161.0	10118.0	17819.0	26876.0	37631.0	49512.0	60560.0	71264.0	82176.0	92286.0	103119.0	112641.0	120140.0	127300.0	136223.0	139752.0	146535.0	150005.0	153695.0	124688.0	131969.0	158431.0	154378.0	149102.0	3268243.0
	12	17	22	27	32	37	42	47	52	57	62	67	72	77	82	87	92	97	102	107	112	117	122	127	132	137	142	147	151
PD_Lib_neg_plate1_1_bbduk_adapt_filt	5479.0	1619.0	902.0	784.0	730.0	45.0	30.0	36.0	68.0	45.0	50.0	47.0	38.0	53.0	52.0	61.0	64.0	77.0	67.0	60.0	77.0	80.0	79.0	53.0	66.0	89.0	71.0	54.0	19364.0
	12	17	22	27	32	37	42	47	52	57	62	67	72	77	82	87	92	97	102	107	112	117	122	127	132	137	142	147	151
PD_Lib_neg_plate1_2_bbduk_adapt_filt	5479.0	1619.0	902.0	784.0	730.0	45.0	30.0	36.0	68.0	45.0	50.0	47.0	38.0	53.0	52.0	61.0	64.0	77.0	67.0	60.0	77.0	80.0	79.0	53.0	66.0	89.0	71.0	54.0	19364.0
	12	17	22	27	32	37	42	47	52	57	62	67	72	77	82	87	92	97	102	107	112	117	122	127	132	137	142	147	151
PD_Lib_neg_plate2_1_bbduk_adapt_filt	2785.0	412.0	260.0	118.0	261.0	7.0	5.0	11.0	21.0	18.0	4.0	7.0	7.0	7.0	5.0	5.0	11.0	5.0	7.0	5.0	7.0	14.0	11.0	13.0	7.0	10.0	10.0	14.0	6303.0
	12	17	22	27	32	37	42	47	52	57	62	67	72	77	82	87	92	97	102	107	112	117	122	127	132	137	142	147	151
PD_Lib_neg_plate2_2_bbduk_adapt_filt	2785.0	412.0	260.0	118.0	261.0	7.0	5.0	11.0	21.0	18.0	4.0	7.0	7.0	7.0	5.0	5.0	11.0	5.0	7.0	5.0	7.0	14.0	11.0	13.0	7.0	10.0	10.0	14.0	6303.0
	12	17	22	27	32	37	42	47	52	57	62	67	72	77	82	87	92	97	102	107	112	117	122	127	132	137	142	147	151
PD_Lib_pos_plate1_1_bbduk_adapt_filt	749.0	320.0	478.0	1260.0	3041.0	5841.0	9821.0	14865.0	21109.0	27651.0	34154.0	40268.0	45168.0	50333.0	55334.0	58864.0	60609.0	65154.0	69773.0	72653.0	75092.0	78456.0	82878.0	68666.0	73418.0	91471.0	92217.0	89585.0	3039145.0
	12	17	22	27	32	37	42	47	52	57	62	67	72	77	82	87	92	97	102	107	112	117	122	127	132	137	142	147	151
PD_Lib_pos_plate1_2_bbduk_adapt_filt	749.0	320.0	478.0	1260.0	3041.0	5841.0	9821.0	14865.0	21109.0	27651.0	34154.0	40268.0	45168.0	50333.0	55334.0	58864.0	60609.0	65154.0	69773.0	72653.0	75092.0	78456.0	82878.0	68666.0	73418.0	91471.0	92217.0	89585.0	3039145.0
	12	17	22	27	32	37	42	47	52	57	62	67	72	77	82	87	92	97	102	107	112	117	122	127	132	137	142	147	151
PD_Lib_pos_plate2_1_bbduk_adapt_filt	765.0	313.0	341.0	792.0	2084.0	3981.0	6833.0	10131.0	13371.0	17431.0	21165.0	24748.0	28877.0	32992.0	37336.0	41554.0	46058.0	49903.0	55091.0	59227.0	64471.0	68443.0	73040.0	61575.0	66156.0	82741.0	85396.0	84327.0	3092635.0
	12	17	22	27	32	37	42	47	52	57	62	67	72	77	82	87	92	97	102	107	112	117	122	127	132	137	142	147	151
PD_Lib_pos_plate2_2_bbduk_adapt_filt	765.0	313.0	341.0	792.0	2084.0	3981.0	6833.0	10131.0	13371.0	17431.0	21165.0	24748.0	28877.0	32992.0	37336.0	41554.0	46058.0	49903.0	55091.0	59227.0	64471.0	68443.0	73040.0	61575.0	66156.0	82741.0	85396.0	84327.0	3092635.0

