Sample	0.0	1.0	2.0	3.0	4.0	5.0	6.0	7.0	8.0	9.0	10.0	11.0	12.0	13.0	14.0	15.0	16.0	17.0	18.0	19.0	20.0	21.0	22.0	23.0	24.0	25.0	26.0	27.0	28.0	29.0	30.0	31.0	32.0	33.0	34.0	35.0	36.0	37.0	38.0	39.0	40.0	41.0	42.0	43.0	44.0	45.0	46.0	47.0	48.0	49.0	50.0	51.0	52.0	53.0	54.0	55.0	56.0	57.0	58.0	59.0	60.0	61.0	62.0	63.0	64.0	65.0	66.0	67.0	68.0	69.0	70.0	71.0	72.0	73.0	74.0	75.0	76.0	77.0	78.0	79.0	80.0	81.0	82.0	83.0	84.0	85.0	86.0	87.0	88.0	89.0	90.0	91.0	92.0	93.0	94.0	95.0	96.0	97.0	98.0	99.0	100.0
PD_100P_filtered_1	0.0	0.0	0.0	0.0	0.0	3.11665904124e-05	3.11665904124e-05	4.67498856186e-05	0.00012466636165	0.000498665446599	0.00127783020691	0.00258682700423	0.0050178210564	0.00889806156274	0.0147417972651	0.0242631906361	0.0381323233696	0.0571751101116	0.0838537115046	0.117061713589	0.157609447716	0.207413659195	0.270868837274	0.345871237102	0.422774798944	0.508981588025	0.607312180776	0.70732576941	0.807931523261	0.915690009612	1.02503799207	1.13541447202	1.24376512359	1.35406368706	1.46955148783	1.58080063231	1.70658899121	1.83572775859	1.96323027996	2.0915119661	2.21686399274	2.34033044066	2.43630795583	2.50657303392	2.5579823248	2.59076957792	2.6142380205	2.61336535597	2.59145524291	2.58461417631	2.5823857651	2.57256828912	2.58445834336	2.60682037198	2.63331197383	2.67194296265	2.72121734209	2.7761172911	2.83483514744	2.89250892299	2.90855971706	2.88928318089	2.8502314431	2.74769336064	2.594416069	2.39565113864	2.13773201968	1.86410493916	1.58690928403	1.30852929846	1.05579941681	0.832007714354	0.633819365922	0.476428084339	0.35176172269	0.249301556709	0.173519992121	0.117248713131	0.0747530671042	0.0473420508364	0.0288290961315	0.0166897091658	0.0092876439429	0.00492432128516	0.00268032677547	0.00152716293021	0.000654498398661	0.000264916018505	0.000140249656856	3.11665904124e-05	0.0	0.0	0.0	0.0	0.0	0.0	0.0	0.0	0.0	0.0	0.0
PD_100P_filtered_2	0.0	0.0	0.0	0.0	1.55776682287e-05	4.67330046861e-05	6.23106729148e-05	0.000140199014058	0.000311553364574	0.000638684397376	0.00132410179944	0.00235222790253	0.00456425679101	0.00847425151641	0.0149078284949	0.0254694875539	0.0389441705717	0.0565469356701	0.080443078733	0.114277774126	0.155293774572	0.202603152982	0.268434378917	0.342007705961	0.420082979123	0.508906843363	0.599023654066	0.696493124173	0.804306165984	0.910499130299	1.01683229363	1.12065745237	1.22496551883	1.33217103158	1.44090315582	1.56091351185	1.68120426591	1.80862959202	1.92932536546	2.04995882822	2.18261825086	2.29862514616	2.41031702736	2.49848662953	2.55875662791	2.60696951108	2.62158136387	2.63402792079	2.62341952873	2.59957011867	2.59083104679	2.58740395978	2.59511490555	2.61354328707	2.64687949708	2.68101016817	2.73858522994	2.80655059642	2.86770852189	2.91176216764	2.92240171504	2.90680846914	2.85199065465	2.74860167061	2.60407206479	2.40782460044	2.16758580102	1.8968459272	1.61087109386	1.32491183819	1.0584714008	0.829682187528	0.636783921852	0.475632944027	0.34579307934	0.2463296677	0.169407141987	0.113826021747	0.0743210551191	0.0474184220881	0.028538288195	0.0165902166636	0.00937775627367	0.00500043150141	0.00286629095408	0.00147987848173	0.000685417402062	0.000280398028116	7.78883411435e-05	3.11553364574e-05	0.0	0.0	0.0	0.0	0.0	0.0	0.0	0.0	0.0	0.0	0.0
PD_104P_filtered_1	0.0	0.0	0.0	0.0	0.0	0.0	1.01104199403e-05	2.02208398807e-05	3.0331259821e-05	0.000171877138986	0.000404416797613	0.000849275274988	0.00153678383093	0.00254782582496	0.0048125598916	0.00808833595227	0.0129413375236	0.0203320545	0.0309783266972	0.0464877108857	0.0693372599508	0.100659340926	0.140140530793	0.193321339679	0.264094279262	0.34915324222	0.446769346744	0.561724821465	0.696193406672	0.846090492707	1.01424699715	1.19653786868	1.39595579158	1.60777919975	1.82838856285	2.07211034593	2.3309370964	2.57644842382	2.81977590052	3.07629747525	3.31142540138	3.51098487016	3.67727094692	3.80140668295	3.88998407204	3.90946685127	3.86202876091	3.7781628275	3.64886066689	3.48754891674	3.30888768597	3.11256355157	2.90887903145	2.70877359999	2.52621985755	2.37793032829	2.24167219875	2.11990230099	2.00996159456	1.91100080418	1.81582131086	1.71600113479	1.60925532106	1.47550457567	1.33857915842	1.19873182981	1.03736952756	0.885490799215	0.746553408394	0.607808115553	0.479992186667	0.36778674617	0.276378439489	0.202521821825	0.143244429715	0.0989102382763	0.0673151759628	0.0448194915955	0.028127188274	0.0168641804605	0.010504726318	0.00646055834187	0.00361953033864	0.00202208398807	0.00118291913302	0.000545962676778	0.000222429238687	0.000141545879165	9.0993779463e-05	3.0331259821e-05	0.0	0.0	0.0	0.0	0.0	0.0	0.0	0.0	0.0	0.0	0.0
PD_104P_filtered_2	0.0	0.0	0.0	0.0	1.01139007272e-05	1.01139007272e-05	2.02278014544e-05	5.0569503636e-05	7.07973050905e-05	0.000131480709454	0.000374214326907	0.000910251065449	0.00163845191781	0.00295325901235	0.00473330554033	0.00786861476577	0.0131379570446	0.0209155467039	0.0324656213343	0.0480005728513	0.0700893320396	0.101017640463	0.142332924934	0.194642019495	0.260948752663	0.344246839052	0.446508489305	0.564365774479	0.699649310606	0.850032900519	1.01355444748	1.19713185958	1.39542499723	1.59770301178	1.82428472977	2.07456331717	2.32391142569	2.57129743748	2.82426632247	3.07539447753	3.29830484955	3.50162459587	3.67211462043	3.79898339115	3.87602097299	3.89618809104	3.86813213043	3.78622976234	3.65766185629	3.49877247587	3.31160462901	3.10944798128	2.91277306773	2.71424731036	2.53442215543	2.37693860721	2.2350506939	2.12006575654	2.01600383195	1.91727193306	1.81592053387	1.71506471582	1.60794839321	1.48467005725	1.3490325346	1.20108639476	1.04369387164	0.88287273618	0.737414615922	0.604902288594	0.481148599296	0.369420337962	0.275482428008	0.201145257663	0.144072515859	0.100350123015	0.0666506057923	0.0437729623474	0.0278637965035	0.0164957720861	0.0100329895214	0.00633130185523	0.00372191546761	0.00196209674108	0.00100127617199	0.000677631348723	0.000404556029088	0.00018205021309	7.07973050905e-05	4.04556029088e-05	1.01139007272e-05	1.01139007272e-05	2.02278014544e-05	1.01139007272e-05	0.0	0.0	0.0	0.0	0.0	0.0	0.0
PD_105P_filtered_1	0.0	0.0	0.0	0.0	0.0	0.0	0.0	4.48560300858e-05	8.97120601717e-05	7.47600501431e-05	0.000299040200572	0.000777504521488	0.00140548894269	0.00246708165472	0.00367819446704	0.00630974823207	0.0103168869197	0.0154454263596	0.0237138879054	0.0351222715572	0.0521376589698	0.0766140993866	0.10473883025	0.143928048535	0.192836073339	0.250012559688	0.314560386982	0.387795332102	0.473395589516	0.56965663008	0.671734002545	0.775695328274	0.884859953493	0.989150223443	1.09489083837	1.19933062842	1.2892071607	1.36353360255	1.43388280973	1.48624474885	1.52979995407	1.57882759495	1.61548992354	1.65267557248	1.68900895685	1.72218746711	1.76417271127	1.8296774672	1.92264906556	2.02136223577	2.14579286323	2.3051364341	2.46050277031	2.64891304868	2.86422199309	3.09258404226	3.34428617908	3.58782451843	3.81690426407	4.00791619219	4.1540421862	4.22947507679	4.20289040296	4.07795140716	3.8320057942	3.49506224821	3.09117855332	2.64964569717	2.2085165453	1.77374199768	1.38179000679	1.04758267863	0.770701356925	0.550607769304	0.381829480101	0.255724227519	0.16714852011	0.105606046832	0.0670747169884	0.0438093893838	0.0267640979512	0.0155201864097	0.00844788566617	0.00438093893838	0.00231756155443	0.00121111281232	0.000598080401144	0.000343896230658	0.0001046640702	2.99040200572e-05	1.49520100286e-05	0.0	0.0	0.0	0.0	0.0	0.0	0.0	0.0	0.0	0.0
PD_105P_filtered_2	0.0	0.0	0.0	0.0	0.0	0.0	0.0	2.99104689932e-05	4.48657034897e-05	7.47761724829e-05	0.000373880862415	0.000822537897312	0.00140579204268	0.002198419471	0.00390331620361	0.0065503927095	0.0101546042232	0.0146860402756	0.0228665535453	0.0352345324739	0.052403141676	0.0748210381864	0.102428401067	0.140010905357	0.18791252145	0.243740411825	0.307434755546	0.383915824762	0.467784779819	0.561883115271	0.664879815249	0.764810692155	0.874163366794	0.985026520117	1.09001226628	1.19001791936	1.28027275955	1.35326925913	1.41723279707	1.47087722321	1.51910785446	1.57167550371	1.60182525646	1.63946758169	1.68524555448	1.72732958436	1.77101382432	1.82545087789	1.90985822139	2.01693770038	2.1449245972	2.29340016529	2.46249900174	2.63807345473	2.83898207496	3.09266771772	3.35052587091	3.57965501863	3.80543419383	4.01729004571	4.16669283833	4.23467933435	4.21707702335	4.08246495764	3.83628684259	3.51796467633	3.11339567273	2.67604479511	2.24252245753	1.80150754746	1.40155971132	1.06342185935	0.782083987999	0.557576007736	0.39066063552	0.264154306913	0.171686092021	0.106885060947	0.0666853906203	0.0435047771506	0.0265156307624	0.0154637124695	0.00906287210493	0.00490531691488	0.00242274798845	0.00119641875973	0.00052343320738	0.000254238986442	0.000104686641476	4.48657034897e-05	2.99104689932e-05	1.49552344966e-05	0.0	0.0	0.0	0.0	0.0	0.0	0.0	0.0	0.0
PD_107P_filtered_1	0.0	0.0	0.0	0.0	0.0	0.0	0.0	0.0	0.0	0.0	0.0	0.0	0.0	0.0	0.0	0.0	0.0	0.0	0.0702247191011	0.280898876404	0.351123595506	0.210674157303	0.140449438202	0.140449438202	0.561797752809	0.772471910112	0.561797752809	0.912921348315	0.702247191011	0.491573033708	1.05337078652	1.26404494382	1.40449438202	1.61516853933	1.61516853933	1.96629213483	3.08988764045	3.79213483146	3.08988764045	2.73876404494	3.23033707865	4.14325842697	4.21348314607	4.21348314607	4.56460674157	4.07303370787	4.35393258427	4.63483146067	3.79213483146	3.01966292135	3.08988764045	3.51123595506	3.16011235955	2.87921348315	3.08988764045	2.59831460674	1.82584269663	1.61516853933	1.75561797753	1.75561797753	1.47471910112	1.33426966292	0.983146067416	0.702247191011	0.63202247191	0.351123595506	0.561797752809	0.421348314607	0.140449438202	0.210674157303	0.280898876404	0.280898876404	0.210674157303	0.0702247191011	0.0	0.0	0.0	0.0	0.0	0.0	0.0	0.0	0.0	0.0	0.0	0.0	0.0	0.0	0.0	0.0	0.0	0.0	0.0	0.0	0.0	0.0	0.0	0.0	0.0	0.0	0.0
PD_107P_filtered_2	0.0	0.0	0.0	0.0	0.0	0.0	0.0	0.0	0.0	0.0	0.0	0.0	0.0	0.0	0.0	0.0	0.0	0.0	0.0	0.141242937853	0.423728813559	0.353107344633	0.141242937853	0.21186440678	0.353107344633	0.635593220339	1.0593220339	0.988700564972	1.0593220339	1.3418079096	1.3418079096	1.48305084746	1.12994350282	1.20056497175	2.04802259887	2.25988700565	2.04802259887	2.68361581921	3.74293785311	3.95480225989	4.37853107345	4.09604519774	3.53107344633	3.4604519774	3.81355932203	4.02542372881	4.02542372881	4.02542372881	3.95480225989	4.30790960452	3.88418079096	3.24858757062	2.68361581921	2.54237288136	2.61299435028	2.68361581921	2.04802259887	1.0593220339	1.3418079096	1.55367231638	1.41242937853	1.27118644068	0.776836158192	0.847457627119	0.776836158192	0.635593220339	0.564971751412	0.423728813559	0.494350282486	0.353107344633	0.282485875706	0.21186440678	0.0706214689266	0.0	0.0	0.0	0.0	0.0	0.0	0.0	0.0	0.0	0.0	0.0	0.0	0.0	0.0	0.0	0.0	0.0	0.0	0.0	0.0	0.0	0.0	0.0	0.0	0.0	0.0	0.0	0.0
PD_108S_filtered_1	0.0	0.0	0.0	0.0	0.0	0.0	1.82901156191e-05	1.82901156191e-05	9.14505780957e-06	1.82901156191e-05	7.31604624765e-05	0.000256061618668	0.000502978179526	0.0011431322262	0.00268864699601	0.00513037743117	0.00937368425481	0.015464292756	0.0242618383688	0.0372569655162	0.0559860439102	0.0824792763845	0.116087363835	0.159325197158	0.21601541052	0.285783056549	0.367914820737	0.461121249932	0.566636926939	0.687936973725	0.826905272199	0.98926662855	1.1674946602	1.35159381897	1.5652863848	1.81120613436	2.0640212575	2.32055841918	2.58240885944	2.84318932794	3.09262077969	3.31948222877	3.51324771364	3.64415921619	3.72140751951	3.76031059543	3.71962423323	3.63852586058	3.53466543903	3.38054377977	3.20483978407	3.04278935969	2.88773490453	2.73322000778	2.60211645902	2.48985172935	2.39554789322	2.3127942651	2.23853639568	2.16772621306	2.08872205865	2.00220981177	1.90293106419	1.78116461945	1.64007466757	1.48877883117	1.32746915646	1.16126687583	0.994058638842	0.829868270929	0.67656052181	0.540381465967	0.424705629734	0.323881367384	0.238219610881	0.173198249855	0.125890865807	0.0887527860419	0.0604213969478	0.0404668808073	0.026557247879	0.0173573197226	0.011623368476	0.00795620029432	0.00476457511879	0.00256061618668	0.00148149936515	0.000777329913813	0.000374947370192	0.000182901156191	0.000100595635905	3.65802312383e-05	1.82901156191e-05	9.14505780957e-06	0.0	0.0	0.0	0.0	0.0	0.0	0.0
PD_108S_filtered_2	0.0	0.0	0.0	0.0	0.0	0.0	0.0	0.0	1.82901657985e-05	4.57254144963e-05	0.000100595911892	0.000237772155381	0.000512124642359	0.0012254411085	0.0024874625486	0.00475544310762	0.0086695385885	0.0148241793797	0.0238137958697	0.0370284406591	0.0561782442502	0.0815832845443	0.11560299293	0.158475141561	0.214305872661	0.28483275198	0.366580648017	0.458909404968	0.564535112454	0.68233292528	0.817826473515	0.980032808899	1.1602000871	1.34602817161	1.55659370537	1.79811534474	2.04769380214	2.30215573381	2.56857028883	2.83482023236	3.07840866047	3.31071205627	3.5025758955	3.6450379969	3.73888483762	3.76325648354	3.73708325629	3.66144427563	3.53933912876	3.38221745946	3.22427273271	3.06600792806	2.90178052935	2.75157254273	2.61381101394	2.49488835591	2.39698109839	2.30854814676	2.23302805218	2.16608604535	2.09587924394	2.00780295053	1.89992755265	1.77793214678	1.64143263942	1.48752089423	1.32225095607	1.1628704513	0.998515021439	0.834744876879	0.680997743176	0.541004814155	0.421396274915	0.320544300702	0.239463995717	0.175082612106	0.12569916445	0.0886067082109	0.0603484020522	0.040759634482	0.0264658699105	0.0169366935294	0.0113124675464	0.00729777615361	0.00446280045484	0.00267950928948	0.00149064851258	0.000841347626732	0.000402383647568	0.000173756575086	9.14508289926e-05	2.74352486978e-05	9.14508289926e-06	0.0	0.0	0.0	0.0	0.0	0.0	0.0	0.0
PD_109S_filtered_1	0.0	0.0	0.0	0.0	0.0	9.84403892254e-06	1.96880778451e-05	9.84403892254e-06	2.95321167676e-05	0.000196880778451	0.000413449634747	0.000807211191648	0.0019195875899	0.00341588150612	0.00614268028767	0.010680782231	0.0165281413509	0.0258209140938	0.0388642656662	0.0572529303735	0.0818925597966	0.115352448094	0.157189613515	0.207551716643	0.269569161855	0.338723535286	0.4224667744	0.520710282847	0.631770729971	0.751543151541	0.88211448381	1.03047399441	1.19382597629	1.37592100828	1.57423901642	1.79344607514	2.03850358008	2.29437968379	2.5554140639	2.83919801796	3.1189557601	3.38947979373	3.64076857531	3.84960001701	4.01475345801	4.11610768276	4.16199074818	4.14648638688	4.06833456187	3.93994860624	3.78056377205	3.58410628727	3.35715196991	3.12102300828	2.88122222012	2.65048779182	2.43731512895	2.24148766266	2.04988328907	1.87013113835	1.70880702849	1.5568347556	1.41273771385	1.27661434363	1.13678961478	0.997457087866	0.863883323726	0.735871441577	0.619140828033	0.507027068744	0.405771284387	0.319370154764	0.244014036812	0.181209068486	0.129055350275	0.0900532680634	0.0601864539724	0.0386673848877	0.0247676019291	0.0154059209138	0.00914511215904	0.00518780851218	0.00274648685939	0.00133878929347	0.000856431386261	0.000511890023972	0.000226412895218	7.87523113803e-05	1.96880778451e-05	9.84403892254e-06	0.0	9.84403892254e-06	9.84403892254e-06	0.0	0.0	0.0	0.0	0.0	0.0	0.0	0.0
PD_109S_filtered_2	0.0	0.0	0.0	0.0	0.0	0.0	0.0	1.96885352478e-05	7.87541409912e-05	0.000127975479111	0.000285483761093	0.000728475804168	0.00171290256656	0.00323876404826	0.00604438032107	0.0102281940612	0.0158492708745	0.0246894232007	0.0379201188873	0.0583469742068	0.0841094225786	0.114606963677	0.155027526541	0.206001144298	0.266661521396	0.338180125684	0.419227981031	0.515386787182	0.62791661039	0.743832861662	0.869681978966	1.02117541343	1.19159937453	1.36374608247	1.558426319	1.77792395421	2.02009293776	2.2783179218	2.54035263742	2.81610041783	3.09238963296	3.36241789389	3.61129082369	3.82055042057	3.99111220142	4.10665437052	4.16278638451	4.15046136145	4.07791895333	3.9572774536	3.80017278659	3.60862302716	3.38426232374	3.14744862178	2.90209993979	2.66854469042	2.45705044478	2.25182699763	2.06600660196	1.89565155073	1.7219199157	1.56598671654	1.42564683729	1.28688204087	1.1418661345	1.00034494314	0.866118354086	0.742080582025	0.624874731694	0.509401472466	0.405180211132	0.318590033112	0.24369484503	0.180602933828	0.130554677228	0.0913351150145	0.0624028124679	0.0398200625387	0.0244630050454	0.0155047215076	0.00906657048161	0.00523715037591	0.00310094430153	0.00154555001695	0.000718631536544	0.000442992043075	0.000275639493469	9.8442676239e-05	2.95328028717e-05	9.8442676239e-06	9.8442676239e-06	9.8442676239e-06	0.0	0.0	0.0	0.0	0.0	0.0	0.0	0.0	0.0
PD_10P_filtered_1	0.0	0.0	0.0	0.0	1.8316662118e-05	1.8316662118e-05	5.49499863541e-05	0.000366333242361	0.000586133187777	0.00113563305132	0.00280244930406	0.00587964853989	0.0104404974073	0.0167231125138	0.0264126267742	0.0398570567688	0.05742273574	0.0799705468073	0.107610389943	0.143547681019	0.190566552676	0.240113123705	0.29178442754	0.352430895813	0.415366946851	0.485812829356	0.564977443031	0.648318255668	0.721035404276	0.795254519178	0.868118201084	0.929259219234	1.00794759969	1.08570183038	1.1544992133	1.23648459294	1.33050401959	1.43009171153	1.54057781742	1.66122967079	1.79173588839	1.9241653555	2.05939727192	2.19928162051	2.32035475711	2.4361160617	2.55847136465	2.67205298644	2.77028524538	2.85712454048	2.93192978857	2.99460940634	3.06337015593	3.1347501882	3.20426192094	3.26701480536	3.31723909289	3.3346399219	3.33491467183	3.31297131061	3.24706796031	3.15434901667	3.01726711738	2.82430108197	2.59365767258	2.31991515722	2.02582283025	1.74479028338	1.46582751932	1.19179193737	0.94418729886	0.734131817691	0.551771129644	0.402343800085	0.286692395471	0.199614983762	0.134554199919	0.0892204611769	0.0572762024431	0.0354427411984	0.0223280111219	0.0133711633462	0.00787616471075	0.00437768224621	0.00228958276475	0.00113563305132	0.000567816525659	0.000219799945416	0.000109899972708	7.32666484721e-05	1.8316662118e-05	0.0	0.0	0.0	0.0	0.0	0.0	0.0	0.0	0.0	0.0
PD_10P_filtered_2	0.0	0.0	0.0	0.0	0.0	0.0	0.0	0.000109934083524	0.000586315112125	0.00126424196052	0.00304150964415	0.00588147346851	0.0107735401853	0.0176260980583	0.0269338504633	0.0402908416114	0.0586131888653	0.0819375369195	0.109787504745	0.144471708097	0.191010470122	0.241232023945	0.292351372784	0.353932781904	0.418830535877	0.488345521359	0.567424772107	0.643682381377	0.719628510745	0.794603555708	0.867434886042	0.929822478442	1.00302025572	1.09023462865	1.1596580024	1.2373630771	1.3380993423	1.43583074255	1.53755641451	1.65989472712	1.7891222423	1.91999876874	2.06109916494	2.19267194057	2.31935264948	2.44420112367	2.55869747166	2.67859891209	2.77471794579	2.84859364991	2.92497951562	3.00724685479	3.08016979686	3.13902117624	3.20626419066	3.27180322679	3.31207574605	3.33195549282	3.34725465278	3.3230691544	3.24906519384	3.14986800581	3.00660557263	2.81486220862	2.58537480926	2.30870736573	2.01395576546	1.7381311499	1.46553126745	1.19194197826	0.938324047568	0.727158995466	0.551466007648	0.403751244087	0.285077400924	0.195572734588	0.134999054567	0.0908421976849	0.0586131888653	0.0367729509386	0.0215287580234	0.0125324855217	0.00804351044447	0.00472716559151	0.0021070699342	0.00117263022425	0.000677926848395	0.000219868167047	0.000146578778031	5.49670417618e-05	0.0	0.0	0.0	0.0	0.0	0.0	0.0	0.0	0.0	0.0	0.0
PD_110S_filtered_1	0.0	0.0	0.0	0.0	0.0	0.0	0.0	0.0	1.21248539864e-05	4.84994159458e-05	0.000157623101824	0.00037587047358	0.000860864633038	0.00170960441209	0.0031282123285	0.00589267903741	0.0100151293928	0.0154228142708	0.025074198044	0.0392602772081	0.0597634052992	0.0905484095708	0.129517690283	0.178623348928	0.243309444946	0.31999914641	0.410050436968	0.517779764637	0.642871883215	0.785193419308	0.943641011203	1.11840865656	1.31253969374	1.52234816712	1.75229602298	2.00934292749	2.28987567417	2.56721958426	2.85268714652	3.14876395601	3.42447101081	3.66856857126	3.87087176003	4.02569402058	4.13946152553	4.18899155407	4.15863091969	4.06968299084	3.91363612004	3.72152993348	3.50789000623	3.2805974934	3.03040113139	2.7779616714	2.54949304773	2.34021806792	2.16397119038	2.01328350503	1.87411443098	1.75017417353	1.64153548181	1.5265433666	1.42209987436	1.31163032969	1.18276738152	1.04742976133	0.909545921793	0.77853687447	0.651892774581	0.529031629137	0.419653321325	0.327965175479	0.245310045854	0.176186253277	0.124134255113	0.0855165951664	0.0576051812896	0.0377446704598	0.0242618328269	0.0150833183591	0.00892389253402	0.0047408179087	0.00249771992121	0.00137010850047	0.000727491239187	0.000412245035539	0.000254621933715	0.000157623101824	4.84994159458e-05	1.21248539864e-05	0.0	0.0	0.0	0.0	0.0	0.0	0.0	0.0	0.0	0.0	0.0
PD_110S_filtered_2	0.0	0.0	0.0	0.0	0.0	0.0	0.0	0.0	1.21255890914e-05	1.21255890914e-05	7.27535345486e-05	0.000363767672743	0.000824540058217	0.00160057776007	0.00287376461467	0.00526250566568	0.00965196891678	0.0159330240661	0.0255122394484	0.0395051692599	0.0596457727408	0.0905417737457	0.129489165907	0.178537173782	0.240304924614	0.315786716708	0.40944476685	0.519338980786	0.642983612751	0.779044847946	0.932409298775	1.10501705949	1.29811706577	1.51323714184	1.74741864397	2.00258954081	2.271147088	2.55865693095	2.85848637241	3.14355897195	3.41311081746	3.66117611909	3.87599305543	4.03926411255	4.15364479445	4.1993825165	4.1693716835	4.06969934117	3.92156101924	3.73217144322	3.51195861973	3.27835914588	3.02047211709	2.77249169458	2.54916259469	2.35367384736	2.17546406448	2.01966237025	1.88160041285	1.75268114963	1.64236254008	1.53232281907	1.4281397576	1.31483825313	1.1859311155	1.0527678961	0.910837875781	0.77619533451	0.650331719741	0.530239885379	0.420576057636	0.328215445527	0.246961873025	0.174850994698	0.121086132667	0.0835816856072	0.0562384822061	0.0370315490852	0.0240207919901	0.0153146190225	0.00881530326947	0.00498361711658	0.00278888549103	0.00145507069097	0.0008487912364	0.000497149152749	0.000266762960012	0.000145507069097	6.06279454572e-05	1.21255890914e-05	0.0	0.0	0.0	0.0	0.0	0.0	0.0	0.0	0.0	0.0	0.0
PD_111P_filtered_1	0.0	0.0	0.0	0.0	0.0	0.0	1.19466120245e-05	0.00010751950822	0.000238932240489	0.000382291584783	0.000692903497418	0.00150527311508	0.0028313470498	0.00426494049273	0.00624807808879	0.0105608050296	0.0157456346482	0.0229136018629	0.0334624602805	0.0474997294092	0.0670443866812	0.0931835737908	0.126777446804	0.170298954409	0.223377751633	0.282561267602	0.351708258	0.433566443592	0.524754933174	0.618273012102	0.720476277971	0.827828533623	0.944905331462	1.06895895072	1.20032389655	1.35138880559	1.51287116033	1.68271614348	1.86105516778	2.05119744476	2.25025189431	2.45886363349	2.6783467896	2.88826070948	3.08797222269	3.28889034372	3.45920124474	3.60988386221	3.7355622207	3.82669097723	3.89145356101	3.89980424282	3.85709510483	3.78113854558	3.66418121386	3.50851685918	3.33232822504	3.12590271587	2.88294446713	2.64328348331	2.4133709349	2.18357785261	1.97215865961	1.76784770077	1.57081222865	1.38972548358	1.2157828125	1.05215006761	0.900953745824	0.758370931312	0.628523205219	0.513596797543	0.409768792439	0.315737009194	0.235491616226	0.171923693644	0.125236333852	0.0881062636804	0.0592193558052	0.0381933186422	0.0234989858521	0.0150049447027	0.00941393027527	0.00532818896291	0.00287913349789	0.00158889939925	0.000907942513859	0.000382291584783	0.000119466120245	2.38932240489e-05	0.0	0.0	0.0	0.0	0.0	0.0	0.0	0.0	0.0	0.0	0.0
PD_111P_filtered_2	0.0	0.0	0.0	0.0	0.0	1.19468289651e-05	3.58404868954e-05	8.36278027559e-05	0.000143361947582	0.000370351697919	0.00086017168549	0.00140972581789	0.00244909993785	0.00404997501918	0.0064751812991	0.0101906451073	0.0148379615747	0.0215042921372	0.0330090884307	0.0470585592937	0.0663049007565	0.0921339449791	0.126122673385	0.17039762153	0.223740212859	0.282661973315	0.351141196943	0.432092910011	0.523964024753	0.614951074151	0.707395636684	0.820257329917	0.945687087222	1.0736615191	1.20701202401	1.3538863393	1.51141722604	1.68320067973	1.86475663951	2.05689748976	2.26167808505	2.46257596093	2.6713109566	2.88353442634	3.08470707928	3.27259485842	3.44596724036	3.60439413927	3.74172293822	3.84345018686	3.89734233232	3.90693563598	3.87349646171	3.79690534121	3.6816184417	3.52112474138	3.33169582131	3.1136661927	2.8805477191	2.64971108984	2.40846877254	2.18014097736	1.96915997784	1.76377009427	1.56529742467	1.38696710871	1.21245977801	1.05222890793	0.905665210189	0.759352395853	0.62904833233	0.509006594889	0.402309465401	0.311310469173	0.234181741375	0.17143699565	0.121547037891	0.0854437207586	0.0587186643636	0.0381462248857	0.0245507335234	0.0151963664437	0.00948578219832	0.005483594495	0.00283139846474	0.00145751313375	0.000669022422048	0.000286723895163	0.000143361947582	5.97341448257e-05	2.38936579303e-05	0.0	0.0	0.0	0.0	0.0	0.0	0.0	0.0	0.0	0.0
PD_112S_filtered_1	0.0	0.0	0.0	0.0	0.0	0.0	0.0	0.0	0.0	0.0	0.0	0.0	0.0	0.00864977078107	0.0172995415621	0.0259493123432	0.056223510077	0.0735230516391	0.0908225932013	0.112447020154	0.172995415621	0.272467779604	0.289767321166	0.341665945852	0.48438716374	0.523311132255	0.601159069285	0.80442868264	1.01202318139	1.16771905545	1.32773981489	1.70400484387	1.85537583254	1.88565003027	2.29218925698	2.47815932878	2.60790589049	2.91497275322	2.91929763861	3.10526771041	3.46855808321	3.77994983133	3.92267104922	3.84482311219	3.71940143586	3.81454891445	3.87077242453	3.73237609203	3.55938067641	3.33016175071	3.13121702275	2.96254649252	2.89334832627	2.65547962979	2.32678834011	2.16244269527	2.20136666378	2.15811780988	1.88132514488	1.63048179223	1.48776057434	1.25421676326	1.04229737912	1.05959692068	1.0033734106	0.800103797249	0.696306547876	0.56655998616	0.458437851397	0.363290372805	0.294092206557	0.246518467261	0.177320301012	0.129746561716	0.0778479370297	0.0518986246864	0.0302741977338	0.0216244269527	0.0216244269527	0.00864977078107	0.00432488539054	0.00864977078107	0.00432488539054	0.0	0.0	0.0	0.0	0.0	0.0	0.0	0.0	0.0	0.0	0.0	0.0	0.0	0.0	0.0	0.0	0.0	0.0
PD_112S_filtered_2	0.0	0.0	0.0	0.0	0.0	0.0	0.0	0.0	0.0	0.0	0.0	0.0	0.00431629834254	0.0258977900552	0.0388466850829	0.0302140883978	0.0345303867403	0.056111878453	0.0776933701657	0.0906422651934	0.125172651934	0.142437845304	0.22013121547	0.336671270718	0.444578729282	0.591332872928	0.725138121547	0.837361878453	1.03159530387	1.25604281768	1.37689917127	1.55818370166	1.74810082873	1.95959944751	2.29195441989	2.52935082873	2.58114640884	2.81422651934	3.0947859116	3.23290745856	3.47893646409	3.77244475138	3.95804558011	3.67748618785	3.63000690608	3.96236187845	3.79834254144	3.55231353591	3.53504834254	3.49620165746	3.3580801105	3.03004143646	2.75811464088	2.67610497238	2.49913674033	2.26174033149	2.12361878453	1.97686464088	1.75241712707	1.66609116022	1.49343922652	1.19993093923	1.07475828729	1.06612569061	0.979799723757	0.76398480663	0.681975138122	0.604281767956	0.431629834254	0.345303867403	0.302140883978	0.250345303867	0.185600828729	0.0992748618785	0.0733770718232	0.0690607734807	0.0431629834254	0.0388466850829	0.0302140883978	0.0215814917127	0.0172651933702	0.00863259668508	0.0	0.0	0.0	0.0	0.0	0.0	0.0	0.0	0.0	0.0	0.0	0.0	0.0	0.0	0.0	0.0	0.0	0.0	0.0
PD_113P_filtered_1	0.0	0.0	0.0	0.0	0.0	0.0	0.0	2.93655973804e-05	2.93655973804e-05	1.95770649203e-05	7.83082596812e-05	0.000195770649203	0.000401329830866	0.00106695003816	0.00229051659567	0.00437547400968	0.00833004112358	0.0142423147295	0.0216913879317	0.0313722465348	0.0454090020826	0.0659257661191	0.0942146249289	0.131058661109	0.178121925177	0.235942786419	0.302446075954	0.378258259857	0.47089693106	0.579353870719	0.704431738494	0.839983336002	0.991255316641	1.14590434098	1.30052399972	1.46521605836	1.6183576487	1.76363904747	1.90499524473	2.02931939551	2.1294952367	2.21081836438	2.26153275106	2.28470220739	2.3037017489	2.31158151753	2.32077294951	2.34054578508	2.36316708359	2.40934937974	2.47151634939	2.53630664575	2.62286663829	2.74362776325	2.87787748594	3.02133821768	3.17349116624	3.31004119406	3.43000944789	3.51495433258	3.56764600281	3.56734255831	3.47887380193	3.32289353718	3.09927451313	2.8017814346	2.45054931286	2.0794954129	1.71677155405	1.36970934715	1.05800331949	0.794799470166	0.571180446114	0.396709643545	0.270339689484	0.179854495423	0.11669888399	0.0737565920872	0.0453404823554	0.0282692817449	0.0182556130382	0.0111197728747	0.00648000848862	0.00369027673747	0.00189897529727	0.00104737297324	0.000567734882688	0.000254501843964	0.000176193584283	9.78853246014e-05	3.91541298406e-05	9.78853246014e-06	0.0	0.0	0.0	0.0	0.0	0.0	0.0	0.0	0.0
PD_113P_filtered_2	0.0	0.0	0.0	0.0	0.0	0.0	0.0	1.95766893313e-05	2.93650339969e-05	1.95766893313e-05	5.87300679938e-05	0.00015661351465	0.000499205577947	0.00120396639387	0.00231004934109	0.00411110475956	0.00765448552852	0.0135862223959	0.0206925606231	0.0301285248808	0.0462009868218	0.0671578327509	0.094056203892	0.129215937931	0.173263488926	0.228557847942	0.300061705725	0.38378141765	0.473080486034	0.576269215499	0.698985692572	0.831245805694	0.973088708244	1.12739217355	1.28985911831	1.46057763763	1.61661363994	1.76193140485	1.9012978562	2.02085269794	2.12725200446	2.21103044645	2.25872905001	2.29167661815	2.32187366144	2.33183819631	2.32646439509	2.34084347341	2.37466220423	2.41724150352	2.47087184394	2.53830375035	2.63208588059	2.74787220964	2.8764812702	3.02590035152	3.17189351221	3.30772637113	3.43264522575	3.53269189658	3.59353624702	3.57717992309	3.49273587366	3.34057605583	3.1143869873	2.80462503201	2.43926527902	2.06744521855	1.70721455817	1.35859287455	1.04513092498	0.783742969032	0.562369766074	0.392463679368	0.268073395358	0.179028823934	0.115747175671	0.072042216739	0.0448501952579	0.0275737669231	0.0168946828929	0.00981770969962	0.00599046693536	0.00399364462358	0.00231983768575	0.00113544798121	0.000548147301275	0.000391533786625	0.000195766893313	3.91533786625e-05	9.78834466563e-06	9.78834466563e-06	1.95766893313e-05	9.78834466563e-06	0.0	0.0	0.0	0.0	0.0	0.0	0.0
PD_114P_filtered_1	0.0	0.0	0.0	0.0	0.0	0.0	0.0	2.77937746392e-05	9.72782112371e-05	0.000138968873196	0.000319628408351	0.000778225689897	0.00134799807	0.00247364594289	0.00428024129443	0.00776836001165	0.0123543328271	0.0186635196702	0.0280578154983	0.042830206719	0.0669829968804	0.0979869524904	0.135828176662	0.18856686404	0.257384250046	0.338069577824	0.431734598358	0.548037648335	0.685616832799	0.826281126248	0.976770519032	1.13903057538	1.30340295859	1.47826749173	1.66764037524	1.84728543762	2.01044879164	2.17782290252	2.36141468089	2.55038455467	2.72851485633	2.89708409952	3.04661460707	3.18148389851	3.30455473261	3.39737204302	3.46031104569	3.51292466108	3.54060726062	3.54344222564	3.53453432086	3.50225185162	3.4323505084	3.33904680694	3.22681554495	3.08117616584	2.92302958814	2.75651708428	2.56949277473	2.37721544178	2.19191434626	1.99959532264	1.79809045651	1.60618833951	1.42216575762	1.23614202396	1.0507853409	0.882438447907	0.739995352881	0.608016614007	0.487447219622	0.386138911062	0.29640670964	0.219890448058	0.161481830654	0.113940579133	0.0788648355387	0.055309611532	0.0379107086078	0.0247642532035	0.0160648017414	0.00983899622227	0.00580889889959	0.00364098447773	0.00204284243598	0.000931091450413	0.00033352529567	0.000125071985876	0.000152865760515	0.000111175098557	2.77937746392e-05	0.0	0.0	0.0	0.0	0.0	0.0	0.0	0.0	0.0	0.0
PD_114P_filtered_2	0.0	0.0	0.0	0.0	0.0	0.0	0.0	5.55952134745e-05	9.72916235804e-05	9.72916235804e-05	0.000333571280847	0.000792231792012	0.00137598153349	0.00218211212887	0.00391946254995	0.00739416339211	0.0122587445711	0.0182630276264	0.0276864163103	0.0431974808697	0.0665335717256	0.0954708803391	0.13397056567	0.190774975038	0.259296075645	0.33886672493	0.436617009022	0.553005588431	0.684474369495	0.821308088659	0.967815374967	1.13348911112	1.30615394537	1.47777636937	1.65650108188	1.82938829699	1.99912048372	2.17330028754	2.35112157784	2.53921408382	2.71793879634	2.88721232257	3.04090529022	3.17429210615	3.29925624723	3.39711772175	3.4670565003	3.51329781911	3.54386128772	3.56126258954	3.55060220735	3.50773829776	3.43225389667	3.34116113939	3.23579431105	3.09663949173	2.93510759898	2.76202580063	2.57817242967	2.38251897465	2.18375218767	1.99189310597	1.80652476544	1.61544401673	1.42090246598	1.23217061504	1.04999899929	0.889787492856	0.743697170648	0.604875922603	0.485888266964	0.386233846811	0.296308589016	0.220309932196	0.16157358916	0.117333698038	0.0824893979928	0.0559009871486	0.0368457277302	0.02364186453	0.0154415705425	0.00968746594793	0.00583749741482	0.00353029605563	0.00184854084803	0.00101461264591	0.000458660511165	0.000236279657267	0.000180684443792	9.72916235804e-05	2.77976067373e-05	0.0	0.0	0.0	0.0	0.0	0.0	0.0	0.0	0.0	0.0
PD_115S_filtered_1	0.0	0.0	0.0	0.0	0.0	0.0	0.0	1.31943702261e-05	9.23605915828e-05	9.23605915828e-05	9.23605915828e-05	0.000211109923618	0.000527774809044	0.0011611045799	0.00248054160251	0.00464441831959	0.00822009265087	0.014474224138	0.0226943167889	0.0357039658319	0.0554691324306	0.0834280029397	0.118736137665	0.161301176014	0.218168911689	0.28712269049	0.368373622343	0.464191138925	0.57535370808	0.705291866067	0.84904452968	1.00254783289	1.17956350384	1.38221583615	1.6131173151	1.86441729043	2.12815955688	2.41302601006	2.71516389387	3.02417604457	3.33090556921	3.61404355989	3.86113453112	4.06847086485	4.19086184307	4.23023384382	4.20215622398	4.08451521905	3.89751140983	3.66271759166	3.40583639773	3.12614213767	2.83194726474	2.55977379572	2.30161274787	2.08014524363	1.92273640683	1.80596623033	1.71270842157	1.64649907178	1.60809026005	1.57976194717	1.54977114365	1.51670605186	1.46321607497	1.37626517518	1.26943035945	1.15049630624	1.00403879673	0.849413972046	0.703339099273	0.568162776307	0.445389161353	0.335704361663	0.247275692408	0.175339985935	0.118604193963	0.0798127454978	0.0524212329083	0.0317192660236	0.0184061464654	0.010093693223	0.00533052557135	0.0029819276711	0.00153054694623	0.000765273473114	0.000343053625879	0.000184721183166	0.000131943702261	6.59718511306e-05	1.31943702261e-05	0.0	0.0	0.0	0.0	0.0	0.0	0.0	0.0	0.0	0.0
PD_115S_filtered_2	0.0	0.0	0.0	0.0	0.0	0.0	1.31935764171e-05	2.63871528341e-05	7.91614585024e-05	9.23550349194e-05	6.59678820853e-05	0.000277065104758	0.000659678820853	0.00135893837096	0.00246719878999	0.00480246181581	0.00825917883708	0.0139060295436	0.0219804983108	0.0342769115315	0.0540276954279	0.0808766234366	0.115562535837	0.158982595826	0.214831004799	0.282448083936	0.36156996171	0.45723658431	0.565278781589	0.691251049219	0.834361772615	0.987737098463	1.16616702593	1.36550877201	1.58378330026	1.835120931	2.096947455	2.3790788931	2.68989316633	3.00500854548	3.31658804614	3.61580516571	3.86960999524	4.04759134111	4.16171577712	4.23038834237	4.22252497082	4.10559030304	3.91901993892	3.69673456345	3.43878695092	3.14889768988	2.85403445054	2.57512224508	2.31601359783	2.0918547345	1.92777941818	1.80605548216	1.71240747675	1.65487028999	1.62055379773	1.58687059714	1.55404497901	1.52840986003	1.47696810558	1.39053698648	1.28273227357	1.15636419865	1.01408467057	0.86019479524	0.705724402549	0.56682243003	0.447037949739	0.337729169124	0.246772653305	0.176912666176	0.120905934286	0.0801113960044	0.0513889801445	0.0313083568377	0.0179564575036	0.0100139245006	0.00525104341399	0.00263871528341	0.00142490625304	0.000844388890692	0.000593710938768	0.000277065104758	0.000105548611337	6.59678820853e-05	2.63871528341e-05	0.0	0.0	0.0	0.0	0.0	0.0	0.0	0.0	0.0	0.0
PD_116P_filtered_1	0.0	0.0	0.0	0.0	0.0	8.47757215897e-06	1.69551443179e-05	6.78205772718e-05	0.000118686010226	0.000220416876133	0.000483221613062	0.00106817409203	0.00195831916872	0.00332320828632	0.0056630182022	0.0087827647567	0.014182978222	0.0225503419429	0.032104565766	0.0455669503545	0.0669473873394	0.0958982962623	0.132928331453	0.180411213115	0.239372727481	0.312695249084	0.401040028552	0.501550124069	0.621456904686	0.761158816294	0.918977299605	1.09115679015	1.28182586558	1.48532150769	1.71398706153	1.97766498839	2.24503065914	2.52689297828	2.83044940458	3.13156429009	3.42258238717	3.67873222995	3.89111236768	4.05837486637	4.15295913895	4.17656917741	4.11757375276	3.98507777749	3.81738292261	3.60329879288	3.36137431618	3.1135664044	2.87204037359	2.64862243691	2.44216812212	2.27365094275	2.13852692011	2.02345235562	1.92612134966	1.83846325354	1.74590512071	1.64489484843	1.53298241836	1.41535610466	1.28941329266	1.15469619349	1.01427368824	0.869892156805	0.73161447732	0.601856757854	0.481000489156	0.37244517766	0.282472704337	0.208217649797	0.150197145941	0.107139556945	0.0741278909581	0.050017675738	0.0326979958172	0.0200325030117	0.0116312290021	0.00707877275274	0.00397598134256	0.00197527431304	0.000949488081805	0.000483221613062	0.000305192597723	0.000186506587497	5.08654329538e-05	1.69551443179e-05	1.69551443179e-05	0.0	0.0	0.0	0.0	0.0	0.0	0.0	0.0	0.0	0.0
PD_116P_filtered_2	0.0	0.0	0.0	0.0	0.0	0.0	3.39147106075e-05	6.78294212149e-05	7.63080988668e-05	0.000211966941297	0.000483284626156	0.000932654541705	0.00188226643871	0.00352712990318	0.00577397948092	0.00853802839543	0.0138541592832	0.0213662676827	0.0317696051615	0.0471244903891	0.0681346536104	0.0956394839131	0.131767129388	0.179052714652	0.237275794088	0.310090677762	0.395835544855	0.495655016851	0.617179903635	0.7556706244	0.910016472375	1.0827440935	1.26957175556	1.47443356498	1.70204366655	1.95843887874	2.23646319762	2.52203353961	2.81361526406	3.11708409458	3.40958999489	3.66562062394	3.88302239761	4.04076819533	4.14553073639	4.18365087112	4.13170201314	4.01177111776	3.82323924149	3.59969042652	3.37658250279	3.13218461948	2.89178867201	2.6677989658	2.45035479875	2.27695736209	2.14023868495	2.03342430389	1.94142217269	1.84670686464	1.75239853312	1.65196011766	1.54570532932	1.42535050006	1.29486365099	1.15929807402	1.01344786105	0.868225070229	0.730336335577	0.595923858762	0.476264281061	0.37198502462	0.283170876217	0.209677698331	0.151963339554	0.106780466348	0.0732557749121	0.0502700797979	0.0324563780513	0.0195263946323	0.011641224416	0.00705425980635	0.00379844758804	0.00201792528114	0.00108527073944	0.00063590082389	0.000322189750771	9.32654541705e-05	3.39147106075e-05	1.69573553037e-05	8.47867765187e-06	0.0	0.0	0.0	0.0	0.0	0.0	0.0	0.0	0.0	0.0
PD_117_filtered_1	0.0	0.0	0.0	0.0	0.0	0.0	0.0	4.75407977298e-05	0.000202048390352	0.000451637578433	0.000891389957434	0.0018303207126	0.0032208890462	0.00525325814915	0.00799873921804	0.0126339669967	0.0185171407158	0.0255769491786	0.0359051874855	0.0513559467477	0.0743062668517	0.104768032997	0.145058859073	0.197222999382	0.263613723412	0.343719967587	0.44165401091	0.563203945506	0.705018145134	0.857849924636	1.02445665028	1.20993707262	1.40155025787	1.60381258181	1.82745637954	2.05991899523	2.30191354088	2.55622115314	2.81233531571	3.06450359206	3.31261901542	3.54365540718	3.73675424236	3.87588238692	3.97693035249	4.01269291759	3.97370946345	3.88624628082	3.7380140735	3.5664393345	3.38185030211	3.17496463559	2.95512410169	2.74822654997	2.55828917784	2.36804279052	2.19716927828	2.04752273223	1.9057085326	1.77545863202	1.6480849497	1.5286624658	1.41474282924	1.29961090234	1.19035026396	1.07231834839	0.948629077901	0.833223791412	0.727374205266	0.621952486301	0.517766828076	0.423255722189	0.337551549081	0.265444044125	0.205613950182	0.153770710257	0.112113086246	0.0810927157277	0.0572391204667	0.0393162397226	0.0264921095349	0.0157597744474	0.00893766997321	0.00560981413212	0.00344670783541	0.00177089471544	0.000986471552894	0.000522948775028	0.000297129985811	0.000225818789217	0.000106966794892	2.37703988649e-05	0.0	0.0	0.0	0.0	0.0	0.0	0.0	0.0	0.0
PD_117_filtered_2	0.0	0.0	0.0	0.0	0.0	0.0	0.0	7.12988923242e-05	0.000202013528252	0.000463442800107	0.000796170964287	0.00140221154904	0.00273312420576	0.00538306637048	0.00860339967378	0.0124773061567	0.0187040760864	0.0270816959345	0.0367070463982	0.0511926046888	0.0750658504686	0.104856904311	0.141920445171	0.193612142106	0.260787581824	0.341390979597	0.438214875373	0.560563774601	0.701878179188	0.849597600935	1.01352563754	1.19512391629	1.38458883949	1.58782633206	1.80890043086	2.04538697355	2.29746420736	2.55056339196	2.8009888681	3.05560909574	3.31030062227	3.54263994606	3.73091655439	3.87560577321	3.97551928766	4.01951070422	3.98914925924	3.89750641631	3.76306047168	3.59232339086	3.40213359559	3.19478453356	2.98065019361	2.76353318334	2.5539382062	2.36829965689	2.20597584536	2.05560648145	1.91199862916	1.77624553817	1.64808577922	1.52669941504	1.41288261659	1.30528070493	1.18718597294	1.0677840946	0.95033105264	0.829728976274	0.718383872761	0.615226258717	0.515776187073	0.42189931218	0.338741037432	0.26909390278	0.206933151822	0.154148205205	0.111915494652	0.0790348221413	0.0552209921051	0.0384419861115	0.0252873404776	0.0151985472138	0.00955405157144	0.00619112048348	0.00361247721109	0.00188942064659	0.00102195078998	0.000534741692431	0.000249546123135	0.000154480933369	9.50651897656e-05	3.56494461621e-05	0.0	0.0	0.0	0.0	0.0	0.0	0.0	0.0	0.0
PD_118_filtered_1	0.0	0.0	0.0	0.0	0.0	0.0	0.0	3.53710184024e-05	8.25323762722e-05	0.000176855092012	0.000624887991775	0.00142663107556	0.00323055301408	0.00571831464172	0.00931436817929	0.0152920702893	0.0249483583131	0.0380710061404	0.0569827106462	0.0817542138673	0.113493807714	0.157448193248	0.210445769155	0.277049396806	0.357058640432	0.448752110471	0.553969099878	0.6681821183	0.795364510135	0.934573048227	1.08222346938	1.22513417406	1.3668658448	1.5206236618	1.67855525896	1.85202652355	2.05482036239	2.25057536857	2.43511776191	2.62428196833	2.81409464341	2.98488950094	3.12942727247	3.24494901857	3.32435695489	3.36444410907	3.35836029391	3.3235552118	3.26384893274	3.1885558249	3.09112045954	2.98032663956	2.85453550779	2.72439374074	2.61637065054	2.52130514342	2.44049415671	2.37721540479	2.32194229336	2.25874607382	2.20185768589	2.13394533055	2.0266532414	1.90448174384	1.77265395825	1.61304813288	1.43096992049	1.24538997727	1.06247465077	0.883874588517	0.710827776153	0.556775200672	0.426598062611	0.317183712353	0.228154859035	0.159499712316	0.110510851828	0.0736778313321	0.0469845027778	0.0287330572822	0.0173907507145	0.0102458049972	0.00542355615503	0.00272356841698	0.00147379243343	0.000813533423254	0.000341919844556	9.43227157396e-05	3.53710184024e-05	1.17903394675e-05	0.0	0.0	0.0	0.0	0.0	0.0	0.0	0.0	0.0	0.0	0.0
PD_118_filtered_2	0.0	0.0	0.0	0.0	0.0	0.0	0.0	1.17853454886e-05	8.24974184201e-05	0.000235706909772	0.000636408656383	0.00166173371389	0.00342953553718	0.00602231154467	0.00905114533523	0.0146845404788	0.0240185341057	0.0369588434522	0.0563339514354	0.0809417528156	0.11034618981	0.150746354144	0.204746807173	0.272300407514	0.352087196471	0.440206224689	0.539073487993	0.656384816987	0.788439613186	0.926964564059	1.06307351911	1.20262379504	1.35093058267	1.50410471798	1.66512789339	1.84790681657	2.03617771075	2.22644032832	2.42220670223	2.60043648206	2.77955016279	2.94955377146	3.09823769015	3.21193091808	3.30932501319	3.3746158272	3.37931818005	3.35592426926	3.28382152556	3.19941488117	3.11600999114	2.99928792943	2.87040339116	2.75213744918	2.63981132133	2.53904661741	2.46466930203	2.39601966456	2.33236701357	2.27314565249	2.21735382695	2.14593463329	2.04580633802	1.92741075724	1.77839684888	1.61427412761	1.44390517322	1.25933487753	1.06728088745	0.88020031316	0.711717014055	0.563869854901	0.429717267205	0.315835473748	0.227398241202	0.158347901985	0.107140575837	0.0721145290446	0.0471531672998	0.029404436994	0.0177251596148	0.0100646850472	0.00545661496121	0.00281669757177	0.00143781214961	0.000601052619918	0.000212136218794	8.24974184201e-05	2.35706909772e-05	0.0	0.0	0.0	0.0	0.0	0.0	0.0	0.0	0.0	0.0	0.0	0.0
PD_119P_filtered_1	0.0	0.0	0.0	0.0	0.0	0.0	4.75303808253e-05	4.75303808253e-05	2.37651904126e-05	0.000178238928095	0.000475303808253	0.000891194640474	0.0018774500426	0.00333900925298	0.00532340265243	0.00838911221566	0.0138551060106	0.0220659792981	0.0334257403154	0.0506911511502	0.0736126773032	0.101596189014	0.139549198103	0.185903202003	0.24190587321	0.312072597904	0.394133800399	0.487043812317	0.591408646014	0.708594799939	0.837259540833	0.970261428977	1.1090263758	1.25783211557	1.41262668332	1.57592918924	1.75584356326	1.94470553147	2.13694215671	2.3397424091	2.53958389528	2.7286716328	2.91122394295	3.06761077846	3.19063128664	3.29389103898	3.36414094184	3.41022164605	3.42972098478	3.42664339262	3.4128239344	3.38276096853	3.34212249292	3.28122419249	3.21369540393	3.14499023845	3.05871071465	2.94748962352	2.81622259428	2.67297790907	2.50771477494	2.33174542253	2.15339955108	1.95080130281	1.73313592382	1.52197032441	1.31274158801	1.11541921202	0.932486658816	0.758572995376	0.602899115578	0.467794008083	0.359543565753	0.269901267516	0.197286728211	0.142187134239	0.0994810870673	0.0687883436494	0.045902465282	0.029658957635	0.0189052089733	0.0112765828508	0.00698696598132	0.0045035035832	0.00228145827961	0.00108131616378	0.000736720902792	0.000415890832221	0.000261417094539	0.000106943356857	2.37651904126e-05	1.18825952063e-05	0.0	0.0	0.0	0.0	0.0	0.0	0.0	0.0	0.0
PD_119P_filtered_2	0.0	0.0	0.0	0.0	0.0	0.0	3.56539541305e-05	5.94232568841e-05	5.94232568841e-05	0.000190154422029	0.000546693963334	0.000927002807392	0.00188965956892	0.00366047262406	0.00557390149573	0.00802213967936	0.0136198104778	0.022141105515	0.0325758294239	0.0488102632046	0.0716406784995	0.100900690189	0.138444303889	0.185495638689	0.243041120656	0.310165631632	0.38912725538	0.481411573321	0.587196855226	0.704236901985	0.83367264013	0.969597397927	1.10801793251	1.25410406724	1.41238385427	1.58433099039	1.75619493395	1.93022188406	2.12287208288	2.32033556551	2.51873793559	2.72238143694	2.8994983964	3.0595965351	3.19318001658	3.28837607411	3.36315430057	3.4074840502	3.43650636887	3.43742148702	3.41213094889	3.3906434992	3.35025945382	3.29310616535	3.22620746275	3.14604548922	3.05843183927	2.94969916382	2.82341285829	2.67996511617	2.51904693653	2.33992147098	2.15355825274	1.9581270455	1.74201654486	1.52868705265	1.31875657073	1.11451883682	0.930734587925	0.760510726254	0.604168137392	0.470858002898	0.359795935782	0.271219629071	0.199376911498	0.142615816522	0.0996052631892	0.0683248607654	0.0468136417733	0.0291173958732	0.017850746368	0.0112191108997	0.00673859733066	0.00393381960573	0.0022580837616	0.0011290418808	0.000641771174349	0.000332770238551	0.000202039073406	0.000154500467899	2.37693027536e-05	0.0	0.0	0.0	0.0	0.0	0.0	0.0	0.0	0.0	0.0
PD_11P_filtered_1	0.0	0.0	0.0	0.0	0.0	1.19766388473e-05	3.5929916542e-05	0.000131743027321	0.000239532776947	0.000598831942366	0.00125754707897	0.0024552109637	0.00416787031887	0.00686261405952	0.010671185213	0.0170427570798	0.0271270869892	0.0381695480064	0.0547931227265	0.0781116385623	0.107921492653	0.144677797276	0.19024890809	0.247473288502	0.312446554249	0.390414473145	0.476346856875	0.569369410802	0.682368998327	0.810782520048	0.944058557141	1.08909565358	1.24755856217	1.41816578255	1.61538509445	1.82829380324	2.05483192704	2.28292701388	2.52114236056	2.76001642237	2.96140360459	3.14857451649	3.30817520577	3.40189240475	3.43124714657	3.41276719282	3.35314748464	3.2448906461	3.09834449317	2.93764195311	2.78111926002	2.63354311614	2.49686571361	2.39295639497	2.29868827061	2.23160711642	2.19967739726	2.18312568237	2.18634739822	2.18045489191	2.17033463208	2.16167552219	2.13464424832	2.06665286958	1.96786955237	1.84926489786	1.70132945482	1.53346488473	1.35845026126	1.16757856795	0.975664907059	0.799141227088	0.632079091807	0.482682498825	0.361263334191	0.266743700408	0.190224954812	0.131467564627	0.0876091131682	0.0569129878025	0.0363610755405	0.0219292257295	0.013102442899	0.0076410955846	0.00411996376348	0.00221567818676	0.00106592085741	0.000467088915046	0.000203602860405	8.38364719313e-05	4.79065553893e-05	2.39532776947e-05	1.19766388473e-05	0.0	0.0	0.0	0.0	0.0	0.0	0.0	0.0
PD_11P_filtered_2	0.0	0.0	0.0	0.0	0.0	1.19799503551e-05	2.39599007102e-05	0.000143759404261	0.000311478709232	0.000610977468109	0.00113809528373	0.00230015046818	0.00391744376611	0.00643323334068	0.0108418550714	0.0172990483127	0.0265715298876	0.0388389990512	0.0547124332717	0.0772706797903	0.107879452948	0.147533088623	0.191259907419	0.244810285506	0.310915651566	0.389204627136	0.476238966466	0.572342128214	0.686043837034	0.807041335621	0.935801842037	1.08287969255	1.24016446076	1.41226842756	1.60730201934	1.82539701555	2.05295617255	2.28791893886	2.51884446191	2.7444988068	2.96639144727	3.15327867281	3.29941010724	3.40379141469	3.45136379755	3.43327407251	3.35671020979	3.24355957869	3.09939285612	2.93730412781	2.79334106439	2.64445424138	2.49884992477	2.38468099788	2.29336981628	2.23875322261	2.21382294592	2.19155221821	2.17669707977	2.17206083898	2.17115036275	2.16383061309	2.12603386972	2.06246825313	1.97349316184	1.85228002415	1.70156026873	1.53119339473	1.3530635129	1.16065353025	0.969776981244	0.797385495635	0.637405238593	0.487787638608	0.36301645566	0.265607479323	0.188372739383	0.129958501452	0.0868187002233	0.0567849646831	0.0366706280369	0.0225223066676	0.0131300255892	0.00731974966696	0.00408516307108	0.00221629081569	0.000934436127697	0.000407318312073	0.000191679205681	5.98997517754e-05	2.39599007102e-05	1.19799503551e-05	0.0	0.0	0.0	0.0	0.0	0.0	0.0	0.0	0.0
PD_120S_filtered_1	0.0	0.0	0.0	0.0	0.0	2.90846564186e-05	5.81693128372e-05	7.27116410465e-05	0.000174507938512	0.000450812174488	0.000988878318232	0.00205046827751	0.00353378575486	0.00588964292476	0.00959793661814	0.0162001536252	0.0245765346737	0.0354687385025	0.0503891672452	0.0713155775384	0.101563620214	0.140769737066	0.186229055048	0.242755084798	0.3126600565	0.386869557352	0.477395550455	0.581940347951	0.696301216989	0.833973438147	0.980022040353	1.12684138595	1.28754865499	1.44914300606	1.60999569838	1.78777566074	1.97772755181	2.15099939242	2.31858518271	2.49242417412	2.64905959126	2.79957268823	2.93167519768	3.04530895031	3.13768181909	3.1817596159	3.18648587256	3.16544312365	3.1219615623	3.03883761426	2.95507380377	2.86891050913	2.76686699209	2.68256511546	2.60725039766	2.54180992072	2.49479457362	2.45987844359	2.42731817073	2.39622667301	2.36218308268	2.31377167207	2.24043471091	2.14044166214	2.02353588567	1.88081747662	1.6979040724	1.50251335058	1.30335616576	1.09982174014	0.90573982786	0.723437201428	0.559923263043	0.429638544615	0.318738749691	0.224402666598	0.157493414507	0.107307839856	0.0708793076921	0.0458810455003	0.0287210982134	0.0182942488873	0.011328473675	0.00619503181716	0.00317022754963	0.00167236774407	0.00082891270793	0.000392642861651	0.000189050266721	0.000116338625674	5.81693128372e-05	1.45423282093e-05	0.0	0.0	0.0	0.0	0.0	0.0	0.0	0.0	0.0
PD_120S_filtered_2	0.0	0.0	0.0	0.0	0.0	0.0	0.0	7.27195300806e-05	0.000145439060161	0.000494492804548	0.00104716123316	0.00206523465429	0.00365052041005	0.0055994038162	0.00959897797064	0.0169000187907	0.025248220844	0.0355307623974	0.0492456657706	0.0698980123135	0.100483846665	0.13861796824	0.185798399356	0.242126947356	0.309668846895	0.388016868604	0.472400611309	0.57425158514	0.694558775706	0.828726308704	0.976143340084	1.12947974121	1.28365968889	1.44044299574	1.60694163181	1.775898188	1.96021310895	2.14446985426	2.316436999	2.49410535489	2.65849512459	2.79749123439	2.93365128251	3.06149221639	3.14891563546	3.18289019991	3.18952222105	3.16953889419	3.1202641406	3.04568299055	2.96260819939	2.87179605022	2.77014869108	2.68733569022	2.60916219539	2.54813596574	2.50409701832	2.47300214726	2.44256175197	2.39727202864	2.35752353349	2.32244363218	2.25837772618	2.15046194354	2.01290568044	1.86276893864	1.69213983326	1.50245821099	1.30630455056	1.0970468308	0.895279222634	0.717436339869	0.564768958418	0.428536190765	0.310541481256	0.220601966452	0.155067125944	0.10670863844	0.0686326924901	0.0446497914695	0.0288114778179	0.0174817750314	0.0107479465459	0.00596300146661	0.00318511541753	0.00168709309787	0.000872634360967	0.000319965932355	0.000101807342113	7.27195300806e-05	7.27195300806e-05	2.90878120322e-05	0.0	0.0	0.0	0.0	0.0	0.0	0.0	0.0	0.0
PD_121S_filtered_1	0.0	0.0	0.0	0.0	0.0	8.51268424003e-06	2.55380527201e-05	0.0001276902636	0.000408608843521	0.000953420634883	0.00176212563769	0.00303902827369	0.00509909785977	0.00947461755915	0.0158761561076	0.0235886480291	0.0341018130655	0.0465047940033	0.0624745896375	0.082990158656	0.106493679843	0.137522413898	0.177668232774	0.226343761258	0.282697730927	0.355225800652	0.438113807097	0.529480447045	0.637906506211	0.751984987711	0.868021386587	0.993813321602	1.12169937694	1.24277528489	1.36124631145	1.47323918532	1.58877333582	1.70317529932	1.8142402906	1.92630126594	2.02807891871	2.12171844535	2.21379163809	2.29719891828	2.38216401968	2.46464341728	2.537494969	2.60864398388	2.68272987482	2.75976966719	2.82427027568	2.89046490833	2.95958790436	3.00632254084	3.04579585766	3.09398616314	3.12888816853	3.13390213954	3.11416973748	3.07936137162	3.02131337779	2.92324725534	2.79905570496	2.65327598735	2.47579503363	2.27332935167	2.04494254619	1.81256329181	1.57849852594	1.33593810121	1.10809610752	0.902702062181	0.718249220068	0.556440118033	0.417785517132	0.306907804906	0.220504059869	0.15469249801	0.107685455636	0.0724174048299	0.0467516618462	0.0298114202086	0.0184725248009	0.011066489512	0.00663989370722	0.00375409374985	0.00208560763881	0.00103003479304	0.000417121527761	0.000204304421761	8.51268424003e-05	5.10761054402e-05	4.25634212001e-05	8.51268424003e-06	0.0	0.0	0.0	0.0	0.0	0.0	0.0
PD_121S_filtered_2	0.0	0.0	0.0	0.0	0.0	0.0	3.40492703156e-05	0.000119172446105	0.000374541973472	0.000851231757891	0.00159180338726	0.00308997128114	0.00560110496692	0.00984023912122	0.0155349795815	0.0231194545443	0.0336832406597	0.0464006431226	0.0620377705151	0.0804584257558	0.104812166349	0.138095328083	0.176162412295	0.222529006148	0.281842835038	0.353669770768	0.434026048713	0.524733304834	0.632771639546	0.750241622134	0.871754955573	0.994460013473	1.11407510009	1.22713570218	1.34674227648	1.46778743245	1.58229512852	1.69727100206	1.8075055147	1.9113728138	2.00499128254	2.10165716096	2.19526711738	2.28817055143	2.38676872595	2.46849548702	2.53935201855	2.61382628505	2.69438685862	2.77473462424	2.84319068221	2.89739712056	2.95332304705	3.01293480705	3.0635575597	3.09922417035	3.12886406016	3.14592274459	3.13370756886	3.09433810006	3.02804417076	2.93719220524	2.81964561179	2.66569183606	2.47504997156	2.26981799473	2.04982565922	1.81536238383	1.57598750119	1.33743831336	1.10974233044	0.902416323493	0.716422184393	0.550619262592	0.413707146652	0.304783530913	0.218647389332	0.153145105562	0.105986866175	0.0709927286081	0.0455323867296	0.0291887369781	0.0181312364431	0.0105808107506	0.00667365698186	0.00373690741714	0.00172800046852	0.000910817980943	0.00054478832505	0.00022983257463	6.80985406312e-05	1.70246351578e-05	8.51231757891e-06	0.0	0.0	0.0	0.0	0.0	0.0	0.0	0.0
PD_122S_filtered_1	0.0	0.0	0.0	0.0	0.0	0.0	2.13605198638e-05	3.20407797957e-05	9.6122339387e-05	0.000299047278093	0.000651495855846	0.00114278781271	0.00214673224631	0.00394101591487	0.00655767959818	0.0107550217514	0.0164796410749	0.023838340168	0.0341661515221	0.0484776998309	0.0679157729069	0.0919356774937	0.124852238604	0.16781892431	0.220675530713	0.278882947342	0.344064573706	0.427082234157	0.518120769816	0.61792779888	0.734898005654	0.860027931016	0.995261382273	1.14258488777	1.30886585465	1.48903115944	1.67408802328	1.87349915647	2.08061075707	2.29594615782	2.51591679138	2.72435274421	2.90440056614	3.07397105308	3.21938279205	3.32093070348	3.38036635	3.39373803544	3.37447084652	3.32689028853	3.26701675135	3.19173159909	3.10065034239	3.00763595864	2.92813210371	2.86399714282	2.80127197624	2.75165148859	2.69562284499	2.61551021524	2.51679257269	2.40758691489	2.29263527724	2.14734102113	1.98379420079	1.81252555252	1.61821958358	1.42169212057	1.2320320647	1.04197683922	0.864652483566	0.703081511317	0.554540456184	0.425747201665	0.321390381871	0.236386193073	0.16929280018	0.116724560796	0.0787455564779	0.0524400762656	0.033557376706	0.0212537172645	0.0125172646402	0.00696352947559	0.00366332915664	0.0019758480874	0.00112142729285	0.000491291956867	0.000245645978434	0.000138843379115	8.54420794552e-05	4.27210397276e-05	1.06802599319e-05	0.0	0.0	0.0	0.0	0.0	0.0	0.0	0.0
PD_122S_filtered_2	0.0	0.0	0.0	0.0	0.0	1.06851328557e-05	1.06851328557e-05	1.06851328557e-05	0.000128221594269	0.000267128321393	0.000416720181374	0.000918921425593	0.00232935896255	0.00411377614946	0.00638970944773	0.0102256721429	0.0156537196337	0.0236675692755	0.0344916088583	0.0491622962692	0.069699121618	0.0938475218719	0.125432774593	0.167542883178	0.21918413027	0.274543803595	0.342714951215	0.429082880088	0.516391100652	0.616200926657	0.732113247876	0.852983470741	0.988492325617	1.13640661974	1.29479234406	1.47385380046	1.66563056495	1.86059149904	2.06366244896	2.27485409985	2.48815072192	2.70826445875	2.91239323682	3.07955145522	3.21608608285	3.30946345888	3.3684988179	3.39116198469	3.37670499994	3.32717940915	3.26142310156	3.2000370133	3.11338058584	3.01622067278	2.94532481629	2.88678097337	2.81899449053	2.76498114395	2.70423616366	2.61221579951	2.51894527481	2.42261880212	2.30567002301	2.15787326535	1.99070436182	1.816675603	1.62425773053	1.42475561498	1.23701783071	1.051417073	0.868049508067	0.701981173223	0.553853176444	0.424990474204	0.320361653281	0.235190459288	0.167083422465	0.117141111497	0.0793584817196	0.0522075591331	0.0338611860198	0.0203979186216	0.012298587917	0.00760781459328	0.00429542340801	0.00221182250114	0.00118604974699	0.000662478237056	0.000277813454249	8.54810628459e-05	2.13702657115e-05	3.20553985672e-05	3.20553985672e-05	1.06851328557e-05	0.0	0.0	0.0	0.0	0.0	0.0	0.0
PD_123P_filtered_1	0.0	0.0	0.0	0.0	0.0	0.0	0.0	1.86930842318e-05	3.73861684636e-05	0.000130851589622	0.000233663552897	0.000514059816374	0.0012337435593	0.00212166506031	0.00360776525673	0.00580420265397	0.010486820254	0.0174499941304	0.0281517848531	0.0441437184134	0.0667343107075	0.100166891856	0.145450888408	0.203324677189	0.277554914674	0.36659007487	0.475598795567	0.606048483879	0.744610970747	0.889706690554	1.04327037752	1.20986314419	1.39826139362	1.59875406855	1.81259360562	2.05065937985	2.31366172845	2.58510400458	2.86318232561	3.16158002921	3.44466809681	3.69774441768	3.91918269349	4.07667192815	4.17565180915	4.21581390063	4.17649299794	4.0712696268	3.90943425007	3.69978196387	3.45437915407	3.18213307532	2.91642022951	2.65826873627	2.4155577306	2.21021420031	2.03221865226	1.87322462433	1.73077397594	1.61412913033	1.50953197751	1.41127178025	1.31894663723	1.21891059696	1.12089340979	1.01878243717	0.902670344469	0.789848234588	0.68291444624	0.578438798468	0.476888618379	0.382712860019	0.299659486778	0.22842014277	0.171985721475	0.125645565664	0.089194051412	0.0612759301118	0.0407789632516	0.0274694872786	0.0177116973096	0.0107578699754	0.00654257948112	0.00375730993059	0.00215905122877	0.00118701084872	0.000598178695417	0.000261703179245	7.47723369271e-05	2.80396263477e-05	0.0	0.0	0.0	0.0	0.0	0.0	0.0	0.0	0.0	0.0	0.0
PD_123P_filtered_2	0.0	0.0	0.0	0.0	0.0	0.0	0.0	1.86947406834e-05	7.47789627335e-05	0.000102821073759	0.000224336888201	0.000542147479818	0.00101886336724	0.00210315832688	0.00384176921044	0.00647772764679	0.0105905705971	0.017096340355	0.0281075426175	0.0444093564934	0.0681329824206	0.100699220691	0.146959356512	0.20488501052	0.275953067227	0.364556790696	0.472930202438	0.600933091897	0.739414383509	0.88525205558	1.03870783448	1.20793262715	1.38697215867	1.58752933672	1.81705401546	2.05145802152	2.2976116721	2.57197568637	2.86466989388	3.15454119554	3.42365198768	3.67983536664	3.89787212723	4.06430205616	4.18205088035	4.21917863535	4.19239841932	4.09843865265	3.93213023953	3.70775596185	3.46029367942	3.20773708016	2.93261592889	2.67106715936	2.43441978442	2.22066411945	2.03481970231	1.87540964851	1.74053644184	1.61643140582	1.50603896208	1.40686336276	1.31860549199	1.2268890942	1.12067492501	1.01350732404	0.900684564014	0.789731278058	0.676618749554	0.565889800486	0.471658960071	0.381176415164	0.29625555561	0.227430867784	0.171888793213	0.123291814807	0.0866688178082	0.060757907221	0.041745355946	0.0277336478038	0.0170589508736	0.00992690730288	0.00608513809244	0.0038791586918	0.00224336888201	0.00131797921818	0.000570189590843	0.000214989517859	0.000140210555125	5.60842220501e-05	9.34737034169e-06	0.0	0.0	0.0	0.0	0.0	0.0	0.0	0.0	0.0	0.0
PD_126P_filtered_1	0.0	0.0	0.0	0.0	0.0	9.11639023037e-06	3.64655609215e-05	0.000182327804607	0.000455819511518	0.00105750126672	0.00208765336275	0.00405679365251	0.00779451364696	0.0136654689553	0.0223169232839	0.0326275606345	0.0467853146622	0.0644619953189	0.0857852320677	0.113325846954	0.145853127296	0.183932289288	0.234108901116	0.29443205527	0.35971452571	0.43414073555	0.518695254937	0.612521143188	0.715034951329	0.822070489023	0.928066758232	1.03264087056	1.13938468377	1.24298334235	1.34843262814	1.45418275482	1.55104440101	1.64249091141	1.72727334056	1.82798210343	1.92489844797	2.00863249224	2.0867690729	2.15954521611	2.23509274195	2.29181492196	2.33870051692	2.37801039159	2.41083851281	2.45120588875	2.48842811006	2.52103743792	2.55183260411	2.58239074417	2.63281349853	2.67671803388	2.71247251636	2.76348783609	2.82680116624	2.87189994871	2.88604858635	2.90127295803	2.88779893327	2.84360267344	2.7710362072	2.65100981343	2.49219317923	2.29833314098	2.07227401244	1.82144565164	1.55706121857	1.29330581642	1.05556859199	0.839145487925	0.64030790061	0.473505308565	0.341545559981	0.238265975061	0.158069090204	0.100954905411	0.0630945367844	0.0393736894049	0.0237937785013	0.0133463952973	0.00725664662337	0.0037833019456	0.00185974360699	0.000920755413267	0.0005105178529	0.000209676975298	4.55819511518e-05	9.11639023037e-06	1.82327804607e-05	9.11639023037e-06	0.0	0.0	0.0	0.0	0.0	0.0	0.0
PD_126P_filtered_2	0.0	0.0	0.0	0.0	9.11883427741e-06	1.82376685548e-05	9.11883427741e-06	0.000118544845606	0.000446822879593	0.00102130943907	0.00206997538097	0.00402140591634	0.00755039478169	0.0131311213595	0.021037150678	0.0322168415021	0.046414866472	0.0633667793937	0.085498190185	0.114085735645	0.146211388804	0.187401163235	0.234299327924	0.288766125063	0.35638228123	0.431676495858	0.516490773472	0.612603286756	0.714269170115	0.818068860695	0.922661889857	1.03148605812	1.13993635418	1.23840152671	1.3412984527	1.44333820826	1.53497337392	1.62358108659	1.71455969618	1.81346257275	1.90713123845	1.98122176695	2.0560691587	2.13400783527	2.20694939065	2.27446523964	2.32513860172	2.37169936954	2.41201373588	2.44577166038	2.4804688248	2.51647910136	2.55321888467	2.58973981595	2.62958912174	2.67832017212	2.7316015208	2.77576403521	2.83316709698	2.87644508447	2.89873151544	2.91846467282	2.9090175605	2.86558455284	2.7892507911	2.67338688278	2.50878280523	2.31434190194	2.08763856297	1.83147227045	1.56745466161	1.30879892733	1.06689449162	0.844139607894	0.648549731478	0.481802727881	0.344801361697	0.239259973771	0.160309106597	0.103042827335	0.0658926964885	0.0407520703857	0.0233259780816	0.0134229240563	0.0075868701188	0.00365665254524	0.00176905384982	0.000975715267682	0.000437704045315	0.000182376685548	7.29506742192e-05	3.64753371096e-05	1.82376685548e-05	0.0	0.0	0.0	0.0	0.0	0.0	0.0	0.0
PD_127S_filtered_1	0.0	0.0	0.0	0.0	0.0	0.0	3.60507681337e-05	5.40761522006e-05	0.000135190380501	0.000387545757437	0.000901269203343	0.00184760186685	0.00325358182407	0.00559688175276	0.00912084433783	0.0146546372464	0.022387527011	0.0328692878459	0.0462711608996	0.0654952330069	0.0912084433783	0.121743443988	0.159272293615	0.205074794529	0.261178802437	0.328719916535	0.404624808841	0.488397781292	0.583031047643	0.687064551784	0.795343033874	0.915680497904	1.0472567889	1.18824233038	1.34078214305	1.49957676398	1.66617637622	1.83820162906	2.02627848642	2.22307962966	2.4188623387	2.60697524682	2.78320041415	2.9413010578	3.07540991526	3.18791534991	3.26590217408	3.31339906109	3.34182509177	3.34945884192	3.32841420602	3.2838644693	3.21740487825	3.14286991513	3.05275200749	2.94610482266	2.8477403018	2.74855562597	2.64393629685	2.52879915612	2.40993076089	2.30489684794	2.1816212463	2.04308715706	1.9081851827	1.75697023576	1.59268688538	1.42204958711	1.25177279652	1.08174836131	0.912949652218	0.752397556335	0.602237094366	0.472598532157	0.361012392091	0.266018618059	0.19452994485	0.137371451974	0.0924251568028	0.0613133439034	0.0395837434108	0.0243342684903	0.0143211676411	0.00785906745315	0.00439819371231	0.00258664261359	0.00124375150061	0.000594837674206	0.00034248229727	0.000216304608802	3.60507681337e-05	1.80253840669e-05	1.80253840669e-05	9.01269203343e-06	0.0	0.0	0.0	0.0	0.0	0.0	0.0
PD_127S_filtered_2	0.0	0.0	0.0	0.0	0.0	0.0	9.01435915298e-06	9.01435915298e-06	9.91579506828e-05	0.000360574366119	0.00093749335191	0.00185695798551	0.00338038468237	0.00567904626638	0.0089152012023	0.0144590320814	0.0224637830092	0.0332269278379	0.0464960645111	0.0636774330567	0.0886291791921	0.11972871827	0.157426768248	0.205058642012	0.259622557965	0.322010937663	0.401057853075	0.487117939909	0.577270545798	0.675112400044	0.785817744802	0.906862559508	1.0321260943	1.16766599852	1.31478935426	1.47104425582	1.63499742009	1.81113799794	1.99420160362	2.18644182691	2.38578536522	2.57603341515	2.75367939098	2.92414993692	3.06500831304	3.17025095615	3.26576710574	3.32305335816	3.34997924895	3.36359994563	3.3500784069	3.30909913019	3.24540366841	3.16933149152	3.07776363124	2.97837130722	2.88049339554	2.77315040675	2.65765843728	2.54571812532	2.43742862881	2.32669624098	2.1955373153	2.05875342951	1.9235200135	1.76689552322	1.59881378245	1.43202109504	1.26206436757	1.08719481436	0.914001931957	0.753149707232	0.60193383244	0.471523098574	0.360186748676	0.266266140661	0.193556319733	0.136378239625	0.0930281864588	0.0610903119798	0.0389059741043	0.0238429799596	0.014846649525	0.00868984222347	0.00480465342854	0.0025690923586	0.00122595284481	0.00060396206325	0.000243387697131	0.000117186668989	4.50717957649e-05	0.0	0.0	0.0	0.0	0.0	0.0	0.0	0.0	0.0	0.0
PD_128S_filtered_1	0.0	0.0	0.0	0.0	0.0	9.92363366946e-06	1.98472673389e-05	0.000109159970364	0.000446563515126	0.00102213426795	0.0018854903972	0.00357250812101	0.00672822362789	0.0115312623239	0.0192518493188	0.0329365401489	0.0524761748441	0.0736333618274	0.0978569516145	0.13070417906	0.1761643449	0.22919624323	0.288053314523	0.3611706474	0.446781835066	0.540004449757	0.647229311556	0.77675257821	0.917955961692	1.06430971105	1.22328632243	1.40458118594	1.59463861798	1.77939682964	1.96467107025	2.15455980051	2.35141492161	2.53112200373	2.70586726902	2.88340107536	3.04515630418	3.18241008146	3.30111658741	3.40228803267	3.46333822701	3.47733055048	3.45722526867	3.40066055675	3.30024330765	3.17365743656	3.02072431808	2.85595230463	2.69352226873	2.52637850684	2.36755074996	2.23019773634	2.12046219522	2.03640901804	1.96371840141	1.90529797	1.85259355158	1.7841601738	1.71376191655	1.63322170569	1.52891439219	1.40088959422	1.2498618134	1.10065998118	0.954226842754	0.802494483948	0.655694171076	0.522439618162	0.403266701426	0.304109753801	0.225127553425	0.160296454663	0.111124849831	0.075806637601	0.0491021393965	0.0304457080979	0.019033529378	0.0115610332249	0.00661906365753	0.00387021713109	0.00210381033793	0.00105190516896	0.000595418020168	0.000337403544762	0.000158778138711	3.96945346778e-05	2.97709010084e-05	1.98472673389e-05	0.0	0.0	0.0	0.0	0.0	0.0	0.0	0.0	0.0
PD_128S_filtered_2	0.0	0.0	0.0	0.0	0.0	1.98478464094e-05	5.95435392283e-05	9.92392320471e-05	0.000287793772937	0.000843533472401	0.00174661048403	0.00331459035037	0.00626199554217	0.0118094686136	0.0205425210338	0.0337810345888	0.0516540202805	0.0736255862558	0.0998048956698	0.133119505868	0.174641200557	0.224717317048	0.285292944289	0.358710128158	0.44285507301	0.536794930066	0.652458255017	0.781697506912	0.916722406035	1.06015286811	1.2223196972	1.40134727181	1.58056340097	1.76450331757	1.95456629478	2.14734842696	2.33706406686	2.5161015654	2.70198657095	2.87620104281	3.02332320432	3.16384595689	3.29463334081	3.39326721354	3.45175881691	3.47442505751	3.4576139316	3.40166285257	3.3083581266	3.18506330471	3.04077938523	2.87726290259	2.70847681672	2.54264805997	2.38355764708	2.2406829247	2.12775860255	2.04343502708	1.97333243356	1.91272703455	1.85129794992	1.78546264338	1.71862502059	1.63688166515	1.53144990503	1.40722223435	1.25818475566	1.10414561968	0.952587464497	0.801257559549	0.656665998456	0.521770110334	0.404638044749	0.304069006992	0.219566800904	0.157115552177	0.111554820744	0.075818773284	0.0486073758567	0.0303076614672	0.0184188014679	0.0111941853749	0.0069467462433	0.00396956928189	0.00230235018349	0.00117102293816	0.000545815776259	0.000327489465756	0.00016870669448	7.93913856377e-05	1.98478464094e-05	0.0	0.0	0.0	0.0	0.0	0.0	0.0	0.0	0.0	0.0
PD_129P_filtered_1	0.0	0.0	0.0	0.0	0.0	0.0	6.54650984284e-05	0.000212761569892	0.000327325492142	0.000458255688999	0.00101470902564	0.00194758667825	0.00297866197849	0.00396063845492	0.00571182983788	0.00772488161455	0.0103598518263	0.0155643271514	0.0212761569892	0.0276099052622	0.0381334198346	0.0540741713019	0.0711769282663	0.0953662821356	0.128475255666	0.162942629988	0.206149594951	0.261860393714	0.328127439598	0.400548204734	0.47946638089	0.572639582228	0.678807605604	0.799279752987	0.918033441536	1.04555945327	1.18377264233	1.32350789493	1.46391416478	1.59684104714	1.71917894983	1.83045325088	1.9431677841	2.03120197521	2.10408099604	2.16738574622	2.22242552772	2.25006816553	2.27383199626	2.338004159	2.40068699074	2.46322252602	2.56271310935	2.69613097995	2.84393480593	3.01492964302	3.20019587157	3.37754082322	3.55367467054	3.72948119237	3.84394691697	3.87648307089	3.84159017343	3.7290720355	3.53213665316	3.27592262418	2.96321221526	2.59988091899	2.22466770734	1.85424981416	1.50304592737	1.18234877644	0.898639406127	0.665730952193	0.478484404413	0.328978485877	0.219946364445	0.14078269417	0.0874122726765	0.0528139681571	0.0310140903805	0.0173646173581	0.0100161600595	0.00572819611249	0.00309322590074	0.00158752863689	0.000834680004962	0.000441889414392	0.000245494119107	8.18313730355e-05	3.27325492142e-05	1.63662746071e-05	0.0	0.0	0.0	0.0	0.0	0.0	0.0	0.0	0.0
PD_129P_filtered_2	0.0	0.0	0.0	0.0	0.0	0.0	1.63688357011e-05	0.000180057192712	0.000311007878321	0.000474696235331	0.000982130142065	0.00168599007721	0.00258627604077	0.00373209453985	0.00563087948117	0.0075296644225	0.0104760548487	0.0151575418592	0.0209848473688	0.0287600443268	0.0386304522546	0.052298430065	0.0725630486629	0.0962814915938	0.126842107848	0.164654118317	0.208588073339	0.25998621744	0.323235398589	0.397729969865	0.48144019564	0.57796721977	0.679126624402	0.789845429084	0.914003047877	1.04420076704	1.17940734993	1.32016296813	1.45666268904	1.5849779921	1.71398078626	1.82813704644	1.92921460689	2.01934141626	2.09373777453	2.16006429679	2.21116780185	2.24760483012	2.2813410005	2.33285372645	2.38852413667	2.45964672779	2.56858132938	2.70125074274	2.84634410239	3.01414103716	3.19588421995	3.37420631608	3.56346279445	3.72931183778	3.84201127158	3.88375180262	3.85324029287	3.73497545493	3.54580082073	3.30254355338	2.96894668179	2.60076246037	2.23005743824	1.85344326643	1.50367398517	1.19116017397	0.911907836907	0.668928839761	0.476431331916	0.329766564034	0.218589431952	0.142981779849	0.0901759158773	0.0538371006209	0.0311335255035	0.018398571328	0.0105578990272	0.00527076509575	0.00274996439778	0.0015223017202	0.00075296644225	0.000376483221125	0.000212794864114	8.18441785054e-05	3.27376714022e-05	1.63688357011e-05	0.0	0.0	0.0	0.0	0.0	0.0	0.0	0.0	0.0
PD_12P_filtered_1	0.0	0.0	0.0	0.0	0.0	0.0	1.57262475475e-05	6.290499019e-05	0.000141536227927	0.000518966169067	0.00100647984304	0.00168270848758	0.00268918833062	0.00511103045293	0.00811474373451	0.0119676743836	0.0188557708094	0.0275052069606	0.0401805624838	0.0587847133325	0.0817922134945	0.111090212675	0.148550134334	0.192284828763	0.246367394079	0.311709952639	0.379647342044	0.457287826186	0.551220702787	0.657372873733	0.771356715957	0.892165749617	1.02571304379	1.16761097541	1.33171436857	1.50303610935	1.68239396263	1.8881090068	2.09895080767	2.3289314518	2.56638206352	2.78349863716	2.98308044479	3.16971955068	3.33306808396	3.46843962285	3.56729481493	3.61708411467	3.63155226241	3.60992867203	3.54994876389	3.47119171617	3.37908308428	3.27121675235	3.1580821275	3.0339863081	2.92264447546	2.81696409194	2.68793023082	2.55310911059	2.40100484431	2.23693290365	2.07275087925	1.88741705191	1.69327652593	1.50144775835	1.29576416668	1.11083922176	0.949865351868	0.780713833248	0.626895405986	0.496933696253	0.385513232379	0.294426806584	0.216267356273	0.153519628559	0.108479655583	0.074998474554	0.0506856958456	0.0338900634648	0.0209159092382	0.0121878418493	0.00723407387185	0.00467069552161	0.00276781956836	0.00135245728908	0.00069195489209	0.00025161996076	7.86312377375e-05	4.71787426425e-05	3.1452495095e-05	0.0	0.0	0.0	0.0	0.0	0.0	0.0	0.0	0.0	0.0
PD_12P_filtered_2	0.0	0.0	0.0	0.0	0.0	0.0	0.0	4.71859851333e-05	0.000220201263955	0.000519045836466	0.00111673498149	0.00177733877335	0.00281543044629	0.00550503159888	0.00869794992623	0.0123784567666	0.0182295189232	0.0274622433476	0.0410832643894	0.0569849413793	0.0794454703027	0.11168922681	0.149846960122	0.195208420496	0.250416023102	0.311742075114	0.378872003297	0.460503757577	0.556904725205	0.662459773948	0.769367487598	0.890273710171	1.0238100481	1.16047638971	1.30774384931	1.48292968344	1.67362397803	1.87348808239	2.09324894382	2.32328062135	2.55494807969	2.76454822565	2.97127002652	3.1746573511	3.34685473952	3.4810674099	3.57444847448	3.62811466824	3.64404780255	3.61175686006	3.55488201931	3.49135395466	3.39330147755	3.26968992516	3.14842194337	3.03822693942	2.93289209194	2.81909522446	2.69076507356	2.54694219088	2.39926578607	2.23864469268	2.06509463936	1.89034920775	1.70009531569	1.50482398055	1.30156248525	1.11173326706	0.944191562517	0.782878408008	0.631144008481	0.498394103639	0.387444123929	0.2908386837	0.213878341947	0.152898320494	0.107395302163	0.0747426004511	0.0498913149476	0.0338480800023	0.0215325378825	0.012032426209	0.0073767423425	0.00484442780702	0.00300417438682	0.00146276553913	0.00072351843871	0.000267387249089	0.000125829293689	6.29146468444e-05	0.0	0.0	0.0	0.0	0.0	0.0	0.0	0.0	0.0	0.0	0.0
PD_130S_filtered_1	0.0	0.0	0.0	0.0	0.0	0.0	1.31828693359e-05	1.31828693359e-05	1.31828693359e-05	3.95486080076e-05	0.000145011562695	0.000487766165428	0.000777789290817	0.00127873832558	0.00280795116854	0.00547089077439	0.00913572844977	0.0151075682589	0.0243092110554	0.0367011082311	0.0567654353603	0.0863741598887	0.123549851416	0.173473377591	0.237357562393	0.314648725309	0.407732965689	0.519655526351	0.645446465554	0.786384521624	0.948349254285	1.1336344828	1.34258296177	1.57595929763	1.83012501842	2.09496886338	2.39035741659	2.71619839796	3.05316572106	3.38901250026	3.70052370267	3.98788388845	4.23644688978	4.41048713075	4.51842846487	4.56087730413	4.5190612426	4.40334201557	4.18796029636	3.91001267928	3.63770733028	3.3411455017	3.01836294601	2.70736587551	2.42324867558	2.15959128887	1.92519987207	1.73163580161	1.55944116235	1.41631474997	1.30717377474	1.20033980164	1.09048695146	0.991246311104	0.894866353389	0.79519067834	0.695488637553	0.595641585203	0.505721233463	0.415774515984	0.328807126976	0.257276877959	0.193920007931	0.142177245787	0.103155952553	0.0710029342431	0.0475769754332	0.0327462474303	0.0216462714495	0.0134201609839	0.00789653873219	0.00465355287557	0.00292659699257	0.00183241883769	0.0010282638082	0.000435034688084	0.000184560170702	0.000158194432031	7.90972160153e-05	2.63657386718e-05	1.31828693359e-05	1.31828693359e-05	1.31828693359e-05	0.0	0.0	0.0	0.0	0.0	0.0	0.0	0.0
PD_130S_filtered_2	0.0	0.0	0.0	0.0	0.0	1.31811560085e-05	1.31811560085e-05	0.0	1.31811560085e-05	3.95434680254e-05	0.000158173872102	0.000369072368237	0.000790869360508	0.00144992716093	0.00283394854182	0.00558881014759	0.00889728030572	0.0144992716093	0.0230011172348	0.0372235845679	0.0565076158083	0.0841880434261	0.12089756291	0.169338311241	0.235481352091	0.314093766526	0.404582402524	0.513287396126	0.63862700861	0.778096820336	0.941253169409	1.1262770563	1.33075632946	1.55707677812	1.80809871315	2.09319393646	2.38690963579	2.68392062413	3.013673604	3.34579919194	3.67337728106	3.96929423346	4.21296108343	4.40259837492	4.52535448083	4.57917314081	4.53226140658	4.39928990476	4.19738095703	3.93980798746	3.66260827661	3.35424831294	3.03898142353	2.73458898783	2.44267910687	2.1789637186	1.94310011299	1.7459100191	1.57085108615	1.42497523261	1.30509261871	1.20251686265	1.1059912572	1.00319142149	0.900457491563	0.798646242553	0.700262094106	0.601324337106	0.503691514552	0.41453417531	0.330833834657	0.257704781122	0.197730521283	0.144636824881	0.102417582186	0.0712705105378	0.048190306367	0.032623361121	0.0210503061455	0.0132734241005	0.00834367175336	0.00471885385103	0.00275486160577	0.00160810103303	0.000751325892483	0.000461340460297	0.000289985432186	0.00017135502811	7.90869360508e-05	0.0	0.0	1.31811560085e-05	1.31811560085e-05	0.0	0.0	0.0	0.0	0.0	0.0	0.0	0.0
PD_131P_filtered_1	0.0	0.0	0.0	0.0	1.18686219509e-05	2.37372439018e-05	1.18686219509e-05	4.74744878037e-05	0.000118686219509	0.000308584170724	0.000795197670712	0.00150731498777	0.00276538891456	0.00492547810963	0.00867596264612	0.013542097646	0.0189067147678	0.0273809108408	0.0399260442429	0.0543345512913	0.0738584344006	0.0988300149853	0.133391442106	0.185399743495	0.246926679689	0.324298226187	0.427033017794	0.546015952852	0.686979575763	0.846719358601	1.03502691447	1.24977776005	1.45325341478	1.64602357251	1.83928034373	2.01491221136	2.19785515012	2.38733769956	2.55696404448	2.7313971813	2.90327856439	3.07394934804	3.24590194287	3.40858514395	3.55733458286	3.67833518365	3.76695818376	3.82617073867	3.84848374794	3.82219475032	3.75846025044	3.64617121816	3.48791501307	3.32062678667	3.10805976753	2.86547700348	2.6349408907	2.40717016684	2.16764950725	1.92890030809	1.72033301454	1.52418029956	1.3460441527	1.19160964387	1.05432529377	0.93194793283	0.821617223174	0.725350830531	0.63409299635	0.54454424373	0.462543934671	0.387534243941	0.319728806736	0.260053375567	0.205481451836	0.158006964033	0.120300352095	0.0899997602538	0.0653486324618	0.0454805593159	0.0307872053407	0.0200342338532	0.0124383158046	0.00775021013395	0.00451007634135	0.00239746163409	0.0013055484146	0.000605299719497	0.000344190036577	0.00013055484146	3.56058658528e-05	1.18686219509e-05	0.0	0.0	0.0	0.0	0.0	0.0	0.0	0.0	0.0
PD_131P_filtered_2	0.0	0.0	0.0	0.0	1.18695376388e-05	1.18695376388e-05	2.37390752776e-05	5.93476881939e-05	0.000118695376388	0.000225521215137	0.000640955032494	0.00156677896832	0.00289616718386	0.0050801621094	0.0083561544977	0.0131989258543	0.0194304331147	0.028225760505	0.039596777563	0.0536740492026	0.0736742201239	0.0990750306709	0.132024867156	0.180132103206	0.246126732478	0.325795069109	0.419884893972	0.535244930283	0.678830727099	0.841668913966	1.02869721854	1.23521530392	1.44232686618	1.64262531383	1.83377234797	2.01465223204	2.19178134223	2.37321909457	2.5467042567	2.71660481846	2.88728876971	3.06520126938	3.24665089126	3.40881251448	3.5503804899	3.6746308099	3.77438240422	3.82464989612	3.84386667755	3.83533247999	3.78108869298	3.67091564462	3.50694985168	3.32489488337	3.12645995313	2.89311671269	2.63724508981	2.39536765181	2.16214310674	1.93345272506	1.72731446488	1.53242852639	1.35173855492	1.19845534585	1.06069749201	0.93419195986	0.820731049571	0.724635272847	0.633667136384	0.542141131651	0.464775485322	0.394923256317	0.32332620528	0.25832861717	0.202779181021	0.157378199553	0.119787373851	0.0882737514196	0.0650688053358	0.0458995020492	0.0299943216132	0.0195253894158	0.0126410575853	0.00803567698145	0.00447481568982	0.0023264293772	0.00124630145207	0.000664694107772	0.000344216591525	0.000142434451665	5.93476881939e-05	0.0	0.0	0.0	0.0	0.0	0.0	0.0	0.0	0.0	0.0
PD_134S_filtered_1	0.0	0.0	0.0	0.0	0.0	0.0	7.84378690502e-06	1.568757381e-05	2.35313607151e-05	6.27502952401e-05	0.000274532541676	0.000823597625027	0.00145110057743	0.00240804257984	0.0045258650442	0.00847913364432	0.014620818791	0.0231156400091	0.0363951712393	0.0548908207613	0.0790653720026	0.112024964577	0.15368331683	0.205922937617	0.270367490829	0.345793345708	0.43603611405	0.540844794675	0.655497427865	0.786465137818	0.935669652326	1.10544841988	1.29991942862	1.50374807513	1.73655951426	1.99108255554	2.25996757065	2.55285457368	2.85687191033	3.16469348363	3.45276440151	3.71953159415	3.95158218594	4.13588764685	4.25943513439	4.31258463446	4.28990040273	4.19832419062	4.04522131402	3.82398730436	3.58198294698	3.31004669877	3.02767037019	2.77663781408	2.53620221408	2.31286606953	2.11841859216	1.95478150975	1.80894197982	1.67509560007	1.55692895035	1.44611192896	1.32660399167	1.20221721893	1.07756375744	0.955726215442	0.827252829725	0.69755581325	0.586911355168	0.480188790538	0.378917657808	0.2946440113	0.223171425022	0.16377042679	0.116613579917	0.0814106642872	0.0557222621732	0.0369285487488	0.0236647050924	0.0151071335791	0.00889485435029	0.00517689935731	0.00318457748344	0.00195310293935	0.00102753608456	0.000533377509541	0.000368657984536	0.00021962603334	0.00010981301667	3.92189345251e-05	7.84378690502e-06	0.0	0.0	0.0	0.0	0.0	0.0	0.0	0.0	0.0	0.0
PD_134S_filtered_2	0.0	0.0	0.0	0.0	0.0	0.0	0.0	7.84312987313e-06	4.70587792388e-05	0.000109803818224	0.000219607636448	0.000580391610612	0.00124705764983	0.00246274278016	0.00463528975502	0.00846273713311	0.0139999868235	0.022690174723	0.0357568290916	0.0535607339036	0.0778901227701	0.109780288834	0.152188092058	0.203168436234	0.266399749271	0.343654578521	0.431254496074	0.533113223737	0.646618999261	0.775316917349	0.923975600964	1.09199897224	1.28312036098	1.49067310682	1.72114347814	1.96899422526	2.24036651887	2.52798977758	2.82744831926	3.14182449397	3.43179284851	3.70738474599	3.9439178567	4.13692159662	4.27890577672	4.33837238741	4.32325083302	4.21828622593	4.05507069327	3.84089050269	3.59167505097	3.32832627922	3.05200497066	2.79552678068	2.54862505227	2.32138605046	2.12607643036	1.96079815454	1.81874338628	1.68874350863	1.56495538985	1.44684569709	1.33072031618	1.20719102068	1.08283819654	0.953944200209	0.82534039968	0.702689534724	0.587560231316	0.47848582417	0.378650624015	0.29366246871	0.223097829241	0.163874355569	0.116619498084	0.0823528636679	0.0569019072296	0.0375450627027	0.0235607621389	0.0145646921744	0.00880783484753	0.00521568136563	0.00305882065052	0.00180391987082	0.00104313627313	0.000564705350866	0.00037647023391	0.000203921376701	9.41175584776e-05	3.13725194925e-05	0.0	0.0	0.0	0.0	0.0	0.0	0.0	0.0	0.0	0.0	0.0
PD_137P_filtered_1	0.0	0.0	0.0	0.0	0.0	0.0	2.02839345153e-05	4.05678690307e-05	4.05678690307e-05	9.12777053191e-05	0.000324542952246	0.000730221642552	0.00133873967801	0.00269776329054	0.0046957308403	0.00805272200259	0.0146247167856	0.0245841286326	0.036409662455	0.0532453281028	0.0773527842743	0.108600185395	0.151013892467	0.205040152048	0.272119123491	0.354634169099	0.449532556729	0.558761544094	0.687574670234	0.836306620068	1.00260445719	1.1891963708	1.39943935205	1.61851598678	1.86866760919	2.16084754392	2.45999501015	2.76379763936	3.06629195478	3.35447595441	3.63262954842	3.87886637147	4.07354143298	4.21038699719	4.27604609321	4.27866272077	4.22095492707	4.09489027406	3.90706104044	3.68203107093	3.43826888789	3.16646416539	2.89349311665	2.64089728013	2.39577607348	2.17274407151	1.98272417297	1.82633503786	1.68342457723	1.54546339663	1.43395246663	1.33355713274	1.23475408772	1.13382122957	1.01980523366	0.908253735794	0.800444623845	0.696266336174	0.594065732118	0.493092306101	0.405364289322	0.324137273555	0.250506591265	0.190679126412	0.140851641275	0.102910541764	0.0727787570411	0.0489755598873	0.0324745791591	0.0206794712384	0.0126571751376	0.0080020121663	0.00490871215271	0.00250506591265	0.00107504852931	0.000578092133687	0.000294117050473	0.000162271476123	0.000101419672577	2.02839345153e-05	0.0	0.0	0.0	0.0	0.0	0.0	0.0	0.0	0.0	0.0	0.0
PD_137P_filtered_2	0.0	0.0	0.0	0.0	0.0	0.0	1.01433951485e-05	4.05735805941e-05	0.000101433951485	0.000192724507822	0.000395592410793	0.000649177289506	0.00120706402268	0.00253584878713	0.00485868627615	0.00838858778784	0.0144543380867	0.0237051144621	0.0358569018501	0.0523399189664	0.0773535314027	0.1099746902	0.150943863205	0.204653140517	0.271335820223	0.350738317446	0.444737160288	0.559367668861	0.687600470329	0.832945179412	1.0014878332	1.18648307392	1.39294173877	1.61852070348	1.87566591389	2.15795660088	2.43502343936	2.73916299949	3.05357781891	3.35095173448	3.63241066306	3.86665208723	4.06007648931	4.19594726733	4.27095767445	4.27471073066	4.21334319001	4.10283089987	3.92129455689	3.69300730568	3.44794287889	3.18331184286	2.91221946412	2.65062130324	2.40683494424	2.18883309571	1.99763009716	1.82612557199	1.67550629743	1.55080339747	1.4415996053	1.33687919379	1.23290939351	1.13401129082	1.02518280427	0.911150756008	0.801094918646	0.694609556377	0.593337899214	0.497056792464	0.405857526683	0.322499105353	0.251018599741	0.191131994784	0.142332120724	0.101768683525	0.0697764152268	0.0475015194806	0.0321241324354	0.0206012355467	0.0124155156618	0.00787127463526	0.00494997683249	0.00271842989981	0.00128821118386	0.000598460313764	0.00027387166901	0.000131864136931	5.07169757427e-05	0.0	1.01433951485e-05	2.02867902971e-05	1.01433951485e-05	0.0	0.0	0.0	0.0	0.0	0.0	0.0	0.0
PD_138S_filtered_1	0.0	0.0	0.0	0.0	0.0	0.0	0.0	1.47873956971e-05	4.43621870913e-05	0.000118299165577	0.000207023539759	0.00045840926661	0.00091681853322	0.00173012529656	0.00325322705336	0.00530867505526	0.00938999626766	0.0155415528777	0.0235563213455	0.0376191346534	0.0588094726874	0.0862548791012	0.121641117004	0.174520844017	0.243060423073	0.323784816184	0.422889942146	0.53497840153	0.669809875496	0.817373297157	0.984160333225	1.18071439683	1.39344587133	1.62365604754	1.89550753004	2.2114550265	2.5530734419	2.90264747618	3.26612166241	3.64209119801	3.99423823914	4.31686963846	4.5892682546	4.81214388254	4.96044667399	4.99084955954	4.92494213692	4.74941575	4.48417423338	4.15845226836	3.8163754437	3.44425063098	3.03724235181	2.6602968481	2.32446030442	2.02151092877	1.75595887684	1.53435496493	1.31868079868	1.12679955212	0.967879410563	0.835547006469	0.723576846251	0.614386716423	0.512752945797	0.431688442586	0.361182139902	0.298956778808	0.243163934843	0.188923767426	0.150624412571	0.12134536909	0.0934859155971	0.0705358774752	0.0514601370259	0.0361403950837	0.0256709189302	0.0171238042172	0.0109130980245	0.00745284743134	0.0045988800618	0.00291311695233	0.0020406606062	0.00116820426007	0.000724582389158	0.000443621870913	0.000192236144062	0.000118299165577	5.91495827884e-05	4.43621870913e-05	0.0	0.0	0.0	0.0	0.0	0.0	0.0	0.0	0.0	0.0	0.0
PD_138S_filtered_2	0.0	0.0	0.0	0.0	0.0	0.0	0.0	0.0	0.0	7.39357539702e-05	0.000177445809528	0.000310530166675	0.00069499608732	0.00156743798417	0.00309051451595	0.005456458643	0.0094342022066	0.0152455524687	0.0236446541197	0.0365834110645	0.0560433015094	0.08342910478	0.121520805225	0.173201897251	0.237836533371	0.317169597381	0.413995860781	0.528418833625	0.658294379049	0.797530190926	0.958355242962	1.15577849321	1.37258769816	1.60511564439	1.87941729162	2.18660556222	2.5224661182	2.87883645234	3.23887399987	3.61139190267	3.96801361837	4.30622533134	4.61115116786	4.82972004375	4.95907803889	4.99370954605	4.92398813006	4.7533444099	4.50746366649	4.19536606183	3.84655196175	3.46037073161	3.06791974954	2.69753119645	2.34605540923	2.04049372522	1.76911993385	1.53919452615	1.33074006141	1.14292845917	0.978510129494	0.839747506443	0.725945593932	0.619966084191	0.522430037553	0.434269044519	0.36108743524	0.299927779556	0.242479698721	0.19442145864	0.154082111274	0.120219535956	0.0936618131295	0.0691890785653	0.0497883367235	0.0360806479375	0.0254043250642	0.0179072396116	0.0123029094606	0.00755623405575	0.00473188825409	0.00340104468263	0.00220328546831	0.00113861061114	0.000473188825409	0.000354891619057	0.000266168714293	0.000177445809528	0.000118297206352	4.43614523821e-05	0.0	0.0	0.0	0.0	0.0	0.0	0.0	0.0	0.0	0.0	0.0
PD_13P_filtered_1	0.0	0.0	0.0	0.0	0.0	0.0	0.0	3.57001671482e-05	9.52004457285e-05	0.000214201002889	0.000499802340075	0.00114240534874	0.00210630986174	0.00340341593479	0.00606902841519	0.0114240534874	0.020158694383	0.033736657955	0.054359454511	0.0822055848865	0.11550194078	0.157794738795	0.214046302165	0.284685032895	0.370377334107	0.460139454373	0.550020575196	0.645090120312	0.749667809945	0.869632271618	0.997224669006	1.13414671007	1.26989064563	1.40788369171	1.57023615185	1.74837998592	1.9335329528	2.14202192895	2.3752035207	2.61390673831	2.84680272873	3.07390339202	3.28240426822	3.44746994105	3.5661253966	3.641393249	3.66068323932	3.62681568075	3.52883062198	3.37214258837	3.20486350517	3.02643406976	2.83303436427	2.64507298423	2.46964236287	2.32913840503	2.22840443339	2.15381488416	2.10338244804	2.06755138028	2.03168461235	1.98559569656	1.92932033308	1.85106556669	1.75048629578	1.61642026808	1.45471041095	1.28527741767	1.10987059641	0.939664099507	0.768553198366	0.612686268597	0.479298544076	0.36220199583	0.269679062637	0.197517124775	0.143705072827	0.100579270912	0.0664142109513	0.0429473010793	0.0276319293727	0.0176834827941	0.010686250033	0.00614042874949	0.00340341593479	0.00191590897029	0.00111860523731	0.000559302618655	0.000202300947173	0.000142800668593	7.14003342964e-05	2.38001114321e-05	0.0	0.0	0.0	0.0	0.0	0.0	0.0	0.0	0.0
PD_13P_filtered_2	0.0	0.0	0.0	0.0	0.0	1.19006051934e-05	1.19006051934e-05	2.38012103868e-05	0.000130906657127	0.000238012103868	0.000464123602542	0.0010710544674	0.00204690409326	0.00376059124111	0.00633112196288	0.0112936743285	0.0208498602988	0.0347021647439	0.0551117026505	0.0824711939901	0.115388267955	0.157528310945	0.210807320395	0.282318057002	0.37016832454	0.461136550638	0.546963715293	0.639752733986	0.750797281045	0.872254857649	0.995759338345	1.13173565328	1.26916384206	1.40693714838	1.5634896097	1.74302213965	1.9418217494	2.14679777325	2.3632221793	2.5962598302	2.84005562819	3.0657982081	3.2656093693	3.43666866835	3.55797153708	3.63746757978	3.66285157065	3.62334156141	3.52989800943	3.38776908161	3.21807835216	3.02878732595	2.83095166522	2.64292210316	2.47444523544	2.34683504595	2.24135998212	2.15364062124	2.10258702496	2.06795626385	2.03550331349	1.99430341831	1.93439577176	1.85695853377	1.7493175598	1.61148475045	1.45953782334	1.2896447836	1.11381334186	0.939826493937	0.766113359929	0.610596251262	0.480427431657	0.366050715143	0.271857425037	0.200691805981	0.144330539785	0.0996794690997	0.0660126570077	0.0428659799065	0.0271452804461	0.0164823381928	0.0105796380169	0.00636682377846	0.00336787126973	0.00190409683094	0.00102345204663	0.000535527233702	0.000190409683094	9.5204841547e-05	4.76024207735e-05	1.19006051934e-05	0.0	0.0	0.0	0.0	0.0	0.0	0.0	0.0	0.0
PD_140S_filtered_1	0.0	0.0	0.0	0.0	0.0	0.0	3.0135000281e-05	7.53375007025e-05	0.000180810001686	0.000519828754847	0.0012656700118	0.00250873877339	0.00432437254032	0.00731527131821	0.011903325111	0.0189549151768	0.0281912927629	0.0398158691213	0.055651811769	0.0767613794658	0.106805974746	0.143465202588	0.187582842999	0.242586752262	0.306766769111	0.382239877314	0.472298325654	0.572263655336	0.683951500128	0.804220286249	0.930719483679	1.07150267124	1.22888271021	1.39657645302	1.57769533846	1.77333176029	1.98324463849	2.20699701558	2.44800168033	2.70124868894	2.94894332375	3.18017671466	3.39174701788	3.57025922579	3.69687896322	3.76855506139	3.78950642034	3.7584297013	3.66812263921	3.52015978783	3.35850811257	3.18648246346	2.99933657797	2.82901355638	2.66330118984	2.5152705347	2.39494147858	2.29640002766	2.21334043314	2.13119242237	2.05119906413	1.95922704327	1.8555174398	1.73348575616	1.5763317297	1.41323357443	1.24432689785	1.06559621119	0.891604253314	0.726863740528	0.57804957539	0.447082864169	0.334724515621	0.244658533531	0.176327420394	0.124224004908	0.0831198645251	0.0544614792579	0.0361695340873	0.0231361464657	0.0138771676294	0.00824192257686	0.00482913379503	0.00259914377424	0.00141634501321	0.000678037506323	0.000278748752599	0.000128073751194	8.28712507728e-05	6.0270000562e-05	2.26012502108e-05	0.0	0.0	0.0	0.0	0.0	0.0	0.0	0.0	0.0	0.0
PD_140S_filtered_2	0.0	0.0	0.0	0.0	0.0	7.53536346072e-06	1.50707269214e-05	3.01414538429e-05	0.000173313359597	0.000474727898025	0.00110016306527	0.00235103339975	0.004219803538	0.00740726228189	0.012086722991	0.0185746709307	0.0275869656297	0.0398168605265	0.0559877505132	0.077410788832	0.105193673912	0.141272994162	0.185347335043	0.240159568857	0.306523514855	0.383218444158	0.467584373465	0.566440806706	0.679750067065	0.793910823495	0.922147638869	1.06226018706	1.21099319105	1.37590462038	1.55883310376	1.75877643782	1.97681217956	2.20227778967	2.44123170037	2.69631882424	2.94195660233	3.17430953465	3.39196850821	3.57044359178	3.70045875293	3.78467397496	3.80592369992	3.76576021268	3.67309031284	3.5417941399	3.38070313984	3.19912348652	3.01202041179	2.83370357086	2.66660688612	2.51874798429	2.40454955104	2.31396694688	2.22610460893	2.13993772776	2.05445656466	1.9535203711	1.84825134356	1.73114426001	1.58752776781	1.42003924417	1.24090104862	1.06465643264	0.892541195832	0.726589886337	0.572506774292	0.442566966775	0.333635752587	0.242314682806	0.17251461107	0.120708987277	0.0828889980679	0.0553623153459	0.0354689558096	0.0227115854706	0.0139780992196	0.00799502063183	0.00486784479563	0.00260723575741	0.00110016306527	0.000542546169172	0.000324020628811	0.000135636542293	6.78182711465e-05	3.01414538429e-05	0.0	0.0	0.0	0.0	0.0	0.0	0.0	0.0	0.0	0.0	0.0
PD_141P_filtered_1	0.0	0.0	0.0	0.0	0.0	0.0	0.0	8.0544519614e-06	2.41633558842e-05	7.24900676526e-05	0.000241633558842	0.000652410608873	0.00117594998636	0.0019813951825	0.00308485510121	0.00504208692783	0.00880351599381	0.0144255234629	0.0222302874135	0.0322339167495	0.0470218905506	0.0691635789925	0.0977246656476	0.135169812816	0.183947573894	0.246401794403	0.322725781189	0.417035359205	0.530570914053	0.665482984406	0.826821711645	1.00802271742	1.21376563832	1.44678898802	1.71401959519	1.99983182304	2.30914694172	2.65098593741	3.01347654793	3.3697893938	3.7077380892	4.00723483093	4.25753498008	4.44791000664	4.56271011045	4.60745259109	4.54837318596	4.39576548464	4.19194757776	3.94884005421	3.65714807643	3.32470057172	2.99404115535	2.69038831641	2.39850303178	2.14062364333	1.93134481802	1.75496842896	1.61128506043	1.49061326114	1.38050890283	1.28295338067	1.19184947454	1.10105163757	1.00530031266	0.905223747037	0.802062326316	0.697902153551	0.591559224305	0.489074377548	0.391776597854	0.305948357754	0.237034466772	0.178583308888	0.1318191608	0.0931175191257	0.0648302838373	0.0442753224318	0.02878661131	0.0187104919063	0.0122427669813	0.00770811052706	0.00474407220526	0.00280294928257	0.00149007361286	0.000765172936333	0.000442994857877	0.000217470202958	8.85989715754e-05	6.44356156912e-05	5.63811637298e-05	1.61089039228e-05	0.0	0.0	0.0	0.0	0.0	0.0	0.0	0.0	0.0
PD_141P_filtered_2	0.0	0.0	0.0	0.0	0.0	0.0	0.0	0.0	8.05429237403e-06	0.000128868677985	0.000442986080572	0.000660451974671	0.000934297915388	0.00180416149178	0.00323782553436	0.0051789099965	0.00889999307331	0.0141513917012	0.0213277662064	0.0323379838818	0.0480438540111	0.0688239283361	0.0962085224078	0.133902610718	0.182445830857	0.241749585607	0.316243735774	0.412001217809	0.527427281821	0.659525731048	0.813773484303	0.996638138363	1.20327100922	1.42855762121	1.6952513503	1.98932967346	2.30042671641	2.63741830934	2.99217767125	3.34860427167	3.69097613191	3.99144150892	4.24094737809	4.44027500576	4.5738393362	4.62515323291	4.5626438698	4.41093321864	4.20810197378	3.95622008837	3.68092437503	3.36418932742	3.01753258364	2.70164323673	2.4070011131	2.14787841885	1.93704926166	1.76035419556	1.6143540377	1.4942645384	1.38462145631	1.28647184944	1.20042784401	1.10723162695	1.00775306184	0.906566986744	0.800910779382	0.697002353464	0.592360986941	0.487131657074	0.391720509611	0.308181389108	0.236659272826	0.177508549631	0.130390939243	0.0930109683354	0.0638302670642	0.0433965273113	0.0287618780677	0.0191289443883	0.0126130218577	0.00769990350958	0.00463927240744	0.00252904780545	0.00128063248747	0.000676560559419	0.000362443156832	0.000185248724603	0.000136922970359	8.85972161144e-05	2.41628771221e-05	1.61085847481e-05	1.61085847481e-05	8.05429237403e-06	0.0	0.0	0.0	0.0	0.0	0.0	0.0
PD_142S_filtered_1	0.0	0.0	0.0	0.0	0.0	0.0	0.0	0.0	2.34516076077e-05	7.03548228231e-05	0.000187612860862	0.000363499917919	0.000715274032035	0.00128983841842	0.00256795103304	0.00513590206609	0.00866536901105	0.0146103515396	0.0241199784245	0.038261297812	0.0601885509252	0.0893154475739	0.126580052063	0.178724701578	0.246910250698	0.330878731737	0.439330691119	0.57087075819	0.72046856312	0.894596749607	1.08814286719	1.29695598133	1.52858750967	1.79084683755	2.08305386834	2.39979128069	2.73725991417	3.0736614995	3.41727445416	3.76255247297	4.065981098	4.33698787552	4.56796275885	4.72263783682	4.80237330269	4.7974719167	4.69055603762	4.48963438944	4.22661288431	3.90821040782	3.56711850097	3.21295232288	2.84492624469	2.50071527403	2.18352055533	1.90388358622	1.66815975235	1.46067165404	1.27851129195	1.12777608405	0.997912806923	0.88153420417	0.778218146854	0.685596022607	0.601791702821	0.524389671912	0.44932107596	0.380220914144	0.317734105673	0.261297811965	0.21032574283	0.166295349546	0.126709035904	0.0950845430454	0.0727586126029	0.0529420041744	0.0367603949251	0.0254215426467	0.0173424638259	0.0113271264745	0.00724654675078	0.00451443446448	0.00260312844445	0.00171196735536	0.000996693323327	0.000527661171173	0.000340048310312	0.000211064468469	0.000128983841842	5.86290190193e-05	1.17258038039e-05	0.0	0.0	0.0	0.0	0.0	0.0	0.0	0.0	0.0	0.0
PD_142S_filtered_2	0.0	0.0	0.0	0.0	0.0	0.0	0.0	0.0	0.0	4.68928779097e-05	0.000117232194774	0.000246187609026	0.000574437754394	0.00147712565416	0.00263772438242	0.00470101101045	0.00821797685368	0.0144078367378	0.0235519479301	0.0372446682798	0.0582175079249	0.0875255566185	0.123937876315	0.174113255679	0.242037589331	0.323396732504	0.423513026841	0.553277343237	0.701998105528	0.867776152158	1.05768058447	1.27109007184	1.50454626451	1.75693545664	2.04526803969	2.3528384259	2.68314013468	3.03958462289	3.36980426913	3.69861712903	4.02306895129	4.30793146137	4.55519760659	4.74180781423	4.8182900981	4.80357745766	4.72394162775	4.52747219252	4.26769737212	3.95571905539	3.61282660889	3.26454148144	2.88577598334	2.53962448183	2.22650901281	1.94339326243	1.70187149476	1.48468713072	1.29514611821	1.13745709302	1.00373032844	0.884622418547	0.785490874646	0.692959503311	0.604601598109	0.525598822051	0.454638174554	0.385119483053	0.318508149982	0.261193329957	0.210326280644	0.167841333258	0.130186352297	0.0984984900493	0.0723322641757	0.0512304691164	0.0363302571605	0.0252283683154	0.0173151951682	0.01166460338	0.00688152983325	0.0039976178418	0.00266117082138	0.00162952750736	0.000949580777671	0.000656500290736	0.000339973364845	0.000234464389549	0.000128955414252	3.51696584323e-05	1.17232194774e-05	0.0	0.0	0.0	0.0	0.0	0.0	0.0	0.0	0.0	0.0
PD_145P_filtered_1	0.0	0.0	0.0	0.0	7.83329249577e-06	7.83329249577e-06	7.83329249577e-06	5.48330474704e-05	0.00020366560489	0.000469997549746	0.000916495222005	0.00199748958642	0.00400281246534	0.00745729445597	0.0123374356808	0.0201002285441	0.0313488365681	0.0448612661233	0.0634966689707	0.0896441993216	0.123123691448	0.162415486607	0.210222070709	0.268681932605	0.335100419676	0.408576703287	0.492071767999	0.584669118592	0.688099912706	0.800327494293	0.922440691009	1.05771381912	1.20113357142	1.35237878293	1.52368505652	1.71180157581	1.90276941356	2.10580052176	2.323401554	2.54822488192	2.76085177343	2.95444376417	3.14244278406	3.29868563619	3.4176733492	3.50605638843	3.54837183449	3.54924132996	3.52843610509	3.48068435403	3.39051532411	3.28261171998	3.17292212517	3.05007259895	2.91277064809	2.78351348862	2.65756981187	2.52714549181	2.40102164934	2.27713029523	2.14510015021	2.01064168452	1.88454134192	1.7440669076	1.58961004617	1.42489940486	1.2557472867	1.09469479299	0.931049479462	0.771594977418	0.629373718865	0.502396047509	0.389291137162	0.293294137627	0.215862041306	0.155835520911	0.110676589673	0.0757087719716	0.0497414073481	0.0327196627548	0.0207033920663	0.0128387664006	0.0077706261558	0.00466864232748	0.0025849865236	0.00143349252673	0.00081466241956	0.000360331454805	0.000172332434907	7.83329249577e-05	1.56665849915e-05	0.0	0.0	0.0	0.0	0.0	0.0	0.0	0.0	0.0	0.0
PD_145P_filtered_2	0.0	0.0	0.0	0.0	0.0	0.0	1.56660278583e-05	5.48310975039e-05	0.000219324390016	0.000524811933252	0.00109662195008	0.00203658362158	0.00401050313172	0.0073395340516	0.0124309931055	0.0203266711461	0.0315827121623	0.0455959740815	0.0642463802468	0.0891553645414	0.122061856058	0.162989353837	0.210629744554	0.267630586917	0.334704685192	0.407583046789	0.491333631719	0.584217510891	0.686579336917	0.798372111713	0.9185383784	1.04947503924	1.19002280817	1.33989186368	1.50977426977	1.69168035225	1.87916354064	2.08313522336	2.30277293393	2.53066664118	2.74754713085	2.94370929868	3.12751880354	3.29238024771	3.41844477388	3.51235477788	3.56511012669	3.56996659533	3.53906535538	3.47819500414	3.40163512599	3.30644834072	3.18970510112	3.05968490292	2.92501972745	2.80292653933	2.68355140705	2.55291240074	2.4100538927	2.27217718152	2.15323286501	2.02775581488	1.88799134734	1.7441223805	1.58797908084	1.42370511272	1.25559296777	1.08776281133	0.928368810881	0.7735649566	0.628152886019	0.498814160021	0.385783769024	0.292155753529	0.216238182528	0.154138048098	0.108698734295	0.0753692600261	0.0499041317425	0.0325540058895	0.0204050012854	0.0125014902309	0.00759019049733	0.00433948971674	0.00232640513695	0.00140210949332	0.000759802351126	0.000313320557165	0.000117495208937	7.04971253622e-05	2.34990417874e-05	0.0	0.0	0.0	0.0	0.0	0.0	0.0	0.0	0.0	0.0
PD_146S_filtered_1	0.0	0.0	0.0	0.0	0.0	0.0	1.20304514788e-05	3.60913544363e-05	6.01522573939e-05	0.000180456772182	0.000577461670982	0.00114289289048	0.00193690268808	0.00347680047737	0.00623177386601	0.0103341578203	0.0158080132431	0.0237842025736	0.0356702886346	0.0513459669114	0.073445906278	0.105699546693	0.146723386235	0.195242197049	0.254263592004	0.329429852844	0.422653821353	0.527439053733	0.639538800612	0.762814836915	0.906638884344	1.07163652638	1.2479909146	1.44248722366	1.66665062606	1.89069372395	2.12733270454	2.38231812363	2.6285092827	2.87433952821	3.1105333821	3.30845836983	3.472180784	3.60014869638	3.67944140208	3.70573996901	3.67606084521	3.59045215249	3.46951002377	3.32918683772	3.1748481757	3.01307469467	2.85211928433	2.70928173392	2.58264920166	2.47631204104	2.39651405638	2.33502641887	2.26173690846	2.19505211592	2.12436118303	2.0333989394	1.92341655198	1.7890003176	1.63694744136	1.46701731423	1.28351683782	1.09716514441	0.918885883949	0.751193420787	0.597323946373	0.461127205182	0.347210860129	0.25374628259	0.182008700423	0.126043040143	0.0838281859042	0.0548227673888	0.0347920656766	0.0212217164086	0.0125357304409	0.00713405772692	0.00405426214835	0.00234593803836	0.00121507559936	0.000517309413588	0.000228578578097	0.000120304514788	3.60913544363e-05	1.20304514788e-05	0.0	0.0	0.0	0.0	0.0	0.0	0.0	0.0	0.0	0.0	0.0
PD_146S_filtered_2	0.0	0.0	0.0	0.0	0.0	0.0	0.0	3.60904773832e-05	7.21809547664e-05	0.000204512705171	0.000625568274642	0.00115489527626	0.00193685561956	0.0035128064653	0.0059428986091	0.00947976539265	0.0148572465227	0.0234588102991	0.0344303154236	0.0495642556062	0.0729508849505	0.104096966932	0.143170923779	0.191508103154	0.253331090912	0.326414307613	0.412225432671	0.514409604302	0.632437495504	0.757490999636	0.892276902504	1.05402239198	1.22915744856	1.4130745213	1.62671811725	1.85693927248	2.09331986918	2.33636517404	2.590153411	2.84017620815	3.06723343152	3.27041078903	3.4382194787	3.57071965134	3.6614751718	3.69908144923	3.67879860094	3.60412740323	3.48719425651	3.35114518694	3.20660282502	3.04065881001	2.87759000303	2.73672886981	2.61551298644	2.5087693845	2.42321089278	2.35807961126	2.28317984053	2.21092670481	2.14616835823	2.05793917118	1.94384514202	1.81242768371	1.66351837402	1.48880437301	1.2966346111	1.11223633199	0.932638086377	0.761075987057	0.603745565984	0.465843851903	0.350643048096	0.256771716422	0.183086991765	0.126244489886	0.084295325008	0.0548936160998	0.0352002456077	0.0213294721335	0.0121384305599	0.00684516054368	0.00386168108	0.00234588102991	0.00120301591277	0.000565417479003	0.000348874614704	0.00010827143215	4.81206365109e-05	1.20301591277e-05	0.0	0.0	0.0	0.0	0.0	0.0	0.0	0.0	0.0	0.0	0.0
PD_147_filtered_1	0.0	0.0	0.0	0.0	0.0	0.0	3.1413684932e-05	5.23561415534e-05	5.23561415534e-05	0.000198953337903	0.000544503872156	0.000973824232894	0.00182199372606	0.00338220674435	0.00589530153891	0.0100209654933	0.014963385256	0.022816806489	0.0347749492198	0.0506388601105	0.0722724178003	0.0998431619424	0.138900843541	0.189194153117	0.250388011365	0.322786083905	0.406964288295	0.508053526406	0.624671596102	0.758378710401	0.906567533454	1.07359409624	1.26140604722	1.46876778145	1.70498822092	1.95165894623	2.21230876134	2.49190102846	2.77847760487	3.0652845483	3.33538988257	3.58473077111	3.79323386923	3.97081543015	4.09780001587	4.15249124134	4.14734986824	4.08178950779	3.96215572434	3.78347468444	3.56877261916	3.33166212529	3.0915463889	2.85248824657	2.6035766784	2.37708401004	2.17705213562	2.00459100534	1.86209853049	1.73410870685	1.62497756539	1.52145900231	1.41702944237	1.31581454952	1.20769911721	1.08850512535	0.961269230149	0.834546425133	0.712315777063	0.592095604828	0.474901617574	0.371686720116	0.283393323	0.20957116341	0.150178356432	0.103989768353	0.0707750321519	0.0455812568364	0.0285340971466	0.0179372140962	0.0108167788449	0.00590577276723	0.00300524252517	0.00162304038816	0.000942410547961	0.000450262817359	0.000136125968039	3.1413684932e-05	0.0	0.0	0.0	1.04712283107e-05	2.09424566214e-05	1.04712283107e-05	0.0	0.0	0.0	0.0	0.0	0.0	0.0
PD_147_filtered_2	0.0	0.0	0.0	0.0	0.0	0.0	0.0	2.09406454158e-05	0.000146584517911	0.000272228390406	0.000533986458103	0.000984210334544	0.00156007808348	0.00322485939404	0.0058214994256	0.00946517172795	0.0151086756675	0.0224483718858	0.0336306765378	0.0497863844761	0.0714494821588	0.102085646402	0.140459379127	0.186319392587	0.245225428142	0.318601449679	0.406594041716	0.5063657468	0.619549935272	0.752690558826	0.902939689685	1.06698870587	1.25508805332	1.46416992747	1.6913131083	1.93855930872	2.20488243712	2.47955041272	2.75774688707	3.04765965253	3.31901900615	3.55735496195	3.78581740344	3.96576036949	4.07966701023	4.14824762397	4.15079191239	4.09469192332	3.97781171093	3.80031880039	3.58837852813	3.35393753238	3.11670096046	2.87371618138	2.61637658987	2.38098279475	2.18591021238	2.02007077101	1.87573737248	1.74500492315	1.6257479475	1.52039556042	1.42011080952	1.31844397603	1.21015989858	1.08918579001	0.964369073012	0.840421392796	0.713678136417	0.588474017475	0.471468161214	0.369550039976	0.283819037643	0.210924650951	0.150615592153	0.103425847709	0.0694496505216	0.0457134289427	0.0285002184109	0.0166792240737	0.00987351431356	0.00560162264873	0.00297357164905	0.00134020130661	0.000774803880385	0.000471164521856	0.000177995486034	8.37625816633e-05	1.04703227079e-05	1.04703227079e-05	1.04703227079e-05	0.0	0.0	0.0	0.0	0.0	0.0	0.0	0.0	0.0	0.0
PD_148P_filtered_1	0.0	0.0	0.0	0.0	0.0	0.0	0.0	2.56633944698e-05	5.13267889396e-05	0.000128316972349	0.000325069663284	0.000650139326569	0.00130027865314	0.00207873495205	0.00366131094436	0.00703177008473	0.0107101899587	0.0161251661919	0.0252271167638	0.0366473273029	0.0524730872259	0.0732005554927	0.103004310937	0.143338612579	0.192826191581	0.256993232221	0.335394902326	0.428544469787	0.541762811723	0.673150836943	0.825334766149	0.999024619921	1.18962665065	1.39438632066	1.61343194692	1.84819212507	2.0998815891	2.36115205373	2.62300422197	2.88278620972	3.12790584477	3.35343575537	3.53715144191	3.68644396201	3.79678800377	3.84265704415	3.83552262049	3.76473442407	3.65666586996	3.524362517	3.36322206313	3.1808408731	2.9945845105	2.82513767128	2.65255989793	2.49186427623	2.35873114019	2.24485410446	2.15661479981	2.06904274341	1.98218926206	1.90076786587	1.80382867049	1.68537499609	1.54958997595	1.40797936526	1.25222822422	1.0893255506	0.927851472591	0.769850507305	0.626041399161	0.494969889139	0.378654830937	0.283375201736	0.205743433464	0.146050377928	0.101498725128	0.0686495802067	0.0453130001689	0.029572784894	0.019555506586	0.0117880525265	0.00682646292897	0.00398638060764	0.00210439834652	0.00112918935667	0.000641584861745	0.000273742874345	0.000136871437172	7.69901834094e-05	3.42178592931e-05	0.0	0.0	0.0	0.0	0.0	0.0	0.0	0.0	0.0	0.0
PD_148P_filtered_2	0.0	0.0	0.0	0.0	0.0	0.0	0.0	8.55253918902e-06	2.56576175671e-05	0.000102630470268	0.000248023636482	0.000675650595932	0.0011716978689	0.0021808974932	0.00409666627154	0.00678216357689	0.011041328093	0.0168485022024	0.0242207909833	0.0347660718034	0.0521277263571	0.0741419622296	0.102946914218	0.141852414989	0.191277538962	0.255139349087	0.334404282291	0.429679568856	0.541444150978	0.672528919128	0.822300985406	0.992812959218	1.18366287122	1.38650344317	1.60457608741	1.83926631529	2.0867939045	2.34025695591	2.6014857129	2.86251776149	3.11167888568	3.33980931601	3.52513428769	3.67444451686	3.78466964192	3.84229665098	3.84446899593	3.78077823659	3.67233203968	3.54132424438	3.38375226236	3.19793979594	3.00859513083	2.8324470337	2.66460345211	2.50851961191	2.36785599987	2.25420985913	2.16238979839	2.07972095459	1.99396464415	1.90322220335	1.80667258844	1.69223106156	1.55685291873	1.40749992688	1.24750757627	1.08586458559	0.925940655299	0.767393683813	0.624172862554	0.494542026066	0.37764592043	0.281173278378	0.204918838969	0.145470139066	0.101339036851	0.0680097916311	0.0447468850369	0.0303187514251	0.0193458436456	0.0112551415727	0.0066196653323	0.00372890708641	0.00222366018914	0.00142827404457	0.000598677743231	0.000256576175671	0.000128288087835	4.27626959451e-05	1.7105078378e-05	8.55253918902e-06	0.0	0.0	0.0	0.0	0.0	0.0	0.0	0.0	0.0
PD_149S_filtered_1	0.0	0.0	0.0	0.0	0.0	0.0	4.91074717018e-05	0.000196429886807	0.000564735924571	0.00117857932084	0.00254131166057	0.00498440837773	0.00898666732143	0.0157389446804	0.0264320966435	0.0413730449088	0.0609914798537	0.0865641957424	0.117821101481	0.155903945785	0.207307191789	0.270005156285	0.337834851573	0.417965968522	0.516377341813	0.621184963292	0.72002602696	0.819468657156	0.925098828787	1.03125690574	1.12701647556	1.22136420556	1.30968399342	1.39551157709	1.4849976674	1.58281975103	1.68795884794	1.79280330002	1.8991823606	2.01582488276	2.14393399956	2.26586785179	2.37426031871	2.47318732045	2.56892233653	2.6378323962	2.67929137918	2.71362977877	2.73165222089	2.73392344145	2.71572912319	2.6856385199	2.65951334496	2.63654332507	2.61807891571	2.59504751148	2.58078179095	2.57204066099	2.56058634321	2.53657278955	2.51097551993	2.48170746679	2.4352763523	2.37073685761	2.26891251504	2.15191396371	2.00795541042	1.82935153584	1.6398212488	1.43893485894	1.23041225722	1.02245439144	0.828835907383	0.655474255408	0.504223242566	0.380828443048	0.281348982248	0.199057136543	0.136260957105	0.0908733763842	0.0582905689101	0.0357502393989	0.021901932379	0.0131608024161	0.00739067449112	0.00418641196258	0.00238171237754	0.00100670316989	0.000331475433987	0.000122768679255	6.13843396273e-05	1.22768679255e-05	0.0	0.0	0.0	0.0	0.0	0.0	0.0	0.0	0.0
PD_149S_filtered_2	0.0	0.0	0.0	0.0	0.0	0.0	0.0	0.000171824215972	0.000515472647917	0.000957306346131	0.00225826112421	0.00481107804722	0.00881212764772	0.0149855262644	0.0247672334166	0.03875863386	0.0566774449543	0.0806469230824	0.11470493732	0.153905404878	0.201918000084	0.263737898359	0.333829905317	0.418244687993	0.514674892628	0.610074151968	0.708995807735	0.813170375247	0.919431379667	1.0238636835	1.12007297129	1.2068319272	1.29362770258	1.38586048708	1.47563863993	1.57016650503	1.66643715861	1.76538336069	1.87359579728	1.99564008325	2.12774835902	2.24822168073	2.3578209842	2.4651497534	2.56103993907	2.63206470605	2.68947854051	2.72551253323	2.73729476518	2.73936892893	2.71789090193	2.7026599125	2.6895399063	2.65986340957	2.63507162983	2.60937163639	2.59053233842	2.57558363163	2.56572828553	2.55668296788	2.52820924066	2.49280117901	2.45110926032	2.38733792988	2.29257687477	2.16748884554	2.01206156903	1.84274107735	1.65645908092	1.44690717639	1.23396788016	1.02769290889	0.830659625801	0.654748448121	0.505236833908	0.378811030427	0.276833358248	0.196493264123	0.134268351624	0.0882317349017	0.0583343213226	0.0364144606278	0.022275782285	0.0134391083207	0.00729025602054	0.00395195696736	0.00214780269965	0.00103094529583	0.000368194748512	0.000171824215972	8.59121079861e-05	4.90926331349e-05	1.22731582837e-05	0.0	0.0	0.0	0.0	0.0	0.0	0.0	0.0
PD_14P_filtered_1	0.0	0.0	0.0	0.0	0.0	1.52347290884e-05	4.57041872653e-05	0.000182816749061	0.000304694581769	0.000807440641687	0.00208715788511	0.00406767266661	0.00650522932076	0.00997874755292	0.015341372192	0.0240708719597	0.0371575042467	0.0520570692952	0.0709024291776	0.0989190959712	0.133425757356	0.176082998804	0.228749457263	0.291455602191	0.367111266844	0.450688990623	0.547368581418	0.655093350802	0.77061830148	0.899488874839	1.038886646	1.17721798612	1.32827032503	1.48905765583	1.65968662162	1.85548335987	2.06470189444	2.28446286154	2.51197830575	2.74028595586	2.95137836211	3.15550849717	3.33690841643	3.4707607462	3.55732447688	3.56867435005	3.53791543202	3.46733293215	3.33879752283	3.18750142826	3.03201578318	2.87424492874	2.72470082801	2.5989990783	2.49398609069	2.40970756938	2.34559982937	2.29435020072	2.25502936494	2.20051950426	2.12629590414	2.05182854836	1.95137074475	1.82764950982	1.68950098645	1.52871365565	1.34774030881	1.16856466	0.995939944698	0.82777900502	0.672110543194	0.531036951835	0.414521743767	0.315983516023	0.230257695443	0.166104251251	0.119028938368	0.0826027011175	0.0569321826035	0.0386505076973	0.0250915988086	0.0156003625866	0.00956740986753	0.00600248326084	0.00358016133578	0.00188910640697	0.00097502266166	0.000411337685388	0.000213286207238	0.000121877832707	4.57041872653e-05	3.04694581769e-05	3.04694581769e-05	1.52347290884e-05	0.0	0.0	0.0	0.0	0.0	0.0	0.0
PD_14P_filtered_2	0.0	0.0	0.0	0.0	0.0	0.0	3.04811324838e-05	4.57216987257e-05	0.000259089626112	0.000990636805724	0.00193555191272	0.00309383494711	0.00573045290696	0.0104093067432	0.0156977832292	0.0239886512648	0.0363487504869	0.0518179252225	0.0719964349267	0.0983778550915	0.134376072555	0.176485757081	0.228974267218	0.292496947315	0.366794707744	0.451989473036	0.549849148875	0.65948978242	0.777726095324	0.899940196018	1.02943928738	1.16733593073	1.31553519687	1.47563734524	1.65044664003	1.84471813792	2.05872616909	2.28674028063	2.50612823169	2.73470624418	2.95773669057	3.15479721207	3.32776239835	3.45512781044	3.53585708982	3.57414139222	3.55141770795	3.47737903715	3.35865502613	3.19974164192	3.04697020591	2.88439908581	2.73025599884	2.59536174703	2.48028023134	2.41185008891	2.34951617298	2.29428436092	2.24610893103	2.19517495865	2.13910491545	2.05500747093	1.95384059221	1.83711309537	1.6936688859	1.52926889784	1.3501465228	1.17186237891	0.998714305832	0.826770237491	0.669106579718	0.53555349774	0.416113180103	0.313681334391	0.23347023426	0.166792756951	0.115736860041	0.0819637652489	0.0560548026377	0.0368059674742	0.0246592361794	0.016444570975	0.0103026227795	0.00589809913562	0.00333768400698	0.0017831462503	0.00102111793821	0.000472457553499	0.000121924529935	4.57216987257e-05	4.57216987257e-05	1.52405662419e-05	0.0	0.0	0.0	0.0	0.0	0.0	0.0	0.0	0.0
PD_150P_filtered_1	0.0	0.0	0.0	0.0	0.0	0.0	1.13253053529e-05	3.39759160586e-05	6.79518321173e-05	0.000135903664235	0.000283132633822	0.000656867710467	0.00140433786376	0.00244626595622	0.00453012214115	0.00827879821296	0.0133978362325	0.0218578393311	0.0347913380441	0.0524927903106	0.0765364135748	0.109413775014	0.151396681957	0.208793329486	0.286507574817	0.372036280842	0.476161138257	0.609210825542	0.753948227952	0.925334073857	1.12263221841	1.33372458488	1.57607479413	1.83682862457	2.11652969087	2.41176907612	2.7011646038	2.98988061316	3.27805300787	3.53056201601	3.72800738954	3.89540672796	3.99793471732	4.02232942505	4.01487737412	3.9718751897	3.8626992461	3.68622833809	3.49551019595	3.30687590999	3.11802644323	2.91810082783	2.70626099121	2.50540670078	2.31873169264	2.151287053	2.00454507154	1.87107634796	1.74389316885	1.62712927066	1.51984465305	1.41761112163	1.31904698914	1.21368767345	1.09970980038	0.985720601999	0.865910196671	0.750799793064	0.641465295187	0.533489833953	0.432298230625	0.341707113107	0.264898892204	0.200163446807	0.147715957718	0.105789677301	0.07301424361	0.050386283515	0.0334323014017	0.0204195255512	0.0124125346668	0.00761060519714	0.00454144744651	0.00248024187228	0.00114385584064	0.000736144847937	0.000464337519468	0.00015855427494	7.92771374702e-05	6.79518321173e-05	4.53012214115e-05	0.0	0.0	0.0	0.0	0.0	0.0	0.0	0.0	0.0	0.0
PD_150P_filtered_2	0.0	0.0	0.0	0.0	0.0	0.0	0.0	1.13285692923e-05	4.53142771693e-05	0.000135942831508	0.000271885663016	0.00063439988037	0.00118949977569	0.00241298525927	0.00467869911773	0.00834915556844	0.0137415545516	0.0216035816405	0.0337478079218	0.0502535333808	0.0741681431569	0.108754265206	0.153796656713	0.209997688972	0.27822966182	0.363239245789	0.471563025362	0.599462572673	0.744343645352	0.912493599358	1.1085571481	1.32568050716	1.56001196297	1.81365862942	2.08394696417	2.37640530902	2.67356501013	2.96544559794	3.23999347474	3.48777194231	3.6972825028	3.86508127116	3.97584069313	4.02286558426	4.02704582633	3.9771774643	3.87177645561	3.71837629882	3.53743639008	3.33646757084	3.13290450922	2.93617257489	2.73055904224	2.52798156615	2.34544432914	2.17389580435	2.0171990339	1.87807287442	1.75118156978	1.64005963359	1.53309528233	1.42998264463	1.33493594827	1.22741649712	1.10686919128	0.991091213109	0.871710749906	0.754867886225	0.648300034892	0.53947779827	0.433872875327	0.344807663551	0.268838277876	0.202203633299	0.147962443527	0.10565023722	0.073941571771	0.0501289191185	0.0332153651651	0.021467638809	0.0129145689933	0.00721629863921	0.00403297066807	0.00224305671988	0.00130278546862	0.000702371296124	0.00033985707877	0.000226571385847	0.000124614262216	5.66428464616e-05	2.26571385847e-05	0.0	0.0	0.0	0.0	0.0	0.0	0.0	0.0	0.0	0.0
PD_151S_filtered_1	0.0	0.0	0.0	0.0	0.0	0.0	1.19039172935e-05	3.57117518805e-05	8.33274210544e-05	0.000166654842109	0.000333309684218	0.000571388030087	0.00121419956394	0.00240459129328	0.00445206506776	0.00847558911296	0.0143323164214	0.0214389550456	0.0312358789781	0.0474490143318	0.0701974002797	0.100778563807	0.140061490875	0.188855647861	0.250934576547	0.322500927315	0.409947103753	0.520332128816	0.647811179112	0.788610712859	0.953610910464	1.13775260708	1.33342919955	1.55014001388	1.79140860958	2.06436543312	2.3441670091	2.61138614451	2.89458033692	3.18914277035	3.44770775788	3.65605011835	3.83820386077	3.97958668647	4.0523672368	4.05774780742	4.00121610419	3.87782009753	3.71465310318	3.51485775533	3.29258781163	3.07476993299	2.85454746306	2.64593131249	2.46336093296	2.3029318396	2.15837066799	2.03847441301	1.93169627488	1.83198906363	1.73913850874	1.63941939358	1.53172465382	1.41126891473	1.27945683854	1.14321650511	1.00469061957	0.86104604959	0.724365271226	0.605123731697	0.48662023504	0.379508787234	0.290907930818	0.217103643599	0.157488825793	0.113920488499	0.0809228297611	0.0545556529561	0.0367950083542	0.0238673541734	0.0151417827973	0.0102135610378	0.00683284852646	0.00429731414295	0.0023688795414	0.00134514265416	0.000690427203022	0.000357117518805	0.000226174428576	0.000130943090228	8.33274210544e-05	5.95195864674e-05	2.3807834587e-05	0.0	0.0	0.0	0.0	0.0	0.0	0.0	0.0
PD_151S_filtered_2	0.0	0.0	0.0	0.0	0.0	0.0	0.0	0.0	1.19052749654e-05	0.000107147474689	0.000333347699032	0.000523832098479	0.000976232547165	0.00255963411757	0.00486925746086	0.00777414455242	0.0133100974113	0.0215128318625	0.0310965782097	0.0461567510409	0.0690625000744	0.0983851923142	0.137005904302	0.185091309887	0.24599869661	0.318704210824	0.405981781596	0.517260386698	0.644480154978	0.781212237956	0.935968907231	1.11492900051	1.31929495057	1.53516139624	1.77527888702	2.0413617825	2.3144687902	2.58818296693	2.86875458204	3.15393353856	3.41592101945	3.6576219118	3.85661858285	3.99310065505	4.06362750395	4.07061590035	4.01118476772	3.89412019899	3.73163700626	3.52991402725	3.31611909942	3.0887164423	2.86901649809	2.65757881471	2.46799921616	2.31186153499	2.17396273506	2.05542191223	1.94775060544	1.84915111818	1.75007541992	1.6451304211	1.53360180522	1.40941788206	1.28122188123	1.14931143461	1.00485282818	0.861715707272	0.731448188601	0.607526181485	0.487771020608	0.380206861296	0.290107740357	0.217533184168	0.157828230217	0.113231070196	0.0790629310454	0.0531927685455	0.0369539734927	0.0252034671018	0.0157863946041	0.0100956731707	0.00688124893001	0.00428589898755	0.0025120130177	0.00153578047054	0.000761937597787	0.000464305723651	0.000297631874136	0.000142863299585	9.52421997234e-05	4.76210998617e-05	1.19052749654e-05	0.0	0.0	0.0	0.0	0.0	0.0	0.0	0.0
PD_152P_filtered_1	0.0	0.0	0.0	0.0	0.0	0.0	1.26704492181e-05	3.80113476543e-05	0.000152045390617	0.000380113476543	0.000810908749959	0.00144443121086	0.00282551017564	0.00462471396461	0.00689272437465	0.0115427792377	0.017890674296	0.0246186828308	0.0352491897248	0.0490599793725	0.066633892438	0.0902135984329	0.121471596654	0.160902034621	0.208314855595	0.268068694107	0.341823379006	0.425144253064	0.518740861439	0.628961099187	0.755995023048	0.89191093181	1.03497297393	1.19188381705	1.36953618554	1.55961826471	1.76112908907	1.9737265565	2.2022254377	2.44594152841	2.68887205127	2.91971496557	3.12012346086	3.28728469739	3.41742288131	3.49660051847	3.52164999658	3.49041733926	3.41339367846	3.30009452155	3.16635793005	3.0376515069	2.92302195282	2.80903859165	2.7029869317	2.62104713661	2.55713739075	2.50686104825	2.4680261214	2.43071164845	2.38364092961	2.32016197902	2.23534599196	2.12330120952	1.98330541611	1.82312559709	1.6479693071	1.45431416125	1.25692123289	1.07549307053	0.891948943158	0.716589925979	0.562783342921	0.431745557107	0.322095489573	0.23464404907	0.167946804386	0.116226030678	0.0770109903477	0.0496808313842	0.0315620890023	0.0187142534951	0.0111626657612	0.00595511113251	0.0033576690428	0.00201460142568	0.0010516472851	0.000481477070288	0.000215397636708	5.06817968724e-05	1.26704492181e-05	0.0	0.0	0.0	0.0	0.0	0.0	0.0	0.0	0.0	0.0
PD_152P_filtered_2	0.0	0.0	0.0	0.0	0.0	1.26670659326e-05	2.53341318652e-05	3.80011977978e-05	7.60023955955e-05	0.000215340120854	0.00073468982409	0.00149471378005	0.00243207665906	0.00410412936216	0.00720756051564	0.011831039581	0.017847895899	0.0250301222828	0.0345557558641	0.0466274696978	0.065957412311	0.0906961920773	0.118462400602	0.157451629542	0.207600543569	0.266730407342	0.337450636444	0.419761230874	0.518298336764	0.63023719841	0.749712964286	0.879056374524	1.02338492376	1.184814012	1.36686508359	1.5558577073	1.75906277899	1.97620162321	2.19046504346	2.42711116921	2.66769675247	2.89864269855	3.09555223847	3.26867302857	3.40227257296	3.48826928358	3.52001295081	3.48820594825	3.4298107743	3.31573117851	3.19018788806	3.06094581435	2.93055103764	2.81620543346	2.71422288564	2.64212194635	2.58140869934	2.52439423557	2.47476467125	2.4359654483	2.39251741215	2.32797871122	2.23885323532	2.12430495809	1.99089541969	1.83353245961	1.64628789099	1.45491385888	1.26332448665	1.06585759583	0.882425814062	0.718222638378	0.564976474725	0.43070557584	0.321680139358	0.235202080236	0.168535312233	0.115358969448	0.0767370854196	0.0502502505546	0.0316929989633	0.0183419114704	0.010513664724	0.00638420123002	0.00347077606553	0.00179872336243	0.001127368868	0.000608019164764	0.000304009582382	0.000114003593393	3.80011977978e-05	0.0	0.0	0.0	0.0	0.0	0.0	0.0	0.0	0.0	0.0
PD_153S_filtered_1	0.0	0.0	0.0	0.0	0.0	0.0	0.0	0.0	2.60083344575e-05	7.80250033724e-05	0.000182058341202	0.000450811130596	0.00092763059565	0.001629855626	0.00295628068333	0.00490690576764	0.00787185589579	0.0125967033222	0.0192461674985	0.0281930345519	0.0412318795599	0.0585447608638	0.0816141535275	0.111818499277	0.148273514742	0.192895147226	0.247183210684	0.315168996956	0.394138969813	0.483885062581	0.588481914324	0.705918213845	0.831841899843	0.974558300456	1.13732712694	1.31472130683	1.5092116319	1.71624664362	1.92499820542	2.13757299239	2.35169960998	2.55159966862	2.73683102663	2.89217013889	3.01208589963	3.10573324257	3.16487619513	3.18325541814	3.17204582599	3.14889840832	3.10784858711	3.06329631018	3.02428380849	2.99661961008	2.98658906242	2.98958869033	2.99843152404	3.00621668549	3.01610852203	3.01064677179	2.97792828705	2.91354898982	2.80276215447	2.63986328632	2.44325761671	2.21213021784	1.94436574515	1.67655792524	1.41676934179	1.16226045024	0.922897078779	0.70756540836	0.527414345018	0.380250519213	0.267452372671	0.182119027316	0.118285905113	0.0759876838399	0.0481674354152	0.0288345734685	0.0167060201665	0.00948437263216	0.00573917247028	0.00333773625538	0.00161251673636	0.000736902809628	0.000294761123851	8.66944481916e-05	2.60083344575e-05	2.60083344575e-05	8.66944481916e-06	0.0	0.0	0.0	0.0	0.0	0.0	0.0	0.0	0.0	0.0
PD_153S_filtered_2	0.0	0.0	0.0	0.0	0.0	0.0	8.67150016086e-06	8.67150016086e-06	1.73430003217e-05	6.93720012869e-05	0.000156087002895	0.000381546007078	0.000919179017051	0.00182101503378	0.0030783825571	0.0046739385867	0.00764826314188	0.0123395447289	0.018652396846	0.0272371820052	0.0400363162427	0.0578042200723	0.0798558449813	0.109703148535	0.146296879214	0.191536095553	0.248343093107	0.314038378325	0.391795720268	0.479707388899	0.581068554279	0.698411294456	0.831952396933	0.978353334148	1.13714584509	1.30946589629	1.49929370631	1.70727096617	1.91627146305	2.12677212945	2.34040320741	2.54137389514	2.71785626642	2.88362066349	3.01939034151	3.11377962076	3.16934659379	3.18915230016	3.18547558409	3.15488253152	3.12041331838	3.08306516719	3.03704551584	3.00345212421	2.99382675904	2.99837929662	3.00045178516	3.01136920386	3.02180101855	3.00609693176	2.97897247926	2.92755048331	2.81092747764	2.64640310509	2.44845009942	2.20825821646	1.94330920055	1.67959153766	1.41312500921	1.14715275628	0.911097178901	0.705018977578	0.530409650339	0.38438158763	0.266761359448	0.179959642838	0.116718392165	0.0749737903908	0.0480401108911	0.0290235110384	0.0165799083076	0.00895765966616	0.00505548459378	0.00306971105694	0.0016389135304	0.000763092014155	0.000320845505952	0.000112729502091	3.46860006434e-05	1.73430003217e-05	8.67150016086e-06	0.0	0.0	0.0	0.0	0.0	0.0	0.0	0.0	0.0	0.0
PD_156P_filtered_1	0.0	0.0	0.0	0.0	0.0	0.0	2.652410139e-05	7.95723041699e-05	0.000198930760425	0.00037133741946	0.000808985092394	0.00194952145216	0.00315636806541	0.00547722693703	0.00891209806703	0.0138853670776	0.0215906185314	0.0336060364611	0.0492022080784	0.0705010614945	0.0998632417332	0.137792706721	0.189514704431	0.256488060441	0.333766029841	0.426136212931	0.536967170589	0.658646485716	0.80031171124	0.964800926009	1.14451497498	1.34543504301	1.55284025383	1.78003244428	2.04105612606	2.32914765331	2.62331319977	2.90956130197	3.23261159485	3.55946809628	3.85740006514	4.13901971165	4.37233896953	4.5568406188	4.66740633544	4.67910346415	4.6198353596	4.46663214997	4.20279691344	3.8814574251	3.57173549317	3.21244001574	2.80724458086	2.44776343472	2.12589346436	1.83985755497	1.61355392191	1.43940993423	1.29608695237	1.18057449082	1.07693156464	0.980940841705	0.894618153732	0.81367985834	0.73352402394	0.655238138687	0.566130420067	0.476452433268	0.398789864398	0.325145696889	0.255878006109	0.198055465079	0.152805348108	0.113403795493	0.0802088826033	0.0554088478036	0.0388047603335	0.0260201434636	0.0171610935993	0.0113125292428	0.00736043813572	0.00505284131479	0.00322267831888	0.00194952145216	0.00122010866394	0.000636578433359	0.000278503064595	0.000172406659035	0.000119358456255	5.30482027799e-05	0.0	0.0	0.0	0.0	0.0	0.0	0.0	0.0	0.0	0.0	0.0
PD_156P_filtered_2	0.0	0.0	0.0	0.0	0.0	0.0	3.97960320703e-05	9.2857408164e-05	0.000159184128281	0.00046428704082	0.000902043393593	0.00180408678719	0.00325000928574	0.00565103655398	0.00884798446363	0.0140877953529	0.022630676904	0.0354582645746	0.0500899390325	0.0694706066507	0.0993574267355	0.137535086835	0.189933195727	0.254774197314	0.329643798982	0.424782846318	0.535389284786	0.659566170189	0.807262510546	0.965544595434	1.14685531755	1.34738752315	1.55268198725	1.77756936448	2.03447928219	2.33113217058	2.62100646818	2.91356036527	3.23080106759	3.54126317912	3.84271812205	4.12974037069	4.378306387	4.56284058771	4.66473169515	4.68504093685	4.61362032463	4.44703413438	4.20231506784	3.90160298417	3.57543470532	3.21520102302	2.82547848096	2.46651827168	2.13973978701	1.84002260415	1.61173929885	1.43944901067	1.29054552401	1.1699237508	1.07165408228	0.983386483145	0.903874011069	0.817490090788	0.730005146953	0.647375319032	0.560792418591	0.477419731403	0.397628687102	0.323581536764	0.258302778824	0.199550570144	0.151556555468	0.112158483718	0.0804277808141	0.0565368962279	0.0382439868196	0.0256684406853	0.0174173967028	0.0118592175569	0.00750818471726	0.00476225850441	0.00323674394172	0.00198980160351	0.00108775820992	0.00050408307289	0.000225510848398	0.000185714816328	6.63267201172e-05	1.32653440234e-05	1.32653440234e-05	0.0	0.0	0.0	0.0	0.0	0.0	0.0	0.0	0.0	0.0
PD_157S_filtered_1	0.0	0.0	0.0	0.0	0.0	0.0	3.95135643151e-05	6.91487375515e-05	0.000118540692945	0.000306230123442	0.000582825073648	0.000889055197091	0.00158054257261	0.00304254445227	0.00482065484645	0.00751745561096	0.0124467727593	0.0200333771078	0.0296154164542	0.0435637046574	0.0642984475318	0.0935088499518	0.131748101818	0.180517718574	0.241615567396	0.317037083283	0.407779983732	0.516254596168	0.639378862574	0.779721164631	0.933310389124	1.09627420675	1.27507308528	1.47370777309	1.69126945821	1.91269359424	2.14513213632	2.39246729215	2.65031305609	2.91989434863	3.18289663271	3.41598714861	3.62082546602	3.78857042493	3.90456249297	3.97492627263	3.99384339154	3.96142251202	3.87266516818	3.72819369865	3.56292821591	3.37461644677	3.17702886841	2.97431440508	2.76139556377	2.570693224	2.39711013596	2.22606579443	2.06504801985	1.92219660646	1.78346448215	1.64763660481	1.52196371351	1.38890178568	1.24229658368	1.11019285978	0.970216058194	0.825161763593	0.69647596301	0.574942117567	0.465736504192	0.363267953531	0.275053921198	0.205895305255	0.151109748332	0.107911544145	0.0739891491801	0.0494512257404	0.0334185970195	0.021189148864	0.012664097363	0.00745818526448	0.00434649207467	0.00268692237343	0.00146200187966	0.000602581855806	0.000217324603733	0.000158054257261	0.000138297475103	3.95135643151e-05	9.87839107879e-06	1.97567821576e-05	9.87839107879e-06	0.0	0.0	0.0	0.0	0.0	0.0	0.0	0.0
PD_157S_filtered_2	0.0	0.0	0.0	0.0	0.0	0.0	0.0	9.88064379904e-06	5.92838627942e-05	0.000158090300785	0.00041498703956	0.000859616010516	0.00156114172025	0.00297407378351	0.00490079932432	0.00755869250626	0.0118370112712	0.0193067779833	0.0293751540145	0.042970919882	0.0626729236173	0.0908031165131	0.128181592005	0.176557224045	0.239842747578	0.314451488904	0.403327879877	0.509011245951	0.633299864299	0.77130281624	0.920243640867	1.0855863342	1.2613432261	1.44997459686	1.65956281313	1.8887344654	2.1314920029	2.3832508069	2.63967327478	2.90528474138	3.1640192799	3.39532515124	3.60035839071	3.77690573411	3.91638090198	3.99038692404	4.00050470329	3.96257291174	3.87411150781	3.74247169047	3.58632787652	3.40339763722	3.19938210406	2.98987293294	2.78181621647	2.59179167493	2.40432622013	2.22426136753	2.07401629792	1.93623072015	1.79284281734	1.65692468124	1.52712266365	1.39321029824	1.25841855553	1.11500101079	0.966939563461	0.83268137552	0.70396622875	0.578936562117	0.466860419504	0.364823010992	0.279622219513	0.208787884117	0.150304353471	0.107481643246	0.0744210090943	0.0491067996812	0.0313908053495	0.0203442455822	0.0131807788279	0.00760809572526	0.0041399897518	0.00215398034819	0.00133388691287	0.000701525709732	0.000335941889167	0.000167970944584	5.92838627942e-05	3.95225751961e-05	1.97612875981e-05	1.97612875981e-05	9.88064379904e-06	0.0	0.0	0.0	0.0	0.0	0.0	0.0	0.0
PD_158P_filtered_1	0.0	0.0	0.0	0.0	0.0	0.0	8.94980003462e-06	2.68494001039e-05	0.000107397600415	0.000214795200831	0.00034904220135	0.000751783202908	0.00150356640582	0.00269388981042	0.00481499241862	0.0079116232306	0.0136126458527	0.0224281988868	0.033866043331	0.0517745932003	0.0763596938954	0.108131484018	0.149765953779	0.20175534218	0.270820949048	0.35157499476	0.44738260413	0.565081424386	0.701413728313	0.851904615895	1.02010715775	1.21661791711	1.43717678916	1.67264602807	1.93496466708	2.23933841646	2.55388808848	2.86403445888	3.18977138094	3.51023687078	3.8000671951	4.05587037969	4.27126521712	4.41674421668	4.46947643849	4.45452132263	4.36641949109	4.18257269878	3.93481538442	3.65714783835	3.35782177619	3.04061401356	2.72175948773	2.4313116272	2.1710424924	1.95285531735	1.7841515867	1.64599352357	1.53123918752	1.44097150437	1.36238331027	1.28360717036	1.20744437207	1.11501083731	1.01380649852	0.908440502714	0.794017309271	0.682350654239	0.57133733461	0.467260110007	0.372687573042	0.290054069322	0.221811844058	0.16277001323	0.116034157449	0.0824545077189	0.0570460254207	0.0381261481475	0.0249251930964	0.0158590456613	0.00987162943818	0.00579947042243	0.00343672321329	0.00190630740737	0.000957628603704	0.000474339401835	0.000187945800727	0.000125297200485	7.15984002769e-05	3.57992001385e-05	8.94980003462e-06	0.0	0.0	0.0	0.0	0.0	0.0	0.0	0.0	0.0	0.0
PD_158P_filtered_2	0.0	0.0	0.0	0.0	0.0	0.0	0.0	1.79015867429e-05	6.26555536003e-05	0.000214819040915	0.000438588875202	0.000716063469718	0.00140527455932	0.0024167142103	0.00460965858631	0.00845849973604	0.0140079916264	0.0224843929491	0.034890192562	0.0513148983986	0.0743542405368	0.106478637947	0.14936188899	0.20097216357	0.265337318704	0.346798489178	0.445722657519	0.562145626902	0.695906283045	0.842180148322	1.00849483996	1.20374744656	1.41568433201	1.64923738345	1.9235612987	2.21372811822	2.51912918805	2.84266456526	3.16783793765	3.49120324978	3.78587231836	4.04631355309	4.26051498927	4.40503449904	4.47756277773	4.46731411932	4.37082456678	4.20175303078	3.96035013355	3.6807631518	3.38363261504	3.06138615208	2.74653304445	2.45374364248	2.18829891425	1.96666831958	1.78700799503	1.64586293435	1.54139822491	1.45482615143	1.37143160958	1.29396249295	1.21129296537	1.11746179846	1.01556596672	0.906339435209	0.794194945057	0.683366221532	0.573378872583	0.46784006794	0.374035753407	0.293478613064	0.222382461314	0.163002898088	0.117604474108	0.0832065751812	0.0576073061388	0.0385510670509	0.0251159262004	0.0157891995073	0.00977426636165	0.00594332679866	0.00352661258836	0.00202287930195	0.00097563647749	0.000420687288459	0.000232720627658	0.000143212693944	7.16063469718e-05	2.68523801144e-05	8.95079337147e-06	0.0	0.0	0.0	0.0	0.0	0.0	0.0	0.0	0.0	0.0
PD_159S_filtered_1	0.0	0.0	0.0	0.0	0.0	0.0	0.0	0.0	0.0	1.77973469495e-05	6.22907143232e-05	0.000275858877717	0.000791981939252	0.00142378775596	0.00289206887929	0.00559726561561	0.0103402585777	0.0181888885824	0.0289918781807	0.0443598872716	0.0664997868768	0.0959454974047	0.134325476101	0.183268180212	0.243743565147	0.318314448865	0.407016426061	0.508541391735	0.629501060277	0.772885385976	0.930747853417	1.10461013577	1.30383363752	1.52101466234	1.76189285463	2.03239473092	2.31411783445	2.60288868738	2.90681398124	3.21124649948	3.49493620986	3.74865518797	3.96733118994	4.14674624454	4.27002846686	4.32662403016	4.31115813566	4.22099677601	4.07452461062	3.87746348652	3.63495683698	3.36675081846	3.09162163196	2.81901966874	2.5575944394	2.32147703742	2.10498121045	1.9159555885	1.76109197402	1.62375874628	1.49858110651	1.38251570838	1.26882625607	1.15900772672	1.04214144797	0.92232970831	0.807225366915	0.689273450007	0.574596244938	0.469618593956	0.374367193083	0.288592879459	0.217652654519	0.16108378724	0.114250068742	0.0788333483128	0.0535077236036	0.0363332837974	0.0246137308311	0.0154569958256	0.00987752755697	0.00604219928935	0.0033814959204	0.00189541745012	0.000845373980101	0.000471629694161	0.000293656224667	0.000106784081697	4.44933673737e-05	1.77973469495e-05	0.0	0.0	0.0	0.0	0.0	0.0	0.0	0.0	0.0	0.0	0.0
PD_159S_filtered_2	0.0	0.0	0.0	0.0	0.0	0.0	0.0	0.0	8.89826647532e-06	5.33895988519e-05	0.00015127053008	0.000302541060161	0.0006851665186	0.00168177236384	0.00298981753571	0.0054813321488	0.0103931752432	0.0181702601426	0.0289816539101	0.0442777739812	0.0660518320463	0.0963237345953	0.133954503519	0.180750486913	0.241062937083	0.31233805155	0.399478775143	0.506507124308	0.623403650994	0.75709120652	0.917687119866	1.09502957072	1.28850457869	1.50521296043	1.74436277022	2.00452138716	2.28597355578	2.57937609627	2.87473625538	3.1730951303	3.46837520502	3.73849988041	3.96973023303	4.15620230529	4.28073354461	4.33917735882	4.32939816397	4.2440281954	4.10317753537	3.90574279881	3.66457308253	3.39654839803	3.1093123562	2.83475634411	2.57071808299	2.32517931787	2.10947644024	1.92664375897	1.77274824028	1.6324403745	1.50422525285	1.38795160482	1.27343091528	1.15743311351	1.04576876751	0.929788762272	0.807197345042	0.686777104832	0.576928005194	0.473743707146	0.373504735301	0.286497485706	0.216770669605	0.159225580309	0.113203746099	0.0789988097679	0.0537188347115	0.0362604358869	0.0240698108157	0.0152338322057	0.00961012779334	0.00608641426912	0.00368388232078	0.00195761862457	0.000889826647532	0.000453811590241	0.000275846260735	0.00015127053008	5.33895988519e-05	8.89826647532e-06	0.0	0.0	0.0	0.0	0.0	0.0	0.0	0.0	0.0	0.0	0.0
PD_15P_filtered_1	0.0	0.0	0.0	0.0	0.0	0.0	0.0	1.39937996273e-05	5.5975198509e-05	0.000125944196645	0.000223900794036	0.000615727183599	0.00131541716496	0.00253287773253	0.00433807788445	0.00754265799909	0.0122585684735	0.019073548892	0.029960725002	0.0452559479946	0.0651971124634	0.092806879128	0.130310262129	0.175930048914	0.230813731052	0.302629910739	0.387250417085	0.480603054399	0.587137850961	0.703720195656	0.835052005158	0.987052656709	1.15455843825	1.33540031083	1.54056340717	1.7609377637	1.98125614503	2.21658987336	2.47891764117	2.74931983137	3.00077441687	3.22259013476	3.43023013363	3.61083411162	3.74197000793	3.82151076501	3.8481269719	3.82682840887	3.76967773119	3.67709475286	3.55958881739	3.41293379729	3.24661748872	3.0822043369	2.9058824616	2.7219899407	2.54302323726	2.38462741928	2.23201104055	2.08206747754	1.94925232528	1.81619927842	1.6858330411	1.55314383303	1.41358366935	1.26958747118	1.10874273827	0.964270750916	0.833876525989	0.697255060228	0.565727337531	0.449144992837	0.35176214123	0.26918472963	0.199831458677	0.142079047616	0.100293561929	0.0712844153013	0.047005172948	0.0290791156254	0.018093982918	0.0109291575089	0.00646513542779	0.0038482948975	0.00191715054893	0.000895603176145	0.000391826389563	0.000223900794036	9.79565973908e-05	2.79875992545e-05	1.39937996273e-05	1.39937996273e-05	0.0	0.0	0.0	0.0	0.0	0.0	0.0	0.0	0.0
PD_15P_filtered_2	0.0	0.0	0.0	0.0	0.0	0.0	0.0	1.40009744678e-05	2.80019489356e-05	9.80068212748e-05	0.000224015591485	0.000546038004245	0.00130209062551	0.00233816273613	0.0040882845446	0.00744851841688	0.0123488594806	0.019811378872	0.0302841077739	0.0451811446077	0.0653845507647	0.0909643311174	0.126764822832	0.171777955746	0.231730128417	0.305921292122	0.383164668261	0.473148931166	0.57933232153	0.700580760421	0.834836104593	0.98512256453	1.15302225035	1.32943452864	1.53005449179	1.74719560481	1.97889773128	2.229109146	2.47464423524	2.73125409529	2.98884402354	3.22113419094	3.43641317436	3.61730576448	3.74807486601	3.82113195078	3.84784581007	3.83650502075	3.77964706344	3.68493047116	3.56324800206	3.42232819404	3.25853079374	3.08015837902	2.90055387855	2.72444962169	2.56227633443	2.39747086397	2.23710370242	2.08881938183	1.94459534384	1.81340621307	1.6843032275	1.55177000319	1.41043016594	1.26264988043	1.11222341075	0.969539479948	0.832273926265	0.693216247851	0.562965182377	0.450957386634	0.354266656959	0.266326536327	0.197119719532	0.143201966857	0.0990428933854	0.068324755403	0.0465112371821	0.0308301457781	0.0184532843486	0.0105987376721	0.00641244630626	0.0036122514127	0.00214214909358	0.0011760818553	0.000532037029777	0.000182012668082	8.40058468069e-05	2.80019489356e-05	0.0	0.0	0.0	0.0	0.0	0.0	0.0	0.0	0.0	0.0	0.0
PD_160P_filtered_1	0.0	0.0	0.0	0.0	0.0	0.0	1.81336025811e-05	5.44008077432e-05	0.000190402827101	0.000417072859364	0.000607475686466	0.00138722059745	0.00305551203491	0.00506834192141	0.00819638836664	0.014044475199	0.0232563453102	0.036013334726	0.0528685183251	0.0749643130701	0.103016996263	0.137615909988	0.180447479284	0.23282639034	0.292141404382	0.357186636841	0.429340241511	0.50788594109	0.593821083722	0.688786760439	0.795521145231	0.906117987373	1.0187095258	1.14543620744	1.28384092914	1.4283022741	1.5870982319	1.75798930263	1.93150067892	2.10948198826	2.2882339757	2.45463697978	2.60285198048	2.74157404022	2.86141901968	2.95703750609	3.03411438386	3.08818878676	3.12549867407	3.15164732899	3.16001598658	3.15245427431	3.13299691874	3.10641305735	3.07756249565	3.05970996391	3.04431453532	3.03180234953	3.01312473888	2.97649486166	2.93026324188	2.83964962978	2.69681124225	2.50794977137	2.28322003458	2.03993962236	1.76754571119	1.48778049056	1.22380057099	0.968642649073	0.738092025857	0.548369208853	0.39504959903	0.276718775387	0.189577748184	0.124804519764	0.081546810807	0.052614647889	0.0332298267298	0.020409369705	0.0115692384467	0.00656436413435	0.00405286017687	0.0023936355407	0.00119681777035	0.000498674070979	0.000226670032263	0.000108801615486	5.44008077432e-05	1.81336025811e-05	0.0	0.0	0.0	0.0	0.0	0.0	0.0	0.0	0.0	0.0	0.0
PD_160P_filtered_2	0.0	0.0	0.0	0.0	0.0	0.0	9.06968438043e-06	4.53484219021e-05	0.000181393687609	0.000408135797119	0.000743714119195	0.00148742823839	0.00262113878594	0.00471623587782	0.0088520119553	0.0149196308058	0.023744433708	0.0356347899307	0.0516427828621	0.074217227285	0.103702771206	0.140970104325	0.184223429135	0.231830202448	0.291309192615	0.356538362679	0.424180068788	0.507394422979	0.594581298928	0.682910955109	0.781298891267	0.892103225343	1.01132422652	1.13208707405	1.27013674	1.41909723627	1.57363558843	1.73944755827	1.91499129945	2.10052983282	2.27689891528	2.44487853969	2.60779728022	2.7475157681	2.86458725408	2.97107441839	3.04217167425	3.09424073228	3.14182029654	3.15887130317	3.15886223349	3.1590889756	3.13997915061	3.10947780204	3.09288934931	3.07946621642	3.06354892034	3.04440281661	3.02016861994	2.98832495808	2.92738574873	2.82564202935	2.69859389055	2.52638779322	2.29704268429	2.04116874855	1.76833450302	1.4885256702	1.21896558073	0.962329791501	0.731451905913	0.54456198957	0.394603828024	0.274711670199	0.188449902056	0.123946306743	0.0797588044415	0.0520418489749	0.0324876094507	0.0196540060524	0.0114822204256	0.00622180348497	0.00405414891805	0.00233997857015	0.00107022275689	0.000598599169108	0.000317438953315	0.000163254318848	9.97665281847e-05	2.72090531413e-05	0.0	0.0	0.0	0.0	0.0	0.0	0.0	0.0	0.0	0.0	0.0
PD_161S_filtered_1	0.0	0.0	0.0	0.0	0.0	0.0	0.0	0.0	0.0	0.0	0.00251855334296	0.00503710668592	0.00839517780987	0.0176298734007	0.0268645689916	0.0352597468014	0.0478525135162	0.063803351355	0.0957050270325	0.138520433863	0.185533429598	0.250176298734	0.32321434568	0.419758890493	0.500352597468	0.579267268881	0.685886027066	0.821048389805	0.988951946002	1.13083045099	1.25004197589	1.38772289197	1.57325632157	1.77474058901	2.00141038987	2.21548742402	2.44719433158	2.68309882803	2.82497733302	3.06507941838	3.25816850801	3.33204607274	3.38829376406	3.39752845965	3.37989858625	3.38997279962	3.32365089493	3.18848853219	3.09362302294	2.96685583801	2.8610765976	2.75193928607	2.69821014809	2.60250512106	2.40605796031	2.27173511535	2.25578427751	2.24990765304	2.17770912388	2.07864602572	1.93760703852	1.85953188489	1.77893817791	1.598441855	1.43641492327	1.27774606266	1.11991671984	0.999026159374	0.828604049834	0.634675442426	0.512105846402	0.410524194902	0.312300614527	0.223311729742	0.151113200578	0.109137311528	0.0755566002888	0.0486920312972	0.0285436045535	0.0125927667148	0.00923469559085	0.00671614224789	0.00335807112395	0.000839517780987	0.0	0.0	0.0	0.0	0.000839517780987	0.00167903556197	0.000839517780987	0.0	0.0	0.0	0.0	0.0	0.0	0.0	0.0	0.0	0.0
PD_161S_filtered_2	0.0	0.0	0.0	0.0	0.0	0.0	0.0	0.0	0.0	0.0	0.0	0.00251813053989	0.0100725221595	0.0134300295461	0.0151087832393	0.036093204405	0.0562382487241	0.0713470319635	0.114155251142	0.143533440774	0.198092935804	0.250134300295	0.330714477572	0.4482272361	0.541398066076	0.621138866506	0.705915928015	0.835179962396	0.979552780016	1.1700913242	1.31026725759	1.47142761214	1.58726161698	1.75933387053	2.07997582595	2.26295997851	2.48287671233	2.70363282299	2.79764302981	2.98062718238	3.20558017728	3.35079237174	3.40786999731	3.37849180768	3.31721729788	3.30798415257	3.25342465753	3.09562181037	3.03518667741	3.02007789417	2.88409884502	2.76071044856	2.68684528606	2.58444131077	2.45517727639	2.3527733011	2.31416196616	2.18741606232	2.13621407467	2.08920897126	1.9926806339	1.87013161429	1.63930298147	1.51591458501	1.43617378458	1.26074402364	1.11301369863	0.983749664249	0.806641149611	0.641283910825	0.51537738383	0.423885307548	0.319802578566	0.232507386516	0.160320977706	0.101564598442	0.0612745098039	0.0512019876444	0.0377719580983	0.0167875369326	0.00839376846629	0.00251813053989	0.00167875369326	0.0	0.0	0.000839376846629	0.00251813053989	0.00167875369326	0.0	0.0	0.0	0.0	0.0	0.0	0.0	0.0	0.0	0.0	0.0	0.0	0.0
PD_162P_filtered_1	0.0	0.0	0.0	0.0	0.0	0.0	0.0	5.35984613383e-05	0.000160795384015	0.000267992306691	0.000653901228327	0.00136140091799	0.0025834458365	0.00451299044468	0.00745018612602	0.0122740476465	0.0195741580807	0.0295220325051	0.04405793522	0.0622492529982	0.0877299615184	0.122997749079	0.164022011387	0.214554640737	0.277114764811	0.349354771003	0.433611552226	0.535009121386	0.654169220633	0.782987762614	0.923973155318	1.07863687536	1.25489005562	1.44132694354	1.64348962001	1.87095077024	2.10936744597	2.36283456964	2.61343953547	2.86451616776	3.11565711821	3.34184262506	3.5379486754	3.69653580281	3.80267147595	3.86009686743	3.87407534614	3.84000816412	3.75562274659	3.64465249223	3.51902841855	3.36860969665	3.19892768774	3.02121662933	2.84146882939	2.66800276911	2.50217984942	2.32924977376	2.1671358676	2.01980441707	1.86773486256	1.72672803047	1.58956956791	1.44225955677	1.29189443333	1.13629810006	0.989952861225	0.851079247898	0.711251581959	0.581243154137	0.466027901644	0.363515484488	0.274434841744	0.202344911244	0.144158421615	0.100089766703	0.0688204243583	0.0461268358277	0.0289538888149	0.0173980605504	0.0107518513445	0.00671052735955	0.00406276336944	0.00214393845353	0.0011255676881	0.000568143690185	0.000246552922156	6.43181536059e-05	1.07196922677e-05	0.0	0.0	0.0	0.0	0.0	0.0	0.0	0.0	0.0	0.0	0.0	0.0
PD_162P_filtered_2	0.0	0.0	0.0	0.0	0.0	0.0	2.14358504309e-05	5.35896260773e-05	0.000128615102586	0.000375127382541	0.000610921737281	0.00123256139978	0.0023579435474	0.00439434933834	0.0072774712213	0.0116611026344	0.0184133955202	0.0284668093723	0.0436219556269	0.0628499134635	0.0869438093478	0.119386968975	0.1616477481	0.213726146722	0.276736829063	0.349136413894	0.430206800223	0.532412935078	0.652550158818	0.7797183415	0.921216390194	1.07167462437	1.24558367891	1.43631987605	1.6401105061	1.86112484196	2.09326438421	2.34894049022	2.60206573003	2.85220066871	3.10258211967	3.33149556642	3.53501824834	3.70684802539	3.81852880614	3.87541955318	3.88000682517	3.84147588403	3.77068398798	3.65620582875	3.51820182368	3.37060527553	3.21497028348	3.03991441094	2.85779542568	2.69116384235	2.51781211992	2.33748302817	2.17173031471	2.01280491961	1.86598006209	1.72450344924	1.58599570168	1.44420826901	1.29332131782	1.14199493171	0.992308388148	0.848666754411	0.706568501904	0.574448637773	0.459681094566	0.35741065216	0.270734790943	0.198881820298	0.142569841216	0.101573777267	0.0690020025371	0.0441042622616	0.027309273449	0.017609551129	0.0111359242989	0.00644147305449	0.00370840212455	0.00227220014568	0.00128615102586	0.000696665139005	0.000257230205171	7.50254765082e-05	4.28717008618e-05	2.14358504309e-05	1.07179252155e-05	0.0	0.0	0.0	0.0	0.0	0.0	0.0	0.0	0.0	0.0
PD_163S_filtered_1	0.0	0.0	0.0	0.0	0.0	0.0	1.83623939641e-05	2.75435909461e-05	4.59059849102e-05	0.000165261545677	0.000385610273245	0.00102829406199	0.0019923197451	0.00366329759583	0.00691344132747	0.0116233953793	0.0183440315701	0.0282046371288	0.0425548480117	0.061302852249	0.0870469285866	0.120769465102	0.16476576104	0.216382450472	0.277951557434	0.353420996626	0.434123718098	0.529975414591	0.644740376866	0.766290243711	0.904577432655	1.06091485486	1.22136545332	1.39640497378	1.59752827487	1.81550825362	2.04588284829	2.27808450117	2.51519809442	2.76785545417	3.01838277622	3.24608564257	3.44125952802	3.60313321201	3.71696169219	3.78494845584	3.80057485311	3.76340018653	3.70229932061	3.59258401667	3.45179036096	3.30556143662	3.14205349957	2.97253187849	2.79792387429	2.63001814388	2.48682819575	2.35957680558	2.23254576414	2.10885667839	1.98497478751	1.86168049324	1.73820257503	1.59780371078	1.44933457439	1.29165669742	1.12417330207	0.963557442067	0.809221520799	0.662854878512	0.527680115345	0.414016896708	0.315539377878	0.229052502308	0.165472713207	0.1174275094	0.079197005167	0.0523787287825	0.0334287382116	0.0205383376488	0.0129822125326	0.00775811144982	0.00436106856646	0.00236874882136	0.00108338124388	0.000468241046084	0.000238711121533	0.000100993166802	5.50871818922e-05	1.83623939641e-05	0.0	0.0	0.0	0.0	0.0	0.0	0.0	0.0	0.0	0.0	0.0
PD_163S_filtered_2	0.0	0.0	0.0	0.0	0.0	0.0	0.0	1.83578431957e-05	5.50735295872e-05	0.000146862745566	0.000440588236698	0.00101886029736	0.00193675245715	0.00350634805039	0.0060580882546	0.0103354657192	0.0173114461336	0.0274082598913	0.0413510417984	0.0606543139188	0.0860982845881	0.11741676508	0.158419007858	0.210601177142	0.271824584199	0.342364596679	0.424222219489	0.516497918312	0.627498617195	0.751680247493	0.885086693997	1.03105908417	1.19010225869	1.37001830093	1.56499695352	1.77478120664	2.00085804559	2.24084095077	2.48726745891	2.74174388128	2.98269975215	3.20174553716	3.40984086871	3.57863205797	3.69537876177	3.77330780614	3.80476397046	3.7881225856	3.72132757313	3.61262160465	3.4848051214	3.34049411604	3.17184978952	2.99421929876	2.83098135706	2.6777025453	2.53491524092	2.3969560493	2.26319162486	2.13288765385	2.00905482258	1.88477222414	1.75064982175	1.61448969877	1.46307420809	1.30203920758	1.13882880265	0.973929476142	0.820834242811	0.676339659018	0.535461570334	0.412693493962	0.314956336788	0.23397071153	0.169084914754	0.119096507732	0.0821697061442	0.0541372795843	0.0343108089329	0.0212124878127	0.0125384069027	0.00751753678866	0.00425901962141	0.00234062500746	0.00116572304293	0.00055991421747	0.000284546569534	0.000110147059174	4.58946079894e-05	9.17892159787e-06	0.0	0.0	0.0	0.0	0.0	0.0	0.0	0.0	0.0	0.0	0.0
PD_164P_filtered_1	0.0	0.0	0.0	0.0	0.0	0.0	1.37124026488e-05	5.48496105952e-05	0.000164548831786	0.000274248052976	0.000644482924493	0.00124782864104	0.00197458598143	0.0033732510516	0.00588262073633	0.00962610665946	0.0151659173296	0.0214187729374	0.0296462145267	0.0432489179543	0.0629810653659	0.0882118862397	0.120216634022	0.162793644247	0.215435558015	0.275660430449	0.346896362209	0.435025974033	0.536867988506	0.652655516472	0.781798924619	0.920801550269	1.07880956599	1.25164068898	1.43821163942	1.64504952097	1.85866132943	2.08922166757	2.33623688889	2.57527149186	2.80913651904	3.02251521665	3.20685104546	3.36808147581	3.49578508167	3.56556749875	3.57988324712	3.55459757663	3.49290547712	3.40991801629	3.30607399103	3.18060550679	3.05052965526	2.92559595473	2.79261307384	2.67801852491	2.58658422405	2.50269174464	2.4398615157	2.37596171936	2.30072176603	2.22598917159	2.12597090667	1.98720139186	1.83593987824	1.67601212615	1.48727461609	1.28815681723	1.09420859417	0.907596506519	0.728581089939	0.565760020887	0.429609574987	0.315453822936	0.226816852214	0.160215712549	0.109246711903	0.0705365992254	0.0453332031569	0.0291525680313	0.0179906722752	0.0102157399734	0.00601974476282	0.0033732510516	0.00194716117613	0.000973580588065	0.000411372079464	0.000178261234434	6.8562013244e-05	4.11372079464e-05	2.74248052976e-05	1.37124026488e-05	0.0	0.0	0.0	0.0	0.0	0.0	0.0	0.0	0.0
PD_164P_filtered_2	0.0	0.0	0.0	0.0	0.0	2.74212933472e-05	2.74212933472e-05	1.37106466736e-05	0.000137106466736	0.000383898106861	0.000603268453639	0.00105571979387	0.00179609471424	0.00316715938161	0.00563507578286	0.00918613327132	0.0142179406005	0.0205248380704	0.0297658139284	0.0445321803959	0.0634940047455	0.0874053725443	0.121202116595	0.161607392342	0.212734393788	0.274514567699	0.346276092389	0.437438182122	0.5383074097	0.645209321814	0.774788643526	0.920711056074	1.07638173841	1.25042468728	1.44190757872	1.64078050873	1.85528357593	2.08159150993	2.32485951386	2.56401432379	2.80037216179	3.02270400825	3.21003257375	3.38144307847	3.49982080185	3.5577345734	3.58640353559	3.56404147087	3.4958995569	3.40528589303	3.2920633728	3.16958616607	3.04040445311	2.92043629471	2.80182549034	2.69212660631	2.59461648716	2.50999437589	2.44157824899	2.37549293202	2.30437580773	2.21714867359	2.12371061651	2.01253098263	1.86010972356	1.68322867083	1.48033852135	1.2833302393	1.09634443996	0.90667135388	0.727651440262	0.565783545634	0.431857948926	0.316537699754	0.225951457181	0.15831683714	0.107230967634	0.070952596536	0.0461774579967	0.0291899667681	0.0175222064489	0.0103515382386	0.00570362901623	0.00315344873493	0.0020291757077	0.00109685173389	0.000411319400209	0.000178238406757	0.000123395820063	8.22638800417e-05	2.74212933472e-05	1.37106466736e-05	0.0	0.0	0.0	0.0	0.0	0.0	0.0	0.0	0.0
PD_165S_filtered_1	0.0	0.0	0.0	0.0	0.0	8.30406289564e-06	4.15203144782e-05	8.30406289564e-05	0.000141169069226	0.000315554390034	0.000564676276903	0.00117087286828	0.00235835386236	0.00421015988809	0.00656851375045	0.0100728282924	0.0160434495144	0.0236914914413	0.0346694625893	0.0494839107951	0.0700447705247	0.0975810430866	0.129858935562	0.174003333915	0.228785236838	0.290318342894	0.364664617999	0.445936481559	0.5404616295	0.65176098449	0.767652486261	0.898806855635	1.04632853298	1.20045194032	1.38309149965	1.58386713234	1.79041408874	2.01206613555	2.24547673542	2.48462544275	2.71992936896	2.95196979846	3.16872244816	3.35216750158	3.49062944631	3.58148419845	3.64184643164	3.65749128613	3.63687229796	3.59768542516	3.53648448162	3.44111231926	3.32947249769	3.224550663	3.11391563305	2.99974307229	2.88816137917	2.77543372536	2.64550005323	2.4959604886	2.33878118612	2.17716751404	2.00156980005	1.80355111624	1.60584798682	1.41504553367	1.21258417621	1.02308546093	0.852187846539	0.693738022427	0.551555857528	0.428996193251	0.325469441132	0.240552093961	0.173936901412	0.122617792717	0.083306358969	0.0551306735641	0.0360977614073	0.0225870510761	0.0136186631488	0.00796359631692	0.00451741021523	0.00268221231529	0.00148642725832	0.000705845346129	0.000274034075556	8.30406289564e-05	4.98243773738e-05	4.15203144782e-05	1.66081257913e-05	0.0	0.0	0.0	0.0	0.0	0.0	0.0	0.0	0.0	0.0
PD_165S_filtered_2	0.0	0.0	0.0	0.0	0.0	8.3048228764e-06	1.66096457528e-05	4.98289372584e-05	9.13530516404e-05	0.000224230217663	0.00062286171573	0.00123741860858	0.00214264430211	0.00370395100287	0.00627844609456	0.0100239212118	0.0157127248821	0.0229628352532	0.0334103024318	0.0471132601778	0.0672441508302	0.094467360219	0.127944101234	0.170248868966	0.220559485951	0.280487087827	0.352082965845	0.436825378476	0.533119799728	0.634779136558	0.748065225414	0.882196419691	1.02542139502	1.18020668379	1.35478236547	1.54585973021	1.75334742496	1.97766899567	2.20554503058	2.44611913966	2.6915764846	2.92848816679	3.14399001561	3.31760233784	3.46125916396	3.57481100715	3.64615774048	3.66937802524	3.66110642165	3.61434196404	3.54660782866	3.46613409499	3.36318751061	3.25189457924	3.14773549073	3.03636781595	2.91635482057	2.80370820307	2.67489209544	2.53054596902	2.37259654274	2.20140922878	2.02129423024	1.82540837306	1.6243070871	1.4308462382	1.2257337228	1.02895094474	0.859042573512	0.700736039842	0.553358653077	0.428371068788	0.32818999043	0.243904343057	0.17600411122	0.123675422275	0.0841112460922	0.0554014734085	0.0361176746895	0.0223898024748	0.0133873744768	0.00760721775478	0.00452612846764	0.00268245778908	0.00153639223213	0.000847091933393	0.000398631498067	0.000249144686292	9.96578745168e-05	6.64385830112e-05	4.1524114382e-05	0.0	0.0	0.0	0.0	0.0	0.0	0.0	0.0	0.0	0.0
PD_166_filtered_1	0.0	0.0	0.0	0.0	0.0	0.0	1.17899168858e-05	5.8949584429e-05	0.000106109251972	0.000200428587059	0.000377277340346	0.000825294182006	0.0016623782809	0.00261736154865	0.00481028608941	0.00779313506152	0.0118960261378	0.018274371173	0.026633422245	0.0388477761387	0.0561553741271	0.0794404599765	0.109386848866	0.14560547354	0.189959140864	0.247434985682	0.31869324334	0.400727485032	0.492264399733	0.599033887051	0.721908400835	0.849475301539	0.995410892751	1.16531538499	1.3523034668	1.54437300279	1.75897306994	1.99330945797	2.22559440045	2.4686081673	2.70858013559	2.93514696839	3.14236654757	3.3149119812	3.4316557382	3.50922160139	3.55606294118	3.54402543604	3.47940490159	3.38963647442	3.28108670965	3.14570309405	3.00047489785	2.85985655916	2.72574625458	2.61849338067	2.54765956002	2.49497042146	2.43610336645	2.36996193272	2.31610559238	2.25999737792	2.1819245483	2.07974133866	1.95006404283	1.80099233372	1.63344582486	1.44942880211	1.25941071166	1.07281169711	0.891482775403	0.72094162765	0.566965313121	0.43541342051	0.327936538179	0.238344959763	0.169043828309	0.120799488412	0.0813268466783	0.0502368358504	0.0316677167553	0.0199839091214	0.0118960261378	0.00590674835979	0.00286494980325	0.00132047069121	0.000506966426089	0.000188638670173	7.07395013148e-05	2.35798337716e-05	0.0	0.0	0.0	0.0	0.0	0.0	0.0	0.0	0.0	0.0	0.0
PD_166_filtered_2	0.0	0.0	0.0	0.0	0.0	0.0	0.0	1.17901698751e-05	9.4321359001e-05	0.000212223057752	0.000471606795005	0.000837102061134	0.00149735157414	0.00264099805203	0.00452742523205	0.0073452758322	0.0110709695127	0.0169896347901	0.0249951601353	0.0363137232154	0.0534802105536	0.0747260966685	0.103010714199	0.140975061197	0.184763752113	0.24079063936	0.308312942235	0.389158137068	0.48056732411	0.579793393779	0.701314674682	0.832327042334	0.972924818095	1.13449730606	1.31392011122	1.50453178759	1.71288766963	1.93848078002	2.17095934962	2.41716167695	2.66060510453	2.88200091445	3.0866311028	3.26874206669	3.41141491235	3.50346076856	3.54609402283	3.54513901907	3.49375745876	3.40423469889	3.30510295058	3.19132781129	3.04989293347	2.89968616926	2.76712928935	2.66802112138	2.58945142933	2.51972436469	2.45924079323	2.40630293049	2.34920313779	2.28765845104	2.21896892135	2.11582851528	1.98074853902	1.82490607361	1.64695703969	1.46688577518	1.28478660146	1.08803224659	0.897974708199	0.732381772303	0.580194259555	0.440468956365	0.32856845408	0.239906376619	0.171440860154	0.120295103236	0.0810927884011	0.0517234752422	0.0315504945858	0.0190293341785	0.0107408447562	0.00581255374844	0.00288859161941	0.00135586953564	0.000660249513007	0.000224013227627	0.000106111528876	5.89508493756e-05	0.0	0.0	0.0	0.0	0.0	0.0	0.0	0.0	0.0	0.0	0.0
PD_167P_filtered_1	0.0	0.0	0.0	0.0	0.0	1.07553087666e-05	1.07553087666e-05	1.07553087666e-05	5.37765438332e-05	7.52871613664e-05	0.000107553087666	0.000419457041899	0.000828158775031	0.00120459458186	0.00198973212183	0.00369982621572	0.00654998303888	0.0113791166751	0.0183270461383	0.0282649514387	0.0448066163218	0.0684145190645	0.100217967087	0.141292491267	0.195058279792	0.26692525297	0.34950451368	0.440698776713	0.548778874509	0.673712541142	0.808336740974	0.956329789602	1.12430620192	1.30814669467	1.51059387158	1.7272810773	1.9641775082	2.2283171362	2.48132501962	2.73440819021	2.98591033041	3.21908542447	3.44330134633	3.63020710207	3.79000947973	3.91354495622	3.97701203325	3.98413204766	3.94402550127	3.87248118735	3.78049103147	3.66375291012	3.51214607774	3.34442779284	3.16041521515	2.96637868969	2.78249517571	2.59291134808	2.38589316494	2.1760570909	1.98040726913	1.79183444052	1.59826039334	1.40299776268	1.21898518499	1.04707232967	0.879515374391	0.729080870672	0.597876859028	0.477062475653	0.373886798654	0.289522156689	0.217354034865	0.160146547535	0.116350930237	0.0815467510686	0.0561212011443	0.0387943987212	0.026544102036	0.0172407599529	0.0112070317348	0.00698019538954	0.00468931462225	0.00306526299849	0.00164556224129	0.000795892848731	0.000333414571766	0.000258127410399	0.000139819013966	3.22659262999e-05	1.07553087666e-05	0.0	0.0	0.0	0.0	0.0	0.0	0.0	0.0	0.0	0.0
PD_167P_filtered_2	0.0	0.0	0.0	0.0	0.0	0.0	0.0	0.0	2.15046965182e-05	8.60187860728e-05	0.000172037572146	0.000301065751255	0.000645140895546	0.00115050126372	0.00198918442793	0.00365579840809	0.00641915191068	0.0108921287865	0.0184725343091	0.0284829705384	0.0444502077031	0.0678043081219	0.099018375118	0.140877266891	0.195026092724	0.262454068656	0.340784925724	0.430631547777	0.537198071373	0.664000514392	0.799222046099	0.948883981517	1.11703995594	1.29913097371	1.50269443095	1.72039722615	1.95441133366	2.20264004557	2.45696533895	2.71606467494	2.96882012547	3.20499545498	3.43011737048	3.62556280479	3.77439680939	3.88914587001	3.96371340519	3.97759468679	3.95212237377	3.89089850278	3.79180486122	3.67061514399	3.53304960037	3.38124794765	3.19422160203	2.99599130952	2.81105091947	2.61304642627	2.40600996055	2.19653271176	1.99288323573	1.79476046671	1.59704628692	1.41275103776	1.23158472195	1.04914962903	0.877972244748	0.729740371648	0.596217710967	0.476511817798	0.373020465805	0.287958638727	0.21579962956	0.158661650911	0.11642642695	0.0811802293562	0.0560734961712	0.0387299584293	0.0259131593044	0.017139243125	0.0109673952243	0.00664495122412	0.00445147217927	0.00266658236826	0.00122576770154	0.000731159681619	0.000451598626882	0.0002365516617	0.000107523482591	4.30093930364e-05	2.15046965182e-05	1.07523482591e-05	0.0	0.0	0.0	0.0	0.0	0.0	0.0	0.0	0.0
PD_169P_filtered_1	0.0	0.0	0.0	0.0	0.0	0.0	9.35781087116e-06	0.000112293730454	0.000280734326135	0.000514679597914	0.00116972635889	0.00224587460908	0.00419229927028	0.00772955177957	0.0124271728369	0.0183880983618	0.0259492095457	0.0370007841846	0.0508597020847	0.0679377069246	0.0908081966937	0.117337590513	0.152934703067	0.201239722784	0.256067136678	0.318259147728	0.394749893789	0.487607451063	0.591067408055	0.707525364346	0.836747374666	0.970086821769	1.10453049056	1.23701837687	1.37199544087	1.50665433931	1.64246424848	1.77888241536	1.90896534428	2.04039579797	2.17703855231	2.31632020932	2.45585452722	2.58868865253	2.71492552118	2.82016346224	2.90119274657	2.9650036589	3.00867656224	3.0432443156	3.05453919332	3.04702487119	3.04065220199	3.03184650196	3.00213545244	2.97219045765	2.9515752003	2.9214430493	2.88780171922	2.84614074522	2.79382122464	2.71731176296	2.60819033039	2.4729699633	2.30944221833	2.11792526104	1.90460460442	1.67211915113	1.44574434835	1.22910166887	1.01064357408	0.803798522589	0.625167270869	0.479700100877	0.355465803752	0.254700896291	0.178687398585	0.12213814749	0.0811602936855	0.0518797034697	0.0319849975576	0.0184348874162	0.0107614825018	0.00650367855545	0.00346239002233	0.00172183720029	0.00088899203276	0.000561468652269	0.000290092137006	9.35781087116e-05	3.74312434846e-05	1.87156217423e-05	3.74312434846e-05	1.87156217423e-05	0.0	0.0	0.0	0.0	0.0	0.0	0.0
PD_169P_filtered_2	0.0	0.0	0.0	0.0	0.0	0.0	1.87178042069e-05	7.48712168276e-05	0.000224613650483	0.000552175224104	0.00118858056714	0.00213382967959	0.00414599363183	0.00715956010914	0.011670550923	0.0183434481228	0.0273935064568	0.0381188082674	0.0500794851556	0.0662048734798	0.0890967480249	0.117182813237	0.152756000133	0.199382050412	0.256096997159	0.322779174646	0.402741634218	0.489704552563	0.586353934585	0.706129163705	0.837528149238	0.962684747067	1.09813613721	1.23967081372	1.36721393159	1.50217865882	1.64220655209	1.77243567486	1.90412478636	2.0449201096	2.17915484247	2.31194830442	2.44684751934	2.57762881733	2.7078485812	2.81836785614	2.91121752391	2.97856418344	3.01426839497	3.03771244474	3.05830202937	3.0638144227	3.05101144463	3.03202223226	3.00208310443	2.97736624397	2.95828344259	2.92729611772	2.89631815176	2.85059991498	2.78679092044	2.71671146149	2.62122258333	2.47685215948	2.30237414757	2.11461585357	1.8971898399	1.66623085379	1.44398500554	1.22513643875	1.00680261158	0.804865580897	0.627009005323	0.475928248667	0.352278434076	0.253944449675	0.178820542491	0.122807513401	0.0805239936981	0.0507158904986	0.0313429631445	0.0186616507943	0.0104258169432	0.00591482612938	0.00350958828879	0.00180626810597	0.000992043622966	0.000664482049345	0.000346279377828	0.000112306825241	2.80767063104e-05	3.74356084138e-05	4.67945105173e-05	1.87178042069e-05	0.0	0.0	0.0	0.0	0.0	0.0	0.0
PD_16P_filtered_1	0.0	0.0	0.0	0.0	0.0	1.23038519916e-05	3.69115559747e-05	0.000123038519916	0.000344507855763	0.000738231119493	0.00132881601509	0.00249768195428	0.00487232538865	0.00805902305447	0.0139894797144	0.02329119182	0.0350905858799	0.0501628045696	0.0715961147388	0.0998949743194	0.136978784222	0.181297259095	0.234536026663	0.297814737455	0.36950928301	0.451083821714	0.537493774251	0.635124839804	0.743583295109	0.854945459485	0.977774813917	1.1178910804	1.26644778934	1.42274362119	1.59589573027	1.78371403092	1.98014502796	2.18819086129	2.40689183044	2.6358419083	2.85755732119	3.05092465908	3.23006874408	3.3784285914	3.48173173272	3.54558872455	3.56094393184	3.53686529349	3.47001846562	3.35927149385	3.23738953602	3.10600900445	2.9688333586	2.82927076546	2.70104002	2.59627272029	2.5020867333	2.3998294194	2.30027895293	2.21343836558	2.1196830134	2.02307316756	1.9028153182	1.76424933707	1.61742747125	1.46142693185	1.28863163448	1.11679603757	0.953487010085	0.791457583208	0.642999305078	0.506931005904	0.389761423388	0.290850757228	0.211527823439	0.1516695835	0.107572577962	0.0749181547766	0.0494368773021	0.0312517840585	0.0201783172661	0.0125991444393	0.00702549948718	0.00391262493331	0.0021900856545	0.00114425823521	0.000615192599578	0.000295292447797	0.000147646223899	8.61269639409e-05	3.69115559747e-05	1.23038519916e-05	0.0	0.0	0.0	0.0	0.0	0.0	0.0	0.0	0.0
PD_16P_filtered_2	0.0	0.0	0.0	0.0	1.23069985716e-05	3.69209957149e-05	3.69209957149e-05	0.000123069985716	0.000283060967148	0.000492279942866	0.00127992785145	0.00259677669862	0.00447974748008	0.00801185607014	0.014423802326	0.0234817532747	0.0351118669249	0.0510740440723	0.0718974856556	0.0994651624561	0.136693833135	0.181220553968	0.23298378996	0.296537130584	0.368668449212	0.446768662148	0.534935999915	0.631619780694	0.741004383999	0.855582540701	0.980498576203	1.11940766908	1.26213193152	1.41273267304	1.58399686516	1.77672446279	1.9722703631	2.18141549682	2.4091318914	2.62851644793	2.8364801098	3.04206852094	3.22860569829	3.36671483626	3.4741057058	3.5472954263	3.56564516117	3.54221263589	3.47824085732	3.36660407327	3.24330025458	3.12072254881	2.9846932936	2.84350740598	2.70728123879	2.59202619717	2.49363174359	2.40370450503	2.3056915684	2.21548126887	2.12751084308	2.02077224447	1.90443418697	1.76746959987	1.61741036628	1.46768342166	1.29511468769	1.11992456302	0.957115278917	0.793407583917	0.641465379552	0.507097569146	0.39057490667	0.292217374085	0.212037278391	0.151942204366	0.107317027545	0.0735343164656	0.0490803103037	0.0318505123034	0.0200973286675	0.0123808405631	0.00729805015299	0.00399977453579	0.00235063672719	0.00127992785145	0.000504586941438	0.000184604978575	9.84559885732e-05	9.84559885732e-05	7.38419914299e-05	1.23069985716e-05	0.0	0.0	0.0	0.0	0.0	0.0	0.0	0.0	0.0
PD_170S_filtered_1	0.0	0.0	0.0	0.0	0.0	1.13534698475e-05	1.13534698475e-05	0.0	7.94742889322e-05	0.000261129806491	0.000669854721	0.00148730455002	0.00298596256988	0.00499552673288	0.00814043788063	0.0141350699601	0.0227977674537	0.0352298169367	0.0510679073739	0.0748420732344	0.105280725895	0.141486941239	0.189591592983	0.248016548818	0.31702293855	0.394726086186	0.480195007198	0.578152745042	0.685374914281	0.801679859399	0.935310199503	1.07251688261	1.21589985331	1.37273668579	1.54123353179	1.73840924263	1.94610962002	2.15267465043	2.36999141678	2.58884090156	2.80202500488	3.0088852255	3.19088134716	3.32914390296	3.43289191043	3.50116032462	3.52241402017	3.49963895966	3.44296243818	3.3688924009	3.28044887078	3.17336294318	3.0464652107	2.92496037639	2.80878031944	2.70642878877	2.61364823317	2.52157159271	2.43458130674	2.33532927333	2.22831146655	2.10995154339	1.98370095869	1.83601502291	1.67412589636	1.50055404933	1.31490211038	1.12943182695	0.948707293923	0.786307261225	0.636600407817	0.500971857019	0.385847672766	0.288332720246	0.209062793771	0.147209090042	0.100875579595	0.0687452599263	0.0460042598219	0.0283836746186	0.0166782472059	0.00993428611652	0.0057902696222	0.00338333401454	0.00193008987407	0.000908277587796	0.000510906143135	0.000261129806491	9.08277587796e-05	3.40604095424e-05	0.0	0.0	0.0	0.0	0.0	0.0	0.0	0.0	0.0	0.0	0.0
PD_170S_filtered_2	0.0	0.0	0.0	0.0	0.0	1.13525134805e-05	1.13525134805e-05	2.27050269611e-05	0.000124877648286	0.000272460323533	0.000613035727949	0.00120336642894	0.00233861777699	0.00463182550006	0.00831003986776	0.0148036775786	0.0234656453643	0.035908000139	0.0531865256563	0.0750741716468	0.104363656427	0.144744546877	0.191369319741	0.246315484987	0.312160063174	0.391661715079	0.484161994918	0.578444619374	0.681264333967	0.800250027757	0.926592150282	1.06205034113	1.20763497401	1.36395908463	1.54091071225	1.72024636771	1.91530525433	2.1332281031	2.34913020447	2.56599726949	2.78394282329	2.99021799323	3.16690851305	3.30741857239	3.41573290351	3.48973993889	3.52269628553	3.51028798829	3.46175599316	3.38730620976	3.29365932606	3.18781984288	3.0665749989	2.94352510529	2.82911447443	2.72100448856	2.62963946007	2.54347388275	2.45303976036	2.35333063446	2.23971467955	2.1157906424	1.98722342723	1.84352331159	1.67949084431	1.50197159102	1.31165805503	1.12994972426	0.954803146281	0.787330867416	0.638158840282	0.503620203024	0.384941027098	0.284051239797	0.206207054861	0.148649811514	0.102626721864	0.0687508216382	0.0455462840839	0.0287332116193	0.0173466405983	0.00996750683592	0.00576707684812	0.00347386912505	0.00188451723777	0.000987668672807	0.000465453052702	0.000192992729169	0.000147582675247	5.67625674027e-05	1.13525134805e-05	0.0	0.0	0.0	0.0	0.0	0.0	0.0	0.0	0.0	0.0
PD_171P_filtered_1	0.0	0.0	0.0	0.0	0.0	0.0	0.0	2.79337099542e-05	6.51786565599e-05	0.000176913496377	0.000446939359268	0.000875256245233	0.00158291023074	0.00296097325515	0.00500944531846	0.00747692303108	0.0122256537233	0.0194791070748	0.0296655999714	0.0450198292096	0.0654859273694	0.0918367270929	0.128578866919	0.178682631341	0.239326715651	0.314412528008	0.405383310092	0.512434597874	0.636246111628	0.772730218464	0.929047259368	1.10611904677	1.3036755548	1.51748017079	1.75217920183	2.01572444401	2.2969796583	2.59974382926	2.91586962481	3.23391353511	3.55110081164	3.83718855776	4.08143160636	4.28441656536	4.41944811928	4.47001744553	4.45968197285	4.37156974042	4.20324120423	3.98525584299	3.72909441147	3.43166557911	3.10877051452	2.80516833226	2.5121344036	2.24386836444	2.01212099542	1.81408030308	1.64445750501	1.50290808543	1.38498127324	1.26892601962	1.16422116347	1.0666487146	0.966804323989	0.861931865584	0.747180185092	0.640277877098	0.541578768593	0.442898282561	0.354041151197	0.274877017186	0.207286750334	0.152024560808	0.108866978928	0.0761752270452	0.050243432971	0.0322541237605	0.0205219655797	0.0126446593726	0.00765383652746	0.00425523514969	0.0023371203995	0.00135012931445	0.000744898932113	0.000363138229405	0.000232780916285	0.000111734839817	3.72449466056e-05	2.79337099542e-05	1.86224733028e-05	0.0	0.0	0.0	0.0	0.0	0.0	0.0	0.0	0.0	0.0
PD_171P_filtered_2	0.0	0.0	0.0	0.0	0.0	0.0	9.3122719541e-06	3.72490878164e-05	5.58736317246e-05	0.000139684079312	0.000344554062302	0.00077291857219	0.00173208258346	0.00291474112163	0.00459095007337	0.00718907394857	0.0118265853817	0.0184382984691	0.02840242946	0.0428737000767	0.0629137093219	0.0915116964929	0.128248609352	0.173264131978	0.232732300677	0.30828276304	0.393294493709	0.497768872763	0.623745287758	0.756584847183	0.907117723321	1.08069847255	1.27463584826	1.48767269376	1.72399021913	1.98016150832	2.25336494291	2.5509385932	2.86658736336	3.19537574924	3.51034472355	3.79764693787	4.05089417367	4.26262730109	4.41818880408	4.48436180858	4.47028165339	4.39322260297	4.25131289066	4.04037130636	3.78190919827	3.48122524915	3.15242755099	2.84143491681	2.54609621179	2.26760340673	2.03109963591	1.8301873685	1.65843182458	1.51441753881	1.39536945415	1.28701185769	1.18129894647	1.08000936442	0.974017085039	0.869999007312	0.761175797256	0.649922084221	0.545643262879	0.446439629752	0.356920759457	0.279107415008	0.210606342514	0.152646761872	0.109260886837	0.0765561877347	0.0505842612547	0.0325370782076	0.0200213847013	0.0118917712854	0.00707732668512	0.00441401690624	0.00244912752393	0.00118265853817	0.000707732668512	0.000437676781843	0.00020486998299	9.3122719541e-05	6.51859036787e-05	9.3122719541e-06	9.3122719541e-06	1.86245439082e-05	9.3122719541e-06	0.0	0.0	0.0	0.0	0.0	0.0	0.0	0.0
PD_172S_filtered_1	0.0	0.0	0.0	0.0	0.0	1.56472141543e-05	3.12944283087e-05	0.000172119355698	0.000438121996322	0.000735419065254	0.00162731027205	0.00366144811212	0.00622759123343	0.00981080327477	0.0153029754429	0.0239715320845	0.0360198869833	0.0511194486422	0.071069646689	0.0962460142634	0.128275861637	0.16708095274	0.214711072626	0.271181868509	0.332894481134	0.40568532138	0.488725086897	0.58598817008	0.697521512572	0.810697812551	0.923279518391	1.05085125539	1.18544859155	1.33015402805	1.49182104469	1.65273699505	1.81914511758	1.9889643328	2.17150473313	2.35207358447	2.50923420343	2.65720990769	2.79495233389	2.90046149893	2.97599060166	3.02562356495	3.05144146831	3.05261500937	3.02798629429	2.994282195	2.93504184222	2.86318983482	2.80063227263	2.75381580788	2.69498228266	2.64380024516	2.62802785329	2.61624550103	2.61914023565	2.60876613267	2.57406061167	2.53354997423	2.45805216593	2.33642637031	2.18569675636	2.00958736106	1.80812947882	1.58985084137	1.37027348514	1.14465630425	0.921605266477	0.725811675763	0.552190187507	0.403447769756	0.291100772127	0.20353896172	0.135410991292	0.0892673567505	0.0559700850301	0.0322958500146	0.0184167710597	0.0102958669136	0.0055860554531	0.00298861790348	0.00147083813051	0.000938832849261	0.000500710852939	0.000140824927389	3.12944283087e-05	1.56472141543e-05	1.56472141543e-05	3.12944283087e-05	1.56472141543e-05	0.0	0.0	0.0	0.0	0.0	0.0	0.0	0.0
PD_172S_filtered_2	0.0	0.0	0.0	0.0	0.0	4.69435228735e-05	6.25913638314e-05	0.000109534886705	0.000266013296283	0.000844983411724	0.00162737545962	0.0028948505772	0.00574275763153	0.010030266054	0.0156634887988	0.02450451894	0.0361152169307	0.0501669781109	0.0681932908943	0.0934176105184	0.127889804148	0.168057811887	0.213530437711	0.26825093754	0.333158181834	0.409754363322	0.497538751096	0.585745630575	0.686283008729	0.798837928739	0.915304808988	1.04682491224	1.18167800561	1.31903475354	1.47801681767	1.64507316774	1.81347523213	1.98394281152	2.15359670319	2.33575321978	2.50268438712	2.65670608566	2.79605010939	2.89334838447	2.97319931688	3.03549337173	3.05802626271	3.05178277417	3.02895257421	2.99255569614	2.94522097725	2.88039197216	2.80639333227	2.74372372923	2.69660808011	2.66565665069	2.64520492256	2.62667787887	2.61378405792	2.60021737981	2.57901455531	2.54047392303	2.45627289084	2.33933657536	2.19615883059	2.02124726437	1.81640137839	1.59759761827	1.37107947257	1.13939753935	0.921814310827	0.722429521342	0.553542373884	0.409801306845	0.290909011247	0.202091865971	0.138655518727	0.0898968463028	0.0552212307402	0.033408140445	0.0189808310819	0.0103588707141	0.00594617956398	0.00325475091923	0.00120488375375	0.000641561479272	0.000469435228735	0.000172126250536	4.69435228735e-05	4.69435228735e-05	1.56478409578e-05	0.0	0.0	0.0	0.0	0.0	0.0	0.0	0.0	0.0	0.0
PD_173P_filtered_1	0.0	0.0	0.0	0.0	0.0	3.18367107839e-05	4.24489477118e-05	7.42856584957e-05	0.000339591581694	0.000870203428092	0.00195265159474	0.00418122134961	0.00805468782832	0.0146236624867	0.0260105927104	0.0439983343033	0.0666023989598	0.0951705407699	0.133597450686	0.182434965028	0.239295330488	0.30419977154	0.37663890081	0.457705778703	0.547389792981	0.64131870203	0.739503118087	0.838865492444	0.938418887065	1.03926697459	1.13676159525	1.23221866642	1.32280472083	1.41731730291	1.52359885575	1.62625102355	1.72740686595	1.83542882564	1.94587037535	2.06107681944	2.18557958307	2.31164234554	2.43015980755	2.54093033661	2.63847801845	2.72540285113	2.79355463668	2.8453741896	2.8916435426	2.91215699658	2.91549985122	2.91042720196	2.9020753715	2.89035946193	2.85801336378	2.83994072429	2.83012440513	2.81348441763	2.77812444418	2.71971469213	2.64807148063	2.54384870176	2.41738267429	2.26397217726	2.08992087941	1.89592918836	1.68102077834	1.4669719595	1.25895089124	1.05400737168	0.858041804573	0.682165201966	0.532394702202	0.402702554705	0.296208757133	0.213741063966	0.149919071081	0.103575432417	0.0684064792376	0.0438603752232	0.0278146729882	0.0168522322416	0.00993305376456	0.00556081215025	0.00333224239538	0.00184652922546	0.000838366717308	0.00041387724019	0.000191020264703	7.42856584957e-05	3.18367107839e-05	1.0612236928e-05	0.0	0.0	0.0	0.0	0.0	0.0	0.0	0.0	0.0
PD_173P_filtered_2	0.0	0.0	0.0	0.0	0.0	2.12243071802e-05	3.18364607704e-05	0.000106121535901	0.000328976761294	0.0008595844408	0.00195263626058	0.00380976313885	0.00786360581028	0.0155468050095	0.0269973187333	0.0434992175659	0.0661031047129	0.094787755867	0.132715592798	0.180958443019	0.238794680085	0.304876560491	0.381368963568	0.463740499735	0.546748765117	0.634553723921	0.735294897952	0.843995187176	0.942338014496	1.03687107868	1.13708164503	1.23009717125	1.31903763048	1.41120418441	1.50663928165	1.61150858343	1.71404321142	1.82054678485	1.93886168522	2.05640189839	2.17580985058	2.29814675717	2.42026080853	2.54244914497	2.64781721796	2.73477320448	2.79647226545	2.84495919521	2.89388122326	2.91558307735	2.91698388162	2.91372595047	2.91815121852	2.90488602653	2.86631084823	2.84978772509	2.84731509331	2.82511446799	2.77542836489	2.72413982658	2.65468328134	2.55048254524	2.42251058509	2.26307358955	2.08966038774	1.90032895554	1.68661079439	1.46564453233	1.2522659601	1.04691017597	0.856506916259	0.683454527665	0.530321151359	0.401553279697	0.294784402426	0.211627566894	0.148708108258	0.101791777236	0.0684696149635	0.0443694141603	0.027676496563	0.0163533286824	0.00919012500905	0.0054758712525	0.00288650577651	0.00148570150262	0.00089142090157	0.000445710450785	0.000191018764622	5.30607679506e-05	1.06121535901e-05	0.0	0.0	0.0	0.0	0.0	0.0	0.0	0.0	0.0	0.0
PD_174S_filtered_1	0.0	0.0	0.0	0.0	0.0	0.0	0.0	4.36989978072e-05	0.000207570239584	0.000436989978072	0.000873979956144	0.00167148666612	0.0027639616113	0.00471949176318	0.00797506709981	0.0126508598652	0.0189216660505	0.027879960601	0.0403778739738	0.0573549346219	0.0798817679915	0.110580313951	0.151504425398	0.20486090172	0.270726216165	0.351176071128	0.450208924909	0.564405330928	0.70047308535	0.859034898894	1.02877273113	1.20283676414	1.38975922726	1.59659750863	1.82477182568	2.05971948739	2.30671714775	2.57217763468	2.82263844061	3.06926465948	3.29633557684	3.48662286279	3.6398970976	3.74219645147	3.81797051366	3.84812282215	3.81349136639	3.74111490127	3.64325099568	3.50400413917	3.34224137404	3.17001269893	2.98712146836	2.81136409918	2.64185568668	2.47687012046	2.32897086238	2.1950334341	2.06135819981	1.93280667301	1.80361058599	1.67721123484	1.55410023327	1.41512649549	1.26526078251	1.12249615667	0.978977723125	0.840648545566	0.709103637417	0.580617659115	0.467928868519	0.366864011341	0.279651736467	0.209034156011	0.149909411978	0.105128863975	0.0719394751401	0.0486916083067	0.0323700326257	0.0203528082287	0.0121920203882	0.00735235638106	0.00446822252578	0.00209755189474	0.00105970069682	0.000633635468204	0.000273118736295	0.000152946492325	6.55484967108e-05	2.18494989036e-05	2.18494989036e-05	1.09247494518e-05	0.0	0.0	0.0	0.0	0.0	0.0	0.0	0.0	0.0
PD_174S_filtered_2	0.0	0.0	0.0	0.0	0.0	1.09213227906e-05	1.09213227906e-05	5.46066139531e-05	0.000152898519069	0.000338561006509	0.000742649949762	0.00147437857673	0.00263203879254	0.00472893276834	0.00777598182692	0.0128980822157	0.0190795509152	0.0270630378751	0.0407583766546	0.0570420689354	0.078917478485	0.110108776375	0.150670569219	0.203606220785	0.269407190599	0.352725962169	0.450460879822	0.563452885413	0.701574854746	0.852092525447	1.02126381547	1.2020335503	1.38807828404	1.5969922677	1.82453802805	2.06213140536	2.31311432441	2.57097767682	2.82295443624	3.06408632214	3.28997204141	3.49384037395	3.64745970032	3.74230046743	3.80505438819	3.84311519811	3.82891747848	3.75129963741	3.6397820104	3.51029880739	3.35285701804	3.17939364816	2.99767375825	2.81454501769	2.63591586213	2.47476082303	2.33150583199	2.19596129483	2.06603031759	1.94174566423	1.81722074178	1.68364204272	1.54479926609	1.40687388056	1.26389192259	1.12423004674	0.980177799135	0.833722860513	0.701553012101	0.575990563977	0.463075007645	0.362052771832	0.275457603425	0.202852649513	0.147088375344	0.105521820803	0.0715237429557	0.0470053732908	0.031245904504	0.0196911449915	0.0112708051199	0.00614870473112	0.00371324974881	0.00223887117208	0.00133240138046	0.000851863177668	0.000294875715347	5.46066139531e-05	3.27639683718e-05	3.27639683718e-05	2.18426455812e-05	1.09213227906e-05	0.0	0.0	0.0	0.0	0.0	0.0	0.0	0.0	0.0
PD_175P_filtered_1	0.0	0.0	0.0	0.0	0.0	0.0	0.0	4.00677947086e-05	8.01355894173e-05	0.000227050836682	0.000534237262782	0.000841423688882	0.00142908467794	0.00243077954566	0.00442081334952	0.00731905050011	0.0116597282602	0.0186448804711	0.0281810156117	0.0417105742917	0.0618780309617	0.0892443347477	0.123702638197	0.166855653098	0.222963921622	0.290130901485	0.368316524893	0.459323842608	0.566625396838	0.682648374383	0.80592362277	0.950354666763	1.10787452369	1.28001912569	1.48146664156	1.70286791919	1.93904085713	2.18109040497	2.43136720665	2.69239553324	2.95688304611	3.20542357669	3.42945597284	3.62000504854	3.75733073694	3.85683242713	3.90399222151	3.8860952732	3.8131585309	3.69969989222	3.55739244134	3.3837920428	3.20503625468	3.02742907666	2.8426096956	2.6631460431	2.50634740648	2.35816334571	2.21398606442	2.09181935835	1.97154919457	1.85421733573	1.74329632405	1.62816819392	1.50040535252	1.35714963051	1.19291174	1.03715486603	0.893899144018	0.743444574887	0.60076315793	0.47491021475	0.369825745161	0.279232461325	0.205400871608	0.149038840385	0.104296469627	0.0710669118816	0.0469327435354	0.0297837274001	0.0192191855286	0.012100474002	0.00717213525285	0.00375301677104	0.00199003380386	0.00113525418341	0.000507525399643	0.000227050836682	0.000146915247265	6.67796578477e-05	2.67118631391e-05	0.0	0.0	0.0	0.0	0.0	0.0	0.0	0.0	0.0	0.0
PD_175P_filtered_2	0.0	0.0	0.0	0.0	0.0	0.0	0.0	1.33580332273e-05	9.35062325911e-05	0.000187012465182	0.000454173129728	0.000881630193002	0.00137587742241	0.00232429778155	0.00436807686533	0.00765415303925	0.0122359584362	0.0179531966575	0.0257142139626	0.0402076800142	0.0632502873313	0.0907010456134	0.122907263724	0.166601390411	0.221596413208	0.289522012169	0.370111026629	0.462735629027	0.564937941249	0.674620752079	0.803245254024	0.952280830741	1.11056016645	1.27654708733	1.47009163076	1.69313071156	1.93325471686	2.17260395622	2.42084964572	2.68811717453	2.9563731978	3.21406301679	3.44013437113	3.61903851014	3.76124813188	3.86111278829	3.89645814421	3.87906598494	3.81521458612	3.69893290687	3.55844647142	3.39274006924	3.21012239699	3.03006946712	2.84868073392	2.67099217593	2.50830468926	2.35486096158	2.21619121864	2.10139228109	1.97872546196	1.86204304172	1.7552989982	1.63647929264	1.50444849223	1.35555985387	1.19225789767	1.03821305849	0.88816227125	0.734077357973	0.594005021552	0.473622426107	0.368200827877	0.278528350823	0.207089589123	0.148487897355	0.102696559452	0.069461772782	0.0462588690662	0.0292273767013	0.0174322333616	0.0107265006815	0.00649200414847	0.00392726176883	0.00201706301732	0.00100185249205	0.000574395428774	0.000227086564864	8.01481993638e-05	5.34321329092e-05	4.00740996819e-05	1.33580332273e-05	0.0	0.0	0.0	0.0	0.0	0.0	0.0	0.0	0.0
PD_176S_filtered_1	0.0	0.0	0.0	0.0	0.0	0.0	3.01545541518e-05	0.000120618216607	0.000281442505417	0.000593039564986	0.00142731556319	0.0025229310307	0.00468400741159	0.00873476918599	0.0149265043052	0.0236210674189	0.0361653619461	0.0545696914968	0.076461897811	0.102334505273	0.138901927941	0.184817262397	0.235265831493	0.294258190932	0.364940465864	0.441472724301	0.528528922138	0.628863175319	0.733951796538	0.849323120723	0.972826123011	1.10939609876	1.26119412437	1.4225310406	1.60789108497	1.81458045064	2.02419480807	2.24367975622	2.47959893639	2.72102634845	2.94757751379	3.15615656486	3.34371789168	3.48617805701	3.57952650515	3.62647714596	3.62746219473	3.5758778041	3.47906158223	3.35650342264	3.21722958853	3.05587256927	2.89321890417	2.73846573226	2.60025735907	2.48941926952	2.39013037422	2.30629066216	2.2249035205	2.14866275609	2.07483435601	1.98763743692	1.89241940643	1.76724785214	1.62291810445	1.46767240816	1.29176079076	1.11393938492	0.942078529294	0.783023307661	0.632411361191	0.497188288856	0.380470061252	0.280698693082	0.204880092426	0.146350102817	0.102525484116	0.0694559897298	0.0441462672783	0.0287272385887	0.0181027840092	0.0106244545795	0.0065133836968	0.00387988596754	0.00199020057402	0.00097499725091	0.000522678938632	0.000221133397114	7.03606263543e-05	1.00515180506e-05	0.0	0.0	0.0	0.0	0.0	0.0	0.0	0.0	0.0	0.0	0.0
PD_176S_filtered_2	0.0	0.0	0.0	0.0	0.0	0.0	2.00989673151e-05	6.02969019452e-05	0.000221088640466	0.000512523666534	0.00136672977742	0.00265306368559	0.00484385112293	0.00858225904353	0.0143808111139	0.0229128227392	0.0356857164679	0.0530612737118	0.0745872677062	0.101027459209	0.138120103389	0.182840305665	0.232072726103	0.291847054898	0.359972504613	0.436167689704	0.523156020244	0.621178683839	0.732024488582	0.844870140572	0.963986670365	1.09982554096	1.24889958154	1.41410304339	1.59454152246	1.79324996282	2.00347511145	2.22013192962	2.45027515486	2.68449847047	2.91474219055	3.1250175866	3.3141086711	3.47025754817	3.56904397252	3.62511004185	3.62523063565	3.57156639292	3.4898540413	3.37362171332	3.23469765123	3.07402650652	2.91247100724	2.76286434403	2.61725737532	2.50407004088	2.40876073787	2.32671675329	2.25019998472	2.1658446189	2.08611201556	2.00491218761	1.90280943365	1.7755528221	1.6377442527	1.47889206453	1.30469431481	1.12946146827	0.954911986622	0.790894363848	0.638453746247	0.500213049054	0.37994082864	0.282109105234	0.207451491142	0.147094292295	0.101107855078	0.0686781713156	0.0453432702628	0.0296258778224	0.0183302581913	0.0111147289252	0.00652211489374	0.00345702237819	0.00190940189493	0.00109539371867	0.000572820568479	0.000251237091438	9.04453529178e-05	3.01484509726e-05	1.00494836575e-05	0.0	0.0	0.0	0.0	0.0	0.0	0.0	0.0	0.0	0.0
PD_177P_filtered_1	0.0	0.0	0.0	0.0	0.0	0.0	0.0	0.0	4.10825526507e-05	8.21651053014e-05	0.00017802439482	0.000465602263375	0.000849039421448	0.00157483118494	0.0028346961329	0.00475188192327	0.00857255931978	0.0138995969802	0.0216915877996	0.0341259070685	0.0505178455762	0.076331382825	0.112990713974	0.157921332389	0.214546784126	0.281730451894	0.364087275775	0.462712790505	0.575580256821	0.697294166141	0.826854843017	0.983078096563	1.15895250446	1.34628894455	1.54603231554	1.77158922377	2.02612302581	2.29046186375	2.56605732112	2.84254290046	3.11209922258	3.37508233628	3.60923919221	3.78242954	3.92283601077	4.02098222906	4.04602889199	4.01110872224	3.91305836324	3.77017324512	3.57787951035	3.35473277854	3.12895676335	2.88787065021	2.65737014147	2.45785957162	2.27650749003	2.1163676998	1.9934213139	1.8905232137	1.79280151512	1.70117372853	1.6146949552	1.52984578979	1.41837513027	1.29448384566	1.17086644473	1.03367810724	0.890929930968	0.753618345825	0.623263406264	0.498043785785	0.384382056784	0.288878816056	0.212629598336	0.153100979545	0.106047762576	0.0717712194808	0.0478337854696	0.0296068262769	0.017487473245	0.0100652253994	0.00569678063423	0.0029990263435	0.00138311260591	0.000657320842411	0.000273883684338	8.21651053014e-05	1.36941842169e-05	1.36941842169e-05	1.36941842169e-05	0.0	0.0	0.0	0.0	0.0	0.0	0.0	0.0	0.0	0.0
PD_177P_filtered_2	0.0	0.0	0.0	0.0	0.0	0.0	0.0	1.36926766362e-05	2.73853532724e-05	4.10780299086e-05	0.000150619442998	0.000465551005631	0.00090371665799	0.00142403837017	0.00262899391415	0.00446381258341	0.00792805977237	0.0131860476007	0.0201419273319	0.0326022630708	0.0507587522904	0.0751591020562	0.109075862084	0.15305673944	0.208265611637	0.274907868825	0.356023285218	0.45094091966	0.56056448881	0.681840525777	0.810359988684	0.961444982688	1.13294575756	1.3182350578	1.5268703717	1.75111533698	1.99714535077	2.25856593311	2.52004128616	2.80108347412	3.09343581298	3.35840279856	3.59293096399	3.80396249631	3.95433547113	4.02916594894	4.05816703806	4.02894686612	3.9378221031	3.78968103457	3.59319112485	3.36583792198	3.14648124227	2.92824736204	2.68807781384	2.46844728059	2.28867612904	2.1400147388	2.00711361937	1.89720250401	1.80453046853	1.71980018551	1.63713749666	1.54397252482	1.43234982488	1.3138397086	1.17895315105	1.03678208954	0.894131784345	0.751125469556	0.621086119542	0.497920493199	0.384449281915	0.287532516684	0.208566850523	0.147497512725	0.104036957082	0.0712019185083	0.0462264763239	0.0281247578108	0.0171843091784	0.0103653562136	0.00579200221712	0.00272484265061	0.00120495554399	0.000534014388812	0.000232775502816	0.000123234089726	5.47707065449e-05	0.0	0.0	0.0	0.0	0.0	0.0	0.0	0.0	0.0	0.0	0.0	0.0
PD_178S_filtered_1	0.0	0.0	0.0	0.0	0.0	0.0	8.51456296792e-06	2.55436889038e-05	0.000110689318583	0.000374640770588	0.000766310667113	0.00120055337848	0.0020179514234	0.00365274751324	0.00597722320348	0.00946819402032	0.0147131648086	0.0222230093463	0.0311377567737	0.0455103390635	0.065298183401	0.0906886101713	0.121851910634	0.159477764389	0.209407161633	0.269034646097	0.33872634399	0.41770743008	0.510448049927	0.619136446212	0.738808628726	0.868706801365	1.01314784755	1.17738525264	1.36085705547	1.55872698428	1.77526934968	2.00960715169	2.25753419619	2.50609983291	2.75101272212	2.99730497053	3.22060789893	3.41176835212	3.56504751467	3.67085798867	3.71148948315	3.70349430853	3.6622753092	3.56366815547	3.43247576926	3.28658724736	3.12252013354	2.95098574798	2.7946328282	2.65524943242	2.5279907743	2.43158889238	2.34769490346	2.26904588532	2.1945094011	2.11492378104	2.02880749118	1.91713048329	1.78625313591	1.64426428386	1.48358596609	1.31446971642	1.14089183576	0.961583654219	0.787580045406	0.629456096529	0.492303516242	0.373346557017	0.274134869315	0.198006161819	0.138625599681	0.0914634354014	0.0588696883602	0.0375917955034	0.0230659510801	0.0128910483334	0.00685422318917	0.00412104847647	0.00215418443088	0.000928087363503	0.000374640770588	0.000170291259358	0.000119203881551	4.25728148396e-05	2.55436889038e-05	3.40582518717e-05	1.70291259358e-05	0.0	0.0	0.0	0.0	0.0	0.0	0.0	0.0
PD_178S_filtered_2	0.0	0.0	0.0	0.0	0.0	8.51463981626e-06	8.51463981626e-06	4.25731990813e-05	0.000102175677795	0.000306527033385	0.000647112626036	0.00103027141777	0.00186470611976	0.00344842912559	0.0059176746723	0.00973223330999	0.0146707244034	0.0224786491149	0.0317851504341	0.0453915448605	0.0660906342538	0.0889694714401	0.120712048675	0.16127579276	0.209145097807	0.264745695807	0.334514654461	0.415982728223	0.506885022902	0.617873352907	0.733851261844	0.865606798361	1.01444270235	1.17307044213	1.35413425782	1.54938346345	1.75884360293	1.98254022018	2.22119705959	2.48107238142	2.74062414694	2.97997918681	3.20341185023	3.39632804455	3.54800783824	3.66718725175	3.72294111326	3.71732996562	3.67711532177	3.58861415552	3.46259748624	3.30394420254	3.13445178236	2.96764147372	2.8121896946	2.67313711176	2.54278649081	2.43782652579	2.34660918944	2.27495849539	2.20770987012	2.12259753052	2.02515599246	1.91420172101	1.79577159581	1.65337275952	1.48807805677	1.31690825254	1.13772617225	0.96018741744	0.789068701053	0.632118345319	0.492793294006	0.372030157492	0.272289666684	0.192686299042	0.135101789965	0.0913876291479	0.0585892365757	0.0364596876932	0.0224360759158	0.0131380892365	0.00712675352621	0.00378901471824	0.0020435135559	0.000928095739972	0.000400188071364	0.000221380635223	0.00013623423706	5.10878388976e-05	1.70292796325e-05	1.70292796325e-05	8.51463981626e-06	0.0	0.0	0.0	0.0	0.0	0.0	0.0	0.0
PD_179P_filtered_1	0.0	0.0	0.0	0.0	0.0	1.86478030464e-05	4.66195076159e-05	0.000130534621325	0.000270393144173	0.000680644811193	0.00174356958484	0.00365496939709	0.00620971841444	0.0101723765618	0.0163914188778	0.0235801469521	0.0341720990825	0.0494912692851	0.0670108802472	0.0901155082216	0.120949650559	0.161676452412	0.209219026279	0.27129756262	0.346131196245	0.426298101542	0.519723594804	0.623964813833	0.741418001321	0.872306930904	1.00859439947	1.15050418065	1.30236256476	1.46723711539	1.65010679597	1.83720020393	2.03094155368	2.23628183693	2.44901597408	2.66629085128	2.87112764384	3.05650545392	3.23488101396	3.39997933823	3.51992200743	3.60825665046	3.68450751712	3.720497777	3.73197549977	3.74145790762	3.72124368912	3.67289925972	3.61100720141	3.50759580961	3.35319200039	3.17215912842	2.96122450426	2.71769352037	2.44835397707	2.17607740479	1.91511072506	1.66709494454	1.43847287919	1.23199507996	1.04640282014	0.886441965613	0.741977435412	0.6188646397	0.513970747564	0.415491699676	0.331129038695	0.25476628522	0.190608518839	0.140268774515	0.100772727663	0.0699385853254	0.0479435016322	0.0314308720347	0.0203727248282	0.0131746728523	0.00772951436272	0.00447547273113	0.00289040947219	0.00160371106199	0.0006433492051	0.000335660454835	0.000177154128941	6.52673106623e-05	5.59434091391e-05	2.79717045696e-05	0.0	0.0	0.0	0.0	0.0	0.0	0.0	0.0	0.0	0.0	0.0
PD_179P_filtered_2	0.0	0.0	0.0	0.0	9.32280974569e-06	4.66140487285e-05	7.45824779655e-05	0.000139842146185	0.000261038672879	0.000745824779655	0.0017340426127	0.00335621150845	0.00591066137877	0.010189831052	0.0161004924308	0.0236239998956	0.033981641523	0.0483760597704	0.067124230169	0.0902820895773	0.120068466715	0.160594720679	0.208625836489	0.270100443952	0.34385319185	0.425418454315	0.516371786194	0.616517408483	0.732222800236	0.860346174571	0.995088743826	1.1418111236	1.30343135335	1.46366248445	1.63400886413	1.82191009455	2.01829508184	2.22112213067	2.42684857333	2.64153423615	2.85704030624	3.05917746714	3.23954586729	3.39333493686	3.51815803654	3.61370751363	3.67810016054	3.7225419946	3.75145202762	3.75297164561	3.73540747205	3.69740769952	3.62938847962	3.52408734354	3.36753872229	3.17863995122	2.96662061199	2.71932376067	2.45533907991	2.18359782145	1.91868085971	1.67431137066	1.44279803624	1.23282971515	1.05079253206	0.89083176244	0.747540176649	0.626101256901	0.516837926682	0.416356683243	0.329896945661	0.254680516633	0.191676968371	0.140261672624	0.100490566249	0.0695761291321	0.0475370068933	0.0317907812328	0.019941490046	0.0121103298597	0.00756079870376	0.00461479082412	0.00261038672879	0.0015102951788	0.000755147589401	0.000326298341099	0.00019577900466	9.32280974569e-05	8.39052877112e-05	3.72912389828e-05	0.0	0.0	0.0	0.0	0.0	0.0	0.0	0.0	0.0	0.0	0.0
PD_180S_filtered_1	0.0	0.0	0.0	0.0	0.0	0.0	0.0	1.09076019223e-05	4.36304076891e-05	0.000163614028834	0.000316320455746	0.000938053765315	0.00169067829795	0.00281416129595	0.00535563254383	0.00941326045892	0.0157396695738	0.0248802399847	0.0362241459839	0.0525091956538	0.0779348157346	0.112130147761	0.155258805762	0.210614885517	0.281896064079	0.367171695907	0.466932623088	0.586436309749	0.7263153968	0.88627537899	1.06927221644	1.27228450342	1.48490638769	1.71526403268	1.96707693066	2.2322952714	2.52296104743	2.81890610278	3.09694087578	3.37251053074	3.6463131542	3.87298402974	4.03724160709	4.16222090992	4.22038024337	4.19760517055	4.11469648834	3.96434610344	3.76301358716	3.540771198	3.30562511576	3.04684226015	2.78990278927	2.56114856176	2.34738137928	2.15893074087	2.00819858991	1.87714375281	1.75500042649	1.64765871597	1.53864814236	1.42662707062	1.31683114967	1.196149442	1.06724340248	0.940813388601	0.814797863593	0.693559868227	0.576314055165	0.465830955294	0.37042216128	0.287131713002	0.215108817509	0.155564218615	0.110319485842	0.0788837771018	0.0548870528729	0.0364204828185	0.0235386049483	0.0155978707488	0.0100349937685	0.006173702688	0.00371949225549	0.00221424319022	0.00119983621145	0.000599918105725	0.000283597649979	0.000163614028834	3.27228057668e-05	0.0	0.0	0.0	0.0	0.0	0.0	0.0	0.0	0.0	0.0	0.0	0.0
PD_180S_filtered_2	0.0	0.0	0.0	0.0	0.0	0.0	0.0	0.0	3.27162824357e-05	0.0001526759847	0.000436217099143	0.000785190778458	0.00141770557222	0.00294446541922	0.00553995715912	0.00885520711261	0.0148531922258	0.0243191032772	0.0350500439162	0.0511246440196	0.0782900638687	0.111268076564	0.149807857273	0.207530284917	0.278470090666	0.357578061595	0.460448959001	0.581957231967	0.720161714403	0.879010171056	1.05360606499	1.25011096272	1.46299581253	1.68986142037	1.9380362335	2.20835996984	2.50268655206	2.7961079838	3.07898386716	3.36734518055	3.62413528139	3.85354185383	4.04645886593	4.16933031733	4.22559141769	4.21221045817	4.13229548561	3.98855104602	3.79572127734	3.57063325418	3.32748584312	3.06741320861	2.81748262166	2.57773770397	2.35389289954	2.16900228207	2.01830017974	1.88671529179	1.76530516767	1.65504039043	1.54080603759	1.43002870527	1.32122525531	1.20333758427	1.07480621601	0.94456269563	0.81731816781	0.691207804447	0.571847900694	0.467799217121	0.370370128028	0.283093991916	0.21642911374	0.15799783331	0.110155722961	0.0763161814951	0.0525641604468	0.0355080718703	0.0229886411248	0.0142097720046	0.0090624102347	0.00575806570869	0.00354426393054	0.0019847878011	0.00105782646542	0.000523460518972	0.000239919404529	0.000130865129743	6.54325648715e-05	4.36217099143e-05	3.27162824357e-05	1.09054274786e-05	0.0	0.0	0.0	0.0	0.0	0.0	0.0	0.0	0.0
PD_181P_filtered_1	0.0	0.0	0.0	1.01855792162e-05	1.01855792162e-05	0.0	3.05567376486e-05	5.0927896081e-05	0.000193526005108	0.000611134752972	0.00153802246165	0.00319827187389	0.00618264658424	0.0113365496676	0.0197600236794	0.0332864728786	0.0535761466772	0.0820855829034	0.120373175177	0.169549151633	0.229694996905	0.301961681444	0.387561289177	0.489641164081	0.599950986993	0.703029048661	0.810130414119	0.929077608206	1.05471672784	1.17928636165	1.29734741035	1.42773300989	1.56630781513	1.70914019248	1.8651221526	2.0366473066	2.21884694762	2.40351149881	2.58875662801	2.77207668274	2.94277680483	3.08857318573	3.21220574626	3.29333388471	3.30414078426	3.28735494971	3.24775341772	3.16424185373	3.06355740317	2.94194158733	2.81857385187	2.69855717196	2.58159616582	2.47806993867	2.38566636402	2.30995695371	2.25052409898	2.20101199841	2.14405423943	2.08400006437	2.02211248506	1.95163846246	1.85847096937	1.73418653177	1.60203882702	1.45249415297	1.28734517156	1.12652506131	0.961864987703	0.800749495661	0.653649360621	0.521766480929	0.403827659185	0.304151580975	0.228615325508	0.168917645722	0.120923196455	0.0832263677756	0.0551549114557	0.0353235887218	0.0224082742756	0.0148302033388	0.00910590781929	0.00516408866262	0.00272973522994	0.00142598109027	0.000672248228269	0.000244453901189	0.000101855792162	6.11134752972e-05	2.03711584324e-05	2.03711584324e-05	1.01855792162e-05	0.0	0.0	0.0	0.0	0.0	0.0	0.0	0.0
PD_181P_filtered_2	0.0	0.0	0.0	0.0	0.0	0.0	0.0	2.03720963396e-05	0.000112046529868	0.00056023264934	0.0015177211773	0.00339195404055	0.00607088470921	0.0107768389637	0.0189460495959	0.0324833076136	0.0520405200996	0.0799910362776	0.117638670313	0.16624649218	0.226955339272	0.297106653017	0.383199132149	0.486261567531	0.591707538185	0.695666345806	0.804178316959	0.920971545274	1.03961863436	1.15733879306	1.28024365027	1.40900548519	1.54445955375	1.68086092479	1.82573708791	2.00154827932	2.18637412336	2.37262601415	2.5724049769	2.76458514772	2.93987685068	3.07893678029	3.19342796172	3.28281053441	3.3204479824	3.30994616674	3.27076043943	3.19796075316	3.08423352534	2.95958685389	2.84030822982	2.72388169924	2.60732275003	2.49163980096	2.39870229746	2.33304303096	2.26572343861	2.20595170795	2.15904495612	2.10201327242	2.04039786704	1.95799273735	1.8577925815	1.74882223818	1.61524240248	1.46248223808	1.29240579179	1.12792148594	0.967297692351	0.806908177869	0.656103734715	0.518276316929	0.401157135072	0.305836096299	0.228014688281	0.165604771145	0.1185452286	0.0831996414511	0.0567566604022	0.0362725175327	0.0227658176596	0.0147392117017	0.00888223400408	0.00478744263982	0.00283172139121	0.001619581659	0.000641721034699	0.000305581445095	0.000101860481698	1.01860481698e-05	0.0	1.01860481698e-05	1.01860481698e-05	0.0	0.0	0.0	0.0	0.0	0.0	0.0	0.0
PD_182S_filtered_1	0.0	0.0	0.0	0.0	0.0	0.0	0.0	0.0	0.0	0.0	0.0	0.000888225680381	0.00355290272152	0.00266467704114	0.00266467704114	0.00710580544305	0.0124351595253	0.0275349960918	0.0399701556171	0.0603993462659	0.09326369644	0.122575143893	0.175868684715	0.246038513466	0.321537696298	0.395260427769	0.509841540539	0.675051517089	0.81627940027	0.957507283451	1.14225822497	1.35099125986	1.51353655937	1.69828750089	1.91590279258	2.15394727492	2.49236125915	2.8565337881	3.08569601364	3.38502806793	3.68702479926	3.76785333618	3.91973992752	4.12403183401	4.16222553826	4.11959070561	4.09027925815	3.97303346834	3.72077737512	3.50671498614	3.33084630143	3.1238897179	2.87518652739	2.5580899595	2.33514531372	2.11575357067	1.89014424785	1.64144105734	1.45491366446	1.43181979677	1.33766787465	1.2133162794	1.23196901869	1.2586157891	1.15114048177	0.995700987707	0.890002131742	0.831379236836	0.685710225254	0.540929439352	0.504512186456	0.429901229304	0.310878988133	0.23271512826	0.172315781994	0.114581112769	0.0683933773893	0.0497406381013	0.0346408015349	0.0177645136076	0.0133233852057	0.00621757976267	0.00266467704114	0.00532935408229	0.00355290272152	0.00177645136076	0.00177645136076	0.0	0.0	0.0	0.0	0.0	0.0	0.0	0.0	0.0	0.0	0.0	0.0	0.0	0.0
PD_182S_filtered_2	0.0	0.0	0.0	0.0	0.0	0.0	0.0	0.0	0.0	0.0	0.0	0.000887374436517	0.00177474887303	0.00177474887303	0.0053242466191	0.00887374436517	0.0115358676747	0.0283959819686	0.0408192240798	0.0541298406276	0.0896248180882	0.124232421112	0.162389521883	0.220068860256	0.310581052781	0.423277606219	0.53242466191	0.670855074007	0.819933979342	0.965463386931	1.17222163064	1.33727327583	1.48369005786	1.68068718276	1.92737727612	2.29208816952	2.61243034111	2.78369360735	3.0667660526	3.47229617009	3.7056756469	3.86007879885	4.0144819508	4.06683704256	4.14581336741	4.20792957796	4.11298051326	3.89823589962	3.62847407092	3.51400276861	3.39509459411	3.09782415788	2.72778901785	2.43584282824	2.2574805665	2.04451070174	1.84130195577	1.68956092713	1.58662549249	1.45263195258	1.3390480247	1.26007169985	1.18996911937	1.14826252085	1.11365491783	1.06662407269	0.949490647073	0.83324459589	0.748056649984	0.599865119086	0.434813473893	0.346963404678	0.287509317432	0.237816348987	0.164164270756	0.0976111880169	0.0727647037944	0.0505803428815	0.0337202285877	0.0195222376034	0.00709899549214	0.00354949774607	0.00354949774607	0.00177474887303	0.00354949774607	0.00266212330955	0.0	0.0	0.0	0.0	0.0	0.0	0.0	0.0	0.0	0.0	0.0	0.0	0.0	0.0	0.0
PD_183P_filtered_1	0.0	0.0	0.0	0.0	0.0	0.0	7.42957395405e-06	7.42957395405e-05	0.000133732331173	0.000260035088392	0.000490351880968	0.000794964413084	0.0014710556429	0.002748942363	0.00435373033708	0.00662717996702	0.00978474889749	0.0146436902634	0.0222515739924	0.0336039629942	0.0497335680484	0.0708781355217	0.0996231571499	0.137239090079	0.184520898723	0.241951505388	0.311789500556	0.398462910304	0.499297088008	0.610606964988	0.742273874602	0.888955953176	1.04460552751	1.22328678111	1.42328348238	1.64421672305	1.87768365498	2.11211643153	2.35583617552	2.61428876466	2.86083174675	3.08654963305	3.29668027319	3.46749360797	3.58778583986	3.67093763155	3.7107452888	3.69520262008	3.63936194225	3.53693783571	3.40070173812	3.23791977279	3.0666235157	2.90633788722	2.7347072993	2.57247512244	2.44523623891	2.3392385073	2.2455070023	2.15781574092	2.07940401741	2.01224809844	1.94752907972	1.86876816624	1.76261441358	1.63519722027	1.48725211412	1.33207803252	1.16802561004	0.992821397054	0.830344044253	0.678944186217	0.533844606895	0.408552271733	0.305050876979	0.222292852705	0.157090911685	0.10704530153	0.0713833465505	0.0459519149058	0.0285369935575	0.0174892170878	0.0104905584231	0.00553503259577	0.00250376642252	0.00114415438892	0.000490351880968	0.000230316792576	9.65844614027e-05	3.71478697703e-05	2.22887218622e-05	0.0	0.0	0.0	0.0	0.0	0.0	0.0	0.0	0.0	0.0
PD_183P_filtered_2	0.0	0.0	0.0	0.0	0.0	0.0	1.48594879391e-05	5.94379517563e-05	0.000126305647482	0.000245181550995	0.000460644126111	0.000750404140923	0.00144137033009	0.00249639397376	0.00395262379179	0.00605524133517	0.00974782408803	0.0153201320652	0.0223040913965	0.032683443722	0.0482636168261	0.0685691070949	0.098540694268	0.136699859296	0.183514676048	0.242603429837	0.311075950261	0.395604147402	0.495742236623	0.608154262882	0.738984624442	0.881464824546	1.03878222336	1.21475570928	1.41223087424	1.62734425139	1.85604663026	2.10292216288	2.35203404844	2.59767624356	2.84360819869	3.07901220662	3.27844139425	3.4514281231	3.59835131009	3.68016765069	3.7031849975	3.69625304638	3.64975027888	3.55185597233	3.41855150603	3.26121924773	3.08902007175	2.91141204216	2.74332894434	2.59506097368	2.4574844046	2.34577820401	2.25507588963	2.17016134581	2.09080425047	2.02057088072	1.95725460261	1.87378885886	1.76949754276	1.64200313624	1.48741988321	1.32927778282	1.16569710984	0.995697138077	0.825399976552	0.666232571492	0.527831300828	0.404423253494	0.301045795902	0.216658763896	0.152012561617	0.10526461256	0.0705454189908	0.0462278669785	0.0291840343123	0.0172072870334	0.00990384871139	0.00557973772112	0.00280844322048	0.00109217236352	0.000445784638172	0.000178313855269	7.42974396954e-05	4.45784638172e-05	1.48594879391e-05	0.0	0.0	0.0	0.0	0.0	0.0	0.0	0.0	0.0	0.0
PD_184S_filtered_1	0.0	0.0	0.0	0.0	0.0	0.0	0.0	1.34567333726e-05	2.69134667452e-05	6.05553001767e-05	0.000168209167157	0.000376788534433	0.000773762168924	0.00162826473808	0.00286628420836	0.00510010194821	0.00923804746028	0.01600005598	0.0260926060095	0.0404105703179	0.0602928938759	0.0870717932874	0.124239290862	0.175031730977	0.241023551436	0.323028884609	0.420421992393	0.540254203076	0.68203434589	0.842122374457	1.02955448524	1.23638447717	1.45890502022	1.70736341685	1.98218355415	2.27524429354	2.57521506551	2.87811940536	3.18552502253	3.48136457736	3.75620489976	4.00969611466	4.21666067393	4.3639849909	4.44645458137	4.45678262424	4.38726513963	4.2491452283	4.0567072127	3.8049317313	3.52751444446	3.22842508852	2.90952069269	2.60736992991	2.33044381383	2.0797852413	1.86227060307	1.68472919131	1.53383211164	1.40618153887	1.29541243811	1.19221947824	1.098230924	1.00179324429	0.901372371496	0.801261003571	0.69823625287	0.598515130213	0.503732628703	0.411829868135	0.326164303485	0.250079932996	0.187102420813	0.135442021395	0.0952198453445	0.0658168829253	0.0433710516599	0.0276064885139	0.017480296651	0.0102876726633	0.00557781598294	0.00321615927605	0.00193776960565	0.000915057869336	0.000497899134786	0.000275863034138	0.000174937533844	0.000121110600353	5.38269334904e-05	1.34567333726e-05	0.0	0.0	0.0	0.0	0.0	0.0	0.0	0.0	0.0	0.0	0.0
PD_184S_filtered_2	0.0	0.0	0.0	0.0	0.0	0.0	0.0	0.0	0.0	2.69169367557e-05	0.000168230854723	0.000450858690658	0.000921905083883	0.00166885007885	0.00294740457475	0.00513440568615	0.00933344782004	0.0159953896671	0.0250529388854	0.039608272436	0.0590423007736	0.0862620530678	0.123158444126	0.172826921674	0.238194702585	0.319840501	0.418208446373	0.535828730761	0.67518444158	0.837984804313	1.02147756218	1.22364394491	1.4461528026	1.69082102848	1.96504405091	2.24975122021	2.54788321172	2.86450040954	3.16787447448	3.46562962887	3.75948855667	4.01889380542	4.23128189489	4.37505198333	4.44903318401	4.46148899649	4.40235921567	4.26786201194	4.06885164004	3.81682163196	3.53167706244	3.23577244745	2.928677116	2.6261576638	2.33991622911	2.08064556504	1.86570709582	1.69185060131	1.54273077168	1.41105311708	1.29909211864	1.19638381721	1.10183807686	1.00599359431	0.902699849507	0.805798877187	0.704032668548	0.597811706876	0.49924861371	0.406950437575	0.319927981044	0.246020801947	0.186756436445	0.136415035478	0.0967192829974	0.0663166029318	0.0439217115511	0.0281281989097	0.0170720671373	0.00981795268164	0.0057131198264	0.00332424168933	0.0017630593575	0.00110359440698	0.000659464950515	0.000242252430801	0.000148043152156	9.42092786449e-05	2.69169367557e-05	2.01877025668e-05	1.34584683778e-05	6.72923418892e-06	0.0	0.0	0.0	0.0	0.0	0.0	0.0	0.0	0.0
PD_188S_filtered_1	0.0	0.0	0.0	0.0	0.0	1.27845162122e-05	1.27845162122e-05	7.6707097273e-05	0.00017898322697	0.000306828389092	0.000664794843033	0.00132958968607	0.00279980905047	0.00469191744987	0.00781133940564	0.0128228697608	0.019585878837	0.0304655021336	0.0439915202861	0.0613784623346	0.0877529192804	0.118525249803	0.158796475871	0.211890571701	0.27669528438	0.346767217739	0.424637705987	0.519959058865	0.624817660838	0.742358502892	0.876289094731	1.02544604538	1.18741308127	1.36064327595	1.56008172886	1.7843860658	2.02417245187	2.27513250512	2.52014775832	2.78290792003	3.04997646371	3.28420158523	3.49797148081	3.67758114908	3.79622145953	3.8615759064	3.88261922009	3.84372872177	3.75038896891	3.61511600286	3.45670306248	3.26198209605	3.0511526392	2.86375720056	2.68652545231	2.51535356475	2.3545243508	2.2236236893	2.11193815567	1.99980516397	1.89457581103	1.79407672909	1.69150655552	1.57932242575	1.45656550109	1.32800440606	1.19385647744	1.05161595006	0.910513244631	0.770190394686	0.627157227304	0.502175796814	0.393558547076	0.292918835453	0.209205823296	0.14881176871	0.103976470354	0.0684610843162	0.0432116647971	0.0265534401727	0.0154436955843	0.00843778070003	0.00470470196608	0.00267196388834	0.00127845162122	0.000664794843033	0.000498596132275	0.000255690324243	7.6707097273e-05	1.27845162122e-05	0.0	0.0	0.0	0.0	0.0	0.0	0.0	0.0	0.0	0.0	0.0
PD_188S_filtered_2	0.0	0.0	0.0	0.0	0.0	1.27856865773e-05	1.27856865773e-05	2.55713731546e-05	0.000102285492618	0.000306856477855	0.000690427075174	0.00141921121008	0.00274892261412	0.00466677560072	0.00700655624436	0.0121336165619	0.0202908845982	0.0293303650083	0.0422439084514	0.060374012018	0.0844494598431	0.117462102586	0.157225587841	0.206923551567	0.268627274989	0.338731194493	0.42167194332	0.514905169841	0.622547865136	0.737018117062	0.857970712083	1.0012215445	1.1613366975	1.3481355784	1.55034121162	1.75850497478	1.99307118073	2.24080664385	2.5018520067	2.77483920081	3.03649827662	3.26891648722	3.47782182021	3.65737121681	3.78639158006	3.86487012427	3.88239930057	3.84368424162	3.75763657095	3.62871849319	3.47279704538	3.29421936096	3.08803737921	2.87956675957	2.69763922526	2.53239701193	2.3775495618	2.2341836582	2.11851155174	2.01792655544	1.90761165165	1.8012603107	1.699141032	1.59241890614	1.47779522598	1.34890271959	1.20208468063	1.05947313254	0.918728294699	0.773342252628	0.633722555204	0.50459990646	0.38969494119	0.29144972553	0.21266432484	0.151050101224	0.105737627994	0.070449133041	0.04340740593	0.0258270868862	0.0150103960418	0.00860476706653	0.00485856089938	0.0029279222262	0.0015214967027	0.000741569821484	0.000409141970474	0.000230142358391	0.000127856865773	3.83570597319e-05	0.0	1.27856865773e-05	1.27856865773e-05	0.0	0.0	0.0	0.0	0.0	0.0	0.0	0.0
PD_189P_filtered_1	0.0	0.0	0.0	0.0	0.0	0.0	0.0	1.09927944431e-05	5.49639722155e-05	0.000109927944431	0.000197870299976	0.000560632516598	0.00101133708877	0.00178083269978	0.00388045643841	0.00744212183798	0.0121360450652	0.0198529867642	0.0321319381572	0.0495775029384	0.0732010181966	0.106322307854	0.152140275092	0.206829427447	0.271423087595	0.353572240468	0.449462386395	0.560764430131	0.689182254816	0.829988958837	0.989670290918	1.16096001393	1.34514428482	1.54966522544	1.77902988149	2.04011974231	2.31548924311	2.58664850364	2.86078681146	3.13701375023	3.40773329898	3.64101138985	3.81943543646	3.9390480328	3.99014254137	3.99064820991	3.9295502584	3.81017950354	3.64413334348	3.44166805542	3.23427799546	3.0241177513	2.80757069356	2.6053252614	2.41986582635	2.26322949833	2.13579003235	2.01706785236	1.90516120493	1.81262386131	1.72808927204	1.63873983881	1.54492733103	1.43829722493	1.32329060947	1.20084187217	1.06339896325	0.928473404253	0.799209134397	0.66650411988	0.549112068022	0.442690825018	0.346371960108	0.26431074959	0.196562157437	0.144027592793	0.10284858481	0.0714971350579	0.0482913459885	0.0312195362184	0.0189955487977	0.0112346359208	0.0070134028547	0.00437513218835	0.00251734992747	0.00136310651094	0.000659567666586	0.000230848683305	9.89351499879e-05	4.39711777724e-05	1.09927944431e-05	1.09927944431e-05	0.0	0.0	0.0	0.0	0.0	0.0	0.0	0.0	0.0
PD_189P_filtered_2	0.0	0.0	0.0	0.0	0.0	0.0	0.0	1.09943075873e-05	2.19886151746e-05	0.000109943075873	0.000197897536571	0.000428777995905	0.000967499067683	0.00181406075191	0.00349618981276	0.00699237962553	0.0117529148108	0.0195588731978	0.0323122699991	0.0490236175318	0.0717818342375	0.103951178238	0.146872955059	0.202053384839	0.268678888819	0.347837903447	0.444642781753	0.555509379464	0.680250793349	0.81608546359	0.968675458595	1.13665748422	1.32184560122	1.5198970581	1.74510445472	2.00691190129	2.27655828918	2.54984379288	2.83352991155	3.12788050859	3.4008911546	3.63111195547	3.81504672141	3.9445706591	4.01626453887	4.01970575715	3.95754394205	3.83556209937	3.66920723126	3.47405827159	3.26619989234	3.04644567229	2.81869859062	2.6220324165	2.44185770376	2.27772368578	2.14612182396	2.02786705156	1.91860562275	1.82440639534	1.73918951724	1.64806869595	1.54743779861	1.4413537247	1.32250525968	1.19555398997	1.07081257608	0.937836425812	0.800484541124	0.669795206834	0.548253136456	0.437485487514	0.341867994427	0.261180771044	0.195225919828	0.143398753861	0.10170833949	0.0693191093379	0.0460991317136	0.0305971580155	0.0190861179716	0.0112581709694	0.00694840239518	0.0046725807246	0.00257266797543	0.00115440229667	0.00057170399454	0.000208891844159	7.69601531111e-05	5.49715379365e-05	3.29829227619e-05	1.09943075873e-05	0.0	0.0	0.0	0.0	0.0	0.0	0.0	0.0	0.0
PD_190S_filtered_1	0.0	0.0	0.0	1.1112123549e-05	1.1112123549e-05	0.0	2.22242470981e-05	6.66727412942e-05	0.000144457606137	0.00045559706551	0.000866745636825	0.00153347304977	0.00311139459373	0.00550050115677	0.00904526856891	0.0146791152083	0.0220464531213	0.0308694792192	0.0432594969764	0.0608833249252	0.0844076904785	0.115399403057	0.153391753471	0.200084896624	0.258556890739	0.329496687476	0.411915307839	0.504634866732	0.61183352261	0.734022433155	0.864612109103	1.00924750922	1.1653839572	1.32655419716	1.51426018815	1.72556832956	1.93644309815	2.15115154936	2.38025020057	2.62041652684	2.84901513249	3.06227900764	3.2743649977	3.45011434375	3.57691478557	3.66211143682	3.6850801962	3.66773417134	3.60603966139	3.49810760536	3.37056265126	3.21152593903	3.04182158819	2.87302843148	2.71094699739	2.5766569843	2.45209007932	2.35105865201	2.27095135335	2.2026006814	2.13288321825	2.04880889148	1.96356779173	1.85252434111	1.71281161172	1.54649645857	1.37226947344	1.20560984445	1.02357103647	0.838343049033	0.679284112552	0.539426925564	0.412837614094	0.304416624626	0.221542407197	0.158936703122	0.107376449854	0.0726621758871	0.0488822314922	0.030702797366	0.0181905462498	0.0113454781436	0.00692285297105	0.00354476741214	0.00185572463269	0.00112232447845	0.000511157683256	0.000188906100334	0.000122233359039	7.77848648432e-05	2.22242470981e-05	0.0	0.0	0.0	0.0	0.0	0.0	0.0	0.0	0.0	0.0
PD_190S_filtered_2	0.0	0.0	0.0	0.0	0.0	0.0	0.0	5.55493710589e-05	0.000199977735812	0.000322186352142	0.000644372704283	0.00162204163492	0.00338851163459	0.00573269509328	0.00855460314307	0.013376288551	0.0202088611912	0.0285857063469	0.0418064566589	0.0598155627562	0.0844350440095	0.115276054821	0.15053879557	0.197266926504	0.255293799513	0.324908271324	0.407054681245	0.498766692864	0.605232617435	0.72426380974	0.852649516132	0.99912209774	1.15593797224	1.31995304523	1.50545461494	1.70817648968	1.92176382141	2.14639436809	2.36968062	2.59648870204	2.83394004356	3.06095921321	3.26334779172	3.43270671421	3.56241449563	3.65964811473	3.69897706944	3.6756018941	3.61719728537	3.51688623111	3.38287892837	3.23002927896	3.05568202296	2.87875727613	2.72263021384	2.58262357902	2.46805855615	2.36564773566	2.27759087266	2.21462010563	2.1399728608	2.05408242327	1.97394690058	1.85954852582	1.71687552119	1.56202609443	1.38276827402	1.20609905431	1.02641905868	0.844650406699	0.682912857924	0.539262184366	0.411620839547	0.305054926107	0.219542224299	0.155571568588	0.107776889728	0.0725141489803	0.0467503506832	0.0285857063469	0.0172203050283	0.0106988088659	0.00673258377234	0.00342184125723	0.00152205276701	0.000733251697978	0.000322186352142	0.00012220861633	5.55493710589e-05	2.22197484236e-05	0.0	0.0	0.0	0.0	0.0	0.0	0.0	0.0	0.0	0.0	0.0
PD_191P_filtered_1	0.0	0.0	0.0	0.0	0.0	0.0	0.0	0.0	0.0	0.0	0.0	0.00137748636289	0.00688743181443	0.00826491817731	0.0110198909031	0.0192848090804	0.0371921317979	0.0757617499587	0.0881591272246	0.114331368119	0.154278472643	0.217642845336	0.327841754367	0.454570499752	0.585431704226	0.77827979503	1.02209488126	1.23147280842	1.41192352196	1.69706319907	1.95740812166	2.14061380792	2.40371370323	2.76599261667	3.1806160119	3.49881536173	3.72472312524	4.06082979779	4.35010193399	4.58427461568	4.75232795195	4.66554631109	4.54570499752	4.39969144305	4.1903135159	3.92032618877	3.57595459805	3.2660201664	2.91751611659	2.64201884401	2.43815086231	2.21086561243	1.97393795801	1.76593751722	1.62818888093	1.41054603559	1.24387018569	1.03862471762	0.882968758609	0.865061435892	0.789299685933	0.64466361783	0.552372031517	0.527577276985	0.427020772494	0.331974213455	0.312689404375	0.264477381674	0.227285249876	0.201113008981	0.134993663563	0.106066449942	0.0922915863133	0.0592319136041	0.0289272136206	0.0137748636289	0.0137748636289	0.0137748636289	0.00826491817731	0.00137748636289	0.0	0.00137748636289	0.00137748636289	0.0	0.00137748636289	0.00137748636289	0.0	0.0	0.0	0.0	0.0	0.0	0.0	0.0	0.0	0.0	0.0	0.0	0.0	0.0	0.0
PD_191P_filtered_2	0.0	0.0	0.0	0.0	0.0	0.0	0.0	0.0	0.0	0.0	0.00137927229594	0.00275854459187	0.00551708918375	0.00965490607156	0.0137927229594	0.0234476290309	0.0455159857659	0.064825797909	0.0882734269399	0.128272323522	0.17654685388	0.238614107197	0.35309370776	0.508951477201	0.613776171692	0.762737579653	1.00548950374	1.22893161568	1.4606493614	1.71995255303	1.96684229401	2.24407602549	2.56820501503	2.8854376431	3.14474083474	3.37232076357	3.61369341535	4.03023364873	4.29643320184	4.49918622935	4.73917960884	4.84676284792	4.70883561833	4.30884665251	4.05643982235	3.82334280434	3.51162726545	3.23853135086	2.94474635182	2.64268571901	2.42200215166	2.1737331384	1.85098342115	1.67581583956	1.59030095721	1.40685774186	1.25099997241	1.07307384624	0.921353893686	0.877217180216	0.776530302612	0.619293260876	0.56688091363	0.52274420016	0.463435491435	0.408264599597	0.329646078729	0.29516427133	0.237234834901	0.175167581584	0.13930650189	0.100686877603	0.0703428870928	0.0482745303578	0.0386196242862	0.0275854459187	0.0151719952553	0.00827563377562	0.00551708918375	0.00413781688781	0.00275854459187	0.00275854459187	0.00413781688781	0.00137927229594	0.0	0.0	0.0	0.0	0.0	0.0	0.0	0.0	0.0	0.0	0.0	0.0	0.0	0.0	0.0	0.0	0.0
PD_192S_filtered_1	0.0	0.0	0.0	0.0	0.0	0.0	0.0	0.0	0.0	0.0	0.0	0.0	0.0	0.0538502961766	0.0538502961766	0.0807754442649	0.16155088853	0.269251480883	0.350026925148	0.32310177706	0.592353257943	1.13085621971	1.34625740442	1.40010770059	1.02315562736	0.915455035003	1.42703284868	1.31933225633	1.56165858912	2.01938610662	1.77705977383	1.91168551427	2.36941303177	2.15401184707	1.96553581045	1.88476036618	2.04631125471	2.47711362412	2.55788906839	2.90791599354	3.12331717824	2.9886914378	2.93484114163	3.01561658589	3.20409262251	2.88099084545	2.69251480883	2.7732902531	2.20786214324	2.3155627356	2.93484114163	2.93484114163	2.47711362412	2.34248788368	2.55788906839	2.45018847604	2.36941303177	2.10016155089	1.96553581045	1.88476036618	1.58858373721	1.64243403339	1.29240710824	0.807754442649	1.21163166397	1.21163166397	0.807754442649	0.726978998384	0.619278406031	0.64620355412	0.457727517501	0.215401184707	0.16155088853	0.107700592353	0.0807754442649	0.0807754442649	0.0538502961766	0.0269251480883	0.0269251480883	0.0	0.0	0.0	0.0	0.0	0.0	0.0	0.0	0.0	0.0	0.0	0.0	0.0	0.0	0.0	0.0	0.0	0.0	0.0	0.0	0.0	0.0
PD_192S_filtered_2	0.0	0.0	0.0	0.0	0.0	0.0	0.0	0.0	0.0	0.0	0.0	0.0	0.0	0.02679528403	0.05359056806	0.10718113612	0.21436227224	0.32154340836	0.32154340836	0.37513397642	0.56270096463	0.8038585209	1.20578778135	1.50053590568	1.52733118971	1.36655948553	1.47374062165	1.6077170418	1.31296891747	1.39335476956	1.66130760986	2.06323687031	2.30439442658	2.00964630225	2.19721329046	2.11682743837	1.74169346195	1.98285101822	2.43837084673	3.08145766345	3.32261521972	2.78670953912	2.54555198285	2.81350482315	3.2154340836	2.97427652733	2.59914255091	3.05466237942	2.86709539121	2.59914255091	2.59914255091	2.65273311897	2.70632368703	2.49196141479	2.43837084673	2.27759914255	2.09003215434	2.1436227224	2.06323687031	2.00964630225	1.71489817792	1.31296891747	1.20578778135	0.93783494105	1.01822079314	1.25937834941	1.01822079314	0.58949624866	0.58949624866	0.61629153269	0.40192926045	0.24115755627	0.34833869239	0.34833869239	0.13397642015	0.05359056806	0.08038585209	0.05359056806	0.02679528403	0.02679528403	0.0	0.0	0.0	0.0	0.0	0.0	0.0	0.0	0.0	0.0	0.0	0.0	0.0	0.0	0.0	0.0	0.0	0.0	0.0	0.0	0.0
PD_193P_filtered_1	0.0	0.0	0.0	0.0	0.0	0.0	0.0	8.91697052069e-05	0.000237785880552	0.000535018231242	0.00121865263783	0.0021995193951	0.00388383604901	0.00733173131701	0.0123252348086	0.0195380731853	0.0312589355475	0.0468140952336	0.0672834964511	0.0935588362521	0.127760372071	0.173444984373	0.228700478366	0.295171539725	0.374324514714	0.468299476257	0.579920131686	0.701706133508	0.838512276786	0.983640925883	1.13421883474	1.29217801364	1.45727076896	1.6255141872	1.80697453729	1.99905599005	2.18136840622	2.36849598647	2.56071614766	2.74652599782	2.92959140261	3.09988572407	3.25537787446	3.39031145393	3.494174345	3.57202940539	3.60205978056	3.595708916	3.54709161117	3.46400526141	3.36310478609	3.23362046639	3.08929434464	2.93109737986	2.77097831254	2.61463409608	2.46719694239	2.32996476608	2.19176163075	2.06547751269	1.94785276378	1.82530386559	1.69698865979	1.55665535929	1.40282771006	1.24059829305	1.071998196	0.90919412978	0.755386296043	0.609722628715	0.482120780564	0.367854757214	0.271858615686	0.198263885655	0.141918539709	0.0998106233616	0.0669466331204	0.0439012181969	0.0291882168377	0.0183194205475	0.0108093498201	0.00624187936449	0.00386402055897	0.00243730527566	0.00127809910797	0.000653911171518	0.000257601370598	0.00019815490046	9.90774502299e-05	9.90774502299e-06	0.0	0.0	0.0	0.0	0.0	0.0	0.0	0.0	0.0	0.0	0.0
PD_193P_filtered_2	0.0	0.0	0.0	0.0	0.0	0.0	2.97190067908e-05	6.93443491785e-05	0.000138688698357	0.000425972430668	0.00109960325126	0.00204070513297	0.00380403286922	0.00699387293143	0.0116399443264	0.0190895086953	0.0304322629538	0.0450540142948	0.0643911813801	0.0917524802988	0.126880346325	0.170676256	0.223902997162	0.291375048913	0.374786394639	0.46873808144	0.575756224894	0.698238158214	0.828060686212	0.969315125489	1.12353695806	1.28418800244	1.44644387318	1.61612949562	1.7930071177	1.97178675622	2.16077982674	2.35249713955	2.53629929021	2.72643158932	2.91104605951	3.08477346687	3.24512732118	3.3690555795	3.4761430673	3.56525055599	3.60198324839	3.59159150235	3.55074768068	3.48336478595	3.3839745209	3.25950141413	3.11183757572	2.95368292792	2.79862896315	2.63389650851	2.48029877508	2.33755838547	2.20895433675	2.08860226558	1.96297011754	1.84383652565	1.71568816837	1.56318013185	1.40649162172	1.24828744223	1.07914666825	0.914503370631	0.757378981728	0.610368961469	0.481408284668	0.369615287457	0.274613529083	0.197621488823	0.141095937907	0.0985878518607	0.0656492860009	0.0431619041958	0.0287283732311	0.0190300706817	0.0116894760044	0.00658771317196	0.00374459485564	0.00237752054326	0.00131754263439	0.00061419280701	0.000267471061117	0.000118876027163	7.92506847754e-05	2.97190067908e-05	0.0	0.0	0.0	0.0	0.0	0.0	0.0	0.0	0.0	0.0	0.0
PD_194S_filtered_1	0.0	0.0	0.0	0.0	1.36399856726e-05	1.36399856726e-05	0.0	2.72799713451e-05	6.81999283628e-05	0.00010911988538	0.000327359656141	0.000886599068716	0.00171863819474	0.00334179648978	0.00533323439797	0.00844315113131	0.0127397466182	0.0188095402425	0.0284393701273	0.0418338360577	0.0611071358131	0.0885644269719	0.120127353818	0.160692671208	0.212565536721	0.272608753652	0.346482916054	0.434160743958	0.534428278637	0.642634284977	0.763825557678	0.907331846939	1.06371428267	1.23006754794	1.41243415638	1.61088230793	1.82653048141	2.04534313157	2.26276450319	2.49182078259	2.72020870269	2.92400372863	3.10463805889	3.27215072293	3.40849601972	3.50328028015	3.55002451105	3.54358643782	3.50722223601	3.45384897208	3.37241825761	3.26429409119	3.14808141326	3.0250351025	2.89133596294	2.77006285033	2.66590791973	2.57188749849	2.49160254282	2.40462035419	2.31942500368	2.22279934517	2.11174258183	1.98131703882	1.81384529474	1.64200875523	1.45714602941	1.26737290875	1.0834922619	0.902366892154	0.732399030688	0.58194998872	0.458890037982	0.350097512258	0.259350687578	0.190700639688	0.137491055579	0.0976486574299	0.0661948504689	0.043197834625	0.0296806088235	0.0193824196407	0.0116076278073	0.00727011236347	0.00425567552984	0.00248247739241	0.00136399856726	0.000804759154681	0.000463759512867	0.000245519742106	9.54798997079e-05	1.36399856726e-05	0.0	0.0	0.0	0.0	0.0	0.0	0.0	0.0	0.0
PD_194S_filtered_2	0.0	0.0	0.0	0.0	0.0	0.0	0.0	4.0921564546e-05	6.82026075767e-05	0.000245529387276	0.000572901903644	0.000982117549104	0.00162322206032	0.00279630691064	0.00491058774552	0.00819795343071	0.012412874579	0.018264658309	0.0278266638913	0.0420810088748	0.0611913795178	0.0829889328993	0.114266648734	0.155965723006	0.202834554933	0.264626117397	0.337971201585	0.419023180429	0.518326177061	0.629701035234	0.751810983839	0.890139512526	1.04337713123	1.20601306926	1.38541320823	1.576735163	1.78606260617	2.01084476023	2.23107098009	2.47114415876	2.70023671761	2.89938833173	3.09442050836	3.26960572618	3.40678845106	3.49095046881	3.54163864676	3.5623313179	3.52870743237	3.47923326083	3.40883452929	3.2887024563	3.15392046321	3.03336553406	2.9134380689	2.80123113891	2.70589753404	2.5964459894	2.49931183569	2.41993764099	2.33116512697	2.23914616883	2.12785315378	1.98871983433	1.83576866658	1.66373440922	1.46862038947	1.27883981363	1.09272853807	0.909277164212	0.740502991503	0.588452098171	0.456630098247	0.347860579684	0.261747967358	0.191853935113	0.139938110226	0.0981708333458	0.0654199411875	0.0437997145857	0.0286041736176	0.018210096223	0.0116899269386	0.00763869204859	0.00474690148734	0.00238709126518	0.00120036589335	0.000709307118797	0.000368294080914	0.000190967301215	8.1843129092e-05	2.72810430307e-05	0.0	0.0	0.0	0.0	0.0	0.0	0.0	0.0	0.0
PD_195_filtered_1	0.0	0.0	0.0	0.0	9.08179592151e-06	9.08179592151e-06	6.35725714506e-05	0.00036327183686	0.000744707265564	0.00175278661285	0.00395966302178	0.00746523624748	0.0135046305353	0.0221505002526	0.0339931621342	0.0507763209972	0.0723728316985	0.0972569525235	0.126454926411	0.163544980955	0.209789485787	0.262427574948	0.324283686969	0.402750403731	0.48759254123	0.577438748281	0.672016571008	0.776012216105	0.889707219247	1.0000328761	1.10537262699	1.20203926278	1.28658170102	1.36035312929	1.42826679919	1.47601888214	1.51855801424	1.56436659287	1.60529824709	1.65103417135	1.70417175928	1.76850720159	1.8484360875	1.93714707006	2.03259674519	2.13013523339	2.23212380159	2.34728097387	2.45936849914	2.56548020268	2.66837695047	2.77485192586	2.88273457961	2.97680382177	3.06582358539	3.14416315701	3.19817259735	3.23853209843	3.25298123574	3.24102959231	3.20513833482	3.12290267275	3.006119859	2.84571717943	2.6393787761	2.3984296485	2.12547627208	1.84712830888	1.57098722209	1.30133961939	1.05506855939	0.8312476989	0.6355168332	0.477430011594	0.348922599304	0.247324548331	0.17099205361	0.115574934897	0.0748430801892	0.0471436026286	0.0294976731531	0.0178366471898	0.0104803924934	0.00596673992043	0.003124137797	0.0016892140414	0.000826443428857	0.000435926204233	0.000190717714352	8.17361632936e-05	8.17361632936e-05	2.72453877645e-05	0.0	0.0	0.0	0.0	0.0	0.0	0.0	0.0	0.0
PD_195_filtered_2	0.0	0.0	0.0	0.0	0.0	1.81703048159e-05	9.99366764877e-05	0.000327065486687	0.000835834021534	0.00186245624363	0.00378850855413	0.00757701710825	0.0134641958686	0.0223313046188	0.034650771284	0.051240259581	0.0715364900604	0.0963117006769	0.126519832433	0.162397099293	0.207532136455	0.262170243037	0.326047949617	0.402017994053	0.487263979097	0.578442568663	0.677216345643	0.781695598335	0.891180770003	0.9988852518	1.0971775157	1.19082726672	1.28126995894	1.35559559079	1.41585740672	1.47047734299	1.5135046248	1.55658641752	1.59488033492	1.63420995969	1.69011090246	1.75615087531	1.82853228454	1.91063480685	2.00925413624	2.11263408549	2.22408165008	2.33841829314	2.44950245163	2.56626483038	2.67270647599	2.77769449721	2.88795190684	2.98745249601	3.07527866434	3.15264782224	3.21688893492	3.25589149421	3.27514293216	3.26563986274	3.21015683699	3.12843589108	3.02237582187	2.85944269858	2.64764962565	2.40724740778	2.13969875452	1.86254709516	1.58008062164	1.30596340319	1.05392310509	0.829465329696	0.637159908676	0.477397503582	0.346389605859	0.244390599775	0.171564018072	0.115199732533	0.0734716275233	0.0468793864251	0.029817470203	0.0181521345111	0.0109294383468	0.0062687551615	0.00329791032409	0.00160807197621	0.000899430088389	0.000472427925215	0.000254384267423	9.99366764877e-05	5.45109144478e-05	2.72554572239e-05	0.0	0.0	0.0	0.0	0.0	0.0	0.0	0.0	0.0
PD_196_filtered_1	0.0	0.0	0.0	0.0	0.0	7.77847040735e-06	7.77847040735e-06	3.11138816294e-05	0.00011667705611	0.000217797171406	0.000334474227516	0.000653391514218	0.00119788444273	0.00234909806302	0.00420815249038	0.00735843300536	0.012258869362	0.0187616706225	0.0293559473174	0.0443450597923	0.064981341783	0.0924704562026	0.128329204781	0.17682796777	0.234948698654	0.30055231807	0.380686120206	0.47889708757	0.594547385586	0.722020958622	0.856922970897	1.01546375474	1.19368406871	1.38096630071	1.59470311056	1.82895952535	2.07750499028	2.33830932457	2.61464726426	2.89249422721	3.15784896668	3.40566325539	3.62544393675	3.81516082999	3.95066178448	4.00945924229	4.01145053072	3.97149252823	3.87684410032	3.7413742597	3.58309016538	3.40140065361	3.20728114612	3.02929418626	2.84408880586	2.65989462662	2.49194967205	2.32339799679	2.15703985019	2.00050591172	1.85579524826	1.70907773943	1.56327031165	1.41064116531	1.25697748242	1.1141492088	0.968528464301	0.826672499482	0.696344227807	0.568792870067	0.452660306886	0.352100241459	0.265984795579	0.1962974792	0.138472330192	0.0957840845962	0.0655647270636	0.0426493532435	0.0274346651267	0.0168403884319	0.00996422059182	0.00593497292081	0.00339919156801	0.0020146238355	0.00111232126825	0.000544492928515	0.000241132582628	0.00011667705611	9.33416448882e-05	3.88923520368e-05	1.55569408147e-05	1.55569408147e-05	7.77847040735e-06	0.0	0.0	0.0	0.0	0.0	0.0	0.0	0.0
PD_196_filtered_2	0.0	0.0	0.0	0.0	0.0	0.0	0.0	3.11137460997e-05	0.000101119674824	0.000171125603548	0.000388921826246	0.000801178962067	0.00130677733619	0.00235686626705	0.00450371474793	0.00759953248485	0.011869894137	0.0188704870095	0.0294413822468	0.0439870585484	0.0646310290856	0.0915055272792	0.126967419396	0.174571450929	0.232341898999	0.301188840682	0.382815753574	0.474259053361	0.584222810514	0.71177361265	0.85263331968	1.00767311649	1.17765528987	1.36557453788	1.58225066572	1.81848178298	2.06347141977	2.31771739602	2.58805695745	2.87169764533	3.15265477261	3.40585065993	3.62186562066	3.81707326369	3.95794074916	4.0270132655	4.02813336036	3.97688902053	3.88648025281	3.7550168971	3.60010155527	3.4179616856	3.23124809526	3.04854039972	2.85614855071	2.6716984854	2.49571135902	2.32819495002	2.16666793714	2.00982354306	1.85897632353	1.70736681722	1.56400245363	1.42021805447	1.26518603609	1.11505443272	0.963701614819	0.820873963348	0.689838421649	0.565445664743	0.451577132454	0.349640721795	0.264132369077	0.193574171359	0.137289404665	0.0950602727711	0.0648488253083	0.0421046769094	0.0266955941535	0.0163347167023	0.00959081223523	0.00541379182135	0.00313470991954	0.00188238163903	0.00105008893086	0.000544490556745	0.000287802151422	0.000132233420924	5.44490556745e-05	1.55568730498e-05	1.55568730498e-05	1.55568730498e-05	7.77843652492e-06	0.0	0.0	0.0	0.0	0.0	0.0	0.0	0.0
PD_197_filtered_1	0.0	0.0	0.0	0.0	9.33996171736e-06	1.86799234347e-05	1.86799234347e-05	8.40596554563e-05	0.000252178966369	0.000616437473346	0.00131693460215	0.00292340801754	0.00604295523114	0.0112266339843	0.0186145437027	0.0306630943181	0.0485491210069	0.0733093595196	0.107306820171	0.151129920549	0.205254998701	0.272054404903	0.351051801109	0.440743453481	0.537496116911	0.636135452608	0.728862592538	0.823485744697	0.919649990539	1.01067725744	1.09741748191	1.17475236493	1.24778152559	1.32376211416	1.41020345986	1.5054150296	1.61323554767	1.74298629585	1.88239456444	2.02722935079	2.1801992438	2.33335593604	2.48580279119	2.62483746132	2.7401673086	2.83866654487	2.90003009336	2.93338309665	2.9590866713	2.95069938567	2.92044724967	2.88574929189	2.84728732954	2.79939200585	2.75554088559	2.73318101724	2.70378815771	2.67311572343	2.64643145281	2.61858902693	2.58179891772	2.51838057766	2.43658119294	2.33410313298	2.19634803761	2.02065401774	1.81526825958	1.60408238519	1.39690335437	1.18249519319	0.971290638874	0.782343213332	0.614709580428	0.46766122315	0.348436611828	0.254513956798	0.181867734561	0.127135558897	0.0859650076466	0.0566281878924	0.0371730476351	0.0228268664372	0.0135522844519	0.00792962749804	0.0044084619306	0.00252178966369	0.00115815525295	0.000420298277281	0.000252178966369	0.000121419502326	4.66998085868e-05	0.0	0.0	0.0	0.0	0.0	0.0	0.0	0.0	0.0	0.0
PD_197_filtered_2	0.0	0.0	0.0	9.33779879322e-06	1.86755975864e-05	1.86755975864e-05	2.80133963797e-05	8.4040189139e-05	0.000205431573451	0.000634970317939	0.00166212818519	0.00306279800418	0.00584546204456	0.0105517126363	0.0177418177071	0.0295261197842	0.0477068140346	0.0725546966233	0.105050236424	0.149460807484	0.205683694018	0.272626373567	0.352847402999	0.443900279032	0.537044821994	0.630264067347	0.723744771066	0.817197461389	0.913853016697	1.0051580133	1.08894608187	1.16355509423	1.23766920325	1.31828242023	1.40623514706	1.50412329181	1.61089168321	1.73200293356	1.86809201318	2.01562923411	2.18114171772	2.33951078525	2.47902683702	2.61377127361	2.73311767998	2.83905500729	2.91027439869	2.94047283999	2.95853214285	2.95775710555	2.93304928994	2.90147819222	2.85408886335	2.80316050873	2.76754614413	2.74031712285	2.71613222398	2.70065949138	2.67779122213	2.63358608265	2.58509489351	2.52066408184	2.4350644803	2.33186312804	2.18944302085	2.01231431554	1.81876042215	1.60996724113	1.39119195321	1.17474177718	0.967704102338	0.778408245202	0.613287949141	0.467188749222	0.346077498874	0.253343819059	0.180350245892	0.123940603382	0.0837320417788	0.0560267927593	0.036352050702	0.0226628376711	0.0134651058598	0.00752626582734	0.00408061807264	0.00233444969831	0.00111119805639	0.000485565537247	0.000280133963797	0.000121391384312	3.73511951729e-05	0.0	0.0	0.0	0.0	0.0	0.0	0.0	0.0	0.0	0.0
PD_198_filtered_1	0.0	0.0	0.0	0.0	0.0	0.0	1.29589979895e-05	3.88769939686e-05	9.07129859268e-05	0.000401728937676	0.000946006853236	0.0016069157507	0.00299352853558	0.00501513222195	0.00790498877362	0.0133477679292	0.0203974628355	0.0287948935328	0.0403931967334	0.0596113907519	0.0839872659702	0.114557542228	0.154561969021	0.206061027032	0.271179991929	0.34400956063	0.432584311889	0.535478755926	0.651358115948	0.780753710874	0.918365310525	1.07329013149	1.24862537429	1.43369282458	1.62812963041	1.8454131497	2.07638137087	2.3185591253	2.57160947904	2.83250002657	3.0823624668	3.32330911642	3.54889935342	3.74025191774	3.8894099846	3.97710352399	4.00188112815	3.970636984	3.88460219634	3.74912883136	3.57757761597	3.37296799672	3.16339508123	2.9508934322	2.73703108838	2.53895280411	2.36123310568	2.20378128011	2.05845907665	1.92070492802	1.78585359494	1.66284678603	1.55743829638	1.43423710249	1.30472487658	1.17821913821	1.03901358181	0.899147116506	0.763103555612	0.637803004051	0.51772492868	0.406562643926	0.312260015556	0.233767364733	0.170086848613	0.120518681303	0.0818490313019	0.0533910717169	0.0343024676783	0.0219266245983	0.0134514399131	0.00738662885404	0.00401728937676	0.00244925062002	0.00141253078086	0.000660908897467	0.00027213895778	0.000181425971854	0.000103671983916	3.88769939686e-05	1.29589979895e-05	0.0	0.0	0.0	0.0	0.0	0.0	0.0	0.0	0.0	0.0
PD_198_filtered_2	0.0	0.0	0.0	0.0	0.0	0.0	1.29574363764e-05	2.59148727528e-05	0.00018140410927	0.000596042073314	0.00112729696475	0.00160672211067	0.00308386985758	0.00522184685969	0.0090054182816	0.0132813722858	0.0190733463461	0.0295040826291	0.0434203692973	0.0631804597713	0.0851821867384	0.115010205277	0.15801593661	0.207241237404	0.270253250502	0.346689167687	0.434696075555	0.533250336634	0.649012073221	0.782797603807	0.927545125568	1.08223100103	1.2424756167	1.41964264427	1.6221544174	1.83709237201	2.05857383199	2.2959151941	2.54186029396	2.81313718193	3.07459233314	3.30993825004	3.53224898595	3.72370806585	3.87945645109	3.97593752235	4.00406811672	3.97552288439	3.9031815171	3.77968419099	3.60369629013	3.39943526309	3.1952260658	2.97454796687	2.74575851278	2.5414845283	2.36067646111	2.1974257202	2.05598234472	1.92070670895	1.79350355604	1.67321967416	1.55281917535	1.43467327047	1.31024300894	1.17466935214	1.03318710434	0.897781894211	0.759266899348	0.630249705348	0.513464331287	0.405593673454	0.31160042998	0.233505960939	0.170830841186	0.119687839809	0.0809451050433	0.0525294470699	0.0342724192156	0.0224422798039	0.0132165851039	0.00758010028019	0.00447031554986	0.00248782778427	0.00128278620126	0.000596042073314	0.000246191291152	0.000116616927388	7.77446182584e-05	5.18297455056e-05	1.29574363764e-05	0.0	0.0	0.0	0.0	0.0	0.0	0.0	0.0	0.0	0.0
PD_199P_filtered_1	0.0	0.0	0.0	0.0	0.0	0.0	0.0	0.0	0.0	0.0	0.0	0.0	0.0	0.0	0.0	0.0	0.0	0.0	0.0	0.0	0.0	0.0	0.0	0.0	0.0	0.0	0.0	0.0	0.0	0.0	0.0	0.0	0.0	0.0	0.0	0.0	0.0	0.0	0.0	0.0	0.0	0.0	50.0	50.0	0.0	0.0	0.0	0.0	0.0	0.0	0.0	0.0	0.0	0.0	0.0	0.0	0.0	0.0	0.0	0.0	0.0	0.0	0.0	0.0	0.0	0.0	0.0	0.0	0.0	0.0	0.0	0.0	0.0	0.0	0.0	0.0	0.0	0.0	0.0	0.0	0.0	0.0	0.0	0.0	0.0	0.0	0.0	0.0	0.0	0.0	0.0	0.0	0.0	0.0	0.0	0.0	0.0	0.0	0.0	0.0	0.0
PD_199P_filtered_2	0.0	0.0	0.0	0.0	0.0	0.0	0.0	0.0	0.0	0.0	0.0	0.0	0.0	0.0	0.0	0.0	0.0	0.0	0.0	0.0	0.0	0.0	0.0	0.0	0.0	0.0	0.0	0.0	0.0	0.0	0.0	0.0	0.0	0.0	0.0	0.0	0.0	0.0	0.0	0.0	0.0	0.0	0.0	0.0	0.0	0.0	0.0	0.0	50.0	50.0	0.0	0.0	0.0	0.0	0.0	0.0	0.0	0.0	0.0	0.0	0.0	0.0	0.0	0.0	0.0	0.0	0.0	0.0	0.0	0.0	0.0	0.0	0.0	0.0	0.0	0.0	0.0	0.0	0.0	0.0	0.0	0.0	0.0	0.0	0.0	0.0	0.0	0.0	0.0	0.0	0.0	0.0	0.0	0.0	0.0	0.0	0.0	0.0	0.0	0.0	0.0
PD_1P_filtered_1	0.0	0.0	0.0	0.0	0.0	0.0	1.29708751968e-05	7.7825251181e-05	0.000129708751968	0.000402097131102	0.000894990388581	0.00155650502362	0.00280170904252	0.0049029908244	0.00791223387007	0.012387185813	0.019508196296	0.029392003196	0.042440703644	0.0598735599086	0.0831173682613	0.110083817796	0.145870462464	0.192630467548	0.242866667186	0.299367799543	0.360862718851	0.429102493262	0.507135278446	0.593936375263	0.679077200055	0.75286850905	0.836024789937	0.922099517743	1.00565789576	1.10053984783	1.19814568368	1.29881264608	1.41737941626	1.54563543021	1.67997478462	1.82415903331	1.96539889332	2.12330632797	2.28230331613	2.42172725362	2.56072315223	2.69491982702	2.82134694756	2.94722929135	3.04907660339	3.13221991341	3.21583017493	3.29370730961	3.34049325644	3.35957341386	3.36697978359	3.35005279146	3.32814498325	3.28373270658	3.20961712571	3.10665431839	2.97077142983	2.80805180049	2.6077555457	2.38715987123	2.1529966613	1.91754933472	1.68939164001	1.45930128489	1.23404906623	1.02411545117	0.836323120066	0.674355801483	0.533972019228	0.413732006153	0.315503568288	0.230466510497	0.162719629344	0.114805216367	0.0794984940814	0.0524931319216	0.03262175112	0.0189634195378	0.0105842341606	0.00642058322243	0.00352807805354	0.00147867977244	0.00049289325748	0.000129708751968	5.18835007873e-05	1.29708751968e-05	0.0	1.29708751968e-05	1.29708751968e-05	0.0	0.0	0.0	0.0	0.0	0.0
PD_1P_filtered_2	0.0	0.0	0.0	0.0	0.0	0.0	1.29741635103e-05	9.08191445719e-05	0.000142715798613	0.000337328251267	0.000791423974126	0.00162177043878	0.00284134180875	0.00468367302721	0.00801803304935	0.0121438170456	0.0187217179453	0.0296589377845	0.042970429546	0.0598627904364	0.0824118866172	0.111889186113	0.146698866811	0.193405855448	0.246223675098	0.302479648078	0.362861405055	0.427848990078	0.50425383899	0.587950167795	0.674552709226	0.753850796601	0.835095008502	0.921399144172	1.01136199395	1.10882391024	1.20205624923	1.29223965979	1.40368772434	1.53557009642	1.67336868706	1.8179268169	1.96825844949	2.114139944	2.26220109798	2.42039507366	2.5629941048	2.68966086315	2.81583460329	2.94523891014	3.04947333978	3.14018869104	3.22746588898	3.28596639225	3.33912154015	3.36844314968	3.37245216621	3.36981841101	3.34647789086	3.29227183571	3.20371019559	3.09874921279	2.9748718996	2.80443031356	2.60090461058	2.38888083049	2.14923505629	1.91666020121	1.68813328514	1.45996964565	1.24402766818	1.03326238196	0.841530193603	0.669713346237	0.533238120272	0.414835904077	0.312988720522	0.232509984268	0.16695153605	0.115937125128	0.0779098518792	0.0506251860171	0.0317477781096	0.0190201237061	0.01075558155	0.00587729607015	0.00293216095332	0.00137526133209	0.000648708175513	0.000220560779675	6.48708175513e-05	2.59483270205e-05	0.0	0.0	0.0	0.0	0.0	0.0	0.0	0.0	0.0
PD_200S_filtered_1	0.0	0.0	0.0	0.0	0.0	0.0	0.0	3.02722504573e-05	0.000110998251677	0.000181633502744	0.000494446757469	0.00116043626753	0.00221996503353	0.00431884106524	0.00757815336447	0.0119474481805	0.0192531512908	0.029394355194	0.0429765048992	0.0623103821912	0.0875170760719	0.117072883268	0.152975772311	0.200927017035	0.25750585314	0.319210790322	0.393307168691	0.480279344255	0.575364482941	0.685515111605	0.810771593247	0.946633453299	1.0992661401	1.26788257515	1.45562098174	1.66241072461	1.87308540629	2.10350768602	2.35232540328	2.59747008748	2.83496598307	3.04802208179	3.22698153574	3.38329734635	3.50896754875	3.57361898498	3.57392170748	3.52307441747	3.43142013383	3.3135702628	3.18668917038	3.04350142572	2.90486460938	2.77290786963	2.66112253945	2.5851190093	2.52247563235	2.47643153941	2.43231477974	2.39292049115	2.33979269159	2.25978313363	2.16597952022	2.04284209611	1.88081492091	1.70539732026	1.51496468338	1.31606590713	1.11843856539	0.916492382594	0.72823934775	0.566989160314	0.430481492252	0.316022113274	0.227223511932	0.157778969383	0.108102206383	0.0727240363485	0.0464981767024	0.0285568229314	0.0176285405163	0.0104741986582	0.00576181833703	0.00321894929862	0.00155397552347	0.000736624761127	0.00037335775564	0.000191724252896	5.04537507621e-05	1.00907501524e-05	0.0	0.0	0.0	0.0	0.0	0.0	0.0	0.0	0.0	0.0	0.0
PD_200S_filtered_2	0.0	0.0	0.0	0.0	0.0	0.0	1.00892189633e-05	4.03568758532e-05	4.03568758532e-05	0.000151338284449	0.000464104072311	0.00108963564804	0.00222971739089	0.00429800727836	0.00714316702601	0.0116530479026	0.0188769286803	0.029127575147	0.0434038199801	0.0625329791345	0.0860812161948	0.114603438204	0.151247481479	0.195771204764	0.250293344041	0.315933802617	0.388434930087	0.475040785668	0.573037369458	0.681012190803	0.808277598806	0.938680753907	1.08385452557	1.24745121106	1.43450533064	1.64012361311	1.84992892145	2.07348583524	2.30750526909	2.55028214501	2.79435044095	3.02440481175	3.21728041067	3.37346152022	3.49840640786	3.56109072528	3.57643642733	3.55277720886	3.46405261729	3.33570766286	3.20006820312	3.06238063193	2.92630733577	2.80157432173	2.69060300235	2.60445116162	2.54188791483	2.48954504685	2.44544507076	2.40035635121	2.34952686608	2.28378551531	2.18089566032	2.04711261687	1.89946698656	1.72507483678	1.52021324573	1.31776297801	1.12005464321	0.920580695087	0.7332037205	0.569536410478	0.432262497263	0.31638781747	0.225342705545	0.158673146636	0.108257319476	0.0714821163549	0.0454216637727	0.0286029357609	0.0174442595875	0.0100488620874	0.00556924886774	0.00286533818558	0.00175552409961	0.00088785126877	0.000383390320605	0.000171516722376	3.02676568899e-05	0.0	0.0	0.0	0.0	0.0	0.0	0.0	0.0	0.0	0.0	0.0	0.0
PD_203_filtered_1	0.0	0.0	0.0	0.0	0.0	0.0	1.15480588637e-05	0.000127028647501	0.000381085942502	0.00097003694455	0.00197471806569	0.00367228271865	0.00702121978912	0.011859856453	0.0186847592414	0.0282465519806	0.0416769444391	0.0608236260351	0.0836425903497	0.111542700564	0.148877574871	0.195254579267	0.252290441995	0.320828171351	0.393938932017	0.479810297727	0.579550882133	0.686358878563	0.803098205616	0.92755163599	1.0510119333	1.17207023437	1.30189351212	1.43582789882	1.56978538164	1.70631808158	1.84102618823	1.98354078266	2.14210717892	2.29521134333	2.43787606254	2.5764527689	2.7084239856	2.81271450519	2.90311270998	2.96803589691	2.99211359964	2.99458488424	2.98497689926	2.9626775976	2.91899129092	2.86757933285	2.81288772608	2.75845017659	2.71496018691	2.67274048371	2.63896241153	2.62176735188	2.59445619267	2.56281451138	2.52521403172	2.46143410262	2.37170568525	2.2594008128	2.10700107997	1.92179331192	1.71847818756	1.50714871036	1.30078489846	1.09258494521	0.897734548004	0.711545194945	0.545022186131	0.41534903315	0.307986729895	0.223200881717	0.157503974842	0.110353250501	0.0750854787317	0.0489406734643	0.0322652764651	0.019989689893	0.0114094821573	0.0073792096139	0.0043882623682	0.00214793894865	0.00120099812182	0.000681335472958	0.000404182060229	0.000196317000683	6.92883531821e-05	2.30961177274e-05	1.15480588637e-05	0.0	0.0	0.0	0.0	0.0	0.0	0.0	0.0
PD_203_filtered_2	0.0	0.0	0.0	0.0	0.0	0.0	3.46520117918e-05	0.000138608047167	0.000369621459113	0.000900952306588	0.00195206333094	0.0038463733089	0.00689575034658	0.0111348464558	0.01798439412	0.0272595826096	0.039780509537	0.0574414848803	0.0797804818154	0.109119185133	0.149084505399	0.19648845753	0.249067110089	0.314224442928	0.391440675871	0.480727359588	0.582754432974	0.68672201902	0.798151338272	0.919675943626	1.0331381809	1.14780168792	1.28071525449	1.41537297231	1.55170553737	1.69018652716	1.82811308476	1.96670958126	2.10673836091	2.26137873887	2.40490737171	2.54780071767	2.68509198839	2.78472807296	2.86601014195	2.93532571621	2.98247555358	2.98803142614	2.97688502901	2.96405223398	2.92847616854	2.88216953012	2.82926745878	2.77827124809	2.73243818716	2.6934546739	2.66484366283	2.64263172327	2.61400916153	2.58000398729	2.54256826389	2.48310541165	2.40012539408	2.2845840361	2.13324714993	1.95542457608	1.75104701054	1.53270468424	1.31152089297	1.10032843177	0.901633796153	0.715852810267	0.557562420401	0.423771002873	0.31348520001	0.226912923884	0.162425529939	0.111856694064	0.0737856837754	0.0495754782035	0.0323996310254	0.0200519641569	0.0120935521154	0.00686109833479	0.0042390961092	0.00233323546065	0.0012821244363	0.000831648283004	0.000415824141502	0.000184810729557	4.62026823891e-05	2.31013411946e-05	1.15506705973e-05	0.0	0.0	0.0	0.0	0.0	0.0	0.0	0.0
PD_204_filtered_1	0.0	0.0	0.0	0.0	0.0	0.0	1.18394504222e-05	0.0001065550538	0.000307825710977	0.000769564277442	0.00155096800531	0.00313745436188	0.00581317015729	0.00989778055294	0.016740982897	0.0272544148719	0.0425036270156	0.0607837384675	0.0874225019174	0.12282245868	0.166533709638	0.218745686	0.283057580694	0.360605980959	0.446003936854	0.53646917753	0.636784840957	0.752787776194	0.867073991119	0.984734449415	1.09987310477	1.21502359958	1.34171755854	1.46858910927	1.60012540346	1.74350114807	1.89645500808	2.05667829064	2.23828362066	2.43258084154	2.61986910777	2.79054662506	2.94624723756	3.08222332566	3.18790226013	3.25848906354	3.29471778184	3.28439378107	3.23396956172	3.16114510217	3.06013091117	2.94902950841	2.8448897025	2.74239558019	2.63778219626	2.5534734698	2.50259935134	2.46382515121	2.42101369848	2.36791376334	2.30903617639	2.22921460164	2.13633411308	2.02147960453	1.86154046878	1.68487218958	1.49722873984	1.30393787225	1.11230452771	0.915153999283	0.733169806844	0.577315281486	0.439835583184	0.330782405345	0.239677834347	0.166723140845	0.114309893826	0.0757369643507	0.0495362605664	0.0311259151599	0.0188839234234	0.0109278127397	0.00620387202122	0.00355183512665	0.0019771882205	0.000958995484197	0.000461738566465	0.000224949558021	9.47156033775e-05	7.10367025331e-05	2.36789008444e-05	0.0	0.0	0.0	0.0	0.0	0.0	0.0	0.0	0.0	0.0
PD_204_filtered_2	0.0	0.0	0.0	0.0	0.0	0.0	3.55170729386e-05	8.287317019e-05	0.000189424389006	0.000722180483084	0.00161010730655	0.00269929754333	0.00518549264903	0.00975535603379	0.0163615316004	0.0260932095855	0.0414010680221	0.0617286727672	0.0871944140642	0.119479433365	0.163200950153	0.21554127664	0.279329939638	0.358900022044	0.445277543431	0.53695894771	0.634524347072	0.741560965884	0.858980409019	0.973404579003	1.08417049047	1.20380383116	1.32900151326	1.44887163443	1.58410880916	1.72254252045	1.86937009998	2.03788677205	2.216087766	2.4116921257	2.59452217816	2.77081708921	2.93468102472	3.07704529208	3.18274410115	3.25180112996	3.29575942724	3.29390070042	3.25925971528	3.1779966524	3.07319760918	2.96491789281	2.85338244476	2.7524074064	2.6541908607	2.57820800266	2.51586370063	2.46334578878	2.42568585244	2.38385857954	2.32667609211	2.24830175116	2.14666372743	2.02546763554	1.88046326576	1.70494973032	1.50742744868	1.3081766695	1.11507034393	0.919584374477	0.739406263459	0.583687576672	0.446816616592	0.332996236848	0.238580017953	0.166610589155	0.114921409005	0.0768826238877	0.0511801021045	0.0316812290612	0.0189305998763	0.0109510974894	0.00606158044818	0.00342147802642	0.00196527803593	0.00101815609091	0.000402526826637	0.000177585364693	0.000106551218816	5.91951215643e-05	1.18390243129e-05	1.18390243129e-05	0.0	0.0	0.0	0.0	0.0	0.0	0.0	0.0	0.0
PD_205P_filtered_1	0.0	0.0	0.0	0.0	0.0	0.0	0.0	1.54021738628e-05	0.000138619564765	0.000246434781805	0.000338847824982	0.000693097823827	0.00123217390903	0.00234113042715	0.00391215216116	0.00640730432693	0.0111819782244	0.0177279021161	0.0270924238247	0.0416012716035	0.0611774345831	0.084881380158	0.11973649961	0.168361162494	0.231987542722	0.311878618548	0.404076031291	0.519931183087	0.65702593264	0.818009453854	1.00245048586	1.19824292001	1.41830918016	1.65371600548	1.90988496116	2.18214918854	2.4456957855	2.72804843676	3.01375876191	3.28911882623	3.55713205362	3.78887316156	3.97212822618	4.11241122572	4.18948370373	4.20699597541	4.18367708418	4.08100619321	3.94177054149	3.77556568334	3.57733970573	3.38821641286	3.16288260925	2.90885455573	2.67250819781	2.45261136157	2.2279552536	2.01084621083	1.81850386364	1.62908792947	1.45053052788	1.29823383272	1.15733474623	1.01756001842	0.884962703636	0.769769845316	0.663895302183	0.567416085106	0.479146226698	0.394403466105	0.322090259819	0.260558575237	0.204694890637	0.155731379927	0.116317217012	0.0848351736364	0.0615932932774	0.0426178150784	0.0282167825167	0.0188368586342	0.0125065651766	0.00783970649617	0.00508271737473	0.00320365216347	0.00166343477718	0.000893326084044	0.000462065215885	0.000231032607942	0.00010781521704	3.08043477256e-05	1.54021738628e-05	0.0	0.0	0.0	0.0	0.0	0.0	0.0	0.0	0.0	0.0
PD_205P_filtered_2	0.0	0.0	0.0	0.0	0.0	0.0	0.0	4.61959057493e-05	0.000123189081998	0.000215580893497	0.000477357692742	0.000816127668237	0.00121649218473	0.00252537618096	0.00449640149293	0.00725275720263	0.0113179969086	0.0174312551027	0.0274403680151	0.0405292079774	0.0580836521621	0.0848310815909	0.121048671698	0.17138681033	0.230486772418	0.304646599781	0.404075587589	0.521413188192	0.653610471811	0.810353180018	0.990101449289	1.1910536393	1.40818979495	1.63981606638	1.89407833163	2.15830351388	2.42471530233	2.69808727392	2.97019655742	3.2443076635	3.52066697033	3.76074709251	3.94857964528	4.08564289764	4.19200127131	4.22764911191	4.18293147515	4.09572900373	3.95654073971	3.79405434055	3.61478342897	3.4138466376	3.18268232523	2.93194634746	2.70075123782	2.47389854332	2.24966361681	2.03496044553	1.83091312983	1.65011775336	1.47691390407	1.30283233258	1.15001627636	1.01812696544	0.893105445851	0.77313467862	0.666283548622	0.569349139724	0.476664754156	0.39982556426	0.327128607246	0.25988276711	0.204817247457	0.156912093195	0.117014229263	0.0844615143449	0.0600392788388	0.0426850169123	0.029411393327	0.0196024626729	0.0127500699868	0.00783790534213	0.00446560422243	0.00252537618096	0.00157066079548	0.000985512655984	0.000538952233741	0.000184783622997	9.23918114985e-05	4.61959057493e-05	1.53986352498e-05	0.0	0.0	0.0	0.0	0.0	0.0	0.0	0.0	0.0	0.0
PD_206S_filtered_1	0.0	0.0	0.0	0.0	0.0	0.0	0.0	1.74536731517e-05	6.98146926068e-05	0.000174536731517	0.000331619789882	0.000959952023343	0.00182390884435	0.00300203178209	0.00520992143578	0.00872683657585	0.0136574992412	0.0210840371672	0.0323416563501	0.0472121858753	0.0662454164473	0.092792453311	0.127324545642	0.171639421774	0.225065115291	0.28985315003	0.367757620143	0.45482526866	0.559128419415	0.679401681103	0.806394606955	0.950605581371	1.11371888381	1.28900612327	1.4830386077	1.69469930201	1.91550572105	2.1441401125	2.39163319779	2.6376514477	2.86280383136	3.08532943721	3.29194601998	3.45073953831	3.57555075502	3.65603836876	3.68390315795	3.66097775826	3.59552648394	3.50137264413	3.37595054886	3.23226318464	3.08772059043	2.94392850417	2.8071004335	2.6891397835	2.58972366123	2.50681871376	2.42728232521	2.34562531537	2.2554683667	2.16532014487	2.05219416234	1.90779119752	1.7436568552	1.55331582264	1.35002416461	1.15094756864	0.956426381367	0.766896944612	0.597290875761	0.455366332528	0.337623853446	0.242920222925	0.170155859556	0.116206555844	0.0786898854044	0.0514970626341	0.0331008911322	0.0209793151283	0.0127848155836	0.00779306506223	0.00432851094162	0.00226025067314	0.00122175712062	0.000541063867703	0.000226897750972	0.000130902548638	5.23610194551e-05	8.72683657585e-06	0.0	0.0	0.0	0.0	0.0	0.0	0.0	0.0	0.0	0.0	0.0
PD_206S_filtered_2	0.0	0.0	0.0	0.0	8.72497415663e-06	8.72497415663e-06	2.61749224699e-05	4.36248707831e-05	6.9799793253e-05	0.000174499483133	0.000383898862892	0.000689272958373	0.00161412021898	0.00274836685934	0.00467658614795	0.0082887254488	0.0129827615451	0.0199714658445	0.0311132578425	0.0463645126683	0.0649225326995	0.0919176027401	0.127506772325	0.170014846416	0.224563384843	0.28744427359	0.364084446582	0.45230266028	0.552535163391	0.666928299558	0.795865967645	0.938911918943	1.09238421436	1.26741592091	1.46249761808	1.6779870298	1.90220141568	2.12987089132	2.376098387	2.6186352186	2.84643556886	3.06825058684	3.27226665755	3.44858966028	3.58449858272	3.66615561585	3.6914929408	3.67323156989	3.6128634737	3.50539796701	3.38825646398	3.25858589807	3.10814116869	2.96353344701	2.82511173202	2.70350304222	2.59896040188	2.50875289407	2.43534096152	2.36121358109	2.27457458771	2.1808247404	2.06555910681	1.9187701416	1.74815327197	1.55475549481	1.3539153147	1.15484630435	0.955838368807	0.765250033329	0.592774744201	0.449004620048	0.334079260457	0.242554281554	0.169761822165	0.114576360625	0.0773992457434	0.0518263464904	0.0329106025188	0.0203989895782	0.0123371134575	0.00723300357584	0.00447591174235	0.0024342677897	0.0011255216662	0.000497323526928	0.000165774508976	8.72497415663e-05	2.61749224699e-05	8.72497415663e-06	0.0	0.0	0.0	0.0	0.0	0.0	0.0	0.0	0.0	0.0	0.0
PD_207P_filtered_1	0.0	0.0	0.0	0.0	0.0	0.0	0.0	9.76282772104e-06	7.81026217683e-05	0.000234307865305	0.000507667041494	0.000849366011731	0.00181588595611	0.00334864990832	0.00548670917923	0.00908919260829	0.0138534525362	0.020824111529	0.0311238947747	0.0467151306452	0.0679004667998	0.097257289757	0.136220735192	0.183111596736	0.243045596115	0.312264044658	0.395033298077	0.495483032498	0.60719907011	0.729898288908	0.871381188242	1.03807170875	1.21707315502	1.4038653378	1.61500601293	1.845359933	2.09089505019	2.34760860511	2.59998746453	2.84545424192	3.07701875263	3.28037845406	3.43429919591	3.52989680496	3.5749913062	3.56314899618	3.49825548031	3.38054506648	3.22437887426	3.06180826705	2.89509822088	2.72914967528	2.57392071451	2.43767069084	2.32135636137	2.2461044853	2.20273800456	2.1791900641	2.17908267299	2.18080093067	2.17729607552	2.16247610304	2.12939964272	2.05916586009	1.95207740282	1.81304497325	1.63962786444	1.45302117538	1.25191668715	1.04596007355	0.851933635421	0.675968428577	0.52349258523	0.398128114464	0.298068893151	0.218911885989	0.161252625468	0.115191604281	0.080738585253	0.0560386311188	0.036815623336	0.0231379016989	0.0142146771618	0.00810314700846	0.00410038764284	0.00215758492635	0.00108367387704	0.00046861573061	0.000205019382142	7.81026217683e-05	2.92884831631e-05	9.76282772104e-06	0.0	0.0	0.0	0.0	0.0	0.0	0.0	0.0	0.0
PD_207P_filtered_2	0.0	0.0	0.0	0.0	0.0	0.0	9.76654061318e-06	3.90661624527e-05	6.83657842923e-05	0.000273463137169	0.000517626652499	0.000869222114573	0.00184587617589	0.0032620245648	0.00523486576867	0.00850665687408	0.0142786823765	0.0218965840548	0.0321319186174	0.0473481888927	0.0686197143482	0.0970696471544	0.133869972185	0.180729834047	0.238791917992	0.30868128262	0.392712598056	0.490973763165	0.601394271338	0.727197080976	0.8699741382	1.02757680408	1.20251507954	1.3866632028	1.59819670594	1.83682259274	2.07172742757	2.32093047786	2.57726310279	2.8284682939	3.06675235178	3.27148834266	3.42940353783	3.53358322655	3.58561935494	3.57720059693	3.50646154327	3.39413655968	3.25469965934	3.08038644248	2.90467661031	2.74223950683	2.58230263775	2.45242718067	2.34375488327	2.25730146576	2.21268790824	2.18851572022	2.18054622308	2.18293902553	2.18421844235	2.1715805388	2.13863799731	2.06798684252	1.94983123418	1.80368472044	1.63588578617	1.45549778104	1.25684634497	1.04339859987	0.84320405038	0.669222895896	0.521884864206	0.39691221052	0.294998359221	0.220049926556	0.162173406882	0.114795918367	0.0806130262212	0.0555520830078	0.035726005563	0.0227951057912	0.014542378973	0.00819412757446	0.00389684970466	0.00209980623183	0.00115245179236	0.000595758977404	0.000253930055943	8.78988655186e-05	7.81323249055e-05	1.95330812264e-05	0.0	0.0	0.0	0.0	0.0	0.0	0.0	0.0	0.0
PD_208S_filtered_1	0.0	0.0	0.0	0.0	0.0	0.0	0.0	1.24218263414e-05	3.72654790241e-05	0.000124218263414	0.00027328017951	0.000521716706338	0.000894371496579	0.00160241559804	0.00299366014827	0.00503083966826	0.00768911050531	0.012409404515	0.0191917216974	0.0291540264232	0.0448055276133	0.0658853669147	0.0935984614823	0.131037846075	0.179954998208	0.238598440365	0.311762997516	0.401759129359	0.506661452812	0.631413854759	0.768091209993	0.913985560372	1.08541918571	1.26825604763	1.47671913729	1.70618753529	1.94487292844	2.20945782951	2.48431558097	2.77020391422	3.04478838549	3.30175870702	3.55014554654	3.75877011994	3.90550915451	3.9972691857	4.01647332922	3.96363087996	3.86492704786	3.71396459233	3.53592255538	3.32973265994	3.088600167	2.86987664878	2.67346273067	2.4764525649	2.31510546255	2.18006778839	2.06619690632	1.98355449567	1.91210415055	1.83939920098	1.75350227183	1.65753124151	1.54881541737	1.4247089504	1.28209396217	1.13123088126	0.981808732196	0.828424020533	0.675436807312	0.538920935821	0.421000538362	0.320184995775	0.235940169528	0.167359266297	0.117038447788	0.0801083580755	0.0525319035977	0.0332656509422	0.0216636651394	0.013353463317	0.00721708110434	0.00356506415998	0.00188811760389	0.00099374610731	0.000472029400972	0.000223592874145	6.21091317069e-05	1.24218263414e-05	1.24218263414e-05	0.0	0.0	0.0	0.0	0.0	0.0	0.0	0.0	0.0	0.0
PD_208S_filtered_2	0.0	0.0	0.0	0.0	0.0	0.0	1.24228725955e-05	3.72686177865e-05	9.93829807639e-05	0.000211188834123	0.000273303197101	0.000360263305269	0.000819909591302	0.00155285907444	0.00257153462727	0.0046834229685	0.00756552941065	0.0119383805643	0.0184603886769	0.0284111096259	0.0424365327862	0.0622758603212	0.09204106306	0.129110914885	0.175932721697	0.233798462247	0.304012538157	0.392550351145	0.498070230971	0.616025406265	0.745509007328	0.892210709808	1.05900019728	1.23979026216	1.44123956417	1.67129874176	1.91334599141	2.17375424676	2.44788977632	2.72191350004	3.00540345266	3.28347703284	3.52982259641	3.73076256064	3.89035920488	3.99107143301	4.01969373147	3.99867423104	3.90977615474	3.75322311429	3.56982424617	3.34598892774	3.12139581409	2.91711409713	2.69910510595	2.49733280925	2.32781028982	2.18869896249	2.09717966008	2.01023197478	1.9216941618	1.84888370551	1.77285572523	1.68142338293	1.56314521295	1.43689155876	1.29220236164	1.14158745429	0.988053171882	0.82937582022	0.68463693161	0.546966657507	0.4199055166	0.318249150151	0.23577369899	0.167882700255	0.119309268407	0.0800902596231	0.0517909558506	0.0345231629429	0.0217897185325	0.0127831359008	0.00658412247561	0.00341628996376	0.00185100801673	0.0010932127884	0.000645989374966	0.000298148942292	9.93829807639e-05	2.4845745191e-05	1.24228725955e-05	1.24228725955e-05	0.0	0.0	0.0	0.0	0.0	0.0	0.0	0.0	0.0
PD_209P_filtered_1	0.0	0.0	0.0	0.0	0.0	0.0	0.0	9.52320548049e-06	8.57088493244e-05	0.000152371287688	0.000466637068544	0.00097136695901	0.00144752723303	0.00314265780856	0.00592343380887	0.0100469817819	0.0165037150977	0.0268840090714	0.0407783658675	0.0588819794859	0.0858707438176	0.122230342342	0.16766555569	0.225338088079	0.295771715813	0.377623666918	0.479150560545	0.596371696805	0.7322487926	0.889638809576	1.05790432721	1.24080701167	1.44612732183	1.67017025396	1.91776407325	2.18220444303	2.45366341525	2.73257905737	3.00418087767	3.25420311435	3.48867395649	3.69576558287	3.8422991456	3.92819845903	3.95963456032	3.93797879106	3.86622143776	3.74714327644	3.5755732065	3.37369077352	3.17684611624	2.97820157312	2.77661435951	2.58388372699	2.3993525744	2.2421054055	2.1261984716	2.02364307178	1.9138500358	1.80930428603	1.71665301991	1.62084004957	1.51587527877	1.39467344262	1.26107239293	1.1232144704	0.983928067039	0.843813144804	0.703564897693	0.574811159597	0.456913875748	0.353101412806	0.268497255317	0.199787327775	0.144286086235	0.101326906312	0.0696336784733	0.0470827278955	0.0307123376746	0.0194654320021	0.0116849731246	0.00717097372681	0.00430448887718	0.00235223175368	0.00147609684948	0.00102850619189	0.000523776301427	0.000142848082207	3.8092821922e-05	0.0	1.9046410961e-05	1.9046410961e-05	0.0	0.0	0.0	0.0	0.0	0.0	0.0	0.0	0.0
PD_209P_filtered_2	0.0	0.0	0.0	0.0	0.0	0.0	0.0	2.8573083089e-05	6.66705272077e-05	0.000142865415445	0.000428596246335	0.000952436102967	0.0018286773177	0.00340972124862	0.00596225000457	0.00984818930468	0.0167247779681	0.0268967955478	0.0408880819004	0.0597748898222	0.085090641439	0.120902238911	0.167323974569	0.225479723016	0.293902732653	0.375402689984	0.476818086228	0.594577285999	0.733271031313	0.889175297008	1.05286096566	1.2337571547	1.43933096316	1.6616295496	1.90133866799	2.15982982634	2.43564579739	2.71348093299	2.98487760053	3.24796902525	3.47967768038	3.6788606426	3.82953603409	3.9120170006	3.95612431653	3.94670472347	3.87543392989	3.74961712069	3.58035970083	3.39150114597	3.18924181515	2.97807720676	2.77558929127	2.59585507427	2.42168308413	2.26429301811	2.13937149884	2.03259388734	1.92454953582	1.82471518351	1.73288129446	1.62606558551	1.51835458663	1.40261455139	1.26862584043	1.13212269815	0.984533199637	0.840582007034	0.703212147903	0.572175988857	0.456216893321	0.356325394842	0.270415658354	0.19748762595	0.142827318001	0.101263006467	0.0682515711386	0.0453550072233	0.0293826537765	0.0185153578417	0.0115340012069	0.00661943091562	0.00393356110525	0.00240966334051	0.00148580032063	0.000780997604433	0.000314303913979	0.000152389776475	8.5719249267e-05	2.8573083089e-05	9.52436102967e-06	9.52436102967e-06	9.52436102967e-06	0.0	0.0	0.0	0.0	0.0	0.0	0.0	0.0
PD_210S_filtered_1	0.0	0.0	0.0	0.0	0.0	0.0	0.0	2.23197794984e-05	5.57994487461e-05	0.000167398346238	0.000401756030972	0.000781192282445	0.00160702412389	0.00296853067329	0.00517818884364	0.00867123433514	0.0140726209738	0.0217729449007	0.031995403911	0.046324702349	0.067595452211	0.096254049087	0.131664379261	0.176538295943	0.234781760544	0.302243294078	0.38804052647	0.491515024225	0.605457498564	0.735068458112	0.888371863597	1.06085911956	1.24311127906	1.44268358744	1.67771086556	1.93647522917	2.20147797116	2.49355460568	2.79761696178	3.08368957561	3.35929421286	3.61612791555	3.84827594211	4.03596296791	4.16574132581	4.24002155198	4.24199685246	4.18995828656	4.08677394594	3.92024607111	3.71241544431	3.47576998217	3.21622442628	2.96505994758	2.72225422631	2.48722694819	2.2703456508	2.07146525558	1.89400068879	1.73361075331	1.58684704322	1.44676810709	1.31798297938	1.19196550433	1.06455304307	0.943490559068	0.820173777339	0.700517439448	0.587233398604	0.481582722348	0.384547480979	0.299408682082	0.22693635805	0.164786932037	0.116888685233	0.0813109567128	0.0548508581174	0.0351313329305	0.0222862998292	0.0136373852735	0.00764452447821	0.00440815645094	0.00272301309881	0.00157354445464	0.000725392833699	0.000301317023229	8.92791179937e-05	3.34796692477e-05	4.46395589969e-05	4.46395589969e-05	1.11598897492e-05	0.0	0.0	0.0	0.0	0.0	0.0	0.0	0.0	0.0	0.0
PD_210S_filtered_2	0.0	0.0	0.0	0.0	0.0	0.0	1.11562667205e-05	4.46250668818e-05	7.80938670432e-05	0.000156187734086	0.000435094402098	0.000948282671239	0.00170690880823	0.00265519147947	0.00480835095652	0.00826679363986	0.0130082069961	0.0207283435666	0.0312710156174	0.0463431319568	0.0681759459287	0.0959327375292	0.129836632093	0.174193948573	0.229897188308	0.297872321436	0.382749198645	0.480545032717	0.595766955406	0.728571154446	0.872955558342	1.0379009618	1.22626336911	1.43228614664	1.66430302562	1.91173786522	2.1771454505	2.46576922682	2.76290523465	3.06571978225	3.3399854433	3.59778445468	3.82849605046	4.02226924713	4.17320237959	4.25487740825	4.27478018808	4.21868647901	4.09016628639	3.92422797519	3.73731588255	3.50221987395	3.24424236231	2.99092817015	2.74407345643	2.50531819235	2.28057519926	2.08605453272	1.90709685826	1.74450542708	1.59704189357	1.45741005929	1.32916877334	1.19970029805	1.06832410115	0.941399254672	0.82074423009	0.705243400734	0.589575227376	0.48114747112	0.383641699983	0.297481852101	0.225535088021	0.1659383112	0.117397394699	0.0799234947853	0.0541636749278	0.0353542092371	0.0212080630356	0.0132648011306	0.00821101230625	0.00456291308867	0.00275559787995	0.0015284085407	0.000758626136991	0.000368156801775	0.000178500267527	0.000100406400484	2.23125334409e-05	1.11562667205e-05	1.11562667205e-05	2.23125334409e-05	1.11562667205e-05	0.0	0.0	0.0	0.0	0.0	0.0	0.0	0.0
PD_211P_filtered_1	0.0	0.0	0.0	0.0	0.0	0.0	0.0	0.0	0.0	0.0	0.0	0.00260498072314	0.00260498072314	0.00130249036157	0.0104199228926	0.0247473168699	0.0429821819319	0.054704595186	0.0807544024174	0.135458997603	0.175836198812	0.234448265083	0.352974887986	0.450661665104	0.582213191622	0.79582161092	0.915650724185	1.05371470251	1.25950817964	1.39496717724	1.60466812546	1.85474627488	2.02927998333	2.23767844118	2.46170678337	2.72350734605	2.98791288944	3.15463165573	3.41773470876	3.61962071481	3.72772741482	3.8501615088	3.84495154736	3.80066687507	3.65869542565	3.51411899552	3.49197665937	3.29139314369	3.06475982078	2.88241117016	2.64014796291	2.4877565906	2.29759299781	2.16213400021	1.99802021465	1.81567156403	1.73621965197	1.65676773992	1.57731582786	1.50958632906	1.46399916641	1.38454725435	1.27644055434	1.16312389288	1.08497447119	1.00552255913	0.844013754298	0.653850161509	0.57179326873	0.50536626029	0.382932166302	0.278732937376	0.22402834219	0.174533708451	0.105501719287	0.0690319891633	0.054704595186	0.0338647494009	0.018234865062	0.0143273939773	0.0104199228926	0.00781494216943	0.00130249036157	0.0	0.0	0.0	0.0	0.0	0.0	0.0	0.0	0.0	0.0	0.0	0.0	0.0	0.0	0.0	0.0	0.0	0.0
PD_211P_filtered_2	0.0	0.0	0.0	0.0	0.0	0.0	0.0	0.0	0.0	0.0	0.00130177822906	0.00390533468718	0.00390533468718	0.00520711291624	0.00911244760343	0.0117160040615	0.0286391210393	0.0520711291624	0.0950298107214	0.154911609258	0.191361399672	0.27727876279	0.376213908199	0.489468614127	0.635267775782	0.756333151084	0.890416308678	1.04923325262	1.24319820875	1.42414538259	1.60118722174	1.83290374652	2.01645447682	2.15183941264	2.35491681637	2.68296493009	2.96024369288	3.24793668151	3.43799630295	3.53562967013	3.77776042073	3.94829336874	3.98734671561	3.86628134031	3.64107370668	3.44580697232	3.3325522664	3.26355802026	3.08261084642	2.83527298289	2.64391158322	2.4369288448	2.28331901377	2.17787497722	2.03077403733	1.92533000078	1.78343617381	1.64805123799	1.60639433466	1.51266630217	1.4332578302	1.36816891874	1.21716264417	1.08177770835	1.06875992606	1.00106745815	0.833138066599	0.725090473587	0.613137545888	0.473847275378	0.385326355802	0.315030331433	0.253846754667	0.187456064985	0.102840480096	0.0533729073915	0.0377515686428	0.0351480121846	0.0286391210393	0.0156213387487	0.0065088911453	0.00520711291624	0.00390533468718	0.00130177822906	0.0	0.00130177822906	0.00130177822906	0.0	0.0	0.0	0.0	0.0	0.0	0.0	0.0	0.0	0.0	0.0	0.0	0.0	0.0
PD_212S_filtered_1	0.0	0.0	0.0	0.0	0.0	0.0	0.0	0.0	0.0	0.0	0.00318816552955	0.00318816552955	0.0	0.0127526621182	0.0223171587069	0.0159408276478	0.0223171587069	0.0541988140024	0.0733278071797	0.0797041382389	0.14346744883	0.232736083657	0.344321877192	0.411273353313	0.49735382261	0.605751450615	0.755595230504	1.00746030734	1.18280941146	1.45061531595	1.77262003443	2.01810878021	2.20621054645	2.51865076835	2.84065548683	3.09889689473	3.42408977874	3.70783651087	3.92144360135	4.19562583689	4.36459860996	4.37735127208	4.39648026526	4.53994771409	4.53675954856	4.39648026526	4.14461518842	3.63769686922	3.51017024804	3.30612765415	2.84384365236	2.5569087547	2.26359752598	2.05317860103	1.78218453102	1.56857744054	1.39960466747	1.0680354524	0.915003506982	0.854428361921	0.78428872027	0.726901740738	0.624880443793	0.510106484729	0.417649684372	0.385768029076	0.306063890837	0.191289931773	0.168972773066	0.191289931773	0.178537269655	0.114773959064	0.0733278071797	0.0637633105911	0.057386979532	0.0382579863547	0.0191289931773	0.00318816552955	0.0	0.0	0.00318816552955	0.00318816552955	0.0	0.0	0.0	0.0	0.0	0.0	0.0	0.0	0.0	0.0	0.0	0.0	0.0	0.0	0.0	0.0	0.0	0.0	0.0
PD_212S_filtered_2	0.0	0.0	0.0	0.0	0.0	0.0	0.0	0.0	0.0	0.0	0.00318714941356	0.00318714941356	0.0	0.00956144824069	0.022310045895	0.022310045895	0.0191228964814	0.0350586435492	0.0573686894442	0.0892401835798	0.152983171851	0.229474757777	0.283656297807	0.360147883733	0.50038245793	0.64380418154	0.755354411015	0.956144824069	1.16968383478	1.45334013259	1.73062213157	2.06208567058	2.20550739419	2.32980622132	2.74094849567	3.05647628761	3.31463539011	3.66203467619	4.00943396226	4.33133605303	4.58630800612	4.64686384498	4.73610402856	4.58312085671	4.37914329424	4.2994645589	4.06042835288	3.70346761856	3.45168281489	3.07559918409	2.71863844977	2.57521672616	2.34574196838	2.07164711882	1.85173380928	1.63819479857	1.3864099949	1.18243243243	0.984829168791	0.86690464049	0.784038755737	0.653365629781	0.583248342682	0.513131055584	0.398393676696	0.305966343702	0.274094849567	0.274094849567	0.200790413055	0.146608873024	0.149796022438	0.13386027537	0.0796787353391	0.0446200917899	0.0446200917899	0.0286843447221	0.00956144824069	0.00956144824069	0.00956144824069	0.00318714941356	0.0	0.0	0.0	0.0	0.0	0.0	0.0	0.0	0.0	0.0	0.0	0.0	0.0	0.0	0.0	0.0	0.0	0.0	0.0	0.0	0.0
PD_213S_filtered_1	0.0	0.0	0.0	0.0	0.0	0.0	3.46875166392e-05	9.53906707577e-05	0.000199453220675	0.00040757832051	0.00124875059901	0.00261890750626	0.00455273655889	0.00862851976399	0.0153145385962	0.0250617307718	0.0391622062856	0.0602695601606	0.0887566832005	0.123825762523	0.167679455434	0.225746358288	0.294072094188	0.369916349319	0.460060533185	0.560142690568	0.663823677803	0.778491935933	0.896993164651	1.02364595978	1.16101719755	1.30014882679	1.44846397606	1.6036559255	1.78452530914	1.97943446513	2.17789909159	2.383327237	2.59900554359	2.81999971209	3.02904403112	3.21888013781	3.38246646628	3.51409692004	3.60411102572	3.6584663643	3.66082511543	3.61352868649	3.52615083208	3.4032616325	3.25452156115	3.07260288014	2.87529161362	2.67948925407	2.48556002042	2.31066556152	2.17008572846	2.05460231369	1.94725312157	1.85523581181	1.78221858928	1.70932277307	1.62648898333	1.53646620577	1.43977475314	1.32218407174	1.18527244356	1.0432790942	0.895848476602	0.74435941956	0.603900992809	0.47993648022	0.369430724086	0.276208023119	0.199236423696	0.140076864068	0.0969949684023	0.0640071400784	0.0402982224556	0.0256080591589	0.0154446167836	0.00856781660987	0.00503836179184	0.00275765757281	0.0015522663696	0.000797812882701	0.000312187649753	0.000164765704036	6.93750332783e-05	1.73437583196e-05	0.0	0.0	0.0	0.0	0.0	0.0	0.0	0.0	0.0	0.0	0.0
PD_213S_filtered_2	0.0	0.0	0.0	0.0	0.0	0.0	2.60157728428e-05	8.67192428092e-05	0.000199454258461	0.000555003153979	0.0011360220808	0.00238477917725	0.00443135330755	0.00818629652119	0.0150197728546	0.0252352996575	0.0393705362354	0.0601571387367	0.0909337980097	0.126705485669	0.169232602342	0.224438072314	0.293111040695	0.374202204646	0.462178876476	0.55873208142	0.665336046605	0.7808720938	0.901125667803	1.02252393581	1.1571642322	1.3015604434	1.45060480602	1.60351684686	1.77855096655	1.97510013037	2.16910842039	2.37823187442	2.59273192151	2.80828994336	3.0137711892	3.20020021739	3.37020462099	3.5051050751	3.59922146933	3.6529266964	3.65983822005	3.61558539044	3.52699301199	3.40473622348	3.25678452332	3.07129206295	2.87560141963	2.68765480469	2.50062741372	2.32916612684	2.1800437169	2.05785630379	1.95376719664	1.86554771093	1.78782992553	1.70984331047	1.63334826639	1.54313423809	1.4380652035	1.32066469259	1.1882357369	1.04393491686	0.8936244533	0.747129636423	0.606557743829	0.480251166677	0.368149201498	0.274145542293	0.199818479281	0.13880282004	0.0952090566802	0.0641028642846	0.0400122586322	0.0246456088064	0.0151932113402	0.00915755204065	0.00515112302287	0.0024975141929	0.00125742902073	0.000589690851103	0.000320861198394	0.000182110409899	9.53911670901e-05	6.07034699664e-05	1.73438485618e-05	8.67192428092e-06	0.0	0.0	0.0	0.0	0.0	0.0	0.0	0.0	0.0
PD_214S_filtered_1	0.0	0.0	0.0	0.0	0.0	0.0	8.90584165324e-05	0.000178116833065	0.000211513739265	0.000445292082662	0.000812658050859	0.00142493466452	0.00242684185051	0.00419687787909	0.0070578795102	0.0115887264513	0.0185798121491	0.0280867981139	0.042491996988	0.061717482657	0.0854960798712	0.119249219737	0.163733898795	0.218393501942	0.281569316169	0.357725394607	0.452194109944	0.559843470927	0.676966420969	0.809362889447	0.951555783743	1.10207563998	1.27227740628	1.45218653998	1.65332497372	1.87427890513	2.09324015448	2.340622171	2.61088106827	2.88058335044	3.14643385609	3.40271058197	3.65566988182	3.87680193007	4.05733447269	4.20227704559	4.28806256532	4.2927937937	4.25612399069	4.13959105266	3.94149173738	3.71138705367	3.44474615457	3.1475693509	2.83426184154	2.55027681582	2.29737317748	2.06380634782	1.86095353956	1.68714490739	1.53699241712	1.4016792855	1.27066322248	1.14929886535	1.02465047911	0.900970603153	0.779628510627	0.660245703265	0.545761108813	0.442408816427	0.351736216095	0.271060423019	0.205591354565	0.150876089908	0.10606857409	0.0730390338587	0.0496945964251	0.0336084199389	0.0218861058628	0.0133031009695	0.00803752209205	0.00527671117955	0.00301685386004	0.00148059617485	0.000701335030193	0.00035623366613	0.000200381437198	6.67938123993e-05	1.11323020666e-05	1.11323020666e-05	0.0	0.0	0.0	0.0	0.0	0.0	0.0	0.0	0.0	0.0	0.0
PD_214S_filtered_2	0.0	0.0	0.0	0.0	0.0	0.0	1.11316006774e-05	0.000166974010161	0.000289421617613	0.00038960602371	0.000790343648097	0.00169200330297	0.00253800495445	0.00392945503913	0.0067568816112	0.0112874430869	0.0180220614968	0.0279069228983	0.0415876601309	0.0601440384601	0.0839322691078	0.115835436649	0.160651260977	0.216320395964	0.279347519	0.353172294693	0.44663321398	0.554186739726	0.670968362432	0.79647716007	0.933529427611	1.0911640248	1.26135506756	1.44895593378	1.64535076453	1.8568400458	2.0884997875	2.33893853954	2.59375201065	2.85892900198	3.13503722519	3.3998023473	3.65435979159	3.88275797429	4.0620991928	4.20057630523	4.29256785323	4.32290146507	4.27664966426	4.14214653327	3.96228212953	3.73113444146	3.44898175909	3.14829496159	2.85033540626	2.56305105598	2.29742880061	2.06802877385	1.87190110152	1.69612199522	1.54047995455	1.40636642959	1.28096894795	1.15622823076	1.0286378238	0.904052949017	0.781037629931	0.658055705647	0.543667377085	0.440455175604	0.349131523647	0.269841132021	0.20277323794	0.147994631006	0.105650022029	0.0733795116656	0.0497693866288	0.0331053804147	0.020393092441	0.0126121035675	0.00805927889046	0.00481998309332	0.00282742657207	0.0014805028901	0.000701290842678	0.000367342822355	0.000200368812194	7.7921204742e-05	4.45264027097e-05	1.11316006774e-05	0.0	0.0	0.0	0.0	0.0	0.0	0.0	0.0	0.0	0.0	0.0
PD_215S_filtered_1	0.0	0.0	0.0	0.0	0.0	0.0	0.0	1.51233467724e-05	6.04933870898e-05	0.000136110120952	0.00027978191529	0.000499070443491	0.000816660725712	0.00174674655222	0.00344056139073	0.00584517352755	0.0100419022569	0.0167415448771	0.0266322136663	0.0419597256201	0.0616200764243	0.0883354684978	0.126952934481	0.176958280584	0.23632497834	0.309862252021	0.401592911869	0.507887354659	0.626968587145	0.760598479226	0.914281929128	1.08418516844	1.26735158288	1.4707227886	1.7037055073	1.9613241579	2.24084897629	2.52622652989	2.81758536713	3.10664545567	3.38204916207	3.64050715841	3.86235153221	4.04849724596	4.18667926542	4.26526017525	4.28405093362	4.23345577699	4.1237510195	3.97110351885	3.77540741162	3.53397074207	3.26051038573	2.98162830957	2.71586573674	2.47091288907	2.23552555823	2.01907265755	1.8382957319	1.68204131305	1.53665301885	1.40334827873	1.28032741441	1.1573897285	1.02806242857	0.904444192053	0.785733481562	0.664686213996	0.549741216852	0.444535655029	0.347481577117	0.26490810374	0.197571402235	0.142386309863	0.100146802327	0.0681911705969	0.0450524500351	0.0285982487467	0.0174069721351	0.0104502326198	0.00608714707591	0.00331957461655	0.0019206650401	0.0012098677418	0.000642742237829	0.00034027530238	0.000173918487883	4.53700403173e-05	7.56167338622e-06	7.56167338622e-06	0.0	0.0	0.0	0.0	0.0	0.0	0.0	0.0	0.0	0.0	0.0
PD_215S_filtered_2	0.0	0.0	0.0	0.0	0.0	7.55942577997e-06	3.02377031199e-05	2.26782773399e-05	7.55942577997e-06	7.55942577997e-05	0.000196545070279	0.000506481527258	0.000982725351396	0.00178402448407	0.00319763710493	0.00575272301856	0.0103337350412	0.0165853801613	0.0255055025816	0.0403068582588	0.0607929021225	0.0873642837391	0.125630097037	0.174297680209	0.23430440205	0.30679929528	0.39330180448	0.495686667244	0.608783236338	0.742214660781	0.897024141329	1.06595462923	1.25059360391	1.45040434613	1.67728539206	1.93546246072	2.20501646519	2.48222816796	2.76807273498	3.06141625237	3.35079107123	3.61058585701	3.84609220776	4.0483446445	4.18984953568	4.27424296508	4.29893204968	4.26080230605	4.16277923196	4.00403885001	3.80679075313	3.56670339036	3.29596255605	3.02646902699	2.75105646755	2.48642364927	2.24852851997	2.04182358145	1.86289197324	1.69787726788	1.54900193657	1.41411154296	1.28838317338	1.1651720926	1.04139405487	0.912241265424	0.783247223914	0.663619310946	0.549177164063	0.442816043339	0.348187151425	0.265252691193	0.19693816042	0.141331024382	0.0981742626045	0.0672410923128	0.0447971571721	0.0285595105967	0.0171976936494	0.0104924829826	0.00594170866306	0.00357560839393	0.00213175806995	0.00105076018342	0.000529159804598	0.000294817605419	0.000136069664039	5.29159804598e-05	2.26782773399e-05	0.0	7.55942577997e-06	7.55942577997e-06	0.0	0.0	0.0	0.0	0.0	0.0	0.0	0.0	0.0
PD_216S_filtered_1	0.0	0.0	0.0	0.0	0.0	0.0	0.0	0.0	0.0	0.0	0.0	0.00162670397241	0.00488011191723	0.00976022383447	0.0113869278069	0.0195204476689	0.0341607834206	0.0471744151999	0.0764550867033	0.123629501903	0.190324364772	0.265152747503	0.312327162703	0.395289065296	0.527052087061	0.689722484302	0.886553664964	1.05735758207	1.21189445945	1.37619156066	1.58278296516	1.82028174513	2.03500666949	2.24159807398	2.50187070957	2.78003708885	3.0191625728	3.27292839249	3.54458795588	3.78046003188	3.83902137489	3.97078439666	4.06513322706	3.93011679735	3.79184695969	3.66659075381	3.50066694863	3.35101018317	3.20786023359	2.97686826951	2.86625239939	2.73286267365	2.43029573478	2.11959527605	1.93740443114	1.82516185705	1.65598464391	1.51771480626	1.41848586394	1.3322705534	1.31763021765	1.20376093958	1.06874450987	1.04759735823	0.948368415916	0.842632657709	0.722256563751	0.618147509516	0.566092982399	0.447343592413	0.35787487393	0.266779451475	0.169177213131	0.13501642971	0.113869278069	0.0732016787585	0.0536812310896	0.0422943032827	0.0195204476689	0.0146403357517	0.00813351986206	0.00488011191723	0.00325340794482	0.0	0.0	0.0	0.0	0.0	0.0	0.0	0.0	0.0	0.0	0.0	0.0	0.0	0.0	0.0	0.0	0.0	0.0
PD_216S_filtered_2	0.0	0.0	0.0	0.0	0.0	0.0	0.0016250650026	0.0016250650026	0.0	0.0	0.0016250650026	0.0016250650026	0.0032501300052	0.016250650026	0.0178757150286	0.0178757150286	0.0276261050442	0.0536271450858	0.0796281851274	0.110504420177	0.160881435257	0.23725949038	0.33151326053	0.437142485699	0.552522100884	0.669526781071	0.802782111284	0.989664586583	1.16192147686	1.38455538222	1.62018980759	1.79732189288	2.1272100884	2.42947217889	2.6846073843	2.8731149246	3.06974778991	3.30213208528	3.51176547062	3.56864274571	3.77502600104	3.98628445138	3.90828133125	3.8757800312	3.84977899116	3.68077223089	3.50689027561	3.4987649506	3.3135075403	3.01937077483	2.74473478939	2.48147425897	2.29946697868	2.1889625585	2.01508060322	1.77294591784	1.73719448778	1.62018980759	1.38943057722	1.30492719709	1.23667446698	1.19279771191	1.14404576183	1.02704108164	0.885660426417	0.814157566303	0.749154966199	0.680902236089	0.578523140926	0.456643265731	0.355889235569	0.276261050442	0.182007280291	0.120254810192	0.089378575143	0.056877275091	0.0552522100884	0.0341263650546	0.0178757150286	0.0178757150286	0.008125325013	0.0016250650026	0.0032501300052	0.0016250650026	0.0	0.0	0.0	0.0	0.0	0.0	0.0	0.0	0.0	0.0	0.0	0.0	0.0	0.0	0.0	0.0	0.0
PD_217P_filtered_1	0.0	0.0	0.0	0.0	0.0	0.0	0.0	0.0	0.0	0.000931202741461	0.00279360822438	0.0046560137073	0.00931202741461	0.00838082467315	0.00744962193169	0.0307296904682	0.0549409617462	0.0717026110925	0.0968450851119	0.144336424926	0.188102953775	0.24863113197	0.329645770477	0.433940477521	0.592244943569	0.737512571237	0.87346817149	1.01221737997	1.2217379968	1.43870823556	1.64543524416	1.93876410772	2.1426975081	2.31497001527	2.58129399933	2.89697172868	3.19030059224	3.51622155176	3.81606883451	4.06842477744	4.30588147652	4.46325473982	4.54054456736	4.52471412076	4.36920326293	4.18575632287	4.00044697732	3.77230230566	3.50039110515	3.13815323872	2.81316348195	2.49376094163	2.22278094387	1.94248891869	1.63239840578	1.44243304652	1.34186315045	1.1882146981	1.07926397735	1.00942377174	0.878124185198	0.765448653481	0.686296420457	0.613662606623	0.571758483257	0.502849480389	0.447908518643	0.412522814467	0.339889000633	0.291466458077	0.239319104555	0.175066115395	0.124781167356	0.115469139941	0.08287704399	0.0540097590047	0.0540097590047	0.0344545014341	0.0111744328975	0.00372481096584	0.00558721644877	0.00372481096584	0.0	0.0	0.0	0.0	0.0	0.0	0.0	0.0	0.0	0.0	0.0	0.0	0.0	0.0	0.0	0.0	0.0	0.0	0.0
PD_217P_filtered_2	0.0	0.0	0.0	0.0	0.0	0.0	0.0	0.0	0.00186101909406	0.00465254773514	0.0065135668292	0.00465254773514	0.00465254773514	0.00837458592325	0.0158186622995	0.0307068150519	0.0437339487103	0.0642051587449	0.0967729928909	0.142367960695	0.226113819928	0.298693564596	0.3601071947	0.475490378531	0.584359995534	0.733241523058	0.916551903823	1.08404362229	1.25525737894	1.39855584918	1.57628317267	1.8461309413	2.09643800945	2.31603826255	2.62124539398	2.96088137864	3.27818513418	3.57036513195	3.87371124428	4.04957754867	4.12960136971	4.35199315145	4.47854244985	4.45714073026	4.38549149514	4.17519633751	3.95652659396	3.72203818811	3.41031748986	3.13302564484	2.86596940485	2.53936055384	2.24718055607	1.9410429151	1.68701380876	1.53999330033	1.40320839692	1.21059292068	1.07194699818	0.990062158038	0.860721331001	0.756504261734	0.683924517066	0.652287192467	0.584359995534	0.492239550378	0.431756429821	0.406632672051	0.338705475118	0.257751144527	0.21587821491	0.164700189824	0.130271336584	0.110730636096	0.0921204451558	0.0697882160271	0.0474559868984	0.0279152864108	0.0120966241114	0.00930509547028	0.00558305728217	0.00279152864108	0.00372203818811	0.000930509547028	0.0	0.0	0.0	0.0	0.0	0.0	0.0	0.0	0.0	0.0	0.0	0.0	0.0	0.0	0.0	0.0	0.0
PD_218S_filtered_1	0.0	0.0	0.0	0.0	0.0	0.0	0.0	0.0	0.0	0.0	0.0	0.0	0.0	0.0	0.0	0.0	0.0	0.0	0.0494071146245	0.098814229249	0.0494071146245	0.0	0.148221343874	0.247035573123	0.247035573123	0.148221343874	0.148221343874	0.395256916996	0.592885375494	0.790513833992	0.938735177866	1.13636363636	0.98814229249	1.23517786561	1.63043478261	1.53162055336	1.82806324111	2.0256916996	2.91501976285	3.55731225296	3.11264822134	2.71739130435	2.91501976285	4.05138339921	4.59486166008	4.6442687747	4.39723320158	4.19960474308	4.15019762846	3.40909090909	2.76679841897	2.86561264822	3.40909090909	3.06324110672	3.01383399209	3.45849802372	3.11264822134	2.96442687747	2.86561264822	2.27272727273	2.0256916996	2.0256916996	1.38339920949	1.08695652174	1.08695652174	0.741106719368	0.642292490119	0.592885375494	0.54347826087	0.345849802372	0.148221343874	0.197628458498	0.148221343874	0.098814229249	0.148221343874	0.098814229249	0.0	0.0	0.0	0.0	0.0	0.0	0.0	0.0	0.0	0.0	0.0	0.0	0.0	0.0	0.0	0.0	0.0	0.0	0.0	0.0	0.0	0.0	0.0	0.0	0.0
PD_218S_filtered_2	0.0	0.0	0.0	0.0	0.0	0.0	0.0	0.0	0.0	0.0	0.0	0.0	0.0	0.0	0.0	0.0	0.0	0.0	0.0493096646943	0.0493096646943	0.0	0.197238658777	0.443786982249	0.34516765286	0.147928994083	0.0986193293886	0.197238658777	0.443786982249	0.591715976331	0.591715976331	0.591715976331	0.788954635108	1.23274161736	1.38067061144	1.47928994083	1.42998027613	1.52859960552	2.5641025641	2.95857988166	2.51479289941	2.6134122288	2.81065088757	3.30374753452	3.89546351085	3.50098619329	4.14201183432	4.68441814596	4.14201183432	4.3392504931	4.3392504931	3.84615384615	3.59960552268	3.05719921105	2.85996055227	3.74753451677	3.74753451677	2.5641025641	2.07100591716	1.82445759369	1.92307692308	2.41617357002	1.97238658777	1.57790927022	1.57790927022	1.28205128205	1.23274161736	1.08481262327	0.542406311637	0.34516765286	0.394477317554	0.34516765286	0.197238658777	0.147928994083	0.0986193293886	0.0986193293886	0.0493096646943	0.0	0.0	0.0	0.0	0.0	0.0	0.0	0.0	0.0	0.0	0.0	0.0	0.0	0.0	0.0	0.0	0.0	0.0	0.0	0.0	0.0	0.0	0.0	0.0	0.0
PD_221P_filtered_1	0.0	0.0	0.0	0.0	0.0	1.04928072855e-05	2.09856145711e-05	7.34496509987e-05	0.000241334567567	0.000703018088131	0.00119618003055	0.00198314057697	0.00377741062279	0.00706165930316	0.0107026634312	0.0165051858601	0.0251617518707	0.0361791995205	0.0517924967614	0.0724108630775	0.100143352733	0.13745577544	0.183802505221	0.240148880344	0.307187426091	0.388737524314	0.485712049247	0.589318028385	0.706554164186	0.841418216227	0.980395448724	1.12925690568	1.29204231791	1.45720959739	1.63577619178	1.81781590538	1.99763114383	2.18575668565	2.35835287269	2.52661553032	2.69676689326	2.85576440206	2.98822560123	3.07349015323	3.14575411701	3.19382166719	3.19187000503	3.17251077559	3.13529278815	3.08295466541	3.02055394048	2.9304207259	2.84648876042	2.77399395488	2.71310419421	2.67210879614	2.62770323571	2.59119875916	2.54973118477	2.49827445784	2.4496717745	2.36466954268	2.23823121488	2.10247527422	1.94093850606	1.75103967981	1.55131958594	1.34604879701	1.13596180954	0.93460483773	0.752837937122	0.586547927261	0.444821579256	0.331488767765	0.238564466444	0.16842004974	0.11511658873	0.0753488491174	0.0492742230129	0.0305865332373	0.018299455906	0.0104508360564	0.00622223472032	0.00360952570622	0.00205659022796	0.00124864406698	0.00058759720799	0.000251827374853	0.000104928072855	1.04928072855e-05	1.04928072855e-05	0.0	0.0	0.0	0.0	0.0	0.0	0.0	0.0	0.0	0.0
PD_221P_filtered_2	0.0	0.0	0.0	0.0	0.0	0.0	1.049184731e-05	6.29510838603e-05	0.000241312488131	0.000545576060122	0.0011436113568	0.0020878776147	0.00358821178004	0.00632658392796	0.0102085674327	0.0163567899564	0.0243620694539	0.0358086748692	0.050895951301	0.070757018259	0.0990220549122	0.133592691799	0.178823045552	0.236433779132	0.30173503679	0.381168812774	0.472794115333	0.576002417322	0.698966867795	0.829516923874	0.962647974391	1.10968072259	1.2652748182	1.42624073963	1.59703752199	1.77874582556	1.96928826455	2.15171001373	2.33208585269	2.5135843193	2.67499089832	2.82904269238	2.96262489233	3.05527839592	3.13336921545	3.19016158494	3.2022167175	3.1860277971	3.15315683948	3.09619660043	3.02987763358	2.9531717379	2.88401997228	2.81437508984	2.74010330273	2.688137183	2.64826816322	2.60942734448	2.56727110199	2.52514633504	2.46389493044	2.37719030427	2.26457081525	2.118503317	1.95298393383	1.77166382862	1.5673875615	1.35437158556	1.1453425116	0.948515456065	0.761194014191	0.590229362274	0.449680575709	0.334228287909	0.240661993598	0.168425624868	0.114245725359	0.0759190071355	0.048661187824	0.0295660257197	0.0186545045173	0.011100374454	0.00624264914948	0.00346230961232	0.00182558143195	0.000975741799834	0.000524592365502	0.000230820640821	9.44266257904e-05	3.14755419301e-05	1.049184731e-05	0.0	0.0	0.0	0.0	0.0	0.0	0.0	0.0	0.0	0.0
PD_222S_filtered_1	0.0	0.0	0.0	0.0	0.0	0.0	0.0	1.08784832087e-05	2.17569664175e-05	0.000184934214548	0.000511288710811	0.000924671072742	0.00181670669586	0.00331793737866	0.00607019363047	0.00982327033749	0.0157194082366	0.0233017110331	0.0341258018258	0.0505631899542	0.0726573893511	0.0998427188898	0.133598652286	0.178439760073	0.234899087926	0.299963295998	0.379800484267	0.47263745997	0.580105995589	0.700933308588	0.832443292099	0.979019974853	1.14785403425	1.337520389	1.53797819908	1.76480545247	2.01007173489	2.26486756861	2.53333765572	2.80162280861	3.07015816662	3.32285445307	3.54472111812	3.74653873861	3.88961254977	3.961051549	3.97104887507	3.92873157538	3.83655818716	3.691863482	3.5139567676	3.33051290525	3.1462966706	2.9535517051	2.7590661823	2.58775182873	2.45727530112	2.33582791458	2.2072768785	2.0812714075	1.96464318901	1.83706033794	1.69922995569	1.55406747575	1.39902733306	1.24753357589	1.08942570094	0.928413270966	0.780792253824	0.644843849164	0.517739651353	0.406431011162	0.313909511471	0.23402880927	0.16964994564	0.122818075427	0.0868102960057	0.0583086699988	0.0386077369078	0.0256188279566	0.0157738006527	0.00919231831138	0.00547187705399	0.00295894743278	0.00139244585072	0.000750615341403	0.000446017811558	0.000195812697757	9.79063488786e-05	4.35139328349e-05	0.0	0.0	0.0	0.0	0.0	0.0	0.0	0.0	0.0	0.0	0.0
PD_222S_filtered_2	0.0	0.0	0.0	0.0	2.17522574493e-05	2.17522574493e-05	1.08761287246e-05	2.17522574493e-05	3.26283861739e-05	0.000152265802145	0.000358912247913	0.000761329010725	0.0015879147938	0.00302356378545	0.00577522435278	0.00951661263406	0.0148024111942	0.0221329219546	0.0330090506793	0.0496821560142	0.0704664380069	0.0969498114514	0.132645265926	0.178031351094	0.2332385805	0.29736423546	0.374780519722	0.465987735207	0.568114583932	0.685652907059	0.819548927788	0.967627420374	1.13482614726	1.31382547381	1.51643687582	1.74716307058	1.98651403543	2.2368933948	2.50471806464	2.77519650989	3.04054142239	3.29914313507	3.52923851437	3.71643844198	3.85653385608	3.95757309194	3.99176764065	3.94565285485	3.8483223789	3.7137955427	3.54870678479	3.36540051127	3.16181025767	2.95411970354	2.77782853305	2.62819475405	2.49178634759	2.35483413469	2.22848614729	2.10503121014	1.97519198542	1.84514611426	1.70813952072	1.56698912213	1.41266773166	1.25139649493	1.09060380786	0.932715047168	0.784462536522	0.649511531307	0.522663241991	0.40908382972	0.31629957557	0.235489939146	0.1714077887	0.125173365492	0.0863999665885	0.056914781616	0.0379685653777	0.0243516522145	0.0152809608581	0.00920120490104	0.00502477147078	0.00294743088438	0.00152265802145	0.000641691594754	0.000337159990464	0.000228398703217	0.000119637415971	2.17522574493e-05	0.0	0.0	0.0	0.0	0.0	0.0	0.0	0.0	0.0	0.0	0.0
PD_223P_filtered_1	0.0	0.0	0.0	0.0	7.5994425049e-06	7.5994425049e-06	1.51988850098e-05	9.11933100588e-05	0.000326776027711	0.000843538118044	0.00169467567859	0.00351094243726	0.00614794898646	0.010038863549	0.0158372381802	0.0230339102323	0.0328599893912	0.0453002767717	0.0597772147435	0.0791481936885	0.107334525939	0.141243238396	0.180395566181	0.229427169223	0.289515961109	0.360608745742	0.441466813995	0.529924324752	0.626999603309	0.732844638517	0.843492521389	0.962097020563	1.08540557465	1.21329659256	1.35381028448	1.50139905737	1.65600971513	1.82024886654	1.99733107579	2.18208872197	2.36359380676	2.53350974173	2.69168453802	2.8257007066	2.92505581791	2.99054021397	3.01868854901	3.01744983988	2.99574583209	2.95619833329	2.90747070795	2.8570788047	2.82601228374	2.81591262465	2.81280445267	2.81933997322	2.83054155147	2.84547445599	2.86139528804	2.8582947155	2.82673423078	2.76688862105	2.67105205162	2.53484724361	2.35874536244	2.1444410838	1.89501218191	1.63701870831	1.38430684725	1.13327446299	0.902616184077	0.702826840623	0.529840730884	0.38824031869	0.276057348433	0.192805455792	0.13172873638	0.0876671687365	0.0572845976019	0.0364165284835	0.0229047197098	0.0141273636166	0.00854177337551	0.00492443874317	0.00271300097425	0.00132230299585	0.00074474536548	0.000433168222779	0.000243182160157	9.87927525637e-05	5.31960975343e-05	1.51988850098e-05	0.0	0.0	0.0	0.0	0.0	0.0	0.0	0.0	0.0
PD_223P_filtered_2	0.0	0.0	0.0	0.0	0.0	7.59849665263e-06	3.03939866105e-05	8.3583463179e-05	0.000273545879495	0.000714258685348	0.00158048730375	0.00335853552046	0.00603320634219	0.00961969676223	0.0153641602316	0.0230842328307	0.0324075882235	0.0445955768543	0.0594962287901	0.0791991306104	0.106158596734	0.138087479668	0.176801820113	0.226511185215	0.285749065119	0.351726811554	0.432939543777	0.525360058563	0.621952148011	0.725922377709	0.834687258795	0.950853075621	1.07014947307	1.19966584851	1.34257077506	1.48863667621	1.63618428421	1.79788789148	1.97351194461	2.14918918722	2.32587702988	2.50238250863	2.66826528905	2.79930896232	2.90408463266	2.9841271964	3.01314585512	3.01287230924	3.0004715627	2.97159727542	2.93395432301	2.88991343641	2.84750622659	2.82599488256	2.82695989164	2.83444441084	2.84745303711	2.86816653899	2.87911597266	2.87378182801	2.84886635749	2.78547209992	2.68829492623	2.56170397199	2.38047222833	2.15658252446	1.9081648734	1.64774919612	1.39402019589	1.14282909355	0.905809187464	0.703453623108	0.531066529549	0.388898657178	0.278104977486	0.191953222439	0.131940295876	0.0885376829965	0.0560997007864	0.0352494259716	0.0224231636219	0.0135709150216	0.00826716435807	0.0048934318443	0.00271266330499	0.00148930534392	0.000767448161916	0.000440712805853	0.000243151892884	6.83864698737e-05	2.27954899579e-05	1.51969933053e-05	0.0	0.0	0.0	0.0	0.0	0.0	0.0	0.0	0.0
PD_224S_filtered_1	0.0	0.0	0.0	0.0	0.0	0.0	0.0	0.0	1.4208218602e-05	4.97287651069e-05	0.000163394513923	0.000426246558059	0.000852493116118	0.00179023554385	0.00390015600624	0.00755877229625	0.0138530131369	0.0232659579607	0.0365222259164	0.0565984388009	0.0848585856003	0.122325658054	0.172395420407	0.236666297253	0.315493494057	0.407207545132	0.517342551626	0.641458445223	0.779924639609	0.937884509916	1.11778897385	1.30888951405	1.50572307045	1.7229880452	1.97311662958	2.23774470104	2.51961444578	2.82129044725	3.1422825219	3.47156509211	3.7681403431	4.03293891318	4.27205612815	4.46884705989	4.59702650401	4.62601837407	4.55759869739	4.39754311484	4.15450443154	3.85140050411	3.51586631771	3.16187565535	2.79794634408	2.46334279601	2.15878252616	1.89053846307	1.67472272661	1.5063695444	1.38034974951	1.27986922756	1.1954297844	1.12387009142	1.04941192183	0.973127996158	0.886202114751	0.791618003518	0.689567473409	0.586636033747	0.490560059561	0.393098784061	0.305917154719	0.232148083738	0.171258762919	0.123028964874	0.0857110787164	0.0591417099307	0.0399250942715	0.0255179606091	0.0160055582551	0.0101446680818	0.00621609563836	0.00367282450861	0.00220937799261	0.00115796981606	0.000554120525477	0.000262852044136	0.000127873967418	9.94575302138e-05	6.39369837089e-05	2.1312327903e-05	0.0	0.0	0.0	0.0	0.0	0.0	0.0	0.0	0.0	0.0	0.0
PD_224S_filtered_2	0.0	0.0	0.0	0.0	0.0	0.0	0.0	7.10330896283e-06	2.84132358513e-05	4.97231627398e-05	0.000205995959922	0.000390681992956	0.000802673912799	0.00176872393174	0.00384289014889	0.00787756963978	0.0139722087299	0.0226666589004	0.0354952348872	0.0556260124879	0.0844299303322	0.122361600194	0.172035039771	0.234558365262	0.314051495865	0.406557888487	0.511701067755	0.632230014236	0.770339650401	0.92560377771	1.10527487462	1.29557252173	1.48990484834	1.70784147062	1.95346679125	2.21866172807	2.50221161525	2.80301543989	3.11667625377	3.43704969461	3.75218089343	4.03042460882	4.27143988193	4.4747863076	4.59101064885	4.62029759171	4.56426669061	4.42082957272	4.19270680538	3.8868809413	3.54705153721	3.17973943074	2.81484244932	2.48306819759	2.16917297452	1.8932733511	1.68266734366	1.52119492432	1.39116885375	1.29120398672	1.20295247616	1.12866607103	1.05264645851	0.9720381084	0.890073026278	0.795698463398	0.691336648116	0.585753063693	0.486626387116	0.393011878295	0.307111563008	0.230850437983	0.169335782365	0.121438170028	0.083705392818	0.0580056209904	0.039941906298	0.0256287387379	0.0163091973787	0.0101861450527	0.00605912254529	0.0037079272786	0.00224464563225	0.00120045921472	0.000539851481175	0.000184686033034	0.000142066179257	8.52397075539e-05	2.84132358513e-05	7.10330896283e-06	0.0	0.0	0.0	0.0	0.0	0.0	0.0	0.0	0.0	0.0	0.0
PD_225P_filtered_1	0.0	0.0	0.0	0.0	0.0	0.0	0.0	8.28225940036e-06	4.96935564022e-05	0.000132516150406	0.000273314560212	0.000414112970018	0.000703992049031	0.00129203246646	0.00308100049694	0.0068162994865	0.0122411793937	0.0212936889183	0.0349925459665	0.0537270167302	0.082251118105	0.123380818287	0.175236044393	0.2397796919	0.323322842471	0.418519132019	0.526768262382	0.654886533046	0.797614709293	0.945320523439	1.10855557396	1.2883302965	1.47283418917	1.67557561703	1.90135829054	2.12956766606	2.36112307437	2.60784329965	2.85943349346	3.10802550936	3.36705317211	3.60730495279	3.80435646844	3.96403014742	4.08276461819	4.13596985258	4.10320523439	4.00070399205	3.84985091933	3.65891171111	3.43995361935	3.19513003147	2.9330876263	2.6800894484	2.44452542654	2.23314560212	2.05045552427	1.89550273315	1.76091601789	1.64165148252	1.53717906245	1.43976312738	1.34296007951	1.24042570813	1.12448235879	1.00671691237	0.888553917509	0.773794931257	0.658365081994	0.541494119596	0.434156037767	0.342280934239	0.262812655292	0.195337087958	0.1417177406	0.10027331456	0.0681133013086	0.0448732814312	0.0294848434653	0.0183783336094	0.0107503727017	0.00637733973828	0.00400033129038	0.00215338744409	0.00104356468445	0.000579758158026	0.000298161338413	0.000165645188007	6.62580752029e-05	2.48467782011e-05	8.28225940036e-06	8.28225940036e-06	0.0	0.0	0.0	0.0	0.0	0.0	0.0	0.0	0.0
PD_225P_filtered_2	0.0	0.0	0.0	0.0	0.0	0.0	0.0	8.28320064198e-06	6.62656051358e-05	0.000182230414124	0.000256779219901	0.000463859235951	0.00079518726163	0.00133359530336	0.00282457141892	0.00601360366608	0.0112154536692	0.0200287791523	0.0341350698456	0.0531367321183	0.0799246029945	0.120702799755	0.174162576698	0.239136002534	0.319549314366	0.412992100809	0.522123269267	0.647381829375	0.786291104141	0.93789024229	1.10218752702	1.28322516026	1.4670128161	1.66162661518	1.88194318586	2.10890288345	2.3444274105	2.58662819727	2.82967387051	3.08796891613	3.34877377154	3.5933601201	3.80931972724	3.97515768729	4.0784491993	4.13683748062	4.11661818785	4.01705411614	3.87115382003	3.67365746712	3.45222266436	3.21568758683	2.9585024901	2.69937084121	2.46000290906	2.24684302374	2.06367660794	1.90725664702	1.76592867767	1.64755345729	1.54596000142	1.44540194562	1.34482732343	1.23584525258	1.12536392242	1.01389689138	0.89595239744	0.775945386539	0.655292285988	0.538880184165	0.433087145566	0.342386098536	0.26475594212	0.195458685549	0.140549348493	0.0998705501404	0.0685103525098	0.0450854610943	0.0287427062277	0.0176846333706	0.0106521960256	0.00623725008341	0.00357005947669	0.0021701985682	0.00115964808988	0.000563257643655	0.000256779219901	0.000140814410914	5.79824044939e-05	2.48496019259e-05	1.6566401284e-05	8.28320064198e-06	8.28320064198e-06	0.0	0.0	0.0	0.0	0.0	0.0	0.0	0.0
PD_226S_filtered_1	0.0	0.0	0.0	0.0	0.0	0.0	0.0	1.09799374583e-05	7.68595622079e-05	0.000153719124416	0.000285478373915	0.000647816310038	0.00116387337058	0.00227284705386	0.00404061698465	0.00646718316292	0.0103540810232	0.0170957626225	0.0264177295246	0.0395387547873	0.0586548259021	0.0853250939883	0.122525122097	0.168498120235	0.226779628263	0.30385878922	0.391138312076	0.486147710903	0.602765626647	0.736819683075	0.884818260075	1.04717859527	1.22595393697	1.4175209058	1.64188494782	1.88562857946	2.13325910896	2.401158603	2.67304381434	2.93162134148	3.19294385299	3.44344014616	3.64738150451	3.81340913882	3.91100980289	3.93916236253	3.91315089069	3.83315106637	3.70929737184	3.52944599628	3.31947665226	3.10333658339	2.89044657602	2.6919073469	2.50606092548	2.34566599909	2.21449966621	2.1059520045	2.02283387794	1.95798636731	1.89558738273	1.82954305892	1.74929069604	1.64796783318	1.530021345	1.39474851551	1.24487236921	1.08564131619	0.924708372861	0.766882751836	0.613471065669	0.478889972243	0.366839710481	0.271358174344	0.193927655388	0.137446857103	0.0937357260813	0.0596430202734	0.0378149046063	0.0240680229085	0.014087259759	0.00740047784688	0.00385395804785	0.00229480692878	0.00115289343312	0.000581936685289	0.000340378061207	9.88194371245e-05	2.19598749166e-05	3.29398123748e-05	1.09799374583e-05	0.0	0.0	0.0	0.0	0.0	0.0	0.0	0.0	0.0	0.0
PD_226S_filtered_2	0.0	0.0	0.0	0.0	0.0	0.0	0.0	0.0	3.29361236817e-05	0.000120765786833	0.000263488989454	0.000526977978908	0.000977105002558	0.00177855067881	0.00338144203132	0.0064884163653	0.0105395595782	0.016347296054	0.0256023468086	0.0395892206654	0.0587470659403	0.0848324758962	0.121204935149	0.167293550887	0.22534895823	0.299235662356	0.384660988479	0.483820678177	0.598207835723	0.721630469867	0.867932731261	1.03803683137	1.22255597494	1.41829535798	1.6286034864	1.86069337128	2.11118357058	2.376703621	2.64740562154	2.92456310232	3.19293761679	3.42848579465	3.63947460296	3.80255233001	3.90626818348	3.95944904452	3.94471561853	3.85335081144	3.71396513602	3.54031491326	3.34293970274	3.13285114848	2.90657997879	2.69937882471	2.51718716721	2.35408748274	2.22327617818	2.12425921168	2.03378367993	1.95867833923	1.90122676082	1.83100694513	1.7466794898	1.64664150347	1.52549146186	1.39632696349	1.2466981536	1.08775939942	0.928546177543	0.764974408632	0.615082109756	0.481416341148	0.366557099162	0.270153065145	0.19397181107	0.13579563794	0.0912220838905	0.0593838309982	0.0377447977393	0.0229345207904	0.0133171726753	0.00722398979419	0.00424875995494	0.00241531573666	0.00118570045254	0.000537956686802	0.000230552865772	4.39148315756e-05	1.09787078939e-05	2.19574157878e-05	1.09787078939e-05	0.0	0.0	0.0	0.0	0.0	0.0	0.0	0.0	0.0	0.0
PD_227P_filtered_1	0.0	0.0	0.0	0.0	1.20834064379e-05	2.41668128759e-05	6.04170321897e-05	0.000132917470817	0.000229584722321	0.000543753289707	0.00107542317298	0.00218709656527	0.00368543896357	0.00594503596747	0.0104400631624	0.0179196917475	0.0274655828334	0.0416031683658	0.0609849522923	0.0867346914115	0.122658658752	0.167379345978	0.221827175388	0.287476322565	0.367601390655	0.458843192668	0.556307948996	0.665723194292	0.784962249022	0.914544699662	1.04747425389	1.19106137259	1.35088858954	1.51475166425	1.69665526476	1.89558438495	2.10758775091	2.31493900538	2.52302734765	2.74899913144	2.9610145808	3.14985405662	3.30792917964	3.42707156712	3.50957706627	3.53347804421	3.52121338667	3.492176961	3.42611697801	3.32767346576	3.2160832073	3.07927487961	2.93712568628	2.81171201086	2.68467915898	2.56692636324	2.45737820047	2.34723795079	2.24243856675	2.14225504398	2.04073026308	1.93346586414	1.82073976548	1.6929698258	1.54502059737	1.3920930055	1.22727534168	1.06349685082	0.902328375753	0.745292425686	0.597004861879	0.46612948675	0.360073428444	0.26907329456	0.199279538975	0.140626684125	0.0946734894413	0.0643320558756	0.0420623378105	0.0261484915317	0.0161313475947	0.00984797624692	0.00593295256103	0.00329876995756	0.00167959349487	0.000918338889284	0.000483336257518	0.000217501315883	7.25004386277e-05	3.62502193138e-05	1.20834064379e-05	0.0	0.0	0.0	0.0	0.0	0.0	0.0	0.0	0.0	0.0
PD_227P_filtered_2	0.0	0.0	0.0	0.0	1.20853807983e-05	2.41707615965e-05	2.41707615965e-05	9.66830463861e-05	0.000217536854369	0.000386732185544	0.000821805894282	0.00201825859331	0.00378272418986	0.00632065415749	0.0102121467745	0.0164965447896	0.0266361792794	0.041815417562	0.0613695636936	0.0861204235684	0.11991114828	0.167032048013	0.222818165778	0.289650321592	0.366706709562	0.454422403396	0.556954774088	0.66341489354	0.781730771555	0.914198630485	1.05076343351	1.19480908724	1.35044462116	1.51186905248	1.6907931152	1.88658836951	2.09155642785	2.30064560104	2.51357792533	2.74091602352	2.95703888834	3.14528077965	3.28980984862	3.40596244347	3.49532174909	3.53522767649	3.54048481714	3.50074808507	3.42295448887	3.33015084972	3.21767221063	3.08114366376	2.95314739572	2.82580373825	2.68697896902	2.56388936559	2.4559427443	2.35703598785	2.25336759136	2.15412244424	2.05335453915	1.93548582022	1.81903109085	1.69325853288	1.54868112239	1.39190956268	1.22660572412	1.06340474182	0.903200933958	0.745305433829	0.602311208224	0.477662590671	0.365437744578	0.27100257902	0.196798340919	0.139574062839	0.0963446557238	0.0644513357971	0.0412353192837	0.0268899722761	0.0172941799223	0.0102484029169	0.00618771496871	0.00342016276591	0.00192157554692	0.000954745083063	0.000459244470334	0.00020545147357	6.04269039913e-05	3.62561423948e-05	2.41707615965e-05	0.0	0.0	0.0	0.0	0.0	0.0	0.0	0.0	0.0	0.0
PD_228S_filtered_1	0.0	0.0	0.0	0.0	0.0	0.0	9.9197531648e-06	4.9598765824e-05	0.000138876544307	0.000367030867098	0.000932456797491	0.00202362964562	0.00400758027858	0.00762829018373	0.0131337531902	0.0216647409119	0.0343521052097	0.0498665991594	0.0729597845271	0.105079945275	0.144302649288	0.192334094112	0.249104841474	0.315567187679	0.390987070991	0.473003590157	0.563908208159	0.66922622751	0.781597191361	0.896606809553	1.02838081059	1.16712839811	1.31705554744	1.47290478942	1.64964503155	1.85147232944	2.05569028785	2.2798072711	2.50666210623	2.73190002159	2.95031314677	3.15002753723	3.31954619907	3.45956351499	3.56858160227	3.62283273233	3.62874490521	3.58678434933	3.51008481786	3.40160239725	3.27131635918	3.13558437663	2.98616313471	2.84125538047	2.70619794114	2.58544478586	2.47201240842	2.36556353721	2.27582945008	2.17622520855	2.06565963978	1.95060042282	1.81910417487	1.67088322308	1.51824798113	1.34942370202	1.16666216971	0.989485458435	0.82187138921	0.666329659586	0.525786596747	0.404924324187	0.304566181419	0.222569501759	0.15675193951	0.107242451465	0.0721761240271	0.0485373522354	0.030761154564	0.0189070495321	0.0115069136712	0.00688430869637	0.00381910496845	0.00202362964562	0.00106141358863	0.000525746917734	0.000317432101274	0.000148796297472	4.9598765824e-05	0.0	0.0	0.0	0.0	0.0	0.0	0.0	0.0	0.0	0.0	0.0	0.0
PD_228S_filtered_2	0.0	0.0	0.0	0.0	0.0	0.0	0.0	5.94995492909e-05	0.000138832281679	0.000277664563358	0.000892493239364	0.00202298467589	0.00437321687288	0.0075266929853	0.0122271573793	0.0201306808434	0.0321000068424	0.0488788797425	0.0729662806138	0.106028196836	0.14332449765	0.189823395421	0.248509784205	0.310815728904	0.384317505462	0.470046439398	0.563549981109	0.666910614819	0.775358459993	0.889478595533	1.02054618603	1.16341452047	1.30898016781	1.46689197163	1.63982741164	1.82798481968	2.03614399288	2.25128444652	2.47751164952	2.70348102113	2.92437309787	3.12548157448	3.29802035083	3.44557923307	3.55050668825	3.61921875108	3.64064850542	3.60448269604	3.52594329098	3.42047042327	3.29236789365	3.15163162639	3.0060064795	2.86283073072	2.72974015555	2.60281770032	2.48734890833	2.3883614915	2.29112931136	2.1906444892	2.08388246459	1.9617298899	1.83513468219	1.68698080445	1.51422386309	1.34631613499	1.17140729326	0.992303733299	0.824762919088	0.668120438988	0.525291770915	0.403079696671	0.302297376764	0.220217748517	0.155660737537	0.108309012893	0.0733926940503	0.0481351353763	0.0303348535468	0.0183754441393	0.0111958318582	0.00698128045013	0.00406580253488	0.00220148332376	0.00113049143653	0.000475996394327	0.000267747971809	0.000138832281679	5.94995492909e-05	4.95829577424e-05	3.96663661939e-05	9.91659154849e-06	0.0	0.0	0.0	0.0	0.0	0.0	0.0	0.0	0.0
PD_229P_filtered_1	0.0	0.0	0.0	0.0	0.0	1.01320017451e-05	1.01320017451e-05	0.0	2.02640034903e-05	2.02640034903e-05	6.07920104708e-05	0.000172244029667	0.000293828050609	0.000638316109944	0.00151980026177	0.00286735649387	0.00513692488478	0.00976724968231	0.0160794867695	0.0247322162599	0.038481342628	0.0583299340467	0.0854533027185	0.121432040915	0.167937928926	0.229084559458	0.300403719742	0.38440814621	0.484856811512	0.599084999186	0.732006730081	0.886529888696	1.06092190273	1.25413917601	1.47127810541	1.71697914773	1.97416988003	2.23317424064	2.51273643279	2.81575420899	3.10358411456	3.35912333058	3.58133839285	3.76653112075	3.89008075003	3.92985898888	3.91217864583	3.86017108088	3.76822316504	3.62025541155	3.45818391164	3.29204947902	3.11385796433	2.95034772017	2.79045460063	2.63672173815	2.51240207674	2.40022055341	2.29179800274	2.19393299788	2.09636182108	1.98359264165	1.86780412571	1.74412278041	1.58996437386	1.41354595947	1.23357121247	1.05092161701	0.865070309	0.692228491229	0.536742792449	0.403020633416	0.292237326335	0.206176103512	0.143681916748	0.0977332888336	0.0630311828565	0.0393729587816	0.0245397082267	0.0151676066125	0.00920998958633	0.00554220495459	0.00316118454448	0.00163125228097	0.000851088146591	0.000496468085512	0.000263432045374	0.000101320017451	4.05280069805e-05	1.01320017451e-05	0.0	0.0	0.0	0.0	0.0	0.0	0.0	0.0	0.0	0.0	0.0
PD_229P_filtered_2	0.0	0.0	0.0	0.0	0.0	0.0	0.0	1.01311846577e-05	2.02623693153e-05	3.0393553973e-05	0.000101311846577	0.000192492508496	0.000324197909045	0.000536952786856	0.00139810348276	0.0030393553973	0.00510611706746	0.00871281880559	0.0147813984155	0.0238792022381	0.0376880069265	0.056582666313	0.0824982366673	0.118686828264	0.165614475599	0.22167032031	0.29119050943	0.374256092439	0.476185941279	0.592998500382	0.720357622713	0.869488660874	1.04204299796	1.22940912702	1.44594293671	1.69432919096	1.94843956455	2.21377529073	2.49436858101	2.78892264374	3.08289922896	3.34465864696	3.57361328903	3.75749429057	3.87363819149	3.93704927626	3.94651180273	3.8825435028	3.7689627916	3.63276927625	3.49198633425	3.32407207973	3.13644253987	2.97116239337	2.80981314651	2.65063197317	2.51473226217	2.40672370253	2.31087256449	2.21096895258	2.11094376645	2.00035175473	1.88700406078	1.75698043689	1.59372652731	1.4280512646	1.24299504565	1.04511274691	0.862092896074	0.691169679715	0.533690545396	0.398256868893	0.291068935215	0.206220263707	0.142596424057	0.0969250436198	0.0623675727525	0.0394609642416	0.0245478604255	0.0152474329098	0.00910793500723	0.00539992142253	0.00324197909045	0.0016513830992	0.000769970033982	0.000425509755622	0.000253279616441	0.000141836585207	6.07871079459e-05	1.01311846577e-05	0.0	0.0	0.0	0.0	0.0	0.0	0.0	0.0	0.0	0.0	0.0
PD_230S_filtered_1	0.0	0.0	0.0	0.0	0.0	0.0	1.02604744567e-05	1.02604744567e-05	2.05209489133e-05	9.23442701099e-05	0.000194949014676	0.000318074708156	0.000646409890769	0.00138516405165	0.00271902573101	0.00524310244735	0.00878296613489	0.0145083108817	0.0227577323449	0.0363118191021	0.0552423944746	0.080955143463	0.11697966928	0.164639573131	0.226274243193	0.299657156507	0.389713340813	0.498895049506	0.631942621785	0.781919976918	0.945512981655	1.1367374441	1.3525665243	1.58184708651	1.83601955975	2.12194820143	2.41844513181	2.71645035192	3.02724012322	3.33904568148	3.62670834335	3.88505682969	4.09762307901	4.2545262544	4.33678447812	4.33300862352	4.25109925593	4.09869016835	3.90773247824	3.67849295793	3.40974035049	3.13554969158	2.85894782118	2.59737754585	2.3647007666	2.16436500283	1.9926970047	1.84755233304	1.73557977529	1.6357556193	1.54199540372	1.45145697711	1.35361309269	1.24848427141	1.13893318564	1.01300638263	0.880543657395	0.752205642892	0.628207809083	0.511248660752	0.401246114102	0.304838696107	0.226479452682	0.166517239957	0.118251968113	0.0805755059081	0.0556528134529	0.038107402132	0.0248713900829	0.0154933164295	0.00926520843436	0.00550987478322	0.00322178897939	0.00164167591306	0.000697712263052	0.000338595657069	0.00018468854022	0.000205209489133	0.000143646642393	3.078142337e-05	1.02604744567e-05	0.0	0.0	0.0	0.0	0.0	0.0	0.0	0.0	0.0	0.0
PD_230S_filtered_2	0.0	0.0	0.0	0.0	0.0	0.0	0.0	0.0	0.0	4.10337551877e-05	0.000112842826766	0.000318011602705	0.000636023205409	0.00131308016601	0.00259538501562	0.00479069091816	0.00790925631243	0.013335970436	0.0222915875057	0.0354531644822	0.0544107593789	0.0785078321129	0.113037737103	0.162544962737	0.222946650374	0.29494037385	0.384588870497	0.494497783767	0.620656064091	0.764222915054	0.930399365126	1.12368886894	1.3385416111	1.56948984374	1.8199598854	2.09030052302	2.39713042743	2.71673208815	3.01712995144	3.31688153309	3.61629458625	3.88134186945	4.10222657362	4.26762338235	4.34096096131	4.33878617228	4.2729782874	4.13406876765	3.9312491742	3.68659566733	3.42636985037	3.14780194484	2.87481463001	2.61798435629	2.37796766376	2.1743273952	2.00631468459	1.85941384101	1.73538931596	1.63872404718	1.54666481741	1.45360026065	1.36028950135	1.25573549313	1.13653243431	1.01173852635	0.88192824181	0.754559465708	0.631027345715	0.507238764753	0.395637209081	0.3011672462	0.222926133496	0.163098918432	0.116033201232	0.0799953057384	0.0554058279422	0.0367149524542	0.0236662183045	0.0151106803479	0.00905820145768	0.00531387129681	0.00292365505712	0.00138488923758	0.000697573838191	0.000461629745862	0.000194910337142	0.000112842826766	9.23259491723e-05	3.07753163908e-05	1.02584387969e-05	1.02584387969e-05	0.0	0.0	0.0	0.0	0.0	0.0	0.0	0.0	0.0
PD_231P_filtered_1	0.0	0.0	0.0	0.0	0.0	0.0	0.0	0.0	8.49145699986e-06	2.54743709996e-05	0.000110388940998	0.000314183908995	0.000713282387988	0.00139259894798	0.00286162100895	0.00512884002791	0.00830464494586	0.0138835321948	0.0219079590596	0.0329213787884	0.0495221772232	0.0718377262188	0.101371013664	0.140338309837	0.190319025738	0.249733750366	0.321970575064	0.411487514756	0.51761374434	0.64121539243	0.776637148664	0.924541346687	1.09806427048	1.29035331424	1.50165473023	1.74363578035	2.00124960281	2.2655716763	2.53458103406	2.81276965683	3.08657668779	3.34204217163	3.57248333169	3.76651312414	3.92221247969	4.02182576176	4.0669408728	4.05676810731	3.9956720742	3.88909579739	3.73968861148	3.55507584484	3.33679445121	3.1129766276	2.90167521162	2.6994256888	2.5094548128	2.34218160136	2.18627845084	2.02940727422	1.87820839088	1.73709735846	1.60001976811	1.45663302521	1.30572285141	1.15656191775	1.00734154389	0.862681082443	0.721374746509	0.588228700751	0.473908215162	0.369386870951	0.279700102118	0.209025705508	0.152820751626	0.10814719635	0.0769241089617	0.0547274403641	0.0368274490084	0.0239713831106	0.0149534557767	0.00908585898985	0.00551944704991	0.00306541597695	0.00156242808797	0.000636859274989	0.000305692451995	0.000237760795996	0.000110388940998	3.39658279994e-05	3.39658279994e-05	1.69829139997e-05	0.0	0.0	0.0	0.0	0.0	0.0	0.0	0.0	0.0
PD_231P_filtered_2	0.0	0.0	0.0	0.0	0.0	0.0	8.49221705292e-06	3.39688682117e-05	2.54766511587e-05	2.54766511587e-05	0.0001443676899	0.00040762641854	0.000764299534762	0.00146915355015	0.00281941606157	0.00489151702248	0.00838181823123	0.0138338215792	0.0215362624462	0.0329582943824	0.0487962791861	0.0696616564851	0.0981615369146	0.137769237249	0.187032588373	0.245416580612	0.317039939236	0.404790018044	0.507367507826	0.623821280273	0.759705245337	0.912395307948	1.08113566079	1.27050360885	1.48816762414	1.72485420562	1.97478015348	2.24179244206	2.51511444791	2.79366765946	3.06597059927	3.32908496022	3.56982232923	3.76760606439	3.93150585352	4.03894938367	4.0762641854	4.07296920518	4.01089959074	3.89696800676	3.7619332634	3.5840467928	3.36549958694	3.13682116614	2.91471572134	2.70641862146	2.52398032251	2.35785557252	2.19210448009	2.03735080873	1.88735277893	1.74335874658	1.60425623125	1.45641522457	1.30610298274	1.15557843548	1.00473118396	0.865059690095	0.728377456629	0.590786555937	0.472150283708	0.371415605026	0.284574193443	0.210938179377	0.152477757185	0.10978738206	0.0780264902822	0.0533735841776	0.0353615918083	0.0234470112831	0.0153369439976	0.00923103993652	0.00535009674334	0.003048705922	0.001605029023	0.000849221705292	0.000450087503805	0.000305719813905	0.000161352124005	4.24610852646e-05	8.49221705292e-06	0.0	0.0	0.0	0.0	0.0	0.0	0.0	0.0	0.0	0.0
PD_232S_filtered_1	0.0	0.0	0.0	0.0	0.0	0.0	0.0	0.0	1.04529514745e-05	9.40765632703e-05	0.000250870835387	0.000554006428147	0.000951218584177	0.00197560782868	0.00362717416164	0.00571776445654	0.010024380464	0.0164424926693	0.0248362127033	0.0370870718314	0.0548466363866	0.0784807596703	0.108449371548	0.144668848407	0.19190573612	0.247588608624	0.316212235054	0.404633751577	0.499431568499	0.609898359681	0.742870355388	0.887340597716	1.0506261527	1.23596743529	1.4433435396	1.67190777654	1.9123361134	2.16853795404	2.42877463395	2.67776393807	2.92887519134	3.15389587773	3.33690615215	3.49363770656	3.59754004421	3.66035182962	3.68509396576	3.66441802775	3.62163409736	3.5655540127	3.49029276208	3.39812908893	3.30448109667	3.21241150009	3.09519210225	2.95569746482	2.82593452522	2.68301131971	2.52315433281	2.35812313493	2.1966354876	2.02586561936	1.85111317661	1.68036421428	1.50493232968	1.33470601492	1.16090479075	0.993448508134	0.841880711754	0.701163079005	0.566988993878	0.444543120306	0.340044964416	0.252041565952	0.182843027191	0.131163635102	0.0916305726252	0.0629476737793	0.0417804470435	0.0267595557746	0.0165052103782	0.00912542663721	0.00505922851364	0.0029895441217	0.00170383109034	0.000846689069432	0.000313588544234	0.000135888369168	6.27177088468e-05	1.04529514745e-05	0.0	0.0	0.0	0.0	0.0	0.0	0.0	0.0	0.0	0.0	0.0
PD_232S_filtered_2	0.0	0.0	0.0	0.0	0.0	0.0	0.0	0.0	2.09039538574e-05	0.000114971746216	0.000219491515503	0.000438983031006	0.000951129900514	0.00191271177796	0.00347005634034	0.00599943475709	0.0102742933209	0.0167440670398	0.0249697728827	0.036508755412	0.0540367207215	0.0760067762257	0.106139825711	0.144948016048	0.192096883973	0.249540949173	0.319140663542	0.401220038363	0.49709602273	0.610280480891	0.734721718205	0.881321146607	1.04706859674	1.22584966211	1.42745784509	1.65573947319	1.90393211734	2.15282504394	2.40738294204	2.66246343898	2.90563913421	3.13162132738	3.32572499093	3.48579701759	3.59198910319	3.65402158626	3.68834587849	3.66998175503	3.63574107861	3.58580153285	3.50550944608	3.41899843304	3.32049900246	3.22192640805	3.10866878605	2.96776568507	2.83238122791	2.69634874819	2.53346513973	2.36512559932	2.20303634111	2.02918860885	1.85523635683	1.69011602531	1.52028185219	1.34320445906	1.1627928853	0.995916621653	0.84527227818	0.697115505215	0.558511839163	0.441125686277	0.340065521353	0.253899423553	0.184498296746	0.129646321824	0.0900019733332	0.0616562119025	0.0397802241907	0.0250638406751	0.0158242930701	0.00968898261293	0.00572768335694	0.00314604505555	0.00160960444702	0.000731638385011	0.000334463261719	0.000198587561646	8.36158154298e-05	0.0	0.0	0.0	0.0	0.0	0.0	0.0	0.0	0.0	0.0	0.0	0.0
PD_25P_filtered_1	0.0	0.0	0.0	0.0	0.0	0.0	0.0	1.35037470197e-05	6.75187350986e-05	0.000175548711256	0.000418616157611	0.00114781849668	0.00237665947547	0.00428068780525	0.00771063954826	0.0129365896449	0.0212684015561	0.032841112752	0.0494372178392	0.0713402955052	0.0997116679936	0.135321048885	0.177020619682	0.22986078177	0.291964514313	0.359172663231	0.442504286089	0.537327597662	0.639267383914	0.760031393511	0.893407902825	1.0459867404	1.21294706855	1.38641620277	1.5831252856	1.80329037701	2.0491801065	2.29714941302	2.5482650926	2.81250641428	3.07765248701	3.32250242797	3.53341745267	3.71155888336	3.82933856486	3.89642518006	3.91528991465	3.85812855351	3.74142917177	3.58369190283	3.41061437728	3.22492435201	3.02309734905	2.82683388987	2.63501316345	2.46378565124	2.31814773963	2.18917345185	2.07356787361	1.96817112812	1.86469191471	1.75585171373	1.65203490665	1.53723955323	1.4111820748	1.28270742566	1.14162027679	0.994956080413	0.861322999906	0.737588165964	0.61386683577	0.502042306699	0.40095325651	0.310761730165	0.240015599529	0.182273577272	0.129933053824	0.0915554047937	0.0636026484629	0.0430904567399	0.0282363350182	0.0177439235839	0.0111811025323	0.00627924236417	0.00355148546619	0.00202556205296	0.00112081100264	0.000769713580124	0.000391608663572	9.45262291381e-05	4.05112410592e-05	2.70074940394e-05	1.35037470197e-05	0.0	0.0	0.0	0.0	0.0	0.0	0.0	0.0
PD_25P_filtered_2	0.0	0.0	0.0	0.0	0.0	0.0	1.35045275279e-05	5.40181101116e-05	5.40181101116e-05	0.000148549802807	0.000405135825837	0.000985830509537	0.00189063385391	0.00388930392803	0.00730594939259	0.012815796624	0.0207294497553	0.033153615081	0.0496156341375	0.0698319118468	0.0996634131559	0.135909565041	0.178840458052	0.231670169741	0.293034742828	0.36556756018	0.44641916649	0.539397838519	0.647893212678	0.76254665139	0.895053075494	1.05005804246	1.21647433519	1.38841397967	1.58401355638	1.8086073537	2.03925117935	2.28507409394	2.5492766705	2.81122399096	3.06699974233	3.32196522206	3.53760551763	3.70554782196	3.84047155649	3.91494902581	3.90815624846	3.84178149566	3.73563590929	3.58934136259	3.41759078149	3.22235582701	3.01547996981	2.82706480175	2.64441606693	2.45925549	2.3098278929	2.19363493805	2.07595648517	1.95735972442	1.85754776146	1.75970745952	1.65715407748	1.54082607735	1.40748237254	1.27802797166	1.14051136784	1.00010479513	0.86634244997	0.735118955981	0.61128243855	0.499991627193	0.401016944941	0.31356162467	0.237504125633	0.176328615932	0.131169475878	0.0931812399425	0.0631741797755	0.0420530987219	0.0272521365513	0.018393166493	0.0119515068622	0.00717090411731	0.00392981751062	0.00220123798705	0.00126942558762	0.000594199211228	0.000283595078086	0.000108036220223	4.05135825837e-05	2.70090550558e-05	1.35045275279e-05	0.0	0.0	0.0	0.0	0.0	0.0	0.0	0.0
PD_26P_filtered_1	0.0	0.0	0.0	0.0	0.0	0.0	0.0	0.0	0.0	0.0	0.0	0.0	0.0	0.0	0.0	0.0128336755647	0.0128336755647	0.0256673511294	0.038501026694	0.0128336755647	0.0256673511294	0.0513347022587	0.0513347022587	0.0641683778234	0.141170431211	0.256673511294	0.359342915811	0.41067761807	0.487679671458	0.705852156057	0.718685831622	0.693018480493	0.924024640657	1.18069815195	1.25770020534	1.36036960986	1.69404517454	2.11755646817	2.27156057495	2.48973305955	2.86190965092	3.09291581109	3.16991786448	3.27258726899	3.59342915811	3.60626283368	3.42659137577	3.6319301848	3.58059548255	3.28542094456	3.6319301848	3.60626283368	3.0159137577	2.81057494867	2.90041067762	2.69507186858	2.55390143737	2.66940451745	2.75924024641	2.5795687885	2.41273100616	2.63090349076	2.48973305955	2.10472279261	1.80954825462	1.62987679671	1.46303901437	1.14219712526	0.924024640657	0.782854209446	0.616016427105	0.564681724846	0.423511293634	0.256673511294	0.2181724846	0.166837782341	0.102669404517	0.0641683778234	0.038501026694	0.0	0.0	0.0128336755647	0.0256673511294	0.0128336755647	0.0	0.0	0.0	0.0	0.0	0.0	0.0	0.0	0.0	0.0	0.0	0.0	0.0	0.0	0.0	0.0	0.0
PD_26P_filtered_2	0.0	0.0	0.0	0.0	0.0	0.0	0.0	0.0	0.0	0.0	0.0	0.0	0.0	0.0	0.0	0.0128435653737	0.0128435653737	0.0128435653737	0.0128435653737	0.0256871307475	0.0385306961212	0.051374261495	0.0642178268687	0.10274852299	0.218340611354	0.333932699717	0.346776265091	0.359619830465	0.436681222707	0.526586180324	0.783457487799	0.963267403031	1.01464166453	1.18160801438	1.39994862574	1.5155407141	1.74672489083	2.06781402517	2.20909324428	2.27331107115	2.69714872849	3.00539429746	2.81274081685	3.13382995119	3.66041613152	3.50629334703	3.44207552016	3.55766760853	3.51913691241	3.44207552016	3.31363986643	3.36501412792	3.46776265091	3.13382995119	2.90264577447	2.8384279476	2.56871307475	2.67146159774	2.82558438222	2.97970716671	2.79989725148	2.22193680966	2.06781402517	1.82378628307	1.52838427948	1.46416645261	1.48985358335	1.38710506036	1.13023375289	0.988954533779	0.71923966093	0.526586180324	0.398150526586	0.256871307475	0.192653480606	0.179809915232	0.115592088364	0.051374261495	0.0256871307475	0.0	0.0128435653737	0.0256871307475	0.0256871307475	0.0128435653737	0.0	0.0	0.0	0.0	0.0	0.0	0.0	0.0	0.0	0.0	0.0	0.0	0.0	0.0	0.0	0.0	0.0
PD_27P_filtered_1	0.0	0.0	0.0	0.0	0.0	1.06969581702e-05	3.20908745106e-05	0.000106969581702	0.000342302661446	0.000759484030083	0.00156175589285	0.00372254144323	0.00762693117534	0.0130930768003	0.0220464307888	0.0354176285015	0.0542228809647	0.0800988227784	0.115569936071	0.159791161146	0.210056167588	0.268226226117	0.334376215442	0.411383617309	0.500756702821	0.598227385668	0.688787833537	0.782995944141	0.885205379457	0.990495538727	1.09535781967	1.20224182571	1.31791873136	1.44360798986	1.58363117231	1.73120640722	1.89651719878	2.05926072038	2.22398317925	2.40904055559	2.59618383878	2.77214880068	2.92053700442	3.03849236216	3.12755523588	3.20782520999	3.25169343545	3.23811899553	3.21318438604	3.17069606818	3.10958434616	3.04499611273	2.97654627739	2.8973459991	2.81267957519	2.74343816495	2.67773744787	2.60233458973	2.515828289	2.41758742517	2.30907748149	2.18641546215	2.04449891811	1.88524260487	1.71470100076	1.53672501073	1.34568803477	1.15781735842	0.984334090821	0.815268666941	0.657937806174	0.519166167832	0.401285688796	0.299525525723	0.216987796482	0.1551486813	0.108103459268	0.0738090113743	0.0489171897123	0.0311816330661	0.0190405855429	0.011627593531	0.00683535627075	0.00389369277395	0.00227845209025	0.00115527148238	0.000695302281062	0.000352999619616	9.62726235317e-05	0.0	0.0	0.0	0.0	0.0	0.0	0.0	0.0	0.0	0.0	0.0	0.0
PD_27P_filtered_2	0.0	0.0	0.0	0.0	0.0	0.0	2.13966491564e-05	8.55865966254e-05	0.000246061465298	0.000770279369629	0.00182941350287	0.00347695548791	0.00727486071316	0.0134370956702	0.0223594983684	0.0353579627309	0.054326092208	0.0806546689949	0.116558246279	0.160228807207	0.208670820897	0.267297639586	0.334729179402	0.413115803586	0.501837009313	0.592066678806	0.687410147446	0.783898336817	0.886891107531	0.988931727358	1.09551913513	1.20754129179	1.31589392312	1.43644264446	1.57737167413	1.73154522963	1.88609322648	2.05029111211	2.22801168	2.40648113062	2.58392354207	2.76067056243	2.91252258149	3.02595691699	3.12336516228	3.19343918826	3.23644645307	3.25592810212	3.22246374284	3.17374357271	3.11870069276	3.05183616415	2.97889498717	2.90125724571	2.82395115231	2.74618503095	2.67460254119	2.60569463259	2.51928426497	2.4158742596	2.3117581648	2.1850900018	2.04355116763	1.89973359032	1.73110659832	1.5434044936	1.35060998637	1.16126033966	0.98531569365	0.816143087096	0.659990341553	0.521158183502	0.398737255353	0.296792920448	0.217154592288	0.154676376751	0.10564595521	0.0712829366644	0.0478215108645	0.0311321245225	0.019299777539	0.011490000597	0.00687902270377	0.00422583820838	0.00227874313515	0.00103773748408	0.000534916228909	0.000331648061924	9.62849212036e-05	1.06983245782e-05	1.06983245782e-05	1.06983245782e-05	0.0	1.06983245782e-05	1.06983245782e-05	0.0	0.0	0.0	0.0	0.0	0.0
PD_28P_filtered_1	0.0	0.0	0.0	0.0	0.0	0.0	0.000153545676768	0.000307091353536	0.000460637030304	0.000921274060608	0.00122836541414	0.00276382218182	0.00491346165657	0.0076772838384	0.0112088344041	0.0142797479394	0.0202680293334	0.0325516834748	0.0479062511516	0.0635679101819	0.0862926703436	0.120533356263	0.167211242	0.215117493152	0.267169477576	0.344863590021	0.435916176344	0.526508125637	0.633836553698	0.771259934405	0.91021877188	1.04457123905	1.18844353818	1.33185520028	1.49707034849	1.6675060497	1.8261187338	2.00760972374	2.21320738493	2.40053311059	2.53718876291	2.70593546168	2.88988318245	3.06983871562	3.23873896007	3.31013769976	3.36096131877	3.42452922896	3.4414192534	3.38552862706	3.3304057291	3.26775909297	3.17701359801	3.06507879964	2.94976599639	2.86393396308	2.75460944122	2.65787566485	2.56728371556	2.44383299144	2.33773292879	2.22687295017	2.09159920893	1.96216020342	1.80400815635	1.611308332	1.43212052721	1.26429510251	1.06330381162	0.893942930143	0.755444729698	0.603741601051	0.469235588203	0.347934503556	0.252429092606	0.185943814566	0.133891830142	0.0941234998587	0.066178186687	0.0417644240809	0.0233389428687	0.0144332936162	0.0081379208687	0.00522055301011	0.00337800488889	0.00138191109091	0.000307091353536	0.0	0.0	0.0	0.0	0.0	0.0	0.0	0.0	0.0	0.0	0.0	0.0	0.0	0.0
PD_28P_filtered_2	0.0	0.0	0.0	0.0	0.0	0.000153626349992	0.000153626349992	0.0	0.000307252699983	0.000768131749958	0.000921758099949	0.00199714254989	0.00322615334982	0.00599142764967	0.0090639546495	0.0139799978492	0.0219685680488	0.0304180172983	0.0443980151476	0.0680564730463	0.091714930945	0.120289432043	0.164533820841	0.214001505538	0.278063693485	0.354108736731	0.438910481926	0.523404974421	0.621725838416	0.759067795308	0.898406894751	1.02929654494	1.16925014979	1.32564177408	1.49693515432	1.65317315226	1.8091038975	1.96995068594	2.17596362128	2.39257677477	2.58291982241	2.7645061681	2.91813251809	3.07775029573	3.20295577097	3.29420982287	3.36672146006	3.41419200221	3.42033705621	3.39929024626	3.35781113177	3.26594257447	3.18636412517	3.09418831518	2.96898283994	2.84992241869	2.77910067135	2.7058209024	2.55326993686	2.41515984822	2.34648886977	2.24494185243	2.10544912663	1.96319112654	1.7719263208	1.59955755611	1.45038637027	1.27095079348	1.07354093374	0.897485136651	0.744012413009	0.588849799518	0.459650039175	0.352726099581	0.256709630836	0.18788502604	0.133962177193	0.090332293795	0.0612969136466	0.0396355982978	0.0244265896487	0.0150553822992	0.00829582289954	0.00506966954972	0.00230439524987	0.000307252699983	0.000307252699983	0.000153626349992	0.0	0.0	0.0	0.0	0.0	0.0	0.0	0.0	0.0	0.0	0.0	0.0	0.0
PD_29P_filtered_1	0.0	0.0	0.0	0.0	0.0	0.0	1.55576451202e-05	7.77882256008e-05	0.000311152902403	0.00094901635233	0.0018513597693	0.00336045134595	0.00679869091751	0.0116993491304	0.0192292493685	0.028874989343	0.0408388184404	0.0573765952031	0.0793284324677	0.108281210036	0.142570259881	0.182133351422	0.230362051294	0.286400689017	0.353843080613	0.427897471385	0.51204877384	0.608350597134	0.709988692704	0.820136820154	0.936881389136	1.05679971772	1.18857297189	1.33896872727	1.49773449572	1.66921086023	1.85467354771	2.03035047641	2.22049601506	2.43926762074	2.65142722725	2.85107848708	3.03971493416	3.1945135031	3.30922002057	3.39379137945	3.43736834343	3.43044519135	3.38420787005	3.29403575894	3.17956260614	3.05160097503	2.89709800134	2.74917591154	2.60623226817	2.48667176543	2.39620405905	2.31419971162	2.26891140668	2.23196199952	2.18776272973	2.15240020237	2.10971002416	2.03251298908	1.91855323857	1.78313949545	1.61052742284	1.42467579423	1.24006877724	1.04640721078	0.857304034346	0.687290088473	0.53726771658	0.405681154153	0.299220188596	0.216686881234	0.152402691597	0.105620852721	0.0723897227441	0.0473107988104	0.0304151962099	0.0188869811759	0.0118238102913	0.00816776368808	0.00505623466405	0.00258256908995	0.00160243744738	0.000871228126729	0.000326710547523	0.000140018806081	6.22305804806e-05	1.55576451202e-05	1.55576451202e-05	0.0	0.0	0.0	0.0	0.0	0.0	0.0	0.0
PD_29P_filtered_2	0.0	0.0	0.0	0.0	0.0	0.0	1.55591410732e-05	0.000155591410732	0.000420096808976	0.0010424624519	0.0021471614681	0.00393646269151	0.00693937691864	0.0114982052531	0.0174729154252	0.0273062925834	0.0406404764831	0.0569153380457	0.0799584259751	0.108058234753	0.141728216036	0.18224421939	0.228859406045	0.283456432071	0.349613899914	0.426522734239	0.50990417125	0.601983168121	0.710025843733	0.817477271985	0.928165001579	1.05800603383	1.18923182965	1.31911953932	1.47884968158	1.66188741717	1.84592093778	2.02972107128	2.22960935665	2.43995338481	2.6461742406	2.84508230008	3.02689086352	3.19026184479	3.32371259777	3.40826097036	3.43243987559	3.42637181057	3.38759843102	3.30656642431	3.1882235973	3.06297251167	2.91914381159	2.75578838946	2.61413796913	2.48493486166	2.38848374614	2.32394442897	2.27499537116	2.23374808817	2.19786870886	2.15946874869	2.11201336841	2.03628702881	1.91973350303	1.77753851276	1.6127672088	1.43172104327	1.2375118444	1.04398724773	0.856110619269	0.681474819864	0.532262656972	0.403277377476	0.299762411916	0.217968007294	0.150876990987	0.103312696726	0.0708407693062	0.0469574877588	0.030184733682	0.0196200768933	0.0125873451282	0.00782624795981	0.00454326919337	0.002551699136	0.00113581729834	0.000560129078634	0.000420096808976	0.000217827975024	6.22365642927e-05	1.55591410732e-05	1.55591410732e-05	0.0	0.0	0.0	0.0	0.0	0.0	0.0	0.0
PD_2P_filtered_1	0.0	0.0	0.0	0.0	0.0	0.0	3.60412571479e-05	0.000144165028592	0.000396453828627	0.00118936148588	0.00284725931468	0.00573055988651	0.00996540760139	0.0169574114881	0.0287789438326	0.0449434476634	0.0654509229806	0.0944641349846	0.131478506075	0.177755480253	0.230249571289	0.284221353868	0.349203740506	0.423935287202	0.501604196356	0.583724200767	0.676422314151	0.769552922622	0.859277632291	0.95091252859	1.04505229226	1.1491394429	1.25410960435	1.35351139156	1.47214118946	1.6114766896	1.77276131533	1.9369652829	2.09906083692	2.2817539694	2.45334639468	2.60933295562	2.76564388787	2.89582490869	2.99057737373	3.0553254922	3.07731065906	3.08048228969	3.0598666906	3.00796728031	2.9583925311	2.90406033595	2.84625015948	2.7921522325	2.7549396345	2.72790869164	2.70383313186	2.67483794049	2.6405987462	2.59585352545	2.5314297783	2.45167047623	2.32765251038	2.16642194653	1.99284725211	1.80660405579	1.59365428794	1.36792789442	1.14438199696	0.94269512196	0.757136709534	0.590806307797	0.453344953035	0.338103033304	0.245639188091	0.173430529396	0.119638953102	0.0791466006967	0.052151699093	0.0338968023476	0.021696836803	0.0129928732018	0.00728033394387	0.00448713651491	0.00277517680039	0.0013155058859	0.000612701371514	0.000324371314331	0.000162185657165	5.40618857218e-05	0.0	0.0	0.0	0.0	0.0	0.0	0.0	0.0	0.0	0.0	0.0
PD_2P_filtered_2	0.0	0.0	0.0	0.0	0.0	1.80169402479e-05	9.00847012395e-05	0.000216203282975	0.000450423506197	0.0012792027576	0.00293676126041	0.00569335311834	0.0105759439255	0.0176385845027	0.028124443727	0.0441955544281	0.0657978657853	0.0959942576408	0.1337577644	0.175557065776	0.228851175029	0.286829688747	0.344898287166	0.417848878229	0.500636718668	0.583532660749	0.674013734674	0.767665790082	0.856309136102	0.94774510786	1.04321687423	1.14766107685	1.2517629576	1.35471175418	1.47807374406	1.6146241342	1.75544453917	1.90530944816	2.08722649384	2.26490955856	2.43169237444	2.59807881763	2.74513308393	2.87204441104	2.9740022759	3.04898878121	3.0787527665	3.08095083321	3.06632107773	3.02781887642	2.96933588838	2.90065531215	2.85265818333	2.82091233461	2.77365390034	2.72880973607	2.69544236273	2.67522735577	2.64760738637	2.59672754711	2.54175786241	2.46046542801	2.34202206282	2.18314868372	2.00114155333	1.80581990411	1.5845898948	1.36525166422	1.15731815682	0.954195172469	0.760513064804	0.597081399815	0.461215653406	0.341673254861	0.248489639899	0.176439895848	0.11988472041	0.0801033163422	0.0526815332849	0.03416011871	0.0218725654609	0.0132965019029	0.00810762311155	0.00468440446445	0.00264849021644	0.00151342298082	0.000756711490412	0.00043240656595	0.000198186342727	9.00847012395e-05	3.60338804958e-05	0.0	0.0	0.0	0.0	0.0	0.0	0.0	0.0	0.0	0.0
PD_30P_filtered_1	0.0	0.0	0.0	0.0	0.0	0.0	0.0	5.54681008499e-05	0.0001109362017	0.00016640430255	0.000425255439849	0.00105389391615	0.0022926815018	0.00386427769254	0.00621242729519	0.0104095135928	0.0164370472185	0.025127049685	0.0372745637711	0.0546360793371	0.0778957029602	0.105518817183	0.142774891588	0.188794925926	0.239696153139	0.304353469363	0.383266087506	0.470517410143	0.574538588603	0.688913812556	0.810167081013	0.950723248567	1.11200599647	1.28972579159	1.48534329393	1.70540373936	1.94543270111	2.19324568634	2.46191467749	2.74243535285	3.01578215384	3.25544132825	3.45754859838	3.650207802	3.79778992899	3.88602118807	3.92388741159	3.90604517248	3.83351138594	3.71480965012	3.57332901422	3.40215445499	3.22994449122	3.06339227374	2.87679758248	2.70586338503	2.55018291531	2.40909055611	2.28927945828	2.16292312454	2.03930321711	1.91425962843	1.76231401084	1.60485856189	1.44220760083	1.27182808439	1.1032605259	0.934896350458	0.775074262542	0.628120774024	0.491280969227	0.378699213869	0.285568272542	0.204510887834	0.143976700439	0.0988441557145	0.0671903594962	0.0459830556046	0.0301376681284	0.018119579611	0.0110196627022	0.00650825716639	0.00366089465609	0.0018119579611	0.000887489613598	0.000554681008499	0.0002218724034	9.24468347498e-05	3.69787338999e-05	1.848936695e-05	1.848936695e-05	0.0	0.0	0.0	0.0	0.0	0.0	0.0	0.0	0.0	0.0
PD_30P_filtered_2	0.0	0.0	0.0	0.0	0.0	0.0	0.0	3.69736341015e-05	0.000129407719355	0.000351249523964	0.000573091328574	0.0012386167424	0.00208901032674	0.00366038977605	0.00663676732122	0.0106484066212	0.0163608330899	0.0254563470789	0.0376576463324	0.0518370350103	0.0735960186791	0.102805189619	0.139427574197	0.184387513264	0.23920092582	0.303146825998	0.377112581018	0.460488125917	0.558449769469	0.672550404307	0.800756480554	0.942994050942	1.09530693662	1.26884268828	1.46496933037	1.68627501729	1.92682548075	2.1786344158	2.45046457371	2.73597497624	2.99763738478	3.2351005498	3.44925183851	3.64153322266	3.80212820238	3.90615352192	3.94939418701	3.91963041155	3.83438769813	3.72010219512	3.58762566414	3.42836173525	3.23996258268	3.05962368235	2.87996879425	2.70796744841	2.56197705416	2.42559980478	2.29105275028	2.16323489719	2.05076110226	1.92172311924	1.77246055838	1.62683990047	1.46918432466	1.28991765972	1.10314534705	0.935506890037	0.781308349016	0.625963625339	0.496518932349	0.385912305935	0.286933887445	0.206756561896	0.145731578811	0.0999767066105	0.0678835922104	0.0449599390675	0.027693251942	0.0169154376014	0.0106484066212	0.00623005734611	0.00351249523964	0.00201506305853	0.000924340852538	0.000462170426269	0.000295789072812	0.000166381353457	3.69736341015e-05	1.84868170508e-05	1.84868170508e-05	0.0	0.0	0.0	0.0	0.0	0.0	0.0	0.0	0.0	0.0
PD_31P_filtered_1	0.0	0.0	0.0	0.0	0.0	0.0	2.74854169249e-05	4.12281253874e-05	6.87135423123e-05	0.000192397918474	0.000384795836949	0.000865790633135	0.00197895001859	0.0036967885764	0.00610176255733	0.0101833469707	0.0162988522365	0.0242971085616	0.0361982940901	0.0527582577874	0.0757360663366	0.104898093694	0.14050545132	0.186914577798	0.243108512701	0.309953046662	0.388286484898	0.478383681578	0.583089377354	0.695710873203	0.823064552525	0.970400129951	1.11346172505	1.25721045556	1.41508669038	1.5882310743	1.76309329677	1.92987480667	2.0915028009	2.22851760427	2.35337011065	2.47907466496	2.58349176386	2.6618389448	2.7232138808	2.77308616981	2.79374146062	2.79845520963	2.81526254208	2.83920234022	2.86147927064	2.88873106152	2.91914367534	2.94345452661	2.98372066241	3.0267353399	3.07326815075	3.13031413358	3.16047937865	3.14938901292	3.1123249282	3.03722102645	2.90408166687	2.70595303897	2.45325211576	2.17232366937	1.86653466337	1.55654038858	1.26431543584	0.988897815542	0.744360061161	0.544637279076	0.388300227607	0.26904100357	0.181664863165	0.120166242796	0.0759422069635	0.046683980647	0.0288459450627	0.0176456376658	0.0105544000992	0.00590936463886	0.0032570219056	0.00193772189321	0.00108567396853	0.000453509379261	0.000261111460787	0.000151169793087	5.49708338498e-05	2.74854169249e-05	0.0	0.0	0.0	0.0	0.0	0.0	0.0	0.0	0.0	0.0	0.0
PD_31P_filtered_2	0.0	0.0	0.0	0.0	0.0	0.0	1.37466870484e-05	2.74933740968e-05	6.87334352421e-05	0.000123720183436	0.000384907237356	0.000976014780438	0.00178706931629	0.00309300458589	0.00563614168985	0.0103924954086	0.0167297181379	0.0251426906116	0.0370335749084	0.0521549306617	0.0750569112844	0.105945717082	0.141494649789	0.185965182391	0.241982932113	0.308008270007	0.388110215438	0.481189033443	0.580013966634	0.691692052215	0.823330327391	0.963326588292	1.10729564175	1.25757442456	1.41725594132	1.59370841627	1.76210533261	1.91763534988	2.07250552617	2.22289428248	2.35834038997	2.48201933334	2.58854241128	2.66342061563	2.72539068085	2.77520867471	2.79303812781	2.81078510079	2.83135014462	2.83874586225	2.8647958342	2.89718302889	2.92665592592	2.95850699981	2.98791116341	3.02101318582	3.07861180456	3.13056053491	3.14682286569	3.14719402624	3.11572785959	3.03084206706	2.9052385875	2.7133348363	2.45209279564	2.16019564285	1.85897823625	1.55701850854	1.26106608307	0.987053370138	0.74742112151	0.546582023732	0.385457104838	0.268170370941	0.182830937744	0.120503458666	0.0750706579714	0.0459276814288	0.0287855626794	0.0177469729795	0.0107361625848	0.00577360856034	0.00321672476933	0.00177332262925	0.000811054535857	0.000439893985549	0.00026118705392	0.000137466870484	4.12400611453e-05	1.37466870484e-05	0.0	0.0	0.0	0.0	0.0	0.0	0.0	0.0	0.0	0.0	0.0
PD_32P_filtered_1	0.0	0.0	0.0	0.0	0.0	0.0	0.0	0.0	3.57918346894e-05	0.000131236727195	0.0004533632394	0.00121692237944	0.0023622610895	0.00404447731991	0.00707485265695	0.011990264621	0.0184447254766	0.0271063494715	0.0396096303897	0.055632441719	0.0767019017395	0.10655229187	0.141318093965	0.180259610108	0.230069913384	0.286537497912	0.350950869742	0.433069269131	0.524219141473	0.619986160491	0.738266243528	0.869479109499	1.00613233434	1.16261423561	1.34455606194	1.552828748	1.77205373547	2.00128850605	2.24399293708	2.49718437567	2.76116108712	3.00905533418	3.23138228066	3.43099334272	3.58940800305	3.70518265766	3.76395285022	3.76308191558	3.72683671765	3.65326063614	3.53885800186	3.39150301844	3.22493975041	3.05146865828	2.88004963134	2.7196664201	2.58296547281	2.46629602233	2.36217757522	2.26729342146	2.17081056575	2.07184614283	1.97016154048	1.85809730607	1.71541912238	1.5502517359	1.37643465604	1.20282039657	1.03350115727	0.861724211983	0.69981388246	0.556765849817	0.430754730487	0.324560356964	0.239184900618	0.170667398411	0.119103295235	0.0819752320504	0.0541411152736	0.03381135317	0.0209382232933	0.0130640196616	0.0078980648548	0.00473645279057	0.00285141616359	0.00139588155289	0.000739697916915	0.000441432627837	0.000238612231263	8.3514280942e-05	2.38612231263e-05	3.57918346894e-05	1.19306115631e-05	0.0	0.0	0.0	0.0	0.0	0.0	0.0	0.0
PD_32P_filtered_2	0.0	0.0	0.0	0.0	0.0	0.0	1.19329349961e-05	1.19329349961e-05	8.35305449724e-05	0.000190926959937	0.000501183269834	0.00112169588963	0.00207633068931	0.00414072844363	0.00789960296739	0.012004532606	0.0182931893489	0.0279230678908	0.0396173441869	0.0546528422819	0.0750820269952	0.102480045746	0.138589107044	0.18080783106	0.230699432279	0.284755627811	0.351902253034	0.434382699726	0.520359496373	0.62047682099	0.738421950491	0.868347746728	1.00303478403	1.15294824638	1.34003280125	1.54593559461	1.75983345441	1.99001977049	2.23088606338	2.48257552832	2.74430059159	2.99503542172	3.2247444204	3.4219003724	3.57278040249	3.6896038361	3.75602255229	3.76689345607	3.73034287618	3.65535631267	3.5457761706	3.40030176006	3.22881355123	3.05773106219	2.89296109577	2.72918156295	2.59219146919	2.47338716837	2.36748237028	2.27380883056	2.18081546814	2.07653354921	1.96700113888	1.85261202401	1.71855743226	1.56061310465	1.3863206561	1.2140568065	1.04180488983	0.871092321777	0.707133794931	0.560680883725	0.436638024441	0.327535199772	0.239350810151	0.172418977758	0.122181321425	0.0842107222671	0.0542590554271	0.0341520599587	0.021157093748	0.0130904296907	0.00811439579732	0.00497603389335	0.00285197146406	0.00147968393951	0.000811439579732	0.000441518594854	0.000190926959937	8.35305449724e-05	5.96646749803e-05	4.77317399842e-05	1.19329349961e-05	0.0	0.0	0.0	0.0	0.0	0.0	0.0	0.0
PD_33P_filtered_1	0.0	0.0	0.0	0.0	0.0	0.0	0.0	4.60911373887e-05	0.000115227843472	0.000253501255638	0.000576139217359	0.00108314172863	0.00180907714251	0.00303049228331	0.00547332256491	0.00807747182737	0.0128939956845	0.0207640573936	0.0294291912227	0.0417355249055	0.0598378191149	0.0840241434596	0.11472084096	0.15418637735	0.199943353992	0.25761488965	0.326117842594	0.402052991442	0.494050901669	0.594172374862	0.701046199682	0.818832101279	0.945121817724	1.08513517033	1.24293970196	1.41073448762	1.58954505512	1.77407092366	1.96386270464	2.17030490901	2.38649538893	2.60167186383	2.80282511018	2.9910382697	3.14470612176	3.2639323714	3.35341831464	3.39872590269	3.41972041577	3.40779433397	3.34719601109	3.26296445751	3.17427358639	3.08023614333	2.99540540497	2.91475743732	2.84377708574	2.77655316186	2.71055065312	2.65725777552	2.58269383801	2.48950908099	2.39415804052	2.26835228102	2.10603081792	1.92764659344	1.73485888853	1.52255158693	1.30671831332	1.10173950257	0.897774696841	0.710322041081	0.55008620195	0.413760140338	0.306552154772	0.218852243106	0.150464518005	0.102564303474	0.0672008783127	0.0417700932585	0.0256151496038	0.0153944398878	0.00843467814213	0.00465520487626	0.0026387176155	0.00137121133731	0.000737458198219	0.000391774667804	0.000149796196513	5.76139217359e-05	3.45683530415e-05	1.15227843472e-05	0.0	0.0	0.0	0.0	0.0	0.0	0.0	0.0	0.0
PD_33P_filtered_2	0.0	0.0	0.0	0.0	1.15235465236e-05	2.30470930471e-05	2.30470930471e-05	4.60941860942e-05	0.00016132965133	0.000299612209612	0.000495512500513	0.000967977907978	0.00187833808334	0.00334182849183	0.00525473721474	0.00790515291516	0.0133442668743	0.0204888657189	0.029096954972	0.0417267619618	0.0608904198305	0.0834535239236	0.112527431802	0.15271003853	0.200659515615	0.257839353465	0.32394993987	0.399060416111	0.488540754866	0.589003033458	0.69838453706	0.816616124392	0.946313640514	1.0877190799	1.2403945478	1.40806214971	1.58036221733	1.76934838032	1.96691958547	2.16801699585	2.38155983648	2.59159951896	2.79223598748	2.9763246432	3.13234193958	3.26100233651	3.35778860377	3.40841154364	3.41655869104	3.39916965933	3.34918051451	3.2753145813	3.18374848062	3.08866769825	2.99879555892	2.91542269982	2.84722635149	2.77405183107	2.71538545572	2.65739896961	2.58268029395	2.50081701945	2.39743928359	2.27591196195	2.12089721411	1.93257941683	1.73443203435	1.52488786437	1.30849870775	1.09845902526	0.899239952965	0.715704427485	0.554294111329	0.414755486476	0.303933539559	0.21767979383	0.15005962283	0.10252499342	0.0676662651863	0.0414271497522	0.0249023840374	0.0148653750154	0.008561995067	0.00454027733028	0.00246603895604	0.00152110814111	0.000772077617078	0.000276565116565	0.000103711918712	4.60941860942e-05	2.30470930471e-05	1.15235465236e-05	0.0	0.0	0.0	0.0	0.0	0.0	0.0	0.0	0.0
PD_34P_filtered_1	0.0	0.0	0.0	0.0	0.0	0.0	0.0	2.16677681115e-05	6.50033043346e-05	0.000216677681115	0.000530860318733	0.00101838510124	0.00174425533298	0.00332600240512	0.00555778252061	0.00892712046196	0.0152649426346	0.0240620564879	0.0354701363986	0.0524685004821	0.0754038330282	0.10222852995	0.138067018407	0.184013520687	0.234087732793	0.297985980954	0.376542474242	0.461090105414	0.560826842031	0.678038633631	0.804740907663	0.946101426823	1.10885886699	1.28994723898	1.4931692361	1.71714895507	1.95620944065	2.20908312839	2.46555366564	2.71370377994	2.96281810992	3.19892094515	3.39520925647	3.55994929742	3.69345525064	3.76880491425	3.77987714375	3.73356228942	3.63744407007	3.50930088946	3.36157004648	3.19016716683	3.0097829973	2.84573632493	2.69462531012	2.55714332145	2.43388622255	2.33309859918	2.24551748047	2.16608344257	2.08407094027	1.99206959687	1.89577803538	1.78483906265	1.65649003824	1.51081763323	1.34754016663	1.17967996706	1.0110722295	0.841175259742	0.686218216093	0.545085208498	0.417158705568	0.311983359154	0.228995807287	0.161869061677	0.112260706586	0.0752196569992	0.0473549072078	0.0298690183418	0.0180167491848	0.0104655319979	0.0061969816799	0.00344517512974	0.00196093301409	0.00108338840558	0.000476690898454	0.00020584379706	0.000108338840558	4.33355362231e-05	2.16677681115e-05	0.0	0.0	0.0	0.0	0.0	0.0	0.0	0.0	0.0	0.0
PD_34P_filtered_2	0.0	0.0	0.0	0.0	0.0	0.0	1.08354476904e-05	2.16708953807e-05	4.33417907614e-05	0.000184202610736	0.000455088802995	0.000888506710609	0.0016903298397	0.00328314065018	0.0056235973513	0.0097735738167	0.0160472980294	0.0245097826756	0.0354319139475	0.0512516675754	0.0732367909391	0.101138068742	0.136147400229	0.182674812612	0.23733964621	0.298787470062	0.3741371733	0.462121008546	0.563757507882	0.678548240713	0.807468397333	0.954039498241	1.11416574421	1.28439062742	1.48467304253	1.70590037803	1.94117045373	2.19410230916	2.45324287613	2.71222091137	2.95705868739	3.1896740784	3.38950140471	3.55075453724	3.67972887109	3.76782106082	3.79277509685	3.74886986281	3.64938961756	3.51960262513	3.37611962681	3.19961018393	3.01718458662	2.85570390969	2.69626029693	2.55069689265	2.43179952515	2.33228677356	2.25140015655	2.16717622165	2.08090438714	1.99740642724	1.90398319725	1.79064441441	1.66009894064	1.51155578825	1.33875206849	1.17065093302	1.00957116765	0.839779702346	0.680531127641	0.542736739362	0.421022155457	0.316210869948	0.231195947369	0.164557944073	0.113338782841	0.0747862599589	0.0476651343899	0.0299275065208	0.0182360584629	0.010954637615	0.00626288876503	0.00349984960399	0.00195038058426	0.0008993421583	0.000465924250685	0.00029255708764	0.000119189924594	4.33417907614e-05	4.33417907614e-05	2.16708953807e-05	0.0	0.0	0.0	0.0	0.0	0.0	0.0	0.0	0.0
PD_35P_filtered_1	0.0	0.0	0.0	0.0	0.0	2.31183725406e-05	4.62367450811e-05	0.000242742911676	0.000716669548757	0.00129462886227	0.0026817312147	0.00536346242941	0.00975595321211	0.0153621585532	0.0219508947273	0.0313600723513	0.0451386223854	0.0629513284279	0.0860812601547	0.11479427885	0.150165388837	0.193616370027	0.244754210087	0.309242910289	0.383348853467	0.467511288701	0.567764111223	0.683725867887	0.809628524743	0.933300258648	1.0712475876	1.23441706099	1.4064061935	1.58202491051	1.77569907647	2.00069863722	2.23902593974	2.49043824112	2.75953609749	3.02072747045	3.28293605181	3.52393352636	3.72283244451	3.87958656952	3.96322884137	3.98797705918	3.95052529566	3.83803129488	3.68058361869	3.49110543735	3.28673902409	3.06646717052	2.84227675281	2.63067428895	2.44592381479	2.29641729957	2.15634308035	2.04006922565	1.93812876194	1.83816491907	1.74739062929	1.64419021427	1.52908383739	1.41061373731	1.27779868706	1.12780668602	0.97339907582	0.82757994102	0.690950359306	0.556517022982	0.436081861232	0.334788711946	0.249597509134	0.187963927941	0.137311573705	0.0951321030044	0.0657139739465	0.0437630792193	0.0289673207933	0.0197662085222	0.0128769335051	0.00765218131092	0.00455431939049	0.00329436808703	0.00215000864627	0.0010518859506	0.00043924907827	0.000242742911676	0.000150269421514	0.000104032676432	6.93551176217e-05	1.15591862703e-05	0.0	0.0	0.0	0.0	0.0	0.0	0.0	0.0	0.0
PD_35P_filtered_2	0.0	0.0	0.0	0.0	0.0	2.31237023267e-05	6.93711069802e-05	0.000231237023267	0.000635901813985	0.00131805103262	0.00292514834433	0.00581561113517	0.00976976423304	0.0147066746798	0.0221409449778	0.0330668943272	0.0468717446163	0.0630698980962	0.0832684520786	0.110681601187	0.148616034854	0.194470336568	0.246140249417	0.310736311867	0.386535808094	0.47038235273	0.569282427582	0.678738472545	0.80678597418	0.943481740484	1.07746047177	1.23003065972	1.40207100503	1.57836611157	1.76759892956	1.99380654757	2.24106829655	2.48177447592	2.74793985155	3.03327477641	3.2845831733	3.51425934666	3.72165583283	3.87546313885	3.96511373277	3.99989178107	3.95578331888	3.85052422589	3.69974612487	3.5002579449	3.29021379481	3.05837555529	2.83297726686	2.63308442209	2.4452737118	2.29493496112	2.16271363121	2.03784563865	1.93580074028	1.84340998764	1.74404743874	1.6417828652	1.53528665413	1.40897343017	1.26885535592	1.1210602125	0.97415533162	0.829435640609	0.686010876927	0.553419567786	0.434448119315	0.335698348528	0.254279792636	0.186319231498	0.136210168556	0.0961367924234	0.0650238509428	0.0447443640022	0.0297023956387	0.0185567711172	0.0117352789308	0.00742270844688	0.00467098787	0.00300608130247	0.00180364878148	0.00110993771168	0.000566530707005	0.000219675172104	0.000115618511634	8.09329581436e-05	4.62474046535e-05	1.15618511634e-05	0.0	0.0	0.0	0.0	0.0	0.0	0.0	0.0	0.0
PD_36P_filtered_1	0.0	0.0	0.0	0.0	0.0	0.0	0.0	0.0	0.0	0.0	0.0	0.0	0.0	0.0	0.0	0.0	0.0282326369283	0.0282326369283	0.0	0.0282326369283	0.0846979107849	0.197628458498	0.197628458498	0.225861095426	0.282326369283	0.395256916996	0.310559006211	0.451722190853	0.677583286279	0.875211744777	1.15753811406	1.18577075099	1.43986448334	1.60926030491	1.4963297572	1.4963297572	1.8915866742	2.17391304348	2.28684359119	2.42800677583	3.24675324675	3.81140598532	3.81140598532	3.64201016375	3.38791643139	3.67024280068	3.41614906832	2.76679841897	3.47261434218	3.83963862225	3.38791643139	3.30321852061	2.96442687747	3.24675324675	3.35968379447	2.76679841897	2.20214568041	1.94805194805	1.91981931112	1.91981931112	2.25861095426	2.08921513269	1.58102766798	1.58102766798	1.46809712027	1.46809712027	1.32693393563	1.24223602484	1.15753811406	0.846979107849	0.677583286279	0.395256916996	0.197628458498	0.141163184641	0.197628458498	0.16939582157	0.0564652738566	0.0282326369283	0.0564652738566	0.0282326369283	0.0	0.0	0.0	0.0	0.0	0.0	0.0	0.0	0.0	0.0	0.0	0.0	0.0	0.0	0.0	0.0	0.0	0.0	0.0	0.0	0.0
PD_36P_filtered_2	0.0	0.0	0.0	0.0	0.0	0.0	0.0	0.0	0.0	0.0	0.0	0.0	0.0	0.0282645562465	0.0282645562465	0.0565291124929	0.0565291124929	0.0	0.0282645562465	0.0847936687394	0.113058224986	0.113058224986	0.169587337479	0.254381006218	0.367439231204	0.310910118711	0.310910118711	0.423968343697	0.678349349915	0.791407574901	0.763143018655	1.04578858112	1.44149236857	1.44149236857	1.69587337479	2.09157716224	2.03504804975	2.14810627473	2.68513284341	2.96777840588	3.25042396834	3.64612775579	3.61786319955	3.67439231204	3.56133408705	3.56133408705	3.30695308084	3.2221594121	3.36348219333	3.19389485585	3.53306953081	3.61786319955	3.30695308084	2.96777840588	2.62860373092	2.62860373092	2.57207461843	2.31769361221	2.3742227247	2.26116449972	1.72413793103	1.55455059356	1.49802148106	1.35669869983	1.41322781232	1.41322781232	1.18711136235	1.04578858112	0.96099491238	0.932730356133	0.621820237422	0.310910118711	0.310910118711	0.310910118711	0.226116449972	0.113058224986	0.113058224986	0.0565291124929	0.0565291124929	0.0565291124929	0.0	0.0	0.0	0.0	0.0	0.0	0.0	0.0	0.0	0.0	0.0	0.0	0.0	0.0	0.0	0.0	0.0	0.0	0.0	0.0	0.0
PD_38P_filtered_1	0.0	0.0	0.0	0.0	0.0	0.0	1.3595058142e-05	2.7190116284e-05	5.43802325679e-05	6.79752907099e-05	0.000190330813988	0.000475827034969	0.000965249128081	0.00195768837245	0.00338516947735	0.00581868488477	0.0105089799438	0.0169666325612	0.0260345363419	0.0420223247169	0.0638423930348	0.0927998668772	0.133326735198	0.187638992476	0.255410357313	0.333962603258	0.434960290195	0.556282589054	0.698473302161	0.866576196086	1.05832089612	1.27777232465	1.52460420027	1.79511866718	2.09952561404	2.43719966817	2.77418037434	3.10634842992	3.46518998958	3.82426266522	4.13894747604	4.42226848772	4.64082264241	4.7614515933	4.8119572343	4.78807071714	4.67196892061	4.46638445139	4.21457678448	3.90953086989	3.55637204454	3.18461517964	2.80755624208	2.45504997951	2.11696807364	1.81640852823	1.56757817906	1.36453598571	1.19338779876	1.04019868362	0.925211681853	0.833580989976	0.747904933565	0.6690671914	0.603144754469	0.543951871319	0.476751498923	0.418333534087	0.364293177973	0.306650131451	0.254553868651	0.206237032014	0.164581773867	0.12980561514	0.0989176430411	0.0735628596063	0.0520418825675	0.0368426075648	0.0255451142488	0.0171841534915	0.0110391872113	0.00711021540826	0.0048262456404	0.0028821523261	0.00169938226775	0.000774918314093	0.000285496220982	0.000176735755846	8.15703488519e-05	2.7190116284e-05	0.0	0.0	0.0	0.0	0.0	0.0	0.0	0.0	0.0	0.0	0.0
PD_38P_filtered_2	0.0	0.0	0.0	0.0	0.0	1.35999725825e-05	1.35999725825e-05	0.0	1.35999725825e-05	8.15998354947e-05	0.000176799643572	0.000489599012968	0.00103359791627	0.00197199602446	0.0034135931182	0.0056575885943	0.00992797998519	0.0166191664958	0.0268327459052	0.0409495174458	0.0642190705344	0.0966686051161	0.132613332652	0.183613229836	0.252374691213	0.332424129833	0.432016729054	0.554552482022	0.697148194549	0.858321469624	1.05259707796	1.28051901847	1.52024573518	1.77959721233	2.08486219692	2.42230471663	2.75906723772	3.10481934068	3.45456983559	3.79716674491	4.13360286666	4.40893431159	4.61578989457	4.75761040866	4.81929988429	4.78788394763	4.66279139981	4.47040618766	4.22795947643	3.92386408949	3.57885998502	3.21001512861	2.82240231004	2.46548462958	2.13066690458	1.82774111527	1.5778280191	1.37325723151	1.20155757766	1.05228427859	0.931271722556	0.833882318893	0.749508088992	0.67255944412	0.601689986993	0.539483712401	0.480691030927	0.420415952441	0.359311275628	0.304013787108	0.254169887594	0.206869182952	0.16572926589	0.131688534516	0.0998509987004	0.0725286537822	0.0523870943876	0.0372775248485	0.0260167475502	0.0173399650426	0.0108119782031	0.00684078620898	0.00448799095221	0.00271999451649	0.00174079649055	0.000938398108189	0.000421599150056	0.000190399616154	2.71999451649e-05	0.0	0.0	0.0	0.0	0.0	0.0	0.0	0.0	0.0	0.0	0.0	0.0
PD_39P_filtered_1	0.0	0.0	0.0	0.0	0.0	2.16078113102e-05	8.64312452409e-05	0.000302509358343	0.000777881207168	0.00151254679172	0.00319795607391	0.00659038244962	0.0131159414653	0.0222776534608	0.0354368105488	0.0581898358584	0.087554851429	0.122581113563	0.170420807804	0.233947773056	0.311411776603	0.397216395316	0.498297736625	0.609577964873	0.727923947419	0.845319186267	0.950376364857	1.06366611956	1.16870169034	1.26047006497	1.33983555591	1.41090364731	1.46848846445	1.51760301956	1.58026567236	1.64409514697	1.71064720581	1.77737212713	1.86654756441	1.97361426945	2.07156247812	2.1775487926	2.27188849678	2.35577002029	2.42623309297	2.48061995404	2.52193408926	2.53124705594	2.53217619182	2.52199891269	2.51810950666	2.5200974253	2.52169640334	2.53072846846	2.55624729362	2.60371965507	2.64207352015	2.6851594959	2.73211326988	2.76532447586	2.77969367038	2.74468901606	2.65964067074	2.52495918284	2.35527304063	2.15302392676	1.91380384775	1.67170992983	1.4250135481	1.18527488161	0.963729992247	0.760638173742	0.585830980243	0.439610921106	0.318607177769	0.223813709551	0.157023964791	0.109054623683	0.0726886772476	0.0451819334497	0.0274851359866	0.0164219365958	0.00987476976877	0.00607179497817	0.00326277950784	0.00162058584827	0.000626626527996	0.000280901547033	0.000259293735723	0.000129646867861	4.32156226204e-05	4.32156226204e-05	2.16078113102e-05	0.0	0.0	0.0	0.0	0.0	0.0	0.0	0.0
PD_39P_filtered_2	0.0	0.0	0.0	0.0	0.0	0.0	4.32313534526e-05	0.000216156767263	0.000562007594884	0.00138340331048	0.00304781041841	0.00626854625063	0.0113482302813	0.019194720933	0.0327909815938	0.0532394117769	0.0799347725339	0.118626833874	0.167067565418	0.22456526551	0.298988040478	0.387482620996	0.486720192846	0.594085259146	0.71165292486	0.830712072269	0.940692635452	1.04544220487	1.15382320797	1.24205840037	1.31053686424	1.38368431428	1.44881234826	1.50103582323	1.56216495701	1.63122704415	1.68660640792	1.75002680344	1.83685697685	1.93992052348	2.05934713739	2.16755521508	2.25700088538	2.35373103873	2.43489790484	2.48273339743	2.51571892012	2.52698068769	2.52981234134	2.54007978779	2.53426517075	2.53482717834	2.54937452878	2.55840988165	2.5765670501	2.60490520229	2.65064397424	2.7061314164	2.75837650704	2.78319130393	2.77776576907	2.75143787482	2.68135985087	2.55614023559	2.38157203035	2.17894667672	1.94097969164	1.69566337647	1.45110360999	1.20371218986	0.976574658818	0.775484018233	0.592550546098	0.438149767242	0.32373799033	0.231179662588	0.159912776421	0.109764406416	0.0730393716582	0.046754708759	0.0293540889943	0.017141231644	0.0102025994148	0.00572815433247	0.00309104177186	0.00162117575447	0.000799780038874	0.000432313534526	0.000237772443989	8.64627069053e-05	4.32313534526e-05	4.32313534526e-05	2.16156767263e-05	0.0	0.0	0.0	0.0	0.0	0.0	0.0	0.0
PD_3P_filtered_1	0.0	0.0	0.0	0.0	0.0	0.0	1.32178620901e-05	6.60893104506e-05	0.000158614345081	0.000449407311064	0.000964903932578	0.00178441138217	0.00366134779896	0.00593482007846	0.00836690670304	0.0131782085038	0.0206595184468	0.0295683574956	0.040050122133	0.0552374456746	0.0763463714325	0.105346360858	0.14374425023	0.189768846028	0.248376846535	0.321722763273	0.405140690924	0.496872653829	0.604849369244	0.728264547579	0.867514724698	1.02016781398	1.18632955831	1.36444024998	1.55962841946	1.77260783132	1.99806490499	2.22768560522	2.46013492794	2.69308652941	2.92765071006	3.15009411118	3.33999513583	3.5172995379	3.66097769882	3.75701868477	3.83121054468	3.85755374383	3.84026478021	3.80067728325	3.73327940446	3.6237826349	3.48211358902	3.34292950121	3.18809546469	3.00990546585	2.81399031395	2.61496896446	2.41773202635	2.21675443327	2.02226681048	1.83372722562	1.63368810075	1.42636593387	1.23232771839	1.05514227707	0.885636413624	0.733432731656	0.602787382758	0.479253243663	0.367958844865	0.278050946928	0.207414691918	0.151225560173	0.107752011759	0.0742843849464	0.0485095538707	0.0318947012234	0.0210296185854	0.012913851262	0.00736234918419	0.00424293373093	0.00260391883175	0.00161257917499	0.00104421110512	0.000568368069875	0.000237921517622	9.25250346308e-05	6.60893104506e-05	2.64357241802e-05	0.0	0.0	0.0	0.0	0.0	0.0	0.0	0.0	0.0	0.0	0.0
PD_3P_filtered_2	0.0	0.0	0.0	0.0	0.0	0.0	0.0	2.64378069099e-05	0.000185064648369	0.000330472586374	0.000885666531481	0.00183742758024	0.00335760147756	0.00590884984436	0.00880378970099	0.0127958985444	0.0191806289131	0.0279183240968	0.0397228048821	0.0557969914833	0.0763920430661	0.104482212908	0.141442266968	0.185937095997	0.244457181592	0.314755310166	0.392997999716	0.490368442565	0.603998136663	0.726299431429	0.85723267015	1.00574705047	1.17472429333	1.35323236559	1.54402079915	1.75667329903	1.98245217004	2.20829713557	2.43948253809	2.66925351795	2.89767616965	3.1121264404	3.31807695623	3.50816478791	3.6542997656	3.76482301739	3.8413736873	3.86192908217	3.8452071693	3.81136677645	3.73755241956	3.63186728644	3.50215018684	3.35346396077	3.19035591104	3.01396286334	2.83374955254	2.64079321881	2.44209988098	2.23944087211	2.0339530179	1.83245727254	1.64231656524	1.44924126138	1.25278191823	1.07391693558	0.899890071599	0.743669070568	0.605743031919	0.482833667595	0.373486898216	0.282368996701	0.209850092347	0.151739792759	0.108434665041	0.075109809431	0.049451917825	0.0314742091262	0.020396768031	0.0131792467446	0.00816928233516	0.00441511375395	0.00245871604262	0.00144086047659	0.000885666531481	0.000436223814013	0.000237940262189	9.25323241846e-05	5.28756138198e-05	2.64378069099e-05	1.32189034549e-05	0.0	0.0	0.0	0.0	0.0	0.0	0.0	0.0	0.0	0.0
PD_40P_filtered_1	0.0	0.0	0.0	0.0	0.0	0.0	0.0	0.0	6.22038320049e-05	0.000202162454016	0.000311019160024	0.000590936404046	0.000917506522072	0.00169505442213	0.00353006746628	0.00743335792458	0.0154265503372	0.0269187083001	0.0435426824034	0.0689529477774	0.103460523582	0.1529592229	0.217433494773	0.299853572179	0.40262985361	0.529790037185	0.683480155111	0.866468277912	1.07872330367	1.31757046761	1.57559196277	1.84239974919	2.11196005519	2.36870637179	2.6083777365	2.82898362671	3.01792776642	3.16970511651	3.29614995602	3.39755775315	3.49072354253	3.56274002904	3.59811845849	3.58639303616	3.52180990758	3.42928170747	3.28050569227	3.09893270665	2.90465458834	2.67936785978	2.46894784706	2.29588123547	2.14192675126	2.00615133695	1.90466578503	1.83308472535	1.79161032036	1.7677862527	1.74477083486	1.72240855726	1.69564535854	1.65613037426	1.60611849332	1.53889170188	1.43053262653	1.29573692258	1.15218602927	1.00476294742	0.859501448727	0.715204109434	0.573208311925	0.449469339109	0.346350936603	0.255393383254	0.182179472984	0.128108792014	0.0861367563687	0.0575229936465	0.038659681591	0.0244461059779	0.0152243878832	0.00869298552268	0.0050540613504	0.00281472339822	0.00136848430411	0.000746445984058	0.000435426824034	0.000217713412017	0.000139958622011	4.66528740037e-05	0.0	0.0	0.0	0.0	0.0	0.0	0.0	0.0	0.0	0.0	0.0
PD_40P_filtered_2	0.0	0.0	0.0	0.0	0.0	0.0	0.0	3.10971284601e-05	6.21942569201e-05	0.00017103420653	0.000342068413061	0.000482005491131	0.000824073904192	0.00167924493684	0.00351397551599	0.00705904816043	0.0149577187893	0.027443215866	0.0428829401464	0.066174689363	0.103149175102	0.151878375399	0.213372946929	0.295438268935	0.399893523432	0.528744475206	0.684230117507	0.863862680056	1.07875938628	1.31593718504	1.5731570831	1.84869318982	2.10944261196	2.35605838921	2.60405798868	2.82111594533	3.00406035206	3.16506573466	3.3011934145	3.40513556638	3.48853806491	3.55968829482	3.59095645749	3.58562329996	3.5245329911	3.42093290763	3.2822397147	3.11030369145	2.91478049625	2.69095891416	2.47785029283	2.30215151703	2.14762988571	2.00616904834	1.89863517813	1.82835566781	1.7892821259	1.76838485557	1.75089272082	1.72833175412	1.70308088581	1.66428721805	1.60591790793	1.53416128401	1.4328001938	1.3015703117	1.15468302541	1.0039396952	0.856943568974	0.712233081685	0.573399951675	0.450908362671	0.344789411801	0.254669933524	0.182820018217	0.127311643915	0.0855792975221	0.0567678080038	0.0375186854871	0.0250953826673	0.0157817926935	0.00909591007457	0.00539535178782	0.00298532433217	0.00149266216608	0.000839622468422	0.000482005491131	0.000264325591911	7.77428211502e-05	0.0	0.0	0.0	0.0	0.0	0.0	0.0	0.0	0.0	0.0	0.0	0.0
PD_41P_filtered_1	0.0	0.0	0.0	0.0	1.59054478386e-05	1.59054478386e-05	3.18108956771e-05	0.00011133813487	0.000270392613256	0.000604407017865	0.00144739575331	0.00289479150662	0.00512155420402	0.0080004402628	0.0136309687976	0.0225380195872	0.0351669451711	0.0539194681727	0.0779207889611	0.109890739117	0.154425993065	0.205275709804	0.270010882507	0.354675581352	0.448056465612	0.552237148955	0.662127888071	0.770571231435	0.889114534176	1.01654898226	1.13903683606	1.26763238184	1.39746855254	1.52930880968	1.67274413829	1.82327329663	1.98908759035	2.17241378213	2.37988444374	2.58156552233	2.78116298726	2.97575023612	3.13929005079	3.28695622853	3.38852841842	3.44459512205	3.46770573776	3.43867829546	3.36801039071	3.26918984329	3.15869469716	3.04166241196	2.91343269148	2.76950429399	2.62486015135	2.49578744214	2.37676697596	2.27532202965	2.17249330937	2.0843930338	2.00809460051	1.92851964498	1.84162818344	1.7348549121	1.62432795507	1.50196734484	1.3554940757	1.19362433304	1.03323379704	0.872318381258	0.714695393178	0.57302556928	0.444048292757	0.329004188541	0.242017294312	0.176295983843	0.121549432382	0.0823743143559	0.0553509584782	0.0351351342754	0.021869990778	0.0133446707366	0.00755508772332	0.00443761994696	0.00279935881959	0.00139967940979	0.000620312465704	0.000270392613256	0.000174959926224	0.00011133813487	3.18108956771e-05	0.0	0.0	0.0	0.0	0.0	0.0	0.0	0.0	0.0	0.0
PD_41P_filtered_2	0.0	0.0	0.0	0.0	0.0	3.18072936033e-05	7.95182340082e-05	0.000111325527611	0.000397591170041	0.000699760459272	0.00139952091854	0.00273542724988	0.00459615392567	0.00798363069442	0.0134862924878	0.0220265508203	0.0353060958996	0.0532931204323	0.0769895541667	0.106538529924	0.147347287617	0.203328124359	0.269264643998	0.348687456126	0.44299608166	0.543825202382	0.650204695838	0.770134096369	0.89314880438	1.01250567363	1.13497965765	1.25882135529	1.38765679803	1.52355345995	1.66638411188	1.82130153537	1.98956211853	2.17285164792	2.364124808	2.56536955463	2.77176708282	2.95985951355	3.12549599498	3.27389292329	3.3859659223	3.44371206384	3.45880462465	3.44318724349	3.38626809159	3.28389631713	3.17040789355	3.0428924535	2.90047529639	2.76461044176	2.63990994719	2.51236269984	2.38351135345	2.27779981316	2.19118855268	2.10782163615	2.02392989927	1.93952924569	1.85269533416	1.74983054664	1.63569007355	1.50943102159	1.35330492094	1.19158073661	1.03527969585	0.871360808261	0.713723861164	0.575505266811	0.444141144229	0.33076404618	0.242546517372	0.173317942844	0.12058145005	0.0804406455227	0.0541519173596	0.0356400724825	0.0213585976546	0.0128819539093	0.00764965411159	0.00423037004923	0.00244916160745	0.00125638809733	0.000604338578462	0.000349880229636	0.000159036468016	3.18072936033e-05	0.0	1.59036468016e-05	1.59036468016e-05	0.0	0.0	0.0	0.0	0.0	0.0	0.0	0.0
PD_42P_filtered_1	0.0	0.0	0.0	0.0	0.0	0.0	1.18461937587e-05	1.18461937587e-05	1.18461937587e-05	3.55385812761e-05	0.000201385293898	0.000473847750349	0.00100692646949	0.00199016055146	0.00355385812761	0.00600602023567	0.01021141902	0.0168215951374	0.0260853186567	0.0389858236599	0.0589703525309	0.0883489130525	0.127903354013	0.177254597212	0.233962326735	0.301947632716	0.389502850787	0.495775054996	0.616061306422	0.750918376171	0.896863483279	1.05694109954	1.23854324986	1.42192232925	1.6211160773	1.84343359557	2.06507588079	2.29952390147	2.53489592526	2.76267453886	2.9734657106	3.15972341507	3.30795483757	3.38450494164	3.41605135562	3.39609051914	3.31059653878	3.18842674255	3.0378023889	2.87105536556	2.71491068562	2.57353820931	2.45196072276	2.37525661817	2.32468521702	2.30542330596	2.32475629418	2.36017641352	2.41064119893	2.45213841567	2.47400648934	2.47482387671	2.43468897226	2.32992123466	2.17750810576	1.99624949506	1.76818657281	1.52878684314	1.28965957593	1.04456182706	0.820135686303	0.627717961081	0.470755893778	0.347662094431	0.254006086574	0.179765990288	0.124183649173	0.0836815127116	0.0536514115332	0.0350884259133	0.0224248447852	0.0146655878733	0.0097849560447	0.00525971002887	0.00287862508337	0.00182431383884	0.00104246505077	0.000438309169072	0.000189539100139	0.000106615743828	7.10771625523e-05	4.73847750349e-05	2.36923875174e-05	0.0	0.0	0.0	0.0	0.0	0.0	0.0	0.0
PD_42P_filtered_2	0.0	0.0	0.0	0.0	0.0	0.0	0.0	0.0	1.18460506215e-05	9.47684049719e-05	0.000165844708701	0.000390919670509	0.000852915644747	0.00171767734012	0.00302074290848	0.00538995303278	0.00998622067392	0.0168213918825	0.025883620608	0.0392341196584	0.0600476306003	0.0885255362944	0.12561552079	0.174539709857	0.235155950887	0.304656729884	0.388609690638	0.49043834178	0.611374672575	0.748978396594	0.895893116402	1.05853939144	1.23361217357	1.41625458205	1.62319324036	1.83977458387	2.06307263809	2.29672414055	2.52375370071	2.75256016846	2.96789767666	3.16320351325	3.3175220147	3.39912945743	3.41850959625	3.39606133032	3.32064937206	3.18902790361	3.03807368054	2.8677274726	2.71069622556	2.58669176766	2.47055308737	2.38190909056	2.33279536469	2.31375876134	2.32556927381	2.36326340689	2.40402566707	2.45349477447	2.47931916483	2.47259060807	2.43816598497	2.33477365514	2.18393789258	1.99232802378	1.75721945709	1.5201207539	1.27814147786	1.03790357125	0.816489039086	0.623552412614	0.471780812052	0.350702328649	0.254370244995	0.179029363043	0.123459539577	0.0829815846035	0.0554750550604	0.0352538466496	0.0219625778522	0.0144640278088	0.00922807343414	0.00493980310916	0.00271274559232	0.00185982994757	0.000935837999098	0.000485688075481	0.000189536809944	7.10763037289e-05	4.7384202486e-05	3.55381518645e-05	2.3692101243e-05	0.0	0.0	0.0	0.0	0.0	0.0	0.0	0.0
PD_43P_filtered_1	0.0	0.0	0.0	0.0	0.0	0.0	3.93545693213e-05	7.87091386426e-05	0.000216450131267	0.000491932116516	0.000944509663711	0.0019480511814	0.00364029766222	0.00670995406928	0.0104486381548	0.0165289191149	0.0278827123641	0.0412042340794	0.0553128471811	0.0750098091264	0.100432860908	0.132113289212	0.172373013627	0.218457214303	0.273927479761	0.335871571873	0.412553950195	0.501003344745	0.589000161747	0.683706932819	0.795119718568	0.922097236483	1.05192796067	1.18911798933	1.35428911677	1.52347441028	1.68917682441	1.88539870704	2.08577249674	2.28162051097	2.48543782549	2.69521735725	2.88354864874	3.04039628477	3.17605148522	3.27634660514	3.34769643932	3.38945163737	3.39067162902	3.34010100744	3.27977045267	3.20666934015	3.10379649595	2.99525659376	2.89919209005	2.80698433413	2.72040428162	2.65712213415	2.595866747	2.53884197606	2.47345435913	2.39297426487	2.29289559508	2.17256899938	2.01406847144	1.83026295543	1.63272269472	1.42780345226	1.23593024954	1.03339195852	0.837091366749	0.661353537444	0.506178470611	0.376839678536	0.270405245807	0.191774816303	0.134317145094	0.0916567919493	0.0605863594701	0.038272318665	0.0235537097388	0.0138134538318	0.00891380995128	0.0060015718215	0.00334513839231	0.00155450548819	0.000787091386426	0.000334513839231	0.000177095561946	0.000137740992625	5.9031853982e-05	3.93545693213e-05	1.96772846607e-05	0.0	0.0	0.0	0.0	0.0	0.0	0.0	0.0
PD_43P_filtered_2	0.0	0.0	0.0	0.0	0.0	0.0	0.0	0.0	0.000177143943626	0.000531431830877	0.000885719718129	0.00173207411545	0.00383811877856	0.00661337389536	0.0107860979008	0.0166515307008	0.0258826984298	0.0384796010876	0.0531628657481	0.0731801313778	0.0990431471472	0.131362075529	0.17001882056	0.219343567529	0.273431518316	0.335353167944	0.407824723547	0.486338855894	0.582547699943	0.686393416229	0.797226476957	0.919081827511	1.05321915816	1.19101746364	1.33479929788	1.49838188849	1.67700203164	1.87256894541	2.06854919504	2.27273711406	2.48509333714	2.67873135019	2.86038262305	3.03014556902	3.17095532154	3.27974138559	3.35829488326	3.39173572328	3.3817369318	3.34264716824	3.27875725257	3.19359038101	3.10647492606	3.02081598799	2.9166750318	2.83062244052	2.74297555374	2.66501253589	2.60639757321	2.54484989413	2.48277078322	2.39244705463	2.29525407756	2.1781225655	2.02192097254	1.83552617853	1.63244048849	1.4366373828	1.2450660491	1.04050415954	0.838304189218	0.662262474575	0.508285022243	0.375407381864	0.274021998129	0.19690533467	0.135534799534	0.0914259575713	0.0624333987979	0.0407627896943	0.0241309416539	0.0139156409048	0.00891624516249	0.00594416344166	0.00354287887251	0.00200763136109	0.00096445035974	0.00027555724564	0.000196826604029	0.000157461283223	5.90479812086e-05	3.93653208057e-05	1.96826604029e-05	0.0	0.0	0.0	0.0	0.0	0.0	0.0	0.0
PD_44P_filtered_1	0.0	0.0	0.0	0.0	0.0	1.39699143924e-05	2.79398287847e-05	0.000153669058316	0.000363217774201	0.000852164777934	0.00178814904222	0.00353438834127	0.00604897293189	0.0107288942533	0.0169455061579	0.0253274547934	0.0385709336373	0.0549297033908	0.0775330248776	0.104690538456	0.140216030756	0.187560070632	0.241930977447	0.310551196942	0.388824627283	0.479768769977	0.587881937459	0.703790317173	0.832620867699	0.975239723731	1.12341860569	1.27517378574	1.43973937728	1.6207894678	1.79979995083	1.99027973357	2.19650360983	2.39479257471	2.59296978028	2.80330081137	3.00462124768	3.18312881379	3.33287232616	3.45566787367	3.54651422696	3.57390922908	3.55092871991	3.48689063233	3.3846448289	3.23952535819	3.07188638548	2.8972903954	2.71045676032	2.54387950111	2.39428965779	2.26362904848	2.15513869331	2.08024598225	2.03193801828	1.98326683654	1.94880305773	1.90592939046	1.83920907933	1.75565502135	1.64604707302	1.51404535193	1.36015277498	1.19164766758	1.02505643845	0.857263796687	0.692907753861	0.542186347482	0.411665437314	0.305927155278	0.222037819352	0.156784349226	0.10829477637	0.0730347124433	0.0481822347393	0.0316139162699	0.0191527526319	0.0111899014283	0.00683128813787	0.00424685397528	0.00224915621717	0.000963924093073	0.000586736404479	0.000419097431771	0.000279398287847	0.000181608887101	6.98495719618e-05	0.0	0.0	0.0	0.0	0.0	0.0	0.0	0.0	0.0	0.0
PD_44P_filtered_2	0.0	0.0	0.0	0.0	0.0	1.39712337885e-05	5.58849351539e-05	0.000195597273039	0.000502964416385	0.00092210143004	0.00198391519796	0.00354869338227	0.00616131410072	0.0107578500171	0.0167515093124	0.0253717605599	0.0382252956453	0.0553400570362	0.0780013982411	0.107005679586	0.143288973735	0.186543913544	0.242861956945	0.313235061538	0.388763551398	0.477844138034	0.583843888787	0.705211996707	0.841263871339	0.978559185779	1.11924951003	1.27930396431	1.44709848211	1.61922408238	1.79896400507	1.99363917668	2.19017252238	2.38642644341	2.59247419932	2.79602110439	2.99333683918	3.17546584285	3.33205543115	3.45948705453	3.55011844812	3.5822383146	3.55861295826	3.49677627752	3.38500640721	3.23336263567	3.07248387859	2.89665590137	2.70963696587	2.54275057827	2.39859538804	2.25571158009	2.15116483765	2.08862959521	2.03292628609	1.99173908889	1.95401675766	1.91376563311	1.8539268388	1.75734369962	1.64628636223	1.50773363675	1.34651957007	1.1880438652	1.02170235572	0.851560670642	0.691380475257	0.542740518981	0.410726330914	0.299738849698	0.216987231969	0.157595517134	0.109478587967	0.0728320417393	0.046370524944	0.0293535621896	0.0192663313943	0.0117218651485	0.00690178949151	0.00410754273381	0.00202582889933	0.00114564117066	0.00064267675427	0.000237510974404	0.000125741104096	9.77986365194e-05	4.19137013654e-05	0.0	0.0	0.0	0.0	0.0	0.0	0.0	0.0	0.0	0.0
PD_45P_filtered_1	0.0	0.0	0.0	0.0	0.0	0.0	1.10688453401e-05	2.21376906802e-05	4.42753813605e-05	0.000110688453401	0.000287789978843	0.000630924184387	0.00142788104887	0.00271186710833	0.00480387887761	0.00858942398393	0.0141791908807	0.0220048645362	0.0332840179377	0.0507285181938	0.0738513361093	0.101268866017	0.137120856073	0.182724498875	0.238422928626	0.302101995868	0.379816359001	0.473370239815	0.57977505007	0.702528544892	0.837800903793	0.995686913725	1.1689143433	1.35374192279	1.56967295768	1.80719930984	2.0496845047	2.29729457496	2.56343389232	2.84084129423	3.1019774935	3.32371967219	3.49945972966	3.64969716746	3.76381696292	3.81048321487	3.80179417128	3.74907326092	3.64198218226	3.49142374794	3.33513165174	3.16234697598	2.97883658909	2.81393293121	2.66458100104	2.53625987701	2.42578173167	2.32478958678	2.23779953126	2.16010730581	2.08258111305	1.99334408192	1.87107761629	1.73175406	1.58778158866	1.42191494124	1.23973281578	1.06574163588	0.895635620695	0.724776924025	0.573321913237	0.447712656317	0.337145960215	0.244532931254	0.173437737634	0.12040689961	0.0817323539914	0.0529533561071	0.0334721883085	0.0221155529896	0.0137696436031	0.007615365594	0.00447181351741	0.00254583442823	0.00153856950228	0.000796956864488	0.000453822658945	0.000332065360203	0.000132826144081	6.64130720407e-05	2.21376906802e-05	0.0	0.0	0.0	0.0	0.0	0.0	0.0	0.0	0.0	0.0
PD_45P_filtered_2	0.0	0.0	0.0	0.0	0.0	0.0	1.10724118016e-05	2.21448236032e-05	4.42896472064e-05	0.000121796529818	0.000332172354048	0.000653272296294	0.0014172687106	0.00269059606779	0.00475006466288	0.00862540879344	0.0145380766955	0.0226098648989	0.034878097175	0.0512431218178	0.0723360662998	0.100947178395	0.138227988931	0.180668543367	0.235000868077	0.302996548951	0.379119380087	0.471131122158	0.579164644106	0.700219322333	0.838801628442	0.99280780419	1.15890505363	1.34450082024	1.56078931238	1.79618878728	2.03712446808	2.29639606283	2.57147906163	2.83197969408	3.07947024267	3.31625376905	3.5109842754	3.6590334936	3.76712237761	3.82426709492	3.81829906496	3.75640428299	3.64959979875	3.50297892167	3.34206356096	3.16323303795	2.97793622645	2.81487281785	2.66247214181	2.53228272385	2.42170254719	2.33156204271	2.25654645275	2.16827718587	2.082454922	1.98857194233	1.86993104988	1.73679637037	1.58226979127	1.41587358672	1.23945684948	1.060748123	0.889413622787	0.725796593595	0.576330106685	0.445719937073	0.33685598424	0.245929338525	0.173792575638	0.120279609401	0.0827552058051	0.0550188142421	0.0339923042309	0.0207386273044	0.0130765183377	0.00781712273193	0.00444003713244	0.00253558230257	0.0013729790634	0.000786141237913	0.000509330942873	0.000343244765849	0.000188231000627	7.75068826112e-05	4.42896472064e-05	0.0	0.0	0.0	0.0	0.0	0.0	0.0	0.0	0.0	0.0
PD_46P_filtered_1	0.0	0.0	0.0	0.0	2.58325441491e-05	3.87488162237e-05	3.87488162237e-05	0.000206660353193	0.000387488162237	0.000839557684846	0.00193744081118	0.00371988635747	0.00754310289154	0.0121671282942	0.018186111081	0.0285191287406	0.0441607342229	0.0656404946829	0.0914859551041	0.126359889705	0.170507707656	0.223244846537	0.292773139114	0.373474007036	0.457778514866	0.548786567904	0.638038007939	0.731577650303	0.830451713034	0.918114451604	0.999370719225	1.07517632003	1.13704526327	1.19573680357	1.27195572509	1.33915908869	1.40172551062	1.48201305783	1.5752297934	1.67529215316	1.77807984633	1.88574989034	1.98892507167	2.10273034492	2.21778849656	2.32135116606	2.4262312953	2.53148599644	2.64720287795	2.77097951324	2.88111656522	2.97837609394	3.08304956284	3.16491289524	3.20594789163	3.23529366178	3.23707610732	3.22530938347	3.20946111763	3.1578089456	3.07380151203	2.97774319661	2.86032136718	2.70815476587	2.52279334533	2.29396866926	2.04817201168	1.79972751832	1.53943880348	1.28323163061	1.04539139663	0.828966341745	0.638735486631	0.482526092161	0.355429974948	0.254695969038	0.177314583039	0.118739289181	0.0770068141085	0.0496888986708	0.0315415364061	0.0191806640307	0.0115858960509	0.00687145674366	0.00347447718806	0.0015757851931	0.00104621803804	0.00073622750825	0.000400404434311	0.000129162720746	2.58325441491e-05	0.0	0.0	0.0	0.0	0.0	0.0	0.0	0.0	0.0	0.0
PD_46P_filtered_2	0.0	0.0	0.0	1.29192056135e-05	2.58384112271e-05	5.16768224542e-05	9.04344392948e-05	0.00018086887859	0.000426333785247	0.00098185962663	0.00198955766449	0.00363029677741	0.00664047168536	0.0114851737904	0.0178414229523	0.0281767874432	0.044829643479	0.0658750294235	0.091532571772	0.125639274592	0.16929327036	0.22498796576	0.294325342288	0.3762847827	0.464600472274	0.547916429276	0.633997096279	0.731059088054	0.826131522164	0.912638522952	0.994882185888	1.07517504878	1.14095964376	1.19363124505	1.26287818714	1.3339079796	1.40327119454	1.48126443883	1.56826236943	1.66584112943	1.76662385242	1.87548107892	1.99034573603	2.10079202482	2.20617398501	2.31952709506	2.43142033488	2.54408872704	2.66032281994	2.77195767565	2.87597020004	2.98400059738	3.09134627683	3.16157507854	3.20568124651	3.24089900101	3.24965822242	3.23283741671	3.2010561709	3.15214405844	3.0813984885	2.99056355384	2.87090587144	2.71090150992	2.51945180193	2.30198281384	2.05827491915	1.80162198043	1.54225600853	1.28242494523	1.04088747708	0.825498481089	0.635224420813	0.476318191766	0.350601401941	0.252247489605	0.175597842699	0.119244267813	0.0781999515788	0.0504624171265	0.031057770295	0.0182935951488	0.0109296479491	0.00612370346082	0.00353986233811	0.00167949672976	0.000852667570494	0.000490929813315	0.000232545701044	9.04344392948e-05	1.29192056135e-05	1.29192056135e-05	0.0	0.0	0.0	0.0	0.0	0.0	0.0	0.0	0.0
PD_47P_filtered_1	0.0	0.0	0.0	0.0	0.0	0.0	1.45450314173e-05	5.81801256691e-05	0.000116360251338	0.000232720502676	0.000392715848266	0.00107633232488	0.00222538980684	0.004043518734	0.0075779613684	0.0121160111706	0.0190103560624	0.0300500349081	0.0458459390272	0.0667326041424	0.0933354666046	0.130527111939	0.180445659763	0.240196648825	0.312252734466	0.395857575052	0.490443914359	0.600607982313	0.724313474517	0.853298813125	0.999549104026	1.15394461252	1.31165638818	1.48112054922	1.66578426809	1.86961833838	2.06228182453	2.25584710263	2.45083779381	2.63077437747	2.78806434722	2.91539155225	3.01684314638	3.07903770072	3.10345880847	3.08780835467	3.03275541075	2.97488073074	2.90387188736	2.81018734	2.72376076332	2.65590819176	2.59540086107	2.53623167326	2.49451652316	2.47042995113	2.46285198976	2.47047358622	2.48058238306	2.47822608797	2.45720851757	2.40855538748	2.33332848499	2.22376076332	2.09173551315	1.93198743309	1.73772399348	1.529628229	1.31780893647	1.11929834768	0.917820572492	0.726480684198	0.566674424017	0.433325575983	0.320732487782	0.230786013498	0.164620665581	0.114556667442	0.0762595997207	0.049322201536	0.0321299744007	0.0183267395858	0.0106178729346	0.00669071445194	0.00378170816849	0.0019344891785	0.00111996741913	0.000610891319525	0.000218175471259	4.36350942518e-05	2.90900628345e-05	1.45450314173e-05	0.0	0.0	0.0	0.0	0.0	0.0	0.0	0.0	0.0
PD_47P_filtered_2	0.0	0.0	0.0	0.0	0.0	1.45449975681e-05	4.36349927042e-05	5.81799902723e-05	0.000145449975681	0.000276354953793	0.000610889897859	0.00107632982004	0.00215265964008	0.00426168428745	0.00682160385943	0.0114760030812	0.0193012117728	0.03044267991	0.0452058524416	0.0665433638739	0.0960987989323	0.132810372794	0.178918015085	0.239730649917	0.312761082706	0.392307674406	0.488479198326	0.603253774136	0.726086278598	0.85723852167	0.997379573238	1.14319317386	1.30362449703	1.477277223	1.66167870217	1.85505444483	2.05250278682	2.24708576429	2.44165419676	2.62851378051	2.79278498305	2.92494083095	3.01482891592	3.07521974582	3.10606968567	3.09200467302	3.04601339071	2.98141905651	2.9042869344	2.82279131303	2.74240111147	2.66976339362	2.59193311163	2.52201530832	2.49154353841	2.4838346897	2.47765306574	2.47595130102	2.47582039604	2.47280958155	2.44601769603	2.40649893763	2.34796986742	2.24068596536	2.09658867445	1.92895757748	1.7356400148	1.52817016949	1.3139950803	1.10514346022	0.909615057912	0.730289782896	0.573494709112	0.431840977796	0.315931892176	0.228807356743	0.163354867687	0.112301926223	0.0735395077042	0.0481584869479	0.0305299498954	0.0182394269504	0.0113014631104	0.0068797838497	0.00399987433122	0.00210902464737	0.000989059834629	0.000494529917315	0.000232719961089	5.81799902723e-05	0.0	0.0	0.0	0.0	0.0	0.0	0.0	0.0	0.0	0.0	0.0
PD_48P_filtered_1	0.0	0.0	0.0	0.0	0.0	0.0	1.51652603921e-05	6.06610415683e-05	9.09915623524e-05	0.000197148385097	0.000545949374115	0.00103123770666	0.00219896275685	0.00397329822272	0.00723382920702	0.0124658440423	0.0195025248642	0.0308916354186	0.0460720610711	0.0666361541628	0.0949800258355	0.132620202129	0.179784161948	0.235895625399	0.302698597426	0.382998651202	0.472306869651	0.576249564378	0.696904376057	0.826612848191	0.968771999106	1.11291779913	1.27548939054	1.44684166771	1.6337686673	1.84125975998	2.06095888728	2.28767953014	2.50985059489	2.74789968726	2.97974618814	3.18308199947	3.35581431534	3.50434287562	3.61594402684	3.67152470618	3.69421193573	3.67898601429	3.62064525757	3.51693004174	3.39894431589	3.27416455339	3.13832931606	2.98770794984	2.81738691038	2.67826081154	2.5521161756	2.4128990852	2.26421887232	2.12304546333	1.98860542995	1.8426701292	1.69718978626	1.56103607846	1.41408470526	1.26446424623	1.10293905779	0.94609993482	0.8115234141	0.680905026344	0.559598108467	0.445100392507	0.344736699233	0.262571318428	0.196845079889	0.141385722635	0.0997115870779	0.0704123040004	0.0458294169048	0.0303608513049	0.0197300037701	0.0117530768039	0.00753713441486	0.00436759499292	0.0021079711945	0.00113739452941	0.000788593540388	0.000485288332546	0.000212313645489	7.58263019604e-05	3.03305207841e-05	0.0	0.0	0.0	0.0	0.0	0.0	0.0	0.0	0.0	0.0
PD_48P_filtered_2	0.0	0.0	0.0	0.0	0.0	0.0	0.0	0.0	0.000121296808438	0.00040937672848	0.00072778085063	0.00121296808438	0.00192558683396	0.00344179693944	0.00668648656517	0.0117203041154	0.0189071400153	0.0299906358864	0.0456985725792	0.0671377834706	0.0952938051294	0.129863395534	0.177138826623	0.235118701057	0.302590050751	0.382691430623	0.474240196792	0.579086125586	0.699579342668	0.827062288337	0.963763791447	1.10921382687	1.26605060018	1.44234034914	1.62974391818	1.82630539625	2.03645211687	2.27296573123	2.50961580449	2.74058008986	2.96887584544	3.17727892444	3.34850453165	3.49166508981	3.60463790477	3.67169987773	3.6914106091	3.67159374303	3.61734374545	3.52867577848	3.41940251618	3.29194989471	3.14562045743	2.98861690101	2.84343978341	2.69024191435	2.54624744064	2.41397327104	2.26630956886	2.13051779182	1.99613609017	1.85071637895	1.71378744432	1.57088464188	1.41647380474	1.27238835842	1.11483896636	0.954636206612	0.813477045792	0.676199382842	0.552522124538	0.442748512901	0.344498098066	0.259256765936	0.192816439114	0.142008238479	0.0992814377068	0.0679868611297	0.0459714903981	0.0301422568969	0.0191952199354	0.0116596557111	0.00776299574006	0.00445765771011	0.0020468836424	0.00121296808438	0.000682294547466	0.000242593616877	0.000136458909493	0.000106134707384	4.54863031644e-05	0.0	0.0	0.0	0.0	0.0	0.0	0.0	0.0	0.0	0.0
PD_4P_filtered_1	0.0	0.0	0.0	0.0	0.0	1.41795660542e-05	2.83591321085e-05	4.25386981627e-05	0.00026941175503	0.000708978302712	0.00174408662467	0.00331801845669	0.00574272425196	0.0098831575398	0.0165333740192	0.0258068102187	0.0379728778932	0.0542368401574	0.0737053843499	0.101398076854	0.1365917598	0.173798941127	0.218748165519	0.27465819447	0.335091504994	0.399892121861	0.473554967513	0.55535688408	0.643326911881	0.737550128311	0.847427585665	0.963941079933	1.08727494547	1.23132515702	1.39478719449	1.57658341087	1.77746532316	1.98732290076	2.20366054005	2.42439384482	2.64672944055	2.86525073301	3.06945066376	3.25167226712	3.39307089982	3.48572018441	3.54209813905	3.55300222534	3.52472817063	3.47030699611	3.41261034184	3.33018452436	3.22200861494	3.10926688524	2.9914488709	2.88698800777	2.77943599925	2.67375569345	2.57011724516	2.46179954007	2.33711861576	2.19953428633	2.0551863039	1.88725770312	1.70042774079	1.50850731425	1.30106026287	1.10753754536	0.933341576388	0.755685793294	0.597314220035	0.46389868303	0.348647170141	0.25299181754	0.179910334096	0.125900366996	0.0854744241749	0.0569025985756	0.0363564073631	0.0227156648189	0.0139243338653	0.00779876132983	0.00405535589151	0.00238216709711	0.00112018571828	0.000482105245844	0.000340309585302	0.000226873056868	9.92569623796e-05	0.0	0.0	0.0	0.0	0.0	0.0	0.0	0.0	0.0	0.0	0.0	0.0
PD_4P_filtered_2	0.0	0.0	0.0	0.0	0.0	0.0	1.41790594009e-05	5.67162376036e-05	0.000283581188018	0.000808206385851	0.00168730806871	0.00341715331562	0.00602610024538	0.00972683474902	0.015951441826	0.0250118607832	0.0376454027094	0.0545751996341	0.0757728934384	0.10153624437	0.134091364754	0.174742728057	0.220881387347	0.272592416982	0.331478050674	0.400303205006	0.475749980078	0.55665569302	0.643318104078	0.736176764095	0.842746574552	0.9594827706	1.08801594407	1.23011847738	1.40045151797	1.58502033419	1.76608692274	1.96792583331	2.18985647105	2.42934078433	2.65914080004	2.86209985631	3.06205295198	3.242991929	3.37309897806	3.46713450001	3.53810069231	3.55892973057	3.53113877414	3.4748195502	3.41214810765	3.33457447367	3.22472930049	3.11071548384	2.99763748512	2.88725350769	2.7757352055	2.67224225093	2.5774694179	2.47197721595	2.34752761159	2.20976387045	2.05887032031	1.88485072428	1.69879310682	1.50848177154	1.30974807498	1.11756510386	0.93556269739	0.754368497306	0.595874971323	0.463130617212	0.349216053985	0.255038741444	0.180697933005	0.124392888124	0.0853579375934	0.0580632482467	0.0370924193928	0.0229700762295	0.0138104038565	0.00748654336368	0.00433879217668	0.00286416999898	0.00134701064309	0.00062387861364	0.000368655544423	0.000127611534608	7.08952970045e-05	4.25371782027e-05	1.41790594009e-05	0.0	0.0	0.0	0.0	0.0	0.0	0.0	0.0	0.0	0.0
PD_50P_filtered_1	0.0	0.0	0.0	0.0	0.0	0.0	0.000218221494817	0.000218221494817	0.0	0.0	0.000436442989634	0.00109110747409	0.000872885979269	0.00218221494817	0.00523731587561	0.00981996726678	0.0170212765957	0.0257501363884	0.0336061102019	0.0482269503546	0.073977086743	0.0979814511729	0.130714675396	0.176104746318	0.240261865794	0.317948717949	0.402618657938	0.51914893617	0.649427168576	0.769230769231	0.92591380251	1.10136388434	1.30583742499	1.54915439171	1.77785051828	1.99759956356	2.21953082379	2.48466993999	2.78516093835	3.09198036007	3.36213857065	3.56530278232	3.69339879978	3.76606655756	3.82105837425	3.84593562466	3.76955810147	3.62684124386	3.47037643208	3.26066557556	3.02258592471	2.80741953082	2.64506273868	2.46197490453	2.26012002182	2.13202400436	2.0547735952	1.98974358974	1.96377523186	1.93475177305	1.87757774141	1.83109656301	1.76606655756	1.68357883252	1.59083469722	1.47299509002	1.32853246045	1.19192580469	1.04069830878	0.876813966176	0.72209492635	0.583960720131	0.470703764321	0.373813420622	0.291325695581	0.212765957447	0.154719039825	0.108674304419	0.0752864157119	0.0495362793235	0.0325150027278	0.0218221494817	0.0141843971631	0.00785597381342	0.00261865793781	0.00109110747409	0.000872885979269	0.000654664484452	0.000218221494817	0.000218221494817	0.000218221494817	0.0	0.0	0.0	0.0	0.0	0.0	0.0	0.0	0.0	0.0
PD_50P_filtered_2	0.0	0.0	0.0	0.0	0.0	0.0	0.0	0.0	0.000436534440385	0.000436534440385	0.000654801660577	0.00130960332115	0.00109133610096	0.00240093942212	0.00545668050481	0.00894895602789	0.0130960332115	0.0207353859183	0.035141022451	0.052165865626	0.072682984324	0.0942914391231	0.129650728794	0.185963671604	0.254281311524	0.309502918233	0.393535798007	0.52253172514	0.64694404065	0.762189132912	0.926107815276	1.12167524457	1.29694382238	1.50888129319	1.7251841084	1.95196375018	2.23309192979	2.53059015091	2.84664108575	3.12078471431	3.32137228967	3.51170130567	3.71709075988	3.81814848282	3.84193960983	3.82578783553	3.76794702218	3.66230568761	3.45080475124	3.22860872109	3.00117427764	2.80015016785	2.63470361494	2.4332429707	2.26692334892	2.14753117947	2.04800132706	2.00653055523	1.96898859336	1.92293420989	1.87709809365	1.84544934673	1.80528817821	1.70903233411	1.60099006011	1.44667513543	1.30894851949	1.17667858406	1.0225819266	0.891839861706	0.742326815874	0.61223955264	0.483898427166	0.366688929923	0.273488826901	0.210191333045	0.162827346263	0.11328068728	0.0735560532048	0.0471457195615	0.0336131519096	0.0205171186981	0.0104768265692	0.00589321494519	0.00261920664231	0.00174613776154	0.00196440498173	0.000873068880769	0.000218267220192	0.000436534440385	0.000218267220192	0.0	0.0	0.0	0.0	0.0	0.0	0.0	0.0	0.0	0.0
PD_51P_filtered_1	0.0	0.0	0.0	0.0	0.0	0.0	0.0	1.40553787545e-05	7.02768937725e-05	0.0001546091663	0.00028110757509	0.00056221515018	0.0010822641641	0.00248780203955	0.00456799809522	0.0073228523311	0.0127482285303	0.0209284589655	0.0310764424262	0.045918922391	0.0703612260451	0.10167660991	0.138445480732	0.190056831518	0.257424261889	0.338650295711	0.43390359753	0.541286691215	0.666660669705	0.813187993221	0.979125794797	1.16388374852	1.36890955842	1.59142025948	1.84638483009	2.12902444146	2.42593026227	2.72608287557	3.02755669448	3.33851789404	3.62021579504	3.86562270809	4.06832938049	4.22288232528	4.30593555834	4.30431918978	4.23442179123	4.09362906225	3.91107780299	3.67480688612	3.40620859812	3.1440476736	2.86375531047	2.6020863242	2.38022217056	2.16794378523	1.9841134865	1.84087512161	1.71572602918	1.61070423913	1.51178248346	1.40528487863	1.29604647495	1.18155135962	1.07318438942	0.96283561082	0.842240461106	0.723022738511	0.614051387027	0.511629842043	0.414183901138	0.327279494299	0.252251882507	0.186711651375	0.134566196196	0.0948738065929	0.0641065824993	0.0425877976262	0.0284480865991	0.0181454939721	0.0103728695208	0.00569242839558	0.00305001718973	0.00163042393552	0.000815211967761	0.000449772120144	0.000309218332599	0.000196775302563	5.6221515018e-05	1.40553787545e-05	0.0	0.0	0.0	0.0	0.0	0.0	0.0	0.0	0.0	0.0	0.0
PD_51P_filtered_2	0.0	0.0	0.0	0.0	0.0	0.0	1.40541737804e-05	2.81083475608e-05	9.83792164629e-05	0.000182704259145	0.000267029301828	0.000604329472558	0.00125082146646	0.00245948041157	0.00425841465547	0.00711141193289	0.0128736231829	0.020800177195	0.030848911448	0.0457463356553	0.0676849009265	0.0990538168044	0.140766604585	0.192837318441	0.257809763828	0.336583407867	0.435749658062	0.54496464251	0.666491083189	0.810546364438	0.974628843325	1.1569395856	1.36019104682	1.5867724365	1.84629680953	2.12857488991	2.41050161595	2.70386843944	3.01977815768	3.33064242753	3.61685567657	3.87158757634	4.06885195952	4.21039154366	4.28427433522	4.29162466811	4.23710852802	4.10789445428	3.92639885408	3.68704222042	3.41832641774	3.14183865696	2.86584279226	2.60804708261	2.3745088769	2.17614826816	2.00132840051	1.85218550835	1.72603524449	1.61152183653	1.50182901018	1.40323898111	1.30275163858	1.18909553521	1.07368266013	0.961263324059	0.847016945398	0.727767280872	0.616612820442	0.517123324251	0.417282473714	0.32451087259	0.251316735541	0.190138917075	0.134104926213	0.0944440478044	0.0660124542466	0.0416846794327	0.0263937383596	0.0169774419267	0.00985197582008	0.00556545281705	0.00300759318901	0.00172866337499	0.000801087905484	0.000267029301828	0.000210812606706	0.000168650085365	8.43250426825e-05	2.81083475608e-05	0.0	0.0	0.0	0.0	0.0	0.0	0.0	0.0	0.0	0.0	0.0
PD_52P_filtered_1	0.0	0.0	0.0	0.0	1.87199100845e-05	1.87199100845e-05	0.0	9.35995504226e-05	0.000280798651268	0.000636476942874	0.00125423397566	0.00284542633285	0.0055598132951	0.00915403603133	0.0143394511247	0.0216402160577	0.0317115276832	0.0461258584483	0.061794423189	0.0815439283282	0.108051321008	0.138302695704	0.174207483247	0.215522324803	0.264755688325	0.320840538939	0.385985826033	0.462194579987	0.54252171416	0.633594076721	0.7308252897	0.831875364336	0.946834332165	1.0723887691	1.21409848844	1.36737711221	1.52786290137	1.68806789187	1.84913399824	2.03082944552	2.21969461836	2.40361773494	2.5650395196	2.70476492847	2.83333327093	2.94069195527	3.00514460569	3.0458229703	3.08391798733	3.10988250261	3.11181065335	3.10140238334	3.10611980069	3.1046596477	3.10042894802	3.09305330345	3.0810912809	3.06579711436	3.031520959	2.9736015572	2.89207634878	2.7915129918	2.66219585294	2.4905904372	2.29047459839	2.07437195638	1.83073232663	1.58716757652	1.35753043951	1.11787815061	0.889701166587	0.701172952126	0.543251790653	0.404275178185	0.290682763793	0.207004765715	0.145753219918	0.0979238496522	0.0632920159958	0.0400044478506	0.0245979618511	0.0149010484273	0.00904171657083	0.00516669518333	0.00256462768158	0.00142271316642	0.000655196852958	0.000224638921014	0.000112319460507	3.74398201691e-05	0.0	0.0	0.0	0.0	0.0	0.0	0.0	0.0	0.0	0.0	0.0
PD_52P_filtered_2	0.0	0.0	0.0	0.0	1.87245159338e-05	1.87245159338e-05	1.87245159338e-05	5.61735478014e-05	0.000224694191206	0.000486837414279	0.0012732670835	0.00290229996974	0.00469985349939	0.0090252166801	0.0156911443525	0.0238924823315	0.0336854041649	0.0456316453307	0.0626335057986	0.0809273578659	0.105662443415	0.140209175312	0.175167846561	0.214657850665	0.261001027601	0.315489368969	0.379620836042	0.454256756554	0.537131464077	0.625455005737	0.724563868575	0.828672177167	0.941581008248	1.07312073268	1.21024036287	1.35655373037	1.50605026559	1.66992722904	1.84936426524	2.02496277566	2.20552328281	2.38499776804	2.56142015717	2.71923037746	2.85028326448	2.9453850809	2.99996704485	3.05612186814	3.08784119813	3.10092963477	3.11195837465	3.10091091025	3.09907590769	3.10956163661	3.11373720367	3.11398062237	3.10066749154	3.06617693319	3.0316302013	2.98223492826	2.90686875163	2.80442692496	2.66991000249	2.50395461777	2.29953907732	2.06638140491	1.82367422937	1.58628481636	1.35018739496	1.11701099803	0.901136053831	0.7026187359	0.539977590499	0.409168122186	0.293862553065	0.206344165591	0.145227345583	0.0960942157723	0.0626896793464	0.0408194447357	0.0251283003832	0.0152417559701	0.00784557217627	0.00421301608511	0.00247163610326	0.00129199159943	0.000580459993948	0.000318316770875	0.000131071611537	3.74490318676e-05	3.74490318676e-05	1.87245159338e-05	0.0	0.0	0.0	0.0	0.0	0.0	0.0	0.0	0.0
PD_53P_filtered_1	0.0	0.0	0.0	0.0	0.0	0.0	0.0	0.0	0.000103921214655	0.000371147195196	0.00111344158559	0.00210811606871	0.00345909185923	0.00592350923533	0.00962013529948	0.0151873432274	0.0230705096534	0.0328836414944	0.0474177656583	0.0648319920569	0.0895800870325	0.123027872264	0.161849868881	0.212711880511	0.277276646587	0.355306632905	0.445703243767	0.544057250494	0.656262470546	0.777746370477	0.911285131309	1.06357424844	1.21788240632	1.3897087118	1.58050806191	1.77479619565	1.98584533673	2.20360481909	2.42056262352	2.64604196754	2.86301461785	3.06086576467	3.24989845413	3.40252902668	3.50670262143	3.58599450821	3.62275292642	3.60484878573	3.54577699814	3.45324257943	3.34287824947	3.22139434954	3.07597887846	2.94055468988	2.82003577265	2.69507793497	2.58279848548	2.48315288652	2.38221569531	2.27195528656	2.15808732708	2.0314222123	1.90221845071	1.76251864644	1.59749175756	1.42499738712	1.2477374867	1.07000251786	0.901754071336	0.751573070272	0.610106605351	0.482164744223	0.372973239396	0.277232108924	0.203240204089	0.147479049483	0.10368368045	0.0704437376482	0.0470020807996	0.0313248232746	0.0206803217163	0.0127526176269	0.00767532399666	0.00460222522043	0.00247926326391	0.00149943466859	0.00111344158559	0.000430530746427	0.000148458878078	5.93835512314e-05	1.48458878078e-05	0.0	0.0	0.0	0.0	0.0	0.0	0.0	0.0	0.0	0.0
PD_53P_filtered_2	0.0	0.0	0.0	0.0	0.0	0.0	2.96813587414e-05	0.000103884755595	0.000311654266784	0.000519423777974	0.000964644159094	0.00219642054686	0.00387341731575	0.0067821904724	0.0103142721626	0.0151820149962	0.0233295479707	0.0329463082029	0.0458280178967	0.0640226908051	0.0899048356276	0.122673055678	0.161422069515	0.21483367457	0.279420311191	0.353861158915	0.441391485843	0.539933596864	0.651090285351	0.773006466381	0.909822689499	1.06047042579	1.22005225106	1.38513996838	1.57412117949	1.78110413467	1.98589066931	2.19337820759	2.41095740784	2.63640216816	2.84458721838	3.04668759005	3.23307168226	3.39384076188	3.51707776338	3.58834270572	3.62458364474	3.61318600298	3.5577115435	3.46771766379	3.35457232427	3.22496867133	3.08739557356	2.94673561448	2.81472777148	2.69845104861	2.59006956717	2.48792117106	2.38237425938	2.27019356401	2.15816127544	2.04139481016	1.91274096069	1.76240487867	1.60016657179	1.43173970161	1.24936259282	1.07841280715	0.909585238629	0.746931392727	0.605084179302	0.478552546987	0.368746360323	0.275324283685	0.201046683435	0.144236562804	0.100946301079	0.0700480066296	0.0481580045579	0.031670009777	0.0198419883186	0.0121841977633	0.00762810919653	0.00468965468114	0.00264164092798	0.00127629842588	0.000831078044758	0.000504583098603	0.000163247473078	2.96813587414e-05	0.0	0.0	0.0	0.0	0.0	0.0	0.0	0.0	0.0	0.0	0.0
PD_54P_filtered_1	0.0	0.0	0.0	0.0	0.0	1.25039012172e-05	2.50078024344e-05	0.000125039012172	0.00040012483895	0.000712722369379	0.0013129096278	0.00223819831788	0.00386370547611	0.00671459495363	0.0102281911957	0.0141919278815	0.0205189018974	0.0283713518618	0.0389746600939	0.0550796848617	0.0757861452773	0.100393822873	0.134854574627	0.17998115412	0.235160870191	0.30223179632	0.381506530037	0.468396139596	0.568277302518	0.679186906315	0.79069669737	0.922837925433	1.07734863277	1.23812379462	1.41931782716	1.62848308672	1.85214036779	2.087426277	2.33946741383	2.60299963589	2.86016737222	3.11030791607	3.32518745849	3.4875881275	3.61211447972	3.67007006186	3.66611882907	3.61742863773	3.51312109378	3.37203957635	3.22503120974	3.05465305175	2.89406544842	2.77536591417	2.66565668489	2.58235569498	2.52052390346	2.48156174727	2.45340296172	2.40356241147	2.34455650163	2.26854528613	2.16176196973	2.02131815126	1.85301564088	1.66684505566	1.46353162187	1.25286589416	1.04533864566	0.849590072102	0.673410103952	0.525538968158	0.395873512536	0.28620179496	0.205501616504	0.14391990301	0.0995560614912	0.0672084690423	0.0450765638879	0.0296342458847	0.0175054617041	0.0102782068005	0.00660205984267	0.00401375229071	0.00222569441666	0.00120037451685	0.000650202863293	0.000350109234081	7.50234073031e-05	1.25039012172e-05	3.75117036515e-05	3.75117036515e-05	1.25039012172e-05	0.0	0.0	0.0	0.0	0.0	0.0	0.0	0.0
PD_54P_filtered_2	0.0	0.0	0.0	1.25041294888e-05	1.25041294888e-05	2.50082589775e-05	6.25206474438e-05	0.000112537165399	0.000312603237219	0.000675222992393	0.00137545424376	0.00260085893366	0.00388878427101	0.00602699041358	0.00946562602299	0.0135794846248	0.0195939709089	0.0271339609906	0.0396130822204	0.055668384484	0.0744370828466	0.101370977765	0.135944895802	0.179896910955	0.232464271326	0.298235992437	0.37983794148	0.469079913641	0.563673653224	0.672447075647	0.792836834365	0.928244052598	1.07225411192	1.22935599482	1.41425455757	1.62326108197	1.85349961825	2.08691420342	2.33427089296	2.59435678633	2.85565558026	3.09773552716	3.31293159566	3.49067779634	3.60669110974	3.67024959993	3.6803279283	3.62367171758	3.52023755845	3.38434267917	3.2158870467	3.04941957081	2.90756022176	2.78420698436	2.67408311595	2.58804220094	2.53212373386	2.48849682608	2.44700812443	2.40329368774	2.35016364154	2.27627674039	2.17057933382	2.02890754672	1.84809783431	1.66316175917	1.4665093147	1.24808718079	1.04173153184	0.850943524099	0.671046613144	0.517370861727	0.39428021104	0.289283035723	0.206505698507	0.145598083767	0.0987826229612	0.0668470762469	0.0452899570083	0.0286594647882	0.0176683349676	0.0103159068282	0.00627707300336	0.00406384208385	0.00216321440156	0.0010003303591	0.000462652791084	0.000287594978242	8.75289064213e-05	2.50082589775e-05	3.75123884663e-05	3.75123884663e-05	1.25041294888e-05	0.0	0.0	0.0	0.0	0.0	0.0	0.0	0.0
PD_55P_filtered_1	0.0	0.0	0.0	0.0	0.0	0.0	2.68097521009e-05	0.000120643884454	0.000254692644959	0.000683648678574	0.00170241925841	0.00285523859875	0.00491958951052	0.00840485728365	0.0127882517522	0.0204290311009	0.0318231757438	0.0459787248531	0.0655766536389	0.0926545032609	0.126649268925	0.170952384272	0.223727381282	0.290885810295	0.373258773625	0.469251091023	0.584908361586	0.711932967041	0.850593004907	1.01288583925	1.19098302246	1.3695091617	1.5628342841	1.7520709193	1.93796974037	2.11516879688	2.27448574874	2.41948629298	2.53086740808	2.6360822802	2.73132392454	2.79456812975	2.8389784841	2.86755767984	2.87514483969	2.87640489803	2.87172659629	2.86986331852	2.89009127648	2.91424686312	2.93450163084	2.96517198724	2.9873034376	2.98270556511	2.95231671111	2.88345586284	2.80804003018	2.73070730024	2.62009026307	2.48604150257	2.3524216981	2.20298413989	2.0427288467	1.88409554352	1.69942997105	1.50500564881	1.30944191211	1.11835540401	0.931411002615	0.758850033217	0.613889703607	0.48337983038	0.372454481062	0.279491665652	0.204947149936	0.1508986897	0.106260452452	0.0732442427398	0.0506704314708	0.0337802876472	0.0217427089539	0.0131367785295	0.00793568662188	0.00474532612187	0.00274799959035	0.0014879412416	0.000790887686978	0.000361931653363	0.000187668264707	9.38341323533e-05	5.36195042019e-05	1.34048760505e-05	0.0	0.0	0.0	0.0	0.0	0.0	0.0	0.0	0.0
PD_55P_filtered_2	0.0	0.0	0.0	0.0	0.0	0.0	2.68113262839e-05	6.70283157098e-05	0.000281518925981	0.000630066167672	0.00154165126133	0.00282859492295	0.00487966138367	0.00805680354832	0.0131107385528	0.0202827683338	0.0306185346162	0.0452441131041	0.0642935604288	0.0903541695768	0.122206025202	0.165720807761	0.221059385211	0.286867785575	0.366604669943	0.46186531223	0.570585240311	0.698636134643	0.847170882256	1.00849463251	1.18441714992	1.36153277135	1.54568636593	1.73828552829	1.92155434911	2.09923300839	2.26463208023	2.40592776975	2.52102879349	2.62714802292	2.71978115523	2.78695693323	2.83439957509	2.8650583267	2.87774008403	2.87434845126	2.87725748016	2.87780711235	2.89263377578	2.9175414979	2.93799853986	2.96670006464	2.97581591558	2.9757354816	2.96149866734	2.90551661806	2.81850045861	2.73085423299	2.63143783512	2.50645683765	2.37697153736	2.22733752537	2.06616123742	1.90040021267	1.70805575791	1.50766790526	1.3163422809	1.12694707203	0.94173443006	0.771562942136	0.616043844026	0.483609297846	0.372945548609	0.278140698869	0.20710408988	0.150853927336	0.105261266991	0.0712913165889	0.049198783731	0.033809082444	0.0215026836797	0.013405663142	0.00816404885345	0.00477241607854	0.00282859492295	0.00167570789275	0.000790934125376	0.000308330252265	0.000120650968278	5.36226525678e-05	1.3405663142e-05	1.3405663142e-05	0.0	0.0	0.0	0.0	0.0	0.0	0.0	0.0	0.0
PD_56P_filtered_1	0.0	0.0	0.0	0.0	0.0	2.26169943191e-05	4.52339886381e-05	0.000113084971595	0.000263864933722	0.000663431833359	0.00132686366672	0.00252556436563	0.00444046988464	0.00779532404197	0.0133364876501	0.0207548617868	0.0312566861489	0.0450304356893	0.0628978612013	0.0870226551416	0.117058023597	0.155914019838	0.203990210762	0.260442228582	0.326710021937	0.404346624436	0.491497442546	0.590341246718	0.703275438351	0.82255746639	0.951195391079	1.09298886746	1.23868754487	1.39298068011	1.56198240066	1.7505176653	1.94937381836	2.14898387122	2.35835692663	2.57136377912	2.78755208882	2.98687565976	3.1547239136	3.29460248446	3.40179949854	3.46680827921	3.48561807948	3.45268773575	3.37938605717	3.29259711097	3.19329342791	3.07287301116	2.94421246947	2.83274838247	2.72597355229	2.63324387558	2.55776342654	2.49150317218	2.42546908777	2.35316255693	2.27938592146	2.18856361128	2.07671503537	1.92837016963	1.75764955751	1.58119176784	1.38782400541	1.19294090436	1.00675780712	0.824133116994	0.657747428787	0.512772495202	0.388175473498	0.286006971161	0.205543244372	0.14475630264	0.09881364818	0.0662979493473	0.0434774020793	0.0282335479083	0.0175884825821	0.0102454984265	0.00615182245479	0.00368657007401	0.00203552948872	0.00110069372353	0.000565424857977	0.000196013950765	6.78509829572e-05	3.76949905318e-05	1.50779962127e-05	0.0	0.0	0.0	0.0	0.0	0.0	0.0	0.0	0.0	0.0
PD_56P_filtered_2	0.0	0.0	0.0	0.0	0.0	0.0	0.0	5.27611333152e-05	0.00033164140941	0.000663282818819	0.00123611798053	0.00281895197998	0.00497462114114	0.00801215495915	0.0133561040335	0.0205843792977	0.0311969043988	0.0457966637176	0.0631475392735	0.0866639301226	0.116994044474	0.155080045423	0.20386901913	0.262041937262	0.329101337706	0.404994459327	0.490791599403	0.589243874169	0.701911505711	0.822071218184	0.947612566255	1.08355539489	1.23632148776	1.39308988944	1.56103611409	1.7493481362	1.94042634915	2.13999156726	2.35367415719	2.56982144577	2.77910978702	2.97621784379	3.14479720203	3.2849081602	3.39599295775	3.46651951838	3.47844353451	3.44705066018	3.38727983344	3.29514382007	3.18711916826	3.07132355524	2.95181958828	2.83538330436	2.72764507013	2.64031785719	2.56966316237	2.50126212168	2.43561973453	2.3609702682	2.28383349129	2.19137337381	2.07452253812	1.93017561468	1.76176207714	1.58451481842	1.39189145799	1.19843145673	1.00806175042	0.827385018039	0.66076535903	0.513200006452	0.390432386532	0.288543100796	0.207547223852	0.14436953536	0.098987423404	0.0665845502437	0.0428948013852	0.0276242219429	0.0172152040703	0.00990401845373	0.00592432154082	0.00362544358923	0.00205768419929	0.00110044649486	0.000535148637911	0.00021858183802	9.7984961871e-05	2.26119142779e-05	0.0	0.0	0.0	0.0	0.0	0.0	0.0	0.0	0.0	0.0	0.0
PD_57P_filtered_1	0.0	0.0	0.0	0.0	0.0	0.0	1.15240431875e-05	2.3048086375e-05	2.3048086375e-05	3.45721295625e-05	0.000126764475063	0.000403341511563	0.000749062807188	0.0013828851825	0.002765770365	0.00508210304569	0.009403619241	0.0161221364193	0.0255027075739	0.0404263435018	0.0619186840465	0.0911321335268	0.128297172806	0.1799018382	0.245404499678	0.321889574313	0.422425327081	0.539832279075	0.678040129023	0.835723611958	1.01435780541	1.23245032273	1.46884302064	1.71806197861	1.99839585319	2.30223877587	2.62078637766	2.93225821693	3.24460588349	3.56160926349	3.85115084857	4.09183049054	4.2712137468	4.40748555749	4.4659239805	4.44636767921	4.37097738867	4.22683465649	4.04240386931	3.81664786327	3.58047412218	3.32440988256	3.03916676558	2.7757501864	2.52819069065	2.28904374642	2.06446319278	1.8521442211	1.65317009142	1.46830139061	1.2943229106	1.13295173385	0.982148104698	0.834744068287	0.696547742382	0.582540383128	0.480760033696	0.391494795166	0.318017495802	0.25369028673	0.201048457449	0.155009904915	0.116588744928	0.0873868194908	0.0638892954315	0.0458080716703	0.0324978017888	0.0226332208203	0.0149236359278	0.00987610501169	0.00678766143744	0.00427542002256	0.00244309715575	0.00160184200306	0.000910399411813	0.000403341511563	0.00023048086375	0.000161336604625	8.06683023125e-05	3.45721295625e-05	1.15240431875e-05	0.0	0.0	0.0	0.0	0.0	0.0	0.0	0.0	0.0	0.0
PD_57P_filtered_2	0.0	0.0	0.0	0.0	0.0	0.0	1.15284911672e-05	2.30569823344e-05	1.15284911672e-05	4.61139646689e-05	0.000161398876341	0.000311269261515	0.000691709470033	0.00152176083407	0.00267460995079	0.00478432383439	0.00884235272525	0.0159784887578	0.0258007632322	0.0404304185234	0.0627149919497	0.0910981372033	0.128888531249	0.179187338212	0.240565025186	0.319800344979	0.417216095342	0.534184166724	0.675016214823	0.833233227602	1.01903791974	1.23048197624	1.46344972575	1.71274181875	1.99154684914	2.29898865158	2.60706452105	2.92103144949	3.2366123667	3.54441155238	3.84124714295	4.08709221709	4.27351944776	4.40603945372	4.45497789873	4.44437168686	4.37871692966	4.22895030091	4.03806154416	3.82834676134	3.59142473936	3.33199910262	3.05775935474	2.79138203783	2.53645251265	2.29686740921	2.07366429172	1.86308487206	1.66093277944	1.46849920488	1.29378492124	1.13019563158	0.978399988379	0.832991129287	0.699687185921	0.58748038139	0.482571111768	0.395300433633	0.320180785187	0.252600769965	0.199892508348	0.155726858687	0.117579081414	0.0874090200298	0.063983125978	0.0449726440433	0.0320837909184	0.0225727857054	0.0151023234291	0.00989144542147	0.00617927126563	0.00391968699685	0.00242098314512	0.00153328932524	0.000818522872872	0.000380440208518	0.000172927367508	0.000103756420505	5.76424558361e-05	3.45854735016e-05	2.30569823344e-05	0.0	0.0	0.0	0.0	0.0	0.0	0.0	0.0	0.0	0.0
PD_58P_filtered_1	0.0	0.0	0.0	0.0	0.0	1.38637838869e-05	5.54551355476e-05	0.000166365406643	0.000346594597173	0.000610006491024	0.00167751785031	0.00324412542953	0.00519891895759	0.0085678184421	0.0121585384688	0.0177595071591	0.0260777774913	0.0367806186519	0.0503393992933	0.0683761821302	0.0933309931266	0.126215888506	0.168042924493	0.220420300018	0.284498709143	0.3568953886	0.439773088676	0.542781002956	0.663090919527	0.790027724795	0.925851215535	1.07081093986	1.23208833781	1.39947966446	1.58640506261	1.79992119825	2.01909375772	2.24185703722	2.47837319033	2.71770369157	2.92810047583	3.13180105248	3.2932864072	3.39786092906	3.47175489717	3.51096167801	3.50541616445	3.44610689698	3.34354262379	3.22387044128	3.10155027604	2.9769980416	2.86604617916	2.7569104724	2.65612076354	2.56757277585	2.50571257215	2.460239361	2.39636890863	2.33095957626	2.2690577812	2.18871715358	2.07644823166	1.93096168355	1.77217976669	1.60139181299	1.40121263745	1.2020732457	1.01672831891	0.830177242931	0.657351312997	0.509771333521	0.383874312044	0.282959829132	0.203936260976	0.141535369701	0.0973376266699	0.0659222923822	0.0424509062617	0.0264659634401	0.0164979028254	0.0103701103474	0.0061416562619	0.00343821840395	0.00177456433752	0.000956601088196	0.000568415139363	0.000291139461625	0.000110910271095	4.15913516607e-05	2.77275677738e-05	1.38637838869e-05	0.0	0.0	0.0	0.0	0.0	0.0	0.0	0.0	0.0
PD_58P_filtered_2	0.0	0.0	0.0	0.0	0.0	0.0	5.54599949032e-05	0.000194109982161	0.000388219964323	0.000651654940113	0.00163606984965	0.00324440970184	0.00508845453237	0.00818034924823	0.0119516289016	0.0167489184608	0.0250956476937	0.0363817566565	0.0509400053186	0.0698934585768	0.0938383113763	0.126850873342	0.166795934671	0.216391035114	0.283220328972	0.359172791992	0.444650509137	0.54668303476	0.668584103557	0.799164661557	0.932074539342	1.07694991103	1.23544071146	1.40969601545	1.59859275809	1.79499046504	2.0054888757	2.24212280895	2.48039281205	2.70435413647	2.92648528106	3.12862309748	3.28542236807	3.40412062216	3.47531739062	3.50446161794	3.4951304738	3.42903602487	3.33668126836	3.22881157827	3.10423456472	2.98826771538	2.86710149151	2.75871879647	2.66669679993	2.57190180364	2.49640688558	2.44227793055	2.39483190491	2.33712578022	2.26996372639	2.18433349426	2.06969768479	1.92752598786	1.77842179156	1.60555298745	1.40015689633	1.20393943436	1.01568048166	0.829695388751	0.657603024566	0.509982383133	0.386708679461	0.282637999026	0.202775606365	0.144431691727	0.0987465209252	0.0668154288597	0.0428151160653	0.0249154027103	0.016332968499	0.0105373990316	0.0060728694419	0.00323054470311	0.00173312484073	0.00103987490444	0.00059619494521	0.000277299974516	0.000124784988532	5.54599949032e-05	2.77299974516e-05	1.38649987258e-05	0.0	0.0	0.0	0.0	0.0	0.0	0.0	0.0	0.0
PD_59P_filtered_1	0.0	0.0	0.0	0.0	0.0	3.70011185438e-05	3.70011185438e-05	0.0	1.85005592719e-05	7.40022370876e-05	0.000240507270535	0.000666020133789	0.00127653858976	0.00233107046826	0.00436613198817	0.0065861991008	0.00910227516178	0.0145229390284	0.0224226778376	0.0329864971818	0.0470469222285	0.0656029831782	0.0916147695145	0.125100781797	0.164562474724	0.216956058582	0.275528829237	0.343000368901	0.429379480142	0.523010810617	0.620101745676	0.731567615289	0.85248727069	0.980770148682	1.12640655127	1.28958148405	1.46378275015	1.63707748885	1.81113075048	2.00694066982	2.20091903378	2.3731592406	2.53964577349	2.6969930301	2.83199161111	2.94671357915	3.05449783747	3.13841637433	3.18533379264	3.21273312092	3.22244591454	3.21465717909	3.19367754487	3.1595070119	3.13084964558	3.11403263721	3.07181436095	3.02119683078	2.99155893483	2.93885084146	2.85434028671	2.771716789	2.66718862911	2.52114521422	2.34927501858	2.15786823236	1.93822959268	1.70268047203	1.48202430159	1.25404190969	1.02581901051	0.820999318809	0.644818492863	0.492873399563	0.364979033316	0.264446994233	0.186134126835	0.129559416581	0.0881366643714	0.0569632219982	0.0362610961729	0.0225336811932	0.0137644160983	0.00830675111309	0.00473614317361	0.00266408053515	0.00155404697884	0.000943528522867	0.00038851174471	0.000166505033447	0.000111003355631	1.85005592719e-05	0.0	0.0	0.0	0.0	0.0	0.0	0.0	0.0	0.0
PD_59P_filtered_2	0.0	0.0	0.0	0.0	0.0	0.0	0.0	1.8504010004e-05	7.4016040016e-05	9.252005002e-05	0.000240552130052	0.00083268045018	0.00131378471028	0.00220197719048	0.00381182606083	0.00642089147139	0.00993665337215	0.0147106879532	0.023093004485	0.0331776899372	0.0468706573402	0.0664293959144	0.09226099388	0.124846555497	0.168238458956	0.218828422307	0.27817078239	0.346524595345	0.426646958662	0.518722912442	0.621087095785	0.734757229239	0.852868325095	0.982155842993	1.12511782428	1.27979284391	1.4473651585	1.62866744852	1.81694575031	2.00574216438	2.18382475666	2.36118569255	2.53910174874	2.69694095407	2.83679426168	2.95843962345	3.05358724289	3.13661473578	3.19386614273	3.22789501713	3.23548166123	3.20800320637	3.18024719137	3.16690580016	3.14917895857	3.11526110823	3.0746818143	3.0299206141	2.99713150837	2.93934348513	2.85944316993	2.7709754981	2.66082112655	2.52368790841	2.34976871838	2.16489515443	1.94134820957	1.69777992589	1.46964398655	1.24304388004	1.02464104996	0.819487091048	0.641811586989	0.493575962847	0.365232149459	0.262978990177	0.187242077231	0.129583582058	0.0859141184486	0.0558821102121	0.0359902994578	0.0215201636347	0.0131378471028	0.0083083004918	0.00518112280112	0.00281260952061	0.00131378471028	0.000721656390156	0.000425592230092	0.00027756015006	0.000148032080032	3.7008020008e-05	0.0	0.0	0.0	0.0	0.0	0.0	0.0	0.0	0.0
PD_5P_filtered_1	0.0	0.0	0.0	0.0	0.0	1.4483245058e-05	4.34497351739e-05	5.79329802318e-05	0.000159315695638	0.000318631391275	0.000448980596797	0.000999343908999	0.00212903702352	0.00369322748978	0.00603951318917	0.0100803385603	0.0154246559867	0.0220579822233	0.032485918665	0.0479395411418	0.067216740314	0.0926203521456	0.124860055645	0.166470418696	0.218610100905	0.27744104233	0.348235144173	0.431890367628	0.529304673888	0.641636722558	0.75976206925	0.887547740397	1.02870144673	1.16443841941	1.31823599868	1.49128181064	1.66625389418	1.85030697238	2.04010989886	2.2328239576	2.42511800224	2.60650616334	2.78050786947	2.94686242221	3.07483637554	3.1869077258	3.2758493337	3.32725037041	3.35514510039	3.382663266	3.40525712829	3.40107147047	3.38172185507	3.34686068422	3.29094087505	3.22824290719	3.15078651262	3.04565263675	2.93068463748	2.80876468058	2.65357670978	2.47188440053	2.28912033114	2.08565970457	1.86341430916	1.64845398601	1.43683929246	1.22739708568	1.03501614158	0.85099202987	0.676961357254	0.528638444615	0.409412371298	0.304437811118	0.220058425411	0.159141896697	0.110536126282	0.0742700806572	0.0475919432604	0.0305161973371	0.018987534271	0.0106596683627	0.00663332623654	0.00392495941071	0.0021000705334	0.00117314284969	0.00063726278255	0.000333114636333	0.000173798940695	0.000101382715406	7.24162252898e-05	1.4483245058e-05	0.0	0.0	0.0	0.0	0.0	0.0	0.0	0.0	0.0
PD_5P_filtered_2	0.0	0.0	0.0	0.0	0.0	0.0	0.0	5.79450148165e-05	0.000115890029633	0.000217293805562	0.000550477640757	0.000999551505585	0.00192667174265	0.00360707717233	0.00589590525758	0.00916979859472	0.0143269049134	0.0217438668099	0.0317248956121	0.0461097455403	0.0663760144723	0.0929872625268	0.124770103154	0.165157778481	0.217641475651	0.280033770355	0.348597209136	0.428532357076	0.525662688162	0.635526436254	0.754531010434	0.880010940019	1.02002058207	1.16433264147	1.31241112683	1.48311714048	1.66321024653	1.83881261393	2.02238242087	2.21365891478	2.41026635006	2.59900774957	2.76454217064	2.92494845791	3.07553306516	3.18984409314	3.27573309135	3.33676367821	3.35902905015	3.37986028298	3.39730173244	3.39172452476	3.38624872086	3.35639255198	3.30551682897	3.24277686418	3.15655468213	3.05477426361	2.94223055858	2.81126033884	2.65614153418	2.48996971794	2.29948996798	2.08681727735	1.87540489079	1.66787482023	1.44706085501	1.23151988615	1.0355933048	0.853037535622	0.683591826044	0.535600258203	0.410453512453	0.304211327787	0.221248552823	0.157378660242	0.111008162135	0.0738219488763	0.0477611784625	0.0308991791509	0.0191073686358	0.0118352692763	0.00688097050946	0.00398371976864	0.00230331433896	0.00123133156485	0.000680853924094	0.000318697581491	0.000130376283337	7.24312685207e-05	4.34587611124e-05	0.0	0.0	0.0	0.0	0.0	0.0	0.0	0.0	0.0	0.0
PD_60P_filtered_1	0.0	0.0	0.0	0.0	0.0	3.95545003001e-05	0.000105478667467	0.000342805669267	0.0012657440096	0.00270289085384	0.00493112770408	0.00926893790365	0.0158877242872	0.0257236100285	0.0392248794643	0.0598986982878	0.0870594551605	0.119533699907	0.163267792405	0.218670462492	0.289960856867	0.370533373978	0.460453937993	0.563968065279	0.673204410274	0.786330281132	0.901512986006	1.01760544439	1.12645942921	1.22017722526	1.30792229176	1.39627386059	1.46966064348	1.53990943602	1.62598002867	1.71079806215	1.80768021821	1.92186087575	2.05893040412	2.20454370456	2.34269438927	2.50350980266	2.65601877098	2.78702327598	2.90345854003	2.97786055509	3.01965647708	3.03951283623	3.03828664672	3.01873353874	2.98403105714	2.94670479369	2.89478291963	2.84325659057	2.80648409013	2.76245993129	2.70583107169	2.65394875213	2.58832783614	2.49836771762	2.39371969466	2.27583409893	2.13995120557	1.96738810559	1.77984703484	1.58753305438	1.37504627877	1.16464270684	0.976323730907	0.799805180901	0.636155028326	0.491332817894	0.371126691482	0.273374336407	0.196559496825	0.138678078052	0.0932167723739	0.0621401199714	0.0407147656422	0.0254730981933	0.0161382361224	0.00953263457232	0.00551126037515	0.00325665385804	0.0018195070138	0.0011075260084	0.000659241671668	0.000316436002401	0.000131848334334	2.63696668667e-05	0.0	0.0	0.0	0.0	0.0	0.0	0.0	0.0	0.0	0.0	0.0
PD_60P_filtered_2	0.0	0.0	0.0	1.31864399091e-05	2.63728798183e-05	3.95593197274e-05	0.000131864399091	0.000382406757365	0.00105491519273	0.0024526778231	0.00479986412692	0.00825471138312	0.0150193550565	0.0258058629022	0.0410757603169	0.0604730134233	0.0862656898855	0.120695484488	0.164579956506	0.222455241267	0.290339033919	0.368956588657	0.459586990153	0.561425865571	0.670675520218	0.783709683119	0.896335066383	1.01104390715	1.1257791208	1.22375436933	1.31170792352	1.39501985087	1.4688771008	1.5413365881	1.61798936329	1.70705057844	1.80833562338	1.92026212533	2.04929143984	2.19438183816	2.35347623566	2.50726968432	2.65465452319	2.79410112523	2.90147830541	2.97578389429	3.02324189153	3.04892907647	3.05134219497	3.02266168817	2.98138813125	2.94168376069	2.90002779702	2.8535983421	2.80706339566	2.7574164494	2.71227926559	2.66184113294	2.59143873026	2.50633344709	2.39935186011	2.28174200256	2.14365360383	1.96290707199	1.76545332079	1.57479058615	1.3730908013	1.1663537964	0.975691061756	0.798373004298	0.63268538684	0.490390513781	0.372094961356	0.273605441675	0.196161480088	0.135662093785	0.0916853166882	0.0604466405435	0.0384912180947	0.0246058968704	0.0153622024941	0.00950742317448	0.00567016916093	0.00312518625846	0.00163511854873	0.000988982993185	0.000580203356002	0.000342847437637	0.000131864399091	2.63728798183e-05	0.0	0.0	0.0	0.0	0.0	0.0	0.0	0.0	0.0	0.0	0.0
PD_63P_filtered_1	0.0	0.0	0.0	0.0	0.0	3.24248012116e-05	0.000145911605452	0.000162124006058	0.000243186009087	0.000729558027262	0.0011024432412	0.00231837328663	0.00463674657327	0.00671193385081	0.0103921487883	0.0167474098258	0.0245455745172	0.034548625691	0.0471942981636	0.0661303820712	0.0906759565884	0.123943802632	0.168252293487	0.219759090212	0.284705967039	0.362947012363	0.454093128569	0.563153947444	0.68453619078	0.826005598466	0.990010242995	1.1667902592	1.35709141751	1.55961672588	1.78297496903	2.02382639243	2.27263810452	2.53362532948	2.79858459258	3.04496444458	3.28275172427	3.49954394517	3.66319191689	3.77774873957	3.83196300719	3.83554594773	3.77406852463	3.64526100182	3.48941119479	3.30971294648	3.11887677895	2.91299550365	2.70734120197	2.52041222298	2.35256523951	2.20594028843	2.08758976401	2.0017288904	1.91158794303	1.83710817465	1.79184315216	1.7341432184	1.66246819532	1.57855280979	1.47587967675	1.36440321019	1.2391137783	1.10725832418	0.975954091669	0.837419128493	0.696419880424	0.565229134721	0.447997265941	0.344643212079	0.262462553408	0.196559144945	0.1418260805	0.0998683877319	0.0683352685536	0.0462215541272	0.0307387115486	0.0186442606967	0.0110568572132	0.00671193385081	0.00377748934116	0.00192927567209	0.000761982828474	0.000356672813328	0.00019454880727	4.86372018175e-05	0.0	0.0	0.0	0.0	0.0	0.0	0.0	0.0	0.0	0.0	0.0
PD_63P_filtered_2	0.0	0.0	0.0	0.0	0.0	1.62090264178e-05	4.86270792534e-05	0.000113463184925	0.000259344422685	0.000632152030294	0.00111842282283	0.0021882185664	0.0040036295252	0.00641877446145	0.010552076198	0.0158524278366	0.023470670253	0.0333419673414	0.0457580815774	0.064090490456	0.0880960585807	0.121000382209	0.16520239725	0.215466588172	0.27787133988	0.358543664362	0.452880198113	0.556358622764	0.679174415932	0.82108444222	0.977793309627	1.14985212505	1.34097275554	1.54557929602	1.77119273473	2.01491165594	2.26286113306	2.52155719468	2.78044776463	3.03877101865	3.27743272363	3.48573492212	3.66129488725	3.77819438578	3.82448736523	3.82823165033	3.77419075625	3.66369382316	3.51473287038	3.32481170784	3.13172978516	2.92937629936	2.72191697023	2.53718269615	2.37243415164	2.22733094715	2.0915803509	1.99620643946	1.927204614	1.85231891195	1.79573320072	1.7354680405	1.66888135998	1.58903569584	1.48430917616	1.37024625725	1.24550158994	1.10577978222	0.965312359285	0.829334836667	0.692255100251	0.566894489936	0.450157081675	0.347683616662	0.264093667425	0.193503357376	0.139332791087	0.0993289138883	0.0694394691738	0.0463902336077	0.0300029078993	0.0182513637464	0.0108924657528	0.00643498348786	0.00416571978937	0.00220442759282	0.000972541585068	0.000486270792534	0.000243135396267	9.72541585068e-05	0.0	0.0	0.0	0.0	0.0	0.0	0.0	0.0	0.0	0.0	0.0
PD_64P_filtered_1	0.0	0.0	0.0	0.0	0.0	2.3610303442e-05	5.9025758605e-05	0.000106246365489	0.000271518489583	0.000578452434329	0.00132217699275	0.00260893853034	0.00498177402626	0.00852331954256	0.0144022850996	0.0225006191802	0.0334321896738	0.0481532138699	0.0653769302308	0.0870275784871	0.117248766893	0.153726685711	0.191196237273	0.240293863281	0.298953662182	0.36005712749	0.428668669293	0.511233900429	0.600610704109	0.703221082868	0.81737690001	0.936774204516	1.0741743654	1.21673337758	1.38008126194	1.57069904678	1.76240290558	1.94415502147	2.13664982544	2.34372399178	2.54979472022	2.74844000823	2.92508049343	3.07948007279	3.20138006946	3.29550254413	3.36020658071	3.39728656227	3.40942225824	3.38155029502	3.33179158052	3.26190508233	3.18232655458	3.09441358971	2.99842590107	2.90182434454	2.80732410501	2.72519566449	2.63657439052	2.54346715889	2.44457540293	2.32700789694	2.19255902399	2.03727405825	1.86445844221	1.68478403301	1.48943238233	1.28676153759	1.08914329778	0.896011015623	0.718792077988	0.565549403497	0.432540759057	0.321359840149	0.235961372599	0.166464444418	0.116599483548	0.0825180105297	0.0537960763926	0.0337745390738	0.0211784421875	0.0127141484035	0.00796847741167	0.00471025553668	0.00244366640625	0.00138120275136	0.000802750317027	0.000413180310235	0.000188882427536	7.08309103259e-05	2.3610303442e-05	0.0	0.0	0.0	0.0	0.0	0.0	0.0	0.0	0.0	0.0
PD_64P_filtered_2	0.0	0.0	0.0	0.0	0.0	0.0	3.54272239794e-05	7.08544479588e-05	0.000247990567856	0.000814826151526	0.00175955212431	0.00278694161971	0.00491257505848	0.00836082485914	0.013190736395	0.0209729165958	0.032734754957	0.0483463516572	0.0661544362442	0.0890286138603	0.116838984684	0.150624747286	0.193786915167	0.242747338707	0.299643460418	0.361605675158	0.430192780782	0.512076904473	0.605096985568	0.707233672301	0.813609816837	0.932751571079	1.07045719069	1.21897992268	1.38036273698	1.55694383037	1.74621967902	1.93815256947	2.14008774615	2.35449330567	2.5564521005	2.74381487906	2.92424573078	3.07808254638	3.19318559709	3.29288961444	3.36538552377	3.39290066773	3.39732907073	3.37895415056	3.33752791665	3.27636871899	3.18083330499	3.08797855094	3.00395698474	2.91186982054	2.81929848428	2.72476684163	2.63916285942	2.55192922491	2.44831640384	2.32377790248	2.19399617197	2.04367846063	1.86694384927	1.68308836589	1.47993685452	1.28062329241	1.08735597653	0.89436026936	0.718723901945	0.564013214827	0.435069928617	0.325210107056	0.235083249253	0.166118253239	0.115752549815	0.0800891443428	0.0534124446863	0.0338566170497	0.0214098523582	0.0131316910217	0.00743971703568	0.00451106652005	0.00277513254505	0.00148794340714	0.000838444300846	0.000401508538433	0.000177136119897	7.08544479588e-05	5.9045373299e-05	3.54272239794e-05	0.0	0.0	0.0	0.0	0.0	0.0	0.0	0.0	0.0
PD_65P_filtered_1	0.0	0.0	0.0	0.0	0.0	0.0	2.8705087661e-05	0.000100467806814	0.000200935613627	0.00054539666556	0.00109079333112	0.00231075955671	0.00459281402577	0.00859717375448	0.015328516811	0.0253752974924	0.0390819768505	0.056233266728	0.0825127744816	0.118853415461	0.163087955546	0.218531832363	0.281238096359	0.355455100507	0.443393136556	0.539110251362	0.643582417904	0.752991859524	0.879710469004	1.01752359486	1.15932672791	1.31315729269	1.46337101642	1.61293887567	1.77701715674	1.94778372324	2.11024016686	2.26253500944	2.39103333436	2.49193171749	2.58578300159	2.66730545055	2.72577771412	2.77090211192	2.78627368636	2.78267119786	2.77387308849	2.75250215073	2.71544388256	2.67670636676	2.64246119718	2.62137731029	2.60860354628	2.58245321142	2.56256058568	2.5570348563	2.56389537225	2.56749786075	2.56438335874	2.5401706173	2.48660692372	2.41431316045	2.32993455527	2.22256317487	2.07365553263	1.89747805711	1.7085985803	1.5134326893	1.30578008516	1.09804136575	0.907855807455	0.733328874476	0.578292696019	0.443881123046	0.328759368982	0.237233196975	0.170264227461	0.11769085941	0.077058807826	0.0504922491958	0.0325228643199	0.0196629850478	0.0117260283095	0.00658781761821	0.00367425122061	0.00209547139926	0.00120561368176	0.000531044121729	0.000157877982136	7.17627191526e-05	1.43525438305e-05	0.0	0.0	0.0	0.0	0.0	0.0	0.0	0.0	0.0	0.0
PD_65P_filtered_2	0.0	0.0	0.0	0.0	0.0	2.87139317125e-05	5.74278634251e-05	0.000100498760994	0.000200997521988	0.000559921668394	0.00122034209778	0.00249811205899	0.00483829749356	0.00864289344547	0.0152901686369	0.0249380496923	0.0376439644751	0.0559490959419	0.0814757812343	0.116937486899	0.164774897132	0.220652208245	0.284641205066	0.358507794397	0.441562841875	0.532557291472	0.640880598858	0.758334936528	0.88312568375	1.02045006217	1.15675509601	1.3026218691	1.46285996503	1.61342146596	1.77289864269	1.94710606639	2.1046594097	2.24913355711	2.37513028947	2.4950396683	2.59575378378	2.65853679547	2.71797463411	2.76651553567	2.77734068793	2.77244496257	2.78002544054	2.76787944743	2.71129864499	2.67401360466	2.65491884007	2.6273247517	2.60013265836	2.57776450556	2.57500796812	2.56741313318	2.57186379259	2.58741238662	2.56871961707	2.53116179439	2.48819139558	2.42836591886	2.33651005131	2.21849579197	2.07188245665	1.89902458774	1.70511940689	1.50328918088	1.30583782946	1.10574479632	0.917682900567	0.737115340992	0.574953411646	0.437585962333	0.324625354976	0.237909281204	0.168938417231	0.116004284119	0.0772404763067	0.0501919526335	0.0316858236448	0.0193101190767	0.0115142866167	0.00644627766946	0.00357488449821	0.00198126128816	0.00096191671237	0.000516850770825	0.000186640556131	5.74278634251e-05	4.30708975688e-05	1.43569658563e-05	0.0	0.0	0.0	0.0	0.0	0.0	0.0	0.0	0.0
PD_66P_filtered_1	0.0	0.0	0.0	0.0	0.0	0.0	0.0	3.50817615535e-05	7.0163523107e-05	0.00010524528466	0.000245572330874	0.000561308184856	0.00122786165437	0.00210490569321	0.00385899377088	0.00620947179497	0.00950715738099	0.015400893322	0.0252413274377	0.0391687867745	0.0567096675512	0.0801618251497	0.112928190441	0.15921857481	0.214367103973	0.279706884866	0.363341804409	0.467955617362	0.584076248104	0.71814119988	0.878377145776	1.05661003535	1.25340117678	1.46255863916	1.7022372341	1.97255974775	2.25412596598	2.55016341085	2.86660090006	3.18345937041	3.47898812974	3.74657426598	3.97158868459	4.14997944209	4.24357758191	4.25729455068	4.21909051235	4.11024934713	3.94754013704	3.73234861167	3.50440486598	3.2518161828	2.98800133591	2.74495489187	2.52562371864	2.33077961497	2.15331852415	2.00009893057	1.86677069578	1.7651037508	1.65505226481	1.5396332693	1.42465279581	1.30086680016	1.16948560315	1.04175290933	0.914546441938	0.787129483975	0.661501695852	0.537715700211	0.432593201716	0.339433583911	0.259271758761	0.192090185386	0.136801329178	0.0974571335956	0.0675850136328	0.0467639881508	0.031977025656	0.0208736481243	0.0138222140521	0.00855994981905	0.00536750951768	0.00322752206292	0.00145589310447	0.000947207561944	0.000526226423302	0.000157867926991	8.77044038837e-05	7.0163523107e-05	5.26226423302e-05	0.0	0.0	0.0	0.0	0.0	0.0	0.0	0.0	0.0	0.0
PD_66P_filtered_2	0.0	0.0	0.0	0.0	0.0	0.0	1.75373923511e-05	1.75373923511e-05	3.50747847022e-05	0.000105224354107	0.000333210454671	0.000683958301693	0.00105224354107	0.00215709925919	0.00396345067135	0.00587502643762	0.00924220576903	0.0161168635707	0.0252713823779	0.0377755431243	0.0547342015278	0.0788481160106	0.114449022483	0.161484308769	0.215674851134	0.280721039364	0.361515805926	0.458865870867	0.58218881388	0.716998748882	0.868995328389	1.04570209372	1.23282607011	1.44713300464	1.69251619841	1.96253942844	2.2540459641	2.55330402718	2.8536143338	3.16706014729	3.46733537913	3.7296947687	3.95227935242	4.12972268823	4.23703399203	4.2611654439	4.21849696831	4.12593461148	3.96609881759	3.74461908959	3.52164868324	3.27025016389	2.99617579622	2.74805676924	2.53296065205	2.34290793115	2.16995416778	2.02039528581	1.88079764269	1.76485794186	1.66019478431	1.53976551103	1.41952914908	1.30102898896	1.17135750991	1.04307148487	0.916118301637	0.78948079147	0.663737688312	0.539239740012	0.434015385905	0.341137356014	0.261201921677	0.193104227178	0.139281970052	0.101208291258	0.0697988215574	0.0456147575052	0.0311464088156	0.0211500951754	0.0126795346698	0.00757615349568	0.00505076899712	0.0031567306232	0.00187650098157	0.00113993050282	0.000596271339937	0.000263060885267	0.000140299138809	7.01495694044e-05	1.75373923511e-05	0.0	0.0	0.0	0.0	0.0	0.0	0.0	0.0	0.0	0.0
PD_6P_filtered_1	0.0	0.0	0.0	0.0	0.0	1.94746593785e-05	3.89493187569e-05	7.78986375139e-05	0.000408967846948	0.000934783650167	0.00161639672841	0.00356386266626	0.00666033350744	0.00926993786415	0.0138659574775	0.0212663280413	0.031081556368	0.043740084964	0.0596119323575	0.0826504544022	0.115660002049	0.152330785658	0.197200400866	0.252255262929	0.317339574572	0.39512136413	0.481822547683	0.578475282178	0.692655210114	0.814177084636	0.937432203842	1.07163208162	1.21730253377	1.38018858481	1.54114664457	1.71743126127	1.91110674879	2.10057570988	2.3087792933	2.52397427943	2.72748446993	2.94682755851	3.13635494358	3.3001173543	3.46633357209	3.58020190548	3.6365226204	3.66273551192	3.65379664327	3.59254883952	3.49657771811	3.3563991199	3.19302620238	3.03415193117	2.86908471827	2.70984042854	2.57320621834	2.43594881904	2.30311216742	2.18493993431	2.07210375787	1.96074765554	1.84888521207	1.73380944981	1.58527622273	1.42274071555	1.25960149394	1.10121408921	0.946546344431	0.782277592574	0.627531949152	0.493254172738	0.380106401749	0.286939631282	0.210735289134	0.148669549695	0.105377381897	0.0723288849316	0.0459407214738	0.0297962288491	0.0189683182346	0.0115874223302	0.00689402941998	0.00360281198502	0.00196694059723	0.00112953024395	0.000525815803219	0.000447917165705	0.000292119890677	3.89493187569e-05	1.94746593785e-05	1.94746593785e-05	0.0	0.0	0.0	0.0	0.0	0.0	0.0	0.0	0.0
PD_6P_filtered_2	0.0	0.0	0.0	0.0	0.0	0.0	5.84227038417e-05	0.000136319642297	0.000331061988436	0.000876340557625	0.001966897696	0.00360273340357	0.00584227038417	0.00940605531851	0.0138851292797	0.0210905960868	0.0322882809898	0.0455502347619	0.0612269936261	0.0832523529744	0.115209571976	0.152269040446	0.194722871904	0.253496111969	0.319416396137	0.394275353993	0.484032101328	0.583194903982	0.691977978535	0.809563407134	0.937957035944	1.07209556396	1.2247540891	1.38004163591	1.54017826714	1.71932175136	1.90783234242	2.10339260641	2.30736573976	2.51556478202	2.7210763799	2.9264906066	3.13348224631	3.32820511822	3.46742642147	3.57019195753	3.6468035965	3.67570336067	3.66415513954	3.59913067017	3.49256765836	3.35568326326	3.19587769402	3.03513736151	2.87704552492	2.7104434478	2.56518513181	2.44206902058	2.30985844179	2.18804710428	2.07928350396	1.97233100746	1.85827041533	1.72687775439	1.57377132185	1.41410207225	1.25408228643	1.09225139679	0.928219918637	0.770498092499	0.62543451886	0.490380701812	0.378248058906	0.288900270497	0.210730692757	0.149562121835	0.104712959519	0.0703409354254	0.0463681526157	0.0304966514054	0.0192989665024	0.0112171591376	0.0064459716572	0.00346641376127	0.00208374310369	0.00105160866915	0.000389484692278	0.000214216580753	0.000116845407683	5.84227038417e-05	1.94742346139e-05	1.94742346139e-05	0.0	0.0	0.0	0.0	0.0	0.0	0.0	0.0	0.0
PD_70P_filtered_1	0.0	0.0	0.0	0.0	0.0	0.0	0.0	0.0	8.84187682629e-05	0.000212205043831	0.00054819636323	0.0010433414655	0.00152080281412	0.00284708433807	0.00498681853003	0.00740949278043	0.0124316788178	0.0201594791639	0.0310703551676	0.0482059124569	0.0730162188315	0.107322700918	0.153583400473	0.213319120311	0.28729026184	0.381703822591	0.497090315174	0.634528448562	0.784186055724	0.944312445048	1.13439511306	1.33740460499	1.53095328872	1.72786188564	1.95440845368	2.18848830078	2.41586600525	2.64274856461	2.84262803214	3.02991666708	3.22279336817	3.393866001	3.51940296818	3.59125205927	3.63585048598	3.65121766791	3.60614177985	3.52440747047	3.41727929084	3.28571216366	3.15881354745	3.02551341242	2.85918002556	2.70048602029	2.54594769712	2.39809383283	2.27296359198	2.15950462855	2.06503801653	1.9719153698	1.87431873339	1.75992253101	1.64550864488	1.52414504356	1.38286953563	1.23204480073	1.07496001703	0.929281254443	0.787775857715	0.645987520929	0.520592023778	0.418026252593	0.326442092427	0.247660969904	0.183009166551	0.132964143714	0.0954745859703	0.0674458364309	0.0465436396136	0.0312295089505	0.0215918632098	0.0135634390515	0.00900103060916	0.00580027119805	0.00298855436729	0.00173300785795	0.00107870897281	0.00061893137784	0.000300623812094	8.84187682629e-05	5.30512609577e-05	3.53675073052e-05	1.76837536526e-05	0.0	0.0	0.0	0.0	0.0	0.0	0.0	0.0
PD_70P_filtered_2	0.0	0.0	0.0	0.0	0.0	0.0	0.0	0.0	3.53661063968e-05	0.000265245797976	0.000618906861944	0.000831103500325	0.0010963492983	0.00242257828818	0.00463295993798	0.0077451773009	0.0131385085264	0.019698921263	0.0308569278312	0.0485576640828	0.0724297859007	0.106257466669	0.15027058608	0.20970332788	0.290178902986	0.38662227513	0.502251759994	0.633672211365	0.777700679666	0.941852462507	1.1272946414	1.32684789674	1.53096337981	1.74427405054	1.96235914564	2.17948935586	2.4049659672	2.62796695108	2.84889901774	3.05073338695	3.21974800942	3.38812604197	3.51583305217	3.60467271144	3.64562666265	3.62787287724	3.5955836221	3.52410872107	3.42621533856	3.30043578116	3.15826403345	3.01490752117	2.85091488581	2.69753208236	2.54761515735	2.40066898527	2.28155593892	2.16677524061	2.07347945194	1.98495808763	1.87549998833	1.76047172727	1.64392272364	1.51773645602	1.37851777819	1.23418869798	1.07438694623	0.929014565885	0.792183100235	0.648702806583	0.52030615731	0.411838308991	0.322644988658	0.248853607661	0.183815337997	0.133224122797	0.0961604432929	0.067018771622	0.046347282433	0.0306270481396	0.0206891722421	0.0130854593668	0.00813420447127	0.00535796511912	0.00321831568211	0.00201586806462	0.00118476456429	0.000707322127936	0.000389027170365	0.000123781372389	5.30491595952e-05	3.53661063968e-05	1.76830531984e-05	0.0	0.0	0.0	0.0	0.0	0.0	0.0	0.0
PD_73P_filtered_1	0.0	0.0	0.0	0.0	0.0	0.0	0.0	4.09263097238e-05	0.000245557858343	0.00065482095558	0.00102315774309	0.00159612607923	0.00401077835293	0.00863545135171	0.0159203344825	0.026970438108	0.0407216781751	0.0613076119662	0.0876232291186	0.124866170967	0.172913658583	0.231765691966	0.304328039106	0.390805331552	0.492425358596	0.598833763878	0.711503894548	0.83264577133	0.966515730436	1.10599259397	1.24743392038	1.40946118058	1.5775046083	1.74591637282	1.93540518684	2.15624355411	2.39668562373	2.62849224201	2.87797902608	3.10651153958	3.29542738527	3.49629371339	3.67145831901	3.78703421767	3.83004776919	3.81294057172	3.75232870702	3.63487019812	3.48266525225	3.28638267082	3.06570800879	2.85019006178	2.65042874402	2.45476005723	2.26625347464	2.11339370783	1.99630353571	1.89677075046	1.80922937396	1.74489321507	1.65964371192	1.57905980807	1.49863960946	1.39022581501	1.2672831806	1.1347228634	1.0029810724	0.876314143805	0.750138330927	0.626868286039	0.513052218697	0.402673961372	0.309853090919	0.238313901521	0.179666499687	0.131496233142	0.0926162389049	0.0642543062663	0.0438730040239	0.0297943534789	0.020299449623	0.0126462297046	0.00699839896276	0.00396985204321	0.00216909441536	0.00102315774309	0.000572968336133	0.000368336787514	0.000122778929171	0.0	0.0	0.0	0.0	0.0	0.0	0.0	0.0	0.0	0.0	0.0	0.0
PD_73P_filtered_2	0.0	0.0	0.0	0.0	0.0	0.0	0.0	0.0	0.000286513952002	0.000818611291433	0.00130977806629	0.00229211161601	0.00446143153831	0.00720377936461	0.0133433640504	0.0235760051933	0.0362235496459	0.0546013731386	0.0821476430953	0.115915358867	0.163599466593	0.222089243366	0.293267495156	0.377543527609	0.468859617168	0.575360946184	0.686773942948	0.818283846916	0.952044931937	1.08478275284	1.22607506174	1.38750520841	1.54934466073	1.7043077782	1.89614933435	2.11271295149	2.34916882303	2.58975868158	2.81843774584	3.03790743307	3.26945163685	3.51110569009	3.66922046103	3.76057748115	3.81812585494	3.81788027155	3.77441201197	3.68002613007	3.52305741494	3.31950971733	3.1232476602	2.91008127992	2.67968313194	2.46561627923	2.29112928246	2.15503515526	2.02954204429	1.92373653487	1.83610419612	1.75776309553	1.67287310461	1.59469572628	1.51402158351	1.40113508642	1.28043085149	1.15710706044	1.01581475154	0.892368168791	0.771827656128	0.637411682074	0.517444197315	0.411720549026	0.321223070758	0.243414067508	0.182632179119	0.133024334858	0.0943449513377	0.0663075146061	0.0430589539294	0.0284876729419	0.0203424905921	0.0123610305006	0.00728564049375	0.00437957040917	0.00237397274516	0.00118698637258	0.000573027904003	0.000327444516573	0.00024558338743	8.18611291433e-05	4.09305645716e-05	0.0	0.0	0.0	0.0	0.0	0.0	0.0	0.0	0.0	0.0
PD_74P_filtered_1	0.0	0.0	0.0	0.0	0.0	0.0	0.0	0.0	4.2632699963e-05	7.10544999383e-05	9.94762999137e-05	0.000341061599704	0.000653701399433	0.0010373956991	0.00208900229819	0.00378009939672	0.00613910879467	0.0106155422908	0.0188720751836	0.0309939728731	0.0488144414576	0.0707276492386	0.102759017811	0.148901810071	0.206654907621	0.27674306636	0.366555954282	0.478409948085	0.605128543275	0.751159751548	0.920297883201	1.10404482004	1.30788596946	1.51650198128	1.73402822739	1.96538167919	2.1937792638	2.4231716114	2.6536297765	2.86507375741	3.05773092855	3.23769776599	3.38242157146	3.49662036376	3.55963149431	3.5744108303	3.55867936401	3.48667273377	3.37776039627	3.25709564447	3.12605693569	2.98563903291	2.83403715184	2.68598799577	2.56034942898	2.45363978097	2.35873939085	2.27934309262	2.22660644277	2.17769252501	2.13010022095	2.08500903529	2.00696277256	1.89752463175	1.76404164817	1.6152108926	1.43656566885	1.23406034403	1.02935232971	0.835558286575	0.663037960724	0.516793588951	0.390302368161	0.281944255755	0.200771595026	0.140332637378	0.097870468215	0.0672175569417	0.0442101098616	0.0281233710756	0.0175930941847	0.0106439640908	0.00666491209421	0.00424905909631	0.00224532219805	0.00120792649895	0.00066791229942	0.000255796199778	0.000113687199901	8.5265399926e-05	2.84217999753e-05	1.42108999877e-05	2.84217999753e-05	1.42108999877e-05	0.0	0.0	0.0	0.0	0.0	0.0	0.0
PD_74P_filtered_2	0.0	0.0	0.0	0.0	0.0	0.0	0.0	1.42136510748e-05	4.26409532243e-05	5.68546042991e-05	5.68546042991e-05	0.000184777463972	0.000525905089766	0.000952314622009	0.00160614257145	0.00328335339827	0.00652406584332	0.011029793234	0.0183071825843	0.0294506850269	0.0455831789968	0.0694052581981	0.101712887091	0.146713306394	0.202572955118	0.27455088416	0.363741544654	0.470486064226	0.605103553555	0.760074991223	0.918642482613	1.09516181531	1.29860180314	1.5096460943	1.73166332409	1.95498820978	2.18111318472	2.41202816009	2.63364740764	2.84484804896	3.04555901579	3.22922781498	3.37845693761	3.49434083482	3.56724265119	3.57855671744	3.54944716004	3.49375807513	3.3921731109	3.25484081421	3.12160204904	2.98405654759	2.83651884943	2.70350750268	2.57926597863	2.45304875709	2.36149863051	2.29880221562	2.23748452489	2.17966339232	2.12585050935	2.07878911064	2.012823556	1.90936238983	1.77528501924	1.62280097051	1.43502442616	1.23213877072	1.03954379866	0.847289954218	0.668695428463	0.516381943546	0.39118810488	0.286575632969	0.203482628786	0.142420783769	0.0968802457256	0.0658518454294	0.0444745142129	0.0289532072393	0.0178807730521	0.011029793234	0.00727738935028	0.00416459976491	0.00210362035907	0.00115130573706	0.000554332391916	0.000227418417196	0.000156350161822	0.000142136510748	5.68546042991e-05	2.84273021495e-05	2.84273021495e-05	1.42136510748e-05	0.0	0.0	0.0	0.0	0.0	0.0	0.0
PD_75P_filtered_1	0.0	0.0	0.0	0.0	0.0	0.0	0.0	1.6876372471e-05	6.7505489884e-05	0.000236269214594	0.000691931271311	0.00153574989486	0.00310525253466	0.00513041723118	0.00806690604113	0.0128429194504	0.0211967238236	0.030276212213	0.0419715383354	0.0602992788389	0.0853269392133	0.11624445358	0.157135904077	0.215426894592	0.281970431245	0.352041129745	0.440135794043	0.545056201696	0.663950245754	0.800800750121	0.942393515153	1.09760551277	1.28064664859	1.47334106946	1.67519936059	1.90105585337	2.14331618019	2.38338257859	2.6310433446	2.88567405244	3.12378279164	3.34369880131	3.53453682121	3.68789241785	3.80037344037	3.85044563749	3.84307066272	3.78047619723	3.65454470585	3.48768801123	3.31441829507	3.12752934632	2.93667445005	2.75294138296	2.573292398	2.41671341422	2.28673159345	2.19440095966	2.11064352308	2.02082746879	1.93595619164	1.8495997937	1.74817279515	1.62899185276	1.49239449398	1.3382625842	1.17695821613	1.01852283137	0.859277380733	0.702208982145	0.566320431009	0.445485604117	0.338303762553	0.250563502077	0.178653278978	0.124530752463	0.0873858566548	0.0595060893327	0.0390856786428	0.0249770312571	0.0149187132644	0.00913011750681	0.0058729776199	0.00352716184644	0.00183952459934	0.000826942251079	0.000371280194362	0.000236269214594	0.00016876372471	5.0629117413e-05	3.3752744942e-05	0.0	0.0	0.0	0.0	0.0	0.0	0.0	0.0	0.0	0.0
PD_75P_filtered_2	0.0	0.0	0.0	0.0	0.0	0.0	0.0	1.68729895833e-05	8.43649479165e-05	0.000337459791666	0.000860522468748	0.00133296617708	0.00276717029166	0.0053487376979	0.00816652695831	0.0134308997083	0.0206356662604	0.0299664294999	0.0435154401353	0.0605909055936	0.0851579784269	0.116777960906	0.158606102083	0.213426445239	0.280125373062	0.352864831155	0.440115060291	0.548085320634	0.67134250954	0.800876450571	0.939285584123	1.10561951543	1.29012565653	1.47049791517	1.67186017286	1.90543296766	2.14241410636	2.37202174861	2.61885671322	2.87524178994	3.12003512282	3.34658875395	3.53524565048	3.69364927669	3.8028006463	3.85266033052	3.83997184235	3.75820533483	3.65484140065	3.50158403626	3.30945130388	3.12146932693	2.9292522296	2.74926804971	2.57988010729	2.43465428594	2.30859618077	2.19762252828	2.10870187317	2.0286395376	1.94155803836	1.84128186127	1.74115754108	1.6287159385	1.48764087259	1.33554774449	1.17172788862	1.00849858739	0.858649566904	0.711230256915	0.569328414519	0.445548162936	0.339636407322	0.251542528708	0.180945940291	0.12470826601	0.085681041104	0.0593085583853	0.0383354323332	0.0243139779895	0.0150675796979	0.00884144654164	0.00539935666665	0.00315524905208	0.00160293401041	0.000759284531248	0.000371205770832	0.000253094843749	0.000118110927083	8.43649479165e-05	8.43649479165e-05	0.0	0.0	0.0	0.0	0.0	0.0	0.0	0.0	0.0	0.0
PD_76P_filtered_1	0.0	0.0	0.0	0.0	0.0	0.0	0.0	3.65629376127e-05	9.14073440316e-05	0.000146251750451	0.000310784969708	0.000712977283447	0.00155392484854	0.00285190913379	0.0049177151089	0.00839119418211	0.0126690578828	0.0185191279008	0.0278243955232	0.0412429936271	0.0594147736206	0.0821020764092	0.112120248189	0.151644783749	0.20169944534	0.263838157813	0.336269337224	0.429011228478	0.530912135605	0.644330368079	0.778827134087	0.919704132709	1.08123919108	1.26094602945	1.44983016515	1.66248021031	1.8842527084	2.10178390573	2.30818168855	2.49849177882	2.68052036373	2.84364590989	2.96465095192	3.05638736239	3.12821525333	3.16402865072	3.17472330997	3.18611266504	3.18294997093	3.1576484181	3.14395559797	3.13688066954	3.09603986823	3.0573745617	3.02594871682	2.99306035444	2.96827068274	2.92068401944	2.86070252028	2.79647972037	2.71386576283	2.5877053466	2.42715748754	2.22593336039	2.00467274343	1.77633719804	1.52286463304	1.26966629007	1.03264704699	0.81875386196	0.633050701826	0.472557687175	0.347366188789	0.250309870896	0.174734278851	0.118317666115	0.075612154983	0.0508590462192	0.0330528956018	0.0203107118438	0.0127056208204	0.00744055780418	0.00416817488784	0.0020292430375	0.0014442360357	0.00102376225315	0.000530162595384	0.000219377625676	3.65629376127e-05	0.0	0.0	0.0	0.0	0.0	0.0	0.0	0.0	0.0	0.0	0.0	0.0
PD_76P_filtered_2	0.0	0.0	0.0	0.0	0.0	0.0	1.82735914807e-05	3.65471829614e-05	5.48207744421e-05	0.000127915140365	0.000383745421095	0.000804038025151	0.00124260422069	0.0021745573862	0.00436738836389	0.00827793694076	0.0130473443172	0.0184015066211	0.027446934404	0.041243495972	0.0580917473172	0.0812078405403	0.1113227193	0.149313515989	0.201813544313	0.264601604641	0.337787338521	0.427894418112	0.527101746261	0.639283324361	0.769683673167	0.91448361206	1.07925658644	1.25369629072	1.45121554103	1.66817789268	1.87185534333	2.07937024818	2.29534582589	2.49156765121	2.66723168612	2.83125544325	2.9561919882	3.05408361776	3.12354153898	3.16591799762	3.19075180845	3.19281672428	3.19175685598	3.17441521766	3.14843017058	3.11994164146	3.09328047149	3.069013142	3.03367201608	3.00163841021	2.97004337054	2.93190638512	2.87503896843	2.80479528278	2.71397553312	2.59123181915	2.43486469685	2.23343489795	2.0136949604	1.77685094122	1.52379824639	1.27129375931	1.02920521938	0.81661025609	0.637912805	0.479352851722	0.346138369828	0.246072182879	0.171351467315	0.117718476319	0.0778637732993	0.0503437445293	0.0325269928357	0.0191689974633	0.0120422967858	0.00778454997078	0.00442220913833	0.00244866125841	0.0016080760503	0.000877132391074	0.000456839787018	0.000328924646653	0.000164462323326	3.65471829614e-05	0.0	0.0	0.0	0.0	0.0	0.0	0.0	0.0	0.0	0.0	0.0
PD_77P_filtered_1	0.0	0.0	0.0	0.0	0.0	0.0	1.27529255849e-05	7.65175535094e-05	0.000216799734943	0.000497364097811	0.00117326915381	0.00204046809358	0.00378761889871	0.00658050960181	0.0105466694587	0.0172674612419	0.0260032152676	0.0381057416477	0.0554114616664	0.0778948694725	0.105058600968	0.13703018541	0.178783263775	0.228290120895	0.281176503296	0.340860195033	0.408693006219	0.489635824906	0.578102869689	0.664363658345	0.75790636751	0.863385815023	0.979144120557	1.09574411918	1.22684419419	1.37181945224	1.51891169594	1.67906293543	1.84228762999	2.01006511899	2.1706754638	2.32517715727	2.47557240869	2.61637746007	2.73786182919	2.82750214313	2.89478657852	2.95188142636	2.98839305231	2.99666970101	2.99261427068	2.99107116668	2.98376374032	2.96423901125	2.94620637447	2.92575068184	2.9168618927	2.9065447759	2.88518362555	2.86541659089	2.82490054631	2.75577968964	2.65930380759	2.54042103529	2.3841594381	2.19709952562	1.98830862794	1.76965971879	1.5507429982	1.32157292544	1.0983967277	0.893253166743	0.708871368636	0.544001546675	0.41024886314	0.303022264823	0.21750114585	0.155751480168	0.109573136625	0.0742220269041	0.0497364097811	0.0326602424229	0.0213739032803	0.0131610192036	0.00770276705328	0.00456554735939	0.00246131463788	0.00113501037706	0.000561128725735	0.000293317288453	0.000165788032604	3.82587767547e-05	1.27529255849e-05	1.27529255849e-05	0.0	0.0	0.0	0.0	0.0	0.0	0.0
PD_77P_filtered_2	0.0	0.0	0.0	0.0	0.0	0.0	0.0	3.82684203128e-05	0.00017858596146	0.000459221043753	0.000969466647924	0.00202822627658	0.0035972315094	0.0062760209313	0.01100854891	0.0177055224647	0.0268516749195	0.0393782045018	0.0565862375025	0.0766771581667	0.103069612042	0.13831482715	0.178713522861	0.224457041275	0.277586364809	0.341430846031	0.411321737662	0.489912316844	0.576870923935	0.665360267838	0.76230693263	0.863565172778	0.969415623363	1.08505003341	1.22613294296	1.37874740317	1.51651371629	1.66398745204	1.83218991545	2.0045381244	2.16720442301	2.32091591127	2.46488170849	2.60180611637	2.71797628429	2.82079077353	2.90734118414	2.95358219202	2.98206665287	3.00261679458	3.00747688396	2.99534579472	2.98798550188	2.97362208812	2.95186011311	2.93365710118	2.91698482606	2.91031336479	2.89564380367	2.87559115142	2.83267949611	2.76065832908	2.66772984842	2.5494931858	2.39089609588	2.19821459961	1.98711323702	1.76774589565	1.5518864928	1.32049011131	1.09392830692	0.893580370443	0.709330682778	0.543666691243	0.405441157074	0.296733331105	0.216356892308	0.155484591731	0.108962948771	0.0752612266151	0.05016989903	0.0323495713044	0.0213920469548	0.0138404120131	0.00815117352662	0.00469425955837	0.00247469118023	0.00131388243074	0.0005995385849	0.000267878942189	0.000153073681251	3.82684203128e-05	0.0	0.0	0.0	0.0	0.0	0.0	0.0	0.0	0.0
PD_78P_filtered_1	0.0	0.0	0.0	0.0	0.0	0.0	5.56262214591e-05	0.000148336590558	0.000574804288411	0.00135357138884	0.0024475537442	0.00420905075707	0.00741682952788	0.0129609096	0.0193950092154	0.0277760265819	0.0404588050746	0.0545693232514	0.0737603696548	0.0968267094865	0.123879595189	0.15999955499	0.202980082104	0.252876802753	0.310301605373	0.379982718787	0.460659281977	0.552071705908	0.654665000352	0.757647678347	0.874184612304	1.00140178078	1.12402051495	1.25305480666	1.40044575145	1.54524080591	1.69802749419	1.85561657958	2.00901515629	2.18234646236	2.35671612456	2.52307561087	2.67651127173	2.81235050453	2.9334117045	3.03861943135	3.11569883222	3.15235651216	3.16481678577	3.13390714871	3.09020348072	3.05547417645	3.00379741672	2.95436424791	2.91010431771	2.87105471024	2.84578186363	2.82241885061	2.78991459521	2.74574737537	2.68405789577	2.59971000197	2.48046592523	2.32309934472	2.14107180604	1.93851819163	1.71686624119	1.4939719718	1.26545945405	1.04013617299	0.829201541217	0.644318523161	0.494016472778	0.370971270911	0.272605569297	0.193208409201	0.130109731993	0.0866471109595	0.0589452526728	0.0392164861287	0.0248092947708	0.0154640895656	0.00941937350041	0.00521032274334	0.00248463789184	0.00142773968412	0.000927103690985	0.000537720140771	0.000278131107296	9.27103690985e-05	3.70841476394e-05	1.85420738197e-05	0.0	0.0	0.0	0.0	0.0	0.0	0.0	0.0	0.0
PD_78P_filtered_2	0.0	0.0	0.0	0.0	1.85472943022e-05	3.70945886043e-05	7.41891772086e-05	0.000129831060115	0.000389493180345	0.000964459303712	0.00218858072765	0.00419168851229	0.00712216101203	0.0127234438913	0.0200681724349	0.0282289819279	0.0397653989838	0.0544548560711	0.0723159004841	0.0940162348176	0.123265317932	0.157540717803	0.201052670235	0.253263303696	0.311056672742	0.384318485235	0.46258806719	0.549704708527	0.650305232822	0.762757478176	0.881293236061	0.998697608994	1.11856877207	1.24622979875	1.39603629483	1.55674859996	1.71200800056	1.85890257143	2.01002592541	2.17860228332	2.35105502574	2.52554797054	2.67656004074	2.81136177573	2.94608932154	3.04939775081	3.12150963105	3.15151915323	3.15513587562	3.14441553952	3.09964237107	3.045187515	3.00614546049	2.96780820317	2.91244452968	2.8615878487	2.83771748094	2.82657055706	2.80067853421	2.74985894783	2.67804382429	2.58872005493	2.46625227065	2.32584925279	2.15061441622	1.93209019475	1.71692303355	1.49298300215	1.25424222989	1.02941192836	0.828507636477	0.648969827633	0.496028838817	0.368850041787	0.268861578204	0.192724935094	0.132149471903	0.0873206615746	0.0571071191564	0.0361115820063	0.0239074623555	0.015468443448	0.00842047161318	0.00450699251542	0.00265226308521	0.0017063510758	0.000927364715108	0.00042658776895	0.000185472943022	7.41891772086e-05	5.56418829065e-05	1.85472943022e-05	0.0	0.0	0.0	0.0	0.0	0.0	0.0	0.0	0.0
PD_79S_filtered_1	0.0	0.0	0.0	0.0	0.0	1.28057468094e-05	7.68344808563e-05	0.000153668961713	0.000268920682997	0.000768344808563	0.0014982723767	0.00315021371511	0.00537841365994	0.00910488598147	0.0158279030564	0.0233960994207	0.0343834301832	0.0483160827118	0.0647842731087	0.0879242575932	0.118004956848	0.154719032951	0.204149215635	0.261992773973	0.327878341307	0.412178572554	0.510385844835	0.622397712176	0.746933599898	0.890025014746	1.04101757538	1.19686351405	1.36235218006	1.53510170452	1.72862215031	1.93515323485	2.13182389435	2.31800664721	2.51784032617	2.71635501321	2.89662151104	3.06341636323	3.20479180801	3.32184913959	3.40296073989	3.4287899312	3.4185581395	3.36818033155	3.28665894736	3.18754246706	3.06422312528	2.93804810197	2.81444703377	2.6914862529	2.5791286304	2.48135675351	2.40736514844	2.34007094896	2.26974178748	2.20873520968	2.14547482044	2.06668106033	1.96814083863	1.85523256901	1.70603281293	1.54255464916	1.38241878531	1.21237127343	1.04049253976	0.867730209551	0.703227586037	0.562236313666	0.43940359027	0.327929564295	0.239070487184	0.17438866005	0.125317038277	0.0849533243335	0.0566398181379	0.0382507657196	0.0247407028357	0.015046752501	0.00929697218361	0.00523755044504	0.00277884705764	0.0016391355916	0.000947625263894	0.000550647112804	0.000256114936188	7.68344808563e-05	3.84172404282e-05	2.56114936188e-05	0.0	0.0	0.0	0.0	0.0	0.0	0.0	0.0	0.0
PD_79S_filtered_2	0.0	0.0	0.0	0.0	0.0	0.0	3.84090460985e-05	0.000153636184394	0.000307272368788	0.000742574891238	0.00161317993614	0.00299590559569	0.00547969057672	0.00924377709438	0.0143393772101	0.0214834597844	0.0328781434603	0.0472687327319	0.0638742436619	0.0868300502134	0.1173140298	0.153700199471	0.198984464821	0.261373558701	0.331149992446	0.408070508766	0.503645018475	0.617591855234	0.744520949574	0.880181700394	1.03617363962	1.19372754671	1.35238251313	1.52955063977	1.7162954219	1.91097807356	2.11403389726	2.30825564037	2.50206768698	2.69827389747	2.88471140723	3.05454340606	3.19908944955	3.31846476482	3.39124990718	3.42430729285	3.42335986972	3.37871575513	3.29678925981	3.19074188353	3.08048231519	2.95709965611	2.81814853034	2.69710882307	2.59191924882	2.49843163062	2.41760619461	2.34395044721	2.28793725498	2.22173286252	2.14532446682	2.0714894772	1.97906450927	1.85557942607	1.70867762775	1.55529750367	1.38692504859	1.21174138933	1.04275438951	0.876097538492	0.713076743835	0.566328581708	0.438362443123	0.328474162235	0.239736462732	0.173647297411	0.124944626959	0.0859978542146	0.0573575088405	0.0368726842546	0.0241848960267	0.0154276335162	0.00900051980242	0.00508279710037	0.00314954178008	0.00195886135103	0.000857802029534	0.000422499507084	0.000128030153662	1.28030153662e-05	5.12120614647e-05	5.12120614647e-05	1.28030153662e-05	0.0	0.0	0.0	0.0	0.0	0.0	0.0	0.0
PD_7P_filtered_1	0.0	0.0	0.0	0.0	0.0	0.0	1.4941764473e-05	4.48252934189e-05	0.000239068231567	0.000418369405243	0.00100109821969	0.00242056584462	0.00454229639978	0.00733640635623	0.0114603333508	0.0177209326649	0.0263572725303	0.0377727805877	0.0529386715277	0.0759191052871	0.108536977132	0.149462470023	0.200518479227	0.268847168162	0.352775059207	0.450464315331	0.571358131682	0.721328621697	0.88355135858	1.06525815634	1.2795977677	1.51125488409	1.75882497964	2.00618589049	2.27872367448	2.57914279097	2.86497874534	3.14317945806	3.44306067103	3.75225060327	4.02248735553	4.25955339066	4.45923513108	4.60200369062	4.67399311185	4.65249191277	4.54754095911	4.3684639119	4.11775604581	3.82512158861	3.51621554989	3.17667889401	2.82647381829	2.49134498293	2.17284633142	1.88724944529	1.62237678647	1.38632679133	1.17770987576	0.993029666873	0.840040940435	0.718788521737	0.620277468566	0.528744219405	0.454961786437	0.39791412968	0.349428103965	0.306844075217	0.26720357407	0.229296317602	0.194093520504	0.160623968084	0.131248459131	0.104517642488	0.0799533816948	0.0607980396405	0.0462298192794	0.0339178053536	0.0238619978633	0.0161371056308	0.0103695845442	0.00669391048389	0.00440782051953	0.00267457584066	0.00180795350123	0.00129993350915	0.000762029988121	0.000358602347351	0.000194242938149	0.000104592351311	2.98835289459e-05	1.4941764473e-05	1.4941764473e-05	0.0	0.0	0.0	0.0	0.0	0.0	0.0	0.0
PD_7P_filtered_2	0.0	0.0	0.0	0.0	0.0	0.0	2.98874319762e-05	7.47185799405e-05	0.000149437159881	0.000418424047667	0.00132999072294	0.00240593827408	0.00407963446475	0.0067844470586	0.011327336719	0.0177979657418	0.0250157805641	0.0353418883119	0.0508534655075	0.0734782515135	0.105009492248	0.144939101369	0.196808739563	0.265490058245	0.347814989623	0.442378824396	0.562182595472	0.710992119282	0.876957029046	1.05867261546	1.26661442344	1.49921336279	1.74154066125	1.99211689094	2.26040142408	2.54998075249	2.84966203292	3.13732856569	3.43284054935	3.73246205492	4.00784485315	4.25396785547	4.45696329345	4.60312777953	4.67569446437	4.66896979217	4.5718804694	4.37033457187	4.12138720722	3.83841300127	3.52050038734	3.19768623457	2.84665834601	2.51181450186	2.19777231037	1.8969254201	1.63029963944	1.39672935854	1.19443627521	1.00263368051	0.844006135292	0.721945863101	0.621075780182	0.53492525751	0.460565326753	0.403525162827	0.35214866726	0.307691112195	0.270959458296	0.232464445911	0.197451319351	0.162468080223	0.129068874989	0.103335796058	0.0807707849157	0.061583053587	0.0461611386872	0.0345050402165	0.0243582570606	0.016288650427	0.0105353197716	0.00651546017081	0.00412446561272	0.00249560057001	0.0017633584866	0.00127021585899	0.000597748639524	0.00031381803575	0.000283930603774	0.000179324591857	7.47185799405e-05	1.49437159881e-05	0.0	0.0	0.0	0.0	0.0	0.0	0.0	0.0	0.0
PD_81P_filtered_1	0.0	0.0	0.0	0.0	0.0	0.0	0.0	0.0	0.0	0.0	0.0	0.0	0.0	0.0	0.0	0.0	0.0	0.0675675675676	0.135135135135	0.135135135135	0.135135135135	0.0675675675676	0.0675675675676	0.0675675675676	0.0675675675676	0.202702702703	0.337837837838	0.27027027027	0.540540540541	0.608108108108	0.810810810811	0.945945945946	1.08108108108	1.48648648649	1.41891891892	1.28378378378	1.62162162162	2.22972972973	2.63513513514	2.43243243243	2.7027027027	3.44594594595	2.90540540541	3.37837837838	4.18918918919	3.58108108108	3.04054054054	3.58108108108	3.85135135135	3.10810810811	3.04054054054	3.10810810811	2.97297297297	3.17567567568	3.31081081081	3.51351351351	3.58108108108	3.51351351351	3.17567567568	2.2972972973	1.82432432432	2.09459459459	2.09459459459	1.82432432432	1.55405405405	1.14864864865	1.21621621622	1.01351351351	0.810810810811	0.675675675676	0.337837837838	0.405405405405	0.337837837838	0.135135135135	0.0	0.0	0.0	0.0675675675676	0.0675675675676	0.0675675675676	0.135135135135	0.0675675675676	0.0	0.0	0.0	0.0	0.0	0.0	0.0	0.0	0.0	0.0	0.0	0.0	0.0	0.0	0.0	0.0	0.0	0.0	0.0
PD_81P_filtered_2	0.0	0.0	0.0	0.0	0.0	0.0	0.0	0.0	0.0	0.0	0.0	0.0	0.0	0.0	0.0	0.0679347826087	0.0679347826087	0.0679347826087	0.135869565217	0.135869565217	0.135869565217	0.0679347826087	0.0	0.0679347826087	0.203804347826	0.203804347826	0.271739130435	0.203804347826	0.339673913043	0.679347826087	0.611413043478	0.815217391304	1.63043478261	1.76630434783	1.22282608696	1.08695652174	1.42663043478	1.90217391304	2.44565217391	3.19293478261	3.32880434783	3.60054347826	4.00815217391	3.32880434783	3.05706521739	3.05706521739	3.26086956522	3.8722826087	3.9402173913	3.60054347826	3.125	3.39673913043	3.46467391304	3.125	2.98913043478	2.92119565217	3.32880434783	3.05706521739	2.71739130435	2.64945652174	1.83423913043	1.42663043478	1.76630434783	1.90217391304	1.69836956522	1.29076086957	0.815217391304	0.747282608696	1.08695652174	1.08695652174	0.611413043478	0.271739130435	0.0679347826087	0.203804347826	0.203804347826	0.0679347826087	0.0679347826087	0.0	0.0679347826087	0.0679347826087	0.0679347826087	0.0679347826087	0.0	0.0	0.0	0.0	0.0	0.0	0.0	0.0	0.0	0.0	0.0	0.0	0.0	0.0	0.0	0.0	0.0	0.0	0.0
PD_82P_filtered_1	0.0	0.0	0.0	0.0	0.0	0.0	0.0	4.41491617693e-05	0.000250178583359	0.000559222715744	0.000897699622642	0.0018248320198	0.00350250016703	0.00569524186824	0.00909472732448	0.0141718809279	0.0219127006248	0.0317579636994	0.0447966828086	0.0632215996536	0.0867531028767	0.117510352243	0.158466057977	0.209914547826	0.268368038008	0.339315740972	0.420093990622	0.515117703137	0.631627341046	0.753199416171	0.885426155671	1.03750530158	1.20131340813	1.37448113698	1.56795748024	1.78031494835	1.99982458066	2.24127634638	2.4938095517	2.74700499445	3.0007743763	3.22821614135	3.42952160263	3.59678806018	3.71646172135	3.78798336342	3.79673961384	3.74412852939	3.64521969064	3.50441329737	3.33969277481	3.15781294471	2.96055448993	2.77025688631	2.60337305482	2.4577838357	2.33160553136	2.23025377233	2.15930606936	2.08289858673	1.98528479005	1.89967956538	1.81093975023	1.70771901001	1.59522694582	1.45319909241	1.29012680522	1.13457459192	0.982524878788	0.828797497508	0.677557185673	0.543034689762	0.426201291334	0.324672935651	0.243026419153	0.175257455837	0.123823682376	0.0847958233716	0.0545536475596	0.0357166718714	0.0228692657965	0.0135243598887	0.00762308859883	0.0041205884318	0.00220745808846	0.00117731098051	0.000573939103001	0.000264894970616	0.000117731098051	1.47163872564e-05	0.0	0.0	0.0	0.0	0.0	0.0	0.0	0.0	0.0	0.0	0.0
PD_82P_filtered_2	0.0	0.0	0.0	0.0	0.0	0.0	1.471654319e-05	8.82992591398e-05	0.000206031604659	0.000412063209319	0.000779976789068	0.00186900098513	0.00344367110645	0.00571001875771	0.00906539060502	0.0142014641783	0.021383137255	0.0303896616873	0.0436198340151	0.0618094813978	0.0854148166745	0.118365156877	0.160469186943	0.212286135515	0.269150858401	0.338303894851	0.422835718934	0.516771414116	0.625570817919	0.743038265661	0.8830956072	1.03611822329	1.19440936184	1.36235455272	1.55678952135	1.78392464894	2.00626218346	2.23389767352	2.48628638923	2.74604809307	2.98938613472	3.22329087218	3.43681319733	3.59673787217	3.70977564041	3.78643411389	3.8045648951	3.74968690554	3.65205735802	3.51918168956	3.34989729325	3.15331370931	2.95456679353	2.77708528266	2.6111562582	2.46434402333	2.33745798795	2.24199177228	2.16386164448	2.08084562434	1.99774130495	1.90945676235	1.81778741482	1.7137856041	1.58435360675	1.44051411361	1.28593154394	1.12669854662	0.975383049544	0.823993969749	0.677682097355	0.547264091605	0.428251406828	0.324337895364	0.240762646588	0.176171738527	0.125384947978	0.0840461781579	0.0548927060986	0.0354227194582	0.022619326883	0.0138335505986	0.00807938221129	0.00456212838889	0.00228106419444	0.00123618962796	0.000456212838889	0.00016188197509	5.88661727599e-05	1.471654319e-05	0.0	0.0	0.0	0.0	0.0	0.0	0.0	0.0	0.0	0.0	0.0
PD_83P_filtered_1	0.0	0.0	0.0	0.0	0.0	0.0	0.000956772996039	0.000956772996039	0.000956772996039	0.000956772996039	0.00191354599208	0.00191354599208	0.000956772996039	0.00765418396831	0.0133948219445	0.0153083679366	0.0229625519049	0.0325302818653	0.0440115578178	0.0669741097227	0.0918502076197	0.111942440537	0.165521728315	0.24876097897	0.301383493752	0.377925333435	0.480300044012	0.5798044356	0.704184925085	0.887885340324	1.0859373505	1.3050383666	1.53370711265	1.67530951606	1.8829292562	2.21588625883	2.49430720067	2.76411718556	3.07315486328	3.34487839415	3.56302263725	3.82996230314	3.99931112344	4.06724200616	4.09881551503	4.07011232515	4.05576073021	3.81369716221	3.48361047858	3.29416942536	3.04732199238	2.76029009357	2.58711418129	2.39671635508	2.19579402591	2.11638186724	2.01783424865	1.87718861823	1.75185135575	1.65426051015	1.6418224612	1.58154576245	1.51457165273	1.41506726114	1.21605847797	1.11464054039	1.08306703152	0.937637536118	0.766375169827	0.613291490461	0.475516179031	0.392276928376	0.30425381274	0.232495838037	0.169348820299	0.110028894544	0.0774986126792	0.049752195794	0.0325302818653	0.0229625519049	0.0133948219445	0.00669741097227	0.00478386498019	0.00478386498019	0.00191354599208	0.000956772996039	0.0	0.0	0.0	0.0	0.0	0.0	0.0	0.0	0.0	0.0	0.0	0.0	0.0	0.0	0.0
PD_83P_filtered_2	0.0	0.0	0.0	0.0	0.0	0.0	0.0	0.0	0.0	0.000956589948153	0.00191317989631	0.00191317989631	0.00286976984446	0.00478294974076	0.00765271958522	0.0143488492223	0.0239147487038	0.0353938280817	0.0459163175113	0.0545256270447	0.0746140159559	0.108094664141	0.152097801756	0.237234307142	0.304195603513	0.359677820505	0.456293405269	0.58543304827	0.780577397693	0.941284508982	1.05607530276	1.24643670244	1.44349423176	1.62141996212	1.89500468729	2.17624213205	2.46321911649	2.82002716715	3.11370028124	3.37102297729	3.63121544319	3.84549159157	3.99184985364	4.07889953892	4.04924525053	4.05881115001	4.04828866058	3.84453500163	3.55468824734	3.30597486082	3.0792630431	2.75784882052	2.55983470126	2.40008417992	2.24033365857	2.07866995734	1.93518146511	1.87874265817	1.76395186439	1.70942623735	1.7065564675	1.60037498326	1.45975626088	1.40427404389	1.30574527923	1.17086609654	1.04268304349	0.86475731313	0.708833151581	0.599781897492	0.472555434387	0.379766209417	0.320457632631	0.234364537297	0.156880751497	0.110964433986	0.0870496852819	0.0535690370966	0.0344372381335	0.0277411084964	0.0200883889112	0.0133922592741	0.00956589948153	0.00286976984446	0.0	0.0	0.0	0.0	0.0	0.0	0.0	0.0	0.0	0.0	0.0	0.0	0.0	0.0	0.0	0.0	0.0
PD_84P_filtered_1	0.0	0.0	0.0	0.0	0.0	1.51400041605e-05	1.51400041605e-05	0.000151400041605	0.00063588017474	0.0013020403578	0.00277062076137	0.00579862159346	0.010658562929	0.018016604951	0.0296592681504	0.0453745924689	0.0661012581646	0.0943525059281	0.126297914707	0.166282665694	0.218621660077	0.275669195754	0.342148954023	0.413988273764	0.490702674845	0.575244458077	0.65869616101	0.744812504674	0.835304309542	0.934471336793	1.03026214312	1.12204084834	1.21428889369	1.30602217889	1.40335726564	1.49513597086	1.59042715705	1.68590002329	1.78272034989	1.88968447929	1.99336322778	2.08930543414	2.18535362054	2.26521714248	2.33274156104	2.40118951985	2.45184797377	2.49517866568	2.5389484177	2.58898613145	2.62812304221	2.66349009193	2.72583662906	2.79062070686	2.84844038275	2.92294434323	3.01074122735	3.07286066442	3.10088481212	3.1138900757	3.10011267191	3.04825815766	2.94262634863	2.78208174452	2.5862306507	2.34688232492	2.06470292738	1.78570293071	1.51616543664	1.25076116371	1.00243481547	0.775607273137	0.588340561676	0.435365959639	0.314912086538	0.224117481587	0.155684662782	0.104450888703	0.0689475789468	0.0450415123774	0.0264950072808	0.0151248641563	0.0096896026627	0.00605600166419	0.00342164094027	0.00198334054502	0.00095382026211	0.000469340128975	0.000257380070728	0.000121120033284	7.57000208024e-05	3.02800083209e-05	0.0	0.0	0.0	0.0	0.0	0.0	0.0	0.0	0.0
PD_84P_filtered_2	0.0	0.0	0.0	0.0	0.0	4.54540220446e-05	9.09080440892e-05	0.000272724132268	0.000681810330669	0.00148483138679	0.00307572215835	0.00572720677762	0.0104392737296	0.0176058578719	0.0293936009222	0.045484324726	0.0659840886681	0.0923625727946	0.126165213855	0.16696777431	0.217709614253	0.278299825638	0.343117261074	0.410980115987	0.490797378697	0.576750934383	0.661537836837	0.748870164525	0.842581206641	0.938064955616	1.02892754568	1.12788095167	1.2231980359	1.30128804577	1.39084762054	1.49434642874	1.59298165657	1.69013205302	1.78128251856	1.8790238173	1.98334079789	2.08029422691	2.17986883787	2.2659133016	2.33059437497	2.39353304416	2.46045651596	2.50775900156	2.54381919239	2.58177330079	2.62104557584	2.66616626839	2.72407469247	2.78752850725	2.84707327613	2.92037546234	2.99438976157	3.05879811081	3.10831269216	3.11931256549	3.10261578806	3.05751024685	2.95032966287	2.78271038091	2.58165209007	2.34666994744	2.07246098378	1.79393388803	1.51925523282	1.2484098668	0.99862486432	0.777400139029	0.590629562447	0.437207086706	0.317253922531	0.227133748157	0.155346696008	0.104665461428	0.0699991939487	0.0433328343492	0.0256663711145	0.0155907295613	0.00974231205822	0.00584841750307	0.00334844629062	0.00184846356315	0.0009848371443	0.000575750945898	0.000272724132268	0.000106059384771	3.03026813631e-05	1.51513406815e-05	0.0	0.0	0.0	0.0	0.0	0.0	0.0	0.0	0.0
PD_8P_filtered_1	0.0	0.0	0.0	0.0	0.0	0.0	0.0	2.35755199345e-05	0.000188604159476	0.000412571598854	0.000660114558166	0.0013320168763	0.00264045823267	0.00485655710651	0.00822785645715	0.0131551401235	0.0190490201071	0.0257680432884	0.0343141692647	0.0474810971481	0.0678031953317	0.0934769365404	0.128074012044	0.169401898489	0.218945853632	0.285829603686	0.369404821854	0.476661649796	0.62284166115	0.791206236762	0.978372289522	1.19052839341	1.41152531728	1.62853797828	1.82470987965	2.0216244099	2.23078642276	2.43669501387	2.63085120829	2.80457921469	2.95512069723	3.0944638078	3.22316257113	3.32492630292	3.40108702007	3.44934610938	3.47677622682	3.49386847878	3.49825352548	3.47336956419	3.41108304053	3.32518563364	3.21765768722	3.08826344606	2.95298711268	2.81644948898	2.66352687892	2.50303652697	2.34789781804	2.1957649879	2.04463411736	1.87873318358	1.72341765825	1.57180348955	1.41021687592	1.25487777507	1.0945996028	0.946085614972	0.803878078727	0.660645007365	0.5329599914	0.425443832738	0.331754716519	0.252305214339	0.187837955078	0.136620138021	0.0960584559732	0.0664947539753	0.0466795294703	0.030954657674	0.0202277961038	0.012942960444	0.00794495021793	0.0045736508673	0.00247542959312	0.00153240879574	0.00104911063709	0.00060117575833	0.000223967439378	9.43020797381e-05	8.25143197708e-05	4.7151039869e-05	1.17877599673e-05	0.0	0.0	0.0	0.0	0.0	0.0	0.0	0.0
PD_8P_filtered_2	0.0	0.0	0.0	0.0	0.0	0.0	0.0	1.17907565185e-05	0.000106116808667	0.000212233617333	0.000459839504222	0.00128519246052	0.00271187399926	0.00491674546822	0.00795876065	0.0129462506573	0.0191363978296	0.025809966019	0.0351718266947	0.0492735714909	0.066216888608	0.0902818226623	0.126951075435	0.170105244293	0.219579258644	0.282211757271	0.3671877395	0.480131396191	0.619651418074	0.785759595907	0.981250338984	1.19453333365	1.41058715609	1.62487236506	1.82171904514	2.02191430007	2.22343011972	2.43345886559	2.63486856844	2.79190965451	2.95068398179	3.10776044013	3.22790824905	3.32474573234	3.39926331353	3.43836146215	3.47106902073	3.5011236591	3.49573528337	3.46477275675	3.4072456557	3.32166834488	3.21846385308	3.09446046677	2.9527945272	2.81156484562	2.6688023657	2.50894328882	2.3506405918	2.19218461495	2.04090920882	1.8872166976	1.72943279387	1.57511537255	1.41898217473	1.25796760372	1.09570321251	0.948130103924	0.80519076265	0.665989091192	0.537399100601	0.422745784215	0.32976387831	0.253006053374	0.188345544627	0.135782352067	0.0955758723391	0.0677732684685	0.0478115176826	0.0318939963826	0.0196905633859	0.0123567128314	0.00767578249356	0.00448048747704	0.0026765017297	0.00162712439956	0.000943260521482	0.000565956312889	0.00023581513037	0.000106116808667	7.07445391111e-05	2.3581513037e-05	0.0	0.0	0.0	0.0	0.0	0.0	0.0	0.0	0.0
PD_9P_filtered_1	0.0	0.0	0.0	0.0	0.0	0.0	0.0	5.03897775266e-05	0.000113376999435	0.000176364221343	0.000340130998305	0.000768444107281	0.0013731214376	0.00258247609824	0.00434611831167	0.00735690751889	0.0120683517176	0.0192740899039	0.0308259464019	0.0482860043149	0.0701929600946	0.0999733186128	0.140915012853	0.190296994829	0.253208632071	0.332106426234	0.425944789432	0.54099724897	0.676570945405	0.827400146987	0.99002055651	1.16004826333	1.36173334788	1.58795825408	1.83168101054	2.10527230762	2.38390258245	2.67451302689	2.97402986451	3.27231215258	3.5629729868	3.81538797987	4.01605267143	4.15977691438	4.22146659951	4.19110675855	4.0851622513	3.90147891478	3.67153776248	3.41796380452	3.14966343408	2.86441950094	2.59188638919	2.36886123386	2.17770761281	2.02636191601	1.89785538587	1.80421858178	1.74693800218	1.69744264321	1.65760952407	1.61094859008	1.5510351446	1.46678343658	1.36260257154	1.24671868067	1.10901601614	0.964334367416	0.825485335441	0.684003437591	0.547232983939	0.429220124972	0.330418368686	0.246733545659	0.179223841218	0.130018223463	0.0913440692114	0.0621683880235	0.0413322150162	0.0269585309767	0.017031744804	0.0106700353913	0.0065254761897	0.00366585631506	0.00196520132354	0.00104558788368	0.000503897775266	0.000239351443251	0.000100779555053	6.29872219083e-05	3.7792333145e-05	2.51948887633e-05	2.51948887633e-05	1.25974443817e-05	0.0	0.0	0.0	0.0	0.0	0.0	0.0
PD_9P_filtered_2	0.0	0.0	0.0	0.0	0.0	0.0	0.0	0.0	3.78068879613e-05	0.000189034439807	0.000428478063561	0.000806546943174	0.00141145715056	0.00238183394156	0.00437299670752	0.0076243890722	0.0122620339954	0.01953355878	0.0299934644493	0.0458219482091	0.0701191748722	0.100881379377	0.140339168112	0.190924784205	0.253671615924	0.329083755111	0.423701793382	0.537387105482	0.671311704937	0.820951367488	0.982474995154	1.16777915535	1.37344862586	1.58570909717	1.82159887346	2.09103596166	2.37696945531	2.67145990794	2.97857786114	3.28032723626	3.56518953475	3.81946606088	4.00630770119	4.13711953353	4.20615491095	4.19529173181	4.09292328151	3.90197329271	3.66947353404	3.41502057577	3.15168299882	2.8760329787	2.6021850869	2.36876536062	2.17704663177	2.02699109345	1.90638712086	1.81437775785	1.75042110572	1.70133516285	1.65750437741	1.61751729224	1.56264689551	1.47643458866	1.37012161972	1.24971928386	1.10766620349	0.96147957004	0.824568226436	0.684191251436	0.546196110377	0.42571816074	0.326588500506	0.244509746742	0.180338855575	0.127194973398	0.0879892305819	0.061511806713	0.0412977239497	0.0274225960679	0.0170257018786	0.010711951589	0.00662880768922	0.00376808650014	0.00209198113386	0.0010711951589	0.000617512503368	0.000403273471587	0.000189034439807	6.30114799355e-05	3.78068879613e-05	1.26022959871e-05	0.0	0.0	0.0	0.0	0.0	0.0	0.0	0.0	0.0
PD_Extr_neg_plate1_filtered_1	0.0	0.0	0.0	0.0	0.0	0.0	0.0	0.0	0.0	0.0	0.0	0.0	0.0	0.0	0.0	0.0	0.0	0.0	0.0	0.0340831629175	0.068166325835	0.102249488753	0.13633265167	0.13633265167	0.306748466258	0.374914792093	0.170415814588	0.13633265167	0.374914792093	0.68166325835	0.715746421268	0.647580095433	0.886162235855	1.12474437628	1.19291070211	1.22699386503	1.43149284254	1.56782549421	1.46557600545	1.70415814588	1.90865712338	2.11315610089	2.1472392638	1.90865712338	2.21540558964	2.21540558964	2.38582140423	3.10156782549	2.7266530334	2.86298568507	3.44239945467	2.96523517382	2.69256987048	3.03340149966	3.16973415133	2.76073619632	3.03340149966	3.40831629175	2.96523517382	2.69256987048	2.82890252215	2.89706884799	2.5221540559	2.62440354465	2.82890252215	2.82890252215	2.35173824131	1.9427402863	2.35173824131	1.87457396046	1.12474437628	1.19291070211	1.09066121336	0.852079072938	0.783912747103	0.443081117928	0.374914792093	0.374914792093	0.238582140423	0.13633265167	0.0340831629175	0.0	0.0	0.0	0.0	0.0340831629175	0.0340831629175	0.0	0.0	0.0	0.0	0.0	0.0	0.0	0.0	0.0	0.0	0.0	0.0	0.0	0.0
PD_Extr_neg_plate1_filtered_2	0.0	0.0	0.0	0.0	0.0	0.0	0.0	0.0	0.0	0.0	0.0	0.0	0.0	0.0	0.0	0.0	0.0	0.0	0.0342700479781	0.0685400959561	0.0685400959561	0.0685400959561	0.102810143934	0.239890335846	0.342700479781	0.308430431803	0.308430431803	0.308430431803	0.274160383825	0.342700479781	0.753941055517	0.993831391364	0.993831391364	1.16518163125	1.02810143934	0.89102124743	1.19945167923	1.67923235093	1.81631254284	2.09047292666	2.33036326251	1.98766278273	1.64496230295	1.85058259082	2.46744345442	2.77587388622	2.5017135024	2.84441398218	3.01576422207	2.77587388622	2.91295407814	2.94722412611	2.94722412611	2.91295407814	2.87868403016	2.87868403016	3.118574366	3.22138450994	2.53598355038	2.57025359836	3.32419465387	2.91295407814	2.36463331049	2.70733379027	3.22138450994	2.94722412611	2.5017135024	1.95339273475	1.61069225497	1.64496230295	1.23372172721	1.06237148732	1.13091158328	1.06237148732	0.788211103496	0.274160383825	0.17135023989	0.342700479781	0.239890335846	0.102810143934	0.0685400959561	0.0	0.0342700479781	0.0342700479781	0.0342700479781	0.0342700479781	0.0	0.0	0.0	0.0	0.0	0.0	0.0	0.0	0.0	0.0	0.0	0.0	0.0	0.0	0.0
PD_Extr_neg_plate2_filtered_1	0.0	0.0	0.0	0.0	0.0	0.0	0.0	0.0	0.0	0.0	0.0	0.0	0.0	0.0	0.0	0.0	0.0	0.0	0.0	0.0	0.0	0.0	0.0	0.0	0.0	0.0	0.0	1.47058823529	1.47058823529	0.0	0.0	0.0	1.47058823529	1.47058823529	0.0	1.47058823529	2.94117647059	1.47058823529	5.88235294118	7.35294117647	2.94117647059	4.41176470588	2.94117647059	1.47058823529	2.94117647059	1.47058823529	2.94117647059	4.41176470588	4.41176470588	4.41176470588	2.94117647059	1.47058823529	1.47058823529	1.47058823529	1.47058823529	2.94117647059	4.41176470588	4.41176470588	2.94117647059	2.94117647059	1.47058823529	0.0	4.41176470588	5.88235294118	1.47058823529	0.0	0.0	0.0	0.0	0.0	0.0	0.0	0.0	1.47058823529	1.47058823529	0.0	0.0	0.0	0.0	0.0	0.0	0.0	0.0	0.0	0.0	0.0	0.0	0.0	0.0	0.0	0.0	0.0	0.0	0.0	0.0	0.0	0.0	0.0	0.0	0.0	0.0
PD_Extr_neg_plate2_filtered_2	0.0	0.0	0.0	0.0	0.0	0.0	0.0	0.0	0.0	0.0	0.0	0.0	0.0	0.0	0.0	0.0	0.0	0.0	0.0	0.0	0.0	0.0	0.0	0.0	0.0	0.0	0.0	0.0	0.0	0.0	1.51515151515	1.51515151515	0.0	3.0303030303	3.0303030303	0.0	1.51515151515	1.51515151515	3.0303030303	4.54545454545	3.0303030303	4.54545454545	3.0303030303	1.51515151515	7.57575757576	6.06060606061	1.51515151515	1.51515151515	1.51515151515	1.51515151515	1.51515151515	3.0303030303	4.54545454545	3.0303030303	0.0	3.0303030303	9.09090909091	7.57575757576	1.51515151515	1.51515151515	1.51515151515	0.0	1.51515151515	1.51515151515	0.0	1.51515151515	1.51515151515	0.0	0.0	0.0	1.51515151515	3.0303030303	1.51515151515	0.0	0.0	0.0	0.0	0.0	0.0	0.0	0.0	0.0	0.0	0.0	0.0	0.0	0.0	0.0	0.0	0.0	0.0	0.0	0.0	0.0	0.0	0.0	0.0	0.0	0.0	0.0	0.0
PD_Extr_neg_plate3_filtered_1	0.0	0.0	0.0	0.0	0.0	0.0	0.0	0.0	0.0	0.0	0.0	0.0	0.0	0.0	0.0	0.0	0.0	0.0	0.0	0.0	0.0	0.0	0.0	0.0	0.29296875	0.390625	0.09765625	0.1953125	0.1953125	0.09765625	0.1953125	0.29296875	0.5859375	1.07421875	1.07421875	0.48828125	1.07421875	1.66015625	1.171875	1.66015625	1.66015625	1.3671875	1.85546875	2.05078125	1.66015625	1.66015625	1.5625	1.3671875	1.7578125	1.171875	0.87890625	2.24609375	2.734375	2.05078125	1.85546875	2.1484375	2.34375	2.83203125	3.22265625	3.3203125	3.02734375	3.125	3.61328125	4.296875	4.4921875	3.02734375	2.734375	2.63671875	3.02734375	3.41796875	2.5390625	2.05078125	2.34375	2.5390625	1.85546875	1.3671875	0.9765625	0.48828125	0.5859375	0.68359375	0.29296875	0.09765625	0.09765625	0.0	0.09765625	0.1953125	0.09765625	0.0	0.0	0.0	0.0	0.0	0.0	0.0	0.0	0.0	0.0	0.0	0.0	0.0	0.0
PD_Extr_neg_plate3_filtered_2	0.0	0.0	0.0	0.0	0.0	0.0	0.0	0.0	0.0	0.0	0.0	0.0	0.0	0.0	0.0	0.0	0.0	0.0	0.0	0.0	0.0	0.0996015936255	0.398406374502	0.298804780876	0.0	0.0	0.0996015936255	0.199203187251	0.298804780876	0.298804780876	0.298804780876	0.298804780876	0.199203187251	0.398406374502	0.498007968127	0.896414342629	1.59362549801	1.69322709163	1.29482071713	1.79282868526	2.39043824701	1.79282868526	1.69322709163	2.29083665339	1.59362549801	1.09561752988	1.39442231076	1.59362549801	1.99203187251	1.89243027888	1.89243027888	1.59362549801	2.09163346614	2.78884462151	2.29083665339	2.19123505976	1.99203187251	1.79282868526	1.79282868526	2.58964143426	3.08764940239	3.28685258964	4.6812749004	4.38247011952	3.38645418327	2.68924302789	2.19123505976	2.58964143426	3.38645418327	3.68525896414	3.48605577689	3.28685258964	2.68924302789	1.79282868526	1.29482071713	1.39442231076	1.09561752988	0.697211155378	0.498007968127	0.298804780876	0.298804780876	0.199203187251	0.0	0.0996015936255	0.0996015936255	0.0	0.0	0.0	0.0	0.0	0.0	0.0	0.0	0.0	0.0	0.0	0.0	0.0	0.0	0.0	0.0
PD_Extr_pos_plate1_filtered_1	0.0	0.0	0.0	0.0	0.0	0.0	0.0	0.0	0.0	0.0	0.0	0.0	0.00172717537739	0.00345435075478	0.0103630522643	0.0207261045287	0.0293619814156	0.0466337351895	0.0673598397181	0.0794500673598	0.0949946457563	0.157172959342	0.205533869909	0.260803481986	0.348889426232	0.435248195102	0.561331997651	0.728868009258	0.877405091713	1.00694324502	1.19520536115	1.3748316004	1.52164150748	1.69608622059	1.92580054579	2.18660402777	2.55967390929	2.82393174203	3.04328301496	3.45780510553	3.74797056893	3.94486856195	4.21085357007	4.247124253	4.31621126809	4.48202010432	4.39911568621	4.31102974196	4.09685999516	3.79460430412	3.35072023213	3.03464713807	2.9638329476	2.67539465957	2.29714325193	1.89471138899	1.68572316833	1.5579121904	1.3748316004	1.31265328681	1.20211406266	1.07775743549	0.963763860582	0.915402950016	0.860133337939	0.765138692183	0.702960378597	0.623510311237	0.528515665481	0.409340564441	0.329890497081	0.259076306608	0.214169746796	0.188262116135	0.134719679436	0.117447925662	0.107084873398	0.062178313586	0.0362706829251	0.022453279906	0.0207261045287	0.0189989291513	0.0120902276417	0.00518152613216	0.0	0.00172717537739	0.00172717537739	0.0	0.0	0.0	0.0	0.0	0.0	0.0	0.0	0.0	0.0	0.0	0.0	0.0	0.0
PD_Extr_pos_plate1_filtered_2	0.0	0.0	0.0	0.0	0.0	0.0	0.0	0.00172550643614	0.00172550643614	0.0	0.0	0.0	0.00345101287228	0.00517651930842	0.0086275321807	0.0155295579253	0.0155295579253	0.0362356351589	0.074196776754	0.0828243089347	0.0931773475515	0.155295579253	0.232943368879	0.296787107016	0.388238948131	0.465886737758	0.541809020948	0.704006625945	0.869655243814	0.976636642855	1.15608931221	1.39075818753	1.55813231183	1.74103599406	2.00848949167	2.29319805363	2.62967180868	2.82810504883	3.01445974393	3.36818856334	3.66497567036	3.90137005211	4.16019601753	4.25509887152	4.13431342099	4.23784380716	4.36553128343	4.18780412051	4.04803809918	3.86858542982	3.57007281637	3.23532456776	2.86261517755	2.54512199331	2.22935431549	1.99813645305	1.73068295545	1.47185699003	1.39766021327	1.3510715395	1.28722780136	1.17161887014	1.0456569003	0.886910308175	0.766124857646	0.74196776754	0.685026055147	0.59875073334	0.531455982331	0.471063257066	0.39341546744	0.322669703558	0.245021913932	0.184629188667	0.12941298271	0.108706905477	0.0914518411154	0.0569417123926	0.0396866480312	0.0207060772337	0.0155295579253	0.0172550643614	0.00690202574456	0.00345101287228	0.00172550643614	0.00172550643614	0.00172550643614	0.0	0.0	0.0	0.0	0.0	0.0	0.0	0.0	0.0	0.0	0.0	0.0	0.0	0.0
PD_Extr_pos_plate2_filtered_1	0.0	0.0	0.0	0.0	0.0	0.0	0.0	0.0	0.0	0.0	0.0	0.0	0.0	0.0	0.0	0.0	0.0	0.0	0.070821529745	0.28328611898	0.28328611898	0.14164305949	0.070821529745	0.212464589235	0.42492917847	0.354107648725	0.28328611898	0.42492917847	0.70821529745	0.779036827195	1.13314447592	1.69971671388	2.12464589235	2.54957507082	2.47875354108	1.98300283286	1.84135977337	2.40793201133	2.69121813031	2.90368271955	3.25779036827	3.611898017	3.32861189802	3.611898017	4.10764872521	4.39093484419	4.53257790368	3.54107648725	3.68271954674	3.611898017	2.8328611898	2.33711048159	2.76203966006	3.32861189802	2.54957507082	1.98300283286	1.91218130312	1.34560906516	1.27478753541	1.91218130312	1.84135977337	1.84135977337	1.77053824363	1.62889518414	1.20396600567	0.637393767705	0.70821529745	0.920679886686	0.56657223796	0.28328611898	0.354107648725	0.212464589235	0.495750708215	0.42492917847	0.28328611898	0.354107648725	0.14164305949	0.070821529745	0.14164305949	0.14164305949	0.070821529745	0.070821529745	0.070821529745	0.0	0.0	0.0	0.0	0.0	0.0	0.0	0.0	0.0	0.0	0.0	0.0	0.0	0.0	0.0	0.0	0.0	0.0
PD_Extr_pos_plate2_filtered_2	0.0	0.0	0.0	0.0	0.0	0.0	0.0	0.0	0.0	0.0	0.0	0.0	0.0	0.0	0.0	0.0	0.0705218617772	0.0705218617772	0.0705218617772	0.141043723554	0.141043723554	0.141043723554	0.0705218617772	0.141043723554	0.282087447109	0.49365303244	0.564174894217	0.634696755994	0.705218617772	0.98730606488	1.69252468265	1.62200282087	1.33991537377	1.69252468265	1.83356840621	2.32722143865	3.24400564175	3.17348377997	2.75035260931	3.17348377997	3.45557122708	3.17348377997	3.80818053597	5.07757404795	4.58392101551	3.94922425952	3.66713681241	3.59661495063	3.80818053597	2.89139633286	2.4682651622	2.67983074753	2.82087447109	2.60930888575	2.25669957687	1.62200282087	1.19887165021	1.69252468265	1.76304654443	1.41043723554	1.5514809591	1.62200282087	1.69252468265	1.5514809591	1.19887165021	0.846262341326	0.564174894217	0.916784203103	0.916784203103	0.564174894217	0.423131170663	0.423131170663	0.423131170663	0.211565585331	0.211565585331	0.141043723554	0.0705218617772	0.211565585331	0.211565585331	0.211565585331	0.141043723554	0.0	0.0	0.0	0.0	0.0	0.0	0.0	0.0	0.0	0.0	0.0	0.0	0.0	0.0	0.0	0.0	0.0	0.0	0.0	0.0
PD_Extr_pos_plate3_filtered_1	0.0	0.0	0.0	1.85942107297e-05	7.43768429187e-05	9.29710536484e-05	7.43768429187e-05	7.43768429187e-05	0.000185942107297	0.000409072636053	0.000622906059444	0.000706580007728	0.000939007641849	0.00154331949056	0.00251951555387	0.00400705241225	0.0067961840217	0.011416845388	0.0180177901971	0.0278541276731	0.0432315399465	0.0654051362416	0.0938635757634	0.128439510615	0.175073791125	0.233217888077	0.301458641455	0.386108785802	0.490087612202	0.610001677198	0.74179744285	0.877925659602	1.01769834166	1.16359781615	1.31438756806	1.46651610314	1.60460600913	1.72686294468	1.83507195402	1.94563313102	2.04477746263	2.1202885524	2.19006332816	2.2618648729	2.34372588563	2.44125252091	2.5488479213	2.67708289559	2.82685926302	2.99224547036	3.1631913467	3.3129119315	3.436312411	3.51551445161	3.53367169838	3.48073398044	3.36328364836	3.17986105662	2.94598307406	2.70427692879	2.47887790632	2.26700617216	2.0873582052	1.97226004078	1.88535999694	1.82146099176	1.78106506895	1.73285957764	1.664683904	1.57571060565	1.45504347512	1.30285915741	1.13103005605	0.941369106611	0.756300927219	0.581580426097	0.422042098037	0.292775145044	0.193547139485	0.121355116327	0.072498827635	0.0408514809731	0.0225919660366	0.0110356640681	0.00515989347749	0.00251021844851	0.0010319786955	0.000455558162877	0.000176645001932	4.64855268242e-05	9.29710536484e-06	0.0	0.0	0.0	0.0	0.0	0.0	0.0	0.0	0.0	0.0
PD_Extr_pos_plate3_filtered_2	0.0	0.0	0.0	2.7895538276e-05	3.71940510347e-05	3.71940510347e-05	7.43881020694e-05	9.29851275868e-05	0.000185970255174	0.000288253895519	0.000455627125175	0.000734582507935	0.000967045326902	0.00144126947759	0.00259428505967	0.00425871884347	0.00691809349245	0.0116324394611	0.0186807121322	0.0286766133478	0.0430893081237	0.0647827383897	0.092399321283	0.127529102485	0.173212695669	0.231960699278	0.302759575422	0.384921234158	0.48833929306	0.607146390578	0.732322969335	0.869438838474	1.01313805465	1.15557267308	1.30104790519	1.45521724673	1.60014386659	1.71962975554	1.83395496991	1.94119471755	2.0328408593	2.11118082929	2.18118003334	2.25400598527	2.33607465887	2.43860006055	2.56191693676	2.69416038521	2.83543268955	2.99739418478	3.15756106705	3.30893155625	3.44500599196	3.52598673958	3.54241721162	3.48813249414	3.3662475889	3.18249037976	2.96172508984	2.72238137143	2.48999294057	2.27901898459	2.10268198863	1.97721715598	1.88400886409	1.82665563739	1.785556211	1.73461895811	1.66601453097	1.56970053582	1.45275314085	1.30861689458	1.12584532779	0.93558845824	0.753179533453	0.577995553079	0.420404358845	0.289695164997	0.189280525716	0.119113948439	0.0714683690632	0.0399371122985	0.0213772808322	0.0108420658766	0.00539313740003	0.00269656870002	0.00119950814587	0.000437030099658	0.000120880665863	1.85970255174e-05	0.0	0.0	0.0	0.0	0.0	0.0	0.0	0.0	0.0	0.0	0.0
PD_Lib_neg_plate1_filtered_1	0.0	0.0	0.0	0.0	0.0	0.0	0.0	0.0	0.0	0.0	0.0	0.0	0.0	0.0232450023245	0.0232450023245	0.0	0.0	0.0	0.0232450023245	0.092980009298	0.139470013947	0.116225011623	0.162715016272	0.185960018596	0.232450023245	0.278940027894	0.418410041841	0.557880055788	0.557880055788	0.627615062762	0.581125058113	0.604370060437	0.743840074384	0.743840074384	0.836820083682	0.976290097629	1.11576011158	1.48768014877	1.62715016272	1.78986517899	2.23152022315	2.1850302185	2.23152022315	2.32450023245	2.44072524407	2.53370525337	2.3709902371	2.67317526732	2.62668526267	2.44072524407	2.69642026964	2.48721524872	2.20827522083	2.4639702464	2.92887029289	2.85913528591	2.39423523942	2.3709902371	2.58019525802	2.58019525802	2.51046025105	2.88238028824	2.90562529056	2.95211529521	3.27754532775	3.37052533705	2.85913528591	2.44072524407	2.51046025105	2.32450023245	1.85960018596	1.44119014412	1.51092515109	1.1390051139	0.72059507206	0.46490004649	0.25569502557	0.278940027894	0.278940027894	0.162715016272	0.0697350069735	0.092980009298	0.046490004649	0.0232450023245	0.0	0.0232450023245	0.0232450023245	0.0	0.0	0.0	0.0	0.0	0.0	0.0	0.0	0.0	0.0	0.0	0.0	0.0	0.0
PD_Lib_neg_plate1_filtered_2	0.0	0.0	0.0	0.0	0.0	0.0	0.0	0.0	0.0	0.0	0.0	0.0	0.0	0.0230840258541	0.0230840258541	0.0	0.0230840258541	0.0461680517082	0.0692520775623	0.0461680517082	0.0230840258541	0.0230840258541	0.115420129271	0.253924284395	0.323176361958	0.346260387812	0.230840258541	0.207756232687	0.323176361958	0.530932594645	0.807940904894	0.923361034164	0.831024930748	0.946445060018	1.03878116343	1.22345337027	1.54662973223	1.45429362881	1.43120960295	1.61588180979	1.86980609418	2.35457063712	2.46999076639	2.35457063712	2.40073868883	2.37765466297	2.5161588181	2.5161588181	2.33148661127	2.33148661127	2.49307479224	2.42382271468	2.19298245614	2.23915050785	2.53924284395	2.63157894737	2.53924284395	2.63157894737	2.74699907664	3.16251154201	3.53185595568	3.30101569714	2.90858725762	2.72391505078	2.67774699908	2.67774699908	2.70083102493	2.53924284395	2.46999076639	2.42382271468	2.10064635272	1.75438596491	1.26962142198	0.807940904894	0.78485687904	0.600184672207	0.346260387812	0.253924284395	0.0923361034164	0.0923361034164	0.115420129271	0.0923361034164	0.0692520775623	0.0692520775623	0.0461680517082	0.0	0.0	0.0	0.0	0.0	0.0	0.0	0.0	0.0	0.0	0.0	0.0	0.0	0.0	0.0	0.0
PD_Lib_neg_plate2_filtered_1	0.0	0.0	0.0	0.0	0.0	0.0	0.0	0.0	0.0	0.0	0.0	0.0	0.0	0.0	0.0	0.0	0.0	0.0	0.0	0.0	0.0	0.0	0.0	0.157232704403	0.314465408805	0.471698113208	0.471698113208	0.314465408805	0.471698113208	0.62893081761	0.943396226415	1.10062893082	0.62893081761	0.62893081761	1.41509433962	1.88679245283	1.41509433962	1.57232704403	2.20125786164	2.35849056604	2.35849056604	1.57232704403	2.35849056604	3.30188679245	2.67295597484	3.30188679245	2.83018867925	2.51572327044	2.51572327044	2.04402515723	2.98742138365	3.30188679245	2.98742138365	2.04402515723	2.20125786164	2.20125786164	1.72955974843	2.04402515723	2.51572327044	2.51572327044	2.51572327044	3.30188679245	2.67295597484	2.51572327044	2.98742138365	2.51572327044	2.67295597484	2.35849056604	2.04402515723	1.88679245283	1.41509433962	1.41509433962	1.25786163522	1.10062893082	0.786163522013	0.471698113208	0.157232704403	0.157232704403	0.157232704403	0.0	0.0	0.157232704403	0.314465408805	0.157232704403	0.0	0.0	0.0	0.0	0.0	0.0	0.0	0.0	0.0	0.0	0.0	0.0	0.0	0.0	0.0	0.0	0.0
PD_Lib_neg_plate2_filtered_2	0.0	0.0	0.0	0.0	0.0	0.0	0.0	0.0	0.0	0.0	0.0	0.0	0.0	0.0	0.0	0.0	0.0	0.0	0.157728706625	0.157728706625	0.0	0.0	0.0	0.157728706625	0.315457413249	0.473186119874	0.315457413249	0.157728706625	0.946372239748	0.788643533123	0.315457413249	1.10410094637	1.41955835962	0.946372239748	0.946372239748	1.8927444795	2.05047318612	1.8927444795	2.05047318612	1.8927444795	1.8927444795	2.05047318612	2.68138801262	2.83911671924	2.99684542587	3.31230283912	2.52365930599	2.68138801262	2.68138801262	2.20820189274	3.78548895899	3.47003154574	1.8927444795	2.05047318612	2.99684542587	2.36593059937	0.946372239748	1.57728706625	2.52365930599	2.68138801262	2.20820189274	2.36593059937	3.15457413249	3.31230283912	2.83911671924	2.36593059937	2.05047318612	1.261829653	1.73501577287	2.20820189274	1.41955835962	1.73501577287	2.05047318612	1.73501577287	0.946372239748	0.157728706625	0.0	0.157728706625	0.157728706625	0.0	0.0	0.0	0.0	0.0	0.0	0.0	0.0	0.0	0.0	0.0	0.0	0.0	0.0	0.0	0.0	0.0	0.0	0.0	0.0	0.0	0.0
PD_Lib_pos_plate1_filtered_1	0.0	0.0	0.0	4.86385936053e-05	6.07982420067e-05	7.2957890408e-05	0.000170235077619	0.000267512264829	0.000449906990849	0.000620142068468	0.000814696442889	0.00120380519173	0.00187258585381	0.00260216475789	0.00464498568931	0.00853607317774	0.0145064605428	0.0234924407114	0.036296550478	0.0584514298652	0.092741638357	0.136625809437	0.189982346622	0.261626995003	0.347133642561	0.452156525804	0.58506148283	0.737069247495	0.916363263173	1.12083991069	1.35244473379	1.58524120243	1.80362848772	2.02759705163	2.24400231422	2.45337930005	2.6362847313	2.78144661391	2.88285808158	2.95201000204	2.98609349651	2.96098382256	2.92307003885	2.87694849246	2.82813966378	2.78504586984	2.74631738968	2.72851566442	2.73093543446	2.75436707693	2.78122774024	2.81802283631	2.84643993462	2.83544761247	2.78893695733	2.70503538336	2.57964508905	2.41145283236	2.22317283651	2.02398563605	1.83151056151	1.6615794751	1.51566369428	1.39642618206	1.30795258029	1.24214456314	1.18955408381	1.14428371281	1.08653754255	1.01339725742	0.924850697757	0.823281154661	0.704615145912	0.581766218113	0.4654956601	0.352678442232	0.257456235601	0.179172419194	0.114957315986	0.0711461027962	0.0420967027654	0.0233465249306	0.0125487571502	0.0064202943559	0.00296695420993	0.00108220870772	0.000425587694047	0.000145915780816	6.07982420067e-05	2.43192968027e-05	1.21596484013e-05	1.21596484013e-05	0.0	0.0	0.0	0.0	0.0	0.0	0.0	0.0	0.0
PD_Lib_pos_plate1_filtered_2	0.0	0.0	0.0	0.0	1.21568634125e-05	6.07843170627e-05	0.000109411770713	0.000194509814601	0.000328235312138	0.000437647082851	0.000632156897452	0.00110627457054	0.00167764715093	0.00237058836544	0.00472901986748	0.00836392202782	0.0139925497878	0.0231588248009	0.0366529431888	0.0584623561509	0.0911400050038	0.134467066206	0.186437657295	0.254661974766	0.34174158739	0.448041201069	0.576211012027	0.726080824177	0.902416127976	1.103296139	1.32263026869	1.55297851663	1.78914990215	2.01316442425	2.22714953404	2.43280719239	2.61799269275	2.76342524976	2.86725702016	2.93979702415	2.96806173158	2.95916290756	2.93199231783	2.88481153093	2.83349741047	2.7880307413	2.76369270075	2.74959073919	2.73764054246	2.7612856418	2.79269897685	2.82912093964	2.86317231406	2.85882015695	2.81415584078	2.71989152188	2.58582563216	2.42327621147	2.23693580909	2.04196403368	1.85591539601	1.67832793528	1.52591733868	1.4181224308	1.32451458252	1.25209614717	1.20039300708	1.14659888648	1.08356554969	1.00759731022	0.918815736719	0.814813770225	0.697050234348	0.579007090612	0.466167084417	0.35257335269	0.250869033381	0.173296087946	0.112378045385	0.0679811802029	0.0404580414369	0.0229886287131	0.0128376477636	0.00627294152087	0.00262588249711	0.00133725497538	0.000510588263326	0.000121568634125	1.21568634125e-05	1.21568634125e-05	3.64705902376e-05	2.43137268251e-05	0.0	0.0	0.0	0.0	0.0	0.0	0.0	0.0	0.0
PD_Lib_pos_plate2_filtered_1	0.0	0.0	1.29484400885e-05	2.58968801769e-05	6.47422004424e-05	0.000116535960796	0.000258968801769	0.0003366594423	0.000453195403097	0.000647422004424	0.000776906405308	0.00119125648814	0.00176098785203	0.00271917241858	0.0049463041138	0.00879199082007	0.0155899218665	0.0253271488131	0.0378612388187	0.0592132165246	0.0934618405586	0.136541300733	0.191572171109	0.262723849395	0.349297119827	0.45801222281	0.586784459489	0.737698528721	0.917021475506	1.12538777341	1.35847264344	1.59056048359	1.81973492471	2.0466692857	2.2619759475	2.46916393735	2.65423599154	2.79264186764	2.88126099161	2.95045745544	2.97779161247	2.95460095627	2.92370597822	2.874152298	2.81017405552	2.76477682457	2.72862477984	2.70501977356	2.71192129213	2.73935903668	2.77811371786	2.81210337309	2.83311869136	2.83618747166	2.78909399506	2.68747463724	2.5726349221	2.42530757077	2.22401112116	2.02314197006	1.84389671392	1.66419826237	1.51086283484	1.40125428949	1.31196184664	1.24681824456	1.19387207304	1.14420185686	1.0862705359	1.01217956172	0.925204889642	0.823430150546	0.707166106992	0.581889949136	0.464046195891	0.355421731989	0.259926986336	0.178753215421	0.114231138461	0.0703877203209	0.0422378115686	0.0232942437192	0.0120938430426	0.00643537472397	0.00308172874106	0.00121715336832	0.0003366594423	0.000155381281062	7.76906405308e-05	1.29484400885e-05	0.0	0.0	0.0	0.0	0.0	0.0	0.0	0.0	0.0	0.0	0.0
PD_Lib_pos_plate2_filtered_2	0.0	0.0	2.58893174722e-05	6.47232936804e-05	7.76679524165e-05	0.000129446587361	0.000194169881041	0.000349505785874	0.000427173738291	0.00059545430186	0.000983794063942	0.00135918916729	0.00169575029443	0.00273132299331	0.00499663827213	0.00894475918663	0.0141485119985	0.0224460382484	0.0367110521755	0.0595972088209	0.0935639933444	0.137472275777	0.191904565762	0.259100289261	0.344340867038	0.451639143302	0.583855887632	0.74364475507	0.921983318477	1.12772572443	1.35257444667	1.58834846089	1.8234364082	2.04239531072	2.25073959308	2.45848842113	2.64551285055	2.7802020247	2.88193409771	2.9426057132	2.96880570248	2.96591904359	2.92580354616	2.87639378377	2.82192265981	2.76852594252	2.73475332788	2.72162744392	2.72468238338	2.74626112949	2.7785709977	2.81677068563	2.84645278811	2.8391778899	2.79266773106	2.7050712254	2.57993520939	2.41911076926	2.23052003613	2.03233731088	1.83801209394	1.66177056524	1.51818841054	1.408624819	1.31525499554	1.24457715884	1.19428715965	1.14509745645	1.082717146	1.00626599151	0.918035197563	0.819319230041	0.703102083909	0.576283262271	0.459121156051	0.349065667477	0.248951676812	0.169458527514	0.111505290353	0.0695387067302	0.041591188519	0.0233521643599	0.0125951529502	0.00601926631228	0.00279604628699	0.00132035519108	0.000582509643124	0.000271837833458	3.88339762082e-05	0.0	0.0	0.0	0.0	0.0	0.0	0.0	0.0	0.0	0.0	0.0	0.0
