	20.0	21.0	22.0	23.0	24.0	25.0	26.0	27.0	28.0	29.0	30.0	31.0	32.0	33.0	34.0	35.0	36.0	37.0	38.0	39.0	40.0
PD_100P_filtered_1	1.0	27.0	148.0	359.0	637.0	1087.0	1617.0	2305.0	3403.0	4543.0	6332.0	8672.0	11940.0	16261.0	23937.0	36982.0	63505.0	114111.0	296243.0	1819496.0	725136.0
	19.0	20.0	21.0	22.0	23.0	24.0	25.0	26.0	27.0	28.0	29.0	30.0	31.0	32.0	33.0	34.0	35.0	36.0	37.0	38.0	39.0	40.0
PD_100P_filtered_2	2.0	25.0	153.0	402.0	734.0	1143.0	1588.0	2022.0	2560.0	3527.0	4519.0	6230.0	8152.0	11069.0	15366.0	22119.0	34628.0	60177.0	114649.0	325867.0	1871054.0	650756.0
	20.0	21.0	22.0	23.0	24.0	25.0	26.0	27.0	28.0	29.0	30.0	31.0	32.0	33.0	34.0	35.0	36.0	37.0	38.0	39.0	40.0
PD_104P_filtered_1	2.0	39.0	204.0	512.0	1025.0	1690.0	2567.0	3717.0	5453.0	7745.0	10954.0	14369.0	20104.0	27294.0	39884.0	60375.0	101221.0	170661.0	413034.0	2529584.0	1265204.0
	18.0	19.0	20.0	21.0	22.0	23.0	24.0	25.0	26.0	27.0	28.0	29.0	30.0	31.0	32.0	33.0	34.0	35.0	36.0	37.0	38.0	39.0	40.0
PD_104P_filtered_2	1.0	2.0	21.0	132.0	378.0	672.0	1111.0	1575.0	2185.0	2739.0	3952.0	5208.0	7085.0	9055.0	12596.0	17596.0	26647.0	42134.0	73782.0	136045.0	384663.0	2602628.0	1345431.0
	19.0	20.0	21.0	22.0	23.0	24.0	25.0	26.0	27.0	28.0	29.0	30.0	31.0	32.0	33.0	34.0	35.0	36.0	37.0	38.0	39.0	40.0
PD_105P_filtered_1	1.0	4.0	17.0	76.0	186.0	402.0	718.0	1115.0	1555.0	2385.0	3381.0	4872.0	6607.0	9581.0	13422.0	20768.0	32568.0	56657.0	100274.0	259270.0	1741343.0	890455.0
	20.0	21.0	22.0	23.0	24.0	25.0	26.0	27.0	28.0	29.0	30.0	31.0	32.0	33.0	34.0	35.0	36.0	37.0	38.0	39.0	40.0
PD_105P_filtered_2	16.0	58.0	157.0	325.0	501.0	666.0	984.0	1296.0	1759.0	2369.0	3084.0	4243.0	6092.0	8797.0	13202.0	21610.0	39524.0	77216.0	237933.0	1748059.0	977766.0
	21.0	22.0	23.0	24.0	25.0	26.0	27.0	28.0	29.0	30.0	31.0	32.0	33.0	34.0	35.0	36.0	37.0	38.0	39.0	40.0
PD_107P_filtered_1	1.0	1.0	1.0	3.0	2.0	1.0	1.0	0.0	3.0	5.0	1.0	5.0	4.0	8.0	7.0	13.0	32.0	65.0	333.0	177.0
	25.0	26.0	27.0	28.0	29.0	30.0	31.0	32.0	33.0	34.0	35.0	36.0	37.0	38.0	39.0	40.0
PD_107P_filtered_2	1.0	1.0	0.0	1.0	1.0	3.0	4.0	2.0	1.0	6.0	13.0	8.0	18.0	65.0	366.0	173.0
	20.0	21.0	22.0	23.0	24.0	25.0	26.0	27.0	28.0	29.0	30.0	31.0	32.0	33.0	34.0	35.0	36.0	37.0	38.0	39.0	40.0
PD_108S_filtered_1	7.0	35.0	191.0	481.0	1012.0	1630.0	2400.0	3540.0	5104.0	7198.0	9918.0	13731.0	19092.0	26733.0	39303.0	60789.0	103276.0	179666.0	448311.0	2847995.0	1449195.0
	19.0	20.0	21.0	22.0	23.0	24.0	25.0	26.0	27.0	28.0	29.0	30.0	31.0	32.0	33.0	34.0	35.0	36.0	37.0	38.0	39.0	40.0
PD_108S_filtered_2	2.0	19.0	116.0	438.0	770.0	1202.0	1767.0	2196.0	2947.0	3947.0	5291.0	7266.0	9334.0	13475.0	18701.0	27776.0	44145.0	78817.0	150505.0	443582.0	2946152.0	1461159.0
	20.0	21.0	22.0	23.0	24.0	25.0	26.0	27.0	28.0	29.0	30.0	31.0	32.0	33.0	34.0	35.0	36.0	37.0	38.0	39.0	40.0
PD_109S_filtered_1	1.0	40.0	177.0	487.0	1052.0	1662.0	2526.0	3584.0	5099.0	7106.0	10058.0	13460.0	18822.0	25521.0	37668.0	57357.0	97040.0	170784.0	427184.0	2650149.0	1295398.0
	20.0	21.0	22.0	23.0	24.0	25.0	26.0	27.0	28.0	29.0	30.0	31.0	32.0	33.0	34.0	35.0	36.0	37.0	38.0	39.0	40.0
PD_109S_filtered_2	21.0	160.0	445.0	885.0	1389.0	1863.0	2330.0	3004.0	4210.0	5554.0	7229.0	9577.0	13632.0	18711.0	27989.0	44208.0	77569.0	148999.0	427287.0	2730323.0	1299790.0
	20.0	21.0	22.0	23.0	24.0	25.0	26.0	27.0	28.0	29.0	30.0	31.0	32.0	33.0	34.0	35.0	36.0	37.0	38.0	39.0	40.0
PD_10P_filtered_1	3.0	24.0	124.0	332.0	674.0	1048.0	1575.0	2260.0	3413.0	4668.0	6730.0	8877.0	12213.0	16657.0	24329.0	36821.0	60874.0	101773.0	244563.0	1372992.0	654160.0
	20.0	21.0	22.0	23.0	24.0	25.0	26.0	27.0	28.0	29.0	30.0	31.0	32.0	33.0	34.0	35.0	36.0	37.0	38.0	39.0	40.0
PD_10P_filtered_2	8.0	60.0	226.0	448.0	766.0	1109.0	1427.0	1926.0	2579.0	3490.0	4679.0	6047.0	8600.0	11837.0	17434.0	27367.0	47693.0	87892.0	238917.0	1379674.0	711931.0
	20.0	21.0	22.0	23.0	24.0	25.0	26.0	27.0	28.0	29.0	30.0	31.0	32.0	33.0	34.0	35.0	36.0	37.0	38.0	39.0	40.0
PD_110S_filtered_1	5.0	26.0	132.0	398.0	729.0	1249.0	1865.0	2671.0	4044.0	5580.0	8087.0	10817.0	15358.0	20932.0	31080.0	47411.0	80043.0	137904.0	344068.0	2121787.0	1064430.0
	19.0	20.0	21.0	22.0	23.0	24.0	25.0	26.0	27.0	28.0	29.0	30.0	31.0	32.0	33.0	34.0	35.0	36.0	37.0	38.0	39.0	40.0
PD_110S_filtered_2	2.0	17.0	102.0	314.0	650.0	989.0	1402.0	1825.0	2395.0	3339.0	4365.0	6116.0	7860.0	11003.0	15373.0	22699.0	36751.0	64526.0	120779.0	344610.0	2154569.0	1098930.0
	19.0	20.0	21.0	22.0	23.0	24.0	25.0	26.0	27.0	28.0	29.0	30.0	31.0	32.0	33.0	34.0	35.0	36.0	37.0	38.0	39.0	40.0
PD_111P_filtered_1	1.0	3.0	23.0	118.0	299.0	675.0	1055.0	1588.0	2260.0	3306.0	4928.0	6822.0	9399.0	13397.0	18750.0	28226.0	44452.0	77482.0	135521.0	343242.0	2222151.0	1087064.0
	19.0	20.0	21.0	22.0	23.0	24.0	25.0	26.0	27.0	28.0	29.0	30.0	31.0	32.0	33.0	34.0	35.0	36.0	37.0	38.0	39.0	40.0
PD_111P_filtered_2	2.0	14.0	97.0	260.0	545.0	818.0	1161.0	1527.0	1956.0	2719.0	3643.0	4987.0	6632.0	9485.0	13024.0	19865.0	31477.0	57763.0	111761.0	334436.0	2266419.0	1132171.0
	21.0	22.0	23.0	24.0	25.0	26.0	27.0	28.0	29.0	30.0	31.0	32.0	33.0	34.0	35.0	36.0	37.0	38.0	39.0	40.0
PD_112S_filtered_1	1.0	4.0	8.0	13.0	12.0	9.0	12.0	8.0	13.0	19.0	24.0	35.0	38.0	55.0	101.0	191.0	320.0	992.0	6012.0	3072.0
	22.0	23.0	24.0	25.0	26.0	27.0	28.0	29.0	30.0	31.0	32.0	33.0	34.0	35.0	36.0	37.0	38.0	39.0	40.0
PD_112S_filtered_2	3.0	6.0	9.0	10.0	13.0	10.0	12.0	19.0	21.0	21.0	29.0	33.0	58.0	104.0	120.0	235.0	848.0	6130.0	3258.0
	20.0	21.0	22.0	23.0	24.0	25.0	26.0	27.0	28.0	29.0	30.0	31.0	32.0	33.0	34.0	35.0	36.0	37.0	38.0	39.0	40.0
PD_113P_filtered_1	6.0	38.0	218.0	557.0	1155.0	1797.0	2783.0	3945.0	5629.0	7987.0	11283.0	15004.0	20531.0	28227.0	40977.0	62822.0	106465.0	183400.0	464719.0	2818552.0	1153487.0
	19.0	20.0	21.0	22.0	23.0	24.0	25.0	26.0	27.0	28.0	29.0	30.0	31.0	32.0	33.0	34.0	35.0	36.0	37.0	38.0	39.0	40.0
PD_113P_filtered_2	3.0	36.0	172.0	534.0	984.0	1467.0	2122.0	2653.0	3725.0	4943.0	6524.0	8804.0	11615.0	15733.0	21905.0	32973.0	51841.0	90575.0	170365.0	494872.0	2903447.0	1104289.0
	19.0	20.0	21.0	22.0	23.0	24.0	25.0	26.0	27.0	28.0	29.0	30.0	31.0	32.0	33.0	34.0	35.0	36.0	37.0	38.0	39.0	40.0
PD_114P_filtered_1	1.0	1.0	15.0	115.0	361.0	577.0	1026.0	1552.0	2275.0	3502.0	4951.0	7138.0	9558.0	13363.0	18706.0	27215.0	41716.0	70400.0	118616.0	287569.0	1776588.0	966304.0
	18.0	19.0	20.0	21.0	22.0	23.0	24.0	25.0	26.0	27.0	28.0	29.0	30.0	31.0	32.0	33.0	34.0	35.0	36.0	37.0	38.0	39.0	40.0
PD_114P_filtered_2	1.0	2.0	7.0	60.0	210.0	459.0	754.0	917.0	1348.0	1757.0	2397.0	3362.0	4517.0	5997.0	8528.0	11750.0	17876.0	28647.0	50600.0	95304.0	274116.0	1804048.0	1038892.0
	20.0	21.0	22.0	23.0	24.0	25.0	26.0	27.0	28.0	29.0	30.0	31.0	32.0	33.0	34.0	35.0	36.0	37.0	38.0	39.0	40.0
PD_115S_filtered_1	4.0	27.0	128.0	362.0	692.0	1120.0	1674.0	2351.0	3541.0	4808.0	6623.0	8798.0	12384.0	16911.0	24949.0	38464.0	66703.0	118300.0	306432.0	2113274.0	954512.0
	19.0	20.0	21.0	22.0	23.0	24.0	25.0	26.0	27.0	28.0	29.0	30.0	31.0	32.0	33.0	34.0	35.0	36.0	37.0	38.0	39.0	40.0
PD_115S_filtered_2	1.0	15.0	97.0	308.0	599.0	926.0	1306.0	1672.0	2189.0	3041.0	3965.0	5279.0	6847.0	9552.0	13209.0	19813.0	31302.0	55592.0	108724.0	334991.0	2263539.0	819090.0
	20.0	21.0	22.0	23.0	24.0	25.0	26.0	27.0	28.0	29.0	30.0	31.0	32.0	33.0	34.0	35.0	36.0	37.0	38.0	39.0	40.0
PD_116P_filtered_1	4.0	52.0	249.0	679.0	1434.0	2251.0	3345.0	4734.0	6985.0	9721.0	13771.0	17499.0	24481.0	33177.0	47796.0	72339.0	120859.0	201760.0	485421.0	3035589.0	1534217.0
	19.0	20.0	21.0	22.0	23.0	24.0	25.0	26.0	27.0	28.0	29.0	30.0	31.0	32.0	33.0	34.0	35.0	36.0	37.0	38.0	39.0	40.0
PD_116P_filtered_2	2.0	27.0	150.0	511.0	938.0	1449.0	2048.0	2676.0	3552.0	4777.0	6419.0	8894.0	11324.0	16080.0	21964.0	33112.0	52520.0	91935.0	169441.0	484016.0	3211179.0	1493349.0
	19.0	20.0	21.0	22.0	23.0	24.0	25.0	26.0	27.0	28.0	29.0	30.0	31.0	32.0	33.0	34.0	35.0	36.0	37.0	38.0	39.0	40.0
PD_117_filtered_1	1.0	3.0	20.0	115.0	300.0	614.0	1044.0	1590.0	2190.0	3307.0	4553.0	6610.0	8941.0	12737.0	18127.0	27161.0	43077.0	75537.0	136485.0	354174.0	2284855.0	1060301.0
	18.0	19.0	20.0	21.0	22.0	23.0	24.0	25.0	26.0	27.0	28.0	29.0	30.0	31.0	32.0	33.0	34.0	35.0	36.0	37.0	38.0	39.0	40.0
PD_117_filtered_2	1.0	1.0	23.0	127.0	313.0	574.0	937.0	1238.0	1685.0	2150.0	3022.0	3999.0	5337.0	6920.0	9941.0	13879.0	20629.0	32654.0	59370.0	116715.0	356137.0	2358888.0	1047202.0
	20.0	21.0	22.0	23.0	24.0	25.0	26.0	27.0	28.0	29.0	30.0	31.0	32.0	33.0	34.0	35.0	36.0	37.0	38.0	39.0	40.0
PD_118_filtered_1	4.0	28.0	95.0	260.0	621.0	952.0	1423.0	2021.0	2934.0	4213.0	5756.0	8016.0	11214.0	16066.0	23880.0	38857.0	68187.0	126825.0	342194.0	2312339.0	1096484.0
	20.0	21.0	22.0	23.0	24.0	25.0	26.0	27.0	28.0	29.0	30.0	31.0	32.0	33.0	34.0	35.0	36.0	37.0	38.0	39.0	40.0
PD_118_filtered_2	17.0	112.0	333.0	716.0	1068.0	1450.0	2037.0	2490.0	3417.0	4554.0	6020.0	7990.0	11338.0	15751.0	23394.0	36312.0	64404.0	125985.0	374599.0	2335839.0	1044543.0
	20.0	21.0	22.0	23.0	24.0	25.0	26.0	27.0	28.0	29.0	30.0	31.0	32.0	33.0	34.0	35.0	36.0	37.0	38.0	39.0	40.0
PD_119P_filtered_1	5.0	44.0	177.0	511.0	945.0	1612.0	2323.0	3228.0	4806.0	6881.0	9438.0	12604.0	17573.0	23840.0	33826.0	52122.0	85905.0	143944.0	344462.0	2096949.0	1122642.0
	20.0	21.0	22.0	23.0	24.0	25.0	26.0	27.0	28.0	29.0	30.0	31.0	32.0	33.0	34.0	35.0	36.0	37.0	38.0	39.0	40.0
PD_119P_filtered_2	21.0	110.0	414.0	713.0	1162.0	1682.0	2322.0	2908.0	4006.0	5292.0	7138.0	9473.0	12822.0	17805.0	26262.0	40629.0	70543.0	128153.0	357735.0	2202590.0	1072057.0
	20.0	21.0	22.0	23.0	24.0	25.0	26.0	27.0	28.0	29.0	30.0	31.0	32.0	33.0	34.0	35.0	36.0	37.0	38.0	39.0	40.0
PD_11P_filtered_1	5.0	36.0	169.0	425.0	854.0	1423.0	2178.0	3097.0	4568.0	6565.0	9191.0	12194.0	16618.0	22923.0	33911.0	51105.0	86154.0	145683.0	353925.0	2116095.0	1059040.0
	20.0	21.0	22.0	23.0	24.0	25.0	26.0	27.0	28.0	29.0	30.0	31.0	32.0	33.0	34.0	35.0	36.0	37.0	38.0	39.0	40.0
PD_11P_filtered_2	16.0	103.0	357.0	661.0	1158.0	1609.0	2197.0	2887.0	3800.0	5094.0	7047.0	9033.0	12849.0	17262.0	25633.0	40187.0	69990.0	129498.0	359697.0	2150807.0	1086274.0
	20.0	21.0	22.0	23.0	24.0	25.0	26.0	27.0	28.0	29.0	30.0	31.0	32.0	33.0	34.0	35.0	36.0	37.0	38.0	39.0	40.0
PD_120S_filtered_1	4.0	24.0	150.0	363.0	774.0	1222.0	1829.0	2628.0	3908.0	5676.0	7723.0	10300.0	14660.0	19534.0	28973.0	43908.0	72632.0	122184.0	292599.0	1715136.0	897975.0
	19.0	20.0	21.0	22.0	23.0	24.0	25.0	26.0	27.0	28.0	29.0	30.0	31.0	32.0	33.0	34.0	35.0	36.0	37.0	38.0	39.0	40.0
PD_120S_filtered_2	1.0	11.0	93.0	339.0	663.0	1005.0	1414.0	1959.0	2488.0	3360.0	4392.0	6228.0	7890.0	10846.0	15095.0	22409.0	35249.0	60699.0	111020.0	305287.0	1785734.0	866020.0
	19.0	20.0	21.0	22.0	23.0	24.0	25.0	26.0	27.0	28.0	29.0	30.0	31.0	32.0	33.0	34.0	35.0	36.0	37.0	38.0	39.0	40.0
PD_121S_filtered_1	1.0	4.0	54.0	214.0	551.0	1216.0	1978.0	3009.0	4082.0	6090.0	8697.0	12432.0	16588.0	23158.0	31605.0	47020.0	72497.0	122910.0	211494.0	524370.0	3155650.0	1378467.0
	19.0	20.0	21.0	22.0	23.0	24.0	25.0	26.0	27.0	28.0	29.0	30.0	31.0	32.0	33.0	34.0	35.0	36.0	37.0	38.0	39.0	40.0
PD_121S_filtered_2	3.0	19.0	178.0	533.0	1013.0	1630.0	2214.0	3050.0	3874.0	5277.0	6950.0	9411.0	12320.0	17548.0	24122.0	35969.0	56880.0	100224.0	188328.0	536916.0	3213558.0	1402070.0
	20.0	21.0	22.0	23.0	24.0	25.0	26.0	27.0	28.0	29.0	30.0	31.0	32.0	33.0	34.0	35.0	36.0	37.0	38.0	39.0	40.0
PD_122S_filtered_1	4.0	33.0	166.0	457.0	948.0	1472.0	2364.0	3309.0	4655.0	6766.0	9583.0	12794.0	18055.0	24453.0	36352.0	55191.0	93637.0	158040.0	381739.0	2376966.0	1240889.0
	19.0	20.0	21.0	22.0	23.0	24.0	25.0	26.0	27.0	28.0	29.0	30.0	31.0	32.0	33.0	34.0	35.0	36.0	37.0	38.0	39.0	40.0
PD_122S_filtered_2	3.0	31.0	106.0	343.0	613.0	905.0	1318.0	1672.0	2330.0	3120.0	4115.0	5642.0	7560.0	10845.0	15064.0	22994.0	36485.0	65322.0	123899.0	358103.0	2458252.0	1309151.0
	20.0	21.0	22.0	23.0	24.0	25.0	26.0	27.0	28.0	29.0	30.0	31.0	32.0	33.0	34.0	35.0	36.0	37.0	38.0	39.0	40.0
PD_123P_filtered_1	5.0	68.0	304.0	795.0	1560.0	2536.0	3871.0	5101.0	7371.0	10185.0	14021.0	18210.0	24633.0	32958.0	46448.0	69589.0	114208.0	190621.0	454181.0	2756062.0	1378496.0
	19.0	20.0	21.0	22.0	23.0	24.0	25.0	26.0	27.0	28.0	29.0	30.0	31.0	32.0	33.0	34.0	35.0	36.0	37.0	38.0	39.0	40.0
PD_123P_filtered_2	2.0	39.0	194.0	629.0	1206.0	1990.0	2570.0	3378.0	4409.0	5987.0	7863.0	10406.0	13592.0	18642.0	25371.0	37310.0	57399.0	98117.0	177752.0	485721.0	2928341.0	1250305.0
	20.0	21.0	22.0	23.0	24.0	25.0	26.0	27.0	28.0	29.0	30.0	31.0	32.0	33.0	34.0	35.0	36.0	37.0	38.0	39.0	40.0
PD_126P_filtered_1	1.0	28.0	141.0	378.0	795.0	1444.0	2256.0	3354.0	4839.0	6874.0	10286.0	13915.0	20108.0	27620.0	41391.0	63970.0	109025.0	186992.0	463784.0	2860414.0	1357181.0
	18.0	19.0	20.0	21.0	22.0	23.0	24.0	25.0	26.0	27.0	28.0	29.0	30.0	31.0	32.0	33.0	34.0	35.0	36.0	37.0	38.0	39.0	40.0
PD_126P_filtered_2	1.0	4.0	35.0	199.0	489.0	891.0	1361.0	1912.0	2556.0	3236.0	4378.0	5815.0	7784.0	10367.0	14688.0	20575.0	30453.0	48094.0	85099.0	161293.0	467957.0	2922283.0	1385326.0
	20.0	21.0	22.0	23.0	24.0	25.0	26.0	27.0	28.0	29.0	30.0	31.0	32.0	33.0	34.0	35.0	36.0	37.0	38.0	39.0	40.0
PD_127S_filtered_1	4.0	54.0	295.0	711.0	1411.0	2163.0	3320.0	4474.0	6789.0	9321.0	12886.0	16998.0	23279.0	31793.0	45861.0	69726.0	117602.0	202196.0	502821.0	2993589.0	1279120.0
	19.0	20.0	21.0	22.0	23.0	24.0	25.0	26.0	27.0	28.0	29.0	30.0	31.0	32.0	33.0	34.0	35.0	36.0	37.0	38.0	39.0	40.0
PD_127S_filtered_2	7.0	38.0	190.0	545.0	1019.0	1681.0	2243.0	2933.0	3754.0	5232.0	6954.0	9285.0	11984.0	16830.0	23183.0	34651.0	54296.0	95414.0	179161.0	509799.0	3068002.0	1297212.0
	20.0	21.0	22.0	23.0	24.0	25.0	26.0	27.0	28.0	29.0	30.0	31.0	32.0	33.0	34.0	35.0	36.0	37.0	38.0	39.0	40.0
PD_128S_filtered_1	4.0	33.0	166.0	444.0	920.0	1475.0	2257.0	3295.0	4827.0	6698.0	9545.0	12933.0	18002.0	25168.0	36751.0	57209.0	96692.0	168551.0	418040.0	2625819.0	1303877.0
	19.0	20.0	21.0	22.0	23.0	24.0	25.0	26.0	27.0	28.0	29.0	30.0	31.0	32.0	33.0	34.0	35.0	36.0	37.0	38.0	39.0	40.0
PD_128S_filtered_2	2.0	20.0	147.0	502.0	853.0	1365.0	1865.0	2443.0	3295.0	4314.0	5719.0	7605.0	10151.0	14420.0	19368.0	29085.0	45177.0	79051.0	149028.0	428982.0	2690859.0	1298455.0
	20.0	21.0	22.0	23.0	24.0	25.0	26.0	27.0	28.0	29.0	30.0	31.0	32.0	33.0	34.0	35.0	36.0	37.0	38.0	39.0	40.0
PD_129P_filtered_1	2.0	15.0	96.0	291.0	554.0	953.0	1508.0	2058.0	3090.0	4299.0	6186.0	8375.0	11842.0	16500.0	23924.0	37103.0	62726.0	107886.0	270897.0	1617795.0	682539.0
	19.0	20.0	21.0	22.0	23.0	24.0	25.0	26.0	27.0	28.0	29.0	30.0	31.0	32.0	33.0	34.0	35.0	36.0	37.0	38.0	39.0	40.0
PD_129P_filtered_2	3.0	8.0	95.0	199.0	459.0	705.0	1025.0	1410.0	1812.0	2444.0	3357.0	4542.0	5920.0	8669.0	11703.0	17521.0	27366.0	48260.0	89229.0	254643.0	1559646.0	819623.0
	20.0	21.0	22.0	23.0	24.0	25.0	26.0	27.0	28.0	29.0	30.0	31.0	32.0	33.0	34.0	35.0	36.0	37.0	38.0	39.0	40.0
PD_12P_filtered_1	1.0	25.0	109.0	287.0	556.0	877.0	1372.0	2039.0	2966.0	4335.0	6079.0	8141.0	11373.0	15772.0	23249.0	36288.0	61307.0	104375.0	256894.0	1601416.0	837307.0
	19.0	20.0	21.0	22.0	23.0	24.0	25.0	26.0	27.0	28.0	29.0	30.0	31.0	32.0	33.0	34.0	35.0	36.0	37.0	38.0	39.0	40.0
PD_12P_filtered_2	1.0	10.0	60.0	200.0	377.0	614.0	848.0	1187.0	1531.0	2180.0	2883.0	4013.0	5266.0	7320.0	10175.0	15255.0	24434.0	43695.0	82601.0	241656.0	1636114.0	894348.0
	20.0	21.0	22.0	23.0	24.0	25.0	26.0	27.0	28.0	29.0	30.0	31.0	32.0	33.0	34.0	35.0	36.0	37.0	38.0	39.0	40.0
PD_130S_filtered_1	2.0	25.0	92.0	314.0	602.0	963.0	1532.0	2068.0	2944.0	4217.0	6024.0	8030.0	11445.0	15721.0	23728.0	36921.0	64642.0	116897.0	309451.0	2079203.0	963804.0
	20.0	21.0	22.0	23.0	24.0	25.0	26.0	27.0	28.0	29.0	30.0	31.0	32.0	33.0	34.0	35.0	36.0	37.0	38.0	39.0	40.0
PD_130S_filtered_2	15.0	99.0	291.0	548.0	869.0	1291.0	1679.0	2055.0	2805.0	3956.0	5233.0	6880.0	9445.0	13073.0	19579.0	30596.0	54563.0	105719.0	316200.0	2092021.0	981708.0
	20.0	21.0	22.0	23.0	24.0	25.0	26.0	27.0	28.0	29.0	30.0	31.0	32.0	33.0	34.0	35.0	36.0	37.0	38.0	39.0	40.0
PD_131P_filtered_1	7.0	26.0	163.0	444.0	848.0	1387.0	2049.0	2875.0	4395.0	6165.0	8689.0	11695.0	16060.0	21933.0	31984.0	48966.0	81741.0	137798.0	334134.0	2044086.0	1178456.0
	20.0	21.0	22.0	23.0	24.0	25.0	26.0	27.0	28.0	29.0	30.0	31.0	32.0	33.0	34.0	35.0	36.0	37.0	38.0	39.0	40.0
PD_131P_filtered_2	22.0	117.0	366.0	621.0	997.0	1414.0	1919.0	2384.0	3371.0	4374.0	6006.0	8233.0	11300.0	15547.0	23200.0	36813.0	64797.0	119198.0	337239.0	2154873.0	1141110.0
	20.0	21.0	22.0	23.0	24.0	25.0	26.0	27.0	28.0	29.0	30.0	31.0	32.0	33.0	34.0	35.0	36.0	37.0	38.0	39.0	40.0
PD_134S_filtered_1	3.0	42.0	259.0	616.0	1320.0	2009.0	3126.0	4472.0	6562.0	9057.0	12696.0	17143.0	24081.0	32349.0	47596.0	73154.0	124540.0	213018.0	527422.0	3296220.0	1662310.0
	19.0	20.0	21.0	22.0	23.0	24.0	25.0	26.0	27.0	28.0	29.0	30.0	31.0	32.0	33.0	34.0	35.0	36.0	37.0	38.0	39.0	40.0
PD_134S_filtered_2	1.0	41.0	234.0	607.0	1159.0	1896.0	2526.0	3364.0	4274.0	5919.0	7577.0	10584.0	13777.0	19214.0	26031.0	38474.0	60181.0	104890.0	197714.0	564740.0	3424825.0	1569967.0
	20.0	21.0	22.0	23.0	24.0	25.0	26.0	27.0	28.0	29.0	30.0	31.0	32.0	33.0	34.0	35.0	36.0	37.0	38.0	39.0	40.0
PD_137P_filtered_1	8.0	51.0	301.0	767.0	1409.0	2230.0	3405.0	4566.0	6729.0	9080.0	12760.0	16329.0	22095.0	29093.0	41713.0	63062.0	103912.0	174538.0	420085.0	2597642.0	1234032.0
	19.0	20.0	21.0	22.0	23.0	24.0	25.0	26.0	27.0	28.0	29.0	30.0	31.0	32.0	33.0	34.0	35.0	36.0	37.0	38.0	39.0	40.0
PD_137P_filtered_2	2.0	39.0	195.0	583.0	1068.0	1699.0	2353.0	3139.0	3913.0	5286.0	6953.0	9230.0	11851.0	16576.0	22050.0	32778.0	50390.0	87602.0	159756.0	447634.0	2754673.0	1126037.0
	20.0	21.0	22.0	23.0	24.0	25.0	26.0	27.0	28.0	29.0	30.0	31.0	32.0	33.0	34.0	35.0	36.0	37.0	38.0	39.0	40.0
PD_138S_filtered_1	1.0	10.0	54.0	175.0	285.0	598.0	824.0	1271.0	1872.0	2641.0	3913.0	5115.0	7636.0	10772.0	16812.0	27207.0	48589.0	89800.0	242146.0	1726039.0	983197.0
	20.0	21.0	22.0	23.0	24.0	25.0	26.0	27.0	28.0	29.0	30.0	31.0	32.0	33.0	34.0	35.0	36.0	37.0	38.0	39.0	40.0
PD_138S_filtered_2	11.0	66.0	144.0	283.0	496.0	675.0	970.0	1133.0	1590.0	2040.0	2932.0	3736.0	5337.0	7547.0	11386.0	18380.0	34754.0	69289.0	224732.0	1764071.0	1019385.0
	20.0	21.0	22.0	23.0	24.0	25.0	26.0	27.0	28.0	29.0	30.0	31.0	32.0	33.0	34.0	35.0	36.0	37.0	38.0	39.0	40.0
PD_13P_filtered_1	1.0	34.0	173.0	440.0	887.0	1445.0	2143.0	3023.0	4460.0	6338.0	8951.0	11886.0	16581.0	22355.0	32966.0	49883.0	85137.0	144694.0	355341.0	2144927.0	1074757.0
	19.0	20.0	21.0	22.0	23.0	24.0	25.0	26.0	27.0	28.0	29.0	30.0	31.0	32.0	33.0	34.0	35.0	36.0	37.0	38.0	39.0	40.0
PD_13P_filtered_2	2.0	19.0	96.0	288.0	604.0	973.0	1401.0	1927.0	2448.0	3501.0	4746.0	6447.0	8356.0	11706.0	16381.0	24151.0	38323.0	67263.0	126908.0	362860.0	2223441.0	1064581.0
	20.0	21.0	22.0	23.0	24.0	25.0	26.0	27.0	28.0	29.0	30.0	31.0	32.0	33.0	34.0	35.0	36.0	37.0	38.0	39.0	40.0
PD_140S_filtered_1	10.0	73.0	338.0	872.0	1745.0	2729.0	4063.0	5617.0	8214.0	11421.0	16261.0	21281.0	29052.0	39190.0	55973.0	84856.0	141480.0	238191.0	577136.0	3506477.0	1625010.0
	19.0	20.0	21.0	22.0	23.0	24.0	25.0	26.0	27.0	28.0	29.0	30.0	31.0	32.0	33.0	34.0	35.0	36.0	37.0	38.0	39.0	40.0
PD_140S_filtered_2	2.0	39.0	215.0	599.0	1112.0	1819.0	2525.0	3304.0	4324.0	5859.0	7773.0	10685.0	14033.0	19335.0	26844.0	40077.0	63029.0	110962.0	208199.0	592045.0	3633873.0	1623336.0
	20.0	21.0	22.0	23.0	24.0	25.0	26.0	27.0	28.0	29.0	30.0	31.0	32.0	33.0	34.0	35.0	36.0	37.0	38.0	39.0	40.0
PD_141P_filtered_1	6.0	65.0	338.0	821.0	1639.0	2603.0	3888.0	5435.0	7941.0	10986.0	15079.0	19707.0	26678.0	35700.0	51266.0	77280.0	127658.0	217805.0	530465.0	3299108.0	1537139.0
	20.0	21.0	22.0	23.0	24.0	25.0	26.0	27.0	28.0	29.0	30.0	31.0	32.0	33.0	34.0	35.0	36.0	37.0	38.0	39.0	40.0
PD_141P_filtered_2	43.0	244.0	688.0	1204.0	1984.0	2600.0	3470.0	4559.0	6144.0	8171.0	10848.0	13952.0	19188.0	26413.0	38828.0	61432.0	106837.0	197981.0	561016.0	3462487.0	1443518.0
	20.0	21.0	22.0	23.0	24.0	25.0	26.0	27.0	28.0	29.0	30.0	31.0	32.0	33.0	34.0	35.0	36.0	37.0	38.0	39.0	40.0
PD_142S_filtered_1	1.0	31.0	139.0	429.0	874.0	1364.0	2006.0	2801.0	4150.0	5547.0	7801.0	10341.0	14436.0	19847.0	29093.0	45279.0	78368.0	141044.0	376606.0	2470263.0	926677.0
	19.0	20.0	21.0	22.0	23.0	24.0	25.0	26.0	27.0	28.0	29.0	30.0	31.0	32.0	33.0	34.0	35.0	36.0	37.0	38.0	39.0	40.0
PD_142S_filtered_2	1.0	20.0	134.0	446.0	835.0	1326.0	1833.0	2349.0	3008.0	4052.0	5231.0	7210.0	9281.0	12899.0	17394.0	26223.0	40566.0	71581.0	137880.0	414753.0	2469650.0	910425.0
	20.0	21.0	22.0	23.0	24.0	25.0	26.0	27.0	28.0	29.0	30.0	31.0	32.0	33.0	34.0	35.0	36.0	37.0	38.0	39.0	40.0
PD_145P_filtered_1	4.0	64.0	277.0	706.0	1470.0	2431.0	3519.0	4967.0	7219.0	10039.0	14295.0	18510.0	26020.0	35258.0	51079.0	77612.0	130828.0	223047.0	547219.0	3376267.0	1605433.0
	18.0	19.0	20.0	21.0	22.0	23.0	24.0	25.0	26.0	27.0	28.0	29.0	30.0	31.0	32.0	33.0	34.0	35.0	36.0	37.0	38.0	39.0	40.0
PD_145P_filtered_2	2.0	3.0	58.0	272.0	747.0	1419.0	2188.0	2834.0	3817.0	4808.0	6473.0	8584.0	11442.0	14853.0	20589.0	28537.0	41427.0	64718.0	112241.0	208143.0	584755.0	3548925.0	1469429.0
	20.0	21.0	22.0	23.0	24.0	25.0	26.0	27.0	28.0	29.0	30.0	31.0	32.0	33.0	34.0	35.0	36.0	37.0	38.0	39.0	40.0
PD_146S_filtered_1	2.0	38.0	185.0	444.0	876.0	1407.0	2102.0	2858.0	4294.0	5946.0	8233.0	10854.0	15473.0	20530.0	30328.0	46795.0	79515.0	138475.0	346245.0	2207619.0	1051876.0
	19.0	20.0	21.0	22.0	23.0	24.0	25.0	26.0	27.0	28.0	29.0	30.0	31.0	32.0	33.0	34.0	35.0	36.0	37.0	38.0	39.0	40.0
PD_146S_filtered_2	1.0	14.0	124.0	389.0	711.0	1220.0	1586.0	2140.0	2765.0	3633.0	4793.0	6441.0	8473.0	11905.0	16164.0	23885.0	37691.0	66212.0	125098.0	364321.0	2310541.0	985988.0
	19.0	20.0	21.0	22.0	23.0	24.0	25.0	26.0	27.0	28.0	29.0	30.0	31.0	32.0	33.0	34.0	35.0	36.0	37.0	38.0	39.0	40.0
PD_147_filtered_1	1.0	6.0	45.0	197.0	536.0	1018.0	1685.0	2527.0	3509.0	5054.0	6978.0	9693.0	12850.0	17553.0	23939.0	34787.0	53602.0	91430.0	159962.0	403342.0	2620554.0	1180743.0
	19.0	20.0	21.0	22.0	23.0	24.0	25.0	26.0	27.0	28.0	29.0	30.0	31.0	32.0	33.0	34.0	35.0	36.0	37.0	38.0	39.0	40.0
PD_147_filtered_2	2.0	29.0	173.0	485.0	878.0	1314.0	1932.0	2431.0	3129.0	4302.0	5726.0	7801.0	10016.0	14011.0	19295.0	27732.0	43699.0	76921.0	146644.0	428626.0	2699724.0	1135141.0
	20.0	21.0	22.0	23.0	24.0	25.0	26.0	27.0	28.0	29.0	30.0	31.0	32.0	33.0	34.0	35.0	36.0	37.0	38.0	39.0	40.0
PD_148P_filtered_1	5.0	45.0	281.0	701.0	1385.0	2282.0	3335.0	4831.0	6777.0	9716.0	13500.0	18069.0	24907.0	33262.0	48133.0	73205.0	123723.0	212377.0	521250.0	3068623.0	1420873.0
	19.0	20.0	21.0	22.0	23.0	24.0	25.0	26.0	27.0	28.0	29.0	30.0	31.0	32.0	33.0	34.0	35.0	36.0	37.0	38.0	39.0	40.0
PD_148P_filtered_2	6.0	34.0	275.0	823.0	1549.0	2352.0	3198.0	4151.0	5309.0	7225.0	9236.0	12600.0	16358.0	22607.0	30541.0	44624.0	68349.0	117633.0	213707.0	587079.0	3169923.0	1269701.0
	20.0	21.0	22.0	23.0	24.0	25.0	26.0	27.0	28.0	29.0	30.0	31.0	32.0	33.0	34.0	35.0	36.0	37.0	38.0	39.0	40.0
PD_149S_filtered_1	1.0	15.0	79.0	254.0	516.0	857.0	1307.0	1940.0	2844.0	3978.0	5632.0	7865.0	11091.0	15858.0	24856.0	39421.0	70554.0	132110.0	361168.0	2336910.0	883246.0
	19.0	20.0	21.0	22.0	23.0	24.0	25.0	26.0	27.0	28.0	29.0	30.0	31.0	32.0	33.0	34.0	35.0	36.0	37.0	38.0	39.0	40.0
PD_149S_filtered_2	1.0	23.0	123.0	386.0	690.0	1048.0	1471.0	1917.0	2409.0	3252.0	4466.0	6098.0	8111.0	11236.0	15610.0	23182.0	36055.0	64545.0	126171.0	378630.0	2247308.0	967770.0
	20.0	21.0	22.0	23.0	24.0	25.0	26.0	27.0	28.0	29.0	30.0	31.0	32.0	33.0	34.0	35.0	36.0	37.0	38.0	39.0	40.0
PD_14P_filtered_1	4.0	19.0	125.0	290.0	548.0	1030.0	1631.0	2194.0	3250.0	4781.0	6689.0	8722.0	12294.0	16707.0	24784.0	37431.0	62690.0	105352.0	255383.0	1597030.0	924522.0
	19.0	20.0	21.0	22.0	23.0	24.0	25.0	26.0	27.0	28.0	29.0	30.0	31.0	32.0	33.0	34.0	35.0	36.0	37.0	38.0	39.0	40.0
PD_14P_filtered_2	1.0	11.0	66.0	212.0	378.0	619.0	876.0	1199.0	1523.0	2023.0	2873.0	3941.0	5222.0	7298.0	10414.0	15888.0	25153.0	44880.0	84045.0	242915.0	1665441.0	950498.0
	20.0	21.0	22.0	23.0	24.0	25.0	26.0	27.0	28.0	29.0	30.0	31.0	32.0	33.0	34.0	35.0	36.0	37.0	38.0	39.0	40.0
PD_150P_filtered_1	2.0	31.0	193.0	451.0	872.0	1443.0	2171.0	3089.0	4428.0	6381.0	8874.0	11843.0	16629.0	22449.0	33185.0	50344.0	85507.0	146671.0	368383.0	2378051.0	1051198.0
	20.0	21.0	22.0	23.0	24.0	25.0	26.0	27.0	28.0	29.0	30.0	31.0	32.0	33.0	34.0	35.0	36.0	37.0	38.0	39.0	40.0
PD_150P_filtered_2	21.0	142.0	407.0	736.0	1142.0	1554.0	2191.0	2699.0	3674.0	4854.0	6666.0	8417.0	12214.0	16457.0	24482.0	38482.0	67931.0	127582.0	368345.0	2358765.0	1145434.0
	20.0	21.0	22.0	23.0	24.0	25.0	26.0	27.0	28.0	29.0	30.0	31.0	32.0	33.0	34.0	35.0	36.0	37.0	38.0	39.0	40.0
PD_151S_filtered_1	2.0	29.0	161.0	439.0	808.0	1311.0	1899.0	2813.0	4142.0	5695.0	7962.0	10480.0	14792.0	20122.0	29493.0	45695.0	76106.0	131020.0	324602.0	2115447.0	1169099.0
	19.0	20.0	21.0	22.0	23.0	24.0	25.0	26.0	27.0	28.0	29.0	30.0	31.0	32.0	33.0	34.0	35.0	36.0	37.0	38.0	39.0	40.0
PD_151S_filtered_2	1.0	22.0	128.0	331.0	613.0	969.0	1267.0	1801.0	2157.0	3078.0	4098.0	5502.0	7222.0	10125.0	14220.0	21151.0	33094.0	58137.0	109434.0	319065.0	2198807.0	1170895.0
	20.0	21.0	22.0	23.0	24.0	25.0	26.0	27.0	28.0	29.0	30.0	31.0	32.0	33.0	34.0	35.0	36.0	37.0	38.0	39.0	40.0
PD_152P_filtered_1	1.0	25.0	125.0	299.0	715.0	1159.0	1692.0	2479.0	3541.0	4990.0	7015.0	9509.0	13245.0	18452.0	27508.0	43304.0	75278.0	135067.0	353649.0	2189718.0	908538.0
	19.0	20.0	21.0	22.0	23.0	24.0	25.0	26.0	27.0	28.0	29.0	30.0	31.0	32.0	33.0	34.0	35.0	36.0	37.0	38.0	39.0	40.0
PD_152P_filtered_2	2.0	30.0	130.0	388.0	814.0	1235.0	1781.0	2219.0	2911.0	3867.0	5184.0	6958.0	9116.0	12881.0	17641.0	26045.0	40224.0	69879.0	134340.0	386120.0	2179857.0	894687.0
	19.0	20.0	21.0	22.0	23.0	24.0	25.0	26.0	27.0	28.0	29.0	30.0	31.0	32.0	33.0	34.0	35.0	36.0	37.0	38.0	39.0	40.0
PD_153S_filtered_1	1.0	11.0	79.0	300.0	794.0	1570.0	2455.0	3671.0	5276.0	7793.0	10708.0	15244.0	20162.0	27431.0	37535.0	53586.0	80501.0	130854.0	215111.0	510765.0	2927172.0	1388651.0
	19.0	20.0	21.0	22.0	23.0	24.0	25.0	26.0	27.0	28.0	29.0	30.0	31.0	32.0	33.0	34.0	35.0	36.0	37.0	38.0	39.0	40.0
PD_153S_filtered_2	2.0	31.0	174.0	545.0	1108.0	1814.0	2498.0	3286.0	4295.0	6028.0	7885.0	10489.0	13679.0	18639.0	25781.0	37803.0	58797.0	100612.0	180662.0	494938.0	3043823.0	1426781.0
	19.0	20.0	21.0	22.0	23.0	24.0	25.0	26.0	27.0	28.0	29.0	30.0	31.0	32.0	33.0	34.0	35.0	36.0	37.0	38.0	39.0	40.0
PD_156P_filtered_1	1.0	4.0	28.0	130.0	415.0	783.0	1348.0	2040.0	2699.0	4105.0	5563.0	7958.0	10691.0	14465.0	19673.0	28909.0	43519.0	73624.0	124796.0	307230.0	1935576.0	982786.0
	20.0	21.0	22.0	23.0	24.0	25.0	26.0	27.0	28.0	29.0	30.0	31.0	32.0	33.0	34.0	35.0	36.0	37.0	38.0	39.0	40.0
PD_156P_filtered_2	9.0	83.0	247.0	522.0	782.0	1179.0	1570.0	2039.0	2789.0	3727.0	5100.0	6774.0	9287.0	12760.0	19037.0	30584.0	53680.0	101290.0	292618.0	1995765.0	1026501.0
	21.0	22.0	23.0	24.0	25.0	26.0	27.0	28.0	29.0	30.0	31.0	32.0	33.0	34.0	35.0	36.0	37.0	38.0	39.0	40.0
PD_157S_filtered_1	38.0	159.0	478.0	925.0	1582.0	2248.0	3323.0	4816.0	6965.0	9702.0	13163.0	18388.0	24820.0	36741.0	56632.0	95059.0	161989.0	394492.0	2555976.0	1392571.0
	19.0	20.0	21.0	22.0	23.0	24.0	25.0	26.0	27.0	28.0	29.0	30.0	31.0	32.0	33.0	34.0	35.0	36.0	37.0	38.0	39.0	40.0
PD_157S_filtered_2	1.0	16.0	72.0	297.0	583.0	923.0	1277.0	1733.0	2264.0	3166.0	4335.0	5696.0	7354.0	10831.0	14756.0	22679.0	37079.0	66085.0	124061.0	364038.0	2635684.0	1477137.0
	20.0	21.0	22.0	23.0	24.0	25.0	26.0	27.0	28.0	29.0	30.0	31.0	32.0	33.0	34.0	35.0	36.0	37.0	38.0	39.0	40.0
PD_158P_filtered_1	3.0	50.0	243.0	601.0	1333.0	2047.0	2999.0	4209.0	6203.0	8536.0	11797.0	15784.0	22020.0	29323.0	42392.0	64698.0	108747.0	187010.0	464299.0	2974249.0	1416466.0
	19.0	20.0	21.0	22.0	23.0	24.0	25.0	26.0	27.0	28.0	29.0	30.0	31.0	32.0	33.0	34.0	35.0	36.0	37.0	38.0	39.0	40.0
PD_158P_filtered_2	3.0	35.0	180.0	492.0	927.0	1551.0	2109.0	2672.0	3374.0	4602.0	6025.0	8295.0	10546.0	14965.0	20220.0	30200.0	47867.0	85077.0	161001.0	471558.0	3100669.0	1390641.0
	20.0	21.0	22.0	23.0	24.0	25.0	26.0	27.0	28.0	29.0	30.0	31.0	32.0	33.0	34.0	35.0	36.0	37.0	38.0	39.0	40.0
PD_159S_filtered_1	2.0	44.0	197.0	572.0	1088.0	1779.0	2725.0	3802.0	5537.0	7875.0	10826.0	14437.0	20119.0	27808.0	41239.0	63646.0	108490.0	187059.0	470084.0	2986702.0	1422424.0
	19.0	20.0	21.0	22.0	23.0	24.0	25.0	26.0	27.0	28.0	29.0	30.0	31.0	32.0	33.0	34.0	35.0	36.0	37.0	38.0	39.0	40.0
PD_159S_filtered_2	4.0	35.0	149.0	413.0	843.0	1309.0	1756.0	2444.0	3023.0	4206.0	5605.0	7616.0	9991.0	14046.0	19363.0	29177.0	45807.0	82391.0	157112.0	465421.0	3116035.0	1409709.0
	20.0	21.0	22.0	23.0	24.0	25.0	26.0	27.0	28.0	29.0	30.0	31.0	32.0	33.0	34.0	35.0	36.0	37.0	38.0	39.0	40.0
PD_15P_filtered_1	3.0	25.0	136.0	331.0	740.0	1144.0	1746.0	2457.0	3554.0	5140.0	7098.0	9884.0	13644.0	18750.0	27630.0	42630.0	71228.0	121081.0	296463.0	1791300.0	928625.0
	19.0	20.0	21.0	22.0	23.0	24.0	25.0	26.0	27.0	28.0	29.0	30.0	31.0	32.0	33.0	34.0	35.0	36.0	37.0	38.0	39.0	40.0
PD_15P_filtered_2	2.0	21.0	89.0	272.0	516.0	770.0	1193.0	1574.0	1999.0	2771.0	3628.0	4947.0	6594.0	9120.0	12529.0	19005.0	29984.0	52621.0	98972.0	279598.0	1824984.0	992420.0
	20.0	21.0	22.0	23.0	24.0	25.0	26.0	27.0	28.0	29.0	30.0	31.0	32.0	33.0	34.0	35.0	36.0	37.0	38.0	39.0	40.0
PD_160P_filtered_1	4.0	67.0	322.0	813.0	1533.0	2652.0	3648.0	5193.0	7577.0	10364.0	14552.0	19039.0	26207.0	34947.0	50032.0	74279.0	121991.0	201479.0	475971.0	2814445.0	1365362.0
	18.0	19.0	20.0	21.0	22.0	23.0	24.0	25.0	26.0	27.0	28.0	29.0	30.0	31.0	32.0	33.0	34.0	35.0	36.0	37.0	38.0	39.0	40.0
PD_160P_filtered_2	1.0	3.0	45.0	200.0	601.0	1119.0	1810.0	2395.0	3199.0	3937.0	5622.0	7412.0	9777.0	12714.0	17503.0	24143.0	35831.0	55593.0	95318.0	172070.0	472614.0	2912269.0	1396301.0
	21.0	22.0	23.0	24.0	25.0	26.0	27.0	28.0	29.0	30.0	31.0	32.0	33.0	34.0	35.0	36.0	37.0	38.0	39.0	40.0
PD_161S_filtered_1	3.0	5.0	7.0	11.0	31.0	23.0	54.0	67.0	91.0	120.0	173.0	242.0	314.0	515.0	696.0	1155.0	2115.0	5192.0	32238.0	14825.0
	21.0	22.0	23.0	24.0	25.0	26.0	27.0	28.0	29.0	30.0	31.0	32.0	33.0	34.0	35.0	36.0	37.0	38.0	39.0	40.0
PD_161S_filtered_2	3.0	25.0	52.0	68.0	79.0	99.0	94.0	107.0	177.0	185.0	231.0	280.0	331.0	501.0	661.0	1107.0	2003.0	5407.0	32724.0	13743.0
	20.0	21.0	22.0	23.0	24.0	25.0	26.0	27.0	28.0	29.0	30.0	31.0	32.0	33.0	34.0	35.0	36.0	37.0	38.0	39.0	40.0
PD_162P_filtered_1	2.0	28.0	170.0	424.0	910.0	1455.0	2150.0	3064.0	4392.0	6287.0	8785.0	11766.0	16579.0	22765.0	33690.0	52118.0	89849.0	159283.0	405228.0	2526502.0	1136460.0
	18.0	19.0	20.0	21.0	22.0	23.0	24.0	25.0	26.0	27.0	28.0	29.0	30.0	31.0	32.0	33.0	34.0	35.0	36.0	37.0	38.0	39.0	40.0
PD_162P_filtered_2	1.0	3.0	25.0	144.0	475.0	859.0	1330.0	1933.0	2470.0	3102.0	4340.0	5685.0	7838.0	10335.0	14269.0	19680.0	28692.0	44822.0	78449.0	147635.0	423762.0	2560214.0	1125844.0
	20.0	21.0	22.0	23.0	24.0	25.0	26.0	27.0	28.0	29.0	30.0	31.0	32.0	33.0	34.0	35.0	36.0	37.0	38.0	39.0	40.0
PD_163S_filtered_1	3.0	42.0	145.0	431.0	789.0	1339.0	1968.0	2762.0	4096.0	5921.0	8333.0	11269.0	15903.0	22216.0	33267.0	52808.0	91758.0	163082.0	422264.0	2805421.0	1512055.0
	20.0	21.0	22.0	23.0	24.0	25.0	26.0	27.0	28.0	29.0	30.0	31.0	32.0	33.0	34.0	35.0	36.0	37.0	38.0	39.0	40.0
PD_163S_filtered_2	20.0	144.0	438.0	833.0	1324.0	1896.0	2387.0	3177.0	4277.0	5540.0	7581.0	10125.0	14202.0	19287.0	29065.0	45536.0	81109.0	156527.0	461847.0	2901765.0	1408792.0
	20.0	21.0	22.0	23.0	24.0	25.0	26.0	27.0	28.0	29.0	30.0	31.0	32.0	33.0	34.0	35.0	36.0	37.0	38.0	39.0	40.0
PD_164P_filtered_1	2.0	44.0	180.0	482.0	940.0	1537.0	2316.0	3258.0	4552.0	6362.0	8880.0	11923.0	16195.0	21466.0	31017.0	46617.0	77927.0	132712.0	326705.0	1921665.0	868641.0
	20.0	21.0	22.0	23.0	24.0	25.0	26.0	27.0	28.0	29.0	30.0	31.0	32.0	33.0	34.0	35.0	36.0	37.0	38.0	39.0	40.0
PD_164P_filtered_2	21.0	123.0	442.0	867.0	1365.0	1985.0	2570.0	3168.0	4312.0	5613.0	7333.0	9781.0	13622.0	18561.0	26469.0	40637.0	69777.0	127873.0	349532.0	1963960.0	835410.0
	20.0	21.0	22.0	23.0	24.0	25.0	26.0	27.0	28.0	29.0	30.0	31.0	32.0	33.0	34.0	35.0	36.0	37.0	38.0	39.0	40.0
PD_165S_filtered_1	1.0	38.0	175.0	512.0	1080.0	1806.0	2701.0	3806.0	5694.0	7733.0	11114.0	14882.0	21027.0	28921.0	42884.0	66680.0	113584.0	196639.0	496407.0	3158442.0	1536389.0
	19.0	20.0	21.0	22.0	23.0	24.0	25.0	26.0	27.0	28.0	29.0	30.0	31.0	32.0	33.0	34.0	35.0	36.0	37.0	38.0	39.0	40.0
PD_165S_filtered_2	5.0	34.0	181.0	492.0	1029.0	1569.0	2167.0	2939.0	3648.0	5070.0	6652.0	8925.0	11562.0	16164.0	21950.0	32750.0	51840.0	91508.0	172501.0	497926.0	3231667.0	1549936.0
	20.0	21.0	22.0	23.0	24.0	25.0	26.0	27.0	28.0	29.0	30.0	31.0	32.0	33.0	34.0	35.0	36.0	37.0	38.0	39.0	40.0
PD_166_filtered_1	6.0	28.0	113.0	284.0	677.0	1079.0	1679.0	2379.0	3522.0	4807.0	6809.0	9272.0	13114.0	18157.0	26859.0	42410.0	74100.0	132943.0	341951.0	2313033.0	1078494.0
	19.0	20.0	21.0	22.0	23.0	24.0	25.0	26.0	27.0	28.0	29.0	30.0	31.0	32.0	33.0	34.0	35.0	36.0	37.0	38.0	39.0	40.0
PD_166_filtered_2	2.0	20.0	110.0	274.0	625.0	831.0	1208.0	1622.0	2098.0	2961.0	3681.0	5085.0	6656.0	9583.0	13269.0	19611.0	31529.0	56508.0	111084.0	339371.0	2367711.0	1097877.0
	20.0	21.0	22.0	23.0	24.0	25.0	26.0	27.0	28.0	29.0	30.0	31.0	32.0	33.0	34.0	35.0	36.0	37.0	38.0	39.0	40.0
PD_167P_filtered_1	2.0	31.0	152.0	402.0	748.0	1229.0	1891.0	2689.0	3791.0	5686.0	7663.0	10334.0	14494.0	20165.0	29518.0	47024.0	81345.0	147805.0	394228.0	2641281.0	1108653.0
	19.0	20.0	21.0	22.0	23.0	24.0	25.0	26.0	27.0	28.0	29.0	30.0	31.0	32.0	33.0	34.0	35.0	36.0	37.0	38.0	39.0	40.0
PD_167P_filtered_2	1.0	20.0	133.0	459.0	791.0	1299.0	1733.0	2287.0	2897.0	3911.0	5287.0	7049.0	9081.0	12972.0	17974.0	26251.0	41467.0	73614.0	143636.0	435267.0	2718126.0	1014876.0
	20.0	21.0	22.0	23.0	24.0	25.0	26.0	27.0	28.0	29.0	30.0	31.0	32.0	33.0	34.0	35.0	36.0	37.0	38.0	39.0	40.0
PD_169P_filtered_1	3.0	32.0	158.0	439.0	949.0	1518.0	2293.0	3412.0	5112.0	7343.0	10300.0	13739.0	19559.0	27144.0	40214.0	62238.0	104858.0	181275.0	450968.0	2767490.0	1346002.0
	19.0	20.0	21.0	22.0	23.0	24.0	25.0	26.0	27.0	28.0	29.0	30.0	31.0	32.0	33.0	34.0	35.0	36.0	37.0	38.0	39.0	40.0
PD_169P_filtered_2	1.0	24.0	136.0	366.0	749.0	1264.0	1801.0	2434.0	3223.0	4292.0	5705.0	7901.0	10471.0	14837.0	20293.0	30224.0	47535.0	83769.0	155722.0	451737.0	2849738.0	1352824.0
	21.0	22.0	23.0	24.0	25.0	26.0	27.0	28.0	29.0	30.0	31.0	32.0	33.0	34.0	35.0	36.0	37.0	38.0	39.0	40.0
PD_16P_filtered_1	43.0	184.0	371.0	802.0	1343.0	1963.0	2767.0	4231.0	5698.0	8298.0	11039.0	15436.0	21636.0	31356.0	48067.0	80293.0	134943.0	325283.0	1991567.0	1098693.0
	19.0	20.0	21.0	22.0	23.0	24.0	25.0	26.0	27.0	28.0	29.0	30.0	31.0	32.0	33.0	34.0	35.0	36.0	37.0	38.0	39.0	40.0
PD_16P_filtered_2	1.0	10.0	88.0	264.0	493.0	770.0	996.0	1474.0	1907.0	2631.0	3452.0	4732.0	6246.0	8921.0	12439.0	18694.0	30370.0	53968.0	101187.0	290513.0	2027016.0	1217841.0
	20.0	21.0	22.0	23.0	24.0	25.0	26.0	27.0	28.0	29.0	30.0	31.0	32.0	33.0	34.0	35.0	36.0	37.0	38.0	39.0	40.0
PD_170S_filtered_1	6.0	43.0	171.0	488.0	952.0	1595.0	2342.0	3305.0	4872.0	6975.0	9697.0	12897.0	17815.0	24185.0	35545.0	54229.0	90202.0	154086.0	374695.0	2251938.0	1137007.0
	19.0	20.0	21.0	22.0	23.0	24.0	25.0	26.0	27.0	28.0	29.0	30.0	31.0	32.0	33.0	34.0	35.0	36.0	37.0	38.0	39.0	40.0
PD_170S_filtered_2	1.0	23.0	150.0	467.0	887.0	1388.0	1896.0	2556.0	3305.0	4409.0	6000.0	8004.0	10308.0	14496.0	19480.0	29163.0	44743.0	77286.0	142733.0	398396.0	2336843.0	1080511.0
	20.0	21.0	22.0	23.0	24.0	25.0	26.0	27.0	28.0	29.0	30.0	31.0	32.0	33.0	34.0	35.0	36.0	37.0	38.0	39.0	40.0
PD_171P_filtered_1	6.0	33.0	188.0	424.0	912.0	1503.0	2326.0	3242.0	4712.0	6535.0	9254.0	12543.0	17419.0	23768.0	35413.0	54658.0	93958.0	165320.0	419677.0	2871913.0	1437632.0
	19.0	20.0	21.0	22.0	23.0	24.0	25.0	26.0	27.0	28.0	29.0	30.0	31.0	32.0	33.0	34.0	35.0	36.0	37.0	38.0	39.0	40.0
PD_171P_filtered_2	2.0	17.0	147.0	430.0	775.0	1208.0	1538.0	2080.0	2813.0	3575.0	4805.0	6512.0	8537.0	11893.0	16313.0	24649.0	39498.0	71292.0	137877.0	418441.0	3031816.0	1377218.0
	20.0	21.0	22.0	23.0	24.0	25.0	26.0	27.0	28.0	29.0	30.0	31.0	32.0	33.0	34.0	35.0	36.0	37.0	38.0	39.0	40.0
PD_172S_filtered_1	3.0	17.0	97.0	273.0	541.0	973.0	1336.0	1827.0	2834.0	3944.0	5445.0	7482.0	10621.0	14609.0	21440.0	33451.0	58055.0	102553.0	262129.0	1741375.0	805304.0
	20.0	21.0	22.0	23.0	24.0	25.0	26.0	27.0	28.0	29.0	30.0	31.0	32.0	33.0	34.0	35.0	36.0	37.0	38.0	39.0	40.0
PD_172S_filtered_2	15.0	76.0	244.0	441.0	705.0	1015.0	1310.0	1613.0	2285.0	3032.0	4117.0	5400.0	7708.0	10545.0	15730.0	24888.0	44479.0	85884.0	259416.0	1802102.0	803304.0
	20.0	21.0	22.0	23.0	24.0	25.0	26.0	27.0	28.0	29.0	30.0	31.0	32.0	33.0	34.0	35.0	36.0	37.0	38.0	39.0	40.0
PD_173P_filtered_1	3.0	38.0	220.0	596.0	1039.0	1735.0	2695.0	3773.0	5309.0	7592.0	10641.0	13774.0	19470.0	26450.0	38813.0	59136.0	98824.0	168625.0	409860.0	2507201.0	1154439.0
	20.0	21.0	22.0	23.0	24.0	25.0	26.0	27.0	28.0	29.0	30.0	31.0	32.0	33.0	34.0	35.0	36.0	37.0	38.0	39.0	40.0
PD_173P_filtered_2	18.0	153.0	432.0	891.0	1384.0	1799.0	2414.0	3203.0	4164.0	5652.0	7684.0	10142.0	14054.0	19359.0	28855.0	45441.0	79706.0	148781.0	422620.0	2587158.0	1146323.0
	20.0	21.0	22.0	23.0	24.0	25.0	26.0	27.0	28.0	29.0	30.0	31.0	32.0	33.0	34.0	35.0	36.0	37.0	38.0	39.0	40.0
PD_174S_filtered_1	4.0	39.0	159.0	397.0	916.0	1404.0	2162.0	2960.0	4342.0	6179.0	8277.0	11176.0	15754.0	21562.0	31837.0	49705.0	85908.0	154751.0	406456.0	2571454.0	1075630.0
	19.0	20.0	21.0	22.0	23.0	24.0	25.0	26.0	27.0	28.0	29.0	30.0	31.0	32.0	33.0	34.0	35.0	36.0	37.0	38.0	39.0	40.0
PD_174S_filtered_2	1.0	32.0	173.0	547.0	1052.0	1738.0	2330.0	3017.0	3813.0	5241.0	6942.0	9209.0	12246.0	16657.0	22795.0	33017.0	49824.0	87189.0	164697.0	463866.0	2602791.0	963895.0
	20.0	21.0	22.0	23.0	24.0	25.0	26.0	27.0	28.0	29.0	30.0	31.0	32.0	33.0	34.0	35.0	36.0	37.0	38.0	39.0	40.0
PD_175P_filtered_1	5.0	45.0	195.0	556.0	1035.0	1592.0	2447.0	3398.0	5108.0	7180.0	9751.0	12884.0	17218.0	22912.0	33910.0	50137.0	82310.0	136832.0	324389.0	1880413.0	941244.0
	20.0	21.0	22.0	23.0	24.0	25.0	26.0	27.0	28.0	29.0	30.0	31.0	32.0	33.0	34.0	35.0	36.0	37.0	38.0	39.0	40.0
PD_175P_filtered_2	12.0	125.0	411.0	854.0	1280.0	1714.0	2406.0	2933.0	4265.0	5568.0	7476.0	9874.0	13643.0	18534.0	26697.0	41518.0	70785.0	127666.0	339908.0	1928668.0	929224.0
	20.0	21.0	22.0	23.0	24.0	25.0	26.0	27.0	28.0	29.0	30.0	31.0	32.0	33.0	34.0	35.0	36.0	37.0	38.0	39.0	40.0
PD_176S_filtered_1	2.0	31.0	143.0	372.0	788.0	1284.0	1963.0	2619.0	3922.0	5366.0	7695.0	10052.0	14509.0	19994.0	29444.0	46801.0	82731.0	150076.0	397922.0	2737315.0	1289584.0
	19.0	20.0	21.0	22.0	23.0	24.0	25.0	26.0	27.0	28.0	29.0	30.0	31.0	32.0	33.0	34.0	35.0	36.0	37.0	38.0	39.0	40.0
PD_176S_filtered_2	1.0	18.0	106.0	376.0	716.0	1099.0	1466.0	1955.0	2590.0	3479.0	4745.0	6372.0	8392.0	11729.0	16305.0	24280.0	38692.0	69319.0	136573.0	421948.0	2827820.0	1224632.0
	19.0	20.0	21.0	22.0	23.0	24.0	25.0	26.0	27.0	28.0	29.0	30.0	31.0	32.0	33.0	34.0	35.0	36.0	37.0	38.0	39.0	40.0
PD_177P_filtered_1	1.0	2.0	18.0	98.0	253.0	516.0	897.0	1348.0	1799.0	2695.0	3868.0	5531.0	7450.0	10605.0	14822.0	22466.0	35511.0	62032.0	112558.0	296643.0	2022160.0	920501.0
	19.0	20.0	21.0	22.0	23.0	24.0	25.0	26.0	27.0	28.0	29.0	30.0	31.0	32.0	33.0	34.0	35.0	36.0	37.0	38.0	39.0	40.0
PD_177P_filtered_2	1.0	14.0	69.0	256.0	455.0	760.0	1002.0	1356.0	1668.0	2361.0	3088.0	4111.0	5491.0	8035.0	10927.0	16739.0	26831.0	48743.0	96625.0	304192.0	2099421.0	889629.0
	20.0	21.0	22.0	23.0	24.0	25.0	26.0	27.0	28.0	29.0	30.0	31.0	32.0	33.0	34.0	35.0	36.0	37.0	38.0	39.0	40.0
PD_178S_filtered_1	5.0	63.0	307.0	779.0	1496.0	2366.0	3596.0	5004.0	7485.0	10302.0	14260.0	18839.0	25822.0	34699.0	50105.0	75276.0	125162.0	211154.0	512784.0	3112888.0	1424148.0
	19.0	20.0	21.0	22.0	23.0	24.0	25.0	26.0	27.0	28.0	29.0	30.0	31.0	32.0	33.0	34.0	35.0	36.0	37.0	38.0	39.0	40.0
PD_178S_filtered_2	5.0	40.0	243.0	735.0	1393.0	2124.0	2968.0	3886.0	4878.0	6727.0	9011.0	11811.0	15096.0	20850.0	28282.0	40778.0	63082.0	108311.0	196995.0	546192.0	3245785.0	1327348.0
	19.0	20.0	21.0	22.0	23.0	24.0	25.0	26.0	27.0	28.0	29.0	30.0	31.0	32.0	33.0	34.0	35.0	36.0	37.0	38.0	39.0	40.0
PD_179P_filtered_1	1.0	1.0	54.0	218.0	527.0	1065.0	1776.0	2622.0	3666.0	5563.0	7521.0	10621.0	13997.0	19286.0	26494.0	39435.0	59874.0	103043.0	180958.0	458075.0	2948418.0	1275750.0
	19.0	20.0	21.0	22.0	23.0	24.0	25.0	26.0	27.0	28.0	29.0	30.0	31.0	32.0	33.0	34.0	35.0	36.0	37.0	38.0	39.0	40.0
PD_179P_filtered_2	1.0	30.0	188.0	557.0	1012.0	1608.0	2096.0	2807.0	3485.0	4863.0	6328.0	8594.0	11214.0	15366.0	21167.0	31552.0	49191.0	86753.0	165233.0	479006.0	3004290.0	1263624.0
	19.0	20.0	21.0	22.0	23.0	24.0	25.0	26.0	27.0	28.0	29.0	30.0	31.0	32.0	33.0	34.0	35.0	36.0	37.0	38.0	39.0	40.0
PD_180S_filtered_1	1.0	9.0	40.0	183.0	462.0	962.0	1590.0	2392.0	3299.0	4801.0	6751.0	9488.0	12382.0	17653.0	23513.0	33998.0	53284.0	90534.0	158574.0	398931.0	2466146.0	1128366.0
	19.0	20.0	21.0	22.0	23.0	24.0	25.0	26.0	27.0	28.0	29.0	30.0	31.0	32.0	33.0	34.0	35.0	36.0	37.0	38.0	39.0	40.0
PD_180S_filtered_2	3.0	21.0	160.0	494.0	892.0	1458.0	1978.0	2625.0	3366.0	4665.0	6127.0	8151.0	10928.0	15093.0	20806.0	30562.0	47325.0	82564.0	154216.0	435238.0	2526326.0	1060361.0
	20.0	21.0	22.0	23.0	24.0	25.0	26.0	27.0	28.0	29.0	30.0	31.0	32.0	33.0	34.0	35.0	36.0	37.0	38.0	39.0	40.0
PD_181P_filtered_1	4.0	32.0	158.0	422.0	908.0	1503.0	2213.0	3060.0	4615.0	6458.0	9187.0	12209.0	17259.0	23821.0	35115.0	54293.0	92817.0	161318.0	400061.0	2536971.0	1313012.0
	19.0	20.0	21.0	22.0	23.0	24.0	25.0	26.0	27.0	28.0	29.0	30.0	31.0	32.0	33.0	34.0	35.0	36.0	37.0	38.0	39.0	40.0
PD_181P_filtered_2	4.0	28.0	164.0	477.0	808.0	1222.0	1780.0	2299.0	2988.0	3857.0	5141.0	6815.0	8837.0	12457.0	17509.0	26209.0	41004.0	72775.0	138823.0	406920.0	2643439.0	1281880.0
	20.0	21.0	22.0	23.0	24.0	25.0	26.0	27.0	28.0	29.0	30.0	31.0	32.0	33.0	34.0	35.0	36.0	37.0	38.0	39.0	40.0
PD_182S_filtered_1	1.0	0.0	3.0	7.0	19.0	13.0	28.0	51.0	56.0	78.0	110.0	163.0	207.0	283.0	393.0	645.0	1089.0	1964.0	5198.0	31248.0	13116.0
	21.0	22.0	23.0	24.0	25.0	26.0	27.0	28.0	29.0	30.0	31.0	32.0	33.0	34.0	35.0	36.0	37.0	38.0	39.0	40.0
PD_182S_filtered_2	2.0	20.0	25.0	36.0	58.0	59.0	59.0	99.0	98.0	136.0	159.0	218.0	244.0	369.0	556.0	950.0	1776.0	4987.0	32190.0	12631.0
	20.0	21.0	22.0	23.0	24.0	25.0	26.0	27.0	28.0	29.0	30.0	31.0	32.0	33.0	34.0	35.0	36.0	37.0	38.0	39.0	40.0
PD_183P_filtered_1	9.0	95.0	390.0	942.0	1973.0	2988.0	4438.0	6174.0	8921.0	12339.0	16891.0	22465.0	30583.0	40853.0	58583.0	88080.0	146734.0	248819.0	602654.0	3625593.0	1593745.0
	19.0	20.0	21.0	22.0	23.0	24.0	25.0	26.0	27.0	28.0	29.0	30.0	31.0	32.0	33.0	34.0	35.0	36.0	37.0	38.0	39.0	40.0
PD_183P_filtered_2	4.0	41.0	242.0	739.0	1408.0	2228.0	3106.0	4011.0	5129.0	7021.0	9435.0	12601.0	16339.0	22797.0	31164.0	45656.0	71474.0	123754.0	226738.0	634304.0	3742549.0	1552529.0
	20.0	21.0	22.0	23.0	24.0	25.0	26.0	27.0	28.0	29.0	30.0	31.0	32.0	33.0	34.0	35.0	36.0	37.0	38.0	39.0	40.0
PD_184S_filtered_1	8.0	95.0	430.0	1081.0	2094.0	3182.0	4729.0	6777.0	9309.0	12951.0	17536.0	23237.0	31682.0	42257.0	60608.0	91306.0	152226.0	258436.0	629928.0	3953775.0	1860969.0
	18.0	19.0	20.0	21.0	22.0	23.0	24.0	25.0	26.0	27.0	28.0	29.0	30.0	31.0	32.0	33.0	34.0	35.0	36.0	37.0	38.0	39.0	40.0
PD_184S_filtered_2	1.0	5.0	32.0	247.0	712.0	1378.0	2120.0	2967.0	3811.0	4935.0	6846.0	8926.0	12126.0	15864.0	21862.0	29873.0	44335.0	69636.0	122962.0	229687.0	652214.0	4108917.0	1823160.0
	20.0	21.0	22.0	23.0	24.0	25.0	26.0	27.0	28.0	29.0	30.0	31.0	32.0	33.0	34.0	35.0	36.0	37.0	38.0	39.0	40.0
PD_188S_filtered_1	1.0	17.0	117.0	310.0	582.0	939.0	1445.0	1981.0	3073.0	4281.0	6061.0	8363.0	11417.0	16369.0	24295.0	37944.0	66565.0	117857.0	306935.0	2047064.0	1050232.0
	19.0	20.0	21.0	22.0	23.0	24.0	25.0	26.0	27.0	28.0	29.0	30.0	31.0	32.0	33.0	34.0	35.0	36.0	37.0	38.0	39.0	40.0
PD_188S_filtered_2	1.0	16.0	104.0	266.0	531.0	772.0	1117.0	1436.0	1973.0	2537.0	3361.0	4629.0	6173.0	8778.0	12054.0	17874.0	28876.0	51424.0	100445.0	300891.0	2081661.0	1080929.0
	20.0	21.0	22.0	23.0	24.0	25.0	26.0	27.0	28.0	29.0	30.0	31.0	32.0	33.0	34.0	35.0	36.0	37.0	38.0	39.0	40.0
PD_189P_filtered_1	2.0	34.0	165.0	499.0	876.0	1528.0	2197.0	3186.0	4813.0	6565.0	9514.0	12562.0	17522.0	23839.0	35262.0	53587.0	90050.0	153548.0	381184.0	2361390.0	1166135.0
	19.0	20.0	21.0	22.0	23.0	24.0	25.0	26.0	27.0	28.0	29.0	30.0	31.0	32.0	33.0	34.0	35.0	36.0	37.0	38.0	39.0	40.0
PD_189P_filtered_2	3.0	41.0	139.0	410.0	761.0	1247.0	1741.0	2295.0	2769.0	3916.0	5031.0	6955.0	9035.0	12668.0	17088.0	25840.0	40384.0	71747.0	133749.0	391073.0	2493209.0	1104357.0
	20.0	21.0	22.0	23.0	24.0	25.0	26.0	27.0	28.0	29.0	30.0	31.0	32.0	33.0	34.0	35.0	36.0	37.0	38.0	39.0	40.0
PD_190S_filtered_1	3.0	25.0	178.0	409.0	875.0	1467.0	2173.0	2957.0	4367.0	6115.0	8423.0	11291.0	15491.0	21744.0	31892.0	48935.0	83500.0	147716.0	375537.0	2436098.0	1148538.0
	19.0	20.0	21.0	22.0	23.0	24.0	25.0	26.0	27.0	28.0	29.0	30.0	31.0	32.0	33.0	34.0	35.0	36.0	37.0	38.0	39.0	40.0
PD_190S_filtered_2	1.0	16.0	136.0	465.0	918.0	1404.0	1892.0	2482.0	3313.0	4363.0	5673.0	7743.0	9930.0	14031.0	19070.0	27914.0	43434.0	75672.0	143145.0	415741.0	2532308.0	1038083.0
	21.0	22.0	23.0	24.0	25.0	26.0	27.0	28.0	29.0	30.0	31.0	32.0	33.0	34.0	35.0	36.0	37.0	38.0	39.0	40.0
PD_191P_filtered_1	2.0	6.0	9.0	14.0	29.0	23.0	38.0	44.0	56.0	85.0	103.0	144.0	163.0	264.0	396.0	747.0	1259.0	3195.0	20604.0	8358.0
	20.0	21.0	22.0	23.0	24.0	25.0	26.0	27.0	28.0	29.0	30.0	31.0	32.0	33.0	34.0	35.0	36.0	37.0	38.0	39.0	40.0
PD_191P_filtered_2	1.0	4.0	11.0	19.0	38.0	32.0	32.0	51.0	56.0	67.0	82.0	119.0	135.0	177.0	234.0	384.0	637.0	1137.0	3358.0	21138.0	7827.0
	24.0	25.0	26.0	27.0	28.0	29.0	30.0	31.0	32.0	33.0	34.0	35.0	36.0	37.0	38.0	39.0	40.0
PD_192S_filtered_1	1.0	1.0	2.0	1.0	2.0	4.0	3.0	1.0	12.0	5.0	13.0	17.0	36.0	57.0	158.0	964.0	477.0
	22.0	23.0	24.0	25.0	26.0	27.0	28.0	29.0	30.0	31.0	32.0	33.0	34.0	35.0	36.0	37.0	38.0	39.0	40.0
PD_192S_filtered_2	1.0	1.0	0.0	1.0	1.0	1.0	1.0	3.0	5.0	3.0	6.0	9.0	7.0	14.0	27.0	38.0	160.0	969.0	507.0
	20.0	21.0	22.0	23.0	24.0	25.0	26.0	27.0	28.0	29.0	30.0	31.0	32.0	33.0	34.0	35.0	36.0	37.0	38.0	39.0	40.0
PD_193P_filtered_1	4.0	39.0	207.0	487.0	1046.0	1592.0	2537.0	3648.0	5199.0	7259.0	10363.0	13714.0	18949.0	25675.0	37712.0	58144.0	96665.0	167105.0	415138.0	2624290.0	1318864.0
	19.0	20.0	21.0	22.0	23.0	24.0	25.0	26.0	27.0	28.0	29.0	30.0	31.0	32.0	33.0	34.0	35.0	36.0	37.0	38.0	39.0	40.0
PD_193P_filtered_2	1.0	34.0	168.0	455.0	927.0	1389.0	1955.0	2546.0	3396.0	4641.0	6035.0	7846.0	10404.0	14574.0	19920.0	29513.0	46010.0	80842.0	152211.0	437366.0	2756313.0	1232091.0
	20.0	21.0	22.0	23.0	24.0	25.0	26.0	27.0	28.0	29.0	30.0	31.0	32.0	33.0	34.0	35.0	36.0	37.0	38.0	39.0	40.0
PD_194S_filtered_1	1.0	12.0	73.0	219.0	452.0	697.0	1100.0	1634.0	2334.0	3318.0	4725.0	6522.0	9258.0	13208.0	20041.0	31890.0	56631.0	104088.0	280777.0	1969856.0	990193.0
	19.0	20.0	21.0	22.0	23.0	24.0	25.0	26.0	27.0	28.0	29.0	30.0	31.0	32.0	33.0	34.0	35.0	36.0	37.0	38.0	39.0	40.0
PD_194S_filtered_2	2.0	14.0	95.0	267.0	445.0	698.0	1006.0	1305.0	1654.0	2276.0	2984.0	4056.0	5195.0	7491.0	10351.0	15403.0	24708.0	44353.0	88246.0	280466.0	2032017.0	973997.0
	20.0	21.0	22.0	23.0	24.0	25.0	26.0	27.0	28.0	29.0	30.0	31.0	32.0	33.0	34.0	35.0	36.0	37.0	38.0	39.0	40.0
PD_195_filtered_1	4.0	41.0	191.0	530.0	1104.0	1734.0	2567.0	3734.0	5441.0	7655.0	10856.0	14457.0	20443.0	28193.0	41933.0	64423.0	109363.0	190382.0	476327.0	2959037.0	1329683.0
	19.0	20.0	21.0	22.0	23.0	24.0	25.0	26.0	27.0	28.0	29.0	30.0	31.0	32.0	33.0	34.0	35.0	36.0	37.0	38.0	39.0	40.0
PD_195_filtered_2	4.0	38.0	135.0	353.0	780.0	1186.0	1601.0	2102.0	2798.0	3830.0	4935.0	6728.0	9069.0	12839.0	17924.0	27404.0	43950.0	79328.0	151779.0	449169.0	3036287.0	1415859.0
	19.0	20.0	21.0	22.0	23.0	24.0	25.0	26.0	27.0	28.0	29.0	30.0	31.0	32.0	33.0	34.0	35.0	36.0	37.0	38.0	39.0	40.0
PD_196_filtered_1	1.0	4.0	63.0	289.0	776.0	1549.0	2390.0	3609.0	5104.0	7393.0	10445.0	14314.0	18642.0	25766.0	34814.0	50398.0	76811.0	129106.0	223505.0	553290.0	3414873.0	1591423.0
	20.0	21.0	22.0	23.0	24.0	25.0	26.0	27.0	28.0	29.0	30.0	31.0	32.0	33.0	34.0	35.0	36.0	37.0	38.0	39.0	40.0
PD_196_filtered_2	44.0	213.0	673.0	1257.0	2029.0	2776.0	3653.0	4798.0	6500.0	8506.0	11347.0	14877.0	20673.0	28337.0	41773.0	64882.0	112307.0	209384.0	590436.0	3557606.0	1482494.0
	20.0	21.0	22.0	23.0	24.0	25.0	26.0	27.0	28.0	29.0	30.0	31.0	32.0	33.0	34.0	35.0	36.0	37.0	38.0	39.0	40.0
PD_197_filtered_1	7.0	40.0	215.0	595.0	1225.0	1954.0	2971.0	4172.0	6337.0	8459.0	12175.0	15826.0	21993.0	30046.0	44138.0	67245.0	113435.0	196790.0	487107.0	2866248.0	1259279.0
	19.0	20.0	21.0	22.0	23.0	24.0	25.0	26.0	27.0	28.0	29.0	30.0	31.0	32.0	33.0	34.0	35.0	36.0	37.0	38.0	39.0	40.0
PD_197_filtered_2	3.0	34.0	215.0	638.0	1220.0	1877.0	2577.0	3288.0	4311.0	5809.0	7899.0	10316.0	13547.0	18881.0	25729.0	37901.0	58526.0	101040.0	187111.0	519325.0	2910416.0	1229594.0
	19.0	20.0	21.0	22.0	23.0	24.0	25.0	26.0	27.0	28.0	29.0	30.0	31.0	32.0	33.0	34.0	35.0	36.0	37.0	38.0	39.0	40.0
PD_198_filtered_1	1.0	3.0	36.0	214.0	604.0	1127.0	1743.0	2596.0	3588.0	5341.0	7148.0	9905.0	12867.0	17163.0	22886.0	32514.0	49159.0	81369.0	138189.0	338291.0	2125734.0	919501.0
	19.0	20.0	21.0	22.0	23.0	24.0	25.0	26.0	27.0	28.0	29.0	30.0	31.0	32.0	33.0	34.0	35.0	36.0	37.0	38.0	39.0	40.0
PD_198_filtered_2	3.0	42.0	193.0	554.0	959.0	1465.0	1941.0	2538.0	3258.0	4286.0	5554.0	7414.0	9891.0	13466.0	18165.0	27106.0	41741.0	71662.0	132022.0	373306.0	2235126.0	819287.0
	39.0
PD_199P_filtered_1	1.0
	9.0
PD_199P_filtered_2	1.0
	20.0	21.0	22.0	23.0	24.0	25.0	26.0	27.0	28.0	29.0	30.0	31.0	32.0	33.0	34.0	35.0	36.0	37.0	38.0	39.0	40.0
PD_1P_filtered_1	1.0	18.0	127.0	286.0	595.0	1003.0	1599.0	2329.0	3533.0	4976.0	7243.0	9245.0	13616.0	18745.0	28064.0	43616.0	74422.0	128822.0	315187.0	1937325.0	1028062.0
	19.0	20.0	21.0	22.0	23.0	24.0	25.0	26.0	27.0	28.0	29.0	30.0	31.0	32.0	33.0	34.0	35.0	36.0	37.0	38.0	39.0	40.0
PD_1P_filtered_2	1.0	14.0	86.0	251.0	477.0	814.0	1123.0	1527.0	1979.0	2639.0	3638.0	5008.0	6630.0	9337.0	13162.0	19889.0	31521.0	55206.0	105242.0	304465.0	1996431.0	1059374.0
	20.0	21.0	22.0	23.0	24.0	25.0	26.0	27.0	28.0	29.0	30.0	31.0	32.0	33.0	34.0	35.0	36.0	37.0	38.0	39.0	40.0
PD_200S_filtered_1	2.0	54.0	215.0	534.0	1123.0	1770.0	2701.0	3701.0	5385.0	7566.0	10339.0	13760.0	19122.0	25978.0	37652.0	57301.0	96936.0	165155.0	411198.0	2606481.0	1293207.0
	20.0	21.0	22.0	23.0	24.0	25.0	26.0	27.0	28.0	29.0	30.0	31.0	32.0	33.0	34.0	35.0	36.0	37.0	38.0	39.0	40.0
PD_200S_filtered_2	32.0	203.0	520.0	1039.0	1493.0	2251.0	2829.0	3622.0	4831.0	6481.0	8620.0	11334.0	15682.0	21478.0	31760.0	49094.0	85076.0	158859.0	453184.0	2739999.0	1161793.0
	20.0	21.0	22.0	23.0	24.0	25.0	26.0	27.0	28.0	29.0	30.0	31.0	32.0	33.0	34.0	35.0	36.0	37.0	38.0	39.0	40.0
PD_203_filtered_1	3.0	27.0	132.0	358.0	732.0	1199.0	1773.0	2550.0	3803.0	5443.0	7779.0	10173.0	14329.0	20207.0	30218.0	46563.0	81024.0	145541.0	383202.0	2434876.0	957731.0
	19.0	20.0	21.0	22.0	23.0	24.0	25.0	26.0	27.0	28.0	29.0	30.0	31.0	32.0	33.0	34.0	35.0	36.0	37.0	38.0	39.0	40.0
PD_203_filtered_2	6.0	19.0	111.0	281.0	574.0	843.0	1188.0	1610.0	2094.0	2828.0	3772.0	5073.0	6711.0	9603.0	13456.0	20358.0	32739.0	59754.0	117525.0	357560.0	2423448.0	1088110.0
	20.0	21.0	22.0	23.0	24.0	25.0	26.0	27.0	28.0	29.0	30.0	31.0	32.0	33.0	34.0	35.0	36.0	37.0	38.0	39.0	40.0
PD_204_filtered_1	1.0	28.0	120.0	378.0	714.0	1160.0	1764.0	2691.0	3897.0	5404.0	7765.0	10571.0	14976.0	20636.0	30357.0	47829.0	81425.0	144105.0	371877.0	2298910.0	935813.0
	19.0	20.0	21.0	22.0	23.0	24.0	25.0	26.0	27.0	28.0	29.0	30.0	31.0	32.0	33.0	34.0	35.0	36.0	37.0	38.0	39.0	40.0
PD_204_filtered_2	2.0	22.0	104.0	350.0	691.0	1052.0	1550.0	1936.0	2492.0	3357.0	4602.0	5943.0	7969.0	11136.0	15505.0	23102.0	36127.0	63761.0	121963.0	358455.0	2261894.0	1058408.0
	20.0	21.0	22.0	23.0	24.0	25.0	26.0	27.0	28.0	29.0	30.0	31.0	32.0	33.0	34.0	35.0	36.0	37.0	38.0	39.0	40.0
PD_205P_filtered_1	2.0	8.0	51.0	171.0	417.0	632.0	1004.0	1351.0	2014.0	2878.0	3960.0	5506.0	7712.0	10875.0	16626.0	26985.0	48646.0	92725.0	255292.0	1858608.0	831019.0
	19.0	20.0	21.0	22.0	23.0	24.0	25.0	26.0	27.0	28.0	29.0	30.0	31.0	32.0	33.0	34.0	35.0	36.0	37.0	38.0	39.0	40.0
PD_205P_filtered_2	1.0	25.0	134.0	333.0	593.0	805.0	1008.0	1228.0	1575.0	2020.0	2620.0	3629.0	4594.0	6768.0	9181.0	13793.0	22364.0	40500.0	82752.0	266049.0	1922863.0	783647.0
	19.0	20.0	21.0	22.0	23.0	24.0	25.0	26.0	27.0	28.0	29.0	30.0	31.0	32.0	33.0	34.0	35.0	36.0	37.0	38.0	39.0	40.0
PD_206S_filtered_1	1.0	9.0	60.0	264.0	711.0	1361.0	2177.0	3347.0	4612.0	6551.0	9233.0	12692.0	16976.0	23279.0	31650.0	46170.0	69849.0	118649.0	203209.0	507626.0	3059640.0	1379869.0
	18.0	19.0	20.0	21.0	22.0	23.0	24.0	25.0	26.0	27.0	28.0	29.0	30.0	31.0	32.0	33.0	34.0	35.0	36.0	37.0	38.0	39.0	40.0
PD_206S_filtered_2	1.0	2.0	29.0	185.0	627.0	1183.0	1944.0	2564.0	3459.0	4311.0	5929.0	7862.0	10437.0	13636.0	19113.0	26354.0	38633.0	60128.0	104418.0	193208.0	540959.0	3108001.0	1354952.0
	20.0	21.0	22.0	23.0	24.0	25.0	26.0	27.0	28.0	29.0	30.0	31.0	32.0	33.0	34.0	35.0	36.0	37.0	38.0	39.0	40.0
PD_207P_filtered_1	4.0	58.0	258.0	677.0	1309.0	2100.0	3256.0	4530.0	6608.0	9069.0	12401.0	16485.0	22869.0	30424.0	44049.0	66316.0	108433.0	182424.0	437949.0	2640639.0	1306055.0
	20.0	21.0	22.0	23.0	24.0	25.0	26.0	27.0	28.0	29.0	30.0	31.0	32.0	33.0	34.0	35.0	36.0	37.0	38.0	39.0	40.0
PD_207P_filtered_2	44.0	206.0	635.0	1144.0	1679.0	2365.0	3150.0	3979.0	5326.0	7087.0	9550.0	12346.0	16884.0	23147.0	34393.0	53548.0	91858.0	166747.0	466378.0	2833633.0	1161814.0
	19.0	20.0	21.0	22.0	23.0	24.0	25.0	26.0	27.0	28.0	29.0	30.0	31.0	32.0	33.0	34.0	35.0	36.0	37.0	38.0	39.0	40.0
PD_208S_filtered_1	1.0	1.0	21.0	132.0	337.0	645.0	1085.0	1572.0	2255.0	3273.0	4743.0	6686.0	8747.0	12584.0	17414.0	25863.0	40593.0	70176.0	125709.0	330460.0	2206043.0	1011206.0
	20.0	21.0	22.0	23.0	24.0	25.0	26.0	27.0	28.0	29.0	30.0	31.0	32.0	33.0	34.0	35.0	36.0	37.0	38.0	39.0	40.0
PD_208S_filtered_2	16.0	100.0	299.0	601.0	951.0	1239.0	1708.0	2176.0	2911.0	3953.0	5293.0	6993.0	9798.0	13585.0	20642.0	32257.0	58502.0	113407.0	343170.0	2263015.0	988930.0
	20.0	21.0	22.0	23.0	24.0	25.0	26.0	27.0	28.0	29.0	30.0	31.0	32.0	33.0	34.0	35.0	36.0	37.0	38.0	39.0	40.0
PD_209P_filtered_1	4.0	29.0	183.0	505.0	1041.0	1667.0	2450.0	3556.0	5167.0	7135.0	10177.0	13597.0	18456.0	25460.0	37547.0	57824.0	97519.0	170262.0	428261.0	2805153.0	1358090.0
	19.0	20.0	21.0	22.0	23.0	24.0	25.0	26.0	27.0	28.0	29.0	30.0	31.0	32.0	33.0	34.0	35.0	36.0	37.0	38.0	39.0	40.0
PD_209P_filtered_2	3.0	25.0	162.0	504.0	878.0	1365.0	1811.0	2506.0	3061.0	4207.0	5508.0	7424.0	9903.0	13490.0	18749.0	27785.0	43495.0	77530.0	148027.0	432075.0	2906724.0	1338851.0
	19.0	20.0	21.0	22.0	23.0	24.0	25.0	26.0	27.0	28.0	29.0	30.0	31.0	32.0	33.0	34.0	35.0	36.0	37.0	38.0	39.0	40.0
PD_210S_filtered_1	1.0	3.0	44.0	162.0	440.0	907.0	1460.0	2178.0	3122.0	4502.0	6379.0	8883.0	11950.0	16116.0	22166.0	32382.0	49923.0	84819.0	148540.0	374277.0	2404739.0	1142346.0
	18.0	19.0	20.0	21.0	22.0	23.0	24.0	25.0	26.0	27.0	28.0	29.0	30.0	31.0	32.0	33.0	34.0	35.0	36.0	37.0	38.0	39.0	40.0
PD_210S_filtered_2	1.0	0.0	35.0	177.0	518.0	969.0	1542.0	2050.0	2664.0	3487.0	4598.0	6181.0	8295.0	10874.0	14840.0	20339.0	29452.0	45801.0	79632.0	149236.0	421054.0	2487630.0	1025964.0
	22.0	23.0	24.0	25.0	26.0	27.0	28.0	29.0	30.0	31.0	32.0	33.0	34.0	35.0	36.0	37.0	38.0	39.0	40.0
PD_211P_filtered_1	1.0	4.0	6.0	17.0	26.0	32.0	46.0	72.0	86.0	91.0	140.0	175.0	304.0	408.0	769.0	1241.0	3431.0	21125.0	9272.0
	21.0	22.0	23.0	24.0	25.0	26.0	27.0	28.0	29.0	30.0	31.0	32.0	33.0	34.0	35.0	36.0	37.0	38.0	39.0	40.0
PD_211P_filtered_2	3.0	13.0	24.0	46.0	44.0	53.0	82.0	77.0	108.0	100.0	115.0	159.0	202.0	268.0	416.0	687.0	1239.0	3364.0	21610.0	8636.0
	23.0	24.0	25.0	26.0	27.0	28.0	29.0	30.0	31.0	32.0	33.0	34.0	35.0	36.0	37.0	38.0	39.0	40.0
PD_212S_filtered_1	5.0	5.0	8.0	7.0	15.0	16.0	26.0	34.0	44.0	58.0	67.0	123.0	225.0	366.0	563.0	1290.0	8375.0	3900.0
	22.0	23.0	24.0	25.0	26.0	27.0	28.0	29.0	30.0	31.0	32.0	33.0	34.0	35.0	36.0	37.0	38.0	39.0	40.0
PD_212S_filtered_2	3.0	7.0	10.0	15.0	16.0	20.0	27.0	19.0	32.0	35.0	70.0	65.0	119.0	190.0	251.0	509.0	1316.0	8783.0	3640.0
	20.0	21.0	22.0	23.0	24.0	25.0	26.0	27.0	28.0	29.0	30.0	31.0	32.0	33.0	34.0	35.0	36.0	37.0	38.0	39.0	40.0
PD_213S_filtered_1	4.0	67.0	314.0	814.0	1590.0	2491.0	3617.0	5177.0	7392.0	10261.0	14026.0	18378.0	25323.0	33459.0	48254.0	73216.0	121460.0	204711.0	499539.0	3053941.0	1414683.0
	18.0	19.0	20.0	21.0	22.0	23.0	24.0	25.0	26.0	27.0	28.0	29.0	30.0	31.0	32.0	33.0	34.0	35.0	36.0	37.0	38.0	39.0	40.0
PD_213S_filtered_2	1.0	2.0	34.0	194.0	603.0	1216.0	1931.0	2584.0	3530.0	4349.0	5988.0	7880.0	10538.0	13465.0	18628.0	25208.0	37466.0	57152.0	100096.0	184045.0	515017.0	3167737.0	1381053.0
	20.0	21.0	22.0	23.0	24.0	25.0	26.0	27.0	28.0	29.0	30.0	31.0	32.0	33.0	34.0	35.0	36.0	37.0	38.0	39.0	40.0
PD_214S_filtered_1	1.0	31.0	172.0	444.0	838.0	1421.0	2156.0	2980.0	4396.0	5907.0	8190.0	10969.0	15115.0	20546.0	30679.0	47288.0	82324.0	146367.0	380602.0	2500486.0	1096467.0
	18.0	19.0	20.0	21.0	22.0	23.0	24.0	25.0	26.0	27.0	28.0	29.0	30.0	31.0	32.0	33.0	34.0	35.0	36.0	37.0	38.0	39.0	40.0
PD_214S_filtered_2	1.0	1.0	17.0	121.0	398.0	749.0	1234.0	1667.0	2228.0	2699.0	3807.0	4986.0	6838.0	8762.0	12397.0	16806.0	25037.0	39098.0	69741.0	134999.0	403489.0	2562253.0	1060051.0
	20.0	21.0	22.0	23.0	24.0	25.0	26.0	27.0	28.0	29.0	30.0	31.0	32.0	33.0	34.0	35.0	36.0	37.0	38.0	39.0	40.0
PD_215S_filtered_1	2.0	52.0	227.0	611.0	1250.0	2105.0	3190.0	4576.0	6616.0	9351.0	13092.0	17068.0	23727.0	32420.0	47620.0	73655.0	126679.0	222408.0	568665.0	3589607.0	1613373.0
	18.0	19.0	20.0	21.0	22.0	23.0	24.0	25.0	26.0	27.0	28.0	29.0	30.0	31.0	32.0	33.0	34.0	35.0	36.0	37.0	38.0	39.0	40.0
PD_215S_filtered_2	1.0	9.0	58.0	257.0	737.0	1324.0	2081.0	2671.0	3596.0	4449.0	6153.0	8144.0	10737.0	14387.0	19659.0	27215.0	40418.0	62746.0	110091.0	209286.0	609136.0	3660479.0	1562660.0
	21.0	22.0	23.0	24.0	25.0	26.0	27.0	28.0	29.0	30.0	31.0	32.0	33.0	34.0	35.0	36.0	37.0	38.0	39.0	40.0
PD_216S_filtered_1	1.0	2.0	2.0	5.0	12.0	22.0	15.0	27.0	40.0	44.0	83.0	91.0	133.0	199.0	351.0	593.0	1016.0	2812.0	17875.0	6428.0
	22.0	23.0	24.0	25.0	26.0	27.0	28.0	29.0	30.0	31.0	32.0	33.0	34.0	35.0	36.0	37.0	38.0	39.0	40.0
PD_216S_filtered_2	6.0	9.0	19.0	18.0	31.0	17.0	37.0	48.0	57.0	58.0	81.0	103.0	170.0	235.0	426.0	836.0	2667.0	17565.0	7368.0
	21.0	22.0	23.0	24.0	25.0	26.0	27.0	28.0	29.0	30.0	31.0	32.0	33.0	34.0	35.0	36.0	37.0	38.0	39.0	40.0
PD_217P_filtered_1	1.0	2.0	10.0	16.0	24.0	46.0	51.0	66.0	95.0	116.0	182.0	216.0	294.0	467.0	707.0	1106.0	1980.0	4883.0	28897.0	13022.0
	21.0	22.0	23.0	24.0	25.0	26.0	27.0	28.0	29.0	30.0	31.0	32.0	33.0	34.0	35.0	36.0	37.0	38.0	39.0	40.0
PD_217P_filtered_2	5.0	12.0	38.0	57.0	47.0	75.0	72.0	92.0	102.0	145.0	170.0	239.0	296.0	411.0	605.0	989.0	1848.0	5240.0	30405.0	11333.0
	25.0	26.0	27.0	28.0	29.0	30.0	31.0	32.0	33.0	34.0	35.0	36.0	37.0	38.0	39.0	40.0
PD_218S_filtered_1	1.0	0.0	2.0	1.0	3.0	3.0	4.0	4.0	8.0	5.0	9.0	20.0	38.0	94.0	560.0	236.0
	27.0	28.0	29.0	30.0	31.0	32.0	33.0	34.0	35.0	36.0	37.0	38.0	39.0	40.0
PD_218S_filtered_2	1.0	0.0	2.0	0.0	1.0	5.0	4.0	5.0	10.0	13.0	34.0	88.0	592.0	233.0
	20.0	21.0	22.0	23.0	24.0	25.0	26.0	27.0	28.0	29.0	30.0	31.0	32.0	33.0	34.0	35.0	36.0	37.0	38.0	39.0	40.0
PD_221P_filtered_1	3.0	33.0	165.0	432.0	795.0	1315.0	2032.0	2764.0	4125.0	5829.0	8173.0	10946.0	15480.0	21543.0	31700.0	49586.0	85258.0	152978.0	391356.0	2597086.0	1214990.0
	18.0	19.0	20.0	21.0	22.0	23.0	24.0	25.0	26.0	27.0	28.0	29.0	30.0	31.0	32.0	33.0	34.0	35.0	36.0	37.0	38.0	39.0	40.0
PD_221P_filtered_2	1.0	0.0	29.0	129.0	415.0	745.0	1198.0	1710.0	2163.0	2785.0	3728.0	5091.0	6620.0	8635.0	12276.0	17271.0	25455.0	39788.0	71004.0	136374.0	409762.0	2699062.0	1152348.0
	20.0	21.0	22.0	23.0	24.0	25.0	26.0	27.0	28.0	29.0	30.0	31.0	32.0	33.0	34.0	35.0	36.0	37.0	38.0	39.0	40.0
PD_222S_filtered_1	1.0	20.0	118.0	318.0	652.0	1081.0	1626.0	2331.0	3480.0	4948.0	7030.0	9492.0	13349.0	18933.0	28728.0	45411.0	80473.0	144936.0	378865.0	2452554.0	1185928.0
	20.0	21.0	22.0	23.0	24.0	25.0	26.0	27.0	28.0	29.0	30.0	31.0	32.0	33.0	34.0	35.0	36.0	37.0	38.0	39.0	40.0
PD_222S_filtered_2	23.0	114.0	353.0	728.0	1169.0	1612.0	2108.0	2710.0	3545.0	4601.0	6458.0	8497.0	11999.0	16454.0	24270.0	38202.0	68478.0	132524.0	398917.0	2514844.0	1142668.0
	20.0	21.0	22.0	23.0	24.0	25.0	26.0	27.0	28.0	29.0	30.0	31.0	32.0	33.0	34.0	35.0	36.0	37.0	38.0	39.0	40.0
PD_223P_filtered_1	4.0	43.0	217.0	619.0	1212.0	1995.0	2937.0	4163.0	5994.0	8452.0	11893.0	16040.0	22283.0	30974.0	45831.0	71030.0	122572.0	218607.0	556681.0	3580820.0	1623867.0
	18.0	19.0	20.0	21.0	22.0	23.0	24.0	25.0	26.0	27.0	28.0	29.0	30.0	31.0	32.0	33.0	34.0	35.0	36.0	37.0	38.0	39.0	40.0
PD_223P_filtered_2	1.0	2.0	36.0	183.0	602.0	1085.0	1722.0	2280.0	3079.0	4016.0	5382.0	7278.0	9555.0	12826.0	18158.0	25126.0	36644.0	57905.0	101739.0	195890.0	575270.0	3625155.0	1642300.0
	19.0	20.0	21.0	22.0	23.0	24.0	25.0	26.0	27.0	28.0	29.0	30.0	31.0	32.0	33.0	34.0	35.0	36.0	37.0	38.0	39.0	40.0
PD_224S_filtered_1	1.0	4.0	61.0	295.0	828.0	1663.0	2477.0	3908.0	5440.0	7892.0	11217.0	15532.0	20536.0	27980.0	37564.0	55502.0	85105.0	143448.0	250193.0	641478.0	3873961.0	1603378.0
	19.0	20.0	21.0	22.0	23.0	24.0	25.0	26.0	27.0	28.0	29.0	30.0	31.0	32.0	33.0	34.0	35.0	36.0	37.0	38.0	39.0	40.0
PD_224S_filtered_2	3.0	36.0	253.0	725.0	1461.0	2209.0	2985.0	4049.0	5188.0	7165.0	9323.0	12271.0	16154.0	22788.0	30768.0	45299.0	70559.0	124329.0	234605.0	681645.0	3990191.0	1526457.0
	20.0	21.0	22.0	23.0	24.0	25.0	26.0	27.0	28.0	29.0	30.0	31.0	32.0	33.0	34.0	35.0	36.0	37.0	38.0	39.0	40.0
PD_225P_filtered_1	5.0	47.0	228.0	631.0	1281.0	2057.0	3096.0	4298.0	6386.0	8562.0	12190.0	16009.0	22314.0	30210.0	44245.0	68674.0	115503.0	199488.0	498076.0	3217824.0	1536522.0
	19.0	20.0	21.0	22.0	23.0	24.0	25.0	26.0	27.0	28.0	29.0	30.0	31.0	32.0	33.0	34.0	35.0	36.0	37.0	38.0	39.0	40.0
PD_225P_filtered_2	4.0	31.0	183.0	542.0	1037.0	1506.0	2094.0	2802.0	3671.0	4915.0	6436.0	8560.0	11174.0	15645.0	21468.0	32128.0	50351.0	89991.0	169894.0	496627.0	3335180.0	1533407.0
	20.0	21.0	22.0	23.0	24.0	25.0	26.0	27.0	28.0	29.0	30.0	31.0	32.0	33.0	34.0	35.0	36.0	37.0	38.0	39.0	40.0
PD_226S_filtered_1	3.0	50.0	209.0	581.0	1125.0	1817.0	2692.0	3770.0	5484.0	7666.0	10569.0	14092.0	19237.0	25697.0	37411.0	56078.0	94095.0	160592.0	393622.0	2404962.0	1136458.0
	20.0	21.0	22.0	23.0	24.0	25.0	26.0	27.0	28.0	29.0	30.0	31.0	32.0	33.0	34.0	35.0	36.0	37.0	38.0	39.0	40.0
PD_226S_filtered_2	42.0	187.0	599.0	1081.0	1683.0	2274.0	3030.0	3944.0	5430.0	7121.0	9613.0	12548.0	16751.0	23043.0	33536.0	51425.0	89046.0	163473.0	445021.0	2483211.0	1023152.0
	20.0	21.0	22.0	23.0	24.0	25.0	26.0	27.0	28.0	29.0	30.0	31.0	32.0	33.0	34.0	35.0	36.0	37.0	38.0	39.0	40.0
PD_227P_filtered_1	1.0	31.0	141.0	342.0	723.0	1236.0	1870.0	2579.0	3896.0	5460.0	7973.0	10715.0	14872.0	20222.0	29872.0	45858.0	77706.0	134609.0	331931.0	2115920.0	1077585.0
	19.0	20.0	21.0	22.0	23.0	24.0	25.0	26.0	27.0	28.0	29.0	30.0	31.0	32.0	33.0	34.0	35.0	36.0	37.0	38.0	39.0	40.0
PD_227P_filtered_2	3.0	15.0	83.0	284.0	545.0	871.0	1191.0	1631.0	2090.0	2950.0	3784.0	5092.0	6824.0	9480.0	13326.0	20203.0	32391.0	56858.0	106456.0	313183.0	2160429.0	1145853.0
	20.0	21.0	22.0	23.0	24.0	25.0	26.0	27.0	28.0	29.0	30.0	31.0	32.0	33.0	34.0	35.0	36.0	37.0	38.0	39.0	40.0
PD_228S_filtered_1	3.0	42.0	188.0	517.0	919.0	1612.0	2443.0	3445.0	4971.0	6932.0	9504.0	12947.0	17880.0	24335.0	35729.0	55154.0	94983.0	167325.0	429297.0	2766138.0	1237773.0
	20.0	21.0	22.0	23.0	24.0	25.0	26.0	27.0	28.0	29.0	30.0	31.0	32.0	33.0	34.0	35.0	36.0	37.0	38.0	39.0	40.0
PD_228S_filtered_2	26.0	162.0	461.0	895.0	1541.0	2078.0	2639.0	3694.0	4836.0	6411.0	8528.0	10967.0	15232.0	20637.0	30698.0	47647.0	83395.0	158348.0	462723.0	2864977.0	1146242.0
	20.0	21.0	22.0	23.0	24.0	25.0	26.0	27.0	28.0	29.0	30.0	31.0	32.0	33.0	34.0	35.0	36.0	37.0	38.0	39.0	40.0
PD_229P_filtered_1	5.0	41.0	201.0	518.0	1037.0	1591.0	2381.0	3332.0	5041.0	6860.0	9647.0	12861.0	17934.0	24550.0	36071.0	55555.0	95169.0	166093.0	417148.0	2653617.0	1225830.0
	19.0	20.0	21.0	22.0	23.0	24.0	25.0	26.0	27.0	28.0	29.0	30.0	31.0	32.0	33.0	34.0	35.0	36.0	37.0	38.0	39.0	40.0
PD_229P_filtered_2	2.0	22.0	152.0	444.0	817.0	1243.0	1735.0	2281.0	2919.0	3963.0	5179.0	7103.0	9283.0	13146.0	18240.0	27001.0	42673.0	75980.0	145023.0	432049.0	2769191.0	1177036.0
	20.0	21.0	22.0	23.0	24.0	25.0	26.0	27.0	28.0	29.0	30.0	31.0	32.0	33.0	34.0	35.0	36.0	37.0	38.0	39.0	40.0
PD_230S_filtered_1	7.0	37.0	190.0	526.0	1064.0	1740.0	2465.0	3524.0	5162.0	7324.0	9966.0	13135.0	18045.0	24574.0	35624.0	54952.0	94809.0	164558.0	414139.0	2646590.0	1215546.0
	19.0	20.0	21.0	22.0	23.0	24.0	25.0	26.0	27.0	28.0	29.0	30.0	31.0	32.0	33.0	34.0	35.0	36.0	37.0	38.0	39.0	40.0
PD_230S_filtered_2	1.0	23.0	132.0	410.0	805.0	1225.0	1711.0	2288.0	2973.0	4032.0	5475.0	7431.0	9503.0	13385.0	18688.0	27904.0	44149.0	78701.0	149528.0	439275.0	2745059.0	1161279.0
	20.0	21.0	22.0	23.0	24.0	25.0	26.0	27.0	28.0	29.0	30.0	31.0	32.0	33.0	34.0	35.0	36.0	37.0	38.0	39.0	40.0
PD_231P_filtered_1	3.0	43.0	171.0	466.0	988.0	1735.0	2671.0	3545.0	5288.0	7742.0	10740.0	14197.0	20351.0	27987.0	41264.0	64918.0	111322.0	195653.0	498184.0	3167039.0	1428821.0
	19.0	20.0	21.0	22.0	23.0	24.0	25.0	26.0	27.0	28.0	29.0	30.0	31.0	32.0	33.0	34.0	35.0	36.0	37.0	38.0	39.0	40.0
PD_231P_filtered_2	3.0	26.0	158.0	478.0	918.0	1403.0	1962.0	2636.0	3392.0	4478.0	6123.0	8235.0	10815.0	14958.0	20745.0	31166.0	49369.0	88351.0	168230.0	495295.0	3201867.0	1492520.0
	20.0	21.0	22.0	23.0	24.0	25.0	26.0	27.0	28.0	29.0	30.0	31.0	32.0	33.0	34.0	35.0	36.0	37.0	38.0	39.0	40.0
PD_232S_filtered_1	4.0	62.0	255.0	689.0	1354.0	2158.0	3216.0	4379.0	6486.0	8844.0	12354.0	16149.0	22208.0	29424.0	42073.0	63825.0	105020.0	178749.0	440486.0	2526877.0	1103924.0
	19.0	20.0	21.0	22.0	23.0	24.0	25.0	26.0	27.0	28.0	29.0	30.0	31.0	32.0	33.0	34.0	35.0	36.0	37.0	38.0	39.0	40.0
PD_232S_filtered_2	2.0	31.0	208.0	541.0	1087.0	1751.0	2411.0	3150.0	4037.0	5499.0	7388.0	9981.0	12778.0	17538.0	24596.0	35645.0	55086.0	94814.0	173245.0	471910.0	2573578.0	1073260.0
	20.0	21.0	22.0	23.0	24.0	25.0	26.0	27.0	28.0	29.0	30.0	31.0	32.0	33.0	34.0	35.0	36.0	37.0	38.0	39.0	40.0
PD_25P_filtered_1	2.0	24.0	118.0	343.0	671.0	1127.0	1676.0	2404.0	3578.0	5173.0	7249.0	10019.0	13823.0	18896.0	27849.0	42601.0	72239.0	122207.0	294631.0	1799576.0	1014018.0
	19.0	20.0	21.0	22.0	23.0	24.0	25.0	26.0	27.0	28.0	29.0	30.0	31.0	32.0	33.0	34.0	35.0	36.0	37.0	38.0	39.0	40.0
PD_25P_filtered_2	1.0	9.0	82.0	232.0	499.0	807.0	1049.0	1488.0	1956.0	2725.0	3646.0	4970.0	6428.0	8902.0	12379.0	18817.0	30410.0	52848.0	96831.0	278918.0	1894928.0	1020299.0
	26.0	27.0	28.0	29.0	30.0	31.0	32.0	33.0	34.0	35.0	36.0	37.0	38.0	39.0	40.0
PD_26P_filtered_1	3.0	1.0	6.0	3.0	7.0	13.0	15.0	23.0	28.0	44.0	82.0	119.0	305.0	2043.0	938.0
	24.0	25.0	26.0	27.0	28.0	29.0	30.0	31.0	32.0	33.0	34.0	35.0	36.0	37.0	38.0	39.0	40.0
PD_26P_filtered_2	2.0	0.0	1.0	3.0	3.0	2.0	5.0	4.0	10.0	22.0	17.0	35.0	63.0	100.0	329.0	2013.0	1021.0
	20.0	21.0	22.0	23.0	24.0	25.0	26.0	27.0	28.0	29.0	30.0	31.0	32.0	33.0	34.0	35.0	36.0	37.0	38.0	39.0	40.0
PD_27P_filtered_1	4.0	34.0	174.0	434.0	927.0	1434.0	2193.0	3103.0	4624.0	6381.0	9030.0	12207.0	16868.0	23597.0	34579.0	53044.0	89895.0	154375.0	377644.0	2344520.0	1258529.0
	19.0	20.0	21.0	22.0	23.0	24.0	25.0	26.0	27.0	28.0	29.0	30.0	31.0	32.0	33.0	34.0	35.0	36.0	37.0	38.0	39.0	40.0
PD_27P_filtered_2	2.0	19.0	139.0	363.0	724.0	1169.0	1594.0	2128.0	2703.0	3862.0	5107.0	6758.0	8908.0	12561.0	17490.0	25539.0	40189.0	70708.0	132710.0	379605.0	2428523.0	1252795.0
	21.0	22.0	23.0	24.0	25.0	26.0	27.0	28.0	29.0	30.0	31.0	32.0	33.0	34.0	35.0	36.0	37.0	38.0	39.0	40.0
PD_28P_filtered_1	2.0	14.0	39.0	65.0	125.0	196.0	258.0	355.0	548.0	714.0	901.0	1315.0	1740.0	2601.0	3890.0	6549.0	10858.0	25926.0	161649.0	87381.0
	20.0	21.0	22.0	23.0	24.0	25.0	26.0	27.0	28.0	29.0	30.0	31.0	32.0	33.0	34.0	35.0	36.0	37.0	38.0	39.0	40.0
PD_28P_filtered_2	1.0	1.0	15.0	36.0	82.0	93.0	135.0	161.0	256.0	352.0	424.0	588.0	790.0	1128.0	1590.0	2636.0	4692.0	8678.0	24393.0	169001.0	90074.0
	21.0	22.0	23.0	24.0	25.0	26.0	27.0	28.0	29.0	30.0	31.0	32.0	33.0	34.0	35.0	36.0	37.0	38.0	39.0	40.0
PD_29P_filtered_1	17.0	115.0	309.0	592.0	1057.0	1444.0	2123.0	3154.0	4489.0	6314.0	8421.0	11720.0	16428.0	23775.0	37042.0	62910.0	110011.0	276543.0	1662452.0	797520.0
	20.0	21.0	22.0	23.0	24.0	25.0	26.0	27.0	28.0	29.0	30.0	31.0	32.0	33.0	34.0	35.0	36.0	37.0	38.0	39.0	40.0
PD_29P_filtered_2	19.0	86.0	264.0	465.0	810.0	1108.0	1429.0	1913.0	2612.0	3470.0	4636.0	6277.0	8772.0	12232.0	18173.0	28724.0	50515.0	95596.0	272065.0	1665185.0	852085.0
	20.0	21.0	22.0	23.0	24.0	25.0	26.0	27.0	28.0	29.0	30.0	31.0	32.0	33.0	34.0	35.0	36.0	37.0	38.0	39.0	40.0
PD_2P_filtered_1	1.0	21.0	64.0	243.0	475.0	776.0	1241.0	1762.0	2661.0	3821.0	5226.0	7011.0	9941.0	13698.0	20576.0	31703.0	53977.0	92896.0	230033.0	1403987.0	724239.0
	19.0	20.0	21.0	22.0	23.0	24.0	25.0	26.0	27.0	28.0	29.0	30.0	31.0	32.0	33.0	34.0	35.0	36.0	37.0	38.0	39.0	40.0
PD_2P_filtered_2	1.0	14.0	49.0	237.0	448.0	748.0	980.0	1309.0	1750.0	2438.0	3267.0	4343.0	5808.0	7996.0	11124.0	16448.0	25728.0	45108.0	84297.0	238233.0	1434109.0	719917.0
	20.0	21.0	22.0	23.0	24.0	25.0	26.0	27.0	28.0	29.0	30.0	31.0	32.0	33.0	34.0	35.0	36.0	37.0	38.0	39.0	40.0
PD_30P_filtered_1	1.0	14.0	73.0	216.0	385.0	654.0	987.0	1415.0	2113.0	2931.0	4098.0	5630.0	8073.0	11094.0	16663.0	26518.0	46882.0	83113.0	214956.0	1406601.0	713945.0
	19.0	20.0	21.0	22.0	23.0	24.0	25.0	26.0	27.0	28.0	29.0	30.0	31.0	32.0	33.0	34.0	35.0	36.0	37.0	38.0	39.0	40.0
PD_30P_filtered_2	1.0	6.0	71.0	201.0	364.0	578.0	781.0	1077.0	1427.0	2007.0	2524.0	3501.0	4594.0	6391.0	8989.0	13406.0	20890.0	37840.0	73102.0	215218.0	1402752.0	750642.0
	20.0	21.0	22.0	23.0	24.0	25.0	26.0	27.0	28.0	29.0	30.0	31.0	32.0	33.0	34.0	35.0	36.0	37.0	38.0	39.0	40.0
PD_31P_filtered_1	4.0	32.0	112.0	317.0	710.0	1053.0	1729.0	2360.0	3578.0	5033.0	6990.0	9525.0	13176.0	18252.0	26722.0	40727.0	68795.0	117764.0	289004.0	1842196.0	969037.0
	19.0	20.0	21.0	22.0	23.0	24.0	25.0	26.0	27.0	28.0	29.0	30.0	31.0	32.0	33.0	34.0	35.0	36.0	37.0	38.0	39.0	40.0
PD_31P_filtered_2	2.0	11.0	78.0	260.0	460.0	755.0	1045.0	1411.0	1881.0	2706.0	3487.0	4707.0	6073.0	8664.0	11927.0	18323.0	28969.0	51529.0	95651.0	277727.0	1880568.0	1020882.0
	21.0	22.0	23.0	24.0	25.0	26.0	27.0	28.0	29.0	30.0	31.0	32.0	33.0	34.0	35.0	36.0	37.0	38.0	39.0	40.0
PD_32P_filtered_1	21.0	131.0	360.0	751.0	1182.0	1737.0	2532.0	3806.0	5543.0	7787.0	10799.0	15415.0	21338.0	31455.0	48808.0	82540.0	142044.0	366126.0	2230130.0	904036.0
	19.0	20.0	21.0	22.0	23.0	24.0	25.0	26.0	27.0	28.0	29.0	30.0	31.0	32.0	33.0	34.0	35.0	36.0	37.0	38.0	39.0	40.0
PD_32P_filtered_2	1.0	13.0	88.0	303.0	574.0	906.0	1260.0	1744.0	2251.0	2987.0	4082.0	5474.0	7278.0	10074.0	14098.0	21364.0	33759.0	60315.0	110969.0	317032.0	2067299.0	1214670.0
	20.0	21.0	22.0	23.0	24.0	25.0	26.0	27.0	28.0	29.0	30.0	31.0	32.0	33.0	34.0	35.0	36.0	37.0	38.0	39.0	40.0
PD_33P_filtered_1	1.0	23.0	147.0	397.0	782.0	1248.0	2007.0	2758.0	4212.0	6004.0	8469.0	11492.0	16137.0	22466.0	32912.0	51040.0	86379.0	147218.0	360527.0	2215805.0	1114454.0
	20.0	21.0	22.0	23.0	24.0	25.0	26.0	27.0	28.0	29.0	30.0	31.0	32.0	33.0	34.0	35.0	36.0	37.0	38.0	39.0	40.0
PD_33P_filtered_2	13.0	77.0	243.0	533.0	879.0	1250.0	1700.0	2228.0	3069.0	4231.0	5634.0	7490.0	10667.0	14654.0	22192.0	35500.0	63337.0	119244.0	344203.0	2258084.0	1189250.0
	20.0	21.0	22.0	23.0	24.0	25.0	26.0	27.0	28.0	29.0	30.0	31.0	32.0	33.0	34.0	35.0	36.0	37.0	38.0	39.0	40.0
PD_34P_filtered_1	3.0	14.0	114.0	292.0	588.0	969.0	1453.0	2154.0	3202.0	4689.0	6495.0	8819.0	12857.0	18230.0	27153.0	43274.0	75347.0	135226.0	344912.0	2285701.0	1330632.0
	19.0	20.0	21.0	22.0	23.0	24.0	25.0	26.0	27.0	28.0	29.0	30.0	31.0	32.0	33.0	34.0	35.0	36.0	37.0	38.0	39.0	40.0
PD_34P_filtered_2	1.0	16.0	78.0	298.0	568.0	856.0	1192.0	1654.0	2102.0	2857.0	3888.0	5291.0	6877.0	9610.0	13332.0	20213.0	32041.0	57418.0	109956.0	330246.0	2362056.0	1341574.0
	20.0	21.0	22.0	23.0	24.0	25.0	26.0	27.0	28.0	29.0	30.0	31.0	32.0	33.0	34.0	35.0	36.0	37.0	38.0	39.0	40.0
PD_35P_filtered_1	2.0	46.0	226.0	543.0	1087.0	1718.0	2684.0	3820.0	5441.0	7697.0	10593.0	13711.0	19046.0	25117.0	36174.0	54567.0	89789.0	149138.0	353269.0	2097302.0	1187207.0
	20.0	21.0	22.0	23.0	24.0	25.0	26.0	27.0	28.0	29.0	30.0	31.0	32.0	33.0	34.0	35.0	36.0	37.0	38.0	39.0	40.0
PD_35P_filtered_2	17.0	99.0	405.0	708.0	1209.0	1744.0	2192.0	3015.0	4120.0	5157.0	7133.0	9435.0	13253.0	18185.0	26617.0	41590.0	72283.0	131510.0	358395.0	2168791.0	1193319.0
	25.0	26.0	27.0	28.0	29.0	30.0	31.0	32.0	33.0	34.0	35.0	36.0	37.0	38.0	39.0	40.0
PD_36P_filtered_1	1.0	0.0	1.0	1.0	2.0	2.0	2.0	6.0	10.0	11.0	21.0	30.0	75.0	165.0	912.0	434.0
	22.0	23.0	24.0	25.0	26.0	27.0	28.0	29.0	30.0	31.0	32.0	33.0	34.0	35.0	36.0	37.0	38.0	39.0	40.0
PD_36P_filtered_2	1.0	0.0	1.0	0.0	0.0	3.0	2.0	1.0	4.0	4.0	5.0	7.0	6.0	12.0	24.0	45.0	148.0	901.0	509.0
	20.0	21.0	22.0	23.0	24.0	25.0	26.0	27.0	28.0	29.0	30.0	31.0	32.0	33.0	34.0	35.0	36.0	37.0	38.0	39.0	40.0
PD_38P_filtered_1	5.0	31.0	96.0	308.0	579.0	972.0	1555.0	2162.0	3217.0	4519.0	6592.0	8775.0	12535.0	17210.0	25378.0	39351.0	66581.0	114575.0	286052.0	1828172.0	1021042.0
	19.0	20.0	21.0	22.0	23.0	24.0	25.0	26.0	27.0	28.0	29.0	30.0	31.0	32.0	33.0	34.0	35.0	36.0	37.0	38.0	39.0	40.0
PD_38P_filtered_2	1.0	11.0	68.0	216.0	447.0	721.0	956.0	1315.0	1740.0	2415.0	3076.0	4256.0	5746.0	8012.0	11262.0	16706.0	26883.0	48627.0	92623.0	270444.0	1861735.0	1082447.0
	21.0	22.0	23.0	24.0	25.0	26.0	27.0	28.0	29.0	30.0	31.0	32.0	33.0	34.0	35.0	36.0	37.0	38.0	39.0	40.0
PD_39P_filtered_1	9.0	69.0	176.0	339.0	577.0	887.0	1245.0	1815.0	2611.0	3645.0	5025.0	7158.0	9994.0	15260.0	23835.0	41059.0	72819.0	191327.0	1264322.0	523022.0
	20.0	21.0	22.0	23.0	24.0	25.0	26.0	27.0	28.0	29.0	30.0	31.0	32.0	33.0	34.0	35.0	36.0	37.0	38.0	39.0	40.0
PD_39P_filtered_2	9.0	45.0	141.0	319.0	449.0	638.0	874.0	1131.0	1566.0	2075.0	2852.0	3844.0	5134.0	7269.0	10870.0	16915.0	30038.0	57272.0	171638.0	1193637.0	658478.0
	20.0	21.0	22.0	23.0	24.0	25.0	26.0	27.0	28.0	29.0	30.0	31.0	32.0	33.0	34.0	35.0	36.0	37.0	38.0	39.0	40.0
PD_3P_filtered_1	1.0	22.0	95.0	246.0	525.0	863.0	1312.0	1924.0	2865.0	4032.0	5803.0	7942.0	11168.0	15405.0	22915.0	36259.0	62268.0	108992.0	277133.0	1879736.0	1085517.0
	18.0	19.0	20.0	21.0	22.0	23.0	24.0	25.0	26.0	27.0	28.0	29.0	30.0	31.0	32.0	33.0	34.0	35.0	36.0	37.0	38.0	39.0	40.0
PD_3P_filtered_2	1.0	0.0	11.0	67.0	216.0	452.0	709.0	1002.0	1382.0	1839.0	2461.0	3336.0	4360.0	5616.0	8076.0	11173.0	16555.0	26218.0	46699.0	88367.0	265734.0	1927905.0	1112844.0
	20.0	21.0	22.0	23.0	24.0	25.0	26.0	27.0	28.0	29.0	30.0	31.0	32.0	33.0	34.0	35.0	36.0	37.0	38.0	39.0	40.0
PD_40P_filtered_1	2.0	26.0	100.0	276.0	525.0	896.0	1361.0	1969.0	2839.0	4173.0	5831.0	7641.0	10860.0	15086.0	21863.0	34336.0	58904.0	101587.0	256582.0	1624072.0	880744.0
	20.0	21.0	22.0	23.0	24.0	25.0	26.0	27.0	28.0	29.0	30.0	31.0	32.0	33.0	34.0	35.0	36.0	37.0	38.0	39.0	40.0
PD_40P_filtered_2	10.0	84.0	286.0	478.0	836.0	1086.0	1488.0	2014.0	2606.0	3461.0	4789.0	6351.0	8681.0	12028.0	17563.0	28270.0	49044.0	91943.0	265446.0	1681632.0	851577.0
	20.0	21.0	22.0	23.0	24.0	25.0	26.0	27.0	28.0	29.0	30.0	31.0	32.0	33.0	34.0	35.0	36.0	37.0	38.0	39.0	40.0
PD_41P_filtered_1	1.0	17.0	106.0	310.0	622.0	978.0	1462.0	2062.0	3056.0	4128.0	5975.0	7727.0	10902.0	14924.0	21739.0	33777.0	57883.0	103104.0	264322.0	1687185.0	799142.0
	19.0	20.0	21.0	22.0	23.0	24.0	25.0	26.0	27.0	28.0	29.0	30.0	31.0	32.0	33.0	34.0	35.0	36.0	37.0	38.0	39.0	40.0
PD_41P_filtered_2	1.0	16.0	93.0	281.0	565.0	833.0	1194.0	1572.0	1970.0	2826.0	3740.0	5135.0	6538.0	9435.0	12961.0	19120.0	29588.0	51940.0	97970.0	282775.0	1705785.0	785084.0
	20.0	21.0	22.0	23.0	24.0	25.0	26.0	27.0	28.0	29.0	30.0	31.0	32.0	33.0	34.0	35.0	36.0	37.0	38.0	39.0	40.0
PD_42P_filtered_1	2.0	29.0	141.0	476.0	888.0	1464.0	2141.0	3039.0	4579.0	6418.0	9034.0	12526.0	17073.0	23459.0	34004.0	52065.0	87135.0	148792.0	365318.0	2183038.0	1052912.0
	19.0	20.0	21.0	22.0	23.0	24.0	25.0	26.0	27.0	28.0	29.0	30.0	31.0	32.0	33.0	34.0	35.0	36.0	37.0	38.0	39.0	40.0
PD_42P_filtered_2	1.0	14.0	94.0	275.0	577.0	910.0	1311.0	1762.0	2425.0	3256.0	4526.0	6064.0	8214.0	11426.0	15979.0	23860.0	38385.0	67147.0	126561.0	363839.0	2266936.0	1060971.0
	20.0	21.0	22.0	23.0	24.0	25.0	26.0	27.0	28.0	29.0	30.0	31.0	32.0	33.0	34.0	35.0	36.0	37.0	38.0	39.0	40.0
PD_43P_filtered_1	2.0	13.0	81.0	210.0	443.0	640.0	1086.0	1525.0	2259.0	3230.0	4786.0	6557.0	9003.0	12592.0	19132.0	29373.0	50034.0	86697.0	219180.0	1357804.0	561673.0
	20.0	21.0	22.0	23.0	24.0	25.0	26.0	27.0	28.0	29.0	30.0	31.0	32.0	33.0	34.0	35.0	36.0	37.0	38.0	39.0	40.0
PD_43P_filtered_2	11.0	51.0	163.0	316.0	459.0	734.0	953.0	1273.0	1788.0	2328.0	3211.0	4223.0	5973.0	8389.0	12515.0	19792.0	35834.0	67542.0	198032.0	1276291.0	726442.0
	19.0	20.0	21.0	22.0	23.0	24.0	25.0	26.0	27.0	28.0	29.0	30.0	31.0	32.0	33.0	34.0	35.0	36.0	37.0	38.0	39.0	40.0
PD_44P_filtered_1	1.0	4.0	20.0	175.0	497.0	821.0	1373.0	2053.0	2910.0	4341.0	5990.0	8590.0	11199.0	15431.0	21198.0	30979.0	46251.0	76687.0	128165.0	311387.0	1804162.0	894111.0
	20.0	21.0	22.0	23.0	24.0	25.0	26.0	27.0	28.0	29.0	30.0	31.0	32.0	33.0	34.0	35.0	36.0	37.0	38.0	39.0	40.0
PD_44P_filtered_2	23.0	111.0	319.0	642.0	1072.0	1442.0	2037.0	2561.0	3449.0	4621.0	6204.0	8055.0	11334.0	15545.0	23041.0	35718.0	61923.0	113661.0	313113.0	1837888.0	923586.0
	20.0	21.0	22.0	23.0	24.0	25.0	26.0	27.0	28.0	29.0	30.0	31.0	32.0	33.0	34.0	35.0	36.0	37.0	38.0	39.0	40.0
PD_45P_filtered_1	5.0	38.0	225.0	535.0	1055.0	1819.0	2698.0	3788.0	5592.0	7915.0	11133.0	14587.0	20122.0	26768.0	38640.0	57912.0	94839.0	157226.0	372801.0	2256105.0	1195031.0
	19.0	20.0	21.0	22.0	23.0	24.0	25.0	26.0	27.0	28.0	29.0	30.0	31.0	32.0	33.0	34.0	35.0	36.0	37.0	38.0	39.0	40.0
PD_45P_filtered_2	2.0	23.0	120.0	425.0	760.0	1284.0	1731.0	2271.0	2983.0	4195.0	5510.0	7487.0	9634.0	13441.0	18526.0	27577.0	43269.0	74640.0	136048.0	378603.0	2379846.0	1160459.0
	20.0	21.0	22.0	23.0	24.0	25.0	26.0	27.0	28.0	29.0	30.0	31.0	32.0	33.0	34.0	35.0	36.0	37.0	38.0	39.0	40.0
PD_46P_filtered_1	2.0	31.0	127.0	323.0	726.0	1107.0	1689.0	2300.0	3554.0	5010.0	7266.0	9744.0	13603.0	19142.0	28573.0	43810.0	74777.0	128426.0	318950.0	1993381.0	985056.0
	20.0	21.0	22.0	23.0	24.0	25.0	26.0	27.0	28.0	29.0	30.0	31.0	32.0	33.0	34.0	35.0	36.0	37.0	38.0	39.0	40.0
PD_46P_filtered_2	10.0	65.0	236.0	509.0	768.0	1038.0	1543.0	1904.0	2690.0	3607.0	5034.0	6569.0	9042.0	12647.0	19141.0	30577.0	54754.0	103075.0	302954.0	2048010.0	1033424.0
	20.0	21.0	22.0	23.0	24.0	25.0	26.0	27.0	28.0	29.0	30.0	31.0	32.0	33.0	34.0	35.0	36.0	37.0	38.0	39.0	40.0
PD_47P_filtered_1	4.0	36.0	138.0	407.0	830.0	1307.0	1942.0	2721.0	3979.0	5701.0	7834.0	10623.0	14704.0	19816.0	28544.0	43584.0	72878.0	122109.0	295026.0	1727279.0	887604.0
	19.0	20.0	21.0	22.0	23.0	24.0	25.0	26.0	27.0	28.0	29.0	30.0	31.0	32.0	33.0	34.0	35.0	36.0	37.0	38.0	39.0	40.0
PD_47P_filtered_2	1.0	12.0	108.0	377.0	709.0	1101.0	1596.0	2035.0	2712.0	3669.0	5045.0	6788.0	8605.0	12134.0	16617.0	24370.0	37847.0	64263.0	117982.0	319461.0	1780207.0	841427.0
	20.0	21.0	22.0	23.0	24.0	25.0	26.0	27.0	28.0	29.0	30.0	31.0	32.0	33.0	34.0	35.0	36.0	37.0	38.0	39.0	40.0
PD_48P_filtered_1	2.0	21.0	92.0	271.0	555.0	833.0	1412.0	1893.0	2899.0	4036.0	5867.0	7960.0	11190.0	15339.0	22585.0	35409.0	61325.0	108414.0	276019.0	1722018.0	825254.0
	19.0	20.0	21.0	22.0	23.0	24.0	25.0	26.0	27.0	28.0	29.0	30.0	31.0	32.0	33.0	34.0	35.0	36.0	37.0	38.0	39.0	40.0
PD_48P_filtered_2	1.0	15.0	62.0	236.0	459.0	772.0	1096.0	1386.0	1839.0	2583.0	3339.0	4609.0	6197.0	8685.0	11931.0	17994.0	27651.0	50027.0	94394.0	271981.0	1686487.0	911650.0
	21.0	22.0	23.0	24.0	25.0	26.0	27.0	28.0	29.0	30.0	31.0	32.0	33.0	34.0	35.0	36.0	37.0	38.0	39.0	40.0
PD_4P_filtered_1	19.0	103.0	300.0	584.0	1055.0	1731.0	2402.0	3503.0	5094.0	7171.0	9653.0	13724.0	18507.0	27637.0	42130.0	71251.0	121185.0	297688.0	1755467.0	896760.0
	19.0	20.0	21.0	22.0	23.0	24.0	25.0	26.0	27.0	28.0	29.0	30.0	31.0	32.0	33.0	34.0	35.0	36.0	37.0	38.0	39.0	40.0
PD_4P_filtered_2	2.0	11.0	71.0	243.0	520.0	774.0	1069.0	1386.0	1922.0	2606.0	3538.0	4760.0	6496.0	9029.0	12578.0	18615.0	30169.0	53676.0	98786.0	282095.0	1772824.0	974794.0
	21.0	22.0	23.0	24.0	25.0	26.0	27.0	28.0	29.0	30.0	31.0	32.0	33.0	34.0	35.0	36.0	37.0	38.0	39.0	40.0
PD_50P_filtered_1	3.0	12.0	30.0	55.0	69.0	105.0	173.0	233.0	339.0	519.0	612.0	883.0	1195.0	1777.0	2737.0	4533.0	7708.0	19606.0	117709.0	57443.0
	21.0	22.0	23.0	24.0	25.0	26.0	27.0	28.0	29.0	30.0	31.0	32.0	33.0	34.0	35.0	36.0	37.0	38.0	39.0	40.0
PD_50P_filtered_2	6.0	19.0	33.0	55.0	62.0	104.0	127.0	166.0	236.0	316.0	359.0	534.0	790.0	1287.0	1868.0	3376.0	6281.0	18360.0	120132.0	61630.0
	20.0	21.0	22.0	23.0	24.0	25.0	26.0	27.0	28.0	29.0	30.0	31.0	32.0	33.0	34.0	35.0	36.0	37.0	38.0	39.0	40.0
PD_51P_filtered_1	3.0	21.0	149.0	372.0	689.0	1140.0	1762.0	2457.0	3831.0	5246.0	7432.0	9922.0	13743.0	18846.0	27486.0	42594.0	72235.0	125819.0	320004.0	1952692.0	773067.0
	20.0	21.0	22.0	23.0	24.0	25.0	26.0	27.0	28.0	29.0	30.0	31.0	32.0	33.0	34.0	35.0	36.0	37.0	38.0	39.0	40.0
PD_51P_filtered_2	13.0	109.0	311.0	643.0	1041.0	1417.0	1908.0	2484.0	3489.0	4637.0	6054.0	8090.0	11244.0	15225.0	22645.0	35068.0	60756.0	113306.0	320638.0	1891118.0	879314.0
	20.0	21.0	22.0	23.0	24.0	25.0	26.0	27.0	28.0	29.0	30.0	31.0	32.0	33.0	34.0	35.0	36.0	37.0	38.0	39.0	40.0
PD_52P_filtered_1	1.0	15.0	81.0	229.0	489.0	783.0	1176.0	1730.0	2608.0	3674.0	5228.0	7324.0	10092.0	13995.0	21205.0	32503.0	55029.0	94833.0	234221.0	1369945.0	645800.0
	19.0	20.0	21.0	22.0	23.0	24.0	25.0	26.0	27.0	28.0	29.0	30.0	31.0	32.0	33.0	34.0	35.0	36.0	37.0	38.0	39.0	40.0
PD_52P_filtered_2	1.0	15.0	56.0	208.0	401.0	635.0	860.0	1180.0	1601.0	2229.0	2900.0	3958.0	5362.0	7624.0	9994.0	15455.0	24262.0	43337.0	81606.0	229745.0	1368873.0	700659.0
	20.0	21.0	22.0	23.0	24.0	25.0	26.0	27.0	28.0	29.0	30.0	31.0	32.0	33.0	34.0	35.0	36.0	37.0	38.0	39.0	40.0
PD_53P_filtered_1	1.0	22.0	98.0	255.0	523.0	889.0	1357.0	1843.0	2682.0	3945.0	5597.0	7402.0	10657.0	14873.0	22613.0	34692.0	61042.0	109283.0	284243.0	1776615.0	854767.0
	19.0	20.0	21.0	22.0	23.0	24.0	25.0	26.0	27.0	28.0	29.0	30.0	31.0	32.0	33.0	34.0	35.0	36.0	37.0	38.0	39.0	40.0
PD_53P_filtered_2	1.0	12.0	104.0	292.0	590.0	933.0	1250.0	1587.0	2189.0	3027.0	3868.0	5278.0	7003.0	9929.0	13967.0	20143.0	31311.0	54591.0	104215.0	298477.0	1775496.0	859136.0
	20.0	21.0	22.0	23.0	24.0	25.0	26.0	27.0	28.0	29.0	30.0	31.0	32.0	33.0	34.0	35.0	36.0	37.0	38.0	39.0	40.0
PD_54P_filtered_1	2.0	23.0	114.0	313.0	628.0	1065.0	1612.0	2389.0	3447.0	4692.0	6991.0	9422.0	13076.0	18099.0	27168.0	42541.0	72389.0	127063.0	323708.0	2055921.0	1050986.0
	20.0	21.0	22.0	23.0	24.0	25.0	26.0	27.0	28.0	29.0	30.0	31.0	32.0	33.0	34.0	35.0	36.0	37.0	38.0	39.0	40.0
PD_54P_filtered_2	18.0	78.0	334.0	570.0	957.0	1354.0	1853.0	2343.0	3159.0	4021.0	5689.0	7500.0	10685.0	14634.0	21679.0	34001.0	60123.0	113064.0	329326.0	2102084.0	1048177.0
	20.0	21.0	22.0	23.0	24.0	25.0	26.0	27.0	28.0	29.0	30.0	31.0	32.0	33.0	34.0	35.0	36.0	37.0	38.0	39.0	40.0
PD_55P_filtered_1	3.0	19.0	139.0	355.0	736.0	1193.0	1733.0	2470.0	3577.0	4969.0	6933.0	9352.0	12781.0	17623.0	26202.0	39925.0	68319.0	117987.0	295132.0	1974306.0	1000625.0
	19.0	20.0	21.0	22.0	23.0	24.0	25.0	26.0	27.0	28.0	29.0	30.0	31.0	32.0	33.0	34.0	35.0	36.0	37.0	38.0	39.0	40.0
PD_55P_filtered_2	1.0	5.0	117.0	326.0	673.0	1053.0	1501.0	1950.0	2375.0	3360.0	4370.0	5939.0	7677.0	10418.0	14187.0	20545.0	32222.0	56373.0	104908.0	306065.0	2082388.0	927926.0
	20.0	21.0	22.0	23.0	24.0	25.0	26.0	27.0	28.0	29.0	30.0	31.0	32.0	33.0	34.0	35.0	36.0	37.0	38.0	39.0	40.0
PD_56P_filtered_1	3.0	53.0	252.0	645.0	1223.0	2164.0	3179.0	4609.0	6726.0	9636.0	13566.0	18428.0	25269.0	34342.0	50610.0	76808.0	129071.0	218537.0	532319.0	3326694.0	1810328.0
	19.0	20.0	21.0	22.0	23.0	24.0	25.0	26.0	27.0	28.0	29.0	30.0	31.0	32.0	33.0	34.0	35.0	36.0	37.0	38.0	39.0	40.0
PD_56P_filtered_2	2.0	28.0	162.0	558.0	1107.0	1723.0	2417.0	3297.0	4302.0	5927.0	7833.0	10639.0	13966.0	19610.0	26657.0	39808.0	61851.0	106227.0	195641.0	555355.0	3488832.0	1718520.0
	19.0	20.0	21.0	22.0	23.0	24.0	25.0	26.0	27.0	28.0	29.0	30.0	31.0	32.0	33.0	34.0	35.0	36.0	37.0	38.0	39.0	40.0
PD_57P_filtered_1	1.0	2.0	25.0	131.0	293.0	665.0	977.0	1578.0	2239.0	3493.0	4808.0	6960.0	9485.0	13541.0	19167.0	28653.0	45204.0	77008.0	135223.0	348102.0	2196870.0	1151439.0
	20.0	21.0	22.0	23.0	24.0	25.0	26.0	27.0	28.0	29.0	30.0	31.0	32.0	33.0	34.0	35.0	36.0	37.0	38.0	39.0	40.0
PD_57P_filtered_2	12.0	56.0	197.0	383.0	672.0	952.0	1336.0	1704.0	2450.0	3209.0	4462.0	6105.0	8692.0	12200.0	18620.0	30082.0	55536.0	107410.0	328434.0	2248234.0	1215118.0
	20.0	21.0	22.0	23.0	24.0	25.0	26.0	27.0	28.0	29.0	30.0	31.0	32.0	33.0	34.0	35.0	36.0	37.0	38.0	39.0	40.0
PD_58P_filtered_1	2.0	27.0	152.0	400.0	875.0	1326.0	1964.0	2836.0	4101.0	5921.0	8069.0	10847.0	15170.0	20406.0	29981.0	45328.0	75878.0	130886.0	321919.0	1860066.0	859293.0
	20.0	21.0	22.0	23.0	24.0	25.0	26.0	27.0	28.0	29.0	30.0	31.0	32.0	33.0	34.0	35.0	36.0	37.0	38.0	39.0	40.0
PD_58P_filtered_2	14.0	81.0	293.0	560.0	868.0	1340.0	1732.0	2212.0	3114.0	4203.0	5726.0	7493.0	10606.0	14542.0	21856.0	34252.0	59531.0	113222.0	316555.0	1875119.0	922128.0
	21.0	22.0	23.0	24.0	25.0	26.0	27.0	28.0	29.0	30.0	31.0	32.0	33.0	34.0	35.0	36.0	37.0	38.0	39.0	40.0
PD_59P_filtered_1	20.0	111.0	237.0	462.0	832.0	1231.0	1779.0	2648.0	3822.0	5349.0	7099.0	10019.0	13678.0	20489.0	31620.0	54010.0	92340.0	231414.0	1394728.0	662219.0
	19.0	20.0	21.0	22.0	23.0	24.0	25.0	26.0	27.0	28.0	29.0	30.0	31.0	32.0	33.0	34.0	35.0	36.0	37.0	38.0	39.0	40.0
PD_59P_filtered_2	1.0	10.0	55.0	189.0	369.0	602.0	895.0	1152.0	1541.0	2075.0	2657.0	3726.0	4941.0	6998.0	9662.0	14660.0	23402.0	41127.0	77797.0	222998.0	1397536.0	721714.0
	20.0	21.0	22.0	23.0	24.0	25.0	26.0	27.0	28.0	29.0	30.0	31.0	32.0	33.0	34.0	35.0	36.0	37.0	38.0	39.0	40.0
PD_5P_filtered_1	2.0	17.0	106.0	306.0	630.0	980.0	1536.0	2211.0	3217.0	4482.0	6311.0	8589.0	11969.0	16556.0	24492.0	37466.0	64367.0	110484.0	277295.0	1773940.0	903274.0
	20.0	21.0	22.0	23.0	24.0	25.0	26.0	27.0	28.0	29.0	30.0	31.0	32.0	33.0	34.0	35.0	36.0	37.0	38.0	39.0	40.0
PD_5P_filtered_2	11.0	69.0	204.0	458.0	659.0	956.0	1321.0	1717.0	2378.0	3106.0	4293.0	5682.0	7881.0	11074.0	16788.0	26686.0	47589.0	90412.0	269547.0	1828890.0	928509.0
	21.0	22.0	23.0	24.0	25.0	26.0	27.0	28.0	29.0	30.0	31.0	32.0	33.0	34.0	35.0	36.0	37.0	38.0	39.0	40.0
PD_60P_filtered_1	31.0	163.0	395.0	872.0	1376.0	2010.0	2967.0	4379.0	6170.0	8660.0	11492.0	15659.0	21459.0	31019.0	46567.0	77033.0	128998.0	305538.0	1866069.0	1036275.0
	20.0	21.0	22.0	23.0	24.0	25.0	26.0	27.0	28.0	29.0	30.0	31.0	32.0	33.0	34.0	35.0	36.0	37.0	38.0	39.0	40.0
PD_60P_filtered_2	18.0	113.0	346.0	617.0	1044.0	1465.0	1988.0	2475.0	3539.0	4544.0	6103.0	8090.0	11162.0	15398.0	22914.0	35227.0	61606.0	111795.0	311324.0	1975595.0	991769.0
	20.0	21.0	22.0	23.0	24.0	25.0	26.0	27.0	28.0	29.0	30.0	31.0	32.0	33.0	34.0	35.0	36.0	37.0	38.0	39.0	40.0
PD_63P_filtered_1	2.0	16.0	96.0	255.0	516.0	859.0	1273.0	1806.0	2547.0	3732.0	5099.0	6737.0	9482.0	13200.0	19617.0	31136.0	54252.0	98085.0	262027.0	1754047.0	737016.0
	20.0	21.0	22.0	23.0	24.0	25.0	26.0	27.0	28.0	29.0	30.0	31.0	32.0	33.0	34.0	35.0	36.0	37.0	38.0	39.0	40.0
PD_63P_filtered_2	20.0	102.0	296.0	566.0	912.0	1158.0	1578.0	1998.0	2808.0	3509.0	4814.0	6334.0	8981.0	12358.0	18463.0	28381.0	50078.0	96242.0	287156.0	1778126.0	697920.0
	20.0	21.0	22.0	23.0	24.0	25.0	26.0	27.0	28.0	29.0	30.0	31.0	32.0	33.0	34.0	35.0	36.0	37.0	38.0	39.0	40.0
PD_64P_filtered_1	2.0	25.0	142.0	414.0	757.0	1220.0	1958.0	2775.0	4127.0	5895.0	8429.0	11338.0	16066.0	21932.0	32574.0	50251.0	84882.0	145458.0	357217.0	2107917.0	1085786.0
	19.0	20.0	21.0	22.0	23.0	24.0	25.0	26.0	27.0	28.0	29.0	30.0	31.0	32.0	33.0	34.0	35.0	36.0	37.0	38.0	39.0	40.0
PD_64P_filtered_2	2.0	15.0	107.0	318.0	586.0	974.0	1322.0	1888.0	2352.0	3482.0	4406.0	6274.0	8177.0	11308.0	15799.0	23579.0	37041.0	65574.0	123168.0	350179.0	2168628.0	1113986.0
	20.0	21.0	22.0	23.0	24.0	25.0	26.0	27.0	28.0	29.0	30.0	31.0	32.0	33.0	34.0	35.0	36.0	37.0	38.0	39.0	40.0
PD_65P_filtered_1	3.0	32.0	135.0	355.0	730.0	1142.0	1826.0	2541.0	3770.0	5444.0	7753.0	10097.0	14534.0	19623.0	28325.0	43739.0	72603.0	122062.0	298595.0	1759743.0	877073.0
	19.0	20.0	21.0	22.0	23.0	24.0	25.0	26.0	27.0	28.0	29.0	30.0	31.0	32.0	33.0	34.0	35.0	36.0	37.0	38.0	39.0	40.0
PD_65P_filtered_2	1.0	12.0	87.0	253.0	496.0	857.0	1108.0	1496.0	2002.0	2668.0	3602.0	5027.0	6689.0	9361.0	12842.0	19351.0	30716.0	54241.0	100537.0	282415.0	1794548.0	941816.0
	21.0	22.0	23.0	24.0	25.0	26.0	27.0	28.0	29.0	30.0	31.0	32.0	33.0	34.0	35.0	36.0	37.0	38.0	39.0	40.0
PD_66P_filtered_1	9.0	84.0	224.0	436.0	698.0	1121.0	1542.0	2260.0	3137.0	4433.0	6016.0	8588.0	11886.0	17610.0	27858.0	48384.0	85856.0	219934.0	1467123.0	764323.0
	20.0	21.0	22.0	23.0	24.0	25.0	26.0	27.0	28.0	29.0	30.0	31.0	32.0	33.0	34.0	35.0	36.0	37.0	38.0	39.0	40.0
PD_66P_filtered_2	8.0	39.0	159.0	284.0	428.0	657.0	871.0	1146.0	1538.0	2039.0	2842.0	3781.0	5469.0	7414.0	11242.0	18038.0	32792.0	63583.0	195545.0	1463778.0	859869.0
	20.0	21.0	22.0	23.0	24.0	25.0	26.0	27.0	28.0	29.0	30.0	31.0	32.0	33.0	34.0	35.0	36.0	37.0	38.0	39.0	40.0
PD_6P_filtered_1	2.0	25.0	115.0	297.0	594.0	955.0	1300.0	1908.0	2897.0	4055.0	5765.0	7587.0	10345.0	14137.0	20623.0	31459.0	52396.0	88628.0	214999.0	1280386.0	672959.0
	19.0	20.0	21.0	22.0	23.0	24.0	25.0	26.0	27.0	28.0	29.0	30.0	31.0	32.0	33.0	34.0	35.0	36.0	37.0	38.0	39.0	40.0
PD_6P_filtered_2	1.0	8.0	81.0	250.0	442.0	739.0	1120.0	1456.0	1906.0	2607.0	3441.0	4677.0	5949.0	8329.0	11590.0	16820.0	26035.0	45308.0	83342.0	224999.0	1322117.0	650215.0
	20.0	21.0	22.0	23.0	24.0	25.0	26.0	27.0	28.0	29.0	30.0	31.0	32.0	33.0	34.0	35.0	36.0	37.0	38.0	39.0	40.0
PD_70P_filtered_1	2.0	21.0	98.0	271.0	573.0	917.0	1370.0	1897.0	2773.0	3895.0	5453.0	7519.0	10423.0	14269.0	21243.0	32607.0	54299.0	94353.0	235719.0	1440254.0	731046.0
	19.0	20.0	21.0	22.0	23.0	24.0	25.0	26.0	27.0	28.0	29.0	30.0	31.0	32.0	33.0	34.0	35.0	36.0	37.0	38.0	39.0	40.0
PD_70P_filtered_2	1.0	8.0	76.0	267.0	485.0	720.0	1018.0	1383.0	1778.0	2386.0	3338.0	4557.0	5866.0	8161.0	10995.0	16479.0	25759.0	44342.0	83107.0	234156.0	1449067.0	765053.0
	20.0	21.0	22.0	23.0	24.0	25.0	26.0	27.0	28.0	29.0	30.0	31.0	32.0	33.0	34.0	35.0	36.0	37.0	38.0	39.0	40.0
PD_73P_filtered_1	1.0	6.0	19.0	59.0	94.0	163.0	258.0	375.0	539.0	761.0	1060.0	1555.0	2407.0	3434.0	5388.0	9135.0	17014.0	33585.0	94524.0	665475.0	321653.0
	20.0	21.0	22.0	23.0	24.0	25.0	26.0	27.0	28.0	29.0	30.0	31.0	32.0	33.0	34.0	35.0	36.0	37.0	38.0	39.0	40.0
PD_73P_filtered_2	2.0	15.0	74.0	113.0	158.0	258.0	373.0	457.0	572.0	789.0	1109.0	1437.0	2048.0	2908.0	4259.0	6859.0	12818.0	26397.0	91010.0	693563.0	312286.0
	20.0	21.0	22.0	23.0	24.0	25.0	26.0	27.0	28.0	29.0	30.0	31.0	32.0	33.0	34.0	35.0	36.0	37.0	38.0	39.0	40.0
PD_74P_filtered_1	1.0	20.0	99.0	302.0	604.0	960.0	1530.0	2087.0	3157.0	4452.0	6538.0	8744.0	12276.0	16951.0	25210.0	39067.0	65814.0	113727.0	281277.0	1782038.0	933318.0
	20.0	21.0	22.0	23.0	24.0	25.0	26.0	27.0	28.0	29.0	30.0	31.0	32.0	33.0	34.0	35.0	36.0	37.0	38.0	39.0	40.0
PD_74P_filtered_2	17.0	78.0	240.0	476.0	828.0	1129.0	1481.0	1971.0	2663.0	3615.0	4747.0	6296.0	8811.0	12256.0	18336.0	28793.0	50853.0	95016.0	278095.0	1851731.0	930740.0
	19.0	20.0	21.0	22.0	23.0	24.0	25.0	26.0	27.0	28.0	29.0	30.0	31.0	32.0	33.0	34.0	35.0	36.0	37.0	38.0	39.0	40.0
PD_75P_filtered_1	1.0	2.0	22.0	131.0	374.0	655.0	1152.0	1739.0	2363.0	3511.0	4899.0	6725.0	8930.0	12532.0	16614.0	24401.0	36363.0	61008.0	101752.0	243176.0	1477194.0	789231.0
	19.0	20.0	21.0	22.0	23.0	24.0	25.0	26.0	27.0	28.0	29.0	30.0	31.0	32.0	33.0	34.0	35.0	36.0	37.0	38.0	39.0	40.0
PD_75P_filtered_2	1.0	11.0	74.0	270.0	462.0	866.0	1158.0	1568.0	2015.0	2821.0	3602.0	4732.0	6497.0	8716.0	12117.0	17753.0	27526.0	48314.0	87942.0	246580.0	1548012.0	771738.0
	21.0	22.0	23.0	24.0	25.0	26.0	27.0	28.0	29.0	30.0	31.0	32.0	33.0	34.0	35.0	36.0	37.0	38.0	39.0	40.0
PD_76P_filtered_1	10.0	71.0	212.0	420.0	695.0	1114.0	1587.0	2341.0	3371.0	4758.0	6437.0	9008.0	12756.0	19004.0	29272.0	50473.0	89068.0	229467.0	1412907.0	704752.0
	20.0	21.0	22.0	23.0	24.0	25.0	26.0	27.0	28.0	29.0	30.0	31.0	32.0	33.0	34.0	35.0	36.0	37.0	38.0	39.0	40.0
PD_76P_filtered_2	9.0	70.0	276.0	520.0	801.0	1075.0	1450.0	1852.0	2556.0	3386.0	4559.0	6120.0	8570.0	11874.0	17364.0	26736.0	46192.0	86820.0	243996.0	1418272.0	695225.0
	20.0	21.0	22.0	23.0	24.0	25.0	26.0	27.0	28.0	29.0	30.0	31.0	32.0	33.0	34.0	35.0	36.0	37.0	38.0	39.0	40.0
PD_77P_filtered_1	1.0	24.0	154.0	380.0	819.0	1348.0	2023.0	2908.0	4311.0	6091.0	8736.0	11786.0	16321.0	22449.0	33166.0	50028.0	83077.0	140171.0	337507.0	1952286.0	978595.0
	19.0	20.0	21.0	22.0	23.0	24.0	25.0	26.0	27.0	28.0	29.0	30.0	31.0	32.0	33.0	34.0	35.0	36.0	37.0	38.0	39.0	40.0
PD_77P_filtered_2	1.0	17.0	108.0	311.0	639.0	1003.0	1408.0	1899.0	2442.0	3348.0	4569.0	6042.0	7984.0	11344.0	15577.0	23350.0	36757.0	64384.0	118780.0	326225.0	1968938.0	1057055.0
	20.0	21.0	22.0	23.0	24.0	25.0	26.0	27.0	28.0	29.0	30.0	31.0	32.0	33.0	34.0	35.0	36.0	37.0	38.0	39.0	40.0
PD_78P_filtered_1	1.0	21.0	128.0	355.0	687.0	1065.0	1653.0	2357.0	3388.0	4623.0	6646.0	8687.0	12039.0	16621.0	23698.0	35896.0	58779.0	97922.0	234501.0	1346004.0	667631.0
	19.0	20.0	21.0	22.0	23.0	24.0	25.0	26.0	27.0	28.0	29.0	30.0	31.0	32.0	33.0	34.0	35.0	36.0	37.0	38.0	39.0	40.0
PD_78P_filtered_2	1.0	18.0	80.0	224.0	467.0	728.0	1103.0	1463.0	1901.0	2684.0	3487.0	4681.0	6143.0	8613.0	11973.0	17365.0	27642.0	47659.0	86967.0	236240.0	1355761.0	707502.0
	21.0	22.0	23.0	24.0	25.0	26.0	27.0	28.0	29.0	30.0	31.0	32.0	33.0	34.0	35.0	36.0	37.0	38.0	39.0	40.0
PD_79S_filtered_1	11.0	92.0	289.0	592.0	964.0	1495.0	2150.0	3176.0	4525.0	6487.0	8773.0	12666.0	17396.0	26253.0	41575.0	71111.0	125066.0	315630.0	1969874.0	1057415.0
	20.0	21.0	22.0	23.0	24.0	25.0	26.0	27.0	28.0	29.0	30.0	31.0	32.0	33.0	34.0	35.0	36.0	37.0	38.0	39.0	40.0
PD_79S_filtered_2	5.0	91.0	298.0	574.0	980.0	1345.0	1802.0	2394.0	3198.0	4169.0	5924.0	7758.0	10685.0	14981.0	22235.0	34978.0	62330.0	117806.0	342728.0	2056358.0	974901.0
	20.0	21.0	22.0	23.0	24.0	25.0	26.0	27.0	28.0	29.0	30.0	31.0	32.0	33.0	34.0	35.0	36.0	37.0	38.0	39.0	40.0
PD_7P_filtered_1	2.0	9.0	74.0	190.0	355.0	592.0	936.0	1298.0	1980.0	2647.0	3930.0	5273.0	7621.0	10903.0	16252.0	26344.0	47326.0	87130.0	238993.0	1737516.0	947538.0
	20.0	21.0	22.0	23.0	24.0	25.0	26.0	27.0	28.0	29.0	30.0	31.0	32.0	33.0	34.0	35.0	36.0	37.0	38.0	39.0	40.0
PD_7P_filtered_2	6.0	54.0	131.0	283.0	447.0	619.0	900.0	1156.0	1545.0	2034.0	2750.0	3745.0	5247.0	7266.0	11249.0	18189.0	32887.0	66145.0	213429.0	1723164.0	1045663.0
	21.0	22.0	23.0	24.0	25.0	26.0	27.0	28.0	29.0	30.0	31.0	32.0	33.0	34.0	35.0	36.0	37.0	38.0	39.0	40.0
PD_81P_filtered_1	1.0	0.0	0.0	0.0	0.0	1.0	2.0	1.0	1.0	3.0	3.0	2.0	5.0	2.0	8.0	17.0	31.0	61.0	384.0	171.0
	25.0	26.0	27.0	28.0	29.0	30.0	31.0	32.0	33.0	34.0	35.0	36.0	37.0	38.0	39.0	40.0
PD_81P_filtered_2	1.0	1.0	0.0	3.0	1.0	0.0	2.0	4.0	3.0	7.0	9.0	14.0	20.0	62.0	385.0	181.0
	19.0	20.0	21.0	22.0	23.0	24.0	25.0	26.0	27.0	28.0	29.0	30.0	31.0	32.0	33.0	34.0	35.0	36.0	37.0	38.0	39.0	40.0
PD_82P_filtered_1	1.0	2.0	27.0	149.0	345.0	699.0	1148.0	1610.0	2407.0	3453.0	5028.0	7010.0	9225.0	12873.0	17821.0	25928.0	39961.0	67291.0	115167.0	284682.0	1742666.0	879362.0
	19.0	20.0	21.0	22.0	23.0	24.0	25.0	26.0	27.0	28.0	29.0	30.0	31.0	32.0	33.0	34.0	35.0	36.0	37.0	38.0	39.0	40.0
PD_82P_filtered_2	2.0	21.0	115.0	324.0	639.0	1022.0	1384.0	1760.0	2352.0	3241.0	4324.0	5676.0	7586.0	10667.0	14249.0	21426.0	32778.0	57893.0	107285.0	297882.0	1765801.0	880428.0
	22.0	23.0	24.0	25.0	26.0	27.0	28.0	29.0	30.0	31.0	32.0	33.0	34.0	35.0	36.0	37.0	38.0	39.0	40.0
PD_83P_filtered_1	1.0	6.0	20.0	18.0	19.0	41.0	66.0	72.0	108.0	137.0	191.0	275.0	418.0	639.0	1011.0	1755.0	4351.0	26975.0	13320.0
	22.0	23.0	24.0	25.0	26.0	27.0	28.0	29.0	30.0	31.0	32.0	33.0	34.0	35.0	36.0	37.0	38.0	39.0	40.0
PD_83P_filtered_2	3.0	5.0	19.0	11.0	29.0	34.0	47.0	66.0	81.0	119.0	158.0	179.0	292.0	439.0	832.0	1429.0	4242.0	27590.0	13848.0
	20.0	21.0	22.0	23.0	24.0	25.0	26.0	27.0	28.0	29.0	30.0	31.0	32.0	33.0	34.0	35.0	36.0	37.0	38.0	39.0	40.0
PD_84P_filtered_1	2.0	24.0	147.0	330.0	741.0	1097.0	1732.0	2575.0	3742.0	5332.0	7673.0	10563.0	14372.0	19792.0	28752.0	43126.0	70658.0	115888.0	270941.0	1568033.0	867736.0
	19.0	20.0	21.0	22.0	23.0	24.0	25.0	26.0	27.0	28.0	29.0	30.0	31.0	32.0	33.0	34.0	35.0	36.0	37.0	38.0	39.0	40.0
PD_84P_filtered_2	2.0	13.0	78.0	248.0	459.0	764.0	1105.0	1500.0	1949.0	2791.0	3719.0	4905.0	6600.0	9297.0	12747.0	18889.0	29885.0	51797.0	92421.0	253257.0	1616522.0	924308.0
	20.0	21.0	22.0	23.0	24.0	25.0	26.0	27.0	28.0	29.0	30.0	31.0	32.0	33.0	34.0	35.0	36.0	37.0	38.0	39.0	40.0
PD_8P_filtered_1	2.0	36.0	154.0	422.0	885.0	1442.0	2079.0	3026.0	4421.0	6534.0	9131.0	12300.0	16874.0	23321.0	33917.0	51968.0	86517.0	145731.0	351998.0	2126755.0	1097980.0
	19.0	20.0	21.0	22.0	23.0	24.0	25.0	26.0	27.0	28.0	29.0	30.0	31.0	32.0	33.0	34.0	35.0	36.0	37.0	38.0	39.0	40.0
PD_8P_filtered_2	1.0	14.0	61.0	277.0	543.0	807.0	1178.0	1594.0	2077.0	2898.0	3804.0	5238.0	7124.0	10094.0	13675.0	21037.0	33867.0	60638.0	113065.0	327279.0	2191862.0	1178360.0
	20.0	21.0	22.0	23.0	24.0	25.0	26.0	27.0	28.0	29.0	30.0	31.0	32.0	33.0	34.0	35.0	36.0	37.0	38.0	39.0	40.0
PD_9P_filtered_1	7.0	29.0	129.0	361.0	761.0	1292.0	1860.0	2632.0	4052.0	5682.0	7890.0	10799.0	15065.0	20430.0	30096.0	45975.0	77477.0	131773.0	324329.0	1996375.0	1047683.0
	19.0	20.0	21.0	22.0	23.0	24.0	25.0	26.0	27.0	28.0	29.0	30.0	31.0	32.0	33.0	34.0	35.0	36.0	37.0	38.0	39.0	40.0
PD_9P_filtered_2	1.0	17.0	103.0	296.0	553.0	930.0	1245.0	1737.0	2321.0	3085.0	4157.0	5681.0	7432.0	10342.0	14167.0	21326.0	34045.0	59836.0	112298.0	317395.0	2030518.0	1097212.0
	23.0	24.0	25.0	26.0	27.0	28.0	29.0	30.0	31.0	32.0	33.0	34.0	35.0	36.0	37.0	38.0	39.0	40.0
PD_Extr_neg_plate1_filtered_1	1.0	0.0	1.0	1.0	0.0	0.0	1.0	5.0	3.0	5.0	9.0	11.0	18.0	34.0	43.0	138.0	767.0	343.0
	24.0	25.0	26.0	27.0	28.0	29.0	30.0	31.0	32.0	33.0	34.0	35.0	36.0	37.0	38.0	39.0	40.0
PD_Extr_neg_plate1_filtered_2	1.0	1.0	2.0	2.0	0.0	4.0	5.0	3.0	2.0	4.0	4.0	11.0	21.0	51.0	136.0	743.0	390.0
	24.0	25.0	26.0	27.0	28.0	29.0	30.0	31.0	32.0	33.0	34.0	35.0	36.0	37.0	38.0	39.0	40.0
PD_Extr_neg_plate2_filtered_1	3.0	0.0	0.0	2.0	0.0	1.0	0.0	0.0	2.0	0.0	1.0	0.0	2.0	3.0	4.0	7.0	8.0
	23.0	24.0	25.0	26.0	27.0	28.0	29.0	30.0	31.0	32.0	33.0	34.0	35.0	36.0	37.0	38.0	39.0	40.0
PD_Extr_neg_plate2_filtered_2	1.0	0.0	0.0	0.0	0.0	0.0	0.0	1.0	2.0	0.0	2.0	0.0	0.0	1.0	4.0	3.0	14.0	5.0
	23.0	24.0	25.0	26.0	27.0	28.0	29.0	30.0	31.0	32.0	33.0	34.0	35.0	36.0	37.0	38.0	39.0	40.0
PD_Extr_neg_plate3_filtered_1	1.0	0.0	0.0	0.0	2.0	2.0	1.0	2.0	1.0	2.0	1.0	10.0	7.0	10.0	14.0	48.0	231.0	120.0
	23.0	24.0	25.0	26.0	27.0	28.0	29.0	30.0	31.0	32.0	33.0	34.0	35.0	36.0	37.0	38.0	39.0	40.0
PD_Extr_neg_plate3_filtered_2	1.0	0.0	0.0	1.0	0.0	0.0	3.0	1.0	1.0	2.0	5.0	1.0	5.0	7.0	13.0	38.0	253.0	121.0
	22.0	23.0	24.0	25.0	26.0	27.0	28.0	29.0	30.0	31.0	32.0	33.0	34.0	35.0	36.0	37.0	38.0	39.0	40.0
PD_Extr_pos_plate1_filtered_1	3.0	1.0	7.0	15.0	30.0	34.0	39.0	59.0	74.0	104.0	159.0	179.0	247.0	392.0	681.0	1033.0	2706.0	16169.0	6545.0
	21.0	22.0	23.0	24.0	25.0	26.0	27.0	28.0	29.0	30.0	31.0	32.0	33.0	34.0	35.0	36.0	37.0	38.0	39.0	40.0
PD_Extr_pos_plate1_filtered_2	4.0	12.0	16.0	36.0	45.0	48.0	58.0	57.0	90.0	106.0	118.0	148.0	192.0	301.0	382.0	675.0	1150.0	3197.0	16697.0	5145.0
	21.0	22.0	23.0	24.0	25.0	26.0	27.0	28.0	29.0	30.0	31.0	32.0	33.0	34.0	35.0	36.0	37.0	38.0	39.0	40.0
PD_Extr_pos_plate2_filtered_1	1.0	1.0	1.0	0.0	0.0	1.0	2.0	2.0	3.0	5.0	3.0	3.0	2.0	5.0	5.0	12.0	23.0	58.0	355.0	196.0
	25.0	26.0	27.0	28.0	29.0	30.0	31.0	32.0	33.0	34.0	35.0	36.0	37.0	38.0	39.0	40.0
PD_Extr_pos_plate2_filtered_2	2.0	2.0	0.0	0.0	2.0	1.0	2.0	2.0	2.0	6.0	17.0	11.0	19.0	61.0	394.0	157.0
	20.0	21.0	22.0	23.0	24.0	25.0	26.0	27.0	28.0	29.0	30.0	31.0	32.0	33.0	34.0	35.0	36.0	37.0	38.0	39.0	40.0
PD_Extr_pos_plate3_filtered_1	1.0	38.0	231.0	554.0	1262.0	2024.0	2987.0	4180.0	6142.0	8523.0	12046.0	16162.0	22232.0	30108.0	43870.0	66535.0	111212.0	190380.0	468168.0	2931634.0	1276515.0
	19.0	20.0	21.0	22.0	23.0	24.0	25.0	26.0	27.0	28.0	29.0	30.0	31.0	32.0	33.0	34.0	35.0	36.0	37.0	38.0	39.0	40.0
PD_Extr_pos_plate3_filtered_2	2.0	35.0	162.0	498.0	862.0	1410.0	1937.0	2552.0	3232.0	4498.0	6029.0	8076.0	10409.0	14672.0	20683.0	30505.0	47737.0	85117.0	158325.0	457442.0	3025029.0	1315592.0
	22.0	23.0	24.0	25.0	26.0	27.0	28.0	29.0	30.0	31.0	32.0	33.0	34.0	35.0	36.0	37.0	38.0	39.0	40.0
PD_Lib_neg_plate1_filtered_1	1.0	1.0	1.0	2.0	0.0	2.0	2.0	3.0	3.0	9.0	14.0	11.0	23.0	30.0	48.0	95.0	187.0	1118.0	491.0
	21.0	22.0	23.0	24.0	25.0	26.0	27.0	28.0	29.0	30.0	31.0	32.0	33.0	34.0	35.0	36.0	37.0	38.0	39.0	40.0
PD_Lib_neg_plate1_filtered_2	1.0	0.0	0.0	1.0	3.0	1.0	1.0	4.0	5.0	4.0	4.0	12.0	14.0	14.0	32.0	33.0	74.0	191.0	1136.0	511.0
	25.0	26.0	27.0	28.0	29.0	30.0	31.0	32.0	33.0	34.0	35.0	36.0	37.0	38.0	39.0	40.0
PD_Lib_neg_plate2_filtered_1	1.0	0.0	0.0	0.0	1.0	0.0	0.0	2.0	0.0	0.0	4.0	3.0	8.0	33.0	171.0	84.0
	31.0	32.0	33.0	34.0	35.0	36.0	37.0	38.0	39.0	40.0
PD_Lib_neg_plate2_filtered_2	3.0	0.0	0.0	2.0	0.0	5.0	10.0	45.0	173.0	69.0
	20.0	21.0	22.0	23.0	24.0	25.0	26.0	27.0	28.0	29.0	30.0	31.0	32.0	33.0	34.0	35.0	36.0	37.0	38.0	39.0	40.0
PD_Lib_pos_plate1_filtered_1	3.0	19.0	124.0	342.0	766.0	1145.0	1806.0	2449.0	3667.0	4910.0	7061.0	9488.0	13223.0	18302.0	27135.0	42554.0	74198.0	135665.0	357706.0	2344474.0	965813.0
	19.0	20.0	21.0	22.0	23.0	24.0	25.0	26.0	27.0	28.0	29.0	30.0	31.0	32.0	33.0	34.0	35.0	36.0	37.0	38.0	39.0	40.0
PD_Lib_pos_plate1_filtered_2	3.0	6.0	114.0	329.0	672.0	1008.0	1398.0	1953.0	2491.0	3430.0	4481.0	6195.0	8026.0	11302.0	15665.0	23363.0	36982.0	65663.0	129000.0	393008.0	2428306.0	877455.0
	19.0	20.0	21.0	22.0	23.0	24.0	25.0	26.0	27.0	28.0	29.0	30.0	31.0	32.0	33.0	34.0	35.0	36.0	37.0	38.0	39.0	40.0
PD_Lib_pos_plate2_filtered_1	1.0	5.0	44.0	227.0	467.0	1143.0	1715.0	2601.0	3463.0	5156.0	7199.0	9551.0	12651.0	17066.0	22691.0	33116.0	50054.0	83878.0	145828.0	363023.0	2172111.0	862292.0
	20.0	21.0	22.0	23.0	24.0	25.0	26.0	27.0	28.0	29.0	30.0	31.0	32.0	33.0	34.0	35.0	36.0	37.0	38.0	39.0	40.0
PD_Lib_pos_plate2_filtered_2	27.0	197.0	570.0	1085.0	1716.0	2325.0	3046.0	4013.0	5286.0	6872.0	9231.0	12083.0	16396.0	22260.0	32424.0	49524.0	84524.0	156205.0	429577.0	2255494.0	701427.0

