Sample	1	2	3	4	5	6	7	8	9	12	17	22	27	32	37	42	47	52	57	62	67	72	77	82	87	92	97	102	107	112	117	122	127	132	137	142	147	150
PD_100P_filtered_1	0.000255041696129	0.110815616968	0.000318802120162	0.136957390821	0.000573843816291	0.00041444275621	0.000637604240323	0.109636049124	0.154077064674	0.015876345584	3.18802120162e-05	0.0311788473518	0.000102016678452	0.018216353146	0.0633013489793	0.00021678544171	0.0649017356225	0.000114768763258	0.0345326456559	0.000191843480276	0.0368952805179	9.7623480035e-05	0.0171083111386	0.0134009935794	0.000364990293286	0.0464354622237	0.0323718920942	0.016303934939	0.0319432084601	0.0113020201823	0.0170596399694	0.01635454279	0.0180917889879	0.0783641736474	2.52790554936e-05	5.23408804521e-05	0.0186779928518	0.0
PD_100P_filtered_2	0.0587233505338	0.021742304595	6.37604240323e-05	0.160134304957	3.18802120162e-05	0.194405532875	0.0	0.00347494310976	3.18802120162e-05	0.033078907988	0.0167498633933	0.0313573765391	0.00134534494708	0.137913797182	0.0321543818395	0.0295147002846	0.0675732973895	0.0524557008514	0.000280545865742	0.0180522971788	0.000509337444826	0.0317430495188	0.0179793264738	0.099265725686	0.014054564717	0.129361716392	9.08216861507e-05	0.000185089213001	0.000297891379503	0.0329470179124	0.000212973801104	0.0167770008076	0.000625678821414	0.0479398638154	0.0487166004222	0.0450218880493	0.0448868982587	0.0358656250385
PD_104P_filtered_1	0.000342199289167	0.110038458923	0.000299424378021	0.141948542637	0.000320811833594	0.000684398578333	0.000470524022604	0.125180777468	0.158716307807	0.0158053296684	4.27749111458e-05	0.0320555184127	0.00015826717124	0.0177601431077	0.0646371682324	0.000222429537958	0.0657279284667	0.000235262011302	0.0346220130814	0.000181074092716	0.0357736939462	9.03996355448e-05	0.0174857859358	0.0145019700472	0.000343688125242	0.0487777340898	0.0345472138612	0.016801558024	0.0319982513897	0.0120013869091	0.0182404884491	0.0178883546131	0.0181090507673	0.0834302600667	2.35593533931e-05	7.49626498597e-05	0.0180032668004	0.0
PD_104P_filtered_2	0.0591577021147	0.0197192340382	4.27749111458e-05	0.168233725536	2.13874555729e-05	0.208998215858	0.0	0.00286591904677	0.0	0.0339889443965	0.0168533149915	0.0323720527552	0.0010565403053	0.146914709821	0.0339076720653	0.030909150794	0.0695562830142	0.0529253975607	0.000183932117927	0.017758748522	0.000325956999841	0.0329147997742	0.0178778440957	0.10154353866	0.0139997813405	0.133716327651	3.23071975105e-05	0.0001461241743	0.000158737008405	0.0346129742095	0.000135815532498	0.0162458141347	0.000444405483304	0.0497546185905	0.0484103514786	0.0466191569066	0.0473304212976	0.0363166635566
PD_105P_filtered_1	0.000254318891093	0.105605919527	0.000127159445547	0.134884381864	0.00028610875248	0.000604007366347	0.00038147833664	0.111169145269	0.154689465508	0.0153481450775	7.6295667328e-05	0.0307916597391	0.000127159445547	0.0175734353745	0.0621682529278	0.000152591334656	0.0622127587337	0.000133517417824	0.0323175730857	0.000199015924034	0.0357678301447	9.4920518304e-05	0.0178157573694	0.0124149979836	0.000255338048426	0.043807544676	0.0332367537181	0.0163426612823	0.0300583858965	0.0100395044331	0.0175328838492	0.015951801332	0.0169626813509	0.0738325855303	0.0	7.45846288787e-05	0.0186086067578	0.0
PD_105P_filtered_2	0.0586522942584	0.0197732937825	0.0	0.165084750181	0.0	0.193854574736	0.0	0.00203455112875	0.0	0.0336463892916	0.0157359813864	0.0294692015054	0.000902832063381	0.13733220119	0.0308870293233	0.0295009913668	0.0679158598665	0.0512071087216	8.90116118827e-05	0.0167268774347	0.000283202309456	0.0312394414415	0.0176320012573	0.0975170557171	0.0127147690749	0.123958894526	8.10523250305e-06	7.60800192736e-05	0.000167758968858	0.0334793249925	0.000116224032282	0.0161338101183	0.000385495599568	0.0463572476983	0.0454636447896	0.0412336203641	0.0453856970482	0.0313979485053
PD_107P_filtered_1	0.0	0.0	0.0	0.0	0.0	0.0	0.0	0.0	0.0	0.0	0.0	0.0	0.0	0.0301659125189	0.120663650075	0.0	0.0603318250377	0.0	0.0	0.0	0.0	0.0	0.0	0.0342348510784	0.0	0.0728862973761	0.075329566855	0.0	0.0	0.0447227191413	0.0930665425779	0.0491883915396	0.0	0.158562367865	0.0	0.0	0.0	0.0
PD_107P_filtered_2	0.0	0.0	0.0	0.150829562594	0.0	0.301659125189	0.0	0.0	0.0	0.0301659125189	0.0	0.0301659125189	0.0301659125189	0.211161387632	0.0603318250377	0.0	0.0904977375566	0.0603318250377	0.0	0.0	0.03125	0.0323519896474	0.0662910175671	0.068306010929	0.0	0.217627856366	0.0	0.0	0.0	0.0445235975067	0.0	0.0	0.0	0.0527148128624	0.0	0.11954572624	0.0	0.0
PD_108S_filtered_1	0.000172426774659	0.107441039143	0.00024906089673	0.143248332681	0.000344853549319	0.000498121793461	0.000555597385014	0.120794534914	0.153249085611	0.0164571777147	6.13072976567e-05	0.0326499677083	0.000153268244142	0.0180894845148	0.0651428354663	0.000149436538038	0.066943737335	0.000214575541798	0.034749742653	0.00021987569	0.0367624058482	0.00012036874242	0.0180596004602	0.0144471379937	0.000325029297057	0.0472812647866	0.0338412436703	0.0162956498375	0.0329553724526	0.0116334598742	0.0177610649764	0.0178251466794	0.0175233947093	0.0819689423518	1.23591733987e-05	5.83346582863e-05	0.0185154128034	0.0
PD_108S_filtered_2	0.0592190178303	0.0198290790858	0.0	0.165299801307	3.83170610354e-05	0.207889214648	3.83170610354e-05	0.00275882839455	0.0	0.0339029356042	0.0166334361955	0.0328032359524	0.00106904600289	0.141907235545	0.0332898626276	0.0302934684546	0.0696489218441	0.053030812473	0.000222238954006	0.0171829046337	0.000502875011084	0.0324228133847	0.0184580170882	0.100870955563	0.0140729897978	0.131497114536	6.44866464507e-05	0.000176171835532	0.000305608738596	0.0342070437791	0.000106122318601	0.0166806030474	0.000569263955506	0.0498766063663	0.0482460722788	0.0457643407867	0.046691366169	0.0350637273868
PD_109S_filtered_1	0.000248695643163	0.110483039475	0.000290144917024	0.143248690462	0.000414492738605	0.000559565197117	0.000414492738605	0.119912749279	0.156284487091	0.0156305211728	7.4608692949e-05	0.0315636220448	0.000190666659758	0.0188842891709	0.0651582585088	0.000198956514531	0.0658338816727	0.000207246369303	0.0343863175947	0.000187901663293	0.0364724951657	0.000100350563787	0.0182380461502	0.0139171281838	0.000304634031001	0.0484116412043	0.0328734795507	0.0160849301186	0.0313608417613	0.0120640917221	0.0179849335923	0.0182259752231	0.0174444037848	0.0811036672228	2.05133324695e-05	3.57384116949e-05	0.0183154556174	0.0
PD_109S_filtered_2	0.0591688384359	0.0193568108929	8.28985477211e-05	0.167206370753	2.07246369303e-05	0.203039268006	2.07246369303e-05	0.00261130425321	2.07246369303e-05	0.0331718538706	0.0172387529986	0.031791593051	0.00103208691913	0.141060168802	0.0330682306859	0.0303159989016	0.0692327221292	0.0537970125436	0.000182376804986	0.018123935151	0.00036215361764	0.0327444080395	0.0184041974831	0.101317001063	0.0136305877435	0.132630184083	5.09118905077e-05	0.000168823225095	0.000224342225858	0.0339953422121	0.000112135657233	0.0164510010004	0.000536746118511	0.0491383421635	0.0492975256669	0.0446395757627	0.0476662988419	0.0352665392411
PD_10P_filtered_1	0.000274068070678	0.111624009929	0.000195762907627	0.141575734796	0.000117457744576	0.000548136141356	0.000391525815255	0.123878767947	0.151912016319	0.0152538457623	3.91525815255e-05	0.0318702013617	0.000109627228271	0.0176499837517	0.0650089463649	0.000258407038068	0.0634741651691	0.000172271358712	0.0346970177479	0.000174231356591	0.0347071031342	0.000101058954678	0.0166065615435	0.015109714318	0.000253233938075	0.047090501332	0.0328863730137	0.0156135803876	0.0326566631402	0.0126519035008	0.0180627833449	0.0179093740334	0.0175286801497	0.0816275384319	2.84686364591e-05	2.99075617083e-05	0.0170512218389	0.0
PD_10P_filtered_2	0.0577500577501	0.0203984949748	7.83051630509e-05	0.161152025559	7.83051630509e-05	0.213420721895	0.0	0.00313220652204	3.91525815255e-05	0.0338591525032	0.0168356100559	0.0324183375031	0.00143298448383	0.144097161046	0.032802032802	0.0294818938887	0.066551558077	0.0511097799233	0.000133118777187	0.0171888550029	0.000432129848986	0.0324711341044	0.0180531557012	0.098385326882	0.0146438126938	0.129733417808	7.10167971972e-05	0.000116310618715	0.000286842649045	0.0344758552673	0.000144462030021	0.015500619647	0.00052710957488	0.0485791649722	0.0473666911048	0.0457531223283	0.0448499428678	0.0359339844931
PD_110S_filtered_1	0.000230851153332	0.112629712698	0.000359101794073	0.14169130789	0.000461702306665	0.000487352434813	0.000795153972589	0.11786233884	0.15595277914	0.0153336466069	1.53900768888e-05	0.0317189484679	0.00013338066637	0.0179294395755	0.063725178371	0.000189810948295	0.0655206873414	0.000194940973925	0.0345353325385	0.000227669738138	0.0357400791621	0.000114151329439	0.017709774828	0.0136804235736	0.000322449469481	0.0466432864305	0.0331062288888	0.0160546929874	0.0321527690954	0.0114903124441	0.0175549944986	0.0177692312954	0.01652030432	0.0810411193759	1.8003978159e-05	0.000104125736181	0.0186177102989	0.0
PD_110S_filtered_2	0.0608934042234	0.0206996534155	7.69503844441e-05	0.163186115278	0.0	0.208022539281	2.5650128148e-05	0.00307801537776	0.0	0.0327398235682	0.0167649237576	0.0311700357255	0.00124659622799	0.138418351538	0.0331091854135	0.0305133924449	0.0681883006688	0.0527315334467	0.000241111204592	0.0174345842242	0.000444722360624	0.0322791790329	0.0180484012595	0.100246095854	0.0141337194361	0.128480200785	1.28571102552e-05	0.000200697839769	0.000292905678025	0.034697237308	0.000152102509182	0.0162083878288	0.000508191166854	0.0481373157613	0.0469522112103	0.0460125611349	0.0456992894433	0.0335525944143
PD_111P_filtered_1	0.000249952384071	0.111928677587	0.000249952384071	0.137823744577	0.000124976192035	0.00059988572177	0.000549895244956	0.113728334752	0.160544416289	0.0160069506759	4.49914291328e-05	0.0325837927875	0.00013997333508	0.0184314888014	0.0639878103221	0.000154970478124	0.0654575303405	0.000114978096673	0.0350933147235	0.000181069805679	0.036599627045	7.82906091041e-05	0.0176423828131	0.0138058922233	0.000355111454548	0.0472709912037	0.0339809891538	0.0167952800408	0.0329713102425	0.0119227248816	0.0178327273379	0.0177948039319	0.0178006594713	0.0804714880813	1.64742230303e-05	6.92995410291e-05	0.0181682264561	0.0
PD_111P_filtered_2	0.0608384102828	0.0204960954938	2.49952384071e-05	0.161194292487	4.99904768142e-05	0.196437578641	4.99904768142e-05	0.00257450955593	2.49952384071e-05	0.0343884490005	0.016726813542	0.0323838308802	0.00106479715614	0.140068316986	0.0334136347026	0.0306441622871	0.0688468846685	0.0531298787581	0.000159969525805	0.0173201050109	0.000306908589067	0.0327231312097	0.0181796932133	0.0978927852141	0.0131776818767	0.131240393207	2.40344996014e-05	9.95950403413e-05	0.000239099409457	0.0346376973472	4.19929078178e-05	0.0164445760465	0.000419687558637	0.0495451520278	0.0485282563993	0.0455998053483	0.0469419604833	0.0357111357387
PD_112S_filtered_1	0.0	0.0731328274979	0.0	0.109699241247	0.0	0.0	0.0	0.0548496206235	0.26510649968	0.016454886187	0.0	0.0347380930615	0.0	0.0237681689368	0.0859310723101	0.0	0.036566413749	0.0	0.0402230551239	0.0	0.0414242407125	0.0	0.0356965790778	0.00205027268627	0.0	0.0395682662505	0.0204866722815	0.0189546509975	0.0247543134391	0.010395010395	0.00815505477478	0.022792022792	0.0209675003744	0.133973080758	0.0	0.0	0.0112015532821	0.0
PD_112S_filtered_2	0.0548496206235	0.0	0.0	0.10055763781	0.0	0.127982448121	0.0	0.00914160343724	0.0	0.0457080171862	0.016454886187	0.0274248103117	0.0	0.138952372246	0.0457080171862	0.0457080171862	0.0877593929975	0.0639912240607	0.0	0.0165993470923	0.0	0.0424341788022	0.017850767583	0.119006093933	0.00212530816968	0.140817179696	0.00227837142011	0.0	0.00247739378174	0.0494058298879	0.0	0.0057090659968	0.00300219159987	0.0593583054766	0.0430306841879	0.0351951571464	0.0528601094959	0.0499400719137
PD_113P_filtered_1	0.000324571129966	0.111348183274	0.000243428347474	0.134271019328	0.00028399973872	0.000608570868686	0.000669427955555	0.110557041145	0.151169003782	0.0154495857864	5.27428086195e-05	0.0314022568242	0.00014199986936	0.0172752983924	0.061031543851	0.000198799817104	0.0635875414995	0.000178514121481	0.0345952253152	0.00021203111002	0.0360468462648	0.000121778537751	0.0174147196903	0.0134425973207	0.00026258144531	0.0456423609183	0.0322466018657	0.0161673155921	0.0325751731361	0.0108710624711	0.0177020950085	0.0172219609926	0.0170342070919	0.0793756670985	2.36280212265e-05	6.15019388486e-05	0.0180994940363	0.0
PD_113P_filtered_2	0.0602282303043	0.0214216945778	2.02856956229e-05	0.159952709986	0.0	0.194255821285	0.0	0.00324571129966	2.02856956229e-05	0.0332076837346	0.0168858130365	0.0313170569026	0.00135914160673	0.138100958661	0.031820142154	0.0292357445317	0.0672430238507	0.0522356662289	0.000206914095353	0.0172217374531	0.000471208109806	0.0309370253084	0.01821819007	0.0969508776845	0.0129294726863	0.12717161594	5.13007491495e-05	0.000210542222305	0.000260587754205	0.0329004052168	0.000104264403684	0.0157442339771	0.000528765070292	0.0475810402938	0.04641443742	0.044688421402	0.0458962833116	0.033726195361
PD_114P_filtered_1	0.000179021700115	0.113350573123	0.000268532550173	0.144231816393	0.000447554250288	0.000716086800462	0.000477391200308	0.129701221734	0.159836541253	0.0161179204004	4.77391200308e-05	0.0322418081908	0.000143217360092	0.0180811917117	0.066781061533	0.000196923870127	0.0671808766633	0.000184989090119	0.0345332859523	0.000241478743381	0.0356332426394	0.000115931537275	0.017588875277	0.014524010004	0.000377517771286	0.0476113070894	0.0336965452249	0.0163479648872	0.033141488066	0.0121374244866	0.0184016496606	0.0179621392651	0.0168965931755	0.0842150674613	0.0	8.8465534965e-05	0.0192597823645	0.0
PD_114P_filtered_2	0.0614641170396	0.0210350497636	2.98369500192e-05	0.165237029206	0.0	0.215601800839	0.0	0.00268532550173	0.0	0.0339604165119	0.0172815614511	0.0330533732313	0.0010860649807	0.146750054975	0.0340379925819	0.0311199388701	0.0687443328443	0.0530202601842	0.000143217360092	0.0174541746439	0.000273821336059	0.0334883335348	0.0184939635476	0.0998618938651	0.0148754669445	0.1315684833	5.56686379992e-05	0.000150292657377	0.000201934426448	0.0352323928819	4.86907211164e-05	0.0168775850869	0.000445082468354	0.0490948108964	0.0481264286044	0.0457699204183	0.044939651024	0.0339256917456
PD_115S_filtered_1	0.000217269857582	0.107602896968	0.000271587321978	0.136472629294	0.000298746054176	0.000380222250769	0.000543174643956	0.107955960486	0.152903662274	0.01554565831	4.8885717956e-05	0.031140202338	0.000114066675231	0.0184299156694	0.064887642967	0.000152088900308	0.0639099286078	0.000130361914549	0.0348446534098	0.000201747658173	0.0365990575178	8.92490783359e-05	0.0183209150072	0.0136968869154	0.000333474816362	0.0456509289254	0.032631032142	0.0159609209844	0.0323130477852	0.00982089905676	0.0176949551636	0.0178303106794	0.0173268351353	0.0793788096287	1.52542688309e-05	3.97204979775e-05	0.0186493272465	0.0
PD_115S_filtered_2	0.0604824966045	0.0187938426809	0.0	0.162572170936	2.71587321978e-05	0.193315855784	0.0	0.00279734941637	0.0	0.0343014787658	0.0160996964469	0.0311945198024	0.000803898473055	0.138851734234	0.0321233484435	0.0295487006312	0.0682933479846	0.0522751277343	0.000179247632505	0.0169512151769	0.000247966987549	0.0324349584261	0.017767605825	0.0984499734043	0.0127038690098	0.128999480554	4.26489481003e-05	0.000130908843372	0.000261900118577	0.0341475471772	8.77275500813e-05	0.0160268588721	0.000294746277013	0.0489422924473	0.0472026064081	0.044594848165	0.0456211904931	0.0347782954004
PD_116P_filtered_1	0.000445127923533	0.11019586875	0.000213661403296	0.142298494595	0.000427322806592	0.000480738157416	0.000569763742123	0.121502118008	0.153800600139	0.0160922646916	5.3415350824e-05	0.0314011042377	0.000181612192802	0.0178834594559	0.0641589583864	0.000188734239578	0.0657400527708	0.000213661403296	0.0346451965445	0.000233111234513	0.0349803884911	0.000134600819397	0.0173517835905	0.0140140133041	0.000304385908734	0.0483593346962	0.033126318026	0.0161978311862	0.0323427141788	0.0126353645665	0.0175450488265	0.0177418398435	0.0172584146978	0.0836527202991	1.18353216772e-05	8.08499242561e-05	0.0183073315258	0.0
PD_116P_filtered_2	0.0608934999394	0.0212771147449	5.3415350824e-05	0.164234398667	0.0	0.214195556804	0.0	0.00270637777508	0.0	0.0340006513112	0.0166335402466	0.0327079998212	0.00111103929714	0.145111703072	0.0329928816923	0.0301405019583	0.0670398263075	0.051535130475	0.000156685029084	0.0171178815707	0.000328982851915	0.0321955997603	0.0182493295201	0.0989005310823	0.0141221060332	0.131508603999	5.1947163674e-05	8.51868802879e-05	0.000218648411354	0.0346078679088	0.000110724921598	0.0170482525384	0.000339904696206	0.049350579534	0.0479566640661	0.0465671384798	0.0457272414377	0.0367008698861
PD_117_filtered_1	9.89672274975e-05	0.108393855917	0.000346385296241	0.132517117619	0.000296901682492	0.000544319751236	0.000544319751236	0.112896864768	0.15839704761	0.015839704761	2.96901682492e-05	0.0317585833039	0.000128657395747	0.0175221476284	0.0618050335722	0.000153399202621	0.0644771487146	0.000123709034372	0.0335795802899	0.000194070422085	0.0351743358342	7.20092488679e-05	0.016713660828	0.0134184139499	0.000209028548074	0.0463352331814	0.032264835158	0.0157786245207	0.0326922005512	0.0112471691054	0.0169022543887	0.0168778607991	0.0169272775481	0.0808247174493	7.63670251157e-06	4.79337632086e-05	0.017450539831	0.0
PD_117_filtered_2	0.0580442789273	0.0190511912933	2.47418068744e-05	0.16314747453	0.0	0.19654891381	0.0	0.0027958241768	2.47418068744e-05	0.0332480400778	0.0163048507302	0.0306946856083	0.00102925916597	0.13511005898	0.0313033340574	0.0295714075762	0.0670552449909	0.0508741032951	0.00021277953912	0.0169328713408	0.000373934879342	0.0307489377523	0.017887162864	0.0975856674487	0.0130357979851	0.129415145007	5.81153426829e-05	0.000167737701846	0.000259824329059	0.0330285258223	6.62396022868e-05	0.0159460048078	0.000463934515857	0.0466842471253	0.0481184537978	0.0454266816402	0.04591404594	0.0357559942386
PD_118_filtered_1	0.000221545605532	0.111117429264	0.000172313248747	0.135487445872	0.000246161783925	0.000270777962317	0.000787717708559	0.10351103014	0.156780440182	0.0156214268079	5.41555924634e-05	0.0326459757841	7.38485351774e-05	0.0189987664833	0.0630026469777	0.000177236484426	0.0643811529676	0.000123080891962	0.035127286566	0.000242873003243	0.0378255520865	9.26311269508e-05	0.0182290546953	0.0122122035528	0.000319773203612	0.0455715971446	0.0326357684196	0.0156564274068	0.0329049719076	0.00931706830446	0.0188838582096	0.0178960807251	0.0173908535873	0.0748860333423	7.20935728436e-06	6.71705653209e-05	0.0190407631649	0.0
PD_118_filtered_2	0.0627712549008	0.0205052766009	4.92323567849e-05	0.159611300697	4.92323567849e-05	0.182775124564	0.0	0.00270777962317	0.0	0.0339654029459	0.0163648353953	0.0312822395011	0.00129973421912	0.137658592806	0.0317351771836	0.0299037335112	0.068693907422	0.0532940262197	0.000236315312568	0.0179872749819	0.000464356640436	0.0319602062484	0.0189090314636	0.0972348430921	0.0120207067436	0.128925813078	6.38496399025e-05	0.000208579668405	0.000336611892364	0.0339769811295	0.000161540460167	0.015558229818	0.000445528579219	0.0490252147297	0.0463896018995	0.0449087914534	0.0447528425402	0.0325670265434
PD_119P_filtered_1	0.00020182464617	0.110524221859	0.000327965050026	0.142715252923	0.000227052726941	0.00060547393851	0.000555017776967	0.121498436994	0.154269713916	0.0160046944413	6.0547393851e-05	0.032221304761	0.000242189575404	0.0180279865191	0.0639683216035	0.000222007110787	0.064735255259	0.000186687797707	0.0344565127173	0.000203640180224	0.0359868387412	0.000123369822014	0.0171223166854	0.0143166806267	0.000391618277086	0.0483937803386	0.0329282266757	0.0163401002608	0.0327571331668	0.0117849354811	0.017110513489	0.0177392091246	0.0176772320299	0.0813717253735	1.84109643921e-05	6.79860558657e-05	0.0186999499075	0.0
PD_119P_filtered_2	0.0589832528431	0.0222259391595	2.52280807712e-05	0.164714139355	0.0	0.207349595859	0.0	0.00343101898489	2.52280807712e-05	0.0336845334457	0.0169885895913	0.0340579090412	0.00128663211933	0.142150143914	0.0324029469426	0.0302383776124	0.0671420141646	0.0516469269549	0.000176596565399	0.017433962948	0.000464207465896	0.0318748993855	0.0186537491851	0.0983872457442	0.0135902891034	0.13083517026	6.42289056538e-05	0.000160842568433	0.000392313733293	0.0331976412442	0.000122965034355	0.0158911785003	0.000669522221315	0.0507902966649	0.0475566557739	0.0446059640758	0.0444784477705	0.0355323421794
PD_11P_filtered_1	0.00022923167401	0.107586065669	0.000152821116007	0.14426313351	0.000254701860011	0.000662224836029	0.00068769502203	0.121900310201	0.151878719125	0.0154807790515	4.5846334802e-05	0.032082246287	0.000137539004406	0.0181296783956	0.0651476417537	0.000188479376408	0.0658760890733	0.000183385339208	0.0345528543291	0.000190346930946	0.0353105385951	0.000119643063411	0.0174907962891	0.0142603377001	0.000258620233389	0.0469073980551	0.0334004195907	0.0160035778897	0.0321393493564	0.0125246478176	0.0178639014102	0.017677999909	0.0175441543906	0.0812675669493	1.80265164649e-05	6.62344897749e-05	0.0176696965302	0.0
PD_11P_filtered_2	0.0590398911506	0.0204525593589	0.0	0.165199626403	2.54701860011e-05	0.213058105899	0.0	0.00348941548215	2.54701860011e-05	0.0335085767031	0.0169631438768	0.0322045031798	0.00141614234166	0.142245894779	0.0334932945915	0.030554035127	0.0687644081658	0.0516280670243	0.000300548194813	0.0169685349663	0.00046997473965	0.0331361528367	0.0182062812624	0.100501882655	0.0137963817636	0.129298383218	6.48686672207e-05	0.000148505501386	0.000302394060812	0.0338213753146	0.000176104704813	0.0164067872103	0.000635628960293	0.0501586356437	0.0493331228598	0.0452871885782	0.047323251618	0.0344976894693
PD_120S_filtered_1	0.000185059413325	0.112053474768	0.000215902648879	0.138146852047	0.000431805297758	0.000986983537731	0.000709394417744	0.120103559248	0.151532816277	0.0155141474837	5.55178239974e-05	0.0305409718457	0.00022207129599	0.0175436323832	0.0623896968788	0.0002282399431	0.0652149372556	0.000178890766214	0.0343223525246	0.000161767144284	0.0348877754254	8.51037086887e-05	0.017014745663	0.0144692093062	0.000311190309447	0.047011014009	0.0327374122066	0.0156466956523	0.0314469647707	0.0119235199016	0.0180545915901	0.017186804297	0.0162001066781	0.0806264231362	3.34624276612e-05	9.4000312551e-05	0.0174887907394	0.0
PD_120S_filtered_2	0.0607920172771	0.0208808704701	0.0	0.161957829895	0.0	0.206310402621	0.0	0.00370118826649	0.0	0.0320029412109	0.0167910574357	0.032342216802	0.00140645154127	0.140688334657	0.0328233712767	0.0293750975417	0.0683671159292	0.0524088258535	0.000296095061319	0.0171008854576	0.000382187416556	0.0316900537343	0.0180591904138	0.0981325090389	0.0146475378314	0.129189803647	3.91524588919e-05	0.000163345845625	0.000341342188205	0.034461547252	9.34924225326e-05	0.0159716467484	0.000606912652822	0.0486919951681	0.0481558896965	0.0459619459142	0.0459547221633	0.0339139524561
PD_121S_filtered_1	0.000177869890665	0.108820799109	0.000249017846931	0.133633648857	0.00040910074853	0.000444674726663	0.000444674726663	0.113801156048	0.151171620076	0.0156703373676	5.69183650129e-05	0.0313762487133	0.000128066321279	0.0183632875123	0.0631829425621	0.000217001266611	0.063851733351	0.000145853310345	0.0344142664459	0.000168310010997	0.0356943798342	7.81026442803e-05	0.0172843177906	0.0134526513965	0.000247547740181	0.0458946309311	0.032434485756	0.0161054291115	0.0321264625228	0.0110110312197	0.017686640997	0.0170663999546	0.0167517821149	0.0783779719151	5.48642326955e-06	8.01354563963e-05	0.0179907919475	0.0
PD_121S_filtered_2	0.0578432884443	0.0201704456014	7.11479562661e-05	0.163035541784	1.77869890665e-05	0.194909826191	1.77869890665e-05	0.00288149222878	1.77869890665e-05	0.0336956720876	0.0168087046679	0.0321553188344	0.00125931882591	0.137888296641	0.0317746772684	0.0293520893576	0.067128096737	0.0516498588513	0.000220558664425	0.0171041625237	0.000415496897113	0.0316868562236	0.0179433452462	0.0976921204741	0.0129879312853	0.128482773354	3.37502259683e-05	0.000156453321413	0.000318278777064	0.0335409401605	0.000119747113256	0.0160177572818	0.000545507580394	0.0489490832239	0.0475922296446	0.0443057422193	0.0452848504411	0.0348001352485
PD_122S_filtered_1	0.000135505241456	0.11479552372	0.000225842069093	0.14431308215	0.00031617889673	0.000361347310548	0.000587189379641	0.122474154069	0.1588573114	0.0159489669193	5.87189379641e-05	0.0325844937287	0.000126471558692	0.0179634781756	0.0650876843125	0.000207774703565	0.0649702464366	0.000135505241456	0.034540286047	0.000141150895225	0.0364959051864	9.07471484977e-05	0.0177665194218	0.0144889503611	0.000262605317863	0.0474500359403	0.0339004855691	0.0165192998128	0.0335322264254	0.0123174984619	0.0186336488891	0.0175587062036	0.0176850230903	0.0838416541284	8.03201625937e-06	4.24034369851e-05	0.0191201259164	0.0
PD_122S_filtered_2	0.0631680267252	0.0198741020802	0.0	0.170013909613	2.25842069093e-05	0.210326718946	0.0	0.00261976800148	0.0	0.0343550955504	0.0170872109476	0.0324264042803	0.000953053531571	0.143296792839	0.0339214787777	0.030908745576	0.0693470657356	0.0528651115332	0.000144538924219	0.0172898036956	0.000311770161176	0.0330958148903	0.0187062902616	0.101540629745	0.0147247951534	0.13287478165	2.82940850989e-05	0.000129616940698	0.000239712934541	0.034102472182	0.000114156531301	0.0169897067703	0.000398575550032	0.0490999677024	0.0494744235287	0.0459644875994	0.0467548409018	0.0353478630332
PD_123P_filtered_1	0.000292327969375	0.111571841645	0.000370282094542	0.142909399962	0.000311816500667	0.000643121532625	0.000662610063917	0.123245471888	0.153550138047	0.0153218833015	6.62610063917e-05	0.031458387211	0.000167601369108	0.0178631877819	0.0645070385754	0.000198783019175	0.0658361564095	0.000202680725433	0.034249144892	0.000168598300004	0.0349925808156	8.52645482839e-05	0.0171450011417	0.0152168423372	0.000348081639416	0.0484727443157	0.033324962245	0.0160881013994	0.0324128948069	0.0129699489921	0.0171731849246	0.0172978989021	0.0169715985482	0.0844925655758	3.01283479675e-05	3.77980708621e-05	0.0173834865206	0.0
PD_123P_filtered_2	0.06080421763	0.0206968202317	1.94885312917e-05	0.161910717971	5.8465593875e-05	0.216556559713	5.8465593875e-05	0.00300123381892	3.89770625833e-05	0.0332747183274	0.016717262142	0.0322496215814	0.00133691324661	0.144238517796	0.03334487704	0.0312518087793	0.0678668613701	0.0518511863546	0.000296225675633	0.0174025288827	0.00044226161113	0.0328290533103	0.0177119766421	0.0993046763116	0.0145977601336	0.129956653257	2.7587468944e-05	0.000151601856005	0.00024448684607	0.0339840927352	0.000109895072708	0.0163337999229	0.00059736506777	0.0491161100087	0.046763835276	0.0456191964568	0.0456333424077	0.0364748902238
PD_126P_filtered_1	0.000154595466179	0.111057518016	0.000289866499085	0.139580381526	0.000289866499085	0.000599057431443	0.000676355164532	0.115386191069	0.155754932175	0.0158537650566	5.7973299817e-05	0.0320283157056	0.000173919899451	0.0183968604753	0.0629937875812	0.000193244332723	0.0648605278353	0.000139135919561	0.034965629563	0.000187164566004	0.036226277879	9.02494827987e-05	0.0175540253231	0.013621158304	0.000298430337813	0.04678965819	0.0332159812666	0.0161037912497	0.0327302006852	0.0111757797967	0.0185541814087	0.0178163522142	0.0176339471938	0.0807166399615	1.39536279084e-05	6.63500295811e-05	0.0184746916636	0.0
PD_126P_filtered_2	0.0610845335739	0.0211216055667	3.86488665447e-05	0.166711885841	0.0	0.20178573223	1.93244332723e-05	0.00332380252284	1.93244332723e-05	0.0340573811992	0.0168586355868	0.0319780721791	0.00124062861608	0.143325456694	0.0336322436672	0.0300958723784	0.06865584653	0.0531537861589	0.000220298539305	0.0178588985617	0.000503008168493	0.0318939137408	0.0181019407519	0.100577144512	0.0135574242811	0.129712211327	4.39395132566e-05	0.00018317224098	0.000302793589594	0.0350907233539	0.000110549757544	0.0162979723491	0.000474417942076	0.0501530208739	0.0477704392554	0.0456535444646	0.0464275209268	0.033753396242
PD_127S_filtered_1	0.000319284022483	0.109326605581	0.000169032717785	0.139451992173	0.000356846848657	0.000469535327181	0.000770037936576	0.114003177439	0.156787236452	0.0158327312325	4.13191087919e-05	0.0317819072262	0.000184057848255	0.0186349180651	0.0623843417105	0.000210351826577	0.0658927096752	0.000202839261342	0.0349221594944	0.000234253445604	0.0359161098287	0.000101682481356	0.01813049195	0.0132476058414	0.000360069543664	0.0474881971479	0.0334140825603	0.0160358446151	0.0316729866548	0.0110845620053	0.0182797186522	0.0180822215814	0.0164370328542	0.0807056436546	0.0	6.50103103397e-05	0.0182342070393	0.0
PD_127S_filtered_2	0.057921877961	0.0221432860298	3.75628261745e-05	0.167060669411	5.63442392617e-05	0.207102642113	1.87814130872e-05	0.00334309152953	0.0	0.0344901869934	0.0169746411482	0.0320448470094	0.00119449787235	0.138035873626	0.0325819954237	0.0300427483743	0.0684582507029	0.0541393013652	0.000142738739463	0.018015522059	0.000414555981755	0.0312172873323	0.0190756968677	0.0986206182273	0.0130052924466	0.130303066241	5.74115127395e-05	0.000136393593357	0.000328015622166	0.0343071765769	0.000139802452145	0.0167657915478	0.000614602232909	0.0494865225144	0.0475961258877	0.0450547137362	0.0445450230483	0.0340062652112
PD_128S_filtered_1	0.000229515434496	0.110709899585	0.000354705671493	0.136958119275	0.000292110552994	0.000479895908491	0.000730276382486	0.111982666994	0.158156999407	0.0166210904654	5.00760947991e-05	0.0320403546556	0.000166920315997	0.0179439339697	0.0623113539616	0.000183612347597	0.0648860998359	0.000200304379196	0.0344565262296	0.000231231739524	0.0361806112773	0.000109758828682	0.0181112725605	0.0137485169424	0.000367130439824	0.046362985422	0.0331412746377	0.0162560248102	0.0329457500774	0.0112902027948	0.0178136892963	0.0169927637054	0.0167751924342	0.081050460295	0.0	7.18965253703e-05	0.018492132349	0.0
PD_128S_filtered_2	0.0602165039959	0.0188619957076	0.0	0.159450631856	2.08650394996e-05	0.20349673024	0.0	0.00296283560894	0.0	0.0334091012468	0.0162663847939	0.032232313019	0.00114340416458	0.138669052514	0.032691343888	0.0300289648478	0.0679198765791	0.0520833115989	0.000191958363396	0.0172643703499	0.000411814989199	0.0318535872864	0.0184690395667	0.099666735735	0.0132640126114	0.130864261825	4.57896982947e-05	0.000194884954671	0.00024574106166	0.0340660163	8.83779256923e-05	0.016248531253	0.000498627368352	0.0494462188203	0.0473328551251	0.0445269359457	0.0456875265293	0.0341714991806
PD_129P_filtered_1	0.000244871772896	0.115124714943	0.000279853454738	0.143844675736	0.000524725227635	0.000524725227635	0.000874542046058	0.121106582538	0.158082220245	0.0160565919656	2.09890091054e-05	0.0321341729403	0.000153919400106	0.0178896320942	0.0660104336364	0.000188901081948	0.0664931808459	0.000125934054632	0.0347717917512	0.000226428092594	0.0365887372724	9.02411491669e-05	0.0180260608002	0.0144246577309	0.000293334444093	0.0482385595729	0.0339542836393	0.0165059054303	0.0321661666915	0.0121433478396	0.0183828494685	0.0163718377296	0.0176458718369	0.0799279548022	7.87964628268e-05	6.93208703651e-05	0.0178010954859	0.0
PD_129P_filtered_2	0.0607981630419	0.0225981664701	0.0	0.169486248526	3.49816818423e-05	0.208910603962	3.49816818423e-05	0.0027285711837	0.0	0.0347018283876	0.0175048335939	0.0325819384679	0.0011543955008	0.147769620438	0.033057689341	0.0312106565397	0.0706560009851	0.0534310208459	0.000223882763791	0.0179686803073	0.000364240101538	0.0331953775737	0.0190252465099	0.100025871123	0.013534440878	0.130952448476	1.82111464053e-05	0.00020942745295	0.00025902598459	0.0359761697524	9.8446438629e-05	0.0169410679397	0.000639594366839	0.0486832988134	0.0482314203509	0.0443805833974	0.0466074572227	0.0350335942295
PD_12P_filtered_1	0.000168080334332	0.110899404592	0.000201696401198	0.138531811556	0.000201696401198	0.00036977673553	0.000773169537927	0.121051456786	0.157928282138	0.0152348015038	2.68928534931e-05	0.0322512545516	0.000154633907585	0.0185291760568	0.0642201341416	0.000282374961678	0.0651748304406	0.000141187480839	0.0341539239363	0.000190344917226	0.0362042361407	7.94951221432e-05	0.0179867508322	0.0147534830282	0.000282199394352	0.0465351620877	0.0336816984959	0.0159246135013	0.033196327153	0.0112230442768	0.0181230472916	0.0173659583718	0.0166490385006	0.0814333326468	1.26667851433e-05	6.70158729776e-05	0.018169913266	0.0
PD_12P_filtered_2	0.0594332062198	0.0189930777795	3.36160668664e-05	0.164752343712	3.36160668664e-05	0.20532693642	0.0	0.00275651748304	0.0	0.0331319955035	0.0167004620192	0.031915093883	0.000941249872259	0.1403134631	0.0329168526756	0.0300729334187	0.0682406157388	0.0519569929487	0.000168080334332	0.0171679221927	0.000370865323966	0.0321582079817	0.0187351795086	0.0991908474245	0.0137358319005	0.128464405078	3.50062836279e-05	0.000173670746954	0.000172135556751	0.0356491165071	0.000105108559799	0.0161499866815	0.000464365249273	0.0490356404329	0.047355251036	0.045904888025	0.0446019960071	0.0368860946164
PD_130S_filtered_1	0.000191853095344	0.109931823632	0.000438521360787	0.13939497756	0.000383706190688	0.000411113775737	0.000904450306622	0.112754804892	0.158196580904	0.0158854362945	2.74075850492e-05	0.0328013977868	0.000153482476275	0.0182698961938	0.0638815992326	0.000158963993285	0.0659810202474	0.000175408544315	0.0353064510603	0.000165316809	0.0366563133369	9.10355009436e-05	0.018557444398	0.0134647770681	0.000303623565075	0.0468399126876	0.0325504825049	0.0165395770566	0.0335165412773	0.0111085042906	0.0184874455308	0.0179646867504	0.0176691565074	0.079365978039	1.64198678431e-05	4.27782634061e-05	0.0182979183438	0.0
PD_130S_filtered_2	0.0595840898969	0.0204460584467	2.74075850492e-05	0.170639624516	0.0	0.197471650279	2.74075850492e-05	0.00350817088629	0.0	0.0347857069444	0.0166692932269	0.0321216896776	0.0011730446401	0.142541368324	0.0331138442564	0.0305484942958	0.0693521532084	0.0527705642537	0.000180890061324	0.0167183674189	0.000352343337666	0.0323629825752	0.018773087343	0.0996270820992	0.0134648816625	0.131164631743	5.1200268699e-05	0.000125107246541	0.000237441514763	0.0342892883692	0.000173372034787	0.0162832974207	0.000510122097724	0.0497885512975	0.0481163901668	0.0465134737035	0.0460742995343	0.0337236770892
PD_131P_filtered_1	0.000254200601388	0.1098146598	0.00040672096222	0.140623772688	0.000228780541249	0.000584661383192	0.000584661383192	0.119575962893	0.154172664742	0.0156536730335	4.0672096222e-05	0.0324359967371	0.000188108445027	0.0180126546143	0.0629400689036	0.000162688384888	0.0659192999519	0.000193192457055	0.0346932980774	0.000210693409998	0.0358439799496	8.74639887526e-05	0.0177420064073	0.0141173864216	0.000282523767619	0.0464534285619	0.0332121080208	0.0157294821451	0.0327883526216	0.0115390544755	0.0173777948034	0.0185223870442	0.0167117860906	0.0832733179989	9.81017218716e-06	9.32801208247e-05	0.0178374651492	0.0
PD_131P_filtered_2	0.0575001760339	0.0196242864271	5.08401202776e-05	0.163705187294	5.08401202776e-05	0.208444493138	0.0	0.00371132878026	0.0	0.0329952380601	0.0164467789098	0.0328020456031	0.00131167510316	0.13884945249	0.0322072161958	0.0299499148555	0.0681511812321	0.0521772154409	0.000188108445027	0.0175919290038	0.000428390393964	0.0319613469339	0.0184859952864	0.0992043912686	0.0135481282825	0.129272412509	5.36764258908e-05	0.000253029554485	0.000361307851839	0.0347916221774	8.94249762658e-05	0.0157818540823	0.000665785969784	0.0489796787075	0.0465645695364	0.0456469886548	0.0461107594126	0.0354052098723
PD_134S_filtered_1	0.000165071116764	0.109937363765	0.000165071116764	0.141185326168	0.000495213350292	0.000759327137114	0.00077583424879	0.122779896649	0.157543873839	0.0159062528114	4.95213350292e-05	0.0317101615303	0.000155166849758	0.0183724152958	0.0650116086263	0.000211291029458	0.0660581595066	0.000151865427423	0.0353318218321	0.000232898542807	0.0353144095261	0.000153046512574	0.0176545977538	0.0150600701112	0.000314007828707	0.0483956392702	0.0332651419444	0.0162204579064	0.0321947063817	0.0123149822133	0.0178845894796	0.0176274021461	0.0176028541388	0.0835638585114	5.42230306033e-06	6.2445516287e-05	0.0178665812598	0.0
PD_134S_filtered_2	0.0601354078371	0.0203862829203	3.30142233528e-05	0.16769574752	3.30142233528e-05	0.213833124656	0.0	0.0032188867769	0.0	0.0336976177762	0.0167283069729	0.0332288158046	0.00131726751178	0.139567629224	0.0328326451243	0.0309937528836	0.068544130525	0.0528029488304	0.000250908097481	0.0176151742134	0.000489183789713	0.032747444508	0.0185075886111	0.0999650563001	0.0141849275532	0.131454948684	5.24827785836e-05	0.000112819344556	0.000285853908643	0.0338248133545	9.80593494407e-05	0.016394533601	0.000662703665024	0.0503817405773	0.0487223803547	0.0471283769924	0.0468110750513	0.0370378272145
PD_137P_filtered_1	0.000274041502953	0.111555971818	0.000421602312236	0.134427897256	0.000442682427848	0.000758884162024	0.000906444971307	0.114465027772	0.157110101655	0.0158522469401	5.05922774683e-05	0.0322104166548	0.000130696716793	0.0176018965358	0.0626037273439	0.000261393433586	0.0647159549282	0.00016020887865	0.0347189504126	0.000173778716032	0.0348715354316	7.87654306401e-05	0.0178410802763	0.0137618741749	0.00033133456148	0.0465573144087	0.0324538800477	0.0162701076512	0.0332168927667	0.0122629791032	0.0180835952919	0.0176392207096	0.017030803014	0.0811828335797	1.90051187753e-05	8.58409737853e-05	0.0180346808362	0.0
PD_137P_filtered_2	0.062607943367	0.0210590354962	2.10801156118e-05	0.163286575529	0.0	0.202052908139	2.10801156118e-05	0.00284581560759	0.0	0.0333445268747	0.0164424901772	0.0329313566087	0.00122686272861	0.138239182159	0.032286305071	0.0302078056717	0.0668829908131	0.0517221716651	0.000185505017384	0.0172101444669	0.000352641547522	0.0312452778813	0.0180848799162	0.0971158396185	0.0134640096754	0.128541139435	5.40797838067e-05	0.000171926835625	0.000255277377887	0.033388190223	9.9963063648e-05	0.0158852866211	0.000416829354171	0.0493980268786	0.0475955408531	0.0457622871509	0.0445038229394	0.0344438357984
PD_138S_filtered_1	9.46683719596e-05	0.108963296126	9.46683719596e-05	0.143864369255	0.000410229611825	0.000315561239865	0.000410229611825	0.118777250685	0.167468349997	0.0170087508287	5.04897983785e-05	0.0337398077664	0.000107290821554	0.0194007050269	0.0661479471006	0.000138846945541	0.067536416556	0.000227204092703	0.0354564609113	0.000242376973116	0.0375862549422	0.00015569422872	0.0188149111811	0.0134788575994	0.000271254014088	0.0484332900603	0.0347909753141	0.0164372044284	0.0348079857254	0.0109766069191	0.0193240087477	0.0185659020648	0.0183811564949	0.0802215333319	1.14914843504e-05	4.84512732207e-05	0.0186079347761	0.0
PD_138S_filtered_2	0.0618500030136	0.0194070162517	3.15561239865e-05	0.168162584724	0.0	0.199908045455	0.0	0.00198803581115	0.0	0.0352608129426	0.0171728426735	0.0327741903724	0.000776280650069	0.14508243564	0.0330203281395	0.0320168433967	0.0700230391261	0.0553809975964	0.000157780619933	0.0178764909858	0.000308387840884	0.0333690510783	0.0196348272135	0.102355608357	0.0134835857505	0.135912479044	8.16827629358e-06	0.000127806426772	0.000222389676707	0.0351327443496	7.76197515101e-05	0.0169167435725	0.000424329932647	0.0502881199911	0.0477648698356	0.0471677725496	0.0470976596738	0.0351740764709
PD_13P_filtered_1	0.000302539669254	0.111435444842	0.000352962947462	0.140176713421	0.000529444421194	0.000630290977612	0.000655502616716	0.116502984302	0.154194384763	0.0151370681183	5.04232782089e-05	0.0311515012775	0.00011093121206	0.0179406023867	0.0635736691658	0.000186566129373	0.0648594627601	0.000186566129373	0.0341163900362	0.000162814401605	0.0357494288798	0.000101744544083	0.0177532914597	0.0141095041005	0.000265062360043	0.0469842581983	0.0327221006246	0.0150844439154	0.0313178931345	0.0115518342663	0.0182768916285	0.017886478562	0.0173012239985	0.0815152281981	2.63499172393e-05	3.6907699472e-05	0.0183697707596	0.0
PD_13P_filtered_2	0.0585414260006	0.0206987557048	7.56349173134e-05	0.163825230901	0.000100846556418	0.204037795272	2.52116391045e-05	0.00294976177522	2.52116391045e-05	0.0335415646646	0.0161757876494	0.0316658187152	0.00120007402137	0.137806819345	0.0320288663183	0.0304354907269	0.0683689229235	0.0523242357974	0.000176481473731	0.01703691389	0.000411732135203	0.0316405276291	0.0176255738031	0.0988232150907	0.0135321688284	0.128154535616	5.06878660218e-05	0.000210764729524	0.000315423885131	0.03384836305	0.000134234924691	0.015862400377	0.000602862079576	0.0485184295576	0.0476476584931	0.0452138062324	0.0451683197092	0.0332208822678
PD_140S_filtered_1	0.000156986142362	0.113799254598	0.000361068127433	0.139984543144	0.000376766741669	0.000737834869103	0.000659341797921	0.118147770742	0.15271611929	0.0154442966856	5.65150112504e-05	0.0314411845923	0.000128728636737	0.0183862169935	0.0636076451623	0.000197802539376	0.0653439118969	0.000172684756598	0.0347190552448	0.000249490943731	0.0356068160189	0.000134017055664	0.0172891511777	0.0145600599058	0.000342815972958	0.0480857145279	0.0331507004701	0.0164232284607	0.0325516811865	0.0120465422657	0.0182484190464	0.0180247652375	0.0173685502825	0.0827373790223	1.44072767121e-05	8.0221169765e-05	0.018369940037	0.0
PD_140S_filtered_2	0.0594349534983	0.0223391280581	0.0	0.164301696596	4.70958427087e-05	0.2083049123	3.13972284725e-05	0.00356358543162	0.0	0.0342041406979	0.016135035712	0.0320157538734	0.00135949999286	0.138628182874	0.0331303554841	0.0297174767492	0.0684679361299	0.0526217549198	0.000213501153613	0.0172847343273	0.0003817907623	0.0315094122728	0.0179053227374	0.0989187184311	0.0142197683738	0.129834800717	7.38269506612e-05	0.000148254074488	0.00022347519931	0.0342571701148	0.000138195607591	0.0160560153204	0.000522001485094	0.0492739296664	0.0480257563625	0.0456059172963	0.0455917555945	0.0355136499672
PD_141P_filtered_1	0.000301426399962	0.110857931542	0.000251188666635	0.139995816871	0.000452139599944	0.000569360977707	0.000736820088797	0.11897969843	0.156691490247	0.0152387791092	4.01901866616e-05	0.0322291805204	0.000184205022199	0.0180152511711	0.0637449852276	0.00024114111997	0.0660190799562	0.000177506657756	0.034895129569	0.000202076402393	0.0361862763214	0.000111353366546	0.0175908185436	0.0145191867646	0.000370890716309	0.0473749856123	0.0324941083215	0.0160261435036	0.0322985313597	0.0117635320809	0.0177218737559	0.0174923928958	0.0169707458143	0.0823371499702	4.98739386327e-06	5.71036854978e-05	0.0179640183152	0.0
PD_141P_filtered_2	0.0606871818591	0.0217027007973	1.6745911109e-05	0.16382524838	1.6745911109e-05	0.203647024997	0.0	0.0031482312885	0.0	0.0335755517736	0.0163942469757	0.0320650705916	0.00124924496873	0.137410248196	0.0321086099604	0.0306048271428	0.0681324139382	0.0516812308647	0.000177506657756	0.0172654311685	0.000423951321362	0.0315797080076	0.0179229214334	0.0988170190117	0.0140898205849	0.131301192422	3.12082114734e-05	0.000144329793578	0.00024344669353	0.0340807568497	8.7770890591e-05	0.0165116177375	0.000469422631288	0.0484239303485	0.0474180767426	0.0458287493753	0.0448214227031	0.0353846582474
PD_142S_filtered_1	0.000217543847775	0.105581280787	0.000386744618267	0.134152039461	0.000362573079626	0.000459259234192	0.000555945388759	0.101979721529	0.15979804196	0.0161562564281	3.38401540984e-05	0.0321626493167	0.000140194924122	0.0180513050576	0.0610234664549	0.000169200770492	0.0638176963218	0.00017403507822	0.0350922398	0.000252473070834	0.0366718306892	0.000139364130251	0.0177596853929	0.0127580875108	0.000339693759282	0.0451056363458	0.0321988895623	0.0159089174482	0.0326742993451	0.0104200877882	0.0184660057594	0.0176713701943	0.0167251617348	0.0797340520823	3.2993918297e-05	8.17537709949e-05	0.0186011786761	0.0
PD_142S_filtered_2	0.055860425801	0.0199415193794	7.25146159251e-05	0.157815975792	4.83430772834e-05	0.189915779108	2.41715386417e-05	0.0030697854075	4.83430772834e-05	0.0334969182497	0.0165139952	0.0312634680792	0.00138261201031	0.137782604565	0.0317710703907	0.0302095889944	0.06780116589	0.0528099776244	0.000169200770492	0.0173471039464	0.000491252391478	0.0304329847554	0.0186422518021	0.0968075247661	0.0125572246745	0.128068301957	4.35239349816e-05	0.000189058831772	0.000324259712233	0.0328515283911	0.000149293857967	0.0156774254148	0.000516723992573	0.048134453989	0.0480464568565	0.044571389478	0.0457668699716	0.0328911968025
PD_145P_filtered_1	0.000244448413562	0.110914393514	0.000211855291754	0.139710416631	0.000293338096275	0.000651862436166	0.000602972753454	0.116227072368	0.152079506358	0.0152926927525	4.23710583508e-05	0.0319771118061	0.000162965609042	0.0179425135555	0.0634294743512	0.000211855291754	0.0646843095408	0.000166224921222	0.0348257506522	0.000209770864662	0.0351329503403	0.000115170408847	0.0176338995882	0.0143074157069	0.000332556849238	0.0472148345792	0.0335553326407	0.0162520441504	0.0323125964396	0.0123385691693	0.0179503885452	0.0176591129926	0.0170789919393	0.0803051356592	1.48631954334e-05	7.7583643961e-05	0.0177876698039	0.0
PD_145P_filtered_2	0.0590424401558	0.020403294252	0.0	0.161547808243	1.62965609042e-05	0.200121767903	1.62965609042e-05	0.00283560159732	0.0	0.0335415816529	0.0170233875205	0.0310482078346	0.00135587386723	0.138895588586	0.0328636447193	0.0301062666143	0.0681359211403	0.0530713802405	0.000218373916116	0.0175927091199	0.000439281408829	0.0323509650553	0.0181959121071	0.0975794705449	0.0138340172482	0.128459726926	4.1920787623e-05	0.000184350819767	0.000299245545366	0.0338860991069	0.000125272473029	0.0163240014309	0.000524978158818	0.0468969284685	0.0475991360911	0.0451745313817	0.0464855932268	0.0351697633821
PD_146S_filtered_1	0.000301955539563	0.111270616329	0.000301955539563	0.138270474158	0.000402607386084	0.000679399964017	0.000478096270975	0.112629416257	0.15867763604	0.0158576984194	3.01955539563e-05	0.03269171975	0.000176140731412	0.0189527426999	0.0652223965456	0.00019123850839	0.0663798927806	0.00019123850839	0.0349966470354	0.000187430656989	0.0365134131474	0.000105273751759	0.0179172991739	0.0135311403578	0.000311689006457	0.0472999490988	0.0326041306044	0.0163696789267	0.0330575094068	0.011235697083	0.0182318841649	0.0184199490808	0.0172604369503	0.0796573032785	2.34575800551e-05	4.0759296788e-05	0.0189554403305	0.0
PD_146S_filtered_2	0.0612214856464	0.0203065100356	5.03259232605e-05	0.167182717071	7.54888848908e-05	0.205153626171	0.0	0.00329634797356	0.0	0.0343323448483	0.0171410094625	0.0321783953328	0.00114239845801	0.1413906814	0.0328125019659	0.0303716946877	0.0688810911667	0.0543318667521	0.000156010362108	0.0177277708316	0.000407375182178	0.0334088910385	0.0183375695667	0.0993199001536	0.0129752386645	0.132210672498	3.00056992825e-05	0.000167047535047	0.000249061532951	0.0347895223993	0.000109326388192	0.0165853815371	0.000558220200094	0.0489705473688	0.0463911971372	0.0445845733614	0.0455480702647	0.0347134723699
PD_147_filtered_1	0.000280776870724	0.108055898787	0.000237580429075	0.140518024687	0.000453562637324	0.000669544845574	0.000691143066399	0.115053722335	0.159200485701	0.0163498531645	6.47946624749e-05	0.0323238972866	0.00015550718994	0.0185442324003	0.0645786802666	0.00025053936157	0.0664404469017	0.000194383987425	0.035239657098	0.000160471122397	0.0366448752335	9.33466466395e-05	0.0181037644953	0.0145382302648	0.000266783339914	0.0481445337511	0.0335977968991	0.015711642327	0.0334647388924	0.01162008011	0.0187222579607	0.0180451783513	0.0178992449081	0.0823590320888	1.83173566296e-05	3.80611546333e-05	0.0185701769963	0.0
PD_147_filtered_2	0.0588335535272	0.0204535151212	4.31964416499e-05	0.166284702131	6.47946624749e-05	0.206522187528	6.47946624749e-05	0.00300215269467	4.31964416499e-05	0.0343109336025	0.0172181016417	0.0316327542202	0.00139092542113	0.140094699559	0.0325053223416	0.0303195823941	0.0687644154625	0.0534815144068	0.000194383987425	0.0174904230935	0.000443011543346	0.0326534016353	0.019057832417	0.0994579406707	0.0138569762429	0.132584405785	3.91084103712e-05	0.00013519172891	0.000261959396704	0.0341383782012	0.000108560264544	0.0161023901643	0.000554435582844	0.0491064942097	0.048787774526	0.0470669662508	0.0454674336181	0.0360373745235
PD_148P_filtered_1	0.000232671353503	0.108872295643	0.000250569149926	0.138242579574	0.000411649317736	0.000859094228319	0.000894889821165	0.117337953351	0.153706275683	0.0151737518077	3.57955928466e-05	0.0311027906244	0.000171818845664	0.0176794433069	0.0629000157501	0.000193296201372	0.0647291705445	0.000139602812102	0.0335440500566	0.000154958914085	0.0348942739473	8.6183896951e-05	0.0170957587109	0.0147048031395	0.000274222043153	0.0469237249462	0.0326837575162	0.0158620945109	0.0317311187272	0.0120701843354	0.0177065410829	0.0172507948382	0.0168789923226	0.0812867448591	1.09261603528e-05	8.50833706424e-05	0.017638386984	0.0
PD_148P_filtered_2	0.057630904483	0.021352071133	8.94889821165e-05	0.159558855114	5.36933892699e-05	0.204339141765	1.78977964233e-05	0.00381223063816	0.0	0.0324415457969	0.0162082444409	0.0319547257342	0.00150699445884	0.137132916195	0.0320621125127	0.030419094801	0.0681583883392	0.052046791999	0.000289944302058	0.0172819767468	0.000557892832898	0.032072886628	0.0176751023959	0.0961974715908	0.0139807118644	0.127217351848	4.69730502373e-05	0.000193567760902	0.000381071143805	0.0323224923301	0.000149858359679	0.0162185667214	0.000589120707887	0.0478178712327	0.0465214130056	0.0439159389005	0.044284112208	0.0337481367084
PD_149S_filtered_1	0.000307652707267	0.108934696098	0.000179464079239	0.135623568453	0.00023073953045	0.000410203609689	0.000487116786506	0.107934824799	0.157005431609	0.0157261808865	2.56377256056e-05	0.0322522588118	0.000158953898755	0.0185719684287	0.0623406935825	0.000174336534118	0.0660222709795	0.000128188628028	0.0351903421662	0.00019103786639	0.0372809781973	5.89950251104e-05	0.0179619709086	0.0121899049316	0.000287053941856	0.0456435042893	0.0332899562428	0.0163944177194	0.0325025857514	0.00980791994118	0.0183028914998	0.0173431357097	0.0168107195281	0.075636686245	1.51044362258e-05	4.69553229493e-05	0.0181274005405	0.0
PD_149S_filtered_2	0.0602742928987	0.020279440954	5.12754512112e-05	0.166901593692	2.56377256056e-05	0.190693403054	2.56377256056e-05	0.00279451209101	2.56377256056e-05	0.0342263636834	0.0165055677449	0.0326368246959	0.00122548328395	0.138192468559	0.032047157007	0.0298371850598	0.0688936962473	0.0540494531217	0.00027688743654	0.0178125257991	0.000462814218642	0.0311709459744	0.0184935030197	0.0980135512681	0.0122405534247	0.129307440749	0.000120810743989	0.000198542622696	0.000267862387357	0.0333144944676	0.000168703924006	0.0157291044897	0.000559424630333	0.0500280040888	0.0456782004123	0.0431507834493	0.0448347488183	0.0327511474606
PD_14P_filtered_1	0.000260970890002	0.11192389045	0.000195728167502	0.144904086674	0.000326213612503	0.000456699057504	0.000391456335003	0.122493211495	0.159257485624	0.0160431854629	4.56699057504e-05	0.0323669146325	0.000123961172751	0.0176155350751	0.0638595767835	0.000195728167502	0.0665475769505	0.000137009717251	0.033815303072	0.000138578745623	0.0346514276572	4.21616502969e-05	0.0175104658876	0.0137206060005	0.000259404004365	0.0479466811279	0.0329647595094	0.0157627085608	0.0317320154494	0.0116162379885	0.0171690814232	0.0167993905337	0.0171784518624	0.0826957925099	1.25253152277e-05	3.98226405782e-05	0.0172810198538	0.0
PD_14P_filtered_2	0.0604147610355	0.0212365061739	6.52427225005e-05	0.167086612324	6.52427225005e-05	0.206721566243	0.0	0.00247922345502	3.26213612503e-05	0.0331694001193	0.0165651272429	0.0334042739203	0.000952543748508	0.1419355428	0.033710914716	0.0315122349678	0.0674935964268	0.0520375954664	0.000110912628251	0.0173710404765	0.000292329180333	0.0328455242759	0.0178571740306	0.0982240535363	0.0135991123103	0.130944629514	5.12627904934e-05	0.000107221186049	0.000177832820676	0.0348933862805	6.18262675699e-05	0.0160282687474	0.00045714682779	0.049329392207	0.0482424127415	0.0463003657556	0.0449339164707	0.0351606735107
PD_150P_filtered_1	7.15615566547e-05	0.113806728933	0.000214684669964	0.145985575576	0.000333953931055	0.000620200157674	0.000715615566547	0.120676638372	0.1612997487	0.0161395164109	3.33953931055e-05	0.032927857602	0.000133581572422	0.019130789479	0.0648061457065	0.000233767751739	0.0674205279096	0.000176518506415	0.0358237152613	0.000235628455473	0.0367492459255	8.55398505508e-05	0.0175292089353	0.014434065883	0.000306615799836	0.0492974603102	0.0340323380292	0.0164808564136	0.0336697039088	0.0119653177835	0.0182644740539	0.0182877919158	0.0174176975257	0.0840457944097	1.57609418171e-05	7.43241212164e-05	0.0182915612386	0.0
PD_150P_filtered_2	0.0608750308609	0.0214446131442	2.38538522182e-05	0.169648596976	2.38538522182e-05	0.21485164693	0.0	0.00341110086721	2.38538522182e-05	0.03441156721	0.0170221089429	0.0330662099449	0.00124517108579	0.146624858815	0.0338772409203	0.0315777295665	0.0706026317955	0.0540480583561	0.000190830817746	0.0178135336988	0.000412596553119	0.0324567675303	0.0191184701671	0.10299446841	0.0134646027148	0.134104432406	5.2624759271e-05	0.000169557819247	0.000251188719215	0.035699438112	0.000128720296013	0.0163149872688	0.00035249529584	0.0497100010379	0.0489548425103	0.0463741246791	0.0484274219972	0.0351305503194
PD_151S_filtered_1	0.000227151293109	0.111985587503	0.000353346455948	0.141439538509	0.000151434195406	0.000681453879328	0.000605736781625	0.120188273087	0.161075505847	0.0165618531709	4.03824521083e-05	0.0331691366005	0.000146386388893	0.0183588722897	0.06450087163	0.000201912260542	0.0641525729806	0.000227151293109	0.0365865016101	0.000219206663556	0.0371340254241	9.1416938892e-05	0.0184017501321	0.0140939042664	0.000271712469612	0.0449507875848	0.0336605267746	0.0167065298675	0.0334041108078	0.0112736959745	0.0189567733641	0.0181871911515	0.0173772387663	0.082673698987	8.53422762936e-06	4.47928090699e-05	0.0182847647214	0.0
PD_151S_filtered_2	0.0615327614	0.0198631186308	5.04780651354e-05	0.167183351728	0.0	0.192447623329	2.52390325677e-05	0.00267533745218	0.0	0.0356728486312	0.0171272075004	0.0321646231043	0.000994417883167	0.142232044132	0.0343856579702	0.0304433210831	0.0705027135746	0.0543648761508	0.000176673227974	0.0171714726232	0.000287623718728	0.0328946183619	0.0180437417062	0.10276043453	0.0137908322327	0.131241284401	5.04623963999e-05	0.000150319890531	0.00027122452244	0.0352135882625	0.00013163934943	0.0167118006992	0.000436030068316	0.0504018781159	0.0486481733029	0.0462572708264	0.0482709239654	0.0345547533642
PD_152P_filtered_1	0.000158048251604	0.103442580675	0.000289755127941	0.13497320687	0.000368779253744	0.000474144754813	0.000632193006418	0.10541818382	0.156889231093	0.0157995568854	3.68779253744e-05	0.032110136451	0.000115902051177	0.0189868632927	0.061770525002	0.000205462727086	0.064620661806	0.000173853076765	0.0358980262144	0.000169532876001	0.0366107101149	0.000109490529617	0.0183957037548	0.0129421239052	0.000326695960404	0.0452173647105	0.0325204326925	0.0157094417828	0.0323556653447	0.010226394603	0.0180410342471	0.0192221155808	0.0169087873934	0.0775042006996	2.28511763062e-05	3.15532364628e-05	0.0183417052319	0.0
PD_152P_filtered_2	0.0571081015797	0.0187550591904	5.26827505348e-05	0.164580912671	2.63413752674e-05	0.180886223961	5.26827505348e-05	0.00300291678048	2.63413752674e-05	0.034675786402	0.0164054085165	0.0316517965213	0.00144877563971	0.13943543584	0.0324473060544	0.0297920954274	0.0684559660449	0.0529725056627	0.000215999277193	0.0174294108859	0.000430395706889	0.0314879582655	0.0192325121933	0.0982114929984	0.0126182582167	0.129200936336	6.12786100639e-05	0.000182387218505	0.00034886975245	0.0339918778141	0.000211779474989	0.0161478998591	0.000724309065286	0.0488068751715	0.0465705898969	0.0434971209143	0.0453828906337	0.0334319052388
PD_153S_filtered_1	0.000294135489837	0.109841221986	0.000349285894181	0.139916575822	0.000349285894181	0.000569887511559	0.000643421384018	0.120301415343	0.150340002243	0.0152546018417	2.94135489837e-05	0.0306930383645	0.000194864762017	0.0176959264073	0.0637171004859	0.000238985085492	0.0645848001809	0.000209571536509	0.0333439344666	0.000215177612239	0.0348402048283	0.00011331400483	0.0173158123085	0.014844686634	0.000374812722884	0.0480476158979	0.0326359297854	0.0156640437773	0.0316551802576	0.0121313432735	0.0171498851497	0.017542645184	0.0164549971255	0.080741672712	1.31501292395e-05	6.24625094813e-05	0.0168310120838	0.0
PD_153S_filtered_2	0.0592683012021	0.0218947105247	9.1917340574e-05	0.164954859394	3.67669362296e-05	0.208670746571	1.83834681148e-05	0.00319872345197	0.0	0.0325534453377	0.016743662759	0.0314908808806	0.00120595550833	0.13905255282	0.0324468212226	0.0300532936741	0.0675518919346	0.051536214513	0.000235308391869	0.0168463843049	0.00045597651265	0.0324925757335	0.0176639308569	0.0978150616733	0.0141046049339	0.129315280613	2.78460560494e-05	0.000130435463142	0.000292184811931	0.0340910017698	0.000159602459991	0.0167007811492	0.000501791850332	0.047496926384	0.0478010655438	0.0455613904483	0.0457879676562	0.0358496343995
PD_156P_filtered_1	0.000280399277355	0.110309075711	0.000252359349619	0.142218513474	0.000616878410181	0.000729038121123	0.000644918337916	0.118833213743	0.153574684207	0.0161734303178	6.72958265652e-05	0.0313205992806	0.000128983667583	0.0174744829648	0.0640768428612	0.000185063523054	0.0651367521296	0.000128983667583	0.0343096555772	0.000141391134934	0.0361487418594	8.90356724389e-05	0.0170635649847	0.0146133264093	0.000318986866464	0.0467315191582	0.033142494227	0.0166910749636	0.0323223035373	0.0120808119004	0.0181693526431	0.0177085855343	0.0171438446033	0.0813762881435	2.96581453872e-05	4.17021743305e-05	0.0184384109683	0.0
PD_156P_filtered_2	0.0594166068715	0.0207215065965	0.0	0.16641697111	0.0	0.210103178522	0.0	0.00257967335167	2.80399277355e-05	0.0330478588291	0.0169473323233	0.0327842835083	0.000790725962141	0.139790255733	0.0326104359564	0.0307710166969	0.0684566795734	0.0519635940794	0.000157023595319	0.0171278103901	0.000306541189911	0.0322222099607	0.0182905193592	0.0993709986367	0.0140061464333	0.129457896911	4.2029062256e-05	8.74802558885e-05	0.000265998478489	0.0331149555567	0.000107869789879	0.0157042450043	0.000309780678013	0.0490942219739	0.0496888147779	0.0464313927133	0.0468203180511	0.0344642387946
PD_157S_filtered_1	0.000188281879731	0.10872232544	0.000313803132885	0.14704814807	0.00041840417718	0.000543925430334	0.000669446683488	0.123554753521	0.162047937822	0.0160834565708	6.69446683488e-05	0.0321501769745	0.000146441462013	0.0184181518795	0.0659739706577	0.00020920208859	0.0661957248716	0.000188281879731	0.0354513859325	0.000215147524759	0.0371696510576	9.74584864502e-05	0.0180429561992	0.0142415029747	0.000288474377828	0.0486672234152	0.0342290852877	0.0163330509238	0.0326511280785	0.0118214212892	0.017978246704	0.0179442927016	0.017723840072	0.0838148008393	1.54991060891e-05	5.7503505044e-05	0.0185623248164	0.0
PD_157S_filtered_2	0.0622794617732	0.0199787994603	0.0	0.168575042986	4.1840417718e-05	0.212988646393	0.0	0.00267778673395	0.0	0.0353342327628	0.0172466201834	0.0328614640757	0.000958145565742	0.14345824023	0.0338405298503	0.0314179696644	0.0707856186953	0.0542084451954	0.000138073378469	0.0180809548499	0.000276063047624	0.0329745082878	0.0183935083366	0.100701835138	0.0138632993656	0.133817729577	2.64562526813e-05	9.9461180108e-05	0.000237125337629	0.0345619932937	8.91965404994e-05	0.0169463291582	0.00042421996201	0.0493704586838	0.0486682940547	0.0456994305236	0.0469556503838	0.0373305660655
PD_158P_filtered_1	0.000205108736532	0.110740071479	0.000242401234083	0.133376617492	0.000354278726737	0.000578033712045	0.000857727443679	0.111429982683	0.156870890949	0.0152377144995	2.9833998041e-05	0.0318254174103	0.000179003988246	0.0183441795455	0.0619391091829	0.000246130483838	0.0652917047128	0.000156628489715	0.0349393409558	0.000180064355	0.036039300682	0.000124271009752	0.0175668682523	0.0132235671858	0.000328154705919	0.0461780826875	0.0328793249468	0.0162564792489	0.0325519349635	0.0112377168513	0.0182101276914	0.0177761007526	0.0167844002178	0.0800740129654	2.27590707699e-05	5.34358192765e-05	0.0188148321025	0.0
PD_158P_filtered_2	0.0598731048186	0.0208651523799	0.0	0.162073194358	5.59387463269e-05	0.19889953569	3.72924975513e-05	0.00277829106757	1.86462487756e-05	0.0333283050616	0.0161327344407	0.0325675381115	0.00110012867776	0.13691940476	0.0323437831262	0.0298563735396	0.0674994205678	0.0521684748245	0.000201379486777	0.017212718177	0.00040404353043	0.0308045134087	0.0185157516654	0.0997084789662	0.0133954255266	0.129079898552	4.38120381198e-05	0.000175900677998	0.000274380893231	0.0332150486403	9.43447333716e-05	0.0157899197975	0.00041611364896	0.0493717825658	0.0474914056261	0.0461809957355	0.0465209749365	0.0347379459247
PD_159S_filtered_1	0.000111597697739	0.110816513855	0.000334793093218	0.136818777429	0.000409191558378	0.000706785419017	0.000539388872408	0.116247601812	0.152349457031	0.0152033263554	5.20789256118e-05	0.0314073120672	0.000141357083803	0.018153225499	0.0623012747247	0.000212035625705	0.0646522662237	0.000167396546609	0.0330217587611	0.000217197479206	0.0348212447796	0.000112794466972	0.0168697007849	0.0142867242936	0.000355250372731	0.0469870181446	0.0327923175924	0.0161235536878	0.0324138566527	0.0118999286687	0.0174550532379	0.0171140488803	0.0169314641084	0.0804233689169	1.16182138739e-05	6.06972794205e-05	0.0177307760992	0.0
PD_159S_filtered_2	0.0596303698255	0.0201247848257	0.0	0.164699602247	1.85996162899e-05	0.204874773433	0.0	0.00364552479282	0.0	0.0322070955676	0.016899611361	0.0311915565182	0.00119781528907	0.1362384694	0.0326274468958	0.0295138711288	0.0668879401018	0.0510113076367	0.000193436009415	0.0170965395458	0.000411657170536	0.0312037451338	0.0180019955657	0.0979406160892	0.0137133332386	0.127870254785	3.53868248835e-05	0.000141444038693	0.000329948003965	0.0337212651992	8.58122299186e-05	0.0160403807161	0.000554566729248	0.0479275699559	0.0458581833501	0.0452360379625	0.0454047413507	0.0335984152331
PD_15P_filtered_1	0.000508432654655	0.111526198189	0.00017944681929	0.141254554585	0.000388801441795	0.000628063867516	0.000687879473946	0.125403418881	0.154862605047	0.0161083428116	4.1870924501e-05	0.0314510458609	0.000107668091574	0.0182078705973	0.0645769287019	0.00023926242572	0.0643496293975	0.000197391501219	0.035805622009	0.000199527663604	0.0350534786501	0.000122042626149	0.0176142302774	0.014908645242	0.000336978412087	0.047735971847	0.033979681458	0.0161125339019	0.0326366238135	0.0124747792506	0.0174205819425	0.0177643289149	0.0166307138198	0.0816368095272	0.0	7.06135232429e-05	0.0174500751236	0.0
PD_15P_filtered_2	0.0604735781008	0.0205765686119	2.9907803215e-05	0.165420059582	2.9907803215e-05	0.204210480352	0.0	0.00287114910864	0.0	0.0342264899993	0.0170713740751	0.0325277267767	0.00104079155188	0.141481853889	0.0333950530699	0.0305897011283	0.0679624920258	0.0530444797822	0.000161502137361	0.0177056542877	0.000348355305741	0.0324418782852	0.0186918036541	0.0992467217938	0.0138062477357	0.131507868564	5.44707616903e-05	0.000129996707833	0.000322785112267	0.0349526396623	0.000102481801794	0.0171108550835	0.000513042515525	0.0492336831962	0.0470595799285	0.0448140347318	0.0454324277986	0.0340473211843
PD_160P_filtered_1	0.000172068436588	0.111806246352	0.000344136873176	0.138993059333	0.000363255588353	0.000573561455294	0.00059268017047	0.122302420984	0.151840835931	0.0152873246551	6.11798885647e-05	0.0313508691464	0.000122359777129	0.0182163118201	0.0641165232158	0.00026766201247	0.0650456927733	0.0001300072632	0.0336757049118	0.000215832617488	0.0351981430567	0.000108941423851	0.0174109740623	0.0144230510585	0.000312938927148	0.0484997531253	0.0333772965542	0.0167876319975	0.0325430842026	0.0122920080966	0.0179181485721	0.0175567618182	0.0174427032212	0.0827286734331	1.95430139783e-05	8.90942228976e-05	0.0177455731701	0.0
PD_160P_filtered_2	0.0622696553297	0.0208585182575	0.000133831006235	0.164535662809	0.0	0.215429682608	0.0	0.00330753772553	1.91187151765e-05	0.0331212621717	0.0168665305287	0.0315726462424	0.0012465402295	0.142954457117	0.0324788733418	0.0301731562915	0.0676228955791	0.0516434734346	0.000179715922659	0.0174089200023	0.000417235280943	0.0321968329834	0.0181279477597	0.0984196061142	0.0143521257489	0.130817524564	3.77514535843e-05	0.000141976253639	0.000330731376313	0.0341908872416	9.3815122181e-05	0.0157488246294	0.000463822339419	0.0475726969692	0.0478308716009	0.0454006587555	0.0447630562058	0.0362156146522
PD_161S_filtered_1	0.00345560412599	0.0915735093388	0.0	0.143407571229	0.0	0.0	0.0	0.13822416504	0.160685591859	0.0158957789796	0.0	0.0286815142457	0.0	0.01727802063	0.0549441056033	0.000345560412599	0.0656564783938	0.000345560412599	0.0362838433229	0.000694029954333	0.0393281902361	0.0	0.0155062800434	0.0106274209448	0.000372739335928	0.0421474705822	0.0341163289279	0.0194391989463	0.0268458559761	0.00793826536368	0.0172011937628	0.0195150509831	0.0179004185944	0.068244286306	0.0	0.0	0.0229125592796	0.0
PD_161S_filtered_2	0.0587452701419	0.015550218567	0.0	0.13822416504	0.0	0.20215284137	0.0	0.0	0.0	0.0342104808473	0.0183147018678	0.0359382829103	0.00207336247559	0.142370889991	0.0272992725953	0.0331737996095	0.0639286763308	0.0521796223025	0.000345560412599	0.0183933256521	0.00175617911622	0.0273946285182	0.0191300518677	0.0994455269696	0.0171782806782	0.128239766505	0.0	0.0	0.0	0.0373283003041	0.000431805031392	0.0151465877856	0.00138347029689	0.0492317014287	0.0447603354566	0.0406941704313	0.0542255239541	0.0298198031893
PD_162P_filtered_1	0.000156183517418	0.107431948052	0.000223119310597	0.135076430635	0.000423926690134	0.000557798276493	0.000490862483313	0.113411545576	0.153037535139	0.0156897499212	4.01614759075e-05	0.031624931084	0.000124946813934	0.0180592769997	0.0618085114216	0.000147258744994	0.063249862168	0.000196344993325	0.0342086527007	0.000201951615534	0.0357155036287	0.000106740619043	0.0178451369753	0.0135524847561	0.000247830983235	0.0450406448365	0.0324509439112	0.0162213983157	0.0326055316171	0.0106340531415	0.017580741892	0.0173352734758	0.0165619553052	0.077506981067	1.33235689338e-05	6.23429995461e-05	0.0179205325783	0.0
PD_162P_filtered_2	0.0581895162037	0.0200361140916	6.69357931791e-05	0.159507995146	2.23119310597e-05	0.18697398228	2.23119310597e-05	0.00350297317637	2.23119310597e-05	0.0333474121618	0.0164662051221	0.0316160063116	0.00111113416677	0.136620416265	0.0324103110573	0.0295722334265	0.0678059584904	0.0525133609421	0.000240968855445	0.0170796408034	0.000392054263592	0.0310065400591	0.0185724629914	0.0991338705357	0.0130302698575	0.126607473646	5.22362222263e-05	0.000247080236729	0.00030412321967	0.0333194435824	0.000164678768478	0.0157303960851	0.000534496397494	0.0488370570998	0.0473412333794	0.0451226312968	0.0460615650504	0.0333288389899
PD_163S_filtered_1	0.000193953612502	0.111116024603	0.000329721141254	0.141372788153	0.000368511863755	0.000349116502504	0.000678837643758	0.112842211754	0.159798381341	0.0159429869477	4.26697947505e-05	0.0319480390514	0.000131888456502	0.0180532022517	0.0641831294493	0.000182316395752	0.0653740046301	0.000166800106752	0.0353267109812	0.000191738091715	0.0368325954929	0.000110989748617	0.0177674505293	0.0136287203903	0.000260589620859	0.0466840995423	0.0330261096193	0.0156230171907	0.0327774338773	0.011371574054	0.0182338163587	0.0176961467112	0.0170483965355	0.0787523563512	6.30709815964e-06	3.94078420029e-05	0.0189655257408	0.0
PD_163S_filtered_2	0.0591946425357	0.0200935942552	9.69768062512e-05	0.163522290701	3.87907225005e-05	0.200082546657	0.0	0.00380149080505	1.93953612502e-05	0.0343414266297	0.0168662061432	0.0321730252419	0.00133052178177	0.139475921823	0.0331117607264	0.0309627546999	0.0693927234811	0.0530540711639	0.000248260624003	0.0177405753487	0.000348518079095	0.0319228654102	0.0183768575066	0.0992589002837	0.0130361410936	0.130305075702	7.20245402013e-05	0.000129198683923	0.000380717933183	0.0342268722232	0.000148986025938	0.0169445042886	0.000587614057224	0.0492322217942	0.0461282973952	0.045068448573	0.0450701155608	0.0341205631583
PD_164P_filtered_1	0.000287074114785	0.111384756537	0.0004019037607	0.138197478858	0.000315781526264	0.000631563052528	0.000861222344356	0.117413312947	0.152924380946	0.0156627637027	6.31563052528e-05	0.0316814993077	0.00016076150428	0.0180627033023	0.0633113252748	0.000206693362646	0.0655734692993	0.000218176327237	0.0340527314958	0.000277398073112	0.034516487036	9.00831431378e-05	0.0176745676983	0.0135371160041	0.000298266023986	0.0473882322853	0.0332032419052	0.0162643469045	0.0326772021905	0.0120032358947	0.0172633734461	0.0175730944341	0.0168418500342	0.081186374235	0.0	6.7535853096e-05	0.0179413957556	0.0
PD_164P_filtered_2	0.0591085602343	0.0218176327237	0.0	0.157431444548	0.0	0.203880036321	0.000114829645914	0.00341618196595	0.0	0.0324393749708	0.0165756593877	0.0321810082674	0.00147556095	0.138622348548	0.031842260812	0.0303552168974	0.0673820362224	0.0514092324758	0.000287074114785	0.0172024315929	0.000500059212894	0.0313684198388	0.0183810047869	0.0986721710792	0.0137802190017	0.128966522858	5.52101318321e-05	0.000214110189811	0.000377018211754	0.0329226653263	0.000119486294962	0.0164892620931	0.000603772230894	0.0490333327175	0.0471374259968	0.0457291815815	0.0452399741556	0.0329761099574
PD_165S_filtered_1	0.000350231108753	0.109990079704	0.000245161776127	0.139584608393	0.000350231108753	0.000437788885941	0.00059539288488	0.112476720576	0.158654692265	0.0161736726022	4.90323552254e-05	0.0313947165886	0.000143594754589	0.018565751075	0.0641903576122	0.000203134043077	0.0658259368901	0.000175115554376	0.036052790335	0.000215312046808	0.0375276137235	8.50090904286e-05	0.0180450931343	0.013369508761	0.000278887478239	0.0467757845188	0.0339064830001	0.0159655683102	0.0322325509454	0.0107145649127	0.0183659371605	0.017373012545	0.0172072144362	0.0779516065079	3.51721056127e-05	9.20408531303e-05	0.0189573203625	0.0
PD_165S_filtered_2	0.0597669387087	0.0206986585273	3.50231108753e-05	0.164888806001	1.75115554376e-05	0.199439104879	0.0	0.00292442975809	0.0	0.034732419055	0.0166184661103	0.0323858706264	0.00127133892477	0.142652632906	0.0327676225349	0.0310269739244	0.0693037318	0.0530425014206	0.000185622487639	0.0182209164899	0.000407396474066	0.0323379845543	0.0191317329944	0.098211780162	0.0131267831844	0.130613213547	1.7327979623e-05	0.000188788735965	0.00024279090763	0.034532060968	0.000105983799922	0.0166226407405	0.000470290774771	0.049867927427	0.047874734955	0.0459635896511	0.0463687305895	0.0346817552544
PD_166_filtered_1	0.000147358018094	0.111255303661	0.000147358018094	0.136674561782	0.00022103702714	0.000663111081421	0.000417514384599	0.110346595882	0.157574840681	0.0160914955758	3.43835375552e-05	0.0316426784186	0.000127710282348	0.018552374478	0.0651666275349	0.000122798348411	0.0647343773485	0.000157181885967	0.0361272741026	0.00016800807941	0.0377481567137	9.71813371528e-05	0.0172390540618	0.0139314022236	0.00024046525217	0.0456791733628	0.0324349103012	0.0151338027102	0.032145087021	0.0099298032045	0.018204448412	0.0173290645109	0.0172771298873	0.0780916493977	0.0	5.39460868973e-05	0.0193741544433	0.0
PD_166_filtered_2	0.0599255940247	0.0194266987187	9.82386787291e-05	0.153743532211	4.91193393645e-05	0.20018586758	2.45596696823e-05	0.00284892168314	2.45596696823e-05	0.0349140264203	0.0162585013297	0.0314658487969	0.00114448060719	0.139115792948	0.0327183919507	0.0302083937092	0.0705402832614	0.0535400799073	0.000191565423522	0.0178564493651	0.000376599379907	0.0327621991117	0.0184289658876	0.0973541651148	0.0126907215413	0.130000344156	2.8782966931e-05	0.000153964624614	0.00019513926388	0.0337471194894	0.000103819311313	0.0177212594186	0.000493328976289	0.0489127850106	0.0467428343124	0.0447370566754	0.044567102106	0.0347213985628
PD_167P_filtered_1	0.000309794073241	0.109268795262	0.000243409628975	0.134140833713	0.000265537777064	0.000354050369418	0.000531075554128	0.110043280445	0.154565114399	0.0161092918085	2.65537777064e-05	0.0322716911725	0.000110640740443	0.018963822912	0.0633263342001	0.000199153332798	0.0641937576052	0.000177025184709	0.0352722680533	0.000213262482797	0.0371312256947	9.09261974332e-05	0.0179363895693	0.0131458987839	0.000266627129672	0.0460570760655	0.0327998931743	0.0162200639769	0.0326419477098	0.0103209351295	0.0177609980284	0.0173965513601	0.017146423834	0.0778061953394	6.00274469498e-06	7.45096149691e-05	0.0185920584357	0.0
PD_167P_filtered_2	0.0577323383633	0.020225127353	0.0	0.163903192893	6.63844442659e-05	0.188775231344	2.21281480886e-05	0.00287665925152	0.0	0.0343251833151	0.0160429073643	0.0321123685062	0.00134539140379	0.139062133848	0.0322141579875	0.0296782722165	0.0681281423353	0.0530323197093	0.000181450814327	0.017305049729	0.000458105489478	0.0316279480101	0.0185904526058	0.0996820564475	0.0128310285048	0.130414459598	4.45151608993e-05	0.000242460819721	0.000315067184203	0.0345649660354	0.000108387478298	0.0166715405566	0.000491805884903	0.0494048095562	0.0466828615259	0.0442938644209	0.0473520291253	0.0355817865583
PD_169P_filtered_1	0.000218035673015	0.110147657722	0.000376607071571	0.14221872308	0.000218035673015	0.000455892770849	0.000475714195668	0.117620334879	0.154765684991	0.0159958898293	5.54999894946e-05	0.0315041726081	0.000142714258701	0.0179304608917	0.064138166431	0.000190285678267	0.0662630231716	0.000170464253448	0.0344298149115	0.000183879455984	0.0355226098303	7.55853613831e-05	0.0180223261407	0.0137406884814	0.000203918715219	0.0471737402401	0.0338266138978	0.0165420618258	0.0326682783965	0.0122110902678	0.0177777649866	0.0178019539233	0.0175798185271	0.0806844035148	1.44258875437e-05	4.5763598825e-05	0.0182751610413	0.0
PD_169P_filtered_2	0.0583344532438	0.0207728532109	5.94642744585e-05	0.163051040565	1.98214248195e-05	0.208224067729	0.0	0.00376607071571	0.0	0.0326657081026	0.0171019253343	0.0315517440277	0.00138749973737	0.140494259121	0.0325309224138	0.0306241013462	0.0686534870049	0.0527012043101	0.000186321393303	0.0172940381771	0.000441619190218	0.032376589442	0.0181892574721	0.0980480970451	0.0134729833315	0.130345377453	4.51059222372e-05	0.000224843725767	0.000333538596266	0.0342992357601	0.000131963488342	0.0158586488847	0.000622063973853	0.0469872747889	0.0472365703636	0.0453496903374	0.0467887868381	0.0353341151096
PD_16P_filtered_1	0.000132134852602	0.108482713986	0.000264269705205	0.146854675182	0.000475685469368	0.00060782032197	0.000687101233532	0.123202536566	0.158376834329	0.0161045958352	4.22831528327e-05	0.0318709264477	0.000163847217227	0.018176470324	0.0663211252181	0.000169132611331	0.0673887748271	0.000163847217227	0.0349734527868	0.000224689034389	0.0365100924998	0.000102885380485	0.0176686880777	0.0139833238064	0.000379596519782	0.0483171302097	0.0333584001632	0.0163387245968	0.0324872923725	0.0119283091545	0.018149427835	0.0176910331464	0.0177034524972	0.0825783885092	3.13851490287e-05	5.55567716316e-05	0.0192921655947	0.0
PD_16P_filtered_2	0.0609141670496	0.0196352390967	0.0	0.166992026719	0.0	0.214243450009	0.0	0.00248413522892	0.0	0.0345664774407	0.0171722454442	0.0324258928286	0.000872090027175	0.14197097103	0.0337472413546	0.0303381621575	0.0701530359436	0.0543179952077	0.000163847217227	0.0184351504141	0.000253883983409	0.0329079082867	0.0184136119204	0.10202891845	0.0141235673933	0.132894156564	1.40448984505e-05	9.56726382584e-05	0.000262668542429	0.035349503186	0.000119723281868	0.0172016379061	0.000428230516297	0.0495385638666	0.0485187215505	0.0467653295551	0.0468506522683	0.0350576661246
PD_170S_filtered_1	0.000358590452649	0.113003804645	0.000239060301766	0.13941996799	0.000430308543178	0.000621556784591	0.000669368844944	0.119793117215	0.155078417755	0.0152616096647	3.82496482825e-05	0.0313647115917	0.000148217387095	0.0174131523806	0.0638673502198	0.000229497889695	0.0646944988639	0.000210373065554	0.034386433806	0.000226464376479	0.0353334246815	9.07185041607e-05	0.0180089033618	0.0144358819816	0.000318286590844	0.045924585339	0.0332498125526	0.0159824555428	0.0315355138499	0.0118257636935	0.0184760311888	0.0170966618961	0.0167706711693	0.0816029611466	1.5670565843e-05	4.09582493723e-05	0.0177439357869	0.0
PD_170S_filtered_2	0.0604105382562	0.0215632392193	4.78120603532e-05	0.163995367011	7.17180905297e-05	0.202316733384	2.39060301766e-05	0.00339465628507	0.0	0.032626949985	0.017054561928	0.031948018728	0.00129092562954	0.13921437613	0.0330572585282	0.0299781618414	0.0689497722353	0.053071386992	0.000234279095731	0.0178110606349	0.00041330723331	0.0321763033645	0.0180625005982	0.0985204364417	0.0145034845692	0.128750397988	8.78843924174e-05	0.000175868511483	0.000339380912652	0.0334680684439	0.000142178313948	0.0155628011465	0.000534708124077	0.0492953598942	0.0482028501545	0.0447069702814	0.0441798305927	0.0336039402143
PD_171P_filtered_1	7.74978126242e-05	0.11289493854	0.000271242344185	0.144339676013	0.000426237969433	0.000329365703653	0.000678105860462	0.118959142378	0.158909264786	0.0161234199165	5.4248468837e-05	0.0325607059741	0.00015887051588	0.017746999091	0.0650904128231	0.00015887051588	0.0668573629509	0.000162745406511	0.0354668739475	0.000226036550032	0.0366950307232	0.000104755775206	0.0177299216444	0.0142012947449	0.000275136739735	0.0473060417027	0.0338374226594	0.015654268061	0.033023588394	0.0117710267769	0.0184862884229	0.0177946727013	0.0179475058548	0.0822554889938	1.17255796921e-05	4.28337355319e-05	0.0189756066144	0.0
PD_171P_filtered_2	0.0599058091585	0.020362550267	7.74978126242e-05	0.16243541526	3.87489063121e-05	0.212324632137	0.0	0.00257680226976	0.0	0.0343509054457	0.0168247751207	0.0322468398329	0.00102684601727	0.141646627024	0.0323940856769	0.031006874831	0.0695736612834	0.0523846464434	0.000147245843986	0.0170519686802	0.000332460176812	0.0325077244114	0.0182948937197	0.0996551287604	0.0132708290326	0.131090322378	5.88461598875e-05	0.000116438021206	0.000268789321538	0.0343506063447	0.000112655619657	0.0167388428746	0.000335401016452	0.048811156952	0.0488442643728	0.0458209347275	0.0478992702745	0.0348867531945
PD_172S_filtered_1	0.000162638173326	0.113001002827	0.000292748711987	0.147252602129	0.000455386885313	0.000552969789309	0.00068308032797	0.121718408917	0.160686515246	0.0164589831406	2.60221077322e-05	0.0326707562577	0.000188660281058	0.0184236522744	0.0656863054429	0.000175649227192	0.0654325898926	0.000227693442657	0.0351558675462	0.000222365495363	0.0370715788743	0.000148462659043	0.0183708552262	0.0147683471232	0.0002737178892	0.0486485207241	0.0345020572223	0.0171086022335	0.0332483841992	0.0119415262702	0.0178976005319	0.0181643499457	0.0171843262994	0.0830958745826	1.02253074929e-05	9.66804031616e-05	0.0185603460074	0.0
PD_172S_filtered_2	0.060338762304	0.0192238320871	3.25276346652e-05	0.167224569814	3.25276346652e-05	0.210095992303	3.25276346652e-05	0.00253715550389	0.0	0.0348436022534	0.0165435549907	0.0326382286231	0.000969323513024	0.148378058289	0.0331391541969	0.0315908387869	0.0687699252092	0.0536185529821	0.000169143700259	0.0172770697253	0.000417993186844	0.0333444031534	0.0183006464028	0.100327708126	0.0139311059987	0.133166349659	3.04464144628e-05	0.000141400904322	0.000219393330313	0.0353557323155	0.00010498003411	0.0161265810037	0.00039882911369	0.0499102428531	0.0491994072745	0.0458823002786	0.047536300086	0.0358094781488
PD_173P_filtered_1	0.000242813118001	0.110193007733	0.000220739198183	0.139153990534	0.000309034877456	0.000441478396365	0.000573921915275	0.118029249268	0.156482017592	0.0152928116501	3.97330556729e-05	0.0318129332421	0.00013244351891	0.0182418873378	0.0627429096914	0.000225153982146	0.0640276118248	0.000150102654764	0.0341615983107	0.000248598680314	0.0358024975195	0.000119253588123	0.0174706633183	0.0142534143308	0.000332770706156	0.0464735403886	0.0327825179828	0.0160054261575	0.0329240707384	0.0117961558946	0.0179322149479	0.0179824963147	0.0172343409582	0.081970603266	1.32852716489e-05	7.62298437898e-05	0.0176810959785	0.0
PD_173P_filtered_2	0.0583413700796	0.0193588276806	0.00013244351891	0.165620620396	2.20739198183e-05	0.199768974355	2.20739198183e-05	0.00328901405292	6.62217594548e-05	0.0334154998209	0.0169042077968	0.0323206333979	0.00113018469469	0.137675037906	0.032788600498	0.030488498053	0.0690030733519	0.0526904466062	0.000176591358546	0.0174574488555	0.000428132968907	0.0315404930772	0.0182270577843	0.0970292400657	0.0136181768554	0.129264618582	7.21339643132e-05	0.000180179339916	0.000240188242076	0.0343068297449	0.000145408522335	0.0161052799018	0.000486382748428	0.0483023986264	0.0481047819037	0.0448167781798	0.0459760366485	0.0339396560883
PD_174S_filtered_1	0.000269597975499	0.110265571979	0.000202198481624	0.133338665382	0.000359463967332	0.000629061942831	0.000561662448956	0.109187180077	0.153625913038	0.0156007361822	4.94262955081e-05	0.0312553919595	0.000143785586933	0.018188876747	0.0616840167942	0.000206691781216	0.0633779907402	0.000116825789383	0.0341131304998	0.000234501692922	0.0362390103515	5.99396241998e-05	0.0173283118157	0.0132747440446	0.000289750118532	0.04583034805	0.0321916121752	0.0155911541921	0.0328005732988	0.0112332196757	0.0186639577975	0.0174876890101	0.0163825597568	0.0776811370014	1.81898768485e-05	5.01262021125e-05	0.0182130918768	0.0
PD_174S_filtered_2	0.061311072928	0.0208713766032	6.73994938747e-05	0.157085753724	4.49329959165e-05	0.189415044286	0.0	0.0031228432162	0.0	0.0328550066141	0.0159736800483	0.0305858903204	0.00169846724564	0.132660177144	0.0312688718583	0.0297905762926	0.0685273120722	0.0530793480761	0.000260611376316	0.0176334113007	0.00058334027569	0.0303174562016	0.0184033087212	0.0950184888638	0.0125930922827	0.12574572876	8.03369129286e-05	0.000281937191468	0.000340592851637	0.0328251732666	0.000181333965181	0.016028608162	0.000654649882525	0.0474863677706	0.0463711726891	0.045027362782	0.0431054337225	0.0317378944491
PD_175P_filtered_1	0.000283000633072	0.111785250064	0.000283000633072	0.140113613434	0.000367900822994	0.000735801645988	0.000764101709296	0.120190368866	0.150471436605	0.0152820341859	3.39600759687e-05	0.031062149486	0.000220740493796	0.0179818602254	0.0629053807193	0.000249040557104	0.0649033651888	0.000175460392505	0.0336431152596	0.000217023667745	0.0358762878394	8.41433786343e-05	0.0168396778471	0.0142999228878	0.000350515237559	0.0461486033005	0.032386507064	0.0160288320744	0.0309196501768	0.0116901614574	0.0173414690936	0.0176111517134	0.0164648948443	0.0801346647059	9.84298180141e-06	4.13108554084e-05	0.0186932698363	0.0
PD_175P_filtered_2	0.058581131046	0.021281647607	2.83000633072e-05	0.160687759459	8.49001899217e-05	0.207637564485	2.83000633072e-05	0.00359410804002	0.0	0.0329978738162	0.0163744166296	0.0325111127274	0.00170932382376	0.137164746838	0.0324828126641	0.0302867277514	0.067291890532	0.0514155550166	0.000283000633072	0.0175756427857	0.000614149585315	0.0317082680706	0.0183869938454	0.0980305287038	0.0138973997509	0.127230518817	5.69300688114e-05	0.000147973977296	0.000315772602753	0.0340096439053	0.000150728925082	0.0161880946403	0.000712837518284	0.0478654211591	0.0471774803006	0.0461326658479	0.0451886970607	0.0342525093842
PD_176S_filtered_1	0.000270685978654	0.11248043513	0.000187397985222	0.138674509064	0.000353973972086	0.000541371957307	0.000499727960591	0.109877685335	0.165888860918	0.0167075714824	2.49863980296e-05	0.0324781530388	0.000112438791133	0.0191895536867	0.0654935136352	0.000179069185879	0.0672925342933	0.000199891184237	0.037471268245	0.000205072197132	0.0382257206528	8.18739058253e-05	0.0191372179299	0.0132247417712	0.00030121413943	0.0477611049233	0.0344943965218	0.0168238219056	0.0339848997177	0.0113090554255	0.019088579832	0.0185935146347	0.0170345682244	0.0801575470805	2.39938321455e-05	7.47906562787e-05	0.019799488484	0.0
PD_176S_filtered_2	0.0617372251314	0.0202598044023	6.24659950739e-05	0.172572722391	6.24659950739e-05	0.203430923957	2.0821998358e-05	0.00291507977012	0.0	0.0363094007366	0.0168991338673	0.0325656054319	0.00102860671888	0.144104886236	0.0337233085406	0.0305375427918	0.0705574236358	0.0555947356158	0.000170740386535	0.0187777316274	0.000356398783764	0.0326934535777	0.0194678022987	0.102807779588	0.0126576775847	0.134214468729	4.29804907255e-05	0.000102810179167	0.000256294749817	0.0357699243748	0.000143614561495	0.0169102911796	0.000391164401182	0.0515504777435	0.0494451079987	0.0463083345872	0.0482065132806	0.0350935135433
PD_177P_filtered_1	0.000198763464095	0.111989014627	0.000255553025265	0.136522105053	0.000312342586435	0.000425921708775	0.00045431648936	0.114800097905	0.156625609707	0.0151628128324	6.2468517287e-05	0.0314784537565	0.00011357912234	0.0184736442486	0.0635872716421	0.000198763464095	0.063876898404	0.000141973902925	0.0354650809507	0.000159825279005	0.0377350233808	8.23365610441e-05	0.0179567472912	0.0126921404073	0.000212202319933	0.0457345577512	0.0326929672594	0.0160576817751	0.0325327124512	0.0104953812851	0.0184307016619	0.0179694328895	0.0175525214619	0.0780934458655	3.31739353385e-05	1.72495788084e-05	0.0186433367869	0.0
PD_177P_filtered_2	0.0636894928522	0.0207565846076	0.0	0.161168774601	2.8394780585e-05	0.199927650099	2.8394780585e-05	0.00281108327792	0.0	0.0344996584108	0.0162645303191	0.0316601803523	0.000914311934837	0.137601106715	0.0326994293217	0.0297350142286	0.0687608006647	0.0528767604054	8.5184341755e-05	0.0174424116463	0.000254649332532	0.0319021377667	0.0179022556004	0.0976302432889	0.0136378882882	0.126966493636	3.92965807259e-05	0.000195011078647	0.000228141030148	0.0335807425436	5.13425753392e-05	0.0160937233041	0.000336387655011	0.0497174873125	0.0469044591927	0.0448921780066	0.045465401407	0.035199672187
PD_178S_filtered_1	0.000230637944555	0.109038523633	0.000337086226657	0.136040904527	0.000301603465956	0.000603206931912	0.000620948312262	0.113615799764	0.154385491809	0.0156762836776	6.03206931912e-05	0.0313915983919	0.000166768975293	0.0175639665469	0.0631096381823	0.000244831048835	0.0648908727695	0.000184510355644	0.0343047330454	0.000192682228683	0.0363362517958	0.000114413427087	0.0176271324902	0.0141447373749	0.00035593724684	0.0463313001659	0.0325780746588	0.0161048889768	0.0325693487458	0.0116548263493	0.0181540501509	0.0170785169702	0.0167065983388	0.082153059059	2.2062317e-05	4.61652702827e-05	0.0187053353367	0.0
PD_178S_filtered_2	0.0585288137758	0.0207574150099	0.0	0.163220699223	1.77413803504e-05	0.201843684246	3.54827607007e-05	0.00337086226657	0.0	0.0329918708995	0.0165136768301	0.0317251363425	0.00148317939729	0.137463763231	0.0321154467102	0.029826808645	0.0679530350179	0.0515245168135	0.000312248294166	0.0170610631219	0.000442081122248	0.0317473602419	0.0188182713432	0.098330005851	0.0137691303297	0.128157549084	4.60186408127e-05	0.000172569097853	0.000276297900475	0.0338504322661	0.000148099673373	0.015720298888	0.000613488677602	0.0485440937055	0.0476405868193	0.0450377939935	0.0467100818853	0.0342849204341
PD_179P_filtered_1	0.000232604795729	0.111902290479	0.000251988528707	0.140338226757	0.000445825858481	0.000523360790391	0.000794733052075	0.11653500266	0.155709527008	0.0158907842949	5.42744523369e-05	0.0317854453364	0.000139562877438	0.0181392973203	0.0635515069399	0.000232604795729	0.0653852080795	0.000174453596797	0.0345844563784	0.000237818321773	0.0356331086851	9.66819908965e-05	0.0175657089112	0.014082895554	0.000270169006152	0.0463938978978	0.0325336150661	0.0157284659104	0.0324779013144	0.0116859358295	0.0182543255072	0.0173192905998	0.0172010351282	0.0805161329407	5.66655807653e-06	4.11560668629e-05	0.0180110505682	0.0
PD_179P_filtered_2	0.059333606644	0.0207599780188	1.93837329774e-05	0.16268767088	1.93837329774e-05	0.202211102421	7.75349319098e-05	0.00267495515089	0.0	0.0334757068521	0.0170227943008	0.030955821565	0.00117853096503	0.139954428844	0.0318862407479	0.0305797771452	0.0675484326798	0.0528788235625	0.000162823357011	0.0176710788878	0.000395860502559	0.0318764805513	0.0184675558882	0.0994280944987	0.0136460634131	0.129306927874	3.15424747811e-05	0.000148057963027	0.000247287188212	0.0337021358368	0.000115892260307	0.0157724255699	0.000472066535632	0.0480774749231	0.0468867865965	0.0446311045774	0.0458887917733	0.0349548648497
PD_180S_filtered_1	0.000271901741961	0.111117178548	0.000181267827974	0.136064163373	0.000430511091439	0.000589120440916	0.000725071311896	0.112635296607	0.15360182573	0.0156570086413	4.07852612942e-05	0.0309016329739	0.000167672740876	0.0175829793135	0.0620389141241	0.000217521393569	0.0636068808361	0.000117824088183	0.034894056885	0.000182243646178	0.0349620536177	0.000122257620506	0.0168671865274	0.0135628548048	0.0002652709743	0.0461660720966	0.0327115713644	0.0164266697937	0.0324825539181	0.0108601546548	0.0177740516608	0.0168719130503	0.0172635959209	0.0793160632759	1.34555799685e-05	4.90169338801e-05	0.0181073700575	0.0
PD_180S_filtered_2	0.0586628008281	0.0209137756525	4.53169569935e-05	0.160693929499	2.26584784968e-05	0.19549735247	2.26584784968e-05	0.0034894056885	0.0	0.0336795624376	0.0168941615672	0.0318215672009	0.00160875197327	0.136027909807	0.0318986060277	0.0298366844845	0.0671642619601	0.0517655599737	0.00034894056885	0.0171031306019	0.000508652808529	0.0313919980508	0.0186461084172	0.0959088817148	0.0135708048855	0.128041045421	7.37638910579e-05	0.00023825342909	0.00046817617068	0.0337777190561	0.000160080149166	0.0155058827971	0.000666068304734	0.0481632851186	0.0465512793946	0.0442271435136	0.0437824849545	0.0345660279457
PD_181P_filtered_1	0.000342214073725	0.110278485258	0.000278048934901	0.143558803928	0.000320825694117	0.000513321110587	0.000898311943528	0.12381732955	0.161631984696	0.0161353935761	4.70544351372e-05	0.032886772485	0.000102664222117	0.0182100663981	0.0650933944984	0.000218161472	0.0667146336727	0.000230994499764	0.0350512765013	0.000219731141284	0.0370971919627	0.000103292919904	0.0179491139857	0.0145227953723	0.000370337668038	0.0476353373169	0.0338424103277	0.0163854115703	0.0330393475293	0.0120526294675	0.0183564257611	0.017409657254	0.0177622429879	0.0834851473981	0.0	5.11989177426e-05	0.0178710035681	0.0
PD_181P_filtered_2	0.0596521907262	0.0206825630807	0.000106941898039	0.16851904293	8.55535184312e-05	0.207039514604	4.27767592156e-05	0.0030157615247	0.0	0.0341101877985	0.0171064260103	0.033156266068	0.000911144971293	0.142155726225	0.0326515003093	0.0314366403476	0.0694437909106	0.0540013808338	0.000111219573961	0.0180198304292	0.000237192786475	0.0324359346513	0.0188034844891	0.100380884433	0.0141170283621	0.132590643406	5.19593507451e-05	0.000123780046732	0.000256858670943	0.0353588540994	0.000126542286847	0.0160105535553	0.000476167708354	0.0500398149299	0.0471744761815	0.0465601866278	0.0466416544501	0.0361455799378
PD_182S_filtered_1	0.0	0.106087211004	0.0	0.131694468832	0.00182908984489	0.0	0.0	0.109745390694	0.181079894644	0.0157301726661	0.0	0.0288996195493	0.000365817968979	0.0212174422008	0.0636523266023	0.000365817968979	0.0662130523851	0.0	0.0358501609599	0.000367383677143	0.039759953923	0.0	0.0206121817994	0.0127976421314	0.000789051126568	0.0523244113504	0.0345993681496	0.0147460933386	0.0272498421239	0.0084492887033	0.021088535172	0.0137194977718	0.018121709318	0.0950479514401	0.0	0.0	0.0177678939887	0.0
PD_182S_filtered_2	0.0713345039508	0.0237781679836	0.0	0.170105355575	0.0	0.208516242318	0.0	0.00365817968979	0.0	0.0376792508048	0.0153643546971	0.0310945273632	0.00146327187591	0.143034825871	0.0362159789289	0.0329236172081	0.0643839625402	0.0457272461223	0.0	0.0143275423122	0.0	0.0353873027346	0.0171836396476	0.0939240457201	0.0134256279443	0.135792917815	0.0	0.000422026401972	0.0	0.0365231721711	0.0	0.0108978914949	0.0	0.04786882933	0.0466322600927	0.0483697205549	0.0405315422252	0.0242770005766
PD_183P_filtered_1	0.000307065468968	0.109008241484	0.000429891656555	0.139515195826	0.000414538383107	0.000721603852075	0.000537364570694	0.117698194255	0.156081377876	0.0158200129612	5.83424391039e-05	0.031446574677	0.000205733864209	0.0176685470844	0.0627334753102	0.000208804518898	0.0644683952098	0.000205733864209	0.0347045393028	0.000212773391065	0.0348509784396	0.000126607159192	0.0179103939804	0.0143081718702	0.000384649977384	0.0477399570583	0.0325217506932	0.0160532305161	0.03239832132	0.0121561663434	0.0183543235352	0.0174322044439	0.0170078705014	0.0817899886852	1.32343830861e-05	3.20990426048e-05	0.0176551730996	0.0
PD_183P_filtered_2	0.060261598285	0.0195140105529	9.21196406904e-05	0.164387498812	3.07065468968e-05	0.202970274988	1.53532734484e-05	0.00323954069761	1.53532734484e-05	0.0335683970676	0.0164218612804	0.0323247819183	0.00122212056649	0.136386198697	0.0326871191716	0.0303227150606	0.0674285063307	0.0514795258725	0.000230299101726	0.0172174418606	0.000374422628606	0.0313408688981	0.0180455663903	0.097829031232	0.0137813618387	0.130554035117	5.2519099621e-05	0.000179529210498	0.000298690022997	0.0333244844804	0.00014455646268	0.0161424853043	0.000587047019843	0.0493935994973	0.0475590558409	0.046173354001	0.0454573790365	0.035757313057
PD_184S_filtered_1	0.000195459312631	0.110294897842	0.000321111727894	0.138050120235	0.000474686902104	0.000544493799472	0.000656184835261	0.113869010987	0.155557690095	0.015438493422	4.74686902104e-05	0.0315080411961	0.000164744277789	0.0179515417272	0.0624157430749	0.000212212967999	0.0642083841993	0.000170328829578	0.0348978641323	0.000247019006906	0.0362481178971	0.000133137717365	0.0176546210278	0.0138572821431	0.000381162225102	0.0465424826747	0.0325155445281	0.0155323791756	0.0325204605623	0.0114998582915	0.0177157082608	0.0180364798693	0.0170481141714	0.0815640802068	2.89434547437e-05	6.89382687963e-05	0.0183094381506	0.0
PD_184S_filtered_2	0.058540064133	0.0205651119647	9.77296563155e-05	0.165302732968	4.18841384209e-05	0.199815263027	0.0	0.00297377382789	0.0	0.03384517612	0.0166531334362	0.0321949410662	0.00117554815168	0.137338089882	0.0321167573412	0.030608928358	0.0666711715384	0.0521988055761	0.000226174347473	0.0174295431767	0.000375781240659	0.0313928787964	0.0179970659507	0.0977182026899	0.0132991512056	0.129132787286	2.90428380894e-05	0.000149167530816	0.000255833000949	0.0339340502931	0.000123406589542	0.016284137707	0.00046646191321	0.0486668082675	0.0471903290756	0.0449769433849	0.0452125588975	0.0346183363668
PD_188S_filtered_1	0.00026984377125	0.113523274565	0.000242859394125	0.15092362126	0.000188890639875	0.00048571878825	0.000350796902625	0.0943103980519	0.170487294676	0.0171566669761	4.31750034e-05	0.0342917464505	0.000156509387325	0.0191858921359	0.0685403178976	0.000167303138175	0.0662574395928	0.00020508126615	0.0372222498063	0.000206636130197	0.0389718497264	0.000130947656806	0.0186333039565	0.0143202771681	0.000324969493489	0.0501516814922	0.0351401153398	0.0166663798359	0.0347968928677	0.0114683507383	0.0128633696536	0.0181093673878	0.0183009071294	0.0797859111561	0.0	2.86471908421e-05	0.0210580587016	0.0
PD_188S_filtered_2	0.0627656611928	0.0203192359751	8.09531313751e-05	0.171053966595	5.396875425e-05	0.157507809279	0.0	0.00299526586088	2.6984377125e-05	0.035732712189	0.0174373044982	0.0348422277438	0.0011657250918	0.151630611941	0.0358136653203	0.0323596650483	0.072647340096	0.0563325856862	0.000210478141575	0.018964802349	0.000327637439741	0.0350814038846	0.019188492479	0.0951847788946	0.013149257067	0.135005455753	4.0256587437e-05	0.00015330776485	0.000275184744916	0.037159785119	0.000125223621996	0.0172844373272	0.000509255809208	0.0494886551259	0.0496359845382	0.0479561766694	0.04461691122	0.0377496877835
PD_189P_filtered_1	0.000254367136876	0.110210343123	0.000231242851705	0.138537592457	0.000277491422046	0.000554982844093	0.000647479984775	0.112985257343	0.152851524977	0.0154238982087	2.31242851705e-05	0.0319531372486	0.000147995425091	0.0182866847129	0.0632634193695	0.000208118566535	0.0648404956182	0.000203493709501	0.0347003023269	0.000149111393946	0.0357665342923	7.30180776209e-05	0.0179408131973	0.0136192691441	0.000338859944896	0.0467160390222	0.0329032810822	0.0157416321814	0.032212016593	0.0117529033324	0.0173674254892	0.0177266292365	0.0171982126619	0.0793315960666	7.60568537151e-06	3.18519140811e-05	0.0180885612617	0.0
PD_189P_filtered_2	0.0593831643179	0.0204649923759	4.62485703411e-05	0.163326826159	4.62485703411e-05	0.203586206641	4.62485703411e-05	0.00284428707598	0.0	0.0340158234859	0.0165939870384	0.0315137758304	0.00115621425853	0.138010358755	0.0322352535277	0.0296499584457	0.0673425432736	0.0508086793767	0.000184994281364	0.0172143051948	0.000385121546975	0.0320751086938	0.0187041069695	0.0977601352309	0.0137625396586	0.127584193354	3.38991420297e-05	0.000163803881824	0.000254758849822	0.0345930910532	0.000111211855969	0.0154008082464	0.000333097731654	0.0481908817391	0.0469763071618	0.0451969219844	0.0447117268038	0.0328952188855
PD_190S_filtered_1	0.000253005358653	0.108056288632	6.9001461451e-05	0.139129946772	0.000322006820104	0.000598012665908	0.000460009743006	0.115462445495	0.152861237601	0.0155115285342	4.14008768706e-05	0.0324858880511	0.000128802728042	0.0178207774441	0.064231160416	0.000179403799772	0.0641023576879	0.000147203117762	0.0353655490423	0.000175648620666	0.0357938812091	8.56018497228e-05	0.0172640792702	0.0135719672668	0.000241528938563	0.0477115007233	0.0327326596698	0.0156988112487	0.0335857227352	0.0111700769078	0.0184586410308	0.0177253965937	0.0172447711921	0.0789443469917	1.30795824579e-05	0.000108511727744	0.0182534488196	0.0
PD_190S_filtered_2	0.060445280231	0.0207004384353	6.9001461451e-05	0.16311945487	0.0	0.198517204594	2.30004871503e-05	0.00322006820104	0.0	0.0339349187416	0.0167949557172	0.0315152674934	0.00121902581897	0.141020586816	0.0329964988658	0.0300432363157	0.0684172490773	0.0522479066107	0.000271405748374	0.0169076546703	0.000351317576756	0.0327045834361	0.0183782354078	0.0965964462865	0.0136135221746	0.130165934818	3.68338021487e-05	0.000150959761729	0.000354007089213	0.0331041927054	0.000151882812363	0.0168010429279	0.000583005826709	0.0479820934533	0.046586788684	0.0436088072086	0.0452587932613	0.0332553810488
PD_191P_filtered_1	0.0	0.104110976674	0.0	0.137876698838	0.0	0.0	0.0	0.0984833563128	0.137876698838	0.0225104814429	0.0	0.0287008638397	0.000562762036073	0.0196966712626	0.0635921100763	0.00112552407215	0.0630293480402	0.0	0.0320774360562	0.000564299055928	0.0346632268623	0.0	0.019662498988	0.0146207380549	0.0	0.0390102206778	0.0378145622659	0.0155272752116	0.0285386317946	0.011036882665	0.0180009600512	0.019204521293	0.0162940293009	0.0797893560999	0.0	0.0	0.0172386901879	0.0
PD_191P_filtered_2	0.061903823968	0.0253242916233	0.0	0.15475955992	0.0	0.216663383888	0.0	0.0	0.0	0.0320774360562	0.0168828610822	0.0275753397676	0.00393933425251	0.132249078477	0.0275753397676	0.0298263879119	0.0686569684009	0.0495230591744	0.0	0.0186228146409	0.0	0.0315385056483	0.0225810747434	0.101289835302	0.0106729914023	0.139423914807	0.0	0.0	0.0	0.0292635343847	0.0	0.0130573423498	0.00141983941616	0.041449119388	0.0452137479936	0.0449661570502	0.0456401234773	0.0433952438813
PD_192S_filtered_1	0.0	0.171037628278	0.0	0.0570125427594	0.0	0.0	0.0	0.171037628278	0.342075256556	0.0	0.0	0.0570125427594	0.0	0.0570125427594	0.102622576967	0.0	0.0912200684151	0.0	0.0570125427594	0.0	0.0470256289678	0.0	0.0739098300074	0.0126871352449	0.0	0.027266530334	0.0141083521445	0.0438660622898	0.0306044376435	0.0	0.0336473755047	0.0177085177971	0.0187476565429	0.136905926071	0.0	0.0	0.0228154232261	0.0
PD_192S_filtered_2	0.0570125427594	0.0570125427594	0.0	0.114025085519	0.0	0.399087799316	0.0	0.0	0.0	0.0456100342075	0.0342075256556	0.0228050171038	0.0	0.102622576967	0.0456100342075	0.0570125427594	0.0798175598632	0.0228050171038	0.0	0.0	0.0	0.0240615976901	0.012348728081	0.152632917833	0.0263400500461	0.0956153530938	0.0	0.0	0.0	0.0321905681635	0.0	0.0177462289264	0.0	0.0588350656992	0.124352331606	0.0869943453676	0.0228937728938	0.0
PD_193P_filtered_1	0.000187163223175	0.110031179313	0.000291142791606	0.141765743598	0.000187163223175	0.00064467332427	0.00064467332427	0.121531319582	0.157653821655	0.0156302087265	4.15918273723e-05	0.032146323376	0.000162208126752	0.018566591739	0.0644007855033	0.00022459586781	0.0662640993695	0.000166367309489	0.035486147114	0.000209394939502	0.0362418630828	0.000143968467241	0.0173845032714	0.0143411944308	0.000340801138276	0.0479123329364	0.0339545229627	0.0162326953478	0.0331078962088	0.0122533106182	0.0183404706478	0.0177477621077	0.0171481840834	0.0827055554264	1.35941229887e-05	4.26780414079e-05	0.0185669465235	0.0
PD_193P_filtered_2	0.0602873537761	0.0219812807663	6.23877410584e-05	0.167469492915	2.07959136861e-05	0.209373258992	0.0	0.00357689715402	0.0	0.033855747481	0.0169070778268	0.0324208294367	0.00130182419675	0.143687286023	0.0327868375176	0.0310898909608	0.068647311078	0.053657616493	0.00027034687792	0.0178091533772	0.000418239171265	0.0322550263683	0.0187908394434	0.100660754826	0.013787651605	0.13160665429	3.5373975437e-05	0.000193651699519	0.000369089292796	0.035317759824	0.00011126583569	0.0165611265514	0.00061545067994	0.0498179690356	0.0483555735618	0.0465044090704	0.0458700096936	0.0355906758701
PD_194S_filtered_1	0.000171574213425	0.113725107799	0.000142978511188	0.145094593153	0.000314552724613	0.000714892555938	0.000486126938038	0.117528336196	0.163224268372	0.0170373193931	3.4314842685e-05	0.0341432684716	0.000131540230293	0.0195766177518	0.0658730596744	0.00016013593253	0.0687726638813	0.000154416792083	0.036768353937	0.000195750521027	0.038757023721	0.000107776060745	0.0183155843242	0.0132417614919	0.000317878430054	0.0481468029941	0.0345414090295	0.0173691681566	0.0340648140755	0.0113032133366	0.0194556896668	0.0176914399699	0.0179652315806	0.0803050996859	0.0	6.95391846848e-05	0.0191714564819	0.0
PD_194S_filtered_2	0.0602225489122	0.0210464368468	2.85957022375e-05	0.178322799153	2.85957022375e-05	0.202028636308	2.85957022375e-05	0.00257361320138	0.0	0.0359562359935	0.017483412348	0.0343605958086	0.000897905050258	0.145883834535	0.03361138841	0.0314552724613	0.0728904450035	0.0551039182117	0.000120101949398	0.0180537743413	0.000175900876338	0.033001962575	0.0193039668977	0.10567106862	0.0134965954189	0.133346877473	1.38351355442e-05	0.00020078815086	0.000230761935714	0.0370726627283	0.00012880249104	0.016668476267	0.000368312755758	0.0539633022391	0.0482122930936	0.0474823353458	0.049237201876	0.0344474545939
PD_195_filtered_1	0.000189821829434	0.112165719013	0.000379643658869	0.141569120392	0.000474554573586	0.00055048330536	0.000512518939473	0.116360781443	0.15626132999	0.0157362296601	4.17608024756e-05	0.0316926526424	0.00014426459037	0.0180596488524	0.0645887756834	0.000246768378265	0.0652341699034	0.000193618266023	0.0347715627158	0.000156620487434	0.0356122851192	9.51131384653e-05	0.0181616915707	0.0139383458976	0.000328616253292	0.0471833565619	0.0337156218886	0.0165317726441	0.0322804849496	0.0118180193844	0.0176285976978	0.0174320622178	0.0173644541807	0.0825557946784	1.82963254575e-05	5.76535504626e-05	0.0183079487404	0.0
PD_195_filtered_2	0.0613883796391	0.0202350070177	3.79643658869e-05	0.165126009425	1.89821829434e-05	0.202236177079	1.89821829434e-05	0.00263852342914	1.89821829434e-05	0.0343881226203	0.0167119138634	0.0319508103304	0.000888366161753	0.140456764472	0.0328847337312	0.0305385359194	0.06799797574	0.0525502752606	0.000125282407427	0.0174585286421	0.000264148595083	0.0321870466331	0.0178104532738	0.0994786372585	0.0132535243945	0.130966419341	1.81085690201e-05	0.000154360061308	0.000198532361622	0.0348964534358	8.86510814937e-05	0.0164411754121	0.000367822689997	0.0485242330545	0.0473819434945	0.0459882830131	0.0459407252429	0.0358217851184
PD_196_filtered_1	0.000259547916195	0.108053041861	0.000259547916195	0.140009879043	0.000389321874293	0.000502874087628	0.000486652342866	0.115223053046	0.153863249069	0.0151932861443	4.86652342866e-05	0.0308083376524	0.00015897309867	0.0179866705923	0.0641278013939	0.000175194843432	0.0644749467318	0.000188172239242	0.033903446553	0.000221908432096	0.0350188623573	0.000118272072061	0.0177736060948	0.0140568162587	0.000329947838872	0.0471277602624	0.0325150805741	0.0159396572038	0.0318463243583	0.0115413337685	0.0185219791109	0.0178065362363	0.0163071373329	0.0802721405478	2.47866550632e-05	6.19285159141e-05	0.0177289342886	0.0
PD_196_filtered_2	0.0588524899973	0.0210233812118	8.1108723811e-05	0.16405050478	8.1108723811e-05	0.206291928141	0.0	0.00342278814482	1.62217447622e-05	0.0325829965294	0.0163969396056	0.0312593021568	0.00131720567469	0.139753575475	0.0323688694985	0.0303800835907	0.0685660707609	0.0523832581861	0.000230348775623	0.01719615263	0.000504050459961	0.0326681870146	0.0180104759036	0.099374666817	0.0136404614458	0.128094192066	3.45040136219e-05	0.000150092338386	0.000313743156325	0.0335594051969	0.000134857824181	0.0163537223697	0.000405874866073	0.0480579852441	0.0468305906115	0.0451703382515	0.0458528541409	0.0345057335805
PD_197_filtered_1	0.000252905642656	0.112270651059	0.000194542802043	0.133475816482	0.000311268483268	0.000661445526945	0.000661445526945	0.115305518771	0.15047885738	0.0154544801943	3.89085604086e-05	0.0314381168101	0.000190651946002	0.0181197165823	0.0622653692218	0.000245123930574	0.064094071561	0.000175088521838	0.0338154298511	0.000203548308923	0.03537048886	8.10341415071e-05	0.0170155621702	0.0143057888787	0.000272643272633	0.0462750719511	0.0325562571668	0.0160911507712	0.032524923036	0.0112513174577	0.0177327849811	0.0169835975541	0.0166014174508	0.0795991941172	5.81599077584e-06	6.65561995103e-05	0.0174284229435	0.0
PD_197_filtered_2	0.0576819408057	0.0209328054998	7.78171208171e-05	0.159641823356	1.94542802043e-05	0.201818702839	1.94542802043e-05	0.00332668191493	0.0	0.0328388249848	0.0161470525696	0.0312474648641	0.00156023327238	0.139545551905	0.0326481730388	0.0291814203064	0.0674946797407	0.051619987094	0.00022566965037	0.0170298454402	0.000497316777061	0.0311684194378	0.017715020402	0.0979515493282	0.0135348059485	0.127281300288	5.01507760285e-05	0.00024374367409	0.000366735418298	0.0336914990688	0.000138578925471	0.0158279136609	0.000614522089737	0.048051616664	0.0472996509232	0.0439860542874	0.0455443427629	0.0350810062877
PD_198_filtered_1	0.000132626733465	0.110557645016	0.000238728120236	0.14188407946	0.000477456240472	0.000583557627244	0.000610082973937	0.118488723677	0.156393444101	0.0157242255196	6.89659014016e-05	0.0316606538127	0.000169762218835	0.0178568633937	0.0634061887347	0.000233423050898	0.0657563344517	0.000169762218835	0.0347004585437	0.000191484594958	0.0346786654492	0.000124435960196	0.0173249376882	0.0148427130017	0.000388714239769	0.0472666274785	0.033055499423	0.0160804133091	0.0324823472962	0.0129001199252	0.0172777455842	0.017029207961	0.0168326367871	0.0824956797311	2.19239573386e-05	4.56277060557e-05	0.0174084480746	0.0
PD_198_filtered_2	0.0608491453135	0.020557143687	0.0	0.164297997416	2.65253466929e-05	0.207322109752	0.0	0.00318304160315	0.0	0.0342123921645	0.0167056633472	0.0313105192363	0.00135279268134	0.14180980849	0.0325147699762	0.0309126390359	0.0678677520485	0.0530188629698	0.000270558536268	0.0177113349193	0.000450177514641	0.0319846940904	0.018070566932	0.0986926483158	0.0139505540753	0.129056457468	5.85101011253e-05	0.000143532952385	0.000257333877656	0.0329740076503	0.000135906997677	0.0161363030448	0.000482553385743	0.0471330336232	0.0473209242642	0.0457222740237	0.046932175907	0.0348394387427
PD_199P_filtered_1	0.0	0.0	0.0	0.0	0.0	0.0	0.0	0.0	0.0	0.0	0.0	0.0	0.0	0.0	0.0	0.0	0.0	0.0	0.0	0.0	0.0	0.0	0.0	0.0	0.0	0.0	0.0	0.0	0.0	0.0	0.0	0.0	0.0	0.0	0.0	0.0	0.0	0.0
PD_199P_filtered_2	0.0	0.0	0.0	0.0	0.0	0.0	0.0	0.0	0.0	0.0	0.0	0.0	0.0	0.0	0.0	0.0	0.0	0.0	0.0	0.0	0.0	0.0	0.0	0.0	0.0	0.0	0.0	0.0	0.0	0.0	0.0	0.0	0.0	0.0	0.0	0.0	0.0	0.0
PD_1P_filtered_1	0.000110533451015	0.107991181641	0.000165800176522	0.144577753927	0.000469767166812	0.000386867078551	0.000552667255073	0.12202892992	0.156985133804	0.0160881437952	6.0793398058e-05	0.0321486542276	0.000160273503971	0.0180722192409	0.0656181831948	0.000198960211826	0.0662979639186	0.000182380194174	0.0343372165577	0.000262383906287	0.0357805948607	7.68148452606e-05	0.0175906347997	0.0151494314128	0.000301729368435	0.0466260269388	0.0336636524473	0.0159383980175	0.0333279117037	0.0120511054456	0.0175665696966	0.017447626156	0.0180597482758	0.0806177007265	1.02087286876e-05	6.47547677586e-05	0.0187623932124	0.0
PD_1P_filtered_2	0.0594393632831	0.0201723548102	2.76333627537e-05	0.166933144395	0.0	0.211174158163	0.0	0.00270806954986	0.0	0.0335634824006	0.0167845045366	0.0318391605648	0.0010998078376	0.143997453309	0.0330605551985	0.0309548929566	0.067546991915	0.0517407084199	0.000127113468667	0.0168841550493	0.000355463068906	0.0335201107375	0.0180311805792	0.103243138761	0.014224445086	0.131634166655	4.26119294653e-05	0.000133411631137	0.000286674545826	0.0353981755464	0.000118918871168	0.0169918098942	0.000430645965203	0.0489132054684	0.048623200528	0.0453770899984	0.048620554095	0.0381122515952
PD_200S_filtered_1	0.000273098916428	0.109806772013	8.40304358239e-05	0.135373032112	0.000441159788075	0.000651235877635	0.000798289140327	0.110962190505	0.157473036734	0.0157094899773	6.30228268679e-05	0.0319861853964	0.000168060871648	0.0181841863123	0.0628211538219	0.000218479133142	0.0659848997307	0.000214277611351	0.0339230869421	0.000236588405335	0.0365351105201	0.00011793627248	0.0180736381721	0.0134496801357	0.000271091655247	0.0466435987753	0.032239188562	0.0161952836839	0.0324042513124	0.0105434426165	0.0177279062777	0.0171773537117	0.0171215028099	0.0790067019352	1.89117546011e-05	6.56108395406e-05	0.0187130602719	0.0
PD_200S_filtered_2	0.0593044800827	0.0221840350575	4.20152179119e-05	0.162346802012	8.40304358239e-05	0.196358120911	4.20152179119e-05	0.00268897394636	0.0	0.0336247788949	0.016196866505	0.0316206530005	0.00142851740901	0.137608241705	0.0317382956107	0.0302341508094	0.0680016301905	0.0526660756526	0.000214277611351	0.0174301532865	0.000467621119983	0.0319576879513	0.0185408064288	0.0978023441905	0.0127091260269	0.127865755738	4.93055947946e-05	0.000218152654908	0.000407577854686	0.0333151121679	0.000127753994243	0.0158425199579	0.000552189967599	0.0483483459334	0.0468965743656	0.0457015310112	0.0452044846268	0.0355611315218
PD_203_filtered_1	0.000120549813232	0.109459230415	0.000265209589111	0.135618539886	0.000385759402343	0.000530419178222	0.000554529140868	0.110520068771	0.159511512869	0.0152471403776	4.33979327636e-05	0.030619652561	0.000149481768408	0.0178461943509	0.0604147443994	0.000216989663818	0.0634477777004	0.000130193798291	0.0342650789131	0.000130953523043	0.0360020837136	8.03859449797e-05	0.0173491139244	0.0132181168183	0.00027024878184	0.0452814257571	0.0323896447332	0.0156072503751	0.0310511739239	0.0102114355179	0.0173395247293	0.0174250518808	0.0159373109829	0.0789575825913	3.0224081339e-05	3.95045372541e-05	0.0176678372092	0.0
PD_203_filtered_2	0.0606124460931	0.0201800387351	7.23298879393e-05	0.159222193317	2.41099626464e-05	0.189600746252	0.0	0.00229044645141	0.0	0.0333778322877	0.0162742247863	0.0315406531341	0.000974042490916	0.135309932364	0.0320324963721	0.0301760292483	0.0680238486107	0.0523137969502	0.000125371805761	0.0169877338669	0.000295698299419	0.0306892231955	0.0179103521425	0.0967391315785	0.0127373830466	0.125086066864	4.58287764731e-05	0.000106432124952	0.000189447470342	0.0334727980573	9.82390068587e-05	0.0163134609776	0.00046614271284	0.0485132977143	0.0469331576488	0.0429635638454	0.0453706869823	0.0336343793906
PD_204_filtered_1	0.000125614853303	0.108129265723	0.000175860794624	0.136869944159	0.000301475647928	0.000678320207837	0.000502459413213	0.115088328596	0.151516636054	0.0148778232252	2.00983765285e-05	0.031448934673	0.000120590259171	0.017912678081	0.0630536317641	0.000185909982889	0.0641188457201	0.000160787012228	0.0336647806853	0.000197794158966	0.03538961527	0.00010694882333	0.0172289432799	0.013522179821	0.000277228776323	0.0456398914676	0.0323982569878	0.0152039296473	0.0326821212411	0.0107907424476	0.0170727691357	0.0167693363665	0.0170900540731	0.0790206535965	3.55838613311e-05	6.55587303672e-05	0.0187191051991	0.0
PD_204_filtered_2	0.0567276677517	0.0188673509661	5.02459413213e-05	0.159480617754	5.02459413213e-05	0.195582326593	5.02459413213e-05	0.00301475647928	0.0	0.0328357226535	0.0162043160761	0.0319413448979	0.00109033692667	0.138040674592	0.0325493207879	0.029660179162	0.0670381349109	0.0520447460206	0.000135664041567	0.0170226498095	0.000384747646618	0.0316714077545	0.0189314995517	0.0970436436641	0.0131024285449	0.125858092064	3.81321112415e-05	0.000178526065004	0.000227264776136	0.0339772077644	0.000172527850308	0.0159614351637	0.000566957099342	0.0479287414613	0.0453834860039	0.0428798219957	0.0437309969822	0.0324739127103
PD_205P_filtered_1	0.000189484734162	0.108764237409	0.000315807890271	0.135386842559	0.000221065523189	0.000157903945135	0.000378969468325	0.111448604477	0.158282914604	0.0160430408257	8.21100514704e-05	0.0333872101594	0.000101058524887	0.0190053188365	0.0630226225824	0.000132639313914	0.064822727557	0.000214749365384	0.0349220365061	0.000209154634993	0.03757821037	0.000109838925093	0.0185013102208	0.0126424227229	0.000255759433216	0.0445888203343	0.0332759773438	0.0163490285678	0.0344900778597	0.0102349567443	0.0176348990392	0.0166301821646	0.0167842644774	0.0775817508264	8.67113924029e-06	6.31260241634e-05	0.0188687192173	0.0
PD_205P_filtered_2	0.0608245996661	0.0193906044626	3.15807890271e-05	0.165893884759	3.15807890271e-05	0.186295074471	3.15807890271e-05	0.00208433207579	0.0	0.0340630390446	0.0172746915978	0.0284858717024	0.00092215903959	0.136732184172	0.0313155103992	0.0305386229892	0.0703304171633	0.0543126409687	0.000208433207579	0.017423084592	0.000358269417963	0.0315938941908	0.0182194945061	0.0980977104635	0.0127605595145	0.126494677028	4.8942865567e-05	0.000136078948136	0.000176371029383	0.0344515197309	0.00010074872578	0.0164510909862	0.000541581788082	0.046579836278	0.0478564113179	0.0451853095026	0.0465085640119	0.0326026339496
PD_206S_filtered_1	0.000109131883152	0.113406215243	0.000236452413497	0.136651306354	0.00034558429665	0.000636602651723	0.000618414004531	0.115697984789	0.150165471218	0.0149983584746	4.72904826994e-05	0.031306299547	0.000181886471921	0.0177266555534	0.0630491266266	0.000243727872374	0.0646315389323	0.00013823371866	0.0340891625674	0.00022687340347	0.0355526988415	0.000140198295712	0.0175709428753	0.0129428682401	0.000316429019008	0.0457322405009	0.0322530073811	0.0162795516146	0.0317243248291	0.0111198435996	0.0180351721125	0.0171618838006	0.0163388656984	0.0792871361813	1.64435009529e-05	0.000102575301098	0.0190414553918	0.0
PD_206S_filtered_2	0.0611138545654	0.0203530962079	0.000109131883152	0.163825145259	3.63772943842e-05	0.196364635086	0.0	0.00351040890807	0.0	0.0332706734438	0.0164134352261	0.0318046684801	0.001476918152	0.136855019203	0.0324558220496	0.029887585066	0.0674544169766	0.0518049049325	0.000218263766305	0.0173724549701	0.000550418522625	0.0313977798215	0.0187357515712	0.0971673121259	0.0136001616597	0.126966645728	6.42330752805e-05	0.00015425304966	0.000372356219754	0.0335815432466	0.000106377927315	0.0158286527103	0.000630881026388	0.0486550026189	0.0475069375232	0.0447433309891	0.0452388301336	0.034681672239
PD_207P_filtered_1	0.000285952793687	0.11188924313	0.000285952793687	0.140750050093	0.000428929190531	0.000571905587375	0.000837433181513	0.118466157385	0.154741311784	0.0159194005286	4.90204789178e-05	0.0318755664163	0.000163401596393	0.0181089819202	0.0632936083627	0.000273697673958	0.0657119519893	0.000167486636303	0.0344818218788	0.000168566417039	0.0351003773291	9.392511564e-05	0.0174087567794	0.0144796167707	0.000280798083392	0.047405130731	0.0332120463035	0.016018526732	0.0324935811582	0.0120671355575	0.0176706542449	0.017201186056	0.016850793	0.0822430019394	3.93285051039e-05	7.55815155922e-05	0.0174350725914	0.0
PD_207P_filtered_2	0.0602134882707	0.0204456247486	2.04251995491e-05	0.164116478377	2.04251995491e-05	0.206784720235	0.0	0.00318633112966	4.08503990982e-05	0.0334605619013	0.0167404935504	0.0330888232695	0.00115606629448	0.141897946307	0.0324229617642	0.0297840259825	0.066904783643	0.0518800068547	0.000159316556483	0.0172073965661	0.000322092540701	0.0313525996324	0.0181427444938	0.0982949271426	0.0140241351361	0.130775034479	4.39888997433e-05	0.000141419612496	0.000334604691743	0.0335990434652	6.75413230478e-05	0.0154823507643	0.000573413628322	0.0493309292287	0.0485383835807	0.0466590849382	0.0454902189501	0.0360607207935
PD_208S_filtered_1	0.000310113899667	0.112287074504	0.000335956724639	0.144797348319	0.000310113899667	0.000335956724639	0.000594384974361	0.117920810348	0.160303043303	0.0162034512576	5.68542149389e-05	0.0322311713054	0.000118876994872	0.0184052599452	0.0654598756547	0.000160225514828	0.0662971831838	0.000129214124861	0.0351410733972	0.000202673902783	0.0369654051083	0.000102010191355	0.0179060667452	0.0137386692369	0.000298161564463	0.0472538090664	0.0338362458652	0.01564275943	0.0332499861886	0.0111402778498	0.0177301985577	0.0187745391246	0.0178656163265	0.0814179785154	2.33248029346e-05	6.4765334549e-05	0.0188716190954	0.0
PD_208S_filtered_2	0.0596710828609	0.0211135880023	5.16856499445e-05	0.1625772119	0.0	0.202736961907	0.0	0.00320451029656	0.0	0.0336835380688	0.0171699729116	0.0323913968202	0.00101303873891	0.146813088667	0.0329651075346	0.0314507179912	0.0701374269746	0.0529622854981	0.000268765379711	0.0177035479323	0.00031122752779	0.0328807545749	0.0186834845772	0.101152875156	0.0132691132717	0.13022126203	3.62641012958e-05	0.000167962560026	0.000301282205786	0.0349108487099	0.000129810362092	0.0166822909988	0.000483067637594	0.0491617390432	0.048572115232	0.0453522726415	0.0476195694175	0.0351191060511
PD_209P_filtered_1	0.000198252090618	0.107849137296	0.000237902508741	0.140798634757	0.000297378135927	0.000475805017483	0.00077318315341	0.116889432628	0.160881571536	0.0159037827094	2.77552926865e-05	0.0327671055373	0.000146706547057	0.0183184931731	0.0632186266562	0.00021807729968	0.0651496020188	0.000174461839744	0.0347020459417	0.000191406654683	0.0368245072808	0.000127828963198	0.017548693207	0.013970234414	0.000343536272542	0.0467268564482	0.0328423874605	0.0162479086791	0.0329619566998	0.0116719928928	0.0180235587425	0.0172776503703	0.0169353102802	0.0808321242971	6.03146858419e-06	5.66972884522e-05	0.0192126761437	0.0
PD_209P_filtered_2	0.0576715331607	0.0193494040443	3.96504181236e-05	0.163082169742	0.0	0.204615982727	0.0	0.00277552926865	1.98252090618e-05	0.0336949253214	0.0166531756119	0.0315458726591	0.00107452633115	0.138899379729	0.0327512453701	0.0311136831016	0.0682344045489	0.0530126090312	0.000142741505245	0.0176514567356	0.000348319566677	0.0315992698029	0.0184954395302	0.0985177528905	0.0135666652938	0.130844013475	5.107689836e-05	0.00013382697644	0.00016752619925	0.0334097447293	0.000142029329793	0.0166273662797	0.000486246792185	0.0488396573371	0.0481792085501	0.0450729707474	0.0445646973378	0.0360728454109
PD_210S_filtered_1	0.000139038902853	0.11208852885	0.000231731504755	0.138992556552	0.000254904655231	0.000602501912364	0.000718367664742	0.117789123867	0.156326073108	0.0158087232544	3.24424106658e-05	0.0318955243145	0.000139038902853	0.0181074997816	0.0637076252874	0.000203923724185	0.0645418587045	0.000190019833899	0.0341989354718	0.000181708792278	0.0360626848615	0.000105766098466	0.0177708314138	0.0142666399503	0.000250600853905	0.0471831670241	0.0330541461516	0.0161418674237	0.0323358699229	0.0117197685328	0.0180623113617	0.0176067964968	0.0175875400396	0.0804190067454	2.03640149122e-05	7.04592980943e-05	0.0186108059175	0.0
PD_210S_filtered_2	0.0602270180859	0.0210643937823	6.95194514266e-05	0.158828773359	6.95194514266e-05	0.202046698996	2.31731504755e-05	0.00359183832371	0.0	0.0334805678071	0.0173705935965	0.0321967752707	0.00149698552072	0.141008620644	0.03265096902	0.0300045952357	0.0687686413512	0.05360413168	0.000245635395041	0.0177180593195	0.000496457492104	0.0321550799064	0.0190726385261	0.0993189876799	0.0135735600971	0.129965083812	2.6890522016e-05	0.000171256894678	0.000329529427432	0.0326295058829	0.000126611340325	0.0161280316826	0.000584890942906	0.0493600766905	0.0467740473191	0.0449936857987	0.0455201627392	0.0348304935204
PD_211P_filtered_1	0.0	0.123503194974	0.0	0.136927455297	0.00268485206465	0.0	0.00268485206465	0.102024378457	0.174515384202	0.0144982011491	0.0	0.0236266981689	0.0	0.0166460828008	0.061751597487	0.00053697041293	0.0724910057456	0.0	0.0375879289051	0.0	0.0300021819769	0.000552559455397	0.0162576102434	0.0131160255021	0.000580986631498	0.049213473819	0.0369894246629	0.0161546873447	0.0274467501133	0.00919570429242	0.0142511044606	0.0126377869831	0.0182401867795	0.07965792183	0.0	0.0	0.0146559304792	0.0
PD_211P_filtered_2	0.053697041293	0.0214788165172	0.0	0.171830532138	0.0	0.233582129625	0.0	0.0053697041293	0.0	0.0322182247758	0.015572141975	0.0327551951887	0.00107394082586	0.139612307362	0.0354400472534	0.0327551951887	0.0698061536809	0.0520861300542	0.0	0.0129417030203	0.00109132180898	0.0298522314543	0.0140238292907	0.103855196184	0.0151167185093	0.12406358704	0.0	0.0	0.00127928769261	0.034903784097	0.0	0.0119755417172	0.0	0.0551055686819	0.0472645633936	0.0529542690242	0.043697126477	0.0412541254125
PD_212S_filtered_1	0.0066106961063	0.0925497454882	0.0	0.158656706551	0.0	0.0	0.0	0.152046010445	0.145435314339	0.0105771137701	0.0	0.0277649236465	0.0	0.0158656706551	0.0542077080717	0.00132213922126	0.0568519865142	0.0	0.0370198981953	0.0	0.0296739907471	0.0	0.0153203342618	0.0184446872207	0.0	0.0609321127095	0.0412371134021	0.0157532412294	0.022809104091	0.0118071720136	0.0210408191892	0.0200979317401	0.0267374572678	0.0811126278513	0.0	0.0	0.0186107104639	0.0
PD_212S_filtered_2	0.0594962649567	0.0198320883189	0.0	0.132213922126	0.0	0.191710187083	0.0	0.0	0.0	0.035697758974	0.0171878098764	0.0224763667614	0.00132213922126	0.148079592781	0.0264427844252	0.0251206452039	0.0542077080717	0.060818404178	0.00132213922126	0.0159459962261	0.0	0.0328461159468	0.00975269940787	0.103597530689	0.0130518011486	0.142704245451	0.0	0.0	0.0	0.0337552742616	0.0	0.0128080800688	0.0	0.0416105254815	0.0416380405138	0.0440664522099	0.0610128126907	0.0370919881306
PD_213S_filtered_1	0.000270820841722	0.109917152294	0.000306930287285	0.138642216239	0.000451368069537	0.000722188911259	0.00061386057457	0.112462868206	0.156101133169	0.015617335206	3.61094455629e-05	0.0315740992002	0.000162492505033	0.0184374829044	0.0631120889549	0.000198601950596	0.0653942059145	0.000176936283258	0.0353222596497	0.000228824116812	0.0363363630368	0.000120247241857	0.0179437222617	0.0133961207436	0.00028482853202	0.0479427359064	0.0337157791916	0.0162487931795	0.0327964642834	0.011622656265	0.0180243963569	0.0182622309155	0.0178264666955	0.0807723256633	3.27625031404e-05	9.12262888621e-05	0.0182896572973	0.0
PD_213S_filtered_2	0.05997778908	0.0198421403368	3.61094455629e-05	0.165760409857	5.41641683444e-05	0.201219885399	0.0	0.00368316344742	0.0	0.03361067193	0.0170292145275	0.0320001906579	0.00119161170358	0.139234411146	0.0328198750722	0.0304077641085	0.06844184312	0.0523514741771	0.000191380061484	0.0172286959766	0.000405868998549	0.0318062931377	0.0184327331918	0.0999222500439	0.0131340430183	0.130753752255	3.37918007744e-05	0.000130339221292	0.000322242709001	0.0337155506593	0.000104994407377	0.0162827073202	0.000527522135828	0.0495224299679	0.0475635508261	0.046038818986	0.0463541078253	0.0346905611331
PD_214S_filtered_1	0.000298344486445	0.108505594762	0.000160647031163	0.141025143785	0.000252445334684	0.000550789821129	0.000734386428172	0.115688812013	0.154863738041	0.0155827620228	4.13092365847e-05	0.0318540113219	0.00012851762493	0.0181255750303	0.0641853738222	0.000220315928451	0.0655118593081	0.000192776437395	0.0354616846503	0.000193546835154	0.0367386328466	0.000127488950249	0.0182131255861	0.0139368093657	0.000337719548747	0.0469689025036	0.0331462874088	0.0161470082093	0.0329225075488	0.0117879501523	0.018082955875	0.0181320498954	0.0170947401071	0.0798777151803	2.56693013638e-05	3.32999091046e-05	0.0185064254572	0.0
PD_214S_filtered_2	0.060036090503	0.0198054839848	6.88487276411e-05	0.163378030692	2.29495758804e-05	0.198697427972	2.29495758804e-05	0.00309819274385	0.0	0.0347043486463	0.0168771181024	0.0319917087772	0.00124845692789	0.139721607875	0.0329693607097	0.0301970519434	0.0693765678863	0.0538672445064	0.00023408567398	0.0175800869733	0.000405465790711	0.0322228165972	0.0181772517472	0.0992982400864	0.0135917924061	0.131019689655	6.73160769433e-05	0.000164302773759	0.000298759020214	0.0332651303373	9.17039610437e-05	0.0167815678906	0.000462347738548	0.0501102232011	0.0482403706146	0.0454876389162	0.0457426584567	0.0347008870335
PD_215S_filtered_1	0.00031464875602	0.110504643114	0.000267451442617	0.138838763594	0.000377578507224	0.000582100198638	0.000660762387643	0.114846795947	0.158504310845	0.0156443361493	3.1464875602e-05	0.0314334107264	0.000129005989968	0.0182559208243	0.0626843251744	0.000220254129214	0.0647672999392	0.000166763840691	0.0344760641972	0.000221486170941	0.0363685755584	0.000101390807138	0.0176477815721	0.0141693052948	0.000307295863794	0.0464257174913	0.0327891199678	0.0161298939719	0.0328087739502	0.0115773753586	0.0183242214815	0.0180207175701	0.0171274254536	0.0815381956666	1.39331925709e-05	8.19198662759e-05	0.0183558103504	0.0
PD_215S_filtered_2	0.0614194371752	0.0203577745145	4.71973134031e-05	0.16083271164	6.29297512041e-05	0.200557117087	1.5732437801e-05	0.00333527681382	3.1464875602e-05	0.0332489340487	0.0169186636112	0.0318267216715	0.00133725721309	0.137139660311	0.0319808995619	0.0304296811947	0.0683700281957	0.0531599073296	0.000210814666534	0.0175060334593	0.000446632752139	0.0314506362244	0.0187238198194	0.0976621350117	0.0142863288535	0.128199324898	5.51983791106e-05	0.000200467785905	0.000295807654342	0.0340415987294	0.000177618668168	0.0159968548325	0.000576349350419	0.0480839178101	0.0475847149442	0.0448541991676	0.0450349873609	0.0345082793003
PD_216S_filtered_1	0.0	0.107559409768	0.0	0.127726799099	0.0	0.0	0.0	0.121004335989	0.164700346207	0.0107559409768	0.0	0.0322678229303	0.0	0.0147894188431	0.0591576753723	0.0	0.0658801384827	0.0	0.0376457934187	0.000675488547092	0.0424166546942	0.0	0.0211252728681	0.0193503999083	0.00146241591109	0.0463049404384	0.0344112991412	0.0102105734415	0.0291255066625	0.00835861815325	0.0190606562064	0.0144270218119	0.0178655383169	0.0853722423796	0.0	0.0	0.0249342642125	0.0
PD_216S_filtered_2	0.0571409364391	0.0201673893315	0.0	0.144532956875	0.0	0.198312661759	0.0	0.0	0.0	0.0403347786629	0.0121004335989	0.0255453598198	0.00201673893315	0.14117172532	0.0309233303082	0.0329400692414	0.0665523847938	0.055124197506	0.0	0.0182365893525	0.0	0.0277556118378	0.0169090294217	0.0996637245553	0.0117057467901	0.126297539066	0.0	0.0	0.0	0.0250840315055	0.0	0.0162418226934	0.000940698374473	0.0339729963212	0.0579456733897	0.0495556154053	0.0719580587315	0.0210014701029
PD_217P_filtered_1	0.0	0.124566413062	0.0	0.132232038481	0.0	0.0019164063548	0.0	0.0919875050306	0.193557041835	0.0153312508384	0.0	0.0337287518445	0.000766562541921	0.019164063548	0.0617082846247	0.0	0.078189379276	0.0	0.0283628140511	0.000384804826992	0.0338177959349	0.0	0.0127640055045	0.0113475637186	0.0	0.0516761126119	0.0347380068104	0.0210680630111	0.0315443197693	0.0115937189868	0.0186611799608	0.0177647941258	0.0117299061608	0.0910441825907	0.000542846906315	0.0	0.0136338308694	0.0
PD_217P_filtered_2	0.0728234414825	0.0287460953221	0.0	0.176309384642	0.0	0.241467200705	0.0	0.0019164063548	0.0	0.0256798451544	0.0160978133803	0.029512657864	0.0	0.125716256875	0.0310457829478	0.0333454705736	0.0766562541921	0.0640079722504	0.0	0.0215469145588	0.0	0.0267444878824	0.0151625182549	0.102554540369	0.013209330741	0.12740353282	0.0	0.000878947021468	0.000902779658569	0.0385587393615	0.0	0.0178086460977	0.0	0.0451239860221	0.0473969796683	0.047340923091	0.0611261595992	0.0360371652852
PD_218S_filtered_1	0.0	0.101214574899	0.0	0.303643724696	0.0	0.0	0.0	0.101214574899	0.607287449393	0.0	0.0	0.0607287449393	0.0	0.0	0.0404858299595	0.0	0.141700404858	0.0	0.0202429149798	0.0	0.0409668168783	0.0	0.0	0.0	0.0	0.0219394471259	0.0672193591754	0.0228519195612	0.0468055230517	0.0242954324587	0.0	0.0259134490801	0.0270051309749	0.16849199663	0.0	0.0	0.0	0.0
PD_218S_filtered_2	0.101214574899	0.0	0.0	0.0	0.0	0.506072874494	0.0	0.0	0.0	0.0607287449393	0.0	0.0202429149798	0.0	0.202429149798	0.0607287449393	0.0404858299595	0.0202429149798	0.0	0.0	0.0	0.0	0.0620860927152	0.0	0.126769490809	0.0214454214025	0.0656742556918	0.0	0.0	0.0	0.0	0.0	0.051652892562	0.0	0.0559127760693	0.0	0.0310269934843	0.0662251655629	0.0
PD_221P_filtered_1	0.000174042099479	0.109080885848	0.000195797361913	0.136775334928	0.000282818411653	0.000478615773566	0.000609147348175	0.108101899039	0.158726394724	0.0159074478923	4.35105248696e-05	0.0321977884035	0.000130531574609	0.0182352609729	0.0633730794726	0.000230605781809	0.0655224994012	0.000139233679583	0.0348562814731	0.000205561955433	0.0371171684804	9.91547686954e-05	0.0178192103475	0.0128254102774	0.000234207507278	0.0459329469901	0.0327673485212	0.01668310922	0.0324516321614	0.0101069875109	0.0184842428681	0.0175025641949	0.017229783785	0.0786239631495	4.43678162959e-05	3.29994471273e-05	0.0191315331137	0.0
PD_221P_filtered_2	0.0602838322069	0.0187530362188	8.70210497393e-05	0.169038389119	2.17552624348e-05	0.201954101182	2.17552624348e-05	0.0028716946414	0.0	0.0344777399067	0.0167689562848	0.0319454273593	0.00113997575158	0.139338104843	0.0333290620501	0.0303572932015	0.0693688297997	0.0539008382085	0.00014358473207	0.017379794384	0.000470166035587	0.0322931294913	0.0192622485394	0.0977376111119	0.012688381105	0.130451013217	7.01139316332e-05	0.000164426534969	0.000295620919804	0.0335448281255	7.83361754444e-05	0.0164771762521	0.000459770746364	0.0488665722766	0.0482384159121	0.0448447733605	0.045127894809	0.0328550636472
PD_222S_filtered_1	0.000136977732443	0.108577682583	0.000319614709034	0.138804102209	0.000388103575256	0.000456592441477	0.000730547906364	0.115358080339	0.156223103851	0.0156793844403	4.1093319733e-05	0.0318153613221	0.000136977732443	0.0184189390892	0.0634800471386	0.000178071052176	0.0652150984162	0.000127845883614	0.0345457841222	0.000179366744329	0.0360370368042	0.000119885740258	0.0173403363593	0.0134414882028	0.000269905308913	0.0463449690202	0.0342146785164	0.0161203457917	0.032459892512	0.0109249793454	0.0176762321612	0.0176513645522	0.0161821305264	0.0798125001444	1.45425026818e-05	3.03466789429e-05	0.0189483957487	0.0
PD_222S_filtered_2	0.0597222913452	0.0219620964351	6.84888662216e-05	0.162569738788	6.84888662216e-05	0.198389415822	4.56592441477e-05	0.00328746557864	0.0	0.0338243680646	0.0164601575153	0.032386101874	0.0012967225338	0.139438765703	0.0328244306178	0.0299844256318	0.0691783208082	0.0532021512809	0.000278521389301	0.0176368197563	0.000422196165943	0.0317668726917	0.0185377131364	0.100027899968	0.013443897442	0.128150120732	3.31366983245e-05	0.000165508856122	0.00037204081394	0.034081985246	0.000158403656108	0.0161621329441	0.000580205966292	0.0499437063282	0.0472056948414	0.0451497425794	0.04591975337	0.0344635083184
PD_223P_filtered_1	0.00030033666159	0.112468176169	0.000252915083445	0.141996012161	0.000395179817882	0.000521637359604	0.000616480515896	0.116973226093	0.163209264785	0.0161612738321	3.16143854306e-05	0.0321296999131	0.000164394804239	0.0186366802113	0.0650655666547	0.000211816382385	0.0656757242935	0.000180201996954	0.0355092777156	0.000222523660543	0.0377579468664	0.000118243555053	0.0182113792817	0.0138106665797	0.000326006975077	0.0479006105459	0.0334710097694	0.0170469496913	0.0331115801571	0.0113907100324	0.0188016184487	0.0182676637285	0.0172582948098	0.0832145836792	9.50905328436e-06	6.43773136526e-05	0.0193394487751	0.0
PD_223P_filtered_2	0.0615057868552	0.020707422457	6.32287708611e-05	0.169974743267	4.74215781459e-05	0.201462671156	3.16143854306e-05	0.00330370327749	3.16143854306e-05	0.0350413848112	0.0172108714284	0.0331065844229	0.00132464274954	0.142764241727	0.0337894551482	0.0316301926233	0.0699910879047	0.0543609357479	0.000192847751126	0.0182043874958	0.000442189700156	0.0326156981862	0.0187663652857	0.101254725626	0.013629271129	0.132913113087	4.06199055484e-05	0.000170969097678	0.000293625254779	0.0351863888868	0.000146078727335	0.0167491686314	0.000648887506982	0.0507527746511	0.0487394781056	0.0464708385794	0.0466071713186	0.0341768541891
PD_224S_filtered_1	0.000235694000247	0.108610741489	0.000279886625294	0.133859461265	0.000471388000494	0.000530311500556	0.000677620250711	0.112882695243	0.157797133165	0.0155911581164	2.94617500309e-05	0.0312824861828	0.000191501375201	0.018098353044	0.0617370971897	0.000194447550204	0.0639526207921	0.000185609025195	0.0348532502866	0.000195478099892	0.0354641608692	0.000109935147729	0.0174214733462	0.0130661975346	0.000333429207719	0.0455346288767	0.0324035525762	0.0162712958359	0.0323706607195	0.0117187156464	0.0179860400282	0.0176471392372	0.0166181796238	0.0808310574389	1.26750016351e-05	7.88607703024e-05	0.0178741854127	0.0
PD_224S_filtered_2	0.0587172678116	0.0204759162715	5.89235000618e-05	0.158342175541	5.89235000618e-05	0.198233385083	4.41926250463e-05	0.00347648650365	1.47308750154e-05	0.0331562534848	0.0168285516176	0.0315594266331	0.0012432858513	0.136410848818	0.0319718911335	0.0299802768314	0.0677914868211	0.0526393087802	0.000235694000247	0.0174526980204	0.000375577566938	0.0313400181859	0.0183931307021	0.0953618866584	0.0137454159815	0.127230685389	3.05216920209e-05	0.000152986450233	0.00034976569446	0.0335033771844	0.000139615534288	0.0159428207488	0.000565251194825	0.048290229445	0.0466936695921	0.0445804793523	0.0439274790582	0.0339255761692
PD_225P_filtered_1	0.000207338182052	0.109353612851	0.000311007273078	0.143529856525	0.000276450909403	0.000483789091454	0.000760240000857	0.119720521953	0.158129920178	0.0164280952912	5.8745818248e-05	0.0319473582178	0.000120947272864	0.018625880021	0.0648277382549	0.000200426909317	0.0669875109846	0.000152048000171	0.0360215534952	0.000139081226635	0.0365587850092	8.28916440069e-05	0.0180411784931	0.0138687645741	0.000258730113984	0.0491220703468	0.0339002157461	0.0165947344609	0.0329270697017	0.0117511182902	0.0179529544747	0.0181113844877	0.0180163058253	0.0832006197223	2.65176108227e-05	7.19938377705e-05	0.0188352564928	0.0
PD_225P_filtered_2	0.0596961182491	0.0198353527496	5.1834545513e-05	0.165334922005	5.1834545513e-05	0.206733445688	0.0	0.0029372909124	0.0	0.035164555676	0.0170604767465	0.0321857971272	0.00100559018295	0.142323839433	0.0329045694916	0.0307275185801	0.0707506989888	0.0541636444247	0.000141681091069	0.0177688202435	0.000314638725805	0.0326733388546	0.0186864176974	0.0989784243983	0.0140052307046	0.134414479026	4.89034382051e-05	0.000134329351895	0.000203512275471	0.0347021135872	9.7086799621e-05	0.0166779481506	0.000526794534278	0.0494764301926	0.0488267471064	0.0467908170443	0.045762529936	0.0359069416807
PD_226S_filtered_1	0.000274209875669	0.110026712612	0.000342762344586	0.136236606561	0.000251359052696	0.000457016459448	0.00047986728242	0.114094159101	0.153786038604	0.0162743561209	2.28508229724e-05	0.0308623215065	0.000164525925401	0.0179973081731	0.0627666405406	0.000191946912968	0.0641194092605	0.000205657406752	0.0335404379589	0.000216069502663	0.0352670539144	7.60898166098e-05	0.0170155682749	0.014000872465	0.000324582520947	0.0477661366623	0.0329888066835	0.015967082167	0.0317634977808	0.0116444509833	0.0175000786874	0.0176895732601	0.0169207621403	0.0818511820697	1.35988222332e-05	8.48800302116e-05	0.0176485049385	0.0
PD_226S_filtered_2	0.0595035430201	0.0213198178332	0.000114254114862	0.16505149433	4.57016459448e-05	0.204903329593	4.57016459448e-05	0.00338192179991	2.28508229724e-05	0.033065140841	0.016758793568	0.0316301091584	0.00154471563293	0.140340614367	0.0317123721211	0.0294090091655	0.0677846812653	0.0525477525073	0.00021479773594	0.0175740687467	0.000457797686683	0.0315916994023	0.0187209014449	0.0981068949599	0.013682887808	0.129206277841	3.2025914516e-05	0.000153576306774	0.000316109058754	0.0337575157447	0.000186086950989	0.0161637884248	0.000718726739644	0.0482132407274	0.0482793049825	0.0444255214097	0.0442017175035	0.0339611122934
PD_227P_filtered_1	0.00028324658263	0.112938137401	0.00012874844665	0.139717814305	0.00028324658263	0.00054074347593	0.00066949192258	0.122491272143	0.160703811109	0.0168093971946	4.6349440794e-05	0.0325682070646	0.000144198260248	0.0189620712226	0.0655793087856	0.00018024782531	0.0658110559896	0.000200847576774	0.0341234883001	0.000182030008011	0.0358256771486	0.000121054756698	0.0180358698881	0.0144348190705	0.00036150551976	0.0479617837036	0.0339586677735	0.016110562058	0.0325121818534	0.0123061805266	0.018318307041	0.0172683633172	0.0176752078398	0.083880538103	0.0	4.13543893342e-05	0.0178707721436	0.0
PD_227P_filtered_2	0.0626489941399	0.0199560092307	0.0	0.168995211073	2.574968933e-05	0.210812706545	0.0	0.00275521675831	0.0	0.0339638402263	0.0170359944607	0.0318060162604	0.000865189561488	0.146768079243	0.0327999542686	0.0303794834715	0.069179115354	0.0533688061054	0.000211147452506	0.0178713984153	0.000304354414629	0.0324374606803	0.0187050947711	0.102046955034	0.0135187838509	0.133073840514	2.66255497178e-05	0.000111408199643	0.000124000193732	0.034890116028	7.23544616133e-05	0.0170688783826	0.000285441459748	0.0494407673118	0.0476002654998	0.0453551540409	0.0472450518242	0.0352620222813
PD_228S_filtered_1	0.000143674120822	0.10693459564	0.000287348241644	0.13653146453	0.000369447739257	0.000574696483289	0.000533646734482	0.110321199917	0.151843020835	0.0153936558024	4.5154723687e-05	0.0310746598464	0.000176513919867	0.0184847018875	0.0625680271306	0.000225773618435	0.0636681603986	0.000217563668674	0.0347568223143	0.000276280411257	0.0356850627815	0.00013564842235	0.0172269084396	0.0140298053369	0.000359118892818	0.0449975938085	0.0325085686354	0.0161029609826	0.0322271325125	0.0115738997059	0.01761370582	0.0174166296916	0.0170570343332	0.0786001530599	1.76746114634e-05	6.11674592542e-05	0.0183327648903	0.0
PD_228S_filtered_2	0.0579417204401	0.0207095982728	2.05248744032e-05	0.163070127133	4.10497488063e-05	0.196771970903	2.05248744032e-05	0.00346870377413	0.0	0.0334391253776	0.0169289164077	0.030159250448	0.00124791236371	0.135090618347	0.0315754667818	0.0297692778343	0.0678962845257	0.0525067336982	0.000229878593315	0.0173303557943	0.000430153797941	0.0314263066463	0.0183441317713	0.0966159741694	0.0131458812409	0.126127952695	7.05530251844e-05	0.000154391124826	0.000307210771959	0.0340217711829	0.000152018807138	0.0160399029999	0.000540931838183	0.0460998257068	0.0474817721933	0.0460083518604	0.0468066454665	0.0334471992091
PD_229P_filtered_1	0.00025340609467	0.112089962542	0.00025340609467	0.134621987793	0.000274523269226	0.000485695014784	0.000443460665672	0.1117098534	0.152233711373	0.0160659464021	5.49046538452e-05	0.0311140449906	0.000122479612424	0.0177299797571	0.0623885805077	0.000282970139048	0.0635964828923	0.000173160831358	0.034323855523	0.000195477666677	0.0353221968592	7.04326940114e-05	0.0175479612827	0.0137539253698	0.000296433816492	0.0463403882496	0.0330656240601	0.015456374574	0.0315439831599	0.0114461705352	0.0170599449625	0.0167042904301	0.0170666903587	0.0797228222064	1.2783419598e-05	5.99935047032e-05	0.0183739244179	0.0
PD_229P_filtered_2	0.0591280887563	0.0218985100144	2.11171745558e-05	0.158780035485	0.0	0.199409479331	4.22343491117e-05	0.00331539640527	0.0	0.0335551903692	0.0164291618044	0.030902873245	0.000992507204124	0.136125530622	0.0316715383988	0.0292726273693	0.0677058850609	0.0522607835908	0.000194278005914	0.0176546725651	0.000285134154972	0.0313112999902	0.0180323676957	0.0965695993885	0.0129450879814	0.128413843366	2.47887404385e-05	0.000101998450542	0.000252168517916	0.0336276037747	0.0001511932338	0.0161617692855	0.000384265919702	0.0469370232631	0.0476662043094	0.0436933591771	0.0451767279573	0.0339391026166
PD_230S_filtered_1	0.000233348614132	0.107637351646	0.000296989145259	0.139987954969	0.000466697228264	0.00048791073864	0.000593978290518	0.120726087548	0.152864555767	0.0157107257842	3.3941616601e-05	0.0323463606208	0.000127281062254	0.0183072594542	0.0633944544065	0.00016546538093	0.064718177454	0.000195164295456	0.0347137883787	0.0001534494673	0.0358199407227	9.20035306574e-05	0.0180777825656	0.0140972065895	0.000286847107068	0.0459365310263	0.0326393665178	0.0158875258259	0.0330922978845	0.0120604822219	0.0173596181872	0.0178111098043	0.0168669615976	0.0806486933678	1.81297594018e-05	6.27992462583e-05	0.0177391945935	0.0
PD_230S_filtered_2	0.0595887506452	0.0201952618776	2.12135103756e-05	0.161265105876	4.24270207513e-05	0.203013294295	0.0	0.00275775634883	0.0	0.0339034322823	0.0166313921345	0.0319220904133	0.00114552956028	0.13947883072	0.0331567167171	0.0298261955881	0.0677644375439	0.0522446333531	0.000212135103756	0.0172532053221	0.000483510792587	0.031915739993	0.0188555530116	0.0984469035729	0.0140871970657	0.129523390985	3.38501771815e-05	0.000188259857658	0.000238923955639	0.0341326804929	9.67214959333e-05	0.0166943734203	0.000428572873474	0.0482084401683	0.0480821482596	0.0461617371567	0.0462534568477	0.0340917583601
PD_231P_filtered_1	0.000285554782971	0.108189568398	0.000232013261164	0.145793563881	0.00037479065265	0.000356943478714	0.000803122827107	0.1232525832	0.159928525638	0.0159125402811	4.64026522328e-05	0.0330065634767	0.000171332869783	0.0185039499365	0.065163601474	0.000207027217654	0.0668269580848	0.000185610608931	0.0355408621756	0.000187016367133	0.036884654596	9.38900452178e-05	0.017733198199	0.0144234056617	0.000256640700331	0.0488285637105	0.0341955032502	0.0168217368336	0.0342988866232	0.0124475206972	0.01850874969	0.0179018920693	0.0175381000381	0.0824501555207	0.0	4.17936172668e-05	0.0183141897667	0.0
PD_231P_filtered_2	0.0608767102947	0.0195426554596	3.56943478714e-05	0.166299966733	0.0	0.212417064183	1.78471739357e-05	0.00290908935152	0.0	0.0342130324347	0.017640146718	0.0325603841283	0.0010279972187	0.146757311273	0.0338882138691	0.0310505132133	0.0704142400459	0.0532131338067	0.000196318913293	0.0176922648447	0.000363352754966	0.0327619105409	0.0190539586313	0.101109525677	0.0136929286799	0.133058289374	3.46566183267e-05	0.000152144292573	0.000273014750108	0.0351399987611	0.000153910399026	0.0167692821372	0.000545771238701	0.0496868397657	0.0503288769269	0.0481270895123	0.0465777041313	0.0361061186299
PD_232S_filtered_1	0.000350221602719	0.107080255031	0.000240777351869	0.136170536907	0.000328332752549	0.000437777003399	0.000766109755948	0.114019020535	0.152674729935	0.0149982401364	7.00443205438e-05	0.031169722642	0.000201377421563	0.0180583013902	0.0617747129496	0.000253910661971	0.0636440207541	0.000148844181156	0.0342297838958	0.000185149567568	0.0356635191447	0.000105524820814	0.018119912784	0.0138789698945	0.000341107216227	0.0459670952252	0.0323430563785	0.0152040504884	0.0322871643199	0.0117080453335	0.0174066510493	0.0179242789114	0.0164319661679	0.0798133603281	1.34711122774e-05	5.59972572543e-05	0.0179430891292	0.0
PD_232S_filtered_2	0.0584432299538	0.0205755191597	4.37777003399e-05	0.161145714951	2.18888501699e-05	0.193803879405	0.0	0.00374299337906	0.0	0.032842030795	0.0164297709376	0.0311128116316	0.00158037498227	0.135426316001	0.0324086315616	0.0299570803426	0.0653513510674	0.0509572431956	0.000280177282175	0.0171067628618	0.000467152906962	0.0304698551689	0.0183502216117	0.0971467249306	0.0136167490069	0.127423548541	6.80675527526e-05	0.00019423688375	0.000272757129259	0.0332654938722	0.000148477200019	0.0152427336212	0.000743876371562	0.0481091324072	0.0468934633307	0.0442950954873	0.0445573954352	0.0338557808842
PD_25P_filtered_1	0.000349017399681	0.1095914635	0.000319932616374	0.150426499262	0.000203593483147	0.000814373932588	0.000785289149282	0.129223692232	0.156534303757	0.0164852551783	4.07186966294e-05	0.0326912964368	0.000133790003211	0.0180965521734	0.0665983368158	0.000226861309792	0.0665983368158	0.000180325656502	0.0348028517048	0.000270952586831	0.0349044051113	8.8373773593e-05	0.016401888789	0.0153852476262	0.000292916960685	0.0486263286315	0.0347769539396	0.0164521274729	0.0327036526195	0.0133132042781	0.0182586034549	0.0172132804567	0.0169342121953	0.0846200182186	0.0	7.54497939466e-05	0.0183773460271	0.0
PD_25P_filtered_2	0.058983940546	0.0203011787481	2.90847833067e-05	0.172240086742	2.90847833067e-05	0.216885229118	2.90847833067e-05	0.00270488484753	0.0	0.0335173042827	0.0170611338877	0.0336569112425	0.000924896109154	0.14968192881	0.0344072986519	0.0315569898878	0.0674999650983	0.0525154847386	0.000133790003211	0.0177840360835	0.000304334570332	0.0335681696282	0.018229369534	0.101828734444	0.0146961139276	0.133820560959	3.91163185536e-05	0.000172481426214	0.000233228032316	0.0350812343865	0.000115143301596	0.0169315748423	0.000418349674894	0.0505736635692	0.0486810852479	0.0469971892308	0.0459881984684	0.0363001216143
PD_26P_filtered_1	0.0	0.110192837466	0.0	0.0550964187328	0.0	0.0	0.0	0.0550964187328	0.137741046832	0.0110192837466	0.0	0.0550964187328	0.0	0.00550964187328	0.0330578512397	0.0	0.0550964187328	0.0	0.0220385674931	0.0	0.0344728526286	0.0	0.0184558597355	0.00637186185803	0.0	0.0276893257649	0.0434279096699	0.0151160154183	0.0475661962898	0.0249024653441	0.0	0.00910580950647	0.0481417292509	0.090379594296	0.0	0.0	0.012211503236	0.0
PD_26P_filtered_2	0.110192837466	0.0275482093664	0.0	0.192837465565	0.0	0.165289256198	0.0	0.0	0.0	0.0110192837466	0.0110192837466	0.0220385674931	0.0	0.115702479339	0.0440771349862	0.0220385674931	0.0716253443526	0.0550964187328	0.0	0.0278691265816	0.0	0.0178528921685	0.0122910521141	0.089064189834	0.00662602703419	0.110596530034	0.0	0.0	0.0	0.0248900688625	0.0	0.0091099571832	0.0	0.020084354288	0.0744997871435	0.0569540949994	0.0122549019608	0.0
PD_27P_filtered_1	0.000182083195633	0.115804912423	0.000204843595087	0.140545466629	0.000364166391266	0.000546249586899	0.000569009986353	0.120470794311	0.152358113946	0.0154907278685	4.55207989082e-05	0.0310315286157	0.000141114476616	0.0181992154035	0.0633057750417	0.000204843595087	0.0640386599041	0.000191187355415	0.0337764327899	0.000188483155145	0.0351597269996	0.000106943854768	0.0175381601762	0.0143574645185	0.000312305465329	0.0467247776379	0.0332334951507	0.0163255309662	0.0323221538319	0.0118475677267	0.0183181885239	0.0179809602976	0.0176977219984	0.0814288436759	1.64227181372e-05	6.05141053625e-05	0.0177223918592	0.0
PD_27P_filtered_2	0.0619310469146	0.0223734726634	2.27603994541e-05	0.161507794526	2.27603994541e-05	0.206641666644	0.0	0.0033230183203	0.0	0.0332574956824	0.0162645814499	0.031313757569	0.00112436373303	0.138715530513	0.0321695485884	0.0298844044833	0.0685543231558	0.0522988458657	0.000136562396725	0.0170247619739	0.000424739208946	0.0314854728487	0.0179220272402	0.0976619037212	0.0137148366155	0.128345696236	5.81917653764e-05	0.000163715006372	0.000284715737909	0.0343267057606	7.60455327467e-05	0.0163404927183	0.000531163837637	0.0480195016631	0.0473803953377	0.0454491925549	0.0447542825693	0.0349357182784
PD_28P_filtered_1	0.000655466921862	0.132076584755	0.000327733460931	0.146824590497	0.0	0.000655466921862	0.000327733460931	0.128799250146	0.161572596239	0.0139614454357	6.55466921862e-05	0.0305447585588	0.000131093384372	0.0196640076559	0.0656122388784	0.000327733460931	0.0639080248815	6.55466921862e-05	0.0360506807024	0.000132544780254	0.0358118058905	7.03080618036e-05	0.0165626897808	0.0154996414767	7.80857740994e-05	0.0498212035472	0.0319568497986	0.0144828859093	0.0310664674468	0.0125013082764	0.0187177716086	0.017537462265	0.0146326528775	0.0873466610073	0.0	0.0	0.019096830618	0.0
PD_28P_filtered_2	0.0701349606392	0.0245800095698	0.0	0.160917129317	0.0	0.203850212699	0.0	0.00393280153117	0.0	0.0349363869352	0.0167799531997	0.0317901457103	0.00117984045935	0.144989283116	0.0319212390947	0.0325767060165	0.0665954392612	0.0517163401349	0.000196640076559	0.0162328519796	0.000272697461937	0.0336554608269	0.016626528243	0.0994893182463	0.013190439507	0.127751110015	0.0	0.000176559127445	0.000369720620613	0.0355518529103	0.000101686883714	0.0154998487429	0.000449944263154	0.0502318843966	0.0474925531431	0.046803905975	0.0469856423519	0.0342417100456
PD_29P_filtered_1	0.000198252994611	0.108312219389	0.000198252994611	0.14188305981	0.000363463823454	0.000528674652297	0.000594758983834	0.116903182489	0.149218420611	0.0156223359754	5.28674652297e-05	0.0317667381699	0.000138777096228	0.018100498408	0.0639233738959	0.000198252994611	0.0647560364733	0.000158602395689	0.0348198342869	0.00015350432692	0.0357724243461	9.86821631497e-05	0.0176372110708	0.0138154494718	0.000303096692275	0.0461149818463	0.0332029094331	0.015508824686	0.0330039515542	0.0111128362347	0.0174631971165	0.0170228221605	0.0175681283865	0.0778965826804	0.0	5.96071886269e-05	0.0179205575307	0.0
PD_29P_filtered_2	0.0600045730357	0.0211139439261	3.30421657686e-05	0.163823057881	0.0	0.200367693221	0.0	0.00333725874263	3.30421657686e-05	0.0343770692656	0.016937414173	0.0321368104265	0.00128864446497	0.142365475431	0.0339144789449	0.029704907026	0.0674192350342	0.0522660978127	0.000171819261997	0.0174026480985	0.000458865137481	0.0324283690306	0.0184780052881	0.0993260708449	0.0130492031903	0.12734217493	5.84502093979e-05	0.000208103877131	0.00035150275087	0.0337629501582	0.00011705246672	0.0163710611262	0.000604009734518	0.0482829512025	0.0486729526305	0.0441803856554	0.0447344379334	0.0348713690598
PD_2P_filtered_1	0.000191986336716	0.111160088959	0.00023038360406	0.137193436218	0.000499164475463	0.000691150812179	0.000729548079522	0.114692637554	0.154779384661	0.0152744329492	6.14356277492e-05	0.0313475290591	0.000153589069373	0.0180620745583	0.0613741921215	0.000184306883248	0.0647531516477	0.000238063057528	0.0340967734008	0.000139685148124	0.034789598748	9.86908737835e-05	0.0180498439007	0.0138827783563	0.000291669207379	0.0456064350112	0.0320921957034	0.0160750949752	0.0312274991664	0.0119633786943	0.0181649493696	0.0180248704318	0.0167651092528	0.0785340829649	0.0	4.31897968424e-05	0.0181216082541	0.0
PD_2P_filtered_2	0.0594389698474	0.0210033052368	7.67945346866e-05	0.167066510211	0.000153589069373	0.201739242622	7.67945346866e-05	0.00291819231809	0.0	0.0333365075074	0.0162190057258	0.0319772442435	0.00125943036886	0.13600312093	0.0321692305802	0.0297118054702	0.068116752267	0.0529651905733	0.000245742510997	0.0185910267414	0.000454802595726	0.029745885269	0.0183686279468	0.098026651815	0.0133144414177	0.12765617004	4.92278416132e-05	0.00022559190445	0.000267249598618	0.033666177602	8.15052577295e-05	0.0168457726909	0.000712973624559	0.0482842390958	0.0462455184614	0.0437957134041	0.0445220590596	0.0329317764032
PD_30P_filtered_1	0.000196358569599	0.111570939246	7.85434278394e-05	0.147386742341	0.000471260567036	0.000589075708796	0.000510532280956	0.120053629453	0.159560973656	0.0166433523592	5.49803994876e-05	0.0326426486101	0.000133523827327	0.0187797335964	0.0665734094367	0.000196358569599	0.067798686911	0.000188504226815	0.0362477919479	0.000174566363268	0.0369484990253	0.000125800563335	0.0187046009342	0.0147453249421	0.000249299284345	0.0487538841789	0.0351455398903	0.0163661508089	0.0337606294401	0.0120537030277	0.0184716513969	0.0172255653427	0.0179099086381	0.0811435629319	1.34675182987e-05	8.45350102449e-05	0.0188514371049	0.0
PD_30P_filtered_2	0.0589075708796	0.0206569215218	3.92717139197e-05	0.168868369855	0.0	0.213166863156	0.0	0.00286683511614	0.0	0.0349282623602	0.0170674868695	0.0327054833523	0.00120171444594	0.145069711219	0.033844363056	0.0316215840481	0.0711681999653	0.0541399848097	0.000188504226815	0.0179228688269	0.000399332739441	0.0338181127363	0.0200429150111	0.101484374184	0.014228601892	0.134462171405	9.91690820949e-06	0.000164746698347	0.000331760432153	0.0349139153774	0.000220195190288	0.0176858718736	0.000591288682231	0.0503901642131	0.0491527696438	0.0473649913667	0.0461454758454	0.0342684785882
PD_31P_filtered_1	0.000146322220258	0.109770929638	0.000146322220258	0.14178623143	0.000468231104826	0.000438966660775	0.000643817769136	0.120949947265	0.153433480163	0.0158730344536	4.09702216723e-05	0.0324132982316	0.000122910665017	0.0180503090911	0.0632755809285	0.00017558666431	0.0637379591445	0.000216556885982	0.0335194942168	0.000195107680816	0.0357580133854	0.000137654499969	0.0181824983955	0.0138031470506	0.000340238768458	0.045611697896	0.0333307979201	0.0160891081357	0.0322753087103	0.011477789793	0.0176293442447	0.0176684738188	0.016534030497	0.0794835687592	1.06963872203e-05	5.64695018949e-05	0.0182535443593	0.0
PD_31P_filtered_2	0.058353301439	0.0206606975005	0.000146322220258	0.16554896	0.0	0.198705575111	0.0	0.00292644440517	2.92644440517e-05	0.0331566151105	0.0171782286583	0.0318689795722	0.000872080432739	0.142359814534	0.031968478682	0.0290595929433	0.0673082213188	0.0514761570869	0.0001697337755	0.0173080538016	0.000309676027869	0.0316641615101	0.0185115200626	0.0979716235439	0.0134591108879	0.129550618767	3.00230269111e-05	0.000109564606688	0.000294188309937	0.0347279146908	0.000116232483206	0.016246609668	0.00049157417289	0.048653553395	0.0476462740614	0.0453608060927	0.0457215907565	0.0340823492382
PD_32P_filtered_1	0.000206369544395	0.113503249417	0.000206369544395	0.138783518606	0.000412739088791	0.000361146702692	0.000748089598433	0.114870447649	0.1532809791	0.016174213042	2.57961930494e-05	0.0309605908979	0.000103184772198	0.0174640226945	0.064722648361	0.000196051067176	0.0649960880073	0.000216688021615	0.0345926948793	0.000214313608658	0.0353902143216	9.55412527178e-05	0.0174768459611	0.0141147538675	0.000340176311457	0.0455920375699	0.0330148276251	0.0159539284589	0.0311869727155	0.0108564680091	0.018626582402	0.0174657072569	0.0178268410305	0.0794567791504	1.08734524767e-05	5.78345852208e-05	0.0178648674322	0.0
PD_32P_filtered_2	0.06056946128	0.019837272455	5.15923860988e-05	0.160736078891	7.73885791483e-05	0.210084196194	2.57961930494e-05	0.00270860027019	0.0	0.0336537134523	0.0166849776644	0.0320079163357	0.00102668848337	0.142534285075	0.0319872793813	0.0298255584037	0.0672661529957	0.0517265263027	0.000185732589956	0.0172601869984	0.000356948293281	0.0323340227551	0.018148014976	0.0990795020879	0.0133904573967	0.128552632864	3.54115373055e-05	0.000186588092679	0.000244155392463	0.0339140592617	0.000158304565143	0.0155871073951	0.000502990376413	0.0492423564863	0.0468155419764	0.0447234090279	0.0440906122199	0.0340844994938
PD_33P_filtered_1	0.000171380528919	0.114114949328	0.000293795192433	0.145551034918	0.000391726923245	0.000587590384867	0.000538624519461	0.124250883467	0.153948680835	0.0162762536608	3.91726923245e-05	0.0327336810236	0.000122414663514	0.0178921272192	0.0644194925276	0.000122414663514	0.0659031582494	0.000146897596217	0.0351770777074	0.000232378893885	0.0369469958023	0.000104392322634	0.0177015822168	0.0145526571622	0.000299862593733	0.0488327183884	0.0340388532758	0.0171192311554	0.033133891748	0.0127689540849	0.0188056703262	0.0176452936974	0.0167261963473	0.082008528955	8.93189058291e-06	6.60912323371e-05	0.0187747838149	0.0
PD_33P_filtered_2	0.060791121901	0.0205166976049	0.0	0.168516025793	0.0	0.212120128937	0.0	0.00291346899163	0.0	0.0340165866972	0.0173094334209	0.0337962403029	0.00100380024081	0.148185398477	0.0331303045334	0.0301776628495	0.0697812547895	0.0535245874748	0.000230139567406	0.0178204153941	0.000370262278582	0.0330228141782	0.0179933759194	0.102799437441	0.0142753002022	0.132630909785	3.1154478422e-05	0.000162448032062	0.000251171613752	0.0340113448782	7.43760020772e-05	0.0162518910476	0.000434453899236	0.0505173160103	0.0491978024982	0.0464803167772	0.0467688518041	0.0355574721036
PD_34P_filtered_1	0.000371909317351	0.110038669271	9.29773293378e-05	0.141906648902	0.000255687655679	0.000557863976027	0.000650841305365	0.117755787606	0.158293903198	0.0161083223078	4.64886646689e-05	0.0319795524257	0.000116221661672	0.0182142588173	0.0639033184539	0.000130168261073	0.0643310141688	0.000190603525142	0.034610810846	0.000188108336482	0.0359201411899	7.51998209643e-05	0.0176605651849	0.0133741417786	0.000248355239206	0.0460672075204	0.0338930692194	0.016192983529	0.0316114364516	0.0118514260438	0.017944987266	0.016331350891	0.0166055713338	0.0811158460671	0.0	2.96140168275e-05	0.0182803467677	0.0
PD_34P_filtered_2	0.0616904580156	0.021198831089	6.97329970033e-05	0.164104986281	4.64886646689e-05	0.203015998609	0.0	0.00258012088912	2.32443323344e-05	0.0341319775999	0.0168056522778	0.0310637257318	0.000953017625712	0.140419011632	0.0330023030484	0.0307104118803	0.0685800781196	0.0530854061854	0.000144114860474	0.0177082380172	0.000310277546174	0.0320794334892	0.0184080226332	0.0994604174968	0.013157834576	0.130870273161	3.08840700955e-05	0.000188099868317	0.000259224893012	0.0342724718236	7.56786750056e-05	0.0161385331687	0.000515231336336	0.0489038364668	0.0467843651709	0.0444058434804	0.0454227425261	0.0341833785406
PD_35P_filtered_1	0.000344897500158	0.111377257015	0.000246355357256	0.138082177742	0.000270990892982	0.00061588839314	0.000862243750396	0.121847359699	0.152543237213	0.0156977633643	3.94168571609e-05	0.0313561098715	0.000137959000063	0.0177523670439	0.0642741127081	0.000187230071514	0.0647668234226	0.000157667428644	0.033987185087	0.000204059022629	0.035267223512	0.000100138723755	0.0172386738236	0.0143654537582	0.000328062885906	0.0475616982951	0.0332798283236	0.0154418617217	0.0319098170753	0.0119036797051	0.0175371843941	0.0170350725815	0.0168651131081	0.0830784235187	1.80295683117e-05	5.69633953222e-05	0.0178901018854	0.0
PD_35P_filtered_2	0.059790445206	0.0230095903677	2.46355357256e-05	0.161683020967	2.46355357256e-05	0.213171290634	0.0	0.00322725518005	0.0	0.0324696360863	0.0166339137219	0.0319522898361	0.00128597496488	0.138914858849	0.0323513855148	0.0299420301209	0.067530930531	0.0516902810594	0.000172448750079	0.0171776400868	0.000460151070664	0.0322770834288	0.0182433822948	0.0977395169657	0.0150204545316	0.129616510486	7.61701206325e-05	0.000119190513654	0.000414986375306	0.0342479401871	0.000121129908875	0.0160713855089	0.000524074876824	0.0479705289457	0.0474568668056	0.0453487067099	0.0447414395334	0.0353988477265
PD_36P_filtered_1	0.0	0.0597728631201	0.0	0.11954572624	0.0	0.0	0.0	0.11954572624	0.11954572624	0.0	0.0	0.0597728631201	0.0	0.011954572624	0.0717274357442	0.0	0.0358637178721	0.0	0.0239091452481	0.0	0.02457002457	0.0	0.0	0.0134318334453	0.0	0.0434279096699	0.0299940011998	0.0	0.0494886176179	0.0174155346569	0.0365163410626	0.0569800569801	0.0396432111001	0.14367816092	0.0	0.0	0.0	0.0
PD_36P_filtered_2	0.11954572624	0.0	0.0	0.17931858936	0.0	0.0	0.0	0.0	0.0	0.011954572624	0.011954572624	0.011954572624	0.0	0.131500298864	0.0239091452481	0.0478182904961	0.0358637178721	0.107591153616	0.0	0.0482160077146	0.0	0.0502891626854	0.0129701686122	0.0536840692524	0.0139256370979	0.1015375689	0.0	0.0	0.0	0.0525394045534	0.0	0.019120458891	0.0	0.0	0.0434593654933	0.045766590389	0.0981354268891	0.0
PD_38P_filtered_1	0.000319794680186	0.111899065822	0.0004360836548	0.14809400917	0.000377939167493	0.000668661604026	0.000726806091333	0.123033735141	0.161031157596	0.0161525385738	2.32577949226e-05	0.0326888307638	0.000133732320805	0.0189725462082	0.0665754379661	0.000232577949226	0.0678778744818	0.000139546769536	0.0356076840266	0.00015868093126	0.0370426028046	9.36746153533e-05	0.0185135405242	0.0146786112691	0.00032148042013	0.0478251543841	0.0342956762543	0.0161513436706	0.0334197477699	0.0120196649082	0.018063452434	0.0186549644762	0.0177047349368	0.0829605389826	4.43868451151e-05	5.86076876407e-05	0.0189750402569	0.0
PD_38P_filtered_2	0.0607319169918	0.0207285097248	0.0	0.166700245108	0.0	0.218913994709	2.90722436533e-05	0.0026746464161	0.0	0.0351599714743	0.0171642526529	0.0336656581505	0.000924497348175	0.145611239562	0.0332528322907	0.0319038801851	0.0698780448451	0.0521207184217	0.000127917872075	0.0169809054712	0.000344645255731	0.0333624034613	0.0185323239735	0.102362699459	0.0139948536947	0.130869546525	3.80726845621e-05	0.000127528278001	0.000284095656679	0.0353613732485	8.28514447819e-05	0.0160792917212	0.000295432892724	0.0508342660342	0.0482817996266	0.0465232118771	0.0476262356791	0.0335438963324
PD_39P_filtered_1	0.000184740951619	0.112322498584	0.000323296665333	0.146915241775	0.000369481903238	0.000461852379048	0.000646593330667	0.111491164302	0.165343151699	0.0162664407901	1.84740951619e-05	0.032117214439	0.000120081618552	0.0184925692571	0.0651396595409	0.000157029808876	0.0660079420135	0.000184740951619	0.0358951668996	0.000158807709087	0.0374724946693	0.000138979404741	0.0176281050927	0.0137902759919	0.000309781186059	0.0463579676722	0.0327902765517	0.0157829722598	0.0312934214158	0.010687801556	0.0192365621214	0.0175554289491	0.017940764685	0.0790904999434	6.84471598193e-05	0.0	0.0188063196128	0.0
PD_39P_filtered_2	0.0585628816633	0.01939779992	4.61852379048e-05	0.159339070771	9.23704758096e-05	0.204000195825	0.0	0.00272492903638	0.0	0.0356919518528	0.0162849148852	0.0314429099656	0.00105302342423	0.145077069306	0.0319694216777	0.0320617921535	0.0699244501878	0.0542676545381	0.000184740951619	0.0179136216001	0.00030779441257	0.0322513869585	0.0184244668709	0.098838448593	0.0123231601627	0.128446178315	2.39400397764e-05	0.000224915797148	0.000273916818767	0.0337388531077	7.12553598282e-05	0.0176485175096	0.000518569665435	0.0486807595566	0.0453091889809	0.0443991505398	0.0408795335576	0.030774399937
PD_3P_filtered_1	0.000312054701487	0.109502831613	0.000312054701487	0.141559360038	0.000226948873809	0.00051063496607	0.000567372184522	0.115857400079	0.165190411524	0.0163346451924	3.97160529165e-05	0.0315515671813	5.67372184522e-05	0.0181899522358	0.0637045488781	0.000198580264583	0.0655995719744	0.000124821880595	0.0339742464092	0.000235354168415	0.0358586600174	9.80351849504e-05	0.018098277269	0.0136315032307	0.000310318140226	0.046991449471	0.0329356028826	0.0161717896652	0.0317793025481	0.0112459495245	0.0185254153253	0.0171011434958	0.0180756603322	0.0807378325432	0.0	0.000141421579142	0.0178095660523	0.0
PD_3P_filtered_2	0.0579854372581	0.019829657849	0.0	0.169871232046	2.83686092261e-05	0.200821384712	0.0	0.00312054701487	0.0	0.0343657332165	0.0166466998939	0.0318466007172	0.000868079442319	0.139976391643	0.0328111334309	0.0312508599235	0.0691569955714	0.0534634809475	0.000181559099047	0.0177459722612	0.000307873205973	0.0315815225307	0.0186035762849	0.0988617015535	0.0134889342121	0.130553584634	6.02041930565e-05	0.000110406742382	0.000306188001585	0.0338854187774	0.000182839339529	0.0180511775433	0.000487108916234	0.0487249000365	0.0465464295075	0.0450393571692	0.0464999861645	0.035498968745
PD_40P_filtered_1	0.000330068624568	0.109879845119	9.90205873703e-05	0.140147137991	0.000231048037197	0.000627130386679	0.000594123524222	0.118329601908	0.154571136885	0.0162393763287	3.30068624568e-05	0.031719594821	0.000118824704844	0.0173616096523	0.0644227941431	0.000165034312284	0.0659345084437	0.000158432939793	0.0338650408806	0.000166628864132	0.0353572014276	9.8441163088e-05	0.0175454947213	0.0142228876205	0.000247907870618	0.0466085195138	0.0338991133706	0.0159814278985	0.0320190305158	0.012103228976	0.0169191070632	0.0171445032022	0.0172235636729	0.0804918636077	2.30148537866e-05	6.0336695656e-05	0.0176258186946	0.0
PD_40P_filtered_2	0.0601385033962	0.0197050968867	6.60137249135e-05	0.161799639763	0.0	0.207316103091	0.0	0.00297061762111	0.0	0.0325777732448	0.0172229808299	0.0312707014915	0.00125426077336	0.143229978945	0.0320166565831	0.0304389285576	0.0680931572483	0.052342282484	0.000237649409689	0.0174205230289	0.000458101459354	0.0326257735877	0.0182817728622	0.0992220033349	0.0140227155589	0.131312941376	7.50927207369e-05	0.000243008999925	0.000316255934543	0.0325537933077	0.00015701116683	0.0164070236399	0.000567036984613	0.0477216553297	0.0472296984958	0.0453518917655	0.0459681401789	0.0324463765091
PD_41P_filtered_1	0.000231832450052	0.111941954454	0.000298070292924	0.128534534093	0.000298070292924	0.000430545978667	0.000430545978667	0.103231678116	0.156188833492	0.0153870508991	3.3118921436e-05	0.0311715288555	0.000112604332882	0.0174801667339	0.062296691221	0.000218584881477	0.0636148242942	0.00016559460718	0.0336885668847	0.000206506142559	0.0364149523408	6.88823833305e-05	0.0182593690664	0.0127512559879	0.0003241248243	0.0450414416044	0.0316812707197	0.0154033542344	0.0317933049107	0.0103952210249	0.0177727105355	0.0175390250144	0.0173613260537	0.0768445282552	1.00625660167e-05	8.38981074265e-05	0.0188847323015	0.0
PD_41P_filtered_2	0.061303123578	0.020964277269	6.62378428719e-05	0.16168657445	0.0	0.18404184642	3.3118921436e-05	0.00370931920083	0.0	0.0325823949087	0.0160891720336	0.031482846717	0.00131813307315	0.134456197246	0.0310191818169	0.0292241362751	0.0675294808079	0.0518774785373	0.000192089744329	0.0170660638523	0.000378966160014	0.0308314034138	0.0184218506774	0.096159620655	0.0119348984096	0.125603204509	6.22247865748e-05	0.00011213879194	0.000289055483952	0.0334056454603	0.000141033280328	0.0155379768879	0.000501720285261	0.0477125348937	0.0456305126991	0.043257208797	0.0441936954748	0.0352319436289
PD_42P_filtered_1	0.000374575512301	0.109226219387	0.00017480190574	0.13734435451	0.000349603811481	0.000624292520501	0.000849037827882	0.114670050166	0.155698554613	0.0155124205494	4.99434016401e-05	0.0308200731521	0.000119864163936	0.0181594208363	0.0628987200255	0.000154824545084	0.0628337936034	0.00014983020492	0.0342362018243	0.000216424103062	0.0345315903131	7.89855142673e-05	0.0170784519273	0.0136527322238	0.000385553372671	0.0452197656185	0.0324156180364	0.0156869587092	0.0313394636643	0.0111108761449	0.0170672125063	0.017135275209	0.0166074228537	0.0789568514769	3.4753113879e-05	2.74864645196e-05	0.0175316400094	0.0
PD_42P_filtered_2	0.058283949714	0.0211010871929	0.0	0.164313791396	2.497170082e-05	0.193905256868	4.99434016401e-05	0.00337117961071	2.497170082e-05	0.0330525432054	0.0164064074388	0.0313494732095	0.00105380577461	0.135636290174	0.0320287034718	0.0305503787832	0.0667743279928	0.0515266074721	0.000184790586068	0.0172103233357	0.000375134714473	0.0315474151913	0.0178046999648	0.0964912485964	0.0132961975694	0.127883940083	4.32515528852e-05	0.000141286522968	0.000240810117343	0.0335470984028	0.000123952202864	0.0156093667803	0.000400023105335	0.0479937375419	0.0454578938115	0.0439013011425	0.0428614114959	0.0357598782838
PD_43P_filtered_1	8.45194225633e-05	0.112622130566	0.000295817978972	0.142203928463	0.000338077690253	0.00076067480307	0.000549376246661	0.11967950235	0.155050880692	0.0157797761926	5.0711653538e-05	0.0316356198654	0.000194394671896	0.0181801277934	0.0648686568173	0.000228202440921	0.0651137631428	0.000177490787383	0.035084012306	0.000231041800853	0.0371951958445	0.000118911491524	0.0172082718854	0.0141414804828	0.000267044527826	0.0462530280576	0.0324421714657	0.015878368884	0.0322472584309	0.0113379370591	0.018633692283	0.0171090892569	0.0173044193755	0.0805180894831	4.87806940322e-05	6.86899874898e-05	0.019670551858	0.0
PD_43P_filtered_2	0.0601355691538	0.0204959599716	8.45194225633e-05	0.166080665337	0.0	0.210580141316	0.0	0.00308495892356	0.0	0.0342557219649	0.0178843098144	0.0325991412827	0.00107339666655	0.140107846783	0.0332668447209	0.0299790391832	0.0689932046384	0.053086649312	8.45194225633e-05	0.0174943429967	0.000326833815958	0.0323077703662	0.0186524545141	0.0996363131626	0.0131738371496	0.129666447307	7.83178577246e-05	9.36567347212e-05	0.000196288768259	0.0347687965107	5.4047013335e-05	0.0163719804843	0.000716762812434	0.0483537214024	0.0471777535743	0.0444769338731	0.043880689082	0.0338081478594
PD_44P_filtered_1	0.000356469702303	0.10878267082	0.000267352276727	0.137834951557	0.000267352276727	0.000712939404606	0.000772351021657	0.117932059845	0.153638441693	0.0156549610928	4.75292936404e-05	0.0309950406153	0.000154470204331	0.0172412512681	0.0637189592867	0.000225764144792	0.0640219585337	0.000154470204331	0.034666678549	0.000167992235399	0.0351035100738	9.51083915465e-05	0.01699363658	0.0141982412859	0.000273508052147	0.0459416888573	0.0317341521567	0.0159715392691	0.0314243635723	0.0118867981732	0.0173235368882	0.0176882450105	0.0173802760129	0.0802228464376	1.06338599327e-05	4.47214791003e-05	0.0182116168676	0.0
PD_44P_filtered_2	0.0565598594321	0.021714946032	5.94116170505e-05	0.161718421612	2.97058085253e-05	0.200276561077	0.0	0.00412910738501	0.0	0.032652624731	0.0161896656463	0.0318624502242	0.00151499623479	0.141334295802	0.0322664492201	0.0303296305043	0.0665410110966	0.0513316371317	0.000255469953317	0.017191624044	0.000504923310154	0.0321915628063	0.0181284978809	0.0972277538312	0.0138977229962	0.128036200729	3.02838711661e-05	0.000165613574635	0.000394849744454	0.0342455899247	0.000179545768955	0.0155874920101	0.000728086323489	0.0472894806895	0.047011932431	0.0453115957308	0.0450642001662	0.0354388295595
PD_45P_filtered_1	0.000257681605797	0.1111310489	0.000140553603162	0.138093915107	0.000374809608432	0.000679342415282	0.000585640013175	0.124835025208	0.152805192238	0.0155733392303	6.55916814756e-05	0.0306828515702	0.00011244288253	0.0176675879175	0.065212186747	0.000201460164532	0.0649310795407	0.000206145284637	0.0343278750122	0.000207951891275	0.0355488623856	8.4451286213e-05	0.0170940494351	0.0147371103708	0.000376538199473	0.0483544393978	0.0334172991392	0.016273828925	0.0316166219527	0.0125983115875	0.0180363673842	0.0169913733819	0.0166256034749	0.0836929781733	8.2191177336e-06	8.65452961204e-05	0.0184672679326	0.0
PD_45P_filtered_2	0.0591730669312	0.0202397188553	0.000140553603162	0.163674670882	0.0	0.211017809547	0.0	0.00278764646271	2.3425600527e-05	0.0337609754795	0.0167352490165	0.0323788650484	0.00125561218825	0.140145997713	0.0324257162494	0.0300316198756	0.0678077432854	0.0521594421334	0.000135868483056	0.0171187463124	0.000425586059813	0.0328613541291	0.0183067456218	0.100595196597	0.0149927654044	0.132007356609	4.10553043101e-05	0.000164643693668	0.00019692395883	0.0350809044247	8.30623136938e-05	0.0165466245863	0.000538429576862	0.0492057194413	0.0478906584542	0.0451373531997	0.046254588556	0.0360309289494
PD_46P_filtered_1	0.00019243473095	0.109522852586	0.0001649440551	0.143226421179	0.0003848694619	0.0006047948687	0.0006047948687	0.117934999397	0.163322105225	0.0156421945587	3.298881102e-05	0.0313943518207	0.00018143846061	0.0187431427945	0.0644711330035	0.00019243473095	0.0640587728657	0.00020892913646	0.0347262217337	0.000205484058519	0.0368194982006	0.000123356647152	0.0175744025491	0.0137184618931	0.00041002475378	0.0470029406916	0.0336494927933	0.0163059948118	0.0317699273373	0.0109047980792	0.0181736606864	0.016915195192	0.017654791807	0.0817498674667	0.0	4.21329511594e-05	0.0195816372611	0.0
PD_46P_filtered_2	0.0580877980711	0.0206729882392	8.24720275501e-05	0.168105482823	0.0001099627034	0.199005002478	2.749067585e-05	0.0029140116401	0.0	0.0343908354884	0.0169232600533	0.0327029079912	0.000945679249241	0.142440187849	0.0330987737234	0.0311359394677	0.0692215217903	0.0528370789837	0.00022542354197	0.0180452497129	0.000376306102892	0.033076492471	0.0188506852376	0.100274233029	0.0126133698989	0.130510237061	3.51367875138e-05	0.000139109481138	0.000274997460093	0.0355630041666	0.000125216781553	0.0164601624711	0.000449628776389	0.0494915569285	0.0471085494487	0.0455588165165	0.0460329912792	0.0335628748916
PD_47P_filtered_1	0.000215579233684	0.110253379512	0.000307970333834	0.139910922661	0.000400361433984	0.000739128801201	0.000800722867968	0.120416400529	0.149889161477	0.0149858364443	2.46376267067e-05	0.0308894244835	0.000135506946887	0.017622062502	0.0631339184359	0.000215579233684	0.0640023947773	0.000160144573594	0.0344680397627	0.000149156074928	0.0361417912002	5.23106086241e-05	0.0170699532878	0.0140406223954	0.000287095460963	0.0470425018228	0.032902997571	0.0161982104217	0.0322832505633	0.0117977801664	0.0175515853611	0.0175543454844	0.0172893915192	0.0801701978672	3.15642284703e-05	7.71211681521e-05	0.0180029616433	0.0
PD_47P_filtered_2	0.0593458833298	0.021126764901	3.07970333834e-05	0.164948910801	6.15940667667e-05	0.202613682629	3.07970333834e-05	0.00354165883909	0.0	0.0325524642862	0.0168952525141	0.0322691315791	0.00169383683609	0.137108392623	0.0330883326671	0.0296698619615	0.0664230416012	0.0514002487168	0.00022173864036	0.0170076090564	0.000553818418855	0.0317252971124	0.0182383393457	0.0974291513078	0.0140951644036	0.127143624784	5.39694116794e-05	0.000200109451866	0.000374413076302	0.032627339685	0.000108167337034	0.0157788680452	0.000764608582163	0.0487112645355	0.0446221361442	0.0438852790303	0.0438029307314	0.0344033225353
PD_48P_filtered_1	0.000257782286104	0.111877512169	0.000386673429155	0.139685776282	0.000354450643392	0.000386673429155	0.000612232929496	0.117290940177	0.160405027528	0.0159051670526	1.93336714578e-05	0.0323452323488	0.000116002028747	0.0185796582709	0.0647806884978	0.000206225828883	0.0645293507689	0.000167558485967	0.0351550592674	0.000201819185114	0.0368697434032	0.000116991445241	0.0178931110104	0.0139772709199	0.000356542992523	0.0479007887915	0.0323274817087	0.0164790241574	0.033667568575	0.0106743829822	0.0184810748647	0.0178243768324	0.0174149753455	0.0803112429014	0.0	5.82859410347e-05	0.0184719955501	0.0
PD_48P_filtered_2	0.0615455208072	0.021879271533	3.22227857629e-05	0.165592896036	3.22227857629e-05	0.196397879225	0.0	0.00277115957561	0.0	0.0338919260655	0.0168009604968	0.0320745609484	0.00123091041614	0.138996208667	0.0324934571634	0.0306438692606	0.0689438724184	0.0535800481666	0.000186892157425	0.0179790283292	0.000381117971457	0.032510247369	0.0186934127721	0.0987714544117	0.0137700603362	0.131647693441	6.52490601485e-05	0.000254159554082	0.000352359606939	0.0342863615984	0.000190856849919	0.0158390623912	0.000560318609613	0.0487356484103	0.0468852547547	0.0442194620688	0.044575980394	0.0342093658286
PD_4P_filtered_1	0.00021367756178	0.108945031142	0.000274728293718	0.142339781512	0.000366304391623	0.000457880489529	0.000641032685341	0.114958528238	0.153512065456	0.0157999294254	4.88405855498e-05	0.0321310002186	0.000128206537068	0.0178329187989	0.0625770002357	0.000274728293718	0.064732091073	0.000128206537068	0.0338709460788	0.00022858432108	0.0347492027655	9.91455569802e-05	0.0173912123324	0.0138536614733	0.0003148561737	0.0454780770926	0.0336246480048	0.0154989315972	0.0333796914777	0.0114108999538	0.0179883820285	0.0178734815606	0.0171190513429	0.0782517090325	0.0	2.65266589607e-05	0.0175017505273	0.0
PD_4P_filtered_2	0.0571740104592	0.0205130459309	0.0	0.163219131834	0.0	0.194782360246	3.05253659686e-05	0.00299148586492	0.0	0.0331932829543	0.0163921215251	0.0312885001178	0.0010744928821	0.141814745217	0.0323141524144	0.0305742065542	0.0682974538182	0.0524242635145	0.000189257269005	0.0174601276646	0.000325182537392	0.0316923252523	0.0175055407887	0.0979828906027	0.0132110661525	0.129801766297	0.0	0.000112721809424	0.000228388947108	0.0342183793651	0.000122088979058	0.0152940671603	0.000466469171963	0.0496216894047	0.0480411232015	0.0447880976428	0.0415779314036	0.0342224323752
PD_50P_filtered_1	0.000463518756286	0.104291720164	0.000463518756286	0.140446183155	0.0	0.0	0.000463518756286	0.124223026685	0.149716558281	0.0153888227087	0.0	0.034578499219	9.27037512573e-05	0.0204875290279	0.0663758859002	0.000185407502515	0.0671175159103	0.000185407502515	0.0357836479853	0.000187280647542	0.0359520319146	9.8915881934e-05	0.0156021830819	0.0105269917332	0.000108958336511	0.0439367311072	0.0347364023414	0.0170852554246	0.0321470275435	0.0105987779609	0.0192314077944	0.0149061060041	0.0171374927393	0.0797287965346	0.0	0.000173538200964	0.0196226221325	0.0
PD_50P_filtered_2	0.0611844758298	0.0208583440329	0.0	0.151570633306	0.0	0.197922508934	0.0	0.00556222507544	0.0	0.0332806467014	0.0177991202414	0.0299433116561	0.000648926258801	0.140909701911	0.0328171279451	0.028460051636	0.0675810346666	0.0512651744453	9.27037512573e-05	0.0144174912255	0.00028821987718	0.0318288753138	0.0184453523317	0.0955249506332	0.0129572183139	0.119407162624	0.000117252950964	0.000121928915442	0.000126953819279	0.0340184228953	0.0	0.0163404836205	0.000151545230947	0.0479874291754	0.0509927129768	0.0481165079575	0.0408148257097	0.0336885064441
PD_51P_filtered_1	0.000414261239055	0.109720048173	0.000355081062047	0.137534731366	0.000325490973544	0.000650981947087	0.000828522478111	0.113773890298	0.153750099867	0.0150436009954	4.73441416063e-05	0.0315785424514	0.000130196389417	0.0181505602883	0.0629677083364	0.000183458548725	0.0647194415758	0.000130196389417	0.0347861080452	0.000166975601346	0.0347107280995	9.35094236304e-05	0.0173662156719	0.0141470416785	0.000251110877193	0.0458780624588	0.0322832567002	0.0154004892732	0.0330377061792	0.0118175696808	0.0176899197081	0.0178419731896	0.0165904514411	0.0791245273221	1.94591144546e-05	5.08483642793e-05	0.0178177258362	0.0
PD_51P_filtered_2	0.0606005012561	0.0206242916873	2.9590088504e-05	0.161325162524	0.0	0.201656453154	2.9590088504e-05	0.00313654938142	2.9590088504e-05	0.0336320945936	0.0162923027303	0.0311228550885	0.00120727561096	0.136049308923	0.0321585081861	0.029826809212	0.0662699622135	0.0518477530766	0.000201212601827	0.0179537741892	0.000474904291564	0.0314536891343	0.0181155952935	0.098743953983	0.0128904120735	0.127198758211	6.527763594e-05	0.000217867919002	0.000319457900202	0.032415602969	0.000142848896034	0.0159806539672	0.000573379726731	0.047328005661	0.0468184753372	0.0444861870951	0.0458282717836	0.0335291118692
PD_52P_filtered_1	0.000279892409358	0.109677839838	0.000159938519633	0.138786650412	0.00023990777945	0.000439830928991	0.000639754078532	0.116035395994	0.156299918311	0.0156579810721	1.59938519633e-05	0.0317078115173	9.59631117798e-05	0.0180410650146	0.0621361148774	0.000127950815706	0.0642393064106	0.000135947741688	0.0341948554975	0.000113206912479	0.0361450820285	4.29623207558e-05	0.0173722479982	0.0137953415949	0.000229433113795	0.0463091875639	0.033162785314	0.0158310293564	0.0320291506868	0.0110684388689	0.0174888919168	0.0167748804629	0.0175869473996	0.0785670174303	0.0	4.56545191658e-05	0.0188831701944	0.0
PD_52P_filtered_2	0.058857375225	0.0203521766233	0.000119953889725	0.158579042216	0.0	0.201922381037	3.99846299083e-05	0.00311880113284	0.0	0.033563098345	0.0160978120011	0.0314199221819	0.00107958500752	0.137027326696	0.0323555625218	0.0301164232469	0.0675340399151	0.0528836715167	0.00019192622356	0.0171874993684	0.000466144429524	0.0307468847737	0.016790096082	0.098037238867	0.0139063009689	0.125006905635	2.06860636438e-05	0.000183191747664	0.000292301640453	0.0337722631936	0.000110393458231	0.0153935969564	0.000711256451968	0.0480183321041	0.0466776954447	0.0437767468365	0.0461358261305	0.0343705295088
PD_53P_filtered_1	9.39437884211e-05	0.108160615069	0.000313145961404	0.13565483048	0.000469718942105	0.000407089749825	0.000626291922807	0.111229445491	0.149746398743	0.015212630805	1.87887576842e-05	0.0312582298673	0.000150310061474	0.0177804276885	0.0628609202921	0.000187887576842	0.0642324996031	0.000118995465333	0.0340201772469	0.000176850921747	0.0360307814125	7.28372967748e-05	0.0171277439931	0.0128447572414	0.000325033400793	0.0457558673921	0.0324555542639	0.0156199133175	0.0325253401856	0.0105183055258	0.0180212730684	0.0168629482015	0.0161069048901	0.0756857609398	2.0304317043e-05	7.40500254468e-05	0.017943892705	0.0
PD_53P_filtered_2	0.0588401261477	0.0206676334526	9.39437884211e-05	0.159735754912	0.000125258384561	0.189797767207	0.0	0.0034132909793	6.26291922807e-05	0.0331308427165	0.0165278438429	0.031195600675	0.00130268719944	0.136938728922	0.0314085399288	0.0294732978873	0.0664683617675	0.0518757599661	0.000250516769123	0.0173173362072	0.000400532501501	0.0316056777096	0.0178921301238	0.0968630664632	0.0128688237418	0.126192210331	0.000100267065185	0.000215459833579	0.000388359558483	0.0334276427607	0.000159599200302	0.0158742786561	0.000582280535125	0.0474336539421	0.0451205290665	0.0433639848106	0.0434785182941	0.0346465541964
PD_54P_filtered_1	0.000106336343449	0.113248205774	0.000186088601036	0.137891653368	0.000239256772761	0.000531681717247	0.000930443005182	0.107771884086	0.155463734123	0.0158706992598	4.25345373798e-05	0.0319328039378	0.000127603612139	0.018343019245	0.0626267894745	0.000170138149519	0.0635838165656	0.000164821332347	0.03514416151	0.000246892840188	0.0355976657536	7.93443751611e-05	0.0172519942463	0.01360965782	0.000345325591175	0.0450742496236	0.0329526592098	0.0157673906527	0.0319614006206	0.0110599448244	0.0181692329477	0.0168923834278	0.0174533391122	0.0784535958543	2.8213458892e-05	8.88689295856e-05	0.0181099730188	0.0
PD_54P_filtered_2	0.0611168133975	0.0211343482606	7.9752257587e-05	0.164342818801	0.0	0.189464779941	0.0	0.00319009030348	2.65840858623e-05	0.0335384827239	0.0159929860548	0.0315925276388	0.00119096704663	0.138609423686	0.0324325847521	0.029933680681	0.0680233589046	0.052652440459	0.000239256772761	0.018079849179	0.000412915399085	0.0318704473117	0.0181719009172	0.0975056135972	0.0126810257248	0.12840154361	2.0333437192e-05	0.000197549776017	0.000301438338766	0.0333340487111	0.00021581686644	0.0160654877687	0.000601894449696	0.0484323538935	0.0461724107973	0.0458368799987	0.0447610748061	0.0338897145949
PD_55P_filtered_1	0.000278988354747	0.110674680328	0.000223190683798	0.138573515803	0.000306887190222	0.000613774380444	0.000557976709494	0.113297170863	0.161729549247	0.0169290133661	6.13774380444e-05	0.0326862756422	8.36965064241e-05	0.018748017439	0.0650098664232	0.000217610916703	0.0656515396391	0.000184132314133	0.0355152175593	0.000196321683287	0.0384069610013	0.000110020206079	0.0182751808691	0.0134641987379	0.000297500235676	0.0472586509869	0.0343162585601	0.0160003103748	0.0328235592536	0.0107588077085	0.0195945999129	0.0182157384768	0.0173655599115	0.080520702805	1.7712479345e-05	1.86201951285e-05	0.0192767878926	0.0
PD_55P_filtered_2	0.0605962706511	0.0203661498965	2.78988354747e-05	0.161534257399	5.57976709494e-05	0.205140137246	0.0	0.00304097306674	0.0	0.034968400384	0.0170127098725	0.0323905479861	0.00116617132284	0.141514053062	0.0333781667619	0.0315480031548	0.070405501204	0.0543301922034	0.000178552547038	0.0179305890465	0.00033008091706	0.0327638878154	0.0189007422794	0.100780297923	0.0130909296469	0.134646629702	7.22247887556e-05	0.000128884572537	0.000273922994487	0.0344103212604	0.000113553908015	0.0168183258279	0.000402843847366	0.0505520535224	0.0482311521839	0.0453805679363	0.0473750328254	0.035379873339
PD_56P_filtered_1	0.000223482878498	0.110719803233	0.000383113505996	0.134712286546	0.000335224317747	0.000415039631496	0.000622559447244	0.114135898661	0.153149624022	0.0154969413175	5.10818007995e-05	0.0315174710933	0.000121319276899	0.017827548479	0.0625241241786	0.000185171527898	0.063443596593	0.000169208465148	0.0346047274291	0.000222153336801	0.0353579424789	0.000138734415261	0.0180050514501	0.0142551910975	0.000316760215275	0.0465099009039	0.0332801620426	0.0167411970673	0.0324466508498	0.0116931026627	0.0179457595052	0.017020346859	0.0174974282162	0.0806100767687	5.74758591333e-06	9.71048905179e-05	0.0181898854474	0.0
PD_56P_filtered_2	0.0598135961237	0.0218693959673	4.78891882495e-05	0.164116248131	9.57783764991e-05	0.197814273596	3.19261254997e-05	0.00347994767947	0.0	0.0334841204241	0.0169112686772	0.0319420885624	0.00151649096123	0.139721495637	0.0324688696332	0.02954762915	0.0675556815573	0.0508902440465	0.000204327203198	0.0170327774894	0.000474470082816	0.0313588946837	0.0183670139162	0.0982534511444	0.0132171388048	0.127635097404	4.42644909569e-05	0.000180353732389	0.000389855418833	0.0338278441273	0.000129547451408	0.0158563956218	0.000629288348911	0.0486544160349	0.0470316543357	0.0443854965959	0.0457699690901	0.0334836555037
PD_57P_filtered_1	0.000173016196293	0.111026964821	0.000321315793116	0.14095876678	0.000197732795764	0.000444898790468	0.000420182190998	0.117552147082	0.155961742659	0.0158927734595	4.94331989409e-05	0.0318201501583	8.89797580937e-05	0.018112324092	0.0629630654911	0.000212562755446	0.0640209359484	0.000173016196293	0.0339062311536	0.000235070991439	0.035046047214	0.000154723604953	0.0179751119366	0.0138303626124	0.000233522810149	0.0473344665278	0.0327364731553	0.0156860436985	0.0324435555379	0.0117096319116	0.0180498308682	0.0174947340182	0.0168969582741	0.0820356047906	1.93166727031e-05	8.18844812633e-05	0.0179226253418	0.0
PD_57P_filtered_2	0.0602096363101	0.02053949416	0.0	0.163426155699	0.0	0.203071581249	2.47165994705e-05	0.00173016196293	2.47165994705e-05	0.0331894497689	0.0162783524113	0.0316817372013	0.000761271263691	0.137458896295	0.0325122149435	0.0303470408298	0.0676839359899	0.0520630451246	0.000128526317246	0.0173819320017	0.00024239954924	0.0315116331468	0.0180244346091	0.0974471624843	0.0140444292466	0.129419667591	1.95990069314e-05	0.000150533573092	0.000165140066419	0.034680579939	7.14318028673e-05	0.015729584279	0.000405653755119	0.0486408154356	0.047089706422	0.044716940435	0.0448509007356	0.0329074536527
PD_58P_filtered_1	0.000323963236652	0.110942682952	0.000323963236652	0.138008338814	0.000530121659976	0.00058902406664	0.000618475269972	0.119807495155	0.149759368943	0.0155502353593	5.8902406664e-05	0.0312300560132	0.000188487701325	0.0172171734679	0.0643155378364	0.000235609626656	0.0653581104344	9.42438506624e-05	0.0345285907864	0.000196275044621	0.0346043703342	0.000100499823309	0.0171374222428	0.0147419476295	0.000305001025566	0.0459646091916	0.0318548303432	0.0160145285293	0.032013958215	0.012014888365	0.0168833539164	0.0171825159433	0.0174034692827	0.0792823644368	2.05772388782e-05	3.23601067193e-05	0.0177246049702	0.0
PD_58P_filtered_2	0.0598153939673	0.0210870615857	8.8353609996e-05	0.162246679156	0.000117804813328	0.210252140587	2.9451203332e-05	0.00318072995986	2.9451203332e-05	0.0339984691265	0.0168401980652	0.0312536169759	0.00123106029928	0.138397094698	0.0319074336899	0.0296338007926	0.0677966700702	0.0516338496816	0.000182597460658	0.0167162634019	0.000390587953267	0.0321222602742	0.0179994845632	0.0985293976837	0.0139016118104	0.127429172524	2.98647737975e-05	0.000131959915235	0.00035553383567	0.0342218181644	6.14330828736e-05	0.016122356964	0.000612147766349	0.0470985813181	0.0470010767688	0.0447507761818	0.0469993888366	0.0354344741581
PD_59P_filtered_1	0.000236769797013	0.112899731543	0.000197308164178	0.147191890477	0.00035515469552	0.000631386125369	0.000749771023875	0.124817144659	0.153071673769	0.0163686853002	6.31386125369e-05	0.0309221354899	0.000197308164178	0.0186416753515	0.0660193117339	0.000205200490745	0.0661850505918	0.000189415837611	0.0351603148565	0.000215395943616	0.0361497110239	7.61473630845e-05	0.0175470914712	0.0143751549496	0.000225701727831	0.0477119010548	0.0346351064818	0.0166701670478	0.032675526696	0.0118395960854	0.0181649868604	0.0170509552731	0.0169987194298	0.0820662821822	0.0	3.04688918708e-05	0.0180004362572	0.0
PD_59P_filtered_2	0.0599422202772	0.0216249747939	3.94616328356e-05	0.168106555879	0.0	0.206818417691	0.0	0.002880699197	3.94616328356e-05	0.034805160161	0.0171500256303	0.0335976341962	0.00121541829133	0.144082313809	0.0346709906093	0.0312930748386	0.0698786594252	0.0531469271029	0.000149954204775	0.0178421452687	0.000434813926713	0.0330759481617	0.0179540134257	0.101811634891	0.0138123676824	0.132067925897	4.0704704263e-05	0.000159242109474	0.000266142071073	0.0348303464147	0.000121335044643	0.0161988723093	0.000600041682896	0.0505924673254	0.0484938049924	0.0470010877307	0.0467012130503	0.0348166527923
PD_5P_filtered_1	0.000246287978376	0.11252282012	9.2357991891e-05	0.143893751366	0.000369431967564	0.000554147951346	0.000461789959455	0.117417793691	0.165751809447	0.0161133909852	4.92575956752e-05	0.0325346419435	0.000123143989188	0.0181514240063	0.0638871015907	0.00020318758216	0.0665223829593	0.000166244385404	0.0353915824926	0.000186516881177	0.0366803141514	0.000124727896247	0.0179038541364	0.0135674651485	0.000297775976596	0.0474358608771	0.0344451947972	0.0169788761312	0.0334126262393	0.0111786067264	0.0196290899922	0.016762549567	0.0169538095169	0.0835710774054	1.1283357837e-05	5.95975188838e-05	0.018259124357	0.0
PD_5P_filtered_2	0.0616027805913	0.020318758216	0.0	0.167722113274	3.0785997297e-05	0.203464656136	3.0785997297e-05	0.00283231175132	0.0	0.0345973037624	0.0169261413139	0.0329163883099	0.000960523115666	0.144688030096	0.0331688334878	0.0318019352078	0.0692561795193	0.0537831372778	0.000141615587566	0.0178772649923	0.000350811909516	0.0320028620809	0.0183184142508	0.100754933721	0.0132018598501	0.130877306391	3.92625056577e-05	0.00012290002771	0.000231178119659	0.035683800683	0.000112646704732	0.0165566014028	0.000414316027422	0.0500612474283	0.0488335873034	0.0473528887471	0.045593856817	0.0341297382013
PD_60P_filtered_1	0.000196236079854	0.110060407072	0.000308370982627	0.142299191619	0.000308370982627	0.000728876868027	0.000897079222187	0.126964743665	0.158670887424	0.0159063359584	4.48539611094e-05	0.0318294921522	0.000196236079854	0.0182779891521	0.0650270301183	0.000207449570131	0.0662212668329	0.000235483295824	0.0343132802487	0.000203809678446	0.0359576008336	7.77502661451e-05	0.0175154943927	0.0145430680383	0.000430232589695	0.0489674056754	0.0329368754451	0.0159145905055	0.0336583657215	0.0128301175431	0.0181976336107	0.0177658677696	0.0178224613828	0.083951872623	2.02880147437e-05	5.34889219094e-05	0.0182084244838	0.0
PD_60P_filtered_2	0.0600762741609	0.019567540534	2.80337256934e-05	0.166296060813	2.80337256934e-05	0.211150021922	0.0	0.00260713648948	0.0	0.0336180438515	0.0174201571459	0.0328611332578	0.00128955138189	0.143011248252	0.0338759541279	0.0304782665738	0.069461965523	0.0540041691757	0.000201842824992	0.0182371687763	0.000429851514765	0.0331189409974	0.0173988368692	0.101569437364	0.0144386845578	0.132504951756	3.57397860516e-05	0.000104292632612	0.000287704400369	0.0334073380615	0.000127486030718	0.0158684842819	0.000495060926588	0.0489780096087	0.0492520466894	0.0459697495474	0.0470488650512	0.0363360188232
PD_63P_filtered_1	0.000299820107935	0.108001865547	0.000333133453261	0.131454460657	0.00043307348924	0.000299820107935	0.000566326870544	0.10720234526	0.156639349723	0.0155440069292	3.99760143914e-05	0.0317409554267	0.000186554733826	0.0187754014258	0.0602172030115	0.0001532413885	0.0636218269039	0.0001532413885	0.0341461789593	0.000180559505759	0.0357000613806	8.88523394411e-05	0.0173026947545	0.0120205632424	0.000285593336936	0.0442673652962	0.0318256649447	0.015961845144	0.0316943125673	0.0103774428746	0.0182788786582	0.0168366640544	0.0165934171064	0.0779346610177	9.09401345641e-06	6.60758354251e-05	0.0190138826879	0.0
PD_63P_filtered_2	0.0590978746086	0.0192884269438	6.66266906523e-05	0.161469784796	9.99400359784e-05	0.18588846692	3.33133453261e-05	0.00253181424479	0.0	0.0332933573189	0.0153907655407	0.0303551202612	0.00133919648211	0.133160103938	0.0310946765274	0.0293890332467	0.0666533413285	0.0516223599174	0.000239856086348	0.0168724248737	0.00045948901578	0.0302896248804	0.0178607355907	0.0956210817768	0.0128492450533	0.125049291705	2.96456250913e-05	0.000143766569097	0.000270841023284	0.0337828706261	0.000122033904924	0.0152228171869	0.000517544455128	0.047539392966	0.0451611591419	0.0437753534231	0.0440787889776	0.0335695895018
PD_64P_filtered_1	0.00025386090707	0.111495710385	0.000279246997777	0.139826587614	0.000355405269899	0.000583880086262	0.000837740993332	0.118451499239	0.153484304415	0.0161303220353	3.55405269899e-05	0.0320220148179	0.000142162107959	0.0176941052228	0.0642420411432	0.000284324215919	0.0658312104215	0.000223397598222	0.0343321490722	0.000231222640581	0.0358160222559	0.000131836780792	0.0180597484953	0.0144671720905	0.000328844686096	0.0481529175264	0.033018835884	0.0158603423854	0.0321081321733	0.011288494887	0.0185043880006	0.017009908315	0.0182352719543	0.0803403301433	2.99425701505e-05	2.11072215192e-05	0.0183413106672	0.0
PD_64P_filtered_2	0.0578549007213	0.020359644747	2.5386090707e-05	0.163587968516	0.0	0.209562178787	5.07721814141e-05	0.00307171697555	0.0	0.0334588675519	0.0165212678321	0.0322251035435	0.00116268295438	0.140928343951	0.0339259716209	0.0303922277945	0.0685322904727	0.051990713768	0.000218320380081	0.0173122980863	0.000429531328822	0.0320712720318	0.0186569282446	0.0990480945546	0.0141662641619	0.130883836038	8.8322321578e-05	0.00011398564707	0.000418931389811	0.0339850915169	0.000148717411471	0.0154645829322	0.000622286818034	0.0483082748009	0.0480416170127	0.0451717527244	0.0460399766581	0.0363788455681
PD_65P_filtered_1	0.000152899354	0.1112189901	0.0002446389664	0.134704330874	0.0002752188372	0.000611597416001	0.000611597416001	0.117946561676	0.157639233974	0.0161400558083	4.89277932801e-05	0.032335155384	0.00018959519896	0.0175344979167	0.0653919957188	0.0002752188372	0.0644684836207	0.00017124727648	0.0337662933374	0.000166772289116	0.0358752133938	7.84412469177e-05	0.0168362174388	0.0138904867031	0.00025439945701	0.0471144551535	0.0333933446757	0.0166435373877	0.0324288819827	0.011699989587	0.0192307692308	0.0172488064628	0.0176128416839	0.0813631985146	0.0	4.76363781871e-05	0.0182930818433	0.0
PD_65P_filtered_2	0.0611291617293	0.0205802530484	3.05798708e-05	0.169076105653	3.05798708e-05	0.21249952219	3.05798708e-05	0.00342494552961	0.0	0.0329039409808	0.0165742899736	0.0311975841902	0.00111922327128	0.140838652957	0.03287336111	0.0298398379267	0.0684927946179	0.0528970605099	0.00023852299224	0.0174384207312	0.000399475710323	0.0326568101763	0.0184065390934	0.099306810626	0.0141077505235	0.131800652533	3.93845859128e-05	0.000197334780017	0.000257836555345	0.0339660682936	0.000113122289248	0.0160835696741	0.000457024719221	0.0470779446124	0.0490459750397	0.0441462027765	0.0458112412572	0.034714182698
PD_66P_filtered_1	0.000187159229832	0.109862467912	0.000224591075799	0.144823812044	0.000374318459665	0.000449182151597	0.000673773227396	0.119781907093	0.156240525064	0.0158336708438	2.24591075799e-05	0.0329175653429	0.000209618337412	0.0189255413206	0.0644800978618	0.000209618337412	0.0660746945	0.000104809168706	0.0348490485948	0.000257331351276	0.0374425477761	5.62284404094e-05	0.0175263721672	0.0142084206738	0.000357178766365	0.0457314865463	0.0340090171761	0.0157546354306	0.0326433840069	0.0115160079135	0.0181473310982	0.0180244760961	0.0169834721041	0.0811359832456	2.78459190622e-05	4.41630310678e-05	0.0186662249928	0.0
PD_66P_filtered_2	0.0594792032407	0.0209992655872	0.0	0.166684010089	0.0	0.203816401287	0.0	0.00205875152816	0.0	0.0346768621033	0.0167919261006	0.0320641192549	0.000838473349649	0.141806805259	0.0330972382035	0.0306491954773	0.0684703326418	0.0546804405878	0.000127268276286	0.0182676003676	0.000319309792414	0.0324111988562	0.0183375564778	0.0994448187469	0.0132064230899	0.130743747454	5.80225564622e-05	9.08406851204e-05	0.0002426904281	0.0342540895927	8.10285439252e-05	0.0157908498893	0.000511269792212	0.048210380083	0.0491695568291	0.0456630362808	0.0444446599084	0.0350681842669
PD_6P_filtered_1	0.000331753082816	0.110764060525	0.00020734567676	0.141534158956	0.00020734567676	0.000414691353519	0.000622037030279	0.118352912294	0.14899860332	0.0143649084859	2.48814812112e-05	0.0311267329952	0.000165876541408	0.0176243825246	0.0631740807951	0.000157582714337	0.0652309499086	0.000149288887267	0.0339549280262	0.000108914446362	0.0356354984309	8.86646029094e-05	0.0170691328267	0.0138294166574	0.000285082638084	0.0461195353814	0.0325240039789	0.01518809846	0.0328939552859	0.0122505485069	0.0171180881634	0.0180715488763	0.016678287386	0.0795950327472	0.0	6.23683734967e-05	0.0187039108565	0.0
PD_6P_filtered_2	0.0578079746806	0.0209419133527	0.000124407406056	0.16264194885	4.14691353519e-05	0.209626479204	4.14691353519e-05	0.0031931234221	0.0	0.0327108539656	0.0167701183363	0.0314418984238	0.00139336294783	0.13832444788	0.0314916613863	0.0304300515213	0.0659110437284	0.0510733870994	0.000140995060197	0.0170132391649	0.000516301088208	0.0315785824869	0.0182703986024	0.0985553370915	0.0139834421098	0.125778876832	0.000106277797622	0.000177095487895	0.00034625191535	0.0335896536641	8.80544015188e-05	0.0169180674831	0.000591909912963	0.0466017030959	0.0452763508957	0.0447399186755	0.0468456360947	0.0344121894658
PD_70P_filtered_1	0.000225648570403	0.115644892332	0.000376080950672	0.13693107414	0.000451297140807	0.000526513330941	0.000601729521076	0.115870540902	0.160812214508	0.0157427485951	8.27378091479e-05	0.0326964778515	0.000127867523229	0.0179465829661	0.0636855481869	0.000180518856323	0.0647987478009	0.000172997237309	0.0345768826048	0.000197589904737	0.0369101185505	7.23622337643e-05	0.0173765549217	0.0140883451571	0.000257471969737	0.0464808615765	0.0338351110527	0.0160666771067	0.0320537149307	0.0116668993964	0.0175756572228	0.0181470444751	0.0168530158862	0.0810593598999	1.31093075035e-05	4.12431850792e-05	0.0183538860274	0.0
PD_70P_filtered_2	0.063219207808	0.0227528975157	3.76080950672e-05	0.165926915437	7.52161901345e-05	0.202820456698	0.0	0.0024069180843	0.0	0.0336968531803	0.0170966400176	0.0318239700459	0.00124858875623	0.140187935173	0.0334712046098	0.0308010298601	0.0693192408279	0.0524933790949	0.000180518856323	0.0177575868283	0.000429415089802	0.0319884311053	0.0190048162402	0.100558958222	0.0136156386045	0.129068798621	9.55048083328e-06	0.00015879853032	0.000340617454807	0.0337653355375	0.000100730441198	0.015507152791	0.000475537671546	0.048151295977	0.0474863755886	0.0447009175706	0.0449217315688	0.0331419859821
PD_73P_filtered_1	0.000259178146099	0.110496282953	8.63927153662e-05	0.137623595578	0.000172785430732	8.63927153662e-05	0.000345570861465	0.10609025447	0.161208806873	0.0169675292979	5.18356292197e-05	0.0340387298543	8.63927153662e-05	0.0192828540697	0.062513768839	0.000120949801513	0.0628247826143	0.000103671258439	0.0337104375359	0.000139693362592	0.0364328806569	0.000110043889171	0.018196419065	0.0122757097342	0.000278513074398	0.0439298929628	0.0326402990609	0.0162260760665	0.0332637845101	0.00950291214546	0.0175592874096	0.0181051563921	0.0173329462805	0.0732045481179	2.62078957052e-05	2.72470803391e-05	0.0185397797338	0.0
PD_73P_filtered_2	0.0577103338646	0.0202158953957	8.63927153662e-05	0.162418304889	0.0	0.195938678451	0.0	0.00207342516879	0.0	0.0335894877344	0.0164837300919	0.0285614317001	0.000881205696736	0.139662463661	0.0297363726291	0.0291661807076	0.0705655699111	0.0539090543885	0.000207342516879	0.0174953105758	0.00035820647451	0.0314557577976	0.0196852355281	0.0965891368837	0.012597406009	0.127300545089	8.42718052243e-05	0.000108950952678	0.000270027610323	0.0323878772176	0.000118231791536	0.0172207332791	0.000447281645798	0.0482788292765	0.0483253254614	0.0422052618078	0.0416707639118	0.0333621931066
PD_74P_filtered_1	0.000212238779542	0.110970561875	0.000242558605191	0.143534054622	0.000242558605191	0.000697355989924	0.000667036164275	0.11936915358	0.157238615815	0.0153297038481	2.42558605191e-05	0.032381573793	0.000163727058504	0.0184890296807	0.0645812286321	0.000181918953893	0.0661457316356	0.000139471197985	0.0348192877752	0.000208362098027	0.0362975331105	9.09895871516e-05	0.017935897907	0.0142231130948	0.00031091402215	0.0462259457114	0.0347377316944	0.0160300437587	0.0337045719729	0.0117803489783	0.0183320972343	0.0180690903498	0.0169560210092	0.0824350031706	2.2672906704e-05	8.38868266045e-05	0.0186525731599	0.0
PD_74P_filtered_2	0.0588811014101	0.0193137289383	6.06396512977e-05	0.165728166997	3.03198256489e-05	0.206023215284	0.0	0.00297134291359	3.03198256489e-05	0.0335761749236	0.016681968072	0.0324725332699	0.00119460113057	0.145723146034	0.0331638252947	0.0310656933598	0.0699781575976	0.0535205562354	0.000157663093374	0.0175599973213	0.000403246766544	0.0328211471615	0.0184423470136	0.102181799653	0.0136289211346	0.128945082666	3.1372888585e-05	0.000172027071163	0.000257066214687	0.0346384521817	0.000141200763764	0.0165226970539	0.000436818335886	0.0500703693135	0.047141698415	0.0458491338874	0.0470988571826	0.0338070452006
PD_75P_filtered_1	0.000107420039208	0.110284573587	0.000322260117625	0.143548979062	0.000393873477097	0.000787746954194	0.000608713555514	0.122244004619	0.158086491035	0.0159196498107	2.86453437889e-05	0.0326700145912	0.000121742711103	0.0183258586889	0.0652111251354	0.000207678742469	0.0663211322072	0.000214840078417	0.0350475781257	0.000188015351887	0.0360557275069	5.34105130507e-05	0.0176364679698	0.0140810838179	0.000268898208079	0.0482997058133	0.032980365117	0.0165866917627	0.0326703050884	0.0125583947517	0.0180117055872	0.0181032830104	0.0170073764551	0.0825646757629	1.25837970777e-05	6.61914649018e-05	0.0180392104299	0.0
PD_75P_filtered_2	0.0588661814862	0.0201233540117	3.58066797361e-05	0.167145581008	3.58066797361e-05	0.207893582548	7.16133594722e-05	0.00315098781678	0.0	0.0346178979689	0.016693074093	0.0318679449651	0.00108852306398	0.140756058043	0.0331856307794	0.0311947793861	0.0700020588841	0.0527504005872	0.000229162750311	0.017770776789	0.000333748887782	0.0329017313602	0.0178916526793	0.0996312320976	0.0143588009788	0.130515080538	3.61384184545e-05	0.000215998745329	0.000254220798586	0.0344017795556	0.000117032394673	0.0158128242004	0.000570042586835	0.0483795961969	0.0483213493114	0.0460715054173	0.0463854561251	0.0352359004959
PD_76P_filtered_1	0.000232763566915	0.114325705283	0.000232763566915	0.140240049067	0.000193969639096	0.000620702845108	0.000620702845108	0.114985202056	0.156455910895	0.015315842703	2.32763566915e-05	0.031772226884	0.000147416925713	0.017503820232	0.062582364358	0.000186210853532	0.0633349665577	0.000147416925713	0.0337351996316	0.000195910608967	0.035268263655	7.44561721188e-05	0.0177216594736	0.0134420225247	0.000327394696679	0.0465088741021	0.0317332240322	0.0161594125543	0.031558269144	0.011313420403	0.018608789207	0.0167059978313	0.0162381297119	0.0808458128976	2.63576322148e-05	1.37733496153e-05	0.0182234526897	0.0
PD_76P_filtered_2	0.0597814427695	0.020599575672	0.000116381783458	0.167085447117	0.0	0.195831747632	3.87939278192e-05	0.00395698063756	0.0	0.0326179345104	0.016347761183	0.0320593019498	0.00151296318495	0.135716677083	0.0323308594446	0.0298713244208	0.0669117667026	0.0529925054011	0.000248281138043	0.0176856663903	0.000571164571579	0.0309512997849	0.0185617224187	0.0988361218904	0.0139583772663	0.12610889629	3.90689479025e-05	0.000141902011998	0.000305324029864	0.0324557514086	0.000125169035092	0.0163686087512	0.000925247411158	0.0482818695289	0.0462142200533	0.0431165401489	0.0453526541683	0.035476311534
PD_77P_filtered_1	0.00027380899249	0.111248593649	0.000246428093241	0.14071044124	0.000328570790988	0.000629760682726	0.000876188775967	0.116779535297	0.15566041223	0.0165271107867	4.38094387984e-05	0.0326325557249	0.000114999776846	0.0179454413678	0.0641643993	0.000229999553691	0.0660372528087	0.000186190114893	0.033870172371	0.000254894627946	0.0351803583901	0.000142026843784	0.0170574153337	0.0140279538281	0.000392888531131	0.0462188935415	0.0330498106824	0.0156963532114	0.0323870359845	0.0117936792223	0.0172770448614	0.0181350453307	0.0170876806047	0.080110756156	1.05373933629e-05	7.78617993105e-05	0.0180106374519	0.0
PD_77P_filtered_2	0.0614427379147	0.0212749587164	2.7380899249e-05	0.164093729199	0.0	0.206753170229	0.0	0.00271070902565	0.0	0.0326380319048	0.0169268719157	0.0334156494434	0.00116095012816	0.140672107982	0.033103507192	0.0304694646843	0.068649390597	0.0527137072341	0.000136904496245	0.0175105901401	0.000354350165519	0.0318766681655	0.0185035608768	0.0992314590223	0.013925369207	0.13017973278	3.62911174732e-05	0.000121526165077	0.000310340497637	0.034391445418	0.000113892731795	0.0170598471961	0.0005129450391	0.0498990976203	0.0467452166312	0.0443517697706	0.0458273439722	0.0339204061246
PD_78P_filtered_1	0.000198200183771	0.109882181883	0.000237840220525	0.140087889889	0.000317120294034	0.000515320477805	0.000872080808593	0.108217300339	0.149680778784	0.0153327662165	9.51360882102e-05	0.0305941803669	0.000126848117614	0.0175605362821	0.0625836900276	0.000214056198473	0.0640741554096	0.00019027217642	0.0334165509838	0.000128307681821	0.0356656402842	8.53243995274e-05	0.0166813165107	0.013309952945	0.000284867713131	0.0461442095877	0.0321914047101	0.0160702331243	0.0314588409777	0.0116696320188	0.0180885191549	0.017206098411	0.0170516454705	0.0771010658913	4.30958507746e-05	4.52790479808e-05	0.0187331139806	0.0
PD_78P_filtered_2	0.0571609329996	0.0202560587814	7.92800735085e-05	0.157489866025	0.0	0.195504661272	0.0	0.00325048301385	0.0	0.0330518626457	0.0161097109369	0.0320212216901	0.00110199302177	0.13646479053	0.0315931092931	0.0306496764184	0.0651365083946	0.0519363761554	0.000126848117614	0.0173407485143	0.000404726311266	0.0311588960439	0.0176183315343	0.0979171214049	0.013079953064	0.1270327334	2.05348148792e-05	0.000128339720373	0.000312349612028	0.0343712271844	0.000194600848119	0.0152344057482	0.000438935318491	0.047195463848	0.0448449314016	0.0430170523348	0.0436935415254	0.0320268741059
PD_79S_filtered_1	0.000136405550069	0.110051997796	0.000272811100138	0.141425274312	0.000245529990124	0.000627465530317	0.000682027750345	0.116026560889	0.152555967197	0.0154793018218	3.27373320166e-05	0.0322462720363	0.000109124440055	0.0179727952771	0.0640887836444	0.000174599104088	0.0645471062927	0.000136405550069	0.0346142723855	0.000198490687837	0.0359880354383	4.08974967343e-05	0.0174856218772	0.0135795754694	0.00030420308339	0.0461231401171	0.0328779271274	0.015972094998	0.0318667918109	0.0107159908643	0.0179790227157	0.0180383267972	0.0176815463565	0.0782957643616	0.0	6.09804249787e-05	0.0178912092782	0.0
PD_79S_filtered_2	0.0599911609204	0.0208154869405	8.18433300414e-05	0.164095876733	2.72811100138e-05	0.198633762011	2.72811100138e-05	0.00368294985186	0.0	0.0337631017531	0.0169743066506	0.0313023456298	0.00144589883073	0.138975430632	0.0327973504586	0.0304511749974	0.0670569684139	0.0519104961343	0.000300092210152	0.0171788653426	0.000425200511805	0.0321377487016	0.0187064177138	0.0987784607353	0.0132921380696	0.127923679177	8.39155029626e-05	6.55167840169e-05	0.000462730087795	0.0336934925132	0.000247613685014	0.016624348445	0.000685010465788	0.0489342995384	0.0487061895845	0.044685228863	0.0448518980611	0.0328786114879
PD_7P_filtered_1	0.000255028118444	0.109152034694	0.000223149603638	0.136981978119	0.000382542177666	0.000446299207277	0.000414420692471	0.114093204489	0.1638555661	0.0164684407485	3.18785148055e-05	0.0333002965658	8.92598414554e-05	0.0189804677152	0.062609403078	0.000121138356261	0.0645093625604	0.000191271088833	0.0360290974332	0.000238407438312	0.0386722184788	9.56956048581e-05	0.0185648101904	0.012654290068	0.000220677580619	0.0445784558669	0.0329117402009	0.016181021311	0.0336129390718	0.00968530713617	0.0188058150715	0.0176757316208	0.0164750134533	0.0772138636268	1.17531601309e-05	4.96939103591e-05	0.0191826585615	0.0
PD_7P_filtered_2	0.0609198417933	0.0202747354163	3.18785148055e-05	0.166150819166	0.0	0.189932191211	0.0	0.00194458940314	0.0	0.0355126654933	0.0172845307275	0.031311077242	0.000816089979021	0.141585235657	0.0327902403289	0.0299339254024	0.0705152747498	0.0551689577224	0.000146641168105	0.0176275950207	0.000198828779193	0.0315644699172	0.0192028581314	0.10072813285	0.0125746725847	0.129612934223	5.7676475183e-05	0.000103113734019	0.00017941583639	0.0348937451251	7.84083804445e-05	0.0168557849444	0.000237385163578	0.0495814766377	0.0477709498265	0.0448353722575	0.0461239042606	0.0327295100851
PD_81P_filtered_1	0.0	0.0	0.0	0.0	0.0	0.0	0.0	0.1443001443	0.0	0.0	0.0	0.0	0.0	0.0	0.0865800865801	0.0	0.02886002886	0.0	0.0	0.0	0.0	0.0	0.0	0.0972762645914	0.0	0.0346020761246	0.10803024847	0.0	0.0	0.0414593698176	0.0	0.0	0.0	0.0506072874494	0.0	0.0	0.0	0.0
PD_81P_filtered_2	0.0	0.0	0.0	0.2886002886	0.0	0.577200577201	0.0	0.0	0.0	0.0	0.02886002886	0.02886002886	0.0	0.25974025974	0.0	0.0	0.0577200577201	0.0865800865801	0.0	0.0290866783013	0.0	0.0615195324516	0.0	0.161917098446	0.0	0.173070266528	0.0	0.0	0.0	0.0829531314807	0.0	0.0	0.0	0.0	0.10752688172	0.0	0.0609756097561	0.16155088853
PD_82P_filtered_1	0.0002486901026	0.112532271427	0.00031086262825	0.144551122136	0.000466293942375	0.000652811519326	0.00055955273085	0.122293357954	0.16065380628	0.0157980387677	4.973802052e-05	0.0324229721265	0.000192734829515	0.0186455404425	0.0658282701583	0.000230038344905	0.0678799635047	0.00017408307182	0.035245604791	0.000244595812319	0.0357321141702	8.55873925294e-05	0.0167676310829	0.0143095100321	0.000345311468787	0.0479460576732	0.0344968313736	0.0165060553746	0.0330471129458	0.0125267928197	0.0183523924602	0.0180599590641	0.0176714185957	0.0850144666885	0.0	6.54774578028e-05	0.0184808934323	0.0
PD_82P_filtered_2	0.0635403212144	0.0222577641827	0.0001243450513	0.169762081287	9.32587884751e-05	0.210080964172	3.1086262825e-05	0.00345057517358	0.0	0.0344062756947	0.0173150483935	0.0340270232883	0.00119992974505	0.146994502394	0.0339461990049	0.0315276877571	0.0689182446831	0.0536735413937	0.00022382109234	0.017639981215	0.000436434446102	0.0335896978251	0.0182875477975	0.100664383537	0.0138770317922	0.13170646076	8.47583719889e-05	0.000111883122415	0.000273824062563	0.0352703267895	0.000134561780722	0.0164095203252	0.000710968925983	0.0512918707152	0.0488144866505	0.0464986974333	0.0446856306434	0.0355453773372
PD_83P_filtered_1	0.00202334945268	0.0971207737288	0.0	0.123424316614	0.0	0.0	0.00202334945268	0.107237520992	0.16591465512	0.0190194848552	0.0	0.0275175525565	0.000404669890537	0.0202334945268	0.0639378427048	0.0	0.0785059587641	0.0	0.0360156202578	0.000408398302697	0.0347213507024	0.0	0.0176541204717	0.0150194570239	0.0	0.044266728932	0.0307787011388	0.0183273900226	0.0298812356706	0.0107262216602	0.0170240743893	0.0140618599561	0.0152939302214	0.0781106414262	0.0	0.000714311225401	0.0142069883428	0.0
PD_83P_filtered_2	0.0586771341278	0.0222568439795	0.0	0.169961354025	0.0	0.214475041985	0.0	0.00202334945268	0.0	0.0343969406956	0.0174008052931	0.0311595815713	0.00121400967161	0.132731724096	0.0319689213524	0.0287315622281	0.055035105113	0.0473463771928	0.000404669890537	0.0175572550253	0.0	0.0373227170938	0.0163254500529	0.0823415947884	0.0136278195489	0.129375544131	0.0	0.000523464286649	0.0	0.0338648229152	0.0	0.0109990834097	0.00127396649468	0.0512227796895	0.0561009817672	0.0451612903226	0.036943213004	0.0451068837027
PD_84P_filtered_1	0.000164839367333	0.10955224353	0.000329678734667	0.139684879878	0.0003956144816	0.000758261089733	0.0008901325836	0.120992095623	0.153069836506	0.015910295735	4.61550228533e-05	0.0313986026897	0.000125277919173	0.0175850637071	0.0651181436714	0.00021758796488	0.0646499998681	0.00015824579264	0.0342734012559	0.000234137783931	0.0344251647607	9.42450834696e-05	0.0166734685518	0.0144983314578	0.000351817106035	0.0478801170882	0.0337407786555	0.0165052925524	0.0317107494209	0.0120598140123	0.0179191330067	0.0171563861788	0.0174603072586	0.0814186445191	1.4929468711e-05	4.80029185774e-05	0.0185946212738	0.0
PD_84P_filtered_2	0.0601334012032	0.0188576236229	6.59357469333e-05	0.16157554786	0.0	0.209576771628	3.29678734667e-05	0.00260446200387	3.29678734667e-05	0.0326316011573	0.0163586588142	0.032552478261	0.00096925547992	0.140990407668	0.0328557826969	0.0304623150832	0.0676566699283	0.051667251297	0.000184620091413	0.0175800819878	0.000326485179344	0.0329032612252	0.0185384290417	0.0990017338428	0.0138420478398	0.131304441651	2.79570732187e-05	8.87546217737e-05	0.000261309009715	0.0347150569487	8.25606638066e-05	0.0156859199089	0.000280980171229	0.0487813488813	0.0492426480726	0.0451252987669	0.0450437948768	0.0346255958983
PD_8P_filtered_1	0.000327003468501	0.111483028646	0.000251541129616	0.140837878472	0.000553390485155	0.000603698711078	0.000779777501809	0.121871677299	0.157162897784	0.0154647486488	6.54006937001e-05	0.0323934666719	0.000181109613323	0.0174167078146	0.0646259470209	0.000176078790731	0.066945156236	0.000171047968139	0.0350195560651	0.000208403404742	0.0362614289094	8.08281022284e-05	0.0178325077254	0.0142456991859	0.000342391428729	0.0476114862679	0.0333324039872	0.0165245295374	0.0321726819518	0.0125808607426	0.0177527691481	0.0177677174267	0.0175968106502	0.0825179814117	9.56306819567e-06	0.000111505875701	0.0179280477627	0.0
PD_8P_filtered_2	0.0572759152135	0.020324523273	5.03082259232e-05	0.166771768935	0.0	0.218463471071	0.0	0.0024902571832	0.0	0.0339580524981	0.0169387796683	0.0326902852049	0.000900517244025	0.142875361622	0.0328210865923	0.0300088567632	0.0676595330441	0.0514049452483	0.000140863032585	0.0174406328632	0.000318614442939	0.0330803509501	0.0180557056949	0.100905358617	0.0140886202427	0.131102264956	3.91441726853e-05	0.000204664704296	0.00023586992617	0.0344944231141	0.00015755995097	0.0164374718323	0.000296860810435	0.0495387923922	0.049634484095	0.0473025203358	0.0472391774559	0.0364377379362
PD_9P_filtered_1	0.00026847821447	0.114425415007	0.00026847821447	0.141810192883	0.000483260786045	0.000832282464856	0.000644347714727	0.12339258737	0.157220842393	0.0161731276396	3.22173857363e-05	0.0311864293928	0.00017182605726	0.0183531707411	0.0656053364878	0.000182565185839	0.0667275754243	0.000161086928682	0.034993450474	0.000195335613443	0.0372903360063	9.77242887396e-05	0.017744435237	0.0144554545423	0.000274307294341	0.0486551675878	0.0336604570244	0.0165562234887	0.0319851615292	0.0123614303282	0.0183243558767	0.0186581190861	0.0179608016324	0.0825388310226	9.76647479776e-06	5.14118358478e-05	0.0193862558602	0.0
PD_9P_filtered_2	0.0612130328991	0.0224716265511	5.36956428939e-05	0.16865801433	0.0	0.217064636399	2.6847821447e-05	0.00330228203798	0.0	0.0343007766806	0.0168926492544	0.0322603422507	0.00118667370796	0.141557823361	0.033157059487	0.0306977990424	0.0682686403753	0.0516068823853	0.000128869542945	0.017061414637	0.000362491478662	0.0328711847804	0.0177169848233	0.100644435462	0.0147474411404	0.132840792187	4.83127830309e-05	0.000158299962022	0.000285468954124	0.0335801186859	0.000147796052942	0.015925153328	0.000396815734105	0.0501254068083	0.0479133595094	0.0456408410077	0.0459696489127	0.035099694547
PD_Extr_neg_plate1_filtered_1	0.0	0.217391304348	0.0	0.144927536232	0.0	0.0	0.0	0.0724637681159	0.144927536232	0.0579710144928	0.0	0.0144927536232	0.0	0.0144927536232	0.0724637681159	0.0	0.101449275362	0.0	0.0289855072464	0.0	0.0299401197605	0.0	0.0	0.0	0.0	0.0518313752592	0.0179179358538	0.0370576246063	0.0191570881226	0.0	0.0207598090098	0.0	0.0	0.0703729767769	0.0	0.0	0.0	0.0
PD_Extr_neg_plate1_filtered_2	0.0724637681159	0.0724637681159	0.0	0.507246376812	0.0	0.289855072464	0.0	0.0	0.0	0.0	0.0144927536232	0.0289855072464	0.0	0.144927536232	0.0289855072464	0.0289855072464	0.0289855072464	0.0434782608696	0.0	0.0	0.0	0.0461112818936	0.0158302991927	0.0810898475511	0.0166666666667	0.172503018803	0.0	0.0	0.0	0.0400480576692	0.0	0.0	0.0	0.117785630153	0.0245098039216	0.0	0.0	0.0746268656716
PD_Extr_neg_plate2_filtered_1	0.0	3.0303030303	0.0	0.0	0.0	0.0	0.0	0.0	0.0	0.0	0.0	0.0	0.0	0.0	0.0	0.0	0.0	0.0	0.0	0.0	0.0	0.0	0.0	0.0	0.0	0.0	0.0	0.0	0.0	0.0	0.0	0.0	0.0	0.0	0.0	0.0	0.0	0.0
PD_Extr_neg_plate2_filtered_2	0.0	3.0303030303	0.0	0.0	0.0	0.0	0.0	0.0	0.0	0.0	0.0	0.0	0.0	0.0	0.0	0.0	0.0	0.0	0.0	0.0	0.0	0.0	0.0	0.0	0.0	0.0	0.0	0.0	0.0	0.0	0.0	0.0	0.0	0.0	2.81690140845	1.44927536232	0.0	0.0
PD_Extr_neg_plate3_filtered_1	0.0	0.0	0.0	0.0	0.0	0.0	0.0	0.442477876106	0.221238938053	0.0	0.0	0.0442477876106	0.0	0.0442477876106	0.0442477876106	0.0	0.132743362832	0.0	0.0442477876106	0.0	0.0473484848485	0.0	0.0	0.0	0.0	0.0	0.0	0.0	0.0	0.0	0.0	0.0964320154291	0.0	0.104275286757	0.0	0.0	0.0	0.0
PD_Extr_neg_plate3_filtered_2	0.0	0.0	0.0	0.221238938053	0.0	0.0	0.0	0.0	0.0	0.0442477876106	0.0	0.0	0.0	0.0442477876106	0.0442477876106	0.0442477876106	0.0884955752212	0.0442477876106	0.0	0.0	0.0	0.0	0.0	0.112549240293	0.0	0.19801980198	0.0	0.0	0.0	0.082850041425	0.0	0.0	0.0	0.0	0.0	0.119047619048	0.0	0.0
PD_Extr_pos_plate1_filtered_1	0.0	0.143975840152	0.0	0.175580292868	0.0	0.0	0.0	0.158022263581	0.108859781578	0.0140464234294	0.0	0.0294974892018	0.0	0.0189626716297	0.074446044176	0.000702321171472	0.0575903360607	0.0	0.0358183797451	0.0	0.0290101181632	0.0	0.0143448355006	0.016645558169	0.0	0.0450979957268	0.0307182833724	0.0121624908781	0.0316935159704	0.0126158091859	0.0225695424025	0.0206567183911	0.0110360283881	0.0633076055849	0.0	0.000928272392251	0.0125743579823	0.0
PD_Extr_pos_plate1_filtered_2	0.101836569863	0.0561856937177	0.0	0.13344102258	0.0	0.221231169014	0.0	0.00351160585736	0.0	0.0323067738877	0.0175580292868	0.0301998103733	0.00280928468589	0.154510657724	0.0330090950592	0.0280928468589	0.0667205112898	0.0540787302033	0.0	0.022520937434	0.000707679025101	0.0370483837643	0.0179482945531	0.097114116334	0.016108365367	0.124425089431	0.0	0.0	0.00154989499461	0.0355722789183	0.0	0.0115994863085	0.00085203551284	0.0496762329728	0.0369549150037	0.0374910958647	0.0354083268582	0.0386428626633
PD_Extr_pos_plate2_filtered_1	0.0	0.0	0.0	0.294985250737	0.0	0.0	0.0	0.147492625369	0.147492625369	0.0	0.0	0.0294985250737	0.0	0.0	0.117994100295	0.0	0.0589970501475	0.0	0.0294985250737	0.0	0.0301295570955	0.0	0.0	0.0	0.0	0.0340715502555	0.0	0.0	0.0	0.0	0.0	0.0	0.0431778929188	0.0448631673396	0.0	0.0	0.0	0.0
PD_Extr_pos_plate2_filtered_2	0.0	0.0	0.0	0.147492625369	0.0	0.147492625369	0.0	0.0	0.0	0.0	0.0589970501475	0.0294985250737	0.0	0.117994100295	0.0294985250737	0.0589970501475	0.0589970501475	0.0294985250737	0.0	0.0296823983378	0.0	0.0617856039543	0.0	0.193361263294	0.0333667000334	0.102880658436	0.0	0.0	0.0	0.0	0.0	0.0	0.0	0.0	0.0	0.0	0.0541418516513	0.142045454545
PD_Extr_pos_plate3_filtered_1	0.000269500061985	0.110283275365	0.000442750101833	0.140159282237	0.000346500079695	0.000596750137253	0.000442750101833	0.116751276853	0.153961535411	0.0156618036022	3.8500008855e-05	0.0311734571699	0.000196350045161	0.018526204261	0.0647454648915	0.000238700054901	0.0640447647303	0.000184800042504	0.0342765578836	0.000212719973725	0.0359195036481	0.000135152045256	0.0176339814627	0.0141767291342	0.000295079320483	0.047081733691	0.0330254257191	0.0167055633726	0.0320693523418	0.0111569341174	0.0180755028755	0.0180963500481	0.0168957797053	0.0812766557887	1.17525716977e-05	3.70075771781e-05	0.0180843803551	0.0
PD_Extr_pos_plate3_filtered_2	0.0586162634817	0.0199815045957	1.92500044275e-05	0.166474038289	0.0	0.202952796679	3.8500008855e-05	0.00256025058886	0.0	0.0340186078243	0.0165126537979	0.031978107355	0.00110495025414	0.142026532666	0.0329752575843	0.0305844070344	0.0702856161657	0.0536151123315	0.000134750030993	0.0175682610859	0.000313253141312	0.0318838879715	0.0173565427578	0.098414949279	0.0136972161072	0.13060840692	2.65937866897e-05	0.000127740530515	0.000230661004771	0.0351361347545	0.000100914568552	0.0168149329188	0.000414859344669	0.04889653665	0.0478307706478	0.0450003700688	0.0446475533329	0.0359624685073
PD_Lib_neg_plate1_filtered_1	0.0	0.195982361587	0.0	0.0489955903969	0.0	0.0	0.0	0.244977951984	0.244977951984	0.00979911807937	0.0	0.0489955903969	0.0	0.00979911807937	0.0587947084762	0.0	0.0391964723175	0.0	0.0391964723175	0.0	0.030269397639	0.0	0.0210548478787	0.021616947687	0.0	0.0579642939949	0.0721153846154	0.0125344697919	0.0782574670666	0.0271112918531	0.028559188919	0.0150875075438	0.0158077774265	0.0985707244948	0.0	0.0	0.0	0.0
PD_Lib_neg_plate1_filtered_2	0.146986771191	0.0	0.0	0.195982361587	0.0	0.146986771191	0.0	0.0	0.0	0.0293973542381	0.0	0.0293973542381	0.0	0.137187653111	0.0293973542381	0.0293973542381	0.0293973542381	0.0979911807937	0.0	0.0395256916996	0.0	0.020601565719	0.0315822718181	0.129631630118	0.0333889816361	0.104034215698	0.0	0.0	0.0	0.0135519718119	0.0	0.0301295570955	0.0	0.0329435018943	0.035360678925	0.0377928949358	0.0	0.053447354356
PD_Lib_neg_plate2_filtered_1	0.0	0.0	0.0	0.325732899023	0.0	0.0	0.0	0.651465798046	0.651465798046	0.130293159609	0.0	0.0	0.0	0.0	0.0	0.0	0.0	0.0	0.0	0.0	0.0	0.0	0.0	0.0	0.0	0.0	0.151057401813	0.0	0.0	0.0	0.0	0.0	0.0	0.0968054211036	0.0	0.0	0.0	0.0
PD_Lib_neg_plate2_filtered_2	0.0	0.0	0.0	0.325732899023	0.0	0.325732899023	0.0	0.0	0.0	0.0	0.0	0.130293159609	0.0	0.260586319218	0.0	0.195439739414	0.0	0.0	0.0	0.0	0.0	0.0	0.0	0.21216407355	0.0722543352601	0.147383935151	0.0	0.0	0.0	0.0	0.0	0.0	0.0	0.0962463907603	0.0	0.106269925611	0.228050171038	0.0
PD_Lib_pos_plate1_filtered_1	0.000174526596607	0.110051485346	0.000398917935101	0.13682885174	0.000398917935101	0.000398917935101	0.000623309273595	0.109328446589	0.157996434671	0.0162708652779	2.99188451326e-05	0.0319682860242	0.000154580699852	0.0186045351983	0.0617923881472	0.000199458967551	0.0642257875513	0.000129648328908	0.0353142102048	0.000225136691742	0.0366555883538	9.6965297498e-05	0.0186310097274	0.013079807087	0.000286998215509	0.0452043976341	0.0330620226743	0.0165575147931	0.0322669473368	0.01066922868	0.0181739505676	0.0176845659462	0.017361754835	0.0801067459905	1.96871928183e-05	5.42198752848e-05	0.018250408231	0.0
PD_Lib_pos_plate1_filtered_2	0.0575688445093	0.0192228579977	7.47971128314e-05	0.162284802473	9.97294837753e-05	0.180759689343	7.47971128314e-05	0.00359026141591	2.49323709438e-05	0.0339030380094	0.0161262575265	0.0333545258486	0.00130645623746	0.137028310707	0.0322225962078	0.0300584664099	0.0690776269369	0.0535796651583	0.000204445441739	0.0175255012804	0.000388844878719	0.0304141329851	0.0188358659692	0.100517045094	0.0123433600487	0.128897952762	7.69292481705e-05	0.000128747439115	0.000256956365554	0.0341378988001	0.000113305453433	0.0164591182446	0.00050776249754	0.0507987509183	0.0481598096005	0.0452690171517	0.0464593098703	0.03335834601
PD_Lib_pos_plate2_filtered_1	0.000342620817325	0.110402969521	0.000342620817325	0.135150734711	0.000421687159784	0.000500753502244	0.000948796109514	0.109981282361	0.153836746979	0.0152070931997	3.16265369838e-05	0.0318373805637	0.000168674863914	0.0176317943685	0.0599744563003	0.000231927937881	0.0644706956415	0.000152861595422	0.0339300030941	0.000206036401666	0.0345372206463	6.42434363686e-05	0.0168958446748	0.0131828788465	0.000341540872664	0.0456167448578	0.0319541623051	0.0158964359812	0.0314382238319	0.0112829430331	0.0173118519481	0.0172254633789	0.0161422942606	0.0780163770587	6.60925951971e-06	7.49393434142e-05	0.0168982876003	0.0
PD_Lib_pos_plate2_filtered_2	0.0580610508128	0.0222176422311	5.2710894973e-05	0.161005428695	7.90663424595e-05	0.192315700309	7.90663424595e-05	0.0037161180956	2.63554474865e-05	0.0323275918869	0.0161400760407	0.031162681108	0.00167093537064	0.132314888561	0.0310467171391	0.0294021372159	0.0659307874322	0.0510346885129	0.000316265369838	0.0169692273206	0.000563559218856	0.029896024284	0.0186512655718	0.096311486586	0.0133262260128	0.125227630796	6.7875767887e-05	0.000143517775681	0.000455198250218	0.0322950489937	0.000175751429783	0.0154215623418	0.00064667805919	0.0480045881954	0.0457416959012	0.0440418823034	0.0440316894433	0.0325574544127
