	60	62	64	66	68	70	72	74	76	78	80	82	84	86	88	90	92	94	96	98	100	102	104	106	108	110	112	114	116	118	120	122	124	126	128	130	132	134	136	138	140	142	144	146	148	150
PD_100P_filtered_1	9080.0	9745.0	10129.0	10919.0	11601.0	12140.0	12758.0	13717.0	14329.0	15010.0	16039.0	16327.0	17246.0	17547.0	17920.0	18574.0	18849.0	19795.0	20453.0	21027.0	21791.0	22444.0	22774.0	23386.0	23569.0	24462.0	24789.0	25605.0	25892.0	26258.0	27025.0	27273.0	28520.0	28445.0	15319.0	19575.0	27995.0	29990.0	30544.0	32098.0	33773.0	33114.0	33942.0	35202.0	39435.0	2150317.0
	60	62	64	66	68	70	72	74	76	78	80	82	84	86	88	90	92	94	96	98	100	102	104	106	108	110	112	114	116	118	120	122	124	126	128	130	132	134	136	138	140	142	144	146	148	150
PD_100P_filtered_2	9036.0	9777.0	10261.0	11171.0	11793.0	12466.0	13043.0	14028.0	14505.0	15124.0	16120.0	16361.0	17283.0	17585.0	17931.0	18657.0	18893.0	19748.0	20501.0	21039.0	21740.0	22615.0	22726.0	23408.0	23625.0	24471.0	24879.0	25733.0	25983.0	26201.0	27127.0	27346.0	28601.0	28624.0	15222.0	19800.0	28415.0	30618.0	32032.0	34023.0	36292.0	36152.0	38141.0	41528.0	49691.0	2116427.0
	60	62	64	66	68	70	72	74	76	78	80	82	84	86	88	90	92	94	96	98	100	102	104	106	108	110	112	114	116	118	120	122	124	126	128	130	132	134	136	138	140	142	144	146	148	150
PD_104P_filtered_1	35987.0	38839.0	41195.0	42868.0	44688.0	46605.0	49502.0	50922.0	53051.0	54322.0	56599.0	57657.0	58337.0	59388.0	60313.0	60123.0	60154.0	61638.0	61800.0	61869.0	63124.0	62466.0	62439.0	63502.0	61670.0	62065.0	61796.0	61506.0	61077.0	61024.0	61329.0	60098.0	60187.0	59816.0	30870.0	38634.0	55050.0	57918.0	57901.0	58186.0	58876.0	57225.0	57616.0	57827.0	61453.0	2166126.0
	60	62	64	66	68	70	72	74	76	78	80	82	84	86	88	90	92	94	96	98	100	102	104	106	108	110	112	114	116	118	120	122	124	126	128	130	132	134	136	138	140	142	144	146	148	150
PD_104P_filtered_2	34885.0	38091.0	40571.0	42708.0	44812.0	46691.0	49750.0	51135.0	53075.0	54355.0	56584.0	57628.0	58341.0	59400.0	60413.0	60070.0	60247.0	61681.0	61798.0	61836.0	63084.0	62511.0	62506.0	63561.0	61709.0	62165.0	61737.0	61618.0	60964.0	61012.0	61281.0	60079.0	60183.0	59892.0	30623.0	38584.0	55140.0	58296.0	58711.0	59075.0	60036.0	58565.0	59547.0	61323.0	66269.0	2153096.0
	60	62	64	66	68	70	72	74	76	78	80	82	84	86	88	90	92	94	96	98	100	102	104	106	108	110	112	114	116	118	120	122	124	126	128	130	132	134	136	138	140	142	144	146	148	150
PD_105P_filtered_1	29950.0	31562.0	32336.0	33263.0	33811.0	34604.0	35788.0	36431.0	37202.0	38387.0	39550.0	39641.0	40113.0	39947.0	39407.0	38757.0	39112.0	39752.0	40282.0	40485.0	41131.0	40501.0	39847.0	40518.0	39680.0	40267.0	40024.0	40139.0	39722.0	38985.0	40043.0	39402.0	39581.0	39561.0	19621.0	26450.0	36674.0	38304.0	38716.0	38632.0	39235.0	37566.0	37504.0	37567.0	39342.0	1456265.0
	60	62	64	66	68	70	72	74	76	78	80	82	84	86	88	90	92	94	96	98	100	102	104	106	108	110	112	114	116	118	120	122	124	126	128	130	132	134	136	138	140	142	144	146	148	150
PD_105P_filtered_2	29291.0	31007.0	31969.0	33190.0	33894.0	34601.0	35841.0	36521.0	37218.0	38374.0	39501.0	39664.0	40106.0	39874.0	39493.0	38765.0	38971.0	39722.0	40297.0	40502.0	41152.0	40508.0	39788.0	40570.0	39739.0	40291.0	40051.0	40197.0	39624.0	39052.0	40072.0	39426.0	39620.0	39625.0	19480.0	26498.0	36848.0	38553.0	39225.0	39404.0	39900.0	38633.0	38665.0	39733.0	42389.0	1447813.0
	60	62	64	66	68	70	72	74	76	78	80	82	84	86	88	90	92	94	96	98	100	102	104	106	108	110	112	114	116	118	120	122	124	126	128	130	132	134	136	138	140	142	144	146	148	150
PD_107P_filtered_1	6.0	4.0	9.0	9.0	7.0	12.0	5.0	8.0	3.0	7.0	8.0	10.0	6.0	5.0	9.0	6.0	7.0	8.0	7.0	9.0	18.0	17.0	9.0	7.0	14.0	6.0	6.0	6.0	9.0	9.0	12.0	7.0	7.0	7.0	2.0	2.0	7.0	11.0	14.0	3.0	7.0	14.0	12.0	6.0	12.0	294.0
	60	62	64	66	68	70	72	74	76	78	80	82	84	86	88	90	92	94	96	98	100	102	104	106	108	110	112	114	116	118	120	122	124	126	128	130	132	134	136	138	140	142	144	146	148	150
PD_107P_filtered_2	6.0	4.0	9.0	10.0	7.0	11.0	5.0	6.0	3.0	7.0	9.0	10.0	6.0	5.0	8.0	5.0	8.0	8.0	7.0	10.0	17.0	18.0	8.0	7.0	14.0	6.0	6.0	7.0	10.0	8.0	13.0	7.0	7.0	6.0	2.0	2.0	7.0	10.0	14.0	4.0	11.0	13.0	10.0	4.0	15.0	293.0
	60	62	64	66	68	70	72	74	76	78	80	82	84	86	88	90	92	94	96	98	100	102	104	106	108	110	112	114	116	118	120	122	124	126	128	130	132	134	136	138	140	142	144	146	148	150
PD_108S_filtered_1	34328.0	36789.0	38795.0	40405.0	41075.0	43027.0	45463.0	46572.0	47380.0	49038.0	50967.0	51877.0	52204.0	53347.0	53400.0	54133.0	54373.0	55787.0	56240.0	56146.0	57159.0	57243.0	56845.0	58105.0	56809.0	57657.0	57958.0	57811.0	57937.0	58153.0	58955.0	57902.0	58532.0	59253.0	30171.0	39034.0	55079.0	58415.0	58705.0	60077.0	61858.0	60155.0	60928.0	61753.0	66476.0	2835291.0
	60	62	64	66	68	70	72	74	76	78	80	82	84	86	88	90	92	94	96	98	100	102	104	106	108	110	112	114	116	118	120	122	124	126	128	130	132	134	136	138	140	142	144	146	148	150
PD_108S_filtered_2	33611.0	36333.0	38597.0	40495.0	41386.0	43350.0	45696.0	46954.0	47513.0	49215.0	50998.0	51879.0	52306.0	53452.0	53459.0	54177.0	54342.0	55835.0	56265.0	56154.0	57138.0	57322.0	56804.0	58188.0	56796.0	57664.0	57884.0	57943.0	57909.0	58118.0	58879.0	57837.0	58489.0	59241.0	29902.0	38875.0	55174.0	58961.0	60106.0	61624.0	63927.0	62360.0	63805.0	66471.0	73751.0	2812422.0
	60	62	64	66	68	70	72	74	76	78	80	82	84	86	88	90	92	94	96	98	100	102	104	106	108	110	112	114	116	118	120	122	124	126	128	130	132	134	136	138	140	142	144	146	148	150
PD_109S_filtered_1	34839.0	37193.0	39218.0	41728.0	43004.0	44609.0	47161.0	48441.0	49334.0	51067.0	52850.0	53236.0	53508.0	54346.0	54451.0	54520.0	53913.0	54718.0	54980.0	54692.0	55160.0	54591.0	53913.0	54221.0	53274.0	53621.0	53081.0	52983.0	52411.0	52011.0	52352.0	51244.0	51595.0	51501.0	26144.0	33411.0	47181.0	49520.0	49320.0	50671.0	52136.0	50083.0	51126.0	51639.0	56294.0	2587884.0
	60	62	64	66	68	70	72	74	76	78	80	82	84	86	88	90	92	94	96	98	100	102	104	106	108	110	112	114	116	118	120	122	124	126	128	130	132	134	136	138	140	142	144	146	148	150
PD_109S_filtered_2	34125.0	36851.0	38887.0	41868.0	43287.0	44930.0	47474.0	48768.0	49618.0	51214.0	52948.0	53504.0	53630.0	54416.0	54521.0	54597.0	53977.0	54743.0	55021.0	54759.0	55215.0	54758.0	53959.0	54356.0	53227.0	53716.0	53148.0	52978.0	52441.0	52101.0	52426.0	51250.0	51702.0	51741.0	26064.0	33604.0	47594.0	50272.0	50909.0	52417.0	54568.0	52851.0	54615.0	57363.0	65664.0	2557098.0
	60	62	64	66	68	70	72	74	76	78	80	82	84	86	88	90	92	94	96	98	100	102	104	106	108	110	112	114	116	118	120	122	124	126	128	130	132	134	136	138	140	142	144	146	148	150
PD_10P_filtered_1	28512.0	29563.0	29615.0	30044.0	30270.0	31110.0	31824.0	31716.0	32092.0	32100.0	32814.0	32870.0	32830.0	32652.0	32804.0	32477.0	32233.0	32155.0	32205.0	31739.0	31888.0	31699.0	31146.0	31456.0	30325.0	30482.0	29994.0	30099.0	29489.0	28995.0	29191.0	28438.0	28400.0	28063.0	14331.0	18457.0	25626.0	26326.0	26688.0	26898.0	27737.0	26546.0	27329.0	27496.0	30069.0	1225317.0
	60	62	64	66	68	70	72	74	76	78	80	82	84	86	88	90	92	94	96	98	100	102	104	106	108	110	112	114	116	118	120	122	124	126	128	130	132	134	136	138	140	142	144	146	148	150
PD_10P_filtered_2	27729.0	29144.0	29224.0	29938.0	30443.0	31232.0	31943.0	31921.0	32148.0	32206.0	32838.0	32870.0	32804.0	32646.0	32825.0	32380.0	32271.0	32181.0	32179.0	31825.0	31899.0	31818.0	31209.0	31533.0	30288.0	30542.0	30023.0	30168.0	29547.0	29019.0	29249.0	28518.0	28403.0	28183.0	14235.0	18542.0	25728.0	26760.0	27450.0	27939.0	29012.0	28244.0	29474.0	30928.0	35444.0	1209208.0
	60	62	64	66	68	70	72	74	76	78	80	82	84	86	88	90	92	94	96	98	100	102	104	106	108	110	112	114	116	118	120	122	124	126	128	130	132	134	136	138	140	142	144	146	148	150
PD_110S_filtered_1	32930.0	34750.0	35969.0	37417.0	38418.0	39345.0	41227.0	41679.0	42812.0	43963.0	45128.0	45940.0	46483.0	46456.0	47288.0	47545.0	47555.0	48344.0	48439.0	48321.0	48717.0	49084.0	48279.0	48898.0	47632.0	47695.0	47632.0	46912.0	46663.0	46624.0	46530.0	45296.0	45193.0	45097.0	22095.0	29023.0	41178.0	43053.0	43409.0	43364.0	44348.0	42527.0	43541.0	43605.0	46766.0	1935446.0
	60	62	64	66	68	70	72	74	76	78	80	82	84	86	88	90	92	94	96	98	100	102	104	106	108	110	112	114	116	118	120	122	124	126	128	130	132	134	136	138	140	142	144	146	148	150
PD_110S_filtered_2	32251.0	34261.0	35640.0	37394.0	38681.0	39529.0	41492.0	41983.0	42840.0	44087.0	45222.0	46043.0	46499.0	46557.0	47284.0	47682.0	47498.0	48379.0	48453.0	48388.0	48768.0	49155.0	48330.0	48959.0	47789.0	47786.0	47697.0	46987.0	46641.0	46736.0	46609.0	45362.0	45385.0	45157.0	22092.0	29025.0	41390.0	43662.0	44372.0	44809.0	46074.0	44586.0	46554.0	48211.0	54224.0	1912093.0
	60	62	64	66	68	70	72	74	76	78	80	82	84	86	88	90	92	94	96	98	100	102	104	106	108	110	112	114	116	118	120	122	124	126	128	130	132	134	136	138	140	142	144	146	148	150
PD_111P_filtered_1	23987.0	25835.0	27535.0	28995.0	30246.0	31770.0	33901.0	34745.0	36207.0	37453.0	39392.0	39957.0	41334.0	42189.0	43056.0	44154.0	43997.0	44764.0	45780.0	45780.0	47004.0	46639.0	47240.0	48200.0	47285.0	47800.0	47064.0	47422.0	47213.0	47133.0	48057.0	47273.0	47486.0	47209.0	23756.0	30986.0	43999.0	46853.0	46832.0	47413.0	48752.0	47580.0	47433.0	47926.0	51406.0	2113724.0
	60	62	64	66	68	70	72	74	76	78	80	82	84	86	88	90	92	94	96	98	100	102	104	106	108	110	112	114	116	118	120	122	124	126	128	130	132	134	136	138	140	142	144	146	148	150
PD_111P_filtered_2	23426.0	25432.0	27257.0	29073.0	30351.0	31956.0	34095.0	35026.0	36238.0	37476.0	39443.0	39975.0	41337.0	42243.0	43055.0	44141.0	43986.0	44777.0	45810.0	45727.0	47040.0	46677.0	47247.0	48260.0	47222.0	47849.0	47099.0	47532.0	47271.0	47090.0	48095.0	47403.0	47553.0	47167.0	23566.0	31052.0	44066.0	47321.0	47698.0	48592.0	50173.0	49404.0	49745.0	51424.0	56955.0	2096437.0
	60	62	64	66	68	70	72	74	76	78	80	82	84	86	88	90	92	94	96	98	100	102	104	106	108	110	112	114	116	118	120	122	124	126	128	130	132	134	136	138	140	142	144	146	148	150
PD_112S_filtered_1	97.0	80.0	97.0	87.0	98.0	111.0	107.0	109.0	137.0	115.0	149.0	133.0	136.0	118.0	151.0	117.0	117.0	133.0	127.0	131.0	149.0	141.0	145.0	141.0	161.0	160.0	149.0	119.0	132.0	132.0	134.0	142.0	142.0	141.0	64.0	97.0	162.0	135.0	140.0	131.0	140.0	154.0	148.0	157.0	157.0	5116.0
	60	62	64	66	68	70	72	74	76	78	80	82	84	86	88	90	92	94	96	98	100	102	104	106	108	110	112	114	116	118	120	122	124	126	128	130	132	134	136	138	140	142	144	146	148	150
PD_112S_filtered_2	101.0	78.0	95.0	88.0	99.0	111.0	106.0	108.0	140.0	117.0	151.0	135.0	135.0	123.0	150.0	112.0	116.0	134.0	129.0	130.0	149.0	137.0	147.0	142.0	161.0	156.0	149.0	124.0	131.0	137.0	137.0	141.0	143.0	144.0	64.0	96.0	165.0	147.0	146.0	141.0	140.0	156.0	159.0	159.0	171.0	5039.0
	60	62	64	66	68	70	72	74	76	78	80	82	84	86	88	90	92	94	96	98	100	102	104	106	108	110	112	114	116	118	120	122	124	126	128	130	132	134	136	138	140	142	144	146	148	150
PD_113P_filtered_1	24310.0	25917.0	27304.0	28805.0	29514.0	30573.0	32442.0	33460.0	34583.0	35693.0	36847.0	38021.0	38653.0	39178.0	40394.0	40507.0	41267.0	42161.0	42520.0	42895.0	44651.0	44510.0	44617.0	45622.0	45326.0	46363.0	46321.0	46841.0	47372.0	47975.0	49236.0	48498.0	49594.0	49544.0	26113.0	33816.0	47151.0	50241.0	50953.0	53250.0	55581.0	54942.0	56539.0	56344.0	62942.0	3020196.0
	60	62	64	66	68	70	72	74	76	78	80	82	84	86	88	90	92	94	96	98	100	102	104	106	108	110	112	114	116	118	120	122	124	126	128	130	132	134	136	138	140	142	144	146	148	150
PD_113P_filtered_2	23694.0	25660.0	27065.0	28927.0	29761.0	30854.0	32706.0	33666.0	34649.0	35640.0	36969.0	38126.0	38580.0	39274.0	40401.0	40563.0	41290.0	42151.0	42605.0	42897.0	44523.0	44537.0	44641.0	45696.0	45411.0	46332.0	46210.0	46866.0	47407.0	48108.0	49187.0	48505.0	49748.0	49500.0	26093.0	33962.0	47425.0	51001.0	52478.0	55250.0	58337.0	57894.0	60517.0	62958.0	72785.0	2988733.0
	60	62	64	66	68	70	72	74	76	78	80	82	84	86	88	90	92	94	96	98	100	102	104	106	108	110	112	114	116	118	120	122	124	126	128	130	132	134	136	138	140	142	144	146	148	150
PD_114P_filtered_1	38230.0	39850.0	40912.0	41789.0	42201.0	42881.0	44655.0	45418.0	45689.0	46651.0	47938.0	48271.0	48312.0	47826.0	48517.0	48214.0	48221.0	48229.0	48521.0	47358.0	47801.0	47295.0	46733.0	46665.0	45029.0	45111.0	44162.0	44372.0	43700.0	43248.0	43162.0	41438.0	41660.0	40973.0	20769.0	26113.0	37173.0	38923.0	38211.0	38542.0	38955.0	37647.0	37800.0	37128.0	39328.0	1429928.0
	60	62	64	66	68	70	72	74	76	78	80	82	84	86	88	90	92	94	96	98	100	102	104	106	108	110	112	114	116	118	120	122	124	126	128	130	132	134	136	138	140	142	144	146	148	150
PD_114P_filtered_2	37252.0	39123.0	40465.0	41693.0	42218.0	43053.0	44814.0	45633.0	45714.0	46761.0	47932.0	48347.0	48327.0	48014.0	48507.0	48158.0	48155.0	48377.0	48530.0	47450.0	47757.0	47407.0	46768.0	46658.0	45008.0	45256.0	44336.0	44372.0	43788.0	43261.0	43242.0	41502.0	41605.0	40951.0	20650.0	26050.0	37279.0	39179.0	38875.0	39313.0	40100.0	38893.0	39392.0	39751.0	43291.0	1418342.0
	60	62	64	66	68	70	72	74	76	78	80	82	84	86	88	90	92	94	96	98	100	102	104	106	108	110	112	114	116	118	120	122	124	126	128	130	132	134	136	138	140	142	144	146	148	150
PD_115S_filtered_1	13943.0	14913.0	15864.0	16483.0	17176.0	17927.0	19220.0	20110.0	20965.0	22400.0	23268.0	24063.0	24480.0	25257.0	26029.0	26728.0	27047.0	28233.0	29150.0	29356.0	30373.0	30485.0	30878.0	31739.0	32094.0	33102.0	33990.0	34534.0	35328.0	35807.0	36311.0	36545.0	37075.0	37913.0	19560.0	25467.0	36836.0	39502.0	40050.0	41368.0	43606.0	42804.0	43757.0	44457.0	48671.0	2337193.0
	60	62	64	66	68	70	72	74	76	78	80	82	84	86	88	90	92	94	96	98	100	102	104	106	108	110	112	114	116	118	120	122	124	126	128	130	132	134	136	138	140	142	144	146	148	150
PD_115S_filtered_2	13682.0	14773.0	15758.0	16563.0	17328.0	18007.0	19417.0	20281.0	21056.0	22526.0	23391.0	24152.0	24529.0	25364.0	26085.0	26807.0	27016.0	28172.0	29072.0	29363.0	30378.0	30524.0	30959.0	31826.0	32103.0	33095.0	33958.0	34577.0	35377.0	35784.0	36259.0	36488.0	37072.0	37971.0	19610.0	25475.0	36754.0	39860.0	40860.0	42449.0	44925.0	44358.0	45762.0	48048.0	54285.0	2319958.0
	60	62	64	66	68	70	72	74	76	78	80	82	84	86	88	90	92	94	96	98	100	102	104	106	108	110	112	114	116	118	120	122	124	126	128	130	132	134	136	138	140	142	144	146	148	150
PD_116P_filtered_1	39047.0	41590.0	43824.0	45933.0	47224.0	48969.0	51724.0	52775.0	54578.0	55995.0	58225.0	58892.0	59540.0	60146.0	61415.0	61983.0	61876.0	62763.0	63717.0	63027.0	64564.0	64501.0	64423.0	65441.0	64468.0	65527.0	65247.0	65135.0	65251.0	65206.0	65883.0	65056.0	65094.0	65510.0	33769.0	42251.0	60518.0	64035.0	64391.0	64908.0	67353.0	65423.0	66653.0	67499.0	73791.0	2941223.0
	60	62	64	66	68	70	72	74	76	78	80	82	84	86	88	90	92	94	96	98	100	102	104	106	108	110	112	114	116	118	120	122	124	126	128	130	132	134	136	138	140	142	144	146	148	150
PD_116P_filtered_2	37900.0	40729.0	43219.0	45793.0	47360.0	49053.0	51939.0	53051.0	54703.0	56022.0	58173.0	58998.0	59451.0	60167.0	61463.0	61968.0	61775.0	62799.0	63595.0	62902.0	64557.0	64565.0	64553.0	65364.0	64424.0	65413.0	65163.0	65111.0	65247.0	65053.0	65963.0	65033.0	65221.0	65417.0	33483.0	42066.0	60549.0	64403.0	65248.0	66041.0	68649.0	67037.0	68873.0	71248.0	79546.0	2927076.0
	60	62	64	66	68	70	72	74	76	78	80	82	84	86	88	90	92	94	96	98	100	102	104	106	108	110	112	114	116	118	120	122	124	126	128	130	132	134	136	138	140	142	144	146	148	150
PD_117_filtered_1	22236.0	23804.0	24988.0	26392.0	27222.0	28524.0	29657.0	31511.0	32216.0	33588.0	35286.0	35826.0	36356.0	36491.0	37853.0	38092.0	38960.0	39879.0	40365.0	40709.0	41957.0	41744.0	42501.0	42611.0	42423.0	42782.0	42708.0	43045.0	42747.0	43178.0	43711.0	43138.0	44092.0	44421.0	23001.0	29760.0	42508.0	44521.0	44841.0	45807.0	47487.0	46690.0	47323.0	48750.0	51793.0	2308248.0
	60	62	64	66	68	70	72	74	76	78	80	82	84	86	88	90	92	94	96	98	100	102	104	106	108	110	112	114	116	118	120	122	124	126	128	130	132	134	136	138	140	142	144	146	148	150
PD_117_filtered_2	21957.0	23627.0	24881.0	26534.0	27463.0	28861.0	29951.0	31720.0	32320.0	33760.0	35479.0	35904.0	36403.0	36515.0	37928.0	38117.0	38889.0	39891.0	40381.0	40726.0	42003.0	41819.0	42475.0	42623.0	42432.0	42813.0	42762.0	43036.0	42721.0	43218.0	43780.0	43093.0	44219.0	44292.0	22883.0	29774.0	42663.0	44869.0	45997.0	47272.0	49449.0	48692.0	50139.0	53081.0	58724.0	2285606.0
	60	62	64	66	68	70	72	74	76	78	80	82	84	86	88	90	92	94	96	98	100	102	104	106	108	110	112	114	116	118	120	122	124	126	128	130	132	134	136	138	140	142	144	146	148	150
PD_118_filtered_1	27146.0	28113.0	29375.0	29629.0	30465.0	31036.0	32160.0	32767.0	33431.0	34781.0	35817.0	36236.0	36007.0	35911.0	35480.0	35693.0	34904.0	35506.0	35600.0	35466.0	36095.0	35506.0	34739.0	35219.0	33722.0	33899.0	33977.0	35329.0	34958.0	35132.0	35672.0	34790.0	35905.0	36411.0	17886.0	24233.0	34591.0	36725.0	36410.0	37351.0	39372.0	37695.0	37467.0	38585.0	42413.0	2522764.0
	60	62	64	66	68	70	72	74	76	78	80	82	84	86	88	90	92	94	96	98	100	102	104	106	108	110	112	114	116	118	120	122	124	126	128	130	132	134	136	138	140	142	144	146	148	150
PD_118_filtered_2	27047.0	28260.0	29561.0	30136.0	30894.0	31423.0	32604.0	33129.0	33770.0	35205.0	36003.0	36428.0	36248.0	36120.0	35738.0	35826.0	35040.0	35616.0	35677.0	35574.0	36231.0	35621.0	34890.0	35350.0	33819.0	34092.0	34061.0	35475.0	35078.0	35195.0	35887.0	34903.0	36132.0	36670.0	18000.0	24494.0	35279.0	37859.0	38434.0	39776.0	42469.0	41254.0	42354.0	46065.0	54310.0	2478372.0
	60	62	64	66	68	70	72	74	76	78	80	82	84	86	88	90	92	94	96	98	100	102	104	106	108	110	112	114	116	118	120	122	124	126	128	130	132	134	136	138	140	142	144	146	148	150
PD_119P_filtered_1	34848.0	37040.0	38744.0	40273.0	41210.0	42454.0	45120.0	45710.0	46471.0	47560.0	49108.0	49519.0	49892.0	50429.0	50884.0	51139.0	51613.0	51529.0	51527.0	51296.0	52427.0	51761.0	51539.0	51697.0	50405.0	51085.0	49997.0	49986.0	49103.0	48943.0	49580.0	48164.0	47799.0	47212.0	24027.0	30668.0	43135.0	45159.0	45116.0	45172.0	46117.0	44843.0	45073.0	45167.0	48046.0	1875250.0
	60	62	64	66	68	70	72	74	76	78	80	82	84	86	88	90	92	94	96	98	100	102	104	106	108	110	112	114	116	118	120	122	124	126	128	130	132	134	136	138	140	142	144	146	148	150
PD_119P_filtered_2	34182.0	36560.0	38374.0	40390.0	41418.0	42680.0	45447.0	46100.0	46638.0	47773.0	49265.0	49583.0	50105.0	50535.0	51035.0	51186.0	51561.0	51429.0	51592.0	51415.0	52533.0	51927.0	51624.0	51818.0	50487.0	51264.0	50110.0	50022.0	49302.0	48979.0	49749.0	48194.0	47966.0	47359.0	23972.0	30786.0	43201.0	45833.0	46396.0	46688.0	48222.0	47187.0	48030.0	50113.0	56191.0	1848616.0
	60	62	64	66	68	70	72	74	76	78	80	82	84	86	88	90	92	94	96	98	100	102	104	106	108	110	112	114	116	118	120	122	124	126	128	130	132	134	136	138	140	142	144	146	148	150
PD_11P_filtered_1	38129.0	39827.0	41194.0	42145.0	43251.0	43700.0	45132.0	45685.0	46022.0	46962.0	48163.0	48464.0	47912.0	48613.0	48347.0	48472.0	48612.0	48010.0	48833.0	47370.0	48430.0	47830.0	46987.0	47532.0	46688.0	46618.0	46101.0	45668.0	45231.0	44617.0	44745.0	43407.0	43957.0	43403.0	21520.0	27964.0	39622.0	41767.0	41416.0	41977.0	42982.0	41584.0	42505.0	42847.0	45939.0	1939979.0
	60	62	64	66	68	70	72	74	76	78	80	82	84	86	88	90	92	94	96	98	100	102	104	106	108	110	112	114	116	118	120	122	124	126	128	130	132	134	136	138	140	142	144	146	148	150
PD_11P_filtered_2	37317.0	39326.0	40861.0	42176.0	43438.0	44002.0	45378.0	46012.0	46089.0	47081.0	48127.0	48519.0	48074.0	48667.0	48408.0	48535.0	48568.0	48049.0	48953.0	47452.0	48446.0	47968.0	47104.0	47637.0	46733.0	46745.0	46226.0	45775.0	45321.0	44745.0	44750.0	43562.0	44021.0	43553.0	21466.0	27898.0	39866.0	42579.0	42767.0	43740.0	45194.0	44302.0	46047.0	48131.0	54855.0	1911696.0
	60	62	64	66	68	70	72	74	76	78	80	82	84	86	88	90	92	94	96	98	100	102	104	106	108	110	112	114	116	118	120	122	124	126	128	130	132	134	136	138	140	142	144	146	148	150
PD_120S_filtered_1	27263.0	29093.0	31281.0	31876.0	33061.0	33973.0	36114.0	37175.0	37986.0	38961.0	39915.0	40339.0	41086.0	41071.0	41866.0	41851.0	41770.0	42270.0	42126.0	41771.0	42376.0	42162.0	41561.0	42175.0	41278.0	41225.0	40287.0	40335.0	39958.0	39711.0	39596.0	38582.0	38212.0	38142.0	19559.0	24830.0	34630.0	36113.0	35924.0	36247.0	37060.0	35793.0	36264.0	36762.0	39385.0	1553187.0
	60	62	64	66	68	70	72	74	76	78	80	82	84	86	88	90	92	94	96	98	100	102	104	106	108	110	112	114	116	118	120	122	124	126	128	130	132	134	136	138	140	142	144	146	148	150
PD_120S_filtered_2	26653.0	28738.0	30979.0	31955.0	33312.0	34167.0	36330.0	37395.0	38100.0	39021.0	39961.0	40304.0	41179.0	41104.0	41842.0	41944.0	41769.0	42304.0	42219.0	41770.0	42467.0	42257.0	41738.0	42237.0	41336.0	41380.0	40222.0	40523.0	39979.0	39975.0	39544.0	38619.0	38320.0	38274.0	19517.0	24882.0	34917.0	36592.0	36931.0	37476.0	38666.0	37903.0	38954.0	41246.0	46577.0	1530624.0
	60	62	64	66	68	70	72	74	76	78	80	82	84	86	88	90	92	94	96	98	100	102	104	106	108	110	112	114	116	118	120	122	124	126	128	130	132	134	136	138	140	142	144	146	148	150
PD_121S_filtered_1	36763.0	38735.0	40493.0	41330.0	42896.0	43642.0	46363.0	46594.0	47721.0	49025.0	50224.0	51407.0	51865.0	51823.0	53244.0	53724.0	53793.0	54426.0	55173.0	54620.0	56142.0	56044.0	55943.0	57121.0	56560.0	57398.0	57150.0	57383.0	57671.0	57607.0	58457.0	57381.0	58126.0	58351.0	30204.0	39724.0	55049.0	57813.0	58824.0	59739.0	62829.0	60695.0	62526.0	63284.0	70064.0	3236141.0
	60	62	64	66	68	70	72	74	76	78	80	82	84	86	88	90	92	94	96	98	100	102	104	106	108	110	112	114	116	118	120	122	124	126	128	130	132	134	136	138	140	142	144	146	148	150
PD_121S_filtered_2	35796.0	38130.0	40044.0	41385.0	43239.0	43983.0	46599.0	46918.0	47833.0	49175.0	50314.0	51535.0	51909.0	51984.0	53205.0	53725.0	53846.0	54277.0	55289.0	54801.0	56216.0	55998.0	55971.0	57205.0	56649.0	57465.0	57129.0	57489.0	57797.0	57662.0	58546.0	57477.0	58248.0	58471.0	30079.0	39902.0	55357.0	58753.0	60707.0	61985.0	65932.0	63961.0	67085.0	70085.0	80769.0	3201162.0
	60	62	64	66	68	70	72	74	76	78	80	82	84	86	88	90	92	94	96	98	100	102	104	106	108	110	112	114	116	118	120	122	124	126	128	130	132	134	136	138	140	142	144	146	148	150
PD_122S_filtered_1	34815.0	37337.0	39232.0	40871.0	43132.0	44541.0	46837.0	47794.0	49568.0	50702.0	51870.0	52943.0	53386.0	53679.0	55277.0	55235.0	55063.0	55622.0	56088.0	55169.0	56422.0	56094.0	56284.0	56674.0	55134.0	56052.0	54165.0	54540.0	54595.0	54077.0	54543.0	52944.0	54077.0	53928.0	26614.0	35441.0	49693.0	52043.0	51699.0	52563.0	53870.0	51900.0	52645.0	52963.0	56868.0	2142884.0
	60	62	64	66	68	70	72	74	76	78	80	82	84	86	88	90	92	94	96	98	100	102	104	106	108	110	112	114	116	118	120	122	124	126	128	130	132	134	136	138	140	142	144	146	148	150
PD_122S_filtered_2	33823.0	36681.0	38690.0	40705.0	43221.0	44672.0	46829.0	47991.0	49569.0	50708.0	51903.0	52906.0	53357.0	53788.0	55281.0	55152.0	54905.0	55545.0	55970.0	55166.0	56528.0	56056.0	56401.0	56701.0	55123.0	56021.0	54188.0	54609.0	54574.0	53971.0	54617.0	52762.0	54045.0	53967.0	26413.0	35312.0	49577.0	52239.0	52443.0	53353.0	54964.0	52931.0	54283.0	55761.0	61092.0	2133080.0
	60	62	64	66	68	70	72	74	76	78	80	82	84	86	88	90	92	94	96	98	100	102	104	106	108	110	112	114	116	118	120	122	124	126	128	130	132	134	136	138	140	142	144	146	148	150
PD_123P_filtered_1	30002.0	31715.0	33754.0	35064.0	36318.0	38078.0	40059.0	41400.0	42507.0	43555.0	45298.0	46280.0	46594.0	47780.0	48731.0	49107.0	49315.0	50744.0	50544.0	50654.0	51973.0	52314.0	52639.0	53363.0	52970.0	53690.0	54037.0	53888.0	53969.0	54118.0	55367.0	54146.0	55174.0	55620.0	28953.0	37212.0	52653.0	55229.0	55923.0	57196.0	59578.0	58852.0	60909.0	61761.0	68112.0	2924078.0
	60	62	64	66	68	70	72	74	76	78	80	82	84	86	88	90	92	94	96	98	100	102	104	106	108	110	112	114	116	118	120	122	124	126	128	130	132	134	136	138	140	142	144	146	148	150
PD_123P_filtered_2	29233.0	31264.0	33398.0	35234.0	36644.0	38240.0	40396.0	41667.0	42593.0	43791.0	45408.0	46098.0	46665.0	47828.0	48790.0	49065.0	49271.0	50804.0	50506.0	50750.0	52004.0	52308.0	52532.0	53502.0	52983.0	53760.0	54021.0	53983.0	54051.0	54028.0	55356.0	54236.0	55195.0	55749.0	28831.0	37245.0	52840.0	55990.0	57448.0	59176.0	62117.0	62067.0	64942.0	68347.0	78191.0	2892676.0
	60	62	64	66	68	70	72	74	76	78	80	82	84	86	88	90	92	94	96	98	100	102	104	106	108	110	112	114	116	118	120	122	124	126	128	130	132	134	136	138	140	142	144	146	148	150
PD_126P_filtered_1	45035.0	47454.0	49407.0	50759.0	52159.0	54148.0	56188.0	57444.0	58554.0	60373.0	62215.0	62451.0	63326.0	64093.0	65161.0	65366.0	65496.0	65859.0	66526.0	65534.0	66828.0	65821.0	66227.0	66589.0	65547.0	66085.0	64731.0	64806.0	64704.0	64004.0	64722.0	62855.0	62829.0	62914.0	31929.0	41517.0	57704.0	60973.0	60594.0	61118.0	62830.0	61040.0	61074.0	61080.0	64780.0	2463947.0
	60	62	64	66	68	70	72	74	76	78	80	82	84	86	88	90	92	94	96	98	100	102	104	106	108	110	112	114	116	118	120	122	124	126	128	130	132	134	136	138	140	142	144	146	148	150
PD_126P_filtered_2	43879.0	46722.0	48764.0	50807.0	52388.0	54382.0	56397.0	57791.0	58603.0	60516.0	62226.0	62474.0	63543.0	64180.0	65450.0	65569.0	65525.0	65850.0	66724.0	65658.0	66986.0	65841.0	66468.0	66786.0	65672.0	66327.0	64790.0	65001.0	64887.0	63979.0	64866.0	62912.0	62941.0	62993.0	31774.0	41637.0	58032.0	61784.0	62110.0	62947.0	65103.0	63832.0	64604.0	66597.0	73543.0	2434936.0
	60	62	64	66	68	70	72	74	76	78	80	82	84	86	88	90	92	94	96	98	100	102	104	106	108	110	112	114	116	118	120	122	124	126	128	130	132	134	136	138	140	142	144	146	148	150
PD_127S_filtered_1	30488.0	32948.0	34694.0	36032.0	37054.0	38826.0	40934.0	42313.0	43617.0	44763.0	46582.0	47429.0	47780.0	48175.0	49848.0	49715.0	49825.0	50370.0	51402.0	51440.0	52650.0	52542.0	51957.0	52843.0	52064.0	53018.0	52385.0	52291.0	52700.0	52698.0	53270.0	52076.0	52933.0	52833.0	27208.0	35631.0	49697.0	52902.0	53088.0	54788.0	57625.0	56670.0	57719.0	58501.0	64823.0	3145266.0
	60	62	64	66	68	70	72	74	76	78	80	82	84	86	88	90	92	94	96	98	100	102	104	106	108	110	112	114	116	118	120	122	124	126	128	130	132	134	136	138	140	142	144	146	148	150
PD_127S_filtered_2	29472.0	32255.0	34123.0	36193.0	37259.0	38950.0	41095.0	42615.0	43699.0	44835.0	46601.0	47397.0	47776.0	48120.0	49954.0	49700.0	49793.0	50350.0	51291.0	51380.0	52603.0	52584.0	51958.0	52813.0	52119.0	53117.0	52445.0	52248.0	52704.0	52780.0	53323.0	52244.0	53006.0	53105.0	26980.0	35462.0	50046.0	53782.0	54722.0	56960.0	60316.0	59719.0	61766.0	65267.0	75270.0	3114216.0
	60	62	64	66	68	70	72	74	76	78	80	82	84	86	88	90	92	94	96	98	100	102	104	106	108	110	112	114	116	118	120	122	124	126	128	130	132	134	136	138	140	142	144	146	148	150
PD_128S_filtered_1	35131.0	37057.0	39079.0	40526.0	42051.0	42918.0	44998.0	46015.0	47053.0	47879.0	49420.0	50083.0	50355.0	50738.0	52350.0	52234.0	52315.0	53126.0	53192.0	53185.0	54004.0	53541.0	53569.0	54414.0	53293.0	54159.0	52958.0	53260.0	53321.0	53451.0	53807.0	52481.0	53321.0	53096.0	26864.0	34810.0	49635.0	52129.0	52387.0	52972.0	54790.0	52854.0	53972.0	54367.0	58981.0	2560565.0
	60	62	64	66	68	70	72	74	76	78	80	82	84	86	88	90	92	94	96	98	100	102	104	106	108	110	112	114	116	118	120	122	124	126	128	130	132	134	136	138	140	142	144	146	148	150
PD_128S_filtered_2	34368.0	36702.0	38826.0	40791.0	42402.0	43303.0	45380.0	46382.0	47373.0	48096.0	49631.0	50154.0	50486.0	50882.0	52530.0	52402.0	52201.0	53184.0	53359.0	53178.0	54160.0	53764.0	53652.0	54513.0	53378.0	54211.0	53077.0	53358.0	53393.0	53509.0	54037.0	52521.0	53485.0	53191.0	26717.0	34922.0	49859.0	52877.0	54144.0	55003.0	57259.0	55973.0	57939.0	60523.0	68840.0	2526771.0
	60	62	64	66	68	70	72	74	76	78	80	82	84	86	88	90	92	94	96	98	100	102	104	106	108	110	112	114	116	118	120	122	124	126	128	130	132	134	136	138	140	142	144	146	148	150
PD_129P_filtered_1	31844.0	32834.0	33293.0	33394.0	33547.0	34024.0	34795.0	35412.0	35399.0	36310.0	37296.0	37471.0	37903.0	37611.0	37895.0	37671.0	37973.0	38465.0	38150.0	38196.0	38345.0	37607.0	36940.0	37406.0	36058.0	36033.0	35067.0	35458.0	35205.0	34773.0	34611.0	33624.0	33875.0	33511.0	16834.0	22296.0	30986.0	32006.0	31824.0	32019.0	32652.0	31730.0	31696.0	31721.0	33993.0	1312886.0
	60	62	64	66	68	70	72	74	76	78	80	82	84	86	88	90	92	94	96	98	100	102	104	106	108	110	112	114	116	118	120	122	124	126	128	130	132	134	136	138	140	142	144	146	148	150
PD_129P_filtered_2	31090.0	32485.0	32910.0	33438.0	33718.0	34225.0	35039.0	35673.0	35504.0	36363.0	37450.0	37532.0	37872.0	37740.0	37867.0	37733.0	38099.0	38433.0	38113.0	38256.0	38407.0	37612.0	36942.0	37492.0	36095.0	36035.0	35125.0	35571.0	35289.0	34901.0	34675.0	33645.0	34016.0	33608.0	16782.0	22284.0	31171.0	32476.0	32716.0	33271.0	34144.0	33442.0	33935.0	35107.0	39084.0	1295274.0
	60	62	64	66	68	70	72	74	76	78	80	82	84	86	88	90	92	94	96	98	100	102	104	106	108	110	112	114	116	118	120	122	124	126	128	130	132	134	136	138	140	142	144	146	148	150
PD_12P_filtered_1	32400.0	33719.0	34515.0	35138.0	35346.0	35916.0	37151.0	37560.0	37630.0	38029.0	39009.0	39090.0	39109.0	39234.0	39574.0	39236.0	38785.0	39097.0	38827.0	38389.0	39328.0	38869.0	38299.0	38638.0	38127.0	37983.0	37727.0	37268.0	36909.0	36050.0	36616.0	35588.0	35855.0	35548.0	18270.0	23080.0	32864.0	34186.0	34188.0	34970.0	34967.0	34124.0	33820.0	33983.0	36263.0	1353494.0
	60	62	64	66	68	70	72	74	76	78	80	82	84	86	88	90	92	94	96	98	100	102	104	106	108	110	112	114	116	118	120	122	124	126	128	130	132	134	136	138	140	142	144	146	148	150
PD_12P_filtered_2	31660.0	33178.0	34182.0	35087.0	35502.0	36083.0	37309.0	37711.0	37740.0	38117.0	39167.0	39159.0	39081.0	39335.0	39598.0	39268.0	38797.0	39167.0	38876.0	38386.0	39445.0	38939.0	38264.0	38682.0	38054.0	37951.0	37769.0	37197.0	36965.0	36073.0	36645.0	35587.0	35866.0	35529.0	18184.0	22992.0	32877.0	34481.0	34836.0	35745.0	35806.0	35243.0	35418.0	36470.0	39971.0	1342376.0
	60	62	64	66	68	70	72	74	76	78	80	82	84	86	88	90	92	94	96	98	100	102	104	106	108	110	112	114	116	118	120	122	124	126	128	130	132	134	136	138	140	142	144	146	148	150
PD_130S_filtered_1	18925.0	20265.0	21861.0	23163.0	24114.0	24845.0	26152.0	27459.0	28268.0	29390.0	30754.0	31416.0	32154.0	32543.0	33133.0	32999.0	32576.0	33818.0	34715.0	34581.0	35564.0	35582.0	35588.0	36256.0	35352.0	36597.0	35759.0	35712.0	35372.0	35516.0	36602.0	35832.0	36837.0	37443.0	18791.0	24252.0	35497.0	38076.0	38229.0	38936.0	40705.0	39602.0	39943.0	40637.0	43981.0	2172833.0
	60	62	64	66	68	70	72	74	76	78	80	82	84	86	88	90	92	94	96	98	100	102	104	106	108	110	112	114	116	118	120	122	124	126	128	130	132	134	136	138	140	142	144	146	148	150
PD_130S_filtered_2	18747.0	20226.0	21787.0	23437.0	24447.0	25164.0	26443.0	27734.0	28432.0	29551.0	30952.0	31510.0	32339.0	32660.0	33210.0	33040.0	32707.0	33898.0	34777.0	34674.0	35520.0	35614.0	35648.0	36340.0	35385.0	36672.0	35805.0	35806.0	35443.0	35512.0	36656.0	35937.0	36882.0	37620.0	18777.0	24286.0	35776.0	38734.0	39540.0	40593.0	42909.0	42187.0	43198.0	45843.0	52371.0	2143836.0
	60	62	64	66	68	70	72	74	76	78	80	82	84	86	88	90	92	94	96	98	100	102	104	106	108	110	112	114	116	118	120	122	124	126	128	130	132	134	136	138	140	142	144	146	148	150
PD_131P_filtered_1	41381.0	43787.0	45575.0	46613.0	48176.0	49263.0	51175.0	51969.0	52948.0	53902.0	54500.0	55363.0	55404.0	55000.0	55442.0	55118.0	54971.0	55193.0	54871.0	53818.0	53874.0	53829.0	52898.0	52988.0	50968.0	50921.0	49919.0	49237.0	48933.0	48036.0	48755.0	46534.0	46890.0	46050.0	23610.0	29901.0	42408.0	43555.0	43489.0	43714.0	44013.0	42724.0	43087.0	43150.0	45627.0	1754322.0
	60	62	64	66	68	70	72	74	76	78	80	82	84	86	88	90	92	94	96	98	100	102	104	106	108	110	112	114	116	118	120	122	124	126	128	130	132	134	136	138	140	142	144	146	148	150
PD_131P_filtered_2	40492.0	43233.0	45084.0	46587.0	48516.0	49460.0	51497.0	52261.0	53079.0	54041.0	54681.0	55393.0	55562.0	55032.0	55415.0	55115.0	55059.0	55264.0	54921.0	53874.0	53856.0	53858.0	52911.0	53087.0	51034.0	50943.0	49928.0	49319.0	49053.0	48030.0	48659.0	46584.0	47008.0	46168.0	23438.0	29867.0	42540.0	44040.0	44524.0	44977.0	45659.0	44763.0	45816.0	47239.0	52726.0	1733308.0
	60	62	64	66	68	70	72	74	76	78	80	82	84	86	88	90	92	94	96	98	100	102	104	106	108	110	112	114	116	118	120	122	124	126	128	130	132	134	136	138	140	142	144	146	148	150
PD_134S_filtered_1	46349.0	48453.0	50966.0	52184.0	54328.0	55191.0	57892.0	59207.0	60745.0	61466.0	63634.0	64058.0	64376.0	65185.0	65728.0	65676.0	65600.0	67003.0	67201.0	66405.0	67653.0	66763.0	67657.0	67853.0	66374.0	67105.0	67034.0	67031.0	65877.0	65902.0	66865.0	65388.0	65751.0	66290.0	33728.0	43568.0	61007.0	64283.0	64574.0	65881.0	68064.0	65673.0	67497.0	68331.0	73325.0	3246874.0
	60	62	64	66	68	70	72	74	76	78	80	82	84	86	88	90	92	94	96	98	100	102	104	106	108	110	112	114	116	118	120	122	124	126	128	130	132	134	136	138	140	142	144	146	148	150
PD_134S_filtered_2	45590.0	47995.0	50612.0	52513.0	54860.0	55759.0	58421.0	59774.0	61057.0	61622.0	63854.0	64249.0	64497.0	65352.0	65870.0	65819.0	65719.0	67014.0	67199.0	66410.0	67701.0	66867.0	67808.0	67970.0	66498.0	67149.0	67008.0	67083.0	66079.0	66101.0	66993.0	65304.0	65908.0	66437.0	33576.0	43574.0	61503.0	65227.0	66583.0	68702.0	71571.0	69758.0	72958.0	76677.0	87176.0	3201598.0
	60	62	64	66	68	70	72	74	76	78	80	82	84	86	88	90	92	94	96	98	100	102	104	106	108	110	112	114	116	118	120	122	124	126	128	130	132	134	136	138	140	142	144	146	148	150
PD_137P_filtered_1	24743.0	26601.0	28414.0	29854.0	31009.0	32240.0	34054.0	35730.0	36437.0	37794.0	39154.0	40140.0	41162.0	41455.0	42771.0	43360.0	43587.0	44619.0	44668.0	44602.0	45643.0	46171.0	46312.0	47539.0	46817.0	47223.0	47565.0	48152.0	48268.0	48319.0	48906.0	48281.0	48956.0	48877.0	26022.0	32434.0	45849.0	48961.0	49409.0	50789.0	53175.0	51843.0	53263.0	54705.0	60357.0	2807577.0
	60	62	64	66	68	70	72	74	76	78	80	82	84	86	88	90	92	94	96	98	100	102	104	106	108	110	112	114	116	118	120	122	124	126	128	130	132	134	136	138	140	142	144	146	148	150
PD_137P_filtered_2	23989.0	26143.0	27989.0	29927.0	31298.0	32489.0	34364.0	36022.0	36592.0	37895.0	39289.0	40257.0	41265.0	41511.0	42800.0	43452.0	43653.0	44693.0	44631.0	44632.0	45689.0	46216.0	46425.0	47469.0	46798.0	47345.0	47565.0	48209.0	48321.0	48399.0	48890.0	48316.0	49056.0	48940.0	25972.0	32400.0	45962.0	49508.0	50530.0	52536.0	55186.0	54119.0	56407.0	59957.0	68296.0	2782405.0
	60	62	64	66	68	70	72	74	76	78	80	82	84	86	88	90	92	94	96	98	100	102	104	106	108	110	112	114	116	118	120	122	124	126	128	130	132	134	136	138	140	142	144	146	148	150
PD_138S_filtered_1	32780.0	34860.0	35588.0	36576.0	36706.0	37782.0	38595.0	39065.0	39367.0	39726.0	40882.0	41329.0	40915.0	40788.0	41491.0	41067.0	40711.0	40823.0	40940.0	40180.0	40602.0	39995.0	39177.0	39293.0	38249.0	38229.0	36936.0	36111.0	35305.0	35091.0	35448.0	34945.0	35262.0	36012.0	18083.0	22862.0	33734.0	35504.0	35341.0	35673.0	36363.0	34885.0	34394.0	34497.0	36189.0	1510606.0
	60	62	64	66	68	70	72	74	76	78	80	82	84	86	88	90	92	94	96	98	100	102	104	106	108	110	112	114	116	118	120	122	124	126	128	130	132	134	136	138	140	142	144	146	148	150
PD_138S_filtered_2	32387.0	34622.0	35432.0	36646.0	36942.0	37960.0	38740.0	39327.0	39494.0	39851.0	40978.0	41419.0	41067.0	40912.0	41576.0	41126.0	40723.0	40839.0	40924.0	40196.0	40644.0	40067.0	39237.0	39311.0	38273.0	38309.0	36959.0	36179.0	35336.0	35088.0	35413.0	34974.0	35240.0	36023.0	18092.0	22778.0	33808.0	35800.0	35915.0	36417.0	37352.0	35847.0	35631.0	36800.0	39396.0	1498907.0
	60	62	64	66	68	70	72	74	76	78	80	82	84	86	88	90	92	94	96	98	100	102	104	106	108	110	112	114	116	118	120	122	124	126	128	130	132	134	136	138	140	142	144	146	148	150
PD_13P_filtered_1	35194.0	36921.0	38518.0	39226.0	40020.0	41218.0	43110.0	43583.0	44437.0	45361.0	46200.0	46631.0	47020.0	47077.0	47397.0	47860.0	47372.0	47819.0	48207.0	47439.0	48501.0	47722.0	47750.0	48266.0	46887.0	47500.0	46497.0	46623.0	46290.0	45632.0	46119.0	45220.0	44922.0	44504.0	22916.0	28538.0	41077.0	42725.0	42828.0	43711.0	44915.0	43465.0	44005.0	44196.0	47301.0	1987702.0
	60	62	64	66	68	70	72	74	76	78	80	82	84	86	88	90	92	94	96	98	100	102	104	106	108	110	112	114	116	118	120	122	124	126	128	130	132	134	136	138	140	142	144	146	148	150
PD_13P_filtered_2	34478.0	36568.0	38179.0	39371.0	40238.0	41359.0	43398.0	43955.0	44649.0	45492.0	46301.0	46711.0	47232.0	47252.0	47480.0	47894.0	47479.0	47834.0	48240.0	47459.0	48586.0	47715.0	47797.0	48313.0	46948.0	47462.0	46558.0	46725.0	46279.0	45644.0	46170.0	45130.0	45119.0	44601.0	23001.0	28535.0	41306.0	43204.0	44023.0	45205.0	46812.0	45620.0	47056.0	49129.0	55198.0	1962717.0
	60	62	64	66	68	70	72	74	76	78	80	82	84	86	88	90	92	94	96	98	100	102	104	106	108	110	112	114	116	118	120	122	124	126	128	130	132	134	136	138	140	142	144	146	148	150
PD_140S_filtered_1	36632.0	39001.0	41327.0	43214.0	44426.0	46099.0	48901.0	50098.0	51600.0	53261.0	55506.0	56072.0	57342.0	58057.0	59682.0	59547.0	60089.0	61799.0	62230.0	61971.0	63631.0	63460.0	64469.0	64484.0	64400.0	65319.0	65441.0	65289.0	65794.0	66166.0	67348.0	65845.0	66486.0	67744.0	34840.0	44938.0	62951.0	66902.0	67902.0	69299.0	73032.0	70959.0	73051.0	74451.0	82133.0	3686801.0
	60	62	64	66	68	70	72	74	76	78	80	82	84	86	88	90	92	94	96	98	100	102	104	106	108	110	112	114	116	118	120	122	124	126	128	130	132	134	136	138	140	142	144	146	148	150
PD_140S_filtered_2	35463.0	38277.0	40731.0	43279.0	44585.0	46281.0	49163.0	50453.0	51657.0	53228.0	55409.0	56131.0	57362.0	58078.0	59685.0	59607.0	59997.0	61671.0	62185.0	61968.0	63688.0	63382.0	64422.0	64556.0	64429.0	65328.0	65380.0	65214.0	65728.0	66005.0	67288.0	65751.0	66648.0	67749.0	34586.0	44725.0	63024.0	67498.0	69343.0	71481.0	75343.0	73882.0	76951.0	81523.0	93054.0	3657801.0
	60	62	64	66	68	70	72	74	76	78	80	82	84	86	88	90	92	94	96	98	100	102	104	106	108	110	112	114	116	118	120	122	124	126	128	130	132	134	136	138	140	142	144	146	148	150
PD_141P_filtered_1	32849.0	34751.0	36580.0	38486.0	39848.0	41049.0	43500.0	44655.0	45680.0	46772.0	49163.0	49636.0	50459.0	51539.0	52348.0	52877.0	53230.0	54426.0	54884.0	54911.0	55858.0	56027.0	56607.0	57953.0	57101.0	57861.0	58133.0	58150.0	58831.0	59345.0	59731.0	59238.0	59888.0	60495.0	31536.0	40188.0	57057.0	60422.0	60625.0	61843.0	65916.0	64251.0	65513.0	67555.0	74734.0	3579106.0
	60	62	64	66	68	70	72	74	76	78	80	82	84	86	88	90	92	94	96	98	100	102	104	106	108	110	112	114	116	118	120	122	124	126	128	130	132	134	136	138	140	142	144	146	148	150
PD_141P_filtered_2	32058.0	34322.0	36052.0	38564.0	40117.0	41293.0	43783.0	45051.0	45869.0	46820.0	49112.0	49701.0	50560.0	51581.0	52321.0	52799.0	53010.0	54456.0	54873.0	54790.0	55879.0	56090.0	56648.0	57895.0	57210.0	57920.0	58155.0	58190.0	58757.0	59315.0	59796.0	59192.0	59862.0	60506.0	31320.0	40089.0	57111.0	61040.0	62126.0	63897.0	68264.0	67166.0	69537.0	74097.0	85215.0	3549198.0
	60	62	64	66	68	70	72	74	76	78	80	82	84	86	88	90	92	94	96	98	100	102	104	106	108	110	112	114	116	118	120	122	124	126	128	130	132	134	136	138	140	142	144	146	148	150
PD_142S_filtered_1	17591.0	18673.0	19568.0	20035.0	20855.0	21853.0	23058.0	23652.0	24414.0	25460.0	26310.0	26831.0	27712.0	28257.0	28391.0	29187.0	29719.0	30344.0	31262.0	31117.0	32379.0	32321.0	32195.0	32810.0	32291.0	33315.0	33493.0	33867.0	34292.0	34415.0	35542.0	34779.0	35458.0	35871.0	18347.0	23169.0	33481.0	36037.0	36666.0	37457.0	39880.0	38613.0	39895.0	41431.0	46388.0	2768416.0
	60	62	64	66	68	70	72	74	76	78	80	82	84	86	88	90	92	94	96	98	100	102	104	106	108	110	112	114	116	118	120	122	124	126	128	130	132	134	136	138	140	142	144	146	148	150
PD_142S_filtered_2	17357.0	18718.0	19629.0	20339.0	21224.0	22209.0	23495.0	24072.0	24732.0	25674.0	26535.0	26996.0	27866.0	28401.0	28594.0	29320.0	29803.0	30435.0	31312.0	31201.0	32510.0	32402.0	32265.0	32798.0	32348.0	33308.0	33600.0	33900.0	34304.0	34563.0	35578.0	34868.0	35634.0	36033.0	18490.0	23329.0	33763.0	36825.0	38283.0	39596.0	42607.0	41991.0	44042.0	47831.0	57109.0	2731208.0
	60	62	64	66	68	70	72	74	76	78	80	82	84	86	88	90	92	94	96	98	100	102	104	106	108	110	112	114	116	118	120	122	124	126	128	130	132	134	136	138	140	142	144	146	148	150
PD_145P_filtered_1	33752.0	36215.0	37795.0	39647.0	41152.0	43166.0	44803.0	45833.0	47735.0	49056.0	51008.0	52880.0	53215.0	54133.0	55566.0	56308.0	56679.0	58176.0	58749.0	59106.0	60462.0	60414.0	61446.0	62592.0	62126.0	62952.0	63045.0	63689.0	64088.0	64886.0	66083.0	64485.0	65396.0	65509.0	34408.0	43693.0	61865.0	65221.0	65850.0	67164.0	70575.0	68575.0	70483.0	71738.0	79340.0	3575205.0
	60	62	64	66	68	70	72	74	76	78	80	82	84	86	88	90	92	94	96	98	100	102	104	106	108	110	112	114	116	118	120	122	124	126	128	130	132	134	136	138	140	142	144	146	148	150
PD_145P_filtered_2	33010.0	35871.0	37459.0	39988.0	41512.0	43581.0	45319.0	46342.0	47992.0	49229.0	51223.0	52868.0	53425.0	54304.0	55663.0	56360.0	56725.0	58054.0	58778.0	59068.0	60572.0	60577.0	61449.0	62728.0	62254.0	63108.0	63203.0	63811.0	64265.0	65122.0	66070.0	64460.0	65412.0	65702.0	34255.0	43854.0	62387.0	66194.0	67884.0	69824.0	73847.0	72439.0	75571.0	79668.0	91359.0	3533478.0
	60	62	64	66	68	70	72	74	76	78	80	82	84	86	88	90	92	94	96	98	100	102	104	106	108	110	112	114	116	118	120	122	124	126	128	130	132	134	136	138	140	142	144	146	148	150
PD_146S_filtered_1	25626.0	27190.0	28487.0	30347.0	30714.0	31771.0	33355.0	34287.0	34858.0	35835.0	37219.0	38032.0	37910.0	38467.0	38968.0	39003.0	38843.0	39448.0	39801.0	39600.0	40481.0	40044.0	40328.0	40597.0	40404.0	41370.0	40670.0	41140.0	41244.0	40883.0	41131.0	40672.0	40692.0	40454.0	20810.0	26783.0	38467.0	40431.0	40870.0	40924.0	43553.0	41543.0	41509.0	42653.0	46828.0	2279853.0
	60	62	64	66	68	70	72	74	76	78	80	82	84	86	88	90	92	94	96	98	100	102	104	106	108	110	112	114	116	118	120	122	124	126	128	130	132	134	136	138	140	142	144	146	148	150
PD_146S_filtered_2	25068.0	26876.0	28315.0	30380.0	30963.0	31967.0	33628.0	34567.0	35087.0	36036.0	37447.0	38079.0	38062.0	38625.0	39066.0	39020.0	38884.0	39499.0	39879.0	39633.0	40602.0	40097.0	40416.0	40576.0	40509.0	41445.0	40829.0	41167.0	41215.0	40956.0	41265.0	40825.0	40741.0	40579.0	20759.0	26889.0	38651.0	41074.0	42277.0	42599.0	45591.0	43998.0	44652.0	47689.0	54660.0	2252953.0
	60	62	64	66	68	70	72	74	76	78	80	82	84	86	88	90	92	94	96	98	100	102	104	106	108	110	112	114	116	118	120	122	124	126	128	130	132	134	136	138	140	142	144	146	148	150
PD_147_filtered_1	18242.0	19936.0	20956.0	22685.0	23541.0	24929.0	26670.0	27464.0	28701.0	29986.0	31425.0	31866.0	33413.0	34126.0	35216.0	35003.0	35854.0	37299.0	38188.0	37940.0	39580.0	39649.0	39987.0	41583.0	40825.0	41624.0	41740.0	42688.0	42932.0	43894.0	44820.0	43958.0	45223.0	45657.0	23717.0	30514.0	43414.0	46268.0	46958.0	48392.0	51320.0	50038.0	51246.0	52771.0	58235.0	2939538.0
	60	62	64	66	68	70	72	74	76	78	80	82	84	86	88	90	92	94	96	98	100	102	104	106	108	110	112	114	116	118	120	122	124	126	128	130	132	134	136	138	140	142	144	146	148	150
PD_147_filtered_2	17940.0	19849.0	20930.0	22981.0	23894.0	25325.0	27023.0	27891.0	28900.0	30205.0	31634.0	32105.0	33507.0	34114.0	35284.0	35002.0	35874.0	37336.0	38303.0	37930.0	39713.0	39714.0	40070.0	41646.0	40901.0	41574.0	41769.0	42672.0	42962.0	43948.0	44776.0	44053.0	45144.0	45783.0	23657.0	30502.0	43634.0	46983.0	48635.0	50471.0	53896.0	53243.0	55257.0	59107.0	68718.0	2905156.0
	60	62	64	66	68	70	72	74	76	78	80	82	84	86	88	90	92	94	96	98	100	102	104	106	108	110	112	114	116	118	120	122	124	126	128	130	132	134	136	138	140	142	144	146	148	150
PD_148P_filtered_1	36980.0	39109.0	41256.0	42759.0	43876.0	45454.0	47268.0	48317.0	49344.0	50087.0	51891.0	52246.0	52705.0	53033.0	54392.0	53966.0	53675.0	55097.0	54907.0	54142.0	55382.0	54430.0	54982.0	55251.0	54213.0	54544.0	53768.0	53439.0	53814.0	53303.0	53950.0	52825.0	53242.0	53218.0	27797.0	35334.0	49144.0	51916.0	51970.0	53538.0	56304.0	53798.0	55857.0	56772.0	64177.0	3293808.0
	60	62	64	66	68	70	72	74	76	78	80	82	84	86	88	90	92	94	96	98	100	102	104	106	108	110	112	114	116	118	120	122	124	126	128	130	132	134	136	138	140	142	144	146	148	150
PD_148P_filtered_2	36476.0	38862.0	41111.0	43283.0	44523.0	46069.0	47854.0	49098.0	49858.0	50444.0	52202.0	52564.0	52976.0	53261.0	54569.0	54115.0	53918.0	55225.0	55117.0	54332.0	55520.0	54674.0	55210.0	55359.0	54406.0	54637.0	53984.0	53821.0	53988.0	53451.0	54133.0	52965.0	53495.0	53713.0	27913.0	35872.0	49951.0	53373.0	54790.0	57168.0	60510.0	59597.0	62787.0	67547.0	81736.0	3230823.0
	60	62	64	66	68	70	72	74	76	78	80	82	84	86	88	90	92	94	96	98	100	102	104	106	108	110	112	114	116	118	120	122	124	126	128	130	132	134	136	138	140	142	144	146	148	150
PD_149S_filtered_1	26599.0	27939.0	28278.0	29344.0	29193.0	29677.0	31183.0	31363.0	31745.0	32761.0	33960.0	34073.0	33881.0	33851.0	33677.0	33311.0	33104.0	34235.0	34630.0	34421.0	35488.0	35098.0	34737.0	34946.0	34069.0	34392.0	34113.0	34458.0	34397.0	34865.0	35168.0	34763.0	35388.0	35209.0	17926.0	23715.0	33513.0	35454.0	35464.0	36529.0	38839.0	37267.0	37701.0	37673.0	42163.0	2399942.0
	60	62	64	66	68	70	72	74	76	78	80	82	84	86	88	90	92	94	96	98	100	102	104	106	108	110	112	114	116	118	120	122	124	126	128	130	132	134	136	138	140	142	144	146	148	150
PD_149S_filtered_2	26467.0	27973.0	28357.0	29745.0	29682.0	30114.0	31647.0	31715.0	31992.0	33016.0	34269.0	34341.0	33999.0	34090.0	33867.0	33501.0	33201.0	34280.0	34811.0	34495.0	35584.0	35244.0	34860.0	35011.0	34160.0	34524.0	34154.0	34554.0	34523.0	35058.0	35386.0	34961.0	35516.0	35407.0	18060.0	24014.0	34003.0	36449.0	37550.0	38918.0	41823.0	41014.0	42487.0	44855.0	53410.0	2357415.0
	60	62	64	66	68	70	72	74	76	78	80	82	84	86	88	90	92	94	96	98	100	102	104	106	108	110	112	114	116	118	120	122	124	126	128	130	132	134	136	138	140	142	144	146	148	150
PD_14P_filtered_1	34305.0	35870.0	36687.0	36879.0	37358.0	37878.0	39086.0	39487.0	39690.0	40299.0	40797.0	41054.0	41161.0	41169.0	41461.0	41110.0	40378.0	40960.0	41120.0	40943.0	40867.0	40921.0	40623.0	40415.0	39168.0	39188.0	38728.0	39171.0	38870.0	38560.0	38750.0	37668.0	38197.0	37437.0	19411.0	24620.0	34600.0	36223.0	35938.0	35723.0	36504.0	35896.0	35949.0	35720.0	37567.0	1361070.0
	60	62	64	66	68	70	72	74	76	78	80	82	84	86	88	90	92	94	96	98	100	102	104	106	108	110	112	114	116	118	120	122	124	126	128	130	132	134	136	138	140	142	144	146	148	150
PD_14P_filtered_2	33495.0	35381.0	36195.0	36844.0	37441.0	37927.0	39170.0	39604.0	39652.0	40229.0	40915.0	41047.0	41177.0	41204.0	41515.0	41070.0	40357.0	40978.0	41109.0	40940.0	40852.0	40929.0	40565.0	40451.0	39229.0	39206.0	38682.0	39213.0	38871.0	38570.0	38853.0	37614.0	38227.0	37472.0	19307.0	24537.0	34688.0	36370.0	36434.0	36290.0	37190.0	36600.0	36961.0	37408.0	40473.0	1354234.0
	60	62	64	66	68	70	72	74	76	78	80	82	84	86	88	90	92	94	96	98	100	102	104	106	108	110	112	114	116	118	120	122	124	126	128	130	132	134	136	138	140	142	144	146	148	150
PD_150P_filtered_1	32728.0	34481.0	36123.0	37058.0	37952.0	38691.0	40363.0	41416.0	41966.0	42889.0	43630.0	44484.0	45067.0	45026.0	46328.0	46288.0	46439.0	46971.0	46909.0	46982.0	47408.0	46967.0	46850.0	47359.0	46431.0	46708.0	46220.0	46397.0	46146.0	45741.0	46816.0	45155.0	45468.0	45690.0	23088.0	29830.0	42841.0	45127.0	45314.0	46000.0	47665.0	46948.0	47232.0	47648.0	51142.0	2228213.0
	60	62	64	66	68	70	72	74	76	78	80	82	84	86	88	90	92	94	96	98	100	102	104	106	108	110	112	114	116	118	120	122	124	126	128	130	132	134	136	138	140	142	144	146	148	150
PD_150P_filtered_2	31975.0	33991.0	35832.0	37117.0	38194.0	38957.0	40583.0	41806.0	42140.0	43076.0	43636.0	44617.0	45114.0	45173.0	46274.0	46296.0	46548.0	47029.0	46872.0	47087.0	47339.0	47104.0	47003.0	47472.0	46557.0	46768.0	46224.0	46451.0	46177.0	45845.0	46859.0	45216.0	45494.0	45691.0	22896.0	29831.0	43129.0	45712.0	46541.0	47409.0	49464.0	48972.0	50202.0	52298.0	58603.0	2204621.0
	60	62	64	66	68	70	72	74	76	78	80	82	84	86	88	90	92	94	96	98	100	102	104	106	108	110	112	114	116	118	120	122	124	126	128	130	132	134	136	138	140	142	144	146	148	150
PD_151S_filtered_1	38792.0	39180.0	40598.0	41395.0	41154.0	41478.0	42737.0	43065.0	43981.0	44689.0	45647.0	45727.0	45624.0	44581.0	44072.0	42860.0	41818.0	42587.0	43228.0	43907.0	45484.0	44382.0	43776.0	44334.0	43234.0	44066.0	42601.0	41707.0	41949.0	41912.0	42464.0	42016.0	43092.0	43930.0	22551.0	28392.0	41188.0	43177.0	43095.0	44245.0	45728.0	44167.0	43738.0	44512.0	48255.0	2051002.0
	60	62	64	66	68	70	72	74	76	78	80	82	84	86	88	90	92	94	96	98	100	102	104	106	108	110	112	114	116	118	120	122	124	126	128	130	132	134	136	138	140	142	144	146	148	150
PD_151S_filtered_2	37948.0	38818.0	40211.0	41452.0	41303.0	41731.0	42999.0	43214.0	44026.0	44709.0	45746.0	45732.0	45794.0	44593.0	44185.0	42858.0	41823.0	42694.0	43150.0	43835.0	45484.0	44448.0	43771.0	44314.0	43323.0	44073.0	42593.0	41734.0	42029.0	41962.0	42581.0	41953.0	43069.0	43997.0	22484.0	28370.0	41394.0	43547.0	44037.0	45261.0	47011.0	45610.0	45791.0	48010.0	53140.0	2035310.0
	60	62	64	66	68	70	72	74	76	78	80	82	84	86	88	90	92	94	96	98	100	102	104	106	108	110	112	114	116	118	120	122	124	126	128	130	132	134	136	138	140	142	144	146	148	150
PD_152P_filtered_1	20901.0	22243.0	23367.0	24466.0	25741.0	26082.0	27257.0	28187.0	29113.0	29946.0	30880.0	31857.0	31936.0	32317.0	32158.0	31520.0	32036.0	32493.0	32771.0	33215.0	33774.0	33742.0	33401.0	34116.0	33302.0	34072.0	33348.0	33917.0	32664.0	32600.0	33384.0	32868.0	33710.0	34094.0	17149.0	22853.0	32105.0	34249.0	34336.0	35707.0	37780.0	36778.0	37198.0	37683.0	42170.0	2380823.0
	60	62	64	66	68	70	72	74	76	78	80	82	84	86	88	90	92	94	96	98	100	102	104	106	108	110	112	114	116	118	120	122	124	126	128	130	132	134	136	138	140	142	144	146	148	150
PD_152P_filtered_2	20709.0	22208.0	23369.0	24874.0	26172.0	26623.0	27707.0	28479.0	29401.0	30233.0	31056.0	32044.0	32112.0	32468.0	32294.0	31660.0	32122.0	32639.0	32863.0	33355.0	33952.0	33829.0	33432.0	34146.0	33336.0	34270.0	33429.0	33962.0	32767.0	32632.0	33549.0	33101.0	33897.0	34274.0	17248.0	23100.0	32623.0	35256.0	36407.0	38289.0	41009.0	40390.0	42240.0	45249.0	53720.0	2337814.0
	60	62	64	66	68	70	72	74	76	78	80	82	84	86	88	90	92	94	96	98	100	102	104	106	108	110	112	114	116	118	120	122	124	126	128	130	132	134	136	138	140	142	144	146	148	150
PD_153S_filtered_1	48248.0	50762.0	53186.0	54803.0	55842.0	57830.0	60060.0	61237.0	62304.0	63278.0	64852.0	65812.0	65933.0	66441.0	67166.0	66910.0	66863.0	68003.0	68131.0	67342.0	68011.0	67661.0	67763.0	68747.0	66877.0	67482.0	66938.0	67064.0	66155.0	65719.0	65901.0	64530.0	64840.0	64633.0	33781.0	43692.0	59773.0	62822.0	62751.0	63498.0	65524.0	64044.0	64238.0	65002.0	71125.0	2616096.0
	60	62	64	66	68	70	72	74	76	78	80	82	84	86	88	90	92	94	96	98	100	102	104	106	108	110	112	114	116	118	120	122	124	126	128	130	132	134	136	138	140	142	144	146	148	150
PD_153S_filtered_2	46756.0	49684.0	52308.0	54703.0	56021.0	57922.0	60179.0	61503.0	62394.0	63247.0	64931.0	65774.0	65791.0	66338.0	67074.0	67114.0	66629.0	68005.0	68189.0	67380.0	67851.0	67792.0	67820.0	68878.0	67064.0	67658.0	66874.0	67032.0	66342.0	65750.0	65953.0	64600.0	64934.0	64686.0	33694.0	43500.0	59922.0	63429.0	63779.0	65143.0	67253.0	65949.0	67063.0	69967.0	78124.0	2596671.0
	60	62	64	66	68	70	72	74	76	78	80	82	84	86	88	90	92	94	96	98	100	102	104	106	108	110	112	114	116	118	120	122	124	126	128	130	132	134	136	138	140	142	144	146	148	150
PD_156P_filtered_1	29637.0	31318.0	32163.0	33613.0	34642.0	35143.0	36829.0	37858.0	38141.0	39474.0	40841.0	41427.0	41577.0	42689.0	43108.0	43257.0	43336.0	44818.0	44419.0	44388.0	44910.0	44796.0	44589.0	44915.0	44308.0	44649.0	44347.0	43717.0	44165.0	43539.0	43482.0	42635.0	42715.0	42653.0	21656.0	26773.0	39196.0	41156.0	41524.0	41648.0	42485.0	41737.0	41818.0	41918.0	44887.0	1747447.0
	60	62	64	66	68	70	72	74	76	78	80	82	84	86	88	90	92	94	96	98	100	102	104	106	108	110	112	114	116	118	120	122	124	126	128	130	132	134	136	138	140	142	144	146	148	150
PD_156P_filtered_2	28975.0	30669.0	31819.0	33571.0	34649.0	35323.0	36966.0	38093.0	38229.0	39627.0	40909.0	41466.0	41668.0	42691.0	43054.0	43320.0	43381.0	44597.0	44466.0	44433.0	44983.0	44829.0	44648.0	44955.0	44281.0	44629.0	44259.0	43683.0	44065.0	43610.0	43542.0	42632.0	42635.0	42747.0	21468.0	26751.0	39250.0	41421.0	42079.0	42393.0	43474.0	42667.0	43176.0	44473.0	48862.0	1736925.0
	60	62	64	66	68	70	72	74	76	78	80	82	84	86	88	90	92	94	96	98	100	102	104	106	108	110	112	114	116	118	120	122	124	126	128	130	132	134	136	138	140	142	144	146	148	150
PD_157S_filtered_1	38459.0	41327.0	43493.0	45478.0	46708.0	49243.0	51911.0	53234.0	54701.0	55938.0	58118.0	59447.0	60990.0	61088.0	61929.0	62338.0	62712.0	63628.0	63895.0	63279.0	65286.0	64139.0	64296.0	65237.0	63769.0	63797.0	63765.0	63646.0	62759.0	62809.0	62751.0	61802.0	61810.0	61580.0	31212.0	40144.0	55711.0	58265.0	57932.0	58131.0	59719.0	57546.0	57091.0	57779.0	61365.0	2199810.0
	60	62	64	66	68	70	72	74	76	78	80	82	84	86	88	90	92	94	96	98	100	102	104	106	108	110	112	114	116	118	120	122	124	126	128	130	132	134	136	138	140	142	144	146	148	150
PD_157S_filtered_2	37271.0	40533.0	42728.0	45358.0	46836.0	49291.0	52028.0	53432.0	54727.0	55930.0	58202.0	59459.0	60897.0	61121.0	61894.0	62331.0	62777.0	63561.0	63940.0	63221.0	65314.0	64291.0	64339.0	65216.0	63761.0	63847.0	63825.0	63682.0	62777.0	62793.0	62704.0	61871.0	61752.0	61650.0	30974.0	39947.0	55943.0	58549.0	58619.0	58888.0	60828.0	58641.0	58649.0	60245.0	65116.0	2190309.0
	60	62	64	66	68	70	72	74	76	78	80	82	84	86	88	90	92	94	96	98	100	102	104	106	108	110	112	114	116	118	120	122	124	126	128	130	132	134	136	138	140	142	144	146	148	150
PD_158P_filtered_1	31183.0	32959.0	35116.0	36539.0	37760.0	38952.0	41001.0	41952.0	43267.0	44372.0	46180.0	46731.0	48034.0	48366.0	49174.0	49537.0	50122.0	51503.0	51741.0	51547.0	53079.0	53175.0	53526.0	54218.0	53811.0	54753.0	54815.0	54918.0	55099.0	55445.0	56248.0	55293.0	56670.0	56825.0	29217.0	37121.0	53492.0	56497.0	56648.0	57652.0	61187.0	59257.0	60776.0	62169.0	67534.0	3117548.0
	60	62	64	66	68	70	72	74	76	78	80	82	84	86	88	90	92	94	96	98	100	102	104	106	108	110	112	114	116	118	120	122	124	126	128	130	132	134	136	138	140	142	144	146	148	150
PD_158P_filtered_2	30455.0	32418.0	34718.0	36638.0	37959.0	39175.0	41251.0	42157.0	43379.0	44548.0	46200.0	46824.0	48061.0	48380.0	49162.0	49520.0	50071.0	51382.0	51830.0	51550.0	53016.0	53182.0	53516.0	54284.0	53793.0	54648.0	54826.0	54989.0	55116.0	55606.0	56277.0	55265.0	56588.0	56810.0	29025.0	37002.0	53478.0	57026.0	57744.0	59347.0	63132.0	61394.0	63662.0	67196.0	75723.0	3094686.0
	60	62	64	66	68	70	72	74	76	78	80	82	84	86	88	90	92	94	96	98	100	102	104	106	108	110	112	114	116	118	120	122	124	126	128	130	132	134	136	138	140	142	144	146	148	150
PD_159S_filtered_1	35384.0	36772.0	38491.0	40016.0	40965.0	42369.0	44026.0	45018.0	45941.0	47518.0	48931.0	49719.0	50122.0	51243.0	52419.0	52213.0	52565.0	53692.0	54627.0	54709.0	56009.0	56289.0	55784.0	56941.0	55855.0	56551.0	56073.0	56337.0	56028.0	56568.0	57437.0	56645.0	57168.0	57572.0	29344.0	37477.0	53588.0	56984.0	57460.0	58520.0	60832.0	59892.0	60932.0	62084.0	67609.0	3043736.0
	60	62	64	66	68	70	72	74	76	78	80	82	84	86	88	90	92	94	96	98	100	102	104	106	108	110	112	114	116	118	120	122	124	126	128	130	132	134	136	138	140	142	144	146	148	150
PD_159S_filtered_2	34619.0	36300.0	38229.0	40110.0	41221.0	42665.0	44275.0	45380.0	46067.0	47623.0	49080.0	49784.0	50155.0	51271.0	52409.0	52275.0	52567.0	53678.0	54674.0	54708.0	55958.0	56149.0	55765.0	56915.0	55830.0	56568.0	56040.0	56312.0	55947.0	56478.0	57454.0	56680.0	57047.0	57467.0	29169.0	37335.0	53792.0	57444.0	58535.0	60254.0	62970.0	62391.0	64263.0	67805.0	77134.0	3017663.0
	60	62	64	66	68	70	72	74	76	78	80	82	84	86	88	90	92	94	96	98	100	102	104	106	108	110	112	114	116	118	120	122	124	126	128	130	132	134	136	138	140	142	144	146	148	150
PD_15P_filtered_1	35608.0	36779.0	38236.0	39140.0	39642.0	40216.0	41619.0	42226.0	42577.0	43046.0	44149.0	44413.0	44434.0	44084.0	44801.0	43995.0	43490.0	43526.0	43807.0	42743.0	43938.0	42952.0	42619.0	42610.0	41711.0	42111.0	41393.0	40983.0	40186.0	40038.0	40083.0	39208.0	39307.0	38669.0	20007.0	25344.0	35618.0	37294.0	37015.0	37352.0	37885.0	36757.0	36776.0	37021.0	39985.0	1548216.0
	60	62	64	66	68	70	72	74	76	78	80	82	84	86	88	90	92	94	96	98	100	102	104	106	108	110	112	114	116	118	120	122	124	126	128	130	132	134	136	138	140	142	144	146	148	150
PD_15P_filtered_2	34749.0	36308.0	37804.0	39124.0	39763.0	40441.0	41870.0	42439.0	42647.0	43151.0	44235.0	44516.0	44469.0	44140.0	44812.0	44013.0	43515.0	43550.0	43826.0	42905.0	43994.0	43082.0	42571.0	42569.0	41811.0	42190.0	41473.0	41035.0	40177.0	40040.0	40067.0	39236.0	39377.0	38698.0	19928.0	25436.0	35695.0	37642.0	37980.0	38472.0	39179.0	38323.0	38837.0	40436.0	44867.0	1532217.0
	60	62	64	66	68	70	72	74	76	78	80	82	84	86	88	90	92	94	96	98	100	102	104	106	108	110	112	114	116	118	120	122	124	126	128	130	132	134	136	138	140	142	144	146	148	150
PD_160P_filtered_1	40703.0	43249.0	45029.0	46655.0	48002.0	49290.0	52346.0	53557.0	54353.0	55601.0	57371.0	58070.0	58862.0	59382.0	60367.0	60016.0	60290.0	61026.0	61246.0	60647.0	61605.0	61703.0	61893.0	62320.0	60873.0	61464.0	61073.0	61177.0	61509.0	60966.0	61769.0	60088.0	60545.0	60603.0	31604.0	40500.0	56602.0	58942.0	59427.0	60350.0	62403.0	60590.0	61880.0	62956.0	68503.0	2663070.0
	60	62	64	66	68	70	72	74	76	78	80	82	84	86	88	90	92	94	96	98	100	102	104	106	108	110	112	114	116	118	120	122	124	126	128	130	132	134	136	138	140	142	144	146	148	150
PD_160P_filtered_2	39301.0	42346.0	44317.0	46648.0	48171.0	49468.0	52496.0	53880.0	54315.0	55586.0	57343.0	58006.0	58811.0	59219.0	60514.0	60053.0	60188.0	61037.0	61278.0	60629.0	61677.0	61638.0	61906.0	62464.0	60877.0	61532.0	61045.0	61224.0	61587.0	61016.0	61826.0	60160.0	60556.0	60506.0	31359.0	40540.0	56726.0	59480.0	60602.0	62026.0	64096.0	62977.0	64566.0	67575.0	75851.0	2643059.0
	60	62	64	66	68	70	72	74	76	78	80	82	84	86	88	90	92	94	96	98	100	102	104	106	108	110	112	114	116	118	120	122	124	126	128	130	132	134	136	138	140	142	144	146	148	150
PD_161S_filtered_1	229.0	286.0	275.0	259.0	302.0	278.0	286.0	339.0	333.0	348.0	369.0	368.0	340.0	401.0	392.0	403.0	389.0	467.0	451.0	469.0	477.0	475.0	495.0	536.0	529.0	489.0	574.0	546.0	548.0	558.0	569.0	594.0	634.0	612.0	316.0	402.0	596.0	679.0	654.0	674.0	716.0	682.0	664.0	716.0	831.0	36327.0
	60	62	64	66	68	70	72	74	76	78	80	82	84	86	88	90	92	94	96	98	100	102	104	106	108	110	112	114	116	118	120	122	124	126	128	130	132	134	136	138	140	142	144	146	148	150
PD_161S_filtered_2	239.0	280.0	283.0	268.0	300.0	289.0	298.0	346.0	339.0	350.0	390.0	381.0	345.0	414.0	390.0	410.0	404.0	470.0	455.0	479.0	491.0	467.0	503.0	538.0	546.0	492.0	581.0	543.0	559.0	557.0	578.0	593.0	634.0	616.0	335.0	424.0	616.0	686.0	688.0	714.0	780.0	786.0	738.0	903.0	1024.0	35355.0
	60	62	64	66	68	70	72	74	76	78	80	82	84	86	88	90	92	94	96	98	100	102	104	106	108	110	112	114	116	118	120	122	124	126	128	130	132	134	136	138	140	142	144	146	148	150
PD_162P_filtered_1	24991.0	26848.0	28399.0	29443.0	30612.0	31632.0	33639.0	34293.0	35549.0	36660.0	37598.0	38373.0	39091.0	39465.0	39993.0	40207.0	40534.0	41521.0	41795.0	41554.0	42671.0	42279.0	42409.0	43352.0	42547.0	43501.0	42929.0	43789.0	43230.0	43932.0	44493.0	43499.0	44041.0	44660.0	22632.0	29484.0	41848.0	44408.0	44605.0	45363.0	47826.0	46130.0	46927.0	48102.0	53278.0	2691775.0
	60	62	64	66	68	70	72	74	76	78	80	82	84	86	88	90	92	94	96	98	100	102	104	106	108	110	112	114	116	118	120	122	124	126	128	130	132	134	136	138	140	142	144	146	148	150
PD_162P_filtered_2	24663.0	26780.0	28337.0	29825.0	31038.0	32032.0	34122.0	34706.0	35833.0	37034.0	37857.0	38554.0	39216.0	39502.0	40192.0	40395.0	40677.0	41544.0	41854.0	41665.0	42705.0	42387.0	42503.0	43474.0	42689.0	43565.0	42944.0	43846.0	43333.0	44027.0	44578.0	43674.0	44300.0	44897.0	22766.0	29669.0	42344.0	45292.0	46780.0	47832.0	50770.0	49849.0	51447.0	55310.0	64774.0	2650326.0
	60	62	64	66	68	70	72	74	76	78	80	82	84	86	88	90	92	94	96	98	100	102	104	106	108	110	112	114	116	118	120	122	124	126	128	130	132	134	136	138	140	142	144	146	148	150
PD_163S_filtered_1	44175.0	46522.0	47860.0	49834.0	50417.0	51445.0	52776.0	53457.0	54291.0	55016.0	57030.0	56470.0	56644.0	56993.0	56935.0	56068.0	55447.0	56256.0	56549.0	55900.0	56179.0	55028.0	54688.0	54458.0	53025.0	52268.0	52110.0	52208.0	51150.0	51110.0	51503.0	50470.0	50893.0	51041.0	25326.0	32854.0	47023.0	49143.0	49477.0	49636.0	52194.0	49731.0	49877.0	50416.0	54460.0	2839519.0
	60	62	64	66	68	70	72	74	76	78	80	82	84	86	88	90	92	94	96	98	100	102	104	106	108	110	112	114	116	118	120	122	124	126	128	130	132	134	136	138	140	142	144	146	148	150
PD_163S_filtered_2	43802.0	46418.0	47876.0	50224.0	51005.0	52064.0	53334.0	54005.0	54709.0	55387.0	57237.0	56682.0	56892.0	57270.0	57139.0	56249.0	55647.0	56429.0	56708.0	56024.0	56292.0	55205.0	54812.0	54693.0	53181.0	52354.0	52236.0	52316.0	51134.0	51180.0	51678.0	50567.0	51069.0	51273.0	25525.0	33033.0	47374.0	50159.0	51601.0	52268.0	55612.0	53875.0	55381.0	58685.0	67464.0	2791804.0
	60	62	64	66	68	70	72	74	76	78	80	82	84	86	88	90	92	94	96	98	100	102	104	106	108	110	112	114	116	118	120	122	124	126	128	130	132	134	136	138	140	142	144	146	148	150
PD_164P_filtered_1	22268.0	24078.0	24973.0	26116.0	27333.0	28091.0	29468.0	30600.0	32007.0	32424.0	33852.0	34681.0	35202.0	35652.0	36428.0	36676.0	36976.0	37628.0	37527.0	37887.0	38795.0	38346.0	38713.0	39085.0	38835.0	38941.0	38846.0	38721.0	39032.0	38555.0	38689.0	38003.0	38073.0	37827.0	19581.0	25139.0	35257.0	37175.0	36884.0	37580.0	39359.0	38093.0	38434.0	39534.0	42907.0	1913150.0
	60	62	64	66	68	70	72	74	76	78	80	82	84	86	88	90	92	94	96	98	100	102	104	106	108	110	112	114	116	118	120	122	124	126	128	130	132	134	136	138	140	142	144	146	148	150
PD_164P_filtered_2	21791.0	23862.0	24931.0	26276.0	27735.0	28448.0	29824.0	31058.0	32223.0	32573.0	34050.0	34783.0	35304.0	35811.0	36502.0	36789.0	37061.0	37693.0	37612.0	38081.0	38890.0	38406.0	38892.0	39072.0	39012.0	38955.0	38799.0	38918.0	39178.0	38746.0	38765.0	38143.0	38271.0	38014.0	19789.0	25283.0	35607.0	37877.0	38544.0	39533.0	41748.0	41037.0	42259.0	45508.0	52610.0	1879158.0
	60	62	64	66	68	70	72	74	76	78	80	82	84	86	88	90	92	94	96	98	100	102	104	106	108	110	112	114	116	118	120	122	124	126	128	130	132	134	136	138	140	142	144	146	148	150
PD_165S_filtered_1	43648.0	46356.0	49358.0	51382.0	53306.0	54693.0	57189.0	58793.0	60093.0	61933.0	63493.0	64204.0	65148.0	65582.0	65823.0	66516.0	65966.0	66606.0	67524.0	66271.0	67185.0	66726.0	65997.0	66107.0	64810.0	64930.0	63275.0	63078.0	62277.0	61439.0	62446.0	59755.0	60542.0	60479.0	30873.0	39688.0	56623.0	59507.0	59443.0	60596.0	62629.0	60487.0	60470.0	61101.0	66229.0	3009939.0
	60	62	64	66	68	70	72	74	76	78	80	82	84	86	88	90	92	94	96	98	100	102	104	106	108	110	112	114	116	118	120	122	124	126	128	130	132	134	136	138	140	142	144	146	148	150
PD_165S_filtered_2	42582.0	45804.0	48746.0	51419.0	53512.0	55087.0	57451.0	59113.0	60286.0	62031.0	63518.0	64394.0	65249.0	65578.0	65872.0	66696.0	66058.0	66686.0	67612.0	66242.0	67338.0	66746.0	65999.0	66325.0	64917.0	65038.0	63424.0	63173.0	62457.0	61503.0	62564.0	59972.0	60595.0	60641.0	30709.0	39645.0	57034.0	60330.0	61036.0	62588.0	65280.0	63434.0	64522.0	67489.0	76821.0	2976999.0
	60	62	64	66	68	70	72	74	76	78	80	82	84	86	88	90	92	94	96	98	100	102	104	106	108	110	112	114	116	118	120	122	124	126	128	130	132	134	136	138	140	142	144	146	148	150
PD_166_filtered_1	24013.0	25246.0	26530.0	27512.0	28316.0	29690.0	30756.0	31488.0	32348.0	33196.0	34005.0	35066.0	35865.0	36274.0	36500.0	36566.0	36828.0	37693.0	38642.0	37900.0	39656.0	39082.0	38828.0	39237.0	38992.0	39239.0	39255.0	40211.0	40529.0	40412.0	40955.0	40699.0	41264.0	41619.0	21130.0	27923.0	39762.0	41904.0	42542.0	43913.0	45867.0	43986.0	44616.0	45116.0	49635.0	2410910.0
	60	62	64	66	68	70	72	74	76	78	80	82	84	86	88	90	92	94	96	98	100	102	104	106	108	110	112	114	116	118	120	122	124	126	128	130	132	134	136	138	140	142	144	146	148	150
PD_166_filtered_2	23540.0	24963.0	26373.0	27604.0	28577.0	29855.0	30957.0	31643.0	32436.0	33281.0	34075.0	35110.0	35832.0	36246.0	36486.0	36611.0	36911.0	37756.0	38690.0	37912.0	39737.0	39034.0	38807.0	39196.0	38967.0	39327.0	39255.0	40266.0	40443.0	40508.0	40914.0	40731.0	41294.0	41610.0	21003.0	27909.0	39903.0	42332.0	43627.0	45274.0	47611.0	45971.0	47156.0	48894.0	55543.0	2391546.0
	60	62	64	66	68	70	72	74	76	78	80	82	84	86	88	90	92	94	96	98	100	102	104	106	108	110	112	114	116	118	120	122	124	126	128	130	132	134	136	138	140	142	144	146	148	150
PD_167P_filtered_1	17353.0	18682.0	19324.0	20717.0	21302.0	22290.0	23600.0	24469.0	25321.0	26490.0	27431.0	28059.0	28792.0	29372.0	29955.0	30027.0	30936.0	31628.0	32862.0	33195.0	34335.0	34641.0	34597.0	35616.0	35460.0	36323.0	36271.0	36898.0	37413.0	37785.0	38614.0	38534.0	39875.0	40374.0	20990.0	27088.0	38646.0	41396.0	42208.0	43543.0	46410.0	45660.0	46329.0	47320.0	52707.0	3028293.0
	60	62	64	66	68	70	72	74	76	78	80	82	84	86	88	90	92	94	96	98	100	102	104	106	108	110	112	114	116	118	120	122	124	126	128	130	132	134	136	138	140	142	144	146	148	150
PD_167P_filtered_2	17204.0	18765.0	19494.0	21078.0	21643.0	22640.0	24024.0	24830.0	25599.0	26782.0	27661.0	28135.0	28944.0	29473.0	30034.0	30072.0	31037.0	31663.0	33021.0	33237.0	34433.0	34648.0	34751.0	35690.0	35599.0	36374.0	36297.0	36936.0	37491.0	37762.0	38679.0	38509.0	39864.0	40504.0	21140.0	27265.0	38899.0	42161.0	44030.0	45979.0	49215.0	49403.0	51221.0	54748.0	64786.0	2987411.0
	60	62	64	66	68	70	72	74	76	78	80	82	84	86	88	90	92	94	96	98	100	102	104	106	108	110	112	114	116	118	120	122	124	126	128	130	132	134	136	138	140	142	144	146	148	150
PD_169P_filtered_1	41305.0	43645.0	46602.0	48271.0	49798.0	51828.0	55095.0	56436.0	57730.0	59374.0	61952.0	62533.0	63275.0	63580.0	64768.0	65135.0	64503.0	65435.0	65941.0	65461.0	67154.0	66481.0	66875.0	67079.0	65141.0	64886.0	63994.0	64021.0	63205.0	62624.0	63104.0	61856.0	62175.0	62303.0	31396.0	40834.0	57391.0	59675.0	59876.0	59769.0	61650.0	59079.0	59952.0	59245.0	63791.0	2378823.0
	60	62	64	66	68	70	72	74	76	78	80	82	84	86	88	90	92	94	96	98	100	102	104	106	108	110	112	114	116	118	120	122	124	126	128	130	132	134	136	138	140	142	144	146	148	150
PD_169P_filtered_2	40469.0	43042.0	46118.0	48381.0	50230.0	52101.0	55367.0	56697.0	58037.0	59533.0	61970.0	62700.0	63307.0	63649.0	64750.0	65246.0	64582.0	65386.0	66018.0	65555.0	67200.0	66550.0	67059.0	67267.0	65326.0	64881.0	64220.0	64034.0	63168.0	62643.0	63215.0	62031.0	62214.0	62355.0	31404.0	40727.0	57704.0	60379.0	61531.0	61693.0	63866.0	62018.0	63789.0	65357.0	73851.0	2347426.0
	60	62	64	66	68	70	72	74	76	78	80	82	84	86	88	90	92	94	96	98	100	102	104	106	108	110	112	114	116	118	120	122	124	126	128	130	132	134	136	138	140	142	144	146	148	150
PD_16P_filtered_1	45125.0	46731.0	47264.0	48095.0	48468.0	48792.0	50771.0	51043.0	51381.0	52108.0	53326.0	53135.0	52879.0	52722.0	52722.0	52419.0	52650.0	52570.0	52960.0	51658.0	52365.0	51520.0	51410.0	51673.0	50197.0	50714.0	49731.0	49450.0	48555.0	48185.0	48060.0	46795.0	47009.0	46844.0	23963.0	29986.0	42465.0	44533.0	44760.0	44616.0	44954.0	44236.0	43856.0	43794.0	46581.0	1620942.0
	60	62	64	66	68	70	72	74	76	78	80	82	84	86	88	90	92	94	96	98	100	102	104	106	108	110	112	114	116	118	120	122	124	126	128	130	132	134	136	138	140	142	144	146	148	150
PD_16P_filtered_2	43894.0	45921.0	46584.0	47836.0	48498.0	48936.0	50801.0	51214.0	51400.0	52121.0	53277.0	53147.0	52919.0	52750.0	52797.0	52338.0	52674.0	52500.0	52999.0	51628.0	52354.0	51533.0	51393.0	51723.0	50083.0	50798.0	49805.0	49318.0	48638.0	48100.0	48133.0	46706.0	47012.0	46787.0	23786.0	29933.0	42368.0	44773.0	45183.0	45317.0	45796.0	45000.0	44923.0	45774.0	49258.0	1615285.0
	60	62	64	66	68	70	72	74	76	78	80	82	84	86	88	90	92	94	96	98	100	102	104	106	108	110	112	114	116	118	120	122	124	126	128	130	132	134	136	138	140	142	144	146	148	150
PD_170S_filtered_1	31748.0	33957.0	35488.0	36530.0	37668.0	39040.0	40437.0	41542.0	41710.0	43281.0	43987.0	45294.0	45329.0	45053.0	45768.0	45766.0	45662.0	46410.0	46302.0	45807.0	46445.0	46377.0	46202.0	46123.0	45774.0	46101.0	45246.0	45304.0	45471.0	44554.0	45383.0	44170.0	44702.0	44102.0	22895.0	29354.0	41163.0	43136.0	43404.0	44333.0	45567.0	43999.0	44863.0	45240.0	49901.0	2256457.0
	60	62	64	66	68	70	72	74	76	78	80	82	84	86	88	90	92	94	96	98	100	102	104	106	108	110	112	114	116	118	120	122	124	126	128	130	132	134	136	138	140	142	144	146	148	150
PD_170S_filtered_2	31104.0	33512.0	35218.0	36782.0	38016.0	39397.0	40755.0	41927.0	41953.0	43487.0	44193.0	45454.0	45461.0	45142.0	45866.0	45965.0	45749.0	46393.0	46472.0	45814.0	46531.0	46383.0	46287.0	46184.0	45832.0	46109.0	45178.0	45370.0	45559.0	44600.0	45511.0	44292.0	44913.0	44370.0	22802.0	29494.0	41514.0	43987.0	45176.0	46254.0	47943.0	46999.0	48421.0	50970.0	58724.0	2224982.0
	60	62	64	66	68	70	72	74	76	78	80	82	84	86	88	90	92	94	96	98	100	102	104	106	108	110	112	114	116	118	120	122	124	126	128	130	132	134	136	138	140	142	144	146	148	150
PD_171P_filtered_1	29103.0	31011.0	32475.0	33694.0	34811.0	36027.0	37918.0	38622.0	40253.0	41381.0	42933.0	44187.0	44233.0	45021.0	46028.0	46652.0	46589.0	47952.0	48717.0	49295.0	50404.0	50887.0	50735.0	51909.0	51483.0	52115.0	52408.0	52696.0	53001.0	53068.0	54326.0	53446.0	54354.0	54839.0	27982.0	35647.0	51722.0	54958.0	55551.0	56315.0	59272.0	57507.0	58317.0	59390.0	64439.0	3027763.0
	60	62	64	66	68	70	72	74	76	78	80	82	84	86	88	90	92	94	96	98	100	102	104	106	108	110	112	114	116	118	120	122	124	126	128	130	132	134	136	138	140	142	144	146	148	150
PD_171P_filtered_2	28382.0	30599.0	32217.0	33792.0	34888.0	36216.0	38112.0	38914.0	40308.0	41483.0	43042.0	44295.0	44325.0	45026.0	46061.0	46657.0	46517.0	47914.0	48758.0	49282.0	50454.0	50845.0	50724.0	51917.0	51453.0	52059.0	52414.0	52794.0	52945.0	53108.0	54253.0	53420.0	54333.0	54912.0	27747.0	35580.0	51800.0	55447.0	56550.0	57506.0	60695.0	59242.0	60813.0	63374.0	70612.0	3009651.0
	60	62	64	66	68	70	72	74	76	78	80	82	84	86	88	90	92	94	96	98	100	102	104	106	108	110	112	114	116	118	120	122	124	126	128	130	132	134	136	138	140	142	144	146	148	150
PD_172S_filtered_1	16045.0	17143.0	18107.0	18713.0	19724.0	20642.0	21640.0	22706.0	23347.0	24814.0	25808.0	27182.0	27806.0	28157.0	28864.0	29133.0	29985.0	31021.0	31606.0	32215.0	33586.0	33671.0	33857.0	34250.0	34202.0	35234.0	35303.0	35556.0	35443.0	35955.0	36264.0	35508.0	36568.0	36795.0	18445.0	24073.0	34519.0	36402.0	36738.0	37397.0	38750.0	37330.0	37461.0	38331.0	41301.0	1706712.0
	60	62	64	66	68	70	72	74	76	78	80	82	84	86	88	90	92	94	96	98	100	102	104	106	108	110	112	114	116	118	120	122	124	126	128	130	132	134	136	138	140	142	144	146	148	150
PD_172S_filtered_2	15616.0	16931.0	17909.0	18792.0	19920.0	20704.0	21736.0	22874.0	23400.0	24919.0	25900.0	27248.0	27773.0	28181.0	28894.0	29242.0	29953.0	30935.0	31594.0	32219.0	33642.0	33719.0	33832.0	34200.0	34274.0	35246.0	35241.0	35588.0	35491.0	35997.0	36167.0	35629.0	36664.0	36876.0	18367.0	24055.0	34664.0	36640.0	37416.0	38160.0	39816.0	38637.0	39291.0	40965.0	45398.0	1693594.0
	60	62	64	66	68	70	72	74	76	78	80	82	84	86	88	90	92	94	96	98	100	102	104	106	108	110	112	114	116	118	120	122	124	126	128	130	132	134	136	138	140	142	144	146	148	150
PD_173P_filtered_1	24721.0	26172.0	28215.0	29126.0	30073.0	30991.0	33112.0	34423.0	35328.0	36040.0	37669.0	38318.0	39315.0	39864.0	40247.0	40625.0	41338.0	42227.0	42474.0	42691.0	43507.0	43844.0	44046.0	44923.0	43829.0	45332.0	45109.0	45617.0	45677.0	45747.0	46855.0	46159.0	46564.0	47066.0	24274.0	31854.0	44923.0	47577.0	48287.0	49104.0	51966.0	50843.0	52236.0	53145.0	58291.0	2670489.0
	60	62	64	66	68	70	72	74	76	78	80	82	84	86	88	90	92	94	96	98	100	102	104	106	108	110	112	114	116	118	120	122	124	126	128	130	132	134	136	138	140	142	144	146	148	150
PD_173P_filtered_2	24080.0	25800.0	27892.0	29078.0	30267.0	31257.0	33425.0	34706.0	35430.0	36073.0	37589.0	38283.0	39311.0	39930.0	40249.0	40540.0	41291.0	42266.0	42503.0	42699.0	43464.0	43924.0	44067.0	44932.0	43939.0	45401.0	45162.0	45503.0	45636.0	45943.0	46912.0	46147.0	46566.0	47245.0	24134.0	31880.0	44954.0	47986.0	49625.0	50847.0	53748.0	53517.0	55520.0	58155.0	65770.0	2646587.0
	60	62	64	66	68	70	72	74	76	78	80	82	84	86	88	90	92	94	96	98	100	102	104	106	108	110	112	114	116	118	120	122	124	126	128	130	132	134	136	138	140	142	144	146	148	150
PD_174S_filtered_1	15834.0	17209.0	18518.0	19454.0	20531.0	21505.0	22892.0	23944.0	25122.0	26038.0	27571.0	27791.0	28796.0	28761.0	29630.0	30483.0	30303.0	31050.0	31689.0	32092.0	33257.0	33427.0	33545.0	34863.0	34439.0	35285.0	35354.0	36176.0	36110.0	36441.0	37724.0	37232.0	38411.0	38809.0	19988.0	25443.0	37175.0	39755.0	40690.0	42127.0	44510.0	43706.0	45056.0	46371.0	52367.0	3003598.0
	60	62	64	66	68	70	72	74	76	78	80	82	84	86	88	90	92	94	96	98	100	102	104	106	108	110	112	114	116	118	120	122	124	126	128	130	132	134	136	138	140	142	144	146	148	150
PD_174S_filtered_2	15957.0	17570.0	18995.0	20062.0	21249.0	22188.0	23525.0	24485.0	25600.0	26447.0	27914.0	28071.0	28971.0	28957.0	29796.0	30592.0	30458.0	31144.0	31911.0	32204.0	33434.0	33636.0	33693.0	34993.0	34443.0	35463.0	35446.0	36329.0	36159.0	36523.0	37853.0	37415.0	38640.0	39163.0	20301.0	25874.0	37847.0	41185.0	43527.0	45549.0	48789.0	49027.0	51950.0	57144.0	69313.0	2941280.0
	60	62	64	66	68	70	72	74	76	78	80	82	84	86	88	90	92	94	96	98	100	102	104	106	108	110	112	114	116	118	120	122	124	126	128	130	132	134	136	138	140	142	144	146	148	150
PD_175P_filtered_1	31457.0	32576.0	33963.0	35220.0	35738.0	36639.0	38166.0	39464.0	39770.0	40591.0	41210.0	41614.0	41897.0	42360.0	42459.0	42574.0	42424.0	43084.0	42859.0	42712.0	43176.0	42388.0	42383.0	42716.0	41622.0	42067.0	41511.0	41124.0	40943.0	40486.0	40385.0	39621.0	39428.0	39273.0	20264.0	25830.0	36158.0	37337.0	37358.0	37865.0	39069.0	38177.0	38740.0	38716.0	42447.0	1777700.0
	60	62	64	66	68	70	72	74	76	78	80	82	84	86	88	90	92	94	96	98	100	102	104	106	108	110	112	114	116	118	120	122	124	126	128	130	132	134	136	138	140	142	144	146	148	150
PD_175P_filtered_2	30702.0	32123.0	33568.0	35310.0	36108.0	36972.0	38545.0	39800.0	39890.0	40697.0	41406.0	41702.0	42028.0	42350.0	42500.0	42591.0	42410.0	43123.0	42785.0	42806.0	43231.0	42427.0	42521.0	42770.0	41676.0	42143.0	41584.0	41244.0	40945.0	40581.0	40541.0	39641.0	39508.0	39416.0	20356.0	25826.0	36460.0	37962.0	38886.0	39668.0	41534.0	40768.0	42419.0	44558.0	51679.0	1747801.0
	60	62	64	66	68	70	72	74	76	78	80	82	84	86	88	90	92	94	96	98	100	102	104	106	108	110	112	114	116	118	120	122	124	126	128	130	132	134	136	138	140	142	144	146	148	150
PD_176S_filtered_1	23472.0	25071.0	26709.0	27540.0	28652.0	29543.0	31166.0	32007.0	33177.0	34335.0	35865.0	36681.0	37332.0	37611.0	37826.0	37498.0	38128.0	39048.0	40300.0	40282.0	42314.0	41846.0	41994.0	42768.0	42827.0	44039.0	43921.0	44736.0	45115.0	45797.0	46690.0	46556.0	47372.0	47357.0	24257.0	31659.0	44914.0	48210.0	48526.0	49314.0	52147.0	50548.0	51455.0	52113.0	56706.0	2997189.0
	60	62	64	66	68	70	72	74	76	78	80	82	84	86	88	90	92	94	96	98	100	102	104	106	108	110	112	114	116	118	120	122	124	126	128	130	132	134	136	138	140	142	144	146	148	150
PD_176S_filtered_2	23138.0	24992.0	26724.0	27839.0	29009.0	29907.0	31556.0	32350.0	33423.0	34517.0	36084.0	36757.0	37542.0	37727.0	37901.0	37697.0	38226.0	39098.0	40432.0	40359.0	42311.0	41911.0	42000.0	42863.0	42879.0	44170.0	44014.0	44721.0	45080.0	45840.0	46708.0	46538.0	47584.0	47468.0	24272.0	31782.0	45222.0	48995.0	50148.0	51255.0	54737.0	53487.0	55344.0	58044.0	66660.0	2963302.0
	60	62	64	66	68	70	72	74	76	78	80	82	84	86	88	90	92	94	96	98	100	102	104	106	108	110	112	114	116	118	120	122	124	126	128	130	132	134	136	138	140	142	144	146	148	150
PD_177P_filtered_1	17599.0	19035.0	19729.0	20436.0	21660.0	22291.0	23779.0	24323.0	25256.0	26026.0	27056.0	27548.0	28058.0	28812.0	29617.0	29863.0	30193.0	30940.0	31540.0	31336.0	32535.0	32250.0	32403.0	32883.0	32516.0	33471.0	33300.0	33789.0	33564.0	33545.0	34459.0	33800.0	34429.0	35031.0	17871.0	23174.0	33342.0	35100.0	35962.0	36453.0	38699.0	37055.0	37996.0	39035.0	42334.0	2161681.0
	60	62	64	66	68	70	72	74	76	78	80	82	84	86	88	90	92	94	96	98	100	102	104	106	108	110	112	114	116	118	120	122	124	126	128	130	132	134	136	138	140	142	144	146	148	150
PD_177P_filtered_2	17283.0	18849.0	19599.0	20493.0	21725.0	22469.0	23909.0	24403.0	25284.0	26152.0	27093.0	27622.0	28078.0	28836.0	29661.0	29862.0	30189.0	30906.0	31495.0	31335.0	32454.0	32255.0	32460.0	32896.0	32573.0	33497.0	33299.0	33749.0	33545.0	33612.0	34447.0	33828.0	34477.0	35069.0	17850.0	23155.0	33451.0	35524.0	36694.0	37377.0	39930.0	38513.0	40198.0	42310.0	47252.0	2146116.0
	60	62	64	66	68	70	72	74	76	78	80	82	84	86	88	90	92	94	96	98	100	102	104	106	108	110	112	114	116	118	120	122	124	126	128	130	132	134	136	138	140	142	144	146	148	150
PD_178S_filtered_1	30943.0	33346.0	35498.0	37474.0	39006.0	40602.0	43720.0	45126.0	46317.0	47662.0	50331.0	51178.0	51805.0	52766.0	54141.0	54801.0	54854.0	56471.0	57731.0	57298.0	58596.0	58308.0	59441.0	59651.0	59321.0	60422.0	60546.0	60484.0	60939.0	60882.0	61989.0	60993.0	61880.0	62014.0	32408.0	41133.0	58269.0	61721.0	62348.0	63372.0	66326.0	64378.0	65407.0	67230.0	73234.0	3194178.0
	60	62	64	66	68	70	72	74	76	78	80	82	84	86	88	90	92	94	96	98	100	102	104	106	108	110	112	114	116	118	120	122	124	126	128	130	132	134	136	138	140	142	144	146	148	150
PD_178S_filtered_2	30204.0	32873.0	35160.0	37655.0	39334.0	40967.0	44006.0	45578.0	46556.0	47826.0	50467.0	51282.0	51850.0	52954.0	54314.0	54801.0	54874.0	56410.0	57740.0	57428.0	58619.0	58502.0	59531.0	59827.0	59433.0	60555.0	60655.0	60583.0	61072.0	60961.0	62064.0	61213.0	61991.0	62201.0	32348.0	41345.0	58692.0	62699.0	64273.0	66077.0	69298.0	68293.0	70205.0	75428.0	86115.0	3152281.0
	60	62	64	66	68	70	72	74	76	78	80	82	84	86	88	90	92	94	96	98	100	102	104	106	108	110	112	114	116	118	120	122	124	126	128	130	132	134	136	138	140	142	144	146	148	150
PD_179P_filtered_1	28686.0	30093.0	32098.0	33002.0	34589.0	35313.0	37115.0	37845.0	38586.0	39976.0	41172.0	42041.0	42920.0	43599.0	44195.0	44667.0	44653.0	45191.0	45850.0	46059.0	46711.0	46840.0	46363.0	47580.0	46366.0	47261.0	46973.0	47675.0	48228.0	48129.0	48368.0	47578.0	48782.0	48566.0	25547.0	32451.0	45963.0	48682.0	48691.0	50861.0	53179.0	51306.0	53198.0	54097.0	60270.0	3181650.0
	60	62	64	66	68	70	72	74	76	78	80	82	84	86	88	90	92	94	96	98	100	102	104	106	108	110	112	114	116	118	120	122	124	126	128	130	132	134	136	138	140	142	144	146	148	150
PD_179P_filtered_2	28144.0	29859.0	31955.0	33237.0	34889.0	35701.0	37419.0	38184.0	38762.0	40241.0	41376.0	42170.0	43098.0	43683.0	44262.0	44827.0	44628.0	45148.0	45898.0	46132.0	46792.0	46863.0	46464.0	47560.0	46356.0	47343.0	47079.0	47761.0	48287.0	48240.0	48511.0	47651.0	48819.0	48662.0	25579.0	32553.0	46321.0	49426.0	50340.0	53026.0	55872.0	54472.0	57454.0	60778.0	70490.0	3146653.0
	60	62	64	66	68	70	72	74	76	78	80	82	84	86	88	90	92	94	96	98	100	102	104	106	108	110	112	114	116	118	120	122	124	126	128	130	132	134	136	138	140	142	144	146	148	150
PD_180S_filtered_1	23316.0	24842.0	26244.0	27286.0	28409.0	29558.0	31226.0	31887.0	33432.0	34080.0	35336.0	35888.0	37098.0	37581.0	38655.0	39156.0	39365.0	39864.0	40540.0	40769.0	41011.0	41823.0	42026.0	42815.0	42118.0	42992.0	43110.0	43258.0	43834.0	43732.0	44379.0	43573.0	44578.0	44784.0	22825.0	29703.0	42275.0	45076.0	45451.0	46395.0	47809.0	46759.0	47722.0	49258.0	54226.0	2657295.0
	60	62	64	66	68	70	72	74	76	78	80	82	84	86	88	90	92	94	96	98	100	102	104	106	108	110	112	114	116	118	120	122	124	126	128	130	132	134	136	138	140	142	144	146	148	150
PD_180S_filtered_2	23176.0	24823.0	26323.0	27667.0	28910.0	30041.0	31763.0	32359.0	33772.0	34360.0	35621.0	36036.0	37278.0	37635.0	38754.0	39282.0	39430.0	39980.0	40569.0	40770.0	41095.0	41925.0	42068.0	42943.0	42258.0	43015.0	43159.0	43299.0	43906.0	43774.0	44512.0	43700.0	44775.0	44953.0	22932.0	29801.0	42677.0	46080.0	47650.0	49128.0	51132.0	51143.0	53582.0	58014.0	69075.0	2608214.0
	60	62	64	66	68	70	72	74	76	78	80	82	84	86	88	90	92	94	96	98	100	102	104	106	108	110	112	114	116	118	120	122	124	126	128	130	132	134	136	138	140	142	144	146	148	150
PD_181P_filtered_1	32873.0	35125.0	36626.0	37972.0	38919.0	40185.0	41849.0	43686.0	44843.0	46679.0	48679.0	49285.0	49556.0	49702.0	50345.0	50488.0	51046.0	51852.0	52401.0	52775.0	53970.0	53897.0	53431.0	54136.0	52721.0	52691.0	52329.0	52180.0	51457.0	50681.0	50878.0	50325.0	50365.0	50509.0	25729.0	32933.0	47084.0	49491.0	49276.0	50664.0	52341.0	50603.0	51305.0	52057.0	56322.0	2523175.0
	60	62	64	66	68	70	72	74	76	78	80	82	84	86	88	90	92	94	96	98	100	102	104	106	108	110	112	114	116	118	120	122	124	126	128	130	132	134	136	138	140	142	144	146	148	150
PD_181P_filtered_2	32177.0	34668.0	36290.0	37978.0	39198.0	40374.0	42239.0	43881.0	44987.0	46814.0	48787.0	49408.0	49576.0	49713.0	50452.0	50639.0	51006.0	51951.0	52473.0	52701.0	53975.0	53981.0	53596.0	54099.0	52689.0	52753.0	52329.0	52209.0	51552.0	50631.0	50962.0	50440.0	50449.0	50543.0	25595.0	32918.0	47208.0	50020.0	50500.0	52184.0	54206.0	52692.0	54155.0	56699.0	63086.0	2500653.0
	60	62	64	66	68	70	72	74	76	78	80	82	84	86	88	90	92	94	96	98	100	102	104	106	108	110	112	114	116	118	120	122	124	126	128	130	132	134	136	138	140	142	144	146	148	150
PD_182S_filtered_1	234.0	236.0	256.0	247.0	282.0	275.0	296.0	284.0	332.0	297.0	365.0	344.0	323.0	410.0	377.0	423.0	428.0	487.0	450.0	428.0	430.0	435.0	535.0	531.0	481.0	498.0	559.0	537.0	560.0	519.0	542.0	548.0	605.0	593.0	315.0	409.0	562.0	607.0	685.0	664.0	708.0	680.0	654.0	724.0	830.0	33687.0
	60	62	64	66	68	70	72	74	76	78	80	82	84	86	88	90	92	94	96	98	100	102	104	106	108	110	112	114	116	118	120	122	124	126	128	130	132	134	136	138	140	142	144	146	148	150
PD_182S_filtered_2	232.0	237.0	266.0	246.0	285.0	277.0	297.0	293.0	327.0	318.0	366.0	351.0	318.0	414.0	382.0	427.0	434.0	487.0	462.0	433.0	431.0	435.0	538.0	524.0	475.0	499.0	568.0	533.0	557.0	512.0	542.0	552.0	605.0	588.0	334.0	403.0	558.0	641.0	707.0	710.0	740.0	720.0	724.0	845.0	956.0	33123.0
	60	62	64	66	68	70	72	74	76	78	80	82	84	86	88	90	92	94	96	98	100	102	104	106	108	110	112	114	116	118	120	122	124	126	128	130	132	134	136	138	140	142	144	146	148	150
PD_183P_filtered_1	26894.0	29506.0	31529.0	33555.0	35328.0	37049.0	39899.0	41278.0	43353.0	45013.0	46797.0	48189.0	50162.0	50636.0	52381.0	52967.0	53574.0	54937.0	55810.0	56026.0	58378.0	58095.0	58508.0	59649.0	60051.0	60919.0	60944.0	61826.0	62469.0	62350.0	63729.0	62853.0	64083.0	64708.0	34062.0	44016.0	61332.0	64849.0	65926.0	67737.0	72152.0	69764.0	72815.0	75089.0	83694.0	4058388.0
	60	62	64	66	68	70	72	74	76	78	80	82	84	86	88	90	92	94	96	98	100	102	104	106	108	110	112	114	116	118	120	122	124	126	128	130	132	134	136	138	140	142	144	146	148	150
PD_183P_filtered_2	26129.0	29022.0	31244.0	33660.0	35684.0	37376.0	40215.0	41718.0	43465.0	45143.0	46904.0	48225.0	50137.0	50642.0	52349.0	52896.0	53571.0	54931.0	55839.0	55975.0	58189.0	57984.0	58589.0	59707.0	59941.0	60956.0	61073.0	61823.0	62339.0	62362.0	63692.0	62807.0	63972.0	64856.0	33833.0	44032.0	61503.0	65766.0	67847.0	70241.0	75086.0	73506.0	77679.0	82960.0	96192.0	4021209.0
	60	62	64	66	68	70	72	74	76	78	80	82	84	86	88	90	92	94	96	98	100	102	104	106	108	110	112	114	116	118	120	122	124	126	128	130	132	134	136	138	140	142	144	146	148	150
PD_184S_filtered_1	37125.0	39489.0	41155.0	42936.0	44643.0	46662.0	48963.0	50000.0	51603.0	53292.0	55782.0	57015.0	57795.0	59288.0	60714.0	61184.0	61677.0	64061.0	64643.0	64980.0	66994.0	67503.0	68196.0	69744.0	69369.0	71088.0	70710.0	71162.0	71791.0	72648.0	74150.0	72753.0	73472.0	74602.0	38143.0	49393.0	70164.0	74101.0	74942.0	77231.0	81190.0	79205.0	81487.0	83467.0	92524.0	4303580.0
	60	62	64	66	68	70	72	74	76	78	80	82	84	86	88	90	92	94	96	98	100	102	104	106	108	110	112	114	116	118	120	122	124	126	128	130	132	134	136	138	140	142	144	146	148	150
PD_184S_filtered_2	36185.0	38711.0	40687.0	43038.0	44876.0	46879.0	49329.0	50370.0	51704.0	53347.0	55876.0	56913.0	57806.0	59237.0	60746.0	61201.0	61726.0	64075.0	64650.0	64807.0	66923.0	67369.0	68204.0	69663.0	69412.0	71060.0	70743.0	71180.0	71837.0	72737.0	74176.0	72668.0	73457.0	74745.0	37967.0	49136.0	70448.0	74776.0	76772.0	79161.0	83673.0	82345.0	85409.0	90730.0	103680.0	4272182.0
	60	62	64	66	68	70	72	74	76	78	80	82	84	86	88	90	92	94	96	98	100	102	104	106	108	110	112	114	116	118	120	122	124	126	128	130	132	134	136	138	140	142	144	146	148	150
PD_188S_filtered_1	27281.0	29748.0	31454.0	33415.0	34466.0	36142.0	38245.0	39233.0	40690.0	41829.0	43227.0	43759.0	43926.0	44254.0	44459.0	43808.0	43010.0	43709.0	44151.0	44035.0	44893.0	43658.0	42806.0	42947.0	41420.0	41771.0	41176.0	40720.0	39619.0	39783.0	40387.0	39330.0	40005.0	39961.0	20163.0	25667.0	37365.0	39245.0	39286.0	39884.0	41174.0	39763.0	39906.0	39959.0	42857.0	1931262.0
	60	62	64	66	68	70	72	74	76	78	80	82	84	86	88	90	92	94	96	98	100	102	104	106	108	110	112	114	116	118	120	122	124	126	128	130	132	134	136	138	140	142	144	146	148	150
PD_188S_filtered_2	26793.0	29481.0	31186.0	33432.0	34609.0	36318.0	38473.0	39444.0	40831.0	41871.0	43332.0	43797.0	43982.0	44221.0	44560.0	43917.0	43041.0	43694.0	44154.0	44057.0	44949.0	43727.0	42855.0	42964.0	41421.0	41779.0	41267.0	40759.0	39566.0	39859.0	40444.0	39495.0	39897.0	39994.0	20132.0	25673.0	37592.0	39732.0	40300.0	41115.0	42598.0	41496.0	42399.0	43839.0	48944.0	1911859.0
	60	62	64	66	68	70	72	74	76	78	80	82	84	86	88	90	92	94	96	98	100	102	104	106	108	110	112	114	116	118	120	122	124	126	128	130	132	134	136	138	140	142	144	146	148	150
PD_189P_filtered_1	31954.0	33711.0	35723.0	37106.0	37804.0	38977.0	41275.0	42006.0	43198.0	43993.0	45756.0	45792.0	46333.0	46935.0	47496.0	48020.0	47180.0	48288.0	48305.0	48234.0	48852.0	48465.0	48371.0	48890.0	48329.0	48359.0	47728.0	47788.0	47114.0	47385.0	47699.0	46300.0	47298.0	47145.0	24319.0	30714.0	43427.0	46185.0	45837.0	46685.0	48888.0	47129.0	47496.0	48041.0	52028.0	2315900.0
	60	62	64	66	68	70	72	74	76	78	80	82	84	86	88	90	92	94	96	98	100	102	104	106	108	110	112	114	116	118	120	122	124	126	128	130	132	134	136	138	140	142	144	146	148	150
PD_189P_filtered_2	31016.0	33098.0	35295.0	37016.0	37944.0	39134.0	41471.0	42300.0	43300.0	44110.0	45861.0	45740.0	46308.0	46990.0	47512.0	47978.0	47128.0	48299.0	48275.0	48221.0	48897.0	48551.0	48390.0	48864.0	48339.0	48344.0	47683.0	47825.0	47148.0	47407.0	47768.0	46354.0	47246.0	47213.0	24139.0	30730.0	43697.0	46630.0	46859.0	47927.0	50470.0	49239.0	50033.0	52521.0	58971.0	2296217.0
	60	62	64	66	68	70	72	74	76	78	80	82	84	86	88	90	92	94	96	98	100	102	104	106	108	110	112	114	116	118	120	122	124	126	128	130	132	134	136	138	140	142	144	146	148	150
PD_190S_filtered_1	20529.0	22173.0	23401.0	24317.0	25191.0	26314.0	27579.0	28846.0	29621.0	30815.0	31889.0	32655.0	33177.0	33183.0	33972.0	33656.0	33854.0	35054.0	35976.0	36205.0	37010.0	36970.0	37606.0	38150.0	37613.0	38298.0	38680.0	38814.0	38539.0	39216.0	40202.0	39544.0	40298.0	40903.0	21031.0	27409.0	38826.0	41347.0	42148.0	43105.0	45625.0	44125.0	45671.0	46989.0	52134.0	2759074.0
	60	62	64	66	68	70	72	74	76	78	80	82	84	86	88	90	92	94	96	98	100	102	104	106	108	110	112	114	116	118	120	122	124	126	128	130	132	134	136	138	140	142	144	146	148	150
PD_190S_filtered_2	20271.0	22119.0	23358.0	24602.0	25538.0	26661.0	27960.0	29208.0	29874.0	30922.0	32084.0	32741.0	33334.0	33226.0	34129.0	33826.0	33965.0	35094.0	35998.0	36162.0	37121.0	37165.0	37643.0	38258.0	37708.0	38421.0	38715.0	38828.0	38644.0	39306.0	40419.0	39720.0	40384.0	41088.0	21070.0	27484.0	39160.0	42203.0	44022.0	45277.0	48329.0	47430.0	49952.0	53822.0	62520.0	2721973.0
	60	62	64	66	68	70	72	74	76	78	80	82	84	86	88	90	92	94	96	98	100	102	104	106	108	110	112	114	116	118	120	122	124	126	128	130	132	134	136	138	140	142	144	146	148	150
PD_191P_filtered_1	99.0	100.0	95.0	102.0	109.0	133.0	124.0	133.0	121.0	154.0	168.0	182.0	161.0	179.0	154.0	210.0	187.0	227.0	227.0	226.0	246.0	245.0	283.0	280.0	266.0	325.0	320.0	323.0	321.0	336.0	322.0	399.0	361.0	376.0	223.0	216.0	354.0	398.0	417.0	455.0	472.0	445.0	472.0	503.0	545.0	23545.0
	60	62	64	66	68	70	72	74	76	78	80	82	84	86	88	90	92	94	96	98	100	102	104	106	108	110	112	114	116	118	120	122	124	126	128	130	132	134	136	138	140	142	144	146	148	150
PD_191P_filtered_2	103.0	99.0	97.0	109.0	116.0	140.0	133.0	140.0	125.0	148.0	165.0	183.0	160.0	183.0	159.0	207.0	191.0	228.0	221.0	231.0	246.0	261.0	278.0	274.0	262.0	327.0	323.0	326.0	322.0	336.0	325.0	396.0	364.0	378.0	222.0	226.0	359.0	409.0	451.0	489.0	494.0	467.0	506.0	594.0	628.0	23138.0
	60	62	64	66	68	70	72	74	76	78	80	82	84	86	88	90	92	94	96	98	100	102	104	106	108	110	112	114	116	118	120	122	124	126	128	130	132	134	136	138	140	142	144	146	148	150
PD_192S_filtered_1	13.0	17.0	18.0	11.0	13.0	15.0	21.0	11.0	20.0	21.0	19.0	18.0	28.0	21.0	23.0	19.0	16.0	23.0	19.0	18.0	22.0	21.0	25.0	29.0	19.0	30.0	21.0	22.0	26.0	21.0	24.0	24.0	26.0	27.0	13.0	15.0	22.0	25.0	16.0	17.0	23.0	13.0	17.0	31.0	31.0	830.0
	60	62	64	66	68	70	72	74	76	78	80	82	84	86	88	90	92	94	96	98	100	102	104	106	108	110	112	114	116	118	120	122	124	126	128	130	132	134	136	138	140	142	144	146	148	150
PD_192S_filtered_2	14.0	15.0	16.0	12.0	16.0	15.0	23.0	12.0	20.0	21.0	19.0	17.0	27.0	21.0	24.0	19.0	15.0	24.0	19.0	18.0	21.0	21.0	27.0	29.0	20.0	30.0	19.0	20.0	27.0	21.0	25.0	23.0	27.0	27.0	12.0	16.0	23.0	27.0	17.0	17.0	21.0	11.0	15.0	35.0	31.0	825.0
	60	62	64	66	68	70	72	74	76	78	80	82	84	86	88	90	92	94	96	98	100	102	104	106	108	110	112	114	116	118	120	122	124	126	128	130	132	134	136	138	140	142	144	146	148	150
PD_193P_filtered_1	32450.0	34785.0	36963.0	38354.0	39842.0	41511.0	43444.0	44971.0	46543.0	47569.0	49452.0	50433.0	51339.0	51188.0	52702.0	52927.0	53430.0	54181.0	54517.0	54133.0	54918.0	54384.0	54409.0	55133.0	53695.0	53843.0	53451.0	54018.0	53722.0	52640.0	53191.0	52218.0	52103.0	52451.0	27069.0	33722.0	48509.0	50782.0	51237.0	52037.0	53486.0	52153.0	52944.0	53557.0	57948.0	2594283.0
	60	62	64	66	68	70	72	74	76	78	80	82	84	86	88	90	92	94	96	98	100	102	104	106	108	110	112	114	116	118	120	122	124	126	128	130	132	134	136	138	140	142	144	146	148	150
PD_193P_filtered_2	31887.0	34353.0	36720.0	38538.0	40140.0	41959.0	43784.0	45447.0	46729.0	47776.0	49618.0	50537.0	51421.0	51235.0	52883.0	52905.0	53544.0	54290.0	54588.0	54175.0	54984.0	54441.0	54464.0	55179.0	53782.0	53967.0	53533.0	54041.0	53691.0	52764.0	53308.0	52302.0	52125.0	52547.0	26967.0	33698.0	48655.0	51736.0	52637.0	53952.0	55680.0	55044.0	56517.0	59682.0	67874.0	2562538.0
	60	62	64	66	68	70	72	74	76	78	80	82	84	86	88	90	92	94	96	98	100	102	104	106	108	110	112	114	116	118	120	122	124	126	128	130	132	134	136	138	140	142	144	146	148	150
PD_194S_filtered_1	22812.0	24487.0	25772.0	26792.0	27724.0	28760.0	30638.0	31816.0	32859.0	34552.0	35901.0	36383.0	36926.0	37234.0	37314.0	37363.0	37963.0	39359.0	40489.0	40411.0	41739.0	40862.0	40690.0	40955.0	39864.0	40616.0	40397.0	40463.0	40820.0	41076.0	41378.0	40047.0	40477.0	41101.0	20589.0	26242.0	37996.0	40395.0	40356.0	40961.0	41819.0	40355.0	40199.0	39878.0	42915.0	1849284.0
	60	62	64	66	68	70	72	74	76	78	80	82	84	86	88	90	92	94	96	98	100	102	104	106	108	110	112	114	116	118	120	122	124	126	128	130	132	134	136	138	140	142	144	146	148	150
PD_194S_filtered_2	22518.0	24335.0	25599.0	26919.0	27914.0	28935.0	30747.0	32032.0	32913.0	34656.0	35964.0	36509.0	37011.0	37340.0	37384.0	37412.0	38112.0	39339.0	40494.0	40418.0	41756.0	40824.0	40753.0	41016.0	39854.0	40667.0	40432.0	40470.0	40896.0	41135.0	41361.0	40164.0	40525.0	41228.0	20552.0	26334.0	38223.0	40911.0	41295.0	42086.0	43281.0	42245.0	42398.0	43497.0	48075.0	1830500.0
	60	62	64	66	68	70	72	74	76	78	80	82	84	86	88	90	92	94	96	98	100	102	104	106	108	110	112	114	116	118	120	122	124	126	128	130	132	134	136	138	140	142	144	146	148	150
PD_195_filtered_1	32062.0	34151.0	36217.0	38027.0	39696.0	40680.0	43345.0	44934.0	46482.0	48442.0	49866.0	50636.0	51031.0	52183.0	53795.0	53661.0	54244.0	55403.0	56204.0	56415.0	57887.0	57493.0	58070.0	59493.0	58550.0	58914.0	58844.0	59452.0	59756.0	60077.0	60782.0	60003.0	60932.0	60754.0	30995.0	41219.0	57282.0	60885.0	61050.0	62118.0	65272.0	63001.0	64241.0	64472.0	70464.0	2858618.0
	60	62	64	66	68	70	72	74	76	78	80	82	84	86	88	90	92	94	96	98	100	102	104	106	108	110	112	114	116	118	120	122	124	126	128	130	132	134	136	138	140	142	144	146	148	150
PD_195_filtered_2	31141.0	33509.0	35664.0	37995.0	39751.0	40786.0	43437.0	44934.0	46517.0	48346.0	49746.0	50600.0	50907.0	52125.0	53639.0	53636.0	54215.0	55280.0	56137.0	56341.0	57891.0	57533.0	58090.0	59403.0	58473.0	58940.0	58788.0	59454.0	59740.0	60024.0	60822.0	59942.0	60893.0	60784.0	30597.0	40956.0	57323.0	61190.0	61916.0	63314.0	66624.0	64728.0	66409.0	68170.0	75760.0	2845628.0
	60	62	64	66	68	70	72	74	76	78	80	82	84	86	88	90	92	94	96	98	100	102	104	106	108	110	112	114	116	118	120	122	124	126	128	130	132	134	136	138	140	142	144	146	148	150
PD_196_filtered_1	35457.0	37645.0	40221.0	42312.0	44027.0	45713.0	48527.0	50389.0	52380.0	53667.0	55602.0	56540.0	57000.0	57980.0	59195.0	59196.0	59382.0	60715.0	60576.0	60640.0	62288.0	61865.0	61636.0	62757.0	61541.0	62646.0	61762.0	62168.0	62365.0	61877.0	62558.0	61625.0	62088.0	62742.0	32310.0	41521.0	58147.0	61009.0	61704.0	62919.0	65666.0	64360.0	65782.0	66803.0	73591.0	3603671.0
	60	62	64	66	68	70	72	74	76	78	80	82	84	86	88	90	92	94	96	98	100	102	104	106	108	110	112	114	116	118	120	122	124	126	128	130	132	134	136	138	140	142	144	146	148	150
PD_196_filtered_2	34761.0	37191.0	40007.0	42533.0	44425.0	46117.0	48972.0	50910.0	52622.0	53938.0	55809.0	56626.0	57154.0	57954.0	59307.0	59129.0	59581.0	60535.0	60698.0	60652.0	62347.0	61896.0	61723.0	62881.0	61688.0	62726.0	61954.0	62183.0	62390.0	61847.0	62680.0	61859.0	62337.0	62828.0	32193.0	41487.0	58662.0	62002.0	63985.0	65469.0	68941.0	68466.0	71538.0	75527.0	87905.0	3558130.0
	60	62	64	66	68	70	72	74	76	78	80	82	84	86	88	90	92	94	96	98	100	102	104	106	108	110	112	114	116	118	120	122	124	126	128	130	132	134	136	138	140	142	144	146	148	150
PD_197_filtered_1	30534.0	32419.0	33755.0	34613.0	35671.0	36642.0	38639.0	39787.0	40629.0	42133.0	42962.0	43905.0	44553.0	45186.0	46129.0	46388.0	46216.0	46987.0	47774.0	47468.0	48451.0	48768.0	48503.0	49356.0	48906.0	49783.0	49210.0	49852.0	50334.0	50112.0	50847.0	50032.0	50263.0	50846.0	26607.0	33996.0	47808.0	50568.0	50996.0	52751.0	55708.0	53922.0	55143.0	56558.0	62459.0	3076088.0
	60	62	64	66	68	70	72	74	76	78	80	82	84	86	88	90	92	94	96	98	100	102	104	106	108	110	112	114	116	118	120	122	124	126	128	130	132	134	136	138	140	142	144	146	148	150
PD_197_filtered_2	29918.0	32229.0	33589.0	34971.0	36265.0	37168.0	38974.0	40261.0	40822.0	42296.0	43128.0	44130.0	44688.0	45285.0	46167.0	46386.0	46232.0	47140.0	47943.0	47431.0	48420.0	48982.0	48535.0	49461.0	49033.0	49954.0	49269.0	49910.0	50407.0	50211.0	51055.0	50001.0	50423.0	51024.0	26662.0	34129.0	48351.0	51814.0	53642.0	55671.0	59423.0	58581.0	60915.0	65845.0	76364.0	3027152.0
	60	62	64	66	68	70	72	74	76	78	80	82	84	86	88	90	92	94	96	98	100	102	104	106	108	110	112	114	116	118	120	122	124	126	128	130	132	134	136	138	140	142	144	146	148	150
PD_198_filtered_1	9672.0	10714.0	11884.0	12580.0	13530.0	14597.0	16025.0	16918.0	18207.0	19204.0	20681.0	21524.0	22284.0	23844.0	24890.0	25763.0	26903.0	28110.0	28556.0	29069.0	30470.0	31237.0	32313.0	33173.0	33376.0	34695.0	35026.0	35889.0	36804.0	36924.0	38154.0	37938.0	38633.0	39425.0	20790.0	26108.0	37609.0	39999.0	40403.0	42386.0	44713.0	43374.0	45049.0	46264.0	51276.0	2442996.0
	60	62	64	66	68	70	72	74	76	78	80	82	84	86	88	90	92	94	96	98	100	102	104	106	108	110	112	114	116	118	120	122	124	126	128	130	132	134	136	138	140	142	144	146	148	150
PD_198_filtered_2	9424.0	10575.0	11748.0	12662.0	13753.0	14719.0	16221.0	17099.0	18317.0	19227.0	20753.0	21550.0	22295.0	23808.0	24798.0	25635.0	26873.0	28153.0	28554.0	29044.0	30465.0	31279.0	32307.0	33192.0	33409.0	34717.0	34953.0	35943.0	36781.0	36873.0	38072.0	37983.0	38605.0	39540.0	20733.0	26059.0	37853.0	40456.0	41526.0	43760.0	46499.0	45572.0	48243.0	51249.0	59767.0	2418935.0
	151
PD_199P_filtered_1	1.0
	151
PD_199P_filtered_2	1.0
	60	62	64	66	68	70	72	74	76	78	80	82	84	86	88	90	92	94	96	98	100	102	104	106	108	110	112	114	116	118	120	122	124	126	128	130	132	134	136	138	140	142	144	146	148	150
PD_1P_filtered_1	35891.0	37507.0	38759.0	39844.0	40372.0	41338.0	43006.0	43372.0	43925.0	44573.0	45712.0	46122.0	46007.0	46450.0	46895.0	46362.0	46710.0	47047.0	47116.0	46507.0	47430.0	47237.0	46424.0	46846.0	45819.0	45733.0	44792.0	44647.0	44416.0	43590.0	44334.0	43240.0	43733.0	43527.0	22114.0	28788.0	40413.0	42545.0	41990.0	42185.0	43071.0	41951.0	41659.0	41917.0	45222.0	1681676.0
	60	62	64	66	68	70	72	74	76	78	80	82	84	86	88	90	92	94	96	98	100	102	104	106	108	110	112	114	116	118	120	122	124	126	128	130	132	134	136	138	140	142	144	146	148	150
PD_1P_filtered_2	35103.0	36973.0	38411.0	39873.0	40668.0	41423.0	43105.0	43585.0	44026.0	44667.0	45820.0	46133.0	46048.0	46457.0	46905.0	46363.0	46659.0	47083.0	47050.0	46650.0	47397.0	47294.0	46545.0	46944.0	45896.0	45920.0	44772.0	44579.0	44389.0	43515.0	44347.0	43249.0	43830.0	43493.0	22055.0	28800.0	40544.0	43002.0	42887.0	43348.0	44526.0	43569.0	43960.0	45301.0	49839.0	1665811.0
	60	62	64	66	68	70	72	74	76	78	80	82	84	86	88	90	92	94	96	98	100	102	104	106	108	110	112	114	116	118	120	122	124	126	128	130	132	134	136	138	140	142	144	146	148	150
PD_200S_filtered_1	25838.0	27668.0	29688.0	31197.0	32657.0	33845.0	36308.0	37463.0	38858.0	39979.0	41208.0	42342.0	42406.0	43230.0	44281.0	43600.0	44178.0	44497.0	45159.0	45116.0	46528.0	45981.0	45515.0	46008.0	45275.0	45587.0	44967.0	45219.0	44957.0	46036.0	46803.0	45970.0	47567.0	48068.0	24935.0	32455.0	45400.0	47519.0	47548.0	49127.0	52077.0	50330.0	51200.0	51918.0	57382.0	2836290.0
	60	62	64	66	68	70	72	74	76	78	80	82	84	86	88	90	92	94	96	98	100	102	104	106	108	110	112	114	116	118	120	122	124	126	128	130	132	134	136	138	140	142	144	146	148	150
PD_200S_filtered_2	25392.0	27528.0	29485.0	31507.0	33006.0	34196.0	36602.0	37762.0	39019.0	40136.0	41372.0	42543.0	42647.0	43297.0	44469.0	43604.0	44236.0	44504.0	45177.0	45169.0	46538.0	46018.0	45566.0	46083.0	45343.0	45581.0	45144.0	45324.0	45030.0	46067.0	46827.0	45942.0	47549.0	48151.0	24896.0	32641.0	45691.0	48353.0	49386.0	51452.0	54899.0	53756.0	55586.0	59143.0	68720.0	2798843.0
	60	62	64	66	68	70	72	74	76	78	80	82	84	86	88	90	92	94	96	98	100	102	104	106	108	110	112	114	116	118	120	122	124	126	128	130	132	134	136	138	140	142	144	146	148	150
PD_203_filtered_1	23778.0	25218.0	27272.0	28538.0	30223.0	31465.0	33057.0	34690.0	36238.0	37160.0	39105.0	39568.0	40675.0	40797.0	41777.0	41454.0	41994.0	42636.0	42971.0	43227.0	44269.0	43711.0	43802.0	44493.0	42853.0	43702.0	43588.0	44158.0	44480.0	44609.0	44764.0	43980.0	44946.0	44512.0	23213.0	29776.0	41892.0	44423.0	44355.0	45921.0	47923.0	46379.0	46725.0	46952.0	51067.0	2339327.0
	60	62	64	66	68	70	72	74	76	78	80	82	84	86	88	90	92	94	96	98	100	102	104	106	108	110	112	114	116	118	120	122	124	126	128	130	132	134	136	138	140	142	144	146	148	150
PD_203_filtered_2	23140.0	24838.0	27033.0	28602.0	30271.0	31539.0	33169.0	34885.0	36249.0	37176.0	39089.0	39642.0	40701.0	40898.0	41734.0	41496.0	41894.0	42647.0	42979.0	43153.0	44290.0	43756.0	43802.0	44426.0	42942.0	43672.0	43539.0	44177.0	44557.0	44563.0	44804.0	43998.0	44837.0	44545.0	23005.0	29654.0	41908.0	44797.0	45141.0	46911.0	49072.0	47890.0	49016.0	50339.0	56305.0	2324582.0
	60	62	64	66	68	70	72	74	76	78	80	82	84	86	88	90	92	94	96	98	100	102	104	106	108	110	112	114	116	118	120	122	124	126	128	130	132	134	136	138	140	142	144	146	148	150
PD_204_filtered_1	36390.0	38390.0	39835.0	41093.0	41863.0	42238.0	44176.0	44960.0	45393.0	46743.0	48199.0	48067.0	48112.0	48444.0	49172.0	48449.0	48028.0	48715.0	48898.0	48934.0	48822.0	48640.0	48044.0	48063.0	47603.0	47612.0	47334.0	47609.0	47061.0	46870.0	47296.0	45851.0	45999.0	46050.0	23872.0	30228.0	42956.0	44403.0	44276.0	44837.0	46228.0	44857.0	45171.0	45285.0	48454.0	1950901.0
	60	62	64	66	68	70	72	74	76	78	80	82	84	86	88	90	92	94	96	98	100	102	104	106	108	110	112	114	116	118	120	122	124	126	128	130	132	134	136	138	140	142	144	146	148	150
PD_204_filtered_2	35621.0	37988.0	39456.0	41132.0	42222.0	42610.0	44488.0	45246.0	45646.0	46828.0	48291.0	48252.0	48103.0	48604.0	49216.0	48427.0	48088.0	48790.0	48958.0	48828.0	48915.0	48663.0	48047.0	48147.0	47587.0	47641.0	47413.0	47758.0	47087.0	47027.0	47189.0	45803.0	46124.0	46071.0	23705.0	30304.0	43210.0	44860.0	45531.0	46285.0	48106.0	46963.0	47937.0	49727.0	55344.0	1928183.0
	60	62	64	66	68	70	72	74	76	78	80	82	84	86	88	90	92	94	96	98	100	102	104	106	108	110	112	114	116	118	120	122	124	126	128	130	132	134	136	138	140	142	144	146	148	150
PD_205P_filtered_1	10716.0	11598.0	11798.0	12222.0	12091.0	12471.0	13185.0	14324.0	15256.0	16749.0	17526.0	18242.0	18997.0	19351.0	20507.0	20796.0	21789.0	23755.0	25689.0	26940.0	28472.0	28395.0	28051.0	29116.0	28426.0	28660.0	27673.0	27767.0	27416.0	27780.0	28680.0	28232.0	29701.0	30827.0	15812.0	20560.0	30281.0	33390.0	33718.0	35207.0	36963.0	36164.0	36240.0	37267.0	40305.0	2067377.0
	60	62	64	66	68	70	72	74	76	78	80	82	84	86	88	90	92	94	96	98	100	102	104	106	108	110	112	114	116	118	120	122	124	126	128	130	132	134	136	138	140	142	144	146	148	150
PD_205P_filtered_2	10687.0	11590.0	11929.0	12354.0	12270.0	12601.0	13357.0	14559.0	15338.0	16877.0	17576.0	18360.0	19134.0	19403.0	20552.0	20867.0	21806.0	23821.0	25582.0	26901.0	28440.0	28457.0	27999.0	29155.0	28414.0	28689.0	27708.0	27814.0	27466.0	27834.0	28717.0	28281.0	29697.0	30846.0	15892.0	20592.0	30417.0	33833.0	34714.0	36337.0	38413.0	37978.0	38439.0	40751.0	46107.0	2047928.0
	60	62	64	66	68	70	72	74	76	78	80	82	84	86	88	90	92	94	96	98	100	102	104	106	108	110	112	114	116	118	120	122	124	126	128	130	132	134	136	138	140	142	144	146	148	150
PD_206S_filtered_1	31753.0	34284.0	36155.0	37763.0	38841.0	40344.0	42563.0	43788.0	45158.0	46322.0	47933.0	48517.0	49381.0	50199.0	50872.0	50954.0	51386.0	52399.0	52855.0	52405.0	53556.0	53334.0	52946.0	54081.0	53309.0	53520.0	53464.0	53671.0	53714.0	53452.0	54007.0	53441.0	53839.0	54256.0	28277.0	36141.0	50631.0	53375.0	53906.0	54926.0	57832.0	56379.0	57049.0	58571.0	64823.0	3271563.0
	60	62	64	66	68	70	72	74	76	78	80	82	84	86	88	90	92	94	96	98	100	102	104	106	108	110	112	114	116	118	120	122	124	126	128	130	132	134	136	138	140	142	144	146	148	150
PD_206S_filtered_2	31142.0	33995.0	35889.0	38196.0	39275.0	40849.0	42991.0	44292.0	45330.0	46509.0	48153.0	48694.0	49585.0	50325.0	50965.0	51000.0	51506.0	52434.0	52947.0	52471.0	53528.0	53398.0	53129.0	54216.0	53453.0	53589.0	53595.0	53748.0	53800.0	53560.0	54175.0	53544.0	54007.0	54395.0	28346.0	36413.0	51191.0	54617.0	56341.0	57630.0	61358.0	60497.0	62716.0	67872.0	79812.0	3222457.0
	60	62	64	66	68	70	72	74	76	78	80	82	84	86	88	90	92	94	96	98	100	102	104	106	108	110	112	114	116	118	120	122	124	126	128	130	132	134	136	138	140	142	144	146	148	150
PD_207P_filtered_1	30866.0	32941.0	34778.0	35805.0	37374.0	39068.0	41310.0	42513.0	43817.0	44957.0	46493.0	47996.0	48455.0	49589.0	49903.0	50297.0	50579.0	51890.0	52273.0	52386.0	53456.0	53734.0	53719.0	54309.0	53750.0	54599.0	54142.0	55046.0	54792.0	54910.0	55960.0	54463.0	55126.0	55207.0	28949.0	37082.0	51622.0	53904.0	54570.0	55806.0	57928.0	56307.0	57557.0	58126.0	64112.0	2673447.0
	60	62	64	66	68	70	72	74	76	78	80	82	84	86	88	90	92	94	96	98	100	102	104	106	108	110	112	114	116	118	120	122	124	126	128	130	132	134	136	138	140	142	144	146	148	150
PD_207P_filtered_2	29979.0	32374.0	34367.0	35846.0	37566.0	39219.0	41536.0	42762.0	43767.0	45144.0	46628.0	48056.0	48517.0	49595.0	49887.0	50344.0	50597.0	51831.0	52217.0	52385.0	53447.0	53704.0	53786.0	54276.0	53803.0	54570.0	54157.0	55130.0	54705.0	54901.0	55949.0	54532.0	55264.0	55250.0	28764.0	37162.0	51840.0	54596.0	55789.0	57524.0	59865.0	58495.0	60648.0	63259.0	72489.0	2649391.0
	60	62	64	66	68	70	72	74	76	78	80	82	84	86	88	90	92	94	96	98	100	102	104	106	108	110	112	114	116	118	120	122	124	126	128	130	132	134	136	138	140	142	144	146	148	150
PD_208S_filtered_1	20562.0	22408.0	23482.0	24958.0	25863.0	26836.0	28308.0	29434.0	30504.0	31807.0	32874.0	33303.0	34027.0	34238.0	35215.0	35337.0	35811.0	36599.0	37304.0	36959.0	38377.0	37888.0	37800.0	38302.0	37743.0	38775.0	38271.0	38874.0	39068.0	39061.0	39706.0	38252.0	39025.0	39161.0	19852.0	25544.0	37040.0	39082.0	39710.0	40376.0	42070.0	41026.0	41618.0	42060.0	45711.0	2299325.0
	60	62	64	66	68	70	72	74	76	78	80	82	84	86	88	90	92	94	96	98	100	102	104	106	108	110	112	114	116	118	120	122	124	126	128	130	132	134	136	138	140	142	144	146	148	150
PD_208S_filtered_2	20136.0	22098.0	23283.0	25072.0	26087.0	26963.0	28496.0	29640.0	30655.0	31909.0	32880.0	33315.0	34079.0	34248.0	35281.0	35313.0	35822.0	36663.0	37377.0	37037.0	38373.0	37959.0	37779.0	38364.0	37817.0	38821.0	38432.0	38952.0	39075.0	39041.0	39811.0	38340.0	39007.0	39251.0	19906.0	25614.0	37301.0	39624.0	40740.0	41831.0	43817.0	43164.0	44803.0	46894.0	53052.0	2275424.0
	60	62	64	66	68	70	72	74	76	78	80	82	84	86	88	90	92	94	96	98	100	102	104	106	108	110	112	114	116	118	120	122	124	126	128	130	132	134	136	138	140	142	144	146	148	150
PD_209P_filtered_1	28163.0	30060.0	32154.0	33454.0	34154.0	35360.0	37424.0	38561.0	39863.0	41138.0	42146.0	43577.0	44666.0	44782.0	45688.0	46429.0	46633.0	47776.0	48545.0	48593.0	49736.0	49997.0	49973.0	50913.0	50502.0	51486.0	51388.0	52022.0	52583.0	52466.0	53680.0	52879.0	53284.0	54000.0	27098.0	35245.0	50680.0	54216.0	54692.0	55953.0	58335.0	56895.0	58104.0	59428.0	64325.0	2935037.0
	60	62	64	66	68	70	72	74	76	78	80	82	84	86	88	90	92	94	96	98	100	102	104	106	108	110	112	114	116	118	120	122	124	126	128	130	132	134	136	138	140	142	144	146	148	150
PD_209P_filtered_2	27540.0	29793.0	31900.0	33555.0	34500.0	35534.0	37657.0	38919.0	39961.0	41257.0	42292.0	43590.0	44669.0	44816.0	45753.0	46490.0	46488.0	47914.0	48614.0	48532.0	49773.0	50084.0	49968.0	51015.0	50361.0	51494.0	51374.0	52089.0	52615.0	52484.0	53634.0	52881.0	53335.0	54094.0	26959.0	35240.0	50957.0	54725.0	55968.0	57458.0	60426.0	59165.0	61266.0	64362.0	71844.0	2910738.0
	60	62	64	66	68	70	72	74	76	78	80	82	84	86	88	90	92	94	96	98	100	102	104	106	108	110	112	114	116	118	120	122	124	126	128	130	132	134	136	138	140	142	144	146	148	150
PD_210S_filtered_1	22281.0	24196.0	25430.0	26915.0	27532.0	28455.0	30231.0	31222.0	31970.0	33289.0	34005.0	35161.0	35797.0	36538.0	36988.0	37601.0	37414.0	38713.0	38613.0	39093.0	39776.0	39880.0	39815.0	40584.0	39863.0	40998.0	40543.0	40567.0	40643.0	40837.0	41569.0	40795.0	41142.0	41330.0	21807.0	27259.0	38751.0	41079.0	41463.0	42735.0	44780.0	43487.0	43960.0	45127.0	49960.0	2655145.0
	60	62	64	66	68	70	72	74	76	78	80	82	84	86	88	90	92	94	96	98	100	102	104	106	108	110	112	114	116	118	120	122	124	126	128	130	132	134	136	138	140	142	144	146	148	150
PD_210S_filtered_2	22012.0	24158.0	25428.0	27294.0	28031.0	28812.0	30602.0	31656.0	32345.0	33485.0	34269.0	35359.0	36000.0	36683.0	37150.0	37654.0	37500.0	38865.0	38729.0	39192.0	39840.0	39934.0	39957.0	40747.0	39855.0	41133.0	40559.0	40728.0	40847.0	40937.0	41739.0	40819.0	41309.0	41635.0	21884.0	27374.0	39193.0	42198.0	43547.0	45181.0	47962.0	47402.0	49074.0	53033.0	62691.0	2610537.0
	60	62	64	66	68	70	72	74	76	78	80	82	84	86	88	90	92	94	96	98	100	102	104	106	108	110	112	114	116	118	120	122	124	126	128	130	132	134	136	138	140	142	144	146	148	150
PD_211P_filtered_1	143.0	174.0	168.0	192.0	180.0	186.0	211.0	193.0	237.0	244.0	243.0	247.0	272.0	267.0	275.0	288.0	287.0	308.0	315.0	311.0	306.0	337.0	336.0	388.0	328.0	347.0	420.0	383.0	374.0	390.0	419.0	400.0	446.0	454.0	241.0	292.0	432.0	486.0	419.0	428.0	495.0	513.0	446.0	500.0	505.0	22420.0
	60	62	64	66	68	70	72	74	76	78	80	82	84	86	88	90	92	94	96	98	100	102	104	106	108	110	112	114	116	118	120	122	124	126	128	130	132	134	136	138	140	142	144	146	148	150
PD_211P_filtered_2	146.0	177.0	176.0	189.0	180.0	194.0	214.0	192.0	238.0	246.0	242.0	247.0	273.0	268.0	284.0	296.0	287.0	312.0	321.0	315.0	310.0	333.0	347.0	394.0	330.0	360.0	410.0	385.0	373.0	401.0	426.0	398.0	445.0	459.0	254.0	301.0	442.0	494.0	432.0	470.0	513.0	557.0	486.0	564.0	646.0	21919.0
	60	62	64	66	68	70	72	74	76	78	80	82	84	86	88	90	92	94	96	98	100	102	104	106	108	110	112	114	116	118	120	122	124	126	128	130	132	134	136	138	140	142	144	146	148	150
PD_212S_filtered_1	76.0	92.0	98.0	74.0	85.0	95.0	80.0	121.0	97.0	96.0	124.0	114.0	112.0	128.0	143.0	126.0	154.0	146.0	147.0	157.0	170.0	163.0	174.0	153.0	174.0	164.0	185.0	183.0	184.0	181.0	192.0	162.0	203.0	209.0	117.0	124.0	181.0	216.0	189.0	212.0	218.0	190.0	227.0	208.0	229.0	8254.0
	60	62	64	66	68	70	72	74	76	78	80	82	84	86	88	90	92	94	96	98	100	102	104	106	108	110	112	114	116	118	120	122	124	126	128	130	132	134	136	138	140	142	144	146	148	150
PD_212S_filtered_2	69.0	99.0	98.0	69.0	88.0	98.0	82.0	122.0	99.0	92.0	126.0	113.0	111.0	127.0	146.0	124.0	156.0	147.0	144.0	158.0	177.0	161.0	178.0	151.0	170.0	167.0	186.0	186.0	187.0	184.0	189.0	157.0	205.0	205.0	122.0	126.0	185.0	226.0	198.0	215.0	221.0	197.0	245.0	226.0	262.0	8133.0
	60	62	64	66	68	70	72	74	76	78	80	82	84	86	88	90	92	94	96	98	100	102	104	106	108	110	112	114	116	118	120	122	124	126	128	130	132	134	136	138	140	142	144	146	148	150
PD_213S_filtered_1	31928.0	33831.0	35609.0	37057.0	38016.0	39543.0	41161.0	42264.0	43667.0	44616.0	46371.0	47113.0	47901.0	48309.0	49496.0	49308.0	50151.0	51663.0	51943.0	52171.0	52951.0	53857.0	53734.0	54974.0	54504.0	55336.0	56018.0	56223.0	56781.0	56422.0	57445.0	56893.0	57950.0	58357.0	30351.0	38618.0	55617.0	58729.0	59572.0	61726.0	63902.0	62863.0	64221.0	65851.0	73090.0	3240614.0
	60	62	64	66	68	70	72	74	76	78	80	82	84	86	88	90	92	94	96	98	100	102	104	106	108	110	112	114	116	118	120	122	124	126	128	130	132	134	136	138	140	142	144	146	148	150
PD_213S_filtered_2	31147.0	33350.0	35154.0	37097.0	38285.0	39885.0	41471.0	42509.0	43830.0	44747.0	46520.0	47135.0	47899.0	48272.0	49585.0	49345.0	50186.0	51577.0	51927.0	52261.0	52905.0	53863.0	53691.0	55144.0	54530.0	55406.0	56094.0	56180.0	56756.0	56465.0	57435.0	56907.0	57988.0	58376.0	30328.0	38599.0	55863.0	59396.0	61317.0	63846.0	66420.0	65502.0	67982.0	72357.0	82668.0	3210517.0
	60	62	64	66	68	70	72	74	76	78	80	82	84	86	88	90	92	94	96	98	100	102	104	106	108	110	112	114	116	118	120	122	124	126	128	130	132	134	136	138	140	142	144	146	148	150
PD_214S_filtered_1	17036.0	18440.0	19910.0	21152.0	22026.0	22749.0	24522.0	25353.0	26691.0	27583.0	28918.0	29787.0	30720.0	31134.0	31331.0	31853.0	32323.0	33275.0	34318.0	35552.0	36233.0	36156.0	36607.0	37563.0	37608.0	38551.0	38717.0	39082.0	39071.0	39841.0	40525.0	40569.0	40888.0	42023.0	21104.0	27617.0	39663.0	43025.0	43389.0	44998.0	47146.0	46445.0	46898.0	48642.0	53250.0	2807095.0
	60	62	64	66	68	70	72	74	76	78	80	82	84	86	88	90	92	94	96	98	100	102	104	106	108	110	112	114	116	118	120	122	124	126	128	130	132	134	136	138	140	142	144	146	148	150
PD_214S_filtered_2	16890.0	18491.0	19908.0	21417.0	22315.0	23092.0	24840.0	25766.0	27067.0	27748.0	29123.0	29885.0	30815.0	31303.0	31418.0	31929.0	32358.0	33316.0	34416.0	35528.0	36296.0	36268.0	36578.0	37591.0	37582.0	38613.0	38824.0	39046.0	39172.0	39947.0	40547.0	40591.0	40917.0	41995.0	21059.0	27713.0	39892.0	43671.0	45006.0	46886.0	49650.0	49431.0	50746.0	54231.0	62205.0	2775297.0
	60	62	64	66	68	70	72	74	76	78	80	82	84	86	88	90	92	94	96	98	100	102	104	106	108	110	112	114	116	118	120	122	124	126	128	130	132	134	136	138	140	142	144	146	148	150
PD_215S_filtered_1	34742.0	37344.0	39276.0	41368.0	43378.0	44690.0	46930.0	48593.0	49657.0	51678.0	53768.0	54332.0	55336.0	55457.0	56859.0	57821.0	57534.0	58290.0	58495.0	58201.0	59222.0	59481.0	59806.0	59848.0	58956.0	59539.0	59271.0	59384.0	58468.0	59189.0	59724.0	58809.0	59151.0	60019.0	30503.0	39843.0	56239.0	59449.0	60247.0	61619.0	64803.0	62598.0	64588.0	65051.0	72459.0	3884279.0
	60	62	64	66	68	70	72	74	76	78	80	82	84	86	88	90	92	94	96	98	100	102	104	106	108	110	112	114	116	118	120	122	124	126	128	130	132	134	136	138	140	142	144	146	148	150
PD_215S_filtered_2	34376.0	37218.0	39187.0	41912.0	44009.0	45441.0	47486.0	49272.0	50073.0	52136.0	54073.0	54767.0	55501.0	55640.0	57082.0	57984.0	57670.0	58489.0	58526.0	58441.0	59353.0	59575.0	59836.0	60024.0	59044.0	59703.0	59328.0	59450.0	58607.0	59321.0	59866.0	58870.0	59349.0	60196.0	30443.0	40014.0	56647.0	60653.0	62799.0	64969.0	68732.0	67718.0	70984.0	74986.0	88189.0	3828355.0
	60	62	64	66	68	70	72	74	76	78	80	82	84	86	88	90	92	94	96	98	100	102	104	106	108	110	112	114	116	118	120	122	124	126	128	130	132	134	136	138	140	142	144	146	148	150
PD_216S_filtered_1	144.0	144.0	151.0	154.0	172.0	168.0	147.0	170.0	190.0	192.0	200.0	239.0	216.0	215.0	227.0	249.0	225.0	269.0	256.0	276.0	272.0	303.0	302.0	307.0	310.0	317.0	343.0	320.0	363.0	365.0	368.0	365.0	368.0	354.0	200.0	257.0	329.0	400.0	398.0	429.0	467.0	355.0	418.0	410.0	437.0	16990.0
	60	62	64	66	68	70	72	74	76	78	80	82	84	86	88	90	92	94	96	98	100	102	104	106	108	110	112	114	116	118	120	122	124	126	128	130	132	134	136	138	140	142	144	146	148	150
PD_216S_filtered_2	140.0	143.0	152.0	160.0	171.0	167.0	156.0	176.0	189.0	192.0	197.0	242.0	219.0	210.0	233.0	249.0	224.0	270.0	261.0	265.0	272.0	296.0	300.0	316.0	309.0	312.0	345.0	327.0	364.0	363.0	371.0	364.0	362.0	349.0	205.0	255.0	342.0	416.0	400.0	451.0	492.0	368.0	437.0	462.0	501.0	16756.0
	60	62	64	66	68	70	72	74	76	78	80	82	84	86	88	90	92	94	96	98	100	102	104	106	108	110	112	114	116	118	120	122	124	126	128	130	132	134	136	138	140	142	144	146	148	150
PD_217P_filtered_1	208.0	216.0	195.0	213.0	221.0	262.0	281.0	296.0	302.0	322.0	309.0	333.0	373.0	352.0	342.0	355.0	353.0	412.0	418.0	408.0	442.0	448.0	486.0	511.0	474.0	499.0	577.0	520.0	522.0	491.0	513.0	531.0	516.0	550.0	260.0	438.0	517.0	582.0	606.0	614.0	675.0	595.0	637.0	604.0	744.0	32658.0
	60	62	64	66	68	70	72	74	76	78	80	82	84	86	88	90	92	94	96	98	100	102	104	106	108	110	112	114	116	118	120	122	124	126	128	130	132	134	136	138	140	142	144	146	148	150
PD_217P_filtered_2	207.0	201.0	198.0	218.0	226.0	272.0	290.0	300.0	300.0	312.0	308.0	345.0	379.0	358.0	353.0	352.0	351.0	420.0	430.0	415.0	432.0	449.0	506.0	515.0	476.0	494.0	570.0	523.0	527.0	510.0	522.0	522.0	521.0	552.0	265.0	436.0	517.0	597.0	637.0	651.0	689.0	653.0	711.0	715.0	911.0	32045.0
	60	62	64	66	68	70	72	74	76	78	80	82	84	86	88	90	92	94	96	98	100	102	104	106	108	110	112	114	116	118	120	122	124	126	128	130	132	134	136	138	140	142	144	146	148	150
PD_218S_filtered_1	4.0	4.0	2.0	3.0	3.0	7.0	2.0	1.0	9.0	1.0	3.0	9.0	4.0	4.0	7.0	17.0	6.0	7.0	5.0	8.0	7.0	6.0	9.0	9.0	16.0	12.0	12.0	8.0	11.0	9.0	12.0	8.0	13.0	17.0	8.0	13.0	12.0	16.0	10.0	12.0	20.0	18.0	21.0	8.0	21.0	574.0
	60	62	64	66	68	70	72	74	76	78	80	82	84	86	88	90	92	94	96	98	100	102	104	106	108	110	112	114	116	118	120	122	124	126	128	130	132	134	136	138	140	142	144	146	148	150
PD_218S_filtered_2	4.0	5.0	2.0	3.0	3.0	6.0	1.0	2.0	10.0	1.0	3.0	8.0	5.0	4.0	5.0	15.0	7.0	7.0	4.0	7.0	8.0	6.0	9.0	8.0	14.0	14.0	14.0	9.0	9.0	9.0	12.0	9.0	12.0	17.0	8.0	13.0	11.0	16.0	12.0	12.0	20.0	15.0	22.0	9.0	17.0	581.0
	60	62	64	66	68	70	72	74	76	78	80	82	84	86	88	90	92	94	96	98	100	102	104	106	108	110	112	114	116	118	120	122	124	126	128	130	132	134	136	138	140	142	144	146	148	150
PD_221P_filtered_1	23364.0	24969.0	26291.0	27038.0	27999.0	29020.0	30704.0	31542.0	32576.0	33811.0	34688.0	35929.0	36100.0	36581.0	37262.0	37417.0	38085.0	38675.0	39432.0	40070.0	41420.0	41315.0	41076.0	42163.0	41741.0	42881.0	42861.0	43904.0	43852.0	44124.0	45550.0	44689.0	45861.0	46621.0	24158.0	31360.0	44939.0	47607.0	47958.0	49499.0	51988.0	50689.0	51637.0	52285.0	57411.0	2817447.0
	60	62	64	66	68	70	72	74	76	78	80	82	84	86	88	90	92	94	96	98	100	102	104	106	108	110	112	114	116	118	120	122	124	126	128	130	132	134	136	138	140	142	144	146	148	150
PD_221P_filtered_2	23034.0	24759.0	26092.0	27256.0	28315.0	29266.0	30930.0	31820.0	32637.0	33956.0	34813.0	35959.0	36133.0	36656.0	37413.0	37491.0	38104.0	38781.0	39389.0	40167.0	41462.0	41329.0	41164.0	42271.0	41786.0	42905.0	42872.0	43785.0	43914.0	44078.0	45573.0	44630.0	45889.0	46701.0	24167.0	31372.0	45131.0	48228.0	49511.0	51417.0	54172.0	53224.0	55066.0	57661.0	65352.0	2789958.0
	60	62	64	66	68	70	72	74	76	78	80	82	84	86	88	90	92	94	96	98	100	102	104	106	108	110	112	114	116	118	120	122	124	126	128	130	132	134	136	138	140	142	144	146	148	150
PD_222S_filtered_1	31166.0	33235.0	34475.0	35765.0	36845.0	37720.0	39642.0	40456.0	41422.0	42184.0	43395.0	44043.0	44128.0	45042.0	45292.0	45265.0	45538.0	46037.0	46657.0	46256.0	47236.0	46845.0	46782.0	47526.0	46036.0	46478.0	45643.0	45590.0	45103.0	45083.0	45753.0	45021.0	45497.0	45329.0	22997.0	29530.0	42204.0	44548.0	44662.0	45522.0	46964.0	45338.0	46069.0	45918.0	50373.0	2447664.0
	60	62	64	66	68	70	72	74	76	78	80	82	84	86	88	90	92	94	96	98	100	102	104	106	108	110	112	114	116	118	120	122	124	126	128	130	132	134	136	138	140	142	144	146	148	150
PD_222S_filtered_2	30890.0	33186.0	34605.0	36148.0	37229.0	38050.0	40021.0	40904.0	41678.0	42495.0	43684.0	44268.0	44364.0	45277.0	45621.0	45312.0	45615.0	46249.0	46773.0	46373.0	47351.0	46894.0	46968.0	47590.0	46097.0	46548.0	45720.0	45574.0	45163.0	45114.0	45895.0	45164.0	45621.0	45480.0	23106.0	29782.0	42595.0	45404.0	46376.0	47618.0	49780.0	48934.0	50741.0	53105.0	62322.0	2406590.0
	60	62	64	66	68	70	72	74	76	78	80	82	84	86	88	90	92	94	96	98	100	102	104	106	108	110	112	114	116	118	120	122	124	126	128	130	132	134	136	138	140	142	144	146	148	150
PD_223P_filtered_1	34157.0	36896.0	39008.0	40696.0	41969.0	43732.0	46414.0	47439.0	49620.0	51103.0	53136.0	54195.0	54821.0	55384.0	56265.0	56870.0	56412.0	58449.0	60119.0	60107.0	61683.0	61821.0	62095.0	63297.0	62372.0	63362.0	63495.0	63480.0	63447.0	64097.0	65401.0	63970.0	65353.0	65141.0	32782.0	43183.0	61093.0	65161.0	65007.0	66438.0	69319.0	67607.0	68391.0	69007.0	75493.0	3756947.0
	60	62	64	66	68	70	72	74	76	78	80	82	84	86	88	90	92	94	96	98	100	102	104	106	108	110	112	114	116	118	120	122	124	126	128	130	132	134	136	138	140	142	144	146	148	150
PD_223P_filtered_2	33679.0	36624.0	38842.0	41155.0	42570.0	44275.0	46921.0	47966.0	49924.0	51349.0	53485.0	54313.0	55008.0	55540.0	56417.0	56953.0	56562.0	58553.0	60148.0	60114.0	61847.0	61768.0	62258.0	63264.0	62491.0	63561.0	63607.0	63571.0	63626.0	64287.0	65494.0	64097.0	65507.0	65317.0	32804.0	43244.0	61620.0	66255.0	67242.0	69343.0	73220.0	72093.0	74303.0	77576.0	88874.0	3708567.0
	60	62	64	66	68	70	72	74	76	78	80	82	84	86	88	90	92	94	96	98	100	102	104	106	108	110	112	114	116	118	120	122	124	126	128	130	132	134	136	138	140	142	144	146	148	150
PD_224S_filtered_1	35244.0	37676.0	39387.0	40798.0	41952.0	43584.0	45788.0	46842.0	47479.0	49133.0	51036.0	51753.0	52835.0	53375.0	54664.0	55004.0	55310.0	56717.0	57598.0	57589.0	58719.0	58557.0	59144.0	60522.0	59671.0	60277.0	60492.0	61569.0	61783.0	61921.0	62729.0	61808.0	62695.0	63085.0	32480.0	40921.0	59444.0	63804.0	64330.0	66779.0	70259.0	69038.0	70736.0	73379.0	81618.0	4268939.0
	60	62	64	66	68	70	72	74	76	78	80	82	84	86	88	90	92	94	96	98	100	102	104	106	108	110	112	114	116	118	120	122	124	126	128	130	132	134	136	138	140	142	144	146	148	150
PD_224S_filtered_2	34770.0	37365.0	39297.0	41193.0	42481.0	44081.0	46276.0	47369.0	47888.0	49413.0	51313.0	51994.0	53097.0	53547.0	54839.0	55222.0	55394.0	56762.0	57678.0	57679.0	58829.0	58734.0	59381.0	60556.0	59838.0	60465.0	60505.0	61635.0	61922.0	61981.0	62839.0	61933.0	62867.0	63326.0	32584.0	41033.0	59829.0	64916.0	66954.0	70010.0	74353.0	73609.0	77258.0	83301.0	98229.0	4213918.0
	60	62	64	66	68	70	72	74	76	78	80	82	84	86	88	90	92	94	96	98	100	102	104	106	108	110	112	114	116	118	120	122	124	126	128	130	132	134	136	138	140	142	144	146	148	150
PD_225P_filtered_1	35139.0	37416.0	39230.0	40362.0	42149.0	43510.0	45377.0	46369.0	47528.0	49375.0	51347.0	51708.0	52566.0	52910.0	54065.0	53497.0	54452.0	55019.0	56615.0	56779.0	58228.0	57826.0	58199.0	58822.0	57998.0	58533.0	58462.0	58894.0	59531.0	60230.0	60833.0	59541.0	61505.0	61502.0	31743.0	40160.0	57857.0	60919.0	61857.0	63243.0	66337.0	63929.0	65513.0	66550.0	72732.0	3341289.0
	60	62	64	66	68	70	72	74	76	78	80	82	84	86	88	90	92	94	96	98	100	102	104	106	108	110	112	114	116	118	120	122	124	126	128	130	132	134	136	138	140	142	144	146	148	150
PD_225P_filtered_2	34290.0	36940.0	38689.0	40508.0	42363.0	43721.0	45639.0	46658.0	47597.0	49556.0	51381.0	51780.0	52581.0	52972.0	54054.0	53524.0	54427.0	55048.0	56588.0	56832.0	58269.0	57790.0	58266.0	58793.0	58058.0	58556.0	58360.0	58854.0	59484.0	60249.0	60832.0	59503.0	61672.0	61410.0	31591.0	39968.0	57903.0	61602.0	63092.0	64968.0	68157.0	66280.0	69010.0	71595.0	81097.0	3317139.0
	60	62	64	66	68	70	72	74	76	78	80	82	84	86	88	90	92	94	96	98	100	102	104	106	108	110	112	114	116	118	120	122	124	126	128	130	132	134	136	138	140	142	144	146	148	150
PD_226S_filtered_1	25297.0	27152.0	28111.0	29001.0	29922.0	30770.0	32558.0	33132.0	34028.0	34895.0	35707.0	36326.0	37174.0	37335.0	38072.0	38377.0	38828.0	39234.0	40003.0	39505.0	40872.0	40744.0	41249.0	42356.0	41581.0	42099.0	42317.0	42736.0	42312.0	42690.0	43063.0	42779.0	43584.0	43372.0	22837.0	28942.0	40722.0	43676.0	43973.0	44927.0	47431.0	46102.0	47686.0	48487.0	54047.0	2630199.0
	60	62	64	66	68	70	72	74	76	78	80	82	84	86	88	90	92	94	96	98	100	102	104	106	108	110	112	114	116	118	120	122	124	126	128	130	132	134	136	138	140	142	144	146	148	150
PD_226S_filtered_2	24954.0	27042.0	28057.0	29360.0	30302.0	31232.0	32972.0	33606.0	34380.0	35105.0	35930.0	36477.0	37451.0	37499.0	38145.0	38492.0	38999.0	39307.0	40024.0	39608.0	41024.0	40762.0	41282.0	42458.0	41663.0	42091.0	42482.0	42851.0	42400.0	42830.0	43205.0	42927.0	43791.0	43607.0	23041.0	29103.0	41238.0	44503.0	46043.0	47772.0	50872.0	49998.0	52960.0	56691.0	66755.0	2584919.0
	60	62	64	66	68	70	72	74	76	78	80	82	84	86	88	90	92	94	96	98	100	102	104	106	108	110	112	114	116	118	120	122	124	126	128	130	132	134	136	138	140	142	144	146	148	150
PD_227P_filtered_1	37525.0	39781.0	41301.0	42321.0	43100.0	44404.0	46106.0	47670.0	47907.0	49107.0	50976.0	51615.0	51743.0	51771.0	51936.0	51668.0	52123.0	52459.0	52782.0	52600.0	53612.0	52402.0	51809.0	51792.0	50516.0	51583.0	50441.0	50418.0	50267.0	49627.0	49841.0	48951.0	48697.0	48253.0	24033.0	30649.0	43902.0	45793.0	45736.0	45934.0	46753.0	45028.0	45546.0	45192.0	47937.0	1749935.0
	60	62	64	66	68	70	72	74	76	78	80	82	84	86	88	90	92	94	96	98	100	102	104	106	108	110	112	114	116	118	120	122	124	126	128	130	132	134	136	138	140	142	144	146	148	150
PD_227P_filtered_2	36553.0	39206.0	40864.0	42314.0	43168.0	44474.0	46301.0	47853.0	48096.0	49181.0	51068.0	51693.0	51865.0	51727.0	51869.0	51720.0	52186.0	52364.0	52820.0	52605.0	53645.0	52510.0	51817.0	51813.0	50657.0	51670.0	50420.0	50384.0	50208.0	49669.0	49800.0	48965.0	48759.0	48230.0	23886.0	30580.0	43972.0	46178.0	46465.0	46869.0	47773.0	46257.0	47155.0	47759.0	51959.0	1738215.0
	60	62	64	66	68	70	72	74	76	78	80	82	84	86	88	90	92	94	96	98	100	102	104	106	108	110	112	114	116	118	120	122	124	126	128	130	132	134	136	138	140	142	144	146	148	150
PD_228S_filtered_1	21501.0	23615.0	25102.0	26470.0	27745.0	29100.0	31271.0	32546.0	33316.0	34666.0	36034.0	37820.0	38205.0	38703.0	39704.0	39778.0	39663.0	41188.0	41738.0	42281.0	43394.0	43511.0	43475.0	44095.0	43368.0	44525.0	44148.0	44673.0	44295.0	45007.0	45799.0	45676.0	46707.0	47203.0	24707.0	31197.0	44465.0	47444.0	47682.0	49419.0	52282.0	50619.0	51831.0	53026.0	58987.0	3054156.0
	60	62	64	66	68	70	72	74	76	78	80	82	84	86	88	90	92	94	96	98	100	102	104	106	108	110	112	114	116	118	120	122	124	126	128	130	132	134	136	138	140	142	144	146	148	150
PD_228S_filtered_2	21148.0	23481.0	25029.0	26729.0	28098.0	29453.0	31609.0	32912.0	33568.0	34859.0	36318.0	38023.0	38390.0	38792.0	39828.0	39849.0	39819.0	41252.0	41842.0	42343.0	43533.0	43539.0	43571.0	44048.0	43469.0	44547.0	44100.0	44761.0	44362.0	45129.0	45987.0	45813.0	46733.0	47403.0	24499.0	31429.0	44811.0	48355.0	49581.0	51685.0	55192.0	54258.0	56387.0	60486.0	70893.0	3014224.0
	60	62	64	66	68	70	72	74	76	78	80	82	84	86	88	90	92	94	96	98	100	102	104	106	108	110	112	114	116	118	120	122	124	126	128	130	132	134	136	138	140	142	144	146	148	150
PD_229P_filtered_1	28643.0	30384.0	31739.0	32826.0	33852.0	34211.0	36208.0	36886.0	37770.0	38916.0	40418.0	40787.0	41370.0	41942.0	42668.0	42742.0	43153.0	44333.0	44626.0	44598.0	45387.0	45583.0	45819.0	46664.0	46507.0	47605.0	46604.0	47470.0	47870.0	47839.0	48852.0	47471.0	48631.0	48911.0	25456.0	32403.0	46447.0	48601.0	49482.0	50935.0	53736.0	51701.0	53391.0	53942.0	59427.0	2780676.0
	60	62	64	66	68	70	72	74	76	78	80	82	84	86	88	90	92	94	96	98	100	102	104	106	108	110	112	114	116	118	120	122	124	126	128	130	132	134	136	138	140	142	144	146	148	150
PD_229P_filtered_2	27986.0	30103.0	31466.0	32884.0	34114.0	34392.0	36484.0	37112.0	37841.0	39093.0	40514.0	40868.0	41422.0	41962.0	42698.0	42750.0	43142.0	44314.0	44632.0	44687.0	45370.0	45567.0	45818.0	46750.0	46546.0	47560.0	46717.0	47480.0	47758.0	47793.0	48850.0	47601.0	48697.0	48938.0	25396.0	32466.0	46621.0	49132.0	50841.0	52375.0	55579.0	54122.0	56129.0	58576.0	66964.0	2757372.0
	60	62	64	66	68	70	72	74	76	78	80	82	84	86	88	90	92	94	96	98	100	102	104	106	108	110	112	114	116	118	120	122	124	126	128	130	132	134	136	138	140	142	144	146	148	150
PD_230S_filtered_1	21493.0	23207.0	24526.0	25362.0	26410.0	27710.0	29001.0	30098.0	31022.0	32210.0	33544.0	33823.0	34949.0	35471.0	36522.0	36651.0	37100.0	38192.0	38788.0	39167.0	40336.0	40622.0	41342.0	41779.0	41677.0	42401.0	42520.0	42914.0	43639.0	43419.0	45000.0	44382.0	44976.0	46149.0	23681.0	30530.0	43785.0	46651.0	47674.0	49436.0	52165.0	50382.0	51432.0	52973.0	58180.0	2970686.0
	60	62	64	66	68	70	72	74	76	78	80	82	84	86	88	90	92	94	96	98	100	102	104	106	108	110	112	114	116	118	120	122	124	126	128	130	132	134	136	138	140	142	144	146	148	150
PD_230S_filtered_2	21065.0	22955.0	24366.0	25557.0	26645.0	28055.0	29312.0	30451.0	31288.0	32350.0	33676.0	33899.0	34971.0	35440.0	36591.0	36725.0	37155.0	38228.0	38827.0	39173.0	40262.0	40557.0	41276.0	41881.0	41799.0	42395.0	42567.0	42913.0	43615.0	43374.0	44992.0	44331.0	45053.0	46199.0	23619.0	30268.0	43984.0	47279.0	49143.0	51349.0	54193.0	52881.0	55051.0	58799.0	68091.0	2941377.0
	60	62	64	66	68	70	72	74	76	78	80	82	84	86	88	90	92	94	96	98	100	102	104	106	108	110	112	114	116	118	120	122	124	126	128	130	132	134	136	138	140	142	144	146	148	150
PD_231P_filtered_1	41676.0	43757.0	46234.0	47178.0	48620.0	49769.0	51950.0	53196.0	54046.0	55301.0	57020.0	57545.0	58030.0	58494.0	58613.0	58207.0	58038.0	58238.0	59406.0	58276.0	59214.0	59112.0	58398.0	59479.0	58770.0	58937.0	58323.0	59018.0	58486.0	58251.0	58828.0	56915.0	58618.0	58189.0	29876.0	38550.0	54929.0	58217.0	58215.0	59207.0	61281.0	59472.0	60171.0	61167.0	66180.0	3101731.0
	60	62	64	66	68	70	72	74	76	78	80	82	84	86	88	90	92	94	96	98	100	102	104	106	108	110	112	114	116	118	120	122	124	126	128	130	132	134	136	138	140	142	144	146	148	150
PD_231P_filtered_2	40797.0	43364.0	45999.0	47259.0	48864.0	49987.0	52339.0	53704.0	54266.0	55429.0	57138.0	57563.0	58091.0	58502.0	58783.0	58269.0	58151.0	58199.0	59476.0	58370.0	59207.0	59149.0	58465.0	59497.0	58864.0	58954.0	58327.0	58958.0	58434.0	58354.0	58937.0	56989.0	58653.0	58314.0	29760.0	38532.0	55209.0	58974.0	59693.0	61317.0	63696.0	62659.0	64016.0	67468.0	75602.0	3070550.0
	60	62	64	66	68	70	72	74	76	78	80	82	84	86	88	90	92	94	96	98	100	102	104	106	108	110	112	114	116	118	120	122	124	126	128	130	132	134	136	138	140	142	144	146	148	150
PD_232S_filtered_1	31345.0	32978.0	34712.0	35623.0	36802.0	37573.0	39184.0	40634.0	40662.0	41727.0	42787.0	43161.0	43740.0	43969.0	44618.0	44375.0	44851.0	45179.0	45179.0	44758.0	45158.0	45310.0	45459.0	46249.0	44569.0	44853.0	45085.0	44586.0	45068.0	44841.0	44715.0	43709.0	44143.0	43957.0	23257.0	29790.0	41099.0	42761.0	42830.0	44298.0	46799.0	45220.0	46428.0	47672.0	53460.0	2663363.0
	60	62	64	66	68	70	72	74	76	78	80	82	84	86	88	90	92	94	96	98	100	102	104	106	108	110	112	114	116	118	120	122	124	126	128	130	132	134	136	138	140	142	144	146	148	150
PD_232S_filtered_2	30739.0	32704.0	34582.0	35822.0	37280.0	38016.0	39682.0	41095.0	40934.0	41975.0	43049.0	43323.0	43883.0	43923.0	44704.0	44524.0	44912.0	45117.0	45289.0	44934.0	45281.0	45381.0	45469.0	46398.0	44615.0	45054.0	45227.0	44766.0	45226.0	44952.0	44858.0	43765.0	44340.0	44092.0	23378.0	29937.0	41413.0	43882.0	44929.0	46745.0	49724.0	48790.0	51443.0	55629.0	66226.0	2620529.0
	60	62	64	66	68	70	72	74	76	78	80	82	84	86	88	90	92	94	96	98	100	102	104	106	108	110	112	114	116	118	120	122	124	126	128	130	132	134	136	138	140	142	144	146	148	150
PD_25P_filtered_1	42611.0	43654.0	45321.0	45750.0	45736.0	46453.0	47773.0	48282.0	48436.0	49116.0	50015.0	50668.0	50329.0	49405.0	49602.0	48212.0	48630.0	48959.0	48482.0	48340.0	48966.0	48124.0	47748.0	47406.0	45872.0	46790.0	46159.0	45829.0	44700.0	44751.0	44919.0	43357.0	43443.0	43076.0	21993.0	27532.0	39184.0	40420.0	40379.0	40732.0	41430.0	39661.0	39350.0	39556.0	42070.0	1429003.0
	60	62	64	66	68	70	72	74	76	78	80	82	84	86	88	90	92	94	96	98	100	102	104	106	108	110	112	114	116	118	120	122	124	126	128	130	132	134	136	138	140	142	144	146	148	150
PD_25P_filtered_2	41641.0	42977.0	44913.0	45702.0	45900.0	46479.0	47865.0	48475.0	48522.0	49193.0	50090.0	50691.0	50406.0	49399.0	49539.0	48265.0	48600.0	48943.0	48453.0	48372.0	48981.0	48173.0	47819.0	47396.0	45983.0	46811.0	46215.0	45820.0	44835.0	44716.0	44957.0	43333.0	43535.0	43155.0	21825.0	27522.0	39239.0	40691.0	41029.0	41428.0	42248.0	40486.0	40560.0	41771.0	45106.0	1420165.0
	60	62	64	66	68	70	72	74	76	78	80	82	84	86	88	90	92	94	96	98	100	102	104	106	108	110	112	114	116	118	120	122	124	126	128	130	132	134	136	138	140	142	144	146	148	150
PD_26P_filtered_1	43.0	41.0	34.0	61.0	48.0	46.0	45.0	37.0	44.0	45.0	44.0	57.0	51.0	48.0	45.0	52.0	52.0	52.0	46.0	47.0	48.0	40.0	55.0	52.0	45.0	41.0	48.0	43.0	34.0	42.0	48.0	43.0	56.0	41.0	26.0	31.0	53.0	48.0	41.0	51.0	56.0	45.0	48.0	41.0	52.0	1564.0
	60	62	64	66	68	70	72	74	76	78	80	82	84	86	88	90	92	94	96	98	100	102	104	106	108	110	112	114	116	118	120	122	124	126	128	130	132	134	136	138	140	142	144	146	148	150
PD_26P_filtered_2	43.0	38.0	34.0	63.0	45.0	48.0	42.0	38.0	46.0	42.0	45.0	55.0	49.0	50.0	47.0	51.0	53.0	52.0	45.0	45.0	51.0	42.0	59.0	50.0	44.0	41.0	48.0	42.0	37.0	43.0	48.0	39.0	55.0	40.0	28.0	33.0	56.0	45.0	40.0	50.0	58.0	43.0	53.0	50.0	48.0	1556.0
	60	62	64	66	68	70	72	74	76	78	80	82	84	86	88	90	92	94	96	98	100	102	104	106	108	110	112	114	116	118	120	122	124	126	128	130	132	134	136	138	140	142	144	146	148	150
PD_27P_filtered_1	42579.0	44701.0	46200.0	47927.0	48257.0	49247.0	51114.0	51469.0	53016.0	53022.0	54324.0	54854.0	55054.0	54990.0	55581.0	55163.0	55017.0	56051.0	55493.0	55031.0	55634.0	54794.0	54574.0	55441.0	53593.0	53962.0	53262.0	52742.0	52740.0	51951.0	52264.0	50876.0	50929.0	50174.0	25794.0	32238.0	45967.0	48340.0	48015.0	48668.0	50073.0	48009.0	48014.0	48603.0	51695.0	2116154.0
	60	62	64	66	68	70	72	74	76	78	80	82	84	86	88	90	92	94	96	98	100	102	104	106	108	110	112	114	116	118	120	122	124	126	128	130	132	134	136	138	140	142	144	146	148	150
PD_27P_filtered_2	41707.0	44164.0	45763.0	47960.0	48517.0	49585.0	51413.0	51736.0	53220.0	53123.0	54488.0	54953.0	55207.0	55072.0	55582.0	55331.0	55164.0	56127.0	55563.0	55114.0	55635.0	54841.0	54634.0	55559.0	53748.0	54013.0	53396.0	52798.0	52850.0	51995.0	52390.0	50889.0	51160.0	50394.0	25737.0	32278.0	46193.0	49012.0	49248.0	50190.0	51761.0	50015.0	50885.0	52966.0	58664.0	2092556.0
	60	62	64	66	68	70	72	74	76	78	80	82	84	86	88	90	92	94	96	98	100	102	104	106	108	110	112	114	116	118	120	122	124	126	128	130	132	134	136	138	140	142	144	146	148	150
PD_28P_filtered_1	3336.0	3416.0	3399.0	3554.0	3497.0	3410.0	3637.0	3742.0	3675.0	3749.0	3879.0	3958.0	3870.0	3754.0	3884.0	3895.0	3883.0	3976.0	4057.0	3989.0	4091.0	4104.0	4052.0	4041.0	3960.0	3943.0	3981.0	3908.0	3770.0	3919.0	3783.0	3741.0	3743.0	3813.0	1989.0	2466.0	3370.0	3661.0	3625.0	3649.0	3659.0	3397.0	3644.0	3714.0	3911.0	138632.0
	60	62	64	66	68	70	72	74	76	78	80	82	84	86	88	90	92	94	96	98	100	102	104	106	108	110	112	114	116	118	120	122	124	126	128	130	132	134	136	138	140	142	144	146	148	150
PD_28P_filtered_2	3249.0	3377.0	3354.0	3548.0	3483.0	3418.0	3642.0	3771.0	3691.0	3748.0	3853.0	3989.0	3873.0	3774.0	3906.0	3883.0	3891.0	3966.0	4056.0	4015.0	4083.0	4102.0	4060.0	4053.0	3942.0	3948.0	3961.0	3915.0	3783.0	3938.0	3774.0	3714.0	3724.0	3803.0	1966.0	2429.0	3388.0	3682.0	3707.0	3681.0	3700.0	3498.0	3722.0	3833.0	4157.0	138076.0
	60	62	64	66	68	70	72	74	76	78	80	82	84	86	88	90	92	94	96	98	100	102	104	106	108	110	112	114	116	118	120	122	124	126	128	130	132	134	136	138	140	142	144	146	148	150
PD_29P_filtered_1	29448.0	30834.0	31162.0	31801.0	32628.0	33006.0	33950.0	34219.0	34533.0	35093.0	35996.0	36239.0	36018.0	36230.0	35955.0	35120.0	35328.0	35678.0	35483.0	35077.0	35684.0	35270.0	34661.0	34855.0	33882.0	34024.0	33520.0	33268.0	32943.0	32834.0	32913.0	32053.0	32615.0	32434.0	16319.0	21150.0	29937.0	31487.0	31350.0	31644.0	32818.0	31593.0	31490.0	31893.0	34453.0	1547548.0
	60	62	64	66	68	70	72	74	76	78	80	82	84	86	88	90	92	94	96	98	100	102	104	106	108	110	112	114	116	118	120	122	124	126	128	130	132	134	136	138	140	142	144	146	148	150
PD_29P_filtered_2	28770.0	30463.0	30935.0	31847.0	32760.0	33273.0	34179.0	34440.0	34686.0	35215.0	36011.0	36375.0	36078.0	36241.0	35974.0	35200.0	35382.0	35733.0	35552.0	35156.0	35763.0	35299.0	34761.0	34903.0	33880.0	34082.0	33527.0	33234.0	33024.0	32938.0	32976.0	32144.0	32706.0	32585.0	16222.0	21159.0	30187.0	32021.0	32423.0	32940.0	34517.0	33426.0	34062.0	36028.0	40801.0	1526558.0
	60	62	64	66	68	70	72	74	76	78	80	82	84	86	88	90	92	94	96	98	100	102	104	106	108	110	112	114	116	118	120	122	124	126	128	130	132	134	136	138	140	142	144	146	148	150
PD_2P_filtered_1	26845.0	28103.0	28824.0	29314.0	29501.0	29648.0	30704.0	31125.0	31373.0	31863.0	32465.0	31941.0	32414.0	32192.0	32114.0	32142.0	32386.0	32365.0	32342.0	32319.0	32346.0	32058.0	31580.0	31547.0	30824.0	30599.0	30563.0	30128.0	30270.0	29532.0	29660.0	29088.0	28813.0	28737.0	14771.0	18718.0	26108.0	27274.0	27298.0	27649.0	28106.0	27286.0	27609.0	27582.0	29185.0	1277041.0
	60	62	64	66	68	70	72	74	76	78	80	82	84	86	88	90	92	94	96	98	100	102	104	106	108	110	112	114	116	118	120	122	124	126	128	130	132	134	136	138	140	142	144	146	148	150
PD_2P_filtered_2	26426.0	27907.0	28689.0	29448.0	29763.0	29880.0	31119.0	31354.0	31532.0	31949.0	32602.0	32059.0	32542.0	32230.0	32211.0	32183.0	32502.0	32396.0	32451.0	32351.0	32408.0	32096.0	31599.0	31675.0	30882.0	30680.0	30635.0	30141.0	30326.0	29612.0	29851.0	29153.0	28953.0	28785.0	14820.0	18833.0	26313.0	27722.0	28490.0	28892.0	29804.0	29079.0	30092.0	31401.0	35140.0	1255376.0
	60	62	64	66	68	70	72	74	76	78	80	82	84	86	88	90	92	94	96	98	100	102	104	106	108	110	112	114	116	118	120	122	124	126	128	130	132	134	136	138	140	142	144	146	148	150
PD_30P_filtered_1	25643.0	26443.0	26841.0	27474.0	27353.0	27725.0	28342.0	28454.0	28633.0	28852.0	29907.0	29936.0	29916.0	29611.0	29584.0	29690.0	29132.0	29574.0	29640.0	29584.0	29924.0	29396.0	29319.0	29483.0	28543.0	28934.0	28326.0	28177.0	28002.0	27471.0	27753.0	26549.0	26828.0	26929.0	13108.0	17008.0	24633.0	25796.0	25932.0	25892.0	27097.0	25677.0	25352.0	25787.0	27758.0	1314354.0
	60	62	64	66	68	70	72	74	76	78	80	82	84	86	88	90	92	94	96	98	100	102	104	106	108	110	112	114	116	118	120	122	124	126	128	130	132	134	136	138	140	142	144	146	148	150
PD_30P_filtered_2	25333.0	26316.0	26752.0	27673.0	27608.0	28036.0	28608.0	28760.0	28748.0	28953.0	30086.0	30003.0	30061.0	29656.0	29721.0	29665.0	29135.0	29642.0	29774.0	29688.0	29884.0	29495.0	29378.0	29502.0	28671.0	28979.0	28386.0	28211.0	28062.0	27558.0	27775.0	26612.0	26937.0	27026.0	13121.0	17111.0	24832.0	26379.0	26867.0	27100.0	28644.0	27414.0	27638.0	29216.0	33570.0	1293776.0
	60	62	64	66	68	70	72	74	76	78	80	82	84	86	88	90	92	94	96	98	100	102	104	106	108	110	112	114	116	118	120	122	124	126	128	130	132	134	136	138	140	142	144	146	148	150
PD_31P_filtered_1	33959.0	35614.0	36666.0	37484.0	37980.0	38659.0	40151.0	40670.0	41216.0	42347.0	43099.0	43558.0	43566.0	43546.0	43787.0	43342.0	42834.0	43402.0	43578.0	43183.0	44071.0	43638.0	42752.0	43393.0	42248.0	42465.0	41941.0	41577.0	41111.0	40727.0	41190.0	40249.0	40464.0	40179.0	20642.0	26627.0	37218.0	38987.0	39092.0	39481.0	40314.0	38922.0	38873.0	39026.0	41210.0	1612078.0
	60	62	64	66	68	70	72	74	76	78	80	82	84	86	88	90	92	94	96	98	100	102	104	106	108	110	112	114	116	118	120	122	124	126	128	130	132	134	136	138	140	142	144	146	148	150
PD_31P_filtered_2	33248.0	35110.0	36228.0	37446.0	38037.0	38752.0	40296.0	40880.0	41286.0	42353.0	43122.0	43658.0	43608.0	43484.0	43700.0	43461.0	42841.0	43366.0	43490.0	43187.0	44153.0	43598.0	42777.0	43489.0	42270.0	42476.0	41934.0	41622.0	41100.0	40762.0	41180.0	40175.0	40471.0	40149.0	20495.0	26673.0	37388.0	39318.0	39804.0	40293.0	41380.0	40183.0	40607.0	41710.0	45522.0	1600034.0
	60	62	64	66	68	70	72	74	76	78	80	82	84	86	88	90	92	94	96	98	100	102	104	106	108	110	112	114	116	118	120	122	124	126	128	130	132	134	136	138	140	142	144	146	148	150
PD_32P_filtered_1	49997.0	51648.0	52659.0	53513.0	54398.0	55300.0	56939.0	58163.0	58367.0	59022.0	60342.0	60615.0	59832.0	59424.0	59648.0	58333.0	57954.0	58624.0	58028.0	57141.0	58099.0	56393.0	55638.0	55746.0	53693.0	53258.0	52515.0	51788.0	51217.0	50371.0	50528.0	47947.0	48094.0	47511.0	24406.0	30275.0	43224.0	45033.0	43962.0	44078.0	44413.0	43031.0	42295.0	42223.0	44176.0	1556680.0
	60	62	64	66	68	70	72	74	76	78	80	82	84	86	88	90	92	94	96	98	100	102	104	106	108	110	112	114	116	118	120	122	124	126	128	130	132	134	136	138	140	142	144	146	148	150
PD_32P_filtered_2	48735.0	50809.0	52076.0	53489.0	54544.0	55602.0	57203.0	58592.0	58479.0	59235.0	60392.0	60690.0	59851.0	59333.0	59784.0	58369.0	57963.0	58691.0	58000.0	57248.0	58236.0	56557.0	55706.0	55746.0	53860.0	53416.0	52545.0	51974.0	51293.0	50449.0	50626.0	47998.0	48214.0	47663.0	24228.0	30263.0	43427.0	45451.0	44945.0	45437.0	45918.0	44703.0	44518.0	45689.0	49529.0	1539065.0
	60	62	64	66	68	70	72	74	76	78	80	82	84	86	88	90	92	94	96	98	100	102	104	106	108	110	112	114	116	118	120	122	124	126	128	130	132	134	136	138	140	142	144	146	148	150
PD_33P_filtered_1	38984.0	40613.0	42140.0	42893.0	43632.0	44196.0	45591.0	46505.0	47576.0	48896.0	49414.0	50214.0	50200.0	50784.0	51335.0	51694.0	51448.0	52802.0	52900.0	52271.0	53338.0	52949.0	52236.0	52864.0	51179.0	51945.0	51119.0	51275.0	50492.0	49915.0	50906.0	49498.0	49672.0	49425.0	25398.0	31932.0	45903.0	47715.0	47856.0	48055.0	49325.0	47554.0	47873.0	48360.0	51152.0	1922454.0
	60	62	64	66	68	70	72	74	76	78	80	82	84	86	88	90	92	94	96	98	100	102	104	106	108	110	112	114	116	118	120	122	124	126	128	130	132	134	136	138	140	142	144	146	148	150
PD_33P_filtered_2	38048.0	40118.0	41704.0	42868.0	43889.0	44402.0	45858.0	46771.0	47661.0	49004.0	49388.0	50190.0	50266.0	50856.0	51332.0	51754.0	51457.0	52841.0	52814.0	52223.0	53295.0	52935.0	52352.0	52887.0	51166.0	52068.0	51089.0	51245.0	50464.0	49822.0	50787.0	49592.0	49743.0	49464.0	25185.0	31969.0	45895.0	48029.0	48899.0	49105.0	50769.0	49292.0	50085.0	51651.0	56170.0	1907076.0
	60	62	64	66	68	70	72	74	76	78	80	82	84	86	88	90	92	94	96	98	100	102	104	106	108	110	112	114	116	118	120	122	124	126	128	130	132	134	136	138	140	142	144	146	148	150
PD_34P_filtered_1	48748.0	50886.0	52021.0	52658.0	53599.0	54398.0	56341.0	57153.0	58450.0	59772.0	61313.0	61768.0	61298.0	60980.0	61105.0	60569.0	60633.0	61208.0	61636.0	61768.0	61917.0	61258.0	60664.0	59514.0	58366.0	58145.0	57609.0	56927.0	56184.0	55328.0	56209.0	54223.0	54270.0	54164.0	27151.0	34898.0	49124.0	51432.0	50563.0	51276.0	51290.0	49670.0	48973.0	48775.0	50832.0	1827058.0
	60	62	64	66	68	70	72	74	76	78	80	82	84	86	88	90	92	94	96	98	100	102	104	106	108	110	112	114	116	118	120	122	124	126	128	130	132	134	136	138	140	142	144	146	148	150
PD_34P_filtered_2	48160.0	50540.0	51721.0	52660.0	53898.0	54636.0	56505.0	57429.0	58543.0	59801.0	61377.0	61888.0	61408.0	61026.0	61111.0	60650.0	60716.0	61293.0	61759.0	61750.0	61929.0	61299.0	60673.0	59568.0	58454.0	58213.0	57650.0	56958.0	56126.0	55416.0	56364.0	54291.0	54272.0	54252.0	27107.0	34905.0	49311.0	51954.0	51433.0	52431.0	52646.0	51378.0	50968.0	51996.0	55944.0	1809715.0
	60	62	64	66	68	70	72	74	76	78	80	82	84	86	88	90	92	94	96	98	100	102	104	106	108	110	112	114	116	118	120	122	124	126	128	130	132	134	136	138	140	142	144	146	148	150
PD_35P_filtered_1	40190.0	42383.0	43899.0	44962.0	45862.0	46710.0	48780.0	49303.0	50161.0	50528.0	51711.0	52184.0	52327.0	52371.0	52906.0	52516.0	52542.0	52746.0	52720.0	51959.0	52178.0	51783.0	50964.0	51501.0	50365.0	50504.0	49338.0	49479.0	48593.0	48202.0	48179.0	46846.0	47279.0	46603.0	23990.0	29853.0	42266.0	44234.0	44495.0	44463.0	45563.0	43952.0	44458.0	44887.0	48663.0	1923779.0
	60	62	64	66	68	70	72	74	76	78	80	82	84	86	88	90	92	94	96	98	100	102	104	106	108	110	112	114	116	118	120	122	124	126	128	130	132	134	136	138	140	142	144	146	148	150
PD_35P_filtered_2	39352.0	41875.0	43564.0	45040.0	46082.0	46950.0	49035.0	49631.0	50181.0	50611.0	51889.0	52235.0	52456.0	52530.0	52869.0	52478.0	52654.0	52694.0	52693.0	51909.0	52168.0	51895.0	51102.0	51564.0	50452.0	50508.0	49465.0	49645.0	48449.0	48299.0	48153.0	46841.0	47368.0	46695.0	23882.0	29916.0	42422.0	44662.0	45762.0	45892.0	47315.0	46176.0	47537.0	49497.0	56253.0	1900531.0
	60	62	64	66	68	70	72	74	76	78	80	82	84	86	88	90	92	94	96	98	100	102	104	106	108	110	112	114	116	118	120	122	124	126	128	130	132	134	136	138	140	142	144	146	148	150
PD_36P_filtered_1	15.0	14.0	10.0	11.0	24.0	10.0	16.0	20.0	29.0	18.0	18.0	14.0	28.0	21.0	22.0	22.0	22.0	16.0	17.0	29.0	23.0	24.0	22.0	32.0	29.0	19.0	18.0	28.0	16.0	17.0	16.0	14.0	20.0	20.0	10.0	13.0	18.0	21.0	16.0	17.0	14.0	26.0	27.0	23.0	25.0	789.0
	60	62	64	66	68	70	72	74	76	78	80	82	84	86	88	90	92	94	96	98	100	102	104	106	108	110	112	114	116	118	120	122	124	126	128	130	132	134	136	138	140	142	144	146	148	150
PD_36P_filtered_2	14.0	14.0	10.0	10.0	23.0	10.0	17.0	20.0	29.0	18.0	19.0	15.0	28.0	21.0	24.0	23.0	22.0	17.0	16.0	30.0	24.0	24.0	23.0	30.0	30.0	21.0	19.0	28.0	15.0	18.0	14.0	15.0	20.0	19.0	12.0	12.0	18.0	23.0	18.0	19.0	13.0	26.0	24.0	26.0	27.0	775.0
	60	62	64	66	68	70	72	74	76	78	80	82	84	86	88	90	92	94	96	98	100	102	104	106	108	110	112	114	116	118	120	122	124	126	128	130	132	134	136	138	140	142	144	146	148	150
PD_38P_filtered_1	36210.0	38072.0	39235.0	40440.0	40846.0	42038.0	43446.0	44257.0	44578.0	45554.0	46540.0	46612.0	46672.0	46815.0	47288.0	47059.0	46882.0	47437.0	47815.0	46174.0	47212.0	46402.0	46033.0	46144.0	44381.0	44620.0	43707.0	43647.0	43104.0	42465.0	42625.0	41113.0	41370.0	40871.0	20030.0	25479.0	36891.0	38444.0	38373.0	38238.0	38975.0	37564.0	37642.0	37789.0	39556.0	1553062.0
	60	62	64	66	68	70	72	74	76	78	80	82	84	86	88	90	92	94	96	98	100	102	104	106	108	110	112	114	116	118	120	122	124	126	128	130	132	134	136	138	140	142	144	146	148	150
PD_38P_filtered_2	35358.0	37532.0	38754.0	40417.0	40957.0	42200.0	43609.0	44506.0	44694.0	45655.0	46598.0	46724.0	46744.0	46892.0	47353.0	47157.0	46847.0	47373.0	47849.0	46218.0	47258.0	46462.0	46104.0	46157.0	44364.0	44658.0	43722.0	43657.0	43198.0	42565.0	42616.0	41219.0	41397.0	41043.0	19929.0	25417.0	36964.0	38837.0	39168.0	39093.0	39953.0	38732.0	39394.0	40464.0	43539.0	1540360.0
	60	62	64	66	68	70	72	74	76	78	80	82	84	86	88	90	92	94	96	98	100	102	104	106	108	110	112	114	116	118	120	122	124	126	128	130	132	134	136	138	140	142	144	146	148	150
PD_39P_filtered_1	24094.0	24737.0	25479.0	25244.0	25176.0	25573.0	26457.0	26667.0	27302.0	27982.0	28195.0	28701.0	28188.0	27526.0	27357.0	27184.0	26841.0	27713.0	28453.0	27760.0	28382.0	27426.0	26407.0	26534.0	25218.0	25710.0	25717.0	26557.0	26327.0	26457.0	26674.0	25848.0	25967.0	25637.0	12722.0	16277.0	24122.0	25374.0	25178.0	25534.0	25841.0	24658.0	24354.0	24221.0	25523.0	1005900.0
	60	62	64	66	68	70	72	74	76	78	80	82	84	86	88	90	92	94	96	98	100	102	104	106	108	110	112	114	116	118	120	122	124	126	128	130	132	134	136	138	140	142	144	146	148	150
PD_39P_filtered_2	23621.0	24401.0	25241.0	25290.0	25378.0	25667.0	26494.0	26831.0	27394.0	28056.0	28238.0	28775.0	28167.0	27516.0	27407.0	27174.0	26838.0	27714.0	28436.0	27793.0	28446.0	27451.0	26398.0	26570.0	25314.0	25716.0	25771.0	26640.0	26364.0	26467.0	26749.0	25847.0	26031.0	25636.0	12701.0	16211.0	24269.0	25595.0	25645.0	26204.0	26641.0	25526.0	25581.0	26080.0	28637.0	996273.0
	60	62	64	66	68	70	72	74	76	78	80	82	84	86	88	90	92	94	96	98	100	102	104	106	108	110	112	114	116	118	120	122	124	126	128	130	132	134	136	138	140	142	144	146	148	150
PD_3P_filtered_1	40541.0	42214.0	43684.0	44029.0	44407.0	45668.0	47065.0	47274.0	47890.0	48619.0	49676.0	49916.0	49126.0	49272.0	49103.0	48234.0	48016.0	48192.0	48407.0	48336.0	49106.0	48141.0	47400.0	47134.0	46033.0	46446.0	45854.0	45045.0	44264.0	43969.0	44065.0	42983.0	42572.0	42643.0	21268.0	26985.0	39220.0	41673.0	41429.0	40900.0	41976.0	39895.0	39722.0	39357.0	41659.0	1535615.0
	60	62	64	66	68	70	72	74	76	78	80	82	84	86	88	90	92	94	96	98	100	102	104	106	108	110	112	114	116	118	120	122	124	126	128	130	132	134	136	138	140	142	144	146	148	150
PD_3P_filtered_2	39836.0	41789.0	43328.0	44087.0	44533.0	45944.0	47277.0	47469.0	48033.0	48833.0	49822.0	49992.0	49206.0	49371.0	49120.0	48322.0	48020.0	48207.0	48459.0	48380.0	49257.0	48070.0	47419.0	47154.0	46133.0	46439.0	45868.0	45063.0	44305.0	44038.0	44154.0	43059.0	42570.0	42711.0	21163.0	27005.0	39372.0	41899.0	42143.0	41810.0	43161.0	41123.0	41463.0	42384.0	45899.0	1521333.0
	60	62	64	66	68	70	72	74	76	78	80	82	84	86	88	90	92	94	96	98	100	102	104	106	108	110	112	114	116	118	120	122	124	126	128	130	132	134	136	138	140	142	144	146	148	150
PD_40P_filtered_1	28773.0	29701.0	31030.0	31496.0	31580.0	32484.0	33785.0	33850.0	34591.0	34870.0	35619.0	36150.0	36058.0	36072.0	36735.0	36355.0	36503.0	36760.0	36966.0	36698.0	37464.0	36484.0	36266.0	35863.0	35461.0	35635.0	34698.0	34749.0	33844.0	34065.0	34273.0	33398.0	33460.0	33410.0	16910.0	21346.0	30354.0	32330.0	31783.0	32172.0	32872.0	31675.0	31668.0	32081.0	34901.0	1526435.0
	60	62	64	66	68	70	72	74	76	78	80	82	84	86	88	90	92	94	96	98	100	102	104	106	108	110	112	114	116	118	120	122	124	126	128	130	132	134	136	138	140	142	144	146	148	150
PD_40P_filtered_2	28339.0	29451.0	30929.0	31692.0	31863.0	32759.0	34111.0	34162.0	34732.0	35119.0	35810.0	36342.0	36172.0	36131.0	36801.0	36366.0	36650.0	36821.0	37000.0	36717.0	37562.0	36548.0	36315.0	36005.0	35446.0	35607.0	34694.0	34774.0	33855.0	34115.0	34313.0	33411.0	33572.0	33490.0	17053.0	21421.0	30563.0	32822.0	32991.0	33557.0	34643.0	33807.0	34751.0	36550.0	42265.0	1501576.0
	60	62	64	66	68	70	72	74	76	78	80	82	84	86	88	90	92	94	96	98	100	102	104	106	108	110	112	114	116	118	120	122	124	126	128	130	132	134	136	138	140	142	144	146	148	150
PD_41P_filtered_1	16810.0	18121.0	19159.0	19913.0	20259.0	21375.0	22605.0	23515.0	23906.0	25223.0	25943.0	26535.0	27089.0	28006.0	27835.0	27937.0	28302.0	28640.0	29080.0	29496.0	30439.0	29797.0	29883.0	30390.0	29722.0	30354.0	30550.0	31206.0	31034.0	31236.0	31254.0	30999.0	31498.0	31632.0	16006.0	20567.0	29285.0	30977.0	31299.0	31825.0	33296.0	32067.0	32425.0	32694.0	36242.0	1772996.0
	60	62	64	66	68	70	72	74	76	78	80	82	84	86	88	90	92	94	96	98	100	102	104	106	108	110	112	114	116	118	120	122	124	126	128	130	132	134	136	138	140	142	144	146	148	150
PD_41P_filtered_2	16685.0	18069.0	19198.0	20130.0	20567.0	21619.0	22868.0	23738.0	24162.0	25399.0	26110.0	26605.0	27240.0	28053.0	27992.0	28050.0	28271.0	28866.0	29121.0	29529.0	30434.0	29902.0	29941.0	30505.0	29695.0	30432.0	30660.0	31265.0	31093.0	31274.0	31394.0	31030.0	31627.0	31792.0	15995.0	20721.0	29569.0	31534.0	32706.0	33558.0	35442.0	34760.0	35543.0	37803.0	44587.0	1743888.0
	60	62	64	66	68	70	72	74	76	78	80	82	84	86	88	90	92	94	96	98	100	102	104	106	108	110	112	114	116	118	120	122	124	126	128	130	132	134	136	138	140	142	144	146	148	150
PD_42P_filtered_1	30397.0	32361.0	33745.0	35129.0	36613.0	37587.0	39897.0	40842.0	41579.0	42900.0	44335.0	44861.0	45587.0	46246.0	47475.0	47447.0	48252.0	48714.0	49117.0	48487.0	49517.0	49710.0	49689.0	49977.0	48959.0	49592.0	49342.0	49684.0	49368.0	49422.0	48939.0	48025.0	48433.0	48698.0	25066.0	31621.0	44989.0	46947.0	47257.0	47093.0	48582.0	47517.0	47461.0	48157.0	51828.0	1987089.0
	60	62	64	66	68	70	72	74	76	78	80	82	84	86	88	90	92	94	96	98	100	102	104	106	108	110	112	114	116	118	120	122	124	126	128	130	132	134	136	138	140	142	144	146	148	150
PD_42P_filtered_2	29637.0	31834.0	33414.0	35135.0	36792.0	37854.0	40087.0	40970.0	41641.0	42905.0	44374.0	44901.0	45632.0	46263.0	47450.0	47470.0	48209.0	48605.0	49081.0	48464.0	49508.0	49774.0	49773.0	49966.0	48952.0	49524.0	49355.0	49610.0	49244.0	49292.0	48995.0	48048.0	48451.0	48737.0	24921.0	31440.0	45150.0	47300.0	48170.0	48159.0	50131.0	49233.0	49938.0	51828.0	57971.0	1970345.0
	60	62	64	66	68	70	72	74	76	78	80	82	84	86	88	90	92	94	96	98	100	102	104	106	108	110	112	114	116	118	120	122	124	126	128	130	132	134	136	138	140	142	144	146	148	150
PD_43P_filtered_1	28843.0	29707.0	30013.0	30288.0	30173.0	30604.0	31397.0	31186.0	31625.0	32178.0	32297.0	32215.0	32530.0	32165.0	32029.0	32138.0	31767.0	32054.0	31899.0	31600.0	31739.0	31250.0	31338.0	31037.0	30128.0	30250.0	29647.0	29784.0	29099.0	28428.0	28511.0	27914.0	27863.0	27484.0	13576.0	17618.0	25080.0	26100.0	25957.0	25880.0	26771.0	25674.0	25523.0	25386.0	27113.0	1060462.0
	60	62	64	66	68	70	72	74	76	78	80	82	84	86	88	90	92	94	96	98	100	102	104	106	108	110	112	114	116	118	120	122	124	126	128	130	132	134	136	138	140	142	144	146	148	150
PD_43P_filtered_2	28126.0	29210.0	29670.0	30320.0	30332.0	30770.0	31564.0	31388.0	31678.0	32185.0	32365.0	32304.0	32557.0	32221.0	32105.0	32155.0	31789.0	32070.0	31890.0	31589.0	31808.0	31207.0	31350.0	31096.0	30212.0	30288.0	29678.0	29876.0	29090.0	28565.0	28604.0	27919.0	27884.0	27499.0	13398.0	17585.0	25138.0	26392.0	26589.0	26847.0	27622.0	26739.0	26853.0	27755.0	30579.0	1049459.0
	60	62	64	66	68	70	72	74	76	78	80	82	84	86	88	90	92	94	96	98	100	102	104	106	108	110	112	114	116	118	120	122	124	126	128	130	132	134	136	138	140	142	144	146	148	150
PD_44P_filtered_1	32417.0	34138.0	35325.0	36106.0	36474.0	37294.0	38694.0	39703.0	39634.0	40144.0	40984.0	41527.0	41326.0	41516.0	42035.0	42108.0	42132.0	42458.0	42276.0	42016.0	42516.0	41704.0	41981.0	41746.0	40778.0	40766.0	40620.0	40054.0	39855.0	39725.0	39696.0	38366.0	38752.0	38113.0	19657.0	24756.0	34219.0	36124.0	36412.0	36645.0	37422.0	36298.0	36692.0	37656.0	40406.0	1637079.0
	60	62	64	66	68	70	72	74	76	78	80	82	84	86	88	90	92	94	96	98	100	102	104	106	108	110	112	114	116	118	120	122	124	126	128	130	132	134	136	138	140	142	144	146	148	150
PD_44P_filtered_2	31662.0	33598.0	34931.0	36165.0	36669.0	37557.0	38930.0	39960.0	39793.0	40189.0	41010.0	41567.0	41306.0	41491.0	42115.0	42078.0	42178.0	42460.0	42298.0	42044.0	42531.0	41815.0	42048.0	41832.0	40842.0	40900.0	40729.0	40097.0	39869.0	39746.0	39822.0	38413.0	38806.0	38157.0	19548.0	24734.0	34471.0	36553.0	37632.0	38156.0	39365.0	38702.0	39737.0	42412.0	48157.0	1613270.0
	60	62	64	66	68	70	72	74	76	78	80	82	84	86	88	90	92	94	96	98	100	102	104	106	108	110	112	114	116	118	120	122	124	126	128	130	132	134	136	138	140	142	144	146	148	150
PD_45P_filtered_1	36702.0	38433.0	40023.0	41466.0	42165.0	43507.0	45718.0	46148.0	46666.0	47979.0	49510.0	49829.0	50485.0	50599.0	51189.0	51378.0	51331.0	52100.0	51830.0	51457.0	52791.0	52380.0	52508.0	52811.0	51709.0	52013.0	51787.0	51577.0	51139.0	50674.0	51317.0	49781.0	50357.0	49735.0	26023.0	32570.0	46159.0	48067.0	48177.0	48608.0	50167.0	48726.0	49435.0	49933.0	54270.0	2107605.0
	60	62	64	66	68	70	72	74	76	78	80	82	84	86	88	90	92	94	96	98	100	102	104	106	108	110	112	114	116	118	120	122	124	126	128	130	132	134	136	138	140	142	144	146	148	150
PD_45P_filtered_2	35556.0	37646.0	39389.0	41294.0	42256.0	43772.0	45818.0	46336.0	46841.0	47967.0	49449.0	49743.0	50398.0	50633.0	51226.0	51337.0	51267.0	52091.0	51825.0	51482.0	52814.0	52428.0	52585.0	52953.0	51685.0	52057.0	51740.0	51606.0	51121.0	50812.0	51459.0	49726.0	50408.0	49741.0	25850.0	32493.0	46275.0	48482.0	49168.0	49573.0	51660.0	50617.0	51670.0	53582.0	59990.0	2092013.0
	60	62	64	66	68	70	72	74	76	78	80	82	84	86	88	90	92	94	96	98	100	102	104	106	108	110	112	114	116	118	120	122	124	126	128	130	132	134	136	138	140	142	144	146	148	150
PD_46P_filtered_1	36029.0	37513.0	38586.0	39350.0	40164.0	40667.0	42736.0	42965.0	43259.0	43853.0	45374.0	45966.0	45351.0	45529.0	45758.0	45662.0	45400.0	46066.0	45668.0	45308.0	46334.0	45265.0	45307.0	45433.0	44152.0	44849.0	44373.0	44212.0	43917.0	43773.0	43624.0	42845.0	43198.0	43048.0	21798.0	28387.0	39654.0	41498.0	41291.0	42109.0	43333.0	42055.0	41908.0	41875.0	44551.0	1727604.0
	60	62	64	66	68	70	72	74	76	78	80	82	84	86	88	90	92	94	96	98	100	102	104	106	108	110	112	114	116	118	120	122	124	126	128	130	132	134	136	138	140	142	144	146	148	150
PD_46P_filtered_2	35134.0	36887.0	38035.0	39356.0	40213.0	40813.0	42829.0	43130.0	43200.0	44043.0	45365.0	45888.0	45338.0	45593.0	45860.0	45649.0	45405.0	46088.0	45664.0	45318.0	46345.0	45319.0	45374.0	45385.0	44209.0	44851.0	44454.0	44271.0	43763.0	43766.0	43663.0	42909.0	43149.0	43158.0	21607.0	28258.0	39755.0	41838.0	41995.0	42953.0	44242.0	43373.0	43662.0	44688.0	48651.0	1716151.0
	60	62	64	66	68	70	72	74	76	78	80	82	84	86	88	90	92	94	96	98	100	102	104	106	108	110	112	114	116	118	120	122	124	126	128	130	132	134	136	138	140	142	144	146	148	150
PD_47P_filtered_1	28726.0	30005.0	31351.0	31999.0	32644.0	33411.0	34581.0	35120.0	35918.0	36121.0	36902.0	37326.0	37514.0	37924.0	38404.0	38041.0	37964.0	38783.0	37989.0	37962.0	38069.0	38009.0	37909.0	38063.0	37092.0	37090.0	36814.0	36451.0	36451.0	36134.0	36282.0	34949.0	35456.0	35067.0	18265.0	23171.0	32138.0	33638.0	33744.0	33886.0	35113.0	34158.0	34775.0	35065.0	38062.0	1672530.0
	60	62	64	66	68	70	72	74	76	78	80	82	84	86	88	90	92	94	96	98	100	102	104	106	108	110	112	114	116	118	120	122	124	126	128	130	132	134	136	138	140	142	144	146	148	150
PD_47P_filtered_2	28194.0	29726.0	31184.0	32175.0	33002.0	33799.0	34910.0	35466.0	36017.0	36303.0	37016.0	37417.0	37580.0	37943.0	38439.0	38147.0	38012.0	38877.0	37951.0	38084.0	38145.0	38113.0	37937.0	38190.0	37097.0	37163.0	36869.0	36535.0	36441.0	36298.0	36365.0	35083.0	35516.0	35227.0	18262.0	23280.0	32493.0	34418.0	35235.0	35751.0	37285.0	36993.0	38452.0	40583.0	46911.0	1642182.0
	60	62	64	66	68	70	72	74	76	78	80	82	84	86	88	90	92	94	96	98	100	102	104	106	108	110	112	114	116	118	120	122	124	126	128	130	132	134	136	138	140	142	144	146	148	150
PD_48P_filtered_1	30944.0	32379.0	32881.0	33221.0	33696.0	34047.0	34431.0	35259.0	35246.0	35784.0	36713.0	37070.0	36917.0	36780.0	36521.0	36328.0	36125.0	36720.0	36486.0	35938.0	37125.0	36386.0	35750.0	35891.0	35235.0	35047.0	34498.0	34521.0	34635.0	34127.0	34104.0	33250.0	32969.0	33025.0	16441.0	21414.0	30832.0	32275.0	32065.0	31756.0	33519.0	32146.0	32097.0	32041.0	34570.0	1584189.0
	60	62	64	66	68	70	72	74	76	78	80	82	84	86	88	90	92	94	96	98	100	102	104	106	108	110	112	114	116	118	120	122	124	126	128	130	132	134	136	138	140	142	144	146	148	150
PD_48P_filtered_2	30456.0	32138.0	32835.0	33436.0	33962.0	34381.0	34810.0	35634.0	35442.0	36052.0	36903.0	37171.0	37059.0	36901.0	36550.0	36447.0	36296.0	36697.0	36488.0	36036.0	37201.0	36475.0	35743.0	35953.0	35169.0	35166.0	34527.0	34517.0	34715.0	34209.0	34168.0	33385.0	33102.0	33159.0	16429.0	21388.0	30961.0	32783.0	33363.0	33360.0	35406.0	34366.0	35008.0	36527.0	41512.0	1559108.0
	60	62	64	66	68	70	72	74	76	78	80	82	84	86	88	90	92	94	96	98	100	102	104	106	108	110	112	114	116	118	120	122	124	126	128	130	132	134	136	138	140	142	144	146	148	150
PD_4P_filtered_1	38115.0	40243.0	41800.0	42523.0	43079.0	43871.0	45899.0	46209.0	46994.0	47672.0	49027.0	49050.0	49486.0	48351.0	49048.0	48378.0	48292.0	48318.0	48152.0	47645.0	48071.0	47284.0	46457.0	46611.0	45422.0	45105.0	44013.0	43739.0	43315.0	42349.0	42269.0	40620.0	40803.0	40447.0	20479.0	25519.0	35630.0	37648.0	36740.0	36796.0	37307.0	35813.0	35408.0	35703.0	37538.0	1362726.0
	60	62	64	66	68	70	72	74	76	78	80	82	84	86	88	90	92	94	96	98	100	102	104	106	108	110	112	114	116	118	120	122	124	126	128	130	132	134	136	138	140	142	144	146	148	150
PD_4P_filtered_2	37119.0	39534.0	41227.0	42504.0	43155.0	44098.0	46102.0	46456.0	47011.0	47774.0	49154.0	49106.0	49594.0	48462.0	49209.0	48412.0	48336.0	48360.0	48246.0	47672.0	48099.0	47271.0	46506.0	46757.0	45486.0	45139.0	44107.0	43849.0	43402.0	42460.0	42375.0	40684.0	40816.0	40654.0	20439.0	25581.0	35856.0	37963.0	37525.0	37866.0	38433.0	37412.0	37322.0	38799.0	42236.0	1347396.0
	60	62	64	66	68	70	72	74	76	78	80	82	84	86	88	90	92	94	96	98	100	102	104	106	108	110	112	114	116	118	120	122	124	126	128	130	132	134	136	138	140	142	144	146	148	150
PD_50P_filtered_1	2160.0	2161.0	2201.0	2321.0	2344.0	2352.0	2412.0	2473.0	2385.0	2453.0	2457.0	2596.0	2615.0	2521.0	2617.0	2586.0	2655.0	2731.0	2581.0	2602.0	2643.0	2611.0	2606.0	2526.0	2583.0	2617.0	2529.0	2600.0	2533.0	2526.0	2566.0	2519.0	2519.0	2615.0	1338.0	1586.0	2305.0	2538.0	2508.0	2494.0	2565.0	2433.0	2521.0	2596.0	2697.0	104944.0
	60	62	64	66	68	70	72	74	76	78	80	82	84	86	88	90	92	94	96	98	100	102	104	106	108	110	112	114	116	118	120	122	124	126	128	130	132	134	136	138	140	142	144	146	148	150
PD_50P_filtered_2	2106.0	2134.0	2175.0	2293.0	2339.0	2357.0	2397.0	2487.0	2400.0	2451.0	2464.0	2586.0	2618.0	2522.0	2600.0	2596.0	2647.0	2714.0	2590.0	2588.0	2655.0	2627.0	2586.0	2545.0	2590.0	2597.0	2548.0	2596.0	2546.0	2525.0	2580.0	2518.0	2534.0	2594.0	1335.0	1601.0	2321.0	2537.0	2563.0	2574.0	2640.0	2489.0	2564.0	2735.0	2853.0	104424.0
	60	62	64	66	68	70	72	74	76	78	80	82	84	86	88	90	92	94	96	98	100	102	104	106	108	110	112	114	116	118	120	122	124	126	128	130	132	134	136	138	140	142	144	146	148	150
PD_51P_filtered_1	25439.0	26695.0	28441.0	29230.0	30011.0	31050.0	32766.0	33359.0	33782.0	34796.0	35605.0	36451.0	36607.0	36825.0	37223.0	37211.0	37301.0	37900.0	37933.0	37698.0	38290.0	38446.0	37735.0	38103.0	37209.0	37673.0	37082.0	37057.0	36946.0	36890.0	36907.0	36052.0	36119.0	36092.0	18751.0	23027.0	33140.0	35049.0	34860.0	35421.0	36397.0	35235.0	35876.0	36698.0	39718.0	1818414.0
	60	62	64	66	68	70	72	74	76	78	80	82	84	86	88	90	92	94	96	98	100	102	104	106	108	110	112	114	116	118	120	122	124	126	128	130	132	134	136	138	140	142	144	146	148	150
PD_51P_filtered_2	24996.0	26469.0	28359.0	29560.0	30392.0	31466.0	33147.0	33795.0	33943.0	35092.0	35726.0	36567.0	36786.0	36927.0	37272.0	37332.0	37370.0	37970.0	37986.0	37749.0	38415.0	38569.0	37822.0	38165.0	37290.0	37724.0	37070.0	37059.0	37041.0	36990.0	37103.0	36124.0	36247.0	36287.0	18670.0	23163.0	33362.0	35782.0	36492.0	37416.0	38663.0	37954.0	39604.0	42313.0	48639.0	1786642.0
	60	62	64	66	68	70	72	74	76	78	80	82	84	86	88	90	92	94	96	98	100	102	104	106	108	110	112	114	116	118	120	122	124	126	128	130	132	134	136	138	140	142	144	146	148	150
PD_52P_filtered_1	27286.0	28498.0	29145.0	29330.0	29188.0	29674.0	30701.0	30876.0	31174.0	31307.0	32023.0	31943.0	31844.0	31776.0	32000.0	31896.0	31255.0	31894.0	31555.0	30699.0	31125.0	30967.0	30610.0	30570.0	29845.0	30112.0	29294.0	29415.0	28786.0	28562.0	28428.0	27558.0	27651.0	27346.0	14076.0	17747.0	24923.0	26610.0	26227.0	26360.0	26952.0	26077.0	26840.0	26466.0	28750.0	1205600.0
	60	62	64	66	68	70	72	74	76	78	80	82	84	86	88	90	92	94	96	98	100	102	104	106	108	110	112	114	116	118	120	122	124	126	128	130	132	134	136	138	140	142	144	146	148	150
PD_52P_filtered_2	26685.0	28090.0	28863.0	29318.0	29368.0	29676.0	30896.0	31186.0	31216.0	31373.0	32101.0	31860.0	31838.0	31868.0	32107.0	31926.0	31310.0	31947.0	31573.0	30670.0	31223.0	30969.0	30691.0	30654.0	29933.0	30126.0	29303.0	29391.0	28833.0	28677.0	28491.0	27647.0	27689.0	27404.0	14107.0	17893.0	25093.0	27041.0	27066.0	27354.0	28300.0	27762.0	28654.0	29486.0	33616.0	1189687.0
	60	62	64	66	68	70	72	74	76	78	80	82	84	86	88	90	92	94	96	98	100	102	104	106	108	110	112	114	116	118	120	122	124	126	128	130	132	134	136	138	140	142	144	146	148	150
PD_53P_filtered_1	26649.0	27920.0	28494.0	29139.0	29944.0	30563.0	31736.0	32338.0	32596.0	33880.0	34482.0	34613.0	34488.0	35170.0	35025.0	34253.0	34432.0	34353.0	34480.0	34366.0	34981.0	34517.0	34065.0	34177.0	33248.0	33099.0	32278.0	32606.0	32410.0	32329.0	32449.0	31372.0	31996.0	31743.0	16170.0	20903.0	29909.0	31083.0	30944.0	31513.0	32761.0	31579.0	32441.0	32179.0	35095.0	1758631.0
	60	62	64	66	68	70	72	74	76	78	80	82	84	86	88	90	92	94	96	98	100	102	104	106	108	110	112	114	116	118	120	122	124	126	128	130	132	134	136	138	140	142	144	146	148	150
PD_53P_filtered_2	26332.0	27820.0	28571.0	29475.0	30334.0	30906.0	32108.0	32667.0	32880.0	34091.0	34694.0	34847.0	34678.0	35235.0	35133.0	34323.0	34553.0	34446.0	34627.0	34480.0	35091.0	34541.0	34162.0	34204.0	33361.0	33105.0	32400.0	32699.0	32523.0	32373.0	32571.0	31562.0	32124.0	31916.0	16249.0	21061.0	30373.0	31909.0	32661.0	33619.0	35091.0	34677.0	36240.0	38122.0	44518.0	1724047.0
	60	62	64	66	68	70	72	74	76	78	80	82	84	86	88	90	92	94	96	98	100	102	104	106	108	110	112	114	116	118	120	122	124	126	128	130	132	134	136	138	140	142	144	146	148	150
PD_54P_filtered_1	34878.0	36851.0	38259.0	39721.0	40702.0	41763.0	44045.0	44018.0	45099.0	45827.0	46746.0	47434.0	47281.0	47289.0	47665.0	46357.0	46107.0	46368.0	46438.0	46031.0	46815.0	45745.0	45448.0	45859.0	44171.0	43837.0	43065.0	42713.0	42202.0	42096.0	42584.0	41496.0	41555.0	41510.0	21129.0	27040.0	38652.0	40452.0	40307.0	40241.0	40885.0	40289.0	39950.0	40261.0	43083.0	1861385.0
	60	62	64	66	68	70	72	74	76	78	80	82	84	86	88	90	92	94	96	98	100	102	104	106	108	110	112	114	116	118	120	122	124	126	128	130	132	134	136	138	140	142	144	146	148	150
PD_54P_filtered_2	34313.0	36563.0	37985.0	39909.0	40998.0	42073.0	44278.0	44340.0	45229.0	46079.0	46923.0	47578.0	47471.0	47355.0	47653.0	46420.0	46060.0	46479.0	46511.0	46074.0	46916.0	45833.0	45564.0	45920.0	44241.0	43853.0	43166.0	42888.0	42184.0	42155.0	42675.0	41525.0	41714.0	41612.0	21134.0	27166.0	38940.0	41144.0	41628.0	41760.0	42868.0	42823.0	43281.0	45571.0	51219.0	1833578.0
	60	62	64	66	68	70	72	74	76	78	80	82	84	86	88	90	92	94	96	98	100	102	104	106	108	110	112	114	116	118	120	122	124	126	128	130	132	134	136	138	140	142	144	146	148	150
PD_55P_filtered_1	18391.0	20066.0	21219.0	22336.0	23516.0	24478.0	26316.0	27511.0	28911.0	30140.0	31867.0	32420.0	33205.0	34120.0	35244.0	35674.0	36213.0	37259.0	38388.0	38506.0	39777.0	40146.0	40357.0	41009.0	40548.0	41253.0	40942.0	41471.0	41567.0	41228.0	42072.0	41786.0	42436.0	42593.0	21325.0	27344.0	40218.0	43014.0	43196.0	43862.0	45012.0	43685.0	44116.0	44778.0	47988.0	1966876.0
	60	62	64	66	68	70	72	74	76	78	80	82	84	86	88	90	92	94	96	98	100	102	104	106	108	110	112	114	116	118	120	122	124	126	128	130	132	134	136	138	140	142	144	146	148	150
PD_55P_filtered_2	17951.0	19782.0	20975.0	22464.0	23667.0	24703.0	26486.0	27689.0	28988.0	30222.0	31970.0	32520.0	33172.0	34119.0	35379.0	35602.0	36248.0	37290.0	38341.0	38523.0	39784.0	40180.0	40458.0	40990.0	40591.0	41317.0	41016.0	41525.0	41516.0	41301.0	42207.0	41709.0	42488.0	42654.0	21319.0	27325.0	40439.0	43334.0	43936.0	44999.0	46557.0	45380.0	46325.0	48534.0	53925.0	1948479.0
	60	62	64	66	68	70	72	74	76	78	80	82	84	86	88	90	92	94	96	98	100	102	104	106	108	110	112	114	116	118	120	122	124	126	128	130	132	134	136	138	140	142	144	146	148	150
PD_56P_filtered_1	51643.0	55500.0	58598.0	60533.0	62647.0	64350.0	67172.0	69040.0	70515.0	72512.0	74480.0	75477.0	76578.0	76983.0	78816.0	78945.0	78621.0	80025.0	81043.0	79975.0	81001.0	80469.0	81054.0	81295.0	79488.0	79767.0	78763.0	78994.0	78256.0	77941.0	78159.0	76918.0	76736.0	75866.0	38742.0	49313.0	69633.0	73086.0	73025.0	73212.0	75100.0	72817.0	73313.0	73705.0	78335.0	2996021.0
	60	62	64	66	68	70	72	74	76	78	80	82	84	86	88	90	92	94	96	98	100	102	104	106	108	110	112	114	116	118	120	122	124	126	128	130	132	134	136	138	140	142	144	146	148	150
PD_56P_filtered_2	50705.0	55035.0	58202.0	60674.0	63014.0	64655.0	67523.0	69461.0	70734.0	72928.0	74690.0	75709.0	76773.0	77108.0	78874.0	79060.0	78812.0	80024.0	81175.0	80042.0	81093.0	80716.0	81180.0	81487.0	79672.0	79864.0	79158.0	79037.0	78195.0	77999.0	78294.0	77111.0	76861.0	76027.0	38888.0	49306.0	70040.0	74012.0	74888.0	75466.0	78038.0	76435.0	78062.0	81086.0	90448.0	2955901.0
	60	62	64	66	68	70	72	74	76	78	80	82	84	86	88	90	92	94	96	98	100	102	104	106	108	110	112	114	116	118	120	122	124	126	128	130	132	134	136	138	140	142	144	146	148	150
PD_57P_filtered_1	46489.0	48568.0	49507.0	50391.0	50621.0	51334.0	52895.0	53117.0	53656.0	54371.0	55466.0	55887.0	55402.0	56096.0	55750.0	55855.0	55546.0	56342.0	55904.0	54842.0	55316.0	55605.0	54315.0	55068.0	53516.0	53369.0	52877.0	52314.0	52065.0	51029.0	51448.0	49434.0	49924.0	49238.0	24865.0	32003.0	44873.0	46807.0	46710.0	46556.0	47122.0	46017.0	45533.0	45864.0	47889.0	1768068.0
	60	62	64	66	68	70	72	74	76	78	80	82	84	86	88	90	92	94	96	98	100	102	104	106	108	110	112	114	116	118	120	122	124	126	128	130	132	134	136	138	140	142	144	146	148	150
PD_57P_filtered_2	45668.0	47921.0	49119.0	50304.0	50745.0	51365.0	53095.0	53462.0	53809.0	54444.0	55524.0	56023.0	55539.0	56131.0	55805.0	55878.0	55506.0	56413.0	55872.0	54804.0	55332.0	55656.0	54394.0	55260.0	53561.0	53347.0	52903.0	52290.0	52146.0	51082.0	51445.0	49458.0	49938.0	49219.0	24678.0	31923.0	44991.0	47119.0	47123.0	47412.0	47997.0	47169.0	47061.0	48298.0	51443.0	1757192.0
	60	62	64	66	68	70	72	74	76	78	80	82	84	86	88	90	92	94	96	98	100	102	104	106	108	110	112	114	116	118	120	122	124	126	128	130	132	134	136	138	140	142	144	146	148	150
PD_58P_filtered_1	32482.0	34003.0	35116.0	35887.0	36507.0	37131.0	38226.0	38507.0	39153.0	40193.0	40759.0	41062.0	40674.0	40916.0	41476.0	40807.0	40977.0	41463.0	41165.0	40455.0	40856.0	40810.0	40094.0	40863.0	39407.0	39712.0	38865.0	38686.0	38175.0	38145.0	38711.0	36917.0	36993.0	36789.0	18637.0	24281.0	34056.0	35282.0	35442.0	35642.0	36686.0	35791.0	36196.0	36573.0	39857.0	1705022.0
	60	62	64	66	68	70	72	74	76	78	80	82	84	86	88	90	92	94	96	98	100	102	104	106	108	110	112	114	116	118	120	122	124	126	128	130	132	134	136	138	140	142	144	146	148	150
PD_58P_filtered_2	31845.0	33626.0	34811.0	35980.0	36836.0	37410.0	38558.0	38828.0	39375.0	40230.0	40970.0	41161.0	40759.0	40944.0	41513.0	40806.0	41094.0	41455.0	41259.0	40565.0	40929.0	40824.0	40205.0	40875.0	39443.0	39799.0	38854.0	38729.0	38194.0	38150.0	38709.0	36992.0	37134.0	36840.0	18648.0	24321.0	34276.0	35885.0	36657.0	37093.0	38712.0	38045.0	39042.0	41142.0	46916.0	1681008.0
	60	62	64	66	68	70	72	74	76	78	80	82	84	86	88	90	92	94	96	98	100	102	104	106	108	110	112	114	116	118	120	122	124	126	128	130	132	134	136	138	140	142	144	146	148	150
PD_59P_filtered_1	26875.0	27905.0	28411.0	28762.0	28881.0	29179.0	30329.0	30744.0	30956.0	31712.0	32278.0	32752.0	32491.0	32237.0	32428.0	32319.0	31992.0	32682.0	32358.0	32431.0	33048.0	32175.0	32100.0	31973.0	31420.0	31155.0	30548.0	30748.0	30376.0	29926.0	30363.0	29236.0	29259.0	29094.0	14602.0	19102.0	26485.0	27997.0	27809.0	27839.0	28835.0	27820.0	28268.0	28046.0	29880.0	1198281.0
	60	62	64	66	68	70	72	74	76	78	80	82	84	86	88	90	92	94	96	98	100	102	104	106	108	110	112	114	116	118	120	122	124	126	128	130	132	134	136	138	140	142	144	146	148	150
PD_59P_filtered_2	26276.0	27465.0	28147.0	28729.0	29003.0	29363.0	30583.0	31020.0	30980.0	31767.0	32264.0	32798.0	32471.0	32296.0	32453.0	32304.0	31996.0	32684.0	32389.0	32435.0	33016.0	32115.0	32105.0	32004.0	31473.0	31263.0	30597.0	30802.0	30379.0	29931.0	30453.0	29308.0	29373.0	29130.0	14668.0	19066.0	26711.0	28395.0	28551.0	28724.0	29916.0	29183.0	30000.0	30499.0	34121.0	1184901.0
	60	62	64	66	68	70	72	74	76	78	80	82	84	86	88	90	92	94	96	98	100	102	104	106	108	110	112	114	116	118	120	122	124	126	128	130	132	134	136	138	140	142	144	146	148	150
PD_5P_filtered_1	30902.0	32775.0	33352.0	34129.0	34792.0	35151.0	36985.0	37543.0	38097.0	38962.0	40132.0	40501.0	40661.0	40926.0	41159.0	40941.0	41336.0	42069.0	42485.0	42299.0	42344.0	42204.0	41984.0	42074.0	40551.0	41066.0	41228.0	40940.0	40687.0	40088.0	40935.0	39270.0	39823.0	39116.0	19988.0	25886.0	36145.0	37660.0	37817.0	37450.0	38335.0	37530.0	37476.0	37404.0	39568.0	1525464.0
	60	62	64	66	68	70	72	74	76	78	80	82	84	86	88	90	92	94	96	98	100	102	104	106	108	110	112	114	116	118	120	122	124	126	128	130	132	134	136	138	140	142	144	146	148	150
PD_5P_filtered_2	30220.0	32283.0	32972.0	34183.0	34935.0	35266.0	37163.0	37729.0	38223.0	39003.0	40097.0	40695.0	40774.0	40976.0	41176.0	41015.0	41325.0	42111.0	42417.0	42325.0	42302.0	42245.0	42007.0	42210.0	40555.0	41119.0	41249.0	40942.0	40726.0	40183.0	40955.0	39364.0	39866.0	39112.0	19952.0	25950.0	36219.0	37883.0	38396.0	38258.0	39408.0	38678.0	39262.0	40026.0	43974.0	1512501.0
	60	62	64	66	68	70	72	74	76	78	80	82	84	86	88	90	92	94	96	98	100	102	104	106	108	110	112	114	116	118	120	122	124	126	128	130	132	134	136	138	140	142	144	146	148	150
PD_60P_filtered_1	34153.0	35641.0	37094.0	37881.0	38605.0	39207.0	41103.0	41796.0	42243.0	42729.0	43790.0	44337.0	44516.0	44874.0	44757.0	44980.0	44397.0	45137.0	45111.0	44887.0	45860.0	45068.0	45206.0	44548.0	44012.0	44038.0	43518.0	43326.0	42966.0	42997.0	42901.0	42018.0	42305.0	41770.0	21682.0	27413.0	38606.0	40341.0	40417.0	40469.0	41716.0	40411.0	40933.0	41058.0	44183.0	1702132.0
	60	62	64	66	68	70	72	74	76	78	80	82	84	86	88	90	92	94	96	98	100	102	104	106	108	110	112	114	116	118	120	122	124	126	128	130	132	134	136	138	140	142	144	146	148	150
PD_60P_filtered_2	33330.0	35081.0	36729.0	37792.0	38773.0	39419.0	41272.0	42005.0	42403.0	42715.0	43909.0	44303.0	44507.0	44948.0	44798.0	45050.0	44364.0	45262.0	45268.0	44871.0	45861.0	45092.0	45235.0	44622.0	43942.0	44065.0	43579.0	43445.0	43023.0	42949.0	42990.0	42059.0	42335.0	41675.0	21563.0	27298.0	38768.0	40752.0	41109.0	41464.0	43074.0	41899.0	42918.0	44262.0	48948.0	1687406.0
	60	62	64	66	68	70	72	74	76	78	80	82	84	86	88	90	92	94	96	98	100	102	104	106	108	110	112	114	116	118	120	122	124	126	128	130	132	134	136	138	140	142	144	146	148	150
PD_63P_filtered_1	10926.0	11763.0	12438.0	12917.0	13347.0	14033.0	14765.0	15111.0	15806.0	16453.0	17288.0	18004.0	18352.0	18745.0	19468.0	19542.0	19820.0	20591.0	21635.0	21700.0	22662.0	23282.0	23388.0	24080.0	23860.0	25159.0	25545.0	25993.0	26809.0	26884.0	27998.0	27869.0	28828.0	29379.0	15293.0	19339.0	28153.0	30106.0	30892.0	31812.0	33633.0	32676.0	33287.0	34273.0	37758.0	1980138.0
	60	62	64	66	68	70	72	74	76	78	80	82	84	86	88	90	92	94	96	98	100	102	104	106	108	110	112	114	116	118	120	122	124	126	128	130	132	134	136	138	140	142	144	146	148	150
PD_63P_filtered_2	10938.0	11859.0	12582.0	13259.0	13627.0	14266.0	15066.0	15436.0	15995.0	16594.0	17503.0	18136.0	18482.0	18833.0	19630.0	19647.0	19872.0	20711.0	21629.0	21739.0	22705.0	23345.0	23478.0	24109.0	23966.0	25194.0	25562.0	26017.0	26840.0	26997.0	28137.0	27950.0	28882.0	29490.0	15359.0	19555.0	28403.0	30779.0	32242.0	33614.0	35773.0	35250.0	36547.0	39257.0	45507.0	1951038.0
	60	62	64	66	68	70	72	74	76	78	80	82	84	86	88	90	92	94	96	98	100	102	104	106	108	110	112	114	116	118	120	122	124	126	128	130	132	134	136	138	140	142	144	146	148	150
PD_64P_filtered_1	46298.0	48214.0	49401.0	50654.0	51219.0	51793.0	54613.0	54315.0	55167.0	55872.0	56851.0	56650.0	56520.0	56530.0	56360.0	55818.0	55240.0	55968.0	55045.0	54181.0	54400.0	53792.0	53435.0	52940.0	51224.0	51099.0	49930.0	49390.0	49013.0	47722.0	47851.0	46336.0	46209.0	45998.0	23517.0	29802.0	41554.0	43294.0	43082.0	43561.0	43911.0	42800.0	42459.0	42633.0	45261.0	1721243.0
	60	62	64	66	68	70	72	74	76	78	80	82	84	86	88	90	92	94	96	98	100	102	104	106	108	110	112	114	116	118	120	122	124	126	128	130	132	134	136	138	140	142	144	146	148	150
PD_64P_filtered_2	45388.0	47605.0	49098.0	50771.0	51554.0	52192.0	54853.0	54633.0	55290.0	56014.0	57056.0	56738.0	56553.0	56704.0	56417.0	55934.0	55310.0	55975.0	55066.0	54272.0	54625.0	53883.0	53644.0	52967.0	51223.0	51105.0	50051.0	49394.0	49034.0	47764.0	47805.0	46404.0	46179.0	46064.0	23348.0	29816.0	41685.0	43892.0	44448.0	44855.0	45608.0	44973.0	45255.0	47046.0	52397.0	1698277.0
	60	62	64	66	68	70	72	74	76	78	80	82	84	86	88	90	92	94	96	98	100	102	104	106	108	110	112	114	116	118	120	122	124	126	128	130	132	134	136	138	140	142	144	146	148	150
PD_65P_filtered_1	31829.0	33494.0	34712.0	35951.0	36598.0	37590.0	38995.0	39366.0	40137.0	41043.0	42232.0	42754.0	42513.0	42533.0	43257.0	42710.0	42365.0	43034.0	42997.0	42256.0	42883.0	42416.0	41873.0	42059.0	41102.0	41413.0	40987.0	40655.0	39999.0	39953.0	39843.0	38644.0	38882.0	38344.0	19553.0	25030.0	34528.0	36799.0	36356.0	36650.0	37114.0	35919.0	36332.0	36312.0	39147.0	1530966.0
	60	62	64	66	68	70	72	74	76	78	80	82	84	86	88	90	92	94	96	98	100	102	104	106	108	110	112	114	116	118	120	122	124	126	128	130	132	134	136	138	140	142	144	146	148	150
PD_65P_filtered_2	30853.0	32838.0	34258.0	35844.0	36728.0	37722.0	39145.0	39570.0	40104.0	41114.0	42222.0	42724.0	42601.0	42520.0	43231.0	42718.0	42438.0	43059.0	42975.0	42229.0	42901.0	42456.0	41873.0	42165.0	41144.0	41526.0	41031.0	40658.0	40113.0	39908.0	39964.0	38684.0	38894.0	38496.0	19488.0	24961.0	34709.0	37201.0	37155.0	37776.0	38283.0	37211.0	38293.0	39663.0	43625.0	1517054.0
	60	62	64	66	68	70	72	74	76	78	80	82	84	86	88	90	92	94	96	98	100	102	104	106	108	110	112	114	116	118	120	122	124	126	128	130	132	134	136	138	140	142	144	146	148	150
PD_66P_filtered_1	28808.0	29667.0	30544.0	30860.0	30594.0	30991.0	32053.0	32775.0	32689.0	33175.0	33887.0	34254.0	34367.0	34272.0	34191.0	34173.0	34015.0	34612.0	34751.0	34423.0	34718.0	34772.0	34469.0	33834.0	33639.0	33822.0	33279.0	33346.0	33197.0	33061.0	32997.0	32304.0	32605.0	32068.0	15798.0	20531.0	29300.0	30959.0	30976.0	31048.0	31545.0	30507.0	29746.0	30301.0	32071.0	1235528.0
	60	62	64	66	68	70	72	74	76	78	80	82	84	86	88	90	92	94	96	98	100	102	104	106	108	110	112	114	116	118	120	122	124	126	128	130	132	134	136	138	140	142	144	146	148	150
PD_66P_filtered_2	28317.0	29423.0	30376.0	30808.0	30771.0	31097.0	32235.0	32889.0	32814.0	33259.0	33914.0	34332.0	34385.0	34268.0	34247.0	34182.0	34060.0	34664.0	34761.0	34452.0	34703.0	34769.0	34504.0	33915.0	33623.0	33800.0	33297.0	33383.0	33211.0	33082.0	32956.0	32294.0	32683.0	32082.0	15657.0	20494.0	29343.0	31143.0	31509.0	31630.0	32284.0	31260.0	30956.0	32021.0	34601.0	1227068.0
	60	62	64	66	68	70	72	74	76	78	80	82	84	86	88	90	92	94	96	98	100	102	104	106	108	110	112	114	116	118	120	122	124	126	128	130	132	134	136	138	140	142	144	146	148	150
PD_6P_filtered_1	24116.0	24756.0	25847.0	26315.0	27098.0	27388.0	28458.0	28956.0	28971.0	29432.0	30159.0	30105.0	29977.0	30490.0	30659.0	30500.0	30109.0	30118.0	30175.0	29842.0	29932.0	29838.0	29339.0	29677.0	28673.0	28739.0	28229.0	28402.0	28059.0	27891.0	27781.0	26966.0	27061.0	26785.0	13595.0	17474.0	24540.0	25373.0	25712.0	25467.0	26312.0	25245.0	25984.0	25892.0	27988.0	1177007.0
	60	62	64	66	68	70	72	74	76	78	80	82	84	86	88	90	92	94	96	98	100	102	104	106	108	110	112	114	116	118	120	122	124	126	128	130	132	134	136	138	140	142	144	146	148	150
PD_6P_filtered_2	23718.0	24495.0	25752.0	26418.0	27288.0	27590.0	28692.0	29137.0	29092.0	29563.0	30311.0	30118.0	30097.0	30504.0	30672.0	30598.0	30238.0	30245.0	30158.0	29824.0	29944.0	29894.0	29354.0	29860.0	28698.0	28732.0	28246.0	28395.0	28121.0	27916.0	27841.0	26993.0	27157.0	26941.0	13687.0	17502.0	24750.0	25767.0	26557.0	26824.0	27809.0	27021.0	28198.0	29505.0	33700.0	1157510.0
	60	62	64	66	68	70	72	74	76	78	80	82	84	86	88	90	92	94	96	98	100	102	104	106	108	110	112	114	116	118	120	122	124	126	128	130	132	134	136	138	140	142	144	146	148	150
PD_70P_filtered_1	27046.0	28049.0	28613.0	28972.0	29028.0	29625.0	30442.0	30599.0	30694.0	31378.0	32068.0	32338.0	31899.0	31326.0	31476.0	31237.0	31417.0	31529.0	31815.0	31150.0	31838.0	31331.0	30564.0	30848.0	30137.0	30474.0	29553.0	29994.0	29698.0	29817.0	29558.0	28664.0	29454.0	29166.0	14680.0	18817.0	26394.0	27911.0	28096.0	28138.0	28922.0	28134.0	28153.0	28146.0	30561.0	1339253.0
	60	62	64	66	68	70	72	74	76	78	80	82	84	86	88	90	92	94	96	98	100	102	104	106	108	110	112	114	116	118	120	122	124	126	128	130	132	134	136	138	140	142	144	146	148	150
PD_70P_filtered_2	26598.0	27777.0	28480.0	29024.0	29268.0	29926.0	30668.0	30911.0	30867.0	31477.0	32230.0	32369.0	31959.0	31479.0	31523.0	31370.0	31513.0	31565.0	31955.0	31174.0	31878.0	31367.0	30604.0	30933.0	30152.0	30528.0	29656.0	30062.0	29733.0	29959.0	29650.0	28679.0	29421.0	29280.0	14698.0	18877.0	26634.0	28458.0	29146.0	29533.0	30487.0	30062.0	30423.0	31867.0	36319.0	1318463.0
	60	62	64	66	68	70	72	74	76	78	80	82	84	86	88	90	92	94	96	98	100	102	104	106	108	110	112	114	116	118	120	122	124	126	128	130	132	134	136	138	140	142	144	146	148	150
PD_73P_filtered_1	12273.0	11853.0	11409.0	11084.0	10345.0	10031.0	10275.0	10679.0	11112.0	11794.0	12164.0	11993.0	11581.0	11235.0	11017.0	10814.0	10640.0	11427.0	11962.0	12646.0	13149.0	12242.0	11135.0	10940.0	10064.0	9044.0	7589.0	7216.0	7107.0	7203.0	8064.0	8350.0	9083.0	9427.0	4898.0	6277.0	9831.0	10901.0	10973.0	11750.0	12083.0	11539.0	11150.0	11854.0	12531.0	686771.0
	60	62	64	66	68	70	72	74	76	78	80	82	84	86	88	90	92	94	96	98	100	102	104	106	108	110	112	114	116	118	120	122	124	126	128	130	132	134	136	138	140	142	144	146	148	150
PD_73P_filtered_2	12157.0	11847.0	11391.0	11143.0	10443.0	10083.0	10297.0	10775.0	11155.0	11813.0	12202.0	12032.0	11626.0	11252.0	11000.0	10836.0	10655.0	11453.0	11979.0	12640.0	13125.0	12243.0	11145.0	10992.0	10059.0	9041.0	7591.0	7220.0	7103.0	7186.0	8066.0	8401.0	9091.0	9444.0	4883.0	6308.0	9865.0	10977.0	11283.0	12182.0	12597.0	12265.0	11978.0	13090.0	14573.0	680018.0
	60	62	64	66	68	70	72	74	76	78	80	82	84	86	88	90	92	94	96	98	100	102	104	106	108	110	112	114	116	118	120	122	124	126	128	130	132	134	136	138	140	142	144	146	148	150
PD_74P_filtered_1	34347.0	35609.0	36599.0	37849.0	37894.0	38081.0	39956.0	40230.0	40591.0	41835.0	42493.0	42211.0	43012.0	42852.0	43483.0	42996.0	42833.0	43597.0	43639.0	43043.0	43488.0	43091.0	42813.0	42741.0	41836.0	42073.0	41763.0	41750.0	41056.0	40677.0	40683.0	40046.0	39987.0	39942.0	20386.0	25606.0	36331.0	37989.0	37769.0	37826.0	38936.0	37548.0	37786.0	37919.0	39828.0	1515152.0
	60	62	64	66	68	70	72	74	76	78	80	82	84	86	88	90	92	94	96	98	100	102	104	106	108	110	112	114	116	118	120	122	124	126	128	130	132	134	136	138	140	142	144	146	148	150
PD_74P_filtered_2	33563.0	35130.0	36241.0	37890.0	38071.0	38264.0	40166.0	40518.0	40746.0	42024.0	42568.0	42236.0	43185.0	42827.0	43495.0	43028.0	42874.0	43655.0	43622.0	43135.0	43607.0	43116.0	42922.0	42820.0	41790.0	42081.0	41893.0	41791.0	41131.0	40673.0	40758.0	40039.0	40063.0	40016.0	20257.0	25644.0	36383.0	38348.0	38533.0	38778.0	40015.0	39099.0	39623.0	40859.0	44233.0	1500462.0
	60	62	64	66	68	70	72	74	76	78	80	82	84	86	88	90	92	94	96	98	100	102	104	106	108	110	112	114	116	118	120	122	124	126	128	130	132	134	136	138	140	142	144	146	148	150
PD_75P_filtered_1	26658.0	28126.0	28090.0	29119.0	29455.0	29938.0	30717.0	31181.0	31749.0	32017.0	32827.0	33063.0	33244.0	33073.0	33504.0	33143.0	33213.0	33383.0	33800.0	33399.0	33616.0	33889.0	33595.0	33677.0	33019.0	33391.0	33088.0	32848.0	32491.0	32493.0	32826.0	31680.0	31929.0	31900.0	16395.0	20899.0	29815.0	30913.0	31203.0	31092.0	32078.0	31343.0	31792.0	31787.0	34866.0	1380451.0
	60	62	64	66	68	70	72	74	76	78	80	82	84	86	88	90	92	94	96	98	100	102	104	106	108	110	112	114	116	118	120	122	124	126	128	130	132	134	136	138	140	142	144	146	148	150
PD_75P_filtered_2	25995.0	27666.0	27815.0	29133.0	29544.0	30067.0	30930.0	31503.0	31841.0	32101.0	32896.0	33058.0	33271.0	33127.0	33504.0	33174.0	33188.0	33408.0	33822.0	33387.0	33662.0	33911.0	33574.0	33726.0	33086.0	33424.0	33118.0	32992.0	32453.0	32443.0	32811.0	31722.0	31940.0	31918.0	16361.0	20935.0	29941.0	31248.0	31880.0	31985.0	33290.0	32539.0	33505.0	34447.0	38931.0	1367503.0
	60	62	64	66	68	70	72	74	76	78	80	82	84	86	88	90	92	94	96	98	100	102	104	106	108	110	112	114	116	118	120	122	124	126	128	130	132	134	136	138	140	142	144	146	148	150
PD_76P_filtered_1	25307.0	26260.0	26656.0	26830.0	27332.0	27529.0	28601.0	28618.0	28661.0	28942.0	29472.0	29708.0	29800.0	29674.0	29959.0	29836.0	29275.0	29536.0	29888.0	29478.0	29938.0	29544.0	29309.0	29014.0	28705.0	28618.0	28075.0	28024.0	27408.0	27488.0	27794.0	26858.0	26828.0	26907.0	13782.0	17730.0	24348.0	25650.0	25963.0	26057.0	26870.0	25696.0	26403.0	26397.0	28511.0	1344444.0
	60	62	64	66	68	70	72	74	76	78	80	82	84	86	88	90	92	94	96	98	100	102	104	106	108	110	112	114	116	118	120	122	124	126	128	130	132	134	136	138	140	142	144	146	148	150
PD_76P_filtered_2	25092.0	26254.0	26656.0	27135.0	27732.0	27886.0	28984.0	28987.0	28866.0	29249.0	29622.0	29846.0	30003.0	29841.0	30023.0	29946.0	29414.0	29620.0	29979.0	29532.0	29984.0	29660.0	29323.0	29126.0	28741.0	28731.0	28189.0	28075.0	27425.0	27628.0	27926.0	27047.0	27021.0	27057.0	13930.0	18007.0	24709.0	26395.0	27406.0	27699.0	29118.0	28437.0	29942.0	31607.0	36502.0	1313371.0
	60	62	64	66	68	70	72	74	76	78	80	82	84	86	88	90	92	94	96	98	100	102	104	106	108	110	112	114	116	118	120	122	124	126	128	130	132	134	136	138	140	142	144	146	148	150
PD_77P_filtered_1	42550.0	44061.0	45589.0	46247.0	46652.0	46995.0	48878.0	49335.0	49360.0	50318.0	51327.0	51169.0	51113.0	50538.0	50659.0	49584.0	49015.0	49855.0	49041.0	48633.0	48971.0	48378.0	47604.0	47441.0	46608.0	46235.0	45701.0	45495.0	44631.0	44032.0	44234.0	42365.0	42386.0	42202.0	21534.0	27966.0	38432.0	39689.0	39571.0	39884.0	40749.0	39282.0	39459.0	39756.0	42725.0	1635932.0
	60	62	64	66	68	70	72	74	76	78	80	82	84	86	88	90	92	94	96	98	100	102	104	106	108	110	112	114	116	118	120	122	124	126	128	130	132	134	136	138	140	142	144	146	148	150
PD_77P_filtered_2	41379.0	43298.0	44930.0	46236.0	46919.0	47168.0	49156.0	49614.0	49452.0	50290.0	51570.0	51194.0	51214.0	50541.0	50657.0	49715.0	49128.0	49911.0	49042.0	48727.0	49056.0	48354.0	47672.0	47448.0	46780.0	46412.0	45777.0	45602.0	44763.0	44123.0	44379.0	42422.0	42513.0	42303.0	21417.0	28104.0	38653.0	40262.0	40582.0	41300.0	42277.0	41050.0	42030.0	43550.0	48766.0	1616445.0
	60	62	64	66	68	70	72	74	76	78	80	82	84	86	88	90	92	94	96	98	100	102	104	106	108	110	112	114	116	118	120	122	124	126	128	130	132	134	136	138	140	142	144	146	148	150
PD_78P_filtered_1	28569.0	29390.0	29980.0	30135.0	30096.0	30333.0	31216.0	31300.0	31390.0	31766.0	32361.0	31954.0	32137.0	31830.0	32242.0	31806.0	31699.0	31750.0	31500.0	30961.0	31089.0	30945.0	30912.0	30633.0	29520.0	30277.0	29181.0	29332.0	28929.0	28625.0	28438.0	27729.0	27730.0	27871.0	13927.0	18268.0	25424.0	26244.0	26486.0	26748.0	27443.0	26575.0	26868.0	27144.0	29234.0	1214715.0
	60	62	64	66	68	70	72	74	76	78	80	82	84	86	88	90	92	94	96	98	100	102	104	106	108	110	112	114	116	118	120	122	124	126	128	130	132	134	136	138	140	142	144	146	148	150
PD_78P_filtered_2	27800.0	28848.0	29587.0	30104.0	30248.0	30510.0	31439.0	31488.0	31480.0	31831.0	32364.0	32002.0	32098.0	31871.0	32265.0	31805.0	31639.0	31797.0	31450.0	31005.0	31117.0	31031.0	30835.0	30775.0	29585.0	30382.0	29217.0	29437.0	29013.0	28733.0	28479.0	27743.0	27801.0	27875.0	13945.0	18146.0	25614.0	26613.0	27191.0	27729.0	28736.0	28144.0	28818.0	29929.0	34320.0	1199863.0
	60	62	64	66	68	70	72	74	76	78	80	82	84	86	88	90	92	94	96	98	100	102	104	106	108	110	112	114	116	118	120	122	124	126	128	130	132	134	136	138	140	142	144	146	148	150
PD_79S_filtered_1	37819.0	39359.0	40527.0	40988.0	41512.0	41848.0	43169.0	43594.0	44056.0	44328.0	44926.0	45311.0	45447.0	45289.0	45538.0	44982.0	45278.0	45838.0	45212.0	44533.0	44967.0	44783.0	44082.0	43885.0	42977.0	43005.0	42091.0	42192.0	41904.0	41434.0	41234.0	39990.0	40352.0	40152.0	20289.0	25379.0	36296.0	38131.0	37961.0	38579.0	39209.0	37643.0	38044.0	38253.0	41304.0	1811850.0
	60	62	64	66	68	70	72	74	76	78	80	82	84	86	88	90	92	94	96	98	100	102	104	106	108	110	112	114	116	118	120	122	124	126	128	130	132	134	136	138	140	142	144	146	148	150
PD_79S_filtered_2	37418.0	39201.0	40475.0	41273.0	41888.0	42220.0	43608.0	44091.0	44277.0	44642.0	45053.0	45526.0	45618.0	45521.0	45741.0	45176.0	45431.0	45937.0	45285.0	44681.0	45208.0	44741.0	44181.0	43971.0	43034.0	43075.0	42072.0	42293.0	42033.0	41544.0	41334.0	40155.0	40529.0	40337.0	20389.0	25539.0	36605.0	38983.0	39393.0	40626.0	41547.0	40613.0	42088.0	44105.0	51461.0	1776622.0
	60	62	64	66	68	70	72	74	76	78	80	82	84	86	88	90	92	94	96	98	100	102	104	106	108	110	112	114	116	118	120	122	124	126	128	130	132	134	136	138	140	142	144	146	148	150
PD_7P_filtered_1	32505.0	34229.0	34994.0	35924.0	36368.0	36690.0	37611.0	38047.0	38691.0	39540.0	41223.0	41304.0	41254.0	40533.0	40538.0	40101.0	39165.0	39772.0	40320.0	39357.0	40079.0	39905.0	38717.0	38837.0	37816.0	38604.0	37380.0	37172.0	36868.0	37189.0	37928.0	37352.0	37772.0	37804.0	18902.0	23984.0	35199.0	37586.0	36551.0	36980.0	36875.0	35318.0	34172.0	34560.0	36502.0	1468691.0
	60	62	64	66	68	70	72	74	76	78	80	82	84	86	88	90	92	94	96	98	100	102	104	106	108	110	112	114	116	118	120	122	124	126	128	130	132	134	136	138	140	142	144	146	148	150
PD_7P_filtered_2	32146.0	34102.0	34925.0	35976.0	36544.0	36896.0	37825.0	38263.0	38798.0	39652.0	41253.0	41401.0	41347.0	40605.0	40609.0	40168.0	39125.0	39780.0	40436.0	39360.0	40183.0	39942.0	38755.0	38838.0	37843.0	38645.0	37401.0	37157.0	36932.0	37162.0	37912.0	37374.0	37813.0	37827.0	18901.0	23937.0	35344.0	37780.0	37034.0	37637.0	37679.0	36211.0	35495.0	36687.0	39723.0	1457486.0
	60	62	64	66	68	70	72	74	76	78	80	82	84	86	88	90	92	94	96	98	100	102	104	106	108	110	112	114	116	118	120	122	124	126	128	130	132	134	136	138	140	142	144	146	148	150
PD_81P_filtered_1	6.0	4.0	7.0	8.0	13.0	7.0	2.0	9.0	8.0	7.0	6.0	5.0	13.0	6.0	6.0	9.0	6.0	10.0	11.0	6.0	9.0	9.0	13.0	11.0	10.0	7.0	16.0	5.0	10.0	18.0	7.0	7.0	3.0	5.0	11.0	7.0	9.0	10.0	5.0	9.0	15.0	7.0	9.0	4.0	11.0	317.0
	60	62	64	66	68	70	72	74	76	78	80	82	84	86	88	90	92	94	96	98	100	102	104	106	108	110	112	114	116	118	120	122	124	126	128	130	132	134	136	138	140	142	144	146	148	150
PD_81P_filtered_2	6.0	5.0	7.0	8.0	12.0	7.0	1.0	9.0	8.0	7.0	6.0	6.0	14.0	6.0	5.0	9.0	7.0	11.0	12.0	5.0	9.0	8.0	13.0	10.0	10.0	8.0	14.0	7.0	9.0	20.0	7.0	7.0	4.0	5.0	10.0	8.0	8.0	10.0	5.0	10.0	15.0	6.0	9.0	5.0	14.0	311.0
	60	62	64	66	68	70	72	74	76	78	80	82	84	86	88	90	92	94	96	98	100	102	104	106	108	110	112	114	116	118	120	122	124	126	128	130	132	134	136	138	140	142	144	146	148	150
PD_82P_filtered_1	27646.0	28713.0	29932.0	30300.0	30582.0	31636.0	32621.0	33052.0	33357.0	34385.0	35097.0	35627.0	35662.0	36152.0	36428.0	36433.0	36408.0	36952.0	37293.0	36718.0	37441.0	37045.0	36644.0	37093.0	36086.0	36294.0	35926.0	35772.0	35731.0	35757.0	35560.0	34498.0	35014.0	34569.0	17817.0	22531.0	31787.0	33055.0	33315.0	33271.0	34722.0	33369.0	34217.0	34070.0	36936.0	1693341.0
	60	62	64	66	68	70	72	74	76	78	80	82	84	86	88	90	92	94	96	98	100	102	104	106	108	110	112	114	116	118	120	122	124	126	128	130	132	134	136	138	140	142	144	146	148	150
PD_82P_filtered_2	27125.0	28566.0	29724.0	30488.0	30983.0	31965.0	32869.0	33377.0	33551.0	34484.0	35298.0	35745.0	35825.0	36259.0	36485.0	36504.0	36504.0	36892.0	37406.0	36808.0	37485.0	37139.0	36640.0	37109.0	36188.0	36388.0	35944.0	35900.0	35861.0	35801.0	35684.0	34649.0	35082.0	34572.0	17799.0	22649.0	32053.0	33746.0	34638.0	35147.0	36789.0	35978.0	37330.0	38908.0	44986.0	1665532.0
	60	62	64	66	68	70	72	74	76	78	80	82	84	86	88	90	92	94	96	98	100	102	104	106	108	110	112	114	116	118	120	122	124	126	128	130	132	134	136	138	140	142	144	146	148	150
PD_83P_filtered_1	451.0	452.0	467.0	471.0	496.0	487.0	479.0	524.0	553.0	553.0	561.0	540.0	569.0	560.0	574.0	568.0	595.0	595.0	586.0	583.0	574.0	547.0	556.0	541.0	572.0	530.0	572.0	527.0	552.0	536.0	553.0	515.0	546.0	528.0	250.0	364.0	481.0	527.0	453.0	524.0	522.0	508.0	508.0	497.0	549.0	25927.0
	60	62	64	66	68	70	72	74	76	78	80	82	84	86	88	90	92	94	96	98	100	102	104	106	108	110	112	114	116	118	120	122	124	126	128	130	132	134	136	138	140	142	144	146	148	150
PD_83P_filtered_2	438.0	445.0	466.0	467.0	500.0	484.0	484.0	532.0	551.0	548.0	554.0	549.0	564.0	561.0	589.0	565.0	593.0	593.0	592.0	582.0	566.0	547.0	565.0	542.0	569.0	534.0	564.0	534.0	540.0	530.0	564.0	507.0	540.0	554.0	256.0	372.0	494.0	527.0	469.0	547.0	565.0	542.0	578.0	542.0	623.0	25595.0
	60	62	64	66	68	70	72	74	76	78	80	82	84	86	88	90	92	94	96	98	100	102	104	106	108	110	112	114	116	118	120	122	124	126	128	130	132	134	136	138	140	142	144	146	148	150
PD_84P_filtered_1	43148.0	44889.0	45598.0	46228.0	47036.0	47217.0	48838.0	49259.0	49220.0	49582.0	50211.0	50231.0	49377.0	49690.0	49484.0	48619.0	48283.0	48702.0	47716.0	46955.0	47233.0	46124.0	45421.0	45339.0	44401.0	43716.0	42923.0	42857.0	41979.0	41222.0	40922.0	39620.0	38938.0	38601.0	19781.0	25063.0	35028.0	36531.0	36030.0	35635.0	36482.0	34725.0	34593.0	34379.0	36269.0	1109161.0
	60	62	64	66	68	70	72	74	76	78	80	82	84	86	88	90	92	94	96	98	100	102	104	106	108	110	112	114	116	118	120	122	124	126	128	130	132	134	136	138	140	142	144	146	148	150
PD_84P_filtered_2	41837.0	43991.0	45005.0	46155.0	47139.0	47330.0	48993.0	49468.0	49242.0	49533.0	50240.0	50261.0	49427.0	49676.0	49569.0	48644.0	48232.0	48683.0	47750.0	46949.0	47387.0	46192.0	45495.0	45471.0	44430.0	43739.0	42997.0	42989.0	42059.0	41247.0	41024.0	39679.0	38973.0	38720.0	19749.0	24974.0	35012.0	36812.0	36594.0	36275.0	37250.0	35542.0	35764.0	36146.0	38688.0	1101924.0
	60	62	64	66	68	70	72	74	76	78	80	82	84	86	88	90	92	94	96	98	100	102	104	106	108	110	112	114	116	118	120	122	124	126	128	130	132	134	136	138	140	142	144	146	148	150
PD_8P_filtered_1	40479.0	42063.0	43824.0	44659.0	45821.0	46481.0	48850.0	49283.0	50134.0	51139.0	52080.0	52109.0	52557.0	52896.0	53449.0	53095.0	52967.0	53823.0	53670.0	53266.0	54051.0	53364.0	53276.0	53622.0	52294.0	52077.0	51755.0	51288.0	50846.0	50476.0	50231.0	49305.0	48991.0	48573.0	25046.0	31596.0	44758.0	46930.0	47016.0	46918.0	48170.0	47125.0	46880.0	47185.0	49714.0	1781361.0
	60	62	64	66	68	70	72	74	76	78	80	82	84	86	88	90	92	94	96	98	100	102	104	106	108	110	112	114	116	118	120	122	124	126	128	130	132	134	136	138	140	142	144	146	148	150
PD_8P_filtered_2	39423.0	41304.0	43186.0	44591.0	45886.0	46539.0	48901.0	49478.0	50157.0	51147.0	52028.0	52061.0	52552.0	52835.0	53485.0	52973.0	52961.0	53702.0	53615.0	53198.0	54010.0	53354.0	53298.0	53671.0	52233.0	52012.0	51640.0	51352.0	50857.0	50409.0	50250.0	49317.0	49007.0	48658.0	24773.0	31477.0	44804.0	47054.0	47353.0	47652.0	48960.0	48076.0	48203.0	49456.0	52931.0	1774664.0
	60	62	64	66	68	70	72	74	76	78	80	82	84	86	88	90	92	94	96	98	100	102	104	106	108	110	112	114	116	118	120	122	124	126	128	130	132	134	136	138	140	142	144	146	148	150
PD_9P_filtered_1	38435.0	39699.0	40926.0	41609.0	41693.0	42792.0	44274.0	44749.0	45399.0	45799.0	46486.0	46882.0	47259.0	47121.0	47560.0	47262.0	47532.0	47871.0	47449.0	46762.0	47797.0	47034.0	46658.0	46661.0	45340.0	45613.0	44991.0	45009.0	44345.0	44512.0	44715.0	43015.0	42698.0	42861.0	21555.0	27082.0	38743.0	40691.0	40710.0	41077.0	41757.0	40217.0	40474.0	40954.0	43739.0	1778890.0
	60	62	64	66	68	70	72	74	76	78	80	82	84	86	88	90	92	94	96	98	100	102	104	106	108	110	112	114	116	118	120	122	124	126	128	130	132	134	136	138	140	142	144	146	148	150
PD_9P_filtered_2	37594.0	39306.0	40627.0	41738.0	41841.0	42971.0	44481.0	44906.0	45438.0	45939.0	46546.0	46946.0	47332.0	47228.0	47655.0	47317.0	47525.0	47929.0	47455.0	46864.0	47817.0	47006.0	46755.0	46701.0	45452.0	45544.0	45097.0	44905.0	44411.0	44545.0	44706.0	43065.0	42723.0	43025.0	21589.0	27006.0	38980.0	41113.0	41751.0	42163.0	43370.0	41949.0	42668.0	44515.0	49315.0	1760888.0
	60	62	64	66	68	70	72	74	76	78	80	82	84	86	88	90	92	94	96	98	100	102	104	106	108	110	112	114	116	118	120	122	124	126	128	130	132	134	136	138	140	142	144	146	148	150
PD_Extr_neg_plate1_filtered_1	16.0	12.0	9.0	11.0	15.0	17.0	14.0	19.0	12.0	10.0	12.0	13.0	17.0	7.0	23.0	16.0	15.0	18.0	15.0	14.0	16.0	15.0	12.0	13.0	20.0	21.0	18.0	10.0	12.0	18.0	20.0	17.0	9.0	17.0	13.0	11.0	12.0	15.0	13.0	14.0	24.0	16.0	24.0	21.0	26.0	688.0
	60	62	64	66	68	70	72	74	76	78	80	82	84	86	88	90	92	94	96	98	100	102	104	106	108	110	112	114	116	118	120	122	124	126	128	130	132	134	136	138	140	142	144	146	148	150
PD_Extr_neg_plate1_filtered_2	15.0	13.0	9.0	11.0	14.0	17.0	15.0	19.0	12.0	10.0	12.0	13.0	17.0	6.0	22.0	17.0	14.0	17.0	17.0	13.0	15.0	17.0	10.0	14.0	22.0	22.0	18.0	11.0	12.0	19.0	19.0	18.0	10.0	17.0	12.0	12.0	12.0	15.0	13.0	13.0	28.0	16.0	26.0	23.0	31.0	672.0
	62	64	66	68	70	72	74	76	78	80	82	84	86	88	90	92	94	96	98	100	102	104	106	108	110	112	114	116	118	120	122	124	126	128	130	132	134	136	138	140	142	144	146	148	150
PD_Extr_neg_plate2_filtered_1	1.0	1.0	0.0	1.0	0.0	0.0	0.0	0.0	0.0	0.0	0.0	1.0	0.0	0.0	1.0	0.0	0.0	0.0	2.0	0.0	1.0	2.0	0.0	0.0	1.0	0.0	1.0	2.0	0.0	0.0	0.0	1.0	0.0	0.0	0.0	2.0	1.0	0.0	0.0	0.0	0.0	1.0	1.0	1.0	12.0
	62	64	66	68	70	72	74	76	78	80	82	84	86	88	90	92	94	96	98	100	102	104	106	108	110	112	114	116	118	120	122	124	126	128	130	132	134	136	138	140	142	144	146	148	150
PD_Extr_neg_plate2_filtered_2	1.0	0.0	0.0	1.0	0.0	0.0	0.0	0.0	0.0	1.0	0.0	1.0	1.0	0.0	1.0	0.0	0.0	0.0	2.0	0.0	1.0	1.0	1.0	0.0	1.0	0.0	1.0	2.0	0.0	0.0	0.0	1.0	0.0	0.0	0.0	2.0	1.0	0.0	0.0	0.0	1.0	0.0	0.0	0.0	13.0
	60	62	64	66	68	70	72	74	76	78	80	82	84	86	88	90	92	94	96	98	100	102	104	106	108	110	112	114	116	118	120	122	124	126	128	130	132	134	136	138	140	142	144	146	148	150
PD_Extr_neg_plate3_filtered_1	9.0	11.0	8.0	4.0	10.0	13.0	13.0	4.0	6.0	13.0	4.0	10.0	12.0	14.0	9.0	9.0	9.0	6.0	5.0	8.0	8.0	6.0	3.0	6.0	7.0	3.0	10.0	5.0	5.0	6.0	10.0	6.0	1.0	3.0	2.0	1.0	4.0	10.0	4.0	1.0	3.0	4.0	1.0	1.0	3.0	162.0
	60	62	64	66	68	70	72	74	76	78	80	82	84	86	88	90	92	94	96	98	100	102	104	106	108	110	112	114	116	118	120	122	124	126	128	130	132	134	136	138	140	142	144	146	148	150
PD_Extr_neg_plate3_filtered_2	9.0	11.0	8.0	4.0	9.0	11.0	13.0	6.0	7.0	12.0	6.0	9.0	12.0	14.0	9.0	9.0	8.0	7.0	5.0	8.0	8.0	5.0	3.0	6.0	7.0	3.0	9.0	5.0	5.0	6.0	10.0	6.0	1.0	3.0	3.0	1.0	5.0	12.0	4.0	1.0	4.0	5.0	2.0	3.0	3.0	155.0
	60	62	64	66	68	70	72	74	76	78	80	82	84	86	88	90	92	94	96	98	100	102	104	106	108	110	112	114	116	118	120	122	124	126	128	130	132	134	136	138	140	142	144	146	148	150
PD_Extr_pos_plate1_filtered_1	59.0	48.0	69.0	66.0	74.0	71.0	85.0	68.0	91.0	105.0	111.0	106.0	120.0	102.0	116.0	135.0	132.0	150.0	150.0	146.0	171.0	151.0	177.0	194.0	196.0	225.0	211.0	209.0	254.0	252.0	223.0	248.0	269.0	274.0	156.0	181.0	275.0	322.0	300.0	310.0	338.0	330.0	365.0	370.0	431.0	20041.0
	60	62	64	66	68	70	72	74	76	78	80	82	84	86	88	90	92	94	96	98	100	102	104	106	108	110	112	114	116	118	120	122	124	126	128	130	132	134	136	138	140	142	144	146	148	150
PD_Extr_pos_plate1_filtered_2	61.0	52.0	66.0	69.0	76.0	80.0	89.0	73.0	95.0	110.0	112.0	113.0	116.0	105.0	115.0	144.0	137.0	152.0	147.0	154.0	171.0	158.0	176.0	190.0	196.0	224.0	216.0	214.0	251.0	242.0	232.0	252.0	278.0	284.0	168.0	190.0	293.0	345.0	310.0	319.0	368.0	398.0	414.0	452.0	590.0	19480.0
	60	62	64	66	68	70	72	74	76	78	80	82	84	86	88	90	92	94	96	98	100	102	104	106	108	110	112	114	116	118	120	122	124	126	128	130	132	134	136	138	140	142	144	146	148	150
PD_Extr_pos_plate2_filtered_1	4.0	4.0	3.0	6.0	7.0	5.0	2.0	3.0	6.0	5.0	13.0	6.0	10.0	4.0	4.0	7.0	12.0	6.0	10.0	10.0	9.0	5.0	4.0	6.0	6.0	5.0	6.0	5.0	7.0	8.0	9.0	8.0	7.0	7.0	5.0	9.0	7.0	6.0	11.0	9.0	10.0	5.0	16.0	7.0	11.0	363.0
	60	62	64	66	68	70	72	74	76	78	80	82	84	86	88	90	92	94	96	98	100	102	104	106	108	110	112	114	116	118	120	122	124	126	128	130	132	134	136	138	140	142	144	146	148	150
PD_Extr_pos_plate2_filtered_2	5.0	3.0	5.0	6.0	8.0	5.0	1.0	4.0	7.0	5.0	10.0	7.0	12.0	4.0	4.0	7.0	12.0	7.0	10.0	11.0	8.0	5.0	4.0	6.0	7.0	5.0	6.0	5.0	6.0	8.0	9.0	8.0	7.0	7.0	5.0	7.0	8.0	6.0	11.0	8.0	11.0	6.0	18.0	12.0	9.0	353.0
	60	62	64	66	68	70	72	74	76	78	80	82	84	86	88	90	92	94	96	98	100	102	104	106	108	110	112	114	116	118	120	122	124	126	128	130	132	134	136	138	140	142	144	146	148	150
PD_Extr_pos_plate3_filtered_1	23422.0	24926.0	26600.0	27953.0	29135.0	31034.0	32911.0	34554.0	36122.0	37756.0	39858.0	41389.0	42786.0	43737.0	45418.0	46344.0	47583.0	49118.0	50121.0	50500.0	52913.0	53829.0	54123.0	55389.0	55114.0	57308.0	57282.0	58539.0	58576.0	59632.0	60487.0	60085.0	60697.0	61632.0	31664.0	41848.0	58467.0	61822.0	62438.0	64297.0	66067.0	64629.0	65559.0	67365.0	73101.0	2970674.0
	60	62	64	66	68	70	72	74	76	78	80	82	84	86	88	90	92	94	96	98	100	102	104	106	108	110	112	114	116	118	120	122	124	126	128	130	132	134	136	138	140	142	144	146	148	150
PD_Extr_pos_plate3_filtered_2	22595.0	24434.0	26062.0	27902.0	29220.0	30916.0	32942.0	34666.0	36032.0	37629.0	39781.0	41208.0	42586.0	43747.0	45265.0	46229.0	47415.0	48919.0	50108.0	50422.0	52786.0	53697.0	54093.0	55328.0	55196.0	57189.0	57260.0	58405.0	58545.0	59628.0	60480.0	60031.0	60679.0	61560.0	31476.0	41518.0	58600.0	62116.0	63528.0	65600.0	67922.0	66318.0	67982.0	71653.0	79250.0	2955886.0
	60	62	64	66	68	70	72	74	76	78	80	82	84	86	88	90	92	94	96	98	100	102	104	106	108	110	112	114	116	118	120	122	124	126	128	130	132	134	136	138	140	142	144	146	148	150
PD_Lib_neg_plate1_filtered_1	16.0	19.0	16.0	15.0	17.0	13.0	15.0	18.0	27.0	14.0	20.0	24.0	23.0	21.0	26.0	34.0	21.0	23.0	32.0	27.0	21.0	32.0	23.0	22.0	20.0	26.0	31.0	31.0	28.0	33.0	30.0	23.0	24.0	21.0	15.0	18.0	34.0	38.0	32.0	23.0	27.0	27.0	33.0	19.0	28.0	961.0
	60	62	64	66	68	70	72	74	76	78	80	82	84	86	88	90	92	94	96	98	100	102	104	106	108	110	112	114	116	118	120	122	124	126	128	130	132	134	136	138	140	142	144	146	148	150
PD_Lib_neg_plate1_filtered_2	15.0	22.0	16.0	15.0	17.0	13.0	15.0	17.0	24.0	16.0	18.0	24.0	22.0	21.0	24.0	34.0	22.0	21.0	33.0	27.0	22.0	32.0	24.0	23.0	21.0	28.0	29.0	32.0	28.0	31.0	30.0	25.0	26.0	21.0	15.0	20.0	33.0	40.0	35.0	25.0	28.0	29.0	35.0	24.0	27.0	942.0
	60	62	64	66	68	70	72	74	76	78	80	82	84	86	88	90	92	94	96	98	100	102	104	106	108	110	112	114	116	118	120	122	124	126	128	130	132	134	136	138	140	142	144	146	148	150
PD_Lib_neg_plate2_filtered_1	1.0	1.0	3.0	2.0	2.0	1.0	3.0	5.0	2.0	3.0	1.0	2.0	5.0	0.0	0.0	5.0	4.0	0.0	4.0	1.0	1.0	2.0	4.0	0.0	2.0	4.0	2.0	2.0	7.0	4.0	3.0	8.0	5.0	8.0	1.0	2.0	3.0	6.0	6.0	1.0	4.0	4.0	4.0	3.0	7.0	169.0
	60	62	64	66	68	70	72	74	76	78	80	82	84	86	88	90	92	94	96	98	100	102	104	106	108	110	112	114	116	118	120	122	124	126	128	130	132	134	136	138	140	142	144	146	148	150
PD_Lib_neg_plate2_filtered_2	1.0	1.0	3.0	2.0	2.0	1.0	3.0	5.0	2.0	3.0	1.0	2.0	5.0	0.0	0.0	5.0	4.0	0.0	4.0	1.0	1.0	2.0	4.0	0.0	2.0	3.0	2.0	3.0	7.0	4.0	4.0	8.0	4.0	7.0	1.0	2.0	2.0	6.0	6.0	1.0	4.0	6.0	5.0	6.0	7.0	165.0
	60	62	64	66	68	70	72	74	76	78	80	82	84	86	88	90	92	94	96	98	100	102	104	106	108	110	112	114	116	118	120	122	124	126	128	130	132	134	136	138	140	142	144	146	148	150
PD_Lib_pos_plate1_filtered_1	13136.0	14041.0	15099.0	15748.0	16650.0	16984.0	18177.0	19093.0	19603.0	20899.0	21779.0	22179.0	22791.0	23242.0	23605.0	23788.0	24095.0	24770.0	25786.0	26515.0	27450.0	27691.0	28120.0	29135.0	28929.0	29258.0	29848.0	30712.0	30904.0	31849.0	32862.0	32813.0	33468.0	34483.0	17807.0	23152.0	33134.0	35665.0	36648.0	38038.0	40803.0	39830.0	40840.0	41972.0	47509.0	2779950.0
	60	62	64	66	68	70	72	74	76	78	80	82	84	86	88	90	92	94	96	98	100	102	104	106	108	110	112	114	116	118	120	122	124	126	128	130	132	134	136	138	140	142	144	146	148	150
PD_Lib_pos_plate1_filtered_2	13072.0	14107.0	15138.0	16074.0	16978.0	17336.0	18489.0	19445.0	19789.0	21038.0	21930.0	22277.0	22807.0	23371.0	23675.0	23813.0	24155.0	24711.0	25777.0	26510.0	27478.0	27665.0	28204.0	29146.0	28973.0	29314.0	29777.0	30756.0	30901.0	31864.0	32916.0	32797.0	33463.0	34555.0	17802.0	23162.0	33401.0	36467.0	38218.0	39980.0	43116.0	42612.0	44488.0	47732.0	56901.0	2748670.0
	60	62	64	66	68	70	72	74	76	78	80	82	84	86	88	90	92	94	96	98	100	102	104	106	108	110	112	114	116	118	120	122	124	126	128	130	132	134	136	138	140	142	144	146	148	150
PD_Lib_pos_plate2_filtered_1	8458.0	9153.0	9401.0	10011.0	10289.0	11051.0	11816.0	12443.0	13316.0	13692.0	14736.0	15112.0	16012.0	16436.0	17195.0	17832.0	18501.0	19485.0	19960.0	20280.0	21474.0	22014.0	22993.0	23733.0	23915.0	25305.0	25755.0	26351.0	27248.0	28114.0	28718.0	29206.0	30137.0	30958.0	16786.0	21278.0	30202.0	32641.0	33459.0	35524.0	38400.0	38229.0	40094.0	41778.0	48541.0	2766250.0
	60	62	64	66	68	70	72	74	76	78	80	82	84	86	88	90	92	94	96	98	100	102	104	106	108	110	112	114	116	118	120	122	124	126	128	130	132	134	136	138	140	142	144	146	148	150
PD_Lib_pos_plate2_filtered_2	8499.0	9269.0	9591.0	10337.0	10762.0	11450.0	12206.0	12840.0	13480.0	13892.0	14910.0	15278.0	16107.0	16606.0	17247.0	17874.0	18653.0	19502.0	19999.0	20341.0	21499.0	22021.0	23102.0	23709.0	23957.0	25325.0	25795.0	26437.0	27296.0	28290.0	28856.0	29404.0	30335.0	31251.0	16704.0	21462.0	30655.0	33538.0	35737.0	38135.0	41885.0	42311.0	45417.0	49985.0	62126.0	2720207.0

