Sample	1	2	3	4	5	6	7	8	9	12	17	22	27	32	37	42	47	52	57	62	67	72	77	82	87	92	97	102	107	112	117	122	127	132	137	142	147	150
PD_100P_1_bbduk_polyg_filt	38.7143855659	39.2509812807	39.1994528507	39.169282714	39.1749381122	39.0881755301	39.0122790053	38.9972299968	39.033399303	38.9723065791	39.3474014317	39.4350503667	39.3043384296	39.2677239036	39.2941853973	39.345428473	39.2114860475	39.2332104822	39.008129492	38.9153317124	38.9444106346	39.0394849004	39.2437713306	39.2194831862	39.2106340704	39.1740397001	39.1708629778	39.1502268437	39.1293538808	39.1354405497	39.1094634177	39.0725011529	39.0359165142	38.9709765047	38.9555496785	38.9337784446	38.8528204701	38.285136102
PD_100P_2_bbduk_polyg_filt	37.3306544816	38.5680231409	38.9077869604	38.9147393138	39.08346971	39.0444216198	39.1490134305	39.1675001518	39.2301602804	39.243753189	39.3064820719	39.3379133444	39.138882515	39.0431039902	39.0997656706	39.0879000323	39.1055169881	39.1249358511	39.1651027063	39.1692891904	39.1870116817	39.1721600234	39.1727191156	39.1150194781	39.1289411587	39.0651649826	39.0940520866	39.0397650788	38.9784651089	38.9190674248	38.8656828253	38.7732550726	38.730385637	38.6337975382	38.6002974681	38.5560530274	38.4469452379	37.8762987909
PD_104P_1_bbduk_polyg_filt	38.5949165277	39.1831327219	39.1328938155	39.1486385599	39.1345629008	39.0701691598	38.9950659217	38.9825937681	39.0275431057	38.9799702572	39.3284805366	39.4093944627	39.2681823326	39.2314250285	39.2509881153	39.3066480697	39.1715417365	39.1954388898	38.977794657	38.8756104535	38.8945829844	38.9882894559	39.2001127965	39.1795221486	39.1768945534	39.1389625518	39.1438490998	39.128781961	39.1109062324	39.1157226659	39.0955217499	39.0606270506	39.0253781775	38.965150835	38.9545207235	38.9313553906	38.8482801603	38.2783415863
PD_104P_2_bbduk_polyg_filt	38.0098193717	39.1035836548	39.2351438816	39.1585395064	39.306073207	39.248219849	39.3628676916	39.3649182592	39.4029465313	39.3905183641	39.440512386	39.4618921924	39.3281212874	39.2307466777	39.2790602578	39.2592614038	39.2637182693	39.275454076	39.3049483036	39.3012804465	39.3097077989	39.2896698519	39.2816882414	39.2195394655	39.2242443604	39.1599399677	39.1896482588	39.1364042761	39.0757914568	39.0217713208	38.9738770688	38.8879101794	38.8494431056	38.7642422159	38.7287889724	38.68771694	38.577959761	37.9633061664
PD_105P_1_bbduk_polyg_filt	38.788593878	39.3300282749	39.283125968	39.2771524716	39.3168048839	39.2507056896	39.1717347649	39.1547674303	39.1847059548	39.1315542694	39.4538621111	39.5231496962	39.4233265922	39.3878294599	39.3975750802	39.440140238	39.32073638	39.3287653726	39.1147463288	39.0410277854	39.0749505282	39.1823430086	39.3282302986	39.2987191142	39.2867489251	39.2495132334	39.2442146902	39.2244112331	39.1999283014	39.2030840535	39.1762759996	39.1385430314	39.0986561514	39.0386216757	39.0247274488	38.9983641211	38.9194469762	38.300434058
PD_105P_2_bbduk_polyg_filt	38.4436786318	39.1327169995	39.3807112309	39.3159914465	39.4511523105	39.4017291762	39.4897390843	39.495031756	39.5244978474	39.5191028744	39.5506895866	39.5596302944	39.4679676141	39.3764664371	39.4143228932	39.3918523641	39.389316381	39.3943052077	39.4169668067	39.4099204822	39.416819066	39.3928496174	39.3856486453	39.3203019929	39.3196779427	39.2552453208	39.2799350939	39.2278659978	39.1678757194	39.1111489516	39.0616824627	38.9784577223	38.9371203259	38.8483367218	38.8142037737	38.771371741	38.6614564975	38.0279210221
PD_107P_1_bbduk_polyg_filt	37.7061118336	38.6736020806	38.4655396619	38.5799739922	38.5435630689	38.2990897269	38.3302990897	38.4135240572	38.1482444733	38.3895968791	38.7079323797	38.810923277	38.1960988296	37.9984395319	37.9183355007	37.9453836151	37.8767230169	37.9701841667	37.7992184067	37.7179493561	37.6497330166	37.8658124651	38.1023002616	38.1032177535	38.1981738269	38.0687888646	38.309572321	38.2811462553	38.2376589041	38.1590625612	38.1448951066	38.0149792862	37.9476511783	37.6692193283	37.7494635782	37.636244911	37.7123239352	37.1593352884
PD_107P_2_bbduk_polyg_filt	37.3524057217	37.7945383615	37.7425227568	37.9765929779	38.1846553966	37.8673602081	37.9245773732	38.1274382315	38.278283485	38.366710013	38.4052015605	38.5300390117	37.9162548765	37.6769830949	37.5843953186	37.6405721717	37.6686605982	37.6343295982	37.8847597211	37.948380748	37.7726319009	37.8280859976	37.820217234	38.0009816601	38.1425110118	37.9830465658	38.0489673572	37.9940189729	37.8008605215	37.7946629715	37.6498922077	37.5495714727	37.5376647901	37.4904101557	37.531927155	37.4902439094	37.1602963358	36.6770754261
PD_108S_1_bbduk_polyg_filt	38.6954568406	39.2505332628	39.2094138702	39.2101535947	39.2164244575	39.1479023807	39.0742708442	39.0579104247	39.1048189658	39.0516581443	39.3884420722	39.4624086646	39.3400619439	39.3056472429	39.3247608671	39.3768194633	39.2475583552	39.2737969305	39.0632446031	38.974316067	39.001650055	39.0922063484	39.2878209487	39.2672370549	39.2621567894	39.2252042864	39.2259764816	39.2104747282	39.1929075291	39.1971477192	39.1742006601	39.1387613381	39.1066175356	39.0450523368	39.0355870004	39.0116693577	38.9323963454	38.3637520492
PD_108S_2_bbduk_polyg_filt	38.2505529173	39.1088870934	39.2767195111	39.1617012807	39.3184942925	39.268937752	39.3728872735	39.3709897193	39.4246486934	39.4097717253	39.4585366534	39.4777344703	39.3511009209	39.2580105555	39.3059625728	39.2881920311	39.2937800602	39.303490304	39.3349287662	39.331208802	39.342637921	39.3233197245	39.3178166129	39.2559122625	39.2632645111	39.1998549375	39.2286808472	39.1785282337	39.1188483151	39.0639388098	39.0147681111	38.9314338567	38.8925809311	38.8048459776	38.7731686025	38.738567106	38.6336671725	38.0050861455
PD_109S_1_bbduk_polyg_filt	38.6521815832	39.2049143758	39.156933052	39.159584082	39.1654171208	39.0892374946	39.0194149301	39.0061891502	39.0594748526	38.9984054789	39.3475521545	39.4280165562	39.2899569439	39.2531941916	39.2762511963	39.3322084877	39.2027216726	39.2326782165	39.0239160636	38.9306830969	38.9499485501	39.0399206614	39.2555473914	39.2395391979	39.2371608914	39.2039336221	39.2071680159	39.1918609303	39.1727184	39.1787380209	39.159323915	39.1283888409	39.0940042588	39.0363422638	39.0272526772	39.0054928992	38.9308690314	38.3837042616
PD_109S_2_bbduk_polyg_filt	37.4667545964	38.9008574691	39.1352340239	39.1257382355	39.2623798945	39.2049576579	39.313735678	39.3198724646	39.3702103453	39.3651168125	39.4148606461	39.4379060573	39.2870355553	39.1901744946	39.2433781155	39.2292152777	39.2390304264	39.2530349921	39.2859280091	39.2848689226	39.2974939589	39.2789253608	39.2728797893	39.2119144147	39.2192082143	39.156386955	39.1846472524	39.1305962139	39.0723887682	39.0171505731	38.9645412781	38.8776664523	38.8368994224	38.7455397735	38.7077824222	38.6682435694	38.5622233004	37.9558679039
PD_10P_1_bbduk_polyg_filt	38.4987743648	39.1209482165	39.0795311399	39.070216456	39.0850287535	39.0137189406	38.9465344888	38.9255319988	38.9693996288	38.9115502224	39.2795932282	39.3648062392	39.2012457816	39.1575854951	39.1808320554	39.2280971933	39.0908185981	39.0935181605	38.8467427473	38.7398612033	38.7712087648	38.8952801634	39.0927863814	39.0608865879	39.0563757938	39.0175348964	39.019739503	39.0013867339	38.9818254991	38.9868269309	38.9635730014	38.9270554906	38.8863294332	38.8232362374	38.8095341177	38.7839028525	38.6974942217	38.0969029129
PD_10P_2_bbduk_polyg_filt	37.6575175995	38.8114256872	39.0429850579	39.0209530201	39.182597773	39.1305138347	39.2433525692	39.2531691219	39.3055068623	39.3044064793	39.3585962588	39.3830808575	39.2112192041	39.1126160482	39.161001644	39.1408477423	39.1533525908	39.1670619045	39.1968862261	39.1943452045	39.2016208565	39.1786492552	39.1724374819	39.1069246139	39.1081915043	39.0423272532	39.0656484085	39.0070169168	38.939112008	38.8780419017	38.823585843	38.7269731669	38.6813937339	38.5842473357	38.5404325997	38.4958039866	38.3745090347	37.7843983424
PD_110S_1_bbduk_polyg_filt	38.6608668143	39.2029568322	39.1552298898	39.1582138925	39.1583050941	39.0883591595	39.0270289271	39.010142379	39.0547067156	39.0066672177	39.3577559844	39.4367050378	39.3088907319	39.2722018444	39.2917309591	39.3425549561	39.2124121591	39.2410066569	39.0388869489	38.9377580412	38.9565892364	39.0441712441	39.2521572632	39.2369964208	39.2331758298	39.1979443896	39.2000103456	39.1852007144	39.1695073814	39.1764055837	39.1534889274	39.1217861006	39.0877392793	39.0320204306	39.0219687399	38.9961421746	38.9234911522	38.3646375505
PD_110S_2_bbduk_polyg_filt	37.9290935985	38.7583660852	39.136430008	39.0865066268	39.2292599464	39.1938129208	39.3103866283	39.3110269396	39.3597124489	39.3525143619	39.4080684924	39.4357783915	39.2877239783	39.1966663912	39.2480550782	39.2311996907	39.2417323366	39.256230907	39.2888190815	39.2890672776	39.3007317669	39.2824789482	39.2777784835	39.2190305561	39.2279206602	39.16930819	39.1968594576	39.1441185173	39.0849553083	39.0289383366	38.9803443091	38.8919410335	38.850698127	38.7623014824	38.7267099364	38.6848720399	38.5729642031	37.9743538775
PD_111P_1_bbduk_polyg_filt	38.7529215124	39.2750332225	39.2363440646	39.2235487225	39.243140593	39.1729679863	39.0984454889	39.0884459018	39.1286469634	39.07461278	39.4120115171	39.4902183298	39.3796220522	39.3464442576	39.3678333321	39.4166082302	39.2927775859	39.3075569339	39.0949457304	39.0107119631	39.0422303891	39.1364515285	39.3219332262	39.2978909092	39.2909751514	39.2548161927	39.2553021028	39.2402638899	39.2173834305	39.2213838009	39.1971993194	39.1631561614	39.1249530182	39.0567101613	39.0434788175	39.0188317641	38.9409143407	38.3606113618
PD_111P_2_bbduk_polyg_filt	38.2326314071	39.0117066963	39.2792967724	39.2644911895	39.3846720548	39.3248087362	39.4193444851	39.4213293867	39.461243271	39.452523969	39.4952938593	39.510718281	39.3925196895	39.3012761557	39.3469716877	39.3283239359	39.3322612675	39.3418719784	39.3727661611	39.370530494	39.3800044804	39.3590383037	39.3528916026	39.290302577	39.294919796	39.2305778491	39.2588018368	39.2077621144	39.14677509	39.0915140604	39.0442228586	38.9558114132	38.9173716311	38.8278201897	38.7926253747	38.7516893168	38.6446980669	38.0095083058
PD_112S_1_bbduk_polyg_filt	38.6556437751	39.2384382418	39.0871736105	39.076368994	39.1556028485	39.0645821396	38.9106982074	38.8858148482	38.874682819	38.8845051977	39.2265859049	39.3035933535	39.0566587542	38.9691741017	38.9939264959	39.0397642629	38.935254154	39.0177974121	38.841743711	38.7046009087	38.763538507	38.8055053223	39.0581013936	39.0336133979	39.0272595575	38.9968747829	39.0099580868	39.0108452792	39.0018466498	38.9991099105	38.985255083	38.9466907565	38.9326995951	38.8778600683	38.9307032799	38.916837063	38.843465055	38.3511502303
PD_112S_2_bbduk_polyg_filt	37.7238274535	38.4110665466	38.5446508963	38.5990013915	38.7338953917	38.775149382	38.8069084063	38.8468527462	38.8664975035	38.8680036015	38.9286404191	38.9638700172	38.5967095032	38.4489154457	38.5075877875	38.468560203	38.4906278137	38.490494765	38.5515870274	38.5564328897	38.5753226573	38.5476067279	38.5429303924	38.48466415	38.5478229402	38.4647282919	38.5681203771	38.5117197052	38.4618937901	38.4450145315	38.3603309275	38.2785336536	38.1954296221	38.0873936002	38.0390380713	38.0893407074	37.9859417753	37.3362762271
PD_113P_1_bbduk_polyg_filt	38.6604540576	39.2221611384	39.1637631726	39.1499683715	39.1568279896	39.0754430138	38.9989819722	38.9825797988	39.0156077874	38.9498293396	39.3253063767	39.4116223088	39.2742658417	39.2343641906	39.2588202136	39.3098227372	39.1723355961	39.1897494684	38.9577443673	38.8591693207	38.8931713724	39.0061274656	39.1977395751	39.1718944619	39.1652844035	39.1247651269	39.1252316332	39.1098056246	39.0870968675	39.0941508479	39.0703873745	39.0369614676	38.9976842417	38.9342400521	38.9210241599	38.8947917728	38.8140774627	38.2249986548
PD_113P_2_bbduk_polyg_filt	37.8919928824	38.882019645	39.0780061158	39.0488464419	39.196923209	39.1446063133	39.2333943641	39.2316891914	39.2929380167	39.2971150028	39.3543430095	39.3827296311	39.2271951379	39.1300729602	39.1783502607	39.1580489359	39.1660882831	39.1781571504	39.2108178548	39.2114827535	39.2232255553	39.2077571903	39.203254851	39.1436840922	39.1510114587	39.0855438458	39.1140572231	39.0566221104	38.9966355314	38.9365234494	38.8857197422	38.7946211975	38.7526901971	38.65800124	38.6220512983	38.5792971446	38.4648254842	37.8968628419
PD_114P_1_bbduk_polyg_filt	38.5984843779	39.191995844	39.1423326947	39.166846522	39.1666420202	39.0989706194	39.0529456229	39.0336696801	39.0760301365	39.0288555321	39.3631409715	39.4386146653	39.3074685482	39.2689817515	39.285111885	39.3380747696	39.2057113171	39.22431006	39.0122366686	38.9147839653	38.9382638359	39.0366444523	39.2357349864	39.212211252	39.2107742069	39.1765345841	39.1764638314	39.1638202165	39.1447571028	39.1542207013	39.1318299003	39.1030946492	39.070427135	39.01020504	39.002795912	38.9793107904	38.9043724312	38.3399298304
PD_114P_2_bbduk_polyg_filt	38.236264434	39.135729266	39.2724112245	39.1293204439	39.3189639676	39.2630745085	39.3863374115	39.3787609501	39.4224682596	39.4114515504	39.4586604583	39.4806140551	39.3574712144	39.2642194986	39.3106198548	39.2913896501	39.295852187	39.3043941301	39.333984866	39.3287078033	39.3375432801	39.3145428722	39.3092700211	39.2467450214	39.25068281	39.1862927714	39.2162601467	39.1656012844	39.1059602086	39.0499681391	39.0003196625	38.9150656022	38.8750291809	38.7924551542	38.7559024152	38.7178364262	38.6094584943	37.9978935529
PD_115S_1_bbduk_polyg_filt	38.8341129962	39.2932475949	39.2556321554	39.2379834346	39.2365679105	39.1563878484	39.0827775075	39.0658447905	39.1090450596	39.0491764282	39.3932070814	39.474925882	39.3594442574	39.32888707	39.3487466457	39.4017459675	39.2768295764	39.3109961281	39.1158593068	39.0293116446	39.0521643211	39.1352675563	39.3318515665	39.3142282992	39.3096158462	39.2762026246	39.2749919029	39.2612324135	39.241809821	39.2490521189	39.2271841246	39.1962648256	39.1600203157	39.1023302905	39.0954989572	39.0733759774	38.9998556743	38.4503664106
PD_115S_2_bbduk_polyg_filt	38.0091220944	39.0033628998	39.2303227091	39.1933903063	39.3288726469	39.2629405452	39.3572933614	39.3594918537	39.4032978929	39.3895153865	39.4362962927	39.4577869147	39.3272121362	39.2347516304	39.2797852813	39.2593048942	39.2649441195	39.2804712904	39.3119146971	39.3119022669	39.3217936681	39.3044146994	39.2995005076	39.2443918969	39.2561432875	39.1937952673	39.2228970568	39.1720605788	39.1138940671	39.0621972854	39.0133164652	38.9331081668	38.8951922399	38.808719148	38.7764108606	38.740877752	38.6367876287	38.0573563697
PD_116P_1_bbduk_polyg_filt	38.5891303885	39.1727431434	39.1209724671	39.1384768215	39.1329978055	39.066764897	38.9985871343	38.9810734584	39.0223009071	38.9801394489	39.3270207575	39.4075913902	39.263125536	39.2249171722	39.2458723281	39.2960963092	39.1651039475	39.1887117471	38.9775020308	38.874251825	38.8947517608	38.9945457376	39.2004503257	39.1823530429	39.1822982606	39.1474095745	39.15147354	39.1365662587	39.120992192	39.1265636121	39.1075036918	39.0747602468	39.0419223999	38.9789683159	38.9741516251	38.9487390784	38.8737418058	38.2981576515
PD_116P_2_bbduk_polyg_filt	37.7617203937	38.8988249644	39.1679479224	39.1549691327	39.3001966826	39.2315708244	39.3264086045	39.3339962661	39.3835424446	39.3731182653	39.4199034298	39.4463157628	39.3071494202	39.2094555473	39.259366594	39.2391614156	39.2456246438	39.2562011972	39.2859418479	39.2842171139	39.2941601389	39.2735256918	39.267267746	39.2057203154	39.2122694283	39.1509847921	39.1790443535	39.1279604228	39.0669588631	39.0159598063	38.9699749665	38.8858578908	38.8493018831	38.7664789441	38.7341871717	38.6944322543	38.590208877	37.965892048
PD_117_1_bbduk_polyg_filt	38.8185208298	39.3049051439	39.2597038821	39.2467158241	39.2449005384	39.1684043829	39.0930037064	39.0841304195	39.1242206829	39.0685722064	39.411253426	39.486400686	39.3807037548	39.3485731062	39.3737327611	39.4222774136	39.2982391405	39.3264045163	39.1273188938	39.0420407615	39.0626454489	39.1385765486	39.3406043824	39.3205952154	39.313798262	39.2767611046	39.2727297966	39.2565627594	39.2336110205	39.2388637559	39.2117860629	39.1761886722	39.1360282928	39.071138298	39.0575331878	39.0294486669	38.9523802136	38.3836459862
PD_117_2_bbduk_polyg_filt	38.0959044995	39.0670711869	39.2462761484	39.1931291856	39.3244057827	39.2696346169	39.3617420435	39.3618746882	39.4129494241	39.4024014736	39.4526525131	39.4732478888	39.3452673755	39.2567250327	39.3065195144	39.2902474312	39.2966427651	39.3098390371	39.3413735302	39.3392105919	39.3509092426	39.335386344	39.3303997679	39.2727621711	39.282673929	39.2197171259	39.249536257	39.1990775089	39.137380425	39.0820018729	39.0339560885	38.9457740164	38.9044211952	38.8143345903	38.7774993417	38.739014703	38.6328393336	38.009673255
PD_118_1_bbduk_polyg_filt	38.8439680617	39.3306299961	39.2890239771	39.2560566353	39.2890614451	39.2087353632	39.1250645696	39.1126854813	39.1690557518	39.0987797057	39.4370954561	39.5120588505	39.407194831	39.3785048819	39.4008665636	39.4518503863	39.3309913346	39.3690663365	39.1754041531	39.1027483893	39.1212652014	39.1892123867	39.3891251147	39.3715568913	39.3642094771	39.3282075304	39.3278636316	39.3106153208	39.290839831	39.2968079158	39.2736580344	39.2402551793	39.2063021658	39.1504447458	39.1429197181	39.1202412703	39.0478923499	38.5189520997
PD_118_2_bbduk_polyg_filt	37.384041659	38.8027431204	39.0894397357	39.0862531211	39.2346879491	39.196766596	39.2864487319	39.3070982137	39.3613547361	39.3642968029	39.4198466139	39.4438433661	39.2823694631	39.1920631639	39.2492279405	39.2394476748	39.2528025782	39.2689727614	39.3044463867	39.305273647	39.3179315658	39.300785644	39.2965712071	39.2426915462	39.2534877136	39.1883148026	39.2164017758	39.1626798311	39.1031980646	39.0455937889	38.9958212788	38.9086412843	38.8663704314	38.7739821475	38.7388333988	38.7021984225	38.5994114765	37.9963726722
PD_119P_1_bbduk_polyg_filt	38.5183906233	39.1489361902	39.0979730783	39.1158530625	39.1174976085	39.0526636793	38.9874959654	38.9735463899	39.0067692195	38.9674964483	39.3168175222	39.3977860042	39.2472459128	39.2051954152	39.2240825667	39.2767569815	39.1440363057	39.1673650327	38.9486437202	38.8397142423	38.8682111796	38.9761078776	39.1715047874	39.150667099	39.148605601	39.1104607362	39.1143092213	39.102074864	39.0833637236	39.0907533374	39.0706217474	39.039192832	39.0022149296	38.9434618831	38.934140012	38.9102311089	38.8298048829	38.2685234159
PD_119P_2_bbduk_polyg_filt	37.5582495336	38.7812742091	39.0137730728	39.0425779431	39.1816855331	39.1311799688	39.2593120425	39.2652470347	39.314459652	39.3048704674	39.3666939586	39.3902612217	39.219574598	39.1212541867	39.169428321	39.1531248132	39.1627708162	39.1764334473	39.2087860903	39.2053096014	39.216482861	39.1964662933	39.189475568	39.1249523057	39.1281471395	39.0621719545	39.0884163057	39.0310714948	38.9683217106	38.9089288141	38.8559723979	38.765121795	38.7236137872	38.6277996761	38.5873920821	38.5448444134	38.4351192591	37.841716971
PD_11P_1_bbduk_polyg_filt	38.5404908049	39.1672550815	39.1210304289	39.1262831023	39.1361980397	39.0665165769	38.992692861	38.9773065453	39.0239273074	38.9736542664	39.3259421385	39.4081143761	39.2609721247	39.2199357542	39.2393394829	39.2903880347	39.1548504746	39.1739080391	38.9506312798	38.8493260294	38.8742410452	38.9768641147	39.1778967677	39.1557446262	39.152148211	39.1129643943	39.1177868923	39.1012528414	39.080744523	39.0879818047	39.0672047909	39.0316364652	38.9959918497	38.9371153309	38.9232221086	38.9002279828	38.8187269292	38.248189724
PD_11P_2_bbduk_polyg_filt	37.5484686077	38.833152761	39.0532027956	39.0036572067	39.1762783035	39.1289648192	39.2523735471	39.2537909054	39.3050401401	39.3060630785	39.3679398721	39.3950523402	39.2269754255	39.1288658858	39.1802009129	39.1644136067	39.1730859621	39.1878672795	39.2202350065	39.2181417457	39.2296156262	39.2092438894	39.20454305	39.1427087637	39.1475844635	39.0832795944	39.1085189383	39.0520016897	38.9893919798	38.9300703457	38.8763990455	38.7826101828	38.7421731129	38.6495964441	38.6104156596	38.5691449419	38.4579326056	37.8748895865
PD_120S_1_bbduk_polyg_filt	38.496705069	39.1397850821	39.0931807693	39.1123240212	39.1065471587	39.0393889782	38.974174415	38.966759492	39.001171397	38.9594304926	39.3159298793	39.3995826162	39.2537260849	39.211267926	39.2310383735	39.2814049412	39.1439847658	39.1621400743	38.9374572712	38.8277688479	38.8579890967	38.9646544331	39.1631850641	39.1370833917	39.1301276328	39.0933686588	39.0937221564	39.0772122571	39.0569556931	39.0609979381	39.0377516091	39.0014361177	38.9644342784	38.905258443	38.8879993438	38.8616021412	38.7797337284	38.1953967488
PD_120S_2_bbduk_polyg_filt	37.6440544064	38.4442274021	38.9747556622	39.0008451634	39.1484095967	39.111417689	39.228132367	39.2247092112	39.2815106226	39.2841760892	39.3473650172	39.3763662685	39.2054471827	39.1089681799	39.1584589711	39.1408719915	39.1515327094	39.1617892196	39.1929222207	39.1920741549	39.2014730845	39.182642839	39.1786453705	39.1116410161	39.1140241925	39.0500115804	39.0738285351	39.016391495	38.9515488178	38.8882964013	38.8368347111	38.7401161801	38.6944690201	38.5970415144	38.5580607323	38.5144738848	38.3952103002	37.779674194
PD_121S_1_bbduk_polyg_filt	38.642610789	39.226588857	39.1748102843	39.1576760741	39.1707929412	39.0946895187	39.0345221979	39.0111680347	39.0558925535	38.9885591254	39.3461786425	39.4249970702	39.2886372147	39.2484315604	39.2686721004	39.3159682757	39.1822308653	39.1914364512	38.9564527019	38.8600553245	38.8935476026	39.0025309986	39.1926967854	39.1639493808	39.1562868672	39.1166036621	39.1160866779	39.0960212022	39.0751490992	39.0780768895	39.0552065619	39.0180013899	38.9769847653	38.9144795491	38.8993075661	38.8737335083	38.7927402865	38.1919997936
PD_121S_2_bbduk_polyg_filt	37.9058125663	38.8809886152	39.1150056449	39.1129137622	39.2512458885	39.1911229913	39.2955076073	39.2992981916	39.353167984	39.3462486592	39.3985742377	39.4178930232	39.2665921523	39.1697737203	39.2144828566	39.1947772551	39.2023208958	39.2115464176	39.2412116164	39.2384124872	39.2488375818	39.2282823049	39.2236214275	39.1580323013	39.1580479288	39.0887221933	39.1137097366	39.0560685481	38.9880541162	38.9296192725	38.8775557551	38.7852346936	38.7409544883	38.6461505383	38.6075515112	38.5680449385	38.4535970335	37.8503824585
PD_122S_1_bbduk_polyg_filt	38.5990057897	39.2120672485	39.1722135949	39.1811209763	39.1874483061	39.1280986783	39.0640278176	39.0409086306	39.0802575832	39.0309190959	39.3680190065	39.4429701399	39.3110536266	39.2734025961	39.2922380703	39.3390955894	39.2097429232	39.2233150045	38.9987562309	38.9051035797	38.9348336398	39.0426770815	39.2275381579	39.2019977523	39.1965075321	39.1575340198	39.1599277742	39.1434567067	39.1235208566	39.1308407565	39.1071786884	39.0702083645	39.0350782217	38.970045258	38.9605341218	38.9352177765	38.8509365212	38.2559223156
PD_122S_2_bbduk_polyg_filt	38.1189161589	39.150823726	39.2973853451	39.2752088854	39.4002827338	39.3192259001	39.4250755364	39.4269365157	39.4639037523	39.4467442567	39.4876540688	39.5024137873	39.3803034958	39.2859019631	39.3295000253	39.3074783519	39.3085388991	39.3173515039	39.3454371425	39.3406971126	39.3480671064	39.3246651599	39.3160660686	39.2475406952	39.2519019667	39.1854220357	39.2149413802	39.1615771061	39.1014461617	39.0436741436	38.9976371824	38.9117895187	38.8734547772	38.7905664556	38.7572068149	38.7192966728	38.6130308188	37.9695990262
PD_123P_1_bbduk_polyg_filt	38.5057980619	39.1302337408	39.0717283665	39.09425698	39.0830942388	39.0105415171	38.9625705612	38.9446761016	38.9865793373	38.9388123861	39.294651775	39.3747086954	39.2139599792	39.1711224864	39.1915402846	39.2431505621	39.1050482609	39.1317204156	38.9192406101	38.8037972216	38.8226455878	38.9151845916	39.1331384741	39.1126633254	39.1099506461	39.0737955036	39.0751652299	39.0624702356	39.042249711	39.0504421131	39.0282860759	38.9924129108	38.9572656525	38.8944465911	38.8850341716	38.8569677148	38.7765052132	38.2083206976
PD_123P_2_bbduk_polyg_filt	37.3467623081	38.8215961766	39.0202306484	39.0026099424	39.1486553218	39.083608983	39.1892560436	39.2068891267	39.2574738473	39.262624056	39.3243821477	39.3535350167	39.1727552521	39.0698969838	39.1250213551	39.1075963539	39.1183055087	39.1328534022	39.1652456229	39.1640016609	39.1759226432	39.1571278208	39.1513995157	39.0875761058	39.0949681537	39.0336954328	39.0596265322	39.0066496367	38.94317382	38.8885282024	38.8368458864	38.7479391296	38.707116816	38.6155457245	38.5777648568	38.5371198727	38.4246879776	37.7999109545
PD_126P_1_bbduk_polyg_filt	38.6509074282	39.2462909861	39.1983447901	39.1861053999	39.198849032	39.1192292447	39.0594434503	39.0423791859	39.0789453638	39.0168697351	39.3661234841	39.4442638258	39.3157183168	39.2749833555	39.2943060471	39.3397035166	39.2063645406	39.2161144538	38.9829170853	38.892517806	38.9287735687	39.0350249248	39.2188983053	39.1905208064	39.1836968509	39.1441865071	39.1473090362	39.1322528479	39.1111963879	39.1187723192	39.0954045156	39.0603197816	39.022517404	38.9621146619	38.952512864	38.9272786706	38.8509554788	38.2698308438
PD_126P_2_bbduk_polyg_filt	37.6606736923	38.8788600389	39.1263102409	39.1355810874	39.2517108656	39.1895630582	39.3230999852	39.3242179614	39.372361532	39.3595308822	39.412568336	39.430336522	39.282288091	39.180980718	39.2249495983	39.2050742577	39.2087712149	39.2188623838	39.2480273189	39.2423557414	39.2525229954	39.2326530707	39.2254412994	39.157937961	39.1584852402	39.090394945	39.1198355762	39.0646687612	39.0029472736	38.9417536338	38.8916270989	38.8018286493	38.7609737837	38.6729624868	38.6379163976	38.5969047011	38.4884830128	37.8693872729
PD_127S_1_bbduk_polyg_filt	38.5767427916	39.1809073799	39.1270182772	39.1271718653	39.141281637	39.0682164576	38.9868126339	38.9683820558	39.0118552169	38.9442950856	39.3111267076	39.3914913217	39.2377582793	39.1974683904	39.2207398706	39.2711975756	39.1311991009	39.1524009147	38.9171190625	38.8191699015	38.8446877258	38.9494006374	39.1537647605	39.1279387195	39.1229412078	39.0836719785	39.0873676671	39.069208094	39.049331823	39.0561324101	39.0345545332	38.9983221714	38.9608692286	38.8976162334	38.8853315774	38.8588794894	38.7779692645	38.2115866308
PD_127S_2_bbduk_polyg_filt	37.5436212264	38.7333613275	39.0158029233	39.0453346284	39.1993288408	39.1468577986	39.2564664381	39.2700866914	39.3156006813	39.3208749966	39.376059149	39.4022985975	39.2379275769	39.1422944772	39.1910582241	39.1727984866	39.1830435877	39.195489358	39.2303264702	39.2275966127	39.2375325268	39.2179435178	39.2096562689	39.1475558071	39.1523749955	39.0852696234	39.108956017	39.0501332633	38.9876406631	38.9286499315	38.875226322	38.7839950821	38.7398943387	38.6498222498	38.6105574795	38.569063545	38.4607391468	37.8585869805
PD_128S_1_bbduk_polyg_filt	38.6642881723	39.2146450144	39.1680000248	39.1766649283	39.1749453009	39.0980845564	39.0488480923	39.0348674829	39.0754561234	39.0222395953	39.3681969474	39.4465695666	39.3161385864	39.2796560901	39.3020924527	39.3508845309	39.2223458396	39.2484004528	39.044873321	38.9483843606	38.9698135414	39.0539391368	39.2632533969	39.2458336033	39.2440588502	39.2099159693	39.2126117128	39.1990750704	39.1788390052	39.1888846051	39.1659729959	39.1335508466	39.1009305898	39.0415632577	39.0335825811	39.0107267263	38.9365394325	38.3809893
PD_128S_2_bbduk_polyg_filt	37.9473642635	38.9688392263	39.1470772448	39.0607084748	39.2176999732	39.1636710667	39.2924467017	39.2952508977	39.3512222455	39.337157324	39.3925561873	39.4176259477	39.259055187	39.1677787635	39.2176670557	39.2023629155	39.2123702928	39.2276033346	39.2599614309	39.2610372907	39.2728340377	39.2571898028	39.2527255456	39.1954283067	39.2060293716	39.1448492223	39.1736019022	39.1230859734	39.0660925945	39.0104653208	38.9625090211	38.8789444426	38.835641265	38.7489726772	38.713015911	38.6738886615	38.5698800629	37.9832764633
PD_129P_1_bbduk_polyg_filt	38.6088073158	39.2006035866	39.1640594863	39.1487167199	39.1799996724	39.1072879104	39.0241039587	39.0086057348	39.0426188311	38.98150138	39.3358912747	39.4161325809	39.2716094263	39.2277814305	39.2476242448	39.3012995164	39.1706521736	39.1578035663	38.9045937113	38.8212474976	38.8570521934	38.9868762407	39.1604657866	39.1277265134	39.1203876247	39.0784223832	39.0758241515	39.0539606182	39.0347679	39.0382643137	39.0114987942	38.9761872627	38.9306452373	38.8469612524	38.8249690344	38.7997029339	38.7108656407	38.1177841494
PD_129P_2_bbduk_polyg_filt	38.0010374547	38.9641050315	39.1636033917	39.1264862823	39.2661026296	39.1967544049	39.2947659287	39.304076683	39.3509195285	39.3530956781	39.3973967275	39.4148943161	39.2671350737	39.1664242406	39.2130371116	39.1944063527	39.2018765403	39.211751184	39.2398829845	39.2354821129	39.2440477132	39.2208065547	39.2182521226	39.1496704529	39.1478885245	39.0797210368	39.1042942216	39.0467004451	38.9778768458	38.916237684	38.8630245438	38.7661473169	38.7153302906	38.6216619432	38.5793424665	38.5373614281	38.4159335207	37.8281854244
PD_12P_1_bbduk_polyg_filt	38.6622409071	39.2125128293	39.1729889586	39.1799107273	39.1891447195	39.1260341829	39.0432610546	39.0289518438	39.0703061212	39.0227604992	39.3601789676	39.4376046756	39.3033988567	39.2655958663	39.2864173017	39.333519106	39.2085544816	39.2257644377	39.0039543408	38.9178469158	38.948633698	39.0505621588	39.2430431996	39.222475767	39.2177203836	39.18061906	39.1846131623	39.1690096564	39.1510494831	39.1537492841	39.1335100013	39.0998759147	39.0637589319	39.0028893066	38.993170981	38.9664279605	38.8897573225	38.318688794
PD_12P_2_bbduk_polyg_filt	38.1606150862	39.1235630096	39.2630613615	39.2361094295	39.3530903015	39.2806203514	39.3862710803	39.3825134067	39.4242973455	39.4133700408	39.4609509298	39.4783691002	39.3562653245	39.2635290217	39.3073966935	39.2879573766	39.2912620431	39.2997509715	39.3284899405	39.3217373322	39.3324275855	39.3120278158	39.3075640983	39.243399072	39.2478083659	39.1857614241	39.2126429196	39.1613387499	39.1002723558	39.0428393525	38.9975155434	38.9111477276	38.8699683531	38.7813003615	38.7463885035	38.7077191119	38.6005632903	37.9890982697
PD_130S_1_bbduk_polyg_filt	38.8377376865	39.2874253103	39.2473435643	39.2339138634	39.2346566338	39.1469684653	39.0802315793	39.0650512099	39.1128866532	39.0495244206	39.4015385663	39.4827572049	39.3728172867	39.3417441074	39.3659225208	39.4219486581	39.2938962845	39.3366758206	39.1453217173	39.0597043466	39.074341435	39.1455369202	39.3601452998	39.3469072714	39.3458655592	39.3120587547	39.3165030841	39.3026325241	39.2850117722	39.2918034968	39.2699867201	39.2386823178	39.2078272942	39.1505840197	39.1456060619	39.1271743959	39.0554803216	38.5354000567
PD_130S_2_bbduk_polyg_filt	38.0586479103	38.975201786	39.1777026525	39.0967509986	39.2543792503	39.2009369223	39.303467087	39.3161385432	39.3690929123	39.3662359286	39.430172983	39.4581170359	39.311972633	39.221080442	39.2783360706	39.2681615608	39.2787831771	39.2972243634	39.3326053993	39.3354913758	39.3476385483	39.3344018132	39.3314933212	39.2787088923	39.2947010649	39.2320825307	39.2628592148	39.2108786366	39.1584583435	39.1016286546	39.0578956327	38.9698843899	38.9333457681	38.8467024768	38.810440058	38.7772080851	38.6755944722	38.0869830846
PD_131P_1_bbduk_polyg_filt	38.5527999471	39.1884621531	39.1153077086	39.1449906769	39.153316079	39.0851889289	39.0344389351	39.0198406618	39.0660151053	39.0203949388	39.3555758309	39.4311608842	39.2946726518	39.2547838259	39.275154303	39.3226105004	39.1896957334	39.2180246	39.0185214512	38.9127852525	38.9324882326	39.0211404056	39.2185930107	39.198184819	39.1927790248	39.1566751607	39.1564746448	39.1433731481	39.1245546267	39.1289226532	39.1055177569	39.0743732743	39.036241483	38.9753316378	38.9666307503	38.9400048479	38.8572567397	38.3061044488
PD_131P_2_bbduk_polyg_filt	37.5486616141	38.9096300712	39.1163470951	39.0359609944	39.2199680311	39.1804188569	39.3218222911	39.322596442	39.3706425312	39.3605538271	39.4179069716	39.4401204151	39.2950003069	39.2010255156	39.2504566412	39.2312121506	39.2374182912	39.2497240218	39.2791673112	39.2753652536	39.2828672359	39.2634698028	39.2568025767	39.1922658913	39.2000229566	39.1350663719	39.1624236952	39.1076107164	39.0469885558	38.9886780141	38.9369512715	38.8467188938	38.801481412	38.711308736	38.675339995	38.6301722569	38.515510536	37.8952190832
PD_134S_1_bbduk_polyg_filt	38.6332217726	39.1976647876	39.1495139431	39.1626158229	39.1573629701	39.0842930077	39.0261547147	39.0131530638	39.0585390561	39.0046949625	39.351989751	39.4319771001	39.2998193587	39.2629667617	39.2893175646	39.3406950481	39.2118413174	39.2403156631	39.0373322076	38.9354493266	38.9598593852	39.0486807075	39.260175954	39.2440196961	39.2413026234	39.2093322436	39.2121785165	39.2003937388	39.1815008121	39.1887378579	39.1697089458	39.1370283017	39.1041088031	39.046044956	39.0402117977	39.0178989201	38.9434066392	38.3933862716
PD_134S_2_bbduk_polyg_filt	37.7826666555	38.8899796257	39.0804121916	39.0102647588	39.1644095544	39.1138312135	39.2583625859	39.2560970449	39.3126151735	39.3016040452	39.3654951135	39.3941088905	39.2297994122	39.1354519432	39.1862714448	39.1705167979	39.1824095743	39.1981500791	39.2325622708	39.2350919859	39.2496539095	39.2333146867	39.2307024468	39.1725410886	39.1834528775	39.122562473	39.1541026411	39.1016530946	39.0434524308	38.9890450895	38.943722325	38.8539167086	38.8152310129	38.7285269906	38.6946126962	38.6569530291	38.5525420109	37.9542087448
PD_137P_1_bbduk_polyg_filt	38.5835763075	39.1395855202	39.0894438903	39.1024448031	39.0834985584	39.0103827668	38.9359470214	38.9245018816	38.9651759286	38.9258954301	39.2896691846	39.3718480265	39.2121734885	39.1682889781	39.193482055	39.246000235	39.1136251608	39.1445971291	38.9369200979	38.8224084412	38.8417682879	38.9352283809	39.1556402477	39.1406374988	39.1388400645	39.1056181574	39.1067317618	39.0951786047	39.0766864963	39.0847592158	39.0663752822	39.0330204799	39.0005710231	38.9412958407	38.9330810845	38.911137604	38.8344904138	38.2813416586
PD_137P_2_bbduk_polyg_filt	37.7912565716	38.822294876	39.0481589294	39.0052533057	39.1657717279	39.1176725446	39.2201232827	39.2283215575	39.2795188341	39.2734673044	39.3329820315	39.3664248202	39.1917439574	39.0960270416	39.1474639357	39.1293639492	39.1393777145	39.1545060359	39.1860449054	39.1880276723	39.200810371	39.1837228534	39.1762542398	39.1189216689	39.1238669062	39.0633119601	39.0919954314	39.0367348552	38.9782216866	38.9245028606	38.8728567576	38.7878082996	38.746668681	38.6560487068	38.6242615396	38.5814763567	38.4726122684	37.8708432387
PD_138S_1_bbduk_polyg_filt	38.8788880665	39.3523994971	39.3076315984	39.3051187148	39.3243557156	39.2528682668	39.1792349321	39.1706233383	39.2189057677	39.1684844653	39.4822538696	39.5505797602	39.4681644232	39.4446468712	39.4603345116	39.5120400729	39.3967884763	39.440069855	39.2694213681	39.1994882658	39.2145847526	39.2729762493	39.4669726309	39.4551836381	39.4541101366	39.419583309	39.4204338146	39.4074975437	39.387003417	39.3943787253	39.3725865992	39.3402247957	39.3101744246	39.2526241799	39.2472280406	39.2269297248	39.1605919628	38.632507302
PD_138S_2_bbduk_polyg_filt	38.5391777553	39.2825588636	39.4291266005	39.3729431974	39.4855110343	39.4118379611	39.5102015771	39.505837341	39.5412538062	39.5213227819	39.5593638664	39.5736099297	39.4809913501	39.3930934854	39.4427639616	39.4269821173	39.4290193063	39.4426125979	39.4739579206	39.4694262367	39.4812387913	39.4620427937	39.4571195259	39.3991467302	39.4151865872	39.3523145101	39.3850192763	39.3416402794	39.2876662701	39.2341393326	39.192494942	39.1148515685	39.0783570428	38.9940016394	38.9635503077	38.9310678544	38.8353748722	38.2093117078
PD_13P_1_bbduk_polyg_filt	38.5898723051	39.1772829201	39.1238304161	39.1341344681	39.1269377493	39.0580872658	38.9736363952	38.9699733778	39.0041427986	38.962018942	39.3229834897	39.4068282617	39.2667799275	39.2272480141	39.2507156893	39.3020357906	39.1695719358	39.2018193213	38.9898347298	38.8826825349	38.9094237299	39.0092580256	39.2120859629	39.1902983774	39.1856375185	39.150291265	39.152137596	39.1374501721	39.117789912	39.1237061677	39.1004733717	39.0683169061	39.0310213302	38.970842285	38.9610069462	38.938688688	38.8630116665	38.3068607816
PD_13P_2_bbduk_polyg_filt	37.4393221965	38.826118654	39.0837921085	39.0983579674	39.242287657	39.1823796588	39.2921371162	39.2948818023	39.3504745805	39.3453234916	39.4023844753	39.425932364	39.2730972972	39.1805311891	39.2291107273	39.2136046096	39.2208255049	39.234930149	39.26483858	39.2652176562	39.2749482866	39.25490772	39.2510443788	39.1859013875	39.1878251043	39.1245833337	39.150885993	39.0937001632	39.030143779	38.9728617114	38.9209915238	38.830111537	38.7874002575	38.6951613703	38.6586246493	38.6171946872	38.5010947207	37.9042536403
PD_140S_1_bbduk_polyg_filt	38.5760812897	39.1626967074	39.1162055998	39.1251015424	39.1167687902	39.0486855831	38.9786450102	38.9628281087	39.006699999	38.9556034147	39.3099818754	39.3922591263	39.2395842433	39.1995241951	39.2243515565	39.2754669335	39.1418344652	39.1619665252	38.9388114022	38.835381587	38.8590398398	38.9628689819	39.1721920904	39.1488604882	39.1476808715	39.1094352035	39.1137348622	39.0971941208	39.0804694534	39.0864186383	39.0650078663	39.0290887727	38.9938341485	38.9319075417	38.9214818727	38.8969488497	38.8153921694	38.2370342457
PD_140S_2_bbduk_polyg_filt	37.8247405925	38.6757372238	39.0739945046	39.0947239067	39.2302314058	39.1792465199	39.3038261274	39.3065369586	39.3544486687	39.3430921887	39.400509426	39.4245536062	39.2721459303	39.1765352189	39.2262843745	39.2067326805	39.2149515026	39.2271409213	39.2586171298	39.257973045	39.270422315	39.2523935723	39.2455292367	39.1828927793	39.1878253874	39.1253074233	39.1511242082	39.0968568486	39.0352942381	38.9784855631	38.9309236089	38.8424448107	38.8019346681	38.7121459642	38.6760261618	38.636784232	38.5273299464	37.8944199903
PD_141P_1_bbduk_polyg_filt	38.613426113	39.1778766344	39.1216526315	39.1307966853	39.1358934628	39.0617899418	38.9917343198	38.974606581	39.0233420641	38.9724086696	39.3181896817	39.3966889008	39.2440506582	39.2041313608	39.2268266269	39.2777829422	39.142972023	39.1736001602	38.9649382382	38.8578185193	38.8736297815	38.9609095348	39.1804393565	39.1631553911	39.160062231	39.1250273187	39.128048967	39.1144391724	39.0949770339	39.1024662846	39.0821772465	39.0472538242	39.01310193	38.9522381675	38.942422121	38.9176807498	38.8390142488	38.2855472049
PD_141P_2_bbduk_polyg_filt	37.6957102953	38.7988415622	39.076788781	39.0696029661	39.2231627769	39.170337041	39.2717375648	39.2779760256	39.3252415839	39.3212775204	39.3744059612	39.4016943687	39.2386580271	39.1430277057	39.193887604	39.175457736	39.1848483136	39.1983672851	39.2330832722	39.231721968	39.2432189665	39.2239599595	39.2176713266	39.1567158037	39.1646514925	39.1005359626	39.1285090311	39.0732220913	39.0117457275	38.9564246955	38.9078100124	38.8178546587	38.7767185495	38.6888024483	38.6516184013	38.6119122787	38.5040145153	37.8996597813
PD_142S_1_bbduk_polyg_filt	38.8129391409	39.2585003857	39.2123197453	39.1965108445	39.1771946108	39.091114537	39.000740957	38.9979961668	39.0478768207	38.9909169712	39.358555077	39.443120063	39.3196939377	39.2888735795	39.3140016791	39.3711214899	39.2389309406	39.281138121	39.0875261666	38.9878039253	39.0003671146	39.0645262694	39.3009451643	39.2892219175	39.28615997	39.2520197114	39.2531047569	39.2380767161	39.2188745854	39.2301710131	39.2094928607	39.1785189544	39.1443144324	39.0687508917	39.0564596004	39.0340000821	38.9632570988	38.4536623206
PD_142S_2_bbduk_polyg_filt	37.524595524	38.8105697144	39.0674711689	39.0264301936	39.1711079023	39.1262024078	39.1985403533	39.2017504854	39.2808295265	39.2830631677	39.3476364471	39.3827670348	39.2191506374	39.1253836969	39.1841990973	39.1726209906	39.187058587	39.2073739762	39.2425095414	39.2452670311	39.2633132446	39.2522200395	39.2533676489	39.2007118605	39.2141964184	39.1515089609	39.1829359207	39.1298756867	39.0709918045	39.0168373127	38.9674582723	38.8785658076	38.8403957588	38.7493164939	38.7152363972	38.6797984497	38.5761432149	38.0027153315
PD_145P_1_bbduk_polyg_filt	38.6056006357	39.1956903363	39.1408368659	39.1426320018	39.1473748568	39.0712016393	39.010021728	39.0007183887	39.0382989187	38.987054322	39.3391493591	39.4187686541	39.2772098128	39.2378322016	39.2575941379	39.3088801935	39.1757231722	39.2014316272	38.9880675884	38.8851612014	38.9069745862	38.9992845391	39.2042889995	39.180636577	39.1770375663	39.1383138169	39.1403292353	39.1224909399	39.1020069406	39.1074562735	39.0839199521	39.0489305737	39.0110096504	38.950242971	38.9370736895	38.9101910082	38.8311448087	38.2586448584
PD_145P_2_bbduk_polyg_filt	37.7687104398	38.8122370157	39.0764581718	39.0063341916	39.1879359326	39.137421062	39.2388805902	39.2423948743	39.295308528	39.293562389	39.3482018777	39.3725818058	39.1991258363	39.1011640572	39.1507447033	39.133331459	39.1416109689	39.1570084548	39.1893387998	39.1900038205	39.2019495597	39.1842067863	39.1792013697	39.1188442699	39.1244155596	39.0616578669	39.0888693671	39.0352000112	38.9732958694	38.9160743247	38.8665032118	38.7759690399	38.7359144067	38.6435462787	38.6041185635	38.563868338	38.4506892234	37.8638914069
PD_146S_1_bbduk_polyg_filt	38.6658433774	39.2239197208	39.1808155408	39.1815501055	39.1827850394	39.1116197363	39.0223621333	39.0190796356	39.0594223792	39.0099311545	39.3555373456	39.4346335018	39.2998618576	39.2639359076	39.28658533	39.3397074298	39.2100410571	39.2387537297	39.0254368176	38.9361086784	38.9592056494	39.0483566415	39.25843887	39.2416440563	39.2398675953	39.2024652791	39.2057394862	39.1914483749	39.1722129969	39.1792480858	39.1593168295	39.1276045211	39.0928663108	39.0384546613	39.0266943362	39.004685121	38.9319241967	38.3864251306
PD_146S_2_bbduk_polyg_filt	37.285751538	38.8526344278	39.1089344838	39.0701201239	39.240570167	39.1691941821	39.248490486	39.2713993104	39.3300459761	39.3388861469	39.3916339103	39.4188255947	39.2624613231	39.1650832534	39.2180413223	39.2031822358	39.2133570382	39.2280227033	39.2624102448	39.2632255783	39.2735467628	39.2555277793	39.2541794765	39.1943346113	39.2041261287	39.1409301047	39.1688176841	39.1173159022	39.0573917416	39.0014567371	38.9531488839	38.8651697475	38.8251457742	38.7336903131	38.6993656652	38.6625888517	38.5561660935	37.966708371
PD_147_1_bbduk_polyg_filt	38.7367402695	39.2394527666	39.1973130353	39.1915488902	39.1963395209	39.1191378809	39.0405731587	39.0256602455	39.0712348144	39.0178646787	39.3627724266	39.441279969	39.3125303337	39.2768253548	39.3015004636	39.3551589281	39.2223942341	39.2560842478	39.050029806	38.9567692077	38.9753182983	39.059421103	39.2737935234	39.2563792698	39.2554259258	39.2207500099	39.2223796979	39.2094260375	39.1913116341	39.1978052874	39.1781817045	39.1435495421	39.1089318939	39.0510579202	39.0423343855	39.0192478043	38.944823128	38.4010661828
PD_147_2_bbduk_polyg_filt	37.9482891314	38.7894453053	39.1104459032	39.1081724797	39.2395224191	39.1849051805	39.2954176991	39.3011130016	39.3511914922	39.3452975992	39.4005632534	39.4253998587	39.2678965588	39.173943181	39.227947478	39.2145934838	39.2243346217	39.2410447709	39.274352141	39.2771638153	39.2912333716	39.2749224543	39.2714654907	39.2143570524	39.2216073756	39.1605854383	39.1921461161	39.1393314932	39.0796737828	39.0259341506	38.9763045509	38.8896089358	38.8520484451	38.7611500134	38.7264672865	38.6896390971	38.5858908926	37.9826434403
PD_148P_1_bbduk_polyg_filt	38.5520686984	39.1495962886	39.0950506826	39.1009270288	39.0788582471	39.0009525158	38.9379991837	38.9283314315	38.9747425059	38.9256109478	39.2968321103	39.3849513164	39.2330333414	39.193319929	39.2182787083	39.2733437836	39.1329571468	39.1610147224	38.9426516455	38.8259866956	38.8504516399	38.9453166461	39.1706550622	39.1500005402	39.1477289501	39.1115970443	39.1137595695	39.0994218986	39.0794863686	39.0867923245	39.0679098678	39.0357331031	38.9974501931	38.9382948389	38.9268521688	38.9059686809	38.8283208474	38.2811321108
PD_148P_2_bbduk_polyg_filt	37.3918618036	38.5409043736	38.861644664	38.864936324	39.0336665528	38.9880057637	39.1045085415	39.1159513914	39.1822830061	39.1886051257	39.2527761055	39.2859553727	39.0721797753	38.9730734876	39.0282233198	39.0155204438	39.0340051807	39.05413652	39.0906079138	39.0926528991	39.1093530051	39.0937344941	39.0899321224	39.0308625922	39.0353977799	38.972982162	39.0004379856	38.9424965439	38.8772456384	38.817330615	38.7644563874	38.6692567192	38.6241903807	38.5265051163	38.4884506452	38.4448089346	38.3288172677	37.758949828
PD_149S_1_bbduk_polyg_filt	38.8325430836	39.3261311822	39.2843389636	39.2554976669	39.2916223694	39.2109964288	39.1217873244	39.1049818819	39.1540755983	39.0836142413	39.4256389406	39.5012022047	39.3941097634	39.3640744033	39.3854035749	39.4349627284	39.3079252387	39.322102982	39.1058002822	39.036102327	39.0566897025	39.1351235319	39.3314380972	39.3055285853	39.2955237669	39.2569114226	39.2516481221	39.2309314385	39.2075080666	39.2140761614	39.1869323527	39.1507228531	39.1128727684	39.0183134874	38.9974026248	38.9713396418	38.896220736	38.3449169959
PD_149S_2_bbduk_polyg_filt	37.7227725695	38.7800795185	39.0690209585	39.0754264325	39.2240435233	39.1786967284	39.2754596644	39.2862062349	39.3436498252	39.3526420557	39.4063558642	39.4242679577	39.2673815494	39.175091114	39.2276801795	39.2126620234	39.2230212375	39.2368636595	39.2727932236	39.2694619905	39.2826389329	39.2642001743	39.2615255252	39.1998587533	39.2042550074	39.1400018385	39.1625295258	39.1063582969	39.0424220242	38.9818922165	38.9289462249	38.8337695999	38.7884323098	38.693304016	38.6572962545	38.6220645166	38.509083194	37.922500606
PD_14P_1_bbduk_polyg_filt	38.5763724502	39.1961880728	39.1434882872	39.1739506326	39.1899726615	39.1341945279	39.0694401756	39.0575881161	39.0961807035	39.0596412269	39.3792468532	39.4502571182	39.3165719736	39.2788438161	39.2909103654	39.3409854668	39.2133120281	39.2309054184	39.0249574167	38.9282939477	38.9548127971	39.0472463585	39.2353174652	39.2151196672	39.2106439103	39.1747518259	39.174220461	39.1589596954	39.1380546479	39.1424696199	39.1195607526	39.0832969372	39.0485338531	38.9880840318	38.9778121908	38.9523423933	38.8710603915	38.2871412545
PD_14P_2_bbduk_polyg_filt	38.3043706192	39.1356791808	39.2995601761	39.2760777364	39.3986209144	39.3321386611	39.4322706502	39.4279496991	39.4626730822	39.4508109572	39.4880157117	39.4999430224	39.3828692145	39.2875092042	39.3303129814	39.3084867864	39.3107234717	39.3174231022	39.3431161129	39.3375787514	39.3420283299	39.3192849835	39.3118369123	39.2435219172	39.2436232219	39.1794521749	39.2085362703	39.153046536	39.0951917505	39.0377688066	38.9880280806	38.902028931	38.8607638776	38.7723346955	38.7400652051	38.6999727911	38.5888240939	37.93518235
PD_150P_1_bbduk_polyg_filt	38.6531312522	39.210934026	39.1551380726	39.1711240532	39.1537138703	39.0736637248	39.0179710907	39.0051301121	39.0531682155	38.9972479228	39.3472947616	39.424035663	39.2877712993	39.2522654637	39.2765923354	39.3310934137	39.2001091978	39.2232188997	39.0182278787	38.9195322257	38.9351242454	39.0179822799	39.2429406118	39.2258861295	39.2257370074	39.1895336281	39.1952739598	39.1823793642	39.1647234454	39.1770727425	39.157784683	39.1295811754	39.093685406	39.0171261907	39.0032379545	38.9845385877	38.9083451097	38.3874501885
PD_150P_2_bbduk_polyg_filt	37.9623583953	38.9356862212	39.1570788711	39.1259699818	39.2572718153	39.1936716964	39.3125173266	39.311816359	39.3618317789	39.3505633905	39.4052988966	39.430754442	39.2797802685	39.1799997105	39.2330414936	39.2172742647	39.2287309436	39.2433553958	39.2777998577	39.2774271669	39.2897589089	39.2724620394	39.2685947614	39.2078493076	39.2219771683	39.1608324942	39.1918849548	39.1404068847	39.082031219	39.0240149782	38.9788943407	38.8906512149	38.8532229513	38.7645995772	38.7303403687	38.6928851324	38.5835332138	38.007139104
PD_151S_1_bbduk_polyg_filt	38.6689281826	39.2280700451	39.174599002	39.1988251511	39.2206798667	39.1568722343	39.0844102162	39.0657443496	39.1233869979	39.0750671581	39.3945337202	39.4653417725	39.3380443708	39.299599838	39.3186554631	39.3652704345	39.2405633107	39.2702169855	39.0710877672	38.9789266682	38.9955004383	39.0746561935	39.2728579815	39.255737552	39.2508101506	39.2157086878	39.2154827177	39.2012712988	39.1817448885	39.1858974483	39.163863175	39.1299644285	39.0963408804	39.0370503966	39.0294694076	39.0056405478	38.9278463988	38.382770087
PD_151S_2_bbduk_polyg_filt	38.283636644	39.0780938244	39.2576456207	39.2213913896	39.3485635782	39.2960056253	39.3990408373	39.3983943361	39.4405079494	39.4302324804	39.4747364764	39.4899992941	39.360845802	39.264969477	39.3116112001	39.2907704512	39.2922891718	39.3018626295	39.331861439	39.3256282526	39.3324507875	39.3096591368	39.3028997521	39.236781849	39.2428313209	39.1787895617	39.2076703063	39.1561411834	39.096344724	39.0413555375	38.9936261889	38.909412953	38.8695424986	38.7832744663	38.7513047326	38.712751005	38.6048514151	37.9603789214
PD_152P_1_bbduk_polyg_filt	38.7323415761	39.2506656174	39.193588153	39.1690853358	39.1906339126	39.1071144171	39.0184733825	39.004680674	39.0498700855	38.9835886615	39.3564118223	39.4438494384	39.3149075097	39.2799629535	39.3071245871	39.3599837675	39.2250885309	39.2545061397	39.0395903003	38.9460732509	38.9752216079	39.0623502796	39.2685907548	39.2496062818	39.2429672701	39.2060551268	39.208217097	39.1891326701	39.1689382456	39.1779396664	39.1531159532	39.1197093632	39.0859514304	39.0257153303	39.0161527141	38.9917457985	38.9190635643	38.3733797595
PD_152P_2_bbduk_polyg_filt	37.6215491693	38.712734188	38.9815601885	38.9673251338	39.1221630727	39.0832770938	39.1782887029	39.1991935082	39.2534164575	39.2627928137	39.3261638369	39.3556558843	39.1714151572	39.0732846127	39.1319916487	39.1221518166	39.1358307789	39.1554840683	39.1906950948	39.1955194829	39.2111005671	39.1970919482	39.1950770532	39.140728409	39.1527826754	39.0851306593	39.1116099105	39.0567296812	38.997465158	38.939226713	38.8873026152	38.7945440738	38.753159225	38.6564097489	38.6154452694	38.5774306453	38.4729055044	37.9065861945
PD_153S_1_bbduk_polyg_filt	38.4893104751	39.1190763691	39.0659878909	39.0684237055	39.0621458538	38.9876829313	38.9276179251	38.9125636352	38.9480637576	38.8950746224	39.2636626431	39.3479797664	39.1808615927	39.1315496506	39.1529569818	39.201320116	39.0616460001	39.0719548238	38.8306704321	38.7116684038	38.7457197904	38.8655763853	39.0601747848	39.0319809354	39.0252409418	38.9853901203	38.9863969011	38.9678185661	38.9479454202	38.9536326303	38.9314399094	38.8918769331	38.8505315258	38.7858159667	38.7700678887	38.7409225734	38.6506629753	38.0385909135
PD_153S_2_bbduk_polyg_filt	37.6395140993	38.9088880796	39.0914943501	39.0641279383	39.2062560181	39.1475214989	39.2661292978	39.2634792406	39.3123285825	39.3038849709	39.351435894	39.3725581598	39.2047916636	39.1005858748	39.1434859612	39.1196616469	39.1283320554	39.1391123558	39.1666415588	39.164393842	39.1744414142	39.1519627045	39.1457576045	39.0790128261	39.0782615978	39.0125501311	39.0373971533	38.9805834646	38.9154422924	38.8574750364	38.808649151	38.7159645851	38.6748922061	38.5845647954	38.5449064901	38.4984957203	38.3841851753	37.7794491992
PD_156P_1_bbduk_polyg_filt	38.6649478492	39.1871107491	39.1440487293	39.1637803086	39.1482002168	39.0792765401	38.9985450467	38.9833086488	39.0303999306	38.9887327438	39.3355587075	39.4147587261	39.2767916544	39.2420048216	39.2623914041	39.3172739854	39.187630573	39.2173415743	39.0132347785	38.9165771165	38.9304955473	39.0190834496	39.2428326152	39.2275395618	39.2287281196	39.1952648712	39.1999449999	39.1866864396	39.1740234022	39.1786252088	39.1629326503	39.1311130418	39.099331163	39.0421439742	39.0341085783	39.0129891242	38.937711702	38.396928539
PD_156P_2_bbduk_polyg_filt	38.1848743885	39.0457104996	39.2375595751	39.1977140702	39.3306964319	39.2662804725	39.3557986194	39.3593619621	39.3947133303	39.3914675649	39.4392349521	39.4667935583	39.3365256468	39.2469820101	39.2953640765	39.2779409917	39.2837674906	39.2963659289	39.3289792322	39.3278710242	39.337742954	39.318775338	39.31245362	39.253582169	39.2640141311	39.2031067914	39.2335094088	39.1839376038	39.1271884453	39.0737514338	39.0276287554	38.9445447152	38.9046622688	38.8229104775	38.7893232601	38.7480130572	38.6425372805	38.0613913222
PD_157S_1_bbduk_polyg_filt	38.6320388018	39.2261192057	39.1765971543	39.194422876	39.204996385	39.1429064856	39.0742770277	39.054623227	39.1006038632	39.0554066002	39.3834354733	39.4541732323	39.3264403098	39.2903520633	39.3084704962	39.3584715011	39.2317391046	39.2565690731	39.0494879844	38.9615471886	38.9822836735	39.0758300653	39.2688247148	39.2523937228	39.2510044846	39.2140587716	39.2183963634	39.2056049701	39.189363529	39.1927087475	39.1734805192	39.1411903772	39.1094307002	39.0502266112	39.044994619	39.0227970285	38.9477233249	38.3802385938
PD_157S_2_bbduk_polyg_filt	38.3758087854	39.2259334316	39.332340587	39.2780477334	39.4105210162	39.3336745695	39.4227579054	39.4269261129	39.4658777775	39.4652893889	39.507207662	39.519792058	39.4174499196	39.3251450433	39.3691249399	39.3484256528	39.3479555977	39.3562873428	39.3834362647	39.3782847773	39.3869764004	39.3661102115	39.3611037421	39.2995095212	39.3054277234	39.2415800509	39.2725259979	39.2216152855	39.1662918797	39.1133937449	39.0678239655	38.9870114567	38.9483798751	38.865725701	38.8336443145	38.7966346422	38.6909991175	38.0414581821
PD_158P_1_bbduk_polyg_filt	38.6824492642	39.2046174768	39.1578324848	39.1621424088	39.1488283702	39.0797280145	39.0074712323	38.999545296	39.0430587907	38.9933620197	39.341765674	39.4220080898	39.2810784574	39.2434889462	39.2680694609	39.3189580863	39.1894783458	39.2224179035	39.0229524315	38.9218327702	38.9415403944	39.0253294777	39.2422971537	39.2270077733	39.2259124199	39.1927258481	39.1957536214	39.1835940344	39.1651924451	39.1736080757	39.1550431804	39.1255897833	39.0914470444	39.0340075756	39.0253762947	39.0028139196	38.9298875316	38.3874788248
PD_158P_2_bbduk_polyg_filt	37.9939410001	38.9690069042	39.1784301555	39.1003103424	39.2828174908	39.22450938	39.3172829347	39.3253190599	39.3727198549	39.3677854802	39.4201216263	39.4467237604	39.3017280145	39.2094814143	39.2596270312	39.2418177	39.2503661343	39.2639793413	39.2962324392	39.2963571383	39.3079105927	39.2899468143	39.2850749342	39.2295894218	39.2396975401	39.1781246382	39.209095225	39.1580228813	39.1016411782	39.0480072515	39.0019196678	38.917237128	38.8779317977	38.7951828661	38.7606251294	38.7220230666	38.6156311576	38.0088202214
PD_159S_1_bbduk_polyg_filt	38.6823706447	39.234466583	39.1874006076	39.1956300158	39.1767124044	39.1016916489	39.033559837	39.0212797886	39.0609937508	39.0112372366	39.365824176	39.443181309	39.3216802045	39.2899888358	39.313475447	39.3644965241	39.2320059774	39.2640823699	39.0584451377	38.9589917253	38.9799317697	39.0677742363	39.2782713268	39.2603650847	39.2585577379	39.2218195451	39.225861418	39.2109864096	39.193590097	39.2007140291	39.1825933705	39.1490507276	39.1135945862	39.054998629	39.0459584443	39.0221456082	38.9453450107	38.3898073649
PD_159S_2_bbduk_polyg_filt	37.4760082078	38.8534041795	39.1278254861	39.1413923806	39.2874612419	39.2219400283	39.3474409399	39.3422099944	39.3948467318	39.384174266	39.442072031	39.4695349127	39.3307138914	39.2425223227	39.2932679256	39.2773879115	39.2860381907	39.3009370676	39.3354030465	39.3362451138	39.3476499125	39.3307774643	39.3250454542	39.2681859257	39.2790383207	39.2186012115	39.2483076204	39.2003008272	39.1427696224	39.0891411622	39.0444362968	38.960955476	38.9237858598	38.8372377021	38.8033385065	38.7652003176	38.6587558822	38.0863105439
PD_15P_1_bbduk_polyg_filt	38.5825039797	39.179544055	39.1383797933	39.1517963749	39.1571889481	39.0891849284	39.006708016	38.9959283654	39.0458574821	39.00162717	39.3420152736	39.4207101302	39.2794684589	39.2394007385	39.2591560667	39.3072075654	39.1808305343	39.1977112341	38.9820387424	38.8861829325	38.9112904452	39.0093906272	39.2118573779	39.1911558955	39.1873604818	39.1505466177	39.1547292834	39.1404494189	39.1192000724	39.1249757183	39.1012577758	39.0643715031	39.0260182257	38.9666956341	38.9580824342	38.9331305809	38.8547873062	38.2812095946
PD_15P_2_bbduk_polyg_filt	37.9965733088	39.0159740967	39.2069718739	39.1239662563	39.2861798274	39.2316187695	39.3224318571	39.3293358017	39.3780811024	39.3748939223	39.4246953144	39.4464091601	39.3012770539	39.2060004193	39.2549035621	39.2373575842	39.2430785921	39.2541543779	39.2858595499	39.2821838394	39.2932147694	39.2732762613	39.2647460817	39.2029363771	39.2082134771	39.1465878253	39.1749870743	39.1206460786	39.0606487178	39.0035939173	38.9515971698	38.8611293892	38.8199878583	38.7313525512	38.6999049099	38.6526962497	38.543957071	37.9343470157
PD_160P_1_bbduk_polyg_filt	38.500238385	39.1248210333	39.0786140247	39.0861903795	39.0744289838	39.0047924377	38.9485531479	38.9310940031	38.9704906211	38.9195014612	39.278014743	39.3629312798	39.1975450703	39.1525003911	39.1737442252	39.2235477066	39.0890915048	39.0949734449	38.8574163114	38.7419441547	38.7763524551	38.8925324326	39.0926029586	39.0642624776	39.0599921722	39.0220916111	39.0240313084	39.0075077231	38.988434411	38.9948014207	38.9723665395	38.9358035037	38.8976172399	38.8330911157	38.8204679434	38.7909100648	38.706440793	38.1037227544
PD_160P_2_bbduk_polyg_filt	37.9009190326	38.8503566699	39.0751344397	39.0599489844	39.2116775383	39.1516155457	39.2574908868	39.2685866909	39.313666109	39.311487382	39.3603015166	39.3812547684	39.219884034	39.1174242102	39.1640338484	39.1431033762	39.1491391177	39.1597416273	39.1887911981	39.1850575358	39.1932365849	39.1719711996	39.1644690752	39.0976249632	39.0979410199	39.0320692123	39.0570908715	39.0001358613	38.9382614598	38.8819285675	38.8315668691	38.740077576	38.697985728	38.6114261155	38.5695093362	38.5268173936	38.411932435	37.7849553602
PD_161S_1_bbduk_polyg_filt	38.6833967122	39.2284450232	39.1110190433	39.1422695056	39.1272953257	39.1000695441	38.9254102363	38.9184262314	38.9479602859	38.9607208913	39.2905908291	39.3773463741	39.2347069529	39.1905183256	39.2105825429	39.2714854327	39.1338650252	39.1772480132	38.9550609596	38.8516238569	38.8770521493	38.9674086916	39.1949494113	39.1871991527	39.1817424877	39.147558922	39.1546443146	39.1347749385	39.1329523545	39.1305953656	39.1022498071	39.065258002	39.0133381418	38.9769821903	38.9649456447	38.9545163344	38.867732632	38.3204469604
PD_161S_2_bbduk_polyg_filt	36.7913232618	37.2655845405	37.2782504476	37.4401254753	37.5896305284	37.5571963364	37.6576949825	37.701374606	37.7859520885	37.8141130166	37.847281121	37.8799875708	37.2454256248	37.0568219819	37.0915289348	37.0825799387	37.116020301	37.1225023046	37.1761791301	37.2062842569	37.2208150611	37.2398312055	37.2275203326	37.1842437867	37.2069619588	37.1481854087	37.1696416845	37.1327950122	37.0606739552	37.0194112724	36.9655384539	36.9018608892	36.860092133	36.8089743795	36.8622014901	36.9631075139	36.9624421831	36.1998219871
PD_162P_1_bbduk_polyg_filt	38.6894613953	39.2333268168	39.1829959225	39.1709414781	39.1721524306	39.0888687713	39.0215202796	39.0082014705	39.0628771056	39.0018072069	39.3611122737	39.4422714666	39.3166590478	39.2811141264	39.3071762293	39.3566396776	39.2255510158	39.2582601946	39.0540310295	38.954949093	38.9755343353	39.0568040648	39.272647655	39.2548134248	39.2536274621	39.2185631538	39.2188165389	39.2021178861	39.1831969313	39.1899350834	39.169104689	39.1348836432	39.1000406174	39.0424300685	39.0309908698	39.0102128879	38.9348391807	38.385501892
PD_162P_2_bbduk_polyg_filt	37.7498857169	38.7787647658	39.0514068561	39.0371942287	39.1815855091	39.1300987435	39.2374787734	39.2488755813	39.3058362531	39.3088587106	39.3655508196	39.3915628486	39.220803848	39.1281420245	39.1835140199	39.171276639	39.1856905632	39.2028293808	39.2383987931	39.2418163562	39.2555460075	39.2399936026	39.2393560793	39.1832960713	39.1955757954	39.1356338179	39.1625945254	39.1092495421	39.0502091598	38.9928594131	38.9457511665	38.856770778	38.811970108	38.7196976524	38.6831791615	38.6445620268	38.5371964945	37.9504061071
PD_163S_1_bbduk_polyg_filt	38.7420235108	39.2760192128	39.2238006693	39.2240761966	39.2278731502	39.1511168479	39.0942560645	39.0863679257	39.1284617392	39.0729055022	39.4159619168	39.4913453305	39.3832240906	39.3520554033	39.3732405053	39.4244861424	39.2991645155	39.3422139217	39.1516674452	39.0614696227	39.0857998168	39.1643854295	39.364513494	39.3508119884	39.3503072311	39.317373831	39.3206203557	39.3070401649	39.290053052	39.2961213482	39.2762947303	39.2436352203	39.2144648618	39.160218527	39.1537683388	39.1340368566	39.0650468319	38.5512659595
PD_163S_2_bbduk_polyg_filt	37.7535667031	38.9204695403	39.1109582002	39.0896260544	39.2308032359	39.1681520623	39.308675316	39.31138239	39.3679302376	39.3553236034	39.4183665582	39.4422557127	39.293888347	39.2011093032	39.2551440251	39.2435941785	39.2522172486	39.2682267531	39.3014816732	39.3017434225	39.314791891	39.3010016018	39.2980475504	39.2410606889	39.25010176	39.1901088744	39.21967276	39.1698949664	39.1108957646	39.053669988	39.0047479629	38.9160060437	38.8763541909	38.7851262321	38.7521606151	38.7158314614	38.6102867588	38.0120342704
PD_164P_1_bbduk_polyg_filt	38.5732024579	39.1302630858	39.0802131057	39.0725566344	39.0687836937	38.996589966	38.9126941094	38.9053769236	38.9475750213	38.8929266488	39.2714002721	39.3610075062	39.1996033795	39.1569584128	39.1847396682	39.2376512424	39.1012342047	39.1244011563	38.8947790837	38.7866561674	38.8175030896	38.9202489346	39.1370226681	39.1163552167	39.1141473076	39.0775042234	39.0821196138	39.067177312	39.0483760304	39.0572660917	39.037618615	39.0025697009	38.9689341697	38.9071035376	38.899837707	38.8760963922	38.7950541863	38.2317417882
PD_164P_2_bbduk_polyg_filt	37.5062128974	38.6740722528	38.9153160563	38.9079827652	39.065840714	39.0178092679	39.1329612645	39.1454761754	39.2031149845	39.2017002928	39.2682547948	39.3029750829	39.0979141457	38.998033862	39.0533416938	39.0398855878	39.0572192117	39.0756960924	39.1116091606	39.1147899103	39.1295990705	39.1136028558	39.1105852795	39.0517072945	39.0588219957	38.9976341816	39.0238771297	38.966372802	38.8999801741	38.8442270408	38.7896243918	38.6937722743	38.6480416002	38.5520528098	38.5151540022	38.4669783494	38.3518211264	37.7992233851
PD_165S_1_bbduk_polyg_filt	38.672168672	39.232942861	39.1791985815	39.1752599064	39.1882942812	39.1046847177	39.051824724	39.0286046852	39.0736338355	39.0118108506	39.3653071043	39.4445519634	39.3172383684	39.2823013443	39.3036449939	39.3552441923	39.2234965911	39.2502851272	39.0412283271	38.9456859021	38.9729596038	39.0631094779	39.2637258067	39.2456918856	39.2427673479	39.2089570904	39.2125348529	39.1980662374	39.1803985763	39.1878838322	39.1677703647	39.1332031815	39.0970701586	39.0403444772	39.0291638811	39.0063903738	38.9300592932	38.3836374132
PD_165S_2_bbduk_polyg_filt	37.8681064589	38.9495927536	39.1590984345	39.0807133633	39.2558118056	39.199383882	39.3180596408	39.3218797561	39.3724851481	39.358434303	39.4120195421	39.4394269041	39.2862718537	39.1931176352	39.2458045708	39.2275633894	39.2372403597	39.2506925257	39.2848837207	39.285251715	39.2956414569	39.2763083461	39.2718332319	39.2143273332	39.2244929415	39.1607619686	39.1906555647	39.1380534178	39.0791091203	39.0243239555	38.9759021419	38.8863945211	38.8482392159	38.7583447532	38.7220373503	38.682634065	38.5726245608	38.0048779814
PD_166_1_bbduk_polyg_filt	38.8149107676	39.3039451262	39.2703100575	39.2549154352	39.2769361411	39.2015167252	39.1192068849	39.0990476565	39.1420612813	39.0813521591	39.4174179856	39.491436025	39.3769355634	39.3441275306	39.3617119308	39.4117435293	39.2895958519	39.3101665875	39.094769834	39.0223994359	39.0495985994	39.1430795493	39.3291887564	39.3083421659	39.3028447365	39.2667323578	39.2676391091	39.2517925918	39.2345965216	39.2367662489	39.2157010918	39.1827979039	39.1476478136	39.0868951669	39.0799646059	39.053454965	38.9775810075	38.4160512556
PD_166_2_bbduk_polyg_filt	38.2458217848	39.0671650016	39.2655778009	39.2612734808	39.378003094	39.3097070183	39.4118812453	39.4104680382	39.4539290092	39.4400076714	39.4871304109	39.5057108032	39.382283568	39.2916582654	39.3369186031	39.320225383	39.3232625305	39.3353711532	39.3671041802	39.3638514508	39.3739989002	39.3554516341	39.3508601259	39.2898467818	39.2989329128	39.2369921447	39.2676580096	39.2173349322	39.1574577627	39.104055959	39.0602144504	38.9768052268	38.9393490665	38.8549554607	38.8208631871	38.7842572424	38.6861175952	38.0748857574
PD_167P_1_bbduk_polyg_filt	38.8466697923	39.3143004053	39.2644634597	39.2421130053	39.2448711394	39.1656715058	39.0767896983	39.062144547	39.1007068395	39.0428251281	39.3964971281	39.4772977275	39.3689024748	39.3395722354	39.3634582592	39.413408359	39.284440338	39.324374316	39.1200433493	39.0357724132	39.0579351118	39.1313528268	39.3425746722	39.3258406633	39.3227733265	39.2858026015	39.2882791667	39.2726123336	39.2544752686	39.260110819	39.2388064984	39.2068277263	39.1722445504	39.1146465457	39.1050900307	39.0850809758	39.0147224491	38.4744697166
PD_167P_2_bbduk_polyg_filt	37.8716698027	38.8194062815	39.0585394203	39.060919819	39.1967498114	39.1570975776	39.2697093226	39.271104614	39.3291327603	39.3234094864	39.3862644922	39.4172239859	39.2662391489	39.176092843	39.230454959	39.2190741406	39.2303747526	39.2464039584	39.2817301555	39.2857431989	39.3007874346	39.2869815697	39.2851328718	39.2303729154	39.2463752058	39.1852260672	39.2160444364	39.1656221402	39.1083555404	39.0526744159	39.006504563	38.9181708757	38.8811356463	38.7894588483	38.7571168941	38.7207412664	38.6163516257	38.0478519207
PD_169P_1_bbduk_polyg_filt	38.648219618	39.2370444649	39.1866528521	39.1786811553	39.1924823684	39.1200682209	39.0433586014	39.0205212676	39.0588412633	39.0048661646	39.3579998907	39.4376522679	39.3078854578	39.2709509167	39.2874934099	39.3386693037	39.2060352901	39.2236592408	39.0005883626	38.9060631469	38.9372434151	39.0401619092	39.2267103082	39.1994049864	39.1902668368	39.1512715783	39.1496127879	39.1299951679	39.1078431277	39.1124664254	39.0862618323	39.0474384348	39.0064655388	38.9451078606	38.9276307201	38.9000999958	38.8161194397	38.2170151039
PD_169P_2_bbduk_polyg_filt	37.5429662942	38.7721260975	39.0644078217	39.0923146865	39.2308038455	39.177507104	39.3002454582	39.3030883659	39.3566517688	39.3544273676	39.4132648902	39.4350198746	39.2843481377	39.1894179835	39.2376663787	39.2204299731	39.2258983112	39.2370925327	39.2676986052	39.2663018793	39.2767386243	39.2565252134	39.2501862604	39.1864708996	39.1856783821	39.1216025179	39.1468320401	39.0908599126	39.0258008394	38.9653184342	38.9147450279	38.8197154226	38.7762847984	38.6801734688	38.6422793972	38.5992278313	38.4833995774	37.8970726747
PD_16P_1_bbduk_polyg_filt	38.5895354714	39.1846687923	39.1351431385	39.1580967892	39.1730192267	39.1133081868	39.0443823967	39.0279841669	39.0748369431	39.0300363408	39.3593679545	39.4318149366	39.2926838202	39.2526444625	39.2704437756	39.3168471367	39.1889233321	39.2019436354	38.9885597254	38.8956656755	38.9199683574	39.0193532801	39.2128375722	39.1913404443	39.1875093096	39.1503116001	39.1541885698	39.1379233879	39.1184901398	39.1234192931	39.0995203546	39.0651676404	39.0264732141	38.9659129226	38.9569596863	38.9302270223	38.8442254289	38.2589191456
PD_16P_2_bbduk_polyg_filt	38.2068901113	39.2043969901	39.3252977653	39.2744037376	39.4047466803	39.3313615781	39.4289119322	39.4299135355	39.4668712453	39.4551210355	39.4949759434	39.5114513982	39.3958197337	39.3013012859	39.3450526725	39.3249675749	39.3244724829	39.3331331161	39.3588722931	39.3535697473	39.360338559	39.3379482083	39.3319886175	39.2649969802	39.2702193723	39.203730654	39.2341066589	39.1810596583	39.1228081307	39.0660195578	39.0213167689	38.9337173156	38.8979718162	38.8147167278	38.7796354369	38.7373617537	38.6330793207	37.9771136799
PD_170S_1_bbduk_polyg_filt	38.5578521101	39.1647226536	39.1136841271	39.1301218781	39.129284626	39.0567064554	38.9788625041	38.9769519662	39.0247964654	38.9767722243	39.3291776537	39.4102927665	39.262631973	39.2214511092	39.2409186436	39.2914630133	39.1570398866	39.1816017974	38.9678241607	38.8599865656	38.8838738219	38.978973118	39.1902117666	39.1686580423	39.1650996031	39.1271121286	39.1279443224	39.1106894709	39.0887264884	39.095595876	39.0725961682	39.0368110914	38.9998789147	38.9379839615	38.927520262	38.9047814503	38.8218612883	38.2586417674
PD_170S_2_bbduk_polyg_filt	37.7544553609	38.8098872337	39.0390181706	39.0366426907	39.1757699267	39.1204462731	39.2185454884	39.2234754776	39.2737417728	39.2796372739	39.3328920243	39.3554563224	39.1817805055	39.0800422723	39.1304574914	39.1153436675	39.1225563264	39.1376092214	39.1697726092	39.1685285268	39.1822923622	39.1651637508	39.1580253702	39.0974408943	39.1004153677	39.0374918715	39.0641080951	39.0061708081	38.945727109	38.8857215426	38.8344860616	38.7422373957	38.699148791	38.6035589861	38.5682717907	38.525776509	38.4142965601	37.7993644619
PD_171P_1_bbduk_polyg_filt	38.7763286099	39.278677399	39.2351438164	39.2389992237	39.2470004797	39.1806734215	39.1009382662	39.0912667925	39.1350799519	39.0876648874	39.413584064	39.4868793925	39.3727661425	39.3435710829	39.3635264918	39.4129521915	39.2909550209	39.3232273548	39.1320336274	39.0453162254	39.0624198571	39.1388560613	39.3443584082	39.3305592869	39.3294612415	39.2956114613	39.2993744135	39.2863866889	39.2683475544	39.2743630153	39.2571865596	39.2252372516	39.192944441	39.1344677295	39.1326118574	39.1084198492	39.0391385276	38.5019540159
PD_171P_2_bbduk_polyg_filt	38.2640649849	39.0794151992	39.2964442866	39.2432356088	39.3820440359	39.318342537	39.4190517458	39.4158880375	39.4569887226	39.4463513328	39.4898604343	39.5084528702	39.3910146845	39.301323988	39.3479305976	39.3280787624	39.3332199333	39.3458097365	39.3773195608	39.3758289527	39.3863302509	39.368701343	39.3628453408	39.3045827027	39.3168349474	39.2549187736	39.2863147763	39.2385910303	39.1831074757	39.1314841225	39.0869991885	39.005686933	38.9717248962	38.8888554254	38.8596278138	38.8259460132	38.7263361913	38.1227416054
PD_172S_1_bbduk_polyg_filt	38.8074162943	39.2824788488	39.2475546848	39.2261405968	39.2488974986	39.1784597021	39.080957727	39.0571001583	39.1037831148	39.0491061361	39.3949046455	39.4723827973	39.3533216907	39.3203437505	39.3420193081	39.3945000893	39.2705728116	39.2932101938	39.0792270852	38.9995991178	39.0285840953	39.1202764129	39.3119231692	39.2931463003	39.2874562194	39.2502814704	39.2514818666	39.234263692	39.2162253147	39.2218768134	39.2005370562	39.1659743033	39.1312577285	39.0701577989	39.0576465355	39.0382149244	38.9636055874	38.3972936042
PD_172S_2_bbduk_polyg_filt	37.8342383262	39.0646776391	39.2540584038	39.208351372	39.3499436214	39.2847572295	39.3749935794	39.3855465301	39.421710779	39.4178188204	39.4652932788	39.4808427685	39.3568015106	39.2590140959	39.3091181701	39.2888392366	39.2949809585	39.3058314601	39.3375825587	39.3346351776	39.342336147	39.3223140915	39.3189467549	39.257780062	39.2634061457	39.2011760897	39.2289752535	39.1769606909	39.1199107094	39.0625125083	39.0135938698	38.9274247411	38.8914610209	38.8048456341	38.7723130777	38.7338605525	38.6315946621	38.0299824604
PD_173P_1_bbduk_polyg_filt	38.619009307	39.1990369324	39.146283037	39.1507720095	39.150565449	39.0815089739	39.0132366024	38.9962713767	39.0358905039	38.9834813167	39.336717758	39.4154776184	39.2771400957	39.2370235708	39.2600965422	39.3083672488	39.1760227894	39.1918864692	38.9703385848	38.867637689	38.8956974951	39.0006511127	39.1947392129	39.1712999009	39.1644474565	39.1250746895	39.1276043315	39.1097154236	39.08908471	39.094981497	39.0731241993	39.034557699	38.9988590792	38.9372000314	38.9242736898	38.8980566512	38.8172430653	38.2254654629
PD_173P_2_bbduk_polyg_filt	37.985024778	38.9585649995	39.1409397304	39.1104803213	39.2359914294	39.1808158189	39.2927278109	39.2986709692	39.3456064688	39.339768078	39.3972201503	39.420832162	39.2680476337	39.1751216899	39.2202156615	39.2042724971	39.2090215705	39.2198521769	39.2513019415	39.2497231807	39.2606995651	39.241950331	39.2350382308	39.1733654133	39.175829312	39.1119906358	39.136509534	39.0830175534	39.0220406768	38.9637093019	38.9152377434	38.8269273029	38.7892624748	38.7004669395	38.665204888	38.6243380978	38.5195661996	37.8921590392
PD_174S_1_bbduk_polyg_filt	38.7440678397	39.2489608657	39.2011882898	39.175231815	39.1797080537	39.0999695413	39.0097192989	39.007971962	39.060075515	38.9943652375	39.3636096738	39.4481559236	39.3233181515	39.2919107582	39.3185156201	39.3699904341	39.2410416764	39.2801043629	39.0808814249	38.9818396797	39.001304638	39.0758864602	39.2973409173	39.2816507117	39.2764928198	39.240560146	39.2412050035	39.2260675458	39.2062905246	39.2137507302	39.192541752	39.1596456897	39.1235564361	39.0655557182	39.0563363762	39.0348722149	38.9601274561	38.4211298464
PD_174S_2_bbduk_polyg_filt	37.4085205972	38.5909084325	38.8800569963	38.8779486047	39.0450438839	38.9998373155	39.1008998869	39.1164151634	39.1919620825	39.2089835449	39.2779661536	39.3151628493	39.1006451334	39.007658936	39.0707929622	39.0636382014	39.0872631025	39.1128853581	39.156330817	39.1654158661	39.1866176199	39.1779381367	39.178314537	39.1282118556	39.1432304528	39.084344715	39.112947982	39.0617010961	38.9993387122	38.9437394558	38.891837538	38.8031882657	38.7588681599	38.6671861996	38.6292441619	38.5902678773	38.4820714324	37.9468110459
PD_175P_1_bbduk_polyg_filt	38.4751772827	39.1048931804	39.0471487752	39.0675249064	39.0619257343	38.9927004626	38.9355891164	38.9261779869	38.964256752	38.917440516	39.2775385407	39.3614731756	39.1941009358	39.1487000315	39.1708141977	39.2213287544	39.0839677004	39.0976228296	38.8708028726	38.7535781197	38.7737870761	38.8805342347	39.0901075932	39.0657393992	39.0601713509	39.021729368	39.0222372602	39.0079775212	38.9872139025	38.9945794087	38.9727496727	38.9362974425	38.8975791987	38.8354256136	38.8249207031	38.7977722705	38.7116392913	38.1326863753
PD_175P_2_bbduk_polyg_filt	37.3258245202	38.6100889736	38.9212767494	38.9179021782	39.0788247494	39.0342950599	39.1675859103	39.1722454344	39.2337275042	39.2308225478	39.2964842724	39.3264674152	39.1296661947	39.0295601966	39.0819220301	39.068833089	39.0811866352	39.0958148421	39.1277942185	39.1285463233	39.1388638349	39.1206099642	39.1141011124	39.0505836198	39.0562766711	38.9924623828	39.0169829959	38.959672305	38.8930044399	38.8337850934	38.7785637659	38.6861316442	38.6359802764	38.5403635697	38.5014139421	38.4571444366	38.3366909326	37.7403185934
PD_176S_1_bbduk_polyg_filt	38.849952702	39.3142205486	39.2808066915	39.2658272017	39.2732766097	39.1952532444	39.121471914	39.1044763611	39.1492088382	39.0852197472	39.4245358561	39.4995974727	39.3916696414	39.3620806648	39.3814636939	39.436442847	39.3112368692	39.3496888615	39.1468939657	39.076283541	39.09496529	39.1717149688	39.3746624555	39.3571045424	39.3574913497	39.3190307125	39.322623495	39.306475942	39.2888849015	39.2951144209	39.2745964078	39.2425143578	39.2133119202	39.1557874322	39.1491810665	39.128188086	39.0589330877	38.5438892283
PD_176S_2_bbduk_polyg_filt	37.7849450449	38.9776633288	39.2054518294	39.1853381928	39.3272090391	39.2609891202	39.3700178755	39.3733027895	39.4251964418	39.4168923609	39.4648856282	39.4864814706	39.3586281372	39.2644516733	39.319737857	39.3052544722	39.3139779005	39.3278679506	39.3635049098	39.3623063693	39.3753031531	39.3590836763	39.3547535324	39.2982253349	39.3099526633	39.2450360944	39.279204714	39.2279026363	39.1684309444	39.113267883	39.066505436	38.9787108405	38.9446500094	38.853832535	38.8202533667	38.786934624	38.6850655339	38.1014027841
PD_177P_1_bbduk_polyg_filt	38.8471294556	39.3259393054	39.2851120593	39.2726397563	39.2760415836	39.2032575847	39.1289758457	39.1116412061	39.1567350968	39.097525644	39.432820719	39.5086382798	39.4088100732	39.3795718038	39.4000487191	39.4477511028	39.3245281534	39.3531627982	39.1563676682	39.0752387295	39.0975908487	39.1802922429	39.3719183972	39.3534461085	39.349437681	39.3136882448	39.3119809494	39.2976479213	39.2784801083	39.2866056819	39.2622619389	39.2308391395	39.1958047367	39.1384924858	39.1300715964	39.1071267216	39.0329804041	38.4781870904
PD_177P_2_bbduk_polyg_filt	38.1937371487	39.1002592324	39.2842557519	39.26201729	39.3865254451	39.3183729522	39.4171589104	39.4144878697	39.4598381207	39.4500996189	39.4946767466	39.5156093664	39.401257974	39.3160563482	39.361538077	39.3419278936	39.3458154227	39.3580490838	39.3903751381	39.387662063	39.3957014866	39.3788354385	39.3733533707	39.315375197	39.3248548925	39.264994707	39.292250396	39.2389446677	39.1840170208	39.1323160815	39.0808351813	38.9981501794	38.9600714939	38.8747924868	38.8430148135	38.8023735575	38.7020462429	38.1126821315
PD_178S_1_bbduk_polyg_filt	38.5864546497	39.1614390452	39.1083733522	39.1093558037	39.1030943395	39.0212553314	38.9666993208	38.9517289166	38.9889802024	38.9338035699	39.2977862725	39.3824472328	39.2283133734	39.1857446022	39.2102049819	39.2603841578	39.1251458493	39.1431997811	38.9191645331	38.8083282092	38.8373726774	38.9423139867	39.1472383872	39.1248172832	39.1198765347	39.0827079625	39.0854708024	39.0707203581	39.0520035209	39.0589923923	39.0391177192	39.0065112024	38.9674106909	38.9104181059	38.8979627731	38.8762941463	38.7949424412	38.2148719007
PD_178S_2_bbduk_polyg_filt	37.482394832	38.7823339114	38.9929539391	38.9717333862	39.1247628529	39.0690766237	39.1966036199	39.194367145	39.2539072998	39.2421502309	39.3067349679	39.339129775	39.152230759	39.0531410741	39.1036967233	39.0843445589	39.0967362276	39.1125403551	39.1448878962	39.1469148799	39.1613409588	39.1435802182	39.1405390757	39.0808033253	39.0881605598	39.0266164539	39.0534739526	38.9982369584	38.9370552083	38.8796393756	38.8299079218	38.7407922772	38.6980119641	38.6060124716	38.5662971585	38.5253756004	38.4107771574	37.8432577908
PD_179P_1_bbduk_polyg_filt	38.7177163656	39.2309277238	39.1921211816	39.1898854495	39.1860464527	39.1118108742	39.0342492276	39.0204834644	39.0693095058	39.0173942999	39.364265742	39.4434594875	39.3165449608	39.2827044099	39.3036185751	39.3575421726	39.2273409894	39.25058623	39.043759981	38.9482699477	38.9669633324	39.0528124188	39.2680165078	39.2512842035	39.2485059136	39.2155284102	39.2159753783	39.2022085208	39.1821475592	39.1908129061	39.1693520375	39.1395984998	39.1054521384	39.0396249521	39.0311137381	39.0074008344	38.9346945366	38.3827149014
PD_179P_2_bbduk_polyg_filt	37.8064150152	38.8628259552	39.1244435574	39.0685386636	39.2399155696	39.1904845909	39.2882323046	39.2973549029	39.3440951787	39.3418979887	39.3938223231	39.4188057235	39.26753838	39.1738881562	39.2260320066	39.2091294084	39.2192401916	39.23530698	39.2675376539	39.2686776099	39.2804118717	39.2637745779	39.260962328	39.2018741113	39.2122719011	39.1491601943	39.178389712	39.1272610533	39.0683380968	39.0141000099	38.9660286418	38.8797485258	38.8431072166	38.7539675818	38.7212649753	38.683002121	38.5765640486	37.9871070775
PD_180S_1_bbduk_polyg_filt	38.6483374916	39.2096099195	39.1609741139	39.1608461985	39.1487069427	39.0678161263	39.0012543756	38.9984360013	39.041050465	38.9895590117	39.3428435466	39.4265144473	39.2936754096	39.2594855726	39.2841908642	39.3349088952	39.2032370219	39.2330493619	39.026904762	38.9267431461	38.9437995795	39.0264496779	39.2475782147	39.2336273808	39.2310099143	39.1958260132	39.198510437	39.1852151157	39.1668673051	39.1746816571	39.1552741915	39.1210532784	39.0878735117	39.0305228684	39.0200815492	38.9983229154	38.9235303128	38.3823034315
PD_180S_2_bbduk_polyg_filt	37.2005419038	38.6450201626	38.932126693	38.839389725	39.0586875414	39.0405853951	39.1871747449	39.1945760484	39.2568369615	39.2553865195	39.3287310051	39.3618937917	39.1736905985	39.0809012783	39.1391719088	39.1308145436	39.1471065601	39.1677190664	39.2060134378	39.2091413796	39.2257981907	39.2126425581	39.2114424366	39.1595189014	39.171228548	39.1127665982	39.144013669	39.0915120448	39.0320620183	38.9756428696	38.9264637936	38.8364827618	38.7943150524	38.7019159551	38.6664005894	38.6294216921	38.5163542731	37.9353779123
PD_181P_1_bbduk_polyg_filt	38.6925337158	39.2390649696	39.1930626268	39.1982504428	39.2075479942	39.1438037973	39.0559581034	39.0515329679	39.0977664982	39.0541030421	39.3844145454	39.4598539705	39.3348871888	39.3005384445	39.3186781635	39.3666386885	39.2427401361	39.2694663323	39.0665226008	38.977120755	38.9990032792	39.0774276041	39.2790400959	39.2568300082	39.2527247056	39.2157387997	39.214687918	39.197891148	39.1784469108	39.1813412629	39.1569443483	39.124111974	39.0853873061	39.0249440901	39.0150600482	38.9895051698	38.9136350902	38.3443897559
PD_181P_2_bbduk_polyg_filt	38.0366118397	39.0390877706	39.2163076971	39.1886597361	39.3147467047	39.2515641901	39.3487837034	39.3528568937	39.3961564877	39.3879880212	39.4333814908	39.4524894963	39.3094672081	39.2123361975	39.2609635911	39.2423228863	39.2488587401	39.2567834503	39.2902253989	39.2866808234	39.2956228314	39.276219757	39.2692698008	39.2075865645	39.2133091923	39.1473628731	39.1760881372	39.1225346659	39.0618467825	39.005810202	38.9597706585	38.8713865916	38.8319063695	38.7447611617	38.7081313134	38.6700788155	38.5630790137	37.9314814411
PD_182S_1_bbduk_polyg_filt	38.6428824877	39.2146704945	39.1240927712	39.1477694268	39.1599625819	39.0939647108	38.9411309313	38.9284216638	38.9658398116	38.968188123	39.3164220509	39.4023160543	39.2561917358	39.2168123609	39.251095126	39.2843327635	39.1585432728	39.209175841	39.001606788	38.900589578	38.9334774953	39.0110966774	39.2454465609	39.2234653421	39.2101161489	39.1737198952	39.1886615796	39.1807776942	39.1502721895	39.1664154333	39.138090769	39.0954954057	39.0601127721	38.9897691826	38.9801077396	38.9569541201	38.8926455325	38.3455052416
PD_182S_2_bbduk_polyg_filt	37.0230637721	37.7663946324	37.9054224057	38.0035482726	38.1847682333	38.0954807909	38.1439308409	38.197864585	38.2337989097	38.3009580336	38.3605432083	38.3946711396	37.9223896003	37.7615947873	37.8230895778	37.7995419503	37.8191155124	37.8543368038	37.899275049	37.9092919446	37.9585473768	37.9467556001	37.9540646376	37.9160263218	37.9268459553	37.8977189171	37.9259888939	37.8862913916	37.8408360899	37.7971552452	37.7732188779	37.7060272671	37.6598451568	37.6074999824	37.6073508415	37.6751247556	37.6374732196	36.9492791907
PD_183P_1_bbduk_polyg_filt	38.5794564995	39.1640205832	39.1186695798	39.1143694846	39.1187419952	39.0476668593	38.9727675009	38.9579959097	39.0026095405	38.9470950938	39.303328838	39.3862079132	39.2339096009	39.1909064655	39.2124317693	39.2641803856	39.1280246143	39.1427398675	38.9166184527	38.8090886391	38.8364913535	38.9412672942	39.1453743322	39.1210119546	39.1160600819	39.0773506761	39.0793534359	39.0624595336	39.0401788569	39.0475869945	39.0224569478	38.9885146861	38.9481212688	38.8844192575	38.8710863566	38.8434599524	38.7618501488	38.165104525
PD_183P_2_bbduk_polyg_filt	37.8379119308	38.8233412061	39.0474312219	39.0407414187	39.1781461831	39.1317629729	39.245115481	39.2510782566	39.3013632773	39.2965185724	39.3529094753	39.3770004681	39.2081588012	39.1105022726	39.1588139163	39.1400892491	39.1495218716	39.1624092887	39.1951717448	39.1953191405	39.2062900959	39.1891986435	39.1842389169	39.12005061	39.126781272	39.0621551448	39.0888505845	39.0331459264	38.9692101851	38.9147102577	38.8611354504	38.7710908296	38.7303617991	38.6400552356	38.6040339202	38.5617239457	38.4506379054	37.8368193989
PD_184S_1_bbduk_polyg_filt	38.6220029831	39.1703455621	39.1131168038	39.1206741885	39.1086344749	39.037397071	38.9715694104	38.9587559831	39.0014024537	38.9580165525	39.3130763988	39.3957015127	39.2491379541	39.2095197518	39.2342174206	39.2858792962	39.1535857264	39.1858010253	38.9852154632	38.8730264834	38.8909891528	38.9811267862	39.1989262041	39.1836863516	39.1830525387	39.149935628	39.1522265347	39.1404266509	39.1215428462	39.1302974327	39.1108452554	39.0806656809	39.0449898007	38.9882730904	38.9807444016	38.9584334603	38.8808813824	38.3220448724
PD_184S_2_bbduk_polyg_filt	37.7531095408	38.897886342	39.1233293028	39.1155661155	39.2497056567	39.1972447458	39.3020253713	39.3040922548	39.34997165	39.3400449822	39.3951926853	39.4213286799	39.2676674839	39.173356741	39.2233960584	39.207024903	39.2150994515	39.2292875518	39.2621331098	39.2621547094	39.2743410144	39.2575421996	39.2498763629	39.193091944	39.2001855019	39.1378268373	39.167898994	39.1144030402	39.0556173587	39.0023390507	38.9541707965	38.870313177	38.8313762698	38.7459680762	38.7122848415	38.6744763265	38.569869826	37.9366252
PD_188S_1_bbduk_polyg_filt	38.785539878	39.294709162	39.2502280577	39.2406673125	39.2554024171	39.1760241888	39.1018819434	39.1027173973	39.129828737	39.0804872505	39.4161920473	39.4916972848	39.3808051675	39.350733674	39.3680466642	39.4223002563	39.298423952	39.326868614	39.1218833773	39.046315577	39.0676579083	39.1502795627	39.3467201652	39.3298715134	39.327274374	39.2915359882	39.2953090285	39.2829943519	39.2643695152	39.2714528922	39.2547192155	39.2233098336	39.1907543909	39.1362975183	39.1306901246	39.1082311796	39.0364485286	38.5055484074
PD_188S_2_bbduk_polyg_filt	37.9972087554	38.9268073637	39.2385428147	39.2223226832	39.3538849619	39.3136488123	39.4004511653	39.4008269681	39.4432300448	39.4339988342	39.4839915101	39.504886749	39.3809338698	39.2862964336	39.3414165945	39.3271225531	39.3325545192	39.3459608034	39.3789815816	39.3754044537	39.3865847635	39.3667120488	39.3624242252	39.305678013	39.313588981	39.248947415	39.2808257419	39.2283367551	39.1723375619	39.119193189	39.0730548888	38.9868940847	38.9520837946	38.8672403338	38.83235105	38.792278245	38.6923609127	38.1027378045
PD_189P_1_bbduk_polyg_filt	38.6388141589	39.1995490198	39.1487605931	39.1627411524	39.1473207061	39.0714777272	39.0167110293	39.0104104434	39.0470895334	38.9968577016	39.3485351462	39.4252366987	39.290874673	39.2518537357	39.2723661617	39.3234316759	39.189583377	39.2156990721	39.0095644469	38.9029447459	38.9226824254	39.0103398293	39.2235512841	39.2049944259	39.2031244172	39.1685094416	39.1696750982	39.157235286	39.1369778622	39.1453766232	39.1240570713	39.0925021172	39.0595265437	38.9987968821	38.9887128353	38.9661185208	38.8902692928	38.3346524412
PD_189P_2_bbduk_polyg_filt	37.93115724	38.9801010816	39.15494623	39.0579975848	39.2438164697	39.1901275264	39.2897251834	39.2914131181	39.3458781831	39.3352866302	39.3911041172	39.4190828672	39.2687747413	39.1760028054	39.2218956164	39.2037850187	39.2092571078	39.2229558156	39.2550788814	39.2540638655	39.2656496201	39.2468399307	39.2452180686	39.1858792822	39.198274872	39.1378593917	39.1667015	39.1159461995	39.0562199469	39.0018534669	38.9549779505	38.8694133571	38.826578953	38.7379874468	38.7061620254	38.6656241646	38.5556120106	37.9996917816
PD_190S_1_bbduk_polyg_filt	38.7399914038	39.248949479	39.1946648494	39.184269902	39.1913517842	39.1093467182	39.0313076446	39.0211902993	39.0698415938	39.0145420299	39.3711667334	39.4546964494	39.3303483172	39.2953208035	39.3180322935	39.3706397217	39.2407737923	39.2754593708	39.0733486976	38.9748789094	38.9999091299	39.0835552391	39.2892196477	39.2704534036	39.2658864719	39.2293677402	39.2317528976	39.215411184	39.1973005456	39.2033054652	39.1812955045	39.1499019371	39.1151689709	39.0564997045	39.0476153663	39.0242942116	38.9511630649	38.4016176266
PD_190S_2_bbduk_polyg_filt	37.8820718289	38.8677325091	39.0877741754	39.0341052865	39.1863151641	39.1307618666	39.2289309895	39.2316750135	39.2918999837	39.2991657233	39.3618657633	39.391379285	39.2272835373	39.1337124059	39.1878994855	39.1733261497	39.1829107755	39.2025615655	39.2371262946	39.2378455893	39.2517463696	39.2370256723	39.235092017	39.1789468136	39.1879054437	39.124653289	39.1522050714	39.1005598853	39.041169223	38.9869782382	38.9356087093	38.8506939355	38.809742257	38.7179454165	38.6802530583	38.6457663672	38.5416527004	37.948619725
PD_192S_1_bbduk_polyg_filt	38.4319676277	39.1967627719	39.0753667172	39.0875063227	39.0915528579	38.8831562974	38.9114820435	38.951947395	38.8163884674	38.9272635306	39.0964087001	39.2756702074	39.0450177036	38.8835609509	38.898533131	38.9786545271	38.8224582701	38.9335036371	38.6822156177	38.6820865434	38.6356082435	38.7842790457	39.0433959095	38.97929826	39.0686841973	38.960940551	38.8992286551	38.913399429	38.9604264293	38.9965208687	38.8714943168	38.8526749089	38.8246504086	38.7377330949	38.7626679049	38.6986330012	38.7086021622	38.1221034453
PD_192S_2_bbduk_polyg_filt	37.6428932726	38.3712696004	38.5796661608	38.5614567527	38.8791097623	38.8022255943	38.7536671725	38.9155285787	38.9843196763	38.8791097623	38.9256449165	38.8633282752	38.7204855842	38.5622660597	38.5092564492	38.4121396055	38.5226100152	38.598488393	38.5251615077	38.5910077783	38.6190362867	38.5247968111	38.544217394	38.4828155481	38.5122427772	38.4907329018	38.4369222063	38.3889845188	38.376274649	38.2339573583	38.2064138631	38.1217390642	38.1127358024	38.0936075553	38.0382299731	37.9258328316	37.8516829576	37.3000563596
PD_193P_1_bbduk_polyg_filt	38.6323719316	39.2060065521	39.1582955301	39.1623179977	39.1458996829	39.0759808324	39.0091428052	38.9957171564	39.037609019	38.9883701458	39.3454677513	39.4280477009	39.293710545	39.2574357822	39.2802360586	39.3347086646	39.2037299103	39.2350530805	39.027522656	38.9275390858	38.9514541244	39.0432706123	39.2539400049	39.2381916337	39.2380056445	39.2025063978	39.2093357702	39.196375296	39.1798671981	39.1892101509	39.1714515707	39.1411258041	39.1074299086	39.0499312447	39.0453017772	39.022507502	38.950604534	38.4085212838
PD_193P_2_bbduk_polyg_filt	37.3761176907	38.9172314485	39.0989703739	39.0329312231	39.2023109685	39.1484367397	39.2738088481	39.2770932913	39.3313037659	39.32135557	39.3819840494	39.4112890835	39.2520918919	39.157452341	39.2108110449	39.1943126864	39.2056685899	39.2188474974	39.2543298504	39.2549146274	39.2692428411	39.2508190233	39.2478121179	39.1875945772	39.1979967161	39.1352979166	39.166732733	39.1149851448	39.057775602	39.0009417072	38.9553951401	38.8659645358	38.8277016218	38.7397982262	38.7045302589	38.6680440858	38.5573126296	37.9738004201
PD_194S_1_bbduk_polyg_filt	38.879407714	39.3500550707	39.3094293294	39.2982073751	39.311150137	39.2410428807	39.1552389226	39.1421417847	39.1828484926	39.1305048503	39.461245367	39.532974112	39.4396245098	39.412744286	39.428556284	39.4799831698	39.3568417891	39.3910725764	39.1952469958	39.1233808296	39.1454019715	39.2231336465	39.4112150843	39.3919887992	39.3886861522	39.3490212229	39.3510410199	39.3354897426	39.3136004008	39.3207326166	39.2962866047	39.2634493543	39.228842684	39.171785259	39.1614766086	39.1405509939	39.0657840276	38.5367219113
PD_194S_2_bbduk_polyg_filt	38.1278422946	39.0729521485	39.2963688962	39.2644896939	39.3954157318	39.324696369	39.4110185124	39.4086586094	39.4568962795	39.4540885779	39.4987572455	39.5143975945	39.4012135796	39.3084819136	39.3574247477	39.3403732069	39.3442794617	39.3582734423	39.3907782603	39.3897714207	39.4006513619	39.3803266429	39.3788652328	39.3168981776	39.3297314835	39.2657829244	39.2993854646	39.2471408582	39.1880988558	39.1319741518	39.0860044163	38.998657004	38.9597925573	38.8685990572	38.8362415945	38.7958466441	38.687345402	38.1479186284
PD_195_1_bbduk_polyg_filt	38.694984196	39.2402190307	39.1953159474	39.1874222931	39.198266986	39.1223676689	39.0542879275	39.0350694933	39.0700830714	39.0108951947	39.3639312991	39.4440016739	39.3176541985	39.2805098608	39.2971392448	39.3467634201	39.2154305913	39.2337751531	39.0068657729	38.915335857	38.9469059881	39.0501246999	39.2333420761	39.2072283855	39.2005402927	39.1608014082	39.1617589884	39.1428948122	39.1208619382	39.1235168437	39.1007580904	39.0644553937	39.0222255115	38.9585169898	38.9448128882	38.9194498772	38.836402309	38.2459154897
PD_195_2_bbduk_polyg_filt	38.055442914	39.0416446894	39.2480906039	39.2460733842	39.3775196104	39.3118331805	39.4117639098	39.4160291329	39.4557723505	39.4423585515	39.4845782768	39.5016509932	39.3805360377	39.2884479624	39.3305689635	39.30685495	39.3107418019	39.3190715192	39.347588845	39.3428690582	39.3486754051	39.3270925788	39.3177628242	39.2524787958	39.2574102058	39.1925384851	39.2197054675	39.1630149557	39.1041447905	39.0471240007	38.998959655	38.912392619	38.8715269548	38.786931918	38.7503322053	38.7078105838	38.6029242078	37.9770747865
PD_196_1_bbduk_polyg_filt	38.6198231643	39.1940754387	39.1366926586	39.1367126695	39.1264519274	39.048323905	38.9905621305	38.9765435834	39.0231714128	38.9676800875	39.3263057872	39.4100315263	39.2667956662	39.2282824399	39.2505909583	39.3038729587	39.1714826442	39.1967011402	38.98568422	38.8813189971	38.9041171945	38.9965797642	39.2090518149	39.1907438084	39.188214103	39.1520855346	39.1558915536	39.1391746243	39.1218399585	39.1285394935	39.1074841066	39.0737660983	39.0405953969	38.9811322208	38.9707197948	38.9505336997	38.8718377723	38.3098075308
PD_196_2_bbduk_polyg_filt	37.6369955509	38.7562314255	39.0134564226	39.008605901	39.1602006184	39.1039135869	39.2150735461	39.2296566432	39.2854258169	39.2830462173	39.344830062	39.3761319652	39.1984967567	39.1041653604	39.158636736	39.1443295468	39.1569704948	39.1738745579	39.2087454416	39.2096709821	39.223602627	39.2059695859	39.2011081318	39.1438064829	39.15467289	39.0935275478	39.1196734215	39.0659250899	39.0054760649	38.9489586438	38.898900026	38.8071377995	38.7676961732	38.6755939047	38.6416785191	38.5989518891	38.4873782687	37.9128728695
PD_197_1_bbduk_polyg_filt	38.5853924829	39.1736629496	39.1289648197	39.122770102	39.1272373767	39.0482681424	38.9790246583	38.9652595053	39.005271348	38.9459749474	39.3135267956	39.4003849761	39.2522102585	39.2102347005	39.2323655507	39.2841283566	39.148961966	39.1666456432	38.9419017828	38.8358274264	38.8638058325	38.9653903683	39.1728281258	39.1469708832	39.1407024982	39.1023042418	39.1009818944	39.0827595965	39.0623775049	39.0693218745	39.0447853992	39.0094755574	38.969192963	38.9041426067	38.8929588175	38.8670266464	38.7845207864	38.2043792521
PD_197_2_bbduk_polyg_filt	37.6149618895	38.7017838459	38.955554786	38.9393949997	39.0971492659	39.0486213181	39.1575938141	39.1684443604	39.2325918153	39.2346676476	39.2984168189	39.3291619672	39.1345101871	39.0359014785	39.0908647676	39.0777888513	39.0922161182	39.108179703	39.1436850115	39.1458405449	39.1602728146	39.1440597562	39.1425866934	39.0811800976	39.0878656117	39.0256307238	39.0496250673	38.9951797348	38.9291277822	38.8698360106	38.8162754837	38.7245265862	38.6803903438	38.5839719907	38.5440888707	38.5060267207	38.3921511268	37.8039731801
PD_198_1_bbduk_polyg_filt	38.6384502456	39.1738352656	39.1206945938	39.1174206893	39.1116759133	39.0318040001	38.9626315577	38.9475711982	38.9906739551	38.9410253817	39.3020067361	39.3885139353	39.2370722366	39.1982297402	39.2235157212	39.2749365469	39.1427365598	39.1660471231	38.953899623	38.8442683775	38.8667430003	38.9636878906	39.1774026972	39.1588578988	39.1555190768	39.1190225512	39.1223953039	39.1060620849	39.0893932927	39.0957184976	39.0777596132	39.0424177585	39.0078463154	38.9470011492	38.9383483582	38.9130159949	38.8373234601	38.2704143947
PD_198_2_bbduk_polyg_filt	37.4678858956	38.6808715202	38.989259182	38.966298012	39.1378561903	39.0897010993	39.1930672132	39.2050240387	39.2604791597	39.2579431291	39.3189461534	39.3512464201	39.1660761317	39.0680951226	39.1208332814	39.1042814322	39.1168244919	39.1326051809	39.1710761993	39.1719731573	39.1896051948	39.1719406221	39.1682729582	39.1113021541	39.1211344912	39.0609307255	39.0885904495	39.0367998322	38.9771298252	38.9250837448	38.8761110964	38.7862725235	38.7499542623	38.6600005318	38.6267267078	38.5854431483	38.4750965646	37.8849694007
PD_199P_1_bbduk_polyg_filt	40.0	40.0	40.0	40.0	40.0	40.0	40.0	40.0	40.0	40.0	40.0	40.0	40.0	40.0	40.0	40.0	40.0	40.0	40.0	40.0	36.8	40.0	40.0	40.0	40.0	40.0	40.0	40.0	40.0	40.0	40.0	40.0	40.0	40.0	40.0	40.0	40.0	40.0
PD_199P_2_bbduk_polyg_filt	9.0	9.0	9.0	9.0	9.0	9.0	9.0	9.0	9.0	9.0	9.0	9.0	9.0	9.0	9.0	9.0	9.0	9.0	9.0	9.0	9.0	9.0	9.0	9.0	9.0	9.0	9.0	9.0	9.0	9.0	9.0	9.0	9.0	9.0	9.0	9.0	9.0	9.0
PD_1P_1_bbduk_polyg_filt	38.6321303523	39.2412585831	39.2006447197	39.1975090191	39.231967997	39.1692723831	39.0932909244	39.0683341003	39.1089081032	39.0584165785	39.3923051155	39.4639975736	39.340426442	39.3009391004	39.3177202087	39.3643360565	39.2354863594	39.245654398	39.0166318026	38.9318728077	38.968160213	39.0769576149	39.2441048011	39.2127547429	39.2048933303	39.1637856875	39.1602917947	39.1413205396	39.1195907557	39.1234266919	39.0962563866	39.054463221	39.0134563191	38.9475594616	38.9335873326	38.9026001901	38.8184069411	38.2060731104
PD_1P_2_bbduk_polyg_filt	38.131998378	39.0855702327	39.238895565	39.2297838406	39.3431780499	39.2696362644	39.3800736348	39.3861109826	39.4219425961	39.4162950645	39.4602674391	39.4753568226	39.3480896935	39.2528187705	39.2938868404	39.2745505653	39.2786079656	39.2843902168	39.3109903376	39.3046839206	39.3123548775	39.2899404836	39.2818821327	39.2107881365	39.2108996741	39.144129878	39.1707894731	39.1158222589	39.0522116449	38.9901727635	38.9401307466	38.8466711057	38.8010504953	38.7145030445	38.6753207066	38.6328857308	38.5189689374	37.8930319154
PD_200S_1_bbduk_polyg_filt	38.6729189198	39.2241449272	39.1701506302	39.1664263696	39.1691221074	39.0962726089	39.0293658617	39.0183316864	39.0599608712	39.0081798671	39.3567492379	39.4360532288	39.3014373921	39.2621528612	39.2850063859	39.3334833591	39.2016835958	39.2302494959	39.0202001601	38.9206344476	38.9456407644	39.0358257418	39.2355041515	39.2127171633	39.2079713331	39.1728066173	39.1728403919	39.1559854056	39.1356633844	39.1433300703	39.1229085919	39.0868985618	39.0495173244	38.9917701584	38.9796217404	38.9567919739	38.878649971	38.315436604
PD_200S_2_bbduk_polyg_filt	37.598525259	38.8347569042	39.0323624385	39.008285082	39.1565994878	39.1135858136	39.2387970457	39.243515965	39.298423017	39.2942465529	39.3567911349	39.3842755323	39.2185664904	39.1209215596	39.1733848855	39.1582185056	39.1667552448	39.1825881715	39.2135276373	39.2137441269	39.225901262	39.208594372	39.2064122218	39.146775662	39.1556257652	39.0910252227	39.121338751	39.0667133703	39.0065562686	38.9488103938	38.8980327133	38.8091142633	38.7699123447	38.6761824162	38.6417356133	38.6010469744	38.4935723434	37.8857782415
PD_203_1_bbduk_polyg_filt	38.795624517	39.2890509168	39.2402529141	39.2207500958	39.2186876828	39.1403059762	39.0565607215	39.0429502518	39.0784618003	39.0188202015	39.3757068497	39.4576691092	39.340316716	39.3069944562	39.3268961048	39.3780834485	39.2481585273	39.268620256	39.0485145597	38.9629259375	38.9867922141	39.0798454528	39.2770109545	39.254896622	39.2488546311	39.208846781	39.2111590155	39.1901299416	39.1728673617	39.1767623719	39.1542798046	39.1168276328	39.0802947849	39.0025448846	38.9862530119	38.9604148195	38.8847135996	38.3186494576
PD_203_2_bbduk_polyg_filt	38.15557657	39.0821233571	39.2652084757	39.2236889888	39.349926687	39.29683912	39.3973976826	39.4015197781	39.4414838088	39.4306758908	39.4768564675	39.4970096831	39.3800115226	39.2911062307	39.3353949576	39.3157239425	39.3191297454	39.3284999237	39.358900686	39.3572051225	39.3671513656	39.3466246805	39.3415713517	39.2802936511	39.2887300406	39.2269917091	39.2549415326	39.1999040778	39.1409048758	39.0854580581	39.0356212774	38.9524430952	38.9113371578	38.8229031585	38.790888083	38.7505383106	38.6436148651	38.0513207103
PD_204_1_bbduk_polyg_filt	38.6930176586	39.2341295624	39.1830402418	39.1777806613	39.1717425429	39.0902752567	39.0225799395	39.0086327761	39.059391382	38.9897498139	39.3492313695	39.4319458153	39.2994943252	39.2641408376	39.284673438	39.3391358605	39.2125041983	39.2267311418	39.0094176165	38.9129413262	38.9367760285	39.0250208181	39.2359407482	39.213153463	39.2078401549	39.1692070651	39.1686184913	39.1499066422	39.1278926777	39.1334519297	39.1112487146	39.0730774531	39.0348189708	38.9409542159	38.922284631	38.8957989665	38.8125430242	38.2488242153
PD_204_2_bbduk_polyg_filt	37.925706317	38.9670517353	39.159902397	39.0988635315	39.258238003	39.2047025184	39.3042916547	39.3084316772	39.354819791	39.3506106276	39.4014854052	39.4243275742	39.2798624302	39.1830895211	39.2308713206	39.2133114044	39.2209202767	39.2325992183	39.264950744	39.2618512498	39.274092434	39.2539157066	39.2501820206	39.189004405	39.1962430269	39.1349844433	39.1635858227	39.1067283482	39.0415599216	38.984994646	38.9331203081	38.8429547017	38.7992192223	38.7066681222	38.6716900518	38.6295836064	38.5140472972	37.9338680613
PD_205P_1_bbduk_polyg_filt	38.9667369859	39.3831771317	39.3423941686	39.3150103549	39.3348584832	39.2621132877	39.1667895397	39.1569699894	39.2043622652	39.1426458926	39.4715742249	39.5436771354	39.4575878978	39.4332297597	39.4527256289	39.5031383546	39.3860745403	39.424539472	39.2450063394	39.17302253	39.187669577	39.2463248577	39.4459729357	39.430287903	39.4267428346	39.3910034897	39.3895755908	39.374185688	39.3531070438	39.3609690872	39.3381776343	39.3074719749	39.2732005242	39.2160760137	39.2086787268	39.185440888	39.1157130266	38.5836784729
PD_205P_2_bbduk_polyg_filt	37.9940682458	39.0815608786	39.2773948738	39.2460561613	39.3720808498	39.3160828094	39.4021452059	39.4061618628	39.4471110979	39.4407519058	39.4834899903	39.5022031933	39.3738314566	39.2836260364	39.3343677432	39.316619393	39.3237180205	39.3360060197	39.3705814652	39.3697898111	39.3822637375	39.3674125979	39.3658555556	39.3140546515	39.3299929452	39.2707035094	39.3036448315	39.2574776372	39.2005362669	39.1503924196	39.1100595866	39.0258481199	38.9940732677	38.9118549911	38.8778493902	38.8469273376	38.7474782702	38.1376423631
PD_206S_1_bbduk_polyg_filt	38.6125925109	39.1899573024	39.1381275164	39.1300588809	39.1289053488	39.0508609544	38.9803554503	38.967621268	39.0187575817	38.9606838382	39.3209961105	39.4057423571	39.2612566802	39.22280083	39.2458250596	39.2982594182	39.1653040555	39.1849720914	38.9664991361	38.8613463367	38.8876033375	38.9856882994	39.1963007131	39.1755260001	39.1719357672	39.1352836895	39.1361447191	39.1212899198	39.1009041494	39.1073700934	39.0856623436	39.0514039536	39.0148120232	38.9554399637	38.9419012605	38.9186109026	38.8417020971	38.2735638422
PD_206S_2_bbduk_polyg_filt	37.6892824354	38.6452222461	38.9840914057	38.9848674182	39.1355789209	39.0935734394	39.2052948814	39.2109928562	39.267529459	39.2692319506	39.3305537157	39.3576676055	39.17808262	39.0817451689	39.1364213714	39.1219192067	39.1355362977	39.15086797	39.185294454	39.1865474114	39.1996635114	39.1837447029	39.1808214482	39.1226757851	39.1293801136	39.066948596	39.0925884008	39.0369930464	38.9749340628	38.9164266403	38.8638430661	38.7702740782	38.7301107635	38.6361171699	38.5963489306	38.5567619351	38.4457462578	37.8406017544
PD_207P_1_bbduk_polyg_filt	38.550091685	39.1468123959	39.1031218695	39.1097979877	39.1150766013	39.0532208053	38.9710244869	38.9633607275	39.0003949801	38.9568665673	39.3084958126	39.3881045724	39.2294158301	39.186565333	39.2072398522	39.2564683434	39.1230879432	39.1427959023	38.9226128021	38.8140729886	38.8415735401	38.9411653255	39.1400557091	39.1143951335	39.1072150186	39.0680214821	39.0687900352	39.0497032179	39.0298359472	39.0340214214	39.0099866603	38.9726932328	38.9328656448	38.869403651	38.8547542664	38.8262843106	38.7410534849	38.1470932666
PD_207P_2_bbduk_polyg_filt	37.4791444769	38.6909442696	39.0223261086	39.0417927137	39.1887222679	39.1241569464	39.2152321128	39.2316831305	39.2840181882	39.2878177825	39.3391178777	39.3651894664	39.1940193521	39.0906113415	39.138551625	39.1186637078	39.1273880747	39.1374647533	39.1694733279	39.1665144852	39.1751530094	39.1538230589	39.1479229362	39.0828304911	39.0838675963	39.0189816215	39.0443240701	38.9858062248	38.9231918464	38.8622813962	38.8129215073	38.7191140449	38.6792760034	38.5862929824	38.5503116252	38.5097709491	38.3908431953	37.7651940465
PD_208S_1_bbduk_polyg_filt	38.76852745	39.287457426	39.2436879188	39.2315869489	39.2415674013	39.1628648504	39.0889193466	39.0680938782	39.1124903887	39.0569649582	39.4056929275	39.4819275777	39.3707197711	39.3397261388	39.3594060604	39.4108347445	39.2793044352	39.3136935567	39.1063979356	39.0195579056	39.0415199568	39.1251908671	39.3295369631	39.3095943953	39.3075590329	39.2725701159	39.2783772828	39.2631487016	39.2455057383	39.2519851871	39.2336546633	39.2025963236	39.1696735384	39.1121380816	39.1068536341	39.0868763485	39.0148063823	38.4870826401
PD_208S_2_bbduk_polyg_filt	37.8701776907	38.9497791249	39.1852169356	39.1598028542	39.3032960758	39.2408430372	39.3503096438	39.3549936703	39.405720578	39.3954862087	39.4455646937	39.4730788469	39.3372142309	39.2432519373	39.2975798304	39.2829696787	39.2922904145	39.3046206286	39.3386424189	39.3372112901	39.3474215423	39.3309581391	39.3267138355	39.2679182278	39.2819642302	39.2203639241	39.2497368511	39.1953329141	39.1369805318	39.0814721773	39.0353462375	38.9453450342	38.9093327644	38.8173758622	38.7833397024	38.7462602597	38.6403873442	38.0706754451
PD_209P_1_bbduk_polyg_filt	38.7155805272	39.2452088295	39.2019416317	39.2062865108	39.2092401687	39.1340215813	39.0579943514	39.0454963387	39.0890800263	39.0416993502	39.376885792	39.4540384509	39.3282385637	39.2928088991	39.3128706479	39.3654020292	39.2393780048	39.2686188324	39.0661897562	38.9768265375	38.9963807162	39.0789158173	39.2868456992	39.2703183991	39.2686961171	39.2330215741	39.2356995505	39.2230651523	39.2058487282	39.211925718	39.1907379308	39.1594227693	39.1258655544	39.0681397413	39.0598408931	39.0367239533	38.9625145185	38.4094624047
PD_209P_2_bbduk_polyg_filt	38.1016147281	39.0238134504	39.2217107572	39.1713592274	39.3103523673	39.2475991801	39.3445695868	39.3416566945	39.3895904496	39.379108188	39.430641181	39.4547759389	39.3106827916	39.2181559909	39.2683143656	39.2530883144	39.2619245324	39.2760493609	39.3102575679	39.3115051989	39.3228741497	39.3060643455	39.2997240365	39.2440508709	39.2546103549	39.192855797	39.2259437189	39.1755831752	39.1170993879	39.0659310734	39.0197403675	38.9369375893	38.899180498	38.8172576646	38.7828939419	38.7467640794	38.6435471691	38.0403303713
PD_210S_1_bbduk_polyg_filt	38.6909253881	39.2248765308	39.1783150131	39.1831756978	39.1746396503	39.1021879354	39.0252640099	39.0139645186	39.0650008425	39.0146077071	39.363550359	39.4445253165	39.3159158223	39.2802412692	39.3027416191	39.356403301	39.2239062973	39.2586883726	39.0568015462	38.9583069592	38.9772249779	39.0558095856	39.2760872463	39.2602569025	39.2600292051	39.2230618735	39.2282888533	39.2138039927	39.1963566731	39.2035775321	39.1850825199	39.1539246331	39.1223776765	39.0674084862	39.0568201973	39.0381834452	38.9665200341	38.4364508253
PD_210S_2_bbduk_polyg_filt	37.5926823249	38.7609848294	38.9953238189	38.9631799675	39.1227242848	39.0753581327	39.1840971341	39.1887242152	39.2460237103	39.2518622422	39.3177571375	39.3499579189	39.1671908111	39.0713024286	39.1317605901	39.1196794786	39.1350035268	39.1530481656	39.1914693593	39.1961221237	39.2131436092	39.1989928235	39.1990257283	39.1449305996	39.1559737191	39.0974790333	39.1266883795	39.0742189578	39.0121339981	38.9601948562	38.9089957466	38.8224259423	38.7802206211	38.6847891915	38.6532982634	38.6143237892	38.5103212354	37.9497758465
PD_211P_1_bbduk_polyg_filt	38.7237000649	39.2025210863	39.0833256094	39.162572991	39.1735100565	39.1145611271	38.8990638613	38.9234405413	38.9556956159	38.9613495227	39.3023820558	39.4066734637	39.2396514969	39.1891000093	39.237983131	39.273927148	39.1423301511	39.2030486134	38.9944782966	38.8874344755	38.9206975631	38.9839994974	39.2241090186	39.2097480532	39.2048845424	39.1830437191	39.1744124085	39.1580690109	39.1277448132	39.1450086377	39.1235056025	39.083482121	39.0292299678	38.9839218209	38.9811810762	38.9548388906	38.8866093911	38.3388866387
PD_211P_2_bbduk_polyg_filt	36.6016312911	37.3074427658	37.3472981741	37.5674297896	37.7188803411	37.673463713	37.8157382519	37.7863564742	37.8583742701	37.9143016035	37.9683937344	37.9722495134	37.3778107332	37.1827416813	37.2419130596	37.2320697006	37.2522754658	37.2821768822	37.3399067262	37.3366409449	37.3681234872	37.3768952324	37.3953109233	37.3355192548	37.3639308692	37.3311788022	37.3712822726	37.3379811801	37.2874831389	37.2511805285	37.1830174768	37.1192735614	37.0846788945	37.0287593313	37.0774663301	37.1269519437	37.1476164507	36.3704936254
PD_212S_1_bbduk_polyg_filt	38.5322361021	39.1169261737	39.0579598603	39.1209519863	39.070984548	38.9978094843	38.846723107	38.8273044817	38.8891125451	38.8982061453	39.2580664259	39.3550174649	39.1769344621	39.1574684743	39.1599313244	39.2482150258	39.0842934107	39.1540617648	38.9527520713	38.8402345728	38.8338293005	38.9148916341	39.1689142142	39.1737309258	39.1321601846	39.1121430255	39.1260917241	39.1095108015	39.1272651972	39.1257064413	39.1055210917	39.0793703096	39.0183096695	38.9811817702	38.9701946766	38.9525698948	38.8678709246	38.3660495198
PD_212S_2_bbduk_polyg_filt	37.5407021491	38.0595583447	38.2234325972	38.3413652241	38.5021609141	38.4341957255	38.5132911018	38.4820318513	38.6042271032	38.622651116	38.6465691789	38.6911846545	38.3129003611	38.1611035463	38.2020247469	38.2153809721	38.2290687348	38.2313118663	38.2782356186	38.2906250685	38.3032006707	38.2885933707	38.2945301626	38.2149858483	38.2444884724	38.2020278457	38.2697204217	38.1993906305	38.1266609024	38.0584907183	37.9714737049	37.8745747998	37.9172470599	37.7692449841	37.7691416025	37.8282272872	37.7436597875	36.9514823999
PD_213S_1_bbduk_polyg_filt	38.6074706101	39.1573613044	39.1053201273	39.1031032809	39.0933287582	39.0222572859	38.9590211023	38.9453188034	38.9857407877	38.9295219157	39.2937400434	39.3792816729	39.221249303	39.1796375706	39.2036144997	39.2561641601	39.1218082766	39.1518438782	38.9392414778	38.8290485166	38.8500773131	38.9438206947	39.1597054385	39.1433473462	39.1399680955	39.1032734144	39.1057761694	39.0920102317	39.0717781227	39.0807342947	39.0571308536	39.024877485	38.9880806255	38.929028159	38.9189537778	38.8939377004	38.8118119702	38.2484411399
PD_213S_2_bbduk_polyg_filt	37.7673229959	38.8924157445	39.074375465	39.0425831056	39.1857898934	39.1359682644	39.2437122652	39.2502486522	39.2976366135	39.291675715	39.3509333281	39.3789704228	39.2066714782	39.109013115	39.1603720817	39.1427923956	39.152594612	39.169146512	39.2017638379	39.2024439057	39.213971541	39.1963998645	39.1912558956	39.1325367885	39.1434615613	39.0784510437	39.1058989155	39.0522543596	38.9930991182	38.9379380923	38.8881930836	38.8000248111	38.7627590906	38.6718295832	38.6364352683	38.5957025601	38.487913926	37.9020992541
PD_214S_1_bbduk_polyg_filt	38.7977682318	39.2658621887	39.226820054	39.2076713795	39.2097736947	39.1302033058	39.0438055704	39.033868765	39.0876711206	39.0237534871	39.3758774858	39.4581670762	39.3367756301	39.3051361305	39.3285462222	39.3832611346	39.2563957289	39.2916763722	39.0922986412	39.0024640281	39.020510059	39.1011131022	39.3163579142	39.3018907516	39.2989228885	39.2635613502	39.2658266117	39.2519416916	39.2325302082	39.2402043773	39.2201561199	39.1884707482	39.1546479976	39.0951574027	39.0857130818	39.0636800477	38.9926167047	38.451204481
PD_214S_2_bbduk_polyg_filt	37.8702510739	38.9039800297	39.1548235233	39.1243183765	39.2591737884	39.2002174809	39.2939897171	39.3012002442	39.3524627337	39.3461682154	39.4034324871	39.4316703093	39.2841754605	39.191860001	39.2449500204	39.2326278294	39.2449363847	39.2614336176	39.297511405	39.3000152485	39.3157683773	39.2996196646	39.2978383781	39.2443903629	39.2565469414	39.1955963177	39.2265014827	39.1765945805	39.1199304895	39.0639447221	39.0182961711	38.931315374	38.8959182594	38.8047630761	38.7724326799	38.7357809493	38.632529695	38.0474445767
PD_215S_1_bbduk_polyg_filt	38.7224062646	39.2374176655	39.1878636551	39.1797561947	39.1685662194	39.0934169982	39.0154525153	39.0056416835	39.048968403	38.997129878	39.3532910897	39.4364725881	39.3105969671	39.2759854003	39.3037082982	39.356160272	39.2258991158	39.2573399578	39.0563044101	38.9547664511	38.9776570691	39.0591002057	39.2790141583	39.2636312042	39.2622801732	39.2257488519	39.2289982756	39.2149303225	39.1961808246	39.2047522158	39.1846719834	39.1522843312	39.1171104205	39.0594921957	39.051348775	39.0306769416	38.9573811652	38.4121362929
PD_215S_2_bbduk_polyg_filt	37.7552543133	38.8079219691	39.0629959601	39.01757938	39.1606784352	39.1111537933	39.2315891985	39.2296514667	39.2918944192	39.2874380472	39.3554987765	39.3854017548	39.2179245183	39.126017177	39.1798981031	39.1675752097	39.1799791601	39.1969614712	39.2327052157	39.2353670825	39.2501170098	39.2356892064	39.2330831947	39.1803908866	39.191673613	39.1310814407	39.1612506387	39.1087422147	39.0519281326	38.9956212291	38.9484796995	38.8617382145	38.8225732584	38.7333424856	38.6992902827	38.6606790182	38.5564051767	37.9848970859
PD_216S_1_bbduk_polyg_filt	38.7307900922	39.2132827096	39.1674802628	39.1694087868	39.1501235461	39.1479539565	38.9671548243	38.9916229735	38.9394322907	38.9409510034	39.3234255409	39.3934309649	39.2524799614	39.2106792021	39.2130175375	39.2800096426	39.1634303622	39.1806564426	39.001410614	38.9277737489	38.9161799196	38.991083242	39.2361036892	39.21349155	39.2300164495	39.1894538608	39.1905906702	39.1608814229	39.1561450649	39.1589880619	39.1161926189	39.0871708479	39.0498195449	38.920480889	38.8851021945	38.8921914299	38.8077526778	38.2600325419
PD_216S_2_bbduk_polyg_filt	37.5953715422	38.1563309829	38.3249563069	38.3929367806	38.4756222503	38.4642921714	38.560356777	38.5798830832	38.6121858615	38.6331344543	38.6906767914	38.6875188332	38.3386729344	38.197022841	38.2316639547	38.2269872838	38.236533478	38.240777585	38.3142230161	38.3313835428	38.3497404661	38.3488457496	38.353343472	38.3203009858	38.3408758444	38.2969834069	38.3194779808	38.282844988	38.2446842317	38.2048882986	38.116295553	38.0359387442	38.0120464875	37.944052686	37.9616005677	37.99034474	37.9217910257	37.2216607339
PD_217P_1_bbduk_polyg_filt	38.5993930455	39.2098740315	39.0643405727	39.1175762508	39.0892290999	39.0159876575	38.833630029	38.8563484394	38.8965634166	38.9107641185	39.2754251225	39.3575504806	39.1987793093	39.1655087059	39.1902480376	39.2502788939	39.1193801604	39.1610668222	38.9664753709	38.828282697	38.8641985619	38.9222955898	39.1746129364	39.1537460383	39.1593404802	39.1322847019	39.1425403823	39.1085163347	39.0896012405	39.1023984529	39.095403377	39.0585227724	39.0074551522	38.9380559984	38.9410701834	38.9263976038	38.8447815214	38.3399603414
PD_217P_2_bbduk_polyg_filt	37.1372090263	37.819642948	37.9019039384	37.9868775749	38.1123374532	38.0683925877	38.1905972907	38.2293203126	38.2719088551	38.3241137277	38.378190326	38.4096298934	37.9300747673	37.7754268179	37.8167268535	37.8079514436	37.8201990404	37.8418807347	37.8881578437	37.9039440614	37.9370591834	37.912300499	37.9222881631	37.8625746628	37.9026029663	37.8389679851	37.8618513782	37.8207910111	37.7474441442	37.708562581	37.6283427551	37.5544851425	37.5018017785	37.4217234335	37.4426379895	37.4975289767	37.4151680656	36.7280146723
PD_218S_1_bbduk_polyg_filt	38.6844106464	39.4106463878	39.3498098859	39.0494296578	39.2433460076	39.0	39.0570342205	39.0608365019	39.0380228137	39.0836501901	39.4212927757	39.4904942966	39.3186311787	39.2501901141	39.366539924	39.3885931559	39.1551330798	39.2305287141	38.9818022079	38.805732637	38.8058686449	38.9424687867	39.1641317618	39.2460941166	39.2427979702	39.1972288435	39.0681822252	39.1650476203	39.0188512562	39.0838828754	39.135364705	39.0202726765	38.8458775793	38.8065035239	38.8578350707	38.916070301	38.7944839613	38.2230153274
PD_218S_2_bbduk_polyg_filt	37.9467680608	39.1901140684	39.4144486692	39.391634981	39.3954372624	39.1634980989	39.4068441065	39.2737642586	39.288973384	39.4015209125	39.4441064639	39.4798479087	39.3619771863	39.2646387833	39.3391634981	39.288973384	39.3847908745	39.3242424172	39.3917323016	39.3972037489	39.3519897607	39.3070040472	39.3284549788	39.1746764834	39.3407937111	39.2167958712	39.1601486864	39.1612191829	39.1172390382	39.1126419116	38.923634234	38.8416584111	38.88093772	38.7118586901	38.7688881818	38.7309586459	38.5112136283	37.7014105166
PD_221P_1_bbduk_polyg_filt	38.7945370958	39.2918776744	39.2416618884	39.2311596938	39.2449887669	39.1722732921	39.085943408	39.0761945767	39.1161154858	39.0600644399	39.4027159441	39.4805335575	39.3644914492	39.3309071172	39.3514580192	39.4016744581	39.2763794486	39.3074322631	39.1029188576	39.0194214994	39.0421507353	39.1254818867	39.3190053705	39.3007527757	39.2937097332	39.2563549385	39.2570999219	39.241070524	39.2204174974	39.2257934357	39.2000966058	39.1683666627	39.1320829156	39.0721509446	39.0627380064	39.037717249	38.9643160625	38.4040215164
PD_221P_2_bbduk_polyg_filt	38.1011792217	39.0159508151	39.2113265683	39.1510983147	39.2916205677	39.2359802395	39.3307236328	39.3345165681	39.3841732491	39.3801997678	39.4328702285	39.4555107954	39.3176758375	39.2247400264	39.2743384299	39.2564679668	39.2647384756	39.2780993786	39.3108306182	39.3093446483	39.3224847435	39.3036857852	39.299311942	39.2437949428	39.2541218666	39.1907437369	39.2219923833	39.1708307639	39.1143030711	39.0578071096	39.0124124045	38.92589432	38.8880022926	38.8008360069	38.7685774505	38.729604891	38.6277994846	38.0408904586
PD_222S_1_bbduk_polyg_filt	38.7531493593	39.2887312171	39.2447977881	39.2404292019	39.2465928644	39.1728662732	39.0970128144	39.0837266975	39.1300626363	39.0765021535	39.4119847291	39.4905085128	39.3795387675	39.3514285532	39.3722391875	39.4235152443	39.2993299942	39.3261831619	39.1224191659	39.0422875255	39.0663459148	39.146434311	39.3487218875	39.329840975	39.3261835316	39.2893377544	39.2915839795	39.2762478473	39.2582367091	39.2642251587	39.2424759445	39.2088695014	39.172992147	39.1154855577	39.1076548205	39.0835499104	39.0130408595	38.4658841578
PD_222S_2_bbduk_polyg_filt	37.6737214867	38.761989472	39.0841946084	39.0997224438	39.2409387994	39.1895689903	39.302091349	39.3030373797	39.3614164939	39.3597612804	39.4211950869	39.4435591854	39.2897029404	39.1997241878	39.2520786516	39.2410357845	39.2514087733	39.2676641351	39.3022198259	39.3033162613	39.317678294	39.3013356097	39.2972039007	39.2385088989	39.2458085189	39.1823228722	39.2108584645	39.1563571388	39.0954554112	39.0373421759	38.9879948687	38.8976170639	38.8575667972	38.7639781019	38.7249337552	38.6880729407	38.5782797945	37.9893547196
PD_223P_1_bbduk_polyg_filt	38.727324951	39.2652661509	39.2291796873	39.2110173671	39.2365850394	39.1619440556	39.0761377159	39.0626656489	39.1099174684	39.0477821325	39.3864531703	39.4649333533	39.3398962601	39.3041289418	39.3245387538	39.3768561178	39.2489624381	39.2700499542	39.0519206205	38.9705011842	38.9990249542	39.0903213627	39.2890925982	39.2659109239	39.2601923131	39.2225094866	39.2248590626	39.2071700164	39.1878449645	39.1937249158	39.1707246789	39.136993723	39.1014616719	39.0400855683	39.0321032584	39.0087153836	38.9312265785	38.3734304165
PD_223P_2_bbduk_polyg_filt	37.9141652918	38.9354383918	39.156990212	39.1335956826	39.2715125328	39.2110002278	39.3121651376	39.3222879524	39.373493036	39.3756939562	39.4263595662	39.4457565058	39.3013015512	39.2066929489	39.2571515872	39.2409910169	39.2493756721	39.2617120878	39.2954166954	39.2953035041	39.3081781727	39.2904729668	39.2866799452	39.2229827612	39.228312479	39.1630133464	39.1913949462	39.1358952263	39.0743584592	39.0153837646	38.9671955873	38.8769628604	38.8348888878	38.7441236553	38.7078435175	38.6732377594	38.5680768354	37.9788842132
PD_224S_1_bbduk_polyg_filt	38.6884392042	39.186624031	39.1417536087	39.1309633052	39.0966283191	39.017284743	38.9357756198	38.9261027694	38.9722767034	38.9219367059	39.2985155488	39.3907575066	39.2465528773	39.2129122535	39.2426340847	39.2974518215	39.1631730384	39.2008763048	38.9971328767	38.885916772	38.9072530902	38.9913822395	39.22780105	39.2142228832	39.2135197483	39.1804828733	39.1835754639	39.1697378582	39.1546402701	39.1652315432	39.1461537135	39.1145067583	39.0815054352	39.0224540473	39.0156844675	38.9960709462	38.9226095707	38.3860182219
PD_224S_2_bbduk_polyg_filt	37.5071084882	38.7737817972	39.0103091932	38.985694398	39.135138066	39.0819280305	39.2083565677	39.2019491025	39.2660149474	39.2567066179	39.3282566465	39.3639965408	39.1883293855	39.0983908124	39.1521110231	39.1390053346	39.1520559761	39.1719106774	39.2094650845	39.2134636363	39.2293306383	39.2158463585	39.2132263948	39.1607685727	39.1739848463	39.1151385647	39.1442790507	39.0918443901	39.0313538539	38.9790977304	38.9305108813	38.8448482076	38.8042807473	38.7154024279	38.682527076	38.6442882295	38.5357905004	37.9781667925
PD_225P_1_bbduk_polyg_filt	38.7033959869	39.2279049242	39.1794289829	39.1886631407	39.1875218548	39.116641484	39.042895963	39.028472793	39.0787209856	39.0235610701	39.3646136854	39.441388614	39.3121625336	39.2753283536	39.2973456877	39.3499835485	39.2183178646	39.2482453651	39.0441843912	38.9508524746	38.9682110527	39.0513354033	39.2653873616	39.249022846	39.2475490014	39.2117389458	39.2161053155	39.2015423539	39.1831621125	39.1922831864	39.1707326711	39.1386021097	39.1056951938	39.0457890305	39.0381241627	39.0173613762	38.9445777723	38.398850122
PD_225P_2_bbduk_polyg_filt	38.1452233088	39.0261005441	39.2066792	39.1913482916	39.3213090788	39.2463958204	39.3561192666	39.3521496046	39.399199745	39.3860334734	39.4352156056	39.4602156379	39.3215337231	39.2278218278	39.2782464068	39.259444157	39.2656858102	39.2783856679	39.3108814882	39.3103767189	39.3206979249	39.302848014	39.2981701954	39.2394907055	39.2482846249	39.1888432421	39.2220391449	39.1708634104	39.1117610318	39.0585897565	39.0142478527	38.9290730621	38.8910553443	38.8042917984	38.7720605265	38.7361492757	38.6334937476	38.0472251113
PD_226S_1_bbduk_polyg_filt	38.5751608855	39.159369554	39.1106162246	39.1220470226	39.107534931	39.0325769641	38.9799246984	38.9675756511	39.0122058106	38.9516748459	39.3125286047	39.3959452086	39.2481757787	39.2075308385	39.2331551969	39.2855581626	39.151447543	39.1748391479	38.960400475	38.8497604826	38.8772315818	38.9718101925	39.1883670326	39.1700350319	39.1667385336	39.1323656457	39.1345067659	39.1217408308	39.1047064838	39.1138753747	39.0941944455	39.0620509385	39.0292565644	38.9690227014	38.963272854	38.9384015601	38.8652915319	38.308281248
PD_226S_2_bbduk_polyg_filt	37.5932453678	38.6997443907	38.9282861732	38.8676740411	39.0541050948	39.0108493253	39.1405458681	39.1372940547	39.2062454599	39.2029520396	39.273825374	39.3108997991	39.1111076628	39.0112522637	39.070062001	39.0562347172	39.0719063437	39.0902355649	39.1256445994	39.1300805727	39.1450621083	39.130684284	39.1290315299	39.0721808983	39.0825760433	39.0221570946	39.0520395389	38.9957796106	38.9341357097	38.8772231187	38.8247791908	38.7344662069	38.6933844126	38.5983070238	38.5610806619	38.5215238515	38.4078105236	37.831842792
PD_227P_1_bbduk_polyg_filt	38.675040476	39.2201270146	39.1744617008	39.1842573151	39.1913826168	39.1251111832	39.0476185005	39.0275552517	39.072773439	39.0290611204	39.3659230196	39.4410069635	39.3086915851	39.2698118717	39.2885101877	39.3425987149	39.2147069215	39.2384629261	39.0286219556	38.9383716634	38.9597609225	39.0498358818	39.2510119628	39.232459393	39.2301951111	39.192592936	39.1950879206	39.1807929728	39.1609790134	39.1642220594	39.1446305257	39.1112103855	39.0755316573	39.0103218652	39.0024801234	38.9750724583	38.8997302867	38.3395227384
PD_227P_2_bbduk_polyg_filt	37.8668252195	39.111589195	39.2741546483	39.2442632321	39.3617914552	39.2917840733	39.3807239621	39.3810810888	39.4215331175	39.4172152345	39.4615393601	39.4824577982	39.3600483318	39.2620046781	39.3134623394	39.2918160519	39.295098746	39.3066706489	39.3355037289	39.3296768077	39.338302788	39.3179971238	39.3111616593	39.2483222055	39.2539625485	39.1878690241	39.2162511165	39.1634145014	39.1049188425	39.0482939746	39.0006698053	38.9159799603	38.875193759	38.7878891489	38.7546964568	38.7127741476	38.6054775901	37.9773579823
PD_228S_1_bbduk_polyg_filt	38.7813050155	39.2583520303	39.2061260741	39.1927171767	39.1844679242	39.1051715978	39.0243605912	39.0157011932	39.0608295481	39.0044126936	39.3637303614	39.4478109454	39.3226512464	39.2895627838	39.3113942608	39.3648571414	39.2341693619	39.2696586146	39.0664736761	38.9672100473	38.989470533	39.0709249658	39.2841613577	39.2670585741	39.2633264599	39.2280079198	39.2281320919	39.2148614696	39.1945319945	39.2019686619	39.1805589563	39.1483735992	39.1133051353	39.0574536712	39.0468911306	39.0252170349	38.9526076951	38.4064440275
PD_228S_2_bbduk_polyg_filt	37.8911666378	38.7227113779	39.0496976915	39.065772148	39.2011000548	39.1508553096	39.2606028095	39.2590093443	39.3123089391	39.3095162427	39.3708123602	39.4000304713	39.2409094955	39.1494118449	39.2026715838	39.188174681	39.1983331566	39.2164081181	39.2496155609	39.2528847323	39.2678342641	39.2528007917	39.2498673594	39.1966112118	39.206796589	39.147071538	39.1746495904	39.1250205683	39.0660609574	39.0082462105	38.9615065998	38.8739702535	38.8339183448	38.7432295283	38.7074814294	38.6677014619	38.5608075569	37.9951996054
PD_229P_1_bbduk_polyg_filt	38.6818045643	39.2321242987	39.1900087981	39.1856377854	39.1916421059	39.1220358799	39.0412191155	39.0301901434	39.073211897	39.0205688632	39.3660860096	39.4431767166	39.3150969663	39.2831374982	39.3026865111	39.3534380971	39.226339121	39.2505354232	39.0372294619	38.9491814776	38.9750246571	39.0667306326	39.2677699675	39.2481677909	39.2442119837	39.2088321396	39.2082134268	39.1960155854	39.1763412323	39.1821946571	39.162368921	39.1284976654	39.0893994314	39.0308624231	39.021924309	38.9954233769	38.9196035809	38.3438605217
PD_229P_2_bbduk_polyg_filt	37.6941830481	38.9433619537	39.1535865868	39.1626893767	39.2949265229	39.2366887191	39.3188609158	39.3292109876	39.3785520399	39.3799875193	39.4246684736	39.4454271921	39.3097983863	39.214887494	39.2625852918	39.2439085869	39.251214975	39.2640125802	39.2946127584	39.2927362963	39.3030513212	39.2847004958	39.280223005	39.2198129216	39.2271278273	39.1648491803	39.1916853823	39.1390371522	39.0793724176	39.0232161665	38.9744778403	38.8884399297	38.8492816685	38.7605500559	38.7259099595	38.6888526159	38.5809294026	37.9512910639
PD_230S_1_bbduk_polyg_filt	38.72486342	39.2310309095	39.1878917564	39.1848907994	39.1856608443	39.1136473828	39.0205281938	39.0141111527	39.062705583	39.0169509706	39.3614879296	39.442073449	39.3147057985	39.2815211398	39.3087097469	39.3574626227	39.2269236863	39.2600250836	39.0600625428	38.9578035836	38.9815375045	39.0603304663	39.2763206049	39.2587202275	39.2562310597	39.220320474	39.2222739139	39.2083746445	39.1894856946	39.1978877967	39.1777620744	39.1449002844	39.1090276298	39.0542300736	39.0432119641	39.0201528103	38.9489508804	38.3990746711
PD_230S_2_bbduk_polyg_filt	37.9398129076	38.9325252087	39.1396514517	39.1294119138	39.2549474595	39.1987516082	39.3055470171	39.307268527	39.3570029724	39.3508259762	39.410320345	39.4375438102	39.291938295	39.201128607	39.2545412053	39.2398322379	39.24937113	39.2621728763	39.2968157714	39.2967856501	39.3096449313	39.2935888066	39.2897503455	39.2330227775	39.2409471687	39.1819089525	39.2082032249	39.1571395553	39.0997947284	39.0461347933	38.9996817403	38.9137965078	38.8745334834	38.7869929094	38.7506302149	38.7155721625	38.6127485585	37.9988989144
PD_231P_1_bbduk_polyg_filt	38.7151619494	39.2489933884	39.2039677838	39.2050366724	39.2128692066	39.1358261328	39.0589372767	39.0421933489	39.0947723003	39.038743657	39.3780796398	39.4570582795	39.3327675358	39.2984616612	39.3168954701	39.3724891129	39.2427223091	39.2651742792	39.0488541224	38.9616796809	38.9831275359	39.071469482	39.276547065	39.2570530844	39.2521868894	39.2164281582	39.2188285968	39.2026606932	39.183326819	39.1888764984	39.167675755	39.1336388475	39.0983068172	39.0307445203	39.021012235	38.9976093162	38.9215804911	38.3664561153
PD_231P_2_bbduk_polyg_filt	37.9543811223	38.9919722009	39.2072847952	39.1568848344	39.2985218859	39.2324163082	39.3384576396	39.3285863732	39.378019814	39.3723213346	39.4230091243	39.4449577688	39.3042262149	39.2076287274	39.2603580411	39.2434928662	39.2497978468	39.2655516369	39.2968199641	39.2969620509	39.3061064515	39.2898085015	39.2850888845	39.2262693732	39.2377995983	39.175723758	39.2078357574	39.1560638547	39.0983579557	39.0412689792	38.9950232127	38.9074827034	38.8700890457	38.7821515619	38.7433002944	38.7063282898	38.6029093177	38.0245731346
PD_232S_1_bbduk_polyg_filt	38.5234897138	39.1191444055	39.061270896	39.0610276717	39.0443970057	38.9614673118	38.8915754201	38.888840371	38.9320004424	38.8706103012	39.25447849	39.3465367675	39.1788855185	39.1333993086	39.1621706219	39.2157930928	39.0781356449	39.0986352342	38.8724431734	38.7523593029	38.7807667071	38.8880453689	39.1103928326	39.0913293227	39.0887665362	39.0512532167	39.0562330599	39.0401166644	39.0225997175	39.0321060381	39.0123955696	38.9765569864	38.940324311	38.8809993161	38.8718830309	38.8477040971	38.7646863396	38.203031569
PD_232S_2_bbduk_polyg_filt	37.4799986778	38.5914725395	38.8947381523	38.9077784031	39.065621183	39.0213747642	39.1325650003	39.1407783096	39.2031196374	39.2063969625	39.2706597623	39.3025565894	39.0979230032	38.9978428942	39.0526628776	39.0396951045	39.0538401486	39.0724158125	39.1057455599	39.10880579	39.123874813	39.1065490683	39.1020141814	39.0435586368	39.0482068658	38.9839606685	39.0083922734	38.9520100706	38.8881347747	38.8283782949	38.7766956083	38.6818191117	38.6376221005	38.5407739788	38.5007701737	38.4583714518	38.3418967118	37.7626633418
PD_25P_1_bbduk_polyg_filt	38.6113054007	39.1828677574	39.130239627	39.1498506559	39.1732641384	39.1098295395	39.0416485325	39.0199301197	39.0746677648	39.0264544864	39.3614852688	39.4350930557	39.298416106	39.2588143355	39.2731709682	39.3247381618	39.1929629572	39.2186672937	39.0058026318	38.913303137	38.9351301051	39.0223794755	39.2230292936	39.1987487228	39.1950053226	39.1569235616	39.1581899558	39.1407737435	39.1179805569	39.122498894	39.1002171282	39.0645951053	39.0286114837	38.9683865557	38.9545046287	38.9270369158	38.8450573404	38.2658654583
PD_25P_2_bbduk_polyg_filt	37.8009054932	39.1200681437	39.2632541182	39.1691910704	39.3562698666	39.2821896763	39.3774076302	39.3807093403	39.4222156403	39.4136919224	39.4562257053	39.4721783243	39.3465782446	39.2477947847	39.2945043413	39.2735236194	39.277838962	39.2869295948	39.3128543382	39.3071340262	39.3125548129	39.2899078338	39.2837374848	39.2174640743	39.2192142047	39.1542602105	39.1827043462	39.1274386274	39.0667289173	39.0087414516	38.9591213606	38.8723568558	38.8313640164	38.7433113134	38.7067087973	38.6658504735	38.5549626341	37.935389612
PD_26P_1_bbduk_polyg_filt	38.8877654196	39.1354903943	39.0394337715	39.1243680485	39.1708796764	39.2072800809	38.9777553084	39.1092012133	39.0920121335	38.9640040445	39.2869565217	39.3884732053	39.305156724	39.2614762386	39.3120323559	39.3071789687	39.2214357937	39.2645813561	38.9945111855	38.9049884824	38.9362275476	39.0160179122	39.25124928	39.1634978711	39.1326521672	39.1627572544	39.153306039	39.1219806534	39.1153469951	39.1151684074	39.1103441889	39.0116740677	39.0388126799	38.9061547466	38.93541864	38.8588059983	38.8135842544	38.261213665
PD_26P_2_bbduk_polyg_filt	38.2113245703	39.1506572295	39.1951466127	39.105156724	39.2912032356	39.1223458038	39.3579373104	39.3569261881	39.3720930233	39.3844287159	39.4370070779	39.4675429727	39.3421638018	39.2404448938	39.2796764408	39.2699696663	39.2169868554	39.2589729009	39.248540364	39.2375354321	39.2823278901	39.1848363045	39.166082659	39.1168579178	39.1245846563	39.127633238	39.149227642	39.0175288194	38.987150138	38.9387469449	38.7859712826	38.7430877989	38.6970987196	38.6385896187	38.6541204858	38.5352092368	38.4289526974	37.7961107936
PD_27P_1_bbduk_polyg_filt	38.6172763283	39.1932367069	39.1558214955	39.1678332531	39.1763309907	39.1091015551	39.0258807699	39.0181069759	39.0607307215	39.0200590228	39.3606506935	39.4368749801	39.3035957258	39.2656533695	39.2851961526	39.3345065188	39.2082833228	39.2326401653	39.0266964626	38.9316957422	38.955776831	39.0489274154	39.2485320985	39.2298063363	39.2277944812	39.1921627444	39.1952565481	39.1770063314	39.1598887577	39.1641768982	39.145239067	39.1110198944	39.0743900745	39.0171327273	39.0076792744	38.9864764049	38.9092724711	38.346912308
PD_27P_2_bbduk_polyg_filt	37.9655879377	38.9459777096	39.157859107	39.1515441052	39.286508814	39.2278643583	39.3213713486	39.3273298313	39.3764388691	39.3719965573	39.418010506	39.439476479	39.2932415723	39.1982157268	39.2443706054	39.2255507591	39.2323351917	39.2454593879	39.27573896	39.2727945565	39.2817727183	39.2604101261	39.25473175	39.1909542331	39.1977798412	39.1321227923	39.1617733639	39.1056161587	39.0459469926	38.9874818459	38.9405983231	38.8476186794	38.8100574134	38.7211907649	38.6825780558	38.6436051959	38.5365431922	37.9320534462
PD_28P_1_bbduk_polyg_filt	38.574672468	39.1669780279	39.134676807	39.1482481409	39.1631211657	39.1091009895	39.0152346057	38.9942749702	39.0485603057	39.0111366896	39.3462594463	39.4162253372	39.2681483446	39.2254119008	39.248427726	39.2943581338	39.1678675168	39.1798180439	38.9611301087	38.8654990798	38.8916792435	38.9943016031	39.1910828625	39.1669919444	39.1604461243	39.1271880327	39.1277163571	39.121059519	39.1027353991	39.1062205107	39.0847636227	39.0511797196	39.0084752914	38.9537051287	38.9441882476	38.9275863249	38.8414645476	38.2690731952
PD_28P_2_bbduk_polyg_filt	37.90838747	38.9655775049	39.2136822187	39.1907218359	39.3417420964	39.2830213694	39.3626053104	39.3747423737	39.4120093047	39.4028323832	39.4486567272	39.4663765985	39.3342790681	39.2349070135	39.2737311526	39.2567947065	39.2519157758	39.2640269746	39.2933155717	39.2865252206	39.2910852974	39.2635213432	39.257746679	39.1913274631	39.1929608136	39.1307369009	39.1518994084	39.1038565368	39.0432946673	38.9819022482	38.9403548881	38.8523440537	38.81700303	38.7368751519	38.7016270053	38.6706910387	38.5560835251	37.9061257785
PD_29P_1_bbduk_polyg_filt	38.6084556403	39.2109293626	39.1622650759	39.1672659229	39.183332862	39.1110000082	39.0204604708	39.005442116	39.0543594254	39.0005629146	39.3511197317	39.4282806958	39.2921316338	39.2521725432	39.2727123877	39.3254525289	39.1939921715	39.2131370785	38.9872542012	38.9004455018	38.9236029996	39.0209852021	39.2226111533	39.1977153131	39.1935926464	39.1554849098	39.1583100521	39.1366418099	39.1182207955	39.1229625396	39.1002793013	39.0620256391	39.0243039503	38.9612637333	38.9508213143	38.9245698268	38.8423900045	38.2645642526
PD_29P_2_bbduk_polyg_filt	37.8569467038	38.8525775011	39.0961458749	39.1049104339	39.242745746	39.1909624684	39.2919939311	39.2955046206	39.3480542648	39.3565765061	39.4091419643	39.431374871	39.2755793291	39.1810169747	39.2294846822	39.2161698512	39.2240512639	39.240767502	39.2717563853	39.2708890451	39.2777968353	39.2592905882	39.2492705847	39.1878340791	39.1915151612	39.1256360291	39.1458964284	39.0888023479	39.0238702527	38.9632759411	38.9103677039	38.8153968018	38.7716237736	38.674394755	38.6336540796	38.5950701588	38.4800792515	37.877904555
PD_2P_1_bbduk_polyg_filt	38.6310055007	39.1944858383	39.1469696488	39.1518069054	39.1658099367	39.0944946706	39.0131798638	39.012998979	39.0532599902	38.9985129287	39.3503271825	39.4294688274	39.2972154332	39.2561096332	39.2780540747	39.329331256	39.1996026186	39.2275346779	39.0143746333	38.9196702092	38.9465404355	39.0418758764	39.2435275422	39.2231411955	39.2191160794	39.1848731156	39.1869036244	39.1718368535	39.1517802048	39.1582398674	39.136555202	39.1056778968	39.0701973735	39.0134595744	39.0053442702	38.9840126318	38.9101403544	38.3555903216
PD_2P_2_bbduk_polyg_filt	37.8578654881	38.8068057926	39.0770746115	39.0715872999	39.2156974136	39.1617117642	39.263082179	39.2663451721	39.3206374778	39.3212007645	39.3767702868	39.3997251398	39.2379137476	39.1440972539	39.1925758074	39.1783511922	39.1865953019	39.2017039654	39.2320661492	39.2333468493	39.2457593632	39.2304093541	39.2229833704	39.1625352228	39.1654551286	39.1023887507	39.1255533783	39.0713046237	39.0047989548	38.9470531271	38.8955190931	38.8005828494	38.7596675775	38.661943777	38.6267388824	38.5857571509	38.474813371	37.911520043
PD_30P_1_bbduk_polyg_filt	38.7222395862	39.2632215321	39.2288285872	39.227460137	39.2562913198	39.1940477465	39.0903440268	39.0868039371	39.1437179089	39.0871482847	39.4182013244	39.4893832277	39.3751769053	39.3460538634	39.3627746228	39.4168677704	39.2939319185	39.3156809894	39.110229574	39.0351297708	39.0566112799	39.1388179397	39.343127203	39.3245974299	39.3206166478	39.2858337399	39.2866217071	39.2728770981	39.2516051725	39.2612101191	39.2399536472	39.2127506176	39.1718589646	39.1063105203	39.0979610436	39.0772931556	39.0031091454	38.4703331943
PD_30P_2_bbduk_polyg_filt	37.6782721767	38.7897406614	39.123632406	39.1441447385	39.2966916023	39.2390523086	39.3414957276	39.3520958088	39.400396764	39.4075227988	39.4548481024	39.4764021297	39.335106839	39.2448335419	39.3008234854	39.2863992421	39.2979005682	39.3120086653	39.3466911149	39.3430066091	39.3555399819	39.334329948	39.3305074607	39.2681410438	39.2795970063	39.2136594805	39.2426676833	39.1898471313	39.1256161205	39.0675512468	39.0156055308	38.9240163191	38.878991661	38.7899672385	38.7524146658	38.7135588984	38.608010168	38.0288106997
PD_31P_1_bbduk_polyg_filt	38.6499427133	39.2306945329	39.1839346929	39.1920433857	39.2037363245	39.1408944963	39.0625252686	39.0511854468	39.0884988655	39.0464627777	39.3789272013	39.4553131246	39.3298307232	39.291089022	39.3099225065	39.3583032186	39.2294562404	39.2420696174	39.0240558615	38.934057085	38.960821367	39.0620168689	39.2463226991	39.2221437588	39.2182194164	39.1828442548	39.181229934	39.167036218	39.1431791575	39.1508142183	39.1291220886	39.0960924587	39.0557814971	38.9993823341	38.9885180813	38.9628692478	38.8825785623	38.300046685
PD_31P_2_bbduk_polyg_filt	38.3265092028	38.9288888973	39.2402276088	39.2284252688	39.3409201135	39.2867242359	39.3809891446	39.3859815258	39.4255674582	39.4223666584	39.4673739116	39.4848441045	39.3650943302	39.2709966646	39.3169595001	39.2963448328	39.2997594526	39.3090704055	39.334307135	39.3289567185	39.3367975534	39.316378762	39.308143033	39.2462220314	39.249956283	39.1852327331	39.2120994586	39.1575333836	39.10126607	39.0421873008	38.9931759344	38.9079975702	38.8680447126	38.7807019648	38.7409627643	38.7019347373	38.5904359231	37.9747002616
PD_32P_1_bbduk_polyg_filt	38.6141025232	39.1973120931	39.1485163175	39.1550908564	39.1789054656	39.1197052858	39.0253532254	39.0123356572	39.0550053515	39.0096233406	39.350007155	39.4270241554	39.2862050818	39.2479141876	39.2679460479	39.3222351445	39.1952881683	39.1859339444	38.9602508007	38.8691226799	38.8877318764	38.9846239159	39.1837036004	39.1566747248	39.15242742	39.1140462963	39.1119375548	39.0918214857	39.0735105489	39.0802582574	39.0554816055	39.0226855321	38.9838505197	38.8461621554	38.8170649161	38.798125821	38.7166624666	38.1514478225
PD_32P_2_bbduk_polyg_filt	38.0754662267	39.003990941	39.1923932518	39.1828829244	39.3087471691	39.2489490459	39.3400199866	39.342737223	39.3838779987	39.3881731623	39.4360655893	39.4554996955	39.3164114409	39.2191137523	39.26869764	39.2468049647	39.2549706764	39.2655393232	39.2940220508	39.2892046119	39.2975157059	39.2743782753	39.2667717821	39.2029913279	39.2071361259	39.1408737801	39.1661397926	39.1107622694	39.0473773369	38.985490383	38.9317485412	38.8416457205	38.793889696	38.7029599542	38.6611855669	38.6183272113	38.5045133024	37.8933635893
PD_33P_1_bbduk_polyg_filt	38.6273595492	39.2219100639	39.1843044719	39.1850004679	39.1896779973	39.1233639323	39.0437977759	39.025592846	39.0718220649	39.022814677	39.3600222065	39.4372216129	39.3074279858	39.2674218436	39.2885417793	39.3375967784	39.2094088486	39.2173470253	38.9895042857	38.8993918073	38.9315538648	39.0411722943	39.2290245119	39.2021291973	39.19431441	39.1563088585	39.1566820618	39.1402827475	39.117381653	39.1225787786	39.0963715817	39.0586739448	39.0191181355	38.954668064	38.9409276196	38.9160987507	38.8302407567	38.2276100942
PD_33P_2_bbduk_polyg_filt	38.1775643955	39.0856429468	39.250312335	39.2345979078	39.3520595031	39.2769591697	39.3829350134	39.3824979715	39.4257651186	39.416634305	39.4627514013	39.4780578622	39.350685865	39.2543485668	39.301669391	39.2810292018	39.2833872291	39.2918676065	39.319549091	39.3149731001	39.3232680983	39.3015125028	39.2948006612	39.2251912139	39.2265669762	39.1593065904	39.188223989	39.1325011632	39.070108403	39.0121987385	38.9613648962	38.8719900189	38.8306244401	38.7424450443	38.7001420794	38.6602782496	38.5505734909	37.9295781444
PD_34P_1_bbduk_polyg_filt	38.7670566274	39.2974883386	39.2530486513	39.2518798393	39.281681548	39.2162075262	39.1418976283	39.1282923143	39.1753958655	39.1225938207	39.4454640462	39.5135757298	39.4093737009	39.374984084	39.3936628127	39.4405175311	39.3210913193	39.3526857968	39.1606678916	39.0838994527	39.1066224201	39.1818971746	39.361908837	39.3430324426	39.3381790852	39.3005925398	39.2986298288	39.2835558403	39.2624279647	39.2634435384	39.240320764	39.20451633	39.1687038935	39.107349875	39.098935408	39.0760861498	38.9975409108	38.4279562331
PD_34P_2_bbduk_polyg_filt	38.2277282448	39.1386994505	39.3131615508	39.2773351087	39.3947146579	39.3275554918	39.4255130678	39.424115631	39.4637533421	39.4528012741	39.4958157815	39.5124283246	39.3997216258	39.3069496362	39.3524024652	39.3345178436	39.3370888875	39.3448444225	39.3735621759	39.3695210681	39.3765400669	39.3550550436	39.3480805505	39.2868475797	39.2926585292	39.2295200439	39.2582017244	39.2063928705	39.1470382578	39.0906241125	39.0441906298	38.9566324615	38.9125317435	38.8269590757	38.792374242	38.7488563755	38.6416532845	38.0246957774
PD_35P_1_bbduk_polyg_filt	38.4680913573	39.1131438935	39.062563219	39.0957057523	39.0889938226	39.0224131482	38.9563475205	38.9472099745	38.9954076509	38.9587753131	39.3047875319	39.3846732785	39.2261750751	39.1853217115	39.2065347464	39.258899949	39.1271928818	39.1523938739	38.9439101665	38.8291421386	38.8500021725	38.9493436708	39.1587639123	39.1385835005	39.1368049987	39.1011949533	39.1042500256	39.0910907372	39.0710620985	39.0780793932	39.0578309127	39.0256101041	38.9905373871	38.9295876371	38.9226365812	38.8962253674	38.8161953004	38.2540612111
PD_35P_2_bbduk_polyg_filt	37.8073108529	38.702748654	39.0330332672	39.048065741	39.1805814678	39.1403561349	39.2678510626	39.270651176	39.3210051573	39.3142123434	39.3717423406	39.3977496628	39.2325848682	39.135523219	39.1880179088	39.1709617002	39.1807519411	39.1926283902	39.2218347839	39.2215191805	39.2306605622	39.2108431951	39.2054491753	39.1429727914	39.1454925586	39.082992006	39.1095705739	39.0542326649	38.9919974458	38.9332762234	38.8824857074	38.7953999107	38.7533537565	38.6625111716	38.6241419347	38.5809591751	38.4676039371	37.8419018347
PD_36P_1_bbduk_polyg_filt	38.4597580221	38.9184639663	39.0825881115	39.0510257759	39.0384008417	38.9879011047	38.7459231983	38.7648605997	38.9289847449	38.8898474487	39.2366123093	39.2786954235	39.0076801683	39.009784324	39.1061546554	39.1288795371	38.9197264598	39.0321210705	38.7516328051	38.6598797301	38.6911770269	38.795604948	39.0530432378	39.0619623834	39.081502631	39.0505073087	39.0377219611	39.0796027131	39.0164711919	39.0462146567	39.0688699745	38.9850818901	38.9149400703	38.8799447447	38.9647137966	38.8827255965	38.848270686	38.4138193161
PD_36P_2_bbduk_polyg_filt	37.7569700158	38.4408206207	38.5481325618	38.4197790637	38.5817990531	38.9184639663	38.834297738	38.6722777486	38.8321935823	38.8688058916	38.8797475013	38.9163598106	38.542661757	38.4256706996	38.3936875329	38.3192004208	38.4336664913	38.3616285915	38.4371691649	38.5298567549	38.4846130093	38.5465177706	38.6572142212	38.5385698007	38.6132188217	38.5156529386	38.6018946094	38.5592406194	38.5199537326	38.4367702716	38.3718332863	38.3357049656	38.2212207517	38.2872999128	38.2349768967	38.0649782645	38.0286701257	37.5798288673
PD_38P_1_bbduk_polyg_filt	38.6354323703	39.2137999385	39.1649963505	39.1901532594	39.1880059015	39.1297472886	39.0493157576	39.0417924968	39.0886074727	39.0535482622	39.3845449226	39.460683025	39.3372427689	39.3047762624	39.3227357683	39.3755129338	39.2481578791	39.2847037558	39.0979045393	38.9990709729	39.0149724338	39.0922487967	39.307122268	39.2948214592	39.2945722739	39.2621336687	39.2674347251	39.2568601271	39.2360469808	39.245637608	39.2277050585	39.1971500382	39.1670470271	39.1109779299	39.10869435	39.0881034177	39.0127389728	38.4942964138
PD_38P_2_bbduk_polyg_filt	38.0617992864	39.1253828534	39.2889521012	39.22516313	39.3617252229	39.2979898821	39.4100128874	39.4041628924	39.4456791931	39.4322426536	39.478598554	39.5004715714	39.3764860022	39.2842523693	39.3380289893	39.3182934619	39.3256146437	39.3406273801	39.3729859825	39.3695443737	39.3787576008	39.3608072936	39.3532536525	39.2948883681	39.3056869539	39.2462800346	39.2776780149	39.2261382759	39.1675526815	39.1145985112	39.0701196707	38.9848793994	38.9470398227	38.8644841714	38.8337896662	38.791793155	38.6883887636	38.0975392707
PD_39P_1_bbduk_polyg_filt	38.7791151426	39.2715694714	39.2282881896	39.2334473894	39.2700807811	39.2035796857	39.1132134499	39.1038442611	39.1400354844	39.0917793819	39.4133658614	39.484218986	39.3683684884	39.3299377422	39.346653413	39.3994510454	39.2759204763	39.271079782	39.0554847655	38.9782139854	38.9952892	39.0835641044	39.2658008348	39.242036512	39.2340939274	39.19332266	39.1886956891	39.1666794418	39.1484352176	39.1546635835	39.1234213154	39.0898835132	39.0529010983	38.9209484259	38.891629733	38.8661784185	38.786031524	38.2394053381
PD_39P_2_bbduk_polyg_filt	38.2774845401	39.1087661582	39.2879279931	39.2246569461	39.3736676798	39.3030556138	39.3816830481	39.3884231278	39.4370001865	39.4351181541	39.4785315743	39.4967335453	39.3758242321	39.2776024232	39.3270177239	39.3067647063	39.3127177604	39.3206483731	39.3484985049	39.3433580983	39.3493366156	39.3262728086	39.3209028976	39.2615843843	39.2678254284	39.2041825159	39.2316968888	39.1771090728	39.1178938695	39.0586737537	39.0077907355	38.9227674752	38.8779630523	38.7897147977	38.7525968599	38.7134270538	38.6013655099	37.9882877825
PD_3P_1_bbduk_polyg_filt	38.7465463017	39.2740416396	39.2244905223	39.236794298	39.258594403	39.1920258888	39.1158385729	39.1082243424	39.1492955476	39.1071049228	39.4272289864	39.4997846264	39.3921566308	39.3600675797	39.3753477512	39.4259546444	39.3041993936	39.3350903833	39.1439092303	39.063791073	39.0843835542	39.1635568163	39.3543942758	39.3392570525	39.3399166049	39.3067846535	39.3077002275	39.2952933169	39.2774435433	39.2849824912	39.2639556792	39.2329756875	39.2004734688	39.1428596098	39.1346804811	39.1146290116	39.0429978393	38.5021824888
PD_3P_2_bbduk_polyg_filt	38.4039195387	38.8915537416	39.2612029626	39.2682006435	39.3780521953	39.3208439297	39.4260195443	39.4230603156	39.4614350323	39.4497417348	39.4927528207	39.514826971	39.4000283676	39.3100780736	39.356925375	39.3401592038	39.3432438359	39.35571319	39.3824826977	39.381816744	39.3903275349	39.3735318964	39.3681237325	39.3109841246	39.3203540358	39.2587982514	39.2911951626	39.2420346807	39.1866702314	39.1340813465	39.0876571981	39.0030629147	38.9675788672	38.8822008977	38.8493749537	38.8105533935	38.7025067624	38.1071733406
PD_40P_1_bbduk_polyg_filt	38.6665042282	39.2284287583	39.1799128619	39.1999573599	39.1951828879	39.1341259314	39.0471791295	39.0437009163	39.0964320903	39.054385305	39.388110785	39.4615618761	39.3387279547	39.3037145916	39.3226801734	39.37407854	39.2471733426	39.2772828885	39.082727594	38.990503622	39.0060737996	39.0795072582	39.2923288804	39.2774578127	39.273412036	39.2382634572	39.2389169054	39.2245848102	39.2064108705	39.2124691141	39.1932565449	39.160634208	39.1254974166	39.0677086645	39.0576575453	39.0393696595	38.9638566526	38.4301018465
PD_40P_2_bbduk_polyg_filt	37.375986014	38.8657041174	39.1052171675	39.0613539143	39.2040483721	39.1692272549	39.2810722156	39.2831018839	39.3344027874	39.3347100398	39.4007892681	39.4282385226	39.2740068742	39.1829666235	39.2399937258	39.2269872795	39.2377277095	39.2522860767	39.2864458004	39.2839229157	39.2969582191	39.2802933018	39.277038054	39.218992774	39.2281788772	39.1665842719	39.195924779	39.1439367467	39.0851359121	39.0258538949	38.9758490086	38.890845678	38.8501036722	38.7563538538	38.7240866088	38.6854026868	38.5770408265	37.9887878732
PD_41P_1_bbduk_polyg_filt	38.7210690404	39.2387817969	39.1964512481	39.1884486984	39.200887188	39.1276402337	39.0378350827	39.0321627346	39.0759504345	39.0215928707	39.3732901107	39.4553439621	39.329774743	39.294135928	39.3157364876	39.365991458	39.2388527323	39.2661457387	39.0654376099	38.9713580588	38.9949149487	39.0763808049	39.2824039353	39.2627095319	39.2582984782	39.2200281357	39.2214070657	39.2049242912	39.1829701889	39.1892693391	39.1665337225	39.1330024607	39.0980656513	39.0404698424	39.0284182883	39.0061195544	38.92988775	38.3808872083
PD_41P_2_bbduk_polyg_filt	37.7429449085	38.8064977777	39.0479322096	39.0516401941	39.2015035319	39.1644298881	39.2490289793	39.2637369042	39.3246867435	39.3274537184	39.3854706536	39.4110220148	39.2420847553	39.1504551272	39.2048625441	39.1933705207	39.2033550439	39.2191411635	39.2527588501	39.253622835	39.2673781948	39.249789513	39.2465578396	39.1879332809	39.1941828228	39.1300358377	39.1547329746	39.1024939962	39.0389247095	38.9809734863	38.9295627702	38.8410266702	38.7980474233	38.7051173144	38.6672824584	38.6267137459	38.5137733144	37.9023599071
PD_42P_1_bbduk_polyg_filt	38.6044311465	39.1934787236	39.1444182166	39.1458976486	39.1405416001	39.0751054726	38.9879703861	38.9763274526	39.0175861287	38.9693899165	39.3272747026	39.4099206523	39.2706740458	39.2330205856	39.256020099	39.3066185423	39.1727408814	39.1943832967	38.9753372079	38.8693227425	38.8994711625	39.0028490384	39.1979562237	39.1702064883	39.1647969355	39.1263639272	39.1272093166	39.1071800021	39.0858497398	39.0876337626	39.0629029964	39.0261875399	38.9839383553	38.9211530368	38.905302219	38.8761152737	38.7908810383	38.2001159213
PD_42P_2_bbduk_polyg_filt	38.0446105288	38.799677852	39.1422920588	39.1456929767	39.2727988951	39.2257598736	39.3244304175	39.3304004817	39.3733787755	39.3690378622	39.4203501338	39.440094336	39.301328101	39.2084924817	39.2529419832	39.2320205906	39.2376854226	39.2481278722	39.2767109568	39.2718885355	39.2819833202	39.2612732555	39.2562942093	39.1902686184	39.1925744991	39.125863456	39.1508762881	39.0925085104	39.0287795226	38.9697092048	38.9175610909	38.8266914111	38.7798594672	38.6881150417	38.6474298007	38.60081052	38.4842964704	37.8698309353
PD_43P_1_bbduk_polyg_filt	38.6281106515	39.2079868022	39.1644065212	39.1693688547	39.1907092111	39.1233019878	39.0508766918	39.0356568047	39.0844641802	39.0257609363	39.3649913179	39.4431360709	39.3109971039	39.2715396627	39.2894929362	39.3413950737	39.2141571271	39.2032638596	38.9755351655	38.8868804164	38.9100580713	39.0107021667	39.2083442477	39.182109745	39.1760709647	39.1392370349	39.1376660084	39.1223430266	39.1010093958	39.1102433179	39.0877055604	39.0554711124	39.0170386603	38.9022928186	38.8808593764	38.8588654829	38.7770622435	38.2153113295
PD_43P_2_bbduk_polyg_filt	38.0833857823	39.0525101588	39.2440670697	39.1914369168	39.3345828195	39.2707583855	39.3753018237	39.3752925338	39.4178586718	39.4116220792	39.4530746727	39.4739898632	39.3452447917	39.2491489327	39.2927939331	39.2748205315	39.2808660627	39.2919433485	39.3204507956	39.3175969159	39.3250619701	39.3047124427	39.297678961	39.2353654977	39.2418590596	39.1756825693	39.2038669916	39.1493524272	39.0880376023	39.0305314616	38.9776347588	38.8894432331	38.845354272	38.7588038677	38.7235772453	38.6800673385	38.570963737	37.9812722831
PD_44P_1_bbduk_polyg_filt	38.5201409938	39.1344866038	39.0812531785	39.0984345396	39.084089915	39.0127182363	38.9406819883	38.9411177355	38.975215506	38.9350424552	39.2963551056	39.379904059	39.2267857563	39.1838009314	39.2071447223	39.257103912	39.1196676934	39.1389780459	38.9179239737	38.803406999	38.8244306892	38.9255266736	39.1398809415	39.1168303688	39.1128123196	39.0761511452	39.07766932	39.0624885274	39.0424052558	39.0503477704	39.0307991301	38.995323848	38.9590923549	38.8953528024	38.8868979358	38.860779	38.7810772342	38.2073538257
PD_44P_2_bbduk_polyg_filt	37.6905066766	38.4772341216	38.9569338283	38.9102311376	39.1018219819	39.0889575842	39.1875711305	39.1864029337	39.2533405009	39.2686021655	39.339655902	39.3734225922	39.1990183643	39.1037377371	39.1580397285	39.143284976	39.1547160061	39.1682151584	39.1972867478	39.196489739	39.2074683885	39.1883578785	39.1825215954	39.1234572496	39.1275503064	39.0653032436	39.088857051	39.0332421082	38.9707311522	38.9112562614	38.8579659983	38.7670488714	38.7242481776	38.6275150233	38.5886216495	38.5432704268	38.4276129633	37.8363457068
PD_45P_1_bbduk_polyg_filt	38.5020984167	39.1339837141	39.0783932	39.1129567868	39.1111708264	39.0546730062	38.9801940289	38.9710775562	39.0107958572	38.9751778852	39.3168971434	39.3960513952	39.2384973882	39.1973273975	39.2135333603	39.2605464023	39.1268822423	39.1471105102	38.9304125299	38.8195385049	38.8414543573	38.9426675459	39.1459554559	39.1227917898	39.1215382616	39.0837694956	39.0852792681	39.0719440372	39.0544940329	39.0603358661	39.0402015968	39.0062829709	38.969593858	38.9105333641	38.9000456314	38.8766798694	38.7935468571	38.2139624449
PD_45P_2_bbduk_polyg_filt	37.8334902307	38.8592123585	39.1373845925	39.0810196124	39.2341286009	39.1829617466	39.2529085346	39.2695317715	39.3255833186	39.3296864259	39.3795196704	39.4060364507	39.254212798	39.1554390287	39.2006581225	39.1819462584	39.1874003401	39.1982745509	39.2286176426	39.2249506656	39.2342181321	39.2142988311	39.2072823024	39.1438917933	39.1501337733	39.0875622167	39.1156863948	39.062418197	39.0013222198	38.9452884659	38.8972557049	38.8094543477	38.7680782106	38.6808050482	38.647843097	38.6059638816	38.4932217977	37.8730629444
PD_46P_1_bbduk_polyg_filt	38.6787271134	39.2381101317	39.1966483264	39.1863940694	39.2088878351	39.1433135984	39.0656674064	39.0496442414	39.0798952132	39.0320511535	39.3752494956	39.4511935501	39.3260077374	39.2876378474	39.3024877337	39.3504607587	39.2216515314	39.234069163	39.0106479051	38.9231201293	38.9540220065	39.059238243	39.2383523287	39.2118885881	39.2063191766	39.1670048348	39.1674050775	39.1504438421	39.1297441218	39.1346983263	39.1092293317	39.0727283576	39.0356837918	38.9677956252	38.9575003286	38.9329895398	38.8490940761	38.2584522814
PD_46P_2_bbduk_polyg_filt	38.2269528645	39.0277292959	39.25065936	39.1788724532	39.3409928848	39.2983978104	39.3815102993	39.3797768851	39.4312248623	39.4257585655	39.469975555	39.4892849971	39.3684592238	39.2715297888	39.3165695154	39.2923575677	39.2940542217	39.3034476374	39.3304175284	39.3260749483	39.3313750137	39.31045184	39.303409076	39.2392068161	39.2455704393	39.1814201711	39.2098891084	39.1548681257	39.0935713344	39.0378071461	38.9877579537	38.9004981803	38.8600441576	38.7703762756	38.7362992293	38.6940194864	38.5845339404	37.9789817457
PD_47P_1_bbduk_polyg_filt	38.4971610833	39.135320366	39.0890105015	39.1094958599	39.1004756426	39.0376853506	38.9580827876	38.9541371552	38.9931031258	38.9523814628	39.3123494872	39.3943584299	39.2424714255	39.2001268076	39.222539596	39.2717603336	39.1368817416	39.1543447625	38.9286778632	38.8176194749	38.8445085862	38.9481945018	39.1527453882	39.127764408	39.1215334178	39.0835892863	39.0846296305	39.0674919821	39.0475639719	39.0541338378	39.0319634726	38.9945793512	38.9533798354	38.8929435285	38.8795273951	38.8532831679	38.7677457832	38.1943580622
PD_47P_2_bbduk_polyg_filt	37.6898630318	38.6627043091	38.9344899586	38.945793169	39.0961263241	39.0543516562	39.1645260281	39.1702734232	39.2302128247	39.234965145	39.3008072581	39.3306608706	39.1402225291	39.0416943868	39.0930252395	39.0782594516	39.0889215538	39.1043381486	39.136228521	39.1359397791	39.1491053392	39.128554399	39.1241878509	39.0627075265	39.0672885479	39.00311423	39.0268892456	38.9712770526	38.9015357528	38.844743928	38.7897959915	38.6913321377	38.6447210072	38.5471874356	38.5058519673	38.4628945036	38.3389667818	37.7555422361
PD_48P_1_bbduk_polyg_filt	38.7159005204	39.2387872677	39.197880763	39.1914115632	39.2021840947	39.1304583504	39.0505342623	39.0445053373	39.0929095333	39.0340918902	39.3765345931	39.4535616253	39.3272425095	39.2917606171	39.3132559716	39.3657435985	39.2403102399	39.2606139767	39.0475709281	38.9624590559	38.9861580893	39.0715081016	39.282678524	39.2629304195	39.2576040148	39.2215343638	39.2239758919	39.2096306838	39.1871395753	39.1957430887	39.1704322194	39.1369878167	39.1004804378	39.0397200799	39.0291508135	39.0085127321	38.9322343849	38.3838781327
PD_48P_2_bbduk_polyg_filt	37.9525952989	38.9276975785	39.1548853199	39.1182774128	39.2480507926	39.1989471277	39.3068203841	39.3167644414	39.3700341479	39.3635961934	39.4149253767	39.4333695791	39.2866101115	39.1949936489	39.2477343154	39.2351663621	39.2471965173	39.2613580513	39.2946300931	39.2926586313	39.3051462634	39.2890972066	39.2846196716	39.2238715039	39.231748098	39.1686687249	39.198989817	39.1451650715	39.0822292115	39.0246355181	38.9743572199	38.8851760192	38.8421106362	38.748315775	38.7160627108	38.6790824608	38.5721069327	37.9856123481
PD_4P_1_bbduk_polyg_filt	38.5887386936	39.1679022044	39.1188175752	39.1282959708	39.1378306381	39.0752621977	38.9871284243	38.9765077143	39.0142896211	38.972646129	39.327443568	39.4080761063	39.2669256663	39.2278051696	39.2500581286	39.2986273095	39.1673280085	39.1861831077	38.9672851084	38.864814872	38.8898658508	38.9922129806	39.1958226099	39.1772256528	39.1757039091	39.1387498662	39.1397987049	39.1256250284	39.1057057275	39.1154868429	39.0952762632	39.060724535	39.0243993037	38.9675078817	38.9548095844	38.9346766639	38.8576558574	38.2876198439
PD_4P_2_bbduk_polyg_filt	37.9601833105	38.9552449111	39.1744240879	39.1629784356	39.2970512533	39.2470651524	39.3347284949	39.340326398	39.3771561887	39.3756674661	39.4221739537	39.4443078419	39.3023500164	39.2088499539	39.2578047081	39.2367172474	39.2442569723	39.2550846981	39.2841016314	39.2795625485	39.2886159332	39.266839596	39.2619736561	39.1991659348	39.2013253577	39.1361781366	39.1616539412	39.1068411513	39.0426825468	38.9825088462	38.9327957393	38.8407349845	38.7968912667	38.7045635884	38.6670443421	38.6206360533	38.5046333021	37.9015033152
PD_50P_1_bbduk_polyg_filt	38.6809164476	39.2087615666	39.1490934544	39.1492471062	39.1659439342	39.1112780415	39.0095093386	39.0058729129	39.0281524226	38.9891965719	39.3411616075	39.4158397924	39.2821934647	39.2375524977	39.2648581282	39.31201557	39.1837129102	39.2105022378	38.9966903691	38.8990052902	38.9142923831	39.0085933667	39.2159701116	39.1946058912	39.1821388251	39.1415269724	39.1459116926	39.1254053593	39.1032869549	39.1099850874	39.0966310813	39.0577313139	39.0203706407	38.9518076464	38.9434896205	38.9161956889	38.8373468332	38.2552282073
PD_50P_2_bbduk_polyg_filt	38.2510328815	39.0288865367	39.2218561136	39.2002082835	39.3045207771	39.2544132209	39.3321098098	39.3341072831	39.3779151159	39.3875712774	39.4315600779	39.4462321166	39.324481852	39.2251340185	39.2665858572	39.2542459112	39.2590944788	39.2637140986	39.288698449	39.2885117408	39.2956086323	39.2746547677	39.2635635396	39.207558641	39.206704288	39.1455585312	39.1738153275	39.1169054506	39.0604554202	39.0017099656	38.9488967801	38.8542454407	38.814806956	38.7303553524	38.6994515269	38.6464595709	38.550924787	37.9159882302
PD_51P_1_bbduk_polyg_filt	38.6394412776	39.1870168804	39.1475099032	39.1476225311	39.1306079971	39.0573358546	38.9735087162	38.9639077445	39.0127904377	38.9646740556	39.3235046031	39.4062235718	39.2681235042	39.232039751	39.2540397234	39.3099018095	39.1755626285	39.1953214487	38.9811475646	38.8779222165	38.8921026902	38.9772528293	39.206149702	39.1875393606	39.1848927224	39.1509619131	39.1528344735	39.1362718475	39.118229686	39.1271361406	39.1066123014	39.0736599729	39.0387923955	38.9514266618	38.9320459298	38.9128584859	38.833768041	38.300948736
PD_51P_2_bbduk_polyg_filt	37.6163774137	38.7848427213	39.0169201253	39.0151578308	39.155062594	39.1050955818	39.2106919159	39.2232885674	39.2777761522	39.281358601	39.3459948379	39.3710240576	39.1965524837	39.1029406357	39.1569591586	39.1459333343	39.1581969607	39.1770148845	39.2095998825	39.2094980582	39.2249442196	39.2115833257	39.2108842724	39.1533733512	39.1617058345	39.1005680014	39.1277118735	39.0760910782	39.0123315195	38.9528788685	38.8997706492	38.8124053523	38.766435818	38.6711330256	38.6357487892	38.596382252	38.4815341356	37.9168368185
PD_52P_1_bbduk_polyg_filt	38.585980196	39.1868216057	39.1354426125	39.1286905145	39.1525992461	39.0839477852	39.0004050526	38.9839918095	39.0271715125	38.9714934636	39.3341076619	39.4170894059	39.2791084885	39.2388129064	39.2593114253	39.3082895748	39.1717775503	39.1835455464	38.9536090372	38.8568524199	38.8866132558	38.9984012276	39.1955024218	39.1676593342	39.161136817	39.1261799707	39.126975331	39.1100363637	39.0877858404	39.0931691136	39.0741787372	39.0339836595	38.9930556228	38.9343798081	38.9200772598	38.8945470292	38.811721134	38.2276598147
PD_52P_2_bbduk_polyg_filt	37.7339724733	38.847279788	39.0933288759	39.0790827557	39.2310848701	39.1881177739	39.2893435253	39.3019943615	39.3493675498	39.350650815	39.3978163818	39.4224391789	39.2685238968	39.1724241681	39.220836637	39.2005196403	39.2123138912	39.2231493337	39.2547166356	39.2533756633	39.2609722761	39.2426401459	39.2357484638	39.1711432713	39.1765790034	39.1123523498	39.1359307002	39.0789400333	39.0129803433	38.9525166648	38.8967661086	38.8018569328	38.7554449791	38.6616565755	38.6229805211	38.5761080314	38.4616838373	37.8704820497
PD_53P_1_bbduk_polyg_filt	38.7240372416	39.25585369	39.1990221254	39.1943775112	39.2124513709	39.1432206351	39.0509512672	39.0398385289	39.0910731245	39.0334819962	39.3853880831	39.4650701289	39.3473563022	39.3126648387	39.3373325658	39.3867670834	39.2593610465	39.2883861487	39.0849037556	38.9947569327	39.0175211755	39.1021324087	39.3043713453	39.2865904808	39.2804751276	39.2427933307	39.2431949712	39.2278783571	39.2033660543	39.2106026672	39.184929261	39.1497843621	39.1145798313	39.0549676797	39.0432273497	39.0204090332	38.9438353885	38.3921707142
PD_53P_2_bbduk_polyg_filt	37.7221531221	38.80539919	39.0386274956	39.0300064235	39.1815665423	39.1299943885	39.2370501944	39.2467094608	39.3041314621	39.3125179835	39.3696284106	39.396403614	39.2252982996	39.1341058697	39.1909731621	39.1794463061	39.1929871429	39.212729389	39.2454325423	39.2465749289	39.2605558584	39.2437370123	39.2416019347	39.1844065651	39.1937183866	39.1314386804	39.1552643108	39.099472363	39.0369129972	38.977547408	38.924302956	38.8307171907	38.7836983318	38.689515309	38.6494879626	38.6083602477	38.4942332571	37.9143355205
PD_54P_1_bbduk_polyg_filt	38.6945141481	39.2465989214	39.2000377802	39.1997367193	39.2181053723	39.1486783572	39.0726880167	39.0627756343	39.1015485453	39.0481487949	39.3878864292	39.4655280791	39.3456975587	39.3101959799	39.3304009079	39.3780590522	39.2535699581	39.2778355773	39.0708970294	38.9824220013	39.008251183	39.0951879611	39.2887176835	39.2690303028	39.2659075072	39.2286249798	39.2297645037	39.2152468128	39.1942291695	39.2014314641	39.1755030078	39.1429388809	39.1049755323	39.0445960264	39.036572505	39.0128338189	38.9361271187	38.3806945397
PD_54P_2_bbduk_polyg_filt	37.7434370436	38.9318682357	39.1299269829	39.1197273136	39.2519934219	39.2053378302	39.3119537429	39.3158744222	39.3679422238	39.3617990064	39.4171588013	39.4400293977	39.2919146935	39.1984102801	39.2498436894	39.2356635221	39.2425235794	39.2557532227	39.2871423471	39.2856829889	39.2974597204	39.2804851563	39.2776701249	39.2179727709	39.2248845612	39.1620785074	39.1914898651	39.1396506021	39.075540558	39.0196857935	38.9672310137	38.8765704613	38.8333511897	38.7385045908	38.705548407	38.6664657263	38.5544490048	37.9696267604
PD_55P_1_bbduk_polyg_filt	38.7586443472	39.2341503616	39.2008481525	39.1921442618	39.1958412286	39.1269256792	39.0525194807	39.0477897239	39.0788387646	39.0289946316	39.3762426677	39.4544921097	39.3287134598	39.2948948557	39.3156440289	39.3689697182	39.2423389111	39.2737219106	39.071557347	38.983019315	39.0037212904	39.0932101834	39.2887447622	39.2734565676	39.2678154401	39.2309972835	39.2338390856	39.2186274733	39.2008537617	39.2065991615	39.1830605326	39.1501817393	39.1155853215	39.0561878624	39.0467315596	39.0235345193	38.9485188348	38.4087296781
PD_55P_2_bbduk_polyg_filt	37.984424894	38.9887309961	39.1679991063	39.1161952015	39.2549726732	39.1975337396	39.3162972159	39.3200753304	39.3620961844	39.3481368679	39.4053342551	39.4303336755	39.2797971516	39.1841433007	39.2343554442	39.216879583	39.2245532129	39.2404409748	39.2724345109	39.2735797839	39.2878600581	39.2695207259	39.2706918599	39.2145923418	39.2302716336	39.1675665821	39.2005935286	39.1534293454	39.0984065847	39.0438834192	38.9981867946	38.913965262	38.8776088304	38.7939766122	38.7607505598	38.7188882621	38.6166060316	38.0754632752
PD_56P_1_bbduk_polyg_filt	38.6355073431	39.1956617682	39.1469887497	39.1602898759	39.1553918723	39.0893658076	39.0085088831	39.0018925322	39.0391951852	38.9992978755	39.3474002784	39.4272803392	39.2935150985	39.2556379178	39.275411882	39.3274467445	39.1989491188	39.2276738114	39.0208484271	38.9180894304	38.9469985909	39.0443627128	39.2400883052	39.2183632287	39.2163899275	39.1804717344	39.181946583	39.1691201109	39.1501459202	39.1569101475	39.1354661983	39.1029127609	39.0691680837	39.0098650611	39.0029343559	38.9788365302	38.9001453738	38.3378186344
PD_56P_2_bbduk_polyg_filt	37.6115092375	38.8561358696	39.0814255916	39.0914030725	39.2139935821	39.1644607949	39.2871881535	39.2858940381	39.3359295966	39.330217401	39.3903499154	39.4168506616	39.2664842113	39.1706765948	39.2193743651	39.2025942997	39.2097756584	39.2220628442	39.2530461605	39.25123058	39.2631373814	39.2443293155	39.2411538906	39.1774118941	39.1810751351	39.116932317	39.1440899479	39.091185614	39.0294183156	38.9738525926	38.9230982995	38.835413812	38.7929929565	38.7041715556	38.6676804288	38.6289895407	38.5130495048	37.8930650072
PD_57P_1_bbduk_polyg_filt	38.7477372942	39.2562240732	39.205466242	39.2173108261	39.2076883506	39.136644466	39.0659830457	39.0518854651	39.0959796958	39.0491315402	39.3878027038	39.467604749	39.3545101379	39.3216212945	39.3412603381	39.3925232766	39.2707242861	39.3038723377	39.1141942229	39.0210234156	39.039719032	39.1221835095	39.3281689152	39.3133618191	39.3120460947	39.2780095477	39.2822477579	39.2676063298	39.2490725338	39.2551656947	39.2373478334	39.2052831692	39.1698227902	39.1117554654	39.102683419	39.0819380643	39.0064772787	38.4512035044
PD_57P_2_bbduk_polyg_filt	38.4663970793	39.1393680481	39.3283608428	39.3053711937	39.4152329364	39.3447704703	39.4445763992	39.4425387092	39.477642757	39.4624137723	39.4996399975	39.5176924955	39.4138627875	39.3254461194	39.3666310775	39.3489944754	39.3498655129	39.3618716854	39.3914138274	39.388992035	39.3957113005	39.3784259001	39.3699590197	39.312165519	39.3206148096	39.2593371399	39.2900845462	39.2391421683	39.1806015542	39.1268755839	39.0794159163	38.9978640877	38.9564434129	38.8725442902	38.8407960078	38.8018959034	38.6956530826	38.0844187869
PD_58P_1_bbduk_polyg_filt	38.5724944959	39.1576291667	39.1061939144	39.1050100552	39.0991234323	39.0259496059	38.9431306487	38.9311918587	38.9743226708	38.921802668	39.2905104481	39.3766263497	39.2254495969	39.1873707162	39.2128621349	39.2643043575	39.1302601277	39.1507486455	38.9235594993	38.818361819	38.8447103424	38.9478572989	39.1633844986	39.1415136204	39.1378139716	39.0974369084	39.101708102	39.0859688466	39.0654814297	39.0743898951	39.0503645909	39.0146751061	38.9742606326	38.9131291721	38.8996380154	38.8766125992	38.7927941296	38.2290382432
PD_58P_2_bbduk_polyg_filt	37.9180152987	38.802223085	39.055318463	39.0691098239	39.2109768908	39.155208082	39.2639859026	39.2748138036	39.3226942109	39.3222984295	39.3745337397	39.3997062679	39.2352167078	39.1417497701	39.1900930478	39.1755948566	39.1842131774	39.1989645627	39.2284214322	39.2266662728	39.2370255502	39.216685882	39.2109135666	39.1468053516	39.1527205402	39.0906278405	39.1118689401	39.0550842398	38.9897394005	38.9306694459	38.8798375595	38.7870609011	38.7397752745	38.647138685	38.602161445	38.5622692924	38.4419814571	37.8538757279
PD_59P_1_bbduk_polyg_filt	38.6279506667	39.2083677986	39.1628420061	39.1525684158	39.1893375141	39.1196111917	39.036903263	39.0183500082	39.0645477144	39.0003747155	39.3495412407	39.4277202963	39.2892528341	39.2470886464	39.2677434497	39.3181689769	39.1883578581	39.1982584151	38.965684724	38.8753188337	38.9070733974	39.0159333291	39.2036683536	39.1741889459	39.169090562	39.1273596811	39.1265332188	39.108067132	39.0871135021	39.0881081082	39.064277288	39.0237683071	38.9810330649	38.9122261285	38.8978235788	38.8675999005	38.7843689676	38.1934986039
PD_59P_2_bbduk_polyg_filt	38.0085436306	38.9049871053	39.1581197032	39.1474708883	39.2932383589	39.2362376757	39.324907021	39.3401297942	39.3856075929	39.3834400166	39.4313009276	39.4458352073	39.3079593783	39.2088055606	39.2546693461	39.2352588922	39.2405646839	39.2487314223	39.2793937006	39.2730948678	39.2809483907	39.255692831	39.2492456219	39.1851998722	39.1872192136	39.1196692167	39.1436606038	39.0855832442	39.0192556929	38.9578093047	38.9014769512	38.8056933511	38.7615440103	38.6605471699	38.6244483864	38.5764876665	38.4597287418	37.8684819841
PD_5P_1_bbduk_polyg_filt	38.7099776196	39.2421238252	39.203809335	39.1991115447	39.2100688541	39.1422258875	39.0529873506	39.0403858146	39.0748309297	39.0314091394	39.3715848425	39.447307493	39.3205766939	39.2818261113	39.3018233442	39.3520246187	39.2256971421	39.2475957887	39.0291826452	38.9456681069	38.9766330181	39.0793696465	39.2677161594	39.2480093952	39.2450520017	39.2084182767	39.2093046613	39.1958389122	39.1768615704	39.1825540074	39.1608096128	39.1276832237	39.0926953228	39.0340005079	39.026010183	39.0012887989	38.9243976163	38.3630234381
PD_5P_2_bbduk_polyg_filt	37.9177674726	39.1110909959	39.27428421	39.1774490025	39.3378120844	39.2831722001	39.3812242499	39.3763637556	39.416991621	39.4180106978	39.4642456623	39.4852686176	39.3629425125	39.2666531653	39.3125755549	39.2952045014	39.3000590375	39.3084478371	39.3368117856	39.3324971377	39.3423025807	39.3222715958	39.3170476979	39.2529513657	39.2583926501	39.1924723607	39.2216764268	39.1693959024	39.1072783866	39.0486121157	39.00024174	38.9133072269	38.8690233004	38.7855803433	38.7473466848	38.7070548067	38.6003456352	37.9834776088
PD_60P_1_bbduk_polyg_filt	38.5279226172	39.1533480185	39.1045756525	39.131254465	39.1323254291	39.0722789395	38.9985698901	38.9829601229	39.0330302819	38.9975906934	39.3328627237	39.4110592575	39.2628800906	39.2219845927	39.239822048	39.2907491854	39.1589698548	39.1759943638	38.9653664208	38.8579530066	38.881944867	38.9766830811	39.1792586425	39.1577865974	39.153948618	39.1167059876	39.1187646441	39.1036868496	39.0835768686	39.0910549819	39.068975041	39.0351087216	38.9978011609	38.9396216808	38.9279521754	38.902083997	38.8185876004	38.2556341515
PD_60P_2_bbduk_polyg_filt	37.9932070428	39.0077890884	39.170089859	39.0970364384	39.2455358588	39.1892501724	39.2939260336	39.2942885456	39.3397848388	39.3365050372	39.3862377494	39.4093417792	39.2598484544	39.1606676539	39.2076195882	39.1867511182	39.1917026179	39.203943106	39.2326230484	39.2271227694	39.2379830969	39.2162200827	39.2100390999	39.1451299016	39.1502893987	39.0876891676	39.1153475399	39.0605017707	39.0008164666	38.9438212856	38.8940990325	38.8038354065	38.7633717954	38.6738913552	38.6366887457	38.5971399074	38.4819579638	37.8913539441
PD_63P_1_bbduk_polyg_filt	38.838588403	39.3008840844	39.2563075995	39.2316988893	39.2476383521	39.1665345046	39.0790143638	39.0680521543	39.114706558	39.0602525822	39.4064413608	39.4858796226	39.372740318	39.3415185248	39.36560613	39.4137515843	39.2907487916	39.3262764144	39.1293340255	39.0424411327	39.0648665458	39.1364894003	39.3366101553	39.3180575168	39.3132875072	39.2749128713	39.2743146035	39.2563761932	39.2352859262	39.2398378839	39.2161559465	39.1834833249	39.1455420487	39.078475704	39.0641468791	39.0388750132	38.965713545	38.415030294
PD_63P_2_bbduk_polyg_filt	37.7260654101	38.8762922527	39.0873285397	39.0640538484	39.2041995965	39.1638839704	39.2661608355	39.2759503087	39.3302975131	39.3305730686	39.3866653747	39.4056567027	39.2464593645	39.1538134405	39.2063032705	39.19444338	39.2057891669	39.2228228727	39.2583269392	39.2620236959	39.2782241391	39.2642473974	39.2621474301	39.2084191468	39.2197495381	39.1578573347	39.187011614	39.1357365074	39.0747823499	39.0189789681	38.9702171428	38.884282744	38.8451625178	38.7515602808	38.7175950701	38.6847790698	38.5757232432	37.9696221688
PD_64P_1_bbduk_polyg_filt	38.6061541355	39.1905794827	39.1458916218	39.1445238074	39.139836564	39.0664863497	38.9897979948	38.9820710599	39.0212137528	38.9748590669	39.3301191879	39.4132188685	39.2743819692	39.2358797727	39.2591322425	39.3097967598	39.1779347781	39.1966334648	38.9743435943	38.8709590742	38.9031667971	39.0031286317	39.2084679104	39.1864913723	39.1790490012	39.1431322996	39.1442393987	39.1279394732	39.106590701	39.1130876322	39.0887271724	39.0541829272	39.0149673505	38.9504502957	38.9373336111	38.9125760395	38.8248540978	38.2588566785
PD_64P_2_bbduk_polyg_filt	37.7029195165	38.9355840834	39.132012329	39.0554325011	39.2191726033	39.1678692736	39.2914618726	39.2972502908	39.3448216017	39.3374333459	39.3928273948	39.4156854252	39.2633518843	39.1676924495	39.2164551248	39.2006766097	39.2067919187	39.2208147342	39.2505292819	39.2465718967	39.2573933618	39.236899384	39.232662982	39.170033145	39.1738949568	39.1106472166	39.1366017009	39.0789531433	39.0140264909	38.9562700456	38.9048045778	38.8126018757	38.766109881	38.673583993	38.6354851317	38.5905944243	38.472084453	37.8883931217
PD_65P_1_bbduk_polyg_filt	38.5470124329	39.1641028273	39.1202399372	39.1412316244	39.1423620415	39.074488506	39.00211925	38.9857304587	39.0298167246	38.9787006634	39.328309107	39.403897457	39.2555222059	39.2147768752	39.2301142206	39.2811264911	39.1458963435	39.1620469275	38.930621551	38.8343958523	38.8565036798	38.9600806693	39.16334107	39.1382391839	39.1335214337	39.0951927345	39.0969860186	39.0789724236	39.059489086	39.0656657386	39.0440420265	39.010194335	38.9728618273	38.9137452773	38.9019131544	38.8780976772	38.7964948752	38.2226742597
PD_65P_2_bbduk_polyg_filt	37.9781215785	38.9681367917	39.1759981543	39.1322548493	39.2821400307	39.2194379842	39.3220757932	39.3310706189	39.3734116202	39.3694892309	39.4183690518	39.4392720656	39.294706839	39.1975239128	39.243778955	39.2242213858	39.2299136337	39.2418991055	39.2708757404	39.2680491498	39.278285332	39.2545864092	39.2497960757	39.1852948588	39.1886714289	39.1232625011	39.1507985002	39.0936991075	39.0329773185	38.9735304343	38.9226160553	38.8321825962	38.7873796416	38.6989028449	38.6601922939	38.6207490755	38.5069245939	37.9264657718
PD_66P_1_bbduk_polyg_filt	38.7856840931	39.2855710866	39.2456561503	39.2507823329	39.2700296715	39.2004797687	39.1130172118	39.0991679615	39.1484105073	39.0954460272	39.4161612084	39.4868856888	39.3723068132	39.3404286932	39.3599175725	39.4136801029	39.2910870468	39.3170181559	39.1095137332	39.0404714171	39.0609019865	39.1457367415	39.3429135588	39.3253818755	39.3256245459	39.2886707993	39.2941913931	39.2780005903	39.2610669477	39.2623640205	39.2458862317	39.2120551503	39.1785395994	39.1169727443	39.1077487697	39.0840138349	39.0125065658	38.4666415522
PD_66P_2_bbduk_polyg_filt	38.4009581572	39.2007848001	39.3762136986	39.3383594491	39.4591477135	39.3856310232	39.4800692739	39.4759837864	39.5117745888	39.4968026575	39.5327626763	39.5445495836	39.4418119965	39.3520828222	39.3978593288	39.3816796943	39.386996625	39.3942005819	39.4257100464	39.4211551713	39.429679228	39.4095590518	39.4049690325	39.342334503	39.3502570655	39.2878775652	39.3216266858	39.2699375837	39.2116109818	39.1569565458	39.1161962354	39.0297819749	38.9903881842	38.9110009649	38.8715515583	38.839165801	38.7386104429	38.128617864
PD_6P_1_bbduk_polyg_filt	38.5562391677	39.1452577295	39.1033521191	39.1096207863	39.1048901507	39.0405887763	38.9754654827	38.9672968941	39.0150310769	38.9603167149	39.3161212315	39.3991034794	39.2485082589	39.209298114	39.2300669074	39.2817732906	39.1483751954	39.1702344551	38.9538308665	38.8452540168	38.8704033215	38.9689281752	39.1770820512	39.1554540155	39.1543189197	39.1196146827	39.117262876	39.103586943	39.0809516882	39.0886125586	39.0683675657	39.0341372877	38.9953175108	38.9346833469	38.9224017024	38.9006187593	38.815273499	38.2541332467
PD_6P_2_bbduk_polyg_filt	37.7731480079	38.8256967816	39.0324094538	39.0040793106	39.149109709	39.0957693014	39.2096756448	39.2087387183	39.2657854293	39.2662506723	39.3258588269	39.3587043119	39.1759840124	39.0781357616	39.1296774542	39.1174152175	39.1298964282	39.144375192	39.1775009182	39.1757146341	39.186116163	39.1675977744	39.1626822488	39.1041355628	39.1120822796	39.0498508218	39.0730417495	39.0175925845	38.9516659141	38.893415259	38.8401671067	38.7447032199	38.7034048348	38.6028433826	38.5614278855	38.5133390807	38.3947519761	37.820857099
PD_70P_1_bbduk_polyg_filt	38.6377446751	39.1954400203	39.1426586961	39.1620195733	39.1813652764	39.1071800782	39.0158177056	39.0115606578	39.0600049247	39.015816878	39.3539525641	39.4322458273	39.294939893	39.2564559593	39.2730021637	39.3248344117	39.1923883542	39.2202848596	39.0137700606	38.9164374864	38.9354898411	39.0193669143	39.2309699348	39.2133135351	39.2096032863	39.1745219097	39.1729648388	39.1588174052	39.139769451	39.146589315	39.1227065989	39.0879700863	39.0539630531	38.9930949518	38.9848471955	38.9606310736	38.8858264736	38.3437271352
PD_70P_2_bbduk_polyg_filt	37.9356449131	38.8757393103	39.103083049	39.0894028338	39.233623781	39.1747148461	39.2703052977	39.2782069083	39.3281258298	39.3345202303	39.3874734366	39.4110508052	39.2478372997	39.1520319265	39.2028836464	39.1897866717	39.1985843867	39.214316673	39.246256847	39.2445300884	39.2537068129	39.2360647441	39.2306432436	39.1677978998	39.1733617134	39.1097272102	39.1363001796	39.0818169388	39.0184978452	38.9610541745	38.9078166811	38.8167779982	38.7727159044	38.6829774418	38.6443605859	38.60132755	38.4897057033	37.9125426009
PD_73P_1_bbduk_polyg_filt	38.9832841253	39.3688247582	39.3173912974	39.2978599665	39.3686048753	39.2836854911	39.1516633817	39.1404812247	39.215668404	39.1364149858	39.4683647569	39.5436494494	39.4535822577	39.4319808415	39.4498034598	39.5068633715	39.3918990706	39.4490398849	39.2681028103	39.2067636585	39.2226370928	39.2748503594	39.4761519144	39.4599694984	39.4612219845	39.4246704981	39.4260871515	39.4054366274	39.3889208111	39.3931144817	39.3748548759	39.3433136689	39.315203636	39.2623494017	39.2571265646	39.2371695313	39.1766267646	38.694593529
PD_73P_2_bbduk_polyg_filt	38.0037188878	39.1181774582	39.3101064838	39.2854318068	39.4143659966	39.3397396779	39.4377882975	39.4322625465	39.482456378	39.4785086846	39.5243462868	39.5458183226	39.4328463513	39.3464234784	39.3970679103	39.3842509723	39.3884631625	39.3997995689	39.4312263984	39.4327187731	39.4398342603	39.4273598123	39.4243127949	39.3721048762	39.3901326493	39.3289957919	39.3642536454	39.3181380131	39.2658813659	39.2125040767	39.1701749385	39.0933157124	39.0607485664	38.9768155669	38.952200462	38.919565823	38.8230998307	38.2565544203
PD_74P_1_bbduk_polyg_filt	38.6593971641	39.2269538171	39.1841467324	39.1866530178	39.1837676399	39.1158830775	39.0331250387	39.0215801522	39.0664154382	39.0213769946	39.3632523215	39.4425436322	39.3158047842	39.2797001007	39.296491088	39.3498655178	39.2198554499	39.246446366	39.0340137218	38.9421045132	38.9672863855	39.0640859669	39.2656854356	39.2477322665	39.2456217151	39.2113931735	39.2124465524	39.1979848702	39.180239241	39.1879758628	39.1658066893	39.1321594358	39.0986002584	39.0358528027	39.0272308877	39.0075249369	38.931603576	38.375179582
PD_74P_2_bbduk_polyg_filt	37.8999116951	39.0702749827	39.2288020338	39.1765288847	39.3012762032	39.2423784963	39.3467751824	39.3420449624	39.3862435529	39.3795335024	39.4303663249	39.4510607279	39.3206126225	39.2240166936	39.2707811894	39.251760868	39.2556181627	39.2683825701	39.2973744425	39.2936703405	39.3042030807	39.2855321838	39.2822714772	39.2177873414	39.2239593905	39.1641521998	39.1940123262	39.1402126483	39.078886801	39.0191821513	38.9735231668	38.8831964896	38.8447201725	38.7534782089	38.7201528104	38.6832069418	38.5690199876	37.9793190391
PD_75P_1_bbduk_polyg_filt	38.5843828131	39.1404937097	39.0988271121	39.1085919546	39.1183886088	39.0535565228	38.9708410032	38.9620013487	39.012242504	38.969441822	39.3127756469	39.3927948664	39.2381797787	39.1951450163	39.2144159668	39.2672738931	39.1366680971	39.1607420591	38.9472262163	38.8409497727	38.8666798586	38.9653001435	39.1726633272	39.1511693598	39.1458402503	39.1114959458	39.110174408	39.097647489	39.0800992454	39.0839942668	39.0619652929	39.0302355538	38.9910929617	38.9289316536	38.9213888431	38.895558226	38.8121566898	38.2472800418
PD_75P_2_bbduk_polyg_filt	37.9321782843	38.9814462027	39.1464583889	39.0709230175	39.2363354999	39.1768199313	39.269419587	39.272539777	39.3238691548	39.3178164635	39.369125694	39.3947632105	39.2364301395	39.1374204419	39.1859678935	39.1666229809	39.1747611892	39.1906155726	39.2203652947	39.2189601114	39.2304910139	39.2102672026	39.2055343727	39.1446128416	39.150413587	39.0868168092	39.1163927568	39.0627019767	38.9972694738	38.940234252	38.8924283664	38.8021235996	38.7627343705	38.6707298892	38.6339050269	38.594045503	38.4810246981	37.8901827415
PD_76P_1_bbduk_polyg_filt	38.630444613	39.2315172775	39.184251909	39.1965443257	39.2015587879	39.1355255332	39.0558885187	39.0463228406	39.0865582694	39.0388524607	39.3802466822	39.4599552504	39.3363135507	39.3037221121	39.3262125024	39.3760629274	39.2472987222	39.2684975984	39.054662952	38.965884496	38.9945757001	39.0886899551	39.2883174336	39.2653370725	39.2613750938	39.2235466836	39.2266348536	39.2103780563	39.1897089315	39.1965007812	39.1702450514	39.1384955621	39.1017035622	39.0414787951	39.0309188866	39.0094422197	38.9314512393	38.3800951847
PD_76P_2_bbduk_polyg_filt	37.7073972939	38.6856008464	38.9661156769	38.9881220105	39.1235039374	39.0863302097	39.2015701909	39.2178251445	39.2784020714	39.2822217859	39.3443957006	39.3689121161	39.19069488	39.0948220119	39.1529378897	39.1425232594	39.1580065161	39.1734175931	39.2089554146	39.2088710335	39.2254921594	39.2093822636	39.2070477979	39.1465785401	39.1536596622	39.0900726932	39.1175377753	39.0614808972	38.9966201455	38.9349831736	38.8803195122	38.7845470371	38.7377173945	38.6417788516	38.6012080289	38.5591203356	38.4471746159	37.8798945068
PD_77P_1_bbduk_polyg_filt	38.5188413046	39.1488589111	39.1052556987	39.106027286	39.1251704779	39.0557115648	38.9832375413	38.9689857515	39.0107598304	38.9546498797	39.308079618	39.3886016284	39.2364943748	39.1897257479	39.2106145934	39.2559879416	39.1219605141	39.1315821857	38.8963727375	38.7931284416	38.8271571955	38.9384941092	39.1311126643	39.1023305296	39.095207474	39.054929006	39.056154302	39.0402261214	39.0177123978	39.0213178757	38.9971434776	38.9605921646	38.9172238456	38.8584318785	38.8451871921	38.815561665	38.7309126315	38.1310560936
PD_77P_2_bbduk_polyg_filt	37.7502169149	38.9510195062	39.1285166986	39.0995164535	39.2425621214	39.184659961	39.2923239854	39.2984715999	39.3476444889	39.3428401788	39.3892700699	39.4073665519	39.2513152729	39.1536156617	39.1977077134	39.1768517782	39.180853196	39.1905871659	39.2191554265	39.2114959567	39.2197239686	39.1961802849	39.1866634457	39.119657733	39.1176945795	39.0507495524	39.0710127742	39.0112956209	38.9465586487	38.8833875467	38.8284106599	38.7303674892	38.6844243703	38.5905250897	38.548504849	38.5033003188	38.3847329332	37.763315922
PD_78P_1_bbduk_polyg_filt	38.4895489712	39.1083266654	39.0606741036	39.0690747711	39.0818481903	39.014792086	38.9461610377	38.9284353105	38.973801523	38.9204736568	39.2835349163	39.3662422262	39.2033591079	39.1585437636	39.1800658738	39.2271496012	39.0920379479	39.098901785	38.8683513579	38.7548018299	38.787598323	38.8996824151	39.0978090917	39.0707378599	39.061156448	39.0264368521	39.0260479388	39.0070092183	38.9876823822	38.9952433285	38.9710934551	38.9335500136	38.8964183064	38.8317922649	38.8194897255	38.7888179343	38.7056048346	38.1076265916
PD_78P_2_bbduk_polyg_filt	37.7076942971	38.7685705209	39.0426006427	39.0098325336	39.1880199932	39.1376623527	39.2260780017	39.2473056974	39.3005814036	39.3031201496	39.3541718087	39.3777739463	39.2056164794	39.1065509051	39.152953654	39.1300594444	39.1404068412	39.1534800987	39.1825912718	39.1754119432	39.1845523887	39.1606056749	39.1527244283	39.08863366	39.0892823856	39.0215909399	39.0418680161	38.9807352105	38.9167728484	38.8562713668	38.8020944864	38.7053220055	38.6616384249	38.5685765162	38.5286396917	38.4804339826	38.3648981321	37.7477486059
PD_79S_1_bbduk_polyg_filt	38.6532385564	39.2318376001	39.1856357171	39.1918628616	39.1822423015	39.1106165251	39.0348571349	39.0311672366	39.068648092	39.0259580159	39.3783458233	39.4597432248	39.3397962186	39.3092254264	39.3306788722	39.3808699598	39.2515210242	39.2867107624	39.0870264009	38.9892853775	39.0168047661	39.1030958929	39.307762987	39.2909213919	39.2892745512	39.2545086177	39.2581647245	39.2451605763	39.2257788198	39.2351915465	39.2143247639	39.183427677	39.1493974982	39.0951655907	39.0879813841	39.0688007764	38.9962459329	38.4742160854
PD_79S_2_bbduk_polyg_filt	37.6302815703	38.6073260969	39.0104769816	39.0400960039	39.1782700387	39.1282007712	39.2614969602	39.2693860212	39.3254131786	39.3249505043	39.3904415096	39.4141046589	39.2578637365	39.1655233007	39.21681803	39.2047433194	39.2159449188	39.2281793601	39.2607149898	39.2600543081	39.2742070553	39.2579560986	39.2516534351	39.1917556063	39.2023866906	39.1376259107	39.1646755603	39.1104818779	39.0430870656	38.9838747743	38.931023906	38.840036406	38.7923109647	38.6973370634	38.6637051639	38.6219691554	38.5076807095	37.9362388714
PD_7P_1_bbduk_polyg_filt	38.896433802	39.3650068898	39.3119343193	39.3134504092	39.339035457	39.268699252	39.181653074	39.1710804968	39.2266610358	39.1808105662	39.4807551117	39.5486698137	39.4550612164	39.433377479	39.4515667882	39.5065281689	39.3938788017	39.4344642882	39.2618651965	39.1972061581	39.2070080194	39.2564082158	39.4537491468	39.4424569217	39.4401416464	39.4056648894	39.404908287	39.390072992	39.372665553	39.3783091788	39.3576322871	39.3258529508	39.2915749221	39.2297868478	39.2189125369	39.1993134417	39.1305993034	38.6164387161
PD_7P_2_bbduk_polyg_filt	38.4726613474	39.27957222	39.4309691696	39.3822563882	39.5042574502	39.4354903452	39.5246946248	39.5218214754	39.5576940237	39.5425752972	39.5800737253	39.590500937	39.5009470261	39.4135231803	39.4623744948	39.4462511673	39.4477272051	39.4570090781	39.4891323568	39.4843071118	39.4917296759	39.471273284	39.4633904025	39.4066524412	39.4179574385	39.3552387554	39.3859761289	39.3389638283	39.2827711596	39.2312633617	39.1888115492	39.1056158305	39.0683736176	38.9869031788	38.9544986569	38.921929971	38.8205168333	38.1683120725
PD_81P_1_bbduk_polyg_filt	37.94	38.975	38.805	39.04	38.835	38.91	38.87	38.62	38.43	38.585	38.901	38.969	38.67	38.493	38.518	38.532	38.355	38.4553078209	38.0633149768	38.2690697627	38.2608338744	38.2070372161	38.5180999323	38.5827297324	38.6404471532	38.5471105041	38.588093593	38.6503346645	38.5382948501	38.4525810522	38.546437463	38.4907395947	38.3503354052	38.3613639433	38.3867545068	38.3667019466	38.3631467585	37.4883826534
PD_81P_2_bbduk_polyg_filt	36.985	37.95	38.055	38.26	38.245	38.075	38.105	38.485	38.4	38.594	38.468	38.623	37.961	37.763	37.86	37.828	37.871	37.85581254	37.8451707563	37.906092033	37.8838598473	37.7582377023	37.9562630439	37.8594139853	37.9231842121	37.8911813862	37.7193609625	37.8168348285	37.8448208927	37.8586629755	37.5886174655	37.6145348966	37.4633846838	37.386588088	37.252823645	37.2926725995	37.2447722156	36.4338468721
PD_82P_1_bbduk_polyg_filt	38.6125244816	39.1854565549	39.1345493164	39.1453927194	39.1557629682	39.0876287755	39.003448787	38.9941342129	39.0379660129	38.9928669427	39.3441542874	39.4243851083	39.2895202983	39.2499429711	39.2696984794	39.3235028946	39.19128061	39.2167460316	39.0036221465	38.9034594388	38.9269494708	39.0206570326	39.2311119546	39.2132064505	39.2096101659	39.1726743045	39.1747880979	39.1585618558	39.138599857	39.1455147818	39.1249337205	39.0888516517	39.056462223	38.9926570573	38.985143779	38.9643112105	38.8869787021	38.3462276314
PD_82P_2_bbduk_polyg_filt	37.7311304613	38.7785025708	39.0528755481	39.0252979158	39.1813225003	39.1285168892	39.2345344943	39.246793906	39.3014967384	39.306071943	39.3607913531	39.3853686587	39.2176259694	39.1183566241	39.1739115944	39.1600013239	39.172815857	39.1881462679	39.2233046701	39.2213054622	39.2357683013	39.2170753795	39.2144106753	39.1511854873	39.159611927	39.0943652593	39.1238033204	39.0693053613	39.004447018	38.9444749896	38.8917397523	38.7987479768	38.7544650809	38.6590790452	38.6232028183	38.5822797408	38.4657417702	37.9082095094
PD_83P_1_bbduk_polyg_filt	38.6043383218	39.2035573492	39.1311398838	39.1735889244	39.1714216318	39.0751639482	39.0043159016	38.9907890066	39.0238215347	38.9968125852	39.344237057	39.4190609644	39.2670664948	39.2422397848	39.2743605553	39.319216038	39.1759206323	39.1991527464	39.0001147223	38.8953289232	38.9179424648	39.0167484822	39.224618104	39.2009377631	39.2009933975	39.1693617265	39.1782383716	39.1379808562	39.1342502885	39.1204717643	39.1237454019	39.0686685264	39.0439794907	38.9961859812	38.9729082183	38.9748748299	38.8848149609	38.3389045331
PD_83P_2_bbduk_polyg_filt	37.7967602713	38.9464716103	39.1189582049	39.1465351344	39.2521345963	39.1942155709	39.3159576257	39.2960783215	39.344132429	39.3470470639	39.3941894139	39.4251293836	39.2744950769	39.1668329503	39.2158735497	39.1976383984	39.2172935	39.227007836	39.2596162791	39.2575725401	39.274724016	39.2481310695	39.2610688136	39.2068463936	39.2066951758	39.1516577531	39.1791641498	39.0999224087	39.0512872109	38.9936944379	38.9467423404	38.8632155327	38.8052808043	38.73192839	38.685316721	38.6397568999	38.5233522333	37.9474249123
PD_84P_1_bbduk_polyg_filt	38.5018048599	39.1191153436	39.0743162228	39.0926182146	39.0964139963	39.0345404709	38.9813514341	38.9630374189	39.0026893299	38.947358448	39.2949467229	39.3716756176	39.2101383561	39.1618986243	39.1790030873	39.2250725987	39.0913230559	39.0951206718	38.8559067239	38.7502876068	38.7808992327	38.8996398101	39.0906207108	39.0645531072	39.05876552	39.0207482989	39.0223654844	39.0051468123	38.9855159977	38.9902295149	38.9649582501	38.9294913835	38.8918561137	38.8300592677	38.8143654668	38.7851244082	38.6958690458	38.0887297082
PD_84P_2_bbduk_polyg_filt	38.1370755709	39.0451679381	39.2061189395	39.1824797684	39.305585973	39.2295224523	39.3355338126	39.333082245	39.3752157821	39.3554543922	39.3996903378	39.4178677674	39.272918204	39.1725349888	39.2122083015	39.1868401681	39.1899474909	39.1961238905	39.2200672978	39.2143869589	39.2190233165	39.1956635182	39.1872175305	39.118005415	39.1161937586	39.0473683141	39.0737192308	39.0152268135	38.9515087253	38.8936150114	38.8403143182	38.7469598775	38.7039702587	38.6173054145	38.5738450882	38.5282000186	38.4045431608	37.803482769
PD_8P_1_bbduk_polyg_filt	38.5888764474	39.187358799	39.1248932464	39.1435048892	39.156660226	39.0921182485	39.0093371768	38.9997819057	39.0351155052	38.9946834695	39.3377501262	39.4151458712	39.2754828327	39.2381553078	39.2560657042	39.3055080308	39.1716411445	39.1931001268	38.9773242326	38.8740605985	38.8966631593	38.9991131305	39.1989619944	39.1768217666	39.1725067966	39.1343779499	39.1372480528	39.1210945238	39.103131512	39.1062692114	39.0839712385	39.0477813683	39.0076071435	38.9474055806	38.9360165136	38.9092983025	38.8240685112	38.2428653407
PD_8P_2_bbduk_polyg_filt	38.2012696851	39.0721223223	39.2625606872	39.2158174344	39.3602687925	39.2956961563	39.392976899	39.3975719763	39.4365251516	39.4282510393	39.472016132	39.4911852043	39.3716052368	39.2777147805	39.3215019846	39.2996908821	39.3029022336	39.3112952169	39.3388844808	39.3325531894	39.3383469589	39.3171645949	39.3089827872	39.2430901751	39.2495786224	39.1848352718	39.2133202412	39.1609633026	39.1009949136	39.0451283595	38.9952548061	38.909630963	38.8701488624	38.7854462863	38.7499550541	38.7082730581	38.60166146	37.9771984308
PD_9P_1_bbduk_polyg_filt	38.5707873697	39.1851250505	39.1410798608	39.1553583927	39.1587397352	39.0907826378	39.0093967803	39.0033340234	39.053240864	39.0093153521	39.3527605753	39.428556078	39.292338844	39.2578706415	39.2765362435	39.3287258352	39.2009915319	39.2257109869	39.0219596046	38.9197635757	38.9416518177	39.028402325	39.2406456924	39.2212164123	39.2197345098	39.1838641239	39.1864105001	39.1696113133	39.1562544608	39.1619923536	39.1393855539	39.107670751	39.0722809146	39.0114466699	39.002909271	38.9782380182	38.9020222193	38.3437506305
PD_9P_2_bbduk_polyg_filt	37.9815978075	38.9865416654	39.1659568805	39.1340046728	39.2745630379	39.2058971402	39.298106251	39.3093859364	39.3662467098	39.3689091967	39.4210548211	39.4440361202	39.3015122389	39.2049107345	39.2561776043	39.2402009089	39.246315914	39.2614369247	39.2904981718	39.2888855712	39.2977553119	39.277807782	39.2725225141	39.2091572246	39.2159361285	39.1534586825	39.1819819116	39.1270117239	39.0675022722	39.0081883749	38.9583744458	38.8711915955	38.8275474889	38.7399943787	38.7064955679	38.6694633955	38.5588897253	37.9398962028
PD_Extr_neg_plate1_1_bbduk_polyg_filt	38.3266102798	38.932986337	38.8887443071	39.0474951204	38.992843201	38.9798308393	38.985035784	38.8861418347	39.0474951204	38.8111906311	39.1640858816	39.1994795055	38.8507482108	38.7601821731	38.7336369551	38.8101496422	38.5889394925	38.5572625106	38.3753894266	38.3600616138	38.3932639285	38.4239719688	38.6886883374	38.6693318103	38.6329836675	38.6399481967	38.5822654253	38.5640374486	38.5792600029	38.6789732963	38.6972813825	38.5810673415	38.5576262936	38.4476135794	38.4623934596	38.3625407249	38.2961781977	37.7530677356
PD_Extr_neg_plate1_2_bbduk_polyg_filt	37.6629798308	38.8601171113	38.8314899154	38.6545217957	38.9668184776	38.8445022772	39.0709173715	39.0292778139	39.1594014314	39.1245283019	39.208848406	39.1797007157	38.8517891997	38.770071568	38.6852309694	38.7122966818	38.7227065712	38.698930867	38.7478302581	38.7718422682	38.8127570152	38.820793905	38.7634477057	38.682533931	38.7314520074	38.7410260418	38.7481368037	38.7020271111	38.6408389006	38.5654898177	38.5705678891	38.5195842646	38.4235867594	38.1939952007	38.2398549993	38.2967065489	38.1334693844	37.5378101489
PD_Extr_neg_plate3_1_bbduk_polyg_filt	38.4491362764	38.7332053743	38.9404990403	38.9865642994	38.8099808061	38.886756238	38.7178502879	38.763915547	38.6026871401	38.6287907869	39.1800383877	39.0295585413	38.8499040307	38.5719769674	38.6487523992	38.7270633397	38.6119001919	38.4338878945	38.2237209917	38.0991566912	38.2604168989	38.3931944968	38.7237730225	38.9157193887	38.9591522573	38.6491022682	38.7819585225	38.8140488445	38.9108900033	38.8658829637	38.7649040676	38.4189443481	38.6129923238	38.5897064288	38.3320254615	38.4393606815	38.4970126018	37.8612104188
PD_Extr_neg_plate3_2_bbduk_polyg_filt	36.7523992322	38.7562380038	38.9251439539	38.9328214971	39.1554702495	39.1631477927	38.9865642994	39.1938579655	39.2552783109	38.8975047985	39.1001919386	39.1785028791	38.9328214971	38.624184261	38.7393474088	38.7393474088	38.6548944338	38.7336037188	38.6732535752	38.7247292588	38.6479298205	38.6449709227	38.9374966851	38.7084656659	38.8174239804	38.7592847924	38.7478554041	38.8483006397	39.0060069321	38.7315639217	38.6345307889	38.5659169554	38.4559990336	38.5368854788	37.9428562721	37.9230787783	38.0575414042	37.2357707829
PD_Extr_pos_plate1_1_bbduk_polyg_filt	38.5393451686	39.0662817126	39.0064500276	39.0012900055	38.994409976	38.9362982984	38.8694637263	38.8068063149	38.8538608023	38.8752871798	39.2218195221	39.3089010381	39.1606609743	39.0978561337	39.1233859574	39.1665335709	39.0189077953	39.0753055821	38.8716105079	38.729959487	38.7758038798	38.8661950588	39.1146978693	39.0956805837	39.1085756602	39.0582848211	39.057528833	39.0545581643	39.0332593149	39.0273312244	39.0141720522	38.9895544954	38.9399043222	38.8612594626	38.8536657228	38.8432626338	38.7514642252	38.2349808095
PD_Extr_pos_plate1_2_bbduk_polyg_filt	36.6246083912	37.1990908532	37.4070888875	37.503900731	37.6967872719	37.6272498311	37.757356103	37.7842619326	37.8420050372	37.9209042324	37.977541618	38.031893851	37.4577062473	37.2702500154	37.3374040174	37.3448737637	37.35234351	37.3793779124	37.4440505059	37.4427383206	37.4651016568	37.4615600584	37.4785250987	37.4333720054	37.4468852696	37.3910124014	37.4043104242	37.3489939593	37.2940040922	37.2503286114	37.1805788687	37.1250344902	37.0540897871	37.0114748283	37.0380172776	37.1167054904	37.1097644213	36.418811707
PD_Extr_pos_plate2_1_bbduk_polyg_filt	37.5165644172	38.2282208589	38.5766871166	38.6110429448	38.1251533742	38.2576687117	38.1889570552	38.3165644172	37.6196319018	38.3008588957	38.5698159509	38.5433128834	37.9150920245	37.6117791411	37.5195092025	37.4527607362	37.2505521472	37.4041189162	37.3478313337	37.1640164921	37.371641864	37.5765256761	37.9782590195	38.0824280547	38.0781908941	38.3045020744	38.3130669015	38.4220349285	38.1401316361	38.2258789707	38.2259974176	38.3824829756	38.1952699086	38.0887771818	38.3591529442	38.3847039712	38.3734455593	37.6855511194
PD_Extr_pos_plate2_2_bbduk_polyg_filt	36.5742331288	37.2122699387	37.6049079755	37.4233128834	37.6490797546	37.6588957055	37.9288343558	37.7079754601	38.1153374233	37.8993865031	37.9847852761	38.0770552147	37.333006135	37.2122699387	37.2201226994	37.1641717791	37.076809816	37.0524810123	37.1734060612	37.1813243353	37.1504942421	37.1781256033	37.4880909094	37.2632127812	37.5702218067	37.5095238973	37.6092823667	37.471556772	37.4951049062	37.3430085907	37.3289039597	37.1756953922	37.1943185357	37.3545614834	37.3963244237	37.5104441241	37.3336259873	36.8389035188
PD_Extr_pos_plate3_1_bbduk_polyg_filt	38.6840943311	39.2208609448	39.1952209861	39.181451486	39.1906202969	39.1260912343	39.0438722793	39.0256236749	39.0523282259	38.9990433143	39.3468144552	39.4275468889	39.2885475985	39.2461452673	39.2633365165	39.3147025564	39.1855713355	39.187405355	38.9474427318	38.8627587127	38.8950544444	39.014762048	39.1873909237	39.1572883549	39.1494507387	39.1080416541	39.108075046	39.0881260404	39.0676183644	39.0691866009	39.0442881797	39.0046364042	38.9668608011	38.898999755	38.8830636236	38.8552736907	38.7697237278	38.1559653701
PD_Extr_pos_plate3_2_bbduk_polyg_filt	38.1077452896	38.9967240806	39.2079917525	39.1706188423	39.3205345831	39.2616852765	39.3604991353	39.365683143	39.4030582244	39.3992783786	39.4404113047	39.4580089951	39.3232310198	39.2257922293	39.267997564	39.2442439096	39.247615722	39.2552147017	39.2855262865	39.2803120437	39.2893660228	39.2700718906	39.263010448	39.1995210517	39.2018426628	39.1364421958	39.1651936936	39.1092144272	39.0479598758	38.9929177001	38.9439334963	38.8577699978	38.8173232456	38.733360529	38.6984386278	38.6580382743	38.5505658815	37.9368907238
PD_Lib_neg_plate1_1_bbduk_polyg_filt	38.3106364041	39.1473075211	39.18647085	38.9514908767	38.9336893636	39.0226969292	38.8909657321	38.8820649755	38.8215398309	38.8172674677	39.1622607922	39.2071206053	38.9148197597	38.9436582109	38.9091232755	39.0109479306	38.8322207388	38.8232509991	38.567987048	38.4733063519	38.5429947279	38.7186111332	38.9479285004	38.9018732968	38.873087249	38.7497387776	38.7306352722	38.7598422136	38.7328319259	38.6974558166	38.673936801	38.6574512417	38.7017081069	38.6679183709	38.5623339784	38.536950103	38.4566274212	37.7527285965
PD_Lib_neg_plate1_2_bbduk_polyg_filt	37.707165109	38.5527369826	38.7966177125	38.6809078772	38.8304405874	38.930129061	39.0298175345	38.9835336004	38.9942145082	39.1405429462	39.179706275	39.2017801513	38.8671117045	38.7998219849	38.7603026257	38.7948375612	38.6873164219	38.7703270704	38.7721139588	38.7972875903	38.8368317841	38.7898581504	38.8421328773	38.7369331421	38.7910227293	38.6402656846	38.6776058767	38.6956304288	38.7068344607	38.6758132061	38.5428250829	38.435080631	38.4659447159	38.3374039726	38.2543655614	38.2164569024	38.2831492245	37.3123537472
PD_Lib_neg_plate2_1_bbduk_polyg_filt	38.5306122449	38.915451895	38.9504373178	38.9037900875	39.0903790087	38.6588921283	38.8571428571	38.6355685131	38.5889212828	38.6705539359	39.1370262391	39.0903790087	38.761516035	38.6192419825	38.7125364431	38.6915451895	38.621574344	38.6487311948	38.582588422	38.3808254455	38.4247088206	38.4208234519	38.4531141309	38.7695290574	38.6941578867	38.6255317625	38.7476728686	38.7876065189	38.6258904544	38.8695389131	38.7543844953	38.6404819487	38.8742339757	38.5034368679	38.6136312046	38.5133024346	38.6178512411	37.9415140415
PD_Lib_neg_plate2_2_bbduk_polyg_filt	37.1428571429	38.0524781341	38.5772594752	38.6705539359	38.7055393586	38.7172011662	39.0087463557	38.8571428571	38.915451895	38.9947521866	38.9970845481	39.1043731778	38.8128279883	38.5982507289	38.7195335277	38.6518950437	38.7195335277	38.7301504173	38.8016608595	38.9027878872	38.723065889	38.7446563888	38.7036447268	38.7724678456	38.6984968698	38.8503994401	38.823091969	38.6989678761	38.6120439399	38.7259665093	38.8799869632	38.6052663298	38.7167310033	38.4518440635	38.46711787	38.3920337438	38.4002216012	37.8662304392
PD_Lib_pos_plate1_1_bbduk_polyg_filt	38.8581245444	39.3016180422	39.2683208157	39.2403618577	39.2370081735	39.1686555969	39.0639199156	39.0600033687	39.096147797	39.0421244448	39.3945134985	39.4756767919	39.3628302502	39.3331176789	39.3554239547	39.4089483418	39.2817872346	39.3112275157	39.1059225361	39.0194017897	39.0390277477	39.1252932017	39.3265163893	39.307335909	39.3008793893	39.262698388	39.2609012293	39.2429207054	39.223108451	39.2288240544	39.2035339254	39.1692203367	39.1332461073	39.0713459059	39.0592428839	39.0389845956	38.9623322624	38.4120400041
PD_Lib_pos_plate1_2_bbduk_polyg_filt	37.7799474771	38.9083292634	39.1338633545	39.1221466022	39.2521509647	39.2083275485	39.2996240613	39.3124458662	39.3597028386	39.3588204879	39.4126435024	39.4326590492	39.2883403092	39.1961107035	39.2458792274	39.2303419626	39.2398412802	39.2532416442	39.2885130461	39.2901074829	39.302699391	39.2883627137	39.2848030338	39.2266012788	39.2389800966	39.1755453689	39.205028465	39.1522057928	39.0923356921	39.0376396456	38.9892886296	38.9031817638	38.8651111418	38.7717140653	38.7428394933	38.7104836314	38.6023311587	38.0166060273
PD_Lib_pos_plate2_1_bbduk_polyg_filt	38.6577779204	39.1676039806	39.1259769224	39.1104542823	39.0978226982	39.0237403776	38.9287067881	38.9377867575	38.9702607801	38.924519299	39.2948686966	39.3863569906	39.2339629954	39.1930648229	39.2200037767	39.2699795488	39.1348092562	39.158796732	38.9423595095	38.8306532168	38.8521686888	38.9456656212	39.1614590917	39.1391608448	39.1321303776	39.0932420275	39.0926915511	39.0721598766	39.0523594312	39.055258047	39.0323133972	38.9944721329	38.9556606924	38.8915099296	38.8766878764	38.853295397	38.7707050625	38.1995930103
PD_Lib_pos_plate2_2_bbduk_polyg_filt	37.2932607443	38.519731975	38.8073278591	38.8296515897	38.9865930738	38.9593087335	39.053195972	39.0721240942	39.1381562854	39.1579592285	39.2273907801	39.2583246835	39.0349677064	38.9356702044	38.9924091516	38.9796673755	38.9969732284	39.0181559068	39.0547021669	39.059939956	39.0803659634	39.0687052256	39.0692508574	39.0123042413	39.0192879409	38.9556740431	38.9824920851	38.92602412	38.8648966066	38.8087718789	38.7566944261	38.6625988372	38.6210331143	38.524644105	38.4914455121	38.4505841528	38.3388925918	37.7488368346
