	52	57	62	67	72	77	82	87	92	97	102	107	112	117	122	127	132	137	142	147	151
PD_100P_1_bbduk_polyg_filt	11657.0	18910.0	23079.0	27560.0	31925.0	36291.0	40722.0	44306.0	47390.0	51678.0	56098.0	58510.0	62424.0	65108.0	68621.0	57506.0	61954.0	76364.0	77908.0	75102.0	2334681.0
	52	57	62	67	72	77	82	87	92	97	102	107	112	117	122	127	132	137	142	147	151
PD_100P_2_bbduk_polyg_filt	11668.0	18917.0	23099.0	27560.0	31947.0	36298.0	40740.0	44303.0	47380.0	51691.0	56097.0	58521.0	62449.0	65136.0	68697.0	57750.0	63134.0	79298.0	82527.0	76478.0	2324104.0
	52	57	62	67	72	77	82	87	92	97	102	107	112	117	122	127	132	137	142	147	151
PD_104P_1_bbduk_polyg_filt	48110.0	77330.0	95042.0	110163.0	124203.0	135636.0	145746.0	151768.0	154266.0	157187.0	160040.0	159370.0	157930.0	155305.0	154262.0	122100.0	124043.0	146306.0	140262.0	132171.0	2350302.0
	52	57	62	67	72	77	82	87	92	97	102	107	112	117	122	127	132	137	142	147	151
PD_104P_2_bbduk_polyg_filt	48178.0	77361.0	95080.0	110197.0	124243.0	135645.0	145783.0	151763.0	154258.0	157196.0	160066.0	159401.0	157905.0	155310.0	154320.0	122222.0	124665.0	147661.0	142779.0	132916.0	2344593.0
	52	57	62	67	72	77	82	87	92	97	102	107	112	117	122	127	132	137	142	147	151
PD_105P_1_bbduk_polyg_filt	45771.0	67608.0	77980.0	84675.0	90116.0	95204.0	100600.0	100812.0	98897.0	102142.0	103446.0	101244.0	102199.0	100057.0	101075.0	79622.0	83318.0	97607.0	93742.0	86903.0	1565238.0
	52	57	62	67	72	77	82	87	92	97	102	107	112	117	122	127	132	137	142	147	151
PD_105P_2_bbduk_polyg_filt	45796.0	67659.0	78008.0	84710.0	90120.0	95194.0	100627.0	100800.0	98906.0	102168.0	103409.0	101254.0	102216.0	100065.0	101086.0	79684.0	83673.0	98450.0	95288.0	87358.0	1561785.0
	52	57	62	67	72	77	82	87	92	97	102	107	112	117	122	127	132	137	142	147	151
PD_107P_1_bbduk_polyg_filt	12.0	15.0	12.0	27.0	21.0	16.0	26.0	21.0	18.0	25.0	36.0	28.0	18.0	24.0	25.0	15.0	17.0	21.0	21.0	23.0	348.0
	52	57	62	67	72	77	82	87	92	97	102	107	112	117	122	127	132	137	142	147	151
PD_107P_2_bbduk_polyg_filt	14.0	14.0	13.0	26.0	22.0	15.0	26.0	20.0	18.0	25.0	37.0	28.0	18.0	24.0	24.0	15.0	17.0	24.0	22.0	23.0	344.0
	52	57	62	67	72	77	82	87	92	97	102	107	112	117	122	127	132	137	142	147	151
PD_108S_1_bbduk_polyg_filt	47689.0	74626.0	90226.0	102709.0	113803.0	121862.0	130469.0	135250.0	138603.0	142404.0	145020.0	145671.0	146845.0	147104.0	148125.0	119577.0	123910.0	148667.0	146867.0	138887.0	3088364.0
	52	57	62	67	72	77	82	87	92	97	102	107	112	117	122	127	132	137	142	147	151
PD_108S_2_bbduk_polyg_filt	47734.0	74701.0	90261.0	102757.0	113820.0	121882.0	130469.0	135276.0	138601.0	142388.0	145002.0	145713.0	146924.0	147097.0	148174.0	119783.0	124889.0	151118.0	151137.0	140132.0	3078820.0
	52	57	62	67	72	77	82	87	92	97	102	107	112	117	122	127	132	137	142	147	151
PD_109S_1_bbduk_polyg_filt	47159.0	75233.0	91530.0	106332.0	118199.0	127113.0	134942.0	137995.0	138095.0	139166.0	139184.0	136285.0	135537.0	132548.0	130983.0	104119.0	105913.0	124607.0	121735.0	114453.0	2814219.0
	52	57	62	67	72	77	82	87	92	97	102	107	112	117	122	127	132	137	142	147	151
PD_109S_2_bbduk_polyg_filt	47212.0	75277.0	91577.0	106380.0	118207.0	127126.0	134941.0	137995.0	138095.0	139170.0	139186.0	136301.0	135535.0	132543.0	131044.0	104265.0	107081.0	127450.0	126314.0	115745.0	2803903.0
	52	57	62	67	72	77	82	87	92	97	102	107	112	117	122	127	132	137	142	147	151
PD_10P_1_bbduk_polyg_filt	46824.0	67180.0	73421.0	76796.0	80914.0	81878.0	83700.0	83328.0	82528.0	81572.0	80951.0	78772.0	77274.0	74575.0	72864.0	56855.0	57490.0	66476.0	64490.0	60253.0	1341433.0
	52	57	62	67	72	77	82	87	92	97	102	107	112	117	122	127	132	137	142	147	151
PD_10P_2_bbduk_polyg_filt	46853.0	67209.0	73469.0	76804.0	80900.0	81901.0	83691.0	83373.0	82508.0	81577.0	80933.0	78780.0	77249.0	74592.0	72888.0	56962.0	58130.0	68188.0	67063.0	60981.0	1335523.0
	52	57	62	67	72	77	82	87	92	97	102	107	112	117	122	127	132	137	142	147	151
PD_110S_1_bbduk_polyg_filt	48668.0	73522.0	86147.0	95928.0	103708.0	110116.0	116330.0	119587.0	121687.0	123302.0	124542.0	123068.0	121569.0	118731.0	116671.0	90881.0	92682.0	109394.0	104955.0	99035.0	2109929.0
	52	57	62	67	72	77	82	87	92	97	102	107	112	117	122	127	132	137	142	147	151
PD_110S_2_bbduk_polyg_filt	48720.0	73577.0	86153.0	95943.0	103726.0	110151.0	116334.0	119566.0	121696.0	123296.0	124559.0	123085.0	121574.0	118737.0	116714.0	91025.0	93369.0	111396.0	108265.0	99941.0	2102625.0
	52	57	62	67	72	77	82	87	92	97	102	107	112	117	122	127	132	137	142	147	151
PD_111P_1_bbduk_polyg_filt	31901.0	51030.0	63109.0	74188.0	84396.0	92235.0	101112.0	107466.0	112164.0	115510.0	119129.0	120882.0	120644.0	119374.0	120860.0	95146.0	98898.0	118196.0	116535.0	108980.0	2290421.0
	52	57	62	67	72	77	82	87	92	97	102	107	112	117	122	127	132	137	142	147	151
PD_111P_2_bbduk_polyg_filt	31941.0	51060.0	63147.0	74196.0	84391.0	92264.0	101123.0	107488.0	112200.0	115503.0	119129.0	120891.0	120648.0	119372.0	120901.0	95290.0	99566.0	119864.0	119533.0	109860.0	2283809.0
	52	57	62	67	72	77	82	87	92	97	102	107	112	117	122	127	132	137	142	147	151
PD_112S_1_bbduk_polyg_filt	159.0	223.0	246.0	247.0	285.0	330.0	378.0	357.0	320.0	340.0	404.0	395.0	394.0	334.0	353.0	299.0	342.0	367.0	360.0	343.0	5741.0
	52	57	62	67	72	77	82	87	92	97	102	107	112	117	122	127	132	137	142	147	151
PD_112S_2_bbduk_polyg_filt	164.0	228.0	247.0	246.0	283.0	331.0	375.0	352.0	321.0	348.0	404.0	393.0	392.0	337.0	354.0	300.0	349.0	376.0	396.0	350.0	5671.0
	52	57	62	67	72	77	82	87	92	97	102	107	112	117	122	127	132	137	142	147	151
PD_113P_1_bbduk_polyg_filt	33774.0	52103.0	62914.0	72786.0	80534.0	87961.0	94667.0	99937.0	103907.0	107393.0	112648.0	114208.0	117069.0	119724.0	123045.0	100147.0	105115.0	127827.0	130132.0	123098.0	3271536.0
	52	57	62	67	72	77	82	87	92	97	102	107	112	117	122	127	132	137	142	147	151
PD_113P_2_bbduk_polyg_filt	33791.0	52123.0	62996.0	72771.0	80550.0	87975.0	94701.0	99962.0	103901.0	107402.0	112621.0	114247.0	117073.0	119719.0	123109.0	100363.0	106222.0	130431.0	134513.0	124460.0	3261595.0
	52	57	62	67	72	77	82	87	92	97	102	107	112	117	122	127	132	137	142	147	151
PD_114P_1_bbduk_polyg_filt	60278.0	88354.0	99142.0	106815.0	112887.0	117621.0	122395.0	123168.0	122870.0	122219.0	121146.0	116925.0	113925.0	111210.0	107662.0	83296.0	83831.0	97306.0	93031.0	85957.0	1548072.0
	52	57	62	67	72	77	82	87	92	97	102	107	112	117	122	127	132	137	142	147	151
PD_114P_2_bbduk_polyg_filt	60332.0	88394.0	99181.0	106831.0	112871.0	117637.0	122433.0	123153.0	122882.0	122240.0	121127.0	116884.0	113943.0	111212.0	107680.0	83388.0	84246.0	98411.0	94910.0	86470.0	1543885.0
	52	57	62	67	72	77	82	87	92	97	102	107	112	117	122	127	132	137	142	147	151
PD_115S_1_bbduk_polyg_filt	18216.0	29492.0	36291.0	41881.0	47613.0	54046.0	59967.0	64174.0	68579.0	73015.0	76964.0	79899.0	85059.0	89148.0	91736.0	75990.0	81712.0	100704.0	103094.0	99779.0	2505302.0
	52	57	62	67	72	77	82	87	92	97	102	107	112	117	122	127	132	137	142	147	151
PD_115S_2_bbduk_polyg_filt	18233.0	29517.0	36312.0	41897.0	47625.0	54068.0	59991.0	64196.0	68584.0	72989.0	76971.0	79914.0	85077.0	89167.0	91781.0	76127.0	82285.0	102160.0	105721.0	100506.0	2499540.0
	52	57	62	67	72	77	82	87	92	97	102	107	112	117	122	127	132	137	142	147	151
PD_116P_1_bbduk_polyg_filt	54183.0	85207.0	102065.0	117405.0	129832.0	139604.0	148963.0	154337.0	158152.0	160531.0	164253.0	164688.0	166136.0	165085.0	166128.0	132676.0	135183.0	161754.0	158389.0	152334.0	3190743.0
	52	57	62	67	72	77	82	87	92	97	102	107	112	117	122	127	132	137	142	147	151
PD_116P_2_bbduk_polyg_filt	54232.0	85260.0	102121.0	117432.0	129846.0	139628.0	148981.0	154341.0	158144.0	160549.0	164282.0	164627.0	166149.0	165117.0	166167.0	132802.0	135784.0	163189.0	160897.0	153047.0	3185053.0
	52	57	62	67	72	77	82	87	92	97	102	107	112	117	122	127	132	137	142	147	151
PD_117_1_bbduk_polyg_filt	30084.0	47668.0	58142.0	67214.0	75113.0	82484.0	89985.0	93924.0	97937.0	102502.0	106446.0	107634.0	108490.0	108648.0	110194.0	89568.0	94804.0	113092.0	112989.0	109095.0	2506256.0
	52	57	62	67	72	77	82	87	92	97	102	107	112	117	122	127	132	137	142	147	151
PD_117_2_bbduk_polyg_filt	30127.0	47691.0	58169.0	67252.0	75114.0	82508.0	89994.0	93944.0	97951.0	102496.0	106475.0	107630.0	108485.0	108667.0	110235.0	89735.0	95729.0	115356.0	116951.0	110276.0	2497484.0
	52	57	62	67	72	77	82	87	92	97	102	107	112	117	122	127	132	137	142	147	151
PD_118_1_bbduk_polyg_filt	39257.0	60030.0	69913.0	76257.0	80808.0	85767.0	90764.0	90864.0	89272.0	89956.0	90273.0	87145.0	86711.0	88593.0	89279.0	72582.0	77524.0	91645.0	91066.0	84186.0	2745167.0
	52	57	62	67	72	77	82	87	92	97	102	107	112	117	122	127	132	137	142	147	151
PD_118_2_bbduk_polyg_filt	39277.0	60069.0	69936.0	76299.0	80805.0	85773.0	90775.0	90866.0	89276.0	89950.0	90286.0	87139.0	86735.0	88625.0	89352.0	72830.0	78921.0	95431.0	96885.0	85815.0	2732014.0
	52	57	62	67	72	77	82	87	92	97	102	107	112	117	122	127	132	137	142	147	151
PD_119P_1_bbduk_polyg_filt	50525.0	76713.0	91238.0	103526.0	113155.0	119540.0	125819.0	129099.0	131084.0	130977.0	132741.0	130358.0	129199.0	124923.0	124023.0	95855.0	97402.0	113209.0	109345.0	101242.0	2036250.0
	52	57	62	67	72	77	82	87	92	97	102	107	112	117	122	127	132	137	142	147	151
PD_119P_2_bbduk_polyg_filt	50605.0	76766.0	91275.0	103502.0	113195.0	119600.0	125836.0	129074.0	131095.0	130980.0	132739.0	130392.0	129201.0	124912.0	124077.0	95986.0	98188.0	115247.0	112779.0	102216.0	2028558.0
	52	57	62	67	72	77	82	87	92	97	102	107	112	117	122	127	132	137	142	147	151
PD_11P_1_bbduk_polyg_filt	60076.0	88263.0	99375.0	108447.0	114354.0	118548.0	122879.0	123488.0	123734.0	122310.0	122221.0	119916.0	118141.0	114534.0	112124.0	87405.0	89114.0	104496.0	101149.0	94778.0	2116097.0
	52	57	62	67	72	77	82	87	92	97	102	107	112	117	122	127	132	137	142	147	151
PD_11P_2_bbduk_polyg_filt	60127.0	88331.0	99420.0	108437.0	114365.0	118541.0	122890.0	123530.0	123730.0	122319.0	122225.0	119949.0	118103.0	114554.0	112148.0	87588.0	90113.0	107051.0	105332.0	96031.0	2106665.0
	52	57	62	67	72	77	82	87	92	97	102	107	112	117	122	127	132	137	142	147	151
PD_120S_1_bbduk_polyg_filt	37773.0	59820.0	71942.0	82282.0	90561.0	97314.0	102146.0	105398.0	106695.0	106702.0	107524.0	105915.0	103685.0	101305.0	98545.0	77418.0	77946.0	90295.0	86754.0	81241.0	1690906.0
	52	57	62	67	72	77	82	87	92	97	102	107	112	117	122	127	132	137	142	147	151
PD_120S_2_bbduk_polyg_filt	37823.0	59860.0	71970.0	82297.0	90582.0	97349.0	102164.0	105374.0	106689.0	106729.0	107518.0	105917.0	103704.0	101296.0	98580.0	77535.0	78576.0	92026.0	89678.0	82011.0	1684489.0
	52	57	62	67	72	77	82	87	92	97	102	107	112	117	122	127	132	137	142	147	151
PD_121S_1_bbduk_polyg_filt	53652.0	81235.0	94942.0	106140.0	115009.0	121603.0	128660.0	132770.0	136257.0	138796.0	142246.0	143145.0	145016.0	145368.0	146212.0	117503.0	123297.0	146410.0	146339.0	138716.0	3529527.0
	52	57	62	67	72	77	82	87	92	97	102	107	112	117	122	127	132	137	142	147	151
PD_121S_2_bbduk_polyg_filt	53687.0	81284.0	94983.0	106151.0	114994.0	121649.0	128686.0	132766.0	136302.0	138794.0	142224.0	143173.0	145008.0	145413.0	146301.0	117786.0	124539.0	149529.0	151718.0	140182.0	3517674.0
	52	57	62	67	72	77	82	87	92	97	102	107	112	117	122	127	132	137	142	147	151
PD_122S_1_bbduk_polyg_filt	46844.0	74632.0	91465.0	105152.0	117433.0	126022.0	132995.0	138342.0	140189.0	141486.0	143340.0	142302.0	140206.0	137810.0	136488.0	108408.0	111967.0	130925.0	127293.0	120202.0	2325939.0
	52	57	62	67	72	77	82	87	92	97	102	107	112	117	122	127	132	137	142	147	151
PD_122S_2_bbduk_polyg_filt	46919.0	74664.0	91503.0	105185.0	117455.0	126032.0	133006.0	138338.0	140240.0	141489.0	143355.0	142303.0	140205.0	137819.0	136512.0	108517.0	112516.0	132200.0	129712.0	120848.0	2320622.0
	52	57	62	67	72	77	82	87	92	97	102	107	112	117	122	127	132	137	142	147	151
PD_123P_1_bbduk_polyg_filt	39955.0	63360.0	77626.0	89768.0	100511.0	108636.0	116277.0	121782.0	125459.0	128612.0	132630.0	134600.0	136530.0	136846.0	138374.0	112044.0	117077.0	139782.0	140079.0	134613.0	3199430.0
	52	57	62	67	72	77	82	87	92	97	102	107	112	117	122	127	132	137	142	147	151
PD_123P_2_bbduk_polyg_filt	40004.0	63397.0	77662.0	89784.0	100548.0	108652.0	116283.0	121790.0	125467.0	128636.0	132615.0	134592.0	136528.0	136891.0	138421.0	112215.0	118263.0	142501.0	144689.0	136009.0	3189044.0
	52	57	62	67	72	77	82	87	92	97	102	107	112	117	122	127	132	137	142	147	151
PD_126P_1_bbduk_polyg_filt	66267.0	100233.0	117520.0	130376.0	142277.0	150626.0	158794.0	164218.0	167076.0	168415.0	169295.0	168385.0	166930.0	163681.0	161749.0	127622.0	131268.0	153644.0	150075.0	139609.0	2654831.0
	52	57	62	67	72	77	82	87	92	97	102	107	112	117	122	127	132	137	142	147	151
PD_126P_2_bbduk_polyg_filt	66346.0	100320.0	117586.0	130402.0	142311.0	150603.0	158836.0	164215.0	167057.0	168430.0	169361.0	168401.0	166919.0	163640.0	161779.0	127816.0	132047.0	155480.0	153749.0	140610.0	2646983.0
	52	57	62	67	72	77	82	87	92	97	102	107	112	117	122	127	132	137	142	147	151
PD_127S_1_bbduk_polyg_filt	41438.0	65297.0	79691.0	91760.0	102597.0	110804.0	118833.0	123725.0	126367.0	129577.0	133253.0	132389.0	133458.0	132798.0	133318.0	106014.0	110990.0	133295.0	133726.0	125759.0	3438476.0
	52	57	62	67	72	77	82	87	92	97	102	107	112	117	122	127	132	137	142	147	151
PD_127S_2_bbduk_polyg_filt	41484.0	65313.0	79744.0	91756.0	102645.0	110813.0	118819.0	123745.0	126387.0	129591.0	133222.0	132401.0	133503.0	132818.0	133417.0	106195.0	112123.0	136180.0	138546.0	127153.0	3427710.0
	52	57	62	67	72	77	82	87	92	97	102	107	112	117	122	127	132	137	142	147	151
PD_128S_1_bbduk_polyg_filt	50414.0	77664.0	91667.0	104392.0	113406.0	120516.0	126715.0	130963.0	133520.0	135409.0	137376.0	136744.0	136290.0	135355.0	135013.0	107598.0	111272.0	131987.0	129575.0	122526.0	2783877.0
	52	57	62	67	72	77	82	87	92	97	102	107	112	117	122	127	132	137	142	147	151
PD_128S_2_bbduk_polyg_filt	50485.0	77713.0	91700.0	104421.0	113418.0	120532.0	126743.0	130971.0	133530.0	135396.0	137370.0	136752.0	136296.0	135356.0	135055.0	107831.0	112453.0	134992.0	134758.0	123946.0	2772561.0
	52	57	62	67	72	77	82	87	92	97	102	107	112	117	122	127	132	137	142	147	151
PD_129P_1_bbduk_polyg_filt	55200.0	76156.0	82049.0	85309.0	88577.0	91145.0	95219.0	96305.0	96908.0	97120.0	96283.0	93579.0	90498.0	89251.0	86447.0	67855.0	69830.0	80030.0	77516.0	71290.0	1426822.0
	52	57	62	67	72	77	82	87	92	97	102	107	112	117	122	127	132	137	142	147	151
PD_129P_2_bbduk_polyg_filt	55255.0	76190.0	82099.0	85304.0	88618.0	91130.0	95256.0	96294.0	96920.0	97156.0	96273.0	93574.0	90483.0	89259.0	86477.0	68009.0	70486.0	81752.0	80324.0	72190.0	1420340.0
	52	57	62	67	72	77	82	87	92	97	102	107	112	117	122	127	132	137	142	147	151
PD_12P_1_bbduk_polyg_filt	53303.0	76155.0	84065.0	89666.0	93836.0	96440.0	99340.0	100324.0	99241.0	98466.0	99411.0	97288.0	96069.0	92870.0	91591.0	72312.0	73496.0	86994.0	83429.0	77835.0	1459011.0
	52	57	62	67	72	77	82	87	92	97	102	107	112	117	122	127	132	137	142	147	151
PD_12P_2_bbduk_polyg_filt	53369.0	76220.0	84066.0	89698.0	93848.0	96443.0	99362.0	100338.0	99231.0	98460.0	99420.0	97308.0	96063.0	92882.0	91581.0	72395.0	73932.0	88155.0	85434.0	78486.0	1454451.0
	52	57	62	67	72	77	82	87	92	97	102	107	112	117	122	127	132	137	142	147	151
PD_130S_1_bbduk_polyg_filt	25282.0	40959.0	49740.0	59215.0	65787.0	72499.0	79192.0	83082.0	83794.0	87177.0	89853.0	90722.0	91595.0	89531.0	91720.0	74980.0	78932.0	96242.0	96410.0	91419.0	2339245.0
	52	57	62	67	72	77	82	87	92	97	102	107	112	117	122	127	132	137	142	147	151
PD_130S_2_bbduk_polyg_filt	25314.0	40978.0	49767.0	59250.0	65811.0	72486.0	79203.0	83111.0	83803.0	87191.0	89850.0	90720.0	91599.0	89537.0	91775.0	75140.0	79936.0	98779.0	100506.0	92583.0	2330037.0
	52	57	62	67	72	77	82	87	92	97	102	107	112	117	122	127	132	137	142	147	151
PD_131P_1_bbduk_polyg_filt	61587.0	93869.0	108375.0	120176.0	129156.0	135880.0	140099.0	140684.0	140860.0	138674.0	137032.0	132889.0	128083.0	123706.0	120917.0	93918.0	95007.0	109645.0	104700.0	97518.0	1915127.0
	52	57	62	67	72	77	82	87	92	97	102	107	112	117	122	127	132	137	142	147	151
PD_131P_2_bbduk_polyg_filt	61639.0	93931.0	108399.0	120220.0	129187.0	135866.0	140135.0	140688.0	140852.0	138667.0	137039.0	132887.0	128112.0	123686.0	120958.0	94010.0	95744.0	111520.0	107775.0	98353.0	1908234.0
	52	57	62	67	72	77	82	87	92	97	102	107	112	117	122	127	132	137	142	147	151
PD_134S_1_bbduk_polyg_filt	67400.0	104357.0	120833.0	134904.0	146097.0	155124.0	162622.0	166605.0	168164.0	170164.0	171854.0	171183.0	170911.0	168028.0	167711.0	133840.0	137779.0	163813.0	160730.0	152293.0	3550603.0
	52	57	62	67	72	77	82	87	92	97	102	107	112	117	122	127	132	137	142	147	151
PD_134S_2_bbduk_polyg_filt	67502.0	104407.0	120905.0	134954.0	146121.0	155170.0	162608.0	166573.0	168196.0	170144.0	171846.0	171254.0	170889.0	168034.0	167828.0	134071.0	139125.0	167382.0	167331.0	154180.0	3536495.0
	52	57	62	67	72	77	82	87	92	97	102	107	112	117	122	127	132	137	142	147	151
PD_137P_1_bbduk_polyg_filt	32749.0	52746.0	64598.0	76313.0	85590.0	93435.0	100962.0	106267.0	110745.0	112981.0	116853.0	118570.0	120463.0	121844.0	122739.0	99156.0	101793.0	123471.0	122962.0	117206.0	3053279.0
	52	57	62	67	72	77	82	87	92	97	102	107	112	117	122	127	132	137	142	147	151
PD_137P_2_bbduk_polyg_filt	32811.0	52775.0	64611.0	76355.0	85599.0	93450.0	100966.0	106277.0	110760.0	112988.0	116884.0	118538.0	120447.0	121868.0	122801.0	99345.0	102550.0	125401.0	126491.0	118179.0	3045626.0
	52	57	62	67	72	77	82	87	92	97	102	107	112	117	122	127	132	137	142	147	151
PD_138S_1_bbduk_polyg_filt	51272.0	76331.0	86503.0	92796.0	97775.0	100378.0	104118.0	104748.0	103979.0	102926.0	102094.0	98490.0	95072.0	89623.0	89148.0	72647.0	75476.0	89735.0	87023.0	80844.0	1621385.0
	52	57	62	67	72	77	82	87	92	97	102	107	112	117	122	127	132	137	142	147	151
PD_138S_2_bbduk_polyg_filt	51350.0	76365.0	86543.0	92819.0	97766.0	100380.0	104127.0	104743.0	103981.0	102948.0	102085.0	98482.0	95092.0	89618.0	89147.0	72736.0	75926.0	90824.0	88921.0	81402.0	1617108.0
	52	57	62	67	72	77	82	87	92	97	102	107	112	117	122	127	132	137	142	147	151
PD_13P_1_bbduk_polyg_filt	53077.0	79412.0	91880.0	100382.0	108333.0	113940.0	118313.0	120125.0	121381.0	121470.0	122405.0	120647.0	119510.0	116577.0	115448.0	90422.0	91354.0	107962.0	105663.0	98520.0	2151791.0
	52	57	62	67	72	77	82	87	92	97	102	107	112	117	122	127	132	137	142	147	151
PD_13P_2_bbduk_polyg_filt	53138.0	79449.0	91930.0	100434.0	108311.0	113934.0	118318.0	120148.0	121387.0	121476.0	122426.0	120615.0	119507.0	116573.0	115497.0	90562.0	92216.0	109997.0	109391.0	99438.0	2143865.0
	52	57	62	67	72	77	82	87	92	97	102	107	112	117	122	127	132	137	142	147	151
PD_140S_1_bbduk_polyg_filt	50292.0	79153.0	95060.0	110095.0	122071.0	132112.0	141669.0	148391.0	152714.0	157057.0	161498.0	163365.0	165616.0	166100.0	167913.0	135687.0	140606.0	169472.0	169356.0	161479.0	4021489.0
	52	57	62	67	72	77	82	87	92	97	102	107	112	117	122	127	132	137	142	147	151
PD_140S_2_bbduk_polyg_filt	50329.0	79202.0	95103.0	110141.0	122083.0	132139.0	141693.0	148406.0	152726.0	157049.0	161513.0	163365.0	165594.0	166094.0	167983.0	135950.0	141759.0	172278.0	174367.0	162939.0	4010482.0
	52	57	62	67	72	77	82	87	92	97	102	107	112	117	122	127	132	137	142	147	151
PD_141P_1_bbduk_polyg_filt	45312.0	70730.0	85307.0	98194.0	108876.0	116467.0	125478.0	131076.0	135299.0	138879.0	142430.0	145356.0	147281.0	148553.0	150340.0	121913.0	126724.0	151477.0	152786.0	145416.0	3934203.0
	52	57	62	67	72	77	82	87	92	97	102	107	112	117	122	127	132	137	142	147	151
PD_141P_2_bbduk_polyg_filt	45345.0	70764.0	85371.0	98214.0	108895.0	116481.0	125453.0	131082.0	135314.0	138880.0	142446.0	145380.0	147319.0	148518.0	150383.0	122147.0	127856.0	154247.0	157497.0	146776.0	3923729.0
	52	57	62	67	72	77	82	87	92	97	102	107	112	117	122	127	132	137	142	147	151
PD_142S_1_bbduk_polyg_filt	25618.0	38944.0	45719.0	51342.0	57628.0	62526.0	67402.0	71483.0	74704.0	78519.0	81771.0	81705.0	84361.0	86175.0	88576.0	71665.0	73996.0	90693.0	91351.0	88106.0	2988781.0
	52	57	62	67	72	77	82	87	92	97	102	107	112	117	122	127	132	137	142	147	151
PD_142S_2_bbduk_polyg_filt	25643.0	38980.0	45751.0	51335.0	57634.0	62523.0	67411.0	71519.0	74695.0	78530.0	81757.0	81735.0	84335.0	86196.0	88656.0	71864.0	75026.0	93440.0	96059.0	89495.0	2978481.0
	52	57	62	67	72	77	82	87	92	97	102	107	112	117	122	127	132	137	142	147	151
PD_145P_1_bbduk_polyg_filt	47557.0	74070.0	88262.0	101291.0	112812.0	121671.0	131911.0	138557.0	144335.0	148802.0	154223.0	157693.0	160764.0	162444.0	164878.0	132791.0	137963.0	164970.0	164684.0	157463.0	3912862.0
	52	57	62	67	72	77	82	87	92	97	102	107	112	117	122	127	132	137	142	147	151
PD_145P_2_bbduk_polyg_filt	47613.0	74132.0	88318.0	101302.0	112838.0	121696.0	131908.0	138566.0	144367.0	148798.0	154244.0	157706.0	160777.0	162470.0	164937.0	133074.0	139415.0	168748.0	170780.0	159272.0	3899042.0
	52	57	62	67	72	77	82	87	92	97	102	107	112	117	122	127	132	137	142	147	151
PD_146S_1_bbduk_polyg_filt	35597.0	55797.0	66791.0	76562.0	83799.0	89474.0	95534.0	97932.0	98948.0	100520.0	102354.0	102372.0	104190.0	103789.0	103308.0	81887.0	85501.0	101489.0	100358.0	93354.0	2473303.0
	52	57	62	67	72	77	82	87	92	97	102	107	112	117	122	127	132	137	142	147	151
PD_146S_2_bbduk_polyg_filt	35632.0	55821.0	66839.0	76586.0	83797.0	89464.0	95560.0	97939.0	98982.0	100537.0	102331.0	102359.0	104223.0	103784.0	103356.0	82025.0	86457.0	103840.0	104095.0	94539.0	2464693.0
	52	57	62	67	72	77	82	87	92	97	102	107	112	117	122	127	132	137	142	147	151
PD_147_1_bbduk_polyg_filt	23724.0	38162.0	47668.0	57562.0	66222.0	73290.0	80642.0	87297.0	90445.0	96005.0	100765.0	103614.0	106056.0	109135.0	112241.0	91793.0	96526.0	117470.0	119618.0	115412.0	3205160.0
	52	57	62	67	72	77	82	87	92	97	102	107	112	117	122	127	132	137	142	147	151
PD_147_2_bbduk_polyg_filt	23753.0	38196.0	47689.0	57551.0	66248.0	73322.0	80684.0	87303.0	90431.0	96002.0	100789.0	103612.0	106099.0	109158.0	112291.0	92001.0	97805.0	120503.0	124843.0	116798.0	3193729.0
	52	57	62	67	72	77	82	87	92	97	102	107	112	117	122	127	132	137	142	147	151
PD_148P_1_bbduk_polyg_filt	53242.0	82020.0	96339.0	108889.0	119125.0	125764.0	132024.0	135871.0	137336.0	138279.0	139674.0	138306.0	136883.0	134999.0	134250.0	107219.0	109618.0	129477.0	128051.0	120037.0	3595647.0
	52	57	62	67	72	77	82	87	92	97	102	107	112	117	122	127	132	137	142	147	151
PD_148P_2_bbduk_polyg_filt	53305.0	82081.0	96372.0	108911.0	119144.0	125792.0	132023.0	135849.0	137366.0	138269.0	139673.0	138299.0	136914.0	135022.0	134341.0	107542.0	111546.0	134386.0	135741.0	122174.0	3578300.0
	52	57	62	67	72	77	82	87	92	97	102	107	112	117	122	127	132	137	142	147	151
PD_149S_1_bbduk_polyg_filt	40917.0	61025.0	68812.0	73617.0	77615.0	81059.0	85919.0	85498.0	84527.0	86989.0	89043.0	87311.0	86705.0	87244.0	88200.0	70696.0	74854.0	88922.0	90094.0	82709.0	2609026.0
	52	57	62	67	72	77	82	87	92	97	102	107	112	117	122	127	132	137	142	147	151
PD_149S_2_bbduk_polyg_filt	40949.0	61065.0	68855.0	73635.0	77619.0	81046.0	85921.0	85534.0	84522.0	86991.0	89050.0	87308.0	86713.0	87272.0	88249.0	70968.0	76287.0	92602.0	95953.0	84397.0	2595846.0
	52	57	62	67	72	77	82	87	92	97	102	107	112	117	122	127	132	137	142	147	151
PD_14P_1_bbduk_polyg_filt	57805.0	81808.0	89665.0	94581.0	99115.0	101779.0	104249.0	105332.0	103884.0	104515.0	104057.0	101814.0	99464.0	98524.0	97137.0	76837.0	78177.0	90854.0	87749.0	81814.0	1478994.0
	52	57	62	67	72	77	82	87	92	97	102	107	112	117	122	127	132	137	142	147	151
PD_14P_2_bbduk_polyg_filt	57876.0	81879.0	89719.0	94589.0	99084.0	101801.0	104247.0	105315.0	103889.0	104518.0	104068.0	101780.0	99512.0	98521.0	97162.0	76889.0	78537.0	91768.0	89346.0	82192.0	1475462.0
	52	57	62	67	72	77	82	87	92	97	102	107	112	117	122	127	132	137	142	147	151
PD_150P_1_bbduk_polyg_filt	49023.0	74130.0	85365.0	95000.0	101922.0	107797.0	112264.0	115882.0	118211.0	119019.0	119997.0	118967.0	118278.0	116553.0	116130.0	91764.0	95435.0	113955.0	113029.0	106646.0	2401568.0
	52	57	62	67	72	77	82	87	92	97	102	107	112	117	122	127	132	137	142	147	151
PD_150P_2_bbduk_polyg_filt	49067.0	74159.0	85397.0	95016.0	101980.0	107829.0	112251.0	115893.0	118198.0	119038.0	119990.0	118954.0	118284.0	116561.0	116153.0	91863.0	96205.0	115998.0	116517.0	107597.0	2393985.0
	52	57	62	67	72	77	82	87	92	97	102	107	112	117	122	127	132	137	142	147	151
PD_151S_1_bbduk_polyg_filt	62394.0	89719.0	98798.0	105494.0	108473.0	112488.0	116225.0	113634.0	107908.0	110084.0	113954.0	111205.0	109473.0	106041.0	107384.0	88779.0	92305.0	109254.0	107709.0	100359.0	2234576.0
	52	57	62	67	72	77	82	87	92	97	102	107	112	117	122	127	132	137	142	147	151
PD_151S_2_bbduk_polyg_filt	62453.0	89767.0	98860.0	105470.0	108475.0	112493.0	116220.0	113693.0	107905.0	110081.0	113941.0	111185.0	109500.0	106054.0	107410.0	88885.0	92945.0	110833.0	110310.0	101037.0	2228739.0
	52	57	62	67	72	77	82	87	92	97	102	107	112	117	122	127	132	137	142	147	151
PD_152P_1_bbduk_polyg_filt	28931.0	45480.0	54120.0	62892.0	68349.0	74121.0	79529.0	81346.0	80753.0	83073.0	85434.0	84793.0	85492.0	82627.0	83703.0	67725.0	71738.0	86043.0	86933.0	81054.0	2576990.0
	52	57	62	67	72	77	82	87	92	97	102	107	112	117	122	127	132	137	142	147	151
PD_152P_2_bbduk_polyg_filt	28963.0	45496.0	54155.0	62894.0	68380.0	74140.0	79528.0	81387.0	80758.0	83059.0	85421.0	84793.0	85485.0	82650.0	83756.0	67982.0	73164.0	89678.0	92818.0	82691.0	2563928.0
	52	57	62	67	72	77	82	87	92	97	102	107	112	117	122	127	132	137	142	147	151
PD_153S_1_bbduk_polyg_filt	70454.0	107967.0	125014.0	139743.0	151465.0	159025.0	165826.0	169435.0	170885.0	172164.0	172766.0	172235.0	171203.0	167758.0	165476.0	131379.0	134703.0	157941.0	153339.0	144332.0	2859405.0
	52	57	62	67	72	77	82	87	92	97	102	107	112	117	122	127	132	137	142	147	151
PD_153S_2_bbduk_polyg_filt	70520.0	108035.0	125060.0	139753.0	151546.0	159042.0	165874.0	169423.0	170878.0	172163.0	172744.0	172225.0	171180.0	167788.0	165515.0	131522.0	135523.0	159893.0	156751.0	145256.0	2851824.0
	52	57	62	67	72	77	82	87	92	97	102	107	112	117	122	127	132	137	142	147	151
PD_156P_1_bbduk_polyg_filt	43771.0	65871.0	77650.0	86106.0	93269.0	98588.0	104832.0	108833.0	111216.0	113109.0	114448.0	113299.0	112954.0	111390.0	109296.0	86348.0	87277.0	104582.0	101403.0	95592.0	1889155.0
	52	57	62	67	72	77	82	87	92	97	102	107	112	117	122	127	132	137	142	147	151
PD_156P_2_bbduk_polyg_filt	43820.0	65922.0	77662.0	86117.0	93313.0	98584.0	104825.0	108863.0	111208.0	113107.0	114475.0	113294.0	112942.0	111393.0	109342.0	86429.0	87731.0	105722.0	103352.0	96094.0	1884794.0
	52	57	62	67	72	77	82	87	92	97	102	107	112	117	122	127	132	137	142	147	151
PD_157S_1_bbduk_polyg_filt	52918.0	83970.0	101543.0	116493.0	130564.0	140362.0	150736.0	156726.0	160156.0	161894.0	165021.0	164170.0	163128.0	160020.0	158395.0	125526.0	127056.0	146908.0	142762.0	133820.0	2382337.0
	52	57	62	67	72	77	82	87	92	97	102	107	112	117	122	127	132	137	142	147	151
PD_157S_2_bbduk_polyg_filt	52957.0	84032.0	101584.0	116529.0	130601.0	140399.0	150694.0	156735.0	160186.0	161856.0	165062.0	164154.0	163153.0	160029.0	158425.0	125576.0	127498.0	148073.0	144969.0	134447.0	2377546.0
	52	57	62	67	72	77	82	87	92	97	102	107	112	117	122	127	132	137	142	147	151
PD_158P_1_bbduk_polyg_filt	44236.0	67654.0	81344.0	93475.0	102847.0	110576.0	118539.0	123518.0	127367.0	130763.0	135063.0	136486.0	138942.0	139754.0	141508.0	114735.0	118516.0	142214.0	142914.0	137092.0	3388057.0
	52	57	62	67	72	77	82	87	92	97	102	107	112	117	122	127	132	137	142	147	151
PD_158P_2_bbduk_polyg_filt	44287.0	67706.0	81377.0	93501.0	102862.0	110579.0	118528.0	123514.0	127377.0	130748.0	135063.0	136504.0	138981.0	139776.0	141547.0	114905.0	119374.0	144369.0	146496.0	138281.0	3379825.0
	52	57	62	67	72	77	82	87	92	97	102	107	112	117	122	127	132	137	142	147	151
PD_159S_1_bbduk_polyg_filt	51717.0	78958.0	91233.0	101915.0	110889.0	117839.0	125393.0	130409.0	133289.0	138336.0	142380.0	142533.0	142733.0	142466.0	144142.0	115473.0	119553.0	143674.0	143712.0	137751.0	3289882.0
	52	57	62	67	72	77	82	87	92	97	102	107	112	117	122	127	132	137	142	147	151
PD_159S_2_bbduk_polyg_filt	51810.0	78986.0	91250.0	101905.0	110895.0	117869.0	125425.0	130427.0	133307.0	138329.0	142379.0	142547.0	142728.0	142471.0	144216.0	115653.0	120430.0	145778.0	147668.0	138806.0	3281398.0
	52	57	62	67	72	77	82	87	92	97	102	107	112	117	122	127	132	137	142	147	151
PD_15P_1_bbduk_polyg_filt	55967.0	81926.0	92314.0	100232.0	105761.0	109383.0	112865.0	113647.0	112027.0	110184.0	110799.0	107440.0	106243.0	102253.0	100679.0	79164.0	80608.0	93887.0	89830.0	84105.0	1689765.0
	52	57	62	67	72	77	82	87	92	97	102	107	112	117	122	127	132	137	142	147	151
PD_15P_2_bbduk_polyg_filt	56043.0	81978.0	92332.0	100274.0	105785.0	109376.0	112873.0	113620.0	112037.0	110178.0	110817.0	107453.0	106240.0	102273.0	100718.0	79291.0	81249.0	95462.0	92680.0	84992.0	1683408.0
	52	57	62	67	72	77	82	87	92	97	102	107	112	117	122	127	132	137	142	147	151
PD_160P_1_bbduk_polyg_filt	57637.0	89388.0	105678.0	119301.0	130751.0	139257.0	146573.0	151640.0	153418.0	154673.0	157046.0	156672.0	155696.0	155189.0	154611.0	122513.0	126497.0	149208.0	145395.0	138260.0	2909658.0
	52	57	62	67	72	77	82	87	92	97	102	107	112	117	122	127	132	137	142	147	151
PD_160P_2_bbduk_polyg_filt	57693.0	89446.0	105706.0	119363.0	130807.0	139233.0	146565.0	151667.0	153412.0	154713.0	157049.0	156643.0	155701.0	155208.0	154657.0	122703.0	127298.0	151087.0	148661.0	139265.0	2902184.0
	52	57	62	67	72	77	82	87	92	97	102	107	112	117	122	127	132	137	142	147	151
PD_161S_1_bbduk_polyg_filt	389.0	614.0	705.0	801.0	855.0	966.0	1023.0	1088.0	1166.0	1277.0	1345.0	1430.0	1453.0	1495.0	1587.0	1345.0	1499.0	1772.0	1671.0	1634.0	43468.0
	52	57	62	67	72	77	82	87	92	97	102	107	112	117	122	127	132	137	142	147	151
PD_161S_2_bbduk_polyg_filt	421.0	650.0	720.0	817.0	856.0	956.0	1033.0	1094.0	1156.0	1269.0	1334.0	1439.0	1444.0	1522.0	1611.0	1391.0	1666.0	2082.0	2271.0	1703.0	42148.0
	52	57	62	67	72	77	82	87	92	97	102	107	112	117	122	127	132	137	142	147	151
PD_162P_1_bbduk_polyg_filt	33968.0	53812.0	65431.0	75585.0	83919.0	90663.0	96609.0	100397.0	103057.0	105263.0	107654.0	108459.0	109699.0	109990.0	111046.0	89298.0	93182.0	111607.0	110796.0	104941.0	2927545.0
	52	57	62	67	72	77	82	87	92	97	102	107	112	117	122	127	132	137	142	147	151
PD_162P_2_bbduk_polyg_filt	34012.0	53834.0	65455.0	75589.0	83954.0	90718.0	96610.0	100387.0	103057.0	105272.0	107672.0	108478.0	109692.0	110007.0	111106.0	89571.0	94693.0	115447.0	116840.0	106679.0	2913848.0
	52	57	62	67	72	77	82	87	92	97	102	107	112	117	122	127	132	137	142	147	151
PD_163S_1_bbduk_polyg_filt	68894.0	101990.0	115240.0	126871.0	133666.0	138568.0	143951.0	144801.0	142200.0	142595.0	141034.0	136790.0	132552.0	129761.0	128978.0	102474.0	104919.0	123700.0	121515.0	112486.0	3067262.0
	52	57	62	67	72	77	82	87	92	97	102	107	112	117	122	127	132	137	142	147	151
PD_163S_2_bbduk_polyg_filt	68950.0	102055.0	115295.0	126870.0	133695.0	138602.0	143964.0	144797.0	142180.0	142585.0	141025.0	136791.0	132567.0	129790.0	129060.0	102667.0	106320.0	127411.0	127751.0	114220.0	3053652.0
	52	57	62	67	72	77	82	87	92	97	102	107	112	117	122	127	132	137	142	147	151
PD_164P_1_bbduk_polyg_filt	31335.0	48566.0	58286.0	67134.0	74424.0	81216.0	87133.0	91498.0	94102.0	95865.0	98138.0	98809.0	98693.0	98234.0	97020.0	76828.0	78967.0	92603.0	91074.0	85216.0	2080335.0
	52	57	62	67	72	77	82	87	92	97	102	107	112	117	122	127	132	137	142	147	151
PD_164P_2_bbduk_polyg_filt	31378.0	48597.0	58315.0	67151.0	74462.0	81192.0	87154.0	91481.0	94100.0	95888.0	98158.0	98808.0	98701.0	98233.0	97080.0	77009.0	80043.0	95506.0	95806.0	86398.0	2070016.0
	52	57	62	67	72	77	82	87	92	97	102	107	112	117	122	127	132	137	142	147	151
PD_165S_1_bbduk_polyg_filt	59992.0	95040.0	114328.0	131670.0	143849.0	154354.0	162563.0	166964.0	168743.0	169758.0	170027.0	166090.0	162438.0	157336.0	154597.0	121967.0	126423.0	149706.0	146409.0	136668.0	3247700.0
	52	57	62	67	72	77	82	87	92	97	102	107	112	117	122	127	132	137	142	147	151
PD_165S_2_bbduk_polyg_filt	60046.0	95096.0	114347.0	131709.0	143899.0	154383.0	162513.0	166995.0	168745.0	169781.0	170016.0	166104.0	162466.0	157306.0	154626.0	122146.0	127423.0	152231.0	150737.0	137907.0	3238146.0
	52	57	62	67	72	77	82	87	92	97	102	107	112	117	122	127	132	137	142	147	151
PD_166_1_bbduk_polyg_filt	34404.0	52238.0	62057.0	70165.0	77316.0	82107.0	87718.0	91728.0	93411.0	96476.0	99534.0	98326.0	99668.0	101962.0	103153.0	83312.0	88630.0	107006.0	107235.0	101129.0	2590170.0
	52	57	62	67	72	77	82	87	92	97	102	107	112	117	122	127	132	137	142	147	151
PD_166_2_bbduk_polyg_filt	34439.0	52264.0	62084.0	70171.0	77338.0	82117.0	87740.0	91721.0	93407.0	96475.0	99526.0	98341.0	99688.0	101990.0	103192.0	83451.0	89364.0	108947.0	110535.0	102074.0	2582881.0
	52	57	62	67	72	77	82	87	92	97	102	107	112	117	122	127	132	137	142	147	151
PD_167P_1_bbduk_polyg_filt	23530.0	37094.0	45278.0	52109.0	58845.0	64654.0	70172.0	74406.0	77299.0	82814.0	87078.0	89266.0	92061.0	94097.0	97157.0	81358.0	85540.0	105519.0	108368.0	103577.0	3277376.0
	52	57	62	67	72	77	82	87	92	97	102	107	112	117	122	127	132	137	142	147	151
PD_167P_2_bbduk_polyg_filt	23551.0	37127.0	45290.0	52128.0	58854.0	64700.0	70186.0	74391.0	77298.0	82824.0	87089.0	89311.0	92071.0	94088.0	97207.0	81593.0	86835.0	108717.0	113905.0	105131.0	3265302.0
	52	57	62	67	72	77	82	87	92	97	102	107	112	117	122	127	132	137	142	147	151
PD_169P_1_bbduk_polyg_filt	57104.0	89375.0	108084.0	123792.0	137823.0	148098.0	158083.0	163087.0	165094.0	167267.0	170325.0	168525.0	163941.0	160131.0	158713.0	125787.0	129290.0	150322.0	145678.0	135462.0	2574124.0
	52	57	62	67	72	77	82	87	92	97	102	107	112	117	122	127	132	137	142	147	151
PD_169P_2_bbduk_polyg_filt	57200.0	89437.0	108142.0	123840.0	137841.0	148151.0	158113.0	163099.0	165091.0	167261.0	170347.0	168494.0	163968.0	160145.0	158691.0	126001.0	130358.0	152941.0	150251.0	136808.0	2563926.0
	52	57	62	67	72	77	82	87	92	97	102	107	112	117	122	127	132	137	142	147	151
PD_16P_1_bbduk_polyg_filt	74284.0	105892.0	116460.0	123389.0	128470.0	132016.0	135339.0	134882.0	134497.0	133502.0	132510.0	129799.0	128143.0	123631.0	120463.0	95651.0	96097.0	113173.0	108376.0	100909.0	1765890.0
	52	57	62	67	72	77	82	87	92	97	102	107	112	117	122	127	132	137	142	147	151
PD_16P_2_bbduk_polyg_filt	74345.0	105933.0	116506.0	123414.0	128488.0	132014.0	135356.0	134922.0	134493.0	133469.0	132509.0	129784.0	128178.0	123633.0	120476.0	95718.0	96465.0	114036.0	110183.0	101392.0	1762059.0
	52	57	62	67	72	77	82	87	92	97	102	107	112	117	122	127	132	137	142	147	151
PD_170S_1_bbduk_polyg_filt	46089.0	70647.0	83269.0	93960.0	101984.0	107721.0	113365.0	115438.0	116447.0	116954.0	117732.0	116361.0	115507.0	113864.0	113062.0	89563.0	91880.0	108857.0	105597.0	98506.0	2454079.0
	52	57	62	67	72	77	82	87	92	97	102	107	112	117	122	127	132	137	142	147	151
PD_170S_2_bbduk_polyg_filt	46160.0	70692.0	83308.0	93971.0	102033.0	107749.0	113320.0	115450.0	116460.0	116961.0	117727.0	116384.0	115526.0	113858.0	113127.0	89760.0	93030.0	111675.0	110483.0	99869.0	2443339.0
	52	57	62	67	72	77	82	87	92	97	102	107	112	117	122	127	132	137	142	147	151
PD_171P_1_bbduk_polyg_filt	41594.0	64313.0	76243.0	86275.0	95067.0	102644.0	110815.0	115062.0	119047.0	123689.0	128636.0	130829.0	133143.0	134172.0	136917.0	110688.0	115367.0	140063.0	140228.0	134864.0	3282977.0
	52	57	62	67	72	77	82	87	92	97	102	107	112	117	122	127	132	137	142	147	151
PD_171P_2_bbduk_polyg_filt	41654.0	64357.0	76256.0	86313.0	95071.0	102658.0	110836.0	115065.0	119023.0	123742.0	128616.0	130860.0	133156.0	134168.0	136945.0	110815.0	116067.0	141660.0	143289.0	135818.0	3276264.0
	52	57	62	67	72	77	82	87	92	97	102	107	112	117	122	127	132	137	142	147	151
PD_172S_1_bbduk_polyg_filt	22538.0	35000.0	41925.0	48561.0	54672.0	60706.0	67762.0	72315.0	75811.0	80907.0	85730.0	86628.0	89994.0	90636.0	91509.0	74337.0	77493.0	93115.0	92086.0	87457.0	1841562.0
	52	57	62	67	72	77	82	87	92	97	102	107	112	117	122	127	132	137	142	147	151
PD_172S_2_bbduk_polyg_filt	22580.0	35024.0	41960.0	48572.0	54682.0	60711.0	67801.0	72312.0	75831.0	80911.0	85734.0	86635.0	89999.0	90660.0	91520.0	74470.0	78036.0	94253.0	94206.0	88079.0	1836768.0
	52	57	62	67	72	77	82	87	92	97	102	107	112	117	122	127	132	137	142	147	151
PD_173P_1_bbduk_polyg_filt	33951.0	53325.0	64110.0	74281.0	82641.0	89590.0	96191.0	101181.0	104202.0	107551.0	110873.0	112191.0	114758.0	115286.0	117315.0	94492.0	99722.0	120073.0	121673.0	115168.0	2912623.0
	52	57	62	67	72	77	82	87	92	97	102	107	112	117	122	127	132	137	142	147	151
PD_173P_2_bbduk_polyg_filt	33998.0	53337.0	64151.0	74317.0	82632.0	89588.0	96215.0	101203.0	104211.0	107552.0	110885.0	112226.0	114756.0	115281.0	117357.0	94686.0	100674.0	122346.0	125696.0	116265.0	2903821.0
	52	57	62	67	72	77	82	87	92	97	102	107	112	117	122	127	132	137	142	147	151
PD_174S_1_bbduk_polyg_filt	20135.0	33150.0	41676.0	49940.0	57100.0	63765.0	70166.0	73786.0	77191.0	80166.0	84365.0	87127.0	89742.0	91284.0	94785.0	77686.0	82009.0	101605.0	103635.0	99880.0	3284628.0
	52	57	62	67	72	77	82	87	92	97	102	107	112	117	122	127	132	137	142	147	151
PD_174S_2_bbduk_polyg_filt	20160.0	33176.0	41693.0	49959.0	57118.0	63764.0	70177.0	73809.0	77179.0	80192.0	84391.0	87115.0	89771.0	91292.0	94883.0	78056.0	84127.0	107101.0	112099.0	101870.0	3265889.0
	52	57	62	67	72	77	82	87	92	97	102	107	112	117	122	127	132	137	142	147	151
PD_175P_1_bbduk_polyg_filt	46471.0	70044.0	80896.0	89442.0	96484.0	101929.0	105276.0	107709.0	108565.0	108924.0	108690.0	107339.0	106048.0	103580.0	101328.0	79388.0	80554.0	93667.0	91061.0	84431.0	1950882.0
	52	57	62	67	72	77	82	87	92	97	102	107	112	117	122	127	132	137	142	147	151
PD_175P_2_bbduk_polyg_filt	46509.0	70090.0	80953.0	89454.0	96519.0	101909.0	105282.0	107712.0	108577.0	108905.0	108708.0	107326.0	106047.0	103605.0	101394.0	79540.0	81658.0	96483.0	95736.0	85648.0	1940653.0
	52	57	62	67	72	77	82	87	92	97	102	107	112	117	122	127	132	137	142	147	151
PD_176S_1_bbduk_polyg_filt	31811.0	50785.0	61399.0	70716.0	77884.0	84594.0	92110.0	95199.0	96124.0	101276.0	106390.0	107572.0	111528.0	114618.0	117993.0	95614.0	100938.0	121649.0	122846.0	116604.0	3229333.0
	52	57	62	67	72	77	82	87	92	97	102	107	112	117	122	127	132	137	142	147	151
PD_176S_2_bbduk_polyg_filt	31853.0	50797.0	61426.0	70733.0	77891.0	84617.0	92105.0	95192.0	96144.0	101282.0	106397.0	107627.0	111516.0	114628.0	118030.0	95810.0	102040.0	124674.0	127604.0	118001.0	3218616.0
	52	57	62	67	72	77	82	87	92	97	102	107	112	117	122	127	132	137	142	147	151
PD_177P_1_bbduk_polyg_filt	24045.0	37763.0	46156.0	52656.0	59000.0	64328.0	69302.0	73408.0	76363.0	79344.0	82223.0	82655.0	84821.0	85053.0	86259.0	70434.0	74182.0	90054.0	90690.0	87672.0	2343924.0
	52	57	62	67	72	77	82	87	92	97	102	107	112	117	122	127	132	137	142	147	151
PD_177P_2_bbduk_polyg_filt	24077.0	37784.0	46171.0	52646.0	59027.0	64340.0	69317.0	73407.0	76368.0	79342.0	82227.0	82667.0	84817.0	85048.0	86304.0	70584.0	74710.0	91370.0	93236.0	88339.0	2338551.0
	52	57	62	67	72	77	82	87	92	97	102	107	112	117	122	127	132	137	142	147	151
PD_178S_1_bbduk_polyg_filt	41168.0	65414.0	80921.0	95539.0	108409.0	118349.0	128745.0	134644.0	139886.0	145025.0	149018.0	150770.0	153514.0	153904.0	155648.0	125316.0	129922.0	155807.0	153847.0	146180.0	3477431.0
	52	57	62	67	72	77	82	87	92	97	102	107	112	117	122	127	132	137	142	147	151
PD_178S_2_bbduk_polyg_filt	41211.0	65466.0	80963.0	95556.0	108426.0	118379.0	128758.0	134684.0	139873.0	145051.0	149012.0	150780.0	153526.0	153923.0	155728.0	125536.0	131092.0	158871.0	159192.0	147668.0	3465762.0
	52	57	62	67	72	77	82	87	92	97	102	107	112	117	122	127	132	137	142	147	151
PD_179P_1_bbduk_polyg_filt	40322.0	63462.0	74496.0	84732.0	92936.0	98892.0	105787.0	110807.0	113393.0	115824.0	118446.0	118186.0	119563.0	121163.0	121210.0	98344.0	101924.0	122549.0	123112.0	117444.0	3458642.0
	52	57	62	67	72	77	82	87	92	97	102	107	112	117	122	127	132	137	142	147	151
PD_179P_2_bbduk_polyg_filt	40350.0	63516.0	74515.0	84749.0	92950.0	98901.0	105801.0	110827.0	113418.0	115836.0	118431.0	118186.0	119575.0	121165.0	121272.0	98535.0	103053.0	125295.0	127718.0	118682.0	3448459.0
	52	57	62	67	72	77	82	87	92	97	102	107	112	117	122	127	132	137	142	147	151
PD_180S_1_bbduk_polyg_filt	32632.0	50523.0	60650.0	69927.0	77980.0	84745.0	90704.0	96091.0	99957.0	102511.0	105334.0	107411.0	109241.0	110239.0	111305.0	90058.0	94161.0	113909.0	112084.0	107353.0	2895056.0
	52	57	62	67	72	77	82	87	92	97	102	107	112	117	122	127	132	137	142	147	151
PD_180S_2_bbduk_polyg_filt	32658.0	50565.0	60681.0	69942.0	77987.0	84770.0	90703.0	96103.0	99951.0	102504.0	105386.0	107412.0	109235.0	110261.0	111424.0	90354.0	95712.0	118250.0	118962.0	109208.0	2879803.0
	52	57	62	67	72	77	82	87	92	97	102	107	112	117	122	127	132	137	142	147	151
PD_181P_1_bbduk_polyg_filt	46703.0	73138.0	85905.0	97468.0	106198.0	115420.0	124511.0	127249.0	129667.0	133509.0	137430.0	135540.0	133827.0	129930.0	128507.0	102065.0	105221.0	125192.0	123160.0	115902.0	2758332.0
	52	57	62	67	72	77	82	87	92	97	102	107	112	117	122	127	132	137	142	147	151
PD_181P_2_bbduk_polyg_filt	46760.0	73218.0	85953.0	97467.0	106211.0	115472.0	124512.0	127250.0	129652.0	133513.0	137423.0	135567.0	133858.0	129945.0	128560.0	102167.0	106009.0	127250.0	126783.0	116970.0	2750334.0
	52	57	62	67	72	77	82	87	92	97	102	107	112	117	122	127	132	137	142	147	151
PD_182S_1_bbduk_polyg_filt	398.0	599.0	657.0	730.0	801.0	881.0	990.0	1041.0	1199.0	1230.0	1243.0	1372.0	1412.0	1461.0	1477.0	1315.0	1375.0	1749.0	1667.0	1647.0	38758.0
	52	57	62	67	72	77	82	87	92	97	102	107	112	117	122	127	132	137	142	147	151
PD_182S_2_bbduk_polyg_filt	425.0	628.0	678.0	740.0	796.0	883.0	977.0	1035.0	1203.0	1217.0	1242.0	1384.0	1421.0	1468.0	1490.0	1319.0	1461.0	1937.0	2012.0	1700.0	37986.0
	52	57	62	67	72	77	82	87	92	97	102	107	112	117	122	127	132	137	142	147	151
PD_183P_1_bbduk_polyg_filt	34017.0	55522.0	70335.0	85057.0	98511.0	110111.0	120355.0	129600.0	135256.0	140769.0	147163.0	150368.0	154524.0	156585.0	159440.0	129641.0	135898.0	163674.0	165313.0	158023.0	4459684.0
	52	57	62	67	72	77	82	87	92	97	102	107	112	117	122	127	132	137	142	147	151
PD_183P_2_bbduk_polyg_filt	34037.0	55573.0	70365.0	85080.0	98513.0	110142.0	120402.0	129587.0	135257.0	140781.0	147173.0	150369.0	154571.0	156612.0	159526.0	129909.0	137397.0	167272.0	171565.0	159741.0	4445974.0
	52	57	62	67	72	77	82	87	92	97	102	107	112	117	122	127	132	137	142	147	151
PD_184S_1_bbduk_polyg_filt	52051.0	80244.0	96275.0	109757.0	122741.0	132002.0	142918.0	151361.0	157239.0	163612.0	171090.0	175400.0	179941.0	182186.0	185542.0	149868.0	156176.0	187947.0	189198.0	181976.0	4709735.0
	52	57	62	67	72	77	82	87	92	97	102	107	112	117	122	127	132	137	142	147	151
PD_184S_2_bbduk_polyg_filt	52110.0	80291.0	96333.0	109797.0	122757.0	132044.0	142902.0	151366.0	157244.0	163611.0	171112.0	175435.0	179920.0	182204.0	185625.0	150132.0	157410.0	191034.0	194493.0	183489.0	4697950.0
	52	57	62	67	72	77	82	87	92	97	102	107	112	117	122	127	132	137	142	147	151
PD_188S_1_bbduk_polyg_filt	37034.0	59008.0	72622.0	85134.0	95666.0	104093.0	110546.0	112580.0	110535.0	111707.0	112165.0	107331.0	105132.0	101170.0	101224.0	80745.0	83414.0	99057.0	97596.0	91186.0	2081579.0
	52	57	62	67	72	77	82	87	92	97	102	107	112	117	122	127	132	137	142	147	151
PD_188S_2_bbduk_polyg_filt	37078.0	59047.0	72645.0	85175.0	95644.0	104106.0	110566.0	112584.0	110523.0	111733.0	112171.0	107293.0	105137.0	101187.0	101257.0	80846.0	84058.0	100484.0	100201.0	91879.0	2075910.0
	52	57	62	67	72	77	82	87	92	97	102	107	112	117	122	127	132	137	142	147	151
PD_189P_1_bbduk_polyg_filt	45460.0	70124.0	83208.0	94388.0	103368.0	110508.0	116284.0	119807.0	121369.0	122688.0	123627.0	123095.0	121975.0	119845.0	118908.0	95514.0	97328.0	115352.0	114235.0	106270.0	2504788.0
	52	57	62	67	72	77	82	87	92	97	102	107	112	117	122	127	132	137	142	147	151
PD_189P_2_bbduk_polyg_filt	45504.0	70164.0	83206.0	94433.0	103406.0	110537.0	116298.0	119786.0	121389.0	122692.0	123599.0	123102.0	121978.0	119851.0	118943.0	95638.0	97958.0	116993.0	117222.0	107141.0	2498301.0
	52	57	62	67	72	77	82	87	92	97	102	107	112	117	122	127	132	137	142	147	151
PD_190S_1_bbduk_polyg_filt	28499.0	44579.0	53802.0	61814.0	69097.0	75746.0	81452.0	84744.0	85801.0	90437.0	93866.0	95236.0	97325.0	97616.0	100397.0	81739.0	86295.0	104501.0	105190.0	101662.0	2985526.0
	52	57	62	67	72	77	82	87	92	97	102	107	112	117	122	127	132	137	142	147	151
PD_190S_2_bbduk_polyg_filt	28537.0	44588.0	53823.0	61859.0	69115.0	75734.0	81467.0	84758.0	85824.0	90414.0	93892.0	95240.0	97351.0	97634.0	100432.0	81901.0	87452.0	107343.0	110074.0	103146.0	2974740.0
	52	57	62	67	72	77	82	87	92	97	102	107	112	117	122	127	132	137	142	147	151
PD_192S_1_bbduk_polyg_filt	35.0	36.0	37.0	37.0	48.0	50.0	49.0	68.0	44.0	54.0	65.0	63.0	61.0	62.0	67.0	60.0	51.0	50.0	36.0	65.0	939.0
	52	57	62	67	72	77	82	87	92	97	102	107	112	117	122	127	132	137	142	147	151
PD_192S_2_bbduk_polyg_filt	36.0	36.0	37.0	38.0	46.0	52.0	49.0	67.0	45.0	53.0	65.0	63.0	61.0	62.0	67.0	60.0	51.0	54.0	41.0	67.0	927.0
	52	57	62	67	72	77	82	87	92	97	102	107	112	117	122	127	132	137	142	147	151
PD_193P_1_bbduk_polyg_filt	44590.0	70279.0	85382.0	98652.0	109755.0	118530.0	127183.0	131950.0	136172.0	137581.0	138911.0	138130.0	136657.0	135119.0	133571.0	105769.0	107644.0	128849.0	125818.0	119323.0	2797336.0
	52	57	62	67	72	77	82	87	92	97	102	107	112	117	122	127	132	137	142	147	151
PD_193P_2_bbduk_polyg_filt	44635.0	70318.0	85435.0	98703.0	109779.0	118552.0	127205.0	131937.0	136150.0	137631.0	138949.0	138073.0	136655.0	135143.0	133589.0	105950.0	108520.0	131080.0	129751.0	120522.0	2788624.0
	52	57	62	67	72	77	82	87	92	97	102	107	112	117	122	127	132	137	142	147	151
PD_194S_1_bbduk_polyg_filt	32707.0	50024.0	60206.0	68401.0	76208.0	84632.0	91865.0	94264.0	96118.0	101925.0	104437.0	102187.0	102689.0	103240.0	103032.0	82658.0	84877.0	102177.0	99697.0	92405.0	1971488.0
	52	57	62	67	72	77	82	87	92	97	102	107	112	117	122	127	132	137	142	147	151
PD_194S_2_bbduk_polyg_filt	32753.0	50046.0	60258.0	68411.0	76204.0	84644.0	91881.0	94277.0	96132.0	101938.0	104429.0	102198.0	102689.0	103253.0	103074.0	82758.0	85474.0	103731.0	102267.0	93096.0	1965724.0
	52	57	62	67	72	77	82	87	92	97	102	107	112	117	122	127	132	137	142	147	151
PD_195_1_bbduk_polyg_filt	42186.0	67952.0	83412.0	97405.0	107836.0	119271.0	127171.0	133476.0	137869.0	141997.0	146776.0	148950.0	149665.0	151599.0	153000.0	122848.0	129224.0	153650.0	153927.0	145728.0	3101708.0
	52	57	62	67	72	77	82	87	92	97	102	107	112	117	122	127	132	137	142	147	151
PD_195_2_bbduk_polyg_filt	42223.0	67994.0	83458.0	97429.0	107856.0	119270.0	127198.0	133451.0	137889.0	142018.0	146765.0	148981.0	149664.0	151601.0	153045.0	123009.0	129902.0	155227.0	156878.0	146588.0	3095204.0
	52	57	62	67	72	77	82	87	92	97	102	107	112	117	122	127	132	137	142	147	151
PD_196_1_bbduk_polyg_filt	46639.0	75499.0	92285.0	107911.0	121420.0	133347.0	142252.0	148021.0	151018.0	153456.0	157191.0	157244.0	157858.0	156649.0	156779.0	126244.0	129731.0	153948.0	152853.0	144987.0	3931072.0
	52	57	62	67	72	77	82	87	92	97	102	107	112	117	122	127	132	137	142	147	151
PD_196_2_bbduk_polyg_filt	46693.0	75550.0	92305.0	107928.0	121445.0	133397.0	142239.0	148048.0	150993.0	153467.0	157211.0	157254.0	157872.0	156643.0	156889.0	126521.0	131226.0	157744.0	158978.0	146734.0	3917267.0
	52	57	62	67	72	77	82	87	92	97	102	107	112	117	122	127	132	137	142	147	151
PD_197_1_bbduk_polyg_filt	43313.0	66948.0	79167.0	88863.0	96707.0	104400.0	110538.0	114873.0	117570.0	120306.0	123435.0	123995.0	125621.0	126454.0	127231.0	101989.0	106390.0	127676.0	128039.0	120273.0	3361879.0
	52	57	62	67	72	77	82	87	92	97	102	107	112	117	122	127	132	137	142	147	151
PD_197_2_bbduk_polyg_filt	43355.0	66978.0	79212.0	88893.0	96739.0	104418.0	110583.0	114891.0	117572.0	120335.0	123412.0	123969.0	125647.0	126483.0	127343.0	102251.0	108202.0	132249.0	135708.0	122345.0	3345082.0
	52	57	62	67	72	77	82	87	92	97	102	107	112	117	122	127	132	137	142	147	151
PD_198_1_bbduk_polyg_filt	10921.0	18843.0	25201.0	32172.0	39346.0	46220.0	53364.0	60633.0	67468.0	72441.0	78690.0	83937.0	88771.0	92625.0	96239.0	79646.0	83358.0	101897.0	103599.0	99735.0	2679672.0
	52	57	62	67	72	77	82	87	92	97	102	107	112	117	122	127	132	137	142	147	151
PD_198_2_bbduk_polyg_filt	10940.0	18857.0	25212.0	32195.0	39354.0	46232.0	53352.0	60654.0	67492.0	72448.0	78710.0	83953.0	88792.0	92640.0	96288.0	79796.0	84138.0	103992.0	106981.0	100668.0	2672084.0
	151
PD_199P_1_bbduk_polyg_filt	1.0
	151
PD_199P_2_bbduk_polyg_filt	1.0
	52	57	62	67	72	77	82	87	92	97	102	107	112	117	122	127	132	137	142	147	151
PD_1P_1_bbduk_polyg_filt	55817.0	82457.0	93221.0	101555.0	108135.0	111994.0	116654.0	118177.0	118640.0	119063.0	119969.0	118109.0	114925.0	111809.0	111086.0	88126.0	91195.0	106340.0	102871.0	95487.0	1828009.0
	52	57	62	67	72	77	82	87	92	97	102	107	112	117	122	127	132	137	142	147	151
PD_1P_2_bbduk_polyg_filt	55895.0	82533.0	93267.0	101557.0	108132.0	112047.0	116673.0	118169.0	118641.0	119094.0	119951.0	118093.0	114924.0	111799.0	111132.0	88254.0	91897.0	108022.0	105742.0	96376.0	1821441.0
	52	57	62	67	72	77	82	87	92	97	102	107	112	117	122	127	132	137	142	147	151
PD_200S_1_bbduk_polyg_filt	35092.0	55541.0	67639.0	79674.0	89849.0	98958.0	105808.0	110149.0	111520.0	113638.0	116848.0	115102.0	114541.0	114513.0	117215.0	96436.0	101289.0	119111.0	120067.0	112341.0	3083798.0
	52	57	62	67	72	77	82	87	92	97	102	107	112	117	122	127	132	137	142	147	151
PD_200S_2_bbduk_polyg_filt	35122.0	55596.0	67690.0	79696.0	89856.0	98971.0	105802.0	110166.0	111520.0	113657.0	116837.0	115126.0	114550.0	114521.0	117260.0	96671.0	102447.0	122115.0	125237.0	113750.0	3072539.0
	52	57	62	67	72	77	82	87	92	97	102	107	112	117	122	127	132	137	142	147	151
PD_203_1_bbduk_polyg_filt	31323.0	50216.0	61918.0	73275.0	82759.0	92115.0	99958.0	104117.0	106066.0	108676.0	111129.0	110484.0	110599.0	112008.0	112208.0	90091.0	93799.0	112006.0	112129.0	104950.0	2515026.0
	52	57	62	67	72	77	82	87	92	97	102	107	112	117	122	127	132	137	142	147	151
PD_203_2_bbduk_polyg_filt	31342.0	50251.0	61938.0	73293.0	82776.0	92136.0	99956.0	104118.0	106120.0	108655.0	111112.0	110504.0	110620.0	112045.0	112190.0	90206.0	94406.0	113478.0	114868.0	105643.0	2509195.0
	52	57	62	67	72	77	82	87	92	97	102	107	112	117	122	127	132	137	142	147	151
PD_204_1_bbduk_polyg_filt	55293.0	83362.0	94919.0	104933.0	111241.0	116874.0	121894.0	123804.0	122691.0	123617.0	123172.0	121198.0	120625.0	119273.0	117435.0	93216.0	95924.0	111504.0	109152.0	102195.0	2097220.0
	52	57	62	67	72	77	82	87	92	97	102	107	112	117	122	127	132	137	142	147	151
PD_204_2_bbduk_polyg_filt	55355.0	83413.0	94943.0	104954.0	111258.0	116889.0	121910.0	123802.0	122684.0	123628.0	123201.0	121169.0	120645.0	119297.0	117485.0	93362.0	96662.0	113561.0	112638.0	103234.0	2089452.0
	52	57	62	67	72	77	82	87	92	97	102	107	112	117	122	127	132	137	142	147	151
PD_205P_1_bbduk_polyg_filt	16254.0	24870.0	28098.0	30580.0	33026.0	39750.0	45636.0	49963.0	54941.0	65438.0	71975.0	72372.0	71295.0	69936.0	72177.0	62041.0	67823.0	85997.0	88253.0	85244.0	2232306.0
	52	57	62	67	72	77	82	87	92	97	102	107	112	117	122	127	132	137	142	147	151
PD_205P_2_bbduk_polyg_filt	16285.0	24892.0	28131.0	30589.0	33041.0	39759.0	45654.0	49995.0	54933.0	65445.0	71968.0	72357.0	71322.0	69939.0	72236.0	62147.0	68544.0	87761.0	91247.0	86091.0	2225639.0
	52	57	62	67	72	77	82	87	92	97	102	107	112	117	122	127	132	137	142	147	151
PD_206S_1_bbduk_polyg_filt	43146.0	68531.0	83323.0	96034.0	106621.0	115037.0	122731.0	127742.0	130560.0	133085.0	135244.0	135718.0	135810.0	135367.0	135582.0	109351.0	112921.0	134305.0	133412.0	125047.0	3592709.0
	52	57	62	67	72	77	82	87	92	97	102	107	112	117	122	127	132	137	142	147	151
PD_206S_2_bbduk_polyg_filt	43203.0	68560.0	83375.0	96062.0	106657.0	115058.0	122755.0	127738.0	130546.0	133086.0	135253.0	135718.0	135775.0	135398.0	135675.0	109643.0	114575.0	138756.0	140407.0	126965.0	3577071.0
	52	57	62	67	72	77	82	87	92	97	102	107	112	117	122	127	132	137	142	147	151
PD_207P_1_bbduk_polyg_filt	41831.0	65587.0	80127.0	92124.0	103310.0	111598.0	120009.0	125448.0	128413.0	132465.0	136277.0	136686.0	138521.0	138474.0	139716.0	111820.0	115160.0	137238.0	134859.0	127629.0	2923478.0
	52	57	62	67	72	77	82	87	92	97	102	107	112	117	122	127	132	137	142	147	151
PD_207P_2_bbduk_polyg_filt	41880.0	65640.0	80174.0	92148.0	103338.0	111599.0	120002.0	125483.0	128431.0	132466.0	136319.0	136693.0	138513.0	138474.0	139743.0	111971.0	115984.0	139240.0	138371.0	128585.0	2915716.0
	52	57	62	67	72	77	82	87	92	97	102	107	112	117	122	127	132	137	142	147	151
PD_208S_1_bbduk_polyg_filt	27906.0	43814.0	53917.0	63554.0	70791.0	78211.0	83928.0	87814.0	90406.0	93974.0	96557.0	95813.0	97775.0	98634.0	98644.0	78732.0	82103.0	99419.0	99494.0	94224.0	2472721.0
	52	57	62	67	72	77	82	87	92	97	102	107	112	117	122	127	132	137	142	147	151
PD_208S_2_bbduk_polyg_filt	27932.0	43840.0	53949.0	63577.0	70796.0	78219.0	83938.0	87825.0	90387.0	93977.0	96551.0	95819.0	97794.0	98645.0	98669.0	78854.0	82849.0	101226.0	102628.0	95101.0	2465855.0
	52	57	62	67	72	77	82	87	92	97	102	107	112	117	122	127	132	137	142	147	151
PD_209P_1_bbduk_polyg_filt	38330.0	61502.0	74049.0	85100.0	93745.0	101965.0	109431.0	114931.0	118437.0	123077.0	127094.0	127803.0	130881.0	132958.0	134883.0	108357.0	113299.0	137971.0	137831.0	132677.0	3192377.0
	52	57	62	67	72	77	82	87	92	97	102	107	112	117	122	127	132	137	142	147	151
PD_209P_2_bbduk_polyg_filt	38377.0	61544.0	74071.0	85168.0	93751.0	101981.0	109422.0	114939.0	118432.0	123086.0	127121.0	127793.0	130912.0	132977.0	134917.0	108582.0	114214.0	140211.0	141987.0	133869.0	3183344.0
	52	57	62	67	72	77	82	87	92	97	102	107	112	117	122	127	132	137	142	147	151
PD_210S_1_bbduk_polyg_filt	31133.0	48486.0	58859.0	68391.0	75615.0	82104.0	87928.0	92907.0	95814.0	98446.0	100999.0	101768.0	103219.0	102975.0	104011.0	83992.0	86266.0	104235.0	103792.0	98169.0	2894108.0
	52	57	62	67	72	77	82	87	92	97	102	107	112	117	122	127	132	137	142	147	151
PD_210S_2_bbduk_polyg_filt	31182.0	48532.0	58893.0	68401.0	75647.0	82116.0	87937.0	92901.0	95814.0	98477.0	101028.0	101753.0	103234.0	102979.0	104075.0	84245.0	87666.0	107876.0	109609.0	99769.0	2881083.0
	52	57	62	67	72	77	82	87	92	97	102	107	112	117	122	127	132	137	142	147	151
PD_211P_1_bbduk_polyg_filt	281.0	372.0	461.0	537.0	595.0	659.0	688.0	765.0	808.0	874.0	906.0	974.0	1019.0	1054.0	1135.0	1007.0	1019.0	1217.0	1192.0	1084.0	26509.0
	52	57	62	67	72	77	82	87	92	97	102	107	112	117	122	127	132	137	142	147	151
PD_211P_2_bbduk_polyg_filt	313.0	389.0	469.0	541.0	596.0	644.0	699.0	765.0	800.0	879.0	906.0	989.0	1024.0	1059.0	1132.0	1038.0	1103.0	1357.0	1516.0	1104.0	25833.0
	52	57	62	67	72	77	82	87	92	97	102	107	112	117	122	127	132	137	142	147	151
PD_212S_1_bbduk_polyg_filt	122.0	176.0	233.0	226.0	262.0	274.0	324.0	345.0	377.0	392.0	445.0	432.0	468.0	473.0	478.0	437.0	438.0	534.0	512.0	490.0	9453.0
	52	57	62	67	72	77	82	87	92	97	102	107	112	117	122	127	132	137	142	147	151
PD_212S_2_bbduk_polyg_filt	126.0	181.0	235.0	226.0	265.0	277.0	321.0	351.0	374.0	393.0	449.0	424.0	464.0	475.0	481.0	441.0	455.0	573.0	581.0	500.0	9299.0
	52	57	62	67	72	77	82	87	92	97	102	107	112	117	122	127	132	137	142	147	151
PD_213S_1_bbduk_polyg_filt	45192.0	70320.0	82866.0	94594.0	103764.0	111197.0	119013.0	123445.0	127191.0	131775.0	135486.0	138199.0	141488.0	142727.0	144612.0	117790.0	122831.0	149893.0	149063.0	143516.0	3526964.0
	52	57	62	67	72	77	82	87	92	97	102	107	112	117	122	127	132	137	142	147	151
PD_213S_2_bbduk_polyg_filt	45253.0	70372.0	82888.0	94615.0	103788.0	111201.0	119038.0	123476.0	127175.0	131783.0	135540.0	138224.0	141465.0	142748.0	144640.0	117990.0	123939.0	152531.0	153884.0	144855.0	3516521.0
	52	57	62	67	72	77	82	87	92	97	102	107	112	117	122	127	132	137	142	147	151
PD_214S_1_bbduk_polyg_filt	21920.0	35838.0	44884.0	53740.0	60725.0	67920.0	74584.0	78723.0	81601.0	87289.0	91839.0	94421.0	98122.0	99139.0	102171.0	83303.0	88384.0	109182.0	110826.0	105823.0	3044456.0
	52	57	62	67	72	77	82	87	92	97	102	107	112	117	122	127	132	137	142	147	151
PD_214S_2_bbduk_polyg_filt	21939.0	35863.0	44901.0	53761.0	60724.0	67939.0	74585.0	78740.0	81648.0	87294.0	91853.0	94403.0	98112.0	99174.0	102215.0	83478.0	89576.0	112145.0	115633.0	107429.0	3033478.0
	52	57	62	67	72	77	82	87	92	97	102	107	112	117	122	127	132	137	142	147	151
PD_215S_1_bbduk_polyg_filt	47193.0	74666.0	91179.0	106278.0	117958.0	127937.0	137530.0	142181.0	146495.0	147997.0	151222.0	150504.0	150624.0	148950.0	149533.0	120059.0	125357.0	149902.0	149949.0	141007.0	4233503.0
	52	57	62	67	72	77	82	87	92	97	102	107	112	117	122	127	132	137	142	147	151
PD_215S_2_bbduk_polyg_filt	47250.0	74699.0	91245.0	106302.0	118003.0	127982.0	137541.0	142145.0	146496.0	148022.0	151231.0	150519.0	150619.0	148955.0	149627.0	120411.0	127171.0	154665.0	158302.0	143354.0	4215485.0
	52	57	62	67	72	77	82	87	92	97	102	107	112	117	122	127	132	137	142	147	151
PD_216S_1_bbduk_polyg_filt	227.0	365.0	386.0	447.0	445.0	526.0	600.0	596.0	658.0	715.0	752.0	826.0	879.0	918.0	983.0	766.0	813.0	1122.0	1009.0	951.0	19202.0
	52	57	62	67	72	77	82	87	92	97	102	107	112	117	122	127	132	137	142	147	151
PD_216S_2_bbduk_polyg_filt	241.0	375.0	385.0	451.0	451.0	533.0	598.0	589.0	652.0	715.0	753.0	827.0	887.0	915.0	981.0	777.0	862.0	1195.0	1137.0	979.0	18883.0
	52	57	62	67	72	77	82	87	92	97	102	107	112	117	122	127	132	137	142	147	151
PD_217P_1_bbduk_polyg_filt	334.0	525.0	538.0	589.0	727.0	841.0	890.0	963.0	970.0	1116.0	1218.0	1287.0	1409.0	1355.0	1372.0	1132.0	1282.0	1580.0	1497.0	1421.0	37937.0
	52	57	62	67	72	77	82	87	92	97	102	107	112	117	122	127	132	137	142	147	151
PD_217P_2_bbduk_polyg_filt	342.0	539.0	557.0	595.0	740.0	837.0	890.0	959.0	972.0	1116.0	1216.0	1285.0	1404.0	1363.0	1380.0	1137.0	1381.0	1755.0	1823.0	1466.0	37226.0
	52	54	56	58	60	62	64	66	68	70	72	74	76	78	80	82	84	86	88	90	92	94	96	98	100	102	104	106	108	110	112	114	116	118	120	122	124	126	128	130	132	134	136	138	140	142	144	146	148	150
PD_218S_1_bbduk_polyg_filt	3.0	4.0	2.0	2.0	4.0	5.0	3.0	3.0	3.0	7.0	2.0	1.0	10.0	1.0	3.0	8.0	4.0	4.0	6.0	15.0	7.0	7.0	5.0	7.0	7.0	6.0	10.0	8.0	15.0	13.0	13.0	8.0	11.0	9.0	13.0	8.0	12.0	18.0	8.0	13.0	11.0	16.0	10.0	14.0	21.0	16.0	21.0	7.0	16.0	632.0
	52	54	56	58	60	62	64	66	68	70	72	74	76	78	80	82	84	86	88	90	92	94	96	98	100	102	104	106	108	110	112	114	116	118	120	122	124	126	128	130	132	134	136	138	140	142	144	146	148	150
PD_218S_2_bbduk_polyg_filt	3.0	4.0	2.0	2.0	4.0	5.0	3.0	3.0	3.0	7.0	2.0	1.0	10.0	1.0	3.0	8.0	4.0	4.0	6.0	15.0	7.0	7.0	5.0	7.0	7.0	6.0	10.0	8.0	15.0	13.0	13.0	8.0	11.0	9.0	13.0	8.0	12.0	18.0	8.0	13.0	11.0	16.0	10.0	14.0	20.0	15.0	21.0	7.0	16.0	634.0
	52	57	62	67	72	77	82	87	92	97	102	107	112	117	122	127	132	137	142	147	151
PD_221P_1_bbduk_polyg_filt	33036.0	51106.0	60934.0	69160.0	76592.0	82980.0	89201.0	93170.0	96121.0	99903.0	104569.0	105578.0	108927.0	110832.0	114075.0	93675.0	99959.0	121178.0	122506.0	116564.0	3050624.0
	52	57	62	67	72	77	82	87	92	97	102	107	112	117	122	127	132	137	142	147	151
PD_221P_2_bbduk_polyg_filt	33072.0	51146.0	60966.0	69176.0	76612.0	82996.0	89212.0	93189.0	96158.0	99883.0	104556.0	105618.0	108925.0	110854.0	114148.0	93859.0	100957.0	123588.0	126748.0	117865.0	3041162.0
	52	57	62	67	72	77	82	87	92	97	102	107	112	117	122	127	132	137	142	147	151
PD_222S_1_bbduk_polyg_filt	45579.0	69268.0	81810.0	91518.0	99138.0	105810.0	110970.0	114274.0	115666.0	117410.0	119480.0	118516.0	116792.0	114003.0	115038.0	91514.0	94545.0	112575.0	110852.0	103972.0	2653020.0
	52	57	62	67	72	77	82	87	92	97	102	107	112	117	122	127	132	137	142	147	151
PD_222S_2_bbduk_polyg_filt	45632.0	69319.0	81817.0	91542.0	99154.0	105823.0	111004.0	114294.0	115671.0	117399.0	119476.0	118514.0	116824.0	114025.0	115122.0	91746.0	95860.0	115775.0	116127.0	105404.0	2641222.0
	52	57	62	67	72	77	82	87	92	97	102	107	112	117	122	127	132	137	142	147	151
PD_223P_1_bbduk_polyg_filt	45614.0	73212.0	89818.0	103944.0	115473.0	126414.0	136151.0	140987.0	144293.0	151396.0	156821.0	158683.0	161103.0	161281.0	164327.0	130619.0	136857.0	163966.0	163458.0	152649.0	4091012.0
	52	57	62	67	72	77	82	87	92	97	102	107	112	117	122	127	132	137	142	147	151
PD_223P_2_bbduk_polyg_filt	45679.0	73245.0	89824.0	104005.0	115493.0	126418.0	136175.0	141026.0	144270.0	151407.0	156896.0	158684.0	161124.0	161266.0	164402.0	130953.0	138575.0	168396.0	170334.0	154678.0	4075228.0
	52	57	62	67	72	77	82	87	92	97	102	107	112	117	122	127	132	137	142	147	151
PD_224S_1_bbduk_polyg_filt	50532.0	78694.0	92152.0	104294.0	114941.0	122068.0	130814.0	136697.0	140641.0	145762.0	149210.0	151677.0	153824.0	156017.0	157201.0	127196.0	131209.0	161419.0	162452.0	156287.0	4643437.0
	52	57	62	67	72	77	82	87	92	97	102	107	112	117	122	127	132	137	142	147	151
PD_224S_2_bbduk_polyg_filt	50585.0	78745.0	92214.0	104344.0	114927.0	122087.0	130822.0	136696.0	140648.0	145767.0	149217.0	151716.0	153822.0	156029.0	157279.0	127526.0	132849.0	165616.0	169841.0	158422.0	4627372.0
	52	57	62	67	72	77	82	87	92	97	102	107	112	117	122	127	132	137	142	147	151
PD_225P_1_bbduk_polyg_filt	50508.0	77921.0	91927.0	103875.0	113968.0	122177.0	130916.0	135756.0	137633.0	143219.0	147590.0	147895.0	148559.0	151111.0	152800.0	124773.0	128581.0	155404.0	155357.0	148447.0	3631607.0
	52	57	62	67	72	77	82	87	92	97	102	107	112	117	122	127	132	137	142	147	151
PD_225P_2_bbduk_polyg_filt	50577.0	77952.0	91949.0	103918.0	113979.0	122199.0	130920.0	135788.0	137642.0	143231.0	147576.0	147906.0	148569.0	151087.0	152888.0	124954.0	129529.0	157706.0	159496.0	149574.0	3622584.0
	52	57	62	67	72	77	82	87	92	97	102	107	112	117	122	127	132	137	142	147	151
PD_226S_1_bbduk_polyg_filt	37234.0	56332.0	66249.0	73973.0	81117.0	86988.0	91594.0	95344.0	98328.0	100328.0	103804.0	105841.0	106969.0	107570.0	108656.0	87835.0	90865.0	109703.0	110069.0	104621.0	2868116.0
	52	57	62	67	72	77	82	87	92	97	102	107	112	117	122	127	132	137	142	147	151
PD_226S_2_bbduk_polyg_filt	37272.0	56365.0	66271.0	73975.0	81141.0	86996.0	91604.0	95380.0	98333.0	100335.0	103795.0	105860.0	106974.0	107593.0	108726.0	88044.0	92208.0	113289.0	116042.0	106360.0	2854973.0
	52	57	62	67	72	77	82	87	92	97	102	107	112	117	122	127	132	137	142	147	151
PD_227P_1_bbduk_polyg_filt	55476.0	84385.0	98543.0	108474.0	117247.0	123419.0	130602.0	132182.0	132447.0	134030.0	134523.0	130448.0	129697.0	127016.0	125545.0	97492.0	98750.0	115240.0	111414.0	104113.0	1886745.0
	52	57	62	67	72	77	82	87	92	97	102	107	112	117	122	127	132	137	142	147	151
PD_227P_2_bbduk_polyg_filt	55523.0	84438.0	98630.0	108493.0	117240.0	123442.0	130606.0	132184.0	132438.0	134017.0	134547.0	130431.0	129667.0	127056.0	125600.0	97564.0	99214.0	116348.0	113337.0	104682.0	1882331.0
	52	57	62	67	72	77	82	87	92	97	102	107	112	117	122	127	132	137	142	147	151
PD_228S_1_bbduk_polyg_filt	27908.0	45189.0	56858.0	67590.0	77570.0	85345.0	93850.0	98809.0	101081.0	105854.0	109956.0	110337.0	112078.0	112506.0	115638.0	94987.0	98593.0	119944.0	120931.0	115700.0	3307927.0
	52	57	62	67	72	77	82	87	92	97	102	107	112	117	122	127	132	137	142	147	151
PD_228S_2_bbduk_polyg_filt	27950.0	45217.0	56877.0	67614.0	77577.0	85368.0	93848.0	98849.0	101085.0	105855.0	109981.0	110335.0	112087.0	112507.0	115696.0	95204.0	99788.0	122965.0	126122.0	117151.0	3296575.0
	52	57	62	67	72	77	82	87	92	97	102	107	112	117	122	127	132	137	142	147	151
PD_229P_1_bbduk_polyg_filt	42030.0	64310.0	74650.0	83922.0	90410.0	96548.0	102859.0	107043.0	109513.0	112701.0	115472.0	117470.0	119520.0	120462.0	121560.0	99078.0	102714.0	124403.0	125349.0	119303.0	3017701.0
	52	57	62	67	72	77	82	87	92	97	102	107	112	117	122	127	132	137	142	147	151
PD_229P_2_bbduk_polyg_filt	42071.0	64345.0	74697.0	83956.0	90383.0	96602.0	102853.0	107043.0	109530.0	112691.0	115485.0	117482.0	119523.0	120466.0	121609.0	99209.0	103504.0	126411.0	128844.0	120336.0	3009978.0
	52	57	62	67	72	77	82	87	92	97	102	107	112	117	122	127	132	137	142	147	151
PD_230S_1_bbduk_polyg_filt	30106.0	46803.0	56175.0	64851.0	72830.0	79469.0	85433.0	90705.0	94088.0	98268.0	103050.0	105406.0	107585.0	109629.0	112748.0	92306.0	97358.0	119548.0	120702.0	115611.0	3246385.0
	52	57	62	67	72	77	82	87	92	97	102	107	112	117	122	127	132	137	142	147	151
PD_230S_2_bbduk_polyg_filt	30144.0	46817.0	56199.0	64877.0	72864.0	79484.0	85444.0	90690.0	94101.0	98263.0	103045.0	105414.0	107617.0	109665.0	112829.0	92500.0	98455.0	122214.0	125361.0	117010.0	3236063.0
	52	57	62	67	72	77	82	87	92	97	102	107	112	117	122	127	132	137	142	147	151
PD_231P_1_bbduk_polyg_filt	61265.0	93522.0	108697.0	120921.0	130632.0	138051.0	145147.0	148559.0	147736.0	148833.0	149945.0	148963.0	148928.0	147748.0	146784.0	117685.0	122782.0	146146.0	144085.0	135149.0	3365887.0
	52	57	62	67	72	77	82	87	92	97	102	107	112	117	122	127	132	137	142	147	151
PD_231P_2_bbduk_polyg_filt	61334.0	93588.0	108730.0	120936.0	130672.0	138073.0	145144.0	148593.0	147735.0	148825.0	149973.0	148960.0	148932.0	147755.0	146849.0	117927.0	123917.0	149041.0	149060.0	136683.0	3354738.0
	52	57	62	67	72	77	82	87	92	97	102	107	112	117	122	127	132	137	142	147	151
PD_232S_1_bbduk_polyg_filt	45223.0	68952.0	81304.0	90999.0	98675.0	104413.0	109099.0	111841.0	113614.0	113748.0	114981.0	114604.0	113652.0	113242.0	111153.0	88873.0	91228.0	106607.0	105714.0	99788.0	2903116.0
	52	57	62	67	72	77	82	87	92	97	102	107	112	117	122	127	132	137	142	147	151
PD_232S_2_bbduk_polyg_filt	45270.0	68997.0	81329.0	91014.0	98699.0	104401.0	109114.0	111875.0	113609.0	113772.0	114968.0	114586.0	113661.0	113266.0	111222.0	89158.0	92752.0	110317.0	111928.0	101415.0	2889473.0
	52	57	62	67	72	77	82	87	92	97	102	107	112	117	122	127	132	137	142	147	151
PD_25P_1_bbduk_polyg_filt	70956.0	99952.0	110120.0	116933.0	121477.0	124327.0	128359.0	126769.0	124171.0	123393.0	123724.0	119232.0	118574.0	114358.0	112216.0	88037.0	87948.0	102771.0	98302.0	91092.0	1551707.0
	52	57	62	67	72	77	82	87	92	97	102	107	112	117	122	127	132	137	142	147	151
PD_25P_2_bbduk_polyg_filt	71019.0	100026.0	110158.0	116924.0	121466.0	124365.0	128370.0	126804.0	124158.0	123391.0	123713.0	119215.0	118584.0	114361.0	112189.0	88116.0	88349.0	103635.0	100006.0	91605.0	1547964.0
	52	57	62	67	72	77	82	87	92	97	102	107	112	117	122	127	132	137	142	147	151
PD_26P_1_bbduk_polyg_filt	79.0	92.0	100.0	130.0	115.0	105.0	126.0	123.0	131.0	126.0	121.0	125.0	110.0	103.0	121.0	96.0	106.0	116.0	122.0	103.0	1706.0
	52	57	62	67	72	77	82	87	92	97	102	107	112	117	122	127	132	137	142	147	151
PD_26P_2_bbduk_polyg_filt	79.0	93.0	100.0	129.0	115.0	106.0	125.0	123.0	131.0	127.0	121.0	125.0	109.0	103.0	121.0	96.0	106.0	117.0	124.0	102.0	1704.0
	52	57	62	67	72	77	82	87	92	97	102	107	112	117	122	127	132	137	142	147	151
PD_27P_1_bbduk_polyg_filt	66723.0	98365.0	111541.0	122308.0	129657.0	134930.0	139524.0	141160.0	141554.0	141270.0	140738.0	138856.0	136782.0	132973.0	131183.0	102603.0	103522.0	121978.0	117931.0	109661.0	2305069.0
	52	57	62	67	72	77	82	87	92	97	102	107	112	117	122	127	132	137	142	147	151
PD_27P_2_bbduk_polyg_filt	66802.0	98439.0	111569.0	122374.0	129661.0	134953.0	139538.0	141140.0	141562.0	141286.0	140759.0	138821.0	136770.0	132999.0	131210.0	102744.0	104397.0	124032.0	121475.0	110507.0	2297290.0
	52	57	62	67	72	77	82	87	92	97	102	107	112	117	122	127	132	137	142	147	151
PD_28P_1_bbduk_polyg_filt	5472.0	7682.0	8579.0	8936.0	9111.0	9555.0	9925.0	9825.0	10123.0	10152.0	10416.0	10252.0	10148.0	9817.0	9524.0	7774.0	7738.0	9241.0	8564.0	8486.0	150556.0
	52	57	62	67	72	77	82	87	92	97	102	107	112	117	122	127	132	137	142	147	151
PD_28P_2_bbduk_polyg_filt	5477.0	7686.0	8582.0	8934.0	9121.0	9551.0	9929.0	9827.0	10116.0	10165.0	10417.0	10250.0	10144.0	9813.0	9529.0	7781.0	7780.0	9313.0	8686.0	8530.0	150245.0
	52	57	62	67	72	77	82	87	92	97	102	107	112	117	122	127	132	137	142	147	151
PD_29P_1_bbduk_polyg_filt	48013.0	68964.0	76423.0	81722.0	86053.0	88702.0	91595.0	92019.0	90026.0	90079.0	90027.0	87328.0	85719.0	83400.0	82351.0	65687.0	67319.0	78864.0	76615.0	70639.0	1686698.0
	52	57	62	67	72	77	82	87	92	97	102	107	112	117	122	127	132	137	142	147	151
PD_29P_2_bbduk_polyg_filt	48070.0	68994.0	76429.0	81737.0	86097.0	88677.0	91602.0	92051.0	89987.0	90078.0	90036.0	87345.0	85706.0	83422.0	82432.0	65788.0	68094.0	80885.0	79757.0	71459.0	1679597.0
	52	57	62	67	72	77	82	87	92	97	102	107	112	117	122	127	132	137	142	147	151
PD_2P_1_bbduk_polyg_filt	43768.0	63424.0	70212.0	74927.0	77860.0	80427.0	81953.0	82218.0	82434.0	82298.0	82014.0	79346.0	77838.0	76085.0	74584.0	58359.0	58945.0	68983.0	66826.0	61459.0	1386570.0
	52	57	62	67	72	77	82	87	92	97	102	107	112	117	122	127	132	137	142	147	151
PD_2P_2_bbduk_polyg_filt	43835.0	63450.0	70233.0	74932.0	77881.0	80425.0	81944.0	82225.0	82445.0	82273.0	82015.0	79368.0	77850.0	76090.0	74611.0	58485.0	59744.0	70840.0	69863.0	62262.0	1379759.0
	52	57	62	67	72	77	82	87	92	97	102	107	112	117	122	127	132	137	142	147	151
PD_30P_1_bbduk_polyg_filt	43235.0	61248.0	66358.0	69746.0	71847.0	73194.0	76010.0	75614.0	74873.0	75452.0	75299.0	74076.0	72827.0	70699.0	68784.0	54004.0	55164.0	65156.0	63198.0	58154.0	1429003.0
	52	57	62	67	72	77	82	87	92	97	102	107	112	117	122	127	132	137	142	147	151
PD_30P_2_bbduk_polyg_filt	43278.0	61280.0	66379.0	69748.0	71893.0	73215.0	75991.0	75591.0	74846.0	75481.0	75292.0	74061.0	72841.0	70705.0	68805.0	54107.0	55872.0	67108.0	66196.0	58967.0	1422285.0
	52	57	62	67	72	77	82	87	92	97	102	107	112	117	122	127	132	137	142	147	151
PD_31P_1_bbduk_polyg_filt	54136.0	78925.0	88336.0	95702.0	101301.0	105811.0	110105.0	111133.0	109875.0	110120.0	111412.0	108584.0	107364.0	103955.0	102916.0	81807.0	84007.0	98671.0	95490.0	88275.0	1744902.0
	52	57	62	67	72	77	82	87	92	97	102	107	112	117	122	127	132	137	142	147	151
PD_31P_2_bbduk_polyg_filt	54213.0	78954.0	88387.0	95718.0	101313.0	105825.0	110127.0	111127.0	109889.0	110080.0	111423.0	108574.0	107353.0	103975.0	102951.0	81904.0	84417.0	99809.0	97576.0	88919.0	1740293.0
	52	57	62	67	72	77	82	87	92	97	102	107	112	117	122	127	132	137	142	147	151
PD_32P_1_bbduk_polyg_filt	78519.0	114563.0	129104.0	137501.0	145175.0	149958.0	153936.0	151995.0	148701.0	147489.0	145573.0	139820.0	134557.0	129802.0	125091.0	96952.0	97164.0	111812.0	105858.0	96656.0	1687599.0
	52	57	62	67	72	77	82	87	92	97	102	107	112	117	122	127	132	137	142	147	151
PD_32P_2_bbduk_polyg_filt	78613.0	114654.0	129166.0	137480.0	145232.0	149941.0	153944.0	152034.0	148685.0	147480.0	145558.0	139801.0	134591.0	129800.0	125074.0	97041.0	97709.0	113361.0	108519.0	97429.0	1681713.0
	52	57	62	67	72	77	82	87	92	97	102	107	112	117	122	127	132	137	142	147	151
PD_33P_1_bbduk_polyg_filt	61864.0	90788.0	100859.0	109945.0	115652.0	121790.0	126372.0	129279.0	131714.0	133547.0	134747.0	132120.0	131080.0	127400.0	126706.0	100414.0	102160.0	120434.0	116700.0	109086.0	2079667.0
	52	57	62	67	72	77	82	87	92	97	102	107	112	117	122	127	132	137	142	147	151
PD_33P_2_bbduk_polyg_filt	61923.0	90844.0	100912.0	109979.0	115673.0	121821.0	126352.0	129282.0	131715.0	133559.0	134759.0	132127.0	131112.0	127429.0	126707.0	100539.0	102831.0	122092.0	119738.0	109853.0	2073077.0
	52	57	62	67	72	77	82	87	92	97	102	107	112	117	122	127	132	137	142	147	151
PD_34P_1_bbduk_polyg_filt	79142.0	113832.0	127182.0	135266.0	142308.0	149730.0	156243.0	155818.0	154698.0	157211.0	156840.0	150714.0	147311.0	142291.0	140662.0	109536.0	111705.0	129493.0	123484.0	113904.0	1974040.0
	52	57	62	67	72	77	82	87	92	97	102	107	112	117	122	127	132	137	142	147	151
PD_34P_2_bbduk_polyg_filt	79234.0	113921.0	127209.0	135286.0	142313.0	149764.0	156262.0	155867.0	154716.0	157213.0	156818.0	150674.0	147311.0	142303.0	140675.0	109650.0	112210.0	130956.0	126014.0	114602.0	1968412.0
	52	57	62	67	72	77	82	87	92	97	102	107	112	117	122	127	132	137	142	147	151
PD_35P_1_bbduk_polyg_filt	61191.0	91697.0	105338.0	115536.0	123404.0	128095.0	132714.0	134346.0	134453.0	133453.0	132613.0	129661.0	127308.0	123611.0	120988.0	94983.0	94992.0	111684.0	106803.0	100059.0	2108321.0
	52	57	62	67	72	77	82	87	92	97	102	107	112	117	122	127	132	137	142	147	151
PD_35P_2_bbduk_polyg_filt	61266.0	91786.0	105369.0	115546.0	123433.0	128089.0	132727.0	134359.0	134460.0	133430.0	132635.0	129649.0	127320.0	123625.0	121026.0	95145.0	95813.0	113808.0	110547.0	101055.0	2100162.0
	52	57	62	67	72	77	82	87	92	97	102	107	112	117	122	127	132	137	142	147	151
PD_36P_1_bbduk_polyg_filt	39.0	45.0	42.0	42.0	36.0	67.0	56.0	61.0	55.0	61.0	64.0	72.0	58.0	50.0	38.0	43.0	41.0	44.0	58.0	52.0	877.0
	52	57	62	67	72	77	82	87	92	97	102	107	112	117	122	127	132	137	142	147	151
PD_36P_2_bbduk_polyg_filt	41.0	48.0	44.0	41.0	34.0	68.0	53.0	60.0	54.0	63.0	64.0	73.0	56.0	50.0	39.0	45.0	43.0	48.0	58.0	52.0	867.0
	52	57	62	67	72	77	82	87	92	97	102	107	112	117	122	127	132	137	142	147	151
PD_38P_1_bbduk_polyg_filt	54459.0	81791.0	94803.0	103442.0	110460.0	115210.0	118963.0	120285.0	120369.0	120185.0	119354.0	115741.0	112570.0	109734.0	106678.0	82786.0	82675.0	97297.0	93242.0	86708.0	1682482.0
	52	57	62	67	72	77	82	87	92	97	102	107	112	117	122	127	132	137	142	147	151
PD_38P_2_bbduk_polyg_filt	54521.0	81817.0	94863.0	103477.0	110484.0	115205.0	118961.0	120295.0	120358.0	120201.0	119325.0	115757.0	112559.0	109733.0	106689.0	82841.0	83123.0	98508.0	95387.0	87300.0	1677830.0
	52	57	62	67	72	77	82	87	92	97	102	107	112	117	122	127	132	137	142	147	151
PD_39P_1_bbduk_polyg_filt	40257.0	56914.0	62150.0	64518.0	66743.0	69836.0	72050.0	70260.0	68914.0	71290.0	70295.0	65917.0	65768.0	67156.0	66667.0	51698.0	53507.0	63891.0	60852.0	55343.0	1078973.0
	52	57	62	67	72	77	82	87	92	97	102	107	112	117	122	127	132	137	142	147	151
PD_39P_2_bbduk_polyg_filt	40276.0	56953.0	62153.0	64520.0	66778.0	69874.0	72035.0	70241.0	68892.0	71301.0	70289.0	65938.0	65801.0	67152.0	66661.0	51747.0	53856.0	64742.0	62428.0	55741.0	1075621.0
	52	57	62	67	72	77	82	87	92	97	102	107	112	117	122	127	132	137	142	147	151
PD_3P_1_bbduk_polyg_filt	66255.0	94601.0	105525.0	113018.0	119249.0	122713.0	126719.0	125342.0	122827.0	122934.0	123541.0	118803.0	117217.0	112522.0	110452.0	86084.0	88280.0	104566.0	99980.0	92235.0	1648403.0
	52	57	62	67	72	77	82	87	92	97	102	107	112	117	122	127	132	137	142	147	151
PD_3P_2_bbduk_polyg_filt	66319.0	94631.0	105587.0	113053.0	119287.0	122746.0	126696.0	125318.0	122854.0	122930.0	123534.0	118788.0	117234.0	112531.0	110433.0	86186.0	88700.0	105644.0	101987.0	92772.0	1644036.0
	52	57	62	67	72	77	82	87	92	97	102	107	112	117	122	127	132	137	142	147	151
PD_40P_1_bbduk_polyg_filt	45787.0	66995.0	74351.0	80511.0	85195.0	88100.0	91615.0	92527.0	92888.0	93752.0	94171.0	90915.0	89251.0	86605.0	85871.0	67613.0	68417.0	80731.0	77757.0	72730.0	1657513.0
	52	57	62	67	72	77	82	87	92	97	102	107	112	117	122	127	132	137	142	147	151
PD_40P_2_bbduk_polyg_filt	45845.0	67053.0	74347.0	80559.0	85200.0	88106.0	91625.0	92519.0	92909.0	93742.0	94175.0	90921.0	89248.0	86612.0	85898.0	67747.0	69231.0	82872.0	81355.0	73706.0	1649625.0
	52	57	62	67	72	77	82	87	92	97	102	107	112	117	122	127	132	137	142	147	151
PD_41P_1_bbduk_polyg_filt	24155.0	37125.0	44185.0	50690.0	56538.0	61795.0	66739.0	70451.0	71205.0	74068.0	76294.0	75734.0	77638.0	78666.0	78760.0	63749.0	65315.0	78485.0	77864.0	72484.0	1923532.0
	52	57	62	67	72	77	82	87	92	97	102	107	112	117	122	127	132	137	142	147	151
PD_41P_2_bbduk_polyg_filt	24179.0	37149.0	44220.0	50700.0	56543.0	61807.0	66747.0	70435.0	71229.0	74055.0	76292.0	75746.0	77630.0	78700.0	78814.0	63909.0	66342.0	81195.0	81909.0	73459.0	1914412.0
	52	57	62	67	72	77	82	87	92	97	102	107	112	117	122	127	132	137	142	147	151
PD_42P_1_bbduk_polyg_filt	42596.0	66421.0	79321.0	90094.0	99778.0	106376.0	113356.0	118316.0	122019.0	123367.0	126247.0	125343.0	125770.0	124875.0	122882.0	98294.0	100307.0	118005.0	114573.0	107903.0	2154178.0
	52	57	62	67	72	77	82	87	92	97	102	107	112	117	122	127	132	137	142	147	151
PD_42P_2_bbduk_polyg_filt	42645.0	66463.0	79365.0	90123.0	99830.0	106390.0	113336.0	118313.0	122030.0	123357.0	126262.0	125380.0	125763.0	124846.0	122938.0	98421.0	101035.0	119683.0	117628.0	108746.0	2147467.0
	52	57	62	67	72	77	82	87	92	97	102	107	112	117	122	127	132	137	142	147	151
PD_43P_1_bbduk_polyg_filt	48882.0	68339.0	74301.0	77454.0	79641.0	81362.0	82211.0	82398.0	81811.0	80880.0	80447.0	78030.0	76452.0	73578.0	71555.0	55558.0	56257.0	65586.0	63198.0	58105.0	1147417.0
	52	57	62	67	72	77	82	87	92	97	102	107	112	117	122	127	132	137	142	147	151
PD_43P_2_bbduk_polyg_filt	48905.0	68370.0	74340.0	77462.0	79674.0	81357.0	82202.0	82398.0	81822.0	80885.0	80441.0	78039.0	76457.0	73590.0	71555.0	55648.0	56684.0	66768.0	65057.0	58651.0	1143157.0
	52	57	62	67	72	77	82	87	92	97	102	107	112	117	122	127	132	137	142	147	151
PD_44P_1_bbduk_polyg_filt	51229.0	75004.0	84648.0	92139.0	98235.0	101806.0	104863.0	106484.0	107566.0	107473.0	107441.0	105575.0	103617.0	101183.0	99089.0	77636.0	77488.0	91446.0	87813.0	82971.0	1789788.0
	52	57	62	67	72	77	82	87	92	97	102	107	112	117	122	127	132	137	142	147	151
PD_44P_2_bbduk_polyg_filt	51297.0	75051.0	84687.0	92134.0	98290.0	101821.0	104886.0	106504.0	107547.0	107463.0	107436.0	105559.0	103658.0	101191.0	99107.0	77777.0	78219.0	93401.0	91214.0	84030.0	1782222.0
	52	57	62	67	72	77	82	87	92	97	102	107	112	117	122	127	132	137	142	147	151
PD_45P_1_bbduk_polyg_filt	53818.0	81184.0	95142.0	105751.0	115101.0	120304.0	126387.0	129739.0	131170.0	131916.0	134170.0	133156.0	132246.0	129736.0	128522.0	101536.0	103469.0	121147.0	118458.0	111487.0	2302606.0
	52	57	62	67	72	77	82	87	92	97	102	107	112	117	122	127	132	137	142	147	151
PD_45P_2_bbduk_polyg_filt	53879.0	81243.0	95220.0	105765.0	115117.0	120292.0	126397.0	129750.0	131189.0	131923.0	134146.0	133152.0	132253.0	129773.0	128518.0	101650.0	104080.0	122691.0	121136.0	112270.0	2296601.0
	52	57	62	67	72	77	82	87	92	97	102	107	112	117	122	127	132	137	142	147	151
PD_46P_1_bbduk_polyg_filt	57622.0	83454.0	93309.0	101111.0	107412.0	110810.0	115998.0	116269.0	116444.0	115862.0	116813.0	114045.0	113895.0	111148.0	109882.0	87192.0	89679.0	104890.0	102989.0	95433.0	1874790.0
	52	57	62	67	72	77	82	87	92	97	102	107	112	117	122	127	132	137	142	147	151
PD_46P_2_bbduk_polyg_filt	57681.0	83492.0	93328.0	101119.0	107409.0	110848.0	116001.0	116277.0	116489.0	115860.0	116801.0	114041.0	113922.0	111114.0	109935.0	87283.0	90136.0	105917.0	105025.0	96012.0	1870357.0
	52	57	62	67	72	77	82	87	92	97	102	107	112	117	122	127	132	137	142	147	151
PD_47P_1_bbduk_polyg_filt	43660.0	65757.0	74534.0	81875.0	87368.0	91366.0	94181.0	96693.0	97217.0	96881.0	96779.0	95667.0	93685.0	91852.0	89957.0	71364.0	72149.0	84057.0	81873.0	76332.0	1824429.0
	52	57	62	67	72	77	82	87	92	97	102	107	112	117	122	127	132	137	142	147	151
PD_47P_2_bbduk_polyg_filt	43712.0	65802.0	74552.0	81915.0	87381.0	91345.0	94194.0	96673.0	97240.0	96871.0	96779.0	95687.0	93684.0	91855.0	89998.0	71523.0	73268.0	86831.0	86274.0	77555.0	1814537.0
	52	57	62	67	72	77	82	87	92	97	102	107	112	117	122	127	132	137	142	147	151
PD_48P_1_bbduk_polyg_filt	50417.0	72339.0	80684.0	85337.0	88359.0	90577.0	94118.0	93494.0	92599.0	92427.0	93282.0	90336.0	88322.0	87487.0	85432.0	66481.0	68921.0	80455.0	79042.0	71990.0	1727608.0
	52	57	62	67	72	77	82	87	92	97	102	107	112	117	122	127	132	137	142	147	151
PD_48P_2_bbduk_polyg_filt	50485.0	72394.0	80675.0	85350.0	88371.0	90608.0	94123.0	93455.0	92611.0	92449.0	93296.0	90343.0	88332.0	87484.0	85488.0	66636.0	69884.0	83098.0	83209.0	73141.0	1718275.0
	52	57	62	67	72	77	82	87	92	97	102	107	112	117	122	127	132	137	142	147	151
PD_4P_1_bbduk_polyg_filt	58621.0	87319.0	99970.0	109024.0	115731.0	120494.0	125158.0	124933.0	123430.0	122297.0	121304.0	117348.0	113538.0	109514.0	105491.0	82278.0	81100.0	93184.0	88354.0	81093.0	1474007.0
	52	57	62	67	72	77	82	87	92	97	102	107	112	117	122	127	132	137	142	147	151
PD_4P_2_bbduk_polyg_filt	58700.0	87376.0	99992.0	109051.0	115740.0	120494.0	125179.0	124939.0	123443.0	122293.0	121297.0	117338.0	113517.0	109520.0	105498.0	82361.0	81627.0	94502.0	90621.0	81676.0	1469024.0
	52	57	62	67	72	77	82	87	92	97	102	107	112	117	122	127	132	137	142	147	151
PD_50P_1_bbduk_polyg_filt	3633.0	5004.0	5434.0	5892.0	6070.0	6272.0	6436.0	6558.0	6709.0	6706.0	6711.0	6523.0	6552.0	6445.0	6483.0	5241.0	5243.0	6307.0	5983.0	5764.0	114330.0
	52	57	62	67	72	77	82	87	92	97	102	107	112	117	122	127	132	137	142	147	151
PD_50P_2_bbduk_polyg_filt	3640.0	5008.0	5434.0	5893.0	6079.0	6268.0	6431.0	6566.0	6714.0	6703.0	6708.0	6529.0	6551.0	6441.0	6487.0	5251.0	5278.0	6377.0	6123.0	5788.0	114027.0
	52	57	62	67	72	77	82	87	92	97	102	107	112	117	122	127	132	137	142	147	151
PD_51P_1_bbduk_polyg_filt	36188.0	56371.0	66416.0	74894.0	82226.0	86830.0	91548.0	94081.0	95087.0	95964.0	97279.0	95361.0	94751.0	93453.0	92338.0	73019.0	73753.0	87714.0	84857.0	80504.0	1969916.0
	52	57	62	67	72	77	82	87	92	97	102	107	112	117	122	127	132	137	142	147	151
PD_51P_2_bbduk_polyg_filt	36213.0	56410.0	66457.0	74908.0	82250.0	86845.0	91541.0	94112.0	95098.0	95957.0	97279.0	95367.0	94735.0	93475.0	92395.0	73174.0	74855.0	90652.0	89607.0	81698.0	1959522.0
	52	57	62	67	72	77	82	87	92	97	102	107	112	117	122	127	132	137	142	147	151
PD_52P_1_bbduk_polyg_filt	46417.0	64530.0	70951.0	74877.0	77865.0	79585.0	81303.0	81197.0	80826.0	79642.0	78998.0	77046.0	75508.0	73200.0	71018.0	55556.0	56232.0	66324.0	63840.0	59217.0	1313909.0
	52	57	62	67	72	77	82	87	92	97	102	107	112	117	122	127	132	137	142	147	151
PD_52P_2_bbduk_polyg_filt	46466.0	64544.0	70983.0	74888.0	77883.0	79569.0	81309.0	81186.0	80855.0	79639.0	79002.0	77044.0	75499.0	73208.0	71044.0	55662.0	56834.0	67862.0	66244.0	59834.0	1308486.0
	52	57	62	67	72	77	82	87	92	97	102	107	112	117	122	127	132	137	142	147	151
PD_53P_1_bbduk_polyg_filt	40932.0	60298.0	69208.0	74793.0	79929.0	84334.0	87729.0	88844.0	87149.0	87317.0	87883.0	85655.0	82744.0	82030.0	80796.0	64018.0	66480.0	77995.0	76747.0	71630.0	1911784.0
	52	57	62	67	72	77	82	87	92	97	102	107	112	117	122	127	132	137	142	147	151
PD_53P_2_bbduk_polyg_filt	40988.0	60335.0	69240.0	74784.0	79949.0	84332.0	87743.0	88820.0	87155.0	87336.0	87862.0	85659.0	82758.0	82052.0	80867.0	64226.0	67655.0	81106.0	81788.0	72913.0	1900727.0
	52	57	62	67	72	77	82	87	92	97	102	107	112	117	122	127	132	137	142	147	151
PD_54P_1_bbduk_polyg_filt	51357.0	78629.0	91479.0	101868.0	110196.0	115209.0	120087.0	120857.0	118008.0	117566.0	117608.0	114897.0	110484.0	107164.0	106508.0	84210.0	86716.0	101550.0	97932.0	91199.0	2022098.0
	52	57	62	67	72	77	82	87	92	97	102	107	112	117	122	127	132	137	142	147	151
PD_54P_2_bbduk_polyg_filt	51405.0	78671.0	91530.0	101902.0	110221.0	115216.0	120119.0	120861.0	117974.0	117569.0	117579.0	114919.0	110497.0	107155.0	106531.0	84379.0	87689.0	103920.0	102086.0	92262.0	2013137.0
	52	57	62	67	72	77	82	87	92	97	102	107	112	117	122	127	132	137	142	147	151
PD_55P_1_bbduk_polyg_filt	24757.0	39203.0	48682.0	57398.0	65527.0	74125.0	81874.0	87485.0	91620.0	97069.0	101746.0	103231.0	104693.0	104831.0	106441.0	85542.0	89831.0	108814.0	106602.0	101561.0	2114512.0
	52	57	62	67	72	77	82	87	92	97	102	107	112	117	122	127	132	137	142	147	151
PD_55P_2_bbduk_polyg_filt	24792.0	39226.0	48686.0	57434.0	65554.0	74153.0	81869.0	87466.0	91662.0	97099.0	101735.0	103223.0	104719.0	104811.0	106489.0	85637.0	90343.0	110088.0	109060.0	102209.0	2109289.0
	52	57	62	67	72	77	82	87	92	97	102	107	112	117	122	127	132	137	142	147	151
PD_56P_1_bbduk_polyg_filt	74060.0	115666.0	137336.0	155828.0	169985.0	181137.0	191587.0	198138.0	201409.0	204740.0	206249.0	205219.0	202179.0	198780.0	196984.0	154571.0	156781.0	184356.0	178377.0	167406.0	3241951.0
	52	57	62	67	72	77	82	87	92	97	102	107	112	117	122	127	132	137	142	147	151
PD_56P_2_bbduk_polyg_filt	74147.0	115741.0	137380.0	155892.0	170025.0	181178.0	191603.0	198157.0	201462.0	204712.0	206270.0	205202.0	202202.0	198773.0	197024.0	154781.0	157798.0	186893.0	183128.0	168785.0	3231586.0
	52	57	62	67	72	77	82	87	92	97	102	107	112	117	122	127	132	137	142	147	151
PD_57P_1_bbduk_polyg_filt	76953.0	110709.0	121219.0	128831.0	133914.0	137913.0	141653.0	142615.0	142432.0	141420.0	140849.0	138217.0	135227.0	131438.0	128421.0	100021.0	101725.0	118327.0	113888.0	106259.0	1910994.0
	52	57	62	67	72	77	82	87	92	97	102	107	112	117	122	127	132	137	142	147	151
PD_57P_2_bbduk_polyg_filt	77034.0	110771.0	121230.0	128860.0	133919.0	137892.0	141661.0	142670.0	142449.0	141416.0	140829.0	138227.0	135217.0	131425.0	128427.0	100079.0	102141.0	119245.0	115794.0	106741.0	1906998.0
	52	57	62	67	72	77	82	87	92	97	102	107	112	117	122	127	132	137	142	147	151
PD_58P_1_bbduk_polyg_filt	51615.0	75319.0	84377.0	91799.0	96916.0	100436.0	103869.0	104320.0	104582.0	103838.0	103621.0	101695.0	99571.0	96872.0	95233.0	74204.0	76041.0	88267.0	85966.0	80108.0	1854085.0
	52	57	62	67	72	77	82	87	92	97	102	107	112	117	122	127	132	137	142	147	151
PD_58P_2_bbduk_polyg_filt	51683.0	75360.0	84397.0	91832.0	96912.0	100421.0	103889.0	104326.0	104597.0	103843.0	103601.0	101723.0	99542.0	96892.0	95279.0	74402.0	76996.0	90813.0	90111.0	81159.0	1844956.0
	52	57	62	67	72	77	82	87	92	97	102	107	112	117	122	127	132	137	142	147	151
PD_59P_1_bbduk_polyg_filt	43829.0	62402.0	69300.0	73573.0	76938.0	79582.0	82771.0	82213.0	82194.0	82528.0	82858.0	80548.0	78671.0	76710.0	75692.0	58564.0	59918.0	70078.0	68197.0	63129.0	1300658.0
	52	57	62	67	72	77	82	87	92	97	102	107	112	117	122	127	132	137	142	147	151
PD_59P_2_bbduk_polyg_filt	43867.0	62435.0	69349.0	73571.0	76947.0	79591.0	82792.0	82189.0	82180.0	82544.0	82862.0	80551.0	78644.0	76726.0	75720.0	58649.0	60411.0	71373.0	70465.0	63785.0	1295702.0
	52	57	62	67	72	77	82	87	92	97	102	107	112	117	122	127	132	137	142	147	151
PD_5P_1_bbduk_polyg_filt	48872.0	71321.0	80622.0	87523.0	92887.0	97550.0	102559.0	104262.0	105162.0	107468.0	107337.0	105103.0	104740.0	102488.0	101516.0	79829.0	81707.0	94480.0	91582.0	85513.0	1638482.0
	52	57	62	67	72	77	82	87	92	97	102	107	112	117	122	127	132	137	142	147	151
PD_5P_2_bbduk_polyg_filt	48927.0	71380.0	80649.0	87550.0	92882.0	97558.0	102582.0	104263.0	105158.0	107474.0	107355.0	105102.0	104728.0	102503.0	101540.0	79886.0	82167.0	95522.0	93641.0	86068.0	1634068.0
	52	57	62	67	72	77	82	87	92	97	102	107	112	117	122	127	132	137	142	147	151
PD_60P_1_bbduk_polyg_filt	52109.0	77418.0	88847.0	97285.0	103682.0	108028.0	112415.0	114188.0	114298.0	114963.0	116104.0	112964.0	111760.0	109197.0	107818.0	85317.0	86782.0	101549.0	98709.0	92053.0	1856455.0
	52	57	62	67	72	77	82	87	92	97	102	107	112	117	122	127	132	137	142	147	151
PD_60P_2_bbduk_polyg_filt	52165.0	77481.0	88865.0	97297.0	103722.0	108047.0	112446.0	114208.0	114316.0	114948.0	116084.0	112957.0	111740.0	109210.0	107843.0	85392.0	87336.0	102928.0	101070.0	92817.0	1851069.0
	52	57	62	67	72	77	82	87	92	97	102	107	112	117	122	127	132	137	142	147	151
PD_63P_1_bbduk_polyg_filt	16487.0	24712.0	28694.0	32708.0	36776.0	40079.0	44671.0	47880.0	50066.0	54116.0	58141.0	60281.0	64356.0	67252.0	70754.0	59239.0	62539.0	77384.0	78527.0	75594.0	2149099.0
	52	57	62	67	72	77	82	87	92	97	102	107	112	117	122	127	132	137	142	147	151
PD_63P_2_bbduk_polyg_filt	16512.0	24731.0	28713.0	32705.0	36801.0	40081.0	44689.0	47887.0	50071.0	54132.0	58134.0	60293.0	64365.0	67297.0	70802.0	59401.0	63603.0	80174.0	82966.0	76780.0	2139218.0
	52	57	62	67	72	77	82	87	92	97	102	107	112	117	122	127	132	137	142	147	151
PD_64P_1_bbduk_polyg_filt	71918.0	106258.0	120202.0	129614.0	136908.0	140994.0	144042.0	144070.0	141674.0	139808.0	137776.0	132996.0	128139.0	123214.0	119229.0	93401.0	93479.0	108920.0	104101.0	96007.0	1862684.0
	52	57	62	67	72	77	82	87	92	97	102	107	112	117	122	127	132	137	142	147	151
PD_64P_2_bbduk_polyg_filt	72001.0	106331.0	120261.0	129676.0	136953.0	140992.0	144045.0	144056.0	141690.0	139781.0	137759.0	133025.0	128128.0	123259.0	119240.0	93524.0	94361.0	111242.0	107919.0	97028.0	1854163.0
	52	57	62	67	72	77	82	87	92	97	102	107	112	117	122	127	132	137	142	147	151
PD_65P_1_bbduk_polyg_filt	46852.0	71200.0	82884.0	92292.0	98902.0	103180.0	108292.0	109267.0	109353.0	108575.0	108681.0	106244.0	105396.0	101806.0	99972.0	78142.0	78719.0	92293.0	88069.0	82012.0	1673463.0
	52	57	62	67	72	77	82	87	92	97	102	107	112	117	122	127	132	137	142	147	151
PD_65P_2_bbduk_polyg_filt	46911.0	71227.0	82917.0	92316.0	98921.0	103203.0	108265.0	109283.0	109375.0	108576.0	108645.0	106232.0	105421.0	101806.0	100010.0	78275.0	79269.0	93890.0	90775.0	82761.0	1667516.0
	52	57	62	67	72	77	82	87	92	97	102	107	112	117	122	127	132	137	142	147	151
PD_66P_1_bbduk_polyg_filt	47448.0	67843.0	74449.0	78599.0	81165.0	83979.0	86841.0	87254.0	86960.0	88106.0	88587.0	86013.0	85313.0	84274.0	82993.0	65015.0	66106.0	78330.0	75299.0	70091.0	1333398.0
	52	57	62	67	72	77	82	87	92	97	102	107	112	117	122	127	132	137	142	147	151
PD_66P_2_bbduk_polyg_filt	47494.0	67890.0	74486.0	78590.0	81199.0	83979.0	86872.0	87256.0	86957.0	88114.0	88566.0	85998.0	85337.0	84277.0	82989.0	65093.0	66510.0	79339.0	77033.0	70582.0	1329502.0
	52	57	62	67	72	77	82	87	92	97	102	107	112	117	122	127	132	137	142	147	151
PD_6P_1_bbduk_polyg_filt	36723.0	55213.0	62189.0	67661.0	71879.0	74452.0	76582.0	77405.0	77121.0	76261.0	76001.0	74003.0	72417.0	71001.0	69233.0	54288.0	54752.0	63819.0	61421.0	57314.0	1278794.0
	52	57	62	67	72	77	82	87	92	97	102	107	112	117	122	127	132	137	142	147	151
PD_6P_2_bbduk_polyg_filt	36771.0	55223.0	62231.0	67664.0	71889.0	74464.0	76588.0	77405.0	77121.0	76252.0	75988.0	73997.0	72433.0	71022.0	69266.0	54407.0	55360.0	65513.0	64202.0	58104.0	1272629.0
	52	57	62	67	72	77	82	87	92	97	102	107	112	117	122	127	132	137	142	147	151
PD_70P_1_bbduk_polyg_filt	44548.0	62940.0	70118.0	74080.0	77313.0	79045.0	81770.0	80505.0	79879.0	80314.0	80109.0	77623.0	76747.0	75540.0	74217.0	58988.0	59666.0	70595.0	68436.0	62844.0	1464385.0
	52	57	62	67	72	77	82	87	92	97	102	107	112	117	122	127	132	137	142	147	151
PD_70P_2_bbduk_polyg_filt	44573.0	63005.0	70147.0	74111.0	77311.0	79043.0	81779.0	80531.0	79873.0	80330.0	80083.0	77624.0	76745.0	75532.0	74259.0	59121.0	60498.0	72656.0	71706.0	63751.0	1456984.0
	52	57	62	67	72	77	82	87	92	97	102	107	112	117	122	127	132	137	142	147	151
PD_73P_1_bbduk_polyg_filt	25298.0	32046.0	30041.0	27561.0	25917.0	28589.0	30281.0	28264.0	27296.0	30729.0	31421.0	26709.0	20377.0	18002.0	21057.0	18839.0	21697.0	28040.0	28151.0	26800.0	728099.0
	52	57	62	67	72	77	82	87	92	97	102	107	112	117	122	127	132	137	142	147	151
PD_73P_2_bbduk_polyg_filt	25315.0	32070.0	30055.0	27566.0	25916.0	28598.0	30283.0	28272.0	27294.0	30731.0	31404.0	26700.0	20393.0	18012.0	21071.0	18908.0	21933.0	28656.0	29272.0	27029.0	725736.0
	52	57	62	67	72	77	82	87	92	97	102	107	112	117	122	127	132	137	142	147	151
PD_74P_1_bbduk_polyg_filt	55528.0	80026.0	88849.0	96174.0	100695.0	104731.0	107929.0	110056.0	109663.0	110161.0	110101.0	107500.0	106798.0	103962.0	102408.0	80839.0	81315.0	95449.0	92582.0	86568.0	1624526.0
	52	57	62	67	72	77	82	87	92	97	102	107	112	117	122	127	132	137	142	147	151
PD_74P_2_bbduk_polyg_filt	55568.0	80096.0	88903.0	96220.0	100682.0	104731.0	107948.0	110052.0	109668.0	110154.0	110135.0	107482.0	106780.0	103967.0	102437.0	80913.0	81750.0	96507.0	94585.0	87135.0	1620147.0
	52	57	62	67	72	77	82	87	92	97	102	107	112	117	122	127	132	137	142	147	151
PD_75P_1_bbduk_polyg_filt	42395.0	61864.0	69164.0	74263.0	78287.0	80871.0	83810.0	84809.0	84506.0	85276.0	85866.0	84802.0	84338.0	82361.0	81514.0	64560.0	66336.0	77800.0	75742.0	70993.0	1498208.0
	52	57	62	67	72	77	82	87	92	97	102	107	112	117	122	127	132	137	142	147	151
PD_75P_2_bbduk_polyg_filt	42456.0	61893.0	69203.0	74286.0	78275.0	80891.0	83821.0	84797.0	84527.0	85302.0	85855.0	84804.0	84329.0	82365.0	81524.0	64637.0	66870.0	79117.0	78000.0	71629.0	1493184.0
	52	57	62	67	72	77	82	87	92	97	102	107	112	117	122	127	132	137	142	147	151
PD_76P_1_bbduk_polyg_filt	43157.0	60326.0	65600.0	68815.0	72200.0	73270.0	75201.0	75983.0	75252.0	75301.0	75627.0	73499.0	72057.0	69759.0	69289.0	54233.0	55217.0	64933.0	62908.0	58851.0	1464805.0
	52	57	62	67	72	77	82	87	92	97	102	107	112	117	122	127	132	137	142	147	151
PD_76P_2_bbduk_polyg_filt	43222.0	60358.0	65615.0	68813.0	72220.0	73273.0	75227.0	75984.0	75238.0	75286.0	75624.0	73507.0	72100.0	69759.0	69329.0	54413.0	56324.0	67913.0	67566.0	60060.0	1454452.0
	52	57	62	67	72	77	82	87	92	97	102	107	112	117	122	127	132	137	142	147	151
PD_77P_1_bbduk_polyg_filt	67473.0	98311.0	110100.0	118568.0	123788.0	127116.0	130508.0	129529.0	126264.0	125082.0	123951.0	119973.0	117337.0	113203.0	109816.0	85711.0	87189.0	99764.0	95707.0	88643.0	1788554.0
	52	57	62	67	72	77	82	87	92	97	102	107	112	117	122	127	132	137	142	147	151
PD_77P_2_bbduk_polyg_filt	67554.0	98387.0	110115.0	118604.0	123803.0	127114.0	130514.0	129499.0	126298.0	125079.0	123954.0	119950.0	117349.0	113227.0	109825.0	85837.0	87912.0	101620.0	98637.0	89452.0	1781857.0
	52	57	62	67	72	77	82	87	92	97	102	107	112	117	122	127	132	137	142	147	151
PD_78P_1_bbduk_polyg_filt	47586.0	67046.0	73394.0	76936.0	79399.0	80527.0	81760.0	81876.0	81146.0	79676.0	79216.0	76962.0	75702.0	73501.0	71065.0	56085.0	57060.0	66079.0	64352.0	59049.0	1332316.0
	52	57	62	67	72	77	82	87	92	97	102	107	112	117	122	127	132	137	142	147	151
PD_78P_2_bbduk_polyg_filt	47610.0	67098.0	73398.0	76954.0	79410.0	80536.0	81775.0	81868.0	81128.0	79699.0	79225.0	76952.0	75696.0	73506.0	71084.0	56180.0	57620.0	67477.0	66477.0	59713.0	1327327.0
	52	57	62	67	72	77	82	87	92	97	102	107	112	117	122	127	132	137	142	147	151
PD_79S_1_bbduk_polyg_filt	63446.0	90064.0	98504.0	105223.0	109401.0	112366.0	114892.0	115786.0	115363.0	114552.0	114034.0	110629.0	108126.0	105841.0	102813.0	81373.0	81516.0	96042.0	92645.0	86800.0	1947089.0
	52	57	62	67	72	77	82	87	92	97	102	107	112	117	122	127	132	137	142	147	151
PD_79S_2_bbduk_polyg_filt	63501.0	90114.0	98552.0	105249.0	109428.0	112371.0	114874.0	115836.0	115347.0	114552.0	114027.0	110624.0	108132.0	105852.0	102861.0	81558.0	82483.0	98658.0	97046.0	88011.0	1937429.0
	52	57	62	67	72	77	82	87	92	97	102	107	112	117	122	127	132	137	142	147	151
PD_7P_1_bbduk_polyg_filt	51406.0	76045.0	85490.0	91756.0	95315.0	99244.0	105153.0	103395.0	101008.0	101236.0	101261.0	97590.0	96572.0	93870.0	95657.0	76757.0	79219.0	93457.0	88102.0	81434.0	1581610.0
	52	57	62	67	72	77	82	87	92	97	102	107	112	117	122	127	132	137	142	147	151
PD_7P_2_bbduk_polyg_filt	51441.0	76105.0	85509.0	91791.0	95319.0	99255.0	105147.0	103387.0	101041.0	101225.0	101266.0	97621.0	96570.0	93850.0	95663.0	76844.0	79644.0	94488.0	89920.0	81892.0	1577599.0
	52	57	62	67	72	77	82	87	92	97	102	107	112	117	122	127	132	137	142	147	151
PD_81P_1_bbduk_polyg_filt	17.0	15.0	16.0	27.0	15.0	24.0	23.0	18.0	22.0	22.0	25.0	29.0	26.0	33.0	18.0	19.0	23.0	18.0	28.0	17.0	365.0
	52	57	62	67	72	77	82	87	92	97	102	107	112	117	122	127	132	137	142	147	151
PD_81P_2_bbduk_polyg_filt	18.0	15.0	15.0	26.0	15.0	23.0	21.0	20.0	23.0	22.0	26.0	29.0	26.0	33.0	18.0	19.0	22.0	20.0	32.0	17.0	360.0
	52	57	62	67	72	77	82	87	92	97	102	107	112	117	122	127	132	137	142	147	151
PD_82P_1_bbduk_polyg_filt	42694.0	63372.0	71815.0	77392.0	82579.0	85789.0	90105.0	92128.0	92915.0	94050.0	94245.0	92936.0	91678.0	90563.0	88962.0	70128.0	71186.0	82980.0	81100.0	75475.0	1842463.0
	52	57	62	67	72	77	82	87	92	97	102	107	112	117	122	127	132	137	142	147	151
PD_82P_2_bbduk_polyg_filt	42751.0	63395.0	71834.0	77409.0	82632.0	85786.0	90075.0	92141.0	92901.0	94065.0	94263.0	92915.0	91722.0	90575.0	88979.0	70300.0	72190.0	85542.0	85134.0	76546.0	1833400.0
	52	57	62	67	72	77	82	87	92	97	102	107	112	117	122	127	132	137	142	147	151
PD_83P_1_bbduk_polyg_filt	668.0	971.0	1145.0	1217.0	1246.0	1399.0	1398.0	1465.0	1476.0	1497.0	1411.0	1424.0	1378.0	1374.0	1360.0	1103.0	1126.0	1229.0	1241.0	1101.0	28294.0
	52	57	62	67	72	77	82	87	92	97	102	107	112	117	122	127	132	137	142	147	151
PD_83P_2_bbduk_polyg_filt	669.0	975.0	1145.0	1215.0	1247.0	1400.0	1398.0	1464.0	1476.0	1497.0	1409.0	1426.0	1378.0	1374.0	1360.0	1104.0	1135.0	1254.0	1287.0	1119.0	28191.0
	52	57	62	67	72	77	82	87	92	97	102	107	112	117	122	127	132	137	142	147	151
PD_84P_1_bbduk_polyg_filt	68144.0	99541.0	112017.0	119537.0	124257.0	126849.0	127975.0	126816.0	124291.0	121687.0	119062.0	114912.0	110929.0	107074.0	102702.0	78773.0	79586.0	91185.0	86507.0	79092.0	1205915.0
	52	57	62	67	72	77	82	87	92	97	102	107	112	117	122	127	132	137	142	147	151
PD_84P_2_bbduk_polyg_filt	68217.0	99585.0	112074.0	119572.0	124277.0	126823.0	127964.0	126837.0	124303.0	121693.0	119085.0	114893.0	110893.0	107084.0	102697.0	78821.0	79877.0	91852.0	87900.0	79487.0	1202917.0
	52	57	62	67	72	77	82	87	92	97	102	107	112	117	122	127	132	137	142	147	151
PD_8P_1_bbduk_polyg_filt	61808.0	91817.0	105209.0	114943.0	122867.0	128920.0	133025.0	135215.0	135758.0	136429.0	137070.0	134975.0	132414.0	129095.0	126475.0	99139.0	101077.0	118559.0	115314.0	107360.0	1938008.0
	52	57	62	67	72	77	82	87	92	97	102	107	112	117	122	127	132	137	142	147	151
PD_8P_2_bbduk_polyg_filt	61857.0	91870.0	105259.0	114997.0	122862.0	128901.0	133045.0	135237.0	135762.0	136417.0	137059.0	134970.0	132453.0	129062.0	126470.0	99203.0	101455.0	119517.0	117079.0	107964.0	1934038.0
	52	57	62	67	72	77	82	87	92	97	102	107	112	117	122	127	132	137	142	147	151
PD_9P_1_bbduk_polyg_filt	62574.0	89869.0	99657.0	106359.0	112198.0	116357.0	119317.0	121242.0	121643.0	120503.0	120887.0	117715.0	115650.0	113492.0	111150.0	87031.0	87310.0	102858.0	98767.0	92241.0	1940740.0
	52	57	62	67	72	77	82	87	92	97	102	107	112	117	122	127	132	137	142	147	151
PD_9P_2_bbduk_polyg_filt	62644.0	89922.0	99701.0	106415.0	112196.0	116380.0	119340.0	121229.0	121633.0	120474.0	120890.0	117738.0	115632.0	113526.0	111160.0	87162.0	87935.0	104609.0	101769.0	93060.0	1934145.0
	52	57	62	67	72	77	82	87	92	97	102	107	112	117	122	127	132	137	142	147	151
PD_Extr_neg_plate1_1_bbduk_polyg_filt	15.0	26.0	38.0	31.0	52.0	36.0	32.0	42.0	39.0	40.0	38.0	45.0	44.0	41.0	46.0	38.0	32.0	32.0	56.0	46.0	768.0
	52	57	62	67	72	77	82	87	92	97	102	107	112	117	122	127	132	137	142	147	151
PD_Extr_neg_plate1_2_bbduk_polyg_filt	15.0	26.0	38.0	32.0	50.0	37.0	34.0	41.0	38.0	40.0	38.0	45.0	45.0	41.0	46.0	37.0	32.0	33.0	59.0	47.0	763.0
	52	57	62	67	72	77	82	87	92	97	102	107	112	117	122	127	132	137	142	147	151
PD_Extr_neg_plate3_1_bbduk_polyg_filt	16.0	24.0	28.0	21.0	27.0	25.0	23.0	28.0	20.0	18.0	15.0	15.0	14.0	14.0	19.0	6.0	9.0	9.0	6.0	6.0	178.0
	52	57	62	67	72	77	82	87	92	97	102	107	112	117	122	127	132	137	142	147	151
PD_Extr_neg_plate3_2_bbduk_polyg_filt	16.0	24.0	28.0	22.0	27.0	25.0	23.0	28.0	20.0	17.0	15.0	15.0	14.0	14.0	19.0	6.0	9.0	9.0	7.0	6.0	177.0
	52	57	62	67	72	77	82	87	92	97	102	107	112	117	122	127	132	137	142	147	151
PD_Extr_pos_plate1_1_bbduk_polyg_filt	90.0	131.0	155.0	172.0	211.0	250.0	304.0	297.0	371.0	394.0	437.0	481.0	564.0	637.0	641.0	589.0	673.0	788.0	802.0	812.0	23759.0
	52	57	62	67	72	77	82	87	92	97	102	107	112	117	122	127	132	137	142	147	151
PD_Extr_pos_plate1_2_bbduk_polyg_filt	96.0	138.0	152.0	173.0	212.0	252.0	303.0	301.0	372.0	394.0	444.0	480.0	569.0	652.0	655.0	614.0	766.0	930.0	1084.0	843.0	23128.0
	52	57	62	67	72	77	82	87	92	97	102	107	112	117	122	127	132	137	142	147	151
PD_Extr_pos_plate2_1_bbduk_polyg_filt	14.0	12.0	14.0	20.0	17.0	21.0	25.0	20.0	27.0	23.0	15.0	15.0	16.0	18.0	24.0	17.0	20.0	24.0	28.0	22.0	423.0
	52	57	62	67	72	77	82	87	92	97	102	107	112	117	122	127	132	137	142	147	151
PD_Extr_pos_plate2_2_bbduk_polyg_filt	16.0	14.0	12.0	18.0	15.0	20.0	25.0	21.0	28.0	23.0	16.0	15.0	16.0	18.0	25.0	18.0	23.0	27.0	31.0	21.0	413.0
	52	57	62	67	72	77	82	87	92	97	102	107	112	117	122	127	132	137	142	147	151
PD_Extr_pos_plate3_1_bbduk_polyg_filt	30886.0	49354.0	60376.0	71065.0	81890.0	92004.0	102746.0	112239.0	119734.0	126869.0	135777.0	139247.0	146042.0	149381.0	153037.0	124159.0	131426.0	157899.0	156309.0	149810.0	3236748.0
	52	57	62	67	72	77	82	87	92	97	102	107	112	117	122	127	132	137	142	147	151
PD_Extr_pos_plate3_2_bbduk_polyg_filt	30922.0	49373.0	60401.0	71115.0	81929.0	92017.0	102753.0	112254.0	119739.0	126851.0	135802.0	139288.0	146079.0	149355.0	153109.0	124317.0	132184.0	159673.0	159609.0	150670.0	3229558.0
	52	57	62	67	72	77	82	87	92	97	102	107	112	117	122	127	132	137	142	147	151
PD_Lib_neg_plate1_1_bbduk_polyg_filt	22.0	42.0	42.0	47.0	39.0	54.0	51.0	59.0	61.0	75.0	66.0	57.0	76.0	80.0	74.0	52.0	63.0	85.0	72.0	54.0	1076.0
	52	57	62	67	72	77	82	87	92	97	102	107	112	117	122	127	132	137	142	147	151
PD_Lib_neg_plate1_2_bbduk_polyg_filt	22.0	43.0	42.0	46.0	37.0	55.0	52.0	59.0	61.0	75.0	67.0	57.0	75.0	81.0	74.0	51.0	65.0	87.0	70.0	54.0	1074.0
	52	57	62	67	72	77	82	87	92	97	102	107	112	117	122	127	132	137	142	147	151
PD_Lib_neg_plate2_1_bbduk_polyg_filt	5.0	9.0	3.0	7.0	7.0	7.0	5.0	5.0	11.0	5.0	7.0	5.0	6.0	13.0	11.0	13.0	7.0	10.0	11.0	14.0	182.0
	52	57	62	67	72	77	82	87	92	97	102	107	112	117	122	127	132	137	142	147	151
PD_Lib_neg_plate2_2_bbduk_polyg_filt	5.0	9.0	3.0	7.0	7.0	7.0	5.0	5.0	11.0	5.0	7.0	4.0	6.0	14.0	11.0	13.0	7.0	12.0	10.0	14.0	181.0
	52	57	62	67	72	77	82	87	92	97	102	107	112	117	122	127	132	137	142	147	151
PD_Lib_pos_plate1_1_bbduk_polyg_filt	17505.0	27570.0	34074.0	40159.0	45059.0	50204.0	55150.0	58715.0	60426.0	64945.0	69545.0	72448.0	74869.0	78193.0	82557.0	68393.0	73233.0	91280.0	94096.0	90248.0	3008142.0
	52	57	62	67	72	77	82	87	92	97	102	107	112	117	122	127	132	137	142	147	151
PD_Lib_pos_plate1_2_bbduk_polyg_filt	17529.0	27601.0	34082.0	40184.0	45072.0	50193.0	55165.0	58710.0	60442.0	64943.0	69554.0	72467.0	74863.0	78228.0	82640.0	68606.0	74536.0	94112.0	98936.0	91591.0	2997357.0
	52	57	62	67	72	77	82	87	92	97	102	107	112	117	122	127	132	137	142	147	151
PD_Lib_pos_plate2_1_bbduk_polyg_filt	10971.0	17372.0	21096.0	24657.0	28796.0	32873.0	37223.0	41415.0	45880.0	49733.0	54886.0	58976.0	64190.0	68205.0	72729.0	61294.0	65855.0	82468.0	87234.0	85037.0	3040225.0
	52	57	62	67	72	77	82	87	92	97	102	107	112	117	122	127	132	137	142	147	151
PD_Lib_pos_plate2_2_bbduk_polyg_filt	10985.0	17378.0	21097.0	24673.0	28821.0	32895.0	37225.0	41442.0	45894.0	49731.0	54880.0	59010.0	64204.0	68236.0	72782.0	61570.0	67522.0	86456.0	93535.0	86693.0	3026086.0

