Sample	0.0	1.0	2.0	3.0	4.0	5.0	6.0	7.0	8.0	9.0	10.0	11.0	12.0	13.0	14.0	15.0	16.0	17.0	18.0	19.0	20.0	21.0	22.0	23.0	24.0	25.0	26.0	27.0	28.0	29.0	30.0	31.0	32.0	33.0	34.0	35.0	36.0	37.0	38.0	39.0	40.0	41.0	42.0	43.0	44.0	45.0	46.0	47.0	48.0	49.0	50.0	51.0	52.0	53.0	54.0	55.0	56.0	57.0	58.0	59.0	60.0	61.0	62.0	63.0	64.0	65.0	66.0	67.0	68.0	69.0	70.0	71.0	72.0	73.0	74.0	75.0	76.0	77.0	78.0	79.0	80.0	81.0	82.0	83.0	84.0	85.0	86.0	87.0	88.0	89.0	90.0	91.0	92.0	93.0	94.0	95.0	96.0	97.0	98.0	99.0	100.0
PD_100P_1_bbduk_polyg_filt	0.0	1.0	5.5	7.0	9.0	18.0	21.0	21.5	20.5	34.5	69.5	128.0	215.5	349.5	568.5	902.5	1363.0	2027.0	2987.0	4141.5	5511.0	7246.5	9446.5	11989.5	14601.5	17558.0	20956.5	24381.0	27834.5	31536.5	35291.0	39020.0	42716.5	46523.5	50472.0	54288.0	58428.5	62757.5	67168.5	71577.5	75859.0	80072.0	83352.5	85741.0	87484.0	88712.5	89585.5	89474.5	88685.5	88480.0	88430.5	88094.5	88496.0	89274.5	90239.5	91475.5	93061.5	94904.0	96898.0	98909.0	99410.5	98721.0	97360.0	93788.0	88505.5	81728.0	72978.0	63678.5	54226.0	44715.0	36084.5	28446.5	21693.0	16340.5	12121.5	8598.0	5954.5	4010.0	2568.0	1632.0	1003.0	592.0	329.0	176.0	96.5	55.5	26.0	10.0	5.0	3.5	1.5	0.0	0.0	0.0	0.0	0.0	0.0	0.0	0.0	0.0	0.0
PD_100P_2_bbduk_polyg_filt	0.0	2.0	6.0	8.5	13.5	19.0	19.0	20.0	23.0	34.5	72.0	114.0	192.5	335.0	557.0	932.0	1409.0	2006.0	2834.0	4032.0	5423.5	7035.0	9348.0	11827.5	14455.0	17536.0	20579.0	23836.0	27533.5	31168.0	34752.0	38334.0	41900.5	45495.0	49293.0	53417.5	57438.5	61728.0	65799.5	69962.5	74543.5	78489.0	82337.5	85429.5	87523.5	89204.5	89733.0	90206.5	89930.0	89096.5	88752.0	88714.0	89099.5	89712.0	90819.5	91998.0	93940.5	96291.0	98406.5	99789.0	100007.5	99399.0	97536.0	93934.5	88902.0	82279.0	74083.0	64841.5	55090.0	45324.0	36213.5	28441.5	21934.0	16398.0	11913.5	8492.0	5826.5	3918.0	2581.0	1654.0	998.5	591.5	342.0	182.0	102.0	52.0	23.5	11.0	4.5	2.0	1.0	0.0	0.0	0.0	0.0	0.0	0.0	0.0	0.0	0.0	0.0
PD_104P_1_bbduk_polyg_filt	0.0	0.0	0.0	0.0	0.0	0.0	0.5	1.5	2.0	9.5	26.0	53.0	91.0	154.0	282.5	469.0	748.0	1146.5	1745.5	2593.0	3790.5	5473.0	7628.0	10502.0	14289.5	18875.5	24157.0	30302.5	37450.5	45405.5	54326.0	64080.5	74827.5	86093.0	97795.0	110874.5	124796.0	137893.0	150808.0	164476.0	176982.5	187646.5	196694.5	203403.5	208080.0	209163.0	206713.5	202471.0	195896.0	187496.5	178041.0	167656.5	156895.5	146333.5	136606.0	128564.5	121282.0	114712.5	108657.0	103277.0	98139.0	92714.5	86840.0	79563.0	72240.0	64794.5	56188.5	48098.0	40646.0	33185.5	26273.5	20183.5	15254.5	11268.0	8044.5	5541.0	3774.5	2552.0	1641.5	1009.0	622.5	388.5	219.5	120.0	74.5	33.5	13.5	10.5	7.0	3.5	2.0	1.5	0.5	1.0	1.0	0.0	0.0	0.0	0.0	0.0	0.0
PD_104P_2_bbduk_polyg_filt	0.0	0.0	0.0	0.5	1.0	1.5	2.0	4.0	5.5	8.0	24.0	57.0	100.0	172.0	273.5	452.0	737.0	1159.0	1809.0	2661.0	3849.5	5512.0	7727.5	10573.5	14115.0	18550.5	24033.0	30279.0	37462.5	45467.0	54202.0	63971.5	74535.5	85280.0	97302.0	110641.5	123999.5	137200.0	150673.0	164067.5	175839.5	186614.5	195805.0	202716.0	206997.5	208293.0	207104.5	202902.5	196169.0	188003.5	178228.5	167598.5	157344.5	146928.5	137411.5	129065.0	121370.5	115136.0	109369.5	103873.5	98464.5	93037.0	87130.5	80389.0	73024.5	65064.5	56731.5	48197.0	40339.5	33110.5	26424.0	20417.5	15367.5	11300.0	8144.5	5708.5	3820.0	2523.5	1619.0	989.0	614.0	396.5	236.0	128.0	70.0	43.5	27.0	15.0	6.0	3.5	2.5	1.5	1.0	0.5	0.0	0.0	0.0	0.0	0.0	0.0	0.0
PD_105P_1_bbduk_polyg_filt	0.0	0.0	0.0	0.0	0.5	1.0	1.0	2.0	3.5	5.0	15.5	35.0	58.5	98.5	149.0	246.5	397.5	598.0	921.0	1354.5	1974.5	2876.5	3937.5	5373.0	7130.0	9244.0	11672.0	14369.5	17493.5	20982.0	24648.5	28476.5	32559.5	36398.5	40219.5	43978.0	47242.0	49928.5	52574.0	54589.5	56085.5	57801.0	59239.0	60747.5	62133.0	63398.5	65042.0	67563.0	71023.5	74587.5	79026.0	84812.0	90560.5	97370.5	105271.5	113562.5	122583.0	131410.0	139596.5	146385.0	151545.0	154103.5	153082.5	148554.5	139661.5	127612.5	113010.0	97053.0	81089.0	65395.5	51363.5	39267.0	29018.5	20857.5	14632.0	9846.0	6511.5	4188.5	2690.5	1769.0	1090.0	643.5	362.5	206.5	119.5	65.0	33.5	15.5	5.5	3.0	3.5	3.5	2.5	1.5	1.0	0.5	0.0	0.0	0.0	0.0	0.0
PD_105P_2_bbduk_polyg_filt	0.0	0.0	0.0	0.0	0.5	1.0	1.0	1.5	2.5	6.0	18.0	35.5	57.0	88.5	157.5	261.0	392.5	560.5	877.0	1359.5	1997.0	2807.0	3817.0	5194.0	6929.0	9013.5	11412.5	14187.0	17231.5	20659.5	24356.0	27990.5	32053.5	36110.0	39885.5	43491.0	46798.5	49493.5	51807.0	53730.0	55583.0	57621.0	58834.5	60253.5	61827.5	63458.0	65287.0	67384.5	70513.5	74489.0	79161.0	84494.5	90555.0	96993.5	104359.0	113493.5	122829.5	131110.5	139210.5	146614.5	151863.0	154382.0	153734.0	148851.5	140018.5	128456.0	113766.5	98193.5	82688.0	66659.0	52104.0	39849.0	29557.0	21291.0	15075.0	10250.5	6739.0	4319.5	2747.0	1797.0	1127.0	673.5	392.0	222.0	128.0	69.5	33.5	15.5	10.0	7.5	4.5	4.0	2.0	0.0	0.5	0.5	0.0	0.0	0.0	0.0	0.0
PD_107P_1_bbduk_polyg_filt	0.0	0.0	0.0	0.0	0.0	0.0	0.0	0.0	0.0	0.0	0.0	0.0	0.0	0.0	0.0	0.0	0.0	0.0	0.5	2.0	2.5	1.5	1.5	2.0	5.0	7.0	5.5	7.0	5.5	4.5	8.0	10.5	12.0	12.0	12.5	17.0	25.0	28.5	23.0	20.5	23.0	29.5	31.5	31.5	34.5	32.0	35.5	39.5	33.0	27.5	28.0	30.5	26.5	21.5	23.0	23.5	20.5	19.0	19.5	18.0	16.0	16.0	12.5	8.0	6.0	4.0	5.5	4.0	1.5	2.0	3.0	2.5	2.0	1.0	0.0	0.0	0.0	0.0	0.0	0.0	0.0	0.0	0.0	0.0	0.0	0.0	0.0	0.0	0.0	0.0	0.0	0.0	0.0	0.0	0.0	0.0	0.0	0.0	0.0	0.0	0.0
PD_107P_2_bbduk_polyg_filt	0.0	0.0	0.0	0.0	0.0	0.0	0.0	0.0	0.0	0.0	0.0	0.0	0.0	0.0	0.0	0.0	0.5	0.5	0.0	1.0	3.0	2.5	1.5	2.5	3.0	4.0	7.0	8.5	10.0	11.5	12.0	13.0	9.0	9.0	16.0	17.0	15.0	20.0	27.0	29.5	34.5	32.5	28.0	26.5	29.5	33.0	32.5	30.5	31.0	35.5	33.0	29.0	25.0	25.5	28.0	27.0	19.0	9.0	12.0	16.0	14.0	12.0	8.5	9.5	9.0	7.0	5.5	4.5	4.5	2.5	2.5	2.0	0.5	0.5	0.5	0.0	0.0	0.0	0.5	0.5	0.0	0.0	0.0	0.0	0.0	0.0	0.0	0.0	0.0	0.0	0.0	0.0	0.0	0.0	0.0	0.0	0.0	0.0	0.0	0.0	0.0
PD_108S_1_bbduk_polyg_filt	0.0	0.0	0.0	0.0	0.0	0.0	1.0	1.0	1.5	2.0	6.5	20.0	37.0	78.5	173.0	326.5	599.0	971.0	1517.0	2317.0	3434.5	5034.5	7046.5	9623.5	13019.5	17215.0	22120.0	27618.5	33895.0	41106.0	49271.0	58931.0	69626.0	80423.5	92931.0	107449.5	122341.0	137537.0	153054.5	168374.0	183031.0	196341.5	207814.0	215710.0	220293.5	222608.5	220292.0	215563.0	209576.0	200526.5	190181.0	180924.5	171912.5	162806.5	155090.0	148330.0	142762.5	138034.0	133590.5	129298.0	124541.0	119316.0	113306.0	105970.5	97681.0	88766.5	79187.5	69373.0	59555.5	49893.0	40790.0	32720.5	25816.5	19765.5	14648.0	10689.5	7806.5	5532.5	3775.0	2535.5	1681.0	1117.5	743.5	503.0	321.5	179.0	96.5	51.0	27.5	17.5	9.5	4.0	3.0	1.0	0.0	0.0	0.0	0.0	0.0	0.0	0.0
PD_108S_2_bbduk_polyg_filt	0.0	0.0	0.0	0.0	0.0	0.5	0.5	0.5	3.0	4.5	8.0	19.5	38.5	84.5	165.5	301.0	555.0	946.0	1499.5	2298.0	3431.0	4956.5	6983.5	9562.0	12900.5	17104.5	21958.0	27362.5	33554.5	40540.5	48571.0	58158.0	68847.0	79747.0	92104.5	106378.5	121032.5	136027.0	151796.5	167448.5	181797.5	195431.0	206780.0	215212.0	220868.5	222496.5	220999.5	216734.5	209802.0	200970.5	191828.0	182443.5	173000.5	164368.5	156178.5	149086.0	143376.5	138168.0	133562.5	129436.0	125221.5	119940.0	113469.5	106222.0	98082.5	88973.5	79154.0	69711.5	60002.0	50275.0	41169.0	32868.0	25770.5	19705.0	14786.0	10858.5	7850.0	5555.0	3787.0	2578.5	1700.5	1093.5	728.5	479.5	297.0	180.0	107.5	60.0	25.5	13.5	9.5	6.5	3.5	0.5	0.0	0.0	0.0	0.0	0.0	0.0	0.0
PD_109S_1_bbduk_polyg_filt	3.0	2.0	1.0	0.5	0.5	3.0	4.0	4.0	9.5	22.0	38.0	65.0	131.5	220.5	376.0	635.5	977.5	1497.0	2238.5	3289.5	4639.5	6508.5	8826.0	11593.5	15021.5	18836.0	23516.0	28914.0	34946.5	41528.5	48712.0	56909.0	65987.5	76002.0	86993.5	99162.0	112558.0	126566.5	140781.5	156313.5	171711.0	186502.0	200490.0	212065.5	220948.5	226522.0	229175.5	228416.5	224294.0	217410.0	208823.5	198205.0	185792.5	173094.0	159905.0	147076.0	135472.0	124723.0	113933.5	103856.5	95162.0	86850.0	78808.5	71106.0	63295.0	55652.0	48231.5	41102.5	34555.5	28328.5	22855.5	18096.5	13834.5	10304.5	7385.5	5185.5	3511.5	2244.0	1435.0	927.5	562.5	331.0	187.0	93.0	55.5	31.0	14.5	7.0	4.5	2.5	0.5	0.0	0.5	0.5	0.0	0.0	0.0	0.0	0.0	0.0	0.0
PD_109S_2_bbduk_polyg_filt	0.0	1.0	1.5	1.5	3.0	2.0	2.0	6.0	12.5	18.5	27.5	60.5	125.0	215.5	370.5	619.0	958.0	1457.5	2183.0	3313.0	4744.5	6435.5	8654.5	11473.5	14825.5	18763.5	23224.5	28485.0	34628.5	40969.0	47864.5	56237.0	65675.5	75114.0	85829.5	97862.0	111028.5	125194.5	139657.0	154787.0	169909.0	184633.0	198236.5	209901.0	219592.5	225962.0	228954.5	228480.5	224837.0	218531.5	210136.0	199705.5	187462.5	174645.0	161287.0	148493.0	136822.0	125621.5	115442.0	105902.5	96293.5	87622.5	79727.0	72014.5	63960.5	56100.0	48577.0	41599.5	35057.0	28666.5	22914.5	18093.0	13893.0	10348.5	7563.5	5319.5	3640.0	2352.5	1461.5	929.5	561.5	343.5	209.5	103.5	50.5	33.0	18.0	7.0	3.5	1.5	1.5	1.0	0.0	0.0	0.0	0.0	0.0	0.0	0.0	0.0	0.0
PD_10P_1_bbduk_polyg_filt	1.0	1.0	1.5	3.0	4.0	6.5	11.0	24.5	38.5	66.0	120.0	216.5	364.5	560.5	863.0	1292.0	1834.5	2512.5	3384.0	4481.5	5911.5	7434.5	8987.0	10817.0	12741.0	14980.5	17438.0	19911.5	22158.0	24406.5	26593.5	28478.5	30900.5	33325.0	35454.5	37935.5	40770.0	43844.5	47297.5	50951.0	54803.0	58881.5	63086.0	67222.0	70870.0	74421.0	78099.5	81543.5	84553.5	87185.0	89426.0	91411.0	93582.5	95790.5	97873.0	99721.5	101181.0	101637.5	101586.5	100837.0	98813.0	96047.5	91853.5	86002.5	79161.0	71004.5	62068.5	53582.5	45249.0	36952.0	29407.0	22977.0	17380.0	12862.5	9357.0	6518.5	4382.0	2963.5	1949.0	1231.0	789.0	495.0	297.0	168.5	92.5	45.0	27.5	16.0	8.5	6.0	3.0	0.5	0.0	0.0	0.0	0.0	0.0	0.0	0.0	0.0	0.0
PD_10P_2_bbduk_polyg_filt	1.0	2.0	2.5	3.0	3.5	3.0	5.5	15.5	34.0	61.0	124.0	218.0	379.0	588.0	862.5	1277.0	1855.5	2569.5	3432.5	4499.5	5891.5	7399.0	8960.0	10846.5	12835.0	14984.0	17407.0	19698.0	21991.0	24318.0	26572.5	28432.0	30635.0	33275.5	35421.5	37859.5	40929.5	43953.5	47176.0	50879.5	54674.0	58596.0	62911.5	66946.0	70813.0	74503.5	77911.0	81592.5	84650.0	87047.0	89349.0	91737.5	93943.5	95811.5	97960.0	100019.0	101224.0	101711.0	102014.0	101221.0	98935.0	96001.0	91803.0	85938.0	78985.0	70779.5	61897.0	53624.0	45350.5	36952.0	29321.0	22910.0	17460.5	12945.0	9300.5	6415.5	4451.5	3060.5	2024.0	1302.5	793.0	473.0	299.5	179.0	93.0	57.5	30.5	13.0	8.0	4.0	1.0	0.0	0.0	0.0	0.0	0.0	0.0	0.0	0.0	0.0	0.0
PD_110S_1_bbduk_polyg_filt	0.0	0.0	0.0	0.0	0.0	0.0	0.0	0.0	0.5	2.0	9.5	21.5	44.0	85.0	155.0	287.0	489.0	760.0	1225.0	1891.5	2814.0	4239.5	6052.0	8288.5	11196.0	14655.0	18781.0	23700.0	29429.0	35846.5	42898.0	50779.5	59592.0	69065.5	79426.0	90995.0	103703.5	116186.5	128929.0	142293.5	154630.5	165512.5	174641.0	181667.5	186955.5	189344.5	187978.5	183978.5	177178.0	168710.5	159236.0	149243.5	138066.5	126592.5	116217.0	106798.5	98744.5	91774.0	85456.0	79834.0	74845.0	69606.0	64744.0	59591.5	53812.5	47657.0	41388.5	35639.5	29923.5	24304.5	19368.0	15203.5	11407.0	8247.5	5894.0	4089.5	2761.0	1822.5	1181.0	737.0	441.0	249.0	138.5	80.0	47.5	29.0	17.5	8.5	2.0	0.5	1.0	2.0	1.0	0.0	0.5	1.0	0.5	0.0	0.0	0.0	0.0
PD_110S_2_bbduk_polyg_filt	0.0	0.0	0.0	0.5	0.5	0.0	0.5	1.0	2.5	3.5	6.5	22.0	47.0	84.5	149.5	265.5	471.5	776.5	1227.5	1870.5	2788.0	4211.5	6007.5	8231.0	11019.5	14427.0	18669.0	23669.0	29314.0	35450.0	42226.5	50008.5	58903.5	68553.5	78937.5	90327.5	102438.5	115258.0	128658.5	141539.5	153589.0	164867.5	174648.5	182034.5	187174.0	189327.0	188300.0	184097.5	177722.5	169411.0	159550.5	149268.0	137909.0	126732.0	116548.0	107622.5	99568.5	92560.0	86213.0	80311.5	75203.0	70038.5	65128.5	59868.0	54141.5	48228.5	41742.0	35677.0	30005.5	24461.5	19489.0	15277.0	11563.5	8295.5	5833.0	4040.5	2728.5	1812.5	1180.5	770.5	463.0	268.0	148.0	80.5	53.5	34.5	20.5	10.0	3.5	1.5	1.0	1.0	0.5	0.0	0.5	1.0	0.5	0.0	0.0	0.0	0.0
PD_111P_1_bbduk_polyg_filt	0.0	0.0	0.5	1.0	1.0	2.0	6.0	15.5	24.5	30.5	41.0	82.0	153.5	219.0	303.5	503.5	752.0	1084.0	1556.5	2195.0	3101.5	4287.0	5818.0	7842.0	10267.5	12949.0	16047.5	19752.0	23928.0	28135.5	32693.5	37453.5	42796.0	48476.0	54380.5	61230.5	68534.5	76117.0	84146.5	92710.0	101621.0	111010.0	120948.5	130459.5	139343.5	148150.0	155862.0	162735.5	168257.5	172225.0	175011.0	175464.5	173701.0	170322.5	165049.5	158044.5	150110.0	140855.5	129945.5	119268.0	109009.0	98689.0	89191.5	79985.0	71120.0	62928.0	55041.0	47585.5	40780.5	34408.0	28527.5	23345.0	18716.0	14501.0	10837.5	7903.0	5749.0	4055.5	2756.0	1803.5	1127.5	717.0	450.0	264.5	152.0	90.5	52.0	23.0	10.0	4.0	2.5	1.0	0.5	1.0	0.5	0.0	0.0	0.0	0.0	0.0	0.0
PD_111P_2_bbduk_polyg_filt	0.0	0.0	0.0	0.5	0.5	1.5	5.0	9.5	16.0	30.5	56.5	84.5	127.5	201.0	317.0	491.5	708.0	1018.5	1536.0	2172.5	3073.0	4246.0	5776.5	7779.5	10180.0	12875.0	16003.0	19632.0	23777.0	27926.5	32018.5	36987.0	42680.0	48479.5	54514.5	61210.5	68234.5	75924.0	84171.0	92885.5	102049.0	111016.5	120372.0	129948.5	138955.5	147283.5	155138.0	162295.5	168401.0	172878.5	175418.5	176035.0	174505.5	171066.5	165907.5	158849.5	150432.5	140577.0	130181.0	119863.5	108996.0	98686.0	89224.5	80019.0	71125.5	63060.0	55059.0	47784.5	41202.0	34550.0	28622.5	23228.0	18404.0	14301.5	10823.0	7954.5	5666.5	4006.0	2770.5	1825.5	1193.0	747.5	474.0	281.0	155.0	86.5	38.5	17.0	13.0	8.5	4.0	1.0	0.5	1.0	0.5	0.0	0.0	0.0	0.0	0.0	0.0
PD_112S_1_bbduk_polyg_filt	0.0	0.0	0.0	0.0	0.0	0.5	0.5	0.0	0.0	0.0	0.0	0.0	0.0	1.0	2.0	4.0	7.5	9.0	13.0	16.5	24.0	36.0	36.0	43.0	62.5	68.0	79.0	103.5	129.5	148.0	170.0	224.5	240.5	240.5	296.5	320.5	338.0	382.5	386.5	403.5	443.0	483.5	502.5	491.0	475.0	487.0	492.5	476.5	455.0	431.5	410.5	387.0	378.0	354.5	314.0	292.0	297.0	283.0	250.5	230.0	209.0	175.0	151.0	152.5	146.5	123.5	107.0	86.0	71.5	57.5	46.5	39.5	28.5	21.0	13.5	9.5	7.0	5.0	3.5	2.0	2.0	1.5	0.5	0.0	0.0	0.0	0.0	0.0	0.0	0.0	0.0	0.0	0.0	0.0	0.0	0.0	0.0	0.0	0.0	0.0	0.0
PD_112S_2_bbduk_polyg_filt	0.0	0.0	0.0	0.0	0.0	0.5	0.5	0.0	0.5	1.0	1.0	1.0	1.5	3.5	5.0	5.0	5.5	7.0	10.5	14.0	18.0	18.0	26.0	40.5	55.5	78.0	94.0	105.0	130.5	159.0	175.0	202.5	228.0	250.5	292.0	327.5	339.0	370.0	402.0	415.5	445.5	483.0	506.5	470.5	462.0	498.5	480.5	459.5	458.0	453.0	437.0	392.5	365.0	362.5	341.5	312.0	284.5	257.0	232.0	223.5	205.0	171.0	155.0	155.0	147.0	122.5	106.0	91.0	71.0	58.0	51.5	46.5	35.5	20.0	16.0	15.5	11.0	7.5	5.5	5.5	5.0	3.0	1.0	1.0	0.5	0.0	0.0	0.0	0.5	0.5	0.0	0.0	0.0	0.0	0.0	0.0	0.0	0.0	0.0	0.0	0.0
PD_113P_1_bbduk_polyg_filt	0.0	0.0	0.0	0.0	0.0	0.0	0.0	1.5	2.5	4.0	9.0	18.5	33.0	72.5	139.0	254.0	477.0	806.0	1224.5	1774.0	2570.5	3712.5	5291.0	7333.5	9882.0	13106.0	16844.0	20970.0	26046.5	32024.5	38869.0	46313.0	54589.0	63021.0	71539.0	80542.0	88886.5	96834.5	104614.0	111455.0	116942.5	121468.0	124332.5	125598.5	126609.5	127204.0	127808.5	128765.5	129959.0	132562.5	136001.0	139487.5	144206.0	150791.0	158081.5	165861.0	173928.5	181103.5	187669.5	192394.0	194993.5	194712.5	189893.5	181438.0	169271.5	153312.0	134144.5	113825.5	94102.5	75166.5	58221.0	43841.5	31666.5	22121.5	15166.0	10107.5	6558.0	4187.0	2619.0	1643.0	1056.5	645.5	372.5	222.5	124.5	73.0	40.5	18.5	13.5	7.0	2.0	1.0	0.0	0.0	0.0	0.5	0.5	0.0	0.0	0.0	0.0
PD_113P_2_bbduk_polyg_filt	0.0	0.0	0.0	0.5	0.5	0.0	1.0	2.5	2.0	1.5	5.5	15.5	37.5	78.0	139.5	238.5	443.5	770.5	1171.0	1710.5	2591.5	3750.0	5225.5	7168.0	9592.5	12648.5	16602.5	21155.5	26022.5	31779.0	38482.0	45652.5	53476.5	61837.5	70719.5	80108.0	88622.5	96549.5	104086.0	110739.0	116777.5	121315.5	123871.0	125735.0	127619.5	128362.5	128038.0	128837.5	130729.0	133035.0	135940.0	139668.5	144753.5	151084.0	158167.5	166262.0	174137.5	181423.0	188144.0	193473.0	196511.5	195423.5	190881.0	182627.5	170211.0	153341.0	133493.0	113317.5	93724.5	74757.5	57695.0	43447.5	31337.0	22033.0	15203.5	10140.0	6559.0	4149.0	2613.0	1613.5	1006.0	598.5	370.0	246.5	147.0	82.0	43.5	28.5	17.0	5.0	1.0	1.0	1.0	0.5	0.0	0.5	0.5	0.0	0.0	0.0	0.0
PD_114P_1_bbduk_polyg_filt	1.0	0.5	0.0	1.0	1.5	1.0	1.0	3.5	8.0	10.5	19.5	39.0	66.5	116.5	189.5	329.0	515.5	772.5	1188.5	1810.0	2770.5	4043.0	5605.0	7701.0	10433.5	13711.0	17503.5	22111.5	27565.5	33135.5	39050.5	45411.5	51976.5	58907.0	66471.0	73866.0	80367.5	86850.0	94218.5	101846.0	108874.0	115604.0	121671.5	126969.5	131846.0	135692.0	138221.5	140450.5	141621.5	141766.0	141436.5	140054.0	137289.5	133721.0	129278.5	123486.0	117201.5	110562.5	103124.0	95454.0	88117.5	80491.5	72487.0	64813.5	57504.0	50064.5	42632.5	36025.5	30386.5	25037.5	20171.0	16077.5	12412.0	9287.0	6885.0	4890.5	3417.5	2427.0	1687.0	1119.0	739.5	479.5	293.5	187.0	113.0	51.0	18.5	9.0	7.5	5.0	1.5	0.0	0.0	0.0	0.0	0.0	0.0	0.0	0.0	0.0	0.0
PD_114P_2_bbduk_polyg_filt	1.0	0.5	0.0	1.0	1.5	1.0	0.5	3.5	9.0	10.5	22.5	42.5	65.5	102.0	173.5	320.5	527.0	762.0	1158.5	1818.0	2778.0	3947.0	5489.0	7742.0	10441.0	13654.5	17620.5	22261.5	27451.0	32836.5	38619.0	45094.5	51862.0	58709.0	65938.0	72932.0	79653.5	86517.0	93595.0	101194.5	108325.0	114980.5	121186.0	126557.0	131482.0	135430.5	138265.0	140280.5	141731.0	142351.0	141849.0	140227.5	137469.0	134122.0	129763.5	124152.0	117862.0	111036.0	103814.0	96011.5	88047.5	80446.0	73030.5	65325.5	57611.5	50165.0	42927.5	36551.5	30733.5	25075.5	20166.0	16142.5	12521.0	9376.0	6970.0	5112.5	3607.0	2472.5	1665.0	1110.5	746.0	486.5	300.0	182.0	108.0	62.5	31.0	15.5	9.5	4.5	1.0	0.0	0.0	0.0	0.0	0.0	0.0	0.0	0.0	0.0	0.0
PD_115S_1_bbduk_polyg_filt	0.0	0.0	0.0	0.0	0.0	0.0	0.0	0.5	3.5	4.0	4.0	10.5	24.5	53.0	115.5	206.0	350.0	609.5	942.0	1461.5	2284.0	3431.0	4848.0	6581.0	8900.0	11705.5	14963.0	18806.0	23266.5	28517.5	34329.0	40509.0	47645.0	55708.5	64971.0	75173.5	85845.0	97239.0	109250.5	121630.5	133875.5	145109.5	155115.5	163486.5	168274.5	169915.0	168864.5	164150.0	156726.0	147355.5	137063.5	125913.0	114248.5	103366.0	92975.0	84127.5	77850.5	73119.5	69291.5	66587.0	65043.0	63873.0	62588.0	61124.5	58824.0	55339.5	51074.0	46305.5	40496.0	34317.0	28434.5	22966.0	17994.5	13572.0	10049.5	7190.5	4882.5	3260.5	2145.5	1330.5	785.5	434.0	230.0	129.5	70.0	36.5	18.0	10.5	6.5	3.0	1.0	0.5	0.0	0.0	0.0	0.0	0.0	0.0	0.0	0.0	0.0
PD_115S_2_bbduk_polyg_filt	0.0	0.0	0.0	0.0	0.0	0.0	1.0	2.0	4.5	5.0	4.5	14.0	30.5	59.5	113.5	213.5	349.5	583.0	921.5	1424.5	2222.5	3305.5	4699.5	6444.0	8695.5	11423.0	14599.0	18411.0	22783.0	27889.0	33629.5	39719.5	46835.5	54836.5	63639.5	73706.0	84125.5	95540.0	108023.5	120563.0	132996.5	144949.5	155213.0	162402.0	166943.5	169793.0	169484.0	164807.0	157480.5	148789.5	138706.0	127231.0	115456.5	104374.5	94058.5	84956.0	78295.0	73394.0	69597.5	67151.5	65667.5	64277.5	62875.0	61732.5	59622.5	56135.5	51687.5	46580.0	40969.5	34806.0	28566.0	22994.0	18173.5	13762.5	10093.0	7263.0	4978.0	3312.5	2131.0	1310.5	765.0	430.5	225.5	115.5	67.5	41.5	28.0	13.0	4.5	2.5	1.5	0.5	0.0	0.0	0.0	0.0	0.0	0.0	0.0	0.0	0.0
PD_116P_1_bbduk_polyg_filt	0.0	0.0	0.0	0.5	0.5	0.5	1.0	5.5	10.5	18.0	42.0	81.0	139.5	242.5	402.5	611.5	955.0	1500.5	2150.0	3041.5	4441.0	6302.0	8673.5	11708.0	15497.0	20230.5	25954.0	32464.5	40147.0	49022.5	58956.5	69929.5	82206.0	95207.5	109688.5	126432.5	143576.5	161411.0	180590.5	199875.0	218316.0	234346.5	247805.0	258521.5	264504.5	266146.0	262610.0	254303.5	243780.0	230501.5	215251.0	199590.0	184533.5	170383.0	157162.5	146385.0	137648.0	130276.0	123985.5	118047.5	112096.5	105766.0	98558.0	90833.0	82784.5	74167.5	65227.0	56237.0	47330.0	38931.0	31254.0	24317.5	18518.0	13750.5	10015.5	7144.0	4971.5	3398.0	2218.5	1375.5	822.5	507.0	293.0	157.0	79.5	43.5	28.5	19.0	9.0	3.5	2.0	1.0	0.5	0.0	0.0	0.0	0.0	0.0	0.0	0.0	0.0
PD_116P_2_bbduk_polyg_filt	0.0	0.0	0.5	1.0	0.5	0.5	3.0	5.0	7.0	21.0	43.5	74.5	139.5	262.0	416.5	597.5	940.5	1425.5	2122.5	3133.0	4480.0	6242.5	8575.0	11625.5	15353.0	20038.0	25558.5	31909.5	39728.5	48521.5	58240.5	69297.5	81199.5	94133.5	108621.5	124977.5	142689.0	160793.0	179202.0	198376.0	216786.0	233086.5	246933.0	256926.5	263586.0	266037.0	263112.0	255837.0	244210.0	230462.5	216408.5	200985.0	186017.0	172136.5	158274.5	146976.5	138253.5	131523.5	125487.5	119159.0	113050.0	106519.0	99585.5	91873.0	83410.5	74681.0	65411.0	56174.0	47435.5	38816.5	31093.5	24403.5	18696.5	13938.0	10180.0	7185.5	4967.5	3455.5	2270.5	1388.5	841.0	518.0	293.0	166.5	89.0	48.5	30.5	17.5	8.5	3.5	2.0	0.5	0.0	0.0	0.0	0.0	0.0	0.0	0.0	0.0	0.0
PD_117_1_bbduk_polyg_filt	0.0	0.0	0.0	0.0	0.0	0.5	2.0	9.5	20.5	31.5	59.5	108.0	166.5	259.0	389.5	601.0	881.5	1214.0	1688.0	2404.0	3447.0	4839.5	6677.0	9070.5	12080.0	15710.5	20208.5	25689.5	32073.5	38993.5	46560.5	55048.0	63785.0	72892.0	82916.5	93355.5	104263.5	115733.5	127340.5	138763.5	149830.5	160131.0	168972.0	175320.0	179912.5	181570.5	179899.5	176090.5	169548.0	161852.0	153237.5	143906.0	134304.0	125011.0	116316.5	107789.0	100098.0	93305.5	86861.0	80841.5	75073.0	69749.0	64552.5	59294.0	54349.0	48970.5	43416.0	38276.5	33359.5	28486.0	23780.5	19458.5	15573.5	12319.0	9576.5	7165.0	5255.5	3839.0	2701.0	1847.0	1256.0	776.5	463.0	286.0	173.0	93.5	47.5	23.0	17.5	13.0	6.0	3.0	3.0	2.0	0.0	0.0	0.0	0.0	0.0	0.0	0.0
PD_117_2_bbduk_polyg_filt	0.0	0.0	0.5	0.5	1.0	1.0	1.0	7.5	18.5	35.0	52.0	79.0	142.5	266.5	421.5	604.0	870.0	1248.5	1715.0	2399.5	3478.0	4856.0	6571.5	8883.0	11876.0	15546.0	19977.0	25451.5	31821.0	38530.0	45971.5	54176.5	62728.0	71802.0	81661.0	92439.0	103935.5	115253.0	126458.0	137990.0	149551.5	159972.0	168384.0	174908.0	179485.5	181615.0	180402.5	176418.5	170421.5	162945.5	154633.0	145328.0	135631.0	125960.5	116579.0	108170.5	100854.5	94040.5	87552.5	81452.5	75559.5	69962.0	64705.0	59774.0	54446.5	48887.5	43514.5	38131.5	33081.0	28383.0	23800.5	19499.0	15704.0	12507.5	9673.0	7222.0	5275.0	3747.0	2611.0	1833.0	1246.5	781.5	485.0	311.0	191.0	104.5	55.0	28.5	16.5	11.0	7.0	5.5	3.5	1.0	0.0	0.0	0.0	0.0	0.0	0.0	0.0
PD_118_1_bbduk_polyg_filt	1.0	1.5	2.0	1.0	0.0	1.0	1.5	5.0	11.0	18.5	47.5	84.5	174.5	305.0	480.5	762.5	1223.0	1843.0	2744.5	3911.5	5384.0	7433.0	9919.5	12998.0	16725.0	20995.0	25868.0	31137.5	37013.0	43443.5	50183.0	56776.0	63341.0	70460.5	77793.5	85790.5	95066.5	103951.0	112476.0	121293.5	130006.0	137828.0	144425.5	149586.0	153208.5	155211.5	155127.5	153655.0	150900.5	147530.5	143118.5	137958.0	132156.0	126314.5	121525.5	117171.5	113437.0	110478.5	107817.5	104890.5	102286.5	99058.5	94101.0	88495.0	82459.0	75135.0	66635.5	58138.0	49752.5	41451.0	33464.5	26358.5	20296.0	15169.5	10994.0	7710.5	5399.0	3644.0	2328.0	1450.5	910.0	558.5	303.0	151.5	81.0	48.0	24.0	10.0	5.5	2.5	1.0	1.0	1.0	1.0	0.5	0.0	0.0	0.0	0.0	0.0	0.0
PD_118_2_bbduk_polyg_filt	1.0	2.5	4.0	3.0	1.5	2.5	3.0	4.5	11.5	22.5	48.0	101.0	179.0	309.5	474.5	733.0	1175.5	1807.5	2716.5	3837.5	5197.0	7099.0	9605.5	12703.5	16356.5	20473.5	25056.0	30456.0	36543.5	42854.5	49127.5	55563.0	62481.0	69505.0	76727.5	85219.0	93956.5	102640.5	111626.0	119913.5	128087.5	135756.5	142733.5	148083.5	152426.5	155521.5	155880.0	154924.5	151988.0	148249.0	144371.0	139117.0	133212.0	127815.5	122869.0	118410.0	114944.0	111665.0	108772.0	105852.0	103102.0	99940.0	95346.5	89687.5	82833.5	75354.5	67381.5	58822.0	50008.5	41439.0	33595.0	26730.5	20516.5	15190.0	11002.5	7691.5	5285.0	3586.5	2363.0	1511.0	944.5	560.5	311.5	163.0	87.5	44.0	19.0	10.0	7.0	3.0	1.0	0.5	0.5	1.0	0.5	0.0	0.0	0.0	0.0	0.0	0.0
PD_119P_1_bbduk_polyg_filt	0.0	0.0	0.0	1.5	2.5	3.0	7.0	10.0	9.5	15.5	33.5	57.5	103.0	178.0	271.0	422.5	698.0	1076.5	1611.0	2439.0	3495.0	4807.5	6600.0	8725.0	11266.5	14547.5	18367.5	22598.5	27339.0	32637.5	38563.5	44789.5	51230.0	57960.0	65056.0	72594.5	80766.5	89409.5	98285.5	107735.0	116918.5	125431.0	133654.5	140828.5	146643.0	151595.0	154839.5	156930.5	157939.0	157851.0	157440.5	156177.5	154223.5	151452.5	148301.0	145198.0	141365.0	136212.0	129999.0	123414.5	116035.0	107876.0	99577.0	90332.5	80374.0	70711.5	61021.0	51983.5	43638.0	35625.0	28439.5	22167.5	17112.5	12900.5	9493.0	6905.5	4890.5	3399.0	2276.0	1463.5	946.0	589.0	369.5	237.0	125.0	64.5	43.5	25.0	14.5	6.0	1.5	1.0	0.5	0.0	0.0	0.0	0.0	0.0	0.0	0.0	0.0
PD_119P_2_bbduk_polyg_filt	0.0	0.0	0.0	0.5	3.5	4.5	7.0	11.5	10.5	16.5	36.0	57.5	106.0	187.5	279.0	404.0	676.0	1086.5	1590.0	2353.0	3401.5	4750.0	6498.0	8647.0	11252.5	14337.0	17950.5	22188.5	27097.0	32399.0	38231.5	44499.0	50947.5	57637.5	64868.0	72786.0	80615.5	88459.5	97240.0	106378.5	115566.5	124858.0	133005.5	140327.5	146455.5	151043.5	154496.0	156613.0	158295.5	158408.0	157223.0	156428.0	154663.5	152022.5	149135.0	145690.5	141606.0	136459.0	130539.5	124002.5	116824.0	108625.0	99921.5	90878.5	80982.0	71249.0	61581.5	52233.0	43803.5	35849.0	28591.5	22433.5	17259.5	13018.5	9612.5	6939.5	4908.5	3441.0	2380.5	1512.5	951.0	611.0	366.0	216.0	131.0	71.5	42.0	21.5	12.0	9.0	1.5	0.0	0.5	1.0	0.5	0.0	0.0	0.0	0.0	0.0	0.0
PD_11P_1_bbduk_polyg_filt	3.0	2.0	1.0	0.5	3.5	6.0	9.0	12.0	19.5	49.5	85.0	148.0	236.5	377.0	560.5	858.5	1343.0	1878.0	2649.0	3748.0	5169.0	6856.5	8934.0	11547.5	14548.5	18190.5	22153.5	26440.0	31710.0	37630.0	43678.0	50345.5	57656.5	65420.0	74508.0	84386.5	94709.5	105008.0	115825.5	126790.5	136143.5	144655.0	151887.0	156222.5	157609.5	157015.0	154412.5	149709.5	143296.0	135963.0	128837.0	122164.0	116172.5	111539.5	107238.0	104230.0	102673.5	101769.5	101858.0	101457.0	100816.0	100492.0	99179.5	95856.0	91383.0	86072.0	79220.0	71419.0	63417.0	54701.0	45913.0	37719.5	29960.5	23105.5	17498.5	12960.5	9279.5	6478.5	4353.5	2852.0	1853.0	1166.0	709.0	423.0	235.5	127.5	65.5	36.0	24.5	11.5	4.5	2.5	1.0	0.0	0.0	0.0	0.0	0.0	0.0	0.0	0.0
PD_11P_2_bbduk_polyg_filt	1.0	1.5	1.0	1.5	2.0	3.5	5.5	13.5	32.0	56.0	80.5	137.0	230.0	357.0	560.5	866.5	1294.5	1868.5	2646.5	3701.5	5082.5	6928.0	8967.0	11432.5	14452.0	18041.0	22080.0	26476.0	31660.5	37180.5	42995.0	49742.0	57095.5	64951.0	73896.0	83972.5	94362.5	104953.0	115502.5	126015.5	136004.5	144283.0	150966.0	155876.5	158266.0	157723.0	154478.5	149740.0	143406.5	136089.5	129723.5	123024.5	116496.0	111421.0	107286.0	104692.5	103485.0	102490.0	101727.0	101368.5	101256.5	100730.5	98810.5	95943.5	91861.0	86172.5	79173.0	71533.5	63370.0	54422.0	45772.0	37904.0	30469.0	23490.0	17646.0	12952.5	9264.0	6524.5	4448.0	2944.0	1935.5	1225.5	720.0	409.0	242.5	137.0	60.5	32.0	21.0	10.5	5.5	3.0	1.0	1.5	1.5	0.5	0.0	0.0	0.0	0.0	0.0
PD_120S_1_bbduk_polyg_filt	0.0	1.0	1.5	1.0	1.5	3.5	6.0	7.0	11.5	25.5	48.0	90.5	155.5	249.0	392.0	642.5	972.0	1398.5	1966.0	2781.0	3927.0	5397.0	7123.5	9241.5	11827.0	14662.0	18102.5	21958.5	26194.5	31278.0	36708.5	42239.5	48279.0	54315.0	60423.0	67021.5	73957.5	80355.0	86694.5	93352.0	99138.0	104697.5	109624.0	113828.5	117340.0	119062.0	119287.5	118547.0	116938.5	113932.0	110951.0	107942.0	104184.5	101012.0	98242.5	95865.0	94176.0	92811.0	91543.5	90341.5	88991.5	87132.0	84300.5	80508.5	76180.0	70886.5	64025.5	56729.5	49316.0	41699.5	34383.0	27546.5	21531.0	16624.0	12411.5	8774.5	6166.5	4275.0	2866.5	1874.5	1180.5	760.5	480.0	270.0	139.5	77.5	42.5	24.5	16.0	8.0	2.5	1.0	1.0	1.0	1.0	1.0	0.5	0.0	0.0	0.0	0.0
PD_120S_2_bbduk_polyg_filt	0.0	0.5	1.0	1.5	3.0	3.0	3.0	7.5	11.0	27.5	54.5	94.0	159.0	242.0	390.5	665.0	988.0	1382.5	1911.0	2708.0	3862.0	5281.0	7055.5	9191.5	11708.0	14636.0	17835.5	21619.5	26073.0	31022.5	36426.5	42127.0	47965.5	53823.0	59998.0	66290.5	73113.5	79949.0	86356.5	93079.5	99208.5	104303.5	109498.0	114296.5	117521.0	118826.0	119161.0	118615.0	116975.0	114335.5	111312.5	108031.5	104480.5	101464.5	98546.0	96361.5	94710.0	93449.0	92223.0	90554.0	88984.0	87644.5	85233.0	81098.5	75982.5	70394.0	63930.5	56815.0	49511.0	41711.0	34165.5	27512.5	21806.5	16632.5	12167.0	8724.0	6192.0	4310.5	2794.5	1853.5	1227.0	757.0	463.5	262.0	146.0	83.0	48.0	22.5	10.0	5.0	3.0	2.0	2.0	1.0	0.5	1.0	0.5	0.0	0.0	0.0	0.0
PD_121S_1_bbduk_polyg_filt	0.0	0.5	0.5	2.5	5.0	7.5	14.0	23.5	50.0	104.0	168.5	263.5	411.5	698.0	1127.0	1651.5	2334.5	3149.5	4196.0	5515.0	7037.0	9070.5	11665.0	14743.0	18303.0	22974.0	28372.0	34282.5	41168.5	48350.5	55674.0	63682.5	71889.5	79553.5	87148.5	94346.5	101596.0	108902.0	115998.5	123090.0	129538.5	135479.0	141386.5	146770.5	152175.5	157416.0	162242.5	166873.5	171475.0	176278.0	180400.5	184655.5	189098.5	191958.5	194450.0	197686.0	199739.5	199746.0	198493.5	196350.0	192521.0	186321.0	178579.0	169280.5	158020.0	145255.5	130780.0	116008.0	100988.0	85557.5	71179.5	58181.0	46387.0	36013.0	27201.5	19971.0	14371.0	10227.5	7163.5	4802.5	3121.0	2029.0	1285.5	790.0	478.5	277.0	158.5	80.5	36.5	20.0	11.0	8.0	6.5	1.5	0.0	0.0	0.0	0.0	0.0	0.0	0.0
PD_121S_2_bbduk_polyg_filt	0.0	0.5	1.0	5.0	7.5	6.5	13.0	25.0	52.0	101.5	159.5	271.0	457.0	740.0	1109.5	1614.0	2307.5	3106.5	4123.5	5349.0	6914.0	9071.0	11540.0	14497.5	18247.5	22836.5	28017.5	33784.0	40610.5	48085.5	55775.0	63569.0	71167.5	78356.0	86034.0	93735.5	101066.0	108375.5	115293.0	121859.0	127862.5	134112.0	140128.0	146005.5	152277.5	157563.5	162151.5	166950.5	172116.5	177190.5	181484.0	185027.5	188719.5	192577.0	195871.0	198129.5	199949.0	200868.0	200015.0	197605.5	193279.5	187519.5	180174.0	170331.0	158225.5	145133.5	131031.5	116255.0	101140.5	85874.5	71412.5	58307.0	46376.5	35787.5	27097.0	20005.0	14391.0	10162.5	7070.0	4782.5	3133.5	2035.5	1260.5	744.5	488.5	293.0	149.0	82.5	46.0	19.0	7.0	5.0	4.0	1.0	0.0	0.0	0.0	0.0	0.0	0.0	0.0
PD_122S_1_bbduk_polyg_filt	0.0	0.0	0.0	0.5	0.5	0.5	4.0	7.0	11.0	24.5	45.0	75.5	139.5	239.5	379.0	595.5	893.0	1264.5	1793.5	2555.0	3576.5	4833.5	6516.5	8710.0	11397.5	14411.5	17770.0	21906.0	26530.5	31617.0	37549.5	43938.0	50860.5	58285.5	66575.0	75742.0	85139.0	95173.5	105596.0	116492.5	127696.0	138167.5	147292.0	155873.5	163189.5	168408.0	171414.5	172196.5	171531.0	169277.0	166188.5	162372.0	157868.0	153323.5	149331.0	146134.5	142940.5	140239.0	137309.5	133203.0	128154.5	122612.0	116828.5	109508.0	101216.5	92585.0	82646.0	72695.5	63136.5	53387.0	44410.0	36232.5	28744.0	22171.5	16769.0	12336.5	8865.5	6188.5	4192.0	2841.0	1858.5	1187.5	703.0	391.0	217.5	128.0	76.5	38.0	22.0	11.0	4.0	2.5	1.5	1.0	1.0	1.0	0.5	0.0	0.0	0.0	0.0
PD_122S_2_bbduk_polyg_filt	0.0	0.0	0.5	1.0	2.0	3.0	2.0	4.5	17.5	31.0	40.5	70.5	146.5	236.5	361.5	565.0	855.0	1267.0	1804.0	2580.5	3665.0	4904.5	6500.5	8664.5	11303.0	14136.0	17598.5	21911.0	26365.0	31424.5	37282.5	43408.0	50330.5	57860.5	65814.0	74769.5	84430.0	94342.5	104629.5	115306.5	125947.0	136918.0	147290.5	155777.5	162676.0	167405.5	170468.5	171944.5	171549.0	169222.5	165963.0	162879.0	158652.0	153903.0	150346.0	147379.5	143986.5	141118.0	137916.0	133369.0	128751.0	123756.0	117633.5	110225.0	101768.5	92981.5	83228.5	72981.5	63408.0	53983.0	44767.0	36370.0	28760.0	22138.5	16750.0	12351.0	8861.0	6268.5	4291.0	2865.5	1894.5	1173.5	719.5	448.0	264.5	141.5	77.5	46.0	23.0	9.5	4.0	3.5	3.0	2.5	1.0	0.0	0.5	0.5	0.0	0.0	0.0
PD_123P_1_bbduk_polyg_filt	0.0	1.0	1.5	1.0	0.5	0.0	0.5	3.5	6.5	16.5	23.5	41.5	89.5	146.5	244.5	383.0	656.5	1069.0	1725.0	2684.0	4010.5	5945.0	8602.5	12002.5	16313.0	21424.5	27684.5	35233.0	43202.5	51616.5	60556.0	70191.0	81092.0	92601.5	105053.0	118990.5	134167.0	149704.0	165737.5	182833.5	199062.0	213856.5	226603.5	235518.5	241228.0	243678.5	241499.5	235518.5	226288.0	214356.0	200368.0	184737.5	169516.0	154681.0	140601.5	128697.5	118317.0	109032.0	100770.5	93993.5	87817.5	81957.0	76507.5	70691.5	65050.0	59117.5	52320.0	45812.5	39711.0	33628.0	27675.5	22234.0	17458.0	13379.0	10145.5	7421.0	5281.5	3623.5	2413.5	1639.5	1056.0	648.0	396.5	235.0	142.5	75.5	35.5	17.0	7.5	2.0	0.5	1.5	1.0	0.0	0.0	0.0	0.0	0.0	0.0	0.0	0.0
PD_123P_2_bbduk_polyg_filt	1.0	0.5	0.5	1.0	0.5	0.0	1.0	3.0	8.0	16.5	26.5	42.0	72.5	139.0	250.5	420.5	665.5	1054.0	1735.5	2705.0	4074.5	5968.5	8669.5	12051.0	16132.0	21270.5	27550.0	34823.5	42768.5	51220.0	60129.5	69863.0	80125.0	91618.5	104838.5	118471.5	132695.0	148436.0	165291.5	182013.5	197588.0	212410.5	224824.0	234459.5	241335.0	243460.5	242024.0	236755.0	227426.5	214945.5	201006.5	186620.0	170993.0	155912.0	142280.5	129874.5	118939.0	109748.0	101893.0	94621.0	88096.0	82144.5	76838.0	71287.5	65137.5	58957.0	52348.5	46018.5	39498.0	32998.0	27457.5	22230.5	17364.5	13334.5	10122.0	7319.5	5154.5	3629.5	2499.0	1665.5	1042.0	611.0	369.0	238.0	141.5	81.5	35.0	13.5	7.5	3.5	2.0	1.5	1.0	0.0	0.0	0.0	0.0	0.0	0.0	0.0	0.0
PD_126P_1_bbduk_polyg_filt	0.0	0.0	1.5	1.5	2.5	9.5	17.0	32.0	53.0	102.5	181.5	309.5	542.0	906.0	1442.5	2075.0	2937.0	4001.0	5268.0	6882.5	8782.0	11060.0	14023.0	17574.5	21443.0	25896.5	30957.5	36535.0	42583.5	48881.0	55108.5	61297.5	67845.0	74366.5	80835.0	87003.5	92608.5	97874.5	102816.0	108776.5	114434.5	119300.0	123977.5	128413.5	133033.0	136503.0	139336.5	141917.0	144088.5	146463.5	148672.5	150652.5	152561.5	154674.5	157821.5	160516.0	162899.5	165951.0	169672.0	172463.5	173455.0	174553.0	173760.5	171056.0	166810.5	159776.5	150324.5	138990.5	125561.5	110361.5	94687.5	79205.0	64940.0	51789.0	39810.5	29584.5	21488.0	15215.5	10261.0	6676.0	4276.5	2723.0	1654.0	955.0	532.0	278.0	148.0	80.0	43.5	22.0	10.5	3.0	1.0	1.0	1.0	0.5	0.0	0.0	0.0	0.0	0.0
PD_126P_2_bbduk_polyg_filt	0.0	0.5	1.5	2.0	3.5	8.5	13.5	24.5	52.5	94.0	170.0	315.0	541.0	883.0	1374.5	2049.0	2891.5	3884.0	5200.5	6867.5	8756.5	11200.0	13993.5	17207.0	21185.0	25649.5	30664.5	36332.0	42232.5	48396.5	54654.0	60989.0	67491.0	73707.5	80014.0	85987.5	91314.0	96401.5	101754.0	107599.5	113002.5	117465.0	121974.0	126630.5	131152.0	135274.5	138416.5	141405.5	143910.0	146078.5	148428.0	150678.5	152916.5	155147.0	157702.5	160862.5	164074.0	166833.5	170502.5	173217.0	174540.0	175618.5	175080.5	172733.5	168283.0	161285.5	151413.0	139974.0	126648.5	111322.0	95607.5	80363.0	65810.5	52282.5	40504.0	30278.0	21876.5	15419.0	10484.0	6856.5	4482.0	2861.5	1678.5	980.0	571.0	300.5	157.5	91.5	50.0	26.5	14.5	5.0	1.0	0.5	1.0	0.5	0.0	0.0	0.0	0.0	0.0
PD_127S_1_bbduk_polyg_filt	0.0	0.0	0.0	0.0	1.0	2.0	5.5	7.5	14.5	31.5	66.0	136.5	228.5	366.5	573.0	920.0	1414.5	2041.0	2862.0	4062.5	5608.5	7444.5	9740.0	12479.5	15802.0	19897.5	24478.5	29543.0	35225.5	41354.0	47916.5	55254.5	63125.5	71599.0	80730.0	90119.5	100028.0	110450.0	121765.5	133446.0	145131.0	156337.5	166889.5	176446.0	184467.5	191169.0	195766.5	198626.0	200471.0	201011.0	199757.5	197055.5	193156.5	188817.5	183468.0	177089.0	171213.0	165376.5	159212.5	152256.0	145112.5	138733.0	131373.0	123209.0	115072.5	105915.0	95982.0	85811.0	75640.0	65352.0	55216.0	45616.5	36572.0	28784.0	22064.5	16328.0	11998.0	8496.5	5758.0	3847.5	2501.5	1565.5	943.5	544.5	316.0	188.5	99.0	51.0	29.0	19.5	7.5	3.5	1.0	0.0	0.0	0.0	0.0	0.0	0.0	0.0	0.0
PD_127S_2_bbduk_polyg_filt	0.0	0.5	1.0	1.0	0.5	1.5	3.5	3.0	9.0	27.0	71.0	140.0	234.5	370.0	577.0	923.0	1418.0	2059.0	2843.5	3912.5	5442.5	7311.0	9568.5	12461.0	15726.5	19453.5	24219.0	29320.0	34725.0	40530.5	47066.5	54428.5	62066.0	70258.5	79046.5	88308.0	98027.5	108506.0	119522.5	130962.5	142787.5	154147.5	164830.5	175084.0	183466.5	189785.5	195622.0	199136.0	200776.0	201698.0	201013.0	198823.0	195177.0	190719.0	185265.0	179159.0	173294.5	167102.5	160228.0	153516.0	147122.5	140348.0	132510.0	124432.0	116199.0	106674.0	96515.5	86474.5	76278.5	65761.5	55416.0	45763.5	36664.0	28843.5	22136.5	16419.5	11996.0	8498.0	5832.5	3888.0	2540.0	1597.0	986.0	592.0	344.0	195.0	100.0	54.0	29.5	17.5	8.0	1.5	0.5	0.0	0.0	0.0	0.0	0.0	0.0	0.0	0.0
PD_128S_1_bbduk_polyg_filt	2.0	2.0	3.0	2.5	1.5	4.0	7.0	16.0	41.5	82.5	146.5	256.5	437.5	719.0	1168.0	1938.5	3024.5	4178.5	5526.5	7387.5	9947.5	12813.5	16002.0	20080.0	24762.5	29852.0	35762.5	42807.0	50541.0	58627.5	67258.5	77095.5	87545.0	97665.0	107856.0	118318.0	129003.5	138718.0	148282.5	157968.0	166669.5	174080.5	180539.0	186128.0	189517.0	190274.0	189365.0	186510.0	181131.5	174277.0	166097.5	157283.0	148396.5	139329.5	130772.5	123323.0	117361.0	112775.0	108752.0	105459.5	102430.5	98667.0	94807.0	90279.5	84439.5	77365.5	69204.0	61096.0	53103.5	44781.5	36639.0	29311.0	22735.0	17256.5	12878.0	9176.0	6368.5	4406.0	2912.5	1845.5	1184.5	739.0	429.5	252.0	140.5	75.5	42.5	19.0	10.5	4.5	3.0	3.0	1.0	0.5	1.0	0.5	0.0	0.0	0.0	0.0	0.0
PD_128S_2_bbduk_polyg_filt	1.0	3.0	3.5	2.5	5.0	6.5	8.0	16.5	36.5	72.0	125.5	237.5	422.0	743.0	1230.0	1987.0	2987.5	4170.0	5568.0	7422.0	9761.0	12518.0	15850.5	19841.5	24344.5	29475.0	35921.0	43018.0	50275.0	58004.5	66878.0	76546.5	86367.0	96574.5	106961.0	117430.5	127790.5	137647.0	147751.5	157150.5	165054.0	172709.5	180011.0	185402.0	188679.0	190232.5	189456.0	186381.5	181458.5	175112.5	167471.5	158634.0	149727.0	140755.0	131927.5	124275.0	118216.5	113515.0	109664.0	106341.0	102711.0	98964.5	95252.0	90652.0	84780.0	77962.5	69823.0	61354.0	53046.5	44776.0	36846.5	29423.5	22911.0	17303.0	12648.5	9109.0	6465.0	4444.5	2917.0	1867.5	1155.0	714.5	453.5	263.5	157.0	86.0	43.5	24.5	11.5	4.5	2.5	1.5	1.0	2.0	1.0	0.0	0.0	0.0	0.0	0.0	0.0
PD_129P_1_bbduk_polyg_filt	0.0	0.0	0.0	0.0	0.0	0.5	4.0	12.5	19.5	24.0	46.0	77.5	111.5	147.0	207.5	279.0	374.5	555.5	753.5	983.5	1357.0	1929.0	2549.5	3377.0	4493.0	5696.0	7196.5	9108.0	11366.0	13840.5	16574.0	19721.0	23310.5	27454.5	31576.0	35854.5	40430.0	45205.0	49937.5	54426.0	58600.0	62376.5	66154.0	69144.0	71799.5	74063.5	75924.0	77069.0	78201.0	80359.0	82392.0	84623.5	87992.0	92465.5	97474.0	103221.5	109436.0	115270.5	121049.5	126661.0	130360.0	131559.5	130335.5	126520.0	119973.0	111444.0	100906.0	88798.0	76193.5	63604.5	51791.5	41080.5	31430.5	23331.0	16986.0	11813.0	7925.0	5153.0	3281.0	2040.0	1238.5	742.0	440.5	255.0	141.5	76.0	47.0	25.5	13.5	6.5	2.5	0.5	0.0	0.0	0.5	1.0	0.5	0.0	0.0	0.0	0.0
PD_129P_2_bbduk_polyg_filt	0.0	0.0	0.5	0.5	0.0	0.0	4.5	11.5	16.0	24.0	44.5	69.0	98.5	146.0	214.5	272.0	374.0	538.0	741.5	1027.5	1383.5	1861.5	2574.5	3400.0	4437.5	5721.5	7247.5	9015.0	11179.5	13744.0	16548.5	19771.5	23261.0	27049.5	31279.0	35745.0	40265.5	44817.5	49381.0	53807.5	58168.0	62046.5	65581.5	68730.5	71277.5	73761.5	75696.5	76946.0	78305.0	80207.0	82054.5	84497.0	88188.5	92638.5	97511.0	103204.5	109332.0	115208.5	121387.0	126860.0	130552.0	131805.5	130565.0	126629.5	120615.5	112523.5	101212.0	88977.5	76581.0	63807.5	51983.5	41393.5	31943.5	23731.5	17121.0	11907.0	7992.5	5307.0	3392.0	2107.5	1282.5	793.5	470.5	246.5	142.5	90.5	55.5	28.5	12.0	4.5	1.5	0.5	0.0	0.0	0.5	1.0	0.5	0.0	0.0	0.0	0.0
PD_12P_1_bbduk_polyg_filt	0.0	0.0	0.0	0.5	1.0	1.0	2.5	5.0	8.0	23.0	40.5	66.5	106.0	191.5	296.0	439.0	689.0	992.0	1448.5	2119.0	2946.5	3974.0	5295.0	6868.0	8745.5	11083.5	13572.0	16303.5	19631.5	23319.5	27295.0	31628.5	36402.5	41417.5	47134.5	53098.5	59452.0	66674.0	74076.5	82160.5	90310.0	97824.0	104911.5	111408.5	117065.5	121874.5	125434.0	127178.5	127591.0	126981.0	125230.0	122587.5	119277.0	115497.5	111637.5	107344.5	103243.5	99448.5	95026.5	90402.0	85079.0	79240.5	73435.5	66982.5	60103.5	53338.0	46135.5	39642.0	34080.0	28115.5	22609.5	18007.0	14071.0	10815.0	8035.0	5743.5	4062.0	2815.5	1923.5	1314.0	836.5	497.0	294.0	187.5	111.0	61.0	36.5	16.0	8.0	5.5	4.5	2.5	0.5	0.0	0.0	0.0	0.0	0.0	0.0	0.0	0.0
PD_12P_2_bbduk_polyg_filt	0.0	0.0	0.0	0.5	1.5	1.0	1.0	4.0	10.5	23.5	47.5	72.0	107.5	204.0	320.5	451.0	669.0	996.5	1470.0	2054.5	2862.5	3979.5	5295.0	6908.0	8865.5	11061.0	13458.5	16339.0	19780.0	23455.0	27175.5	31499.0	36254.0	41016.0	46138.5	52275.0	58983.0	65887.0	73468.0	81655.5	89803.0	97049.0	104186.0	111280.5	117363.5	122091.0	125472.5	127413.5	128126.0	127103.0	125085.0	123078.5	119953.5	115691.5	111418.0	107604.5	103909.5	99881.0	95383.5	90450.5	85297.0	79509.0	73260.5	67057.5	60448.5	53697.0	46606.5	39977.0	34063.0	28290.0	22878.5	18139.0	14172.5	10790.5	8074.5	5798.5	4062.5	2839.5	1927.5	1328.5	868.0	509.5	310.0	205.5	134.0	69.5	36.0	16.5	8.0	4.5	3.5	2.5	0.5	0.0	0.0	0.0	0.0	0.0	0.0	0.0	0.0
PD_130S_1_bbduk_polyg_filt	0.0	0.0	0.0	0.0	0.0	0.0	0.5	2.0	2.0	3.5	8.5	21.0	35.5	63.5	131.5	250.5	411.5	659.5	1049.0	1585.5	2406.5	3588.5	5106.0	7152.5	9741.0	12915.5	16771.5	21306.5	26419.0	32165.5	38759.0	46324.5	54819.5	64252.0	74578.5	85345.5	97317.5	110514.0	124132.5	137740.0	150358.0	162082.5	172075.0	179003.0	183426.0	185205.5	183582.5	178967.0	170290.5	159060.0	148049.5	136208.0	123344.0	110788.0	99204.0	88449.0	78934.0	71036.0	63987.5	58133.0	53631.0	49168.5	44623.5	40550.5	36616.5	32535.5	28446.5	24431.5	20776.0	17083.0	13548.5	10635.0	8039.0	5910.0	4327.0	2989.0	2001.5	1391.5	918.5	566.5	350.0	216.0	128.5	79.5	49.0	23.5	10.5	7.5	3.5	0.5	0.0	0.5	0.5	0.0	0.0	0.0	0.0	0.0	0.0	0.0	0.0
PD_130S_2_bbduk_polyg_filt	0.0	0.0	0.0	0.0	0.0	0.5	0.5	0.5	1.0	3.0	10.5	21.0	37.5	69.0	130.5	249.0	395.0	637.0	995.5	1579.5	2369.5	3494.5	4988.0	6939.5	9608.0	12853.0	16564.5	20964.5	26075.0	31729.0	38217.5	45675.0	54071.0	63326.5	73438.5	84948.0	96856.5	108798.0	122071.5	135495.5	148812.0	160870.0	170738.5	178348.0	183376.0	185721.0	183995.5	178725.5	170674.0	160481.5	149477.0	137215.5	124567.5	112236.0	100342.0	89628.5	80088.5	72093.0	64912.0	58825.5	53906.5	49593.0	45481.5	41209.0	37016.5	32888.5	28751.0	24717.0	20746.5	17096.0	13707.5	10702.5	8258.5	6058.0	4315.0	3025.5	2053.5	1403.0	929.5	587.5	365.5	210.0	119.5	71.5	37.5	24.0	18.0	10.5	3.5	0.0	0.0	0.5	0.5	0.0	0.0	0.0	0.0	0.0	0.0	0.0	0.0
PD_131P_1_bbduk_polyg_filt	0.0	0.0	0.0	2.0	2.5	2.5	3.0	4.0	8.0	18.0	45.0	86.5	150.5	258.0	439.5	684.0	944.0	1334.5	1952.5	2662.0	3578.5	4729.0	6381.5	8843.0	11730.5	15439.0	20249.5	25719.0	32314.5	39794.5	48484.0	58361.0	67902.5	77020.5	86054.0	94205.5	102638.0	111404.0	119306.0	127575.5	135517.5	143216.0	151204.5	158733.0	165539.0	171095.5	175175.0	178007.0	179013.5	177825.0	175062.5	169829.5	162567.0	154956.0	145215.0	134081.0	123404.0	112965.0	101890.0	90813.0	81256.0	72166.0	63686.0	56350.0	49965.0	44228.5	38961.5	34442.5	30165.5	25818.0	21885.5	18416.0	15222.0	12376.5	9833.5	7551.5	5767.5	4352.0	3154.0	2211.5	1545.0	1051.0	666.5	418.0	249.0	135.0	75.0	39.0	23.5	12.5	5.0	1.0	0.5	1.0	0.5	0.0	0.0	0.0	0.0	0.0	0.0
PD_131P_2_bbduk_polyg_filt	0.0	0.0	0.5	0.5	0.5	2.5	4.0	6.0	9.5	15.5	40.0	86.5	153.0	264.5	425.5	655.0	957.0	1374.5	1917.0	2612.5	3540.0	4725.0	6291.0	8536.0	11602.5	15351.5	19808.5	25187.5	31846.5	39408.5	48000.5	57514.5	67261.5	76592.5	85473.5	93864.5	102139.5	110510.0	118504.5	126527.5	134362.0	142518.0	150939.0	158438.0	164940.5	170739.5	175346.0	177636.5	178683.5	178578.5	176123.5	170910.5	163529.0	155440.0	146377.5	135634.0	123864.0	112888.5	102217.5	91501.0	81838.0	72757.5	64384.5	57116.0	50450.0	44475.0	39186.0	34573.5	30152.5	25804.5	22152.0	18837.0	15473.5	12423.0	9822.0	7609.5	5789.0	4319.0	3184.0	2264.0	1526.0	1019.5	670.0	434.5	255.0	140.0	79.0	42.5	23.0	12.0	7.0	3.5	2.5	1.5	0.5	0.0	0.0	0.0	0.0	0.0	0.0
PD_134S_1_bbduk_polyg_filt	0.0	0.0	0.0	0.0	0.5	1.0	2.5	5.0	8.5	12.5	28.5	71.5	121.5	196.0	361.5	645.0	1065.0	1691.0	2676.5	3985.0	5668.5	7961.0	10894.0	14574.0	19018.0	24298.0	30698.5	38038.0	45972.5	55101.0	65525.0	77295.0	90876.0	104951.5	121102.0	138963.0	157564.5	177796.0	198832.5	220268.5	240429.5	258852.5	274866.0	287728.0	296455.5	300296.0	298871.5	292902.0	282433.0	267213.5	250927.0	232457.0	212912.0	195417.5	178802.5	163257.5	149695.5	138291.5	127967.5	118488.0	110107.0	102123.0	93650.0	84982.5	76307.5	67709.0	58622.5	49597.0	41840.0	34338.5	27263.5	21300.0	16184.0	11995.0	8682.0	6095.5	4153.0	2779.5	1826.0	1190.5	717.0	429.0	277.5	178.5	95.0	47.0	34.5	20.5	10.0	5.0	2.0	1.0	0.5	0.0	0.0	0.0	0.0	0.0	0.0	0.0	0.0
PD_134S_2_bbduk_polyg_filt	0.0	0.0	0.0	0.5	0.5	1.0	3.5	5.5	10.0	16.5	27.0	57.5	109.0	192.5	358.5	651.5	1048.0	1653.0	2569.5	3834.5	5549.0	7792.5	10733.0	14269.5	18681.5	24094.5	30166.5	37303.5	45236.0	54114.5	64416.0	76036.0	89255.0	103495.5	119497.5	136825.0	155689.5	175607.5	196338.0	218122.5	238246.5	257383.0	273918.5	287386.0	297111.0	301452.0	301046.5	294216.0	283172.0	268702.0	251660.5	233883.0	215159.0	197421.5	180316.5	164520.0	150825.0	139313.5	129394.5	119966.0	111081.0	102802.0	94542.0	85724.5	76959.5	67899.0	58787.0	50231.0	42144.0	34407.0	27371.5	21286.5	16292.0	12142.0	8755.0	6204.5	4300.0	2892.0	1846.0	1158.0	722.0	444.0	274.0	176.0	104.0	52.0	33.5	22.0	10.5	3.5	0.5	0.0	0.0	0.0	0.0	0.0	0.0	0.0	0.0	0.0	0.0
PD_137P_1_bbduk_polyg_filt	1.0	0.5	0.0	0.5	0.5	0.0	1.5	2.5	2.0	7.5	21.0	45.5	83.0	162.0	277.0	466.0	825.0	1346.5	1989.5	2902.0	4208.5	5886.5	8154.5	11061.0	14628.5	18976.0	23955.5	29783.0	36684.0	44518.5	53192.0	63093.5	74303.5	85898.0	99138.0	114612.5	130382.5	146168.0	162098.0	177544.5	192134.0	205046.5	215308.5	222556.0	226186.0	226427.0	223490.5	216945.5	207261.0	195606.0	182868.0	168596.0	154211.5	140860.0	127790.5	115956.0	105883.0	97585.0	89963.5	82562.5	76590.5	71155.5	65777.5	60433.5	54474.5	48545.0	42694.0	37106.5	31789.0	26434.0	21730.5	17437.5	13575.0	10345.0	7616.5	5572.0	3948.0	2676.5	1800.5	1148.0	713.0	452.0	270.5	144.0	66.0	37.0	19.0	10.0	7.0	1.5	0.0	0.0	0.0	0.0	0.0	0.0	0.0	0.0	0.0	0.0	0.0
PD_137P_2_bbduk_polyg_filt	0.0	0.0	0.0	0.5	0.5	1.0	2.0	3.0	6.0	13.5	29.0	42.0	74.0	154.0	287.5	478.5	808.5	1304.5	1964.5	2844.5	4168.5	5920.5	8125.5	10991.0	14506.0	18702.0	23654.5	29709.0	36561.0	44242.5	53085.5	62829.5	73738.5	85586.0	98971.0	113780.0	128542.0	144639.0	161148.5	176942.5	191744.0	203937.5	214174.0	221380.5	225446.5	226034.0	223063.5	217329.5	207925.0	196018.0	183484.0	169918.5	155581.0	141758.0	128841.5	117166.5	107118.5	98008.5	89996.0	83363.0	77356.5	71656.5	66043.0	60726.0	54887.0	48746.5	42856.5	37220.0	31811.5	26662.0	21856.5	17420.0	13584.5	10387.5	7731.5	5542.0	3854.5	2630.5	1782.5	1160.0	715.5	456.5	282.0	153.0	77.0	41.5	22.0	11.0	3.5	0.5	0.5	1.0	0.5	0.0	0.0	0.0	0.0	0.0	0.0	0.0	0.0
PD_138S_1_bbduk_polyg_filt	0.0	0.0	0.0	0.0	0.0	0.0	0.0	1.0	2.5	6.5	13.5	28.5	44.5	70.5	129.0	214.5	388.0	638.5	949.5	1498.0	2317.0	3367.0	4690.5	6694.5	9294.0	12349.5	16117.0	20324.5	25288.5	30747.0	36984.5	44302.5	52270.5	60849.5	71018.5	82757.5	95337.5	108271.5	121702.0	135654.5	148503.5	160221.5	170421.5	178609.5	183980.0	185187.5	182932.5	176691.0	167037.5	155142.0	142650.5	129059.0	114151.5	100361.0	87905.5	76558.0	66573.5	58191.0	50165.5	42969.5	36933.5	31912.0	27631.5	23452.5	19572.5	16457.5	13771.5	11404.5	9290.5	7248.5	5793.5	4667.0	3608.0	2744.5	2022.5	1428.5	1011.0	688.5	447.5	300.5	186.5	116.0	82.5	53.0	34.5	22.0	12.5	9.0	5.5	2.5	0.0	0.0	0.0	0.0	0.0	0.0	0.0	0.0	0.0	0.0	0.0
PD_138S_2_bbduk_polyg_filt	0.0	0.0	0.0	0.0	0.0	0.0	0.0	1.0	1.0	6.0	14.5	18.5	33.0	66.5	123.5	226.5	389.0	611.5	950.5	1464.0	2206.0	3258.0	4697.0	6614.5	9015.5	12004.0	15647.5	19885.5	24768.5	30047.5	35977.0	43249.5	51370.5	59975.0	70121.5	81551.5	93975.5	106990.0	120315.5	134116.5	147254.5	159764.0	170872.0	178800.0	183627.0	185026.5	182662.5	176731.5	167859.0	156540.5	143929.0	129967.5	115690.0	102061.0	89001.5	77563.0	67429.5	58821.0	50927.5	43820.5	37657.0	32393.0	27989.5	23886.0	20125.5	16733.0	13920.0	11566.5	9365.0	7511.0	5963.0	4674.0	3652.0	2732.5	2004.0	1444.0	1018.5	736.5	497.5	312.5	215.0	152.0	94.5	52.5	25.5	20.5	16.0	10.0	6.5	2.5	0.0	0.0	0.0	0.0	0.0	0.0	0.0	0.0	0.0	0.0	0.0
PD_13P_1_bbduk_polyg_filt	0.0	0.0	0.0	1.5	2.5	1.5	1.5	4.0	8.5	16.5	29.0	58.5	104.5	164.5	301.5	555.5	947.5	1583.5	2563.0	3881.5	5434.5	7380.0	9965.5	13206.5	17129.0	21298.0	25489.0	29862.0	34638.5	40138.5	46041.5	52397.0	58676.5	64962.5	72471.0	80837.5	89406.5	98830.0	109352.0	120152.0	130705.5	141018.0	150627.5	158182.0	163433.0	166981.0	168122.5	166722.5	162267.0	155184.0	147721.5	139774.5	131019.0	122508.0	114519.0	107972.0	103429.0	100020.5	97496.5	95624.0	93875.5	91793.0	89040.0	85351.0	80769.0	74561.5	67234.0	59613.0	51525.5	43647.0	35857.5	28762.5	22605.5	17151.5	12867.5	9449.5	6885.5	4866.0	3252.5	2146.0	1407.0	912.0	553.0	321.5	186.0	103.5	56.5	29.5	14.5	10.5	5.5	3.0	1.5	1.0	0.5	0.0	0.0	0.0	0.0	0.0	0.0
PD_13P_2_bbduk_polyg_filt	0.0	0.0	0.0	1.0	3.0	4.5	5.5	6.0	13.5	19.0	29.5	59.0	102.0	188.0	314.0	540.5	968.5	1603.0	2565.0	3858.5	5404.0	7360.0	9858.5	13126.0	17050.0	21203.5	25198.0	29482.5	34577.0	40097.0	45764.0	52062.0	58407.0	64751.5	71952.5	80234.0	89348.0	98745.5	108655.0	119237.5	130198.0	140389.5	149527.0	157364.5	162969.0	166686.5	168071.5	166418.5	162278.0	155994.0	148343.5	139967.5	131279.0	122793.0	115054.5	109126.5	104251.0	100154.5	97640.0	95933.0	94344.0	92358.0	89508.5	85812.5	80830.0	74470.5	67502.0	59922.5	51940.5	43892.5	35904.0	28799.5	22710.5	17343.0	13026.5	9673.0	7003.0	4889.0	3275.5	2165.5	1403.0	868.0	546.5	336.0	189.0	109.5	60.0	31.0	11.0	6.0	5.0	3.5	1.5	1.0	0.5	0.0	0.0	0.0	0.0	0.0	0.0
PD_140S_1_bbduk_polyg_filt	0.0	0.0	0.0	0.0	0.0	0.0	4.5	10.5	19.5	48.0	109.5	208.5	338.0	580.5	926.0	1427.0	2105.5	2955.0	4114.0	5662.5	7869.0	10502.5	13655.0	17582.0	22129.0	27647.0	34176.0	41232.5	49294.0	57969.0	67017.0	77072.0	88369.0	100466.0	113364.0	127353.5	142408.0	158354.5	175456.5	193631.5	211507.5	227766.0	242816.5	255484.5	264360.5	269686.5	271396.5	269263.0	262907.0	252504.0	241094.0	229100.0	215897.5	203633.5	191757.5	181236.0	172576.0	165442.5	159516.0	153462.0	147511.0	140865.5	133365.5	124579.5	113351.5	101692.0	89526.5	76840.0	64458.5	52567.0	41831.5	32420.5	24423.0	17945.0	12954.0	9136.5	6141.5	4048.5	2699.0	1731.5	1050.5	643.5	381.5	202.5	116.0	59.5	25.0	12.5	9.0	6.0	4.0	1.5	0.5	0.0	0.0	0.0	0.0	0.0	0.0	0.0	0.0
PD_140S_2_bbduk_polyg_filt	0.0	0.0	0.0	0.0	0.0	1.0	5.0	11.0	27.5	50.5	93.5	193.0	342.0	576.0	923.0	1404.0	2071.0	2961.0	4128.5	5674.0	7703.5	10313.0	13481.0	17408.0	22060.5	27513.5	33660.5	40753.0	48802.5	57021.5	66249.0	76188.5	86878.5	98677.0	111719.5	125996.5	141442.5	157519.0	174499.5	192690.5	210277.5	226829.0	242243.5	254919.0	264321.0	270520.0	272273.0	269635.0	263346.0	254205.0	242826.5	230183.5	217019.0	204456.0	192469.5	181770.5	173701.5	167283.5	160875.5	154319.0	148062.5	140957.5	133388.5	124829.5	114373.5	102339.0	89552.5	76971.0	64642.5	52750.0	41682.0	32281.0	24423.5	17894.0	12834.0	8958.0	6161.5	4152.0	2688.5	1741.0	1090.0	641.5	398.5	219.5	94.5	47.0	28.0	13.0	7.5	4.5	3.5	2.0	0.5	0.0	0.0	0.0	0.0	0.0	0.0	0.0	0.0
PD_141P_1_bbduk_polyg_filt	0.0	0.0	0.0	0.5	1.0	1.5	2.5	2.0	2.5	9.5	26.5	61.0	99.5	152.0	234.5	385.0	656.5	1050.5	1586.0	2284.5	3314.0	4809.0	6778.5	9382.0	12702.5	16999.5	22248.5	28565.5	36165.5	45308.0	56276.5	68493.0	82307.0	97957.5	115810.5	135089.5	155819.0	178643.0	203074.0	226869.0	249406.0	269590.5	286237.0	298654.5	306529.5	309832.0	305990.0	295850.0	282254.0	266149.5	246753.0	224757.5	202740.0	182456.5	162864.5	145384.5	131155.0	119163.0	109561.5	101312.0	93660.0	87132.0	80944.5	74566.0	68113.5	61421.0	54372.5	47267.0	40088.5	33184.0	26702.5	20944.0	16222.0	12266.0	9089.5	6427.5	4483.0	3079.5	2023.5	1329.5	880.5	555.5	333.5	196.0	105.5	58.0	37.5	19.0	7.5	4.5	4.0	1.5	0.5	0.5	0.0	0.0	0.0	0.0	0.0	0.0	0.0
PD_141P_2_bbduk_polyg_filt	0.0	0.0	0.0	1.0	2.0	2.0	3.0	2.5	3.0	16.0	40.5	53.5	78.5	152.0	250.0	388.5	660.5	1016.0	1519.5	2292.5	3361.0	4807.0	6680.0	9218.5	12513.5	16598.5	21711.0	28138.0	35900.5	44823.5	55219.0	67439.0	81321.0	96568.0	114290.5	133916.0	154930.5	177481.0	201054.0	224900.5	247743.5	267826.5	284549.0	297752.0	306782.0	310500.5	306748.0	296911.0	283402.0	266796.0	248553.5	227709.0	204980.0	183734.0	163697.5	146264.5	132217.0	120287.5	110281.0	102006.5	94358.5	87700.0	81797.0	75309.5	68560.5	61679.0	54574.5	47473.5	40313.5	33231.0	26786.5	21178.0	16310.5	12214.0	9008.5	6482.5	4500.0	3070.5	2053.5	1370.5	903.5	567.5	346.0	192.0	99.0	56.0	34.5	17.5	9.0	4.0	1.0	1.5	2.0	1.0	0.0	0.0	0.0	0.0	0.0	0.0	0.0
PD_142S_1_bbduk_polyg_filt	0.0	0.0	0.0	0.0	0.0	0.0	0.5	1.0	3.0	4.5	9.0	17.0	37.0	72.0	137.0	261.5	431.5	710.5	1171.5	1865.5	2884.0	4218.0	5939.0	8348.5	11498.0	15372.5	20348.0	26381.5	33239.5	41270.0	50131.0	59656.0	70278.5	82203.5	95540.5	110042.5	125353.5	140654.0	156270.0	171841.5	185715.5	198140.0	208561.0	215605.5	219218.5	218924.5	214095.5	205152.0	193353.5	178781.0	163207.0	147283.5	130630.0	114809.0	100314.5	87558.0	76792.0	67305.5	58896.5	51935.5	45946.0	40631.0	35909.0	31609.0	27700.0	24127.0	20702.5	17577.0	14700.0	12041.5	9650.0	7644.5	5864.0	4391.5	3357.0	2451.0	1712.5	1197.0	822.5	539.5	345.0	217.5	125.5	83.0	51.5	28.5	17.5	10.0	5.0	1.0	0.0	0.0	0.0	0.5	0.5	0.0	0.0	0.0	0.0	0.0	0.0
PD_142S_2_bbduk_polyg_filt	0.0	0.0	0.0	0.0	0.0	0.0	1.0	1.0	1.0	3.5	7.0	16.0	36.0	81.0	136.0	242.0	419.5	703.5	1132.5	1793.0	2762.0	4101.5	5806.0	8134.0	11225.5	14968.5	19574.0	25450.5	32275.0	39895.5	48509.5	58177.5	68778.5	80189.5	93322.0	107417.5	122510.5	138740.0	153730.5	168581.0	183249.0	196223.5	207475.5	215908.5	219500.5	219084.0	215613.0	206749.0	195090.5	181119.5	165710.5	149980.5	132941.5	117306.0	102882.0	89941.5	78889.5	68834.5	60012.5	52824.5	46739.0	41136.0	36478.0	32178.0	28062.0	24352.0	21044.0	17877.5	14809.0	12103.0	9751.0	7795.5	6015.5	4561.5	3395.5	2396.5	1701.0	1192.5	820.0	562.5	339.5	203.0	133.0	80.0	47.0	31.5	17.5	11.0	6.0	2.5	1.0	0.0	0.0	0.0	0.5	1.0	0.5	0.0	0.0	0.0	0.0
PD_145P_1_bbduk_polyg_filt	0.0	0.0	0.5	1.0	1.5	3.0	5.5	9.5	23.5	52.0	92.5	176.5	325.0	577.0	939.5	1496.0	2265.0	3223.0	4572.5	6417.0	8735.5	11451.5	14779.0	18852.5	23433.5	28502.5	34323.0	40730.5	47977.5	55729.0	64120.0	73522.0	83411.5	93892.5	105738.5	118664.5	131860.5	145877.0	160933.0	176404.5	190983.5	204468.0	217280.0	227823.5	235959.0	242186.0	245296.0	245488.5	243963.0	240566.5	234622.5	227276.0	219729.5	211263.0	201805.0	192837.5	184050.5	175119.5	166351.5	157753.0	148631.0	139342.0	130500.0	120638.0	110006.0	98662.5	86935.0	75832.5	64586.5	53532.0	43747.0	35066.5	27264.0	20585.0	15209.5	10973.5	7815.0	5423.0	3588.5	2347.5	1486.0	941.5	578.5	343.5	193.5	113.5	67.0	33.5	21.0	11.5	3.5	1.5	1.0	1.5	1.0	0.0	0.0	0.0	0.0	0.0	0.0
PD_145P_2_bbduk_polyg_filt	1.0	0.5	0.0	1.0	2.0	4.5	6.5	13.0	31.5	55.5	103.0	182.0	332.0	581.0	946.0	1507.0	2291.5	3238.0	4564.5	6335.5	8611.5	11432.5	14727.0	18691.5	23283.5	28322.5	34163.0	40557.5	47587.0	55345.5	63750.5	72755.5	82416.0	92702.5	104324.0	116859.0	129787.0	143760.5	158940.0	174718.5	189600.0	203138.5	215755.5	227128.0	235862.5	242369.0	246272.0	246911.5	244781.5	240578.0	235546.5	229088.5	221027.5	212173.0	203031.0	194640.5	186423.0	177480.0	167566.0	157910.0	149623.0	140810.0	131029.0	121034.0	110168.0	98869.5	87207.0	75514.5	64485.0	53836.0	43849.0	34915.5	27081.5	20544.5	15275.5	10948.0	7751.0	5403.0	3577.5	2339.5	1505.5	953.0	588.5	343.5	188.5	113.0	66.0	34.0	18.0	11.0	5.0	2.5	2.0	0.5	0.0	0.0	0.0	0.0	0.0	0.0	0.0
PD_146S_1_bbduk_polyg_filt	0.0	0.0	0.0	0.0	0.0	0.0	1.0	3.0	5.5	12.0	32.0	61.0	101.5	183.0	318.0	506.0	759.0	1123.5	1676.5	2405.5	3398.0	4858.5	6729.0	8934.5	11617.0	15004.5	19210.0	23925.0	28987.5	34617.5	41095.0	48489.5	56445.5	65203.5	75139.0	85139.0	95815.5	107114.5	118116.0	129170.5	139710.0	148674.0	155993.0	161736.5	165404.0	166672.0	165324.0	161534.5	156281.5	150068.0	143219.5	136058.0	128941.0	122540.5	116846.5	112041.0	108437.5	105648.5	102174.5	98974.0	95715.0	91601.0	86799.0	80791.5	73817.0	66179.0	58015.0	49767.0	41755.5	34090.0	27178.0	21096.5	15879.0	11632.5	8459.0	5907.5	3944.0	2601.0	1653.5	1021.5	621.0	357.5	199.5	115.0	68.5	33.5	16.0	8.5	4.5	3.0	1.5	0.5	0.0	0.0	0.0	0.0	0.0	0.0	0.0	0.0	0.0
PD_146S_2_bbduk_polyg_filt	0.0	0.0	0.0	1.0	1.0	0.5	0.5	2.0	5.5	13.5	33.5	59.0	97.0	182.0	303.0	461.5	710.0	1104.5	1612.5	2312.0	3371.0	4780.5	6545.5	8742.0	11525.5	14833.5	18736.5	23290.0	28556.5	34185.5	40245.0	47467.0	55351.0	63562.0	73008.0	83414.0	94017.0	104763.5	116141.5	127358.0	137473.0	146533.5	154144.0	160189.0	164281.0	166114.5	165418.0	162209.5	157154.5	151182.5	144762.0	137471.5	130332.5	124108.0	118579.5	113723.5	109881.0	106937.0	103410.5	99904.5	96999.5	93116.5	87947.0	81899.0	75158.0	67373.0	58711.5	50503.5	42544.0	34731.5	27500.5	21295.5	16114.0	11860.5	8553.0	5929.5	3987.5	2651.5	1714.0	1043.0	603.5	348.5	200.0	119.5	65.0	30.5	20.5	10.0	5.5	2.5	0.0	0.0	0.0	0.0	0.0	0.0	0.0	0.0	0.0	0.0	0.0
PD_147_1_bbduk_polyg_filt	1.0	1.0	0.5	0.0	0.0	1.5	3.5	5.5	10.0	18.0	38.0	65.5	111.0	190.0	319.5	541.0	805.0	1237.5	1877.5	2700.0	3819.0	5257.0	7323.5	9903.5	13026.5	16779.5	21151.5	26354.5	32295.5	39171.0	46828.5	55387.0	65026.0	75626.5	87721.5	100397.0	113644.5	127777.0	142463.5	157350.5	171167.0	183748.0	194318.5	203423.0	209900.5	212723.0	212502.5	209026.5	202905.0	193962.5	183112.0	171037.0	158847.5	146633.5	133836.5	122227.5	112032.5	103137.5	95724.5	89060.5	83447.0	78176.0	72738.5	67540.0	61983.5	55843.0	49317.5	42797.5	36546.0	30418.0	24410.5	19106.5	14583.0	10798.5	7755.5	5369.0	3663.5	2392.0	1503.0	940.5	582.5	328.5	165.0	84.0	47.0	25.0	9.5	4.0	1.5	0.5	0.0	0.5	1.0	0.5	0.0	0.0	0.0	0.0	0.0	0.0	0.0
PD_147_2_bbduk_polyg_filt	1.0	1.0	0.5	0.5	0.5	0.5	2.0	3.5	11.0	20.5	36.5	63.0	95.0	182.5	317.0	517.0	827.5	1212.5	1811.0	2663.5	3767.0	5336.0	7319.0	9698.5	12711.0	16436.0	20974.5	26171.5	32027.5	38791.0	46449.5	54818.5	64380.5	75058.5	86659.5	99326.0	112929.5	126886.0	141115.0	155828.0	169644.5	181942.5	193549.5	202711.5	208629.5	212292.5	212571.0	209742.0	203753.0	194878.0	184242.5	172330.0	160325.5	148080.5	135033.0	122980.0	112842.5	104221.5	96970.5	90285.5	83958.0	78417.0	73139.0	67839.0	62304.5	56036.5	49575.0	43233.5	36736.0	30249.5	24263.0	19105.5	14685.0	10921.5	7816.5	5365.5	3619.5	2391.0	1509.0	909.5	549.0	314.5	167.5	80.5	44.0	25.0	9.0	4.0	0.0	0.5	0.5	0.5	1.0	0.5	0.0	0.0	0.0	0.0	0.0	0.0	0.0
PD_148P_1_bbduk_polyg_filt	0.0	0.0	0.5	1.0	0.5	0.5	1.0	4.5	8.0	12.5	31.0	55.0	98.0	157.5	260.5	473.5	729.0	1094.0	1672.0	2412.0	3437.0	4755.5	6663.5	9267.5	12447.5	16552.0	21525.5	27412.5	34613.0	42929.5	52571.0	63514.5	75555.0	88500.0	102374.5	117306.5	133119.0	149458.0	166095.5	182679.5	198040.5	212217.5	223788.0	233277.5	240404.0	243457.0	243231.0	238998.0	232399.5	224095.0	214054.0	202731.5	190958.5	180424.5	169666.5	159464.0	151170.5	144050.0	138304.0	132727.0	127272.0	121912.0	115511.0	107974.5	99529.5	90492.5	80410.0	70094.0	59907.0	49823.0	40611.0	32241.0	24785.0	18658.5	13719.5	9788.0	6797.0	4618.5	3066.5	2038.0	1380.0	848.0	499.0	305.0	172.0	99.5	60.5	25.0	10.5	7.5	6.0	2.5	0.5	0.0	0.0	0.0	0.0	0.0	0.0	0.0	0.0
PD_148P_2_bbduk_polyg_filt	0.0	0.0	0.0	0.5	0.5	1.0	2.5	4.0	6.5	13.5	25.5	58.0	94.5	164.0	294.0	472.5	740.5	1106.5	1601.0	2290.0	3374.5	4775.5	6639.0	9154.5	12288.5	16286.0	21293.0	27302.0	34380.0	42691.5	52109.5	62830.5	74918.5	87678.5	101406.0	116215.5	131834.5	147809.5	164270.5	180833.5	196490.5	210871.0	222784.0	232215.5	239117.5	242903.5	243493.0	239834.5	233199.5	225278.0	215593.0	204098.0	192361.5	181418.5	170991.0	161329.0	152335.5	145048.5	139256.0	133825.5	128298.5	122442.5	116208.5	108852.5	100106.0	90576.0	80391.0	70155.0	59922.5	49800.5	40730.0	32376.0	24797.5	18574.0	13677.0	9755.5	6821.5	4650.5	3094.5	2102.5	1367.5	818.0	488.5	293.5	176.5	115.0	56.0	23.5	13.0	8.0	5.5	3.0	0.5	0.0	0.0	0.0	0.0	0.0	0.0	0.0	0.0
PD_149S_1_bbduk_polyg_filt	2.0	3.0	3.5	5.0	8.5	10.5	12.5	18.0	37.0	74.5	144.0	267.0	452.0	761.5	1262.0	1942.0	2833.0	3991.0	5416.5	7124.5	9397.0	12183.0	15164.5	18685.5	23035.5	27736.5	32159.5	36512.0	41151.5	45881.0	50133.5	54269.5	58247.0	62225.5	66265.0	70541.0	75173.0	79821.0	84565.0	89773.0	95445.0	100783.5	105614.5	110004.5	114202.5	117198.5	118915.0	120522.5	121541.5	121650.5	120784.5	119509.0	118414.0	117482.0	116768.5	115738.0	114986.0	114564.0	114047.0	113035.0	112022.0	110644.5	108451.5	105520.5	100953.5	95781.0	89386.0	81564.5	73227.5	64229.0	54971.0	45820.5	37253.0	29544.0	22835.5	17313.5	12850.0	9174.5	6310.0	4248.0	2798.0	1765.5	1093.5	666.0	395.5	228.5	126.5	61.0	29.0	16.0	10.0	4.0	1.5	0.5	0.0	0.0	0.0	0.0	0.0	0.0	0.0
PD_149S_2_bbduk_polyg_filt	0.0	1.5	4.5	8.0	12.5	9.5	6.5	16.0	34.5	66.5	139.0	256.5	434.0	718.0	1169.0	1820.0	2630.5	3665.5	5179.0	6949.5	9062.5	11791.0	14929.0	18646.5	22847.5	27055.0	31473.0	36131.0	40806.0	45387.5	49688.0	53553.5	57405.5	61577.5	65595.0	69774.0	74002.5	78408.0	83227.0	88672.5	94547.5	99881.5	104847.0	109526.0	113744.0	116895.5	119440.0	121174.0	121687.0	121851.0	121078.0	120495.5	119911.5	118651.5	117683.5	116606.5	115802.0	115151.5	114754.0	114283.0	112914.0	111290.5	109341.0	106398.0	102175.5	96588.5	89594.0	82080.5	73863.0	64608.0	55184.0	46015.5	37285.0	29530.5	22946.5	17285.0	12691.5	9095.0	6263.0	4170.0	2815.0	1813.0	1132.5	692.0	387.5	226.0	129.0	66.5	32.0	18.0	10.5	5.0	2.5	1.0	0.0	0.0	0.0	0.0	0.0	0.0	0.0
PD_14P_1_bbduk_polyg_filt	0.0	0.0	0.0	0.0	0.5	2.0	4.0	10.0	16.5	38.5	95.5	170.5	252.0	388.0	595.0	906.0	1371.0	1915.0	2631.0	3675.0	4917.0	6496.0	8443.0	10723.0	13479.5	16568.5	20165.5	24092.0	28263.0	32959.0	38038.0	43174.0	48775.0	54570.5	60805.5	68020.0	75698.0	83520.5	91654.5	100016.5	107568.0	114935.5	121637.0	126513.0	129596.5	130121.0	129124.0	126651.5	122118.0	116838.0	111463.0	105889.5	100462.0	95939.0	92225.5	89100.0	86569.5	84481.5	83066.0	81120.5	78346.0	75497.0	71766.5	67317.0	62164.0	56254.0	49852.5	43533.0	37170.0	30892.5	25159.0	19970.0	15644.5	11985.0	8877.0	6455.0	4645.0	3265.5	2279.0	1559.0	1027.0	644.5	397.5	258.5	158.5	88.5	47.5	19.5	8.5	3.5	2.0	1.5	0.0	0.0	0.0	0.0	0.0	0.0	0.0	0.0	0.0
PD_14P_2_bbduk_polyg_filt	0.0	0.0	0.0	1.0	2.5	2.0	1.5	6.0	16.0	47.5	89.5	131.0	228.0	399.5	597.0	898.5	1342.5	1897.0	2651.0	3657.0	4948.5	6478.5	8410.5	10727.5	13447.0	16560.5	20117.5	24073.0	28378.0	32850.0	37568.0	42618.5	48167.0	54063.0	60394.5	67447.0	75213.5	83414.5	91294.5	99561.5	107579.5	114639.5	121029.0	125770.5	128615.5	130064.5	129410.5	127014.5	122894.5	117290.5	112012.5	106386.5	100893.0	95978.0	91826.5	89252.5	86958.0	84857.0	82938.0	80989.0	78926.0	75816.5	72042.0	67702.5	62456.0	56612.5	50146.0	43709.5	37339.5	30971.0	25194.0	20281.5	15871.5	11977.0	9009.5	6522.0	4579.5	3308.0	2300.5	1541.5	1050.5	696.0	428.5	251.5	152.0	86.0	50.0	23.5	6.5	3.5	3.5	1.0	0.0	0.5	0.5	0.0	0.0	0.0	0.0	0.0	0.0
PD_150P_1_bbduk_polyg_filt	0.0	0.0	0.5	2.0	2.0	0.5	1.0	4.0	7.0	12.5	23.0	41.5	82.0	138.0	241.5	431.0	697.5	1116.0	1741.0	2616.0	3799.5	5384.5	7394.0	10127.5	13800.0	17941.5	23001.0	29338.5	36303.5	44424.0	53665.0	63744.5	75400.5	87762.0	101058.0	115273.0	129011.0	142661.5	156507.0	168587.5	177912.5	185873.5	191099.0	192477.5	191920.0	190065.5	185331.0	177093.5	168165.5	159388.5	150486.0	141087.0	131181.5	121738.0	112751.0	104700.5	97582.0	91105.0	85054.5	79397.5	74242.5	69174.0	64275.5	59221.5	53657.5	48171.5	42381.5	36788.0	31515.5	26241.0	21311.5	16961.5	13210.5	9989.0	7425.0	5352.0	3721.0	2601.5	1735.5	1075.0	675.0	421.5	249.0	135.0	70.0	45.5	30.5	14.5	8.5	5.5	2.5	0.0	0.0	0.0	0.0	0.0	0.0	0.0	0.0	0.0	0.0
PD_150P_2_bbduk_polyg_filt	1.0	1.0	1.5	2.5	2.0	0.5	3.0	7.5	6.5	9.5	21.5	42.5	71.0	132.5	249.0	439.0	710.5	1106.0	1708.0	2509.0	3633.5	5283.5	7479.5	10186.0	13424.5	17473.5	22692.5	28765.5	35624.5	43611.0	52834.0	63061.5	74324.0	86474.5	99309.0	113150.0	127254.0	141063.0	154103.5	165972.5	176056.0	184201.0	189474.0	191778.0	192355.0	190286.0	185400.0	178485.0	170267.0	160875.0	151310.0	142241.5	132690.5	123180.0	114495.5	106183.5	98694.0	92055.5	85801.0	80316.0	75120.5	70104.5	65431.0	60111.5	54237.0	48631.0	42795.0	37108.5	31915.0	26601.0	21486.0	17164.0	13420.5	10154.5	7518.5	5387.5	3805.5	2621.5	1745.0	1141.0	712.5	423.0	248.0	139.5	76.5	42.0	27.5	18.5	10.5	5.5	1.5	0.0	0.0	0.0	0.0	0.0	0.0	0.0	0.0	0.0	0.0
PD_151S_1_bbduk_polyg_filt	3.0	2.0	1.0	1.0	0.5	1.0	5.0	6.5	8.0	14.0	23.0	41.0	78.5	138.5	239.5	434.5	727.5	1072.0	1543.5	2331.5	3407.5	4829.5	6681.5	9008.0	11893.0	15272.5	19472.0	24583.0	30522.0	37105.5	44630.5	53047.0	62260.0	72280.5	83329.5	96010.0	108901.5	121211.5	134145.0	147546.5	159343.5	169083.0	177554.5	183860.5	187398.0	187959.0	185520.0	180019.0	172662.5	163716.0	153713.0	143891.5	133902.0	124401.0	115982.5	108499.0	101797.5	96164.0	91168.5	86501.0	82101.0	77320.0	72165.0	66563.5	60481.0	54071.5	47542.0	40965.0	34638.0	28894.5	23294.5	18361.0	14228.5	10751.5	7898.5	5723.0	4101.0	2816.5	1906.5	1248.5	824.0	587.0	390.0	235.0	142.5	91.0	46.5	26.5	22.0	13.0	6.5	4.5	3.0	1.0	0.0	0.0	0.0	0.0	0.0	0.0	0.0
PD_151S_2_bbduk_polyg_filt	2.0	1.5	1.0	1.5	1.0	2.5	4.5	5.0	7.5	12.5	26.0	41.5	65.5	144.5	257.0	397.5	679.5	1070.5	1520.5	2249.0	3335.5	4703.5	6510.0	8748.0	11605.5	15089.5	19241.0	24355.0	30193.0	36566.0	43708.5	51886.5	61373.0	71317.0	82357.0	94633.5	107177.5	119747.5	132598.5	145802.5	157750.0	168740.5	178097.5	184346.0	187501.5	188123.0	185794.0	180653.0	173491.0	164634.5	155031.0	144665.0	134619.0	124970.5	116377.5	109293.0	102848.5	97340.0	92389.0	87623.5	82854.5	77828.0	72560.5	66743.5	60681.0	54610.5	47788.5	41067.0	35023.0	29181.5	23623.5	18571.5	14250.0	10806.0	7964.0	5733.5	4043.5	2786.0	1963.0	1362.0	882.5	568.5	382.5	257.5	168.5	101.0	52.0	33.0	23.5	14.0	7.0	2.5	1.0	0.5	0.0	0.5	1.0	0.5	0.0	0.0	0.0
PD_152P_1_bbduk_polyg_filt	0.0	0.0	0.0	0.0	0.0	0.5	3.5	5.0	14.0	29.5	49.5	81.0	144.0	231.0	328.0	517.0	788.5	1085.5	1557.5	2138.5	2886.0	3917.5	5257.5	6912.5	8912.5	11513.0	14661.0	18147.0	22125.5	26843.5	32211.5	37971.0	44099.5	50742.0	58256.0	66347.0	74977.5	83978.5	93513.0	103846.5	114128.5	123933.0	132499.0	139544.0	145098.0	148413.5	149486.5	148308.5	145044.0	140376.5	134957.0	129496.5	124687.5	119994.0	115435.5	111915.0	109250.5	107095.0	105356.0	103676.0	101644.0	98929.5	95306.0	90599.0	84676.5	77822.0	70452.5	62365.5	53911.5	46053.5	38277.0	30901.0	24350.5	18720.5	14039.0	10284.0	7406.0	5130.0	3395.5	2244.0	1463.5	878.0	526.5	299.0	174.5	108.0	60.0	28.5	14.0	5.0	2.0	1.0	0.5	0.0	0.0	0.0	0.0	0.0	0.0	0.0	0.0
PD_152P_2_bbduk_polyg_filt	0.0	0.0	0.0	0.0	0.0	1.0	2.5	3.5	10.0	22.5	48.0	83.0	123.5	199.5	339.5	530.0	784.0	1102.5	1514.5	2028.5	2873.5	3930.0	5089.0	6763.5	8894.5	11374.0	14377.0	17889.0	22027.0	26752.5	31825.0	37228.5	43349.5	50228.0	57958.5	66072.5	74684.5	83646.5	92620.5	102803.5	113138.0	122863.5	131108.5	138430.0	144087.0	147864.5	149355.5	148174.0	145885.0	141154.0	135888.0	130574.5	125282.0	120463.5	116136.5	113083.5	110527.5	108133.5	106024.0	104329.5	102439.5	99582.0	95728.5	90871.0	85015.5	78287.0	70391.5	62377.0	54236.0	45789.5	38018.5	31013.0	24445.5	18690.5	14090.5	10324.5	7398.5	5129.5	3461.0	2290.5	1464.5	875.0	508.0	318.5	188.5	104.5	66.0	35.0	15.5	6.5	3.0	1.5	1.5	0.5	0.0	0.0	0.0	0.0	0.0	0.0	0.0
PD_153S_1_bbduk_polyg_filt	0.0	0.5	0.5	1.0	1.5	0.5	0.0	1.5	4.5	7.0	16.5	38.5	71.5	122.5	211.5	339.5	542.5	843.0	1279.0	1875.5	2700.0	3812.0	5314.0	7234.0	9540.0	12392.5	15834.0	20084.0	25083.5	30765.0	37261.5	44668.0	52710.5	61506.0	71585.0	82819.0	95207.5	108214.0	121227.0	134655.5	148012.0	160343.0	172074.0	182009.5	189573.5	195572.5	199449.5	200813.5	200302.5	199146.5	197004.5	194346.0	192064.0	190530.5	189808.0	189970.0	190377.5	190760.0	191410.0	191105.5	189062.0	184817.0	177745.5	167507.5	155071.5	140569.0	123733.0	106988.5	90837.5	74771.0	59511.5	45836.5	34480.0	25135.5	17829.5	12172.0	7972.0	5215.5	3352.0	2023.0	1191.0	709.0	441.0	254.5	130.5	69.0	31.0	11.0	4.0	3.5	2.0	1.5	0.5	0.0	0.0	0.0	0.0	0.0	0.0	0.0	0.0
PD_153S_2_bbduk_polyg_filt	0.0	0.0	0.0	0.0	0.0	0.0	1.5	1.5	3.0	8.0	15.0	37.0	74.5	132.5	214.5	327.5	528.5	821.0	1228.0	1808.0	2633.0	3773.0	5202.5	7095.0	9377.0	12223.0	15858.0	19980.0	24882.0	30478.5	36740.5	43999.5	52415.5	61498.5	71446.5	82362.0	94287.0	107251.5	120348.0	133587.5	146886.0	159468.0	170588.0	181042.5	189680.5	195678.0	199344.0	201042.5	201306.0	199694.0	197631.0	195478.5	192881.5	190886.0	190402.0	190770.5	190814.5	191559.5	192142.5	191024.0	189262.5	185914.5	178505.0	168199.0	155717.0	140654.0	124110.0	107535.0	90777.5	73962.5	59044.0	45990.5	34810.5	25472.5	17925.5	12146.5	7962.5	5252.5	3417.0	2102.5	1245.5	701.0	407.5	254.0	146.5	72.5	30.0	10.5	5.0	3.5	2.0	1.0	0.5	0.0	0.0	0.0	0.0	0.0	0.0	0.0	0.0
PD_156P_1_bbduk_polyg_filt	0.0	0.0	0.0	0.0	0.0	1.0	2.5	4.0	10.0	20.0	40.0	91.5	141.5	241.0	389.5	595.0	917.5	1420.0	2063.5	2969.5	4219.5	5800.0	7939.0	10739.0	13953.5	17764.0	22352.0	27369.5	33207.0	39970.0	47393.5	55601.5	64220.5	73621.0	84239.5	96072.0	108077.5	119743.0	132963.5	146284.0	158430.5	169885.0	179264.5	186745.5	191298.5	191925.0	189702.0	183398.5	172724.0	159880.5	147206.0	132676.5	116348.0	101705.5	88374.5	76531.5	67218.5	60022.5	54055.5	49123.0	44804.0	40787.0	37166.5	33815.0	30507.0	27201.5	23487.5	19844.5	16625.5	13568.5	10739.0	8388.0	6503.0	4832.5	3458.5	2377.5	1665.0	1154.5	769.5	504.5	331.0	229.5	152.5	98.0	59.5	28.0	12.5	7.0	4.0	1.5	0.0	0.0	0.0	0.0	0.0	0.0	0.0	0.0	0.0	0.0	0.0
PD_156P_2_bbduk_polyg_filt	0.0	0.0	0.0	0.0	0.5	2.0	3.5	5.5	10.0	27.0	49.5	85.0	144.0	245.0	378.0	606.0	959.0	1481.5	2099.0	2913.0	4154.0	5779.0	8002.0	10652.5	13704.5	17666.5	22229.5	27279.5	33298.0	39809.0	47308.0	55582.0	64000.5	73185.0	83704.0	95879.5	107838.0	119654.5	132473.0	145341.5	157611.0	169088.5	179262.0	186857.5	191039.0	191963.5	189122.0	182347.0	172538.5	160638.5	147506.5	132997.5	117366.5	102732.0	89221.0	76917.0	67495.0	60372.0	54193.0	49011.0	44886.0	41239.0	37866.5	34182.0	30485.0	27026.0	23401.5	19944.5	16668.0	13633.0	10952.5	8521.0	6481.5	4804.0	3497.5	2472.0	1677.5	1151.0	790.0	531.0	340.5	227.5	153.5	96.5	56.5	26.0	14.0	12.0	4.0	0.5	1.0	0.5	0.0	0.0	0.0	0.0	0.0	0.0	0.0	0.0	0.0
PD_157S_1_bbduk_polyg_filt	0.0	0.5	1.0	0.5	0.0	0.0	3.0	8.0	9.5	18.0	37.5	58.0	98.0	180.5	285.0	446.5	738.0	1173.0	1723.5	2518.0	3660.5	5315.0	7455.5	10173.5	13594.5	17756.5	22778.0	28764.5	35517.0	43155.0	51648.5	60765.5	70591.0	81425.5	93350.5	105516.5	118257.5	131777.5	145926.0	160686.5	175017.0	187819.0	199053.0	208075.0	214214.5	218205.5	219703.5	218180.0	213390.5	205560.0	196544.5	186265.5	175520.0	164564.5	152866.5	142328.5	132783.0	123320.5	114367.5	106492.5	99023.5	91494.5	84276.5	76869.0	68865.5	61470.5	53716.0	45834.5	38764.0	31968.5	25937.0	20358.0	15496.0	11672.5	8613.5	6158.5	4265.0	2882.5	1939.5	1242.0	769.5	473.5	271.0	159.5	95.0	46.0	18.5	11.0	7.5	3.0	2.0	1.5	0.5	0.0	0.0	0.0	0.0	0.0	0.0	0.0	0.0
PD_157S_2_bbduk_polyg_filt	0.0	0.5	1.0	0.5	0.5	0.5	0.0	3.5	7.0	12.5	28.5	54.5	97.0	181.5	302.0	454.0	710.5	1131.0	1693.0	2480.5	3576.5	5114.5	7185.5	9911.5	13404.0	17566.5	22539.0	28315.5	35109.5	42632.0	50784.5	59908.0	69633.5	79878.0	91244.5	103845.5	117161.5	130954.5	145096.0	159670.5	173724.0	186403.0	197591.5	207147.5	214785.0	219003.0	219864.0	218040.0	213493.5	206432.0	197821.5	187921.0	176859.0	165596.5	154443.0	143851.0	133427.0	123638.5	115237.5	107443.5	99581.0	92111.5	84864.0	77491.5	70002.5	61945.5	53736.0	46359.5	39276.5	32374.0	26186.0	20528.5	15810.5	11885.5	8614.5	6203.0	4349.5	2896.0	1874.5	1235.0	805.0	476.0	265.5	148.0	100.5	58.5	27.0	10.5	3.0	3.0	2.5	2.0	1.0	0.0	0.0	0.0	0.0	0.0	0.0	0.0	0.0
PD_158P_1_bbduk_polyg_filt	0.0	1.0	1.5	1.0	2.0	2.5	4.5	7.0	10.5	16.0	32.0	63.0	115.0	198.5	328.5	520.5	898.5	1466.5	2169.0	3255.5	4762.5	6744.0	9326.5	12450.5	16563.0	21480.0	27304.0	34419.0	42707.0	51820.0	61868.0	73633.0	86939.0	101173.5	117077.0	135378.5	154202.5	172739.5	192197.5	211424.0	228914.5	244397.5	257378.5	266004.0	269053.5	268247.5	263162.0	252227.0	237511.0	221046.0	203192.0	184352.5	165265.0	147874.5	132331.0	119031.0	108730.0	100384.0	93323.0	87767.0	82999.0	78159.5	73483.0	67786.0	61548.5	55248.5	48383.5	41657.5	34948.0	28583.5	22871.5	17890.0	13703.5	10056.0	7198.0	5117.5	3568.0	2418.0	1599.5	1022.5	639.5	388.0	231.5	131.5	65.0	30.5	11.0	7.5	4.0	3.0	2.0	0.5	0.0	0.0	0.0	0.0	0.0	0.0	0.0	0.0	0.0
PD_158P_2_bbduk_polyg_filt	0.0	0.0	1.0	1.5	2.5	3.5	3.5	4.0	6.0	15.5	37.0	64.5	112.5	176.0	308.0	558.0	919.5	1439.0	2215.5	3251.5	4681.5	6619.5	9175.0	12299.5	16182.5	21152.0	27130.5	34094.0	42155.5	51015.0	60989.0	72638.0	85521.0	99446.5	115717.5	133288.5	151703.0	171031.5	190436.0	209760.0	227480.5	243155.0	256162.5	264859.5	269257.5	268832.0	263211.5	253378.5	239163.0	222686.0	204979.5	185874.0	167296.5	149771.5	133812.0	120487.5	109615.5	100932.0	94474.5	88984.5	83797.0	79105.5	73939.5	68210.0	62068.0	55504.5	48629.0	41803.5	35145.0	28756.5	23107.5	18143.0	13764.5	10134.0	7344.0	5217.5	3636.0	2476.5	1613.5	1011.0	642.0	410.0	243.0	134.5	66.5	29.0	14.0	9.5	5.5	2.0	1.0	1.0	0.5	0.0	0.0	0.0	0.0	0.0	0.0	0.0	0.0
PD_159S_1_bbduk_polyg_filt	0.0	0.0	0.0	0.0	0.0	0.0	0.0	0.0	0.0	1.5	10.0	25.0	57.5	106.0	202.5	371.5	684.0	1183.5	1853.5	2814.5	4175.0	5978.5	8337.0	11381.5	15088.0	19622.5	25041.5	31244.0	38630.5	47338.0	56905.5	67529.0	79733.5	93163.0	107933.0	124234.0	141099.0	158247.5	176449.0	194879.5	211948.5	227248.5	240601.0	251463.0	258919.0	262308.0	261354.0	256116.0	247376.0	235635.0	221191.5	205071.5	188603.0	172255.0	156339.5	141919.0	128929.5	117571.0	108061.0	99532.0	91993.5	84955.5	77915.5	71086.5	63868.5	56554.0	49567.0	42407.0	35291.0	28910.0	23139.5	17888.0	13552.0	10043.0	7200.5	5010.5	3421.5	2351.0	1586.5	995.5	648.0	413.0	233.5	127.0	59.5	34.5	21.5	8.5	3.0	1.5	1.0	0.5	0.0	0.0	0.0	0.0	0.0	0.0	0.0	0.0	0.0
PD_159S_2_bbduk_polyg_filt	0.0	0.0	0.0	0.5	0.5	0.0	0.5	2.0	2.5	4.5	15.0	29.0	55.0	119.0	206.0	366.5	682.5	1177.5	1851.5	2801.0	4142.5	5996.5	8292.5	11199.5	14884.5	19242.5	24511.0	30913.5	38070.0	46223.0	55973.0	66799.0	78559.0	91718.0	106358.0	122068.5	138805.0	156401.5	174219.5	192186.5	209926.5	226153.0	240133.0	251275.0	258810.0	262716.5	262325.5	257355.0	249197.5	237645.5	223387.0	207380.0	190221.5	173577.0	157555.0	142824.0	129740.0	118662.0	109221.0	100495.5	92751.0	85687.5	78543.0	71344.5	64431.0	57217.5	49683.5	42400.0	35685.0	29354.0	23224.5	17836.0	13501.5	10009.0	7237.0	5095.0	3487.5	2371.0	1583.0	1017.0	647.0	418.5	251.5	135.5	69.5	35.0	20.5	12.5	4.5	1.0	1.0	0.5	0.0	0.0	0.0	0.0	0.0	0.0	0.0	0.0	0.0
PD_15P_1_bbduk_polyg_filt	1.0	0.5	1.0	1.5	0.5	1.5	4.5	7.0	9.5	11.0	18.0	38.0	68.5	127.0	201.5	335.0	537.5	829.0	1290.0	1923.0	2719.0	3824.0	5349.5	7161.5	9324.0	12183.5	15580.0	19268.0	23509.5	28135.5	33228.5	39320.0	46120.5	53261.5	61357.0	70065.5	78641.0	87873.5	98322.5	109042.0	118790.5	127591.5	135875.0	142894.5	148116.5	151176.5	152361.0	151782.5	149442.0	145905.5	141501.0	135816.5	129409.5	122969.0	115994.5	108821.0	101788.0	95443.0	89216.0	83298.5	78229.0	72902.5	67693.0	62382.0	56672.5	50943.5	44662.0	38955.5	33745.5	28264.5	22981.0	18366.5	14480.5	11117.0	8328.5	5972.0	4217.5	3013.0	2021.0	1264.5	797.5	508.0	314.0	191.5	103.0	48.5	24.5	16.5	10.0	7.0	4.5	1.5	0.0	0.5	0.5	0.0	0.0	0.0	0.0	0.0	0.0
PD_15P_2_bbduk_polyg_filt	3.0	2.5	2.0	1.0	0.0	0.5	3.5	5.5	8.0	12.0	17.5	31.0	65.0	118.0	198.0	335.5	536.5	846.0	1276.0	1891.5	2716.0	3731.0	5192.0	7001.5	9349.0	12285.5	15377.0	18916.5	23107.0	27867.5	33131.5	39124.5	45824.0	52793.0	60721.5	69381.5	78460.0	88150.0	97895.0	108078.5	117985.5	126905.5	135388.5	142708.5	148035.0	151006.0	152109.0	151801.0	149833.5	146343.5	141646.5	136159.0	129941.0	123072.5	116097.0	109261.0	102823.5	96244.0	89830.5	83955.0	78271.5	72948.0	67728.0	62479.0	56830.0	50888.0	44855.0	39255.0	33818.0	28223.5	22985.0	18524.5	14648.5	11111.5	8377.5	6089.0	4204.5	2956.5	2026.0	1340.5	838.0	508.0	303.5	176.5	113.0	63.5	33.5	15.5	9.5	7.0	3.0	1.0	0.5	0.0	0.0	0.0	0.0	0.0	0.0	0.0	0.0
PD_160P_1_bbduk_polyg_filt	0.0	0.0	0.5	0.5	0.5	1.5	3.5	7.5	20.0	37.5	57.0	113.5	215.5	344.5	551.0	928.0	1487.5	2244.0	3277.0	4616.5	6303.5	8391.0	10933.0	14073.5	17608.5	21489.5	25855.5	30592.5	35762.0	41452.5	47837.5	54417.0	61173.0	68731.5	76986.0	85746.0	95286.5	105399.5	115864.0	126620.0	137215.0	147219.0	156138.5	164554.0	171837.5	177581.5	182319.0	185523.0	187847.0	189618.0	190347.5	190012.5	188705.5	187319.5	185768.5	184575.5	183696.5	182963.5	181777.5	179471.5	176591.5	171081.0	162425.0	151158.5	137873.0	123381.0	106859.5	90114.0	74477.5	59159.5	45232.5	33823.5	24500.5	17212.5	11909.0	7865.0	5137.5	3336.5	2154.5	1353.5	776.5	460.0	289.0	174.0	88.5	38.5	21.0	12.5	6.0	2.5	1.5	0.5	0.5	0.5	0.0	0.0	0.0	0.0	0.0	0.0	0.0
PD_160P_2_bbduk_polyg_filt	0.0	0.0	0.5	0.5	0.5	1.5	5.5	11.0	21.5	34.0	66.5	123.5	195.0	323.0	578.5	967.0	1505.5	2220.5	3202.5	4583.5	6351.0	8529.5	11093.5	13983.5	17481.5	21345.0	25411.5	30399.5	35718.5	41041.5	46861.5	53368.0	60432.0	67676.0	76014.5	85022.5	94202.5	104064.0	114569.5	125711.5	136236.5	146220.0	156090.5	164514.5	171592.0	178103.5	182398.0	185771.0	188812.5	189928.5	190148.0	190435.5	189485.0	187716.5	186746.5	185999.0	185091.0	184026.0	182648.0	180544.5	176744.5	170701.5	163103.0	152568.0	138737.0	123519.5	107170.0	90378.5	74243.0	58864.0	45067.0	33811.0	24635.5	17332.0	12012.5	7909.5	5127.0	3391.5	2142.0	1322.0	801.0	454.0	286.0	169.5	89.0	52.0	28.5	14.0	8.0	3.0	0.5	0.0	0.5	0.5	0.0	0.0	0.0	0.0	0.0	0.0	0.0
PD_161S_1_bbduk_polyg_filt	0.0	0.0	0.0	0.5	0.5	0.0	0.0	0.0	0.0	0.0	1.5	5.0	7.5	14.5	21.5	26.0	34.5	43.5	63.0	90.0	119.5	160.5	210.0	278.0	325.0	370.5	436.5	527.5	637.0	723.0	804.5	898.5	1013.0	1142.0	1288.5	1431.0	1591.0	1741.0	1843.5	2000.0	2123.0	2192.0	2237.5	2254.0	2277.0	2293.5	2255.5	2206.0	2184.5	2107.5	2040.5	2001.5	1992.5	1939.5	1822.5	1738.5	1729.5	1732.5	1681.0	1604.0	1513.5	1434.5	1356.0	1239.0	1129.0	1018.5	898.5	796.0	652.0	505.0	399.0	314.0	245.0	182.0	125.0	87.0	59.0	38.0	24.0	13.0	9.5	5.5	2.5	0.5	0.0	0.0	0.0	0.0	0.5	1.0	0.5	0.0	0.0	0.0	0.0	0.0	0.0	0.0	0.0	0.0	0.0
PD_161S_2_bbduk_polyg_filt	0.0	0.0	0.0	1.5	1.5	0.0	1.0	1.0	0.5	2.0	1.5	3.5	10.0	11.0	12.5	27.0	39.0	51.5	80.5	95.0	125.5	157.0	206.5	280.0	343.5	400.5	453.0	533.0	624.0	736.5	838.5	949.5	1014.5	1111.5	1314.5	1442.0	1583.5	1736.5	1801.5	1906.0	2056.0	2158.0	2192.0	2196.0	2178.5	2188.5	2184.0	2087.0	2071.5	2110.5	2034.5	1953.0	1946.0	1909.5	1843.5	1801.0	1783.5	1729.0	1688.0	1659.5	1602.0	1517.5	1353.0	1237.0	1177.5	1057.5	925.5	821.5	698.5	552.0	445.0	372.5	287.0	205.0	139.0	103.0	74.0	52.5	35.0	16.5	10.5	6.0	2.5	1.0	0.5	0.5	1.5	1.0	0.0	0.0	0.0	0.0	0.0	0.0	0.0	0.0	0.0	0.0	0.0	0.0	0.0
PD_162P_1_bbduk_polyg_filt	1.0	0.5	0.5	1.0	1.0	3.5	6.0	9.0	12.5	18.5	47.0	91.0	156.5	259.0	413.5	674.0	1061.0	1557.0	2289.0	3247.0	4548.0	6320.0	8417.5	11001.0	14138.5	17729.0	22072.5	27223.5	33153.0	39656.0	46730.0	54520.0	63371.5	72751.0	82987.5	94345.0	106354.0	119097.5	131623.5	144186.5	156750.0	168141.5	178041.5	186052.5	191322.5	194232.5	194906.5	193085.0	188944.0	183598.0	177390.5	169881.0	161398.5	152614.5	143574.0	134678.0	126396.5	117800.5	109614.5	102134.0	94534.5	87457.5	80608.5	73218.5	65548.5	57591.0	50144.5	43236.5	36172.5	29597.5	23860.0	18674.0	14100.0	10443.5	7540.0	5238.0	3621.0	2468.0	1556.5	940.0	584.0	365.5	223.0	120.5	65.5	36.0	18.5	7.5	4.0	3.5	3.0	1.0	0.0	0.0	0.0	0.0	0.0	0.0	0.0	0.0	0.0
PD_162P_2_bbduk_polyg_filt	0.0	0.0	1.5	2.0	2.0	3.5	4.0	7.5	14.0	26.5	38.5	77.0	149.5	259.0	404.5	629.0	984.0	1500.0	2268.5	3257.5	4470.5	6101.0	8264.0	10927.0	14101.5	17709.5	21774.0	26890.5	32975.0	39366.0	46434.0	53988.0	62606.0	72127.5	82412.0	93577.0	105327.0	118096.0	130662.5	143211.5	155638.5	167014.0	177354.0	186193.0	191862.0	194789.0	195144.0	193312.0	190055.5	184426.5	177524.0	170188.5	162413.0	153674.5	144653.0	136322.5	127604.0	118581.0	110259.0	102239.5	94848.5	87792.0	80630.0	73340.0	65803.5	58150.5	50462.5	43215.5	36130.5	29379.0	23550.5	18394.0	13949.5	10315.0	7449.0	5326.0	3659.0	2389.0	1501.5	965.0	618.0	375.5	225.0	140.0	81.0	47.0	21.5	8.5	5.0	3.5	3.0	1.0	0.0	0.0	0.0	0.0	0.0	0.0	0.0	0.0	0.0
PD_163S_1_bbduk_polyg_filt	0.0	0.0	0.0	0.0	0.5	1.0	6.0	11.0	13.0	21.0	37.0	80.5	147.5	261.5	473.0	776.0	1212.0	1834.0	2725.5	3858.0	5392.5	7430.5	10069.0	13175.0	16832.5	21354.0	26203.5	31872.0	38693.5	45885.5	54098.5	63410.5	73043.0	83452.5	95259.5	108176.5	121964.5	135615.0	149540.0	164698.0	179643.0	193108.5	204737.0	214439.5	221216.0	225253.0	226344.5	224398.5	220962.0	214721.5	206543.5	198002.5	188496.5	178599.0	168274.5	158269.5	149882.0	142385.0	134713.5	127182.5	119710.5	112401.0	104948.0	96401.0	87506.0	78161.0	68129.5	58498.5	49271.0	40497.5	32431.5	25611.5	19637.5	14392.5	10518.5	7473.0	5079.0	3412.5	2220.5	1401.0	897.5	559.5	335.0	190.5	89.0	43.5	30.5	18.5	8.0	2.5	0.5	0.0	0.0	0.0	0.0	0.0	0.0	0.0	0.0	0.0	0.0
PD_163S_2_bbduk_polyg_filt	0.0	0.5	1.0	1.0	2.0	3.5	5.5	8.0	12.0	19.0	36.5	75.5	141.5	254.0	419.5	689.0	1130.5	1756.0	2627.5	3792.0	5304.0	7194.5	9639.0	12781.0	16443.5	20604.0	25440.0	30877.0	37511.5	44886.5	52642.5	61265.0	70878.0	81542.0	93099.5	105580.5	118861.5	132901.5	147532.5	162707.5	176839.5	189798.5	202332.5	212602.5	219812.0	224591.0	226602.0	225797.5	222087.0	215979.5	208656.5	200382.0	190555.5	180143.0	170596.0	161505.5	153091.0	145018.5	137068.0	129147.5	121581.5	114113.5	106084.5	97762.5	88530.5	78934.0	69199.0	59423.5	50227.0	41445.5	32966.5	25613.5	19714.0	14774.5	10838.5	7698.0	5340.5	3582.0	2297.5	1439.0	895.0	562.5	323.5	181.5	102.0	55.5	33.0	17.5	7.0	2.0	1.0	0.5	0.5	0.5	0.0	0.0	0.0	0.0	0.0	0.0	0.0
PD_164P_1_bbduk_polyg_filt	0.0	0.0	0.0	0.0	0.5	1.0	2.0	3.0	9.5	17.0	32.5	59.5	99.0	156.5	251.5	407.5	640.0	890.5	1220.5	1785.5	2592.0	3601.0	4859.5	6522.5	8614.0	11049.5	13892.0	17350.5	21393.5	25978.0	31041.5	36529.5	42828.5	49662.0	56974.0	65108.0	73460.5	82504.0	92163.0	101579.5	110854.5	119210.5	126430.0	132777.5	137847.0	140547.5	141134.0	140199.0	137875.5	134719.0	130675.5	125801.5	120691.5	115802.0	110540.5	105956.0	102443.0	99203.0	96583.5	94011.5	91041.5	87994.0	83992.5	78493.5	72473.0	66148.5	58759.0	51018.5	43456.5	36085.5	28975.0	22586.0	17236.5	12698.0	9186.0	6499.0	4437.5	2900.0	1878.0	1208.5	744.5	436.5	270.0	155.0	86.0	42.5	20.0	9.5	3.0	0.5	1.5	2.5	1.0	0.0	0.0	0.0	0.0	0.0	0.0	0.0	0.0
PD_164P_2_bbduk_polyg_filt	0.0	0.0	0.0	0.0	0.5	2.5	2.5	2.0	9.5	21.0	32.5	51.0	84.5	143.5	247.0	391.5	589.0	843.0	1216.5	1820.5	2591.0	3534.0	4848.0	6463.0	8502.0	10965.5	13800.5	17339.5	21333.5	25572.0	30649.0	36396.0	42540.5	49393.5	56864.0	64590.5	72973.0	81871.5	91561.5	101044.5	110125.0	118806.0	126320.5	133058.0	137721.0	140078.0	141222.5	140534.5	138139.5	134763.5	130418.0	125595.5	120560.5	115852.0	111142.0	106858.5	103090.0	99797.0	96917.0	94062.0	91347.5	88006.0	84186.0	79602.0	73488.0	66630.0	58695.5	50931.5	43543.0	36071.5	29005.5	22588.5	17367.0	12809.5	9194.5	6450.0	4388.0	2951.5	1942.0	1230.0	736.5	436.0	251.0	149.5	99.5	55.5	24.5	11.0	4.5	2.0	2.0	2.5	1.0	0.0	0.0	0.0	0.0	0.0	0.0	0.0	0.0
PD_165S_1_bbduk_polyg_filt	0.0	0.0	0.5	1.0	1.5	4.0	6.0	8.0	21.0	38.0	54.0	96.5	170.5	298.0	473.0	715.5	1112.0	1615.5	2352.5	3350.5	4681.5	6487.5	8627.5	11503.5	15008.0	19005.5	23880.5	29158.5	35300.5	42534.5	50078.0	58568.5	68200.0	78240.5	90100.0	103215.5	116566.0	130893.0	145995.0	161508.5	176753.5	191744.0	205857.5	217758.5	226927.0	233088.5	237203.5	238549.5	237562.0	235152.0	231194.5	225126.5	218072.0	211396.5	204290.0	196956.5	189645.5	182243.0	173768.5	164103.0	154005.0	143575.0	132007.5	118945.0	106077.5	93557.0	80255.5	67974.0	56856.0	46366.0	36964.0	28886.5	22004.0	16370.5	11941.0	8433.5	5784.0	3863.5	2530.0	1605.0	977.5	586.0	358.5	219.5	116.0	53.5	23.0	11.0	7.5	5.0	3.5	1.0	0.0	0.0	0.0	0.0	0.0	0.0	0.0	0.0	0.0
PD_165S_2_bbduk_polyg_filt	1.0	1.0	0.5	0.0	2.0	3.5	4.0	7.5	12.5	28.5	60.5	98.5	161.5	273.5	447.0	706.0	1083.0	1554.5	2259.5	3182.0	4491.5	6262.0	8448.5	11169.0	14377.5	18345.0	23037.5	28442.5	34673.5	41233.0	48538.0	57274.0	66530.0	76515.0	87970.0	100442.5	113819.5	128235.5	143040.5	158669.5	174540.5	189801.0	203838.0	215316.5	224731.0	232321.0	237280.0	239106.5	238691.5	235935.5	231973.5	227009.5	220565.5	213642.5	206970.5	199646.5	191892.0	184615.5	176213.0	166737.0	156387.0	145274.5	133552.0	120751.0	107632.5	95024.5	81511.5	68620.5	57533.0	47016.0	37310.0	29083.0	22337.0	16681.0	12156.0	8594.0	5861.5	3889.5	2569.0	1610.5	985.5	603.5	385.0	229.5	123.5	62.5	31.0	20.0	9.0	5.5	4.5	1.5	0.5	0.0	0.0	0.0	0.0	0.0	0.0	0.0	0.0
PD_166_1_bbduk_polyg_filt	0.0	0.0	0.0	0.0	0.0	0.5	1.0	3.5	7.0	13.5	24.0	44.5	86.0	138.0	241.0	379.0	575.0	870.0	1270.0	1857.5	2652.0	3711.5	5101.0	6780.5	8812.5	11463.0	14736.5	18448.0	22630.5	27489.5	33090.0	38913.5	45543.5	53246.5	61781.5	70664.5	80450.5	91020.5	101519.0	112425.5	123201.5	133523.5	143022.5	150973.5	156240.0	159634.0	161804.5	161283.0	158383.0	154493.5	149737.0	143649.5	137120.5	130819.0	124675.0	119816.0	116611.0	114129.0	111443.0	108402.0	105849.0	103234.5	99679.0	95079.5	89205.0	82360.5	74688.5	66315.5	57691.0	49156.5	40880.0	33255.5	26278.5	20166.5	15270.5	11189.0	7946.5	5691.5	3848.0	2399.0	1548.5	993.5	593.5	306.5	164.0	83.5	32.0	13.5	5.5	1.0	1.5	2.5	1.0	0.0	0.0	0.0	0.0	0.0	0.0	0.0	0.0
PD_166_2_bbduk_polyg_filt	0.0	0.0	0.0	0.0	0.0	0.5	0.5	1.5	6.0	15.0	29.5	45.0	80.5	139.0	233.5	370.5	537.5	815.0	1196.0	1723.0	2503.5	3488.0	4814.5	6552.5	8520.0	11100.5	14251.0	17883.0	21967.0	26491.0	31994.5	37966.0	44434.0	51733.0	59884.0	68570.0	78024.5	88153.5	98620.5	109818.0	120689.0	130774.0	140269.5	148513.0	154911.5	159241.5	161359.5	161276.0	159084.5	155294.5	150863.5	145769.0	139415.0	132767.0	126960.5	122439.5	118737.5	115414.0	112671.0	110337.5	107762.5	104925.0	101616.0	96867.0	90727.5	83602.0	75463.5	67223.0	58938.0	49929.0	41286.0	33842.5	26886.5	20497.5	15419.5	11291.0	8104.5	5740.0	3917.0	2512.0	1540.0	960.0	554.5	300.5	162.0	85.5	42.5	17.0	7.5	4.0	2.5	2.5	1.0	0.0	0.0	0.0	0.0	0.0	0.0	0.0	0.0
PD_167P_1_bbduk_polyg_filt	0.0	0.0	0.0	0.0	0.5	1.5	1.0	1.0	4.0	6.0	10.0	26.0	46.0	64.0	108.0	206.0	360.5	603.0	947.0	1467.5	2321.5	3501.5	5110.0	7167.0	9828.5	13470.0	17653.5	22180.0	27633.5	33915.0	40594.5	47987.0	56393.5	65507.0	75542.5	86438.0	98293.0	111344.0	123869.0	136497.0	148931.0	160432.0	171623.0	180915.5	188778.5	194838.5	197999.0	198338.5	196312.5	192837.5	188316.0	182511.0	174980.0	166672.5	157367.5	147606.0	138586.5	129222.5	118861.5	108349.0	98655.0	89290.0	79625.0	69858.5	60698.0	52156.5	43774.5	36317.5	29833.5	23835.5	18702.0	14498.0	10944.5	8092.5	5858.5	4095.0	2838.5	1980.0	1347.5	866.0	573.5	366.5	241.5	157.0	85.0	44.0	21.5	14.0	5.5	1.5	1.5	0.5	0.0	0.0	0.0	0.0	0.0	0.0	0.0	0.0	0.0
PD_167P_2_bbduk_polyg_filt	0.0	0.0	0.0	0.0	0.5	2.0	2.0	1.0	2.5	7.5	15.0	22.0	39.0	65.0	106.0	195.5	350.0	579.5	952.0	1464.0	2276.5	3455.5	5025.5	7134.0	9842.0	13216.5	17153.0	21629.0	26950.0	33221.5	39936.0	47397.5	55698.0	64786.0	74988.5	85800.5	97436.5	109739.0	122364.5	135183.5	147742.5	159554.5	170770.5	180331.5	187446.0	193286.0	197091.5	197826.5	196687.5	193883.0	189205.0	183165.5	176275.0	168570.5	159281.5	149535.0	140335.5	130522.0	120253.5	109769.5	99637.0	89802.0	79906.0	70734.5	61667.5	52519.5	43952.0	36533.0	29843.0	23888.5	18740.0	14460.0	10893.5	8053.5	5918.5	4111.0	2827.5	1954.5	1314.0	881.0	572.5	354.0	235.5	143.0	69.0	41.5	26.0	13.5	6.5	2.5	2.0	1.0	0.0	0.0	0.0	0.0	0.0	0.0	0.0	0.0	0.0
PD_169P_1_bbduk_polyg_filt	0.0	0.0	0.0	0.5	1.5	3.5	7.0	18.5	37.5	61.5	101.0	171.5	291.0	486.5	764.5	1137.5	1580.0	2220.5	3044.5	4056.5	5405.0	6961.0	9035.0	11892.5	15140.0	18738.0	23179.5	28576.5	34610.0	41373.0	48786.5	56437.0	64204.0	71799.0	79674.0	87645.0	95531.0	103464.0	111088.0	118710.5	126678.5	134813.0	142740.5	150277.5	157588.0	163772.5	168413.5	172180.5	174812.5	176885.5	177567.0	177067.5	176758.0	176396.0	174809.0	172908.5	171585.0	169858.5	167895.0	165415.0	162359.5	157885.5	151431.5	143642.5	134355.0	123234.0	110787.0	97549.5	84613.5	71970.0	59249.5	47312.0	36867.5	28338.0	21232.0	15316.5	10757.0	7408.0	4987.5	3230.0	2006.0	1196.0	708.5	435.0	241.5	119.0	65.5	40.5	22.0	12.0	7.0	2.5	2.5	1.5	0.0	0.0	0.0	0.0	0.0	0.0	0.0
PD_169P_2_bbduk_polyg_filt	1.0	0.5	0.5	1.0	2.0	6.0	12.5	20.5	37.5	64.5	103.0	163.0	289.5	462.5	728.5	1127.0	1655.5	2278.5	2968.5	3927.0	5286.0	6912.5	8992.5	11747.5	15026.5	18863.5	23483.0	28499.5	34174.0	41055.0	48551.0	55866.0	63748.0	71915.5	79263.0	87089.5	95190.5	102698.0	110378.5	118679.5	126497.5	134230.5	142155.5	149586.5	157026.5	163417.5	168726.0	172733.5	174884.0	176434.0	177843.0	178286.5	177696.0	176612.0	174724.0	173132.5	172130.0	170529.5	168713.5	165990.0	162223.5	158105.0	152580.0	144110.5	134010.5	123214.0	110629.5	97462.0	84683.0	71859.0	59202.0	47554.0	37151.0	28351.5	21188.0	15348.0	10874.5	7544.0	5008.0	3178.5	1979.5	1221.5	726.0	428.5	251.0	133.0	75.0	49.0	28.0	11.0	4.0	4.0	4.0	1.5	0.0	0.0	0.0	0.0	0.0	0.0	0.0
PD_16P_1_bbduk_polyg_filt	5.0	3.5	2.5	2.5	5.5	9.5	14.5	24.0	39.0	63.5	87.5	142.5	269.5	425.0	696.5	1116.0	1659.5	2352.0	3343.0	4671.5	6351.0	8335.0	10774.0	13693.0	16954.5	20694.0	24720.0	29190.5	34104.5	39193.5	44821.5	51100.5	57779.0	64881.0	72812.0	81443.0	90327.0	99607.5	109326.5	119678.5	129585.5	138080.0	146221.0	153077.0	157806.0	160631.5	161382.5	160405.0	157513.0	152945.0	147605.5	141702.5	135624.0	129520.0	123835.0	118974.5	114648.5	110096.5	105531.5	101319.5	96972.0	92535.5	87012.5	80769.0	74125.5	67028.5	59169.0	51414.0	44086.0	36688.0	29898.5	23724.5	18410.5	13880.5	10189.5	7346.5	5228.0	3650.0	2440.0	1573.5	1027.5	660.0	384.0	220.0	127.5	67.5	36.5	23.0	12.0	3.5	1.5	1.0	0.0	0.0	0.0	0.0	0.0	0.0	0.0	0.0	0.0
PD_16P_2_bbduk_polyg_filt	3.0	2.5	4.5	4.0	4.5	15.0	19.0	23.0	37.0	53.5	90.5	155.5	245.0	408.0	706.5	1117.5	1643.5	2402.0	3357.5	4593.0	6293.0	8347.5	10716.0	13626.0	16902.0	20474.0	24547.0	28872.5	33880.0	39109.0	44684.5	51021.5	57555.0	64291.0	71971.0	80747.0	89660.0	99086.0	109159.5	119055.5	128345.5	137378.0	145921.5	152397.5	157243.5	160605.5	161682.0	160696.0	157835.5	153093.5	147912.5	142504.5	136423.5	130215.5	124306.5	119164.0	114638.5	110600.5	106078.0	101707.5	97596.5	92687.5	87332.0	81288.5	74494.0	67510.5	59699.5	51846.5	44382.5	36903.5	29994.0	23881.5	18561.5	14007.0	10296.0	7401.5	5230.0	3638.5	2472.5	1644.0	1063.0	669.0	402.5	230.5	139.0	77.0	36.5	18.5	11.5	10.0	5.5	0.5	0.0	0.0	0.0	0.0	0.0	0.0	0.0	0.0	0.0
PD_170S_1_bbduk_polyg_filt	3.0	2.5	2.0	1.5	2.5	3.5	2.5	4.0	10.0	22.5	47.5	87.0	169.0	276.0	448.0	739.5	1152.0	1767.0	2546.5	3695.5	5161.5	6900.5	9203.0	11995.0	15235.5	18970.0	23137.0	27777.5	32863.5	38442.5	44792.0	51372.5	58206.5	65652.0	73772.0	83149.5	92948.0	102781.5	113254.5	123758.0	133861.5	143607.0	152291.5	158992.0	163992.0	167319.0	168431.5	167571.5	165022.0	161630.0	157641.5	152628.5	146711.5	140991.0	135528.5	130677.0	126212.5	121877.0	117627.0	112832.0	107698.0	101981.0	95911.0	88785.5	81114.0	72862.5	63892.5	54974.5	46342.5	38467.5	31179.0	24681.0	19146.0	14416.5	10524.5	7430.5	5120.0	3540.0	2398.0	1501.5	908.5	551.0	323.5	188.5	102.5	51.0	35.5	23.0	11.0	5.0	1.0	0.0	0.0	0.0	0.0	0.0	0.0	0.0	0.0	0.0	0.0
PD_170S_2_bbduk_polyg_filt	3.0	1.5	2.0	3.0	2.5	4.0	4.5	7.0	13.0	22.0	43.5	80.0	140.0	253.0	444.0	760.5	1177.0	1791.0	2636.0	3702.5	5103.0	7043.5	9256.0	11890.0	15020.5	18745.0	23144.5	27614.0	32566.0	38243.5	44172.5	50604.5	57630.5	65026.5	73394.5	82026.0	91351.5	101727.0	111948.0	122310.5	132655.5	142310.5	150828.5	157727.5	163101.5	166714.5	168379.0	168038.0	165854.0	162485.0	158241.5	153406.0	147780.0	142198.0	136845.0	131565.0	127303.0	123265.0	118819.5	113951.0	108482.0	102581.5	96458.0	89520.0	81601.5	73017.0	63885.0	55188.0	46697.5	38586.0	31371.0	24835.0	19136.5	14292.5	10476.0	7568.0	5280.5	3619.5	2436.0	1542.5	932.5	554.0	317.5	187.0	116.0	66.5	35.5	20.0	14.5	6.5	1.0	0.0	0.0	0.0	0.0	0.0	0.0	0.0	0.0	0.0	0.0
PD_171P_1_bbduk_polyg_filt	0.0	0.0	0.0	0.0	0.0	1.5	1.5	4.5	8.0	14.5	32.0	60.0	105.0	187.5	317.0	470.5	754.0	1196.5	1812.0	2718.5	3924.5	5478.0	7651.0	10644.0	14191.0	18562.5	23901.5	30129.5	37437.5	45409.5	54348.0	64605.5	76231.0	88637.5	102069.5	117325.5	133709.5	151236.0	169554.5	187961.0	206166.0	222540.0	236672.0	248514.0	256328.0	259286.0	258702.5	253478.0	243646.5	231353.0	216798.5	199725.5	181225.5	163555.5	146522.5	131053.0	117603.5	105957.0	95985.0	87715.0	80805.5	73999.0	67797.5	62045.5	56218.5	50124.5	43490.0	37401.5	31684.5	25848.0	20688.5	16112.0	12230.0	9034.0	6460.5	4500.0	2977.0	1929.5	1234.0	778.5	489.0	286.5	159.0	89.5	56.0	30.5	17.5	9.5	4.5	4.5	4.0	1.0	0.0	0.0	0.0	0.0	0.0	0.0	0.0	0.0	0.0
PD_171P_2_bbduk_polyg_filt	0.0	0.0	0.0	0.0	0.5	1.0	3.5	6.0	6.5	13.0	25.5	58.5	118.5	184.5	293.0	451.5	734.0	1126.0	1704.5	2581.0	3764.0	5425.5	7600.0	10305.0	13764.5	18131.0	23090.5	29161.5	36531.0	44204.0	52916.0	62984.5	74286.5	86543.5	100057.5	114990.5	130836.5	147895.0	166279.0	185327.5	203241.0	219776.5	234611.5	246820.0	255782.0	259747.0	258889.0	254690.0	246666.5	234536.5	219891.5	202776.0	183899.0	166095.0	149199.0	132996.0	119132.0	107387.5	97307.5	88905.5	81897.5	75374.5	69089.5	63189.5	56966.5	50842.5	44521.5	38051.5	31983.5	26208.5	20957.5	16417.0	12475.0	9103.5	6536.0	4581.0	3050.5	1982.5	1227.5	743.0	455.5	295.0	171.0	84.5	53.0	35.5	18.0	11.5	8.0	2.0	1.5	1.0	0.5	0.5	0.0	0.0	0.0	0.0	0.0	0.0	0.0
PD_172S_1_bbduk_polyg_filt	0.0	0.5	1.0	1.0	1.0	4.0	7.0	12.5	24.0	41.5	82.5	152.0	240.0	371.0	569.5	877.5	1307.0	1841.0	2528.0	3378.5	4479.5	5836.0	7469.0	9392.0	11530.0	14070.5	16951.5	20306.5	24099.5	27973.0	31869.5	36212.0	40860.5	45894.0	51447.0	56945.0	62631.5	68412.0	74616.5	80807.0	86186.0	91225.5	96005.5	99685.5	102209.0	103833.0	104710.0	104775.5	103928.5	102806.0	100884.5	98449.5	96259.5	94715.5	92762.5	91087.5	90570.5	90085.0	90026.0	89473.0	88265.5	87049.0	84476.0	80262.5	75087.5	69007.0	62056.0	54569.5	47116.5	39422.5	31832.5	25100.5	19135.0	14051.5	10180.0	7158.0	4789.5	3161.0	1999.5	1177.5	684.0	387.0	212.0	119.5	59.5	35.5	19.5	6.5	3.5	2.5	0.5	0.0	0.0	0.0	0.0	0.0	0.0	0.0	0.0	0.0	0.0
PD_172S_2_bbduk_polyg_filt	0.0	0.5	2.0	2.5	1.0	3.0	7.0	11.5	23.0	48.5	78.5	124.5	222.5	376.5	575.5	887.0	1303.0	1787.5	2409.5	3296.5	4465.0	5832.5	7435.0	9310.0	11514.0	14163.5	17192.0	20198.0	23619.0	27509.5	31505.0	35967.5	40582.0	45293.5	50740.0	56444.0	62234.0	68140.5	73936.0	80071.0	85703.0	90947.5	95748.5	99122.0	101861.0	104029.0	104860.5	104824.0	104060.5	102790.0	101314.5	99240.5	96746.5	94497.5	92992.5	92051.0	91271.5	90579.5	90059.0	89503.5	88705.5	87396.0	84544.5	80458.5	75490.0	69462.5	62463.0	55019.5	47243.5	39333.0	31932.5	25072.0	19261.0	14361.5	10283.5	7156.5	4935.0	3224.5	1995.5	1247.5	734.5	403.0	226.5	128.0	53.0	28.0	20.0	9.0	5.5	4.0	1.0	0.0	0.0	0.0	0.0	0.0	0.0	0.0	0.0	0.0	0.0
PD_173P_1_bbduk_polyg_filt	3.0	6.0	11.0	10.5	7.5	9.0	12.5	18.0	38.5	78.5	151.0	271.5	473.0	818.5	1420.0	2345.5	3507.0	4963.5	6946.5	9451.0	12297.5	15615.5	19302.0	23369.0	27899.0	32668.0	37722.0	42767.5	47746.0	52877.5	57904.0	62819.0	67516.0	72327.0	77694.0	82888.0	87953.0	93439.0	99018.0	104945.0	111336.5	117598.5	123575.0	129371.5	134446.5	138737.0	142145.5	144861.0	147264.5	148237.5	148293.0	148189.0	147749.0	147035.0	145518.0	144543.0	143976.5	143146.0	141255.0	138244.5	134725.0	129497.0	123001.5	115083.5	106201.0	96468.5	85523.5	74793.5	64373.5	53867.0	43854.5	34945.5	27413.0	20819.0	15401.5	11161.0	7842.0	5416.5	3593.5	2347.5	1504.0	918.0	549.5	312.5	194.5	112.5	57.0	29.5	11.5	3.5	1.0	1.0	0.5	0.5	1.0	0.5	0.0	0.0	0.0	0.0	0.0
PD_173P_2_bbduk_polyg_filt	1.0	7.0	11.5	8.5	8.5	9.5	10.0	18.0	30.5	67.0	137.5	253.5	477.0	880.0	1471.5	2312.5	3469.5	4924.0	6871.5	9338.0	12252.0	15578.0	19440.5	23638.5	27886.0	32328.5	37370.5	42803.0	47790.0	52670.5	57831.0	62471.0	67027.0	71805.5	76550.5	81835.5	87062.5	92498.5	98542.5	104617.5	110796.5	116947.0	123010.5	129155.5	134564.0	138982.0	142320.0	144940.0	147338.0	148503.0	148635.5	148584.0	148711.0	147822.5	145985.5	145286.0	145211.0	143909.0	141264.0	138795.0	135157.5	129875.5	123448.0	115287.5	106491.0	96825.0	86011.5	74949.5	64127.5	53668.5	44009.5	35187.5	27350.5	20763.5	15364.5	11101.0	7792.0	5353.0	3628.0	2366.5	1489.0	911.5	530.5	317.5	182.5	102.5	59.5	30.5	12.5	3.0	1.0	1.0	0.5	0.5	1.0	0.5	0.0	0.0	0.0	0.0	0.0
PD_174S_1_bbduk_polyg_filt	0.0	0.0	0.0	0.0	0.0	0.5	1.0	3.5	12.5	26.5	53.0	95.5	158.5	268.5	430.0	678.5	989.0	1419.5	2052.5	2886.0	4005.0	5558.0	7580.0	10201.5	13488.5	17502.5	22392.0	27951.0	34682.0	42614.0	50977.5	59509.5	68741.0	78879.5	90077.0	101854.5	114001.0	126849.0	139154.0	151262.5	162489.0	171683.5	179330.5	184485.5	188000.0	189614.0	187887.5	184235.0	179542.0	172795.0	164748.5	156254.5	147299.5	138621.0	130333.5	122170.5	114820.0	108216.5	101595.5	95223.5	88909.5	82756.5	76642.5	69715.5	62373.5	55394.0	48267.0	41469.0	35042.5	28739.0	23182.0	18181.0	13833.0	10347.0	7461.0	5224.5	3586.5	2464.5	1647.0	1030.5	623.5	384.0	232.5	115.5	66.0	38.0	17.5	8.5	2.5	1.0	1.5	0.5	0.0	0.0	0.0	0.0	0.0	0.0	0.0	0.0	0.0
PD_174S_2_bbduk_polyg_filt	0.0	0.0	0.0	1.0	2.0	3.0	3.0	6.0	12.5	24.0	46.5	84.0	150.5	266.5	426.5	680.5	967.5	1359.5	2062.5	2874.0	3940.0	5496.0	7503.5	10093.0	13323.5	17402.5	22240.0	27826.0	34616.5	42021.5	50311.5	59252.0	68457.5	78635.5	89733.0	101391.5	113712.0	126443.0	138898.5	150740.5	161767.5	171678.0	179232.5	184018.5	187218.5	189136.0	188457.5	184673.0	179373.0	173307.5	165588.5	157092.0	148240.0	139259.5	130527.0	122471.5	115407.5	108817.0	102359.0	96022.0	89781.5	83190.0	76246.0	69379.0	62377.0	55637.5	48498.5	41246.0	34761.5	28509.5	22958.0	18005.5	13709.0	10121.0	7360.0	5292.0	3606.5	2365.0	1570.5	1003.0	584.0	328.0	198.5	120.5	74.5	45.5	18.5	6.0	3.0	2.5	1.5	0.5	0.0	0.0	0.0	0.0	0.0	0.0	0.0	0.0	0.0
PD_175P_1_bbduk_polyg_filt	0.0	0.0	1.0	1.0	0.0	1.0	3.0	4.0	6.0	14.0	26.0	43.0	70.5	109.0	195.5	333.0	523.5	798.0	1205.5	1791.0	2629.5	3771.0	5188.0	6976.0	9308.0	12099.0	15377.5	19084.0	23458.0	28212.0	33304.0	39264.5	45755.0	52857.5	61060.5	70124.0	79897.5	89849.0	100077.0	110793.5	121512.0	131636.0	140930.5	148674.5	154331.0	158533.5	160465.5	159982.0	157121.0	152334.0	146566.5	139732.0	132628.5	125466.5	117824.0	110412.5	104002.0	97841.0	91877.0	86734.0	81689.0	76874.0	72335.0	67519.5	62106.5	56164.5	49425.0	43065.0	37226.0	30962.0	24978.0	19800.5	15519.5	11858.5	8838.0	6381.5	4448.0	3062.5	2028.0	1305.5	870.5	564.5	341.0	184.5	102.5	57.0	25.0	11.0	7.5	4.0	2.0	1.0	0.5	0.0	0.0	0.0	0.0	0.0	0.0	0.0	0.0
PD_175P_2_bbduk_polyg_filt	0.0	0.0	0.0	0.0	1.0	1.0	0.5	2.5	11.0	14.0	22.0	41.0	65.0	109.5	199.5	342.0	539.5	775.5	1095.5	1692.5	2658.5	3823.5	5173.5	6963.0	9185.5	11988.0	15287.5	19045.5	23266.0	27812.5	33108.5	39144.5	45670.0	52511.5	60362.0	69525.0	79403.5	89168.5	99348.5	110297.5	121131.0	131577.5	140828.5	148178.5	154202.5	158512.5	160054.0	159528.0	157041.0	152404.0	146931.0	140432.0	133041.0	125707.0	118396.5	111185.0	104404.5	97965.0	92213.0	87328.5	82162.0	77368.0	73000.5	68097.5	62502.0	56300.0	49582.5	43294.5	37165.5	30695.5	24830.0	19854.0	15522.0	11845.0	8918.5	6427.0	4487.0	3070.5	2057.5	1339.5	807.5	501.0	312.5	190.5	106.5	58.5	32.5	14.5	7.5	5.0	2.0	0.5	1.0	0.5	0.0	0.0	0.0	0.0	0.0	0.0	0.0
PD_176S_1_bbduk_polyg_filt	1.0	1.5	1.0	0.5	3.0	3.5	6.0	13.5	34.0	61.0	105.0	170.0	289.0	514.5	877.0	1359.0	2038.5	3039.5	4232.0	5629.5	7589.5	10045.5	12729.0	15909.5	19701.5	23819.0	28523.5	33833.5	39437.5	45698.5	52336.5	59503.0	67598.0	76372.0	86217.5	97160.0	108300.5	119938.5	132491.5	145392.0	157440.5	168473.5	178375.0	185830.5	190801.0	193329.5	193323.0	190491.5	185341.5	179053.0	171875.0	163274.0	154555.5	146442.0	139130.0	133196.0	127939.0	123414.0	119042.0	114910.5	110816.0	106132.0	101088.5	94440.5	86791.5	78442.0	68961.0	59552.5	50468.5	42010.0	34004.5	26840.0	20588.5	15237.0	11192.5	7976.5	5569.5	3775.0	2419.5	1584.5	1005.0	596.0	363.0	215.5	114.5	55.5	30.5	16.5	7.5	2.5	1.0	0.5	0.0	0.0	0.0	0.0	0.0	0.0	0.0	0.0	0.0
PD_176S_2_bbduk_polyg_filt	1.0	1.0	1.0	0.5	3.0	4.5	6.0	12.0	32.5	56.0	104.5	181.0	298.0	511.0	846.0	1312.0	1999.0	2924.5	4079.5	5518.5	7519.0	9910.0	12542.0	15734.5	19329.5	23443.5	28145.0	33304.0	39198.0	45227.0	51524.0	58806.0	66802.0	75573.5	85139.5	95676.5	106887.5	118252.5	130431.5	142970.0	155180.5	166417.5	176599.5	184858.0	189966.0	193137.0	193328.5	190597.5	186297.0	179984.5	172789.5	164456.0	156032.5	148246.0	140385.5	134300.0	129340.0	124999.5	120736.0	116089.5	111796.5	107307.5	101789.0	94934.5	87597.0	79225.5	69866.5	60602.0	51350.0	42535.5	34381.0	27037.0	20605.0	15351.0	11331.5	8027.0	5545.0	3785.0	2513.5	1657.0	1042.0	650.5	386.5	207.5	118.5	63.5	35.5	19.5	8.5	3.0	1.5	0.5	0.0	0.0	0.0	0.0	0.0	0.0	0.0	0.0	0.0
PD_177P_1_bbduk_polyg_filt	0.0	0.0	0.0	0.0	0.0	0.5	0.5	1.0	3.0	5.5	13.0	25.5	38.0	65.5	121.5	209.0	361.0	578.5	917.5	1431.5	2095.5	3127.5	4582.0	6376.0	8626.5	11297.0	14580.0	18468.0	22903.5	27672.5	32752.5	38978.5	45952.5	53327.0	61136.0	69972.5	80031.5	90364.5	101122.0	112033.0	122567.5	132767.5	142044.0	148975.5	154450.0	158161.5	159095.0	157676.5	153875.0	148358.5	140789.0	132168.5	123427.5	113988.0	104847.5	96844.5	89695.0	83550.5	78632.0	74390.0	70516.5	66899.5	63454.0	60057.0	55685.0	50834.5	45963.0	40580.0	34999.5	29598.0	24540.0	19678.5	15192.0	11430.5	8425.0	6061.5	4220.5	2874.5	1924.5	1195.0	708.5	419.5	244.5	129.0	59.5	31.0	18.5	8.5	1.5	0.5	0.5	0.0	0.0	0.0	0.0	0.0	0.0	0.0	0.0	0.0	0.0
PD_177P_2_bbduk_polyg_filt	0.0	0.0	0.0	0.0	0.0	0.5	0.5	1.5	3.5	4.5	10.0	25.0	42.5	63.5	113.5	191.0	338.0	555.5	849.0	1370.0	2090.5	3054.0	4435.0	6198.0	8372.5	10998.5	14212.0	17957.0	22219.5	26970.0	32067.0	37981.0	44685.5	51955.0	60236.0	69122.0	78706.0	88870.0	99145.5	110154.0	121526.5	131902.5	141177.0	149537.5	155352.5	158227.5	159467.0	158340.0	154801.5	149122.0	141557.0	132814.0	124234.0	115706.0	106314.5	97741.5	90682.5	84663.0	79375.0	74960.0	71209.5	67879.5	64574.0	60814.5	56372.5	51663.0	46321.5	40722.0	35203.5	29652.5	24541.0	19710.0	15216.0	11425.0	8346.5	5925.5	4181.5	2860.0	1862.0	1146.0	712.0	435.5	249.5	125.5	56.5	25.5	14.5	8.0	3.5	1.0	0.5	0.0	0.0	0.0	0.0	0.0	0.0	0.0	0.0	0.0	0.0
PD_178S_1_bbduk_polyg_filt	0.0	0.0	0.0	1.5	1.5	0.5	1.0	4.0	13.0	30.5	55.5	91.0	151.0	257.0	409.0	643.5	972.5	1434.0	2027.0	2970.0	4220.5	5841.5	7830.5	10241.0	13439.5	17215.0	21617.0	26600.0	32428.0	39265.0	46873.0	55079.5	64241.5	74755.5	86319.0	98740.0	112364.5	127140.5	142714.0	158249.5	173552.0	188933.0	203101.5	215124.5	224597.0	231241.0	234003.0	233640.5	231108.5	225255.5	217163.5	207976.0	197824.5	187156.0	177257.0	168380.5	160400.0	154397.0	149040.0	144011.0	139251.5	134102.0	128699.5	121819.5	113425.5	104266.5	94168.0	83627.5	72690.5	61357.0	50380.5	40365.0	31634.0	24013.5	17741.5	12885.5	9065.5	6039.0	3918.0	2516.5	1563.0	900.0	491.0	293.5	147.5	67.5	35.0	17.0	13.5	6.5	2.5	1.5	0.5	0.0	0.0	0.0	0.0	0.0	0.0	0.0	0.0
PD_178S_2_bbduk_polyg_filt	0.0	0.0	0.0	0.5	1.5	2.5	3.0	5.0	9.0	24.5	51.5	83.0	142.5	252.0	410.0	641.0	958.5	1457.0	2068.5	2950.0	4247.5	5725.5	7756.0	10332.5	13339.5	16839.0	21209.0	26287.0	32100.5	39088.0	46382.5	54698.0	64077.0	74137.5	85553.5	97799.0	110861.0	124881.5	139967.5	156226.5	172333.0	187437.0	201548.0	213578.5	223254.0	230854.0	234453.5	234443.0	232069.5	226760.0	219127.5	209227.0	198777.5	188520.5	178854.5	170164.5	162042.5	155446.0	149548.5	144820.5	140384.0	134936.0	128808.0	121755.5	114162.0	105133.0	94670.0	83874.0	72626.5	61449.0	50594.0	40611.5	31763.0	24024.5	17686.5	12624.0	8902.0	6062.0	3916.5	2470.0	1545.5	922.5	515.0	279.0	151.5	73.5	36.5	21.0	13.0	6.0	2.0	1.0	0.5	0.0	0.0	0.0	0.0	0.0	0.0	0.0	0.0
PD_179P_1_bbduk_polyg_filt	1.0	0.5	1.5	1.5	2.0	4.0	6.0	13.5	23.0	50.5	119.5	242.5	402.5	634.0	997.0	1415.5	2032.5	2915.5	3958.0	5338.5	7169.0	9570.5	12342.5	15971.0	20322.5	24980.5	30470.5	36582.0	43390.5	50911.5	58835.5	67163.5	75907.5	85328.5	95889.0	106709.5	117957.0	129923.0	142153.5	154655.5	166382.5	177110.0	187516.0	197037.0	203898.5	208895.0	213450.5	215777.0	216414.0	216850.5	215681.0	212908.0	209292.5	203239.5	194323.0	183891.0	171651.5	157670.0	142312.5	126667.0	111704.0	97395.0	84040.5	72079.0	61371.5	52064.0	43674.5	36510.5	30288.5	24475.0	19602.0	15161.0	11388.0	8394.5	6070.5	4246.0	2898.5	1907.5	1252.5	810.0	474.5	276.0	183.5	108.5	50.0	27.0	14.5	7.0	4.5	2.5	0.5	0.0	0.0	0.0	0.0	0.0	0.0	0.0	0.0	0.0	0.0
PD_179P_2_bbduk_polyg_filt	2.0	2.0	2.0	2.0	1.5	2.5	4.5	15.5	25.5	57.0	127.0	222.5	371.5	628.5	984.0	1425.0	2023.5	2853.0	3977.0	5365.0	7110.5	9472.0	12294.0	15872.5	20144.0	24867.5	30135.0	35987.5	42679.5	50028.0	57777.5	66282.5	75669.0	84959.5	94821.5	105584.0	116822.5	128505.0	140446.0	152927.0	165336.0	177004.5	187440.5	196300.0	203474.0	209201.0	213166.0	215733.5	217339.5	217362.5	216584.0	214409.0	210470.0	204444.0	195300.0	184486.5	172403.0	158318.5	143099.0	127470.0	112378.0	98209.0	84682.5	72538.0	61986.5	52626.0	44195.0	37051.0	30651.5	24754.5	19660.0	15240.0	11468.0	8416.5	6132.0	4266.5	2896.0	1964.5	1249.5	773.5	490.0	298.0	170.5	106.0	58.0	24.5	14.5	9.0	6.0	2.5	0.5	0.0	0.0	0.0	0.0	0.0	0.0	0.0	0.0	0.0	0.0
PD_180S_1_bbduk_polyg_filt	0.0	0.0	0.0	0.0	0.0	0.0	0.0	1.0	2.5	12.0	23.5	55.5	101.0	163.0	291.5	490.5	816.0	1284.5	1858.0	2688.5	3967.0	5684.0	7829.5	10566.0	14120.0	18355.5	23356.0	29222.5	36130.5	44147.0	53127.5	63080.5	73638.0	84961.5	97326.0	110470.0	124857.0	139440.0	153179.5	166794.0	180093.5	191152.0	199315.0	205524.0	208466.0	207458.5	203404.5	196075.0	186278.0	175433.0	164002.5	151428.0	138717.0	127457.5	117017.5	107672.5	100210.0	93688.0	87527.5	82141.0	76776.5	71204.0	65581.5	59496.5	53284.0	47073.0	40738.0	34730.0	28913.0	23387.0	18604.5	14498.0	10962.5	7929.5	5651.5	4065.0	2805.5	1875.5	1223.0	794.5	506.0	320.5	194.0	114.5	63.5	36.5	20.5	11.5	3.0	1.0	0.5	0.5	1.0	0.5	0.0	0.0	0.0	0.0	0.0	0.0	0.0
PD_180S_2_bbduk_polyg_filt	0.0	0.5	1.0	0.5	0.5	0.5	0.5	1.5	3.5	11.5	29.0	51.0	88.5	162.0	289.5	464.0	777.0	1244.5	1777.5	2604.0	3967.0	5573.0	7492.0	10330.5	13809.5	17782.5	22915.5	28834.0	35666.0	43612.0	52123.5	61785.0	72283.5	83323.5	95497.0	108902.5	123434.0	137814.5	151630.0	165919.0	178664.0	189810.0	199250.5	205532.5	208546.0	207965.0	204157.5	197292.0	187976.5	177212.0	165472.5	152786.0	140562.0	128764.0	117864.0	108698.0	101143.5	94568.5	88375.0	82823.5	77155.0	71602.0	66209.5	60327.0	53880.0	47341.0	40973.0	34731.5	28740.0	23558.5	18766.0	14367.0	11028.5	8098.0	5672.0	3954.0	2743.5	1893.0	1228.0	736.5	469.5	305.5	190.5	106.5	58.5	34.5	22.0	13.5	5.0	1.5	0.5	0.5	1.0	0.5	0.0	0.0	0.0	0.0	0.0	0.0	0.0
PD_181P_1_bbduk_polyg_filt	1.0	2.5	3.0	2.5	2.5	2.5	6.5	13.0	23.5	48.5	113.0	216.5	394.5	694.5	1169.0	1921.0	3081.0	4697.5	6777.5	9415.0	12646.5	16498.5	21007.0	26368.5	32199.5	37772.0	43620.5	49914.5	56525.5	63188.0	69492.0	76416.5	83821.0	91443.5	99804.0	108966.5	118730.0	128566.5	138391.0	148192.5	157124.0	164806.5	171395.0	175815.5	176628.0	175844.5	173890.5	169537.5	164016.0	157664.0	151254.0	144844.5	138756.0	133310.5	128369.0	124384.5	121333.0	118629.0	115446.0	112136.5	108794.0	104991.0	99972.0	93341.0	86180.0	78264.0	69498.5	60920.0	52087.0	43324.5	35450.5	28398.0	22077.5	16766.0	12663.5	9335.0	6707.5	4670.5	3127.5	2028.0	1309.0	871.0	538.0	318.5	179.5	93.0	46.5	25.0	13.0	7.5	5.5	2.5	0.0	0.0	0.0	0.0	0.0	0.0	0.0	0.0	0.0
PD_181P_2_bbduk_polyg_filt	0.0	2.0	2.5	2.0	2.5	2.5	5.5	11.0	16.5	46.5	109.5	219.5	390.0	679.5	1134.5	1893.5	2979.0	4533.5	6584.0	9173.0	12455.5	16190.0	20702.5	26148.5	31700.0	37270.5	43128.5	49269.5	55560.5	61839.0	68263.0	74983.5	82303.5	89680.5	97438.5	106820.0	116578.0	126514.5	137176.0	147324.5	156658.0	164035.5	170175.0	175007.5	177132.5	176884.0	174754.5	170966.0	165371.5	158843.5	152469.0	146454.0	140422.0	134437.5	129602.0	126082.5	122547.0	119353.0	116808.5	113707.5	110173.5	105639.0	100225.5	94327.0	87167.5	78934.5	69853.5	61087.5	52452.0	43837.5	35725.0	28327.0	22032.0	16927.5	12718.0	9244.5	6645.0	4708.5	3268.0	2132.5	1350.0	880.5	535.5	304.5	186.0	113.0	54.0	24.5	9.5	6.0	6.0	2.5	0.5	1.0	0.5	0.0	0.0	0.0	0.0	0.0	0.0
PD_182S_1_bbduk_polyg_filt	0.0	0.0	0.0	0.0	0.5	0.5	0.5	0.5	0.0	0.0	0.5	1.0	3.5	3.5	2.5	6.0	11.5	20.5	28.5	40.0	56.0	76.5	109.0	146.0	193.5	244.0	309.5	406.5	491.0	575.5	683.5	815.0	922.0	1027.5	1160.5	1311.5	1512.5	1731.0	1884.5	2073.5	2259.5	2310.5	2425.5	2564.0	2603.5	2613.5	2605.5	2522.0	2385.0	2280.5	2162.5	2055.5	1916.5	1713.5	1580.5	1460.5	1329.5	1174.5	1056.0	1033.0	976.0	889.5	904.5	924.0	832.5	720.5	637.0	583.0	494.0	388.0	349.5	296.0	209.5	163.0	127.0	85.5	51.5	37.0	25.5	12.5	10.0	6.0	2.0	3.0	2.0	1.0	1.0	0.0	0.0	0.0	0.0	0.0	0.0	0.0	0.0	0.0	0.0	0.0	0.0	0.0	0.0
PD_182S_2_bbduk_polyg_filt	0.0	0.0	0.0	0.0	0.5	0.5	1.0	1.5	1.0	0.5	0.0	1.5	3.0	3.0	5.0	6.5	11.5	25.0	30.0	34.5	54.0	73.5	99.0	137.0	190.0	258.5	325.0	406.0	490.0	576.0	699.0	804.5	900.5	1010.0	1161.5	1390.0	1574.5	1668.0	1849.0	2102.0	2232.0	2324.5	2430.0	2464.0	2512.5	2573.0	2528.5	2404.5	2271.5	2227.0	2163.0	1997.5	1820.0	1657.5	1567.0	1449.5	1318.0	1247.5	1177.5	1096.5	1041.0	973.0	900.5	874.5	869.5	831.5	722.5	629.0	565.0	460.5	346.0	282.0	236.5	192.5	139.5	88.5	63.0	45.5	33.0	20.5	9.0	7.0	6.5	2.5	2.5	2.5	0.5	0.0	0.0	0.0	0.0	0.0	0.0	0.0	0.0	0.0	0.0	0.0	0.0	0.0	0.0
PD_183P_1_bbduk_polyg_filt	0.0	0.0	0.0	0.0	0.5	1.5	5.0	10.5	15.0	31.0	46.5	66.5	122.0	213.0	328.5	504.0	752.0	1109.0	1662.5	2512.5	3699.5	5249.5	7368.5	10123.5	13573.5	17743.5	22833.5	29162.0	36476.0	44494.0	53976.0	64640.0	76026.0	88874.5	103239.5	119313.0	136209.5	153051.0	170670.0	189437.0	207255.0	223409.5	238609.0	250996.0	259689.5	265749.0	268573.5	267557.5	263565.0	256187.5	246462.0	234788.5	222417.5	210745.0	198314.5	186552.0	177323.0	169816.5	163093.5	156675.5	150795.5	145738.0	140994.5	135267.0	127547.0	118271.5	107517.0	96273.0	84525.0	71899.5	60216.0	49312.5	38739.0	29707.5	22254.5	16214.0	11472.0	7821.0	5201.0	3349.5	2098.0	1290.0	769.5	413.5	200.5	92.0	37.5	18.0	7.5	2.5	1.5	0.0	0.5	1.0	0.5	0.0	0.0	0.0	0.0	0.0	0.0
PD_183P_2_bbduk_polyg_filt	0.0	0.0	0.0	0.5	2.5	3.0	4.0	9.0	17.5	28.0	44.0	68.5	115.0	195.0	306.5	462.5	747.5	1163.5	1678.0	2451.0	3587.5	5049.5	7246.0	10063.0	13450.0	17700.0	22652.5	28777.0	36009.5	44113.5	53564.5	63873.0	75258.5	88027.0	102279.0	117752.5	134208.0	151878.5	169888.5	187730.0	205388.0	222298.5	236806.0	249378.5	259903.5	265918.0	267856.5	267587.0	264244.0	257346.5	248159.0	236940.5	224438.0	211581.0	199431.5	188758.5	178947.5	170760.0	164038.5	157843.5	151981.0	146789.0	142061.5	135992.5	128374.5	119005.0	107745.0	96236.5	84410.0	72182.0	59888.5	48457.5	38529.0	29529.0	22026.0	15867.0	11110.0	7712.5	5195.0	3411.0	2146.5	1285.0	760.5	424.0	212.0	91.0	40.0	17.5	8.5	4.5	1.5	0.5	0.5	0.0	0.0	0.0	0.0	0.0	0.0	0.0	0.0
PD_184S_1_bbduk_polyg_filt	0.0	0.0	0.0	0.0	0.0	0.0	0.0	2.0	5.0	8.5	17.5	35.0	72.0	149.0	249.5	440.0	795.5	1378.5	2222.5	3404.0	5037.5	7197.0	10194.5	14357.5	19743.0	26369.0	34158.0	43749.0	55126.0	68008.5	83090.0	99695.5	117685.0	137623.0	159605.0	183226.0	207295.0	231297.0	255710.5	279343.5	301376.5	321827.0	338463.5	350226.0	356916.5	357832.0	352280.0	341343.5	326232.0	306414.0	284262.0	260423.5	235039.5	210747.5	188494.5	168338.0	150742.0	136489.0	124324.0	113897.5	104881.5	96374.5	88707.5	80880.0	72691.5	64640.0	56383.5	48430.5	40820.0	33408.0	26530.5	20390.0	15256.0	11075.0	7858.5	5448.0	3589.0	2309.5	1488.5	895.5	504.5	293.5	171.0	83.5	49.5	28.0	15.0	10.5	5.0	1.5	1.0	1.0	0.5	0.0	0.0	0.0	0.0	0.0	0.0	0.0	0.0
PD_184S_2_bbduk_polyg_filt	0.0	0.0	0.0	1.5	1.5	0.5	1.5	2.0	2.0	6.0	20.0	43.5	87.5	155.0	260.5	441.0	803.5	1355.5	2108.0	3310.5	4885.0	7097.5	10113.0	14161.0	19402.0	25975.5	33899.5	43283.5	54428.5	67498.5	82147.5	98329.5	116341.5	135951.5	157689.5	180399.5	204280.0	229549.5	253814.5	277636.5	301062.5	321681.0	338647.0	350405.0	356542.5	357797.5	353293.5	342740.5	327112.5	307133.5	284728.0	261371.5	237056.5	213066.0	190003.0	169133.5	151932.0	137938.0	125731.0	114870.0	105749.0	97321.0	89478.0	81699.5	73290.0	65341.0	57099.5	48608.5	40606.0	33138.5	26232.0	20197.5	15315.0	11262.0	8045.5	5520.0	3661.5	2371.0	1478.0	885.5	531.5	306.5	162.5	102.5	64.5	26.0	13.5	9.5	5.0	2.5	1.0	1.0	0.5	0.0	0.0	0.0	0.0	0.0	0.0	0.0	0.0
PD_188S_1_bbduk_polyg_filt	0.0	0.0	0.5	0.5	1.0	1.5	0.5	4.5	12.0	22.5	41.5	71.0	138.5	226.0	366.5	587.5	888.5	1361.5	1964.0	2717.5	3824.5	5152.5	6918.0	9177.5	11921.5	14939.0	18255.5	22274.5	26703.0	31657.5	37286.0	43581.0	50467.5	57760.5	66172.5	75672.5	85778.0	96240.0	106434.0	117497.0	128656.0	138455.0	147533.0	155185.5	160212.5	163044.0	163830.0	162217.5	158541.0	152941.0	146316.0	138241.5	129565.0	121775.5	114298.5	107087.0	100287.5	94809.5	90149.5	85282.5	80678.0	76451.0	72206.0	67443.0	62196.0	56739.5	51041.5	45001.0	39013.0	33075.0	27022.0	21684.5	17098.0	12874.0	9272.0	6585.0	4612.0	3070.0	1985.0	1262.5	755.0	424.5	243.0	139.0	70.5	39.0	29.0	17.0	7.0	2.0	0.0	0.5	0.5	0.0	0.0	0.0	0.0	0.0	0.0	0.0	0.0
PD_188S_2_bbduk_polyg_filt	0.0	0.0	0.0	1.0	1.5	1.0	0.5	3.5	8.5	21.0	45.0	76.0	136.5	226.5	333.0	556.0	904.5	1299.5	1876.5	2657.0	3687.0	5104.0	6840.5	8978.0	11544.5	14514.5	18002.5	21950.5	26536.0	31363.5	36448.0	42439.0	49217.5	57092.5	65550.5	74315.5	84193.5	94542.5	105330.5	116743.5	127757.0	137614.5	146446.5	153898.0	159450.0	162925.5	163646.0	162080.5	158749.0	153570.5	147196.0	139798.5	131244.5	122590.5	115000.5	108155.5	101646.0	95590.0	90704.5	86312.5	81550.0	77075.5	72761.5	68184.0	63227.5	57768.5	51482.0	45370.0	39410.0	33228.0	27368.5	21920.0	17038.0	12880.0	9492.0	6749.0	4731.0	3209.0	2024.5	1233.5	740.0	440.0	258.0	160.0	86.5	43.0	22.5	10.0	6.0	4.0	1.5	1.5	1.0	0.0	0.0	0.0	0.0	0.0	0.0	0.0	0.0
PD_189P_1_bbduk_polyg_filt	0.0	0.0	0.0	0.0	0.5	1.0	0.5	2.0	6.0	9.0	15.0	35.0	66.0	108.5	222.0	421.5	675.5	1078.0	1701.5	2564.0	3743.0	5411.5	7670.0	10403.5	13669.0	17724.5	22438.0	27906.0	34223.5	41111.0	48908.0	57337.0	66501.5	76602.5	87755.0	100547.0	114024.0	127194.0	140593.0	154163.0	167538.0	179040.5	187725.5	193441.5	195868.0	196084.5	193360.0	187832.0	179796.0	169993.0	160060.0	149785.0	139150.0	129279.0	120299.0	112658.0	106364.5	100489.0	94917.5	90330.0	86189.5	81661.0	76991.5	71685.0	65910.5	59861.0	53159.0	46583.5	40136.5	33524.5	27708.0	22385.0	17562.5	13494.5	10155.0	7471.5	5357.5	3780.5	2548.5	1672.0	1055.0	634.0	393.0	244.0	141.5	82.5	43.5	16.5	9.5	5.5	2.0	1.5	0.5	0.0	0.0	0.0	0.0	0.0	0.0	0.0	0.0
PD_189P_2_bbduk_polyg_filt	0.0	0.0	0.0	0.0	0.0	0.0	0.5	1.5	3.0	10.5	17.0	32.5	62.5	113.0	215.5	408.0	651.5	1053.5	1697.5	2521.0	3668.5	5289.5	7405.5	10148.0	13439.5	17334.5	22130.5	27576.5	33642.5	40268.0	47679.0	55962.0	65153.0	74838.5	85813.5	98602.0	111856.5	125142.0	138997.5	153300.0	166568.5	177978.5	187089.0	193524.0	197090.5	197342.0	194592.0	188970.5	181000.0	171591.5	161637.0	151161.5	140247.5	130640.0	121732.5	113721.0	107111.0	101301.0	96086.0	91305.5	87033.5	82484.0	77426.0	72099.0	66132.5	59802.5	53606.5	47130.5	40383.0	33841.0	27725.0	22218.5	17446.5	13407.0	10176.0	7511.5	5329.0	3678.5	2448.0	1638.0	1070.5	652.5	399.0	275.0	158.0	72.5	43.5	25.0	12.5	6.5	3.0	2.5	1.0	0.0	0.0	0.0	0.0	0.0	0.0	0.0	0.0
PD_190S_1_bbduk_polyg_filt	0.0	0.0	1.0	1.5	2.0	2.0	3.0	7.0	16.0	36.5	59.0	95.0	178.0	298.0	478.0	763.0	1117.5	1543.0	2174.5	3043.5	4161.0	5644.0	7494.5	9772.5	12623.5	16107.5	20144.5	24651.5	29860.0	35733.0	41949.5	48917.0	56548.0	64306.5	73294.5	83456.0	93676.5	104121.5	115072.0	126574.0	137482.5	147703.5	157865.0	166238.0	172415.5	176503.5	177676.5	176952.0	174056.0	168893.0	162566.0	155079.0	147180.0	139139.5	131359.0	124849.0	118806.5	113880.0	110029.5	106712.5	103200.0	99065.5	94953.0	89612.0	82915.5	74767.5	66404.5	58389.5	49561.5	40733.0	33080.5	26331.5	20237.5	14975.0	10925.0	7815.0	5286.0	3618.0	2449.0	1551.5	935.5	586.0	352.0	181.0	97.0	59.5	29.0	12.0	8.0	4.5	1.0	0.0	1.0	1.5	0.5	0.0	0.0	0.0	0.0	0.0	0.0
PD_190S_2_bbduk_polyg_filt	0.0	0.0	0.0	0.5	2.5	3.5	2.5	8.0	23.5	30.0	44.0	95.5	189.5	308.5	448.5	690.0	1018.5	1420.0	2068.0	2964.5	4162.5	5635.5	7326.5	9562.5	12393.0	15805.0	19799.0	24223.5	29360.5	35096.0	41220.5	48265.0	55855.5	63749.5	72689.0	82478.5	92694.5	103451.0	114152.0	125072.5	136517.0	147358.0	157063.5	165147.0	171458.0	176268.0	178239.0	177266.5	174649.0	169938.5	163512.5	156362.5	148138.0	139631.0	132243.5	125524.5	119861.0	114986.5	110725.0	107555.0	103890.5	99614.0	95563.5	90027.0	83211.5	75733.5	67106.0	58580.5	49950.0	41146.5	33280.0	26380.0	20183.0	15007.5	10880.5	7706.5	5330.0	3623.0	2374.0	1476.0	908.5	572.0	355.5	184.5	89.0	45.0	20.0	9.0	6.0	3.0	1.0	0.5	1.0	1.5	0.5	0.0	0.0	0.0	0.0	0.0	0.0
PD_192S_1_bbduk_polyg_filt	0.0	0.0	0.0	0.0	0.0	0.0	0.0	0.0	0.0	0.0	0.5	1.0	0.5	1.0	1.0	1.5	3.5	6.0	8.0	7.0	11.5	23.5	27.5	26.5	19.5	19.5	30.5	27.5	31.5	41.5	40.0	41.0	47.0	44.5	43.0	39.5	42.5	53.0	52.5	58.0	62.0	61.5	63.0	64.5	68.0	60.5	56.0	59.5	49.5	53.0	64.5	61.0	48.5	46.0	53.0	50.5	48.5	46.5	45.5	43.0	36.5	35.0	27.0	19.0	28.0	30.0	22.0	17.0	15.0	16.0	11.5	6.0	4.0	4.0	5.5	5.0	2.5	2.0	2.0	1.0	0.5	0.0	0.0	0.0	0.0	0.0	0.0	0.0	0.0	0.0	0.0	0.0	0.0	0.0	0.0	0.0	0.0	0.0	0.0	0.0	0.0
PD_192S_2_bbduk_polyg_filt	0.0	0.0	0.0	0.0	0.0	0.0	0.0	0.0	0.0	0.0	0.5	1.5	1.0	0.5	1.0	2.0	4.5	6.5	6.0	7.0	10.5	15.5	24.5	31.0	31.5	28.5	32.0	34.0	27.0	29.0	34.5	42.5	47.5	43.5	50.0	46.0	35.0	41.0	51.0	63.5	69.0	57.0	52.5	60.0	68.5	63.0	54.0	64.5	62.0	56.0	57.5	58.5	55.5	49.0	49.0	46.5	45.0	48.0	46.5	44.0	37.5	32.5	29.0	22.0	23.0	28.5	25.0	14.5	13.0	15.0	11.0	7.0	9.0	8.5	4.5	3.5	3.5	2.0	1.5	1.5	0.5	0.5	0.5	0.0	0.0	0.0	0.0	0.0	0.0	0.0	0.0	0.0	0.0	0.0	0.0	0.0	0.0	0.0	0.0	0.0	0.0
PD_193P_1_bbduk_polyg_filt	0.0	0.0	0.0	0.0	0.0	0.5	2.5	9.5	21.0	42.0	81.0	140.0	236.5	422.0	702.5	1109.0	1740.0	2590.5	3735.5	5193.0	7083.5	9559.0	12559.5	16270.5	20567.5	25661.5	31782.5	38394.0	45809.0	53694.5	61793.5	70275.0	79271.0	88505.5	98316.5	108668.5	118603.0	128727.5	139209.5	149381.0	159289.0	168522.0	177060.0	184544.5	190325.5	194577.5	196235.0	195977.0	193532.0	189223.5	183822.5	176865.0	169008.0	160432.0	151712.5	143247.5	135303.0	127754.0	120060.0	113111.5	106709.5	99988.5	92978.5	85262.0	76856.5	68028.5	58828.5	49968.0	41612.0	33628.5	26602.5	20378.0	15130.0	11098.5	8025.5	5649.5	3787.5	2491.0	1678.0	1081.5	643.5	383.0	235.5	141.0	78.5	43.5	18.0	10.5	5.0	1.5	0.5	0.0	0.0	0.0	0.0	0.0	0.0	0.0	0.0	0.0	0.0
PD_193P_2_bbduk_polyg_filt	0.0	0.0	0.0	0.0	0.0	0.5	3.5	7.5	16.5	36.5	75.0	128.5	223.0	402.0	666.0	1082.5	1711.5	2495.0	3554.5	5073.0	6994.0	9388.0	12280.0	15946.5	20449.5	25572.5	31419.5	37999.0	45040.5	52729.0	61044.0	69593.5	78423.5	87728.0	97272.5	106995.5	117223.0	127508.0	137558.5	148066.5	158044.5	167386.5	176108.0	183016.5	188983.0	194042.5	196196.0	195560.0	193542.5	190171.0	184885.0	178375.5	170595.5	162061.5	153765.5	144834.0	136415.5	128626.0	121440.0	114701.0	107888.5	101341.0	94279.0	85934.0	77344.5	68706.0	59394.0	50368.0	41854.0	33840.0	26743.0	20669.5	15435.5	11142.5	8017.0	5596.0	3763.5	2520.0	1674.0	1114.0	697.5	403.0	229.0	145.5	79.5	37.5	18.0	8.0	5.5	1.5	0.0	0.0	0.0	0.0	0.0	0.0	0.0	0.0	0.0	0.0	0.0
PD_194S_1_bbduk_polyg_filt	0.0	0.0	0.0	0.0	0.5	0.5	0.0	1.0	3.5	7.0	17.5	42.0	77.0	139.5	225.5	351.0	518.5	780.0	1184.0	1734.0	2499.5	3570.0	4821.5	6400.0	8455.0	10858.0	13794.0	17272.5	21202.5	25468.0	30224.0	35824.0	42005.0	48570.5	55740.0	63490.5	71907.5	80532.5	89014.5	97898.5	106794.5	114725.5	121824.5	128455.0	133893.0	137623.5	139388.5	139264.5	137944.5	135875.0	132763.0	128640.5	124083.5	119259.5	114193.5	109472.0	105297.5	101626.0	98451.5	94942.5	91584.0	87740.5	83310.0	78198.5	71647.0	64816.0	57501.0	50166.5	43005.0	35826.0	29135.5	23247.0	18402.5	14149.0	10544.5	7707.5	5551.5	3977.5	2728.5	1792.5	1223.5	803.5	488.0	309.0	183.5	111.5	62.0	37.0	23.0	13.5	6.5	1.0	0.0	0.0	0.0	0.0	0.0	0.0	0.0	0.0	0.0
PD_194S_2_bbduk_polyg_filt	0.0	0.0	0.0	0.0	0.5	0.5	0.0	2.0	5.0	12.5	28.0	49.5	72.5	114.0	208.0	347.5	516.0	754.5	1132.0	1698.0	2457.5	3335.0	4601.5	6245.0	8055.0	10500.5	13424.5	16595.5	20486.5	24855.5	29647.5	35075.0	41066.5	47372.5	54407.5	61943.5	70107.5	78915.5	87523.5	96896.5	105741.5	113448.5	121258.5	128096.5	133323.5	136757.0	138933.0	139963.0	138736.5	136798.5	134158.5	129580.5	124454.5	119889.0	115244.5	110874.0	107197.0	102956.0	98959.0	95684.5	92315.0	88674.5	84235.5	78717.5	72582.5	65814.5	58191.5	50783.5	43523.5	36248.5	29512.0	23518.0	18373.0	14084.5	10648.0	7823.5	5701.5	4032.5	2737.0	1842.5	1201.5	780.5	508.0	323.0	203.5	110.0	57.5	37.0	23.0	11.5	4.0	1.0	0.0	0.0	0.0	0.0	0.0	0.0	0.0	0.0	0.0
PD_195_1_bbduk_polyg_filt	1.0	1.0	1.0	2.0	3.0	8.5	17.0	42.0	100.0	184.5	322.0	561.5	950.5	1473.5	2165.5	3163.0	4471.5	5955.0	7669.0	9841.0	12595.0	15744.5	19402.5	24065.0	29069.5	34369.0	40030.0	46167.0	52804.5	59319.0	65548.5	71163.0	76161.5	80617.5	84687.5	87684.5	90281.5	92880.0	95287.5	98079.5	101249.5	105118.5	109857.5	115089.5	120745.5	126412.0	132418.0	139228.0	145753.0	152106.5	158428.0	164700.5	171026.5	176586.5	181837.0	186439.0	189588.0	192085.0	193087.5	192368.0	190186.5	185364.5	178463.0	168910.5	156698.5	142527.5	126534.5	110099.0	93733.5	77895.5	63351.5	50113.0	38388.5	28918.0	21279.5	15091.5	10470.5	7127.0	4676.0	3011.5	1909.0	1153.0	680.0	404.5	216.5	112.5	59.0	38.0	20.0	10.5	9.0	3.0	0.5	1.0	0.5	0.0	0.0	0.0	0.0	0.0	0.0
PD_195_2_bbduk_polyg_filt	0.0	0.0	3.0	5.0	3.5	6.5	14.5	49.5	108.5	191.0	342.5	597.0	944.5	1470.5	2207.0	3189.0	4394.5	5868.0	7646.5	9751.5	12409.5	15661.5	19472.0	23929.5	28886.5	34272.0	40159.5	46273.5	52743.0	59129.5	64950.0	70477.0	75762.0	80193.0	83797.5	87035.5	89616.5	92171.5	94462.5	96870.5	100272.0	104327.0	108605.5	113365.5	119182.0	125302.0	131926.0	138689.0	145304.5	152201.5	158491.0	164751.0	171226.5	177187.5	182558.0	187116.5	190915.5	193360.0	194450.0	193822.5	190640.5	185771.0	179524.5	169947.0	157368.0	143244.0	127565.0	111359.0	94638.0	78256.5	63349.5	50117.5	38652.5	29077.0	21220.0	15045.5	10600.5	7178.5	4672.0	3043.0	1956.5	1190.5	712.5	417.0	224.5	110.0	67.5	42.0	25.0	14.5	8.0	2.0	0.5	1.0	0.5	0.0	0.0	0.0	0.0	0.0	0.0
PD_196_1_bbduk_polyg_filt	0.0	0.5	1.0	0.5	0.0	0.5	1.0	4.0	14.5	25.0	36.5	63.0	103.0	192.5	335.5	561.0	913.5	1382.5	2134.5	3208.0	4658.0	6561.5	9088.0	12516.0	16545.5	21143.0	26737.5	33452.5	41442.5	50252.0	59644.0	70808.5	83221.5	96068.0	110820.0	126963.0	144196.0	162384.0	181543.5	200743.5	219010.5	236082.5	251172.5	264259.0	273703.5	278015.5	278335.5	275553.0	269150.5	260001.5	249190.5	236895.0	223552.0	211163.5	198320.5	185566.0	173939.5	162191.5	150525.0	139634.5	129692.5	119491.0	109311.0	98639.0	87999.0	78130.0	67920.5	58034.5	48949.0	40070.0	31981.5	24956.0	18908.5	14004.0	9991.5	6924.0	4745.0	3122.5	2019.5	1253.5	756.5	453.5	249.5	147.0	85.5	43.5	19.5	9.5	7.0	4.0	2.0	1.0	0.5	0.0	0.0	0.0	0.0	0.0	0.0	0.0	0.0
PD_196_2_bbduk_polyg_filt	0.0	0.0	0.5	0.5	1.5	2.0	1.0	4.0	12.5	19.5	38.0	73.0	122.5	206.5	354.5	570.0	886.0	1393.5	2144.0	3203.5	4652.0	6493.0	8967.5	12294.0	16308.0	21091.0	26757.5	33107.0	40691.5	49427.0	59117.0	69936.0	81759.5	94585.5	109588.5	126000.5	143031.0	160657.0	179187.5	198677.0	217966.5	235354.5	250325.0	264007.0	273963.5	279050.5	279286.0	275893.5	269914.5	260965.0	250403.0	238127.5	225411.5	212899.5	199652.5	186806.5	174663.5	163094.0	151714.5	140660.0	130265.5	119863.0	109764.5	99551.5	88746.0	78338.5	67790.5	57835.0	48675.5	39981.0	32027.5	24876.0	18887.5	13874.5	9900.0	6944.0	4772.5	3117.0	2001.0	1238.5	742.5	434.5	249.5	144.5	84.0	47.5	23.5	10.5	5.5	3.5	2.5	1.5	0.5	0.0	0.0	0.0	0.0	0.0	0.0	0.0	0.0
PD_197_1_bbduk_polyg_filt	4.0	4.5	3.5	3.5	6.5	11.0	13.5	22.5	44.0	75.0	123.0	224.5	423.5	764.5	1219.0	1924.5	2998.5	4452.5	6447.5	9027.5	12163.5	16054.0	20620.5	25764.5	31383.0	37121.0	42479.0	47978.5	53535.5	58735.0	63766.0	68330.5	72612.0	77001.5	82103.5	87755.5	93924.5	101227.5	109398.5	117810.0	126555.5	135528.0	144329.5	152317.5	159001.0	164630.5	168117.5	170076.5	171693.5	171439.0	169775.0	167649.0	165506.0	162872.5	160303.0	159043.0	157433.0	155634.5	154015.0	152361.5	150129.0	146370.5	141644.5	135748.0	127737.0	117595.0	105686.5	93535.5	81581.5	69190.5	57022.5	45985.5	36270.5	27754.0	20767.0	15210.5	10909.0	7670.5	5228.0	3475.0	2299.5	1427.5	852.5	500.0	283.0	169.0	94.5	47.0	26.0	12.5	6.5	4.5	3.0	1.0	0.0	0.0	0.0	0.0	0.0	0.0	0.0
PD_197_2_bbduk_polyg_filt	5.0	5.0	5.0	7.0	9.5	11.0	15.0	23.0	39.0	72.0	137.0	236.5	426.0	720.0	1150.0	1860.5	2951.0	4404.0	6275.5	8859.5	12144.0	16022.5	20635.0	25915.5	31317.5	36665.5	42072.0	47423.5	52991.0	58294.5	63117.0	67432.5	71766.5	76425.5	81533.0	87321.5	93472.5	100356.5	108318.0	116821.5	126271.5	135472.0	143640.0	151596.5	158351.0	164359.0	168601.0	170601.5	171738.5	171714.5	170565.5	168745.5	166021.0	163359.5	161409.5	159869.0	158528.0	157518.0	156084.0	153529.0	150714.5	146921.5	141820.0	135794.0	127532.5	117331.5	106089.5	93984.0	81428.5	68959.5	56943.5	45847.5	36250.5	27820.5	20755.0	15220.5	10909.5	7573.5	5138.0	3459.0	2285.0	1456.0	886.0	508.5	289.5	172.0	91.5	50.5	29.5	14.0	7.0	4.0	2.5	1.0	0.0	0.0	0.0	0.0	0.0	0.0	0.0
PD_198_1_bbduk_polyg_filt	0.0	0.0	0.0	1.0	1.0	0.5	3.0	5.0	8.5	22.5	43.5	69.5	130.5	218.0	334.5	561.5	857.0	1204.5	1697.5	2506.5	3520.5	4789.5	6456.0	8552.5	11241.5	14300.0	17997.0	22215.0	26988.0	32336.5	38006.5	44379.0	51633.0	59315.5	67319.5	76244.0	85758.5	95772.0	106169.5	116928.5	127162.0	137086.5	146406.0	154158.0	160394.5	164069.0	165016.0	163719.5	160212.0	154645.5	147624.0	139259.0	130470.0	121762.0	113019.0	104807.5	97480.0	91004.0	85027.5	79218.5	73561.5	68468.5	64172.5	59130.5	53738.0	48534.0	42834.5	37017.0	31386.0	26252.0	21371.5	16824.5	12914.0	9675.0	7053.5	4999.0	3389.0	2201.5	1413.5	918.0	566.5	304.5	164.0	102.5	58.5	27.5	9.5	6.5	4.0	1.5	0.5	0.0	0.0	0.0	0.0	0.0	0.0	0.0	0.0	0.0	0.0
PD_198_2_bbduk_polyg_filt	0.0	0.0	1.0	1.0	0.0	0.0	2.0	4.0	12.5	30.0	48.0	68.5	138.0	230.5	384.5	569.5	807.5	1234.0	1821.5	2648.5	3547.0	4784.5	6582.5	8615.5	11186.5	14327.5	18001.0	22053.5	26759.5	32228.5	38193.5	44672.0	51195.5	58399.0	66801.5	75639.0	84686.0	94477.0	104668.5	115829.5	126562.5	136140.5	145282.0	153189.0	159674.0	163738.5	164879.0	163750.0	160840.0	155831.0	148808.0	140586.5	132255.0	123144.5	113735.0	105454.5	98055.5	91253.0	85286.5	79625.0	74257.5	69178.0	64237.0	59347.5	54136.5	48549.5	42785.0	37204.0	31402.0	26042.0	21200.0	16732.0	12876.5	9682.5	7112.0	4990.0	3361.0	2172.5	1418.5	937.0	564.5	333.0	198.0	107.5	57.0	27.0	11.0	5.0	3.5	2.5	0.5	0.0	0.0	0.0	0.0	0.0	0.0	0.0	0.0	0.0	0.0
PD_199P_1_bbduk_polyg_filt	0.0	0.0	0.0	0.0	0.0	0.0	0.0	0.0	0.0	0.0	0.0	0.0	0.0	0.0	0.0	0.0	0.0	0.0	0.0	0.0	0.0	0.0	0.0	0.0	0.0	0.0	0.0	0.0	0.0	0.0	0.0	0.0	0.0	0.0	0.0	0.0	0.0	0.0	0.0	0.0	0.0	0.0	0.5	0.5	0.0	0.0	0.0	0.0	0.0	0.0	0.0	0.0	0.0	0.0	0.0	0.0	0.0	0.0	0.0	0.0	0.0	0.0	0.0	0.0	0.0	0.0	0.0	0.0	0.0	0.0	0.0	0.0	0.0	0.0	0.0	0.0	0.0	0.0	0.0	0.0	0.0	0.0	0.0	0.0	0.0	0.0	0.0	0.0	0.0	0.0	0.0	0.0	0.0	0.0	0.0	0.0	0.0	0.0	0.0	0.0	0.0
PD_199P_2_bbduk_polyg_filt	0.0	0.0	0.0	0.0	0.0	0.0	0.0	0.0	0.0	0.0	0.0	0.0	0.0	0.0	0.0	0.0	0.0	0.0	0.0	0.0	0.0	0.0	0.0	0.0	0.0	0.0	0.0	0.0	0.0	0.0	0.0	0.0	0.0	0.0	0.0	0.0	0.0	0.0	0.0	0.0	0.0	0.0	0.0	0.0	0.0	0.0	0.0	0.0	0.5	0.5	0.0	0.0	0.0	0.0	0.0	0.0	0.0	0.0	0.0	0.0	0.0	0.0	0.0	0.0	0.0	0.0	0.0	0.0	0.0	0.0	0.0	0.0	0.0	0.0	0.0	0.0	0.0	0.0	0.0	0.0	0.0	0.0	0.0	0.0	0.0	0.0	0.0	0.0	0.0	0.0	0.0	0.0	0.0	0.0	0.0	0.0	0.0	0.0	0.0	0.0	0.0
PD_1P_1_bbduk_polyg_filt	0.0	0.0	0.0	0.0	1.0	1.5	1.5	5.0	10.5	24.5	44.5	75.5	129.0	217.5	349.0	547.5	850.5	1267.5	1836.0	2600.5	3586.0	4727.5	6260.0	8275.5	10419.5	12815.0	15494.5	18452.5	21749.5	25347.5	28942.0	32187.5	35748.0	39395.0	42937.0	46934.0	51091.0	55451.0	60576.0	65970.5	71539.0	77655.5	83701.5	90328.0	97041.0	102906.5	108828.0	114714.5	120061.5	125310.5	129787.5	133430.0	137000.5	140228.5	142079.0	143076.5	143450.0	142657.5	141687.5	139747.0	136607.5	132131.5	126384.5	119545.0	111184.0	101932.0	91966.0	82060.5	72374.0	62581.5	53089.0	44219.5	36217.5	29281.0	23278.5	18035.5	13752.5	10140.0	7219.0	5108.0	3542.5	2348.0	1493.0	885.5	497.0	317.5	186.5	78.5	30.5	13.5	10.5	10.5	7.0	3.5	1.0	0.0	0.0	0.0	0.0	0.0	0.0
PD_1P_2_bbduk_polyg_filt	0.0	0.0	0.0	0.5	1.0	1.5	2.5	6.0	11.0	19.5	41.0	79.5	128.5	204.5	346.5	536.0	820.0	1279.0	1854.0	2583.5	3527.0	4782.5	6298.0	8265.0	10490.0	12922.0	15525.0	18258.0	21500.0	25024.0	28682.5	32126.0	35651.5	39228.5	42965.5	47171.5	51190.0	55028.0	59740.0	65400.5	71178.0	77178.0	83594.5	89824.5	96116.0	102924.5	109007.5	114296.0	119598.0	125149.0	129767.0	133663.5	137272.5	139709.0	142036.5	143525.5	143797.0	143641.0	142620.0	140272.0	136470.0	132035.5	126797.0	119577.0	110985.0	102050.0	91998.0	82226.0	72496.5	62710.5	53605.0	44760.5	36522.5	29174.5	23395.0	18197.0	13714.0	10271.5	7445.0	5198.0	3511.0	2310.0	1476.5	896.0	522.5	303.5	161.5	76.0	35.0	16.5	14.5	13.0	6.0	2.5	1.0	0.0	0.0	0.0	0.0	0.0	0.0
PD_200S_1_bbduk_polyg_filt	1.0	2.0	1.5	0.5	1.5	2.0	2.0	3.5	10.5	15.5	34.0	76.0	139.5	265.0	448.5	691.0	1101.5	1667.0	2394.0	3446.0	4832.5	6429.5	8367.5	10899.5	13898.5	17242.5	21263.0	25927.5	30973.0	36849.5	43517.5	50822.5	59046.0	67894.0	77827.0	88883.5	100134.0	112368.5	125542.0	138563.0	151271.5	162699.5	172158.0	180404.5	187047.5	190492.5	190518.5	187937.0	183249.0	177077.5	170410.5	162838.5	155604.5	148736.0	142722.0	138540.0	135124.5	132506.5	130031.0	127966.5	125066.0	120726.5	115675.0	109042.0	100457.5	91145.0	80932.0	70423.0	59949.5	49102.0	39096.0	30566.0	23309.5	17169.5	12380.5	8673.0	5979.0	4032.5	2616.0	1632.5	1020.5	594.5	317.5	181.5	99.5	50.0	23.5	11.0	4.5	2.5	0.5	0.0	0.0	0.0	0.0	0.0	0.0	0.0	0.0	0.0	0.0
PD_200S_2_bbduk_polyg_filt	0.0	0.0	0.0	0.5	1.0	2.0	3.0	3.5	5.5	16.0	36.5	74.5	147.5	263.0	422.5	670.0	1069.0	1642.5	2413.0	3435.0	4704.0	6221.0	8202.0	10600.0	13494.5	17031.5	20897.0	25494.0	30738.0	36497.0	43229.5	50179.0	57914.5	66538.0	76403.5	87358.5	98613.0	110566.5	122944.0	135776.0	148830.5	160976.5	171072.5	179468.5	186126.5	189599.5	190773.0	189559.5	184942.0	178379.0	171224.5	163991.5	156954.5	150464.0	144511.5	139820.0	136398.0	133641.5	131312.5	128796.5	126029.0	122380.0	116815.5	109662.0	101643.0	92308.5	81441.5	70643.5	60068.5	49542.5	39621.5	30813.0	23473.5	17262.5	12346.0	8727.5	6020.5	3999.5	2570.5	1655.5	1001.0	562.0	318.0	185.0	114.0	57.5	31.5	19.0	7.0	2.0	0.5	0.0	0.0	0.0	0.0	0.0	0.0	0.0	0.0	0.0	0.0
PD_203_1_bbduk_polyg_filt	0.0	0.0	0.0	0.5	0.5	3.0	5.5	13.5	33.5	65.0	118.5	211.0	374.0	595.0	915.0	1379.0	2034.5	2920.0	3964.5	5285.0	7041.5	9193.0	11833.5	15003.5	18407.0	22384.5	27033.0	31991.0	37375.5	43101.5	48825.5	54483.0	60460.0	66596.0	72779.0	79101.5	85427.5	91998.5	99219.0	106334.5	112929.0	119253.5	125355.0	130212.5	134270.5	137246.5	138552.5	138800.0	138336.0	137288.0	135321.0	132996.0	130539.0	128047.0	126071.5	124260.5	122780.0	121865.0	120518.0	119037.0	117314.0	114375.5	110029.5	104802.5	97876.0	89403.0	80033.5	70271.5	60690.5	50987.0	41964.5	33440.0	25729.5	19604.0	14594.0	10604.0	7512.0	5285.0	3585.5	2337.5	1568.0	1002.5	572.0	355.5	220.5	118.5	63.0	34.0	21.5	13.5	6.5	2.5	1.0	0.0	0.0	0.0	0.0	0.0	0.0	0.0	0.0
PD_203_2_bbduk_polyg_filt	0.0	0.0	0.0	0.0	0.5	4.0	9.0	14.0	30.0	64.0	118.0	211.0	354.5	556.5	893.5	1336.5	1915.0	2740.5	3792.5	5154.0	7014.5	9213.5	11616.0	14612.0	18194.5	22369.0	27097.5	31931.0	37084.5	42623.0	47844.5	53172.5	59300.5	65500.5	71830.0	78259.0	84603.5	90901.0	97357.0	104549.5	111073.5	117599.0	123978.5	128653.0	132535.0	135797.5	137953.0	138309.5	137988.5	137552.5	135915.5	133683.5	131326.0	129152.5	127191.0	125470.0	124053.5	122995.5	121693.0	120046.5	118240.5	115489.5	111621.5	106183.5	99275.0	91070.5	81512.5	71456.0	61339.0	51577.5	42304.5	33720.0	26337.5	19975.5	14857.0	10845.5	7796.5	5390.0	3576.5	2431.0	1608.0	1030.5	622.0	348.5	222.0	123.5	67.5	45.0	22.5	12.0	5.5	2.0	0.5	0.0	0.0	0.0	0.0	0.0	0.0	0.0	0.0
PD_204_1_bbduk_polyg_filt	2.0	1.5	2.5	3.5	3.5	6.5	7.5	14.0	26.0	49.5	92.5	177.5	324.0	533.5	852.5	1341.0	2043.0	2893.5	4142.0	5807.0	7821.0	10192.5	13141.0	16664.5	20524.5	24716.0	29365.0	34602.0	39793.0	45162.5	50457.5	55821.0	61726.5	67665.0	73800.0	80377.0	87380.5	94699.5	102958.0	111896.5	120509.0	128324.5	135536.0	141810.0	146692.0	149999.5	151671.0	151332.0	149215.0	146022.5	141556.0	136599.5	131917.5	127344.0	122667.5	118813.5	116359.0	114503.5	112446.0	109918.0	107229.5	103529.0	99150.0	93798.5	86567.5	78506.0	69775.5	60939.5	52112.0	42894.5	34552.0	27432.0	21007.0	15871.5	11584.5	8074.0	5576.0	3776.0	2522.0	1619.5	990.5	580.0	339.0	204.5	117.5	54.0	27.5	17.0	8.5	3.5	1.5	0.5	0.0	0.0	0.0	0.0	0.0	0.0	0.0	0.0	0.0
PD_204_2_bbduk_polyg_filt	3.0	3.0	2.0	1.5	4.5	6.0	8.5	14.0	23.0	51.5	100.0	165.0	296.0	520.5	839.0	1289.0	1984.0	2922.0	4106.5	5618.5	7648.5	10017.0	12889.0	16515.0	20456.5	24677.5	29179.0	34047.0	39342.5	44539.0	49575.0	55087.0	60949.5	66583.0	72907.0	79262.5	85963.0	93568.5	101672.0	110688.5	119044.0	127157.5	134819.0	141382.5	146198.5	149498.0	151619.0	151718.5	150397.0	146808.5	142160.5	137510.5	132659.0	128026.5	123578.5	120213.5	117306.0	114723.5	112916.0	110979.5	108221.5	104507.5	99848.0	94280.5	87539.5	79448.0	70418.0	61345.0	52348.0	43262.0	35040.0	27851.5	21395.5	16036.0	11677.5	8194.5	5679.0	3864.5	2570.5	1623.0	1009.5	614.5	361.0	204.5	116.0	60.0	28.5	16.0	8.0	3.5	2.0	1.5	0.0	0.0	0.0	0.0	0.0	0.0	0.0	0.0	0.0
PD_205P_1_bbduk_polyg_filt	0.0	0.0	0.0	0.0	0.0	0.5	1.5	2.0	6.5	11.0	15.0	29.0	52.5	96.0	152.0	240.0	412.5	647.0	987.0	1500.0	2199.0	3041.5	4265.5	5973.0	8198.5	10985.0	14219.5	18245.5	23030.0	28695.5	35113.5	41830.0	49452.5	57646.0	66529.0	76044.0	85281.5	95118.0	105067.5	114502.5	123603.0	131662.5	138054.5	142955.0	145540.5	146072.0	145276.5	141775.5	136920.5	131227.0	124414.5	117733.0	110046.5	101262.5	93058.0	85475.5	77647.0	70105.0	63387.5	56714.5	50512.5	45294.5	40382.0	35539.0	30912.0	26840.5	23133.0	19798.0	16755.5	13773.0	11248.0	9133.5	7173.5	5447.5	4074.0	2961.5	2168.0	1516.0	1003.0	674.5	447.5	284.5	183.5	113.0	60.0	32.0	17.0	7.5	3.5	1.5	0.5	0.0	0.0	0.0	0.0	0.0	0.0	0.0	0.0	0.0	0.0
PD_205P_2_bbduk_polyg_filt	0.0	0.0	0.0	0.0	0.5	0.5	1.0	4.0	5.5	9.5	21.5	39.5	57.0	100.5	171.0	268.0	410.5	625.5	984.0	1457.5	2070.5	3004.5	4269.0	6010.0	8081.0	10700.0	14166.5	18178.0	22767.5	28258.0	34532.5	41471.5	48936.0	56897.0	65711.5	74893.5	84111.5	93643.5	102989.5	112331.5	121863.0	130196.0	136852.0	141703.5	145374.0	146452.0	144958.5	142161.5	137403.5	131912.5	125803.5	118947.0	111093.0	102584.5	94587.5	86639.0	78764.5	71325.5	64269.5	57927.0	51968.0	45938.0	40544.0	35952.5	31529.5	27190.5	23396.0	20009.0	16765.5	13998.5	11470.0	9156.5	7212.0	5546.0	4131.0	2972.5	2111.5	1506.5	1044.5	695.5	461.5	291.5	169.0	94.5	53.5	34.0	21.0	8.5	3.0	1.5	1.0	0.5	0.5	0.0	0.0	0.0	0.0	0.0	0.0	0.0	0.0
PD_206S_1_bbduk_polyg_filt	0.0	0.0	0.5	0.5	0.5	1.5	3.5	5.0	9.0	17.5	29.5	71.0	134.5	214.5	355.0	584.5	902.5	1376.5	2099.0	3045.5	4242.0	5897.5	8071.5	10902.0	14203.0	18237.0	23195.0	28583.5	34977.0	42428.0	50355.0	59398.0	69637.0	80509.0	92495.5	105669.5	119383.0	133340.0	148610.0	164038.5	178052.0	191834.0	204649.0	214597.5	222294.5	227216.0	228943.5	227607.5	223685.5	218013.5	210268.0	201362.5	192560.5	183805.0	175298.0	168011.0	162017.0	156714.5	151673.0	146632.5	140856.5	135028.0	127927.5	118908.0	108740.0	97109.5	84411.5	71978.0	59933.0	48128.0	37601.0	28765.5	21444.5	15530.5	10961.5	7504.0	5102.0	3376.0	2175.0	1372.0	847.5	525.0	296.5	160.5	86.5	38.0	16.5	10.5	3.5	0.0	0.0	0.0	0.0	0.0	0.0	0.0	0.0	0.0	0.0	0.0	0.0
PD_206S_2_bbduk_polyg_filt	0.0	0.0	0.5	0.5	1.5	2.0	2.5	4.5	8.5	16.5	35.0	60.5	120.0	192.0	325.5	563.5	870.5	1310.0	2016.0	2974.5	4139.5	5842.0	8048.5	10728.0	14115.0	18040.0	22829.0	28210.5	34455.5	41584.5	49500.5	58426.5	68047.5	78821.5	90842.5	104276.0	118102.5	132125.5	147371.0	162333.5	176472.0	190269.5	203086.0	214083.0	222436.5	227616.0	229222.0	228191.5	224700.0	218320.0	211342.0	203451.5	194336.5	185536.0	176795.0	169399.5	163086.0	157280.0	152576.0	147824.5	142380.0	136478.0	129197.0	119970.5	109299.0	97329.0	84781.5	72455.5	60140.0	48212.5	37447.0	28465.0	21325.5	15550.0	10978.0	7491.5	5065.5	3415.5	2206.0	1383.0	843.5	499.0	300.5	170.5	85.5	40.0	17.5	8.0	2.5	1.5	0.5	0.0	0.0	0.0	0.5	0.5	0.0	0.0	0.0	0.0	0.0
PD_207P_1_bbduk_polyg_filt	1.0	0.5	1.0	3.0	6.5	9.0	11.0	10.5	12.0	23.0	44.5	76.5	140.0	235.5	372.5	575.5	840.0	1241.0	1835.5	2739.5	3963.5	5596.5	7715.0	10331.5	13660.5	17468.5	22156.0	27789.0	33948.0	40660.5	48462.5	57717.5	67588.5	77846.0	89529.5	102397.5	115989.5	130031.0	143862.0	157431.5	170107.5	181294.5	190016.5	195384.5	197804.0	197234.5	193913.5	187540.0	179084.0	170223.5	160957.5	152033.0	143590.0	136085.5	129709.0	125408.5	122876.5	121433.5	121243.0	121283.5	121080.0	120105.0	118029.0	114027.0	108177.5	100520.0	90906.0	80595.0	69538.5	58201.5	47485.5	37786.0	29395.5	22433.5	16822.0	12355.0	9096.0	6528.5	4603.0	3204.0	2123.5	1348.0	828.5	484.5	254.5	134.0	67.5	31.5	18.0	10.0	3.5	0.5	0.0	0.0	0.0	0.0	0.0	0.0	0.0	0.0	0.0
PD_207P_2_bbduk_polyg_filt	2.0	2.0	2.5	3.0	4.5	7.0	8.5	11.0	17.5	31.0	48.5	72.5	133.0	228.0	351.5	543.5	861.5	1313.0	1907.5	2737.5	3920.5	5541.0	7610.0	10217.5	13412.0	17282.5	21993.5	27371.5	33425.5	40386.0	48254.0	56924.0	66532.0	76654.5	88296.0	101543.5	114513.5	128097.5	142264.5	156157.5	169215.0	180390.0	189043.5	194973.0	198049.0	197776.0	194067.5	188121.0	180579.5	171131.5	161734.0	153064.5	144405.5	137198.0	131250.5	126461.5	123867.5	122450.5	121771.5	121660.5	121634.0	120851.0	118916.5	114812.0	108194.5	100127.0	90836.0	80796.5	69820.5	58124.5	47088.5	37534.0	29396.0	22392.5	16723.5	12501.5	9199.5	6537.5	4623.0	3209.0	2077.5	1333.5	856.5	505.5	255.0	139.5	78.0	40.5	19.0	8.5	5.5	1.0	0.0	0.0	0.0	0.0	0.0	0.0	0.0	0.0	0.0
PD_208S_1_bbduk_polyg_filt	0.0	0.0	1.0	1.0	0.0	2.0	2.5	1.0	4.5	14.0	23.5	36.0	54.5	84.5	151.5	248.5	367.0	583.0	886.0	1332.5	2030.5	2938.5	4136.0	5752.0	7883.0	10454.5	13611.0	17506.0	22021.0	27339.0	33236.0	39540.5	46983.0	54928.5	63889.0	73727.5	83974.0	95369.5	107230.0	119467.0	131274.0	142294.5	152792.5	161689.5	168101.0	172075.5	172908.0	170903.0	166833.0	160301.0	152612.0	143854.0	133619.5	124278.5	115769.5	107183.5	100233.0	94499.0	89722.0	86122.0	82956.5	79694.0	75881.0	71850.0	67200.5	61767.5	55535.5	49004.5	42603.0	36009.0	29483.0	23607.5	18403.0	14029.5	10409.0	7413.5	5228.5	3577.5	2328.5	1498.5	984.0	612.0	345.5	184.0	104.5	57.5	27.5	10.0	3.5	1.5	0.5	0.0	0.0	0.0	0.0	0.0	0.0	0.0	0.0	0.0	0.0
PD_208S_2_bbduk_polyg_filt	0.0	0.5	1.0	0.5	0.0	0.5	1.5	2.5	7.0	16.5	24.0	30.5	49.5	83.0	136.5	232.5	366.5	564.5	842.0	1288.0	1916.0	2782.0	4072.5	5657.0	7657.0	10171.5	13244.0	17065.5	21578.5	26609.0	32188.5	38564.5	45777.5	53489.0	62091.5	71984.5	82441.0	93641.0	105365.0	117181.0	129166.0	140911.0	151547.5	160285.0	167182.5	171610.0	173022.5	172191.5	168474.5	161897.0	154180.0	144807.5	135264.5	126477.5	117179.5	108581.5	101256.5	95231.5	91219.5	87349.5	83589.0	80381.0	77017.5	72977.5	67833.5	62448.0	56136.0	49578.0	42962.5	36178.5	29934.0	23962.0	18484.5	14095.0	10501.0	7503.5	5334.0	3594.0	2338.5	1575.0	1004.5	602.0	327.5	181.5	104.5	62.0	37.0	18.0	6.0	0.5	0.5	0.5	0.0	0.0	0.0	0.0	0.0	0.0	0.0	0.0	0.0
PD_209P_1_bbduk_polyg_filt	1.0	1.5	1.5	2.0	3.0	4.5	4.0	6.0	16.0	18.0	37.0	71.0	105.0	209.5	377.5	636.0	1020.0	1625.5	2442.0	3480.5	5042.0	7120.0	9697.0	13010.0	17051.5	21757.0	27530.0	34159.5	41870.5	50792.0	60261.5	70587.0	82315.0	95023.5	109021.5	123959.5	139249.0	154903.5	170183.5	184306.5	197521.5	209209.0	217591.5	222567.5	224380.0	223227.5	219156.0	212304.5	202656.0	191362.0	180386.5	169393.0	158003.0	147031.5	136699.0	127923.0	121304.0	115377.0	109132.0	103198.0	97887.5	92469.5	86431.0	79464.5	71853.0	63976.0	56161.5	48313.5	40410.0	33058.0	26306.0	20454.5	15585.5	11635.0	8526.5	6005.0	4119.0	2794.5	1818.0	1164.5	704.5	442.0	280.0	157.5	101.5	65.0	31.0	12.0	5.5	1.0	1.5	1.0	0.0	0.0	0.0	0.0	0.0	0.0	0.0	0.0	0.0
PD_209P_2_bbduk_polyg_filt	0.0	0.0	0.0	1.5	4.5	6.5	4.5	6.0	14.5	20.0	38.0	76.0	132.5	232.0	387.0	615.0	1008.0	1600.5	2425.5	3533.0	4989.0	7022.5	9662.5	12963.5	16824.0	21515.0	27322.0	33974.5	41854.5	50574.0	59695.0	69995.5	81632.5	94126.5	107701.5	122283.0	137786.5	153273.0	168612.5	183610.5	196553.5	207656.0	216261.5	221255.5	223819.5	223313.0	219413.5	212550.0	203198.5	192557.0	181396.0	169664.0	158332.0	148224.0	138397.0	129611.5	122557.0	116408.0	110209.5	104461.5	99110.0	92936.0	86762.5	80128.0	72562.0	64889.5	56450.0	48271.5	40481.5	33029.5	26387.5	20678.0	15796.5	11604.0	8448.5	5997.5	4080.5	2746.0	1770.5	1126.0	723.0	434.0	265.5	165.0	98.5	51.5	26.5	18.0	9.5	2.0	0.5	0.5	0.5	0.0	0.0	0.0	0.0	0.0	0.0	0.0	0.0
PD_210S_1_bbduk_polyg_filt	0.0	0.0	0.0	0.0	0.0	0.5	1.0	3.0	5.5	14.0	29.0	48.5	89.0	161.0	282.0	459.5	730.5	1124.0	1626.0	2328.5	3397.5	4803.5	6519.0	8717.0	11528.0	14822.5	19011.0	23999.0	29538.5	35852.5	43255.5	51561.5	60482.5	70156.0	81466.5	93995.5	106854.0	120916.0	135498.5	149304.0	162613.5	174934.0	186196.5	195331.0	201572.0	205195.0	205389.5	203080.5	198062.0	189989.0	180021.0	168654.5	156132.0	144121.0	132468.5	121040.5	110554.0	100924.0	92219.5	84346.0	77226.5	70417.5	64195.5	58089.0	51853.0	45903.0	39891.5	34124.5	28667.5	23503.5	18792.0	14700.5	11159.0	8119.0	5805.0	4053.5	2753.5	1785.0	1143.5	704.0	402.0	240.5	146.5	80.5	36.5	17.0	6.0	1.5	2.0	2.0	1.0	1.0	0.5	0.0	0.0	0.0	0.0	0.0	0.0	0.0	0.0
PD_210S_2_bbduk_polyg_filt	0.0	0.0	0.5	0.5	0.5	2.0	2.5	4.5	8.0	12.5	26.5	58.5	102.0	150.0	260.5	434.0	669.0	1045.0	1573.0	2334.0	3416.5	4771.0	6430.0	8604.5	11282.5	14579.5	18669.5	23366.5	28955.5	35374.0	42365.5	50327.5	59403.0	69312.0	80446.0	92514.0	105284.0	119065.0	133438.0	147960.5	161086.0	173631.0	184848.5	194136.5	201621.0	205825.0	206771.5	204183.5	198193.0	190295.0	181574.0	170461.0	157986.5	145715.0	133788.0	122288.0	111538.0	102116.0	93307.5	85378.0	78158.0	71317.5	65016.5	58658.0	52203.0	46006.5	40190.5	34488.0	28820.5	23547.5	18843.0	14683.5	11137.5	8262.5	5899.0	4012.5	2723.0	1811.0	1119.5	700.5	432.0	253.5	148.5	78.0	41.0	21.0	10.0	7.0	2.5	0.5	1.0	1.0	0.5	0.0	0.0	0.0	0.0	0.0	0.0	0.0	0.0
PD_211P_1_bbduk_polyg_filt	0.0	0.0	0.0	0.0	0.0	0.0	0.0	0.0	0.0	0.0	0.0	1.0	1.0	1.5	6.0	10.5	19.0	25.0	35.5	59.0	75.5	97.0	144.0	185.0	246.5	337.5	385.5	444.5	532.0	587.0	667.0	780.0	867.5	959.5	1043.5	1141.5	1253.0	1328.5	1453.5	1544.5	1595.0	1653.5	1663.0	1661.0	1603.0	1570.0	1564.5	1463.5	1379.5	1310.5	1237.0	1177.0	1095.5	1047.0	972.5	893.5	851.5	817.0	783.5	758.5	737.0	692.5	639.0	582.0	541.5	497.5	419.5	334.5	298.0	261.5	199.0	145.5	111.0	87.5	54.5	33.0	24.5	16.0	8.5	7.0	6.0	3.0	1.0	1.0	0.5	0.0	0.0	0.0	0.0	0.0	0.0	0.0	0.0	0.0	0.0	0.0	0.0	0.0	0.0	0.0	0.0
PD_211P_2_bbduk_polyg_filt	0.0	0.0	0.0	0.0	0.0	0.0	0.0	0.0	0.0	0.0	1.0	2.0	2.0	3.5	5.5	6.0	14.0	24.5	41.0	65.0	80.5	115.5	155.0	201.5	265.5	318.0	371.5	436.0	508.0	578.0	661.0	754.5	824.0	883.0	960.0	1089.0	1212.0	1336.5	1427.5	1475.0	1570.5	1644.0	1683.0	1648.5	1555.0	1495.0	1452.0	1422.5	1361.5	1276.5	1222.0	1146.0	1089.5	1060.5	1007.0	972.0	916.0	857.5	831.5	793.0	755.0	723.0	657.5	591.0	589.0	559.5	468.0	393.5	334.5	277.0	227.0	182.0	147.0	109.5	69.5	41.0	27.0	24.0	21.0	11.5	5.0	2.5	2.5	2.0	0.5	0.5	0.5	0.0	0.0	0.0	0.0	0.0	0.0	0.0	0.0	0.0	0.0	0.0	0.0	0.0	0.0
PD_212S_1_bbduk_polyg_filt	0.0	0.0	0.0	0.0	0.0	0.0	0.0	0.0	0.0	0.0	0.5	0.5	0.0	2.0	3.5	2.5	5.5	14.0	16.5	15.5	24.0	38.0	59.5	70.0	86.5	106.5	126.0	168.0	200.0	244.5	302.5	351.5	379.5	426.0	494.0	540.5	580.5	631.5	676.5	720.5	744.0	751.5	766.0	786.0	781.5	776.0	740.5	652.5	643.0	609.5	527.0	480.0	418.0	372.5	331.0	291.5	264.0	216.0	182.5	165.5	154.5	144.0	126.5	98.5	76.0	70.5	57.0	38.5	34.5	38.5	35.0	22.5	15.0	11.5	9.0	6.5	4.0	1.0	0.0	1.0	2.0	1.0	0.0	0.0	0.0	0.0	0.0	0.0	0.0	0.0	0.0	0.0	0.0	0.0	0.0	0.0	0.0	0.0	0.0	0.0	0.0
PD_212S_2_bbduk_polyg_filt	0.0	0.0	0.0	0.0	0.0	0.0	0.0	0.0	0.0	0.5	1.0	0.5	0.0	1.5	3.5	3.5	3.0	8.0	14.0	17.5	26.0	39.0	49.0	61.5	85.0	111.0	128.5	161.0	196.5	242.0	295.0	352.5	374.5	398.5	470.0	520.0	558.5	616.0	676.0	733.0	767.5	779.5	805.0	777.0	745.5	734.5	701.5	644.0	606.0	555.0	506.0	480.0	432.0	388.0	348.0	319.0	280.5	237.5	204.0	187.5	172.5	149.0	132.5	115.5	94.0	78.0	70.0	62.0	46.5	36.5	34.0	29.5	18.5	10.5	12.5	12.0	6.0	5.5	5.0	2.0	1.5	1.0	0.0	0.0	0.0	0.0	0.0	0.0	0.0	0.0	0.0	0.0	0.0	0.0	0.0	0.0	0.0	0.0	0.0	0.0	0.0
PD_213S_1_bbduk_polyg_filt	0.0	0.0	0.0	0.0	0.0	3.5	9.5	13.5	25.0	44.0	104.5	202.5	344.0	618.5	1045.0	1672.5	2575.0	3915.5	5721.0	7924.5	10644.0	14234.5	18501.5	23236.5	28793.0	35107.5	41674.0	48780.0	56071.5	63872.5	72511.5	81228.5	90437.0	100083.0	111282.5	123307.0	135771.0	148704.0	161984.5	175509.0	188381.0	200277.0	210575.5	218683.5	224158.5	227605.5	227763.0	224978.5	219777.5	212157.5	203077.0	191952.0	179775.5	167691.0	155641.5	144812.0	136058.5	128826.0	122074.5	116330.5	111783.0	107014.5	101655.5	96013.5	89978.5	82644.0	74051.5	65217.5	56065.5	46683.5	37978.5	30222.5	23353.0	17517.0	12735.0	8994.5	6213.0	4138.5	2659.5	1700.0	1042.0	597.0	347.0	195.5	108.0	54.0	24.5	11.5	3.5	2.0	1.5	0.5	0.0	0.0	0.0	0.0	0.0	0.0	0.0	0.0	0.0
PD_213S_2_bbduk_polyg_filt	0.0	1.0	1.5	1.5	1.0	2.0	5.5	10.5	23.0	53.5	101.5	187.0	324.0	577.5	1020.5	1668.0	2573.5	3896.0	5813.0	8039.0	10698.0	14166.5	18396.0	23368.5	28887.0	34981.5	41615.0	48755.5	56217.0	63731.5	72006.5	80983.0	90227.0	99710.5	110652.5	122859.0	134977.0	147959.5	161176.5	174465.5	187094.5	198608.0	209305.5	217881.0	223733.0	227095.5	227668.0	225039.0	219715.5	212453.5	203538.5	192119.0	180049.5	168567.5	157096.5	146450.5	137126.0	129380.0	122831.5	117357.0	112492.5	107445.5	102396.0	96626.5	90016.5	82660.0	74311.0	65396.0	56145.5	46927.5	38174.5	30334.0	23377.0	17502.0	12792.0	8946.5	6184.0	4209.0	2659.5	1651.5	1031.0	638.0	369.0	184.0	94.0	43.0	24.0	13.0	7.5	5.0	2.0	1.0	0.0	0.0	0.0	0.0	0.0	0.0	0.0	0.0	0.0
PD_214S_1_bbduk_polyg_filt	0.0	0.0	0.5	0.5	0.0	2.5	10.0	14.0	16.5	31.0	54.0	84.0	134.5	223.0	365.0	585.5	936.5	1410.5	2111.5	3066.0	4216.5	5829.0	7988.0	10662.5	13695.5	17356.5	21972.0	27165.5	32838.5	39199.0	45944.0	53221.0	61399.0	69974.5	79696.0	90370.0	100905.5	112698.5	125657.5	138665.5	151416.5	163663.0	175812.0	186530.0	195116.5	202014.0	206293.5	206525.0	204674.0	199165.5	189684.5	178593.5	165908.0	151749.0	136702.5	122999.5	110769.5	99533.5	89643.0	81307.5	74161.5	67475.5	61100.0	55246.5	49300.0	43384.0	37459.5	31744.5	26266.0	21325.0	17003.0	13101.0	9937.0	7320.0	5152.0	3549.0	2440.5	1655.0	1074.0	651.0	399.5	265.5	152.0	76.0	39.5	19.0	9.0	3.0	0.5	0.5	0.0	0.0	0.0	0.0	0.0	0.0	0.0	0.0	0.0	0.0	0.0
PD_214S_2_bbduk_polyg_filt	0.0	0.0	0.0	0.0	0.0	1.5	4.5	14.0	21.5	31.0	55.5	95.5	137.0	202.0	342.0	568.5	909.5	1402.5	2067.0	2957.5	4069.5	5628.5	7841.5	10516.5	13559.5	17140.5	21623.0	26738.5	32382.0	38416.5	44906.5	52435.5	60660.0	69679.0	79006.0	89226.5	100403.0	112308.5	124493.0	137162.5	150388.0	163174.0	175563.5	186577.5	195029.0	201744.5	206272.0	207622.0	205387.5	199130.5	190821.5	179821.5	166223.5	151900.0	137678.5	124014.5	111348.0	100306.5	90802.5	82202.5	74532.5	67915.5	61908.0	55895.0	49610.5	43614.0	37745.5	31772.5	26235.5	21263.5	16888.0	13101.5	9892.0	7245.0	5147.0	3584.0	2459.0	1641.0	1014.5	637.0	415.0	253.5	148.0	72.0	33.5	21.5	14.0	5.0	2.0	0.5	0.0	0.0	0.0	0.0	0.0	0.0	0.0	0.0	0.0	0.0	0.0
PD_215S_1_bbduk_polyg_filt	0.0	0.0	0.0	0.5	0.5	0.5	2.5	5.0	7.0	14.5	29.5	49.0	81.0	157.0	293.0	471.5	773.5	1278.5	2042.5	3179.5	4620.0	6599.5	9420.0	12976.0	17183.5	22492.0	29111.5	36682.5	45206.0	54814.0	65760.5	77827.0	91042.0	105596.5	122167.5	140594.5	160564.0	180831.5	201484.5	222052.5	241743.0	260112.5	275864.0	289337.0	299224.0	304980.5	306204.5	302442.5	294812.0	284026.0	270316.5	253452.5	233957.5	213998.0	195064.0	177439.0	160592.0	145164.5	132243.5	120971.5	110517.0	100924.0	92005.5	83067.5	73760.5	64955.0	56400.0	47771.5	39545.5	31988.0	25091.0	19173.0	14330.5	10365.0	7335.0	4999.5	3291.0	2100.0	1293.5	797.0	488.0	272.0	151.5	92.5	48.5	24.5	10.5	2.5	1.5	2.0	1.0	0.5	0.0	0.0	0.0	0.0	0.0	0.0	0.0	0.0	0.0
PD_215S_2_bbduk_polyg_filt	0.0	0.5	0.5	1.0	2.0	3.5	5.0	6.0	6.0	11.0	26.0	54.0	95.0	159.5	269.0	462.0	808.0	1272.0	1947.5	3044.5	4538.5	6472.5	9213.0	12663.0	16980.5	22245.5	28396.0	35620.5	43759.0	53266.5	64203.0	76211.5	89423.5	103697.0	119784.0	138109.0	157293.5	176934.0	197333.0	218273.0	238812.0	257442.5	274238.5	288726.0	298881.0	304839.5	306790.0	304365.5	297711.5	286736.0	272791.0	255851.0	236841.0	217872.0	198321.0	179420.5	162594.0	147805.0	134769.0	122914.5	112104.5	102251.0	93100.5	84083.5	75107.0	65811.0	56484.5	47870.0	39754.5	32098.0	25209.0	19226.5	14323.5	10368.5	7274.5	4991.5	3327.0	2125.0	1282.5	793.5	478.0	298.0	179.0	88.0	42.5	25.0	14.0	6.5	2.0	1.0	2.0	1.0	0.0	0.0	0.0	0.0	0.0	0.0	0.0	0.0	0.0
PD_216S_1_bbduk_polyg_filt	0.0	0.0	0.5	0.5	0.0	0.0	0.0	0.0	0.5	1.0	0.5	0.5	1.5	3.0	3.5	6.0	11.5	15.5	24.0	40.0	62.5	87.5	104.0	137.5	182.0	231.5	291.0	350.0	404.0	457.5	523.5	600.0	675.5	744.5	831.5	924.5	1005.0	1089.0	1182.5	1255.5	1263.5	1315.5	1354.0	1311.0	1273.0	1248.5	1213.5	1172.0	1112.5	1042.0	1015.5	969.0	875.5	769.0	713.0	686.5	640.5	581.5	540.5	513.0	505.0	468.0	413.5	397.5	362.5	331.5	285.5	244.0	219.0	167.5	136.0	104.0	65.5	49.5	39.5	28.0	22.5	17.0	7.5	5.0	4.0	2.5	1.0	0.0	0.0	0.0	0.0	0.0	0.0	0.0	0.0	0.0	0.0	0.0	0.0	0.0	0.0	0.0	0.0	0.0	0.0
PD_216S_2_bbduk_polyg_filt	0.0	0.0	0.0	0.0	0.5	1.0	1.5	1.5	1.5	1.5	1.0	0.5	1.0	5.5	6.0	6.0	10.5	18.0	25.5	37.5	56.0	80.5	108.5	148.5	186.5	221.5	267.5	330.5	384.0	457.0	542.0	595.5	697.5	799.0	874.0	937.5	1017.0	1105.0	1168.5	1165.5	1226.5	1301.5	1279.5	1276.0	1266.0	1222.0	1193.0	1194.0	1132.5	1045.0	962.5	881.0	830.0	802.5	748.5	670.5	670.0	635.0	551.0	529.5	509.0	486.0	471.0	420.0	364.0	334.0	302.5	275.0	234.5	189.0	146.5	111.5	75.5	54.5	43.5	31.0	26.0	17.5	12.5	10.0	6.0	2.5	1.0	0.5	0.0	0.0	0.0	0.0	0.0	0.0	0.0	0.0	0.0	0.0	0.0	0.0	0.0	0.0	0.0	0.0	0.0
PD_217P_1_bbduk_polyg_filt	0.0	0.0	0.0	0.0	0.0	0.0	0.0	0.0	0.5	1.0	1.5	3.0	7.0	6.5	5.0	19.0	34.0	43.5	59.0	88.0	114.5	146.5	194.0	256.0	341.0	429.0	512.5	590.0	715.0	852.5	969.5	1124.5	1240.5	1353.0	1507.5	1682.5	1865.5	2058.5	2227.5	2386.5	2557.5	2662.0	2714.5	2731.0	2644.5	2554.0	2464.5	2317.5	2170.5	1975.5	1782.5	1607.0	1446.0	1267.0	1081.0	971.5	909.5	816.0	744.0	688.0	599.5	526.0	467.0	426.5	399.0	339.0	303.5	272.0	230.5	202.5	156.0	118.0	92.0	81.5	55.5	36.0	33.0	18.0	5.5	2.5	3.5	2.5	1.0	2.0	1.0	0.0	0.0	0.0	0.0	0.0	0.0	0.0	0.0	0.0	0.0	0.0	0.0	0.0	0.0	0.0	0.0
PD_217P_2_bbduk_polyg_filt	0.0	0.0	0.0	0.0	0.0	0.0	0.0	0.0	2.5	4.5	4.0	3.5	4.0	5.5	10.5	21.0	28.5	41.5	61.0	88.0	137.5	175.0	211.5	278.0	333.0	418.0	526.5	629.5	726.5	801.0	907.0	1073.0	1219.0	1329.5	1502.5	1702.0	1896.0	2076.5	2239.0	2330.0	2384.5	2529.0	2611.5	2611.5	2599.5	2494.5	2379.5	2256.5	2085.0	1937.0	1780.0	1609.5	1460.0	1296.0	1147.5	1055.0	983.5	887.5	807.5	735.0	661.5	592.5	528.0	502.0	451.0	388.5	344.5	315.0	264.5	209.5	171.5	126.5	107.0	90.0	65.5	49.0	35.0	21.5	9.0	6.5	5.0	3.5	3.0	1.0	0.5	0.0	0.0	0.0	0.0	0.0	0.0	0.0	0.0	0.0	0.0	0.0	0.0	0.0	0.0	0.0	0.0
PD_218S_1_bbduk_polyg_filt	0.0	0.0	0.0	0.0	0.0	0.0	0.0	0.0	0.0	0.0	0.0	0.0	0.0	0.0	0.0	0.0	0.0	0.0	0.5	1.0	0.5	0.0	1.5	3.0	3.0	1.5	1.5	4.0	6.0	8.0	10.5	14.5	12.5	13.0	18.5	18.5	21.0	22.5	31.0	37.5	34.0	30.5	32.5	44.5	49.5	48.5	45.5	43.5	45.0	39.5	30.0	29.5	35.0	32.5	33.5	38.0	35.0	34.0	32.5	25.0	21.0	20.5	14.5	12.0	11.5	8.5	7.5	6.5	6.5	4.0	1.5	2.0	1.5	0.5	1.0	1.0	0.0	0.0	0.0	0.0	0.0	0.0	0.0	0.0	0.0	0.0	0.0	0.0	0.0	0.0	0.0	0.0	0.0	0.0	0.0	0.0	0.0	0.0	0.0	0.0	0.0
PD_218S_2_bbduk_polyg_filt	0.0	0.0	0.0	0.0	0.0	0.0	0.0	0.0	0.0	0.0	0.0	0.0	0.0	0.0	0.0	0.0	0.0	0.0	0.5	0.5	0.0	2.0	5.0	4.0	1.5	1.0	2.0	4.5	6.5	6.5	7.0	9.5	14.0	16.0	17.0	16.0	16.5	26.5	31.5	27.5	27.5	29.5	35.5	42.0	37.5	44.5	51.0	47.0	47.5	45.0	44.0	41.5	32.5	30.0	39.5	41.0	28.5	23.0	20.5	21.0	25.5	21.5	19.0	17.5	12.0	12.5	11.5	6.5	4.5	4.0	3.5	2.0	1.5	1.0	1.0	0.5	0.0	0.0	0.0	0.0	0.0	0.0	0.0	0.0	0.0	0.0	0.0	0.0	0.0	0.0	0.0	0.0	0.0	0.0	0.0	0.0	0.0	0.0	0.0	0.0	0.0
PD_221P_1_bbduk_polyg_filt	0.0	0.0	0.0	0.0	1.0	1.5	3.0	9.0	23.5	55.5	87.0	134.5	224.0	394.5	605.0	912.5	1362.5	1939.5	2757.0	3852.5	5313.0	7213.0	9568.5	12495.0	15956.0	20193.5	25216.5	30508.5	36525.5	43417.0	50549.5	58228.5	66629.5	75063.0	84150.5	93453.0	102436.5	112021.0	120980.0	129608.5	138406.5	146612.5	153366.5	157647.0	161295.5	163777.5	163719.0	162792.0	160998.5	158271.0	154913.5	150358.5	146141.0	142525.5	139518.0	137364.5	135044.5	133100.5	130921.0	128206.5	125566.5	121185.5	114727.5	107814.0	99594.0	89837.0	79688.5	69337.0	58551.0	48156.0	38895.0	30405.0	23099.5	17271.5	12457.0	8812.5	6060.0	4023.0	2673.0	1666.0	1011.5	592.0	348.5	198.0	115.5	70.5	34.5	18.0	8.5	2.5	2.0	1.5	2.0	1.0	0.0	0.0	0.0	0.0	0.0	0.0	0.0
PD_221P_2_bbduk_polyg_filt	0.0	0.0	1.0	1.0	0.5	1.0	4.5	13.5	27.0	45.5	78.5	132.0	214.0	363.0	577.5	892.0	1304.5	1915.0	2695.5	3717.5	5192.0	6984.5	9285.0	12234.0	15595.5	19693.5	24441.5	29724.5	35973.5	42662.5	49470.5	56955.5	64982.5	73232.5	81866.5	91104.0	100860.5	110133.5	119296.5	128549.5	136996.0	144972.5	151749.5	156519.0	160556.5	163490.0	164046.0	163348.0	161723.0	158909.0	155715.0	151839.5	148427.0	145038.0	141263.5	138509.0	136397.5	134345.5	132127.5	129793.5	126573.0	122093.0	116292.0	108975.5	100485.5	91131.5	80662.0	69861.5	59128.0	48896.5	39395.5	30702.5	23459.5	17525.5	12714.5	8915.0	6054.5	4085.0	2659.5	1621.5	1040.0	630.0	346.5	192.5	111.0	65.0	35.5	16.5	5.5	2.0	1.5	1.5	2.0	1.0	0.0	0.0	0.0	0.0	0.0	0.0	0.0
PD_222S_1_bbduk_polyg_filt	1.0	0.5	0.0	0.0	0.5	0.5	2.0	4.0	6.0	15.5	35.0	58.5	100.5	182.0	332.5	538.5	851.0	1238.5	1795.0	2623.5	3733.5	5121.5	6850.0	9105.5	11904.0	15191.0	19241.0	23887.5	29287.0	35361.0	41904.5	49162.5	57674.0	67131.0	77078.0	88446.5	100474.5	112983.0	126330.5	139731.5	153218.0	165823.5	176915.5	186975.0	193951.0	197581.0	198194.0	196185.0	191813.5	184768.5	175982.5	166907.0	157829.0	148346.5	138867.0	130385.0	123589.5	117364.5	110944.5	104570.0	98687.0	92274.0	85440.5	78190.5	70378.0	62774.0	54884.0	46956.5	39657.0	32833.0	26392.5	20787.0	16106.5	12035.5	8845.0	6427.5	4524.5	3089.0	2055.5	1353.0	853.0	508.0	309.0	187.5	97.5	51.0	30.5	14.5	7.5	3.5	0.5	0.0	0.0	0.0	0.0	0.0	0.0	0.0	0.0	0.0	0.0
PD_222S_2_bbduk_polyg_filt	0.0	0.0	0.0	0.0	1.5	2.0	3.5	5.5	6.0	11.0	27.0	52.0	92.5	167.0	319.5	515.0	783.0	1158.0	1719.5	2584.0	3628.0	4939.5	6733.0	8992.0	11771.0	15001.0	18860.0	23362.5	28468.0	34374.5	41037.0	48414.0	56753.5	65650.5	75661.5	87086.5	99010.0	111464.0	124726.0	138082.5	151319.0	164215.5	175656.0	185090.0	192088.0	197169.5	198980.5	196916.5	192355.0	185907.5	177893.0	169005.5	159079.0	148918.0	140148.5	132547.0	125634.5	118800.5	112398.5	106009.0	99543.5	93095.5	86234.0	79090.5	71288.5	63278.0	55227.0	47298.0	39872.0	33090.5	26749.5	21017.5	16277.5	12166.5	8962.5	6554.0	4549.0	3068.0	2066.5	1334.5	849.5	523.5	296.0	182.5	104.5	50.5	27.0	17.0	9.0	1.5	0.0	0.0	0.0	0.0	0.0	0.0	0.0	0.0	0.0	0.0	0.0
PD_223P_1_bbduk_polyg_filt	0.0	0.0	0.0	0.0	2.0	3.5	5.5	13.0	32.5	74.0	142.5	286.5	484.0	769.5	1183.5	1706.5	2435.5	3357.0	4403.0	5771.0	7810.0	10264.0	13042.0	16521.0	20825.5	25881.0	31654.5	37959.5	44855.0	52407.5	60274.5	68628.0	77423.0	86512.0	96380.5	106909.5	117915.5	129578.0	142214.0	155264.5	168002.5	180035.0	191183.0	200616.5	207666.0	212395.5	214434.0	214477.5	212893.0	209951.0	206859.5	203712.0	201544.5	200489.5	200126.0	200630.5	201466.0	202507.5	203404.0	203071.0	200805.5	196449.5	189622.5	179981.0	167582.5	152467.5	134786.5	116657.0	98786.5	80974.5	64667.5	50555.0	38289.0	28173.0	20194.5	14134.5	9699.5	6541.5	4266.0	2713.5	1741.0	1093.0	670.0	385.0	219.5	114.5	61.5	37.0	19.5	7.5	5.0	3.0	1.5	0.5	0.0	0.0	0.0	0.0	0.0	0.0	0.0
PD_223P_2_bbduk_polyg_filt	0.0	0.0	0.5	1.0	1.0	2.5	6.0	11.0	26.0	62.5	131.5	269.5	467.0	723.5	1140.5	1711.0	2399.5	3268.5	4330.0	5741.5	7671.5	9949.0	12705.0	16232.0	20460.0	25187.0	30960.5	37539.0	44372.5	51689.5	59460.0	67730.0	76059.5	85188.5	95359.5	105709.0	116276.5	127774.5	140035.0	152567.5	165093.5	177488.0	189302.0	198566.0	205986.0	211762.5	213996.0	214231.0	213373.5	211315.5	208852.5	205879.0	202964.0	201515.5	201562.0	201983.5	202957.5	204541.5	205038.5	204351.5	202646.0	198143.0	191153.5	182060.5	169218.0	153416.0	135822.0	117516.5	99664.5	81803.5	65032.0	50796.0	38453.5	28274.5	20409.5	14147.0	9796.5	6654.5	4225.0	2687.5	1739.0	1061.0	655.5	392.5	228.0	130.5	67.0	39.5	20.5	6.0	4.0	4.0	1.5	0.5	0.5	0.0	0.0	0.0	0.0	0.0	0.0
PD_224S_1_bbduk_polyg_filt	0.0	0.0	0.0	0.0	0.0	0.0	0.0	0.0	1.0	5.0	19.0	48.0	82.0	157.5	328.0	624.5	1130.5	1846.5	2891.5	4482.5	6630.5	9524.0	13382.5	18237.5	24227.0	31304.5	39739.0	49182.0	59752.5	71689.5	85317.0	99868.0	114990.0	131603.0	150528.0	170612.0	192128.0	214955.5	239187.5	264023.0	286275.0	306247.0	324377.0	339314.5	348984.0	351226.0	346194.5	334319.0	315941.0	293128.5	267867.5	241232.5	214140.0	188847.5	165519.0	145052.0	128468.0	115559.0	105963.5	98249.5	91692.5	86072.5	80183.5	74208.0	67654.5	60405.5	52547.5	44765.5	37504.5	30125.5	23531.5	17907.0	13217.5	9508.5	6669.0	4641.0	3152.5	2029.5	1283.5	822.0	505.0	299.5	184.5	98.0	50.0	25.0	13.0	10.0	5.0	2.5	2.0	1.0	0.0	0.0	0.0	0.0	0.0	0.0	0.0	0.0	0.0
PD_224S_2_bbduk_polyg_filt	0.0	0.0	0.0	0.0	0.5	1.0	1.5	2.0	2.5	6.0	25.5	48.5	87.0	163.0	329.5	647.5	1118.5	1788.0	2791.0	4358.5	6602.5	9508.5	13249.0	18014.5	24056.0	31092.0	39169.5	48300.5	58746.0	70580.0	84181.5	98555.0	113296.0	129903.5	148578.5	168650.0	190014.0	212686.5	236406.0	260710.0	284435.5	305368.5	323647.5	339073.0	348053.5	350442.5	346429.5	335914.5	318793.5	295988.0	270890.5	243381.5	215945.5	190952.5	167158.0	146162.5	129990.5	117635.5	107515.0	99567.5	92707.0	86850.0	80880.5	74688.0	68237.0	60865.0	52910.0	44856.5	37333.0	30249.5	23695.0	17893.0	13196.5	9494.5	6592.0	4599.5	3180.5	2052.0	1318.0	833.5	510.0	314.5	186.0	101.5	52.5	22.0	15.5	10.0	5.0	2.5	1.0	0.5	0.0	0.0	0.0	0.0	0.0	0.0	0.0	0.0	0.0
PD_225P_1_bbduk_polyg_filt	0.0	0.0	0.0	0.0	0.5	0.5	0.0	1.0	6.5	13.0	19.5	30.5	53.0	96.5	224.5	484.5	860.5	1454.5	2359.0	3640.5	5539.0	8220.5	11654.5	15977.5	21445.5	27691.0	34817.0	43148.5	52498.0	62140.0	72787.5	84591.5	96740.0	110036.0	124563.0	139460.5	154602.0	170605.0	187130.0	203325.0	220093.0	235723.0	248527.5	258771.0	266485.5	269935.0	267826.5	261315.5	251662.5	239391.5	225136.5	209425.5	192594.0	176101.5	160827.5	146981.5	134911.5	124777.5	115996.0	108123.5	101228.0	94822.5	88373.0	81530.0	73925.0	66248.0	58419.5	50912.0	43473.0	35850.5	28793.0	22740.5	17483.0	13041.5	9535.5	6750.5	4586.0	3055.0	2046.5	1297.0	766.5	465.0	294.0	160.0	83.0	50.0	29.0	14.5	6.0	3.5	2.0	1.0	0.0	0.0	0.0	0.0	0.0	0.0	0.0	0.0	0.0
PD_225P_2_bbduk_polyg_filt	0.0	0.0	0.0	0.0	1.0	2.0	1.5	1.5	7.0	14.0	20.0	36.5	62.0	106.0	207.0	431.0	781.5	1365.5	2331.5	3612.5	5338.5	7999.5	11561.0	15832.0	21040.0	27217.5	34379.0	42507.0	51575.5	61473.0	72209.5	83943.5	95899.0	108629.0	123001.5	137801.5	153199.5	168940.0	184617.5	201319.5	218246.5	234302.0	248512.0	259258.5	265841.0	269504.5	268470.5	262425.5	253078.5	240295.5	226051.0	210916.5	194508.5	177917.0	162329.5	148479.0	136624.5	126300.0	116849.0	108949.0	102173.0	95557.0	88871.0	81682.0	74461.5	66982.5	59092.5	51286.5	43428.5	35727.0	28778.0	22841.5	17769.0	13194.0	9532.5	6800.0	4696.5	3115.5	2015.5	1282.0	788.5	469.5	274.5	168.5	91.5	46.5	24.5	13.5	6.0	3.5	2.5	1.0	0.5	0.0	0.0	0.0	0.0	0.0	0.0	0.0	0.0
PD_226S_1_bbduk_polyg_filt	0.0	0.0	0.0	0.0	0.0	0.0	0.0	0.5	4.0	9.5	20.5	39.5	65.5	123.5	216.5	347.5	553.5	904.5	1379.0	2044.5	2988.5	4307.0	6160.0	8472.5	11396.0	15241.5	19554.0	24209.5	29981.5	36603.0	43856.0	51829.5	60655.5	70060.5	81092.5	93114.0	105294.0	118495.5	131779.5	144502.0	157309.5	169450.5	179565.0	187649.0	192369.5	193881.5	192727.0	188951.5	183005.0	174286.5	163950.5	153377.5	143085.5	133448.5	124329.0	116473.0	110061.5	104671.5	100524.5	97356.0	94196.5	90757.5	86664.0	81673.0	75870.0	69141.0	61785.0	53996.0	46136.0	38340.5	30771.0	24155.5	18584.5	13797.0	9873.0	6991.0	4824.5	3130.5	1991.5	1261.0	749.5	420.0	234.5	140.5	72.5	39.5	23.0	8.0	4.5	3.0	0.5	0.0	0.5	0.5	0.0	0.0	0.0	0.0	0.0	0.0	0.0
PD_226S_2_bbduk_polyg_filt	0.0	0.0	0.0	0.0	0.0	0.5	1.5	2.0	3.5	8.0	19.5	35.5	59.0	99.5	182.5	347.5	564.0	862.5	1313.5	2016.5	2981.5	4272.0	6083.0	8391.0	11255.5	14898.5	19143.0	24015.0	29626.0	35692.5	42787.5	51084.0	60204.0	69796.5	80122.5	91522.0	103823.0	116908.5	130106.0	143621.0	156759.5	168305.0	178774.0	186893.5	191892.5	194572.5	194112.5	189791.0	183148.5	174960.5	165408.0	155034.0	144146.0	134219.5	125360.0	117411.0	110922.0	106003.0	101463.5	97553.5	94639.5	91066.0	86801.5	81905.0	75967.5	69469.0	62011.5	54289.0	46391.0	38214.0	30876.0	24381.5	18668.0	13817.0	9968.5	6998.0	4761.5	3145.5	2022.5	1229.0	724.5	417.0	246.5	145.5	77.5	41.5	21.5	7.0	4.0	3.5	2.5	1.0	0.0	0.0	0.0	0.0	0.0	0.0	0.0	0.0	0.0
PD_227P_1_bbduk_polyg_filt	1.0	2.0	2.0	5.5	9.5	12.5	16.0	20.5	31.0	50.0	75.5	125.5	193.5	301.5	528.0	874.0	1299.5	1958.5	2858.5	4039.5	5685.5	7746.0	10242.5	13197.0	16792.0	20995.5	25489.0	30375.0	35747.5	41590.5	47592.0	54124.0	61406.5	68865.0	77129.0	86044.5	95490.5	104854.0	114344.0	124603.0	134159.5	142539.5	149620.5	155066.5	158671.5	159963.0	159686.5	158361.0	155552.0	151324.5	146394.5	140258.0	133891.0	128296.0	122427.5	117048.0	112154.0	107232.0	102450.5	97789.0	93118.5	88131.5	82939.0	77217.5	70521.5	63486.0	55966.5	48580.5	41332.5	34255.5	27575.5	21616.5	16761.0	12631.0	9412.5	6672.0	4534.5	3113.5	2068.5	1308.0	811.0	502.5	310.5	174.5	96.5	59.0	32.0	16.0	8.0	4.0	2.0	0.5	0.0	0.0	0.0	0.0	0.0	0.0	0.0	0.0	0.0
PD_227P_2_bbduk_polyg_filt	3.0	2.5	2.5	4.0	7.0	10.5	13.5	22.0	32.5	41.5	60.5	115.0	196.5	317.0	504.0	793.5	1258.5	1956.0	2872.5	4022.0	5571.5	7695.5	10206.5	13221.0	16707.5	20667.0	25315.0	30181.5	35564.0	41504.5	47635.5	54123.0	61131.5	68494.5	76629.0	85457.0	94625.0	103936.5	113619.0	123941.0	133619.5	142019.5	148513.5	153853.5	157891.0	159811.5	160354.0	158768.5	155361.0	151374.0	146511.5	140560.0	134937.5	129152.0	122733.5	117211.5	112507.5	107972.0	103078.0	98503.5	93930.5	88480.5	83163.0	77456.5	70845.5	63686.0	56089.5	48743.5	41569.5	34396.0	27900.5	22234.5	17083.0	12731.0	9354.5	6721.5	4703.5	3184.5	2074.0	1373.0	895.5	545.5	329.5	187.0	111.5	60.5	30.0	14.0	7.0	3.5	2.0	0.5	0.0	0.0	0.0	0.0	0.0	0.0	0.0	0.0	0.0
PD_228S_1_bbduk_polyg_filt	2.0	2.5	2.0	0.5	0.0	2.5	5.5	11.0	20.5	41.0	80.5	145.0	250.0	453.5	780.0	1264.5	1967.5	2805.0	4059.0	5826.5	7953.0	10557.0	13643.5	17291.0	21378.5	25837.5	30799.0	36389.5	42516.5	48831.0	55933.5	63481.0	71558.5	79859.0	89268.5	100208.5	111321.5	123368.0	135497.0	147605.5	159414.0	169985.5	179150.0	186841.5	192600.0	195349.5	195642.5	193519.5	189524.0	183871.0	176757.0	169505.5	161606.0	153632.0	146332.5	139834.5	133763.0	128079.0	123044.0	117498.5	111445.5	105099.0	97993.5	90093.0	81890.0	72771.5	62932.0	53416.0	44413.5	36019.5	28472.5	22011.5	16576.5	12137.5	8594.0	5860.0	3950.0	2690.5	1709.0	1051.0	657.0	404.5	223.5	120.0	63.5	32.5	19.5	7.0	1.5	0.0	0.0	0.0	0.0	0.0	0.0	0.0	0.0	0.0	0.0	0.0	0.0
PD_228S_2_bbduk_polyg_filt	2.0	1.0	1.5	2.5	2.0	2.0	5.0	12.5	20.0	35.0	77.5	146.0	276.5	451.0	726.0	1168.0	1817.5	2728.5	4067.5	5907.0	7919.5	10410.5	13580.0	16964.5	20914.0	25490.0	30548.5	36168.0	42036.5	48208.0	55278.5	63012.5	70911.0	79382.5	88670.5	98853.0	109908.0	121376.5	133687.0	145800.5	157515.5	168290.5	177706.5	185844.0	191448.0	195098.5	196366.0	194490.0	190457.0	185039.0	178145.0	170527.5	162855.5	155320.5	148017.5	141009.0	134913.0	129663.5	124195.0	118519.5	112708.5	106066.5	99190.0	91292.0	81977.0	72874.5	63360.5	53645.5	44662.5	36257.0	28580.5	21971.0	16479.0	12031.5	8584.5	5969.0	4038.5	2674.5	1696.0	1035.0	642.0	401.0	235.5	135.0	70.5	29.5	18.0	10.5	4.5	1.5	1.5	0.5	0.0	0.0	0.0	0.0	0.0	0.0	0.0	0.0	0.0
PD_229P_1_bbduk_polyg_filt	0.0	0.0	0.5	1.0	0.5	1.0	1.0	0.0	1.0	1.0	4.0	13.0	21.0	45.0	101.0	176.5	308.0	566.5	916.5	1404.0	2162.5	3232.5	4704.0	6700.0	9201.5	12470.5	16376.0	20876.5	26222.5	32353.0	39396.5	47646.5	57001.0	67174.5	78845.0	92068.0	105699.0	119358.0	134192.5	150519.0	165709.5	179040.0	190947.5	200987.0	207571.0	209742.5	208924.5	206288.0	201581.0	193846.5	185331.5	176476.0	166971.5	158329.0	149765.5	141450.5	134805.0	128878.0	122997.5	117597.5	112198.5	106104.5	100003.5	93284.0	84892.5	75468.0	65897.0	56223.0	46443.5	37277.0	28956.0	21867.5	15943.5	11247.5	7856.5	5370.5	3492.5	2210.0	1397.0	878.0	538.0	332.5	189.5	96.5	53.0	31.0	18.0	8.5	3.5	1.5	1.0	1.0	0.5	0.0	0.0	0.0	0.0	0.0	0.0	0.0	0.0
PD_229P_2_bbduk_polyg_filt	0.0	0.0	0.0	0.5	0.5	0.0	1.0	2.0	3.0	5.5	10.5	14.5	23.0	42.5	96.0	185.5	293.0	488.5	847.5	1361.5	2118.5	3143.5	4543.5	6518.0	9036.0	12021.0	15746.0	20220.0	25715.5	31961.5	38701.0	46548.5	55735.0	65688.0	77178.5	90460.5	104046.0	118151.0	133127.5	148714.5	164122.0	178004.5	190308.0	200115.5	206366.0	209837.0	210399.5	207285.0	201433.0	194403.0	187130.0	178353.5	168471.0	159729.0	151306.0	142798.5	135440.0	129559.0	124285.5	118785.5	113368.0	107435.5	101300.5	94220.0	85353.0	76500.5	66627.0	56206.5	46456.5	37238.0	28930.0	21733.5	15901.0	11291.0	7877.0	5411.0	3510.5	2228.5	1397.0	877.5	541.5	337.0	204.0	104.5	50.0	29.5	18.0	10.5	5.0	1.0	0.5	1.0	0.5	0.0	0.0	0.0	0.0	0.0	0.0	0.0	0.0
PD_230S_1_bbduk_polyg_filt	0.0	0.0	0.0	0.0	0.0	0.0	0.5	0.5	3.0	7.0	11.0	18.0	40.0	88.5	170.5	308.5	505.5	824.5	1275.5	2010.0	3020.5	4413.5	6357.0	8882.5	12098.0	15964.5	20765.0	26583.0	33665.0	41539.5	50101.0	60164.0	71546.0	83673.5	97041.5	112004.0	127509.5	143138.5	159413.0	175630.5	190665.0	204178.0	215370.0	223657.0	227926.0	227697.0	223399.0	215466.0	205576.5	193725.5	179607.5	165261.0	150895.0	137101.0	124852.0	114323.0	105340.5	97751.0	91668.0	86238.5	81344.5	76642.0	71466.0	65901.0	60055.0	53418.0	46478.0	39722.0	33216.5	27048.0	21285.5	16244.5	12064.5	8857.5	6297.0	4302.0	2985.5	2059.0	1364.0	854.5	510.0	302.5	178.0	101.0	50.0	21.5	8.0	5.0	3.5	1.5	0.5	0.0	0.0	0.0	0.0	0.0	0.0	0.0	0.0	0.0	0.0
PD_230S_2_bbduk_polyg_filt	0.0	0.5	0.5	0.0	0.5	1.0	1.0	0.5	1.0	3.5	9.5	23.0	45.5	89.5	166.0	284.5	456.0	754.5	1235.0	1963.5	2979.5	4243.0	6074.5	8696.0	11897.0	15696.5	20435.0	26267.5	32924.5	40406.0	49090.0	59335.5	70683.0	82730.0	95786.5	109966.0	125978.0	142651.5	158444.5	174150.0	189696.5	203612.0	215239.5	223917.5	227834.5	227737.0	224383.5	217309.0	206830.0	194160.0	180704.5	166319.0	152235.0	138770.0	126108.5	115279.5	106455.0	98773.5	92135.5	86964.0	82086.0	77068.0	72000.5	66393.5	60110.5	53529.0	46620.0	39950.0	33499.5	26959.0	21067.0	16098.0	11953.0	8784.0	6256.0	4309.5	3005.0	2010.0	1300.0	842.0	514.5	307.0	179.0	97.5	47.5	24.5	9.0	3.5	3.5	1.5	0.5	0.5	0.0	0.0	0.0	0.0	0.0	0.0	0.0	0.0	0.0
PD_231P_1_bbduk_polyg_filt	0.0	0.0	0.0	0.0	0.0	0.5	1.0	1.0	1.0	2.5	10.0	28.5	63.0	110.0	197.0	368.5	619.0	1000.5	1547.0	2274.0	3324.5	4784.0	6734.5	9261.5	12492.0	16347.0	21099.5	26875.0	33692.5	41635.5	50223.5	59683.0	70867.0	83079.0	96502.0	112020.5	128434.0	145239.0	162419.0	180346.0	197839.5	213994.0	228643.0	241014.5	250960.0	257377.5	260452.5	259803.0	255818.0	249078.0	239838.5	228384.5	214556.0	200480.5	187124.5	174174.5	162066.5	151350.5	141205.0	131096.0	121365.5	112186.0	103293.0	93936.0	84183.0	74680.5	65102.0	55763.5	46723.5	38309.5	30986.0	24219.5	18424.5	13834.0	10181.5	7240.0	5159.5	3669.5	2507.5	1649.0	1031.5	651.0	398.0	219.0	124.5	63.0	34.0	25.0	15.0	8.5	5.0	1.5	1.5	1.0	0.0	0.0	0.0	0.0	0.0	0.0	0.0
PD_231P_2_bbduk_polyg_filt	0.0	0.0	0.0	0.0	0.5	0.5	1.5	3.5	3.0	3.5	15.5	37.5	63.5	114.5	209.5	355.5	600.5	965.0	1491.5	2263.5	3274.5	4619.5	6498.0	9085.0	12254.0	16078.5	20704.5	26244.5	32849.5	40367.0	48936.0	58660.0	69587.0	81622.0	95395.5	110488.5	126308.0	143271.5	160847.0	178590.5	195808.0	212586.0	227988.5	240722.5	251138.0	257940.5	260543.5	260569.0	256756.5	249768.5	241396.5	230288.5	216736.5	202418.0	188370.5	175133.5	163484.5	152820.5	142127.0	132067.5	122413.0	113033.0	103894.5	94275.5	84559.0	74901.5	65189.0	56185.5	47354.0	38479.5	30864.0	24467.5	18858.5	14054.5	10253.0	7388.0	5286.0	3660.5	2446.0	1640.0	1084.5	660.5	384.5	226.5	132.5	80.0	47.5	28.0	15.5	8.0	4.0	1.5	0.5	0.5	1.0	0.5	0.0	0.0	0.0	0.0	0.0
PD_232S_1_bbduk_polyg_filt	0.0	0.0	0.0	0.0	0.5	0.5	1.0	1.5	2.5	9.0	17.0	33.0	55.5	111.0	204.5	332.5	560.5	891.0	1364.5	2019.0	2918.5	4149.5	5750.0	7662.5	10103.5	12995.5	16578.0	21100.0	26000.5	31785.5	38650.5	46145.5	54618.5	64080.5	74731.5	86629.0	99033.5	112128.0	125597.0	138599.0	151464.0	163097.0	172670.0	180739.0	186277.0	189764.0	191310.5	190382.0	188060.5	185246.5	181685.5	177183.5	172543.0	167730.0	161522.0	154405.0	147769.5	140409.5	132104.5	123425.0	115013.0	106282.5	97230.0	88261.5	79098.5	70280.5	61227.5	52460.0	44499.0	37048.5	30062.5	23713.5	18221.0	13552.0	9924.0	7173.0	5013.0	3449.5	2286.0	1471.0	912.0	517.0	294.5	182.0	106.5	51.5	22.0	12.0	7.0	2.5	0.5	0.0	0.0	0.0	0.0	0.0	0.0	0.0	0.0	0.0	0.0
PD_232S_2_bbduk_polyg_filt	0.0	0.5	0.5	0.0	0.5	0.5	1.0	2.5	3.0	9.0	20.5	34.5	59.0	107.5	194.0	337.5	571.0	918.5	1358.5	1955.0	2845.0	4013.0	5631.0	7635.0	10043.0	13042.5	16661.5	20860.0	25806.5	31627.5	38023.5	45575.0	54140.5	63357.0	73683.0	85462.0	98246.0	111070.0	124199.5	137364.5	149916.5	161424.0	171585.0	180214.0	185925.0	189165.5	191048.0	190392.0	188915.5	186642.5	182662.0	178369.5	173406.0	168459.0	162572.5	155340.5	148541.0	141409.0	132864.5	124210.0	115847.5	106805.5	97729.5	89046.0	80146.0	70894.0	61424.5	52687.0	44797.5	36982.5	29780.0	23667.0	18291.5	13707.0	10031.5	7083.0	4942.0	3421.0	2243.5	1421.0	904.0	554.5	322.5	186.5	103.0	48.5	22.5	12.0	5.5	1.5	0.5	0.0	0.0	0.0	0.0	0.0	0.0	0.0	0.0	0.0	0.0
PD_25P_1_bbduk_polyg_filt	2.0	1.0	0.0	0.0	0.5	2.0	3.5	5.0	8.0	17.5	28.5	58.0	113.5	195.0	347.0	578.0	925.5	1402.0	2118.0	3058.0	4239.0	5724.0	7476.0	9686.5	12227.0	15060.5	18601.0	22527.5	26800.0	31814.0	37384.5	43785.5	50747.0	57935.0	66043.0	75096.5	85142.5	95270.5	105566.0	116371.5	127023.5	136977.5	145756.0	153105.5	157931.5	160768.5	161805.5	159626.0	154802.5	148478.0	141706.5	134303.5	126113.0	118083.5	110171.5	103206.5	97230.0	91788.5	86845.0	82426.0	78211.0	73683.0	69233.0	64307.5	59077.0	53806.5	47962.0	41852.5	36259.0	31043.5	25889.5	21392.5	17194.5	13369.5	10418.0	7905.0	5698.0	4076.0	2834.0	1958.5	1342.5	865.5	533.5	316.0	194.5	113.5	62.5	41.0	23.5	9.5	3.5	1.5	0.5	0.0	0.0	0.0	0.0	0.0	0.0	0.0	0.0
PD_25P_2_bbduk_polyg_filt	0.0	0.0	0.0	0.0	1.0	3.0	5.0	7.0	8.0	17.5	31.5	55.0	100.5	192.0	334.5	561.5	891.0	1413.5	2122.0	2997.0	4239.0	5754.5	7513.0	9709.0	12306.0	15308.0	18679.5	22528.0	26994.5	31803.5	37337.5	43801.5	50811.0	57877.0	65815.5	75039.0	84521.0	94537.5	105318.0	116052.5	126400.0	136740.0	145618.5	152520.0	158116.0	161343.5	161166.5	158753.0	154805.0	148887.5	141941.5	134257.5	126016.5	118272.0	110846.0	103333.5	97124.5	92316.0	87374.0	82304.5	78012.0	73880.0	69579.5	64734.0	59244.5	53872.0	48074.0	42223.0	36615.0	31061.5	25943.5	21358.5	17241.5	13588.5	10410.5	7776.0	5812.5	4200.5	2890.0	1960.0	1317.0	902.5	591.5	363.0	205.0	123.5	77.5	36.0	19.5	10.0	4.0	2.0	1.5	0.5	0.0	0.0	0.0	0.0	0.0	0.0	0.0
PD_26P_1_bbduk_polyg_filt	0.0	0.0	0.0	0.0	0.0	0.0	0.0	0.0	0.0	0.0	0.0	0.0	0.0	0.0	0.0	0.5	0.5	1.0	1.5	0.5	1.0	2.0	2.0	3.0	6.0	10.0	14.0	17.5	21.5	30.0	35.0	39.5	46.5	50.5	51.5	58.0	74.0	91.5	99.5	108.5	122.5	130.0	134.0	146.0	163.5	160.5	148.0	156.5	156.5	148.0	160.0	152.5	130.5	123.0	125.0	116.0	110.5	118.5	122.5	109.0	98.0	109.5	108.0	93.5	81.5	76.0	67.5	51.0	40.5	35.0	28.5	26.0	19.5	11.5	9.5	7.0	4.5	3.0	1.5	0.0	0.0	0.5	1.0	0.5	0.0	0.0	0.0	0.0	0.0	0.0	0.0	0.0	0.0	0.0	0.0	0.0	0.0	0.0	0.0	0.0	0.0
PD_26P_2_bbduk_polyg_filt	0.0	0.0	0.0	0.0	0.0	0.0	0.0	0.0	0.0	0.0	0.0	0.0	0.0	0.0	0.0	0.5	0.5	0.5	0.5	1.0	1.5	2.0	2.5	4.5	9.5	14.0	14.5	16.0	20.0	24.5	35.5	41.5	43.5	53.0	64.5	68.5	77.5	88.0	94.0	103.0	118.0	125.5	119.5	135.0	160.0	159.0	154.5	159.0	157.0	149.5	142.5	141.0	145.0	135.5	127.0	120.5	111.0	119.5	121.5	124.5	120.0	98.5	89.0	78.0	69.0	67.0	66.0	60.0	50.0	44.0	32.5	24.5	18.5	11.5	8.5	8.5	6.5	3.0	1.0	0.0	0.5	1.0	1.0	0.5	0.0	0.0	0.0	0.0	0.0	0.0	0.0	0.0	0.0	0.0	0.0	0.0	0.0	0.0	0.0	0.0	0.0
PD_27P_1_bbduk_polyg_filt	7.0	6.5	4.5	5.0	7.0	9.0	10.5	16.5	35.5	63.5	110.0	243.0	452.5	740.0	1223.0	1913.0	2897.0	4232.5	6069.0	8373.0	10933.5	13893.5	17339.0	21352.5	25959.5	30993.0	35645.0	40429.5	45754.5	51229.5	56597.0	62127.0	68188.0	74738.5	81953.5	89592.0	98191.5	106448.5	114920.0	124449.5	133701.0	142689.5	150751.5	156950.0	161344.5	165449.5	167731.0	167301.0	166265.5	164133.5	161152.5	157852.5	154294.5	150273.5	145939.0	142485.5	139293.0	135451.0	130840.5	125643.0	120099.5	113820.5	106442.5	98144.0	89310.0	80277.0	70528.5	60888.5	51905.0	43047.0	34908.0	27807.5	21600.0	16228.0	11930.5	8540.0	5971.5	4124.0	2767.5	1824.0	1170.5	737.0	422.5	248.5	159.0	82.5	48.5	26.0	14.0	8.0	5.0	3.5	1.5	0.5	0.0	0.0	0.0	0.0	0.0	0.0	0.0
PD_27P_2_bbduk_polyg_filt	7.0	6.5	4.0	5.0	5.5	3.5	9.0	19.0	36.5	70.0	124.0	223.0	433.5	757.0	1227.0	1906.0	2891.5	4247.0	6074.5	8341.0	10876.0	13870.5	17322.5	21317.5	25830.5	30462.0	35413.5	40413.5	45737.5	50996.5	56460.5	62236.5	67872.5	74152.5	81319.5	89213.5	97151.5	105608.5	114912.0	124123.0	132996.5	142052.5	149985.0	155859.5	160947.5	164665.5	166998.0	168175.0	166769.0	164280.5	161430.0	158142.0	154615.0	150889.0	146969.5	142898.5	139276.5	135805.5	131313.5	125865.5	120491.0	113920.5	106401.0	99094.5	90544.0	80838.5	70919.5	61235.5	52106.5	43162.5	35077.0	27975.0	21601.0	16275.0	12088.5	8648.5	5960.0	4116.0	2807.0	1841.5	1173.0	740.0	452.5	277.5	157.5	79.5	46.0	29.0	13.0	7.5	4.5	1.0	1.0	1.5	0.5	0.0	0.0	0.0	0.0	0.0	0.0
PD_28P_1_bbduk_polyg_filt	0.0	0.5	0.5	0.0	0.0	0.0	1.0	1.5	2.0	4.0	5.0	11.0	18.5	28.0	41.5	55.5	80.0	123.0	180.0	241.5	327.5	452.5	617.5	800.5	998.5	1275.5	1602.0	1930.5	2323.5	2809.5	3296.0	3786.5	4312.5	4801.5	5396.0	6062.5	6651.0	7294.5	8019.5	8713.5	9264.0	9825.5	10465.5	11148.0	11689.0	11912.5	12127.0	12391.0	12479.0	12298.5	12133.0	11899.0	11557.5	11192.0	10768.5	10415.5	10027.5	9694.0	9355.5	8919.0	8514.5	8051.0	7559.0	7123.0	6569.5	5869.5	5199.0	4596.0	3893.5	3274.5	2764.5	2231.0	1742.5	1293.0	958.0	715.0	514.0	359.5	251.5	167.0	97.5	58.5	37.0	24.5	15.0	7.0	2.0	0.0	0.0	0.0	0.0	0.0	0.0	0.0	0.0	0.0	0.0	0.0	0.0	0.0	0.0
PD_28P_2_bbduk_polyg_filt	1.0	0.5	0.0	0.0	0.0	0.5	1.0	0.5	2.0	3.5	3.5	8.5	13.5	23.0	36.0	57.0	84.0	110.5	163.5	253.0	338.0	440.5	610.5	803.5	1035.0	1306.0	1615.0	1899.5	2239.5	2736.5	3234.0	3709.5	4215.5	4784.5	5414.5	5975.0	6565.5	7172.0	7865.0	8642.5	9335.0	9973.0	10540.0	11118.5	11546.5	11884.5	12172.0	12344.0	12384.5	12326.5	12208.0	11864.5	11568.0	11306.0	10864.0	10391.5	10114.0	9850.5	9322.5	8853.5	8602.0	8170.5	7630.5	7127.5	6450.5	5811.5	5267.5	4652.5	3954.5	3312.5	2744.5	2187.5	1705.0	1311.0	985.5	727.5	522.5	357.5	243.5	161.0	100.5	62.5	37.5	23.0	11.5	4.5	2.0	0.5	0.0	0.0	0.0	0.0	0.0	0.0	0.0	0.0	0.0	0.0	0.0	0.0	0.0
PD_29P_1_bbduk_polyg_filt	0.0	0.5	0.5	0.0	1.5	2.5	5.0	11.5	21.0	47.0	86.0	142.0	262.0	441.0	714.0	1063.5	1479.5	2052.5	2854.0	3923.5	5138.5	6524.5	8266.5	10301.0	12718.5	15325.0	18342.5	21785.5	25457.5	29422.0	33491.5	37775.0	42482.5	47866.5	53553.5	59611.0	66165.5	72363.5	79194.5	87008.5	94480.0	101475.5	108096.5	113690.5	117800.0	120630.5	122175.0	121988.5	120345.5	117296.0	113316.5	108895.0	103696.0	98556.0	93519.0	89312.0	86136.5	83250.5	81403.5	79917.5	78413.5	77075.0	75366.5	72481.0	68352.0	63639.5	57578.0	50982.5	44436.5	37527.0	30915.5	24924.5	19554.5	14927.0	11122.0	8074.0	5692.0	3986.5	2776.5	1852.0	1202.5	753.5	473.5	321.5	206.0	109.5	68.0	41.5	20.5	14.0	8.5	2.5	1.5	0.5	0.0	0.0	0.0	0.0	0.0	0.0	0.0
PD_29P_2_bbduk_polyg_filt	0.0	0.0	0.5	0.5	0.5	3.5	5.5	11.5	23.5	45.0	87.0	160.0	268.0	424.0	643.0	994.0	1468.5	2057.0	2875.0	3882.0	5082.5	6530.0	8232.0	10189.0	12517.0	15266.5	18234.5	21477.5	25350.0	29207.0	33064.5	37674.5	42470.0	47065.0	52630.0	59157.0	65687.5	72222.0	79373.5	86797.5	94053.5	101040.0	107409.5	113201.5	117916.0	120957.5	121955.0	121845.0	120487.0	117735.5	113770.0	109482.5	104551.0	98942.5	94019.5	89390.5	85966.0	83775.5	81957.0	80335.0	78915.5	77400.5	75552.5	72775.0	68624.0	63479.0	57575.0	51200.5	44379.0	37567.0	30961.0	24824.5	19558.5	14926.0	11172.0	8165.5	5731.5	4017.5	2761.0	1814.5	1198.5	795.5	508.0	324.0	197.5	112.0	59.5	36.0	25.5	16.0	8.0	3.5	1.5	0.0	0.0	0.0	0.0	0.0	0.0	0.0	0.0
PD_2P_1_bbduk_polyg_filt	1.0	2.0	2.5	1.0	0.0	1.5	6.0	12.5	22.5	50.0	103.5	204.0	341.5	554.5	920.0	1415.0	2043.0	2941.0	4093.0	5496.0	7087.0	8731.0	10731.5	13043.5	15437.0	18035.0	20892.5	23630.0	26317.0	29247.5	32296.0	35489.0	38680.0	41781.5	45463.5	49764.5	54752.5	59752.5	64725.0	70267.0	75405.5	80184.0	84979.0	88992.5	91924.5	93881.0	94634.5	94870.0	94325.0	92840.0	91390.0	89791.0	88142.5	86519.0	85242.0	84417.0	83693.5	82675.0	81633.0	80306.0	78227.5	75672.5	71904.5	67069.0	61744.0	56005.5	49489.5	42581.5	35785.0	29656.5	23954.5	18807.0	14496.0	10902.0	8015.0	5668.0	3957.5	2684.0	1815.0	1185.0	758.0	486.0	275.5	157.0	105.0	65.5	32.5	17.5	12.5	5.0	0.5	0.0	0.0	0.0	0.0	0.0	0.0	0.0	0.0	0.0	0.0
PD_2P_2_bbduk_polyg_filt	1.0	1.0	1.5	1.5	1.5	2.5	7.0	14.0	25.5	58.5	109.5	200.0	355.5	565.0	891.0	1393.5	2049.5	2975.0	4140.5	5413.5	6993.0	8778.0	10616.0	12857.5	15332.0	17866.5	20705.5	23535.0	26235.0	29120.5	32070.0	35283.5	38523.0	41627.0	45392.5	49645.5	54099.0	58720.0	64161.5	69605.0	74662.5	79694.0	84299.0	88247.5	91308.0	93550.5	94528.5	94829.0	94572.5	93431.0	91760.0	89865.5	88512.5	87466.5	85936.0	84581.0	83597.5	83030.0	82119.5	80396.0	78623.5	76110.5	72477.5	67624.0	62097.0	56179.5	49374.5	42599.5	36229.0	30064.5	24156.5	19095.5	14851.5	11061.0	8114.5	5817.5	3994.5	2727.5	1849.0	1235.0	799.5	492.0	302.5	178.0	108.5	71.5	38.0	18.5	11.0	6.0	3.0	1.0	0.0	0.0	0.0	0.0	0.0	0.0	0.0	0.0	0.0
PD_30P_1_bbduk_polyg_filt	1.0	0.5	0.0	0.0	0.0	1.5	1.5	3.5	5.5	8.0	20.5	39.5	79.5	134.0	205.0	333.0	532.0	815.0	1185.0	1719.0	2419.5	3244.0	4399.0	5808.5	7357.5	9335.0	11781.5	14444.0	17521.0	20977.0	24708.0	28904.0	33780.5	39114.0	44893.0	51491.5	58652.0	66034.5	74124.0	82607.0	90723.0	97779.0	103933.5	109651.0	113840.5	116517.0	117730.5	117271.0	115170.0	111706.0	107597.5	102680.5	97707.0	92703.0	87068.5	81908.5	77105.5	72920.0	69404.5	65457.0	61593.5	57802.0	53353.5	48673.0	43777.5	38635.0	33517.0	28538.0	23757.0	19265.0	15153.0	11737.0	8892.0	6432.5	4592.0	3195.0	2190.0	1517.0	1007.5	611.0	383.5	236.0	132.5	68.0	38.0	26.5	11.5	2.5	2.0	3.0	2.0	0.5	0.0	0.0	0.0	0.0	0.0	0.0	0.0	0.0	0.0
PD_30P_2_bbduk_polyg_filt	0.0	0.0	0.0	0.5	1.5	1.0	1.5	3.0	5.5	14.0	22.0	44.5	74.0	125.5	218.0	340.0	525.0	811.5	1184.0	1615.5	2272.0	3164.5	4271.5	5665.0	7340.0	9273.5	11522.0	13996.5	16949.5	20399.0	24271.5	28573.0	33146.0	38296.0	44149.0	50786.0	57997.0	65514.0	73577.0	82120.5	89981.5	97067.5	103489.5	109159.0	113903.0	117018.0	118359.5	117616.5	115183.5	111933.0	108092.0	103452.5	97998.0	92706.5	87305.5	82159.5	77845.0	73755.5	69608.5	65584.0	62107.0	58286.0	53800.5	49373.0	44583.0	39174.5	33648.0	28675.5	24041.0	19348.5	15352.5	11971.0	9010.0	6563.0	4685.5	3250.0	2233.5	1515.5	954.5	588.0	385.5	232.0	126.5	73.5	42.0	25.5	14.0	7.5	4.0	3.0	2.0	0.5	0.0	0.0	0.0	0.0	0.0	0.0	0.0	0.0	0.0
PD_31P_1_bbduk_polyg_filt	0.0	0.0	0.0	0.0	0.0	0.0	1.0	2.0	4.5	13.5	24.0	44.0	91.0	159.5	262.0	438.5	697.5	1019.0	1504.5	2202.0	3146.0	4323.5	5784.5	7681.0	9892.0	12563.5	15790.5	19416.0	23651.0	28251.0	33275.0	39070.5	44864.5	50592.0	56955.0	63881.5	70718.5	77355.0	83825.5	89373.0	94378.5	99458.5	103736.0	106900.5	109411.0	111406.5	112314.5	112720.0	113471.5	114482.5	115359.0	116317.5	117568.0	118581.0	120221.0	121971.5	123675.0	125756.5	126802.5	126210.0	124594.0	121601.0	116307.0	108449.0	98510.0	87324.5	75144.5	62957.5	51428.0	40385.0	30517.0	22511.5	16197.5	11364.5	7802.5	5170.5	3311.0	2097.5	1319.5	813.0	497.5	296.5	165.5	93.0	51.5	23.0	12.5	7.0	3.5	2.5	0.5	0.0	0.5	0.5	0.0	0.0	0.0	0.0	0.0	0.0	0.0
PD_31P_2_bbduk_polyg_filt	0.0	0.0	0.0	0.0	0.0	0.5	1.5	3.0	6.5	11.0	23.0	47.5	79.5	134.5	242.0	434.0	701.0	1051.5	1542.5	2178.0	3116.0	4355.0	5786.5	7581.5	9847.0	12519.0	15717.5	19419.5	23459.0	27912.0	33081.0	38722.5	44554.0	50546.0	56868.5	63798.5	70436.5	76671.0	82886.0	88883.5	94244.5	99261.0	103715.0	106793.5	109355.0	111534.0	112353.5	113052.0	114029.5	114426.5	115433.0	116828.0	118009.0	119246.5	120494.0	121786.5	123883.5	125874.5	126405.5	126213.0	124760.5	121355.0	116496.5	108993.0	98688.0	87042.0	75043.0	63187.0	51462.0	40401.0	30765.5	22736.0	16243.5	11426.0	7903.5	5284.5	3343.0	2084.5	1337.0	850.0	520.5	290.5	163.5	95.5	49.5	27.0	16.5	8.5	2.5	1.5	0.5	0.0	0.5	0.5	0.0	0.0	0.0	0.0	0.0	0.0	0.0
PD_32P_1_bbduk_polyg_filt	0.0	0.0	0.0	0.0	0.0	0.0	1.5	4.0	6.5	14.5	36.0	75.0	132.5	218.0	363.0	600.0	909.5	1314.5	1887.0	2658.0	3684.0	5074.5	6751.0	8627.0	10927.5	13591.0	16663.5	20447.5	24750.5	29357.0	34847.0	40915.5	47371.5	54727.5	63172.5	72814.5	83043.0	93672.5	104947.0	116825.0	128993.5	140372.0	150845.5	160192.5	167511.0	173022.0	175954.5	176090.0	174607.0	171391.0	166082.0	159381.0	151937.5	143995.0	135999.5	128587.0	122290.5	116761.0	111758.5	107137.0	102476.0	97823.0	93035.0	87659.0	80926.0	73251.0	65134.0	57081.5	49182.5	41165.5	33565.5	26819.5	20896.0	15881.0	11861.5	8524.0	5988.0	4166.5	2766.5	1749.5	1119.0	718.0	438.5	267.0	164.5	88.0	48.0	24.5	15.0	8.0	3.0	2.5	1.5	0.5	0.0	0.0	0.0	0.0	0.0	0.0	0.0
PD_32P_2_bbduk_polyg_filt	0.0	0.0	0.0	0.0	0.0	0.0	1.0	3.0	11.0	21.0	39.5	72.5	123.0	221.5	393.0	589.0	888.0	1346.5	1909.5	2635.5	3594.0	4858.0	6572.5	8580.5	10862.5	13442.0	16689.0	20534.0	24547.5	29217.5	34716.0	40701.5	47055.0	54081.0	62643.0	72246.0	82256.5	92835.5	104003.5	115852.0	127928.5	139424.0	149944.5	159089.0	166357.0	171989.5	175250.5	175888.0	174551.0	171489.0	166472.0	159940.0	152354.0	144587.0	136958.0	129394.5	122980.0	117405.0	112367.5	107855.5	103407.0	98468.5	93262.0	87735.0	81360.0	73964.5	65828.5	57803.5	49698.5	41650.5	34074.5	27258.0	21374.5	16189.0	12021.5	8691.0	6164.5	4348.5	2872.0	1838.0	1170.0	747.0	463.0	287.0	183.5	101.5	55.0	31.0	14.5	9.0	6.0	2.5	0.5	0.0	0.0	0.0	0.0	0.0	0.0	0.0	0.0
PD_33P_1_bbduk_polyg_filt	0.0	0.0	0.0	0.0	0.0	2.0	3.0	4.0	7.0	14.0	31.5	57.0	94.0	155.0	276.0	414.0	646.0	1007.5	1427.5	2046.0	2924.5	4081.0	5552.5	7459.0	9680.5	12486.5	15811.5	19368.5	23679.5	28415.0	33548.0	39250.5	45318.0	51968.5	59476.5	67498.0	76047.0	84737.5	93545.0	103315.0	113623.0	123935.0	133555.0	142235.0	149375.0	155284.5	159728.0	161904.5	162940.0	162483.0	159888.5	155984.0	151738.0	147454.0	143509.5	139666.5	136257.5	133071.0	129970.0	127380.0	123695.5	119180.0	114600.0	108581.5	100871.5	92419.5	83229.0	73212.0	63001.0	53143.5	43444.0	34608.0	26943.0	20393.5	15298.5	11023.0	7631.5	5221.0	3446.5	2200.0	1389.0	851.5	479.5	276.5	162.5	88.0	51.5	31.0	14.0	6.0	4.5	3.5	1.0	0.0	0.0	0.0	0.0	0.0	0.0	0.0	0.0
PD_33P_2_bbduk_polyg_filt	0.0	0.0	0.0	0.0	0.5	1.0	5.5	8.0	9.0	17.5	32.0	54.5	97.0	170.0	266.0	402.5	663.5	991.5	1423.5	2061.5	2969.0	4041.0	5465.0	7416.5	9692.5	12414.0	15570.0	19118.5	23366.5	28170.0	33410.5	39000.5	45135.5	51838.0	59130.0	67174.0	75407.0	84364.5	93562.5	103056.5	113241.5	123092.0	132533.0	141297.0	148763.5	154946.0	159688.5	162202.0	162743.5	162003.0	159864.5	156650.5	152378.5	148030.0	143829.0	140000.5	136843.5	133246.5	130301.5	127469.5	123937.0	119911.5	114911.5	109160.5	101780.0	92900.5	83378.0	73413.5	63258.5	53247.5	43728.0	34991.0	27252.0	20515.5	15225.5	11029.5	7680.0	5277.0	3510.5	2232.5	1390.0	844.5	516.5	298.0	157.0	94.0	54.5	27.5	11.0	3.5	2.5	2.5	1.5	1.0	0.5	0.0	0.0	0.0	0.0	0.0	0.0
PD_34P_1_bbduk_polyg_filt	0.0	0.0	0.5	0.5	0.0	0.5	1.0	2.5	6.0	17.0	32.5	59.0	103.0	185.5	300.0	483.0	814.0	1263.0	1859.5	2771.0	3988.5	5354.5	7219.0	9610.5	12177.0	15503.0	19587.5	23891.5	28995.0	35018.0	41541.5	48847.0	57251.5	66397.0	76667.0	88295.0	100523.5	113220.0	126131.5	138755.5	151394.5	163317.0	173530.0	182115.5	188705.0	192347.5	193094.5	190989.5	186306.0	180131.0	172907.5	164405.0	155318.0	147027.5	139392.0	132343.0	125997.0	120689.5	116159.0	112053.0	107764.0	102960.0	97808.5	92007.0	85453.0	77983.5	69570.0	61108.5	52575.5	43859.5	35990.5	28781.0	22176.5	16742.5	12394.5	8773.0	6110.0	4158.5	2697.5	1758.0	1090.5	659.5	387.0	217.5	129.0	69.5	33.5	20.0	12.0	6.0	2.5	0.0	0.0	0.0	0.5	0.5	0.0	0.0	0.0	0.0	0.0
PD_34P_2_bbduk_polyg_filt	0.0	0.0	0.0	0.0	0.0	0.5	1.5	3.0	7.0	14.0	28.0	51.5	98.5	187.0	308.5	521.5	853.5	1290.5	1849.5	2690.0	3835.5	5287.0	7115.0	9502.0	12249.0	15450.0	19380.5	23846.5	29142.5	35013.0	41486.0	48931.0	57159.0	65800.0	76028.0	87365.5	99277.5	112145.5	125253.5	138422.0	150916.5	162623.0	172758.5	180962.5	187447.5	191982.0	193562.0	191602.0	186810.5	180737.5	173682.0	164910.5	155939.0	147869.5	139819.0	132355.0	126227.0	121045.5	116750.0	112342.0	107903.5	103508.5	98552.0	92633.5	85828.5	78163.0	69398.5	60951.5	52716.0	43963.0	35802.0	28772.5	22521.5	17037.0	12556.0	8993.5	6275.5	4244.0	2786.5	1791.0	1100.5	675.0	392.5	229.5	141.5	70.0	38.0	24.5	13.0	5.5	2.5	1.0	0.0	0.0	0.5	0.5	0.0	0.0	0.0	0.0	0.0
PD_35P_1_bbduk_polyg_filt	0.0	0.0	0.0	0.0	0.0	2.5	4.5	17.0	52.5	87.0	152.5	290.0	507.0	775.5	1092.5	1561.0	2214.0	3052.0	4197.0	5596.0	7281.0	9378.5	11893.0	14996.0	18497.0	22581.0	27401.5	32917.0	39011.5	44946.0	51498.0	59271.5	67608.5	76109.5	85327.5	96013.5	107331.0	119203.5	131842.5	144215.0	156653.0	168069.0	177645.5	184985.0	188931.0	190267.5	188694.5	183665.0	176184.5	167313.0	157832.0	147637.5	137294.0	127298.0	118426.5	111245.5	104531.0	98925.5	93830.5	88823.5	84400.5	79366.0	73886.5	68172.0	61854.5	54715.5	47214.5	40235.5	33685.0	27289.5	21498.0	16569.0	12442.0	9400.5	6934.0	4842.0	3372.5	2272.0	1505.0	1049.5	702.0	431.5	264.5	189.5	122.0	57.0	25.0	14.0	7.0	3.5	2.5	1.0	1.0	0.5	0.0	0.0	0.0	0.0	0.0	0.0	0.0
PD_35P_2_bbduk_polyg_filt	0.0	0.0	0.5	0.5	1.0	3.0	6.0	19.5	48.5	83.0	168.0	315.0	504.5	734.5	1096.5	1632.5	2288.5	3054.0	4038.0	5374.5	7206.0	9419.0	11859.0	14913.0	18543.5	22633.5	27383.0	32537.5	38690.5	45223.0	51529.5	58817.0	67180.5	75636.0	84676.5	95449.5	107166.0	118472.5	130953.0	144445.0	156283.0	167065.0	176915.0	184327.0	188661.0	190613.0	188947.0	184026.0	176950.5	167928.5	158267.0	147555.5	137084.0	127731.0	118890.0	111616.5	105183.0	99141.0	94068.5	89405.5	84604.5	79651.0	74411.5	68300.5	61633.5	54597.0	47470.5	40490.5	33643.0	27273.5	21510.0	16663.5	12720.5	9456.0	6992.5	4969.5	3400.5	2367.0	1582.5	1011.0	648.5	421.0	280.0	183.0	107.5	61.0	31.5	13.5	8.0	5.0	3.0	1.5	1.0	0.5	0.0	0.0	0.0	0.0	0.0	0.0	0.0
PD_36P_1_bbduk_polyg_filt	0.0	0.0	0.0	0.0	0.0	0.0	0.0	0.0	0.0	0.0	0.0	0.0	0.0	0.0	0.0	0.0	0.5	0.5	0.0	0.5	1.5	4.0	4.5	4.5	5.0	7.5	6.5	8.5	12.5	17.0	22.0	22.5	27.0	29.5	29.0	31.5	39.0	45.5	47.5	48.5	64.0	77.5	83.0	79.5	71.5	73.5	68.0	54.5	65.0	75.0	66.0	64.0	61.0	66.0	68.0	56.5	45.0	42.0	43.0	41.0	48.0	45.0	33.5	36.0	34.0	33.5	30.0	27.0	28.0	20.5	16.5	11.5	5.5	4.0	4.0	3.5	2.0	1.0	1.5	1.5	1.0	1.5	1.0	0.0	0.0	0.0	0.0	0.0	0.0	0.0	0.0	0.0	0.0	0.0	0.0	0.0	0.0	0.0	0.0	0.0	0.0
PD_36P_2_bbduk_polyg_filt	0.0	0.0	0.0	0.5	1.0	0.5	0.0	0.5	0.5	0.0	0.0	0.0	0.0	0.5	0.5	1.0	1.0	0.0	0.5	1.5	2.0	2.0	3.0	5.0	7.5	6.5	6.0	7.5	12.5	16.5	16.5	19.5	27.0	28.5	33.5	41.0	39.0	43.0	56.0	62.0	66.5	74.0	76.5	78.5	72.0	69.0	67.0	67.5	69.5	63.5	66.0	67.5	65.0	60.5	55.5	56.0	54.0	50.0	54.5	50.5	35.5	32.0	34.0	32.0	31.0	29.0	23.5	23.0	23.0	21.0	15.5	9.5	8.0	8.0	6.0	4.5	5.0	3.0	2.5	3.0	1.0	0.0	0.5	1.0	0.5	0.0	0.0	0.0	0.0	0.0	0.0	0.0	0.0	0.0	0.0	0.0	0.0	0.0	0.0	0.0	0.0
PD_38P_1_bbduk_polyg_filt	0.0	0.0	1.0	1.5	1.0	0.5	1.5	3.0	5.0	6.0	13.0	26.5	51.0	97.0	152.5	257.0	470.0	761.5	1157.5	1838.5	2748.5	3950.5	5646.5	7881.0	10614.0	13860.5	18070.0	22989.0	28719.0	35601.0	43438.5	52242.5	62212.5	73125.0	85476.0	99253.5	112893.5	126190.5	140435.5	154945.0	167690.5	179019.0	187925.0	192903.0	194788.0	193928.5	189537.0	181476.5	171522.5	159337.5	145146.0	130310.5	115203.0	100937.5	87371.0	75205.0	65057.5	56785.0	49748.5	43391.5	38613.0	34762.5	31144.0	27825.0	25072.5	22619.0	19791.0	17362.5	15147.5	12748.5	10602.5	8672.5	6940.0	5455.5	4192.5	3107.0	2183.5	1553.5	1092.5	753.5	510.5	339.0	216.5	130.5	84.0	43.5	19.0	12.5	7.0	4.0	2.0	0.5	0.0	0.5	0.5	0.0	0.0	0.0	0.0	0.0	0.0
PD_38P_2_bbduk_polyg_filt	0.0	0.0	0.0	0.5	1.0	3.0	4.5	4.5	4.5	6.5	12.5	32.0	58.0	97.0	159.0	260.0	452.5	739.5	1174.5	1781.5	2763.0	4091.5	5564.5	7654.0	10430.0	13741.0	17842.5	22773.0	28603.0	35150.5	42980.0	52218.0	61976.5	72357.0	84554.5	98169.0	111786.5	125782.0	139793.0	153578.5	166974.5	177988.5	186414.0	192175.0	194786.0	193851.0	189042.0	181434.5	171913.5	159942.5	146272.5	131594.5	116193.0	101966.0	88542.5	76145.0	65832.5	57443.0	50320.0	44141.0	39216.0	35086.5	31430.0	28138.0	25129.5	22559.5	20133.5	17604.0	15085.0	12783.0	10687.0	8728.5	7008.5	5552.0	4221.5	3096.5	2259.0	1632.5	1141.5	776.0	510.5	330.0	212.5	129.5	85.5	51.5	28.0	14.0	4.5	3.0	2.0	0.5	0.0	0.5	0.5	0.5	1.0	0.5	0.0	0.0	0.0
PD_39P_1_bbduk_polyg_filt	2.0	6.0	10.5	11.0	9.0	5.5	7.0	16.0	34.5	62.0	109.0	210.0	399.5	649.0	973.5	1541.0	2317.5	3232.0	4464.0	6108.5	8058.0	10215.0	12807.5	15661.0	18672.5	21634.0	24316.0	27207.5	29831.5	32162.5	34218.5	36018.5	37498.0	38820.0	40492.0	42155.5	43882.5	45665.0	47971.0	50637.0	53131.5	55825.0	58247.0	60368.0	62130.5	63536.0	64581.5	64933.5	65117.5	64895.5	64835.5	65037.0	65142.5	65369.0	66000.5	67161.0	68105.0	69150.0	70208.5	70906.5	71297.0	70349.0	68067.5	64781.5	60480.0	55231.5	49248.0	43216.5	36993.0	30848.0	25168.5	20034.0	15556.0	11747.5	8615.0	6136.0	4348.0	3039.5	2053.0	1324.5	834.5	508.5	307.5	200.5	119.0	68.0	33.0	16.0	8.5	2.5	1.5	1.5	0.5	0.0	1.0	1.5	0.5	0.0	0.0	0.0	0.0
PD_39P_2_bbduk_polyg_filt	1.0	6.5	7.0	3.0	6.0	8.0	9.5	15.0	29.5	52.0	95.5	195.0	335.0	544.5	903.0	1423.5	2124.0	3119.0	4338.5	5809.5	7682.0	9940.0	12475.0	15172.0	18147.5	21188.0	24019.0	26688.5	29426.0	31635.5	33388.0	35252.5	36923.0	38349.0	39984.0	41780.0	43206.5	44839.0	47037.5	49612.5	52675.5	55464.0	57799.0	60310.0	62228.0	63424.5	64459.5	64878.5	64996.5	65337.0	65334.5	65423.0	65846.0	66130.5	66606.5	67322.5	68379.5	69631.0	70939.0	71552.0	71320.5	70612.0	68779.5	65539.5	61112.0	56062.0	50123.0	43958.5	37690.0	31298.0	25599.0	20574.0	15847.5	11826.0	8832.5	6360.5	4486.5	3142.0	2103.5	1361.0	888.0	558.5	337.5	190.0	106.0	67.0	44.5	25.0	13.0	5.0	1.5	2.0	2.0	1.0	0.5	0.0	0.0	0.0	0.0	0.0	0.0
PD_3P_1_bbduk_polyg_filt	0.0	0.0	0.0	0.0	0.0	0.5	3.0	6.5	11.0	23.5	46.0	88.0	169.0	269.5	376.5	577.0	891.5	1274.5	1736.0	2403.0	3317.5	4562.0	6203.0	8165.0	10629.5	13726.0	17266.5	21133.0	25702.5	30914.5	36660.0	43015.0	50103.0	57500.5	65585.5	74674.5	84119.0	93562.5	103318.0	113228.0	122994.5	132097.0	139933.5	147333.0	153340.5	157462.0	160693.0	161945.0	161516.5	159869.0	157012.0	152513.0	146563.0	140749.0	134348.0	126931.5	118627.5	110192.5	102060.5	93781.0	85547.0	77599.0	69217.5	60480.5	52298.5	44836.0	37802.5	31538.0	26042.0	20770.5	15999.0	12197.0	9176.5	6724.0	4865.0	3375.5	2223.0	1463.5	957.5	602.5	357.0	209.5	125.0	74.5	47.0	26.5	14.5	7.5	4.5	2.5	0.5	0.5	1.0	0.5	0.0	0.0	0.0	0.0	0.0	0.0	0.0
PD_3P_2_bbduk_polyg_filt	0.0	0.0	0.0	0.0	0.0	1.0	1.0	2.0	13.0	23.0	46.0	85.0	153.0	265.0	384.0	554.5	823.5	1204.5	1724.0	2426.5	3314.0	4504.5	6067.0	7936.5	10418.5	13420.0	16755.0	20813.5	25544.5	30604.0	36027.5	42297.5	49463.5	56878.5	64820.0	73784.0	83170.5	92491.5	102133.0	111849.5	121374.5	130212.5	138783.5	146792.0	153017.5	157662.0	160947.5	162024.5	161402.0	160024.5	157230.5	153075.5	147659.0	141425.5	134656.0	127337.5	119655.0	111577.5	103368.0	94855.0	86305.5	77927.0	69909.5	61677.0	53384.0	45932.0	38585.0	32022.5	26326.0	21137.0	16398.5	12439.5	9345.0	6851.0	4973.5	3464.0	2294.0	1491.5	965.5	626.0	400.0	223.5	120.5	72.5	45.0	24.5	16.0	6.0	4.0	3.0	1.0	0.0	0.0	0.5	0.5	0.0	0.0	0.0	0.0	0.0	0.0
PD_40P_1_bbduk_polyg_filt	0.0	0.0	0.0	1.0	2.0	3.0	2.5	1.0	5.0	10.0	13.5	26.0	40.0	67.5	133.0	279.0	572.0	983.5	1586.0	2518.5	3764.0	5540.0	7854.5	10791.0	14438.0	18996.5	24544.0	30975.0	38448.0	46886.5	55876.5	65338.5	74885.0	83767.0	92245.0	100153.0	106698.0	111991.0	116493.0	120166.0	123509.5	125957.0	127147.5	126896.5	124755.5	121514.5	116381.5	110157.5	103478.0	95683.0	88378.5	82274.5	76941.0	72175.5	68494.5	65919.0	64424.5	63519.5	62589.0	61753.0	60865.5	59458.5	57497.0	54979.0	51255.0	46562.5	41391.5	36206.5	31078.5	25936.5	20923.0	16504.0	12784.0	9531.0	6925.0	4905.0	3323.0	2243.0	1503.5	963.5	623.0	374.0	225.0	127.5	62.5	37.5	26.0	15.5	8.0	2.0	0.0	1.0	2.0	1.0	0.0	0.0	0.0	0.0	0.0	0.0	0.0
PD_40P_2_bbduk_polyg_filt	0.0	0.0	0.5	1.5	2.5	4.0	4.5	3.5	4.0	8.5	14.0	22.0	40.0	77.5	142.0	270.5	547.5	993.5	1561.5	2394.5	3728.0	5483.0	7697.0	10611.0	14300.0	18854.0	24389.0	30745.0	38278.0	46586.5	55545.5	65182.0	74389.5	83055.0	91804.5	99473.5	105896.0	111545.5	116286.0	120106.5	123250.0	125752.0	126847.0	126785.0	124787.5	121151.0	116390.0	110697.0	104009.5	96295.5	88937.5	82814.0	77358.0	72399.5	68693.5	66129.5	64537.5	63741.5	63148.0	62178.0	61222.0	59834.0	57693.5	55127.5	51418.0	46778.5	41665.0	36340.5	31123.5	25951.0	21039.5	16680.0	12813.5	9558.5	6974.5	4871.0	3319.0	2252.5	1499.0	998.0	637.5	391.0	236.0	131.0	74.5	52.0	34.5	18.0	6.5	1.5	1.0	1.5	2.0	1.0	0.0	0.0	0.0	0.0	0.0	0.0	0.0
PD_41P_1_bbduk_polyg_filt	2.0	1.5	3.5	3.5	2.5	3.0	5.5	12.0	21.0	42.0	71.5	118.0	198.0	295.5	485.5	798.5	1235.0	1885.5	2719.0	3830.5	5357.5	7092.5	9327.0	12234.0	15382.0	18948.5	22718.0	26345.5	30368.0	34691.5	38857.0	43225.5	47665.5	52184.0	57026.5	62142.5	67773.0	73997.5	81000.0	87740.0	94550.0	101092.5	106413.0	111490.0	114974.0	116774.0	117555.0	116626.0	114253.5	110914.0	107242.5	103353.5	99069.0	94165.5	89263.5	84807.0	80811.5	77509.0	74023.5	70995.5	68279.5	65530.0	62548.5	58824.5	55036.5	50888.5	45924.5	40482.5	35074.0	29621.5	24300.5	19507.0	15144.5	11287.5	8364.0	6126.5	4255.0	2910.0	1969.5	1262.0	788.5	474.5	268.5	160.0	107.0	56.5	24.0	11.0	6.5	4.0	1.0	1.0	1.5	0.5	0.0	0.0	0.0	0.0	0.0	0.0	0.0
PD_41P_2_bbduk_polyg_filt	1.0	1.5	1.0	3.0	6.5	7.5	7.0	10.0	25.5	44.5	69.5	113.0	178.0	293.0	479.0	776.5	1246.5	1847.5	2661.5	3720.0	5131.5	7011.5	9250.5	11953.5	15093.5	18515.5	22129.0	26189.0	30400.0	34387.5	38555.5	42760.5	47130.5	51740.5	56673.0	61997.5	67567.5	73698.5	80271.5	87109.0	93974.5	100378.0	105980.5	110940.5	114674.0	116629.5	117215.5	116711.5	114851.0	111540.0	107781.0	103429.5	98704.5	94194.5	89987.0	85720.0	81355.0	77737.5	74735.0	71893.5	68979.0	66016.5	62978.0	59468.5	55626.0	51271.0	45915.0	40485.5	35234.5	29643.5	24330.0	19686.0	15236.5	11370.5	8387.0	6058.5	4257.0	2868.0	1935.0	1285.5	784.0	481.5	290.5	154.0	87.5	49.0	26.5	17.0	9.0	2.0	0.0	0.5	1.0	0.5	0.0	0.0	0.0	0.0	0.0	0.0	0.0
PD_42P_1_bbduk_polyg_filt	0.0	0.0	0.0	0.0	0.0	0.0	1.0	2.5	3.5	4.0	12.0	26.0	52.0	101.0	177.0	288.0	491.0	803.5	1241.0	1858.5	2790.5	4125.5	5956.0	8258.5	10875.5	14035.0	18067.5	22900.5	28419.5	34560.5	41246.5	48615.0	56848.5	65186.0	74333.5	84507.5	94629.0	105252.0	116008.5	126505.5	136016.5	144441.5	151207.5	154730.0	156242.0	155518.5	151766.5	146092.5	139205.5	131796.5	124808.5	118433.5	112932.5	109487.5	107174.0	106166.0	106941.5	108479.0	110634.5	112212.0	113082.0	113094.5	111240.5	106420.0	99306.5	91059.0	80856.0	70089.5	59212.0	48080.0	37851.0	29146.0	22027.5	16324.5	11959.5	8431.0	5798.5	3980.5	2621.0	1707.0	1101.5	724.5	479.5	267.0	147.5	94.5	53.5	23.5	14.0	7.0	5.0	3.0	1.0	0.0	0.0	0.0	0.0	0.0	0.0	0.0	0.0
PD_42P_2_bbduk_polyg_filt	0.0	0.0	0.0	0.0	0.0	0.0	0.5	2.5	4.0	6.0	10.0	22.0	46.5	91.0	154.0	271.5	496.5	811.0	1218.0	1849.5	2825.5	4127.0	5838.5	8129.5	10885.0	14048.5	17925.5	22565.0	28108.0	34364.5	41068.5	48499.0	56526.0	64841.0	74202.0	84154.0	94235.5	104755.5	115160.0	125667.0	135448.5	144230.5	151242.0	155207.0	156272.0	155323.0	151931.5	146123.0	139537.5	131961.5	124896.0	119250.5	114074.5	110094.0	107834.5	106815.0	107124.5	108689.5	110523.0	112629.0	113580.0	113156.0	111526.0	106728.0	99815.5	91197.5	80545.5	69814.0	58839.0	47924.5	37897.0	29092.0	22068.0	16456.0	12027.0	8475.5	5848.5	3988.0	2697.5	1724.5	1095.5	743.0	482.5	269.0	156.0	104.5	51.0	27.0	13.0	5.5	4.0	3.0	1.5	0.0	0.0	0.0	0.0	0.0	0.0	0.0	0.0
PD_43P_1_bbduk_polyg_filt	0.0	0.0	1.0	1.5	0.5	0.5	3.5	7.5	15.5	22.0	35.5	73.0	122.0	210.0	317.0	502.5	839.0	1214.0	1629.0	2209.5	2928.0	3832.5	4995.5	6304.5	7870.5	9664.5	11890.5	14385.5	16888.5	19605.0	22724.0	26339.5	30163.5	34007.0	38590.5	43530.0	48281.5	53748.0	59401.0	64913.5	70659.0	76535.5	81845.0	86254.5	90001.0	92914.0	94938.5	96110.0	96302.5	95015.0	93424.0	91414.0	88497.5	85468.5	82844.0	80340.0	77894.0	76139.5	74463.5	72735.5	70725.5	68429.0	65564.0	62162.0	57825.0	52561.5	46776.5	41017.5	35649.5	29860.5	24326.0	19416.0	15004.0	11273.5	8169.5	5792.0	4085.0	2839.0	1912.5	1230.0	770.0	483.0	311.5	196.5	113.0	66.0	36.5	16.5	13.5	11.0	5.0	4.0	3.5	1.5	0.5	0.0	0.0	0.0	0.0	0.0	0.0
PD_43P_2_bbduk_polyg_filt	0.0	0.0	0.5	0.5	0.0	0.5	2.5	4.0	11.0	23.5	36.0	64.5	125.0	206.0	329.5	504.5	775.0	1126.5	1551.0	2171.0	2919.0	3795.5	4891.5	6286.0	7810.0	9603.5	11743.5	13961.0	16651.5	19604.5	22701.0	26196.0	30140.0	33978.0	37904.0	42526.5	47645.5	53218.5	58750.5	64560.0	70526.5	75966.5	81069.5	85820.5	89784.5	92827.0	95078.0	96185.0	96079.5	95025.5	93331.5	91106.5	88634.5	86241.5	83476.0	81064.0	78573.0	76508.5	74824.5	72921.5	71145.5	68622.0	65797.0	62410.5	58042.0	52776.5	46960.0	41457.5	36087.0	30297.0	24606.0	19554.5	15070.0	11251.5	8338.0	6039.0	4202.0	2875.0	1973.0	1329.0	833.0	490.0	314.5	217.5	132.5	78.5	43.5	20.5	11.5	7.0	4.5	4.0	3.5	1.5	0.5	0.0	0.0	0.0	0.0	0.0	0.0
PD_44P_1_bbduk_polyg_filt	0.0	1.5	2.5	2.0	1.0	3.0	6.5	13.5	28.5	53.0	93.5	164.0	261.0	463.0	723.5	1059.5	1584.5	2218.5	3121.0	4217.0	5610.0	7508.5	9711.5	12429.5	15489.5	19094.5	23402.0	28012.5	33076.5	38657.0	44497.0	50508.0	57080.5	64170.0	71224.5	78781.5	86871.5	94720.0	102574.0	110731.5	118515.0	125689.0	131805.0	136617.0	140082.0	141153.0	140392.5	137971.5	134001.0	128532.5	122077.0	115282.0	108016.5	101497.5	95667.5	90601.5	86305.5	83260.5	81266.5	79241.0	77818.5	75972.5	73155.5	69750.5	65355.5	60130.5	54153.5	47619.0	40960.5	34260.5	27825.5	21917.0	16759.5	12526.0	9166.0	6532.5	4546.0	3104.0	2067.5	1346.5	833.5	513.0	319.0	200.5	114.0	57.5	34.0	18.5	9.0	4.5	1.5	0.0	0.5	1.0	0.5	0.0	0.0	0.0	0.0	0.0	0.0
PD_44P_2_bbduk_polyg_filt	0.0	1.0	2.0	2.5	4.0	7.0	9.5	13.5	30.0	55.5	97.5	161.0	272.0	462.5	713.5	1068.5	1557.5	2214.0	3132.0	4288.5	5741.5	7455.0	9668.0	12412.5	15356.5	18964.5	23203.0	27875.5	33221.0	38626.5	44086.5	50347.0	57052.0	63884.0	70951.0	78700.0	86449.5	94134.5	102183.0	110139.0	117868.0	125067.0	131295.5	136394.0	140034.0	141433.5	140633.5	138288.0	134102.0	128397.0	122251.0	115517.0	108340.0	101782.5	96116.0	90595.0	86429.0	83915.0	81729.5	79872.5	78172.5	76432.5	73949.0	70082.5	65557.0	60022.5	53759.5	47574.0	40944.5	34253.0	27983.5	22086.5	16837.0	12408.5	9051.5	6575.5	4597.5	3136.0	2070.0	1321.0	856.0	535.0	326.0	204.5	109.0	66.0	41.5	17.0	8.0	4.0	1.5	0.0	0.5	1.0	0.5	0.0	0.0	0.0	0.0	0.0	0.0
PD_45P_1_bbduk_polyg_filt	0.0	0.0	0.5	1.5	2.5	2.0	2.0	3.0	5.0	10.5	22.0	44.5	84.5	151.5	267.5	466.5	756.5	1140.5	1715.5	2622.0	3798.5	5185.0	6957.5	9186.5	11929.5	15153.5	19100.0	23768.5	29033.5	35073.5	41769.5	49625.0	58110.5	67141.5	77781.0	89577.5	101730.0	113934.5	126925.5	140539.0	153432.0	164291.0	172869.0	180356.5	186092.5	188409.0	188120.5	185643.0	180347.0	173160.0	165745.0	157431.5	148394.0	140106.5	132787.5	126457.5	120914.5	116113.0	111789.0	107543.0	103500.5	99091.5	93131.0	86276.0	79034.0	70778.5	61684.5	53082.0	44783.5	36322.0	28852.0	22660.5	17098.5	12503.0	8998.5	6259.5	4251.0	2783.0	1788.5	1200.0	752.5	426.0	248.0	139.0	88.0	48.0	25.5	18.5	9.0	3.5	1.5	1.0	0.5	0.0	0.0	0.0	0.0	0.0	0.0	0.0	0.0
PD_45P_2_bbduk_polyg_filt	0.0	0.0	0.5	2.0	2.5	3.0	2.5	3.5	8.0	12.5	22.5	41.5	83.5	159.0	270.5	463.5	765.0	1171.5	1796.0	2643.0	3695.5	5113.0	6964.5	9058.0	11753.5	15129.0	18950.0	23552.5	28894.0	34883.0	41712.5	49270.5	57421.0	66500.5	77196.0	88808.0	100629.0	113441.0	126965.5	139767.0	152042.0	163787.5	173197.0	180343.0	185863.0	188757.5	188606.0	185744.0	180637.0	173853.0	166275.0	157592.0	148440.0	140445.0	133087.0	126510.0	120957.0	116669.0	112866.5	108247.5	103904.5	99260.5	93382.5	86760.0	78983.0	70659.0	61953.0	53170.5	44728.0	36588.5	29167.0	22704.0	17206.5	12645.5	9081.5	6337.5	4359.0	2902.5	1825.0	1149.0	742.0	448.5	263.5	161.0	87.0	47.5	29.5	20.5	12.5	4.5	3.0	2.0	1.0	0.0	0.0	0.0	0.0	0.0	0.0	0.0	0.0
PD_46P_1_bbduk_polyg_filt	8.0	5.5	6.5	7.5	8.0	16.0	20.5	23.5	38.5	73.5	136.0	229.5	401.5	609.5	874.0	1323.0	2005.0	2911.5	4021.5	5554.0	7435.5	9697.0	12642.0	16047.5	19642.5	23577.0	27449.0	31369.5	35487.5	39162.0	42643.5	45917.0	48648.0	51272.5	54552.5	57504.0	60258.0	63651.0	67601.0	71951.5	76460.5	81013.5	85405.5	90351.0	95229.0	99677.5	104129.0	108695.5	113680.5	118849.0	123666.5	127770.0	131998.0	135325.0	137138.0	138588.5	138713.5	138136.5	137408.0	135190.5	131560.0	127337.5	122191.5	115662.5	107783.5	98165.5	87719.0	77233.5	66258.5	55312.5	45193.0	36001.5	27913.5	21307.0	15874.5	11370.5	7933.0	5375.5	3522.5	2293.5	1485.0	927.0	560.5	336.5	180.0	95.0	67.5	47.0	27.5	11.0	3.0	1.0	1.5	1.0	0.0	0.0	0.0	0.0	0.0	0.0	0.0
PD_46P_2_bbduk_polyg_filt	8.0	5.5	8.5	8.5	9.5	20.0	22.0	30.0	52.0	81.0	128.0	216.0	357.0	566.0	830.0	1266.0	2001.0	2908.5	4026.5	5512.5	7363.5	9735.0	12676.5	16134.0	19854.0	23421.5	27113.5	31199.5	35205.0	38883.0	42396.5	45884.5	48693.0	50951.5	54052.5	57168.0	60044.5	63326.5	67170.5	71413.0	75782.0	80401.0	85222.5	90101.5	94696.5	99416.5	104222.5	109174.5	114196.0	118893.5	123334.5	127858.0	132301.0	135423.0	137323.5	138770.0	139319.5	138750.5	137241.5	134897.0	131886.0	128066.5	123002.5	116096.0	107730.5	98627.0	88398.0	77533.5	66490.0	55445.0	45292.5	36125.0	27893.5	21108.0	15749.5	11325.0	7936.0	5499.5	3654.0	2387.0	1501.5	909.0	554.5	330.5	199.5	102.0	58.0	39.5	26.5	13.0	5.0	4.0	2.0	0.5	0.0	0.0	0.0	0.0	0.0	0.0	0.0
PD_47P_1_bbduk_polyg_filt	0.0	0.0	0.0	0.0	1.0	2.5	3.0	4.5	7.5	15.0	26.5	54.5	106.0	181.0	310.0	487.0	771.5	1214.0	1820.0	2639.5	3646.0	5053.0	6984.0	9234.5	11931.5	15075.5	18648.5	22808.0	27513.0	32395.0	37817.0	43544.0	49586.0	55968.0	62835.5	70509.5	77761.0	85067.5	92373.0	99055.0	104930.5	109801.5	113697.5	116072.5	116931.0	116454.0	114625.0	112495.5	109942.5	106547.5	103366.5	100835.0	98577.5	96432.5	94865.0	93940.0	93592.5	93780.0	94082.0	93936.5	93073.5	91244.0	88409.0	84258.5	79306.0	73347.0	66047.0	58271.0	50313.0	42744.5	35194.5	28017.5	21893.5	16813.0	12565.0	9062.5	6470.0	4511.5	3021.0	1991.5	1325.0	784.0	452.0	286.0	174.5	95.0	53.0	26.5	10.0	4.5	5.0	4.5	3.0	2.5	1.0	0.0	0.0	0.0	0.0	0.0	0.0
PD_47P_2_bbduk_polyg_filt	0.0	0.0	0.0	0.5	1.0	2.0	4.0	5.5	10.5	17.5	34.0	54.5	96.5	184.5	292.5	474.5	771.5	1198.5	1795.0	2636.5	3766.0	5152.0	6865.0	9139.5	11891.5	14909.0	18491.5	22706.0	27380.0	32345.5	37567.0	43077.0	49123.0	55564.5	62465.5	69762.5	77119.0	84451.0	91767.0	98752.0	104926.5	109943.5	113347.5	115676.0	117069.0	116754.5	115132.5	112759.0	110047.0	107161.0	104192.5	101590.5	98851.0	96232.5	94909.0	94556.5	94212.5	94078.0	94174.0	94017.0	92938.5	91377.5	89086.5	84910.0	79487.0	73363.5	66068.0	58252.0	50266.0	42370.0	34961.5	28187.0	22215.0	16845.0	12445.5	9047.5	6485.0	4497.5	2970.5	1970.0	1280.0	785.0	490.0	308.5	189.5	107.5	54.0	26.0	13.0	4.5	3.5	4.0	2.0	1.0	0.5	0.0	0.0	0.0	0.0	0.0	0.0
PD_48P_1_bbduk_polyg_filt	0.0	1.0	1.5	1.5	4.5	9.0	11.0	11.0	12.5	17.5	29.5	50.5	91.5	157.5	292.5	506.0	788.0	1214.0	1756.5	2514.0	3575.5	4993.5	6750.0	8800.5	11222.5	14227.0	17555.5	21283.5	25715.5	30489.5	35683.5	40982.5	46910.5	53170.0	60046.0	67655.5	75699.5	83834.5	91835.0	100606.0	108970.5	116247.0	122566.5	128010.5	131992.0	134040.5	134998.5	134520.5	132551.5	128972.0	124851.5	120327.5	115425.5	110125.0	103858.5	98658.0	93962.0	88916.5	83572.5	78323.5	73341.0	68015.0	62699.0	57675.5	52333.5	46867.0	40852.5	35123.5	30251.0	25416.5	20916.0	16719.5	13028.0	10022.0	7604.0	5500.0	3898.0	2735.0	1791.0	1217.5	812.0	492.5	317.5	188.0	98.0	54.5	33.5	21.5	10.5	5.0	4.0	1.0	0.0	0.0	0.0	0.0	0.0	0.0	0.0	0.0	0.0
PD_48P_2_bbduk_polyg_filt	0.0	0.0	0.0	1.0	2.5	7.5	11.0	12.5	16.0	25.5	38.0	59.0	86.5	142.0	265.5	457.0	724.0	1144.5	1752.0	2551.0	3576.5	4845.0	6607.0	8758.0	11210.0	14155.5	17561.0	21348.0	25670.5	30294.0	35359.5	40734.0	46427.0	52817.5	59632.5	66745.0	74403.5	83019.5	91516.0	99967.0	108302.0	115927.0	122251.5	127425.5	131483.5	133943.0	134919.0	134467.5	132558.5	129361.0	125502.0	121113.5	115995.5	110331.0	104960.5	99372.0	94114.5	89294.0	83926.5	78774.5	73771.5	68499.0	63486.0	58260.0	52570.0	47166.0	41367.0	35585.5	30434.0	25347.0	20755.0	16750.0	13111.0	9955.5	7539.0	5545.0	3885.5	2716.0	1872.5	1246.5	803.5	500.5	332.0	210.0	114.5	62.0	31.0	15.5	10.5	9.0	5.0	0.5	0.0	0.0	0.0	0.0	0.0	0.0	0.0	0.0	0.0
PD_4P_1_bbduk_polyg_filt	0.0	0.0	0.0	0.5	0.5	2.5	6.5	10.0	24.0	50.0	99.5	164.5	276.5	458.0	728.5	1079.5	1541.0	2185.5	2959.5	4068.5	5454.5	6896.0	8643.5	10807.0	13138.0	15692.0	18624.5	21850.0	25359.5	29013.5	33225.5	37804.0	42675.0	48248.5	54633.0	61736.0	69483.0	77649.0	86112.5	94895.5	103544.5	111810.5	119779.5	126776.5	132234.0	136121.5	138360.0	138868.0	137895.5	135902.5	133701.5	130613.5	126667.5	122298.5	117760.5	113711.5	109432.0	105198.5	101065.0	96794.5	91938.0	86627.5	80926.5	74313.0	67155.5	59755.0	51555.0	44020.5	37280.5	30261.0	24075.0	18852.5	14199.5	10389.0	7531.0	5316.0	3642.0	2433.0	1558.0	987.0	614.5	362.0	191.0	112.5	61.5	34.0	25.5	15.0	7.0	2.0	0.5	0.5	1.0	0.5	0.0	0.0	0.0	0.0	0.0	0.0	0.0
PD_4P_2_bbduk_polyg_filt	0.0	0.0	0.0	0.5	2.5	4.0	5.0	8.0	21.0	53.5	100.5	177.5	291.5	446.0	691.0	1035.5	1539.0	2208.5	3024.5	4052.5	5315.5	6883.0	8709.0	10699.5	12967.5	15662.0	18617.0	21801.5	25203.0	28834.5	32985.0	37538.0	42635.0	48167.5	54733.5	61856.5	68865.5	76767.5	85517.5	94819.5	103593.0	111387.0	119175.0	126250.5	131430.5	135268.0	138044.0	139063.0	138257.5	136222.5	133829.5	130782.0	126686.0	122593.0	118252.0	113812.5	109444.5	105456.5	101733.5	97364.5	92457.0	87228.0	81318.5	74482.5	67273.5	59852.5	52023.5	44535.5	37431.5	30371.0	24163.0	18919.5	14421.5	10608.0	7615.5	5337.0	3705.0	2526.5	1630.5	1027.0	624.0	344.0	200.0	136.0	72.5	40.0	27.5	14.5	7.0	3.5	1.0	0.0	0.0	0.0	0.0	0.0	0.0	0.0	0.0	0.0	0.0
PD_50P_1_bbduk_polyg_filt	0.0	0.0	0.5	0.5	0.0	0.5	1.0	0.5	0.5	1.0	2.0	4.0	3.5	6.5	15.0	25.5	44.5	67.0	85.0	123.0	190.5	256.5	344.5	460.0	612.0	822.0	1051.5	1331.5	1661.0	1961.5	2352.5	2811.0	3342.0	3957.0	4536.0	5103.5	5676.0	6307.0	7046.0	7858.0	8532.0	9022.5	9367.0	9577.0	9710.5	9756.5	9546.5	9194.5	8817.0	8301.0	7720.0	7185.0	6776.5	6305.5	5815.0	5518.5	5290.0	5078.0	4997.5	4925.0	4776.5	4647.5	4483.5	4277.0	4031.5	3732.5	3381.5	3028.0	2657.5	2266.0	1870.0	1516.5	1226.5	978.5	769.0	564.5	413.5	290.0	197.0	134.5	89.5	60.0	42.0	25.5	9.0	5.0	3.5	1.5	1.0	1.0	0.5	0.0	0.0	0.0	0.0	0.0	0.0	0.0	0.0	0.0	0.0
PD_50P_2_bbduk_polyg_filt	0.0	0.0	0.5	0.5	0.0	0.0	0.0	0.5	1.5	1.0	1.5	4.0	4.5	9.0	17.5	24.5	35.0	52.5	87.5	132.0	184.0	242.0	334.5	480.5	650.5	794.5	1003.0	1322.5	1658.0	1954.5	2349.0	2845.5	3305.0	3844.5	4399.0	4957.5	5665.0	6439.5	7202.5	7884.0	8397.0	8842.5	9390.5	9671.0	9705.0	9686.0	9557.5	9303.0	8781.0	8229.5	7678.5	7188.5	6771.0	6266.5	5840.5	5524.0	5302.5	5181.0	5059.0	4930.5	4789.5	4687.0	4588.0	4345.0	4087.5	3715.0	3342.0	3010.5	2632.5	2298.0	1916.5	1600.0	1278.5	968.0	726.0	561.5	436.0	303.0	198.5	129.5	94.5	66.0	36.5	17.0	7.5	5.5	5.0	2.0	0.5	1.5	1.5	0.5	0.0	0.0	0.0	0.0	0.0	0.0	0.0	0.0	0.0
PD_51P_1_bbduk_polyg_filt	0.0	0.0	0.0	0.0	0.0	0.0	0.0	2.0	5.5	8.5	14.0	27.0	54.5	115.0	192.0	301.0	517.5	852.0	1288.0	1885.5	2828.0	4036.5	5484.0	7529.0	10142.5	13332.0	17051.5	21145.0	25994.5	31625.0	38007.5	45253.0	53219.5	61689.0	71437.0	82424.0	93915.0	105453.0	117075.5	128926.0	139540.0	149052.0	157106.5	162961.5	165983.0	166047.5	163597.5	158376.0	151317.0	142119.5	131911.5	121934.0	111270.5	101313.5	92758.0	84577.0	77411.0	71839.5	66996.0	62797.0	58874.5	54747.5	50497.0	46105.5	41897.5	37537.0	32847.5	28268.5	24031.5	20065.0	16286.5	12861.5	9974.0	7443.5	5404.0	3825.0	2581.5	1725.5	1155.5	744.5	446.5	263.5	143.0	74.0	38.5	21.5	15.5	9.5	3.5	1.0	0.0	0.0	0.5	0.5	0.0	0.0	0.0	0.0	0.0	0.0	0.0
PD_51P_2_bbduk_polyg_filt	0.0	0.0	0.0	0.0	0.0	0.0	0.5	1.5	6.5	10.0	13.0	32.5	61.5	109.5	185.5	301.0	527.0	843.5	1259.0	1846.0	2689.5	3897.5	5529.0	7573.0	10084.0	13162.5	16997.0	21179.5	25882.5	31447.5	37757.5	44755.0	52623.5	61327.0	71159.0	82034.0	92962.0	104273.5	116382.5	128244.0	139222.0	149032.0	156701.0	162204.0	165076.5	165498.5	163543.0	158619.5	151687.5	142766.5	132719.5	122304.5	111890.0	101961.5	92839.0	85068.0	78344.0	72605.5	67603.0	63005.0	58718.5	54841.5	50888.0	46528.0	42051.0	37671.0	33191.0	28562.0	24254.0	20324.5	16433.0	12835.5	9978.0	7597.0	5433.0	3850.5	2680.0	1717.0	1106.5	716.5	431.0	253.5	142.5	82.5	40.5	15.0	10.0	9.0	6.0	2.0	0.0	0.5	0.5	0.0	0.0	0.0	0.0	0.0	0.0	0.0	0.0
PD_52P_1_bbduk_polyg_filt	1.0	1.0	1.0	1.0	1.0	0.5	1.5	6.5	13.5	27.5	53.5	108.5	186.0	296.5	454.5	667.0	965.5	1399.5	1881.5	2475.0	3272.0	4180.5	5248.5	6508.5	7994.5	9676.0	11641.0	13873.0	16233.0	18970.0	21873.0	24909.5	28382.0	32084.0	36262.5	40853.0	45668.5	50442.5	55205.0	60572.5	66102.0	71447.0	76237.5	80375.5	84164.0	87423.0	89508.0	90880.5	91996.5	92747.5	92917.0	92714.5	92898.5	92781.0	92665.0	92607.0	92217.5	91682.5	90635.0	88819.0	86359.5	83279.5	79376.5	74393.5	68555.5	62148.5	54934.5	47822.5	41017.0	33897.5	27129.0	21512.0	16777.5	12616.5	9228.0	6577.0	4640.5	3179.5	2069.5	1340.5	854.0	515.5	312.5	179.5	95.0	56.5	27.0	10.5	5.5	3.5	2.5	1.5	0.5	0.0	0.0	0.0	0.0	0.0	0.0	0.0	0.0
PD_52P_2_bbduk_polyg_filt	0.0	0.5	1.0	0.5	2.0	2.5	2.5	4.5	12.0	23.5	50.0	106.0	164.5	293.0	485.5	721.0	1022.0	1388.0	1896.5	2444.5	3169.5	4195.5	5248.0	6469.5	7867.5	9484.0	11394.5	13602.0	16015.0	18646.5	21604.5	24675.0	28070.0	31964.5	36084.5	40519.0	44971.0	49745.5	55044.5	60263.5	65463.0	70683.0	75926.5	80582.5	84545.0	87544.0	89344.0	91126.0	92044.0	92523.0	93060.5	92787.5	92592.5	92858.5	93174.5	93318.5	92884.5	91806.5	90775.0	89114.0	86811.5	83779.0	79765.0	74868.0	68860.0	62150.0	54984.0	47928.5	40862.5	33921.5	27575.5	21694.0	16789.0	12805.5	9348.0	6632.0	4693.5	3161.5	2076.5	1367.5	869.0	537.5	294.5	169.0	99.5	57.0	33.0	19.5	9.0	4.0	2.5	0.5	0.5	1.0	0.5	0.0	0.0	0.0	0.0	0.0	0.0
PD_53P_1_bbduk_polyg_filt	0.0	0.0	0.0	0.0	0.5	1.5	2.5	3.5	14.5	28.5	54.0	94.5	151.0	245.5	391.0	602.0	896.5	1271.5	1836.0	2493.5	3399.5	4666.0	6135.5	7974.0	10341.0	13291.5	16715.5	20419.5	24529.0	29001.0	33985.0	39666.5	45447.5	51768.5	58703.0	65841.0	73704.5	81713.0	89595.0	97905.5	105750.0	112945.5	120046.0	125633.0	129521.5	132543.0	133846.5	133186.5	131063.5	127742.0	123727.5	119297.0	114134.0	109138.0	104535.5	99910.0	95726.0	92079.5	88405.5	84277.5	80008.5	75259.5	70407.5	65251.5	59220.5	52857.0	46311.0	39865.0	33673.5	28056.5	22826.0	18107.0	14072.0	10544.5	7809.0	5674.0	4017.0	2763.5	1850.0	1250.0	838.0	529.0	336.0	209.0	113.5	66.0	46.5	23.0	11.0	3.5	1.5	1.5	0.5	0.0	0.5	1.0	0.5	0.0	0.0	0.0	0.0
PD_53P_2_bbduk_polyg_filt	0.0	0.0	0.0	0.0	1.0	2.5	4.5	8.0	19.5	31.5	54.5	102.0	160.5	274.5	413.5	596.5	906.0	1276.0	1765.5	2460.0	3405.5	4594.5	6057.5	8078.5	10484.5	13180.0	16448.5	20138.5	24232.0	28688.5	33723.0	39347.0	45257.5	51323.5	58236.0	65851.5	73456.0	81041.0	88965.0	97292.5	104961.0	112320.0	119184.0	125254.0	129773.5	132278.5	133786.0	133620.5	131558.0	128269.0	124338.5	119828.5	114793.5	109564.0	104726.0	100316.0	96304.5	92645.5	88617.5	84341.5	80244.5	75901.0	71010.5	65370.5	59350.0	53171.5	46542.5	40225.0	33935.0	27923.0	22689.5	18069.5	14031.0	10576.5	7780.5	5568.5	3950.5	2776.0	1903.5	1265.0	820.5	525.5	328.5	208.0	126.0	63.5	37.5	26.5	15.5	5.0	1.0	0.5	0.0	0.0	0.5	1.0	0.5	0.0	0.0	0.0	0.0
PD_54P_1_bbduk_polyg_filt	0.0	0.0	0.0	0.0	0.0	2.0	5.0	12.5	26.5	37.5	71.0	116.5	181.5	303.0	465.5	654.0	939.0	1298.0	1776.5	2506.5	3435.5	4531.5	6068.5	8052.5	10441.0	13396.5	16922.5	20747.0	25138.5	30031.5	34983.5	40732.0	47517.5	54604.5	62501.5	71774.0	81658.5	91909.5	102800.5	114303.5	125652.5	136479.0	145773.0	152971.5	158492.0	161066.5	161120.0	159070.0	154459.0	148470.0	142216.5	135098.5	128283.0	122948.0	118068.0	114399.5	111608.5	109808.5	108492.5	106132.0	103461.5	100100.0	95313.5	89184.0	81805.5	73558.0	64649.5	55533.5	46485.5	37870.5	30087.5	23574.0	17893.0	13075.0	9510.5	6686.0	4632.5	3161.5	2162.5	1447.0	856.0	518.0	339.5	203.5	118.0	64.0	33.0	21.0	8.5	3.5	3.0	2.0	0.5	0.0	0.0	0.0	0.0	0.0	0.0	0.0	0.0
PD_54P_2_bbduk_polyg_filt	0.0	0.0	0.0	1.5	2.0	2.0	5.0	11.0	23.5	39.5	73.5	135.0	188.5	278.0	435.5	632.0	896.5	1231.0	1789.5	2506.5	3351.0	4554.0	6098.0	8019.0	10278.5	13158.0	16793.5	20697.0	24785.5	29562.5	34880.0	40847.0	47246.0	54079.5	62032.5	71216.5	81377.5	91578.0	102326.5	113764.5	125161.0	135592.5	145006.0	152867.0	158002.5	160837.0	161454.5	159209.5	154816.5	149080.0	142097.0	135066.5	128940.5	123528.0	118736.0	114979.5	112357.5	110480.0	108599.0	106358.0	103922.0	100648.0	95885.0	89642.5	81774.0	73626.5	64952.5	55380.0	46396.0	38104.5	30192.0	23382.5	17881.5	13239.5	9609.0	6810.5	4639.5	3172.5	2188.5	1420.0	883.5	535.5	340.0	222.5	118.0	55.0	27.5	19.0	10.0	4.5	2.0	1.5	0.5	0.0	0.0	0.0	0.0	0.0	0.0	0.0	0.0
PD_55P_1_bbduk_polyg_filt	0.0	0.0	0.0	0.0	0.0	0.5	2.5	8.0	14.0	32.5	78.5	129.5	215.0	358.5	537.0	847.0	1303.5	1894.0	2713.0	3777.5	5115.0	6919.0	9093.5	11793.0	15036.0	18848.0	23482.5	28596.5	34222.0	40694.5	47728.0	54848.0	62503.5	69960.5	77329.5	84368.5	90726.5	96514.5	100970.0	105173.5	108962.0	111449.5	113209.5	114357.5	114783.5	114926.5	114769.0	114744.0	115498.5	116411.0	117190.0	118442.0	119225.5	118947.0	117766.0	115079.5	112049.5	108876.0	104484.5	99206.5	93881.5	87916.0	81551.0	75148.5	67698.0	59986.0	52272.0	44719.5	37319.0	30443.5	24642.0	19438.5	14997.5	11240.0	8268.5	6110.0	4306.5	2975.5	2055.5	1375.0	888.5	535.0	321.0	195.0	119.5	68.0	37.0	18.5	9.0	4.5	3.5	1.5	0.5	1.0	0.5	0.0	0.0	0.0	0.0	0.0	0.0
PD_55P_2_bbduk_polyg_filt	0.0	0.0	0.0	0.0	0.5	1.0	5.0	7.5	15.5	32.5	70.5	125.0	206.5	331.0	547.0	845.5	1264.0	1865.0	2635.5	3667.0	4924.5	6671.0	8918.5	11560.0	14706.5	18508.0	22886.5	28007.5	33912.0	40247.0	47199.5	54268.0	61545.0	69215.5	76505.5	83497.0	90115.5	95847.5	100439.0	104711.5	108397.0	110913.5	112843.0	114235.0	114800.5	114773.0	114914.0	114926.0	115564.5	116512.5	117367.5	118585.5	118910.5	118888.0	118322.5	116079.5	112721.0	109269.0	105283.5	100207.0	94941.0	89027.0	82681.0	76060.5	68261.0	60228.5	52644.0	45170.0	37856.0	31025.5	24799.0	19549.0	15140.0	11298.0	8387.5	6144.5	4314.0	2914.5	2027.5	1402.5	893.0	565.5	345.0	198.5	122.0	77.5	38.5	17.0	6.5	2.5	1.0	0.5	0.5	1.0	0.5	0.0	0.0	0.0	0.0	0.0	0.0
PD_56P_1_bbduk_polyg_filt	1.0	1.0	1.0	1.0	1.5	5.5	11.5	20.5	33.5	64.0	116.5	215.0	371.5	627.5	1035.5	1573.5	2346.0	3363.0	4670.0	6439.5	8664.5	11507.0	14941.0	19010.5	23772.0	29426.0	35801.0	42895.5	51058.5	59696.5	68996.5	79269.0	89858.5	100912.0	112916.0	126511.5	140946.0	155293.5	170354.0	185706.5	201083.5	215283.5	227448.5	237621.0	245240.0	249659.5	251270.5	249452.5	244413.5	238421.0	231527.5	222928.5	213750.0	205827.5	198208.5	191507.5	185954.0	181134.5	176275.5	170865.5	165472.0	159059.5	150885.5	140035.0	127766.0	115100.5	101138.0	87078.0	73644.0	60458.5	48432.0	37867.0	28785.0	21390.0	15536.5	10979.5	7545.5	5104.0	3390.0	2231.0	1410.0	846.0	508.5	314.5	185.0	99.5	57.0	28.5	14.5	7.0	2.5	1.0	0.5	0.5	0.0	0.0	0.0	0.0	0.0	0.0	0.0
PD_56P_2_bbduk_polyg_filt	1.0	0.5	0.5	0.5	3.0	5.0	7.5	15.5	41.0	72.0	122.5	246.5	405.5	631.5	1025.0	1549.5	2320.0	3390.0	4672.0	6390.0	8568.5	11316.0	14867.5	19090.0	23886.5	29372.5	35579.5	42668.5	50819.5	59429.0	68387.0	78217.0	89300.5	100476.5	112571.5	126265.5	140018.0	154221.0	169503.0	185003.5	199937.5	214074.0	226389.5	236588.0	244414.0	249487.0	250546.5	248761.0	245061.5	238691.5	231055.5	223110.5	214853.0	206574.0	198954.0	192572.5	187317.5	182367.5	177439.5	171977.0	166314.0	159575.5	151074.0	140518.0	128408.5	115669.0	101723.0	87750.0	74041.0	60933.0	48851.5	38141.5	29143.0	21728.0	15839.5	11074.0	7628.5	5207.0	3387.5	2195.5	1394.5	820.0	507.0	328.0	191.0	110.5	62.0	28.0	12.5	4.5	2.5	2.0	0.5	0.0	0.0	0.0	0.0	0.0	0.0	0.0	0.0
PD_57P_1_bbduk_polyg_filt	0.0	0.0	0.0	0.0	0.0	0.0	0.5	1.0	1.5	3.0	11.5	32.5	48.5	82.0	162.5	292.5	510.0	830.0	1305.5	2050.0	3097.0	4541.0	6402.0	8957.5	12165.5	15959.5	20919.0	26579.0	33208.0	40839.5	49466.0	59943.5	71418.0	83360.5	96710.0	111242.0	126446.0	141313.0	156344.5	171695.0	185376.5	196632.0	205313.0	211999.0	214972.5	214283.0	210871.0	204132.5	195576.5	185074.0	173745.5	161534.5	148076.5	135558.0	123615.0	112017.0	101184.0	90912.0	81329.0	72349.0	63792.5	55903.0	48606.5	41439.5	34642.0	28984.5	23925.5	19583.5	15957.0	12718.0	10085.5	7812.0	5940.5	4493.0	3339.0	2414.5	1712.0	1203.0	807.0	533.0	365.0	238.5	138.0	86.0	55.5	33.0	20.5	11.0	4.5	2.5	1.5	1.0	1.0	0.5	0.0	0.0	0.0	0.0	0.0	0.0	0.0
PD_57P_2_bbduk_polyg_filt	0.0	0.0	0.5	1.0	0.5	0.0	1.5	2.5	1.0	3.5	13.0	26.5	47.0	88.0	151.5	270.0	480.0	829.5	1330.0	2070.0	3139.5	4517.5	6379.5	8873.5	11902.0	15808.0	20590.0	26206.0	33029.0	40665.5	49485.0	59587.0	70836.5	82696.0	96014.0	110793.0	125477.5	140436.0	155616.5	170354.0	184327.0	196014.0	205173.5	211638.5	214004.0	213735.5	211022.0	204268.0	195290.5	185483.5	174215.5	162037.0	149261.5	136547.0	124402.5	112937.0	102059.5	91833.5	82093.0	72766.5	64194.0	56061.5	48601.5	41527.0	34991.0	29452.5	24216.0	19904.5	16196.5	12797.5	10155.0	7933.0	6064.0	4568.0	3390.0	2410.5	1724.5	1219.5	836.5	556.0	348.5	229.0	140.0	88.0	55.0	33.0	18.0	8.5	3.5	3.0	3.0	1.0	0.0	0.0	0.0	0.0	0.0	0.0	0.0	0.0	0.0
PD_58P_1_bbduk_polyg_filt	0.0	0.0	0.0	0.5	3.0	5.5	8.5	16.0	26.5	42.0	90.5	161.5	240.0	377.5	528.0	756.0	1094.0	1526.0	2087.5	2846.5	3823.5	5114.5	6801.5	8897.5	11417.0	14313.0	17693.0	21757.0	26519.5	31531.5	36865.0	42663.0	49053.5	55661.0	63121.5	71623.5	80247.0	88925.0	98297.5	107928.5	116196.5	124128.0	130505.0	134653.0	137734.0	139453.5	139275.0	136940.5	132966.0	128465.5	123820.0	119001.0	114753.0	110421.0	106427.0	102999.0	100483.5	98620.5	95921.0	93068.5	90554.5	87330.0	82858.0	77159.0	70793.5	63934.0	56045.0	48254.0	40903.5	33470.0	26619.5	20826.0	15869.5	11792.0	8571.0	5976.0	4146.0	2851.0	1853.5	1186.0	765.0	482.0	286.0	166.0	89.5	50.5	34.5	18.0	6.5	6.0	5.5	3.0	1.5	0.5	0.0	0.0	0.0	0.0	0.0	0.0	0.0
PD_58P_2_bbduk_polyg_filt	0.0	1.0	1.5	1.0	2.5	3.0	8.0	18.5	28.5	42.0	91.5	162.5	239.0	361.5	510.5	704.0	1048.0	1516.0	2111.0	2862.5	3800.0	5116.0	6731.0	8703.0	11319.0	14369.0	17815.0	21803.5	26599.5	31779.5	37015.5	42715.5	49007.5	55850.0	63322.0	71229.5	79604.0	88793.5	98147.5	107071.0	115754.5	123646.0	130001.5	134864.0	137748.5	139014.0	138759.5	136312.0	132761.5	128740.0	124061.5	119614.0	114977.0	110745.0	107019.5	103332.5	100443.0	98084.5	95972.5	93572.0	90789.5	87287.0	82691.0	77097.5	71164.0	64258.0	56195.0	48516.0	41041.5	33578.0	26772.5	20960.5	16031.5	11813.5	8518.0	6088.0	4219.0	2888.0	1879.5	1133.5	752.5	498.0	301.5	171.0	93.5	56.5	33.5	17.5	10.0	6.0	4.5	3.0	1.0	0.0	0.0	0.0	0.0	0.0	0.0	0.0	0.0
PD_59P_1_bbduk_polyg_filt	0.0	0.5	1.5	2.0	1.0	1.5	3.0	2.5	3.0	6.0	11.5	27.5	51.5	85.5	149.0	212.0	300.0	484.0	733.5	1075.0	1517.0	2092.5	2882.0	3895.5	5080.0	6709.0	8528.5	10515.0	13119.0	15970.0	18888.0	22219.0	25861.5	29668.0	33994.5	38934.0	44168.0	49317.0	54536.0	60452.0	66156.0	71305.0	76349.5	80911.5	84888.0	88472.5	91801.5	94251.5	95543.0	96309.5	96650.0	96506.5	95899.5	94860.5	94009.5	93416.0	92086.0	90700.0	89875.0	88162.0	85625.5	83127.5	79888.0	75471.5	70312.0	64711.5	58223.0	51188.5	44635.5	37796.5	31034.0	25018.0	19720.0	15162.0	11338.5	8268.0	5832.5	4098.0	2827.0	1836.0	1200.0	778.0	482.5	297.5	180.0	103.5	55.5	29.5	14.0	11.5	10.0	5.0	2.5	2.0	1.0	0.5	1.0	0.5	0.0	0.0	0.0
PD_59P_2_bbduk_polyg_filt	0.0	0.0	1.0	1.5	2.0	1.5	0.0	2.0	6.0	9.5	14.5	31.5	46.5	77.0	132.5	215.5	326.0	478.5	747.0	1074.5	1498.0	2077.5	2881.5	3904.0	5211.0	6738.0	8542.0	10567.5	12967.0	15747.5	18809.0	22238.5	25792.5	29623.0	33903.5	38588.5	43568.5	48937.5	54557.5	60185.5	65508.0	70822.0	76188.5	80906.0	85040.5	88643.5	91500.0	93969.0	95644.0	96767.5	97092.5	96248.5	95467.5	95196.0	94607.0	93518.0	92313.0	91108.5	90089.0	88271.5	86002.5	83305.0	79924.5	75686.0	70430.5	65008.5	58390.0	51151.5	44309.0	37561.5	31144.5	25076.0	19707.5	15214.0	11408.5	8305.5	5915.0	4127.5	2808.0	1855.5	1210.0	766.5	484.5	300.5	190.0	109.5	54.0	26.5	17.0	14.5	11.0	6.0	3.0	2.5	1.0	0.5	1.0	0.5	0.0	0.0	0.0
PD_5P_1_bbduk_polyg_filt	0.0	0.5	2.0	2.0	1.0	1.0	3.0	5.5	10.5	16.0	24.0	46.0	97.0	165.0	250.5	399.0	601.5	852.5	1259.5	1879.0	2612.5	3543.5	4791.0	6401.5	8382.5	10631.0	13338.5	16506.0	20134.5	24348.0	28816.0	33662.0	39045.0	44187.5	49962.0	56374.0	62934.5	69966.0	77151.5	84466.5	91578.5	98323.0	105013.5	111261.0	115987.0	120307.5	123948.5	125941.0	127047.5	128161.5	128930.0	128835.5	128099.0	126892.0	124970.0	122525.5	119525.5	115619.5	111434.5	106787.5	100811.5	93974.0	87049.0	79474.5	71221.0	63033.0	54892.0	46932.5	39651.5	32685.0	26174.5	20622.0	16032.0	11984.0	8764.0	6331.5	4412.5	3040.5	1975.5	1259.5	817.5	496.0	294.5	169.5	99.5	59.0	31.0	16.5	10.0	4.0	1.5	1.5	1.0	0.0	0.0	0.0	0.0	0.0	0.0	0.0	0.0
PD_5P_2_bbduk_polyg_filt	0.0	1.0	2.0	2.5	2.5	2.0	1.5	4.0	8.0	13.0	29.5	54.5	90.5	152.0	246.5	374.5	563.0	844.0	1227.5	1788.0	2565.5	3578.0	4796.5	6331.0	8290.5	10671.0	13293.5	16291.0	19957.0	24071.5	28530.5	33325.5	38639.0	43931.5	49511.0	56001.0	62736.5	69279.5	76129.0	83412.5	90797.5	97823.5	104185.0	110317.5	115899.0	120256.0	123749.0	126279.0	127229.5	128025.0	128713.5	128557.5	128344.0	127303.0	125514.0	123127.0	119874.0	116160.0	111973.0	106983.0	101098.5	94840.5	87716.5	79753.5	71704.0	63851.0	55515.5	47338.0	39939.5	32998.0	26566.0	20978.5	16145.0	12006.0	8826.5	6346.0	4520.0	3085.0	2037.5	1309.0	817.0	520.0	315.5	189.5	113.5	64.0	34.5	15.5	9.0	5.0	2.0	0.0	0.5	1.0	0.5	0.0	0.0	0.0	0.0	0.0	0.0
PD_60P_1_bbduk_polyg_filt	6.0	11.0	10.0	5.0	4.5	5.0	14.5	39.5	83.5	137.0	232.0	424.5	715.0	1136.5	1699.0	2550.5	3685.5	5059.5	6906.5	9241.5	12229.5	15570.0	19284.5	23586.5	28138.5	32858.5	37609.5	42385.0	46943.0	50822.5	54399.0	58148.5	61508.0	64534.5	68076.0	71772.5	75745.5	80499.0	86364.5	92362.0	98151.0	104797.5	111040.0	116596.5	121408.5	124475.0	126312.0	127320.5	127477.0	126543.5	125037.0	123584.5	121541.0	119395.0	117824.5	116142.0	113685.0	111303.5	108475.5	104805.0	100547.0	95570.5	89823.0	82519.0	74768.5	66850.0	57995.0	49354.0	41447.0	33971.5	27200.5	21182.0	16097.0	11964.5	8680.0	6137.5	4168.0	2822.0	1885.5	1211.5	772.0	457.5	267.5	159.0	89.5	54.5	35.5	22.5	13.0	5.5	2.0	1.5	2.0	1.0	0.0	0.0	0.0	0.0	0.0	0.0	0.0
PD_60P_2_bbduk_polyg_filt	6.0	8.5	7.5	6.0	6.5	11.0	19.0	31.5	68.0	137.0	246.0	397.0	679.0	1132.5	1767.0	2579.5	3682.5	5116.5	6935.0	9339.5	12148.5	15452.0	19220.0	23364.0	27929.5	32663.5	37254.5	41971.0	46706.0	50795.0	54506.5	58003.5	61236.5	64352.5	67538.0	71429.0	75788.0	80311.0	85706.5	91831.5	98295.5	104654.5	110872.5	116584.0	120993.5	124261.5	126527.0	127710.5	127836.0	126780.0	125197.0	123585.0	121849.0	120002.0	118149.0	116073.0	114027.5	111877.5	108900.5	105266.5	100841.5	95978.5	90137.0	82580.5	74512.5	66535.5	58040.0	49514.5	41571.5	34107.5	27240.5	21307.0	16211.5	12045.0	8811.0	6102.0	4125.0	2786.5	1838.0	1211.0	759.0	463.0	282.0	159.0	87.0	55.5	36.5	24.0	11.5	4.5	1.5	1.5	2.0	1.0	0.0	0.0	0.0	0.0	0.0	0.0	0.0
PD_63P_1_bbduk_polyg_filt	0.0	0.0	0.0	0.0	0.0	1.5	6.5	7.0	12.0	30.0	42.5	89.5	177.5	245.0	365.0	583.5	844.5	1178.0	1620.5	2265.5	3083.5	4189.0	5658.5	7364.0	9488.0	12081.0	15206.5	18842.0	22825.5	27541.0	32956.0	38791.5	45087.5	51830.5	59226.5	67218.0	75467.5	83979.0	92674.0	100735.0	108486.0	115696.0	121250.0	124988.0	126795.0	126947.0	124903.0	120575.0	115352.5	109547.0	103313.5	96654.5	89925.5	83737.5	78107.5	73185.0	69358.5	66553.0	63530.5	60991.0	59362.5	57384.0	55062.5	52252.5	48829.0	45231.0	41086.0	36724.0	32387.5	27772.0	23103.0	18796.5	14941.5	11514.0	8749.5	6503.5	4718.0	3360.5	2304.0	1559.0	1038.5	636.5	377.5	225.5	128.0	71.0	37.0	19.0	8.5	3.0	0.0	0.0	0.0	0.0	0.0	0.0	0.0	0.0	0.0	0.0	0.0
PD_63P_2_bbduk_polyg_filt	0.0	0.0	0.0	0.0	0.5	1.0	2.0	6.5	13.0	27.5	46.0	84.5	149.5	234.0	375.5	547.0	800.0	1128.0	1550.0	2172.0	2968.5	4059.0	5512.5	7184.5	9269.5	11948.5	15062.5	18431.5	22455.5	27161.0	32361.5	38029.5	44382.0	51176.0	58568.5	66639.0	74827.5	83268.5	91790.0	100375.5	108172.5	115045.5	120826.5	124622.0	126311.5	126469.0	124850.0	121361.0	116378.5	110202.0	103923.5	97318.5	90585.5	84630.0	79162.5	74276.0	69679.5	66461.5	64247.5	61699.5	59742.5	57739.0	55496.0	52699.0	49165.5	45478.0	41380.5	36755.0	32087.5	27595.0	23064.0	18884.5	15007.5	11601.5	8835.0	6462.5	4662.0	3341.0	2330.0	1566.5	1018.0	622.0	375.0	217.5	140.5	80.0	39.0	23.5	12.5	4.5	0.5	0.5	0.5	0.0	0.0	0.0	0.0	0.0	0.0	0.0	0.0
PD_64P_1_bbduk_polyg_filt	0.0	0.5	1.0	0.5	1.0	3.0	5.5	10.0	20.0	37.0	80.5	147.5	255.5	432.0	725.5	1105.0	1621.0	2296.0	3103.5	4157.5	5579.0	7289.0	9058.0	11369.5	14112.0	17013.5	20251.5	24069.0	28301.5	33133.0	38455.0	44092.5	50550.5	57197.5	64884.5	73743.5	82595.5	91130.5	100136.5	109804.0	119421.5	128643.5	136998.0	144254.5	149857.5	154439.0	157709.0	159731.0	160550.5	159355.5	157167.0	154040.5	150389.5	146333.5	141977.0	137426.5	133007.5	129241.5	124999.5	120508.0	115730.5	110177.0	103891.5	96575.0	88409.0	79978.5	70906.5	61487.0	52259.0	43162.0	34824.0	27595.0	21220.0	15927.5	11847.0	8406.5	5926.5	4223.0	2798.0	1828.5	1171.0	695.5	433.5	265.5	146.5	84.5	49.0	25.5	13.0	5.0	2.0	2.0	1.0	0.0	0.0	0.0	0.0	0.0	0.0	0.0	0.0
PD_64P_2_bbduk_polyg_filt	0.0	0.5	1.5	2.0	4.0	4.0	3.5	8.0	19.0	48.0	96.0	148.0	247.5	413.5	657.5	1026.0	1566.0	2287.5	3150.0	4244.0	5526.0	7119.5	9149.5	11425.5	14036.0	16978.5	20259.0	24015.0	28345.0	33202.5	38200.5	43763.0	50257.5	57143.5	64576.5	72781.0	81568.0	90496.0	99997.0	110078.5	119358.5	128058.0	136688.5	144032.5	149446.5	154118.0	157616.0	159195.5	159694.0	159074.5	157360.5	154611.5	150450.5	146437.5	142504.0	138158.0	133826.0	129350.0	125215.5	121051.5	116171.5	110376.5	104312.5	97177.0	88795.5	80077.5	70572.5	61352.5	52375.0	43233.0	34901.0	27633.0	21481.0	16225.0	11883.0	8440.0	5935.0	4198.0	2870.0	1849.5	1187.0	747.5	439.0	275.0	170.5	94.0	56.5	26.5	9.5	5.5	5.0	3.0	1.0	1.0	0.5	0.0	0.0	0.0	0.0	0.0	0.0
PD_65P_1_bbduk_polyg_filt	13.0	11.0	11.0	8.5	4.0	6.5	9.0	12.5	19.0	35.5	61.0	113.0	213.5	380.5	640.0	1028.5	1580.5	2259.0	3276.5	4678.5	6390.0	8521.0	10956.5	13821.5	17137.0	20821.5	24899.0	29096.0	33923.0	39163.0	44565.5	50429.5	56162.0	61905.0	68176.0	74807.0	81042.5	86703.0	91631.5	95637.5	99389.5	102519.5	104740.5	106514.0	106979.0	106902.5	106712.0	105972.5	104795.0	103457.5	102183.5	101367.0	100869.5	99864.0	99007.0	98812.0	99035.5	99004.0	98920.0	98045.5	95976.5	93219.5	89912.5	85700.0	79958.5	73307.5	66106.0	58651.0	50752.0	42741.5	35507.5	28881.5	22814.5	17550.5	13137.0	9521.5	6810.0	4751.0	3170.5	2120.5	1386.0	858.5	520.5	287.0	155.5	90.5	54.0	26.0	12.5	7.5	2.5	0.5	0.5	1.0	0.5	0.0	0.0	0.0	0.0	0.0	0.0
PD_65P_2_bbduk_polyg_filt	7.0	7.5	11.0	10.5	6.0	7.5	9.5	11.0	17.0	32.5	65.0	127.5	227.5	377.5	636.0	1025.5	1525.0	2232.5	3209.0	4574.5	6411.0	8547.5	11038.0	13872.0	17014.5	20514.5	24688.5	29180.5	34008.0	39188.5	44274.0	49894.5	56107.5	61833.0	67849.0	74464.0	80524.0	86075.5	90939.0	95561.0	99447.0	101989.5	104360.0	106224.0	106720.0	106626.0	106984.5	106641.0	104590.5	103266.5	102552.0	101494.5	100556.5	99772.5	99652.0	99453.5	99619.5	100085.5	99274.5	97691.5	95982.5	93814.5	90385.0	85802.0	80039.0	73364.0	66017.5	58456.5	50863.0	43165.5	36026.5	29127.0	22848.5	17454.5	13073.0	9612.0	6858.5	4783.0	3237.0	2143.5	1386.5	855.5	501.5	276.0	163.0	96.5	51.5	31.0	16.0	8.0	4.0	1.0	0.0	0.0	0.5	0.5	0.0	0.0	0.0	0.0	0.0
PD_66P_1_bbduk_polyg_filt	0.0	0.0	0.0	0.0	0.5	0.5	0.0	1.0	2.0	4.0	10.5	22.0	47.5	80.5	136.5	221.0	329.5	528.0	867.5	1322.0	1881.0	2640.5	3705.0	5180.0	6947.5	9101.5	11827.0	15121.5	18795.0	23049.5	28142.5	33779.0	40057.0	46666.0	54145.5	62746.5	71642.5	80797.0	90653.5	100527.5	109661.5	118070.0	125131.5	130657.0	133538.5	134085.0	133042.5	129814.5	124831.0	118125.5	110990.0	103120.5	94968.5	87406.5	80642.5	74495.5	68821.0	63935.0	59568.5	56248.5	52756.0	48991.0	45312.5	41466.0	37307.0	33270.0	29214.0	25154.0	21204.0	17272.0	13923.0	11010.0	8479.5	6327.5	4566.0	3246.0	2263.0	1590.0	1098.0	725.0	483.0	304.5	191.5	120.0	58.5	33.5	17.5	8.5	6.5	4.0	3.0	2.0	1.0	0.0	0.0	0.0	0.0	0.0	0.0	0.0	0.0
PD_66P_2_bbduk_polyg_filt	0.0	0.0	0.0	0.0	1.0	1.0	0.5	0.5	2.0	4.5	11.0	24.5	39.0	73.0	137.5	213.0	325.0	553.0	857.5	1272.5	1828.0	2602.5	3722.5	5227.5	6981.5	9082.0	11696.0	14797.0	18723.0	22979.5	27723.5	33311.0	39260.5	45993.5	53740.0	62251.0	71368.0	80705.0	90083.0	99894.0	109084.5	117185.5	124183.0	129824.0	133353.5	134143.5	132940.0	130163.5	125307.5	118642.0	111812.5	103978.0	95448.5	87749.0	81053.0	75047.5	69492.0	64717.0	60230.5	56521.5	53287.0	49407.5	45466.5	41639.5	37459.5	33417.5	29390.0	25348.0	21322.5	17339.5	14023.5	11130.5	8601.5	6405.5	4688.5	3428.5	2370.5	1580.5	1086.0	737.5	460.0	282.5	190.5	120.0	69.5	41.0	21.0	9.5	5.0	3.5	2.0	1.0	1.0	0.5	0.0	0.0	0.0	0.0	0.0	0.0	0.0
PD_6P_1_bbduk_polyg_filt	0.0	0.0	0.5	0.5	2.5	3.0	2.5	7.0	19.5	35.5	57.0	116.0	204.5	280.5	419.5	647.5	934.0	1286.5	1723.0	2373.5	3328.5	4388.0	5668.5	7255.0	9075.0	11230.0	13719.0	16487.5	19705.0	23123.0	26649.5	30469.5	34565.5	39164.0	43790.0	48809.5	54216.0	59556.5	65499.5	71543.5	77136.5	83268.0	88697.5	93341.5	98022.0	101164.5	102704.5	103567.5	103312.5	101622.0	99167.0	95356.5	90733.5	86286.0	81644.0	77195.0	73335.5	69494.0	65711.5	62228.5	59102.0	55978.5	52771.5	49427.0	45103.5	40523.0	35986.0	31544.5	27125.0	22472.0	18127.0	14322.0	11106.0	8460.5	6283.5	4453.5	3162.5	2180.0	1413.0	929.5	589.5	372.0	226.0	112.0	61.0	40.0	21.5	15.0	9.0	1.5	1.0	1.5	0.5	0.0	0.0	0.0	0.0	0.0	0.0	0.0	0.0
PD_6P_2_bbduk_polyg_filt	1.0	0.5	1.0	1.5	1.0	1.5	4.0	7.5	14.0	30.0	70.5	119.5	178.5	287.0	421.0	631.5	950.5	1321.0	1773.0	2409.5	3309.0	4367.0	5568.0	7219.0	9087.0	11202.5	13723.0	16537.0	19635.5	22909.0	26505.0	30360.5	34667.0	39028.5	43640.5	48781.0	53984.0	59400.0	65181.5	71139.0	76900.5	82517.5	88379.0	93936.0	97941.0	100783.0	102906.0	103945.0	103684.5	101919.5	99028.0	95305.0	90861.5	86321.5	82097.0	77566.0	73318.5	69733.0	66079.0	62621.5	59473.5	56374.5	53072.5	49301.5	44950.0	40425.0	35853.0	31286.5	26722.0	22270.0	18129.5	14331.5	11136.5	8570.0	6354.0	4505.0	3148.0	2156.5	1446.0	956.5	617.0	376.5	215.0	114.0	69.5	38.5	18.5	11.5	7.5	3.5	1.0	1.5	0.5	0.0	0.0	0.0	0.0	0.0	0.0	0.0	0.0
PD_70P_1_bbduk_polyg_filt	0.0	0.0	0.0	0.0	0.0	0.5	2.5	3.0	6.0	11.0	22.0	39.0	56.0	97.0	168.0	253.0	419.0	674.0	1047.0	1620.0	2386.5	3473.5	4979.0	6867.0	9181.5	12206.5	15902.0	20220.0	24869.5	29856.0	35780.5	42148.5	48341.5	54485.5	61493.0	68890.0	76008.0	82987.5	89116.0	94935.0	101004.5	106329.0	110291.5	112674.5	114139.5	114525.0	113071.0	110772.5	107660.0	103612.0	99647.5	95437.0	90282.0	85490.0	80686.0	76004.0	72083.5	68621.0	65684.0	62596.5	59517.0	56015.0	52389.5	48499.0	44052.5	39284.0	34254.0	29709.5	25328.5	20836.0	16880.0	13675.5	10738.0	8184.5	6100.5	4454.0	3208.5	2276.5	1607.5	1112.5	776.0	489.0	315.0	206.0	118.5	66.5	37.0	24.5	15.0	5.5	3.0	3.5	3.0	1.5	0.5	0.0	0.0	0.0	0.0	0.0	0.0
PD_70P_2_bbduk_polyg_filt	0.0	0.0	0.0	0.0	0.0	0.0	1.5	2.5	2.5	11.5	24.0	32.5	43.5	88.0	168.0	269.5	446.0	663.5	1020.0	1599.5	2363.5	3436.0	4854.0	6697.0	9165.0	12241.5	15942.5	20048.0	24571.5	29683.5	35488.0	41706.0	48056.0	54697.0	61501.5	68377.5	75376.5	82225.5	89144.0	95494.5	100760.5	106018.0	110084.5	112895.5	114169.5	113622.5	112780.5	110855.5	107850.5	103836.5	99667.0	95531.5	90436.5	85566.0	80887.0	76430.5	72665.0	69094.5	66081.0	63100.0	59742.5	56176.5	52436.5	48436.5	44029.5	39435.5	34380.5	29788.5	25521.5	21004.0	16994.0	13606.5	10663.5	8231.0	6167.5	4513.5	3273.5	2308.0	1624.5	1124.5	770.0	479.5	297.5	197.5	124.5	80.5	47.5	27.5	16.5	7.5	4.5	5.5	3.0	0.5	0.0	0.0	0.0	0.0	0.0	0.0	0.0
PD_73P_1_bbduk_polyg_filt	0.0	0.5	1.0	1.0	1.0	1.5	2.0	3.5	8.5	13.5	19.0	30.0	65.0	132.0	236.0	381.5	571.0	865.0	1237.5	1740.5	2381.5	3156.0	4151.5	5339.5	6691.5	8155.0	9690.0	11307.0	13121.5	15020.5	16916.5	19074.0	21384.5	23686.0	26233.0	29215.0	32440.0	35547.5	38848.5	41943.0	44559.0	47193.5	49448.5	50959.5	51600.0	51454.5	50699.5	49202.0	47216.0	44639.0	41809.5	39035.0	36387.5	33837.5	31308.5	29211.5	27689.5	26389.0	25146.0	24215.5	23058.0	21948.0	20831.0	19351.0	17734.5	15959.0	14131.0	12426.5	10728.0	8983.5	7378.0	5876.0	4567.0	3558.0	2750.0	2038.5	1457.0	1020.0	691.0	482.5	351.5	233.0	132.0	76.5	45.0	24.0	14.5	10.0	4.5	1.5	2.0	1.5	0.5	0.0	0.0	0.0	0.0	0.0	0.0	0.0	0.0
PD_73P_2_bbduk_polyg_filt	0.0	0.5	1.0	1.0	0.5	2.0	3.5	2.5	8.5	17.0	21.5	37.0	69.0	110.0	198.0	335.0	516.5	777.0	1147.0	1603.0	2246.0	3029.0	3986.0	5135.0	6355.5	7773.0	9287.5	11044.0	12843.5	14655.0	16548.0	18707.5	20919.0	23027.5	25635.0	28575.5	31696.0	34906.5	38005.5	40931.0	43996.0	47156.5	49270.0	50543.5	51402.0	51523.0	50960.5	49754.0	47826.5	45243.5	42649.0	39858.0	36884.5	34034.0	31722.5	29971.0	28250.5	26770.0	25597.5	24528.5	23335.5	22228.0	21111.5	19605.5	17952.0	16236.5	14339.0	12687.0	10992.0	9115.0	7497.5	6036.0	4765.0	3677.5	2804.5	2078.0	1496.5	1063.0	702.5	475.5	354.5	236.0	145.0	86.5	53.0	30.5	16.5	10.5	6.0	2.0	1.5	1.5	1.0	0.0	0.0	0.0	0.0	0.0	0.0	0.0	0.0
PD_74P_1_bbduk_polyg_filt	0.0	0.0	0.0	0.0	0.0	0.0	0.0	0.5	2.0	3.0	5.5	18.0	34.0	54.0	97.0	163.5	262.5	454.0	793.0	1284.0	1989.5	2855.0	4140.0	5934.0	8142.0	10924.5	14509.5	18824.5	23691.0	29305.0	35784.5	42865.5	50726.0	58757.5	67143.0	76060.0	84795.5	93451.5	102271.0	110565.0	117998.0	124832.0	130499.0	135109.0	137592.5	138202.0	137692.0	135190.5	131301.5	126832.0	121939.0	116627.5	110921.5	105368.0	100361.0	95965.0	92302.0	89333.0	87276.0	85263.5	83206.5	81219.0	78115.0	73885.5	68715.0	62869.5	55851.5	48050.0	40239.5	32823.0	26206.5	20566.0	15646.0	11386.0	8170.0	5742.0	4041.5	2809.0	1875.0	1226.5	784.0	486.0	309.5	195.0	111.0	59.0	29.5	15.5	10.0	7.5	4.0	2.0	1.0	0.5	0.0	0.0	0.0	0.0	0.0	0.0	0.0
PD_74P_2_bbduk_polyg_filt	0.0	0.0	0.0	0.0	0.0	1.0	2.0	1.5	2.0	4.5	6.5	13.0	29.5	45.5	70.0	141.0	278.0	468.0	770.5	1218.0	1864.5	2829.0	4101.5	5793.0	7919.0	10800.0	14324.0	18399.5	23598.5	29563.0	35595.0	42351.0	50153.0	58197.5	66721.5	75324.0	83937.5	92806.0	101360.0	109512.0	117291.0	124336.5	130110.0	134668.0	137520.5	138043.5	137216.0	135490.5	131938.5	126960.0	121956.0	116701.0	111143.0	106178.0	101299.0	96290.5	92685.5	90171.0	87750.0	85379.0	83172.5	81271.5	78601.5	74491.5	69288.5	63286.5	55916.5	48188.0	40872.5	33480.0	26597.0	20659.0	15720.0	11634.5	8407.5	5915.0	4040.5	2800.0	1924.5	1284.0	821.5	512.5	334.0	200.5	107.0	57.0	29.0	12.5	9.0	10.0	6.0	2.5	1.0	0.5	0.0	0.0	0.0	0.0	0.0	0.0	0.0
PD_75P_1_bbduk_polyg_filt	0.0	0.0	0.0	0.5	2.5	4.5	5.0	7.5	9.5	14.5	34.5	68.0	123.5	194.0	301.5	461.0	722.0	1016.0	1424.0	2044.0	2866.0	3911.5	5272.0	7181.5	9345.5	11644.0	14567.0	17986.5	21824.5	26279.0	30938.5	36061.0	42098.0	48334.0	54948.5	62352.0	70086.5	77779.0	85841.0	94132.5	101775.0	108776.5	114982.5	119967.0	123549.5	125235.5	124996.5	123084.0	119296.0	114019.5	108405.0	102517.0	96459.0	90542.0	84696.0	79571.5	75410.0	72252.5	69343.5	66423.5	63569.5	60621.0	57336.0	53474.0	48988.5	43996.5	38733.5	33568.5	28441.0	23277.5	18816.5	14946.5	11437.0	8487.5	6109.0	4276.5	2993.0	2076.5	1393.0	897.5	554.5	357.5	231.0	136.5	73.5	36.0	18.5	12.0	7.5	2.0	1.0	0.0	0.0	0.0	0.0	0.0	0.0	0.0	0.0	0.0	0.0
PD_75P_2_bbduk_polyg_filt	0.0	0.0	0.0	0.5	3.5	5.0	4.5	5.0	10.5	18.5	38.5	62.5	113.0	203.0	303.0	473.0	696.5	1002.0	1453.5	2032.5	2865.0	3905.5	5256.5	7060.5	9235.5	11657.5	14547.5	17992.0	22010.5	26250.5	30801.5	36231.5	42239.5	48089.0	54589.0	62158.5	69835.0	77307.5	85340.5	93680.5	101521.0	108748.5	114863.5	119964.5	123465.0	125274.0	125031.5	122412.0	119115.5	114395.0	108445.5	102537.0	96369.5	90485.5	85000.0	80295.5	76198.5	72617.5	69563.0	66800.0	64083.0	60761.5	57330.5	53570.0	48980.0	44072.0	38739.5	33519.0	28549.5	23588.0	18983.5	14976.5	11529.5	8602.0	6209.5	4311.0	3005.0	2116.5	1404.5	906.5	577.5	363.0	228.5	134.0	70.5	34.0	17.5	12.0	6.0	3.0	2.5	0.0	0.0	0.0	0.0	0.0	0.0	0.0	0.0	0.0	0.0
PD_76P_1_bbduk_polyg_filt	0.0	0.0	0.0	0.0	0.0	0.5	1.0	2.0	3.5	6.0	11.0	24.5	51.5	92.5	159.0	267.5	401.0	583.5	879.5	1303.5	1864.0	2558.0	3489.5	4711.0	6249.5	8166.0	10382.5	13200.0	16340.0	19790.0	23855.5	28140.0	33072.0	38501.0	44151.5	50617.5	57322.5	63825.5	70065.0	75941.0	81495.5	86383.0	90169.5	92913.5	95082.5	96286.5	96731.5	97162.0	96996.5	96285.5	95984.0	95777.0	94616.5	93402.0	92315.5	91237.0	90472.5	89086.0	87221.5	85098.5	82482.0	78578.5	73570.5	67562.5	60989.5	54172.0	46558.0	38968.5	31821.0	25291.0	19686.5	14846.0	11018.5	8028.5	5662.0	3867.5	2508.5	1719.5	1146.0	725.5	469.0	278.0	157.0	88.5	60.0	41.5	26.5	15.5	7.0	3.0	1.5	1.0	1.0	0.5	0.0	0.0	0.0	0.0	0.0	0.0	0.0
PD_76P_2_bbduk_polyg_filt	0.0	0.0	0.0	0.0	0.0	1.0	2.5	2.5	4.0	7.5	13.5	24.5	37.5	69.0	144.0	270.5	420.0	576.0	852.5	1296.5	1811.5	2524.5	3470.0	4613.5	6171.5	8093.0	10390.5	13143.5	16116.5	19466.0	23417.0	27798.0	32862.0	38196.5	44118.5	50659.0	56818.5	63038.0	69534.5	75516.0	80725.5	85689.5	89724.0	92756.5	94921.0	96351.5	97244.0	97401.5	97271.0	96777.0	96099.0	95279.0	94652.5	94003.0	92835.0	91839.0	90715.5	89377.0	87700.0	85617.5	82769.0	78876.0	73974.0	67831.5	61277.0	54203.0	46645.5	39180.5	31884.5	25376.0	19882.5	15072.0	11087.5	7957.0	5593.5	3914.0	2649.0	1744.0	1139.0	702.5	462.0	308.5	182.0	108.0	68.5	41.0	24.0	15.5	9.5	4.5	2.0	1.5	2.0	1.0	0.0	0.0	0.0	0.0	0.0	0.0	0.0
PD_77P_1_bbduk_polyg_filt	0.0	1.0	3.0	3.5	2.0	1.0	5.0	13.0	21.0	38.5	68.5	106.0	185.5	318.5	511.0	811.0	1196.5	1731.5	2499.0	3485.0	4639.0	6050.5	7884.5	10011.0	12326.0	14976.5	17981.5	21449.5	25235.0	28969.5	32998.5	37611.0	42759.5	47882.0	53553.5	59866.0	66350.0	73293.5	80354.0	87716.5	94643.0	101338.0	108061.0	114174.5	119389.0	123391.5	126460.0	129161.5	130892.5	131407.5	131432.0	131373.5	131051.5	130323.5	129622.5	128704.5	128306.0	127953.5	127000.5	126032.5	124248.0	121189.0	117092.0	111926.5	104981.0	96849.5	87766.5	78407.5	68932.0	58805.5	49034.0	40165.5	32086.5	24777.5	18819.5	13910.5	10115.5	7386.0	5238.5	3600.0	2441.0	1634.0	1080.0	670.5	410.0	259.0	147.5	74.5	43.5	25.0	13.5	5.5	2.0	0.5	0.5	1.0	0.5	0.0	0.0	0.0	0.0
PD_77P_2_bbduk_polyg_filt	0.0	0.5	1.0	2.0	2.5	2.5	4.0	6.5	19.0	37.5	65.0	120.5	191.0	302.5	514.0	825.5	1229.5	1778.5	2528.5	3397.0	4552.0	6090.5	7823.5	9817.5	12159.0	14927.0	17966.5	21345.5	25101.5	28939.0	33162.0	37574.5	42263.5	47344.5	53406.5	59972.0	65896.0	72296.5	79705.5	87246.0	94290.5	100987.0	107331.5	113361.5	118466.0	122999.5	126809.0	129067.0	130514.0	131601.0	132019.0	131554.5	131306.0	130825.0	129991.0	129271.0	128520.5	128213.5	127564.0	126705.5	124970.5	121781.5	117609.5	112196.0	105283.0	97144.0	87912.0	78459.5	69170.0	58952.0	48997.5	40272.5	32174.5	24900.5	18778.5	13816.0	10180.0	7442.5	5284.5	3659.5	2455.0	1634.5	1103.0	726.0	445.5	272.5	162.0	90.5	47.0	24.5	13.0	7.0	3.0	0.0	1.0	2.0	1.0	0.0	0.0	0.0	0.0
PD_78P_1_bbduk_polyg_filt	0.0	0.0	0.0	1.0	1.5	2.0	6.5	12.0	27.5	55.5	94.0	150.0	249.0	414.5	615.0	878.5	1246.0	1669.5	2286.5	3007.5	3801.0	4857.5	6175.5	7706.5	9457.5	11580.0	14009.0	16756.5	19851.0	22955.0	26430.5	30236.0	33968.5	37925.5	42356.0	46729.5	51270.0	55912.0	60587.5	65829.0	71019.5	75964.5	80583.5	84678.0	88272.0	91611.5	94093.0	95171.5	95548.0	94669.5	93478.5	92534.5	91076.5	89643.0	88275.5	87197.0	86487.0	85633.5	84587.5	83153.0	81247.0	78885.5	75263.5	70461.0	65123.5	59019.5	52255.0	45588.5	38742.0	31970.5	25680.0	20142.5	15532.0	11722.5	8719.5	6204.0	4215.5	2865.0	1967.0	1325.5	852.0	546.0	344.0	199.5	104.0	60.0	41.5	26.5	15.5	7.5	3.5	1.0	0.0	0.0	0.0	0.0	0.0	0.0	0.0	0.0	0.0
PD_78P_2_bbduk_polyg_filt	0.0	0.0	0.0	1.0	2.0	4.0	8.0	14.0	25.5	44.5	83.5	154.5	251.0	415.0	637.5	887.5	1226.5	1652.0	2201.0	2881.0	3772.0	4819.5	6137.5	7709.5	9421.5	11631.0	14018.5	16612.0	19667.5	23070.0	26559.5	30044.5	33704.0	37584.0	42083.0	46861.5	51457.0	55872.0	60444.0	65499.0	70711.5	75944.0	80536.5	84622.5	88466.0	91667.0	94134.0	95161.5	95304.5	94931.5	93775.0	92443.0	91354.5	90141.5	88495.0	86998.0	86185.0	85895.5	85121.5	83395.0	81149.5	78582.5	74995.0	70625.0	65283.0	58870.5	52401.0	45703.5	38603.5	31818.0	25760.5	20362.0	15684.0	11747.5	8672.5	6247.0	4307.5	2900.5	1945.5	1271.5	858.5	564.0	318.0	183.5	115.0	73.0	41.5	23.5	12.5	5.0	4.0	2.5	1.0	0.0	0.0	0.0	0.0	0.0	0.0	0.0	0.0
PD_79S_1_bbduk_polyg_filt	0.0	0.0	0.0	0.0	1.5	3.0	5.5	11.0	17.5	44.0	84.5	161.0	266.0	427.5	717.5	1052.5	1529.0	2128.0	2855.0	3868.5	5176.5	6791.0	8971.5	11480.0	14315.0	17984.0	22223.0	27048.0	32414.5	38518.5	44873.5	51488.0	58715.5	66187.5	74487.0	83313.0	91655.5	99727.5	108354.5	116810.0	124578.0	131612.5	137791.0	142902.0	146203.0	147392.5	147221.5	145232.5	141843.0	137885.5	132748.0	127458.0	122370.5	117126.0	112266.5	108098.0	104913.5	101927.0	98788.5	96221.0	93580.0	90142.0	85834.0	80901.5	74476.0	67375.5	60333.5	53090.5	45763.0	38292.5	31281.0	25227.0	19811.5	14887.0	11009.5	8085.0	5806.0	3993.0	2716.0	1860.5	1230.5	783.0	491.0	280.5	161.5	102.0	60.5	38.0	22.5	10.5	5.0	1.5	0.5	0.5	0.0	0.0	0.0	0.0	0.0	0.0	0.0
PD_79S_2_bbduk_polyg_filt	0.0	0.0	0.0	0.0	1.0	2.5	5.5	15.0	24.5	44.0	87.0	152.5	264.5	430.0	656.0	964.5	1468.5	2099.5	2808.5	3788.0	5128.0	6727.5	8683.5	11326.0	14312.5	17717.0	21875.0	26674.0	32089.5	37971.0	44495.5	51136.0	58066.5	65626.5	73626.0	82037.5	90750.0	98983.5	107241.0	115728.5	123603.0	130965.0	137409.5	142499.5	145531.5	147013.5	147239.0	145649.0	142417.5	138158.0	133617.0	128511.5	122788.0	117651.0	113058.0	109050.0	105636.0	102496.5	99931.5	96887.0	93698.5	90567.0	86462.0	81121.0	74788.0	68126.5	60823.0	53335.0	46069.0	38828.5	31758.5	25390.5	19852.5	15035.0	11081.0	8056.0	5803.0	4055.0	2783.5	1847.5	1227.0	797.5	487.5	284.0	178.0	114.0	57.0	32.0	16.5	9.0	7.0	4.5	2.5	1.0	0.0	0.0	0.0	0.0	0.0	0.0	0.0
PD_7P_1_bbduk_polyg_filt	0.0	0.0	0.0	0.0	0.0	0.0	1.0	3.0	12.0	25.5	53.5	111.0	195.0	300.0	451.0	690.0	1031.5	1463.0	2045.0	2924.5	4139.5	5696.0	7667.5	10213.0	13272.5	16981.5	21553.5	27123.5	33209.0	39897.5	47732.0	56333.0	65589.5	74737.0	84564.5	95630.0	106268.5	116392.5	127370.0	138620.0	148388.0	156930.0	164392.0	169713.5	172199.5	171538.0	167648.0	161055.0	152146.0	141633.5	130374.0	118052.5	105336.5	93045.0	81315.5	70732.0	60907.0	52117.5	44310.0	37427.0	31793.0	27289.0	23569.5	20086.5	17226.5	15026.0	13191.0	11618.0	10070.5	8563.0	7246.0	6012.5	4906.5	3900.0	3014.5	2301.5	1748.0	1308.5	930.0	633.0	410.5	268.0	183.0	118.5	85.5	59.0	32.0	15.0	9.0	5.5	1.5	0.5	1.0	1.0	1.0	0.5	0.0	0.0	0.0	0.0	0.0
PD_7P_2_bbduk_polyg_filt	0.0	0.0	0.0	0.0	0.0	0.0	1.5	4.5	10.0	24.0	65.0	108.5	173.5	289.5	465.5	699.5	971.5	1369.5	1967.0	2810.0	3987.0	5516.0	7476.0	10015.5	13016.5	16600.5	21167.5	26674.5	32825.5	39559.5	47201.0	55713.0	64698.5	73893.0	83704.0	94335.5	105216.5	115776.5	126682.5	137639.0	147608.0	156474.5	163957.0	169502.5	172164.0	171772.5	168289.0	161155.5	152276.0	142127.0	130633.5	118980.5	106282.5	93998.5	82448.5	71375.5	61504.5	52819.0	45222.5	38130.0	32241.0	27649.0	23815.0	20474.5	17620.0	15421.0	13405.5	11693.0	10260.5	8759.0	7449.5	6155.5	4888.5	3895.5	3049.5	2343.5	1771.0	1331.0	952.5	643.0	425.5	272.0	174.5	108.0	77.5	57.5	29.5	14.5	10.5	6.0	3.0	1.0	1.0	1.0	0.0	0.0	0.0	0.0	0.0	0.0	0.0
PD_81P_1_bbduk_polyg_filt	0.0	0.0	0.0	0.0	0.0	0.0	0.0	0.0	0.0	0.0	0.0	0.0	0.0	0.0	0.0	0.0	0.0	0.5	1.0	1.0	1.0	0.5	0.5	0.5	0.5	2.0	3.5	3.0	4.5	4.5	7.5	10.0	10.5	13.5	12.5	10.0	12.0	18.0	21.5	19.5	23.0	28.5	23.0	28.0	34.5	28.5	24.5	31.5	35.0	27.0	26.0	27.0	28.5	31.0	29.5	29.5	28.5	27.5	27.0	20.5	17.0	19.5	19.5	17.5	16.0	14.5	14.0	10.5	7.5	8.0	5.5	4.5	4.0	2.5	1.5	1.0	0.5	0.5	0.5	0.5	1.0	0.5	0.0	0.0	0.0	0.0	0.0	0.0	0.0	0.0	0.0	0.0	0.0	0.0	0.0	0.0	0.0	0.0	0.0	0.0	0.0
PD_81P_2_bbduk_polyg_filt	0.0	0.0	0.0	0.0	0.0	0.0	0.0	0.0	0.0	0.0	0.0	0.0	0.0	0.0	0.0	1.5	1.5	0.5	1.0	1.0	1.0	0.5	0.0	0.5	1.5	2.0	2.5	1.5	3.0	6.5	6.0	7.0	13.0	15.0	11.5	9.0	10.5	14.0	19.5	25.5	24.5	28.5	38.0	33.5	25.5	23.0	25.0	31.5	34.5	33.0	28.0	29.5	32.0	28.5	26.0	25.0	28.5	26.0	22.5	21.0	14.0	13.5	17.5	17.5	17.0	15.0	10.0	7.0	9.5	11.5	7.0	3.5	2.0	3.0	3.5	1.5	1.5	1.5	1.0	0.5	0.5	0.5	0.0	0.0	0.0	0.0	0.0	0.0	0.0	0.0	0.0	0.0	0.0	0.0	0.0	0.0	0.0	0.0	0.0	0.0	0.0
PD_82P_1_bbduk_polyg_filt	0.0	0.0	0.0	0.0	0.0	1.5	1.5	4.0	14.5	27.5	42.0	81.0	146.0	232.0	372.0	564.5	845.5	1217.0	1729.5	2453.0	3343.0	4507.0	6052.0	7947.0	10100.5	12805.0	15915.5	19487.5	23833.0	28360.0	33275.0	38960.5	45124.0	51581.5	58730.5	66592.0	74745.5	83599.5	92914.5	102463.0	111924.0	120334.0	127797.5	133987.5	138385.5	141041.0	141406.5	139472.5	135880.5	130797.5	124855.0	118225.0	111038.0	104064.5	97778.0	92266.0	87603.5	83845.5	81089.0	78125.0	74406.0	71275.5	67973.0	64027.0	59768.5	54496.0	48455.5	42675.5	37050.0	31344.5	25749.0	20716.0	16323.0	12464.0	9363.5	6796.0	4811.0	3323.0	2174.0	1431.5	935.0	564.0	316.5	181.5	106.0	53.0	25.5	18.0	12.5	4.5	1.5	0.5	0.0	0.0	0.0	0.5	0.5	0.0	0.0	0.0	0.0
PD_82P_2_bbduk_polyg_filt	0.0	0.5	1.0	0.5	1.0	1.0	2.0	6.0	13.0	22.5	40.5	81.0	135.5	232.0	371.0	560.5	829.5	1181.5	1706.5	2401.5	3275.5	4498.5	6067.5	7989.0	10103.0	12706.5	15918.0	19434.0	23443.5	27835.0	33065.0	38782.0	44693.0	50878.5	58071.5	66546.5	74760.5	83153.0	92457.5	102001.5	111067.5	119798.0	127633.5	133681.5	138075.0	140941.5	141632.5	139535.0	136088.0	131519.5	125437.5	118251.0	111093.0	104603.5	98303.0	92748.5	88061.5	84477.5	81505.0	78284.0	75059.5	71853.5	68375.0	64370.0	59503.0	54164.0	48465.0	42610.0	36862.0	31171.0	25786.5	20901.0	16451.0	12530.5	9409.0	6904.0	4901.5	3330.0	2202.0	1434.5	937.5	600.5	356.0	208.0	109.0	56.0	24.5	12.0	8.0	4.5	0.5	1.0	1.0	1.0	0.5	0.5	0.5	0.0	0.0	0.0	0.0
PD_83P_1_bbduk_polyg_filt	0.0	0.0	0.0	0.0	0.0	0.0	0.5	0.5	0.5	0.5	1.0	1.5	2.0	5.5	9.0	9.5	12.0	19.5	29.0	41.5	53.5	69.5	101.0	142.5	173.5	221.5	282.5	339.5	402.5	501.0	620.0	750.0	875.5	959.5	1088.0	1277.0	1440.5	1599.0	1767.5	1915.5	2034.5	2186.5	2275.0	2318.0	2338.0	2316.5	2325.5	2206.5	2017.0	1900.0	1767.0	1604.0	1503.0	1392.5	1281.5	1238.0	1176.0	1095.0	1017.5	955.5	942.0	912.0	874.5	820.5	719.0	657.0	633.5	546.5	449.5	367.5	282.0	229.0	185.0	146.0	104.5	65.5	48.5	35.0	22.0	13.5	8.5	5.0	2.5	1.5	0.5	0.5	0.0	0.0	0.0	0.0	0.0	0.0	0.0	0.0	0.0	0.0	0.0	0.0	0.0	0.0	0.0
PD_83P_2_bbduk_polyg_filt	0.0	0.0	0.5	0.5	0.0	0.5	0.5	0.5	0.5	0.5	1.5	1.5	1.5	2.5	4.5	9.0	13.5	20.5	29.5	35.0	46.0	69.0	93.0	132.5	171.0	209.5	263.0	331.5	442.0	543.0	614.5	719.5	828.0	927.5	1076.0	1236.5	1422.0	1630.0	1772.0	1913.0	2077.0	2209.5	2285.0	2317.0	2303.0	2325.5	2317.0	2211.5	2055.5	1904.5	1785.5	1599.0	1482.5	1398.5	1308.5	1222.0	1144.0	1105.5	1029.0	989.5	985.5	929.0	857.5	822.5	765.5	693.5	619.0	517.5	425.0	358.0	284.0	227.5	190.0	143.0	102.0	73.5	55.0	32.0	21.0	16.5	10.5	7.0	4.5	1.0	0.0	0.0	0.0	0.0	0.0	0.0	0.0	0.0	0.0	0.0	0.0	0.0	0.0	0.0	0.0	0.0	0.0
PD_84P_1_bbduk_polyg_filt	3.0	2.5	1.0	4.0	6.0	6.5	14.0	25.0	56.5	91.5	149.5	276.0	456.0	742.0	1189.0	1770.0	2533.5	3555.0	4779.0	6326.0	8203.0	10290.5	12782.5	15429.0	18230.5	21333.5	24467.5	27679.5	31076.5	34702.0	38136.5	41578.5	45143.0	48537.0	52008.0	55542.5	59203.5	62736.5	66356.0	70352.5	74138.0	77576.5	81161.0	84274.5	86906.0	89541.0	91474.0	93190.5	94975.5	96827.5	98309.0	99675.0	101941.5	104340.0	106469.0	109203.0	112521.5	114842.0	115751.0	116103.0	115661.0	113754.0	109663.5	103727.5	96582.5	87787.0	77436.0	67269.5	57412.5	47465.5	38200.5	29886.5	22926.0	17136.0	12559.5	8978.0	6223.5	4254.0	2868.5	1890.5	1142.0	687.5	456.0	282.5	159.0	93.0	50.5	25.0	13.0	6.0	5.0	4.0	1.0	0.0	0.0	0.0	0.0	0.0	0.0	0.0	0.0
PD_84P_2_bbduk_polyg_filt	3.0	2.5	3.0	4.0	3.5	6.5	12.5	26.5	57.5	97.5	161.5	265.0	456.0	751.5	1196.0	1780.5	2527.5	3485.0	4760.5	6297.0	8146.0	10397.5	12789.0	15259.5	18158.5	21312.5	24449.5	27679.0	31190.5	34747.5	38064.0	41630.0	45174.0	48169.0	51533.0	55388.0	59114.0	62758.5	66160.5	69819.0	73601.5	77134.0	80868.5	84098.0	86602.0	89002.0	91587.0	93494.0	94925.0	96611.0	98186.0	99831.0	101985.5	104234.5	106349.0	109092.5	112032.0	114480.5	116059.0	116345.0	115831.5	114072.0	109994.0	103939.5	96664.5	87966.5	77777.5	67602.0	57622.0	47621.0	38326.5	30175.0	23172.5	17256.0	12666.0	9151.5	6356.0	4374.5	2951.5	1866.0	1139.0	725.0	472.0	283.0	164.0	93.0	53.0	31.0	15.5	6.5	5.0	4.5	1.5	0.0	0.0	0.0	0.0	0.0	0.0	0.0	0.0
PD_8P_1_bbduk_polyg_filt	0.0	0.0	0.0	0.0	0.0	1.0	4.5	7.5	12.0	22.0	36.5	73.5	139.0	243.0	408.0	651.5	931.0	1243.5	1677.5	2338.5	3294.5	4510.0	6177.0	8169.5	10515.5	13702.0	17743.5	22762.5	29580.5	37484.0	46241.0	56134.5	66477.0	76558.0	85729.5	95001.5	104699.5	114272.0	123339.0	131578.5	138777.5	145350.0	151296.0	155824.5	159136.5	161430.0	162983.5	163840.5	163901.0	162638.5	159715.5	155878.5	150934.5	144967.0	138690.0	132307.0	125383.5	117891.0	110442.5	103291.5	96377.5	88599.5	81049.5	73909.0	66427.0	59075.0	51576.0	44760.5	38108.5	31318.5	25376.5	20369.5	15929.5	12195.0	9139.0	6637.5	4697.5	3294.5	2326.0	1578.0	1055.0	675.0	403.5	228.5	129.0	81.0	56.5	36.0	16.0	7.0	5.0	3.0	1.0	0.0	0.0	0.0	0.0	0.0	0.0	0.0	0.0
PD_8P_2_bbduk_polyg_filt	0.0	0.0	0.0	0.0	0.5	1.0	1.5	4.5	9.5	14.5	27.5	73.5	151.5	252.0	394.5	634.5	928.5	1255.5	1713.5	2392.5	3200.5	4350.5	6086.0	8162.5	10561.0	13564.5	17533.0	22728.5	29362.0	37196.0	46238.0	56161.5	66303.5	76245.5	85369.5	94724.0	104154.0	113830.5	123249.5	130799.5	138160.5	145426.0	151076.0	155620.5	159132.5	160982.5	162596.0	164153.5	163871.0	162450.0	159723.5	155686.5	151057.0	145419.5	138873.0	132336.5	125760.0	118350.0	110891.5	103400.0	96319.0	89114.5	81651.5	74395.5	66993.5	59402.5	51868.0	45032.5	38315.0	31711.5	25702.0	20354.0	15922.0	12272.5	9224.0	6676.5	4738.5	3389.0	2399.0	1637.0	1062.0	671.5	404.5	239.0	144.5	91.5	61.5	37.0	14.5	8.0	6.5	3.0	0.5	0.0	0.0	0.0	0.0	0.0	0.0	0.0	0.0
PD_9P_1_bbduk_polyg_filt	0.0	0.0	1.0	1.0	0.0	0.0	0.0	4.0	8.0	10.0	19.5	45.0	74.5	126.0	218.0	362.5	576.5	906.0	1447.0	2279.0	3254.5	4566.0	6419.5	8644.0	11442.0	14950.0	19125.5	24212.5	30230.5	36883.0	44018.5	51597.0	60567.0	70346.0	80981.5	93094.5	105328.0	117976.5	130991.5	144038.5	156673.0	167727.5	176703.0	182917.5	185553.5	184330.0	179829.5	172191.5	162477.0	151570.5	139985.5	127581.5	115727.5	105928.5	97332.5	90524.0	84812.5	80664.0	77952.5	75526.5	73651.5	71486.0	68803.0	64966.0	60302.0	55268.0	49164.0	42863.0	36835.0	30559.0	24543.5	19392.5	15000.0	11250.5	8242.0	6002.5	4235.5	2909.5	1975.5	1313.5	838.0	533.0	330.5	189.0	106.0	59.5	31.5	18.5	10.5	7.5	5.5	4.5	2.0	0.0	0.0	0.0	0.0	0.0	0.0	0.0	0.0
PD_9P_2_bbduk_polyg_filt	0.0	1.0	1.0	0.5	0.5	0.5	1.5	2.5	4.5	10.5	21.5	38.5	69.5	120.5	214.0	366.0	583.0	918.0	1407.0	2142.5	3230.0	4576.5	6350.5	8629.5	11386.0	14778.0	19021.0	23976.0	29847.5	36473.5	43565.5	51669.0	60812.5	70090.0	80266.0	91989.0	104556.0	117376.5	130687.0	144040.5	156476.0	167460.0	175683.5	181524.0	184567.5	184210.0	180118.5	172193.5	162387.5	151524.0	140071.5	128142.5	116356.5	106247.5	97815.0	91055.0	85627.5	81467.0	78492.5	76049.0	73948.5	72003.0	69448.0	65591.0	60786.5	55487.0	49231.5	42833.5	36851.5	30700.5	24669.5	19398.5	14963.5	11234.5	8356.0	5926.0	4138.5	2955.0	2007.5	1356.0	865.0	540.5	337.0	197.0	109.5	64.5	44.0	29.5	15.5	8.0	6.0	4.5	2.0	0.0	0.0	0.0	0.0	0.0	0.0	0.0	0.0
PD_Extr_neg_plate1_1_bbduk_polyg_filt	0.0	0.0	0.0	0.0	0.0	0.0	0.0	0.0	0.0	0.0	0.0	0.0	0.5	0.5	0.0	0.0	0.0	0.0	0.0	0.5	1.0	1.5	2.5	2.5	4.5	6.0	4.0	3.0	6.0	10.0	11.5	12.0	15.0	19.0	21.0	20.5	22.0	24.5	24.0	27.5	31.5	36.0	35.5	32.5	36.0	34.5	37.0	47.0	41.5	46.5	58.5	51.0	46.0	50.5	51.5	44.5	50.5	56.5	49.5	48.0	50.0	50.0	43.0	45.0	48.0	46.0	39.0	33.0	40.0	32.5	18.0	17.0	18.5	17.0	14.5	8.0	6.0	5.5	4.0	3.5	2.0	0.5	0.0	0.0	0.5	0.5	0.0	0.0	0.0	0.0	0.0	0.0	0.0	0.0	0.0	0.0	0.0	0.0	0.0	0.0	0.0
PD_Extr_neg_plate1_2_bbduk_polyg_filt	0.0	0.0	0.0	0.0	0.0	0.0	0.0	0.0	0.0	0.0	0.0	0.0	0.0	0.0	0.0	0.5	0.5	0.0	0.5	1.0	1.0	1.0	2.0	4.0	5.0	5.0	5.5	5.0	4.5	7.0	14.5	17.5	15.5	17.0	15.5	15.0	20.0	25.5	27.0	33.5	38.0	32.0	28.5	31.0	39.5	44.5	42.5	48.5	47.5	43.5	48.0	48.5	47.5	47.5	47.5	47.5	52.0	54.0	43.5	43.5	52.0	48.5	43.0	48.0	55.0	49.5	41.5	31.0	25.0	25.5	19.0	17.0	20.0	19.5	15.0	6.5	3.5	5.5	4.5	3.0	2.5	0.5	0.5	0.5	0.5	0.5	0.0	0.0	0.0	0.0	0.0	0.0	0.0	0.0	0.0	0.0	0.0	0.0	0.0	0.0	0.0
PD_Extr_neg_plate3_1_bbduk_polyg_filt	0.0	0.0	0.0	0.0	0.0	0.0	0.0	0.0	0.0	0.0	0.0	0.0	0.0	0.0	0.0	0.0	0.0	0.0	0.0	0.0	0.0	0.0	0.5	1.0	2.0	2.0	0.5	1.5	1.5	0.5	1.0	1.5	3.5	6.5	6.0	2.5	5.5	8.5	6.0	8.5	9.5	8.5	10.0	11.5	11.0	11.5	9.5	7.5	11.0	10.0	7.5	14.0	17.0	12.0	12.0	14.0	14.0	16.0	17.5	18.5	18.0	18.0	19.5	25.0	26.5	19.5	18.0	17.0	21.0	23.0	17.0	14.0	16.0	17.0	13.0	9.5	7.0	3.5	3.0	3.5	2.0	2.0	2.0	1.0	1.0	1.0	0.5	0.0	0.0	0.0	0.0	0.0	0.0	0.0	0.0	0.0	0.0	0.0	0.0	0.0	0.0
PD_Extr_neg_plate3_2_bbduk_polyg_filt	0.0	0.0	0.0	0.0	0.0	0.0	0.0	0.0	0.0	0.0	0.0	0.0	0.0	0.0	0.0	0.0	0.0	0.0	0.0	0.0	0.0	0.5	3.0	3.0	0.5	0.0	0.5	1.0	1.5	1.5	1.5	1.5	1.0	2.0	2.5	4.5	8.5	9.5	8.0	11.5	14.0	9.5	9.0	12.5	9.5	8.0	8.0	7.5	10.5	11.0	13.5	14.5	16.0	17.0	13.0	12.5	11.0	9.5	11.0	16.0	17.5	18.5	25.5	24.5	19.5	15.5	14.0	17.5	22.0	22.5	22.0	20.5	16.0	13.0	11.0	9.0	6.5	4.0	2.5	2.0	3.0	2.5	1.5	2.5	1.5	0.0	0.0	0.0	0.0	0.0	0.0	0.0	0.0	0.0	0.0	0.0	0.0	0.0	0.0	0.0	0.0
PD_Extr_pos_plate1_1_bbduk_polyg_filt	0.0	0.0	0.0	0.0	0.0	0.0	0.0	0.0	0.0	0.0	0.0	0.0	0.5	1.0	2.5	5.5	9.0	15.5	22.5	26.0	29.5	49.0	65.0	81.5	109.5	138.5	178.5	234.0	278.0	314.5	376.0	434.0	476.5	523.0	594.5	687.0	812.5	893.5	969.5	1100.0	1183.0	1248.0	1347.0	1372.0	1410.5	1468.0	1436.0	1409.5	1353.0	1291.5	1158.0	1051.0	1023.5	917.0	809.0	684.5	606.0	569.0	503.5	481.5	445.5	387.5	340.5	323.0	309.5	289.0	266.0	230.5	202.5	154.5	113.0	91.5	80.5	73.5	52.5	43.0	37.5	21.0	12.0	7.0	6.0	5.5	4.0	2.5	0.5	0.5	0.5	0.0	0.0	0.0	0.0	0.0	0.0	0.0	0.0	0.0	0.0	0.0	0.0	0.0	0.0
PD_Extr_pos_plate1_2_bbduk_polyg_filt	0.0	0.0	0.0	0.0	0.0	0.0	0.0	0.5	0.5	0.0	0.0	0.0	0.5	1.0	4.5	8.0	6.5	13.0	24.5	27.0	30.5	49.0	73.5	95.0	126.5	150.0	170.0	218.5	271.5	303.5	356.0	431.0	480.0	530.5	613.5	711.5	825.0	884.5	940.5	1046.0	1139.5	1217.5	1305.5	1345.5	1313.0	1344.0	1394.0	1353.5	1302.5	1251.0	1182.0	1083.0	965.5	873.0	777.5	729.0	648.0	546.0	536.0	547.5	525.5	471.5	421.5	365.5	322.5	305.0	278.0	246.5	219.0	188.0	154.0	129.5	104.5	75.5	51.0	46.5	39.0	25.5	18.0	8.5	4.5	5.0	2.5	1.5	0.5	0.5	0.5	0.0	0.0	0.0	0.0	0.0	0.0	0.0	0.0	0.0	0.0	0.0	0.0	0.0	0.0
PD_Extr_pos_plate2_1_bbduk_polyg_filt	0.0	0.0	0.0	0.0	0.0	0.0	0.0	0.0	0.0	0.0	0.0	0.0	0.0	0.0	0.0	0.0	0.0	0.0	0.5	2.0	2.0	1.0	0.5	1.5	3.0	2.5	2.5	4.0	5.5	5.5	8.5	13.5	18.0	21.0	19.0	16.0	15.5	19.0	22.0	25.0	27.0	29.0	27.0	29.5	34.0	35.5	35.0	29.5	31.0	28.0	25.0	21.5	21.0	26.0	22.0	17.0	18.0	16.0	14.5	18.5	18.0	19.5	18.0	14.5	11.5	10.0	11.5	15.5	14.0	6.0	4.5	3.5	4.5	3.5	2.5	3.5	1.5	0.5	1.0	1.0	0.5	0.5	0.5	0.0	0.0	0.0	0.0	0.0	0.0	0.0	0.0	0.0	0.0	0.0	0.0	0.0	0.0	0.0	0.0	0.0	0.0
PD_Extr_pos_plate2_2_bbduk_polyg_filt	0.0	0.0	0.0	0.0	0.0	0.0	0.0	0.0	0.0	0.0	0.0	0.0	0.0	0.0	0.0	0.0	0.5	0.5	0.5	1.0	1.0	1.5	1.5	1.5	2.0	4.0	5.0	5.5	6.0	8.5	13.5	12.5	10.5	14.0	16.0	18.5	24.5	26.5	24.5	26.0	30.0	28.5	29.5	39.5	37.5	31.0	30.0	31.5	31.5	22.5	19.0	23.0	27.0	24.0	20.5	17.0	16.0	20.5	19.0	14.5	14.5	19.0	20.0	14.0	10.0	9.5	7.5	8.0	7.5	5.5	6.5	6.5	4.0	2.0	2.0	2.0	1.5	1.5	1.5	1.5	1.0	0.0	0.0	0.0	0.0	0.0	0.0	0.0	0.0	0.0	0.0	0.0	0.0	0.0	0.0	0.0	0.0	0.0	0.0	0.0	0.0
PD_Extr_pos_plate3_1_bbduk_polyg_filt	5.0	7.0	16.0	26.5	34.0	34.5	39.0	42.0	45.0	49.0	52.5	61.5	73.0	105.0	171.5	258.0	420.5	702.0	1097.5	1693.0	2593.5	3871.5	5543.0	7579.0	10284.5	13669.5	17647.5	22609.5	28669.0	35635.0	43240.0	51047.5	59072.0	67408.5	76064.0	84893.0	92952.5	99875.0	106023.5	112571.0	118334.0	122680.5	126751.0	130811.5	135457.5	141056.5	147167.0	154487.5	163013.5	172509.0	182429.5	190927.0	197850.0	202301.5	203281.5	200296.5	193618.0	183377.0	169977.5	155964.5	143170.5	131156.0	120868.0	114071.0	109075.5	105440.0	102930.0	99951.0	95881.0	90673.5	83756.0	75111.0	65204.0	54210.0	43597.5	33578.5	24468.5	17040.0	11282.0	7109.5	4284.5	2438.0	1358.5	685.5	329.0	160.5	69.5	31.5	12.5	3.5	2.0	1.5	1.0	0.0	0.0	0.0	0.0	0.0	0.0	0.0	0.0
PD_Extr_pos_plate3_2_bbduk_polyg_filt	3.0	9.5	18.0	23.0	34.0	41.0	40.5	34.5	30.5	38.5	51.5	67.0	77.5	99.5	169.5	272.0	427.5	696.5	1111.5	1711.0	2571.5	3861.0	5466.5	7485.5	10121.5	13532.5	17671.0	22434.0	28420.0	35269.5	42477.5	50396.0	58693.0	66832.5	75113.0	84019.5	92400.0	99228.5	105858.5	112123.0	117354.5	121896.0	125931.0	130159.5	134856.5	140790.0	147896.0	155353.5	163466.5	172782.5	182057.5	190667.5	198376.5	202991.5	203866.5	200877.5	193991.5	183631.5	171093.5	157365.5	144212.5	132245.5	122018.0	114692.0	109223.5	105737.0	103261.5	100208.5	96101.0	90511.0	83797.5	75393.0	64867.0	54046.5	43628.5	33492.0	24363.5	16912.0	11151.5	7037.5	4251.0	2422.0	1332.5	693.5	346.0	176.0	80.5	32.5	12.0	3.0	0.5	1.0	1.5	1.0	0.5	0.0	0.0	0.0	0.0	0.0	0.0
PD_Lib_neg_plate1_1_bbduk_polyg_filt	0.0	0.0	0.0	0.0	0.0	0.0	0.0	0.0	0.0	0.0	0.0	0.0	0.0	0.5	0.5	0.0	0.0	0.0	0.5	2.0	3.0	2.0	3.0	4.0	5.0	7.0	10.5	13.5	13.5	14.5	13.5	14.0	18.5	19.0	21.0	24.5	27.0	36.0	39.5	43.0	54.0	53.0	53.5	54.0	56.5	61.5	59.0	64.0	62.0	62.0	71.5	65.0	56.0	59.0	68.0	67.5	57.5	58.0	64.5	61.5	58.5	67.0	68.0	75.0	84.0	81.5	68.5	57.5	58.5	55.5	42.5	34.0	34.0	24.0	17.0	11.0	6.5	8.0	7.5	4.0	1.5	2.0	1.0	0.5	0.0	0.5	0.5	0.0	0.0	0.0	0.0	0.0	0.0	0.0	0.0	0.0	0.0	0.0	0.0	0.0	0.0
PD_Lib_neg_plate1_2_bbduk_polyg_filt	0.0	0.0	0.0	0.0	0.0	0.0	0.0	0.0	0.0	0.0	0.0	0.0	0.0	0.5	0.5	0.0	0.5	1.0	1.5	1.0	1.0	1.5	3.0	5.0	6.5	8.0	5.5	4.5	8.5	13.0	18.0	22.5	21.0	27.0	31.0	32.0	37.0	34.5	35.5	40.0	46.5	57.0	59.5	61.0	60.5	56.0	58.0	60.0	56.5	55.0	60.5	60.0	54.5	56.0	63.5	65.5	60.0	62.0	67.0	72.5	84.0	81.0	69.0	67.0	68.0	66.5	67.0	63.5	57.5	54.5	47.0	39.5	31.0	20.0	19.0	15.5	10.0	8.0	3.0	1.5	2.0	2.0	1.5	1.5	1.0	0.0	0.0	0.0	0.0	0.0	0.0	0.0	0.0	0.0	0.0	0.0	0.0	0.0	0.0	0.0	0.0
PD_Lib_neg_plate2_1_bbduk_polyg_filt	0.0	0.0	0.0	0.0	0.0	0.0	0.0	0.0	0.0	0.0	0.0	0.0	0.0	0.0	0.0	0.0	0.0	0.0	0.0	0.0	0.0	0.0	0.0	0.5	1.0	1.5	1.5	1.0	1.5	2.0	3.0	5.0	4.0	3.0	5.0	6.0	4.5	5.0	7.5	8.0	7.5	5.0	7.5	11.0	10.0	13.0	11.0	9.0	8.5	6.5	11.0	14.0	12.5	7.5	8.0	9.0	7.5	8.0	10.0	11.0	11.0	13.5	10.0	9.5	11.5	9.0	9.0	7.5	6.5	6.0	4.5	4.5	4.0	3.5	2.5	1.5	0.5	0.5	0.5	0.0	0.0	0.5	1.0	0.5	0.0	0.0	0.0	0.0	0.0	0.0	0.0	0.0	0.0	0.0	0.0	0.0	0.0	0.0	0.0	0.0	0.0
PD_Lib_neg_plate2_2_bbduk_polyg_filt	0.0	0.0	0.0	0.0	0.0	0.0	0.0	0.0	0.0	0.0	0.0	0.0	0.0	0.0	0.0	0.0	0.0	0.0	0.5	0.5	0.0	0.0	0.0	0.5	1.0	1.5	1.0	0.5	3.0	2.5	1.5	4.5	5.0	3.0	4.0	7.0	7.0	6.5	6.5	6.0	6.5	7.0	8.5	10.5	13.0	13.5	10.0	9.5	8.5	7.0	14.0	14.0	7.5	7.5	12.5	11.0	5.0	6.5	10.5	11.0	8.0	9.0	11.0	11.0	9.5	7.5	7.0	6.0	7.0	7.0	4.5	5.5	6.5	5.5	3.0	0.5	0.0	0.5	1.0	0.5	0.0	0.0	0.0	0.0	0.0	0.0	0.0	0.0	0.0	0.0	0.0	0.0	0.0	0.0	0.0	0.0	0.0	0.0	0.0	0.0	0.0
PD_Lib_pos_plate1_1_bbduk_polyg_filt	7.0	10.0	21.5	38.5	47.0	41.0	41.0	52.0	54.5	50.0	55.0	73.0	104.5	137.0	231.5	409.0	676.0	1072.0	1649.5	2646.0	4181.5	6162.0	8523.0	11647.0	15444.0	20143.0	26044.0	32692.0	40533.5	49525.5	59683.5	69929.5	79508.5	89280.0	98763.5	108013.0	116045.0	122318.5	126741.5	129828.0	131306.0	130060.0	128406.5	126580.0	124480.5	122493.0	120632.5	119736.5	119995.5	121068.5	122022.0	123491.5	124710.0	124252.0	122164.0	118507.5	113087.5	105759.5	97614.0	88867.5	80358.0	72857.5	66491.0	61346.5	57451.0	54535.5	52125.5	50092.5	47536.5	44184.5	40312.0	35980.0	30820.5	25468.0	20414.5	15482.5	11290.5	7832.5	5038.5	3151.5	1874.5	1047.5	570.5	296.5	144.5	59.5	25.5	7.5	3.0	2.0	1.0	0.5	0.0	0.0	0.0	0.0	0.0	0.0	0.0	0.0	0.0
PD_Lib_pos_plate1_2_bbduk_polyg_filt	7.0	9.0	19.5	29.0	36.5	42.0	46.0	47.0	44.0	44.0	54.5	81.0	103.5	137.5	239.0	395.5	649.0	1051.5	1657.5	2643.5	4072.0	5985.0	8314.0	11338.0	15159.0	19811.0	25459.0	32058.5	39778.5	48576.0	58184.5	68232.0	78582.5	88401.5	97775.5	106705.5	114722.5	121135.0	125766.0	128956.0	130244.0	129896.0	128726.0	126899.0	124737.5	122700.0	121504.5	120871.0	120427.0	121359.0	122741.5	124334.0	125653.5	125357.0	123446.5	119438.0	113618.5	106526.5	98396.0	89781.0	81682.0	74017.0	67285.0	62483.0	58324.5	55115.5	52738.5	50245.5	47434.5	44126.0	40313.5	35715.0	30498.5	25318.5	20374.5	15411.5	10986.5	7612.0	4966.5	3029.0	1811.5	1047.0	592.5	291.5	130.5	69.0	26.5	7.0	1.0	0.5	1.5	1.0	0.0	0.0	0.0	0.0	0.0	0.0	0.0	0.0	0.0
PD_Lib_pos_plate2_1_bbduk_polyg_filt	17.0	31.0	49.0	63.5	69.5	65.5	71.5	71.0	66.5	65.5	66.0	81.0	103.5	144.0	237.5	403.0	696.0	1093.0	1616.0	2522.0	3962.5	5771.5	8068.0	11019.0	14598.0	19139.5	24568.0	30854.5	38215.5	46809.5	56470.0	66115.0	75674.0	85004.0	93872.0	102480.5	110068.5	115886.0	119569.5	122228.5	123252.0	122335.0	121252.5	119175.5	116389.5	114557.0	113080.0	112005.5	112169.0	113257.5	114855.0	116248.5	117017.0	116912.5	114897.0	110846.5	106139.5	100004.5	91852.0	83692.0	76252.0	68757.0	62397.0	57887.5	54119.0	51451.0	49315.0	47215.0	44801.0	41772.5	38163.5	33893.5	29079.0	23920.5	19083.5	14635.0	10729.0	7364.5	4670.0	2878.5	1741.5	964.5	497.0	263.0	126.0	55.5	17.5	7.5	6.0	4.0	1.0	0.0	0.0	0.0	0.0	0.0	0.0	0.0	0.0	0.0	0.0
PD_Lib_pos_plate2_2_bbduk_polyg_filt	19.0	29.5	41.0	52.5	62.0	75.0	79.5	70.5	64.0	61.5	69.5	87.5	104.0	145.0	237.0	407.0	631.5	971.0	1553.5	2501.5	3930.5	5759.0	8027.0	10831.0	14369.5	18817.5	24294.5	30918.5	38273.5	46762.0	56008.0	65744.5	75455.0	84463.0	93056.5	101625.5	109362.0	114978.0	119199.5	121681.5	122773.0	122717.0	121102.0	119103.5	116870.5	114723.5	113383.5	112758.0	112793.0	113758.5	115150.0	116566.5	117710.0	117491.5	115550.5	111863.5	106721.0	100175.0	92438.0	84239.0	76204.0	68872.0	62967.0	58449.5	54525.5	51482.0	49379.0	47322.5	44670.5	41502.0	37844.5	33754.0	28931.5	23714.0	18874.5	14334.5	10243.0	6983.0	4595.5	2855.0	1707.5	955.5	514.5	250.5	116.0	58.5	30.0	14.5	4.0	2.0	1.0	0.0	0.5	1.0	0.5	0.0	0.0	0.0	0.0	0.0	0.0
