Sample	1	2	3	4	5	6	7	8	9	12	17	22	27	32	37	42	47	52	57	62	67	72	77	82	87	92	97	102	107	112	117	122	127	132	137	142	147	150
PD_100P_1_bbduk_polyg_filt	0.0	0.108660572139	3.00499369853e-05	0.134593667757	3.00499369853e-05	0.0	0.0	0.107128025353	0.154366526293	0.0156980870811	0.0	0.0306689656872	6.00998739706e-06	0.0180720321029	0.0623656392193	3.60599243823e-05	0.0643429250729	5.41438417787e-05	0.0341564033253	0.000127724484905	0.0369232405969	4.32865016672e-05	0.0169662538399	0.0130917486187	0.000115384363906	0.0457282913393	0.0321853814513	0.0161568695429	0.0313276071828	0.0111313687857	0.0168372024508	0.0160295083873	0.0174446916278	0.0776539880195	7.89238885642e-06	0.0	0.0188438467906	0.0
PD_100P_2_bbduk_polyg_filt	0.0607008727103	0.0180900620651	0.000120199747941	0.162149459973	3.00499369853e-05	0.196105888766	6.00998739706e-05	0.000871448172573	0.000120199747941	0.0338242090706	0.0165334753293	0.0308853252335	0.000162269659721	0.137129882439	0.0315464238471	0.028896019405	0.0670774693385	0.0526098738717	4.23103608826e-05	0.0179363229516	0.000128696524219	0.0311543567278	0.0170478413171	0.0987534323996	0.013000342509	0.12854963719	3.30521892084e-05	0.000114400183686	2.05838160295e-05	0.0324286676147	0.000100311610854	0.0165442946699	0.000233525668087	0.0474763635917	0.048503360432	0.0449244844891	0.0484456493249	0.0362807425876
PD_104P_1_bbduk_polyg_filt	1.99938339016e-05	0.108686481089	1.99938339016e-05	0.141496362522	0.0	0.0	0.0	0.124581579041	0.157831324819	0.0155951904433	0.0	0.031618248932	1.1996300341e-05	0.0176545553351	0.0642721784602	1.1996300341e-05	0.0655197936956	8.01947642122e-05	0.0343712402648	0.000107447202821	0.0357998596625	5.62460892743e-05	0.0173994758525	0.0142609767942	0.000114149170136	0.0482440617483	0.0344506138235	0.0166352893398	0.0316036422555	0.0117622940392	0.0179973884171	0.0177192784849	0.0178207430878	0.082669462925	2.21364263529e-05	0.0	0.0181473932266	0.0
PD_104P_2_bbduk_polyg_filt	0.0599215202032	0.017074734152	5.99815017049e-05	0.169047865638	1.99938339016e-05	0.212494466706	3.99876678032e-05	0.00111965469849	5.99815017049e-05	0.034749283321	0.0167988192441	0.0319741391755	9.19716359475e-05	0.146506817298	0.0336816125907	0.0302746632938	0.0693466135044	0.0530892510907	2.03095079652e-05	0.0177250924534	7.17624053137e-05	0.0325375141962	0.0171688232154	0.101114130041	0.0132183160674	0.132959242943	2.05321280837e-05	5.88617391792e-05	0.0	0.0341375806505	9.19565540838e-05	0.0159830475417	0.000121843623998	0.049325115616	0.0481229999663	0.0465280728611	0.0506884242312	0.0366653880238
PD_105P_1_bbduk_polyg_filt	2.96010722692e-05	0.103929364737	0.0	0.134625676681	0.0	0.0	0.0	0.111359233877	0.154547198318	0.0152504724331	0.0	0.0305660672252	1.77606433615e-05	0.0172811059908	0.0618011186837	1.77606433615e-05	0.0619076825439	4.75478390696e-05	0.0320603945243	0.000117485953936	0.0356680811073	2.60869400756e-05	0.017690171869	0.0122777055707	8.64640961804e-05	0.0433755731999	0.0328961440704	0.0161351294037	0.0297484409067	0.00991660356769	0.0172923150516	0.0156753931839	0.0165526755346	0.0730845913566	0.0	0.0	0.018850080756	0.0
PD_105P_2_bbduk_polyg_filt	0.0590245381049	0.0174942337111	0.0	0.165736403635	0.0	0.195455880194	2.96010722692e-05	0.000917633240346	0.0	0.0341655576132	0.0157004087316	0.0290919338262	7.10425734462e-05	0.137195049753	0.0307259130155	0.0291037742551	0.0678989395712	0.0513875317064	6.04921154577e-06	0.0166401522855	3.80541179027e-05	0.0308493175844	0.0170589324591	0.0972043443758	0.0121272666928	0.123078459229	3.10581238812e-05	2.42649892118e-05	8.43738100656e-06	0.0329870166734	3.69129309781e-05	0.0159864800055	8.1348307523e-05	0.0456682716625	0.0449102792421	0.0410359158673	0.0486240135448	0.0314823148579
PD_107P_1_bbduk_polyg_filt	0.0	0.0	0.0	0.0	0.0	0.0	0.0	0.0	0.0	0.0260078023407	0.0	0.0	0.0	0.0260078023407	0.104031209363	0.0	0.0520156046814	0.0	0.0	0.0	0.0	0.0	0.0	0.0305903946161	0.0	0.0981996726678	0.0676361176868	0.0	0.0	0.039603960396	0.0827129859388	0.0435919790759	0.0	0.141043723554	0.0	0.0	0.0	0.0
PD_107P_2_bbduk_polyg_filt	0.0	0.0	0.0	0.130039011704	0.0	0.260078023407	0.0	0.0	0.0	0.0260078023407	0.0	0.0260078023407	0.0	0.208062418726	0.0520156046814	0.0	0.0780234070221	0.0523149359142	0.0	0.0	0.0	0.0578536303153	0.0593295757935	0.0612182430364	0.0	0.294406280667	0.0	0.0	0.0	0.0396825396825	0.0	0.0	0.0	0.0470145745181	0.0	0.105097214924	0.0	0.0
PD_108S_1_bbduk_polyg_filt	3.57354845142e-05	0.106116521265	1.78677422571e-05	0.141709063841	1.78677422571e-05	0.0	0.0	0.11969600538	0.153323096308	0.0164204551343	0.0	0.0322619954194	1.42941938057e-05	0.0177390945129	0.0646383443893	1.07206453543e-05	0.0664215450666	9.31375334014e-05	0.034617634908	0.000125009844525	0.0368701546634	4.58277324843e-05	0.0180601253333	0.0140414135995	9.87391829168e-05	0.0466835227948	0.0336775422444	0.0162085700236	0.0327127502064	0.0113307085867	0.0175922526537	0.0174894335753	0.0170955939869	0.0807751887303	5.77414312149e-06	0.0	0.0186482838439	0.0
PD_108S_2_bbduk_polyg_filt	0.0598926720458	0.017027958371	3.57354845142e-05	0.165776912661	3.57354845142e-05	0.208802436017	3.57354845142e-05	0.000982725824141	7.14709690284e-05	0.0346705670757	0.0163561312622	0.032512143811	8.93387112855e-05	0.141251649639	0.0328659251077	0.0296961876313	0.0692660896339	0.0533357826216	2.53612446632e-05	0.0172297414311	0.000104801471952	0.0321265250408	0.0178421402286	0.100156877864	0.0131988466315	0.13049599229	2.1813119588e-05	0.000117100902335	9.31244192528e-06	0.0337296153445	6.49585856537e-05	0.0165208269566	0.000194230470207	0.0494519812269	0.047612185345	0.0454962161548	0.0500689871707	0.0352689896674
PD_109S_1_bbduk_polyg_filt	3.86447517432e-05	0.109036167043	0.0	0.141864883649	0.0	0.0	0.0	0.118175650831	0.156781757822	0.0155158678249	3.86447517432e-06	0.0311592633306	1.1593425523e-05	0.0186615506168	0.0645290064608	1.54579006973e-05	0.0655762792331	5.81190152671e-05	0.0342900020347	0.000115593480847	0.0364108666091	5.82262382984e-05	0.0181620918906	0.0136088824737	8.59797718558e-05	0.0477524871301	0.0327245760842	0.0158709359701	0.0309285497728	0.0117701381568	0.0177834134876	0.0179307540266	0.0170506594772	0.0802294341097	0.0	0.0	0.0181715355489	0.0
PD_109S_2_bbduk_polyg_filt	0.0600732665848	0.0167524998807	7.72895034864e-05	0.168375183345	0.0	0.20560940165	3.86447517432e-05	0.000869506914222	5.79671276148e-05	0.034073077612	0.0170500644691	0.0315379818976	9.6611879358e-05	0.140632116069	0.0328403100314	0.0297873746437	0.069143189819	0.0540277066354	3.13764077025e-05	0.0180887854831	0.000109760581682	0.032200399448	0.0176208791671	0.100828623651	0.0126849006419	0.131665790872	2.8965554597e-05	5.49542560772e-05	1.55220917654e-05	0.0336073004902	7.78805281546e-05	0.0161705736794	0.000168002859409	0.0486253007708	0.0488857657562	0.0446463311223	0.0509247925619	0.0354137192534
PD_10P_1_bbduk_polyg_filt	7.16955348738e-05	0.108977213008	3.58477674369e-05	0.141132660399	0.0	0.0	0.0	0.124069123099	0.151600208491	0.0151062491979	0.0	0.0312735923119	3.58477674369e-05	0.0174291845278	0.0645761682608	1.43391069748e-05	0.0633214964005	3.60239138268e-05	0.034382500235	9.82357909863e-05	0.0348243760367	8.02166362565e-06	0.0165271382576	0.0148813127293	2.67201616178e-05	0.0464469644476	0.0327649461224	0.0153884713535	0.0322295208861	0.0123971166979	0.017863897279	0.0174159302757	0.0169994405998	0.080717838413	1.32787311907e-05	0.0	0.0171358376731	0.0
PD_10P_2_bbduk_polyg_filt	0.0582884698524	0.0176012538115	7.16955348738e-05	0.163035646303	0.000107543302311	0.218814772435	7.16955348738e-05	0.00118297632542	0.000107543302311	0.034363669865	0.0167122291791	0.0319618694467	0.000150560623235	0.143627665013	0.0324924164048	0.0291944218006	0.0663613870792	0.0513272052416	1.47250812604e-05	0.0170255367181	0.000116656185756	0.0320639475605	0.0171332704726	0.0978628693538	0.0137794870557	0.12914856108	1.92296173027e-05	5.00309291204e-05	4.16969143033e-05	0.0339123938879	0.000124692547852	0.0153229540336	0.000197690090142	0.0478760223831	0.0469209427308	0.0450925002037	0.049013231385	0.0362871717891
PD_110S_1_bbduk_polyg_filt	0.0	0.109988191292	2.37504191949e-05	0.14129124379	4.75008383898e-05	0.0	0.0	0.117517074176	0.155137738181	0.0151385171948	0.0	0.0312603017443	0.0	0.0176893122164	0.0631048638008	9.50016767796e-06	0.0652899023668	7.14901653124e-05	0.034252386623	0.000128247086756	0.0357471703436	4.65672246007e-05	0.01760063822	0.0134829912449	7.36903050427e-05	0.0458151388782	0.0327137186203	0.0157960284217	0.0316058268766	0.0112581207171	0.0173312953676	0.0174779595756	0.016145525839	0.0799087061353	8.40534754935e-06	0.0	0.0188125413253	0.0
PD_110S_2_bbduk_polyg_filt	0.0613710831996	0.0180978194265	0.0	0.163046627773	2.37504191949e-05	0.210214960294	4.75008383898e-05	0.00104501844458	7.12512575847e-05	0.0336685942507	0.0165872927657	0.0306665412645	5.22509222288e-05	0.138056436696	0.0327043272314	0.0299825291916	0.0678976983944	0.0530126159827	1.45160353804e-05	0.0175604655911	0.000136212687939	0.0318427273518	0.0174364307217	0.0997397233169	0.0131969048496	0.127481381186	1.82631378469e-05	8.22427418566e-05	6.58498822868e-06	0.0341266627486	0.000114501254719	0.0159250924306	0.00013273999078	0.0474267561492	0.046558878307	0.0459097444249	0.0489720495705	0.0337774647934
PD_111P_1_bbduk_polyg_filt	2.34621939591e-05	0.110483471354	2.34621939591e-05	0.136385733484	0.0	0.0	0.0	0.112172749319	0.160387557905	0.0158510582388	0.0	0.0320446645094	1.87697551673e-05	0.018234817145	0.0631414563828	9.38487758366e-06	0.0647978872764	5.64287804838e-05	0.0348912701862	0.000101083708815	0.0365878262706	2.49431184655e-05	0.0175704481892	0.0135831837466	0.000102107416465	0.0464826169132	0.0336418974648	0.0164725995312	0.0325800612233	0.0116469485759	0.0176312008298	0.0174796122905	0.0174465524936	0.0795209710066	7.73126733253e-06	8.10270666865e-06	0.0183995827277	0.0
PD_111P_2_bbduk_polyg_filt	0.0615178725609	0.017784343021	0.000164235357714	0.162522617555	4.69243879183e-05	0.197645521912	2.34621939591e-05	0.000891563370447	9.38487758366e-05	0.0349633614379	0.0164235357714	0.0319789703663	0.000117310969796	0.13908388579	0.0328470715428	0.0302239982582	0.0686081475753	0.0532736590605	1.89990475302e-05	0.017218289742	0.000107657501947	0.0322922794014	0.0177546503183	0.0972082737459	0.0124952833664	0.130085851235	1.71505925501e-05	7.09813215019e-05	6.13253888336e-06	0.0341534382858	5.29702820826e-05	0.0161362328351	9.34995044886e-05	0.048849693496	0.0485139648813	0.0453317029285	0.0507863930269	0.0359411568037
PD_112S_1_bbduk_polyg_filt	0.0	0.106409102071	0.0	0.106409102071	0.0	0.0	0.0	0.0491118932635	0.245559466317	0.0180076941966	0.0	0.0327412621757	0.0	0.022918883523	0.0818531554391	0.0	0.0474748301547	0.0	0.0417480754137	0.0	0.0435077704878	0.0	0.0347972601736	0.00189236242525	0.0	0.04052192236	0.020970955227	0.0174466785886	0.02277696793	0.00955589001171	0.00748708477876	0.0208855472013	0.0191696790448	0.125174248243	0.0	0.0	0.0100904779523	0.0
PD_112S_2_bbduk_polyg_filt	0.0654825243513	0.0163706310878	0.0	0.098223786527	0.0	0.155520995334	0.0	0.0	0.0	0.0442007039371	0.0196447573054	0.0294671359581	0.0	0.139150364247	0.0458377670459	0.0425636408284	0.0851272816567	0.0608182520506	0.0	0.0187710107336	0.00174185681937	0.0410121074874	0.0164940896179	0.123085080195	0.00195894060492	0.1377968712	0.0	0.0021832154397	0.0	0.0550015543918	0.0	0.00784190715182	0.0	0.0684033517642	0.0421318727617	0.0446970180704	0.0510429781876	0.0532150776053
PD_113P_1_bbduk_polyg_filt	3.81641152365e-05	0.110065308342	1.90820576183e-05	0.133517157155	0.0	0.0	0.0	0.109817241593	0.151053568106	0.015334341502	0.0	0.0310121600412	3.05312921892e-05	0.0171356877412	0.0605550016458	1.1449234571e-05	0.0630967317206	8.41152997472e-05	0.034291529595	0.000105256124406	0.0361549408079	6.81704889392e-05	0.0172849749927	0.0131934936587	6.78517195661e-05	0.0451812300398	0.0320271694715	0.0159153530515	0.0321617311886	0.0106067192032	0.0174282779731	0.0169138212575	0.0165882326995	0.0785043096211	5.55218630383e-06	1.7282280708e-05	0.0181649588735	0.0
PD_113P_2_bbduk_polyg_filt	0.0612915690699	0.018147036795	0.00011449234571	0.161529617739	1.90820576183e-05	0.197308475773	1.90820576183e-05	0.00106859522662	5.72461728548e-05	0.0340691056717	0.0167464137658	0.0308060738189	0.000110675934186	0.138093034572	0.0313785355475	0.0286726997772	0.0670963309974	0.0523542473506	3.85603448961e-05	0.0171881892307	0.000102704116432	0.0305170176284	0.017403752497	0.0966791531613	0.0121374251695	0.126382257179	4.43547591215e-05	8.63764868292e-05	9.33212588067e-06	0.032459515877	5.92156765213e-05	0.015485306662	0.000168049865857	0.0470183430136	0.0462489100336	0.0445645861627	0.0493339644947	0.034022848705
PD_114P_1_bbduk_polyg_filt	2.74867994646e-05	0.111788813422	2.74867994646e-05	0.142409108026	0.0	0.0	0.0	0.128473300697	0.158461398913	0.0158873700905	0.0	0.0318132217003	2.19894395716e-05	0.0177564724541	0.066479573185	3.29841593575e-05	0.0667049649406	6.62877218567e-05	0.0343020622556	0.000133309067219	0.035604395972	4.32213942444e-05	0.0176315004874	0.0143672230248	0.00013882798775	0.0472585920115	0.0334739273697	0.0162709575104	0.0327641789449	0.0118411588852	0.0180542955001	0.0176194738481	0.016417688978	0.0833006471074	0.0	0.0	0.0192499474973	0.0
PD_114P_2_bbduk_polyg_filt	0.0616803779985	0.0173991440611	2.74867994646e-05	0.165772887571	0.0	0.218849897337	0.0	0.00109947197858	0.000109947197858	0.0346773462045	0.0171572602258	0.0325388732061	8.79577582866e-05	0.146999403536	0.0334899164676	0.0304223896474	0.0687829669801	0.0532680763032	2.82234288553e-05	0.0174234779801	5.97414533279e-05	0.0330410987799	0.0177987424484	0.0995775212601	0.0141127554318	0.131016953024	1.51785294843e-05	5.56993970381e-05	1.67090701093e-05	0.0345779037802	7.38849627754e-05	0.0166479397615	0.000133324527077	0.0483451449433	0.047706998323	0.0455634083849	0.048505192363	0.0345452947095
PD_115S_1_bbduk_polyg_filt	0.0	0.106550636278	0.0	0.135705898609	0.0	0.0	0.0	0.107168769048	0.152910594049	0.0154739236828	0.0	0.0307830119601	1.03022128381e-05	0.018193707872	0.0643991324507	0.0	0.0634873866145	4.64217640085e-05	0.034693357229	0.000109919088036	0.0365968997175	2.13999035827e-05	0.0183831434275	0.0134987684233	5.60251584335e-05	0.0450968260419	0.0325722236053	0.0158036771238	0.0319677523165	0.00960320386889	0.0176080900563	0.01749983718	0.0169939510001	0.0786170113462	0.0	0.0	0.0187908237468	0.0
PD_115S_2_bbduk_polyg_filt	0.0611693887259	0.0160714520274	0.000103022128381	0.163058273694	0.0	0.196102621372	2.57555320951e-05	0.000901443623329	5.15110641903e-05	0.0349811636916	0.0159478254733	0.0309323940462	8.24177027044e-05	0.138162976371	0.0316587000513	0.0292016222895	0.068164591243	0.0522348678136	3.11433243817e-05	0.016896368469	7.93185625954e-05	0.0320042852144	0.0172231424589	0.0981407777933	0.0120010945536	0.128156112548	1.16501031325e-05	8.33686657679e-05	0.0	0.0337441866776	5.14134422887e-05	0.0158660909864	0.000129737262242	0.0485753366014	0.0470303424478	0.044659686206	0.0492524728015	0.0355283165101
PD_116P_1_bbduk_polyg_filt	6.65817970693e-05	0.108644847368	0.0	0.140870437149	1.66454492673e-05	0.0	0.0	0.120812670782	0.153853887578	0.0158897458706	0.0	0.0309838392662	9.9872695604e-06	0.0177640234581	0.0636222361896	1.33163594139e-05	0.0653999701714	7.34294867986e-05	0.0346307489636	0.000137250894773	0.0350131767934	4.64441385086e-05	0.0173572703097	0.0138836935211	7.35154483816e-05	0.0477823477159	0.033021548765	0.015981420799	0.0319351969517	0.0123981201442	0.0173859350645	0.0173674378206	0.0168760584398	0.0827052561978	0.0	5.819949051e-06	0.0184667986159	0.0
PD_116P_2_bbduk_polyg_filt	0.0617712622311	0.0180436670058	3.32908985347e-05	0.164606847805	3.32908985347e-05	0.21695678575	3.32908985347e-05	0.00103201785457	3.32908985347e-05	0.0348455834962	0.0163624766298	0.0324319933525	7.65690666297e-05	0.144742168649	0.0328248259552	0.0296888233132	0.0670878187271	0.0517546256656	1.0133979656e-05	0.0171670096809	7.34269790721e-05	0.0318010316525	0.0176653979621	0.0986412456957	0.0133688282495	0.130694259894	4.12068344502e-05	2.13154788062e-05	0.0	0.0343441912486	4.76616435107e-05	0.016812848629	0.000119001909256	0.048957185816	0.0476177714149	0.046418385782	0.0491389871435	0.0366701601895
PD_117_1_bbduk_polyg_filt	0.0	0.106579622004	2.31896479556e-05	0.132041855459	0.0	0.0	0.0	0.111194361947	0.157318571731	0.0156854778772	0.0	0.0313570419656	1.39137887734e-05	0.0171788912055	0.0611093602927	1.39137887734e-05	0.0640173421463	4.18247584446e-05	0.0333597321765	9.49664595084e-05	0.0350450974309	2.94121828202e-05	0.0165927514565	0.0131369230537	5.75270451636e-05	0.0455084134517	0.0320367673849	0.0154677434849	0.0321376493205	0.0109189594467	0.0167239614885	0.0165396374643	0.0165403003815	0.0798004052984	0.0	0.0	0.0174162160606	0.0
PD_117_2_bbduk_polyg_filt	0.0587161886237	0.0167893051199	2.31896479556e-05	0.163858052455	4.63792959113e-05	0.197691748822	2.31896479556e-05	0.00115948239778	4.63792959113e-05	0.033893989452	0.0160797018924	0.0303598871035	0.000111310310187	0.134212406508	0.0310416627534	0.0290798185364	0.0668093757602	0.0509846127407	2.34534171746e-05	0.0169233638006	8.67474603597e-05	0.0303788329195	0.0171381207583	0.096809540038	0.0121544080518	0.128186410363	5.5115288507e-05	0.000113489607388	0.0	0.0324810428548	4.37338075578e-05	0.015538272408	0.000207949339784	0.0461461202393	0.0477404659355	0.0450410236393	0.0488717890524	0.0357920170129
PD_118_1_bbduk_polyg_filt	0.0	0.109251440294	2.28463906929e-05	0.133354382475	2.28463906929e-05	0.0	0.0	0.101666438584	0.156840472107	0.0155446842275	0.0	0.0321265945924	4.56927813859e-06	0.0186655011961	0.0618451796058	9.13855627717e-06	0.0639744632183	4.12291263805e-05	0.0348302910985	0.000108224761938	0.0379301267033	2.92695834002e-05	0.0180627744143	0.0118459810689	7.81731905147e-05	0.0448560587487	0.0322023369602	0.0153881203487	0.0324258465733	0.00903777737885	0.0185131367015	0.0174711458646	0.016730114212	0.0738546553443	0.0	0.0	0.0193308866145	0.0
PD_118_2_bbduk_polyg_filt	0.0638099692053	0.0173175641452	9.13855627717e-05	0.160038966804	6.85391720788e-05	0.184256140938	6.85391720788e-05	0.000982394799796	9.13855627717e-05	0.0348361765286	0.0160610126571	0.0306187328067	0.000137078344158	0.136210181311	0.0312675703023	0.0292662264776	0.068447786516	0.0535889060245	3.24479914322e-05	0.0179420889786	0.000110111537722	0.0313486949093	0.0181031413033	0.0964155597679	0.0111113954396	0.127656447195	5.46751071181e-05	8.96974315028e-05	5.74951645129e-06	0.0334289014726	0.000102890172851	0.0153139737834	0.000230344334067	0.0480951341742	0.0457431762223	0.044599083044	0.0478527910726	0.0324015634994
PD_119P_1_bbduk_polyg_filt	4.68798747745e-05	0.108761309477	0.000117199686936	0.141178742883	0.0	0.0	0.0	0.121137596417	0.153836309072	0.0158782135861	0.0	0.0317423632098	1.87519499098e-05	0.0178237283893	0.0639957170546	2.81279248647e-05	0.0645160836646	7.52632614808e-05	0.0340691508688	0.00012184714422	0.0361069356262	4.61532781135e-05	0.016993718667	0.0141588550337	9.6203346258e-05	0.047808984952	0.0330449356131	0.0160639409794	0.0324253202474	0.011668316437	0.0170256043872	0.0174549097357	0.0171670805468	0.0808889832951	8.64042856526e-06	0.0	0.0187460146831	0.0
PD_119P_2_bbduk_polyg_filt	0.0599124799618	0.0185409904733	7.03198121617e-05	0.165392198204	0.0	0.212740871727	2.34399373872e-05	0.00103135724504	9.3759749549e-05	0.0348036190326	0.0169423867435	0.0337581978251	0.000145327611801	0.142688274851	0.0322017859826	0.0295343211079	0.0673148121887	0.0523225511466	2.38886715285e-05	0.0175564150931	7.48722342758e-05	0.0317957539232	0.0176606962131	0.098397575919	0.0128638770899	0.130588324874	2.44434113029e-05	0.000146452375852	1.32929493532e-05	0.0329801626544	5.81387743474e-05	0.0157438760662	0.000159643471428	0.0503863628616	0.0475536957238	0.0447415158127	0.047880642491	0.0360874112892
PD_11P_1_bbduk_polyg_filt	2.34661965918e-05	0.106606931117	0.0	0.143448859766	0.0	0.0	0.0	0.120639716679	0.151967089129	0.0153421993317	0.0	0.0314728628689	1.87729572735e-05	0.0178155364525	0.0650295239952	1.87729572735e-05	0.0652219468073	5.65491343176e-05	0.0345225395515	0.000103085465803	0.0352505470785	2.59059693104e-05	0.0174205650812	0.014042859093	6.2855260791e-05	0.0461295265931	0.0332774958306	0.0157661056071	0.0319299017383	0.0123168883499	0.01756487901	0.0173004123754	0.0170927740709	0.0803108402096	8.42198241844e-06	0.0	0.0178509105575	0.0
PD_11P_2_bbduk_polyg_filt	0.0606601181898	0.0171772559052	9.38647863673e-05	0.167079319734	7.03985897754e-05	0.217742838175	9.38647863673e-05	0.000844783077305	7.03985897754e-05	0.034598560255	0.016820569717	0.031871788211	0.000117330982959	0.142097206842	0.0330263250833	0.0299428668512	0.0686433182704	0.0521149435395	3.3596797822e-05	0.0170145819778	0.000130954699042	0.0327101835252	0.0174480463851	0.100136951358	0.0129374422665	0.128445623146	2.45924296632e-05	0.000114995275291	1.99369156116e-05	0.0334658380296	6.49001799177e-05	0.0162868470176	0.000180440783885	0.0495411501583	0.0491571583268	0.0451028128685	0.0506551282562	0.0345156369184
PD_120S_1_bbduk_polyg_filt	0.0	0.110793077989	0.0	0.136782641384	0.0	0.0	0.0	0.118977636627	0.151514846933	0.0154214315396	0.0	0.0301421499888	5.74354992164e-06	0.0172708546144	0.0621164924026	0.0	0.0647585253665	4.03295616551e-05	0.034291018863	0.000107243020848	0.0348803499131	3.12984421639e-05	0.0169672402639	0.0142648980236	5.52047523563e-05	0.046375595049	0.0325975803018	0.0155910110142	0.0311705487837	0.011823854487	0.0178631202631	0.0169469477327	0.0157959259287	0.0798992123792	0.0	1.09700990205e-05	0.0178138342766	0.0
PD_120S_2_bbduk_polyg_filt	0.0624611053979	0.0174316740122	0.000114870998433	0.162686051531	0.0	0.211477508115	0.0	0.00120614548355	2.87177496082e-05	0.033059873349	0.0166792689725	0.0319283940144	0.000114870998433	0.140665281131	0.0324051086579	0.0288555948063	0.0681414762704	0.0529530561449	4.09210079569e-05	0.0172249636256	0.000109748395097	0.0313248574262	0.0169617517014	0.0981813495814	0.0137607018096	0.128857035232	2.23439204539e-05	9.30877172541e-05	1.61853795686e-05	0.0344686548662	8.83521476287e-05	0.0157004262509	0.00019360357036	0.0482286355448	0.0478280809116	0.0461027004157	0.0497913472472	0.0346252539484
PD_121S_1_bbduk_polyg_filt	0.0	0.106947918253	1.65759327733e-05	0.132756645582	1.65759327733e-05	0.0	0.0	0.112500855733	0.151321690288	0.0155018123296	0.0	0.0309704727937	2.32063058826e-05	0.0180545059767	0.062524418421	2.32063058826e-05	0.0634327795369	5.65024010031e-05	0.0341407952542	9.89585905048e-05	0.0356754730966	2.47712200888e-05	0.0172356752528	0.0132037470541	4.54651298746e-05	0.0452436759542	0.0322178009621	0.015813084086	0.0316181927754	0.0108066635066	0.0174457076187	0.0168656403448	0.0162458488261	0.0775092474357	0.0	0.0	0.0181878309625	0.0
PD_121S_2_bbduk_polyg_filt	0.0588942891436	0.0171560904204	9.94555966399e-05	0.163040874758	0.0	0.197203872204	0.0	0.00106085969749	6.63037310933e-05	0.0344978312878	0.0166422365044	0.0317561720071	0.000125977089077	0.137593502765	0.0314611204038	0.0289017963836	0.0669601380311	0.0521618847783	2.01759660328e-05	0.0171542636142	0.000114558508345	0.0311699937426	0.0170264748854	0.0973212690457	0.0121888864408	0.127572279003	3.99445920575e-05	8.6302154858e-05	8.46690188567e-06	0.0330330015624	7.2149636181e-05	0.0156590647612	0.000120674401928	0.0487518525753	0.047284476127	0.0442747601099	0.0491731872657	0.0345447737938
PD_122S_1_bbduk_polyg_filt	0.0	0.112734837871	0.0	0.143476866465	0.0	0.0	0.0	0.121744341104	0.158731833297	0.015917492362	0.0	0.0321345981804	1.26597235116e-05	0.0177742518103	0.0644886315683	1.26597235116e-05	0.0647333862228	3.38542529553e-05	0.0345018213154	6.54632970642e-05	0.0365206108265	3.19966196943e-05	0.0177752437256	0.0142935010437	7.01767190138e-05	0.0468081534692	0.0338196322939	0.0163590010245	0.0331986133913	0.01207551253	0.0185117812857	0.0173299987001	0.017338791558	0.0833867208069	0.0	0.0	0.0191028580462	0.0
PD_122S_2_bbduk_polyg_filt	0.0637839069595	0.0171328258191	0.000126597235116	0.170083385379	4.21990783721e-05	0.212387961447	2.10995391861e-05	0.000907280185001	2.10995391861e-05	0.0350505544959	0.0170020086761	0.0323540333879	0.00010549769593	0.14297891734	0.0336706446331	0.030328477626	0.0692697871478	0.0528552499101	1.71526174723e-05	0.0172478528234	7.13405581997e-05	0.0327110957033	0.0181193275727	0.101305961022	0.0139809877615	0.132278093577	1.07833842929e-05	5.04601092932e-05	5.84119519265e-06	0.033768011688	6.36199699268e-05	0.0167529117831	0.000125405416553	0.0488512289916	0.0490662325478	0.0459314562567	0.0501347250561	0.035277669257
PD_123P_1_bbduk_polyg_filt	3.64034087424e-05	0.109647067132	3.64034087424e-05	0.141063208877	0.0	0.0	0.0	0.121696595426	0.153749796823	0.0151547390595	0.0	0.0309938622033	1.4561363497e-05	0.0175828464226	0.0641136834771	2.18420452454e-05	0.0654569692597	5.47184124832e-05	0.0340942748692	9.32713976432e-05	0.0350172881045	2.70059529994e-05	0.0170712115985	0.0149521073614	9.89767535773e-05	0.0476864779742	0.033144897647	0.0159004119563	0.0319443794153	0.0127755249322	0.0169752388407	0.0170049547181	0.0165523201416	0.0838665231278	1.12412693979e-05	0.0	0.0174399857163	0.0
PD_123P_2_bbduk_polyg_filt	0.0615217607746	0.0170185935871	7.28068174848e-05	0.163433103549	5.46051131136e-05	0.220695665501	5.46051131136e-05	0.0010739005579	3.64034087424e-05	0.0340444678559	0.0164543407516	0.031783816173	0.000109210226227	0.144132016234	0.032912321844	0.0306334684567	0.0677139806017	0.0522818156207	1.84176097987e-05	0.0173861083055	0.000102314788727	0.0325469479887	0.0168867734947	0.0990925700461	0.0136676065311	0.129312061273	3.47903775382e-05	5.81806412241e-05	9.22626127951e-06	0.0336284993675	4.92206016175e-05	0.0162521171057	0.00014256906283	0.0486320995493	0.0467139978931	0.0455923202269	0.0492582212234	0.036604131591
PD_126P_1_bbduk_polyg_filt	0.0	0.110464981214	5.40259119079e-05	0.139314818173	0.0	0.0	0.0	0.114985149177	0.156981291367	0.0156783196357	0.0	0.0317924482941	3.60172746052e-05	0.0182355461326	0.0628825597333	7.20345492105e-06	0.0647986787423	5.78265006203e-05	0.0348943971823	0.000123580162238	0.036349901089	3.93500195255e-05	0.0175540545774	0.0134413588101	7.78980677817e-05	0.0465531587072	0.0332132460638	0.0159354162149	0.032407571717	0.0110249927862	0.0184293463758	0.0177095925647	0.017334391895	0.0802812248984	1.31723765516e-05	6.93731923948e-06	0.0186277934568	0.0
PD_126P_2_bbduk_polyg_filt	0.0624179368909	0.0174683781835	7.20345492105e-05	0.16838075878	3.60172746052e-05	0.206487035312	0.0	0.00108051823816	7.20345492105e-05	0.0352933273857	0.0166723964148	0.0318284655687	0.000108051823816	0.143683713583	0.0333880135591	0.029649420455	0.0688542238628	0.0538512615146	3.67123866822e-05	0.0179646914606	0.000111166749856	0.031607573713	0.0173362859444	0.100920480099	0.0127458659141	0.1297670307	1.86578425022e-05	9.22599352782e-05	2.53169274243e-05	0.0349080415573	7.18887781064e-05	0.0160607130864	0.00013966522852	0.0496738898137	0.0476953403294	0.0459268925858	0.0507364105022	0.0342508537082
PD_127S_1_bbduk_polyg_filt	7.01315756023e-05	0.107757165913	1.75328939006e-05	0.138159203936	0.0	0.0	0.0	0.112228053858	0.156147953078	0.0155727163625	0.0	0.0312856958762	2.80526302409e-05	0.0182552491293	0.062034885199	3.50657878011e-05	0.0654748389823	8.43327881453e-05	0.034787959669	0.000168874909719	0.0359298601841	4.08505667329e-05	0.0180940529326	0.0130580855166	0.000134811095556	0.0467516658762	0.0332379743377	0.015849458215	0.0312811593988	0.010841386241	0.0181011231895	0.0178487230605	0.0158262812869	0.0801643127601	0.0	5.48985540599e-06	0.0183760574772	0.0
PD_127S_2_bbduk_polyg_filt	0.0591033853388	0.0183569399139	7.01315756023e-05	0.167193676236	3.50657878011e-05	0.210289529443	7.01315756023e-05	0.000876644695028	5.25986817017e-05	0.0353778733126	0.0169227491928	0.031671419542	0.000126236836084	0.137713868431	0.0323376695102	0.0295674722739	0.0682345164822	0.054363212673	2.48360950775e-05	0.0180124120718	7.66266356959e-05	0.030820580215	0.0181628418111	0.0982021318824	0.0120857809716	0.12927039236	3.75680529626e-05	9.87144926652e-05	8.83559571707e-06	0.0338957531038	5.63198101647e-05	0.0166580210988	0.000170191720974	0.0488697436839	0.0473628190587	0.0448905650184	0.0478420189046	0.0343155375161
PD_128S_1_bbduk_polyg_filt	0.0	0.108650948444	0.0	0.135551665583	0.0	0.0	0.0	0.111193512618	0.158531787584	0.0164975538009	0.0	0.0317956383961	1.16453320948e-05	0.0176931412293	0.0622675907108	1.55271094597e-05	0.0644569131446	7.39608174274e-05	0.0343185053835	0.000160364823559	0.0361757682782	6.27133481975e-05	0.0180331066067	0.0135043597998	9.51163032333e-05	0.04580080316	0.0329394943477	0.0159548165179	0.0325948571756	0.0110518380956	0.0176115379829	0.0167150092651	0.0165106484383	0.0804236265618	0.0	0.0	0.0185024185804	0.0
PD_128S_2_bbduk_polyg_filt	0.0612156290449	0.0163034649327	3.88177736493e-05	0.159735138567	3.88177736493e-05	0.204996662642	1.94088868246e-05	0.000931626567583	5.82266604739e-05	0.0344507741137	0.0160589129587	0.0319819637097	0.000147507539867	0.138350427063	0.0324128409972	0.0295597346339	0.067853468339	0.052454072032	1.57734914016e-05	0.0173078343269	0.000106306750172	0.0313955517157	0.0175110355738	0.0995399671478	0.0124382678485	0.130303359576	2.89257023088e-05	7.97540623978e-05	1.54829847417e-05	0.0336391708886	3.33048410418e-05	0.0160298765982	0.000192004915326	0.0491771167011	0.0471507771075	0.0444047406093	0.0490181299615	0.0339606545441
PD_129P_1_bbduk_polyg_filt	3.21193400503e-05	0.112963718957	3.21193400503e-05	0.143188017944	0.0	0.0	0.0	0.120736599249	0.158701659189	0.0158412585128	0.0	0.0316953647617	2.56954720403e-05	0.0178198098599	0.0654913343627	1.92716040302e-05	0.0663007417319	5.81156428972e-05	0.0347408438723	0.000135608803859	0.0366977240084	7.19507229645e-05	0.0180448967738	0.014124595102	0.00015193322231	0.0477003261934	0.0337296187998	0.0164485544317	0.0319469818139	0.0119913239361	0.0181558066149	0.0159467571277	0.0171050464661	0.0794741793577	2.46355144838e-05	0.0	0.0181725196927	0.0
PD_129P_2_bbduk_polyg_filt	0.0623757583778	0.0198818714912	6.42386801007e-05	0.170650053687	6.42386801007e-05	0.213882685395	0.000160596700252	0.000835102841309	6.42386801007e-05	0.0356075003798	0.0173765629672	0.0324919243949	0.000134901228211	0.14794810414	0.0327874223234	0.0308602619204	0.0706689719788	0.054151361126	4.62341462287e-05	0.0180299117524	0.000104675907688	0.0326746476466	0.0182691303894	0.0995871715087	0.0128753401569	0.130030262496	2.60016372364e-05	8.14369090169e-05	9.45544664457e-06	0.0357008998189	9.31169213311e-05	0.0165232841697	0.000250081191132	0.0483789294647	0.048298605481	0.0445833617959	0.0502548629714	0.0349118290615
PD_12P_1_bbduk_polyg_filt	6.20897805809e-05	0.109278013822	0.0	0.137435729316	0.0	0.0	0.0	0.121664925048	0.157770132456	0.0150505628128	0.0	0.0318706843722	2.48359122324e-05	0.0182668134469	0.0638779662617	4.34628464066e-05	0.0649769553779	4.3673544002e-05	0.0339785735488	9.15422422331e-05	0.036243816311	4.16530513255e-05	0.0179782509115	0.0144276909281	7.72732137427e-05	0.0459603371454	0.0336682129043	0.0156924030518	0.0326930615159	0.0110068131505	0.0179183533033	0.0170877701257	0.0163967349589	0.0808236100202	0.0	0.0	0.0187316519484	0.0
PD_12P_2_bbduk_polyg_filt	0.0609721645305	0.0170746896598	0.0	0.164848367442	3.10448902905e-05	0.208124944507	0.0	0.00102448137959	0.0	0.0338948112191	0.0166586881299	0.0318893113064	0.00013038853922	0.14020493353	0.032603343783	0.0293995111051	0.0681497431656	0.0525646954417	3.8243754986e-05	0.0173675922168	0.000100943926658	0.0318317207923	0.0179579092743	0.0989324596023	0.0130679223619	0.127531139423	0.0	3.49333445586e-05	1.82508495314e-05	0.0352103128791	5.00009900196e-05	0.016093810876	9.90542738177e-05	0.0486567699701	0.0474208524673	0.0457453595046	0.04809993274	0.037076864175
PD_130S_1_bbduk_polyg_filt	0.0	0.108011191074	0.0	0.138057284101	2.57906377922e-05	0.0	0.0	0.112215065034	0.158380306682	0.0156703915225	0.0	0.0325477848937	1.03162551169e-05	0.0181308183679	0.063383071438	2.06325102337e-05	0.0655236943748	5.16767690444e-05	0.0351156616894	0.000100211731566	0.0365511272267	3.26395897334e-05	0.0185259353394	0.0131804275407	8.11209995034e-05	0.0461946064769	0.0322907126586	0.016389947015	0.0331542855876	0.0108986067173	0.0181946375976	0.0176752504971	0.0173344834185	0.0786019057934	0.0	0.0	0.0183040094636	0.0
PD_130S_2_bbduk_polyg_filt	0.0603500924336	0.0170734022184	7.73719133765e-05	0.171765647696	2.57906377922e-05	0.19951637396	0.0	0.00110899742506	5.15812755843e-05	0.0357716146177	0.0164699012941	0.0316554288261	9.28462960518e-05	0.141817559092	0.0327489518685	0.0298294516704	0.0688506866499	0.0529740858999	1.56395708669e-05	0.0166881492305	0.000101652277519	0.0317920551524	0.0180443335138	0.0994456094118	0.0125916735255	0.13033715818	4.26423957521e-05	6.26083907765e-05	1.93293327199e-05	0.0339258598821	6.15879129478e-05	0.0160239897983	0.000153289438051	0.0493762832468	0.0475856202373	0.0463946640496	0.0492236499596	0.0339742773572
PD_131P_1_bbduk_polyg_filt	4.6861432151e-05	0.10860136901	7.02921482265e-05	0.139693929242	0.0	0.0	0.0	0.118746869071	0.154595864666	0.0154080388912	0.0	0.0321141394531	2.34307160755e-05	0.0177651689284	0.0625225227758	1.40584296453e-05	0.0655591435792	8.47014778761e-05	0.0344083339728	0.000132669976897	0.0357762836903	5.21773558415e-05	0.017666099161	0.0138082309518	7.01238831895e-05	0.0459977928616	0.0330411830653	0.0155282811817	0.0326669981721	0.0114579780118	0.0171592981142	0.0180145346185	0.0164164335167	0.0822879996099	0.0	0.0	0.0181045857111	0.0
PD_131P_2_bbduk_polyg_filt	0.0588345280655	0.0171747148833	2.34307160755e-05	0.164553918998	0.0	0.212211995496	4.6861432151e-05	0.00117153580377	2.34307160755e-05	0.0341291810356	0.0162702892428	0.0325405784856	0.000103095150732	0.138559882584	0.0322031761741	0.0295227022551	0.0683099096465	0.0527364634176	1.91853552811e-05	0.0176210769702	0.000101095444968	0.0316105859668	0.0176238356838	0.0988864052524	0.0127167286169	0.128739275968	2.54671340904e-05	0.000119867083387	3.4873614881e-05	0.0343476235281	6.12888790793e-05	0.0156045898236	0.00018571081871	0.048640831815	0.0464132471586	0.045278663268	0.0488137267577	0.0355740883712
PD_134S_1_bbduk_polyg_filt	1.52788037919e-05	0.108372555296	3.05576075838e-05	0.140045515556	0.0	0.0	0.0	0.121053962443	0.156775805709	0.0157432794272	0.0	0.0313826629885	1.22230430335e-05	0.0180778806466	0.0644582174372	1.22230430335e-05	0.0653902244685	5.82322039167e-05	0.0351484708318	0.000113812874184	0.0353929793375	5.94036213042e-05	0.0175435639791	0.0146992633989	8.94901705607e-05	0.0476398285793	0.0329284687009	0.015992095763	0.0318330144055	0.0119686201777	0.0176417464409	0.01732997384	0.0169709500047	0.082335324978	0.0	0.0	0.01805406707	0.0
PD_134S_2_bbduk_polyg_filt	0.0613443972245	0.016959472209	9.16728227514e-05	0.168677993863	4.58364113757e-05	0.215950612795	3.05576075838e-05	0.000870891816138	9.16728227514e-05	0.0347348325405	0.0164858292915	0.0326630267463	0.000168066841711	0.139480199816	0.0325224617514	0.0302123066181	0.0684429294662	0.0531970697202	9.32090496293e-06	0.0176193448203	0.000116142291212	0.0324127648273	0.0175715775266	0.0995415898172	0.013295417409	0.130768951175	5.33288821493e-05	9.05565538869e-05	8.1503152868e-06	0.0332994231182	6.13064563493e-05	0.0160494121846	0.000240988631763	0.0498008379505	0.0482565600024	0.0466836309542	0.050055817281	0.0374979376844
PD_137P_1_bbduk_polyg_filt	0.0	0.10989724064	1.97834816633e-05	0.133340666411	0.0	0.0	0.0	0.114012204826	0.156546690402	0.0157199545296	0.0	0.0318593188706	7.91339266531e-06	0.017318459848	0.0621873962604	0.0	0.0642923587093	3.17118810703e-05	0.0344756990706	6.06756402433e-05	0.0350821194835	2.91966638057e-05	0.0176629743004	0.0135682684585	4.43836802273e-05	0.0459203844761	0.0323368587975	0.0160070659283	0.032898762826	0.0120406246304	0.017887279931	0.0172018519487	0.0165077538534	0.0805260229676	5.93849688805e-06	0.0	0.0183465969944	0.0
PD_137P_2_bbduk_polyg_filt	0.0635841100658	0.0180029683136	0.0	0.16438094914	5.93504449899e-05	0.204442499508	5.93504449899e-05	0.000969390601501	5.93504449899e-05	0.0342214665811	0.0161749746079	0.0323855594828	8.70473193185e-05	0.138183662722	0.0318949291375	0.0295367381233	0.066571415797	0.0519443226944	1.99931559429e-05	0.017256477368	7.38503137018e-05	0.0308117578035	0.0173703729016	0.0968038668782	0.0125433307497	0.128162531664	2.33321752797e-05	8.62959822748e-05	4.93335822377e-06	0.0331806623019	3.67099378941e-05	0.0156695625196	0.000145703255818	0.0491348679767	0.0473801239489	0.0457429901045	0.0474045723812	0.0347072927669
PD_138S_1_bbduk_polyg_filt	0.0	0.107995557455	0.0	0.143994076607	0.0	0.0	0.0	0.117900994138	0.167019103467	0.0169064473874	0.0	0.0334388841862	1.16878308934e-05	0.0190570082718	0.0656447022131	2.33756617869e-05	0.0670472419203	9.39117758734e-05	0.0351513687487	0.000171724084045	0.0374082915112	9.10038767652e-05	0.0186990260118	0.0132494751678	0.00012268678576	0.0476896433904	0.0345358886874	0.0162496875451	0.0344939896977	0.0107936029736	0.0190142419714	0.0183709248343	0.0178477931761	0.0796146802958	0.0	1.14065222951e-05	0.0185670523942	0.0
PD_138S_2_bbduk_polyg_filt	0.0622376995076	0.0170934526817	0.000116878308934	0.167574275435	0.0	0.20237479192	0.0	0.000730489430841	5.84391544672e-05	0.035647884225	0.0170291696118	0.0323285402513	4.09074081271e-05	0.144520028998	0.0328837122187	0.0316214264822	0.0701503610225	0.0555201197483	2.99270952019e-05	0.0178355099852	3.78390306195e-05	0.032847763261	0.0191232933871	0.101724538713	0.0127385767625	0.135098020127	1.56070458008e-05	7.31659134642e-05	8.47585770594e-06	0.0345405858957	5.53058802318e-05	0.0166805639319	0.000110494063154	0.0494161652267	0.0473814733011	0.0468564432578	0.050196408459	0.0355168367829
PD_13P_1_bbduk_polyg_filt	2.34268188348e-05	0.110106048524	2.34268188348e-05	0.139623840255	2.34268188348e-05	0.0	0.0	0.115892472776	0.153703358375	0.0150025347818	0.0	0.030740671675	3.27975463687e-05	0.0177200457666	0.0630275133931	9.37072753392e-06	0.0644893468884	6.58323699079e-05	0.0338760414087	8.29190874569e-05	0.0357234393507	4.10126852235e-05	0.0177136065985	0.0138741316353	6.18805754398e-05	0.0464212786943	0.0326214504629	0.0149726596978	0.0307094748797	0.0114739324055	0.0180640687376	0.017563732072	0.0167235459453	0.0808282890611	0.0	0.0	0.0183961756224	0.0
PD_13P_2_bbduk_polyg_filt	0.059832095304	0.0176403945826	2.34268188348e-05	0.164948231416	2.34268188348e-05	0.208920370369	4.68536376696e-05	0.000890219115722	2.34268188348e-05	0.0343062335017	0.0158740124425	0.0312888592357	0.000178043823144	0.137393607102	0.0317948785226	0.0297848574665	0.0683735134512	0.0524169839492	9.55887603294e-06	0.0169793944975	6.99216842176e-05	0.0311301952743	0.016796231945	0.0985009522412	0.0128437127748	0.127741907306	6.64060330485e-05	7.52132436482e-05	6.51638747639e-06	0.0334679670187	6.35853848569e-05	0.0157894170677	0.000153795744333	0.04768947052	0.0475495880772	0.0452949806368	0.0485176817574	0.0333350668505
PD_140S_1_bbduk_polyg_filt	0.0	0.11202145879	0.0	0.138830263999	0.0	0.0	0.0	0.117306874932	0.1524842557	0.0153511975505	0.0	0.0310635652041	2.93634230117e-06	0.0181554044481	0.0631284231328	8.8090269035e-06	0.0651339449245	7.06204880864e-05	0.0345264055239	0.000129419273148	0.035598336454	4.97750463445e-05	0.0172567460454	0.0143460012233	9.96362711497e-05	0.0474054120168	0.0329748256831	0.0162647855267	0.0321960318002	0.0117938580416	0.0180691047522	0.0175397825622	0.0168874176944	0.0818965171545	4.48980262558e-06	0.0	0.0186166982118	0.0
PD_140S_2_bbduk_polyg_filt	0.0608850576147	0.0189687712655	7.34085575292e-05	0.164200261481	2.93634230117e-05	0.211857097029	4.40451345175e-05	0.00102771980541	5.87268460233e-05	0.0351274629489	0.0159678294337	0.0315480616837	0.000135071745854	0.138460284869	0.0327637073964	0.0289993165663	0.0682141679984	0.0529478480469	1.48578537248e-05	0.0173544796333	8.55823247558e-05	0.0311351525703	0.0169367464723	0.0987063951339	0.0134016054625	0.129050743848	1.39937682951e-05	4.67814691116e-05	1.11205355591e-05	0.0337814111018	5.13240215766e-05	0.015813614767	0.000143734673234	0.0486638113299	0.0477736379549	0.0457326961092	0.0496555738053	0.0356883827117
PD_141P_1_bbduk_polyg_filt	1.55712378683e-05	0.108671669083	3.11424757365e-05	0.137898882561	1.55712378683e-05	0.0	0.0	0.116254861924	0.155665664969	0.0150511585235	0.0	0.0317871249843	1.24569902946e-05	0.0176982689611	0.0629264864732	1.86854854419e-05	0.0653244571049	5.30496909902e-05	0.034654457076	9.24601107156e-05	0.0362023229463	4.60520044234e-05	0.0175045707776	0.0142015555081	8.04243299543e-05	0.0466906235183	0.03216537133	0.0156507980381	0.0318430206061	0.0115617225867	0.0174899194893	0.0172193545884	0.0163891568778	0.0811205117134	4.62581697132e-06	0.0	0.0181343666043	0.0
PD_141P_2_bbduk_polyg_filt	0.061226107298	0.0181093496408	3.11424757365e-05	0.163513568855	0.0	0.204574923113	0.0	0.00110555788865	6.2284951473e-05	0.0344217784316	0.0161100026985	0.0315878131395	0.000112112912651	0.136382243993	0.0316999260522	0.0296725508817	0.0678687973726	0.0517641485838	1.25994101334e-05	0.0171563834803	9.70507412008e-05	0.0309444280901	0.0171598935081	0.0981174750592	0.0132074292681	0.130099296744	1.10096138884e-05	5.65030680601e-05	1.16149360644e-05	0.0333481188613	6.978246466e-05	0.0160470863611	0.000113730688529	0.04757418245	0.0470821168216	0.0454600454283	0.0486176724192	0.0354152168789
PD_142S_1_bbduk_polyg_filt	4.54435460508e-05	0.103929389818	2.27217730254e-05	0.132990537518	0.0	0.0	0.0	0.100521123864	0.160052169191	0.0160188499829	0.0	0.0317559499803	9.08870921016e-06	0.0178365918249	0.0604444606021	4.54435460508e-06	0.0634301015777	6.37267600455e-05	0.0349728386029	0.00016671403352	0.0366357386665	3.7942015589e-05	0.0176606290985	0.012583680252	0.000104391128305	0.0445325138986	0.031968352312	0.0156492658497	0.0323425997072	0.0101758241371	0.0180585577931	0.0173351386094	0.0161815822845	0.0791293043339	1.24108189577e-05	0.0	0.0187663720815	0.0
PD_142S_2_bbduk_polyg_filt	0.0572134244779	0.0171549386342	6.81653190762e-05	0.158711584582	9.08870921016e-05	0.191044667598	2.27217730254e-05	0.00088614914799	4.54435460508e-05	0.0346370707999	0.0164187531881	0.0308061798678	0.000145419347363	0.137643956633	0.0312697040375	0.0296746355712	0.0676563513604	0.0531983002945	9.17328813715e-06	0.0172644721707	0.000103030038501	0.0298894606925	0.017752420415	0.0964642026128	0.0116523754391	0.127471416636	5.67840849696e-05	7.90658881874e-05	1.61611364425e-05	0.0323909133103	3.94921712976e-05	0.0154213564616	0.000184032136998	0.0476170920503	0.0477681078203	0.0442082602689	0.0490898098764	0.033337885021
PD_145P_1_bbduk_polyg_filt	3.03951229202e-05	0.109133688845	0.0	0.138525772709	1.51975614601e-05	0.0	0.0	0.114376847549	0.152006009724	0.0151002970667	0.0	0.0316078883247	9.11853687605e-06	0.0176899615395	0.0628388771251	1.51975614601e-05	0.0642644083901	5.78710965793e-05	0.0346218159322	0.000127641645023	0.0351526507095	6.42616095265e-05	0.017553706779	0.0140586899655	0.000102608025815	0.0465733587351	0.0334547345859	0.0160579568378	0.0319856665231	0.0120511349676	0.0176416016207	0.0174322727687	0.0165756194568	0.079343252398	0.0	0.0	0.0179794735508	0.0
PD_145P_2_bbduk_polyg_filt	0.0603799116809	0.0171732444499	6.07902458403e-05	0.162340351517	1.51975614601e-05	0.203267384529	4.55926843802e-05	0.000896656126145	3.03951229202e-05	0.0344255162194	0.0167689893151	0.0305622960962	0.000124620003973	0.138537930758	0.0326443620162	0.029498466794	0.0681245890009	0.0534730886843	2.15255475346e-05	0.0176616476621	9.79386071525e-05	0.0320772233688	0.0174200790839	0.09698032957	0.012970184583	0.127722362804	3.95677774265e-05	6.28596984472e-05	0.0	0.0335136140961	6.08091878629e-05	0.0161125445721	0.000169378363599	0.0463111977036	0.0475420593678	0.0452715577003	0.0500334257341	0.0352381957838
PD_146S_1_bbduk_polyg_filt	4.70271880634e-05	0.109385239435	0.0	0.136378845384	0.0	0.0	0.0	0.110890109453	0.158152433457	0.0158152433457	0.0	0.0324393543261	1.4108156419e-05	0.0186791990988	0.0647470325256	4.70271880634e-06	0.0660684965102	8.48513595097e-05	0.0349165822591	0.000111229255925	0.036554548992	6.52383712227e-05	0.017768859151	0.0132970891773	7.54646927115e-05	0.0467501839165	0.03237748388	0.0161542069454	0.0327799349322	0.010894010821	0.018120016673	0.0182208509918	0.0166881761785	0.0790805190226	2.19940445992e-05	7.61806728262e-06	0.0188845360086	0.0
PD_146S_2_bbduk_polyg_filt	0.0626167009064	0.017776277088	4.70271880634e-05	0.168380846861	0.0	0.207578008112	7.05407820951e-05	0.00117567970158	2.35135940317e-05	0.0353738508613	0.0170661665482	0.0317198383487	8.93516573204e-05	0.140959293501	0.0326744902664	0.0297823182005	0.0686691000101	0.0547435165136	2.38340910826e-05	0.0176906265359	0.000118095968228	0.0329565023852	0.0176360718097	0.0993507525517	0.0121449148708	0.13149667324	3.98618910754e-05	9.38230041927e-05	1.20898817422e-05	0.0342438871105	5.80392821469e-05	0.0162671213454	0.000131252579286	0.0483109271725	0.0462678853331	0.0450084300171	0.0492169560864	0.0349013060704
PD_147_1_bbduk_polyg_filt	2.02478047836e-05	0.105956762433	2.02478047836e-05	0.138211515453	0.0	0.0	0.0	0.113306715569	0.157892381703	0.0162306403146	0.0	0.0318457473637	2.02478047836e-05	0.0183242633292	0.0639425675067	8.09912191345e-06	0.066068587009	6.08260444471e-05	0.0350694342557	7.40947382733e-05	0.0365229092008	4.2140743002e-05	0.0179782276991	0.0141817978668	6.19877459967e-05	0.0473103719365	0.0332738389896	0.0155655943728	0.0330580127018	0.0112517988367	0.0185307727026	0.017764320182	0.0172774079975	0.0809880117636	0.0	0.0	0.0187461964737	0.0
PD_147_2_bbduk_polyg_filt	0.0601967236217	0.0176560857713	0.000101239023918	0.166436955321	4.04956095672e-05	0.20774247708	6.07434143509e-05	0.000647929753076	6.07434143509e-05	0.0352028333968	0.0169636108477	0.0311289750743	0.000129585950615	0.139515474081	0.0320765723382	0.0295415471793	0.0684578279734	0.0535878668473	1.63248008497e-05	0.0174824937339	7.90551626537e-05	0.0321286981927	0.0182010269211	0.0990585266157	0.0129337935007	0.131675815011	2.30660266859e-05	6.13585075647e-05	0.0	0.0335288820956	5.60645451741e-05	0.0158562428855	0.000167547950872	0.0486917860222	0.0482901518133	0.0467615678888	0.048554974657	0.0361522447857
PD_148P_1_bbduk_polyg_filt	1.6658198749e-05	0.107395407335	3.33163974979e-05	0.137363506884	0.0	0.0	0.0	0.116057670684	0.154154971223	0.0149990421536	0.0	0.0307410399713	2.66531179984e-05	0.0173944911337	0.0624216023521	1.33265589992e-05	0.0642140245375	5.67821407208e-05	0.0334700828185	9.60465227403e-05	0.0347579471711	3.20530079825e-05	0.0170090112446	0.0143972844529	5.73424525673e-05	0.046144596582	0.0325436121118	0.0157610091396	0.0313436143637	0.0118912845913	0.0174514127518	0.0168276754704	0.0164260120548	0.0804909269067	0.0	1.05513441331e-05	0.0177238990636	0.0
PD_148P_2_bbduk_polyg_filt	0.0592865293476	0.0179908546489	0.00016658198749	0.159735467804	6.66327949959e-05	0.209143685293	6.66327949959e-05	0.00108278291868	9.99491924938e-05	0.0337728321437	0.0158952532463	0.0314640057971	0.000186571825988	0.137246899493	0.0315739499088	0.0298081808414	0.067935466138	0.0523100702881	1.01384941964e-05	0.0173608061945	0.000132667871291	0.031555426073	0.0167366125031	0.0958341092407	0.0129828821693	0.126420185904	4.43834266475e-05	6.22666246907e-05	1.70980914084e-05	0.0320727929959	6.81025375414e-05	0.015981079002	0.000246562340822	0.0472398007044	0.0461227060029	0.044294160413	0.0474901551615	0.0340393460071
PD_149S_1_bbduk_polyg_filt	7.14152745846e-05	0.107289547518	0.0	0.133903639846	0.0	0.0	0.0	0.106265928582	0.156470866615	0.0155066366215	0.0	0.0317512310803	2.38050915282e-05	0.0184394238977	0.0615171175272	1.90440732226e-05	0.0655782661419	6.20651974848e-05	0.0348974519251	9.33238522848e-05	0.0372322091602	3.56604330022e-05	0.0178747810755	0.0119095746018	6.52615350579e-05	0.0449124713382	0.0329727356193	0.016092752283	0.0320124941804	0.00950752617498	0.0179912685333	0.0170207308853	0.0164088500455	0.0746052927218	1.41067828445e-05	7.28689883358e-06	0.0182589878307	0.0
PD_149S_2_bbduk_polyg_filt	0.0612743055936	0.0171634709918	0.000214245823754	0.167968725823	2.38050915282e-05	0.192249919182	4.76101830564e-05	0.000904593478071	7.14152745846e-05	0.0349268302902	0.016496928429	0.0322416159658	0.000166635640697	0.137226830623	0.0319369107942	0.029285023598	0.0684967703632	0.0542403999839	5.31905454096e-05	0.0177221296793	0.000134975967529	0.0305774486476	0.0175322285984	0.0974854307298	0.0113885627503	0.128118854036	3.99203008303e-05	9.94508790463e-05	6.00526193061e-06	0.0328155906242	9.50297899385e-05	0.0155165428439	0.000234821112941	0.0492478583657	0.0450313736694	0.0429453102399	0.0487682556832	0.033021806372
PD_14P_1_bbduk_polyg_filt	5.99133533084e-05	0.110480223501	2.99566766542e-05	0.14433126812	0.0	0.0	0.0	0.121743933923	0.157751859261	0.0158650559561	0.0	0.0317780425948	1.79740059925e-05	0.0174827164954	0.0635860418663	5.99133533084e-06	0.0658867146333	5.41963773214e-05	0.0336930626033	9.48317157466e-05	0.0348111329988	2.01674096677e-05	0.0174421148943	0.0135076834691	5.24934580028e-05	0.0473662477236	0.0327482369244	0.0155498345005	0.0312943145403	0.0114245449277	0.0169307677889	0.0167071079064	0.0168157552315	0.0818203074562	1.1745000535e-05	1.24012857653e-05	0.0175053638818	0.0
PD_14P_2_bbduk_polyg_filt	0.0606323135481	0.0186630095556	5.99133533084e-05	0.167727432587	5.99133533084e-05	0.209277343106	0.0	0.000928656976281	8.98700299627e-05	0.033737209248	0.0166139728724	0.0330781623616	0.000161766053933	0.141179825736	0.0333957031341	0.0309692123251	0.0676781238972	0.0524747025144	6.15754333233e-06	0.0173930174527	8.4656531196e-05	0.032323627819	0.0172275033055	0.0980024911582	0.0130043078457	0.129813700283	2.44104867451e-05	2.54935920582e-05	0.0	0.0344534247476	7.80299086689e-05	0.0157971474163	0.000107738570635	0.0489532485861	0.0479580911387	0.0462560306688	0.0484491737067	0.0356026957203
PD_150P_1_bbduk_polyg_filt	0.0	0.112070203644	0.0	0.145003212026	0.0	0.0	0.0	0.120843432381	0.16165898638	0.0160100290919	0.0	0.0326925239399	1.33602468083e-05	0.0187132523628	0.0644720976812	8.90683120553e-06	0.0674336190571	6.2544680356e-05	0.0356794145911	0.000124577595439	0.0369750507453	2.41112857358e-05	0.0174829914338	0.0144210478142	8.37845480347e-05	0.0487402985307	0.0340697287084	0.0164708456506	0.0334265349641	0.0117544714108	0.0181246022978	0.0182044112705	0.0170315946508	0.0834800030112	7.4356092965e-06	0.0	0.0186446991327	0.0
PD_150P_2_bbduk_polyg_filt	0.0621028805805	0.0182367368933	4.45341560276e-05	0.170588084664	2.22670780138e-05	0.218774041486	2.22670780138e-05	0.00122468929076	6.68012340415e-05	0.0354180142888	0.0169541531997	0.0328172195768	0.000133602468083	0.146526280162	0.0336722753725	0.0310759340761	0.0705821838882	0.0545169112772	2.26596522052e-05	0.0178564894705	8.48074917054e-05	0.0321897244516	0.0182853153334	0.103007068006	0.0126207196711	0.133701257586	3.34856857623e-05	5.19615814542e-05	1.19601123078e-05	0.0354329412522	7.72133446537e-05	0.0161197560815	0.000104284500911	0.0493240573406	0.0486770186063	0.0464162579829	0.0523833530473	0.0355543585239
PD_151S_1_bbduk_polyg_filt	0.0	0.110351079917	0.0	0.141166711872	0.0	0.0	0.0	0.120057887873	0.160440995612	0.0163204417016	0.0	0.0327523491404	9.28881144084e-06	0.0180063609781	0.0639441779588	1.39332171613e-05	0.0637351797013	6.99602196863e-05	0.0363537070279	0.000131225744197	0.0373011155351	4.60718406402e-05	0.0183264577949	0.0138500438911	7.8504784418e-05	0.0442788343121	0.0333796996699	0.0166244378742	0.0331406555009	0.0110642140151	0.0188210217246	0.0177666956177	0.016762417203	0.0816584145681	0.0	0.0	0.0184520547718	0.0
PD_151S_2_bbduk_polyg_filt	0.0622350366536	0.0171146350798	0.000116110143011	0.167500492307	0.0	0.195041818229	4.64440572042e-05	0.0010682133157	4.64440572042e-05	0.0362588754593	0.0170542578054	0.0319395781393	9.28881144084e-05	0.141979482873	0.034154959668	0.030035371794	0.0703302358243	0.0547279205209	1.90087868117e-05	0.0172251699588	6.97708724549e-05	0.0320979364866	0.0174632434284	0.102244423703	0.0132006464616	0.130158934656	2.98745603062e-05	6.18276436959e-05	6.40557582315e-06	0.0346358930797	4.82092701055e-05	0.0165096226647	0.000126436899583	0.0497738772755	0.0487114986899	0.0460022553466	0.0517718330995	0.0345001178547
PD_152P_1_bbduk_polyg_filt	2.46844951256e-05	0.102687499722	7.40534853767e-05	0.133320958173	0.0	0.0	0.0	0.105007842264	0.156450330106	0.0156450330106	0.0	0.0316159013568	1.97475961004e-05	0.0188342697808	0.0609114601718	1.48106970753e-05	0.0640463910528	5.44169711296e-05	0.0357473159174	0.000101121124855	0.036592255402	3.65256813631e-05	0.0183728257826	0.0127084763964	0.00013314333779	0.0447229221745	0.0322661097732	0.0154782775863	0.0318900776703	0.0100690650029	0.0178242321919	0.0188293967933	0.0164250587288	0.0771199436469	7.15046626045e-06	0.0	0.0184519330952	0.0
PD_152P_2_bbduk_polyg_filt	0.0592181038062	0.0167360876951	0.000197475961004	0.165904491739	2.46844951256e-05	0.184960921976	2.46844951256e-05	0.000641796873264	0.000172791465879	0.0357036537496	0.0161535336102	0.0311765173436	0.000153043869778	0.139032950345	0.0320997174613	0.0293103695121	0.0681785755368	0.0531358354981	3.49586002776e-05	0.0174841023852	0.000112878265972	0.0309484728538	0.0185754323373	0.0976069978796	0.0116616290131	0.128029397729	3.48589204297e-05	0.000107203650546	6.11065790398e-06	0.0336592371455	0.000122442845613	0.0157979975078	0.000245175340891	0.0481477405703	0.0461657514408	0.0435024410526	0.0492561849087	0.033764664203
PD_153S_1_bbduk_polyg_filt	1.70575256524e-05	0.107957079854	5.11725769572e-05	0.13975230767	0.0	0.0	0.0	0.120187325747	0.150532663882	0.0150959102024	0.0	0.0302873425484	2.72920410438e-05	0.0175044328245	0.0635256370346	6.82301026095e-06	0.0643955708429	6.84669901983e-05	0.0332264681357	0.000131309086649	0.0349161554424	4.47779773549e-05	0.0172766683206	0.0145914040012	9.02480056216e-05	0.0475099664459	0.0324802592986	0.0154947140281	0.0313267711204	0.0120092010794	0.0168594692277	0.0172334483897	0.016021155888	0.0803198827658	0.0	0.0	0.0170844468045	0.0
PD_153S_2_bbduk_polyg_filt	0.060554216066	0.018746220692	1.70575256524e-05	0.165730919239	0.0	0.212673229834	0.0	0.00115991174436	5.11725769572e-05	0.033572621989	0.0165526228931	0.0311709223772	9.21106385229e-05	0.139008599552	0.0321841394009	0.0295231653992	0.0673021732141	0.0517886902305	1.73908766835e-05	0.0169038277605	0.000101746696439	0.0322265561227	0.0170316671032	0.0977431963409	0.0134027690031	0.128784555273	1.32347351447e-05	4.58590577807e-05	4.77502949894e-06	0.0338242926339	7.79863427197e-05	0.0165337984103	0.000113758026553	0.04715685611	0.0479657600539	0.0456701996607	0.0495375856646	0.0361931501908
PD_156P_1_bbduk_polyg_filt	0.0	0.108801566158	5.22331090531e-05	0.140820462007	5.22331090531e-05	0.0	0.0	0.118151292678	0.153434757843	0.0160094479248	0.0	0.0307914177868	2.08932436212e-05	0.0172160327439	0.0637870727756	5.22331090531e-06	0.0648839680657	3.66841375745e-05	0.0340712675166	6.50561722098e-05	0.0362412733115	2.84160350777e-05	0.0169947756693	0.0144675133283	4.35382896244e-05	0.046241844007	0.0329170147161	0.0164100629589	0.0318435322778	0.0119804868104	0.0179172827701	0.0175006877622	0.0167206448018	0.0807436638245	0.0	0.0	0.0185698311461	0.0
PD_156P_2_bbduk_polyg_filt	0.0597546767567	0.0176025577509	2.61165545265e-05	0.167407114515	2.61165545265e-05	0.211256809565	0.0	0.000992429072008	0.000156699327159	0.0337478117592	0.0167616046951	0.0323061779493	9.40195962955e-05	0.138783370754	0.0324837705201	0.0300862708146	0.0682791201542	0.0523433062669	1.59587447298e-05	0.0171210856525	7.76070078685e-05	0.0317760817778	0.0176850218732	0.0990376030407	0.0132114348327	0.12888731556	3.34067546988e-05	9.02851698761e-05	7.23111548995e-06	0.0327395254066	5.51100737121e-05	0.0154522453174	9.4769490875e-05	0.0484470038812	0.0494947807451	0.0464529004024	0.0497655703822	0.0348725977099
PD_157S_1_bbduk_polyg_filt	0.0	0.10754209431	3.9028159793e-05	0.146023859865	0.0	0.0	0.0	0.122431337271	0.161732694182	0.0159117807476	0.0	0.0318274643112	1.56112639172e-05	0.0181715111996	0.0653019169656	1.56112639172e-05	0.0655868225321	6.6543863229e-05	0.0352104333372	0.000125290441431	0.0372567311472	4.23858988557e-05	0.0180035958321	0.0140754577903	8.40067132565e-05	0.0480999548751	0.0338198868902	0.0161408224435	0.0324825014198	0.0115860569488	0.0177783873608	0.0175823450928	0.0172872765578	0.0828567879347	0.0	0.0	0.0189343033285	0.0
PD_157S_2_bbduk_polyg_filt	0.0624450556688	0.0175236437471	5.85422396895e-05	0.169206586783	1.95140798965e-05	0.214420709903	3.9028159793e-05	0.00120987295358	0.0	0.0358044337941	0.0169460269821	0.0324831373957	9.36675835032e-05	0.142597187436	0.0334276188627	0.0307971208927	0.0704731481382	0.0543860697758	0.0	0.0180745897741	5.7847536949e-05	0.0325283051147	0.0178255732962	0.100047450896	0.0131990490337	0.133061563408	3.52994683345e-05	5.25961125582e-05	0.0	0.0342368255855	1.20745713452e-05	0.0166514139715	0.000173558774611	0.0490116469319	0.0481978505376	0.0454209114827	0.0497002967125	0.0373641900503
PD_158P_1_bbduk_polyg_filt	0.0	0.1092475068	0.0	0.132348838831	0.0	0.0	0.0	0.110450519562	0.156740358463	0.0150533510008	0.0	0.0312748448288	1.7434967571e-05	0.0182369760792	0.0612455540833	0.0	0.064865053351	5.94100816532e-05	0.0347234994848	8.58327379581e-05	0.0361255639602	4.43731958829e-05	0.017572924525	0.0129635695171	7.49842454154e-05	0.0456037606534	0.0326722031593	0.0161104750514	0.0321486947749	0.0110337263176	0.0180170920648	0.0174257923818	0.0163481158458	0.079382137306	0.0	0.0	0.0190491692199	0.0
PD_158P_2_bbduk_polyg_filt	0.0606388172118	0.0176964920845	5.23049027129e-05	0.162999511821	1.7434967571e-05	0.201321570542	6.97398702838e-05	0.00102866308669	8.71748378548e-05	0.0340574656531	0.0159495083339	0.0321884371295	9.41488248832e-05	0.136219401632	0.032062905363	0.0291163958435	0.0672396959342	0.0523579567634	1.76514505044e-05	0.017227690811	7.62853149243e-05	0.0303114793866	0.0177583466964	0.0991824741265	0.012633294877	0.128181416094	8.30960076731e-06	7.69022475878e-05	1.31996397554e-05	0.0327532616809	3.74790468704e-05	0.0156633749355	0.000135451092774	0.0487871967001	0.0472726652357	0.0460358995679	0.0499426655888	0.0344742052441
PD_159S_1_bbduk_polyg_filt	0.0	0.109709194038	1.74086312342e-05	0.13570028047	0.0	0.0	0.0	0.115158095614	0.152551835505	0.0149644594089	0.0	0.031088333658	1.04451787405e-05	0.0178891094562	0.0617553784401	1.04451787405e-05	0.064109025383	6.28332781797e-05	0.0328682293434	0.000136249810729	0.034788432992	5.57942371025e-05	0.0168607271636	0.0140961952525	0.000107684737854	0.0461812470796	0.0325226172264	0.0158574821704	0.0322208502094	0.0115773072377	0.0172301275647	0.0168318245059	0.0163929718485	0.079805240625	0.0	0.0	0.0178695965451	0.0
PD_159S_2_bbduk_polyg_filt	0.0609998438446	0.0176871693339	5.22258937025e-05	0.165677943456	1.74086312342e-05	0.207127894424	1.74086312342e-05	0.00100970061158	5.22258937025e-05	0.0331181800599	0.0167540666998	0.0309281742506	9.40066086646e-05	0.13572813428	0.0323452368331	0.0290724141611	0.0670476023353	0.0515061688368	1.05971624685e-05	0.0171391674581	9.8501568601e-05	0.0306950129085	0.0171234028465	0.0977510300325	0.0128987638485	0.127117708565	1.26389366711e-05	9.55055313982e-05	8.95941100115e-06	0.0333872202606	5.74210786751e-05	0.0157676184058	0.000128443374197	0.0472883653166	0.0454627243683	0.0449697920682	0.0486038506735	0.0340746521004
PD_15P_1_bbduk_polyg_filt	5.495896077e-05	0.110247675305	0.0	0.140337706326	0.0	0.0	0.0	0.124152292379	0.156028489626	0.0159051232468	0.0	0.0311617307566	5.495896077e-06	0.0178946376267	0.0640381810892	1.0991792154e-05	0.0641041318422	6.62447355447e-05	0.0354482867844	0.000121208749055	0.0351180705624	4.89759016525e-05	0.0175606731068	0.0146310511452	8.17665945304e-05	0.0472730648408	0.0338346158664	0.0158993199983	0.0323581772406	0.0121402537422	0.0172331766378	0.0174146292806	0.0161861550251	0.0811315432455	0.0	0.0	0.0177255906145	0.0
PD_15P_2_bbduk_polyg_filt	0.0612792412586	0.0173945110837	0.00010991792154	0.166882884378	2.7479480385e-05	0.208294461318	0.0	0.00145641246041	5.495896077e-05	0.034832989336	0.0168778968525	0.0320685536093	0.000115413817617	0.141255520971	0.0331567410326	0.0300405679569	0.0680721688097	0.0533275155185	1.68967011725e-05	0.0177779768501	0.000154346281463	0.032068995728	0.0180556062024	0.0990190025806	0.013158530445	0.130829879274	5.16481591637e-05	9.23108237749e-05	8.02999298741e-06	0.0343179623823	7.02032427755e-05	0.0166357574722	0.000192492077507	0.0489079951434	0.046891816888	0.0443308947502	0.0492131775031	0.0351897545582
PD_160P_1_bbduk_polyg_filt	1.77965677895e-05	0.111050583007	0.0	0.137709841555	0.0	0.0	0.0	0.121123440376	0.152018282058	0.0151306419347	0.0	0.0309909431487	7.11862711581e-06	0.0179852114081	0.0636725602374	3.55931355791e-06	0.0646869646014	3.92680338535e-05	0.0333864358359	9.57452857231e-05	0.0353333482216	3.84910670317e-05	0.017260991968	0.014247904015	5.0313577274e-05	0.0479187522484	0.0332702311683	0.016625301499	0.0322645321578	0.0121311222615	0.017705771644	0.0171612063791	0.0169738853065	0.0820417893356	0.0	0.0	0.0177748115212	0.0
PD_160P_2_bbduk_polyg_filt	0.0634803573053	0.0176186021116	0.000177965677895	0.164440286375	5.33897033686e-05	0.218862190676	3.55931355791e-05	0.001352539152	3.55931355791e-05	0.0338312753679	0.0167394516628	0.0309731465809	0.000106779406737	0.142991862875	0.0322900925973	0.0296241667425	0.0675130595664	0.0520875557864	1.08563597931e-05	0.0173081706902	7.14360184992e-05	0.0317065234642	0.0174041249673	0.0983290326665	0.0135224610594	0.130467026215	3.5848944914e-05	4.64295814378e-05	4.8187977832e-06	0.0339323458021	4.68853782738e-05	0.0156043052246	7.36351957204e-05	0.0469822725015	0.047704581243	0.0454489588251	0.0482074940607	0.0364880999982
PD_161S_1_bbduk_polyg_filt	0.00147966204519	0.0932187088469	0.0	0.147966204519	0.0	0.0	0.0	0.131689922022	0.15684417679	0.01538848527	0.0	0.0278176464496	0.0	0.0165722149061	0.0538596984449	0.0	0.0633295355341	0.000296419255395	0.03704124124	0.00060317086926	0.038438306518	0.0	0.0150392430248	0.0130493040902	0.000323653923333	0.0421778256672	0.0336274615302	0.017882320575	0.0278195462245	0.00722624282344	0.0181897825393	0.0187159341352	0.0169506224426	0.0678267188825	0.0	0.0	0.0224933419708	0.0
PD_161S_2_bbduk_polyg_filt	0.0621458058979	0.0162762824971	0.0	0.137608570203	0.0	0.214550996552	0.0	0.00147966204519	0.0	0.0337362946303	0.0180518769513	0.0369915511297	0.00118372963615	0.141751623929	0.0304810381309	0.0334403622213	0.0642173327612	0.052179842571	0.0	0.0178133642501	0.000610950057888	0.028467020029	0.0178848217479	0.100083190168	0.015560922633	0.126416408388	0.0	0.000688809599251	0.000352630446818	0.03871915585	0.00111548629625	0.0156934194813	0.00039530535362	0.0494790504889	0.0459876803645	0.0438227612766	0.0630338760735	0.0273822562979
PD_162P_1_bbduk_polyg_filt	6.25923106181e-05	0.10598964598	2.08641035394e-05	0.133133844685	0.0	0.0	0.0	0.111956779592	0.151160430143	0.0153684986671	0.0	0.0310916870944	1.25184621236e-05	0.0178221172433	0.0612486623502	8.34564141575e-06	0.0625297183075	7.10819899813e-05	0.0340623305193	0.000102565614749	0.0357432454095	5.29629855376e-05	0.0177611237306	0.0133066104115	7.52418909228e-05	0.0442663790661	0.0322773615619	0.0159449941346	0.0322800482797	0.0103698090876	0.0173846185852	0.0170442282883	0.0160134350185	0.0762019587758	6.2299031113e-06	0.0	0.0178776147851	0.0
PD_162P_2_bbduk_polyg_filt	0.0600260258828	0.0170877007987	4.17282070787e-05	0.159401751041	4.17282070787e-05	0.18934173962	0.0	0.00108493338405	8.34564141575e-05	0.0340919451833	0.016240618195	0.0311417609429	0.000171085649023	0.136317706885	0.0319596338016	0.0286881423666	0.0676622877782	0.0527179824601	3.79881877841e-05	0.0170304436381	0.000121474890858	0.0305427310904	0.0177752153467	0.0985236483646	0.0120580432063	0.125535088618	5.43580504495e-05	0.00011672603962	0.0	0.0327975381707	9.95998465498e-05	0.0153728629979	0.000223988443139	0.048010696665	0.0471176179228	0.0449389643802	0.0497013217945	0.0337008163106
PD_163S_1_bbduk_polyg_filt	1.79848125452e-05	0.109347660275	1.79848125452e-05	0.140839067041	0.0	0.0	0.0	0.11242306322	0.159021712525	0.0156575778018	0.0	0.0315489581668	1.43878500362e-05	0.0178553218949	0.0637022060351	2.87757000723e-05	0.0651697667388	6.49787732397e-05	0.0350642198361	0.00012723801851	0.0367763320605	5.10364501935e-05	0.0176582498633	0.0134019556642	8.13177724785e-05	0.0458637352968	0.0328292150015	0.0154170769288	0.0324018779936	0.0110812527316	0.017909952323	0.0172965754506	0.0167189165383	0.0775810157978	0.0	0.0	0.0190225813547	0.0
PD_163S_2_bbduk_polyg_filt	0.060500909402	0.0176970555445	0.000107908875271	0.164561034789	3.59696250904e-05	0.202760776635	3.59696250904e-05	0.00125893687816	8.9924062726e-05	0.035430080714	0.0168050088422	0.0317575819923	0.000122296725307	0.139382297225	0.0328654464451	0.030441093714	0.069036501436	0.0533767220455	3.30176491441e-05	0.0178362776415	0.000114858053058	0.0313571842403	0.0174452653288	0.0993863225703	0.0121469592027	0.129358628483	4.10329526068e-05	9.8953197682e-05	2.43598594339e-05	0.0339255794184	7.81459773108e-05	0.0166454190885	0.000206634843784	0.049025634835	0.0456658321483	0.0446993221281	0.0484346191279	0.0342451065567
PD_164P_1_bbduk_polyg_filt	0.0	0.109194100298	5.36844150922e-05	0.136895258485	0.0	0.0	0.0	0.116360969712	0.152517423277	0.0153161636258	0.0	0.0313839090629	1.07368830184e-05	0.0179842790559	0.0628698185145	5.36844150922e-06	0.0652587749861	6.45762926115e-05	0.0338788595155	0.000154564172367	0.0344835661938	3.43727716777e-05	0.0176058112184	0.0133817205457	8.63950078496e-05	0.0467842364374	0.0331735566474	0.0160727679688	0.0323825994327	0.0118717012634	0.0169858005472	0.0172609750968	0.0163505506172	0.0808262034186	8.64956428685e-06	0.0	0.0179815098274	0.0
PD_164P_2_bbduk_polyg_filt	0.0604754936014	0.0176084881502	0.000161053245277	0.158127444654	0.0	0.209771851973	8.05266226383e-05	0.000858950641475	5.36844150922e-05	0.0336171807307	0.0165455367314	0.0318026475006	0.000182527011313	0.138795686779	0.0318241212667	0.0296123233649	0.0671645717218	0.0517312339339	2.17663869196e-05	0.0173171108567	0.00017972397879	0.031005380396	0.017430848747	0.0984631152834	0.0129475066854	0.128714542437	5.89488515879e-05	6.08854613231e-05	1.39950814286e-05	0.0326528849023	7.51635332994e-05	0.0163804292656	0.000259434476621	0.048325579907	0.0470445289932	0.0458194413968	0.048911015615	0.0333724295226
PD_165S_1_bbduk_polyg_filt	1.63756656299e-05	0.108439657801	4.91269968896e-05	0.137621093953	0.0	0.0	0.0	0.112156933899	0.158172554319	0.0160448771841	0.0	0.0311563414274	6.55026625195e-06	0.0182392163785	0.0637799424952	1.63756656299e-05	0.0657351969714	5.91180124603e-05	0.03595587846	0.000118496337007	0.0375891064737	3.89439863688e-05	0.0179536797245	0.013169526584	6.95243411091e-05	0.0463402887676	0.0338355914976	0.0157993007546	0.0318255824826	0.0105353648222	0.0181344773948	0.0170053368109	0.0167603980641	0.0772999608398	1.10470718493e-05	0.0	0.0190379383036	0.0
PD_165S_2_bbduk_polyg_filt	0.0612286137901	0.018095110521	9.82539937792e-05	0.165656233512	3.27513312597e-05	0.202894497154	3.27513312597e-05	0.000982539937792	4.91269968896e-05	0.0357448029369	0.0163363640324	0.0320275268389	0.000101529126905	0.142609121704	0.0324893206097	0.0303735846103	0.0693607693419	0.0532195670389	1.9966520139e-05	0.0182284943802	0.000120990633977	0.0320625684596	0.0182307928199	0.0982590989902	0.0123526150134	0.13022888556	1.23945738208e-05	6.42282703558e-05	4.44204100413e-06	0.0340840869919	5.74519926362e-05	0.01642942079	0.000124085047271	0.0493427085543	0.0475662269619	0.0461911441729	0.0499784085564	0.0345603739032
PD_166_1_bbduk_polyg_filt	2.31067218609e-05	0.109918675892	2.31067218609e-05	0.135451603549	2.31067218609e-05	0.0	0.0	0.109225474237	0.156363186833	0.0159621234615	0.0	0.0312449093003	9.24268874437e-06	0.0183097664026	0.064703442555	9.24268874437e-06	0.0645694235682	5.55821063043e-05	0.0360423842713	0.000109084231239	0.0377207458514	4.90375233658e-05	0.0172681462562	0.0136763311548	8.88875642899e-05	0.0451276376	0.0323745059095	0.0148807800376	0.0317783152169	0.00979481683663	0.0180323047846	0.0170031049619	0.0169543795455	0.0771070904441	0.0	0.0	0.0194442226966	0.0
PD_166_2_bbduk_polyg_filt	0.0606320381631	0.0168679069585	0.000115533609305	0.154376008753	2.31067218609e-05	0.203154298601	4.62134437218e-05	0.00113222937119	6.93201655828e-05	0.0356167010764	0.0161192491702	0.0311709677904	0.00010629092056	0.139157921735	0.0324048667378	0.0296736522138	0.0704015601659	0.0539842882793	9.36054030536e-06	0.017890107501	8.67161755006e-05	0.0323998527271	0.0178337905722	0.0969485475318	0.0120159828258	0.129237239892	3.29860071708e-05	5.64972134444e-05	0.0	0.0332810462288	7.40331182219e-05	0.0175457318287	0.000131747341273	0.048420047047	0.0464373358417	0.0447616570845	0.0476479661135	0.0345730327624
PD_167P_1_bbduk_polyg_filt	2.08004080208e-05	0.107142901715	4.16008160416e-05	0.132602601133	0.0	0.0	0.0	0.107704512732	0.154339027514	0.0159455927887	0.0	0.0318953456591	0.0	0.0186746063211	0.0626217083874	1.66403264166e-05	0.0637782110734	6.24886478956e-05	0.0349652929948	0.000114177389545	0.0370828763837	4.75499910347e-05	0.0177198686338	0.0129027048907	7.68125086188e-05	0.0452912353301	0.032504078227	0.0159648883284	0.0323412929608	0.0100786840871	0.0174630468088	0.0171144117535	0.0166803098776	0.0769101691525	0.0	5.80576836761e-06	0.0187346437162	0.0
PD_167P_2_bbduk_polyg_filt	0.0590523583711	0.016952332537	8.32016320832e-05	0.164489626629	6.24012240624e-05	0.190448535838	4.16008160416e-05	0.000852816728853	0.000145602856146	0.0352483714321	0.0158124701774	0.0316540609261	0.00014976293775	0.138530717419	0.0317747032926	0.0290914506579	0.0679466128408	0.0533737860973	2.51581018984e-05	0.0172875021128	8.9718062271e-05	0.0311717289062	0.0175669679321	0.0990986636842	0.0118340195393	0.129745621355	5.61886876064e-05	9.07673548616e-05	9.75940004674e-06	0.0341595612767	5.61870928032e-05	0.0163405562501	0.000139731224839	0.0488180941589	0.046289937817	0.0440502391465	0.0506626048429	0.0357432067939
PD_169P_1_bbduk_polyg_filt	0.0	0.109257134815	3.70363168864e-05	0.142089829735	0.0	0.0	0.0	0.116701434509	0.154200705357	0.0157811746253	0.0	0.0311364316064	1.11108950659e-05	0.0177700248421	0.063639503306	2.22217901319e-05	0.0658283496339	7.05820931224e-05	0.0342003332555	0.000107448210155	0.0356210806952	4.02580768169e-05	0.0179839744923	0.0135169943889	9.75033643093e-05	0.0467689675551	0.0337350441504	0.0162882022244	0.0322836642006	0.011909548124	0.0176653265483	0.0176067639537	0.0172261550934	0.0801678521281	6.79004679632e-06	0.0	0.0183294302621	0.0
PD_169P_2_bbduk_polyg_filt	0.0597210609794	0.0170737420846	0.000148145267546	0.164459765134	5.55544753296e-05	0.211681069164	7.40726337729e-05	0.00118516214037	9.25907922161e-05	0.0336104575744	0.0169181895537	0.0311845788184	0.000133330740791	0.140415788212	0.0324808499094	0.0300142312048	0.0684838535547	0.0529109944054	3.01397936374e-05	0.0172691031683	0.000113798079983	0.0320914041779	0.0173674631479	0.0978278652491	0.0126498574852	0.130025290745	2.869275932e-05	6.47801071652e-05	5.2033646621e-06	0.0342474712373	5.68994121949e-05	0.0157668598251	0.000212620835078	0.0465029454779	0.0472521254622	0.0456068082268	0.0497955734798	0.0356748445694
PD_16P_1_bbduk_polyg_filt	0.0	0.107877996977	7.25799486279e-05	0.145256670521	0.0	0.0	0.0	0.122756886446	0.158829120914	0.0159095247392	0.0	0.0314996977045	4.83866324186e-06	0.0179224086479	0.0657284014774	1.45159897256e-05	0.0668558100128	9.24177824655e-05	0.034572776067	0.000133085378211	0.0365065983802	5.46051528699e-05	0.0175520635253	0.0138179437652	0.000122574428265	0.0478356142284	0.0332065225304	0.0162022703169	0.032103079163	0.0117347587707	0.0177966257856	0.0173647089757	0.0174124663048	0.0819272761761	1.9578517589e-05	0.0	0.0193980854057	0.0
PD_16P_2_bbduk_polyg_filt	0.0614752164878	0.0171772545086	2.41933162093e-05	0.167538714749	4.83866324186e-05	0.216844693184	9.67732648372e-05	0.000967732648372	4.83866324186e-05	0.0351867590948	0.016785322786	0.0319932413552	0.000111289254563	0.141564770467	0.0336383868574	0.0299222934877	0.0698170719168	0.0547652131794	0.0	0.0184022025312	6.86442222237e-05	0.0326391716367	0.0178531125398	0.101510014433	0.0134718568742	0.132164892387	2.00376226403e-05	3.49514210199e-05	0.0	0.0349303200869	4.84966836351e-05	0.0170347942689	7.16645140438e-05	0.0488258135845	0.0478626585567	0.0466962385314	0.0495221692378	0.0354390764611
PD_170S_1_bbduk_polyg_filt	4.4534681606e-05	0.111247634652	4.4534681606e-05	0.137612166162	4.4534681606e-05	0.0	0.0	0.119620154794	0.154824820603	0.0150349085102	0.0	0.0311787305923	8.90693632119e-06	0.0170656899914	0.0636534204194	8.90693632119e-06	0.0644327773475	6.25316035841e-05	0.0341786802909	0.000128975960355	0.035336765582	3.36801036808e-05	0.018004656632	0.0141700081352	7.31518804422e-05	0.045603202569	0.0330788811149	0.0157395151079	0.0312675839245	0.0116628916377	0.0183144764306	0.0167967614412	0.0163686926476	0.0807060702186	0.0	0.0	0.0178201052811	0.0
PD_170S_2_bbduk_polyg_filt	0.0619254747731	0.0182814867993	6.6802022409e-05	0.164511113852	0.0	0.20742027958	0.0	0.00106883235854	4.4534681606e-05	0.0336236846125	0.0168341096471	0.0316374378129	0.000133604044818	0.13953161094	0.0328265138118	0.0292592858151	0.0687882692086	0.0534201825201	3.16937162725e-05	0.0177992302109	0.000136349804766	0.0319156921466	0.0173985706519	0.0980744430178	0.0137689275071	0.127840684837	3.33814694122e-05	5.75104673364e-05	5.951622829e-06	0.0331172594494	8.30803536564e-05	0.0153857591138	0.000158405105768	0.0486563280757	0.0478436332759	0.0449669590605	0.0478016973639	0.0336343646639
PD_171P_1_bbduk_polyg_filt	0.0	0.111088316026	1.81073049757e-05	0.142504490159	0.0	0.0	0.0	0.117063726668	0.158982137687	0.0160865297404	0.0	0.0321549521759	3.62146099514e-06	0.0174952780675	0.0645634066214	3.62146099514e-06	0.0662220357572	7.25852800826e-05	0.035386278767	0.000133648739408	0.0365620474264	4.98364750247e-05	0.0176919174506	0.013849296433	9.7958244074e-05	0.0464940477584	0.0334322531679	0.0153996613309	0.0324931140466	0.0114233728383	0.0183442735832	0.0173727968061	0.0174643446204	0.0813573701584	5.49101990368e-06	0.0	0.0190101915915	0.0
PD_171P_2_bbduk_polyg_filt	0.0600076086896	0.0175821931314	3.62146099514e-05	0.162150916058	1.81073049757e-05	0.212615975025	5.43219149272e-05	0.00106833099357	1.81073049757e-05	0.0352730300927	0.0166659634997	0.0317421056224	0.000123129673835	0.140860346867	0.0319666362041	0.0303478431393	0.06936184244	0.0526100382174	2.56585354768e-05	0.0170034412292	8.29177864494e-05	0.0320688334796	0.0177862760125	0.0990154911462	0.012584071537	0.130318081152	2.57380095407e-05	6.61340640648e-05	0.0	0.0338323400775	3.86319480705e-05	0.0164952332321	0.000103378422349	0.0484001269397	0.0483101527186	0.0452593970302	0.0505342167348	0.0347848792735
PD_172S_1_bbduk_polyg_filt	0.0	0.111167367425	0.0	0.144462544302	0.0	0.0	0.0	0.120217296126	0.161125419782	0.0162715272122	0.0	0.0322617728566	6.11481669003e-06	0.018246613003	0.0649271236147	6.11481669003e-06	0.0650616495819	9.80321095597e-05	0.0349453083049	0.000137628347035	0.0369185245152	7.09350889123e-05	0.0182628495734	0.0145268406698	0.000116803206179	0.0478749938235	0.034354649717	0.0169712118626	0.0328999283166	0.0116451048399	0.0177432582045	0.0178549716143	0.0169382103417	0.082570837196	0.0	0.0	0.0184899234141	0.0
PD_172S_2_bbduk_polyg_filt	0.0610870187334	0.0164182828127	0.000122296333801	0.16678162522	0.0	0.212245287311	6.11481669003e-05	0.0010395188373	3.05740834501e-05	0.035349755285	0.0162776420288	0.0322678876733	0.000146755600561	0.14745880448	0.0327631878252	0.0309409724515	0.0686449321622	0.0536728595098	3.09145825755e-05	0.0172477582606	0.000133238568987	0.032818332505	0.0177249215682	0.0996328187069	0.0131239384898	0.131748943612	1.44966141346e-05	6.72618744674e-05	0.0	0.0348183069478	7.46276082349e-05	0.0161158382321	0.000179452556647	0.0493718328288	0.0486734790911	0.0458278526904	0.0510338995933	0.0357740165222
PD_173P_1_bbduk_polyg_filt	0.0	0.108402942495	0.0	0.137631251114	0.0	0.0	0.0	0.116830610281	0.155478077013	0.015235901369	0.0	0.0315583108888	1.23936290963e-05	0.0180451239642	0.0621416562887	2.06560484938e-05	0.0637486968615	5.38135355199e-05	0.0340861449389	0.000126870493983	0.035904165102	3.9271369483e-05	0.0173920839203	0.0140019192255	7.89456281954e-05	0.0459384956888	0.0326333875076	0.0158347912469	0.0326021637172	0.0116591836309	0.0178115241602	0.0175495179655	0.0167914289149	0.0809779152394	0.0	6.45195964402e-06	0.0179452651301	0.0
PD_173P_2_bbduk_polyg_filt	0.0591795789347	0.0167520553285	0.000144592339457	0.165620196823	2.06560484938e-05	0.201995498221	4.13120969876e-05	0.00105345847318	0.000185904436444	0.0342766468706	0.016772711377	0.0318144458901	0.000169379597649	0.136920683046	0.0323969464577	0.0297942843474	0.0688796593074	0.0529733853135	2.08914472462e-05	0.0173984467171	0.000120155506974	0.0312172524847	0.0175393267371	0.0966228013103	0.0128686208549	0.128740876177	2.43980548504e-05	8.52181072236e-05	5.15721485849e-06	0.0338110366235	8.76658576386e-05	0.0157791641458	0.000175597692108	0.0478080842277	0.0477829357644	0.0447085770477	0.0492817612205	0.0338483304372
PD_174S_1_bbduk_polyg_filt	4.19831055785e-05	0.108190463076	0.0	0.131134230274	0.0	0.0	0.0	0.106595105064	0.152671563436	0.015382609884	0.0	0.0307652197679	1.67932422314e-05	0.0178806046659	0.0605816213498	8.3966211157e-06	0.0625968104175	5.04404862581e-05	0.0338901170551	0.000132065768923	0.0361413480293	2.61054391727e-05	0.0171529323888	0.0128807447943	9.09396135503e-05	0.0448995565556	0.032073493905	0.0152677982869	0.0323764834215	0.0108332058765	0.0183474125917	0.0170180972937	0.0158546579471	0.0766111659745	5.63431419043e-06	0.0	0.0183046059854	0.0
PD_174S_2_bbduk_polyg_filt	0.0631006076845	0.01723406484	0.000188923975103	0.1569118571	6.29746583677e-05	0.19356310827	4.19831055785e-05	0.000671729689256	8.3966211157e-05	0.0338719695807	0.0157268713497	0.0300347137308	0.000226708770124	0.132431508237	0.0305007262028	0.0289431529858	0.0683610908134	0.0533240679648	2.95911805093e-05	0.0175564617471	0.000159158651236	0.0296868087364	0.0172944299327	0.0943507784588	0.0115996831572	0.124696527834	3.29790301894e-05	0.00012971895955	2.94299911033e-05	0.032350653207	0.000107720149208	0.0157107837033	0.000269483756435	0.0467171484222	0.0458286118241	0.0447429403642	0.046365673215	0.0316797175944
PD_175P_1_bbduk_polyg_filt	0.0	0.109398886862	0.0	0.13880212666	0.0	0.0	0.0	0.119548759675	0.149998378113	0.0151306351414	0.0	0.0307059812049	2.09275728096e-05	0.0176419438785	0.0623327756135	1.04637864048e-05	0.0644150691081	6.82535118138e-05	0.0335700681953	0.000130624159243	0.0357923723753	3.43047269455e-05	0.0167467896004	0.0140987671135	0.000106614281008	0.0456971492833	0.0323111908147	0.0156046069214	0.0306195204452	0.0114867728036	0.0169621357476	0.0173162244992	0.0159679049383	0.0797604335264	0.0	0.0	0.0187709842962	0.0
PD_175P_2_bbduk_polyg_filt	0.0605068448859	0.0175268422281	0.00013079733006	0.160802237576	2.61594660121e-05	0.212153269358	5.23189320241e-05	0.00088942184441	0.00013079733006	0.034247972903	0.0162450283935	0.0321604475152	0.000120333543655	0.137352892243	0.0321499837288	0.0296386749917	0.066764189156	0.0518361157597	3.7342112215e-05	0.0175966502683	0.000178272940775	0.0313388803323	0.0173420432328	0.098016835783	0.0128947609389	0.126680866522	1.34582247619e-05	9.08111609152e-05	2.9038867217e-05	0.0334278189088	9.43719554231e-05	0.0159654595315	0.00018798250088	0.0475265879916	0.0467612662588	0.0457710154924	0.0491819186533	0.0345922819625
PD_176S_1_bbduk_polyg_filt	1.95810324804e-05	0.110985292099	0.0	0.138281251377	0.0	0.0	0.0	0.108459338909	0.165577210655	0.0166242965759	3.91620649609e-06	0.0321598877459	3.91620649609e-06	0.0189231097891	0.0649072064661	2.74134454726e-05	0.0670376228	5.10014607603e-05	0.0372418041031	0.000115983293766	0.0382434205674	2.46819291215e-05	0.0190079959494	0.0129460688844	7.82669233416e-05	0.0471982740439	0.034275240485	0.0165858956481	0.0335604314648	0.0109918876835	0.0188319434249	0.0182584279856	0.0167443604636	0.0790506094013	1.12929884545e-05	5.8506116522e-06	0.0198849088153	0.0
PD_176S_2_bbduk_polyg_filt	0.0633250590417	0.0177599964597	9.79051624021e-05	0.173076746095	1.95810324804e-05	0.204328073933	0.000117486194883	0.000939889559061	7.83241299217e-05	0.0371178051699	0.0166556262279	0.0321559715394	0.000117486194883	0.143391900854	0.0331976824673	0.0301665386393	0.0704603872776	0.0556780072421	1.58241625388e-05	0.018673565714	0.000105366750047	0.0321282827618	0.0190126618053	0.102045734438	0.0119273268799	0.13365931607	2.72358363324e-05	7.43785889703e-05	2.3833152678e-05	0.0350818015797	8.0525241996e-05	0.0166781751432	0.000171147046761	0.0509896840538	0.0489398816978	0.0460296105267	0.0515425514931	0.035344178555
PD_177P_1_bbduk_polyg_filt	5.3186793081e-05	0.109883914505	0.0	0.135493355374	0.0	0.0	0.0	0.113181495676	0.155518182969	0.0150784558385	0.0	0.0310291750835	1.06373586162e-05	0.0182483887061	0.0627923279115	5.3186793081e-06	0.0632656903699	5.32847603667e-05	0.0351925863101	0.000119543465678	0.0377655462245	3.35505432784e-05	0.0178585164016	0.0123924892121	7.69670027658e-05	0.0447601096063	0.0324030829431	0.015757871591	0.0320625547626	0.0101570209652	0.0182981794763	0.0176885885532	0.0170152415716	0.0768854023416	0.0	0.0	0.0187539404558	0.0
PD_177P_2_bbduk_polyg_filt	0.0637975583007	0.0181101030441	5.3186793081e-05	0.161023016053	0.0	0.199743001416	5.3186793081e-05	0.00117010944778	2.65933965405e-05	0.0352787998507	0.0162751586828	0.0311674607455	0.000101054906854	0.136594321991	0.0324652184967	0.0292740109118	0.0688183915676	0.0530505081227	5.37379066871e-06	0.0173666997119	6.60826575097e-05	0.0313144409956	0.0172729327625	0.096811641336	0.0128242982915	0.125838583318	3.10028703077e-05	0.000108108864355	6.53031115757e-06	0.0330302162029	4.14627706128e-05	0.015809361321	0.000117558215931	0.0489931409603	0.0461861838306	0.044538950146	0.048597831282	0.0350234809692
PD_178S_1_bbduk_polyg_filt	1.66404385621e-05	0.107646997058	0.0	0.134521305336	0.0	0.0	0.0	0.112506005118	0.153957337576	0.0156120594589	0.0	0.0309878246903	1.66404385621e-05	0.017382602122	0.0627377814668	1.33123508497e-05	0.0646081667612	5.00193758389e-05	0.0342334006537	0.000112401158509	0.0363958679713	4.57395765838e-05	0.0176871110213	0.0140661395608	6.39381043044e-05	0.0459663690788	0.032445094299	0.0158830601215	0.0322433873431	0.0114853503398	0.0180178068403	0.0168714052802	0.0162396469827	0.0815894019692	0.0	0.0	0.0186335623281	0.0
PD_178S_2_bbduk_polyg_filt	0.060304949349	0.0174225391745	0.000116483069935	0.164457454309	4.99213156863e-05	0.206374719047	4.99213156863e-05	0.0010982689451	8.32021928104e-05	0.0342526787362	0.0162676927383	0.0312773683213	0.000116483069935	0.137499943839	0.031883080285	0.0292505629044	0.0677998028774	0.0519502848546	3.02864268148e-05	0.0170444721752	9.3351673595e-05	0.0312938034962	0.0179641221586	0.0982575663135	0.0128784492542	0.128107459083	3.57254768617e-05	8.58590932078e-05	4.21782412829e-06	0.0335605255713	7.21297921512e-05	0.0155460595457	0.000218103639263	0.0479764192613	0.0477618866762	0.045206803052	0.0503720660129	0.0344652839409
PD_179P_1_bbduk_polyg_filt	1.81118931022e-05	0.10970373652	0.0	0.138592206018	1.81118931022e-05	0.0	0.0	0.113996255185	0.155400042817	0.0157356127272	0.0	0.0313806659888	3.62237862043e-06	0.0179235294139	0.0628374019286	1.44895144817e-05	0.0649347591499	6.17105541237e-05	0.0343602417328	0.000137326781287	0.0354658707286	5.74516845696e-05	0.0174431338621	0.0137966288538	8.94951270717e-05	0.045672653453	0.0321255151638	0.0154815124283	0.0319695017867	0.0113738525369	0.0179688578063	0.0169099750927	0.0166194741381	0.07939472568	0.0	0.0	0.018006072076	0.0
PD_179P_2_bbduk_polyg_filt	0.0602220445647	0.0177134314539	0.000163007037919	0.162807807095	0.0	0.203613902254	3.62237862043e-05	0.000959930334414	3.62237862043e-05	0.0342640793707	0.016815081556	0.0304895608482	0.000137650387576	0.139193520869	0.0316450996281	0.0300150292489	0.0674450675338	0.0529442175948	2.19931013506e-05	0.0175781242026	0.000128065492391	0.0313042716216	0.0177050211604	0.0989119801603	0.0127372127903	0.128468516742	3.83782821906e-05	3.06145191194e-05	8.9793254623e-06	0.0331360804823	4.74386699829e-05	0.0154405821876	0.000140939900005	0.0474511752719	0.0464012361782	0.0447370102895	0.0491520950995	0.035119368026
PD_180S_1_bbduk_polyg_filt	0.0	0.108706908766	2.11780457365e-05	0.13556067076	0.0	0.0	0.0	0.111396520574	0.15413381687	0.0155065650883	0.0	0.0304667365966	8.47121829461e-06	0.0173702331131	0.0613824477628	1.69424365892e-05	0.0632122309144	5.09279107784e-05	0.0345929042189	0.000112669987051	0.034790166425	4.01996223915e-05	0.0166988581775	0.0133335765214	7.11471775654e-05	0.0455266895605	0.0325092237643	0.0161817374148	0.0320707443013	0.0105894879845	0.0175635887698	0.0166699642538	0.0166207818679	0.0784328744506	0.0	0.0	0.0181123057573	0.0
PD_180S_2_bbduk_polyg_filt	0.0605692108065	0.0170483268179	6.35341372096e-05	0.162202652296	6.35341372096e-05	0.199179520152	4.23560914731e-05	0.000931834012407	8.47121829461e-05	0.0347658798811	0.0166501795581	0.0313562145175	0.000135539492714	0.135492901013	0.0314748115736	0.0293315933451	0.0669268601366	0.0520866246445	2.99805178029e-05	0.0172214704501	0.000149430653826	0.0308428757156	0.0176228174818	0.0953895868433	0.0125460724271	0.127359065938	3.98228440958e-05	9.70842929775e-05	2.62629663548e-05	0.033489161999	8.35612000837e-05	0.0154007081451	0.00024349179106	0.0475723853705	0.0461092910976	0.0439257860771	0.0468817139444	0.0344011335993
PD_181P_1_bbduk_polyg_filt	3.97229404351e-05	0.108820995322	1.98614702175e-05	0.142009512055	0.0	0.0	0.0	0.121949427136	0.1616525061	0.0159050653502	0.0	0.032326528926	3.97229404351e-06	0.0180064088992	0.064371024975	3.97229404351e-05	0.0664644239359	7.96578726234e-05	0.0349258828977	0.000131102767239	0.0369922715751	5.96993846017e-05	0.0178336647452	0.0142097759312	0.000124574957167	0.0467624958698	0.0336253022449	0.0161920648933	0.032655604217	0.0117320777248	0.0181437414159	0.0171833954977	0.0172526731123	0.0823119234593	0.0	6.78720056144e-06	0.0177548729699	0.0
PD_181P_2_bbduk_polyg_filt	0.0604384538719	0.0176171240829	3.97229404351e-05	0.168504713325	3.97229404351e-05	0.209617956676	1.98614702175e-05	0.0011321038024	1.98614702175e-05	0.0348846862901	0.0170570306228	0.032688007684	0.000103279645131	0.141250803893	0.0323344735141	0.0308408909538	0.0693761154698	0.0542234637601	2.01607318378e-05	0.0179534692129	0.000129421800175	0.0318423247567	0.0180921778777	0.0994021922473	0.0133533439699	0.131609307352	1.96306088698e-05	7.61428199707e-05	0.0	0.0346808713758	5.6562445647e-05	0.0156996111323	0.000103686696375	0.0496147258261	0.0468343533205	0.0465168352808	0.0498792563082	0.0361240484124
PD_182S_1_bbduk_polyg_filt	0.0	0.0999967742976	0.0	0.140318054256	0.0	0.0	0.0	0.108061030289	0.17580078062	0.0164510822232	0.0	0.0306441727686	0.0	0.0209670655785	0.0638689074546	0.0	0.066449469372	0.0	0.034219788815	0.0	0.0396221577761	0.0	0.0205262239616	0.0128630777521	0.0	0.0494192338215	0.0376311556454	0.014337837175	0.028644089447	0.00795102170629	0.0200573065903	0.0139198218263	0.0161289619487	0.0934587797592	0.0	0.0	0.019113438256	0.0
PD_182S_2_bbduk_polyg_filt	0.0661268991323	0.0177413631818	0.0	0.169349375827	0.0	0.22418631657	0.0	0.00161285119835	0.00161285119835	0.038063288281	0.0148382310248	0.0299990322893	0.00032257023967	0.144511467372	0.037095577562	0.0299990322893	0.0658043288926	0.0465463572627	0.0	0.0154894161149	0.000333421134232	0.0351226760777	0.0181569652517	0.0929542748522	0.0123960941678	0.132904283635	0.0	0.00037771910541	0.000387541321593	0.0354299363057	0.000820008200082	0.0109878035381	0.00218424547424	0.0470799237754	0.0452343090576	0.0503948411339	0.0451268166108	0.0211592631287
PD_183P_1_bbduk_polyg_filt	1.43681340076e-05	0.107042598356	0.0	0.137890982071	1.43681340076e-05	0.0	0.0	0.115649110627	0.155448841828	0.0156037935322	0.0	0.0311299991408	8.62088040454e-06	0.0173365904935	0.0620933279271	1.14945072061e-05	0.0638979655584	7.48177690935e-05	0.0344634524472	0.000125666841597	0.0348512060093	4.4932041635e-05	0.0178449408817	0.0139747814803	0.000104190109441	0.0470208898437	0.0322735962049	0.0157595470059	0.0320645614541	0.011865463645	0.0182146123343	0.0170876862817	0.0165014706819	0.0810243080471	0.0	4.24161314316e-06	0.0177372409777	0.0
PD_183P_2_bbduk_polyg_filt	0.0610502013981	0.0164084090366	0.000158049474083	0.16431398051	1.43681340076e-05	0.205837887792	2.87362680151e-05	0.00122129139064	0.000172417608091	0.0345122578862	0.0163394419934	0.0318972574968	0.000112071445259	0.135810476266	0.0322823234882	0.0296242186968	0.0671078066957	0.0515696826092	2.60693162844e-05	0.017105513841	0.000106399492025	0.030829971777	0.0173128450265	0.0972997967112	0.0130020794171	0.129729878229	3.62747470446e-05	0.000118217650719	1.03929476506e-05	0.0328866915248	9.14801365337e-05	0.0158753443693	0.000159279422998	0.0489715848001	0.0470977874371	0.0458484486773	0.0487613747545	0.0357429038993
PD_184S_1_bbduk_polyg_filt	1.30254821415e-05	0.107968221471	1.30254821415e-05	0.136220492236	0.0	0.0	0.0	0.112253605095	0.155537282251	0.0152398141055	0.0	0.0310683800039	5.21019285659e-06	0.0176156620481	0.0619726389327	1.30254821415e-05	0.0636372955504	7.83055391302e-05	0.034491515606	0.000146517675773	0.036090126801	6.30926422184e-05	0.0175512977645	0.0135557547224	0.00010172564773	0.0458334147116	0.0324142326986	0.0152725797734	0.0320093130146	0.0112185697011	0.0174365611367	0.0177419374695	0.0164659132872	0.0803990833238	0.0	0.0	0.0182838705173	0.0
PD_184S_2_bbduk_polyg_filt	0.0590835869937	0.0174150696232	0.000104203857132	0.164980756804	2.6050964283e-05	0.201439081318	1.30254821415e-05	0.000911783749903	3.90764464244e-05	0.0347389608713	0.0163209291233	0.0316519216038	0.000112019146417	0.136676384111	0.0318212528716	0.0300237363361	0.0663882773787	0.0521334137204	1.58014262157e-05	0.0173293530256	6.48147420483e-05	0.0310425277418	0.0172503827874	0.096826209335	0.0125563053653	0.127968741927	2.43634122092e-05	5.93680650679e-05	1.6056783466e-05	0.0332838752599	6.13275095822e-05	0.0159489851974	0.000127258775083	0.0479207939968	0.0465854828971	0.0446476105082	0.0483256745218	0.0348926516781
PD_188S_1_bbduk_polyg_filt	0.0	0.112336735426	0.0	0.149235110079	2.5255561022e-05	0.0	0.0	0.0940264536848	0.170399270215	0.0168707147627	0.0	0.0340495473698	1.01022244088e-05	0.0188962107566	0.067982919159	1.01022244088e-05	0.0659170142674	9.11641479363e-05	0.0368164607889	0.000161643364472	0.0388327087864	5.99717511244e-05	0.0184812285523	0.0140790927264	9.5509450093e-05	0.0494228158642	0.0348100737693	0.0164899786897	0.0344499718459	0.0112547671978	0.0125247499224	0.0177947919702	0.0178935727826	0.079162989376	0.0	0.0	0.0209833111047	0.0
PD_188S_2_bbduk_polyg_filt	0.063164158116	0.0177041482764	0.000151533366132	0.170601314703	0.0	0.160271790245	2.5255561022e-05	0.00116175580701	7.57666830659e-05	0.0363730589839	0.017421285993	0.0345091985804	0.000101022244088	0.151326270532	0.0354032454406	0.0316957290826	0.0727057090701	0.0567296934692	1.02568605063e-05	0.0189857312401	6.91943762643e-05	0.0347849412827	0.0185379819882	0.0946812567163	0.0123631140314	0.134249981519	5.11563803868e-05	3.98012168028e-05	6.88490531327e-06	0.0366102025338	5.93625368818e-05	0.0168553239538	0.00013635968412	0.0489842978754	0.0493612625146	0.0477507956296	0.0477833007596	0.0380737489
PD_189P_1_bbduk_polyg_filt	4.32138951687e-05	0.108920622773	0.0	0.13765786306	0.0	0.0	0.0	0.112420948281	0.152177731837	0.0152717905526	0.0	0.0315288579151	8.64277903374e-06	0.0181195862442	0.0628459677439	1.29641685506e-05	0.0642028840521	5.63363093928e-05	0.0346111311663	8.48147380517e-05	0.0357856661263	2.79427447571e-05	0.0178659267502	0.0133902530346	7.07587138472e-05	0.0463761370586	0.0328648813491	0.0157599813865	0.0318397872196	0.0115803861141	0.0173304452566	0.0174647845586	0.016742377932	0.0788934151752	0.0	0.0	0.0182074422648	0.0
PD_189P_2_bbduk_polyg_filt	0.0606507018693	0.016896633011	4.32138951687e-05	0.164969044807	0.0	0.207145806491	6.48208427531e-05	0.00127480990748	2.16069475844e-05	0.0349902909181	0.0164688154488	0.0308849708771	9.07491798543e-05	0.13801653839	0.032012853541	0.0290008450477	0.0674309620213	0.0511275713944	1.7560438089e-05	0.0172980792972	6.83035039789e-05	0.0315950321655	0.017804587394	0.097840028706	0.013126406843	0.127040902082	2.69222862362e-05	3.89845222536e-05	5.76733564492e-06	0.0343844660417	8.06404939466e-05	0.0151723667842	0.000133950855708	0.0475405513602	0.0466307059332	0.0451782127957	0.048449022354	0.0332232524177
PD_190S_1_bbduk_polyg_filt	0.0	0.106781708698	0.0	0.137222819418	0.0	0.0	0.0	0.114564947234	0.152746056276	0.0153243318738	0.0	0.0319934344059	2.16201070455e-05	0.0177501078843	0.0636625672061	1.29720642273e-05	0.0636798632917	3.89851405538e-05	0.0350940017905	7.50295351558e-05	0.035728727014	2.72131317512e-05	0.017160776698	0.0132740896672	6.70408150707e-05	0.0469300507618	0.0325384052085	0.0154960233094	0.0331582983134	0.0109525516973	0.0181778509012	0.0173786109979	0.0168366252839	0.0779165552103	0.0	0.0	0.0182847295459	0.0
PD_190S_2_bbduk_polyg_filt	0.0620929474346	0.0176852475632	0.0002378211775	0.164161472796	0.0	0.200634593382	4.32402140909e-05	0.000972904817046	2.16201070455e-05	0.0347781041933	0.0165480299326	0.0309772893748	0.000129720642273	0.140318818747	0.0325598812105	0.0295719824168	0.0680557729577	0.0523658931309	2.18356992896e-05	0.0169127474361	0.000111752231178	0.032139593421	0.0177007594174	0.0959875224673	0.0127669243756	0.129357063183	5.9944060203e-05	8.6916104639e-05	1.57180574493e-05	0.0326012579163	5.51879638583e-05	0.0164775605584	0.000216098408645	0.0475394785273	0.0464140803682	0.043506101831	0.0483502542753	0.0331561631674
PD_192S_1_bbduk_polyg_filt	0.0	0.151745068285	0.0	0.0505816894284	0.0	0.0	0.0	0.151745068285	0.303490136571	0.0	0.0	0.0505816894284	0.0	0.0505816894284	0.0910470409712	0.0	0.0910470409712	0.0	0.0519318653926	0.0	0.0431778929188	0.0	0.0679655641142	0.0116563702063	0.0	0.025025025025	0.0129232359783	0.0401284109149	0.0280426247897	0.0	0.0613402852323	0.0161030595813	0.0340715502555	0.124732715609	0.0	0.0	0.0204081632653	0.0
PD_192S_2_bbduk_polyg_filt	0.0505816894284	0.0505816894284	0.0	0.101163378857	0.0	0.354071825999	0.0	0.0	0.0	0.0404653515427	0.0303490136571	0.0202326757714	0.0	0.131512392514	0.0404653515427	0.0505816894284	0.0809307030855	0.0203520911774	0.0	0.0	0.0	0.0220970058557	0.0113365831538	0.163379624227	0.0241808729295	0.0876863334586	0.0	0.0	0.0	0.0293556436225	0.0	0.0161160354553	0.0	0.0535045478866	0.112654900488	0.0786782061369	0.0619578686493	0.0
PD_193P_1_bbduk_polyg_filt	0.0	0.109221386094	0.0	0.141188145345	0.0	0.0	0.0	0.12037757053	0.157961429638	0.0155796505735	0.0	0.0317639195343	1.17022913672e-05	0.018399902793	0.0640271368335	7.80152757811e-06	0.0659580149091	4.69253365886e-05	0.0352987856474	0.000120495975896	0.0363190182041	5.01517487434e-05	0.0173293954622	0.0141337070669	7.69174490717e-05	0.0473055743228	0.0338131090281	0.0160443610129	0.0328095426449	0.012110992589	0.0181097177724	0.0175891361367	0.0167487471295	0.0818613650512	0.0	0.0	0.0185529326114	0.0
PD_193P_2_bbduk_polyg_filt	0.0621391671596	0.0186066432738	9.75190947263e-05	0.168805552971	3.90076378905e-05	0.213781359459	5.85114568358e-05	0.00107271004199	5.85114568358e-05	0.0350132557705	0.0166835667258	0.032009667653	0.000140427496406	0.143645626532	0.0325479730559	0.03058588887	0.0683998930411	0.0541403420903	1.58238983669e-05	0.0178378078543	8.18299266444e-05	0.031856070412	0.0178824591143	0.100660540835	0.0129409879186	0.131240349134	1.44591539024e-05	6.98064337399e-05	0.0	0.0351199193447	7.22439797008e-05	0.0164244128316	0.000192050997222	0.0495302127818	0.0481628144327	0.046531279643	0.049306388964	0.0359215451846
PD_194S_1_bbduk_polyg_filt	2.69888268956e-05	0.113056195865	0.000107955307582	0.144444201545	0.0	0.0	0.0	0.116807642804	0.163309391545	0.0171217117825	0.0	0.0339087621116	2.15910615164e-05	0.0192484313419	0.0654640985179	1.61932961373e-05	0.0686379845608	8.65837364032e-05	0.0364223337393	0.000111134517275	0.0388007353981	4.04126104433e-05	0.0183717532845	0.0130559668408	8.11611589664e-05	0.0474815877776	0.0345876873281	0.017242195464	0.0338738065155	0.0110915146211	0.0193870177479	0.017476300373	0.0176723640674	0.0797396979197	0.0	0.0	0.0194898110228	0.0
PD_194S_2_bbduk_polyg_filt	0.0617774247639	0.0189191676538	0.000107955307582	0.179367743548	2.69888268956e-05	0.204602296695	5.39776537911e-05	0.000890631287553	0.0	0.0365860537396	0.0173862022861	0.0341246727267	0.00012414860372	0.145858416074	0.0333581900429	0.0310695375222	0.0728320482603	0.0553976536331	3.28479483254e-05	0.0180153156856	8.48566564588e-05	0.0324121317443	0.0187033988419	0.105319946575	0.012799171263	0.132777075082	6.64422778061e-05	0.000110093124333	0.0	0.0367794773034	6.9272076703e-05	0.0164757563455	0.000100327988917	0.0535598098907	0.0480606670799	0.0476113269848	0.0533181546139	0.0347806087245
PD_195_1_bbduk_polyg_filt	3.56147551931e-05	0.110672851762	5.34221327896e-05	0.140607053502	1.78073775965e-05	0.0	0.0	0.115373999448	0.15633096792	0.0156170701522	0.0	0.0313089312902	1.78073775965e-05	0.0178964144845	0.064013960984	2.49303286352e-05	0.0649826823253	6.42440267956e-05	0.0345236717526	9.86610237433e-05	0.035645328094	3.0288210878e-05	0.0181393155138	0.01362811108	0.000117945808619	0.0466793606759	0.0336741848366	0.0163522969442	0.0319479800464	0.0116480595223	0.0175101426279	0.0172722345265	0.0168269344982	0.0818504027669	5.72423214005e-06	5.99107617222e-06	0.0185027812816	0.0
PD_195_2_bbduk_polyg_filt	0.0623080142103	0.017700533331	0.000106844265579	0.165092197698	0.0	0.204553346451	3.56147551931e-05	0.000961598390213	3.56147551931e-05	0.0348810912361	0.0164540168992	0.031629464087	6.41065593475e-05	0.140144061685	0.0327655747776	0.0300232386278	0.0680776045516	0.0527373771771	1.44210725327e-05	0.0174742579004	5.5720415756e-05	0.0318717243739	0.0170605348396	0.0990697454337	0.0125718647199	0.130520370989	2.15399857741e-05	4.8908073896e-05	9.19412315326e-06	0.0343844315596	4.44319925157e-05	0.0163601108178	0.000101440264898	0.0479326251984	0.0470531665848	0.0457398593184	0.0491141911543	0.0356039535643
PD_196_1_bbduk_polyg_filt	0.0	0.106952212145	1.51597749319e-05	0.138302626704	1.51597749319e-05	0.0	0.0	0.114259223662	0.153219845237	0.0150445606424	0.0	0.0304074765584	9.09586495915e-06	0.0178430550949	0.0634375941801	1.51597749319e-05	0.0640227614925	7.89899830372e-05	0.0336521515846	9.93985270878e-05	0.0350256686131	5.1390566086e-05	0.0176458565122	0.0137858264195	9.28113581303e-05	0.046377771183	0.0322727307498	0.0157231912595	0.0314275714953	0.0112187346131	0.0183363930119	0.017520683048	0.0158454754132	0.0792880674727	4.62784533815e-06	0.0	0.0179220748187	0.0
PD_196_2_bbduk_polyg_filt	0.0600327087304	0.0179036941946	7.57988746596e-05	0.164923191484	1.51597749319e-05	0.208841059462	0.000106118424523	0.00127342109428	0.000121278199455	0.0335698056092	0.0162391509071	0.0308016307067	0.000139469929374	0.139369874859	0.0320022848813	0.0296737434517	0.0685070229173	0.0527776149027	1.84027848812e-05	0.0171589884025	0.000129341786902	0.0322162144175	0.0171611092411	0.098855551849	0.0127878077466	0.127048095312	3.26292000306e-05	9.3261460332e-05	0.0	0.0330991190213	8.58988068697e-05	0.0160890648708	0.000144222694525	0.0473334560928	0.0463300384646	0.0451739116235	0.049496340148	0.0346410145513
PD_197_1_bbduk_polyg_filt	3.62603471167e-05	0.109977632805	1.81301735583e-05	0.131897012637	0.0	0.0	0.0	0.113984401161	0.150426050014	0.0152583540667	0.0	0.0311295079997	2.53822429817e-05	0.0178727250938	0.0617078587232	2.175620827e-05	0.0636006488427	4.72446914138e-05	0.0336923239742	9.6748545581e-05	0.0353556602148	1.53860634499e-05	0.0168723224454	0.013944864306	6.96692158906e-05	0.0457133136699	0.0324070842997	0.0158539904949	0.032158652382	0.0110774597925	0.0175440964116	0.0167512449571	0.0160257841624	0.0790338299463	1.08480660014e-05	5.62196090848e-06	0.0176905734058	0.0
PD_197_2_bbduk_polyg_filt	0.0588142830232	0.0176043985251	0.000126911214908	0.159998781652	3.62603471167e-05	0.205124783639	1.81301735583e-05	0.00112407076062	0.000163171562025	0.0337801393739	0.0160270734256	0.0309699624724	0.000203057943853	0.139355766039	0.0323224734198	0.0285767795627	0.067281074075	0.0520274874925	2.20333579899e-05	0.0171359568303	0.00018143182138	0.030784631518	0.0168886223595	0.0972657854189	0.0127501003287	0.126399289507	5.16682716124e-05	7.95845826271e-05	1.81826438391e-05	0.0334401784774	0.000120502973628	0.0157083753786	0.000174549887179	0.0474247394346	0.0469818862348	0.0440397334006	0.0489657807856	0.035175283161
PD_198_1_bbduk_polyg_filt	0.0	0.10909694135	2.49079774772e-05	0.139733753647	0.0	0.0	0.0	0.115921727179	0.155649951255	0.0155575227323	0.0	0.0312047141834	4.98159549544e-06	0.0175900136944	0.0624642259173	9.96319099088e-06	0.0651343611029	4.98532619089e-05	0.0345528686162	0.000120740027704	0.0345390223567	4.08936614518e-05	0.0171459204646	0.0144306171531	6.37451452096e-05	0.046463972808	0.0327804850113	0.0157993142985	0.0319951928388	0.0125178934497	0.0171088223524	0.0166516974	0.0163146903043	0.0813013105132	0.0	0.0	0.0174356700076	0.0
PD_198_2_bbduk_polyg_filt	0.0621204958282	0.017435584234	7.47239324316e-05	0.163670320003	7.47239324316e-05	0.208629219349	0.0	0.00122049089638	2.49079774772e-05	0.0350654506924	0.0163346516296	0.0305172540051	0.000139484673872	0.140740035937	0.0321512173276	0.0301984318934	0.0671618704696	0.0530887994797	2.50203465458e-05	0.0176785187031	0.000121600216286	0.0313302457357	0.0171514345581	0.0980278080102	0.0129671059953	0.127790479804	1.65202104124e-05	8.43411633795e-05	1.15074772135e-05	0.0323582994082	4.84869113825e-05	0.015854181957	0.000180147500913	0.0462332838708	0.0466975246846	0.0456255177386	0.0504647693241	0.0351945040984
PD_199P_1_bbduk_polyg_filt	0.0	0.0	0.0	0.0	0.0	0.0	0.0	0.0	0.0	0.0	0.0	0.0	0.0	0.0	0.0	0.0	0.0	0.0	0.0	0.0	0.0	0.0	0.0	0.0	0.0	0.0	0.0	0.0	0.0	0.0	0.0	0.0	0.0	0.0	0.0	0.0	0.0	0.0
PD_199P_2_bbduk_polyg_filt	0.0	0.0	0.0	0.0	0.0	0.0	0.0	0.0	0.0	0.0	0.0	0.0	0.0	0.0	0.0	0.0	0.0	0.0	0.0	0.0	0.0	0.0	0.0	0.0	0.0	0.0	0.0	0.0	0.0	0.0	0.0	0.0	0.0	0.0	0.0	0.0	0.0	0.0
PD_1P_1_bbduk_polyg_filt	0.0	0.106959277542	0.0	0.143753677843	0.0	0.0	0.0	0.121549279328	0.156963889618	0.0158880264634	0.0	0.0320060179286	2.55516668758e-05	0.0177328568118	0.0651107575328	2.55516668758e-05	0.0660766105407	7.18403412047e-05	0.0341432460519	0.000197919290546	0.0357479057685	5.08754419945e-05	0.0175845081767	0.0148888565268	0.000106361014309	0.0462110211044	0.033358579795	0.0157483032365	0.0330221250443	0.011937338651	0.0174212655582	0.0171790936065	0.0174909605059	0.079588936782	0.0	0.0	0.0190665962147	0.0
PD_1P_2_bbduk_polyg_filt	0.0601486238255	0.017477340143	0.0	0.164680493014	2.55516668758e-05	0.214557346756	2.55516668758e-05	0.00120092834316	5.11033337515e-05	0.0340859236123	0.0167056798034	0.0316789565926	0.000112427334253	0.143523712841	0.0329207676027	0.0304882489162	0.067456400552	0.0520025870954	3.65961655479e-05	0.0169308929096	7.13899188868e-05	0.0330652517219	0.0173756420688	0.10294481564	0.0134213809293	0.130945414981	2.02765930052e-05	7.74814963621e-05	0.0	0.0348169299396	8.83605392756e-05	0.0166259987057	0.000167529000152	0.0485265701453	0.0483274451619	0.0450816058868	0.0521351510903	0.0377992034577
PD_200S_1_bbduk_polyg_filt	1.96884150806e-05	0.108817870151	0.0	0.134038729869	0.0	0.0	0.0	0.110314189697	0.156759160872	0.0154750942534	0.0	0.0316707844987	1.96884150806e-05	0.0179637099196	0.0623020206811	7.87536603225e-06	0.0657593063693	8.67996442477e-05	0.0337943075446	0.000137027094811	0.036467240569	6.65802427374e-05	0.0179614424872	0.0132048941919	9.3274164349e-05	0.0458547802333	0.032007205056	0.0159645828323	0.0320634478819	0.0102861444719	0.0175103378542	0.0170271245388	0.0166439365007	0.0780478743136	5.90299536875e-06	1.22445953428e-05	0.0188588043036	0.0
PD_200S_2_bbduk_polyg_filt	0.0610340867499	0.0185858638361	0.000118130490484	0.162980700037	0.0	0.198518289258	3.93768301612e-05	0.000767848188144	1.96884150806e-05	0.0346161713947	0.0160381829247	0.0310801320463	0.000157507320645	0.137350321285	0.0313557698574	0.029556248719	0.0680234741035	0.0530110794182	2.38915914261e-05	0.0174149233036	0.000147247436187	0.0315851001223	0.0177711082949	0.0976132961274	0.0119306702798	0.127260315287	1.86939360096e-05	0.000105667297388	9.88136678077e-06	0.0328738319111	9.42599413735e-05	0.0154620339828	0.000178504837899	0.0476983843972	0.0466769453227	0.0455490146966	0.0487674374164	0.035636964188
PD_203_1_bbduk_polyg_filt	0.0	0.10801273854	6.82616843525e-05	0.134498272069	4.55077895683e-05	0.0	0.0	0.109696526754	0.15870841612	0.0152314571685	0.0	0.0304492620002	2.7304673741e-05	0.0177252840369	0.0599929189879	2.27538947842e-05	0.063151159584	3.19201259951e-05	0.0339987262332	7.46005119274e-05	0.0360649386754	2.41207399336e-05	0.0173290516402	0.0130285690988	5.17879612359e-05	0.0448271726447	0.0322808847954	0.0154585852016	0.0310492813868	0.00998569941779	0.017221531054	0.0171424653889	0.0154842799032	0.0782371938312	7.14362202067e-06	0.0	0.0178692068718	0.0
PD_203_2_bbduk_polyg_filt	0.0616403009703	0.0179073151951	0.000136523368705	0.159550310227	2.27538947842e-05	0.191314747345	2.27538947842e-05	0.000705370738309	6.82616843525e-05	0.0340125219234	0.0161643668547	0.031309359223	0.00010011713705	0.13501706087	0.0316870738764	0.0295846139984	0.0679340282676	0.052371933295	9.20758170693e-06	0.0169205921135	5.20975096775e-05	0.0301854468035	0.0172950783282	0.0963753745906	0.012149867843	0.124691631362	1.64399325963e-05	2.82516186341e-05	5.83330752095e-06	0.0330262673936	7.48266080425e-05	0.015980455896	0.000127370242906	0.0480658239461	0.0465789588041	0.0429646903754	0.0486017282775	0.0339154111628
PD_204_1_bbduk_polyg_filt	0.0	0.107411989389	2.34217159592e-05	0.136337808599	0.0	0.0	0.0	0.115726698555	0.151374550244	0.0147791027703	0.0	0.0309072963798	4.68434319185e-06	0.017603761715	0.0630418906759	1.40530295755e-05	0.0639178628527	4.70184496165e-05	0.0335555704351	0.000107478038573	0.0354072456582	5.14503149197e-05	0.017172176135	0.0134316033366	5.09672825723e-05	0.0453779508578	0.0322965658797	0.015126661592	0.0325089271225	0.0106497469554	0.0168392896364	0.016676312403	0.0166652193829	0.0784926321013	0.0	0.0	0.0188505414341	0.0
PD_204_2_bbduk_polyg_filt	0.0579453252831	0.0167465269108	9.36868638369e-05	0.162101696154	4.68434319185e-05	0.199014320506	2.34217159592e-05	0.00100713378625	2.34217159592e-05	0.0336897962358	0.0161984587574	0.031497523622	0.000117108579796	0.13839423526	0.0324578139763	0.0292256171739	0.0672484308621	0.0524164584482	3.34796761865e-05	0.0170406689635	0.00012517156014	0.0313242893881	0.0181960018407	0.0972447485455	0.0123800968366	0.125807799274	1.2176609792e-05	0.000120211904484	1.3162483421e-05	0.0336923459776	7.14797815864e-05	0.0158343480829	0.000163865541301	0.0479396622659	0.0451880308256	0.0431283262456	0.0469014579257	0.0329904205148
PD_205P_1_bbduk_polyg_filt	0.0	0.106503165849	2.96914317951e-05	0.133195763033	0.0	0.0	0.0	0.109412926165	0.157809959991	0.015878977724	0.0	0.0331059464515	5.93828635901e-06	0.0189134420535	0.0620075861608	1.1876572718e-05	0.0641513075364	0.000101091641059	0.0347383879234	0.000138722790128	0.03744301396	7.3723287749e-05	0.0183672696125	0.0123051916642	0.000115010462757	0.0438257986222	0.032852736219	0.0161257141424	0.0340160182375	0.00992763658037	0.0173243334518	0.0162472719217	0.0164942234327	0.0763769252906	0.0	0.0	0.0188144002336	0.0
PD_205P_2_bbduk_polyg_filt	0.0606595951573	0.0170725732822	0.00011876572718	0.16425300069	2.96914317951e-05	0.187115403173	5.93828635901e-05	0.000593828635901	2.96914317951e-05	0.0346320860458	0.0169122395505	0.0280287116145	0.000106889154462	0.135208842108	0.0309741016486	0.0298280123813	0.0699351984501	0.0542983852965	1.1968593692e-05	0.01726831432	9.12823916327e-05	0.0309463538781	0.0175852577523	0.0968843059636	0.0121725161837	0.125065310079	2.64956566332e-05	9.49025855464e-05	2.08442258889e-05	0.0337187337322	3.65515405232e-05	0.0162259797148	0.000177541727902	0.0458425145199	0.0472532222252	0.044638799825	0.0492433166208	0.0325421435417
PD_206S_1_bbduk_polyg_filt	0.0	0.111276943093	1.69139600384e-05	0.134195358945	1.69139600384e-05	0.0	0.0	0.113966262739	0.150026825541	0.0148200117856	0.0	0.030847680318	1.0148376023e-05	0.0173807853355	0.0623347083255	1.35311680307e-05	0.0640971429615	4.745823201e-05	0.0339282936194	8.32099514664e-05	0.0354597030054	5.3767936939e-05	0.0174246518196	0.0127644402356	7.65400997027e-05	0.0450938531267	0.0319449157034	0.015917376356	0.0313248743821	0.0108240069105	0.0177730479412	0.0168244926562	0.0157966063439	0.0784004939266	0.0	0.0	0.0189510384787	0.0
PD_206S_2_bbduk_polyg_filt	0.0622095450212	0.0171507554789	8.4569800192e-05	0.164505175333	6.76558401536e-05	0.19801173017	6.76558401536e-05	0.00115014928261	0.000135311680307	0.0342913625819	0.0162069565088	0.0313314195751	0.000135311680307	0.13632651791	0.0319673844726	0.0291190736021	0.0672634362807	0.0521364768894	2.05379645987e-05	0.0173703694574	0.000116206561459	0.0310107685978	0.017838572765	0.0967823169003	0.0125187192359	0.126074513408	6.04205755422e-05	7.03793280182e-05	0.0	0.0331754007649	8.13659130887e-05	0.0155570769614	0.000226307745792	0.0480062094603	0.0470654891537	0.0445307315387	0.0488378342397	0.0346587585039
PD_207P_1_bbduk_polyg_filt	0.0	0.110041081749	3.81623311078e-05	0.139597807192	0.0	0.0	0.0	0.117673547971	0.155435174602	0.0158030213118	0.0	0.0315449828937	1.14486993324e-05	0.017844706026	0.0629182352975	2.28973986647e-05	0.0655476199108	4.58994747953e-05	0.0343006333575	9.40748337864e-05	0.0351833408436	2.84506052379e-05	0.0172252277045	0.0141445449049	5.24455628169e-05	0.0467084351784	0.0332676915709	0.0158835519655	0.031977950329	0.0118208615915	0.0174013456864	0.0169357610676	0.0163705631754	0.0816198097818	1.22376747341e-05	6.38849702558e-06	0.017515685106	0.0
PD_207P_2_bbduk_polyg_filt	0.0613650284214	0.0170013185085	0.000133568158877	0.164269754254	3.81623311078e-05	0.210007308086	3.81623311078e-05	0.00103038293991	7.63246622157e-05	0.0345598070513	0.0166235114306	0.0326593229621	8.39571284372e-05	0.141921893157	0.0322471697861	0.0293735462537	0.0666848573778	0.052191673529	7.73157068985e-06	0.0171063456114	7.17562526206e-05	0.0311139071402	0.0174087683936	0.0977731566563	0.0131469427851	0.130046095974	1.38912999298e-05	6.21237570231e-05	9.87959490697e-06	0.0332818416696	5.30083399081e-05	0.0154619262863	0.000171676383836	0.0487101810165	0.0480681866606	0.0465377816219	0.0494581990986	0.0361860178329
PD_208S_1_bbduk_polyg_filt	9.73607686243e-05	0.110480132196	4.86803843122e-05	0.143582793529	0.0	0.0	0.0	0.116735561581	0.161253773034	0.0160742628999	0.0	0.0317931589943	0.0	0.0181675194253	0.064900688365	4.86803843122e-06	0.0659862609351	5.85287824799e-05	0.0348929841036	0.000104583511852	0.0370590308826	3.08352609226e-05	0.0179003877212	0.01349799604	0.000115023202371	0.0465662407722	0.033689241013	0.0154884172236	0.0329398060266	0.010840101589	0.0176617800247	0.0185221457876	0.0175218604254	0.0808186960867	0.0	0.0	0.0190830593917	0.0
PD_208S_2_bbduk_polyg_filt	0.0610938823118	0.0189366694974	0.000146041152936	0.164004214748	4.86803843122e-05	0.205066118915	9.73607686243e-05	0.00126568999212	0.0	0.0346896418608	0.0171208911626	0.0320219568005	7.78886148995e-05	0.146411123857	0.0328592594107	0.0308146832696	0.0699829204872	0.0530760295345	1.47644509032e-05	0.0177744983411	8.08507397817e-05	0.0323933788612	0.0180580583077	0.100911851565	0.0124996241075	0.129115822996	4.03409339111e-05	5.33285392952e-05	1.82971735441e-05	0.0346080582416	3.89044128303e-05	0.0165268117878	0.000159301467222	0.0489513451298	0.0482039814566	0.0452438154199	0.0514699014071	0.0350876835921
PD_209P_1_bbduk_polyg_filt	0.0	0.106138976092	1.85298491781e-05	0.139622413557	0.0	0.0	0.0	0.115088893245	0.159782889463	0.0157207240427	0.0	0.0321085226559	1.85298491781e-05	0.0180406611598	0.0628161887139	7.41193967126e-06	0.0647136452698	5.57026911196e-05	0.0344755528366	0.000121479643315	0.0368595792628	4.70482865583e-05	0.0175063772375	0.0136562528859	8.77427072962e-05	0.0460710107617	0.0327509947714	0.0160435234126	0.0324281570211	0.0114510208847	0.0178184244589	0.0168524354331	0.0163917323689	0.0799139645952	0.0	0.0	0.0193057663536	0.0
PD_209P_2_bbduk_polyg_filt	0.0588137412914	0.0169918716964	9.26492458907e-05	0.163396210053	3.70596983563e-05	0.206107512409	3.70596983563e-05	0.000926492458907	1.85298491781e-05	0.0344210478333	0.0165175075574	0.0310486152829	9.63552157264e-05	0.138710744978	0.0323864703936	0.0303370690745	0.0680601360313	0.0532891176009	2.62431364357e-05	0.0176452377124	8.47901534274e-05	0.0312450769106	0.0179107696727	0.0979167490023	0.0127900651821	0.129881586362	3.51657208773e-05	8.5870936254e-05	2.32672083924e-05	0.0328917273516	4.45861601785e-05	0.0163514557612	0.000148596264163	0.0480491406569	0.0479214934078	0.044754245038	0.048051331253	0.0361625323677
PD_210S_1_bbduk_polyg_filt	0.0	0.110053237821	0.0	0.136831128628	0.0	0.0	0.0	0.11572028741	0.156125053183	0.0156514392467	0.0	0.0314672661915	4.32599205272e-06	0.0180480388439	0.0630772901207	2.59559523163e-05	0.0640592903167	3.90091265753e-05	0.0339882351377	0.000101749156477	0.0363442094984	4.10310314043e-05	0.0177045531571	0.0140441850137	7.25745266605e-05	0.0464781121411	0.0328400444827	0.0159351005301	0.0319636841235	0.0114139103749	0.0178875023702	0.0174142206892	0.0169763141971	0.0795303496412	6.33146217521e-06	6.55045289831e-06	0.0187824043889	0.0
PD_210S_2_bbduk_polyg_filt	0.0618400563936	0.0180826467804	0.000173039682109	0.159412807143	0.000129779761582	0.20429497469	8.65198410544e-05	0.0011896478145	4.32599205272e-05	0.0346858042787	0.017148232497	0.0316013719451	0.000129779761582	0.140888909173	0.0321421209517	0.0293475300857	0.068515062131	0.0538544928322	4.37323171109e-05	0.0177136366777	0.000143568756783	0.0317225933526	0.0178584434948	0.0988154271016	0.0125414491993	0.129187081391	5.07285276035e-05	9.36803447603e-05	1.60363361997e-05	0.0321281167736	9.04901165281e-05	0.0157841295093	0.000192252500589	0.0487706287658	0.0461912295354	0.0446350003546	0.0491283192652	0.0351230840332
PD_211P_1_bbduk_polyg_filt	0.0	0.115858745018	0.0	0.132078969321	0.0	0.0	0.0	0.111224395217	0.178422467328	0.0152933543424	0.0	0.025488923904	0.0	0.0171470942627	0.0611734173695	0.0	0.0718324219112	0.0	0.0374489757705	0.0	0.03251783699	0.0	0.0177053824363	0.0130069587229	0.0	0.0493768126488	0.0382524983663	0.0163204021347	0.0279253165335	0.00860945777635	0.014795525833	0.0152856583839	0.0152157787626	0.0834604801586	0.0	0.0	0.0125180407057	0.0
PD_211P_2_bbduk_polyg_filt	0.0671980721105	0.0162202243025	0.0	0.169153767726	0.0	0.222448790435	0.0	0.00695152470108	0.0	0.0342941885253	0.0166836592826	0.031977013625	0.00185373992029	0.139493929002	0.0370747984058	0.0310501436648	0.070442116971	0.0548064820277	0.00093712368627	0.0137202766765	0.000478879039943	0.030089345945	0.012805232415	0.102185466622	0.0127554925151	0.123359115562	0.000532022430066	0.0	0.0	0.0327870738399	0.0	0.0110308987731	0.0	0.0491197736561	0.0505778865278	0.0510218747305	0.0475687103594	0.0369283395852
PD_212S_1_bbduk_polyg_filt	0.0	0.106565626665	0.0	0.159848439998	0.0	0.0	0.0	0.136167189628	0.16576875259	0.00947250014801	0.0	0.0272334379255	0.0	0.0153928127405	0.0556509383695	0.0011840625185	0.0580190634065	0.0	0.0347301229925	0.0	0.0307310297353	0.0	0.0139647073759	0.0180967400016	0.0	0.0568235628374	0.0389029371718	0.0171612441902	0.0221552640907	0.0137427659607	0.0221764612704	0.0213931903829	0.0240182538729	0.086893298576	0.0	0.0	0.0205309298458	0.0
PD_212S_2_bbduk_polyg_filt	0.0532828133325	0.0177609377775	0.0	0.130246877035	0.0	0.219051565923	0.0	0.0	0.0	0.0367059380735	0.014208750222	0.021313125333	0.0	0.151560002368	0.026049375407	0.0272334379255	0.0556509383695	0.0569530137636	0.0	0.0169686685655	0.00123011821436	0.0337044989264	0.00889476225571	0.104816377235	0.011893749174	0.135453634221	0.0	0.0	0.0	0.0336221784115	0.0	0.0131780519545	0.0	0.0408845278726	0.0391425908667	0.0453550511723	0.0667403591466	0.0324289266025
PD_213S_1_bbduk_polyg_filt	1.68863981076e-05	0.108072947889	0.0	0.136864256662	1.68863981076e-05	0.0	0.0	0.111787955473	0.155743249747	0.0155050907424	0.0	0.0311554045086	1.01318388646e-05	0.0182069144397	0.0625134457945	6.75455924306e-06	0.0649923690367	6.76930948068e-05	0.0351785543272	0.00012815466564	0.0362822471837	3.22109107445e-05	0.0178608900474	0.0131889783074	8.00613498687e-05	0.0474479578887	0.0335341576646	0.016087196226	0.0323929083588	0.0115699153048	0.0178130172756	0.0180875543755	0.0173069699643	0.0799197473977	5.11494535371e-06	0.0	0.0185288051229	0.0
PD_213S_2_bbduk_polyg_filt	0.0609936699648	0.0164811245531	0.000135091184861	0.167259773256	3.37727962153e-05	0.202704322884	3.37727962153e-05	0.0011145022751	1.68863981076e-05	0.0346542661965	0.0168357389133	0.0315505462243	8.44319905382e-05	0.138633951184	0.0325333345942	0.0296829105936	0.0682007846771	0.0527636327685	2.73527642584e-05	0.017242353927	5.97919311141e-05	0.0314387715429	0.0177009240057	0.0995079017473	0.0123261462458	0.130056359839	1.60266105842e-05	8.23337806528e-05	1.69429604647e-05	0.0331713350083	6.30591602123e-05	0.0159104182936	0.00016860599693	0.0490843983928	0.0470991634447	0.0460538055121	0.0496533701781	0.034805699112
PD_214S_1_bbduk_polyg_filt	0.0	0.10645344334	2.15754850708e-05	0.138924548371	0.0	0.0	0.0	0.113465475988	0.153919510495	0.0154264718257	0.0	0.0315131534945	1.29452910425e-05	0.0178645016387	0.0632334316456	1.72603880567e-05	0.0647739212797	6.4813473736e-05	0.0352962442874	0.000100878874297	0.0368848361872	4.48935858155e-05	0.0179951671294	0.013642184616	8.01145128571e-05	0.046120233234	0.0328818020031	0.015820655803	0.0323314947853	0.0114189091244	0.0179264419771	0.0179444626374	0.0166761854417	0.0786472325958	0.0	0.0	0.0187588416727	0.0
PD_214S_2_bbduk_polyg_filt	0.0609938962953	0.0172819635417	4.31509701417e-05	0.163175393591	2.15754850708e-05	0.200695162129	0.0	0.0010356232834	8.63019402834e-05	0.0354398917774	0.0164707253031	0.0314484270393	0.000151028395496	0.138808040752	0.0326350787182	0.0294893729948	0.06912353907	0.0540242888502	1.73938612454e-05	0.0175618872309	0.000141866867787	0.0315832785059	0.0174216591259	0.0986038116901	0.0127809596125	0.129792230131	4.90135364114e-05	0.000110253168839	1.02611682812e-05	0.0327012305225	4.85979281731e-05	0.0164634564	0.000102841892874	0.0492841141067	0.0475338927906	0.0451421466624	0.0488569248912	0.0343384838302
PD_215S_1_bbduk_polyg_filt	2.93684721229e-05	0.10845776755	0.0	0.137664713076	1.46842360614e-05	0.0	0.0	0.113553197463	0.158296064742	0.0155124269753	0.0	0.0310689066588	1.46842360614e-05	0.0179646943976	0.0622053608034	8.81054163686e-06	0.0641730484357	6.76811143678e-05	0.0342216529602	0.000123253501639	0.0362191071716	5.27574356485e-05	0.0175565590878	0.0138447107454	9.91620279772e-05	0.0455556615759	0.0324924456019	0.0158386179228	0.032309324246	0.0112759874212	0.0179687525138	0.0177073356321	0.0167473564174	0.0803354442133	4.33374649828e-06	1.34443224895e-05	0.0182740622963	0.0
PD_215S_2_bbduk_polyg_filt	0.0625107929135	0.0171365034837	0.00010278965243	0.162642598616	1.46842360614e-05	0.201908245845	5.87369442457e-05	0.00105726499642	7.34211803071e-05	0.0343082491339	0.0165931867494	0.0313038544358	0.000173273985525	0.136563395371	0.0315505496016	0.0298060623575	0.0679733287284	0.0534917648489	3.86085364662e-05	0.0174752599411	0.000109831633597	0.0308795635572	0.0178830538752	0.0970919555394	0.0132453457171	0.127479219739	3.12541563687e-05	9.2690435798e-05	1.83189719921e-05	0.0335887535434	0.000116309314697	0.0157199995368	0.000205762282177	0.0474931854997	0.0473073256691	0.0443430057263	0.0483065161472	0.0343557265951
PD_216S_1_bbduk_polyg_filt	0.0	0.108479479298	0.0	0.123546073646	0.0	0.0	0.0	0.117519435907	0.159705900078	0.0126559392515	0.0	0.0331465075634	0.0	0.0138612667993	0.0590610498403	0.0	0.0626770324836	0.0	0.0377875971355	0.0	0.0418326444475	0.0	0.0192904955728	0.0170165977276	0.0	0.0463679570142	0.0342085605177	0.00930992007792	0.0287337267644	0.00836444653978	0.0181028240406	0.0147199528962	0.0187321725063	0.0841625389033	0.0	0.0	0.0252977545713	0.0
PD_216S_2_bbduk_polyg_filt	0.0662930151269	0.0120532754776	0.0	0.15367926234	0.0	0.210932320858	0.0	0.0	0.0	0.0427891279455	0.015066594347	0.0259145422769	0.000602663773881	0.139215331766	0.0337491713373	0.0307358524679	0.0644850238052	0.0513471064395	0.0	0.0185106343594	0.0	0.029154334172	0.0154485883852	0.0996081206831	0.010693757519	0.124901034699	0.000698685074689	0.0	0.0	0.0243607213819	0.0	0.0155580848816	0.00170507344604	0.0377945558261	0.0561497818443	0.0477661990778	0.0719749938307	0.0212873526516
PD_217P_1_bbduk_polyg_filt	0.0	0.120373666989	0.0	0.132241493312	0.0	0.0	0.0	0.0966380143431	0.179712798603	0.0155977145957	0.0	0.0345862367123	0.0	0.0193276028686	0.0630690198871	0.0	0.0766322499703	0.0	0.0290836926025	0.0	0.0348744345982	0.0	0.0114419748849	0.0108918224197	0.0	0.0492562679541	0.0341290384431	0.021167339579	0.0309548983111	0.0123873780876	0.0170091892145	0.0183912877842	0.0117411173931	0.0860111629542	0.0	0.0	0.0159839953801	0.0
PD_217P_2_bbduk_polyg_filt	0.0729023616974	0.0203448451249	0.0	0.176321991082	0.0	0.247528949019	0.00169540376041	0.00169540376041	0.0	0.0274655409186	0.0152586338436	0.0301781869352	0.000678161504162	0.12545987827	0.0325517521998	0.033568994456	0.0762931692182	0.0628283631004	0.0	0.0217699298524	0.0	0.026474917663	0.0157490461089	0.099578427097	0.0110935668406	0.124203498022	0.000383849162633	0.000392386139352	0.0	0.0367868922929	0.0017026855608	0.0184149143268	0.000452206314609	0.0449561098598	0.04568076359	0.0447625322517	0.0645893065314	0.0350541316687
PD_218S_1_bbduk_polyg_filt	0.0	0.0950570342205	0.0	0.285171102662	0.0	0.0	0.0	0.0950570342205	0.570342205323	0.0	0.0	0.0570342205323	0.0	0.0	0.0380228136882	0.0	0.133079847909	0.0	0.0191534188853	0.0	0.0389332295114	0.0	0.0	0.0	0.0	0.0414593698176	0.0845844787481	0.0215238915196	0.0440431622991	0.0228050171038	0.0	0.0242659548653	0.0252206809584	0.18315018315	0.0	0.0	0.0	0.0
PD_218S_2_bbduk_polyg_filt	0.190114068441	0.0	0.0	0.0	0.0	0.475285171103	0.0	0.0	0.0	0.0570342205323	0.0	0.0190114068441	0.0	0.209125475285	0.0570342205323	0.0380228136882	0.0190114068441	0.0	0.0	0.0	0.0	0.0589854502556	0.0	0.120288692863	0.0203169443316	0.0621890547264	0.0	0.0	0.0	0.0	0.0	0.0485319097306	0.0	0.0523286237572	0.0	0.0288433804442	0.0611060189429	0.0
PD_221P_1_bbduk_polyg_filt	2.04052898673e-05	0.107107366514	4.08105797347e-05	0.134817750154	2.04052898673e-05	0.0	0.0	0.106780881876	0.158263428211	0.0156794247341	4.08105797347e-06	0.0317465499756	1.22431739204e-05	0.0180913299964	0.0627870769218	2.04052898673e-05	0.0649581997637	5.7245497151e-05	0.0344916052482	0.000129357765816	0.0369590149564	3.86550399751e-05	0.0178358093591	0.0125482526625	9.54415046744e-05	0.0453503471055	0.0325405997202	0.0165294021733	0.0320652579976	0.00976118122514	0.0183022390761	0.0171959765771	0.0168496561052	0.0775850626575	5.94717611129e-06	6.17375566103e-06	0.0192988053713	0.0
PD_221P_2_bbduk_polyg_filt	0.0611138431527	0.0161813948648	4.08105797347e-05	0.16920066358	4.08105797347e-05	0.203195876499	4.08105797347e-05	0.0009998592035	2.04052898673e-05	0.0352807461806	0.0165731764303	0.031538416019	0.000134674913124	0.138674349938	0.0329586241937	0.0298774254238	0.0692025000561	0.053937736936	2.47520545443e-05	0.0172842200537	0.000131123626697	0.0319128959196	0.0186928408386	0.097085420163	0.011930670126	0.12946222622	6.65292520805e-05	6.81858008525e-05	1.49938735033e-05	0.0332290383488	7.92582861632e-05	0.016375001586	9.55553282213e-05	0.0481611382257	0.0479324332423	0.0447473417043	0.0484508644465	0.0327433263193
PD_222S_1_bbduk_polyg_filt	0.0	0.107576966023	2.12686765566e-05	0.137076620407	0.0	0.0	0.0	0.113915031637	0.157111713724	0.0155856861807	0.0	0.031494656245	8.50747062264e-06	0.0180698676025	0.062921252725	1.2761205934e-05	0.0646440155261	6.39843325404e-05	0.0341943172976	0.000122937789922	0.0359935568714	6.40042952368e-05	0.0172077834231	0.0131975851877	7.89712884087e-05	0.0458061330846	0.033662173317	0.0159033388152	0.032111152254	0.0106540710845	0.0174324320129	0.0173211200274	0.0157690907879	0.0792475701587	0.0	7.08639226313e-06	0.0189237129076	0.0
PD_222S_2_bbduk_polyg_filt	0.0609985643643	0.0181847184559	4.25373531132e-05	0.163811346839	0.0	0.19975541022	4.25373531132e-05	0.000808209709151	4.25373531132e-05	0.0346934651991	0.0162152390068	0.0319795820705	0.000170149412453	0.138905726591	0.0323709257191	0.0294911469134	0.0691146913383	0.0535124857703	1.2960785071e-05	0.0175717346749	0.000143208636949	0.0313174095812	0.0176437821959	0.0996584093951	0.0125471746867	0.127713635368	2.09386876489e-05	0.000108044963127	1.11639376235e-05	0.0335918733986	8.35863711705e-05	0.0160181906307	0.000217887108972	0.0493101251746	0.0468470803268	0.0450898169689	0.0493638952041	0.0347971181677
PD_223P_1_bbduk_polyg_filt	2.9550486859e-05	0.110474495123	4.43257302886e-05	0.140571665988	4.43257302886e-05	0.0	0.0	0.114877517665	0.162867508324	0.0160015886342	0.0	0.0317047173511	2.36403894872e-05	0.0183242569013	0.0644348365962	3.2505535545e-05	0.065179508865	8.29005112445e-05	0.0352708900555	0.000142107794204	0.0377130895409	4.67996364979e-05	0.0181835813611	0.0134654630679	0.000122897363131	0.0471531358043	0.0333006305138	0.0167832356379	0.0327200971685	0.0111233398577	0.0185250492273	0.0180146604579	0.0168372363757	0.082081645811	4.43876676855e-06	0.0	0.0194168897576	0.0
PD_223P_2_bbduk_polyg_filt	0.0628686607926	0.0179814712537	4.43257302886e-05	0.171437149513	4.43257302886e-05	0.203085720939	2.9550486859e-05	0.00109336801378	0.000132977190866	0.035788594635	0.0170299455769	0.0326414677845	0.000138887288238	0.142185122571	0.0333654547125	0.030980730423	0.0698632610322	0.054474748723	4.18260613049e-05	0.0180691340307	0.000119658237664	0.0320024880632	0.0181077920134	0.100622461039	0.0127851424753	0.131840972721	8.02542090454e-05	8.96392097106e-05	1.10696830274e-05	0.0345391639142	0.000117651672615	0.0164885999157	0.000188542482811	0.0502741469149	0.0484789485542	0.0464726183545	0.0501711131608	0.0339773764121
PD_224S_1_bbduk_polyg_filt	1.37617380745e-05	0.106612184863	0.0	0.132704440252	1.37617380745e-05	0.0	1.37617380745e-05	0.111483840141	0.157282904453	0.0153636043864	0.0	0.0308400550249	5.5046952298e-06	0.0179095259301	0.0610443177508	5.5046952298e-06	0.0634746406948	5.79148343057e-05	0.034529762033	9.01205463693e-05	0.0355186796588	3.7703821056e-05	0.0173361340657	0.0127783496632	6.44300659037e-05	0.044980650014	0.0321083066344	0.0159562055848	0.032056438186	0.0114548954249	0.0177094608854	0.0174099953095	0.0159835680949	0.0797700791297	0.0	0.0	0.0179990593876	0.0
PD_224S_2_bbduk_polyg_filt	0.0597947519337	0.0174636456165	0.000137617380745	0.159182024308	5.5046952298e-05	0.200302097674	6.88086903725e-05	0.00094955992714	5.5046952298e-05	0.034255718415	0.0166819788939	0.0309116160629	0.00012385564267	0.135710003848	0.0317180539141	0.029188646456	0.067575638641	0.0528295496885	2.50500597611e-05	0.0175062434992	0.000105653574152	0.0307411621987	0.0174488042257	0.0951282878839	0.012726899634	0.126448861202	5.13033783595e-05	4.59757447077e-05	6.73413506803e-06	0.0331499780964	7.81131110514e-05	0.0156286198709	0.000146651533733	0.0476602236152	0.0464211618155	0.0444917895662	0.0473304631747	0.0342606773509
PD_225P_1_bbduk_polyg_filt	1.61289698233e-05	0.107547970782	1.61289698233e-05	0.141983321355	0.0	0.0	0.0	0.118289864684	0.158015517359	0.0162225178483	0.0	0.0314192332159	1.9354763788e-05	0.0183870255986	0.0641352356055	3.22579396467e-06	0.0665771616368	5.17332397479e-05	0.0357905677555	9.60894604805e-05	0.0366726898782	3.77292959374e-05	0.0179499378753	0.0135484781551	6.96657503298e-05	0.0484430041657	0.0336350264019	0.0163757237148	0.0324604625303	0.0115550876667	0.0177498778061	0.0177782683371	0.0174612345649	0.0823323859065	9.92769904975e-06	1.03315663083e-05	0.0189339314922	0.0
PD_225P_2_bbduk_polyg_filt	0.0600965415618	0.0170483211033	6.45158792934e-05	0.165515488327	4.838690947e-05	0.208789514363	4.838690947e-05	0.00109676994799	1.61289698233e-05	0.0358159903897	0.0169515472843	0.0317966511097	6.7741673258e-05	0.141712354662	0.0324772936363	0.030125689836	0.070577146153	0.0544430251866	1.96097643815e-05	0.017647645701	4.37792837103e-05	0.0320914574982	0.018038056624	0.0982291933612	0.0129949874696	0.133681071344	1.93113838599e-05	5.56349302638e-05	4.09408820623e-06	0.0341985784791	2.61554861699e-05	0.0163544766761	0.000149454002495	0.0489000717977	0.0485636498449	0.0468703210826	0.0485787103357	0.0358664250072
PD_226S_1_bbduk_polyg_filt	0.0	0.108237472759	0.0	0.135584593191	0.0	0.0	0.0	0.112564413872	0.152977617565	0.0160246026035	0.0	0.0303354807466	1.27889885104e-05	0.0176871711098	0.0622653220608	2.55779770207e-05	0.0636806367893	4.69996231057e-05	0.0334797260076	0.000122475897509	0.0352365951029	1.80750129304e-05	0.0171017282464	0.0136884042382	6.73069642276e-05	0.0472376390374	0.0326560947962	0.0157250338293	0.0312772984504	0.0114299966378	0.0172043335961	0.0173026259543	0.0165142364978	0.0810252006579	0.0	6.58401185965e-06	0.0177027579996	0.0
PD_226S_2_bbduk_polyg_filt	0.0606198055392	0.0176701191252	0.000170519846805	0.16612896075	2.13149808506e-05	0.208567087623	2.13149808506e-05	0.00106574904253	6.39449425519e-05	0.0340869173763	0.0165787921056	0.0311156090457	0.000127889885104	0.139903008311	0.031473700724	0.0286899642249	0.0675599633041	0.0529003929737	3.0220611761e-05	0.0176149975673	9.77209780022e-05	0.0312253876953	0.0175628211704	0.0978062278006	0.0125435737743	0.128676526683	2.52260175494e-05	8.80271981259e-05	5.32225367852e-06	0.0333113703943	0.00013543031374	0.015901141	0.000156264255357	0.0477583945699	0.0478160415603	0.0444798781519	0.0476177746522	0.0339936730287
PD_227P_1_bbduk_polyg_filt	0.0	0.111685896939	0.0	0.139954444792	0.0	0.0	0.0	0.12145183049	0.160850670259	0.0166738953724	0.0	0.0322084318304	9.57444465827e-06	0.0187180393069	0.0652977125694	1.91488893165e-05	0.06577164758	7.68876457652e-05	0.033925161202	0.000125009631992	0.0358012352376	6.34081902246e-05	0.0180144958572	0.0142619653395	8.80651160513e-05	0.0475147408682	0.033889009959	0.0159311540002	0.0320742022647	0.0123039719598	0.0179933836654	0.017092543143	0.0172902339517	0.0836267030878	0.0	0.0	0.018063300167	0.0
PD_227P_2_bbduk_polyg_filt	0.0635264403076	0.017497297613	7.18083349371e-05	0.169036820442	0.0	0.214371815899	2.39361116457e-05	0.000981380577473	0.0	0.0345110857707	0.0169371926005	0.0314089657015	7.18083349371e-05	0.146709215499	0.0326344946177	0.0301212028949	0.0691418520997	0.053778428358	4.89055356812e-06	0.017951996262	0.000107794214684	0.0321073802692	0.0180100558328	0.102022282092	0.0127761551852	0.132537432816	2.5467745387e-05	3.32615571105e-05	2.08787402436e-05	0.0345163964911	1.52951505196e-05	0.0168852235568	0.000109926879177	0.0490100942736	0.0470903681674	0.0452969462146	0.0508536919533	0.035465661735
PD_228S_1_bbduk_polyg_filt	0.0	0.105278382343	1.93100481187e-05	0.13538274736	0.0	0.0	0.0	0.108889361341	0.151719048069	0.0153399022255	0.0	0.0306411843548	7.72401924748e-06	0.0182170993952	0.0619389103456	3.08960769899e-05	0.0631631673963	9.66972886351e-05	0.0345689186111	0.000169162987831	0.0356879040624	5.65537905521e-05	0.0171951728505	0.0136242648617	0.000128065749981	0.0444327705619	0.0324601978854	0.0158963192409	0.0318584358	0.0113254427613	0.0173550481094	0.0171961602201	0.0166132072269	0.0776843415528	5.52956414648e-06	5.72298235828e-06	0.0184598962456	0.0
PD_228S_2_bbduk_polyg_filt	0.0592239175801	0.0175335236918	9.65502405935e-05	0.164676090356	3.86200962374e-05	0.19943417697	7.72401924748e-05	0.000926882309698	5.79301443561e-05	0.0344220917764	0.0167379497093	0.029899678507	8.88262213461e-05	0.134838204003	0.0312629679042	0.0291890687362	0.0675156522423	0.0527156427181	2.72720405132e-05	0.0173493170506	8.36264540102e-05	0.0310568064053	0.0176104348397	0.0963139097214	0.0122691403713	0.125565813856	3.5696585626e-05	5.48646696628e-05	4.6901200183e-06	0.0335928998016	6.92852498978e-05	0.0157509402059	0.0002046652338	0.0458625774994	0.0471144841014	0.0458814700785	0.050172493198	0.0336817484191
PD_229P_1_bbduk_polyg_filt	1.9735473606e-05	0.110025265353	1.9735473606e-05	0.133806511049	1.9735473606e-05	0.0	0.0	0.109926587985	0.151430288979	0.0158831091581	0.0	0.0307873388253	0.0	0.0174856296149	0.0619535987439	7.89418944239e-06	0.0632364045283	5.53911230503e-05	0.0340515355371	0.000109497261169	0.0353921687615	3.35657594345e-05	0.0174039822896	0.0135193086509	9.84417873216e-05	0.0457088999203	0.0327887194008	0.0151704573472	0.0312125356308	0.0112139937521	0.0168401421615	0.0165354139731	0.0166506412955	0.0785187446637	0.0	6.22880920179e-06	0.0185499963191	0.0
PD_229P_2_bbduk_polyg_filt	0.0597590140789	0.0189855256089	5.92064208179e-05	0.158475853056	0.0	0.201775482147	9.86773680299e-05	0.0010065091539	7.89418944239e-05	0.0343160415061	0.0162422947777	0.0304557828687	0.000142095409963	0.135187994201	0.0311346831608	0.0286716960548	0.0676847802791	0.0525742843223	3.19999052803e-05	0.0176902172855	8.2424649652e-05	0.0308478039758	0.0173360800029	0.0958194281696	0.012269926022	0.126865945733	2.35257151829e-05	3.38426359971e-05	0.0	0.0331108041271	4.75886991222e-05	0.0158699930172	0.000152563912837	0.0463528131953	0.0470023147995	0.0434999780442	0.0482827527309	0.0334863454757
PD_230S_1_bbduk_polyg_filt	1.9805682488e-05	0.105584093343	1.9805682488e-05	0.138223858084	0.0	0.0	0.0	0.118537009691	0.153196954044	0.015571227572	0.0	0.0318554597137	7.92227299519e-06	0.0179954431086	0.0623878998371	1.18834094928e-05	0.064162488988	5.9518854343e-05	0.0344052813367	9.29193665129e-05	0.0358117399283	4.56174317311e-05	0.0180448986402	0.0137455382737	5.68009305216e-05	0.0452712258309	0.0322631719833	0.0155824856219	0.0325423021256	0.0116841670123	0.0172013360729	0.0173962665342	0.0162924162006	0.0797080299935	0.0	5.8260360775e-06	0.0178981589328	0.0
PD_230S_2_bbduk_polyg_filt	0.0605855827307	0.0170526926221	3.96113649759e-05	0.161733203197	1.9805682488e-05	0.203325136422	0.000158445459904	0.000732810252055	7.92227299519e-05	0.0348342343598	0.0163674160081	0.0315227242479	0.000110911821933	0.138180285582	0.0326952206511	0.0292292262158	0.0674343877351	0.0524204116218	2.39955397091e-05	0.0172064693093	8.58809157228e-05	0.0312735855649	0.0181633847651	0.0976198180579	0.0131520402507	0.128318319684	2.27823449038e-05	5.1290747993e-05	9.55757507117e-06	0.0334358686898	9.57076576352e-05	0.0163038971808	0.0001388083326	0.0476248263724	0.0473915372496	0.0455802346361	0.0491623016089	0.0340205568517
PD_231P_1_bbduk_polyg_filt	4.98548807513e-05	0.106689444808	3.32365871675e-05	0.144196933426	0.0	0.0	0.0	0.121645909033	0.159967694037	0.0157308767064	0.0	0.0325718554242	3.32365871675e-06	0.0182435626963	0.0645188630096	2.6589269734e-05	0.0665429711681	7.66681438062e-05	0.0354356156755	0.000106519619196	0.0368917686074	4.6579303719e-05	0.0176183067093	0.0141525798872	0.000100779408565	0.0479197011388	0.0340826134916	0.0166057076541	0.03392073484	0.0121204704101	0.0182412868562	0.0175459924448	0.0170223029414	0.0815926361845	0.0	1.11543546852e-05	0.0184064462485	0.0
PD_231P_2_bbduk_polyg_filt	0.0619696167738	0.0168177131068	4.98548807513e-05	0.167312979801	3.32365871675e-05	0.214641879928	4.98548807513e-05	0.00104695249578	3.32365871675e-05	0.0352041931278	0.0173029672794	0.0322394895525	9.63861027858e-05	0.146088095236	0.0336154842612	0.0305743365354	0.0701790538042	0.0534179095234	3.04057300071e-05	0.0176689543072	8.7623281576e-05	0.0322518887922	0.0183717409435	0.100584085748	0.012950773455	0.131818325852	3.70125189088e-05	5.51575981989e-05	4.38167106681e-06	0.034629061152	5.15590834051e-05	0.0165471586009	0.000130877283519	0.0491877357752	0.0497793547793	0.0478147037757	0.0501430129489	0.035988463939
PD_232S_1_bbduk_polyg_filt	2.04047236119e-05	0.105002707707	0.0	0.134997651416	0.0	0.0	0.0	0.112470836549	0.15162750116	0.0148587197342	0.0	0.030766242262	8.16188944476e-06	0.0177031382057	0.0616385890868	4.08094472238e-06	0.0632709669758	5.72849753212e-05	0.0339792356387	0.000100941931219	0.0354711413013	2.62254817971e-05	0.0180549600314	0.0136637450338	7.51600957013e-05	0.0453834323452	0.0323871840222	0.0149599957969	0.0318051684609	0.0114756205431	0.0170821734232	0.0175979533222	0.0160451301956	0.0790187480332	6.30318668318e-06	0.0	0.01783565477	0.0
PD_232S_2_bbduk_polyg_filt	0.0605408149565	0.0180785851201	6.12141708357e-05	0.161789053519	6.12141708357e-05	0.198680793809	2.04047236119e-05	0.00102023618059	0.000122428341671	0.033912650643	0.0162095124373	0.0307458375384	0.000142833065283	0.13568325013	0.032251706141	0.0291665119308	0.0652420632767	0.0511229411395	1.24255533327e-05	0.0172488442517	9.42267122107e-05	0.0301777796428	0.0175057451343	0.0967714209399	0.0125945187865	0.127027348227	5.4576621856e-05	9.70151650532e-05	1.05215871667e-05	0.0328774635997	5.0359699751e-05	0.0150106990231	0.000196931226663	0.0477113111916	0.0465488980178	0.0444453168193	0.0479709456379	0.0345179279659
PD_25P_1_bbduk_polyg_filt	2.66352867475e-05	0.10883178165	2.66352867475e-05	0.148917888205	0.0	0.0	0.0	0.129127870152	0.156136050914	0.0162741602027	0.0	0.0323938357423	1.59811720485e-05	0.0177763903753	0.0662899016572	3.1962344097e-05	0.0664603674924	8.03469359267e-05	0.0345749338425	0.000135580581471	0.0351629999099	5.4406747017e-05	0.0163553468768	0.0152058404025	0.0001091684286	0.048130452985	0.0345111158902	0.0163163281804	0.0326255997335	0.0130747574935	0.0180223771943	0.0170126039913	0.0163026582947	0.0838086364558	0.0	0.0	0.0185804209686	0.0
PD_25P_2_bbduk_polyg_filt	0.0594499600204	0.0181386302751	2.66352867475e-05	0.171211623213	2.66352867475e-05	0.220167280255	2.66352867475e-05	0.00125185847713	5.3270573495e-05	0.0342476516999	0.0170785458625	0.0332142025741	0.000127849376388	0.149200222245	0.034141110553	0.0310194549461	0.0676696095107	0.0530722444589	2.74411691519e-05	0.0178408967135	5.25282764089e-05	0.0332139087565	0.0175492395874	0.101263608217	0.0140700537194	0.132969785173	1.49152697087e-05	8.60061302042e-05	0.0	0.0347913297003	7.27143361858e-05	0.0167650185666	0.000101206031799	0.0499417819409	0.0485433336671	0.0470415072122	0.0492651295247	0.0368031001658
PD_26P_1_bbduk_polyg_filt	0.0	0.126390293225	0.0	0.0758341759353	0.0	0.0	0.0	0.10111223458	0.126390293225	0.010111223458	0.0	0.0505561172902	0.0	0.00505561172902	0.0353892821031	0.0	0.0556117290192	0.0	0.0208268249505	0.0	0.0385441330323	0.0	0.023537719195	0.00608235508789	0.0	0.026380003957	0.0413736036409	0.0143843498274	0.0452352231604	0.0236332125414	0.0	0.00861697544162	0.0454256382302	0.0851788756388	0.0	0.0	0.0113301608883	0.0
PD_26P_2_bbduk_polyg_filt	0.126390293225	0.0252780586451	0.0	0.227502527806	0.0	0.176946410516	0.0	0.0	0.0	0.0151668351871	0.010111223458	0.0202224469161	0.0	0.116279069767	0.0404448938322	0.0252780586451	0.0758341759353	0.0609787082677	0.0	0.026740827896	0.0	0.0227985180963	0.0117716303708	0.0851633311029	0.0	0.112115016817	0.0	0.0	0.0	0.0236406619385	0.0	0.00861697544162	0.0	0.0189286390309	0.0699580251849	0.0532197977648	0.0113442994895	0.0
PD_27P_1_bbduk_polyg_filt	2.09717116776e-05	0.113519875311	6.29151350327e-05	0.138937589864	0.0	0.0	0.0	0.119706530255	0.151457701735	0.015414208083	0.0	0.030740334977	1.6777369342e-05	0.0179601738807	0.0628270538436	1.25830270065e-05	0.0634603995363	8.001688272e-05	0.0334556882604	0.000118427862234	0.0351756602255	3.70515077092e-05	0.01751983786	0.0140276278081	0.000102331573742	0.0461967735192	0.0329347553175	0.0161504139591	0.032110107652	0.0116438619728	0.0180351856706	0.0178834513428	0.0171807511817	0.0804584847884	0.0	8.05134244461e-06	0.0177879337391	0.0
PD_27P_2_bbduk_polyg_filt	0.0627054179159	0.0190423142032	6.29151350327e-05	0.162572708924	2.09717116776e-05	0.209255739119	0.000104858558388	0.00117441585394	6.29151350327e-05	0.0340203106833	0.016039165091	0.0310339389404	0.00012163592773	0.13839232536	0.0318979734616	0.0290835697544	0.0682964762491	0.0523861515088	2.14436941344e-05	0.0169270184515	8.10224456481e-05	0.0311620657615	0.0170765843238	0.0971529656353	0.0128435719457	0.127823915032	4.96460512358e-05	6.88775558524e-05	2.39202260461e-05	0.0337744869708	7.81376668483e-05	0.0160409101056	0.000170832706947	0.0473574832981	0.0469475526245	0.0453665205887	0.0474913317738	0.0347009334923
PD_28P_1_bbduk_polyg_filt	0.0	0.128059877786	0.0	0.147042871434	0.0	0.0	0.0	0.128662512505	0.160602152611	0.0138605985368	0.0	0.0301317359496	0.0	0.0198266822548	0.0650242861792	0.0	0.064542178404	6.0553580836e-05	0.0355611738774	6.34234855899e-05	0.0356827406432	0.0	0.0169973990511	0.0151477733491	0.0	0.0490732118224	0.0314493231559	0.0140967861845	0.0308846974221	0.01239544215	0.0180932243762	0.017067293612	0.0143206445351	0.0865444780334	0.0	0.0	0.019408790254	0.0
PD_28P_2_bbduk_polyg_filt	0.0720148489195	0.0189829936482	0.0	0.163916643566	0.0	0.210922151647	0.0	0.000602634718991	0.0	0.0357362388362	0.0164519278285	0.0323012209379	0.000361580831395	0.145777338524	0.0317588496908	0.0320601670503	0.0664706095048	0.0523188007368	0.0	0.0164273078941	0.000130472761528	0.0331922550509	0.0163740158245	0.0990061334982	0.0124319407078	0.127601000713	0.0	0.0	0.0	0.0349865792951	0.000192501304196	0.015048984951	0.000212190109607	0.049606666432	0.0469262714303	0.047951331229	0.0477794162154	0.0344715643062
PD_29P_1_bbduk_polyg_filt	3.04113777479e-05	0.107686688605	0.0	0.141869077194	3.04113777479e-05	0.0	0.0	0.116232285753	0.148833282698	0.0155645431314	0.0	0.0313541304581	2.43291021983e-05	0.0178089028092	0.0632435011646	1.82468266488e-05	0.0644295448968	5.49731892702e-05	0.034538270196	7.64014703718e-05	0.0357206900637	4.6994471906e-05	0.0174841582668	0.0135565739604	7.38077102486e-05	0.0453925007984	0.0329045017234	0.0152641802266	0.0323645752784	0.0108711810999	0.0172981024973	0.0166489564665	0.0168878176052	0.0770758243771	0.0	0.0	0.0179441655315	0.0
PD_29P_2_bbduk_polyg_filt	0.0612789261621	0.0178818901158	0.00015205688874	0.163765269173	6.08227554959e-05	0.204303635711	0.0	0.00109480959893	6.08227554959e-05	0.0352102931566	0.0167384223125	0.0318893707065	0.000133810062091	0.141893406296	0.0334768446249	0.0290611125759	0.0668746196677	0.0523653942745	1.24487361047e-05	0.017273584093	0.000124079371876	0.0320381729594	0.017623359888	0.0987982226743	0.012223250586	0.126219059834	2.37303041442e-05	7.38231906695e-05	3.40521283602e-05	0.0334555144632	8.2639445111e-05	0.0162399363234	0.000188770481225	0.0476946121651	0.0480265892566	0.0443070403364	0.0475907764731	0.03470573957
PD_2P_1_bbduk_polyg_filt	0.0	0.109449467061	0.0	0.13573429711	0.0	0.0	0.0	0.114289550014	0.153893440451	0.0150855140203	0.0	0.0308988069372	2.11974435883e-05	0.0179683663484	0.0612606119702	0.0	0.0645532815409	5.67816165542e-05	0.0339251270635	8.90234065534e-05	0.0347864854618	2.35528667254e-05	0.0178583770738	0.0136492221954	3.47083840618e-05	0.0453906492923	0.031993027314	0.0157919942655	0.0307721783496	0.0116939201729	0.0180642661801	0.0177698627481	0.016647111493	0.0776507695477	0.0	0.0	0.0182012703503	0.0
PD_2P_2_bbduk_polyg_filt	0.0614019282608	0.0177351944689	0.000141316290589	0.167565791566	7.06581452943e-05	0.206427771477	7.06581452943e-05	0.00113053032471	3.53290726472e-05	0.0342409372096	0.0160959254981	0.0319728107457	0.000105987217942	0.136377286233	0.0321211928508	0.0288497207237	0.0680367281039	0.0532545159872	1.44828307851e-05	0.0185917250502	0.000129607034521	0.0294268115626	0.0176081560525	0.0980638280472	0.0124436661609	0.127174090749	7.47548973802e-05	0.000116624332034	1.01164105478e-05	0.0332407964347	0.000109822237334	0.0166830231334	0.000227254269659	0.0480144430602	0.0461757201656	0.0436825818671	0.0483363156967	0.032940246393
PD_30P_1_bbduk_polyg_filt	0.0	0.110096069094	0.0	0.146181912305	0.0	0.0	0.0	0.119216666829	0.159304037108	0.0163738161698	0.0	0.0323438746534	7.20995868333e-06	0.0185079639401	0.0660576414567	1.44199173667e-05	0.0670093560029	5.79455898155e-05	0.0357869104147	9.83605639511e-05	0.0369574117666	3.99232866063e-05	0.0185011244161	0.0144538579247	8.76471123914e-05	0.0479820920029	0.0350056416222	0.0161087128	0.0335042159388	0.0118261207975	0.0181069460293	0.0169453205316	0.0175754356664	0.0798855905624	0.0	0.0	0.018911146987	0.0
PD_30P_2_bbduk_polyg_filt	0.0600229060387	0.0171957514597	0.00010814938025	0.168208336082	0.00010814938025	0.215000967937	7.20995868333e-05	0.000901244835416	3.60497934167e-05	0.0356244058543	0.0169578228232	0.0323871344055	0.000144199173667	0.144206383625	0.0335984074643	0.0313633202725	0.0713281212542	0.0543605293158	2.95582169774e-05	0.0177887286197	9.31928885439e-05	0.0332895355156	0.0194479240102	0.100980188152	0.0131916280757	0.133257897266	3.75313914904e-05	8.75526836114e-05	1.00952068866e-05	0.0343480476343	5.4476776169e-05	0.0174336529994	0.000270962195001	0.0499405933446	0.0486350811983	0.0470499881125	0.0491514140811	0.0342357935575
PD_31P_1_bbduk_polyg_filt	2.7079524711e-05	0.108724291715	2.7079524711e-05	0.142465379505	0.0	0.0	0.0	0.120233089717	0.152647280796	0.0156682129978	0.0	0.0319592550639	2.16636197688e-05	0.0178454067846	0.062970726763	2.7079524711e-05	0.0634960695424	8.15845991773e-05	0.0332053384871	0.000113468855239	0.0356369202455	5.39593869278e-05	0.0180353384979	0.0137231932078	0.000119448292228	0.045222586743	0.0332339250934	0.0160368003937	0.0318752307067	0.0112403512541	0.0175288227017	0.0174575740146	0.0159148088551	0.0787256871398	0.0	2.11708115058e-05	0.0183826863581	0.0
PD_31P_2_bbduk_polyg_filt	0.0590875229194	0.017710009161	0.000108318098844	0.166376599824	2.7079524711e-05	0.202148651968	5.4159049422e-05	0.00108318098844	2.7079524711e-05	0.033638185596	0.0169030393246	0.0315584780982	7.58226691908e-05	0.142107929778	0.0319863345886	0.0288342779123	0.0668647624164	0.0516109058756	1.10871948e-05	0.0172592356485	7.57276465677e-05	0.0312561025996	0.0178940984929	0.0979248170663	0.0128216673968	0.129367826093	0.0	2.98241871623e-05	1.55501128433e-05	0.0343809764441	9.32910108768e-05	0.016004353468	0.000195126121162	0.0482354010562	0.0476143691106	0.0453894081558	0.0491058594937	0.0339271694837
PD_32P_1_bbduk_polyg_filt	2.36528238515e-05	0.111664981403	0.0	0.13799057435	0.0	0.0	0.0	0.114432361794	0.153388562677	0.016022422877	0.0	0.0306587902763	2.36528238515e-05	0.0172665614116	0.0643593337	1.41916943109e-05	0.0649695765553	7.13442900406e-05	0.0342557452074	0.000115462305297	0.0355682860718	4.85052252523e-05	0.01742753527	0.0139129288691	0.000110494002109	0.0451603481974	0.0330650325385	0.0159532171729	0.0308885053845	0.0107449667139	0.0183421146207	0.0173009649076	0.0173164122814	0.0788262290307	0.0	0.0	0.0179829419933	0.0
PD_32P_2_bbduk_polyg_filt	0.0617575230763	0.017361172707	9.4611295406e-05	0.161170341724	2.36528238515e-05	0.213845180441	9.4611295406e-05	0.00108802989717	9.4611295406e-05	0.0344101281392	0.0166799713801	0.0317278979144	0.000146647507879	0.142678564037	0.0318698148575	0.0292632736691	0.0673963562825	0.0522389128104	9.74590144642e-06	0.0173051968003	9.86771855854e-05	0.0320210108711	0.0173615535385	0.0993451883812	0.0126711145307	0.128182699513	4.0558007888e-05	0.000120923620302	7.49431649773e-06	0.0335817036133	4.16915530495e-05	0.0154352992254	0.00019553433108	0.0492156968724	0.0465622334982	0.0446744758562	0.0475145312016	0.0346224050014
PD_33P_1_bbduk_polyg_filt	2.27152749321e-05	0.112599617838	2.27152749321e-05	0.14530961374	0.0	0.0	0.0	0.124207123328	0.154691022287	0.016064242432	0.0	0.0322647765135	1.36291649592e-05	0.017731543612	0.0640207308685	9.08610997282e-06	0.065860668138	7.29856418996e-05	0.0348424868727	0.00013776242376	0.0369770974382	3.00503072193e-05	0.0176558802365	0.0143480697767	9.38300660232e-05	0.0482691880614	0.0339652828031	0.016997075474	0.0328848490931	0.0125697236356	0.0184357199774	0.0176327670064	0.0162939973798	0.0816831216433	0.0	0.0	0.0188384439296	0.0
PD_33P_2_bbduk_polyg_filt	0.0616038256157	0.0176270533473	4.54305498641e-05	0.168592770546	2.27152749321e-05	0.216681007577	6.81458247962e-05	0.00115847902153	9.08610997282e-05	0.034436356797	0.0172318075635	0.0333959972051	8.63180447418e-05	0.147649287058	0.0330370958612	0.0298387851508	0.0694860260172	0.0539550049562	1.85830049871e-05	0.0179239385577	7.79525338252e-05	0.0326864593212	0.0173730493836	0.102320023483	0.0136062427318	0.132043110341	4.16636410927e-05	6.19927059382e-05	6.46759202818e-06	0.0337004013381	5.65142691112e-05	0.0159261158415	0.000100833646047	0.0499459006358	0.0490581805779	0.0465197387192	0.0497355466416	0.0357082252551
PD_34P_1_bbduk_polyg_filt	2.14068129323e-05	0.109346000458	0.0	0.141135117663	6.42204387969e-05	0.0	0.0	0.117138080365	0.15783243175	0.0158838551958	0.0	0.0315750490751	4.28136258646e-06	0.0180373805767	0.0635953598592	1.28440877594e-05	0.0642803778731	6.45378192912e-05	0.0343726591707	0.000117420405562	0.0359540781818	4.80783261319e-05	0.0176211962914	0.0131559878546	9.71625197523e-05	0.0455525403146	0.033684874902	0.015947225989	0.0312159457617	0.0116524750566	0.0177763175404	0.0161369989641	0.0160835162697	0.0801025299125	0.0	0.0	0.0181905844281	0.0
PD_34P_2_bbduk_polyg_filt	0.0630430640856	0.0189236226321	0.000171254503458	0.163719305306	0.0	0.204970233827	2.14068129323e-05	0.00094189976902	8.56272517291e-05	0.0348973864422	0.0166245309232	0.0307102138327	9.4189976902e-05	0.140411567385	0.0327738305993	0.030282077574	0.0686045540854	0.0535151857192	2.63871075759e-05	0.0176815500004	8.8423847707e-05	0.0316276898742	0.0178464719139	0.0989256328187	0.012540400008	0.129988613038	2.35706895882e-05	4.94349003847e-05	1.29782400338e-05	0.0339176016396	6.45697520127e-05	0.0158743009355	0.000111651059178	0.0484692285461	0.0465547882977	0.0443592261118	0.048226597037	0.0338974564902
PD_35P_1_bbduk_polyg_filt	0.0	0.110467554548	2.26693114197e-05	0.136809294418	0.0	0.0	0.0	0.121575517144	0.15297251346	0.0156146217059	0.0	0.030803060357	4.53386228393e-06	0.0173873618589	0.0640997449702	4.53386228393e-06	0.0646891470672	5.00731956317e-05	0.0338219890677	0.00011855799148	0.0352916928039	3.5096323615e-05	0.0171310214065	0.0141975996199	7.22293207594e-05	0.0470081763061	0.0331015901793	0.0153045272568	0.0312869726968	0.0115947862542	0.0171630313	0.0167560882499	0.0162641636352	0.0824201169376	0.0	0.0	0.0179346828813	0.0
PD_35P_2_bbduk_polyg_filt	0.0615698498158	0.0195409464438	2.26693114197e-05	0.162629640125	2.26693114197e-05	0.217421365826	4.53386228393e-05	0.000929441768206	0.0	0.0333465570983	0.0164080476056	0.0315511476339	0.000108812694814	0.138863134032	0.0318186455086	0.0293386228393	0.0673777274015	0.0521129744463	3.2450721609e-05	0.0173386327454	7.79104343594e-05	0.0318040178558	0.0173184343369	0.097305013847	0.0140523654815	0.128943148135	3.00236628496e-05	5.62937367151e-05	6.52273767649e-06	0.0339293126383	7.82475452145e-05	0.0158057974029	0.000163442974513	0.0474678227647	0.0470152619355	0.0451994073071	0.0480577226029	0.035661120338
PD_36P_1_bbduk_polyg_filt	0.0	0.105207785376	0.0	0.105207785376	0.0	0.0	0.0	0.105207785376	0.105207785376	0.0	0.0	0.0526038926881	0.0	0.0105207785376	0.0631246712257	0.0	0.0420831141504	0.0	0.0216637781629	0.0	0.0340328984685	0.0	0.0	0.0248601615911	0.0	0.0402738622634	0.0278551532033	0.0	0.0458505272811	0.0161108425971	0.0338294993234	0.0527518902761	0.0366099212887	0.132350160711	0.0	0.0	0.0219973603168	0.0
PD_36P_2_bbduk_polyg_filt	0.105207785376	0.0	0.0	0.157811678064	0.0	0.0526038926881	0.0	0.0	0.0	0.0105207785376	0.0105207785376	0.0210415570752	0.0	0.126249342451	0.0210415570752	0.0420831141504	0.0315623356128	0.0951977998731	0.0	0.0445732114999	0.0	0.0466417910448	0.0120365912374	0.0622897720194	0.0129249062944	0.0939975829193	0.0	0.0	0.0	0.0484496124031	0.0	0.0175932441942	0.0	0.0379867046534	0.0398009950249	0.041727519299	0.0889679715302	0.0
PD_38P_1_bbduk_polyg_filt	8.04454748616e-05	0.110639343093	2.68151582872e-05	0.147778337321	0.0	0.0	0.0	0.123001131063	0.160595982982	0.0159925604025	0.0	0.0320977444698	0.0	0.0185721786297	0.0660457348614	1.60890949723e-05	0.0675634728204	5.38570101766e-05	0.0353991240254	8.43647818431e-05	0.0369474926785	3.58080495182e-05	0.0184464449742	0.0143266530722	6.66208359729e-05	0.0473732451651	0.0340963913023	0.0158031043748	0.0329985757425	0.0116572112347	0.0178807825376	0.0183109952592	0.0171978551818	0.0820890200547	1.04131207821e-05	0.0	0.019054181349	0.0
PD_38P_2_bbduk_polyg_filt	0.0617821246937	0.0176711893113	2.68151582872e-05	0.166361242014	0.0	0.221359131661	5.36303165744e-05	0.0010457911732	5.36303165744e-05	0.0359323121048	0.0170544406707	0.0332347071812	0.000101897601491	0.145241623347	0.0329021992184	0.0312450224362	0.0697676788316	0.0526617532572	1.64701539399e-05	0.0170084451092	8.09910153196e-05	0.0329751525511	0.0178423877944	0.101984611832	0.0133450496162	0.130219919108	2.17328861671e-05	4.54364534849e-05	0.0	0.0349080831311	8.70609494554e-05	0.0156077419883	8.63822342842e-05	0.0499084085337	0.04754289801	0.0463456900979	0.0511255661714	0.0337830451642
PD_39P_1_bbduk_polyg_filt	4.26803425866e-05	0.111139612095	4.26803425866e-05	0.146308214387	0.0	0.0	0.0	0.111907858262	0.165386327523	0.0161843859088	0.0	0.0318309995011	0.0	0.0184549801344	0.0648911928686	2.56082055519e-05	0.0659069850222	4.28952767582e-05	0.035660888977	0.000108039439797	0.0375923368726	3.82253645171e-05	0.017542209955	0.0137380425541	0.000116888123614	0.0458406530357	0.0326022106846	0.015519707995	0.0311275483419	0.0105604668663	0.019057491504	0.0174780100424	0.0175405726594	0.0786764552478	3.24278662383e-05	0.0	0.0189774210063	0.0
PD_39P_2_bbduk_polyg_filt	0.0602646437322	0.0172855387476	0.00012804102776	0.159325718876	0.0	0.209773883813	0.0	0.00115236924984	4.26803425866e-05	0.0360648894857	0.0164233958273	0.0314980928289	9.38967536905e-05	0.144814402396	0.0319761126659	0.0314724846233	0.069995761842	0.0544342416345	0.0	0.0179620856836	2.78058359259e-05	0.0319193201911	0.0178296258248	0.0982612026012	0.0117107529047	0.127952255284	1.14761693327e-05	5.98323449828e-05	1.2476657733e-05	0.033817082361	6.7971696042e-05	0.0175507925921	0.000134481607025	0.0482581766076	0.0453158088409	0.0443797696053	0.0438401124039	0.0317216937609
PD_3P_1_bbduk_polyg_filt	0.0	0.108838275064	2.61693375965e-05	0.14089571362	0.0	0.0	0.0	0.115720810852	0.164971504208	0.0163034973226	0.0	0.0312304874877	1.57016025579e-05	0.0179416978562	0.0632094180306	0.0	0.0654495133288	5.26035606298e-05	0.0337230028373	0.000110525607844	0.0358246192573	5.30227660316e-05	0.018118674385	0.0134009486347	0.000105858486523	0.0465787491339	0.0328101977611	0.0159639355316	0.0314931880669	0.0110918399373	0.018419965641	0.0169946425236	0.0175835231795	0.0797959970206	0.0	0.0	0.0178691874509	0.0
PD_3P_2_bbduk_polyg_filt	0.0585408082034	0.0174549481769	7.85080127895e-05	0.169263275574	0.0	0.204068494577	0.0	0.00102060416626	5.2338675193e-05	0.0349203640888	0.016397706938	0.0314869469961	9.94434828667e-05	0.139623883812	0.0326226962478	0.0307751410135	0.0691550915325	0.0536717827664	2.15177745156e-05	0.017739921804	8.54772402317e-05	0.0313795840279	0.0178206336424	0.0989399383062	0.0127304507685	0.13013514597	7.20532525415e-06	5.2790557911e-05	0.0	0.0335523090613	5.22358738744e-05	0.0178202119095	0.000173352319907	0.0483258088281	0.0463511215226	0.0449659505357	0.050022680872	0.0346772023387
PD_40P_1_bbduk_polyg_filt	0.0	0.108305833012	6.09144167673e-05	0.138793498604	6.09144167673e-05	0.0	0.0	0.117077509027	0.154357132088	0.0159717600764	0.0	0.0312308214766	3.04572083837e-05	0.0172509628285	0.0638200344471	2.43657667069e-05	0.0656718327168	5.50462587352e-05	0.0336304249223	9.55014305796e-05	0.0354231466864	4.69466250407e-05	0.0174202778804	0.0139069487556	6.63255958876e-05	0.0459639367746	0.0334517965783	0.0156887303305	0.0315519914535	0.011882184189	0.0167766567342	0.016743118559	0.0166414116256	0.0797453527824	0.0	0.0	0.0176603909178	0.0
PD_40P_2_bbduk_polyg_filt	0.0622545339362	0.0174824376122	3.04572083837e-05	0.162306463476	6.09144167673e-05	0.211007539682	0.0	0.0011269167102	3.04572083837e-05	0.0337283125641	0.0168367447945	0.0309262493928	0.000152286041918	0.142807758669	0.0317546854608	0.0299028871911	0.0677733800953	0.0527101248945	0.0	0.0174774917603	0.000117494692014	0.0318517304296	0.0174074263396	0.0989871954652	0.0130080423604	0.130446115796	4.74754306734e-05	5.75324339096e-05	8.54444302322e-06	0.0321832166258	4.6246243302e-05	0.0162341994752	0.000281242783737	0.0469883431451	0.046613042614	0.0449919245987	0.0492060533603	0.0329372141205
PD_41P_1_bbduk_polyg_filt	3.10032144133e-05	0.110278433668	0.0	0.127237191952	0.0	0.0	0.0	0.102248601135	0.154861055994	0.0153589924203	0.0	0.0306931822691	1.24012857653e-05	0.017386602643	0.0616405908965	2.48025715306e-05	0.0631659490456	4.97120059217e-05	0.0335237089246	0.000108033882476	0.0364064375201	2.62528000252e-05	0.0181358428164	0.0123644306515	9.10296702107e-05	0.0447401816806	0.0315576776822	0.0152243595211	0.0313365629614	0.0102103271062	0.0175946326236	0.0171948396929	0.017005230464	0.0758362120054	9.42866886713e-06	0.0	0.0190346987713	0.0
PD_41P_2_bbduk_polyg_filt	0.0628745188301	0.0179198579309	0.000155016072066	0.16115470852	3.10032144133e-05	0.18601928648	6.20064288265e-05	0.00124012857653	6.20064288265e-05	0.0336756914957	0.0158116393508	0.0311396285567	0.000142614786301	0.134057899123	0.0308171951268	0.0287089765467	0.0673141791341	0.0522413217235	3.13777958793e-05	0.0171142121044	0.000180649974738	0.030388495585	0.0176345195955	0.095588714527	0.0111200572641	0.124905522023	4.42314226366e-05	6.82394598468e-05	3.90359220265e-05	0.0328774133538	7.47687775554e-05	0.0152891946881	0.000133354776781	0.0472126963873	0.0454122618771	0.0428144967391	0.0479058210373	0.0347868759891
PD_42P_1_bbduk_polyg_filt	2.3364371343e-05	0.107569565663	0.0	0.136798394213	2.3364371343e-05	0.0	0.0	0.114018132154	0.155302976317	0.0154251579607	0.0	0.0303409726261	4.67287426861e-06	0.0179858930599	0.0622847411263	4.67287426861e-06	0.0626118423251	6.56076590756e-05	0.0339332996501	0.000140088795041	0.0346109763239	3.5329669983e-05	0.0170010138947	0.0134657509956	0.000126541084727	0.0448534556703	0.0322306276801	0.0154100980206	0.0310327923357	0.010926403907	0.0168094768925	0.0168064870004	0.0162040264624	0.0782042858449	8.17189415926e-06	0.0	0.0176702911198	0.0
PD_42P_2_bbduk_polyg_filt	0.0595791469247	0.0180139303055	0.000140186228058	0.164531902998	4.67287426861e-05	0.197335480363	0.0	0.000911210482378	2.3364371343e-05	0.034097963538	0.0162943125746	0.0309671377781	9.34574853722e-05	0.13528438295	0.0317054519125	0.0298222835823	0.0666865886873	0.0517741115383	1.89945843591e-05	0.0172168789566	7.88884304595e-05	0.0310713184677	0.0170279236183	0.0961696972761	0.012682342372	0.127206310908	1.76875852431e-05	7.34445410172e-05	0.0	0.0331865169779	4.8426096519e-05	0.0152753407276	0.00012855840204	0.0474964346416	0.045205819775	0.0439346756986	0.046259504063	0.0360781759323
PD_43P_1_bbduk_polyg_filt	3.87077495237e-05	0.112097642621	0.0	0.141244578012	0.0	0.0	0.0	0.118484421292	0.154753582596	0.0156766385571	0.0	0.0311210306171	1.54830998095e-05	0.0178210478807	0.0646806494541	4.64492994284e-05	0.0646651663543	7.784637687e-05	0.0348458344991	0.000139520847656	0.037169109793	3.50443687992e-05	0.0169988726442	0.0138831055715	9.81338667629e-05	0.0458643982158	0.0320806174073	0.0156980340442	0.0317686134266	0.0111299868847	0.0182504608722	0.0172223864155	0.0168778227524	0.0796961422282	1.52906578209e-05	1.60947970671e-05	0.0197798798859	0.0
PD_43P_2_bbduk_polyg_filt	0.0624743077313	0.018850674018	3.87077495237e-05	0.167952925183	0.0	0.213628069621	0.0	0.00154830998095	3.87077495237e-05	0.0349840640195	0.0175346105342	0.0326461159483	0.000123864798476	0.13982013283	0.0331183504925	0.0294643389374	0.0687681878038	0.0533562348403	3.19032718321e-05	0.0173339128813	0.00011859353489	0.0319095528019	0.0176265044508	0.0993474926855	0.0123655588958	0.129503680671	4.26775420424e-05	8.92002075243e-05	1.16676829218e-05	0.034297055756	8.96604009844e-05	0.0161493088244	0.00021152891833	0.0479790573166	0.0471497725303	0.044430001782	0.0475779075501	0.0342818717023
PD_44P_1_bbduk_polyg_filt	0.0	0.108279909588	0.0	0.137621684886	0.0	0.0	0.0	0.117887151313	0.154126433491	0.0153496899133	0.0	0.0306884314029	2.18968472372e-05	0.0169974276679	0.063238094821	0.0	0.0638183612728	3.84750914182e-05	0.034480814925	0.000114474525297	0.034912951607	3.62330786993e-05	0.0168639724457	0.0139938301042	4.66192952468e-05	0.0454181874255	0.0318089563406	0.0156367802735	0.0310239560415	0.0117029340187	0.0171439005272	0.017209615321	0.0168291812285	0.0795300270088	0.0	0.0	0.0181069208784	0.0
PD_44P_2_bbduk_polyg_filt	0.0586835505957	0.0179554147345	8.21131771395e-05	0.162939914504	2.73710590465e-05	0.205282942849	0.0	0.00109484236186	5.4742118093e-05	0.0340988653601	0.0159244821532	0.0314767179035	0.000131381083423	0.141158025715	0.0322431075568	0.0296702280064	0.0665335703302	0.0516998880312	1.11953599263e-05	0.0172920085049	8.22070430179e-05	0.0316814893078	0.0171391453221	0.0972110754995	0.0128013939	0.127820071771	7.17287819987e-06	8.20704432998e-05	1.5540473181e-05	0.0339051280089	0.000101404451655	0.0152962543772	0.000193679732301	0.0469901200846	0.0466714765071	0.045143425684	0.0486646377542	0.0363263441522
PD_45P_1_bbduk_polyg_filt	0.0	0.109180613604	0.0	0.137615326093	0.0	0.0	0.0	0.123853793484	0.153091623807	0.0154676153587	0.0	0.03037956	0.0	0.0173777334495	0.0648962621377	1.30235324378e-05	0.0645359444069	5.22712352656e-05	0.0342212018325	9.92110780172e-05	0.0354209651147	3.3129150491e-05	0.0170822196098	0.0145338128956	7.25861426417e-05	0.0476898434584	0.0331362015811	0.0160856019712	0.0314527134139	0.0123458396961	0.0179442997191	0.0167880312783	0.0160209853547	0.0829889974714	0.0	0.0	0.0184378373464	0.0
PD_45P_2_bbduk_polyg_filt	0.0598214256644	0.0171693569305	0.000130235324378	0.163423626207	4.34117747927e-05	0.21425881449	2.17058873964e-05	0.000933353158044	6.51176621891e-05	0.0346382551071	0.0165312038411	0.0318425368105	9.98470820233e-05	0.140224373758	0.032246266316	0.0294809362617	0.0675747686424	0.0524283161694	1.32694336385e-05	0.017033310517	6.9202903883e-05	0.0325676427004	0.0175261669324	0.100301803786	0.0141395830394	0.131263087674	3.33778166914e-05	6.93147000016e-05	1.20171869808e-05	0.034756210279	5.87317236665e-05	0.0163944457308	0.00014242447764	0.0485863854023	0.0476462242883	0.0449595513204	0.0492300119762	0.0362040006843
PD_46P_1_bbduk_polyg_filt	0.0	0.107589475322	0.0	0.141734790166	0.0	0.0	0.0	0.11695722341	0.162932810906	0.01542505078	0.0	0.0309922679267	1.0154740474e-05	0.0184968597734	0.0641576503149	5.07737023701e-06	0.0636905322531	0.000107080182456	0.0346221326517	0.000127612968583	0.0368379262769	7.86234604544e-05	0.0175719921564	0.0134416427844	0.000124113734848	0.0463839897789	0.0337168082403	0.0161951107886	0.0313766177413	0.0107322121714	0.0178859148815	0.0166065608308	0.0171637062013	0.081162523482	0.0	9.84748122602e-06	0.0197362671408	0.0
PD_46P_2_bbduk_polyg_filt	0.0595829397314	0.018380080258	7.61605535552e-05	0.168111728548	7.61605535552e-05	0.202104722284	2.53868511851e-05	0.00109163460096	0.000126934255925	0.0351404794104	0.0165522269727	0.0324596279252	7.61605535552e-05	0.142349151965	0.0326373358835	0.0305556140864	0.0689862294103	0.0530356389193	2.07850989132e-05	0.0180736662217	9.82375742567e-05	0.0326298117529	0.0181520558261	0.0999664901399	0.0121327191633	0.129625280316	1.33780141167e-05	2.78405640498e-05	7.25187509921e-06	0.0353229668872	7.11071501795e-05	0.0162939548436	0.000129781226921	0.0490688369773	0.0468911346343	0.0456113023742	0.0492540185198	0.0337447270506
PD_47P_1_bbduk_polyg_filt	2.85089044712e-05	0.109189104125	2.85089044712e-05	0.138866873679	0.0	0.0	0.0	0.120307576869	0.15041297999	0.0146706822409	0.0	0.030407597509	5.70178089424e-06	0.0173391156994	0.0628678361399	1.14035617885e-05	0.0633809964204	4.00560945548e-05	0.0342249841337	7.71679825292e-05	0.0361663257237	0.0	0.0168947533196	0.0138883646507	8.18993552473e-05	0.0462664721522	0.032702177889	0.0158908142682	0.0317366732321	0.0116498813607	0.017390512796	0.0170684224643	0.0166709117876	0.0794112514918	9.83739668643e-06	0.0	0.0181622751148	0.0
PD_47P_2_bbduk_polyg_filt	0.0611516000908	0.0171053426827	0.000199562331299	0.165380154838	2.85089044712e-05	0.206290432754	8.55267134137e-05	0.00128290070121	2.85089044712e-05	0.0336633143996	0.0166663055539	0.0317418142383	0.000142544522356	0.137652394349	0.032728222333	0.0291931181785	0.0665739937212	0.0518100262415	1.74501909022e-05	0.0171318677137	0.000188373914442	0.0314106878529	0.0170239035105	0.0972366068953	0.0132410798633	0.126136534646	2.92392766232e-05	0.000106096622649	7.86587425849e-06	0.0324029535219	9.34128327492e-05	0.0154175900655	0.000257496457584	0.0483992879729	0.0443036952316	0.0440400277435	0.0470389391026	0.0343651454418
PD_48P_1_bbduk_polyg_filt	5.917672745e-05	0.110039124693	0.0	0.139124486235	0.0	0.0	0.0	0.116252681076	0.16036893139	0.0157469271745	0.0	0.0318903384228	1.183534549e-05	0.0181968436909	0.064236337647	1.183534549e-05	0.0638576065913	7.13218984915e-05	0.0348310038951	0.000111617205569	0.0368502775768	6.54463068355e-05	0.0177917816801	0.0136584931405	0.000107901776581	0.0473094701697	0.0321502835754	0.0161571152746	0.0331473133331	0.0104992496657	0.0182854648652	0.0172734353115	0.0171132125351	0.0795247555105	0.0	0.0	0.018684029786	0.0
PD_48P_2_bbduk_polyg_filt	0.0620467987314	0.0184631389644	0.0001183534549	0.165724425224	2.9588363725e-05	0.19841956714	5.917672745e-05	0.000917239275476	2.9588363725e-05	0.0347840803951	0.0164925539403	0.031653631513	0.00021303621882	0.139035721144	0.0322217280965	0.0301268719448	0.0692426887893	0.0543298856451	3.63527217343e-05	0.0179090135296	0.000171847377125	0.0318933608534	0.0177387795814	0.0982733450513	0.0127187537521	0.130600439016	4.62512192014e-05	0.000119927860993	8.29994955291e-06	0.0337331890097	0.000125438025104	0.0155784484891	0.000232867117193	0.0482959650209	0.0461942534349	0.0438028668873	0.0475760512831	0.0343638996714
PD_4P_1_bbduk_polyg_filt	0.0	0.107760197266	2.81358217404e-05	0.141860813215	2.81358217404e-05	0.0	0.0	0.115328733314	0.153143277733	0.0156885342025	0.0	0.0318610045389	5.62716434809e-06	0.0176355330669	0.0622814550046	0.0	0.0644479132786	6.21952855069e-05	0.0337978818492	0.000136522993232	0.0348412953881	4.43921941273e-05	0.0173868986852	0.0136975494569	7.89172609196e-05	0.0453746025217	0.0334742948591	0.0153491180046	0.0329744971411	0.0112332186617	0.0179917950461	0.017546040525	0.0166939736476	0.0778351892399	0.0	0.0	0.0176712637792	0.0
PD_4P_2_bbduk_polyg_filt	0.0584943733984	0.0179506542704	8.44074652213e-05	0.163018951164	2.81358217404e-05	0.198667037309	2.81358217404e-05	0.000844074652213	2.81358217404e-05	0.0343707198381	0.0161049443642	0.0312307621319	0.000112543286962	0.142265969048	0.0321367355919	0.0299590229892	0.0680999429406	0.0525780370248	1.73327477946e-05	0.0174222077647	9.80116679215e-05	0.0314379211727	0.0167950365758	0.0982310177107	0.0126636298828	0.129331581078	2.36198693805e-05	4.13538318212e-05	8.70122625511e-06	0.0339135597335	8.69254133593e-05	0.0151021058266	0.000193639293458	0.0493464005524	0.0478595654521	0.044621339498	0.0453282329515	0.0341868876346
PD_50P_1_bbduk_polyg_filt	0.0	0.103288148325	0.0	0.140420664459	0.0	0.0	0.0	0.121641001127	0.152371359306	0.0153651790897	0.0	0.0342302045276	0.0	0.0202308191348	0.0659849079796	0.0	0.0672653395705	8.57585861496e-05	0.035680335675	8.94944280769e-05	0.036348549546	9.43718515191e-05	0.0149708457361	0.0103283306109	0.00010366701326	0.0428234728441	0.0344174649142	0.0165426163247	0.0323574378202	0.0102678018014	0.0178849774023	0.015537304523	0.0166773335082	0.0777293604994	0.0	0.0	0.0197080490391	0.0
PD_50P_2_bbduk_polyg_filt	0.0614607163588	0.0162188001502	0.0	0.161334380442	0.0	0.199747328166	0.0	0.00128043159081	0.0	0.0345716529518	0.0176699559532	0.0292792023765	0.0	0.140932837095	0.0326936866186	0.0280841328917	0.0676921501007	0.0519702826034	0.0	0.0144986033907	0.0	0.0316165991865	0.0184723735931	0.0937639455066	0.0122337094681	0.117537950267	0.000111396657877	0.0	0.0	0.0338140776772	0.000130564836539	0.0159485719894	0.0	0.0471233409271	0.0496275621	0.0471652241564	0.0451372683947	0.0330460529794
PD_51P_1_bbduk_polyg_filt	0.0	0.10779699383	0.0	0.136864915598	0.0	0.0	0.0	0.113097127714	0.153897116672	0.0149452733572	0.0	0.0311824543485	0.0	0.0178658679659	0.0623483457785	1.10419455908e-05	0.0642972491753	4.42945516816e-05	0.0346724219147	8.56095338886e-05	0.0346339980766	3.57515801454e-05	0.0173585314829	0.0139797125155	5.17713971832e-05	0.0453583489801	0.0319531555982	0.0152214861763	0.0326885332393	0.0116987746223	0.0172897035566	0.0173034281489	0.0162224336461	0.0782656101279	0.0	0.0	0.0179402759294	0.0
PD_51P_2_bbduk_polyg_filt	0.0617520807166	0.0175290886254	0.000165629183862	0.162095761273	5.52097279541e-05	0.204248388566	8.28145919311e-05	0.000855750783288	5.52097279541e-05	0.0345999365088	0.0161819712633	0.0308788008447	0.000121461401499	0.135964997032	0.0316020482809	0.0292225090061	0.0661357331162	0.052411740119	3.92734082838e-05	0.0179784258889	0.000174718724693	0.0309799108477	0.0172982113222	0.098415499772	0.0121798998388	0.126550716917	3.44790539058e-05	0.000114132988043	2.95510326387e-05	0.0323423412318	8.73683408744e-05	0.0157955822355	0.000179985986805	0.0468526331858	0.0466269795875	0.0445034640599	0.0492317231213	0.0340737674007
PD_52P_1_bbduk_polyg_filt	7.33126811511e-05	0.108576080785	0.0	0.136581524984	0.0	0.0	0.0	0.115760723538	0.154983007953	0.015476306991	0.0	0.0312385334385	1.46625362302e-05	0.0178809629327	0.0614580206089	7.33126811511e-06	0.063694057384	3.68395823334e-05	0.033844178391	6.95187157514e-05	0.0360773098837	8.19455579935e-06	0.017351447601	0.0136859401995	2.72717355733e-05	0.0455678688008	0.0328501541396	0.0155473763675	0.0317628397319	0.0107848978178	0.0171801957432	0.0165437929041	0.017031122613	0.0780078007801	1.35453744307e-05	0.0	0.0189313806388	0.0
PD_52P_2_bbduk_polyg_filt	0.0607395563336	0.0172284800705	0.000146625362302	0.159381768822	0.0	0.205055569179	3.66563405755e-05	0.00131962826072	3.66563405755e-05	0.0344862852135	0.0159528394185	0.0308353136921	0.000139294094187	0.137028732339	0.0320889605398	0.0292444285112	0.067447666659	0.0531672652036	7.52944578008e-06	0.0171097697944	0.000119228676309	0.0302967847465	0.0160735800732	0.0975860131274	0.013154669826	0.124138630154	2.9437432993e-05	0.000102090840839	1.06343993468e-05	0.0332105231245	9.24976861126e-05	0.0151091509442	0.000176379197132	0.0475245590109	0.0461925514884	0.0436946738395	0.0493085344992	0.0345437859759
PD_53P_1_bbduk_polyg_filt	5.79996781018e-05	0.106255410282	2.89998390509e-05	0.134414254001	2.89998390509e-05	0.0	2.89998390509e-05	0.110663385818	0.149436170629	0.0151379159846	0.0	0.0309138284283	0.0	0.017539102658	0.0624076536375	3.47998068611e-05	0.0637126463948	4.65588851754e-05	0.0336714923623	0.000102408620637	0.0362882054343	3.78360240947e-05	0.0169267079372	0.0125645656875	7.54564101009e-05	0.0451157465061	0.0320641534151	0.0154279223829	0.0321284426687	0.0102702635161	0.0176344388334	0.0164958043168	0.015708111286	0.0747094043454	9.49169505158e-06	0.0	0.0180425445862	0.0
PD_53P_2_bbduk_polyg_filt	0.060377664904	0.0174869029477	0.000115999356204	0.16103610625	0.0	0.193225927596	2.89998390509e-05	0.00115999356204	8.69995171527e-05	0.0341154106595	0.0161529103513	0.0307920291042	0.000243598648028	0.136577641994	0.0310820274947	0.0288722397591	0.0662240324566	0.0519775414652	4.13736941206e-05	0.0173136253593	9.23553590398e-05	0.0309763653233	0.017069868129	0.0961993563359	0.0118266493099	0.125492490824	2.91971783263e-05	0.000120655187834	5.45767518319e-05	0.0330456691309	0.000100059877498	0.0156683672241	0.000214596035481	0.0467267220448	0.0447926692468	0.0432823575433	0.0463089359678	0.034639998796
PD_54P_1_bbduk_polyg_filt	2.45964824079e-05	0.111495854755	0.0	0.137297564801	0.0	0.0	0.0	0.107683399982	0.154662681381	0.0157368294445	0.0	0.0314539817032	1.47578894447e-05	0.0180390601979	0.0619634584819	1.96771859263e-05	0.0633998930545	5.92459384317e-05	0.0348400745196	0.000143588683243	0.0355661310542	2.70339798744e-05	0.0171867134548	0.0132835683816	0.000137378373849	0.0446102189859	0.0329090938196	0.015617351499	0.0315047593672	0.0108629794004	0.017954350743	0.0165267714069	0.0169521923607	0.0773891036851	8.80308347365e-06	0.0	0.0182817117384	0.0
PD_54P_2_bbduk_polyg_filt	0.061933942703	0.0177832567809	7.37894472236e-05	0.164919414545	2.45964824079e-05	0.191582001475	4.91929648157e-05	0.00108224522595	7.37894472236e-05	0.0342579806977	0.0157909417058	0.0312178554721	0.000132821005002	0.138581501182	0.0321721989895	0.0294075543668	0.0676846002899	0.0530698978297	2.00810884392e-05	0.0181388308265	0.000105151796608	0.0314042823913	0.0174720892715	0.097153836556	0.0116541281747	0.128029662642	1.92877645751e-05	4.00984523935e-05	6.95361742476e-06	0.0329387892205	0.000120559165465	0.0158372325092	0.00028666517164	0.0479428279666	0.0458827562081	0.0456914858792	0.0480644041736	0.0343771033523
PD_55P_1_bbduk_polyg_filt	0.0	0.108838153371	2.63466844278e-05	0.137397959291	0.0	0.0	0.0	0.11257938256	0.161426135489	0.0168566086969	0.0	0.0324696538889	1.05386737711e-05	0.0185533351741	0.0645072221531	5.26933688557e-06	0.0652396599802	6.33501390694e-05	0.035389853368	0.000102345693264	0.0384146627637	2.77773163657e-05	0.0182614768199	0.0132741371681	8.30986143722e-05	0.0467713244406	0.0342142675567	0.0158979339682	0.0324840988393	0.0106768386811	0.0194213685625	0.0177924324052	0.0169855923495	0.0800679537711	8.37442173571e-06	8.77583276071e-06	0.01941007174	0.0
PD_55P_2_bbduk_polyg_filt	0.062072788512	0.0170989981937	2.63466844278e-05	0.161320748752	0.0	0.207480139869	0.0	0.00134368090582	5.26933688557e-05	0.0358841841907	0.0166194885371	0.0321008003069	7.90400532835e-05	0.141144457817	0.0332495157479	0.0309626235396	0.0704615728338	0.0544813755787	1.06501053269e-05	0.0178730932808	8.74196176616e-05	0.0323782886352	0.0184037809942	0.10063170066	0.0121803944916	0.134454431222	3.76624120904e-05	9.07030183632e-05	6.70092716709e-06	0.034247305255	5.76345415334e-05	0.01670785341	0.000132591569298	0.0501895984567	0.0476423528954	0.0453771820085	0.0509662059033	0.0350339860626
PD_56P_1_bbduk_polyg_filt	0.0	0.109404812533	1.48748895354e-05	0.13414175383	1.48748895354e-05	0.0	1.48748895354e-05	0.112707038009	0.153255986883	0.0153687358679	0.0	0.0310498444161	2.97497790707e-06	0.0177070685029	0.0624388363136	5.94995581414e-06	0.0633164547962	8.05777796864e-05	0.0343169361045	0.000141972118651	0.0354215023011	5.18358945557e-05	0.0179582802409	0.0141178271167	0.000113913100466	0.0460766748497	0.0331648733644	0.0165534569083	0.0319641947731	0.0114554708242	0.017642172912	0.0168044856647	0.0170447676955	0.0797950819757	0.0	0.0	0.0183388738998	0.0
PD_56P_2_bbduk_polyg_filt	0.0615225431182	0.0189654841576	0.000104124226747	0.16551289586	0.0	0.202149748785	1.48748895354e-05	0.00114536649422	0.0	0.0345037937662	0.0166628512575	0.0316448399975	0.000104124226747	0.140130384357	0.0320286121475	0.028973309837	0.0675200985789	0.0513164175679	2.11986067791e-05	0.0170649106733	8.84070731468e-05	0.0311256539117	0.0174257836176	0.0980945055412	0.0123924326345	0.127355103257	4.21832824507e-05	5.58880673787e-05	4.16345716163e-06	0.0336217055087	4.09159852526e-05	0.0158016512368	0.000144762430376	0.048476891993	0.0468883715269	0.0446343573964	0.0495400733688	0.0341967906335
PD_57P_1_bbduk_polyg_filt	2.27116584621e-05	0.109765445347	0.0	0.140358049296	0.0	0.0	0.0	0.116283691326	0.154552835834	0.0157618909727	0.0	0.0313875119946	1.36269950772e-05	0.0179149561949	0.0626660080286	4.54233169242e-06	0.0638878952538	6.39176740358e-05	0.0336332963843	0.000134366193466	0.0351033307303	4.6008045478e-05	0.0179056804381	0.0136331407077	6.8675116224e-05	0.0467661106238	0.0324558276124	0.0153675773966	0.0318547385682	0.0114755230389	0.0177702343309	0.017002908613	0.0164709677543	0.0807013476598	0.0	0.0	0.018184529514	0.0
PD_57P_2_bbduk_polyg_filt	0.0602994532168	0.0178059402343	2.27116584621e-05	0.163001572782	0.0	0.205813048983	2.27116584621e-05	0.000635926436938	6.81349753862e-05	0.0336450508457	0.0160707695278	0.0315692052623	7.26773070787e-05	0.136969469853	0.032282351338	0.0296750529466	0.0675762685881	0.0521801166864	3.269081101e-05	0.0173962385157	6.92595770288e-05	0.0310262463947	0.0174563456306	0.0965474404314	0.0134382208986	0.128531123081	4.36183815337e-05	9.12480656225e-05	6.82898154208e-06	0.0342647278691	2.25719894101e-05	0.0155405209192	7.49508447377e-05	0.0480936903445	0.0464530396299	0.0444592866172	0.0476676694539	0.0330041355342
PD_58P_1_bbduk_polyg_filt	2.72276728998e-05	0.109509700403	2.72276728998e-05	0.137200243742	0.0	0.0	0.0	0.119257207301	0.150106160697	0.0152692789622	0.0	0.0308598444646	2.72276728998e-05	0.017060859839	0.0637617643968	3.26732074798e-05	0.0649162177277	3.82745358092e-05	0.0343164497848	0.000102480512334	0.0347539983885	6.00364709554e-06	0.0171172974095	0.0145337722383	6.60754630684e-05	0.0455009490941	0.0317118238401	0.015894893561	0.031771668021	0.0117756201003	0.0168490934823	0.0168619001738	0.0168942500056	0.078730319274	0.0	0.0	0.0180045642412	0.0
PD_58P_2_bbduk_polyg_filt	0.0605815722021	0.0180791748055	8.16830186994e-05	0.162821483941	0.000108910691599	0.214771883834	0.0	0.00127970062629	0.000163366037399	0.0343994419416	0.0166361081418	0.0309034087413	0.000125247295339	0.138474498834	0.0319761790535	0.0290355903804	0.0678676974701	0.0520592976232	1.67048148956e-05	0.01679597384	8.7589317747e-05	0.0316887237916	0.0171366278593	0.0982785191383	0.0131827595672	0.12649209758	3.5490157763e-05	8.10645156369e-05	1.53201094744e-05	0.0339191673653	5.80472522877e-05	0.0158438956425	0.000225047214906	0.0464161166845	0.0466965498831	0.0445591463559	0.0511934032888	0.0357610184216
PD_59P_1_bbduk_polyg_filt	3.63589691941e-05	0.112094702026	0.0	0.146235774099	0.0	0.0	0.0	0.123547777322	0.15339849103	0.016288818199	0.0	0.0304615443908	6.54461445494e-05	0.0184194537937	0.0657879188599	3.63589691941e-05	0.0660278880566	4.38341080647e-05	0.0350786738442	0.00012228534184	0.0361733612265	2.42817321973e-05	0.0174104587961	0.0141278460191	5.38345159281e-05	0.0471634356034	0.0344090788044	0.0165118945693	0.0322761983565	0.0117250788778	0.0177480298654	0.0167381480044	0.0164737959207	0.0816202786874	0.0	0.0	0.0179655843971	0.0
PD_59P_2_bbduk_polyg_filt	0.0612285041229	0.0185067153198	7.27179383883e-05	0.171214385935	0.0	0.210009406065	3.63589691941e-05	0.00116348701421	0.0	0.0357117795425	0.0168851052938	0.032933954296	0.000130892289099	0.144083323123	0.0342356053932	0.0306724264122	0.0697146875328	0.0536022470717	2.98293248065e-05	0.0179307076744	0.000133574332859	0.0329195815984	0.017110504688	0.101453345564	0.0131365058833	0.131641914987	2.90635154066e-05	0.000100935225425	1.0527892757e-05	0.034485358229	8.03652531873e-05	0.01600707049	0.000188509136535	0.0502770234133	0.0476404078117	0.0466622302576	0.0502365422618	0.0349331365808
PD_5P_1_bbduk_polyg_filt	5.72901255026e-05	0.111429294103	0.0	0.144428406392	0.0	0.0	0.0	0.11649947021	0.165597107765	0.0159954030403	0.0	0.0322428826329	2.2916050201e-05	0.0178917061945	0.0636779744962	2.2916050201e-05	0.0666398739846	8.05320175169e-05	0.0351751379196	0.00014374245951	0.0366381713351	3.15839629017e-05	0.017856466053	0.0134418979179	0.000104605442914	0.0469367680106	0.0344766391982	0.0168408892084	0.0331885774315	0.0110237978052	0.0193411998883	0.0166506663925	0.0166817080888	0.0828308128178	1.06827312154e-05	0.0	0.018386043939	0.0
PD_5P_2_bbduk_polyg_filt	0.0624462367978	0.0176167135921	8.59351882539e-05	0.167946002911	0.0	0.207103803692	8.59351882539e-05	0.000859351882539	0.0	0.0353136333598	0.016866212948	0.0326782875867	6.87481506031e-05	0.145064326785	0.033222543779	0.0312403054366	0.0694528191468	0.0543710354933	0.0	0.0178786194471	5.52916913175e-05	0.0316866108276	0.0176881312834	0.100675683544	0.0124767917029	0.130478425719	7.52656293407e-06	5.49118406088e-05	8.18733339288e-06	0.0352552731522	5.37055389745e-05	0.0163803344797	0.000118115432834	0.0495568468394	0.0484862788962	0.0475681769234	0.0495187294624	0.0343517589361
PD_60P_1_bbduk_polyg_filt	2.58937151034e-05	0.108132154272	5.17874302067e-05	0.141379684464	2.58937151034e-05	0.0	0.0	0.125506837106	0.158340067857	0.0157640937549	0.0	0.0312433566437	2.07149720827e-05	0.0179288083376	0.0646462491271	1.03574860413e-05	0.0656198528149	6.75854439878e-05	0.0342136749297	0.000124399912401	0.0360594039292	3.42317415878e-05	0.0174667659333	0.0142322385189	0.000107039968346	0.0483426005223	0.0329135984455	0.0157055458726	0.0331802341783	0.0126686300228	0.0180890940804	0.0175988982201	0.0170965780251	0.0832646036828	0.0	0.0	0.0182078094969	0.0
PD_60P_2_bbduk_polyg_filt	0.0609796990684	0.0170121708229	5.17874302067e-05	0.167273399568	2.58937151034e-05	0.21411513019	2.58937151034e-05	0.00126879204006	2.58937151034e-05	0.034309172512	0.0172141418007	0.0325483998849	9.83961173928e-05	0.142705442678	0.033573791003	0.0299590283746	0.069146576812	0.0540790790856	4.23314646814e-05	0.0182062830283	5.54781758288e-06	0.0326186927875	0.016673566919	0.101158556705	0.013658033077	0.131637482366	1.35710860954e-05	4.94373988696e-05	0.0	0.0329950793794	5.61324906403e-05	0.0155295271066	0.000140440303172	0.0485764602556	0.0485768695497	0.045604409644	0.0502404363741	0.036237017783
PD_63P_1_bbduk_polyg_filt	0.0	0.105990113632	3.1256300098e-05	0.129869926907	0.0	0.0	0.0	0.106271420333	0.156687832391	0.0153780996482	0.0	0.0311312748976	1.25025200392e-05	0.0184412170578	0.0594119752263	6.2512600196e-06	0.0631064698978	6.26058547618e-05	0.0338517741046	8.2614791187e-05	0.0356660774726	3.24424969718e-05	0.0172714385591	0.0117578568964	8.11834545143e-05	0.0434106833616	0.0316400845837	0.0158494577221	0.0313166811089	0.00998041390426	0.017920036238	0.0164797973952	0.0161080481291	0.0767578298726	0.0	0.0	0.0192045121033	0.0
PD_63P_2_bbduk_polyg_filt	0.0604496843895	0.0173785028545	0.000125025200392	0.161595071507	6.2512600196e-05	0.18816292659	0.000187537800588	0.00093768900294	3.1256300098e-05	0.0341131259269	0.015303084528	0.0298247615535	0.000181286540568	0.132195395634	0.0305124001557	0.0289245801107	0.0660008032869	0.0517001155396	1.89082764551e-05	0.0167265940962	0.000109092339542	0.0298737218829	0.0170419822729	0.0949050459892	0.0118734898934	0.123695341579	4.90239781179e-05	9.2858164297e-05	7.29688393868e-06	0.0330932647032	0.000122433047679	0.0150507564164	0.00016983295958	0.0468827436558	0.0449395050367	0.0433279848099	0.0470193693069	0.0337770955638
PD_64P_1_bbduk_polyg_filt	4.67788767175e-05	0.10988358141	4.67788767175e-05	0.139354273742	0.0	0.0	0.0	0.118794957424	0.153738778332	0.0158627170949	0.0	0.0314213714912	2.33894383588e-05	0.0174952998924	0.0639186571469	2.80673260305e-05	0.065583985158	9.40135817661e-05	0.0339871523471	0.000143206559809	0.0358196916908	4.21759433796e-05	0.0179937209138	0.0143238741278	9.50219993745e-05	0.047625648387	0.0329244927741	0.0157439776569	0.0317826898638	0.0112792802833	0.0183425312505	0.0166611499931	0.0176170596098	0.0796825741539	0.0	0.0	0.0183041864081	0.0
PD_64P_2_bbduk_polyg_filt	0.0590583318559	0.0173315738239	2.33894383588e-05	0.164404362224	2.33894383588e-05	0.212609994681	2.33894383588e-05	0.00128641910973	7.01683150763e-05	0.0340409885874	0.0164240636155	0.0318189919433	0.000140336630153	0.14108509218	0.0335778777079	0.0299244474362	0.0685170207282	0.0527233172819	1.92213239831e-05	0.0173189153569	9.68022546977e-05	0.0317187458315	0.0179953320503	0.0991884929956	0.0132449646713	0.130373559729	4.54087592718e-05	6.1134385198e-05	2.13663465228e-05	0.0338342935405	4.70378907457e-05	0.0152886303223	0.000173000383715	0.0480277953584	0.0477537127665	0.0453194605098	0.050097878154	0.0368627521134
PD_65P_1_bbduk_polyg_filt	0.0	0.109911061447	2.82040188471e-05	0.134645985976	0.0	0.0	0.0	0.117272310366	0.155968224224	0.0158845034147	0.0	0.0319889981763	2.25632150776e-05	0.0173905980211	0.0650328266575	1.69224113082e-05	0.0644631054768	5.09612365053e-05	0.0332972704132	0.000100140856951	0.0357836693103	1.86720802421e-05	0.0169183862957	0.0136543822453	6.90032882137e-05	0.046356490952	0.0331506811898	0.0163437028592	0.0322154407601	0.0114773855211	0.019113984302	0.0171906644471	0.0170291619286	0.0802235145892	0.0	0.0	0.0183139548387	0.0
PD_65P_2_bbduk_polyg_filt	0.0618514133316	0.0176275117794	8.46120565412e-05	0.16975998944	0.0	0.215224867822	0.000112816075388	0.00129738486696	5.64080376941e-05	0.0338279002052	0.0164993510255	0.0308777598338	0.000101534467849	0.140568829934	0.0326151273947	0.0291968003105	0.068812165183	0.0534078083099	2.88094157468e-05	0.0174545134085	7.25495176152e-05	0.0324473539659	0.0177289993609	0.0989184354578	0.0134356995162	0.130874725187	5.22448219224e-05	4.66773542249e-05	0.0	0.0335097956344	9.76182045527e-05	0.0158539194216	0.000214229826732	0.0466158081152	0.048772055204	0.0441042741233	0.049254740929	0.0348878407138
PD_66P_1_bbduk_polyg_filt	3.45058061195e-05	0.10848625444	0.0	0.143820199906	0.0	0.0	0.0	0.119355583367	0.156276795915	0.0157484499129	0.0	0.0326977018788	2.07034836717e-05	0.0187573562065	0.0642912179618	2.76046448956e-05	0.0656369444004	6.24078790363e-05	0.0343486973522	0.000138008930631	0.037364198956	2.30962884264e-05	0.0174544952562	0.0138522326457	0.000102444094124	0.0451811862207	0.0338437132558	0.0155482204451	0.0321328599902	0.0113606121597	0.0178284879697	0.0179302052376	0.0165104753954	0.0803991537405	0.0	0.0	0.0186725150613	0.0
PD_66P_2_bbduk_polyg_filt	0.0599020794234	0.0190126991718	0.0	0.1669045842	0.0	0.205620098666	0.000103517418358	0.000759127734628	3.45058061195e-05	0.034892271148	0.0168043275802	0.0318074520809	7.59127734628e-05	0.141377188833	0.0329875506502	0.0301511733872	0.0687010599839	0.0550371280452	3.54118508025e-05	0.0181089623456	7.47168269617e-05	0.0319361449562	0.0176783077621	0.0989231387461	0.012652867471	0.129933233435	2.76751669712e-05	9.61636104589e-05	1.00392091352e-05	0.0339274305479	5.48959803516e-05	0.0157797056412	0.000144952797933	0.0481162711127	0.0488334728732	0.0457571486724	0.0477002597922	0.0347784405423
PD_6P_1_bbduk_polyg_filt	3.83357823509e-05	0.109180308135	0.0	0.14023229184	3.83357823509e-05	0.0	0.0	0.118265888553	0.148704499739	0.0142992468169	0.0	0.0306379572548	0.0	0.0173047721532	0.0632463737225	7.66715647018e-06	0.0649101466765	5.38885724432e-05	0.0337829678008	7.22247344838e-05	0.0355632399174	3.39204626208e-05	0.0170226039175	0.0135944641025	6.56370279854e-05	0.0455932507978	0.0323449884119	0.0150325781197	0.0324191575988	0.0120071440797	0.0167876858282	0.0174472382362	0.0164032897795	0.0789202712869	0.0	1.45738114729e-05	0.0186307283015	0.0
PD_6P_2_bbduk_polyg_filt	0.0593054552968	0.0170210873638	7.66715647018e-05	0.162237030909	3.83357823509e-05	0.21410534443	3.83357823509e-05	0.00107340190583	3.83357823509e-05	0.0337661570947	0.0165073878803	0.0308756391054	0.000115007347053	0.138560851729	0.0314736773101	0.0298099043561	0.0664052421882	0.0512407561091	1.56841734456e-05	0.0168770343929	0.000148289346457	0.0311827550291	0.01747861255	0.0984704361501	0.0132500906314	0.124878262182	2.0216935808e-05	0.000105129322734	0.0	0.0332639280012	0.000130792440482	0.0167167299842	0.000116625903754	0.0459340911946	0.0446076790188	0.0446690283632	0.0507775561977	0.0346456593487
PD_70P_1_bbduk_polyg_filt	3.44867781141e-05	0.113875341333	0.0	0.135739958657	0.0	0.0	0.0	0.113909828111	0.16074287279	0.0156500999082	0.0	0.0322658296036	0.0	0.0177331013063	0.0634625690856	1.37947112457e-05	0.064241970271	5.54272299708e-05	0.0344262295082	0.000101280379321	0.0368859192646	2.2923636248e-05	0.0172961283845	0.0138114851039	6.72984250234e-05	0.0456496946546	0.0335561782291	0.0156403926478	0.0317704642754	0.0113704146859	0.0172526313413	0.0177220274305	0.016311907362	0.0801485534025	0.0	0.0	0.0182178810633	0.0
PD_70P_2_bbduk_polyg_filt	0.0640764337361	0.0191746486315	6.89735562283e-05	0.166467677957	3.44867781141e-05	0.207024129019	3.44867781141e-05	0.000655248784169	0.000172433890571	0.0346799040716	0.0170916472334	0.0314657363513	0.000144844468079	0.139636964584	0.0334383800595	0.030210417628	0.0693184240094	0.0525798746078	3.53313069651e-05	0.0176741000136	0.000148561115034	0.0316670146167	0.0183605573953	0.0996638257487	0.0126781801705	0.127879542329	3.60849197241e-05	4.68035645969e-05	1.94390266257e-05	0.0332052554386	7.35111575235e-05	0.0153838281525	0.00017088838835	0.0473214010185	0.0475386145813	0.0447310507191	0.047812187625	0.0330505939457
PD_73P_1_bbduk_polyg_filt	7.96676901309e-05	0.10962274162	0.0	0.137347097786	7.96676901309e-05	0.0	0.0	0.107870052437	0.161167737135	0.017048885688	0.0	0.0336834993874	0.0	0.0192955145497	0.0625869373669	1.59335380262e-05	0.0631924118119	6.4119652401e-05	0.0333126314037	0.000101208923726	0.0364012654152	7.07929643828e-05	0.0180930078502	0.0121280995585	9.57845047874e-05	0.0433112546292	0.0324312440419	0.0161480905406	0.033059470578	0.00926482915699	0.017340022447	0.0177897620267	0.0169274394506	0.0726281154627	2.49953258741e-05	0.0	0.0184103607598	0.0
PD_73P_2_bbduk_polyg_filt	0.0591930937673	0.0175268918288	7.96676901309e-05	0.163079761698	0.0	0.200364240679	0.000159335380262	0.00111534766183	7.96676901309e-05	0.0344801762887	0.0160928734064	0.0283138970725	0.000143401842236	0.14086840969	0.0293495770442	0.0286485013711	0.0704581051518	0.0542776946888	0.0	0.0175605065725	8.64679552352e-05	0.0312036226645	0.0189461722024	0.0963047769517	0.0119739186977	0.126420434139	2.02459149817e-05	0.000104593604687	0.0	0.0321630219675	4.5278043409e-05	0.0169817270602	2.37443624947e-05	0.0477378556834	0.0480781377301	0.0419816808156	0.0444037642098	0.0328459910258
PD_74P_1_bbduk_polyg_filt	2.81225920031e-05	0.1093687603	2.81225920031e-05	0.142862767376	2.81225920031e-05	0.0	0.0	0.119745996749	0.157711495953	0.0153155636049	0.0	0.0318460231843	5.62451840061e-06	0.0183471790228	0.064344490503	2.81225920031e-05	0.0660824666888	6.21513415678e-05	0.0345465801711	0.000106337590421	0.0364550796355	4.3809432972e-05	0.0179684143854	0.0141027676581	8.33952601053e-05	0.0459361134002	0.0347692954541	0.0158721374518	0.0333615145734	0.011733564711	0.0181131391957	0.0180532916964	0.0165619376399	0.0821281350541	0.0	1.13272783744e-05	0.0189749425739	0.0
PD_74P_2_bbduk_polyg_filt	0.0606041857666	0.0167048196498	5.62451840061e-05	0.166766970578	5.62451840061e-05	0.210216375223	5.62451840061e-05	0.000871800352095	2.81225920031e-05	0.0345570410534	0.016581080245	0.0322509885091	0.000112490368012	0.145798765981	0.0329765513828	0.0305805065441	0.0698452694988	0.0541679671424	1.72966680102e-05	0.0175641589542	6.68048433754e-05	0.0325962520444	0.0177561536938	0.101987985522	0.0128646853337	0.128866565987	1.50496133077e-05	6.28033352025e-05	0.0	0.0345263406385	1.79710714272e-05	0.0164061425879	0.000148423578332	0.0496304616053	0.0472678128672	0.0459739814262	0.0506213710483	0.0339398346627
PD_75P_1_bbduk_polyg_filt	0.0	0.108524023574	0.0	0.141893089754	0.0	0.0	0.0	0.12194455168	0.158229683226	0.0157931449268	0.0	0.0321893851907	6.62742128695e-06	0.0181061149559	0.0649354737695	6.62742128695e-06	0.066101899916	4.65824673043e-05	0.0348741504678	0.000131653289538	0.0359143648081	2.92053302648e-05	0.0176185443037	0.0138898114276	4.81310782533e-05	0.0477280002192	0.0328356007112	0.0163258580503	0.0323329025377	0.0123209461403	0.0179076399111	0.0178001515063	0.0167417888113	0.0822813812581	1.18239452391e-05	0.0	0.018239381694	0.0
PD_75P_2_bbduk_polyg_filt	0.059381694731	0.0177283519426	6.62742128695e-05	0.168435912008	0.0	0.211646698799	0.0	0.000994113193042	3.31371064347e-05	0.0353970570936	0.0165818080599	0.0318049947561	9.27838980172e-05	0.140474821598	0.0328256176342	0.030532529869	0.0699325494199	0.0530047046084	2.03313288224e-05	0.0178154465257	8.52608441847e-05	0.0324415141856	0.0171382389606	0.0990664657918	0.0135979895192	0.129724810181	4.30381934701e-05	9.83033907163e-05	2.78757429466e-05	0.0339777433691	5.03919892056e-05	0.015667466128	0.000142734359937	0.0478969359442	0.048029455226	0.0462571842336	0.0495532200933	0.035727514122
PD_76P_1_bbduk_polyg_filt	0.000106902974504	0.112782638102	7.12686496693e-05	0.139045135505	0.0	0.0	0.0	0.114742525968	0.154510432483	0.0151445880547	0.0	0.0312655566099	2.85074598677e-05	0.0171757445703	0.0620251058072	3.56343248347e-05	0.0629515982529	5.01130227638e-05	0.033263348397	0.000112063526572	0.0351261676156	3.14974121726e-05	0.0176164611845	0.0131724026797	9.49391069199e-05	0.0460120154084	0.0314906749381	0.0158983956682	0.031189572683	0.0110953315415	0.0184604872393	0.0164014361355	0.0158567774346	0.079215305018	1.23041941307e-05	0.0	0.0181631652343	0.0
PD_76P_2_bbduk_polyg_filt	0.0611841357411	0.017033207271	7.12686496693e-05	0.169904460812	0.000178171624173	0.199872927998	0.0	0.00106902974504	3.56343248347e-05	0.0334820116147	0.0162991401794	0.0318285789423	0.000178171624173	0.136201516383	0.0319639893767	0.0291916389046	0.0672776052878	0.0537575134519	5.84096199476e-05	0.0178038638793	0.000206903908308	0.0305303332287	0.0175606562172	0.0987737907169	0.0129040020791	0.125124964353	7.38619262082e-05	0.000124363831171	2.9763023828e-05	0.0320945040066	0.000106841807456	0.0159370915496	0.000276818460839	0.0477646318317	0.0463864247984	0.0434860250325	0.0497440697819	0.0356854558299
PD_77P_1_bbduk_polyg_filt	0.000100336453212	0.109416902227	2.50841133029e-05	0.138940903585	5.01682266059e-05	0.0	0.0	0.116691295085	0.154342549153	0.0162043371937	0.0	0.032208001481	5.01682266059e-06	0.0176391484746	0.0637688328387	1.00336453212e-05	0.0655146871246	8.06657790406e-05	0.0335814941848	0.000142944142141	0.0352159731051	6.77324289097e-05	0.016993406453	0.013780258035	0.000132967465964	0.0456914675078	0.032898594043	0.0153526637807	0.0321926441539	0.0115250210334	0.0171103160596	0.0179327533865	0.0165569060589	0.0792079654356	0.0	0.0	0.017988311508	0.0
PD_77P_2_bbduk_polyg_filt	0.0622838533312	0.0175588793121	5.01682266059e-05	0.164752456174	0.0	0.210430626498	2.50841133029e-05	0.000928112192209	2.50841133029e-05	0.0334020052742	0.0167060194598	0.0327799192643	0.000130437389175	0.140661673758	0.0331511641412	0.029709623796	0.0684144106224	0.0529223049441	1.5461532943e-05	0.0175087945028	9.2807373928e-05	0.0316442388265	0.017766977661	0.0991502923939	0.013164656033	0.129104511102	1.37719497335e-05	9.35339882008e-05	0.0	0.0340264706876	2.47641196962e-05	0.0168787401016	0.000163411494564	0.0494905489683	0.0462912815625	0.0442387937113	0.0492736013737	0.0345697225625
PD_78P_1_bbduk_polyg_filt	0.0	0.108232125309	0.0	0.139165938901	0.0	0.0	0.0	0.108992792856	0.149887729092	0.0152278398527	0.0	0.0302600794789	0.0	0.0172780200041	0.0619690495242	2.17333584957e-05	0.0637366960152	4.36873046222e-05	0.0331483117103	6.11332702234e-05	0.035726685584	8.11566576702e-06	0.0164831597471	0.0131307241751	4.50168507076e-05	0.0457616368309	0.0320344238927	0.0157396710934	0.0310455893591	0.0115750154169	0.017725531966	0.0170273471357	0.0164512551922	0.076248369795	0.0	0.0	0.018823814363	0.0
PD_78P_2_bbduk_polyg_filt	0.0591871796367	0.0180024652873	7.24445283191e-05	0.158798406075	3.62222641596e-05	0.198715341179	0.0	0.00108666792479	0.0	0.0339837282345	0.0160174852114	0.0316727477811	5.79556226553e-05	0.136072557542	0.0311873694414	0.0301586571392	0.0650841642419	0.0517842974312	7.44414786132e-06	0.0172630282561	7.0810602802e-05	0.0306784963381	0.0167691804107	0.0971746232931	0.0122632912423	0.12636557592	3.88553373051e-05	8.08258216677e-05	1.05211194639e-05	0.0337626895095	8.00049923115e-05	0.0149657290767	0.000149347184787	0.0466232953237	0.0447352129173	0.0429773773536	0.0465007932877	0.0326519802121
PD_79S_1_bbduk_polyg_filt	0.0	0.108357357422	5.04222230906e-05	0.140753635757	0.0	0.0	0.0	0.116071957555	0.152955813745	0.0154039891542	0.0	0.0319172672164	1.51266669272e-05	0.0176326514148	0.063627803318	1.51266669272e-05	0.0643387566636	5.0657645148e-05	0.0343350089576	9.53789634066e-05	0.0359735599236	2.24334153798e-05	0.0173712570469	0.0133648895553	0.000111584857712	0.0456966345213	0.0328300351623	0.0157440784772	0.0316282540149	0.0105007835721	0.017846442997	0.0177041393111	0.0173204105389	0.0777475138284	0.0	0.0	0.017850329986	0.0
PD_79S_2_bbduk_polyg_filt	0.0615151121705	0.0172191891854	0.000126055557727	0.16576305841	2.52111115453e-05	0.204033525736	0.000126055557727	0.00118492224263	0.000100844446181	0.0349073050456	0.0167754736222	0.03109538498	0.000191604447744	0.139130040174	0.0324971227819	0.0297844071796	0.0669455855974	0.052309410314	1.03420728503e-05	0.0172429790632	0.000130699733699	0.0316720207731	0.0177775297581	0.0989824031948	0.0122751409611	0.127932233078	4.00641079145e-05	4.16544509204e-05	0.0	0.0336187934246	4.70304798269e-05	0.0164061398364	0.000196172269617	0.0486750274253	0.04847107135	0.0447560091736	0.0484664164227	0.0334604536833
PD_7P_1_bbduk_polyg_filt	0.0	0.108670779664	5.89001515795e-05	0.1361182503	2.94500757898e-05	0.0	0.0	0.112528739593	0.163595171012	0.016256441836	0.0	0.0331018851877	1.17800303159e-05	0.0186772380659	0.062051309689	2.94500757898e-05	0.0643071854945	8.28221824308e-05	0.0355996642771	0.000160756972432	0.0387046594842	3.2753485282e-05	0.0185029284013	0.0124304143791	0.000101831719882	0.0438869033971	0.0327629856027	0.0160185756574	0.0332804842882	0.00947600959097	0.0185985759362	0.0173679313151	0.0160702681391	0.076042211178	0.0	0.0	0.0193702877696	0.0
PD_7P_2_bbduk_polyg_filt	0.0611089072638	0.0183179471412	0.000117800303159	0.166275127909	5.89001515795e-05	0.191631643164	2.94500757898e-05	0.000912952349483	0.0	0.035946762509	0.0171046040187	0.030875459458	7.06801818954e-05	0.141213113412	0.0324127534142	0.0297681366083	0.0705329315165	0.0552308285991	6.03394225264e-06	0.0176158523627	5.72108308748e-05	0.031091137781	0.0186257006795	0.10021259702	0.0117549731138	0.128329250622	5.49886487718e-05	8.99984037556e-05	0.0	0.0342057368289	3.71633166105e-05	0.0164849915621	0.000112106377946	0.0487716947816	0.0472846276568	0.0444306776309	0.0491634466946	0.0327794905513
PD_81P_1_bbduk_polyg_filt	0.0	0.0	0.0	0.0	0.0	0.0	0.0	0.125	0.0	0.0	0.0	0.0	0.0	0.025	0.125	0.0	0.025	0.0	0.0	0.0	0.0	0.0	0.0	0.0883392226148	0.0	0.0313971742543	0.097911227154	0.0	0.0	0.0372023809524	0.0	0.0	0.0	0.0450856627592	0.0	0.0	0.0	0.0
PD_81P_2_bbduk_polyg_filt	0.0	0.0	0.0	0.25	0.0	0.5	0.0	0.0	0.0	0.0	0.025	0.025	0.0	0.3	0.0	0.0	0.05	0.0753579502638	0.0	0.0262536098714	0.0	0.0833564879133	0.0	0.146498681512	0.0303674460978	0.156543519098	0.0	0.0	0.0	0.0744047619048	0.0	0.0	0.0	0.0	0.094696969697	0.0	0.0538793103448	0.139470013947
PD_82P_1_bbduk_polyg_filt	2.87806639987e-05	0.110201162451	0.0	0.143414048706	2.87806639987e-05	0.0	0.0	0.121828550706	0.160337079137	0.0156394128169	0.0	0.032021366765	1.72683983992e-05	0.018310258436	0.0653954247378	2.3024531199e-05	0.0674561202802	9.24275014565e-05	0.0350846463319	0.000155670948975	0.0356277249346	4.39331435463e-05	0.0167271152598	0.0141294600835	0.000123118080294	0.0473865495091	0.034374499877	0.0163329606029	0.0326266909704	0.0122632159751	0.0182021098392	0.017624032644	0.0171975205598	0.0841678466798	0.0	0.0	0.0184176757974	0.0
PD_82P_2_bbduk_polyg_filt	0.0648716166531	0.0188513349191	0.000115122655995	0.170036162904	2.87806639987e-05	0.213293500894	8.63419919961e-05	0.00109366523195	0.0	0.0358089021472	0.0169805917592	0.0336388400817	8.63419919961e-05	0.146982851041	0.0336906452769	0.0311234100482	0.0685152487153	0.0537874050936	2.93502965525e-05	0.0176511134092	0.000116353852396	0.0329387545033	0.0176820661369	0.1007157238	0.0129895847334	0.130872458333	8.03526165003e-05	6.8089536227e-05	7.84344791696e-06	0.0347657777793	6.76088409377e-05	0.0160088834366	0.000219336745787	0.0508909009626	0.0484811550887	0.0465039307963	0.0480071956494	0.03567809324
PD_83P_1_bbduk_polyg_filt	0.0	0.0990228499897	0.0	0.121443117912	0.0	0.0	0.0	0.10462791697	0.171888720737	0.0190572277339	0.0	0.0265306503746	0.0	0.020551912262	0.0620294079181	0.0	0.0754815686714	0.0	0.0350657864646	0.000388844819809	0.0334263168576	0.0	0.0171882532962	0.0146787089644	0.0	0.0442080541549	0.0305222645613	0.0177891980037	0.0296980527294	0.0106233235068	0.0165404082173	0.0137527935362	0.0137137405718	0.0791581014328	0.0	0.000663816680386	0.013816830281	0.0
PD_83P_2_bbduk_polyg_filt	0.0597873811259	0.0168152009417	0.0	0.175625432057	0.00186835566018	0.211124189601	0.0	0.0	0.0	0.0347514152794	0.0186835566018	0.030641032827	0.000373671132037	0.133774265269	0.031014703959	0.030267361695	0.0534349718812	0.0483771164988	0.0	0.0171111681483	0.0	0.035905617189	0.0167705743502	0.0790141793751	0.012920817665	0.128493266769	0.0	0.000494181018507	0.0	0.0339982469654	0.0	0.0120349356991	0.0	0.0491032518629	0.05612746036	0.0458834560217	0.0353543055998	0.0462839341344
PD_84P_1_bbduk_polyg_filt	6.01169093536e-05	0.110013944117	0.0	0.139741755792	0.0	0.0	0.0	0.121075455438	0.152937417396	0.0156183730501	0.0	0.0308519978803	1.20233818707e-05	0.0172896231301	0.0650585193025	1.20233818707e-05	0.0644753852818	6.04780121603e-05	0.0340825828374	0.000134823600653	0.0345023691627	5.55837836257e-05	0.0167258854075	0.0143163540917	0.000120111376878	0.0475953834249	0.0334379347365	0.0162720942326	0.0313866762913	0.0120493739702	0.0177996639432	0.0167874922245	0.0170757019839	0.0814174480563	1.40256900149e-05	0.0	0.0187729543666	0.0
PD_84P_2_bbduk_polyg_filt	0.061289189086	0.0162616239802	9.01753640304e-05	0.161624310797	3.00584546768e-05	0.211882047017	0.0	0.000871695185627	3.00584546768e-05	0.0334430366734	0.0164539980901	0.0323248621594	0.000102198745901	0.14107635118	0.0327516922159	0.0298600688759	0.0675714061135	0.0522292503639	6.21170368211e-06	0.0177011820884	6.00080210721e-05	0.0325606173982	0.0178389068957	0.0991625360373	0.0133654959432	0.130623411213	5.33781330073e-05	8.46133452168e-05	0.0	0.0344970936304	4.47559308042e-05	0.0156956471333	0.000164332679121	0.0481351143678	0.0487656809731	0.0451063642247	0.0490580172657	0.0349302232188
PD_8P_1_bbduk_polyg_filt	2.32262302179e-05	0.110115557463	0.0	0.139705774761	2.32262302179e-05	0.0	0.0	0.121821577493	0.158356437626	0.0152875047294	0.0	0.0319035498273	4.64524604359e-06	0.0172245723296	0.0643366577037	2.32262302179e-05	0.066394501701	6.06388706169e-05	0.0347952205502	9.73041732836e-05	0.0362675692906	4.12008863547e-05	0.0176915375053	0.0140511004554	7.44349798141e-05	0.0469618808198	0.0333786515584	0.0163986034278	0.0318294441081	0.0124500196024	0.0175223501265	0.0174087784705	0.0170324712133	0.0819770839424	0.0	0.0	0.0180432684771	0.0
PD_8P_2_bbduk_polyg_filt	0.0584139689981	0.0177448398865	4.64524604359e-05	0.167066273958	2.32262302179e-05	0.220533055919	2.32262302179e-05	0.00102195412959	2.32262302179e-05	0.0346721164693	0.0168065001857	0.032400591154	6.03881985666e-05	0.142590472554	0.0324656245986	0.0295669910674	0.0677927207601	0.051715912231	2.37643816691e-05	0.0173596101133	5.49835571672e-05	0.0328182231991	0.0175594008343	0.10031511852	0.0133704882118	0.129910420903	0.0	6.48465536002e-05	6.78423934362e-06	0.0339844025664	5.21763189875e-05	0.0162593275856	0.000148121376581	0.0489708696257	0.0492201078396	0.0472046072	0.0505705047631	0.0366759764556
PD_9P_1_bbduk_polyg_filt	0.0	0.112234939225	4.92907067302e-05	0.140305996707	2.46453533651e-05	0.0	0.0	0.123177476119	0.157557744063	0.0159701889806	0.0	0.030826407989	1.97162826921e-05	0.0180650440166	0.0647334851487	2.46453533651e-05	0.0660988377251	4.45612036001e-05	0.0346626000193	0.000129333259113	0.0369953386192	3.28336992832e-05	0.0176073364015	0.0141576526787	5.45008200254e-05	0.047774398228	0.0333203441943	0.0163310633155	0.0317934100816	0.012165239471	0.0179578980018	0.018327651869	0.0174646147125	0.0813809185528	9.1176120901e-06	0.0	0.0192723297451	0.0
PD_9P_2_bbduk_polyg_filt	0.0619584183598	0.0183361429036	0.0	0.169091769438	2.46453533651e-05	0.22000906949	0.0	0.00128155837498	2.46453533651e-05	0.0350703378385	0.0166750460868	0.0318467256184	9.85814134603e-05	0.141208016641	0.0329754828025	0.0301067636708	0.0681936927612	0.0516616340227	2.02030650474e-05	0.0170001756926	7.97237222241e-05	0.0323814348046	0.0170040194451	0.0997420229171	0.0138806567537	0.13170405878	4.57552405765e-05	4.0830672818e-05	0.0	0.0331759320491	7.72785105154e-05	0.015840351242	0.000194451997073	0.0491461704003	0.0477937761518	0.0453711769513	0.049437590848	0.0356100936304
PD_Extr_neg_plate1_1_bbduk_polyg_filt	0.0	0.195185426155	0.0	0.130123617437	0.0	0.0	0.0	0.0650618087183	0.130123617437	0.0520494469746	0.0	0.0130123617437	0.0	0.0130123617437	0.0780741704619	0.0	0.104098893949	0.0	0.0264865580718	0.0	0.0276625172891	0.0	0.0	0.0	0.0	0.0480538202787	0.0165562913907	0.0341763499658	0.0176709666019	0.0	0.0191424196018	0.0	0.0	0.0650618087183	0.0	0.0	0.0	0.0
PD_Extr_neg_plate1_2_bbduk_polyg_filt	0.0650618087183	0.0650618087183	0.0	0.520494469746	0.0	0.260247234873	0.0	0.0	0.0	0.0	0.0130123617437	0.0260247234873	0.0	0.117111255693	0.039037085231	0.0260247234873	0.039037085231	0.0391287335333	0.0	0.0	0.0	0.0427107061503	0.0146929180135	0.0754147812971	0.0154822727976	0.16028209649	0.0	0.0	0.0	0.0369617445943	0.0	0.0	0.0	0.108436347864	0.02251238181	0.0	0.0	0.065703022339
PD_Extr_neg_plate3_1_bbduk_polyg_filt	0.0	0.191938579655	0.0	0.0	0.0	0.0	0.0	0.383877159309	0.191938579655	0.0	0.0	0.0383877159309	0.0	0.0383877159309	0.0383877159309	0.0	0.115163147793	0.0	0.0406338886631	0.0	0.0448430493274	0.0	0.0	0.0	0.0	0.0	0.0	0.0	0.0	0.0	0.0	0.0892060660125	0.0	0.0970873786408	0.0	0.0	0.0	0.0
PD_Extr_neg_plate3_2_bbduk_polyg_filt	0.0	0.0	0.0	0.191938579655	0.0	0.0	0.0	0.0	0.0	0.0383877159309	0.0	0.0	0.0	0.0383877159309	0.0383877159309	0.0383877159309	0.115163147793	0.077579519007	0.0	0.0	0.0	0.0	0.0504795557799	0.16111707841	0.0	0.25078369906	0.0	0.0	0.0	0.0778816199377	0.0	0.0	0.0	0.0	0.0	0.107066381156	0.0	0.0
PD_Extr_pos_plate1_1_bbduk_polyg_filt	0.0	0.141286319799	0.0	0.172000737146	0.0	0.0	0.0	0.147429203268	0.113643344186	0.012285766939	0.0	0.0264143989189	0.0	0.0184286504085	0.0712574482462	0.00061428834695	0.0571288162664	0.0	0.0345495601101	0.0	0.028644730615	0.0	0.0176634977511	0.0178179388463	0.0	0.0409059034361	0.0309058030577	0.012660420859	0.0297729810197	0.0110214850073	0.0224900727413	0.0230005678265	0.0103176357875	0.066880081759	0.0	0.0	0.014019693546	0.0
PD_Extr_pos_plate1_2_bbduk_polyg_filt	0.0952146937773	0.036857300817	0.0	0.147429203268	0.0	0.208858037963	0.0	0.0	0.0	0.0337858590823	0.0172000737146	0.0301001290006	0.0012285766939	0.146814914921	0.0319429940414	0.0282572639597	0.062043123042	0.0516481286776	0.0	0.02169183953	0.0	0.036344951185	0.0151459692789	0.0942237049015	0.0134977921469	0.119549609839	0.0	0.0	0.0	0.036540635945	0.000703586178753	0.012240518998	0.0	0.0452714020553	0.0351255151742	0.0365422875472	0.0397853285252	0.0412111747354
PD_Extr_pos_plate2_1_bbduk_polyg_filt	0.0	0.0	0.0	0.245398773006	0.0	0.0	0.0	0.122699386503	0.122699386503	0.0	0.0	0.0245398773006	0.0	0.0	0.147239263804	0.0	0.0981595092025	0.0	0.0251193167546	0.0	0.0521648408972	0.0	0.0	0.0	0.0	0.0301841231512	0.0	0.0	0.0	0.0	0.0	0.0	0.0760167236792	0.0392927308448	0.0	0.0	0.0	0.0
PD_Extr_pos_plate2_2_bbduk_polyg_filt	0.0	0.0	0.0	0.122699386503	0.0	0.245398773006	0.0	0.0	0.0	0.0	0.0490797546012	0.0245398773006	0.0	0.147239263804	0.0245398773006	0.0490797546012	0.0981595092025	0.0246305418719	0.0	0.0256344527044	0.0	0.0802353570473	0.0	0.169204737733	0.0292654375183	0.0902798675895	0.0	0.0	0.0	0.0	0.0	0.0	0.0	0.0	0.0414765657404	0.0440528634361	0.0470366886171	0.121359223301
PD_Extr_pos_plate3_1_bbduk_polyg_filt	0.0	0.108178074246	3.61860091138e-05	0.138556228897	0.0	0.0	0.0	0.115324811046	0.153844817747	0.0154622816943	0.0	0.0307327775404	2.8948807291e-05	0.0182811718043	0.064150556957	2.8948807291e-05	0.0635173017975	6.88626057639e-05	0.0342404152581	0.000118004756403	0.0358184917246	5.29943010307e-05	0.0175393189742	0.0138526312157	0.000100114406739	0.0465027569843	0.0327772815048	0.0165801558664	0.0318663466962	0.0109782211601	0.0178779901939	0.0178749005962	0.0165326096226	0.0803574201703	5.49729582521e-06	0.0	0.0182545093478	0.0
PD_Extr_pos_plate3_2_bbduk_polyg_filt	0.0592003109102	0.0175683074248	1.80930045569e-05	0.166835595019	3.61860091138e-05	0.204505230507	3.61860091138e-05	0.000904650227845	5.42790136707e-05	0.0346191549192	0.0163054157067	0.0316808509791	0.000123032430987	0.141393212011	0.032542077996	0.0298534575189	0.0701067740571	0.0536694725952	3.65156250177e-05	0.0174944115791	5.97172173285e-05	0.0313735026468	0.016812587406	0.0979167363472	0.0130353984555	0.129737552205	8.4101668657e-06	6.05298009179e-05	4.45581965694e-06	0.0347771974778	2.8576206241e-05	0.0165075319505	0.000112966854139	0.0483409849452	0.0475043548409	0.0449230144431	0.0478476712356	0.0362054003278
PD_Lib_neg_plate1_1_bbduk_polyg_filt	0.0	0.178015131286	0.0	0.0445037828215	0.0	0.0	0.0	0.222518914108	0.222518914108	0.00890075656431	0.0	0.0445037828215	0.0	0.00890075656431	0.0534045393858	0.0	0.0356030262572	0.0	0.0362515860069	0.0	0.0282672194478	0.0	0.0196986112479	0.0201897839693	0.0	0.0537576604666	0.0777777777778	0.0115620302925	0.0720893908446	0.0249469876512	0.0262157556692	0.0138159712628	0.014530659692	0.0904568068747	0.0	0.0	0.0	0.0
PD_Lib_neg_plate1_2_bbduk_polyg_filt	0.133511348465	0.0	0.0	0.178015131286	0.0	0.178015131286	0.0	0.0	0.0	0.0267022696929	0.00890075656431	0.0267022696929	0.0	0.133511348465	0.0356030262572	0.0267022696929	0.0267022696929	0.0892458723784	0.0	0.0369515011547	0.0	0.0192455735181	0.0295333727112	0.121077590556	0.0311267897904	0.12901838512	0.0	0.0	0.0	0.0249500998004	0.0131113150649	0.0276548672566	0.0	0.0301613632936	0.0322320709106	0.0340773555972	0.0	0.0468603561387
PD_Lib_neg_plate2_1_bbduk_polyg_filt	0.0	0.0	0.0	0.291545189504	0.0	0.0	0.0	0.583090379009	0.583090379009	0.116618075802	0.0	0.0	0.0	0.0	0.0	0.0	0.0	0.0	0.0	0.0	0.0	0.0	0.0	0.0	0.0	0.0	0.14194464159	0.0	0.0	0.0	0.0	0.0	0.0	0.0901713255185	0.0	0.0	0.0	0.0
PD_Lib_neg_plate2_2_bbduk_polyg_filt	0.0	0.0	0.0	0.291545189504	0.0	0.291545189504	0.0	0.0	0.0	0.0	0.0	0.116618075802	0.0	0.291545189504	0.0	0.174927113703	0.0	0.0	0.0	0.0	0.0	0.0	0.0	0.197628458498	0.067521944632	0.138408304498	0.0	0.0	0.0	0.0	0.0	0.0	0.0	0.0901713255185	0.0	0.0996015936255	0.31512605042	0.0
PD_Lib_pos_plate1_1_bbduk_polyg_filt	2.34917641399e-05	0.108602425619	0.0	0.135312561446	0.0	0.0	0.0	0.107239903299	0.157935130312	0.0160824617302	0.0	0.0316199145323	9.39670565595e-06	0.0183517661461	0.060904747709	1.87934113119e-05	0.0636250939964	5.17429129849e-05	0.0349695130545	9.0504389058e-05	0.0368617259524	3.88340541257e-05	0.0185127986294	0.0127849972385	5.55040405175e-05	0.0444357638902	0.0328642449039	0.0164277473924	0.0318193567502	0.0103482212239	0.0179502986551	0.0172658780036	0.0169701621152	0.0792198338082	6.15800896791e-06	0.0	0.0186657636391	0.0
PD_Lib_pos_plate1_2_bbduk_polyg_filt	0.0585414762366	0.0163502678413	9.39670565595e-05	0.162304598442	4.69835282797e-05	0.180957059169	0.0	0.00105712938629	0.000117458820699	0.0350356170382	0.0158475440888	0.0327851060336	0.000169140701807	0.135805888493	0.0318971173491	0.0293506101164	0.0689201376335	0.0539115509061	2.36474050827e-05	0.0175438195358	0.00010091374513	0.0300145733059	0.0180221668724	0.0994965227209	0.0115350491155	0.127655781699	4.68464041741e-05	5.29773200914e-05	5.39879756901e-06	0.0335682948749	8.43829351603e-05	0.016184803287	0.000224088301169	0.0499745263813	0.0473157451724	0.0451206132896	0.0497088118749	0.0332963392599
PD_Lib_pos_plate2_1_bbduk_polyg_filt	4.93691243028e-05	0.108241805034	0.0	0.132901682623	0.0	0.0	0.0	0.107328476234	0.152525909534	0.0149983399632	0.0	0.031300024808	2.46845621514e-05	0.0172150136444	0.0589763558921	9.87382486056e-06	0.0636713596133	5.92884438127e-05	0.0336586840843	0.00011458034947	0.0344030147602	2.52151749562e-05	0.0166744151961	0.0128848648368	8.80418913677e-05	0.0448356303585	0.0315869404018	0.0156418545486	0.0309703059088	0.0109167104964	0.0169949875815	0.0167392437809	0.0156475165198	0.076916716894	0.0	6.29578570808e-06	0.0169453888744	0.0
PD_Lib_pos_plate2_2_bbduk_polyg_filt	0.0593910565363	0.0171064015709	0.00017279193506	0.161906043151	2.46845621514e-05	0.194884618185	4.93691243028e-05	0.000863959675299	9.87382486056e-05	0.0333488434666	0.0158820472882	0.0304953080818	0.00017279193506	0.131178700185	0.0308013966525	0.0284909216352	0.0657251151843	0.0514526073018	2.47929024069e-05	0.0168583607755	0.000145288222776	0.0293709927557	0.0176708318906	0.0954515510569	0.0120516577451	0.124182744669	4.24283933354e-05	7.52812548009e-05	2.18416854573e-05	0.0318963236211	8.48375790205e-05	0.015130304118	0.000188684941432	0.04740561533	0.0453878801227	0.0441944071634	0.0478601962333	0.0325918399775
