	15.0	16.0	17.0	18.0	19.0	20.0	21.0	22.0	23.0	24.0	25.0	26.0	27.0	28.0	29.0	30.0	31.0	32.0	33.0	34.0	35.0	36.0	37.0	38.0	39.0	40.0
PD_100P_1_bbduk_polyg_filt	1.0	1.0	32.0	214.0	844.0	1798.0	2529.0	2966.0	3250.0	3609.0	4010.0	4532.0	5132.0	6165.0	6966.0	8636.0	10366.0	13322.0	17619.0	25002.0	37555.0	64730.0	116111.0	302505.0	1909343.0	780556.0
	13.0	14.0	15.0	16.0	17.0	18.0	19.0	20.0	21.0	22.0	23.0	24.0	25.0	26.0	27.0	28.0	29.0	30.0	31.0	32.0	33.0	34.0	35.0	36.0	37.0	38.0	39.0	40.0
PD_100P_2_bbduk_polyg_filt	1.0	8.0	105.0	521.0	1477.0	2411.0	3177.0	3858.0	3913.0	3829.0	3802.0	4282.0	4527.0	5320.0	5807.0	6751.0	7730.0	8889.0	10295.0	12661.0	16608.0	22699.0	34392.0	59564.0	115239.0	331471.0	1961768.0	696689.0
	16.0	17.0	18.0	19.0	20.0	21.0	22.0	23.0	24.0	25.0	26.0	27.0	28.0	29.0	30.0	31.0	32.0	33.0	34.0	35.0	36.0	37.0	38.0	39.0	40.0
PD_104P_1_bbduk_polyg_filt	4.0	52.0	381.0	1323.0	2727.0	3984.0	4727.0	5174.0	5870.0	6286.0	7268.0	8203.0	9713.0	11664.0	14148.0	17151.0	22282.0	28877.0	41294.0	61837.0	103935.0	176011.0	429493.0	2661949.0	1377189.0
	13.0	14.0	15.0	16.0	17.0	18.0	19.0	20.0	21.0	22.0	23.0	24.0	25.0	26.0	27.0	28.0	29.0	30.0	31.0	32.0	33.0	34.0	35.0	36.0	37.0	38.0	39.0	40.0
PD_104P_2_bbduk_polyg_filt	1.0	17.0	115.0	577.0	1647.0	2803.0	3509.0	4409.0	4573.0	4506.0	4435.0	4921.0	5100.0	5704.0	6448.0	7660.0	8838.0	10427.0	12020.0	15460.0	20098.0	28996.0	43714.0	75784.0	140129.0	396694.0	2731178.0	1461779.0
	15.0	16.0	17.0	18.0	19.0	20.0	21.0	22.0	23.0	24.0	25.0	26.0	27.0	28.0	29.0	30.0	31.0	32.0	33.0	34.0	35.0	36.0	37.0	38.0	39.0	40.0
PD_105P_1_bbduk_polyg_filt	1.0	0.0	21.0	166.0	585.0	1173.0	1791.0	2276.0	2468.0	2940.0	3266.0	3788.0	4279.0	5134.0	5987.0	7467.0	8872.0	11675.0	15266.0	22480.0	34062.0	58796.0	103893.0	269802.0	1834947.0	977121.0
	13.0	14.0	15.0	16.0	17.0	18.0	19.0	20.0	21.0	22.0	23.0	24.0	25.0	26.0	27.0	28.0	29.0	30.0	31.0	32.0	33.0	34.0	35.0	36.0	37.0	38.0	39.0	40.0
PD_105P_2_bbduk_polyg_filt	2.0	13.0	93.0	454.0	1086.0	1608.0	1954.0	2238.0	2196.0	2177.0	2217.0	2457.0	2741.0	2956.0	3336.0	4005.0	4727.0	5315.0	6399.0	7989.0	10677.0	15043.0	22835.0	40993.0	79870.0	245541.0	1833604.0	1075730.0
	17.0	18.0	19.0	20.0	21.0	22.0	23.0	24.0	25.0	26.0	27.0	28.0	29.0	30.0	31.0	32.0	33.0	34.0	35.0	36.0	37.0	38.0	39.0	40.0
PD_107P_1_bbduk_polyg_filt	3.0	4.0	5.0	5.0	9.0	8.0	5.0	6.0	1.0	2.0	1.0	2.0	5.0	3.0	1.0	6.0	7.0	9.0	6.0	17.0	36.0	66.0	358.0	204.0
	15.0	16.0	17.0	18.0	19.0	20.0	21.0	22.0	23.0	24.0	25.0	26.0	27.0	28.0	29.0	30.0	31.0	32.0	33.0	34.0	35.0	36.0	37.0	38.0	39.0	40.0
PD_107P_2_bbduk_polyg_filt	1.0	4.0	6.0	10.0	9.0	7.0	1.0	5.0	4.0	2.0	3.0	4.0	4.0	3.0	1.0	2.0	6.0	2.0	5.0	8.0	14.0	11.0	19.0	67.0	386.0	185.0
	16.0	17.0	18.0	19.0	20.0	21.0	22.0	23.0	24.0	25.0	26.0	27.0	28.0	29.0	30.0	31.0	32.0	33.0	34.0	35.0	36.0	37.0	38.0	39.0	40.0
PD_108S_1_bbduk_polyg_filt	4.0	38.0	343.0	1227.0	2477.0	3518.0	4339.0	4866.0	5393.0	6055.0	6839.0	7633.0	9286.0	10936.0	13364.0	16544.0	21535.0	28872.0	40850.0	62319.0	106194.0	184823.0	464120.0	3010569.0	1584534.0
	14.0	15.0	16.0	17.0	18.0	19.0	20.0	21.0	22.0	23.0	24.0	25.0	26.0	27.0	28.0	29.0	30.0	31.0	32.0	33.0	34.0	35.0	36.0	37.0	38.0	39.0	40.0
PD_108S_2_bbduk_polyg_filt	17.0	138.0	644.0	1750.0	2970.0	3596.0	4476.0	4503.0	4597.0	4574.0	5093.0	5534.0	6180.0	6828.0	8176.0	9429.0	11137.0	12700.0	16344.0	21141.0	29762.0	45251.0	80247.0	153579.0	456376.0	3107367.0	1594269.0
	16.0	17.0	18.0	19.0	20.0	21.0	22.0	23.0	24.0	25.0	26.0	27.0	28.0	29.0	30.0	31.0	32.0	33.0	34.0	35.0	36.0	37.0	38.0	39.0	40.0
PD_109S_1_bbduk_polyg_filt	2.0	46.0	365.0	1303.0	2810.0	3832.0	4327.0	4810.0	5527.0	5958.0	6765.0	7526.0	9103.0	10669.0	13207.0	16086.0	21012.0	27524.0	39229.0	59245.0	100069.0	176744.0	444230.0	2799561.0	1415397.0
	13.0	14.0	15.0	16.0	17.0	18.0	19.0	20.0	21.0	22.0	23.0	24.0	25.0	26.0	27.0	28.0	29.0	30.0	31.0	32.0	33.0	34.0	35.0	36.0	37.0	38.0	39.0	40.0
PD_109S_2_bbduk_polyg_filt	1.0	12.0	107.0	607.0	1708.0	2945.0	3930.0	4866.0	4991.0	4776.0	4801.0	5287.0	5589.0	6247.0	7024.0	8170.0	9241.0	10912.0	12725.0	16249.0	20957.0	29619.0	45284.0	78851.0	152642.0	441228.0	2881907.0	1414671.0
	16.0	17.0	18.0	19.0	20.0	21.0	22.0	23.0	24.0	25.0	26.0	27.0	28.0	29.0	30.0	31.0	32.0	33.0	34.0	35.0	36.0	37.0	38.0	39.0	40.0
PD_10P_1_bbduk_polyg_filt	3.0	16.0	213.0	803.0	1872.0	2711.0	3277.0	3608.0	3991.0	4389.0	4962.0	5455.0	6475.0	7643.0	9306.0	10991.0	14077.0	18511.0	25894.0	38284.0	63740.0	106640.0	257861.0	1463626.0	735226.0
	13.0	14.0	15.0	16.0	17.0	18.0	19.0	20.0	21.0	22.0	23.0	24.0	25.0	26.0	27.0	28.0	29.0	30.0	31.0	32.0	33.0	34.0	35.0	36.0	37.0	38.0	39.0	40.0
PD_10P_2_bbduk_polyg_filt	2.0	11.0	69.0	300.0	784.0	1473.0	2110.0	2740.0	2911.0	3027.0	3013.0	3296.0	3732.0	4077.0	4624.0	5427.0	6155.0	7272.0	8369.0	10788.0	13746.0	19088.0	28855.0	49422.0	91420.0	249358.0	1466039.0	801466.0
	15.0	16.0	17.0	18.0	19.0	20.0	21.0	22.0	23.0	24.0	25.0	26.0	27.0	28.0	29.0	30.0	31.0	32.0	33.0	34.0	35.0	36.0	37.0	38.0	39.0	40.0
PD_110S_1_bbduk_polyg_filt	1.0	3.0	30.0	256.0	929.0	2016.0	2932.0	3392.0	3850.0	4160.0	4699.0	5546.0	6208.0	7521.0	8792.0	10943.0	13201.0	17471.0	22640.0	32610.0	49073.0	82808.0	143520.0	359573.0	2252815.0	1175463.0
	13.0	14.0	15.0	16.0	17.0	18.0	19.0	20.0	21.0	22.0	23.0	24.0	25.0	26.0	27.0	28.0	29.0	30.0	31.0	32.0	33.0	34.0	35.0	36.0	37.0	38.0	39.0	40.0
PD_110S_2_bbduk_polyg_filt	1.0	14.0	109.0	451.0	1165.0	2096.0	2802.0	3461.0	3562.0	3730.0	3867.0	4040.0	4454.0	5034.0	5606.0	6599.0	7538.0	9047.0	10455.0	13344.0	17338.0	24410.0	38068.0	66197.0	124554.0	357471.0	2282537.0	1212502.0
	16.0	17.0	18.0	19.0	20.0	21.0	22.0	23.0	24.0	25.0	26.0	27.0	28.0	29.0	30.0	31.0	32.0	33.0	34.0	35.0	36.0	37.0	38.0	39.0	40.0
PD_111P_1_bbduk_polyg_filt	3.0	32.0	181.0	645.0	1442.0	2264.0	2739.0	3187.0	3752.0	4125.0	4673.0	5438.0	6440.0	7740.0	9545.0	11693.0	15406.0	20391.0	29611.0	45588.0	79225.0	139207.0	354041.0	2338939.0	1175869.0
	14.0	15.0	16.0	17.0	18.0	19.0	20.0	21.0	22.0	23.0	24.0	25.0	26.0	27.0	28.0	29.0	30.0	31.0	32.0	33.0	34.0	35.0	36.0	37.0	38.0	39.0	40.0
PD_111P_2_bbduk_polyg_filt	6.0	68.0	422.0	1117.0	1910.0	2346.0	3004.0	3063.0	3020.0	3200.0	3440.0	3908.0	4260.0	4761.0	5682.0	6543.0	7803.0	9057.0	11587.0	14894.0	21218.0	32445.0	58521.0	114077.0	342964.0	2379423.0	1223437.0
	17.0	18.0	19.0	20.0	21.0	22.0	23.0	24.0	25.0	26.0	27.0	28.0	29.0	30.0	31.0	32.0	33.0	34.0	35.0	36.0	37.0	38.0	39.0	40.0
PD_112S_1_bbduk_polyg_filt	9.0	10.0	26.0	31.0	41.0	50.0	18.0	29.0	20.0	15.0	21.0	17.0	22.0	24.0	35.0	42.0	41.0	63.0	104.0	205.0	345.0	1048.0	6512.0	3489.0
	14.0	15.0	16.0	17.0	18.0	19.0	20.0	21.0	22.0	23.0	24.0	25.0	26.0	27.0	28.0	29.0	30.0	31.0	32.0	33.0	34.0	35.0	36.0	37.0	38.0	39.0	40.0
PD_112S_2_bbduk_polyg_filt	3.0	4.0	26.0	80.0	89.0	76.0	64.0	47.0	40.0	25.0	28.0	24.0	25.0	20.0	36.0	24.0	33.0	28.0	33.0	48.0	66.0	109.0	120.0	252.0	872.0	6442.0	3603.0
	16.0	17.0	18.0	19.0	20.0	21.0	22.0	23.0	24.0	25.0	26.0	27.0	28.0	29.0	30.0	31.0	32.0	33.0	34.0	35.0	36.0	37.0	38.0	39.0	40.0
PD_113P_1_bbduk_polyg_filt	6.0	46.0	388.0	1352.0	2943.0	4284.0	4939.0	5480.0	6348.0	6834.0	7709.0	8543.0	10265.0	12185.0	14739.0	17842.0	22942.0	29852.0	42387.0	64081.0	108520.0	187411.0	477443.0	2957358.0	1246628.0
	14.0	15.0	16.0	17.0	18.0	19.0	20.0	21.0	22.0	23.0	24.0	25.0	26.0	27.0	28.0	29.0	30.0	31.0	32.0	33.0	34.0	35.0	36.0	37.0	38.0	39.0	40.0
PD_113P_2_bbduk_polyg_filt	22.0	117.0	593.0	1667.0	2966.0	4004.0	5061.0	5370.0	5365.0	5353.0	5825.0	6467.0	7153.0	7996.0	9497.0	10870.0	12734.0	14907.0	18611.0	24399.0	34900.0	52234.0	91229.0	173325.0	506102.0	3040908.0	1192850.0
	16.0	17.0	18.0	19.0	20.0	21.0	22.0	23.0	24.0	25.0	26.0	27.0	28.0	29.0	30.0	31.0	32.0	33.0	34.0	35.0	36.0	37.0	38.0	39.0	40.0
PD_114P_1_bbduk_polyg_filt	5.0	26.0	226.0	744.0	1688.0	2528.0	3027.0	3472.0	3832.0	4253.0	4824.0	5412.0	6745.0	8173.0	9949.0	11884.0	15443.0	20472.0	28868.0	43590.0	73732.0	124557.0	303585.0	1885895.0	1075180.0
	14.0	15.0	16.0	17.0	18.0	19.0	20.0	21.0	22.0	23.0	24.0	25.0	26.0	27.0	28.0	29.0	30.0	31.0	32.0	33.0	34.0	35.0	36.0	37.0	38.0	39.0	40.0
PD_114P_2_bbduk_polyg_filt	14.0	81.0	368.0	964.0	1713.0	2145.0	2687.0	2948.0	2934.0	2859.0	3183.0	3420.0	3777.0	4230.0	5090.0	6095.0	7095.0	8206.0	10677.0	13909.0	19816.0	30443.0	53074.0	99511.0	286568.0	1907093.0	1159210.0
	16.0	17.0	18.0	19.0	20.0	21.0	22.0	23.0	24.0	25.0	26.0	27.0	28.0	29.0	30.0	31.0	32.0	33.0	34.0	35.0	36.0	37.0	38.0	39.0	40.0
PD_115S_1_bbduk_polyg_filt	1.0	28.0	245.0	795.0	1694.0	2431.0	2840.0	3115.0	3446.0	4008.0	4345.0	5012.0	6055.0	7073.0	8576.0	10334.0	13647.0	17966.0	25627.0	39220.0	67706.0	120495.0	313669.0	2204362.0	1019971.0
	14.0	15.0	16.0	17.0	18.0	19.0	20.0	21.0	22.0	23.0	24.0	25.0	26.0	27.0	28.0	29.0	30.0	31.0	32.0	33.0	34.0	35.0	36.0	37.0	38.0	39.0	40.0
PD_115S_2_bbduk_polyg_filt	13.0	118.0	510.0	1467.0	2282.0	2733.0	3259.0	3304.0	3192.0	3236.0	3460.0	3898.0	4272.0	4828.0	5569.0	6566.0	7517.0	8840.0	11167.0	14551.0	20588.0	31623.0	55795.0	109832.0	341409.0	2357934.0	874698.0
	16.0	17.0	18.0	19.0	20.0	21.0	22.0	23.0	24.0	25.0	26.0	27.0	28.0	29.0	30.0	31.0	32.0	33.0	34.0	35.0	36.0	37.0	38.0	39.0	40.0
PD_116P_1_bbduk_polyg_filt	4.0	75.0	426.0	1691.0	3738.0	5463.0	6088.0	6603.0	7335.0	8165.0	9103.0	9908.0	12202.0	14459.0	17530.0	20732.0	26962.0	34917.0	49522.0	74090.0	123862.0	207671.0	503138.0	3195223.0	1668741.0
	13.0	14.0	15.0	16.0	17.0	18.0	19.0	20.0	21.0	22.0	23.0	24.0	25.0	26.0	27.0	28.0	29.0	30.0	31.0	32.0	33.0	34.0	35.0	36.0	37.0	38.0	39.0	40.0
PD_116P_2_bbduk_polyg_filt	1.0	17.0	139.0	707.0	1964.0	3467.0	4627.0	5836.0	5836.0	5827.0	5657.0	5969.0	6395.0	7011.0	7976.0	9265.0	10832.0	12780.0	15149.0	19289.0	25167.0	35704.0	54378.0	94502.0	174018.0	499139.0	3373604.0	1622392.0
	16.0	17.0	18.0	19.0	20.0	21.0	22.0	23.0	24.0	25.0	26.0	27.0	28.0	29.0	30.0	31.0	32.0	33.0	34.0	35.0	36.0	37.0	38.0	39.0	40.0
PD_117_1_bbduk_polyg_filt	4.0	19.0	173.0	646.0	1453.0	2146.0	2600.0	2906.0	3440.0	3948.0	4484.0	5008.0	6116.0	7243.0	9039.0	11020.0	14517.0	19731.0	28429.0	44406.0	77417.0	139863.0	365309.0	2410103.0	1152249.0
	13.0	14.0	15.0	16.0	17.0	18.0	19.0	20.0	21.0	22.0	23.0	24.0	25.0	26.0	27.0	28.0	29.0	30.0	31.0	32.0	33.0	34.0	35.0	36.0	37.0	38.0	39.0	40.0
PD_117_2_bbduk_polyg_filt	1.0	10.0	105.0	482.0	1308.0	2167.0	2824.0	3289.0	3339.0	3301.0	3302.0	3737.0	4096.0	4595.0	5068.0	6111.0	7033.0	8064.0	9350.0	12025.0	15454.0	21719.0	33188.0	59717.0	118395.0	365307.0	2483567.0	1134715.0
	17.0	18.0	19.0	20.0	21.0	22.0	23.0	24.0	25.0	26.0	27.0	28.0	29.0	30.0	31.0	32.0	33.0	34.0	35.0	36.0	37.0	38.0	39.0	40.0
PD_118_1_bbduk_polyg_filt	23.0	206.0	680.0	1530.0	2111.0	2434.0	2654.0	3199.0	3552.0	4099.0	4630.0	5595.0	6547.0	8188.0	9855.0	13209.0	17953.0	25577.0	40595.0	70820.0	131383.0	355529.0	2457233.0	1209457.0
	14.0	15.0	16.0	17.0	18.0	19.0	20.0	21.0	22.0	23.0	24.0	25.0	26.0	27.0	28.0	29.0	30.0	31.0	32.0	33.0	34.0	35.0	36.0	37.0	38.0	39.0	40.0
PD_118_2_bbduk_polyg_filt	8.0	98.0	506.0	1414.0	2261.0	2937.0	3578.0	3811.0	3704.0	3846.0	4334.0	4655.0	5634.0	5911.0	7017.0	7950.0	8984.0	10433.0	13193.0	17219.0	24057.0	36174.0	64233.0	127627.0	386540.0	2481831.0	1149104.0
	16.0	17.0	18.0	19.0	20.0	21.0	22.0	23.0	24.0	25.0	26.0	27.0	28.0	29.0	30.0	31.0	32.0	33.0	34.0	35.0	36.0	37.0	38.0	39.0	40.0
PD_119P_1_bbduk_polyg_filt	2.0	61.0	415.0	1418.0	2924.0	4076.0	4659.0	5000.0	5579.0	6160.0	6708.0	7574.0	8918.0	10600.0	12757.0	15362.0	19675.0	25687.0	35765.0	53956.0	89048.0	149620.0	359388.0	2211822.0	1229049.0
	13.0	14.0	15.0	16.0	17.0	18.0	19.0	20.0	21.0	22.0	23.0	24.0	25.0	26.0	27.0	28.0	29.0	30.0	31.0	32.0	33.0	34.0	35.0	36.0	37.0	38.0	39.0	40.0
PD_119P_2_bbduk_polyg_filt	1.0	10.0	97.0	568.0	1550.0	2863.0	3607.0	4583.0	4755.0	4816.0	4662.0	5130.0	5550.0	6258.0	6755.0	8062.0	9208.0	10802.0	12396.0	15554.0	20119.0	28200.0	42028.0	72347.0	131938.0	370006.0	2317432.0	1176926.0
	16.0	17.0	18.0	19.0	20.0	21.0	22.0	23.0	24.0	25.0	26.0	27.0	28.0	29.0	30.0	31.0	32.0	33.0	34.0	35.0	36.0	37.0	38.0	39.0	40.0
PD_11P_1_bbduk_polyg_filt	3.0	40.0	318.0	1207.0	2467.0	3578.0	4382.0	4627.0	5275.0	5751.0	6674.0	7317.0	8907.0	10353.0	12545.0	15004.0	19425.0	25239.0	35927.0	53322.0	90044.0	152183.0	371392.0	2248902.0	1176567.0
	13.0	14.0	15.0	16.0	17.0	18.0	19.0	20.0	21.0	22.0	23.0	24.0	25.0	26.0	27.0	28.0	29.0	30.0	31.0	32.0	33.0	34.0	35.0	36.0	37.0	38.0	39.0	40.0
PD_11P_2_bbduk_polyg_filt	2.0	15.0	127.0	567.0	1473.0	2521.0	3416.0	4100.0	4330.0	4341.0	4530.0	4946.0	5435.0	5979.0	6602.0	7753.0	8984.0	10603.0	12050.0	15664.0	19832.0	27907.0	41715.0	72094.0	133841.0	373626.0	2279195.0	1209801.0
	16.0	17.0	18.0	19.0	20.0	21.0	22.0	23.0	24.0	25.0	26.0	27.0	28.0	29.0	30.0	31.0	32.0	33.0	34.0	35.0	36.0	37.0	38.0	39.0	40.0
PD_120S_1_bbduk_polyg_filt	2.0	40.0	266.0	942.0	2072.0	3036.0	3548.0	3905.0	4466.0	4994.0	5341.0	6163.0	7410.0	8909.0	10478.0	12756.0	16457.0	21256.0	30410.0	45298.0	74987.0	126551.0	304356.0	1807582.0	980942.0
	13.0	14.0	15.0	16.0	17.0	18.0	19.0	20.0	21.0	22.0	23.0	24.0	25.0	26.0	27.0	28.0	29.0	30.0	31.0	32.0	33.0	34.0	35.0	36.0	37.0	38.0	39.0	40.0
PD_120S_2_bbduk_polyg_filt	3.0	13.0	82.0	498.0	1217.0	2082.0	2846.0	3603.0	3750.0	3835.0	3764.0	4071.0	4622.0	5115.0	5582.0	6575.0	7553.0	9076.0	10408.0	13152.0	16999.0	24191.0	36409.0	62078.0	114241.0	315186.0	1878318.0	946898.0
	16.0	17.0	18.0	19.0	20.0	21.0	22.0	23.0	24.0	25.0	26.0	27.0	28.0	29.0	30.0	31.0	32.0	33.0	34.0	35.0	36.0	37.0	38.0	39.0	40.0
PD_121S_1_bbduk_polyg_filt	4.0	59.0	471.0	1565.0	3377.0	4733.0	5575.0	6229.0	7281.0	7922.0	9054.0	9886.0	12003.0	14285.0	17262.0	20619.0	26485.0	34713.0	49154.0	74507.0	125605.0	217158.0	541553.0	3333286.0	1510057.0
	14.0	15.0	16.0	17.0	18.0	19.0	20.0	21.0	22.0	23.0	24.0	25.0	26.0	27.0	28.0	29.0	30.0	31.0	32.0	33.0	34.0	35.0	36.0	37.0	38.0	39.0	40.0
PD_121S_2_bbduk_polyg_filt	15.0	114.0	624.0	1801.0	3163.0	4420.0	5633.0	6059.0	5911.0	5972.0	6773.0	7256.0	8439.0	9226.0	10776.0	12404.0	14492.0	16743.0	21198.0	27360.0	38132.0	58192.0	101503.0	192269.0	551284.0	3387684.0	1535400.0
	17.0	18.0	19.0	20.0	21.0	22.0	23.0	24.0	25.0	26.0	27.0	28.0	29.0	30.0	31.0	32.0	33.0	34.0	35.0	36.0	37.0	38.0	39.0	40.0
PD_122S_1_bbduk_polyg_filt	31.0	280.0	1010.0	2379.0	3612.0	4038.0	4690.0	5375.0	5769.0	6677.0	7498.0	8868.0	10685.0	12837.0	15389.0	20309.0	26434.0	37925.0	56710.0	95920.0	162659.0	395747.0	2502352.0	1352246.0
	13.0	14.0	15.0	16.0	17.0	18.0	19.0	20.0	21.0	22.0	23.0	24.0	25.0	26.0	27.0	28.0	29.0	30.0	31.0	32.0	33.0	34.0	35.0	36.0	37.0	38.0	39.0	40.0
PD_122S_2_bbduk_polyg_filt	1.0	16.0	124.0	528.0	1431.0	2435.0	3183.0	3897.0	4136.0	3933.0	3910.0	4336.0	4514.0	5212.0	5653.0	6646.0	7527.0	9092.0	10680.0	13678.0	17670.0	25106.0	38397.0	67169.0	127318.0	368068.0	2580645.0	1424135.0
	16.0	17.0	18.0	19.0	20.0	21.0	22.0	23.0	24.0	25.0	26.0	27.0	28.0	29.0	30.0	31.0	32.0	33.0	34.0	35.0	36.0	37.0	38.0	39.0	40.0
PD_123P_1_bbduk_polyg_filt	1.0	67.0	595.0	2103.0	4580.0	6169.0	6898.0	7304.0	7997.0	8777.0	9758.0	10468.0	12643.0	14695.0	17398.0	20818.0	26664.0	34471.0	47861.0	70907.0	116689.0	195696.0	469184.0	2904670.0	1497578.0
	13.0	14.0	15.0	16.0	17.0	18.0	19.0	20.0	21.0	22.0	23.0	24.0	25.0	26.0	27.0	28.0	29.0	30.0	31.0	32.0	33.0	34.0	35.0	36.0	37.0	38.0	39.0	40.0
PD_123P_2_bbduk_polyg_filt	2.0	15.0	164.0	644.0	1960.0	3648.0	5404.0	6892.0	6873.0	6634.0	6625.0	7339.0	7774.0	8697.0	9423.0	11073.0	12619.0	14758.0	17364.0	21794.0	28111.0	39160.0	58306.0	99370.0	180977.0	499330.0	3083209.0	1355826.0
	16.0	17.0	18.0	19.0	20.0	21.0	22.0	23.0	24.0	25.0	26.0	27.0	28.0	29.0	30.0	31.0	32.0	33.0	34.0	35.0	36.0	37.0	38.0	39.0	40.0
PD_126P_1_bbduk_polyg_filt	3.0	49.0	375.0	1269.0	2574.0	3766.0	4737.0	5339.0	6046.0	6939.0	7684.0	8723.0	10423.0	12354.0	15329.0	18365.0	24104.0	30930.0	44337.0	66857.0	112993.0	194019.0	482633.0	3009309.0	1483734.0
	13.0	14.0	15.0	16.0	17.0	18.0	19.0	20.0	21.0	22.0	23.0	24.0	25.0	26.0	27.0	28.0	29.0	30.0	31.0	32.0	33.0	34.0	35.0	36.0	37.0	38.0	39.0	40.0
PD_126P_2_bbduk_polyg_filt	2.0	25.0	205.0	765.0	2003.0	3671.0	4596.0	5655.0	6053.0	5823.0	5792.0	6138.0	6581.0	7397.0	8036.0	9285.0	10850.0	12483.0	14758.0	18710.0	24026.0	33427.0	50526.0	87695.0	166471.0	482156.0	3060924.0	1518838.0
	16.0	17.0	18.0	19.0	20.0	21.0	22.0	23.0	24.0	25.0	26.0	27.0	28.0	29.0	30.0	31.0	32.0	33.0	34.0	35.0	36.0	37.0	38.0	39.0	40.0
PD_127S_1_bbduk_polyg_filt	4.0	62.0	564.0	1881.0	4121.0	5590.0	6441.0	6920.0	7681.0	8257.0	9519.0	10192.0	12148.0	14235.0	17031.0	20340.0	26255.0	33853.0	47800.0	71218.0	120122.0	206853.0	517630.0	3159195.0	1395653.0
	13.0	14.0	15.0	16.0	17.0	18.0	19.0	20.0	21.0	22.0	23.0	24.0	25.0	26.0	27.0	28.0	29.0	30.0	31.0	32.0	33.0	34.0	35.0	36.0	37.0	38.0	39.0	40.0
PD_127S_2_bbduk_polyg_filt	2.0	14.0	124.0	660.0	1864.0	3451.0	4780.0	6048.0	6275.0	6029.0	6206.0	6761.0	7250.0	7983.0	8876.0	10285.0	11867.0	13812.0	16097.0	20437.0	26340.0	36944.0	55638.0	96908.0	182696.0	522953.0	3233884.0	1409381.0
	16.0	17.0	18.0	19.0	20.0	21.0	22.0	23.0	24.0	25.0	26.0	27.0	28.0	29.0	30.0	31.0	32.0	33.0	34.0	35.0	36.0	37.0	38.0	39.0	40.0
PD_128S_1_bbduk_polyg_filt	3.0	37.0	304.0	1168.0	2491.0	3542.0	4358.0	4756.0	5338.0	5837.0	6688.0	7291.0	9111.0	10628.0	13093.0	15960.0	20529.0	27349.0	38853.0	59090.0	100173.0	174648.0	435596.0	2776859.0	1428577.0
	12.0	13.0	14.0	15.0	16.0	17.0	18.0	19.0	20.0	21.0	22.0	23.0	24.0	25.0	26.0	27.0	28.0	29.0	30.0	31.0	32.0	33.0	34.0	35.0	36.0	37.0	38.0	39.0	40.0
PD_128S_2_bbduk_polyg_filt	1.0	2.0	18.0	116.0	614.0	1621.0	2784.0	3743.0	4811.0	4980.0	4998.0	4938.0	5374.0	6010.0	6778.0	7414.0	8755.0	10056.0	11606.0	13406.0	17133.0	21761.0	30829.0	46100.0	80274.0	152828.0	443191.0	2839188.0	1422950.0
	16.0	17.0	18.0	19.0	20.0	21.0	22.0	23.0	24.0	25.0	26.0	27.0	28.0	29.0	30.0	31.0	32.0	33.0	34.0	35.0	36.0	37.0	38.0	39.0	40.0
PD_129P_1_bbduk_polyg_filt	1.0	44.0	251.0	900.0	1775.0	2362.0	3040.0	3384.0	3791.0	4306.0	4808.0	5416.0	6260.0	7373.0	9010.0	10985.0	14045.0	18348.0	25947.0	39276.0	65921.0	113443.0	286417.0	1722190.0	764096.0
	14.0	15.0	16.0	17.0	18.0	19.0	20.0	21.0	22.0	23.0	24.0	25.0	26.0	27.0	28.0	29.0	30.0	31.0	32.0	33.0	34.0	35.0	36.0	37.0	38.0	39.0	40.0
PD_129P_2_bbduk_polyg_filt	18.0	93.0	436.0	1072.0	1931.0	2418.0	3046.0	3204.0	3206.0	3104.0	3558.0	3691.0	4214.0	4607.0	5435.0	6335.0	7296.0	8413.0	10870.0	13826.0	19078.0	28729.0	50041.0	92759.0	264877.0	1648581.0	922551.0
	16.0	17.0	18.0	19.0	20.0	21.0	22.0	23.0	24.0	25.0	26.0	27.0	28.0	29.0	30.0	31.0	32.0	33.0	34.0	35.0	36.0	37.0	38.0	39.0	40.0
PD_12P_1_bbduk_polyg_filt	4.0	28.0	212.0	748.0	1583.0	2289.0	2772.0	3062.0	3514.0	3775.0	4342.0	4857.0	5785.0	7176.0	8405.0	10277.0	13242.0	17536.0	24881.0	38232.0	64114.0	109769.0	270691.0	1694778.0	929070.0
	13.0	14.0	15.0	16.0	17.0	18.0	19.0	20.0	21.0	22.0	23.0	24.0	25.0	26.0	27.0	28.0	29.0	30.0	31.0	32.0	33.0	34.0	35.0	36.0	37.0	38.0	39.0	40.0
PD_12P_2_bbduk_polyg_filt	1.0	8.0	85.0	397.0	968.0	1706.0	2185.0	2655.0	2750.0	2815.0	2651.0	3005.0	3308.0	3536.0	3869.0	4603.0	5444.0	6328.0	7361.0	9460.0	12006.0	16823.0	25979.0	45606.0	86086.0	251716.0	1723239.0	996552.0
	17.0	18.0	19.0	20.0	21.0	22.0	23.0	24.0	25.0	26.0	27.0	28.0	29.0	30.0	31.0	32.0	33.0	34.0	35.0	36.0	37.0	38.0	39.0	40.0
PD_130S_1_bbduk_polyg_filt	19.0	183.0	605.0	1394.0	2055.0	2475.0	2775.0	3125.0	3517.0	4039.0	4286.0	5221.0	6310.0	7837.0	9551.0	12653.0	16970.0	24719.0	38276.0	66519.0	120291.0	320023.0	2183552.0	1040981.0
	13.0	14.0	15.0	16.0	17.0	18.0	19.0	20.0	21.0	22.0	23.0	24.0	25.0	26.0	27.0	28.0	29.0	30.0	31.0	32.0	33.0	34.0	35.0	36.0	37.0	38.0	39.0	40.0
PD_130S_2_bbduk_polyg_filt	1.0	15.0	88.0	434.0	1197.0	2163.0	2473.0	3012.0	3156.0	3097.0	3060.0	3397.0	3978.0	4372.0	4758.0	5639.0	6519.0	7654.0	8850.0	11048.0	14270.0	20380.0	30805.0	54769.0	107216.0	324434.0	2193519.0	1057072.0
	17.0	18.0	19.0	20.0	21.0	22.0	23.0	24.0	25.0	26.0	27.0	28.0	29.0	30.0	31.0	32.0	33.0	34.0	35.0	36.0	37.0	38.0	39.0	40.0
PD_131P_1_bbduk_polyg_filt	36.0	345.0	1215.0	2485.0	3515.0	4064.0	4474.0	5029.0	5409.0	5976.0	6815.0	8235.0	9769.0	11982.0	14034.0	18351.0	23911.0	33677.0	51039.0	85343.0	143987.0	351492.0	2171952.0	1304767.0
	14.0	15.0	16.0	17.0	18.0	19.0	20.0	21.0	22.0	23.0	24.0	25.0	26.0	27.0	28.0	29.0	30.0	31.0	32.0	33.0	34.0	35.0	36.0	37.0	38.0	39.0	40.0
PD_131P_2_bbduk_polyg_filt	5.0	95.0	457.0	1220.0	2188.0	2986.0	3904.0	4092.0	3994.0	3995.0	4410.0	4711.0	5216.0	5685.0	6881.0	7983.0	9496.0	11213.0	13944.0	18091.0	25411.0	38635.0	67211.0	123731.0	351847.0	2285193.0	1265308.0
	16.0	17.0	18.0	19.0	20.0	21.0	22.0	23.0	24.0	25.0	26.0	27.0	28.0	29.0	30.0	31.0	32.0	33.0	34.0	35.0	36.0	37.0	38.0	39.0	40.0
PD_134S_1_bbduk_polyg_filt	4.0	55.0	429.0	1387.0	3166.0	4555.0	5600.0	6060.0	6982.0	7403.0	8583.0	9484.0	11577.0	13763.0	16879.0	20456.0	27049.0	35001.0	50112.0	75690.0	128903.0	221234.0	550846.0	3503592.0	1836205.0
	13.0	14.0	15.0	16.0	17.0	18.0	19.0	20.0	21.0	22.0	23.0	24.0	25.0	26.0	27.0	28.0	29.0	30.0	31.0	32.0	33.0	34.0	35.0	36.0	37.0	38.0	39.0	40.0
PD_134S_2_bbduk_polyg_filt	3.0	28.0	163.0	869.0	2317.0	3952.0	5010.0	6112.0	6485.0	6505.0	6533.0	7213.0	7720.0	8505.0	9632.0	11310.0	12943.0	15339.0	17740.0	22687.0	28882.0	40709.0	61561.0	106825.0	202840.0	585000.0	3634658.0	1733474.0
	15.0	16.0	17.0	18.0	19.0	20.0	21.0	22.0	23.0	24.0	25.0	26.0	27.0	28.0	29.0	30.0	31.0	32.0	33.0	34.0	35.0	36.0	37.0	38.0	39.0	40.0
PD_137P_1_bbduk_polyg_filt	1.0	1.0	64.0	549.0	1917.0	4026.0	5538.0	6083.0	6352.0	7050.0	7562.0	8419.0	9258.0	11148.0	12959.0	15828.0	18611.0	23893.0	30427.0	42790.0	64174.0	105969.0	178590.0	432707.0	2728361.0	1332445.0
	14.0	15.0	16.0	17.0	18.0	19.0	20.0	21.0	22.0	23.0	24.0	25.0	26.0	27.0	28.0	29.0	30.0	31.0	32.0	33.0	34.0	35.0	36.0	37.0	38.0	39.0	40.0
PD_137P_2_bbduk_polyg_filt	16.0	123.0	596.0	1816.0	3445.0	4732.0	6039.0	6188.0	5889.0	5793.0	6294.0	6873.0	7523.0	8281.0	9765.0	10985.0	12876.0	14930.0	19049.0	24595.0	34187.0	51389.0	88546.0	162560.0	458949.0	2889316.0	1213967.0
	16.0	17.0	18.0	19.0	20.0	21.0	22.0	23.0	24.0	25.0	26.0	27.0	28.0	29.0	30.0	31.0	32.0	33.0	34.0	35.0	36.0	37.0	38.0	39.0	40.0
PD_138S_1_bbduk_polyg_filt	1.0	10.0	122.0	389.0	739.0	1101.0	1351.0	1598.0	1850.0	2060.0	2395.0	2861.0	3474.0	4265.0	5343.0	6563.0	8931.0	12161.0	18281.0	28820.0	51559.0	94737.0	256188.0	1829682.0	1087882.0
	13.0	14.0	15.0	16.0	17.0	18.0	19.0	20.0	21.0	22.0	23.0	24.0	25.0	26.0	27.0	28.0	29.0	30.0	31.0	32.0	33.0	34.0	35.0	36.0	37.0	38.0	39.0	40.0
PD_138S_2_bbduk_polyg_filt	1.0	10.0	64.0	323.0	828.0	1486.0	1693.0	1952.0	1897.0	2000.0	1915.0	2172.0	2359.0	2511.0	2861.0	3272.0	3802.0	4606.0	5088.0	6695.0	8677.0	12430.0	19184.0	35990.0	71868.0	234574.0	1863233.0	1130872.0
	17.0	18.0	19.0	20.0	21.0	22.0	23.0	24.0	25.0	26.0	27.0	28.0	29.0	30.0	31.0	32.0	33.0	34.0	35.0	36.0	37.0	38.0	39.0	40.0
PD_13P_1_bbduk_polyg_filt	46.0	385.0	1146.0	2429.0	3360.0	4020.0	4389.0	4900.0	5475.0	5933.0	6834.0	8194.0	9804.0	12147.0	14342.0	18562.0	24245.0	34719.0	51782.0	88579.0	150621.0	371005.0	2264150.0	1181545.0
	14.0	15.0	16.0	17.0	18.0	19.0	20.0	21.0	22.0	23.0	24.0	25.0	26.0	27.0	28.0	29.0	30.0	31.0	32.0	33.0	34.0	35.0	36.0	37.0	38.0	39.0	40.0
PD_13P_2_bbduk_polyg_filt	15.0	100.0	488.0	1182.0	2216.0	2970.0	3791.0	3973.0	3902.0	4029.0	4398.0	4838.0	5422.0	6001.0	7232.0	8233.0	9871.0	11300.0	14115.0	18805.0	25920.0	39716.0	68936.0	130765.0	375343.0	2342367.0	1172684.0
	15.0	16.0	17.0	18.0	19.0	20.0	21.0	22.0	23.0	24.0	25.0	26.0	27.0	28.0	29.0	30.0	31.0	32.0	33.0	34.0	35.0	36.0	37.0	38.0	39.0	40.0
PD_140S_1_bbduk_polyg_filt	1.0	3.0	85.0	638.0	2197.0	4674.0	6263.0	7370.0	8057.0	8645.0	9519.0	10867.0	11755.0	14106.0	16664.0	20844.0	24542.0	31836.0	41280.0	57411.0	86200.0	144175.0	244131.0	595569.0	3696556.0	1767807.0
	13.0	14.0	15.0	16.0	17.0	18.0	19.0	20.0	21.0	22.0	23.0	24.0	25.0	26.0	27.0	28.0	29.0	30.0	31.0	32.0	33.0	34.0	35.0	36.0	37.0	38.0	39.0	40.0
PD_140S_2_bbduk_polyg_filt	1.0	14.0	140.0	730.0	2100.0	3717.0	5057.0	6478.0	6606.0	6490.0	6559.0	7269.0	8009.0	8845.0	9815.0	11486.0	13494.0	15810.0	18303.0	23509.0	30076.0	43220.0	64801.0	112797.0	212462.0	607896.0	3823957.0	1761554.0
	16.0	17.0	18.0	19.0	20.0	21.0	22.0	23.0	24.0	25.0	26.0	27.0	28.0	29.0	30.0	31.0	32.0	33.0	34.0	35.0	36.0	37.0	38.0	39.0	40.0
PD_141P_1_bbduk_polyg_filt	4.0	68.0	590.0	2057.0	4512.0	6414.0	7181.0	7498.0	8541.0	9076.0	10057.0	11145.0	13413.0	15637.0	18943.0	22636.0	28592.0	37513.0	52682.0	78641.0	130333.0	223524.0	548134.0	3499524.0	1685382.0
	13.0	14.0	15.0	16.0	17.0	18.0	19.0	20.0	21.0	22.0	23.0	24.0	25.0	26.0	27.0	28.0	29.0	30.0	31.0	32.0	33.0	34.0	35.0	36.0	37.0	38.0	39.0	40.0
PD_141P_2_bbduk_polyg_filt	3.0	9.0	123.0	666.0	1985.0	3617.0	5219.0	6893.0	7009.0	6874.0	6632.0	7287.0	8006.0	8866.0	9804.0	11447.0	13245.0	15337.0	17797.0	22603.0	29189.0	41089.0	62593.0	108167.0	201860.0	577807.0	3671618.0	1576352.0
	16.0	17.0	18.0	19.0	20.0	21.0	22.0	23.0	24.0	25.0	26.0	27.0	28.0	29.0	30.0	31.0	32.0	33.0	34.0	35.0	36.0	37.0	38.0	39.0	40.0
PD_142S_1_bbduk_polyg_filt	2.0	33.0	274.0	957.0	2040.0	2797.0	3304.0	3585.0	4072.0	4524.0	5072.0	5674.0	6761.0	7891.0	10169.0	11902.0	15837.0	21031.0	30211.0	46577.0	79907.0	144699.0	389170.0	2599455.0	1005121.0
	13.0	14.0	15.0	16.0	17.0	18.0	19.0	20.0	21.0	22.0	23.0	24.0	25.0	26.0	27.0	28.0	29.0	30.0	31.0	32.0	33.0	34.0	35.0	36.0	37.0	38.0	39.0	40.0
PD_142S_2_bbduk_polyg_filt	1.0	11.0	95.0	458.0	1408.0	2554.0	3246.0	4248.0	4275.0	4113.0	4228.0	4468.0	5020.0	5751.0	6273.0	7326.0	8542.0	9880.0	11444.0	14595.0	18513.0	26890.0	40599.0	71420.0	139690.0	425164.0	2595927.0	984926.0
	16.0	17.0	18.0	19.0	20.0	21.0	22.0	23.0	24.0	25.0	26.0	27.0	28.0	29.0	30.0	31.0	32.0	33.0	34.0	35.0	36.0	37.0	38.0	39.0	40.0
PD_145P_1_bbduk_polyg_filt	3.0	76.0	514.0	1843.0	4122.0	5919.0	6660.0	7121.0	8143.0	8749.0	9771.0	10782.0	13068.0	15301.0	18804.0	22154.0	29055.0	37792.0	53044.0	79409.0	134030.0	229326.0	566049.0	3568144.0	1750124.0
	13.0	14.0	15.0	16.0	17.0	18.0	19.0	20.0	21.0	22.0	23.0	24.0	25.0	26.0	27.0	28.0	29.0	30.0	31.0	32.0	33.0	34.0	35.0	36.0	37.0	38.0	39.0	40.0
PD_145P_2_bbduk_polyg_filt	1.0	15.0	179.0	851.0	2332.0	4446.0	5969.0	7544.0	7845.0	7647.0	7545.0	8206.0	8971.0	9883.0	10661.0	12514.0	14168.0	16563.0	19159.0	24333.0	31212.0	43473.0	65571.0	113348.0	211835.0	601499.0	3745479.0	1598754.0
	16.0	17.0	18.0	19.0	20.0	21.0	22.0	23.0	24.0	25.0	26.0	27.0	28.0	29.0	30.0	31.0	32.0	33.0	34.0	35.0	36.0	37.0	38.0	39.0	40.0
PD_146S_1_bbduk_polyg_filt	1.0	40.0	327.0	1128.0	2278.0	3177.0	3823.0	4101.0	4562.0	4957.0	5537.0	6326.0	7631.0	8930.0	10698.0	13077.0	17142.0	22218.0	31857.0	48179.0	81578.0	142849.0	358713.0	2326672.0	1147058.0
	13.0	14.0	15.0	16.0	17.0	18.0	19.0	20.0	21.0	22.0	23.0	24.0	25.0	26.0	27.0	28.0	29.0	30.0	31.0	32.0	33.0	34.0	35.0	36.0	37.0	38.0	39.0	40.0
PD_146S_2_bbduk_polyg_filt	2.0	9.0	105.0	531.0	1435.0	2585.0	3368.0	4169.0	4323.0	4073.0	4048.0	4566.0	4804.0	5470.0	6051.0	7049.0	8176.0	9528.0	11064.0	13913.0	17866.0	25361.0	38308.0	67026.0	127413.0	375007.0	2434037.0	1072572.0
	15.0	16.0	17.0	18.0	19.0	20.0	21.0	22.0	23.0	24.0	25.0	26.0	27.0	28.0	29.0	30.0	31.0	32.0	33.0	34.0	35.0	36.0	37.0	38.0	39.0	40.0
PD_147_1_bbduk_polyg_filt	1.0	0.0	36.0	353.0	1172.0	2714.0	3698.0	4225.0	4576.0	4997.0	5602.0	6308.0	7079.0	8326.0	9880.0	12270.0	14699.0	19141.0	25204.0	35829.0	54497.0	93020.0	163509.0	415132.0	2766250.0	1280289.0
	14.0	15.0	16.0	17.0	18.0	19.0	20.0	21.0	22.0	23.0	24.0	25.0	26.0	27.0	28.0	29.0	30.0	31.0	32.0	33.0	34.0	35.0	36.0	37.0	38.0	39.0	40.0
PD_147_2_bbduk_polyg_filt	8.0	106.0	572.0	1527.0	2792.0	3636.0	4530.0	4817.0	4551.0	4452.0	5105.0	5611.0	6272.0	7035.0	8238.0	9509.0	11266.0	12862.0	16127.0	20768.0	28847.0	43821.0	76716.0	148639.0	439170.0	2847837.0	1223993.0
	16.0	17.0	18.0	19.0	20.0	21.0	22.0	23.0	24.0	25.0	26.0	27.0	28.0	29.0	30.0	31.0	32.0	33.0	34.0	35.0	36.0	37.0	38.0	39.0	40.0
PD_148P_1_bbduk_polyg_filt	2.0	61.0	485.0	1711.0	3863.0	5490.0	6321.0	6839.0	7685.0	8280.0	9421.0	10272.0	12325.0	14589.0	17924.0	21517.0	27740.0	36197.0	50282.0	75590.0	127650.0	219546.0	541077.0	3243838.0	1554345.0
	14.0	15.0	16.0	17.0	18.0	19.0	20.0	21.0	22.0	23.0	24.0	25.0	26.0	27.0	28.0	29.0	30.0	31.0	32.0	33.0	34.0	35.0	36.0	37.0	38.0	39.0	40.0
PD_148P_2_bbduk_polyg_filt	20.0	159.0	820.0	2237.0	4159.0	5999.0	7827.0	8010.0	7805.0	7853.0	8532.0	9296.0	10501.0	11462.0	13189.0	15119.0	17586.0	20655.0	25865.0	33091.0	45937.0	68597.0	118349.0	217569.0	605590.0	3347972.0	1388851.0
	16.0	17.0	18.0	19.0	20.0	21.0	22.0	23.0	24.0	25.0	26.0	27.0	28.0	29.0	30.0	31.0	32.0	33.0	34.0	35.0	36.0	37.0	38.0	39.0	40.0
PD_149S_1_bbduk_polyg_filt	2.0	23.0	173.0	648.0	1489.0	2040.0	2562.0	2888.0	3431.0	3816.0	4343.0	4973.0	5814.0	6927.0	8387.0	10372.0	13586.0	18273.0	27015.0	41438.0	73234.0	136585.0	376143.0	2481235.0	975385.0
	14.0	15.0	16.0	17.0	18.0	19.0	20.0	21.0	22.0	23.0	24.0	25.0	26.0	27.0	28.0	29.0	30.0	31.0	32.0	33.0	34.0	35.0	36.0	37.0	38.0	39.0	40.0
PD_149S_2_bbduk_polyg_filt	3.0	101.0	499.0	1313.0	2348.0	2993.0	3658.0	3833.0	4004.0	3910.0	4327.0	4980.0	5546.0	6020.0	7064.0	8167.0	9502.0	10731.0	13471.0	17097.0	24253.0	36127.0	64386.0	128073.0	389171.0	2380137.0	1069068.0
	17.0	18.0	19.0	20.0	21.0	22.0	23.0	24.0	25.0	26.0	27.0	28.0	29.0	30.0	31.0	32.0	33.0	34.0	35.0	36.0	37.0	38.0	39.0	40.0
PD_14P_1_bbduk_polyg_filt	34.0	246.0	810.0	1781.0	2624.0	3067.0	3321.0	3770.0	4111.0	4792.0	5235.0	6330.0	7618.0	9068.0	10870.0	14178.0	18290.0	26267.0	39034.0	65584.0	110811.0	269908.0	1699329.0	1031076.0
	13.0	14.0	15.0	16.0	17.0	18.0	19.0	20.0	21.0	22.0	23.0	24.0	25.0	26.0	27.0	28.0	29.0	30.0	31.0	32.0	33.0	34.0	35.0	36.0	37.0	38.0	39.0	40.0
PD_14P_2_bbduk_polyg_filt	2.0	9.0	90.0	414.0	1092.0	1876.0	2207.0	2630.0	2841.0	2736.0	2774.0	3025.0	3132.0	3625.0	3909.0	4521.0	5266.0	6439.0	7452.0	9494.0	12315.0	17762.0	26857.0	46909.0	87935.0	253936.0	1763866.0	1065040.0
	16.0	17.0	18.0	19.0	20.0	21.0	22.0	23.0	24.0	25.0	26.0	27.0	28.0	29.0	30.0	31.0	32.0	33.0	34.0	35.0	36.0	37.0	38.0	39.0	40.0
PD_150P_1_bbduk_polyg_filt	2.0	24.0	314.0	1089.0	2406.0	3433.0	4125.0	4399.0	4811.0	5280.0	5986.0	6700.0	8015.0	9579.0	11662.0	14177.0	18604.0	24203.0	34716.0	52249.0	88501.0	152486.0	385453.0	2505852.0	1146869.0
	13.0	14.0	15.0	16.0	17.0	18.0	19.0	20.0	21.0	22.0	23.0	24.0	25.0	26.0	27.0	28.0	29.0	30.0	31.0	32.0	33.0	34.0	35.0	36.0	37.0	38.0	39.0	40.0
PD_150P_2_bbduk_polyg_filt	4.0	16.0	104.0	517.0	1369.0	2511.0	3347.0	4075.0	4379.0	4258.0	4210.0	4539.0	4813.0	5587.0	6013.0	7151.0	8166.0	9698.0	11181.0	14511.0	18540.0	26201.0	39881.0	69478.0	131163.0	380561.0	2475448.0	1253214.0
	16.0	17.0	18.0	19.0	20.0	21.0	22.0	23.0	24.0	25.0	26.0	27.0	28.0	29.0	30.0	31.0	32.0	33.0	34.0	35.0	36.0	37.0	38.0	39.0	40.0
PD_151S_1_bbduk_polyg_filt	2.0	32.0	349.0	1095.0	2310.0	3153.0	3760.0	4204.0	4631.0	5065.0	5722.0	6290.0	7674.0	9009.0	10851.0	13101.0	17048.0	21955.0	31621.0	47633.0	79561.0	137242.0	341887.0	2251598.0	1300463.0
	14.0	15.0	16.0	17.0	18.0	19.0	20.0	21.0	22.0	23.0	24.0	25.0	26.0	27.0	28.0	29.0	30.0	31.0	32.0	33.0	34.0	35.0	36.0	37.0	38.0	39.0	40.0
PD_151S_2_bbduk_polyg_filt	8.0	95.0	421.0	1203.0	2173.0	3112.0	3730.0	3957.0	3825.0	3900.0	4119.0	4416.0	4987.0	5458.0	6384.0	7412.0	8656.0	9860.0	12737.0	16567.0	23199.0	34692.0	60139.0	113525.0	332593.0	2332173.0	1306915.0
	17.0	18.0	19.0	20.0	21.0	22.0	23.0	24.0	25.0	26.0	27.0	28.0	29.0	30.0	31.0	32.0	33.0	34.0	35.0	36.0	37.0	38.0	39.0	40.0
PD_152P_1_bbduk_polyg_filt	24.0	248.0	886.0	1870.0	2727.0	3218.0	3458.0	4147.0	4614.0	5054.0	5756.0	6836.0	7980.0	9676.0	11897.0	15484.0	20199.0	29226.0	44832.0	77483.0	138987.0	364560.0	2304208.0	987756.0
	14.0	15.0	16.0	17.0	18.0	19.0	20.0	21.0	22.0	23.0	24.0	25.0	26.0	27.0	28.0	29.0	30.0	31.0	32.0	33.0	34.0	35.0	36.0	37.0	38.0	39.0	40.0
PD_152P_2_bbduk_polyg_filt	6.0	82.0	467.0	1321.0	2461.0	3258.0	4066.0	4265.0	4229.0	4447.0	4798.0	5553.0	5927.0	6738.0	7824.0	8874.0	10309.0	11864.0	14922.0	19323.0	26918.0	40213.0	69599.0	136113.0	395433.0	2291500.0	970616.0
	16.0	17.0	18.0	19.0	20.0	21.0	22.0	23.0	24.0	25.0	26.0	27.0	28.0	29.0	30.0	31.0	32.0	33.0	34.0	35.0	36.0	37.0	38.0	39.0	40.0
PD_153S_1_bbduk_polyg_filt	7.0	72.0	668.0	2391.0	4884.0	6701.0	7826.0	8153.0	9048.0	9912.0	11211.0	12285.0	14468.0	16844.0	20513.0	24343.0	30966.0	39906.0	55841.0	82356.0	134707.0	222858.0	531788.0	3089201.0	1525566.0
	13.0	14.0	15.0	16.0	17.0	18.0	19.0	20.0	21.0	22.0	23.0	24.0	25.0	26.0	27.0	28.0	29.0	30.0	31.0	32.0	33.0	34.0	35.0	36.0	37.0	38.0	39.0	40.0
PD_153S_2_bbduk_polyg_filt	1.0	17.0	149.0	687.0	1991.0	3789.0	5259.0	7080.0	7364.0	7333.0	7081.0	7924.0	8319.0	9097.0	9934.0	11723.0	13301.0	15683.0	18242.0	23033.0	29541.0	40714.0	61049.0	103660.0	186366.0	511256.0	3203637.0	1568285.0
	16.0	17.0	18.0	19.0	20.0	21.0	22.0	23.0	24.0	25.0	26.0	27.0	28.0	29.0	30.0	31.0	32.0	33.0	34.0	35.0	36.0	37.0	38.0	39.0	40.0
PD_156P_1_bbduk_polyg_filt	1.0	29.0	247.0	931.0	2126.0	3041.0	3348.0	3755.0	4172.0	4598.0	5247.0	5745.0	6935.0	8274.0	10340.0	12332.0	16021.0	21185.0	30027.0	44955.0	76228.0	129530.0	321008.0	2041569.0	1077345.0
	13.0	14.0	15.0	16.0	17.0	18.0	19.0	20.0	21.0	22.0	23.0	24.0	25.0	26.0	27.0	28.0	29.0	30.0	31.0	32.0	33.0	34.0	35.0	36.0	37.0	38.0	39.0	40.0
PD_156P_2_bbduk_polyg_filt	1.0	8.0	93.0	424.0	1134.0	1987.0	2518.0	3138.0	3386.0	3184.0	3105.0	3284.0	3742.0	4079.0	4625.0	5428.0	6148.0	7500.0	8933.0	11275.0	14503.0	20697.0	31801.0	55360.0	104601.0	303017.0	2099486.0	1125532.0
	15.0	16.0	17.0	18.0	19.0	20.0	21.0	22.0	23.0	24.0	25.0	26.0	27.0	28.0	29.0	30.0	31.0	32.0	33.0	34.0	35.0	36.0	37.0	38.0	39.0	40.0
PD_157S_1_bbduk_polyg_filt	1.0	3.0	48.0	333.0	1210.0	2595.0	3665.0	4457.0	4821.0	5442.0	5977.0	6582.0	7607.0	9102.0	10715.0	13072.0	15925.0	20555.0	26594.0	38459.0	58231.0	98052.0	167665.0	410662.0	2693852.0	1518880.0
	14.0	15.0	16.0	17.0	18.0	19.0	20.0	21.0	22.0	23.0	24.0	25.0	26.0	27.0	28.0	29.0	30.0	31.0	32.0	33.0	34.0	35.0	36.0	37.0	38.0	39.0	40.0
PD_157S_2_bbduk_polyg_filt	11.0	108.0	497.0	1362.0	2414.0	3069.0	3592.0	3827.0	3785.0	3781.0	4123.0	4615.0	4949.0	5483.0	6552.0	7774.0	8974.0	10449.0	13549.0	17449.0	25194.0	39074.0	68481.0	128452.0	376190.0	2770079.0	1610672.0
	16.0	17.0	18.0	19.0	20.0	21.0	22.0	23.0	24.0	25.0	26.0	27.0	28.0	29.0	30.0	31.0	32.0	33.0	34.0	35.0	36.0	37.0	38.0	39.0	40.0
PD_158P_1_bbduk_polyg_filt	5.0	47.0	481.0	1704.0	3617.0	4836.0	5575.0	5833.0	6601.0	7174.0	7789.0	8798.0	10600.0	12589.0	15113.0	18252.0	23889.0	30816.0	43741.0	65963.0	111568.0	192296.0	480451.0	3137058.0	1540804.0
	13.0	14.0	15.0	16.0	17.0	18.0	19.0	20.0	21.0	22.0	23.0	24.0	25.0	26.0	27.0	28.0	29.0	30.0	31.0	32.0	33.0	34.0	35.0	36.0	37.0	38.0	39.0	40.0
PD_158P_2_bbduk_polyg_filt	2.0	8.0	81.0	526.0	1528.0	3042.0	4312.0	5363.0	5577.0	5294.0	5265.0	5796.0	6210.0	6815.0	7616.0	8896.0	10098.0	12043.0	13899.0	17917.0	22866.0	32360.0	49188.0	86498.0	164606.0	485068.0	3264838.0	1509888.0
	16.0	17.0	18.0	19.0	20.0	21.0	22.0	23.0	24.0	25.0	26.0	27.0	28.0	29.0	30.0	31.0	32.0	33.0	34.0	35.0	36.0	37.0	38.0	39.0	40.0
PD_159S_1_bbduk_polyg_filt	1.0	37.0	377.0	1195.0	2507.0	3724.0	4349.0	4946.0	5422.0	6143.0	6859.0	7765.0	9555.0	11429.0	13754.0	16875.0	22105.0	29248.0	42727.0	65239.0	111289.0	193162.0	487939.0	3146822.0	1550808.0
	12.0	13.0	14.0	15.0	16.0	17.0	18.0	19.0	20.0	21.0	22.0	23.0	24.0	25.0	26.0	27.0	28.0	29.0	30.0	31.0	32.0	33.0	34.0	35.0	36.0	37.0	38.0	39.0	40.0
PD_159S_2_bbduk_polyg_filt	1.0	1.0	13.0	113.0	646.0	1698.0	3041.0	3746.0	4517.0	4720.0	4563.0	4550.0	4827.0	5514.0	6180.0	6902.0	8024.0	9367.0	10986.0	13082.0	16752.0	21613.0	31056.0	47308.0	84374.0	161461.0	479737.0	3276284.0	1533201.0
	16.0	17.0	18.0	19.0	20.0	21.0	22.0	23.0	24.0	25.0	26.0	27.0	28.0	29.0	30.0	31.0	32.0	33.0	34.0	35.0	36.0	37.0	38.0	39.0	40.0
PD_15P_1_bbduk_polyg_filt	3.0	38.0	300.0	979.0	2027.0	2891.0	3437.0	3814.0	4262.0	4560.0	5231.0	5757.0	6990.0	8187.0	9980.0	12275.0	15782.0	20803.0	29536.0	44733.0	74409.0	127298.0	313231.0	1907708.0	1034848.0
	13.0	14.0	15.0	16.0	17.0	18.0	19.0	20.0	21.0	22.0	23.0	24.0	25.0	26.0	27.0	28.0	29.0	30.0	31.0	32.0	33.0	34.0	35.0	36.0	37.0	38.0	39.0	40.0
PD_15P_2_bbduk_polyg_filt	1.0	19.0	101.0	519.0	1265.0	2187.0	2692.0	3319.0	3388.0	3391.0	3317.0	3680.0	3862.0	4481.0	4884.0	5775.0	6567.0	7851.0	9041.0	11353.0	14696.0	20803.0	31394.0	54749.0	102961.0	291984.0	1937529.0	1107270.0
	16.0	17.0	18.0	19.0	20.0	21.0	22.0	23.0	24.0	25.0	26.0	27.0	28.0	29.0	30.0	31.0	32.0	33.0	34.0	35.0	36.0	37.0	38.0	39.0	40.0
PD_160P_1_bbduk_polyg_filt	6.0	75.0	611.0	2066.0	4614.0	6252.0	7296.0	7591.0	8429.0	9357.0	10275.0	11267.0	13538.0	15604.0	18831.0	22496.0	28716.0	37036.0	51699.0	75862.0	125078.0	207715.0	494035.0	2967498.0	1493114.0
	14.0	15.0	16.0	17.0	18.0	19.0	20.0	21.0	22.0	23.0	24.0	25.0	26.0	27.0	28.0	29.0	30.0	31.0	32.0	33.0	34.0	35.0	36.0	37.0	38.0	39.0	40.0
PD_160P_2_bbduk_polyg_filt	17.0	143.0	759.0	2016.0	3759.0	5409.0	7033.0	6971.0	6699.0	6529.0	7149.0	7568.0	8240.0	9281.0	10864.0	12274.0	14459.0	16679.0	21114.0	27232.0	38675.0	57673.0	97370.0	176691.0	487189.0	3061306.0	1525962.0
	16.0	17.0	18.0	19.0	20.0	21.0	22.0	23.0	24.0	25.0	26.0	27.0	28.0	29.0	30.0	31.0	32.0	33.0	34.0	35.0	36.0	37.0	38.0	39.0	40.0
PD_161S_1_bbduk_polyg_filt	1.0	5.0	11.0	29.0	48.0	69.0	82.0	87.0	86.0	87.0	102.0	93.0	136.0	173.0	192.0	220.0	317.0	358.0	580.0	818.0	1346.0	2399.0	5833.0	37068.0	17443.0
	13.0	14.0	15.0	16.0	17.0	18.0	19.0	20.0	21.0	22.0	23.0	24.0	25.0	26.0	27.0	28.0	29.0	30.0	31.0	32.0	33.0	34.0	35.0	36.0	37.0	38.0	39.0	40.0
PD_161S_2_bbduk_polyg_filt	1.0	17.0	125.0	642.0	1428.0	1548.0	980.0	652.0	438.0	273.0	204.0	188.0	139.0	149.0	163.0	173.0	232.0	233.0	255.0	306.0	345.0	516.0	679.0	1101.0	2038.0	5557.0	34377.0	14824.0
	16.0	17.0	18.0	19.0	20.0	21.0	22.0	23.0	24.0	25.0	26.0	27.0	28.0	29.0	30.0	31.0	32.0	33.0	34.0	35.0	36.0	37.0	38.0	39.0	40.0
PD_162P_1_bbduk_polyg_filt	1.0	44.0	314.0	1013.0	2264.0	3188.0	3752.0	4186.0	4740.0	5276.0	5721.0	6465.0	8083.0	9531.0	11664.0	14095.0	18572.0	24496.0	35152.0	53690.0	92258.0	164350.0	419551.0	2667788.0	1236727.0
	13.0	14.0	15.0	16.0	17.0	18.0	19.0	20.0	21.0	22.0	23.0	24.0	25.0	26.0	27.0	28.0	29.0	30.0	31.0	32.0	33.0	34.0	35.0	36.0	37.0	38.0	39.0	40.0
PD_162P_2_bbduk_polyg_filt	2.0	13.0	105.0	605.0	1522.0	2742.0	3549.0	4434.0	4665.0	4562.0	4638.0	5203.0	5753.0	6552.0	7325.0	8509.0	9781.0	11376.0	13223.0	16550.0	21404.0	29571.0	44829.0	78274.0	149959.0	435789.0	2700204.0	1221782.0
	16.0	17.0	18.0	19.0	20.0	21.0	22.0	23.0	24.0	25.0	26.0	27.0	28.0	29.0	30.0	31.0	32.0	33.0	34.0	35.0	36.0	37.0	38.0	39.0	40.0
PD_163S_1_bbduk_polyg_filt	6.0	45.0	298.0	987.0	2027.0	2926.0	3534.0	4000.0	4441.0	4991.0	5651.0	6306.0	7838.0	9303.0	11641.0	14047.0	18601.0	24822.0	36061.0	55472.0	96167.0	170496.0	442410.0	2971114.0	1667063.0
	13.0	14.0	15.0	16.0	17.0	18.0	19.0	20.0	21.0	22.0	23.0	24.0	25.0	26.0	27.0	28.0	29.0	30.0	31.0	32.0	33.0	34.0	35.0	36.0	37.0	38.0	39.0	40.0
PD_163S_2_bbduk_polyg_filt	2.0	11.0	112.0	546.0	1526.0	2745.0	3741.0	4654.0	4698.0	4659.0	4863.0	5382.0	5960.0	6427.0	7386.0	8594.0	9934.0	11575.0	13532.0	16837.0	21670.0	30729.0	46608.0	82450.0	160558.0	478211.0	3067831.0	1559006.0
	16.0	17.0	18.0	19.0	20.0	21.0	22.0	23.0	24.0	25.0	26.0	27.0	28.0	29.0	30.0	31.0	32.0	33.0	34.0	35.0	36.0	37.0	38.0	39.0	40.0
PD_164P_1_bbduk_polyg_filt	1.0	45.0	345.0	1272.0	2737.0	3815.0	4339.0	4702.0	5204.0	5618.0	6314.0	6754.0	8129.0	9668.0	11632.0	14155.0	17933.0	22888.0	32424.0	47843.0	80465.0	137215.0	338076.0	2020890.0	943012.0
	13.0	14.0	15.0	16.0	17.0	18.0	19.0	20.0	21.0	22.0	23.0	24.0	25.0	26.0	27.0	28.0	29.0	30.0	31.0	32.0	33.0	34.0	35.0	36.0	37.0	38.0	39.0	40.0
PD_164P_2_bbduk_polyg_filt	1.0	5.0	87.0	454.0	1279.0	2422.0	3558.0	4682.0	4716.0	4794.0	4735.0	5322.0	5926.0	6406.0	6815.0	8304.0	9233.0	10733.0	12418.0	15884.0	20123.0	27786.0	41020.0	70298.0	130159.0	359305.0	2061474.0	907537.0
	16.0	17.0	18.0	19.0	20.0	21.0	22.0	23.0	24.0	25.0	26.0	27.0	28.0	29.0	30.0	31.0	32.0	33.0	34.0	35.0	36.0	37.0	38.0	39.0	40.0
PD_165S_1_bbduk_polyg_filt	1.0	66.0	407.0	1428.0	3096.0	4294.0	5021.0	5562.0	6473.0	7163.0	8080.0	8927.0	10725.0	12590.0	15386.0	18462.0	24247.0	31898.0	45404.0	69033.0	117291.0	203105.0	515162.0	3320237.0	1672564.0
	13.0	14.0	15.0	16.0	17.0	18.0	19.0	20.0	21.0	22.0	23.0	24.0	25.0	26.0	27.0	28.0	29.0	30.0	31.0	32.0	33.0	34.0	35.0	36.0	37.0	38.0	39.0	40.0
PD_165S_2_bbduk_polyg_filt	2.0	15.0	123.0	587.0	1720.0	3171.0	4388.0	5461.0	5896.0	5765.0	5633.0	6322.0	6786.0	7547.0	8232.0	9670.0	11130.0	13122.0	15252.0	19263.0	24861.0	35277.0	53530.0	93603.0	177209.0	513494.0	3390670.0	1687893.0
	16.0	17.0	18.0	19.0	20.0	21.0	22.0	23.0	24.0	25.0	26.0	27.0	28.0	29.0	30.0	31.0	32.0	33.0	34.0	35.0	36.0	37.0	38.0	39.0	40.0
PD_166_1_bbduk_polyg_filt	2.0	27.0	276.0	855.0	1748.0	2548.0	3068.0	3427.0	4003.0	4219.0	4970.0	5578.0	6669.0	7832.0	9587.0	11634.0	15105.0	19916.0	28353.0	43719.0	75957.0	136259.0	351655.0	2423437.0	1166901.0
	13.0	14.0	15.0	16.0	17.0	18.0	19.0	20.0	21.0	22.0	23.0	24.0	25.0	26.0	27.0	28.0	29.0	30.0	31.0	32.0	33.0	34.0	35.0	36.0	37.0	38.0	39.0	40.0
PD_166_2_bbduk_polyg_filt	2.0	12.0	87.0	445.0	1248.0	2024.0	2652.0	3105.0	3374.0	3238.0	3460.0	3721.0	4102.0	4563.0	5147.0	6047.0	6814.0	8035.0	9217.0	11796.0	15241.0	21222.0	32391.0	57070.0	113325.0	346811.0	2474864.0	1187732.0
	16.0	17.0	18.0	19.0	20.0	21.0	22.0	23.0	24.0	25.0	26.0	27.0	28.0	29.0	30.0	31.0	32.0	33.0	34.0	35.0	36.0	37.0	38.0	39.0	40.0
PD_167P_1_bbduk_polyg_filt	1.0	36.0	258.0	850.0	1859.0	2583.0	3121.0	3440.0	3904.0	4424.0	5098.0	5513.0	6946.0	8371.0	10114.0	12108.0	15975.0	21446.0	30956.0	48091.0	83063.0	151316.0	405380.0	2783117.0	1199628.0
	13.0	14.0	15.0	16.0	17.0	18.0	19.0	20.0	21.0	22.0	23.0	24.0	25.0	26.0	27.0	28.0	29.0	30.0	31.0	32.0	33.0	34.0	35.0	36.0	37.0	38.0	39.0	40.0
PD_167P_2_bbduk_polyg_filt	2.0	15.0	137.0	634.0	1682.0	2740.0	3325.0	4043.0	4137.0	4094.0	3935.0	4616.0	5108.0	5732.0	6525.0	7718.0	8827.0	10266.0	11785.0	14901.0	19363.0	27148.0	41402.0	73599.0	145523.0	445731.0	2861060.0	1093550.0
	16.0	17.0	18.0	19.0	20.0	21.0	22.0	23.0	24.0	25.0	26.0	27.0	28.0	29.0	30.0	31.0	32.0	33.0	34.0	35.0	36.0	37.0	38.0	39.0	40.0
PD_169P_1_bbduk_polyg_filt	3.0	50.0	388.0	1256.0	2744.0	3775.0	4737.0	5194.0	5983.0	6400.0	7418.0	8468.0	10144.0	11847.0	14551.0	17252.0	22604.0	29982.0	42545.0	64285.0	108258.0	187384.0	467897.0	2909617.0	1467323.0
	13.0	14.0	15.0	16.0	17.0	18.0	19.0	20.0	21.0	22.0	23.0	24.0	25.0	26.0	27.0	28.0	29.0	30.0	31.0	32.0	33.0	34.0	35.0	36.0	37.0	38.0	39.0	40.0
PD_169P_2_bbduk_polyg_filt	2.0	20.0	125.0	667.0	1736.0	2908.0	3771.0	4719.0	5065.0	5111.0	4966.0	5878.0	6255.0	6974.0	7849.0	9081.0	10549.0	12241.0	14298.0	18192.0	23351.0	32591.0	49198.0	85565.0	159879.0	465084.0	2988595.0	1475435.0
	16.0	17.0	18.0	19.0	20.0	21.0	22.0	23.0	24.0	25.0	26.0	27.0	28.0	29.0	30.0	31.0	32.0	33.0	34.0	35.0	36.0	37.0	38.0	39.0	40.0
PD_16P_1_bbduk_polyg_filt	2.0	35.0	299.0	1072.0	2240.0	3254.0	3916.0	4274.0	4905.0	5291.0	6011.0	6748.0	8072.0	9545.0	11629.0	13864.0	18008.0	23867.0	33523.0	50200.0	84291.0	142367.0	344544.0	2123126.0	1232290.0
	13.0	14.0	15.0	16.0	17.0	18.0	19.0	20.0	21.0	22.0	23.0	24.0	25.0	26.0	27.0	28.0	29.0	30.0	31.0	32.0	33.0	34.0	35.0	36.0	37.0	38.0	39.0	40.0
PD_16P_2_bbduk_polyg_filt	2.0	13.0	96.0	446.0	1080.0	2055.0	2530.0	3254.0	3354.0	3286.0	3361.0	3621.0	3966.0	4380.0	4677.0	5622.0	6504.0	7767.0	9022.0	11596.0	15016.0	21318.0	32796.0	57044.0	106330.0	304690.0	2151657.0	1367890.0
	16.0	17.0	18.0	19.0	20.0	21.0	22.0	23.0	24.0	25.0	26.0	27.0	28.0	29.0	30.0	31.0	32.0	33.0	34.0	35.0	36.0	37.0	38.0	39.0	40.0
PD_170S_1_bbduk_polyg_filt	3.0	52.0	409.0	1334.0	2946.0	4023.0	4612.0	4878.0	5779.0	6063.0	6861.0	7680.0	9103.0	10928.0	13220.0	15703.0	20152.0	26479.0	37338.0	56043.0	93213.0	159490.0	389665.0	2374192.0	1240716.0
	13.0	14.0	15.0	16.0	17.0	18.0	19.0	20.0	21.0	22.0	23.0	24.0	25.0	26.0	27.0	28.0	29.0	30.0	31.0	32.0	33.0	34.0	35.0	36.0	37.0	38.0	39.0	40.0
PD_170S_2_bbduk_polyg_filt	1.0	14.0	149.0	617.0	1801.0	3116.0	4077.0	5434.0	5403.0	5306.0	5077.0	5562.0	6225.0	6760.0	7750.0	8714.0	10177.0	11789.0	13578.0	17030.0	21560.0	30911.0	45266.0	78334.0	146022.0	411051.0	2457692.0	1181466.0
	16.0	17.0	18.0	19.0	20.0	21.0	22.0	23.0	24.0	25.0	26.0	27.0	28.0	29.0	30.0	31.0	32.0	33.0	34.0	35.0	36.0	37.0	38.0	39.0	40.0
PD_171P_1_bbduk_polyg_filt	2.0	40.0	276.0	955.0	2279.0	3319.0	3812.0	4138.0	4848.0	5180.0	6154.0	6790.0	8210.0	9733.0	11998.0	14581.0	19215.0	25483.0	36748.0	55991.0	96374.0	170294.0	434681.0	3032651.0	1568881.0
	13.0	14.0	15.0	16.0	17.0	18.0	19.0	20.0	21.0	22.0	23.0	24.0	25.0	26.0	27.0	28.0	29.0	30.0	31.0	32.0	33.0	34.0	35.0	36.0	37.0	38.0	39.0	40.0
PD_171P_2_bbduk_polyg_filt	1.0	13.0	136.0	654.0	1817.0	2916.0	3618.0	4276.0	4228.0	4261.0	4260.0	4368.0	4711.0	5387.0	6003.0	6917.0	8038.0	9463.0	11182.0	14076.0	18394.0	26498.0	40762.0	72558.0	141005.0	430770.0	3196968.0	1499353.0
	17.0	18.0	19.0	20.0	21.0	22.0	23.0	24.0	25.0	26.0	27.0	28.0	29.0	30.0	31.0	32.0	33.0	34.0	35.0	36.0	37.0	38.0	39.0	40.0
PD_172S_1_bbduk_polyg_filt	23.0	182.0	637.0	1345.0	2075.0	2437.0	2615.0	3086.0	3293.0	3798.0	4180.0	5272.0	6132.0	7500.0	9137.0	12020.0	15836.0	22472.0	34343.0	59589.0	104968.0	269990.0	1828863.0	870951.0
	14.0	15.0	16.0	17.0	18.0	19.0	20.0	21.0	22.0	23.0	24.0	25.0	26.0	27.0	28.0	29.0	30.0	31.0	32.0	33.0	34.0	35.0	36.0	37.0	38.0	39.0	40.0
PD_172S_2_bbduk_polyg_filt	17.0	125.0	637.0	1556.0	2361.0	2529.0	2796.0	2739.0	2589.0	2621.0	2853.0	3292.0	3480.0	3924.0	4559.0	5138.0	6211.0	7179.0	9198.0	12031.0	16789.0	25517.0	45172.0	87402.0	265359.0	1887428.0	867242.0
	16.0	17.0	18.0	19.0	20.0	21.0	22.0	23.0	24.0	25.0	26.0	27.0	28.0	29.0	30.0	31.0	32.0	33.0	34.0	35.0	36.0	37.0	38.0	39.0	40.0
PD_173P_1_bbduk_polyg_filt	2.0	48.0	336.0	1299.0	2846.0	4036.0	4683.0	5276.0	5801.0	6353.0	7358.0	8281.0	9705.0	11578.0	14018.0	16578.0	21745.0	28091.0	40066.0	60138.0	100567.0	172607.0	421725.0	2642774.0	1255286.0
	14.0	15.0	16.0	17.0	18.0	19.0	20.0	21.0	22.0	23.0	24.0	25.0	26.0	27.0	28.0	29.0	30.0	31.0	32.0	33.0	34.0	35.0	36.0	37.0	38.0	39.0	40.0
PD_173P_2_bbduk_polyg_filt	13.0	110.0	503.0	1504.0	2649.0	3525.0	4590.0	4684.0	4697.0	4806.0	5291.0	5764.0	6568.0	7249.0	8331.0	9560.0	11442.0	13353.0	16867.0	21844.0	30698.0	46437.0	80347.0	151223.0	433091.0	2721680.0	1244371.0
	16.0	17.0	18.0	19.0	20.0	21.0	22.0	23.0	24.0	25.0	26.0	27.0	28.0	29.0	30.0	31.0	32.0	33.0	34.0	35.0	36.0	37.0	38.0	39.0	40.0
PD_174S_1_bbduk_polyg_filt	1.0	30.0	269.0	1020.0	2167.0	3083.0	3516.0	3957.0	4515.0	4947.0	5739.0	6327.0	7660.0	9108.0	10960.0	13179.0	17520.0	23162.0	33523.0	51269.0	88134.0	159102.0	418921.0	2724332.0	1171380.0
	14.0	15.0	16.0	17.0	18.0	19.0	20.0	21.0	22.0	23.0	24.0	25.0	26.0	27.0	28.0	29.0	30.0	31.0	32.0	33.0	34.0	35.0	36.0	37.0	38.0	39.0	40.0
PD_174S_2_bbduk_polyg_filt	8.0	97.0	549.0	1500.0	2907.0	3913.0	4935.0	5333.0	5144.0	5410.0	6106.0	6832.0	7746.0	8711.0	10075.0	11443.0	13062.0	14980.0	18552.0	24109.0	33099.0	48787.0	85653.0	166049.0	476714.0	2759406.0	1042701.0
	16.0	17.0	18.0	19.0	20.0	21.0	22.0	23.0	24.0	25.0	26.0	27.0	28.0	29.0	30.0	31.0	32.0	33.0	34.0	35.0	36.0	37.0	38.0	39.0	40.0
PD_175P_1_bbduk_polyg_filt	3.0	50.0	382.0	1424.0	3152.0	4165.0	5000.0	5294.0	5713.0	6172.0	6800.0	7545.0	9190.0	10708.0	12785.0	15206.0	19400.0	24520.0	35345.0	51800.0	85053.0	142336.0	339192.0	1993172.0	1038301.0
	13.0	14.0	15.0	16.0	17.0	18.0	19.0	20.0	21.0	22.0	23.0	24.0	25.0	26.0	27.0	28.0	29.0	30.0	31.0	32.0	33.0	34.0	35.0	36.0	37.0	38.0	39.0	40.0
PD_175P_2_bbduk_polyg_filt	1.0	14.0	92.0	460.0	1273.0	2335.0	3411.0	4578.0	4745.0	4849.0	4798.0	5184.0	5741.0	6438.0	6953.0	8251.0	9590.0	11138.0	12851.0	16374.0	20677.0	28281.0	42901.0	72076.0	131174.0	352195.0	2040353.0	1025975.0
	16.0	17.0	18.0	19.0	20.0	21.0	22.0	23.0	24.0	25.0	26.0	27.0	28.0	29.0	30.0	31.0	32.0	33.0	34.0	35.0	36.0	37.0	38.0	39.0	40.0
PD_176S_1_bbduk_polyg_filt	1.0	31.0	293.0	938.0	1952.0	2764.0	3147.0	3463.0	4071.0	4589.0	5244.0	5622.0	6884.0	8051.0	10146.0	12093.0	16410.0	21608.0	30887.0	48175.0	84760.0	153868.0	409532.0	2877070.0	1395384.0
	14.0	15.0	16.0	17.0	18.0	19.0	20.0	21.0	22.0	23.0	24.0	25.0	26.0	27.0	28.0	29.0	30.0	31.0	32.0	33.0	34.0	35.0	36.0	37.0	38.0	39.0	40.0
PD_176S_2_bbduk_polyg_filt	8.0	94.0	485.0	1273.0	2219.0	3054.0	3702.0	3902.0	3735.0	3832.0	4260.0	4667.0	5440.0	5965.0	7102.0	8269.0	9426.0	11228.0	13977.0	17901.0	25267.0	39070.0	69417.0	138447.0	432155.0	2969864.0	1322224.0
	17.0	18.0	19.0	20.0	21.0	22.0	23.0	24.0	25.0	26.0	27.0	28.0	29.0	30.0	31.0	32.0	33.0	34.0	35.0	36.0	37.0	38.0	39.0	40.0
PD_177P_1_bbduk_polyg_filt	17.0	153.0	566.0	1187.0	1729.0	2156.0	2401.0	2815.0	3196.0	3812.0	4105.0	5016.0	6108.0	7461.0	8989.0	12138.0	15958.0	23431.0	36321.0	63328.0	115123.0	305315.0	2135368.0	1003639.0
	14.0	15.0	16.0	17.0	18.0	19.0	20.0	21.0	22.0	23.0	24.0	25.0	26.0	27.0	28.0	29.0	30.0	31.0	32.0	33.0	34.0	35.0	36.0	37.0	38.0	39.0	40.0
PD_177P_2_bbduk_polyg_filt	6.0	79.0	402.0	1081.0	1768.0	2105.0	2582.0	2559.0	2544.0	2474.0	2846.0	3136.0	3518.0	3905.0	4570.0	5241.0	6248.0	7392.0	9667.0	12319.0	17588.0	27571.0	48988.0	98423.0	312007.0	2214937.0	966376.0
	16.0	17.0	18.0	19.0	20.0	21.0	22.0	23.0	24.0	25.0	26.0	27.0	28.0	29.0	30.0	31.0	32.0	33.0	34.0	35.0	36.0	37.0	38.0	39.0	40.0
PD_178S_1_bbduk_polyg_filt	5.0	80.0	590.0	2043.0	4227.0	6114.0	6936.0	7249.0	8142.0	8853.0	9944.0	10956.0	13022.0	15403.0	18467.0	22228.0	28400.0	36845.0	51707.0	76860.0	127835.0	216129.0	528293.0	3269260.0	1539869.0
	13.0	14.0	15.0	16.0	17.0	18.0	19.0	20.0	21.0	22.0	23.0	24.0	25.0	26.0	27.0	28.0	29.0	30.0	31.0	32.0	33.0	34.0	35.0	36.0	37.0	38.0	39.0	40.0
PD_178S_2_bbduk_polyg_filt	1.0	13.0	139.0	729.0	2142.0	4020.0	5726.0	7596.0	7715.0	7502.0	7188.0	7998.0	8759.0	9665.0	10412.0	12383.0	14192.0	16497.0	19314.0	24031.0	30846.0	42510.0	63833.0	109089.0	200489.0	559635.0	3403731.0	1433302.0
	16.0	17.0	18.0	19.0	20.0	21.0	22.0	23.0	24.0	25.0	26.0	27.0	28.0	29.0	30.0	31.0	32.0	33.0	34.0	35.0	36.0	37.0	38.0	39.0	40.0
PD_179P_1_bbduk_polyg_filt	1.0	48.0	356.0	1266.0	2713.0	3913.0	4543.0	4919.0	5505.0	6173.0	6932.0	7769.0	9474.0	10955.0	13462.0	16390.0	21388.0	28085.0	40778.0	61503.0	105566.0	186187.0	474606.0	3116724.0	1391978.0
	14.0	15.0	16.0	17.0	18.0	19.0	20.0	21.0	22.0	23.0	24.0	25.0	26.0	27.0	28.0	29.0	30.0	31.0	32.0	33.0	34.0	35.0	36.0	37.0	38.0	39.0	40.0
PD_179P_2_bbduk_polyg_filt	16.0	123.0	650.0	1978.0	3155.0	4104.0	4998.0	5199.0	5121.0	5055.0	5555.0	5995.0	6988.0	7606.0	8929.0	10275.0	12147.0	14147.0	17795.0	23134.0	32988.0	49726.0	87453.0	168333.0	493250.0	3170892.0	1375622.0
	16.0	17.0	18.0	19.0	20.0	21.0	22.0	23.0	24.0	25.0	26.0	27.0	28.0	29.0	30.0	31.0	32.0	33.0	34.0	35.0	36.0	37.0	38.0	39.0	40.0
PD_180S_1_bbduk_polyg_filt	2.0	31.0	269.0	1043.0	2437.0	3463.0	4009.0	4476.0	5004.0	5380.0	6255.0	7090.0	8343.0	9896.0	12274.0	14516.0	19396.0	25010.0	35466.0	54747.0	92983.0	163247.0	412830.0	2605732.0	1227972.0
	14.0	15.0	16.0	17.0	18.0	19.0	20.0	21.0	22.0	23.0	24.0	25.0	26.0	27.0	28.0	29.0	30.0	31.0	32.0	33.0	34.0	35.0	36.0	37.0	38.0	39.0	40.0
PD_180S_2_bbduk_polyg_filt	8.0	93.0	500.0	1426.0	2524.0	3453.0	4512.0	4828.0	4764.0	4883.0	5580.0	6051.0	6908.0	7739.0	9169.0	10292.0	12104.0	13918.0	17536.0	22601.0	31476.0	47358.0	82500.0	156620.0	447686.0	2667137.0	1150205.0
	16.0	17.0	18.0	19.0	20.0	21.0	22.0	23.0	24.0	25.0	26.0	27.0	28.0	29.0	30.0	31.0	32.0	33.0	34.0	35.0	36.0	37.0	38.0	39.0	40.0
PD_181P_1_bbduk_polyg_filt	2.0	35.0	312.0	1121.0	2404.0	3441.0	4141.0	4575.0	5078.0	5582.0	6393.0	7119.0	8656.0	10309.0	12298.0	14915.0	19691.0	25859.0	37050.0	56179.0	95592.0	166563.0	415563.0	2690099.0	1441897.0
	13.0	14.0	15.0	16.0	17.0	18.0	19.0	20.0	21.0	22.0	23.0	24.0	25.0	26.0	27.0	28.0	29.0	30.0	31.0	32.0	33.0	34.0	35.0	36.0	37.0	38.0	39.0	40.0
PD_181P_2_bbduk_polyg_filt	1.0	20.0	152.0	694.0	1806.0	3264.0	4215.0	4992.0	5070.0	4764.0	4818.0	5062.0	5687.0	6064.0	6716.0	7807.0	8926.0	10227.0	12072.0	15321.0	19864.0	27921.0	42462.0	73932.0	142041.0	419562.0	2796388.0	1405026.0
	17.0	18.0	19.0	20.0	21.0	22.0	23.0	24.0	25.0	26.0	27.0	28.0	29.0	30.0	31.0	32.0	33.0	34.0	35.0	36.0	37.0	38.0	39.0	40.0
PD_182S_1_bbduk_polyg_filt	2.0	19.0	25.0	44.0	60.0	85.0	61.0	83.0	61.0	76.0	104.0	94.0	127.0	168.0	168.0	247.0	308.0	438.0	709.0	1232.0	2147.0	5733.0	34863.0	15148.0
	13.0	14.0	15.0	16.0	17.0	18.0	19.0	20.0	21.0	22.0	23.0	24.0	25.0	26.0	27.0	28.0	29.0	30.0	31.0	32.0	33.0	34.0	35.0	36.0	37.0	38.0	39.0	40.0
PD_182S_2_bbduk_polyg_filt	2.0	10.0	92.0	402.0	881.0	994.0	668.0	379.0	300.0	181.0	130.0	106.0	110.0	111.0	110.0	138.0	138.0	166.0	195.0	226.0	296.0	369.0	562.0	958.0	1804.0	5153.0	33845.0	13676.0
	16.0	17.0	18.0	19.0	20.0	21.0	22.0	23.0	24.0	25.0	26.0	27.0	28.0	29.0	30.0	31.0	32.0	33.0	34.0	35.0	36.0	37.0	38.0	39.0	40.0
PD_183P_1_bbduk_polyg_filt	6.0	79.0	673.0	2306.0	5114.0	7054.0	8158.0	8757.0	9628.0	10393.0	11679.0	12879.0	15455.0	17887.0	21667.0	25959.0	32943.0	42653.0	59969.0	89021.0	148629.0	253019.0	617911.0	3828105.0	1729902.0
	14.0	15.0	16.0	17.0	18.0	19.0	20.0	21.0	22.0	23.0	24.0	25.0	26.0	27.0	28.0	29.0	30.0	31.0	32.0	33.0	34.0	35.0	36.0	37.0	38.0	39.0	40.0
PD_183P_2_bbduk_polyg_filt	12.0	159.0	741.0	2257.0	4185.0	5948.0	7548.0	7976.0	7602.0	7597.0	8486.0	9340.0	10412.0	11315.0	13737.0	15606.0	18015.0	21491.0	26541.0	34351.0	47897.0	72299.0	124044.0	229529.0	648587.0	3948526.0	1675645.0
	16.0	17.0	18.0	19.0	20.0	21.0	22.0	23.0	24.0	25.0	26.0	27.0	28.0	29.0	30.0	31.0	32.0	33.0	34.0	35.0	36.0	37.0	38.0	39.0	40.0
PD_184S_1_bbduk_polyg_filt	6.0	92.0	722.0	2676.0	5505.0	7286.0	8299.0	8733.0	9583.0	10585.0	11583.0	13014.0	15316.0	18119.0	21768.0	26098.0	33929.0	43828.0	62003.0	92904.0	155193.0	265031.0	650354.0	4184001.0	2030631.0
	13.0	14.0	15.0	16.0	17.0	18.0	19.0	20.0	21.0	22.0	23.0	24.0	25.0	26.0	27.0	28.0	29.0	30.0	31.0	32.0	33.0	34.0	35.0	36.0	37.0	38.0	39.0	40.0
PD_184S_2_bbduk_polyg_filt	1.0	20.0	192.0	864.0	2600.0	4661.0	6283.0	7663.0	7891.0	7590.0	7413.0	8087.0	8810.0	9848.0	10720.0	12684.0	14524.0	17508.0	20199.0	25759.0	33063.0	46909.0	71171.0	124587.0	234327.0	671155.0	4343042.0	1979688.0
	15.0	16.0	17.0	18.0	19.0	20.0	21.0	22.0	23.0	24.0	25.0	26.0	27.0	28.0	29.0	30.0	31.0	32.0	33.0	34.0	35.0	36.0	37.0	38.0	39.0	40.0
PD_188S_1_bbduk_polyg_filt	1.0	0.0	22.0	221.0	725.0	1519.0	2239.0	2525.0	2961.0	3356.0	3683.0	4124.0	4629.0	5697.0	6841.0	8338.0	10278.0	13107.0	17778.0	25690.0	39330.0	68564.0	121739.0	318290.0	2154916.0	1142951.0
	13.0	14.0	15.0	16.0	17.0	18.0	19.0	20.0	21.0	22.0	23.0	24.0	25.0	26.0	27.0	28.0	29.0	30.0	31.0	32.0	33.0	34.0	35.0	36.0	37.0	38.0	39.0	40.0
PD_188S_2_bbduk_polyg_filt	3.0	9.0	75.0	376.0	1029.0	1734.0	2326.0	2865.0	3048.0	3007.0	3036.0	3139.0	3505.0	3948.0	4328.0	5175.0	5855.0	6958.0	8393.0	10412.0	13608.0	19154.0	29859.0	52531.0	102943.0	310280.0	2187673.0	1174255.0
	17.0	18.0	19.0	20.0	21.0	22.0	23.0	24.0	25.0	26.0	27.0	28.0	29.0	30.0	31.0	32.0	33.0	34.0	35.0	36.0	37.0	38.0	39.0	40.0
PD_189P_1_bbduk_polyg_filt	52.0	373.0	1194.0	2614.0	3688.0	4312.0	4683.0	5321.0	5938.0	6610.0	7343.0	8730.0	10422.0	12885.0	15105.0	19957.0	25648.0	36769.0	55044.0	92628.0	158684.0	395634.0	2483911.0	1270596.0
	13.0	14.0	15.0	16.0	17.0	18.0	19.0	20.0	21.0	22.0	23.0	24.0	25.0	26.0	27.0	28.0	29.0	30.0	31.0	32.0	33.0	34.0	35.0	36.0	37.0	38.0	39.0	40.0
PD_189P_2_bbduk_polyg_filt	1.0	10.0	110.0	505.0	1499.0	2694.0	3585.0	4487.0	4708.0	4551.0	4525.0	4831.0	5215.0	5841.0	6318.0	7520.0	8463.0	10079.0	12004.0	15117.0	19467.0	27596.0	42065.0	73806.0	137468.0	403185.0	2616988.0	1205503.0
	16.0	17.0	18.0	19.0	20.0	21.0	22.0	23.0	24.0	25.0	26.0	27.0	28.0	29.0	30.0	31.0	32.0	33.0	34.0	35.0	36.0	37.0	38.0	39.0	40.0
PD_190S_1_bbduk_polyg_filt	1.0	46.0	300.0	1054.0	2382.0	3357.0	3748.0	4131.0	4722.0	5215.0	5761.0	6536.0	7752.0	9101.0	11144.0	13382.0	17504.0	23281.0	33203.0	50113.0	85502.0	151233.0	386395.0	2559241.0	1240220.0
	13.0	14.0	15.0	16.0	17.0	18.0	19.0	20.0	21.0	22.0	23.0	24.0	25.0	26.0	27.0	28.0	29.0	30.0	31.0	32.0	33.0	34.0	35.0	36.0	37.0	38.0	39.0	40.0
PD_190S_2_bbduk_polyg_filt	1.0	12.0	121.0	567.0	1547.0	2693.0	3693.0	4533.0	4802.0	4493.0	4546.0	5110.0	5563.0	6326.0	6941.0	8141.0	9399.0	11073.0	12740.0	16159.0	20598.0	28797.0	43493.0	75705.0	145061.0	425573.0	2657763.0	1119874.0
	17.0	18.0	19.0	20.0	21.0	22.0	23.0	24.0	25.0	26.0	27.0	28.0	29.0	30.0	31.0	32.0	33.0	34.0	35.0	36.0	37.0	38.0	39.0	40.0
PD_192S_1_bbduk_polyg_filt	1.0	3.0	3.0	3.0	6.0	8.0	6.0	6.0	3.0	6.0	1.0	4.0	6.0	6.0	3.0	11.0	8.0	20.0	17.0	44.0	64.0	173.0	1041.0	534.0
	15.0	16.0	17.0	18.0	19.0	20.0	21.0	22.0	23.0	24.0	25.0	26.0	27.0	28.0	29.0	30.0	31.0	32.0	33.0	34.0	35.0	36.0	37.0	38.0	39.0	40.0
PD_192S_2_bbduk_polyg_filt	1.0	4.0	11.0	19.0	11.0	12.0	9.0	4.0	2.0	2.0	4.0	4.0	1.0	4.0	5.0	5.0	4.0	8.0	16.0	7.0	18.0	29.0	42.0	166.0	1030.0	559.0
	17.0	18.0	19.0	20.0	21.0	22.0	23.0	24.0	25.0	26.0	27.0	28.0	29.0	30.0	31.0	32.0	33.0	34.0	35.0	36.0	37.0	38.0	39.0	40.0
PD_193P_1_bbduk_polyg_filt	52.0	366.0	1236.0	2686.0	3801.0	4534.0	4958.0	5504.0	6020.0	6790.0	7736.0	9259.0	10872.0	13705.0	16209.0	20956.0	27438.0	39475.0	59726.0	99603.0	172414.0	430323.0	2754811.0	1428727.0
	12.0	13.0	14.0	15.0	16.0	17.0	18.0	19.0	20.0	21.0	22.0	23.0	24.0	25.0	26.0	27.0	28.0	29.0	30.0	31.0	32.0	33.0	34.0	35.0	36.0	37.0	38.0	39.0	40.0
PD_193P_2_bbduk_polyg_filt	1.0	1.0	17.0	139.0	633.0	1773.0	3098.0	3955.0	5072.0	5233.0	5202.0	5064.0	5433.0	5777.0	6521.0	7320.0	8675.0	9934.0	11503.0	13486.0	17202.0	22065.0	31277.0	47126.0	82337.0	155672.0	449638.0	2888654.0	1334393.0
	16.0	17.0	18.0	19.0	20.0	21.0	22.0	23.0	24.0	25.0	26.0	27.0	28.0	29.0	30.0	31.0	32.0	33.0	34.0	35.0	36.0	37.0	38.0	39.0	40.0
PD_194S_1_bbduk_polyg_filt	3.0	13.0	167.0	502.0	1019.0	1572.0	1948.0	2230.0	2502.0	2762.0	3252.0	3713.0	4606.0	5389.0	6629.0	8158.0	10849.0	14606.0	21311.0	33094.0	58241.0	107327.0	289867.0	2057687.0	1067790.0
	13.0	14.0	15.0	16.0	17.0	18.0	19.0	20.0	21.0	22.0	23.0	24.0	25.0	26.0	27.0	28.0	29.0	30.0	31.0	32.0	33.0	34.0	35.0	36.0	37.0	38.0	39.0	40.0
PD_194S_2_bbduk_polyg_filt	1.0	17.0	102.0	499.0	1322.0	2115.0	2373.0	2789.0	2805.0	2713.0	2664.0	2949.0	3193.0	3430.0	3846.0	4595.0	5151.0	5961.0	6998.0	8955.0	11641.0	16364.0	25047.0	44993.0	90039.0	286919.0	2116442.0	1051314.0
	17.0	18.0	19.0	20.0	21.0	22.0	23.0	24.0	25.0	26.0	27.0	28.0	29.0	30.0	31.0	32.0	33.0	34.0	35.0	36.0	37.0	38.0	39.0	40.0
PD_195_1_bbduk_polyg_filt	60.0	371.0	1297.0	2872.0	4089.0	4723.0	5240.0	6063.0	6751.0	7792.0	8627.0	10339.0	11991.0	14976.0	17666.0	23159.0	30362.0	43601.0	65899.0	111358.0	194687.0	490606.0	3110118.0	1443003.0
	14.0	15.0	16.0	17.0	18.0	19.0	20.0	21.0	22.0	23.0	24.0	25.0	26.0	27.0	28.0	29.0	30.0	31.0	32.0	33.0	34.0	35.0	36.0	37.0	38.0	39.0	40.0
PD_195_2_bbduk_polyg_filt	13.0	105.0	522.0	1559.0	2654.0	3572.0	4458.0	4704.0	4400.0	4673.0	5039.0	5390.0	6138.0	6644.0	8042.0	9122.0	10638.0	12710.0	16168.0	20734.0	29831.0	46038.0	81010.0	155293.0	460437.0	3184794.0	1530962.0
	16.0	17.0	18.0	19.0	20.0	21.0	22.0	23.0	24.0	25.0	26.0	27.0	28.0	29.0	30.0	31.0	32.0	33.0	34.0	35.0	36.0	37.0	38.0	39.0	40.0
PD_196_1_bbduk_polyg_filt	3.0	69.0	572.0	1934.0	4197.0	5732.0	6821.0	7166.0	7979.0	8535.0	9781.0	10698.0	12862.0	15147.0	18462.0	21961.0	28372.0	37041.0	52236.0	78645.0	132155.0	229537.0	571411.0	3602749.0	1732339.0
	14.0	15.0	16.0	17.0	18.0	19.0	20.0	21.0	22.0	23.0	24.0	25.0	26.0	27.0	28.0	29.0	30.0	31.0	32.0	33.0	34.0	35.0	36.0	37.0	38.0	39.0	40.0
PD_196_2_bbduk_polyg_filt	17.0	123.0	736.0	2098.0	3883.0	5341.0	6838.0	7296.0	6915.0	7017.0	7807.0	8442.0	9382.0	10278.0	12162.0	13930.0	16383.0	18876.0	24003.0	30977.0	43498.0	65648.0	113269.0	213262.0	607692.0	3751360.0	1609171.0
	16.0	17.0	18.0	19.0	20.0	21.0	22.0	23.0	24.0	25.0	26.0	27.0	28.0	29.0	30.0	31.0	32.0	33.0	34.0	35.0	36.0	37.0	38.0	39.0	40.0
PD_197_1_bbduk_polyg_filt	4.0	57.0	470.0	1598.0	3449.0	4934.0	5751.0	6217.0	6923.0	7693.0	8489.0	9560.0	11591.0	13457.0	16476.0	19332.0	25026.0	32554.0	46493.0	69214.0	116219.0	202763.0	503228.0	3027471.0	1376698.0
	13.0	14.0	15.0	16.0	17.0	18.0	19.0	20.0	21.0	22.0	23.0	24.0	25.0	26.0	27.0	28.0	29.0	30.0	31.0	32.0	33.0	34.0	35.0	36.0	37.0	38.0	39.0	40.0
PD_197_2_bbduk_polyg_filt	1.0	18.0	165.0	774.0	2112.0	3806.0	5133.0	6485.0	6675.0	6496.0	6719.0	7179.0	8186.0	9024.0	9865.0	11567.0	13160.0	15275.0	17464.0	22177.0	28371.0	39748.0	59270.0	101408.0	190405.0	533270.0	3069019.0	1341895.0
	16.0	17.0	18.0	19.0	20.0	21.0	22.0	23.0	24.0	25.0	26.0	27.0	28.0	29.0	30.0	31.0	32.0	33.0	34.0	35.0	36.0	37.0	38.0	39.0	40.0
PD_198_1_bbduk_polyg_filt	2.0	44.0	383.0	1328.0	2889.0	4144.0	4586.0	4708.0	5444.0	5706.0	6514.0	7156.0	8651.0	9927.0	12056.0	14398.0	18166.0	23769.0	32893.0	49473.0	82081.0	140488.0	346207.0	2242468.0	991297.0
	14.0	15.0	16.0	17.0	18.0	19.0	20.0	21.0	22.0	23.0	24.0	25.0	26.0	27.0	28.0	29.0	30.0	31.0	32.0	33.0	34.0	35.0	36.0	37.0	38.0	39.0	40.0
PD_198_2_bbduk_polyg_filt	15.0	109.0	546.0	1708.0	3058.0	4158.0	5066.0	4974.0	4877.0	4703.0	5228.0	5433.0	6168.0	6542.0	7746.0	8833.0	10412.0	12183.0	15179.0	19885.0	27892.0	41812.0	71573.0	133314.0	381609.0	2356001.0	875754.0
	39.0
PD_199P_1_bbduk_polyg_filt	1.0
	9.0
PD_199P_2_bbduk_polyg_filt	1.0
	16.0	17.0	18.0	19.0	20.0	21.0	22.0	23.0	24.0	25.0	26.0	27.0	28.0	29.0	30.0	31.0	32.0	33.0	34.0	35.0	36.0	37.0	38.0	39.0	40.0
PD_1P_1_bbduk_polyg_filt	3.0	25.0	233.0	871.0	1828.0	2581.0	3248.0	3517.0	4136.0	4565.0	5341.0	5986.0	7139.0	8489.0	10284.0	12109.0	16093.0	21079.0	30151.0	45774.0	77352.0	133888.0	329517.0	2051354.0	1138076.0
	13.0	14.0	15.0	16.0	17.0	18.0	19.0	20.0	21.0	22.0	23.0	24.0	25.0	26.0	27.0	28.0	29.0	30.0	31.0	32.0	33.0	34.0	35.0	36.0	37.0	38.0	39.0	40.0
PD_1P_2_bbduk_polyg_filt	3.0	16.0	120.0	492.0	1359.0	2232.0	2691.0	3174.0	3353.0	3380.0	3391.0	3870.0	4242.0	4521.0	5096.0	5877.0	6920.0	8124.0	9317.0	12085.0	15407.0	21814.0	32871.0	56837.0	108817.0	314547.0	2106678.0	1176405.0
	16.0	17.0	18.0	19.0	20.0	21.0	22.0	23.0	24.0	25.0	26.0	27.0	28.0	29.0	30.0	31.0	32.0	33.0	34.0	35.0	36.0	37.0	38.0	39.0	40.0
PD_200S_1_bbduk_polyg_filt	2.0	51.0	447.0	1394.0	3080.0	4380.0	4987.0	5236.0	5989.0	6571.0	7161.0	7980.0	9740.0	11260.0	13774.0	16329.0	21209.0	27660.0	39068.0	58533.0	98831.0	169477.0	423582.0	2742557.0	1399831.0
	13.0	14.0	15.0	16.0	17.0	18.0	19.0	20.0	21.0	22.0	23.0	24.0	25.0	26.0	27.0	28.0	29.0	30.0	31.0	32.0	33.0	34.0	35.0	36.0	37.0	38.0	39.0	40.0
PD_200S_2_bbduk_polyg_filt	2.0	14.0	121.0	540.0	1616.0	2938.0	4164.0	5370.0	5683.0	5501.0	5477.0	5990.0	6663.0	7198.0	8021.0	9458.0	10816.0	12616.0	14643.0	18364.0	23627.0	33187.0	49528.0	85612.0	161224.0	464416.0	2879329.0	1257011.0
	15.0	16.0	17.0	18.0	19.0	20.0	21.0	22.0	23.0	24.0	25.0	26.0	27.0	28.0	29.0	30.0	31.0	32.0	33.0	34.0	35.0	36.0	37.0	38.0	39.0	40.0
PD_203_1_bbduk_polyg_filt	1.0	2.0	46.0	263.0	909.0	1815.0	2739.0	3195.0	3549.0	3995.0	4496.0	5101.0	6023.0	6883.0	8424.0	10307.0	12347.0	16272.0	21694.0	31412.0	47667.0	82674.0	148863.0	394655.0	2548677.0	1032843.0
	13.0	14.0	15.0	16.0	17.0	18.0	19.0	20.0	21.0	22.0	23.0	24.0	25.0	26.0	27.0	28.0	29.0	30.0	31.0	32.0	33.0	34.0	35.0	36.0	37.0	38.0	39.0	40.0
PD_203_2_bbduk_polyg_filt	1.0	7.0	107.0	507.0	1217.0	2136.0	2573.0	3253.0	3329.0	3306.0	3278.0	3495.0	4004.0	4448.0	4920.0	5873.0	6699.0	7776.0	9221.0	11709.0	15539.0	21768.0	33653.0	60672.0	119637.0	365444.0	2529314.0	1170966.0
	16.0	17.0	18.0	19.0	20.0	21.0	22.0	23.0	24.0	25.0	26.0	27.0	28.0	29.0	30.0	31.0	32.0	33.0	34.0	35.0	36.0	37.0	38.0	39.0	40.0
PD_204_1_bbduk_polyg_filt	1.0	33.0	278.0	1028.0	2066.0	2842.0	3444.0	3965.0	4357.0	4840.0	5444.0	6255.0	7494.0	8768.0	10934.0	13247.0	17292.0	22577.0	32535.0	50017.0	84808.0	150240.0	390361.0	2422066.0	1024650.0
	13.0	14.0	15.0	16.0	17.0	18.0	19.0	20.0	21.0	22.0	23.0	24.0	25.0	26.0	27.0	28.0	29.0	30.0	31.0	32.0	33.0	34.0	35.0	36.0	37.0	38.0	39.0	40.0
PD_204_2_bbduk_polyg_filt	1.0	12.0	96.0	502.0	1365.0	2348.0	3230.0	4005.0	4016.0	4054.0	4136.0	4638.0	4739.0	5183.0	5845.0	6719.0	7817.0	9093.0	10574.0	13446.0	17528.0	24692.0	37257.0	65599.0	125394.0	370948.0	2371017.0	1165288.0
	16.0	17.0	18.0	19.0	20.0	21.0	22.0	23.0	24.0	25.0	26.0	27.0	28.0	29.0	30.0	31.0	32.0	33.0	34.0	35.0	36.0	37.0	38.0	39.0	40.0
PD_205P_1_bbduk_polyg_filt	1.0	21.0	143.0	399.0	883.0	1227.0	1535.0	1722.0	1977.0	2390.0	2690.0	2983.0	3634.0	4389.0	5346.0	6705.0	8764.0	11961.0	17461.0	27718.0	49855.0	94877.0	262502.0	1958680.0	900112.0
	14.0	15.0	16.0	17.0	18.0	19.0	20.0	21.0	22.0	23.0	24.0	25.0	26.0	27.0	28.0	29.0	30.0	31.0	32.0	33.0	34.0	35.0	36.0	37.0	38.0	39.0	40.0
PD_205P_2_bbduk_polyg_filt	8.0	129.0	548.0	1483.0	2300.0	2735.0	3150.0	3022.0	2721.0	2804.0	2871.0	3001.0	3358.0	3642.0	4061.0	4544.0	5483.0	6174.0	7999.0	10183.0	14339.0	22426.0	40463.0	83773.0	271769.0	2021670.0	843319.0
	16.0	17.0	18.0	19.0	20.0	21.0	22.0	23.0	24.0	25.0	26.0	27.0	28.0	29.0	30.0	31.0	32.0	33.0	34.0	35.0	36.0	37.0	38.0	39.0	40.0
PD_206S_1_bbduk_polyg_filt	6.0	73.0	441.0	1760.0	3796.0	5190.0	6044.0	6225.0	7169.0	7972.0	8815.0	9691.0	11589.0	13655.0	16781.0	19980.0	26116.0	33682.0	47688.0	71641.0	121533.0	209281.0	525420.0	3245910.0	1511818.0
	13.0	14.0	15.0	16.0	17.0	18.0	19.0	20.0	21.0	22.0	23.0	24.0	25.0	26.0	27.0	28.0	29.0	30.0	31.0	32.0	33.0	34.0	35.0	36.0	37.0	38.0	39.0	40.0
PD_206S_2_bbduk_polyg_filt	1.0	17.0	165.0	786.0	2067.0	3697.0	5170.0	6510.0	6614.0	6398.0	6605.0	7253.0	7894.0	9064.0	9771.0	11366.0	13136.0	15250.0	17835.0	22259.0	28853.0	40483.0	60709.0	104814.0	196600.0	556944.0	3293862.0	1478153.0
	16.0	17.0	18.0	19.0	20.0	21.0	22.0	23.0	24.0	25.0	26.0	27.0	28.0	29.0	30.0	31.0	32.0	33.0	34.0	35.0	36.0	37.0	38.0	39.0	40.0
PD_207P_1_bbduk_polyg_filt	3.0	69.0	512.0	1999.0	4145.0	5540.0	6306.0	6808.0	7503.0	8161.0	9190.0	10086.0	11760.0	13646.0	16471.0	19606.0	25172.0	32487.0	45458.0	67555.0	110824.0	187159.0	451844.0	2779379.0	1419087.0
	13.0	14.0	15.0	16.0	17.0	18.0	19.0	20.0	21.0	22.0	23.0	24.0	25.0	26.0	27.0	28.0	29.0	30.0	31.0	32.0	33.0	34.0	35.0	36.0	37.0	38.0	39.0	40.0
PD_207P_2_bbduk_polyg_filt	1.0	9.0	140.0	702.0	2046.0	3723.0	5326.0	6897.0	6799.0	6664.0	6388.0	6837.0	7223.0	8105.0	8758.0	10165.0	11822.0	13545.0	15978.0	19970.0	25862.0	36455.0	54733.0	92875.0	170128.0	478796.0	2979898.0	1260925.0
	16.0	17.0	18.0	19.0	20.0	21.0	22.0	23.0	24.0	25.0	26.0	27.0	28.0	29.0	30.0	31.0	32.0	33.0	34.0	35.0	36.0	37.0	38.0	39.0	40.0
PD_208S_1_bbduk_polyg_filt	3.0	31.0	245.0	800.0	1745.0	2491.0	2922.0	3216.0	3642.0	4044.0	4615.0	5066.0	6207.0	7459.0	9023.0	10916.0	14045.0	18882.0	27087.0	41634.0	71666.0	128957.0	340187.0	2312450.0	1091098.0
	14.0	15.0	16.0	17.0	18.0	19.0	20.0	21.0	22.0	23.0	24.0	25.0	26.0	27.0	28.0	29.0	30.0	31.0	32.0	33.0	34.0	35.0	36.0	37.0	38.0	39.0	40.0
PD_208S_2_bbduk_polyg_filt	8.0	86.0	448.0	1162.0	1973.0	2590.0	3208.0	3357.0	3256.0	3331.0	3674.0	3935.0	4493.0	4922.0	5732.0	6658.0	7848.0	9218.0	11645.0	15346.0	21543.0	33076.0	59130.0	115701.0	351251.0	2369761.0	1065079.0
	16.0	17.0	18.0	19.0	20.0	21.0	22.0	23.0	24.0	25.0	26.0	27.0	28.0	29.0	30.0	31.0	32.0	33.0	34.0	35.0	36.0	37.0	38.0	39.0	40.0
PD_209P_1_bbduk_polyg_filt	1.0	41.0	373.0	1269.0	2768.0	3892.0	4466.0	4796.0	5396.0	5968.0	6649.0	7510.0	9071.0	10635.0	13150.0	15883.0	20589.0	27062.0	39017.0	59196.0	99684.0	175086.0	442902.0	2961817.0	1479477.0
	14.0	15.0	16.0	17.0	18.0	19.0	20.0	21.0	22.0	23.0	24.0	25.0	26.0	27.0	28.0	29.0	30.0	31.0	32.0	33.0	34.0	35.0	36.0	37.0	38.0	39.0	40.0
PD_209P_2_bbduk_polyg_filt	18.0	143.0	603.0	1752.0	3085.0	3917.0	4955.0	5077.0	4740.0	4737.0	5244.0	5605.0	6335.0	6906.0	8126.0	9398.0	10819.0	12672.0	16028.0	20802.0	29296.0	44408.0	78559.0	151078.0	444392.0	3063587.0	1454416.0
	15.0	16.0	17.0	18.0	19.0	20.0	21.0	22.0	23.0	24.0	25.0	26.0	27.0	28.0	29.0	30.0	31.0	32.0	33.0	34.0	35.0	36.0	37.0	38.0	39.0	40.0
PD_210S_1_bbduk_polyg_filt	1.0	3.0	38.0	318.0	1065.0	2429.0	3409.0	3885.0	4214.0	4861.0	5140.0	5897.0	6699.0	7943.0	9434.0	11432.0	13825.0	17962.0	23631.0	33794.0	51252.0	87352.0	153111.0	387305.0	2542861.0	1245356.0
	13.0	14.0	15.0	16.0	17.0	18.0	19.0	20.0	21.0	22.0	23.0	24.0	25.0	26.0	27.0	28.0	29.0	30.0	31.0	32.0	33.0	34.0	35.0	36.0	37.0	38.0	39.0	40.0
PD_210S_2_bbduk_polyg_filt	2.0	14.0	169.0	601.0	1741.0	3117.0	4051.0	5014.0	5105.0	5070.0	4970.0	5556.0	5906.0	6794.0	7414.0	8494.0	9949.0	11538.0	13681.0	16948.0	21811.0	30256.0	45787.0	79823.0	151523.0	433342.0	2628770.0	1115771.0
	17.0	18.0	19.0	20.0	21.0	22.0	23.0	24.0	25.0	26.0	27.0	28.0	29.0	30.0	31.0	32.0	33.0	34.0	35.0	36.0	37.0	38.0	39.0	40.0
PD_211P_1_bbduk_polyg_filt	1.0	8.0	23.0	41.0	54.0	45.0	40.0	51.0	54.0	62.0	77.0	83.0	101.0	107.0	121.0	154.0	222.0	354.0	483.0	861.0	1414.0	3887.0	24070.0	10843.0
	14.0	15.0	16.0	17.0	18.0	19.0	20.0	21.0	22.0	23.0	24.0	25.0	26.0	27.0	28.0	29.0	30.0	31.0	32.0	33.0	34.0	35.0	36.0	37.0	38.0	39.0	40.0
PD_211P_2_bbduk_polyg_filt	18.0	68.0	400.0	778.0	911.0	659.0	426.0	253.0	174.0	116.0	111.0	98.0	99.0	117.0	114.0	122.0	127.0	145.0	164.0	211.0	283.0	421.0	696.0	1234.0	3462.0	22651.0	9298.0
	16.0	17.0	18.0	19.0	20.0	21.0	22.0	23.0	24.0	25.0	26.0	27.0	28.0	29.0	30.0	31.0	32.0	33.0	34.0	35.0	36.0	37.0	38.0	39.0	40.0
PD_212S_1_bbduk_polyg_filt	1.0	1.0	5.0	8.0	24.0	31.0	13.0	28.0	20.0	23.0	22.0	25.0	35.0	37.0	42.0	54.0	65.0	69.0	131.0	255.0	394.0	619.0	1397.0	9186.0	4406.0
	14.0	15.0	16.0	17.0	18.0	19.0	20.0	21.0	22.0	23.0	24.0	25.0	26.0	27.0	28.0	29.0	30.0	31.0	32.0	33.0	34.0	35.0	36.0	37.0	38.0	39.0	40.0
PD_212S_2_bbduk_polyg_filt	1.0	16.0	70.0	156.0	209.0	123.0	81.0	55.0	49.0	30.0	25.0	30.0	32.0	32.0	33.0	44.0	41.0	49.0	86.0	74.0	119.0	190.0	274.0	518.0	1357.0	9235.0	3962.0
	16.0	17.0	18.0	19.0	20.0	21.0	22.0	23.0	24.0	25.0	26.0	27.0	28.0	29.0	30.0	31.0	32.0	33.0	34.0	35.0	36.0	37.0	38.0	39.0	40.0
PD_213S_1_bbduk_polyg_filt	3.0	68.0	617.0	2175.0	4467.0	6155.0	6852.0	7310.0	8168.0	8669.0	9671.0	10834.0	12699.0	14955.0	17907.0	21575.0	27632.0	35427.0	49833.0	74853.0	124345.0	210604.0	516160.0	3214081.0	1536866.0
	13.0	14.0	15.0	16.0	17.0	18.0	19.0	20.0	21.0	22.0	23.0	24.0	25.0	26.0	27.0	28.0	29.0	30.0	31.0	32.0	33.0	34.0	35.0	36.0	37.0	38.0	39.0	40.0
PD_213S_2_bbduk_polyg_filt	1.0	14.0	146.0	692.0	1946.0	3763.0	5455.0	6673.0	6861.0	6699.0	6704.0	7300.0	7805.0	8770.0	9523.0	11075.0	12836.0	15067.0	17304.0	21997.0	28138.0	39361.0	58551.0	101395.0	187901.0	529092.0	3328190.0	1498667.0
	16.0	17.0	18.0	19.0	20.0	21.0	22.0	23.0	24.0	25.0	26.0	27.0	28.0	29.0	30.0	31.0	32.0	33.0	34.0	35.0	36.0	37.0	38.0	39.0	40.0
PD_214S_1_bbduk_polyg_filt	3.0	31.0	272.0	963.0	2107.0	2944.0	3353.0	3661.0	4124.0	4644.0	5390.0	5998.0	7138.0	8436.0	10287.0	12744.0	16504.0	21697.0	31679.0	48388.0	84041.0	149990.0	391498.0	2633554.0	1185444.0
	13.0	14.0	15.0	16.0	17.0	18.0	19.0	20.0	21.0	22.0	23.0	24.0	25.0	26.0	27.0	28.0	29.0	30.0	31.0	32.0	33.0	34.0	35.0	36.0	37.0	38.0	39.0	40.0
PD_214S_2_bbduk_polyg_filt	1.0	8.0	107.0	480.0	1410.0	2463.0	3225.0	3926.0	4007.0	3797.0	4023.0	4475.0	4977.0	5570.0	6121.0	7380.0	8313.0	9771.0	11102.0	14292.0	18183.0	25760.0	39185.0	69588.0	136586.0	413602.0	2696719.0	1139819.0
	16.0	17.0	18.0	19.0	20.0	21.0	22.0	23.0	24.0	25.0	26.0	27.0	28.0	29.0	30.0	31.0	32.0	33.0	34.0	35.0	36.0	37.0	38.0	39.0	40.0
PD_215S_1_bbduk_polyg_filt	1.0	59.0	438.0	1491.0	3189.0	4610.0	5204.0	5724.0	6513.0	7302.0	8187.0	9282.0	11326.0	13332.0	16748.0	20030.0	26120.0	34433.0	49629.0	75717.0	130026.0	228975.0	589506.0	3800724.0	1761458.0
	13.0	14.0	15.0	16.0	17.0	18.0	19.0	20.0	21.0	22.0	23.0	24.0	25.0	26.0	27.0	28.0	29.0	30.0	31.0	32.0	33.0	34.0	35.0	36.0	37.0	38.0	39.0	40.0
PD_215S_2_bbduk_polyg_filt	2.0	24.0	188.0	951.0	2440.0	4339.0	5637.0	7001.0	7093.0	6659.0	6779.0	7395.0	7851.0	9047.0	9800.0	11880.0	13411.0	15757.0	18291.0	22742.0	29450.0	41900.0	62829.0	110383.0	212674.0	626798.0	3869212.0	1699491.0
	17.0	18.0	19.0	20.0	21.0	22.0	23.0	24.0	25.0	26.0	27.0	28.0	29.0	30.0	31.0	32.0	33.0	34.0	35.0	36.0	37.0	38.0	39.0	40.0
PD_216S_1_bbduk_polyg_filt	10.0	18.0	44.0	34.0	36.0	43.0	33.0	41.0	37.0	42.0	35.0	49.0	64.0	55.0	100.0	118.0	150.0	213.0	388.0	638.0	1096.0	3070.0	19566.0	7306.0
	13.0	14.0	15.0	16.0	17.0	18.0	19.0	20.0	21.0	22.0	23.0	24.0	25.0	26.0	27.0	28.0	29.0	30.0	31.0	32.0	33.0	34.0	35.0	36.0	37.0	38.0	39.0	40.0
PD_216S_2_bbduk_polyg_filt	1.0	4.0	29.0	176.0	345.0	424.0	265.0	179.0	109.0	79.0	51.0	58.0	35.0	50.0	49.0	61.0	59.0	82.0	85.0	90.0	121.0	168.0	248.0	439.0	866.0	2731.0	18407.0	7975.0
	16.0	17.0	18.0	19.0	20.0	21.0	22.0	23.0	24.0	25.0	26.0	27.0	28.0	29.0	30.0	31.0	32.0	33.0	34.0	35.0	36.0	37.0	38.0	39.0	40.0
PD_217P_1_bbduk_polyg_filt	1.0	2.0	9.0	14.0	50.0	61.0	75.0	70.0	65.0	88.0	95.0	117.0	113.0	140.0	170.0	211.0	261.0	345.0	531.0	755.0	1208.0	2151.0	5306.0	32240.0	14905.0
	14.0	15.0	16.0	17.0	18.0	19.0	20.0	21.0	22.0	23.0	24.0	25.0	26.0	27.0	28.0	29.0	30.0	31.0	32.0	33.0	34.0	35.0	36.0	37.0	38.0	39.0	40.0
PD_217P_2_bbduk_polyg_filt	6.0	77.0	328.0	759.0	912.0	592.0	392.0	270.0	183.0	144.0	136.0	98.0	118.0	124.0	144.0	159.0	172.0	200.0	248.0	313.0	426.0	620.0	999.0	1865.0	5383.0	32037.0	12278.0
	22.0	23.0	24.0	25.0	26.0	27.0	28.0	29.0	30.0	31.0	32.0	33.0	34.0	35.0	36.0	37.0	38.0	39.0	40.0
PD_218S_1_bbduk_polyg_filt	1.0	0.0	3.0	0.0	0.0	4.0	2.0	5.0	7.0	6.0	5.0	4.0	6.0	10.0	20.0	37.0	95.0	596.0	251.0
	19.0	20.0	21.0	22.0	23.0	24.0	25.0	26.0	27.0	28.0	29.0	30.0	31.0	32.0	33.0	34.0	35.0	36.0	37.0	38.0	39.0	40.0
PD_218S_2_bbduk_polyg_filt	1.0	0.0	1.0	1.0	1.0	2.0	1.0	1.0	1.0	1.0	1.0	5.0	3.0	4.0	3.0	4.0	12.0	13.0	33.0	88.0	621.0	255.0
	16.0	17.0	18.0	19.0	20.0	21.0	22.0	23.0	24.0	25.0	26.0	27.0	28.0	29.0	30.0	31.0	32.0	33.0	34.0	35.0	36.0	37.0	38.0	39.0	40.0
PD_221P_1_bbduk_polyg_filt	6.0	44.0	288.0	959.0	2125.0	3185.0	3622.0	3960.0	4553.0	5090.0	5622.0	6333.0	7602.0	9145.0	11129.0	13452.0	17576.0	23266.0	33259.0	50878.0	87141.0	156673.0	402649.0	2733403.0	1318730.0
	14.0	15.0	16.0	17.0	18.0	19.0	20.0	21.0	22.0	23.0	24.0	25.0	26.0	27.0	28.0	29.0	30.0	31.0	32.0	33.0	34.0	35.0	36.0	37.0	38.0	39.0	40.0
PD_221P_2_bbduk_polyg_filt	11.0	98.0	555.0	1592.0	2671.0	3375.0	4090.0	4222.0	4174.0	4209.0	4674.0	5152.0	5755.0	6211.0	7617.0	8610.0	9912.0	11491.0	14717.0	19199.0	26477.0	40525.0	71373.0	138380.0	419518.0	2836213.0	1249869.0
	16.0	17.0	18.0	19.0	20.0	21.0	22.0	23.0	24.0	25.0	26.0	27.0	28.0	29.0	30.0	31.0	32.0	33.0	34.0	35.0	36.0	37.0	38.0	39.0	40.0
PD_222S_1_bbduk_polyg_filt	2.0	29.0	190.0	705.0	1596.0	2308.0	2809.0	3182.0	3690.0	4153.0	4788.0	5380.0	6564.0	7848.0	9623.0	11953.0	15755.0	20880.0	30603.0	47384.0	83387.0	150377.0	394270.0	2594238.0	1300036.0
	13.0	14.0	15.0	16.0	17.0	18.0	19.0	20.0	21.0	22.0	23.0	24.0	25.0	26.0	27.0	28.0	29.0	30.0	31.0	32.0	33.0	34.0	35.0	36.0	37.0	38.0	39.0	40.0
PD_222S_2_bbduk_polyg_filt	1.0	11.0	108.0	615.0	1615.0	2579.0	3301.0	3960.0	4175.0	4040.0	4029.0	4575.0	5018.0	5628.0	6215.0	7256.0	8215.0	9852.0	11249.0	14201.0	18316.0	25201.0	38740.0	68969.0	135312.0	411426.0	2655877.0	1251266.0
	16.0	17.0	18.0	19.0	20.0	21.0	22.0	23.0	24.0	25.0	26.0	27.0	28.0	29.0	30.0	31.0	32.0	33.0	34.0	35.0	36.0	37.0	38.0	39.0	40.0
PD_223P_1_bbduk_polyg_filt	5.0	70.0	495.0	1500.0	3262.0	4563.0	5259.0	5866.0	6627.0	7261.0	8175.0	9162.0	10931.0	13259.0	16187.0	19390.0	25380.0	33402.0	48160.0	73118.0	125653.0	224161.0	574043.0	3781725.0	1770424.0
	14.0	15.0	16.0	17.0	18.0	19.0	20.0	21.0	22.0	23.0	24.0	25.0	26.0	27.0	28.0	29.0	30.0	31.0	32.0	33.0	34.0	35.0	36.0	37.0	38.0	39.0	40.0
PD_223P_2_bbduk_polyg_filt	9.0	153.0	675.0	1940.0	3486.0	4626.0	5760.0	6179.0	6139.0	6061.0	6761.0	7502.0	8419.0	9312.0	11250.0	12714.0	14619.0	17088.0	21652.0	27679.0	38283.0	58219.0	102249.0	198981.0	589514.0	3825040.0	1783768.0
	16.0	17.0	18.0	19.0	20.0	21.0	22.0	23.0	24.0	25.0	26.0	27.0	28.0	29.0	30.0	31.0	32.0	33.0	34.0	35.0	36.0	37.0	38.0	39.0	40.0
PD_224S_1_bbduk_polyg_filt	4.0	63.0	560.0	1890.0	3903.0	5574.0	6382.0	7023.0	8003.0	8632.0	9891.0	10831.0	13196.0	15851.0	19511.0	23499.0	30364.0	39878.0	57525.0	87061.0	147048.0	257557.0	664024.0	4096813.0	1751441.0
	14.0	15.0	16.0	17.0	18.0	19.0	20.0	21.0	22.0	23.0	24.0	25.0	26.0	27.0	28.0	29.0	30.0	31.0	32.0	33.0	34.0	35.0	36.0	37.0	38.0	39.0	40.0
PD_224S_2_bbduk_polyg_filt	22.0	187.0	948.0	2467.0	4403.0	5676.0	7182.0	7416.0	7243.0	7501.0	8049.0	8587.0	9903.0	11004.0	13148.0	14936.0	17460.0	20432.0	26225.0	33366.0	47238.0	71276.0	125009.0	238949.0	701157.0	4213133.0	1663607.0
	16.0	17.0	18.0	19.0	20.0	21.0	22.0	23.0	24.0	25.0	26.0	27.0	28.0	29.0	30.0	31.0	32.0	33.0	34.0	35.0	36.0	37.0	38.0	39.0	40.0
PD_225P_1_bbduk_polyg_filt	5.0	65.0	448.0	1516.0	3179.0	4603.0	5354.0	5802.0	6543.0	7272.0	8157.0	9004.0	10797.0	12614.0	15584.0	18780.0	24669.0	32230.0	45849.0	70181.0	118434.0	205551.0	515912.0	3398961.0	1678514.0
	14.0	15.0	16.0	17.0	18.0	19.0	20.0	21.0	22.0	23.0	24.0	25.0	26.0	27.0	28.0	29.0	30.0	31.0	32.0	33.0	34.0	35.0	36.0	37.0	38.0	39.0	40.0
PD_225P_2_bbduk_polyg_filt	24.0	122.0	740.0	1994.0	3519.0	4477.0	5449.0	5583.0	5422.0	5435.0	5832.0	6378.0	7181.0	7898.0	9224.0	10546.0	12529.0	14712.0	18630.0	24091.0	34199.0	51943.0	91415.0	174068.0	511381.0	3515725.0	1671507.0
	17.0	18.0	19.0	20.0	21.0	22.0	23.0	24.0	25.0	26.0	27.0	28.0	29.0	30.0	31.0	32.0	33.0	34.0	35.0	36.0	37.0	38.0	39.0	40.0
PD_226S_1_bbduk_polyg_filt	63.0	373.0	1293.0	3000.0	4254.0	4865.0	5427.0	5967.0	6467.0	7253.0	8011.0	9656.0	11397.0	13649.0	16522.0	21181.0	27430.0	38924.0	57725.0	96647.0	165567.0	407346.0	2539072.0	1239447.0
	14.0	15.0	16.0	17.0	18.0	19.0	20.0	21.0	22.0	23.0	24.0	25.0	26.0	27.0	28.0	29.0	30.0	31.0	32.0	33.0	34.0	35.0	36.0	37.0	38.0	39.0	40.0
PD_226S_2_bbduk_polyg_filt	12.0	115.0	598.0	1747.0	2981.0	4172.0	5766.0	5830.0	5699.0	5614.0	6178.0	6923.0	7753.0	8444.0	9907.0	11388.0	13599.0	15501.0	19362.0	24849.0	34756.0	51998.0	89140.0	166254.0	457815.0	2618894.0	1116241.0
	16.0	17.0	18.0	19.0	20.0	21.0	22.0	23.0	24.0	25.0	26.0	27.0	28.0	29.0	30.0	31.0	32.0	33.0	34.0	35.0	36.0	37.0	38.0	39.0	40.0
PD_227P_1_bbduk_polyg_filt	5.0	38.0	269.0	960.0	2135.0	3026.0	3713.0	3923.0	4495.0	5069.0	5501.0	6134.0	7343.0	8812.0	11003.0	13158.0	16899.0	22028.0	31646.0	47822.0	80800.0	140444.0	347967.0	2232214.0	1182384.0
	14.0	15.0	16.0	17.0	18.0	19.0	20.0	21.0	22.0	23.0	24.0	25.0	26.0	27.0	28.0	29.0	30.0	31.0	32.0	33.0	34.0	35.0	36.0	37.0	38.0	39.0	40.0
PD_227P_2_bbduk_polyg_filt	6.0	92.0	532.0	1307.0	2357.0	2918.0	3641.0	3683.0	3502.0	3475.0	3792.0	4107.0	4490.0	5039.0	5873.0	6675.0	7978.0	9242.0	11792.0	15476.0	22317.0	34087.0	59122.0	110205.0	325008.0	2270897.0	1260175.0
	17.0	18.0	19.0	20.0	21.0	22.0	23.0	24.0	25.0	26.0	27.0	28.0	29.0	30.0	31.0	32.0	33.0	34.0	35.0	36.0	37.0	38.0	39.0	40.0
PD_228S_1_bbduk_polyg_filt	43.0	336.0	1143.0	2562.0	3628.0	4138.0	4603.0	4929.0	5771.0	6320.0	7270.0	8732.0	10190.0	12438.0	15154.0	19711.0	25760.0	36807.0	56395.0	96749.0	171262.0	441786.0	2907582.0	1335342.0
	13.0	14.0	15.0	16.0	17.0	18.0	19.0	20.0	21.0	22.0	23.0	24.0	25.0	26.0	27.0	28.0	29.0	30.0	31.0	32.0	33.0	34.0	35.0	36.0	37.0	38.0	39.0	40.0
PD_228S_2_bbduk_polyg_filt	1.0	5.0	116.0	523.0	1499.0	2797.0	3735.0	4649.0	4851.0	4822.0	4876.0	5517.0	5873.0	6895.0	7820.0	9039.0	10212.0	12165.0	13688.0	17444.0	22436.0	31911.0	47812.0	83596.0	160671.0	474192.0	3008615.0	1232891.0
	16.0	17.0	18.0	19.0	20.0	21.0	22.0	23.0	24.0	25.0	26.0	27.0	28.0	29.0	30.0	31.0	32.0	33.0	34.0	35.0	36.0	37.0	38.0	39.0	40.0
PD_229P_1_bbduk_polyg_filt	1.0	34.0	325.0	1149.0	2538.0	3655.0	4255.0	4648.0	5165.0	5698.0	6391.0	7244.0	8741.0	10279.0	12714.0	15169.0	19829.0	26231.0	37396.0	56857.0	97709.0	170950.0	432000.0	2799678.0	1338362.0
	12.0	13.0	14.0	15.0	16.0	17.0	18.0	19.0	20.0	21.0	22.0	23.0	24.0	25.0	26.0	27.0	28.0	29.0	30.0	31.0	32.0	33.0	34.0	35.0	36.0	37.0	38.0	39.0	40.0
PD_229P_2_bbduk_polyg_filt	1.0	0.0	13.0	128.0	597.0	1622.0	2938.0	3823.0	4778.0	4788.0	4520.0	4495.0	4931.0	5298.0	5825.0	6498.0	7655.0	8802.0	10228.0	12088.0	15648.0	20214.0	28714.0	43508.0	77278.0	148125.0	444438.0	2917283.0	1282782.0
	16.0	17.0	18.0	19.0	20.0	21.0	22.0	23.0	24.0	25.0	26.0	27.0	28.0	29.0	30.0	31.0	32.0	33.0	34.0	35.0	36.0	37.0	38.0	39.0	40.0
PD_230S_1_bbduk_polyg_filt	1.0	35.0	304.0	1121.0	2475.0	3514.0	4188.0	4575.0	5107.0	5724.0	6303.0	7157.0	8712.0	10441.0	12431.0	14940.0	19315.0	26014.0	36774.0	56232.0	96613.0	168614.0	427363.0	2804381.0	1326722.0
	14.0	15.0	16.0	17.0	18.0	19.0	20.0	21.0	22.0	23.0	24.0	25.0	26.0	27.0	28.0	29.0	30.0	31.0	32.0	33.0	34.0	35.0	36.0	37.0	38.0	39.0	40.0
PD_230S_2_bbduk_polyg_filt	15.0	130.0	534.0	1491.0	2622.0	3299.0	4086.0	4150.0	4250.0	4200.0	4825.0	5297.0	5938.0	6754.0	7867.0	9146.0	10897.0	12462.0	15880.0	20716.0	29166.0	44671.0	79063.0	151849.0	451302.0	2906220.0	1262226.0
	16.0	17.0	18.0	19.0	20.0	21.0	22.0	23.0	24.0	25.0	26.0	27.0	28.0	29.0	30.0	31.0	32.0	33.0	34.0	35.0	36.0	37.0	38.0	39.0	40.0
PD_231P_1_bbduk_polyg_filt	3.0	59.0	366.0	1293.0	2713.0	3836.0	4682.0	4966.0	5772.0	6325.0	7270.0	8074.0	9838.0	11853.0	14467.0	17374.0	22945.0	30420.0	43568.0	66988.0	114784.0	202530.0	519286.0	3349707.0	1568346.0
	12.0	13.0	14.0	15.0	16.0	17.0	18.0	19.0	20.0	21.0	22.0	23.0	24.0	25.0	26.0	27.0	28.0	29.0	30.0	31.0	32.0	33.0	34.0	35.0	36.0	37.0	38.0	39.0	40.0
PD_231P_2_bbduk_polyg_filt	1.0	1.0	24.0	157.0	729.0	1975.0	3493.0	4396.0	5277.0	5343.0	5266.0	5132.0	5665.0	6228.0	6835.0	7631.0	9029.0	10368.0	12207.0	14306.0	17847.0	23284.0	33130.0	50594.0	89828.0	172548.0	511518.0	3377700.0	1636953.0
	16.0	17.0	18.0	19.0	20.0	21.0	22.0	23.0	24.0	25.0	26.0	27.0	28.0	29.0	30.0	31.0	32.0	33.0	34.0	35.0	36.0	37.0	38.0	39.0	40.0
PD_232S_1_bbduk_polyg_filt	5.0	74.0	515.0	1828.0	3898.0	5245.0	5929.0	6401.0	7053.0	7665.0	8536.0	9377.0	11232.0	12911.0	15964.0	18866.0	24140.0	31308.0	43923.0	65643.0	108304.0	184651.0	456841.0	2664099.0	1206418.0
	14.0	15.0	16.0	17.0	18.0	19.0	20.0	21.0	22.0	23.0	24.0	25.0	26.0	27.0	28.0	29.0	30.0	31.0	32.0	33.0	34.0	35.0	36.0	37.0	38.0	39.0	40.0
PD_232S_2_bbduk_polyg_filt	13.0	112.0	613.0	1787.0	3167.0	4600.0	6053.0	6328.0	6258.0	6152.0	6810.0	7407.0	8269.0	8940.0	10690.0	12194.0	14477.0	16175.0	20827.0	26931.0	37299.0	55911.0	95724.0	176527.0	486227.0	2709686.0	1171649.0
	16.0	17.0	18.0	19.0	20.0	21.0	22.0	23.0	24.0	25.0	26.0	27.0	28.0	29.0	30.0	31.0	32.0	33.0	34.0	35.0	36.0	37.0	38.0	39.0	40.0
PD_25P_1_bbduk_polyg_filt	1.0	26.0	266.0	936.0	1982.0	2813.0	3399.0	3764.0	4442.0	4708.0	5337.0	5875.0	7172.0	8384.0	10284.0	12355.0	16207.0	21092.0	29730.0	44822.0	75855.0	128973.0	312331.0	1916443.0	1137221.0
	14.0	15.0	16.0	17.0	18.0	19.0	20.0	21.0	22.0	23.0	24.0	25.0	26.0	27.0	28.0	29.0	30.0	31.0	32.0	33.0	34.0	35.0	36.0	37.0	38.0	39.0	40.0
PD_25P_2_bbduk_polyg_filt	16.0	88.0	372.0	1043.0	1891.0	2461.0	3178.0	3336.0	3391.0	3379.0	3574.0	3791.0	4391.0	4810.0	5590.0	6461.0	7624.0	8861.0	11238.0	14683.0	20962.0	32300.0	55343.0	101472.0	292757.0	2012540.0	1148866.0
	20.0	21.0	22.0	23.0	24.0	25.0	26.0	27.0	28.0	29.0	30.0	31.0	32.0	33.0	34.0	35.0	36.0	37.0	38.0	39.0	40.0
PD_26P_1_bbduk_polyg_filt	1.0	5.0	6.0	3.0	1.0	2.0	6.0	6.0	9.0	14.0	11.0	17.0	20.0	21.0	26.0	42.0	88.0	123.0	321.0	2163.0	1071.0
	16.0	17.0	18.0	19.0	20.0	21.0	22.0	23.0	24.0	25.0	26.0	27.0	28.0	29.0	30.0	31.0	32.0	33.0	34.0	35.0	36.0	37.0	38.0	39.0	40.0
PD_26P_2_bbduk_polyg_filt	2.0	0.0	3.0	1.0	6.0	1.0	7.0	4.0	7.0	7.0	5.0	5.0	5.0	1.0	8.0	13.0	10.0	23.0	18.0	40.0	63.0	100.0	341.0	2126.0	1160.0
	16.0	17.0	18.0	19.0	20.0	21.0	22.0	23.0	24.0	25.0	26.0	27.0	28.0	29.0	30.0	31.0	32.0	33.0	34.0	35.0	36.0	37.0	38.0	39.0	40.0
PD_27P_1_bbduk_polyg_filt	3.0	35.0	316.0	1084.0	2398.0	3554.0	4188.0	4676.0	5299.0	5754.0	6490.0	7273.0	8769.0	10273.0	12648.0	15190.0	19568.0	25951.0	36892.0	55575.0	93856.0	161484.0	396930.0	2493164.0	1396958.0
	13.0	14.0	15.0	16.0	17.0	18.0	19.0	20.0	21.0	22.0	23.0	24.0	25.0	26.0	27.0	28.0	29.0	30.0	31.0	32.0	33.0	34.0	35.0	36.0	37.0	38.0	39.0	40.0
PD_27P_2_bbduk_polyg_filt	3.0	30.0	141.0	688.0	1787.0	2975.0	3544.0	4406.0	4475.0	4465.0	4508.0	4886.0	5423.0	5823.0	6423.0	7771.0	8822.0	10394.0	12064.0	15399.0	19691.0	27693.0	41913.0	73128.0	137498.0	395136.0	2575599.0	1393643.0
	16.0	17.0	18.0	19.0	20.0	21.0	22.0	23.0	24.0	25.0	26.0	27.0	28.0	29.0	30.0	31.0	32.0	33.0	34.0	35.0	36.0	37.0	38.0	39.0	40.0
PD_28P_1_bbduk_polyg_filt	2.0	1.0	25.0	105.0	198.0	276.0	356.0	353.0	406.0	466.0	596.0	587.0	691.0	798.0	1010.0	1151.0	1501.0	1914.0	2770.0	4099.0	6872.0	11449.0	27319.0	171658.0	97273.0
	15.0	16.0	17.0	18.0	19.0	20.0	21.0	22.0	23.0	24.0	25.0	26.0	27.0	28.0	29.0	30.0	31.0	32.0	33.0	34.0	35.0	36.0	37.0	38.0	39.0	40.0
PD_28P_2_bbduk_polyg_filt	15.0	78.0	183.0	303.0	294.0	358.0	323.0	298.0	321.0	318.0	335.0	372.0	444.0	493.0	587.0	673.0	832.0	1041.0	1370.0	1810.0	2809.0	4911.0	9035.0	25452.0	178810.0	100411.0
	17.0	18.0	19.0	20.0	21.0	22.0	23.0	24.0	25.0	26.0	27.0	28.0	29.0	30.0	31.0	32.0	33.0	34.0	35.0	36.0	37.0	38.0	39.0	40.0
PD_29P_1_bbduk_polyg_filt	30.0	209.0	754.0	1731.0	2512.0	2964.0	3295.0	3732.0	4101.0	4659.0	5204.0	6096.0	7318.0	8903.0	10552.0	13828.0	18123.0	25414.0	38989.0	65785.0	114866.0	290266.0	1768727.0	890185.0
	13.0	14.0	15.0	16.0	17.0	18.0	19.0	20.0	21.0	22.0	23.0	24.0	25.0	26.0	27.0	28.0	29.0	30.0	31.0	32.0	33.0	34.0	35.0	36.0	37.0	38.0	39.0	40.0
PD_29P_2_bbduk_polyg_filt	2.0	8.0	93.0	422.0	1042.0	1845.0	2356.0	2863.0	3068.0	3098.0	3137.0	3387.0	3753.0	4241.0	4715.0	5607.0	6233.0	7389.0	8539.0	10923.0	14006.0	19859.0	29739.0	51920.0	98528.0	282636.0	1766873.0	951961.0
	16.0	17.0	18.0	19.0	20.0	21.0	22.0	23.0	24.0	25.0	26.0	27.0	28.0	29.0	30.0	31.0	32.0	33.0	34.0	35.0	36.0	37.0	38.0	39.0	40.0
PD_2P_1_bbduk_polyg_filt	2.0	28.0	184.0	606.0	1348.0	1997.0	2477.0	2708.0	3149.0	3489.0	3847.0	4238.0	5200.0	6109.0	7464.0	8877.0	11751.0	15379.0	22064.0	33385.0	56753.0	97736.0	242492.0	1492331.0	806916.0
	13.0	14.0	15.0	16.0	17.0	18.0	19.0	20.0	21.0	22.0	23.0	24.0	25.0	26.0	27.0	28.0	29.0	30.0	31.0	32.0	33.0	34.0	35.0	36.0	37.0	38.0	39.0	40.0
PD_2P_2_bbduk_polyg_filt	2.0	1.0	65.0	299.0	842.0	1549.0	2062.0	2632.0	2653.0	2804.0	2862.0	3179.0	3461.0	3816.0	4253.0	5181.0	5896.0	6775.0	7690.0	9930.0	12619.0	17495.0	26519.0	46027.0	86958.0	248059.0	1520379.0	806522.0
	16.0	17.0	18.0	19.0	20.0	21.0	22.0	23.0	24.0	25.0	26.0	27.0	28.0	29.0	30.0	31.0	32.0	33.0	34.0	35.0	36.0	37.0	38.0	39.0	40.0
PD_30P_1_bbduk_polyg_filt	1.0	14.0	149.0	470.0	1056.0	1574.0	1783.0	2068.0	2272.0	2646.0	2926.0	3203.0	4034.0	4742.0	5867.0	7097.0	9368.0	12483.0	18100.0	28105.0	49445.0	87672.0	227512.0	1502305.0	799049.0
	14.0	15.0	16.0	17.0	18.0	19.0	20.0	21.0	22.0	23.0	24.0	25.0	26.0	27.0	28.0	29.0	30.0	31.0	32.0	33.0	34.0	35.0	36.0	37.0	38.0	39.0	40.0
PD_30P_2_bbduk_polyg_filt	9.0	72.0	316.0	787.0	1392.0	1735.0	2085.0	2250.0	2195.0	2175.0	2492.0	2708.0	3010.0	3510.0	4121.0	4666.0	5316.0	6138.0	7782.0	10272.0	14189.0	21591.0	38608.0	75464.0	224467.0	1494616.0	841975.0
	16.0	17.0	18.0	19.0	20.0	21.0	22.0	23.0	24.0	25.0	26.0	27.0	28.0	29.0	30.0	31.0	32.0	33.0	34.0	35.0	36.0	37.0	38.0	39.0	40.0
PD_31P_1_bbduk_polyg_filt	1.0	23.0	208.0	773.0	1817.0	2615.0	3054.0	3552.0	4028.0	4301.0	4964.0	5603.0	6748.0	7946.0	9818.0	11840.0	15183.0	19838.0	28212.0	42434.0	71439.0	122865.0	303032.0	1950719.0	1071814.0
	13.0	14.0	15.0	16.0	17.0	18.0	19.0	20.0	21.0	22.0	23.0	24.0	25.0	26.0	27.0	28.0	29.0	30.0	31.0	32.0	33.0	34.0	35.0	36.0	37.0	38.0	39.0	40.0
PD_31P_2_bbduk_polyg_filt	1.0	11.0	118.0	467.0	1196.0	1903.0	2305.0	2879.0	3050.0	2994.0	2885.0	3305.0	3584.0	4035.0	4423.0	5332.0	6106.0	7309.0	8358.0	10861.0	13981.0	20230.0	30493.0	53352.0	99207.0	288755.0	1983084.0	1132603.0
	17.0	18.0	19.0	20.0	21.0	22.0	23.0	24.0	25.0	26.0	27.0	28.0	29.0	30.0	31.0	32.0	33.0	34.0	35.0	36.0	37.0	38.0	39.0	40.0
PD_32P_1_bbduk_polyg_filt	33.0	316.0	1033.0	2184.0	3114.0	3848.0	4229.0	4855.0	5174.0	5686.0	6443.0	7821.0	9464.0	11547.0	13683.0	18227.0	23639.0	34134.0	51433.0	87055.0	150595.0	392169.0	2379266.0	1011877.0
	14.0	15.0	16.0	17.0	18.0	19.0	20.0	21.0	22.0	23.0	24.0	25.0	26.0	27.0	28.0	29.0	30.0	31.0	32.0	33.0	34.0	35.0	36.0	37.0	38.0	39.0	40.0
PD_32P_2_bbduk_polyg_filt	29.0	126.0	610.0	1447.0	2503.0	3111.0	3952.0	4137.0	4084.0	3835.0	4303.0	4496.0	4987.0	5405.0	6378.0	7321.0	8652.0	10144.0	12738.0	16557.0	23722.0	35956.0	62978.0	115959.0	332511.0	2189069.0	1362815.0
	16.0	17.0	18.0	19.0	20.0	21.0	22.0	23.0	24.0	25.0	26.0	27.0	28.0	29.0	30.0	31.0	32.0	33.0	34.0	35.0	36.0	37.0	38.0	39.0	40.0
PD_33P_1_bbduk_polyg_filt	2.0	19.0	250.0	868.0	2057.0	3124.0	3745.0	4170.0	4860.0	5303.0	6204.0	6756.0	8224.0	9639.0	11974.0	14207.0	18611.0	24686.0	35042.0	52892.0	89787.0	152995.0	376974.0	2339359.0	1230576.0
	13.0	14.0	15.0	16.0	17.0	18.0	19.0	20.0	21.0	22.0	23.0	24.0	25.0	26.0	27.0	28.0	29.0	30.0	31.0	32.0	33.0	34.0	35.0	36.0	37.0	38.0	39.0	40.0
PD_33P_2_bbduk_polyg_filt	2.0	17.0	127.0	491.0	1317.0	2156.0	2724.0	3294.0	3603.0	3649.0	3631.0	4118.0	4493.0	5068.0	5540.0	6608.0	7664.0	9103.0	10701.0	13413.0	17323.0	24092.0	37115.0	65453.0	123094.0	356005.0	2375385.0	1316138.0
	16.0	17.0	18.0	19.0	20.0	21.0	22.0	23.0	24.0	25.0	26.0	27.0	28.0	29.0	30.0	31.0	32.0	33.0	34.0	35.0	36.0	37.0	38.0	39.0	40.0
PD_34P_1_bbduk_polyg_filt	3.0	30.0	215.0	796.0	1609.0	2337.0	2774.0	3222.0	3751.0	4187.0	4634.0	5204.0	6489.0	7665.0	9475.0	11523.0	15337.0	20393.0	29492.0	45705.0	79312.0	141967.0	364457.0	2428768.0	1482065.0
	13.0	14.0	15.0	16.0	17.0	18.0	19.0	20.0	21.0	22.0	23.0	24.0	25.0	26.0	27.0	28.0	29.0	30.0	31.0	32.0	33.0	34.0	35.0	36.0	37.0	38.0	39.0	40.0
PD_34P_2_bbduk_polyg_filt	2.0	19.0	123.0	621.0	1649.0	2565.0	3014.0	3538.0	3509.0	3539.0	3546.0	3747.0	4162.0	4508.0	4960.0	5941.0	6872.0	8041.0	9405.0	12021.0	15377.0	22117.0	33654.0	59762.0	113983.0	344822.0	2500460.0	1499453.0
	15.0	16.0	17.0	18.0	19.0	20.0	21.0	22.0	23.0	24.0	25.0	26.0	27.0	28.0	29.0	30.0	31.0	32.0	33.0	34.0	35.0	36.0	37.0	38.0	39.0	40.0
PD_35P_1_bbduk_polyg_filt	1.0	2.0	43.0	431.0	1430.0	3084.0	4410.0	5082.0	5311.0	5988.0	6583.0	7259.0	7987.0	9668.0	11430.0	13777.0	16368.0	21094.0	26846.0	38187.0	56546.0	93598.0	155963.0	371360.0	2231204.0	1317598.0
	13.0	14.0	15.0	16.0	17.0	18.0	19.0	20.0	21.0	22.0	23.0	24.0	25.0	26.0	27.0	28.0	29.0	30.0	31.0	32.0	33.0	34.0	35.0	36.0	37.0	38.0	39.0	40.0
PD_35P_2_bbduk_polyg_filt	1.0	10.0	126.0	542.0	1570.0	2781.0	3573.0	4593.0	4788.0	4772.0	4531.0	5147.0	5511.0	6124.0	6925.0	8222.0	8972.0	10893.0	12692.0	16207.0	20765.0	28588.0	43557.0	74551.0	136085.0	373331.0	2300532.0	1325861.0
	18.0	19.0	20.0	21.0	22.0	23.0	24.0	25.0	26.0	27.0	28.0	29.0	30.0	31.0	32.0	33.0	34.0	35.0	36.0	37.0	38.0	39.0	40.0
PD_36P_1_bbduk_polyg_filt	3.0	3.0	3.0	7.0	5.0	3.0	4.0	4.0	0.0	2.0	3.0	6.0	3.0	3.0	9.0	12.0	18.0	28.0	28.0	83.0	176.0	987.0	511.0
	15.0	16.0	17.0	18.0	19.0	20.0	21.0	22.0	23.0	24.0	25.0	26.0	27.0	28.0	29.0	30.0	31.0	32.0	33.0	34.0	35.0	36.0	37.0	38.0	39.0	40.0
PD_36P_2_bbduk_polyg_filt	2.0	9.0	13.0	9.0	19.0	7.0	10.0	4.0	2.0	3.0	3.0	7.0	5.0	4.0	3.0	4.0	4.0	8.0	8.0	10.0	11.0	23.0	50.0	158.0	943.0	582.0
	16.0	17.0	18.0	19.0	20.0	21.0	22.0	23.0	24.0	25.0	26.0	27.0	28.0	29.0	30.0	31.0	32.0	33.0	34.0	35.0	36.0	37.0	38.0	39.0	40.0
PD_38P_1_bbduk_polyg_filt	3.0	21.0	213.0	656.0	1607.0	2289.0	2800.0	3020.0	3408.0	3897.0	4533.0	4875.0	5968.0	7087.0	8941.0	10841.0	14200.0	18813.0	26920.0	41383.0	69700.0	120408.0	301890.0	1942909.0	1132852.0
	13.0	14.0	15.0	16.0	17.0	18.0	19.0	20.0	21.0	22.0	23.0	24.0	25.0	26.0	27.0	28.0	29.0	30.0	31.0	32.0	33.0	34.0	35.0	36.0	37.0	38.0	39.0	40.0
PD_38P_2_bbduk_polyg_filt	1.0	16.0	101.0	469.0	1145.0	1984.0	2291.0	2637.0	2828.0	2724.0	2727.0	3023.0	3231.0	3708.0	4016.0	4825.0	5403.0	6726.0	7681.0	10064.0	13027.0	18353.0	28535.0	50649.0	96401.0	282560.0	1972209.0	1201900.0
	17.0	18.0	19.0	20.0	21.0	22.0	23.0	24.0	25.0	26.0	27.0	28.0	29.0	30.0	31.0	32.0	33.0	34.0	35.0	36.0	37.0	38.0	39.0	40.0
PD_39P_1_bbduk_polyg_filt	10.0	131.0	445.0	936.0	1427.0	1745.0	2000.0	2275.0	2561.0	2834.0	3185.0	3752.0	4484.0	5483.0	6505.0	8668.0	11483.0	16618.0	25211.0	43162.0	76519.0	203167.0	1340333.0	580065.0
	13.0	14.0	15.0	16.0	17.0	18.0	19.0	20.0	21.0	22.0	23.0	24.0	25.0	26.0	27.0	28.0	29.0	30.0	31.0	32.0	33.0	34.0	35.0	36.0	37.0	38.0	39.0	40.0
PD_39P_2_bbduk_polyg_filt	3.0	7.0	56.0	270.0	646.0	1205.0	1468.0	1862.0	1839.0	1902.0	1885.0	2127.0	2211.0	2612.0	2791.0	3284.0	3809.0	4494.0	5327.0	6500.0	8446.0	11889.0	17817.0	31082.0	59481.0	178037.0	1255281.0	736668.0
	17.0	18.0	19.0	20.0	21.0	22.0	23.0	24.0	25.0	26.0	27.0	28.0	29.0	30.0	31.0	32.0	33.0	34.0	35.0	36.0	37.0	38.0	39.0	40.0
PD_3P_1_bbduk_polyg_filt	21.0	208.0	632.0	1369.0	1975.0	2495.0	2833.0	3292.0	3457.0	4060.0	4503.0	5654.0	6637.0	8243.0	9891.0	13146.0	17099.0	24744.0	38412.0	65840.0	115087.0	293655.0	1991927.0	1206086.0
	14.0	15.0	16.0	17.0	18.0	19.0	20.0	21.0	22.0	23.0	24.0	25.0	26.0	27.0	28.0	29.0	30.0	31.0	32.0	33.0	34.0	35.0	36.0	37.0	38.0	39.0	40.0
PD_3P_2_bbduk_polyg_filt	17.0	91.0	381.0	981.0	1705.0	2124.0	2513.0	2845.0	2762.0	2887.0	3194.0	3374.0	3841.0	4177.0	4958.0	5659.0	6625.0	7743.0	10055.0	12775.0	18253.0	27793.0	48731.0	92204.0	277709.0	2034610.0	1243259.0
	16.0	17.0	18.0	19.0	20.0	21.0	22.0	23.0	24.0	25.0	26.0	27.0	28.0	29.0	30.0	31.0	32.0	33.0	34.0	35.0	36.0	37.0	38.0	39.0	40.0
PD_40P_1_bbduk_polyg_filt	2.0	25.0	165.0	651.0	1498.0	2083.0	2565.0	2902.0	3119.0	3485.0	4101.0	4464.0	5476.0	6606.0	7982.0	9573.0	12601.0	16583.0	23615.0	36130.0	61761.0	106441.0	269592.0	1725484.0	976391.0
	13.0	14.0	15.0	16.0	17.0	18.0	19.0	20.0	21.0	22.0	23.0	24.0	25.0	26.0	27.0	28.0	29.0	30.0	31.0	32.0	33.0	34.0	35.0	36.0	37.0	38.0	39.0	40.0
PD_40P_2_bbduk_polyg_filt	1.0	9.0	88.0	421.0	981.0	1804.0	2194.0	2841.0	2793.0	2887.0	2992.0	3359.0	3716.0	4151.0	4612.0	5384.0	6239.0	7239.0	8341.0	10582.0	13569.0	19006.0	29027.0	50299.0	94752.0	275887.0	1784053.0	946068.0
	17.0	18.0	19.0	20.0	21.0	22.0	23.0	24.0	25.0	26.0	27.0	28.0	29.0	30.0	31.0	32.0	33.0	34.0	35.0	36.0	37.0	38.0	39.0	40.0
PD_41P_1_bbduk_polyg_filt	29.0	237.0	783.0	1572.0	2325.0	2701.0	2992.0	3337.0	3675.0	3968.0	4640.0	5363.0	6412.0	7943.0	9478.0	12392.0	16093.0	22813.0	34722.0	59640.0	106104.0	273260.0	1777319.0	867674.0
	13.0	14.0	15.0	16.0	17.0	18.0	19.0	20.0	21.0	22.0	23.0	24.0	25.0	26.0	27.0	28.0	29.0	30.0	31.0	32.0	33.0	34.0	35.0	36.0	37.0	38.0	39.0	40.0
PD_41P_2_bbduk_polyg_filt	2.0	15.0	68.0	346.0	999.0	1848.0	2396.0	2995.0	3104.0	3122.0	3190.0	3512.0	3869.0	4320.0	4842.0	5788.0	6545.0	7757.0	8735.0	11097.0	14254.0	19864.0	29765.0	51805.0	99348.0	290061.0	1794685.0	851140.0
	16.0	17.0	18.0	19.0	20.0	21.0	22.0	23.0	24.0	25.0	26.0	27.0	28.0	29.0	30.0	31.0	32.0	33.0	34.0	35.0	36.0	37.0	38.0	39.0	40.0
PD_42P_1_bbduk_polyg_filt	3.0	44.0	329.0	1057.0	2380.0	3331.0	3987.0	4540.0	5034.0	5614.0	6200.0	6856.0	8475.0	9961.0	12152.0	14719.0	19143.0	25036.0	35490.0	53322.0	89454.0	153345.0	378070.0	2294887.0	1146592.0
	14.0	15.0	16.0	17.0	18.0	19.0	20.0	21.0	22.0	23.0	24.0	25.0	26.0	27.0	28.0	29.0	30.0	31.0	32.0	33.0	34.0	35.0	36.0	37.0	38.0	39.0	40.0
PD_42P_2_bbduk_polyg_filt	15.0	94.0	512.0	1461.0	2306.0	2897.0	3564.0	3717.0	3811.0	3693.0	4152.0	4686.0	5137.0	5917.0	6795.0	7999.0	9456.0	11118.0	14067.0	18188.0	25700.0	39611.0	68648.0	129671.0	374279.0	2376499.0	1156028.0
	16.0	17.0	18.0	19.0	20.0	21.0	22.0	23.0	24.0	25.0	26.0	27.0	28.0	29.0	30.0	31.0	32.0	33.0	34.0	35.0	36.0	37.0	38.0	39.0	40.0
PD_43P_1_bbduk_polyg_filt	2.0	15.0	178.0	549.0	1159.0	1717.0	2197.0	2463.0	2816.0	3049.0	3518.0	3968.0	4769.0	5621.0	7002.0	8547.0	10899.0	14287.0	20709.0	31301.0	52821.0	91711.0	234538.0	1449939.0	629687.0
	14.0	15.0	16.0	17.0	18.0	19.0	20.0	21.0	22.0	23.0	24.0	25.0	26.0	27.0	28.0	29.0	30.0	31.0	32.0	33.0	34.0	35.0	36.0	37.0	38.0	39.0	40.0
PD_43P_2_bbduk_polyg_filt	8.0	61.0	280.0	731.0	1301.0	1656.0	1997.0	2162.0	2150.0	2136.0	2384.0	2644.0	2878.0	3227.0	3884.0	4457.0	5105.0	6056.0	7772.0	9886.0	14024.0	21195.0	37592.0	70648.0	207389.0	1351998.0	819841.0
	16.0	17.0	18.0	19.0	20.0	21.0	22.0	23.0	24.0	25.0	26.0	27.0	28.0	29.0	30.0	31.0	32.0	33.0	34.0	35.0	36.0	37.0	38.0	39.0	40.0
PD_44P_1_bbduk_polyg_filt	4.0	41.0	332.0	1037.0	2303.0	3340.0	3954.0	4311.0	4922.0	5343.0	6003.0	6697.0	7991.0	9276.0	11493.0	13581.0	17430.0	23189.0	32454.0	48034.0	79776.0	134011.0	327287.0	1917223.0	993462.0
	13.0	14.0	15.0	16.0	17.0	18.0	19.0	20.0	21.0	22.0	23.0	24.0	25.0	26.0	27.0	28.0	29.0	30.0	31.0	32.0	33.0	34.0	35.0	36.0	37.0	38.0	39.0	40.0
PD_44P_2_bbduk_polyg_filt	1.0	8.0	120.0	551.0	1506.0	2399.0	3050.0	3847.0	4059.0	3943.0	3971.0	4258.0	4754.0	5303.0	5760.0	6841.0	7899.0	9321.0	10848.0	13780.0	17577.0	24903.0	37368.0	63868.0	117522.0	325664.0	1947377.0	1026996.0
	16.0	17.0	18.0	19.0	20.0	21.0	22.0	23.0	24.0	25.0	26.0	27.0	28.0	29.0	30.0	31.0	32.0	33.0	34.0	35.0	36.0	37.0	38.0	39.0	40.0
PD_45P_1_bbduk_polyg_filt	6.0	51.0	462.0	1516.0	3401.0	4776.0	5342.0	5635.0	6430.0	6962.0	7857.0	8721.0	10494.0	12064.0	14679.0	17386.0	22463.0	28543.0	40452.0	59310.0	97899.0	162898.0	389183.0	2387338.0	1313177.0
	14.0	15.0	16.0	17.0	18.0	19.0	20.0	21.0	22.0	23.0	24.0	25.0	26.0	27.0	28.0	29.0	30.0	31.0	32.0	33.0	34.0	35.0	36.0	37.0	38.0	39.0	40.0
PD_45P_2_bbduk_polyg_filt	21.0	112.0	658.0	1626.0	2710.0	3758.0	4792.0	4974.0	5141.0	4856.0	5188.0	5644.0	6262.0	6869.0	8225.0	9376.0	11033.0	12897.0	16603.0	21194.0	30131.0	45209.0	77139.0	140365.0	392256.0	2512693.0	1277313.0
	17.0	18.0	19.0	20.0	21.0	22.0	23.0	24.0	25.0	26.0	27.0	28.0	29.0	30.0	31.0	32.0	33.0	34.0	35.0	36.0	37.0	38.0	39.0	40.0
PD_46P_1_bbduk_polyg_filt	23.0	221.0	864.0	1896.0	2798.0	3475.0	3722.0	4345.0	4700.0	5283.0	5923.0	7115.0	8406.0	10449.0	12330.0	16128.0	21320.0	30476.0	45796.0	77769.0	133772.0	334448.0	2113930.0	1093858.0
	13.0	14.0	15.0	16.0	17.0	18.0	19.0	20.0	21.0	22.0	23.0	24.0	25.0	26.0	27.0	28.0	29.0	30.0	31.0	32.0	33.0	34.0	35.0	36.0	37.0	38.0	39.0	40.0
PD_46P_2_bbduk_polyg_filt	1.0	10.0	93.0	435.0	1038.0	1864.0	2475.0	3033.0	3230.0	3245.0	3299.0	3633.0	3860.0	4338.0	4831.0	5698.0	6577.0	7939.0	9254.0	11492.0	14904.0	21252.0	32452.0	57017.0	107196.0	314952.0	2164571.0	1150358.0
	16.0	17.0	18.0	19.0	20.0	21.0	22.0	23.0	24.0	25.0	26.0	27.0	28.0	29.0	30.0	31.0	32.0	33.0	34.0	35.0	36.0	37.0	38.0	39.0	40.0
PD_47P_1_bbduk_polyg_filt	2.0	29.0	264.0	987.0	2317.0	3251.0	3936.0	4200.0	4874.0	5001.0	5835.0	6249.0	7626.0	8951.0	10856.0	12936.0	16743.0	21586.0	30126.0	45399.0	75629.0	127063.0	307823.0	1827341.0	978652.0
	12.0	13.0	14.0	15.0	16.0	17.0	18.0	19.0	20.0	21.0	22.0	23.0	24.0	25.0	26.0	27.0	28.0	29.0	30.0	31.0	32.0	33.0	34.0	35.0	36.0	37.0	38.0	39.0	40.0
PD_47P_2_bbduk_polyg_filt	1.0	2.0	9.0	86.0	434.0	1187.0	2119.0	2937.0	3935.0	4141.0	4064.0	4233.0	4727.0	5025.0	5781.0	6275.0	7356.0	8583.0	9944.0	11420.0	14435.0	18423.0	25877.0	38577.0	65445.0	121031.0	330519.0	1879553.0	931557.0
	16.0	17.0	18.0	19.0	20.0	21.0	22.0	23.0	24.0	25.0	26.0	27.0	28.0	29.0	30.0	31.0	32.0	33.0	34.0	35.0	36.0	37.0	38.0	39.0	40.0
PD_48P_1_bbduk_polyg_filt	1.0	22.0	219.0	662.0	1451.0	2103.0	2537.0	2807.0	3345.0	3558.0	3989.0	4688.0	5555.0	6501.0	8115.0	9925.0	13077.0	17075.0	24454.0	37416.0	64338.0	113842.0	291216.0	1839478.0	923333.0
	14.0	15.0	16.0	17.0	18.0	19.0	20.0	21.0	22.0	23.0	24.0	25.0	26.0	27.0	28.0	29.0	30.0	31.0	32.0	33.0	34.0	35.0	36.0	37.0	38.0	39.0	40.0
PD_48P_2_bbduk_polyg_filt	12.0	68.0	402.0	980.0	1745.0	2206.0	2676.0	2809.0	2911.0	2940.0	3325.0	3737.0	4165.0	4601.0	5514.0	6309.0	7159.0	8509.0	10728.0	13424.0	19197.0	28573.0	51077.0	96993.0	283238.0	1794156.0	1022253.0
	16.0	17.0	18.0	19.0	20.0	21.0	22.0	23.0	24.0	25.0	26.0	27.0	28.0	29.0	30.0	31.0	32.0	33.0	34.0	35.0	36.0	37.0	38.0	39.0	40.0
PD_4P_1_bbduk_polyg_filt	3.0	28.0	233.0	860.0	1857.0	2547.0	3120.0	3520.0	4053.0	4427.0	5201.0	5752.0	6950.0	8238.0	10053.0	12016.0	15890.0	20563.0	29456.0	44205.0	74572.0	127199.0	314573.0	1861623.0	997249.0
	13.0	14.0	15.0	16.0	17.0	18.0	19.0	20.0	21.0	22.0	23.0	24.0	25.0	26.0	27.0	28.0	29.0	30.0	31.0	32.0	33.0	34.0	35.0	36.0	37.0	38.0	39.0	40.0
PD_4P_2_bbduk_polyg_filt	1.0	10.0	94.0	365.0	1022.0	1775.0	2379.0	3036.0	3105.0	3212.0	3219.0	3514.0	3806.0	4298.0	4609.0	5472.0	6203.0	7500.0	8937.0	11278.0	14617.0	20591.0	32076.0	55802.0	103048.0	294759.0	1872896.0	1086564.0
	17.0	18.0	19.0	20.0	21.0	22.0	23.0	24.0	25.0	26.0	27.0	28.0	29.0	30.0	31.0	32.0	33.0	34.0	35.0	36.0	37.0	38.0	39.0	40.0
PD_50P_1_bbduk_polyg_filt	4.0	12.0	52.0	127.0	179.0	200.0	222.0	289.0	278.0	331.0	421.0	466.0	560.0	631.0	769.0	976.0	1336.0	1945.0	2871.0	4700.0	8083.0	20579.0	125215.0	64050.0
	14.0	15.0	16.0	17.0	18.0	19.0	20.0	21.0	22.0	23.0	24.0	25.0	26.0	27.0	28.0	29.0	30.0	31.0	32.0	33.0	34.0	35.0	36.0	37.0	38.0	39.0	40.0
PD_50P_2_bbduk_polyg_filt	3.0	12.0	52.0	119.0	169.0	187.0	234.0	224.0	226.0	183.0	236.0	191.0	266.0	298.0	343.0	422.0	453.0	544.0	686.0	948.0	1341.0	2015.0	3503.0	6484.0	19177.0	127244.0	68736.0
	16.0	17.0	18.0	19.0	20.0	21.0	22.0	23.0	24.0	25.0	26.0	27.0	28.0	29.0	30.0	31.0	32.0	33.0	34.0	35.0	36.0	37.0	38.0	39.0	40.0
PD_51P_1_bbduk_polyg_filt	3.0	28.0	244.0	830.0	1858.0	2702.0	3246.0	3514.0	4032.0	4433.0	4934.0	5479.0	6779.0	8148.0	9886.0	11925.0	15382.0	20326.0	28997.0	43955.0	74755.0	130789.0	334948.0	2061257.0	844100.0
	14.0	15.0	16.0	17.0	18.0	19.0	20.0	21.0	22.0	23.0	24.0	25.0	26.0	27.0	28.0	29.0	30.0	31.0	32.0	33.0	34.0	35.0	36.0	37.0	38.0	39.0	40.0
PD_51P_2_bbduk_polyg_filt	10.0	85.0	375.0	1163.0	1917.0	2690.0	3398.0	3669.0	3637.0	3647.0	4195.0	4525.0	5040.0	5677.0	7000.0	7870.0	9014.0	10379.0	13099.0	16695.0	23701.0	35431.0	61330.0	115839.0	330731.0	1990072.0	961361.0
	16.0	17.0	18.0	19.0	20.0	21.0	22.0	23.0	24.0	25.0	26.0	27.0	28.0	29.0	30.0	31.0	32.0	33.0	34.0	35.0	36.0	37.0	38.0	39.0	40.0
PD_52P_1_bbduk_polyg_filt	1.0	21.0	155.0	578.0	1330.0	1947.0	2418.0	2781.0	3163.0	3496.0	3913.0	4483.0	5269.0	6335.0	7756.0	9323.0	12085.0	15739.0	22764.0	33971.0	57573.0	99597.0	247181.0	1460099.0	726063.0
	14.0	15.0	16.0	17.0	18.0	19.0	20.0	21.0	22.0	23.0	24.0	25.0	26.0	27.0	28.0	29.0	30.0	31.0	32.0	33.0	34.0	35.0	36.0	37.0	38.0	39.0	40.0
PD_52P_2_bbduk_polyg_filt	8.0	68.0	300.0	764.0	1350.0	1761.0	2399.0	2519.0	2582.0	2614.0	2865.0	3043.0	3530.0	3927.0	4679.0	5291.0	6366.0	7369.0	9416.0	11754.0	16933.0	25676.0	44926.0	84829.0	239828.0	1454900.0	788344.0
	16.0	17.0	18.0	19.0	20.0	21.0	22.0	23.0	24.0	25.0	26.0	27.0	28.0	29.0	30.0	31.0	32.0	33.0	34.0	35.0	36.0	37.0	38.0	39.0	40.0
PD_53P_1_bbduk_polyg_filt	1.0	22.0	174.0	693.0	1432.0	2109.0	2489.0	2800.0	3158.0	3562.0	3946.0	4412.0	5321.0	6416.0	7925.0	9593.0	12430.0	16679.0	24169.0	36418.0	63786.0	113965.0	297571.0	1884954.0	944270.0
	13.0	14.0	15.0	16.0	17.0	18.0	19.0	20.0	21.0	22.0	23.0	24.0	25.0	26.0	27.0	28.0	29.0	30.0	31.0	32.0	33.0	34.0	35.0	36.0	37.0	38.0	39.0	40.0
PD_53P_2_bbduk_polyg_filt	1.0	6.0	73.0	340.0	1072.0	1883.0	2396.0	2948.0	3295.0	3308.0	3394.0	3690.0	4161.0	4635.0	5233.0	6113.0	7019.0	8090.0	9343.0	11913.0	15339.0	21019.0	31457.0	54935.0	106527.0	308922.0	1880428.0	950755.0
	15.0	16.0	17.0	18.0	19.0	20.0	21.0	22.0	23.0	24.0	25.0	26.0	27.0	28.0	29.0	30.0	31.0	32.0	33.0	34.0	35.0	36.0	37.0	38.0	39.0	40.0
PD_54P_1_bbduk_polyg_filt	1.0	2.0	25.0	266.0	825.0	1733.0	2549.0	3128.0	3471.0	3839.0	4402.0	5017.0	5594.0	6568.0	7865.0	9753.0	11657.0	15264.0	20241.0	29011.0	44580.0	75444.0	132580.0	338926.0	2180552.0	1162329.0
	13.0	14.0	15.0	16.0	17.0	18.0	19.0	20.0	21.0	22.0	23.0	24.0	25.0	26.0	27.0	28.0	29.0	30.0	31.0	32.0	33.0	34.0	35.0	36.0	37.0	38.0	39.0	40.0
PD_54P_2_bbduk_polyg_filt	3.0	20.0	104.0	443.0	1192.0	2070.0	2588.0	3419.0	3526.0	3567.0	3631.0	4121.0	4479.0	4944.0	5556.0	6479.0	7295.0	8757.0	10288.0	12864.0	16473.0	23095.0	35237.0	61561.0	116341.0	341610.0	2225609.0	1160350.0
	16.0	17.0	18.0	19.0	20.0	21.0	22.0	23.0	24.0	25.0	26.0	27.0	28.0	29.0	30.0	31.0	32.0	33.0	34.0	35.0	36.0	37.0	38.0	39.0	40.0
PD_55P_1_bbduk_polyg_filt	2.0	29.0	262.0	993.0	2074.0	2914.0	3246.0	3605.0	3924.0	4443.0	4902.0	5483.0	6451.0	7811.0	9300.0	11301.0	14426.0	19027.0	27332.0	40908.0	69857.0	120693.0	303280.0	2060866.0	1072415.0
	14.0	15.0	16.0	17.0	18.0	19.0	20.0	21.0	22.0	23.0	24.0	25.0	26.0	27.0	28.0	29.0	30.0	31.0	32.0	33.0	34.0	35.0	36.0	37.0	38.0	39.0	40.0
PD_55P_2_bbduk_polyg_filt	8.0	98.0	453.0	1189.0	2066.0	2801.0	3784.0	3715.0	3568.0	3838.0	4112.0	4352.0	4738.0	5240.0	6245.0	7144.0	8323.0	9702.0	12412.0	15637.0	21689.0	32909.0	56943.0	106774.0	312682.0	2169679.0	995443.0
	16.0	17.0	18.0	19.0	20.0	21.0	22.0	23.0	24.0	25.0	26.0	27.0	28.0	29.0	30.0	31.0	32.0	33.0	34.0	35.0	36.0	37.0	38.0	39.0	40.0
PD_56P_1_bbduk_polyg_filt	2.0	56.0	514.0	1667.0	3586.0	5162.0	6198.0	6465.0	7393.0	8440.0	9328.0	10429.0	12414.0	14906.0	18405.0	22145.0	28755.0	37200.0	53110.0	79472.0	133923.0	226799.0	554599.0	3504857.0	1976914.0
	14.0	15.0	16.0	17.0	18.0	19.0	20.0	21.0	22.0	23.0	24.0	25.0	26.0	27.0	28.0	29.0	30.0	31.0	32.0	33.0	34.0	35.0	36.0	37.0	38.0	39.0	40.0
PD_56P_2_bbduk_polyg_filt	15.0	156.0	741.0	1991.0	3534.0	4931.0	6301.0	6618.0	6705.0	6712.0	7349.0	7985.0	8838.0	9826.0	11590.0	13297.0	15764.0	18412.0	23442.0	30220.0	42569.0	63757.0	108816.0	201418.0	572862.0	3666891.0	1881999.0
	16.0	17.0	18.0	19.0	20.0	21.0	22.0	23.0	24.0	25.0	26.0	27.0	28.0	29.0	30.0	31.0	32.0	33.0	34.0	35.0	36.0	37.0	38.0	39.0	40.0
PD_57P_1_bbduk_polyg_filt	1.0	28.0	182.0	660.0	1470.0	2129.0	2777.0	3200.0	3618.0	4021.0	4728.0	5179.0	6606.0	7695.0	9727.0	11798.0	15573.0	21155.0	30682.0	47426.0	81061.0	142662.0	369020.0	2340557.0	1291070.0
	13.0	14.0	15.0	16.0	17.0	18.0	19.0	20.0	21.0	22.0	23.0	24.0	25.0	26.0	27.0	28.0	29.0	30.0	31.0	32.0	33.0	34.0	35.0	36.0	37.0	38.0	39.0	40.0
PD_57P_2_bbduk_polyg_filt	2.0	12.0	74.0	415.0	1132.0	1859.0	2304.0	2676.0	2780.0	2749.0	2829.0	3134.0	3284.0	3749.0	4202.0	5007.0	5758.0	7087.0	8450.0	10922.0	14077.0	20743.0	32022.0	58236.0	112679.0	344231.0	2384862.0	1367750.0
	16.0	17.0	18.0	19.0	20.0	21.0	22.0	23.0	24.0	25.0	26.0	27.0	28.0	29.0	30.0	31.0	32.0	33.0	34.0	35.0	36.0	37.0	38.0	39.0	40.0
PD_58P_1_bbduk_polyg_filt	3.0	27.0	239.0	923.0	2215.0	3118.0	3694.0	4075.0	4828.0	4920.0	5553.0	6278.0	7506.0	8794.0	10733.0	13066.0	16915.0	22120.0	31771.0	47182.0	79102.0	136708.0	338113.0	1971306.0	953545.0
	13.0	14.0	15.0	16.0	17.0	18.0	19.0	20.0	21.0	22.0	23.0	24.0	25.0	26.0	27.0	28.0	29.0	30.0	31.0	32.0	33.0	34.0	35.0	36.0	37.0	38.0	39.0	40.0
PD_58P_2_bbduk_polyg_filt	1.0	17.0	92.0	448.0	1199.0	2033.0	2616.0	3286.0	3506.0	3612.0	3566.0	3939.0	4407.0	4959.0	5576.0	6481.0	7532.0	8975.0	10128.0	13088.0	16416.0	23695.0	35360.0	61203.0	116696.0	328931.0	1981185.0	1023787.0
	16.0	17.0	18.0	19.0	20.0	21.0	22.0	23.0	24.0	25.0	26.0	27.0	28.0	29.0	30.0	31.0	32.0	33.0	34.0	35.0	36.0	37.0	38.0	39.0	40.0
PD_59P_1_bbduk_polyg_filt	1.0	14.0	184.0	700.0	1558.0	2138.0	2626.0	2848.0	3201.0	3514.0	4040.0	4410.0	5334.0	6352.0	7636.0	9182.0	11837.0	15259.0	22192.0	33152.0	56469.0	96771.0	243357.0	1480211.0	737367.0
	13.0	14.0	15.0	16.0	17.0	18.0	19.0	20.0	21.0	22.0	23.0	24.0	25.0	26.0	27.0	28.0	29.0	30.0	31.0	32.0	33.0	34.0	35.0	36.0	37.0	38.0	39.0	40.0
PD_59P_2_bbduk_polyg_filt	2.0	14.0	70.0	305.0	815.0	1446.0	1978.0	2418.0	2541.0	2642.0	2606.0	2892.0	3042.0	3546.0	3773.0	4586.0	4949.0	6026.0	6933.0	8863.0	11223.0	16253.0	24514.0	42615.0	80797.0	231838.0	1476890.0	806776.0
	16.0	17.0	18.0	19.0	20.0	21.0	22.0	23.0	24.0	25.0	26.0	27.0	28.0	29.0	30.0	31.0	32.0	33.0	34.0	35.0	36.0	37.0	38.0	39.0	40.0
PD_5P_1_bbduk_polyg_filt	2.0	32.0	242.0	782.0	1726.0	2385.0	2893.0	3160.0	3577.0	4011.0	4543.0	5032.0	5963.0	7305.0	8657.0	10519.0	13913.0	18059.0	25956.0	39014.0	66869.0	115147.0	290460.0	1868022.0	992734.0
	14.0	15.0	16.0	17.0	18.0	19.0	20.0	21.0	22.0	23.0	24.0	25.0	26.0	27.0	28.0	29.0	30.0	31.0	32.0	33.0	34.0	35.0	36.0	37.0	38.0	39.0	40.0
PD_5P_2_bbduk_polyg_filt	12.0	84.0	408.0	1059.0	1888.0	2293.0	2743.0	2947.0	2848.0	2861.0	3067.0	3408.0	3826.0	4142.0	4930.0	5634.0	6873.0	7786.0	9968.0	12850.0	18437.0	28030.0	49393.0	93665.0	278862.0	1919235.0	1023754.0
	16.0	17.0	18.0	19.0	20.0	21.0	22.0	23.0	24.0	25.0	26.0	27.0	28.0	29.0	30.0	31.0	32.0	33.0	34.0	35.0	36.0	37.0	38.0	39.0	40.0
PD_60P_1_bbduk_polyg_filt	2.0	39.0	303.0	1162.0	2563.0	3556.0	4153.0	4301.0	4973.0	5487.0	6147.0	6875.0	8063.0	9617.0	11705.0	13954.0	17768.0	23150.0	32518.0	48191.0	80089.0	134520.0	320224.0	1977595.0	1144986.0
	13.0	14.0	15.0	16.0	17.0	18.0	19.0	20.0	21.0	22.0	23.0	24.0	25.0	26.0	27.0	28.0	29.0	30.0	31.0	32.0	33.0	34.0	35.0	36.0	37.0	38.0	39.0	40.0
PD_60P_2_bbduk_polyg_filt	2.0	15.0	112.0	500.0	1337.0	2307.0	3083.0	3886.0	4069.0	4019.0	3887.0	4415.0	4694.0	5282.0	5745.0	6767.0	7726.0	9186.0	10669.0	13546.0	17567.0	24703.0	36706.0	63466.0	115520.0	323630.0	2089500.0	1099602.0
	17.0	18.0	19.0	20.0	21.0	22.0	23.0	24.0	25.0	26.0	27.0	28.0	29.0	30.0	31.0	32.0	33.0	34.0	35.0	36.0	37.0	38.0	39.0	40.0
PD_63P_1_bbduk_polyg_filt	29.0	182.0	618.0	1427.0	1905.0	2254.0	2420.0	2716.0	3101.0	3518.0	3835.0	4633.0	5628.0	6850.0	8148.0	10816.0	14336.0	20662.0	31958.0	55509.0	100500.0	269369.0	1849399.0	799542.0
	12.0	13.0	14.0	15.0	16.0	17.0	18.0	19.0	20.0	21.0	22.0	23.0	24.0	25.0	26.0	27.0	28.0	29.0	30.0	31.0	32.0	33.0	34.0	35.0	36.0	37.0	38.0	39.0	40.0
PD_63P_2_bbduk_polyg_filt	1.0	0.0	7.0	78.0	428.0	1160.0	1979.0	2566.0	2982.0	3029.0	3000.0	3107.0	3381.0	3663.0	4253.0	4688.0	5685.0	6149.0	7253.0	8315.0	10451.0	13403.0	18846.0	28115.0	49444.0	96977.0	293540.0	1872917.0	753938.0
	16.0	17.0	18.0	19.0	20.0	21.0	22.0	23.0	24.0	25.0	26.0	27.0	28.0	29.0	30.0	31.0	32.0	33.0	34.0	35.0	36.0	37.0	38.0	39.0	40.0
PD_64P_1_bbduk_polyg_filt	3.0	30.0	271.0	965.0	2071.0	3095.0	3768.0	4235.0	4814.0	5201.0	5970.0	6708.0	8139.0	9782.0	11854.0	14331.0	18647.0	24398.0	35125.0	52967.0	89207.0	153127.0	376870.0	2234665.0	1209191.0
	13.0	14.0	15.0	16.0	17.0	18.0	19.0	20.0	21.0	22.0	23.0	24.0	25.0	26.0	27.0	28.0	29.0	30.0	31.0	32.0	33.0	34.0	35.0	36.0	37.0	38.0	39.0	40.0
PD_64P_2_bbduk_polyg_filt	3.0	17.0	154.0	623.0	1614.0	2617.0	3336.0	3839.0	3994.0	4004.0	4059.0	4342.0	4928.0	5391.0	5858.0	7246.0	8099.0	9887.0	11231.0	14142.0	18281.0	25575.0	39104.0	68031.0	127982.0	365623.0	2292086.0	1243368.0
	16.0	17.0	18.0	19.0	20.0	21.0	22.0	23.0	24.0	25.0	26.0	27.0	28.0	29.0	30.0	31.0	32.0	33.0	34.0	35.0	36.0	37.0	38.0	39.0	40.0
PD_65P_1_bbduk_polyg_filt	1.0	32.0	268.0	1004.0	2243.0	3188.0	3697.0	3997.0	4641.0	4838.0	5505.0	6284.0	7634.0	8841.0	10764.0	12682.0	16584.0	21431.0	30164.0	45456.0	75148.0	127132.0	312731.0	1869090.0	972239.0
	13.0	14.0	15.0	16.0	17.0	18.0	19.0	20.0	21.0	22.0	23.0	24.0	25.0	26.0	27.0	28.0	29.0	30.0	31.0	32.0	33.0	34.0	35.0	36.0	37.0	38.0	39.0	40.0
PD_65P_2_bbduk_polyg_filt	2.0	5.0	74.0	412.0	1087.0	1899.0	2431.0	3167.0	3317.0	3395.0	3359.0	3702.0	4044.0	4488.0	4798.0	5936.0	6788.0	7976.0	9307.0	11832.0	15059.0	21352.0	32386.0	56004.0	103925.0	293636.0	1900302.0	1044911.0
	16.0	17.0	18.0	19.0	20.0	21.0	22.0	23.0	24.0	25.0	26.0	27.0	28.0	29.0	30.0	31.0	32.0	33.0	34.0	35.0	36.0	37.0	38.0	39.0	40.0
PD_66P_1_bbduk_polyg_filt	2.0	22.0	179.0	524.0	1046.0	1596.0	1886.0	2118.0	2465.0	2624.0	3039.0	3482.0	4235.0	4930.0	6103.0	7526.0	9921.0	13131.0	18966.0	29503.0	50900.0	90461.0	232818.0	1559169.0	851417.0
	13.0	14.0	15.0	16.0	17.0	18.0	19.0	20.0	21.0	22.0	23.0	24.0	25.0	26.0	27.0	28.0	29.0	30.0	31.0	32.0	33.0	34.0	35.0	36.0	37.0	38.0	39.0	40.0
PD_66P_2_bbduk_polyg_filt	1.0	10.0	73.0	315.0	834.0	1424.0	1718.0	1906.0	1894.0	1842.0	1861.0	2088.0	2248.0	2652.0	2769.0	3351.0	3923.0	4556.0	5309.0	6954.0	8668.0	12444.0	19025.0	34108.0	66204.0	204106.0	1547984.0	959796.0
	17.0	18.0	19.0	20.0	21.0	22.0	23.0	24.0	25.0	26.0	27.0	28.0	29.0	30.0	31.0	32.0	33.0	34.0	35.0	36.0	37.0	38.0	39.0	40.0
PD_6P_1_bbduk_polyg_filt	26.0	208.0	727.0	1609.0	2342.0	2742.0	2943.0	3392.0	3688.0	4023.0	4544.0	5529.0	6419.0	7811.0	9234.0	11927.0	15389.0	22027.0	32947.0	54619.0	92725.0	225499.0	1354498.0	743661.0
	14.0	15.0	16.0	17.0	18.0	19.0	20.0	21.0	22.0	23.0	24.0	25.0	26.0	27.0	28.0	29.0	30.0	31.0	32.0	33.0	34.0	35.0	36.0	37.0	38.0	39.0	40.0
PD_6P_2_bbduk_polyg_filt	8.0	56.0	264.0	759.0	1434.0	2082.0	2700.0	2846.0	2927.0	2911.0	3298.0	3614.0	4042.0	4364.0	5028.0	5940.0	6943.0	7923.0	9982.0	12948.0	18027.0	26776.0	46457.0	85812.0	234056.0	1395267.0	722065.0
	17.0	18.0	19.0	20.0	21.0	22.0	23.0	24.0	25.0	26.0	27.0	28.0	29.0	30.0	31.0	32.0	33.0	34.0	35.0	36.0	37.0	38.0	39.0	40.0
PD_70P_1_bbduk_polyg_filt	25.0	187.0	747.0	1552.0	2205.0	2641.0	2912.0	3287.0	3690.0	4088.0	4369.0	5342.0	6327.0	7570.0	9500.0	12178.0	15815.0	22818.0	34200.0	57062.0	99083.0	248682.0	1537276.0	818106.0
	13.0	14.0	15.0	16.0	17.0	18.0	19.0	20.0	21.0	22.0	23.0	24.0	25.0	26.0	27.0	28.0	29.0	30.0	31.0	32.0	33.0	34.0	35.0	36.0	37.0	38.0	39.0	40.0
PD_70P_2_bbduk_polyg_filt	1.0	7.0	92.0	412.0	1106.0	1902.0	2308.0	2831.0	2900.0	2840.0	2892.0	3155.0	3449.0	3997.0	4258.0	5152.0	5985.0	7021.0	7814.0	9824.0	12449.0	17656.0	26657.0	45160.0	85734.0	243885.0	1542078.0	858097.0
	17.0	18.0	19.0	20.0	21.0	22.0	23.0	24.0	25.0	26.0	27.0	28.0	29.0	30.0	31.0	32.0	33.0	34.0	35.0	36.0	37.0	38.0	39.0	40.0
PD_73P_1_bbduk_polyg_filt	15.0	60.0	173.0	250.0	376.0	516.0	599.0	693.0	770.0	883.0	1031.0	1241.0	1441.0	1774.0	2272.0	3074.0	4147.0	6274.0	9928.0	18346.0	35566.0	100051.0	704100.0	361634.0
	14.0	15.0	16.0	17.0	18.0	19.0	20.0	21.0	22.0	23.0	24.0	25.0	26.0	27.0	28.0	29.0	30.0	31.0	32.0	33.0	34.0	35.0	36.0	37.0	38.0	39.0	40.0
PD_73P_2_bbduk_polyg_filt	3.0	40.0	164.0	435.0	725.0	743.0	754.0	759.0	767.0	828.0	813.0	995.0	1117.0	1162.0	1365.0	1587.0	1800.0	2020.0	2598.0	3260.0	4740.0	7100.0	13155.0	27355.0	94760.0	731136.0	355033.0
	16.0	17.0	18.0	19.0	20.0	21.0	22.0	23.0	24.0	25.0	26.0	27.0	28.0	29.0	30.0	31.0	32.0	33.0	34.0	35.0	36.0	37.0	38.0	39.0	40.0
PD_74P_1_bbduk_polyg_filt	2.0	20.0	211.0	792.0	1574.0	2435.0	2855.0	3267.0	3752.0	4076.0	4655.0	5146.0	6280.0	7352.0	9250.0	11054.0	14309.0	18884.0	27063.0	41164.0	69115.0	119271.0	295781.0	1878582.0	1028970.0
	14.0	15.0	16.0	17.0	18.0	19.0	20.0	21.0	22.0	23.0	24.0	25.0	26.0	27.0	28.0	29.0	30.0	31.0	32.0	33.0	34.0	35.0	36.0	37.0	38.0	39.0	40.0
PD_74P_2_bbduk_polyg_filt	9.0	102.0	420.0	1183.0	1919.0	2508.0	3025.0	3150.0	3234.0	3270.0	3484.0	3782.0	4131.0	4533.0	5474.0	6162.0	7307.0	8587.0	10913.0	14143.0	19952.0	30329.0	53107.0	98664.0	289336.0	1944766.0	1032370.0
	16.0	17.0	18.0	19.0	20.0	21.0	22.0	23.0	24.0	25.0	26.0	27.0	28.0	29.0	30.0	31.0	32.0	33.0	34.0	35.0	36.0	37.0	38.0	39.0	40.0
PD_75P_1_bbduk_polyg_filt	1.0	34.0	316.0	1061.0	2071.0	2919.0	3413.0	3702.0	4111.0	4345.0	4844.0	5345.0	6538.0	7497.0	9079.0	10879.0	14192.0	17948.0	25612.0	37930.0	63558.0	106278.0	254846.0	1560775.0	870471.0
	13.0	14.0	15.0	16.0	17.0	18.0	19.0	20.0	21.0	22.0	23.0	24.0	25.0	26.0	27.0	28.0	29.0	30.0	31.0	32.0	33.0	34.0	35.0	36.0	37.0	38.0	39.0	40.0
PD_75P_2_bbduk_polyg_filt	2.0	15.0	76.0	349.0	1016.0	1771.0	2549.0	3258.0	3390.0	3144.0	3189.0	3522.0	3782.0	4236.0	4658.0	5432.0	6255.0	7153.0	8599.0	10743.0	13767.0	19107.0	28789.0	49666.0	91023.0	255793.0	1631114.0	855367.0
	17.0	18.0	19.0	20.0	21.0	22.0	23.0	24.0	25.0	26.0	27.0	28.0	29.0	30.0	31.0	32.0	33.0	34.0	35.0	36.0	37.0	38.0	39.0	40.0
PD_76P_1_bbduk_polyg_filt	18.0	140.0	537.0	1133.0	1717.0	2043.0	2292.0	2576.0	2900.0	3360.0	3728.0	4486.0	5524.0	6760.0	8103.0	10604.0	14174.0	20429.0	31040.0	53241.0	94023.0	242147.0	1507051.0	788257.0
	14.0	15.0	16.0	17.0	18.0	19.0	20.0	21.0	22.0	23.0	24.0	25.0	26.0	27.0	28.0	29.0	30.0	31.0	32.0	33.0	34.0	35.0	36.0	37.0	38.0	39.0	40.0
PD_76P_2_bbduk_polyg_filt	9.0	88.0	402.0	1034.0	1702.0	2114.0	2649.0	2797.0	2788.0	2798.0	3217.0	3511.0	4040.0	4399.0	5280.0	6051.0	7003.0	8043.0	10183.0	12958.0	18171.0	27063.0	46759.0	89302.0	254210.0	1508668.0	781044.0
	16.0	17.0	18.0	19.0	20.0	21.0	22.0	23.0	24.0	25.0	26.0	27.0	28.0	29.0	30.0	31.0	32.0	33.0	34.0	35.0	36.0	37.0	38.0	39.0	40.0
PD_77P_1_bbduk_polyg_filt	2.0	25.0	363.0	1178.0	2559.0	3658.0	4407.0	4821.0	5409.0	5935.0	6618.0	7403.0	8848.0	10277.0	12675.0	14958.0	19226.0	24891.0	35671.0	52740.0	87061.0	147165.0	355829.0	2079183.0	1095685.0
	13.0	14.0	15.0	16.0	17.0	18.0	19.0	20.0	21.0	22.0	23.0	24.0	25.0	26.0	27.0	28.0	29.0	30.0	31.0	32.0	33.0	34.0	35.0	36.0	37.0	38.0	39.0	40.0
PD_77P_2_bbduk_polyg_filt	4.0	21.0	117.0	535.0	1415.0	2624.0	3185.0	4072.0	4279.0	4319.0	4369.0	4689.0	4991.0	5622.0	6184.0	7371.0	8375.0	9781.0	11207.0	14513.0	18134.0	25953.0	38942.0	67116.0	123293.0	340321.0	2089573.0	1185582.0
	17.0	18.0	19.0	20.0	21.0	22.0	23.0	24.0	25.0	26.0	27.0	28.0	29.0	30.0	31.0	32.0	33.0	34.0	35.0	36.0	37.0	38.0	39.0	40.0
PD_78P_1_bbduk_polyg_filt	42.0	233.0	882.0	2100.0	2839.0	3402.0	3624.0	3964.0	4410.0	5032.0	5540.0	6573.0	7629.0	9187.0	10862.0	14044.0	18272.0	25230.0	37462.0	61458.0	102702.0	247270.0	1436446.0	751530.0
	14.0	15.0	16.0	17.0	18.0	19.0	20.0	21.0	22.0	23.0	24.0	25.0	26.0	27.0	28.0	29.0	30.0	31.0	32.0	33.0	34.0	35.0	36.0	37.0	38.0	39.0	40.0
PD_78P_2_bbduk_polyg_filt	11.0	61.0	321.0	895.0	1678.0	2204.0	3001.0	3204.0	3194.0	3168.0	3520.0	3864.0	4102.0	4633.0	5303.0	6114.0	7411.0	8424.0	10793.0	13694.0	19032.0	29000.0	49593.0	90278.0	246425.0	1442236.0	798574.0
	16.0	17.0	18.0	19.0	20.0	21.0	22.0	23.0	24.0	25.0	26.0	27.0	28.0	29.0	30.0	31.0	32.0	33.0	34.0	35.0	36.0	37.0	38.0	39.0	40.0
PD_79S_1_bbduk_polyg_filt	2.0	38.0	246.0	699.0	1503.0	2174.0	2764.0	3047.0	3576.0	3966.0	4526.0	5056.0	6189.0	7403.0	9194.0	11111.0	14906.0	19599.0	28332.0	44115.0	75082.0	131885.0	332747.0	2085685.0	1172660.0
	13.0	14.0	15.0	16.0	17.0	18.0	19.0	20.0	21.0	22.0	23.0	24.0	25.0	26.0	27.0	28.0	29.0	30.0	31.0	32.0	33.0	34.0	35.0	36.0	37.0	38.0	39.0	40.0
PD_79S_2_bbduk_polyg_filt	1.0	13.0	108.0	482.0	1315.0	2178.0	2739.0	3261.0	3471.0	3415.0	3507.0	4017.0	4398.0	4993.0	5576.0	6650.0	7441.0	8884.0	10229.0	12936.0	16999.0	23939.0	36153.0	63748.0	121655.0	356535.0	2172091.0	1089771.0
	17.0	18.0	19.0	20.0	21.0	22.0	23.0	24.0	25.0	26.0	27.0	28.0	29.0	30.0	31.0	32.0	33.0	34.0	35.0	36.0	37.0	38.0	39.0	40.0
PD_7P_1_bbduk_polyg_filt	21.0	150.0	464.0	958.0	1283.0	1555.0	1732.0	1918.0	2216.0	2473.0	2835.0	3483.0	4272.0	5377.0	6496.0	8961.0	11920.0	17660.0	28005.0	49965.0	92214.0	253869.0	1848860.0	1048890.0
	14.0	15.0	16.0	17.0	18.0	19.0	20.0	21.0	22.0	23.0	24.0	25.0	26.0	27.0	28.0	29.0	30.0	31.0	32.0	33.0	34.0	35.0	36.0	37.0	38.0	39.0	40.0
PD_7P_2_bbduk_polyg_filt	10.0	65.0	354.0	957.0	1574.0	1674.0	1946.0	1942.0	1883.0	1835.0	2042.0	2173.0	2577.0	2709.0	3221.0	3620.0	4434.0	5213.0	6598.0	8384.0	12254.0	18832.0	33873.0	68605.0	222842.0	1823990.0	1161970.0
	18.0	19.0	20.0	21.0	22.0	23.0	24.0	25.0	26.0	27.0	28.0	29.0	30.0	31.0	32.0	33.0	34.0	35.0	36.0	37.0	38.0	39.0	40.0
PD_81P_1_bbduk_polyg_filt	6.0	1.0	6.0	5.0	7.0	1.0	2.0	1.0	2.0	3.0	1.0	2.0	3.0	6.0	5.0	3.0	2.0	12.0	19.0	36.0	68.0	417.0	192.0
	16.0	17.0	18.0	19.0	20.0	21.0	22.0	23.0	24.0	25.0	26.0	27.0	28.0	29.0	30.0	31.0	32.0	33.0	34.0	35.0	36.0	37.0	38.0	39.0	40.0
PD_81P_2_bbduk_polyg_filt	3.0	8.0	9.0	13.0	5.0	5.0	2.0	3.0	0.0	5.0	1.0	2.0	2.0	2.0	2.0	4.0	6.0	5.0	7.0	11.0	13.0	22.0	66.0	402.0	202.0
	16.0	17.0	18.0	19.0	20.0	21.0	22.0	23.0	24.0	25.0	26.0	27.0	28.0	29.0	30.0	31.0	32.0	33.0	34.0	35.0	36.0	37.0	38.0	39.0	40.0
PD_82P_1_bbduk_polyg_filt	1.0	24.0	196.0	770.0	1749.0	2735.0	3259.0	3440.0	3972.0	4325.0	4795.0	5492.0	6352.0	7762.0	9560.0	11455.0	14632.0	19395.0	27457.0	41528.0	70149.0	120023.0	297712.0	1846619.0	971153.0
	14.0	15.0	16.0	17.0	18.0	19.0	20.0	21.0	22.0	23.0	24.0	25.0	26.0	27.0	28.0	29.0	30.0	31.0	32.0	33.0	34.0	35.0	36.0	37.0	38.0	39.0	40.0
PD_82P_2_bbduk_polyg_filt	13.0	82.0	378.0	1040.0	1875.0	2564.0	3423.0	3576.0	3585.0	3551.0	4154.0	4258.0	4956.0	5508.0	6332.0	7393.0	8621.0	10002.0	12477.0	16076.0	22394.0	33492.0	58765.0	109929.0	308652.0	1867180.0	974279.0
	18.0	19.0	20.0	21.0	22.0	23.0	24.0	25.0	26.0	27.0	28.0	29.0	30.0	31.0	32.0	33.0	34.0	35.0	36.0	37.0	38.0	39.0	40.0
PD_83P_1_bbduk_polyg_filt	4.0	10.0	25.0	48.0	46.0	67.0	75.0	60.0	74.0	93.0	108.0	123.0	147.0	154.0	210.0	309.0	434.0	675.0	1060.0	1821.0	4550.0	28615.0	14815.0
	15.0	16.0	17.0	18.0	19.0	20.0	21.0	22.0	23.0	24.0	25.0	26.0	27.0	28.0	29.0	30.0	31.0	32.0	33.0	34.0	35.0	36.0	37.0	38.0	39.0	40.0
PD_83P_2_bbduk_polyg_filt	3.0	11.0	25.0	34.0	40.0	54.0	61.0	58.0	62.0	49.0	44.0	68.0	76.0	85.0	113.0	107.0	165.0	180.0	211.0	314.0	455.0	867.0	1468.0	4378.0	29235.0	15360.0
	16.0	17.0	18.0	19.0	20.0	21.0	22.0	23.0	24.0	25.0	26.0	27.0	28.0	29.0	30.0	31.0	32.0	33.0	34.0	35.0	36.0	37.0	38.0	39.0	40.0
PD_84P_1_bbduk_polyg_filt	1.0	43.0	320.0	1117.0	2340.0	3311.0	3970.0	4421.0	4877.0	5252.0	5943.0	6759.0	7964.0	9215.0	11430.0	13583.0	17239.0	22156.0	31040.0	45418.0	74792.0	122790.0	288645.0	1669730.0	974495.0
	13.0	14.0	15.0	16.0	17.0	18.0	19.0	20.0	21.0	22.0	23.0	24.0	25.0	26.0	27.0	28.0	29.0	30.0	31.0	32.0	33.0	34.0	35.0	36.0	37.0	38.0	39.0	40.0
PD_84P_2_bbduk_polyg_filt	1.0	11.0	77.0	322.0	906.0	1799.0	2520.0	3444.0	3638.0	3768.0	3760.0	3989.0	4186.0	4597.0	4951.0	5909.0	6855.0	8164.0	9383.0	11979.0	15264.0	21348.0	32594.0	54962.0	97659.0	267098.0	1713616.0	1044051.0
	16.0	17.0	18.0	19.0	20.0	21.0	22.0	23.0	24.0	25.0	26.0	27.0	28.0	29.0	30.0	31.0	32.0	33.0	34.0	35.0	36.0	37.0	38.0	39.0	40.0
PD_8P_1_bbduk_polyg_filt	1.0	39.0	282.0	1012.0	2306.0	3394.0	4065.0	4558.0	5134.0	5716.0	6213.0	7080.0	8557.0	10258.0	12311.0	14797.0	19075.0	25200.0	35581.0	53963.0	89749.0	151810.0	369326.0	2255893.0	1219157.0
	13.0	14.0	15.0	16.0	17.0	18.0	19.0	20.0	21.0	22.0	23.0	24.0	25.0	26.0	27.0	28.0	29.0	30.0	31.0	32.0	33.0	34.0	35.0	36.0	37.0	38.0	39.0	40.0
PD_8P_2_bbduk_polyg_filt	2.0	8.0	85.0	425.0	1094.0	1903.0	2525.0	3146.0	3485.0	3428.0	3562.0	3677.0	4207.0	4666.0	5219.0	5926.0	6853.0	8522.0	9920.0	12753.0	16176.0	23456.0	36084.0	63414.0	117608.0	340589.0	2316848.0	1309896.0
	16.0	17.0	18.0	19.0	20.0	21.0	22.0	23.0	24.0	25.0	26.0	27.0	28.0	29.0	30.0	31.0	32.0	33.0	34.0	35.0	36.0	37.0	38.0	39.0	40.0
PD_9P_1_bbduk_polyg_filt	1.0	22.0	252.0	945.0	2024.0	2954.0	3563.0	3903.0	4402.0	5003.0	5623.0	6162.0	7525.0	8848.0	10837.0	13031.0	17061.0	22219.0	32046.0	48115.0	81136.0	138310.0	342224.0	2129693.0	1171661.0
	13.0	14.0	15.0	16.0	17.0	18.0	19.0	20.0	21.0	22.0	23.0	24.0	25.0	26.0	27.0	28.0	29.0	30.0	31.0	32.0	33.0	34.0	35.0	36.0	37.0	38.0	39.0	40.0
PD_9P_2_bbduk_polyg_filt	2.0	16.0	145.0	617.0	1597.0	2495.0	3071.0	3696.0	3692.0	3607.0	3644.0	3925.0	4179.0	4762.0	5244.0	6300.0	7318.0	8519.0	10024.0	12688.0	16455.0	22986.0	35709.0	61995.0	116331.0	331286.0	2159046.0	1228211.0
	17.0	18.0	19.0	20.0	21.0	22.0	23.0	24.0	25.0	26.0	27.0	28.0	29.0	30.0	31.0	32.0	33.0	34.0	35.0	36.0	37.0	38.0	39.0	40.0
PD_Extr_neg_plate1_1_bbduk_polyg_filt	1.0	7.0	5.0	3.0	9.0	9.0	2.0	4.0	7.0	5.0	2.0	3.0	5.0	8.0	4.0	6.0	10.0	10.0	22.0	34.0	47.0	140.0	807.0	387.0
	17.0	18.0	19.0	20.0	21.0	22.0	23.0	24.0	25.0	26.0	27.0	28.0	29.0	30.0	31.0	32.0	33.0	34.0	35.0	36.0	37.0	38.0	39.0	40.0
PD_Extr_neg_plate1_2_bbduk_polyg_filt	1.0	7.0	5.0	9.0	1.0	6.0	1.0	5.0	4.0	6.0	6.0	4.0	4.0	6.0	7.0	5.0	7.0	10.0	12.0	23.0	53.0	137.0	778.0	440.0
	18.0	19.0	20.0	21.0	22.0	23.0	24.0	25.0	26.0	27.0	28.0	29.0	30.0	31.0	32.0	33.0	34.0	35.0	36.0	37.0	38.0	39.0	40.0
PD_Extr_neg_plate3_1_bbduk_polyg_filt	1.0	1.0	0.0	3.0	1.0	2.0	0.0	2.0	3.0	1.0	3.0	1.0	2.0	2.0	4.0	5.0	12.0	7.0	10.0	15.0	49.0	250.0	147.0
	17.0	18.0	19.0	20.0	21.0	22.0	23.0	24.0	25.0	26.0	27.0	28.0	29.0	30.0	31.0	32.0	33.0	34.0	35.0	36.0	37.0	38.0	39.0	40.0
PD_Extr_neg_plate3_2_bbduk_polyg_filt	1.0	0.0	1.0	3.0	2.0	2.0	0.0	1.0	2.0	1.0	1.0	2.0	2.0	2.0	1.0	3.0	5.0	3.0	4.0	8.0	16.0	41.0	275.0	145.0
	17.0	18.0	19.0	20.0	21.0	22.0	23.0	24.0	25.0	26.0	27.0	28.0	29.0	30.0	31.0	32.0	33.0	34.0	35.0	36.0	37.0	38.0	39.0	40.0
PD_Extr_pos_plate1_1_bbduk_polyg_filt	5.0	10.0	20.0	33.0	39.0	50.0	41.0	43.0	54.0	70.0	69.0	65.0	91.0	100.0	137.0	165.0	207.0	297.0	424.0	768.0	1154.0	2931.0	18264.0	7521.0
	13.0	14.0	15.0	16.0	17.0	18.0	19.0	20.0	21.0	22.0	23.0	24.0	25.0	26.0	27.0	28.0	29.0	30.0	31.0	32.0	33.0	34.0	35.0	36.0	37.0	38.0	39.0	40.0
PD_Extr_pos_plate1_2_bbduk_polyg_filt	1.0	3.0	60.0	276.0	575.0	659.0	353.0	240.0	142.0	120.0	89.0	74.0	74.0	94.0	80.0	100.0	108.0	122.0	138.0	153.0	224.0	276.0	398.0	658.0	1161.0	3269.0	17562.0	5549.0
	17.0	18.0	19.0	20.0	21.0	22.0	23.0	24.0	25.0	26.0	27.0	28.0	29.0	30.0	31.0	32.0	33.0	34.0	35.0	36.0	37.0	38.0	39.0	40.0
PD_Extr_pos_plate2_1_bbduk_polyg_filt	1.0	13.0	3.0	8.0	15.0	8.0	11.0	4.0	1.0	2.0	2.0	2.0	5.0	6.0	4.0	5.0	2.0	6.0	4.0	14.0	26.0	62.0	391.0	220.0
	16.0	17.0	18.0	19.0	20.0	21.0	22.0	23.0	24.0	25.0	26.0	27.0	28.0	29.0	30.0	31.0	32.0	33.0	34.0	35.0	36.0	37.0	38.0	39.0	40.0
PD_Extr_pos_plate2_2_bbduk_polyg_filt	4.0	16.0	7.0	17.0	14.0	4.0	5.0	2.0	3.0	4.0	3.0	2.0	4.0	4.0	2.0	5.0	4.0	5.0	6.0	19.0	11.0	20.0	62.0	419.0	173.0
	16.0	17.0	18.0	19.0	20.0	21.0	22.0	23.0	24.0	25.0	26.0	27.0	28.0	29.0	30.0	31.0	32.0	33.0	34.0	35.0	36.0	37.0	38.0	39.0	40.0
PD_Extr_pos_plate3_1_bbduk_polyg_filt	3.0	51.0	427.0	1584.0	3396.0	4798.0	5743.0	6130.0	7023.0	7804.0	8645.0	9577.0	11335.0	13415.0	16295.0	19376.0	24982.0	32090.0	45085.0	67562.0	112658.0	193120.0	478293.0	3078233.0	1379373.0
	13.0	14.0	15.0	16.0	17.0	18.0	19.0	20.0	21.0	22.0	23.0	24.0	25.0	26.0	27.0	28.0	29.0	30.0	31.0	32.0	33.0	34.0	35.0	36.0	37.0	38.0	39.0	40.0
PD_Extr_pos_plate3_2_bbduk_polyg_filt	2.0	13.0	142.0	696.0	1839.0	3011.0	4080.0	5081.0	5301.0	5342.0	5147.0	5653.0	6309.0	6984.0	7746.0	9142.0	10373.0	12312.0	14088.0	18080.0	23613.0	32749.0	49187.0	86211.0	161135.0	465459.0	3169993.0	1417310.0
	16.0	17.0	18.0	19.0	20.0	21.0	22.0	23.0	24.0	25.0	26.0	27.0	28.0	29.0	30.0	31.0	32.0	33.0	34.0	35.0	36.0	37.0	38.0	39.0	40.0
PD_Lib_neg_plate1_1_bbduk_polyg_filt	1.0	0.0	3.0	3.0	7.0	4.0	5.0	4.0	10.0	6.0	3.0	5.0	8.0	6.0	11.0	5.0	12.0	14.0	29.0	30.0	52.0	93.0	200.0	1194.0	542.0
	17.0	18.0	19.0	20.0	21.0	22.0	23.0	24.0	25.0	26.0	27.0	28.0	29.0	30.0	31.0	32.0	33.0	34.0	35.0	36.0	37.0	38.0	39.0	40.0
PD_Lib_neg_plate1_2_bbduk_polyg_filt	3.0	7.0	6.0	6.0	6.0	3.0	7.0	2.0	9.0	6.0	5.0	6.0	10.0	6.0	8.0	15.0	13.0	18.0	36.0	32.0	78.0	193.0	1205.0	567.0
	17.0	18.0	19.0	20.0	21.0	22.0	23.0	24.0	25.0	26.0	27.0	28.0	29.0	30.0	31.0	32.0	33.0	34.0	35.0	36.0	37.0	38.0	39.0	40.0
PD_Lib_neg_plate2_1_bbduk_polyg_filt	1.0	0.0	2.0	4.0	1.0	1.0	2.0	0.0	3.0	0.0	0.0	1.0	1.0	0.0	1.0	1.0	0.0	1.0	6.0	2.0	9.0	35.0	180.0	92.0
	16.0	17.0	18.0	19.0	20.0	21.0	22.0	23.0	24.0	25.0	26.0	27.0	28.0	29.0	30.0	31.0	32.0	33.0	34.0	35.0	36.0	37.0	38.0	39.0	40.0
PD_Lib_neg_plate2_2_bbduk_polyg_filt	2.0	0.0	0.0	2.0	2.0	2.0	0.0	0.0	0.0	2.0	0.0	0.0	0.0	0.0	3.0	3.0	0.0	0.0	2.0	0.0	6.0	10.0	49.0	181.0	79.0
	16.0	17.0	18.0	19.0	20.0	21.0	22.0	23.0	24.0	25.0	26.0	27.0	28.0	29.0	30.0	31.0	32.0	33.0	34.0	35.0	36.0	37.0	38.0	39.0	40.0
PD_Lib_pos_plate1_1_bbduk_polyg_filt	2.0	39.0	231.0	810.0	1795.0	2451.0	2910.0	3148.0	3698.0	4148.0	4788.0	5341.0	6322.0	7564.0	9376.0	11331.0	14772.0	19790.0	28319.0	43460.0	75511.0	138295.0	365624.0	2464646.0	1042440.0
	13.0	14.0	15.0	16.0	17.0	18.0	19.0	20.0	21.0	22.0	23.0	24.0	25.0	26.0	27.0	28.0	29.0	30.0	31.0	32.0	33.0	34.0	35.0	36.0	37.0	38.0	39.0	40.0
PD_Lib_pos_plate1_2_bbduk_polyg_filt	1.0	14.0	99.0	532.0	1464.0	2375.0	2838.0	3476.0	3581.0	3352.0	3556.0	3936.0	4437.0	5357.0	5778.0	6842.0	7882.0	9138.0	10496.0	13424.0	17015.0	24127.0	36974.0	65302.0	129991.0	400426.0	2551365.0	943033.0
	16.0	17.0	18.0	19.0	20.0	21.0	22.0	23.0	24.0	25.0	26.0	27.0	28.0	29.0	30.0	31.0	32.0	33.0	34.0	35.0	36.0	37.0	38.0	39.0	40.0
PD_Lib_pos_plate2_1_bbduk_polyg_filt	3.0	43.0	402.0	1398.0	3037.0	4266.0	4723.0	4826.0	5593.0	5905.0	6771.0	7427.0	8726.0	10389.0	12128.0	14521.0	18537.0	24291.0	34044.0	50668.0	85010.0	148227.0	370768.0	2294866.0	934546.0
	14.0	15.0	16.0	17.0	18.0	19.0	20.0	21.0	22.0	23.0	24.0	25.0	26.0	27.0	28.0	29.0	30.0	31.0	32.0	33.0	34.0	35.0	36.0	37.0	38.0	39.0	40.0
PD_Lib_pos_plate2_2_bbduk_polyg_filt	11.0	94.0	586.0	1732.0	3041.0	4202.0	5627.0	5618.0	5516.0	5392.0	5969.0	6813.0	7547.0	8454.0	9722.0	11231.0	12842.0	14882.0	18475.0	23669.0	32986.0	48851.0	83294.0	156738.0	438552.0	2384484.0	754787.0

