feature	metadata	value	coef	stderr	N	N.not.0	pval	qval
d__Bacteria.p__Bacillota_A.c__Clostridia.o__Lachnospirales.f__Lachnospiraceae.g__Brotaphodocola.s__Brotaphodocola.sp003478505	Group	PD	-0.429130744193648	0.0938001189990014	146	22	1.09148181226808e-05	0.00661646006973948
d__Bacteria.p__Bacillota_A.c__Clostridia.o__Oscillospirales.f__Ruminococcaceae.g__Faecalibacterium.s__Faecalibacterium.sp934514285	Group	PD	-1.52622350935278	0.334984483884326	146	96	1.17940464701239e-05	0.00661646006973948
d__Bacteria.p__Bacillota_A.c__Clostridia.o__Lachnospirales.f__Lachnospiraceae.g__Anthropogastromicrobium.s__Anthropogastromicrobium.sp934292725	Group	PD	-1.51262360241742	0.345406804862042	146	94	2.41518902389156e-05	0.00903280694935445
d__Bacteria.p__Bacillota_A.c__Clostridia.o__Lachnospirales.f__Lachnospiraceae.g__Hominisplanchenecus.s__Hominisplanchenecus.faecis	Group	PD	-1.21388485917698	0.289358842787965	146	65	4.99341648859001e-05	0.011205226600396
d__Bacteria.p__Bacillota_A.c__Clostridia.o__Lachnospirales.f__Lachnospiraceae.g__Roseburia_B.s__Roseburia_B.zhanii	Group	PD	-0.534336787351151	0.125718082976856	146	20	4.02543698560136e-05	0.011205226600396
d__Bacteria.p__Bacillota_A.c__Clostridia.o__Lachnospirales.f__Lachnospiraceae.g__Hominiventricola.s__Hominiventricola.sp003480725	Group	PD	-0.584061766953341	0.142511596328211	146	40	7.25154450684662e-05	0.0135603882278032
d__Bacteria.p__Bacillota_A.c__Clostridia.o__Lachnospirales.f__Lachnospiraceae.g__Brotaphodocola.s__Brotaphodocola.sp003480315	Group	PD	-0.364073489445931	0.097891604994367	146	21	0.000295328084756003	0.0439039549834786
d__Bacteria.p__Bacillota_A.c__Clostridia.o__Lachnospirales.f__Lachnospiraceae.g__Fusicatenibacter.s__Fusicatenibacter.saccharivorans	Group	PD	-1.18068863269374	0.319249583237884	146	132	0.000318126942149482	0.0439039549834786
d__Bacteria.p__Bacillota_A.c__Clostridia.o__Oscillospirales.f__Ruminococcaceae.g__Ruthenibacterium.s__Ruthenibacterium.lactatiformans	Group	PD	0.890428212968887	0.242641951763972	146	111	0.000352170761899561	0.0439039549834786
d__Bacteria.p__Bacillota_A.c__Clostridia.o__Lachnospirales.f__Lachnospiraceae.g__Agathobacter.s__Agathobacter.rectalis	Group	PD	-1.62175033521628	0.446061189731667	146	110	0.000397131130289313	0.0445581128184609
d__Bacteria.p__Actinomycetota.c__Coriobacteriia.o__Coriobacteriales.f__Eggerthellaceae.g__Eggerthella.s__Eggerthella.lenta	Sex_Male1_Female2	Female	0.800466895486565	0.232933337516968	146	64	0.000790161160266866	0.073880068484952
d__Bacteria.p__Bacteroidota.c__Bacteroidia.o__Bacteroidales.f__Rikenellaceae.g__Alistipes.s__Alistipes.onderdonkii	Group	PD	1.16350995144902	0.337387210633403	146	106	0.000758358526520397	0.073880068484952
d__Bacteria.p__Bacillota_A.c__Clostridia.o__Lachnospirales.f__Lachnospiraceae.g__Eubacterium_F.s__Eubacterium_F.sp003491505	Group	PD	-0.962448361178114	0.287321629025278	146	83	0.00105688033323001	0.0790546489256046
d__Bacteria.p__Bacillota_A.c__Clostridia.o__Lachnospirales.f__Lachnospiraceae.g__Limivivens.s__Limivivens.sp934393555	Group	PD	-0.489553498308364	0.145056897679889	146	34	0.000971835964171324	0.0790546489256046
d__Bacteria.p__Bacillota_A.c__Clostridia.o__Lachnospirales.f__Lachnospiraceae.g__Otoolea.s__Otoolea.fessa	Group	PD	-0.742985249634246	0.220572850007806	146	84	0.000993059151165608	0.0790546489256046
d__Bacteria.p__Bacillota_A.c__Clostridia.o__Peptostreptococcales.f__Anaerovoracaceae.g__Emergencia.s__Emergencia.timonensis	Laxatives	Laxatives	0.132452921210531	0.0404867844458764	146	15	0.00136753163031337	0.0958981555757253
d__Bacteria.p__Actinomycetota.c__Actinomycetes.o__Actinomycetales.f__Bifidobacteriaceae.g__Bifidobacterium.s__Bifidobacterium.animalis_B	Sex_Male1_Female2	Female	0.732433103934496	0.233102447117946	146	27	0.002074451304179	0.104225934446351
d__Bacteria.p__Actinomycetota.c__Actinomycetes.o__Actinomycetales.f__Bifidobacteriaceae.g__Bifidobacterium.s__Bifidobacterium.infantis	Group	PD	1.45305446559535	0.454473822018651	146	87	0.00173967093442592	0.104225934446351
d__Bacteria.p__Bacillota_A.c__Clostridia.o__Lachnospirales.f__Lachnospiraceae.g__JAGTTR01.s__JAGTTR01.sp018223385	Group	PD	-0.273307097712396	0.0872403799399891	146	15	0.00213653876316048	0.104225934446351
d__Bacteria.p__Bacillota_A.c__Clostridia.o__Oscillospirales.f__Ruminococcaceae.g__CAG.115.s__CAG.115.sp003531585	Group	PD	-0.446040559249477	0.140988896454543	146	20	0.00193701031756115	0.104225934446351
d__Bacteria.p__Bacillota_A.c__Clostridia.o__Oscillospirales.f__Ruminococcaceae.g__Gemmiger.s__Gemmiger.sp900539695	Group	PD	-0.598225976203537	0.188484514218007	146	65	0.00187485153956066	0.104225934446351
d__Bacteria.p__Bacillota_A.c__Clostridia.o__Peptostreptococcales.f__Peptostreptococcaceae.g__Intestinibacter.s__Intestinibacter.sp900540355	Laxatives	Laxatives	0.199632588015767	0.0637222012292697	146	18	0.00213618227363058	0.104225934446351
d__Bacteria.p__Bacillota_A.c__Clostridia.o__UBA1381.f__UBA1381.g__Hominilimicola.s__Hominilimicola.fabiformis	Group	PD	-0.707176050122348	0.225533463733161	146	116	0.00211790540666183	0.104225934446351
d__Bacteria.p__Bacillota_A.c__Clostridia.o__Oscillospirales.f__Ruminococcaceae.g__Faecalibacterium.s__Faecalibacterium.sp900539945	Group	PD	-0.890142096660176	0.286880460436051	146	80	0.00234847979538239	0.109791430434127
d__Bacteria.p__Bacillota_A.c__Clostridia.o__Lachnospirales.f__Lachnospiraceae.g__Eisenbergiella.s__Eisenbergiella.porci	Laxatives	Laxatives	0.165044457898472	0.0536788279626552	146	19	0.00256524684413581	0.115128278364815
d__Bacteria.p__Bacillota_A.c__Clostridia.o__Oscillospirales.f__Acutalibacteraceae.g__CAG.177.s__CAG.177.sp003514385	Group	PD	0.808758994558897	0.26551918852004	146	30	0.00280514062029928	0.1210526067683
d__Bacteria.p__Bacillota_A.c__Clostridia.o__Lachnospirales.f__Lachnospiraceae.g__Anaerostipes.s__	Group	PD	-0.918593031953183	0.30389970395493	146	132	0.00301456806564945	0.125272050728099
d__Bacteria.p__Bacillota.c__Bacilli.o__Lactobacillales.f__Streptococcaceae.g__Streptococcus.s__Streptococcus.mutans	Group	PD	0.58861124627813	0.198473218319472	146	24	0.00358988405738548	0.141064659869851
d__Bacteria.p__Bacillota_A.c__Clostridia.o__Oscillospirales.f__Oscillospiraceae.g__Dysosmobacter.s__Dysosmobacter.segnis	Sex_Male1_Female2	Female	-0.784010572797133	0.264815475448817	146	77	0.00364605627114587	0.141064659869851
d__Bacteria.p__Bacillota_A.c__Clostridia.o__Lachnospirales.f__Lachnospiraceae.g__Gallintestinimicrobium.s__Gallintestinimicrobium.propionicum	Group	PD	-0.631663594872976	0.214768278829736	146	75	0.00386762165207457	0.144649049787589
d__Bacteria.p__Bacillota_A.c__Clostridia.o__Oscillospirales.f__Ruminococcaceae.g__Faecalibacterium.s__Faecalibacterium.sp900539885	Group	PD	-0.767009669126421	0.262471541751755	146	53	0.00409446153781281	0.148193091787935
d__Bacteria.p__Bacillota_A.c__Clostridia.o__Lachnospirales.f__Lachnospiraceae.g__Enterocloster.s__Enterocloster.sp900541315	Group	PD	-0.482693664618436	0.169376511981486	146	35	0.00508253058347491	0.178206228583089
d__Bacteria.p__Bacillota_A.c__Clostridia.o__Lachnospirales.f__Lachnospiraceae.g__Butyribacter.s__Butyribacter.intestini	Group	PD	-0.52778013316687	0.188453412113632	146	24	0.00587391775404907	0.199713203637668
d__Bacteria.p__Bacillota_A.c__Clostridia.o__Lachnospirales.f__Lachnospiraceae.g__Clostridium_AP.s__Clostridium_AP.scindens	Group	PD	0.400053901997789	0.143702882556949	146	27	0.00616668017110191	0.203500445646363
d__Bacteria.p__Bacillota_A.c__Clostridia.o__Lachnospirales.f__Lachnospiraceae.g__Ruminococcus_B.s__Ruminococcus_B.gnavus	Group	PD	0.94874272927801	0.343447032773153	146	49	0.00656304520426452	0.210392477690994
d__Bacteria.p__Bacillota_A.c__Clostridia.o__Oscillospirales.f__Oscillospiraceae.g__UMGS1766.s__UMGS1766.sp959602365	Group	PD	0.339985754779137	0.12387285174995	146	20	0.00690844343811415	0.215313153821224
d__Bacteria.p__Bacillota_A.c__Clostridia.o__Lachnospirales.f__Lachnospiraceae.g__Mediterraneibacter_A.s__Mediterraneibacter_A.butyricigenes	Laxatives	Laxatives	0.159580317716059	0.0584618092392044	146	29	0.0072122914607128	0.21870786537621
d__Bacteria.p__Bacillota.c__Bacilli.o__Lactobacillales.f__Streptococcaceae.g__Lactococcus.s__Lactococcus.lactis	Group	PD	0.562913491698255	0.214394884383912	146	42	0.00967930632201198	0.227846083305775
d__Bacteria.p__Bacillota.c__Bacilli.o__Lactobacillales.f__Streptococcaceae.g__Streptococcus.s__Streptococcus.thermophilus	Group	PD	0.743427971124914	0.284221295469957	146	75	0.0099504973992718	0.227846083305775
d__Bacteria.p__Bacillota_A.c__Clostridia.o__Christensenellales.f__Aristaeellaceae.g__Ventricola.s__Ventricola.sp900542445	Group	PD	-0.665510722467009	0.249485210619676	146	80	0.00860544552102122	0.227846083305775
d__Bacteria.p__Bacillota_A.c__Clostridia.o__Lachnospirales.f__Lachnospiraceae.g__Eubacterium_F.s__Eubacterium_F.sp900539115	Group	PD	-0.446369184994449	0.168294467380663	146	31	0.00898212481487857	0.227846083305775
d__Bacteria.p__Bacillota_A.c__Clostridia.o__Lachnospirales.f__Lachnospiraceae.g__Eubacterium_G.s__Eubacterium_G.ventriosum	Group	PD	-0.572128937878589	0.218054763614665	146	66	0.00972815896458767	0.227846083305775
d__Bacteria.p__Bacillota_A.c__Clostridia.o__Lachnospirales.f__Lachnospiraceae.g__Limivivens.s__Limivivens.faecihominis	Group	PD	-0.486725254290314	0.185747728145463	146	75	0.00982150638583478	0.227846083305775
d__Bacteria.p__Bacillota_A.c__Clostridia.o__Lachnospirales.f__Lachnospiraceae.g__Pararoseburia.s__Pararoseburia.lenta	Group	PD	-0.353367945054597	0.132585234044607	146	18	0.00866196247095782	0.227846083305775
d__Bacteria.p__Bacillota_A.c__Clostridia.o__Lachnospirales.f__Lachnospiraceae.g__UBA3402.s__UBA3402.sp003478355	Group	PD	-0.40384147317214	0.152302094985255	146	29	0.0090005197496572	0.227846083305775
d__Bacteria.p__Bacillota_A.c__Clostridia.o__Oscillospirales.f__Acutalibacteraceae.g__Acutalibacter.s__Acutalibacter.sp900548545	Laxatives	Laxatives	0.165204316077567	0.0626647643174608	146	24	0.00939373633555655	0.227846083305775
d__Bacteria.p__Bacillota_A.c__Clostridia.o__Oscillospirales.f__Oscillospiraceae.g__Hominicoprocola.s__Hominicoprocola.sp900317525	Laxatives	Laxatives	-0.30153840223977	0.112073801614073	146	64	0.00806349077976356	0.227846083305775
d__Bacteria.p__Bacillota_A.c__Clostridia.o__Oscillospirales.f__Ruminococcaceae.g__Faecalibacterium.s__Faecalibacterium.prausnitzii_I	Group	PD	-0.593525423648193	0.225155278808659	146	63	0.00940024037223349	0.227846083305775
d__Bacteria.p__Bacillota_A.c__Clostridia.o__Oscillospirales.f__Ruminococcaceae.g__Negativibacillus.s__Negativibacillus.sp000435195	Laxatives	Laxatives	0.281113303936366	0.107405155547322	146	49	0.00990492901394639	0.227846083305775
d__Bacteria.p__Bacillota_A.c__Clostridia.o__Lachnospirales.f__Lachnospiraceae.g__Blautia_A.s__Blautia_A.sp934424005	Sex_Male1_Female2	Female	-0.811193645921543	0.311601337881239	146	122	0.0102977459927254	0.229001053520079
d__Bacteria.p__Bacillota_A.c__Clostridia.o__Monoglobales.f__Monoglobaceae.g__Monoglobus.s__Monoglobus.pectinilyticus	Sex_Male1_Female2	Female	0.588545429803545	0.226414082821782	146	62	0.0104091387963672	0.229001053520079
d__Bacteria.p__Bacillota_A.c__Clostridia.o__Lachnospirales.f__Lachnospiraceae.g__Dorea_D.s__Dorea_D.sp900543415	Laxatives	Laxatives	0.276679850566621	0.107104978563562	146	28	0.0108842198017772	0.234847973415269
d__Bacteria.p__Actinomycetota.c__Coriobacteriia.o__Coriobacteriales.f__Eggerthellaceae.g__Eggerthella.s__Eggerthella.lenta	Group	PD	0.645843779977322	0.252162764160751	146	64	0.0115635057163576	0.240263952106542
d__Bacteria.p__Bacillota_A.c__Clostridia.o__Lachnospirales.f__Lachnospiraceae.g__Roseburia.s__Roseburia.inulinivorans	Group	PD	-0.618282732810496	0.24118528195236	146	78	0.0114908901750602	0.240263952106542
d__Bacteria.p__Bacillota_A.c__Clostridia.o__Oscillospirales.f__Ruminococcaceae.g__Faecalibacterium.s__Faecalibacterium.sp905215595	Group	PD	-0.871338809221206	0.344832230946123	146	108	0.0126988689688088	0.259056926963701
d__Bacteria.p__Bacillota_A.c__Clostridia.o__Lachnospirales.f__Lachnospiraceae.g__Blautia_A.s__Blautia_A.wexlerae_B	Group	PD	-0.838133020226175	0.334647359631899	146	138	0.0134887497244173	0.270098493751904
d__Bacteria.p__Bacillota_A.c__Clostridia.o__Lachnospirales.f__Lachnospiraceae.g__JAGTTR01.s__JAGTTR01.sp018223385	Laxatives	Laxatives	0.101836972561251	0.0407646427825317	146	15	0.0137215812333855	0.270098493751904
d__Bacteria.p__Bacteroidota.c__Bacteroidia.o__Bacteroidales.f__Marinifilaceae.g__Butyricimonas.s__Butyricimonas.sp019423345	Laxatives	Laxatives	0.155114906263697	0.06306653221701	146	23	0.0152150479655347	0.293936264301942
d__Bacteria.p__Bacteroidota.c__Bacteroidia.o__Bacteroidales.f__Rikenellaceae.g__Alistipes_A.s__Alistipes_A.ihumii	Group	PD	0.458954154122847	0.187051963730509	146	51	0.015456541527464	0.293936264301942
d__Bacteria.p__Bacillota_A.c__Clostridia.o__Lachnospirales.f__Lachnospiraceae.g__Hominifimenecus.s__Hominifimenecus.microfluidus	Group	PD	-0.377082761671698	0.154241749633621	146	23	0.015824289041491	0.295914205075881
d__Bacteria.p__Bacillota_A.c__Clostridia.o__Lachnospirales.f__Lachnospiraceae.g__Bariatricus.s__Bariatricus.comes_A	Group	PD	-0.640964195057724	0.264851182668695	146	120	0.0168882771159753	0.306880790624277
d__Bacteria.p__Bacillota_A.c__Clostridia.o__Lachnospirales.f__Lachnospiraceae.g__Blautia.s__Blautia.celeris	Group	PD	0.363370117158655	0.151753175281465	146	25	0.0180600718563517	0.306880790624277
d__Bacteria.p__Bacillota_A.c__Clostridia.o__Lachnospirales.f__Lachnospiraceae.g__Blautia_A.s__Blautia_A.acetigignens	Group	PD	-0.591393838708305	0.245026826118333	146	56	0.0171792736431976	0.306880790624277
d__Bacteria.p__Bacillota_A.c__Clostridia.o__Lachnospirales.f__Lachnospiraceae.g__Lachnospira.s__Lachnospira.hominis	Group	PD	-0.407654717969688	0.171118374147398	146	35	0.0186424349546832	0.306880790624277
d__Bacteria.p__Bacillota_A.c__Clostridia.o__Lachnospirales.f__Lachnospiraceae.g__Muricoprocola.s__Muricoprocola.aceti	Group	PD	-0.242537078718795	0.102127735417896	146	17	0.0190069423114418	0.306880790624277
d__Bacteria.p__Bacillota_A.c__Clostridia.o__Oscillospirales.f__Acutalibacteraceae.g__Fimivicinus.s__Fimivicinus.sp900544375	Laxatives	Laxatives	0.291705098064519	0.121673380827823	146	26	0.0179209281162843	0.306880790624277
d__Bacteria.p__Bacillota_A.c__Clostridia.o__Oscillospirales.f__CAG.272.g__UMGS1696.s__UMGS1696.sp900753285	Group	PD	-0.203001175823533	0.0846597373242275	146	15	0.0179020240655548	0.306880790624277
d__Bacteria.p__Bacillota_A.c__Clostridia.o__Oscillospirales.f__Oscillospiraceae.g__CAG.103.s__CAG.103.sp905215475	Laxatives	Laxatives	0.339245281555366	0.143349837713112	146	51	0.0194193726687377	0.306880790624277
d__Bacteria.p__Bacillota_A.c__Clostridia.o__Oscillospirales.f__Oscillospiraceae.g__Vescimonas.s__Vescimonas.sp000435555	Group	PD	0.854390896382014	0.357894257883132	146	60	0.018402661890212	0.306880790624277
d__Bacteria.p__Bacillota_A.c__Clostridia.o__Oscillospirales.f__Ruminococcaceae.g__Ruminiclostridium_E.s__Ruminiclostridium_E.siraeum	Sex_Male1_Female2	Female	-0.814103203758056	0.343993691037227	146	72	0.0194159839664422	0.306880790624277
d__Bacteria.p__Bacteroidota.c__Bacteroidia.o__Bacteroidales.f__Bacteroidaceae.g__Bacteroides.s__Bacteroides.faecis	Laxatives	Laxatives	0.203889680973318	0.0847433203446829	146	20	0.017525892998606	0.306880790624277
d__Bacteria.p__Actinomycetota.c__Actinomycetes.o__Actinomycetales.f__Bifidobacteriaceae.g__Bifidobacterium.s__Bifidobacterium.adolescentis	Group	PD	1.01075005717234	0.434142559859733	146	67	0.0214359824759236	0.320229726977891
d__Bacteria.p__Bacillota_A.c__Clostridia.o__Lachnospirales.f__Anaerotignaceae.g__Anaerotignum.s__Anaerotignum.faecicola	Group	PD	-0.455972779400884	0.199979279434672	146	48	0.0242175082501971	0.320229726977891
d__Bacteria.p__Bacillota_A.c__Clostridia.o__Lachnospirales.f__Lachnospiraceae.g__Alitiscatomonas.s__Alitiscatomonas.sp900066535	Group	PD	-0.412056821191716	0.180575061991807	146	40	0.0241070026167152	0.320229726977891
d__Bacteria.p__Bacillota_A.c__Clostridia.o__Lachnospirales.f__Lachnospiraceae.g__Dorea_A.s__Dorea_A.longicatena	Sex_Male1_Female2	Female	-0.746739990783897	0.331688427460147	146	93	0.0260302650838758	0.320229726977891
d__Bacteria.p__Bacillota_A.c__Clostridia.o__Lachnospirales.f__Lachnospiraceae.g__Eisenbergiella.s__Eisenbergiella.porci	Sex_Male1_Female2	Female	0.237241421805274	0.106117650273774	146	19	0.0270676251970115	0.320229726977891
d__Bacteria.p__Bacillota_A.c__Clostridia.o__Lachnospirales.f__Lachnospiraceae.g__Frisingicoccus.s__Frisingicoccus.sp900757195	Group	PD	0.362765222808538	0.162052864855194	146	17	0.0268720913266095	0.320229726977891
d__Bacteria.p__Bacillota_A.c__Clostridia.o__Lachnospirales.f__Lachnospiraceae.g__Lachnoclostridium_B.s__Lachnoclostridium_B.ammoniilytica	Sex_Male1_Female2	Female	0.368703481989889	0.164512728978204	146	85	0.0266971687570676	0.320229726977891
d__Bacteria.p__Bacillota_A.c__Clostridia.o__Lachnospirales.f__Lachnospiraceae.g__Limivivens.s__Limivivens.sp905214955	Group	PD	-0.370521504447319	0.161324129831795	146	56	0.0232197032870457	0.320229726977891
d__Bacteria.p__Bacillota_A.c__Clostridia.o__Lachnospirales.f__Lachnospiraceae.g__Roseburia.s__Roseburia.intestinalis	Group	PD	-0.693423340334648	0.310567871439416	146	75	0.0272623760915778	0.320229726977891
d__Bacteria.p__Bacillota_A.c__Clostridia.o__Lachnospirales.f__Lachnospiraceae.g__Sellimonas.s__Sellimonas.intestinalis	Group	PD	0.463234931593252	0.202315814206143	146	32	0.0236400141169047	0.320229726977891
d__Bacteria.p__Bacillota_A.c__Clostridia.o__Lachnospirales.f__Lachnospiraceae.g__Ventrisoma.s__Ventrisoma.faecale	Sex_Male1_Female2	Female	0.319294943989298	0.137395080558179	146	20	0.0216692417112801	0.320229726977891
d__Bacteria.p__Bacillota_A.c__Clostridia.o__Oscillospirales.f__Butyricicoccaceae.g__Agathobaculum.s__Agathobaculum.butyriciproducens	Group	PD	-0.560642762993663	0.240130856915837	146	107	0.0210775466608465	0.320229726977891
d__Bacteria.p__Bacillota_A.c__Clostridia.o__Oscillospirales.f__Oscillospiraceae.g__Evtepia.s__Evtepia.gabavorous	Group	PD	0.642874796125295	0.27765810732968	146	82	0.0221483029770052	0.320229726977891
d__Bacteria.p__Bacillota_A.c__Clostridia.o__Oscillospirales.f__Oscillospiraceae.g__Flavonifractor.s__Flavonifractor.plautii	Group	PD	0.532586134276737	0.235858372833901	146	65	0.0255948636857602	0.320229726977891
d__Bacteria.p__Bacillota_A.c__Clostridia.o__Oscillospirales.f__Ruminococcaceae.g__Faecalibacterium.s__Faecalibacterium.sp900758465	Group	PD	-0.408385766301523	0.176070354646531	146	36	0.0219180197153157	0.320229726977891
d__Bacteria.p__Bacillota_A.c__Clostridia.o__Oscillospirales.f__Ruminococcaceae.g__Gemmiger.s__Gemmiger.formicilis	Group	PD	-0.859675052333954	0.382365230369104	146	97	0.0262273270715198	0.320229726977891
d__Bacteria.p__Bacillota_A.c__Clostridia.o__Oscillospirales.f__Ruminococcaceae.g__Gemmiger.s__Gemmiger.qucibialis	Group	PD	0.68870789884757	0.308735074899505	146	125	0.0273993349285896	0.320229726977891
d__Bacteria.p__Bacillota_A.c__Clostridia.o__Oscillospirales.f__Ruminococcaceae.g__Hominimerdicola.s__Hominimerdicola.aceti	Group	PD	-0.875661229422494	0.387516982583925	146	83	0.0254928052468962	0.320229726977891
d__Bacteria.p__Bacillota_A.c__Clostridia.o__Peptostreptococcales.f__Anaerovoracaceae.g__Emergencia.s__Emergencia.timonensis	Sex_Male1_Female2	Female	0.184037552274085	0.0800383055219871	146	15	0.0230662446438239	0.320229726977891
d__Bacteria.p__Bacillota_A.c__Clostridia.o__Peptostreptococcales.f__Anaerovoracaceae.g__Fimisoma.s__Fimisoma.sp000435715	Sex_Male1_Female2	Female	0.386031674402876	0.170288840778096	146	25	0.0250335624324554	0.320229726977891
d__Bacteria.p__Bacillota_A.c__Clostridia.o__Peptostreptococcales.f__Anaerovoracaceae.g__Lentihominibacter.s__Lentihominibacter.faecis	Group	PD	0.422040110321705	0.186177547353744	146	71	0.0250369499695727	0.320229726977891
d__Bacteria.p__Bacillota_A.c__Clostridia.o__TANB77.f__CAG.508.g__CAG.269.s__CAG.269.sp000431335	Sex_Male1_Female2	Female	-0.30907774292699	0.137784432042932	146	18	0.0265636767780431	0.320229726977891
d__Bacteria.p__Bacillota_A.c__Clostridia.o__UBA1381.f__UBA1381.g__Hominilimicola.s__Hominilimicola.fabiformis	Laxatives	Laxatives	0.241878183580768	0.105384583273407	146	116	0.0233114333173952	0.320229726977891
d__Bacteria.p__Bacteroidota.c__Bacteroidia.o__Bacteroidales.f__Rikenellaceae.g__Alistipes.s__Alistipes.sp902363575	Sex_Male1_Female2	Female	-0.48644094827803	0.217905685529684	146	26	0.0272903560850625	0.320229726977891
d__Bacteria.p__Pseudomonadota.c__Gammaproteobacteria.o__Enterobacterales.f__Enterobacteriaceae.g__Escherichia.s__Escherichia.coli_F	Group	PD	0.874575327994521	0.379788008075647	146	61	0.0228664085561642	0.320229726977891
d__Bacteria.p__Bacillota_A.c__Clostridia.o__Oscillospirales.f__Ruminococcaceae.g__Faecalibacterium.s__Faecalibacterium.duncaniae	Group	PD	-0.763123597836478	0.344120849060344	146	105	0.0283053773485354	0.325845984038716
d__Bacteria.p__Bacteroidota.c__Bacteroidia.o__Bacteroidales.f__Rikenellaceae.g__Alistipes.s__Alistipes.shahii	Group	PD	-0.672502294951728	0.303559561115163	146	88	0.0284607009231677	0.325845984038716
d__Bacteria.p__Bacillota_A.c__Clostridia.o__Oscillospirales.f__Ruminococcaceae.g__Gemmiger.s__Gemmiger.sp900539695	Sex_Male1_Female2	Female	-0.383892436452837	0.174111063198356	146	65	0.0292083123312467	0.331027539754129
d__Bacteria.p__Bacillota_A.c__Clostridia.o__Lachnospirales.f__Lachnospiraceae.g__Eubacterium_F.s__Eubacterium_F.sp900539115	Sex_Male1_Female2	Female	-0.341568899378011	0.155460668838591	146	31	0.0297686895672577	0.334004696944631
d__Bacteria.p__Bacillota_A.c__Clostridia.o__Christensenellales.f__Aristaeellaceae.g__Egerieenecus.s__Egerieenecus.merdigallinarum	Laxatives	Laxatives	-0.21087410799807	0.096370238174694	146	37	0.0304308930982996	0.338054079765269
d__Bacteria.p__Bacillota_A.c__Clostridia.o__Lachnospirales.f__Lachnospiraceae.g__Agathobacter.s__Agathobacter.faecis	Group	PD	-0.895851507013919	0.410849959738276	146	92	0.0310079602143708	0.338091025073424
d__Bacteria.p__Bacillota_A.c__Clostridia.o__Lachnospirales.f__Lachnospiraceae.g__Enterocloster.s__Enterocloster.bolteae	Group	PD	0.430950809188335	0.197758355160531	146	34	0.0311068873537643	0.338091025073424
d__Bacteria.p__Bacillota_I.c__Bacilli_A.o__Erysipelotrichales.f__Coprobacillaceae.g__Allocoprobacillus.s__Allocoprobacillus.merdigallinarum	Group	PD	0.206924640259721	0.0950878280282638	146	15	0.0313382055326525	0.338091025073424
d__Bacteria.p__Actinomycetota.c__Coriobacteriia.o__Coriobacteriales.f__Eggerthellaceae.g__Gordonibacter.s__Gordonibacter.pamelaeae	Sex_Male1_Female2	Female	0.273190356631738	0.128572777360891	146	34	0.0354821021229377	0.365290328330415
d__Bacteria.p__Bacillota_A.c__Clostridia.o__Lachnospirales.f__Lachnospiraceae.g__Acetatifactor.s__Acetatifactor.acetigignens	Group	PD	-0.644472012270348	0.30331925608891	146	87	0.0354872065846838	0.365290328330415
d__Bacteria.p__Bacillota_A.c__Clostridia.o__Lachnospirales.f__Lachnospiraceae.g__Eubacterium_I.s__Eubacterium_I.ramulus	Group	PD	-0.501195278548979	0.234584426983654	146	77	0.0344957668252262	0.365290328330415
d__Bacteria.p__Bacillota_A.c__Clostridia.o__Oscillospirales.f__Acutalibacteraceae.g__Hominenteromicrobium.s__Hominenteromicrobium.sp900549945	Sex_Male1_Female2	Female	0.314004924417243	0.14745693792831	146	15	0.0350860293552976	0.365290328330415
d__Bacteria.p__Bacillota_I.c__Bacilli_A.o__Erysipelotrichales.f__Erysipelotrichaceae.g__Clostridium_AQ.s__Clostridium_AQ.innocuum	Group	PD	0.41804619647932	0.196127940912129	146	34	0.0349154149665301	0.365290328330415
d__Bacteria.p__Bacillota_A.c__Clostridia.o__Lachnospirales.f__Lachnospiraceae.g__Mediterraneibacter.s__Mediterraneibacter.sp900541505	Group	PD	0.26592164487991	0.125970219090174	146	22	0.0366736115184316	0.367616316850139
d__Bacteria.p__Bacillota_A.c__Clostridia.o__Oscillospirales.f__Acutalibacteraceae.g__Clostridium_A.s__Clostridium_A.leptum	Group	PD	0.513540571486383	0.243299824094503	146	66	0.0366961029297821	0.367616316850139
d__Bacteria.p__Bacillota_A.c__Clostridia.o__Peptostreptococcales.f__Anaerovoracaceae.g__Emergencia.s__Emergencia.timonensis	Group	PD	0.183371038796235	0.0866457355323679	146	15	0.0362084087389106	0.367616316850139
d__Bacteria.p__Bacillota_A.c__Clostridia.o__Lachnospirales.f__Lachnospiraceae.g__Agathobacter.s__Agathobacter.faecis	Sex_Male1_Female2	Female	-0.799341386467335	0.37951936583127	146	92	0.0370954421876284	0.3683281958807
d__Bacteria.p__Bacillota_A.c__Clostridia.o__Oscillospirales.f__Ruminococcaceae.g__Anaerotruncus.s__Anaerotruncus.rubiinfantis	Group	PD	0.207310997734022	0.099246042829767	146	19	0.0386557270649499	0.380453734797139
d__Bacteria.p__Bacillota_A.c__Clostridia.o__Lachnospirales.f__Lachnospiraceae.g__Alitiscatomonas.s__Alitiscatomonas.sp900066785	Group	PD	-0.321678215808842	0.155415369323679	146	24	0.0404363033664687	0.391116658423947
d__Bacteria.p__Bacillota_A.c__Clostridia.o__Oscillospirales.f__Acutalibacteraceae.g__UMGS1623.s__UMGS1623.sp934647945	Group	PD	0.299590264254845	0.144564164301432	146	36	0.0401920147545548	0.391116658423947
d__Bacteria.p__Bacillota_A.c__Clostridia.o__Lachnospirales.f__Lachnospiraceae.g__Blautia.s__Blautia.stercoris	Group	PD	-0.534727946584856	0.259014275945788	146	35	0.0409459826906204	0.392661475033129
d__Bacteria.p__Bacillota_A.c__Clostridia.o__Oscillospirales.f__Acutalibacteraceae.g__Clostridium_A.s__Clostridium_A.leptum	Sex_Male1_Female2	Female	0.460372504028488	0.224746267484185	146	66	0.0425172691998208	0.404274373238974
d__Bacteria.p__Bacillota_A.c__Clostridia.o__Christensenellales.f__Aristaeellaceae.g__Ventricola.s__Ventricola.sp900542395	Sex_Male1_Female2	Female	-0.408102610602592	0.200149351866268	146	42	0.0434624831359538	0.408294244818755
d__Bacteria.p__Bacillota_A.c__Clostridia.o__Oscillospirales.f__Ruminococcaceae.g__Faecalibacterium.s__Faecalibacterium.sp905215595	Sex_Male1_Female2	Female	-0.64884740666775	0.318536016628122	146	108	0.0436678336704551	0.408294244818755
d__Bacteria.p__Actinomycetota.c__Actinomycetes.o__Actinomycetales.f__Bifidobacteriaceae.g__Bifidobacterium.s__Bifidobacterium.pseudocatenulatum	Group	PD	0.558450750096695	0.275570138483859	146	26	0.044740521076637	0.414866649983361
d__Bacteria.p__Bacillota_A.c__Clostridia.o__Lachnospirales.f__Lachnospiraceae.g__Frisingicoccus.s__Frisingicoccus.sp900757195	Sex_Male1_Female2	Female	-0.302303375784217	0.149695038403222	146	17	0.0454794277825657	0.418261622721629
d__Bacteria.p__Bacillota_A.c__Clostridia.o__Oscillospirales.f__Oscillospiraceae.g__Intestinimonas.s__Intestinimonas.massiliensis	Laxatives	Laxatives	-0.133966479536979	0.0664803476842512	146	30	0.0459375493695249	0.419040084492739
d__Bacteria.p__Bacillota_A.c__Clostridia.o__Lachnospirales.f__Lachnospiraceae.g__AF33.28.s__AF33.28.sp003477885	Group	PD	0.208832633469927	0.10469771977202	146	16	0.0481593987433706	0.420321622526961
d__Bacteria.p__Bacillota_A.c__Clostridia.o__Lachnospirales.f__Lachnospiraceae.g__Blautia_A.s__Blautia_A.sp900551715	Sex_Male1_Female2	Female	-0.208125318790479	0.104421771649506	146	20	0.0483257480445436	0.420321622526961
d__Bacteria.p__Bacillota_A.c__Clostridia.o__Lachnospirales.f__Lachnospiraceae.g__Pseudolachnospira.s__Pseudolachnospira.sp022867805	Sex_Male1_Female2	Female	-0.336164507799004	0.168604990563234	146	36	0.0482506949047221	0.420321622526961
d__Bacteria.p__Bacillota_A.c__Clostridia.o__Oscillospirales.f__Oscillospiraceae.g__CAG.103.s__CAG.103.sp905215475	Sex_Male1_Female2	Female	-0.565936318049409	0.283388228145095	146	51	0.0478935049691573	0.420321622526961
d__Bacteria.p__Bacillota_A.c__Clostridia.o__Oscillospirales.f__Oscillospiraceae.g__Pseudoflavonifractor.s__Pseudoflavonifractor.faecis	Sex_Male1_Female2	Female	0.15052984180777	0.0750699102338902	146	17	0.0470027927355808	0.420321622526961
d__Bacteria.p__Bacteroidota.c__Bacteroidia.o__Bacteroidales.f__Rikenellaceae.g__Alistipes.s__Alistipes.sp902363575	Group	PD	-0.470766334958422	0.235894529204116	146	26	0.048044543838224	0.420321622526961
d__Bacteria.p__Bacillota_A.c__Clostridia.o__Lachnospirales.f__Lachnospiraceae.g__Eubacterium_I.s__Eubacterium_I.ramulus	Laxatives	Laxatives	0.217723135419764	0.109613809280881	146	77	0.0490899904702605	0.423684379289479
d__Bacteria.p__Bacillota_I.c__Bacilli_A.o__Erysipelotrichales.f__Coprobacillaceae.g__Faecalibacillus.s__Faecalibacillus.faecis	Laxatives	Laxatives	-0.153601673811813	0.0776867967723257	146	30	0.0501196135663337	0.429268751308599
d__Bacteria.p__Bacillota_A.c__Clostridia.o__Lachnospirales.f__Lachnospiraceae.g__Jutongia.s__Jutongia.sp003524945	Group	PD	-0.310282820947432	0.158577106728212	146	15	0.0525135820812576	0.446365447690689
d__Bacteria.p__Bacillota_A.c__Clostridia.o__Lachnospirales.f__Lachnospiraceae.g__Roseburia.s__Roseburia.hominis	Laxatives	Laxatives	0.235524556433481	0.120613522749988	146	102	0.0529849649184834	0.446985944650664
d__Bacteria.p__Bacillota_A.c__Clostridia.o__Oscillospirales.f__Ruminococcaceae.g__Harryflintia.s__Harryflintia.acetispora	Group	PD	0.178815408797954	0.0917514369532684	146	18	0.0534432851169356	0.447487805232849
d__Bacteria.p__Bacillota_A.c__Clostridia.o__Lachnospirales.f__Lachnospiraceae.g__Butyribacter.s__Butyribacter.sp003529475	Group	PD	-0.604336095160945	0.311673586414527	146	68	0.0546509532860276	0.454210145088318
d__Bacteria.p__Bacillota_A.c__Clostridia.o__Lachnospirales.f__Lachnospiraceae.g__Hominifimenecus.s__Hominifimenecus.microfluidus	Sex_Male1_Female2	Female	-0.275784869036576	0.142479583162056	146	23	0.0550698385826491	0.454326168306855
d__Bacteria.p__Bacillota_A.c__Clostridia.o__Lachnospirales.f__Lachnospiraceae.g__Blautia_A.s__Blautia_A.sp003474435	Group	PD	-0.280030706258066	0.144990254880893	146	18	0.0555962266917078	0.454905761632879
d__Bacteria.p__Bacillota_A.c__Clostridia.o__Oscillospirales.f__Acutalibacteraceae.g__Anaeromassilibacillus.s__Anaeromassilibacillus.stercoravium	Group	PD	0.30436203395526	0.157819770956847	146	26	0.0559509760297125	0.454905761632879
d__Bacteria.p__Bacillota_A.c__Clostridia.o__Lachnospirales.f__Lachnospiraceae.g__Mediterraneibacter.s__Mediterraneibacter.faecis	Group	PD	-0.668366973380502	0.348336075546759	146	112	0.0571923592147526	0.458355907421089
d__Bacteria.p__Bacillota_A.c__Clostridia.o__Oscillospirales.f__CAG.272.g__UMGS1696.s__UMGS1696.sp900753285	Sex_Male1_Female2	Female	-0.150280825440406	0.0782037555539753	146	15	0.0568206347754974	0.458355907421089
d__Bacteria.p__Bacillota_A.c__Clostridia.o__Lachnospirales.f__Lachnospiraceae.g__Lachnoclostridium_B.s__Lachnoclostridium_B.ammoniilytica	Laxatives	Laxatives	0.15782163809726	0.0832175463149171	146	85	0.0600965976940106	0.474988163213841
d__Bacteria.p__Bacillota_A.c__Clostridia.o__Lachnospirales.f__Lachnospiraceae.g__Sellimonas.s__Sellimonas.intestinalis	Sex_Male1_Female2	Female	0.354406465355096	0.186887615990191	146	32	0.0601143664673488	0.474988163213841
d__Bacteria.p__Bacillota_A.c__Clostridia.o__Oscillospirales.f__Acutalibacteraceae.g__Hominenteromicrobium.s__Hominenteromicrobium.sp900549945	Group	PD	0.301861841874001	0.159630001695118	146	15	0.0608313842876535	0.477292399795435
d__Bacteria.p__Actinomycetota.c__Actinomycetes.o__Actinomycetales.f__Bifidobacteriaceae.g__Bifidobacterium.s__Bifidobacterium.bifidum	Laxatives	Laxatives	0.265510104087093	0.141804881559039	146	25	0.0633858176859091	0.486741905241792
d__Bacteria.p__Bacillota_A.c__Clostridia.o__Christensenellales.f__CAG.314.g__CAG.314.s__CAG.314.sp000437915	Laxatives	Laxatives	-0.155126980251865	0.0829363716037059	146	32	0.0636550514942286	0.486741905241792
d__Bacteria.p__Bacillota_A.c__Clostridia.o__Lachnospirales.f__Lachnospiraceae.g__Blautia_A.s__Blautia_A.sp900066335	Group	PD	-0.501105004566802	0.268027177714546	146	31	0.0637709982803417	0.486741905241792
d__Bacteria.p__Bacillota_A.c__Clostridia.o__Lachnospirales.f__Lachnospiraceae.g__Eubacterium_G.s__Eubacterium_G.sp000434315	Group	PD	-0.304311005451895	0.162109388559268	146	33	0.0627152692835831	0.486741905241792
d__Bacteria.p__Bacillota_A.c__Clostridia.o__Lachnospirales.f__Lachnospiraceae.g__Scatomonas.s__Scatomonas.merdavium	Group	PD	0.229919301894138	0.123482263181435	146	19	0.0648490313179988	0.491625764451315
d__Bacteria.p__Bacillota_A.c__Clostridia.o__Oscillospirales.f__Oscillospiraceae.g__Intestinimonas.s__Intestinimonas.massiliensis	Group	PD	0.263518410678267	0.142274539763707	146	30	0.0662505717469927	0.498880144296146
d__Bacteria.p__Bacillota_A.c__Clostridia.o__Lachnospirales.f__Lachnospiraceae.g__Roseburia.s__Roseburia.hominis	Group	PD	-0.476287649349303	0.258124905122889	146	102	0.0672691234265565	0.500790210208867
d__Bacteria.p__Bacillota_A.c__Clostridia.o__Oscillospirales.f__Oscillospiraceae.g__Vescimonas.s__Vescimonas.coprocola	Sex_Male1_Female2	Female	-0.378400721168187	0.205510019654262	146	53	0.0678432370336433	0.500790210208867
d__Bacteria.p__Bacteroidota.c__Bacteroidia.o__Bacteroidales.f__Tannerellaceae.g__Parabacteroides.s__Parabacteroides.merdae	Laxatives	Laxatives	0.208196775283768	0.113036710203715	146	79	0.0677585219578265	0.500790210208867
d__Bacteria.p__Bacillota_A.c__Clostridia.o__Lachnospirales.f__Lachnospiraceae.g__Blautia_A.s__Blautia_A.sp934424005	Group	PD	-0.616100407883885	0.3373250712582	146	122	0.0700624517251193	0.510455005425869
d__Bacteria.p__Bacillota_A.c__Clostridia.o__Lachnospirales.f__Lachnospiraceae.g__Lachnospira.s__Lachnospira.sp000437735	Sex_Male1_Female2	Female	0.315474307897347	0.172557105213737	146	39	0.0697899287316593	0.510455005425869
d__Bacteria.p__Bacillota_A.c__Clostridia.o__Christensenellales.f__CAG.138.g__SFEL01.s__SFEL01.sp004557245	Laxatives	Laxatives	-0.208232112876337	0.115572247950787	146	48	0.0738847514170134	0.515682124297231
d__Bacteria.p__Bacillota_A.c__Clostridia.o__Lachnospirales.f__Lachnospiraceae.g__Anaerostipes.s__Anaerostipes.amylophilus	Sex_Male1_Female2	Female	-0.471012296067443	0.261870437028785	146	41	0.0743771436508266	0.515682124297231
d__Bacteria.p__Bacillota_A.c__Clostridia.o__Lachnospirales.f__Lachnospiraceae.g__Roseburia.s__Roseburia.intestinalis	Sex_Male1_Female2	Female	-0.517496244635367	0.286884588454966	146	75	0.0735529859716143	0.515682124297231
d__Bacteria.p__Bacillota_A.c__Clostridia.o__Oscillospirales.f__Butyricicoccaceae.g__Agathobaculum.s__Agathobaculum.hominis	Group	PD	-0.382850254321315	0.212913861674343	146	42	0.0744567773049478	0.515682124297231
d__Bacteria.p__Bacillota_A.c__Clostridia.o__Oscillospirales.f__Oscillospiraceae.g__CAG.170.s__CAG.170.sp002404795	Laxatives	Laxatives	-0.16921631802852	0.0936195175233243	146	44	0.0729805428253416	0.515682124297231
d__Bacteria.p__Bacillota_A.c__Clostridia.o__Oscillospirales.f__Oscillospiraceae.g__Flavonifractor.s__Flavonifractor.plautii	Sex_Male1_Female2	Female	0.396240819247243	0.217872286371745	146	65	0.0712439006390305	0.515682124297231
d__Bacteria.p__Bacillota_A.c__Clostridia.o__Oscillospirales.f__Ruminococcaceae.g__Anaerotruncus.s__Anaerotruncus.rubiinfantis	Laxatives	Laxatives	-0.0839197734893597	0.0463745055479845	146	19	0.0726489315826466	0.515682124297231
d__Bacteria.p__Bacillota_A.c__Clostridia.o__Oscillospirales.f__Ruminococcaceae.g__Faecalibacterium.s__Faecalibacterium.prausnitzii_D	Group	PD	-0.560404874294856	0.309818478125777	146	107	0.0727728495043936	0.515682124297231
d__Bacteria.p__Bacillota_A.c__Clostridia.o__Oscillospirales.f__Oscillospiraceae.g__Hominicoprocola.s__Hominicoprocola.sp900317525	Sex_Male1_Female2	Female	-0.397049536370951	0.221558646787306	146	64	0.0754292917265494	0.517050989665082
d__Bacteria.p__Cyanobacteriota.c__Vampirovibrionia.o__Gastranaerophilales.f__Gastranaerophilaceae.g__CAG.196.s__CAG.196.sp002102975	Laxatives	Laxatives	0.11734936056906	0.0655157226894631	146	19	0.0755760804858052	0.517050989665082
d__Bacteria.p__Bacillota_A.c__Clostridia.o__Oscillospirales.f__Oscillospiraceae.g__Faecousia.s__Faecousia.sp958436045	Laxatives	Laxatives	0.110450690319147	0.0620476599382894	146	30	0.077378787722375	0.520682335348645
d__Bacteria.p__Bacillota_I.c__Bacilli_A.o__RF39.f__UBA660.g__CAG.302.s__CAG.302.sp934162325	Group	PD	0.35796681004512	0.20149525907487	146	21	0.0779631304265351	0.520682335348645
d__Bacteria.p__Bacteroidota.c__Bacteroidia.o__Bacteroidales.f__Bacteroidaceae.g__Phocaeicola.s__Phocaeicola.dorei	Sex_Male1_Female2	Female	-0.652116754518923	0.366568132915168	146	76	0.0775625031125082	0.520682335348645
d__Bacteria.p__Bacteroidota.c__Bacteroidia.o__Bacteroidales.f__Barnesiellaceae.g__Barnesiella.s__Barnesiella.intestinihominis	Group	PD	0.565732126682063	0.317991856567279	146	83	0.0775461754400894	0.520682335348645
d__Bacteria.p__Actinomycetota.c__Coriobacteriia.o__Coriobacteriales.f__Eggerthellaceae.g__Adlercreutzia.s__Adlercreutzia.equolifaciens	Group	PD	0.377877045096535	0.214188649352945	146	118	0.0800249162957058	0.52209966481071
d__Bacteria.p__Bacillota_A.c__Clostridia.o__Lachnospirales.f__Lachnospiraceae.g__Enterocloster.s__Enterocloster.sp000431375	Group	PD	-0.424617432749756	0.239958121188993	146	64	0.0791291913900984	0.52209966481071
d__Bacteria.p__Bacillota_A.c__Clostridia.o__Lachnospirales.f__Lachnospiraceae.g__Lachnospira.s__Lachnospira.pectinoschiza_A	Group	PD	-0.540064056003039	0.306131716833386	146	58	0.0800366687588611	0.52209966481071
d__Bacteria.p__Bacillota_I.c__Bacilli_A.o__Erysipelotrichales.f__Coprobacillaceae.g__Faecalibacillus.s__Faecalibacillus.faecis	Group	PD	0.294214877581136	0.166257452638408	146	30	0.0791147636094657	0.52209966481071
d__Bacteria.p__Bacillota_A.c__Clostridia.o__Oscillospirales.f__Ruminococcaceae.g__Faecalibacterium.s__Faecalibacterium.prausnitzii_E	Group	PD	-0.547062902776184	0.313781345203742	146	24	0.0836006747911068	0.542196283905329
d__Bacteria.p__Bacillota.c__Bacilli.o__Lactobacillales.f__Streptococcaceae.g__Streptococcus.s__Streptococcus.sp902463925	Group	PD	0.390944240019543	0.228411015404858	146	23	0.0893402250529006	0.557838609284808
d__Bacteria.p__Bacillota_A.c__Clostridia.o__Lachnospirales.f__Lachnospiraceae.g__Blautia_A.s__Blautia_A.luti	Laxatives	Laxatives	-0.131438049396244	0.0768303003921795	146	37	0.0894928250189532	0.557838609284808
d__Bacteria.p__Bacillota_A.c__Clostridia.o__Lachnospirales.f__Lachnospiraceae.g__Frisingicoccus.s__Frisingicoccus.sp900757195	Laxatives	Laxatives	-0.130293608378113	0.0757221272104961	146	17	0.0876698343577053	0.557838609284808
d__Bacteria.p__Bacillota_A.c__Clostridia.o__Oscillospirales.f__Oscillospiraceae.g__Pseudoflavonifractor.s__Pseudoflavonifractor.faecis	Group	PD	0.140266410085393	0.081267182583937	146	17	0.0867068024876782	0.557838609284808
d__Bacteria.p__Bacillota_A.c__Clostridia.o__Peptostreptococcales.f__Peptostreptococcaceae.g__Romboutsia.s__Romboutsia.timonensis	Laxatives	Laxatives	0.202539448591033	0.118257834161673	146	80	0.0891347935127873	0.557838609284808
d__Bacteria.p__Bacillota_I.c__Bacilli_A.o__Erysipelotrichales.f__Coprobacillaceae.g__Thomasclavelia.s__Thomasclavelia.spiroformis	Group	PD	0.232495790789677	0.135352610663407	146	21	0.0882134157904504	0.557838609284808
d__Bacteria.p__Bacteroidota.c__Bacteroidia.o__Bacteroidales.f__Tannerellaceae.g__Parabacteroides.s__Parabacteroides.merdae	Group	PD	0.414411533120931	0.241909774555029	146	79	0.0890629233601494	0.557838609284808
d__Bacteria.p__Bacillota_A.c__Clostridia.o__Lachnospirales.f__Lachnospiraceae.g__CAJJNI01.s__CAJJNI01.sp905193085	Group	PD	-0.158468244409764	0.0932781040896301	146	16	0.0917156156377515	0.560487111919125
d__Bacteria.p__Bacillota_A.c__Clostridia.o__Lachnospirales.f__Lachnospiraceae.g__Coprococcus.s__Coprococcus.aceti	Laxatives	Laxatives	-0.317415457786262	0.186975184494507	146	42	0.0919511999520786	0.560487111919125
d__Bacteria.p__Bacillota_A.c__Clostridia.o__Oscillospirales.f__Oscillospiraceae.g__Intestinimonas.s__Intestinimonas.butyriciproducens	Group	PD	0.211474021629682	0.124646518836015	146	21	0.092149149260406	0.560487111919125
d__Bacteria.p__Bacillota_A.c__Clostridia.o__Oscillospirales.f__Oscillospiraceae.g__Intestinimonas.s__Intestinimonas.butyriciproducens	Laxatives	Laxatives	-0.0988474815834257	0.0582433366054973	146	21	0.0920435719089411	0.560487111919125
d__Bacteria.p__Bacillota_I.c__Bacilli_A.o__Erysipelotrichales.f__Erysipelotrichaceae.g__Holdemanella.s__Holdemanella.porci	Sex_Male1_Female2	Female	-0.277398599110239	0.163638842965876	146	17	0.0924154328921908	0.560487111919125
d__Bacteria.p__Bacillota_A.c__Clostridia.o__Lachnospirales.f__Lachnospiraceae.g__Mediterraneibacter.s__Mediterraneibacter.sp900541505	Sex_Male1_Female2	Female	0.196622500951823	0.116363982834961	146	22	0.09346010739013	0.563775486514655
d__Bacteria.p__Bacillota_A.c__Clostridia.o__Lachnospirales.f__Lachnospiraceae.g__Hungatella.s__Hungatella.effluvii	Group	PD	0.279477636773706	0.166552826459745	146	16	0.095728941558124	0.571318470362846
d__Bacteria.p__Bacillota_A.c__Clostridia.o__Oscillospirales.f__Ruminococcaceae.g__Anaerotruncus.s__Anaerotruncus.rubiinfantis	Sex_Male1_Female2	Female	-0.153887958683553	0.0916777386567362	146	19	0.095618823106754	0.571318470362846
d__Bacteria.p__Bacillota_A.c__Clostridia.o__Lachnospirales.f__Lachnospiraceae.g__Mediterraneibacter.s__Mediterraneibacter.torques	Group	PD	0.540018081993433	0.324789243729356	146	113	0.0987689149855775	0.57780799770862
d__Bacteria.p__Bacillota_A.c__Clostridia.o__Monoglobales.f__Monoglobaceae.g__Monoglobus.s__Monoglobus.pectinilyticus	Laxatives	Laxatives	0.190505187834418	0.114529887994669	146	62	0.0986296622856335	0.57780799770862
d__Bacteria.p__Bacillota_A.c__Clostridia.o__Peptostreptococcales.f__Anaerovoracaceae.g__Lentihominibacter.s__Lentihominibacter.excrementipullorum	Group	PD	0.251227604689001	0.150636715570977	146	30	0.0977498578907103	0.57780799770862
d__Bacteria.p__Bacillota_I.c__Bacilli_A.o__Erysipelotrichales.f__Erysipelotrichaceae.g__Longicatena.s__Longicatena.caecimuris	Group	PD	0.297380203629977	0.178914290963906	146	28	0.0988762349020098	0.57780799770862
d__Bacteria.p__Bacillota_A.c__Clostridia.o__Oscillospirales.f__Acutalibacteraceae.g__UMGS1071.s__UMGS1071.sp900542375	Sex_Male1_Female2	Female	0.320251243206701	0.193107792809538	146	61	0.099627991399379	0.579184488860638
d__Bacteria.p__Bacillota_I.c__Bacilli_A.o__Erysipelotrichales.f__Coprobacillaceae.g__Faecalibacillus.s__Faecalibacillus.intestinalis	Group	PD	-0.418218393709838	0.252704150085902	146	87	0.100323990800904	0.580224317931002
d__Bacteria.p__Bacillota_A.c__Clostridia.o__Oscillospirales.f__Oscillospiraceae.g__Lawsonibacter.s__Lawsonibacter.sp900066825	Group	PD	0.205972644438505	0.125398710010185	146	16	0.102876047026103	0.585881985229567
d__Bacteria.p__Bacillota_A.c__Clostridia.o__Oscillospirales.f__Ruminococcaceae.g__Zongyangia.s__Zongyangia.gallinarum	Sex_Male1_Female2	Female	-0.21601961694899	0.131441147170073	146	23	0.102683674658321	0.585881985229567
d__Bacteria.p__Bacillota_A.c__Clostridia.o__Peptostreptococcales.f__Peptostreptococcaceae.g__Intestinibacter.s__Intestinibacter.sp900540355	Sex_Male1_Female2	Female	-0.206602809353299	0.125972390258355	146	18	0.103390938569924	0.585881985229567
d__Bacteria.p__Bacillota_A.c__Clostridia.o__UBA1381.f__UBA1381.g__Hominilimicola.s__Hominilimicola.fabiformis	Sex_Male1_Female2	Female	-0.342581185719369	0.208334734130838	146	116	0.102495711188347	0.585881985229567
d__Bacteria.p__Actinomycetota.c__Coriobacteriia.o__Coriobacteriales.f__Eggerthellaceae.g__Gordonibacter.s__Gordonibacter.urolithinfaciens	Sex_Male1_Female2	Female	0.210565527108962	0.130211969578569	146	20	0.108262636619433	0.607353391435018
d__Bacteria.p__Bacteroidota.c__Bacteroidia.o__Bacteroidales.f__Rikenellaceae.g__Alistipes_A.s__Alistipes_A.ihumii	Laxatives	Laxatives	0.141402902104076	0.0874034075561163	146	51	0.108106945832695	0.607353391435018
d__Bacteria.p__Bacillota_A.c__Clostridia.o__Christensenellales.f__Aristaeellaceae.g__Pullichristensenella.s__Pullichristensenella.stercoripullorum	Sex_Male1_Female2	Female	-0.263671354877652	0.16417340432189	146	49	0.110669929830046	0.609560910120332
d__Bacteria.p__Bacillota_A.c__Clostridia.o__Lachnospirales.f__Lachnospiraceae.g__Acetatifactor.s__Acetatifactor.intestinalis	Laxatives	Laxatives	-0.212825777587431	0.132236863766825	146	50	0.109929893033402	0.609560910120332
d__Bacteria.p__Bacillota_A.c__Clostridia.o__TANB77.f__CAG.508.g__CAG.269.s__CAG.269.sp000431335	Group	PD	-0.239449393587497	0.149158998074863	146	18	0.110829256385515	0.609560910120332
d__Bacteria.p__Bacillota_A.c__Clostridia.o__TANB77.f__CAG.508.g__Merdicola.s__Merdicola.sp018371855	Group	PD	0.361055770834432	0.224081872757958	146	17	0.109528329087113	0.609560910120332
d__Bacteria.p__Bacillota_A.c__Clostridia.o__Lachnospirales.f__Lachnospiraceae.g__Blautia_A.s__Blautia_A.sp934394595	Sex_Male1_Female2	Female	-0.258065036197303	0.161464880640167	146	53	0.112391394033406	0.615137288319424
d__Bacteria.p__Bacillota_A.c__Clostridia.o__Oscillospirales.f__Oscillospiraceae.g__CAG.170.s__CAG.170.sp000432135	Laxatives	Laxatives	-0.201305073092345	0.126367452729588	146	68	0.11356720213465	0.618555343665426
d__Bacteria.p__Bacillota_A.c__Clostridia.o__Oscillospirales.f__Ruminococcaceae.g__Faecalibacterium.s__Faecalibacterium.prausnitzii_D	Laxatives	Laxatives	0.229634554950422	0.144768278140382	146	107	0.115100012009536	0.62087602632067
d__Bacteria.p__Pseudomonadota.c__Gammaproteobacteria.o__Burkholderiales.f__Burkholderiaceae.g__Sutterella.s__Sutterella.wadsworthensis	Group	PD	0.186577994459402	0.117573354280949	146	15	0.114944538578546	0.62087602632067
d__Bacteria.p__Bacillota_A.c__Clostridia.o__Oscillospirales.f__Oscillospiraceae.g__Pseudoflavonifractor.s__Pseudoflavonifractor.faecis	Laxatives	Laxatives	-0.0600929938642931	0.0379735584629022	146	17	0.115947789540448	0.622456554375037
d__Bacteria.p__Actinomycetota.c__Actinomycetes.o__Actinomycetales.f__Bifidobacteriaceae.g__Bifidobacterium.s__Bifidobacterium.animalis_B	Group	PD	0.388940716811482	0.252345834325303	146	27	0.125655867227544	0.622848303691984
d__Bacteria.p__Bacillota.c__Bacilli.o__Lactobacillales.f__Streptococcaceae.g__Streptococcus.s__Streptococcus.sp001556435	Group	PD	0.456649542060475	0.299656938074221	146	113	0.129942236067991	0.622848303691984
d__Bacteria.p__Bacillota_A.c__Clostridia.o__Christensenellales.f__Aristaeellaceae.g__Egerieenecus.s__Egerieenecus.merdigallinarum	Group	PD	0.322647248780234	0.206241870881062	146	37	0.120133377297606	0.622848303691984
d__Bacteria.p__Bacillota_A.c__Clostridia.o__Lachnospirales.f__Lachnospiraceae.g__AF33.28.s__AF33.28.sp003477885	Laxatives	Laxatives	-0.0758875352915014	0.0489219000374351	146	16	0.123266902800721	0.622848303691984
d__Bacteria.p__Bacillota_A.c__Clostridia.o__Lachnospirales.f__Lachnospiraceae.g__Blautia.s__Blautia.celeris	Laxatives	Laxatives	0.107471629657328	0.0709094112808679	146	25	0.132025066658858	0.622848303691984
d__Bacteria.p__Bacillota_A.c__Clostridia.o__Lachnospirales.f__Lachnospiraceae.g__Faecalimonas.s__Faecalimonas.sp029983955	Sex_Male1_Female2	Female	0.275682297271178	0.180203581604169	146	25	0.128468011393006	0.622848303691984
d__Bacteria.p__Bacillota_A.c__Clostridia.o__Lachnospirales.f__Lachnospiraceae.g__Lachnospira.s__Lachnospira.sp000437735	Group	PD	-0.29055704396129	0.186802271800635	146	39	0.122257361977941	0.622848303691984
d__Bacteria.p__Bacillota_A.c__Clostridia.o__Lachnospirales.f__Lachnospiraceae.g__Mediterraneibacter.s__Mediterraneibacter.torques	Laxatives	Laxatives	0.235030381242851	0.151763638688223	146	113	0.123875811575714	0.622848303691984
d__Bacteria.p__Bacillota_A.c__Clostridia.o__Lachnospirales.f__Lachnospiraceae.g__Roseburia.s__Roseburia.inulinivorans	Sex_Male1_Female2	Female	-0.342624162785765	0.222792976084763	146	78	0.126495039267437	0.622848303691984
d__Bacteria.p__Bacillota_A.c__Clostridia.o__Lachnospirales.f__Lachnospiraceae.g__Roseburia_D.s__Roseburia_D.yibonii	Sex_Male1_Female2	Female	-0.228842043887224	0.148737431068206	146	20	0.126322768937975	0.622848303691984
d__Bacteria.p__Bacillota_A.c__Clostridia.o__Lachnospirales.f__Lachnospiraceae.g__Schaedlerella.s__Schaedlerella.glycyrrhizinilytica_A	Group	PD	0.27716287915253	0.182037366771862	146	42	0.130279042070634	0.622848303691984
d__Bacteria.p__Bacillota_A.c__Clostridia.o__Lachnospirales.f__Lachnospiraceae.g__Ventrisoma.s__Ventrisoma.faecale	Group	PD	0.224795880384677	0.148737504321878	146	20	0.13310535165273	0.622848303691984
d__Bacteria.p__Bacillota_A.c__Clostridia.o__Oscillospirales.f__Acutalibacteraceae.g__CAG.177.s__CAG.177.sp003514385	Laxatives	Laxatives	-0.18972607164627	0.124068635182156	146	30	0.128625365817978	0.622848303691984
d__Bacteria.p__Bacillota_A.c__Clostridia.o__Oscillospirales.f__Acutalibacteraceae.g__Ruminococcus_E.s__Ruminococcus_E.bromii	Laxatives	Laxatives	-0.377162635955308	0.244012648515203	146	92	0.124597065181754	0.622848303691984
d__Bacteria.p__Bacillota_A.c__Clostridia.o__Oscillospirales.f__CAG.382.g__Woodwardibium.s__Woodwardibium.sp900760275	Laxatives	Laxatives	-0.0894816627187388	0.058403510738375	146	25	0.127902242149046	0.622848303691984
d__Bacteria.p__Bacillota_A.c__Clostridia.o__Oscillospirales.f__Oscillospiraceae.g__CAG.103.s__CAG.103.sp000432375	Sex_Male1_Female2	Female	-0.554528783892921	0.352274273201672	146	44	0.117867291557612	0.622848303691984
d__Bacteria.p__Bacillota_A.c__Clostridia.o__Oscillospirales.f__Oscillospiraceae.g__CAG.170.s__CAG.170.sp003516765	Laxatives	Laxatives	-0.105094218677761	0.0692405992655107	146	32	0.131471395889542	0.622848303691984
d__Bacteria.p__Bacillota_A.c__Clostridia.o__Oscillospirales.f__Oscillospiraceae.g__Dysosmobacter.s__Dysosmobacter.welbionis	Laxatives	Laxatives	0.151655470775449	0.100376138724738	146	99	0.13322958367743	0.622848303691984
d__Bacteria.p__Bacillota_A.c__Clostridia.o__Oscillospirales.f__Oscillospiraceae.g__F23.B02.s__F23.B02.sp001916715	Sex_Male1_Female2	Female	-0.474318386170301	0.308326191439931	146	36	0.126371224675307	0.622848303691984
d__Bacteria.p__Bacillota_A.c__Clostridia.o__Oscillospirales.f__Oscillospiraceae.g__F23.B02.s__F23.B02.sp001916715	Laxatives	Laxatives	-0.242156563061394	0.155964521867811	146	36	0.122922058836906	0.622848303691984
d__Bacteria.p__Bacillota_A.c__Clostridia.o__Oscillospirales.f__Oscillospiraceae.g__Vescimonas.s__Vescimonas.coprocola	Laxatives	Laxatives	0.161093705783963	0.103955722362516	146	53	0.123641033329877	0.622848303691984
d__Bacteria.p__Bacillota_A.c__Clostridia.o__Oscillospirales.f__Ruminococcaceae.g__Faecalibacterium.s__Faecalibacterium.prausnitzii_I	Sex_Male1_Female2	Female	-0.317907974084928	0.20798538883017	146	63	0.128796738608782	0.622848303691984
d__Bacteria.p__Bacillota_A.c__Clostridia.o__Oscillospirales.f__Ruminococcaceae.g__Harryflintia.s__Harryflintia.acetispora	Laxatives	Laxatives	-0.0665665169166549	0.0428725156258694	146	18	0.12291655580843	0.622848303691984
d__Bacteria.p__Bacillota_A.c__Clostridia.o__Oscillospirales.f__Ruminococcaceae.g__Porcipelethomonas.s__Porcipelethomonas.sp900538575	Group	PD	-0.431006456429298	0.283402385228702	146	22	0.130712920132891	0.622848303691984
d__Bacteria.p__Bacillota_A.c__Clostridia.o__Oscillospirales.f__Ruminococcaceae.g__Ruthenibacterium.s__Ruthenibacterium.lactatiformans	Sex_Male1_Female2	Female	0.339294369613345	0.224138563178117	146	111	0.132492990778884	0.622848303691984
d__Bacteria.p__Bacillota_A.c__Clostridia.o__Oscillospirales.f__Ruminococcaceae.g__Ruthenibacterium.s__Ruthenibacterium.merdipullorum	Sex_Male1_Female2	Female	0.23017675442509	0.148919448911704	146	16	0.124602466526058	0.622848303691984
d__Bacteria.p__Bacillota_A.c__Clostridia.o__TANB77.f__CAG.508.g__CAG.245.s__CAG.245.sp000435175	Laxatives	Laxatives	-0.11219688251691	0.0710975467880317	146	30	0.116961353347063	0.622848303691984
d__Bacteria.p__Bacillota_I.c__Bacilli_A.o__Erysipelotrichales.f__Erysipelotrichaceae.g__Merdibacter.s__Merdibacter.merdipullorum	Sex_Male1_Female2	Female	0.18393828574724	0.119485435118998	146	18	0.12611379449641	0.622848303691984
d__Bacteria.p__Bacillota_I.c__Bacilli_A.o__RF39.f__UBA660.g__CAG.302.s__CAG.302.sp934162325	Laxatives	Laxatives	-0.143565051084634	0.0941522981010735	146	21	0.129715284373717	0.622848303691984
d__Bacteria.p__Desulfobacterota.c__Desulfovibrionia.o__Desulfovibrionales.f__Desulfovibrionaceae.g__Desulfovibrio.s__Desulfovibrio.sp018379785	Laxatives	Laxatives	-0.0983109931489777	0.0640559848405963	146	23	0.127252814074584	0.622848303691984
d__Bacteria.p__Verrucomicrobiota.c__Verrucomicrobiae.o__Verrucomicrobiales.f__Akkermansiaceae.g__Akkermansia.s__Akkermansia.muciniphila	Group	PD	0.759838822869421	0.486248561127315	146	54	0.120546295674036	0.622848303691984
d__Bacteria.p__Bacteroidota.c__Bacteroidia.o__Bacteroidales.f__Bacteroidaceae.g__Bacteroides.s__Bacteroides.fragilis	Laxatives	Laxatives	0.222815353067223	0.147707419942622	146	69	0.133836844771649	0.623091036654729
d__Bacteria.p__Bacillota.c__Bacilli.o__Lactobacillales.f__Streptococcaceae.g__Lactococcus.s__Lactococcus.lactis	Laxatives	Laxatives	-0.150693073997754	0.100179880948756	146	42	0.134930612067884	0.624566633833457
d__Bacteria.p__Bacillota_A.c__Clostridia.o__Christensenellales.f__Aristaeellaceae.g__UBA11524.s__UBA11524.sp000437595	Laxatives	Laxatives	-0.280198925457492	0.186850276561124	146	56	0.13612661430481	0.624566633833457
d__Bacteria.p__Bacillota_A.c__Clostridia.o__TANB77.f__CAG.508.g__CAG.269.s__CAG.269.sp000437215	Sex_Male1_Female2	Female	-0.152943600449168	0.102038759838511	146	16	0.136311393468675	0.624566633833457
d__Bacteria.p__Bacillota_G.c__DTU025.o__DTUO25.f__HGM14224.g__HGM14224.s__HGM14224.sp900761905	Laxatives	Laxatives	-0.0758982318099319	0.0506457089432949	146	19	0.136380414696254	0.624566633833457
d__Bacteria.p__Bacillota_A.c__Clostridia.o__Oscillospirales.f__Ruminococcaceae.g__Negativibacillus.s__Negativibacillus.sp000435195	Sex_Male1_Female2	Female	-0.317310795421766	0.212329202528422	146	49	0.137468591189034	0.626990891520715
d__Bacteria.p__Bacillota_A.c__Clostridia.o__Lachnospirales.f__Lachnospiraceae.g__Blautia_A.s__Blautia_A.ammoniilytica	Sex_Male1_Female2	Female	0.264834367800518	0.178603355864079	146	56	0.140527370487159	0.636015641614035
d__Bacteria.p__Bacillota_A.c__Clostridia.o__Lachnospirales.f__Lachnospiraceae.g__Coprococcus_A.s__Coprococcus_A.catus_A	Group	PD	-0.366225967651475	0.247340206777152	146	93	0.141099166817187	0.636015641614035
d__Bacteria.p__Bacteroidota.c__Bacteroidia.o__Bacteroidales.f__Bacteroidaceae.g__Phocaeicola.s__Phocaeicola.dorei	Laxatives	Laxatives	0.27451804684108	0.185425776886129	146	76	0.141147856294024	0.636015641614035
d__Bacteria.p__Bacillota_A.c__Clostridia.o__Oscillospirales.f__Oscillospiraceae.g__Enterenecus.s__Enterenecus.sp900549885	Group	PD	0.223364217341564	0.15121009998612	146	34	0.142028005496046	0.637421688666254
d__Bacteria.p__Bacteroidota.c__Bacteroidia.o__Bacteroidales.f__Bacteroidaceae.g__Bacteroides.s__Bacteroides.cellulosilyticus	Sex_Male1_Female2	Female	-0.483386758778803	0.328648924787513	146	70	0.143735006856636	0.642512660132056
d__Bacteria.p__Bacillota_A.c__Clostridia.o__Oscillospirales.f__Ruminococcaceae.g__Faecalibacterium.s__Faecalibacterium.sp900539945	Sex_Male1_Female2	Female	-0.386693090824943	0.26500353190598	146	80	0.146903852035056	0.654071912632274
d__Bacteria.p__Bacillota_A.c__Clostridia.o__Peptostreptococcales.f__Peptostreptococcaceae.g__Romboutsia.s__Romboutsia.timonensis	Group	PD	0.367943283517647	0.253083497828797	146	80	0.148381847161672	0.658041235238718
d__Bacteria.p__Bacillota_A.c__Clostridia.o__Lachnospirales.f__Lachnospiraceae.g__Blautia_A.s__Blautia_A.caecimuris	Laxatives	Laxatives	0.205088038889491	0.141496183591753	146	36	0.149608800982372	0.658278724322439
d__Bacteria.p__Bacillota_A.c__Clostridia.o__Lachnospirales.f__Lachnospiraceae.g__Scatomonas.s__Scatomonas.hejianensis	Sex_Male1_Female2	Female	0.188511558643533	0.129952478565968	146	26	0.149276174207273	0.658278724322439
d__Bacteria.p__Bacillota_A.c__Clostridia.o__Lachnospirales.f__Lachnospiraceae.g__Roseburia_D.s__Roseburia_D.yibonii	Group	PD	-0.232933988209598	0.161016203829544	146	20	0.150383692803507	0.659103528615371
d__Bacteria.p__Actinomycetota.c__Actinomycetes.o__Actinomycetales.f__Bifidobacteriaceae.g__Bifidobacterium.s__Bifidobacterium.bifidum	Sex_Male1_Female2	Female	-0.401158124372731	0.280334005035748	146	25	0.154811256429163	0.660449542636963
d__Bacteria.p__Actinomycetota.c__Coriobacteriia.o__Coriobacteriales.f__Eggerthellaceae.g__Gordonibacter.s__Gordonibacter.pamelaeae	Group	PD	0.199440705818352	0.139186890467258	146	34	0.154268955215185	0.660449542636963
d__Bacteria.p__Bacillota_A.c__Clostridia.o__Lachnospirales.f__Lachnospiraceae.g__Hominiventricola.s__Hominiventricola.filiformis	Group	PD	-0.228426624014566	0.159050071401841	146	41	0.153331133615025	0.660449542636963
d__Bacteria.p__Bacillota_A.c__Clostridia.o__Lachnospirales.f__Lachnospiraceae.g__Roseburia.s__Roseburia.inulinivorans	Laxatives	Laxatives	0.162151212280713	0.11269817795332	146	78	0.152589482938055	0.660449542636963
d__Bacteria.p__Bacillota_A.c__Clostridia.o__Oscillospirales.f__Oscillospiraceae.g__CAG.170.s__CAG.170.sp900545925	Laxatives	Laxatives	-0.090894407548398	0.0634705675896649	146	26	0.15450502564893	0.660449542636963
d__Bacteria.p__Bacillota_A.c__Clostridia.o__Oscillospirales.f__Oscillospiraceae.g__Hominicoprocola.s__Hominicoprocola.sp934835795	Group	PD	-0.391116601301913	0.272180022664411	146	89	0.153108474730714	0.660449542636963
d__Bacteria.p__Bacillota_A.c__Clostridia.o__Peptostreptococcales.f__Anaerovoracaceae.g__UMGS973.s__UMGS973.sp900547295	Laxatives	Laxatives	-0.0963890550049276	0.0670365561682113	146	23	0.152858860899546	0.660449542636963
d__Bacteria.p__Bacillota_A.c__Clostridia.o__Lachnospirales.f__Lachnospiraceae.g__Scatomonas.s__Scatomonas.hejianensis	Group	PD	0.200856734658158	0.140680490624697	146	26	0.155743057867921	0.661907995938665
d__Bacteria.p__Bacillota_A.c__Clostridia.o__Lachnospirales.f__Lachnospiraceae.g__Eubacterium_F.s__Eubacterium_F.sp000433735	Group	PD	-0.251195877566646	0.176878504373616	146	32	0.157936504466986	0.668697200045124
d__Bacteria.p__Bacillota_A.c__Clostridia.o__Oscillospirales.f__Ruminococcaceae.g__Porcipelethomonas.s__Porcipelethomonas.sp900538575	Sex_Male1_Female2	Female	-0.370481687364924	0.26179068773813	146	22	0.159387714644351	0.670558696071529
d__Bacteria.p__Bacteroidota.c__Bacteroidia.o__Bacteroidales.f__Rikenellaceae.g__Alistipes.s__Alistipes.onderdonkii	Sex_Male1_Female2	Female	0.440858449773031	0.311658738632319	146	106	0.159571454412744	0.670558696071529
d__Bacteria.p__Bacillota_A.c__Clostridia.o__Lachnospirales.f__Lachnospiraceae.g__Blautia_A.s__Blautia_A.hydrogenotrophica	Laxatives	Laxatives	0.121360778285105	0.0867012084642634	146	29	0.163949257477264	0.677704209481032
d__Bacteria.p__Bacillota_A.c__Clostridia.o__Lachnospirales.f__Lachnospiraceae.g__Faecalimonas.s__Faecalimonas.sp029983955	Laxatives	Laxatives	0.127531860457241	0.0911546479801306	146	25	0.164154840581574	0.677704209481032
d__Bacteria.p__Bacillota_A.c__Clostridia.o__Oscillospirales.f__Acutalibacteraceae.g__UMGS1623.s__UMGS1623.sp934647945	Sex_Male1_Female2	Female	0.18733671999663	0.133539991077418	146	36	0.163026850580039	0.677704209481032
d__Bacteria.p__Bacillota_A.c__Clostridia.o__Oscillospirales.f__Oscillospiraceae.g__Faecousia.s__Faecousia.sp000435995	Sex_Male1_Female2	Female	0.313275830580896	0.222714475538515	146	50	0.161906378124022	0.677704209481032
d__Bacteria.p__Bacillota_A.c__Clostridia.o__Oscillospirales.f__Oscillospiraceae.g__Vescimonas.s__Vescimonas.cirricatena	Group	PD	0.371780160030562	0.26620396954316	146	38	0.164895944018112	0.677704209481032
d__Bacteria.p__Bacillota_A.c__Clostridia.o__Oscillospirales.f__Oscillospiraceae.g__Vescimonas.s__Vescimonas.sp900552475	Group	PD	-0.167551938868018	0.119833263833193	146	18	0.164413063676151	0.677704209481032
d__Bacteria.p__Bacillota_A.c__Clostridia.o__Christensenellales.f__Aristaeellaceae.g__Alectryocaccomicrobium.s__Alectryocaccomicrobium.faecavium	Laxatives	Laxatives	-0.095032391143826	0.0684000796449616	146	23	0.167080076656653	0.678002722068723
d__Bacteria.p__Bacillota_A.c__Clostridia.o__Lachnospirales.f__Lachnospiraceae.g__Blautia_A.s__Blautia_A.caecimuris	Group	PD	0.420415555747662	0.302815871157166	146	36	0.167385698763847	0.678002722068723
d__Bacteria.p__Bacillota_A.c__Clostridia.o__Oscillospirales.f__UBA644.g__UBA644.s__UBA644.sp900547165	Laxatives	Laxatives	-0.0751690791654755	0.0539441307996284	146	15	0.165839927408831	0.678002722068723
d__Bacteria.p__Bacteroidota.c__Bacteroidia.o__Bacteroidales.f__Bacteroidaceae.g__Phocaeicola.s__Phocaeicola.vulgatus	Sex_Male1_Female2	Female	0.461353016566386	0.331927581235013	146	114	0.166910349019623	0.678002722068723
d__Bacteria.p__Bacillota_A.c__Clostridia.o__Lachnospirales.f__Lachnospiraceae.g__Hominiventricola.s__Hominiventricola.filiformis	Laxatives	Laxatives	-0.102804413521232	0.0743190177494891	146	41	0.16893029483331	0.678320440461009
d__Bacteria.p__Bacillota_A.c__Clostridia.o__Oscillospirales.f__Oscillospiraceae.g__CAG.170.s__CAG.170.sp900553545	Laxatives	Laxatives	-0.07425301178037	0.0539141025623211	146	17	0.170784752056471	0.678320440461009
d__Bacteria.p__Bacillota_A.c__Clostridia.o__Oscillospirales.f__Oscillospiraceae.g__UBA738.s__UBA738.sp003522945	Sex_Male1_Female2	Female	-0.250108606821188	0.180828905827544	146	41	0.168979990579661	0.678320440461009
d__Bacteria.p__Bacillota_A.c__Clostridia.o__Oscillospirales.f__Ruminococcaceae.g__Faecalibacterium.s__Faecalibacterium.duncaniae	Laxatives	Laxatives	0.22098240853902	0.160796680340182	146	105	0.17169608296874	0.678320440461009
d__Bacteria.p__Bacillota_A.c__Clostridia.o__TANB77.f__CAG.508.g__CAG.273.s__CAG.273.sp003534295	Laxatives	Laxatives	-0.148889785081755	0.108233146798253	146	19	0.171280864866642	0.678320440461009
d__Bacteria.p__Bacteroidota.c__Bacteroidia.o__Bacteroidales.f__Bacteroidaceae.g__Paraprevotella.s__Paraprevotella.clara	Sex_Male1_Female2	Female	-0.200898266193882	0.14579134107376	146	19	0.17055719115848	0.678320440461009
d__Bacteria.p__Pseudomonadota.c__Gammaproteobacteria.o__Burkholderiales.f__Burkholderiaceae.g__Sutterella.s__Sutterella.wadsworthensis_A	Laxatives	Laxatives	-0.0904204449412456	0.0657929954406902	146	19	0.171689855908259	0.678320440461009
d__Bacteria.p__Bacillota_A.c__Clostridia.o__Lachnospirales.f__Lachnospiraceae.g__Enterocloster.s__Enterocloster.sp000431375	Laxatives	Laxatives	0.153592534317252	0.112124764928414	146	64	0.173081476849253	0.68139444570127
d__Bacteria.p__Bacillota_A.c__Clostridia.o__Christensenellales.f__Aristaeellaceae.g__Pullichristensenella.s__Pullichristensenella.sp946496415	Group	PD	0.195665655725403	0.143246056806331	146	33	0.174297957524633	0.68160480729834
d__Bacteria.p__Bacillota_A.c__Clostridia.o__Lachnospirales.f__Lachnospiraceae.g__Anaerobutyricum.s__Anaerobutyricum.hallii	Group	PD	-0.422999020391973	0.309713519396056	146	113	0.174349892775957	0.68160480729834
d__Bacteria.p__Bacillota_A.c__Clostridia.o__Lachnospirales.f__CAG.274.g__CAG.274.s__CAG.274.sp900545305	Sex_Male1_Female2	Female	-0.137719863334759	0.101080747604094	146	17	0.175386259723534	0.683275636839603
d__Bacteria.p__Bacillota_A.c__Clostridia.o__Oscillospirales.f__Acutalibacteraceae.g__Eubacterium_R.s__Eubacterium_R.sp000434995	Laxatives	Laxatives	-0.122864035357206	0.0903774231058527	146	25	0.176337971857579	0.684606243682367
d__Bacteria.p__Bacillota_A.c__Clostridia.o__Lachnospirales.f__Lachnospiraceae.g__Blautia_A.s__Blautia_A.ammoniilytica	Group	PD	0.261462603268652	0.193347660679063	146	56	0.17861158698001	0.69088262767137
d__Bacteria.p__Bacillota_A.c__Clostridia.o__Lachnospirales.f__Lachnospiraceae.g__Enterocloster.s__Enterocloster.sp900541315	Sex_Male1_Female2	Female	-0.211298478138566	0.156460198888362	146	35	0.179186136053805	0.69088262767137
d__Bacteria.p__Bacillota_A.c__Clostridia.o__Oscillospirales.f__Ruminococcaceae.g__Angelakisella.s__Angelakisella.sp900547385	Laxatives	Laxatives	-0.113706755496516	0.0843801438597024	146	40	0.180128037673197	0.692135815990848
d__Bacteria.p__Bacillota_A.c__Clostridia.o__Oscillospirales.f__Oscillospiraceae.g__Onthomonas.s__Onthomonas.sp003150485	Laxatives	Laxatives	-0.121271135384224	0.0902788843183376	146	32	0.18149906754878	0.695023733070754
d__Bacteria.p__Bacteroidota.c__Bacteroidia.o__Bacteroidales.f__Bacteroidaceae.g__Bacteroides.s__Bacteroides.fragilis	Group	PD	0.423441208366396	0.316108533183854	146	69	0.182713014075238	0.697292523103461
d__Bacteria.p__Bacillota_A.c__Clostridia.o__Lachnospirales.f__Lachnospiraceae.g__Lachnospira.s__Lachnospira.pectinoschiza_A	Sex_Male1_Female2	Female	-0.3779293186562	0.282786726101803	146	58	0.183720024468155	0.69875887272295
d__Bacteria.p__Bacillota_A.c__Clostridia.o__Lachnospirales.f__Lachnospiraceae.g__Oliverpabstia.s__Oliverpabstia.intestinalis	Group	PD	-0.413813257034363	0.310365576881035	146	97	0.184744287099622	0.700280709884379
d__Bacteria.p__Bacteroidota.c__Bacteroidia.o__Bacteroidales.f__Bacteroidaceae.g__Bacteroides.s__Bacteroides.clarus	Group	PD	0.280683500725546	0.211084403464608	146	23	0.185920744937039	0.702367258651037
d__Bacteria.p__Bacillota_A.c__Clostridia.o__Lachnospirales.f__Lachnospiraceae.g__Eubacterium_G.s__Eubacterium_G.segne	Sex_Male1_Female2	Female	-0.154910416167816	0.116984409380456	146	27	0.187743373524309	0.70687270165864
d__Bacteria.p__Bacillota_A.c__Clostridia.o__Christensenellales.f__CAG.138.g__UBA1685.s__UBA1685.sp002320595	Sex_Male1_Female2	Female	-0.206678676083627	0.156529539233601	146	19	0.189010031553476	0.706897518009999
d__Bacteria.p__Bacteroidota.c__Bacteroidia.o__Bacteroidales.f__Bacteroidaceae.g__Bacteroides.s__Bacteroides.eggerthii	Laxatives	Laxatives	0.173471439376954	0.131259989831479	146	27	0.188609255206939	0.706897518009999
d__Bacteria.p__Bacillota_A.c__Clostridia.o__Christensenellales.f__CAG.138.g__Phil1.s__Phil1.sp001940855	Laxatives	Laxatives	-0.127317311955836	0.096579861238372	146	21	0.189717140490325	0.707184822691509
d__Bacteria.p__Bacillota_A.c__Clostridia.o__Lachnospirales.f__Lachnospiraceae.g__Blautia_A.s__Blautia_A.hydrogenotrophica	Group	PD	0.243603478659397	0.185549188006616	146	29	0.191519263006234	0.707607633887278
d__Bacteria.p__Bacillota_A.c__Clostridia.o__Lachnospirales.f__Lachnospiraceae.g__Eisenbergiella.s__Eisenbergiella.porci	Group	PD	0.150751373602462	0.114878017481416	146	19	0.19172256747035	0.707607633887278
d__Bacteria.p__Bacillota_A.c__Clostridia.o__Oscillospirales.f__Oscillospiraceae.g__Hominicoprocola.s__Hominicoprocola.sp934835795	Laxatives	Laxatives	0.167010564094566	0.127181030207438	146	89	0.191420545144296	0.707607633887278
d__Bacteria.p__Bacillota_A.c__Clostridia.o__Christensenellales.f__Aristaeellaceae.g__RUG11247.s__RUG11247.sp902767315	Laxatives	Laxatives	-0.0533148504098267	0.0407660039160349	146	17	0.193222657509678	0.708483077535485
d__Bacteria.p__Bacillota_A.c__Clostridia.o__Oscillospirales.f__Oscillospiraceae.g__Lawsonibacter.s__Lawsonibacter.aceti	Sex_Male1_Female2	Female	-0.116558605973247	0.0891201891930371	146	15	0.193204125557366	0.708483077535485
d__Bacteria.p__Bacillota_I.c__Bacilli_A.o__Erysipelotrichales.f__Coprobacillaceae.g__Coprobacillus.s__Coprobacillus.cateniformis	Laxatives	Laxatives	-0.0693496929099858	0.0532053330778201	146	15	0.194712419773333	0.711619983666707
d__Bacteria.p__Bacillota_A.c__Clostridia.o__Oscillospirales.f__Oscillospiraceae.g__UBA738.s__UBA738.sp003522945	Laxatives	Laxatives	-0.118797580550364	0.0914709636101962	146	41	0.196312457002367	0.71513823622291
d__Bacteria.p__Bacillota_A.c__Clostridia.o__Oscillospirales.f__Ruminococcaceae.g__Gemmiger.s__Gemmiger.sp900540775	Laxatives	Laxatives	-0.170288047995982	0.132377556535056	146	33	0.200578738173039	0.728315029871034
d__Bacteria.p__Bacillota_A.c__Clostridia.o__Lachnospirales.f__Lachnospiraceae.g__Blautia_A.s__Blautia_A.faecis	Sex_Male1_Female2	Female	0.292589411984117	0.228369413056548	146	140	0.202382904717105	0.732495545459974
d__Bacteria.p__Bacillota_A.c__Clostridia.o__Lachnospirales.f__Lachnospiraceae.g__Limivivens.s__Limivivens.sp905214955	Sex_Male1_Female2	Female	-0.189369331446075	0.149021875251118	146	56	0.206070145978543	0.742089093679075
d__Bacteria.p__Bacillota_A.c__Clostridia.o__Oscillospirales.f__Ruminococcaceae.g__Anaerotruncus.s__Anaerotruncus.colihominis	Sex_Male1_Female2	Female	0.123104001247622	0.0970788913080399	146	19	0.207017723994252	0.742089093679075
d__Bacteria.p__Bacillota_A.c__Clostridia.o__TANB77.f__CAG.508.g__CAG.269.s__CAG.269.sp003525075	Laxatives	Laxatives	-0.0957501436720357	0.0754271599279029	146	29	0.206535280453924	0.742089093679075
d__Bacteria.p__Bacillota_A.c__Clostridia.o__Lachnospirales.f__Lachnospiraceae.g__Roseburia_C.s__Roseburia_C.amylophila	Sex_Male1_Female2	Female	-0.336006900475656	0.265863815064416	146	49	0.208535062032571	0.745147578345684
d__Bacteria.p__Actinomycetota.c__Coriobacteriia.o__Coriobacteriales.f__Eggerthellaceae.g__Anaerotardibacter.s__Anaerotardibacter.sp000436075	Laxatives	Laxatives	-0.145625255294034	0.115735522608092	146	37	0.210536134638369	0.74665669005438
d__Bacteria.p__Bacillota_A.c__Clostridia.o__Lachnospirales.f__Lachnospiraceae.g__Faecalimonas.s__Faecalimonas.sp029983955	Group	PD	0.245950063101991	0.19507999040998	146	25	0.209634319030589	0.74665669005438
d__Bacteria.p__Bacillota_A.c__Clostridia.o__Oscillospirales.f__UBA644.g__UBA644.s__UBA644.sp900547165	Group	PD	0.145127000800825	0.115445791874047	146	15	0.210953806370088	0.74665669005438
d__Bacteria.p__Bacillota_A.c__Clostridia.o__Oscillospirales.f__Oscillospiraceae.g__CAG.170.s__CAG.170.sp900553545	Sex_Male1_Female2	Female	-0.133746851089859	0.106582764521481	146	17	0.211762316231163	0.747161379909951
d__Bacteria.p__Bacillota_A.c__Clostridia.o__Lachnospirales.f__Lachnospiraceae.g__Alitiscatomonas.s__Alitiscatomonas.aceti	Laxatives	Laxatives	0.134400047344736	0.107733960785561	146	82	0.214433172383975	0.751856310671313
d__Bacteria.p__Bacillota_A.c__Clostridia.o__Lachnospirales.f__Lachnospiraceae.g__Coprococcus.s__Coprococcus.aceti	Group	PD	-0.499518063928863	0.400145445200373	146	42	0.214132607166921	0.751856310671313
d__Bacteria.p__Bacillota.c__Bacilli.o__Lactobacillales.f__Streptococcaceae.g__Lactococcus.s__Lactococcus.lactis	Sex_Male1_Female2	Female	0.243091657217698	0.198045560502633	146	42	0.221853455730881	0.754583900307027
d__Bacteria.p__Bacillota_A.c__Clostridia.o__Christensenellales.f__Aristaeellaceae.g__Pullichristensenella.s__Pullichristensenella.stercoripullorum	Laxatives	Laxatives	-0.102110107682501	0.0830459014490272	146	49	0.221064842353934	0.754583900307027
d__Bacteria.p__Bacillota_A.c__Clostridia.o__Christensenellales.f__Aristaeellaceae.g__UBA11524.s__UBA11524.sp000437595	Sex_Male1_Female2	Female	-0.456499970555734	0.369384225666513	146	56	0.218729376417627	0.754583900307027
d__Bacteria.p__Bacillota_A.c__Clostridia.o__Lachnospirales.f__Lachnospiraceae.g__Blautia_A.s__Blautia_A.intestinalis	Laxatives	Laxatives	0.156525760755781	0.127730490368892	146	80	0.222608975937278	0.754583900307027
d__Bacteria.p__Bacillota_A.c__Clostridia.o__Lachnospirales.f__Lachnospiraceae.g__Limivivens.s__Limivivens.faecihominis	Laxatives	Laxatives	0.106602313218224	0.0867939799290788	146	75	0.221565593135264	0.754583900307027
d__Bacteria.p__Bacillota_A.c__Clostridia.o__Lachnospirales.f__Lachnospiraceae.g__Wujia.s__Wujia.chipingensis	Group	PD	-0.291959790295848	0.235938390943137	146	26	0.218136932537467	0.754583900307027
d__Bacteria.p__Bacillota_A.c__Clostridia.o__Oscillospirales.f__CAG.382.g__Woodwardibium.s__Woodwardibium.gallinarum	Laxatives	Laxatives	0.0616273993155739	0.050259254669559	146	17	0.222326730938795	0.754583900307027
d__Bacteria.p__Bacillota_A.c__Clostridia.o__Oscillospirales.f__Oscillospiraceae.g__Dysosmobacter.s__Dysosmobacter.welbionis	Sex_Male1_Female2	Female	0.245230712032301	0.198433542409571	146	99	0.218732154937505	0.754583900307027
d__Bacteria.p__Bacillota_A.c__Clostridia.o__Oscillospirales.f__Oscillospiraceae.g__Lawsonibacter_A.s__Lawsonibacter_A.hominis	Sex_Male1_Female2	Female	0.165892784197167	0.133846283210263	146	31	0.217403025248048	0.754583900307027
d__Bacteria.p__Bacillota_A.c__Clostridia.o__Oscillospirales.f__Ruminococcaceae.g__Gemmiger.s__Gemmiger.qucibialis	Sex_Male1_Female2	Female	-0.350478747179109	0.285191557303234	146	125	0.221303291277379	0.754583900307027
d__Bacteria.p__Pseudomonadota.c__Gammaproteobacteria.o__Burkholderiales.f__Burkholderiaceae.g__Parasutterella.s__Parasutterella.gallistercoris	Sex_Male1_Female2	Female	-0.168671394833214	0.137073241223279	146	18	0.220707326204123	0.754583900307027
d__Bacteria.p__Bacillota_A.c__Clostridia.o__Lachnospirales.f__Lachnospiraceae.g__Agathobacter.s__Agathobacter.sp000434275	Sex_Male1_Female2	Female	-0.181272063455082	0.148754351304031	146	17	0.225186001407507	0.7610201613832
d__Bacteria.p__Bacillota.c__Bacilli.o__MOL361.f__Turicibacteraceae.g__Turicibacter.s__Turicibacter.sanguinis	Group	PD	0.17083644779748	0.140611881699789	146	21	0.226570347111387	0.763077312864614
d__Bacteria.p__Bacillota_I.c__Bacilli_A.o__Erysipelotrichales.f__Coprobacillaceae.g__Faecalibacillus.s__Faecalibacillus.intestinalis	Sex_Male1_Female2	Female	-0.283251384198954	0.233433438437299	146	87	0.227154922011391	0.763077312864614
d__Bacteria.p__Actinomycetota.c__Actinomycetes.o__Actinomycetales.f__Bifidobacteriaceae.g__Bifidobacterium.s__Bifidobacterium.adolescentis	Laxatives	Laxatives	-0.237895823058863	0.202860950187858	146	67	0.243042632308853	0.764321389533371
d__Bacteria.p__Actinomycetota.c__Actinomycetes.o__Actinomycetales.f__Bifidobacteriaceae.g__Bifidobacterium.s__Bifidobacterium.dentium	Laxatives	Laxatives	-0.082545783435638	0.0705320798165862	146	15	0.243993016322159	0.764321389533371
d__Bacteria.p__Actinomycetota.c__Actinomycetes.o__Actinomycetales.f__Bifidobacteriaceae.g__Bifidobacterium.s__Bifidobacterium.pseudocatenulatum	Laxatives	Laxatives	-0.151093124213902	0.128765123037688	146	26	0.242764081981024	0.764321389533371
d__Bacteria.p__Actinomycetota.c__Coriobacteriia.o__Coriobacteriales.f__Eggerthellaceae.g__Adlercreutzia.s__Adlercreutzia.equolifaciens	Sex_Male1_Female2	Female	-0.234160063163537	0.197855052541491	146	118	0.23875703272556	0.764321389533371
d__Bacteria.p__Actinomycetota.c__Coriobacteriia.o__Coriobacteriales.f__Eggerthellaceae.g__CAJFUR01.s__CAJFUR01.sp904420575	Group	PD	0.179025159386698	0.15643285882554	146	31	0.254535514064491	0.764321389533371
d__Bacteria.p__Bacillota_A.c__Clostridia.o__Christensenellales.f__Aristaeellaceae.g__Pullichristensenella.s__Pullichristensenella.excrementigallinarum	Laxatives	Laxatives	-0.069965973326856	0.0595565243807714	146	18	0.242212673016101	0.764321389533371
d__Bacteria.p__Bacillota_A.c__Clostridia.o__Christensenellales.f__Aristaeellaceae.g__Pullichristensenella.s__Pullichristensenella.stercoripullorum	Group	PD	0.209887682319162	0.177726468339779	146	49	0.239758664452146	0.764321389533371
d__Bacteria.p__Bacillota_A.c__Clostridia.o__Christensenellales.f__QAND01.g__QAND01.s__QAND01.sp003150225	Group	PD	0.181563084547743	0.157009099061721	146	25	0.249627900725864	0.764321389533371
d__Bacteria.p__Bacillota_A.c__Clostridia.o__Christensenellales.f__UMGS416.g__Parachristensenella.s__Parachristensenella.sp900542005	Group	PD	0.118140554032459	0.104329237433881	146	17	0.259542290028712	0.764321389533371
d__Bacteria.p__Bacillota_A.c__Clostridia.o__Lachnospirales.f__Lachnospiraceae.g__Anaerobutyricum.s__Anaerobutyricum.soehngenii	Sex_Male1_Female2	Female	0.403358289551928	0.344491326684003	146	96	0.243772145974025	0.764321389533371
d__Bacteria.p__Bacillota_A.c__Clostridia.o__Lachnospirales.f__Lachnospiraceae.g__Blautia.s__Blautia.stercoris	Laxatives	Laxatives	0.141894315743078	0.121029097325908	146	35	0.243164778674832	0.764321389533371
d__Bacteria.p__Bacillota_A.c__Clostridia.o__Lachnospirales.f__Lachnospiraceae.g__Blautia_A.s__Blautia_A.faecis	Laxatives	Laxatives	0.131535635317896	0.115518977321576	146	140	0.25692734538954	0.764321389533371
d__Bacteria.p__Bacillota_A.c__Clostridia.o__Lachnospirales.f__Lachnospiraceae.g__CAG.194.s__CAG.194.sp000432915	Group	PD	-0.275772203676415	0.23631578052179	146	32	0.245344433346525	0.764321389533371
d__Bacteria.p__Bacillota_A.c__Clostridia.o__Lachnospirales.f__Lachnospiraceae.g__Coprococcus.s__Coprococcus.aceti	Sex_Male1_Female2	Female	-0.438270056355426	0.369631156102481	146	42	0.237888759191552	0.764321389533371
d__Bacteria.p__Bacillota_A.c__Clostridia.o__Lachnospirales.f__Lachnospiraceae.g__Dorea_A.s__Dorea_A.amylophila	Group	PD	-0.305679392007469	0.263404855231277	146	69	0.247958791197819	0.764321389533371
d__Bacteria.p__Bacillota_A.c__Clostridia.o__Lachnospirales.f__Lachnospiraceae.g__Dorea_D.s__Dorea_D.sp000433535	Laxatives	Laxatives	0.13033102618818	0.114963566406761	146	42	0.259002391146502	0.764321389533371
d__Bacteria.p__Bacillota_A.c__Clostridia.o__Lachnospirales.f__Lachnospiraceae.g__Dorea_D.s__Dorea_D.sp900543415	Group	PD	0.261221822187486	0.229215280339792	146	28	0.25651777872175	0.764321389533371
d__Bacteria.p__Bacillota_A.c__Clostridia.o__Lachnospirales.f__Lachnospiraceae.g__Lachnoclostridium_B.s__Lachnoclostridium_B.acetigenes	Sex_Male1_Female2	Female	0.137777448254889	0.121563682507447	146	19	0.259126045611762	0.764321389533371
d__Bacteria.p__Bacillota_A.c__Clostridia.o__Lachnospirales.f__Lachnospiraceae.g__Lachnospira.s__Lachnospira.eligens	Group	PD	-0.354658793589629	0.298992355619807	146	90	0.237698085582612	0.764321389533371
d__Bacteria.p__Bacillota_A.c__Clostridia.o__Lachnospirales.f__Lachnospiraceae.g__Mediterraneibacter.s__Mediterraneibacter.sp900541505	Laxatives	Laxatives	0.0696227925952637	0.0588618594506416	146	22	0.239024047175025	0.764321389533371
d__Bacteria.p__Bacillota_A.c__Clostridia.o__Lachnospirales.f__Lachnospiraceae.g__Roseburia.s__Roseburia.hominis	Sex_Male1_Female2	Female	0.283544496302484	0.238440817567321	146	102	0.236527373035397	0.764321389533371
d__Bacteria.p__Bacillota_A.c__Clostridia.o__Oscillospirales.f__Acutalibacteraceae.g__CAKTXU01.s__CAKTXU01.sp934615635	Laxatives	Laxatives	0.0501498031791528	0.0434797376159864	146	17	0.250843763781283	0.764321389533371
d__Bacteria.p__Bacillota_A.c__Clostridia.o__Oscillospirales.f__Oscillospiraceae.g__Dysosmobacter.s__Dysosmobacter.segnis	Laxatives	Laxatives	-0.154718275091293	0.133954948227674	146	77	0.250191937988039	0.764321389533371
d__Bacteria.p__Bacillota_A.c__Clostridia.o__Oscillospirales.f__Oscillospiraceae.g__Evtepia.s__Evtepia.sp004556345	Group	PD	-0.149667798780744	0.124437940685042	146	19	0.231242217068146	0.764321389533371
d__Bacteria.p__Bacillota_A.c__Clostridia.o__Oscillospirales.f__Oscillospiraceae.g__Faecousia.s__Faecousia.sp000434635	Laxatives	Laxatives	-0.153847980005044	0.133619583375077	146	51	0.251669783178889	0.764321389533371
d__Bacteria.p__Bacillota_A.c__Clostridia.o__Oscillospirales.f__Oscillospiraceae.g__HGM13006.s__HGM13006.sp900757695	Sex_Male1_Female2	Female	-0.169939933209849	0.1459918029483	146	25	0.246524455022157	0.764321389533371
d__Bacteria.p__Bacillota_A.c__Clostridia.o__Oscillospirales.f__Oscillospiraceae.g__Lawsonibacter.s__Lawsonibacter.aceti	Group	PD	0.113317761549935	0.096477359097679	146	15	0.24230431469429	0.764321389533371
d__Bacteria.p__Bacillota_A.c__Clostridia.o__Oscillospirales.f__Oscillospiraceae.g__Lawsonibacter.s__Lawsonibacter.asaccharolyticus	Group	PD	-0.258005614654904	0.224421764755264	146	85	0.252384181309586	0.764321389533371
d__Bacteria.p__Bacillota_A.c__Clostridia.o__Oscillospirales.f__Oscillospiraceae.g__Lawsonibacter_A.s__Lawsonibacter_A.hominis	Group	PD	0.167298342264607	0.144895741875008	146	31	0.250351290987883	0.764321389533371
d__Bacteria.p__Bacillota_A.c__Clostridia.o__Oscillospirales.f__Ruminococcaceae.g__Angelakisella.s__Angelakisella.sp900547385	Sex_Male1_Female2	Female	-0.195928722488763	0.166811067528973	146	40	0.242303597355607	0.764321389533371
d__Bacteria.p__Bacillota_A.c__Clostridia.o__Oscillospirales.f__Ruminococcaceae.g__Avimicrobium.s__Avimicrobium.caecorum	Sex_Male1_Female2	Female	0.139815202961751	0.120202285620948	146	26	0.246876566576054	0.764321389533371
d__Bacteria.p__Bacillota_A.c__Clostridia.o__Oscillospirales.f__Ruminococcaceae.g__Ruminococcus_C.s__Ruminococcus_C.sp000980705	Sex_Male1_Female2	Female	-0.192765964627897	0.166441074276259	146	15	0.24890444848203	0.764321389533371
d__Bacteria.p__Bacillota_A.c__Clostridia.o__Oscillospirales.f__Ruminococcaceae.g__Ruminococcus_C.s__Ruminococcus_C.sp000980705	Laxatives	Laxatives	-0.0991765043858859	0.0841929855113169	146	15	0.240945506213778	0.764321389533371
d__Bacteria.p__Bacillota_A.c__Clostridia.o__Peptostreptococcales.f__Anaerovoracaceae.g__Alangreenwoodia.s__Alangreenwoodia.sp905206455	Group	PD	-0.216807254953168	0.187089187666833	146	51	0.248627713946661	0.764321389533371
d__Bacteria.p__Bacillota_A.c__Clostridia.o__Peptostreptococcales.f__Anaerovoracaceae.g__Hominibacterium.s__Hominibacterium.hominis	Group	PD	0.209025047657554	0.175132385071772	146	42	0.234820416321753	0.764321389533371
d__Bacteria.p__Bacillota_A.c__Clostridia.o__TANB77.f__CAG.508.g__CAG.269.s__CAG.269.sp003525075	Group	PD	-0.184974752199696	0.161421605605835	146	29	0.253921042906048	0.764321389533371
d__Bacteria.p__Bacillota_I.c__Bacilli_A.o__Erysipelotrichales.f__Coprobacillaceae.g__Coprobacillus.s__Coprobacillus.cateniformis	Group	PD	0.135427533288932	0.113864691450987	146	15	0.236444419351274	0.764321389533371
d__Bacteria.p__Bacillota_I.c__Bacilli_A.o__Erysipelotrichales.f__Erysipelotrichaceae.g__Merdibacter.s__Merdibacter.merdipullorum	Laxatives	Laxatives	-0.072374603102344	0.0604408229851354	146	18	0.233295139784854	0.764321389533371
d__Bacteria.p__Bacteroidota.c__Bacteroidia.o__Bacteroidales.f__Bacteroidaceae.g__Bacteroides.s__Bacteroides.cellulosilyticus	Laxatives	Laxatives	-0.194516151143032	0.166244626113253	146	70	0.244101203368345	0.764321389533371
d__Bacteria.p__Bacteroidota.c__Bacteroidia.o__Bacteroidales.f__Bacteroidaceae.g__Bacteroides.s__Bacteroides.sp900557355	Laxatives	Laxatives	0.117557129753114	0.103113539072147	146	23	0.256335378265222	0.764321389533371
d__Bacteria.p__Bacteroidota.c__Bacteroidia.o__Bacteroidales.f__Bacteroidaceae.g__Bacteroides.s__Bacteroides.xylanisolvens	Group	PD	-0.367950101844181	0.309685764134941	146	61	0.236927797996423	0.764321389533371
d__Bacteria.p__Bacteroidota.c__Bacteroidia.o__Bacteroidales.f__Coprobacteraceae.g__Coprobacter.s__Coprobacter.fastidiosus	Laxatives	Laxatives	-0.0766391345241142	0.0673209656707866	146	19	0.257025270219401	0.764321389533371
d__Bacteria.p__Bacteroidota.c__Bacteroidia.o__Bacteroidales.f__Rikenellaceae.g__Alistipes.s__Alistipes.sp902363575	Laxatives	Laxatives	0.129417592886283	0.110225978199247	146	26	0.242480404684161	0.764321389533371
d__Bacteria.p__Bacteroidota.c__Bacteroidia.o__Bacteroidales.f__Rikenellaceae.g__Alistipes_A.s__Alistipes_A.indistinctus	Group	PD	0.246689771711318	0.216852813283859	146	51	0.257367774820944	0.764321389533371
d__Bacteria.p__Desulfobacterota.c__Desulfovibrionia.o__Desulfovibrionales.f__Desulfovibrionaceae.g__Desulfovibrio.s__Desulfovibrio.sp018379785	Sex_Male1_Female2	Female	-0.146393118835385	0.126632246925839	146	23	0.249764995723671	0.764321389533371
d__Bacteria.p__Pseudomonadota.c__Gammaproteobacteria.o__Burkholderiales.f__Burkholderiaceae.g__Parasutterella.s__Parasutterella.gallistercoris	Laxatives	Laxatives	-0.078561838154736	0.0693374845270807	146	18	0.259268743176208	0.764321389533371
d__Bacteria.p__Pseudomonadota.c__Gammaproteobacteria.o__Burkholderiales.f__Burkholderiaceae.g__Parasutterella.s__Parasutterella.sp900552195	Group	PD	-0.260423838154339	0.228085320082044	146	49	0.255627167531698	0.764321389533371
d__Bacteria.p__Bacillota_A.c__Clostridia.o__Oscillospirales.f__Oscillospiraceae.g__Dysosmobacter.s__Dysosmobacter.faecalis	Sex_Male1_Female2	Female	0.163861631770732	0.145317042027526	146	30	0.261543760969233	0.766193472082192
d__Bacteria.p__Bacillota_A.c__Clostridia.o__Oscillospirales.f__Ruminococcaceae.g__Ruminococcus_C.s__Ruminococcus_C.callidus	Laxatives	Laxatives	0.122867247353922	0.108916332362623	146	20	0.261344417797134	0.766193472082192
d__Bacteria.p__Bacillota_A.c__Clostridia.o__Clostridiales.f__Clostridiaceae.g__Clostridium.s__Clostridium.sp900540255	Group	PD	0.153178086063589	0.136186627764968	146	19	0.262744872558273	0.767707674506204
d__Bacteria.p__Bacillota_A.c__Clostridia.o__Christensenellales.f__Aristaeellaceae.g__Pullichristensenella.s__Pullichristensenella.sp946496415	Sex_Male1_Female2	Female	-0.14834755418012	0.132322399816226	146	33	0.264293311694856	0.76811096099017
d__Bacteria.p__Bacillota_A.c__Clostridia.o__Lachnospirales.f__Lachnospiraceae.g__UBA4285.s__UBA4285.sp900545225	Group	PD	0.148510307308209	0.132457693601918	146	21	0.264257860517614	0.76811096099017
d__Bacteria.p__Bacillota_A.c__Clostridia.o__Oscillospirales.f__Acutalibacteraceae.g__Acutalibacter.s__Acutalibacter.ornithocaccae	Group	PD	0.295672819046281	0.264470407283681	146	49	0.265621259237243	0.76811096099017
d__Bacteria.p__Bacillota_A.c__Clostridia.o__Oscillospirales.f__Oscillospiraceae.g__CAG.170.s__CAG.170.sp002404795	Group	PD	-0.224209565322973	0.20035505577969	146	44	0.265161774837445	0.76811096099017
d__Bacteria.p__Bacillota_A.c__Clostridia.o__Oscillospirales.f__Oscillospiraceae.g__Lawsonibacter.s__Lawsonibacter.asaccharolyticus	Sex_Male1_Female2	Female	-0.231357931639542	0.207307811087312	146	85	0.266460079109406	0.768325075243209
d__Bacteria.p__Desulfobacterota.c__Desulfovibrionia.o__Desulfovibrionales.f__Desulfovibrionaceae.g__Bilophila.s__Bilophila.wadsworthia	Laxatives	Laxatives	0.110620950992373	0.0992476987833954	146	92	0.267064865726249	0.768325075243209
d__Bacteria.p__Bacillota_A.c__Clostridia.o__Lachnospirales.f__Lachnospiraceae.g__Agathobacter.s__Agathobacter.faecis	Laxatives	Laxatives	0.213301984433492	0.191977062198366	146	92	0.268568775725277	0.770675617298621
d__Bacteria.p__Bacillota_A.c__Clostridia.o__Lachnospirales.f__Lachnospiraceae.g__UBA3402.s__UBA3402.sp003478355	Laxatives	Laxatives	-0.0788061063542307	0.0711659039240303	146	29	0.270168497591097	0.772249172010989
d__Bacteria.p__Bacillota_A.c__Clostridia.o__TANB77.f__CAG.508.g__Merdicola.s__Merdicola.sp018371855	Sex_Male1_Female2	Female	0.229059937464156	0.206993838572015	146	17	0.270493693939678	0.772249172010989
d__Bacteria.p__Bacillota.c__Bacilli.o__Lactobacillales.f__Streptococcaceae.g__Streptococcus.s__Streptococcus.thermophilus	Sex_Male1_Female2	Female	0.288645226073376	0.262547149526837	146	75	0.273608482478963	0.773271328315861
d__Bacteria.p__Bacillota_A.c__Clostridia.o__Lachnospirales.f__Lachnospiraceae.g__Mediterraneibacter.s__Mediterraneibacter.sp934330165	Laxatives	Laxatives	-0.142996417020426	0.129774235884641	146	49	0.272531575561512	0.773271328315861
d__Bacteria.p__Bacillota_A.c__Clostridia.o__Oscillospirales.f__Oscillospiraceae.g__UMGS1766.s__UMGS1766.sp959602365	Sex_Male1_Female2	Female	0.125801604600789	0.11442655652151	146	20	0.273605975125826	0.773271328315861
d__Bacteria.p__Bacteroidota.c__Bacteroidia.o__Bacteroidales.f__Rikenellaceae.g__Alistipes.s__Alistipes.dispar	Group	PD	-0.205698436092925	0.186413595319372	146	20	0.271853847858013	0.773271328315861
d__Bacteria.p__Bacillota.c__Bacilli.o__MOL361.f__Turicibacteraceae.g__Turicibacter.s__Turicibacter.sanguinis	Laxatives	Laxatives	0.070734366807796	0.0657034406821065	146	21	0.283650942167621	0.774799500256807
d__Bacteria.p__Bacillota_A.c__Clostridia.o__Christensenellales.f__Aristaeellaceae.g__Egerieenecus.s__Egerieenecus.sp900553315	Group	PD	0.119649396309482	0.110090955120152	146	18	0.279110696884071	0.774799500256807
d__Bacteria.p__Bacillota_A.c__Clostridia.o__Christensenellales.f__CAG.314.g__CAG.314.s__CAG.314.sp000437915	Sex_Male1_Female2	Female	-0.17818583683135	0.163956874821126	146	32	0.279127583181775	0.774799500256807
d__Bacteria.p__Bacillota_A.c__Clostridia.o__Lachnospirales.f__Lachnospiraceae.g__Blautia_A.s__Blautia_A.sp900120195	Group	PD	0.227850362561756	0.20971758572216	146	35	0.279269391941817	0.774799500256807
d__Bacteria.p__Bacillota_A.c__Clostridia.o__Lachnospirales.f__Lachnospiraceae.g__Blautia_A.s__Blautia_A.wexlerae_B	Laxatives	Laxatives	-0.168489409270335	0.156370021346717	146	138	0.28323511014874	0.774799500256807
d__Bacteria.p__Bacillota_A.c__Clostridia.o__Lachnospirales.f__Lachnospiraceae.g__Otoolea.s__Otoolea.symbiosa	Group	PD	0.119694171381563	0.110767133009657	146	15	0.281863624699228	0.774799500256807
d__Bacteria.p__Bacillota_A.c__Clostridia.o__Lachnospirales.f__Lachnospiraceae.g__Wujia.s__Wujia.chipingensis	Laxatives	Laxatives	-0.119278730602946	0.110246473388794	146	26	0.281272170721316	0.774799500256807
d__Bacteria.p__Bacillota_A.c__Clostridia.o__Oscillospirales.f__Oscillospiraceae.g__Dysosmobacter.s__Dysosmobacter.welbionis	Group	PD	0.231469562278288	0.21481489549585	146	99	0.283223648088477	0.774799500256807
d__Bacteria.p__Bacillota_A.c__Clostridia.o__Oscillospirales.f__Oscillospiraceae.g__F23.B02.s__F23.B02.sp001916715	Group	PD	-0.365562120516107	0.333779550516193	146	36	0.275429677150733	0.774799500256807
d__Bacteria.p__Bacillota_A.c__Clostridia.o__Oscillospirales.f__Oscillospiraceae.g__Vescimonas.s__Vescimonas.coprocola	Group	PD	-0.239427643467734	0.222475559622177	146	53	0.283816929238456	0.774799500256807
d__Bacteria.p__Bacillota_A.c__Clostridia.o__Oscillospirales.f__Ruminococcaceae.g__Faecalibacterium.s__Faecalibacterium.duncaniae	Sex_Male1_Female2	Female	-0.346500533838378	0.317878883298167	146	105	0.277696773120554	0.774799500256807
d__Bacteria.p__Bacillota_G.c__DTU025.o__DTUO25.f__HGM14224.g__HGM14224.s__HGM14224.sp900761905	Group	PD	0.117990690852775	0.108386841854934	146	19	0.278325823509727	0.774799500256807
d__Bacteria.p__Bacteroidota.c__Bacteroidia.o__Bacteroidales.f__Bacteroidaceae.g__Bacteroides.s__Bacteroides.ovatus	Group	PD	0.303865279935742	0.28125988234542	146	96	0.28196158264251	0.774799500256807
d__Bacteria.p__Bacteroidota.c__Bacteroidia.o__Bacteroidales.f__Barnesiellaceae.g__Barnesiella.s__Barnesiella.intestinihominis	Laxatives	Laxatives	-0.160755728761874	0.148587436799749	146	83	0.281287539737109	0.774799500256807
d__Bacteria.p__Actinomycetota.c__Coriobacteriia.o__Coriobacteriales.f__Coriobacteriaceae.g__Collinsella.s__Collinsella.sp023656745	Group	PD	0.357649236584762	0.335905786597541	146	111	0.288956344568532	0.775151583594087
d__Bacteria.p__Bacillota.c__Bacilli.o__MOL361.f__Turicibacteraceae.g__Turicibacter.s__Turicibacter.bilis	Group	PD	0.180207617037053	0.168819877273411	146	33	0.287729654954192	0.775151583594087
d__Bacteria.p__Bacillota_A.c__Clostridia.o__Lachnospirales.f__Lachnospiraceae.g__Eubacterium_G.s__Eubacterium_G.sp000434315	Sex_Male1_Female2	Female	-0.158952340420487	0.149747251722991	146	33	0.290428979348641	0.775151583594087
d__Bacteria.p__Bacillota_A.c__Clostridia.o__Lachnospirales.f__Lachnospiraceae.g__Eubacterium_G.s__Eubacterium_G.sp000435815	Sex_Male1_Female2	Female	-0.146017309261487	0.136543096696919	146	24	0.286862161240504	0.775151583594087
d__Bacteria.p__Bacillota_A.c__Clostridia.o__Lachnospirales.f__Lachnospiraceae.g__Massilistercora.s__Massilistercora.sp902406105	Group	PD	0.0973179397879959	0.091670954907815	146	15	0.290370267653585	0.775151583594087
d__Bacteria.p__Bacillota_A.c__Clostridia.o__Lachnospirales.f__Lachnospiraceae.g__Oliverpabstia.s__Oliverpabstia.intestinalis	Laxatives	Laxatives	0.154502334676773	0.145023919912463	146	97	0.288673783748662	0.775151583594087
d__Bacteria.p__Bacillota_A.c__Clostridia.o__Oscillospirales.f__Acutalibacteraceae.g__CAG.177.s__CAG.177.sp003514385	Sex_Male1_Female2	Female	-0.263482515423648	0.245271227742976	146	30	0.284685551794272	0.775151583594087
d__Bacteria.p__Bacillota_A.c__Clostridia.o__Oscillospirales.f__Oscillospiraceae.g__CAG.103.s__CAG.103.sp900317855	Laxatives	Laxatives	-0.186070308065237	0.174923492925565	146	36	0.289410629895264	0.775151583594087
d__Bacteria.p__Bacillota_A.c__Clostridia.o__Oscillospirales.f__Oscillospiraceae.g__Hominicoprocola.s__Hominicoprocola.sp934835795	Sex_Male1_Female2	Female	-0.269101456976561	0.251424120034822	146	89	0.286448380692049	0.775151583594087
d__Bacteria.p__Bacillota_A.c__Clostridia.o__Peptostreptococcales.f__Anaerovoracaceae.g__Fimisoma.s__Fimisoma.sp000435715	Group	PD	0.195505415887554	0.184346754543912	146	25	0.290854560332541	0.775151583594087
d__Bacteria.p__Actinomycetota.c__Coriobacteriia.o__Coriobacteriales.f__Coriobacteriaceae.g__Collinsella.s__Collinsella.sp023656745	Laxatives	Laxatives	0.164816815180799	0.156958044069195	146	111	0.295619581890499	0.775869759958713
d__Bacteria.p__Bacillota_A.c__Clostridia.o__Lachnospirales.f__Lachnospiraceae.g__Dorea_A.s__Dorea_A.longicatena	Group	PD	-0.379296025440705	0.35907041731367	146	93	0.29276267989898	0.775869759958713
d__Bacteria.p__Bacillota_A.c__Clostridia.o__Lachnospirales.f__Lachnospiraceae.g__Eubacterium_F.s__Eubacterium_F.sp003491505	Sex_Male1_Female2	Female	-0.277820633470384	0.265411057863424	146	83	0.297139628757237	0.775869759958713
d__Bacteria.p__Bacillota_A.c__Clostridia.o__Lachnospirales.f__Lachnospiraceae.g__Mediterraneibacter_A.s__Mediterraneibacter_A.butyricigenes	Group	PD	-0.132287305754139	0.125114071947489	146	29	0.292305273696814	0.775869759958713
d__Bacteria.p__Bacillota_A.c__Clostridia.o__Lachnospirales.f__Lachnospiraceae.g__UBA11774.s__UBA11774.sp003507655	Sex_Male1_Female2	Female	-0.293845685611509	0.280841685743858	146	109	0.297347590715015	0.775869759958713
d__Bacteria.p__Bacillota_A.c__Clostridia.o__Oscillospirales.f__CAG.272.g__UMGS911.s__UMGS911.sp003343545	Group	PD	-0.101815582741963	0.0972372711902364	146	18	0.296988977701014	0.775869759958713
d__Bacteria.p__Bacillota_A.c__Clostridia.o__Oscillospirales.f__Oscillospiraceae.g__Dysosmobacter.s__Dysosmobacter.segnis	Group	PD	-0.301082160933818	0.286676879288921	146	77	0.29553717645376	0.775869759958713
d__Bacteria.p__Bacillota_A.c__Clostridia.o__Oscillospirales.f__Oscillospiraceae.g__HGM13006.s__HGM13006.sp900756575	Sex_Male1_Female2	Female	-0.111617559747562	0.105869428654321	146	20	0.293688728973653	0.775869759958713
d__Bacteria.p__Bacillota_A.c__Clostridia.o__Oscillospirales.f__Ruminococcaceae.g__Gemmiger.s__Gemmiger.sp900540595	Sex_Male1_Female2	Female	-0.221699367610086	0.211257212098798	146	28	0.295913075290061	0.775869759958713
d__Bacteria.p__Bacillota_A.c__Clostridia.o__Lachnospirales.f__Lachnospiraceae.g__Dorea_D.s__Dorea_D.sp000433535	Sex_Male1_Female2	Female	0.236846566101064	0.227271421474886	146	42	0.299270428118672	0.776888918372101
d__Bacteria.p__Bacillota_A.c__Clostridia.o__Oscillospirales.f__Oscillospiraceae.g__HGM13006.s__HGM13006.sp900757695	Group	PD	-0.164906555408755	0.158043914918677	146	25	0.298674411522443	0.776888918372101
d__Bacteria.p__Bacteroidota.c__Bacteroidia.o__Bacteroidales.f__Bacteroidaceae.g__Bacteroides.s__Bacteroides.zhangwenhongii	Laxatives	Laxatives	-0.075746671146727	0.0727667648998435	146	23	0.299815420369982	0.776888918372101
d__Archaea.p__Methanobacteriota.c__Methanobacteria.o__Methanobacteriales.f__Methanobacteriaceae.g__Methanobrevibacter_A.s__Methanobrevibacter_A.smithii	Sex_Male1_Female2	Female	-0.362005693564436	0.351269728190149	146	55	0.304644604562137	0.77893621778898
d__Bacteria.p__Actinomycetota.c__Actinomycetes.o__Actinomycetales.f__Bifidobacteriaceae.g__Bifidobacterium.s__Bifidobacterium.bifidum	Group	PD	0.308641339853123	0.303476515434029	146	25	0.311019095872962	0.77893621778898
d__Bacteria.p__Bacillota_A.c__Clostridia.o__Christensenellales.f__Aristaeellaceae.g__RUG11247.s__RUG11247.sp902767315	Sex_Male1_Female2	Female	-0.0824286658852628	0.0805902943639291	146	17	0.308282144662934	0.77893621778898
d__Bacteria.p__Bacillota_A.c__Clostridia.o__Lachnospirales.f__Lachnospiraceae.g__Alitiscatomonas.s__Alitiscatomonas.sp900066785	Laxatives	Laxatives	-0.0742060372555179	0.0726206375734841	146	24	0.308744094074636	0.77893621778898
d__Bacteria.p__Bacillota_A.c__Clostridia.o__Lachnospirales.f__Lachnospiraceae.g__Anthropogastromicrobium.s__Anthropogastromicrobium.sp934292725	Sex_Male1_Female2	Female	-0.330768953819574	0.319066774689609	146	94	0.301796561986809	0.77893621778898
d__Bacteria.p__Bacillota_A.c__Clostridia.o__Lachnospirales.f__Lachnospiraceae.g__JAGZHZ01.s__JAGZHZ01.sp018366495	Sex_Male1_Female2	Female	0.139167433094681	0.136832188717829	146	17	0.310996527616107	0.77893621778898
d__Bacteria.p__Bacillota_A.c__Clostridia.o__Lachnospirales.f__Lachnospiraceae.g__Roseburia_D.s__Roseburia_D.yibonii	Laxatives	Laxatives	-0.0765608203464033	0.0752377286277955	146	20	0.310750652775092	0.77893621778898
d__Bacteria.p__Bacillota_A.c__Clostridia.o__Lachnospirales.f__Lachnospiraceae.g__Schaedlerella.s__Schaedlerella.glycyrrhizinilytica_A	Laxatives	Laxatives	0.0877480920293132	0.0850602465811384	146	42	0.304160661672985	0.77893621778898
d__Bacteria.p__Bacillota_A.c__Clostridia.o__Oscillospirales.f__Acutalibacteraceae.g__Fimenecus.s__Fimenecus.sp000432435	Laxatives	Laxatives	-0.139314042024279	0.136399956594177	146	31	0.308964367210984	0.77893621778898
d__Bacteria.p__Bacillota_A.c__Clostridia.o__Oscillospirales.f__Oscillospiraceae.g__Faecousia.s__Faecousia.sp000434635	Group	PD	-0.291090227985035	0.285959165231786	146	51	0.310581193005514	0.77893621778898
d__Bacteria.p__Bacillota_A.c__Clostridia.o__Oscillospirales.f__Oscillospiraceae.g__Faecousia.s__Faecousia.sp000435995	Group	PD	-0.246402165769658	0.241100300923276	146	50	0.308669104150072	0.77893621778898
d__Bacteria.p__Bacillota_A.c__Clostridia.o__Oscillospirales.f__Oscillospiraceae.g__Onthomonas.s__Onthomonas.sp003150485	Group	PD	0.198900841534678	0.193205769286541	146	32	0.305152732229388	0.77893621778898
d__Bacteria.p__Bacillota_A.c__Clostridia.o__Oscillospirales.f__Oscillospiraceae.g__Vescimonas.s__Vescimonas.sp900545585	Laxatives	Laxatives	-0.0649976959202334	0.0633761939389177	146	17	0.306977137882382	0.77893621778898
d__Bacteria.p__Bacillota_A.c__Clostridia.o__Oscillospirales.f__Ruminococcaceae.g__UBA3818.s__UBA3818.sp900557155	Group	PD	-0.161935008234666	0.158704496483657	146	37	0.309440546446579	0.77893621778898
d__Bacteria.p__Verrucomicrobiota.c__Verrucomicrobiae.o__Verrucomicrobiales.f__Akkermansiaceae.g__Akkermansia.s__Akkermansia.biwaensis	Laxatives	Laxatives	-0.145571490040049	0.141507946503495	146	20	0.305508805213831	0.77893621778898
d__Bacteria.p__Bacillota_A.c__Clostridia.o__Christensenellales.f__CAG.138.g__UBA1685.s__UBA1685.sp002320595	Laxatives	Laxatives	-0.0801433184630198	0.0791793088700787	146	19	0.313320232001605	0.781211778457335
d__Bacteria.p__Bacillota_A.c__Clostridia.o__Lachnospirales.f__Lachnospiraceae.g__Eubacterium_I.s__Eubacterium_I.ramulus_A	Group	PD	0.140035278214156	0.138230241984743	146	19	0.312899827998649	0.781211778457335
d__Bacteria.p__Bacillota.c__Bacilli.o__MOL361.f__Turicibacteraceae.g__Turicibacter.s__Turicibacter.bilis	Laxatives	Laxatives	-0.0797279746917845	0.078884135951441	146	33	0.314024546053975	0.781231797500132
d__Bacteria.p__Bacillota_A.c__Clostridia.o__Christensenellales.f__CAG.138.g__PeH17.s__PeH17.sp000435055	Laxatives	Laxatives	-0.144826692741955	0.143716099887252	146	52	0.315442958376761	0.783024334731694
d__Bacteria.p__Bacillota_A.c__Clostridia.o__Oscillospirales.f__Ruminococcaceae.g__Negativibacillus.s__Negativibacillus.faecipullorum	Group	PD	0.11108690061285	0.111243573173688	146	17	0.319833538691155	0.78868841848676
d__Bacteria.p__Bacillota_A.c__Clostridia.o__TANB77.f__CAG.508.g__CAG.273.s__CAG.273.sp000438355	Sex_Male1_Female2	Female	-0.170144091521013	0.170368599085577	146	40	0.319789801575217	0.78868841848676
d__Bacteria.p__Verrucomicrobiota.c__Verrucomicrobiae.o__Verrucomicrobiales.f__Akkermansiaceae.g__Akkermansia.s__Akkermansia.muciniphila	Laxatives	Laxatives	-0.227487638628123	0.227208420131939	146	54	0.318561989848327	0.78868841848676
d__Bacteria.p__Bacillota_A.c__Clostridia.o__Christensenellales.f__Aristaeellaceae.g__Limiplasma.s__Limiplasma.merdipullorum	Group	PD	0.266637280167186	0.267448480532176	146	51	0.320618563198483	0.788890412080478
d__Bacteria.p__Bacteroidota.c__Bacteroidia.o__Bacteroidales.f__Tannerellaceae.g__Parabacteroides.s__Parabacteroides.johnsonii	Laxatives	Laxatives	-0.0661031815437018	0.0664657141823892	146	16	0.32179083695661	0.790042273665899
d__Bacteria.p__Bacteroidota.c__Bacteroidia.o__Bacteroidales.f__Bacteroidaceae.g__Bacteroides.s__Bacteroides.salyersiae	Sex_Male1_Female2	Female	-0.11330851746781	0.114151039158311	146	18	0.322725481918969	0.790606966622452
d__Bacteria.p__Bacillota_A.c__Clostridia.o__Lachnospirales.f__Lachnospiraceae.g__Choladousia.s__Choladousia.sp902363135	Sex_Male1_Female2	Female	-0.190105809103853	0.191854127100932	146	100	0.323567357999811	0.790942430666204
d__Bacteria.p__Actinomycetota.c__Coriobacteriia.o__Coriobacteriales.f__QAMH01.g__QAMH01.s__QAMH01.sp900544245	Laxatives	Laxatives	-0.0928294077532485	0.0939147285789606	146	33	0.324757643637464	0.791008155284953
d__Bacteria.p__Bacillota_A.c__Clostridia.o__Christensenellales.f__Aristaeellaceae.g__Limiplasma.s__Limiplasma.merdipullorum	Laxatives	Laxatives	-0.12276539611359	0.12497013171108	146	51	0.327734371435549	0.791008155284953
d__Bacteria.p__Bacillota_A.c__Clostridia.o__Christensenellales.f__Aristaeellaceae.g__Ventricola.s__Ventricola.sp900548125	Group	PD	-0.117780084020234	0.120796437986171	146	24	0.33134269720362	0.791008155284953
d__Bacteria.p__Bacillota_A.c__Clostridia.o__Christensenellales.f__CAG.314.g__CAG.314.s__CAG.314.sp000437915	Group	PD	0.173035308608658	0.177492063603999	146	32	0.331411410627555	0.791008155284953
d__Bacteria.p__Bacillota_A.c__Clostridia.o__Lachnospirales.f__Lachnospiraceae.g__Agathobacter.s__Agathobacter.sp000434275	Laxatives	Laxatives	0.0740621757930957	0.0752462876038525	146	17	0.326800339263917	0.791008155284953
d__Bacteria.p__Bacillota_A.c__Clostridia.o__Lachnospirales.f__Lachnospiraceae.g__Blautia_A.s__Blautia_A.fusiformis	Group	PD	-0.366702451775719	0.376649571863768	146	122	0.332054225614272	0.791008155284953
d__Bacteria.p__Bacillota_A.c__Clostridia.o__Lachnospirales.f__Lachnospiraceae.g__Eubacterium_G.s__Eubacterium_G.segne	Group	PD	-0.124059917442202	0.126641863923578	146	27	0.329083234774506	0.791008155284953
d__Bacteria.p__Bacillota_A.c__Clostridia.o__Lachnospirales.f__Lachnospiraceae.g__Hominifimenecus.s__Hominifimenecus.microfluidus	Laxatives	Laxatives	-0.0705613614517177	0.0720722425818453	146	23	0.329366491740686	0.791008155284953
d__Bacteria.p__Bacillota_A.c__Clostridia.o__Lachnospirales.f__Lachnospiraceae.g__Otoolea.s__Otoolea.symbiosa	Sex_Male1_Female2	Female	0.0997699764303787	0.102320253606822	146	15	0.331319921476959	0.791008155284953
d__Bacteria.p__Bacillota_A.c__Clostridia.o__Oscillospirales.f__Oscillospiraceae.g__Enterenecus.s__Enterenecus.sp900549885	Laxatives	Laxatives	0.0695284563675838	0.0706556495430809	146	34	0.326906540467501	0.791008155284953
d__Bacteria.p__Cyanobacteriota.c__Vampirovibrionia.o__Gastranaerophilales.f__Gastranaerophilaceae.g__CAG.196.s__CAG.196.sp002102975	Group	PD	-0.138150815072663	0.140210146571454	146	19	0.326286914324312	0.791008155284953
d__Bacteria.p__Pseudomonadota.c__Gammaproteobacteria.o__Enterobacterales.f__Enterobacteriaceae.g__Escherichia.s__Escherichia.coli_F	Sex_Male1_Female2	Female	-0.341779232902441	0.350826136302923	146	61	0.331746506302428	0.791008155284953
d__Bacteria.p__Bacillota_A.c__Clostridia.o__Lachnospirales.f__Lachnospiraceae.g__Lachnospira.s__Lachnospira.eligens	Sex_Male1_Female2	Female	-0.268502197752604	0.276191798255287	146	90	0.33276333955561	0.791017938519904
d__Bacteria.p__Actinomycetota.c__Actinomycetes.o__Actinomycetales.f__Bifidobacteriaceae.g__Bifidobacterium.s__Bifidobacterium.animalis_B	Laxatives	Laxatives	-0.114248106639391	0.117913147570047	146	27	0.334371868654612	0.792287310607534
d__Bacteria.p__Bacillota.c__Bacilli.o__Lactobacillales.f__Streptococcaceae.g__Streptococcus.s__Streptococcus.parasanguinis_G	Sex_Male1_Female2	Female	0.221333191440606	0.228700850610343	146	57	0.33493523503532	0.792287310607534
d__Bacteria.p__Bacillota_A.c__Clostridia.o__Lachnospirales.f__Lachnospiraceae.g__Anaerostipes.s__Anaerostipes.amylophilus	Group	PD	-0.273081942894287	0.283488718090223	146	41	0.337176644728165	0.792287310607534
d__Bacteria.p__Bacillota_A.c__Clostridia.o__Lachnospirales.f__Lachnospiraceae.g__Mediterraneibacter_A.s__Mediterraneibacter_A.butyricigenes	Sex_Male1_Female2	Female	-0.111247828187525	0.115573123756242	146	29	0.337534166194654	0.792287310607534
d__Bacteria.p__Bacillota_A.c__Clostridia.o__Oscillospirales.f__Acutalibacteraceae.g__Anaeromassilibacillus.s__Anaeromassilibacillus.stercoravium	Sex_Male1_Female2	Female	0.140552550362624	0.145784751755444	146	26	0.336767097680459	0.792287310607534
d__Bacteria.p__Bacteroidota.c__Bacteroidia.o__Bacteroidales.f__Marinifilaceae.g__Odoribacter.s__Odoribacter.laneus	Group	PD	-0.199145682541441	0.206034729376751	146	22	0.335543234784714	0.792287310607534
d__Bacteria.p__Verrucomicrobiota.c__Verrucomicrobiae.o__Verrucomicrobiales.f__Akkermansiaceae.g__Akkermansia.s__Akkermansia.muciniphila_F	Group	PD	0.299431391857307	0.31160296337312	146	22	0.338353240020017	0.792551848230604
d__Bacteria.p__Bacillota_A.c__Clostridia.o__Oscillospirales.f__Oscillospiraceae.g__UBA738.s__UBA738.sp003522945	Group	PD	0.187803307443805	0.195756937240965	146	41	0.339139775728779	0.792739225766022
d__Bacteria.p__Actinomycetota.c__Coriobacteriia.o__Coriobacteriales.f__Eggerthellaceae.g__Gordonibacter.s__Gordonibacter.urolithinfaciens	Laxatives	Laxatives	-0.0630690233505873	0.0658667610492117	146	20	0.340066494244219	0.793252820253667
d__Bacteria.p__Bacillota_A.c__Clostridia.o__Lachnospirales.f__Lachnospiraceae.g__Agathobacter.s__Agathobacter.rectalis	Laxatives	Laxatives	0.198406556398525	0.208430145204212	146	110	0.342896108452454	0.793256564296193
d__Bacteria.p__Bacillota_A.c__Clostridia.o__Oscillospirales.f__Oscillospiraceae.g__Hominicoprocola.s__Hominicoprocola.sp003522105	Laxatives	Laxatives	-0.0656251786388006	0.0688240387873645	146	16	0.34208220097432	0.793256564296193
d__Bacteria.p__Bacillota_A.c__Clostridia.o__Oscillospirales.f__Ruminococcaceae.g__Anaerotruncus.s__Anaerotruncus.massiliensis	Sex_Male1_Female2	Female	-0.119036392204057	0.125008185848407	146	20	0.342734617885061	0.793256564296193
d__Bacteria.p__Verrucomicrobiota.c__Verrucomicrobiae.o__Verrucomicrobiales.f__Akkermansiaceae.g__Akkermansia.s__Akkermansia.muciniphila_F	Sex_Male1_Female2	Female	0.274368387210221	0.287840746353841	146	22	0.342246736538395	0.793256564296193
d__Bacteria.p__Bacillota_A.c__Clostridia.o__Lachnospirales.f__Lachnospiraceae.g__Dorea.s__Dorea.formicigenerans	Laxatives	Laxatives	-0.100255223703202	0.106019725536087	146	113	0.346079283233475	0.794120019184042
d__Bacteria.p__Bacillota_A.c__Clostridia.o__Oscillospirales.f__Oscillospiraceae.g__Evtepia.s__Evtepia.sp004556345	Laxatives	Laxatives	-0.0551744888823982	0.0581458746982646	146	19	0.344419868782621	0.794120019184042
d__Bacteria.p__Bacillota_A.c__Clostridia.o__Oscillospirales.f__Oscillospiraceae.g__Scatomorpha.s__Scatomorpha.sp900545405	Sex_Male1_Female2	Female	-0.212579305227969	0.224237005969624	146	27	0.344869033961969	0.794120019184042
d__Bacteria.p__Bacillota_A.c__Clostridia.o__TANB77.f__CAG.508.g__CAG.269.s__CAG.269.sp003525075	Sex_Male1_Female2	Female	0.140998203093779	0.149111917718132	146	29	0.346100436168446	0.794120019184042
d__Bacteria.p__Bacillota_A.c__Clostridia.o__Christensenellales.f__QAND01.g__QAND01.s__QAND01.sp003150225	Sex_Male1_Female2	Female	0.135542369817209	0.145035900073114	146	25	0.35174301842152	0.796650682255777
d__Bacteria.p__Bacillota_A.c__Clostridia.o__Lachnospirales.f__Lachnospiraceae.g__Dorea_A.s__Dorea_A.amylophila	Laxatives	Laxatives	-0.115233104965524	0.12308067477553	146	69	0.350872160246847	0.796650682255777
d__Bacteria.p__Bacillota_A.c__Clostridia.o__Lachnospirales.f__Lachnospiraceae.g__Limivivens.s__Limivivens.sp934393555	Laxatives	Laxatives	0.063520350854644	0.0677804546602218	146	34	0.350406698663346	0.796650682255777
d__Bacteria.p__Bacillota_A.c__Clostridia.o__Lachnospirales.f__Lachnospiraceae.g__Mediterraneibacter.s__Mediterraneibacter.sp934330165	Group	PD	-0.259497994195592	0.277729740093524	146	49	0.351840216159532	0.796650682255777
d__Bacteria.p__Bacillota_A.c__Clostridia.o__Oscillospirales.f__Butyricicoccaceae.g__Agathobaculum.s__Agathobaculum.butyriciproducens	Sex_Male1_Female2	Female	-0.207541444542116	0.221818959386715	146	107	0.351183042271917	0.796650682255777
d__Bacteria.p__Bacillota_A.c__Clostridia.o__Oscillospirales.f__Ruminococcaceae.g__Anaerotruncus.s__Anaerotruncus.colihominis	Group	PD	0.0987347585290209	0.105093078710184	146	19	0.349204092989968	0.796650682255777
d__Bacteria.p__Bacteroidota.c__Bacteroidia.o__Bacteroidales.f__Bacteroidaceae.g__Bacteroides.s__Bacteroides.zhangwenhongii	Group	PD	-0.145389039173744	0.155728096299828	146	23	0.352223628580268	0.796650682255777
d__Bacteria.p__Pseudomonadota.c__Gammaproteobacteria.o__Burkholderiales.f__Burkholderiaceae.g__Sutterella.s__Sutterella.wadsworthensis_A	Group	PD	0.131274694833451	0.140803537768161	146	19	0.352883590981392	0.796650682255777
d__Bacteria.p__Actinomycetota.c__Coriobacteriia.o__Coriobacteriales.f__Eggerthellaceae.g__Anaerotardibacter.s__Anaerotardibacter.sp000436075	Group	PD	0.228798783988625	0.24768550085786	146	37	0.357316325717403	0.797035621182755
d__Bacteria.p__Bacillota.c__Bacilli.o__Lactobacillales.f__Streptococcaceae.g__Streptococcus.s__Streptococcus.parasanguinis_G	Group	PD	0.228975890450178	0.24758087129378	146	57	0.356742954627056	0.797035621182755
d__Bacteria.p__Bacillota_A.c__Clostridia.o__Lachnospirales.f__Lachnospiraceae.g__Brotaphodocola.s__Brotaphodocola.sp003480315	Sex_Male1_Female2	Female	-0.0841196393669075	0.0904265875341308	146	21	0.353950998207529	0.797035621182755
d__Bacteria.p__Bacillota_A.c__Clostridia.o__Lachnospirales.f__Lachnospiraceae.g__Dorea_D.s__Dorea_D.hominis	Sex_Male1_Female2	Female	-0.144650302769485	0.155876042730879	146	44	0.355123095504896	0.797035621182755
d__Bacteria.p__Bacillota_A.c__Clostridia.o__Lachnospirales.f__Lachnospiraceae.g__Ruminococcus_B.s__Ruminococcus_B.gnavus	Laxatives	Laxatives	0.148437853699595	0.160481827513231	146	49	0.356692034595023	0.797035621182755
d__Bacteria.p__Bacillota_A.c__Clostridia.o__Oscillospirales.f__Ruminococcaceae.g__Angelakisella.s__Angelakisella.sp900547385	Group	PD	0.167510642570496	0.18058187947291	146	40	0.355312730123644	0.797035621182755
d__Bacteria.p__Actinomycetota.c__Actinomycetes.o__Actinomycetales.f__Bifidobacteriaceae.g__Bifidobacterium.s__Bifidobacterium.dentium	Group	PD	0.138988050614068	0.150945648511689	146	15	0.358856752858912	0.797301538035047
d__Bacteria.p__Bacillota_A.c__Clostridia.o__Lachnospirales.f__Lachnospiraceae.g__Blautia_A.s__Blautia_A.hydrogenotrophica	Sex_Male1_Female2	Female	0.158054963647731	0.171399579076599	146	29	0.358149084229259	0.797301538035047
d__Bacteria.p__Bacillota_A.c__Clostridia.o__Oscillospirales.f__Butyricicoccaceae.g__Agathobaculum.s__Agathobaculum.hominis	Laxatives	Laxatives	0.0912517169302827	0.0994878463456295	146	42	0.360715670230082	0.799209421886438
d__Bacteria.p__Bacteroidota.c__Bacteroidia.o__Bacteroidales.f__Bacteroidaceae.g__Bacteroides.s__Bacteroides.xylanisolvens	Sex_Male1_Female2	Female	0.262154854198542	0.286069748884328	146	61	0.361140086360449	0.799209421886438
d__Bacteria.p__Bacillota_A.c__Clostridia.o__Oscillospirales.f__Oscillospiraceae.g__Vescimonas.s__Vescimonas.sp900552475	Sex_Male1_Female2	Female	0.100744183726811	0.110695019477272	146	18	0.36443820548394	0.804920603450749
d__Bacteria.p__Bacillota_A.c__Clostridia.o__Christensenellales.f__CAG.138.g__SFEL01.s__SFEL01.sp004557245	Group	PD	0.224153987214412	0.247336076892247	146	48	0.366455342769919	0.806201754093821
d__Bacteria.p__Bacillota_A.c__Clostridia.o__Lachnospirales.f__Lachnospiraceae.g__Choladousia.s__Choladousia.sp902363665	Sex_Male1_Female2	Female	0.193881525504671	0.213847338648538	146	61	0.366264381283233	0.806201754093821
d__Bacteria.p__Bacillota_A.c__Clostridia.o__Lachnospirales.f__Lachnospiraceae.g__Limivivens.s__Limivivens.sp905214955	Laxatives	Laxatives	0.0676230306569811	0.075381612612412	146	56	0.371324052823819	0.813721850133448
d__Bacteria.p__Bacillota_A.c__Clostridia.o__Oscillospirales.f__Ruminococcaceae.g__Zongyangia.s__Zongyangia.gallinarum	Group	PD	0.127737665174177	0.14229205380467	146	23	0.370984608565913	0.813721850133448
d__Bacteria.p__Bacillota_A.c__Clostridia.o__Oscillospirales.f__Acutalibacteraceae.g__UMGS1071.s__UMGS1071.sp900542375	Laxatives	Laxatives	0.0872268242447653	0.0976821477080246	146	61	0.373512908301501	0.815333624735961
d__Bacteria.p__Bacillota_A.c__Clostridia.o__Peptostreptococcales.f__Anaerovoracaceae.g__CAG.238.s__CAG.238.sp900542245	Sex_Male1_Female2	Female	0.0965655853142158	0.107993115290725	146	19	0.372863985386664	0.815333624735961
d__Bacteria.p__Actinomycetota.c__Coriobacteriia.o__Coriobacteriales.f__Eggerthellaceae.g__CAJFUR01.s__CAJFUR01.sp904420575	Sex_Male1_Female2	Female	0.127705250807281	0.144503602761606	146	31	0.37844948910451	0.816346088042208
d__Bacteria.p__Bacillota_A.c__Clostridia.o__Christensenellales.f__CAG.138.g__SFEL01.s__SFEL01.sp004557245	Sex_Male1_Female2	Female	-0.201651513527922	0.228474723738898	146	48	0.379069796675571	0.816346088042208
d__Bacteria.p__Bacillota_A.c__Clostridia.o__Oscillospirales.f__Oscillospiraceae.g__Faecousia.s__Faecousia.sp958436045	Sex_Male1_Female2	Female	-0.108447834091892	0.122661990351545	146	30	0.378251572214893	0.816346088042208
d__Bacteria.p__Bacillota_A.c__Clostridia.o__Oscillospirales.f__Oscillospiraceae.g__Onthomonas.s__Onthomonas.sp900545815	Sex_Male1_Female2	Female	-0.126147017383813	0.142533371557858	146	27	0.377759370621336	0.816346088042208
d__Bacteria.p__Bacillota_A.c__Clostridia.o__Oscillospirales.f__Ruminococcaceae.g__Gemmiger.s__Gemmiger.qucibialis	Laxatives	Laxatives	-0.128020380927569	0.14426203842044	146	125	0.376481561685287	0.816346088042208
d__Bacteria.p__Bacteroidota.c__Bacteroidia.o__Bacteroidales.f__Coprobacteraceae.g__Coprobacter.s__Coprobacter.fastidiosus	Sex_Male1_Female2	Female	-0.11817595721857	0.133086786025123	146	19	0.37618885800377	0.816346088042208
d__Bacteria.p__Pseudomonadota.c__Alphaproteobacteria.o__RF32.f__CAG.239.g__Scatacola_A.s__Scatacola_A.faecigallinarum	Laxatives	Laxatives	-0.103117566896928	0.115799757186139	146	26	0.374839777589677	0.816346088042208
d__Bacteria.p__Actinomycetota.c__Coriobacteriia.o__Coriobacteriales.f__Eggerthellaceae.g__Eggerthella.s__Eggerthella.lenta	Laxatives	Laxatives	0.103237416221161	0.117827604730055	146	64	0.382539559148131	0.820668040849336
d__Bacteria.p__Bacillota_A.c__Clostridia.o__Lachnospirales.f__Lachnospiraceae.g__JAGTTR01.s__JAGTTR01.sp018223385	Sex_Male1_Female2	Female	0.0706240780456385	0.0805876035397336	146	15	0.382436341863966	0.820668040849336
d__Bacteria.p__Bacillota_A.c__Clostridia.o__Lachnospirales.f__Lachnospiraceae.g__Eubacterium_F.s__Eubacterium_F.sp000433735	Laxatives	Laxatives	-0.0720858554447122	0.0826496749745794	146	32	0.384702905618861	0.823734084168631
d__Bacteria.p__Bacillota_A.c__Clostridia.o__Christensenellales.f__Aristaeellaceae.g__Pullichristensenella.s__Pullichristensenella.excrementigallinarum	Sex_Male1_Female2	Female	-0.101847022014067	0.117737265615357	146	18	0.388600131446019	0.824688552092832
d__Bacteria.p__Bacillota_A.c__Clostridia.o__Christensenellales.f__Aristaeellaceae.g__Ventricola.s__Ventricola.sp900542395	Laxatives	Laxatives	-0.0880526448414827	0.101244068238868	146	42	0.386051472736846	0.824688552092832
d__Bacteria.p__Bacillota_A.c__Clostridia.o__Lachnospirales.f__Lachnospiraceae.g__Acetatifactor.s__Acetatifactor.intestinalis	Group	PD	-0.242946213382369	0.283000008086271	146	50	0.392202580779509	0.824688552092832
d__Bacteria.p__Bacillota_A.c__Clostridia.o__Oscillospirales.f__Acutalibacteraceae.g__Acutalibacter.s__Acutalibacter.sp900548545	Sex_Male1_Female2	Female	-0.106099106506399	0.123881943714477	146	24	0.393311001308156	0.824688552092832
d__Bacteria.p__Bacillota_A.c__Clostridia.o__Oscillospirales.f__Acutalibacteraceae.g__UMGS1264.s__UMGS1264.sp904399395	Laxatives	Laxatives	-0.0623393890402003	0.0728305812282534	146	27	0.393587952628336	0.824688552092832
d__Bacteria.p__Bacillota_A.c__Clostridia.o__Oscillospirales.f__Oscillospiraceae.g__CAG.103.s__CAG.103.sp905215475	Group	PD	-0.262561114157289	0.306782874883589	146	51	0.393641688990611	0.824688552092832
d__Bacteria.p__Bacillota_A.c__Clostridia.o__Oscillospirales.f__Oscillospiraceae.g__Vescimonas.s__Vescimonas.sp000435555	Laxatives	Laxatives	-0.144174023352804	0.167232554312131	146	60	0.390198573192129	0.824688552092832
d__Bacteria.p__Bacillota_A.c__Clostridia.o__Oscillospirales.f__Ruminococcaceae.g__UBA3818.s__UBA3818.sp900557155	Sex_Male1_Female2	Female	-0.126388887158002	0.146602009888032	146	37	0.390195558113522	0.824688552092832
d__Bacteria.p__Bacillota_A.c__Clostridia.o__Peptostreptococcales.f__Peptostreptococcaceae.g__Intestinibacter.s__Intestinibacter.bartlettii	Group	PD	0.200264193938328	0.231012302639162	146	54	0.387582776989474	0.824688552092832
d__Bacteria.p__Bacillota_A.c__Clostridia.o__TANB77.f__CAG.508.g__CAG.273.s__CAG.273.sp003534295	Group	PD	0.198103543259811	0.231629672291067	146	19	0.393968862675363	0.824688552092832
d__Bacteria.p__Bacteroidota.c__Bacteroidia.o__Bacteroidales.f__Bacteroidaceae.g__Bacteroides.s__Bacteroides.xylanisolvens	Laxatives	Laxatives	0.123900156482001	0.144706265131814	146	61	0.393440488243309	0.824688552092832
d__Bacteria.p__Bacteroidota.c__Bacteroidia.o__Bacteroidales.f__Rikenellaceae.g__Alistipes.s__Alistipes.onderdonkii	Laxatives	Laxatives	0.135312187801708	0.157650266199278	146	106	0.392291150506543	0.824688552092832
d__Bacteria.p__Bacillota_A.c__Clostridia.o__Clostridiales.f__Clostridiaceae.g__Clostridium.s__Clostridium.sp000435835	Group	PD	-0.111117181637309	0.131393235449409	146	21	0.399270985496517	0.834230997629594
d__Bacteria.p__Bacillota_A.c__Clostridia.o__Lachnospirales.f__Lachnospiraceae.g__Blautia_A.s__Blautia_A.sp000436615	Laxatives	Laxatives	-0.105500806093773	0.125240949061739	146	41	0.401109094167477	0.83496178785883
d__Bacteria.p__Bacillota_A.c__Clostridia.o__Peptostreptococcales.f__Anaerovoracaceae.g__Hominibacterium.s__Hominibacterium.hominis	Sex_Male1_Female2	Female	-0.136356481753751	0.161777140641069	146	42	0.400839580608792	0.83496178785883
d__Bacteria.p__Bacillota_A.c__Clostridia.o__Lachnospirales.f__Lachnospiraceae.g__Blautia_A.s__Blautia_A.luti	Sex_Male1_Female2	Female	0.127461806954675	0.151885785455645	146	37	0.40288863949036	0.835565718129729
d__Bacteria.p__Bacillota_A.c__Clostridia.o__Oscillospirales.f__Acutalibacteraceae.g__Hominenteromicrobium.s__Hominenteromicrobium.mulieris	Group	PD	-0.294010085368578	0.349844608803563	146	112	0.402214332799416	0.835565718129729
d__Bacteria.p__Desulfobacterota.c__Desulfovibrionia.o__Desulfovibrionales.f__Desulfovibrionaceae.g__Bilophila.s__Bilophila.wadsworthia	Sex_Male1_Female2	Female	-0.164129556987659	0.196202730009313	146	92	0.404379916553731	0.837111192570639
d__Bacteria.p__Bacillota_A.c__Clostridia.o__Lachnospirales.f__Lachnospiraceae.g__Blautia_A.s__Blautia_A.sp900066335	Sex_Male1_Female2	Female	-0.204712455415402	0.247587962711666	146	31	0.409838526095502	0.846165721092378
d__Bacteria.p__Bacillota_A.c__Clostridia.o__Lachnospirales.f__Lachnospiraceae.g__Brotaphodocola.s__	Laxatives	Laxatives	0.0626355137538466	0.0758679963097432	146	18	0.410540247366792	0.846165721092378
d__Bacteria.p__Bacillota_A.c__Clostridia.o__Lachnospirales.f__Lachnospiraceae.g__Scatomonas.s__Scatomonas.merdavium	Sex_Male1_Female2	Female	-0.0940750153189068	0.114065753453845	146	19	0.41101632619906	0.846165721092378
d__Bacteria.p__Bacteroidota.c__Bacteroidia.o__Bacteroidales.f__Bacteroidaceae.g__Bacteroides.s__Bacteroides.stercoris	Laxatives	Laxatives	0.130883325458615	0.158966346849053	146	49	0.411811117141969	0.846249218742288
d__Bacteria.p__Bacillota_A.c__Clostridia.o__Lachnospirales.f__Lachnospiraceae.g__Anaerobutyricum.s__Anaerobutyricum.hallii	Sex_Male1_Female2	Female	-0.234179808301183	0.286095387584898	146	113	0.41453681949746	0.850293073996618
d__Bacteria.p__Actinomycetota.c__Actinomycetes.o__Actinomycetales.f__Bifidobacteriaceae.g__Bifidobacterium.s__Bifidobacterium.infantis	Laxatives	Laxatives	-0.168946536652752	0.212361099542966	146	87	0.427725521517753	0.850517349094979
d__Bacteria.p__Bacillota_A.c__Clostridia.o__Christensenellales.f__Aristaeellaceae.g__Faecivicinus.s__Faecivicinus.avistercoris	Laxatives	Laxatives	0.0631178450128271	0.0803569087801995	146	28	0.433597079930774	0.850517349094979
d__Bacteria.p__Bacillota_A.c__Clostridia.o__Christensenellales.f__Aristaeellaceae.g__Fimadaptatus.s__Fimadaptatus.sp900553645	Group	PD	-0.0827576255478375	0.102574404922296	146	17	0.421240732770895	0.850517349094979
d__Bacteria.p__Bacillota_A.c__Clostridia.o__Christensenellales.f__UBA1750.g__Spyradocola.s__Spyradocola.merdavium	Laxatives	Laxatives	0.0601233977656078	0.0759864893341602	146	38	0.430235368868338	0.850517349094979
d__Bacteria.p__Bacillota_A.c__Clostridia.o__Clostridiales.f__Clostridiaceae.g__Clostridium.s__Clostridium.saudiense	Laxatives	Laxatives	0.0584976308334983	0.0741359673948962	146	30	0.431503438324368	0.850517349094979
d__Bacteria.p__Bacillota_A.c__Clostridia.o__Lachnospirales.f__Anaerotignaceae.g__Anaerotignum.s__Anaerotignum.faecicola	Sex_Male1_Female2	Female	0.148716312100864	0.184729260674114	146	48	0.422249505314223	0.850517349094979
d__Bacteria.p__Bacillota_A.c__Clostridia.o__Lachnospirales.f__CAG.274.g__CAG.274.s__CAG.274.sp900545305	Group	PD	-0.0870337635755293	0.109425301637757	146	17	0.427836230414248	0.850517349094979
d__Bacteria.p__Bacillota_A.c__Clostridia.o__Lachnospirales.f__Lachnospiraceae.g__Anaerostipes.s__	Laxatives	Laxatives	-0.111609153697279	0.142002624036731	146	132	0.433307091821689	0.850517349094979
d__Bacteria.p__Bacillota_A.c__Clostridia.o__Lachnospirales.f__Lachnospiraceae.g__Bariatricus.s__Bariatricus.comes_A	Laxatives	Laxatives	0.0989321604596988	0.12375649738627	146	120	0.42549992819379	0.850517349094979
d__Bacteria.p__Bacillota_A.c__Clostridia.o__Lachnospirales.f__Lachnospiraceae.g__Coprococcus_A.s__Coprococcus_A.catus_A	Laxatives	Laxatives	0.0927712500069132	0.11557417771408	146	93	0.423602762724397	0.850517349094979
d__Bacteria.p__Bacillota_A.c__Clostridia.o__Lachnospirales.f__Lachnospiraceae.g__Eubacterium_I.s__Eubacterium_I.ramulus_A	Laxatives	Laxatives	-0.0511487339705945	0.0645905765211831	146	19	0.429855492051359	0.850517349094979
d__Bacteria.p__Bacillota_A.c__Clostridia.o__Lachnospirales.f__Lachnospiraceae.g__Hominiventricola.s__Hominiventricola.sp003480725	Sex_Male1_Female2	Female	-0.106900282530436	0.131643947821095	146	40	0.418241244260085	0.850517349094979
d__Bacteria.p__Bacillota_A.c__Clostridia.o__Lachnospirales.f__Lachnospiraceae.g__Hungatella.s__Hungatella.effluvii	Sex_Male1_Female2	Female	0.12141545203231	0.153851841961174	146	16	0.431437894945256	0.850517349094979
d__Bacteria.p__Bacillota_A.c__Clostridia.o__Lachnospirales.f__Lachnospiraceae.g__Mediterraneibacter.s__Mediterraneibacter.torques	Sex_Male1_Female2	Female	0.236116997314177	0.300021467417219	146	113	0.432703157942102	0.850517349094979
d__Bacteria.p__Bacillota_A.c__Clostridia.o__Oscillospirales.f__Acutalibacteraceae.g__Acutalibacter.s__Acutalibacter.ornithocaccae	Laxatives	Laxatives	0.0976720237932279	0.123578573212152	146	49	0.430743811348699	0.850517349094979
d__Bacteria.p__Bacillota_A.c__Clostridia.o__Oscillospirales.f__Acutalibacteraceae.g__Acutalibacter.s__Acutalibacter.sp900548545	Group	PD	0.108180758785824	0.134108812803035	146	24	0.421322126228585	0.850517349094979
d__Bacteria.p__Bacillota_A.c__Clostridia.o__Oscillospirales.f__Acutalibacteraceae.g__Hominenteromicrobium.s__Hominenteromicrobium.mulieris	Sex_Male1_Female2	Female	-0.263993630489299	0.323166160603246	146	112	0.415470125122851	0.850517349094979
d__Bacteria.p__Bacillota_A.c__Clostridia.o__Oscillospirales.f__Oscillospiraceae.g__CAG.170.s__CAG.170.sp000432135	Group	PD	-0.220435438457756	0.270438886144293	146	68	0.416493017703349	0.850517349094979
d__Bacteria.p__Bacillota_A.c__Clostridia.o__Oscillospirales.f__Oscillospiraceae.g__CAG.170.s__CAG.170.sp002404795	Sex_Male1_Female2	Female	-0.149777938980138	0.185076381068737	146	44	0.419823650897562	0.850517349094979
d__Bacteria.p__Bacillota_A.c__Clostridia.o__Oscillospirales.f__Oscillospiraceae.g__Evtepia.s__Evtepia.excrementipullorum	Laxatives	Laxatives	0.0907149108754872	0.115174614302739	146	33	0.432336311864695	0.850517349094979
d__Bacteria.p__Bacillota_A.c__Clostridia.o__Oscillospirales.f__Oscillospiraceae.g__Vescimonas.s__Vescimonas.sp900545585	Sex_Male1_Female2	Female	0.0989527415150122	0.125288368605436	146	17	0.43107191190616	0.850517349094979
d__Bacteria.p__Bacillota_A.c__Clostridia.o__Oscillospirales.f__Ruminococcaceae.g__Porcipelethomonas.s__Porcipelethomonas.ammoniilytica	Sex_Male1_Female2	Female	-0.17473892617589	0.219396625001697	146	26	0.427210257256907	0.850517349094979
d__Bacteria.p__Bacteroidota.c__Bacteroidia.o__Bacteroidales.f__Tannerellaceae.g__Parabacteroides.s__Parabacteroides.segnis	Sex_Male1_Female2	Female	0.111867365257835	0.13834006927729	146	25	0.420188172412167	0.850517349094979
d__Bacteria.p__Cyanobacteriota.c__Vampirovibrionia.o__Gastranaerophilales.f__Gastranaerophilaceae.g__CAG.196.s__CAG.196.sp002102975	Sex_Male1_Female2	Female	0.104094000277931	0.129518002006877	146	19	0.423024517080546	0.850517349094979
d__Bacteria.p__Pseudomonadota.c__Gammaproteobacteria.o__Burkholderiales.f__Burkholderiaceae.g__Sutterella.s__Sutterella.wadsworthensis_A	Sex_Male1_Female2	Female	-0.10230054487268	0.130066142381061	146	19	0.43297926649069	0.850517349094979
d__Bacteria.p__Bacillota_A.c__Clostridia.o__Oscillospirales.f__Oscillospiraceae.g__Faecousia.s__Faecousia.sp003525905	Sex_Male1_Female2	Female	0.213545967699008	0.272397913010873	146	85	0.434485442679147	0.850772542209429
d__Bacteria.p__Bacillota_A.c__Clostridia.o__Oscillospirales.f__CAG.382.g__Woodwardibium.s__Woodwardibium.gallinarum	Group	PD	-0.0837379362999481	0.107559791367824	146	17	0.43766381292148	0.851707972377672
d__Bacteria.p__Bacillota_A.c__Clostridia.o__Oscillospirales.f__Ruminococcaceae.g__Negativibacillus.s__Negativibacillus.massiliensis	Group	PD	-0.137091548390388	0.176102850965391	146	25	0.437693295119141	0.851707972377672
d__Bacteria.p__Bacillota_A.c__Clostridia.o__TANB77.f__CAG.508.g__CAG.269.s__CAG.269.sp000431335	Laxatives	Laxatives	-0.0541646334651853	0.0696972351393327	146	18	0.438476227710311	0.851707972377672
d__Bacteria.p__Bacillota_C.c__Negativicutes.o__Veillonellales.f__Dialisteraceae.g__Dialister.s__Dialister.invisus	Group	PD	0.271899350300805	0.350087358150844	146	43	0.438758652436983	0.851707972377672
d__Bacteria.p__Bacteroidota.c__Bacteroidia.o__Bacteroidales.f__Tannerellaceae.g__Parabacteroides.s__Parabacteroides.merdae	Sex_Male1_Female2	Female	-0.173717991313844	0.223462220334634	146	79	0.438328495799662	0.851707972377672
d__Bacteria.p__Bacteroidota.c__Bacteroidia.o__Bacteroidales.f__Bacteroidaceae.g__Bacteroides.s__Bacteroides.thetaiotaomicron	Group	PD	-0.210372492834015	0.272313868692077	146	94	0.441188111690982	0.854944838199104
d__Bacteria.p__Bacillota_A.c__Clostridia.o__Oscillospirales.f__Acutalibacteraceae.g__Clostridium_A.s__Clostridium_A.leptum	Laxatives	Laxatives	0.0875498010464488	0.113686235950458	146	66	0.442626939586652	0.856254183131421
d__Bacteria.p__Bacteroidota.c__Bacteroidia.o__Bacteroidales.f__Rikenellaceae.g__Alistipes_A.s__Alistipes_A.indistinctus	Sex_Male1_Female2	Female	0.153984717399732	0.200316052674423	146	51	0.44344982715524	0.856369545728364
d__Bacteria.p__Bacillota_A.c__Clostridia.o__Lachnospirales.f__Lachnospiraceae.g__Eubacterium_G.s__Eubacterium_G.sp000434315	Laxatives	Laxatives	0.0580668502818614	0.0757485389318448	146	33	0.44471413871382	0.857335504530767
d__Bacteria.p__Bacillota_A.c__Clostridia.o__Lachnospirales.f__Lachnospiraceae.g__Eubacterium_F.s__Eubacterium_F.sp000433735	Sex_Male1_Female2	Female	-0.12491971844681	0.163390104387064	146	32	0.445915254343142	0.857990250069009
d__Bacteria.p__Bacteroidota.c__Bacteroidia.o__Bacteroidales.f__Bacteroidaceae.g__Bacteroides.s__Bacteroides.uniformis	Laxatives	Laxatives	0.111993451636344	0.146698853892492	146	137	0.446583160463727	0.857990250069009
d__Bacteria.p__Bacillota_A.c__Clostridia.o__Christensenellales.f__Aristaeellaceae.g__Faecivicinus.s__Faecivicinus.sp900553265	Laxatives	Laxatives	0.0385105304272674	0.0511537346857661	146	17	0.45289737523047	0.859970812798508
d__Bacteria.p__Bacillota_A.c__Clostridia.o__Christensenellales.f__Aristaeellaceae.g__Ventricola.s__Ventricola.sp900542445	Laxatives	Laxatives	0.0862209542068712	0.116576469490753	146	80	0.460860868415276	0.859970812798508
d__Bacteria.p__Bacillota_A.c__Clostridia.o__Lachnospirales.f__Lachnospiraceae.g__Blautia.s__Blautia.celeris	Sex_Male1_Female2	Female	0.105734715369259	0.140180782498779	146	25	0.452038457722847	0.859970812798508
d__Bacteria.p__Bacillota_A.c__Clostridia.o__Lachnospirales.f__Lachnospiraceae.g__Blautia_A.s__Blautia_A.sp900548245	Group	PD	-0.186670368010381	0.249231631132003	146	47	0.45520993781301	0.859970812798508
d__Bacteria.p__Bacillota_A.c__Clostridia.o__Lachnospirales.f__Lachnospiraceae.g__Butyribacter.s__Butyribacter.sp003529475	Sex_Male1_Female2	Female	-0.214563832216884	0.287905983823756	146	68	0.457451649205676	0.859970812798508
d__Bacteria.p__Bacillota_A.c__Clostridia.o__Lachnospirales.f__Lachnospiraceae.g__CAJJNI01.s__CAJJNI01.sp905193085	Laxatives	Laxatives	-0.0322576027704891	0.0435858784115935	146	16	0.46056790030049	0.859970812798508
d__Bacteria.p__Bacillota_A.c__Clostridia.o__Lachnospirales.f__Lachnospiraceae.g__JAGZHZ01.s__JAGZHZ01.sp018366495	Group	PD	-0.110141551523743	0.148128143876099	146	17	0.458476711953473	0.859970812798508
d__Bacteria.p__Bacillota_A.c__Clostridia.o__Lachnospirales.f__Lachnospiraceae.g__Lachnospira.s__Lachnospira.hominis	Laxatives	Laxatives	0.060369929176753	0.079958150118611	146	35	0.451592805775088	0.859970812798508
d__Bacteria.p__Bacillota_A.c__Clostridia.o__Lachnospirales.f__Lachnospiraceae.g__V9D3004.s__V9D3004.sp900760345	Laxatives	Laxatives	-0.0659028828397498	0.0880187239004912	146	31	0.455357935253302	0.859970812798508
d__Bacteria.p__Bacillota_A.c__Clostridia.o__Oscillospirales.f__Acutalibacteraceae.g__CAG.217.s__	Group	PD	-0.244737707794743	0.325004477550383	146	44	0.452783799169507	0.859970812798508
d__Bacteria.p__Bacillota_A.c__Clostridia.o__Oscillospirales.f__Oscillospiraceae.g__Evtepia.s__Evtepia.excrementipullorum	Sex_Male1_Female2	Female	-0.170637342918328	0.227688641963231	146	33	0.454940062231691	0.859970812798508
d__Bacteria.p__Bacillota_A.c__Clostridia.o__Oscillospirales.f__Oscillospiraceae.g__Vescimonas.s__Vescimonas.cirricatena	Sex_Male1_Female2	Female	0.181786890363185	0.245903788738706	146	38	0.461071593596082	0.859970812798508
d__Bacteria.p__Bacillota_A.c__Clostridia.o__Oscillospirales.f__Ruminococcaceae.g__Negativibacillus.s__Negativibacillus.massiliensis	Laxatives	Laxatives	0.0617457890580339	0.0822872369140038	146	25	0.454378147849608	0.859970812798508
d__Bacteria.p__Bacteroidota.c__Bacteroidia.o__Bacteroidales.f__Bacteroidaceae.g__Bacteroides.s__Bacteroides.caccae	Sex_Male1_Female2	Female	0.224300837710732	0.301994337045304	146	86	0.458973789004837	0.859970812798508
d__Bacteria.p__Bacteroidota.c__Bacteroidia.o__Bacteroidales.f__Tannerellaceae.g__Parabacteroides.s__Parabacteroides.distasonis	Group	PD	0.215868006738495	0.292226726567851	146	117	0.4614103647992	0.859970812798508
d__Bacteria.p__Desulfobacterota.c__Desulfovibrionia.o__Desulfovibrionales.f__Desulfovibrionaceae.g__Bilophila.s__Bilophila.wadsworthia	Group	PD	0.160823998870953	0.212399922065385	146	92	0.450304521406108	0.859970812798508
d__Bacteria.p__Pseudomonadota.c__Gammaproteobacteria.o__Burkholderiales.f__Burkholderiaceae.g__Parasutterella.s__Parasutterella.gallistercoris	Group	PD	-0.112087300231813	0.148389096072681	146	18	0.451388533412118	0.859970812798508
d__Bacteria.p__Pseudomonadota.c__Gammaproteobacteria.o__Enterobacterales.f__Enterobacteriaceae.g__Escherichia.s__Escherichia.coli_F	Laxatives	Laxatives	-0.132286841550501	0.177462804413997	146	61	0.457344682621637	0.859970812798508
d__Bacteria.p__Bacillota_A.c__Clostridia.o__Oscillospirales.f__Ruminococcaceae.g__Negativibacillus.s__Negativibacillus.sp000435195	Group	PD	-0.169300685334375	0.229857688866519	146	49	0.462715653168346	0.860973404402793
d__Bacteria.p__Bacillota_A.c__Clostridia.o__Oscillospirales.f__Oscillospiraceae.g__Evtepia.s__Evtepia.gabavorous	Sex_Male1_Female2	Female	0.18761746604114	0.256484456950657	146	82	0.465782479081413	0.863814779387347
d__Bacteria.p__Bacillota_A.c__Clostridia.o__Peptostreptococcales.f__Anaerovoracaceae.g__Fimisoma.s__Fimisoma.avicola	Sex_Male1_Female2	Female	0.0980297163217114	0.133942561565299	146	20	0.465549860177037	0.863814779387347
d__Bacteria.p__Bacillota_A.c__Clostridia.o__Lachnospirales.f__Lachnospiraceae.g__Dorea.s__Dorea.formicigenerans	Group	PD	-0.165425229350163	0.226892731189712	146	113	0.467248098529383	0.865102915098957
d__Bacteria.p__Bacillota_A.c__Clostridia.o__Lachnospirales.f__Lachnospiraceae.g__Enterocloster.s__Enterocloster.bolteae	Sex_Male1_Female2	Female	0.132924471726565	0.182677699630714	146	34	0.468129583045466	0.865307071131817
d__Bacteria.p__Actinomycetota.c__Coriobacteriia.o__Coriobacteriales.f__Coriobacteriaceae.g__Collinsella.s__Collinsella.sp023656745	Sex_Male1_Female2	Female	-0.223154418938244	0.310290285022209	146	111	0.473311280815659	0.866917500133433
d__Bacteria.p__Actinomycetota.c__Coriobacteriia.o__Coriobacteriales.f__Eggerthellaceae.g__Gordonibacter.s__Gordonibacter.pamelaeae	Laxatives	Laxatives	0.0465757562651374	0.0650375877983581	146	34	0.475182052212176	0.866917500133433
d__Bacteria.p__Bacillota_A.c__Clostridia.o__Lachnospirales.f__Lachnospiraceae.g__Dorea_A.s__Dorea_A.amylophila	Sex_Male1_Female2	Female	0.174459831083278	0.243318129270194	146	69	0.474648695165823	0.866917500133433
d__Bacteria.p__Bacillota_A.c__Clostridia.o__Oscillospirales.f__Oscillospiraceae.g__CAG.170.s__CAG.170.sp900553545	Group	PD	0.0830263472775202	0.115381528467016	146	17	0.47306485612738	0.866917500133433
d__Bacteria.p__Bacillota_A.c__Clostridia.o__Oscillospirales.f__Oscillospiraceae.g__Intestinimonas.s__Intestinimonas.massiliensis	Sex_Male1_Female2	Female	0.0944424460475151	0.131424968714747	146	30	0.473665011891827	0.866917500133433
d__Bacteria.p__Bacillota_I.c__Bacilli_A.o__Erysipelotrichales.f__Coprobacillaceae.g__Faecalibacillus.s__Faecalibacillus.intestinalis	Laxatives	Laxatives	-0.0848394267977392	0.118080577079114	146	87	0.473736241797599	0.866917500133433
d__Bacteria.p__Bacteroidota.c__Bacteroidia.o__Bacteroidales.f__Bacteroidaceae.g__Bacteroides.s__Bacteroides.salyersiae	Group	PD	-0.0885275647777962	0.123574589506257	146	18	0.475025929827901	0.866917500133433
d__Bacteria.p__Bacteroidota.c__Bacteroidia.o__Bacteroidales.f__Bacteroidaceae.g__Bacteroides.s__Bacteroides.thetaiotaomicron	Sex_Male1_Female2	Female	0.18035181157502	0.251547759232867	146	94	0.474669937301849	0.866917500133433
d__Bacteria.p__Bacillota.c__Bacilli.o__MOL361.f__Turicibacteraceae.g__Turicibacter.s__Turicibacter.sanguinis	Sex_Male1_Female2	Female	0.0925833622151275	0.129889101620067	146	21	0.47724482197741	0.867953521084014
d__Bacteria.p__Bacillota_A.c__Clostridia.o__Oscillospirales.f__Oscillospiraceae.g__Scatomorpha.s__Scatomorpha.intestinigallinarum	Group	PD	0.140877552721921	0.197666550611596	146	23	0.477297078884881	0.867953521084014
d__Bacteria.p__Bacillota_A.c__Clostridia.o__Lachnospirales.f__Lachnospiraceae.g__Choladousia.s__Choladousia.sp902363135	Group	PD	-0.1472463071027	0.207692327432071	146	100	0.479606848137329	0.870742530113403
d__Bacteria.p__Bacillota.c__Bacilli.o__Lactobacillales.f__Streptococcaceae.g__Streptococcus.s__Streptococcus.mutans	Laxatives	Laxatives	0.0645074742090635	0.0927401949906469	146	24	0.487929058243554	0.872081098504922
d__Bacteria.p__Bacillota_A.c__Clostridia.o__Lachnospirales.f__Lachnospiraceae.g__Blautia_A.s__Blautia_A.sp900066205	Laxatives	Laxatives	0.0994719563995957	0.142889474795217	146	44	0.487570593774862	0.872081098504922
d__Bacteria.p__Bacillota_A.c__Clostridia.o__Lachnospirales.f__Lachnospiraceae.g__Blautia_A.s__Blautia_A.sp900120195	Laxatives	Laxatives	-0.0681351224018175	0.0979943286934282	146	35	0.488100975863877	0.872081098504922
d__Bacteria.p__Bacillota_A.c__Clostridia.o__Lachnospirales.f__Lachnospiraceae.g__Jutongia.s__Jutongia.sp003524945	Sex_Male1_Female2	Female	-0.101846371356119	0.146484334619838	146	15	0.48811669328083	0.872081098504922
d__Bacteria.p__Bacillota_A.c__Clostridia.o__Oscillospirales.f__Oscillospiraceae.g__Hominicoprocola.s__Hominicoprocola.sp003522105	Sex_Male1_Female2	Female	-0.0955971006246719	0.136058210576938	146	16	0.483539811902351	0.872081098504922
d__Bacteria.p__Bacillota_A.c__Clostridia.o__Oscillospirales.f__Ruminococcaceae.g__Ruminiclostridium_E.s__Ruminiclostridium_E.siraeum	Group	PD	-0.26284715591394	0.37239152158496	146	72	0.481543769446702	0.872081098504922
d__Bacteria.p__Bacillota_A.c__Clostridia.o__Peptostreptococcales.f__Peptostreptococcaceae.g__Intestinibacter.s__Intestinibacter.sp900540355	Group	PD	0.0950623607776924	0.136371832705869	146	18	0.486986644071909	0.872081098504922
d__Bacteria.p__Bacteroidota.c__Bacteroidia.o__Bacteroidales.f__Bacteroidaceae.g__Bacteroides.s__Bacteroides.clarus	Sex_Male1_Female2	Female	0.137058557161767	0.194987530218557	146	23	0.483359517717791	0.872081098504922
d__Bacteria.p__Desulfobacterota.c__Desulfovibrionia.o__Desulfovibrionales.f__Desulfovibrionaceae.g__Desulfovibrio.s__Desulfovibrio.sp018379785	Group	PD	0.0957900083378514	0.137086162749805	146	23	0.485942164823778	0.872081098504922
d__Bacteria.p__Verrucomicrobiota.c__Verrucomicrobiae.o__Verrucomicrobiales.f__Akkermansiaceae.g__Akkermansia.s__Akkermansia.biwaensis	Group	PD	-0.211034960262418	0.302841044955326	146	20	0.487131040477876	0.872081098504922
d__Bacteria.p__Bacillota.c__Bacilli.o__Lactobacillales.f__Streptococcaceae.g__Streptococcus.s__Streptococcus.thermophilus	Laxatives	Laxatives	0.0918407518221153	0.132807532349024	146	75	0.490454580487613	0.874515690498439
d__Bacteria.p__Bacteroidota.c__Bacteroidia.o__Bacteroidales.f__Bacteroidaceae.g__Phocaeicola.s__Phocaeicola.massiliensis	Laxatives	Laxatives	-0.073917529687022	0.107033647637456	146	34	0.491038221937626	0.874515690498439
d__Bacteria.p__Actinomycetota.c__Coriobacteriia.o__Coriobacteriales.f__Eggerthellaceae.g__Anaerotardibacter.s__Anaerotardibacter.sp000435675	Sex_Male1_Female2	Female	-0.18172017208589	0.268206711277155	146	52	0.49925968079951	0.877240898463584
d__Bacteria.p__Bacillota_A.c__Clostridia.o__Christensenellales.f__Aristaeellaceae.g__RUG11247.s__RUG11247.sp902767315	Group	PD	0.0588777321618374	0.0872432929007281	146	17	0.50094879852011	0.877240898463584
d__Bacteria.p__Bacillota_A.c__Clostridia.o__Lachnospirales.f__Lachnospiraceae.g__Blautia_A.s__Blautia_A.schinkii_B	Laxatives	Laxatives	-0.0447719702056192	0.0662687103055863	146	19	0.500477577725679	0.877240898463584
d__Bacteria.p__Bacillota_A.c__Clostridia.o__Lachnospirales.f__Lachnospiraceae.g__Enterocloster.s__Enterocloster.sp900541315	Laxatives	Laxatives	0.0540595985872819	0.0791442335696614	146	35	0.495780440860688	0.877240898463584
d__Bacteria.p__Bacillota_A.c__Clostridia.o__Lachnospirales.f__Lachnospiraceae.g__Eubacterium_I.s__Eubacterium_I.ramulus	Sex_Male1_Female2	Female	-0.14639493129836	0.216695489076944	146	77	0.500498767235685	0.877240898463584
d__Bacteria.p__Bacillota_A.c__Clostridia.o__Lachnospirales.f__Lachnospiraceae.g__Frisingicoccus.s__Frisingicoccus.sp900549105	Sex_Male1_Female2	Female	0.0857692623121864	0.126736318238966	146	16	0.499755526833561	0.877240898463584
d__Bacteria.p__Bacillota_A.c__Clostridia.o__Lachnospirales.f__Lachnospiraceae.g__Lachnospira.s__Lachnospira.sp000437735	Laxatives	Laxatives	-0.0597092823763213	0.0872867344933209	146	39	0.495146174882716	0.877240898463584
d__Bacteria.p__Bacillota_A.c__Clostridia.o__Lachnospirales.f__Lachnospiraceae.g__Massilistercora.s__Massilistercora.sp902406105	Sex_Male1_Female2	Female	0.0572149574645949	0.0846803117467111	146	15	0.500448582570132	0.877240898463584
d__Bacteria.p__Bacillota_A.c__Clostridia.o__Lachnospirales.f__Lachnospiraceae.g__V9D3004.s__V9D3004.sp900760345	Sex_Male1_Female2	Female	-0.117369457756461	0.174004174735602	146	31	0.501168819888732	0.877240898463584
d__Bacteria.p__Bacillota_A.c__Clostridia.o__Oscillospirales.f__Acutalibacteraceae.g__Acutalibacter.s__Acutalibacter.ornithocaccae	Sex_Male1_Female2	Female	-0.166033367332879	0.244302424460209	146	49	0.497942820857395	0.877240898463584
d__Bacteria.p__Bacillota_A.c__Clostridia.o__Oscillospirales.f__Oscillospiraceae.g__Vescimonas.s__Vescimonas.sp000435555	Sex_Male1_Female2	Female	-0.224576679940451	0.330601959588814	146	60	0.498148636774894	0.877240898463584
d__Bacteria.p__Bacillota_A.c__Clostridia.o__Clostridiales.f__Clostridiaceae.g__Clostridium.s__Clostridium.saudiense	Sex_Male1_Female2	Female	-0.0972540175706847	0.146559359794382	146	30	0.508124588676211	0.879669913448627
d__Bacteria.p__Bacillota_A.c__Clostridia.o__Lachnospirales.f__Lachnospiraceae.g__Blautia_A.s__Blautia_A.sp000436615	Group	PD	-0.177437798268316	0.268028056531207	146	41	0.509126400698851	0.879669913448627
d__Bacteria.p__Bacillota_A.c__Clostridia.o__Lachnospirales.f__Lachnospiraceae.g__Blautia_A.s__Blautia_A.sp003474435	Sex_Male1_Female2	Female	-0.0885952624300959	0.13393358884388	146	18	0.509462171849203	0.879669913448627
d__Bacteria.p__Bacillota_A.c__Clostridia.o__Lachnospirales.f__Lachnospiraceae.g__Blautia_A.s__Blautia_A.sp900551715	Group	PD	-0.0743337341669141	0.11304213840058	146	20	0.511964753548978	0.879669913448627
d__Bacteria.p__Bacillota_A.c__Clostridia.o__Lachnospirales.f__Lachnospiraceae.g__Eisenbergiella.s__Eisenbergiella.tayi	Group	PD	0.132302004324891	0.198440993978478	146	38	0.506131837577793	0.879669913448627
d__Bacteria.p__Bacillota_A.c__Clostridia.o__Lachnospirales.f__Lachnospiraceae.g__Eisenbergiella.s__Eisenbergiella.tayi	Sex_Male1_Female2	Female	0.122049944606942	0.183308281781541	146	38	0.506698185813924	0.879669913448627
d__Bacteria.p__Bacillota_A.c__Clostridia.o__Lachnospirales.f__Lachnospiraceae.g__Roseburia_B.s__Roseburia_B.zhanii	Sex_Male1_Female2	Female	-0.0764673465101229	0.116131074115946	146	20	0.511399950620965	0.879669913448627
d__Bacteria.p__Bacillota_A.c__Clostridia.o__Oscillospirales.f__Acutalibacteraceae.g__Ruminococcus_E.s__Ruminococcus_E.intestinalis	Group	PD	-0.201273708484375	0.305389349002628	146	19	0.511006090982881	0.879669913448627
d__Bacteria.p__Bacillota_A.c__Clostridia.o__Oscillospirales.f__Oscillospiraceae.g__Onthomonas.s__Onthomonas.sp900545815	Group	PD	-0.101862156199636	0.154299978441526	146	27	0.510312387444155	0.879669913448627
d__Bacteria.p__Bacillota_A.c__Clostridia.o__Peptostreptococcales.f__Anaerovoracaceae.g__Alangreenwoodia.s__Alangreenwoodia.sp905206455	Sex_Male1_Female2	Female	-0.114706037773046	0.172822141451433	146	51	0.508033995403185	0.879669913448627
d__Bacteria.p__Bacillota_I.c__Bacilli_A.o__Erysipelotrichales.f__Coprobacillaceae.g__Faecalibacillus.s__Faecalibacillus.faecis	Sex_Male1_Female2	Female	0.102854739855373	0.153578992755035	146	30	0.504215804756856	0.879669913448627
d__Bacteria.p__Bacteroidota.c__Bacteroidia.o__Bacteroidales.f__Bacteroidaceae.g__Bacteroides.s__Bacteroides.eggerthii	Sex_Male1_Female2	Female	0.171170857250203	0.259487813436733	146	27	0.510637183402146	0.879669913448627
d__Bacteria.p__Actinomycetota.c__Actinomycetes.o__Actinomycetales.f__Bifidobacteriaceae.g__Bifidobacterium.s__Bifidobacterium.pseudocatenulatum	Sex_Male1_Female2	Female	-0.162244696475787	0.254555712421276	146	26	0.525000018339612	0.883125590691905
d__Bacteria.p__Bacillota_A.c__Clostridia.o__Christensenellales.f__Aristaeellaceae.g__Pullichristensenella.s__Pullichristensenella.sp946496415	Laxatives	Laxatives	-0.0424787798825641	0.0669343065646104	146	33	0.526774011171101	0.883125590691905
d__Bacteria.p__Bacillota_A.c__Clostridia.o__Clostridiales.f__Clostridiaceae.g__Clostridium.s__Clostridium.sp900540255	Laxatives	Laxatives	-0.0408977781885498	0.0636356608764814	146	19	0.521550816963493	0.883125590691905
d__Bacteria.p__Bacillota_A.c__Clostridia.o__Lachnospirales.f__Lachnospiraceae.g__Alitiscatomonas.s__Alitiscatomonas.sp900066535	Laxatives	Laxatives	-0.0531960924476485	0.0843769582685574	146	40	0.529493527859417	0.883125590691905
d__Bacteria.p__Bacillota_A.c__Clostridia.o__Lachnospirales.f__Lachnospiraceae.g__Blautia_A.s__Blautia_A.schinkii_B	Sex_Male1_Female2	Female	0.0854573124791428	0.131006582878349	146	19	0.515342174493591	0.883125590691905
d__Bacteria.p__Bacillota_A.c__Clostridia.o__Lachnospirales.f__Lachnospiraceae.g__Enterocloster.s__Enterocloster.bolteae	Laxatives	Laxatives	0.0589220210373906	0.092406162271708	146	34	0.524819893457356	0.883125590691905
d__Bacteria.p__Bacillota_A.c__Clostridia.o__Lachnospirales.f__Lachnospiraceae.g__Enterocloster.s__Enterocloster.sp001517625	Laxatives	Laxatives	0.0696200684148601	0.108159493333051	146	24	0.520908453713549	0.883125590691905
d__Bacteria.p__Bacillota_A.c__Clostridia.o__Lachnospirales.f__Lachnospiraceae.g__Otoolea.s__Otoolea.symbiosa	Laxatives	Laxatives	0.0333477347191529	0.0517579429650569	146	15	0.520506322288574	0.883125590691905
d__Bacteria.p__Bacillota_A.c__Clostridia.o__Monoglobales.f__Monoglobaceae.g__Monoglobus.s__Monoglobus.pectinilyticus	Group	PD	0.15616314964061	0.245105323170423	146	62	0.525154195238341	0.883125590691905
d__Bacteria.p__Bacillota_A.c__Clostridia.o__Oscillospirales.f__Oscillospiraceae.g__CAG.103.s__CAG.103.sp000432375	Laxatives	Laxatives	-0.113427181844677	0.178195333745864	146	44	0.525539857771398	0.883125590691905
d__Bacteria.p__Bacillota_A.c__Clostridia.o__Oscillospirales.f__Oscillospiraceae.g__Evtepia.s__Evtepia.excrementipullorum	Group	PD	-0.159203562630476	0.24648510143497	146	33	0.519477001423206	0.883125590691905
d__Bacteria.p__Bacillota_A.c__Clostridia.o__Oscillospirales.f__Oscillospiraceae.g__Scatomorpha.s__Scatomorpha.intestinigallinarum	Sex_Male1_Female2	Female	0.118674220970657	0.182592895912553	146	23	0.516869813793469	0.883125590691905
d__Bacteria.p__Bacillota_A.c__Clostridia.o__Oscillospirales.f__Ruminococcaceae.g__Harryflintia.s__Harryflintia.acetispora	Sex_Male1_Female2	Female	-0.053569278207204	0.0847546563927973	146	18	0.528454978926566	0.883125590691905
d__Bacteria.p__Bacillota_A.c__Clostridia.o__Oscillospirales.f__Ruminococcaceae.g__Porcipelethomonas.s__Porcipelethomonas.ammoniilytica	Group	PD	-0.152130874200891	0.237508550719743	146	26	0.522948238495947	0.883125590691905
d__Bacteria.p__Bacillota_A.c__Clostridia.o__Peptostreptococcales.f__Anaerovoracaceae.g__Lentihominibacter.s__Lentihominibacter.faecis	Laxatives	Laxatives	0.0551457641790428	0.0869948207151767	146	71	0.527253273815914	0.883125590691905
d__Bacteria.p__Bacillota_A.c__Clostridia.o__TANB77.f__CAG.508.g__CAG.269.s__CAG.269.sp000437215	Group	PD	-0.0695343947803674	0.110462400988607	146	16	0.530128054329633	0.883125590691905
d__Bacteria.p__Bacillota_A.c__Clostridia.o__TANB77.f__CAG.508.g__CAG.273.s__CAG.273.sp000438355	Laxatives	Laxatives	-0.0553571673353085	0.0861796948665892	146	40	0.521771222952195	0.883125590691905
d__Bacteria.p__Bacteroidota.c__Bacteroidia.o__Bacteroidales.f__Marinifilaceae.g__Odoribacter.s__Odoribacter.laneus	Laxatives	Laxatives	-0.0616706132772001	0.0962734475665546	146	22	0.522916102355565	0.883125590691905
d__Bacteria.p__Bacteroidota.c__Bacteroidia.o__Bacteroidales.f__Rikenellaceae.g__Alistipes.s__Alistipes.putredinis	Laxatives	Laxatives	-0.119181166414532	0.18868179746733	146	113	0.528715247267969	0.883125590691905
d__Bacteria.p__Bacteroidota.c__Bacteroidia.o__Bacteroidales.f__Tannerellaceae.g__Parabacteroides.s__Parabacteroides.distasonis	Sex_Male1_Female2	Female	-0.172253706144643	0.269942102505326	146	117	0.524513687757839	0.883125590691905
d__Bacteria.p__Bacteroidota.c__Bacteroidia.o__Bacteroidales.f__Tannerellaceae.g__Parabacteroides.s__Parabacteroides.johnsonii	Group	PD	-0.0894577636307525	0.142243222617888	146	16	0.530505033980698	0.883125590691905
d__Bacteria.p__Bacteroidota.c__Bacteroidia.o__Bacteroidales.f__Rikenellaceae.g__Alistipes.s__Alistipes.finegoldii	Laxatives	Laxatives	-0.088583361900378	0.141281952589929	146	87	0.531752418122364	0.883890686123396
d__Bacteria.p__Bacillota_I.c__Bacilli_A.o__Erysipelotrichales.f__Erysipelotrichaceae.g__Merdibacter.s__Merdibacter.merdipullorum	Group	PD	0.0802910024165674	0.129349357707811	146	18	0.535855881012644	0.889377802094752
d__Bacteria.p__Bacteroidota.c__Bacteroidia.o__Bacteroidales.f__Bacteroidaceae.g__Phocaeicola.s__Phocaeicola.dorei	Group	PD	-0.24585051365574	0.396829559196958	146	76	0.536638834240773	0.889377802094752
d__Bacteria.p__Actinomycetota.c__Actinomycetes.o__Actinomycetales.f__Bifidobacteriaceae.g__Bifidobacterium.s__Bifidobacterium.adolescentis	Sex_Male1_Female2	Female	-0.246899515562555	0.401035718984348	146	67	0.539190617613982	0.890974776086727
d__Bacteria.p__Bacillota_A.c__Clostridia.o__Lachnospirales.f__Lachnospiraceae.g__Jutongia.s__Jutongia.sp003524945	Laxatives	Laxatives	-0.0456589395615841	0.0740980164656513	146	15	0.538834088191258	0.890974776086727
d__Bacteria.p__Bacillota_A.c__Clostridia.o__Lachnospirales.f__Lachnospiraceae.g__Muricoprocola.s__Muricoprocola.aceti	Laxatives	Laxatives	-0.0292554201713258	0.0477210284430586	146	17	0.54090555224387	0.892494161202385
d__Bacteria.p__Bacillota_A.c__Clostridia.o__Christensenellales.f__CAG.138.g__UBA1685.s__UBA1685.sp002320595	Group	PD	-0.10116917684894	0.169451576604308	146	19	0.551511929975691	0.894214429816077
d__Bacteria.p__Bacillota_A.c__Clostridia.o__Christensenellales.f__QAND01.g__QAND01.s__QAND01.sp003150225	Laxatives	Laxatives	0.0439869347567597	0.073365336570759	146	25	0.549834971998466	0.894214429816077
d__Bacteria.p__Bacillota_A.c__Clostridia.o__Lachnospirales.f__Lachnospiraceae.g__Bariatricus.s__Bariatricus.comes_A	Sex_Male1_Female2	Female	-0.148514184046829	0.244654162678066	146	120	0.544876903512959	0.894214429816077
d__Bacteria.p__Bacillota_A.c__Clostridia.o__Lachnospirales.f__Lachnospiraceae.g__Gallintestinimicrobium.s__Gallintestinimicrobium.propionicum	Laxatives	Laxatives	0.0600773696830617	0.100354356245763	146	75	0.550438500069167	0.894214429816077
d__Bacteria.p__Bacillota_A.c__Clostridia.o__Oscillospirales.f__CAG.272.g__UMGS1696.s__UMGS1696.sp900753285	Laxatives	Laxatives	-0.0238074768334755	0.039558790922954	146	15	0.548330662985506	0.894214429816077
d__Bacteria.p__Bacillota_A.c__Clostridia.o__Oscillospirales.f__Ruminococcaceae.g__Anaerotruncus.s__Anaerotruncus.colihominis	Laxatives	Laxatives	0.029772326070284	0.0491066386400892	146	19	0.545378630983963	0.894214429816077
d__Bacteria.p__Bacillota_A.c__Clostridia.o__Oscillospirales.f__Ruminococcaceae.g__Hominimerdicola.s__Hominimerdicola.aceti	Sex_Male1_Female2	Female	-0.214099025897631	0.357965714716844	146	83	0.550806345347713	0.894214429816077
d__Bacteria.p__Bacillota_A.c__Clostridia.o__Oscillospirales.f__Ruminococcaceae.g__Ruthenibacterium.s__Ruthenibacterium.lactatiformans	Laxatives	Laxatives	0.0682374066502013	0.113378833225149	146	111	0.548312113059872	0.894214429816077
d__Bacteria.p__Bacillota_A.c__Clostridia.o__Peptostreptococcales.f__Peptostreptococcaceae.g__Intestinibacter.s__Intestinibacter.bartlettii	Laxatives	Laxatives	0.0648952727296098	0.107944669680868	146	54	0.548752215042564	0.894214429816077
d__Bacteria.p__Bacillota_I.c__Bacilli_A.o__Erysipelotrichales.f__Coprobacillaceae.g__Thomasclavelia.s__Thomasclavelia.spiroformis	Sex_Male1_Female2	Female	-0.0751342514071029	0.125030892044644	146	21	0.548927947403157	0.894214429816077
d__Bacteria.p__Bacteroidota.c__Bacteroidia.o__Bacteroidales.f__Rikenellaceae.g__Alistipes_A.s__Alistipes_A.hominis	Laxatives	Laxatives	-0.0431004758437576	0.0716221462342419	146	36	0.548363429185111	0.894214429816077
d__Bacteria.p__Verrucomicrobiota.c__Verrucomicrobiae.o__Verrucomicrobiales.f__Akkermansiaceae.g__Akkermansia.s__Akkermansia.muciniphila	Sex_Male1_Female2	Female	-0.268444471393627	0.449168221101845	146	54	0.551106580389862	0.894214429816077
d__Bacteria.p__Bacillota_A.c__Clostridia.o__Oscillospirales.f__Butyricicoccaceae.g__Agathobaculum.s__Agathobaculum.hominis	Sex_Male1_Female2	Female	-0.117053770667764	0.196677477614477	146	42	0.552765934391898	0.894954369967835
d__Bacteria.p__Bacillota_A.c__Clostridia.o__Oscillospirales.f__Oscillospiraceae.g__Faecousia.s__Faecousia.sp958436045	Group	PD	-0.0788227690071371	0.132788148206788	146	30	0.553804632720255	0.895344089210556
d__Bacteria.p__Bacillota.c__Bacilli.o__Lactobacillales.f__Streptococcaceae.g__Streptococcus.s__Streptococcus.sp001556435	Sex_Male1_Female2	Female	0.159299925280002	0.27680570098465	146	113	0.565944707858602	0.895862157749648
d__Bacteria.p__Bacillota_A.c__Clostridia.o__Christensenellales.f__Aristaeellaceae.g__Limiplasma.s__Limiplasma.sp900548145	Laxatives	Laxatives	-0.0394336094749198	0.0694046693483464	146	17	0.570892551507128	0.895862157749648
d__Bacteria.p__Bacillota_A.c__Clostridia.o__Lachnospirales.f__Lachnospiraceae.g__Choladousia.s__Choladousia.sp902363665	Laxatives	Laxatives	-0.0635257491516221	0.108173093467219	146	61	0.558039801406652	0.895862157749648
d__Bacteria.p__Bacillota_A.c__Clostridia.o__Lachnospirales.f__Lachnospiraceae.g__Eubacterium_F.s__Eubacterium_F.sp900539115	Laxatives	Laxatives	-0.0460038492554962	0.0786386286919925	146	31	0.559551847859661	0.895862157749648
d__Bacteria.p__Bacillota_A.c__Clostridia.o__Oscillospirales.f__Acutalibacteraceae.g__UMGS1264.s__UMGS1264.sp904399395	Group	PD	0.0906705380274341	0.15586466957404	146	27	0.561750931553792	0.895862157749648
d__Bacteria.p__Bacillota_A.c__Clostridia.o__Oscillospirales.f__Oscillospiraceae.g__CAG.170.s__CAG.170.sp000432135	Sex_Male1_Female2	Female	-0.144049807764119	0.249815759093611	146	68	0.565182849879367	0.895862157749648
d__Bacteria.p__Bacillota_A.c__Clostridia.o__Oscillospirales.f__Oscillospiraceae.g__Enterenecus.s__Enterenecus.sp900549885	Sex_Male1_Female2	Female	0.0799350071076206	0.139679121036236	146	34	0.568115813107833	0.895862157749648
d__Bacteria.p__Bacillota_A.c__Clostridia.o__Oscillospirales.f__Oscillospiraceae.g__Faecousia.s__Faecousia.sp003525905	Group	PD	0.172147722821629	0.294885272450269	146	85	0.560373075779295	0.895862157749648
d__Bacteria.p__Bacillota_A.c__Clostridia.o__Oscillospirales.f__Oscillospiraceae.g__Flavonifractor.s__Flavonifractor.plautii	Laxatives	Laxatives	0.0649850442126367	0.110209083482407	146	65	0.556439374378147	0.895862157749648
d__Bacteria.p__Bacillota_A.c__Clostridia.o__Oscillospirales.f__Oscillospiraceae.g__Vescimonas.s__Vescimonas.sp000435975	Laxatives	Laxatives	0.0553400457261377	0.0971768528900617	146	27	0.570007248836125	0.895862157749648
d__Bacteria.p__Bacillota_A.c__Clostridia.o__Oscillospirales.f__Oscillospiraceae.g__Vescimonas.s__Vescimonas.sp900552475	Laxatives	Laxatives	0.0326970573823063	0.0559942562949093	146	18	0.560267566908241	0.895862157749648
d__Bacteria.p__Bacillota_A.c__Clostridia.o__Oscillospirales.f__Ruminococcaceae.g__CAG.115.s__CAG.115.sp003531585	Laxatives	Laxatives	-0.0375825658158343	0.065879607633831	146	20	0.569333838146024	0.895862157749648
d__Bacteria.p__Bacillota_A.c__Clostridia.o__Oscillospirales.f__Ruminococcaceae.g__Faecalibacterium.s__Faecalibacterium.prausnitzii_D	Sex_Male1_Female2	Female	-0.164941722267718	0.286192342372402	146	107	0.565379897880378	0.895862157749648
d__Bacteria.p__Bacillota_C.c__Negativicutes.o__Acidaminococcales.f__Acidaminococcaceae.g__Phascolarctobacterium.s__Phascolarctobacterium.faecium	Group	PD	-0.168451258223002	0.291521921711157	146	66	0.56436815499571	0.895862157749648
d__Bacteria.p__Bacillota_I.c__Bacilli_A.o__Erysipelotrichales.f__Erysipelotrichaceae.g__Clostridium_AQ.s__Clostridium_AQ.innocuum	Laxatives	Laxatives	0.0529802064959345	0.0916443217745736	146	34	0.564184466855765	0.895862157749648
d__Bacteria.p__Bacillota_I.c__Bacilli_A.o__Erysipelotrichales.f__Erysipelotrichaceae.g__Longicatena.s__Longicatena.caecimuris	Laxatives	Laxatives	-0.0477747714654771	0.083600933018065	146	28	0.568665563974985	0.895862157749648
d__Bacteria.p__Bacteroidota.c__Bacteroidia.o__Bacteroidales.f__Bacteroidaceae.g__Bacteroides.s__Bacteroides.caccae	Group	PD	0.190452133580426	0.326924980348467	146	86	0.561193553415847	0.895862157749648
d__Bacteria.p__Bacteroidota.c__Bacteroidia.o__Bacteroidales.f__Marinifilaceae.g__Butyricimonas.s__Butyricimonas.paravirosa	Group	PD	0.0936338837715224	0.160821186742168	146	40	0.561416811022722	0.895862157749648
d__Bacteria.p__Bacteroidota.c__Bacteroidia.o__Bacteroidales.f__Rikenellaceae.g__Alistipes.s__Alistipes.dispar	Sex_Male1_Female2	Female	-0.0985778603210436	0.172198068421385	146	20	0.567986233768001	0.895862157749648
d__Bacteria.p__Bacteroidota.c__Bacteroidia.o__Bacteroidales.f__Rikenellaceae.g__Alistipes.s__Alistipes.putredinis	Sex_Male1_Female2	Female	-0.21232059809152	0.373004958502352	146	113	0.570183879530011	0.895862157749648
d__Bacteria.p__Bacteroidota.c__Bacteroidia.o__Bacteroidales.f__Tannerellaceae.g__Parabacteroides.s__Parabacteroides.segnis	Group	PD	0.0856394624322314	0.149760505022644	146	25	0.568408430978673	0.895862157749648
d__Bacteria.p__Bacillota.c__Bacilli.o__Lactobacillales.f__Streptococcaceae.g__Streptococcus.s__Streptococcus.sp001556435	Laxatives	Laxatives	0.0790556758321897	0.140020115069485	146	113	0.573309815865268	0.897688618037138
d__Bacteria.p__Bacillota_A.c__Clostridia.o__Peptostreptococcales.f__Peptostreptococcaceae.g__Romboutsia.s__Romboutsia.timonensis	Sex_Male1_Female2	Female	0.131599820252731	0.233783857882161	146	80	0.574456709225192	0.897688618037138
d__Bacteria.p__Bacteroidota.c__Bacteroidia.o__Bacteroidales.f__Bacteroidaceae.g__Paraprevotella.s__Paraprevotella.clara	Group	PD	-0.0888751687315208	0.157826904245444	146	19	0.574317090062079	0.897688618037138
d__Bacteria.p__Pseudomonadota.c__Alphaproteobacteria.o__RF32.f__CAG.239.g__Scatacola_A.s__Scatacola_A.faecigallinarum	Group	PD	0.139139989331599	0.24782296922779	146	26	0.575450630796385	0.89799110953205
d__Bacteria.p__Bacillota_A.c__Clostridia.o__Lachnospirales.f__Lachnospiraceae.g__Hominisplanchenecus.s__Hominisplanchenecus.faecis	Sex_Male1_Female2	Female	-0.149066009509173	0.267292917790513	146	65	0.578009321735661	0.899481912603899
d__Bacteria.p__Bacillota_A.c__Clostridia.o__Oscillospirales.f__Oscillospiraceae.g__Lawsonibacter.s__Lawsonibacter.asaccharolyticus	Laxatives	Laxatives	0.0585804806294654	0.104865121852596	146	85	0.577369981855778	0.899481912603899
d__Bacteria.p__Bacillota_A.c__Clostridia.o__Clostridiales.f__Clostridiaceae.g__Clostridium.s__Clostridium.sp000435835	Sex_Male1_Female2	Female	-0.0672110965152836	0.121373450843331	146	21	0.580690819900218	0.902403185495907
d__Bacteria.p__Bacillota_A.c__Clostridia.o__Lachnospirales.f__Lachnospiraceae.g__Brotaphodocola.s__	Group	PD	0.0893270689139151	0.162365039199704	146	18	0.583145138130052	0.902545734182345
d__Bacteria.p__Bacillota_A.c__Clostridia.o__Lachnospirales.f__Lachnospiraceae.g__Enterocloster.s__Enterocloster.sp000431375	Sex_Male1_Female2	Female	0.122041267455511	0.221659396139952	146	64	0.582859183438672	0.902545734182345
d__Bacteria.p__Bacillota_A.c__Clostridia.o__Oscillospirales.f__Ruminococcaceae.g__Faecalibacterium.s__Faecalibacterium.sp900539945	Laxatives	Laxatives	-0.0734241800800329	0.134050075194633	146	80	0.584804588904246	0.902545734182345
d__Bacteria.p__Bacillota_A.c__Clostridia.o__TANB77.f__CAG.508.g__CAG.245.s__CAG.245.sp000435175	Sex_Male1_Female2	Female	0.0770232701436834	0.140552707496232	146	30	0.584622595967197	0.902545734182345
d__Bacteria.p__Bacillota_I.c__Bacilli_A.o__Erysipelotrichales.f__Coprobacillaceae.g__Coprobacillus.s__Coprobacillus.cateniformis	Sex_Male1_Female2	Female	-0.0576178682417784	0.105181598454045	146	15	0.584765399258757	0.902545734182345
d__Bacteria.p__Bacillota_A.c__Clostridia.o__Christensenellales.f__Aristaeellaceae.g__Pullichristensenella.s__Pullichristensenella.stercorigallinarum	Group	PD	0.0738300144212778	0.135693787953627	146	23	0.587302471096923	0.903464917413485
d__Bacteria.p__Bacillota_A.c__Clostridia.o__Lachnospirales.f__Lachnospiraceae.g__Fusicatenibacter.s__Fusicatenibacter.saccharivorans	Laxatives	Laxatives	-0.0806141853583843	0.149175132296726	146	132	0.589839053801357	0.903464917413485
d__Bacteria.p__Bacillota_A.c__Clostridia.o__Oscillospirales.f__Oscillospiraceae.g__HGM13006.s__HGM13006.sp900757695	Laxatives	Laxatives	-0.0398771195223771	0.07384887296507	146	25	0.590125675893311	0.903464917413485
d__Bacteria.p__Bacillota_A.c__Clostridia.o__Oscillospirales.f__Ruminococcaceae.g__Anaerotruncus.s__Anaerotruncus.massiliensis	Laxatives	Laxatives	0.0343461270124801	0.0632344655650433	146	20	0.587945983173943	0.903464917413485
d__Bacteria.p__Bacteroidota.c__Bacteroidia.o__Bacteroidales.f__Marinifilaceae.g__Butyricimonas.s__Butyricimonas.paravirosa	Laxatives	Laxatives	-0.0405663039530152	0.075146603372394	146	40	0.590231536955512	0.903464917413485
d__Bacteria.p__Bacteroidota.c__Bacteroidia.o__Bacteroidales.f__Rikenellaceae.g__Alistipes.s__Alistipes.senegalensis	Sex_Male1_Female2	Female	-0.0745393355080374	0.138046479190403	146	29	0.590142541855446	0.903464917413485
d__Bacteria.p__Bacillota_A.c__Clostridia.o__TANB77.f__CAG.508.g__CAG.273.s__CAG.273.sp000438355	Group	PD	0.0991888175512502	0.184433097166628	146	40	0.591624998829148	0.904364099027662
d__Bacteria.p__Bacillota_A.c__Clostridia.o__Clostridiales.f__Clostridiaceae.g__Clostridium.s__Clostridium.sp000435835	Laxatives	Laxatives	0.0328012808023445	0.0613958617651672	146	21	0.594067992774859	0.904402018851277
d__Bacteria.p__Bacillota_A.c__Clostridia.o__Lachnospirales.f__Lachnospiraceae.g__Eubacterium_F.s__Eubacterium_F.sp003491505	Laxatives	Laxatives	-0.0718829807523584	0.134256219183908	146	83	0.593269744514677	0.904402018851277
d__Bacteria.p__Bacillota_A.c__Clostridia.o__Lachnospirales.f__Lachnospiraceae.g__Fusicatenibacter.s__Fusicatenibacter.saccharivorans	Sex_Male1_Female2	Female	0.157597450132239	0.294904250324188	146	132	0.593969164446477	0.904402018851277
d__Bacteria.p__Bacillota_A.c__Clostridia.o__Christensenellales.f__Aristaeellaceae.g__Fimadaptatus.s__Fimadaptatus.sp900553645	Sex_Male1_Female2	Female	-0.0500403140601717	0.0947522865316302	146	17	0.598311459441277	0.90962799118308
d__Bacteria.p__Bacillota.c__Bacilli.o__Lactobacillales.f__Streptococcaceae.g__Streptococcus.s__Streptococcus.sp902463925	Sex_Male1_Female2	Female	0.111131085164979	0.210992849483422	146	23	0.59928886313554	0.909838553000078
d__Bacteria.p__Bacillota_A.c__Clostridia.o__Christensenellales.f__Aristaeellaceae.g__Limiplasma.s__Limiplasma.merdipullorum	Sex_Male1_Female2	Female	-0.125528654415106	0.247053395815758	146	51	0.61223538994212	0.909838553000078
d__Bacteria.p__Bacillota_A.c__Clostridia.o__Lachnospirales.f__Lachnospiraceae.g__AF33.28.s__AF33.28.sp003477885	Sex_Male1_Female2	Female	-0.050123965491368	0.0967136816495476	146	16	0.605142966490111	0.909838553000078
d__Bacteria.p__Bacillota_A.c__Clostridia.o__Lachnospirales.f__Lachnospiraceae.g__Blautia_A.s__Blautia_A.sp934424005	Laxatives	Laxatives	0.0804696856121565	0.157621230454195	146	122	0.610542437694538	0.909838553000078
d__Bacteria.p__Bacillota_A.c__Clostridia.o__Lachnospirales.f__Lachnospiraceae.g__Brotaphodocola.s__Brotaphodocola.sp003478505	Laxatives	Laxatives	-0.0228529217014469	0.0438297993037574	146	22	0.602967488543578	0.909838553000078
d__Bacteria.p__Bacillota_A.c__Clostridia.o__Lachnospirales.f__Lachnospiraceae.g__CAJJNI01.s__CAJJNI01.sp905193085	Sex_Male1_Female2	Female	-0.0445754528085831	0.0861649029553052	146	16	0.605800152641169	0.909838553000078
d__Bacteria.p__Bacillota_A.c__Clostridia.o__Lachnospirales.f__Lachnospiraceae.g__Gallintestinimicrobium.s__Gallintestinimicrobium.propionicum	Sex_Male1_Female2	Female	0.102328032332518	0.198390480636917	146	75	0.60686979468074	0.909838553000078
d__Bacteria.p__Bacillota_A.c__Clostridia.o__Lachnospirales.f__Lachnospiraceae.g__Hominisplanchenecus.s__Hominisplanchenecus.faecis	Laxatives	Laxatives	-0.069640692639385	0.135208144099465	146	65	0.607377116355154	0.909838553000078
d__Bacteria.p__Bacillota_A.c__Clostridia.o__Lachnospirales.f__Lachnospiraceae.g__Otoolea.s__Otoolea.fessa	Laxatives	Laxatives	0.0532558699520072	0.103066646938932	146	84	0.606227789756877	0.909838553000078
d__Bacteria.p__Bacillota_A.c__Clostridia.o__Lachnospirales.f__Lachnospiraceae.g__Roseburia_C.s__Roseburia_C.amylophila	Group	PD	-0.146440696313068	0.287811762848598	146	49	0.611743251371692	0.909838553000078
d__Bacteria.p__Bacillota_A.c__Clostridia.o__Lachnospirales.f__Lachnospiraceae.g__Schaedlerella.s__Schaedlerella.hominis	Laxatives	Laxatives	0.0234910841648761	0.0449224997122987	146	15	0.601909994602778	0.909838553000078
d__Bacteria.p__Bacillota_A.c__Clostridia.o__Oscillospirales.f__Acutalibacteraceae.g__Pseudoruminococcus.s__Pseudoruminococcus.massiliensis	Laxatives	Laxatives	0.0639157635464571	0.124424018983308	146	23	0.608331913120989	0.909838553000078
d__Bacteria.p__Bacillota_A.c__Clostridia.o__Oscillospirales.f__UBA644.g__UBA644.s__UBA644.sp900547165	Sex_Male1_Female2	Female	0.0544546509035554	0.106642127329982	146	15	0.610469697210696	0.909838553000078
d__Bacteria.p__Bacillota_A.c__Clostridia.o__Peptostreptococcales.f__Anaerovoracaceae.g__UMGS973.s__UMGS973.sp900547295	Group	PD	0.0742345417339723	0.143464881102534	146	23	0.605721327152866	0.909838553000078
d__Bacteria.p__Bacteroidota.c__Bacteroidia.o__Bacteroidales.f__Bacteroidaceae.g__Bacteroides.s__Bacteroides.eggerthii	Group	PD	0.14276156862513	0.280909400945967	146	27	0.612159300315425	0.909838553000078
d__Bacteria.p__Bacteroidota.c__Bacteroidia.o__Bacteroidales.f__Tannerellaceae.g__Parabacteroides.s__Parabacteroides.johnsonii	Sex_Male1_Female2	Female	-0.0684123360911846	0.131396039751657	146	16	0.603484281347112	0.909838553000078
d__Bacteria.p__Pseudomonadota.c__Gammaproteobacteria.o__Burkholderiales.f__Burkholderiaceae.g__Sutterella.s__Sutterella.wadsworthensis	Sex_Male1_Female2	Female	0.0557412801746784	0.108607446094886	146	15	0.608650528558755	0.909838553000078
d__Bacteria.p__Bacillota_A.c__Clostridia.o__Christensenellales.f__Aristaeellaceae.g__Limiplasma.s__Limiplasma.sp900548145	Group	PD	0.0749226012889793	0.148532878255802	146	17	0.614815319024943	0.910056448477554
d__Bacteria.p__Bacillota_A.c__Clostridia.o__Peptostreptococcales.f__Anaerovoracaceae.g__Lentihominibacter.s__Lentihominibacter.excrementipullorum	Laxatives	Laxatives	0.0355717003782618	0.070387725321792	146	30	0.614149645428846	0.910056448477554
d__Bacteria.p__Bacteroidota.c__Bacteroidia.o__Bacteroidales.f__Rikenellaceae.g__Alistipes.s__Alistipes.senegalensis	Laxatives	Laxatives	-0.0352517956741472	0.0698297897493426	146	29	0.614530204827501	0.910056448477554
d__Bacteria.p__Bacillota_A.c__Clostridia.o__Lachnospirales.f__Lachnospiraceae.g__Dorea_A.s__Dorea_A.longicatena	Laxatives	Laxatives	0.0843065370422034	0.167782136043368	146	93	0.616176192045373	0.910869153458377
d__Bacteria.p__Bacillota_A.c__Clostridia.o__Oscillospirales.f__Ruminococcaceae.g__Negativibacillus.s__Negativibacillus.massiliensis	Sex_Male1_Female2	Female	0.0813421622073581	0.162673600752059	146	25	0.617890785184604	0.912201922338324
d__Bacteria.p__Bacillota_A.c__Clostridia.o__Lachnospirales.f__Lachnospiraceae.g__Choladousia.s__Choladousia.sp902363135	Laxatives	Laxatives	0.0479968472407699	0.0970479901883157	146	100	0.62173336565953	0.916668641616284
d__Bacteria.p__Bacillota_A.c__Clostridia.o__Christensenellales.f__Aristaeellaceae.g__Pullichristensenella.s__Pullichristensenella.stercorigallinarum	Laxatives	Laxatives	-0.0312331391863299	0.0634053725756721	146	23	0.62312371970076	0.917512878614505
d__Bacteria.p__Bacillota_A.c__Clostridia.o__Lachnospirales.f__Lachnospiraceae.g__Massilistercora.s__Massilistercora.sp902406105	Laxatives	Laxatives	-0.0210133553620109	0.0428349089369076	146	15	0.624554055577575	0.918413696406342
d__Bacteria.p__Bacillota_A.c__Clostridia.o__Oscillospirales.f__Acutalibacteraceae.g__Ruminococcus_E.s__Ruminococcus_E.bromii	Group	PD	0.255228388433338	0.522211277066592	146	92	0.625839133410441	0.919098832050412
d__Bacteria.p__Bacillota_A.c__Clostridia.o__Lachnospirales.f__Lachnospiraceae.g__Choladousia.s__Choladousia.sp902363665	Group	PD	0.112824705586961	0.231501152204577	146	61	0.626816867500189	0.919331405666944
d__Bacteria.p__Bacillota_A.c__Clostridia.o__Lachnospirales.f__Lachnospiraceae.g__Blautia_A.s__Blautia_A.sp000436615	Sex_Male1_Female2	Female	-0.119876308314117	0.247588774511531	146	41	0.629070105830373	0.91997080000873
d__Bacteria.p__Bacillota_A.c__Clostridia.o__Oscillospirales.f__Oscillospiraceae.g__CAG.170.s__CAG.170.sp003516765	Group	PD	-0.0716114064271096	0.148181752000637	146	32	0.629712633161056	0.91997080000873
d__Bacteria.p__Bacillota_A.c__Clostridia.o__Oscillospirales.f__Ruminococcaceae.g__Ruminiclostridium_E.s__Ruminiclostridium_E.siraeum	Laxatives	Laxatives	-0.0844056156325841	0.174006662546594	146	72	0.628436040990772	0.91997080000873
d__Bacteria.p__Actinomycetota.c__Coriobacteriia.o__Coriobacteriales.f__Eggerthellaceae.g__Anaerotardibacter.s__Anaerotardibacter.sp000436075	Sex_Male1_Female2	Female	-0.109484773846169	0.228797501333716	146	37	0.633075974879063	0.920998949835162
d__Bacteria.p__Bacillota_A.c__Clostridia.o__Christensenellales.f__Aristaeellaceae.g__Limiplasma.s__Limiplasma.sp900548145	Sex_Male1_Female2	Female	0.0637811710573794	0.137206058865493	146	17	0.642805738362361	0.920998949835162
d__Bacteria.p__Bacillota_A.c__Clostridia.o__Christensenellales.f__Aristaeellaceae.g__UBA11524.s__UBA11524.sp000437595	Group	PD	-0.186244557530068	0.399878129830435	146	56	0.642165531098709	0.920998949835162
d__Bacteria.p__Bacillota_A.c__Clostridia.o__Christensenellales.f__Aristaeellaceae.g__Ventricola.s__Ventricola.sp900542445	Sex_Male1_Female2	Female	-0.106708972892315	0.230459968838691	146	80	0.644113961392901	0.920998949835162
d__Bacteria.p__Bacillota_A.c__Clostridia.o__Christensenellales.f__UMGS416.g__Parachristensenella.s__Parachristensenella.sp900542005	Sex_Male1_Female2	Female	-0.0448215252386978	0.0963732990354669	146	17	0.642644613463803	0.920998949835162
d__Bacteria.p__Bacillota_A.c__Clostridia.o__Lachnospirales.f__Lachnospiraceae.g__Blautia_A.s__Blautia_A.intestinalis	Group	PD	-0.129441485475686	0.273355921923552	146	80	0.636625217135665	0.920998949835162
d__Bacteria.p__Bacillota_A.c__Clostridia.o__Lachnospirales.f__Lachnospiraceae.g__Butyribacter.s__Butyribacter.intestini	Laxatives	Laxatives	0.0420888320708747	0.0880582596183774	146	24	0.633471199731072	0.920998949835162
d__Bacteria.p__Bacillota_A.c__Clostridia.o__Lachnospirales.f__Lachnospiraceae.g__Clostridium_AP.s__Clostridium_AP.scindens	Laxatives	Laxatives	0.0316190399476479	0.0671477666452591	146	27	0.638504277520199	0.920998949835162
d__Bacteria.p__Bacillota_A.c__Clostridia.o__Oscillospirales.f__Acutalibacteraceae.g__Acutalibacter.s__Acutalibacter.timonensis	Group	PD	0.124710310281491	0.267335897787782	146	61	0.641637529028254	0.920998949835162
d__Bacteria.p__Bacillota_A.c__Clostridia.o__Oscillospirales.f__Oscillospiraceae.g__Dysosmobacter.s__Dysosmobacter.faecalis	Laxatives	Laxatives	0.0351943470244284	0.0735075501475303	146	30	0.632889432553138	0.920998949835162
d__Bacteria.p__Bacillota_A.c__Clostridia.o__Oscillospirales.f__Ruminococcaceae.g__Faecalibacterium.s__Faecalibacterium.sp934514285	Sex_Male1_Female2	Female	-0.14494730667992	0.309439239006089	146	96	0.640263260869707	0.920998949835162
d__Bacteria.p__Bacillota_A.c__Clostridia.o__Oscillospirales.f__Ruminococcaceae.g__Ruminococcus_C.s__Ruminococcus_C.sp000980705	Group	PD	0.083534668921244	0.18018134203881	146	15	0.643693408869351	0.920998949835162
d__Bacteria.p__Bacillota_A.c__Clostridia.o__Oscillospirales.f__Ruminococcaceae.g__UBA3818.s__UBA3818.sp900557155	Laxatives	Laxatives	-0.0346020794941005	0.0741575416290953	146	37	0.641559480801244	0.920998949835162
d__Bacteria.p__Bacillota_A.c__Clostridia.o__Peptostreptococcales.f__Anaerovoracaceae.g__Lentihominibacter.s__Lentihominibacter.faecis	Sex_Male1_Female2	Female	0.0795465328829487	0.171980021000185	146	71	0.644466083627977	0.920998949835162
d__Bacteria.p__Bacteroidota.c__Bacteroidia.o__Bacteroidales.f__Bacteroidaceae.g__Bacteroides.s__Bacteroides.faecis	Group	PD	-0.0854348283352382	0.181359113182622	146	20	0.638366435798318	0.920998949835162
d__Bacteria.p__Bacteroidota.c__Bacteroidia.o__Bacteroidales.f__Bacteroidaceae.g__Bacteroides.s__Bacteroides.faecis	Sex_Male1_Female2	Female	0.0773178188310497	0.167529030954845	146	20	0.645191777692012	0.920998949835162
d__Bacteria.p__Bacteroidota.c__Bacteroidia.o__Bacteroidales.f__Bacteroidaceae.g__Bacteroides.s__Bacteroides.ovatus	Laxatives	Laxatives	0.0607346192892013	0.131423758593839	146	96	0.64475600268442	0.920998949835162
d__Bacteria.p__Pseudomonadota.c__Gammaproteobacteria.o__Burkholderiales.f__Burkholderiaceae.g__Sutterella.s__Sutterella.wadsworthensis	Laxatives	Laxatives	0.0260705386179843	0.0549382727505753	146	15	0.635903286942083	0.920998949835162
d__Bacteria.p__Bacillota_A.c__Clostridia.o__Christensenellales.f__Aristaeellaceae.g__Faecivicinus.s__Faecivicinus.sp900553265	Sex_Male1_Female2	Female	-0.0461890182751275	0.101125794537803	146	17	0.648608530540746	0.92157136142797
d__Bacteria.p__Bacillota_A.c__Clostridia.o__Peptostreptococcales.f__Anaerovoracaceae.g__Hominibacterium.s__Hominibacterium.hominis	Laxatives	Laxatives	0.0374945333132073	0.0818337692019967	146	42	0.647582818519755	0.92157136142797
d__Bacteria.p__Bacteroidota.c__Bacteroidia.o__Bacteroidales.f__Rikenellaceae.g__Alistipes.s__Alistipes.communis	Group	PD	0.12595793857738	0.275998391700032	146	88	0.648878231308464	0.92157136142797
d__Bacteria.p__Pseudomonadota.c__Gammaproteobacteria.o__Burkholderiales.f__Burkholderiaceae.g__Parasutterella.s__Parasutterella.sp900552195	Laxatives	Laxatives	0.0488287874036587	0.106576984230006	146	49	0.647600117125823	0.92157136142797
d__Bacteria.p__Bacillota_A.c__Clostridia.o__Lachnospirales.f__Lachnospiraceae.g__Dorea_D.s__Dorea_D.sp000433535	Group	PD	0.111485187168579	0.246033437998868	146	42	0.651204615141225	0.923706167115619
d__Bacteria.p__Bacillota_A.c__Clostridia.o__Lachnospirales.f__Lachnospiraceae.g__Anaerostipes.s__	Sex_Male1_Female2	Female	0.126193168631498	0.280724922048814	146	132	0.653795095258754	0.923876696322823
d__Bacteria.p__Bacillota_A.c__Clostridia.o__Lachnospirales.f__Lachnospiraceae.g__Mediterraneibacter.s__Mediterraneibacter.faecis	Sex_Male1_Female2	Female	-0.145362221179977	0.321772665067011	146	112	0.652192975583232	0.923876696322823
d__Bacteria.p__Bacillota_A.c__Clostridia.o__Oscillospirales.f__Acutalibacteraceae.g__UMGS1264.s__UMGS1264.sp904399395	Sex_Male1_Female2	Female	-0.0648093152051218	0.143978742482834	146	27	0.653359902825845	0.923876696322823
d__Bacteria.p__Bacillota_I.c__Bacilli_A.o__Erysipelotrichales.f__Erysipelotrichaceae.g__Holdemanella.s__Holdemanella.porci	Laxatives	Laxatives	0.0369137385593109	0.0827754975436362	146	17	0.656369506790289	0.925844072229141
d__Bacteria.p__Bacteroidota.c__Bacteroidia.o__Bacteroidales.f__Bacteroidaceae.g__Bacteroides.s__Bacteroides.zhangwenhongii	Sex_Male1_Female2	Female	-0.0640576074023072	0.143852584012595	146	23	0.656837684041351	0.925844072229141
d__Bacteria.p__Bacillota_A.c__Clostridia.o__Lachnospirales.f__Lachnospiraceae.g__Coprococcus_A.s__Coprococcus_A.catus	Group	PD	-0.104432469478146	0.238257614525879	146	51	0.661878133632185	0.925969159520339
d__Bacteria.p__Bacillota_A.c__Clostridia.o__Lachnospirales.f__Lachnospiraceae.g__Mediterraneibacter.s__Mediterraneibacter.faecis	Laxatives	Laxatives	-0.0717610860882749	0.162766321028179	146	112	0.660023625062082	0.925969159520339
d__Bacteria.p__Bacillota_A.c__Clostridia.o__Lachnospirales.f__Lachnospiraceae.g__Pseudolachnospira.s__Pseudolachnospira.sp022867805	Group	PD	-0.080059728418267	0.182523896857939	146	36	0.661655076185436	0.925969159520339
d__Bacteria.p__Bacillota_A.c__Clostridia.o__Lachnospirales.f__Lachnospiraceae.g__Schaedlerella.s__Schaedlerella.hominis	Sex_Male1_Female2	Female	0.0393208535651578	0.0888072689889934	146	15	0.658665125509788	0.925969159520339
d__Bacteria.p__Bacillota_A.c__Clostridia.o__Oscillospirales.f__Acutalibacteraceae.g__UMGS1071.s__UMGS1071.sp900542375	Group	PD	0.0920184844686537	0.209049487440963	146	61	0.660535341027972	0.925969159520339
d__Bacteria.p__Bacteroidota.c__Bacteroidia.o__Bacteroidales.f__Bacteroidaceae.g__Bacteroides.s__Bacteroides.salyersiae	Laxatives	Laxatives	-0.0253719138059632	0.0577424582708804	146	18	0.661097226809249	0.925969159520339
d__Bacteria.p__Bacillota_A.c__Clostridia.o__Oscillospirales.f__Oscillospiraceae.g__Vescimonas.s__Vescimonas.sp000435975	Sex_Male1_Female2	Female	-0.0838207651656499	0.192108875716657	146	27	0.663323488158004	0.926835558796115
d__Bacteria.p__Bacillota_A.c__Clostridia.o__Lachnospirales.f__Lachnospiraceae.g__Butyribacter.s__Butyribacter.sp003529475	Laxatives	Laxatives	0.0630767905219711	0.145635110985055	146	68	0.665643317827202	0.927766214412572
d__Bacteria.p__Bacillota_A.c__Clostridia.o__Oscillospirales.f__Acutalibacteraceae.g__UMGS1071.s__UMGS1071.sp934476545	Group	PD	0.050335101623154	0.116165961014099	146	19	0.665507032403466	0.927766214412572
d__Bacteria.p__Bacillota_A.c__Clostridia.o__Oscillospirales.f__Ruminococcaceae.g__Anaerotruncus.s__Anaerotruncus.massiliensis	Group	PD	0.0582559080175367	0.135328029994672	146	20	0.667554464810567	0.928124051446662
d__Bacteria.p__Bacillota_A.c__Clostridia.o__Oscillospirales.f__Ruminococcaceae.g__Gemmiger.s__Gemmiger.sp900540775	Group	PD	-0.121967411485012	0.283301104568845	146	33	0.667523312082882	0.928124051446662
d__Bacteria.p__Bacillota_A.c__Clostridia.o__Christensenellales.f__Aristaeellaceae.g__Alectryocaccomicrobium.s__Alectryocaccomicrobium.faecavium	Sex_Male1_Female2	Female	-0.0577953429988374	0.135220085943607	146	23	0.669777474209141	0.928912640374112
d__Bacteria.p__Bacillota_A.c__Clostridia.o__Lachnospirales.f__Lachnospiraceae.g__Anthropogastromicrobium.s__Anthropogastromicrobium.sp934292725	Laxatives	Laxatives	-0.0691500325445606	0.161397566408381	146	94	0.669030571092661	0.928912640374112
d__Archaea.p__Methanobacteriota.c__Methanobacteria.o__Methanobacteriales.f__Methanobacteriaceae.g__Methanobrevibacter_A.s__Methanobrevibacter_A.smithii	Laxatives	Laxatives	-0.075168953936794	0.177687192086911	146	55	0.672959061716255	0.929876930105465
d__Bacteria.p__Bacillota_A.c__Clostridia.o__Lachnospirales.f__Lachnospiraceae.g__Blautia_A.s__Blautia_A.luti	Group	PD	-0.0696613856246831	0.16442446540926	146	37	0.672502765231112	0.929876930105465
d__Bacteria.p__Bacillota_A.c__Clostridia.o__Oscillospirales.f__Oscillospiraceae.g__Hominicoprocola.s__Hominicoprocola.sp003522105	Group	PD	-0.0625270038120233	0.14729027124916	146	16	0.671886278688209	0.929876930105465
d__Bacteria.p__Bacillota_A.c__Clostridia.o__Lachnospirales.f__Lachnospiraceae.g__Brotaphodocola.s__Brotaphodocola.sp003478505	Sex_Male1_Female2	Female	-0.0364064638543429	0.0866471100546689	146	22	0.675050080248232	0.930568782624499
d__Bacteria.p__Bacillota_A.c__Clostridia.o__Lachnospirales.f__Lachnospiraceae.g__Butyribacter.s__Butyribacter.sp000436755	Laxatives	Laxatives	-0.0204855693971033	0.048766403921633	146	17	0.675118528570715	0.930568782624499
d__Bacteria.p__Bacillota_A.c__Clostridia.o__Oscillospirales.f__Ruminococcaceae.g__Gemmiger.s__Gemmiger.formicilis	Laxatives	Laxatives	-0.074818960172155	0.178667058066218	146	97	0.6760759189129	0.930745007386839
d__Bacteria.p__Bacillota_A.c__Clostridia.o__Christensenellales.f__Aristaeellaceae.g__Faecivicinus.s__Faecivicinus.sp900553265	Group	PD	-0.0450651930958449	0.109474067346616	146	17	0.68126742142533	0.934452379999046
d__Bacteria.p__Bacillota_A.c__Clostridia.o__Lachnospirales.f__Lachnospiraceae.g__Blautia_A.s__Blautia_A.intestinalis	Sex_Male1_Female2	Female	-0.104426598638201	0.252510347574907	146	80	0.679877179008843	0.934452379999046
d__Bacteria.p__Bacteroidota.c__Bacteroidia.o__Bacteroidales.f__Tannerellaceae.g__Parabacteroides.s__Parabacteroides.distasonis	Laxatives	Laxatives	0.0562766639179377	0.136548214579549	146	117	0.68091214171234	0.934452379999046
d__Bacteria.p__Bacillota_A.c__Clostridia.o__Lachnospirales.f__Lachnospiraceae.g__Hominiventricola.s__Hominiventricola.filiformis	Sex_Male1_Female2	Female	-0.0600059656609536	0.14692123195606	146	41	0.683630206939575	0.935604879636504
d__Bacteria.p__Bacteroidota.c__Bacteroidia.o__Bacteroidales.f__Marinifilaceae.g__Butyricimonas.s__Butyricimonas.sp019423345	Group	PD	-0.0550974913643997	0.134968635968697	146	23	0.683775402229887	0.935604879636504
d__Bacteria.p__Bacillota_A.c__Clostridia.o__Peptostreptococcales.f__Anaerovoracaceae.g__Alangreenwoodia.s__Alangreenwoodia.sp905206455	Laxatives	Laxatives	-0.0355513775621856	0.0874208011124973	146	51	0.684914342893062	0.936021793819752
d__Bacteria.p__Bacillota_I.c__Bacilli_A.o__Erysipelotrichales.f__Erysipelotrichaceae.g__Clostridium_AQ.s__Clostridium_AQ.innocuum	Sex_Male1_Female2	Female	-0.0727627675124529	0.181171617502849	146	34	0.688615619684393	0.938793104843122
d__Bacteria.p__Bacteroidota.c__Bacteroidia.o__Bacteroidales.f__Rikenellaceae.g__Alistipes.s__Alistipes.communis	Laxatives	Laxatives	0.0518312558101447	0.128965232085697	146	88	0.68841183141029	0.938793104843122
d__Bacteria.p__Bacillota_A.c__Clostridia.o__Oscillospirales.f__Acutalibacteraceae.g__Ruminococcus_E.s__Ruminococcus_E.intestinalis	Laxatives	Laxatives	-0.0570726649928472	0.142698687583038	146	19	0.68984306947751	0.939325150429328
d__Bacteria.p__Actinomycetota.c__Coriobacteriia.o__Coriobacteriales.f__QAMH01.g__QAMH01.s__QAMH01.sp900544245	Group	PD	-0.079575501197377	0.200986836727547	146	33	0.692805228963753	0.941139256381904
d__Bacteria.p__Bacillota_A.c__Clostridia.o__Lachnospirales.f__Lachnospiraceae.g__Blautia_A.s__Blautia_A.fusiformis	Laxatives	Laxatives	0.0696697389051047	0.175996313424835	146	122	0.69285296414568	0.941139256381904
d__Bacteria.p__Bacillota_A.c__Clostridia.o__Christensenellales.f__QAND01.g__UMGS1975.s__UMGS1975.sp959600905	Laxatives	Laxatives	0.0276243355955878	0.0704401709288173	146	33	0.695571855402355	0.94368999003802
d__Bacteria.p__Bacillota_A.c__Clostridia.o__Lachnospirales.f__Lachnospiraceae.g__Hominiventricola.s__Hominiventricola.sp003480725	Laxatives	Laxatives	-0.0257216001195247	0.0665911166444264	146	40	0.699929474835325	0.944977515618374
d__Bacteria.p__Bacillota_A.c__Clostridia.o__Lachnospirales.f__Lachnospiraceae.g__Lachnoclostridium_B.s__Lachnoclostridium_B.acetigenes	Group	PD	-0.0510611539315265	0.131599171374105	146	19	0.698642013796719	0.944977515618374
d__Bacteria.p__Bacillota_A.c__Clostridia.o__Lachnospirales.f__Lachnospiraceae.g__Schaedlerella.s__Schaedlerella.hominis	Group	PD	-0.0370211676559477	0.0961386062834423	146	15	0.700801784652345	0.944977515618374
d__Bacteria.p__Bacillota_A.c__Clostridia.o__Oscillospirales.f__CAG.382.g__Woodwardibium.s__Woodwardibium.sp900760275	Sex_Male1_Female2	Female	-0.0449652601764427	0.115457873476806	146	25	0.69757445300859	0.944977515618374
d__Bacteria.p__Bacillota_A.c__Clostridia.o__Oscillospirales.f__Oscillospiraceae.g__CAG.103.s__CAG.103.sp900317855	Sex_Male1_Female2	Female	0.132056745167502	0.345806172591103	146	36	0.703168524220741	0.944977515618374
d__Bacteria.p__Bacillota_A.c__Clostridia.o__Oscillospirales.f__Oscillospiraceae.g__Lawsonibacter.s__Lawsonibacter.aceti	Laxatives	Laxatives	-0.0172099967941571	0.0450807880814396	146	15	0.703258668040412	0.944977515618374
d__Bacteria.p__Bacillota_A.c__Clostridia.o__Oscillospirales.f__Ruminococcaceae.g__Faecalibacterium.s__Faecalibacterium.prausnitzii_E	Laxatives	Laxatives	-0.0566820665496887	0.146619999338054	146	24	0.699685776185022	0.944977515618374
d__Bacteria.p__Bacteroidota.c__Bacteroidia.o__Bacteroidales.f__Rikenellaceae.g__Alistipes.s__Alistipes.finegoldii	Group	PD	0.115504361718802	0.302357395558746	146	87	0.703070947142992	0.944977515618374
d__Bacteria.p__Bacillota_A.c__Clostridia.o__Oscillospirales.f__Ruminococcaceae.g__Porcipelethomonas.s__Porcipelethomonas.ammoniilytica	Laxatives	Laxatives	-0.0421790683555174	0.110980158895997	146	26	0.704516705748957	0.945535578768336
d__Bacteria.p__Bacillota_A.c__Clostridia.o__Oscillospirales.f__Oscillospiraceae.g__Vescimonas.s__Vescimonas.cirricatena	Laxatives	Laxatives	0.0464253243702057	0.124388611479954	146	38	0.709581949136866	0.951195874470208
d__Bacteria.p__Bacillota_A.c__Clostridia.o__Lachnospirales.f__Lachnospiraceae.g__Blautia_A.s__Blautia_A.sp900548245	Laxatives	Laxatives	-0.0428347965952679	0.11645797989638	146	47	0.713606040702805	0.954309866112691
d__Bacteria.p__Bacillota_A.c__Clostridia.o__Lachnospirales.f__Lachnospiraceae.g__Lachnospira.s__Lachnospira.pectinoschiza_A	Laxatives	Laxatives	0.0527553538271788	0.143045572356521	146	58	0.712871405193111	0.954309866112691
d__Bacteria.p__Bacillota_A.c__Clostridia.o__Lachnospirales.f__Lachnospiraceae.g__Mediterraneibacter.s__Mediterraneibacter.sp934330165	Sex_Male1_Female2	Female	0.0937371537287146	0.2565506271436	146	49	0.715420862706887	0.955597866615628
d__Bacteria.p__Bacillota.c__Bacilli.o__Lactobacillales.f__Streptococcaceae.g__Streptococcus.s__Streptococcus.parasanguinis_G	Laxatives	Laxatives	0.0419280619782783	0.115686632555032	146	57	0.717616340567395	0.957390646987654
d__Bacteria.p__Bacillota_A.c__Clostridia.o__Christensenellales.f__Aristaeellaceae.g__Pullichristensenella.s__Pullichristensenella.excrementigallinarum	Group	PD	-0.0456842711475048	0.127456870960492	146	18	0.720599058427387	0.957952776724559
d__Bacteria.p__Bacillota_A.c__Clostridia.o__Lachnospirales.f__Lachnospiraceae.g__Alitiscatomonas.s__Alitiscatomonas.sp900066785	Sex_Male1_Female2	Female	0.051552118376323	0.143563704968425	146	24	0.720106783609489	0.957952776724559
d__Bacteria.p__Bacillota_A.c__Clostridia.o__TANB77.f__CAG.508.g__CAG.273.s__CAG.273.sp003534295	Sex_Male1_Female2	Female	0.0771469878904848	0.213966058050999	146	19	0.719011264095236	0.957952776724559
d__Bacteria.p__Actinomycetota.c__Coriobacteriia.o__Coriobacteriales.f__UMGS124.g__JAHZGC01.s__JAHZGC01.sp019421015	Sex_Male1_Female2	Female	0.0377152691308725	0.113189159231638	146	22	0.739511738873624	0.958654431831767
d__Bacteria.p__Bacillota.c__Bacilli.o__Lactobacillales.f__Streptococcaceae.g__Streptococcus.s__Streptococcus.sp902463925	Laxatives	Laxatives	0.035913939678646	0.106729171250507	146	23	0.737035293801259	0.958654431831767
d__Bacteria.p__Bacillota_A.c__Clostridia.o__Lachnospirales.f__CAG.274.g__CAG.274.s__CAG.274.sp900545305	Laxatives	Laxatives	-0.0168014487321029	0.0511309480277638	146	17	0.742985408054663	0.958654431831767
d__Bacteria.p__Bacillota_A.c__Clostridia.o__Lachnospirales.f__Lachnospiraceae.g__Acetatifactor.s__Acetatifactor.intestinalis	Sex_Male1_Female2	Female	-0.0870529949819404	0.261418995069552	146	50	0.739665269393158	0.958654431831767
d__Bacteria.p__Bacillota_A.c__Clostridia.o__Lachnospirales.f__Lachnospiraceae.g__Blautia_A.s__Blautia_A.acetigignens	Laxatives	Laxatives	-0.039862989685149	0.114493208829698	146	56	0.728272108973348	0.958654431831767
d__Bacteria.p__Bacillota_A.c__Clostridia.o__Lachnospirales.f__Lachnospiraceae.g__Blautia_A.s__Blautia_A.fusiformis	Sex_Male1_Female2	Female	0.116043096209611	0.347927030941946	146	122	0.739269687507557	0.958654431831767
d__Bacteria.p__Bacillota_A.c__Clostridia.o__Lachnospirales.f__Lachnospiraceae.g__Blautia_A.s__Blautia_A.sp900551715	Laxatives	Laxatives	-0.0185131570285398	0.0528209803125915	146	20	0.72653490974439	0.958654431831767
d__Bacteria.p__Bacillota_A.c__Clostridia.o__Lachnospirales.f__Lachnospiraceae.g__Blautia_A.s__Blautia_A.sp934394595	Group	PD	-0.0574655976745064	0.174794346962656	146	53	0.742861171990745	0.958654431831767
d__Bacteria.p__Bacillota_A.c__Clostridia.o__Lachnospirales.f__Lachnospiraceae.g__Brotaphodocola.s__	Sex_Male1_Female2	Female	0.0506529242670982	0.149983406958334	146	18	0.73611211951085	0.958654431831767
d__Bacteria.p__Bacillota_A.c__Clostridia.o__Lachnospirales.f__Lachnospiraceae.g__Butyribacter.s__Butyribacter.intestini	Sex_Male1_Female2	Female	-0.0582049303746177	0.17408233287808	146	24	0.738647981639748	0.958654431831767
d__Bacteria.p__Bacillota_A.c__Clostridia.o__Lachnospirales.f__Lachnospiraceae.g__CAG.194.s__CAG.194.sp000432915	Sex_Male1_Female2	Female	-0.0715396481730361	0.218294813066757	146	32	0.743646297653576	0.958654431831767
d__Bacteria.p__Bacillota_A.c__Clostridia.o__Lachnospirales.f__Lachnospiraceae.g__Frisingicoccus.s__Frisingicoccus.sp900549105	Group	PD	-0.0479279487313474	0.137198825498159	146	16	0.727400940264411	0.958654431831767
d__Bacteria.p__Bacillota_A.c__Clostridia.o__Lachnospirales.f__Lachnospiraceae.g__UBA3402.s__UBA3402.sp003478355	Sex_Male1_Female2	Female	-0.0478989173150345	0.140687842686901	146	29	0.734053707471329	0.958654431831767
d__Bacteria.p__Bacillota_A.c__Clostridia.o__Lachnospirales.f__Lachnospiraceae.g__UBA4285.s__UBA4285.sp900545225	Sex_Male1_Female2	Female	-0.0412270694152651	0.122356735552064	146	21	0.736700161417221	0.958654431831767
d__Bacteria.p__Bacillota_A.c__Clostridia.o__Lachnospirales.f__Lachnospiraceae.g__Wujia.s__Wujia.chipingensis	Sex_Male1_Female2	Female	-0.0747067795267273	0.217946202460459	146	26	0.732316208201917	0.958654431831767
d__Bacteria.p__Bacillota_A.c__Clostridia.o__Oscillospirales.f__Acutalibacteraceae.g__CAG.217.s__	Laxatives	Laxatives	-0.0504344170726631	0.151864210577467	146	44	0.740342972204966	0.958654431831767
d__Bacteria.p__Bacillota_A.c__Clostridia.o__Oscillospirales.f__Acutalibacteraceae.g__Fimenecus.s__Fimenecus.sp000432435	Sex_Male1_Female2	Female	-0.0906400301658565	0.269649011362334	146	31	0.737302514710133	0.958654431831767
d__Bacteria.p__Bacillota_A.c__Clostridia.o__Oscillospirales.f__Acutalibacteraceae.g__Hominenteromicrobium.s__Hominenteromicrobium.sp900549945	Laxatives	Laxatives	0.0257371177654257	0.0745900006505316	146	15	0.730611800288064	0.958654431831767
d__Bacteria.p__Bacillota_A.c__Clostridia.o__Oscillospirales.f__Oscillospiraceae.g__Evtepia.s__Evtepia.sp004556345	Sex_Male1_Female2	Female	-0.0378124127494839	0.114948552907784	146	19	0.74271821550719	0.958654431831767
d__Bacteria.p__Bacillota_A.c__Clostridia.o__Oscillospirales.f__Oscillospiraceae.g__Hominicoprocola.s__Hominicoprocola.sp900317525	Group	PD	-0.0804444398215894	0.239849054640077	146	64	0.737862814289534	0.958654431831767
d__Bacteria.p__Bacillota_A.c__Clostridia.o__Oscillospirales.f__Oscillospiraceae.g__Intestinimonas.s__Intestinimonas.butyriciproducens	Sex_Male1_Female2	Female	-0.0400012087011469	0.1151412253073	146	21	0.728840882293077	0.958654431831767
d__Bacteria.p__Bacillota_A.c__Clostridia.o__Oscillospirales.f__Oscillospiraceae.g__Scatomorpha.s__Scatomorpha.intestinigallinarum	Laxatives	Laxatives	-0.0299159250140038	0.0923632649385496	146	23	0.746534681509653	0.958654431831767
d__Bacteria.p__Bacillota_A.c__Clostridia.o__Oscillospirales.f__Ruminococcaceae.g__Gemmiger.s__Gemmiger.formicilis	Sex_Male1_Female2	Female	0.114547952348029	0.353206824793296	146	97	0.746221791321273	0.958654431831767
d__Bacteria.p__Bacillota_A.c__Clostridia.o__Peptostreptococcales.f__Anaerovoracaceae.g__Fimisoma.s__Fimisoma.sp000435715	Laxatives	Laxatives	-0.0292470291044447	0.0861393497170798	146	25	0.734753043834648	0.958654431831767
d__Bacteria.p__Bacillota_I.c__Bacilli_A.o__Erysipelotrichales.f__Erysipelotrichaceae.g__Longicatena.s__Longicatena.caecimuris	Sex_Male1_Female2	Female	-0.0539537682386009	0.165270645975061	146	28	0.744599553922636	0.958654431831767
d__Bacteria.p__Bacillota_I.c__Bacilli_A.o__RF39.f__UBA660.g__CAG.302.s__CAG.302.sp934162325	Sex_Male1_Female2	Female	0.0625205163370643	0.18612963474748	146	21	0.737485397403981	0.958654431831767
d__Bacteria.p__Bacteroidota.c__Bacteroidia.o__Bacteroidales.f__Bacteroidaceae.g__Bacteroides.s__Bacteroides.ovatus	Sex_Male1_Female2	Female	0.0838333029500826	0.259811567827609	146	96	0.747459875287303	0.958654431831767
d__Bacteria.p__Bacteroidota.c__Bacteroidia.o__Bacteroidales.f__Bacteroidaceae.g__Bacteroides.s__Bacteroides.sp900557355	Sex_Male1_Female2	Female	0.0696955037609974	0.203845107895458	146	23	0.732970848141598	0.958654431831767
d__Bacteria.p__Bacteroidota.c__Bacteroidia.o__Bacteroidales.f__Bacteroidaceae.g__Bacteroides.s__Bacteroides.uniformis	Group	PD	0.101238238124492	0.313950101773641	146	137	0.747613750314435	0.958654431831767
d__Bacteria.p__Bacteroidota.c__Bacteroidia.o__Bacteroidales.f__Bacteroidaceae.g__Paraprevotella.s__Paraprevotella.clara	Laxatives	Laxatives	-0.0247180614764271	0.0737474708095497	146	19	0.738031727248514	0.958654431831767
d__Bacteria.p__Bacteroidota.c__Bacteroidia.o__Bacteroidales.f__Tannerellaceae.g__Parabacteroides.s__Parabacteroides.segnis	Laxatives	Laxatives	-0.0242931693917191	0.0699783001217912	146	25	0.729033538405753	0.958654431831767
d__Bacteria.p__Actinomycetota.c__Coriobacteriia.o__Coriobacteriales.f__UMGS124.g__JAHZGC01.s__JAHZGC01.sp019421015	Laxatives	Laxatives	-0.0180298498729022	0.0572558984293142	146	22	0.753339036609967	0.960267425549245
d__Bacteria.p__Bacillota_A.c__Clostridia.o__Lachnospirales.f__Lachnospiraceae.g__CAG.194.s__CAG.194.sp000432915	Laxatives	Laxatives	-0.034800728076106	0.110422815483753	146	32	0.753142513611226	0.960267425549245
d__Bacteria.p__Bacillota_A.c__Clostridia.o__Lachnospirales.f__Lachnospiraceae.g__Roseburia_C.s__Roseburia_C.amylophila	Laxatives	Laxatives	-0.042562199547116	0.134485243062953	146	49	0.752140202485183	0.960267425549245
d__Bacteria.p__Bacillota_A.c__Clostridia.o__Lachnospirales.f__Lachnospiraceae.g__Sellimonas.s__Sellimonas.intestinalis	Laxatives	Laxatives	0.0296859293693057	0.0945357173025112	146	32	0.754006775319861	0.960267425549245
d__Bacteria.p__Bacillota_A.c__Clostridia.o__Oscillospirales.f__Ruminococcaceae.g__Faecalibacterium.s__Faecalibacterium.sp900758465	Sex_Male1_Female2	Female	-0.051637629542088	0.162643582537299	146	36	0.751377688473044	0.960267425549245
d__Bacteria.p__Bacillota_A.c__Clostridia.o__Peptostreptococcales.f__Anaerovoracaceae.g__Fimisoma.s__Fimisoma.avicola	Laxatives	Laxatives	-0.0212852116288267	0.0677538533937738	146	20	0.75390306379664	0.960267425549245
d__Bacteria.p__Bacillota_A.c__Clostridia.o__Oscillospirales.f__Acutalibacteraceae.g__CAKTXU01.s__CAKTXU01.sp934615635	Group	PD	-0.0289839606064844	0.0930509522564768	146	17	0.755927225457722	0.960532669267909
d__Bacteria.p__Bacillota_A.c__Clostridia.o__Oscillospirales.f__Acutalibacteraceae.g__Pseudoruminococcus.s__Pseudoruminococcus.massiliensis	Group	PD	-0.0831145044560466	0.266279745113225	146	23	0.755436261768087	0.960532669267909
d__Bacteria.p__Pseudomonadota.c__Gammaproteobacteria.o__Burkholderiales.f__Burkholderiaceae.g__Parasutterella.s__Parasutterella.sp900552195	Sex_Male1_Female2	Female	0.0652170681304888	0.210691991032695	146	49	0.757404521705426	0.96132112370304
d__Bacteria.p__Bacteroidota.c__Bacteroidia.o__Bacteroidales.f__Marinifilaceae.g__Odoribacter.s__Odoribacter.laneus	Sex_Male1_Female2	Female	0.0584769409258177	0.190322934148743	146	22	0.759140112646344	0.96243526145672
d__Bacteria.p__Bacillota_A.c__Clostridia.o__Oscillospirales.f__Ruminococcaceae.g__Faecalibacterium.s__Faecalibacterium.sp900539885	Laxatives	Laxatives	0.0373209433356681	0.122644567199853	146	53	0.761380949023117	0.964186709710991
d__Bacteria.p__Bacillota_A.c__Clostridia.o__Lachnospirales.f__Lachnospiraceae.g__Agathobacter.s__Agathobacter.rectalis	Sex_Male1_Female2	Female	-0.123999046300226	0.41204545804689	146	110	0.763940899974666	0.965351518242278
d__Bacteria.p__Bacteroidota.c__Bacteroidia.o__Bacteroidales.f__Bacteroidaceae.g__Bacteroides.s__Bacteroides.stercoris	Sex_Male1_Female2	Female	-0.0945387951753495	0.314260497862644	146	49	0.764021522459129	0.965351518242278
d__Bacteria.p__Bacillota_A.c__Clostridia.o__Lachnospirales.f__Lachnospiraceae.g__Blautia_A.s__Blautia_A.caecimuris	Sex_Male1_Female2	Female	0.0826567117654821	0.279723740166414	146	36	0.768084316529339	0.966285599064809
d__Bacteria.p__Bacillota_A.c__Clostridia.o__Lachnospirales.f__Lachnospiraceae.g__Dorea.s__Dorea.formicigenerans	Sex_Male1_Female2	Female	-0.0620337799112107	0.209590346577371	146	113	0.767716832821048	0.966285599064809
d__Bacteria.p__Bacillota_A.c__Clostridia.o__Oscillospirales.f__Oscillospiraceae.g__Pseudoscilispira.s__Pseudoscilispira.sp018369915	Laxatives	Laxatives	0.0116148330065595	0.0393276729193766	146	15	0.768205663427638	0.966285599064809
d__Bacteria.p__Bacteroidota.c__Bacteroidia.o__Bacteroidales.f__Bacteroidaceae.g__Bacteroides.s__Bacteroides.clarus	Laxatives	Laxatives	-0.0292175066356396	0.0986329989635261	146	23	0.767527762573108	0.966285599064809
d__Bacteria.p__Bacillota_A.c__Clostridia.o__Lachnospirales.f__Lachnospiraceae.g__Hungatella.s__Hungatella.effluvii	Laxatives	Laxatives	0.0226766199504732	0.0778248155237616	146	16	0.771221330015315	0.967908649079624
d__Bacteria.p__Bacillota_A.c__Clostridia.o__Oscillospirales.f__Oscillospiraceae.g__Lawsonibacter.s__Lawsonibacter.sp900066825	Sex_Male1_Female2	Female	0.0338698511309882	0.115836055891162	146	16	0.770447433122084	0.967908649079624
d__Bacteria.p__Bacillota_I.c__Bacilli_A.o__Erysipelotrichales.f__Coprobacillaceae.g__Allocoprobacillus.s__Allocoprobacillus.merdigallinarum	Sex_Male1_Female2	Female	0.0254933226775325	0.0878366209760578	146	15	0.772094860317464	0.967922271816977
d__Bacteria.p__Bacillota_A.c__Clostridia.o__Lachnospirales.f__Lachnospiraceae.g__Massilistercora.s__Massilistercora.timonensis	Laxatives	Laxatives	0.0211280198964287	0.0732101362976223	146	24	0.773348094159845	0.96841134112427
d__Bacteria.p__Bacillota_A.c__Clostridia.o__Oscillospirales.f__Ruminococcaceae.g__Porcipelethomonas.s__Porcipelethomonas.sp900538575	Laxatives	Laxatives	0.0378862468593518	0.132424881752148	146	22	0.775256419896573	0.96971873257966
d__Bacteria.p__Bacillota_A.c__Clostridia.o__Clostridiales.f__Clostridiaceae.g__Clostridium.s__Clostridium.sp900540255	Sex_Male1_Female2	Female	-0.0356991536545475	0.12580130867479	146	19	0.777031509858557	0.97085674171637
d__Bacteria.p__Bacillota_A.c__Clostridia.o__Oscillospirales.f__Oscillospiraceae.g__Vescimonas.s__Vescimonas.sp000435975	Group	PD	-0.058438951590191	0.207968106398672	146	27	0.779154051122825	0.971956425096687
d__Bacteria.p__Bacteroidota.c__Bacteroidia.o__Bacteroidales.f__Bacteroidaceae.g__Phocaeicola.s__Phocaeicola.massiliensis	Sex_Male1_Female2	Female	-0.0593225399787514	0.211594768712533	146	34	0.779644191254027	0.971956425096687
d__Bacteria.p__Bacillota_A.c__Clostridia.o__Oscillospirales.f__CAG.272.g__UMGS911.s__UMGS911.sp003343545	Sex_Male1_Female2	Female	0.0249722852531103	0.0898221519135364	146	18	0.781435918428336	0.973108879552268
d__Bacteria.p__Bacillota_C.c__Negativicutes.o__Acidaminococcales.f__Acidaminococcaceae.g__Phascolarctobacterium.s__Phascolarctobacterium.faecium	Sex_Male1_Female2	Female	0.0745087094629969	0.269291044653409	146	66	0.782458305046069	0.973301794081695
d__Bacteria.p__Bacillota_A.c__Clostridia.o__Peptostreptococcales.f__Peptostreptococcaceae.g__Terrisporobacter.s__Terrisporobacter.sp900557165	Sex_Male1_Female2	Female	-0.0413884929675578	0.150345418606002	146	26	0.783527678658581	0.973552663848203
d__Bacteria.p__Bacillota_A.c__Clostridia.o__Christensenellales.f__Aristaeellaceae.g__Pullichristensenella.s__Pullichristensenella.stercorigallinarum	Sex_Male1_Female2	Female	-0.0339120177591961	0.125346051838996	146	23	0.78716513338217	0.973758852982133
d__Bacteria.p__Bacillota_A.c__Clostridia.o__Lachnospirales.f__Lachnospiraceae.g__Coprococcus_A.s__Coprococcus_A.catus	Laxatives	Laxatives	-0.0303435967724877	0.111330172484882	146	51	0.785624446785388	0.973758852982133
d__Bacteria.p__Bacillota_A.c__Clostridia.o__Lachnospirales.f__Lachnospiraceae.g__Dorea_D.s__Dorea_D.hominis	Laxatives	Laxatives	0.0215802020274235	0.0788487425010221	146	44	0.7847530433939	0.973758852982133
d__Bacteria.p__Bacillota_A.c__Clostridia.o__Lachnospirales.f__Lachnospiraceae.g__Schaedlerella.s__Schaedlerella.glycyrrhizinilytica_A	Sex_Male1_Female2	Female	-0.0455954551858083	0.168155562285711	146	42	0.786702125083154	0.973758852982133
d__Bacteria.p__Bacillota_A.c__Clostridia.o__Christensenellales.f__Aristaeellaceae.g__Egerieenecus.s__Egerieenecus.sp900553315	Laxatives	Laxatives	-0.0138506025854206	0.0514419866367823	146	18	0.788163199116442	0.973919724018334
d__Bacteria.p__Bacillota_A.c__Clostridia.o__Christensenellales.f__UMGS416.g__Parachristensenella.s__Parachristensenella.sp900542005	Laxatives	Laxatives	-0.0127971957090679	0.0487497200114397	146	17	0.793342123506225	0.974950561417289
d__Bacteria.p__Bacillota_A.c__Clostridia.o__Lachnospirales.f__Lachnospiraceae.g__Coprococcus_A.s__Coprococcus_A.catus_A	Sex_Male1_Female2	Female	-0.0604643536397356	0.228478538687063	146	93	0.791703422294877	0.974950561417289
d__Bacteria.p__Bacillota_A.c__Clostridia.o__Lachnospirales.f__Lachnospiraceae.g__Roseburia.s__Roseburia.intestinalis	Laxatives	Laxatives	-0.0382140869045538	0.145118445697597	146	75	0.792709732227775	0.974950561417289
d__Bacteria.p__Bacillota_A.c__Clostridia.o__Oscillospirales.f__Oscillospiraceae.g__UMGS1766.s__UMGS1766.sp959602365	Laxatives	Laxatives	-0.0152715754135557	0.0578818266898168	146	20	0.792317345761314	0.974950561417289
d__Bacteria.p__Bacteroidota.c__Bacteroidia.o__Bacteroidales.f__Rikenellaceae.g__Alistipes_A.s__Alistipes_A.ihumii	Sex_Male1_Female2	Female	0.0458147745861988	0.172787756137835	146	51	0.79131023523956	0.974950561417289
d__Bacteria.p__Bacillota_A.c__Clostridia.o__Oscillospirales.f__Acutalibacteraceae.g__Fimivicinus.s__Fimivicinus.sp900544375	Sex_Male1_Female2	Female	0.0623509641168656	0.2405360505132	146	26	0.795874934235033	0.975925329193123
d__Bacteria.p__Verrucomicrobiota.c__Verrucomicrobiae.o__Verrucomicrobiales.f__Akkermansiaceae.g__Akkermansia.s__Akkermansia.biwaensis	Sex_Male1_Female2	Female	0.0727670706034629	0.279746994261217	146	20	0.795181583489174	0.975925329193123
d__Bacteria.p__Bacillota_A.c__Clostridia.o__Lachnospirales.f__Lachnospiraceae.g__Anaerobutyricum.s__Anaerobutyricum.soehngenii	Laxatives	Laxatives	-0.0445647640134776	0.174258387855272	146	96	0.7985530683135	0.978140330401471
d__Bacteria.p__Actinomycetota.c__Coriobacteriia.o__Coriobacteriales.f__Eggerthellaceae.g__Anaerotardibacter.s__Anaerotardibacter.sp000435675	Laxatives	Laxatives	0.0343525013028132	0.135670379771253	146	52	0.800506257128224	0.978396536490052
d__Bacteria.p__Actinomycetota.c__Coriobacteriia.o__Coriobacteriales.f__UMGS124.g__JAHZGC01.s__JAHZGC01.sp019421015	Group	PD	0.0311354646701979	0.12253330317221	146	22	0.799818268564606	0.978396536490052
d__Bacteria.p__Actinomycetota.c__Coriobacteriia.o__Coriobacteriales.f__Eggerthellaceae.g__CAJFUR01.s__CAJFUR01.sp904420575	Laxatives	Laxatives	0.0160666021956855	0.0730960779155239	146	31	0.826368162900842	0.978460611312474
d__Bacteria.p__Actinomycetota.c__Coriobacteriia.o__Coriobacteriales.f__QAMH01.g__QAMH01.s__QAMH01.sp900544245	Sex_Male1_Female2	Female	-0.0454151405302959	0.185659983668644	146	33	0.807137603220919	0.978460611312474
d__Bacteria.p__Bacillota_A.c__Clostridia.o__Christensenellales.f__Aristaeellaceae.g__Egerieenecus.s__Egerieenecus.merdigallinarum	Sex_Male1_Female2	Female	-0.0450588110037738	0.19051427945739	146	37	0.8134052300511	0.978460611312474
d__Bacteria.p__Bacillota_A.c__Clostridia.o__Christensenellales.f__Aristaeellaceae.g__Faecivicinus.s__Faecivicinus.avistercoris	Group	PD	0.0382763778161786	0.171971757245269	146	28	0.824214013044135	0.978460611312474
d__Bacteria.p__Bacillota_A.c__Clostridia.o__Christensenellales.f__QAND01.g__UMGS1975.s__UMGS1975.sp959600905	Group	PD	-0.0350088115494243	0.150748954373301	146	33	0.816719818813312	0.978460611312474
d__Bacteria.p__Bacillota_A.c__Clostridia.o__Lachnospirales.f__Lachnospiraceae.g__Agathobacter.s__Agathobacter.sp000434275	Group	PD	-0.038152193498498	0.161034520887468	146	17	0.813089446496386	0.978460611312474
d__Bacteria.p__Bacillota_A.c__Clostridia.o__Lachnospirales.f__Lachnospiraceae.g__Blautia.s__Blautia.stercoris	Sex_Male1_Female2	Female	-0.0522971062372254	0.239262366755035	146	35	0.827320192026103	0.978460611312474
d__Bacteria.p__Bacillota_A.c__Clostridia.o__Lachnospirales.f__Lachnospiraceae.g__Blautia_A.s__Blautia_A.ammoniilytica	Laxatives	Laxatives	0.0221287780695963	0.090345185633555	146	56	0.806889340527118	0.978460611312474
d__Bacteria.p__Bacillota_A.c__Clostridia.o__Lachnospirales.f__Lachnospiraceae.g__Butyribacter.s__Butyribacter.sp000436755	Group	PD	0.0231868951548474	0.104364942656956	146	17	0.824526528377719	0.978460611312474
d__Bacteria.p__Bacillota_A.c__Clostridia.o__Lachnospirales.f__Lachnospiraceae.g__Clostridium_AP.s__Clostridium_AP.scindens	Sex_Male1_Female2	Female	0.0290866663846362	0.132744388951337	146	27	0.826899270029206	0.978460611312474
d__Bacteria.p__Bacillota_A.c__Clostridia.o__Lachnospirales.f__Lachnospiraceae.g__Eubacterium_G.s__Eubacterium_G.segne	Laxatives	Laxatives	0.0143109097517285	0.0591756976266018	146	27	0.809284153633235	0.978460611312474
d__Bacteria.p__Bacillota_A.c__Clostridia.o__Lachnospirales.f__Lachnospiraceae.g__Eubacterium_G.s__Eubacterium_G.ventriosum	Sex_Male1_Female2	Female	-0.0471222907907152	0.201426344683697	146	66	0.815394409389823	0.978460611312474
d__Bacteria.p__Bacillota_A.c__Clostridia.o__Lachnospirales.f__Lachnospiraceae.g__Limivivens.s__Limivivens.sp934393555	Sex_Male1_Female2	Female	-0.032536308586121	0.133995149596687	146	34	0.80852689343483	0.978460611312474
d__Bacteria.p__Bacillota_A.c__Clostridia.o__Lachnospirales.f__Lachnospiraceae.g__Scatomonas.s__Scatomonas.hejianensis	Laxatives	Laxatives	0.0152399352983053	0.0657354994411068	146	26	0.817026210483034	0.978460611312474
d__Bacteria.p__Bacillota_A.c__Clostridia.o__Lachnospirales.f__Lachnospiraceae.g__UBA4285.s__UBA4285.sp900545225	Laxatives	Laxatives	-0.0133034032061254	0.0618932490573114	146	21	0.83014749354606	0.978460611312474
d__Bacteria.p__Bacillota_A.c__Clostridia.o__Lachnospirales.f__Lachnospiraceae.g__Ventrisoma.s__Ventrisoma.faecale	Laxatives	Laxatives	0.0166794791297213	0.06950028457255	146	20	0.810711957949278	0.978460611312474
d__Bacteria.p__Bacillota_A.c__Clostridia.o__Oscillospirales.f__Acutalibacteraceae.g__Eubacterium_R.s__Eubacterium_R.sp000434995	Group	PD	-0.0421385193092049	0.193416652068159	146	25	0.82787409748405	0.978460611312474
d__Bacteria.p__Bacillota_A.c__Clostridia.o__Oscillospirales.f__Acutalibacteraceae.g__UMGS1071.s__UMGS1071.sp934476545	Laxatives	Laxatives	-0.0131078167255633	0.0542806428340488	146	19	0.809558881339252	0.978460611312474
d__Bacteria.p__Bacillota_A.c__Clostridia.o__Oscillospirales.f__Oscillospiraceae.g__CAG.103.s__CAG.103.sp900317855	Group	PD	-0.0832480170766002	0.374353629557514	146	36	0.824365955666489	0.978460611312474
d__Bacteria.p__Bacillota_A.c__Clostridia.o__Oscillospirales.f__Oscillospiraceae.g__Evtepia.s__Evtepia.gabavorous	Laxatives	Laxatives	-0.0288614258255716	0.129740764182299	146	82	0.82430649102538	0.978460611312474
d__Bacteria.p__Bacillota_A.c__Clostridia.o__Oscillospirales.f__Oscillospiraceae.g__Faecousia.s__Faecousia.sp000434635	Sex_Male1_Female2	Female	-0.0601196819629816	0.264152492826194	146	51	0.820316246008256	0.978460611312474
d__Bacteria.p__Bacillota_A.c__Clostridia.o__Oscillospirales.f__Oscillospiraceae.g__Lawsonibacter_A.s__Lawsonibacter_A.hominis	Laxatives	Laxatives	-0.0148801515776131	0.0677051517004816	146	31	0.826385598149622	0.978460611312474
d__Bacteria.p__Bacillota_A.c__Clostridia.o__Oscillospirales.f__Ruminococcaceae.g__Gemmiger.s__Gemmiger.sp900540595	Group	PD	0.0504496942666472	0.228697202038959	146	28	0.825750427396356	0.978460611312474
d__Bacteria.p__Bacillota_A.c__Clostridia.o__Oscillospirales.f__Ruminococcaceae.g__Gemmiger.s__Gemmiger.sp900540595	Laxatives	Laxatives	-0.0236551141030686	0.106862897122819	146	28	0.825157223216615	0.978460611312474
d__Bacteria.p__Bacillota_A.c__Clostridia.o__Oscillospirales.f__Ruminococcaceae.g__Negativibacillus.s__Negativibacillus.faecipullorum	Laxatives	Laxatives	0.0112658834742983	0.0519805682345404	146	17	0.828753903769068	0.978460611312474
d__Bacteria.p__Bacillota_A.c__Clostridia.o__Oscillospirales.f__Ruminococcaceae.g__Ruminococcus_C.s__Ruminococcus_C.callidus	Sex_Male1_Female2	Female	0.0500080568699241	0.215316647278511	146	20	0.816703526200449	0.978460611312474
d__Bacteria.p__Bacillota_A.c__Clostridia.o__Peptostreptococcales.f__Anaerovoracaceae.g__UMGS973.s__UMGS973.sp900547295	Sex_Male1_Female2	Female	-0.0309725493342195	0.132524537010487	146	23	0.815573548358394	0.978460611312474
d__Bacteria.p__Bacillota_C.c__Negativicutes.o__Veillonellales.f__Dialisteraceae.g__Dialister.s__Dialister.invisus	Sex_Male1_Female2	Female	-0.0693196463069297	0.323390398372175	146	43	0.830605226821301	0.978460611312474
d__Bacteria.p__Bacillota_I.c__Bacilli_A.o__Erysipelotrichales.f__Coprobacillaceae.g__Thomasclavelia.s__Thomasclavelia.spiroformis	Laxatives	Laxatives	0.015374398933225	0.0632459513263504	146	21	0.808316628848343	0.978460611312474
d__Bacteria.p__Bacillota_I.c__Bacilli_A.o__Erysipelotrichales.f__Erysipelotrichaceae.g__Holdemanella.s__Holdemanella.porci	Group	PD	0.0440013661658081	0.17714777715464	146	17	0.804223246481196	0.978460611312474
d__Bacteria.p__Bacteroidota.c__Bacteroidia.o__Bacteroidales.f__Bacteroidaceae.g__Bacteroides.s__Bacteroides.thetaiotaomicron	Laxatives	Laxatives	0.0270559127278556	0.127243572180655	146	94	0.831945397209067	0.978460611312474
d__Bacteria.p__Bacteroidota.c__Bacteroidia.o__Bacteroidales.f__Bacteroidaceae.g__Bacteroides.s__Bacteroides.uniformis	Sex_Male1_Female2	Female	-0.0632500044330102	0.290008896687485	146	137	0.827693085122384	0.978460611312474
d__Bacteria.p__Bacteroidota.c__Bacteroidia.o__Bacteroidales.f__Marinifilaceae.g__Butyricimonas.s__Butyricimonas.paravirosa	Sex_Male1_Female2	Female	-0.0363842492680455	0.148557285592777	146	40	0.806903701094511	0.978460611312474
d__Bacteria.p__Bacteroidota.c__Bacteroidia.o__Bacteroidales.f__Rikenellaceae.g__Alistipes.s__Alistipes.communis	Sex_Male1_Female2	Female	-0.0561814024730946	0.254951307906111	146	88	0.825932831622404	0.978460611312474
d__Bacteria.p__Bacteroidota.c__Bacteroidia.o__Bacteroidales.f__Rikenellaceae.g__Alistipes.s__Alistipes.shahii	Sex_Male1_Female2	Female	-0.0596211885108233	0.280410717819799	146	88	0.831953140099911	0.978460611312474
d__Bacteria.p__Verrucomicrobiota.c__Verrucomicrobiae.o__Verrucomicrobiales.f__Akkermansiaceae.g__Akkermansia.s__Akkermansia.muciniphila_F	Laxatives	Laxatives	-0.0335780537043149	0.145602111093754	146	22	0.817973554928578	0.978460611312474
d__Bacteria.p__Bacillota_A.c__Clostridia.o__Christensenellales.f__Aristaeellaceae.g__Ventricola.s__Ventricola.sp900548125	Laxatives	Laxatives	-0.0117869431838491	0.0564443168094384	146	24	0.834909784279812	0.979767377974306
d__Bacteria.p__Bacillota_A.c__Clostridia.o__Lachnospirales.f__Lachnospiraceae.g__Otoolea.s__Otoolea.fessa	Sex_Male1_Female2	Female	-0.0422167361607388	0.203752406858906	146	84	0.836178320510087	0.979767377974306
d__Bacteria.p__Bacillota_A.c__Clostridia.o__Lachnospirales.f__Lachnospiraceae.g__Roseburia_B.s__Roseburia_B.zhanii	Laxatives	Laxatives	0.0121429904490122	0.0587440442989989	146	20	0.836557172994105	0.979767377974306
d__Bacteria.p__Bacillota_C.c__Negativicutes.o__Acidaminococcales.f__Acidaminococcaceae.g__Phascolarctobacterium.s__Phascolarctobacterium.faecium	Laxatives	Laxatives	-0.0282863381382281	0.136218881783953	146	66	0.835821935872299	0.979767377974306
d__Bacteria.p__Bacillota_A.c__Clostridia.o__Oscillospirales.f__Acutalibacteraceae.g__Ruminococcus_E.s__Ruminococcus_E.bromii	Sex_Male1_Female2	Female	-0.0987698518705716	0.482388492452338	146	92	0.838083932567587	0.980039752389907
d__Bacteria.p__Bacillota_C.c__Negativicutes.o__Veillonellales.f__Dialisteraceae.g__Dialister.s__Dialister.invisus	Laxatives	Laxatives	-0.0333992474308408	0.163584639446966	146	43	0.838536686536819	0.980039752389907
d__Bacteria.p__Bacillota_A.c__Clostridia.o__Christensenellales.f__Aristaeellaceae.g__Ventricola.s__Ventricola.sp900548125	Sex_Male1_Female2	Female	-0.0222257530401115	0.111584743901137	146	24	0.8424286390776	0.980370919155822
d__Bacteria.p__Bacillota_A.c__Clostridia.o__Lachnospirales.f__Lachnospiraceae.g__Acetatifactor.s__Acetatifactor.acetigignens	Sex_Male1_Female2	Female	-0.0548212495514637	0.280188737972879	146	87	0.845180797890049	0.980370919155822
d__Bacteria.p__Bacillota_A.c__Clostridia.o__Lachnospirales.f__Lachnospiraceae.g__Acetatifactor.s__Acetatifactor.acetigignens	Laxatives	Laxatives	0.0278296745406031	0.141731399290479	146	87	0.844636567642634	0.980370919155822
d__Bacteria.p__Bacillota_A.c__Clostridia.o__Lachnospirales.f__Lachnospiraceae.g__Massilistercora.s__Massilistercora.timonensis	Group	PD	0.031000992641471	0.156676955079313	146	24	0.843456863434776	0.980370919155822
d__Bacteria.p__Bacillota_A.c__Clostridia.o__Oscillospirales.f__Oscillospiraceae.g__Onthomonas.s__Onthomonas.sp900545815	Laxatives	Laxatives	-0.014113655544759	0.0720994510437473	146	27	0.845107122692096	0.980370919155822
d__Bacteria.p__Bacillota_A.c__Clostridia.o__Oscillospirales.f__Ruminococcaceae.g__Avimicrobium.s__Avimicrobium.caecorum	Group	PD	0.0259330401100223	0.130125386618008	146	26	0.842342787841376	0.980370919155822
d__Bacteria.p__Bacteroidota.c__Bacteroidia.o__Bacteroidales.f__Bacteroidaceae.g__Bacteroides.s__Bacteroides.caccae	Laxatives	Laxatives	-0.0297659970966332	0.152761600187423	146	86	0.845810204761886	0.980370919155822
d__Bacteria.p__Bacteroidota.c__Bacteroidia.o__Bacteroidales.f__Rikenellaceae.g__Alistipes.s__Alistipes.dispar	Laxatives	Laxatives	-0.0170430148599774	0.0871051183893157	146	20	0.845179216998042	0.980370919155822
d__Bacteria.p__Bacillota_A.c__Clostridia.o__Lachnospirales.f__Lachnospiraceae.g__Blautia_A.s__Blautia_A.schinkii_B	Group	PD	-0.0269408228534169	0.141821614776171	146	19	0.849632367145194	0.981666191836274
d__Bacteria.p__Bacillota_A.c__Clostridia.o__Lachnospirales.f__Lachnospiraceae.g__UBA11774.s__UBA11774.sp003507655	Group	PD	-0.0577566630259374	0.304026106883811	146	109	0.849624573250084	0.981666191836274
d__Bacteria.p__Bacillota_A.c__Clostridia.o__Oscillospirales.f__Oscillospiraceae.g__CAG.170.s__CAG.170.sp900545925	Group	PD	0.0257745533396721	0.135833311751769	146	26	0.849797688386841	0.981666191836274
d__Bacteria.p__Bacillota_A.c__Clostridia.o__Peptostreptococcales.f__Anaerovoracaceae.g__CAG.238.s__CAG.238.sp900542245	Group	PD	-0.0220893809589173	0.116908308412728	146	19	0.850427396136238	0.981666191836274
d__Bacteria.p__Actinomycetota.c__Coriobacteriia.o__Coriobacteriales.f__Eggerthellaceae.g__Adlercreutzia.s__Adlercreutzia.equolifaciens	Laxatives	Laxatives	-0.0165645623086318	0.100083513906655	146	118	0.868799770189025	0.983545283650334
d__Bacteria.p__Bacillota_A.c__Clostridia.o__Christensenellales.f__CAG.138.g__PeH17.s__PeH17.sp000435055	Group	PD	-0.0497330683896223	0.307566712274244	146	52	0.871792432059671	0.983545283650334
d__Bacteria.p__Bacillota_A.c__Clostridia.o__Christensenellales.f__CAG.138.g__PeH17.s__PeH17.sp000435055	Sex_Male1_Female2	Female	0.0488506326435226	0.284112291668445	146	52	0.863749024256201	0.983545283650334
d__Bacteria.p__Bacillota_A.c__Clostridia.o__Lachnospirales.f__Lachnospiraceae.g__Blautia_A.s__Blautia_A.sp900066205	Group	PD	0.0548973606129443	0.305797652565277	146	44	0.857805341643601	0.983545283650334
d__Bacteria.p__Bacillota_A.c__Clostridia.o__Lachnospirales.f__Lachnospiraceae.g__Blautia_A.s__Blautia_A.sp900120195	Sex_Male1_Female2	Female	-0.0340667895792787	0.193724943255786	146	35	0.860682282590246	0.983545283650334
d__Bacteria.p__Bacillota_A.c__Clostridia.o__Lachnospirales.f__Lachnospiraceae.g__Coprococcus_A.s__Coprococcus_A.catus	Sex_Male1_Female2	Female	0.0365651483172773	0.22008856670434	146	51	0.868304228793484	0.983545283650334
d__Bacteria.p__Bacillota_A.c__Clostridia.o__Lachnospirales.f__Lachnospiraceae.g__Dorea_D.s__Dorea_D.sp900543415	Sex_Male1_Female2	Female	0.0345570152377428	0.211735782787495	146	28	0.870606023999742	0.983545283650334
d__Bacteria.p__Bacillota_A.c__Clostridia.o__Lachnospirales.f__Lachnospiraceae.g__V9D3004.s__V9D3004.sp900760345	Group	PD	-0.03452843504415	0.188368801754895	146	31	0.854844231074071	0.983545283650334
d__Bacteria.p__Bacillota_A.c__Clostridia.o__Oscillospirales.f__Acutalibacteraceae.g__Acutalibacter.s__Acutalibacter.timonensis	Sex_Male1_Female2	Female	0.0449419599347693	0.246949398405649	146	61	0.855873029965142	0.983545283650334
d__Bacteria.p__Bacillota_A.c__Clostridia.o__Oscillospirales.f__Acutalibacteraceae.g__Ruminococcus_E.s__Ruminococcus_E.intestinalis	Sex_Male1_Female2	Female	-0.0484111005021142	0.282100969752886	146	19	0.864009642052891	0.983545283650334
d__Bacteria.p__Bacillota_A.c__Clostridia.o__Oscillospirales.f__Acutalibacteraceae.g__UMGS1071.s__UMGS1071.sp934476545	Sex_Male1_Female2	Female	0.017705189285375	0.107307377815823	146	19	0.869202190653422	0.983545283650334
d__Bacteria.p__Bacillota_A.c__Clostridia.o__Oscillospirales.f__CAG.272.g__UMGS911.s__UMGS911.sp003343545	Laxatives	Laxatives	0.00745639972880267	0.0454358707280367	146	18	0.869898886699311	0.983545283650334
d__Bacteria.p__Bacillota_A.c__Clostridia.o__Oscillospirales.f__CAG.382.g__Woodwardibium.s__Woodwardibium.gallinarum	Sex_Male1_Female2	Female	-0.0177742119075807	0.0993574974057796	146	17	0.858299272900897	0.983545283650334
d__Bacteria.p__Bacillota_A.c__Clostridia.o__Oscillospirales.f__Oscillospiraceae.g__CAG.170.s__CAG.170.sp900545925	Sex_Male1_Female2	Female	-0.0203710857346602	0.125474935832128	146	26	0.871278958204257	0.983545283650334
d__Bacteria.p__Bacillota_A.c__Clostridia.o__Oscillospirales.f__Oscillospiraceae.g__Faecousia.s__Faecousia.sp000435995	Laxatives	Laxatives	-0.0180302052725905	0.112658469033021	146	50	0.873093674256447	0.983545283650334
d__Bacteria.p__Bacillota_A.c__Clostridia.o__Oscillospirales.f__Oscillospiraceae.g__HGM13006.s__HGM13006.sp900756575	Laxatives	Laxatives	0.00926900552949294	0.0535532668936641	146	20	0.862855598155256	0.983545283650334
d__Bacteria.p__Bacillota_A.c__Clostridia.o__Oscillospirales.f__Oscillospiraceae.g__Vescimonas.s__Vescimonas.sp900545585	Group	PD	-0.0225750970357688	0.13563134277607	146	17	0.868063749460115	0.983545283650334
d__Bacteria.p__Bacillota_A.c__Clostridia.o__Oscillospirales.f__Ruminococcaceae.g__Faecalibacterium.s__Faecalibacterium.prausnitzii_E	Sex_Male1_Female2	Female	0.0512119240955354	0.289853009155139	146	24	0.860030733037517	0.983545283650334
d__Bacteria.p__Bacillota_A.c__Clostridia.o__Oscillospirales.f__Ruminococcaceae.g__Faecalibacterium.s__Faecalibacterium.sp900758465	Laxatives	Laxatives	-0.0134388215204236	0.0822720524222469	146	36	0.870497642732237	0.983545283650334
d__Bacteria.p__Bacillota_A.c__Clostridia.o__Oscillospirales.f__Ruminococcaceae.g__Ruminococcus_C.s__Ruminococcus_C.callidus	Group	PD	-0.0374529299179535	0.233091757179755	146	20	0.872593816760465	0.983545283650334
d__Bacteria.p__Bacillota_A.c__Clostridia.o__Peptostreptococcales.f__Peptostreptococcaceae.g__Terrisporobacter.s__Terrisporobacter.sp900557165	Laxatives	Laxatives	0.012290253941324	0.0760511172222919	146	26	0.871865762926446	0.983545283650334
d__Bacteria.p__Bacteroidota.c__Bacteroidia.o__Bacteroidales.f__Barnesiellaceae.g__Barnesiella.s__Barnesiella.intestinihominis	Sex_Male1_Female2	Female	0.0488268902411423	0.293742435366919	146	83	0.8682373591714	0.983545283650334
d__Bacteria.p__Bacteroidota.c__Bacteroidia.o__Bacteroidales.f__Marinifilaceae.g__Odoribacter.s__Odoribacter.splanchnicus	Sex_Male1_Female2	Female	-0.0340002686565489	0.208973833082051	146	94	0.871004505399693	0.983545283650334
d__Bacteria.p__Bacteroidota.c__Bacteroidia.o__Bacteroidales.f__Rikenellaceae.g__Alistipes.s__Alistipes.senegalensis	Group	PD	0.02712280142254	0.149442678091434	146	29	0.856261138717862	0.983545283650334
d__Bacteria.p__Bacillota_A.c__Clostridia.o__Oscillospirales.f__Ruminococcaceae.g__Faecalibacterium.s__Faecalibacterium.prausnitzii_I	Laxatives	Laxatives	0.0165194330374479	0.105207869538738	146	63	0.8754731258283	0.984249345871095
d__Bacteria.p__Bacillota_A.c__Clostridia.o__Oscillospirales.f__Ruminococcaceae.g__Ruthenibacterium.s__Ruthenibacterium.merdipullorum	Group	PD	-0.025420202388766	0.16121324785524	146	16	0.874951273136229	0.984249345871095
d__Bacteria.p__Bacillota_A.c__Clostridia.o__Lachnospirales.f__Lachnospiraceae.g__Anaerobutyricum.s__Anaerobutyricum.soehngenii	Group	PD	0.0556380798975213	0.372930238719972	146	96	0.881631836699147	0.98492476870401
d__Bacteria.p__Bacillota_A.c__Clostridia.o__Lachnospirales.f__Lachnospiraceae.g__Blautia_A.s__Blautia_A.sp003474435	Laxatives	Laxatives	0.0100571449905215	0.0677493146090554	146	18	0.88221870993541	0.98492476870401
d__Bacteria.p__Bacillota_A.c__Clostridia.o__Lachnospirales.f__Lachnospiraceae.g__Blautia_A.s__Blautia_A.wexlerae_B	Sex_Male1_Female2	Female	-0.0467660940946229	0.309127823172998	146	138	0.879984409274541	0.98492476870401
d__Bacteria.p__Bacillota_A.c__Clostridia.o__Lachnospirales.f__Lachnospiraceae.g__Eubacterium_G.s__Eubacterium_G.sp000435815	Laxatives	Laxatives	0.0103692338840579	0.0690693148422788	146	24	0.880894581269982	0.98492476870401
d__Bacteria.p__Bacillota_A.c__Clostridia.o__Lachnospirales.f__Lachnospiraceae.g__Massilistercora.s__Massilistercora.timonensis	Sex_Male1_Female2	Female	0.0221988627357746	0.144729084724638	146	24	0.878332915650176	0.98492476870401
d__Bacteria.p__Bacillota_A.c__Clostridia.o__Peptostreptococcales.f__Peptostreptococcaceae.g__Terrisporobacter.s__Terrisporobacter.sp900557165	Group	PD	0.0249882592261416	0.162756936120546	146	26	0.878215683306055	0.98492476870401
d__Bacteria.p__Bacillota_I.c__Bacilli_A.o__Erysipelotrichales.f__Coprobacillaceae.g__Allocoprobacillus.s__Allocoprobacillus.merdigallinarum	Laxatives	Laxatives	-0.00679059968491595	0.0444315045991932	146	15	0.878765137301178	0.98492476870401
d__Bacteria.p__Bacillota_A.c__Clostridia.o__Christensenellales.f__CAG.138.g__Phil1.s__Phil1.sp001940855	Group	PD	0.0247541413754978	0.206690485034681	146	21	0.90485334033139	0.986197427298925
d__Bacteria.p__Bacillota_A.c__Clostridia.o__Christensenellales.f__UBA1750.g__Spyradocola.s__Spyradocola.merdavium	Group	PD	-0.0218825972014881	0.162618626028013	146	38	0.893163208559577	0.986197427298925
d__Bacteria.p__Bacillota_A.c__Clostridia.o__Lachnospirales.f__Anaerotignaceae.g__Anaerotignum.s__Anaerotignum.faecicola	Laxatives	Laxatives	-0.0114176485220825	0.0934439292409108	146	48	0.902938036491962	0.986197427298925
d__Bacteria.p__Bacillota_A.c__Clostridia.o__Lachnospirales.f__Lachnospiraceae.g__Blautia_A.s__Blautia_A.faecis	Group	PD	0.034647282995144	0.247222072460593	146	140	0.88875957471186	0.986197427298925
d__Bacteria.p__Bacillota_A.c__Clostridia.o__Lachnospirales.f__Lachnospiraceae.g__Blautia_A.s__Blautia_A.sp900066205	Sex_Male1_Female2	Female	0.0343747122032384	0.282478136904762	146	44	0.903331149679389	0.986197427298925
d__Bacteria.p__Bacillota_A.c__Clostridia.o__Lachnospirales.f__Lachnospiraceae.g__Blautia_A.s__Blautia_A.sp900066335	Laxatives	Laxatives	-0.0149234061903635	0.125240538418785	146	31	0.905332754115769	0.986197427298925
d__Bacteria.p__Bacillota_A.c__Clostridia.o__Lachnospirales.f__Lachnospiraceae.g__Blautia_A.s__Blautia_A.sp934394595	Laxatives	Laxatives	-0.0103461150894355	0.0816758147917288	146	53	0.899393490891943	0.986197427298925
d__Bacteria.p__Bacillota_A.c__Clostridia.o__Lachnospirales.f__Lachnospiraceae.g__Frisingicoccus.s__Frisingicoccus.sp900549105	Laxatives	Laxatives	0.00887782063600396	0.0641086285440595	146	16	0.890073010413066	0.986197427298925
d__Bacteria.p__Bacillota_A.c__Clostridia.o__Lachnospirales.f__Lachnospiraceae.g__JAGZHZ01.s__JAGZHZ01.sp018366495	Laxatives	Laxatives	0.00969878974972612	0.0692155499013454	146	17	0.888776894000071	0.986197427298925
d__Bacteria.p__Bacillota_A.c__Clostridia.o__Lachnospirales.f__Lachnospiraceae.g__Lachnoclostridium_B.s__Lachnoclostridium_B.ammoniilytica	Group	PD	0.0244610770852814	0.178093805382197	146	85	0.890965504070345	0.986197427298925
d__Bacteria.p__Bacillota_A.c__Clostridia.o__Lachnospirales.f__Lachnospiraceae.g__Muricoprocola.s__Muricoprocola.aceti	Sex_Male1_Female2	Female	0.0120703687561704	0.0943396791477713	146	17	0.898388044708594	0.986197427298925
d__Bacteria.p__Bacillota_A.c__Clostridia.o__Lachnospirales.f__Lachnospiraceae.g__Pseudolachnospira.s__Pseudolachnospira.sp022867805	Laxatives	Laxatives	0.0116825223410465	0.0852875865488862	146	36	0.891258488703617	0.986197427298925
d__Bacteria.p__Bacillota_A.c__Clostridia.o__Oscillospirales.f__Acutalibacteraceae.g__Eubacterium_R.s__Eubacterium_R.sp000434995	Sex_Male1_Female2	Female	-0.0238520053389507	0.178667086108215	146	25	0.894003053288174	0.986197427298925
d__Bacteria.p__Bacillota_A.c__Clostridia.o__Oscillospirales.f__Acutalibacteraceae.g__Fimivicinus.s__Fimivicinus.sp900544375	Group	PD	-0.031062597535652	0.26039310656123	146	26	0.905227424428242	0.986197427298925
d__Bacteria.p__Bacillota_A.c__Clostridia.o__Oscillospirales.f__Oscillospiraceae.g__CAG.170.s__CAG.170.sp003516765	Sex_Male1_Female2	Female	0.0177671134242772	0.136881708794309	146	32	0.896924520332296	0.986197427298925
d__Bacteria.p__Bacillota_A.c__Clostridia.o__Oscillospirales.f__Oscillospiraceae.g__Pseudoscilispira.s__Pseudoscilispira.sp018369915	Group	PD	-0.0102862634244842	0.084165121866645	146	15	0.902915816987239	0.986197427298925
d__Bacteria.p__Bacillota_A.c__Clostridia.o__Oscillospirales.f__Ruminococcaceae.g__Faecalibacterium.s__Faecalibacterium.sp905215595	Laxatives	Laxatives	-0.0232702860467422	0.161129086371376	146	108	0.885390656313363	0.986197427298925
d__Bacteria.p__Bacillota_A.c__Clostridia.o__Oscillospirales.f__Ruminococcaceae.g__Gemmiger.s__Gemmiger.sp900539695	Laxatives	Laxatives	-0.0117358725420631	0.0880727926382419	146	65	0.894198594462174	0.986197427298925
d__Bacteria.p__Bacillota_A.c__Clostridia.o__Peptostreptococcales.f__Anaerovoracaceae.g__CAG.238.s__CAG.238.sp900542245	Laxatives	Laxatives	0.00743390148550368	0.0546275180602511	146	19	0.891964205327822	0.986197427298925
d__Bacteria.p__Bacillota_A.c__Clostridia.o__TANB77.f__CAG.508.g__CAG.269.s__CAG.269.sp000437215	Laxatives	Laxatives	0.00647426320714014	0.0516155514258289	146	16	0.900373519133673	0.986197427298925
d__Bacteria.p__Bacillota_G.c__DTU025.o__DTUO25.f__HGM14224.g__HGM14224.s__HGM14224.sp900761905	Sex_Male1_Female2	Female	0.0138704825378573	0.100121478681519	146	19	0.890029133147954	0.986197427298925
d__Bacteria.p__Bacteroidota.c__Bacteroidia.o__Bacteroidales.f__Bacteroidaceae.g__Bacteroides.s__Bacteroides.sp900557355	Group	PD	-0.0268458710784093	0.220673203825197	146	23	0.90335912582765	0.986197427298925
d__Bacteria.p__Bacteroidota.c__Bacteroidia.o__Bacteroidales.f__Bacteroidaceae.g__Phocaeicola.s__Phocaeicola.massiliensis	Group	PD	-0.0304717350412914	0.229062625080966	146	34	0.894375392092159	0.986197427298925
d__Bacteria.p__Bacteroidota.c__Bacteroidia.o__Bacteroidales.f__Coprobacteraceae.g__Coprobacter.s__Coprobacter.fastidiosus	Group	PD	-0.0183865130200987	0.144073545655185	146	19	0.898646237883062	0.986197427298925
d__Bacteria.p__Bacteroidota.c__Bacteroidia.o__Bacteroidales.f__Rikenellaceae.g__Alistipes_A.s__Alistipes_A.hominis	Group	PD	-0.0200707967743023	0.153278498794309	146	36	0.896021015154957	0.986197427298925
d__Bacteria.p__Actinomycetota.c__Actinomycetes.o__Actinomycetales.f__Bifidobacteriaceae.g__Bifidobacterium.s__Bifidobacterium.dentium	Sex_Male1_Female2	Female	-0.0156655144336393	0.139434836100847	146	15	0.910717813731076	0.987727775643493
d__Bacteria.p__Actinomycetota.c__Coriobacteriia.o__Coriobacteriales.f__Eggerthellaceae.g__Gordonibacter.s__Gordonibacter.urolithinfaciens	Group	PD	0.0148485085170818	0.140961403488909	146	20	0.916269203965153	0.987727775643493
d__Bacteria.p__Bacillota_A.c__Clostridia.o__Christensenellales.f__Aristaeellaceae.g__Egerieenecus.s__Egerieenecus.sp900553315	Sex_Male1_Female2	Female	-0.0112338064662847	0.101695639686992	146	18	0.912209679811689	0.987727775643493
d__Bacteria.p__Bacillota_A.c__Clostridia.o__Christensenellales.f__QAND01.g__UMGS1975.s__UMGS1975.sp959600905	Sex_Male1_Female2	Female	0.0146021070179033	0.139253141462952	146	33	0.916647153843926	0.987727775643493
d__Bacteria.p__Bacillota_A.c__Clostridia.o__Christensenellales.f__UBA1750.g__Spyradocola.s__Spyradocola.merdavium	Sex_Male1_Female2	Female	-0.0156107526018685	0.150217655763723	146	38	0.917391059908463	0.987727775643493
d__Bacteria.p__Bacillota_A.c__Clostridia.o__Lachnospirales.f__Lachnospiraceae.g__Brotaphodocola.s__Brotaphodocola.sp003480315	Laxatives	Laxatives	0.0051601741298113	0.0457416200129924	146	21	0.910352806245192	0.987727775643493
d__Bacteria.p__Bacillota_A.c__Clostridia.o__Lachnospirales.f__Lachnospiraceae.g__Butyribacter.s__Butyribacter.sp000436755	Sex_Male1_Female2	Female	-0.0097846760918062	0.0964062814498432	146	17	0.919313362992842	0.987727775643493
d__Bacteria.p__Bacillota_A.c__Clostridia.o__Lachnospirales.f__Lachnospiraceae.g__Eisenbergiella.s__Eisenbergiella.tayi	Laxatives	Laxatives	-0.00939887854805686	0.0927251375854587	146	38	0.919417453913395	0.987727775643493
d__Bacteria.p__Bacillota_A.c__Clostridia.o__Lachnospirales.f__Lachnospiraceae.g__Lachnospira.s__Lachnospira.hominis	Sex_Male1_Female2	Female	0.0178749097007927	0.158069230139073	146	35	0.910138029366856	0.987727775643493
d__Bacteria.p__Bacillota_A.c__Clostridia.o__Peptostreptococcales.f__Anaerovoracaceae.g__Lentihominibacter.s__Lentihominibacter.excrementipullorum	Sex_Male1_Female2	Female	0.0140123562879099	0.139149461766581	146	30	0.919942536138547	0.987727775643493
d__Bacteria.p__Bacillota_A.c__Clostridia.o__Peptostreptococcales.f__Peptostreptococcaceae.g__Intestinibacter.s__Intestinibacter.bartlettii	Sex_Male1_Female2	Female	-0.0229766095948566	0.213395767770519	146	54	0.914421130828002	0.987727775643493
d__Bacteria.p__Bacillota_A.c__Clostridia.o__TANB77.f__CAG.508.g__Merdicola.s__Merdicola.sp018371855	Laxatives	Laxatives	-0.0114376562358263	0.104706301179596	146	17	0.913182771935116	0.987727775643493
d__Bacteria.p__Bacteroidota.c__Bacteroidia.o__Bacteroidales.f__Marinifilaceae.g__Butyricimonas.s__Butyricimonas.sp019423345	Sex_Male1_Female2	Female	0.0137050374314926	0.124676198490034	146	23	0.912637034749116	0.987727775643493
d__Bacteria.p__Bacteroidota.c__Bacteroidia.o__Bacteroidales.f__Rikenellaceae.g__Alistipes.s__Alistipes.shahii	Laxatives	Laxatives	-0.0152039546072245	0.141843686153063	146	88	0.914803742697369	0.987727775643493
d__Bacteria.p__Pseudomonadota.c__Alphaproteobacteria.o__RF32.f__CAG.239.g__Scatacola_A.s__Scatacola_A.faecigallinarum	Sex_Male1_Female2	Female	-0.0256193716548295	0.22892448664147	146	26	0.911064566658046	0.987727775643493
d__Bacteria.p__Bacillota_A.c__Clostridia.o__Lachnospirales.f__Lachnospiraceae.g__Enterocloster.s__Enterocloster.sp001517625	Group	PD	0.0226002924029399	0.231472046568149	146	24	0.922369579433808	0.98844189887749
d__Bacteria.p__Bacillota_A.c__Clostridia.o__Oscillospirales.f__Oscillospiraceae.g__Pseudoscilispira.s__Pseudoscilispira.sp018369915	Sex_Male1_Female2	Female	-0.00764619304602085	0.0777468584791608	146	15	0.921806850630022	0.98844189887749
d__Bacteria.p__Bacillota_A.c__Clostridia.o__Oscillospirales.f__Acutalibacteraceae.g__Pseudoruminococcus.s__Pseudoruminococcus.massiliensis	Sex_Male1_Female2	Female	0.0237418544734629	0.245973785815778	146	23	0.923253598846637	0.988445169757564
d__Bacteria.p__Bacillota_A.c__Clostridia.o__Oscillospirales.f__Oscillospiraceae.g__Faecousia.s__Faecousia.sp003525905	Laxatives	Laxatives	-0.0124749198920628	0.137790468147132	146	85	0.928000020958631	0.992579622035829
d__Archaea.p__Methanobacteriota.c__Methanobacteria.o__Methanobacteriales.f__Methanobacteriaceae.g__Methanobrevibacter_A.s__Methanobrevibacter_A.smithii	Group	PD	0.0321755181688082	0.380268219957873	146	55	0.932698479346984	0.993384242116331
d__Bacteria.p__Bacillota_A.c__Clostridia.o__Christensenellales.f__Aristaeellaceae.g__Alectryocaccomicrobium.s__Alectryocaccomicrobium.faecavium	Group	PD	-0.0123061961337669	0.14638295662213	146	23	0.933130301462658	0.993384242116331
d__Bacteria.p__Bacillota_A.c__Clostridia.o__Lachnospirales.f__Lachnospiraceae.g__Alitiscatomonas.s__Alitiscatomonas.sp900066535	Sex_Male1_Female2	Female	0.0146438294651348	0.166804769935306	146	40	0.930177460163399	0.993384242116331
d__Bacteria.p__Bacillota_A.c__Clostridia.o__Oscillospirales.f__Acutalibacteraceae.g__Acutalibacter.s__Acutalibacter.timonensis	Laxatives	Laxatives	0.0105293566597358	0.124917525390911	146	61	0.932954167286278	0.993384242116331
d__Bacteria.p__Bacillota_A.c__Clostridia.o__Oscillospirales.f__Acutalibacteraceae.g__UMGS1623.s__UMGS1623.sp934647945	Laxatives	Laxatives	-0.00559932453680403	0.0675502160920991	146	36	0.93406450573327	0.993384242116331
d__Bacteria.p__Bacteroidota.c__Bacteroidia.o__Bacteroidales.f__Marinifilaceae.g__Odoribacter.s__Odoribacter.splanchnicus	Group	PD	-0.0188727983748889	0.226225322441872	146	94	0.93364112908727	0.993384242116331
d__Bacteria.p__Actinomycetota.c__Coriobacteriia.o__Coriobacteriales.f__Eggerthellaceae.g__Anaerotardibacter.s__Anaerotardibacter.sp000435675	Group	PD	0.0109286979289165	0.290348072985412	146	52	0.970032023764743	0.993753379371941
d__Bacteria.p__Bacillota.c__Bacilli.o__MOL361.f__Turicibacteraceae.g__Turicibacter.s__Turicibacter.bilis	Sex_Male1_Female2	Female	0.0123617372849081	0.155946012026709	146	33	0.936939355705412	0.993753379371941
d__Bacteria.p__Bacillota_A.c__Clostridia.o__Christensenellales.f__Aristaeellaceae.g__Faecivicinus.s__Faecivicinus.avistercoris	Sex_Male1_Female2	Female	-0.00407336457315315	0.158857535953491	146	28	0.979582208186602	0.993753379371941
d__Bacteria.p__Bacillota_A.c__Clostridia.o__Christensenellales.f__Aristaeellaceae.g__Fimadaptatus.s__Fimadaptatus.sp900553645	Laxatives	Laxatives	-0.00189894237024068	0.0479297428342757	146	17	0.968456965087263	0.993753379371941
d__Bacteria.p__Bacillota_A.c__Clostridia.o__Christensenellales.f__Aristaeellaceae.g__Ventricola.s__Ventricola.sp900542395	Group	PD	-0.00583286245172141	0.216672350766041	146	42	0.978564350350715	0.993753379371941
d__Bacteria.p__Bacillota_A.c__Clostridia.o__Clostridiales.f__Clostridiaceae.g__Clostridium.s__Clostridium.saudiense	Group	PD	-0.0100102200026651	0.158658325482025	146	30	0.949788665264182	0.993753379371941
d__Bacteria.p__Bacillota_A.c__Clostridia.o__Lachnospirales.f__Lachnospiraceae.g__Alitiscatomonas.s__Alitiscatomonas.aceti	Group	PD	-0.00825417390921853	0.230561364698129	146	82	0.971496061368531	0.993753379371941
d__Bacteria.p__Bacillota_A.c__Clostridia.o__Lachnospirales.f__Lachnospiraceae.g__Anaerobutyricum.s__Anaerobutyricum.hallii	Laxatives	Laxatives	0.00436021922785309	0.144719234278733	146	113	0.976010172186209	0.993753379371941
d__Bacteria.p__Bacillota_A.c__Clostridia.o__Lachnospirales.f__Lachnospiraceae.g__Anaerostipes.s__Anaerostipes.amylophilus	Laxatives	Laxatives	0.00954518531383775	0.132465222340562	146	41	0.94266561125662	0.993753379371941
d__Bacteria.p__Bacillota_A.c__Clostridia.o__Lachnospirales.f__Lachnospiraceae.g__Blautia_A.s__Blautia_A.acetigignens	Sex_Male1_Female2	Female	0.00749594924545838	0.226341571797445	146	56	0.973631004586195	0.993753379371941
d__Bacteria.p__Bacillota_A.c__Clostridia.o__Lachnospirales.f__Lachnospiraceae.g__Blautia_A.s__Blautia_A.sp900548245	Sex_Male1_Female2	Female	-0.0115207503073921	0.230225726814154	146	47	0.960165848647988	0.993753379371941
d__Bacteria.p__Bacillota_A.c__Clostridia.o__Lachnospirales.f__Lachnospiraceae.g__Dorea_D.s__Dorea_D.hominis	Group	PD	0.0101851648277957	0.168744131778022	146	44	0.951961990984494	0.993753379371941
d__Bacteria.p__Bacillota_A.c__Clostridia.o__Lachnospirales.f__Lachnospiraceae.g__Enterocloster.s__Enterocloster.sp001517625	Sex_Male1_Female2	Female	0.00773078327792959	0.213820452549568	146	24	0.971213412529981	0.993753379371941
d__Bacteria.p__Bacillota_A.c__Clostridia.o__Lachnospirales.f__Lachnospiraceae.g__Eubacterium_G.s__Eubacterium_G.sp000435815	Group	PD	-0.0109160455145818	0.147815186341267	146	24	0.941242957195304	0.993753379371941
d__Bacteria.p__Bacillota_A.c__Clostridia.o__Lachnospirales.f__Lachnospiraceae.g__Eubacterium_G.s__Eubacterium_G.ventriosum	Laxatives	Laxatives	-0.00775805973444352	0.10189002560392	146	66	0.939422682360298	0.993753379371941
d__Bacteria.p__Bacillota_A.c__Clostridia.o__Lachnospirales.f__Lachnospiraceae.g__Lachnoclostridium_B.s__Lachnoclostridium_B.acetigenes	Laxatives	Laxatives	-0.00165250195279613	0.0614920890444629	146	19	0.978601598708817	0.993753379371941
d__Bacteria.p__Bacillota_A.c__Clostridia.o__Lachnospirales.f__Lachnospiraceae.g__Lachnospira.s__Lachnospira.eligens	Laxatives	Laxatives	-0.00409506364538019	0.13970957691763	146	90	0.976660954890131	0.993753379371941
d__Bacteria.p__Bacillota_A.c__Clostridia.o__Lachnospirales.f__Lachnospiraceae.g__Oliverpabstia.s__Oliverpabstia.intestinalis	Sex_Male1_Female2	Female	-0.0154225888912827	0.286697720473874	146	97	0.957181318520617	0.993753379371941
d__Bacteria.p__Bacillota_A.c__Clostridia.o__Lachnospirales.f__Lachnospiraceae.g__Pararoseburia.s__Pararoseburia.lenta	Sex_Male1_Female2	Female	0.00551282795011936	0.122474550016396	146	18	0.964166263310106	0.993753379371941
d__Bacteria.p__Bacillota_A.c__Clostridia.o__Lachnospirales.f__Lachnospiraceae.g__Pararoseburia.s__Pararoseburia.lenta	Laxatives	Laxatives	0.00324170663360953	0.0619528446320916	146	18	0.958349131019064	0.993753379371941
d__Bacteria.p__Bacillota_A.c__Clostridia.o__Lachnospirales.f__Lachnospiraceae.g__Ruminococcus_B.s__Ruminococcus_B.gnavus	Sex_Male1_Female2	Female	-0.0186179632861276	0.317256450889595	146	49	0.953293012748365	0.993753379371941
d__Bacteria.p__Bacillota_A.c__Clostridia.o__Lachnospirales.f__Lachnospiraceae.g__Scatomonas.s__Scatomonas.merdavium	Laxatives	Laxatives	-0.0030304210817288	0.0576993171285175	146	19	0.958193633847793	0.993753379371941
d__Bacteria.p__Bacillota_A.c__Clostridia.o__Lachnospirales.f__Lachnospiraceae.g__UBA11774.s__UBA11774.sp003507655	Laxatives	Laxatives	-0.0100045497034681	0.142061688087645	146	109	0.94396359835687	0.993753379371941
d__Bacteria.p__Bacillota_A.c__Clostridia.o__Oscillospirales.f__Acutalibacteraceae.g__CAG.217.s__	Sex_Male1_Female2	Female	-0.0143442449973382	0.300220287938739	146	44	0.961965085173377	0.993753379371941
d__Bacteria.p__Bacillota_A.c__Clostridia.o__Oscillospirales.f__Acutalibacteraceae.g__CAKTXU01.s__CAKTXU01.sp934615635	Sex_Male1_Female2	Female	-0.00280553391509824	0.0859550732653603	146	17	0.974011717632691	0.993753379371941
d__Bacteria.p__Bacillota_A.c__Clostridia.o__Oscillospirales.f__Acutalibacteraceae.g__Fimenecus.s__Fimenecus.sp000432435	Group	PD	-0.0107255024946924	0.291909439770024	146	31	0.970746197978733	0.993753379371941
d__Bacteria.p__Bacillota_A.c__Clostridia.o__Oscillospirales.f__Butyricicoccaceae.g__Agathobaculum.s__Agathobaculum.butyriciproducens	Laxatives	Laxatives	0.00820764006667788	0.112205478815783	146	107	0.941799676761499	0.993753379371941
d__Bacteria.p__Bacillota_A.c__Clostridia.o__Oscillospirales.f__Oscillospiraceae.g__Dysosmobacter.s__Dysosmobacter.faecalis	Group	PD	0.00938449828912119	0.157313450225457	146	30	0.95252150131637	0.993753379371941
d__Bacteria.p__Bacillota_A.c__Clostridia.o__Oscillospirales.f__Oscillospiraceae.g__Lawsonibacter.s__Lawsonibacter.sp900066825	Laxatives	Laxatives	0.00201239496630695	0.0585948115135651	146	16	0.972654913450234	0.993753379371941
d__Bacteria.p__Bacillota_A.c__Clostridia.o__Oscillospirales.f__Oscillospiraceae.g__Onthomonas.s__Onthomonas.sp003150485	Sex_Male1_Female2	Female	-0.0112014400258168	0.178472284824565	146	32	0.950050963858392	0.993753379371941
d__Bacteria.p__Bacillota_A.c__Clostridia.o__Oscillospirales.f__Oscillospiraceae.g__Scatomorpha.s__Scatomorpha.sp900545405	Group	PD	0.0110884435139385	0.242748521337407	146	27	0.963635878639709	0.993753379371941
d__Bacteria.p__Bacillota_A.c__Clostridia.o__Oscillospirales.f__Ruminococcaceae.g__Avimicrobium.s__Avimicrobium.caecorum	Laxatives	Laxatives	0.00300465002856741	0.0608034365057877	146	26	0.960663206067548	0.993753379371941
d__Bacteria.p__Bacillota_A.c__Clostridia.o__Oscillospirales.f__Ruminococcaceae.g__CAG.115.s__CAG.115.sp003531585	Sex_Male1_Female2	Female	-0.00682233614692031	0.130237365985785	146	20	0.958302629104392	0.993753379371941
d__Bacteria.p__Bacillota_A.c__Clostridia.o__Oscillospirales.f__Ruminococcaceae.g__Faecalibacterium.s__Faecalibacterium.sp900539885	Sex_Male1_Female2	Female	0.0141625154108121	0.242455988404717	146	53	0.95350888681821	0.993753379371941
d__Bacteria.p__Bacillota_A.c__Clostridia.o__Oscillospirales.f__Ruminococcaceae.g__Faecalibacterium.s__Faecalibacterium.sp934514285	Laxatives	Laxatives	0.00566556127810179	0.156527548740946	146	96	0.971181731924623	0.993753379371941
d__Bacteria.p__Bacillota_A.c__Clostridia.o__Oscillospirales.f__Ruminococcaceae.g__Gemmiger.s__Gemmiger.sp900540775	Sex_Male1_Female2	Female	-0.016214528104997	0.26169713053826	146	33	0.950689807433682	0.993753379371941
d__Bacteria.p__Bacillota_A.c__Clostridia.o__Oscillospirales.f__Ruminococcaceae.g__Hominimerdicola.s__Hominimerdicola.aceti	Laxatives	Laxatives	-0.0141916000539736	0.181074307311187	146	83	0.937649781702554	0.993753379371941
d__Bacteria.p__Bacillota_A.c__Clostridia.o__Oscillospirales.f__Ruminococcaceae.g__Negativibacillus.s__Negativibacillus.faecipullorum	Sex_Male1_Female2	Female	0.00388785538814849	0.102760361399518	146	17	0.969877476469421	0.993753379371941
d__Bacteria.p__Bacillota_A.c__Clostridia.o__Oscillospirales.f__Ruminococcaceae.g__Ruthenibacterium.s__Ruthenibacterium.merdipullorum	Laxatives	Laxatives	0.00325626259076574	0.0753298010067267	146	16	0.96558659877664	0.993753379371941
d__Bacteria.p__Bacillota_A.c__Clostridia.o__Oscillospirales.f__Ruminococcaceae.g__Zongyangia.s__Zongyangia.gallinarum	Laxatives	Laxatives	0.00236503759957684	0.0664885314361332	146	23	0.971678888221389	0.993753379371941
d__Bacteria.p__Bacillota_A.c__Clostridia.o__TANB77.f__CAG.508.g__CAG.245.s__CAG.245.sp000435175	Group	PD	-0.00445676902356449	0.152155803932297	146	30	0.976677221046497	0.993753379371941
d__Bacteria.p__Bacteroidota.c__Bacteroidia.o__Bacteroidales.f__Bacteroidaceae.g__Bacteroides.s__Bacteroides.fragilis	Sex_Male1_Female2	Female	-0.00769279821403618	0.29200273044742	146	69	0.979022290204812	0.993753379371941
d__Bacteria.p__Bacteroidota.c__Bacteroidia.o__Bacteroidales.f__Bacteroidaceae.g__Bacteroides.s__Bacteroides.stercoris	Group	PD	0.011293550027403	0.340203753796323	146	49	0.973568471799465	0.993753379371941
d__Bacteria.p__Bacteroidota.c__Bacteroidia.o__Bacteroidales.f__Bacteroidaceae.g__Phocaeicola.s__Phocaeicola.vulgatus	Group	PD	-0.0115658780612856	0.359329314033103	146	114	0.974371589780071	0.993753379371941
d__Bacteria.p__Bacteroidota.c__Bacteroidia.o__Bacteroidales.f__Bacteroidaceae.g__Phocaeicola.s__Phocaeicola.vulgatus	Laxatives	Laxatives	-0.00689688582522173	0.16790311021029	146	114	0.967297382775396	0.993753379371941
d__Bacteria.p__Bacteroidota.c__Bacteroidia.o__Bacteroidales.f__Marinifilaceae.g__Odoribacter.s__Odoribacter.splanchnicus	Laxatives	Laxatives	-0.0081112781396589	0.105707866747595	146	94	0.938953047733754	0.993753379371941
d__Bacteria.p__Bacteroidota.c__Bacteroidia.o__Bacteroidales.f__Rikenellaceae.g__Alistipes.s__Alistipes.finegoldii	Sex_Male1_Female2	Female	0.0109163149101972	0.279300226997587	146	87	0.968882505132875	0.993753379371941
d__Bacteria.p__Bacteroidota.c__Bacteroidia.o__Bacteroidales.f__Rikenellaceae.g__Alistipes_A.s__Alistipes_A.indistinctus	Laxatives	Laxatives	-0.0036115687063078	0.10132839260884	146	51	0.971621898017629	0.993753379371941
d__Bacteria.p__Bacteroidota.c__Bacteroidia.o__Bacteroidales.f__Rikenellaceae.g__Tidjanibacter.s__Tidjanibacter.inops	Group	PD	0.0144152294050442	0.207637773425384	146	24	0.9447572813872	0.993753379371941
d__Bacteria.p__Bacteroidota.c__Bacteroidia.o__Bacteroidales.f__Rikenellaceae.g__Tidjanibacter.s__Tidjanibacter.inops	Sex_Male1_Female2	Female	-0.00931082363943332	0.191803733273378	146	24	0.961357032755106	0.993753379371941
d__Bacteria.p__Bacteroidota.c__Bacteroidia.o__Bacteroidales.f__Rikenellaceae.g__Tidjanibacter.s__Tidjanibacter.inops	Laxatives	Laxatives	0.00420429053420483	0.0970224988436368	146	24	0.965501946543518	0.993753379371941
d__Bacteria.p__Bacillota_A.c__Clostridia.o__Lachnospirales.f__Lachnospiraceae.g__Alitiscatomonas.s__Alitiscatomonas.aceti	Sex_Male1_Female2	Female	0.00403203581005268	0.212979217452444	146	82	0.984924480830524	0.995572313055718
d__Bacteria.p__Bacillota_A.c__Clostridia.o__Oscillospirales.f__Oscillospiraceae.g__CAG.103.s__CAG.103.sp000432375	Group	PD	0.00840479991605746	0.381355693522326	146	44	0.982450167237972	0.995572313055718
d__Bacteria.p__Bacteroidota.c__Bacteroidia.o__Bacteroidales.f__Rikenellaceae.g__Alistipes.s__Alistipes.putredinis	Group	PD	-0.00847880530826581	0.403797766280526	146	113	0.983279476984799	0.995572313055718
d__Bacteria.p__Bacteroidota.c__Bacteroidia.o__Bacteroidales.f__Rikenellaceae.g__Alistipes_A.s__Alistipes_A.hominis	Sex_Male1_Female2	Female	0.00280423867353637	0.141589787899803	146	36	0.984228765169875	0.995572313055718
d__Bacteria.p__Bacillota_A.c__Clostridia.o__Oscillospirales.f__Oscillospiraceae.g__HGM13006.s__HGM13006.sp900756575	Group	PD	-0.00188519386847577	0.114609304336476	146	20	0.986901315788888	0.995776327621521
d__Bacteria.p__Bacteroidota.c__Bacteroidia.o__Bacteroidales.f__Bacteroidaceae.g__Bacteroides.s__Bacteroides.cellulosilyticus	Group	PD	-0.00603240809816038	0.355779993522144	146	70	0.986497956984616	0.995776327621521
d__Bacteria.p__Bacillota_A.c__Clostridia.o__Peptostreptococcales.f__Anaerovoracaceae.g__Fimisoma.s__Fimisoma.avicola	Group	PD	-0.00221844472835395	0.144999968330497	146	20	0.987816420637638	0.995804154497242
d__Bacteria.p__Bacillota_A.c__Clostridia.o__Christensenellales.f__CAG.138.g__Phil1.s__Phil1.sp001940855	Sex_Male1_Female2	Female	0.00234854294540123	0.190928683195419	146	21	0.990204478623416	0.997315462311914
d__Bacteria.p__Actinomycetota.c__Actinomycetes.o__Actinomycetales.f__Bifidobacteriaceae.g__Bifidobacterium.s__Bifidobacterium.infantis	Sex_Male1_Female2	Female	-0.00205012772077431	0.419816559868493	146	87	0.996111063280477	0.99753145085842
d__Bacteria.p__Bacillota.c__Bacilli.o__Lactobacillales.f__Streptococcaceae.g__Streptococcus.s__Streptococcus.mutans	Sex_Male1_Female2	Female	0.00123466246459105	0.183338048758922	146	24	0.994637051877972	0.99753145085842
d__Bacteria.p__Bacillota_A.c__Clostridia.o__Lachnospirales.f__Lachnospiraceae.g__Eubacterium_I.s__Eubacterium_I.ramulus_A	Sex_Male1_Female2	Female	-0.0012427814344853	0.127689080972946	146	19	0.992249221071145	0.99753145085842
d__Bacteria.p__Bacillota_A.c__Clostridia.o__Lachnospirales.f__Lachnospiraceae.g__Limivivens.s__Limivivens.faecihominis	Sex_Male1_Female2	Female	-0.000723427614004013	0.17158297894266	146	75	0.996642385394197	0.99753145085842
d__Bacteria.p__Bacillota_A.c__Clostridia.o__Oscillospirales.f__Acutalibacteraceae.g__Anaeromassilibacillus.s__Anaeromassilibacillus.stercoravium	Laxatives	Laxatives	-0.000729866074600971	0.0737441376516505	146	26	0.992118301914915	0.99753145085842
d__Bacteria.p__Bacillota_A.c__Clostridia.o__Oscillospirales.f__Acutalibacteraceae.g__Hominenteromicrobium.s__Hominenteromicrobium.mulieris	Laxatives	Laxatives	-0.000793787430137334	0.163471210431246	146	112	0.996133015043311	0.99753145085842
d__Bacteria.p__Bacillota_A.c__Clostridia.o__Oscillospirales.f__Oscillospiraceae.g__Scatomorpha.s__Scatomorpha.sp900545405	Laxatives	Laxatives	0.000879501285820367	0.113428629782609	146	27	0.99382523162423	0.99753145085842
d__Bacteria.p__Bacillota_A.c__Clostridia.o__Oscillospirales.f__CAG.382.g__Woodwardibium.s__Woodwardibium.sp900760275	Group	PD	-0.000330326259022524	0.124989307371741	146	25	0.997895344631926	0.997895344631926
