PD_1P_profile	PD_2P_profile	PD_3P_profile	PD_4P_profile	PD_5P_profile	PD_6P_profile	PD_7P_profile	PD_8P_profile	PD_9P_profile	PD_10P_profile	PD_11P_profile	PD_12P_profile	PD_13P_profile	PD_14P_profile	PD_15P_profile	PD_16P_profile	PD_25P_profile	PD_27P_profile	PD_29P_profile	PD_30P_profile	PD_31P_profile	PD_32P_profile	PD_33P_profile	PD_34P_profile	PD_35P_profile	PD_38P_profile	PD_39P_profile	PD_40P_profile	PD_41P_profile	PD_42P_profile	PD_43P_profile	PD_44P_profile	PD_45P_profile	PD_46P_profile	PD_47P_profile	PD_48P_profile	PD_51P_profile	PD_52P_profile	PD_53P_profile	PD_54P_profile	PD_55P_profile	PD_56P_profile	PD_57P_profile	PD_58P_profile	PD_59P_profile	PD_60P_profile	PD_63P_profile	PD_64P_profile	PD_65P_profile	PD_66P_profile	PD_70P_profile	PD_73P_profile	PD_74P_profile	PD_75P_profile	PD_76P_profile	PD_77P_profile	PD_78P_profile	PD_79S_profile	PD_82P_profile	PD_84P_profile	PD_100P_profile	PD_104P_profile	PD_105P_profile	PD_108S_profile	PD_109S_profile	PD_110S_profile	PD_111P_profile	PD_113P_profile	PD_114P_profile	PD_115S_profile	PD_116P_profile	PD_117_profile	PD_118_profile	PD_119P_profile	PD_120S_profile	PD_121S_profile	PD_122S_profile	PD_123P_profile	PD_126P_profile	PD_127S_profile	PD_128S_profile	PD_129P_profile	PD_130S_profile	PD_131P_profile	PD_134S_profile	PD_137P_profile	PD_138S_profile	PD_140S_profile	PD_141P_profile	PD_142S_profile	PD_145P_profile	PD_146S_profile	PD_147_profile	PD_148P_profile	PD_149S_profile	PD_150P_profile	PD_151S_profile	PD_152P_profile	PD_153S_profile	PD_156P_profile	PD_157S_profile	PD_158P_profile	PD_159S_profile	PD_160P_profile	PD_162P_profile	PD_163S_profile	PD_164P_profile	PD_165S_profile	PD_166_profile	PD_167P_profile	PD_169P_profile	PD_170S_profile	PD_171P_profile	PD_172S_profile	PD_173P_profile	PD_174S_profile	PD_175P_profile	PD_176S_profile	PD_177P_profile	PD_178S_profile	PD_179P_profile	PD_180S_profile	PD_181P_profile	PD_183P_profile	PD_184S_profile	PD_188S_profile	PD_189P_profile	PD_190S_profile	PD_193P_profile	PD_194S_profile	PD_195_profile	PD_196_profile	PD_197_profile	PD_198_profile	PD_200S_profile	PD_203_profile	PD_204_profile	PD_205P_profile	PD_206S_profile	PD_207P_profile	PD_208S_profile	PD_209P_profile	PD_210S_profile	PD_213S_profile	PD_214S_profile	PD_215S_profile	PD_221P_profile	PD_222S_profile	PD_223P_profile	PD_224S_profile	PD_225P_profile	PD_226S_profile	PD_227P_profile	PD_228S_profile	PD_229P_profile	PD_230S_profile	PD_231P_profile	PD_232S_profile
d__Archaea;p__Methanobacteriota;c__Methanobacteria;o__Methanobacteriales;f__Methanobacteriaceae;g__Methanobrevibacter_A;s__Methanobrevibacter_A smithii	32172	0	0	8562	25432	9547	0	18417	0	29841	40476	0	0	0	0	38960	0	36049	12415	0	0	0	0	0	0	0	41418	0	0	0	17829	34434	0	85466	0	3507	0	33087	36314	0	0	72177	0	51862	0	0	0	0	0	0	0	8888	0	16066	0	0	69117	72176	0	83260	25701	0	0	0	0	0	25051	0	0	0	8610	37718	0	7304	36900	256216	40207	0	236850	0	27210	0	0	0	0	0	0	0	0	0	66376	27868	0	14711	66390	0	0	59960	17618	0	0	0	0	20475	0	0	6570	25503	0	0	106125	25350	0	22925	101418	15645	0	54197	0	0	0	0	0	0	0	14282	0	38029	0	0	335391	4722	31393	0	0	62522	44562	0	0	0	0	0	13778	0	8554	0	64595	17741	94535	0	0	0	0	0	0	0	0	0
d__Bacteria;p__Actinomycetota;c__Actinomycetes;o__Actinomycetales;f__Actinomycetaceae;g__Pauljensenia;s__Pauljensenia sp905370305	0	0	0	0	5342	0	4293	0	0	0	4591	0	0	0	0	0	0	0	0	0	0	0	0	0	0	0	0	0	0	0	0	0	0	0	4677	0	0	0	0	0	0	0	0	0	0	0	0	0	4556	0	0	0	0	0	0	0	0	0	0	0	0	0	0	0	0	0	0	0	0	0	0	4406	0	0	0	0	0	4626	0	0	0	0	0	0	5090	0	0	0	0	0	0	0	0	0	0	0	0	0	0	0	0	0	4535	0	0	0	0	0	0	0	0	0	0	0	0	0	0	0	0	0	4248	0	0	0	0	4572	4386	0	0	0	0	5027	0	0	0	4788	0	0	0	4957	0	0	0	0	0	0	0	0	0	0	0	0	0	0	0	0	4314	0
d__Bacteria;p__Actinomycetota;c__Actinomycetes;o__Actinomycetales;f__Bifidobacteriaceae;g__Bifidobacterium;s__Bifidobacterium adolescentis	46038	0	0	0	34115	12674	0	0	0	6498	64932	0	0	9986	3650	0	0	17319	13756	0	247251	47961	9433	0	0	0	49502	0	4000	103683	0	67211	0	58812	40207	0	0	10305	0	67194	178835	28345	59699	19816	0	11540	0	34155	0	16182	0	0	0	19562	68420	0	0	0	26059	15529	197691	9572	415151	0	0	0	0	364164	0	0	0	0	0	17791	37301	0	6043	0	0	0	17258	0	0	0	0	0	0	110897	0	0	59922	0	0	0	0	0	0	0	0	30024	52258	0	0	305553	0	0	63862	0	0	0	45185	9515	4816	10685	0	0	34628	20924	0	36644	0	0	15004	0	9385	0	0	0	53149	95632	42584	0	59821	0	10883	28322	0	0	0	287531	19449	20589	12015	0	5810	0	22410	0	0	149702	21363	18223	0	0	158895	0	0	0
d__Bacteria;p__Actinomycetota;c__Actinomycetes;o__Actinomycetales;f__Bifidobacteriaceae;g__Bifidobacterium;s__Bifidobacterium animalis_B	0	26875	7336	0	0	0	0	0	49278	0	0	0	0	0	0	9478	26254	0	55894	0	0	0	0	3910	0	0	0	37852	0	0	0	0	0	0	0	20198	0	0	0	0	0	78999	0	0	0	0	0	0	0	0	9593	0	279023	0	0	0	0	0	0	7213	0	0	0	0	0	0	0	0	0	0	0	0	0	0	3589	0	0	0	0	0	0	0	0	0	23018	3828	3485	0	0	0	0	0	0	0	0	0	0	0	0	0	0	0	0	3118	0	0	9331	0	0	0	0	0	4549	52196	0	0	0	0	24085	0	0	0	0	22514	0	0	0	0	0	0	27747	0	0	0	0	22833	6092	0	0	0	0	25619	6202	0	0	13468	0	0	0	0	4340	0	4596	15164	0	0	0	0
d__Bacteria;p__Actinomycetota;c__Actinomycetes;o__Actinomycetales;f__Bifidobacteriaceae;g__Bifidobacterium;s__Bifidobacterium bifidum	31722	0	0	0	0	0	0	0	0	0	36607	0	0	0	0	0	0	14279	38117	0	0	0	0	0	0	0	0	0	53148	0	4218	66159	0	78725	0	0	0	0	0	0	0	92809	0	0	0	12177	0	0	0	0	0	0	0	0	0	0	0	0	0	0	0	0	0	4021	0	0	0	0	0	0	0	0	4663	4489	82761	0	0	0	0	0	0	0	0	0	0	0	0	46366	0	0	0	0	0	0	0	0	0	0	0	0	0	0	0	70224	0	6444	65394	13806	0	0	0	0	0	0	3981	0	0	0	6980	0	0	0	0	22051	0	0	0	0	0	0	24464	0	29470	0	0	0	0	0	0	0	0	12931	0	0	0	0	0	0	0	0	9919	0	21282	0	72123	0	0	0
d__Bacteria;p__Actinomycetota;c__Actinomycetes;o__Actinomycetales;f__Bifidobacteriaceae;g__Bifidobacterium;s__Bifidobacterium dentium	0	0	0	0	0	0	0	0	0	0	0	6103	0	0	0	0	0	0	0	0	0	0	0	0	0	0	0	0	0	0	0	0	0	0	5465	0	0	0	0	0	16418	0	0	5391	0	0	6999	0	0	0	6003	0	0	0	0	0	0	0	0	0	0	0	58318	0	0	0	0	0	0	0	0	0	0	0	0	0	8044	0	0	0	0	0	0	0	0	5491	5515	0	0	0	0	0	0	0	0	9160	7907	0	0	0	0	0	0	0	0	0	0	0	0	21287	5735	0	0	0	0	0	0	0	0	0	37198	0	0	0	0	0	0	0	0	0	0	0	0	0	0	6082	11931	0	0	0	0	0	0	0	0	0	0	0	0	0	0	0	0	0	0	0	0	8658
d__Bacteria;p__Actinomycetota;c__Actinomycetes;o__Actinomycetales;f__Bifidobacteriaceae;g__Bifidobacterium;s__Bifidobacterium infantis	72496	0	8097	0	0	0	26938	0	243753	8922	3945	0	29700	34037	10262	0	0	6368	55957	0	246148	19636	12832	14408	25972	0	33155	0	0	205065	8463	69258	0	125894	38127	0	7812	10215	5561	22132	43207	14808	8903	3882	0	41550	33405	0	0	7362	4758	0	6069	0	70753	17892	0	7623	10838	4628	38356	31779	502688	0	0	6933	6033	363511	0	0	0	3710	4874	5170	7508	0	30025	16353	10574	0	0	457696	0	0	5150	0	0	94119	0	31301	26390	0	4755	0	0	0	0	0	0	11722	7831	4136	50432	122066	0	0	17728	0	23272	37196	0	0	0	0	13609	0	0	0	9493	25396	0	0	32836	17422	12405	0	5819	31560	106080	73511	11773	0	36034	5530	0	29650	5354	7127	3878	4159	8684	0	4066	4382	0	3968	27951	0	0	0	9231	4590	55278	0	7120	110062	110959	10166
d__Bacteria;p__Actinomycetota;c__Actinomycetes;o__Actinomycetales;f__Bifidobacteriaceae;g__Bifidobacterium;s__Bifidobacterium pseudocatenulatum	0	0	0	0	0	0	0	0	0	0	7476	0	0	0	25105	0	0	0	13821	0	92947	0	6446	0	0	0	6955	0	0	0	0	6825	0	4185	0	0	90300	0	0	0	10187	0	0	0	0	0	0	0	0	0	0	0	0	0	34470	0	0	0	0	0	0	4844	0	14742	0	6508	0	0	0	0	0	5079	0	0	0	0	0	0	0	0	0	236201	0	0	0	0	0	0	0	0	0	0	0	0	0	0	0	0	0	10885	0	0	0	31145	0	0	10231	0	0	0	0	0	0	0	0	0	0	0	0	0	0	0	0	0	0	0	20262	7911	85941	55506	7024	0	0	4504	0	0	3854	0	5231	13420	0	0	0	0	0	0	0	0	0	0	6361	0	0	0	35317	0	0	0
d__Bacteria;p__Actinomycetota;c__Coriobacteriia;o__Coriobacteriales;f__Coriobacteriaceae;g__Collinsella;s__Collinsella sp023656745	0	24147	12737	20383	19886	0	0	77208	0	20770	52397	0	76215	33029	7921	52169	0	30478	41201	5522	14414	30008	34329	0	112052	32035	18620	0	35336	194576	14087	54928	33919	48622	0	0	0	24932	0	62629	16120	54546	0	19920	12661	0	0	26934	45899	43428	13409	6471	49224	8696	0	33310	47177	17810	0	16503	97918	9448	28550	106262	7190	0	0	0	0	0	58367	10773	0	23482	46780	22115	0	33748	60866	0	21582	0	13030	0	18579	0	0	55369	113142	0	33109	11330	16111	44557	0	10344	28162	0	0	30335	42704	50100	56875	17997	11857	14664	29272	6376	31986	10889	42959	23271	8538	12969	0	0	27224	28100	20561	17683	11402	26038	56671	0	11859	9370	69537	25852	7705	19069	24417	0	37489	10215	51145	34814	8693	0	13712	185117	11322	46062	10040	10541	10124	8195	16006	14297	61026	22147	20408	7436	30863	23227	70075	129567	43900	14995
d__Bacteria;p__Actinomycetota;c__Coriobacteriia;o__Coriobacteriales;f__Eggerthellaceae;g__Adlercreutzia;s__Adlercreutzia equolifaciens	6281	7538	5386	6024	7391	5893	0	7401	0	0	7379	0	20487	41774	17243	23793	0	10040	7751	5415	0	19366	20447	12079	7033	16546	5361	21994	8057	7360	8516	6622	9278	8312	46479	0	12816	5607	6068	0	8084	11200	7147	6717	7210	18496	67770	5902	9444	10072	8844	7669	5755	11897	12951	12073	9414	11920	13951	4837	9686	15899	7710	9993	0	5499	17534	48038	6786	0	0	19913	16680	11646	0	15665	30195	20482	9142	0	7238	0	0	0	0	0	0	7664	10636	6388	5975	8456	7212	12449	7966	0	7893	9713	15533	8201	17113	17338	12046	5826	5775	5220	6747	9181	6389	0	8073	7203	8402	6028	9686	7877	6474	16360	0	6451	6319	6665	6245	21556	9568	9746	6880	9231	0	10742	7752	14837	10919	6655	7430	13684	0	0	6164	88936	17273	14511	7771	10650	0	11473	8038	7384	6643	0	9905	11561	5799	9706	0	0	15255	9605
d__Bacteria;p__Actinomycetota;c__Coriobacteriia;o__Coriobacteriales;f__Eggerthellaceae;g__Anaerotardibacter;s__Anaerotardibacter sp000435675	0	0	10327	0	2914	0	0	0	6606	0	10890	0	0	5504	0	0	0	6566	0	3412	9787	15364	38277	0	4323	0	0	0	1790	0	0	7878	0	0	0	0	0	0	0	2384	0	2141	0	0	0	0	0	0	3491	14914	0	3042	0	7837	0	0	0	0	3709	0	0	0	6127	0	0	0	0	0	0	0	0	3692	10872	0	0	5591	0	0	0	0	2770	0	0	0	0	0	0	4523	3641	0	7699	2890	0	0	0	0	0	0	2121	4302	4308	2878	0	0	0	0	2576	4292	0	1831	0	0	0	3372	14406	9013	6663	5444	3026	0	2700	5512	1830	0	0	0	3363	0	0	19298	0	5785	10473	4290	2318	0	5435	0	0	0	0	0	0	5882	0	2645	0	0	0	0	3788	0	0	0	0	3289	34871	8377
d__Bacteria;p__Actinomycetota;c__Coriobacteriia;o__Coriobacteriales;f__Eggerthellaceae;g__Anaerotardibacter;s__Anaerotardibacter sp000436075	10793	6395	0	8136	0	0	0	0	0	4583	0	0	0	0	0	41215	0	0	4034	0	0	0	0	0	0	0	7897	0	0	18839	0	0	39094	5058	0	0	0	0	6011	0	0	0	0	0	0	0	0	0	0	0	0	0	10292	0	0	30692	0	0	0	5162	0	0	0	19551	0	0	0	0	0	0	0	0	0	18113	7709	0	0	0	0	0	0	0	0	0	0	0	0	20542	0	0	0	0	0	0	0	0	0	0	0	0	0	11875	5046	16206	7349	6930	0	0	0	0	8562	4888	8012	0	0	0	0	0	0	0	0	0	9161	0	5198	0	22009	18493	0	0	10883	0	0	0	0	17557	0	0	0	0	0	0	0	0	7320	0	5201	8146	5152	5002	0	0	10213	8545	0	0	0	0
d__Bacteria;p__Actinomycetota;c__Coriobacteriia;o__Coriobacteriales;f__Eggerthellaceae;g__CAJFUR01;s__CAJFUR01 sp904420575	0	0	0	0	0	0	0	10360	0	0	0	7644	0	0	0	0	0	0	0	0	0	6728	0	0	0	0	6762	0	7054	0	0	0	0	6295	7175	9819	0	0	0	0	0	0	0	0	0	0	13982	0	7469	7466	0	0	0	0	0	0	6724	7125	8422	0	0	0	0	0	0	0	0	0	0	0	6523	7678	0	0	0	9124	6116	6083	8506	8413	0	0	0	0	0	7926	0	0	7883	0	0	0	0	0	7419	0	0	0	0	0	0	0	0	0	0	0	0	0	0	0	6513	0	0	0	6852	0	0	10303	0	0	0	0	0	8135	0	0	6901	7380	0	0	7569	6191	0	0	0	0	0	0	0	9868	7961	0	0	0	0	0	0	0	0	0	0	0	0	0	0	0	0	0
d__Bacteria;p__Actinomycetota;c__Coriobacteriia;o__Coriobacteriales;f__Eggerthellaceae;g__Eggerthella;s__Eggerthella lenta	0	0	0	0	0	0	55122	15889	33703	0	0	19278	16439	0	6558	0	19159	0	0	0	6543	11762	0	8124	0	11031	5529	14478	0	0	5924	6924	0	0	45841	12251	7825	6222	0	0	0	0	25082	7665	10163	0	12499	0	14320	6066	0	0	0	8489	10574	0	0	0	8639	0	0	0	0	9786	0	0	9434	0	8896	0	9712	8443	8516	7856	0	0	11753	16332	20182	67258	0	19695	0	0	7357	22718	8629	0	15249	11767	0	0	0	0	13079	0	0	7439	0	7052	0	0	8513	0	0	0	7647	7484	0	12877	0	0	0	0	8483	7936	5832	7988	0	0	0	8196	0	12916	0	0	0	0	0	0	0	8502	6684	0	0	6614	0	7775	0	25612	6173	9299	0	0	0	7140	0	7845	0	6867	0	0	0	0	10068	8053	0	0
d__Bacteria;p__Actinomycetota;c__Coriobacteriia;o__Coriobacteriales;f__Eggerthellaceae;g__Gordonibacter;s__Gordonibacter pamelaeae	0	6467	0	0	0	0	5256	0	0	0	0	9141	6994	0	0	0	5799	0	0	0	0	6502	6811	0	0	9379	0	0	0	0	0	0	0	0	0	6647	0	0	0	5681	0	0	0	0	7862	0	9157	0	0	5731	0	0	5811	0	0	0	0	0	5847	0	0	0	0	0	0	0	0	0	0	0	0	7991	0	7680	0	20414	0	5041	7921	0	0	0	0	0	0	0	0	0	6224	6481	6474	0	0	9885	0	0	0	0	0	5217	0	7935	6277	0	0	0	0	0	0	0	0	6135	0	0	0	0	0	0	0	0	0	0	0	0	0	0	8392	9502	0	0	0	0	0	0	0	0	0	0	0	0	0	5846	0	0	0	0	0	0	8235	0	0	5873	0	0	0	0	6454	7955
d__Bacteria;p__Actinomycetota;c__Coriobacteriia;o__Coriobacteriales;f__Eggerthellaceae;g__Gordonibacter;s__Gordonibacter urolithinfaciens	0	7581	0	0	0	0	0	0	10044	0	0	0	0	8504	0	0	0	0	0	0	0	0	0	0	0	0	0	0	0	0	0	0	0	0	0	0	0	0	0	0	0	0	6630	0	0	0	0	0	0	0	0	0	0	0	0	0	0	0	0	0	0	0	0	6265	0	0	6226	0	0	0	5807	0	0	0	0	0	0	10148	10111	9749	0	7369	0	0	0	0	0	0	0	0	0	0	0	0	0	0	6696	0	0	0	7801	0	0	0	0	0	0	0	0	0	6416	0	0	0	0	8469	0	0	6667	0	0	0	0	0	0	7438	0	0	0	0	0	0	0	0	0	0	0	0	0	12880	6242	0	0	0	0	6601	0	0	0	0	0	0	0	0	0	0	0	0
d__Bacteria;p__Actinomycetota;c__Coriobacteriia;o__Coriobacteriales;f__Eggerthellaceae;g__Senegalimassilia;s__Senegalimassilia anaerobia	0	0	0	0	0	0	0	0	0	0	0	0	0	0	0	0	0	0	0	0	10242	0	0	0	0	0	5763	0	0	0	0	0	0	0	0	0	0	0	0	0	0	0	0	0	0	0	0	4531	0	0	0	0	0	0	0	0	0	0	0	0	0	0	0	0	0	0	0	0	0	63333	0	0	0	0	0	0	0	0	0	0	8529	0	0	0	0	0	0	6422	0	0	0	0	0	0	0	0	0	0	0	0	0	0	0	0	0	0	0	0	0	0	0	0	0	0	0	0	0	0	0	0	0	0	5730	0	0	9581	0	0	0	12880	0	0	11141	0	0	0	0	0	0	0	0	0	0	0	6622	0	0	4899	4951	6861	4946	0	0	0	0	0	0	0
d__Bacteria;p__Actinomycetota;c__Coriobacteriia;o__Coriobacteriales;f__QAMH01;g__QAMH01;s__QAMH01 sp900544245	0	0	0	5269	0	0	0	0	0	0	0	0	0	0	0	0	0	10120	8272	7160	0	0	0	0	9055	0	0	0	0	0	10077	4198	0	0	0	0	0	0	5094	0	0	15549	0	8595	0	13535	0	0	0	0	0	0	0	14664	0	0	6169	13086	0	6776	0	0	0	0	0	0	0	0	0	0	0	16283	9059	0	0	3700	0	0	0	0	7052	0	0	0	0	0	0	15914	0	0	7926	5647	6398	0	23830	0	0	0	0	0	0	0	0	5312	0	0	5032	5741	7605	0	0	0	0	0	5531	0	5180	11764	0	0	0	6795	15917	0	0	5810	0	0	0	0	13453	6032	16482	0	0	26079	10173	0	0	0	0	3838	10104	0	0	0	0	3717	0	0	0	0	0	0	0	0	0	0
d__Bacteria;p__Actinomycetota;c__Coriobacteriia;o__Coriobacteriales;f__UMGS124;g__JAHZGC01;s__JAHZGC01 sp019421015	0	0	0	0	0	0	0	0	0	0	0	0	0	0	0	0	0	0	0	0	0	7323	0	0	0	0	0	0	0	10691	0	0	7279	0	0	0	0	0	0	0	0	8763	0	0	0	8355	0	0	11860	0	0	0	0	9205	0	0	0	7643	0	0	0	0	8778	8484	0	0	0	0	0	0	8816	0	0	8402	7431	0	0	7623	0	0	9200	0	0	0	0	0	0	0	0	0	0	0	0	0	0	0	0	0	8955	0	0	0	0	7635	0	0	0	0	0	0	0	0	0	0	0	0	0	0	0	0	0	0	0	8068	0	0	0	0	0	0	0	0	0	0	0	0	0	0	0	0	0	7728	0	0	0	0	0	0	0	0	6755	0	0	0	0	0	11087	10326
d__Bacteria;p__Bacillota;c__Bacilli;o__Lactobacillales;f__Streptococcaceae;g__Lactococcus;s__Lactococcus lactis	0	8325	0	0	0	4836	22309	6234	7941	0	5820	5070	5076	0	0	5877	9969	0	17490	6646	0	0	0	0	0	0	0	0	0	0	0	0	0	0	0	5988	0	5521	0	0	0	12221	0	0	0	0	0	0	234697	0	0	0	9045	0	13959	0	0	4730	0	0	0	0	0	4880	0	0	5595	6654	5700	0	0	0	5597	0	13959	0	0	0	0	0	0	4558	0	5398	8213	5673	5071	0	0	0	6037	0	0	0	0	0	0	5813	0	9320	10433	5014	5550	0	5418	7864	0	0	5606	0	0	0	0	0	0	0	0	0	0	0	6450	5152	0	0	0	0	0	0	0	0	0	0	0	0	0	23599	0	0	0	0	0	0	0	0	0	0	6490	0	0	0	0	0	8991	0	4615	0	0	0
d__Bacteria;p__Bacillota;c__Bacilli;o__Lactobacillales;f__Streptococcaceae;g__Streptococcus;s__Streptococcus mutans	0	0	8807	0	0	0	0	10233	0	0	0	9068	0	0	0	0	0	0	4947	0	0	4876	0	0	0	0	0	5205	6063	28176	0	0	0	0	4065	0	0	0	0	0	4576	4059	4565	17983	0	7079	0	0	0	3736	0	3630	0	0	0	0	0	0	5499	0	0	0	4145	0	0	0	0	0	0	0	0	0	0	0	0	0	0	0	0	0	0	0	0	4844	0	0	0	0	0	0	0	0	0	4900	0	0	0	0	0	0	0	0	0	0	0	0	11769	0	0	0	0	0	0	0	0	0	0	0	0	0	4157	0	153405	0	0	0	0	0	0	0	3421	0	5783	0	0	0	0	0	0	5119	0	0	0	0	0	0	0	0	0	0	0	0	0	0	4493	0	0	0
d__Bacteria;p__Bacillota;c__Bacilli;o__Lactobacillales;f__Streptococcaceae;g__Streptococcus;s__Streptococcus parasanguinis_G	0	0	4423	0	7020	0	3835	0	4829	0	4924	3892	0	0	5059	3573	0	0	0	0	0	4215	0	0	5433	0	0	4712	4834	59566	0	4457	4797	0	7277	0	0	0	0	3859	0	0	0	10314	0	0	7336	0	0	4766	0	5305	0	0	0	0	0	0	0	0	6603	0	3741	4266	0	0	0	4527	0	0	0	5022	0	4246	0	0	6793	3948	0	5046	0	0	7801	3332	0	5941	3553	3725	0	0	0	0	0	0	0	7180	5493	0	0	4183	4648	4123	4327	0	0	0	0	0	4440	0	0	0	0	0	0	0	4671	3883	0	0	13379	8425	30431	4381	4015	0	0	0	0	4461	0	0	0	0	0	0	0	5439	8170	5705	0	4832	0	4936	0	0	4633	0	0	3177	3645	0	0	0	4869	5541	0	0
d__Bacteria;p__Bacillota;c__Bacilli;o__Lactobacillales;f__Streptococcaceae;g__Streptococcus;s__Streptococcus sp001556435	0	0	17280	0	8272	4315	7797	3816	7063	3487	201831	0	4642	5482	6809	8013	4305	3464	8876	0	7036	6917	0	0	13358	0	0	9900	65495	247907	0	11789	14441	0	39460	4050	4197	0	6245	11316	23414	5237	6610	171139	3918	0	11368	0	0	15413	4368	15678	9034	5072	6262	5384	0	6405	10377	4387	34853	10902	8566	13423	4999	0	4776	12299	0	0	5335	26739	8171	8708	0	0	4768	4264	0	14815	0	4306	29161	11010	5224	27454	6353	12683	4650	5857	7451	0	0	5213	0	40273	16548	3924	4181	6562	7893	4780	8195	3890	4581	4790	13241	15277	4743	4537	3740	0	0	0	4188	4367	12593	0	5808	5734	19043	50504	117304	10115	12140	0	4896	6094	6835	6950	7848	10261	6463	0	4968	0	8241	19433	15871	21428	6164	7222	6247	6031	0	0	7215	4247	0	20351	9837	5293	4411	3757	14748	22906	4376	5568
d__Bacteria;p__Bacillota;c__Bacilli;o__Lactobacillales;f__Streptococcaceae;g__Streptococcus;s__Streptococcus sp004166885	0	0	0	0	0	0	0	0	0	0	3161	0	0	0	0	0	3500	0	0	0	0	0	0	0	0	3965	0	0	0	0	0	0	0	0	0	0	0	0	0	0	0	0	0	0	0	0	0	0	0	0	0	0	0	0	0	0	0	0	3499	0	0	0	0	7317	0	0	0	0	0	0	0	0	0	0	0	0	0	0	0	0	0	0	0	0	0	3658	3619	5620	0	0	0	0	0	0	0	0	0	0	0	0	3543	0	3762	0	0	0	0	0	0	0	0	0	0	0	0	0	0	0	0	0	0	0	0	0	0	0	0	0	0	3787	0	3738	0	0	0	0	0	0	0	5007	3385	0	0	0	0	0	0	0	0	0	0	0	0	0	0	0	3161	0
d__Bacteria;p__Bacillota;c__Bacilli;o__Lactobacillales;f__Streptococcaceae;g__Streptococcus;s__Streptococcus sp902463925	0	0	0	0	0	0	0	0	0	0	4530	0	0	5629	0	0	0	0	0	0	0	0	0	0	0	0	0	4624	14806	70160	0	10678	0	0	5963	0	0	0	0	9452	3379	0	3724	18243	0	0	0	0	0	0	0	0	0	0	0	0	0	0	0	0	8212	0	0	0	0	0	0	7416	0	0	0	0	0	3676	0	0	0	0	0	8600	0	0	0	0	0	0	0	0	10040	0	0	0	0	0	0	0	0	5227	0	0	0	0	0	0	0	0	6166	0	0	0	0	0	0	0	0	0	0	0	0	0	4343	11059	81655	0	3732	0	0	0	0	0	0	8850	0	0	0	0	0	0	0	0	0	0	0	0	0	0	0	0	0	5576	0	0	0	0	0	0	6099	0
d__Bacteria;p__Bacillota;c__Bacilli;o__Lactobacillales;f__Streptococcaceae;g__Streptococcus;s__Streptococcus thermophilus	0	0	4125	0	0	6699	0	0	12867	0	6338	50931	7401	10415	6363	4609	32197	5189	12654	22879	0	0	0	4851	0	0	0	4210	0	38481	0	0	6027	0	10304	21926	0	3920	8538	0	30865	7486	4945	7548	7987	0	0	0	0	0	18230	7680	6748	0	0	0	0	0	0	4293	25314	0	7825	8960	0	4337	4975	11672	3976	0	88482	0	0	4547	10370	0	4642	3682	0	0	0	5157	0	4518	12684	5339	0	10507	16826	0	0	0	3799	0	3995	6751	8799	8612	0	11402	0	37377	7119	4256	0	4678	4975	0	5404	6409	0	5151	0	0	0	6062	0	0	0	0	0	0	7200	5546	0	0	36003	8860	0	0	5937	0	0	0	0	13629	0	81165	5874	103782	0	5506	0	7604	0	7659	0	4420	0	0	10135	6179	5517	3669	0	12204	0	0
d__Bacteria;p__Bacillota;c__Bacilli;o__MOL361;f__Turicibacteraceae;g__Turicibacter;s__Turicibacter bilis	0	8436	0	0	0	5734	8137	0	0	5735	0	6957	0	11031	0	0	0	0	7115	0	7117	0	0	0	0	0	13379	0	0	0	0	6389	0	6833	0	0	0	0	6995	10327	0	9618	0	0	0	6010	0	0	5996	0	0	0	0	0	0	0	0	0	0	0	0	0	6654	0	0	0	0	0	0	0	6288	0	0	0	6701	0	11070	5816	0	7429	0	0	0	0	0	0	0	0	0	0	0	0	0	0	0	0	0	0	0	6811	0	0	6185	7583	0	0	0	20437	0	0	0	0	0	0	7531	0	0	0	0	6517	0	0	0	0	0	0	0	6011	0	7771	0	0	0	0	0	12376	6839	0	0	0	0	0	0	0	0	0	8640	0	0	0	0	0	0	6376	0	0	6032	0
d__Bacteria;p__Bacillota;c__Bacilli;o__MOL361;f__Turicibacteraceae;g__Turicibacter;s__Turicibacter sanguinis	0	7122	0	0	0	0	0	0	0	0	0	0	16525	6544	0	0	0	0	8157	0	6927	0	0	0	6723	0	0	0	0	0	0	6105	0	0	0	0	0	0	7539	8567	0	6631	0	5733	0	14384	6325	0	6209	0	0	0	0	0	0	0	0	0	0	0	0	0	7625	0	0	0	0	0	0	0	6554	0	0	0	0	0	0	0	0	0	0	0	0	0	0	0	0	0	0	0	0	6796	0	0	13776	0	0	0	0	0	0	0	0	0	0	0	0	6225	0	0	0	0	0	0	12491	0	5695	0	0	0	0	0	0	0	0	0	0	0	0	0	8768	0	10793	0	0	11108	0	0	0	0	0	0	0	0	0	0	0	0	0	0	0	0	0	0	0	0	0	0
d__Bacteria;p__Bacillota_A;c__Clostridia;o__Christensenellales;f__Aristaeellaceae;g__Alectryocaccomicrobium;s__Alectryocaccomicrobium faecavium	0	0	0	0	0	0	0	0	0	0	0	0	0	0	0	8870	11356	0	0	0	0	0	0	7831	0	0	0	0	0	0	9291	0	0	11949	0	0	0	0	0	0	0	18326	0	0	0	6966	0	0	13386	0	0	0	0	0	0	14274	0	0	0	0	11397	0	0	0	0	0	0	0	0	0	0	0	0	0	9231	39635	0	0	21503	15676	0	0	0	0	0	0	0	0	0	0	0	0	0	8590	11798	0	8215	9394	0	0	0	0	0	0	0	0	0	0	0	0	0	13415	0	0	24297	0	0	7567	0	0	0	0	0	0	0	0	0	0	0	0	0	0	12803	0	8333	8908	0	0	0	0	0	0	0	0	0	0	0	8701	0	0	0	0	0	0	0	0	0	0
d__Bacteria;p__Bacillota_A;c__Clostridia;o__Christensenellales;f__Aristaeellaceae;g__Egerieenecus;s__Egerieenecus merdigallinarum	0	0	0	0	0	0	0	0	0	10013	9278	0	0	10980	0	6009	0	0	23266	0	0	0	0	7442	0	0	9155	0	0	0	10331	0	10408	10550	0	8189	0	8224	7430	6902	0	12689	0	0	0	0	7134	0	13103	0	0	0	0	0	0	11057	0	0	0	0	7682	0	0	0	0	0	0	0	0	0	0	12267	0	0	0	35264	0	0	27581	0	8691	0	0	0	0	0	0	7220	0	0	10026	0	0	0	22407	14060	8336	0	0	0	0	0	0	6697	0	0	0	0	0	0	0	8401	0	0	24193	0	0	7224	0	0	0	8197	6498	0	0	0	0	8281	0	0	7026	0	7709	0	0	7097	8162	0	0	0	0	0	0	0	0	0	0	0	6639	0	0	0	12096	0	0	0	0	7211
d__Bacteria;p__Bacillota_A;c__Clostridia;o__Christensenellales;f__Aristaeellaceae;g__Egerieenecus;s__Egerieenecus sp900553315	0	0	0	0	0	0	0	0	0	0	0	0	0	0	0	7647	0	0	0	0	5443	0	6341	0	0	0	4821	0	0	0	0	7757	0	0	0	0	0	0	0	6855	0	0	0	0	0	6333	0	0	0	0	0	0	0	0	0	0	6683	5665	0	0	0	5328	0	0	0	0	0	0	0	0	0	0	0	0	0	0	0	0	0	0	0	0	0	0	0	0	0	0	0	0	0	0	0	0	0	0	0	0	0	0	0	5307	0	0	6613	0	0	0	0	0	5817	0	0	0	0	0	0	0	0	0	0	0	0	0	0	4889	9203	0	0	0	0	0	0	0	0	6362	0	0	5960	0	0	0	0	7488	0	0	0	0	5950	0	0	0	0	0	0	0	0	0
d__Bacteria;p__Bacillota_A;c__Clostridia;o__Christensenellales;f__Aristaeellaceae;g__Faecivicinus;s__Faecivicinus avistercoris	7249	0	0	0	0	0	0	0	0	0	6085	0	5281	6749	0	5635	0	0	6208	0	0	0	0	0	0	0	0	0	0	0	0	0	0	6286	0	0	0	0	0	5918	0	5500	0	0	6064	0	0	0	5434	0	0	0	0	0	0	0	0	6106	0	0	6872	0	0	0	0	0	0	0	0	0	0	5749	0	6104	0	14277	10717	0	12519	9004	0	5886	0	0	0	0	0	5367	5217	0	7067	7257	0	0	5539	0	5421	0	0	0	0	0	0	0	0	0	0	0	0	0	6270	0	0	0	6442	0	0	0	0	0	0	0	0	0	0	0	0	0	0	0	6511	0	6671	0	0	0	0	0	0	0	0	0	0	0	0	0	0	0	12182	0	0	0	0	0	0	0	0	0
d__Bacteria;p__Bacillota_A;c__Clostridia;o__Christensenellales;f__Aristaeellaceae;g__Faecivicinus;s__Faecivicinus sp900553265	0	0	0	0	6762	0	0	0	0	0	0	0	0	0	0	6294	0	0	0	0	0	0	6787	0	0	0	0	0	6357	0	0	6816	0	0	0	0	0	0	0	0	0	8016	0	0	0	8530	0	0	0	0	0	0	0	0	0	0	7480	7346	0	7066	0	0	0	0	0	0	0	0	0	0	0	0	0	0	0	0	0	0	0	0	0	0	0	0	0	0	0	0	0	0	0	0	0	0	7255	0	0	0	0	0	0	0	0	0	0	0	0	7487	7152	0	0	0	0	0	7503	0	0	0	6408	0	0	0	0	0	0	10179	0	0	0	0	0	0	0	0	6845	6281	0	0	0	0	0	0	0	0	0	0	0	0	0	0	0	0	0	7268	0	0	0	0
d__Bacteria;p__Bacillota_A;c__Clostridia;o__Christensenellales;f__Aristaeellaceae;g__Fimadaptatus;s__Fimadaptatus faecigallinarum	0	0	0	0	0	0	0	0	0	0	0	0	0	0	0	8018	0	0	0	0	0	0	0	0	0	0	6939	0	0	0	0	0	0	0	0	0	0	0	0	0	0	0	0	8854	0	0	6676	0	10150	0	0	0	0	0	0	0	0	0	7304	0	0	0	0	0	0	0	0	0	0	0	0	0	0	0	8920	8239	8234	0	9118	0	7474	0	0	0	0	0	0	0	0	0	0	0	0	0	13757	0	0	0	0	0	0	0	0	0	0	0	0	0	0	0	0	0	0	0	9676	0	0	0	0	0	0	0	0	0	0	0	0	0	0	0	6829	0	8853	0	0	7200	0	0	0	0	0	0	0	0	0	0	0	0	0	0	0	0	0	0	0	0	0	0
d__Bacteria;p__Bacillota_A;c__Clostridia;o__Christensenellales;f__Aristaeellaceae;g__Fimadaptatus;s__Fimadaptatus sp900553645	0	9721	0	0	0	0	0	0	0	0	0	0	0	0	0	0	0	7337	0	0	0	0	7584	0	0	0	0	0	7758	0	0	0	0	0	0	0	0	0	0	0	0	0	0	0	0	13992	0	0	0	0	0	0	0	0	0	0	9761	8702	0	0	0	0	0	0	9356	0	0	0	0	0	0	0	0	0	0	0	0	0	0	0	0	0	0	0	0	0	0	0	0	0	0	12627	0	0	0	0	0	0	10168	0	0	0	0	0	0	0	0	0	9922	0	9552	8077	0	8808	0	0	0	0	8983	0	0	0	0	0	0	7672	0	0	0	0	6656	0	0	0	0	9561	0	0	0	0	0	0	0	0	0	0	10090	0	9251	0	0	0	0	0	0	0	0	0
d__Bacteria;p__Bacillota_A;c__Clostridia;o__Christensenellales;f__Aristaeellaceae;g__Limiplasma;s__Limiplasma merdipullorum	0	0	0	0	0	0	0	0	0	0	13850	0	0	0	0	0	0	19863	17454	7580	0	8666	11512	9595	0	0	11857	0	0	0	25703	6253	10179	15122	0	18152	0	7806	8313	0	0	12136	0	20436	36753	0	0	0	22480	0	0	0	0	0	0	11357	7096	10161	7298	0	8631	0	0	0	0	0	15611	0	0	0	0	8479	0	0	10698	307396	67427	0	30568	8994	0	0	0	0	0	7985	0	8018	0	0	7789	0	0	0	113985	10958	0	20103	0	0	0	0	0	7013	0	0	0	0	6300	0	7174	7069	0	0	0	0	12151	8224	0	0	0	0	22513	0	0	0	13038	6249	0	8374	26164	0	32711	0	9263	11466	8892	0	0	0	0	0	0	0	0	0	19235	6868	23510	0	0	0	7743	0	0	0	7834	0
d__Bacteria;p__Bacillota_A;c__Clostridia;o__Christensenellales;f__Aristaeellaceae;g__Limiplasma;s__Limiplasma sp900548145	0	0	0	0	0	7330	0	0	0	0	0	0	0	0	0	0	0	0	0	0	0	0	12052	0	0	0	0	0	0	74827	0	6883	0	13581	0	0	0	0	0	0	0	0	0	0	0	0	0	0	0	6512	0	0	0	0	0	0	0	0	0	7843	0	0	0	0	0	0	0	0	0	0	0	0	6585	0	0	0	0	0	0	0	0	0	0	0	0	0	0	0	0	0	0	0	0	0	0	0	0	0	0	0	0	0	0	6119	0	0	8333	0	0	0	14504	0	0	8380	0	0	0	0	6263	6679	0	0	0	0	0	0	0	8840	0	0	0	0	0	0	10544	6504	0	0	0	0	0	0	0	0	8820	0	0	8130	0	0	0	0	0	0	0	0	0	0
d__Bacteria;p__Bacillota_A;c__Clostridia;o__Christensenellales;f__Aristaeellaceae;g__Pullichristensenella;s__Pullichristensenella excrementigallinarum	0	0	0	0	0	0	0	0	0	0	1692	0	0	0	0	1836	0	1889	0	0	0	0	0	0	0	0	0	0	0	0	0	0	0	0	0	0	0	0	0	0	0	1748	0	0	0	1673	0	0	0	0	0	0	0	0	0	2375	0	0	0	0	2224	0	0	0	0	0	0	0	0	0	0	0	0	0	1703	2553	3557	0	1999	1760	0	0	0	0	0	0	0	0	0	0	2179	0	0	0	0	0	0	1773	0	0	0	0	0	0	0	0	0	0	0	0	0	2360	0	2002	0	0	0	0	0	0	0	0	2057	0	0	0	0	0	0	0	1895	0	0	0	0	2138	0	0	0	0	0	0	0	0	0	0	0	0	2039	0	0	0	0	0	0	0	0	0
d__Bacteria;p__Bacillota_A;c__Clostridia;o__Christensenellales;f__Aristaeellaceae;g__Pullichristensenella;s__Pullichristensenella excrementipullorum	0	5298	0	0	0	0	0	0	0	0	0	0	0	0	0	0	6363	0	5596	0	0	0	0	0	0	0	0	0	0	0	0	0	0	9686	0	0	0	0	0	0	0	0	0	0	0	0	0	0	0	0	0	0	0	0	0	0	0	0	0	0	0	0	5473	0	0	0	0	0	0	0	0	5922	0	0	0	15464	6956	0	6296	5619	0	0	0	0	0	0	0	0	0	0	0	0	0	0	9157	0	0	0	0	0	0	0	0	0	0	0	0	0	0	0	0	5596	0	0	0	0	0	0	0	0	0	0	0	0	0	0	0	0	0	0	0	0	9345	0	0	7187	0	0	0	0	0	0	0	0	0	0	0	0	8089	0	0	0	0	0	0	0	0	0
d__Bacteria;p__Bacillota_A;c__Clostridia;o__Christensenellales;f__Aristaeellaceae;g__Pullichristensenella;s__Pullichristensenella sp946496415	0	0	0	0	5422	0	0	0	0	0	5016	0	0	4842	0	6239	0	0	7540	0	0	0	0	0	0	0	6560	0	4662	0	0	0	0	9390	0	0	0	0	4773	0	0	7335	0	8058	5532	5557	0	0	7389	0	0	0	0	0	0	4802	0	5869	0	0	7397	0	6551	0	0	0	0	0	0	0	0	7732	0	5878	5143	9595	8525	0	9228	6967	5048	0	0	0	0	0	0	0	0	0	0	0	0	5629	7339	5987	0	0	0	0	0	0	0	6210	0	0	0	0	0	0	5967	0	0	0	6977	0	0	0	0	0	0	0	0	0	0	0	0	0	0	0	7974	0	6516	0	0	8099	0	0	0	0	0	0	0	0	0	0	5767	0	11434	0	0	0	0	0	0	0	0	0
d__Bacteria;p__Bacillota_A;c__Clostridia;o__Christensenellales;f__Aristaeellaceae;g__Pullichristensenella;s__Pullichristensenella stercorigallinarum	4818	0	0	0	0	0	0	0	0	0	3942	0	0	0	0	0	4216	0	4708	0	0	0	0	0	0	0	3723	4844	0	4750	0	0	0	4355	0	4086	0	0	0	4192	0	0	0	0	0	0	0	0	0	0	5757	0	0	0	0	0	0	0	3683	0	0	0	0	0	0	0	0	0	0	0	0	0	0	0	4237	0	4037	0	4718	5602	0	4772	0	0	0	0	0	0	0	0	0	0	0	3559	4695	0	0	0	0	0	0	0	0	3939	0	0	0	0	0	0	0	4307	0	0	4972	0	0	3971	0	0	0	0	0	0	0	0	0	0	0	4229	4921	0	4896	0	0	0	0	0	0	6003	0	0	0	0	0	0	0	0	0	0	0	0	0	0	0	0	0	0
d__Bacteria;p__Bacillota_A;c__Clostridia;o__Christensenellales;f__Aristaeellaceae;g__Pullichristensenella;s__Pullichristensenella stercoripullorum	5604	5640	0	0	4743	0	0	0	0	0	6535	0	0	6359	0	5632	5498	5505	16956	0	0	0	0	0	0	0	6542	0	0	0	5115	5970	6055	5701	0	0	0	0	4900	7067	0	6055	0	0	0	5635	0	4770	6677	0	0	0	0	0	0	4633	4939	8401	0	0	6804	0	0	0	0	0	5773	0	0	0	0	10334	0	6197	5159	11193	8298	0	14613	7944	5179	0	0	0	0	4843	0	0	0	0	0	6786	0	5967	7232	5785	4901	6314	0	0	0	0	0	5587	0	0	0	0	0	0	0	6067	0	0	6548	0	0	0	0	0	0	5131	5386	0	0	0	5241	0	0	4687	6037	0	6963	4397	0	6898	0	0	0	0	0	0	0	0	0	0	5333	0	9371	0	0	0	0	0	0	0	5170	0
d__Bacteria;p__Bacillota_A;c__Clostridia;o__Christensenellales;f__Aristaeellaceae;g__RUG11247;s__RUG11247 sp902767315	0	0	0	0	0	0	0	0	0	6165	0	0	0	0	0	5856	0	5806	0	0	0	0	0	0	0	0	0	0	0	0	0	0	0	6030	0	0	0	0	0	0	0	0	0	0	0	8217	0	6018	7186	0	0	0	0	0	0	0	0	6344	0	5341	0	0	0	0	0	0	0	0	0	0	0	0	0	0	0	7029	0	0	6685	0	6033	0	0	0	0	0	0	0	0	0	0	5442	0	0	0	0	0	0	0	0	0	0	0	0	0	0	0	0	0	0	8303	0	0	0	8793	0	0	0	0	0	0	0	0	0	0	0	0	0	0	0	0	0	0	0	0	5912	5266	0	0	0	0	0	5460	0	0	0	6171	0	0	0	0	0	0	0	0	0	0	0
d__Bacteria;p__Bacillota_A;c__Clostridia;o__Christensenellales;f__Aristaeellaceae;g__UBA11524;s__UBA11524 sp000437595	0	11584	0	102551	17250	34229	0	0	37740	115151	0	0	0	0	0	0	0	0	62244	106115	123383	0	30913	0	41149	0	26528	0	7095	0	0	17529	25645	10844	0	0	0	18555	0	0	29356	11724	0	14682	0	11080	0	95060	0	0	0	0	9152	22780	0	59633	38420	52415	0	295295	0	0	95469	0	28217	8198	0	0	0	0	0	0	59910	0	0	0	0	0	0	0	55614	0	6639	0	0	0	0	29174	0	0	0	49501	0	0	0	0	0	0	322624	8164	6818	52683	6917	482856	0	0	29084	0	86974	0	0	0	0	40470	0	0	0	0	0	0	0	0	33624	0	26334	0	0	74273	0	0	0	0	40147	0	66554	163683	37829	0	339880	0	0	23010	7645	0	19906	41770	12407	0	13850	0	0	85360	0	57870	0	0	0	0
d__Bacteria;p__Bacillota_A;c__Clostridia;o__Christensenellales;f__Aristaeellaceae;g__Ventricola;s__Ventricola sp900542395	8233	10241	0	11113	13183	8168	0	0	0	9033	0	0	0	0	0	27486	0	0	0	11993	0	0	0	0	0	0	9919	0	8230	0	0	0	8717	13592	0	0	0	0	0	0	0	24384	0	18603	0	6208	0	9913	0	0	0	10898	0	0	0	14658	16388	22165	0	11813	20655	0	0	0	0	0	0	0	0	0	0	0	16822	0	0	0	0	0	0	0	43532	0	0	0	0	0	0	0	0	0	0	6679	0	0	0	0	0	0	0	0	0	35227	0	7483	0	0	0	58631	0	0	7026	15944	7912	11800	0	0	0	0	0	8267	12166	10424	16759	0	10813	0	0	0	0	0	5850	0	0	12116	13526	13536	7953	0	0	0	0	0	10946	0	0	0	21331	16006	9910	0	0	0	0	8414	0	0	0	0
d__Bacteria;p__Bacillota_A;c__Clostridia;o__Christensenellales;f__Aristaeellaceae;g__Ventricola;s__Ventricola sp900542445	0	0	9741	5705	0	7227	0	0	0	0	9032	0	0	9485	0	6001	0	8549	5694	0	9455	6925	8106	27669	11127	7342	0	0	5618	0	0	13742	6459	0	0	0	0	5787	0	5531	9183	15638	0	6241	0	0	0	0	0	0	0	0	13496	5708	0	0	0	0	6631	7493	0	6573	28592	18227	14076	6308	0	0	0	0	19773	9029	6990	0	0	5299	9965	0	6663	0	7263	0	5941	0	23898	0	0	9700	0	8468	11389	7730	10696	0	0	0	9812	6371	14321	11179	13592	13017	7960	0	15987	14343	9906	0	9395	0	5969	6438	0	7864	12720	13907	12403	17941	6190	6514	0	0	7137	24485	5921	16247	57960	9520	0	5205	0	23171	6574	5884	4991	5895	0	0	16472	0	0	0	0	13395	9302	13976	6343	8714	5217	0	7667	9066	0	9685	0	0	0	7437
d__Bacteria;p__Bacillota_A;c__Clostridia;o__Christensenellales;f__Aristaeellaceae;g__Ventricola;s__Ventricola sp900548125	0	0	0	5828	0	0	0	0	0	0	0	0	0	0	0	0	0	0	0	0	0	0	8511	0	13905	0	0	0	0	0	0	0	8406	0	0	0	0	0	0	0	0	6617	0	0	0	0	0	0	0	0	0	0	0	0	0	0	0	0	0	0	0	7339	0	0	6298	5703	0	0	0	0	6489	0	6982	5520	0	0	5224	0	0	0	5526	0	0	0	0	0	0	0	0	0	0	0	0	0	0	0	0	0	0	0	0	0	0	13583	0	0	0	7504	0	0	10064	0	0	0	0	5448	0	0	0	0	0	0	0	0	7992	0	0	0	11163	0	0	0	0	0	0	0	0	0	0	0	0	11002	0	0	0	0	0	0	0	7402	6086	5626	0	7867	0	0	0	7887
d__Bacteria;p__Bacillota_A;c__Clostridia;o__Christensenellales;f__CAG-138;g__PeH17;s__PeH17 sp000435055	0	9893	0	0	5128	0	0	0	0	26917	0	0	0	0	0	0	0	47356	6877	14591	0	20808	0	4845	0	0	6466	0	25120	0	0	3889	6262	5920	0	0	0	4535	5031	0	0	0	0	33266	0	100786	0	3422	33040	0	0	0	0	3660	0	39329	0	0	7097	25704	7223	0	0	0	0	0	0	0	0	0	0	0	4805	0	15209	228040	0	0	0	0	4038	0	0	0	0	8449	0	0	0	0	45830	32529	0	0	34177	0	18411	0	6881	0	0	0	0	0	12347	0	3824	10132	0	0	24560	17418	4383	6769	29603	10852	0	0	3948	0	0	0	78937	0	0	4792	0	7512	0	4381	164700	0	29011	5661	0	0	5048	0	0	0	0	0	9216	4335	0	0	44038	13467	0	0	0	0	0	11460	0	0	0	0
d__Bacteria;p__Bacillota_A;c__Clostridia;o__Christensenellales;f__CAG-138;g__Phil1;s__Phil1 sp001940855	0	0	0	4794	4659	0	0	0	0	39447	6073	0	0	0	0	0	0	11804	0	0	0	0	0	5507	0	0	5047	0	0	0	0	0	0	15813	0	0	0	8685	0	0	0	0	0	0	0	0	0	0	26357	0	0	0	0	0	0	0	16319	8620	0	9767	0	0	0	13862	0	0	0	0	0	0	0	0	0	0	13561	0	0	0	0	0	0	0	0	0	0	10449	0	0	0	0	0	6123	0	0	10040	0	0	0	0	0	0	0	0	0	0	0	0	0	0	0	0	0	0	12793	0	0	0	0	0	0	0	0	0	0	0	0	0	0	0	0	0	0	0	0	0	5429	0	0	0	0	0	0	0	3820	0	0	0	0	0	0	0	0	0	4267	0	0	0	0
d__Bacteria;p__Bacillota_A;c__Clostridia;o__Christensenellales;f__CAG-138;g__SFEL01;s__SFEL01 sp004557245	0	7061	0	4722	13009	3705	0	0	0	23113	0	0	0	0	0	3434	0	7447	0	0	0	5251	4045	4504	0	0	13130	0	0	0	0	5367	0	7369	0	0	0	5207	5375	13210	0	16420	0	0	0	52787	0	8812	19822	0	0	0	7231	0	0	21842	13615	7433	5077	15402	15183	0	0	0	6998	0	0	0	0	0	0	0	7089	0	16237	0	0	0	0	0	5892	0	0	0	0	4347	0	0	0	0	0	6084	0	0	7889	0	0	9425	0	0	0	0	0	4382	0	0	0	14964	0	0	0	9810	0	6221	12616	0	0	3867	0	0	0	13529	24757	0	0	0	8090	4265	0	0	13559	0	14917	18600	6174	13415	0	0	0	0	0	0	0	0	0	0	19023	6329	0	0	0	0	0	4813	0	0	0	0
d__Bacteria;p__Bacillota_A;c__Clostridia;o__Christensenellales;f__CAG-138;g__UBA1685;s__UBA1685 sp002320595	0	0	0	0	0	0	0	0	0	15391	0	0	0	0	0	0	0	6346	0	0	0	0	8286	0	0	0	8370	0	0	0	0	0	0	7031	0	0	0	0	0	0	0	9390	0	9908	0	0	0	0	0	0	0	0	0	0	0	9742	0	0	0	0	41985	0	0	0	0	0	0	0	0	0	0	0	0	0	0	46956	0	0	0	0	6932	0	0	0	0	0	0	0	0	0	0	0	0	0	31427	0	0	0	0	0	0	0	0	0	0	0	0	0	0	0	0	13853	0	0	52150	0	0	0	0	0	0	0	0	0	0	0	5938	0	0	0	13642	0	0	0	25301	0	8011	0	0	0	0	0	6721	0	0	0	0	6088	12951	0	0	0	0	0	0	0	0	0
d__Bacteria;p__Bacillota_A;c__Clostridia;o__Christensenellales;f__CAG-314;g__CAG-314;s__CAG-314 sp000437915	0	0	0	0	3157	0	0	0	0	3041	2705	0	0	0	0	3065	0	0	0	0	0	0	0	0	0	0	2965	0	0	0	2939	0	0	0	0	0	0	0	0	4268	0	3279	0	0	0	2842	0	2787	3238	0	0	0	0	0	0	3370	5263	0	0	18974	3229	0	0	0	0	0	0	0	0	0	0	0	4891	0	3803	4617	2707	0	8072	0	0	0	0	0	0	3709	0	0	0	0	0	3902	0	3224	0	0	0	3391	0	0	0	0	0	0	0	0	0	5881	0	0	0	3640	0	2743	11921	3191	0	3211	0	0	0	0	0	0	0	0	0	0	0	0	0	0	0	0	0	3342	0	0	0	0	0	0	0	0	0	0	6385	0	5140	0	0	0	0	3248	0	0	0	0
d__Bacteria;p__Bacillota_A;c__Clostridia;o__Christensenellales;f__QAND01;g__QAND01;s__QAND01 sp003150225	2422	0	0	0	0	0	0	0	0	0	0	0	2730	0	0	0	0	0	3152	0	0	0	0	0	0	0	2679	0	0	0	0	2953	0	0	2675	2934	0	2741	0	0	0	2519	0	0	0	2613	0	0	2394	0	0	0	0	0	0	2963	0	2654	0	0	2656	0	0	0	0	0	0	0	0	0	0	0	0	0	0	4380	2259	0	0	2617	0	0	0	0	0	0	0	0	3674	0	6675	0	0	0	3106	0	0	0	0	0	0	0	0	0	0	0	0	0	0	0	0	0	0	0	2546	0	0	0	0	0	0	0	2863	0	0	0	2373	0	0	2201	2608	0	0	0	0	0	0	0	0	0	0	0	0	0	0	0	0	0	2601	0	0	0	0	0	0	0	0	0
d__Bacteria;p__Bacillota_A;c__Clostridia;o__Christensenellales;f__QAND01;g__UMGS1975;s__UMGS1975 sp959600905	0	0	0	0	0	0	0	0	0	0	0	0	4101	0	0	0	3792	4199	3458	0	0	0	0	4741	0	0	0	0	0	0	0	4037	0	0	4746	0	0	0	0	4309	0	3736	0	0	0	0	0	0	0	0	4791	0	0	0	0	4322	0	4054	0	0	0	0	3960	0	0	0	0	0	0	0	4191	0	0	0	0	4309	0	0	0	3774	3532	0	0	0	5012	4129	0	3745	3792	4099	0	5950	5029	0	0	0	0	0	0	4009	4306	0	0	4230	0	0	0	0	3984	5511	0	0	0	0	0	4073	0	3836	0	0	0	0	4231	4173	0	0	0	0	0	3533	0	0	3990	0	0	0	4193	0	0	0	0	0	0	0	0	0	3960	0	0	0	0	0	4783	0	0	0	0	0
d__Bacteria;p__Bacillota_A;c__Clostridia;o__Christensenellales;f__UBA1750;g__Spyradocola;s__Spyradocola merdavium	12820	0	0	0	6933	0	0	0	0	0	6937	0	0	0	0	0	0	6700	0	0	0	0	0	0	0	0	0	0	6142	0	0	0	6825	0	0	7363	0	7028	0	8887	0	0	0	0	10514	0	0	0	7576	0	0	0	0	0	0	8015	0	6713	0	7250	7445	0	7220	6968	0	0	0	0	0	0	0	0	0	7372	6878	9879	7084	0	15620	12429	0	0	0	0	0	0	0	0	0	0	9834	6288	0	6412	7729	8540	0	9483	0	0	0	0	0	6990	0	0	0	0	0	0	0	0	0	0	11911	0	6406	0	0	0	0	7745	0	0	0	0	0	0	0	8515	8903	0	7913	0	0	0	7797	0	0	0	0	0	0	0	0	0	0	8844	0	0	0	0	6189	7069	0	0	0	7486
d__Bacteria;p__Bacillota_A;c__Clostridia;o__Christensenellales;f__UMGS416;g__Parachristensenella;s__Parachristensenella sp900542005	0	0	0	0	0	0	0	6793	0	0	6067	7186	0	0	0	0	0	0	0	0	0	4532	0	0	0	0	0	0	0	0	0	0	0	0	7304	0	0	0	0	0	0	0	0	0	0	0	0	0	0	0	0	0	0	0	0	4676	0	0	0	5039	0	0	0	5580	0	0	0	0	0	0	0	0	0	0	0	0	6426	0	5647	0	0	0	0	0	0	0	0	0	5378	0	0	0	0	0	0	4255	0	0	0	0	4990	0	0	0	0	0	0	5517	0	0	12278	0	0	0	0	0	0	4396	0	0	0	0	0	0	0	0	5443	0	0	0	0	0	0	0	0	0	0	0	0	0	0	0	0	0	0	0	0	0	0	0	0	0	0	0	0	0	0	0
d__Bacteria;p__Bacillota_A;c__Clostridia;o__Clostridiales;f__Clostridiaceae;g__Clostridium;s__Clostridium saudiense	0	9839	7707	0	0	5993	0	0	0	14277	0	0	0	12336	0	0	0	0	7826	0	0	0	0	0	7809	0	18973	0	0	0	0	22669	0	0	0	0	0	0	6309	9635	0	11906	0	0	0	18942	8048	0	0	0	0	0	0	0	0	0	0	0	0	0	0	0	0	0	0	0	6799	0	0	0	10996	0	0	0	5662	0	6561	0	0	9945	0	0	0	0	0	0	8970	0	0	0	0	6763	0	0	19893	0	0	0	0	0	0	0	0	0	8870	0	0	7093	0	0	0	0	0	0	12984	6543	0	0	0	9080	6978	0	0	0	0	0	0	0	0	6540	18816	0	0	0	0	28570	6555	0	0	0	0	0	0	0	0	0	7875	0	0	0	0	0	0	0	0	0	0	0
d__Bacteria;p__Bacillota_A;c__Clostridia;o__Clostridiales;f__Clostridiaceae;g__Clostridium;s__Clostridium sp000435835	8241	0	6106	0	0	5661	0	0	0	9686	0	0	0	0	0	0	0	0	0	0	0	0	0	0	0	0	0	0	0	0	0	0	0	0	0	0	0	6116	0	0	0	0	0	0	0	0	8061	0	0	0	0	0	0	0	0	0	6839	0	6556	6182	0	0	0	0	0	0	0	0	0	0	0	0	0	0	0	0	0	0	0	0	0	0	0	0	0	0	0	29026	0	0	0	9191	0	0	0	0	0	0	0	0	6127	0	0	0	0	0	0	0	0	0	14158	5681	8951	8028	0	0	0	0	0	10702	0	0	0	0	0	0	0	0	0	7321	6874	0	7674	0	0	7059	7836	0	0	0	0	0	0	0	0	0	0	0	0	0	0	6532	10362	6502	0	0	0	0
d__Bacteria;p__Bacillota_A;c__Clostridia;o__Clostridiales;f__Clostridiaceae;g__Clostridium;s__Clostridium sp900540255	0	0	0	0	0	0	0	0	0	0	0	0	0	0	0	0	5398	0	0	0	0	0	7270	0	65866	0	5804	0	0	6405	0	7610	0	0	0	0	0	0	0	0	0	9734	0	0	0	73895	0	0	0	0	0	0	0	0	0	0	7227	0	0	0	0	6761	0	0	0	0	0	0	0	0	0	0	0	0	0	0	0	0	5981	0	0	0	0	0	0	0	0	0	0	0	0	0	8873	0	0	0	0	0	0	0	7920	0	0	0	0	0	10002	0	8184	0	0	0	11273	0	0	0	0	0	0	0	0	0	0	0	0	26124	0	5963	8251	0	7725	0	10772	8275	0	0	0	0	7768	0	0	0	0	0	0	0	15453	0	0	0	0	0	0	0	0	0	0	0
d__Bacteria;p__Bacillota_A;c__Clostridia;o__Lachnospirales;f__Anaerotignaceae;g__Anaerotignum;s__Anaerotignum faecicola	0	0	0	6812	0	0	0	0	0	0	0	0	0	0	4471	0	0	0	0	5639	4918	0	5148	0	0	5911	0	0	0	0	0	0	5508	0	5251	0	6004	4599	0	0	0	0	0	0	0	0	0	6815	0	0	6244	0	0	0	0	0	0	0	0	4824	0	8034	0	5540	6263	11221	0	0	0	0	5982	0	0	0	0	0	0	0	0	0	4615	0	0	0	9507	0	0	0	0	0	0	0	0	0	0	0	0	0	7076	0	12580	13253	7008	5040	0	15797	8101	0	0	0	3828	0	7574	4570	0	0	0	6645	0	0	0	5634	0	0	5028	4787	5393	0	12165	0	0	0	5559	0	0	0	0	0	5848	5862	10322	9071	7612	0	0	11734	0	6264	0	0	9809	4102	0	5439	7631	8022	0	16117
d__Bacteria;p__Bacillota_A;c__Clostridia;o__Lachnospirales;f__CAG-274;g__CAG-274;s__CAG-274 sp900545305	0	0	0	12254	0	0	0	0	0	0	0	0	0	6085	10825	0	0	0	0	0	0	4880	0	0	0	3933	0	0	0	0	4838	0	0	0	0	0	0	0	0	0	0	12137	0	0	0	0	5317	0	0	0	0	0	0	7254	0	0	0	0	0	0	0	0	0	8407	0	0	0	0	0	0	0	0	0	0	0	0	0	0	0	0	0	0	12516	0	0	0	0	0	0	0	0	7860	0	0	0	0	0	0	0	0	0	0	0	0	0	0	0	0	0	0	0	0	10976	0	0	0	0	4769	0	0	0	0	0	0	0	4603	0	0	0	0	0	0	0	0	0	0	0	0	0	0	0	0	5898	0	0	0	0	0	0	0	0	0	0	6275	0	0	0	0
d__Bacteria;p__Bacillota_A;c__Clostridia;o__Lachnospirales;f__Lachnospiraceae;g__AF33-28;s__AF33-28 sp003477885	0	0	0	0	0	0	0	0	0	0	0	0	0	0	0	0	0	0	0	0	0	3805	0	0	0	0	0	0	0	0	0	0	0	3619	3825	0	0	0	0	0	0	0	0	0	0	0	0	0	0	0	3926	0	3744	0	0	0	0	0	0	0	0	0	0	0	0	0	0	4188	0	0	0	3671	0	0	0	3995	0	0	0	0	0	0	0	0	0	0	0	0	4630	0	0	0	0	0	0	3494	0	3580	0	0	0	0	0	0	4689	3799	0	0	0	0	3877	0	0	0	0	0	0	0	0	0	0	0	0	3710	0	0	6999	0	0	0	0	4436	0	0	0	0	0	0	0	0	0	0	0	0	0	0	0	0	3927	0	0	0	4168	0	0	0	0	0
d__Bacteria;p__Bacillota_A;c__Clostridia;o__Lachnospirales;f__Lachnospiraceae;g__Acetatifactor;s__Acetatifactor acetigignens	7057	9368	20127	0	0	18739	0	0	6767	0	0	6748	10890	7468	11500	0	0	14233	7533	0	12896	13962	16902	0	0	0	0	0	8186	0	7535	7555	9169	0	8130	22865	0	5974	0	0	0	11113	0	6839	0	7083	0	8987	0	7290	0	0	0	9854	0	9901	0	0	9339	0	6251	52509	9327	5827	8556	8559	0	0	0	6645	8003	5963	21874	6704	0	0	10491	0	23600	9310	18580	0	7117	0	12294	8649	9258	5794	0	0	0	0	46332	89293	0	0	22485	10324	0	0	5721	24022	19815	11126	9651	122163	12694	0	18619	12146	5465	10904	12692	0	19716	16918	0	11187	0	6445	0	0	7440	22141	0	74598	7679	49033	25034	9055	7091	37970	0	20269	0	0	8271	0	147607	0	22663	9492	13948	24792	35709	93515	0	13394	0	9014	8148	21667	15633	7066	7532	0	0	5731
d__Bacteria;p__Bacillota_A;c__Clostridia;o__Lachnospirales;f__Lachnospiraceae;g__Acetatifactor;s__Acetatifactor intestinalis	0	0	0	10801	8498	0	0	0	0	6407	0	0	0	0	4961	0	8633	4284	6438	0	82862	0	0	7900	6279	0	0	0	0	0	0	0	0	5685	0	0	0	5699	0	0	5436	4142	0	0	0	0	5467	12535	0	0	0	5012	0	0	0	0	0	15440	0	0	0	0	5482	7756	0	0	15227	0	0	0	5463	0	7027	5343	5545	6129	0	0	0	0	11756	0	0	0	0	0	0	5005	0	12229	37418	0	0	0	0	0	13549	0	0	0	0	5836	0	7415	35622	7098	0	0	0	0	0	0	5866	0	7326	0	0	12289	0	5399	0	57117	0	110802	9332	5066	9077	4823	0	0	0	0	7740	0	13378	0	5406	0	0	0	0	0	0	5949	0	65701	0	0	0	0	0	0	0	5284	0	0	5735	5920
d__Bacteria;p__Bacillota_A;c__Clostridia;o__Lachnospirales;f__Lachnospiraceae;g__Agathobacter;s__Agathobacter faecis	8668	6730	83528	47033	18660	47118	0	11385	5715	5999	18919	13360	10768	13073	67866	57188	0	18813	0	0	0	18835	15063	21245	27872	0	5372	0	6849	9274	13021	17743	172605	0	0	0	16791	10930	65192	0	5480	125858	229179	0	0	6250	0	53719	0	43006	0	7474	0	116232	0	6772	12140	23328	77806	0	13249	0	0	0	0	20746	0	0	0	0	124407	0	17627	11548	26225	0	10158	26176	10213	9067	165775	0	0	0	0	47920	5623	199104	0	0	76462	8647	66302	20306	5972	10862	60737	0	52267	0	0	94545	0	0	41255	16439	0	18678	67406	0	6818	6216	180818	38849	0	32146	9151	0	13196	87153	0	0	5610	0	93096	38047	16292	9152	6227	23723	5440	155455	4914	0	0	14165	0	0	34172	4595	371867	0	0	126022	32018	0	0	101676	5903	271677	159991	6422	0	83880	0	163991	0	0
d__Bacteria;p__Bacillota_A;c__Clostridia;o__Lachnospirales;f__Lachnospiraceae;g__Agathobacter;s__Agathobacter rectalis	18217	8108	21521	17885	17498	4917	0	0	20596	0	69680	0	82017	58913	123872	80730	173823	14332	0	118218	4615	56689	10249	0	62372	16829	0	0	6720	0	34099	192857	0	0	5655	65295	195779	21366	88558	5457	34916	127506	15270	0	10194	0	112553	0	23268	38109	0	32155	0	101780	0	0	14341	13284	120497	0	0	102508	0	37041	161227	218277	87107	11070	0	0	410812	16503	66726	33257	22311	19419	65492	101918	5538	0	124522	0	194883	16065	130186	0	6103	375963	15162	471180	44018	121840	123825	0	0	15128	61065	0	0	621563	239616	330345	289856	11532	0	0	97328	6021	71150	0	25727	74243	8402	15334	44864	229510	10300	90522	68442	294411	124225	56712	0	91577	379538	55526	82624	58224	9940	82192	9011	252857	5952	297308	72822	14467	18958	0	51203	14556	0	347077	200585	132144	352483	15461	30079	113570	0	1371035	146937	68135	0	95137	83005	235623	159782	59768
d__Bacteria;p__Bacillota_A;c__Clostridia;o__Lachnospirales;f__Lachnospiraceae;g__Agathobacter;s__Agathobacter sp000434275	0	0	0	0	0	0	0	5680	0	0	0	0	0	10321	0	0	0	0	0	0	21622	0	0	0	0	0	0	0	0	0	12745	0	0	0	0	0	0	0	0	0	0	6860	0	0	0	0	0	0	0	0	0	0	0	0	0	0	0	0	0	0	15446	0	0	0	0	8926	0	0	0	0	0	0	0	0	0	0	0	0	0	6025	0	0	0	0	0	0	0	0	0	0	0	0	0	21159	0	0	0	0	0	0	0	0	0	0	0	0	0	0	0	0	9509	11903	0	6741	14023	0	0	11920	0	0	0	0	0	0	0	7418	0	9927	0	0	0	0	0	0	0	7171	0	0	0	0	0	0	0	0	0	0	0	0	0	0	52607	0	0	0	0	0	0	0
d__Bacteria;p__Bacillota_A;c__Clostridia;o__Lachnospirales;f__Lachnospiraceae;g__Alitiscatomonas;s__Alitiscatomonas aceti	5901	0	7473	5661	9296	6511	0	0	26121	0	0	0	0	10461	0	0	0	7023	0	0	7042	6176	0	6177	5320	8444	0	0	0	0	6451	0	4753	0	0	6624	0	6041	0	5522	5783	0	0	0	6894	0	9702	6901	5068	5800	0	5703	0	0	0	5504	0	6707	0	0	10614	6981	0	7257	6400	0	0	0	25434	0	16688	0	6611	7449	0	7169	0	0	0	0	5817	5308	7587	0	9379	5561	0	9904	9108	6233	8474	8012	7125	19397	0	10188	0	0	13355	12187	10861	11483	7912	0	6232	17624	0	0	11674	0	4994	6376	0	0	8610	0	6912	8271	5976	0	10812	0	12965	5899	6152	0	8245	6506	0	0	0	19400	0	6595	6887	5435	0	6813	0	0	10271	0	6159	0	0	8751	5878	8354	0	6826	21339	7943	12072	7576	17995	13495	8006	8257
d__Bacteria;p__Bacillota_A;c__Clostridia;o__Lachnospirales;f__Lachnospiraceae;g__Alitiscatomonas;s__Alitiscatomonas sp900066535	0	0	5323	8315	0	0	0	0	0	0	0	0	0	0	0	0	0	0	0	0	8317	0	0	0	0	0	0	0	0	0	0	0	6992	0	0	0	8380	0	0	0	0	0	6933	0	0	0	0	0	0	0	0	0	0	0	0	0	0	0	0	0	0	5937	0	0	0	17136	0	4736	9510	0	0	0	0	0	0	0	0	0	0	0	0	0	0	0	5966	7652	6077	0	0	0	0	7464	7744	0	0	0	0	0	0	0	0	15453	7084	0	0	0	6487	0	0	0	0	0	9231	8101	0	6301	6139	9223	10683	6822	0	0	0	10298	7730	0	0	0	11539	0	0	0	0	0	6801	0	0	0	14914	0	9736	8777	0	18003	8007	12315	0	0	0	35779	6962	6532	0	9371	7678	11450	0	0
d__Bacteria;p__Bacillota_A;c__Clostridia;o__Lachnospirales;f__Lachnospiraceae;g__Alitiscatomonas;s__Alitiscatomonas sp900066785	0	0	0	6324	0	0	0	0	0	0	0	0	0	0	0	0	0	0	0	8303	0	0	0	0	0	0	0	0	0	0	0	0	0	0	0	0	6125	0	0	0	0	0	0	0	0	0	0	0	0	0	0	0	0	0	0	0	0	0	0	0	0	0	0	0	0	0	0	0	0	0	0	0	0	0	0	0	0	0	0	0	0	0	0	0	5858	0	0	0	0	0	0	0	7640	0	0	0	0	0	6141	0	0	0	6314	0	0	0	0	0	0	0	0	0	10375	6540	0	0	0	7366	6636	9147	0	0	0	28470	11244	0	0	0	0	0	0	0	0	0	0	0	0	0	5905	0	0	7038	9773	7263	9608	13500	0	0	0	26931	0	11175	25976	7193	8474	0	0	0
d__Bacteria;p__Bacillota_A;c__Clostridia;o__Lachnospirales;f__Lachnospiraceae;g__Anaerobutyricum;s__Anaerobutyricum hallii	0	17095	23237	0	0	16004	0	0	0	9636	42797	0	12530	35747	37755	23453	65772	44055	0	16731	22696	46701	32363	6859	94757	55402	12340	0	16922	32078	17152	41711	80481	0	70250	0	39346	22027	8585	0	25199	60305	34891	18932	8309	16740	98009	45085	7670	95990	44758	12913	0	32686	0	29176	19838	10329	26031	0	15056	32474	0	94492	34204	15285	0	0	0	0	70593	11359	54626	0	64580	16921	53515	0	0	0	0	0	16874	0	76512	10390	6771	41135	0	0	32140	29510	11197	31475	8645	49623	13225	15571	9007	25941	54354	0	79005	0	17687	9985	28653	46204	14500	0	8480	111910	34723	11798	11345	9112	26858	10389	19196	37276	30203	34138	51103	103317	59156	17391	245315	48317	24734	64812	6532	15636	60242	36456	0	26028	9151	0	21040	368107	54630	100171	41775	11552	20700	27873	22994	54089	73235	47417	56169	32802	23507	44263	125449	97845	22644	19232
d__Bacteria;p__Bacillota_A;c__Clostridia;o__Lachnospirales;f__Lachnospiraceae;g__Anaerobutyricum;s__Anaerobutyricum soehngenii	14445	13528	0	27362	27679	6287	0	0	95688	0	69286	0	29557	10444	5766	59857	0	0	0	0	0	0	6665	45584	7329	34293	16803	0	7744	9334	0	14001	0	14213	38791	69316	7031	0	25793	22191	9122	40551	6028	13699	20173	12395	34612	5439	25355	0	0	14245	115080	8946	0	37613	0	6581	16684	0	0	0	0	214726	8241	0	0	49626	0	20713	0	22280	7011	34443	8307	65103	0	59196	68205	57946	24393	0	0	0	15852	57001	20758	11149	254265	13229	14306	14035	21704	13673	21287	0	39221	6482	11751	0	5374	60759	20293	68739	5212	17318	10592	0	49004	10621	0	5901	0	20376	29962	0	0	28865	10031	7073	0	7892	0	9415	6424	0	0	5751	0	6079	6313	11503	5827	6658	0	22643	11492	0	10927	68588	0	0	7321	17074	0	8813	19612	11524	9027	5640	0	0	0	18602	0	5786	34337	19105
d__Bacteria;p__Bacillota_A;c__Clostridia;o__Lachnospirales;f__Lachnospiraceae;g__Anaerostipes;s__	0	25770	21917	6820	7406	6411	0	5172	35057	7545	9397	9008	17705	25209	63777	58869	13836	18972	14077	20924	8056	51495	32226	148986	34148	155959	14028	0	5691	6373	24399	45195	0	0	181618	0	15340	14375	30335	6301	12269	42846	83831	22230	11340	6800	65430	6900	79982	42201	0	11205	14654	38017	16438	35936	12834	11674	56586	16351	13951	60933	0	84518	27210	45836	0	0	0	65744	17265	12727	62317	34879	14800	56848	45983	17215	30082	76407	9415	0	55203	0	208051	221072	31609	18972	0	85773	35720	97419	24614	58630	59410	92710	105289	15721	5997	33636	42436	84643	105390	24537	12531	62658	20716	12340	26688	0	6227	37073	35444	6868	21691	13232	10375	58087	6398	13943	14322	33410	11747	45991	98824	72810	28154	25709	5476	86436	5249	0	49843	19287	60477	10219	16013	0	46517	9653	22082	418631	85205	65887	7496	40050	40151	38752	16061	34669	22931	27296	37673	64144	42611	204018	75650	13140
d__Bacteria;p__Bacillota_A;c__Clostridia;o__Lachnospirales;f__Lachnospiraceae;g__Anaerostipes;s__Anaerostipes amylophilus	0	0	6749	10965	0	4770	0	0	0	4295	51368	0	0	0	0	7824	0	37018	0	0	0	0	0	0	0	4172	0	0	0	0	0	0	0	0	0	0	0	4315	10252	0	0	0	4515	0	0	4797	0	41534	7558	0	0	0	0	6164	0	0	0	12545	0	0	0	0	0	19660	0	0	0	0	0	0	6978	0	0	0	0	0	46024	0	0	0	0	0	0	0	5051	0	0	45018	0	0	0	0	0	5758	0	0	0	0	0	82853	11895	0	0	0	0	0	0	0	5594	0	0	0	0	21217	6908	8234	0	0	29642	30791	14846	0	0	0	57494	0	0	4129	9240	21236	0	0	10287	0	0	7037	0	0	0	20870	14905	25776	0	0	8512	0	59801	0	0	0	28008	0	0	0	0	0	83165	0
d__Bacteria;p__Bacillota_A;c__Clostridia;o__Lachnospirales;f__Lachnospiraceae;g__Anthropogastromicrobium;s__Anthropogastromicrobium sp934292725	0	10211	10216	35270	16388	31659	0	0	7686	8312	6543	0	0	28851	53276	0	0	0	0	54365	7717	0	8923	0	8007	58124	0	0	0	0	20613	13775	98901	0	0	0	39343	11518	0	0	0	9573	16189	0	0	93618	0	29388	0	78074	0	0	0	45039	0	0	0	0	28368	12919	0	23370	0	14951	26155	33458	0	0	0	11381	105996	0	44428	13471	14705	17922	10634	0	7428	85257	41771	0	44219	0	82407	83975	68072	9053	0	32017	10880	29030	111660	111231	28511	0	28710	19020	77298	0	23967	90373	85803	7470	131679	113908	26535	0	82591	0	0	6531	31821	26607	15697	70695	9324	127779	45553	102640	54936	9891	7624	81985	109027	95945	0	58739	9571	10422	0	37674	0	0	60344	14424	9989	0	60811	0	0	40600	71412	44496	23846	0	36181	44806	7262	154645	35065	104175	0	15937	0	0	40038	30835
d__Bacteria;p__Bacillota_A;c__Clostridia;o__Lachnospirales;f__Lachnospiraceae;g__Bariatricus;s__Bariatricus comes_A	5515	9605	22673	9830	0	19149	0	0	55185	29934	37007	0	0	32824	12682	21053	0	5424	28310	11878	9033	11641	5384	7652	81228	21722	0	0	0	43323	7230	43672	32059	4725	0	8408	0	20046	6717	12418	12159	72432	36035	0	30791	8254	13227	38603	5691	50527	49900	7681	15528	24652	80841	17063	29321	22381	11135	6765	0	23041	9167	45103	8243	25140	0	0	8376	0	46194	0	9718	0	5627	13690	13099	19334	5762	8408	18933	5895	32881	0	59937	16259	15185	48322	38236	0	39525	22901	17485	0	0	0	28133	0	15743	11155	40223	24875	59279	8494	7660	12885	10933	20558	29141	0	17344	25323	8914	20562	10702	29950	7246	33622	8308	30880	24380	16336	13719	17560	31442	28545	15755	15680	25300	28155	0	0	7322	9571	34462	12765	5752	11736	9381	7223	46117	0	10504	18842	8426	14005	18257	35348	0	31462	39761	16658	0	7378	29123	67714	72272	22255
d__Bacteria;p__Bacillota_A;c__Clostridia;o__Lachnospirales;f__Lachnospiraceae;g__Blautia;s__Blautia celeris	0	0	0	0	0	0	31626	17303	23521	0	0	0	13052	12375	0	0	0	0	0	0	0	10186	0	0	0	0	0	26644	0	0	0	0	0	0	0	11256	12205	0	0	0	0	0	0	0	12739	0	0	0	0	0	11765	0	0	0	21994	0	0	0	0	0	0	0	11032	0	0	0	11605	12128	0	0	0	0	0	0	0	0	0	0	16628	0	0	0	0	63015	0	0	0	0	0	12019	13624	0	0	12567	0	0	0	0	0	0	0	0	0	0	0	0	0	11686	0	20584	0	0	0	0	0	0	0	0	0	0	0	0	0	0	0	0	0	0	0	0	0	0	0	0	0	0	0	21840	0	31519	13030	0	0	0	0	0	0	0	0	0	0	0	11376	0	21185	0	0	0
d__Bacteria;p__Bacillota_A;c__Clostridia;o__Lachnospirales;f__Lachnospiraceae;g__Blautia;s__Blautia stercoris	0	0	8745	0	0	0	0	0	0	5542	0	0	0	0	0	0	0	0	0	0	0	0	0	7411	59179	72964	0	0	0	0	0	0	0	0	0	0	0	0	0	0	0	7717	0	0	0	0	0	0	0	22909	0	0	6462	0	0	8227	0	0	0	5672	0	0	0	0	0	0	0	0	0	0	0	0	0	0	0	18290	0	0	0	0	0	0	0	0	0	0	0	7198	5119	0	0	7511	43054	0	0	0	0	0	18821	0	0	60918	203849	0	0	0	0	0	9266	0	0	0	10850	9365	0	0	5665	14851	0	0	80215	35793	0	0	45538	47258	48713	7602	0	0	0	0	0	0	0	0	0	0	0	0	0	0	0	0	0	107164	5167	0	0	15612	29812	14537	0	8126	0	0	19725	7569
d__Bacteria;p__Bacillota_A;c__Clostridia;o__Lachnospirales;f__Lachnospiraceae;g__Blautia_A;s__Blautia_A acetigignens	0	10300	0	13880	5858	7773	0	0	0	0	0	0	0	0	10375	6829	0	6580	0	11591	6753	21970	0	24011	0	0	0	0	12171	0	8610	0	0	0	0	0	0	0	0	0	14774	0	0	7421	0	0	0	10604	0	10270	0	0	0	8208	0	0	0	0	9905	0	0	11627	0	0	0	7163	0	13116	0	0	13370	12997	7166	0	0	0	0	0	0	0	8675	0	9815	0	7905	0	0	9716	0	0	0	6349	16229	0	0	0	0	0	43529	0	0	10486	32005	12532	38303	7458	0	0	12772	0	0	6011	7420	39539	0	0	0	0	0	11197	0	58463	6869	0	7686	0	0	8217	6865	0	0	0	0	7327	0	0	0	0	14116	0	0	7901	0	132215	6243	34144	6868	7286	0	22359	7345	8128	6147	17655	0	0	0	6187
d__Bacteria;p__Bacillota_A;c__Clostridia;o__Lachnospirales;f__Lachnospiraceae;g__Blautia_A;s__Blautia_A ammoniilytica	0	5439	0	6762	10062	6302	0	0	0	6096	0	0	6450	7036	0	6603	0	8014	0	0	0	0	0	0	7861	6190	6949	0	0	5888	0	9090	0	0	0	9587	0	0	6979	0	6186	6304	0	8426	5916	8978	0	5907	9520	6760	10121	0	6731	6997	0	0	7178	6921	0	0	0	0	0	0	0	0	5597	0	0	0	5859	5415	6114	0	5510	0	0	0	0	0	5955	0	0	0	0	0	0	9918	0	0	15182	6062	6220	0	0	0	0	0	0	0	0	0	0	0	0	0	6142	0	7503	0	6012	0	0	6110	5673	8401	5610	5832	0	6399	0	6328	41853	7026	6888	5704	6045	7369	0	6410	10426	0	5583	0	0	13486	0	0	0	0	0	0	0	0	0	0	10897	6429	13983	0	0	0	0	6322	0	0	6295	0
d__Bacteria;p__Bacillota_A;c__Clostridia;o__Lachnospirales;f__Lachnospiraceae;g__Blautia_A;s__Blautia_A caecimuris	0	0	0	0	0	0	10885	20477	5698	0	0	7831	167626	10841	0	0	54864	0	0	0	0	0	0	0	0	19607	0	16792	0	0	0	0	0	0	0	0	10132	0	0	0	0	0	156845	0	0	0	0	0	0	0	8757	0	0	0	16294	0	0	0	0	0	7379	0	0	7168	0	0	0	7257	30672	0	0	0	0	5815	0	0	6147	18560	4710	80599	0	0	0	101247	38409	0	0	0	270038	43800	12189	0	0	5925	0	30503	10765	5688	0	16358	0	0	0	0	0	0	0	0	0	0	0	0	0	0	0	0	0	0	0	0	0	7100	0	0	0	0	0	0	0	0	0	10396	0	0	0	0	0	33286	0	7475	0	0	0	0	0	0	0	0	0	0	0	0	7058	0	0	6126	5423	0
d__Bacteria;p__Bacillota_A;c__Clostridia;o__Lachnospirales;f__Lachnospiraceae;g__Blautia_A;s__Blautia_A faecis	9329	23256	35673	8245	62092	11216	37962	15266	21278	13938	96913	235804	38541	47603	33346	71530	0	31338	10689	21218	43368	19907	10179	23456	61535	607332	13300	34541	55585	50785	19181	23203	78627	7768	77841	59503	123018	15452	59407	105505	41669	51288	11903	14496	20628	48612	19958	11209	74311	138131	21030	36606	28588	29888	0	12662	73302	56468	54392	12431	37114	38514	8253	118961	23872	11969	14145	0	0	114991	64879	59810	41714	18077	25136	17436	134100	30033	42352	46463	28464	10687	10622	0	16416	207548	88544	66447	9816	78067	118200	20643	18423	25943	0	17275	59096	53412	81885	95349	40164	89372	23801	23929	14664	38438	34129	151868	25251	9235	109354	53490	24331	10543	60479	62950	67529	101248	63563	20306	101447	195245	32746	78565	40098	42214	57108	14399	14831	30280	16028	35605	34012	99610	44311	9233	58505	51904	64574	52804	71772	84603	34198	11435	25996	34622	13483	113623	89809	50181	44070	21346	14691	24811	24395	25778	91549	27491
d__Bacteria;p__Bacillota_A;c__Clostridia;o__Lachnospirales;f__Lachnospiraceae;g__Blautia_A;s__Blautia_A fusiformis	10550	41622	8943	7777	0	16980	0	0	0	5452	34963	0	178885	62489	9263	46688	51754	91190	16945	24154	12901	61961	10173	14013	105775	158230	5714	0	14479	149017	60808	120045	166738	9496	29395	51293	7220	10395	19547	92539	21269	114831	49882	9799	6316	6165	39897	26273	26271	71152	0	8363	14965	9432	0	17888	45888	53762	10661	9776	0	55140	6009	119990	29306	116374	0	0	0	76788	6573	53309	20894	0	52844	0	114137	47236	0	16221	16585	0	86928	0	9944	53159	14894	15356	0	0	31795	14923	30330	106370	9038	47670	93489	94001	16590	14770	10527	43468	556013	9513	8828	28514	0	14396	50855	0	16915	145922	0	8080	29509	21857	45620	104891	33210	8260	29727	0	53680	181586	9002	0	52318	13013	12334	71519	7400	29992	105111	37973	20946	16295	5345	0	13340	72531	60418	47218	25898	8054	5842	33708	32322	25367	42647	112781	127005	43115	0	25837	161993	238135	269527	57311
d__Bacteria;p__Bacillota_A;c__Clostridia;o__Lachnospirales;f__Lachnospiraceae;g__Blautia_A;s__Blautia_A hydrogenotrophica	6266	0	0	0	0	0	0	24439	26018	0	0	0	0	0	0	0	0	0	10413	0	0	0	0	0	0	12824	0	29321	5964	12318	0	0	0	0	0	6095	6569	0	0	0	0	0	0	0	0	0	0	0	0	0	28102	0	0	0	0	0	0	0	0	0	6204	0	0	6241	0	0	0	0	0	0	0	0	0	6218	0	0	8878	11078	0	0	0	11278	0	0	0	0	0	0	73627	12961	6562	0	0	5706	0	0	0	0	0	0	7793	0	0	0	0	6468	0	0	0	0	0	0	0	0	0	0	6271	0	0	0	0	0	7060	7999	0	0	8467	0	0	0	0	7828	0	0	0	0	0	0	0	31100	6506	0	0	0	0	6834	0	0	0	0	0	0	0	0	0	0	0	6668
d__Bacteria;p__Bacillota_A;c__Clostridia;o__Lachnospirales;f__Lachnospiraceae;g__Blautia_A;s__Blautia_A intestinalis	0	11159	7552	6217	0	5917	0	13370	0	5937	6165	10032	0	0	6603	24031	0	0	5726	0	0	9186	0	0	19212	5713	9608	0	6887	13368	0	18443	10949	5347	0	8241	0	6624	0	5619	0	7866	0	0	0	11292	14074	9282	5321	8604	0	7489	13581	8170	0	8862	6713	4055	4663	5367	0	0	8661	0	0	4328	0	0	0	14455	12945	15581	6089	0	0	5823	5382	0	0	0	15028	0	5988	0	0	7353	5188	12993	0	0	0	8229	8543	0	0	0	0	0	6919	0	8066	0	5964	11732	7201	0	0	0	16827	0	0	0	0	5799	6853	0	0	0	5799	13213	0	13742	11669	4392	7313	10005	9885	9175	8286	8803	3459	0	9435	4798	0	46654	0	0	15149	0	0	16842	6677	0	7276	10619	15152	0	18133	4253	14653	9079	0	0	7536	0	11147	9407
d__Bacteria;p__Bacillota_A;c__Clostridia;o__Lachnospirales;f__Lachnospiraceae;g__Blautia_A;s__Blautia_A luti	0	7399	0	0	0	0	0	0	0	6343	0	0	0	0	0	6002	0	0	0	0	9057	16206	0	0	0	0	0	0	0	18690	0	0	0	0	0	0	0	0	5749	0	5203	0	0	0	0	0	0	5646	0	0	0	0	14185	6675	0	0	5482	7488	6358	10489	0	0	0	0	0	6448	0	0	0	0	0	0	0	0	0	0	0	0	0	0	0	0	0	0	0	0	0	7241	0	0	0	0	11544	0	0	0	0	0	0	0	0	7872	7318	6037	7401	0	0	0	7627	0	0	0	0	5221	6413	9756	6756	12675	0	10274	0	0	0	12290	7034	0	0	0	5830	6836	0	18152	6916	0	0	0	0	0	16445	8844	0	0	0	5966	5980	8676	0	0	0	0	0	0	0	0	0	0	0	11195
d__Bacteria;p__Bacillota_A;c__Clostridia;o__Lachnospirales;f__Lachnospiraceae;g__Blautia_A;s__Blautia_A schinkii_B	0	0	0	0	0	0	0	0	0	0	5689	0	0	0	0	0	0	0	0	0	6381	0	13639	0	5844	0	0	0	0	0	0	0	0	0	0	0	0	0	24679	0	6214	0	0	50554	0	0	0	0	0	0	0	0	144004	0	0	0	0	0	0	0	0	0	0	0	0	0	0	0	0	0	0	0	0	0	0	0	11778	0	0	0	0	0	0	0	0	0	0	0	0	0	0	0	0	8274	0	0	0	0	0	0	0	0	0	0	0	0	0	0	0	0	0	0	0	6231	0	0	0	0	0	0	6803	0	0	56992	0	0	0	0	0	8501	0	0	0	8997	0	0	0	0	8682	0	0	0	0	0	0	21048	9614	0	0	31931	6717	0	0	0	0	0	0	0
d__Bacteria;p__Bacillota_A;c__Clostridia;o__Lachnospirales;f__Lachnospiraceae;g__Blautia_A;s__Blautia_A sp000436615	0	7490	0	21014	0	0	0	0	0	0	0	13514	0	0	40115	0	0	0	0	30068	0	89644	0	55850	6761	14026	0	0	0	0	5364	0	0	0	0	0	0	0	0	0	0	0	0	0	0	5474	0	0	0	0	0	11841	0	41057	0	0	0	0	8240	0	0	0	0	26909	12162	0	0	0	0	0	0	0	0	0	0	0	0	0	0	0	5880	0	0	0	0	53648	0	8689	0	0	0	0	29908	0	0	0	6823	0	8818	0	0	58411	61393	0	6737	20494	0	0	36691	0	0	0	19648	20157	0	0	5019	0	0	0	0	0	0	41796	24320	0	0	6476	0	0	0	0	0	0	0	0	0	0	17765	87540	31233	64112	0	6703	0	0	0	6964	0	113622	8328	21086	0	0	0	0	245097	0
d__Bacteria;p__Bacillota_A;c__Clostridia;o__Lachnospirales;f__Lachnospiraceae;g__Blautia_A;s__Blautia_A sp003474435	0	0	0	0	0	0	0	13773	0	0	0	0	0	0	0	0	0	0	0	8025	0	0	0	0	0	0	0	0	0	0	0	0	0	0	0	0	0	5834	0	7660	0	0	0	0	0	0	0	0	0	0	0	0	0	0	0	0	0	0	0	0	0	0	0	0	0	0	0	0	0	0	0	0	0	0	20036	0	0	0	0	0	0	0	11377	0	37418	0	0	0	0	0	0	12812	30653	0	0	0	0	0	0	0	0	0	0	10576	6935	12082	18936	0	0	0	0	0	0	0	0	0	0	0	0	0	0	0	0	0	16607	0	109104	0	0	0	0	0	0	0	0	0	0	0	0	0	0	0	0	0	7672	0	0	45160	0	0	0	0	0	7526	0	9439	0	0
d__Bacteria;p__Bacillota_A;c__Clostridia;o__Lachnospirales;f__Lachnospiraceae;g__Blautia_A;s__Blautia_A sp900066205	0	0	10774	8271	6892	0	0	0	0	0	0	0	0	0	0	5359	0	0	0	6617	0	0	0	0	0	16565	0	0	0	0	0	21298	29499	0	0	9145	107970	0	0	0	0	10533	0	0	0	0	0	5059	6786	0	0	10380	139097	7704	0	16116	5698	0	58901	6465	89120	7733	0	12439	0	0	0	0	0	150338	24922	8234	35143	0	0	6882	0	0	0	0	0	0	0	0	0	0	0	9423	22162	0	0	0	0	0	0	0	0	0	17085	0	18342	0	0	0	7445	0	0	0	7229	0	0	0	11164	0	0	0	0	0	0	8553	0	0	11382	18388	5430	0	0	19826	0	0	0	0	0	0	7730	0	0	0	22370	0	0	36854	0	9101	0	10989	0	0	0	0	0	0	0	0	0	0	8718	8175
d__Bacteria;p__Bacillota_A;c__Clostridia;o__Lachnospirales;f__Lachnospiraceae;g__Blautia_A;s__Blautia_A sp900066335	0	0	0	52408	0	0	0	0	0	0	7608	29535	0	0	0	51246	0	0	0	0	0	0	5431	0	0	0	0	0	0	8077	6245	0	0	0	0	0	0	5515	0	0	6357	0	0	0	0	7768	0	57046	0	0	0	0	0	18956	0	0	0	0	0	0	0	13426	0	0	0	0	0	0	0	0	12725	0	0	5789	14005	6234	0	0	0	0	0	0	0	0	0	0	0	275888	0	117330	0	0	0	0	0	0	0	0	0	0	0	0	0	0	0	0	0	5217	0	0	0	0	0	7508	9603	0	0	0	0	9862	0	0	0	0	211902	58439	0	0	0	12392	0	0	19109	9134	0	0	0	0	5216	64884	0	0	0	62208	7854	0	0	0	0	0	18352	0	0	0	0	0	0	0
d__Bacteria;p__Bacillota_A;c__Clostridia;o__Lachnospirales;f__Lachnospiraceae;g__Blautia_A;s__Blautia_A sp900120195	0	0	0	0	4840	6357	0	0	0	0	0	0	0	0	0	0	0	0	7890	0	6693	0	0	0	0	0	7060	0	9744	0	0	0	0	0	0	0	0	7207	0	7164	0	0	0	0	0	11176	0	0	0	0	0	0	10480	6497	0	0	4867	9259	9210	0	0	7445	0	0	5726	0	0	0	0	0	5601	0	0	0	0	0	0	0	0	0	0	0	0	0	0	0	0	0	0	0	0	0	0	7526	0	0	0	0	9833	9166	0	0	0	0	47828	7903	4435	0	0	0	6181	5525	6191	0	0	0	0	0	6457	0	0	0	6738	0	0	0	0	0	0	5439	13047	25810	8581	0	0	0	0	0	0	12655	0	0	0	0	0	5322	0	0	11937	4557	0	0	0	4467	0	7014	0	0
d__Bacteria;p__Bacillota_A;c__Clostridia;o__Lachnospirales;f__Lachnospiraceae;g__Blautia_A;s__Blautia_A sp900548245	0	0	8175	4181	4820	0	0	0	4055	0	3455	0	0	0	0	14822	0	0	0	14040	0	0	0	0	0	0	3454	0	0	4187	0	9736	5096	0	0	0	0	5527	4730	0	0	10237	0	5691	0	0	0	0	0	14573	0	5495	0	0	0	9618	6440	6525	0	5463	0	21179	0	0	0	26777	0	0	0	0	4488	5924	10227	0	5091	5530	0	0	0	0	0	0	5903	0	30249	0	0	0	0	0	0	0	11644	5413	0	7693	0	0	0	0	14887	44412	0	0	0	0	0	0	6700	0	0	4765	0	0	0	0	0	7971	5028	0	4261	0	0	0	0	11616	46998	10485	0	0	0	0	3791	4580	3291	0	0	0	0	0	0	0	4864	0	5635	82652	4474	0	0	0	0	5167	0	6542	0	0	0	6517
d__Bacteria;p__Bacillota_A;c__Clostridia;o__Lachnospirales;f__Lachnospiraceae;g__Blautia_A;s__Blautia_A sp900551715	0	0	6382	6898	0	0	0	0	0	0	0	0	0	0	0	0	0	0	0	6567	0	8033	7555	0	0	0	0	0	0	9743	0	0	0	0	0	0	0	8256	0	0	0	0	0	0	0	11521	0	6628	0	0	0	0	0	0	0	0	0	0	7773	0	0	0	0	0	0	7604	0	0	0	0	0	0	0	0	5911	0	0	0	0	0	5422	0	5570	0	0	0	0	0	0	0	0	0	0	0	0	0	0	0	0	0	0	11695	0	0	0	0	0	0	0	0	0	0	0	6178	0	0	0	0	0	10030	6673	0	0	0	0	5578	0	0	0	0	0	0	9269	0	7410	6718	0	0	0	0	0	0	0	0	0	0	0	0	0	0	0	0	0	0	0	0	0	0
d__Bacteria;p__Bacillota_A;c__Clostridia;o__Lachnospirales;f__Lachnospiraceae;g__Blautia_A;s__Blautia_A sp934394595	0	0	4648	0	0	3392	0	0	0	0	3933	0	0	0	3680	3477	0	0	0	3465	4508	0	0	0	4172	0	0	0	0	0	0	5172	3274	0	0	0	0	3721	0	0	4459	4861	4216	0	0	3890	0	3917	6094	0	0	0	0	3634	0	0	0	0	3889	4423	0	0	3847	4993	0	0	0	0	0	0	7944	0	0	0	3722	0	3418	0	0	0	3625	0	0	0	4001	0	0	3678	0	0	0	4491	0	4809	0	0	0	0	0	0	0	0	3837	4362	3345	0	0	0	4056	0	0	3450	4179	0	3805	0	0	0	4280	3545	0	4260	3858	3745	0	3815	4884	3822	3485	4304	0	0	0	0	3815	4226	0	0	4105	0	0	3721	0	0	4153	0	0	3569	0	0	0	0	0	0	3926	0	0	3851
d__Bacteria;p__Bacillota_A;c__Clostridia;o__Lachnospirales;f__Lachnospiraceae;g__Blautia_A;s__Blautia_A sp934424005	5868	23725	11088	23368	31278	26335	0	24204	6645	6508	91337	0	10034	19590	8923	29280	0	52273	6221	0	6257	12591	6145	9620	122684	91969	17180	0	15274	24388	29956	24569	35332	18211	0	18483	7996	8626	0	23268	22201	55348	8345	9352	0	42626	104469	8632	20233	30137	6178	9242	10875	14878	0	21652	8109	10088	20456	0	0	13450	8657	337486	10878	8939	14533	0	0	0	35286	51638	0	0	59449	5926	67332	0	0	0	16645	0	9823	0	6085	42218	37540	107506	6854	0	150164	91098	30078	71016	29800	0	0	19749	52936	20988	22524	28923	18793	7275	9157	28457	83291	146161	57560	0	5340	20054	11340	6512	26133	10475	36716	14746	14218	18107	42460	12073	24548	31412	5747	19142	59836	64678	8313	54664	6969	29322	24018	31879	10969	24531	8313	0	19828	89134	18614	25208	28192	8796	7593	17226	33326	46594	10470	13106	45296	14664	18965	12371	16793	15716	94504	227049
d__Bacteria;p__Bacillota_A;c__Clostridia;o__Lachnospirales;f__Lachnospiraceae;g__Blautia_A;s__Blautia_A wexlerae_B	0	50859	72934	73491	157209	34017	969147	0	1179797	17120	110864	9385	9030	206064	55146	126578	298604	37844	10792	80310	9131	195442	146667	69016	271369	208980	7273	7348	57867	73304	36765	144948	26652	7330	48619	193816	174186	47044	17516	22945	60251	331996	287625	10527	25079	35870	165180	37652	12508	155415	14318	36975	221047	109011	33187	83924	12435	41967	71154	6437	8611	221022	6100	263482	241654	48876	80086	0	0	231732	231037	442550	119250	122139	108203	28330	22672	30242	9533	50685	208325	0	89342	0	394133	81544	54574	174505	91619	641530	23130	30726	23886	384062	16447	49620	342186	341134	97915	190766	195614	340049	183954	9150	39914	286544	46820	85222	33472	0	20661	73637	71446	53886	26242	59497	71281	135221	89711	75672	137846	338920	40524	61633	202569	105812	121969	91497	8014	88433	12605	25600	15575	54633	266465	28199	15137	0	43436	111955	200898	317214	250871	71232	28820	136201	65862	177098	87448	127558	262187	65439	132682	81146	283877	424230	122768	72725
d__Bacteria;p__Bacillota_A;c__Clostridia;o__Lachnospirales;f__Lachnospiraceae;g__Brotaphodocola;s__	0	0	0	0	0	0	0	0	0	0	0	0	0	0	0	0	6458	0	0	0	0	0	0	0	0	45099	0	0	0	0	19478	0	0	0	0	0	0	0	0	0	0	0	0	0	4941	0	0	0	0	0	0	0	0	0	0	0	0	0	0	0	0	0	0	0	0	0	0	0	46272	0	0	0	0	0	0	0	0	0	0	0	0	0	0	0	32528	0	7821	0	6920	9460	9209	0	0	7330	0	16824	0	0	0	0	0	8158	0	0	0	7045	0	0	0	0	0	0	0	0	0	0	0	0	0	0	7640	0	0	0	0	0	0	0	0	0	0	0	0	6830	0	0	0	0	0	0	0	0	0	0	0	0	0	14538	0	0	0	0	28216	0	6375	0	0	0
d__Bacteria;p__Bacillota_A;c__Clostridia;o__Lachnospirales;f__Lachnospiraceae;g__Brotaphodocola;s__Brotaphodocola sp003478505	0	0	0	0	0	0	0	0	0	0	0	0	0	0	0	0	0	0	0	0	0	0	0	0	0	0	0	0	0	0	0	0	0	0	0	0	0	0	0	0	0	0	0	0	0	0	0	0	0	0	0	0	0	0	0	0	0	0	0	0	0	0	0	0	0	6615	0	0	0	0	0	0	0	0	0	0	0	0	0	0	0	0	8545	0	8480	0	0	0	0	0	0	6658	8618	6968	0	0	6442	0	0	0	0	9377	7697	0	0	0	0	0	0	0	0	5479	7317	8120	0	0	0	6205	6277	7497	0	0	0	12399	9480	0	0	0	0	0	0	0	0	0	13649	0	0	0	7649	0	0	0	10400	0	0	13256	0	0	0	9157	0	0	0	6260	0	0	0	0
d__Bacteria;p__Bacillota_A;c__Clostridia;o__Lachnospirales;f__Lachnospiraceae;g__Brotaphodocola;s__Brotaphodocola sp003480315	0	0	0	5075	0	0	0	0	0	0	0	0	0	0	0	0	0	0	0	0	0	0	0	0	0	0	0	0	0	0	0	0	0	0	0	0	8423	0	0	0	0	0	0	0	0	0	0	0	0	0	0	0	0	0	0	0	0	0	0	0	0	0	0	0	0	5689	0	0	0	0	0	0	5533	0	0	0	0	0	0	0	0	0	0	0	7200	0	0	0	0	0	6309	5363	5839	0	0	0	0	0	5381	0	0	0	7237	0	0	6536	0	0	5208	0	0	0	6598	5759	0	0	0	10603	0	5543	5822	0	0	0	8554	0	0	0	0	0	0	0	0	0	0	0	0	0	8462	0	0	0	0	0	5820	8997	0	0	0	6558	6803	6266	0	0	0	0	0	0
d__Bacteria;p__Bacillota_A;c__Clostridia;o__Lachnospirales;f__Lachnospiraceae;g__Butyribacter;s__Butyribacter intestini	0	0	7381	0	0	10152	0	0	0	0	0	0	0	0	0	0	0	0	0	0	0	0	0	0	0	14108	0	0	0	0	0	0	7578	0	0	0	0	0	0	0	0	9428	0	0	0	10663	0	0	0	0	0	0	0	0	0	0	0	0	0	0	0	0	0	0	0	12295	0	0	0	0	0	0	0	0	0	0	0	0	0	0	0	0	0	0	9387	0	0	0	0	0	0	0	0	0	0	0	0	0	8522	0	0	0	0	0	0	0	0	6813	0	0	7921	0	23263	7235	0	0	0	0	0	16445	14808	0	0	21846	293313	0	15046	0	0	0	0	0	0	13744	0	0	0	0	23345	0	0	0	0	0	0	22118	0	13575	0	101190	0	48141	0	0	0	0	0	9601
d__Bacteria;p__Bacillota_A;c__Clostridia;o__Lachnospirales;f__Lachnospiraceae;g__Butyribacter;s__Butyribacter sp000436755	0	7547	0	0	0	0	0	0	0	0	0	0	0	0	0	0	7266	0	0	0	0	0	0	0	0	0	0	0	0	0	0	0	0	0	0	0	0	0	5519	0	0	0	0	0	0	0	0	9331	0	0	0	0	0	7251	0	0	0	0	0	0	0	0	0	0	0	0	0	0	0	0	0	0	0	0	0	0	0	0	0	0	0	0	0	0	0	15948	0	0	0	0	0	0	18809	7428	0	0	0	0	0	0	0	17241	0	0	6286	6887	0	0	6835	0	0	0	0	0	6899	0	0	0	12389	0	0	8131	0	0	0	0	0	5953	0	0	0	0	0	0	0	10523	0	0	0	0	0	0	16470	0	7485	0	0	0	0	0	9973	0	0	0	0	0	0	0
d__Bacteria;p__Bacillota_A;c__Clostridia;o__Lachnospirales;f__Lachnospiraceae;g__Butyribacter;s__Butyribacter sp003529475	0	0	0	19323	8712	14026	0	0	5009	0	0	0	0	4926	0	0	0	0	0	0	7301	10687	5848	0	10584	0	0	0	11420	10854	9004	10699	0	0	0	0	19297	0	5635	0	4908	0	0	0	0	0	0	0	0	5367	0	7021	0	8780	0	0	5408	0	0	0	7752	9062	0	5305	52848	6256	0	0	0	7674	202257	0	6629	5042	0	0	0	0	5069	0	0	0	5988	20110	0	0	0	8615	0	0	8501	0	0	25238	0	0	6366	0	0	0	4789	16285	28672	11279	56387	0	0	0	6177	0	11546	18083	79688	10556	7901	0	5926	17097	31401	44110	0	5209	0	0	105953	25668	0	56923	4715	7506	0	15981	4839	0	0	11594	8048	0	22659	0	0	28435	10524	50705	0	11585	5614	13728	0	5389	12284	24458	0	27879	0	0	6335	7708
d__Bacteria;p__Bacillota_A;c__Clostridia;o__Lachnospirales;f__Lachnospiraceae;g__CAG-194;s__CAG-194 sp000432915	0	6201	0	42902	0	0	0	0	0	0	0	0	0	0	7339	10582	0	8331	0	0	15066	5152	0	0	0	0	0	0	5092	0	0	7303	0	0	0	0	0	0	0	0	0	0	0	0	0	0	0	44450	0	0	0	0	0	0	0	0	6070	0	0	0	0	0	0	0	0	0	0	0	0	0	0	0	0	0	6756	7661	0	0	0	0	8424	0	0	0	0	0	0	0	0	0	0	0	0	0	0	0	0	0	0	0	0	0	0	7487	11574	0	0	0	0	0	5015	0	17170	0	7491	0	6830	0	0	0	0	0	15030	8467	0	0	0	0	0	0	0	0	0	0	58668	0	0	0	0	0	0	15467	65413	41447	65693	80543	6647	7961	6684	0	0	0	0	11548	0	0	0	0
d__Bacteria;p__Bacillota_A;c__Clostridia;o__Lachnospirales;f__Lachnospiraceae;g__CAJJNI01;s__CAJJNI01 sp905193085	0	0	0	0	0	0	0	0	0	0	0	0	0	0	4734	0	0	0	0	0	0	0	0	0	0	0	0	0	0	0	0	0	0	0	0	0	0	0	0	0	0	0	0	0	0	4301	0	0	0	0	0	4823	0	0	0	7023	0	0	0	0	0	0	0	0	0	0	0	0	0	0	0	0	5196	0	0	0	0	0	0	0	0	0	0	0	0	0	0	0	0	0	0	0	0	0	0	0	0	0	0	0	0	0	0	0	12255	11519	0	0	4685	0	0	0	4937	5233	0	0	0	5554	0	7299	0	0	0	0	0	0	0	5404	0	0	0	0	0	0	0	0	0	0	6844	0	0	6077	5069	0	0	0	0	5989	0	0	0	0	0	7265	0	0	0	0
d__Bacteria;p__Bacillota_A;c__Clostridia;o__Lachnospirales;f__Lachnospiraceae;g__Choladousia;s__Choladousia sp902363135	0	8707	5576	7012	8605	7728	0	5814	0	7186	6728	0	0	6294	5765	10076	0	11354	6302	8063	7790	0	8412	7050	11251	9452	0	0	6386	0	6282	12566	9378	0	0	0	0	6675	7317	5984	8083	12697	5920	0	6026	6014	6056	7350	10169	8824	6849	4832	14052	8442	0	0	6032	7586	8091	6780	0	6401	5609	14581	4770	0	0	0	0	0	9578	6016	6038	0	11939	7762	8171	0	0	0	10458	7060	0	0	11102	13302	0	7254	0	6370	20249	5707	8471	0	0	0	0	0	7172	0	6215	6199	5436	11925	15899	10313	6140	0	7576	0	6979	8923	7686	6171	7599	7098	8215	7796	6707	7490	8139	10931	8587	0	6488	13259	17886	6793	8923	7574	0	0	8823	7720	0	5555	0	0	8114	0	0	12286	5728	7215	6991	10680	7645	10938	6881	5966	6506	5189	0	9828	0	6301	0	11375
d__Bacteria;p__Bacillota_A;c__Clostridia;o__Lachnospirales;f__Lachnospiraceae;g__Choladousia;s__Choladousia sp902363665	0	7648	0	20011	0	0	0	0	0	7196	7740	0	0	0	6030	27707	0	10707	8121	22613	0	0	0	8741	8152	15054	0	0	0	8880	0	7249	12618	0	0	0	0	7782	0	0	6839	6814	0	0	0	6321	0	34116	11624	7637	0	6076	8751	0	0	0	24493	11222	0	9899	0	0	0	0	0	0	0	0	0	0	12261	9989	6781	0	0	7800	0	7360	0	0	8160	0	0	0	9827	7968	0	7019	0	0	16068	7817	13815	0	0	0	0	0	17741	0	0	0	0	8322	11193	6896	0	0	9458	0	0	0	7997	13506	0	0	0	0	0	8318	0	11565	23452	9611	6989	0	8086	9230	0	0	0	0	0	0	8884	0	0	0	12060	7080	0	9871	0	0	0	12128	7254	12440	13897	0	6067	7304	0	7704	0	0	0	8295
d__Bacteria;p__Bacillota_A;c__Clostridia;o__Lachnospirales;f__Lachnospiraceae;g__Clostridium_AP;s__Clostridium_AP scindens	0	0	0	0	0	0	11591	33526	7932	0	0	8503	0	8550	0	0	0	0	0	0	0	0	0	0	0	0	8407	0	0	0	0	0	9120	0	13132	0	0	0	0	0	0	0	18856	10384	0	0	21819	0	0	0	23197	0	0	0	0	0	0	0	0	0	0	0	0	0	0	0	12024	12704	9354	0	0	0	0	0	0	0	0	0	0	0	0	0	0	0	0	9656	0	0	19846	13424	12193	0	0	8781	0	9729	0	13082	0	0	0	0	0	0	0	0	0	9684	0	12176	9415	0	0	0	0	0	0	0	0	0	0	0	0	0	0	0	0	0	0	0	0	11609	0	0	0	0	0	13771	0	10044	0	0	0	0	0	0	0	0	0	0	0	0	0	0	0	0	10417	0
d__Bacteria;p__Bacillota_A;c__Clostridia;o__Lachnospirales;f__Lachnospiraceae;g__Coprococcus;s__Coprococcus aceti	0	7205	0	0	26479	0	0	0	0	17209	0	0	0	0	0	0	0	0	0	13972	5388	74278	11323	0	4979	0	25955	0	0	0	49098	0	0	0	0	0	0	5041	0	0	17916	50482	0	0	0	0	0	0	0	61153	0	0	5474	31622	0	56901	0	0	0	8862	0	0	0	0	148763	0	0	0	0	0	0	0	27647	0	0	0	0	0	0	0	0	0	0	0	0	0	0	108052	0	0	61164	0	0	0	0	0	0	0	0	0	0	0	0	8993	0	0	0	4403	0	0	0	0	169874	6674	5685	0	0	0	56313	199647	0	0	41635	0	228830	0	21901	255219	0	23135	0	0	64173	43555	0	0	0	0	71427	0	0	0	100109	0	32240	4325	6415	58033	33909	0	0	93741	0	17887	0	0	0	0
d__Bacteria;p__Bacillota_A;c__Clostridia;o__Lachnospirales;f__Lachnospiraceae;g__Coprococcus;s__Coprococcus ammoniilyticus	0	81098	0	0	23660	12499	0	0	0	0	0	0	0	0	0	0	0	120563	0	0	7062	0	0	0	0	0	0	0	0	0	0	0	0	0	5831	0	0	0	0	0	0	0	0	0	0	0	0	5441	0	0	0	0	0	82060	0	0	8615	26216	0	0	0	0	0	0	0	0	0	0	0	0	0	0	0	0	14331	0	0	0	0	0	0	0	0	0	0	0	0	0	0	0	0	0	0	0	0	0	0	0	0	0	0	0	0	0	141686	0	0	0	36175	0	0	0	3742	0	16359	0	0	0	0	0	0	0	0	0	0	0	0	0	0	0	0	0	0	0	0	34394	0	0	0	0	0	0	0	0	0	0	0	0	0	0	0	0	0	0	0	0	0	0
d__Bacteria;p__Bacillota_A;c__Clostridia;o__Lachnospirales;f__Lachnospiraceae;g__Coprococcus_A;s__Coprococcus_A catus	0	0	5546	10600	7449	0	0	7525	0	0	12466	0	0	0	15124	0	0	0	0	6857	0	18855	0	0	0	0	5139	0	0	7222	5601	0	0	10251	0	0	0	5092	0	0	5608	9109	0	6669	0	0	0	15232	11377	0	0	0	18376	7820	0	0	6827	12586	0	13157	0	9067	0	0	0	0	0	0	0	0	9831	7521	6217	0	0	0	0	0	0	0	0	0	0	0	12365	0	0	11397	0	0	0	6322	7314	0	0	0	0	27196	8104	0	9906	0	9701	0	5406	0	8883	0	7505	0	7518	0	9534	0	6873	14515	0	0	0	0	6906	0	0	0	6047	0	0	15628	30833	0	0	0	0	0	11279	5913	8691	0	0	9959	0	0	0	7251	8292	30357	0	0	0	0	7445	10139	0	9254	0	0	0	19280
d__Bacteria;p__Bacillota_A;c__Clostridia;o__Lachnospirales;f__Lachnospiraceae;g__Coprococcus_A;s__Coprococcus_A catus_A	7091	11142	5859	8715	13295	0	0	0	0	9549	11134	19917	11020	0	0	27935	0	39930	0	0	8369	0	14328	7316	30514	0	5292	0	9789	11552	7190	32153	0	0	0	0	13576	10532	6778	0	10606	40080	0	0	6778	23534	0	19026	10834	0	0	7166	12238	8778	0	12326	16060	0	9619	5717	0	9503	7370	44955	15701	10273	0	20511	0	7042	19922	9781	8663	0	18115	0	33530	0	0	0	16907	0	10904	0	18477	0	8455	13351	0	16023	0	11396	12012	9693	0	0	12118	0	10998	0	14814	13949	10603	60427	13432	0	0	0	11400	0	6512	16174	7501	16625	16283	0	11988	13668	8464	18456	0	15128	9201	19302	11637	19874	0	0	4857	14292	5577	9986	25717	10993	7873	8082	5709	0	12737	0	0	14757	11530	8263	6087	0	18109	19778	7778	15001	9574	0	6574	10197	20129	8478	34321	0
d__Bacteria;p__Bacillota_A;c__Clostridia;o__Lachnospirales;f__Lachnospiraceae;g__Dorea;s__Dorea formicigenerans	0	6805	7818	9589	6707	5868	0	0	0	0	0	0	7676	25232	6107	7675	0	12141	8020	6204	12261	7974	6408	6456	20024	20905	0	0	5089	17450	6240	0	0	0	0	6961	15564	5672	5967	0	11756	15486	22371	6335	0	5453	6539	6013	9663	10062	12121	5082	32885	8465	0	9308	4700	5617	6158	6257	0	11553	6852	32372	11460	6639	0	104028	0	11677	38271	0	10393	0	11203	11425	7540	0	5579	5036	16760	6281	7959	0	16260	10059	10499	7457	5784	0	0	5351	9889	9571	0	0	5845	0	11383	15524	26454	13403	18847	15918	9094	0	10176	0	7519	5573	0	9019	11189	7471	4444	4604	4871	7837	9871	9680	19357	11982	7075	8675	14899	15294	9982	7414	12722	8054	0	0	9294	7312	8771	5854	5115	0	7983	81194	0	14645	6295	6929	7078	13662	6473	8296	9368	12950	10752	7105	9857	9046	52946	19937	0	5032
d__Bacteria;p__Bacillota_A;c__Clostridia;o__Lachnospirales;f__Lachnospiraceae;g__Dorea_A;s__Dorea_A amylophila	7251	5773	20236	12563	8992	0	0	0	20753	0	0	0	0	0	11314	14907	0	0	0	0	15528	0	0	6770	53242	0	0	0	0	0	0	0	0	0	7377	0	31642	5680	6208	0	0	11623	20788	5612	0	6484	0	0	0	33328	0	8729	77364	9944	0	15880	7476	0	0	10688	0	21093	0	0	0	11531	0	0	0	17490	0	5893	25638	0	0	7387	7794	0	0	0	15229	0	0	0	20364	21379	19428	0	25629	0	29506	0	15356	0	0	0	21338	0	10707	30099	10141	0	71346	0	17313	15906	0	0	10304	0	0	0	0	8472	0	0	0	8629	7729	6325	18820	0	7922	0	15703	36841	0	14462	8887	6536	0	0	0	10940	0	0	6105	0	18520	13378	0	51264	12172	13527	5972	17602	7385	0	0	7408	14147	11150	0	18702	0	0	14294	19534
d__Bacteria;p__Bacillota_A;c__Clostridia;o__Lachnospirales;f__Lachnospiraceae;g__Dorea_A;s__Dorea_A longicatena	0	6581	7952	0	0	24491	0	0	0	15627	46787	0	15510	167624	18727	45997	0	12025	17561	29656	0	5885	31149	8250	0	38446	0	0	21347	37276	12110	28682	29194	0	0	33170	0	28495	7197	10161	41601	36016	72717	9880	0	6999	0	27747	0	11335	49523	0	4811	12890	0	20292	6717	21896	23810	0	0	0	9200	0	14428	16789	0	0	0	0	152206	0	0	0	31532	7158	75008	0	10382	27355	67985	0	34330	0	0	12900	0	95443	0	0	0	23977	8160	5725	0	0	0	0	14467	44272	26455	19051	0	13289	7881	0	29129	0	10350	0	7339	26716	11485	10965	8929	45285	21961	11022	25435	62365	35831	17068	20439	50068	22520	30375	36343	7034	19683	69342	6881	0	48309	15130	0	34978	9531	0	0	145521	21957	0	0	16825	18280	13610	41468	25138	0	56422	35819	0	0	0	121874	283499	61730	15687
d__Bacteria;p__Bacillota_A;c__Clostridia;o__Lachnospirales;f__Lachnospiraceae;g__Dorea_D;s__Dorea_D hominis	0	4808	4746	4242	0	4727	13281	0	0	0	0	0	0	10363	0	4472	0	0	0	0	4298	0	4695	0	7360	0	0	46910	4861	0	0	0	0	4107	0	0	0	0	0	0	6478	4865	0	0	0	0	0	0	5005	0	0	4762	0	0	0	0	0	4804	0	0	0	4450	0	0	0	0	4661	0	0	0	6065	0	0	0	0	4436	4256	0	0	0	5142	0	0	0	0	0	0	0	0	0	0	5041	4712	0	0	0	0	0	0	4376	0	4416	0	4666	0	0	0	0	6753	0	5186	3518	4306	4019	4717	0	0	0	4820	4551	4968	7592	0	0	5918	0	18588	5462	0	3800	0	0	4757	4831	0	4777	0	0	0	0	0	0	0	0	4378	0	0	4457	0	0	5760	4291	0	0	0	0	0	0
d__Bacteria;p__Bacillota_A;c__Clostridia;o__Lachnospirales;f__Lachnospiraceae;g__Dorea_D;s__Dorea_D sp000433535	0	0	0	0	10486	0	0	20244	0	0	0	16153	0	0	0	0	11671	0	0	0	0	11010	0	0	0	0	14721	0	7774	5095	5983	0	0	0	0	45480	0	0	0	0	0	0	0	0	5322	0	0	0	10650	5030	20541	0	0	0	0	0	0	16371	0	0	0	0	0	36554	5488	0	0	24751	11597	0	0	0	0	0	0	5989	0	0	24260	0	5357	0	0	0	0	0	0	0	0	55945	11740	0	0	7069	0	18332	0	0	7432	0	0	0	0	0	0	0	0	8159	7796	17128	0	0	0	0	0	0	6301	5790	0	0	0	7782	8416	0	0	0	0	0	0	0	0	29715	0	0	40340	0	0	52170	0	8627	7147	0	0	0	0	0	0	13215	18624	0	0	0	9617	0	5292	0	5386	4379
d__Bacteria;p__Bacillota_A;c__Clostridia;o__Lachnospirales;f__Lachnospiraceae;g__Dorea_D;s__Dorea_D sp900543415	5352	0	0	0	0	0	0	0	0	0	0	0	48940	5614	4824	0	13024	0	0	0	0	0	0	0	0	23396	0	88912	0	0	0	0	0	0	0	0	0	0	0	0	0	0	0	0	14326	0	22474	0	0	0	0	0	0	0	0	0	0	0	0	0	7287	0	0	0	0	0	17927	0	11410	0	5803	0	0	7450	0	0	7880	5681	31344	10720	0	42245	0	0	7465	0	0	4777	0	0	0	0	0	0	0	6045	0	0	0	0	0	0	0	7497	0	0	0	0	0	0	0	5854	0	0	0	0	0	0	0	0	7636	0	0	0	0	0	6185	0	0	0	0	0	0	0	0	0	0	0	0	0	0	0	0	0	0	0	0	5781	0	0	0	0	17608	0	0	6242	0	0
d__Bacteria;p__Bacillota_A;c__Clostridia;o__Lachnospirales;f__Lachnospiraceae;g__Eisenbergiella;s__Eisenbergiella porci	0	0	10532	0	0	0	0	28888	0	0	0	14446	33090	0	0	0	15274	0	13341	0	0	0	0	0	0	0	0	15038	0	0	0	0	0	0	0	0	0	0	0	15059	0	0	11294	13192	0	0	0	0	0	0	14934	0	0	0	0	0	0	0	0	0	0	0	0	0	0	0	0	0	0	0	0	20536	0	15547	0	0	0	25628	0	0	0	23866	0	0	0	0	26966	0	0	0	15340	0	0	0	0	0	0	0	0	0	0	0	0	0	0	14585	0	16067	0	15027	0	0	0	0	0	0	0	0	0	0	0	0	0	0	0	0	0	0	0	0	0	0	0	0	0	0	0	18647	0	16716	0	0	0	0	0	0	0	0	0	0	0	0	0	0	0	0	0	0
d__Bacteria;p__Bacillota_A;c__Clostridia;o__Lachnospirales;f__Lachnospiraceae;g__Eisenbergiella;s__Eisenbergiella tayi	0	0	16473	0	0	0	0	124955	19432	16857	0	16921	0	0	0	0	0	0	54476	0	0	0	0	0	0	0	0	19766	0	17517	0	0	0	49563	0	19664	0	15233	0	17437	0	0	0	21848	0	51920	0	0	19420	0	16588	0	15847	0	0	0	20183	0	0	16636	0	0	0	75793	0	0	18816	0	0	0	0	33517	0	46946	15733	0	18469	0	0	17656	0	15619	0	0	0	0	29436	0	23206	15742	0	0	0	15243	23139	0	0	0	0	16166	17361	0	0	0	0	0	0	18069	0	59322	16780	14794	0	0	0	0	0	0	0	0	0	0	0	0	0	0	0	0	0	0	0	0	46552	0	0	25467	0	0	0	37789	19397	0	0	0	0	0	0	19725	0	0	0	0	0	0	0	0	0	0
d__Bacteria;p__Bacillota_A;c__Clostridia;o__Lachnospirales;f__Lachnospiraceae;g__Enterocloster;s__Enterocloster bolteae	0	0	11502	0	0	0	14657	23174	13418	13547	0	0	0	0	0	0	10337	0	0	0	0	0	0	0	0	11968	0	11077	0	17223	0	0	0	0	0	0	13946	15201	0	14129	0	0	23971	0	14686	13076	0	0	0	0	0	0	0	0	0	0	0	0	0	0	0	0	0	17157	0	0	21450	0	15774	0	13156	26967	0	21796	0	13170	0	43581	0	0	0	0	0	402325	0	0	13669	0	41986	16905	15414	0	0	16345	0	17448	0	0	0	0	0	0	0	0	0	10579	0	0	0	24950	0	0	0	0	0	0	0	0	0	0	0	0	0	0	0	0	0	0	0	0	0	26952	15634	0	0	0	0	0	0	15587	12790	0	0	0	0	0	0	0	0	0	0	0	0	0	11958	0	0	10169
d__Bacteria;p__Bacillota_A;c__Clostridia;o__Lachnospirales;f__Lachnospiraceae;g__Enterocloster;s__Enterocloster sp000431375	0	0	0	8727	0	0	0	10166	0	0	0	0	0	0	7560	0	0	0	0	7957	0	0	0	0	15328	23346	0	0	0	0	0	0	0	0	7972	0	8579	0	0	0	0	0	66883	0	0	0	0	8139	0	0	0	0	0	7366	0	0	0	0	0	0	9218	14643	0	6779	11608	9094	0	9625	0	0	17706	0	9091	0	0	8411	0	127730	0	0	0	0	47107	0	26778	14998	8232	0	0	0	11520	7932	9246	8546	0	7231	7694	7343	0	6894	9675	23176	46488	0	8014	10048	7594	0	8284	0	0	11064	10371	7237	6237	0	0	52068	27526	9283	9563	0	12537	15818	19045	0	0	0	15454	0	0	9788	0	11645	0	0	0	11400	0	8703	40827	6975	14573	15060	8208	19414	0	10062	0	0	67161	8264	8066	9593	0	32309	0	6688
d__Bacteria;p__Bacillota_A;c__Clostridia;o__Lachnospirales;f__Lachnospiraceae;g__Enterocloster;s__Enterocloster sp001517625	0	0	0	0	0	0	0	5090	0	0	0	0	0	0	0	0	0	0	0	0	0	0	0	0	0	0	0	0	0	0	0	0	0	0	0	0	6369	0	0	6251	0	0	58242	0	0	0	5015	0	0	0	4978	0	0	0	0	0	0	0	0	0	0	0	0	0	0	0	0	0	27075	0	6846	0	0	0	0	0	0	49254	0	0	0	0	10108	0	6321	0	0	0	54617	6570	0	0	0	3790	0	48626	5690	0	0	0	0	0	0	0	0	7737	0	0	0	0	0	0	0	0	0	0	0	6256	0	0	0	0	0	0	0	0	0	0	0	0	0	0	0	0	0	0	0	13215	0	0	7114	0	4984	0	0	0	0	0	0	7307	0	0	5474	0	19161	8985	0	0
d__Bacteria;p__Bacillota_A;c__Clostridia;o__Lachnospirales;f__Lachnospiraceae;g__Enterocloster;s__Enterocloster sp900541315	0	0	10726	0	0	0	0	0	0	0	0	0	0	0	0	0	0	0	0	0	0	7445	0	0	0	0	0	0	0	0	0	0	9698	0	0	0	0	0	0	0	7493	0	8270	0	0	0	0	6413	0	0	0	0	0	0	0	0	0	0	0	0	0	0	0	7907	8281	8381	0	0	0	0	6642	0	0	0	0	0	0	0	0	0	0	0	8639	0	0	0	0	0	0	11255	0	0	7605	0	0	6592	0	0	0	0	0	7404	7556	8614	0	0	0	0	6912	0	0	7930	0	0	0	0	8672	10658	0	8932	10689	0	0	0	7011	0	0	0	0	0	0	0	0	0	0	0	0	0	7959	0	7761	9075	8172	8641	7375	8863	7040	0	0	13588	9489	7195	0	0	55743	13862	0	0
d__Bacteria;p__Bacillota_A;c__Clostridia;o__Lachnospirales;f__Lachnospiraceae;g__Eubacterium_F;s__Eubacterium_F sp000433735	0	0	0	0	0	0	0	0	0	0	0	0	0	0	4974	0	0	0	0	5066	4709	0	7978	0	0	0	0	0	0	0	0	0	0	0	0	0	0	0	4815	0	0	7039	0	0	0	5401	0	4541	0	0	0	0	0	4619	0	0	0	0	5430	0	6111	0	0	0	0	0	0	0	0	0	0	0	0	0	0	6083	0	0	0	0	4970	0	0	0	0	0	0	0	0	0	7776	0	27162	4560	0	0	10212	0	14667	0	0	0	43002	7577	5673	0	0	0	5505	0	0	9986	5250	0	0	4132	4635	6492	0	0	0	0	0	0	0	5886	0	8809	51403	0	0	0	0	0	0	11126	0	0	17438	0	0	0	9257	0	0	0	0	0	0	0	6403	0	0	9863	0	0	0	0
d__Bacteria;p__Bacillota_A;c__Clostridia;o__Lachnospirales;f__Lachnospiraceae;g__Eubacterium_F;s__Eubacterium_F sp003491505	0	0	0	11949	5992	8827	9515	0	0	0	5918	0	5569	0	15698	0	18684	8301	8583	8731	7041	0	23891	7224	12689	0	0	0	29159	0	4424	5917	28811	0	0	0	29532	0	14553	0	0	5616	0	0	0	0	0	0	0	6015	0	5994	0	5007	0	4647	0	9083	14443	0	16082	8461	0	6318	13933	36159	0	0	0	0	10814	0	5643	0	5904	35664	9559	0	16139	0	5993	0	14208	0	0	17166	0	10997	0	20746	6773	9750	10564	13307	7503	0	39166	0	17200	0	13633	46391	66470	9261	30155	0	10647	0	16723	0	0	0	11486	7247	6608	0	6733	0	36171	21145	7459	27710	0	13348	16615	20751	0	9190	0	24864	4497	8909	0	11723	0	16409	7401	0	0	0	12428	6143	6402	29343	33619	22419	5713	16818	5302	33676	7141	14505	0	6613	0	0	11682	8004
d__Bacteria;p__Bacillota_A;c__Clostridia;o__Lachnospirales;f__Lachnospiraceae;g__Eubacterium_F;s__Eubacterium_F sp900539115	0	4589	0	0	0	0	0	0	0	5448	0	0	0	25429	0	7718	0	0	0	8161	0	19627	7505	0	0	0	0	0	0	0	0	5246	0	0	4829	0	0	0	0	0	0	8935	0	0	0	0	5774	12458	0	0	0	0	0	9923	0	7386	0	7588	0	0	0	0	0	0	0	0	0	0	0	0	0	0	0	0	0	0	0	0	0	0	14228	0	0	0	0	0	0	0	0	0	0	5325	0	0	5411	0	0	0	0	0	0	0	0	13975	0	0	0	0	0	0	8798	10007	17648	5472	7412	11033	0	0	0	36028	0	0	0	0	0	0	0	0	0	0	0	0	0	5987	19266	0	5293	0	25260	0	0	0	76761	29111	0	0	0	9450	0	0	0	0	0	0	0	0	0	0
d__Bacteria;p__Bacillota_A;c__Clostridia;o__Lachnospirales;f__Lachnospiraceae;g__Eubacterium_G;s__Eubacterium_G segne	0	0	0	0	4121	0	0	4362	0	0	0	0	0	0	0	0	0	7482	4565	0	0	0	0	0	0	0	0	0	5162	0	0	0	6025	0	0	0	0	5153	0	0	0	0	0	0	0	0	0	4947	0	0	0	0	0	0	0	5193	0	4725	5172	0	5397	0	0	0	0	0	0	0	0	0	0	0	0	0	0	0	0	0	0	0	0	0	0	0	0	0	0	5959	0	0	0	0	5141	0	0	0	0	0	4950	0	0	0	0	5575	5137	0	4992	7809	5312	0	0	0	0	0	0	5942	9706	0	0	5045	0	7827	0	6493	0	0	0	0	0	0	0	0	5726	0	5864	0	0	0	4781	0	0	0	5166	0	0	0	0	0	0	0	0	0	0	7024	0	0	0	0
d__Bacteria;p__Bacillota_A;c__Clostridia;o__Lachnospirales;f__Lachnospiraceae;g__Eubacterium_G;s__Eubacterium_G sp000434315	0	0	0	0	5194	5719	0	0	0	0	0	0	0	0	0	8191	0	8147	0	4979	0	6844	0	0	6337	6116	0	0	0	0	0	9787	5938	0	0	0	4824	0	0	0	0	0	0	0	0	0	0	0	0	0	20889	5775	0	5828	0	0	0	0	0	0	7947	0	0	0	0	6588	0	0	0	0	5484	0	0	0	0	7015	0	0	0	0	0	0	0	0	7452	0	0	0	0	12972	0	6960	15271	5606	0	0	0	0	0	0	0	6520	0	6694	7862	15636	0	0	8729	0	0	5289	0	0	0	0	0	0	0	0	0	7512	0	0	0	9209	0	6844	0	0	0	5567	0	0	0	0	0	0	5666	0	0	0	0	0	0	0	0	0	0	11281	0	0	16318	13263	0	0	0	0
d__Bacteria;p__Bacillota_A;c__Clostridia;o__Lachnospirales;f__Lachnospiraceae;g__Eubacterium_G;s__Eubacterium_G sp000435815	0	0	0	5450	0	0	0	0	0	0	0	0	0	7956	6568	0	0	0	8939	0	0	0	0	0	10253	0	0	0	0	0	0	10466	0	0	0	0	0	0	0	0	0	8931	0	0	0	0	0	0	0	5694	0	0	0	6595	0	0	6977	6742	8416	0	0	0	0	0	0	5860	0	12542	0	0	9525	0	0	0	0	0	0	0	0	0	13709	0	0	18403	0	0	0	14357	0	0	0	0	6464	0	0	0	0	0	0	0	0	0	20174	0	0	0	5897	0	5723	0	0	0	5251	0	0	0	0	0	0	0	0	0	0	0	0	0	0	11134	0	0	0	0	0	0	0	0	0	0	0	0	0	0	0	0	0	0	0	8175	0	0	0	0	0	0	0	0	13412	0
d__Bacteria;p__Bacillota_A;c__Clostridia;o__Lachnospirales;f__Lachnospiraceae;g__Eubacterium_G;s__Eubacterium_G ventriosum	0	4236	8514	0	0	9324	0	0	0	0	6253	0	5374	0	0	8822	0	0	0	0	9266	0	6520	8022	0	0	0	0	5551	0	6083	0	0	0	0	0	0	5681	0	0	0	10913	8915	0	0	0	4568	0	0	0	0	0	0	0	6641	7578	0	7791	0	4422	0	34757	13850	0	5454	0	0	0	0	0	6047	0	6390	0	0	5812	0	5368	0	0	12988	7386	26409	0	13846	0	12560	26519	4602	0	5197	5860	6719	6092	4764	0	7283	0	0	25253	15712	13214	0	4451	0	9070	0	0	7830	0	0	5781	0	4641	4671	7216	0	5924	5188	10588	28449	0	7102	0	14636	9269	0	13306	4874	9433	0	0	7047	0	11192	0	4727	0	0	0	0	7384	5352	15611	5838	7329	0	0	0	8330	7963	0	0	0	0	9169	0	7526
d__Bacteria;p__Bacillota_A;c__Clostridia;o__Lachnospirales;f__Lachnospiraceae;g__Eubacterium_I;s__Eubacterium_I ramulus	0	6736	34993	0	7281	13200	0	0	0	0	0	0	0	0	8227	11317	0	0	0	11197	6810	0	0	9629	21485	13446	0	0	0	0	0	12889	0	0	0	10803	11872	0	0	0	11849	13094	27988	0	6161	0	0	0	0	17696	0	5893	0	6975	0	0	8698	5613	9000	0	7569	15994	0	28444	0	7842	7800	0	10001	0	27336	0	0	0	6691	6579	0	0	0	0	13648	0	9857	0	50314	0	0	11333	7323	0	6433	0	8444	0	0	0	0	0	8400	21475	16230	0	22694	6665	8366	11695	6650	0	8101	0	0	10574	7697	8424	0	14875	0	9809	0	9637	9588	12496	0	0	8100	0	7140	7694	7434	8458	0	0	6429	0	0	0	0	15222	8146	6921	0	0	8860	8906	6113	23063	6248	24554	0	0	8285	8857	11291	15979	27045	19861	26553	5993
d__Bacteria;p__Bacillota_A;c__Clostridia;o__Lachnospirales;f__Lachnospiraceae;g__Eubacterium_I;s__Eubacterium_I ramulus_A	0	6612	0	0	0	0	0	0	0	0	0	0	0	0	0	0	0	0	0	0	10221	0	0	0	0	7014	0	0	0	5792	5927	0	0	0	0	0	0	0	0	0	5554	0	0	0	0	0	0	0	24176	0	0	0	0	0	0	0	0	0	7889	0	0	0	0	0	0	0	0	0	0	0	0	0	0	0	0	0	0	0	0	0	0	0	0	0	0	16574	7412	0	9263	0	0	0	6173	0	0	0	0	0	0	9378	0	0	0	14766	0	0	0	0	6038	0	0	0	6613	6192	0	0	0	0	0	0	0	0	0	0	8617	0	5878	0	0	0	0	8617	0	12228	12933	0	0	0	0	0	0	0	0	13634	0	0	0	0	0	0	0	0	0	0	0	0	0	0
d__Bacteria;p__Bacillota_A;c__Clostridia;o__Lachnospirales;f__Lachnospiraceae;g__Faecalimonas;s__Faecalimonas sp029983955	0	7583	15752	0	0	0	8375	49532	15310	11591	0	0	0	0	0	0	0	0	22953	0	0	0	0	9623	0	0	0	0	0	34336	0	6342	0	0	0	0	0	5554	0	0	0	0	0	0	0	0	0	0	0	0	0	0	0	0	0	0	0	0	0	0	0	24762	0	0	0	0	0	0	0	0	0	0	0	0	5651	0	7615	0	0	0	0	8404	0	0	0	0	0	0	0	9418	0	0	0	0	26401	0	0	0	0	0	0	7700	0	0	0	7039	21520	0	0	149248	12939	7993	0	0	0	0	0	0	0	0	0	0	0	0	0	0	0	0	0	0	9768	6812	0	0	0	59340	23355	0	0	0	0	0	0	0	0	0	0	0	0	0	14966	6944	0	0	0	0	0	0
d__Bacteria;p__Bacillota_A;c__Clostridia;o__Lachnospirales;f__Lachnospiraceae;g__Frisingicoccus;s__Frisingicoccus sp900549105	0	0	0	0	0	0	0	0	0	0	0	0	17278	0	0	0	0	0	9090	0	0	0	0	0	0	0	0	0	0	0	0	0	0	0	0	0	0	0	0	0	0	10352	0	10972	0	8093	0	0	0	0	0	10516	0	0	0	0	0	0	0	0	0	0	0	0	0	0	0	0	0	0	0	51070	8249	39152	12556	26331	0	0	0	0	10874	8509	0	0	0	0	0	0	0	0	0	0	0	0	0	0	7371	0	0	11026	0	0	0	0	0	0	0	0	0	0	0	18500	0	0	0	0	0	0	0	0	0	0	41986	0	0	0	0	0	0	0	0	0	0	0	0	0	0	0	0	0	0	0	8776	0	0	0	0	0	0	0	0	0	0	0	0	0	0	0
d__Bacteria;p__Bacillota_A;c__Clostridia;o__Lachnospirales;f__Lachnospiraceae;g__Frisingicoccus;s__Frisingicoccus sp900757195	0	0	0	0	0	9600	0	0	0	0	0	0	0	11406	0	0	0	0	19377	0	0	0	0	0	0	0	7124	0	0	0	0	0	18653	0	0	0	0	0	0	0	0	0	6341	0	0	0	0	0	0	0	33907	0	0	0	0	0	0	0	0	0	10185	0	0	0	0	0	13607	0	0	0	0	0	0	0	0	0	0	0	31771	0	0	0	0	0	0	0	0	0	0	0	18873	0	0	0	0	7215	0	0	0	0	0	0	0	0	0	0	0	43288	0	21134	0	0	0	0	0	0	0	0	6176	0	0	0	0	0	0	0	84709	0	0	0	0	0	0	0	0	0	0	0	0	0	0	0	0	0	0	0	0	0	73157	0	0	0	0	0	0	0	27184	0
d__Bacteria;p__Bacillota_A;c__Clostridia;o__Lachnospirales;f__Lachnospiraceae;g__Fusicatenibacter;s__Fusicatenibacter saccharivorans	0	53799	57446	58875	18248	68538	379733	40040	103913	38020	8387	50189	11187	35155	102395	141314	55234	42077	0	84286	30335	15004	121607	17142	246284	57038	0	0	10341	24111	49890	140305	23777	0	17877	94581	16119	14770	61379	38332	14430	188302	26033	12988	15517	24542	92770	59156	36514	129253	18695	9818	0	74610	0	18598	16722	102000	74865	15747	0	225493	0	109926	362924	103798	0	42403	0	64604	170272	0	87740	12551	70591	25185	68455	8287	27408	106388	133044	0	59596	9198	132908	95110	73247	229963	13807	165494	178021	31855	98362	176924	26370	39471	140707	13080	65662	118005	221001	93998	350291	9232	38154	82766	50601	93163	111416	0	47334	139750	56855	20046	59002	242136	56740	92407	64523	130956	321786	111235	29065	174432	176346	262172	139476	127925	49985	235056	7653	27909	53917	149646	36128	68511	8573	0	64733	148813	0	326113	113994	156055	37131	136539	78411	123470	9317	136070	192811	57994	123990	162720	200337	286238	321674	37275
d__Bacteria;p__Bacillota_A;c__Clostridia;o__Lachnospirales;f__Lachnospiraceae;g__Gallintestinimicrobium;s__Gallintestinimicrobium propionicum	6410	6810	9932	6499	0	7249	0	0	0	0	0	0	10349	5194	8231	4999	8336	0	0	6368	6057	6772	7416	6497	29209	0	0	0	8484	0	0	5742	6350	0	0	0	0	6794	6520	6394	0	8267	0	6553	0	0	0	0	0	0	6792	0	0	7616	0	0	0	9246	6655	0	0	0	0	8643	109330	5330	6200	0	0	0	0	0	10288	0	0	6242	0	0	7506	9848	5815	0	6777	0	16461	12716	7652	13274	0	0	75345	6475	6947	0	0	0	0	0	31809	13486	0	6942	12509	5987	0	5599	9162	6658	11397	0	5672	0	6209	6600	6805	9583	6436	6276	0	9470	4782	9128	9742	0	10075	9195	0	13546	0	7900	5760	8389	0	0	0	7309	8938	0	0	0	0	0	6408	10520	0	30197	7188	7470	0	18846	0	7420	0	0	15455	0	7756	8606
d__Bacteria;p__Bacillota_A;c__Clostridia;o__Lachnospirales;f__Lachnospiraceae;g__Hominifimenecus;s__Hominifimenecus microfluidus	0	0	0	6081	0	5624	0	0	0	4971	5583	0	0	0	6175	4552	0	0	0	0	10585	0	0	0	0	0	0	0	0	0	0	0	0	0	0	0	0	0	0	0	0	0	0	0	0	0	0	5468	0	0	0	0	0	0	0	0	0	4899	0	0	0	0	0	0	0	0	0	0	0	0	0	0	0	0	0	0	6721	0	0	0	0	0	0	0	0	5675	0	0	0	0	0	0	6358	0	0	0	0	0	0	0	0	0	0	0	0	0	0	0	0	0	0	6118	0	4919	0	0	0	0	0	6350	0	0	0	0	4724	10245	0	5704	0	0	0	5384	6149	0	6568	0	0	0	0	0	0	0	0	0	6247	5933	0	5435	6481	0	0	0	0	7559	0	0	0	0
d__Bacteria;p__Bacillota_A;c__Clostridia;o__Lachnospirales;f__Lachnospiraceae;g__Hominisplanchenecus;s__Hominisplanchenecus faecis	0	7198	0	0	9040	23175	0	0	0	0	0	0	0	0	15426	4563	0	23399	0	21500	5050	9612	5009	0	143898	0	0	0	0	0	0	0	0	0	0	0	0	5834	8768	0	24361	18025	92286	0	0	0	0	18682	0	0	0	0	7134	9788	0	4878	4666	30877	11678	4347	0	0	0	0	19437	25233	0	0	0	72573	29442	0	0	9204	5679	0	0	0	0	0	4789	0	65588	0	31643	0	0	6835	0	0	0	22061	34346	0	0	0	0	0	0	0	8941	0	77512	0	13212	0	4725	0	15315	0	0	0	28867	8134	6099	26806	7161	8500	8369	31959	43668	0	0	0	31386	9958	0	14100	0	5583	0	0	0	16671	45868	9475	6336	0	35520	0	0	9269	0	44814	12577	0	6023	8785	0	28671	29646	12825	0	12104	0	42037	0	86321
d__Bacteria;p__Bacillota_A;c__Clostridia;o__Lachnospirales;f__Lachnospiraceae;g__Hominiventricola;s__Hominiventricola filiformis	0	0	0	0	0	0	0	0	0	4263	0	0	0	0	0	0	4883	0	3817	3762	4340	0	5429	0	0	0	0	0	0	0	0	0	4921	0	4466	0	0	0	0	0	0	0	0	0	0	0	0	4164	0	0	4819	0	0	0	0	5094	0	0	0	4553	0	4631	0	0	0	4703	0	3889	0	0	4995	0	4337	0	0	0	0	0	0	0	0	0	0	0	4589	0	0	0	0	0	0	5907	5167	0	0	0	5306	0	0	0	5082	6959	0	4261	7428	5450	0	0	0	0	0	5776	7016	4192	4390	0	0	27791	6276	6714	0	4822	4744	0	7345	0	0	4223	5573	0	0	0	4254	0	12584	0	4994	0	0	0	0	0	7830	7137	6595	0	0	0	0	0	0	0	0	8089	4656	0	0	0
d__Bacteria;p__Bacillota_A;c__Clostridia;o__Lachnospirales;f__Lachnospiraceae;g__Hominiventricola;s__Hominiventricola sp003480725	0	0	0	4709	0	0	0	0	0	0	0	0	0	0	0	0	0	0	0	0	4844	0	0	0	0	0	0	0	0	0	0	0	0	0	0	0	0	0	4628	0	0	0	0	0	0	0	0	0	0	0	0	0	0	0	0	4884	0	0	0	0	0	4801	0	0	7110	7822	0	0	0	0	5112	0	0	0	0	0	0	0	0	0	0	0	5970	6232	8850	0	0	0	0	0	0	7064	7128	5325	0	0	0	0	4578	0	4551	6257	5167	0	5225	5817	0	0	4726	0	0	5399	5940	0	0	0	0	10384	5259	5525	0	0	0	6914	5870	0	0	5180	5538	0	0	0	0	6179	5408	0	0	0	6063	0	0	0	5305	8489	6266	8089	0	0	0	8048	5617	5906	7724	13742	0	5016	0	0
d__Bacteria;p__Bacillota_A;c__Clostridia;o__Lachnospirales;f__Lachnospiraceae;g__Hungatella;s__Hungatella effluvii	0	0	0	0	0	0	0	159749	17002	0	0	14340	0	0	0	0	0	0	37153	0	0	0	0	0	0	0	0	0	0	14527	15772	0	0	0	0	0	0	0	0	0	0	0	0	0	0	0	0	0	0	0	0	0	0	0	0	0	25431	0	0	0	0	0	0	15168	0	0	0	0	0	0	0	0	0	47422	14830	0	0	0	0	0	0	0	0	0	0	0	0	0	0	0	0	0	0	0	17254	0	0	0	0	0	0	0	0	0	0	0	23497	0	0	120683	0	0	0	0	0	0	0	0	0	0	0	0	0	20594	0	0	0	0	0	0	15003	0	0	0	0	0	23251	0	0	70666	0	0	0	0	0	0	23640	0	0	0	0	0	0	0	0	0	0	0
d__Bacteria;p__Bacillota_A;c__Clostridia;o__Lachnospirales;f__Lachnospiraceae;g__JAGTTR01;s__JAGTTR01 sp018223385	0	0	5182	0	0	0	0	0	0	0	0	0	0	0	0	0	0	0	0	0	5343	0	0	0	0	4654	0	0	0	0	0	0	0	0	0	0	0	0	0	0	0	0	0	0	0	0	0	0	0	0	0	0	0	0	0	0	0	0	0	0	0	0	0	0	4381	0	0	0	0	0	0	0	0	0	0	0	0	0	0	0	0	0	7104	0	8360	0	0	6071	0	0	0	0	4717	0	0	0	0	0	0	0	4555	0	4979	0	0	0	0	0	0	0	0	0	0	0	0	0	0	0	0	5156	0	0	0	5370	0	5202	0	0	0	0	0	0	0	0	0	0	0	0	0	0	0	0	0	0	0	0	0	0	0	0	4614	4203	0	0	0	0	0	5139
d__Bacteria;p__Bacillota_A;c__Clostridia;o__Lachnospirales;f__Lachnospiraceae;g__JAGZHZ01;s__JAGZHZ01 sp018366495	0	0	0	0	0	0	0	0	0	0	0	0	0	0	0	0	26547	0	0	0	0	0	0	0	4864	0	0	0	0	0	0	0	0	0	5623	0	0	0	0	0	0	7915	0	0	6516	0	0	0	0	0	0	0	0	0	0	0	0	0	0	0	0	5567	0	0	0	0	0	0	0	0	0	0	0	0	0	0	12681	0	0	0	0	0	4697	0	0	0	0	5013	8101	0	0	0	0	0	0	0	8680	0	0	0	0	0	0	0	0	0	0	0	0	0	4525	0	0	0	0	0	0	0	0	0	0	0	0	0	0	0	14496	5167	0	0	0	0	0	0	8606	0	0	0	0	0	0	0	4787	0	0	0	0	0	0	0	0	0	0	0	0	0	0	5151
d__Bacteria;p__Bacillota_A;c__Clostridia;o__Lachnospirales;f__Lachnospiraceae;g__Jutongia;s__Jutongia sp003524945	0	0	0	0	0	0	0	0	0	0	0	0	0	0	18045	6455	0	0	0	0	0	0	6714	0	0	0	0	0	0	0	0	0	0	0	0	0	0	0	0	0	0	13344	0	0	0	0	0	0	5823	0	0	0	0	6238	0	0	0	0	0	0	0	0	0	0	0	0	0	0	0	0	0	0	0	0	0	7125	0	0	0	0	18977	0	0	0	0	0	0	0	0	0	0	0	0	0	0	0	0	0	0	0	0	0	0	0	6671	52857	0	0	0	0	0	0	41678	22290	0	0	0	0	0	0	0	0	0	0	0	0	0	0	0	7327	0	0	0	0	0	0	0	0	45245	0	0	0	0	0	51845	0	0	0	0	0	0	0	0	0	0	0	0	0
d__Bacteria;p__Bacillota_A;c__Clostridia;o__Lachnospirales;f__Lachnospiraceae;g__Lachnoclostridium_B;s__Lachnoclostridium_B acetigenes	0	0	0	6290	0	0	0	0	0	0	0	0	0	0	0	9512	15279	0	0	6196	0	0	0	0	0	12434	0	0	0	0	0	0	7948	0	0	0	0	0	10419	0	0	0	0	0	0	0	0	0	0	0	7951	0	0	0	0	0	5294	6574	0	0	0	0	0	0	0	0	0	0	0	0	0	0	0	0	0	12099	0	0	0	0	0	0	0	0	0	0	0	0	0	0	0	8143	0	0	0	0	0	0	8908	0	0	0	0	0	9125	0	0	0	0	0	0	8085	0	0	0	0	5084	5770	0	0	0	0	0	0	0	0	0	0	0	0	0	0	0	0	0	0	0	0	5669	0	0	0	0	0	0	0	0	14761	0	0	0	0	0	5977	0	0	0	0
d__Bacteria;p__Bacillota_A;c__Clostridia;o__Lachnospirales;f__Lachnospiraceae;g__Lachnoclostridium_B;s__Lachnoclostridium_B ammoniilytica	4513	4549	5030	0	4362	0	13679	4730	6924	0	4764	9236	9093	0	0	5501	0	0	4632	0	6870	6864	10595	4824	10689	7766	0	5603	0	4987	0	4935	4939	0	0	8749	0	4137	0	0	4654	6336	0	4589	5126	0	0	0	0	0	0	0	8935	4998	0	6581	0	0	0	0	0	4930	4629	7818	6921	0	0	0	0	0	9294	10485	0	0	0	6867	0	7010	0	0	5955	0	5096	0	9675	0	4880	7629	0	0	7674	0	0	0	0	0	6156	0	5844	8516	5763	17349	8375	5454	5017	4439	5056	0	4712	0	5773	6026	5362	5066	4597	0	4961	9046	0	0	4750	5267	6063	5533	6706	6530	6745	5198	5262	0	0	0	6027	0	5147	4887	0	0	4984	27560	5293	11552	5704	5364	0	5147	4889	0	0	9041	5456	4992	6012	6222	10082	0	0	5254
d__Bacteria;p__Bacillota_A;c__Clostridia;o__Lachnospirales;f__Lachnospiraceae;g__Lachnospira;s__Lachnospira eligens	5185	8404	36604	0	8668	7367	0	0	10482	8135	0	0	0	0	4765	4472	4024	10600	0	7430	4429	0	9656	0	0	5451	0	0	5893	0	4247	0	48849	0	0	4107	21824	4939	0	0	0	4592	0	7335	15019	0	0	8936	10931	0	0	5483	0	4340	0	10708	0	4105	4708	7188	0	8724	0	4423	14522	11396	5680	0	0	5078	4987	0	10334	0	0	0	5061	0	0	4530	5304	0	0	0	20639	61996	20870	5583	0	5343	77703	11614	19363	5408	4549	7556	9060	6508	5111	0	5822	21460	0	12584	11445	0	0	4875	14948	5423	27569	0	5300	0	6729	0	7243	5643	7469	11259	0	12607	5531	13631	34745	4373	4564	6035	53163	0	5711	14977	0	0	29548	0	0	0	42043	0	11326	7086	10408	0	14148	0	13842	8097	8155	12704	0	20156	74674	25128	0	0	0	5492
d__Bacteria;p__Bacillota_A;c__Clostridia;o__Lachnospirales;f__Lachnospiraceae;g__Lachnospira;s__Lachnospira hominis	0	0	0	0	0	4905	0	0	0	0	0	0	5641	0	0	0	0	0	0	0	0	0	6475	0	0	0	0	0	4691	0	0	0	5543	0	0	0	0	0	0	0	0	0	0	0	0	0	0	6605	0	0	0	0	0	0	0	0	0	0	0	0	5479	6679	0	0	0	5622	0	0	0	0	7573	0	6025	0	0	0	0	5367	0	0	0	0	0	0	0	6643	0	0	0	0	7542	0	0	0	0	5543	0	0	5151	0	0	0	8583	0	0	0	5314	0	5073	0	6932	0	9629	0	0	0	0	0	0	8066	0	0	0	9752	18815	0	0	6865	0	0	5064	0	5132	0	10806	0	0	0	10367	0	0	8181	7266	87531	8230	29018	9628	0	0	6269	6131	8229	0	12193	0	0	0	0
d__Bacteria;p__Bacillota_A;c__Clostridia;o__Lachnospirales;f__Lachnospiraceae;g__Lachnospira;s__Lachnospira pectinoschiza_A	0	0	41961	9459	0	7203	0	0	0	6504	0	0	0	5438	0	0	4921	7778	0	0	0	4936	0	0	0	6279	0	0	0	0	6142	0	58127	0	0	0	0	0	0	0	0	0	0	0	0	0	0	0	0	0	0	5042	0	5958	0	5665	0	0	9510	7436	8612	0	4740	5978	0	35096	0	19442	13620	0	28016	0	13336	0	0	0	0	0	0	4974	5886	0	18478	0	0	0	0	5101	0	0	30408	16977	15063	0	0	0	0	0	0	0	0	26405	0	21376	24712	12464	13575	4831	12966	5079	0	8965	0	11828	0	6349	17749	5723	0	6099	9235	15031	0	34894	134535	0	4650	17393	40023	5490	0	15150	0	9088	0	0	0	0	0	0	0	0	36309	0	54744	40101	0	0	0	0	11102	15713	8799	7242	0	0	0	5729
d__Bacteria;p__Bacillota_A;c__Clostridia;o__Lachnospirales;f__Lachnospiraceae;g__Lachnospira;s__Lachnospira sp000437735	0	5952	0	8871	5173	0	0	0	0	0	0	0	0	0	6601	0	0	0	0	0	0	7687	0	0	0	0	0	0	0	0	0	0	0	0	0	0	7017	0	0	0	0	0	0	0	0	0	0	5473	0	0	0	0	0	0	0	5732	0	0	5272	0	0	0	0	0	0	6926	0	0	0	5402	9856	0	0	5866	0	0	0	19776	0	0	11043	0	0	0	0	9763	0	0	0	0	25375	6829	17259	0	6217	0	0	0	0	0	35190	0	0	0	0	10791	0	0	4782	0	0	0	21244	6820	4688	5663	7831	7428	9063	5215	0	0	0	10688	0	0	0	12403	0	5066	5313	24882	0	0	0	0	0	0	0	0	17182	5228	0	15503	0	0	0	0	0	0	5937	0	0	6478	0	7008	0	6714
d__Bacteria;p__Bacillota_A;c__Clostridia;o__Lachnospirales;f__Lachnospiraceae;g__Limivivens;s__Limivivens faecihominis	0	8882	6529	6382	0	10460	0	0	0	0	0	0	0	6594	7826	8283	0	10353	0	7115	6162	0	6807	7082	0	6747	0	0	9657	6709	0	7412	0	0	6716	0	0	0	0	0	0	10487	0	0	5657	0	0	0	0	7799	0	0	0	9964	0	0	6815	0	0	7296	0	6534	0	8210	9661	7289	6232	0	0	0	7849	0	0	0	6869	0	7076	0	0	6334	6962	0	6089	0	6447	0	0	34857	0	0	7130	0	9653	0	0	0	0	0	0	8734	6263	0	11707	6810	6054	6929	7289	0	15424	0	9041	0	6367	10050	6394	15392	0	0	6899	13345	12035	8246	0	9690	13608	13638	8781	0	7136	7945	0	0	18927	7409	6499	6501	6016	0	7802	6447	0	11301	0	6714	8252	12502	7517	6985	0	10897	8734	13046	0	7853	6729	7624	0	7188
d__Bacteria;p__Bacillota_A;c__Clostridia;o__Lachnospirales;f__Lachnospiraceae;g__Limivivens;s__Limivivens sp905214955	0	0	8265	0	5385	5857	0	0	0	5316	0	0	0	0	0	0	0	0	0	5322	6946	5944	6968	6008	0	12314	0	0	0	5183	0	6178	5598	0	0	0	0	0	0	0	0	6526	0	0	0	0	0	5739	7563	0	0	0	5690	6195	0	0	0	0	6602	0	0	5656	0	0	0	0	0	0	0	0	7320	5379	0	0	5720	0	0	0	0	0	7037	0	8232	0	6070	0	11601	8351	0	0	0	5466	8059	5625	0	0	0	0	0	5296	0	6705	9607	5464	7350	0	0	0	5825	0	0	5105	7807	6651	0	0	0	5702	5515	7013	7041	0	0	0	0	6811	5447	6057	4806	5468	0	0	5836	4862	0	0	0	0	6942	4894	0	0	7234	9246	5966	11466	5872	0	0	11850	0	0	0	5943	0	0	0	7402
d__Bacteria;p__Bacillota_A;c__Clostridia;o__Lachnospirales;f__Lachnospiraceae;g__Limivivens;s__Limivivens sp934393555	0	0	8144	0	0	0	0	0	0	0	0	0	0	0	0	8549	0	8944	0	6305	0	0	0	0	13630	7214	0	0	0	0	0	0	0	0	0	0	0	0	0	9920	0	9587	0	0	0	0	0	6544	0	0	0	0	0	7895	0	6782	0	7034	0	0	0	0	0	0	18103	0	0	0	0	25748	6966	7395	0	0	0	0	0	0	0	0	17213	0	5468	0	8678	0	0	0	0	0	0	6632	6766	0	0	0	0	0	7528	0	0	0	11761	0	0	0	0	0	0	0	0	6188	0	0	7587	0	0	0	8259	6885	0	7205	0	0	0	8655	0	0	0	7550	0	0	0	0	0	0	0	0	0	0	0	8112	6982	0	0	9387	14143	0	0	0	0	0	0	7030	0	0	10967	0
d__Bacteria;p__Bacillota_A;c__Clostridia;o__Lachnospirales;f__Lachnospiraceae;g__Massilistercora;s__Massilistercora sp902406105	0	0	0	0	0	0	0	0	0	0	0	0	3313	3233	0	0	0	0	0	0	0	0	0	0	0	0	4026	0	0	0	0	0	0	0	0	0	0	0	0	3099	0	0	0	0	0	0	0	0	0	0	0	0	0	0	0	0	0	0	0	0	0	0	0	0	0	0	0	0	0	0	0	0	0	0	0	0	0	4073	3385	0	0	0	0	0	0	0	0	5489	11447	0	6814	0	0	0	0	0	0	4042	0	0	0	0	0	0	0	0	0	0	0	0	0	0	0	0	0	0	3136	0	0	0	0	0	3605	0	0	3212	0	0	0	3550	0	3244	0	0	0	0	0	0	0	0	3312	0	0	0	0	0	0	0	0	0	0	0	0	0	0	0	0	0
d__Bacteria;p__Bacillota_A;c__Clostridia;o__Lachnospirales;f__Lachnospiraceae;g__Massilistercora;s__Massilistercora timonensis	7253	0	0	0	6436	0	0	0	0	0	4695	0	0	0	0	0	0	0	9034	0	0	0	0	0	0	0	4520	0	0	0	5182	0	0	24573	0	9358	0	0	5031	0	0	0	0	0	6858	0	0	0	0	0	0	0	0	0	0	5636	0	4224	3926	0	0	0	0	0	0	0	5072	0	0	0	0	0	0	0	4007	26342	0	0	6298	8575	0	0	0	0	0	0	0	0	0	0	0	5550	0	0	47289	0	0	0	0	0	0	0	0	0	0	0	0	0	0	0	0	0	0	0	6271	0	0	5451	5071	0	0	0	7361	0	0	0	0	0	0	0	24239	0	0	0	0	0	6333	0	0	0	0	0	0	0	0	0	0	0	0	0	0	0	0	0	0	0	0	0
d__Bacteria;p__Bacillota_A;c__Clostridia;o__Lachnospirales;f__Lachnospiraceae;g__Mediterraneibacter;s__Mediterraneibacter faecis	8787	10712	9199	5741	6848	8304	0	0	0	5081	13593	0	0	22226	10044	34703	0	12686	5997	8259	18761	5492	6259	11482	105043	27974	7886	394125	6669	5895	17292	46889	31658	0	19773	11712	0	15064	11346	5922	38421	64843	89894	25042	0	15338	73319	35940	35400	0	25920	8587	38661	16817	0	13647	22479	293414	28752	14420	0	20568	25446	7098	18227	14195	0	70962	0	68473	65759	15202	11076	36362	15137	21591	20307	0	75080	39439	37981	0	37098	0	64790	22951	26987	63201	0	0	33385	11261	23227	0	10233	0	100888	42638	14471	62119	36377	35125	79527	43107	17313	6267	0	0	36352	0	23446	33196	6987	18717	24126	18795	19468	77759	0	5594	102947	0	13616	0	22878	47518	95147	25854	37069	0	6788	7209	19459	17178	0	17672	18106	0	12479	0	0	0	22775	22101	17635	23149	9938	63364	0	39956	37537	10836	69171	16684	226530	118258	11145	24270
d__Bacteria;p__Bacillota_A;c__Clostridia;o__Lachnospirales;f__Lachnospiraceae;g__Mediterraneibacter;s__Mediterraneibacter sp900541505	2947	0	0	0	0	0	0	3499	3889	0	0	0	0	3154	0	3055	5153	0	0	0	0	0	0	0	0	0	0	0	0	0	0	0	0	0	0	3990	0	0	0	0	0	0	0	0	4895	0	0	0	0	0	0	0	0	3075	0	0	0	2716	0	0	0	0	0	0	0	0	3125	7140	0	0	0	0	0	2985	0	0	0	0	4593	3472	0	0	0	0	0	0	0	0	0	2784	3909	0	0	2987	0	4932	0	0	0	0	0	0	0	0	0	0	0	0	0	5016	0	0	0	0	0	0	0	0	0	0	0	0	3296	0	0	0	0	0	0	0	0	0	0	0	0	0	0	0	0	0	0	0	0	0	0	0	0	0	0	0	0	0	0	0	0	0	3069	0
d__Bacteria;p__Bacillota_A;c__Clostridia;o__Lachnospirales;f__Lachnospiraceae;g__Mediterraneibacter;s__Mediterraneibacter sp934330165	0	20312	0	14535	7216	0	12329	0	0	6212	0	5179	0	10151	5824	0	0	0	0	0	0	8303	0	13717	0	23466	0	0	0	0	5279	0	0	0	0	0	0	15547	8924	0	0	0	0	0	0	0	16080	5654	0	19351	0	4736	28221	6343	0	19326	0	0	20412	10567	0	0	0	22682	0	0	0	0	0	0	0	0	10232	0	0	0	0	0	6641	18756	0	0	15909	0	0	0	0	0	0	0	0	0	14468	0	4772	0	48771	0	27885	0	13636	29284	0	0	0	0	0	0	11691	0	0	13669	5868	8569	0	0	12673	11803	0	0	0	0	0	0	6147	16053	5268	7321	17375	0	0	0	0	0	0	0	0	0	6505	48232	15061	0	0	0	13275	0	0	0	0	43068	0	6828	0	6613	0	0	0	0
d__Bacteria;p__Bacillota_A;c__Clostridia;o__Lachnospirales;f__Lachnospiraceae;g__Mediterraneibacter;s__Mediterraneibacter torques	6546	0	39788	16166	12855	5164	0	19011	5251	0	13620	28887	13372	9850	8152	15581	67117	18440	62665	0	22672	22982	0	9008	36863	14781	37126	18295	6750	21051	8101	8013	9595	6487	0	7423	26868	5181	0	0	17188	8222	16444	9061	22456	7412	21785	13566	13011	9832	62543	7229	30885	6787	0	25270	15004	100215	4763	14897	10782	36805	9455	0	0	7685	17698	0	26607	0	68118	83246	21107	48560	17792	33645	32776	167973	19806	6350	0	20896	0	0	51217	44947	10139	8995	45822	30654	31157	5817	0	82656	22519	52315	29934	18959	48926	43635	24377	0	0	0	5807	9833	9496	17748	6500	7037	5310	45869	0	7790	8886	0	6569	7397	7315	0	0	69195	116069	23461	0	8130	28719	10815	0	0	9214	83708	37638	10524	47030	15456	11487	78692	0	49497	12278	0	15840	0	6371	24952	15987	31868	59873	0	17613	0	0	10861	33473	9939	69550	0
d__Bacteria;p__Bacillota_A;c__Clostridia;o__Lachnospirales;f__Lachnospiraceae;g__Mediterraneibacter_A;s__Mediterraneibacter_A butyricigenes	0	0	0	0	0	0	0	9384	0	0	0	0	5873	0	0	0	0	0	0	0	0	0	4980	0	4697	0	0	0	0	0	0	0	0	0	0	0	0	0	0	0	0	5794	6866	0	0	0	5802	0	0	0	0	0	5498	0	0	0	0	0	0	0	0	0	0	5355	0	0	0	0	0	0	6091	0	0	0	0	0	0	0	0	0	0	0	0	0	5720	0	0	5695	5078	0	0	0	0	0	4807	0	0	0	0	0	0	5322	5525	0	0	0	0	4826	0	0	0	4627	0	0	5396	0	6309	0	0	0	0	0	0	0	0	5168	5339	0	0	0	0	0	5990	0	4827	0	0	6014	0	6274	0	0	0	0	0	4853	5077	0	5116	0	0	0	0	4809	0	0	0	0
d__Bacteria;p__Bacillota_A;c__Clostridia;o__Lachnospirales;f__Lachnospiraceae;g__Muricoprocola;s__Muricoprocola aceti	0	0	0	0	0	0	0	0	0	0	0	0	0	0	0	0	0	0	0	0	0	0	0	0	0	0	0	0	0	0	0	0	0	0	0	0	0	0	0	0	0	6254	0	0	0	0	0	6461	0	0	0	0	7595	7266	0	0	0	0	0	0	0	0	0	0	0	0	0	0	0	6718	0	0	0	0	0	0	0	0	0	0	7926	0	0	0	0	0	0	0	0	0	0	0	7881	0	0	0	0	0	8007	0	0	0	0	0	0	0	0	0	10262	0	0	0	9754	9131	0	0	0	0	5988	5807	0	0	0	0	6453	0	5677	0	0	0	0	0	0	0	0	0	0	0	6897	0	0	0	0	0	0	0	6645	7029	0	7608	0	0	0	0	0	0	0	0
d__Bacteria;p__Bacillota_A;c__Clostridia;o__Lachnospirales;f__Lachnospiraceae;g__Muricoprocola;s__Muricoprocola shaoxingensis	0	0	0	10658	0	0	0	0	0	0	0	0	0	0	0	6837	0	0	0	10878	5291	0	0	0	12862	0	0	0	0	0	0	0	0	0	0	0	0	0	0	0	0	0	0	0	0	0	0	0	0	0	0	5373	0	0	0	0	0	0	0	0	0	0	0	0	0	0	0	0	0	0	0	0	0	0	0	0	0	0	0	0	0	0	0	0	0	11905	0	5548	0	0	0	0	14919	0	0	0	0	0	0	0	0	0	0	0	0	0	0	0	0	0	0	0	6873	7813	0	4942	0	0	0	5844	0	0	0	0	0	0	0	0	0	0	0	0	0	0	0	0	0	0	17588	0	0	0	0	0	0	0	0	0	0	0	0	0	0	6697	0	0	0	0
d__Bacteria;p__Bacillota_A;c__Clostridia;o__Lachnospirales;f__Lachnospiraceae;g__Oliverpabstia;s__Oliverpabstia faecicola	0	0	0	0	0	0	0	0	0	0	0	0	0	0	6799	0	31369	0	0	0	0	0	0	6984	0	0	0	0	6410	0	0	0	0	0	0	0	0	0	0	0	0	0	0	0	0	0	0	0	0	0	0	0	0	0	0	0	0	5974	0	0	0	0	0	0	0	0	0	0	0	6632	0	0	0	21390	0	0	0	0	0	0	0	0	0	0	0	0	0	0	0	0	0	0	0	0	0	0	0	0	13040	0	0	0	0	0	0	0	0	0	0	0	0	0	7151	12794	0	0	0	11434	5407	0	0	0	0	9263	0	0	0	0	0	0	0	0	0	0	0	0	5487	0	0	0	0	0	0	0	0	0	0	0	0	0	0	0	0	0	0	15750	0	0
d__Bacteria;p__Bacillota_A;c__Clostridia;o__Lachnospirales;f__Lachnospiraceae;g__Oliverpabstia;s__Oliverpabstia intestinalis	6218	10672	15985	11571	0	11194	63310	0	0	0	9272	15118	94086	16866	0	19831	0	10557	0	7530	5780	0	0	29944	25781	43439	0	0	6110	6312	0	14974	18898	0	0	0	18462	5668	11024	0	18257	46076	42351	10435	0	6930	54886	12037	5764	22730	138976	9253	9825	11000	0	18394	4913	0	0	6101	0	43957	0	22125	0	20985	14742	5717	0	8705	26056	10407	22950	0	16530	16742	7649	0	0	0	24427	0	17380	0	137518	30453	24143	19798	22685	0	0	18283	14778	0	0	0	0	24213	5758	97306	13452	26492	41063	0	6521	0	14206	0	11839	0	6130	48939	11852	12165	13754	5197	0	9211	14615	16008	44731	31164	20021	16744	80516	46053	54411	20613	0	19297	0	0	5325	11689	0	11637	0	0	12835	30151	0	40495	26168	0	11695	117817	24547	11795	0	22083	25819	12750	0	17485	59511	0	0	12787
d__Bacteria;p__Bacillota_A;c__Clostridia;o__Lachnospirales;f__Lachnospiraceae;g__Otoolea;s__Otoolea fessa	0	0	7305	7762	5907	6358	0	4354	0	0	0	0	0	5336	0	0	0	0	0	6241	4707	6356	4565	0	5772	5409	0	0	4364	0	0	0	5390	0	0	0	9670	4866	0	4708	0	0	23341	7847	0	0	0	13433	4521	5189	4990	0	0	5080	0	5776	0	5333	0	4523	0	12921	0	6357	19480	9083	0	0	0	0	14377	0	6286	0	0	6860	0	0	0	0	5338	0	14422	0	25145	0	0	5821	4820	0	10181	6418	7566	6079	0	0	7505	0	7814	13309	16580	10145	17237	0	7144	7615	6907	0	8319	0	6796	5064	8295	7087	4960	5634	7228	5233	18382	11286	12019	4830	8977	17338	14137	0	5739	5700	9620	4297	0	15897	0	6635	21538	0	0	0	5496	0	11119	10125	21066	15116	7892	12533	7158	11853	0	0	26928	10301	0	8717	26813	18106	0	7210
d__Bacteria;p__Bacillota_A;c__Clostridia;o__Lachnospirales;f__Lachnospiraceae;g__Otoolea;s__Otoolea symbiosa	0	0	0	0	0	0	0	11836	9274	0	0	0	9161	0	0	0	0	0	0	0	0	0	0	0	0	0	0	0	0	9944	0	0	0	0	0	0	0	0	0	9378	0	0	0	0	0	0	0	0	0	0	0	0	0	0	0	0	0	0	0	0	0	0	0	10583	0	0	0	0	0	0	0	0	0	9002	0	0	0	0	0	0	0	9732	0	37025	0	0	0	0	10782	8592	0	0	0	0	0	0	0	0	0	0	0	0	0	0	0	9041	0	0	0	14521	0	0	0	0	0	0	0	0	0	0	0	0	0	0	0	0	0	0	0	0	0	0	8180	0	0	9119	0	0	0	11793	0	0	0	0	0	0	0	0	0	10980	0	0	0	0	0	0	0	0
d__Bacteria;p__Bacillota_A;c__Clostridia;o__Lachnospirales;f__Lachnospiraceae;g__Pararoseburia;s__Pararoseburia lenta	0	0	0	0	0	0	0	0	0	0	0	0	0	0	0	0	0	0	0	0	0	0	0	0	0	0	0	0	0	0	0	0	0	0	0	0	0	0	0	0	0	0	0	0	0	0	0	0	0	0	0	0	0	0	0	0	0	0	0	0	0	0	0	0	0	0	0	0	0	0	8891	0	0	0	0	5075	0	0	0	0	5836	0	0	0	9920	0	0	0	0	0	0	0	13635	0	0	0	0	0	0	0	0	0	0	0	6254	7429	0	0	0	0	0	0	10619	6227	0	0	0	5064	5522	0	0	0	0	0	18875	7038	0	0	0	0	0	0	0	0	0	0	0	0	0	0	0	0	6068	0	0	52304	6156	8327	0	0	0	0	17836	7765	0	0	0	0
d__Bacteria;p__Bacillota_A;c__Clostridia;o__Lachnospirales;f__Lachnospiraceae;g__Pseudolachnospira;s__Pseudolachnospira sp022867805	0	0	2535	0	0	0	0	0	0	0	0	0	0	2829	2831	0	2452	0	0	0	0	0	0	0	0	2448	0	0	0	0	0	0	0	0	2624	0	5735	0	0	0	0	2472	2877	0	0	0	9628	0	0	2481	3270	0	0	2509	0	0	0	2642	2765	0	0	0	0	2864	0	0	2497	0	3958	0	0	0	0	4868	3191	0	2379	0	0	0	0	0	0	0	2584	0	0	6729	2618	0	0	0	0	3084	0	0	8201	3765	0	0	0	0	0	0	0	0	0	3492	0	0	0	0	0	0	0	0	0	0	0	0	0	0	0	0	0	0	3143	2448	0	4894	0	0	0	0	0	2554	0	0	0	0	2604	0	0	0	0	0	0	0	2747	0	5102	0	2712	0	0	0	8199	2559
d__Bacteria;p__Bacillota_A;c__Clostridia;o__Lachnospirales;f__Lachnospiraceae;g__Roseburia;s__Roseburia hominis	0	8286	9419	9027	9261	0	0	11496	6478	6511	0	7014	10707	0	7591	5777	9186	7809	0	0	7728	7052	7910	6423	0	17587	0	10184	10894	10143	7302	8783	11288	0	0	8002	75682	7300	7891	0	0	6104	0	7415	7664	6045	0	8156	0	14134	0	0	0	16363	0	5468	0	0	8164	5570	7523	10899	0	6444	35616	29818	11760	0	0	0	8907	9704	8447	6132	7815	7760	0	0	21677	40415	5858	0	5751	0	21600	12893	7582	0	0	13610	53995	10246	9855	12987	8134	9083	6608	0	42320	0	9912	20991	22955	0	6047	29212	8420	7228	16832	9155	26831	9040	11050	8738	8059	0	5555	10434	11287	31627	0	16334	0	36238	66756	6661	13046	0	8281	7552	11413	24466	7161	14518	0	10188	7625	19695	58066	8611	0	6638	14901	7041	0	38006	12121	25790	9339	16508	8326	25736	0	7331	7657	0	8554	0
d__Bacteria;p__Bacillota_A;c__Clostridia;o__Lachnospirales;f__Lachnospiraceae;g__Roseburia;s__Roseburia intestinalis	0	10957	9943	6174	9131	9720	0	0	0	0	0	7811	0	17414	18683	8882	19637	0	0	0	0	0	0	0	0	8692	0	0	0	0	15805	0	9318	0	0	10976	0	0	7242	10981	7382	15081	47188	7526	0	0	9458	8171	0	10353	0	8150	8071	7124	0	6965	0	6220	11640	0	0	0	0	13976	0	40562	0	0	0	6650	61121	0	7792	7638	0	0	6058	0	0	0	0	0	0	0	0	10629	208971	17007	0	7927	8941	0	66060	18151	0	0	57660	0	0	14623	0	131341	0	8927	0	10146	8472	13735	45573	0	10375	9751	46641	0	10544	0	0	9992	0	133111	215283	34746	0	0	0	19356	0	10238	99242	0	0	83272	0	11292	27536	10226	6626	0	46105	7632	0	0	19099	59206	32325	22716	22097	67791	0	244445	43652	36301	83952	7894	0	0	26864	12749
d__Bacteria;p__Bacillota_A;c__Clostridia;o__Lachnospirales;f__Lachnospiraceae;g__Roseburia;s__Roseburia inulinivorans	6889	6973	55960	26357	0	7638	9106	0	0	0	0	7297	6618	12737	12769	8886	0	8549	0	6911	6046	7837	0	0	6400	9411	0	0	0	6667	0	0	6834	0	0	0	0	0	0	0	7921	8849	6738	0	0	0	0	10350	0	6558	0	0	0	7374	0	9152	0	0	11608	7991	0	33078	5954	20498	7281	15837	10293	0	0	6057	14632	9069	7416	0	0	11073	0	0	6084	6855	29990	0	19106	0	0	6647	7925	21768	0	0	0	7349	8366	0	0	0	13163	0	0	6086	0	59394	0	16084	21348	17862	0	26725	10915	0	0	12761	35919	16046	0	0	0	32756	0	9458	0	0	5904	7407	33249	7373	0	7747	40054	8079	0	41781	6400	7154	11999	29603	8060	7792	8175	0	0	6705	13610	0	8258	8385	0	13559	0	56225	12384	9896	0	36188	18554	0	8925	0
d__Bacteria;p__Bacillota_A;c__Clostridia;o__Lachnospirales;f__Lachnospiraceae;g__Roseburia_B;s__Roseburia_B zhanii	0	0	0	5626	0	0	0	0	0	0	0	0	0	0	0	0	0	0	0	0	0	0	0	0	0	0	0	0	0	0	0	0	0	0	0	0	0	0	0	0	0	0	0	0	0	0	0	0	0	0	0	0	0	0	0	0	0	0	0	0	0	0	0	0	0	4661	0	0	0	0	6169	0	0	0	0	0	0	0	0	0	13819	0	7637	0	8918	0	0	0	0	0	0	0	0	0	0	0	0	0	0	0	0	9083	0	0	0	5654	0	0	0	0	0	0	4816	0	0	0	0	5581	0	0	4594	6937	0	0	5099	6470	0	0	0	0	0	0	0	4522	0	0	0	0	5311	0	0	0	0	5080	6644	0	0	0	0	5758	0	6175	0	7258	0	0	0	0
d__Bacteria;p__Bacillota_A;c__Clostridia;o__Lachnospirales;f__Lachnospiraceae;g__Roseburia_C;s__Roseburia_C amylophila	0	0	5947	35957	0	19393	0	4930	0	0	0	0	6080	0	9711	71389	0	34974	0	0	0	6063	0	8884	0	7698	0	0	0	0	13469	0	0	0	0	0	4511	0	5632	0	0	10264	0	0	0	0	0	25965	0	0	0	0	0	0	49911	6054	0	0	0	0	0	0	0	5798	0	0	0	0	0	0	0	5936	0	0	5825	0	0	0	0	6558	0	0	0	0	6266	46110	0	0	0	0	0	0	0	37928	0	0	17099	18581	4653	0	0	21825	19675	0	0	46324	0	0	0	28411	0	5723	21505	0	0	0	0	26177	4817	0	0	0	0	0	43456	9685	0	12125	0	7991	4264	0	0	3513	20064	8428	0	0	11152	0	0	4311	0	0	0	15298	6424	7559	5757	0	0	0	66320	6510	0	0	5122	0
d__Bacteria;p__Bacillota_A;c__Clostridia;o__Lachnospirales;f__Lachnospiraceae;g__Roseburia_D;s__Roseburia_D yibonii	0	6821	0	0	6234	0	0	0	0	9060	0	0	0	0	0	0	0	0	0	0	0	0	0	0	0	0	0	0	0	0	0	0	0	0	0	0	0	0	0	0	0	6081	0	0	0	8747	0	0	0	0	0	0	0	0	0	0	0	0	0	0	0	0	0	0	0	0	0	0	0	0	0	0	0	0	0	0	0	0	0	0	5379	0	0	17950	0	0	0	0	0	0	0	9489	7083	0	0	0	0	0	5604	0	0	0	0	0	0	0	0	0	8035	0	0	0	24449	0	11165	5896	0	10133	0	9825	0	0	0	0	0	0	11585	7999	0	0	0	7391	0	7758	0	0	6985	0	10678	0	0	0	0	0	12506	0	0	9850	0	0	0	0	0	19308	0	0	0	0
d__Bacteria;p__Bacillota_A;c__Clostridia;o__Lachnospirales;f__Lachnospiraceae;g__Ruminococcus_B;s__Ruminococcus_B gnavus	0	0	10591	0	0	0	99742	0	0	0	0	0	62295	15590	6840	0	7267	0	269766	0	40476	0	0	0	8190	5206	0	6542	0	0	7522	8769	0	0	0	0	18115	0	0	5727	7626	0	60550	0	0	5483	6244	0	0	5887	155015	0	0	0	50357	0	0	0	0	0	0	7047	0	0	0	0	14627	23462	30647	0	0	5801	0	7375	0	0	5902	8512	0	6558	0	17114	5894	271472	0	0	0	0	10196	58300	0	0	0	11243	0	6776	0	0	0	48222	0	0	6387	5436	0	9617	0	0	0	6904	0	0	0	0	0	0	0	0	0	0	7194	9909	0	7502	0	0	0	0	0	0	0	6997	109448	9026	0	13708	0	65170	0	0	0	3964	0	0	0	0	0	0	0	0	7805	0	14599	0	6780	7097	0	0
d__Bacteria;p__Bacillota_A;c__Clostridia;o__Lachnospirales;f__Lachnospiraceae;g__Scatomonas;s__Scatomonas hejianensis	0	0	0	0	0	0	0	8132	6972	0	8119	0	0	6710	0	0	6608	0	0	0	8681	0	0	0	0	6314	0	7626	0	7993	0	0	0	0	7358	6462	0	0	0	0	0	6954	0	0	0	0	8001	0	0	0	0	0	0	0	0	9153	0	0	0	0	0	0	0	0	0	0	0	0	0	0	7324	0	0	8312	0	9273	0	0	0	0	0	0	0	0	7531	7458	0	0	7614	8296	0	0	0	0	0	0	0	7889	0	0	0	0	0	0	0	0	0	7535	0	0	0	0	0	0	0	0	0	0	0	0	0	0	0	0	0	0	7665	0	0	7370	0	0	0	0	0	0	0	0	0	9122	7886	0	0	0	0	0	0	0	0	0	0	0	0	0	0	0	0	0
d__Bacteria;p__Bacillota_A;c__Clostridia;o__Lachnospirales;f__Lachnospiraceae;g__Scatomonas;s__Scatomonas merdavium	0	0	0	0	0	0	0	3187	0	0	3461	0	0	0	0	0	3338	3406	5034	0	0	0	0	0	0	0	0	3514	3424	0	0	0	0	6092	0	0	0	0	0	0	3206	0	0	0	0	0	0	0	4925	0	4243	0	0	0	0	0	0	0	0	0	0	0	4285	0	0	0	0	0	3167	0	0	0	0	0	0	0	0	0	3298	3461	0	4182	0	0	0	0	0	0	0	0	0	0	0	0	3542	0	0	0	0	0	0	0	0	4607	0	0	0	0	0	0	3305	0	0	0	3412	0	0	0	0	0	0	0	0	0	0	0	0	0	0	0	0	0	0	0	0	3483	0	0	0	0	0	0	0	0	0	0	0	0	0	0	0	0	3328	0	0	0	0	0
d__Bacteria;p__Bacillota_A;c__Clostridia;o__Lachnospirales;f__Lachnospiraceae;g__Schaedlerella;s__Schaedlerella glycyrrhizinilytica_A	0	0	0	0	0	0	8145	6903	0	0	0	0	5776	0	0	0	6927	0	5776	0	0	5154	0	0	7240	5409	0	6682	0	0	0	0	0	0	0	6077	7617	0	0	0	0	0	18034	0	6269	0	6637	0	0	0	9425	0	0	0	39754	5058	0	0	0	0	5738	0	0	0	5772	0	6024	0	7246	0	0	8954	0	0	0	6673	0	5823	6224	0	0	7799	0	0	5943	0	0	6618	7505	12416	0	0	0	5366	0	0	5633	0	0	8801	0	6078	0	5304	0	0	0	0	0	0	0	5893	0	0	0	0	0	0	0	0	0	5330	0	0	0	0	5250	0	5235	0	0	0	0	0	0	0	0	5909	0	6443	5127	6437	0	0	0	0	0	0	0	0	0	0	5914	0	0	0	0	5910
d__Bacteria;p__Bacillota_A;c__Clostridia;o__Lachnospirales;f__Lachnospiraceae;g__Schaedlerella;s__Schaedlerella hominis	0	7406	0	0	0	0	0	0	0	0	0	0	0	0	0	0	0	0	0	0	0	0	0	0	0	0	0	0	0	0	0	0	0	0	0	0	0	0	0	0	5328	0	0	0	0	0	0	0	6140	0	0	0	0	0	0	0	0	0	7131	0	0	0	0	0	0	0	0	0	0	0	11199	0	0	0	0	0	0	0	0	0	5958	0	0	0	0	0	0	0	0	0	0	6303	13731	0	0	0	0	0	0	0	0	0	9195	0	6640	0	0	0	8036	0	0	0	0	8510	6476	6187	0	0	6842	0	0	0	0	0	0	4760	0	0	0	0	0	0	0	6128	0	0	0	0	0	0	0	0	0	0	0	0	0	0	0	0	6820	0	0	0	0	0	0	0
d__Bacteria;p__Bacillota_A;c__Clostridia;o__Lachnospirales;f__Lachnospiraceae;g__Sellimonas;s__Sellimonas intestinalis	0	9105	0	0	10103	0	58422	27569	0	0	0	108643	7516	6043	0	0	43026	0	0	0	0	7400	0	0	0	0	0	34243	0	0	0	17514	6322	0	8168	14632	6628	0	0	5681	0	0	0	0	0	0	19481	0	6703	0	0	0	0	0	0	0	0	0	9244	0	0	0	0	0	0	0	10136	0	6519	0	0	0	0	10780	0	0	6268	12696	9892	23244	0	0	0	0	0	0	0	0	0	6518	39710	0	0	9832	0	9693	0	0	0	0	0	0	0	0	0	0	0	0	0	0	0	0	0	0	0	0	0	0	0	0	0	0	0	0	0	0	0	0	0	0	0	7092	0	0	6087	0	7368	0	0	0	9576	0	0	7087	0	0	0	0	0	0	0	0	0	0	0	0	0	0
d__Bacteria;p__Bacillota_A;c__Clostridia;o__Lachnospirales;f__Lachnospiraceae;g__UBA3402;s__UBA3402 sp003478355	0	0	0	5626	0	0	0	0	0	0	0	0	0	0	7766	0	0	0	0	0	0	0	0	0	0	0	0	0	0	0	0	0	7821	0	0	0	0	0	0	0	0	0	0	0	0	0	0	0	6090	0	0	0	0	0	0	0	0	0	0	0	0	0	0	0	0	6263	0	0	0	0	0	0	5897	0	0	0	0	0	0	0	0	0	7319	0	0	0	0	0	0	0	7265	6538	5418	0	0	0	0	0	6462	0	0	5707	0	0	0	0	0	0	5037	0	0	0	6667	6433	10211	0	0	9211	8512	7805	6235	0	0	13949	6476	0	0	0	6187	0	0	0	0	0	8234	0	0	0	6890	0	0	0	5817	45960	6746	10238	0	0	0	6710	0	6952	0	6245	0	0	0	0
d__Bacteria;p__Bacillota_A;c__Clostridia;o__Lachnospirales;f__Lachnospiraceae;g__UBA4285;s__UBA4285 sp900545225	0	0	0	3128	3169	2771	0	0	0	0	5298	0	0	0	0	0	0	0	0	0	0	0	0	0	4413	0	7537	0	0	5540	0	8359	0	0	0	0	0	0	2684	0	0	0	0	0	0	0	0	0	0	3638	0	3070	0	0	0	0	0	0	0	0	0	0	0	0	0	0	4450	0	0	0	0	0	0	6805	3374	0	0	0	0	0	0	0	0	0	0	0	0	0	0	0	0	0	2852	0	0	0	0	0	0	0	0	0	7292	0	2714	0	0	0	0	0	0	0	0	0	3364	2762	0	0	0	0	0	0	0	0	0	0	0	0	0	0	0	0	0	0	0	6316	2721	0	3165	0	0	0	0	0	0	0	5765	0	0	0	0	0	0	3487	0	0	0	0
d__Bacteria;p__Bacillota_A;c__Clostridia;o__Lachnospirales;f__Lachnospiraceae;g__UBA11774;s__UBA11774 sp003507655	6157	32032	0	19382	11990	7497	0	6229	0	7324	12281	12294	0	0	6842	9526	5218	21282	12318	9896	6447	6847	14451	5396	5115	10186	8385	47925	18114	10177	0	13890	10346	48639	8873	7846	0	12709	11441	0	21524	57632	0	6974	9095	26682	15695	12780	14406	10548	0	11396	16713	8645	0	5390	5668	6508	23901	0	10474	4937	0	16194	7261	0	0	0	0	0	8676	18108	6998	5033	9281	28243	12389	0	9135	37193	17806	0	0	0	0	0	0	11444	0	8622	21086	6682	29901	26285	18425	5416	7764	20776	16784	0	6755	7455	0	33386	10966	15481	6033	15176	85875	0	15832	17646	25919	36766	17816	5892	7086	5803	15334	22445	0	12695	5917	34959	5168	9779	33856	8064	0	6218	9698	7841	9115	36823	13112	15826	7330	0	35568	72306	0	6743	11350	5928	12273	0	23708	9939	21864	0	30878	31644	0	7515	0	0	8348	9963
d__Bacteria;p__Bacillota_A;c__Clostridia;o__Lachnospirales;f__Lachnospiraceae;g__V9D3004;s__V9D3004 sp900760345	0	0	0	0	0	5473	0	0	0	5152	0	0	0	0	0	0	0	0	0	0	0	0	0	0	0	0	0	0	0	0	0	4569	17553	5698	0	0	0	5337	4892	8301	0	6734	0	0	0	0	0	0	0	0	0	5351	0	9463	0	7978	12548	5822	0	0	17531	0	0	0	0	0	0	0	0	0	6034	0	7377	0	0	6404	0	0	0	0	10416	0	0	0	0	0	0	0	0	10121	8164	0	6089	33787	0	0	0	0	20301	0	0	0	0	10601	0	0	0	0	5234	0	0	0	21129	14675	0	0	0	5546	0	0	0	0	0	0	0	0	0	0	0	0	0	0	0	0	7322	5392	0	0	0	0	0	6417	21302	0	0	0	4935	0	0	0	0	0	0	11064	0	0	0	0
d__Bacteria;p__Bacillota_A;c__Clostridia;o__Lachnospirales;f__Lachnospiraceae;g__Ventrisoma;s__Ventrisoma faecale	0	0	0	0	0	0	0	0	0	0	0	6416	7262	5907	0	0	9923	0	0	0	0	0	0	0	0	0	0	6778	0	0	0	0	0	0	0	0	0	0	9146	0	0	0	0	0	9174	0	0	0	0	0	0	0	0	0	0	0	0	0	0	0	0	0	0	0	0	0	0	0	0	0	0	0	0	8430	0	0	0	18874	8078	18139	7121	10156	0	0	0	0	0	0	0	6437	6344	0	0	0	0	16422	0	7735	0	0	0	0	0	0	0	0	0	0	0	0	0	0	0	0	0	0	0	14392	0	0	0	0	0	6848	0	0	0	0	0	0	0	0	0	0	0	0	0	0	0	0	7419	0	0	0	0	0	0	0	0	0	0	0	7261	0	0	0	0	0
d__Bacteria;p__Bacillota_A;c__Clostridia;o__Lachnospirales;f__Lachnospiraceae;g__Wujia;s__Wujia chipingensis	0	23279	0	0	5314	43934	0	0	0	0	11804	0	0	0	0	0	0	31097	0	0	0	12502	0	0	3974	0	0	0	0	20209	0	0	0	0	5013	0	0	0	0	11739	0	20258	0	0	0	0	0	0	0	5847	0	0	0	0	0	0	0	0	0	0	0	0	0	0	0	0	0	0	0	0	0	0	0	0	0	0	0	0	0	0	45663	0	0	0	0	0	0	0	0	0	0	0	0	0	0	0	0	0	0	0	0	0	0	0	8308	156233	0	46429	23214	0	0	0	21265	5056	15749	0	0	10390	0	0	0	0	0	21621	0	0	0	21447	0	11659	0	0	0	0	0	0	22676	0	0	0	0	0	28089	0	37180	0	0	0	0	0	0	0	0	6892	0	0	0	0
d__Bacteria;p__Bacillota_A;c__Clostridia;o__Monoglobales;f__Monoglobaceae;g__Monoglobus;s__Monoglobus pectinilyticus	0	0	6726	6499	8408	0	11762	0	5443	0	14717	4280	25726	12665	4990	13386	13273	0	0	0	58102	0	0	0	0	5306	0	12723	0	0	6544	11793	0	0	13767	0	0	0	28666	5706	0	14533	0	0	12693	0	7664	0	7099	0	12969	5981	0	6748	0	9594	6782	8470	7560	0	0	0	0	0	0	0	0	0	0	0	47647	0	0	9075	0	0	36738	9527	7341	40789	0	0	0	0	6078	4900	0	7639	0	5762	29631	18116	11019	8579	15796	0	6118	5853	12478	0	0	9178	0	0	0	0	5930	20929	5380	0	0	10511	0	0	9524	0	6694	0	0	0	0	9797	0	16081	0	6553	0	0	0	0	0	6211	0	0	0	0	4549	0	0	0	5672	8132	0	7841	0	12068	0	0	0	0	6761	0	0	0	0	0	8574	5626
d__Bacteria;p__Bacillota_A;c__Clostridia;o__Oscillospirales;f__Acutalibacteraceae;g__Acutalibacter;s__Acutalibacter ornithocaccae	7412	0	0	0	0	0	0	0	0	0	7719	0	15447	5353	0	5523	14848	0	0	0	0	6282	0	0	0	0	7953	0	11042	6159	6058	5955	5353	58844	0	0	0	5236	6410	0	0	18964	0	0	6380	8382	12720	0	5699	0	11833	0	0	5942	0	7046	0	5628	5665	0	39625	0	0	0	0	0	7126	0	0	0	0	0	0	0	0	0	17394	6829	13989	22422	0	0	0	0	0	0	0	5207	0	0	0	5296	0	5512	60732	21241	0	9607	0	0	0	0	0	0	0	0	0	0	0	0	0	5270	0	0	15709	0	6713	10162	0	6066	0	0	0	0	0	0	0	7441	0	6803	35461	5619	5672	0	0	23433	21377	0	0	0	16533	0	0	0	0	0	6591	0	9348	0	0	0	5572	0	0	0	9026	0
d__Bacteria;p__Bacillota_A;c__Clostridia;o__Oscillospirales;f__Acutalibacteraceae;g__Acutalibacter;s__Acutalibacter sp900548545	5595	0	5032	0	0	0	0	0	6388	0	5398	5143	0	0	0	0	0	0	0	0	0	0	0	0	0	0	0	0	5416	0	0	4843	4828	0	0	4390	0	0	0	0	0	4946	6081	0	0	0	11258	0	0	0	0	0	0	0	0	0	0	0	0	0	0	0	0	5037	0	0	0	0	0	0	5381	5536	0	4879	0	0	0	0	0	0	0	0	0	0	0	0	0	0	10568	0	0	4871	0	0	0	0	0	0	0	0	0	0	0	0	0	0	0	0	0	0	0	0	0	0	0	0	5220	4532	0	0	0	0	0	0	0	0	5267	4510	0	0	0	5562	0	0	6566	0	0	0	0	0	0	0	0	0	0	0	0	4533	0	0	0	0	5871	0	0	0	0	0
d__Bacteria;p__Bacillota_A;c__Clostridia;o__Oscillospirales;f__Acutalibacteraceae;g__Acutalibacter;s__Acutalibacter timonensis	12309	11493	0	7688	12367	0	0	49584	0	0	5958	0	0	8918	0	30373	0	8143	0	0	0	0	0	7864	0	0	6366	0	0	0	0	7125	0	10786	9248	74668	0	7040	0	10051	0	7945	0	0	0	10017	119838	0	11344	0	0	7021	0	6994	0	13969	0	0	0	0	12778	0	0	22300	19616	0	11571	7600	0	0	25434	36116	11076	11496	10209	24846	0	7892	9878	0	0	0	0	0	11841	8260	7312	0	69739	46970	71117	9772	0	0	8158	40917	12507	78637	10358	13234	0	0	0	0	0	0	0	7440	0	0	8152	8171	0	0	0	0	0	0	8557	0	0	7092	0	0	0	0	0	10411	0	0	8684	7828	0	0	9254	0	6449	0	0	0	0	7634	8557	0	0	0	10493	24704	8290	0	0	0	0	7593	0	0	0	0
d__Bacteria;p__Bacillota_A;c__Clostridia;o__Oscillospirales;f__Acutalibacteraceae;g__Anaeromassilibacillus;s__Anaeromassilibacillus sp001305115	0	0	0	0	0	0	0	0	0	0	0	0	0	10618	0	0	6488	0	0	0	0	0	0	0	0	0	0	0	0	0	0	0	0	0	0	0	0	6563	0	6216	0	0	0	0	0	0	10437	0	0	0	7710	0	0	0	0	0	0	0	0	0	0	0	0	6362	0	0	6757	0	0	0	0	0	0	5813	0	7828	0	0	0	0	0	0	0	0	0	0	0	0	9748	7471	0	0	0	0	0	0	0	0	0	0	0	0	0	0	0	0	0	0	0	0	0	0	0	0	0	0	0	7376	0	0	0	0	0	0	0	0	0	0	0	0	0	6217	5797	0	0	0	0	0	0	0	7684	0	0	0	0	0	0	0	0	0	0	0	0	0	0	0	6750	0
d__Bacteria;p__Bacillota_A;c__Clostridia;o__Oscillospirales;f__Acutalibacteraceae;g__Anaeromassilibacillus;s__Anaeromassilibacillus stercoravium	5867	0	0	4980	0	0	0	0	5506	5335	5263	0	0	0	0	5823	0	0	0	0	0	0	5150	0	0	0	0	10312	0	6346	0	0	0	0	5952	4882	0	0	0	0	0	5995	0	0	6353	0	0	0	0	5295	0	0	0	0	0	0	0	0	0	0	0	0	0	0	0	0	5941	0	0	0	0	0	0	0	0	0	0	0	13236	6530	0	0	0	0	0	0	0	4892	0	0	6098	0	0	5313	0	5952	0	0	6194	0	0	0	0	0	4728	0	0	0	5301	0	5517	0	0	0	0	0	0	0	0	0	0	0	5826	0	0	0	0	0	0	6398	0	0	0	0	0	7058	5256	0	0	0	0	0	0	0	0	0	0	0	0	0	0	0	0	5021	0	0	0	0
d__Bacteria;p__Bacillota_A;c__Clostridia;o__Oscillospirales;f__Acutalibacteraceae;g__Avimonas_A;s__Avimonas_A narfia	0	0	0	0	0	0	0	0	0	0	0	6881	0	0	0	0	0	0	0	0	0	0	0	0	0	0	0	0	0	0	0	0	0	0	5969	0	0	0	0	0	0	0	0	0	5851	5567	0	0	6055	0	0	0	0	0	0	0	0	0	0	0	0	0	0	0	0	0	0	0	0	0	0	5461	0	0	0	0	0	6925	0	6459	0	0	0	0	0	0	0	0	0	0	9756	0	0	5427	0	0	0	0	0	0	0	0	0	0	0	0	0	0	0	0	6864	0	0	0	0	0	0	0	0	0	0	0	0	0	0	0	4738	0	0	0	6262	0	6409	0	0	0	0	0	0	5809	0	0	0	0	0	5876	0	0	0	0	0	0	0	0	0	0	0	0
d__Bacteria;p__Bacillota_A;c__Clostridia;o__Oscillospirales;f__Acutalibacteraceae;g__CAG-177;s__CAG-177 sp003514385	0	24134	6644	0	18056	5138	0	0	0	6136	33388	0	0	0	0	0	0	53516	0	0	0	0	10563	0	0	0	23462	0	0	0	0	0	0	0	0	0	5157	23208	0	0	8703	55849	0	14735	0	0	0	0	0	0	0	7525	7180	0	0	22598	24374	0	0	8128	41739	0	0	0	0	0	158914	0	0	0	5793	0	0	0	0	0	0	0	0	0	9104	0	0	0	0	0	0	0	0	0	0	0	0	0	0	0	0	0	0	0	0	0	0	4790	0	0	0	7105	0	0	0	0	0	0	96110	0	0	0	0	0	0	0	0	0	0	0	0	0	10085	0	113483	0	142889	7878	0	47827	0	0	0	0	0	0	0	0	0	0	24010	0	141441	0	0	0	0	7182	0	0	0	0
d__Bacteria;p__Bacillota_A;c__Clostridia;o__Oscillospirales;f__Acutalibacteraceae;g__CAG-217;s__	0	23888	26381	23557	32405	0	0	0	0	14066	0	0	0	63988	36757	71619	73817	175919	0	0	0	0	17928	0	54230	0	0	0	0	9079	0	0	0	0	0	0	0	0	21497	0	0	0	0	0	0	10576	0	4492	13517	0	53401	0	0	13826	0	0	0	0	50755	0	0	0	0	55253	0	0	0	0	0	0	130331	0	6973	0	0	0	23222	0	38505	20525	25290	0	0	0	0	0	0	114239	0	0	64942	0	25442	0	0	0	0	0	0	0	70570	0	0	0	0	0	25836	7693	0	0	6586	30390	6448	0	37421	0	0	0	0	0	0	0	0	0	0	0	0	15039	0	65655	0	0	0	24708	38944	0	18134	0	0	0	0	77185	17843	0	14079	0	19421	44519	0	34784	0	0	0	0	0	0	0	23943
d__Bacteria;p__Bacillota_A;c__Clostridia;o__Oscillospirales;f__Acutalibacteraceae;g__CAKTXU01;s__CAKTXU01 sp934615635	0	0	0	0	0	0	0	0	0	0	0	0	6569	0	0	0	0	0	0	0	0	0	0	0	0	0	0	0	6243	0	0	0	0	0	0	0	0	0	0	0	0	0	0	6062	0	0	0	0	0	0	0	0	0	0	0	0	0	0	0	0	0	6166	0	6512	5854	0	0	0	0	0	0	0	0	0	0	0	0	0	6721	0	0	0	0	0	0	0	0	0	6596	0	6223	0	0	6548	0	0	6289	7045	0	0	8694	0	0	0	0	0	0	0	0	0	0	0	0	0	7381	0	0	0	0	0	0	0	6071	0	0	0	0	0	0	0	6963	0	7006	7507	0	0	0	0	0	0	0	0	0	6053	0	0	0	6242	0	0	0	0	0	0	0	0	0	0
d__Bacteria;p__Bacillota_A;c__Clostridia;o__Oscillospirales;f__Acutalibacteraceae;g__Clostridium_A;s__Clostridium_A leptum	7796	27339	6414	0	0	0	0	19887	0	0	6836	0	93997	0	6906	15768	0	8499	0	0	9736	0	0	7552	0	0	11312	0	6890	0	0	0	0	0	7757	10181	0	6282	0	5787	0	7808	7104	0	0	10123	22481	0	6132	0	165359	0	0	0	0	0	0	0	0	0	14449	0	0	7732	6067	0	8427	7742	9185	0	7381	18274	6728	0	0	8482	0	6762	0	7281	7049	24920	0	0	6975	0	0	7442	17384	41269	115096	8699	0	0	7936	22726	0	16900	0	23043	6981	0	0	6256	0	0	0	0	0	14240	7896	8413	0	0	0	0	20824	0	9024	6430	0	0	13831	9090	0	0	7337	6022	0	0	8528	0	6616	0	0	7367	0	0	0	6225	0	7564	6041	0	0	7780	7478	6944	6287	0	0	0	0	6558	13946	12466	0	0
d__Bacteria;p__Bacillota_A;c__Clostridia;o__Oscillospirales;f__Acutalibacteraceae;g__Eubacterium_R;s__Eubacterium_R sp000434995	0	14977	0	0	0	0	0	0	0	0	6622	0	0	0	0	0	0	0	0	10536	0	0	0	0	0	0	4604	0	0	0	9944	0	0	0	23293	0	21810	0	0	0	0	103657	0	5108	0	9094	0	0	0	0	0	8702	0	0	0	0	5019	34125	0	8145	0	0	0	0	0	19456	0	0	0	0	0	5175	0	0	0	0	0	0	0	0	9192	0	0	0	0	0	0	0	0	0	0	0	0	0	0	0	0	0	0	0	0	0	0	0	0	0	0	0	0	0	0	0	0	14326	0	0	0	0	0	0	23717	25658	0	0	0	0	0	0	24751	0	0	0	0	0	5679	0	0	0	13670	0	0	0	0	6299	4694	0	0	0	0	0	0	0	0	9341	0	0	0	0
d__Bacteria;p__Bacillota_A;c__Clostridia;o__Oscillospirales;f__Acutalibacteraceae;g__Eubacterium_R;s__Eubacterium_R sp000436835	0	0	0	0	0	0	0	0	0	0	0	0	0	0	0	0	0	0	0	0	0	0	15299	0	0	0	0	9243	0	0	0	32847	30733	0	0	28035	0	17007	0	0	31053	0	0	0	0	0	0	0	0	0	0	0	0	0	0	0	0	0	0	0	0	0	0	0	0	0	0	0	0	0	0	0	13841	0	0	0	0	0	0	0	0	0	0	0	0	20085	0	0	0	0	0	0	0	0	0	0	26031	0	0	0	0	0	0	0	20396	22428	0	22079	0	0	0	0	0	0	0	0	0	0	0	0	0	0	0	0	0	28948	13316	0	0	0	5548	0	59062	0	0	0	0	0	0	0	0	0	0	0	0	22270	0	0	0	0	0	0	0	0	0	0	0	0
d__Bacteria;p__Bacillota_A;c__Clostridia;o__Oscillospirales;f__Acutalibacteraceae;g__Fimenecus;s__Fimenecus sp000432435	0	0	0	0	0	38216	0	0	0	0	0	0	0	4934	0	0	0	0	0	0	13311	0	94025	0	0	0	11273	0	14371	7947	0	0	0	0	0	0	0	0	0	0	0	0	0	0	0	55386	0	0	0	0	0	0	0	16468	0	0	0	12614	0	4410	0	0	0	0	55889	0	0	0	0	0	0	0	17225	0	0	0	0	0	7067	28785	20721	0	0	0	0	28238	0	0	0	0	0	0	0	0	0	0	0	0	61211	0	0	0	0	0	34992	0	0	27244	118042	108308	0	0	38572	0	0	53648	0	30408	30125	88985	0	0	19637	130319	0	0	84597	0	0	0	0	29061	11341	0	0	0	0	0	0	0	0	0	0	0	0	0	0	5519	18952	0	0	0	0	33196	0	0	0	0
d__Bacteria;p__Bacillota_A;c__Clostridia;o__Oscillospirales;f__Acutalibacteraceae;g__Fimivicinus;s__Fimivicinus sp900544375	73406	0	0	0	0	0	0	36577	0	0	0	0	44385	0	0	0	0	0	0	0	0	0	0	0	0	16996	0	12990	7807	0	0	0	0	54718	0	0	0	0	0	0	0	0	9818	0	0	0	0	0	0	0	0	0	0	0	0	0	0	0	0	0	0	0	40762	0	0	0	0	0	0	0	0	51152	0	81142	0	338428	0	76042	0	0	0	0	0	0	91130	0	8398	0	57145	41614	0	32307	0	0	67171	24282	0	110661	0	54597	0	0	0	0	0	0	0	0	0	0	0	0	0	0	0	0	40289	0	0	0	0	0	0	0	0	0	0	0	0	0	0	0	0	0	0	0	0	20613	0	50701	51523	0	0	0	0	0	0	0	0	0	0	0	0	0	0	11645	40720	0
d__Bacteria;p__Bacillota_A;c__Clostridia;o__Oscillospirales;f__Acutalibacteraceae;g__Hominenteromicrobium;s__Hominenteromicrobium mulieris	0	0	59319	16885	8673	11800	0	30415	0	11059	40714	37891	0	21746	0	38239	89510	89070	7143	11451	6284	20320	28959	6718	45542	6556	12211	8669	8551	26525	8108	8730	0	15891	27438	0	0	31058	6426	18479	6335	111252	62815	10373	14161	31602	0	5813	0	17307	5421	5908	9005	8481	0	21271	14783	7179	16036	12410	9785	8662	0	60077	14275	7153	91545	0	0	0	71995	52676	13280	24601	25048	41224	20617	0	6363	0	7735	0	0	0	49557	18597	31955	30198	0	0	30285	42477	7390	0	27057	0	58726	0	39464	6439	11056	6157	19261	32988	7111	7254	16203	21230	27228	0	39714	29472	6649	21147	6631	15602	0	13633	0	19269	20917	7297	34474	72228	9399	26709	36712	18446	6310	16292	51933	15423	12091	8035	30577	71959	25962	0	16237	16367	0	64096	20240	5813	6603	0	25206	70419	12140	5044	8785	4987	65365	14174	0	0	32857	19380
d__Bacteria;p__Bacillota_A;c__Clostridia;o__Oscillospirales;f__Acutalibacteraceae;g__Hominenteromicrobium;s__Hominenteromicrobium sp900549945	0	0	0	0	0	0	14256	0	0	0	0	0	10517	0	6641	0	0	0	0	0	0	0	0	6288	0	0	0	0	0	0	0	0	0	0	9817	71087	0	0	0	0	0	0	0	0	8734	0	0	0	0	0	0	0	0	0	0	0	0	0	0	0	0	0	0	0	0	0	0	0	0	0	0	0	0	0	0	0	0	0	0	6417	0	0	0	0	0	8857	7036	0	23442	0	0	0	0	0	0	0	0	0	0	0	0	0	0	0	0	0	0	0	0	11500	0	0	0	0	0	0	23508	0	0	0	0	0	0	0	0	0	10520	0	0	0	0	0	0	0	0	0	0	0	0	0	0	0	0	0	0	6856	0	0	0	0	0	0	0	0	0	0	0	0
d__Bacteria;p__Bacillota_A;c__Clostridia;o__Oscillospirales;f__Acutalibacteraceae;g__Pseudoruminococcus;s__Pseudoruminococcus massiliensis	49279	0	0	0	24015	0	0	0	0	0	0	0	0	0	0	0	0	0	0	10678	0	0	0	0	0	11099	0	0	0	0	0	0	0	0	0	0	0	0	8960	0	0	0	0	0	0	5026	0	50209	28246	0	0	0	11874	28463	0	0	16504	5307	0	0	0	0	0	0	0	0	0	0	0	0	0	0	65500	0	0	124327	0	0	171680	0	0	0	0	0	0	0	0	0	0	0	60353	0	0	0	0	0	0	0	0	0	0	0	0	60317	0	0	0	9709	0	0	0	77762	0	0	0	0	0	0	0	0	0	80102	0	0	0	0	4407	36038	0	0	0	0	0	0	0	0	15891	0	0	0	0	0	0	0	0	0	0	0	11001	0	0	0	0	7068	0	0	0	0
d__Bacteria;p__Bacillota_A;c__Clostridia;o__Oscillospirales;f__Acutalibacteraceae;g__Ruminococcus_E;s__Ruminococcus_E bromii	0	83992	0	43962	24272	47845	0	114314	0	11843	130419	78520	57741	139873	32981	74323	100954	0	73827	64257	0	62138	0	0	81267	0	65894	33590	69455	12332	44216	0	126290	20728	118434	69122	58448	29110	69354	0	42237	287013	0	29846	0	96848	54252	17202	11587	84952	0	0	0	62787	0	0	0	0	36159	67026	20709	0	0	47626	0	0	49005	0	0	0	117347	0	24354	90547	15463	0	153092	39915	0	106641	0	0	0	0	0	19951	0	282753	0	0	35271	72966	13230	77485	135224	0	127593	111631	94319	110567	129810	107756	0	0	7182	28496	0	3918	25416	0	24440	36146	5815	12495	42142	66415	115635	40757	39954	86987	0	0	0	142508	168129	28249	172778	56472	0	63089	66645	0	9560	72812	126679	31844	80895	0	27955	86968	40218	0	18262	0	0	4436	50355	83061	203971	123683	0	46621	106128	128288	0	0	0	0
d__Bacteria;p__Bacillota_A;c__Clostridia;o__Oscillospirales;f__Acutalibacteraceae;g__Ruminococcus_E;s__Ruminococcus_E intestinalis	0	0	0	0	0	0	0	0	0	0	0	0	0	0	0	0	0	211751	0	0	0	0	15205	26850	0	0	0	0	0	0	0	0	0	0	0	0	0	0	0	67320	0	0	0	0	8806	0	0	0	0	0	0	19000	0	0	0	17690	0	0	0	0	0	218725	0	0	26165	0	0	0	0	0	0	0	0	0	0	0	0	0	0	0	24380	0	0	0	4727	0	0	0	0	0	0	0	0	0	0	43887	0	0	0	0	0	0	0	0	0	0	39215	45825	0	0	0	0	71691	0	0	0	0	0	0	0	0	0	159077	0	0	0	0	0	0	0	9976	152801	34012	0	0	0	0	0	0	0	0	0	0	54575	127370	0	0	0	0	0	0	0	0	0	0	0	0	170750
d__Bacteria;p__Bacillota_A;c__Clostridia;o__Oscillospirales;f__Acutalibacteraceae;g__Solibaculum;s__Solibaculum mannosilyticum	0	0	0	0	0	0	0	0	0	0	0	0	0	0	0	0	0	0	0	0	0	0	0	0	0	0	0	2843	0	0	0	0	0	0	0	0	0	0	0	0	0	0	0	0	0	0	0	0	0	0	3182	0	0	0	0	0	0	2058	0	0	0	0	0	2392	0	0	0	0	0	0	0	0	0	0	0	3877	0	0	0	0	0	0	0	0	2376	0	0	0	0	0	0	0	0	0	0	2248	0	0	0	0	0	0	0	0	0	0	0	0	0	0	0	2181	0	0	0	2586	0	2483	0	0	0	0	0	0	0	0	0	0	0	2667	0	0	0	0	0	2426	0	0	0	0	0	0	0	0	0	0	0	2571	0	0	0	0	0	0	0	0	2245	2108
d__Bacteria;p__Bacillota_A;c__Clostridia;o__Oscillospirales;f__Acutalibacteraceae;g__UMGS856;s__UMGS856 sp900546265	0	7221	0	0	0	0	0	0	0	0	0	10978	7914	0	0	0	0	0	0	8298	0	0	8125	0	0	0	0	0	0	0	0	0	0	0	9131	0	0	0	0	0	0	0	0	0	0	0	0	0	0	0	0	0	0	0	0	7926	0	0	0	0	0	0	0	0	0	0	0	0	0	0	0	0	0	0	0	11220	0	0	7026	0	0	0	0	0	0	0	0	0	0	0	0	0	0	0	0	0	0	0	0	0	25616	0	0	0	0	0	7110	0	0	0	12815	0	0	0	0	0	0	0	0	0	0	0	0	8014	0	0	0	0	0	0	0	0	0	7266	0	0	0	0	0	0	0	0	0	0	0	0	0	0	0	0	0	0	0	0	0	0	8567	0
d__Bacteria;p__Bacillota_A;c__Clostridia;o__Oscillospirales;f__Acutalibacteraceae;g__UMGS1071;s__UMGS1071 sp900542375	5040	6293	0	0	0	0	0	3921	5804	0	0	0	8039	0	0	6982	0	0	5216	0	0	4564	7388	4371	0	0	0	0	0	0	0	0	0	0	4579	0	4823	0	0	5176	0	7693	0	0	6240	6455	0	0	0	0	0	0	3253	4813	0	5266	0	4770	0	0	5103	5028	0	6252	0	4134	0	4661	0	0	3841	0	0	0	0	4584	4510	5464	5514	5468	0	4429	0	6882	0	6525	4035	4567	5531	7841	0	0	0	0	7121	4264	0	0	4770	0	5143	0	0	7015	0	5419	0	0	4166	11824	11138	0	0	0	0	0	5385	0	0	0	0	4602	5315	6140	4435	0	7645	0	0	0	5592	5465	4623	6461	6263	0	0	0	0	0	4750	0	0	0	0	6691	0	5397	5363	0	7008	4919	0	0	5390	0	4957	0
d__Bacteria;p__Bacillota_A;c__Clostridia;o__Oscillospirales;f__Acutalibacteraceae;g__UMGS1071;s__UMGS1071 sp934476545	0	0	0	0	0	0	0	0	0	0	0	0	0	0	0	0	0	0	0	3582	0	0	0	0	0	0	0	0	5255	0	0	0	0	0	0	0	0	6349	0	0	3183	0	0	0	0	0	0	4290	8613	0	0	0	0	0	0	0	0	0	6497	3943	0	0	0	0	5564	0	0	0	0	0	0	0	0	0	0	0	0	0	0	0	0	0	0	0	0	0	0	0	0	0	6221	0	0	0	0	0	0	4527	0	0	0	0	0	0	0	0	0	5269	0	0	0	4219	3900	4277	0	0	0	5947	0	5288	0	0	0	0	0	0	0	0	0	0	0	0	0	0	0	0	0	0	0	0	0	10761	0	0	0	0	0	0	0	0	0	0	0	0	0	0	0	5063
d__Bacteria;p__Bacillota_A;c__Clostridia;o__Oscillospirales;f__Acutalibacteraceae;g__UMGS1264;s__UMGS1264 sp904399395	0	0	0	0	0	0	0	7209	0	0	0	0	0	0	0	0	0	0	7449	0	0	0	5841	0	0	0	0	0	0	5491	0	0	0	0	5639	4447	0	0	0	5498	0	0	0	0	0	0	0	0	0	0	6032	0	0	0	0	5694	0	0	0	0	6077	0	6869	0	0	0	0	0	5855	0	0	0	0	0	0	6217	6659	6640	0	0	0	0	0	0	0	0	0	0	5864	5243	12694	0	0	6190	0	0	0	0	0	0	0	0	0	6574	0	0	0	7024	0	0	0	0	0	0	0	0	0	0	9501	0	0	0	0	0	0	0	0	6516	0	5812	6351	0	0	0	0	5257	0	0	0	0	7961	0	10357	0	0	0	0	0	4830	0	0	0	6407	0	0	0	0	0
d__Bacteria;p__Bacillota_A;c__Clostridia;o__Oscillospirales;f__Acutalibacteraceae;g__UMGS1623;s__UMGS1623 sp934647945	0	0	0	6392	6004	0	0	7140	0	0	0	7018	6476	0	0	0	0	0	6110	0	0	5534	0	8707	0	0	7672	0	0	0	5947	0	0	0	0	0	0	5865	0	0	0	0	0	0	6026	4815	0	0	5981	0	0	0	0	0	0	5792	5709	0	0	6557	0	0	0	6069	0	0	0	0	0	0	0	0	0	6302	0	7141	0	0	8480	0	0	0	0	0	0	0	0	0	0	0	8718	0	0	6167	8776	5688	0	6831	6495	0	0	0	0	0	0	0	0	7139	0	7022	6658	6139	0	0	0	0	0	0	0	0	0	6171	10163	0	0	0	5880	0	0	0	5634	0	6129	0	0	0	0	0	0	0	6060	0	0	0	0	0	0	0	8057	0	0	0	0	0	0	0	0	0
d__Bacteria;p__Bacillota_A;c__Clostridia;o__Oscillospirales;f__Butyricicoccaceae;g__Agathobaculum;s__Agathobaculum ammoniilyticum	0	0	0	0	0	0	0	4834	0	0	0	0	0	5462	0	0	6422	0	0	0	0	4774	0	0	0	0	0	0	0	0	0	0	0	0	0	0	0	0	0	0	0	0	5560	0	0	0	6147	0	0	0	5671	0	0	0	0	0	0	0	0	0	0	0	5494	0	0	0	0	0	5870	0	0	0	0	0	0	0	0	0	0	0	0	0	0	0	0	0	0	0	6983	0	0	0	0	0	0	0	0	0	0	0	0	0	5592	0	0	0	0	0	0	5563	0	0	0	0	0	0	0	0	0	0	0	0	0	6076	0	0	0	0	0	0	0	4949	0	0	0	0	0	6760	0	0	0	0	0	0	0	0	0	0	0	0	0	0	0	0	0	6389	0	0
d__Bacteria;p__Bacillota_A;c__Clostridia;o__Oscillospirales;f__Butyricicoccaceae;g__Agathobaculum;s__Agathobaculum butyriciproducens	0	5531	8940	6496	7583	7507	30740	6127	0	0	13154	0	0	8311	15256	9660	8413	7695	0	0	7137	11640	9030	7335	34428	16503	0	5166	6099	0	12124	6041	17858	0	0	9819	17340	5827	6061	0	6138	12067	11501	0	9588	0	9267	7099	0	20106	10488	0	0	9210	14716	6080	0	6396	11486	5179	0	6198	7454	23611	8739	25483	10760	21947	19077	24553	9685	0	7175	8656	11009	5301	0	0	0	0	7032	0	16942	0	12737	0	0	28293	0	9190	14416	0	11022	8528	0	0	8671	7198	18545	7061	0	16263	14294	12186	9952	33882	7503	7791	0	0	15732	7938	7449	11309	12241	11605	7237	9362	11402	8028	10913	7243	0	0	6569	14204	0	10910	13673	19891	0	10082	7557	12187	17763	0	6328	0	17569	7595	15113	0	11064	9321	8500	9627	0	7358	7507	27139	15790	17303	11844	8744	30725	14411	15380	28766
d__Bacteria;p__Bacillota_A;c__Clostridia;o__Oscillospirales;f__Butyricicoccaceae;g__Agathobaculum;s__Agathobaculum hominis	0	5422	11620	0	0	0	0	0	0	0	0	0	0	0	0	5437	0	6079	0	7632	0	5954	4756	0	0	0	0	0	0	0	0	0	0	0	0	0	0	5704	5418	0	0	6365	34843	0	0	0	0	7923	0	0	0	6477	0	5785	0	0	5003	0	11958	0	0	10262	0	0	24851	0	0	0	0	0	24826	0	5057	0	4300	0	0	0	0	0	5821	0	14580	0	12888	22648	0	0	0	0	0	9927	13640	0	0	0	11985	0	0	0	0	0	9910	0	10624	0	0	0	9206	0	0	8529	11152	11233	0	0	0	9365	14274	24844	9743	0	0	0	29582	0	0	0	0	0	0	0	0	0	0	0	0	0	0	0	0	0	0	10127	0	16556	5375	6960	0	0	24519	0	0	0	0	8969	0	0
d__Bacteria;p__Bacillota_A;c__Clostridia;o__Oscillospirales;f__Butyricicoccaceae;g__Butyricicoccus_A;s__Butyricicoccus_A intestinisimiae	0	6185	0	0	0	6756	0	0	0	0	0	0	0	0	0	0	0	0	0	13012	0	0	0	0	0	0	0	0	0	0	0	0	0	0	0	0	0	10630	0	0	0	0	0	0	0	0	0	4305	20208	0	0	0	0	0	0	0	5365	0	0	0	0	0	0	0	0	0	0	0	0	0	0	0	0	0	0	0	0	0	0	0	0	0	0	0	0	0	0	0	0	0	0	0	8705	0	0	0	0	0	0	0	0	0	0	0	9209	0	0	0	6023	0	0	0	0	0	0	0	0	0	13491	33640	0	0	0	0	40060	0	0	0	0	6461	0	0	0	0	6210	6073	0	0	0	0	0	0	0	0	5890	0	0	0	0	0	0	0	0	0	0	0	0	0
d__Bacteria;p__Bacillota_A;c__Clostridia;o__Oscillospirales;f__CAG-272;g__UMGS911;s__UMGS911 sp003343545	0	5545	0	0	5301	0	0	0	0	0	0	5194	0	0	0	0	0	0	0	0	0	0	0	0	0	0	0	0	0	0	0	0	0	0	0	0	0	0	0	0	0	0	0	0	4635	0	0	0	0	0	0	5302	7059	0	0	6291	0	0	5385	0	0	0	0	6848	0	0	0	0	0	0	0	0	0	0	0	0	0	0	0	5315	0	0	0	0	0	0	0	0	0	0	5736	0	0	0	0	0	8150	0	0	0	0	0	0	0	0	0	0	0	0	0	0	5537	0	0	0	0	0	0	0	0	0	0	0	0	0	0	0	0	0	0	0	6212	0	0	5322	4845	5047	0	0	0	0	0	5042	0	0	0	6297	5172	0	0	0	0	0	0	0	0	0	5035
d__Bacteria;p__Bacillota_A;c__Clostridia;o__Oscillospirales;f__CAG-272;g__UMGS1696;s__UMGS1696 sp900753285	0	0	0	5671	0	0	0	0	0	0	0	0	0	0	0	0	0	0	0	5636	0	6121	5755	0	0	0	0	0	0	0	0	0	0	0	0	0	0	0	0	0	0	0	0	0	0	0	0	6225	0	0	0	0	0	0	0	0	0	0	0	0	0	0	0	0	0	0	0	0	0	0	0	0	0	0	0	0	0	0	0	0	0	0	0	0	0	0	0	0	0	0	0	7231	0	0	0	0	0	0	9094	0	0	0	0	0	0	0	0	0	6345	0	0	5553	12111	0	6955	7566	0	0	0	7582	0	0	0	0	0	0	0	0	0	0	0	0	0	0	0	0	0	0	0	0	0	0	9842	10858	7522	0	0	0	0	0	0	0	0	0	0	0	0	0
d__Bacteria;p__Bacillota_A;c__Clostridia;o__Oscillospirales;f__CAG-382;g__Woodwardibium;s__Woodwardibium gallinarum	6574	0	0	0	0	0	0	0	0	0	5697	0	0	0	0	5442	0	0	0	0	0	0	0	5134	0	0	0	0	0	0	0	0	0	0	0	0	0	0	0	0	0	0	0	0	5935	0	0	0	5780	0	0	0	0	0	0	0	5865	7466	5274	0	0	0	0	0	0	0	0	0	0	0	0	0	0	0	0	16218	8942	0	0	7756	0	0	0	0	0	0	0	0	0	0	0	0	0	0	0	0	0	0	0	0	0	0	0	0	0	0	0	7968	0	0	0	0	0	0	7891	0	0	0	0	0	0	0	0	0	0	0	0	0	0	0	11061	0	7576	0	0	0	6529	0	0	0	0	0	0	0	0	0	5159	5930	6829	0	0	0	0	0	0	0	0	0
d__Bacteria;p__Bacillota_A;c__Clostridia;o__Oscillospirales;f__CAG-382;g__Woodwardibium;s__Woodwardibium sp900760275	0	0	0	6281	7755	0	0	0	0	7190	0	0	0	0	0	0	0	0	0	0	0	0	0	0	0	0	9042	0	0	0	0	0	0	10632	0	0	0	8136	0	0	0	10966	0	0	0	6447	0	0	0	0	0	0	0	0	0	6062	0	0	0	0	0	0	0	0	0	0	0	0	0	0	0	0	0	5846	0	0	0	0	12874	0	0	0	0	0	0	0	0	0	0	0	0	6838	0	0	5879	0	0	9077	6554	0	0	0	0	0	0	0	0	0	0	0	0	9763	0	6175	0	0	0	0	0	0	0	7548	11637	0	0	6757	8837	6356	0	0	0	0	0	0	6395	0	0	0	0	0	0	0	6435	0	0	0	0	0	0	0	0	0	0	0	0	0	0	5704
d__Bacteria;p__Bacillota_A;c__Clostridia;o__Oscillospirales;f__Oscillospiraceae;g__CAG-103;s__CAG-103 sp000432375	0	14651	8041	0	7653	47694	0	0	0	6603	0	0	0	11824	28054	0	0	0	0	0	2357	0	0	0	0	0	19767	0	59861	0	7393	0	0	25991	0	0	0	8148	3259	13280	0	0	0	0	0	0	10589	29857	0	0	0	0	0	13515	0	0	6169	0	0	0	0	0	0	101723	0	0	87304	0	0	0	0	0	0	0	94247	0	87505	0	0	0	0	0	0	0	3924	0	0	0	0	0	0	0	5397	17849	0	0	0	30012	0	0	21250	0	0	12538	22529	38627	0	0	322961	32928	0	0	0	0	130962	0	0	0	10629	7647	5806	15505	0	501943	0	0	0	15516	4533	0	0	0	105334	0	0	9444	63437	0	26654	0	0	0	0	0	44663	0	0	0	5400	0	0	0	0	0	0	0	12020	39024
d__Bacteria;p__Bacillota_A;c__Clostridia;o__Oscillospirales;f__Oscillospiraceae;g__CAG-103;s__CAG-103 sp900317855	0	0	0	6205	0	0	0	0	0	0	0	0	0	0	0	27673	0	45481	0	0	0	0	0	11381	0	0	0	0	15550	0	3601	0	0	0	41991	0	0	8335	14681	0	81743	23249	0	0	0	5337	0	7059	38522	0	0	8569	0	0	0	3940	0	13680	43593	14690	0	0	0	0	0	22556	0	0	0	0	0	0	0	12695	1940	7209	0	0	0	0	0	0	0	0	0	0	0	0	0	0	0	31963	0	0	0	0	0	0	0	0	0	0	0	0	0	0	16035	0	0	0	141541	53698	0	0	0	0	0	0	177538	183230	0	0	0	0	0	8849	76026	0	0	98313	10686	0	0	0	0	19966	0	0	57661	0	0	0	0	0	0	0	0	0	5282	0	0	70624	0	24111	0	0	0	0
d__Bacteria;p__Bacillota_A;c__Clostridia;o__Oscillospirales;f__Oscillospiraceae;g__CAG-103;s__CAG-103 sp905215475	4730	0	0	30184	17424	7313	0	18903	0	9542	34065	0	0	0	0	0	0	0	0	16638	0	23189	60192	0	0	0	5309	0	0	0	0	31411	0	0	0	0	101864	8758	0	0	0	8018	0	4160	31063	0	0	9087	0	0	0	0	0	0	0	0	9018	0	0	13467	0	5855	0	0	0	5813	33786	0	0	0	90744	0	6980	0	0	0	0	0	8581	0	29086	0	0	0	0	0	4038	21603	5726	0	0	4634	28471	0	0	0	0	0	0	0	0	0	0	0	27868	0	0	6971	43567	0	0	0	51585	90330	25353	32058	0	10970	0	6354	0	0	0	0	8210	41190	0	0	9176	0	0	41590	0	68122	9275	0	0	0	0	0	0	13542	29979	15250	8072	0	53347	45731	0	0	90767	99271	0	0	0	0	0	6303
d__Bacteria;p__Bacillota_A;c__Clostridia;o__Oscillospirales;f__Oscillospiraceae;g__CAG-170;s__CAG-170 sp000432135	0	0	6419	9451	10300	7933	0	0	0	83965	9528	37447	0	0	0	12477	0	20823	0	5780	0	23551	54480	7811	0	0	0	0	0	0	13904	0	0	0	0	10007	0	8140	29395	19959	0	18965	0	0	11239	26484	0	11113	7510	0	0	8027	0	9739	0	7424	29446	28156	0	7444	0	0	0	17901	16888	0	0	0	0	0	0	0	6975	13094	9019	59965	11279	0	0	0	0	0	0	0	0	0	0	0	0	0	0	31799	6995	0	0	0	7965	30946	0	0	18311	7796	0	8797	34910	0	6819	10346	50971	0	13262	32968	7897	27288	62086	10872	0	10319	9000	23131	0	37625	26581	0	0	6725	8851	13127	0	0	35971	0	0	0	6435	7194	0	0	22534	0	0	8073	8309	0	7266	0	156661	15619	0	0	0	32564	0	9104	0	0	0	6288
d__Bacteria;p__Bacillota_A;c__Clostridia;o__Oscillospirales;f__Oscillospiraceae;g__CAG-170;s__CAG-170 sp002404795	0	8182	0	0	11228	0	0	0	0	7555	7125	0	0	7716	0	0	0	0	0	0	0	0	30737	6198	0	0	0	0	0	0	0	0	0	0	0	0	0	10890	0	0	0	0	0	0	0	0	8555	10686	7219	0	0	0	0	0	0	8367	0	0	0	19860	9222	0	0	6569	9711	0	8903	0	0	0	0	7520	8257	6076	13790	0	9834	0	13948	0	5837	0	0	0	0	7391	0	0	0	0	0	7841	0	0	10076	0	0	0	8514	0	0	0	0	0	0	0	6234	6084	0	0	86475	12253	6323	17846	0	39954	0	0	0	8745	0	0	6740	0	0	5694	6189	6874	0	0	4942	0	0	0	6612	8568	0	0	0	0	0	0	6696	7533	6345	0	0	0	20259	0	0	0	0	7776	0	0	0	0
d__Bacteria;p__Bacillota_A;c__Clostridia;o__Oscillospirales;f__Oscillospiraceae;g__CAG-170;s__CAG-170 sp003516765	0	0	0	0	0	0	0	0	0	12646	0	0	0	0	0	0	0	0	0	0	0	6475	5270	5579	0	0	0	0	0	0	0	0	9589	0	0	0	0	6264	0	0	0	0	0	0	0	0	0	6442	10936	0	0	0	0	5779	0	7845	0	0	0	8907	0	0	0	0	0	0	0	0	0	0	0	0	0	0	0	0	0	0	0	0	0	0	0	0	0	0	0	0	0	0	8293	6417	0	0	0	0	0	0	0	0	0	0	0	0	0	0	4939	5275	6556	0	4864	5345	0	5082	0	0	0	5516	0	0	0	5446	0	0	0	5172	10023	6315	0	0	0	0	0	0	0	0	5618	0	8131	0	0	5519	0	5377	5519	0	5846	5483	6875	0	0	0	0	5826	0	0	0	5654
d__Bacteria;p__Bacillota_A;c__Clostridia;o__Oscillospirales;f__Oscillospiraceae;g__CAG-170;s__CAG-170 sp900545925	0	8184	0	0	0	0	0	0	0	11391	0	0	0	0	0	6654	0	0	0	10033	0	6052	6892	0	0	0	0	0	0	0	0	0	0	0	0	0	0	8903	0	0	0	0	0	8385	0	7305	0	9860	20465	0	0	0	0	0	0	10868	0	0	0	11649	0	0	0	0	0	0	0	0	0	0	0	0	6627	0	0	0	0	0	0	0	12346	0	0	0	0	0	0	14338	0	0	0	0	6939	0	0	0	0	0	6637	0	0	0	0	0	0	0	5822	17168	0	0	0	9242	7398	6532	0	0	0	8025	0	0	0	0	0	0	0	0	6214	0	0	0	5729	0	0	0	0	0	0	0	0	0	0	9020	0	7919	11359	0	0	0	0	0	0	0	0	0	0	0	0	0
d__Bacteria;p__Bacillota_A;c__Clostridia;o__Oscillospirales;f__Oscillospiraceae;g__CAG-170;s__CAG-170 sp900553545	0	0	0	0	0	4735	0	0	0	4366	0	0	0	0	0	0	0	0	0	5896	0	0	13086	4482	0	0	0	0	0	0	0	0	0	0	0	0	0	0	0	0	0	0	0	0	0	0	0	0	0	0	0	0	0	0	0	4697	0	0	0	0	0	4780	0	0	0	4841	0	0	0	0	0	0	0	0	0	0	0	0	0	0	0	0	0	0	0	0	0	0	0	0	4668	0	0	0	0	0	0	0	6235	0	0	0	0	4328	0	0	0	0	3971	0	9080	0	4537	0	0	0	0	0	0	4386	0	0	0	0	0	5851	0	0	0	0	0	0	6105	0	0	0	6090	0	0	0	0	4697	0	4659	0	0	0	0	0	0	0	0	0	0	0	0	0	0
d__Bacteria;p__Bacillota_A;c__Clostridia;o__Oscillospirales;f__Oscillospiraceae;g__Dysosmobacter;s__Dysosmobacter faecalis	0	0	0	0	0	0	0	0	0	0	0	0	5820	0	0	0	0	0	0	6276	0	0	7634	0	0	0	0	0	0	0	0	0	5706	0	0	0	8775	0	0	0	0	0	0	0	6339	0	0	0	0	0	0	0	0	0	0	0	0	0	0	0	0	0	8651	0	0	0	0	8747	6157	0	0	0	0	6309	0	7655	0	0	0	0	0	0	0	0	0	5728	0	0	9028	0	0	0	6618	7188	0	5816	0	0	0	0	0	0	0	0	0	20180	0	0	0	6660	0	0	0	0	0	6832	0	7361	0	0	0	6226	0	5754	0	0	0	6127	0	6147	0	7544	5672	0	0	0	0	0	0	0	7494	6226	0	6567	0	0	0	0	0	6681	7111	6280	5891	0	0	0	0	0
d__Bacteria;p__Bacillota_A;c__Clostridia;o__Oscillospirales;f__Oscillospiraceae;g__Dysosmobacter;s__Dysosmobacter segnis	0	21621	0	29037	11319	25024	0	5480	0	9827	4877	4785	0	0	9448	5457	0	23519	0	14449	0	6757	11254	0	0	5903	0	0	8971	0	5184	0	22912	9450	10766	0	11552	37436	7486	0	0	6002	0	0	0	4818	0	31681	11350	0	0	9420	0	0	0	5200	0	5128	0	6475	0	6307	0	0	4958	64757	11521	0	0	14033	0	6123	4751	0	6205	0	17879	0	0	0	6266	0	0	0	0	0	0	0	0	0	6050	12892	11065	5762	0	0	0	21768	5656	0	0	7180	0	6222	4684	0	8248	10360	6373	0	0	7363	12924	6846	8884	5880	0	5198	7647	5873	5732	7888	0	0	5076	4888	0	7196	39324	0	0	0	10962	25331	18580	5640	8696	0	27293	0	0	5852	23361	13724	32638	0	9338	6673	7503	0	7876	9826	0	12952	0	0	6311	5748
d__Bacteria;p__Bacillota_A;c__Clostridia;o__Oscillospirales;f__Oscillospiraceae;g__Dysosmobacter;s__Dysosmobacter welbionis	8369	5641	6930	0	6556	0	0	13626	14601	0	0	5810	25870	7270	0	0	8048	7205	7564	0	5462	7126	6859	10540	0	6049	9092	6629	6981	6413	8785	0	9523	6139	6618	0	8796	6910	0	11425	0	0	0	8700	6866	0	0	6917	0	6013	11302	0	0	0	9507	9503	0	9365	7206	10616	8709	5653	12586	8770	8129	6921	7658	0	6534	0	9152	6855	0	15249	5760	15304	0	65055	6821	11645	0	0	6852	0	8884	6998	8399	0	44891	12694	11185	11654	0	18826	0	16060	6189	12542	5929	9170	6579	7298	0	6171	6719	31900	0	0	0	20027	0	5577	0	0	6755	10795	8375	13101	7320	0	0	9135	5832	39186	0	0	8925	7969	7559	7533	0	41000	13744	9117	16561	0	6994	7583	8441	10349	16602	8463	6101	0	0	9431	0	7897	0	0	9398	12753	13224	7605	9502	0	0	5901
d__Bacteria;p__Bacillota_A;c__Clostridia;o__Oscillospirales;f__Oscillospiraceae;g__Enterenecus;s__Enterenecus sp900549885	7283	0	0	0	0	0	0	5381	0	0	0	6465	7176	0	6417	0	7145	0	0	0	6344	5819	0	0	0	0	0	0	0	0	0	0	6170	0	0	0	0	5963	0	0	0	0	0	0	5260	0	0	0	0	0	5594	0	0	6120	0	10131	0	6699	0	0	0	0	0	0	0	0	4946	7443	0	0	0	0	5082	0	0	5583	0	12780	5429	9149	0	0	0	0	0	5662	0	0	16035	0	8516	0	0	7701	0	9919	0	5132	0	0	0	0	0	0	0	0	0	0	0	0	8837	6153	0	0	0	0	5034	5830	0	0	0	0	0	0	0	0	0	0	0	0	5742	5626	0	0	5425	0	0	0	0	0	10563	0	0	0	0	0	0	5431	0	0	0	0	5283	0	0	0	0	0
d__Bacteria;p__Bacillota_A;c__Clostridia;o__Oscillospirales;f__Oscillospiraceae;g__Evtepia;s__Evtepia excrementipullorum	0	0	0	0	23800	0	0	0	0	7761	0	0	33729	0	11025	0	26844	0	18855	0	0	23524	0	0	7079	25440	0	0	0	0	0	0	0	0	0	0	9431	0	0	0	16030	0	0	0	0	0	17715	0	0	0	0	0	0	0	0	7365	0	27283	0	0	0	0	20062	0	0	0	15210	0	0	0	0	0	10322	0	0	0	0	0	0	42646	13935	0	0	0	0	0	10870	23773	0	13382	28953	12197	9722	0	0	0	0	20866	0	0	0	0	0	0	0	0	0	23446	12768	0	0	0	0	0	0	13389	9856	0	0	0	0	0	32980	0	0	11861	0	0	0	0	27688	0	0	0	0	0	0	0	0	0	0	0	0	0	0	10584	19149	0	0	7056	13717	0	0	0	0	0	0	0
d__Bacteria;p__Bacillota_A;c__Clostridia;o__Oscillospirales;f__Oscillospiraceae;g__Evtepia;s__Evtepia gabavorous	15050	10987	13632	0	0	9772	0	0	18368	6214	0	22257	0	0	0	42881	0	0	0	7805	0	0	23560	0	0	0	0	20635	13103	30126	9917	28209	21788	0	13479	21926	0	11142	0	13545	0	30852	22350	0	11848	24856	0	0	21206	15906	0	0	41004	11738	0	9930	19899	0	13957	0	13833	14723	0	26945	8663	6406	0	7564	10865	0	26716	29477	0	14245	16005	0	24589	11215	30235	0	10698	15510	8061	0	11063	0	0	0	26208	0	0	0	0	0	0	10494	20772	0	20230	12893	0	19441	13816	11430	11393	7772	0	0	0	8116	21327	0	0	0	36675	0	0	12223	7920	0	6610	19319	0	0	8313	0	56260	17501	9609	27161	0	9106	31674	9243	0	0	8088	0	0	18870	9330	25014	0	10026	0	0	0	16085	19821	0	0	6491	10322	8924	18374	13912	33475	18170
d__Bacteria;p__Bacillota_A;c__Clostridia;o__Oscillospirales;f__Oscillospiraceae;g__Evtepia;s__Evtepia sp004556345	0	0	0	9574	0	0	0	0	0	0	17106	0	0	0	0	0	0	18014	0	0	9805	0	0	0	0	0	0	0	0	0	0	0	0	13292	0	0	0	0	0	0	0	0	0	7898	0	0	0	17563	0	0	0	0	0	0	0	0	0	0	0	9180	0	0	0	0	0	0	0	0	0	0	0	0	0	0	0	20849	0	0	0	0	0	0	0	0	0	0	0	0	0	0	0	0	0	15780	6948	0	0	0	0	0	16576	0	0	0	0	0	11142	0	0	0	0	17181	7450	9860	0	0	0	0	0	11066	0	0	0	0	0	0	0	0	0	0	0	0	0	0	17888	15328	0	0	0	0	0	0	0	0	6659	0	0	0	0	0	0	0	0	0	0	0	0	0
d__Bacteria;p__Bacillota_A;c__Clostridia;o__Oscillospirales;f__Oscillospiraceae;g__F23-B02;s__F23-B02 sp001916715	0	0	0	52658	0	4957	0	0	0	6596	0	30802	0	0	0	0	0	78475	0	63407	0	10629	0	0	0	0	0	0	0	0	0	0	22279	5875	0	0	0	22963	40981	0	0	125248	0	0	0	31332	0	0	72285	0	0	6368	0	0	0	61648	0	0	0	0	0	0	0	0	26329	0	0	0	0	0	0	0	6336	0	14164	0	267827	0	45565	0	0	0	0	0	0	14679	0	0	0	0	0	0	0	0	13401	0	0	30304	76691	0	0	0	0	17901	0	0	0	99492	8916	0	8282	128935	4675	5839	0	5477	0	0	0	0	0	0	0	0	0	0	0	7624	0	0	4203	0	0	0	0	15454	0	0	36798	0	0	0	20898	0	11716	0	0	0	0	0	0	0	0	50206	0	0	0	0
d__Bacteria;p__Bacillota_A;c__Clostridia;o__Oscillospirales;f__Oscillospiraceae;g__Faecousia;s__Faecousia sp000434635	0	5390	0	0	0	5098	0	0	0	20121	4586	0	0	0	0	39729	0	16012	0	0	0	0	11459	15086	0	0	13992	0	0	0	0	6286	0	0	0	0	0	22278	10395	0	0	4796	0	0	4820	8234	0	12738	17526	0	0	0	0	0	0	4715	7470	8987	7613	23971	0	0	0	0	38689	0	10104	0	0	0	0	0	5464	7946	14443	5280	4889	0	0	0	16560	0	0	0	0	0	0	10449	0	0	0	20943	0	0	10148	0	0	5052	0	0	0	0	0	7091	0	9250	0	0	8144	0	0	15423	0	8183	21242	8809	0	0	0	0	0	0	40884	0	0	5698	0	6466	0	6153	0	0	17468	0	24662	0	17634	0	0	0	0	5594	4862	0	7779	0	9561	0	0	0	0	0	9332	17738	0	0	0	5002
d__Bacteria;p__Bacillota_A;c__Clostridia;o__Oscillospirales;f__Oscillospiraceae;g__Faecousia;s__Faecousia sp000435995	0	61191	0	0	10997	0	0	0	0	0	5584	32642	0	32981	0	11304	0	8703	9464	0	0	0	0	0	0	8993	0	0	0	0	0	6671	0	0	0	0	0	6671	0	0	0	8495	0	6455	13481	27050	0	0	7128	9449	0	7363	0	11433	0	0	11512	15994	0	6492	0	0	0	0	6907	0	0	0	0	0	0	8719	9009	25676	0	0	0	0	8142	0	5652	0	0	0	0	0	0	0	0	8182	0	5957	13316	0	0	0	0	7474	8673	0	0	0	0	0	5867	0	5768	13571	25750	0	0	18212	0	30239	0	32216	0	7913	0	0	0	23426	7784	0	0	0	0	9453	0	13354	0	0	0	0	24803	6095	0	0	22727	0	0	12378	6459	0	0	0	7278	15406	6496	0	0	0	0	7294	0	0	0	7244
d__Bacteria;p__Bacillota_A;c__Clostridia;o__Oscillospirales;f__Oscillospiraceae;g__Faecousia;s__Faecousia sp003525905	0	0	0	6600	7326	5933	0	0	0	0	5206	47591	16485	0	5916	5046	0	26653	5922	5743	0	12772	25982	0	0	6392	15677	22021	33029	0	0	6385	11146	6733	0	0	13827	5962	0	0	5354	0	0	0	4868	5499	0	0	54422	4702	0	5692	9322	5612	0	0	6561	5170	14499	8871	0	6411	0	22416	12151	5762	6371	0	0	0	0	6308	0	17817	0	43786	44296	9621	5560	0	0	0	0	0	4605	10586	5262	0	0	0	11939	0	5728	0	5807	13947	0	9307	8767	0	33546	7820	0	8226	18914	23296	10719	6399	13961	0	6179	9799	5578	0	9352	29990	11980	6713	5577	6361	0	12024	66822	27258	5631	0	6941	6194	7274	5075	21119	5344	104708	20196	5915	7373	5883	0	15394	0	0	12536	0	16070	0	0	7266	7753	0	0	10053	10003	5522	0	0	0	0	6650
d__Bacteria;p__Bacillota_A;c__Clostridia;o__Oscillospirales;f__Oscillospiraceae;g__Faecousia;s__Faecousia sp958436045	4881	4882	4568	4659	0	4772	0	0	0	4301	4289	0	0	0	0	0	0	0	0	0	0	4977	0	0	0	0	0	0	0	0	0	5836	4481	0	0	0	0	0	0	0	0	6672	0	0	5241	4513	0	0	0	0	0	0	0	0	0	6209	0	5186	0	7085	0	0	0	0	0	0	0	0	0	0	0	4924	0	0	0	4858	8300	0	0	0	0	0	0	0	0	0	0	0	0	0	6587	4260	4653	0	7455	0	0	0	0	0	5479	0	0	0	0	0	0	4932	0	0	0	4533	0	0	0	0	0	0	0	0	0	0	7369	0	0	0	5821	4559	0	0	0	0	5328	0	5379	6860	4311	0	0	0	0	0	0	0	0	0	0	0	6355	0	0	0	0	5526	0	0	0	0
d__Bacteria;p__Bacillota_A;c__Clostridia;o__Oscillospirales;f__Oscillospiraceae;g__Flavonifractor;s__Flavonifractor plautii	0	0	10677	0	0	0	0	9727	10103	9161	0	10589	16099	7845	7729	0	18468	0	8976	0	0	9894	10179	9706	0	0	0	0	0	12975	0	0	0	0	10896	8799	9388	8894	0	12364	0	0	0	0	7597	0	0	0	0	0	32227	0	0	0	22111	0	0	0	9012	8986	0	8113	10756	0	7251	11216	11391	39961	40742	0	8617	0	0	12758	0	0	9850	31237	0	9565	0	0	8691	251386	23518	0	8200	0	23085	9798	0	0	0	21892	0	7109	11840	0	0	11321	8894	0	13861	0	0	11614	7980	0	0	29839	0	0	0	0	0	9062	20380	0	0	0	0	0	0	14062	0	0	0	0	12414	0	0	12006	12539	0	0	10382	8266	13997	0	10555	15146	0	0	0	0	8713	0	0	0	15863	23192	8924	8502	0	17297	8906	9686	0
d__Bacteria;p__Bacillota_A;c__Clostridia;o__Oscillospirales;f__Oscillospiraceae;g__HGM13006;s__HGM13006 sp900756575	0	8335	0	0	0	7007	0	0	0	8315	0	0	0	0	0	0	0	0	0	0	0	8611	0	0	0	0	0	0	0	0	0	13330	0	0	0	0	0	0	0	0	0	8277	0	0	0	0	0	0	0	0	0	0	0	10860	0	0	0	0	7411	0	0	6768	0	0	0	0	0	0	0	0	0	0	0	0	0	0	0	0	0	0	0	0	0	0	8076	0	0	0	0	0	0	0	7775	0	0	0	0	0	0	0	0	0	0	0	7295	0	0	7154	6765	0	7057	0	0	0	0	0	0	0	0	6440	0	0	0	0	0	0	7441	0	0	0	0	0	5719	6905	7521	0	0	0	6908	0	0	0	0	8669	0	0	0	6841	9149	0	0	0	0	0	0	0	0	0
d__Bacteria;p__Bacillota_A;c__Clostridia;o__Oscillospirales;f__Oscillospiraceae;g__HGM13006;s__HGM13006 sp900757695	0	0	0	0	0	0	0	0	0	0	0	0	0	0	0	7920	0	0	0	0	6979	0	8135	0	0	0	0	0	6145	0	0	0	8895	0	0	0	0	0	0	0	0	0	0	0	0	8988	0	0	0	0	0	0	0	0	0	0	7368	6166	0	0	0	0	0	0	0	7018	7393	0	0	0	0	0	6865	0	0	0	0	0	6987	0	0	0	0	0	0	0	0	6636	0	0	0	0	0	0	0	0	7432	0	0	0	0	17568	0	0	7925	0	0	0	0	0	0	6957	0	5982	0	7713	0	0	6049	0	0	11539	0	8638	6591	15215	0	0	7211	0	0	0	0	0	0	0	0	0	0	0	0	0	0	0	6566	0	0	0	0	0	0	0	0	0	0	0	0	0
d__Bacteria;p__Bacillota_A;c__Clostridia;o__Oscillospirales;f__Oscillospiraceae;g__Hominicoprocola;s__Hominicoprocola sp003522105	0	0	0	0	0	0	0	0	0	4603	4139	0	0	0	0	4585	0	0	0	0	0	0	0	0	0	0	0	0	0	0	0	0	0	0	0	0	0	9410	0	0	0	0	0	0	0	10704	0	13054	0	0	0	0	0	5230	0	0	7239	0	0	0	0	0	0	0	0	0	0	0	0	0	0	0	0	0	0	0	0	0	0	0	4491	0	0	0	0	0	0	0	0	0	0	19784	0	0	0	0	0	0	0	0	0	0	0	0	0	0	0	0	0	0	0	8024	0	17517	5128	0	0	0	0	0	0	0	0	0	0	0	0	0	0	0	0	0	0	0	4448	6515	0	0	0	0	0	0	0	4003	0	0	0	0	35548	0	0	0	0	0	0	0	0	0
d__Bacteria;p__Bacillota_A;c__Clostridia;o__Oscillospirales;f__Oscillospiraceae;g__Hominicoprocola;s__Hominicoprocola sp900317525	0	5489	0	11533	29524	0	0	0	0	7428	0	4308	0	0	5982	5085	0	18906	5607	5142	0	4830	62985	7373	0	0	5167	0	0	0	6654	0	12122	4100	0	22027	0	9461	7037	0	0	10420	0	0	0	5713	0	12991	12457	7226	0	5198	0	6742	0	0	0	5735	4795	6577	5311	4717	0	18688	8116	0	0	0	0	0	0	4977	33352	5815	17077	21051	10492	0	0	0	8760	0	0	0	0	5452	0	0	0	0	0	5002	0	0	0	0	0	0	5428	0	0	9184	0	8630	0	0	23963	7227	0	0	0	6559	4023	5541	10455	0	0	0	0	0	0	6263	0	0	0	21055	0	4394	9161	6208	0	30934	0	12549	7507	0	13580	0	0	0	0	5769	38497	11757	6344	0	8918	5286	5179	0	0	0	0	7743	0	0	0	0
d__Bacteria;p__Bacillota_A;c__Clostridia;o__Oscillospirales;f__Oscillospiraceae;g__Hominicoprocola;s__Hominicoprocola sp934835795	9564	11413	12687	8763	10700	25120	0	0	0	6883	6621	10257	0	0	26389	6154	0	8949	0	4960	19428	6621	12975	13205	0	9885	5423	0	14691	0	7932	8198	15489	0	37362	0	0	5012	7848	0	9444	7318	0	5134	5125	7903	0	13821	6268	0	0	6405	0	5041	0	6559	0	11762	0	6676	0	32876	9273	0	5905	69393	11694	0	0	0	13399	0	8030	5398	0	4814	0	0	0	0	4994	0	6583	0	7473	27457	6686	8486	0	0	0	6548	10582	11086	0	0	0	0	12945	0	12807	10777	0	5415	13533	39466	0	7191	17862	0	10212	8392	11182	6531	15821	21086	0	0	11464	15708	7846	12535	5453	0	8069	22358	0	7872	31719	11454	8007	9855	11897	10693	28288	7204	10510	0	26674	0	0	12379	6229	11386	8133	0	13268	14374	0	0	31284	35808	0	7471	0	0	0	19309
d__Bacteria;p__Bacillota_A;c__Clostridia;o__Oscillospirales;f__Oscillospiraceae;g__Intestinimonas;s__Intestinimonas butyriciproducens	0	0	0	0	0	0	0	0	6594	6173	0	0	0	0	0	0	5779	0	0	0	0	0	16341	11207	0	0	0	0	0	0	7001	0	0	0	6941	0	0	0	0	8148	0	0	0	0	0	0	0	0	0	0	0	0	0	0	0	0	0	0	0	0	0	0	0	0	0	0	7091	0	0	0	0	0	0	0	0	13501	0	0	26726	0	0	0	0	0	0	7619	0	0	0	0	0	0	0	11204	0	8849	0	5958	0	0	0	7681	0	0	0	14211	0	0	0	0	0	0	0	0	0	0	9977	0	0	0	0	0	0	8478	0	0	0	0	0	0	0	8721	0	9622	0	0	0	0	0	0	6431	0	0	0	0	8716	0	0	0	0	0	0	0	0	0	0	0	0
d__Bacteria;p__Bacillota_A;c__Clostridia;o__Oscillospirales;f__Oscillospiraceae;g__Intestinimonas;s__Intestinimonas massiliensis	0	0	0	0	0	0	0	0	0	9038	0	0	0	0	0	0	9159	6010	0	0	0	0	0	6048	0	0	7075	0	0	0	0	0	10062	5601	0	6896	0	0	7121	0	0	0	0	6177	0	6332	0	7346	5881	0	0	0	0	0	0	5232	5194	0	0	9792	10574	0	0	0	0	0	5809	0	0	0	0	0	0	6311	0	18069	0	0	8481	6624	0	0	0	0	0	0	0	0	0	0	0	9519	0	0	0	0	0	10339	0	0	0	0	0	0	0	0	0	0	0	0	0	0	0	0	5712	5217	0	0	0	0	0	0	5058	0	0	0	0	0	0	0	5340	0	0	0	6293	0	0	0	0	0	10127	0	0	0	0	0	0	0	8302	0	0	0	0	0	0	0	0	0
d__Bacteria;p__Bacillota_A;c__Clostridia;o__Oscillospirales;f__Oscillospiraceae;g__Lawsonibacter;s__Lawsonibacter aceti	0	0	0	0	0	0	0	4988	0	0	0	0	0	0	0	0	0	0	0	0	0	0	0	0	0	0	0	0	0	0	0	0	5559	0	0	0	4735	0	0	0	0	0	0	0	0	0	0	0	0	0	0	0	0	0	0	6685	0	0	0	0	0	0	0	0	0	0	0	0	0	0	0	0	0	0	0	0	0	0	0	0	0	0	0	0	0	5399	0	0	5900	0	0	0	0	5592	0	6261	0	6397	0	0	0	0	0	0	0	0	0	0	0	0	0	0	0	0	0	0	7023	5588	0	0	0	0	0	7821	0	0	0	0	0	0	0	0	0	0	0	0	0	0	5144	0	5853	0	0	0	0	5570	0	0	0	0	0	0	0	0	0	0	0	0
d__Bacteria;p__Bacillota_A;c__Clostridia;o__Oscillospirales;f__Oscillospiraceae;g__Lawsonibacter;s__Lawsonibacter asaccharolyticus	5962	0	6795	5497	5610	6098	0	5950	0	7124	0	4686	6201	5827	0	5197	5521	5533	0	8809	0	4799	5708	0	0	0	0	0	0	0	5339	0	9258	0	5070	0	0	6262	5903	6561	0	0	0	0	13416	0	5589	8889	0	0	5488	0	0	4859	0	14284	0	6385	6647	0	0	0	4935	7464	0	0	7077	7905	11344	0	0	4620	4922	6327	5963	10216	6110	5489	5460	5845	5839	0	6507	8976	5545	0	5456	4796	5781	0	5430	0	5814	10102	0	6921	9252	7322	0	0	0	0	0	4735	0	4848	5439	6018	0	0	6754	5719	0	0	7793	11024	6273	5532	5512	5775	0	5683	5093	6272	0	6307	4858	13263	0	6505	0	12199	5357	0	8985	5637	6549	0	8802	0	10232	0	6006	0	7085	0	5858	6297	0	0	8627	9346	6395	6636	0	0	6379	5724
d__Bacteria;p__Bacillota_A;c__Clostridia;o__Oscillospirales;f__Oscillospiraceae;g__Lawsonibacter;s__Lawsonibacter sp900066825	0	0	0	0	0	0	0	0	7083	0	0	0	20080	0	0	0	0	0	0	0	0	0	0	0	0	0	0	0	0	0	0	0	0	0	0	0	4984	0	0	0	0	0	0	0	0	0	0	0	0	0	0	0	0	0	8772	6357	0	0	0	0	0	0	0	0	0	0	0	0	0	0	0	0	0	0	0	0	0	5723	0	0	0	0	0	46128	0	0	0	0	0	5214	0	0	0	0	0	8065	0	0	0	8035	0	0	0	0	0	0	6642	0	0	7228	0	0	0	0	0	0	4874	0	0	0	0	0	0	0	0	0	7240	0	0	0	0	7396	0	0	0	0	0	0	0	0	6850	0	0	0	0	7481	0	0	0	0	0	0	0	0	0	0	0	0
d__Bacteria;p__Bacillota_A;c__Clostridia;o__Oscillospirales;f__Oscillospiraceae;g__Lawsonibacter_A;s__Lawsonibacter_A hominis	6321	0	0	0	6580	0	0	0	0	0	0	0	0	0	0	6501	6616	0	0	6858	0	5636	0	8275	0	0	0	0	0	0	0	0	0	0	23349	0	0	0	9145	0	0	0	0	0	0	6330	0	0	7052	0	0	6560	0	0	0	0	0	9767	0	0	8483	0	0	0	0	0	0	0	0	0	0	7773	7402	5752	0	8234	0	7271	0	6908	0	0	0	0	0	7052	0	0	0	0	7060	0	0	11488	0	5642	0	0	0	0	0	6340	0	0	0	0	0	0	0	0	0	5619	0	5523	0	0	0	0	0	0	0	7976	6273	0	0	0	0	6589	0	0	0	0	0	0	0	6233	0	5829	0	0	0	0	0	0	0	0	0	7227	0	0	0	0	0	0	0	0	7351	0
d__Bacteria;p__Bacillota_A;c__Clostridia;o__Oscillospirales;f__Oscillospiraceae;g__Onthomonas;s__Onthomonas sp003150485	0	0	0	0	5499	0	0	4902	0	0	9181	0	0	0	0	14047	0	0	0	0	0	0	0	0	0	0	3377	0	0	0	6056	0	0	0	0	0	0	0	8531	4889	0	22475	0	0	0	4865	0	0	0	0	0	0	0	0	0	0	6454	0	0	0	8573	0	0	26606	3980	0	5798	0	0	0	0	0	8159	3649	0	20748	0	0	0	0	4411	0	0	0	0	0	0	0	0	0	0	5662	0	0	0	5161	0	7534	11309	0	0	0	0	0	0	0	4517	0	0	0	4091	14011	0	0	0	0	7898	21203	0	0	0	0	11201	5614	0	0	8457	0	0	0	0	0	0	5127	0	0	0	0	0	0	0	0	4290	0	0	0	12111	0	0	0	0	0	0	0	0	0	0	0
d__Bacteria;p__Bacillota_A;c__Clostridia;o__Oscillospirales;f__Oscillospiraceae;g__Onthomonas;s__Onthomonas sp900545815	0	0	0	0	0	0	0	0	0	9540	0	0	0	6504	0	0	0	12038	0	0	0	4983	4793	0	0	0	0	0	12298	0	0	0	15544	5764	0	0	0	5907	0	0	0	0	0	7385	0	0	0	5692	16319	0	0	0	0	10606	0	9882	0	11946	0	10983	0	0	0	0	0	0	0	0	0	0	0	0	0	0	4677	0	0	0	0	0	0	0	5919	0	0	0	0	0	0	0	0	0	0	0	0	0	0	0	0	0	0	0	0	0	7508	0	0	13108	13429	0	0	0	7278	0	0	0	0	0	0	0	0	0	0	0	0	0	0	12016	0	11202	0	0	0	0	10351	17230	6248	0	0	0	0	0	0	7425	0	0	0	0	9417	0	0	0	0	0	0	0	0	9830
d__Bacteria;p__Bacillota_A;c__Clostridia;o__Oscillospirales;f__Oscillospiraceae;g__Pseudoflavonifractor;s__Pseudoflavonifractor faecis	0	0	0	0	4177	0	0	0	0	0	0	0	0	0	0	0	0	0	0	0	0	0	0	0	0	0	4258	0	0	0	0	0	0	0	4399	3617	0	3700	0	4144	0	0	0	0	0	4013	0	0	0	0	0	0	0	0	0	0	0	0	0	0	0	0	0	0	0	0	0	0	0	0	0	3871	0	6187	0	0	0	0	0	4263	0	3784	0	0	0	0	0	0	0	0	0	0	0	0	0	4364	0	0	0	0	0	0	0	0	0	0	0	0	0	4843	0	4522	0	0	0	0	4434	0	0	0	0	0	0	0	0	4174	0	0	0	0	0	0	0	0	0	0	0	0	0	0	0	0	0	0	0	0	5249	4705	0	0	0	0	0	0	0	0	0	0
d__Bacteria;p__Bacillota_A;c__Clostridia;o__Oscillospirales;f__Oscillospiraceae;g__Pseudoscilispira;s__Pseudoscilispira sp018369915	0	0	0	0	0	0	0	0	0	0	0	0	0	0	0	0	0	0	0	0	0	0	0	0	0	0	0	0	0	0	0	0	4476	0	0	0	0	0	0	0	0	0	5407	0	4633	0	0	0	0	0	0	0	0	0	0	4735	0	0	5304	0	0	0	0	0	0	4631	0	0	0	0	0	0	0	0	0	0	0	5400	0	0	0	0	0	0	0	4367	0	0	0	0	0	0	0	0	0	0	0	0	0	0	0	5401	0	0	0	0	0	0	0	0	0	0	0	0	0	0	0	5427	0	0	0	0	0	0	0	0	0	0	0	5087	0	5554	0	0	4986	0	0	0	0	0	0	0	0	0	0	0	0	5427	0	0	0	0	0	0	5833	0	0	5430
d__Bacteria;p__Bacillota_A;c__Clostridia;o__Oscillospirales;f__Oscillospiraceae;g__Scatomorpha;s__Scatomorpha intestinigallinarum	0	0	0	0	5667	0	0	0	0	0	0	0	0	0	0	0	67224	0	0	0	0	0	0	0	0	0	7242	0	0	0	0	0	0	12677	0	6849	0	0	6028	0	0	0	0	0	19750	5799	0	0	0	0	0	0	0	0	0	5650	0	0	0	0	10464	0	0	0	0	0	7691	0	0	0	0	0	0	0	0	157810	7331	0	19776	27909	0	0	0	0	0	0	0	0	0	0	10659	0	0	6009	0	0	0	0	0	0	0	0	0	0	0	0	0	0	0	0	0	0	0	0	13321	0	0	7956	0	0	0	0	8983	0	0	0	0	0	0	0	63801	0	6423	0	13252	0	0	0	0	0	0	0	6749	0	0	0	0	0	11157	0	0	0	0	0	0	0	0	0
d__Bacteria;p__Bacillota_A;c__Clostridia;o__Oscillospirales;f__Oscillospiraceae;g__Scatomorpha;s__Scatomorpha merdavium	0	0	0	0	0	0	0	0	0	0	0	0	0	0	0	0	6460	0	5250	0	0	0	0	0	0	0	22387	0	0	0	0	0	0	5424	0	0	0	0	5493	0	0	0	0	5237	0	0	0	0	0	0	0	0	0	0	0	0	0	8614	0	0	0	0	0	0	0	0	0	0	0	0	0	6083	0	0	0	17976	0	0	20263	0	0	0	0	0	0	0	0	0	0	0	0	0	0	0	14029	0	0	0	0	0	0	0	0	0	0	0	0	0	0	0	0	5305	0	0	5611	0	0	0	0	0	0	4826	0	0	0	0	0	0	0	0	0	0	0	0	0	7286	0	0	0	0	0	0	0	0	0	0	10988	0	0	0	0	0	0	0	0	0	0	0
d__Bacteria;p__Bacillota_A;c__Clostridia;o__Oscillospirales;f__Oscillospiraceae;g__Scatomorpha;s__Scatomorpha sp900545405	64022	0	0	0	0	0	0	0	0	0	0	0	0	0	0	0	13513	0	0	0	0	0	10007	9465	0	0	0	0	0	0	0	0	0	7292	0	0	0	0	7609	0	0	5824	0	7281	0	0	0	0	0	0	0	0	0	5984	0	5859	0	0	15955	0	133671	0	0	0	0	0	0	0	0	0	0	0	0	0	11270	0	6188	0	0	20616	0	0	0	0	0	0	0	0	0	0	134226	0	0	0	7823	32831	8937	0	0	0	0	0	0	0	5182	0	0	0	0	0	8495	5575	0	0	0	0	0	6545	0	0	0	5574	0	0	0	0	0	0	0	0	31027	0	33426	0	13819	6207	6051	0	0	0	0	0	7091	0	0	0	5967	0	0	0	0	0	0	0	0	0	0	0
d__Bacteria;p__Bacillota_A;c__Clostridia;o__Oscillospirales;f__Oscillospiraceae;g__UBA738;s__UBA738 sp003522945	0	0	0	7511	6816	5306	0	0	0	10461	0	0	0	0	0	6592	0	13402	6570	0	0	6370	21970	0	0	0	0	0	0	0	0	9125	0	0	0	0	0	0	0	0	0	0	0	9330	0	0	0	6253	11121	0	0	5904	8321	11041	0	38304	4981	0	0	16841	11443	8208	0	0	0	0	5741	0	0	0	0	0	7768	8499	5567	9294	0	0	0	0	0	0	0	0	0	11152	0	0	0	0	0	6325	0	0	0	0	0	0	10088	0	0	0	0	0	0	0	0	6178	6714	0	0	0	5277	5218	0	0	0	8143	0	0	0	0	0	37873	0	0	39195	0	7585	0	0	0	0	0	15989	0	0	0	0	0	0	0	8077	7343	8268	0	0	0	30855	0	0	0	0	5699	0	0	0	0
d__Bacteria;p__Bacillota_A;c__Clostridia;o__Oscillospirales;f__Oscillospiraceae;g__UMGS1766;s__UMGS1766 sp900554855	0	0	0	0	0	0	0	0	0	0	0	0	0	0	0	0	0	4967	0	0	0	0	0	0	0	0	0	0	0	0	0	0	0	0	0	0	0	0	0	0	0	0	0	0	0	0	0	0	0	0	0	0	0	0	0	0	0	0	5690	0	0	0	0	0	5257	0	0	0	0	0	0	0	0	0	0	0	0	0	0	0	0	0	6667	0	0	6327	0	0	0	0	0	0	6092	0	0	0	0	0	0	0	0	0	0	6264	0	0	0	0	8869	0	0	0	0	4678	6677	0	0	9470	0	0	0	0	0	0	0	6810	0	0	4581	0	0	0	0	0	0	0	0	0	0	0	0	0	5535	0	0	0	0	0	0	0	0	0	0	4248	0	0	0	4746
d__Bacteria;p__Bacillota_A;c__Clostridia;o__Oscillospirales;f__Oscillospiraceae;g__UMGS1766;s__UMGS1766 sp959602365	0	0	0	0	0	0	0	0	0	0	0	10885	6210	0	0	0	0	0	8774	0	0	6712	0	0	0	0	0	0	0	5624	5472	0	0	0	0	0	0	5715	0	5171	5981	6410	0	0	0	0	5953	0	0	0	0	0	0	5592	0	5488	0	0	0	0	0	0	9586	0	0	0	0	0	0	0	7895	0	0	0	0	0	4998	0	5645	0	0	0	0	0	0	0	0	0	0	0	15609	0	0	0	0	0	0	0	0	0	0	0	0	0	0	0	0	0	0	0	8242	0	0	0	0	0	0	0	0	0	0	0	8865	0	0	0	0	0	0	0	6381	0	0	0	0	0	0	0	0	0	0	0	0	0	0	0	0	0	0	0	0	0	0	0	0	0	0	0
d__Bacteria;p__Bacillota_A;c__Clostridia;o__Oscillospirales;f__Oscillospiraceae;g__Vescimonas;s__Vescimonas cirricatena	30598	17608	0	0	0	0	0	0	0	9921	0	0	21785	0	0	6367	0	0	21275	8051	0	0	17698	0	0	0	7435	0	18110	0	0	0	0	0	0	6901	0	6487	0	0	7043	0	0	0	0	8567	8766	0	16464	0	0	0	0	0	0	11651	0	0	0	77179	0	0	0	0	0	0	0	0	0	0	0	8410	0	0	0	8012	0	0	6143	0	0	0	0	0	0	0	5012	0	0	0	0	0	0	0	29844	38770	0	49346	20112	0	0	6008	0	0	0	0	0	8276	25353	0	174528	0	0	5301	8124	0	0	12775	17106	0	0	0	0	0	0	0	0	0	0	0	30293	0	0	0	0	40034	0	0	15221	0	0	7426	0	32789	7625	0	31045	0	0	0	0	0	0	6389	0	0	0	0
d__Bacteria;p__Bacillota_A;c__Clostridia;o__Oscillospirales;f__Oscillospiraceae;g__Vescimonas;s__Vescimonas coprocola	0	0	3955	5305	0	0	0	4417	0	0	5758	0	0	0	0	0	0	0	4091	3907	6809	0	5587	0	0	4992	0	23811	0	0	0	9542	4360	6396	0	0	0	0	0	0	0	9680	0	0	4329	26316	4820	4596	0	0	0	5755	0	0	0	0	0	9679	12195	4686	10532	4614	8731	26788	0	10175	0	0	0	0	5167	6589	0	0	7004	4366	18806	0	0	0	0	0	0	0	0	4417	0	4841	0	0	18445	0	4975	0	0	0	10520	0	0	5104	9917	0	0	6348	5707	10383	0	0	5344	0	4983	5680	0	0	0	0	0	0	0	0	0	0	5245	53893	0	4689	0	0	4437	0	0	0	17156	0	0	0	4341	0	5586	0	0	5251	6373	0	4095	9893	0	6089	0	0	11365	5773	0	0	0	0	0	0
d__Bacteria;p__Bacillota_A;c__Clostridia;o__Oscillospirales;f__Oscillospiraceae;g__Vescimonas;s__Vescimonas sp000435555	21954	10325	0	10823	4766	17921	0	0	0	10132	136368	52578	0	0	0	23927	0	18891	0	29559	0	23652	255854	34873	0	0	7527	0	4795	0	0	7485	90279	6167	0	0	0	22175	26327	0	0	5768	0	16283	25531	76119	0	27206	7955	45110	0	0	0	18526	0	80388	25660	0	0	27957	0	10587	0	0	0	0	0	0	0	0	0	6229	26914	0	0	28026	0	0	20722	0	19112	0	0	0	0	49778	0	0	0	0	0	7141	12783	0	9134	0	0	12744	0	0	0	0	0	6969	0	0	0	5086	9603	0	28214	34532	8243	13473	0	0	0	5764	4859	0	0	0	73266	0	0	10297	0	32980	6475	0	8850	0	0	0	11991	0	0	0	0	0	0	12294	0	11480	8061	0	9210	0	61349	0	0	0	0	11670	0	0	6762	0
d__Bacteria;p__Bacillota_A;c__Clostridia;o__Oscillospirales;f__Oscillospiraceae;g__Vescimonas;s__Vescimonas sp000435975	0	0	0	0	7153	0	0	58108	0	0	0	0	0	0	0	0	0	23303	0	0	0	22052	0	0	0	6620	0	0	0	0	6388	0	0	25720	0	0	0	12186	0	0	0	0	0	35536	0	0	0	32647	47757	0	0	0	7348	0	0	0	0	0	0	0	0	0	0	34367	5562	0	20257	0	0	0	0	0	5252	0	0	0	0	0	0	0	0	0	0	0	0	8805	0	0	24913	0	0	0	0	0	0	0	0	0	0	0	49755	0	0	0	0	0	24335	0	0	0	0	5479	0	0	0	5091	0	0	0	8444	0	18999	0	0	0	0	28391	5483	0	0	0	0	0	0	7026	15549	56477	0	0	0	0	0	0	0	0	0	0	0	0	0	0	0	0	0	0	0	0	8961
d__Bacteria;p__Bacillota_A;c__Clostridia;o__Oscillospirales;f__Oscillospiraceae;g__Vescimonas;s__Vescimonas sp003539495	0	0	0	32183	0	0	0	0	0	0	0	0	0	7433	0	0	0	0	0	0	0	0	0	0	0	0	0	0	0	0	0	0	0	0	0	5858	0	0	0	0	0	0	0	0	0	0	0	0	0	0	0	0	0	0	0	0	0	0	0	8511	0	0	0	0	0	0	0	0	0	0	0	0	0	0	0	0	0	0	0	0	6092	0	0	0	0	0	0	0	0	0	0	0	0	0	0	0	0	0	4482	0	0	0	0	0	0	0	0	0	0	0	6181	0	0	5497	0	0	0	0	0	0	0	0	0	0	0	0	0	0	0	0	0	0	30133	0	10902	0	6484	0	0	0	0	0	0	0	0	0	0	9880	17061	0	0	17919	0	6540	0	0	0	0
d__Bacteria;p__Bacillota_A;c__Clostridia;o__Oscillospirales;f__Oscillospiraceae;g__Vescimonas;s__Vescimonas sp900545585	0	6516	0	0	0	0	0	0	0	0	0	0	0	0	0	0	0	0	0	0	0	5710	4871	0	0	0	22971	0	0	0	0	0	0	0	0	0	0	0	0	0	0	0	0	0	0	0	0	0	20303	0	0	0	0	0	0	0	0	0	0	0	0	0	0	0	0	0	0	0	0	0	0	0	0	0	0	0	0	0	0	0	4497	0	0	0	0	0	0	0	0	0	0	0	5187	0	0	0	0	0	0	0	5378	0	0	0	0	0	0	0	0	0	0	4759	5012	0	9793	0	0	0	4968	0	0	0	0	0	0	0	0	0	4651	15749	0	0	0	0	5335	0	0	0	0	0	0	0	5038	0	4876	5494	0	0	0	0	0	0	0	0	0	0	0	0
d__Bacteria;p__Bacillota_A;c__Clostridia;o__Oscillospirales;f__Oscillospiraceae;g__Vescimonas;s__Vescimonas sp900552475	0	0	0	0	0	0	0	0	0	0	0	0	5946	0	0	0	0	0	0	0	0	0	0	0	0	0	0	0	0	0	0	0	0	0	0	0	0	0	0	0	0	5534	0	0	0	0	0	0	0	0	0	0	0	0	0	0	0	0	0	0	0	5527	0	0	0	9566	5504	0	0	0	5946	0	0	0	0	0	0	0	0	0	0	0	0	0	0	0	0	0	0	0	0	0	0	0	0	0	0	0	0	0	12613	6151	0	0	0	0	8430	0	6727	0	5076	0	0	0	0	0	0	0	5468	0	0	6902	0	0	0	5863	0	0	8259	0	0	0	0	8448	5780	0	0	0	0	0	0	0	6518	8782	0	0	0	4815	0	0	0	0	0	0	0	0	0	0
d__Bacteria;p__Bacillota_A;c__Clostridia;o__Oscillospirales;f__Ruminococcaceae;g__Anaerotruncus;s__Anaerotruncus colihominis	0	0	0	0	0	0	0	6195	6279	0	0	0	8352	0	0	0	0	0	0	0	0	0	0	0	0	0	0	6115	0	6112	0	0	0	0	0	0	0	0	0	6950	0	0	0	7596	0	0	0	0	0	0	0	0	0	0	0	0	0	0	0	0	0	0	0	6711	0	0	0	0	0	0	0	0	0	7903	0	0	0	0	6962	0	0	0	0	0	0	0	0	0	9645	0	0	0	0	0	0	6928	9849	0	0	0	0	0	0	0	0	0	0	0	0	9506	0	0	0	0	0	0	0	0	0	0	0	0	0	0	0	0	0	0	0	6746	0	6505	7881	0	0	0	0	0	0	5807	5740	6105	0	0	0	0	0	0	0	0	0	0	0	0	6075	0	5900	0
d__Bacteria;p__Bacillota_A;c__Clostridia;o__Oscillospirales;f__Ruminococcaceae;g__Anaerotruncus;s__Anaerotruncus massiliensis	11700	0	0	0	4866	0	0	0	0	0	0	0	0	4299	0	0	0	0	0	0	0	0	0	0	0	0	0	0	0	0	0	4400	0	0	0	0	0	0	4186	0	0	0	0	0	0	0	0	0	0	0	0	5570	0	0	0	0	0	0	0	0	9671	0	0	14286	0	0	7261	0	0	0	0	32819	5065	0	5175	5803	0	0	0	0	0	0	0	0	0	0	0	0	0	0	7509	0	0	5525	0	0	0	9628	5474	0	0	0	0	0	0	0	0	0	0	0	7647	0	0	0	0	0	0	0	0	0	0	5305	16925	0	0	0	0	0	0	0	0	0	0	4804	0	0	0	0	0	0	0	0	0	0	0	0	0	5492	51039	0	0	0	0	0	0	0	0	0
d__Bacteria;p__Bacillota_A;c__Clostridia;o__Oscillospirales;f__Ruminococcaceae;g__Anaerotruncus;s__Anaerotruncus rubiinfantis	0	0	0	0	0	0	0	0	0	0	0	0	0	0	0	0	0	0	2565	0	0	0	2281	0	0	0	2269	0	0	0	0	0	0	2305	0	0	0	0	0	0	0	0	0	0	0	0	0	0	0	0	0	0	0	0	0	2358	0	0	0	0	0	0	0	0	0	0	0	0	0	0	0	2406	0	0	0	2349	0	0	0	0	0	0	0	0	0	2252	0	0	2396	0	2344	0	0	2293	0	2469	0	0	0	0	0	0	0	0	2055	0	0	0	0	0	0	0	0	0	2530	0	0	0	0	0	0	0	2315	0	0	0	0	0	2369	0	0	0	0	0	2347	0	0	0	0	0	0	0	0	2272	0	0	2686	0	2412	0	0	0	0	0	0	0	0	0
d__Bacteria;p__Bacillota_A;c__Clostridia;o__Oscillospirales;f__Ruminococcaceae;g__Angelakisella;s__Angelakisella sp900547385	0	6173	0	4544	0	6339	0	0	0	6613	4957	0	0	0	0	0	0	0	0	0	0	0	9993	0	0	0	4595	0	0	0	0	0	10380	4504	0	8196	0	7080	0	0	0	7641	0	0	7596	10968	0	12850	10584	0	0	0	4679	0	0	5685	4663	4455	0	15993	0	0	0	0	0	0	5453	0	0	0	0	0	0	0	0	0	7689	0	0	0	0	0	0	0	0	0	0	0	0	0	0	7920	4362	0	0	0	0	0	0	0	0	0	0	4226	8592	0	5456	7109	8021	0	0	9513	6024	4741	9566	0	0	0	0	0	0	0	0	0	0	0	5853	0	0	0	4340	0	0	0	15064	5800	0	0	11590	0	0	5145	5694	0	5290	0	12505	0	0	0	0	0	0	9400	0	0	0	0
d__Bacteria;p__Bacillota_A;c__Clostridia;o__Oscillospirales;f__Ruminococcaceae;g__Avimicrobium;s__Avimicrobium caecorum	0	0	0	0	0	0	0	0	0	0	0	0	0	5045	0	0	0	0	0	0	4977	4912	6337	0	0	0	0	0	0	0	0	0	5214	0	0	5272	0	0	4418	0	0	0	0	0	5264	0	0	0	0	0	0	0	0	0	0	0	0	0	5206	0	0	0	6081	0	0	0	0	5546	6076	0	0	0	0	0	0	0	0	0	0	0	0	0	0	0	0	0	0	0	0	0	0	0	5512	6634	0	0	0	0	0	0	0	0	0	0	0	0	0	0	4834	0	0	0	0	0	0	0	0	5256	0	4744	0	0	6380	5168	0	0	0	5751	0	5241	0	0	4669	0	5613	0	5134	0	0	0	0	0	0	7098	0	6216	0	0	0	6189	5078	4979	0	4992	0	0	0	0
d__Bacteria;p__Bacillota_A;c__Clostridia;o__Oscillospirales;f__Ruminococcaceae;g__CAG-115;s__CAG-115 sp003531585	0	0	0	0	0	0	0	0	0	0	0	0	0	0	0	0	0	0	0	9784	0	0	0	0	0	0	0	0	0	0	0	0	0	0	0	0	0	0	0	0	0	9961	0	0	0	0	0	0	0	0	0	0	0	10425	0	0	0	0	0	0	0	0	0	0	0	5987	0	0	0	0	0	0	10124	0	5775	0	0	0	0	0	0	0	0	0	0	0	0	0	0	0	0	6096	0	0	0	0	0	0	0	0	0	0	0	0	7479	0	0	0	0	0	0	5996	58605	18853	0	28041	0	0	0	0	0	12162	0	11051	0	0	0	8002	0	0	0	28192	0	7448	0	0	0	0	6662	0	8839	0	0	0	28009	10697	0	0	0	0	0	8505	0	9021	0	0	0	0
d__Bacteria;p__Bacillota_A;c__Clostridia;o__Oscillospirales;f__Ruminococcaceae;g__Faecalibacterium;s__Faecalibacterium duncaniae	61215	19399	8368	15368	90815	12374	0	0	0	5224	57347	0	0	10802	11579	10164	0	13821	0	8839	9693	123130	5114	0	16830	44438	8821	0	9503	7215	17080	19132	28023	0	0	67056	0	12406	46930	14497	17921	31399	0	0	20998	4970	0	24041	8311	43847	0	18562	6784	49590	0	7984	7475	10184	19910	6792	0	189925	0	68944	14464	20955	0	0	0	6511	160668	6808	19896	9676	16339	0	8954	68297	17456	0	29248	0	70560	52485	58451	0	0	80045	0	0	0	30010	22581	60014	6178	0	0	0	61818	0	41237	32889	73221	7832	12151	6678	64249	21109	18938	0	0	113273	15734	12662	34073	0	5083	67017	25824	43097	118343	12584	5744	0	19625	39982	15377	31713	7641	31831	6601	43301	25967	12073	85735	7113	11043	0	15496	0	0	127001	12023	14502	24138	58140	75719	25449	15525	0	94786	52817	0	7455	53636	174369	70817	45238
d__Bacteria;p__Bacillota_A;c__Clostridia;o__Oscillospirales;f__Ruminococcaceae;g__Faecalibacterium;s__Faecalibacterium prausnitzii_D	12861	18581	58667	6199	0	13299	14825	32257	0	0	8237	0	0	37808	6377	15135	0	5931	0	16335	44375	12127	0	10049	8806	0	6387	0	10407	5270	33626	4528	20310	0	55272	10796	0	10707	11247	40279	6656	15471	0	0	16233	4729	60397	6380	6074	11988	0	5294	6087	31567	0	5271	14669	11124	14637	0	5468	17830	0	0	14308	8021	21130	0	0	5535	61511	0	24417	7416	33410	0	4982	0	7012	0	34882	0	39457	0	9037	26817	0	154000	0	11593	14365	12803	14026	19242	0	0	7964	0	17381	5761	30586	16039	10629	27400	26249	20713	25277	4857	11298	0	7003	5451	7418	7986	23184	0	14601	44659	30007	37273	21336	97471	0	8478	90436	0	7894	25767	58723	9721	5334	12151	5859	19503	36293	13829	20254	0	9904	0	0	9546	5982	10558	39402	61234	12525	23294	13419	24118	76573	12611	0	8344	0	5427	0	22882
d__Bacteria;p__Bacillota_A;c__Clostridia;o__Oscillospirales;f__Ruminococcaceae;g__Faecalibacterium;s__Faecalibacterium prausnitzii_E	0	0	0	0	0	0	0	0	0	6669	0	0	0	0	99377	0	0	0	0	9689	0	0	0	0	0	0	0	0	0	0	0	0	0	0	0	0	0	42019	0	0	0	4727	0	19301	7305	4219	0	0	0	0	0	0	0	0	0	0	7718	0	36888	0	0	0	0	0	118938	0	0	0	0	385809	0	0	85446	0	0	0	0	0	0	0	12855	0	0	0	0	0	0	0	0	0	0	0	119293	0	0	0	0	7750	0	0	0	0	115036	0	7316	90939	0	0	0	0	0	0	0	5352	0	0	0	0	7821	6425	0	0	0	0	132335	0	0	0	0	0	0	0	0	0	0	0	0	0	0	0	0	0	0	185296	0	0	4703	0	0	0	0	0	0	0	0	0	0	4394
d__Bacteria;p__Bacillota_A;c__Clostridia;o__Oscillospirales;f__Ruminococcaceae;g__Faecalibacterium;s__Faecalibacterium prausnitzii_I	6203	0	13486	4586	0	0	0	0	0	0	4785	0	0	0	9140	0	0	0	0	8792	4917	0	0	14599	4215	0	0	0	0	0	4323	4356	12913	0	6046	0	0	8394	7511	0	0	6593	0	0	0	0	0	5669	5563	5076	0	0	0	0	0	0	0	0	0	0	0	18399	0	0	12832	21731	0	0	0	0	6750	0	6704	0	4522	0	0	0	5842	0	8425	0	12162	0	0	32265	0	6961	0	0	0	15755	9285	0	0	0	0	4158	8369	0	4584	39161	0	0	7165	8782	9805	4798	9609	0	7327	0	7926	8763	5147	0	0	0	6814	9059	6568	0	0	0	14265	37753	0	8671	0	12328	0	0	0	0	9119	5574	9175	0	12908	0	0	6469	6626	10914	0	44984	6830	12680	0	0	6033	9260	7499	9203	0	0	5103	5738
d__Bacteria;p__Bacillota_A;c__Clostridia;o__Oscillospirales;f__Ruminococcaceae;g__Faecalibacterium;s__Faecalibacterium sp900539885	0	0	0	5393	0	0	0	0	0	5979	0	0	0	0	0	5798	0	0	0	7280	0	20183	0	8604	5414	0	0	0	0	0	0	0	47374	0	0	0	0	8507	0	0	0	5123	0	6640	66613	0	0	0	0	8839	0	0	0	10987	0	0	0	9658	0	0	0	15669	0	0	15446	9996	0	0	0	0	10192	0	11489	0	0	0	0	0	0	0	6303	0	12364	0	12166	19507	0	6299	0	0	0	10435	13301	0	0	0	16832	0	5484	0	5976	6792	16365	6449	10547	0	19060	0	6934	0	8090	0	0	5072	0	17063	0	0	0	8882	0	0	0	39309	35638	11659	5969	12348	0	0	0	0	0	0	5116	0	6673	0	14014	0	16823	14665	0	0	11567	0	8283	0	0	0	4698	12311	9201	18662	0	0	0	7566
d__Bacteria;p__Bacillota_A;c__Clostridia;o__Oscillospirales;f__Ruminococcaceae;g__Faecalibacterium;s__Faecalibacterium sp900539945	0	28000	0	15215	0	23025	0	0	0	12916	15665	0	0	5814	6078	0	0	8845	0	0	28122	33270	5086	4677	0	0	0	0	7497	0	6892	4826	21072	4938	0	6240	0	15585	0	0	0	47359	0	0	6925	0	0	22265	0	8751	0	5857	0	21617	0	0	5609	0	18753	4990	0	21243	0	0	13805	18730	11408	0	0	96585	15229	0	9030	0	13820	0	0	0	0	0	33006	0	0	0	69451	0	0	49647	0	0	27605	73793	26278	0	0	0	0	6763	9948	0	5577	13322	7384	15578	20087	19716	0	5752	10219	0	12487	9119	17805	8279	13095	9946	4444	12731	7721	37255	16151	0	0	8052	32752	78055	6711	19701	36619	9324	4277	0	0	25399	23608	8539	6043	0	17650	0	0	0	6400	39723	9869	11667	15069	0	0	24133	15876	13025	46578	50830	0	0	0	75621
d__Bacteria;p__Bacillota_A;c__Clostridia;o__Oscillospirales;f__Ruminococcaceae;g__Faecalibacterium;s__Faecalibacterium sp900758465	0	0	8287	0	0	4695	0	0	0	0	0	0	0	0	0	0	0	0	0	7165	4512	8277	0	4911	0	0	0	0	0	0	0	0	0	0	0	0	0	0	0	0	0	0	0	0	0	0	0	0	0	0	0	0	0	9157	0	6013	0	0	0	0	0	4978	0	0	0	6814	0	0	0	0	0	0	8492	0	0	0	0	0	5038	33196	0	0	0	0	0	0	0	0	0	8207	14149	0	0	0	0	0	0	0	6513	0	0	9957	0	0	0	0	0	0	0	0	0	0	9638	9332	0	0	0	22337	0	0	0	0	0	0	9401	0	0	7248	6025	0	0	0	0	0	6862	0	8889	0	15861	5732	0	9320	0	6211	8983	18724	0	6431	0	0	6224	11684	35063	9055	7723	6184	0	0
d__Bacteria;p__Bacillota_A;c__Clostridia;o__Oscillospirales;f__Ruminococcaceae;g__Faecalibacterium;s__Faecalibacterium sp905215595	11876	8021	76016	25081	18057	29360	0	0	0	7139	36723	0	0	86939	13033	0	0	53632	0	11008	0	59289	4861	8495	23222	0	8786	0	14670	5137	0	10825	30369	12805	0	8928	0	6630	18410	39751	12809	111855	0	26850	13298	8245	0	26154	9880	0	0	24873	0	9347	0	17497	8707	13004	33149	11623	0	152951	5652	28031	60377	14557	33597	0	0	7133	85881	7626	20989	65712	50147	5841	8949	44722	0	0	38987	0	0	0	226813	11615	25758	59465	0	0	0	141940	6950	190202	7880	0	17172	25444	23937	68653	71642	36287	62494	8187	24325	23187	0	7193	61037	0	8084	51165	21490	23515	94432	11975	6445	31530	18557	110490	47757	0	11257	89645	17437	16417	0	16082	17516	60146	8331	20984	12517	9032	16939	30384	7230	0	8241	0	0	30015	67271	13185	6458	90067	210750	26998	92479	90366	9485	22440	20252	46949	0	13230	153046	11899
d__Bacteria;p__Bacillota_A;c__Clostridia;o__Oscillospirales;f__Ruminococcaceae;g__Faecalibacterium;s__Faecalibacterium sp934514285	0	19600	11085	20268	6753	25880	0	0	8038	0	0	0	0	0	16466	5357	0	6116	0	0	12371	16040	0	0	5949	11814	0	0	6686	6943	98500	6351	31296	0	9159	0	103520	20300	6159	6653	7441	7414	0	31595	13191	0	5261	30201	0	0	0	0	0	9850	0	0	0	54388	34276	7301	0	12911	0	6866	16582	32902	32917	0	0	8108	19358	0	34832	0	9493	0	6073	0	5870	0	26188	0	100503	0	6005	0	0	28879	0	0	7513	14935	57601	95649	0	0	45389	6661	49339	9322	6592	9722	34772	17874	85835	23551	12909	29574	33312	0	0	7569	58604	25720	12121	22995	15076	11500	28243	47896	58341	39455	0	26594	89412	6079	10176	41248	59216	40827	0	0	17678	9698	13115	15096	17615	0	24872	0	183100	11867	9478	105176	26262	76175	12144	9818	0	120910	11923	43693	0	10399	0	8410	0	55293
d__Bacteria;p__Bacillota_A;c__Clostridia;o__Oscillospirales;f__Ruminococcaceae;g__Gemmiger;s__Gemmiger formicilis	54560	0	0	8121	19637	0	0	0	89394	0	27507	0	19937	26764	85899	17943	49775	11393	6208	23248	6295	23476	7775	107487	6763	0	10217	48460	0	0	55797	46063	5784	0	60999	67065	0	10697	9895	0	67849	133375	7314	0	6367	7515	47272	7387	5592	0	0	11959	87337	0	0	0	59313	73464	71111	0	0	20434	0	27376	0	60491	61932	0	0	66264	26696	7093	98520	37096	65085	0	231123	18552	8680	138290	41554	0	26534	0	11408	185463	0	131881	0	58099	0	16855	63859	84017	11457	0	24338	55051	122753	4895	38964	32053	0	12573	23503	75287	53697	35828	37374	0	14274	27620	8936	49656	15480	10552	40499	0	33530	85363	31041	0	105441	0	72882	20948	0	76442	23501	0	7499	65964	15085	122030	0	5031	18502	0	0	0	158194	42773	0	104211	21020	0	0	62035	0	0	52181	16706	0	30436	0	16717	91801	110030
d__Bacteria;p__Bacillota_A;c__Clostridia;o__Oscillospirales;f__Ruminococcaceae;g__Gemmiger;s__Gemmiger qucibialis	55534	25943	42693	23589	47478	43371	0	8517	44193	37259	9624	178253	0	0	36607	87545	0	30299	6199	15157	57067	10322	15681	8391	160297	0	5945	10444	28729	10384	59780	87770	72716	11565	18942	0	17407	45641	19392	43863	16871	195198	0	10278	6420	23584	0	33774	6755	92191	0	12610	7681	51891	8057	31268	52078	65173	52764	12473	0	37324	78221	7157	8031	11675	15834	69910	100815	12901	70507	0	7652	44937	26510	12022	122261	0	36815	0	8381	34024	0	49216	12116	21320	0	36016	13955	0	34687	21670	14811	0	5846	0	53561	56588	9128	5203	8204	38646	0	41683	5332	15760	34173	25886	59581	16335	138045	10872	6478	11082	72052	83326	0	108401	14031	55735	7237	29147	19321	0	41302	18990	91941	43436	9295	14978	21191	23055	17289	21192	15497	20859	56655	0	10065	12400	19741	53923	28241	19318	8710	13072	35698	12196	13372	0	13203	12397	51080	21880	71713	6814	32077	26314
d__Bacteria;p__Bacillota_A;c__Clostridia;o__Oscillospirales;f__Ruminococcaceae;g__Gemmiger;s__Gemmiger sp900539695	8201	0	8611	11264	0	6824	0	0	0	0	6702	0	0	0	6875	8882	0	12242	0	0	0	0	6029	13460	12014	0	0	0	0	0	0	0	7289	0	0	0	0	0	0	7583	0	7867	0	0	0	6564	0	6016	6477	0	0	0	0	10147	0	0	6620	6615	0	0	0	6314	9033	7525	9757	5450	12749	0	0	10078	6367	0	0	0	9078	0	0	0	0	0	7596	0	0	0	0	0	0	8796	0	0	17943	7331	10832	0	0	0	0	7359	7364	7572	0	25987	8620	0	9764	0	0	0	25976	0	5897	7227	10689	9082	0	6377	7073	0	7807	8612	6786	0	0	0	8328	6389	11027	8099	6721	6263	0	0	0	7721	16125	0	5698	0	20968	0	12539	0	0	8715	7140	11053	0	9661	0	0	6878	9785	0	6630	0	0	0	7789
d__Bacteria;p__Bacillota_A;c__Clostridia;o__Oscillospirales;f__Ruminococcaceae;g__Gemmiger;s__Gemmiger sp900540595	0	6039	0	12467	0	0	0	0	0	6280	13783	0	0	0	0	6537	0	0	0	0	0	0	0	0	0	0	0	0	0	0	0	0	22766	0	0	0	0	6345	35302	0	0	0	0	0	65888	0	0	5980	17663	0	0	0	0	0	0	0	0	0	0	0	0	0	0	0	0	0	14530	0	0	0	0	0	0	0	0	0	0	0	0	0	28288	0	0	0	0	0	0	15686	0	0	69569	0	9131	0	0	0	0	8665	0	11623	0	0	0	0	6708	0	0	113790	10882	0	0	6804	19977	9192	0	0	0	0	0	0	0	0	0	0	0	0	0	0	0	0	0	0	8236	5979	57362	9975	0	0	0	0	0	0	0	0	0	0	67971	0	11539	0	0	0	158028	37281	0	10129	0	0
d__Bacteria;p__Bacillota_A;c__Clostridia;o__Oscillospirales;f__Ruminococcaceae;g__Gemmiger;s__Gemmiger sp900540775	0	40294	0	0	0	0	0	0	0	0	0	0	0	0	0	5188	0	23405	0	0	12684	39297	0	0	42043	0	0	0	0	45054	0	0	0	0	0	0	0	0	0	0	12888	7800	0	0	0	0	0	0	0	0	0	0	0	12530	0	27530	0	0	11131	0	0	56039	0	0	0	0	52487	0	0	0	0	0	0	0	0	13962	0	0	0	0	0	0	0	0	17788	0	0	0	0	0	0	0	0	0	0	0	0	0	0	0	0	0	0	7497	0	0	0	0	0	0	0	5356	20805	0	56274	13077	0	0	0	136497	0	0	0	0	0	0	0	0	5987	0	0	0	0	0	0	0	6297	0	47626	149969	0	18420	8871	7879	8909	13547	0	27905	0	85382	5151	0	0	0	0	0	0	0
d__Bacteria;p__Bacillota_A;c__Clostridia;o__Oscillospirales;f__Ruminococcaceae;g__HGM13222;s__HGM13222 sp900757485	0	0	0	0	0	0	0	0	0	0	0	0	0	5852	0	0	0	0	5994	0	0	0	0	0	0	0	5639	0	0	0	0	0	0	0	0	0	0	0	0	0	0	0	0	0	6408	0	0	0	8858	0	0	0	0	0	0	0	7772	6840	0	0	0	0	0	0	0	0	0	0	0	0	0	0	0	0	0	6649	0	0	0	0	6018	0	0	0	0	7340	0	0	0	0	0	8012	0	0	0	0	0	7993	0	0	0	0	0	0	0	0	0	0	0	0	0	0	0	0	0	0	0	0	0	0	0	0	0	0	0	0	0	0	0	0	16679	0	0	0	0	0	0	0	0	0	0	0	0	0	0	0	0	0	6123	0	0	6323	0	0	0	0	0	0
d__Bacteria;p__Bacillota_A;c__Clostridia;o__Oscillospirales;f__Ruminococcaceae;g__Harryflintia;s__Harryflintia acetispora	0	0	0	0	0	0	0	0	0	0	0	0	0	0	0	0	0	2412	0	0	0	2348	0	0	0	0	0	0	0	0	0	0	0	2223	2724	0	0	0	0	2330	0	0	0	0	0	0	0	0	0	0	0	0	0	0	0	0	0	2282	0	0	0	0	0	0	0	0	2973	0	0	0	0	0	0	3127	0	2375	0	0	2483	0	0	0	0	0	0	0	0	0	0	0	2461	0	0	2909	0	3006	0	2394	0	0	0	0	0	0	0	0	0	0	0	0	0	0	0	0	0	0	0	2640	0	0	0	0	2704	0	0	0	0	0	0	0	0	2501	0	0	0	0	0	0	0	0	0	0	0	0	0	0	0	0	3215	0	0	0	0	0	0	0	2731	0
d__Bacteria;p__Bacillota_A;c__Clostridia;o__Oscillospirales;f__Ruminococcaceae;g__Hominimerdicola;s__Hominimerdicola aceti	0	14864	0	7919	5171	55617	0	0	0	4742	36227	73959	20048	14895	5380	20674	0	0	0	8045	0	5720	0	35446	0	0	0	0	16253	0	10058	5834	0	0	5693	0	0	0	58665	15191	18013	60595	0	7735	0	0	0	8885	0	7888	0	0	0	5859	0	4676	0	0	97105	0	0	23849	0	36059	52370	18738	0	0	0	0	79530	0	9965	0	4782	0	156111	5257	5745	0	0	0	0	0	387784	148082	7390	93026	0	0	0	0	116226	0	7277	13561	11861	17004	59045	46568	82035	39947	75920	0	37386	46371	7899	5227	115502	0	17908	8943	0	0	54078	15427	16823	6227	20425	0	15036	86758	36478	37945	57895	136914	0	5361	0	32665	17741	101919	8537	64531	130871	0	7486	0	6964	14385	0	64552	10715	0	46352	0	38398	30160	80370	40627	134484	72051	0	25225	0	0	0	36151
d__Bacteria;p__Bacillota_A;c__Clostridia;o__Oscillospirales;f__Ruminococcaceae;g__Negativibacillus;s__Negativibacillus faecipullorum	0	5483	0	0	0	0	0	0	0	0	10318	0	0	5264	0	0	0	0	0	0	0	0	0	0	0	0	0	7413	17232	0	0	0	6456	0	0	0	0	5485	0	0	0	0	0	0	0	0	0	0	5823	0	6548	0	0	0	0	5718	0	0	0	0	0	0	0	0	0	0	0	0	0	0	0	0	0	0	0	0	0	0	0	6573	0	0	0	0	0	0	0	0	0	0	0	0	0	7507	7829	0	0	0	6108	0	0	0	0	0	0	0	0	0	0	0	0	0	0	0	6873	0	12767	0	0	0	0	0	0	0	0	0	0	0	6524	0	6935	9521	9783	0	0	0	0	0	0	0	0	0	0	7015	0	0	0	0	0	0	0	0	28164	0	0	0	0	0
d__Bacteria;p__Bacillota_A;c__Clostridia;o__Oscillospirales;f__Ruminococcaceae;g__Negativibacillus;s__Negativibacillus massiliensis	0	0	0	0	0	6378	9352	0	0	0	0	0	0	0	5839	0	0	0	6229	0	0	6537	0	0	0	0	0	0	0	0	0	0	0	0	0	0	0	0	6053	0	0	0	0	0	41331	0	0	0	0	0	0	0	0	0	0	0	0	6984	11486	0	0	0	0	0	0	0	5398	0	0	0	0	0	0	0	0	0	7707	0	5595	47870	0	0	0	0	0	0	0	0	0	0	0	0	0	0	0	0	0	0	5765	0	20716	0	0	0	0	0	0	0	9723	0	0	0	0	0	26192	12859	0	0	7412	0	0	0	0	0	0	0	0	9144	0	0	7138	0	6535	0	5947	0	10291	0	0	17990	6231	0	0	6136	0	0	5952	0	0	0	6401	0	0	0	0	0	0	0
d__Bacteria;p__Bacillota_A;c__Clostridia;o__Oscillospirales;f__Ruminococcaceae;g__Negativibacillus;s__Negativibacillus sp000435195	16294	0	9851	5294	9165	0	0	54250	0	0	0	0	0	0	0	0	0	0	0	0	0	0	0	0	0	0	0	0	12069	0	0	0	0	5301	15154	0	0	0	0	0	0	7994	3846	4396	5841	5262	0	8500	0	0	0	0	0	0	0	0	0	0	0	0	0	0	0	0	7901	0	23015	0	0	0	10202	7150	0	15163	8030	5793	10128	0	0	0	7115	0	5351	0	8117	0	0	7804	30596	0	12358	0	0	0	0	17917	0	10586	0	0	0	8186	0	5652	4985	0	0	0	6789	0	29062	12193	0	5404	0	0	0	6142	0	11354	8206	9945	35302	0	0	0	8129	4913	0	0	0	0	0	0	0	4796	10020	0	4714	0	0	0	7964	0	0	0	10573	15083	9785	0	0	0	0	8783	0	0	0	23831
d__Bacteria;p__Bacillota_A;c__Clostridia;o__Oscillospirales;f__Ruminococcaceae;g__Porcipelethomonas;s__Porcipelethomonas ammoniilytica	0	0	0	0	0	0	0	0	0	0	0	0	0	0	0	11310	0	0	0	9456	0	0	0	0	0	0	5011	0	0	0	0	0	0	0	0	0	0	0	15848	0	0	0	0	4571	0	0	5736	0	5496	0	0	0	0	0	0	16687	0	12007	0	0	0	0	0	0	0	0	27158	0	0	0	40086	0	9228	0	7316	0	0	0	0	0	0	0	0	0	0	40032	0	0	0	0	0	0	0	0	0	0	7835	0	0	0	0	0	0	80401	21632	0	0	0	0	0	5058	22156	0	0	0	0	0	5467	0	0	0	19786	0	0	0	0	7597	0	0	0	0	36769	0	0	0	11783	0	0	46913	0	0	0	7112	0	0	0	25339	34234	0	0	0	0	0	30598	0	0	0	0
d__Bacteria;p__Bacillota_A;c__Clostridia;o__Oscillospirales;f__Ruminococcaceae;g__Porcipelethomonas;s__Porcipelethomonas sp900538575	8281	0	0	0	0	0	0	0	0	0	0	0	0	79966	0	0	116243	0	32215	0	0	0	0	0	0	0	0	0	32300	0	0	0	178084	0	0	0	71335	0	0	0	0	0	0	0	0	0	0	0	0	0	0	35515	6218	0	0	0	0	0	0	0	0	0	0	0	0	0	0	0	0	0	0	14488	0	0	0	8789	0	0	0	0	260290	0	0	0	0	0	0	0	0	0	0	41989	112919	34637	14665	0	0	19261	149952	0	0	0	0	0	0	0	11028	50748	0	0	0	0	0	21386	0	0	0	0	0	0	0	0	5657	0	0	0	0	0	0	0	0	0	0	0	121535	0	0	0	0	0	0	0	0	0	0	49167	0	0	0	0	0	0	0	0	0	0	0	0
d__Bacteria;p__Bacillota_A;c__Clostridia;o__Oscillospirales;f__Ruminococcaceae;g__Ruminiclostridium_E;s__Ruminiclostridium_E siraeum	7856	9130	7956	0	0	0	0	6161	0	4900	4190	0	0	5265	5194	6672	0	16757	27962	42842	0	14651	261333	0	4074	0	7536	0	0	6899	0	10696	51690	13204	7772	0	4834	8691	0	0	0	0	0	4952	4879	0	11465	31860	0	4661	0	13008	7560	0	0	61400	26623	32044	15952	0	6218	0	0	0	0	0	50447	0	0	0	0	8460	4908	0	14868	20966	0	5482	24169	0	0	0	0	0	4608	6583	0	0	7591	19819	58210	54381	12705	0	10032	9158	20162	9322	0	0	0	0	0	59738	10046	0	15418	67814	0	0	0	22865	0	0	0	0	4026	4525	0	41458	0	33960	0	4384	0	0	6581	8529	9279	0	7741	0	0	0	5574	40151	7275	0	53470	0	0	0	67989	4827	0	176425	7796	46282	0	0	0	0	27207	7310	0	0	0	0
d__Bacteria;p__Bacillota_A;c__Clostridia;o__Oscillospirales;f__Ruminococcaceae;g__Ruminococcus_C;s__Ruminococcus_C callidus	0	0	112307	0	0	0	0	0	0	0	7928	97631	0	0	0	0	0	0	0	0	0	11676	0	0	0	0	0	0	0	0	14602	0	0	0	0	0	0	29999	0	0	0	121262	0	0	0	0	0	0	0	0	0	0	0	0	0	0	0	0	47739	0	0	0	0	0	88696	0	0	0	0	0	0	0	0	0	0	0	0	0	0	0	0	0	11797	0	0	0	0	109964	0	0	0	0	0	0	0	0	0	0	0	0	0	0	0	0	0	110536	0	0	0	0	0	0	18514	9731	16557	17295	0	0	41539	0	0	0	0	49267	0	7335	0	0	0	0	0	0	12000	8601	0	0	0	0	0	0	0	0	0	0	0	0	0	0	0	0	100039	0	0	0	0	0	0	0
d__Bacteria;p__Bacillota_A;c__Clostridia;o__Oscillospirales;f__Ruminococcaceae;g__Ruminococcus_C;s__Ruminococcus_C sp000433635	0	0	0	0	0	51130	0	0	0	0	0	0	0	0	0	0	0	0	0	0	0	0	8535	0	0	0	0	0	0	0	0	69845	0	0	8041	0	0	0	0	0	0	0	0	0	0	0	0	0	0	21712	0	0	0	26991	0	0	0	0	0	0	0	0	0	22730	8517	0	0	0	0	0	0	0	0	0	0	0	0	0	0	0	0	0	0	0	0	0	0	0	0	0	0	0	0	0	0	0	0	0	0	0	0	0	0	0	0	29481	0	0	58775	0	0	0	0	0	0	0	0	0	0	0	0	0	0	0	93946	0	0	98162	0	122143	0	0	9481	28090	0	0	0	0	0	0	0	0	0	0	56582	0	0	0	0	0	0	69510	0	0	0	0	0	0
d__Bacteria;p__Bacillota_A;c__Clostridia;o__Oscillospirales;f__Ruminococcaceae;g__Ruminococcus_C;s__Ruminococcus_C sp000980705	0	17645	0	23042	41702	10130	0	0	0	0	0	0	0	0	0	0	0	0	0	0	0	0	0	35720	0	0	0	0	0	0	0	0	0	0	0	0	0	0	0	0	12837	0	0	0	0	0	0	0	0	0	0	0	0	24381	0	0	23327	0	0	0	0	0	0	0	0	0	0	0	0	0	0	0	0	0	0	0	23031	0	8375	0	0	0	0	0	0	0	0	0	0	0	0	0	0	0	0	0	0	0	0	0	0	0	0	0	0	0	0	0	19498	0	0	0	0	0	0	0	0	0	0	129955	0	0	29089	0	0	0	0	0	0	0	21234	0	0	0	0	0	10393	0	0	0	0	0	0	0	7577	0	0	0	8184	0	0	11391	0	0	0	0	0	0
d__Bacteria;p__Bacillota_A;c__Clostridia;o__Oscillospirales;f__Ruminococcaceae;g__Ruthenibacterium;s__	0	0	0	0	0	0	0	7169	0	0	0	0	7097	0	0	0	0	0	0	0	0	0	0	0	0	0	0	28141	0	0	0	0	0	0	10939	9995	0	0	0	0	0	0	0	0	0	6278	13985	0	0	0	0	0	0	0	0	0	0	0	0	0	0	0	0	0	0	0	0	0	0	0	0	0	0	0	0	0	0	0	6366	0	0	7094	0	0	0	0	0	0	8831	0	0	0	0	0	0	5799	0	17755	0	0	0	0	0	0	0	0	0	0	0	0	0	0	0	0	0	0	0	0	0	0	0	0	0	6664	0	0	6493	0	0	0	0	0	0	0	0	0	0	0	0	7045	0	0	0	0	0	0	0	0	0	0	0	0	0	0	0	0	0	0
d__Bacteria;p__Bacillota_A;c__Clostridia;o__Oscillospirales;f__Ruminococcaceae;g__Ruthenibacterium;s__Ruthenibacterium lactatiformans	8729	6466	9745	0	13458	0	7747	12657	7583	26993	8674	24938	30798	9506	7148	6749	12466	14724	85448	5755	0	0	9164	9416	0	9782	35470	15900	7886	11590	7602	9007	0	36224	10700	0	7838	8648	0	21433	0	0	10361	24971	7093	14625	28500	7789	15342	7183	56166	6871	6592	7450	9493	10412	6574	11752	7394	8577	11052	8864	13930	114667	0	0	16773	25922	10732	0	14714	80393	8431	70152	8690	27123	17336	71205	9907	19202	0	25029	7493	0	8672	8633	8376	8331	22156	17549	28580	8145	7943	9371	21393	12671	8952	7540	6620	8090	9303	9627	6527	6788	6801	7948	0	7891	0	41305	9092	8322	0	0	10296	7627	8266	8504	0	0	0	9530	38412	24874	0	0	11024	0	0	0	11505	7033	19991	0	0	9469	20236	8376	0	30231	9607	8016	0	7641	0	7306	9050	11799	15540	0	7438	9357	8664	0	0	0	6909	0
d__Bacteria;p__Bacillota_A;c__Clostridia;o__Oscillospirales;f__Ruminococcaceae;g__Ruthenibacterium;s__Ruthenibacterium merdipullorum	0	0	0	0	0	0	0	0	0	0	0	0	0	6171	0	0	19471	0	0	0	0	0	0	0	0	0	0	0	0	0	0	0	0	0	0	0	0	0	0	0	0	5400	0	0	8963	0	0	0	0	0	0	0	0	0	0	0	0	0	5301	0	0	0	0	0	0	0	6437	6153	0	0	0	0	0	0	0	0	23763	0	0	16932	0	0	0	0	0	0	0	0	0	11502	0	0	0	4937	8791	0	0	0	0	0	6407	0	0	0	0	0	0	0	0	14992	0	0	0	0	7954	0	5261	0	0	0	0	0	0	0	0	0	0	0	0	0	0	0	0	0	0	0	0	0	0	0	0	0	0	0	0	0	0	0	0	0	0	0	0	0	0	0	0	0
d__Bacteria;p__Bacillota_A;c__Clostridia;o__Oscillospirales;f__Ruminococcaceae;g__UBA3818;s__UBA3818 sp900557155	0	0	5963	0	5308	0	0	0	0	5291	0	0	0	0	0	0	0	5379	0	4965	0	4772	0	0	0	0	5777	0	0	0	0	0	5165	0	0	0	0	4954	0	0	0	5198	0	0	0	0	0	5592	0	4704	4677	0	0	0	0	6115	0	0	5291	7599	0	4952	0	5287	0	0	0	0	0	0	4709	5183	0	0	0	5016	5104	0	0	0	0	0	0	0	5361	0	0	5853	5196	0	0	0	5243	0	0	0	0	0	5281	0	0	0	0	0	0	0	0	0	5030	0	0	7512	0	0	6645	6453	0	6610	0	0	0	0	0	0	0	5931	0	6540	0	5726	0	0	0	0	5177	0	4815	0	5286	0	0	0	0	5337	0	0	0	0	0	0	0	0	5281	5441	0	0	5121	0
d__Bacteria;p__Bacillota_A;c__Clostridia;o__Oscillospirales;f__Ruminococcaceae;g__Zongyangia;s__Zongyangia gallinarum	0	0	0	0	0	0	0	0	0	0	0	0	2015	2280	0	0	3511	0	2050	0	0	0	0	0	0	0	0	0	1956	0	0	0	0	0	1880	2180	0	0	0	0	0	0	0	0	0	0	0	0	0	0	2134	0	0	0	0	2091	0	0	0	0	0	0	2152	0	0	0	1914	0	0	0	0	1928	2077	0	2084	0	2047	0	0	0	1863	0	0	0	0	0	0	1879	1876	0	1962	0	0	0	0	0	0	0	0	0	0	0	0	0	0	0	0	0	2184	0	0	2228	0	0	0	0	0	0	0	0	0	0	2833	0	0	0	0	0	0	0	0	0	0	0	1954	0	0	0	0	2517	0	0	0	0	0	0	1893	0	2118	0	0	0	2173	0	0	0	0	0
d__Bacteria;p__Bacillota_A;c__Clostridia;o__Oscillospirales;f__UBA644;g__UBA644;s__UBA644 sp900547165	0	0	0	0	5386	0	0	0	0	0	0	0	0	0	0	0	0	0	0	4589	0	0	9548	0	0	0	0	0	0	0	0	0	0	4700	0	0	0	0	0	0	0	8127	0	0	0	21402	0	0	5490	0	0	0	0	0	0	0	6365	0	0	6671	0	0	0	0	0	0	0	0	0	0	0	0	0	0	0	0	0	0	0	0	0	0	0	0	0	0	0	0	0	0	0	0	0	0	0	0	0	0	0	0	10012	0	0	0	0	0	0	0	0	0	0	0	0	0	9118	8201	0	0	5217	5894	0	0	0	0	0	0	0	0	0	0	0	0	0	0	0	5399	10977	0	0	0	0	0	0	5424	0	0	0	0	0	0	0	0	0	0	0	0	0	0
d__Bacteria;p__Bacillota_A;c__Clostridia;o__Oscillospirales;f__UMGS1783;g__UMGS1783;s__UMGS1783 sp900555065	0	3326	0	0	0	0	0	0	0	0	0	0	0	0	0	3748	0	0	0	0	0	0	0	0	0	0	0	0	0	0	0	0	0	4704	0	0	0	0	0	0	0	0	0	0	0	3988	0	0	0	0	0	0	0	0	0	0	0	0	0	0	0	0	0	0	0	0	0	0	0	0	0	0	4033	0	0	0	3354	0	3918	0	0	0	0	0	0	4674	0	0	0	0	0	0	0	0	3842	0	0	3740	0	0	0	0	0	0	0	0	0	3805	0	0	0	0	0	0	3940	0	0	0	0	0	0	0	0	0	0	0	0	0	0	0	4937	0	4510	0	4049	0	4455	0	0	0	0	0	0	0	0	0	0	0	3677	0	0	0	0	0	0	0	0	0
d__Bacteria;p__Bacillota_A;c__Clostridia;o__Peptostreptococcales;f__Anaerovoracaceae;g__Alangreenwoodia;s__Alangreenwoodia sp905206455	0	0	0	0	0	5383	0	0	0	6065	6097	0	0	0	5797	5412	6658	0	0	0	6110	0	0	0	0	0	0	0	0	0	0	6377	0	0	0	0	5415	0	0	0	5043	7607	0	4966	0	0	0	7295	0	0	0	0	0	0	0	6932	0	0	0	0	0	5403	0	0	0	5492	5208	0	0	0	7730	0	0	0	0	8567	0	0	0	0	0	0	0	0	0	5654	0	6486	5427	5821	0	0	0	6442	0	5234	6348	0	0	0	0	7839	0	0	0	6000	4876	5320	5829	0	0	5560	0	0	0	0	0	5992	5223	4938	0	7675	4807	0	5159	0	6152	8504	6912	6713	0	0	6716	5857	6942	0	0	0	0	0	6548	5600	5298	5653	6733	0	5543	5997	0	0	5867	4898	0	0	0	0	0	0
d__Bacteria;p__Bacillota_A;c__Clostridia;o__Peptostreptococcales;f__Anaerovoracaceae;g__CAG-238;s__CAG-238 sp900542245	0	5020	0	0	0	0	0	0	0	0	0	0	0	0	0	0	0	0	0	0	0	0	6123	0	0	0	0	0	0	0	0	0	0	0	0	0	0	0	0	0	0	4836	0	0	0	0	0	0	0	0	0	0	0	0	0	0	0	0	4900	0	0	0	0	0	0	0	0	0	0	0	6177	0	6048	0	0	0	0	0	0	0	0	0	0	0	5327	0	0	0	0	0	0	5048	0	0	0	0	0	0	4948	0	0	0	0	0	4704	0	4843	0	5021	0	6023	0	0	0	0	0	0	0	0	0	0	0	0	0	0	4361	6031	5358	4661	0	0	9016	5365	5455	0	0	5982	0	0	0	0	5837	0	0	0	6228	0	0	0	0	5468	8126	0	0	0	0	0	0
d__Bacteria;p__Bacillota_A;c__Clostridia;o__Peptostreptococcales;f__Anaerovoracaceae;g__Emergencia;s__Emergencia timonensis	0	0	0	0	0	0	0	15889	0	0	0	8559	8549	0	0	0	8849	0	0	0	0	0	0	0	0	11127	0	9835	0	0	0	0	0	0	16728	0	0	0	0	0	0	0	0	0	0	0	0	0	0	0	0	0	0	0	0	0	0	0	0	0	0	0	0	0	0	0	0	0	0	0	0	8990	0	10119	0	0	0	0	0	0	0	0	0	0	0	0	0	0	0	0	0	0	0	12992	0	7244	7849	8246	0	0	0	0	0	0	0	0	0	0	0	10003	0	0	0	0	0	0	10507	0	0	0	0	0	0	0	0	0	0	0	0	0	0	0	0	0	0	0	0	12411	0	0	0	0	0	0	0	0	0	0	0	0	0	0	0	0	0	0	10360	0
d__Bacteria;p__Bacillota_A;c__Clostridia;o__Peptostreptococcales;f__Anaerovoracaceae;g__Fimisoma;s__Fimisoma avicola	0	0	0	0	0	0	0	0	0	0	0	0	0	5418	0	0	5839	4002	0	0	0	0	0	0	0	0	7630	0	0	0	0	0	0	0	0	0	0	0	0	0	0	0	0	0	4067	0	0	0	0	0	0	0	0	0	0	0	0	0	0	0	3992	0	0	0	0	0	0	0	0	0	0	0	0	0	4036	7478	4565	8431	7501	4771	0	0	0	0	0	0	0	4138	0	0	4648	0	0	7100	0	0	0	0	0	0	4751	0	0	0	0	4173	0	0	0	0	0	0	0	0	4235	4332	0	0	0	0	0	0	0	0	0	0	0	0	0	0	0	0	0	0	0	0	0	0	0	0	0	0	0	0	0	0	0	0	0	0	0	0	4746	0	0	0	0	0
d__Bacteria;p__Bacillota_A;c__Clostridia;o__Peptostreptococcales;f__Anaerovoracaceae;g__Fimisoma;s__Fimisoma sp000435715	0	0	0	0	0	0	0	0	0	0	0	0	0	5560	0	0	0	0	6052	0	0	0	0	0	0	5804	0	0	0	0	0	0	0	0	7983	0	0	0	0	9694	0	0	0	0	5113	0	0	0	0	0	0	0	0	0	0	5778	0	0	0	0	5899	0	0	0	0	0	0	0	0	0	0	0	0	18721	5307	11101	0	7430	0	16576	0	30322	0	0	0	0	0	0	7190	23565	5377	0	0	0	0	5600	5554	0	0	0	0	0	0	0	0	0	0	0	0	9348	0	0	0	0	0	0	17151	4534	0	0	0	0	0	5643	0	0	0	0	0	0	0	0	0	0	0	0	0	0	0	16845	5594	0	0	0	0	0	0	0	0	0	0	0	0	0	0	0	0	0
d__Bacteria;p__Bacillota_A;c__Clostridia;o__Peptostreptococcales;f__Anaerovoracaceae;g__Hominibacterium;s__Hominibacterium hominis	6799	0	0	6239	0	0	0	0	0	0	6923	0	9977	7196	0	6209	0	5740	6659	0	0	5546	0	0	0	0	0	0	0	6731	0	5707	0	8733	0	0	0	6592	0	0	8958	0	0	0	0	0	0	0	0	7098	0	0	0	0	0	6484	0	0	0	0	0	0	7473	0	0	0	0	14003	0	0	9060	6563	0	6659	6665	7747	0	0	7702	7105	5545	0	0	0	0	0	0	7153	8916	0	0	0	0	5282	6867	0	0	6331	0	0	0	0	0	6711	0	0	0	0	6418	6510	0	0	0	0	0	0	0	6614	0	0	0	0	7284	0	0	0	8645	5728	0	0	6017	0	6977	0	0	0	0	0	0	7883	6389	0	7226	0	0	5764	0	0	0	6329	0	0	6631	0	0	0	0	0
d__Bacteria;p__Bacillota_A;c__Clostridia;o__Peptostreptococcales;f__Anaerovoracaceae;g__Lentihominibacter;s__Lentihominibacter excrementipullorum	5834	5070	0	0	0	0	0	7833	0	0	5365	0	5018	5895	0	0	5539	5271	0	0	0	0	0	0	0	0	0	0	0	0	0	0	0	5080	0	5613	0	0	0	0	0	5439	0	0	0	0	0	0	0	0	0	0	0	0	0	0	0	0	5005	0	5141	0	6755	0	0	0	5342	0	0	0	0	0	0	0	0	5970	4753	6189	7060	5239	0	0	0	0	0	0	0	0	0	0	5395	0	0	0	5601	0	5031	5143	0	0	5019	0	0	0	0	0	0	0	0	0	0	0	0	0	4550	0	4875	0	0	0	0	0	5837	0	0	0	0	0	0	0	5114	0	0	0	0	0	0	0	0	11357	0	0	0	0	0	0	5053	0	0	0	0	0	0	0	0	0	0	0
d__Bacteria;p__Bacillota_A;c__Clostridia;o__Peptostreptococcales;f__Anaerovoracaceae;g__Lentihominibacter;s__Lentihominibacter faecis	4085	4552	0	0	4476	0	0	9005	6956	4884	4915	6169	0	6901	0	5584	0	0	6536	0	0	5665	9018	4827	0	4238	5479	5865	5654	0	0	4986	4393	5619	0	5002	0	0	0	4777	4748	4783	0	5246	0	5690	5923	0	4588	4993	0	0	5680	0	0	0	4693	0	4353	4991	0	4197	4631	5767	4302	0	4309	0	0	0	6005	0	4669	0	4825	5520	0	0	4685	0	4513	0	0	0	0	4840	0	5713	9686	0	4307	0	0	0	4858	0	0	4470	4338	0	6030	4791	5078	0	0	0	4609	0	0	0	7964	0	0	4582	4835	5050	4706	0	0	0	0	0	6207	5828	0	0	5648	4317	0	0	4909	0	6358	0	0	4731	4854	0	0	0	0	5378	0	5013	0	0	3953	4793	4668	0	4449	4593	0	0	0	0	0	5330
d__Bacteria;p__Bacillota_A;c__Clostridia;o__Peptostreptococcales;f__Anaerovoracaceae;g__UMGS973;s__UMGS973 sp900547295	0	0	0	6363	0	0	0	0	0	5431	0	0	0	0	0	0	0	0	0	5868	0	0	22898	0	0	0	6774	0	0	0	0	0	0	0	0	0	0	4702	6403	0	0	5519	0	4723	0	0	0	4315	5497	0	0	0	0	4967	0	0	4523	0	0	3859	0	0	0	0	0	0	0	0	0	0	0	0	0	0	0	0	5485	0	0	0	6511	0	0	0	0	0	0	0	0	0	0	0	0	0	0	0	0	0	0	0	0	0	0	0	0	0	0	0	0	0	0	0	5100	4287	4221	0	0	0	0	0	0	0	0	0	0	8771	0	0	0	0	0	0	5479	0	5618	4957	0	0	0	0	0	0	0	4535	5832	0	0	0	0	0	0	0	0	0	0	0	0	0
d__Bacteria;p__Bacillota_A;c__Clostridia;o__Peptostreptococcales;f__Peptostreptococcaceae;g__Intestinibacter;s__Intestinibacter bartlettii	0	6379	19422	0	0	24301	41226	5683	0	5574	0	11658	0	20280	0	0	0	0	15935	0	5519	0	5264	11496	55317	0	6811	0	6426	6440	5987	9714	0	0	0	0	6267	0	0	0	0	11823	0	0	0	5581	22727	0	0	8069	0	5639	0	8796	0	0	0	0	17679	0	0	7058	0	0	0	0	0	0	0	0	0	0	6785	0	0	0	8066	0	0	22036	0	0	0	21899	0	17043	10896	19506	0	8139	0	0	5923	7379	6463	0	0	0	5053	14619	5569	0	0	0	6389	0	0	0	6873	6009	0	0	0	0	7496	17158	6469	0	0	15489	0	0	10976	6531	0	0	5577	6495	0	5375	0	0	6899	0	0	6416	5700	7061	7209	0	0	0	0	7357	0	0	0	0	0	0	0	7647	0	0	0	0	0	0
d__Bacteria;p__Bacillota_A;c__Clostridia;o__Peptostreptococcales;f__Peptostreptococcaceae;g__Intestinibacter;s__Intestinibacter sp900540355	0	16947	19279	0	0	7321	0	0	0	12738	0	0	0	15598	0	0	0	0	0	0	0	0	0	0	0	0	0	0	8409	0	0	17073	0	0	0	0	0	0	8275	13767	0	0	0	0	0	27574	0	0	0	0	0	0	0	0	0	0	0	9119	0	0	0	0	0	0	0	0	0	0	0	0	51734	0	0	0	0	0	9577	7935	0	0	0	0	0	0	0	0	0	10586	0	0	0	0	0	0	0	0	0	0	0	0	0	0	0	0	10736	0	0	0	7625	0	0	0	0	0	11942	0	0	0	0	11874	0	0	0	0	0	0	0	0	0	0	0	0	0	0	0	13306	10289	0	0	0	0	0	0	0	0	0	0	0	0	0	0	0	0	0	0	0	0	0
d__Bacteria;p__Bacillota_A;c__Clostridia;o__Peptostreptococcales;f__Peptostreptococcaceae;g__Romboutsia;s__Romboutsia timonensis	14176	9352	14699	0	0	7768	15969	17730	0	21111	7966	9621	10823	19681	0	6861	10306	0	24317	6063	0	0	11732	0	0	5705	10606	0	21060	6190	4873	7164	0	0	0	0	6904	5341	0	7986	0	11821	0	0	0	21856	12954	0	7967	6294	0	5577	0	5520	7476	0	10458	0	15281	6633	0	8016	5518	0	0	0	0	0	0	0	6825	13723	0	0	0	5157	6985	0	0	29371	8872	0	6545	0	0	0	0	26605	0	0	0	0	7761	5950	12833	0	0	0	7809	22492	16175	0	0	7215	7651	5385	5863	0	7674	0	22754	5497	8938	6613	5808	5972	8122	0	5582	0	0	0	8306	15558	6534	0	5791	10451	24012	17136	43527	0	8377	0	0	13113	7419	0	4699	0	0	5423	0	6361	6189	7364	5134	5931	0	0	6767	8782	12634	0	0	6474	0	0
d__Bacteria;p__Bacillota_A;c__Clostridia;o__Peptostreptococcales;f__Peptostreptococcaceae;g__Terrisporobacter;s__Terrisporobacter sp900557165	0	21421	0	0	0	7164	0	0	0	0	0	21283	0	17672	0	0	0	0	0	0	0	0	0	0	37111	0	0	0	8043	0	7694	13316	0	0	0	0	0	0	7152	14417	0	16957	0	7332	0	25475	10082	0	0	0	0	0	0	0	0	0	0	0	0	0	0	0	0	0	0	0	0	0	0	0	0	0	7461	0	0	0	15853	0	0	10838	0	0	0	0	0	0	0	17201	0	0	0	0	8849	0	0	0	0	0	0	0	0	0	0	0	0	0	0	0	8832	0	7407	0	11194	8902	13004	10610	8190	0	0	28690	0	0	7941	0	0	0	0	0	0	0	8148	0	10838	0	0	16816	13052	0	9877	0	0	0	0	0	0	0	0	0	0	0	0	0	0	0	0	0	0	0
d__Bacteria;p__Bacillota_A;c__Clostridia;o__TANB77;f__CAG-508;g__CAG-245;s__CAG-245 sp000435175	0	0	0	8538	0	0	0	0	0	3137	0	0	0	0	3300	0	0	0	0	0	0	0	0	0	0	0	0	0	0	0	4606	0	0	0	0	0	0	3426	5432	0	0	6390	0	0	0	0	0	9167	3767	0	0	0	0	4836	0	9346	0	0	6756	4919	0	0	0	0	0	0	0	0	0	0	0	0	0	0	0	0	0	0	0	5814	3640	0	0	0	0	0	0	0	0	0	0	0	0	0	0	0	0	0	3873	0	0	0	0	0	3595	0	0	5089	0	0	0	0	0	4090	0	0	12834	3992	4702	11818	0	0	8176	5407	0	0	0	0	0	0	0	3457	0	0	0	0	0	0	3923	0	0	0	6913	4838	5580	0	0	0	0	0	0	0	0	10182	0	0	0	0
d__Bacteria;p__Bacillota_A;c__Clostridia;o__TANB77;f__CAG-508;g__CAG-269;s__CAG-269 sp000431335	0	0	0	17948	4477	0	0	0	0	0	0	0	0	0	0	5764	0	0	9395	5113	0	0	3965	0	0	0	0	0	0	0	0	0	0	0	0	0	0	0	0	0	0	0	0	14421	0	0	0	0	0	0	0	4226	0	0	0	0	0	0	0	0	0	0	0	0	25437	0	0	0	0	0	0	0	0	0	6053	0	0	0	0	9799	3777	0	0	0	0	0	0	0	0	0	0	0	5096	0	0	0	0	0	0	0	0	0	0	0	0	0	0	0	7665	0	4281	0	0	0	0	0	0	4531	0	0	0	0	0	0	0	31464	0	0	0	0	0	0	0	0	0	0	0	0	10229	0	0	0	0	0	0	0	7421	4603	0	0	0	0	0	0	0	0	0	0
d__Bacteria;p__Bacillota_A;c__Clostridia;o__TANB77;f__CAG-508;g__CAG-269;s__CAG-269 sp000437215	0	0	0	14670	0	0	0	0	0	9192	0	0	0	0	8285	0	0	0	0	0	0	15154	0	0	0	0	0	0	0	0	0	5342	0	0	0	0	0	0	0	0	0	0	0	0	0	0	0	3761	0	0	0	0	0	5243	0	0	0	0	0	0	0	0	0	0	0	0	0	0	0	0	0	0	0	0	0	0	0	0	0	0	0	0	0	0	0	0	0	0	0	0	0	0	0	0	0	0	0	0	0	0	0	0	0	0	0	0	5283	0	0	0	0	8234	0	0	0	0	3786	6995	0	0	0	0	0	0	6351	0	0	4904	0	0	0	0	0	0	0	0	0	0	4891	0	0	0	6400	0	0	0	0	4986	0	0	0	0	0	0	0	0	0	0
d__Bacteria;p__Bacillota_A;c__Clostridia;o__TANB77;f__CAG-508;g__CAG-269;s__CAG-269 sp001916005	0	4378	0	0	0	0	0	0	0	0	0	0	0	0	0	0	0	0	0	0	0	0	0	5734	0	0	0	0	0	0	0	0	0	0	0	0	0	0	0	0	0	6306	0	0	0	0	0	0	0	0	0	0	0	0	0	0	0	0	7334	0	0	0	0	0	0	0	0	0	0	0	0	0	5270	0	0	0	0	0	0	0	0	0	0	0	0	0	0	0	0	0	0	0	6583	0	0	0	0	0	5285	0	0	0	0	0	7993	10563	6181	14586	0	0	0	0	0	0	0	0	0	0	0	0	0	0	0	0	0	5795	0	5134	0	0	0	0	0	0	0	0	0	0	0	0	0	0	0	8595	0	0	0	0	0	0	0	0	0	5011	0	0	0	0
d__Bacteria;p__Bacillota_A;c__Clostridia;o__TANB77;f__CAG-508;g__CAG-269;s__CAG-269 sp003525075	0	0	0	0	0	7523	0	0	0	0	0	0	0	0	3988	0	0	0	0	0	0	0	0	6356	0	0	0	0	0	0	0	0	0	0	20597	0	0	3897	0	0	0	0	0	0	0	0	0	5347	8621	0	0	0	0	4337	0	0	0	0	0	3470	0	0	0	0	0	0	0	0	0	0	0	0	5009	0	5852	0	0	0	4074	0	9055	0	0	0	0	0	0	0	0	0	0	0	6460	0	0	0	0	0	0	0	0	5400	0	0	3390	33579	0	0	0	0	5260	0	0	6145	0	0	0	10251	5730	0	0	0	0	0	0	0	4657	4262	0	0	0	15088	0	0	0	0	0	0	6135	0	0	4501	0	7849	11938	0	0	5811	0	0	0	0	5690	10311	0	0	0	9143
d__Bacteria;p__Bacillota_A;c__Clostridia;o__TANB77;f__CAG-508;g__CAG-273;s__CAG-273 sp000438355	3810	0	0	4561	0	3227	0	0	7982	0	0	0	0	0	0	7727	0	5120	4895	0	0	0	0	0	0	0	0	0	0	0	0	0	0	10446	0	0	0	4005	4275	0	0	0	0	7232	5062	0	0	0	0	0	0	0	0	3701	0	4243	0	0	0	0	3642	0	0	0	0	0	0	0	3810	0	0	4247	4164	8166	4521	14495	6831	4780	5271	5604	0	0	0	0	0	0	0	0	7366	0	0	0	0	0	0	5010	6231	0	0	0	0	8749	0	3588	4434	0	0	0	0	0	0	4403	0	0	0	0	0	3814	0	0	0	0	0	0	0	0	0	0	0	0	4160	7258	0	0	5448	0	0	0	4408	24101	9712	4519	0	0	3348	8378	0	0	0	0	0	0	11319	0	0	0	3666	0
d__Bacteria;p__Bacillota_A;c__Clostridia;o__TANB77;f__CAG-508;g__CAG-273;s__CAG-273 sp003534295	0	22218	0	0	23403	0	0	0	0	13138	0	0	0	0	0	23221	0	6551	0	3811	0	0	0	0	0	0	0	0	0	0	0	0	0	0	0	0	0	9294	7157	0	0	6145	0	0	0	103456	0	0	84678	0	0	0	0	0	0	9441	0	0	0	34601	0	0	0	0	0	0	0	0	0	0	0	0	27617	0	8631	0	0	0	0	0	5325	0	0	0	0	0	0	0	0	0	0	0	0	0	0	0	0	0	0	0	0	0	0	0	0	0	0	23156	0	0	0	42826	0	9864	0	0	0	0	0	0	0	0	0	0	0	0	0	0	0	0	0	0	0	0	0	0	0	0	0	0	0	0	0	0	0	0	0	0	0	0	0	0	0	5303	0	0	0	0
d__Bacteria;p__Bacillota_A;c__Clostridia;o__TANB77;f__CAG-508;g__Merdicola;s__Merdicola sp018371855	0	0	0	0	0	0	0	0	0	0	0	0	0	0	0	44748	0	0	0	0	0	0	0	0	0	0	0	0	0	0	0	39775	7866	0	0	50166	0	0	0	0	0	0	0	0	0	0	0	0	4163	0	0	0	0	0	0	0	5385	0	0	5335	0	0	0	0	0	0	0	0	0	0	0	0	0	0	0	0	0	0	18483	0	9834	0	0	0	0	0	0	0	0	0	3585	0	0	0	0	0	0	0	0	0	0	0	0	0	0	0	0	0	0	0	0	0	0	0	0	0	0	19712	5074	0	0	0	0	0	0	0	0	4876	0	0	0	0	0	0	0	6542	18388	0	0	7652	0	26908	0	0	0	0	0	0	0	0	0	0	66092	16526	0	0	0	0
d__Bacteria;p__Bacillota_A;c__Clostridia;o__UBA1381;f__UBA1381;g__Hominilimicola;s__Hominilimicola fabiformis	5985	5332	23745	16567	9327	4980	8451	0	5849	0	18723	0	5741	13871	15986	16168	9056	10085	0	7064	17420	5847	19698	5523	5941	28409	0	0	7294	0	6562	16870	18373	6251	0	0	26300	9707	11733	5458	7284	26146	15727	0	10950	0	11860	8204	0	10165	9396	0	0	10493	0	15273	0	11142	7105	0	8566	12610	0	7952	26156	15100	8109	0	0	10823	22161	7261	6252	7559	10678	7694	5778	5853	5690	5660	8770	0	5437	0	23912	29086	0	12228	0	15723	30639	16274	43310	6217	0	5674	15010	7222	50378	9545	0	37058	17809	11529	5470	63706	7673	10801	13546	0	5124	18115	9852	6296	11017	9252	7558	7699	13988	15916	12067	16909	0	27885	39108	8733	0	9083	20851	7187	0	21062	0	9953	23090	6630	0	10578	9483	19434	15727	15292	16149	16343	11797	29094	7545	7379	0	15256	18515	18430	22392	17654	0	12258	11447	10983
d__Bacteria;p__Bacillota_C;c__Negativicutes;o__Acidaminococcales;f__Acidaminococcaceae;g__Acidaminococcus;s__Acidaminococcus intestini	0	0	14172	0	0	0	0	0	0	0	0	0	0	0	0	0	0	0	4717	0	0	0	0	0	0	0	0	0	21736	0	0	0	0	35220	0	0	0	0	0	0	0	0	0	0	0	0	0	0	0	0	0	0	0	0	0	0	0	0	0	0	0	0	0	0	0	0	0	18989	0	0	0	0	0	44718	16718	0	0	0	0	0	0	0	0	0	0	0	0	0	0	0	0	0	0	7066	0	0	0	0	0	0	0	0	0	220324	0	0	0	0	0	0	0	0	0	0	0	0	0	0	0	0	0	0	0	0	0	0	0	0	0	0	62095	0	9841	13257	0	0	0	39893	0	0	0	0	0	0	0	0	0	0	0	0	0	0	0	0	0	10987	16453	0
d__Bacteria;p__Bacillota_C;c__Negativicutes;o__Acidaminococcales;f__Acidaminococcaceae;g__Phascolarctobacterium;s__Phascolarctobacterium faecium	0	0	0	0	26268	0	0	6509	0	0	0	0	0	0	9051	7847	0	22980	6910	13742	20743	0	47223	0	4121	11238	6277	0	3306	9878	0	5153	10888	0	0	10541	11822	0	12747	5120	0	0	4030	20664	0	0	0	0	5848	4397	0	9212	0	8041	0	31715	4925	0	0	0	20109	17401	5766	9679	0	0	0	0	0	0	0	7262	0	0	0	54343	0	0	0	0	0	0	17246	0	0	0	0	0	0	0	23798	20896	9523	32191	22403	0	0	0	0	0	0	13971	0	0	0	0	9868	5033	0	12423	27934	22006	0	10723	9463	12439	0	0	14944	0	0	9847	0	0	0	28176	4720	25238	0	7626	3460	41173	5404	16858	54151	0	0	24495	18627	5139	0	9534	29227	8812	0	0	5132	21576	0	0	0	0	35076	24903	0	12464	18613	0
d__Bacteria;p__Bacillota_C;c__Negativicutes;o__Veillonellales;f__Dialisteraceae;g__Dialister;s__Dialister invisus	0	0	0	0	0	32842	0	0	0	0	29988	40031	4085	38696	0	5057	0	11865	0	0	0	8526	0	0	0	0	0	0	32966	5575	8556	0	0	0	39054	0	0	0	0	0	0	0	5959	0	0	21069	21190	0	0	19416	16670	0	0	0	0	0	3231	13139	0	0	0	0	0	0	0	21412	21540	10347	0	0	0	0	16843	0	0	0	9072	5626	0	0	125522	0	0	10618	8555	0	4636	41035	0	26002	0	0	0	0	0	0	0	6071	0	25446	0	0	3611	0	0	0	0	0	0	0	0	0	0	0	19211	0	16683	0	46412	0	0	0	12003	30883	0	0	0	0	0	0	3400	0	0	0	0	12795	14580	0	0	0	35973	0	0	0	0	0	36536	0	0	0	56173	19339	0	0	65822	0	0	7685
d__Bacteria;p__Bacillota_G;c__DTU025;o__DTUO25;f__HGM14224;g__HGM14224;s__HGM14224 sp900761905	0	0	0	0	0	0	0	0	0	3308	2361	0	0	0	0	0	0	0	0	0	0	0	0	0	0	0	0	0	0	0	0	0	0	0	0	3039	0	2731	0	0	0	0	0	0	0	0	0	2838	0	0	0	0	0	0	0	0	0	0	0	3047	0	0	0	0	0	0	0	0	0	0	0	0	0	2646	0	3505	0	3076	0	0	0	0	0	0	0	0	0	0	0	0	0	2706	0	2754	0	4190	0	0	0	0	0	0	0	0	2337	0	0	0	0	0	2611	0	0	0	2858	0	0	0	0	0	0	0	0	0	0	0	0	2964	0	0	0	0	2350	0	2727	0	2830	0	0	0	0	0	0	0	2461	0	0	0	3114	0	0	0	0	0	0	0	0	0
d__Bacteria;p__Bacillota_I;c__Bacilli_A;o__Erysipelotrichales;f__Coprobacillaceae;g__Allocoprobacillus;s__Allocoprobacillus merdigallinarum	0	0	0	0	0	0	0	0	6118	0	0	0	0	0	0	0	5036	5728	5742	0	0	0	0	0	0	0	0	0	0	0	0	0	0	0	0	0	0	0	0	0	0	0	0	0	8065	0	6068	0	0	0	0	0	0	0	7560	0	0	0	0	0	5981	0	0	0	0	0	0	0	0	0	0	0	0	0	0	0	0	0	6037	0	0	8634	0	0	0	0	0	0	6653	5896	0	0	0	0	0	0	0	5667	0	0	0	0	0	0	0	0	0	0	0	9932	0	0	0	0	0	0	0	0	0	0	0	0	0	0	0	0	0	0	0	0	0	0	0	0	0	0	0	0	0	12466	0	0	0	0	0	0	0	0	0	0	0	0	0	0	0	0	0	0
d__Bacteria;p__Bacillota_I;c__Bacilli_A;o__Erysipelotrichales;f__Coprobacillaceae;g__Coprobacillus;s__Coprobacillus cateniformis	0	0	0	0	0	0	0	0	0	0	0	0	0	0	0	0	0	0	0	0	0	0	0	0	0	0	0	0	0	20250	0	0	0	0	0	0	0	0	0	0	0	0	0	0	0	14214	0	8158	0	0	26364	0	0	8359	0	0	0	0	0	0	0	0	0	17683	0	0	0	0	0	0	0	0	0	11181	8176	0	0	0	7491	0	0	0	0	21312	0	0	0	0	0	0	0	0	0	14256	0	0	0	0	0	0	0	0	0	0	0	7595	0	0	0	13408	0	0	0	0	0	0	0	0	0	0	0	0	0	0	0	0	0	0	0	0	0	0	0	0	0	0	6734	0	0	0	0	8172	0	0	0	0	0	0	17852	0	0	0	0	0	0	0	9003	0
d__Bacteria;p__Bacillota_I;c__Bacilli_A;o__Erysipelotrichales;f__Coprobacillaceae;g__Faecalibacillus;s__Faecalibacillus faecis	0	8187	0	0	0	0	7162	0	14156	0	0	0	0	0	6617	0	0	0	0	0	10571	6356	0	0	0	0	0	0	0	0	0	0	6214	0	19870	0	0	5323	0	0	0	0	0	0	0	0	0	0	0	0	0	5521	0	7758	0	7610	0	0	0	0	0	0	0	0	0	0	19799	0	0	0	0	0	0	0	0	0	0	16148	0	0	0	0	0	0	0	8739	0	14903	0	0	0	5527	9945	0	0	0	0	7642	0	0	0	0	0	5520	6683	5841	0	0	0	0	0	0	0	6438	5306	0	6229	0	0	5815	0	0	0	10012	6656	5297	0	0	8432	0	0	0	0	0	0	0	5547	0	0	0	0	0	0	0	0	0	0	0	0	0	0	0	0	0	0	0	0	5263
d__Bacteria;p__Bacillota_I;c__Bacilli_A;o__Erysipelotrichales;f__Coprobacillaceae;g__Faecalibacillus;s__Faecalibacillus intestinalis	0	0	0	0	6500	0	0	0	21386	0	0	30335	0	0	13970	11967	0	0	6023	5171	13055	0	5520	5698	20606	19030	0	0	6173	0	5369	8077	20198	0	0	0	11581	0	0	0	8651	11440	26404	0	0	0	0	5657	9401	11982	11786	5580	0	8507	0	11647	5459	0	10887	5811	0	7091	11991	50278	11740	14854	0	0	0	37750	16649	0	10994	18008	5562	8675	10342	0	6541	5465	8031	0	0	0	33755	0	0	7701	0	0	12789	7312	8633	0	0	0	0	0	5091	28581	6530	27272	23756	12341	9491	20121	6423	0	8952	0	9366	21188	5943	0	0	0	0	19931	0	6404	28676	27082	6131	0	13059	15619	47558	10891	12534	7744	0	5748	7483	5663	8506	9290	0	0	8793	22001	7701	15002	11073	24995	6134	16813	4706	16242	0	15838	8762	6963	19261	6848	0	0	12408	0
d__Bacteria;p__Bacillota_I;c__Bacilli_A;o__Erysipelotrichales;f__Coprobacillaceae;g__Thomasclavelia;s__Thomasclavelia spiroformis	0	0	0	0	0	0	6169	0	5499	0	0	0	7542	5736	0	0	0	0	5565	0	0	0	0	0	0	0	0	0	0	0	0	5778	0	0	5119	0	0	0	0	0	0	0	0	0	0	0	4882	0	0	0	5448	0	0	0	0	5182	0	0	0	0	0	0	5314	0	0	0	0	0	0	0	0	0	0	0	0	0	4878	0	11764	8231	0	0	0	0	0	0	0	0	0	0	7391	0	0	5455	0	0	0	4932	0	6519	0	0	0	0	0	0	0	0	0	0	0	0	0	0	0	0	0	6220	0	0	6217	0	0	0	0	0	0	0	0	0	0	0	0	0	0	0	7429	0	0	6540	0	0	0	0	0	0	0	0	0	5268	0	0	0	0	0	0	0	0
d__Bacteria;p__Bacillota_I;c__Bacilli_A;o__Erysipelotrichales;f__Erysipelotrichaceae;g__Clostridium_AQ;s__Clostridium_AQ innocuum	0	0	0	0	0	0	10266	53738	12212	0	0	11322	0	0	0	0	0	0	8918	0	0	0	0	0	0	0	0	0	0	11257	0	10090	0	11161	0	0	0	0	0	9476	0	0	8848	10560	0	17724	11502	0	10547	0	12303	0	0	0	24558	0	0	0	0	0	0	10699	9727	0	0	0	10558	11270	60749	0	0	9543	0	11779	10994	0	0	0	11256	0	0	0	0	0	0	0	9014	0	124849	8389	0	0	0	0	17407	0	0	12805	0	0	0	0	0	0	0	0	13738	0	0	16481	0	10485	0	0	0	0	0	0	0	0	0	0	0	0	0	0	0	0	0	0	0	0	0	0	0	16624	0	17764	0	12766	0	0	0	0	0	0	0	0	10334	0	0	0	0	0	0	0	0	0
d__Bacteria;p__Bacillota_I;c__Bacilli_A;o__Erysipelotrichales;f__Erysipelotrichaceae;g__Holdemanella;s__Holdemanella porci	9551	0	0	0	27142	0	0	0	0	0	0	0	0	0	0	0	0	0	0	0	0	0	0	0	0	0	0	0	0	11173	0	0	0	0	0	0	0	0	9636	0	16511	0	0	0	0	5910	0	0	0	0	0	4534	98200	0	0	0	0	0	0	0	0	25509	0	0	0	0	0	0	0	0	0	98501	16649	0	0	0	0	0	0	0	210253	0	0	0	0	0	0	0	0	0	0	0	0	0	0	0	0	0	0	0	0	0	0	0	17546	0	0	0	0	0	0	0	24510	19528	0	0	0	0	0	0	25741	0	0	0	0	0	0	0	0	0	0	0	0	0	0	0	0	0	0	0	0	0	0	0	8523	0	53940	0	0	0	30777	0	0	0	0	0	0	0
d__Bacteria;p__Bacillota_I;c__Bacilli_A;o__Erysipelotrichales;f__Erysipelotrichaceae;g__Longicatena;s__Longicatena caecimuris	0	0	0	0	0	0	10510	0	0	0	0	12168	0	7065	0	0	18063	0	50317	0	0	0	0	8017	0	0	0	8246	5713	0	0	0	8003	0	5452	0	0	0	0	0	0	0	9381	0	7024	0	9146	0	0	0	0	0	0	0	0	0	0	7514	0	0	38362	0	0	8356	0	0	8590	11175	0	0	0	0	0	0	0	0	6141	0	7896	6665	0	0	0	0	0	0	0	0	12483	7291	0	0	0	0	0	0	0	7440	8130	0	0	0	0	0	0	0	0	5963	0	7701	0	0	0	0	7546	0	0	0	0	0	0	0	0	0	0	0	0	0	0	0	0	0	0	0	0	0	0	0	0	0	0	0	0	0	0	0	0	0	0	0	0	0	0	0	12237	0	0	0
d__Bacteria;p__Bacillota_I;c__Bacilli_A;o__Erysipelotrichales;f__Erysipelotrichaceae;g__Merdibacter;s__Merdibacter merdipullorum	0	0	0	0	0	0	0	0	0	0	7625	0	0	0	0	6095	0	6103	0	0	0	5006	5978	0	0	0	0	0	0	0	0	0	0	0	0	5308	0	0	8500	0	0	8501	0	0	0	0	0	7759	0	0	0	0	0	6956	0	0	0	0	9930	8266	0	0	0	0	0	0	0	0	0	0	0	0	0	0	6035	5810	0	0	0	0	0	0	0	0	0	0	0	0	0	0	0	0	0	0	7722	0	0	0	0	0	0	0	0	0	0	0	0	0	7904	0	0	0	0	0	11612	32406	0	0	0	0	0	0	16086	0	0	0	0	0	0	0	6116	0	0	0	0	8334	0	0	0	0	0	0	0	0	0	0	0	0	0	0	0	0	0	0	0	0	0	0
d__Bacteria;p__Bacillota_I;c__Bacilli_A;o__ML615J-28;f__CAG-313;g__CAG-313;s__CAG-313 sp000433035	0	0	0	0	0	0	0	0	0	0	0	0	0	0	0	0	0	0	0	0	0	0	6549	0	0	0	0	0	0	0	3982	0	0	0	0	0	0	0	0	0	0	3740	0	0	0	4383	0	0	0	0	0	0	0	0	0	0	0	0	0	0	0	0	0	0	5122	0	0	0	0	0	0	0	3941	0	0	0	0	0	7088	0	0	0	0	0	0	0	0	0	0	0	0	3753	0	3858	7856	0	0	0	0	0	0	0	0	0	0	0	0	0	0	0	0	0	0	0	27555	0	0	3293	0	0	0	0	0	0	0	0	0	0	0	0	0	0	0	0	0	0	4990	0	0	0	0	0	0	0	0	0	0	0	5555	0	0	0	0	8813	0	0	0	0
d__Bacteria;p__Bacillota_I;c__Bacilli_A;o__RF39;f__UBA660;g__CAG-302;s__CAG-302 sp934162325	0	57896	0	0	0	0	0	0	0	4829	0	0	0	0	0	11272	0	82650	25228	4917	0	19929	0	0	0	0	23335	0	0	0	10857	0	0	0	0	0	0	3088	0	0	0	0	0	0	0	0	0	3085	9184	0	0	0	0	0	0	6099	8972	0	0	0	0	0	0	0	0	0	0	0	0	0	0	0	0	0	3844	0	0	0	0	0	5760	0	0	0	0	0	0	0	0	0	0	0	0	0	0	0	0	0	0	0	0	0	0	0	0	0	0	0	0	0	5867	0	0	0	98321	0	0	4598	0	0	0	0	0	0	0	0	0	6293	0	0	19075	0	0	0	15475	8281	0	0	0	0	0	0	0	0	0	0	0	0	0	0	0	0	0	0	0	0	0	0
d__Bacteria;p__Bacteroidota;c__Bacteroidia;o__Bacteroidales;f__Bacteroidaceae;g__Bacteroides;s__Bacteroides caccae	0	14973	51701	24553	21262	13964	0	0	0	15725	9978	0	0	19811	0	0	0	23061	52339	0	0	11195	64198	0	0	0	76409	0	0	152932	10818	0	15956	11704	0	0	0	38920	7949	104248	0	0	0	36879	11371	38008	0	8517	22581	0	0	8395	36994	12055	0	10089	0	0	0	14497	0	22123	10073	10227	0	74337	0	0	51757	195040	17392	501408	10710	74528	38952	0	31713	177099	7390	0	0	12774	40323	0	0	0	25110	0	0	0	13518	38907	16490	20073	31516	0	0	11158	29459	13934	28985	17564	14342	11513	12877	12982	107232	16107	7600	0	0	0	67867	12131	0	0	0	0	0	0	0	0	12487	27411	24266	0	10840	10444	0	0	0	0	0	0	9326	0	0	92872	0	89543	0	62243	15158	0	23145	51497	34373	11992	91330	11104	78923	52492	11776	20832	43292	9631	17069	11114
d__Bacteria;p__Bacteroidota;c__Bacteroidia;o__Bacteroidales;f__Bacteroidaceae;g__Bacteroides;s__Bacteroides cellulosilyticus	8417	0	23905	24355	31479	13896	0	0	8906	12387	11273	0	0	7444	10592	0	0	12039	10350	14365	32152	0	84921	413405	0	0	10564	0	0	0	0	0	14337	19169	0	0	0	8284	32678	0	0	0	0	0	18585	0	9348	19353	0	0	0	0	0	0	0	21491	29195	19432	15703	0	0	31198	0	19637	198904	72156	8069	0	0	0	0	9863	12470	0	0	38396	0	972491	0	0	0	0	0	0	0	144173	0	0	10349	0	0	0	23876	102384	9100	130905	14420	99224	8885	0	0	251427	10910	48593	7594	0	17677	254514	0	0	0	0	529147	12729	0	0	0	0	0	0	13868	86783	37927	67999	45246	12377	0	0	12228	0	25127	295559	13215	0	17717	8900	0	0	0	10045	208662	48893	102208	51367	0	0	28782	43509	0	65662	22573	51115	0	21610	0	0	0	0
d__Bacteria;p__Bacteroidota;c__Bacteroidia;o__Bacteroidales;f__Bacteroidaceae;g__Bacteroides;s__Bacteroides clarus	0	0	0	0	0	0	0	0	13984	0	0	0	0	0	0	0	12765	0	32982	0	0	0	0	0	0	0	0	0	0	0	0	0	0	0	0	28386	16552	0	0	0	0	0	0	0	0	0	0	0	0	0	0	0	0	0	0	0	0	0	0	7597	0	0	0	0	0	0	0	0	0	0	0	0	0	9146	0	0	0	0	0	0	0	0	0	0	0	0	0	6722	0	0	0	0	0	0	0	0	0	0	0	0	0	17084	8190	43190	0	0	0	0	0	0	0	0	18361	9161	0	0	11807	32939	16411	12105	0	0	0	0	0	0	0	0	28067	0	0	0	7341	0	6858	0	0	34400	0	0	0	0	0	0	7937	0	0	0	0	0	0	0	0	0	0	0	7342	9169
d__Bacteria;p__Bacteroidota;c__Bacteroidia;o__Bacteroidales;f__Bacteroidaceae;g__Bacteroides;s__Bacteroides eggerthii	0	0	0	11999	0	0	0	139503	0	0	0	0	0	0	79749	0	13908	0	87182	0	0	0	9509	0	0	0	0	0	0	0	0	0	0	0	0	0	0	0	0	0	0	0	0	0	68023	0	0	77418	0	0	0	0	0	23330	0	18072	0	0	127083	21535	0	0	0	0	0	0	0	0	0	0	0	13512	125781	0	0	0	0	0	0	0	39957	21284	0	0	0	0	0	0	0	0	0	0	0	0	0	0	0	0	0	61548	521425	0	0	79252	0	0	0	0	0	0	321328	10544	0	0	0	0	66644	40076	0	0	0	0	0	0	0	0	0	0	85948	53705	0	0	0	0	0	0	0	40151	0	0	0	0	0	24507	0	87257	0	0	0	0	0	0	0	0	0	0	0	25890
d__Bacteria;p__Bacteroidota;c__Bacteroidia;o__Bacteroidales;f__Bacteroidaceae;g__Bacteroides;s__Bacteroides faecis	0	0	0	0	0	0	0	0	0	0	0	0	133439	0	45944	0	0	0	0	13079	0	25812	0	0	0	16015	0	0	0	0	14411	0	0	0	0	0	0	10742	0	0	0	0	0	0	45379	0	0	0	0	0	0	0	0	0	0	0	0	0	0	0	0	0	0	0	0	37215	0	0	0	0	0	0	13674	10780	0	0	0	0	0	0	0	0	55624	0	0	0	0	0	0	0	0	46397	0	0	0	0	0	0	0	0	0	0	0	0	12193	0	0	0	0	0	28870	0	14747	11126	0	0	0	0	0	0	0	0	0	64132	49323	0	0	0	0	0	0	45275	0	0	0	0	0	0	0	0	0	0	0	0	13791	0	0	0	12945	0	0	0	0	0	0	0	0	0
d__Bacteria;p__Bacteroidota;c__Bacteroidia;o__Bacteroidales;f__Bacteroidaceae;g__Bacteroides;s__Bacteroides fragilis	21175	0	23617	12690	0	10686	0	140376	155851	40447	0	11961	25464	0	11874	17219	0	9181	0	0	28570	0	0	63277	0	8315	0	0	21363	0	17797	8195	9830	30937	0	15141	0	12919	12062	0	0	0	9649	0	0	0	0	0	0	8072	0	0	0	0	0	0	129976	25695	0	0	0	0	11961	25583	23594	11175	0	19613	0	0	0	68402	39750	0	0	0	0	0	33725	99712	0	14914	0	0	0	68960	12153	10217	11571	11361	10484	22989	9330	35779	0	46676	18385	14329	13601	0	11259	0	0	0	0	0	10858	0	0	172165	58456	0	0	0	9087	0	0	0	14332	0	0	0	14030	0	12565	12097	0	0	0	0	21640	40301	145408	9977	0	0	0	10567	41698	0	22237	0	0	9333	0	10087	33596	21118	38085	9057	0	0	12676	0	15814	10103	15114	0
d__Bacteria;p__Bacteroidota;c__Bacteroidia;o__Bacteroidales;f__Bacteroidaceae;g__Bacteroides;s__Bacteroides ovatus	0	12294	29641	15694	0	17503	0	40125	0	11285	0	12056	78935	12316	61860	0	0	0	12205	0	29036	0	38940	61309	0	11327	11532	0	14926	0	15774	0	12757	16709	23098	14584	41532	0	17022	682760	0	13890	11055	70231	0	0	11455	0	0	11522	19114	11295	12579	0	0	10762	17811	10649	33516	0	0	19889	46912	0	109832	47646	33962	56051	0	13978	67712	0	12397	9094	0	12052	0	0	0	0	18080	11606	19003	0	16936	27309	16174	0	14448	32192	110034	16303	47124	21798	9657	22997	0	0	0	0	0	34772	46259	14949	20432	0	0	13922	0	188017	32570	0	49384	20978	47148	12486	25168	35957	322056	44799	0	24997	39321	44037	43563	0	0	0	24563	0	15187	106059	13374	32037	10484	14088	211096	0	39236	0	58308	0	0	15883	11347	60037	39330	12446	23949	20973	124263	80475	113568	15638	15277	0	34976	15588
d__Bacteria;p__Bacteroidota;c__Bacteroidia;o__Bacteroidales;f__Bacteroidaceae;g__Bacteroides;s__Bacteroides salyersiae	6932	0	0	0	0	0	0	0	0	0	0	0	0	0	0	0	0	9363	0	0	0	0	10522	0	0	0	8333	0	0	0	0	0	0	0	0	0	0	0	0	0	0	0	0	15194	0	10116	0	0	0	0	0	0	0	0	0	0	0	0	0	0	7864	0	0	0	0	0	20722	0	0	0	0	0	12014	0	0	25939	0	0	0	0	0	0	14344	0	0	0	0	0	0	0	0	0	0	0	0	0	0	0	0	0	0	0	0	13425	9973	0	0	0	0	0	0	0	0	0	0	0	0	0	0	0	0	0	0	0	0	0	0	15135	64755	0	0	0	10437	12845	11716	0	18923	0	0	0	0	0	0	0	21351	0	0	0	0	0	0	0	20454	43171	0	0	0	0
d__Bacteria;p__Bacteroidota;c__Bacteroidia;o__Bacteroidales;f__Bacteroidaceae;g__Bacteroides;s__Bacteroides sp900557355	0	0	0	0	0	0	0	0	0	0	14871	14814	0	0	34055	78901	0	0	0	0	0	0	0	0	0	0	0	0	26888	10271	0	0	75663	30056	0	0	0	0	0	0	0	15578	0	0	0	0	0	0	29259	20819	0	0	0	0	0	0	0	0	0	0	0	0	0	0	0	0	0	0	0	0	0	0	0	12825	11787	0	0	0	0	0	0	0	0	0	148400	0	0	0	0	0	0	0	0	0	0	0	0	0	0	0	0	0	0	0	14623	85312	0	0	0	0	0	0	11350	10001	0	0	0	0	0	0	0	0	0	0	0	0	0	0	0	0	0	0	0	0	11886	0	174518	159895	79810	0	0	0	0	9845	12551	0	0	0	0	0	0	0	0	0	0	0	0	0
d__Bacteria;p__Bacteroidota;c__Bacteroidia;o__Bacteroidales;f__Bacteroidaceae;g__Bacteroides;s__Bacteroides stercoris	22520	0	0	14630	0	0	0	0	0	0	7246	0	0	0	0	0	0	20885	0	8125	0	148262	8700	0	7654	0	0	0	29437	12208	59780	0	0	0	0	0	0	16559	0	69081	0	0	35822	17767	79459	0	0	0	0	0	0	21854	0	0	0	9237	0	0	0	0	20783	0	0	9231	0	94431	111116	0	0	12171	0	7276	0	9949	0	0	0	0	15105	0	0	18631	210130	406706	159642	0	0	83974	0	0	0	0	25431	0	0	111685	7911	0	0	0	0	0	0	8540	26076	15132	75300	8528	0	157797	115292	0	0	0	0	0	0	0	0	0	0	0	0	0	0	0	0	0	10097	6998	30502	314176	0	114323	0	0	0	28149	0	8375	0	0	220403	0	17132	86056	0	0	10175	0	0	0	0	0	190375	24795	0	0
d__Bacteria;p__Bacteroidota;c__Bacteroidia;o__Bacteroidales;f__Bacteroidaceae;g__Bacteroides;s__Bacteroides thetaiotaomicron	15758	0	10511	20699	19014	15558	0	26146	40963	0	0	11000	0	0	0	13622	10416	13534	29529	0	20264	0	18231	46072	0	0	0	0	11807	0	0	10624	31506	10079	37276	12567	13050	12400	12297	15671	0	10047	12130	41267	0	11887	0	10284	11409	0	0	0	13217	14332	0	10731	11069	15951	15438	0	0	25014	11218	58254	125420	0	13292	0	23458	0	13948	0	0	21413	11837	12264	13421	12892	19326	0	13267	11289	11338	0	61499	34274	48910	10706	0	13483	68284	0	18180	11223	11470	35228	0	0	42461	0	0	18432	12145	0	10796	0	31338	42597	0	84992	19745	0	12076	0	0	39860	0	0	0	10735	0	11070	0	0	11741	10480	0	15134	19654	0	0	0	13314	22901	9996	48998	41422	17240	18954	0	15857	0	0	21767	0	124092	17890	23081	0	12259	10400	31947	0	18677	22503	11448	30558	13870
d__Bacteria;p__Bacteroidota;c__Bacteroidia;o__Bacteroidales;f__Bacteroidaceae;g__Bacteroides;s__Bacteroides uniformis	174805	14823	258567	136058	112633	42297	0	45639	0	32186	113657	61603	0	30786	128890	107650	66539	45391	32529	103384	128208	329939	54877	164269	6704	34260	28755	0	237948	13679	95070	17259	116864	71396	113766	39036	139738	45404	155323	105805	0	57957	15815	127109	148437	102705	12226	227703	31520	34684	11419	19339	38234	74631	50061	19636	42985	132319	0	18767	30717	262541	31260	31528	213344	129271	630229	167774	196400	9470	86924	17091	51596	36513	19929	31840	122215	125105	27543	135559	19735	10876	50505	0	205362	152035	89269	55401	17493	46594	69011	0	308577	258009	40839	163514	36999	30290	39812	0	288765	17884	33931	151347	50807	130398	174955	214697	9091	100548	194190	16985	42508	10500	172288	73340	419756	80934	30809	196664	22572	46800	33213	102026	196905	154796	45045	98165	334192	195476	30397	0	33845	234590	38211	54682	216265	45765	91489	15259	116755	103610	61526	109890	26806	344730	78809	23969	28593	0	200720	76160	248672	64594	67145	19468	110186	56153
d__Bacteria;p__Bacteroidota;c__Bacteroidia;o__Bacteroidales;f__Bacteroidaceae;g__Bacteroides;s__Bacteroides xylanisolvens	10057	0	32781	0	10017	0	0	0	0	12586	0	0	0	0	0	0	0	11815	0	0	0	44224	28991	0	0	0	0	0	13499	0	14224	15865	0	18852	0	68277	73695	13215	0	0	0	0	0	0	42803	0	0	0	0	0	0	0	0	14576	83541	0	21866	11678	0	0	0	112608	0	0	0	61825	0	64419	58817	0	0	10378	11012	0	0	15193	0	34710	14732	0	0	0	15955	0	58974	0	929029	12477	0	0	0	32330	0	0	10140	43583	14305	11405	50450	0	29831	0	0	0	13044	18692	14673	21049	0	0	10338	0	0	0	0	115370	11623	0	159564	0	0	0	16051	0	33064	24794	11447	21713	18696	0	0	0	8642	16517	0	0	45053	11400	25848	0	32192	15151	20881	0	11554	0	0	0	0	23059	0	0	0	0	30996	0	48628	12664
d__Bacteria;p__Bacteroidota;c__Bacteroidia;o__Bacteroidales;f__Bacteroidaceae;g__Bacteroides;s__Bacteroides zhangwenhongii	0	0	0	0	0	0	0	0	0	0	0	0	0	0	0	0	9903	8391	12903	15484	0	0	23698	0	0	0	0	0	0	0	0	0	0	0	0	0	0	0	0	8132	0	0	0	0	0	0	0	9610	0	0	0	8422	0	0	0	0	0	0	0	0	0	0	0	0	0	0	0	0	0	0	0	0	0	0	0	0	0	0	0	0	8932	8151	13161	0	0	0	0	0	0	0	0	0	12724	44627	7892	0	0	0	0	0	0	0	0	0	7873	10380	0	0	0	0	0	0	0	8287	0	37293	0	0	0	0	0	0	0	0	0	17035	0	0	91982	9291	0	0	0	9708	9716	0	0	0	0	0	10369	0	0	0	0	0	0	0	9799	0	0	0	0	0	0	0	0	0
d__Bacteria;p__Bacteroidota;c__Bacteroidia;o__Bacteroidales;f__Bacteroidaceae;g__Paraprevotella;s__Paraprevotella clara	0	0	0	0	0	0	0	0	0	4050	0	0	0	0	0	0	0	0	5062	0	0	0	10912	0	0	0	4315	0	6729	0	0	0	0	0	0	0	0	0	0	0	0	0	0	0	0	0	0	0	0	0	0	0	0	0	0	4588	0	0	0	0	6015	0	0	5983	0	0	6491	0	0	0	0	0	0	0	0	10830	0	0	0	0	0	0	0	0	0	0	0	0	0	0	0	0	0	0	0	0	0	0	0	0	0	0	0	0	0	0	11039	0	0	0	0	0	0	0	0	0	0	0	0	20786	0	0	0	0	0	0	0	5736	14860	8931	0	0	0	0	0	0	0	0	0	0	0	0	18217	0	0	0	0	0	5363	0	0	0	23492	14348	0	0	0	0
d__Bacteria;p__Bacteroidota;c__Bacteroidia;o__Bacteroidales;f__Bacteroidaceae;g__Phocaeicola;s__Phocaeicola dorei	8751	9400	32365	0	18175	0	0	251349	0	0	9310	0	308668	19366	0	0	39495	66231	13836	60303	0	0	21026	174579	0	15213	0	0	72214	9531	0	12127	33999	10991	16995	0	279100	0	60391	0	0	12598	0	0	0	0	0	70776	20185	0	0	0	87433	62573	0	0	0	42796	0	16776	0	0	29349	16604	0	434377	0	79019	0	0	0	0	0	0	14227	0	0	110034	0	0	45693	54356	0	0	0	137211	0	0	0	0	132431	381882	93930	59042	46973	212740	21727	23213	0	0	0	48847	23771	91968	0	0	45314	82901	9091	356014	0	0	0	0	0	0	21414	36242	112091	33575	0	0	87749	0	125430	28066	22653	31543	227954	23827	7649	8018	64724	124229	18995	109567	78495	0	178007	9347	35327	0	73057	0	54980	195691	244409	49824	0	0	68882	0	57635	38708	0	25053	0	0
d__Bacteria;p__Bacteroidota;c__Bacteroidia;o__Bacteroidales;f__Bacteroidaceae;g__Phocaeicola;s__Phocaeicola massiliensis	0	0	0	0	0	0	0	0	0	14202	7960	0	0	9020	35450	0	0	19590	7327	18672	0	0	10501	0	0	0	17509	0	0	10709	0	0	0	0	0	0	0	0	0	0	0	20031	0	0	12763	0	0	0	0	0	0	13496	0	0	20600	0	0	0	0	0	0	182365	0	0	0	0	0	0	0	0	18157	0	0	15553	16614	0	0	0	0	0	39577	0	0	0	124045	0	0	0	0	0	0	0	0	0	0	0	0	0	0	0	0	0	0	22517	84639	92010	0	0	0	0	0	0	39148	0	26236	0	47549	42991	0	42319	0	0	0	0	0	0	0	48496	47280	0	7435	0	0	0	18138	0	0	0	0	0	0	0	0	0	28651	0	0	0	0	0	0	0	0	13317	0	0	0	20334
d__Bacteria;p__Bacteroidota;c__Bacteroidia;o__Bacteroidales;f__Bacteroidaceae;g__Phocaeicola;s__Phocaeicola vulgatus	59877	14403	53322	160001	47814	21592	0	0	38496	11356	11022	38102	0	0	151787	32473	0	10930	24309	0	60406	265343	0	102088	13867	0	46572	8740	33291	57860	32716	12936	89044	19947	37970	16541	0	58434	10985	35110	7995	0	21304	141391	44195	99892	22847	22522	37812	36130	10499	20289	0	0	56802	32874	31771	0	68648	40679	55287	183244	0	16699	163201	0	116550	0	262098	728392	81488	55024	21063	173672	24754	52294	36422	0	17147	0	0	32564	305247	439470	90498	23527	248796	32224	13099	11499	54421	0	187394	0	0	0	0	0	0	80783	173694	42948	136319	13365	35756	64955	123613	243971	14262	38299	116196	160420	149967	32969	116254	190606	265867	42143	19163	95160	33971	32043	0	347683	330621	13764	21977	71046	101647	23416	43997	73119	15065	0	84263	43068	0	128254	0	19089	56979	45551	0	304417	43834	324915	0	0	173019	128055	296784	447054	31681	59941	94257	0	116272	64117
d__Bacteria;p__Bacteroidota;c__Bacteroidia;o__Bacteroidales;f__Barnesiellaceae;g__Barnesiella;s__Barnesiella intestinihominis	18927	0	79992	9547	9513	10283	0	0	0	0	5800	15905	0	16324	41118	0	8513	23185	8856	0	34850	12121	27515	109792	0	0	8047	0	14308	9496	22475	0	17463	5948	36256	0	0	16041	26175	0	0	0	0	20166	0	0	0	0	8921	7484	0	6140	7472	0	0	13548	29872	21440	29887	19929	14741	12271	0	18961	0	0	0	0	0	0	0	29843	0	18900	23808	11744	0	40487	0	0	0	8869	12498	0	13572	81391	0	23124	0	0	33629	24498	0	62478	15955	0	0	0	0	6492	0	28216	6395	8222	19020	53698	37588	0	0	0	68037	20018	34892	10977	0	0	54166	55084	0	0	0	40246	0	43364	15984	0	10225	9423	38937	12230	0	45993	0	0	6585	15250	79798	0	0	9575	0	16146	10868	0	11164	0	22584	8213	7069	0	28181	45779	0	6843	0	0	0	12868
d__Bacteria;p__Bacteroidota;c__Bacteroidia;o__Bacteroidales;f__Coprobacteraceae;g__Coprobacter;s__Coprobacter fastidiosus	0	0	0	8274	10666	0	0	0	0	0	0	0	0	0	0	0	0	8736	0	0	0	0	0	7404	0	0	0	0	0	0	0	0	0	0	0	0	0	0	0	0	0	0	0	0	0	0	0	0	0	0	0	0	0	0	0	0	0	0	0	0	0	0	0	0	0	0	0	0	0	0	0	0	0	0	0	0	0	0	0	0	0	0	8533	0	7456	0	0	0	0	0	0	0	0	6906	0	0	0	0	0	0	0	0	0	8068	55402	0	0	10629	0	11993	0	0	8079	7361	0	0	0	7080	0	0	0	0	0	7290	0	0	0	0	0	0	0	0	0	0	8021	0	0	0	0	0	0	0	0	12586	0	0	0	0	0	0	0	0	26817	8094	0	0	0	0
d__Bacteria;p__Bacteroidota;c__Bacteroidia;o__Bacteroidales;f__Marinifilaceae;g__Butyricimonas;s__Butyricimonas paravirosa	8277	0	0	0	0	0	0	0	0	0	0	0	0	0	0	0	0	10957	8532	0	0	16785	8693	0	0	0	0	0	10676	0	8932	0	0	10811	0	0	0	0	0	20328	0	0	0	18837	0	7992	0	0	9173	0	0	0	0	0	0	0	0	0	0	0	0	11106	0	0	0	12626	9398	7686	8705	0	0	0	0	16347	0	0	0	0	15089	0	0	0	0	15636	0	0	0	0	0	0	9126	0	10278	0	0	0	0	0	0	0	0	0	0	0	14987	13865	13988	16514	0	0	11656	8852	10430	12342	0	0	30094	13963	0	0	0	15387	0	0	0	9905	0	0	11214	0	0	0	13354	9447	0	9740	0	0	0	8926	0	9853	0	16089	0	0	0	0	0	0	0	0	8384	13183	0	0	0	12261
d__Bacteria;p__Bacteroidota;c__Bacteroidia;o__Bacteroidales;f__Marinifilaceae;g__Butyricimonas;s__Butyricimonas sp019423345	16722	0	7105	0	0	0	0	0	6823	6843	6123	0	0	0	0	9546	0	9384	0	0	0	0	0	20080	0	0	0	0	0	0	0	0	0	0	0	0	0	0	8276	0	0	0	0	0	8989	0	0	0	0	0	0	0	0	0	0	0	0	0	0	0	0	0	0	0	0	0	0	0	0	0	0	0	0	0	0	0	0	0	0	0	0	0	8280	0	0	19445	6269	0	0	0	0	0	0	0	0	0	0	0	0	0	0	0	0	0	0	0	0	0	0	0	0	0	11914	0	0	14427	0	0	0	0	0	0	0	0	0	0	0	6430	0	0	11699	0	0	0	7287	0	0	6801	11378	0	0	0	0	11118	0	0	0	7682	48011	0	0	0	0	8095	0	0	0	0
d__Bacteria;p__Bacteroidota;c__Bacteroidia;o__Bacteroidales;f__Marinifilaceae;g__Odoribacter;s__Odoribacter laneus	0	0	6098	0	0	0	0	0	0	0	0	15410	0	0	0	0	0	43307	0	0	0	0	0	0	0	0	0	0	0	0	0	0	0	0	0	40575	0	0	19144	0	0	0	0	0	0	0	0	16738	9423	0	0	7655	0	7219	0	0	0	0	0	0	0	0	0	0	0	0	10230	0	0	0	0	41559	15409	16121	13354	0	29841	0	0	0	0	0	0	0	0	0	0	0	0	0	0	55006	0	0	0	0	0	0	0	0	0	0	0	0	0	0	0	82625	0	0	0	0	0	0	8328	0	15249	17444	0	0	0	81284	0	0	0	0	0	8653	0	0	41087	33024	0	0	0	12006	0	0	0	0	0	0	0	0	0	0	0	0	360737	0	0	0	0	67787	0	0	0	0
d__Bacteria;p__Bacteroidota;c__Bacteroidia;o__Bacteroidales;f__Marinifilaceae;g__Odoribacter;s__Odoribacter splanchnicus	16467	7740	10378	10045	11153	0	0	0	0	8898	8257	9428	10430	0	19316	8698	0	13303	0	7126	0	17095	0	26931	0	0	9443	0	16233	0	8196	0	13894	10230	0	12729	0	12936	0	0	0	0	0	13168	0	0	0	0	9115	0	0	0	9511	9917	0	7739	0	10891	11171	11396	9242	21527	8396	0	0	14907	15345	9667	7662	0	7643	16980	18825	12948	9829	8359	8168	0	12532	0	10736	0	10370	0	8083	20490	8613	0	0	0	12346	0	8965	0	9176	21742	0	9376	18435	0	0	9531	9941	0	12558	0	13027	22024	0	15406	11095	0	25950	9416	13815	13284	13590	10683	12460	10710	0	12320	10678	16856	11642	8303	0	16768	15812	0	12386	0	41778	8330	9575	13329	27008	8664	15785	0	9836	8229	8140	10894	15942	18327	35759	15510	21523	11272	10065	12769	8990	16861	0	0	9668	16031
d__Bacteria;p__Bacteroidota;c__Bacteroidia;o__Bacteroidales;f__Rikenellaceae;g__Alistipes;s__Alistipes communis	15342	11466	5763	7159	7380	6082	0	0	0	8654	0	0	0	9636	25714	12509	0	6281	0	6851	0	9378	8869	0	0	0	7905	0	12159	6636	5179	5414	8873	5545	46349	0	8242	6418	6884	0	0	10885	0	0	22251	0	0	7064	10699	0	0	0	0	0	0	6182	12160	7830	0	5005	7138	5522	0	0	6632	6082	0	0	0	0	8653	6708	0	6564	6137	10913	15666	0	28449	0	5542	0	0	0	0	0	0	5849	0	0	0	0	18284	19903	8339	15221	7691	6547	6513	0	0	6935	0	6391	15963	11157	7580	82580	6310	0	55569	7444	9693	7201	20130	0	31269	6867	9545	11329	0	0	8331	59247	6826	0	8446	7394	0	6624	39048	0	13663	8033	7533	9730	0	0	34614	5198	8615	4523	5999	17604	0	8775	10786	6455	35666	0	21235	16103	0	14351	0	0	5837	9772
d__Bacteria;p__Bacteroidota;c__Bacteroidia;o__Bacteroidales;f__Rikenellaceae;g__Alistipes;s__Alistipes dispar	6432	0	0	0	0	0	0	0	0	0	0	0	0	0	0	19689	12594	0	5066	0	0	0	0	0	0	0	0	0	0	0	5167	0	0	0	0	0	0	0	0	0	0	0	0	0	0	0	0	0	0	0	0	0	0	10221	0	0	0	0	0	7172	5782	0	0	5956	47588	5439	0	0	0	0	0	0	0	0	7459	0	0	0	0	0	0	0	0	0	4619	0	0	6567	0	0	0	0	0	0	0	0	0	0	0	0	0	0	0	0	0	0	0	0	0	0	0	0	0	0	17668	0	0	0	8401	0	0	0	0	0	0	5561	0	0	0	0	22444	5525	33513	0	0	0	0	0	0	0	23800	0	0	19338	0	0	4848	0	0	0	0	0	0	0	0	0	0	0
d__Bacteria;p__Bacteroidota;c__Bacteroidia;o__Bacteroidales;f__Rikenellaceae;g__Alistipes;s__Alistipes finegoldii	7916	0	0	9680	0	0	0	0	29948	0	5480	24665	11971	17210	0	14072	0	16464	0	0	7541	16056	0	232035	0	0	10494	0	7228	0	0	7295	10136	6479	11686	0	0	6026	4955	21687	0	23323	0	6377	0	23668	0	6764	7156	8308	12277	5145	26249	6531	0	0	15782	19410	14814	0	11928	41311	14840	12873	9060	20075	14049	0	48422	0	0	9020	88850	0	0	8513	10910	0	19345	0	0	0	0	0	20139	0	4157	0	0	0	53063	15420	14024	0	0	115494	7590	14410	74012	5731	0	31445	11654	0	0	15475	15481	23342	0	54093	37654	11537	6821	6873	11637	0	36332	5529	0	0	0	13378	0	19762	0	29297	6158	10245	14566	4647	7294	0	6448	0	6884	0	246014	11711	43159	0	0	11325	0	8638	6019	64585	0	0	60894	0	15181	19524	23876	7702	0	8424	0	5717
d__Bacteria;p__Bacteroidota;c__Bacteroidia;o__Bacteroidales;f__Rikenellaceae;g__Alistipes;s__Alistipes onderdonkii	11309	22840	31270	18459	26926	35756	0	57505	0	16812	9145	34839	60329	7693	0	34185	21356	7657	10417	6931	0	0	9420	0	0	0	14209	10124	10218	27145	52163	14018	59143	7749	140518	41777	15818	21774	45935	105170	8482	19983	0	53497	22406	30383	47280	0	38144	0	7686	7928	0	46896	0	0	46575	7577	0	20419	7739	45496	114210	114146	6562	19322	11518	44256	0	0	11914	57639	41915	5637	0	10119	10493	29937	66303	0	69660	0	10007	0	0	0	20908	11821	34678	8039	48758	18590	6877	190633	9489	83995	0	155194	20507	30037	0	23931	0	0	63789	148276	11709	0	0	0	160528	33922	9699	8315	0	9611	90222	185612	19511	10382	6415	34239	12452	142563	11682	0	0	15131	10897	8893	343806	180102	119611	13874	8165	6102	48604	45726	0	30640	84558	17209	0	9358	0	36536	49419	0	506821	0	110076	69161	25307	0	76320	0	15443	0
d__Bacteria;p__Bacteroidota;c__Bacteroidia;o__Bacteroidales;f__Rikenellaceae;g__Alistipes;s__Alistipes putredinis	17790	24283	40927	15537	49268	11416	0	22089	0	11562	17341	0	0	28362	75198	56740	11968	0	7424	4916	45558	25244	83202	36761	9270	0	6481	0	44623	4719	40911	9297	36165	20578	123140	0	16799	0	18723	16089	0	53432	0	53957	27043	10833	12984	6318	21017	11206	8600	5251	0	0	0	18719	27341	41310	23103	41135	19708	64263	10043	29318	26815	79873	15380	17262	93823	0	4045	13801	84520	26544	13899	32393	18188	0	0	0	0	0	14101	0	40000	79084	25548	21551	6018	8010	70541	0	31128	46426	13023	62514	9611	10031	35184	0	79311	59195	16623	53914	68336	118490	39331	195280	4759	83017	81447	33763	20068	31265	110588	85463	0	26146	31593	39617	6930	57145	26501	85599	38163	0	9101	32545	41590	10307	58462	69788	0	39801	0	22178	0	30275	172362	0	0	17760	12208	0	36573	43443	26311	20973	0	22439	0	0	45566	56292	0	0	17765	65769
d__Bacteria;p__Bacteroidota;c__Bacteroidia;o__Bacteroidales;f__Rikenellaceae;g__Alistipes;s__Alistipes senegalensis	0	0	0	0	0	0	0	13755	8982	5438	0	0	0	0	6656	0	5487	0	0	0	0	7503	11076	0	0	0	0	0	0	0	0	0	7613	5867	0	0	0	0	0	6358	0	0	0	14114	0	0	0	5610	0	0	0	0	0	0	5094	0	0	0	0	7647	5185	8735	0	0	0	0	0	0	0	0	0	4710	0	0	7161	0	0	0	0	0	0	0	0	0	0	0	0	0	0	0	16233	0	0	0	0	0	0	0	10481	0	0	0	0	0	6841	11557	0	0	0	0	0	0	9750	14346	20287	0	0	0	0	0	0	0	0	0	0	0	6216	0	0	0	0	0	0	0	5342	0	0	0	0	0	7110	0	0	9848	8169	0	0	0	0	0	0	0	0	0	0	0	0	0
d__Bacteria;p__Bacteroidota;c__Bacteroidia;o__Bacteroidales;f__Rikenellaceae;g__Alistipes;s__Alistipes shahii	12833	19050	0	9044	6486	7637	0	0	0	13118	11573	0	0	0	0	29043	11483	11813	8488	0	0	10090	40786	0	0	0	25121	0	28301	7614	9853	6520	14322	10256	0	0	0	18730	7152	0	0	0	0	24568	13076	0	0	7526	6509	0	0	13799	14560	0	0	20570	0	40613	0	17640	12130	9113	0	7050	0	20814	9327	9415	0	0	10968	8581	54687	18802	37652	91409	7948	0	0	0	8623	0	14059	0	8171	0	0	7161	5146	0	0	0	33780	15346	16871	16485	0	11324	34516	0	64740	0	7738	17282	11388	17754	25607	51327	5748	0	59146	6145	32564	12694	50785	45942	7953	6763	8353	23395	0	0	0	0	13829	95768	17091	20656	13253	10220	43354	0	34401	7215	9892	16856	0	0	66424	0	0	15893	10572	35947	0	0	0	8493	8106	15037	9728	54748	11573	10609	0	0	0	7942
d__Bacteria;p__Bacteroidota;c__Bacteroidia;o__Bacteroidales;f__Rikenellaceae;g__Alistipes;s__Alistipes sp902363575	0	0	0	0	0	0	0	0	0	0	0	0	0	0	0	0	0	74021	0	0	0	0	0	139763	0	0	0	0	11898	0	0	5133	0	3794	0	0	0	0	0	47754	0	0	0	0	38698	5768	0	0	0	0	0	4180	0	5435	0	0	0	0	0	0	11775	0	8151	0	0	0	0	0	0	0	0	15344	16892	18238	31684	0	18196	0	57995	0	0	0	0	0	0	0	0	0	0	0	0	36405	0	0	0	0	0	0	0	0	0	0	0	0	0	0	0	0	0	0	0	19150	8371	107269	0	0	0	0	0	0	0	0	0	0	0	56794	0	0	0	0	31716	0	0	0	117385	4551	0	0	0	0	0	7672	5944	0	0	0	0	0	0	0	0	0	0	0	0	0	17139	12103
d__Bacteria;p__Bacteroidota;c__Bacteroidia;o__Bacteroidales;f__Rikenellaceae;g__Alistipes_A;s__Alistipes_A hominis	6926	0	0	7739	0	0	0	0	0	0	7287	0	0	0	0	0	0	6891	0	8866	0	6656	27507	0	0	0	9368	0	0	0	0	0	0	0	0	0	0	0	0	0	0	0	0	11814	0	0	0	0	6375	0	0	8058	0	0	0	0	10739	8636	0	7525	0	7786	0	0	0	0	0	0	0	0	9069	9783	0	0	0	26594	0	0	0	0	0	0	0	0	0	0	0	0	0	0	0	0	0	15279	9144	0	0	0	0	0	0	0	7793	0	7946	7716	0	12782	0	0	22106	7892	8451	0	0	0	0	0	0	0	0	0	8544	9189	0	0	11420	0	0	10706	0	0	0	0	7756	9161	0	0	10466	8360	0	0	0	0	7493	0	0	0	0	0	0	0	7849	6776	0	0	0	0
d__Bacteria;p__Bacteroidota;c__Bacteroidia;o__Bacteroidales;f__Rikenellaceae;g__Alistipes_A;s__Alistipes_A ihumii	11567	0	0	0	8071	0	0	17233	0	0	0	0	0	0	0	13330	0	6866	5394	0	0	0	11322	0	0	0	7738	0	13535	10363	7414	5771	7912	0	15866	8361	0	0	0	0	0	0	0	0	9881	6911	0	0	9830	0	0	0	0	0	0	5253	0	0	0	6870	11183	0	5657	7893	0	0	0	0	0	0	0	8808	0	0	0	0	12317	0	19676	0	0	0	0	19751	0	0	0	7898	6723	0	21722	0	9598	0	0	0	0	0	0	5520	0	6738	0	0	0	0	9931	6411	0	7308	0	0	0	0	0	0	8314	7006	0	0	0	0	8226	11395	0	0	9743	8421	0	5649	0	0	0	7707	0	0	0	0	0	6472	5862	16368	5739	7307	0	7368	10935	7698	0	0	9459	0	0	0	0	0	0	6283
d__Bacteria;p__Bacteroidota;c__Bacteroidia;o__Bacteroidales;f__Rikenellaceae;g__Alistipes_A;s__Alistipes_A indistinctus	8056	23578	0	5890	5581	5477	0	0	0	0	6534	0	0	0	5130	7964	0	0	6597	0	6911	0	5625	0	0	6373	8185	0	0	0	0	0	0	8237	0	0	0	0	0	22522	0	0	0	8329	0	0	0	0	6494	0	0	0	9495	5238	0	5764	0	0	0	0	6288	0	5902	7402	7310	0	0	0	0	0	5121	5929	5755	6104	7544	20979	0	0	0	0	0	0	0	0	0	0	0	0	0	0	7895	0	0	6036	0	9479	0	7981	0	0	0	6317	0	0	0	0	0	14196	0	0	14020	6192	0	5553	0	0	8904	6528	12989	0	0	0	9292	0	0	0	5778	10352	0	6294	8250	0	7790	0	8303	6840	0	9463	0	0	0	8610	0	7105	0	0	0	6128	0	0	0	0	7000	0	0	0	0	6976
d__Bacteria;p__Bacteroidota;c__Bacteroidia;o__Bacteroidales;f__Rikenellaceae;g__Tidjanibacter;s__Tidjanibacter inops	5567	0	0	0	0	10052	0	0	0	0	7684	43938	0	0	0	14066	0	0	0	0	0	0	0	0	0	0	0	0	0	0	0	0	9101	0	0	0	6105	39118	0	0	5905	0	0	0	0	0	0	0	0	0	0	0	0	29265	0	0	6830	26851	0	0	0	0	0	0	0	0	0	0	0	0	0	0	0	0	0	0	0	0	5617	0	0	0	0	0	0	0	0	6768	0	0	5498	7418	0	0	0	0	0	0	0	0	0	6006	0	0	0	0	0	0	0	0	0	0	0	0	0	0	0	31754	0	0	0	0	0	0	0	0	0	6620	0	0	0	0	0	0	5929	0	0	0	0	0	49478	0	0	37273	0	0	0	0	42810	0	19680	0	0	0	0	0	0	0
d__Bacteria;p__Bacteroidota;c__Bacteroidia;o__Bacteroidales;f__Tannerellaceae;g__Parabacteroides;s__Parabacteroides distasonis	82795	8760	25380	35672	21922	8791	0	23736	39995	11736	8533	9439	0	0	13106	0	0	20282	24726	25014	0	17095	31413	0	0	6224	10407	0	29412	5964	11532	7664	21799	17972	8005	18407	6258	10088	16946	8936	9868	0	8309	55998	0	18342	9384	9676	21234	0	0	10435	6822	9366	36023	8296	0	0	0	11987	8654	29071	22606	10036	0	24090	0	0	126960	74601	7610	52680	92538	9176	12999	8656	16902	34354	15038	0	9204	9553	32937	0	16185	0	11835	0	15101	0	76747	41040	13976	24799	7269	32858	6850	15038	45379	0	0	27602	8729	21205	46456	36110	9574	20377	0	232456	88285	19125	25281	16670	32140	19658	0	18477	40132	13565	17454	15042	32150	65053	22982	18745	10394	18474	29520	11149	20378	21243	38513	15654	20213	16857	69685	53084	27523	0	11829	22795	20322	31574	12613	0	35798	57851	10619	12748	26020	12348	36375	15748	28560	6668	0	0
d__Bacteria;p__Bacteroidota;c__Bacteroidia;o__Bacteroidales;f__Tannerellaceae;g__Parabacteroides;s__Parabacteroides johnsonii	0	0	0	0	0	0	0	0	0	0	0	0	0	0	0	0	0	8835	12993	11064	0	0	8568	0	0	0	0	0	0	0	0	0	0	0	0	0	0	18678	0	0	0	9827	0	0	0	0	0	0	0	0	0	0	0	0	0	0	0	0	0	0	0	0	0	0	0	0	0	0	0	0	0	0	0	0	0	0	0	0	0	0	0	0	0	0	0	0	9187	0	0	0	0	0	32204	25665	0	0	0	12402	0	0	0	0	0	10574	0	0	8892	0	0	0	0	0	0	0	0	14721	0	0	0	0	0	0	0	0	0	0	0	0	0	0	0	0	0	0	8634	0	46018	0	23302	0	0	0	0	0	15419	57539	0	0	0	0	0	0	0	0	0	0	0	0
d__Bacteria;p__Bacteroidota;c__Bacteroidia;o__Bacteroidales;f__Tannerellaceae;g__Parabacteroides;s__Parabacteroides merdae	61418	9579	57641	0	10976	13753	0	0	0	9170	0	13463	0	12863	12214	0	17045	30696	0	9585	0	0	13135	19238	0	0	0	0	61216	25907	15576	8928	12022	7508	28926	0	13398	0	20750	0	9325	0	0	0	26387	0	0	10171	0	0	0	0	15274	0	0	27501	16150	23528	0	32486	8635	27711	7875	0	0	35681	72833	39391	42638	0	15788	15443	26315	20054	14334	0	12025	0	0	0	11077	7848	36520	104198	14579	13508	11277	17519	0	0	0	0	0	10870	10734	0	0	0	0	0	0	16024	23489	21313	24949	19380	15293	16074	0	61071	0	0	15382	8335	0	0	0	25425	0	13003	0	0	41268	38488	15954	0	18914	15958	16925	9669	34875	25375	0	0	0	10901	0	15752	0	0	0	0	28264	0	7850	0	0	0	13707	0	14797	0	32701	58721	0	0	10416	0
d__Bacteria;p__Bacteroidota;c__Bacteroidia;o__Bacteroidales;f__Tannerellaceae;g__Parabacteroides;s__Parabacteroides segnis	10729	12925	0	0	22909	0	0	0	0	0	11276	0	0	0	0	0	0	11507	15784	0	0	13139	0	0	0	0	12579	0	0	10864	12345	11976	0	0	0	0	0	13279	0	0	0	0	0	0	0	0	0	0	24011	0	0	0	0	0	0	0	0	0	0	0	0	0	0	0	0	0	0	0	0	0	0	0	0	111529	15621	14325	0	0	0	0	0	19144	0	0	0	0	0	0	0	0	0	30604	0	16995	19167	0	0	0	0	0	0	0	0	0	0	0	0	0	0	0	0	0	0	0	0	0	0	0	0	0	0	14328	0	0	0	0	0	12157	0	0	0	0	0	0	15748	45525	0	0	0	0	0	0	0	0	0	0	39064	14078	0	0	0	0	0	0	0	0	0	0
d__Bacteria;p__Cyanobacteriota;c__Vampirovibrionia;o__Gastranaerophilales;f__Gastranaerophilaceae;g__CAG-196;s__CAG-196 sp002102975	0	0	0	0	0	0	0	0	0	0	0	0	0	0	0	0	5153	0	0	0	23967	0	5421	0	0	0	0	0	0	0	0	0	0	0	0	0	0	0	0	0	0	0	0	0	11481	0	0	0	0	0	0	0	0	5060	0	0	0	0	0	0	0	0	0	0	0	0	0	0	0	0	0	0	0	0	0	5570	0	0	0	0	0	0	0	0	0	0	0	0	0	0	7363	4944	0	0	0	0	0	0	0	0	0	5654	0	0	0	0	0	0	0	0	0	0	0	4414	0	0	0	4460	0	0	0	0	0	0	0	0	0	0	0	0	0	10585	0	0	0	0	0	10635	21474	0	5102	0	5263	5003	7797	0	0	0	0	0	0	0	21842	5206	0	0	0	0
d__Bacteria;p__Desulfobacterota;c__Desulfovibrionia;o__Desulfovibrionales;f__Desulfovibrionaceae;g__Bilophila;s__Bilophila wadsworthia	8334	7753	0	0	8007	7231	0	21561	0	0	7355	0	11627	0	7866	0	0	7011	0	0	14579	18947	0	0	0	0	0	0	15459	7419	11349	0	12324	12451	8929	0	11337	0	8332	8868	8952	9626	0	0	18618	0	0	8296	10937	0	11046	7559	0	9053	17909	21488	0	7416	8462	9335	11814	0	8862	11029	13951	17253	9267	10823	80039	0	17102	0	15853	10762	0	11290	8639	0	6638	9363	7932	0	0	18256	0	8228	7735	0	12278	0	17761	11030	11303	10000	9390	14425	7750	16002	6570	0	8279	0	0	12501	0	12237	0	0	8315	0	16061	10075	13981	10826	20137	0	13692	22210	12212	9782	10170	12041	10893	17521	0	0	6882	9515	0	0	15874	36488	11321	10286	0	0	0	15669	0	16634	12434	0	9696	7789	9435	15382	14146	34180	16209	0	0	9077	13545	11810	0	0	10107	7818
d__Bacteria;p__Desulfobacterota;c__Desulfovibrionia;o__Desulfovibrionales;f__Desulfovibrionaceae;g__Desulfovibrio;s__Desulfovibrio sp018379785	0	0	0	0	0	8568	0	0	0	0	0	0	0	0	0	0	0	0	0	0	0	0	0	0	0	0	0	0	0	0	10937	0	0	31341	0	0	0	8592	8631	11946	0	0	0	0	0	0	0	0	0	0	0	0	8403	0	0	18419	0	0	0	0	31165	0	0	0	0	0	15960	0	0	0	0	39803	14162	0	0	25154	0	0	0	0	0	0	0	0	0	0	0	0	0	0	0	0	0	17484	0	0	0	24437	0	0	0	0	0	21824	0	0	8328	19541	0	0	27357	26159	0	9354	0	0	0	0	0	0	0	0	20267	0	0	0	0	0	0	0	0	0	0	0	16398	0	0	0	0	0	0	0	0	0	0	0	12869	22816	0	0	0	0	0	0	0	0	0	0
d__Bacteria;p__Desulfobacterota;c__Desulfovibrionia;o__Desulfovibrionales;f__Desulfovibrionaceae;g__Mailhella;s__Mailhella merdigallinarum	0	0	0	6124	0	0	0	0	0	0	0	0	0	0	0	0	0	0	0	0	0	0	0	0	0	0	0	0	0	0	0	0	0	0	0	0	0	0	5862	0	0	0	0	0	0	0	0	0	0	0	0	0	0	0	0	6202	0	0	0	0	0	0	0	0	0	0	6845	0	0	0	0	0	0	6293	0	0	0	0	0	0	0	0	0	0	0	0	0	0	0	0	0	0	0	6724	6668	0	0	6740	0	0	0	0	0	0	0	0	0	0	0	0	6543	0	0	0	0	0	0	9311	0	0	0	0	0	0	0	0	0	0	0	0	6710	6796	0	0	7489	6394	0	0	0	0	0	0	0	5922	0	0	0	0	0	0	0	0	0	6681	0	0	5965	0
d__Bacteria;p__Pseudomonadota;c__Alphaproteobacteria;o__RF32;f__CAG-239;g__Scatacola_A;s__Scatacola_A faecigallinarum	0	0	0	6920	0	0	0	0	0	0	0	0	0	0	0	0	5550	0	0	0	0	0	11081	0	0	0	0	0	0	0	5359	0	0	0	0	0	0	0	8342	0	0	4274	0	0	0	0	0	0	0	0	0	5615	0	5044	0	0	0	0	0	0	5056	0	0	0	0	0	0	0	0	0	0	5973	0	8212	0	0	0	0	0	0	0	0	0	0	0	0	0	0	4776	4356	30721	6289	0	0	0	0	0	0	0	0	0	0	0	0	23238	52151	0	0	0	0	0	9782	9683	15263	0	0	58953	12163	0	0	0	0	0	0	0	0	0	0	109274	0	14558	0	0	9154	12370	0	0	4607	9414	0	0	0	0	0	0	0	0	0	0	0	0	0	12200	0	0	0	0	0
d__Bacteria;p__Pseudomonadota;c__Gammaproteobacteria;o__Burkholderiales;f__Burkholderiaceae;g__Parasutterella;s__Parasutterella gallistercoris	0	0	0	4933	0	0	0	0	0	0	0	0	0	0	0	0	0	0	0	0	0	0	0	0	0	0	0	0	0	0	0	0	0	0	0	0	4301	0	0	0	0	0	4921	0	0	0	0	0	5499	0	0	0	0	0	0	0	0	0	0	0	0	0	0	0	0	0	7339	0	0	0	0	0	0	6323	5103	0	0	0	0	0	0	0	0	0	0	0	0	4519	0	0	0	0	0	0	0	0	0	0	0	0	0	0	0	0	0	0	0	0	0	0	0	0	9615	4794	0	0	0	0	6999	9274	0	0	0	0	0	0	0	0	0	0	0	0	0	0	4971	0	0	0	0	0	0	0	0	0	0	0	0	0	0	0	0	0	13186	7835	0	14262	5448	5137
d__Bacteria;p__Pseudomonadota;c__Gammaproteobacteria;o__Burkholderiales;f__Burkholderiaceae;g__Parasutterella;s__Parasutterella sp900552195	0	0	0	7423	0	0	8532	0	0	0	0	6860	28656	0	0	0	0	0	0	6291	12541	0	0	0	0	0	0	0	8357	0	0	0	0	0	0	0	0	0	0	0	0	0	0	0	0	0	0	0	0	0	0	5880	0	0	8865	5953	0	0	7790	0	0	0	0	0	6951	15416	0	9333	0	0	6556	5199	0	0	0	6144	0	0	0	0	0	0	0	9228	5410	0	0	0	4978	0	5794	12925	12365	0	0	23550	5770	5309	0	0	17206	6046	0	5998	0	0	6623	0	0	5024	7420	8112	9873	6305	0	12900	14247	10242	0	0	0	0	0	0	0	6142	0	0	0	0	6485	16868	0	0	0	6406	0	0	0	5829	10288	0	20040	24230	0	17340	7392	6787	6638	29811	7651	0	11667	12152	0	0	0	0
d__Bacteria;p__Pseudomonadota;c__Gammaproteobacteria;o__Burkholderiales;f__Burkholderiaceae;g__Sutterella;s__Sutterella wadsworthensis	0	0	9232	0	0	0	0	0	21383	0	0	0	0	0	5087	0	0	0	0	0	0	0	0	9191	0	0	0	0	0	0	5918	0	0	0	0	0	7201	0	0	0	0	0	0	0	0	0	0	0	0	0	0	0	0	0	0	0	0	0	0	0	0	0	0	0	0	0	0	0	0	0	0	0	0	0	0	0	0	0	0	0	0	0	6048	0	0	9625	5129	0	0	0	0	0	0	0	0	0	0	0	0	0	0	0	0	6333	0	0	0	0	0	24379	0	0	0	0	0	0	0	0	0	0	0	0	10474	46566	10463	0	0	0	0	0	0	0	0	0	0	0	0	0	0	0	0	0	0	0	0	0	0	0	0	0	15428	0	0	0	0	0	0	0
d__Bacteria;p__Pseudomonadota;c__Gammaproteobacteria;o__Burkholderiales;f__Burkholderiaceae;g__Sutterella;s__Sutterella wadsworthensis_A	0	0	0	0	0	4290	0	0	0	0	0	0	0	0	0	0	0	0	0	0	0	10920	0	0	0	0	0	0	0	0	5287	0	7672	0	0	0	0	0	0	5115	4419	0	0	0	0	0	0	0	0	0	4438	0	0	0	0	5033	0	0	0	0	0	0	0	0	4761	0	0	0	0	0	0	0	0	0	0	0	0	0	0	0	0	0	9211	0	0	0	0	0	0	0	31462	0	0	0	0	0	0	0	0	0	0	0	0	4292	5608	7078	0	0	0	0	0	0	0	0	0	0	0	0	17961	0	19213	0	0	0	0	0	4190	5152	26680	0	0	0	0	11312	0	0	0	0	0	0	0	0	0	0	6614	0	0	0	0	0	0	0	0	0	0	0	0	0
d__Bacteria;p__Pseudomonadota;c__Gammaproteobacteria;o__Enterobacterales;f__Enterobacteriaceae;g__Escherichia;s__Escherichia coli_F	0	0	66008	22117	242627	43187	0	60051	0	0	0	35331	0	0	128321	0	0	13889	0	0	29372	0	0	0	17277	0	0	0	0	24092	13580	0	0	240500	0	132113	0	12235	0	0	566493	0	47950	24827	0	0	0	36319	0	0	0	0	251542	0	84610	0	11961	22296	0	0	41845	16799	22730	29753	0	0	270402	123111	254911	0	0	0	0	165780	23986	12445	0	14555	10635	33424	9696	9508	0	0	0	0	0	47930	27567	14928	25409	0	0	21315	13954	0	0	0	0	0	0	0	0	0	248752	62328	10810	15665	0	54376	0	11236	0	0	9781	11367	0	10827	0	0	913846	0	0	0	0	14651	0	0	0	0	111913	361618	34521	0	0	24285	12582	113036	0	0	0	0	0	0	0	0	21566	0	151380	0	0	0	0	0	136839	0	20366	506229
d__Bacteria;p__Synergistota;c__Synergistia;o__Synergistales;f__Synergistaceae;g__Cloacibacillus;s__Cloacibacillus evryensis	13816	0	0	0	6508	0	0	0	0	7695	0	0	0	0	0	0	0	6186	0	0	0	0	0	0	0	0	0	0	0	0	0	0	0	9854	0	0	6491	0	0	0	0	0	0	21905	0	0	0	0	0	0	0	0	0	0	0	0	0	0	0	7138	0	0	0	0	0	0	0	0	0	0	0	0	0	0	0	32093	0	0	0	0	0	0	0	0	0	0	0	0	0	0	0	0	0	0	8416	0	0	0	0	0	0	0	0	0	0	0	0	7831	0	0	0	6859	0	0	0	0	0	0	0	0	0	0	0	0	0	0	0	0	0	0	48522	7504	9242	0	0	0	0	127696	0	0	0	0	0	0	0	0	0	0	0	0	0	0	0	0	0	0	0	0
d__Bacteria;p__Verrucomicrobiota;c__Verrucomicrobiae;o__Verrucomicrobiales;f__Akkermansiaceae;g__Akkermansia;s__Akkermansia biwaensis	0	0	0	0	0	0	0	0	0	0	0	0	0	0	0	17776	0	0	0	0	0	0	0	0	0	0	123577	0	0	0	0	0	0	0	0	0	0	0	0	212851	0	34480	0	230395	0	0	0	0	0	6044	0	0	0	0	389677	0	0	52967	0	132511	0	0	0	126148	0	0	0	0	0	0	0	0	6630	0	0	200455	0	0	0	0	0	0	0	0	0	0	0	0	11264	23044	0	0	0	0	0	0	0	0	0	0	0	0	0	0	0	0	0	0	0	0	0	0	0	0	0	0	0	0	0	0	0	0	0	0	0	0	0	0	0	0	480689	40349	0	0	0	0	0	0	43496	0	0	43382	6867	0	11654	0	30020	0	0	0	0	0	4138	101840	0	0	0	0
d__Bacteria;p__Verrucomicrobiota;c__Verrucomicrobiae;o__Verrucomicrobiales;f__Akkermansiaceae;g__Akkermansia;s__Akkermansia muciniphila	165882	125320	0	36911	120402	9822	0	0	0	0	62163	116129	0	193088	0	0	98933	0	0	22072	185568	0	8522	8917	0	0	0	0	28331	0	6453	18047	41962	0	57218	85189	44954	73285	153197	0	76450	0	5551	0	0	283720	0	128926	77490	0	0	0	0	0	0	0	0	0	0	0	29676	0	0	0	0	0	0	0	115375	0	0	0	0	0	8754	0	0	0	213164	184974	12697	0	0	0	0	0	0	0	0	0	0	52697	0	16157	0	0	0	0	0	0	0	0	0	0	7371	113344	10876	140928	0	140356	240104	16106	0	0	75109	28541	0	0	10042	15423	0	0	0	0	6383	36082	0	0	58448	19789	0	0	148801	20280	65894	0	0	0	0	0	0	0	0	0	0	0	0	133488	0	0	0	59644	0	0	0	0	78741	0
d__Bacteria;p__Verrucomicrobiota;c__Verrucomicrobiae;o__Verrucomicrobiales;f__Akkermansiaceae;g__Akkermansia;s__Akkermansia muciniphila_F	0	0	0	0	0	0	0	0	0	116194	0	0	107459	0	0	0	0	0	0	0	0	0	0	0	0	0	0	122614	0	0	0	0	0	165435	0	0	0	0	0	0	0	0	0	0	0	0	49909	0	0	0	0	7530	0	31909	0	134436	0	0	0	0	0	0	0	0	0	0	0	917139	0	0	12631	0	0	0	0	0	0	0	0	0	0	364254	8024	0	64296	0	0	17070	0	0	0	0	0	0	68414	0	182740	50411	0	0	0	54654	0	0	0	0	0	0	0	0	0	0	9260	0	0	0	0	18928	0	0	0	12266	0	0	0	0	0	0	0	0	6794	0	0	0	0	7022	79451	0	0	0	0	0	0	0	0	0	0	0	389278	0	0	0	0	0	196626	0	0	0
