feature	metadata	value	coef	stderr	N	N.not.0	pval	qval
d__Bacteria.p__Bacillota_A.c__Clostridia.o__Lachnospirales.f__Lachnospiraceae.g__Brotaphodocola.s__Brotaphodocola.sp003478505	Group	PD	-0.482022722038924	0.0892719125084656	146	22	2.86648272250801e-07	0.000321619361465399
d__Bacteria.p__Bacillota_A.c__Clostridia.o__Lachnospirales.f__Lachnospiraceae.g__Anthropogastromicrobium.s__Anthropogastromicrobium.sp934292725	Group	PD	-1.69889305799108	0.33670944973691	146	94	1.41065038995395e-06	0.000527583245842778
d__Bacteria.p__Bacillota_A.c__Clostridia.o__Lachnospirales.f__Lachnospiraceae.g__Hominiventricola.s__Hominiventricola.sp003480725	Group	PD	-0.683886318777383	0.13550285914553	146	40	1.4016649861249e-06	0.000527583245842778
d__Bacteria.p__Bacillota_A.c__Clostridia.o__Lachnospirales.f__Lachnospiraceae.g__Roseburia_B.s__Roseburia_B.zhanii	Group	PD	-0.568391575596739	0.120429512649341	146	20	5.76251351726799e-06	0.00161638504159367
d__Bacteria.p__Bacillota_A.c__Clostridia.o__Lachnospirales.f__Lachnospiraceae.g__Brotaphodocola.s__Brotaphodocola.sp003480315	Group	PD	-0.436867275534055	0.0966297741085935	146	21	1.31891966650628e-05	0.0029596557316401
d__Bacteria.p__Bacillota_A.c__Clostridia.o__Oscillospirales.f__Ruminococcaceae.g__Faecalibacterium.s__Faecalibacterium.sp934514285	Group	PD	-1.40895551479441	0.323894456307561	146	96	2.63945384665418e-05	0.00493577869324332
d__Bacteria.p__Bacillota_A.c__Clostridia.o__Lachnospirales.f__Lachnospiraceae.g__Hominisplanchenecus.s__Hominisplanchenecus.faecis	Group	PD	-1.12876728240007	0.27833669215469	146	65	8.35772560941482e-05	0.0133962401910906
d__Bacteria.p__Bacillota_A.c__Clostridia.o__Oscillospirales.f__Ruminococcaceae.g__Ruthenibacterium.s__Ruthenibacterium.lactatiformans	Group	PD	0.933178686468337	0.236656539737628	146	111	0.000127750454257093	0.0179170012095572
d__Bacteria.p__Bacillota_A.c__Clostridia.o__Lachnospirales.f__Lachnospiraceae.g__Fusicatenibacter.s__Fusicatenibacter.saccharivorans	Group	PD	-1.13371242852333	0.308105963209346	146	132	0.000334798116062365	0.0417381651357749
d__Bacteria.p__Bacillota_A.c__Clostridia.o__Lachnospirales.f__Lachnospiraceae.g__UBA3402.s__UBA3402.sp003478355	Group	PD	-0.531403919083345	0.146461609815358	146	29	0.000401693163931004	0.0450699729930586
d__Bacteria.p__Bacillota_A.c__Clostridia.o__Lachnospirales.f__Lachnospiraceae.g__Eubacterium_F.s__Eubacterium_F.sp003491505	Group	PD	-1.00697480271737	0.280910532287034	146	83	0.000468230596137318	0.0477595208060064
d__Bacteria.p__Bacillota_A.c__Clostridia.o__Lachnospirales.f__Lachnospiraceae.g__Agathobacter.s__Agathobacter.rectalis	Group	PD	-1.49539265137849	0.43596322714609	146	110	0.000797670392010688	0.0745821816529994
d__Bacteria.p__Actinomycetota.c__Coriobacteriia.o__Coriobacteriales.f__Eggerthellaceae.g__Eggerthella.s__Eggerthella.lenta	Sex_Male1_Female2	Female	0.770719338187353	0.230413192720087	146	64	0.00106196302931886	0.0903727172935094
d__Bacteria.p__Bacillota_A.c__Clostridia.o__Lachnospirales.f__Lachnospiraceae.g__Anaerostipes.s__	Group	PD	-0.9757561820183	0.295142777020492	146	132	0.00120819140766724	0.0903727172935094
d__Bacteria.p__Bacillota_A.c__Clostridia.o__Lachnospirales.f__Lachnospiraceae.g__Schaedlerella.s__Schaedlerella.hominis	BMI	BMI	0.135335182924526	0.040912724813328	146	15	0.00120082444285246	0.0903727172935094
d__Bacteria.p__Bacillota.c__Bacilli.o__Lactobacillales.f__Streptococcaceae.g__Streptococcus.s__Streptococcus.mutans	Group	PD	0.659868155458744	0.203476176945972	146	24	0.00148585710225255	0.10030230986155
d__Bacteria.p__Bacteroidota.c__Bacteroidia.o__Bacteroidales.f__Rikenellaceae.g__Alistipes.s__Alistipes.onderdonkii	Group	PD	1.10041232613962	0.340048170687396	146	106	0.00151973196759924	0.10030230986155
d__Bacteria.p__Bacillota_A.c__Clostridia.o__Oscillospirales.f__Ruminococcaceae.g__Faecalibacterium.s__Faecalibacterium.sp900539945	Group	PD	-0.895654680014402	0.27987015338729	146	80	0.00170655626449993	0.106375340487162
d__Bacteria.p__Bacillota_A.c__Clostridia.o__Oscillospirales.f__Ruminococcaceae.g__CAG.115.s__CAG.115.sp003531585	Group	PD	-0.442312053351459	0.139004888398882	146	20	0.00180988624873699	0.106878545846469
d__Bacteria.p__Actinomycetota.c__Actinomycetes.o__Actinomycetales.f__Bifidobacteriaceae.g__Bifidobacterium.s__Bifidobacterium.infantis	Group	PD	1.38332449489663	0.44071939278664	146	87	0.00207791238612785	0.111019890344545
d__Bacteria.p__Bacillota_A.c__Clostridia.o__Oscillospirales.f__Ruminococcaceae.g__Gemmiger.s__Gemmiger.sp900539695	Group	PD	-0.579758445927999	0.184679678186739	146	65	0.00207475839466778	0.111019890344545
d__Bacteria.p__Bacillota_A.c__Clostridia.o__Lachnospirales.f__Lachnospiraceae.g__Eubacterium_I.s__Eubacterium_I.ramulus	BMI	BMI	0.322128347558674	0.10343271247026	146	77	0.00224519365133453	0.114504876218061
d__Bacteria.p__Bacillota_A.c__Clostridia.o__Lachnospirales.f__Lachnospiraceae.g__Mediterraneibacter.s__Mediterraneibacter.faecis	BMI	BMI	0.461448738752284	0.149728136468347	146	112	0.00248701599978576	0.120551982153478
d__Bacteria.p__Bacillota_A.c__Clostridia.o__Lachnospirales.f__Lachnospiraceae.g__Otoolea.s__Otoolea.fessa	Group	PD	-0.662207187181885	0.215676864136541	146	84	0.00257865202467332	0.120551982153478
d__Bacteria.p__Bacillota_A.c__Clostridia.o__Lachnospirales.f__Lachnospiraceae.g__Alitiscatomonas.s__Alitiscatomonas.sp900066535	Group	PD	-0.519230875384651	0.173621435574548	146	40	0.00330230860420168	0.132328223354082
d__Bacteria.p__Bacillota_A.c__Clostridia.o__Lachnospirales.f__Lachnospiraceae.g__Butyribacter.s__Butyribacter.intestini	Group	PD	-0.538035748363248	0.179803138865975	146	24	0.00328442209778277	0.132328223354082
d__Bacteria.p__Bacillota_A.c__Clostridia.o__Lachnospirales.f__Lachnospiraceae.g__Enterocloster.s__Enterocloster.sp900541315	Group	PD	-0.498429228352885	0.1662416073272	146	35	0.0032257615093607	0.132328223354082
d__Bacteria.p__Bacillota_A.c__Clostridia.o__Lachnospirales.f__Lachnospiraceae.g__Pararoseburia.s__Pararoseburia.lenta	Group	PD	-0.3785835728974	0.126573924245599	146	18	0.00329809606240751	0.132328223354082
d__Bacteria.p__Bacillota_A.c__Clostridia.o__Lachnospirales.f__Lachnospiraceae.g__Ruminococcus_B.s__Ruminococcus_B.gnavus	Group	PD	0.973371951722903	0.33248699583232	146	49	0.00400176995463996	0.150301613400764
d__Bacteria.p__Bacillota_A.c__Clostridia.o__Oscillospirales.f__Ruminococcaceae.g__Faecalibacterium.s__Faecalibacterium.prausnitzii_I	Group	PD	-0.635786685434758	0.217277723296332	146	63	0.00401875971659796	0.150301613400764
d__Bacteria.p__Bacillota_A.c__Clostridia.o__Lachnospirales.f__Lachnospiraceae.g__Clostridium_AP.s__Clostridium_AP.scindens	Group	PD	0.41873682499034	0.145832279067197	146	27	0.00473722744760849	0.161164545751012
d__Bacteria.p__Bacillota_A.c__Clostridia.o__Oscillospirales.f__Oscillospiraceae.g__UMGS1766.s__UMGS1766.sp959602365	Group	PD	0.35598571527932	0.123987012049184	146	20	0.00474013369855918	0.161164545751012
d__Bacteria.p__Bacillota_I.c__Bacilli_A.o__RF39.f__UBA660.g__CAG.302.s__CAG.302.sp934162325	BMI	BMI	0.251880072287241	0.0875336214980999	146	21	0.00465088763199957	0.161164545751012
d__Bacteria.p__Actinomycetota.c__Actinomycetes.o__Actinomycetales.f__Bifidobacteriaceae.g__Bifidobacterium.s__Bifidobacterium.animalis_B	Sex_Male1_Female2	Female	0.711253840962841	0.249572981989034	146	27	0.00504958470819486	0.163777489418485
d__Bacteria.p__Bacillota.c__Bacilli.o__Lactobacillales.f__Streptococcaceae.g__Lactococcus.s__Lactococcus.lactis	Group	PD	0.576875021384458	0.203381418799425	146	42	0.00525489270861449	0.163777489418485
d__Bacteria.p__Bacillota_A.c__Clostridia.o__Oscillospirales.f__Acutalibacteraceae.g__CAG.177.s__CAG.177.sp003514385	Group	PD	0.707833487288179	0.249413543571588	146	30	0.00523053595703911	0.163777489418485
d__Bacteria.p__Actinomycetota.c__Coriobacteriia.o__Coriobacteriales.f__Eggerthellaceae.g__Eggerthella.s__Eggerthella.lenta	Group	PD	0.670794053754822	0.24556258897805	146	64	0.0071316795397946	0.167994104171017
d__Bacteria.p__Bacillota.c__Bacilli.o__Lactobacillales.f__Streptococcaceae.g__Lactococcus.s__Lactococcus.lactis	BMI	BMI	0.255138908682669	0.093982699538321	146	42	0.00748636827856581	0.167994104171017
d__Bacteria.p__Bacillota.c__Bacilli.o__Lactobacillales.f__Streptococcaceae.g__Streptococcus.s__Streptococcus.thermophilus	Group	PD	0.775898364248091	0.277780905029731	146	75	0.0059664756960803	0.167994104171017
d__Bacteria.p__Bacillota_A.c__Clostridia.o__Christensenellales.f__Aristaeellaceae.g__Ventricola.s__Ventricola.sp900542445	Group	PD	-0.681704636739253	0.242137945858838	146	80	0.00559141470589358	0.167994104171017
d__Bacteria.p__Bacillota_A.c__Clostridia.o__Lachnospirales.f__Lachnospiraceae.g__Alitiscatomonas.s__Alitiscatomonas.sp900066785	Group	PD	-0.408018548095168	0.149973706150853	146	24	0.00736180685354608	0.167994104171017
d__Bacteria.p__Bacillota_A.c__Clostridia.o__Lachnospirales.f__Lachnospiraceae.g__Blautia.s__Blautia.celeris	Group	PD	0.40062707280722	0.147198053912447	146	25	0.0073389036754814	0.167994104171017
d__Bacteria.p__Bacillota_A.c__Clostridia.o__Lachnospirales.f__Lachnospiraceae.g__Eubacterium_G.s__Eubacterium_G.ventriosum	Group	PD	-0.570857697537855	0.207344629922748	146	66	0.00670257645190908	0.167994104171017
d__Bacteria.p__Bacillota_A.c__Clostridia.o__Lachnospirales.f__Lachnospiraceae.g__Mediterraneibacter.s__Mediterraneibacter.sp900541505	Group	PD	0.331757701528977	0.12002095064999	146	22	0.00649277051529767	0.167994104171017
d__Bacteria.p__Bacillota_A.c__Clostridia.o__Lachnospirales.f__Lachnospiraceae.g__Roseburia.s__Roseburia.inulinivorans	Group	PD	-0.648594399647128	0.23625450432058	146	78	0.00685654369739355	0.167994104171017
d__Bacteria.p__Bacillota_A.c__Clostridia.o__Monoglobales.f__Monoglobaceae.g__Monoglobus.s__Monoglobus.pectinilyticus	Sex_Male1_Female2	Female	0.619436922793324	0.223775050869056	146	62	0.00641862460128823	0.167994104171017
d__Bacteria.p__Bacillota_A.c__Clostridia.o__Oscillospirales.f__Oscillospiraceae.g__Dysosmobacter.s__Dysosmobacter.segnis	Sex_Male1_Female2	Female	-0.733069423446728	0.26774763435141	146	77	0.00700456790715462	0.167994104171017
d__Bacteria.p__Bacillota_A.c__Clostridia.o__Oscillospirales.f__Ruminococcaceae.g__Faecalibacterium.s__Faecalibacterium.sp900758465	Group	PD	-0.483009541810754	0.176357487859514	146	36	0.0069864830264512	0.167994104171017
d__Bacteria.p__Bacillota_A.c__Clostridia.o__Oscillospirales.f__Ruminococcaceae.g__Ruminiclostridium_E.s__Ruminiclostridium_E.siraeum	Sex_Male1_Female2	Female	-0.913282995586951	0.330269827839921	146	72	0.00647212062448855	0.167994104171017
d__Bacteria.p__Bacillota_A.c__Clostridia.o__Peptostreptococcales.f__Peptostreptococcaceae.g__Intestinibacter.s__Intestinibacter.sp900540355	BMI	BMI	0.168004657611245	0.0614195670838666	146	18	0.00705620982517749	0.167994104171017
d__Bacteria.p__Bacillota_A.c__Clostridia.o__Lachnospirales.f__Lachnospiraceae.g__Limivivens.s__Limivivens.sp934393555	Group	PD	-0.389420184800004	0.144036011989888	146	34	0.00772795791108304	0.169019802641628
d__Bacteria.p__Bacillota_A.c__Clostridia.o__Oscillospirales.f__Acutalibacteraceae.g__Eubacterium_R.s__Eubacterium_R.sp000434995	BMI	BMI	0.223267139140811	0.0827258254525639	146	25	0.00783335983722341	0.169019802641628
d__Bacteria.p__Bacillota_A.c__Clostridia.o__Lachnospirales.f__Lachnospiraceae.g__JAGTTR01.s__JAGTTR01.sp018223385	Group	PD	-0.226833061416293	0.0852110338054747	146	15	0.00869670552219764	0.182567380020806
d__Bacteria.p__Bacillota_A.c__Clostridia.o__Peptostreptococcales.f__Anaerovoracaceae.g__Emergencia.s__Emergencia.timonensis	Group	PD	0.227931852413196	0.0859519565965003	146	15	0.00894938137356894	0.182567380020806
d__Bacteria.p__Bacillota_A.c__Clostridia.o__UBA1381.f__UBA1381.g__Hominilimicola.s__Hominilimicola.fabiformis	Group	PD	-0.59936471140988	0.225590261935988	146	116	0.00882372613943115	0.182567380020806
d__Bacteria.p__Bacillota_A.c__Clostridia.o__Lachnospirales.f__Lachnospiraceae.g__Gallintestinimicrobium.s__Gallintestinimicrobium.propionicum	Group	PD	-0.537850240418374	0.208065483754828	146	75	0.010783064580255	0.195138684823324
d__Bacteria.p__Bacillota_A.c__Clostridia.o__Lachnospirales.f__Lachnospiraceae.g__Lachnoclostridium_B.s__Lachnoclostridium_B.ammoniilytica	Sex_Male1_Female2	Female	0.423293079999246	0.163575447344849	146	85	0.0107014324328671	0.195138684823324
d__Bacteria.p__Bacillota_A.c__Clostridia.o__Oscillospirales.f__Acutalibacteraceae.g__Clostridium_A.s__Clostridium_A.leptum	Group	PD	0.609383215261971	0.233593834056534	146	66	0.0100967879357538	0.195138684823324
d__Bacteria.p__Bacillota_A.c__Clostridia.o__Oscillospirales.f__Acutalibacteraceae.g__Clostridium_A.s__Clostridium_A.leptum	BMI	BMI	0.279123804101788	0.107943878303801	146	66	0.0107587001172866	0.195138684823324
d__Bacteria.p__Bacillota_A.c__Clostridia.o__Peptostreptococcales.f__Anaerovoracaceae.g__Lentihominibacter.s__Lentihominibacter.faecis	Group	PD	0.472527621373366	0.181556073505649	146	71	0.0102686916439599	0.195138684823324
d__Bacteria.p__Bacillota_A.c__Clostridia.o__TANB77.f__CAG.508.g__CAG.269.s__CAG.269.sp000431335	Sex_Male1_Female2	Female	-0.381337991869357	0.147330672240005	146	18	0.0106848969732061	0.195138684823324
d__Bacteria.p__Bacillota_A.c__Clostridia.o__TANB77.f__CAG.508.g__CAG.273.s__CAG.273.sp003534295	BMI	BMI	0.258974737853551	0.0993949850652262	146	19	0.0101875290127029	0.195138684823324
d__Bacteria.p__Bacillota_A.c__Clostridia.o__Lachnospirales.f__Lachnospiraceae.g__Blautia_A.s__Blautia_A.wexlerae_B	Group	PD	-0.833546436734537	0.324121468519353	146	138	0.011185691273756	0.199211835065941
d__Bacteria.p__Bacillota_A.c__Clostridia.o__Lachnospirales.f__Anaerotignaceae.g__Anaerotignum.s__Anaerotignum.faecicola	Group	PD	-0.491288898148025	0.192909308436615	146	48	0.0119787205700118	0.207434567917773
d__Bacteria.p__Bacillota_A.c__Clostridia.o__Lachnospirales.f__Lachnospiraceae.g__Blautia_A.s__Blautia_A.sp934424005	Sex_Male1_Female2	Female	-0.768563755893598	0.303246455696152	146	122	0.0123869127009722	0.207434567917773
d__Bacteria.p__Bacillota_A.c__Clostridia.o__Lachnospirales.f__Lachnospiraceae.g__Hominiventricola.s__Hominiventricola.filiformis	Group	PD	-0.407537627350111	0.160708394447267	146	41	0.0123387536287938	0.207434567917773
d__Bacteria.p__Bacillota_A.c__Clostridia.o__Oscillospirales.f__Ruminococcaceae.g__Faecalibacterium.s__Faecalibacterium.sp905215595	Group	PD	-0.863865811489028	0.339423021940658	146	108	0.0120323276639084	0.207434567917773
d__Bacteria.p__Bacillota_A.c__Clostridia.o__Lachnospirales.f__Lachnospiraceae.g__Dorea.s__Dorea.formicigenerans	BMI	BMI	0.255095231145793	0.100974867880648	146	113	0.0126638597619923	0.208953686072873
d__Bacteria.p__Bacillota_A.c__Clostridia.o__Lachnospirales.f__Lachnospiraceae.g__Sellimonas.s__Sellimonas.intestinalis	Group	PD	0.498080781762826	0.199423207146322	146	32	0.0136871740021634	0.219385846148961
d__Bacteria.p__Bacillota_I.c__Bacilli_A.o__Erysipelotrichales.f__Coprobacillaceae.g__Faecalibacillus.s__Faecalibacillus.intestinalis	Group	PD	-0.613161510805866	0.245231657458377	146	87	0.0135868487654256	0.219385846148961
d__Bacteria.p__Bacillota_A.c__Clostridia.o__Lachnospirales.f__Lachnospiraceae.g__Limivivens.s__Limivivens.faecihominis	Group	PD	-0.445298779201572	0.17945931124432	146	75	0.0142992063195468	0.224440820962574
d__Bacteria.p__Bacillota_A.c__Clostridia.o__Oscillospirales.f__Ruminococcaceae.g__Faecalibacterium.s__Faecalibacterium.sp900539885	Group	PD	-0.641869351492031	0.258959475276012	146	53	0.0144026195270101	0.224440820962574
d__Bacteria.p__Bacillota_A.c__Clostridia.o__Lachnospirales.f__Lachnospiraceae.g__Dorea_A.s__Dorea_A.longicatena	BMI	BMI	0.386369735520285	0.157582368939548	146	93	0.0154703636261782	0.237777369706465
d__Bacteria.p__Bacillota_A.c__Clostridia.o__Oscillospirales.f__Acutalibacteraceae.g__Clostridium_A.s__Clostridium_A.leptum	Sex_Male1_Female2	Female	0.535078837503543	0.219182821490383	146	66	0.0159125485114632	0.241268640944076
d__Bacteria.p__Bacillota_A.c__Clostridia.o__Lachnospirales.f__Lachnospiraceae.g__Dorea_D.s__Dorea_D.hominis	BMI	BMI	0.181958956964111	0.0754819456998155	146	44	0.0172515261286064	0.251412345684937
d__Bacteria.p__Bacillota_A.c__Clostridia.o__Lachnospirales.f__Lachnospiraceae.g__Lachnospira.s__Lachnospira.hominis	Group	PD	-0.39755635828289	0.165585651094374	146	35	0.0176969653808923	0.251412345684937
d__Bacteria.p__Bacillota_A.c__Clostridia.o__Lachnospirales.f__Lachnospiraceae.g__Roseburia_D.s__Roseburia_D.yibonii	BMI	BMI	0.170248423912638	0.070913104987123	146	20	0.0177019387781729	0.251412345684937
d__Bacteria.p__Bacillota_A.c__Clostridia.o__Oscillospirales.f__Ruminococcaceae.g__Hominimerdicola.s__Hominimerdicola.aceti	Group	PD	-0.894914561383822	0.370218914671027	146	83	0.0169534156734443	0.251412345684937
d__Bacteria.p__Bacillota_A.c__Clostridia.o__Peptostreptococcales.f__Anaerovoracaceae.g__Emergencia.s__Emergencia.timonensis	Sex_Male1_Female2	Female	0.193975199759498	0.0806493563305292	146	15	0.0175006182663497	0.251412345684937
d__Bacteria.p__Bacillota_A.c__Clostridia.o__Lachnospirales.f__Lachnospiraceae.g__Hominifimenecus.s__Hominifimenecus.microfluidus	Group	PD	-0.35721137429771	0.150182950062561	146	23	0.0187628259037234	0.259899884740465
d__Bacteria.p__Bacillota_A.c__Clostridia.o__Oscillospirales.f__CAG.272.g__UMGS1696.s__UMGS1696.sp900753285	Group	PD	-0.202107988509954	0.0849521126493547	146	15	0.0187348620505612	0.259899884740465
d__Bacteria.p__Bacillota_A.c__Clostridia.o__Lachnospirales.f__Lachnospiraceae.g__Mediterraneibacter.s__Mediterraneibacter.sp900541505	Sex_Male1_Female2	Female	0.263813956555684	0.112616545328231	146	22	0.0205906219003037	0.27622322082453
d__Bacteria.p__Bacillota_A.c__Clostridia.o__Oscillospirales.f__Butyricicoccaceae.g__Agathobaculum.s__Agathobaculum.butyriciproducens	Group	PD	-0.551456267286817	0.235573834126726	146	107	0.0206798133237616	0.27622322082453
d__Bacteria.p__Bacillota_A.c__Clostridia.o__Oscillospirales.f__Oscillospiraceae.g__Flavonifractor.s__Flavonifractor.plautii	Group	PD	0.536711150083959	0.228657282327112	146	65	0.0203458366343743	0.27622322082453
d__Bacteria.p__Bacillota_A.c__Clostridia.o__Oscillospirales.f__Ruminococcaceae.g__Negativibacillus.s__Negativibacillus.faecipullorum	BMI	BMI	0.111192486453401	0.0476385816629894	146	17	0.0210455112691635	0.277800748752958
d__Bacteria.p__Bacillota_A.c__Clostridia.o__Lachnospirales.f__Lachnospiraceae.g__Acetatifactor.s__Acetatifactor.acetigignens	Group	PD	-0.676817128960492	0.291909891514381	146	87	0.0218978352626194	0.282543325823314
d__Bacteria.p__Bacillota_A.c__Clostridia.o__Lachnospirales.f__Lachnospiraceae.g__Blautia.s__Blautia.stercoris	Group	PD	-0.57758183249466	0.24913026669412	146	35	0.0219084397028773	0.282543325823314
d__Bacteria.p__Bacillota_A.c__Clostridia.o__Oscillospirales.f__Acutalibacteraceae.g__UMGS1071.s__UMGS1071.sp900542375	Sex_Male1_Female2	Female	0.435518036802334	0.188265963854369	146	61	0.022194403771947	0.282978648092324
d__Bacteria.p__Bacillota_I.c__Bacilli_A.o__Erysipelotrichales.f__Erysipelotrichaceae.g__Clostridium_AQ.s__Clostridium_AQ.innocuum	Group	PD	0.440397449812016	0.19081997916024	146	34	0.0225014800732396	0.283670344294099
d__Bacteria.p__Bacillota_A.c__Clostridia.o__Lachnospirales.f__Lachnospiraceae.g__Enterocloster.s__Enterocloster.bolteae	Group	PD	0.435326839675249	0.191042183045659	146	34	0.0242318696789433	0.298638346964796
d__Bacteria.p__Bacillota_A.c__Clostridia.o__Lachnospirales.f__Lachnospiraceae.g__Mediterraneibacter.s__Mediterraneibacter.torques	Group	PD	0.704871928914047	0.309678835163744	146	113	0.0243886275370612	0.298638346964796
d__Bacteria.p__Bacillota_A.c__Clostridia.o__Oscillospirales.f__Acutalibacteraceae.g__Hominenteromicrobium.s__Hominenteromicrobium.sp900549945	Sex_Male1_Female2	Female	0.32565308723089	0.143173343920926	146	15	0.0244872797867747	0.298638346964796
d__Bacteria.p__Bacillota_A.c__Clostridia.o__Lachnospirales.f__Lachnospiraceae.g__Wujia.s__Wujia.chipingensis	BMI	BMI	0.239185206274937	0.105405277340059	146	26	0.0248188621441638	0.299427562642492
d__Bacteria.p__Bacteroidota.c__Bacteroidia.o__Bacteroidales.f__Rikenellaceae.g__Alistipes.s__Alistipes.sp902363575	Sex_Male1_Female2	Female	-0.499952320697117	0.221731250139554	146	26	0.0257342907555045	0.307168874762511
d__Bacteria.p__Bacteroidota.c__Bacteroidia.o__Bacteroidales.f__Rikenellaceae.g__Alistipes_A.s__Alistipes_A.ihumii	Group	PD	0.410154158924464	0.182771130388952	146	51	0.026430830610143	0.308910332756046
d__Bacteria.p__Pseudomonadota.c__Gammaproteobacteria.o__Enterobacterales.f__Enterobacteriaceae.g__Escherichia.s__Escherichia.coli_F	Group	PD	0.839275697700335	0.373603450761819	146	61	0.026276285996964	0.308910332756046
d__Bacteria.p__Bacillota_A.c__Clostridia.o__Lachnospirales.f__Lachnospiraceae.g__Bariatricus.s__Bariatricus.comes_A	Group	PD	-0.569745258731877	0.255662692146943	146	120	0.0274765336836501	0.312281377793044
d__Bacteria.p__Bacillota_A.c__Clostridia.o__Lachnospirales.f__Lachnospiraceae.g__Butyribacter.s__Butyribacter.sp003529475	Group	PD	-0.674971321604835	0.30303558174253	146	68	0.0275542392170333	0.312281377793044
d__Bacteria.p__Bacillota_A.c__Clostridia.o__Lachnospirales.f__Lachnospiraceae.g__CAJJNI01.s__CAJJNI01.sp905193085	Group	PD	-0.21049079472069	0.0944918831199262	146	16	0.0275377827883257	0.312281377793044
d__Bacteria.p__Bacillota_A.c__Clostridia.o__Lachnospirales.f__Lachnospiraceae.g__Blautia_A.s__Blautia_A.sp900551715	Sex_Male1_Female2	Female	-0.233875369945245	0.105352175233959	146	20	0.0280665409665511	0.314906589644704
d__Bacteria.p__Bacillota_A.c__Clostridia.o__Peptostreptococcales.f__Anaerovoracaceae.g__CAG.238.s__CAG.238.sp900542245	BMI	BMI	0.112313676704634	0.0507662974514046	146	19	0.0285972909294842	0.31768475666219
d__Bacteria.p__Bacillota_A.c__Clostridia.o__Lachnospirales.f__Lachnospiraceae.g__Blautia_A.s__Blautia_A.acetigignens	Group	PD	-0.529991623253282	0.241477436890787	146	56	0.029863355366201	0.328496909028211
d__Bacteria.p__Bacillota_A.c__Clostridia.o__Lachnospirales.f__Lachnospiraceae.g__Limivivens.s__Limivivens.sp905214955	Group	PD	-0.34683807457744	0.158850299389185	146	56	0.0307071701495999	0.334499465124768
d__Bacteria.p__Bacillota_A.c__Clostridia.o__Oscillospirales.f__CAG.272.g__UMGS1696.s__UMGS1696.sp900753285	Sex_Male1_Female2	Female	-0.173446685256584	0.0797111953629224	146	15	0.0312746551403703	0.337405414110533
d__Bacteria.p__Bacillota_A.c__Clostridia.o__Oscillospirales.f__Ruminococcaceae.g__Faecalibacterium.s__Faecalibacterium.sp905215595	Sex_Male1_Female2	Female	-0.6887885277572	0.318483130893517	146	108	0.0322989417246345	0.34513726300038
d__Bacteria.p__Bacillota_A.c__Clostridia.o__Lachnospirales.f__Lachnospiraceae.g__Roseburia.s__Roseburia.intestinalis	Group	PD	-0.639195386331261	0.297996966063343	146	75	0.0337189454089567	0.354082394677815
d__Bacteria.p__Bacillota_A.c__Clostridia.o__Oscillospirales.f__Ruminococcaceae.g__Gemmiger.s__Gemmiger.formicilis	Group	PD	-0.801074471823522	0.373569079221707	146	97	0.0337672158917346	0.354082394677815
d__Bacteria.p__Bacillota_A.c__Clostridia.o__Christensenellales.f__Aristaeellaceae.g__Ventricola.s__Ventricola.sp900542395	BMI	BMI	0.201765983659553	0.0943958362935341	146	42	0.0343374592169811	0.35672804853197
d__Bacteria.p__Actinomycetota.c__Actinomycetes.o__Actinomycetales.f__Bifidobacteriaceae.g__Bifidobacterium.s__Bifidobacterium.adolescentis	Group	PD	0.890816275556267	0.424969114115052	146	67	0.0379043920986524	0.366349592685076
d__Bacteria.p__Actinomycetota.c__Coriobacteriia.o__Coriobacteriales.f__Coriobacteriaceae.g__Collinsella.s__Collinsella.sp023656745	BMI	BMI	0.312392404913399	0.147999107023077	146	111	0.0366088394377651	0.366349592685076
d__Bacteria.p__Bacillota.c__Bacilli.o__Lactobacillales.f__Streptococcaceae.g__Streptococcus.s__Streptococcus.sp001556435	Group	PD	0.633746797937556	0.301900976656717	146	113	0.0376349396649565	0.366349592685076
d__Bacteria.p__Bacillota_A.c__Clostridia.o__Lachnospirales.f__Lachnospiraceae.g__Eubacterium_F.s__Eubacterium_F.sp900539115	Group	PD	-0.358284625405098	0.171484173063321	146	31	0.038528745041746	0.366349592685076
d__Bacteria.p__Bacillota_A.c__Clostridia.o__Lachnospirales.f__Lachnospiraceae.g__Fusicatenibacter.s__Fusicatenibacter.saccharivorans	BMI	BMI	0.299631337130335	0.14237598664225	146	132	0.0371606994451736	0.366349592685076
d__Bacteria.p__Bacillota_A.c__Clostridia.o__Lachnospirales.f__Lachnospiraceae.g__Jutongia.s__Jutongia.sp003524945	Group	PD	-0.320657035602484	0.153451868802112	146	15	0.0385003888427658	0.366349592685076
d__Bacteria.p__Bacillota_A.c__Clostridia.o__Oscillospirales.f__Acutalibacteraceae.g__CAG.177.s__CAG.177.sp003514385	BMI	BMI	0.24217082707679	0.115254177420178	146	30	0.0374559083065933	0.366349592685076
d__Bacteria.p__Bacillota_A.c__Clostridia.o__Oscillospirales.f__Oscillospiraceae.g__CAG.103.s__CAG.103.sp905215475	Sex_Male1_Female2	Female	-0.595011533068138	0.28138407073203	146	51	0.0362761294162234	0.366349592685076
d__Bacteria.p__Bacillota_A.c__Clostridia.o__Oscillospirales.f__Ruminococcaceae.g__Faecalibacterium.s__Faecalibacterium.prausnitzii_E	Group	PD	-0.630929832385444	0.301905403220124	146	24	0.0384821032580928	0.366349592685076
d__Bacteria.p__Bacillota_A.c__Clostridia.o__Peptostreptococcales.f__Anaerovoracaceae.g__Fimisoma.s__Fimisoma.sp000435715	Sex_Male1_Female2	Female	0.351601363734233	0.165955447747301	146	25	0.0359249889502601	0.366349592685076
d__Bacteria.p__Bacillota_A.c__Clostridia.o__Lachnospirales.f__Lachnospiraceae.g__Lachnospira.s__Lachnospira.pectinoschiza_A	Group	PD	-0.607670398118537	0.293897000518966	146	58	0.0405564386307949	0.382389278518924
d__Bacteria.p__Bacillota_I.c__Bacilli_A.o__Erysipelotrichales.f__Coprobacillaceae.g__Allocoprobacillus.s__Allocoprobacillus.merdigallinarum	Group	PD	0.190996544684947	0.0927404614110563	146	15	0.0413424601675152	0.386552002566267
d__Bacteria.p__Bacillota_A.c__Clostridia.o__Lachnospirales.f__Lachnospiraceae.g__Ventrisoma.s__Ventrisoma.faecale	Sex_Male1_Female2	Female	0.284325007858062	0.138518877025227	146	20	0.0420141119363334	0.389585401591455
d__Bacteria.p__Bacillota_A.c__Clostridia.o__Oscillospirales.f__Oscillospiraceae.g__Evtepia.s__Evtepia.gabavorous	Group	PD	0.552742812500597	0.271328871524558	146	82	0.0435587348972365	0.400597545530323
d__Bacteria.p__Bacillota_A.c__Clostridia.o__Oscillospirales.f__Ruminococcaceae.g__Gemmiger.s__Gemmiger.qucibialis	Group	PD	0.606052338403368	0.300754825384872	146	125	0.045850236366482	0.418243619538153
d__Bacteria.p__Bacillota_A.c__Clostridia.o__Christensenellales.f__Aristaeellaceae.g__Ventricola.s__Ventricola.sp900542395	Sex_Male1_Female2	Female	-0.383381826693189	0.191673173698008	146	42	0.0474571566242258	0.419332231704685
d__Bacteria.p__Bacillota_A.c__Clostridia.o__Lachnospirales.f__Lachnospiraceae.g__Frisingicoccus.s__Frisingicoccus.sp900757195	Sex_Male1_Female2	Female	-0.294220164126595	0.146898755839151	146	17	0.0471637081996732	0.419332231704685
d__Bacteria.p__Bacillota_A.c__Clostridia.o__Oscillospirales.f__Oscillospiraceae.g__Vescimonas.s__Vescimonas.sp000435555	Group	PD	0.688737626230723	0.343473308071021	146	60	0.0469101901496123	0.419332231704685
d__Bacteria.p__Bacillota_A.c__Clostridia.o__Oscillospirales.f__Ruminococcaceae.g__Gemmiger.s__Gemmiger.sp900539695	Sex_Male1_Female2	Female	-0.346593013777731	0.173286307407878	146	65	0.0474645217704946	0.419332231704685
d__Bacteria.p__Bacillota_A.c__Clostridia.o__Lachnospirales.f__Lachnospiraceae.g__Roseburia_D.s__Roseburia_D.yibonii	Group	PD	-0.30554634267384	0.153458114893508	146	20	0.048461939788756	0.424799190960814
d__Bacteria.p__Bacillota_A.c__Clostridia.o__Lachnospirales.f__Lachnospiraceae.g__Eisenbergiella.s__Eisenbergiella.porci	Group	PD	0.232595066499675	0.117369157919638	146	19	0.0495098837334079	0.430620849216153
d__Bacteria.p__Bacillota_A.c__Clostridia.o__Peptostreptococcales.f__Peptostreptococcaceae.g__Intestinibacter.s__Intestinibacter.sp900540355	Group	PD	0.262907221574361	0.132913810274942	146	18	0.0499318746157911	0.430950487068597
d__Bacteria.p__Bacillota_A.c__Clostridia.o__Oscillospirales.f__Oscillospiraceae.g__Flavonifractor.s__Flavonifractor.plautii	Sex_Male1_Female2	Female	0.420021694156189	0.214550818505981	146	65	0.0523001030685946	0.447944394221092
d__Bacteria.p__Bacillota_A.c__Clostridia.o__Lachnospirales.f__Lachnospiraceae.g__Eisenbergiella.s__Eisenbergiella.porci	Sex_Male1_Female2	Female	0.214087000861061	0.11012834860423	146	19	0.0539477317285087	0.45598128442654
d__Bacteria.p__Bacillota_A.c__Clostridia.o__Oscillospirales.f__Acutalibacteraceae.g__Hominenteromicrobium.s__Hominenteromicrobium.sp900549945	Group	PD	0.296495747512049	0.152586822789172	146	15	0.0540512574231103	0.45598128442654
d__Bacteria.p__Bacillota_A.c__Clostridia.o__Lachnospirales.f__Lachnospiraceae.g__Enterocloster.s__Enterocloster.sp000431375	Group	PD	-0.459039919019505	0.236900281685343	146	64	0.0547179675319311	0.458160892319602
d__Bacteria.p__Bacillota_A.c__Clostridia.o__Lachnospirales.f__Lachnospiraceae.g__Lachnospira.s__Lachnospira.sp000437735	Group	PD	-0.344588653208535	0.180128454419137	146	39	0.0578325208349054	0.480652506494547
d__Bacteria.p__Bacillota_A.c__Clostridia.o__Lachnospirales.f__Lachnospiraceae.g__Lachnoclostridium_B.s__Lachnoclostridium_B.ammoniilytica	BMI	BMI	0.153347968851476	0.0805581754154805	146	85	0.059063839692452	0.487276677462729
d__Bacteria.p__Actinomycetota.c__Coriobacteriia.o__Coriobacteriales.f__Eggerthellaceae.g__Gordonibacter.s__Gordonibacter.urolithinfaciens	Sex_Male1_Female2	Female	0.238179954440637	0.126131517851197	146	20	0.061093864211329	0.491015826537024
d__Bacteria.p__Bacillota_A.c__Clostridia.o__Lachnospirales.f__Lachnospiraceae.g__Blautia_A.s__Blautia_A.sp003474435	Group	PD	-0.261637097741668	0.13888461500204	146	18	0.0617051974525137	0.491015826537024
d__Bacteria.p__Bacillota_A.c__Clostridia.o__Oscillospirales.f__Oscillospiraceae.g__Pseudoflavonifractor.s__Pseudoflavonifractor.faecis	Sex_Male1_Female2	Female	0.141829203311575	0.0747748072109342	146	17	0.0599658398460806	0.491015826537024
d__Bacteria.p__Bacillota_A.c__Clostridia.o__Peptostreptococcales.f__Peptostreptococcaceae.g__Romboutsia.s__Romboutsia.timonensis	Group	PD	0.470137718206435	0.248545704268041	146	80	0.0606612043566081	0.491015826537024
d__Bacteria.p__Bacteroidota.c__Bacteroidia.o__Bacteroidales.f__Rikenellaceae.g__Alistipes.s__Alistipes.shahii	Group	PD	-0.553000428163135	0.293445414584577	146	88	0.0616147457863723	0.491015826537024
d__Bacteria.p__Actinomycetota.c__Coriobacteriia.o__Coriobacteriales.f__Eggerthellaceae.g__Gordonibacter.s__Gordonibacter.pamelaeae	Group	PD	0.263883388238892	0.141074448633122	146	34	0.0635443149589122	0.498048848926352
d__Bacteria.p__Bacillota_A.c__Clostridia.o__Lachnospirales.f__Lachnospiraceae.g__Blautia_A.s__Blautia_A.sp000436615	BMI	BMI	-0.235425862031624	0.126041797504823	146	41	0.0639207078835959	0.498048848926352
d__Bacteria.p__Bacillota_A.c__Clostridia.o__Lachnospirales.f__Lachnospiraceae.g__Massilistercora.s__Massilistercora.sp902406105	BMI	BMI	-0.0757621555351393	0.0404964636700759	146	15	0.0635012589215936	0.498048848926352
d__Bacteria.p__Bacillota.c__Bacilli.o__Lactobacillales.f__Streptococcaceae.g__Streptococcus.s__Streptococcus.sp902463925	Group	PD	0.428116649417987	0.230799032475401	146	23	0.0657553471846541	0.508810341663323
d__Bacteria.p__Actinomycetota.c__Actinomycetes.o__Actinomycetales.f__Bifidobacteriaceae.g__Bifidobacterium.s__Bifidobacterium.bifidum	BMI	BMI	0.249944028978495	0.135026861017098	146	25	0.0663129979642699	0.509610847369252
d__Bacteria.p__Actinomycetota.c__Actinomycetes.o__Actinomycetales.f__Bifidobacteriaceae.g__Bifidobacterium.s__Bifidobacterium.animalis_B	BMI	BMI	0.223850315421842	0.122910524705163	146	27	0.0707512449221949	0.516850649308063
d__Bacteria.p__Bacillota.c__Bacilli.o__MOL361.f__Turicibacteraceae.g__Turicibacter.s__Turicibacter.sanguinis	Group	PD	0.257186073268573	0.142328764637967	146	21	0.0729589441640506	0.516850649308063
d__Bacteria.p__Bacillota_A.c__Clostridia.o__Lachnospirales.f__Lachnospiraceae.g__Blautia_A.s__Blautia_A.sp934424005	BMI	BMI	0.268111563011886	0.149343813931881	146	122	0.074816091319007	0.516850649308063
d__Bacteria.p__Bacillota_A.c__Clostridia.o__Lachnospirales.f__Lachnospiraceae.g__Coprococcus_A.s__Coprococcus_A.catus_A	BMI	BMI	0.199255171704581	0.109937987303193	146	93	0.0721091065981384	0.516850649308063
d__Bacteria.p__Bacillota_A.c__Clostridia.o__Lachnospirales.f__Lachnospiraceae.g__Eubacterium_F.s__Eubacterium_F.sp000433735	Group	PD	-0.312727830313113	0.172691402763975	146	32	0.0723465085365745	0.516850649308063
d__Bacteria.p__Bacillota_A.c__Clostridia.o__Lachnospirales.f__Lachnospiraceae.g__Eubacterium_F.s__Eubacterium_F.sp900539115	Sex_Male1_Female2	Female	-0.289812479783028	0.160904867394177	146	31	0.0738800243376878	0.516850649308063
d__Bacteria.p__Bacillota_A.c__Clostridia.o__Lachnospirales.f__Lachnospiraceae.g__Faecalimonas.s__Faecalimonas.sp029983955	Sex_Male1_Female2	Female	0.324345567229241	0.176216872971952	146	25	0.0678431669817605	0.516850649308063
d__Bacteria.p__Bacillota_A.c__Clostridia.o__Lachnospirales.f__Lachnospiraceae.g__Lachnospira.s__Lachnospira.sp000437735	Sex_Male1_Female2	Female	0.303847238190304	0.16901586049884	146	39	0.0744199553597455	0.516850649308063
d__Bacteria.p__Bacillota_A.c__Clostridia.o__Lachnospirales.f__Lachnospiraceae.g__Limivivens.s__Limivivens.faecihominis	BMI	BMI	0.149835073619531	0.0829282764747662	146	75	0.0729876003971539	0.516850649308063
d__Bacteria.p__Bacillota_A.c__Clostridia.o__Lachnospirales.f__Lachnospiraceae.g__Scatomonas.s__Scatomonas.merdavium	Group	PD	0.215540308059516	0.118557233583692	146	19	0.0712446389871824	0.516850649308063
d__Bacteria.p__Bacillota_A.c__Clostridia.o__Oscillospirales.f__Acutalibacteraceae.g__Anaeromassilibacillus.s__Anaeromassilibacillus.stercoravium	Group	PD	0.277601597333735	0.151390019053881	146	26	0.0688710202733714	0.516850649308063
d__Bacteria.p__Bacillota_A.c__Clostridia.o__Oscillospirales.f__Oscillospiraceae.g__Enterenecus.s__Enterenecus.sp900549885	BMI	BMI	-0.117893484416481	0.0650193419413944	146	34	0.0719890123643112	0.516850649308063
d__Bacteria.p__Bacillota_A.c__Clostridia.o__Oscillospirales.f__Oscillospiraceae.g__Vescimonas.s__Vescimonas.coprocola	Sex_Male1_Female2	Female	-0.369260920925149	0.205082379449536	146	53	0.0739739491488767	0.516850649308063
d__Bacteria.p__Bacillota_A.c__Clostridia.o__Oscillospirales.f__Ruminococcaceae.g__Faecalibacterium.s__Faecalibacterium.duncaniae	Group	PD	-0.612579722671653	0.340893125635602	146	105	0.0745410491990628	0.516850649308063
d__Bacteria.p__Bacillota_A.c__Clostridia.o__Peptostreptococcales.f__Anaerovoracaceae.g__Lentihominibacter.s__Lentihominibacter.excrementipullorum	Group	PD	0.262982202744003	0.144098006798912	146	30	0.0701758639125777	0.516850649308063
d__Bacteria.p__Bacteroidota.c__Bacteroidia.o__Bacteroidales.f__Barnesiellaceae.g__Barnesiella.s__Barnesiella.intestinihominis	BMI	BMI	-0.258629961815035	0.141988239515669	146	83	0.0707141861428638	0.516850649308063
d__Bacteria.p__Pseudomonadota.c__Gammaproteobacteria.o__Burkholderiales.f__Burkholderiaceae.g__Parasutterella.s__Parasutterella.gallistercoris	BMI	BMI	0.117015060011716	0.06524107901271	146	18	0.0750861460224726	0.516850649308063
d__Bacteria.p__Bacillota_A.c__Clostridia.o__Lachnospirales.f__Lachnospiraceae.g__Roseburia.s__Roseburia.hominis	Group	PD	-0.449884415717093	0.251808970877663	146	102	0.0762120701206698	0.521402089484095
d__Bacteria.p__Bacillota_A.c__Clostridia.o__Lachnospirales.f__Lachnospiraceae.g__Roseburia.s__Roseburia.intestinalis	Sex_Male1_Female2	Female	-0.496115443280107	0.279612756394631	146	75	0.0782356129428557	0.528797335674
d__Bacteria.p__Bacillota_A.c__Clostridia.o__TANB77.f__CAG.508.g__CAG.269.s__CAG.269.sp000437215	Sex_Male1_Female2	Female	-0.200694401158842	0.112931802453153	146	16	0.0777660050079457	0.528797335674
d__Bacteria.p__Bacillota.c__Bacilli.o__Lactobacillales.f__Streptococcaceae.g__Lactococcus.s__Lactococcus.lactis	Sex_Male1_Female2	Female	0.33749402303326	0.190834288889606	146	42	0.0791997963223352	0.528941496867025
d__Bacteria.p__Bacillota_A.c__Clostridia.o__Peptostreptococcales.f__Anaerovoracaceae.g__Alangreenwoodia.s__Alangreenwoodia.sp905206455	Group	PD	-0.319721391555507	0.180620055078866	146	51	0.0789294738414164	0.528941496867025
d__Bacteria.p__Actinomycetota.c__Coriobacteriia.o__Coriobacteriales.f__Eggerthellaceae.g__Adlercreutzia.s__Adlercreutzia.equolifaciens	Group	PD	0.378310144627603	0.215511199864951	146	118	0.0814246175747232	0.534259771455201
d__Bacteria.p__Bacillota_A.c__Clostridia.o__Lachnospirales.f__Lachnospiraceae.g__Blautia_A.s__Blautia_A.sp900066335	Group	PD	-0.473812145796626	0.269393863264129	146	31	0.0808427848368307	0.534259771455201
d__Bacteria.p__Bacillota_A.c__Clostridia.o__Lachnospirales.f__Lachnospiraceae.g__Hominifimenecus.s__Hominifimenecus.microfluidus	Sex_Male1_Female2	Female	-0.247644107963146	0.140917772369346	146	23	0.0810891686400082	0.534259771455201
d__Bacteria.p__Bacillota_A.c__Clostridia.o__Lachnospirales.f__Lachnospiraceae.g__Muricoprocola.s__Muricoprocola.aceti	Group	PD	-0.19870488851909	0.113437401854113	146	17	0.0820683157665122	0.535352617965271
d__Bacteria.p__Bacillota_I.c__Bacilli_A.o__Erysipelotrichales.f__Erysipelotrichaceae.g__Holdemanella.s__Holdemanella.porci	Sex_Male1_Female2	Female	-0.304430082127124	0.174593557748456	146	17	0.0834633180875922	0.541305450255945
d__Bacteria.p__Bacillota_A.c__Clostridia.o__Christensenellales.f__Aristaeellaceae.g__Fimadaptatus.s__Fimadaptatus.sp900553645	BMI	BMI	0.0707116694957958	0.0408425979458624	146	17	0.0856456243032046	0.549110802675403
d__Bacteria.p__Bacillota_A.c__Clostridia.o__Lachnospirales.f__Lachnospiraceae.g__AF33.28.s__AF33.28.sp003477885	Group	PD	0.184722966474717	0.106545644216854	146	16	0.0852130192132415	0.549110802675403
d__Bacteria.p__Bacillota_A.c__Clostridia.o__Oscillospirales.f__Oscillospiraceae.g__UBA738.s__UBA738.sp003522945	Sex_Male1_Female2	Female	-0.306471589283701	0.177541244094478	146	41	0.0865659081696585	0.550583814614693
d__Bacteria.p__Bacteroidota.c__Bacteroidia.o__Bacteroidales.f__Tannerellaceae.g__Parabacteroides.s__Parabacteroides.merdae	Group	PD	0.409437611448527	0.237411624432301	146	79	0.0868568049793232	0.550583814614693
d__Bacteria.p__Bacillota_A.c__Clostridia.o__Lachnospirales.f__Lachnospiraceae.g__Eubacterium_I.s__Eubacterium_I.ramulus	Group	PD	-0.384869862333816	0.223831534056936	146	77	0.0877886428550815	0.553364366760682
d__Bacteria.p__Bacillota_A.c__Clostridia.o__Lachnospirales.f__Lachnospiraceae.g__Sellimonas.s__Sellimonas.intestinalis	Sex_Male1_Female2	Female	0.32041278816509	0.187120269631832	146	32	0.0890972523537841	0.555372873005254
d__Bacteria.p__Bacillota_A.c__Clostridia.o__Oscillospirales.f__Ruminococcaceae.g__Faecalibacterium.s__Faecalibacterium.duncaniae	BMI	BMI	0.269984281222807	0.157526957921784	146	105	0.0888100787089194	0.555372873005254
d__Bacteria.p__Bacillota_A.c__Clostridia.o__Lachnospirales.f__Lachnospiraceae.g__Dorea_A.s__Dorea_A.longicatena	Sex_Male1_Female2	Female	-0.544955990736374	0.319975053556069	146	93	0.0908131172555254	0.562137199975572
d__Bacteria.p__Bacillota_A.c__Clostridia.o__Lachnospirales.f__Lachnospiraceae.g__Dorea_D.s__Dorea_D.sp900543415	Group	PD	0.396671546141971	0.233179230712577	146	28	0.0911844655931855	0.562137199975572
d__Bacteria.p__Bacillota_I.c__Bacilli_A.o__Erysipelotrichales.f__Erysipelotrichaceae.g__Longicatena.s__Longicatena.caecimuris	Group	PD	0.29063791746611	0.171458060748815	146	28	0.0923288684624678	0.566081914835458
d__Bacteria.p__Bacillota_A.c__Clostridia.o__Oscillospirales.f__Oscillospiraceae.g__F23.B02.s__F23.B02.sp001916715	Group	PD	-0.537135113541228	0.318412415760648	146	36	0.0938951518697712	0.572556306510235
d__Bacteria.p__Bacillota_A.c__Clostridia.o__Oscillospirales.f__Oscillospiraceae.g__Enterenecus.s__Enterenecus.sp900549885	Group	PD	0.23631057118599	0.140703832496893	146	34	0.0953358906119877	0.573411363368515
d__Bacteria.p__Bacillota_I.c__Bacilli_A.o__Erysipelotrichales.f__Coprobacillaceae.g__Coprobacillus.s__Coprobacillus.cateniformis	BMI	BMI	-0.087997154507421	0.0524323671569511	146	15	0.0955685605614192	0.573411363368515
d__Bacteria.p__Bacteroidota.c__Bacteroidia.o__Bacteroidales.f__Rikenellaceae.g__Alistipes.s__Alistipes.finegoldii	BMI	BMI	-0.223476321897363	0.132857939927191	146	87	0.0948332969039519	0.573411363368515
d__Bacteria.p__Bacillota_A.c__Clostridia.o__Oscillospirales.f__Ruminococcaceae.g__Faecalibacterium.s__Faecalibacterium.sp900539945	BMI	BMI	0.21633780777978	0.129328198666376	146	80	0.0966524269658411	0.576829909870605
d__Bacteria.p__Actinomycetota.c__Actinomycetes.o__Actinomycetales.f__Bifidobacteriaceae.g__Bifidobacterium.s__Bifidobacterium.animalis_B	Group	PD	0.433323770256365	0.265982111843098	146	27	0.105579344598385	0.579343386213644
d__Bacteria.p__Actinomycetota.c__Actinomycetes.o__Actinomycetales.f__Bifidobacteriaceae.g__Bifidobacterium.s__Bifidobacterium.pseudocatenulatum	Group	PD	0.442149823872464	0.26625041682182	146	26	0.0990699557720299	0.579343386213644
d__Bacteria.p__Actinomycetota.c__Coriobacteriia.o__Coriobacteriales.f__Eggerthellaceae.g__Gordonibacter.s__Gordonibacter.pamelaeae	Sex_Male1_Female2	Female	0.219716512658911	0.132371198137552	146	34	0.0992316678363077	0.579343386213644
d__Bacteria.p__Bacillota_A.c__Clostridia.o__Christensenellales.f__CAG.314.g__CAG.314.s__CAG.314.sp000437915	Sex_Male1_Female2	Female	-0.256735813413999	0.15832817848594	146	32	0.107200653520425	0.579343386213644
d__Bacteria.p__Bacillota_A.c__Clostridia.o__Lachnospirales.f__Lachnospiraceae.g__Blautia_A.s__Blautia_A.ammoniilytica	Group	PD	0.308251420113436	0.187882543991739	146	56	0.1031619089833	0.579343386213644
d__Bacteria.p__Bacillota_A.c__Clostridia.o__Lachnospirales.f__Lachnospiraceae.g__Blautia_A.s__Blautia_A.sp900066205	BMI	BMI	-0.233023789048791	0.141780084649532	146	44	0.102560569798073	0.579343386213644
d__Bacteria.p__Bacillota_A.c__Clostridia.o__Lachnospirales.f__Lachnospiraceae.g__Blautia_A.s__Blautia_A.wexlerae_B	BMI	BMI	0.246858565873282	0.149776763135944	146	138	0.101607928605029	0.579343386213644
d__Bacteria.p__Bacillota_A.c__Clostridia.o__Lachnospirales.f__Lachnospiraceae.g__Coprococcus.s__Coprococcus.aceti	Group	PD	-0.642667340905659	0.392903911932077	146	42	0.104200817912225	0.579343386213644
d__Bacteria.p__Bacillota_A.c__Clostridia.o__Lachnospirales.f__Lachnospiraceae.g__Enterocloster.s__Enterocloster.sp900541315	Sex_Male1_Female2	Female	-0.253093709791907	0.15598572920488	146	35	0.106985908462035	0.579343386213644
d__Bacteria.p__Bacillota_A.c__Clostridia.o__Lachnospirales.f__Lachnospiraceae.g__Pseudolachnospira.s__Pseudolachnospira.sp022867805	Sex_Male1_Female2	Female	-0.283765778098598	0.173352470843839	146	36	0.103940278408501	0.579343386213644
d__Bacteria.p__Bacillota_A.c__Clostridia.o__Lachnospirales.f__Lachnospiraceae.g__Scatomonas.s__Scatomonas.hejianensis	Sex_Male1_Female2	Female	0.208353519027886	0.126274100930553	146	26	0.101231785502981	0.579343386213644
d__Bacteria.p__Bacillota_A.c__Clostridia.o__Lachnospirales.f__Lachnospiraceae.g__Schaedlerella.s__Schaedlerella.glycyrrhizinilytica_A	Group	PD	0.293913172017533	0.177244548358056	146	42	0.0995578948222488	0.579343386213644
d__Bacteria.p__Bacillota_A.c__Clostridia.o__Oscillospirales.f__Acutalibacteraceae.g__UMGS1623.s__UMGS1623.sp934647945	Group	PD	0.219580473315285	0.135184381201479	146	36	0.106609587525106	0.579343386213644
d__Bacteria.p__Bacillota_A.c__Clostridia.o__Oscillospirales.f__Acutalibacteraceae.g__UMGS1623.s__UMGS1623.sp934647945	BMI	BMI	-0.102798814193605	0.0624687995379858	146	36	0.102137983116035	0.579343386213644
d__Bacteria.p__Bacillota_A.c__Clostridia.o__Oscillospirales.f__Butyricicoccaceae.g__Agathobaculum.s__Agathobaculum.hominis	BMI	BMI	0.156488481792155	0.0965614113171618	146	42	0.107400556446023	0.579343386213644
d__Bacteria.p__Bacillota_A.c__Clostridia.o__Oscillospirales.f__Oscillospiraceae.g__Intestinimonas.s__Intestinimonas.butyriciproducens	BMI	BMI	-0.092711264858759	0.0561099382345324	146	21	0.10076052709425	0.579343386213644
d__Bacteria.p__Bacillota_A.c__Clostridia.o__Oscillospirales.f__Oscillospiraceae.g__Intestinimonas.s__Intestinimonas.massiliensis	BMI	BMI	-0.105983158880613	0.0637768358234768	146	30	0.0988431826510546	0.579343386213644
d__Bacteria.p__Bacillota_A.c__Clostridia.o__Oscillospirales.f__Ruminococcaceae.g__Harryflintia.s__Harryflintia.acetispora	Group	PD	0.150810818948379	0.0911106454718358	146	18	0.10016298890439	0.579343386213644
d__Bacteria.p__Bacillota_A.c__Clostridia.o__Oscillospirales.f__Ruminococcaceae.g__UBA3818.s__UBA3818.sp900557155	Group	PD	-0.250651096240004	0.153287180419572	146	37	0.104308335386032	0.579343386213644
d__Bacteria.p__Bacillota_A.c__Clostridia.o__TANB77.f__CAG.508.g__CAG.269.s__CAG.269.sp000431335	Group	PD	-0.254496234016408	0.157017490552649	146	18	0.107356824422356	0.579343386213644
d__Bacteria.p__Bacillota_A.c__Clostridia.o__Lachnospirales.f__Lachnospiraceae.g__Frisingicoccus.s__Frisingicoccus.sp900757195	Group	PD	0.253015942615553	0.156557176156743	146	17	0.108367811312047	0.580836882461178
d__Bacteria.p__Bacillota_I.c__Bacilli_A.o__Erysipelotrichales.f__Coprobacillaceae.g__Allocoprobacillus.s__Allocoprobacillus.merdigallinarum	BMI	BMI	-0.0691914954700561	0.0428554337524622	146	15	0.108712785487386	0.580836882461178
d__Bacteria.p__Bacillota_A.c__Clostridia.o__Lachnospirales.f__Lachnospiraceae.g__Agathobacter.s__Agathobacter.faecis	Group	PD	-0.662219759430827	0.411135670691599	146	92	0.109544886350981	0.582508826946921
d__Bacteria.p__Bacillota_A.c__Clostridia.o__Oscillospirales.f__Oscillospiraceae.g__CAG.103.s__CAG.103.sp000432375	Sex_Male1_Female2	Female	-0.563607842051229	0.350948194869457	146	44	0.110585827887225	0.584449629431794
d__Bacteria.p__Bacteroidota.c__Bacteroidia.o__Bacteroidales.f__Rikenellaceae.g__Alistipes.s__Alistipes.sp902363575	Group	PD	-0.37911090575425	0.236309818890251	146	26	0.110951667619405	0.584449629431794
d__Bacteria.p__Bacillota_A.c__Clostridia.o__Oscillospirales.f__Oscillospiraceae.g__Lawsonibacter_A.s__Lawsonibacter_A.hominis	Group	PD	0.226993748594804	0.14183754124507	146	31	0.111818168585676	0.586261612865088
d__Bacteria.p__Bacillota_A.c__Clostridia.o__Lachnospirales.f__Lachnospiraceae.g__Coprococcus_A.s__Coprococcus_A.catus_A	Group	PD	-0.379350811740919	0.237909146550528	146	93	0.113124107311759	0.587523209513809
d__Bacteria.p__Bacillota_A.c__Clostridia.o__Lachnospirales.f__Lachnospiraceae.g__Eubacterium_F.s__Eubacterium_F.sp003491505	BMI	BMI	-0.207188864489431	0.129808958502342	146	83	0.112769304427474	0.587523209513809
d__Bacteria.p__Bacillota_A.c__Clostridia.o__Oscillospirales.f__Butyricicoccaceae.g__Agathobaculum.s__Agathobaculum.hominis	Group	PD	-0.332722782986924	0.208961829479602	146	42	0.113629711643936	0.587523209513809
d__Bacteria.p__Bacillota_A.c__Clostridia.o__Christensenellales.f__QAND01.g__QAND01.s__QAND01.sp003150225	Sex_Male1_Female2	Female	0.214976103299675	0.135518671528891	146	25	0.114971983424233	0.589570846148841
d__Bacteria.p__Bacillota_A.c__Clostridia.o__Lachnospirales.f__Lachnospiraceae.g__Faecalimonas.s__Faecalimonas.sp029983955	Group	PD	0.297829074994408	0.187802924987794	146	25	0.115076662483597	0.589570846148841
d__Bacteria.p__Bacillota_A.c__Clostridia.o__Lachnospirales.f__Lachnospiraceae.g__Blautia_A.s__Blautia_A.caecimuris	Group	PD	0.46381381197759	0.293336434244488	146	36	0.116145896339663	0.589955700057701
d__Bacteria.p__Bacillota_A.c__Clostridia.o__Lachnospirales.f__Lachnospiraceae.g__Hominisplanchenecus.s__Hominisplanchenecus.faecis	BMI	BMI	0.20333667576124	0.128619585130647	146	65	0.116203395465911	0.589955700057701
d__Bacteria.p__Bacillota_A.c__Clostridia.o__Oscillospirales.f__Oscillospiraceae.g__Faecousia.s__Faecousia.sp000435995	Sex_Male1_Female2	Female	0.341523318724802	0.216889281944914	146	50	0.117645231174763	0.591919055507103
d__Bacteria.p__Pseudomonadota.c__Gammaproteobacteria.o__Burkholderiales.f__Burkholderiaceae.g__Sutterella.s__Sutterella.wadsworthensis	Group	PD	0.177013368905071	0.112375987265616	146	15	0.117519388162996	0.591919055507103
d__Bacteria.p__Bacillota_A.c__Clostridia.o__Oscillospirales.f__Oscillospiraceae.g__Lawsonibacter.s__Lawsonibacter.asaccharolyticus	BMI	BMI	-0.155606890775754	0.0990741251730197	146	85	0.118579819050915	0.593957843638959
d__Bacteria.p__Bacillota_A.c__Clostridia.o__Lachnospirales.f__Lachnospiraceae.g__Anaerostipes.s__Anaerostipes.amylophilus	Sex_Male1_Female2	Female	-0.406421979573063	0.260331821986984	146	41	0.120790937928969	0.5966796008811
d__Bacteria.p__Bacillota_A.c__Clostridia.o__Oscillospirales.f__Ruminococcaceae.g__Ruthenibacterium.s__Ruthenibacterium.merdipullorum	Sex_Male1_Female2	Female	0.224601770085776	0.143831886494065	146	16	0.120699311778459	0.5966796008811
d__Bacteria.p__Bacillota_A.c__Clostridia.o__TANB77.f__CAG.508.g__CAG.269.s__CAG.269.sp003525075	Group	PD	-0.251547816294423	0.160789467511511	146	29	0.120017844980557	0.5966796008811
d__Bacteria.p__Bacillota_I.c__Bacilli_A.o__Erysipelotrichales.f__Coprobacillaceae.g__Faecalibacillus.s__Faecalibacillus.faecis	Group	PD	0.261615939600186	0.167863819505225	146	30	0.121421614956197	0.5966796008811
d__Bacteria.p__Bacillota_I.c__Bacilli_A.o__Erysipelotrichales.f__Erysipelotrichaceae.g__Merdibacter.s__Merdibacter.merdipullorum	Sex_Male1_Female2	Female	0.191313023243503	0.122874380374109	146	18	0.121782200179832	0.5966796008811
d__Bacteria.p__Bacillota_A.c__Clostridia.o__Oscillospirales.f__Ruminococcaceae.g__Porcipelethomonas.s__Porcipelethomonas.sp900538575	Sex_Male1_Female2	Female	-0.409438009267688	0.263873182378857	146	22	0.123053785204611	0.600288465215536
d__Bacteria.p__Bacillota_A.c__Clostridia.o__Christensenellales.f__Aristaeellaceae.g__Limiplasma.s__Limiplasma.merdipullorum	BMI	BMI	-0.183853456430728	0.11874752741384	146	51	0.123863821795362	0.601624277291758
d__Bacteria.p__Bacillota_A.c__Clostridia.o__Lachnospirales.f__Lachnospiraceae.g__Blautia_A.s__Blautia_A.sp934424005	Group	PD	-0.498161755383629	0.323184553280454	146	122	0.125522297230481	0.60695085399459
d__Bacteria.p__Bacillota_A.c__Clostridia.o__Oscillospirales.f__Oscillospiraceae.g__Evtepia.s__Evtepia.gabavorous	BMI	BMI	0.192719377203388	0.12538126618987	146	82	0.126583333186037	0.60695085399459
d__Bacteria.p__Bacillota_A.c__Clostridia.o__Oscillospirales.f__Oscillospiraceae.g__Faecousia.s__Faecousia.sp000434635	BMI	BMI	0.194771797618381	0.126650560130479	146	51	0.126387412609029	0.60695085399459
d__Bacteria.p__Bacillota_A.c__Clostridia.o__Lachnospirales.f__Lachnospiraceae.g__Blautia_A.s__Blautia_A.schinkii_B	BMI	BMI	-0.125778539543978	0.0822532603935505	146	19	0.128530016650202	0.612337664397942
d__Bacteria.p__Bacillota_A.c__Clostridia.o__Peptostreptococcales.f__Anaerovoracaceae.g__Fimisoma.s__Fimisoma.sp000435715	BMI	BMI	-0.124890392444866	0.0817302858576146	146	25	0.128798296611332	0.612337664397942
d__Bacteria.p__Bacillota_A.c__Clostridia.o__Lachnospirales.f__Lachnospiraceae.g__Agathobacter.s__Agathobacter.rectalis	BMI	BMI	0.306784660802413	0.201458920035538	146	110	0.130109928916924	0.615359890323327
d__Bacteria.p__Bacillota_A.c__Clostridia.o__Lachnospirales.f__Lachnospiraceae.g__Mediterraneibacter.s__Mediterraneibacter.faecis	Group	PD	-0.492872161275209	0.324016238932462	146	112	0.13053088582616	0.615359890323327
d__Bacteria.p__Bacillota_A.c__Clostridia.o__Oscillospirales.f__Oscillospiraceae.g__CAG.170.s__CAG.170.sp002404795	Group	PD	-0.297785076693072	0.196770449935791	146	44	0.132491074671471	0.621987388206654
d__Bacteria.p__Bacillota_A.c__Clostridia.o__Lachnospirales.f__Lachnospiraceae.g__Blautia_A.s__Blautia_A.hydrogenotrophica	Group	PD	0.269833215097259	0.179230479227216	146	29	0.134495233199179	0.623568808468922
d__Bacteria.p__Bacillota_A.c__Clostridia.o__Lachnospirales.f__Lachnospiraceae.g__UBA3402.s__UBA3402.sp003478355	BMI	BMI	-0.102170974299109	0.0676800149710359	146	29	0.133443805425987	0.623568808468922
d__Bacteria.p__Bacillota_A.c__Clostridia.o__Oscillospirales.f__Oscillospiraceae.g__Lawsonibacter.s__Lawsonibacter.sp900066825	Group	PD	0.177505695264703	0.11788577211423	146	16	0.134435298563749	0.623568808468922
d__Bacteria.p__Bacillota_A.c__Clostridia.o__Lachnospirales.f__Lachnospiraceae.g__Eubacterium_G.s__Eubacterium_G.ventriosum	BMI	BMI	0.143865943748158	0.095814102241719	146	66	0.135524729119593	0.625756156675654
d__Bacteria.p__Pseudomonadota.c__Gammaproteobacteria.o__Burkholderiales.f__Burkholderiaceae.g__Parasutterella.s__Parasutterella.sp900552195	Group	PD	-0.3333610369628	0.222588867387681	146	49	0.136523741421528	0.627785401126863
d__Bacteria.p__Actinomycetota.c__Actinomycetes.o__Actinomycetales.f__Bifidobacteriaceae.g__Bifidobacterium.s__Bifidobacterium.bifidum	Group	PD	0.434868815594539	0.292202231949007	146	25	0.138984230404763	0.636491046996508
d__Bacteria.p__Actinomycetota.c__Coriobacteriia.o__Coriobacteriales.f__Coriobacteriaceae.g__Collinsella.s__Collinsella.sp023656745	Group	PD	0.471295407693374	0.320274566651792	146	111	0.143439677605042	0.64139552340722
d__Bacteria.p__Bacillota_A.c__Clostridia.o__Lachnospirales.f__Lachnospiraceae.g__Agathobacter.s__Agathobacter.faecis	Sex_Male1_Female2	Female	-0.563919621165434	0.385771639399165	146	92	0.146086993415852	0.64139552340722
d__Bacteria.p__Bacillota_A.c__Clostridia.o__Lachnospirales.f__Lachnospiraceae.g__Anaerostipes.s__Anaerostipes.amylophilus	BMI	BMI	-0.188278199703721	0.128209073686018	146	41	0.144254077224154	0.64139552340722
d__Bacteria.p__Bacillota_A.c__Clostridia.o__Lachnospirales.f__Lachnospiraceae.g__Blautia_A.s__Blautia_A.ammoniilytica	Sex_Male1_Female2	Female	0.251157209126388	0.17629158007199	146	56	0.156526807325448	0.64139552340722
d__Bacteria.p__Bacillota_A.c__Clostridia.o__Lachnospirales.f__Lachnospiraceae.g__Dorea_A.s__Dorea_A.amylophila	Group	PD	-0.384919877623515	0.263486937637375	146	69	0.146341083669397	0.64139552340722
d__Bacteria.p__Bacillota_A.c__Clostridia.o__Lachnospirales.f__Lachnospiraceae.g__Frisingicoccus.s__Frisingicoccus.sp900757195	BMI	BMI	-0.104389442947257	0.0723451834202109	146	17	0.151321129559266	0.64139552340722
d__Bacteria.p__Bacillota_A.c__Clostridia.o__Lachnospirales.f__Lachnospiraceae.g__Hungatella.s__Hungatella.effluvii	Group	PD	0.227840032416217	0.154770457616855	146	16	0.143283137416856	0.64139552340722
d__Bacteria.p__Bacillota_A.c__Clostridia.o__Lachnospirales.f__Lachnospiraceae.g__Lachnospira.s__Lachnospira.pectinoschiza_A	BMI	BMI	-0.194051204393014	0.135810014789147	146	58	0.155325390777394	0.64139552340722
d__Bacteria.p__Bacillota_A.c__Clostridia.o__Lachnospirales.f__Lachnospiraceae.g__Oliverpabstia.s__Oliverpabstia.intestinalis	BMI	BMI	0.201077630596864	0.139275394221591	146	97	0.151094647701514	0.64139552340722
d__Bacteria.p__Bacillota_A.c__Clostridia.o__Lachnospirales.f__Lachnospiraceae.g__Roseburia.s__Roseburia.hominis	Sex_Male1_Female2	Female	0.347918632388984	0.236274219036956	146	102	0.143174025274748	0.64139552340722
d__Bacteria.p__Bacillota_A.c__Clostridia.o__Lachnospirales.f__Lachnospiraceae.g__Roseburia_D.s__Roseburia_D.yibonii	Sex_Male1_Female2	Female	-0.210235236599621	0.143990883744021	146	20	0.146563132150427	0.64139552340722
d__Bacteria.p__Bacillota_A.c__Clostridia.o__Lachnospirales.f__Lachnospiraceae.g__Wujia.s__Wujia.chipingensis	Group	PD	-0.327731984360626	0.228100224399568	146	26	0.153057641062155	0.64139552340722
d__Bacteria.p__Bacillota_A.c__Clostridia.o__Oscillospirales.f__CAG.272.g__UMGS911.s__UMGS911.sp003343545	BMI	BMI	0.068494287971718	0.0472587241888555	146	18	0.149525932367334	0.64139552340722
d__Bacteria.p__Bacillota_A.c__Clostridia.o__Oscillospirales.f__Oscillospiraceae.g__Dysosmobacter.s__Dysosmobacter.welbionis	Sex_Male1_Female2	Female	0.286370059095346	0.198131275119614	146	99	0.150641713533126	0.64139552340722
d__Bacteria.p__Bacillota_A.c__Clostridia.o__Oscillospirales.f__Oscillospiraceae.g__F23.B02.s__F23.B02.sp001916715	Sex_Male1_Female2	Female	-0.43711193643749	0.298768723780172	146	36	0.145745653470253	0.64139552340722
d__Bacteria.p__Bacillota_A.c__Clostridia.o__Oscillospirales.f__Oscillospiraceae.g__Faecousia.s__Faecousia.sp003525905	BMI	BMI	-0.189449662848045	0.131884772398347	146	85	0.153145836633163	0.64139552340722
d__Bacteria.p__Bacillota_A.c__Clostridia.o__Oscillospirales.f__Oscillospiraceae.g__Hominicoprocola.s__Hominicoprocola.sp900317525	Sex_Male1_Female2	Female	-0.331004849096615	0.227791797302451	146	64	0.148481996952054	0.64139552340722
d__Bacteria.p__Bacillota_A.c__Clostridia.o__Oscillospirales.f__Oscillospiraceae.g__Lawsonibacter.s__Lawsonibacter.aceti	BMI	BMI	-0.0584818941414355	0.0410587620420764	146	15	0.15662010213265	0.64139552340722
d__Bacteria.p__Bacillota_A.c__Clostridia.o__Oscillospirales.f__Oscillospiraceae.g__Vescimonas.s__Vescimonas.sp900545585	BMI	BMI	0.0892083454537848	0.060476237931305	146	17	0.142480804189123	0.64139552340722
d__Bacteria.p__Bacillota_A.c__Clostridia.o__Oscillospirales.f__Ruminococcaceae.g__Avimicrobium.s__Avimicrobium.caecorum	BMI	BMI	-0.0852533771663254	0.0585210508041864	146	26	0.147460170872916	0.64139552340722
d__Bacteria.p__Bacillota_A.c__Clostridia.o__Oscillospirales.f__Ruminococcaceae.g__Faecalibacterium.s__Faecalibacterium.prausnitzii_I	Sex_Male1_Female2	Female	-0.291232133521675	0.20387329413657	146	63	0.155425109248219	0.64139552340722
d__Bacteria.p__Bacillota_A.c__Clostridia.o__Oscillospirales.f__Ruminococcaceae.g__Faecalibacterium.s__Faecalibacterium.sp900539945	Sex_Male1_Female2	Female	-0.37821136648288	0.262604234046377	146	80	0.152082744185736	0.64139552340722
d__Bacteria.p__Bacillota_A.c__Clostridia.o__Oscillospirales.f__Ruminococcaceae.g__Ruthenibacterium.s__Ruthenibacterium.lactatiformans	BMI	BMI	-0.156707966079943	0.109359156796299	146	111	0.154145550146473	0.64139552340722
d__Bacteria.p__Bacillota_A.c__Clostridia.o__TANB77.f__CAG.508.g__CAG.269.s__CAG.269.sp000437215	BMI	BMI	-0.080563981748518	0.0556170262694011	146	16	0.149748494026622	0.64139552340722
d__Bacteria.p__Bacillota_I.c__Bacilli_A.o__Erysipelotrichales.f__Erysipelotrichaceae.g__Longicatena.s__Longicatena.caecimuris	BMI	BMI	-0.115997305394151	0.0792308928804886	146	28	0.145473445741394	0.64139552340722
d__Bacteria.p__Bacillota_I.c__Bacilli_A.o__RF39.f__UBA660.g__CAG.302.s__CAG.302.sp934162325	Group	PD	0.272610942165469	0.1894254178736	146	21	0.152389857668003	0.64139552340722
d__Bacteria.p__Bacteroidota.c__Bacteroidia.o__Bacteroidales.f__Bacteroidaceae.g__Bacteroides.s__Bacteroides.cellulosilyticus	Sex_Male1_Female2	Female	-0.458828945965607	0.322143210829745	146	70	0.156633131384651	0.64139552340722
d__Bacteria.p__Bacteroidota.c__Bacteroidia.o__Bacteroidales.f__Bacteroidaceae.g__Bacteroides.s__Bacteroides.fragilis	Group	PD	0.428098444683613	0.300075749660783	146	69	0.155960226950844	0.64139552340722
d__Bacteria.p__Bacteroidota.c__Bacteroidia.o__Bacteroidales.f__Bacteroidaceae.g__Phocaeicola.s__Phocaeicola.dorei	Sex_Male1_Female2	Female	-0.537448126142139	0.367817136615683	146	76	0.146255022761814	0.64139552340722
d__Bacteria.p__Bacillota_A.c__Clostridia.o__Christensenellales.f__QAND01.g__QAND01.s__QAND01.sp003150225	Group	PD	0.204532355255498	0.144428864695816	146	25	0.159002364776245	0.643289301957328
d__Bacteria.p__Bacillota_A.c__Clostridia.o__Lachnospirales.f__Lachnospiraceae.g__Roseburia_C.s__Roseburia_C.amylophila	Sex_Male1_Female2	Female	-0.37629459642794	0.265922472257771	146	49	0.159321742189193	0.643289301957328
d__Bacteria.p__Bacillota_A.c__Clostridia.o__Oscillospirales.f__Oscillospiraceae.g__HGM13006.s__HGM13006.sp900757695	Group	PD	-0.204829369717295	0.144773738210113	146	25	0.159388971429712	0.643289301957328
d__Bacteria.p__Bacillota_A.c__Clostridia.o__Oscillospirales.f__Oscillospiraceae.g__Pseudoflavonifractor.s__Pseudoflavonifractor.faecis	Group	PD	0.113013088840372	0.0796911627857964	146	17	0.158421045212495	0.643289301957328
d__Bacteria.p__Bacillota_A.c__Clostridia.o__Christensenellales.f__Aristaeellaceae.g__Pullichristensenella.s__Pullichristensenella.sp946496415	Group	PD	0.195347025300847	0.138772068219545	146	33	0.161490026944185	0.649433011581991
d__Bacteria.p__Bacillota_A.c__Clostridia.o__Oscillospirales.f__Ruminococcaceae.g__Porcipelethomonas.s__Porcipelethomonas.sp900538575	Group	PD	-0.394922824911144	0.28122253357926	146	22	0.162490417368963	0.651122315314203
d__Bacteria.p__Bacillota_A.c__Clostridia.o__Lachnospirales.f__Anaerotignaceae.g__Anaerotignum.s__Anaerotignum.faecicola	BMI	BMI	0.124988949879971	0.0891435298267026	146	48	0.163144429331546	0.651416547010659
d__Bacteria.p__Bacillota_A.c__Clostridia.o__Oscillospirales.f__Ruminococcaceae.g__Anaerotruncus.s__Anaerotruncus.rubiinfantis	Group	PD	0.130869264138324	0.0935550875085123	146	19	0.164118649231521	0.652982710772223
d__Bacteria.p__Bacillota_A.c__Clostridia.o__Oscillospirales.f__Oscillospiraceae.g__CAG.170.s__CAG.170.sp003516765	BMI	BMI	-0.0936287747911802	0.0670944336575735	146	32	0.165129664832806	0.654683688842433
d__Bacteria.p__Bacillota_A.c__Clostridia.o__Lachnospirales.f__Lachnospiraceae.g__Scatomonas.s__Scatomonas.hejianensis	Group	PD	0.187089079499766	0.134576474460175	146	26	0.16672071501439	0.658664233261074
d__Bacteria.p__Bacillota_A.c__Clostridia.o__Christensenellales.f__Aristaeellaceae.g__Pullichristensenella.s__Pullichristensenella.stercoripullorum	Sex_Male1_Female2	Female	-0.221368400821568	0.159472290416511	146	49	0.167350411229698	0.658832145262178
d__Bacteria.p__Bacillota_A.c__Clostridia.o__Lachnospirales.f__Lachnospiraceae.g__Alitiscatomonas.s__Alitiscatomonas.aceti	BMI	BMI	0.142693005246305	0.10438480524181	146	82	0.173867278650778	0.66963388810013
d__Bacteria.p__Bacillota_A.c__Clostridia.o__Lachnospirales.f__Lachnospiraceae.g__Brotaphodocola.s__Brotaphodocola.sp003480315	Sex_Male1_Female2	Female	-0.123967182752966	0.0906684314448731	146	21	0.173783388942293	0.66963388810013
d__Bacteria.p__Bacillota_A.c__Clostridia.o__Lachnospirales.f__Lachnospiraceae.g__Eubacterium_G.s__Eubacterium_G.sp000434315	Group	PD	-0.226262974593655	0.165906900978215	146	33	0.174868742614383	0.66963388810013
d__Bacteria.p__Bacillota_A.c__Clostridia.o__Oscillospirales.f__Ruminococcaceae.g__Anaerotruncus.s__Anaerotruncus.rubiinfantis	Sex_Male1_Female2	Female	-0.120443107082772	0.0877834302763861	146	19	0.172290869334147	0.66963388810013
d__Bacteria.p__Bacillota_A.c__Clostridia.o__Oscillospirales.f__Ruminococcaceae.g__Faecalibacterium.s__Faecalibacterium.prausnitzii_D	Group	PD	-0.424526602939986	0.309619286528373	146	107	0.172577959986494	0.66963388810013
d__Bacteria.p__Bacteroidota.c__Bacteroidia.o__Bacteroidales.f__Bacteroidaceae.g__Bacteroides.s__Bacteroides.stercoris	BMI	BMI	-0.214388063922676	0.156989700256606	146	49	0.17429660249059	0.66963388810013
d__Bacteria.p__Bacteroidota.c__Bacteroidia.o__Bacteroidales.f__Bacteroidaceae.g__Bacteroides.s__Bacteroides.uniformis	BMI	BMI	-0.191410258121972	0.140180675276005	146	137	0.174348211104658	0.66963388810013
d__Bacteria.p__Bacteroidota.c__Bacteroidia.o__Bacteroidales.f__Rikenellaceae.g__Tidjanibacter.s__Tidjanibacter.inops	BMI	BMI	-0.128427436067969	0.0939206754912496	146	24	0.173738141793417	0.66963388810013
d__Bacteria.p__Bacillota_A.c__Clostridia.o__Peptostreptococcales.f__Peptostreptococcaceae.g__Terrisporobacter.s__Terrisporobacter.sp900557165	BMI	BMI	0.101784628559401	0.0748674634738308	146	26	0.176211888177343	0.672482103860472
d__Bacteria.p__Bacteroidota.c__Bacteroidia.o__Bacteroidales.f__Bacteroidaceae.g__Bacteroides.s__Bacteroides.faecis	BMI	BMI	-0.11211091809017	0.0827802898823709	146	20	0.177864178667458	0.676486808355551
d__Bacteria.p__Actinomycetota.c__Coriobacteriia.o__Coriobacteriales.f__Eggerthellaceae.g__Adlercreutzia.s__Adlercreutzia.equolifaciens	Sex_Male1_Female2	Female	-0.270699764836873	0.202215752140726	146	118	0.182895957060822	0.685000343688688
d__Bacteria.p__Bacillota_A.c__Clostridia.o__Lachnospirales.f__CAG.274.g__CAG.274.s__CAG.274.sp900545305	Sex_Male1_Female2	Female	-0.142114170010023	0.106508318049765	146	17	0.184318773232277	0.685000343688688
d__Bacteria.p__Bacillota_A.c__Clostridia.o__Lachnospirales.f__Lachnospiraceae.g__Limivivens.s__Limivivens.sp905214955	Sex_Male1_Female2	Female	-0.198879315783123	0.149050410321564	146	56	0.184316178368016	0.685000343688688
d__Bacteria.p__Bacillota_A.c__Clostridia.o__Oscillospirales.f__Oscillospiraceae.g__Faecousia.s__Faecousia.sp000435995	BMI	BMI	0.142503734705485	0.106814348389469	146	50	0.184376206590003	0.685000343688688
d__Bacteria.p__Bacillota_A.c__Clostridia.o__Oscillospirales.f__Oscillospiraceae.g__Lawsonibacter.s__Lawsonibacter.aceti	Sex_Male1_Female2	Female	-0.111874788965178	0.0833708724635256	146	15	0.181850506411164	0.685000343688688
d__Bacteria.p__Bacillota_A.c__Clostridia.o__Oscillospirales.f__Oscillospiraceae.g__UMGS1766.s__UMGS1766.sp959602365	BMI	BMI	-0.077023322836122	0.0572944872194273	146	20	0.181059945696194	0.685000343688688
d__Bacteria.p__Bacillota_A.c__Clostridia.o__Oscillospirales.f__Ruminococcaceae.g__Negativibacillus.s__Negativibacillus.sp000435195	Sex_Male1_Female2	Female	-0.285406174446805	0.212986227752201	146	49	0.182456574415644	0.685000343688688
d__Bacteria.p__Bacillota_A.c__Clostridia.o__Oscillospirales.f__Oscillospiraceae.g__Dysosmobacter.s__Dysosmobacter.faecalis	BMI	BMI	-0.0933148605181401	0.0700678129950058	146	30	0.185144209699876	0.685583509185679
d__Bacteria.p__Verrucomicrobiota.c__Verrucomicrobiae.o__Verrucomicrobiales.f__Akkermansiaceae.g__Akkermansia.s__Akkermansia.muciniphila	Group	PD	0.630957835358002	0.476005854164347	146	54	0.18720310201335	0.690927238351903
d__Bacteria.p__Bacillota_A.c__Clostridia.o__Peptostreptococcales.f__Anaerovoracaceae.g__Lentihominibacter.s__Lentihominibacter.excrementipullorum	BMI	BMI	0.0880589154370219	0.0665877923214257	146	30	0.18822236603164	0.692411457991803
d__Bacteria.p__Bacillota_A.c__Clostridia.o__Oscillospirales.f__Ruminococcaceae.g__Harryflintia.s__Harryflintia.acetispora	BMI	BMI	-0.0555754182499573	0.0421022946376762	146	18	0.189033250866815	0.693121919844989
d__Bacteria.p__Bacillota_A.c__Clostridia.o__Lachnospirales.f__Lachnospiraceae.g__Blautia_A.s__Blautia_A.sp900120195	Group	PD	0.267372695485606	0.203183832138545	146	35	0.190400175588009	0.69585992511318
d__Bacteria.p__Bacillota_A.c__Clostridia.o__Lachnospirales.f__Lachnospiraceae.g__Roseburia.s__Roseburia.inulinivorans	Sex_Male1_Female2	Female	-0.289459564955158	0.221679348069882	146	78	0.193823264744197	0.699334164347071
d__Bacteria.p__Bacillota_A.c__Clostridia.o__Oscillospirales.f__Acutalibacteraceae.g__Acutalibacter.s__Acutalibacter.ornithocaccae	BMI	BMI	-0.155389085475381	0.119008541473583	146	49	0.193843961775347	0.699334164347071
d__Bacteria.p__Bacillota_A.c__Clostridia.o__Oscillospirales.f__Oscillospiraceae.g__Vescimonas.s__Vescimonas.sp900552475	Group	PD	-0.149255569886304	0.114307374742619	146	18	0.193829765100482	0.699334164347071
d__Bacteria.p__Bacillota_A.c__Clostridia.o__Peptostreptococcales.f__Anaerovoracaceae.g__CAG.238.s__CAG.238.sp900542245	Sex_Male1_Female2	Female	0.134963374283119	0.103082272814975	146	19	0.192631761584959	0.699334164347071
d__Bacteria.p__Bacillota_A.c__Clostridia.o__Lachnospirales.f__Lachnospiraceae.g__Agathobacter.s__Agathobacter.sp000434275	Sex_Male1_Female2	Female	-0.191879064400735	0.148023503590868	146	17	0.197060360496654	0.707109049751605
d__Bacteria.p__Bacillota_A.c__Clostridia.o__Oscillospirales.f__Oscillospiraceae.g__Dysosmobacter.s__Dysosmobacter.welbionis	Group	PD	0.273596534654456	0.211158173286547	146	99	0.197259476445858	0.707109049751605
d__Bacteria.p__Bacillota_A.c__Clostridia.o__Lachnospirales.f__Lachnospiraceae.g__Lachnospira.s__Lachnospira.pectinoschiza_A	Sex_Male1_Female2	Female	-0.354613679710479	0.275765728412667	146	58	0.200638878022472	0.710147700760925
d__Bacteria.p__Bacillota_A.c__Clostridia.o__Oscillospirales.f__Acutalibacteraceae.g__UMGS1623.s__UMGS1623.sp934647945	Sex_Male1_Female2	Female	0.163770581323957	0.126844504320267	146	36	0.198838846919679	0.710147700760925
d__Bacteria.p__Bacillota_A.c__Clostridia.o__Oscillospirales.f__Oscillospiraceae.g__Dysosmobacter.s__Dysosmobacter.segnis	BMI	BMI	0.169807804054439	0.131861237400064	146	77	0.199994800247156	0.710147700760925
d__Bacteria.p__Bacillota_A.c__Clostridia.o__Oscillospirales.f__Oscillospiraceae.g__Lawsonibacter_A.s__Lawsonibacter_A.hominis	Sex_Male1_Female2	Female	0.171190231930936	0.133087213577003	146	31	0.200507548217371	0.710147700760925
d__Bacteria.p__Bacillota_I.c__Bacilli_A.o__Erysipelotrichales.f__Coprobacillaceae.g__Thomasclavelia.s__Thomasclavelia.spiroformis	Group	PD	0.170214879378073	0.132597551636194	146	21	0.201415460762441	0.710654550237293
d__Bacteria.p__Bacillota_A.c__Clostridia.o__Oscillospirales.f__Oscillospiraceae.g__HGM13006.s__HGM13006.sp900757695	Sex_Male1_Female2	Female	-0.173980914830318	0.135842268897059	146	25	0.202443047137702	0.712041062346399
d__Bacteria.p__Bacillota_A.c__Clostridia.o__Lachnospirales.f__Lachnospiraceae.g__Dorea_D.s__Dorea_D.sp000433535	Sex_Male1_Female2	Female	0.281409292192226	0.220324589684332	146	42	0.203674826881147	0.714134861752021
d__Bacteria.p__Actinomycetota.c__Coriobacteriia.o__Coriobacteriales.f__Eggerthellaceae.g__Gordonibacter.s__Gordonibacter.urolithinfaciens	BMI	BMI	0.0782180046472455	0.0621176656118587	146	20	0.210102558636396	0.721570435130179
d__Bacteria.p__Bacillota_A.c__Clostridia.o__Lachnospirales.f__Lachnospiraceae.g__CAG.194.s__CAG.194.sp000432915	Group	PD	-0.29473787768491	0.234169782578912	146	32	0.210297265853448	0.721570435130179
d__Bacteria.p__Bacillota_A.c__Clostridia.o__Lachnospirales.f__Lachnospiraceae.g__Lachnospira.s__Lachnospira.eligens	Group	PD	-0.367129259691167	0.290937357827541	146	90	0.209134580993136	0.721570435130179
d__Bacteria.p__Bacillota_A.c__Clostridia.o__Oscillospirales.f__Ruminococcaceae.g__Gemmiger.s__Gemmiger.sp900540595	BMI	BMI	0.127105428173795	0.100860604708352	146	28	0.209736336784864	0.721570435130179
d__Bacteria.p__Bacillota_A.c__Clostridia.o__Oscillospirales.f__Ruminococcaceae.g__Ruthenibacterium.s__Ruthenibacterium.lactatiformans	Sex_Male1_Female2	Female	0.280002963795403	0.222056580874008	146	111	0.209468816584996	0.721570435130179
d__Bacteria.p__Bacteroidota.c__Bacteroidia.o__Bacteroidales.f__Rikenellaceae.g__Alistipes_A.s__Alistipes_A.indistinctus	Group	PD	0.273177528992675	0.216655184132834	146	51	0.20949290254292	0.721570435130179
d__Bacteria.p__Pseudomonadota.c__Gammaproteobacteria.o__Burkholderiales.f__Burkholderiaceae.g__Sutterella.s__Sutterella.wadsworthensis_A	BMI	BMI	-0.0809698155508123	0.06389428563023	146	19	0.207217015440728	0.721570435130179
d__Bacteria.p__Bacillota_A.c__Clostridia.o__Christensenellales.f__CAG.138.g__SFEL01.s__SFEL01.sp004557245	BMI	BMI	0.135209865384635	0.107716651210962	146	48	0.211529804397103	0.72358670894375
d__Bacteria.p__Cyanobacteriota.c__Vampirovibrionia.o__Gastranaerophilales.f__Gastranaerophilaceae.g__CAG.196.s__CAG.196.sp002102975	BMI	BMI	-0.0791603349509806	0.063309515279134	146	19	0.213295775542017	0.727409909295266
d__Bacteria.p__Bacteroidota.c__Bacteroidia.o__Bacteroidales.f__Rikenellaceae.g__Alistipes_A.s__Alistipes_A.ihumii	BMI	BMI	-0.105433953623164	0.0844586704774856	146	51	0.214032213074952	0.727709524454837
d__Bacteria.p__Bacillota_A.c__Clostridia.o__Oscillospirales.f__Acutalibacteraceae.g__CAG.177.s__CAG.177.sp003514385	Sex_Male1_Female2	Female	-0.290096164381343	0.234026571885903	146	30	0.217247587124804	0.734192146849488
d__Bacteria.p__Bacillota_A.c__Clostridia.o__Oscillospirales.f__Ruminococcaceae.g__Ruminococcus_C.s__Ruminococcus_C.sp000980705	BMI	BMI	0.0981247584473336	0.0790793367095127	146	15	0.216785706404974	0.734192146849488
d__Bacteria.p__Bacillota.c__Bacilli.o__MOL361.f__Turicibacteraceae.g__Turicibacter.s__Turicibacter.sanguinis	BMI	BMI	0.0811916879131288	0.0657702242495527	146	21	0.219139255154045	0.738361093942458
d__Bacteria.p__Bacillota_A.c__Clostridia.o__Lachnospirales.f__Lachnospiraceae.g__Otoolea.s__Otoolea.symbiosa	Group	PD	0.133027524760331	0.108104285908218	146	15	0.220600543736746	0.738847194246653
d__Bacteria.p__Bacteroidota.c__Bacteroidia.o__Bacteroidales.f__Bacteroidaceae.g__Bacteroides.s__Bacteroides.cellulosilyticus	BMI	BMI	-0.19534277935181	0.158650150179436	146	70	0.220327593082399	0.738847194246653
d__Bacteria.p__Bacillota_A.c__Clostridia.o__Oscillospirales.f__Oscillospiraceae.g__Vescimonas.s__Vescimonas.coprocola	BMI	BMI	-0.123724058188385	0.100999646135708	146	53	0.222679117792911	0.741382700782334
d__Bacteria.p__Bacillota_A.c__Clostridia.o__Oscillospirales.f__Ruminococcaceae.g__Zongyangia.s__Zongyangia.gallinarum	Sex_Male1_Female2	Female	-0.154154682154087	0.125776315098489	146	23	0.22244232595961	0.741382700782334
d__Bacteria.p__Bacillota_I.c__Bacilli_A.o__Erysipelotrichales.f__Coprobacillaceae.g__Faecalibacillus.s__Faecalibacillus.intestinalis	Sex_Male1_Female2	Female	-0.281305606090797	0.230102677228551	146	87	0.223609276984355	0.742276949042739
d__Bacteria.p__Bacteroidota.c__Bacteroidia.o__Bacteroidales.f__Marinifilaceae.g__Odoribacter.s__Odoribacter.laneus	Group	PD	-0.250541138323499	0.205314352970567	146	22	0.224454796056575	0.742885785178398
d__Bacteria.p__Actinomycetota.c__Coriobacteriia.o__Coriobacteriales.f__QAMH01.g__QAMH01.s__QAMH01.sp900544245	BMI	BMI	-0.109188138548869	0.0913939488461421	146	33	0.234269372045724	0.746253312515451
d__Bacteria.p__Bacillota_A.c__Clostridia.o__Christensenellales.f__Aristaeellaceae.g__Egerieenecus.s__Egerieenecus.sp900553315	Group	PD	0.119257386592448	0.0992836043734595	146	18	0.231754273733598	0.746253312515451
d__Bacteria.p__Bacillota_A.c__Clostridia.o__Christensenellales.f__CAG.138.g__UBA1685.s__UBA1685.sp002320595	Sex_Male1_Female2	Female	-0.183752116400915	0.152893704800531	146	19	0.231503067266322	0.746253312515451
d__Bacteria.p__Bacillota_A.c__Clostridia.o__Clostridiales.f__Clostridiaceae.g__Clostridium.s__Clostridium.saudiense	BMI	BMI	0.0857898807078614	0.0717068606523553	146	30	0.233608025734199	0.746253312515451
d__Bacteria.p__Bacillota_A.c__Clostridia.o__Lachnospirales.f__Lachnospiraceae.g__Anaerobutyricum.s__Anaerobutyricum.hallii	BMI	BMI	0.168586186386563	0.141031890630965	146	113	0.23400510188096	0.746253312515451
d__Bacteria.p__Bacillota_A.c__Clostridia.o__Lachnospirales.f__Lachnospiraceae.g__Bariatricus.s__Bariatricus.comes_A	BMI	BMI	0.143139190751119	0.118141913460151	146	120	0.227756184283845	0.746253312515451
d__Bacteria.p__Bacillota_A.c__Clostridia.o__Lachnospirales.f__Lachnospiraceae.g__Choladousia.s__Choladousia.sp902363135	BMI	BMI	0.11227989687926	0.0935913403747046	146	100	0.232333270175737	0.746253312515451
d__Bacteria.p__Bacillota_A.c__Clostridia.o__Lachnospirales.f__Lachnospiraceae.g__UBA4285.s__UBA4285.sp900545225	Group	PD	0.15890641476759	0.13273288546363	146	21	0.233300123806648	0.746253312515451
d__Bacteria.p__Bacillota_A.c__Clostridia.o__Oscillospirales.f__Oscillospiraceae.g__CAG.170.s__CAG.170.sp900545925	BMI	BMI	0.0733352084290902	0.0614517767346854	146	26	0.23478379618356	0.746253312515451
d__Bacteria.p__Bacillota_A.c__Clostridia.o__Oscillospirales.f__Oscillospiraceae.g__Onthomonas.s__Onthomonas.sp900545815	BMI	BMI	-0.0815435075438277	0.0682716003306348	146	27	0.23438587853184	0.746253312515451
d__Bacteria.p__Bacillota_A.c__Clostridia.o__Oscillospirales.f__Oscillospiraceae.g__Scatomorpha.s__Scatomorpha.intestinigallinarum	BMI	BMI	-0.105367806911333	0.0870561069966764	146	23	0.228231125011181	0.746253312515451
d__Bacteria.p__Bacillota_A.c__Clostridia.o__Peptostreptococcales.f__Anaerovoracaceae.g__Lentihominibacter.s__Lentihominibacter.faecis	BMI	BMI	0.10111306807906	0.0838971918199977	146	71	0.23020293362266	0.746253312515451
d__Bacteria.p__Bacillota_I.c__Bacilli_A.o__Erysipelotrichales.f__Erysipelotrichaceae.g__Holdemanella.s__Holdemanella.porci	BMI	BMI	0.102730046618965	0.0859844107402089	146	17	0.234248212189945	0.746253312515451
d__Bacteria.p__Bacteroidota.c__Bacteroidia.o__Bacteroidales.f__Rikenellaceae.g__Alistipes_A.s__Alistipes_A.indistinctus	BMI	BMI	0.120070338773365	0.100116516021833	146	51	0.232479113056264	0.746253312515451
d__Bacteria.p__Bacillota_A.c__Clostridia.o__Oscillospirales.f__Oscillospiraceae.g__Faecousia.s__Faecousia.sp000434635	Group	PD	-0.325675553788801	0.27407566219755	146	51	0.23678335693363	0.748368806984598
d__Bacteria.p__Bacillota_A.c__Clostridia.o__Peptostreptococcales.f__Peptostreptococcaceae.g__Intestinibacter.s__Intestinibacter.bartlettii	Group	PD	0.274732126241001	0.230934007893041	146	54	0.236239102206443	0.748368806984598
d__Bacteria.p__Bacillota_A.c__Clostridia.o__Oscillospirales.f__Oscillospiraceae.g__Evtepia.s__Evtepia.excrementipullorum	BMI	BMI	-0.130477557751043	0.109991319511618	146	33	0.237575485005451	0.748763185887967
d__Bacteria.p__Bacillota_A.c__Clostridia.o__Oscillospirales.f__Oscillospiraceae.g__Dysosmobacter.s__Dysosmobacter.segnis	Group	PD	-0.336407349005332	0.285351726209332	146	77	0.240472774240088	0.753229103431392
d__Bacteria.p__Bacillota_A.c__Clostridia.o__Oscillospirales.f__Oscillospiraceae.g__Intestinimonas.s__Intestinimonas.butyriciproducens	Group	PD	0.143077448442511	0.121423612036535	146	21	0.240706517170415	0.753229103431392
d__Bacteria.p__Bacillota_A.c__Clostridia.o__Peptostreptococcales.f__Anaerovoracaceae.g__Alangreenwoodia.s__Alangreenwoodia.sp905206455	BMI	BMI	-0.0982861542794729	0.0834646570334574	146	51	0.241006460010579	0.753229103431392
d__Bacteria.p__Bacillota_A.c__Clostridia.o__Lachnospirales.f__Lachnospiraceae.g__Anaerobutyricum.s__Anaerobutyricum.hallii	Group	PD	-0.357118569984729	0.305197298581486	146	113	0.243982748980235	0.758306494060454
d__Bacteria.p__Verrucomicrobiota.c__Verrucomicrobiae.o__Verrucomicrobiales.f__Akkermansiaceae.g__Akkermansia.s__Akkermansia.muciniphila_F	Sex_Male1_Female2	Female	0.32827145980331	0.280399259676958	146	22	0.243740199544946	0.758306494060454
d__Bacteria.p__Bacillota_A.c__Clostridia.o__Oscillospirales.f__Oscillospiraceae.g__Vescimonas.s__Vescimonas.cirricatena	Group	PD	0.299468086403863	0.257064784453626	146	38	0.246062927946723	0.762659130265809
d__Bacteria.p__Bacillota_A.c__Clostridia.o__Oscillospirales.f__Ruminococcaceae.g__Anaerotruncus.s__Anaerotruncus.colihominis	Group	PD	0.12431692217687	0.106930976394045	146	19	0.247016906894943	0.763506803129825
d__Bacteria.p__Bacillota_A.c__Clostridia.o__Oscillospirales.f__Acutalibacteraceae.g__Anaeromassilibacillus.s__Anaeromassilibacillus.stercoravium	Sex_Male1_Female2	Female	0.164725010624248	0.142050374127948	146	26	0.248218997857697	0.765114603286636
d__Bacteria.p__Bacillota_A.c__Clostridia.o__Monoglobales.f__Monoglobaceae.g__Monoglobus.s__Monoglobus.pectinilyticus	Group	PD	0.275239262432419	0.238487997112457	146	62	0.250468009277037	0.76993179838037
d__Bacteria.p__Bacillota_A.c__Clostridia.o__Lachnospirales.f__Lachnospiraceae.g__Blautia_A.s__Blautia_A.hydrogenotrophica	Sex_Male1_Female2	Female	0.192229174883973	0.168173283737392	146	29	0.255014563565474	0.772227319647073
d__Bacteria.p__Bacillota_A.c__Clostridia.o__Oscillospirales.f__Acutalibacteraceae.g__Acutalibacter.s__Acutalibacter.ornithocaccae	Group	PD	0.295140997732518	0.257538101512806	146	49	0.253789193690849	0.772227319647073
d__Bacteria.p__Bacillota_A.c__Clostridia.o__Oscillospirales.f__Acutalibacteraceae.g__Acutalibacter.s__Acutalibacter.timonensis	BMI	BMI	0.142177664179004	0.124194406102415	146	61	0.254288377796421	0.772227319647073
d__Bacteria.p__Bacillota_A.c__Clostridia.o__Oscillospirales.f__Oscillospiraceae.g__Evtepia.s__Evtepia.sp004556345	Group	PD	-0.146242956887019	0.127605551467475	146	19	0.253770327447962	0.772227319647073
d__Bacteria.p__Bacillota_A.c__Clostridia.o__Oscillospirales.f__Oscillospiraceae.g__HGM13006.s__HGM13006.sp900756575	BMI	BMI	0.0622416667012659	0.0545699436727566	146	20	0.256032587262666	0.772227319647073
d__Bacteria.p__Bacillota_A.c__Clostridia.o__Oscillospirales.f__Oscillospiraceae.g__Vescimonas.s__Vescimonas.sp900552475	Sex_Male1_Female2	Female	0.122455249590267	0.107255454812999	146	18	0.25556377907428	0.772227319647073
d__Bacteria.p__Bacillota_A.c__Clostridia.o__Oscillospirales.f__Ruminococcaceae.g__Negativibacillus.s__Negativibacillus.faecipullorum	Group	PD	0.11829619640638	0.103091338893288	146	17	0.253179408035223	0.772227319647073
d__Bacteria.p__Bacillota_A.c__Clostridia.o__Lachnospirales.f__Lachnospiraceae.g__Lachnospira.s__Lachnospira.sp000437735	BMI	BMI	0.094380547270646	0.0832374880159096	146	39	0.25882900373132	0.776487011193959
d__Bacteria.p__Bacillota_A.c__Clostridia.o__Oscillospirales.f__Oscillospiraceae.g__Lawsonibacter.s__Lawsonibacter.asaccharolyticus	Group	PD	-0.243292526314393	0.214399418648159	146	85	0.258456147984967	0.776487011193959
d__Archaea.p__Methanobacteriota.c__Methanobacteria.o__Methanobacteriales.f__Methanobacteriaceae.g__Methanobrevibacter_A.s__Methanobrevibacter_A.smithii	Sex_Male1_Female2	Female	-0.381679357753858	0.341887007885241	146	55	0.266209284944878	0.776855909199004
d__Bacteria.p__Actinomycetota.c__Coriobacteriia.o__Coriobacteriales.f__Eggerthellaceae.g__Anaerotardibacter.s__Anaerotardibacter.sp000436075	BMI	BMI	0.121045831612673	0.107744337860779	146	37	0.263209438142308	0.776855909199004
d__Bacteria.p__Bacillota.c__Bacilli.o__MOL361.f__Turicibacteraceae.g__Turicibacter.s__Turicibacter.bilis	BMI	BMI	0.0857032086464723	0.0760807470196209	146	33	0.26193299239513	0.776855909199004
d__Bacteria.p__Bacillota_A.c__Clostridia.o__Lachnospirales.f__Lachnospiraceae.g__Blautia_A.s__Blautia_A.sp934394595	Sex_Male1_Female2	Female	-0.181288000870314	0.160847771241921	146	53	0.261679657260771	0.776855909199004
d__Bacteria.p__Bacillota_A.c__Clostridia.o__Lachnospirales.f__Lachnospiraceae.g__Brotaphodocola.s__Brotaphodocola.sp003478505	BMI	BMI	-0.0462707429970105	0.0412526148161481	146	22	0.263975988062845	0.776855909199004
d__Bacteria.p__Bacillota_A.c__Clostridia.o__Lachnospirales.f__Lachnospiraceae.g__Mediterraneibacter.s__Mediterraneibacter.sp934330165	Group	PD	-0.308103365752095	0.276479576574454	146	49	0.267067277911099	0.776855909199004
d__Bacteria.p__Bacillota_A.c__Clostridia.o__Lachnospirales.f__Lachnospiraceae.g__Roseburia.s__Roseburia.hominis	BMI	BMI	-0.130697116471945	0.116361106096857	146	102	0.263315819075715	0.776855909199004
d__Bacteria.p__Bacillota_A.c__Clostridia.o__Oscillospirales.f__Acutalibacteraceae.g__Acutalibacter.s__Acutalibacter.sp900548545	Group	PD	0.157608048628629	0.141375897684944	146	24	0.266881296205352	0.776855909199004
d__Bacteria.p__Bacillota_A.c__Clostridia.o__Oscillospirales.f__Oscillospiraceae.g__CAG.170.s__CAG.170.sp000432135	Group	PD	-0.291183901340871	0.260903011594164	146	68	0.266349363038677	0.776855909199004
d__Bacteria.p__Bacillota_A.c__Clostridia.o__Oscillospirales.f__Oscillospiraceae.g__Enterenecus.s__Enterenecus.sp900549885	Sex_Male1_Female2	Female	0.147064602830619	0.132023446276906	146	34	0.267260589082723	0.776855909199004
d__Bacteria.p__Bacillota_A.c__Clostridia.o__Oscillospirales.f__Oscillospiraceae.g__Faecousia.s__Faecousia.sp958436045	BMI	BMI	0.0648059113388944	0.0577232105016238	146	30	0.26352814772387	0.776855909199004
d__Bacteria.p__Bacillota_A.c__Clostridia.o__Oscillospirales.f__Ruminococcaceae.g__Ruthenibacterium.s__Ruthenibacterium.merdipullorum	BMI	BMI	-0.0797518449700776	0.0708348014974465	146	16	0.262182598617545	0.776855909199004
d__Bacteria.p__Bacteroidota.c__Bacteroidia.o__Bacteroidales.f__Rikenellaceae.g__Alistipes.s__Alistipes.dispar	Group	PD	-0.20373196592282	0.183352600210188	146	20	0.268450690786906	0.77829890197134
d__Bacteria.p__Bacillota_A.c__Clostridia.o__Lachnospirales.f__Lachnospiraceae.g__Brotaphodocola.s__Brotaphodocola.sp003480315	BMI	BMI	-0.0494945695818282	0.044652687940288	146	21	0.2696164222351	0.779663983886036
d__Bacteria.p__Bacteroidota.c__Bacteroidia.o__Bacteroidales.f__Bacteroidaceae.g__Paraprevotella.s__Paraprevotella.clara	Sex_Male1_Female2	Female	-0.155749889540953	0.140751745236337	146	19	0.270424556031705	0.77999062176754
d__Bacteria.p__Bacillota_A.c__Clostridia.o__Oscillospirales.f__Oscillospiraceae.g__Intestinimonas.s__Intestinimonas.massiliensis	Group	PD	0.151741057867904	0.138015011486533	146	30	0.273498670304342	0.784822271308111
d__Bacteria.p__Bacillota_A.c__Clostridia.o__Oscillospirales.f__Ruminococcaceae.g__Angelakisella.s__Angelakisella.sp900547385	Sex_Male1_Female2	Female	-0.181965401853567	0.165319702388067	146	40	0.272962684342746	0.784822271308111
d__Bacteria.p__Bacillota.c__Bacilli.o__Lactobacillales.f__Streptococcaceae.g__Streptococcus.s__Streptococcus.thermophilus	Sex_Male1_Female2	Female	0.284802005075355	0.260643876866345	146	75	0.276449250683316	0.785255846244761
d__Bacteria.p__Bacillota_A.c__Clostridia.o__Lachnospirales.f__Lachnospiraceae.g__Acetatifactor.s__Acetatifactor.intestinalis	Group	PD	-0.306291685086351	0.279508106761781	146	50	0.27507843591898	0.785255846244761
d__Bacteria.p__Bacillota_A.c__Clostridia.o__Oscillospirales.f__Ruminococcaceae.g__Anaerotruncus.s__Anaerotruncus.massiliensis	Sex_Male1_Female2	Female	-0.139409528621382	0.127485586706542	146	20	0.276079462827521	0.785255846244761
d__Bacteria.p__Desulfobacterota.c__Desulfovibrionia.o__Desulfovibrionales.f__Desulfovibrionaceae.g__Desulfovibrio.s__Desulfovibrio.sp018379785	Sex_Male1_Female2	Female	-0.134099449551918	0.122340501628213	146	23	0.274950848246654	0.785255846244761
d__Bacteria.p__Bacillota_A.c__Clostridia.o__Peptostreptococcales.f__Peptostreptococcaceae.g__Romboutsia.s__Romboutsia.timonensis	BMI	BMI	0.12527624779777	0.114853148255398	146	80	0.277296901728506	0.785674554897434
d__Bacteria.p__Bacillota_A.c__Clostridia.o__Oscillospirales.f__Ruminococcaceae.g__UBA3818.s__UBA3818.sp900557155	Sex_Male1_Female2	Female	-0.156404132530434	0.143830494663382	146	37	0.278760730891573	0.787832594610441
d__Bacteria.p__Bacillota_A.c__Clostridia.o__Oscillospirales.f__Acutalibacteraceae.g__UMGS1071.s__UMGS1071.sp900542375	Group	PD	0.21738296888395	0.200644229415672	146	61	0.280522923222912	0.790820904161073
d__Bacteria.p__Bacillota_A.c__Clostridia.o__Lachnospirales.f__Lachnospiraceae.g__UBA11774.s__UBA11774.sp003507655	Sex_Male1_Female2	Female	-0.300293763440326	0.278116258652135	146	109	0.282154367539482	0.793426567366663
d__Bacteria.p__Bacillota_A.c__Clostridia.o__Christensenellales.f__Aristaeellaceae.g__UBA11524.s__UBA11524.sp000437595	Sex_Male1_Female2	Female	-0.389440598568212	0.362102953789144	146	56	0.284042734674306	0.794752988290702
d__Bacteria.p__Bacillota_A.c__Clostridia.o__Lachnospirales.f__Lachnospiraceae.g__JAGZHZ01.s__JAGZHZ01.sp018366495	Sex_Male1_Female2	Female	0.142846248373904	0.13263273253409	146	17	0.283370419236695	0.794752988290702
d__Bacteria.p__Actinomycetota.c__Coriobacteriia.o__Coriobacteriales.f__Eggerthellaceae.g__CAJFUR01.s__CAJFUR01.sp904420575	Group	PD	0.157341809352094	0.155012466981294	146	31	0.311882289348282	0.798832073790665
d__Bacteria.p__Actinomycetota.c__Coriobacteriia.o__Coriobacteriales.f__Eggerthellaceae.g__Eggerthella.s__Eggerthella.lenta	BMI	BMI	-0.117255810430574	0.113474648539729	146	64	0.30327403813309	0.798832073790665
d__Bacteria.p__Actinomycetota.c__Coriobacteriia.o__Coriobacteriales.f__UMGS124.g__JAHZGC01.s__JAHZGC01.sp019421015	Sex_Male1_Female2	Female	0.114267577334447	0.112699962673518	146	22	0.312413178375338	0.798832073790665
d__Bacteria.p__Bacillota.c__Bacilli.o__Lactobacillales.f__Streptococcaceae.g__Streptococcus.s__Streptococcus.parasanguinis_G	Group	PD	0.258123433885033	0.249447555011433	146	57	0.302594603162878	0.798832073790665
d__Bacteria.p__Bacillota_A.c__Clostridia.o__Christensenellales.f__Aristaeellaceae.g__Pullichristensenella.s__Pullichristensenella.stercoripullorum	Group	PD	0.179817339782247	0.169957405835312	146	49	0.291910941135727	0.798832073790665
d__Bacteria.p__Bacillota_A.c__Clostridia.o__Christensenellales.f__Aristaeellaceae.g__Ventricola.s__Ventricola.sp900548125	Group	PD	-0.123336853831742	0.115235745068845	146	24	0.286366174129078	0.798832073790665
d__Bacteria.p__Bacillota_A.c__Clostridia.o__Christensenellales.f__Aristaeellaceae.g__Ventricola.s__Ventricola.sp900548125	BMI	BMI	0.0534413301440099	0.0532505204694266	146	24	0.317348814718144	0.798832073790665
d__Bacteria.p__Bacillota_A.c__Clostridia.o__Christensenellales.f__CAG.138.g__SFEL01.s__SFEL01.sp004557245	Sex_Male1_Female2	Female	-0.226513563164595	0.218721431033508	146	48	0.302201282244517	0.798832073790665
d__Bacteria.p__Bacillota_A.c__Clostridia.o__Lachnospirales.f__Lachnospiraceae.g__Agathobacter.s__Agathobacter.faecis	BMI	BMI	0.195095967190852	0.189986088385985	146	92	0.306279089081743	0.798832073790665
d__Bacteria.p__Bacillota_A.c__Clostridia.o__Lachnospirales.f__Lachnospiraceae.g__Anaerobutyricum.s__Anaerobutyricum.soehngenii	Sex_Male1_Female2	Female	0.347504987810491	0.343761659617714	146	96	0.313851461029454	0.798832073790665
d__Bacteria.p__Bacillota_A.c__Clostridia.o__Lachnospirales.f__Lachnospiraceae.g__Blautia_A.s__Blautia_A.sp003474435	BMI	BMI	0.0653166216216363	0.0641786802318689	146	18	0.310599811560923	0.798832073790665
d__Bacteria.p__Bacillota_A.c__Clostridia.o__Lachnospirales.f__Lachnospiraceae.g__Blautia_A.s__Blautia_A.sp900066335	BMI	BMI	-0.12925705919909	0.124487097484501	146	31	0.300951630889012	0.798832073790665
d__Bacteria.p__Bacillota_A.c__Clostridia.o__Lachnospirales.f__Lachnospiraceae.g__Choladousia.s__Choladousia.sp902363135	Sex_Male1_Female2	Female	-0.19437554010164	0.190039624041118	146	100	0.308197607155121	0.798832073790665
d__Bacteria.p__Bacillota_A.c__Clostridia.o__Lachnospirales.f__Lachnospiraceae.g__Enterocloster.s__Enterocloster.sp001517625	BMI	BMI	0.110750421577062	0.104071401544928	146	24	0.289120453326685	0.798832073790665
d__Bacteria.p__Bacillota_A.c__Clostridia.o__Lachnospirales.f__Lachnospiraceae.g__Fusicatenibacter.s__Fusicatenibacter.saccharivorans	Sex_Male1_Female2	Female	0.289910684671888	0.289098103154096	146	132	0.317720107770986	0.798832073790665
d__Bacteria.p__Bacillota_A.c__Clostridia.o__Lachnospirales.f__Lachnospiraceae.g__JAGTTR01.s__JAGTTR01.sp018223385	Sex_Male1_Female2	Female	0.0824582785342751	0.0799541429979538	146	15	0.304208180628023	0.798832073790665
d__Bacteria.p__Bacillota_A.c__Clostridia.o__Lachnospirales.f__Lachnospiraceae.g__Lachnoclostridium_B.s__Lachnoclostridium_B.acetigenes	Sex_Male1_Female2	Female	0.114828087005441	0.114124793922345	146	19	0.316111212104812	0.798832073790665
d__Bacteria.p__Bacillota_A.c__Clostridia.o__Lachnospirales.f__Lachnospiraceae.g__Mediterraneibacter.s__Mediterraneibacter.sp900541505	BMI	BMI	-0.0558593575246868	0.0554617674015043	146	22	0.315629260039269	0.798832073790665
d__Bacteria.p__Bacillota_A.c__Clostridia.o__Lachnospirales.f__Lachnospiraceae.g__Mediterraneibacter.s__Mediterraneibacter.torques	BMI	BMI	-0.148410708296793	0.143102811900797	146	113	0.301520246140446	0.798832073790665
d__Bacteria.p__Bacillota_A.c__Clostridia.o__Lachnospirales.f__Lachnospiraceae.g__Mediterraneibacter_A.s__Mediterraneibacter_A.butyricigenes	Sex_Male1_Female2	Female	-0.126686592308322	0.121759071602779	146	29	0.299954582371413	0.798832073790665
d__Bacteria.p__Bacillota_A.c__Clostridia.o__Lachnospirales.f__Lachnospiraceae.g__Oliverpabstia.s__Oliverpabstia.intestinalis	Group	PD	-0.319894967785731	0.301396186955523	146	97	0.290386099624996	0.798832073790665
d__Bacteria.p__Bacillota_A.c__Clostridia.o__Lachnospirales.f__Lachnospiraceae.g__Roseburia.s__Roseburia.intestinalis	BMI	BMI	0.14001246882962	0.137704611808626	146	75	0.311060105634093	0.798832073790665
d__Bacteria.p__Bacillota_A.c__Clostridia.o__Lachnospirales.f__Lachnospiraceae.g__Roseburia_B.s__Roseburia_B.zhanii	BMI	BMI	0.0577939139088602	0.0556505641945176	146	20	0.300860049866773	0.798832073790665
d__Bacteria.p__Bacillota_A.c__Clostridia.o__Lachnospirales.f__Lachnospiraceae.g__Roseburia_C.s__Roseburia_C.amylophila	Group	PD	-0.285270215317211	0.283406561855991	146	49	0.315913143710793	0.798832073790665
d__Bacteria.p__Bacillota_A.c__Clostridia.o__Lachnospirales.f__Lachnospiraceae.g__Ventrisoma.s__Ventrisoma.faecale	Group	PD	0.14744221594812	0.147626330172723	146	20	0.31967522382532	0.798832073790665
d__Bacteria.p__Bacillota_A.c__Clostridia.o__Oscillospirales.f__Acutalibacteraceae.g__Hominenteromicrobium.s__Hominenteromicrobium.mulieris	Group	PD	-0.349416889251246	0.335896496679145	146	112	0.300055352776049	0.798832073790665
d__Bacteria.p__Bacillota_A.c__Clostridia.o__Oscillospirales.f__Acutalibacteraceae.g__Pseudoruminococcus.s__Pseudoruminococcus.massiliensis	BMI	BMI	-0.126685786384486	0.122980150537101	146	23	0.304763262718424	0.798832073790665
d__Bacteria.p__Bacillota_A.c__Clostridia.o__Oscillospirales.f__Oscillospiraceae.g__CAG.170.s__CAG.170.sp003516765	Group	PD	-0.153882253000328	0.145194394051825	146	32	0.291084138983986	0.798832073790665
d__Bacteria.p__Bacillota_A.c__Clostridia.o__Oscillospirales.f__Oscillospiraceae.g__CAG.170.s__CAG.170.sp900553545	Sex_Male1_Female2	Female	-0.101568260200059	0.101548275603927	146	17	0.31897860729849	0.798832073790665
d__Bacteria.p__Bacillota_A.c__Clostridia.o__Oscillospirales.f__Oscillospiraceae.g__Hominicoprocola.s__Hominicoprocola.sp003522105	Sex_Male1_Female2	Female	-0.138800500890808	0.136370918879633	146	16	0.310559482784551	0.798832073790665
d__Bacteria.p__Bacillota_A.c__Clostridia.o__Oscillospirales.f__Oscillospiraceae.g__UMGS1766.s__UMGS1766.sp959602365	Sex_Male1_Female2	Female	0.122804357569929	0.116337930060797	146	20	0.29301664480673	0.798832073790665
d__Bacteria.p__Bacillota_A.c__Clostridia.o__Oscillospirales.f__Ruminococcaceae.g__Gemmiger.s__Gemmiger.qucibialis	Sex_Male1_Female2	Female	-0.282302228382001	0.2822004761853	146	125	0.318899663508348	0.798832073790665
d__Bacteria.p__Bacillota_A.c__Clostridia.o__Oscillospirales.f__Ruminococcaceae.g__Gemmiger.s__Gemmiger.qucibialis	BMI	BMI	0.140253346871301	0.138979020579664	146	125	0.314672549049565	0.798832073790665
d__Bacteria.p__Bacillota_A.c__Clostridia.o__Oscillospirales.f__Ruminococcaceae.g__Negativibacillus.s__Negativibacillus.sp000435195	BMI	BMI	0.109125143606396	0.104892159397072	146	49	0.300007262574183	0.798832073790665
d__Bacteria.p__Bacillota_A.c__Clostridia.o__Peptostreptococcales.f__Peptostreptococcaceae.g__Intestinibacter.s__Intestinibacter.sp900540355	Sex_Male1_Female2	Female	-0.125373545679767	0.124714010833217	146	18	0.31653027962887	0.798832073790665
d__Bacteria.p__Bacillota_A.c__Clostridia.o__TANB77.f__CAG.508.g__Merdicola.s__Merdicola.sp018371855	Group	PD	0.223250400416942	0.218707622098655	146	17	0.309162109190278	0.798832073790665
d__Bacteria.p__Bacillota_C.c__Negativicutes.o__Acidaminococcales.f__Acidaminococcaceae.g__Phascolarctobacterium.s__Phascolarctobacterium.faecium	BMI	BMI	-0.133923454082021	0.130005783643405	146	66	0.304762045668058	0.798832073790665
d__Bacteria.p__Bacillota_C.c__Negativicutes.o__Veillonellales.f__Dialisteraceae.g__Dialister.s__Dialister.invisus	Group	PD	0.347192549170613	0.338157560093243	146	43	0.306362517083836	0.798832073790665
d__Bacteria.p__Bacteroidota.c__Bacteroidia.o__Bacteroidales.f__Bacteroidaceae.g__Bacteroides.s__Bacteroides.ovatus	Group	PD	0.308665098319085	0.290818074579275	146	96	0.290389998075785	0.798832073790665
d__Bacteria.p__Bacteroidota.c__Bacteroidia.o__Bacteroidales.f__Bacteroidaceae.g__Bacteroides.s__Bacteroides.salyersiae	Sex_Male1_Female2	Female	-0.117596181217518	0.114247358591732	146	18	0.305146880663276	0.798832073790665
d__Bacteria.p__Bacteroidota.c__Bacteroidia.o__Bacteroidales.f__Bacteroidaceae.g__Bacteroides.s__Bacteroides.xylanisolvens	Group	PD	-0.317662462744525	0.299886115247988	146	61	0.291337675832019	0.798832073790665
d__Bacteria.p__Bacteroidota.c__Bacteroidia.o__Bacteroidales.f__Bacteroidaceae.g__Bacteroides.s__Bacteroides.xylanisolvens	Sex_Male1_Female2	Female	0.292330057140472	0.281385359041354	146	61	0.300683289593613	0.798832073790665
d__Bacteria.p__Bacteroidota.c__Bacteroidia.o__Bacteroidales.f__Bacteroidaceae.g__Bacteroides.s__Bacteroides.zhangwenhongii	Group	PD	-0.158349825219202	0.156793739926325	146	23	0.31431187725048	0.798832073790665
d__Bacteria.p__Bacteroidota.c__Bacteroidia.o__Bacteroidales.f__Barnesiellaceae.g__Barnesiella.s__Barnesiella.intestinihominis	Group	PD	0.320558916731013	0.307266866640223	146	83	0.298665779546697	0.798832073790665
d__Bacteria.p__Bacteroidota.c__Bacteroidia.o__Bacteroidales.f__Rikenellaceae.g__Alistipes.s__Alistipes.senegalensis	Sex_Male1_Female2	Female	-0.143295143214019	0.141693840533383	146	29	0.313655086316852	0.798832073790665
d__Bacteria.p__Bacteroidota.c__Bacteroidia.o__Bacteroidales.f__Rikenellaceae.g__Alistipes.s__Alistipes.shahii	BMI	BMI	0.138155855914267	0.135601336604887	146	88	0.310075501449475	0.798832073790665
d__Bacteria.p__Bacteroidota.c__Bacteroidia.o__Bacteroidales.f__Tannerellaceae.g__Parabacteroides.s__Parabacteroides.johnsonii	Group	PD	-0.142453305252836	0.136257570663516	146	16	0.297646571036056	0.798832073790665
d__Bacteria.p__Pseudomonadota.c__Gammaproteobacteria.o__Enterobacterales.f__Enterobacteriaceae.g__Escherichia.s__Escherichia.coli_F	Sex_Male1_Female2	Female	-0.370809389401987	0.35055487995758	146	61	0.292018030453682	0.798832073790665
d__Bacteria.p__Actinomycetota.c__Actinomycetes.o__Actinomycetales.f__Bifidobacteriaceae.g__Bifidobacterium.s__Bifidobacterium.bifidum	Sex_Male1_Female2	Female	-0.262376393391183	0.274175514533789	146	25	0.340270547852957	0.799558857961032
d__Bacteria.p__Bacillota.c__Bacilli.o__Lactobacillales.f__Streptococcaceae.g__Streptococcus.s__Streptococcus.parasanguinis_G	BMI	BMI	-0.11222173444179	0.115269894130931	146	57	0.331992706476521	0.799558857961032
d__Bacteria.p__Bacillota.c__Bacilli.o__MOL361.f__Turicibacteraceae.g__Turicibacter.s__Turicibacter.bilis	Group	PD	0.157204469334873	0.164641049343996	146	33	0.341344646134879	0.799558857961032
d__Bacteria.p__Bacillota_A.c__Clostridia.o__Christensenellales.f__Aristaeellaceae.g__Pullichristensenella.s__Pullichristensenella.excrementigallinarum	Group	PD	-0.112320830271146	0.117333097815591	146	18	0.340111323770372	0.799558857961032
d__Bacteria.p__Bacillota_A.c__Clostridia.o__Clostridiales.f__Clostridiaceae.g__Clostridium.s__Clostridium.sp000435835	Group	PD	-0.122838022961969	0.125664150145572	146	21	0.330039445058228	0.799558857961032
d__Bacteria.p__Bacillota_A.c__Clostridia.o__Clostridiales.f__Clostridiaceae.g__Clostridium.s__Clostridium.sp000435835	Sex_Male1_Female2	Female	-0.112648348013498	0.117911601135977	146	21	0.341077032735459	0.799558857961032
d__Bacteria.p__Bacillota_A.c__Clostridia.o__Lachnospirales.f__Lachnospiraceae.g__Blautia_A.s__Blautia_A.faecis	Sex_Male1_Female2	Female	0.222167289385752	0.225182793858121	146	140	0.325573781798711	0.799558857961032
d__Bacteria.p__Bacillota_A.c__Clostridia.o__Lachnospirales.f__Lachnospiraceae.g__Blautia_A.s__Blautia_A.fusiformis	BMI	BMI	0.164464821982678	0.167370066215372	146	122	0.327515925906706	0.799558857961032
d__Bacteria.p__Bacillota_A.c__Clostridia.o__Lachnospirales.f__Lachnospiraceae.g__Blautia_A.s__Blautia_A.sp900548245	Group	PD	-0.236121760661277	0.238810492046276	146	47	0.324532851428094	0.799558857961032
d__Bacteria.p__Bacillota_A.c__Clostridia.o__Lachnospirales.f__Lachnospiraceae.g__Clostridium_AP.s__Clostridium_AP.scindens	BMI	BMI	-0.0669947855705611	0.0673892007808123	146	27	0.321903853829326	0.799558857961032
d__Bacteria.p__Bacillota_A.c__Clostridia.o__Lachnospirales.f__Lachnospiraceae.g__Eubacterium_G.s__Eubacterium_G.segne	Sex_Male1_Female2	Female	-0.109961714259826	0.112086118240635	146	27	0.328299022620971	0.799558857961032
d__Bacteria.p__Bacillota_A.c__Clostridia.o__Lachnospirales.f__Lachnospiraceae.g__Eubacterium_G.s__Eubacterium_G.sp000434315	Sex_Male1_Female2	Female	-0.148850743358998	0.155671671763091	146	33	0.340663579144291	0.799558857961032
d__Bacteria.p__Bacillota_A.c__Clostridia.o__Lachnospirales.f__Lachnospiraceae.g__Lachnospira.s__Lachnospira.hominis	BMI	BMI	-0.0747035023869502	0.0765172481661522	146	35	0.330638442996152	0.799558857961032
d__Bacteria.p__Bacillota_A.c__Clostridia.o__Lachnospirales.f__Lachnospiraceae.g__Pseudolachnospira.s__Pseudolachnospira.sp022867805	BMI	BMI	-0.0840706672666783	0.0853731961710861	146	36	0.326486184959294	0.799558857961032
d__Bacteria.p__Bacillota_A.c__Clostridia.o__Lachnospirales.f__Lachnospiraceae.g__Schaedlerella.s__Schaedlerella.hominis	Sex_Male1_Female2	Female	0.0805358311963222	0.0830743401140985	146	15	0.334032632192618	0.799558857961032
d__Bacteria.p__Bacillota_A.c__Clostridia.o__Oscillospirales.f__Acutalibacteraceae.g__Acutalibacter.s__Acutalibacter.sp900548545	Sex_Male1_Female2	Female	-0.128755295451222	0.132654050011535	146	24	0.333453219586764	0.799558857961032
d__Bacteria.p__Bacillota_A.c__Clostridia.o__Oscillospirales.f__Acutalibacteraceae.g__UMGS1264.s__UMGS1264.sp904399395	BMI	BMI	-0.065613731897589	0.0686939830316803	146	27	0.341179246953394	0.799558857961032
d__Bacteria.p__Bacillota_A.c__Clostridia.o__Oscillospirales.f__Oscillospiraceae.g__CAG.103.s__CAG.103.sp905215475	BMI	BMI	0.134022766099739	0.138576954531353	146	51	0.335180239208615	0.799558857961032
d__Bacteria.p__Bacillota_A.c__Clostridia.o__Oscillospirales.f__Oscillospiraceae.g__Dysosmobacter.s__Dysosmobacter.faecalis	Sex_Male1_Female2	Female	0.136968864664588	0.14227449661094	146	30	0.337389993179534	0.799558857961032
d__Bacteria.p__Bacillota_A.c__Clostridia.o__Oscillospirales.f__Ruminococcaceae.g__Harryflintia.s__Harryflintia.acetispora	Sex_Male1_Female2	Female	-0.0820805522654395	0.0854897922412366	146	18	0.338685712707933	0.799558857961032
d__Bacteria.p__Bacillota_A.c__Clostridia.o__Oscillospirales.f__Ruminococcaceae.g__Ruminococcus_C.s__Ruminococcus_C.sp000980705	Sex_Male1_Female2	Female	-0.153672102455493	0.160572627312842	146	15	0.340240151362197	0.799558857961032
d__Bacteria.p__Bacillota_A.c__Clostridia.o__TANB77.f__CAG.508.g__CAG.245.s__CAG.245.sp000435175	BMI	BMI	-0.0659124030801631	0.0684493503431694	146	30	0.337275776288114	0.799558857961032
d__Bacteria.p__Bacillota_A.c__Clostridia.o__TANB77.f__CAG.508.g__Merdicola.s__Merdicola.sp018371855	BMI	BMI	0.0984463462974034	0.101064949078311	146	17	0.331728691386109	0.799558857961032
d__Bacteria.p__Bacillota_I.c__Bacilli_A.o__Erysipelotrichales.f__Coprobacillaceae.g__Coprobacillus.s__Coprobacillus.cateniformis	Group	PD	0.110707880011095	0.113465236429445	146	15	0.330933501249311	0.799558857961032
d__Bacteria.p__Bacillota_I.c__Bacilli_A.o__Erysipelotrichales.f__Coprobacillaceae.g__Faecalibacillus.s__Faecalibacillus.intestinalis	BMI	BMI	-0.111338753410955	0.113321724847069	146	87	0.3275848001683	0.799558857961032
d__Bacteria.p__Bacteroidota.c__Bacteroidia.o__Bacteroidales.f__Rikenellaceae.g__Alistipes.s__Alistipes.onderdonkii	Sex_Male1_Female2	Female	0.316761090991421	0.319069712584402	146	106	0.3225749192041	0.799558857961032
d__Bacteria.p__Bacteroidota.c__Bacteroidia.o__Bacteroidales.f__Tannerellaceae.g__Parabacteroides.s__Parabacteroides.segnis	Sex_Male1_Female2	Female	0.131503816641674	0.134724552966896	146	25	0.330738325987349	0.799558857961032
d__Bacteria.p__Bacteroidota.c__Bacteroidia.o__Bacteroidales.f__Tannerellaceae.g__Parabacteroides.s__Parabacteroides.segnis	BMI	BMI	0.063602534130735	0.0663495918663073	146	25	0.339450347466647	0.799558857961032
d__Bacteria.p__Pseudomonadota.c__Gammaproteobacteria.o__Burkholderiales.f__Burkholderiaceae.g__Parasutterella.s__Parasutterella.gallistercoris	Group	PD	-0.138048815673491	0.141183678259849	146	18	0.329898763839146	0.799558857961032
d__Bacteria.p__Pseudomonadota.c__Gammaproteobacteria.o__Burkholderiales.f__Burkholderiaceae.g__Sutterella.s__Sutterella.wadsworthensis_A	Sex_Male1_Female2	Female	-0.126108038020328	0.129738990497742	146	19	0.332756917951675	0.799558857961032
d__Bacteria.p__Bacteroidota.c__Bacteroidia.o__Bacteroidales.f__Bacteroidaceae.g__Phocaeicola.s__Phocaeicola.massiliensis	BMI	BMI	0.0995708774540121	0.104445576214787	146	34	0.342102982235161	0.79966572097469
d__Bacteria.p__Bacillota_A.c__Clostridia.o__Lachnospirales.f__Lachnospiraceae.g__Blautia.s__Blautia.celeris	Sex_Male1_Female2	Female	0.130489754642078	0.138117022243898	146	25	0.346436107423386	0.804599461679478
d__Bacteria.p__Bacillota_A.c__Clostridia.o__Lachnospirales.f__Lachnospiraceae.g__Frisingicoccus.s__Frisingicoccus.sp900549105	BMI	BMI	0.0622787943430702	0.0660245781873563	146	16	0.34720490377393	0.804599461679478
d__Bacteria.p__Bacillota_A.c__Clostridia.o__Oscillospirales.f__Acutalibacteraceae.g__CAG.217.s__	BMI	BMI	0.135844023526951	0.144192630558162	146	44	0.347799232544159	0.804599461679478
d__Bacteria.p__Bacteroidota.c__Bacteroidia.o__Bacteroidales.f__Coprobacteraceae.g__Coprobacter.s__Coprobacter.fastidiosus	Sex_Male1_Female2	Female	-0.123445021499578	0.13093792121478	146	19	0.347455467434788	0.804599461679478
d__Bacteria.p__Desulfobacterota.c__Desulfovibrionia.o__Desulfovibrionales.f__Desulfovibrionaceae.g__Bilophila.s__Bilophila.wadsworthia	Group	PD	0.196713592762407	0.208039720544602	146	92	0.346038844571498	0.804599461679478
d__Bacteria.p__Bacillota_A.c__Clostridia.o__Oscillospirales.f__Ruminococcaceae.g__Faecalibacterium.s__Faecalibacterium.sp934514285	BMI	BMI	-0.140364463163322	0.14967186063001	146	96	0.349990033479447	0.806342541199054
d__Bacteria.p__Pseudomonadota.c__Gammaproteobacteria.o__Burkholderiales.f__Burkholderiaceae.g__Parasutterella.s__Parasutterella.gallistercoris	Sex_Male1_Female2	Female	-0.124255848927441	0.132473689103861	146	18	0.349912398999202	0.806342541199054
d__Bacteria.p__Bacillota_A.c__Clostridia.o__Christensenellales.f__CAG.138.g__UBA1685.s__UBA1685.sp002320595	Group	PD	-0.151179547744109	0.162946285957136	146	19	0.355149422517346	0.807022180269476
d__Bacteria.p__Bacillota_A.c__Clostridia.o__Oscillospirales.f__Oscillospiraceae.g__Evtepia.s__Evtepia.gabavorous	Sex_Male1_Female2	Female	0.236360997883938	0.254589886127565	146	82	0.35483345375225	0.807022180269476
d__Bacteria.p__Bacillota_A.c__Clostridia.o__Oscillospirales.f__Oscillospiraceae.g__Lawsonibacter.s__Lawsonibacter.asaccharolyticus	Sex_Male1_Female2	Female	-0.186020156950989	0.20117255960544	146	85	0.35675846828312	0.807022180269476
d__Bacteria.p__Bacillota_A.c__Clostridia.o__Oscillospirales.f__Oscillospiraceae.g__Vescimonas.s__Vescimonas.sp000435975	Sex_Male1_Female2	Female	-0.192547534174156	0.206120055833023	146	27	0.351868864424835	0.807022180269476
d__Bacteria.p__Bacillota_A.c__Clostridia.o__Oscillospirales.f__Ruminococcaceae.g__Faecalibacterium.s__Faecalibacterium.duncaniae	Sex_Male1_Female2	Female	-0.296570924763711	0.319862540059186	146	105	0.355462374155053	0.807022180269476
d__Bacteria.p__Bacillota_A.c__Clostridia.o__TANB77.f__CAG.508.g__CAG.273.s__CAG.273.sp003534295	Sex_Male1_Female2	Female	0.187971065435173	0.201824073869908	146	19	0.353305223658666	0.807022180269476
d__Bacteria.p__Bacillota_I.c__Bacilli_A.o__Erysipelotrichales.f__Coprobacillaceae.g__Faecalibacillus.s__Faecalibacillus.faecis	Sex_Male1_Female2	Female	0.147005337896418	0.157507862884784	146	30	0.352296449987255	0.807022180269476
d__Bacteria.p__Bacteroidota.c__Bacteroidia.o__Bacteroidales.f__Bacteroidaceae.g__Bacteroides.s__Bacteroides.thetaiotaomicron	Sex_Male1_Female2	Female	0.232683597990204	0.251494568235376	146	94	0.356487023090883	0.807022180269476
d__Bacteria.p__Bacteroidota.c__Bacteroidia.o__Bacteroidales.f__Marinifilaceae.g__Odoribacter.s__Odoribacter.splanchnicus	BMI	BMI	-0.0951359385847732	0.102131523199129	146	94	0.353231452578485	0.807022180269476
d__Bacteria.p__Bacillota_A.c__Clostridia.o__Peptostreptococcales.f__Anaerovoracaceae.g__Hominibacterium.s__Hominibacterium.hominis	Group	PD	0.155748496995559	0.168721289684292	146	42	0.357572226947523	0.807235490211512
d__Bacteria.p__Cyanobacteriota.c__Vampirovibrionia.o__Gastranaerophilales.f__Gastranaerophilaceae.g__CAG.196.s__CAG.196.sp002102975	Sex_Male1_Female2	Female	0.11845735183715	0.128551599258042	146	19	0.358421259539082	0.807527416069981
d__Bacteria.p__Bacillota_A.c__Clostridia.o__Lachnospirales.f__Lachnospiraceae.g__Blautia_A.s__Blautia_A.sp900548245	BMI	BMI	0.101432173847904	0.110354499703427	146	47	0.359633380032978	0.808634573941887
d__Bacteria.p__Bacillota_A.c__Clostridia.o__Lachnospirales.f__Lachnospiraceae.g__Butyribacter.s__Butyribacter.sp003529475	Sex_Male1_Female2	Female	-0.257910799776358	0.284340526737673	146	68	0.365973515228292	0.821244568172288
d__Bacteria.p__Bacillota_A.c__Clostridia.o__Oscillospirales.f__Acutalibacteraceae.g__Hominenteromicrobium.s__Hominenteromicrobium.mulieris	Sex_Male1_Female2	Female	-0.284557857040862	0.315174166168497	146	112	0.368185393014905	0.824558904117213
d__Bacteria.p__Bacillota_A.c__Clostridia.o__Lachnospirales.f__Lachnospiraceae.g__Coprococcus.s__Coprococcus.aceti	Sex_Male1_Female2	Female	-0.331266526775978	0.36866464536491	146	42	0.370464721028895	0.825116230940028
d__Bacteria.p__Bacillota_A.c__Clostridia.o__Lachnospirales.f__Lachnospiraceae.g__Otoolea.s__Otoolea.symbiosa	Sex_Male1_Female2	Female	0.0911116996043977	0.101435050699291	146	15	0.370640445983756	0.825116230940028
d__Bacteria.p__Verrucomicrobiota.c__Verrucomicrobiae.o__Verrucomicrobiales.f__Akkermansiaceae.g__Akkermansia.s__Akkermansia.muciniphila_F	Group	PD	0.269141417001286	0.298835181010881	146	22	0.369362906112364	0.825116230940028
d__Bacteria.p__Bacillota_A.c__Clostridia.o__Oscillospirales.f__Oscillospiraceae.g__HGM13006.s__HGM13006.sp900757695	BMI	BMI	-0.0598977354390587	0.0669000482913291	146	25	0.372180167711713	0.826903263708004
d__Bacteria.p__Actinomycetota.c__Coriobacteriia.o__Coriobacteriales.f__UMGS124.g__JAHZGC01.s__JAHZGC01.sp019421015	Group	PD	0.107275395455121	0.12010985258756	146	22	0.373346263787645	0.827854758833473
d__Bacteria.p__Bacillota_A.c__Clostridia.o__Lachnospirales.f__Lachnospiraceae.g__Blautia_A.s__Blautia_A.faecis	BMI	BMI	-0.0984827494003261	0.110898764469995	146	140	0.376074669396334	0.827994638004146
d__Bacteria.p__Bacillota_A.c__Clostridia.o__Lachnospirales.f__Lachnospiraceae.g__Blautia_A.s__Blautia_A.sp900120195	BMI	BMI	-0.0832001758761269	0.0938913946005743	146	35	0.377099162228269	0.827994638004146
d__Bacteria.p__Bacillota_A.c__Clostridia.o__Oscillospirales.f__Oscillospiraceae.g__Vescimonas.s__Vescimonas.sp900545585	Sex_Male1_Female2	Female	0.108880514025197	0.122798556724086	146	17	0.376816027299924	0.827994638004146
d__Bacteria.p__Bacillota_A.c__Clostridia.o__Peptostreptococcales.f__Anaerovoracaceae.g__Emergencia.s__Emergencia.timonensis	BMI	BMI	-0.035338527085131	0.0397184608074064	146	15	0.375172978577329	0.827994638004146
d__Bacteria.p__Bacteroidota.c__Bacteroidia.o__Bacteroidales.f__Rikenellaceae.g__Alistipes.s__Alistipes.dispar	BMI	BMI	-0.0753009175149743	0.0847273680990402	146	20	0.37569861955114	0.827994638004146
d__Bacteria.p__Bacillota_A.c__Clostridia.o__Oscillospirales.f__Oscillospiraceae.g__Vescimonas.s__Vescimonas.sp900552475	BMI	BMI	0.0467029988274906	0.0528215198756404	146	18	0.378155570169971	0.828596513787516
d__Bacteria.p__Bacillota_A.c__Clostridia.o__TANB77.f__CAG.508.g__CAG.269.s__CAG.269.sp003525075	Sex_Male1_Female2	Female	0.132992527080096	0.15086994610731	146	29	0.379588777260947	0.828596513787516
d__Bacteria.p__Bacteroidota.c__Bacteroidia.o__Bacteroidales.f__Bacteroidaceae.g__Bacteroides.s__Bacteroides.zhangwenhongii	Sex_Male1_Female2	Female	-0.129698829569722	0.147120725373102	146	23	0.379547529160966	0.828596513787516
d__Bacteria.p__Bacillota_A.c__Clostridia.o__Christensenellales.f__Aristaeellaceae.g__RUG11247.s__RUG11247.sp902767315	Group	PD	0.0719085159507879	0.0836973010909784	146	17	0.391758686192204	0.830036864563771
d__Bacteria.p__Bacillota_A.c__Clostridia.o__Christensenellales.f__Aristaeellaceae.g__Ventricola.s__Ventricola.sp900542445	BMI	BMI	-0.0962924212628178	0.111892118497414	146	80	0.39097148353812	0.830036864563771
d__Bacteria.p__Bacillota_A.c__Clostridia.o__Lachnospirales.f__Lachnospiraceae.g__Brotaphodocola.s__	BMI	BMI	0.0617805615414313	0.0717890031106169	146	18	0.390970049352592	0.830036864563771
d__Bacteria.p__Bacillota_A.c__Clostridia.o__Lachnospirales.f__Lachnospiraceae.g__Butyribacter.s__Butyribacter.intestini	BMI	BMI	-0.0719393512594473	0.0830871594654037	146	24	0.388097143288126	0.830036864563771
d__Bacteria.p__Bacillota_A.c__Clostridia.o__Lachnospirales.f__Lachnospiraceae.g__Eubacterium_G.s__Eubacterium_G.segne	Group	PD	-0.104705120173469	0.119455648605621	146	27	0.382282408929434	0.830036864563771
d__Bacteria.p__Bacillota_A.c__Clostridia.o__Lachnospirales.f__Lachnospiraceae.g__JAGZHZ01.s__JAGZHZ01.sp018366495	Group	PD	-0.121788413797707	0.141353178608444	146	17	0.390418969341972	0.830036864563771
d__Bacteria.p__Bacillota_A.c__Clostridia.o__Lachnospirales.f__Lachnospiraceae.g__Mediterraneibacter.s__Mediterraneibacter.torques	Sex_Male1_Female2	Female	0.249083377905432	0.290573940537392	146	113	0.392824933229379	0.830036864563771
d__Bacteria.p__Bacillota_A.c__Clostridia.o__Oscillospirales.f__Oscillospiraceae.g__CAG.170.s__CAG.170.sp000432135	Sex_Male1_Female2	Female	-0.212677773309296	0.244807224674891	146	68	0.386499917708383	0.830036864563771
d__Bacteria.p__Bacillota_A.c__Clostridia.o__Oscillospirales.f__Oscillospiraceae.g__Vescimonas.s__Vescimonas.cirricatena	Sex_Male1_Female2	Female	0.21006532104048	0.24120578777232	146	38	0.385334074753601	0.830036864563771
d__Bacteria.p__Bacillota_A.c__Clostridia.o__Oscillospirales.f__Ruminococcaceae.g__Faecalibacterium.s__Faecalibacterium.prausnitzii_E	BMI	BMI	-0.119796053092418	0.139510703422788	146	24	0.392013013764072	0.830036864563771
d__Bacteria.p__Bacillota_A.c__Clostridia.o__Peptostreptococcales.f__Anaerovoracaceae.g__Alangreenwoodia.s__Alangreenwoodia.sp905206455	Sex_Male1_Female2	Female	-0.147225037719797	0.169477133032343	146	51	0.386529697765404	0.830036864563771
d__Bacteria.p__Bacillota_A.c__Clostridia.o__Peptostreptococcales.f__Anaerovoracaceae.g__Fimisoma.s__Fimisoma.avicola	Sex_Male1_Female2	Female	0.111707228120231	0.130165105809237	146	20	0.392282950297962	0.830036864563771
d__Bacteria.p__Bacillota_A.c__Clostridia.o__UBA1381.f__UBA1381.g__Hominilimicola.s__Hominilimicola.fabiformis	Sex_Male1_Female2	Female	-0.182374555310844	0.211673010598036	146	116	0.390420749770238	0.830036864563771
d__Bacteria.p__Bacillota_C.c__Negativicutes.o__Veillonellales.f__Dialisteraceae.g__Dialister.s__Dialister.invisus	BMI	BMI	0.136575283693119	0.156262851122094	146	43	0.38364235574876	0.830036864563771
d__Bacteria.p__Bacteroidota.c__Bacteroidia.o__Bacteroidales.f__Bacteroidaceae.g__Paraprevotella.s__Paraprevotella.clara	Group	PD	-0.13086158221689	0.150006006840946	146	19	0.384529860170807	0.830036864563771
d__Bacteria.p__Bacteroidota.c__Bacteroidia.o__Bacteroidales.f__Bacteroidaceae.g__Phocaeicola.s__Phocaeicola.vulgatus	Sex_Male1_Female2	Female	0.283398515205976	0.329100411547257	146	114	0.390670610270098	0.830036864563771
d__Bacteria.p__Bacteroidota.c__Bacteroidia.o__Bacteroidales.f__Marinifilaceae.g__Butyricimonas.s__Butyricimonas.paravirosa	Sex_Male1_Female2	Female	-0.1359853991912	0.155254399285455	146	40	0.382624281337568	0.830036864563771
d__Bacteria.p__Bacillota_A.c__Clostridia.o__Christensenellales.f__Aristaeellaceae.g__Alectryocaccomicrobium.s__Alectryocaccomicrobium.faecavium	Group	PD	-0.116093197682852	0.137374973746656	146	23	0.399538173379912	0.830657523796636
d__Bacteria.p__Bacillota_A.c__Clostridia.o__Christensenellales.f__Aristaeellaceae.g__Egerieenecus.s__Egerieenecus.merdigallinarum	Group	PD	0.170234494487919	0.201865723790862	146	37	0.400527531200865	0.830657523796636
d__Bacteria.p__Bacillota_A.c__Clostridia.o__Lachnospirales.f__Lachnospiraceae.g__Anthropogastromicrobium.s__Anthropogastromicrobium.sp934292725	Sex_Male1_Female2	Female	-0.264359429846646	0.315936966032885	146	94	0.404191752573177	0.830657523796636
d__Bacteria.p__Bacillota_A.c__Clostridia.o__Lachnospirales.f__Lachnospiraceae.g__Enterocloster.s__Enterocloster.bolteae	Sex_Male1_Female2	Female	0.151021026368399	0.17925629275598	146	34	0.400984011562905	0.830657523796636
d__Bacteria.p__Bacillota_A.c__Clostridia.o__Lachnospirales.f__Lachnospiraceae.g__Eubacterium_I.s__Eubacterium_I.ramulus_A	Group	PD	0.111840280097326	0.132460944855764	146	19	0.399958974115085	0.830657523796636
d__Bacteria.p__Bacillota_A.c__Clostridia.o__Lachnospirales.f__Lachnospiraceae.g__Gallintestinimicrobium.s__Gallintestinimicrobium.propionicum	Sex_Male1_Female2	Female	0.163174608845462	0.195229381667273	146	75	0.404717316013341	0.830657523796636
d__Bacteria.p__Bacillota_A.c__Clostridia.o__Lachnospirales.f__Lachnospiraceae.g__Pararoseburia.s__Pararoseburia.lenta	BMI	BMI	0.0497966593992606	0.0584899012013085	146	18	0.396048471177025	0.830657523796636
d__Bacteria.p__Bacillota_A.c__Clostridia.o__Oscillospirales.f__Ruminococcaceae.g__Anaerotruncus.s__Anaerotruncus.colihominis	Sex_Male1_Female2	Female	0.085642855671089	0.100334125707685	146	19	0.394829633501791	0.830657523796636
d__Bacteria.p__Bacillota_A.c__Clostridia.o__Oscillospirales.f__Ruminococcaceae.g__Anaerotruncus.s__Anaerotruncus.colihominis	BMI	BMI	-0.0419513135325234	0.0494128809067448	146	19	0.397364858513423	0.830657523796636
d__Bacteria.p__Bacillota_A.c__Clostridia.o__Oscillospirales.f__Ruminococcaceae.g__Anaerotruncus.s__Anaerotruncus.massiliensis	BMI	BMI	-0.0524932484976548	0.062784521904439	146	20	0.404562505972559	0.830657523796636
d__Bacteria.p__Bacillota_A.c__Clostridia.o__Oscillospirales.f__Ruminococcaceae.g__Faecalibacterium.s__Faecalibacterium.sp900539885	BMI	BMI	-0.10011532691814	0.119665359309291	146	53	0.404258938982721	0.830657523796636
d__Bacteria.p__Bacteroidota.c__Bacteroidia.o__Bacteroidales.f__Bacteroidaceae.g__Phocaeicola.s__Phocaeicola.dorei	BMI	BMI	-0.154279150986446	0.181143795681259	146	76	0.395870058435073	0.830657523796636
d__Bacteria.p__Bacteroidota.c__Bacteroidia.o__Bacteroidales.f__Bacteroidaceae.g__Phocaeicola.s__Phocaeicola.vulgatus	BMI	BMI	-0.135441463076674	0.162076455318131	146	114	0.404798995474543	0.830657523796636
d__Bacteria.p__Bacteroidota.c__Bacteroidia.o__Bacteroidales.f__Marinifilaceae.g__Odoribacter.s__Odoribacter.laneus	BMI	BMI	-0.0792564627432839	0.0948759098055426	146	22	0.404964051262709	0.830657523796636
d__Bacteria.p__Bacteroidota.c__Bacteroidia.o__Bacteroidales.f__Tannerellaceae.g__Parabacteroides.s__Parabacteroides.distasonis	Sex_Male1_Female2	Female	-0.220945784627233	0.259660750055849	146	117	0.396308707930435	0.830657523796636
d__Bacteria.p__Bacteroidota.c__Bacteroidia.o__Bacteroidales.f__Tannerellaceae.g__Parabacteroides.s__Parabacteroides.distasonis	BMI	BMI	-0.107727117995646	0.127878581969674	146	117	0.401022708688891	0.830657523796636
d__Bacteria.p__Bacillota_A.c__Clostridia.o__Oscillospirales.f__Oscillospiraceae.g__Scatomorpha.s__Scatomorpha.sp900545405	Sex_Male1_Female2	Female	-0.182636404984395	0.220343776394733	146	27	0.408619582620852	0.833414501866328
d__Bacteria.p__Bacteroidota.c__Bacteroidia.o__Bacteroidales.f__Bacteroidaceae.g__Bacteroides.s__Bacteroides.caccae	Group	PD	0.26553438321803	0.320031355920574	146	86	0.408144117595357	0.833414501866328
d__Bacteria.p__Bacteroidota.c__Bacteroidia.o__Bacteroidales.f__Bacteroidaceae.g__Bacteroides.s__Bacteroides.zhangwenhongii	BMI	BMI	-0.0599706630331622	0.0724544997078517	146	23	0.409279314196388	0.833414501866328
d__Bacteria.p__Pseudomonadota.c__Gammaproteobacteria.o__Burkholderiales.f__Burkholderiaceae.g__Sutterella.s__Sutterella.wadsworthensis	BMI	BMI	-0.0430270834378947	0.0519290243368898	146	15	0.408786208230099	0.833414501866328
d__Bacteria.p__Bacillota_A.c__Clostridia.o__Lachnospirales.f__Lachnospiraceae.g__AF33.28.s__AF33.28.sp003477885	Sex_Male1_Female2	Female	-0.0822443478123853	0.099972565677007	146	16	0.412125754512539	0.836296790704933
d__Bacteria.p__Bacillota_A.c__Clostridia.o__Lachnospirales.f__Lachnospiraceae.g__Blautia_A.s__Blautia_A.fusiformis	Group	PD	-0.297231446510923	0.362193911205503	146	122	0.413275981310327	0.836296790704933
d__Bacteria.p__Bacillota_A.c__Clostridia.o__Lachnospirales.f__Lachnospiraceae.g__Blautia_A.s__Blautia_A.intestinalis	BMI	BMI	0.103184785295809	0.125844760933177	146	80	0.413676220001103	0.836296790704933
d__Bacteria.p__Cyanobacteriota.c__Vampirovibrionia.o__Gastranaerophilales.f__Gastranaerophilaceae.g__CAG.196.s__CAG.196.sp002102975	Group	PD	-0.112617591317951	0.137003715622406	146	19	0.412502963878741	0.836296790704933
d__Bacteria.p__Bacillota_A.c__Clostridia.o__Lachnospirales.f__Lachnospiraceae.g__Massilistercora.s__Massilistercora.sp902406105	Group	PD	0.0716409757099759	0.0876355784419785	146	15	0.415069411189775	0.837604099559222
d__Bacteria.p__Bacillota_A.c__Clostridia.o__Lachnospirales.f__Anaerotignaceae.g__Anaerotignum.s__Anaerotignum.faecicola	Sex_Male1_Female2	Female	0.147342353547622	0.181008230314259	146	48	0.417052307577301	0.838589048569412
d__Bacteria.p__Bacillota_A.c__Clostridia.o__Oscillospirales.f__Ruminococcaceae.g__Faecalibacterium.s__Faecalibacterium.prausnitzii_I	BMI	BMI	-0.0818333881954973	0.100404191815911	146	63	0.416464284372036	0.838589048569412
d__Bacteria.p__Bacillota_A.c__Clostridia.o__Christensenellales.f__Aristaeellaceae.g__RUG11247.s__RUG11247.sp902767315	Sex_Male1_Female2	Female	-0.0636796887255696	0.0785337964006831	146	17	0.418854112856282	0.83915019740236
d__Bacteria.p__Bacillota_A.c__Clostridia.o__Lachnospirales.f__Lachnospiraceae.g__CAJJNI01.s__CAJJNI01.sp905193085	Sex_Male1_Female2	Female	-0.0719375916247114	0.0886624325244498	146	16	0.418563501667688	0.83915019740236
d__Bacteria.p__Bacillota_A.c__Clostridia.o__Oscillospirales.f__Ruminococcaceae.g__Gemmiger.s__Gemmiger.sp900539695	BMI	BMI	-0.0690915993246632	0.0853406117840844	146	65	0.41957509870118	0.83915019740236
d__Bacteria.p__Actinomycetota.c__Coriobacteriia.o__Coriobacteriales.f__Eggerthellaceae.g__Anaerotardibacter.s__Anaerotardibacter.sp000435675	Sex_Male1_Female2	Female	-0.220737016795536	0.273380288663624	146	52	0.42081513578164	0.839517258211593
d__Bacteria.p__Bacteroidota.c__Bacteroidia.o__Bacteroidales.f__Rikenellaceae.g__Alistipes.s__Alistipes.onderdonkii	BMI	BMI	-0.126757217144714	0.157136503634026	146	106	0.421255094806708	0.839517258211593
d__Bacteria.p__Bacillota_A.c__Clostridia.o__Lachnospirales.f__Lachnospiraceae.g__Butyribacter.s__Butyribacter.sp000436755	BMI	BMI	0.0391300650464806	0.0490884222239213	146	17	0.426752384758021	0.839691575883817
d__Bacteria.p__Bacillota_A.c__Clostridia.o__Lachnospirales.f__Lachnospiraceae.g__Dorea_D.s__Dorea_D.sp000433535	Group	PD	0.18807560064911	0.234810672165537	146	42	0.424537655227489	0.839691575883817
d__Bacteria.p__Bacillota_A.c__Clostridia.o__Lachnospirales.f__Lachnospiraceae.g__Eubacterium_I.s__Eubacterium_I.ramulus_A	BMI	BMI	0.0486527455518791	0.0612102976487669	146	19	0.428078058293711	0.839691575883817
d__Bacteria.p__Bacillota_A.c__Clostridia.o__Oscillospirales.f__Butyricicoccaceae.g__Agathobaculum.s__Agathobaculum.hominis	Sex_Male1_Female2	Female	-0.157670274188351	0.19607042948765	146	42	0.422702833720596	0.839691575883817
d__Bacteria.p__Bacillota_A.c__Clostridia.o__Oscillospirales.f__Oscillospiraceae.g__Hominicoprocola.s__Hominicoprocola.sp934835795	Group	PD	-0.214531928398419	0.267520970030318	146	89	0.423984763865278	0.839691575883817
d__Bacteria.p__Bacillota_A.c__Clostridia.o__Oscillospirales.f__Ruminococcaceae.g__Avimicrobium.s__Avimicrobium.caecorum	Sex_Male1_Female2	Female	0.0948797662163523	0.118828498970024	146	26	0.425985739337603	0.839691575883817
d__Bacteria.p__Bacillota_A.c__Clostridia.o__Oscillospirales.f__Ruminococcaceae.g__Gemmiger.s__Gemmiger.sp900540595	Sex_Male1_Female2	Female	-0.163361319604303	0.204800052254785	146	28	0.426446765709464	0.839691575883817
d__Bacteria.p__Bacillota_A.c__Clostridia.o__TANB77.f__CAG.508.g__Merdicola.s__Merdicola.sp018371855	Sex_Male1_Female2	Female	0.163270527144761	0.205214978754252	146	17	0.427636677701966	0.839691575883817
d__Bacteria.p__Bacillota_C.c__Negativicutes.o__Acidaminococcales.f__Acidaminococcaceae.g__Phascolarctobacterium.s__Phascolarctobacterium.faecium	Group	PD	-0.224649650789292	0.281336467875619	146	66	0.425957335933073	0.839691575883817
d__Bacteria.p__Bacillota_A.c__Clostridia.o__Oscillospirales.f__Oscillospiraceae.g__CAG.170.s__CAG.170.sp000432135	BMI	BMI	-0.0955636282606823	0.120563468836253	146	68	0.429357105962482	0.84073066821973
d__Bacteria.p__Bacillota_A.c__Clostridia.o__Lachnospirales.f__Lachnospiraceae.g__Dorea_A.s__Dorea_A.longicatena	Group	PD	-0.268837506149166	0.341013036762492	146	93	0.431854215209722	0.844147089660815
d__Bacteria.p__Bacillota_A.c__Clostridia.o__Christensenellales.f__Aristaeellaceae.g__Faecivicinus.s__Faecivicinus.avistercoris	BMI	BMI	-0.0596437952759173	0.0759333976370653	146	28	0.433531363699769	0.844773989412607
d__Bacteria.p__Bacteroidota.c__Bacteroidia.o__Bacteroidales.f__Tannerellaceae.g__Parabacteroides.s__Parabacteroides.johnsonii	BMI	BMI	-0.0494411194138037	0.0629647211583272	146	16	0.433680764618237	0.844773989412607
d__Bacteria.p__Bacteroidota.c__Bacteroidia.o__Bacteroidales.f__Rikenellaceae.g__Alistipes_A.s__Alistipes_A.indistinctus	Sex_Male1_Female2	Female	0.159088399717546	0.203289161036932	146	51	0.435229081389224	0.846320674729132
d__Bacteria.p__Actinomycetota.c__Actinomycetes.o__Actinomycetales.f__Bifidobacteriaceae.g__Bifidobacterium.s__Bifidobacterium.adolescentis	Sex_Male1_Female2	Female	-0.311359626674176	0.398751661636166	146	67	0.436246137612401	0.84683073771819
d__Bacteria.p__Bacillota_A.c__Clostridia.o__Lachnospirales.f__Lachnospiraceae.g__Eisenbergiella.s__Eisenbergiella.porci	BMI	BMI	-0.0420159463354619	0.0542363720783439	146	19	0.439862497591888	0.84902666673251
d__Bacteria.p__Bacillota_A.c__Clostridia.o__Oscillospirales.f__Oscillospiraceae.g__Faecousia.s__Faecousia.sp000435995	Group	PD	-0.179303904925268	0.231149496985118	146	50	0.439259960816428	0.84902666673251
d__Bacteria.p__Bacillota_A.c__Clostridia.o__TANB77.f__CAG.508.g__CAG.273.s__CAG.273.sp000438355	Sex_Male1_Female2	Female	-0.131523761841764	0.169401002742182	146	40	0.438848349835993	0.84902666673251
d__Bacteria.p__Pseudomonadota.c__Alphaproteobacteria.o__RF32.f__CAG.239.g__Scatacola_A.s__Scatacola_A.faecigallinarum	BMI	BMI	-0.0883258552240584	0.114151071772403	146	26	0.440404206807773	0.84902666673251
d__Bacteria.p__Bacillota_A.c__Clostridia.o__Christensenellales.f__Aristaeellaceae.g__Fimadaptatus.s__Fimadaptatus.sp900553645	Group	PD	-0.0679691816419153	0.0883846235369841	146	17	0.443207609798447	0.852156259192948
d__Bacteria.p__Bacillota_A.c__Clostridia.o__Lachnospirales.f__Lachnospiraceae.g__Hominiventricola.s__Hominiventricola.sp003480725	Sex_Male1_Female2	Female	-0.09770242212187	0.127143334529726	146	40	0.443546573412372	0.852156259192948
d__Bacteria.p__Bacillota_A.c__Clostridia.o__Oscillospirales.f__Butyricicoccaceae.g__Agathobaculum.s__Agathobaculum.butyriciproducens	BMI	BMI	0.0834586849421833	0.10885883775674	146	107	0.444597495931743	0.852715197325497
d__Bacteria.p__Bacillota_A.c__Clostridia.o__Oscillospirales.f__Acutalibacteraceae.g__Acutalibacter.s__Acutalibacter.timonensis	Group	PD	0.205120973866797	0.268760470215712	146	61	0.446649753985999	0.85373257916915
d__Bacteria.p__Bacillota_A.c__Clostridia.o__Oscillospirales.f__Ruminococcaceae.g__Ruminiclostridium_E.s__Ruminiclostridium_E.siraeum	Group	PD	-0.268693905345988	0.351984680340031	146	72	0.446556405031161	0.85373257916915
d__Bacteria.p__Actinomycetota.c__Actinomycetes.o__Actinomycetales.f__Bifidobacteriaceae.g__Bifidobacterium.s__Bifidobacterium.dentium	Group	PD	0.112074155952402	0.149592808151333	146	15	0.455024253247738	0.854579286755611
d__Bacteria.p__Actinomycetota.c__Coriobacteriia.o__Coriobacteriales.f__Coriobacteriaceae.g__Collinsella.s__Collinsella.sp023656745	Sex_Male1_Female2	Female	-0.223754495575331	0.3005159937285	146	111	0.457808396485823	0.854579286755611
d__Bacteria.p__Bacillota.c__Bacilli.o__Lactobacillales.f__Streptococcaceae.g__Streptococcus.s__Streptococcus.sp001556435	BMI	BMI	-0.102673828051006	0.139508657904662	146	113	0.463008748463952	0.854579286755611
d__Bacteria.p__Bacillota_A.c__Clostridia.o__Christensenellales.f__Aristaeellaceae.g__Pullichristensenella.s__Pullichristensenella.sp946496415	Sex_Male1_Female2	Female	-0.097085981761713	0.13021085757364	146	33	0.457182868089698	0.854579286755611
d__Bacteria.p__Bacillota_A.c__Clostridia.o__Christensenellales.f__Aristaeellaceae.g__Ventricola.s__Ventricola.sp900542445	Sex_Male1_Female2	Female	-0.167765651411706	0.227199824762418	146	80	0.461530999384693	0.854579286755611
d__Bacteria.p__Bacillota_A.c__Clostridia.o__Christensenellales.f__UMGS416.g__Parachristensenella.s__Parachristensenella.sp900542005	BMI	BMI	-0.0338022586290414	0.0459043209726559	146	17	0.462768627764745	0.854579286755611
d__Bacteria.p__Bacillota_A.c__Clostridia.o__Lachnospirales.f__CAG.274.g__CAG.274.s__CAG.274.sp900545305	Group	PD	-0.0830169218081508	0.113511114616476	146	17	0.465811422346186	0.854579286755611
d__Bacteria.p__Bacillota_A.c__Clostridia.o__Lachnospirales.f__Lachnospiraceae.g__Acetatifactor.s__Acetatifactor.intestinalis	BMI	BMI	-0.0963785721955386	0.129160896660987	146	50	0.456831135246064	0.854579286755611
d__Bacteria.p__Bacillota_A.c__Clostridia.o__Lachnospirales.f__Lachnospiraceae.g__Anaerostipes.s__Anaerostipes.amylophilus	Group	PD	-0.208203591613347	0.277448332909296	146	41	0.454286917000979	0.854579286755611
d__Bacteria.p__Bacillota_A.c__Clostridia.o__Lachnospirales.f__Lachnospiraceae.g__Blautia_A.s__Blautia_A.sp900066335	Sex_Male1_Female2	Female	-0.187684037186032	0.252774253570991	146	31	0.459057654748105	0.854579286755611
d__Bacteria.p__Bacillota_A.c__Clostridia.o__Lachnospirales.f__Lachnospiraceae.g__Brotaphodocola.s__	Group	PD	0.11635473600359	0.155353585059347	146	18	0.455160996008557	0.854579286755611
d__Bacteria.p__Bacillota_A.c__Clostridia.o__Lachnospirales.f__Lachnospiraceae.g__Eubacterium_F.s__Eubacterium_F.sp000433735	Sex_Male1_Female2	Female	-0.117887808250067	0.162037619947536	146	32	0.468140662336853	0.854579286755611
d__Bacteria.p__Bacillota_A.c__Clostridia.o__Lachnospirales.f__Lachnospiraceae.g__Faecalimonas.s__Faecalimonas.sp029983955	BMI	BMI	0.0631885469688104	0.0867838663715506	146	25	0.467786467552104	0.854579286755611
d__Bacteria.p__Bacillota_A.c__Clostridia.o__Lachnospirales.f__Lachnospiraceae.g__Lachnoclostridium_B.s__Lachnoclostridium_B.acetigenes	BMI	BMI	-0.0424048798665039	0.0562045546399746	146	19	0.451859527165062	0.854579286755611
d__Bacteria.p__Bacillota_A.c__Clostridia.o__Lachnospirales.f__Lachnospiraceae.g__Otoolea.s__Otoolea.fessa	BMI	BMI	0.0728073692105557	0.0996644336496738	146	84	0.466316719060167	0.854579286755611
d__Bacteria.p__Bacillota_A.c__Clostridia.o__Lachnospirales.f__Lachnospiraceae.g__Roseburia_B.s__Roseburia_B.zhanii	Sex_Male1_Female2	Female	-0.0848035083865778	0.112999902072784	146	20	0.45425616640204	0.854579286755611
d__Bacteria.p__Bacillota_A.c__Clostridia.o__Oscillospirales.f__Acutalibacteraceae.g__CAG.217.s__	Group	PD	-0.236762444404019	0.312037235867893	146	44	0.44929751215926	0.854579286755611
d__Bacteria.p__Bacillota_A.c__Clostridia.o__Oscillospirales.f__Oscillospiraceae.g__Pseudoscilispira.s__Pseudoscilispira.sp018369915	Group	PD	-0.0576214080861344	0.0790062746472917	146	15	0.467046729539628	0.854579286755611
d__Bacteria.p__Bacillota_A.c__Clostridia.o__Oscillospirales.f__Oscillospiraceae.g__Scatomorpha.s__Scatomorpha.sp900545405	BMI	BMI	-0.0805128211846146	0.108515629201336	146	27	0.459389669069846	0.854579286755611
d__Bacteria.p__Bacillota_A.c__Clostridia.o__Oscillospirales.f__Ruminococcaceae.g__Angelakisella.s__Angelakisella.sp900547385	BMI	BMI	0.0602940782319059	0.0814171918878282	146	40	0.460229366543208	0.854579286755611
d__Bacteria.p__Bacillota_A.c__Clostridia.o__Oscillospirales.f__Ruminococcaceae.g__Hominimerdicola.s__Hominimerdicola.aceti	BMI	BMI	0.128914964431116	0.171078426074136	146	83	0.452416712669877	0.854579286755611
d__Bacteria.p__Bacillota_A.c__Clostridia.o__Oscillospirales.f__Ruminococcaceae.g__UBA3818.s__UBA3818.sp900557155	BMI	BMI	-0.0520695081658869	0.0708341160440846	146	37	0.463540676442258	0.854579286755611
d__Bacteria.p__Bacillota_G.c__DTU025.o__DTUO25.f__HGM14224.g__HGM14224.s__HGM14224.sp900761905	Group	PD	0.0779515419544438	0.107030773081898	146	19	0.467667116311616	0.854579286755611
d__Bacteria.p__Bacillota_G.c__DTU025.o__DTUO25.f__HGM14224.g__HGM14224.s__HGM14224.sp900761905	BMI	BMI	-0.0359605201637562	0.0494589970277987	146	19	0.468419127767113	0.854579286755611
d__Bacteria.p__Bacteroidota.c__Bacteroidia.o__Bacteroidales.f__Bacteroidaceae.g__Bacteroides.s__Bacteroides.salyersiae	Group	PD	-0.0904552342652001	0.121758987966333	146	18	0.458811811748536	0.854579286755611
d__Bacteria.p__Bacteroidota.c__Bacteroidia.o__Bacteroidales.f__Bacteroidaceae.g__Bacteroides.s__Bacteroides.stercoris	Sex_Male1_Female2	Female	-0.232035399064388	0.318771624550391	146	49	0.467914098582617	0.854579286755611
d__Bacteria.p__Bacteroidota.c__Bacteroidia.o__Bacteroidales.f__Coprobacteraceae.g__Coprobacter.s__Coprobacter.fastidiosus	Group	PD	-0.102006115795913	0.139546935439439	146	19	0.46603928411222	0.854579286755611
d__Bacteria.p__Bacteroidota.c__Bacteroidia.o__Bacteroidales.f__Rikenellaceae.g__Alistipes.s__Alistipes.putredinis	Sex_Male1_Female2	Female	-0.270662832178997	0.369342114489465	146	113	0.46491766615409	0.854579286755611
d__Bacteria.p__Bacillota_A.c__Clostridia.o__Lachnospirales.f__Lachnospiraceae.g__Brotaphodocola.s__Brotaphodocola.sp003478505	Sex_Male1_Female2	Female	-0.0603938885599223	0.0837644955076708	146	22	0.472140357157269	0.859969936250739
d__Bacteria.p__Bacillota_A.c__Clostridia.o__Oscillospirales.f__Oscillospiraceae.g__CAG.170.s__CAG.170.sp002404795	Sex_Male1_Female2	Female	-0.13287618023768	0.184631167928949	146	44	0.472945249289034	0.860039821235487
d__Bacteria.p__Bacillota_A.c__Clostridia.o__Lachnospirales.f__Lachnospiraceae.g__Anaerobutyricum.s__Anaerobutyricum.hallii	Sex_Male1_Female2	Female	-0.201489831775344	0.28636888162957	146	113	0.482874511509355	0.862393913957201
d__Bacteria.p__Bacillota_A.c__Clostridia.o__Lachnospirales.f__Lachnospiraceae.g__Eubacterium_F.s__Eubacterium_F.sp900539115	BMI	BMI	0.0550938232116414	0.0792429593997557	146	31	0.488074986954387	0.862393913957201
d__Bacteria.p__Bacillota_A.c__Clostridia.o__Lachnospirales.f__Lachnospiraceae.g__Eubacterium_G.s__Eubacterium_G.segne	BMI	BMI	-0.0390708940767078	0.0552005409212392	146	27	0.480272416738629	0.862393913957201
d__Bacteria.p__Bacillota_A.c__Clostridia.o__Lachnospirales.f__Lachnospiraceae.g__UBA4285.s__UBA4285.sp900545225	BMI	BMI	0.0427719310532475	0.0613359615987591	146	21	0.486772644082543	0.862393913957201
d__Bacteria.p__Bacillota_A.c__Clostridia.o__Lachnospirales.f__Lachnospiraceae.g__UBA11774.s__UBA11774.sp003507655	BMI	BMI	0.0969387703705527	0.136967611668288	146	109	0.480303082227866	0.862393913957201
d__Bacteria.p__Bacillota_A.c__Clostridia.o__Lachnospirales.f__Lachnospiraceae.g__V9D3004.s__V9D3004.sp900760345	Sex_Male1_Female2	Female	-0.119249668930052	0.170162305314356	146	31	0.484616659357708	0.862393913957201
d__Bacteria.p__Bacillota_A.c__Clostridia.o__Oscillospirales.f__Acutalibacteraceae.g__Ruminococcus_E.s__Ruminococcus_E.intestinalis	BMI	BMI	0.098800829475389	0.141537733798107	146	19	0.486327208771515	0.862393913957201
d__Bacteria.p__Bacillota_A.c__Clostridia.o__Oscillospirales.f__Oscillospiraceae.g__Vescimonas.s__Vescimonas.sp000435555	Sex_Male1_Female2	Female	-0.224595241490824	0.322283544314025	146	60	0.487054265901095	0.862393913957201
d__Bacteria.p__Bacillota_A.c__Clostridia.o__Oscillospirales.f__Ruminococcaceae.g__Angelakisella.s__Angelakisella.sp900547385	Group	PD	0.123477860846521	0.17618927826243	146	40	0.484600797125657	0.862393913957201
d__Bacteria.p__Bacillota_A.c__Clostridia.o__Oscillospirales.f__Ruminococcaceae.g__Faecalibacterium.s__Faecalibacterium.prausnitzii_D	Sex_Male1_Female2	Female	-0.204116724758855	0.290518065612571	146	107	0.483499885014954	0.862393913957201
d__Bacteria.p__Bacillota_A.c__Clostridia.o__Oscillospirales.f__Ruminococcaceae.g__Gemmiger.s__Gemmiger.sp900540775	BMI	BMI	0.0885793359057984	0.127331883194433	146	33	0.487821938295177	0.862393913957201
d__Bacteria.p__Bacillota_A.c__Clostridia.o__Oscillospirales.f__Ruminococcaceae.g__Ruminococcus_C.s__Ruminococcus_C.callidus	BMI	BMI	-0.0727136266829735	0.103687411293642	146	20	0.484319476945366	0.862393913957201
d__Bacteria.p__Bacillota_A.c__Clostridia.o__Oscillospirales.f__UBA644.g__UBA644.s__UBA644.sp900547165	Group	PD	0.0742545267338647	0.106342525903906	146	15	0.486199337268608	0.862393913957201
d__Bacteria.p__Bacillota_A.c__Clostridia.o__TANB77.f__CAG.508.g__CAG.245.s__CAG.245.sp000435175	Sex_Male1_Female2	Female	0.0967523117144342	0.138988166565359	146	30	0.487533561421207	0.862393913957201
d__Bacteria.p__Bacillota_A.c__Clostridia.o__TANB77.f__CAG.508.g__CAG.269.s__CAG.269.sp003525075	BMI	BMI	0.0528000498143658	0.0743009282916047	146	29	0.478525037905683	0.862393913957201
d__Bacteria.p__Bacillota_I.c__Bacilli_A.o__Erysipelotrichales.f__Erysipelotrichaceae.g__Merdibacter.s__Merdibacter.merdipullorum	Group	PD	0.0935310547246009	0.130953226278129	146	18	0.476298544981993	0.862393913957201
d__Bacteria.p__Bacteroidota.c__Bacteroidia.o__Bacteroidales.f__Bacteroidaceae.g__Bacteroides.s__Bacteroides.eggerthii	Sex_Male1_Female2	Female	0.183731874889382	0.262318904997866	146	27	0.484856482230954	0.862393913957201
d__Bacteria.p__Bacteroidota.c__Bacteroidia.o__Bacteroidales.f__Tannerellaceae.g__Parabacteroides.s__Parabacteroides.distasonis	Group	PD	0.195658704011256	0.276733138788445	146	117	0.48074855028288	0.862393913957201
d__Bacteria.p__Actinomycetota.c__Actinomycetes.o__Actinomycetales.f__Bifidobacteriaceae.g__Bifidobacterium.s__Bifidobacterium.infantis	BMI	BMI	-0.13904707819526	0.203656747590233	146	87	0.49591636593222	0.863101772961691
d__Bacteria.p__Actinomycetota.c__Coriobacteriia.o__Coriobacteriales.f__Eggerthellaceae.g__CAJFUR01.s__CAJFUR01.sp904420575	BMI	BMI	-0.0476575699538422	0.0716313722020214	146	31	0.506966284654867	0.863101772961691
d__Bacteria.p__Bacillota_A.c__Clostridia.o__Christensenellales.f__Aristaeellaceae.g__Limiplasma.s__Limiplasma.merdipullorum	Sex_Male1_Female2	Female	-0.162340398185479	0.241119908905992	146	51	0.501905519578475	0.863101772961691
d__Bacteria.p__Bacillota_A.c__Clostridia.o__Christensenellales.f__Aristaeellaceae.g__UBA11524.s__UBA11524.sp000437595	Group	PD	-0.263891091414236	0.385910796857377	146	56	0.495247790034101	0.863101772961691
d__Bacteria.p__Bacillota_A.c__Clostridia.o__Lachnospirales.f__Lachnospiraceae.g__Blautia_A.s__Blautia_A.acetigignens	BMI	BMI	0.075191460999717	0.111586896829411	146	56	0.501549789540759	0.863101772961691
d__Bacteria.p__Bacillota_A.c__Clostridia.o__Lachnospirales.f__Lachnospiraceae.g__Blautia_A.s__Blautia_A.sp000436615	Group	PD	-0.181494756775382	0.272758281369737	146	41	0.506910112525676	0.863101772961691
d__Bacteria.p__Bacillota_A.c__Clostridia.o__Lachnospirales.f__Lachnospiraceae.g__Blautia_A.s__Blautia_A.sp900551715	Group	PD	-0.0776815736926741	0.112278956771145	146	20	0.490194702804478	0.863101772961691
d__Bacteria.p__Bacillota_A.c__Clostridia.o__Lachnospirales.f__Lachnospiraceae.g__CAG.194.s__CAG.194.sp000432915	Sex_Male1_Female2	Female	-0.145930434838275	0.219723238247007	146	32	0.507706925271583	0.863101772961691
d__Bacteria.p__Bacillota_A.c__Clostridia.o__Lachnospirales.f__Lachnospiraceae.g__Eubacterium_G.s__Eubacterium_G.sp000435815	Sex_Male1_Female2	Female	-0.0897877677303852	0.130027999276125	146	24	0.491031441646827	0.863101772961691
d__Bacteria.p__Bacillota_A.c__Clostridia.o__Lachnospirales.f__Lachnospiraceae.g__Hominiventricola.s__Hominiventricola.filiformis	Sex_Male1_Female2	Female	-0.101192136590893	0.150793874651745	146	41	0.503310458406475	0.863101772961691
d__Bacteria.p__Bacillota_A.c__Clostridia.o__Lachnospirales.f__Lachnospiraceae.g__Lachnoclostridium_B.s__Lachnoclostridium_B.acetigenes	Group	PD	-0.0829521419726772	0.121628364814175	146	19	0.49638207204249	0.863101772961691
d__Bacteria.p__Bacillota_A.c__Clostridia.o__Lachnospirales.f__Lachnospiraceae.g__Lachnospira.s__Lachnospira.eligens	Sex_Male1_Female2	Female	-0.182918836185961	0.272988673794209	146	90	0.503947299108707	0.863101772961691
d__Bacteria.p__Bacillota_A.c__Clostridia.o__Lachnospirales.f__Lachnospiraceae.g__Limivivens.s__Limivivens.sp905214955	BMI	BMI	-0.0503517416908774	0.0734048373110686	146	56	0.493906458937065	0.863101772961691
d__Bacteria.p__Bacillota_A.c__Clostridia.o__Lachnospirales.f__Lachnospiraceae.g__UBA3402.s__UBA3402.sp003478355	Sex_Male1_Female2	Female	-0.0931881426897167	0.137426011302955	146	29	0.498853999325384	0.863101772961691
d__Bacteria.p__Bacillota_A.c__Clostridia.o__Monoglobales.f__Monoglobaceae.g__Monoglobus.s__Monoglobus.pectinilyticus	BMI	BMI	-0.0751189796947835	0.110205474563143	146	62	0.496625771028043	0.863101772961691
d__Bacteria.p__Bacillota_A.c__Clostridia.o__Oscillospirales.f__Ruminococcaceae.g__Anaerotruncus.s__Anaerotruncus.rubiinfantis	BMI	BMI	-0.0290965152682663	0.0432318730565306	146	19	0.502059456586932	0.863101772961691
d__Bacteria.p__Bacillota_A.c__Clostridia.o__Oscillospirales.f__Ruminococcaceae.g__Faecalibacterium.s__Faecalibacterium.prausnitzii_D	BMI	BMI	0.0967908257208519	0.14307529443367	146	107	0.499862076252118	0.863101772961691
d__Bacteria.p__Bacillota_A.c__Clostridia.o__Oscillospirales.f__Ruminococcaceae.g__Negativibacillus.s__Negativibacillus.massiliensis	Sex_Male1_Female2	Female	0.108485636535202	0.157689476447477	146	25	0.492634828715066	0.863101772961691
d__Bacteria.p__Bacillota_A.c__Clostridia.o__Oscillospirales.f__Ruminococcaceae.g__Negativibacillus.s__Negativibacillus.massiliensis	BMI	BMI	-0.0517753134391955	0.0776594330691353	146	25	0.5060869186008	0.863101772961691
d__Bacteria.p__Bacillota_A.c__Clostridia.o__Oscillospirales.f__Ruminococcaceae.g__Porcipelethomonas.s__Porcipelethomonas.ammoniilytica	Group	PD	-0.149595811707702	0.222309380654911	146	26	0.502133442436121	0.863101772961691
d__Bacteria.p__Bacillota_A.c__Clostridia.o__Oscillospirales.f__Ruminococcaceae.g__Zongyangia.s__Zongyangia.gallinarum	Group	PD	0.0907892531117885	0.134045959795475	146	23	0.499358114763861	0.863101772961691
d__Bacteria.p__Bacillota_A.c__Clostridia.o__TANB77.f__CAG.508.g__CAG.273.s__CAG.273.sp003534295	Group	PD	0.143935963370559	0.215093769208777	146	19	0.504508226487786	0.863101772961691
d__Bacteria.p__Bacillota_I.c__Bacilli_A.o__Erysipelotrichales.f__Coprobacillaceae.g__Thomasclavelia.s__Thomasclavelia.spiroformis	Sex_Male1_Female2	Female	-0.0830131440385776	0.124417263014331	146	21	0.505756664369412	0.863101772961691
d__Bacteria.p__Bacillota_I.c__Bacilli_A.o__Erysipelotrichales.f__Erysipelotrichaceae.g__Clostridium_AQ.s__Clostridium_AQ.innocuum	BMI	BMI	-0.0600788681039297	0.0881780492691509	146	34	0.496809078110732	0.863101772961691
d__Bacteria.p__Bacteroidota.c__Bacteroidia.o__Bacteroidales.f__Bacteroidaceae.g__Bacteroides.s__Bacteroides.clarus	BMI	BMI	-0.0660195780071988	0.0968903532246475	146	23	0.49677845686745	0.863101772961691
d__Bacteria.p__Actinomycetota.c__Coriobacteriia.o__Coriobacteriales.f__Eggerthellaceae.g__Anaerotardibacter.s__Anaerotardibacter.sp000435675	BMI	BMI	-0.0874277265215849	0.134635225559678	146	52	0.517188138011447	0.863428202212529
d__Bacteria.p__Actinomycetota.c__Coriobacteriia.o__Coriobacteriales.f__QAMH01.g__QAMH01.s__QAMH01.sp900544245	Group	PD	-0.120075598618261	0.197779283605611	146	33	0.544776711602679	0.863428202212529
d__Bacteria.p__Bacillota.c__Bacilli.o__Lactobacillales.f__Streptococcaceae.g__Streptococcus.s__Streptococcus.sp902463925	BMI	BMI	-0.0690833471199744	0.106652398488097	146	23	0.518235197420306	0.863428202212529
d__Bacteria.p__Bacillota_A.c__Clostridia.o__Christensenellales.f__Aristaeellaceae.g__Egerieenecus.s__Egerieenecus.sp900553315	BMI	BMI	-0.0273481012375998	0.0458790248096093	146	18	0.552097632151159	0.863428202212529
d__Bacteria.p__Bacillota_A.c__Clostridia.o__Christensenellales.f__Aristaeellaceae.g__Faecivicinus.s__Faecivicinus.avistercoris	Group	PD	0.10015881527941	0.164322180800843	146	28	0.543184702379226	0.863428202212529
d__Bacteria.p__Bacillota_A.c__Clostridia.o__Christensenellales.f__Aristaeellaceae.g__Pullichristensenella.s__Pullichristensenella.stercorigallinarum	BMI	BMI	-0.0367705168285941	0.0612765139496989	146	23	0.549447395205194	0.863428202212529
d__Bacteria.p__Bacillota_A.c__Clostridia.o__Christensenellales.f__Aristaeellaceae.g__Pullichristensenella.s__Pullichristensenella.stercoripullorum	BMI	BMI	0.0483391350887995	0.0785374391683501	146	49	0.539251229761258	0.863428202212529
d__Bacteria.p__Bacillota_A.c__Clostridia.o__Christensenellales.f__CAG.138.g__SFEL01.s__SFEL01.sp004557245	Group	PD	0.139517555268197	0.233102107720109	146	48	0.550477639883933	0.863428202212529
d__Bacteria.p__Bacillota_A.c__Clostridia.o__Christensenellales.f__QAND01.g__QAND01.s__QAND01.sp003150225	BMI	BMI	-0.0431327419384552	0.0667406819929512	146	25	0.519183318247812	0.863428202212529
d__Bacteria.p__Bacillota_A.c__Clostridia.o__Christensenellales.f__UMGS416.g__Parachristensenella.s__Parachristensenella.sp900542005	Group	PD	0.0632244129289216	0.0993383460392754	146	17	0.525541676235046	0.863428202212529
d__Bacteria.p__Bacillota_A.c__Clostridia.o__Clostridiales.f__Clostridiaceae.g__Clostridium.s__Clostridium.saudiense	Sex_Male1_Female2	Female	-0.0897990341083571	0.145602625039715	146	30	0.538429458190922	0.863428202212529
d__Bacteria.p__Bacillota_A.c__Clostridia.o__Clostridiales.f__Clostridiaceae.g__Clostridium.s__Clostridium.sp900540255	Group	PD	0.0835498604986266	0.127128151574341	146	19	0.512148652033047	0.863428202212529
d__Bacteria.p__Bacillota_A.c__Clostridia.o__Lachnospirales.f__Lachnospiraceae.g__Acetatifactor.s__Acetatifactor.intestinalis	Sex_Male1_Female2	Female	-0.159777718240796	0.262264523020996	146	50	0.543385257020178	0.863428202212529
d__Bacteria.p__Bacillota_A.c__Clostridia.o__Lachnospirales.f__Lachnospiraceae.g__Blautia_A.s__Blautia_A.luti	Group	PD	-0.102500098302393	0.171507210723844	146	37	0.551064697580226	0.863428202212529
d__Bacteria.p__Bacillota_A.c__Clostridia.o__Lachnospirales.f__Lachnospiraceae.g__Blautia_A.s__Blautia_A.sp900551715	BMI	BMI	-0.0334251356704966	0.0518841864757827	146	20	0.520506109334163	0.863428202212529
d__Bacteria.p__Bacillota_A.c__Clostridia.o__Lachnospirales.f__Lachnospiraceae.g__Brotaphodocola.s__	Sex_Male1_Female2	Female	0.0887125321884248	0.14576941741413	146	18	0.543809771772202	0.863428202212529
d__Bacteria.p__Bacillota_A.c__Clostridia.o__Lachnospirales.f__Lachnospiraceae.g__Choladousia.s__Choladousia.sp902363665	Group	PD	0.14524124728035	0.225838984474515	146	61	0.521222129327519	0.863428202212529
d__Bacteria.p__Bacillota_A.c__Clostridia.o__Lachnospirales.f__Lachnospiraceae.g__Choladousia.s__Choladousia.sp902363665	BMI	BMI	0.0657165855790918	0.10436035674842	146	61	0.5299342117766	0.863428202212529
d__Bacteria.p__Bacillota_A.c__Clostridia.o__Lachnospirales.f__Lachnospiraceae.g__Dorea.s__Dorea.formicigenerans	Group	PD	-0.132553367903204	0.218512683648516	146	113	0.545109466422176	0.863428202212529
d__Bacteria.p__Bacillota_A.c__Clostridia.o__Lachnospirales.f__Lachnospiraceae.g__Dorea_D.s__Dorea_D.hominis	Group	PD	0.104430802714868	0.163345225084859	146	44	0.523678616280032	0.863428202212529
d__Bacteria.p__Bacillota_A.c__Clostridia.o__Lachnospirales.f__Lachnospiraceae.g__Dorea_D.s__Dorea_D.sp000433535	BMI	BMI	-0.0672766447767813	0.108506180066963	146	42	0.536270648165336	0.863428202212529
d__Bacteria.p__Bacillota_A.c__Clostridia.o__Lachnospirales.f__Lachnospiraceae.g__Eubacterium_F.s__Eubacterium_F.sp003491505	Sex_Male1_Female2	Female	-0.166561189494626	0.263580429259688	146	83	0.528493617402079	0.863428202212529
d__Bacteria.p__Bacillota_A.c__Clostridia.o__Lachnospirales.f__Lachnospiraceae.g__Hungatella.s__Hungatella.effluvii	Sex_Male1_Female2	Female	0.087237763666949	0.145222264623689	146	16	0.549019730874637	0.863428202212529
d__Bacteria.p__Bacillota_A.c__Clostridia.o__Lachnospirales.f__Lachnospiraceae.g__Limivivens.s__Limivivens.faecihominis	Sex_Male1_Female2	Female	0.101327429455648	0.168387998510831	146	75	0.548335268676146	0.863428202212529
d__Bacteria.p__Bacillota_A.c__Clostridia.o__Lachnospirales.f__Lachnospiraceae.g__Limivivens.s__Limivivens.sp934393555	BMI	BMI	-0.0402411657607525	0.0665591444756991	146	34	0.546449737903707	0.863428202212529
d__Bacteria.p__Bacillota_A.c__Clostridia.o__Lachnospirales.f__Lachnospiraceae.g__Muricoprocola.s__Muricoprocola.aceti	BMI	BMI	-0.0330407235767466	0.0524195047797208	146	17	0.529539424307657	0.863428202212529
d__Bacteria.p__Bacillota_A.c__Clostridia.o__Oscillospirales.f__Acutalibacteraceae.g__UMGS1071.s__UMGS1071.sp900542375	BMI	BMI	0.0584760979080515	0.0927178423603581	146	61	0.529294761185642	0.863428202212529
d__Bacteria.p__Bacillota_A.c__Clostridia.o__Oscillospirales.f__CAG.272.g__UMGS911.s__UMGS911.sp003343545	Group	PD	-0.0653876697788179	0.1022693157719	146	18	0.523651564950198	0.863428202212529
d__Bacteria.p__Bacillota_A.c__Clostridia.o__Oscillospirales.f__Oscillospiraceae.g__CAG.103.s__CAG.103.sp900317855	BMI	BMI	-0.108046200958518	0.16746832572561	146	36	0.519893460451894	0.863428202212529
d__Bacteria.p__Bacillota_A.c__Clostridia.o__Oscillospirales.f__Oscillospiraceae.g__CAG.103.s__CAG.103.sp905215475	Group	PD	-0.178563032640082	0.299884742233842	146	51	0.552532485907839	0.863428202212529
d__Bacteria.p__Bacillota_A.c__Clostridia.o__Oscillospirales.f__Oscillospiraceae.g__CAG.170.s__CAG.170.sp002404795	BMI	BMI	0.0572906150638775	0.0909277660835549	146	44	0.529700009280412	0.863428202212529
d__Bacteria.p__Bacillota_A.c__Clostridia.o__Oscillospirales.f__Oscillospiraceae.g__Evtepia.s__Evtepia.excrementipullorum	Sex_Male1_Female2	Female	-0.135444850758747	0.223340203528315	146	33	0.545219029975339	0.863428202212529
d__Bacteria.p__Bacillota_A.c__Clostridia.o__Oscillospirales.f__Oscillospiraceae.g__Evtepia.s__Evtepia.sp004556345	Sex_Male1_Female2	Female	-0.0750060353115509	0.119733232349397	146	19	0.532066882476945	0.863428202212529
d__Bacteria.p__Bacillota_A.c__Clostridia.o__Oscillospirales.f__Oscillospiraceae.g__Faecousia.s__Faecousia.sp003525905	Sex_Male1_Female2	Female	0.159670769739058	0.267795422770803	146	85	0.551997727492055	0.863428202212529
d__Bacteria.p__Bacillota_A.c__Clostridia.o__Oscillospirales.f__Oscillospiraceae.g__Hominicoprocola.s__Hominicoprocola.sp003522105	Group	PD	-0.0963012029066622	0.145337146306896	146	16	0.508696396426251	0.863428202212529
d__Bacteria.p__Bacillota_A.c__Clostridia.o__Oscillospirales.f__Oscillospiraceae.g__Hominicoprocola.s__Hominicoprocola.sp900317525	BMI	BMI	0.070375492108154	0.112183655084935	146	64	0.531491047356077	0.863428202212529
d__Bacteria.p__Bacillota_A.c__Clostridia.o__Oscillospirales.f__Oscillospiraceae.g__Hominicoprocola.s__Hominicoprocola.sp934835795	BMI	BMI	0.0785812351023871	0.123621632177495	146	89	0.526058925321291	0.863428202212529
d__Bacteria.p__Bacillota_A.c__Clostridia.o__Oscillospirales.f__Oscillospiraceae.g__Lawsonibacter.s__Lawsonibacter.sp900066825	Sex_Male1_Female2	Female	0.0693616814260063	0.110613091522424	146	16	0.531659763744362	0.863428202212529
d__Bacteria.p__Bacillota_A.c__Clostridia.o__Oscillospirales.f__Oscillospiraceae.g__Scatomorpha.s__Scatomorpha.intestinigallinarum	Sex_Male1_Female2	Female	0.111577316647094	0.176769664564	146	23	0.52896032607721	0.863428202212529
d__Bacteria.p__Bacillota_A.c__Clostridia.o__Oscillospirales.f__Oscillospiraceae.g__UBA738.s__UBA738.sp003522945	BMI	BMI	-0.057576955086452	0.0874360970267951	146	41	0.511319935890601	0.863428202212529
d__Bacteria.p__Bacillota_A.c__Clostridia.o__Oscillospirales.f__Ruminococcaceae.g__Gemmiger.s__Gemmiger.sp900540775	Group	PD	-0.167078194949621	0.27555006601962	146	33	0.545289584856278	0.863428202212529
d__Bacteria.p__Bacillota_A.c__Clostridia.o__Oscillospirales.f__Ruminococcaceae.g__Negativibacillus.s__Negativibacillus.faecipullorum	Sex_Male1_Female2	Female	0.0605652725303326	0.0967313654536937	146	17	0.532279170410847	0.863428202212529
d__Bacteria.p__Bacillota_A.c__Clostridia.o__Peptostreptococcales.f__Anaerovoracaceae.g__Fimisoma.s__Fimisoma.sp000435715	Group	PD	0.11345110406678	0.176866823130853	146	25	0.522302500902344	0.863428202212529
d__Bacteria.p__Bacillota_A.c__Clostridia.o__Peptostreptococcales.f__Anaerovoracaceae.g__Hominibacterium.s__Hominibacterium.hominis	Sex_Male1_Female2	Female	-0.0950352591966008	0.158312433493212	146	42	0.54929675176649	0.863428202212529
d__Bacteria.p__Bacillota_A.c__Clostridia.o__Peptostreptococcales.f__Anaerovoracaceae.g__Hominibacterium.s__Hominibacterium.hominis	BMI	BMI	0.0495801058026289	0.0779662290081421	146	42	0.525890952734239	0.863428202212529
d__Bacteria.p__Bacillota_A.c__Clostridia.o__Peptostreptococcales.f__Peptostreptococcaceae.g__Romboutsia.s__Romboutsia.timonensis	Sex_Male1_Female2	Female	0.146508555643626	0.233212271851316	146	80	0.530905869066424	0.863428202212529
d__Bacteria.p__Bacillota_A.c__Clostridia.o__TANB77.f__CAG.508.g__CAG.245.s__CAG.245.sp000435175	Group	PD	-0.0899107431493867	0.148126474947832	146	30	0.544864633426086	0.863428202212529
d__Bacteria.p__Bacillota_A.c__Clostridia.o__TANB77.f__CAG.508.g__CAG.269.s__CAG.269.sp000437215	Group	PD	-0.0793441335612356	0.120356935559864	146	16	0.510848100401455	0.863428202212529
d__Bacteria.p__Bacillota_I.c__Bacilli_A.o__Erysipelotrichales.f__Erysipelotrichaceae.g__Holdemanella.s__Holdemanella.porci	Group	PD	0.120784891324602	0.186072878698763	146	17	0.51734316095295	0.863428202212529
d__Bacteria.p__Bacteroidota.c__Bacteroidia.o__Bacteroidales.f__Bacteroidaceae.g__Bacteroides.s__Bacteroides.caccae	Sex_Male1_Female2	Female	0.186302064714446	0.300287787301304	146	86	0.53601743357866	0.863428202212529
d__Bacteria.p__Bacteroidota.c__Bacteroidia.o__Bacteroidales.f__Bacteroidaceae.g__Bacteroides.s__Bacteroides.clarus	Group	PD	0.131010649780187	0.20967366976697	146	23	0.533121130878689	0.863428202212529
d__Bacteria.p__Bacteroidota.c__Bacteroidia.o__Bacteroidales.f__Bacteroidaceae.g__Bacteroides.s__Bacteroides.uniformis	Group	PD	0.188957469766702	0.30335524267709	146	137	0.534391180297919	0.863428202212529
d__Bacteria.p__Bacteroidota.c__Bacteroidia.o__Bacteroidales.f__Bacteroidaceae.g__Bacteroides.s__Bacteroides.xylanisolvens	BMI	BMI	-0.083884215209608	0.138577589002175	146	61	0.545965759662257	0.863428202212529
d__Bacteria.p__Bacteroidota.c__Bacteroidia.o__Bacteroidales.f__Marinifilaceae.g__Butyricimonas.s__Butyricimonas.paravirosa	BMI	BMI	-0.0487745647336459	0.0764601982429275	146	40	0.52459841452863	0.863428202212529
d__Bacteria.p__Bacteroidota.c__Bacteroidia.o__Bacteroidales.f__Rikenellaceae.g__Alistipes.s__Alistipes.senegalensis	BMI	BMI	-0.0426031636423676	0.0697818495762215	146	29	0.542529365012246	0.863428202212529
d__Bacteria.p__Desulfobacterota.c__Desulfovibrionia.o__Desulfovibrionales.f__Desulfovibrionaceae.g__Bilophila.s__Bilophila.wadsworthia	BMI	BMI	0.0605066814939574	0.0961353041167537	146	92	0.530141360856363	0.863428202212529
d__Bacteria.p__Pseudomonadota.c__Gammaproteobacteria.o__Burkholderiales.f__Burkholderiaceae.g__Sutterella.s__Sutterella.wadsworthensis	Sex_Male1_Female2	Female	0.0640637424776548	0.105443219664282	146	15	0.544480946609531	0.863428202212529
d__Bacteria.p__Verrucomicrobiota.c__Verrucomicrobiae.o__Verrucomicrobiales.f__Akkermansiaceae.g__Akkermansia.s__Akkermansia.muciniphila	BMI	BMI	0.14487309918925	0.219962646708294	146	54	0.511241393080179	0.863428202212529
d__Bacteria.p__Bacillota_A.c__Clostridia.o__Christensenellales.f__CAG.138.g__PeH17.s__PeH17.sp000435055	BMI	BMI	-0.0814917059668973	0.13740450578467	146	52	0.554106176854907	0.864683074313221
d__Bacteria.p__Bacillota_A.c__Clostridia.o__Christensenellales.f__Aristaeellaceae.g__Limiplasma.s__Limiplasma.sp900548145	Sex_Male1_Female2	Female	0.0787790814393458	0.133480024195965	146	17	0.556032973643775	0.866146081152896
d__Bacteria.p__Bacillota_A.c__Clostridia.o__Oscillospirales.f__Oscillospiraceae.g__CAG.170.s__CAG.170.sp900553545	BMI	BMI	-0.029474592255578	0.0500108294492053	146	17	0.556587633254223	0.866146081152896
d__Bacteria.p__Bacillota_A.c__Clostridia.o__Oscillospirales.f__Oscillospiraceae.g__Onthomonas.s__Onthomonas.sp003150485	Sex_Male1_Female2	Female	-0.104199310349787	0.17874687618029	146	32	0.560889721246819	0.87042637239133
d__Bacteria.p__Bacteroidota.c__Bacteroidia.o__Bacteroidales.f__Tannerellaceae.g__Parabacteroides.s__Parabacteroides.segnis	Group	PD	0.0838265634167451	0.143582533772933	146	25	0.560300440943571	0.87042637239133
d__Bacteria.p__Bacillota_A.c__Clostridia.o__Lachnospirales.f__Lachnospiraceae.g__Blautia_A.s__Blautia_A.sp000436615	Sex_Male1_Female2	Female	-0.148678515233271	0.255931111953144	146	41	0.562240891917399	0.871318067308455
d__Bacteria.p__Actinomycetota.c__Coriobacteriia.o__Coriobacteriales.f__Eggerthellaceae.g__Anaerotardibacter.s__Anaerotardibacter.sp000436075	Group	PD	0.134613052460274	0.233162022471965	146	37	0.564659424782914	0.871556910402323
d__Bacteria.p__Bacillota_A.c__Clostridia.o__Lachnospirales.f__Lachnospiraceae.g__Bariatricus.s__Bariatricus.comes_A	Sex_Male1_Female2	Female	-0.138964261460164	0.239890194195076	146	120	0.563349671723366	0.871556910402323
d__Bacteria.p__Bacillota_A.c__Clostridia.o__Lachnospirales.f__Lachnospiraceae.g__Enterocloster.s__Enterocloster.sp000431375	Sex_Male1_Female2	Female	0.128311743100621	0.222285285745571	146	64	0.564725377774054	0.871556910402323
d__Bacteria.p__Bacillota_A.c__Clostridia.o__Lachnospirales.f__Lachnospiraceae.g__Coprococcus.s__Coprococcus.aceti	BMI	BMI	-0.10436317870372	0.181561179583273	146	42	0.566362552429869	0.871825826933619
d__Bacteria.p__Bacillota_A.c__Clostridia.o__Lachnospirales.f__Lachnospiraceae.g__Hominiventricola.s__Hominiventricola.sp003480725	BMI	BMI	0.035974008901232	0.0626159684244159	146	40	0.566559418310197	0.871825826933619
d__Bacteria.p__Bacillota_A.c__Clostridia.o__Lachnospirales.f__Lachnospiraceae.g__Scatomonas.s__Scatomonas.merdavium	Sex_Male1_Female2	Female	-0.0636778093131144	0.111243128783438	146	19	0.567975535083988	0.871825826933619
d__Bacteria.p__Bacteroidota.c__Bacteroidia.o__Bacteroidales.f__Bacteroidaceae.g__Bacteroides.s__Bacteroides.cellulosilyticus	Group	PD	-0.19650906567425	0.343323747825302	146	70	0.568007735729479	0.871825826933619
d__Bacteria.p__Bacillota_A.c__Clostridia.o__Oscillospirales.f__Acutalibacteraceae.g__Ruminococcus_E.s__Ruminococcus_E.intestinalis	Group	PD	-0.173993901648469	0.306291958572407	146	19	0.570920340812346	0.875099210917284
d__Bacteria.p__Bacillota_A.c__Clostridia.o__Oscillospirales.f__Oscillospiraceae.g__Lawsonibacter_A.s__Lawsonibacter_A.hominis	BMI	BMI	-0.0371153946753141	0.0655432295672787	146	31	0.572134313881573	0.875763574590894
d__Bacteria.p__Bacillota_A.c__Clostridia.o__Lachnospirales.f__Lachnospiraceae.g__Blautia_A.s__Blautia_A.caecimuris	Sex_Male1_Female2	Female	0.154178303870648	0.275239744932971	146	36	0.57628510658644	0.877278508028227
d__Bacteria.p__Bacillota_A.c__Clostridia.o__Lachnospirales.f__Lachnospiraceae.g__Blautia_A.s__Blautia_A.sp003474435	Sex_Male1_Female2	Female	-0.072641941749284	0.130316461051731	146	18	0.57814520748174	0.877278508028227
d__Bacteria.p__Bacillota_A.c__Clostridia.o__Lachnospirales.f__Lachnospiraceae.g__Choladousia.s__Choladousia.sp902363665	Sex_Male1_Female2	Female	0.118720904998492	0.211906388794779	146	61	0.576222791535744	0.877278508028227
d__Bacteria.p__Bacillota_A.c__Clostridia.o__Oscillospirales.f__Oscillospiraceae.g__Hominicoprocola.s__Hominicoprocola.sp934835795	Sex_Male1_Female2	Female	-0.139183052968141	0.251016904003119	146	89	0.58015660636259	0.877278508028227
d__Bacteria.p__Bacillota_A.c__Clostridia.o__Oscillospirales.f__Oscillospiraceae.g__UBA738.s__UBA738.sp003522945	Group	PD	0.1051358323049	0.189214371953031	146	41	0.579360488251517	0.877278508028227
d__Bacteria.p__Bacillota_A.c__Clostridia.o__Oscillospirales.f__UBA644.g__UBA644.s__UBA644.sp900547165	BMI	BMI	0.027335019155474	0.049140957513082	146	15	0.578942345722226	0.877278508028227
d__Bacteria.p__Bacillota_I.c__Bacilli_A.o__Erysipelotrichales.f__Erysipelotrichaceae.g__Clostridium_AQ.s__Clostridium_AQ.innocuum	Sex_Male1_Female2	Female	-0.0994606197128649	0.179047797207504	146	34	0.579460329776124	0.877278508028227
d__Bacteria.p__Bacteroidota.c__Bacteroidia.o__Bacteroidales.f__Bacteroidaceae.g__Phocaeicola.s__Phocaeicola.massiliensis	Group	PD	-0.125323276922965	0.226023401990335	146	34	0.580161009765547	0.877278508028227
d__Bacteria.p__Desulfobacterota.c__Desulfovibrionia.o__Desulfovibrionales.f__Desulfovibrionaceae.g__Desulfovibrio.s__Desulfovibrio.sp018379785	BMI	BMI	-0.0337671081985957	0.060250653448045	146	23	0.576092087363903	0.877278508028227
d__Bacteria.p__Bacillota_A.c__Clostridia.o__Lachnospirales.f__Lachnospiraceae.g__JAGZHZ01.s__JAGZHZ01.sp018366495	BMI	BMI	-0.0361150991351775	0.0653194052453998	146	17	0.581232937337191	0.877716494875273
d__Bacteria.p__Bacteroidota.c__Bacteroidia.o__Bacteroidales.f__Bacteroidaceae.g__Bacteroides.s__Bacteroides.eggerthii	Group	PD	0.153426159899153	0.279566064289631	146	27	0.584035259865427	0.880762851571249
d__Bacteria.p__Bacillota_A.c__Clostridia.o__Oscillospirales.f__Oscillospiraceae.g__Intestinimonas.s__Intestinimonas.butyriciproducens	Sex_Male1_Female2	Female	-0.0617165850216056	0.113932672877317	146	21	0.588909572741468	0.886437277144707
d__Bacteria.p__Bacteroidota.c__Bacteroidia.o__Bacteroidales.f__Bacteroidaceae.g__Bacteroides.s__Bacteroides.eggerthii	BMI	BMI	-0.0698920525493466	0.129187678876186	146	27	0.589378082664841	0.886437277144707
d__Bacteria.p__Bacillota_A.c__Clostridia.o__Peptostreptococcales.f__Peptostreptococcaceae.g__Terrisporobacter.s__Terrisporobacter.sp900557165	Group	PD	0.0874145443679736	0.162015466868062	146	26	0.590387079924223	0.886766136111081
d__Bacteria.p__Bacillota_A.c__Clostridia.o__Christensenellales.f__Aristaeellaceae.g__Pullichristensenella.s__Pullichristensenella.excrementigallinarum	Sex_Male1_Female2	Female	-0.0590516607029248	0.110094513142004	146	18	0.592571060916123	0.887194919637506
d__Bacteria.p__Bacillota_A.c__Clostridia.o__Lachnospirales.f__Lachnospiraceae.g__CAJJNI01.s__CAJJNI01.sp905193085	BMI	BMI	-0.0233404984899247	0.0436647669806464	146	16	0.593835458687849	0.887194919637506
d__Bacteria.p__Bacillota_A.c__Clostridia.o__Oscillospirales.f__CAG.382.g__Woodwardibium.s__Woodwardibium.sp900760275	Group	PD	-0.063913022488124	0.119408572055332	146	25	0.593347161964768	0.887194919637506
d__Bacteria.p__Bacillota_A.c__Clostridia.o__Oscillospirales.f__Ruminococcaceae.g__Faecalibacterium.s__Faecalibacterium.sp905215595	BMI	BMI	0.0839328317791162	0.15684762194966	146	108	0.593432062108648	0.887194919637506
d__Bacteria.p__Bacillota_A.c__Clostridia.o__Lachnospirales.f__CAG.274.g__CAG.274.s__CAG.274.sp900545305	BMI	BMI	-0.0278112514451198	0.0524535675000921	146	17	0.596826688757705	0.888019727477719
d__Bacteria.p__Bacillota_A.c__Clostridia.o__Lachnospirales.f__Lachnospiraceae.g__Blautia_A.s__Blautia_A.sp934394595	BMI	BMI	0.0418791411198544	0.0792148404985169	146	53	0.597884305584425	0.888019727477719
d__Bacteria.p__Bacillota_A.c__Clostridia.o__Lachnospirales.f__Lachnospiraceae.g__Eisenbergiella.s__Eisenbergiella.tayi	Group	PD	0.101525898842982	0.191275429023429	146	38	0.596427996010611	0.888019727477719
d__Bacteria.p__Bacillota_A.c__Clostridia.o__Lachnospirales.f__Lachnospiraceae.g__Eisenbergiella.s__Eisenbergiella.tayi	BMI	BMI	-0.0470033937210347	0.0883885129776819	146	38	0.595738456643392	0.888019727477719
d__Bacteria.p__Pseudomonadota.c__Gammaproteobacteria.o__Burkholderiales.f__Burkholderiaceae.g__Sutterella.s__Sutterella.wadsworthensis_A	Group	PD	0.0730078566448766	0.138269176438726	146	19	0.59834484311333	0.888019727477719
d__Bacteria.p__Bacillota_A.c__Clostridia.o__Christensenellales.f__Aristaeellaceae.g__Pullichristensenella.s__Pullichristensenella.stercorigallinarum	Sex_Male1_Female2	Female	-0.062930448109682	0.124423537764595	146	23	0.613826683482715	0.888614867697434
d__Bacteria.p__Bacillota_A.c__Clostridia.o__Christensenellales.f__Aristaeellaceae.g__UBA11524.s__UBA11524.sp000437595	BMI	BMI	-0.0902227897067965	0.178329656090212	146	56	0.61371706809585	0.888614867697434
d__Bacteria.p__Bacillota_A.c__Clostridia.o__Christensenellales.f__UMGS416.g__Parachristensenella.s__Parachristensenella.sp900542005	Sex_Male1_Female2	Female	-0.0477600755250345	0.0932099045123208	146	17	0.609201278666408	0.888614867697434
d__Bacteria.p__Bacillota_A.c__Clostridia.o__Clostridiales.f__Clostridiaceae.g__Clostridium.s__Clostridium.sp900540255	Sex_Male1_Female2	Female	-0.0617722554656849	0.119285284500179	146	19	0.605395997232274	0.888614867697434
d__Bacteria.p__Bacillota_A.c__Clostridia.o__Lachnospirales.f__Lachnospiraceae.g__AF33.28.s__AF33.28.sp003477885	BMI	BMI	-0.0258374927712692	0.0492348186312179	146	16	0.600583662485673	0.888614867697434
d__Bacteria.p__Bacillota_A.c__Clostridia.o__Lachnospirales.f__Lachnospiraceae.g__Agathobacter.s__Agathobacter.sp000434275	Group	PD	-0.0828315873666435	0.157755874749468	146	17	0.600388894975356	0.888614867697434
d__Bacteria.p__Bacillota_A.c__Clostridia.o__Lachnospirales.f__Lachnospiraceae.g__Blautia_A.s__Blautia_A.intestinalis	Sex_Male1_Female2	Female	-0.130367347549278	0.255531024126128	146	80	0.610744895511021	0.888614867697434
d__Bacteria.p__Bacillota_A.c__Clostridia.o__Lachnospirales.f__Lachnospiraceae.g__Butyribacter.s__Butyribacter.sp000436755	Group	PD	0.0534928451034408	0.106228837941132	146	17	0.615377675758384	0.888614867697434
d__Bacteria.p__Bacillota_A.c__Clostridia.o__Lachnospirales.f__Lachnospiraceae.g__Dorea_A.s__Dorea_A.amylophila	Sex_Male1_Female2	Female	0.128889187805432	0.247231741584598	146	69	0.602979003313084	0.888614867697434
d__Bacteria.p__Bacillota_A.c__Clostridia.o__Lachnospirales.f__Lachnospiraceae.g__Lachnoclostridium_B.s__Lachnoclostridium_B.ammoniilytica	Group	PD	0.0884253346327983	0.174330340502859	146	85	0.61280994261182	0.888614867697434
d__Bacteria.p__Bacillota_A.c__Clostridia.o__Lachnospirales.f__Lachnospiraceae.g__Ventrisoma.s__Ventrisoma.faecale	BMI	BMI	-0.0352286206490207	0.0682182330837746	146	20	0.60640019649967	0.888614867697434
d__Bacteria.p__Bacillota_A.c__Clostridia.o__Oscillospirales.f__Acutalibacteraceae.g__Acutalibacter.s__Acutalibacter.ornithocaccae	Sex_Male1_Female2	Female	-0.121917794690728	0.241649904668255	146	49	0.614704818009698	0.888614867697434
d__Bacteria.p__Bacillota_A.c__Clostridia.o__Oscillospirales.f__CAG.382.g__Woodwardibium.s__Woodwardibium.gallinarum	Group	PD	-0.0480987953555407	0.0954914957511638	146	17	0.61528318479356	0.888614867697434
d__Bacteria.p__Bacillota_A.c__Clostridia.o__Oscillospirales.f__Ruminococcaceae.g__Anaerotruncus.s__Anaerotruncus.massiliensis	Group	PD	0.0697831395903397	0.13586761400019	146	20	0.608351138351967	0.888614867697434
d__Bacteria.p__Bacillota_A.c__Clostridia.o__Oscillospirales.f__Ruminococcaceae.g__Porcipelethomonas.s__Porcipelethomonas.ammoniilytica	Sex_Male1_Female2	Female	-0.106263077454938	0.208594535435941	146	26	0.611274587292141	0.888614867697434
d__Bacteria.p__Bacillota_A.c__Clostridia.o__Peptostreptococcales.f__Anaerovoracaceae.g__Lentihominibacter.s__Lentihominibacter.excrementipullorum	Sex_Male1_Female2	Female	0.0687321622059892	0.135208225118143	146	30	0.612030357500698	0.888614867697434
d__Bacteria.p__Bacteroidota.c__Bacteroidia.o__Bacteroidales.f__Bacteroidaceae.g__Bacteroides.s__Bacteroides.sp900557355	Sex_Male1_Female2	Female	0.100795472338669	0.199128190672618	146	23	0.613541177313891	0.888614867697434
d__Bacteria.p__Bacteroidota.c__Bacteroidia.o__Bacteroidales.f__Bacteroidaceae.g__Bacteroides.s__Bacteroides.thetaiotaomicron	Group	PD	-0.137982533391438	0.268030040123704	146	94	0.607520604188851	0.888614867697434
d__Bacteria.p__Bacteroidota.c__Bacteroidia.o__Bacteroidales.f__Rikenellaceae.g__Alistipes_A.s__Alistipes_A.hominis	Sex_Male1_Female2	Female	-0.073058750832911	0.141713685845301	146	36	0.607008245865803	0.888614867697434
d__Bacteria.p__Bacteroidota.c__Bacteroidia.o__Bacteroidales.f__Rikenellaceae.g__Alistipes_A.s__Alistipes_A.hominis	BMI	BMI	-0.0358247619672953	0.0697916230608403	146	36	0.608561040295229	0.888614867697434
d__Bacteria.p__Bacteroidota.c__Bacteroidia.o__Bacteroidales.f__Tannerellaceae.g__Parabacteroides.s__Parabacteroides.johnsonii	Sex_Male1_Female2	Female	-0.0661782654974274	0.127851485926751	146	16	0.605559429024925	0.888614867697434
d__Bacteria.p__Actinomycetota.c__Actinomycetes.o__Actinomycetales.f__Bifidobacteriaceae.g__Bifidobacterium.s__Bifidobacterium.dentium	BMI	BMI	-0.0344704638935386	0.0691269439684927	146	15	0.618822457401421	0.890152304108197
d__Bacteria.p__Bacillota_A.c__Clostridia.o__Lachnospirales.f__Lachnospiraceae.g__Alitiscatomonas.s__Alitiscatomonas.sp900066535	BMI	BMI	-0.0401042813110659	0.080230589939521	146	40	0.617973643762533	0.890152304108197
d__Bacteria.p__Bacteroidota.c__Bacteroidia.o__Bacteroidales.f__Tannerellaceae.g__Parabacteroides.s__Parabacteroides.merdae	Sex_Male1_Female2	Female	-0.111156060577052	0.222765082425477	146	79	0.618591416515028	0.890152304108197
d__Bacteria.p__Bacillota_A.c__Clostridia.o__Christensenellales.f__Aristaeellaceae.g__Limiplasma.s__Limiplasma.merdipullorum	Group	PD	0.126563925684642	0.256973259152904	146	51	0.623141669329639	0.890655991067331
d__Bacteria.p__Bacillota_A.c__Clostridia.o__Oscillospirales.f__Oscillospiraceae.g__CAG.103.s__CAG.103.sp000432375	BMI	BMI	0.0856835037229675	0.172836123653922	146	44	0.620865152191404	0.890655991067331
d__Bacteria.p__Bacteroidota.c__Bacteroidia.o__Bacteroidales.f__Bacteroidaceae.g__Bacteroides.s__Bacteroides.fragilis	BMI	BMI	-0.0684775763764776	0.138665219200376	146	69	0.622214342974287	0.890655991067331
d__Bacteria.p__Desulfobacterota.c__Desulfovibrionia.o__Desulfovibrionales.f__Desulfovibrionaceae.g__Bilophila.s__Bilophila.wadsworthia	Sex_Male1_Female2	Female	-0.0962070997878808	0.195205207856647	146	92	0.622906805751526	0.890655991067331
d__Bacteria.p__Verrucomicrobiota.c__Verrucomicrobiae.o__Verrucomicrobiales.f__Akkermansiaceae.g__Akkermansia.s__Akkermansia.biwaensis	BMI	BMI	-0.0726968183021662	0.14650318465135	146	20	0.620539158901646	0.890655991067331
d__Bacteria.p__Bacillota_A.c__Clostridia.o__Lachnospirales.f__Lachnospiraceae.g__Coprococcus_A.s__Coprococcus_A.catus	BMI	BMI	0.0538617056588332	0.109979431998686	146	51	0.625098751327896	0.892316538155088
d__Bacteria.p__Bacillota_A.c__Clostridia.o__Lachnospirales.f__Lachnospiraceae.g__Otoolea.s__Otoolea.symbiosa	BMI	BMI	-0.024389361813195	0.0499550680750072	146	15	0.626170301235163	0.892710391341618
d__Bacteria.p__Bacillota_A.c__Clostridia.o__Oscillospirales.f__Acutalibacteraceae.g__Fimivicinus.s__Fimivicinus.sp900544375	Sex_Male1_Female2	Female	0.115742203266626	0.23920025632681	146	26	0.62924956354881	0.893978861110438
d__Bacteria.p__Bacillota_A.c__Clostridia.o__Oscillospirales.f__Oscillospiraceae.g__CAG.103.s__CAG.103.sp900317855	Sex_Male1_Female2	Female	0.16504405680928	0.340048743102433	146	36	0.62820043036889	0.893978861110438
d__Bacteria.p__Bacteroidota.c__Bacteroidia.o__Bacteroidales.f__Bacteroidaceae.g__Bacteroides.s__Bacteroides.uniformis	Sex_Male1_Female2	Female	-0.13764869896485	0.284640466955873	146	137	0.629450356753339	0.893978861110438
d__Bacteria.p__Bacillota.c__Bacilli.o__MOL361.f__Turicibacteraceae.g__Turicibacter.s__Turicibacter.sanguinis	Sex_Male1_Female2	Female	0.0639700878756752	0.133548132118248	146	21	0.632699451244461	0.896754991222743
d__Bacteria.p__Bacteroidota.c__Bacteroidia.o__Bacteroidales.f__Rikenellaceae.g__Alistipes_A.s__Alistipes_A.ihumii	Sex_Male1_Female2	Female	0.082073547679362	0.171495502899027	146	51	0.633003523216054	0.896754991222743
d__Bacteria.p__Bacillota_A.c__Clostridia.o__Oscillospirales.f__Oscillospiraceae.g__Vescimonas.s__Vescimonas.coprocola	Group	PD	-0.104030782678134	0.218566304545705	146	53	0.634854604453483	0.898243210840867
d__Bacteria.p__Bacteroidota.c__Bacteroidia.o__Bacteroidales.f__Rikenellaceae.g__Alistipes.s__Alistipes.sp902363575	BMI	BMI	-0.0515954509261492	0.10919893684398	146	26	0.637328590930061	0.900607908090086
d__Bacteria.p__Actinomycetota.c__Actinomycetes.o__Actinomycetales.f__Bifidobacteriaceae.g__Bifidobacterium.s__Bifidobacterium.pseudocatenulatum	Sex_Male1_Female2	Female	-0.116351899292327	0.24982473453419	146	26	0.642145399962719	0.900626545575491
d__Bacteria.p__Bacillota_A.c__Clostridia.o__Lachnospirales.f__Lachnospiraceae.g__Alitiscatomonas.s__Alitiscatomonas.aceti	Group	PD	0.105995952597896	0.225891891757424	146	82	0.639648927651301	0.900626545575491
d__Bacteria.p__Bacillota_A.c__Clostridia.o__Lachnospirales.f__Lachnospiraceae.g__Enterocloster.s__Enterocloster.sp900541315	BMI	BMI	0.0356901810405077	0.0768203660119413	146	35	0.642960662215658	0.900626545575491
d__Bacteria.p__Bacillota_A.c__Clostridia.o__Lachnospirales.f__Lachnospiraceae.g__Massilistercora.s__Massilistercora.sp902406105	Sex_Male1_Female2	Female	0.0383507275577945	0.0822291111554166	146	15	0.641678052040894	0.900626545575491
d__Bacteria.p__Bacillota_A.c__Clostridia.o__Oscillospirales.f__Oscillospiraceae.g__HGM13006.s__HGM13006.sp900756575	Sex_Male1_Female2	Female	-0.0519825252620949	0.110805674307006	146	20	0.639720760655175	0.900626545575491
d__Bacteria.p__Bacillota_A.c__Clostridia.o__Oscillospirales.f__Oscillospiraceae.g__Hominicoprocola.s__Hominicoprocola.sp900317525	Group	PD	-0.112982126292572	0.242768839896712	146	64	0.642391323524547	0.900626545575491
d__Bacteria.p__Bacillota_A.c__Clostridia.o__Oscillospirales.f__Ruminococcaceae.g__Faecalibacterium.s__Faecalibacterium.sp934514285	Sex_Male1_Female2	Female	-0.141307727015487	0.303912562954909	146	96	0.642696991686189	0.900626545575491
d__Bacteria.p__Bacillota_I.c__Bacilli_A.o__Erysipelotrichales.f__Coprobacillaceae.g__Coprobacillus.s__Coprobacillus.cateniformis	Sex_Male1_Female2	Female	-0.0492182654039607	0.10646527020769	146	15	0.644603782692569	0.901802299477633
d__Bacteria.p__Bacillota_A.c__Clostridia.o__Oscillospirales.f__Ruminococcaceae.g__Negativibacillus.s__Negativibacillus.massiliensis	Group	PD	-0.0771945102380573	0.168057373945932	146	25	0.64672215386668	0.903639173895909
d__Bacteria.p__Bacillota_A.c__Clostridia.o__Oscillospirales.f__Oscillospiraceae.g__F23.B02.s__F23.B02.sp001916715	BMI	BMI	-0.0672530276568949	0.147138605760324	146	36	0.648342786330992	0.904776873461907
d__Bacteria.p__Bacillota_A.c__Clostridia.o__Clostridiales.f__Clostridiaceae.g__Clostridium.s__Clostridium.sp900540255	BMI	BMI	-0.0266561662307953	0.0587460100475371	146	19	0.650724729415681	0.905847576184112
d__Bacteria.p__Bacillota_A.c__Clostridia.o__Oscillospirales.f__Oscillospiraceae.g__HGM13006.s__HGM13006.sp900756575	Group	PD	0.0536076741292629	0.118091016990256	146	20	0.650581572900885	0.905847576184112
d__Bacteria.p__Bacillota_A.c__Clostridia.o__Lachnospirales.f__Lachnospiraceae.g__Acetatifactor.s__Acetatifactor.acetigignens	BMI	BMI	0.0610428865215737	0.134891770292525	146	87	0.651601313974853	0.90594383429961
d__Bacteria.p__Bacillota_A.c__Clostridia.o__Lachnospirales.f__Lachnospiraceae.g__Wujia.s__Wujia.chipingensis	Sex_Male1_Female2	Female	-0.0966128319568998	0.214028126934152	146	26	0.652413228144281	0.905950051952826
d__Bacteria.p__Bacillota_A.c__Clostridia.o__Lachnospirales.f__Lachnospiraceae.g__Jutongia.s__Jutongia.sp003524945	Sex_Male1_Female2	Female	-0.0644177255465978	0.143985022990285	146	15	0.655298723121742	0.906848056045511
d__Bacteria.p__Bacteroidota.c__Bacteroidia.o__Bacteroidales.f__Bacteroidaceae.g__Bacteroides.s__Bacteroides.clarus	Sex_Male1_Female2	Female	0.087968343500464	0.196738354492033	146	23	0.655484646571221	0.906848056045511
d__Bacteria.p__Pseudomonadota.c__Gammaproteobacteria.o__Burkholderiales.f__Burkholderiaceae.g__Parasutterella.s__Parasutterella.sp900552195	BMI	BMI	-0.0460784668708935	0.102858475310876	146	49	0.654875756058812	0.906848056045511
d__Bacteria.p__Bacillota_A.c__Clostridia.o__Christensenellales.f__CAG.314.g__CAG.314.s__CAG.314.sp000437915	BMI	BMI	-0.0346830556631251	0.0779739831540524	146	32	0.657164115148273	0.908051893098968
d__Bacteria.p__Bacillota_A.c__Clostridia.o__Lachnospirales.f__Lachnospiraceae.g__Blautia_A.s__Blautia_A.luti	BMI	BMI	-0.0351199751735623	0.0792536051192112	146	37	0.658367693519949	0.908596005079191
d__Bacteria.p__Bacillota_A.c__Clostridia.o__Lachnospirales.f__Lachnospiraceae.g__Anaerostipes.s__	BMI	BMI	0.0601595326352136	0.136385689004255	146	132	0.65983696049611	0.908893993509535
d__Bacteria.p__Bacillota_A.c__Clostridia.o__Oscillospirales.f__Oscillospiraceae.g__Vescimonas.s__Vescimonas.sp000435975	BMI	BMI	0.0447246645192051	0.10151068442099	146	27	0.660203747513611	0.908893993509535
d__Bacteria.p__Bacillota_A.c__Clostridia.o__Lachnospirales.f__Lachnospiraceae.g__Anaerobutyricum.s__Anaerobutyricum.soehngenii	BMI	BMI	0.074202626152496	0.169296875087975	146	96	0.661859994087378	0.910057491870145
d__Bacteria.p__Bacillota_A.c__Clostridia.o__Christensenellales.f__Aristaeellaceae.g__Fimadaptatus.s__Fimadaptatus.sp900553645	Sex_Male1_Female2	Female	-0.0361080848490146	0.0829319457058659	146	17	0.663961520944157	0.911611515300218
d__Bacteria.p__Bacillota_A.c__Clostridia.o__Christensenellales.f__QAND01.g__UMGS1975.s__UMGS1975.sp959600905	Sex_Male1_Female2	Female	0.0581504858561986	0.133835741449849	146	33	0.664615168908715	0.911611515300218
d__Bacteria.p__Bacillota_A.c__Clostridia.o__Peptostreptococcales.f__Peptostreptococcaceae.g__Terrisporobacter.s__Terrisporobacter.sp900557165	Sex_Male1_Female2	Female	-0.0658067961483247	0.152020310367564	146	26	0.665781496071176	0.912096262016923
d__Bacteria.p__Bacillota.c__Bacilli.o__Lactobacillales.f__Streptococcaceae.g__Streptococcus.s__Streptococcus.sp001556435	Sex_Male1_Female2	Female	0.119369821906971	0.283275918397345	146	113	0.67413025380304	0.914017511438872
d__Bacteria.p__Bacillota_A.c__Clostridia.o__Christensenellales.f__CAG.138.g__PeH17.s__PeH17.sp000435055	Group	PD	-0.125746310016559	0.297347527504521	146	52	0.673036082804587	0.914017511438872
d__Bacteria.p__Bacillota_A.c__Clostridia.o__Lachnospirales.f__Lachnospiraceae.g__Blautia.s__Blautia.stercoris	BMI	BMI	-0.0492711317613658	0.11512327497187	146	35	0.669333470857956	0.914017511438872
d__Bacteria.p__Bacillota_A.c__Clostridia.o__Lachnospirales.f__Lachnospiraceae.g__Blautia_A.s__Blautia_A.ammoniilytica	BMI	BMI	0.0365394839650509	0.0868206583703943	146	56	0.674515596676814	0.914017511438872
d__Bacteria.p__Bacillota_A.c__Clostridia.o__Lachnospirales.f__Lachnospiraceae.g__Dorea_D.s__Dorea_D.hominis	Sex_Male1_Female2	Female	-0.0651980283449055	0.153268032333491	146	44	0.671222981512405	0.914017511438872
d__Bacteria.p__Bacillota_A.c__Clostridia.o__Lachnospirales.f__Lachnospiraceae.g__Eubacterium_G.s__Eubacterium_G.sp000435815	BMI	BMI	0.0271541262063594	0.0640366176259146	146	24	0.672201274093419	0.914017511438872
d__Bacteria.p__Bacillota_A.c__Clostridia.o__Lachnospirales.f__Lachnospiraceae.g__Massilistercora.s__Massilistercora.timonensis	Sex_Male1_Female2	Female	0.0595421223581901	0.139504118512654	146	24	0.670185761583185	0.914017511438872
d__Bacteria.p__Bacillota_A.c__Clostridia.o__Lachnospirales.f__Lachnospiraceae.g__Scatomonas.s__Scatomonas.merdavium	BMI	BMI	0.0235053296287723	0.0547853826950595	146	19	0.668565252657272	0.914017511438872
d__Bacteria.p__Bacteroidota.c__Bacteroidia.o__Bacteroidales.f__Bacteroidaceae.g__Phocaeicola.s__Phocaeicola.massiliensis	Sex_Male1_Female2	Female	-0.0900203098317	0.212079429113301	146	34	0.671892497718362	0.914017511438872
d__Bacteria.p__Bacillota_A.c__Clostridia.o__Christensenellales.f__Aristaeellaceae.g__Faecivicinus.s__Faecivicinus.sp900553265	Sex_Male1_Female2	Female	-0.0373611415577094	0.0903281662053925	146	17	0.679802368787362	0.918177377197993
d__Bacteria.p__Bacillota_A.c__Clostridia.o__Oscillospirales.f__Ruminococcaceae.g__Porcipelethomonas.s__Porcipelethomonas.ammoniilytica	BMI	BMI	0.0423752200956576	0.102729324291152	146	26	0.680622227970397	0.918177377197993
d__Bacteria.p__Bacillota_A.c__Clostridia.o__Peptostreptococcales.f__Anaerovoracaceae.g__UMGS973.s__UMGS973.sp900547295	Sex_Male1_Female2	Female	-0.0545704065374975	0.13239771014405	146	23	0.680858803768922	0.918177377197993
d__Bacteria.p__Bacteroidota.c__Bacteroidia.o__Bacteroidales.f__Rikenellaceae.g__Alistipes.s__Alistipes.finegoldii	Sex_Male1_Female2	Female	-0.111405479824612	0.269771464470497	146	87	0.680279740212678	0.918177377197993
d__Bacteria.p__Bacillota_A.c__Clostridia.o__Christensenellales.f__Aristaeellaceae.g__Egerieenecus.s__Egerieenecus.sp900553315	Sex_Male1_Female2	Female	-0.0376394914675763	0.0931585400025721	146	18	0.686815564818916	0.922882711050088
d__Bacteria.p__Bacillota_A.c__Clostridia.o__Oscillospirales.f__Acutalibacteraceae.g__CAG.217.s__	Sex_Male1_Female2	Female	0.118321143020982	0.292786845354114	146	44	0.686754324568259	0.922882711050088
d__Bacteria.p__Bacillota_A.c__Clostridia.o__Oscillospirales.f__Oscillospiraceae.g__Faecousia.s__Faecousia.sp003525905	Group	PD	0.115909764867687	0.28540265666106	146	85	0.685282837930518	0.922882711050088
d__Bacteria.p__Bacillota_A.c__Clostridia.o__Oscillospirales.f__Oscillospiraceae.g__Hominicoprocola.s__Hominicoprocola.sp003522105	BMI	BMI	-0.0268241236701894	0.0671603995770559	146	16	0.690217592238884	0.926344663267975
d__Bacteria.p__Bacillota_A.c__Clostridia.o__Oscillospirales.f__Oscillospiraceae.g__Dysosmobacter.s__Dysosmobacter.faecalis	Group	PD	-0.0597211965846346	0.151628877326369	146	30	0.694293600380502	0.930701815563826
d__Bacteria.p__Bacteroidota.c__Bacteroidia.o__Bacteroidales.f__Rikenellaceae.g__Alistipes.s__Alistipes.finegoldii	Group	PD	0.112537396316883	0.287508620776991	146	87	0.696092951747348	0.932000348282249
d__Bacteria.p__Bacillota_A.c__Clostridia.o__Oscillospirales.f__Oscillospiraceae.g__Onthomonas.s__Onthomonas.sp900545815	Sex_Male1_Female2	Female	-0.0536784833679863	0.13862724059272	146	27	0.699198248871699	0.935042235082297
d__Bacteria.p__Bacillota_A.c__Clostridia.o__Lachnospirales.f__Lachnospiraceae.g__Butyribacter.s__Butyribacter.sp003529475	BMI	BMI	-0.0538788773334041	0.140032959728811	146	68	0.701012951829364	0.935325438107001
d__Bacteria.p__Bacillota_A.c__Clostridia.o__Oscillospirales.f__Ruminococcaceae.g__Hominimerdicola.s__Hominimerdicola.aceti	Sex_Male1_Female2	Female	-0.133626870911963	0.347379144721194	146	83	0.70107726688769	0.935325438107001
d__Bacteria.p__Actinomycetota.c__Actinomycetes.o__Actinomycetales.f__Bifidobacteriaceae.g__Bifidobacterium.s__Bifidobacterium.dentium	Sex_Male1_Female2	Female	-0.0530233746978878	0.140364037851031	146	15	0.706196384184431	0.939919742651165
d__Bacteria.p__Bacteroidota.c__Bacteroidia.o__Bacteroidales.f__Bacteroidaceae.g__Phocaeicola.s__Phocaeicola.vulgatus	Group	PD	-0.132574710511308	0.350738376302359	146	114	0.706024913069322	0.939919742651165
d__Bacteria.p__Verrucomicrobiota.c__Verrucomicrobiae.o__Verrucomicrobiales.f__Akkermansiaceae.g__Akkermansia.s__Akkermansia.muciniphila	Sex_Male1_Female2	Female	-0.168036171287916	0.446639812146887	146	54	0.707333103585797	0.940317230122351
d__Bacteria.p__Bacillota_A.c__Clostridia.o__Lachnospirales.f__Lachnospiraceae.g__Anaerostipes.s__	Sex_Male1_Female2	Female	0.103538722243137	0.276934649714266	146	132	0.709075879405296	0.941518504961825
d__Bacteria.p__Bacillota_A.c__Clostridia.o__Lachnospirales.f__Lachnospiraceae.g__Frisingicoccus.s__Frisingicoccus.sp900549105	Sex_Male1_Female2	Female	0.0492591395465138	0.134064604331597	146	16	0.713866491429604	0.944526183235867
d__Bacteria.p__Bacillota_A.c__Clostridia.o__Oscillospirales.f__Ruminococcaceae.g__CAG.115.s__CAG.115.sp003531585	BMI	BMI	-0.0236957473484781	0.0642342586548367	146	20	0.712774883472701	0.944526183235867
d__Bacteria.p__Bacillota_A.c__Clostridia.o__Oscillospirales.f__Ruminococcaceae.g__Gemmiger.s__Gemmiger.sp900540775	Sex_Male1_Female2	Female	0.0951900014052365	0.258550664130222	146	33	0.713316438126936	0.944526183235867
d__Bacteria.p__Bacillota_A.c__Clostridia.o__Christensenellales.f__Aristaeellaceae.g__Egerieenecus.s__Egerieenecus.merdigallinarum	BMI	BMI	0.0335405175603124	0.093282295787465	146	37	0.719730345800601	0.948255843225144
d__Bacteria.p__Bacillota_A.c__Clostridia.o__Lachnospirales.f__Lachnospiraceae.g__Hungatella.s__Hungatella.effluvii	BMI	BMI	-0.0258177335246964	0.0715195395010904	146	16	0.718664067106502	0.948255843225144
d__Bacteria.p__Bacillota_A.c__Clostridia.o__Oscillospirales.f__Acutalibacteraceae.g__Hominenteromicrobium.s__Hominenteromicrobium.sp900549945	BMI	BMI	-0.0253209932589388	0.0705104802806221	146	15	0.720065934427649	0.948255843225144
d__Bacteria.p__Bacillota_A.c__Clostridia.o__Oscillospirales.f__Butyricicoccaceae.g__Agathobaculum.s__Agathobaculum.butyriciproducens	Sex_Male1_Female2	Female	-0.0798994967473637	0.221040670194689	146	107	0.718305240821595	0.948255843225144
d__Bacteria.p__Actinomycetota.c__Actinomycetes.o__Actinomycetales.f__Bifidobacteriaceae.g__Bifidobacterium.s__Bifidobacterium.adolescentis	BMI	BMI	-0.0689192440962542	0.196378532516434	146	67	0.726164196586047	0.949282171941493
d__Bacteria.p__Actinomycetota.c__Coriobacteriia.o__Coriobacteriales.f__Eggerthellaceae.g__Adlercreutzia.s__Adlercreutzia.equolifaciens	BMI	BMI	-0.034886926489009	0.0995878800709201	146	118	0.726641849150557	0.949282171941493
d__Bacteria.p__Bacillota_A.c__Clostridia.o__Christensenellales.f__Aristaeellaceae.g__Faecivicinus.s__Faecivicinus.sp900553265	BMI	BMI	0.015821741724403	0.0444851129937126	146	17	0.722639441533032	0.949282171941493
d__Bacteria.p__Bacillota_A.c__Clostridia.o__Christensenellales.f__UBA1750.g__Spyradocola.s__Spyradocola.merdavium	BMI	BMI	-0.0241501375426533	0.0717524153390099	146	38	0.736951592684191	0.949282171941493
d__Bacteria.p__Bacillota_A.c__Clostridia.o__Lachnospirales.f__Lachnospiraceae.g__Blautia_A.s__Blautia_A.schinkii_B	Sex_Male1_Female2	Female	-0.0567426262890716	0.167017360994771	146	19	0.734571958472114	0.949282171941493
d__Bacteria.p__Bacillota_A.c__Clostridia.o__Lachnospirales.f__Lachnospiraceae.g__Enterocloster.s__Enterocloster.bolteae	BMI	BMI	-0.0304420953057385	0.0882807298440175	146	34	0.730748852947695	0.949282171941493
d__Bacteria.p__Bacillota_A.c__Clostridia.o__Lachnospirales.f__Lachnospiraceae.g__Gallintestinimicrobium.s__Gallintestinimicrobium.propionicum	BMI	BMI	0.0332886141688629	0.0961472093146822	146	75	0.729704414273168	0.949282171941493
d__Bacteria.p__Bacillota_A.c__Clostridia.o__Lachnospirales.f__Lachnospiraceae.g__Mediterraneibacter.s__Mediterraneibacter.faecis	Sex_Male1_Female2	Female	-0.103420390633481	0.304026832492211	146	112	0.73425054701227	0.949282171941493
d__Bacteria.p__Bacillota_A.c__Clostridia.o__Lachnospirales.f__Lachnospiraceae.g__UBA4285.s__UBA4285.sp900545225	Sex_Male1_Female2	Female	-0.042101828142011	0.124544247745158	146	21	0.735845116700852	0.949282171941493
d__Bacteria.p__Bacillota_A.c__Clostridia.o__Lachnospirales.f__Lachnospiraceae.g__V9D3004.s__V9D3004.sp900760345	BMI	BMI	0.0281033023150603	0.0838020929370735	146	31	0.737871613863393	0.949282171941493
d__Bacteria.p__Bacillota_A.c__Clostridia.o__Oscillospirales.f__Acutalibacteraceae.g__Acutalibacter.s__Acutalibacter.timonensis	Sex_Male1_Female2	Female	0.0868001311819495	0.252179936190889	146	61	0.731224239392107	0.949282171941493
d__Bacteria.p__Bacillota_A.c__Clostridia.o__Oscillospirales.f__Acutalibacteraceae.g__Anaeromassilibacillus.s__Anaeromassilibacillus.stercoravium	BMI	BMI	-0.0236566378140285	0.0699574364159257	146	26	0.735762081975133	0.949282171941493
d__Bacteria.p__Bacillota_A.c__Clostridia.o__Oscillospirales.f__Acutalibacteraceae.g__Ruminococcus_E.s__Ruminococcus_E.bromii	BMI	BMI	0.0783919338040411	0.23444750599515	146	92	0.738612599023996	0.949282171941493
d__Bacteria.p__Bacillota_A.c__Clostridia.o__Oscillospirales.f__Acutalibacteraceae.g__UMGS1264.s__UMGS1264.sp904399395	Sex_Male1_Female2	Female	-0.0482944459852828	0.139484899531963	146	27	0.729697861623353	0.949282171941493
d__Bacteria.p__Bacillota_A.c__Clostridia.o__Oscillospirales.f__CAG.382.g__Woodwardibium.s__Woodwardibium.sp900760275	BMI	BMI	0.0196590291429287	0.0551787868135764	146	25	0.722179900666515	0.949282171941493
d__Bacteria.p__Bacillota_A.c__Clostridia.o__Oscillospirales.f__Ruminococcaceae.g__Ruminiclostridium_E.s__Ruminiclostridium_E.siraeum	BMI	BMI	-0.0555949975643991	0.16265237330807	146	72	0.733023221228504	0.949282171941493
d__Bacteria.p__Bacillota_A.c__Clostridia.o__TANB77.f__CAG.508.g__CAG.269.s__CAG.269.sp000431335	BMI	BMI	0.0244019867976804	0.0725578950328006	146	18	0.737151245935193	0.949282171941493
d__Bacteria.p__Bacillota_I.c__Bacilli_A.o__Erysipelotrichales.f__Coprobacillaceae.g__Thomasclavelia.s__Thomasclavelia.spiroformis	BMI	BMI	-0.0207497608060866	0.0612734237400089	146	21	0.735397818844449	0.949282171941493
d__Bacteria.p__Bacteroidota.c__Bacteroidia.o__Bacteroidales.f__Bacteroidaceae.g__Bacteroides.s__Bacteroides.faecis	Sex_Male1_Female2	Female	0.0573373332909995	0.168087507928376	146	20	0.733538868710491	0.949282171941493
d__Bacteria.p__Bacteroidota.c__Bacteroidia.o__Bacteroidales.f__Bacteroidaceae.g__Bacteroides.s__Bacteroides.salyersiae	BMI	BMI	0.0196006134042314	0.0562649156922993	146	18	0.728102345580531	0.949282171941493
d__Bacteria.p__Bacteroidota.c__Bacteroidia.o__Bacteroidales.f__Marinifilaceae.g__Butyricimonas.s__Butyricimonas.sp019423345	BMI	BMI	-0.0211114644992361	0.0610567003223846	146	23	0.730047319512041	0.949282171941493
d__Bacteria.p__Bacillota.c__Bacilli.o__Lactobacillales.f__Streptococcaceae.g__Streptococcus.s__Streptococcus.mutans	Sex_Male1_Female2	Female	-0.0627086907799332	0.190923201159073	146	24	0.743073068458074	0.949557507217105
d__Bacteria.p__Bacillota_A.c__Clostridia.o__Lachnospirales.f__Lachnospiraceae.g__V9D3004.s__V9D3004.sp900760345	Group	PD	-0.0594624241533564	0.181350276632071	146	31	0.743497549509191	0.949557507217105
d__Bacteria.p__Bacillota_A.c__Clostridia.o__Oscillospirales.f__Oscillospiraceae.g__CAG.170.s__CAG.170.sp900545925	Sex_Male1_Female2	Female	-0.0408462375030956	0.12477941335772	146	26	0.743904678113935	0.949557507217105
d__Bacteria.p__Bacillota_A.c__Clostridia.o__Oscillospirales.f__Ruminococcaceae.g__Faecalibacterium.s__Faecalibacterium.sp900539885	Sex_Male1_Female2	Female	0.0802260111108009	0.242983590178706	146	53	0.741775487482427	0.949557507217105
d__Bacteria.p__Bacillota_A.c__Clostridia.o__Oscillospirales.f__Ruminococcaceae.g__Ruthenibacterium.s__Ruthenibacterium.merdipullorum	Group	PD	-0.0502289977302372	0.153288663761485	146	16	0.743656946838724	0.949557507217105
d__Bacteria.p__Bacteroidota.c__Bacteroidia.o__Bacteroidales.f__Marinifilaceae.g__Butyricimonas.s__Butyricimonas.paravirosa	Group	PD	0.0542850110444247	0.165462193326243	146	40	0.743351253613711	0.949557507217105
d__Bacteria.p__Actinomycetota.c__Coriobacteriia.o__Coriobacteriales.f__UMGS124.g__JAHZGC01.s__JAHZGC01.sp019421015	BMI	BMI	0.0180604192731764	0.0555028490506357	146	22	0.74537761533055	0.949675948493777
d__Bacteria.p__Bacillota.c__Bacilli.o__Lactobacillales.f__Streptococcaceae.g__Streptococcus.s__Streptococcus.thermophilus	BMI	BMI	-0.0406115464704665	0.128362755501467	146	75	0.752194821401552	0.949675948493777
d__Bacteria.p__Bacillota_A.c__Clostridia.o__Christensenellales.f__UBA1750.g__Spyradocola.s__Spyradocola.merdavium	Sex_Male1_Female2	Female	0.0459038917697842	0.145695125002751	146	38	0.753189299809553	0.949675948493777
d__Bacteria.p__Bacillota_A.c__Clostridia.o__Lachnospirales.f__Lachnospiraceae.g__Anthropogastromicrobium.s__Anthropogastromicrobium.sp934292725	BMI	BMI	-0.0489982296386269	0.155593678287521	146	94	0.753308016184903	0.949675948493777
d__Bacteria.p__Bacillota_A.c__Clostridia.o__Lachnospirales.f__Lachnospiraceae.g__Butyribacter.s__Butyribacter.intestini	Sex_Male1_Female2	Female	-0.0532955778072402	0.1687106145102	146	24	0.752559633839023	0.949675948493777
d__Bacteria.p__Bacillota_A.c__Clostridia.o__Lachnospirales.f__Lachnospiraceae.g__Eubacterium_G.s__Eubacterium_G.ventriosum	Sex_Male1_Female2	Female	0.061582502113407	0.19455299918725	146	66	0.752079548296595	0.949675948493777
d__Bacteria.p__Bacillota_A.c__Clostridia.o__Lachnospirales.f__Lachnospiraceae.g__JAGTTR01.s__JAGTTR01.sp018223385	BMI	BMI	0.0127542476495066	0.0393760798541163	146	15	0.746501259418297	0.949675948493777
d__Bacteria.p__Bacillota_A.c__Clostridia.o__Oscillospirales.f__Oscillospiraceae.g__Onthomonas.s__Onthomonas.sp003150485	BMI	BMI	0.0280067643486972	0.088029850689902	146	32	0.750855033851336	0.949675948493777
d__Bacteria.p__Bacillota_A.c__Clostridia.o__Oscillospirales.f__Oscillospiraceae.g__Vescimonas.s__Vescimonas.cirricatena	BMI	BMI	0.0375849239064958	0.118789821320966	146	38	0.752181608337691	0.949675948493777
d__Bacteria.p__Bacillota_I.c__Bacilli_A.o__Erysipelotrichales.f__Coprobacillaceae.g__Faecalibacillus.s__Faecalibacillus.faecis	BMI	BMI	0.024830747028936	0.0775699914232237	146	30	0.749374416657347	0.949675948493777
d__Bacteria.p__Bacteroidota.c__Bacteroidia.o__Bacteroidales.f__Rikenellaceae.g__Alistipes.s__Alistipes.putredinis	Group	PD	-0.126855459244234	0.393625923854287	146	113	0.747736277813865	0.949675948493777
d__Bacteria.p__Actinomycetota.c__Coriobacteriia.o__Coriobacteriales.f__Eggerthellaceae.g__CAJFUR01.s__CAJFUR01.sp904420575	Sex_Male1_Female2	Female	0.0449052182199305	0.145449343799554	146	31	0.757992543906321	0.952451699443798
d__Bacteria.p__Bacillota_A.c__Clostridia.o__Lachnospirales.f__Lachnospiraceae.g__Choladousia.s__Choladousia.sp902363135	Group	PD	-0.0623346264499424	0.202534505672356	146	100	0.758722572730101	0.952451699443798
d__Bacteria.p__Bacillota_A.c__Clostridia.o__Oscillospirales.f__Acutalibacteraceae.g__Fimenecus.s__Fimenecus.sp000432435	Group	PD	-0.0881756786591511	0.285201377049423	146	31	0.757661991951072	0.952451699443798
d__Bacteria.p__Bacillota_A.c__Clostridia.o__Oscillospirales.f__Ruminococcaceae.g__Negativibacillus.s__Negativibacillus.sp000435195	Group	PD	-0.0698066690851619	0.226989821572571	146	49	0.758905364797465	0.952451699443798
d__Bacteria.p__Bacillota_A.c__Clostridia.o__Christensenellales.f__Aristaeellaceae.g__Limiplasma.s__Limiplasma.sp900548145	Group	PD	0.0434222612670873	0.142256178699946	146	17	0.760646711502381	0.953570514308013
d__Bacteria.p__Bacillota_A.c__Clostridia.o__Clostridiales.f__Clostridiaceae.g__Clostridium.s__Clostridium.saudiense	Group	PD	0.0461410410710977	0.155175826282604	146	30	0.766652119162559	0.956192817202373
d__Bacteria.p__Bacillota_A.c__Clostridia.o__Lachnospirales.f__Lachnospiraceae.g__Anaerobutyricum.s__Anaerobutyricum.soehngenii	Group	PD	0.108852581430756	0.366363584179256	146	96	0.766827760562194	0.956192817202373
d__Bacteria.p__Bacillota_A.c__Clostridia.o__Lachnospirales.f__Lachnospiraceae.g__Mediterraneibacter_A.s__Mediterraneibacter_A.butyricigenes	Group	PD	-0.0385113208034366	0.129764587267644	146	29	0.767085198640105	0.956192817202373
d__Bacteria.p__Bacillota_A.c__Clostridia.o__Lachnospirales.f__Lachnospiraceae.g__Scatomonas.s__Scatomonas.hejianensis	BMI	BMI	-0.0183599722706995	0.0621878853967011	146	26	0.768262160223127	0.956192817202373
d__Bacteria.p__Bacillota_A.c__Clostridia.o__Oscillospirales.f__UBA644.g__UBA644.s__UBA644.sp900547165	Sex_Male1_Female2	Female	0.0294011841890243	0.0997819782622824	146	15	0.768704029515633	0.956192817202373
d__Bacteria.p__Bacillota_A.c__Clostridia.o__Peptostreptococcales.f__Anaerovoracaceae.g__UMGS973.s__UMGS973.sp900547295	Group	PD	0.0418899132711722	0.141102703772847	146	23	0.767011308191006	0.956192817202373
d__Bacteria.p__Bacteroidota.c__Bacteroidia.o__Bacteroidales.f__Marinifilaceae.g__Butyricimonas.s__Butyricimonas.sp019423345	Sex_Male1_Female2	Female	0.0371227729792156	0.12397720054016	146	23	0.765064039398027	0.956192817202373
d__Bacteria.p__Bacillota_A.c__Clostridia.o__Lachnospirales.f__Lachnospiraceae.g__Blautia_A.s__Blautia_A.hydrogenotrophica	BMI	BMI	-0.0234047454709155	0.0828225330354923	146	29	0.777918329869176	0.957292725048114
d__Bacteria.p__Bacillota_A.c__Clostridia.o__Lachnospirales.f__Lachnospiraceae.g__Massilistercora.s__Massilistercora.timonensis	BMI	BMI	-0.0192989180316483	0.068703448058632	146	24	0.779209545377245	0.957292725048114
d__Bacteria.p__Bacillota_A.c__Clostridia.o__Oscillospirales.f__Acutalibacteraceae.g__Hominenteromicrobium.s__Hominenteromicrobium.mulieris	BMI	BMI	-0.0443182766068229	0.155218012096295	146	112	0.775674892329612	0.957292725048114
d__Bacteria.p__Bacillota_A.c__Clostridia.o__Oscillospirales.f__Oscillospiraceae.g__CAG.103.s__CAG.103.sp900317855	Group	PD	-0.103316465515965	0.362406547772668	146	36	0.776009977069567	0.957292725048114
d__Bacteria.p__Bacillota_A.c__Clostridia.o__Oscillospirales.f__Oscillospiraceae.g__Lawsonibacter.s__Lawsonibacter.aceti	Group	PD	0.0257547685520635	0.0888524092124059	146	15	0.77236150670115	0.957292725048114
d__Bacteria.p__Bacillota_A.c__Clostridia.o__Oscillospirales.f__Oscillospiraceae.g__Pseudoflavonifractor.s__Pseudoflavonifractor.faecis	BMI	BMI	-0.0103160096834921	0.0368253434958242	146	17	0.779797681518351	0.957292725048114
d__Bacteria.p__Bacillota_A.c__Clostridia.o__Oscillospirales.f__Oscillospiraceae.g__Vescimonas.s__Vescimonas.sp000435975	Group	PD	0.064020368208047	0.219672206930209	146	27	0.771158753021599	0.957292725048114
d__Bacteria.p__Bacillota_A.c__Clostridia.o__Oscillospirales.f__Ruminococcaceae.g__CAG.115.s__CAG.115.sp003531585	Sex_Male1_Female2	Female	0.0365326681051235	0.130429314469187	146	20	0.779826694023152	0.957292725048114
d__Bacteria.p__Bacillota_A.c__Clostridia.o__Oscillospirales.f__Ruminococcaceae.g__Gemmiger.s__Gemmiger.formicilis	BMI	BMI	-0.0489633710652949	0.172626539516501	146	97	0.777116334422863	0.957292725048114
d__Bacteria.p__Bacillota_C.c__Negativicutes.o__Acidaminococcales.f__Acidaminococcaceae.g__Phascolarctobacterium.s__Phascolarctobacterium.faecium	Sex_Male1_Female2	Female	0.0754543054562687	0.263980087771464	146	66	0.775437515880332	0.957292725048114
d__Bacteria.p__Bacteroidota.c__Bacteroidia.o__Bacteroidales.f__Bacteroidaceae.g__Phocaeicola.s__Phocaeicola.dorei	Group	PD	-0.110553571744642	0.392000680479985	146	76	0.77835074867102	0.957292725048114
d__Bacteria.p__Bacteroidota.c__Bacteroidia.o__Bacteroidales.f__Rikenellaceae.g__Alistipes.s__Alistipes.senegalensis	Group	PD	0.0429542977946253	0.151010043795062	146	29	0.776497622139118	0.957292725048114
d__Bacteria.p__Actinomycetota.c__Coriobacteriia.o__Coriobacteriales.f__QAMH01.g__QAMH01.s__QAMH01.sp900544245	Sex_Male1_Female2	Female	-0.0502516663201596	0.185577764019803	146	33	0.786963972766144	0.958009195966054
d__Bacteria.p__Bacillota_A.c__Clostridia.o__Christensenellales.f__QAND01.g__UMGS1975.s__UMGS1975.sp959600905	BMI	BMI	0.0183055298939351	0.0659118670410738	146	33	0.781640316401109	0.958009195966054
d__Bacteria.p__Bacillota_A.c__Clostridia.o__Lachnospirales.f__Lachnospiraceae.g__Blautia_A.s__Blautia_A.sp934394595	Group	PD	-0.0461663297882996	0.171423322906249	146	53	0.788094908980988	0.958009195966054
d__Bacteria.p__Bacillota_A.c__Clostridia.o__Lachnospirales.f__Lachnospiraceae.g__Roseburia.s__Roseburia.inulinivorans	BMI	BMI	0.0300284785798789	0.109173375941651	146	78	0.78368980006027	0.958009195966054
d__Bacteria.p__Bacillota_A.c__Clostridia.o__Lachnospirales.f__Lachnospiraceae.g__Schaedlerella.s__Schaedlerella.glycyrrhizinilytica_A	BMI	BMI	-0.0222130323632589	0.0819048329560953	146	42	0.78664127885664	0.958009195966054
d__Bacteria.p__Bacillota_A.c__Clostridia.o__Oscillospirales.f__CAG.272.g__UMGS1696.s__UMGS1696.sp900753285	BMI	BMI	-0.0106044717642853	0.0392564322021165	146	15	0.787464159291684	0.958009195966054
d__Bacteria.p__Bacillota_A.c__Clostridia.o__Oscillospirales.f__Ruminococcaceae.g__Zongyangia.s__Zongyangia.gallinarum	BMI	BMI	0.0166836734292455	0.0619427341895385	146	23	0.788073066896117	0.958009195966054
d__Bacteria.p__Bacteroidota.c__Bacteroidia.o__Bacteroidales.f__Bacteroidaceae.g__Bacteroides.s__Bacteroides.stercoris	Group	PD	0.0927814089513694	0.339730483715955	146	49	0.785185304773538	0.958009195966054
d__Bacteria.p__Pseudomonadota.c__Alphaproteobacteria.o__RF32.f__CAG.239.g__Scatacola_A.s__Scatacola_A.faecigallinarum	Sex_Male1_Female2	Female	-0.0627061351653222	0.231786687493379	146	26	0.787156749731198	0.958009195966054
d__Bacteria.p__Bacillota_A.c__Clostridia.o__Lachnospirales.f__Lachnospiraceae.g__Blautia_A.s__Blautia_A.intestinalis	Group	PD	0.0729603004654288	0.272331888238941	146	80	0.789171922811596	0.958117572299588
d__Bacteria.p__Bacillota_A.c__Clostridia.o__Oscillospirales.f__Oscillospiraceae.g__Flavonifractor.s__Flavonifractor.plautii	BMI	BMI	-0.0282090121111768	0.105662694208025	146	65	0.789891937947521	0.958117572299588
d__Bacteria.p__Bacillota.c__Bacilli.o__Lactobacillales.f__Streptococcaceae.g__Streptococcus.s__Streptococcus.parasanguinis_G	Sex_Male1_Female2	Female	0.0533022985039195	0.234058485071362	146	57	0.820195136009308	0.958256049031932
d__Bacteria.p__Bacillota.c__Bacilli.o__Lactobacillales.f__Streptococcaceae.g__Streptococcus.s__Streptococcus.sp902463925	Sex_Male1_Female2	Female	0.0473574075860963	0.216560438504408	146	23	0.827224864041914	0.958256049031932
d__Bacteria.p__Bacillota.c__Bacilli.o__MOL361.f__Turicibacteraceae.g__Turicibacter.s__Turicibacter.bilis	Sex_Male1_Female2	Female	0.0352514215427731	0.154483913816068	146	33	0.819840089539935	0.958256049031932
d__Bacteria.p__Bacillota_A.c__Clostridia.o__Christensenellales.f__Aristaeellaceae.g__Alectryocaccomicrobium.s__Alectryocaccomicrobium.faecavium	Sex_Male1_Female2	Female	-0.0276626817260192	0.128899953500794	146	23	0.83039375768161	0.958256049031932
d__Bacteria.p__Bacillota_A.c__Clostridia.o__Christensenellales.f__Aristaeellaceae.g__Egerieenecus.s__Egerieenecus.merdigallinarum	Sex_Male1_Female2	Female	-0.0412343061497279	0.189412101057305	146	37	0.827989680135887	0.958256049031932
d__Bacteria.p__Bacillota_A.c__Clostridia.o__Christensenellales.f__Aristaeellaceae.g__Faecivicinus.s__Faecivicinus.avistercoris	Sex_Male1_Female2	Female	0.0314399155335812	0.154184717104583	146	28	0.838725861126963	0.958256049031932
d__Bacteria.p__Bacillota_A.c__Clostridia.o__Christensenellales.f__Aristaeellaceae.g__Faecivicinus.s__Faecivicinus.sp900553265	Group	PD	-0.022154390012496	0.0962671368300606	146	17	0.818330523718861	0.958256049031932
d__Bacteria.p__Bacillota_A.c__Clostridia.o__Christensenellales.f__Aristaeellaceae.g__RUG11247.s__RUG11247.sp902767315	BMI	BMI	-0.00865501906109549	0.0386765828807564	146	17	0.823262388077988	0.958256049031932
d__Bacteria.p__Bacillota_A.c__Clostridia.o__Christensenellales.f__Aristaeellaceae.g__Ventricola.s__Ventricola.sp900542395	Group	PD	0.042600754419242	0.204275459296732	146	42	0.835112694707751	0.958256049031932
d__Bacteria.p__Bacillota_A.c__Clostridia.o__Christensenellales.f__CAG.138.g__PeH17.s__PeH17.sp000435055	Sex_Male1_Female2	Female	0.0641533502590723	0.279003383393489	146	52	0.818483272624277	0.958256049031932
d__Bacteria.p__Bacillota_A.c__Clostridia.o__Christensenellales.f__CAG.138.g__Phil1.s__Phil1.sp001940855	Group	PD	-0.0417828149383279	0.187340107402441	146	21	0.823842895767942	0.958256049031932
d__Bacteria.p__Bacillota_A.c__Clostridia.o__Christensenellales.f__CAG.138.g__UBA1685.s__UBA1685.sp002320595	BMI	BMI	0.0155022956594514	0.0752975956426858	146	19	0.837189995397498	0.958256049031932
d__Bacteria.p__Bacillota_A.c__Clostridia.o__Christensenellales.f__QAND01.g__UMGS1975.s__UMGS1975.sp959600905	Group	PD	-0.0293119734930937	0.142635283944645	146	33	0.837484224926939	0.958256049031932
d__Bacteria.p__Bacillota_A.c__Clostridia.o__Lachnospirales.f__Lachnospiraceae.g__Alitiscatomonas.s__Alitiscatomonas.sp900066785	Sex_Male1_Female2	Female	0.0351966418596008	0.140721437260018	146	24	0.802872539986669	0.958256049031932
d__Bacteria.p__Bacillota_A.c__Clostridia.o__Lachnospirales.f__Lachnospiraceae.g__Alitiscatomonas.s__Alitiscatomonas.sp900066785	BMI	BMI	0.0141828822034403	0.069302957207337	146	24	0.838148954276447	0.958256049031932
d__Bacteria.p__Bacillota_A.c__Clostridia.o__Lachnospirales.f__Lachnospiraceae.g__Blautia.s__Blautia.stercoris	Sex_Male1_Female2	Female	-0.0582696689748418	0.233760771097466	146	35	0.803524868773118	0.958256049031932
d__Bacteria.p__Bacillota_A.c__Clostridia.o__Lachnospirales.f__Lachnospiraceae.g__Blautia_A.s__Blautia_A.faecis	Group	PD	0.0493682935252355	0.239988297546341	146	140	0.837321830323203	0.958256049031932
d__Bacteria.p__Bacillota_A.c__Clostridia.o__Lachnospirales.f__Lachnospiraceae.g__Blautia_A.s__Blautia_A.luti	Sex_Male1_Female2	Female	0.0405025792200323	0.160926483801367	146	37	0.801662676947249	0.958256049031932
d__Bacteria.p__Bacillota_A.c__Clostridia.o__Lachnospirales.f__Lachnospiraceae.g__Blautia_A.s__Blautia_A.sp900066205	Group	PD	0.0791684711143087	0.306816413182162	146	44	0.796769376671844	0.958256049031932
d__Bacteria.p__Bacillota_A.c__Clostridia.o__Lachnospirales.f__Lachnospiraceae.g__Butyribacter.s__Butyribacter.sp000436755	Sex_Male1_Female2	Female	0.0205676246898034	0.0996753040062987	146	17	0.836826799683041	0.958256049031932
d__Bacteria.p__Bacillota_A.c__Clostridia.o__Lachnospirales.f__Lachnospiraceae.g__CAG.194.s__CAG.194.sp000432915	BMI	BMI	0.0241104386153085	0.108210024529193	146	32	0.824014064226996	0.958256049031932
d__Bacteria.p__Bacillota_A.c__Clostridia.o__Lachnospirales.f__Lachnospiraceae.g__Coprococcus_A.s__Coprococcus_A.catus_A	Sex_Male1_Female2	Female	-0.0465198789018333	0.223231911107267	146	93	0.835231932437633	0.958256049031932
d__Bacteria.p__Bacillota_A.c__Clostridia.o__Lachnospirales.f__Lachnospiraceae.g__Dorea_A.s__Dorea_A.amylophila	BMI	BMI	0.0264087819978869	0.121757502914596	146	69	0.828611630432072	0.958256049031932
d__Bacteria.p__Bacillota_A.c__Clostridia.o__Lachnospirales.f__Lachnospiraceae.g__Dorea_D.s__Dorea_D.sp900543415	Sex_Male1_Female2	Female	0.0505085407200767	0.218793796107523	146	28	0.817775750689156	0.958256049031932
d__Bacteria.p__Bacillota_A.c__Clostridia.o__Lachnospirales.f__Lachnospiraceae.g__Dorea_D.s__Dorea_D.sp900543415	BMI	BMI	0.0281968498172703	0.107752289801112	146	28	0.793959525299315	0.958256049031932
d__Bacteria.p__Bacillota_A.c__Clostridia.o__Lachnospirales.f__Lachnospiraceae.g__Eisenbergiella.s__Eisenbergiella.tayi	Sex_Male1_Female2	Female	0.040126007832349	0.179475149181345	146	38	0.823421702240946	0.958256049031932
d__Bacteria.p__Bacillota_A.c__Clostridia.o__Lachnospirales.f__Lachnospiraceae.g__Eubacterium_I.s__Eubacterium_I.ramulus_A	Sex_Male1_Female2	Female	0.0287751554665377	0.124289083862298	146	19	0.817257866411105	0.958256049031932
d__Bacteria.p__Bacillota_A.c__Clostridia.o__Lachnospirales.f__Lachnospiraceae.g__Hominisplanchenecus.s__Hominisplanchenecus.faecis	Sex_Male1_Female2	Female	-0.0638686620063968	0.261165376034714	146	65	0.807168790776649	0.958256049031932
d__Bacteria.p__Bacillota_A.c__Clostridia.o__Lachnospirales.f__Lachnospiraceae.g__Ruminococcus_B.s__Ruminococcus_B.gnavus	BMI	BMI	-0.0311686637724986	0.153642479308912	146	49	0.839541618715142	0.958256049031932
d__Bacteria.p__Bacillota_A.c__Clostridia.o__Oscillospirales.f__Acutalibacteraceae.g__Acutalibacter.s__Acutalibacter.sp900548545	BMI	BMI	0.0149056997102936	0.0653299037469494	146	24	0.819861701780566	0.958256049031932
d__Bacteria.p__Bacillota_A.c__Clostridia.o__Oscillospirales.f__Acutalibacteraceae.g__Eubacterium_R.s__Eubacterium_R.sp000434995	Group	PD	0.0473629550227189	0.179021201077926	146	25	0.791741285672425	0.958256049031932
d__Bacteria.p__Bacillota_A.c__Clostridia.o__Oscillospirales.f__Acutalibacteraceae.g__Fimivicinus.s__Fimivicinus.sp900544375	Group	PD	0.0652866726403314	0.254927391675796	146	26	0.798258470276542	0.958256049031932
d__Bacteria.p__Bacillota_A.c__Clostridia.o__Oscillospirales.f__Acutalibacteraceae.g__Ruminococcus_E.s__Ruminococcus_E.intestinalis	Sex_Male1_Female2	Female	-0.0730063773637255	0.287396009192041	146	19	0.799855475017743	0.958256049031932
d__Bacteria.p__Bacillota_A.c__Clostridia.o__Oscillospirales.f__CAG.382.g__Woodwardibium.s__Woodwardibium.gallinarum	BMI	BMI	-0.0101345184719638	0.0441266886946893	146	17	0.818691775608303	0.958256049031932
d__Bacteria.p__Bacillota_A.c__Clostridia.o__Oscillospirales.f__Oscillospiraceae.g__Faecousia.s__Faecousia.sp958436045	Sex_Male1_Female2	Female	-0.0241267656480819	0.117208463713163	146	30	0.837217628256008	0.958256049031932
d__Bacteria.p__Bacillota_A.c__Clostridia.o__Oscillospirales.f__Oscillospiraceae.g__Intestinimonas.s__Intestinimonas.massiliensis	Sex_Male1_Female2	Female	0.0343770574109651	0.129500505644018	146	30	0.791055024868837	0.958256049031932
d__Bacteria.p__Bacillota_A.c__Clostridia.o__Oscillospirales.f__Oscillospiraceae.g__Pseudoscilispira.s__Pseudoscilispira.sp018369915	BMI	BMI	0.00768861862705844	0.0365088561956647	146	15	0.833515448491195	0.958256049031932
d__Bacteria.p__Bacillota_A.c__Clostridia.o__Oscillospirales.f__Oscillospiraceae.g__Scatomorpha.s__Scatomorpha.sp900545405	Group	PD	-0.0485867376071392	0.234831120379567	146	27	0.836394559541106	0.958256049031932
d__Bacteria.p__Bacillota_A.c__Clostridia.o__Oscillospirales.f__Oscillospiraceae.g__Vescimonas.s__Vescimonas.sp000435555	BMI	BMI	-0.0361770428560932	0.158719262076281	146	60	0.82003969964445	0.958256049031932
d__Bacteria.p__Bacillota_A.c__Clostridia.o__Oscillospirales.f__Oscillospiraceae.g__Vescimonas.s__Vescimonas.sp900545585	Group	PD	-0.0276735169611608	0.130872417312351	146	17	0.832847131113648	0.958256049031932
d__Bacteria.p__Bacillota_A.c__Clostridia.o__Oscillospirales.f__Ruminococcaceae.g__Avimicrobium.s__Avimicrobium.caecorum	Group	PD	-0.0304446635326262	0.12664133293315	146	26	0.810379004518046	0.958256049031932
d__Bacteria.p__Bacillota_A.c__Clostridia.o__Oscillospirales.f__Ruminococcaceae.g__Faecalibacterium.s__Faecalibacterium.sp900758465	Sex_Male1_Female2	Female	-0.0378334515928083	0.16547753469661	146	36	0.819495913671186	0.958256049031932
d__Bacteria.p__Bacillota_A.c__Clostridia.o__Oscillospirales.f__Ruminococcaceae.g__Gemmiger.s__Gemmiger.sp900540595	Group	PD	0.0453490163267458	0.218265414670158	146	28	0.835717057473507	0.958256049031932
d__Bacteria.p__Bacillota_A.c__Clostridia.o__Oscillospirales.f__Ruminococcaceae.g__Porcipelethomonas.s__Porcipelethomonas.sp900538575	BMI	BMI	-0.0277061446949541	0.129953134523318	146	22	0.831487084740375	0.958256049031932
d__Bacteria.p__Bacillota_A.c__Clostridia.o__Oscillospirales.f__Ruminococcaceae.g__Ruminococcus_C.s__Ruminococcus_C.callidus	Sex_Male1_Female2	Female	0.0520590537192996	0.210539955738962	146	20	0.805073710710491	0.958256049031932
d__Bacteria.p__Bacillota_A.c__Clostridia.o__Oscillospirales.f__Ruminococcaceae.g__Ruminococcus_C.s__Ruminococcus_C.sp000980705	Group	PD	0.0361405423750081	0.171130088587637	146	15	0.833054753039648	0.958256049031932
d__Bacteria.p__Bacillota_A.c__Clostridia.o__TANB77.f__CAG.508.g__CAG.273.s__CAG.273.sp000438355	BMI	BMI	-0.0217964197084345	0.083427164137251	146	40	0.794282150991753	0.958256049031932
d__Bacteria.p__Bacillota_I.c__Bacilli_A.o__Erysipelotrichales.f__Erysipelotrichaceae.g__Longicatena.s__Longicatena.caecimuris	Sex_Male1_Female2	Female	-0.0409156031883433	0.160880366016423	146	28	0.799627237373992	0.958256049031932
d__Bacteria.p__Bacillota_I.c__Bacilli_A.o__RF39.f__UBA660.g__CAG.302.s__CAG.302.sp934162325	Sex_Male1_Female2	Female	0.0382605882625475	0.177739270042043	146	21	0.829882843031555	0.958256049031932
d__Bacteria.p__Bacteroidota.c__Bacteroidia.o__Bacteroidales.f__Bacteroidaceae.g__Bacteroides.s__Bacteroides.sp900557355	BMI	BMI	-0.022935421937238	0.0980673076232131	146	23	0.815431694620177	0.958256049031932
d__Bacteria.p__Bacteroidota.c__Bacteroidia.o__Bacteroidales.f__Barnesiellaceae.g__Barnesiella.s__Barnesiella.intestinihominis	Sex_Male1_Female2	Female	-0.0757406918115727	0.288310772639718	146	83	0.793172577952297	0.958256049031932
d__Bacteria.p__Bacteroidota.c__Bacteroidia.o__Bacteroidales.f__Coprobacteraceae.g__Coprobacter.s__Coprobacter.fastidiosus	BMI	BMI	0.0142496832195533	0.064484738981157	146	19	0.825438869785139	0.958256049031932
d__Bacteria.p__Bacteroidota.c__Bacteroidia.o__Bacteroidales.f__Rikenellaceae.g__Alistipes.s__Alistipes.communis	BMI	BMI	-0.029529206817162	0.12430845379901	146	88	0.812586676266616	0.958256049031932
d__Bacteria.p__Bacteroidota.c__Bacteroidia.o__Bacteroidales.f__Rikenellaceae.g__Alistipes.s__Alistipes.dispar	Sex_Male1_Female2	Female	-0.0359793645274941	0.172041100331189	146	20	0.834655542147887	0.958256049031932
d__Bacteria.p__Pseudomonadota.c__Gammaproteobacteria.o__Burkholderiales.f__Burkholderiaceae.g__Parasutterella.s__Parasutterella.sp900552195	Sex_Male1_Female2	Female	0.0513992539050638	0.208856779903588	146	49	0.805974632678942	0.958256049031932
d__Bacteria.p__Pseudomonadota.c__Gammaproteobacteria.o__Enterobacterales.f__Enterobacteriaceae.g__Escherichia.s__Escherichia.coli_F	BMI	BMI	0.039545440749289	0.172642422629845	146	61	0.819164021735305	0.958256049031932
d__Bacteria.p__Verrucomicrobiota.c__Verrucomicrobiae.o__Verrucomicrobiales.f__Akkermansiaceae.g__Akkermansia.s__Akkermansia.biwaensis	Group	PD	-0.0783376730306441	0.317037345164537	146	20	0.805206235674112	0.958256049031932
d__Bacteria.p__Verrucomicrobiota.c__Verrucomicrobiae.o__Verrucomicrobiales.f__Akkermansiaceae.g__Akkermansia.s__Akkermansia.muciniphila_F	BMI	BMI	0.0344786393363723	0.13809195153724	146	22	0.8032096978959	0.958256049031932
d__Bacteria.p__Bacillota_A.c__Clostridia.o__Lachnospirales.f__Lachnospiraceae.g__Limivivens.s__Limivivens.sp934393555	Sex_Male1_Female2	Female	0.0271296246341569	0.135150054930498	146	34	0.841201882342138	0.958271078124245
d__Bacteria.p__Bacillota_A.c__Clostridia.o__Oscillospirales.f__Acutalibacteraceae.g__Fimivicinus.s__Fimivicinus.sp900544375	BMI	BMI	-0.0231337486808037	0.11780213058491	146	26	0.844605307044681	0.958271078124245
d__Bacteria.p__Bacillota_A.c__Clostridia.o__Oscillospirales.f__Oscillospiraceae.g__CAG.170.s__CAG.170.sp900545925	Group	PD	-0.0262811838824822	0.132983512938461	146	26	0.843629530470329	0.958271078124245
d__Bacteria.p__Bacillota_A.c__Clostridia.o__TANB77.f__CAG.508.g__CAG.273.s__CAG.273.sp000438355	Group	PD	0.0360529109242134	0.180538919311721	146	40	0.842014396628236	0.958271078124245
d__Bacteria.p__Bacteroidota.c__Bacteroidia.o__Bacteroidales.f__Bacteroidaceae.g__Bacteroides.s__Bacteroides.ovatus	Sex_Male1_Female2	Female	-0.0535611703095622	0.272876749440482	146	96	0.844679230182601	0.958271078124245
d__Bacteria.p__Desulfobacterota.c__Desulfovibrionia.o__Desulfovibrionales.f__Desulfovibrionaceae.g__Desulfovibrio.s__Desulfovibrio.sp018379785	Group	PD	0.0256904241637418	0.130384245632989	146	23	0.844091177775859	0.958271078124245
d__Bacteria.p__Actinomycetota.c__Actinomycetes.o__Actinomycetales.f__Bifidobacteriaceae.g__Bifidobacterium.s__Bifidobacterium.pseudocatenulatum	BMI	BMI	-0.0234651619312867	0.12303450862832	146	26	0.849027172748267	0.961195102962867
d__Bacteria.p__Bacillota_A.c__Clostridia.o__Lachnospirales.f__Lachnospiraceae.g__Enterocloster.s__Enterocloster.sp001517625	Group	PD	0.0428007047730166	0.225213676630151	146	24	0.849555268083957	0.961195102962867
d__Bacteria.p__Bacillota_A.c__Clostridia.o__Oscillospirales.f__Oscillospiraceae.g__Lawsonibacter.s__Lawsonibacter.sp900066825	BMI	BMI	-0.0103338085953943	0.0544750998682972	146	16	0.849826686398542	0.961195102962867
d__Bacteria.p__Bacillota_A.c__Clostridia.o__Lachnospirales.f__Lachnospiraceae.g__Hominiventricola.s__Hominiventricola.filiformis	BMI	BMI	-0.0139633040320327	0.0742634643704539	146	41	0.851136149527477	0.961689115546624
d__Bacteria.p__Bacillota_A.c__Clostridia.o__Peptostreptococcales.f__Anaerovoracaceae.g__Fimisoma.s__Fimisoma.avicola	Group	PD	-0.0259340928597039	0.138723308330476	146	20	0.851977701295316	0.961689115546624
d__Bacteria.p__Bacillota_A.c__Clostridia.o__Oscillospirales.f__Oscillospiraceae.g__Evtepia.s__Evtepia.excrementipullorum	Group	PD	-0.0438640578061657	0.238024559070816	146	33	0.854063362919282	0.962107523288589
d__Bacteria.p__Bacillota_A.c__Clostridia.o__Oscillospirales.f__Ruminococcaceae.g__Faecalibacterium.s__Faecalibacterium.prausnitzii_E	Sex_Male1_Female2	Female	-0.0524594085456462	0.283280071874516	146	24	0.853357288306425	0.962107523288589
d__Bacteria.p__Bacillota.c__Bacilli.o__Lactobacillales.f__Streptococcaceae.g__Streptococcus.s__Streptococcus.mutans	BMI	BMI	-0.0169346468056725	0.0940264873458221	146	24	0.857336216299602	0.96289412881697
d__Bacteria.p__Bacillota_A.c__Clostridia.o__Lachnospirales.f__Lachnospiraceae.g__Blautia_A.s__Blautia_A.sp900066205	Sex_Male1_Female2	Female	-0.0519621451571634	0.287888108829748	146	44	0.857031300758658	0.96289412881697
d__Bacteria.p__Bacillota_A.c__Clostridia.o__Lachnospirales.f__Lachnospiraceae.g__Mediterraneibacter_A.s__Mediterraneibacter_A.butyricigenes	BMI	BMI	0.0108603727172218	0.0599643088728597	146	29	0.856545804692609	0.96289412881697
d__Bacteria.p__Bacillota_A.c__Clostridia.o__Lachnospirales.f__Lachnospiraceae.g__Eubacterium_I.s__Eubacterium_I.ramulus	Sex_Male1_Female2	Female	-0.0373571149141424	0.210022783226575	146	77	0.859086449343112	0.963894996162972
d__Bacteria.p__Bacillota_A.c__Clostridia.o__Oscillospirales.f__Acutalibacteraceae.g__Eubacterium_R.s__Eubacterium_R.sp000434995	Sex_Male1_Female2	Female	0.029431626770236	0.167976916502688	146	25	0.861171487933742	0.965269140321337
d__Bacteria.p__Bacillota_A.c__Clostridia.o__Oscillospirales.f__Oscillospiraceae.g__Onthomonas.s__Onthomonas.sp900545815	Group	PD	-0.0255312939000173	0.14774181851725	146	27	0.86305565966942	0.966415618911266
d__Bacteria.p__Bacillota_A.c__Clostridia.o__Oscillospirales.f__Oscillospiraceae.g__Evtepia.s__Evtepia.sp004556345	BMI	BMI	0.0100641238283092	0.0589666168806536	146	19	0.864731174088709	0.967326398133132
d__Bacteria.p__Bacillota_A.c__Clostridia.o__Oscillospirales.f__Acutalibacteraceae.g__UMGS1071.s__UMGS1071.sp934476545	BMI	BMI	-0.00859883175513165	0.0533640705745327	146	19	0.872224269798625	0.9699064724619
d__Bacteria.p__Bacillota_A.c__Clostridia.o__Oscillospirales.f__CAG.272.g__UMGS911.s__UMGS911.sp003343545	Sex_Male1_Female2	Female	0.0157458919515091	0.0959600550815525	146	18	0.869903717121576	0.9699064724619
d__Bacteria.p__Bacillota_A.c__Clostridia.o__Oscillospirales.f__Oscillospiraceae.g__Scatomorpha.s__Scatomorpha.intestinigallinarum	Group	PD	0.0304548113327692	0.188392061976463	146	23	0.871814483247554	0.9699064724619
d__Bacteria.p__Bacillota_A.c__Clostridia.o__Peptostreptococcales.f__Anaerovoracaceae.g__UMGS973.s__UMGS973.sp900547295	BMI	BMI	0.0107662832633762	0.065203660644173	146	23	0.869094676498053	0.9699064724619
d__Bacteria.p__Bacteroidota.c__Bacteroidia.o__Bacteroidales.f__Bacteroidaceae.g__Bacteroides.s__Bacteroides.fragilis	Sex_Male1_Female2	Female	0.0455042071202849	0.281563294412876	146	69	0.871848944434891	0.9699064724619
d__Bacteria.p__Bacteroidota.c__Bacteroidia.o__Bacteroidales.f__Rikenellaceae.g__Alistipes.s__Alistipes.communis	Group	PD	0.0444172226983287	0.269007272898102	146	88	0.869096601623896	0.9699064724619
d__Bacteria.p__Bacteroidota.c__Bacteroidia.o__Bacteroidales.f__Marinifilaceae.g__Odoribacter.s__Odoribacter.splanchnicus	Sex_Male1_Female2	Female	0.0326143851986455	0.207380684941605	146	94	0.875265032082005	0.972324124748525
d__Bacteria.p__Bacillota_A.c__Clostridia.o__Oscillospirales.f__Acutalibacteraceae.g__UMGS1264.s__UMGS1264.sp904399395	Group	PD	0.0230919158970928	0.148655867522407	146	27	0.876783439250902	0.97304749637934
d__Bacteria.p__Bacillota_A.c__Clostridia.o__Lachnospirales.f__Lachnospiraceae.g__Coprococcus_A.s__Coprococcus_A.catus	Group	PD	0.0362225193175012	0.23799883413146	146	51	0.879256096438795	0.974827411269098
d__Bacteria.p__Bacillota_A.c__Clostridia.o__Oscillospirales.f__Acutalibacteraceae.g__UMGS1071.s__UMGS1071.sp934476545	Sex_Male1_Female2	Female	-0.0160851177683662	0.108357117962901	146	19	0.882209531650345	0.977136322321507
d__Bacteria.p__Bacillota_A.c__Clostridia.o__Christensenellales.f__Aristaeellaceae.g__Pullichristensenella.s__Pullichristensenella.sp946496415	BMI	BMI	-0.00928466791602636	0.0641266722829339	146	33	0.885092330430147	0.979362519470044
d__Bacteria.p__Bacillota_A.c__Clostridia.o__Lachnospirales.f__Lachnospiraceae.g__Dorea.s__Dorea.formicigenerans	Sex_Male1_Female2	Female	-0.029166845639055	0.205032066565276	146	113	0.88708754631056	0.979638018661859
d__Bacteria.p__Bacillota_A.c__Clostridia.o__Lachnospirales.f__Lachnospiraceae.g__Eubacterium_G.s__Eubacterium_G.sp000435815	Group	PD	0.0198347348844971	0.138577187204166	146	24	0.886396778440215	0.979638018661859
d__Bacteria.p__Bacillota_A.c__Clostridia.o__Lachnospirales.f__Lachnospiraceae.g__Hominifimenecus.s__Hominifimenecus.microfluidus	BMI	BMI	-0.00971460831228888	0.0693996489690544	146	23	0.888880861600845	0.980227579716933
d__Bacteria.p__Bacillota_A.c__Clostridia.o__Peptostreptococcales.f__Anaerovoracaceae.g__Fimisoma.s__Fimisoma.avicola	BMI	BMI	-0.00893368644632031	0.0641041403032135	146	20	0.889368695322493	0.980227579716933
d__Bacteria.p__Bacteroidota.c__Bacteroidia.o__Bacteroidales.f__Rikenellaceae.g__Tidjanibacter.s__Tidjanibacter.inops	Sex_Male1_Female2	Female	0.0258630209062835	0.19070834746661	146	24	0.892324258002523	0.982519938644584
d__Bacteria.p__Bacillota_A.c__Clostridia.o__Oscillospirales.f__Acutalibacteraceae.g__Ruminococcus_E.s__Ruminococcus_E.bromii	Sex_Male1_Female2	Female	-0.0634949311789419	0.476051691516729	146	92	0.894089982617326	0.983498980879059
d__Bacteria.p__Bacteroidota.c__Bacteroidia.o__Bacteroidales.f__Marinifilaceae.g__Odoribacter.s__Odoribacter.splanchnicus	Group	PD	-0.0290224518568326	0.221015720919101	146	94	0.895719580508684	0.98432651256684
d__Bacteria.p__Actinomycetota.c__Coriobacteriia.o__Coriobacteriales.f__Eggerthellaceae.g__Gordonibacter.s__Gordonibacter.pamelaeae	BMI	BMI	0.00806967941212125	0.0651906039238354	146	34	0.90166620147625	0.985072520015923
d__Bacteria.p__Bacillota_A.c__Clostridia.o__Christensenellales.f__Aristaeellaceae.g__Alectryocaccomicrobium.s__Alectryocaccomicrobium.faecavium	BMI	BMI	0.00790096303573838	0.0634810739247	146	23	0.90113214823246	0.985072520015923
d__Bacteria.p__Bacillota_A.c__Clostridia.o__Lachnospirales.f__Lachnospiraceae.g__Blautia_A.s__Blautia_A.sp900120195	Sex_Male1_Female2	Female	-0.0236590894693691	0.190648891864913	146	35	0.901419808615897	0.985072520015923
d__Bacteria.p__Bacillota_A.c__Clostridia.o__Lachnospirales.f__Lachnospiraceae.g__Schaedlerella.s__Schaedlerella.glycyrrhizinilytica_A	Sex_Male1_Female2	Female	-0.0206126007581053	0.166309870120567	146	42	0.901543699774496	0.985072520015923
d__Bacteria.p__Bacillota_A.c__Clostridia.o__Oscillospirales.f__Acutalibacteraceae.g__Fimenecus.s__Fimenecus.sp000432435	BMI	BMI	0.0167327932498425	0.131791760945406	146	31	0.899155144342513	0.985072520015923
d__Bacteria.p__Bacillota_A.c__Clostridia.o__UBA1381.f__UBA1381.g__Hominilimicola.s__Hominilimicola.fabiformis	BMI	BMI	-0.0131756733132669	0.104245421884927	146	116	0.899607804497291	0.985072520015923
d__Bacteria.p__Bacillota_A.c__Clostridia.o__Lachnospirales.f__Lachnospiraceae.g__Blautia_A.s__Blautia_A.caecimuris	BMI	BMI	-0.0160284109450013	0.135550976711546	146	36	0.906045645618734	0.987120802110159
d__Bacteria.p__Bacillota_A.c__Clostridia.o__Lachnospirales.f__Lachnospiraceae.g__Jutongia.s__Jutongia.sp003524945	BMI	BMI	-0.00837279203187891	0.0709102186638077	146	15	0.906180415484371	0.987120802110159
d__Bacteria.p__Bacillota_A.c__Clostridia.o__Lachnospirales.f__Lachnospiraceae.g__Sellimonas.s__Sellimonas.intestinalis	BMI	BMI	-0.0110171425777721	0.0921536070936982	146	32	0.905013226845555	0.987120802110159
d__Bacteria.p__Actinomycetota.c__Actinomycetes.o__Actinomycetales.f__Bifidobacteriaceae.g__Bifidobacterium.s__Bifidobacterium.infantis	Sex_Male1_Female2	Female	0.0478101613804752	0.41353026455795	146	87	0.908127233576886	0.987763473252709
d__Bacteria.p__Bacillota_A.c__Clostridia.o__Lachnospirales.f__Lachnospiraceae.g__Eubacterium_F.s__Eubacterium_F.sp000433735	BMI	BMI	-0.00909660990003783	0.0798008211105258	146	32	0.909411468689883	0.987763473252709
d__Bacteria.p__Pseudomonadota.c__Alphaproteobacteria.o__RF32.f__CAG.239.g__Scatacola_A.s__Scatacola_A.faecigallinarum	Group	PD	0.0281756745991653	0.247026389416279	146	26	0.909357713446611	0.987763473252709
d__Bacteria.p__Bacillota_A.c__Clostridia.o__Oscillospirales.f__Oscillospiraceae.g__CAG.170.s__CAG.170.sp900553545	Group	PD	0.0121080541828476	0.108224955217084	146	17	0.911083433827818	0.988622449472739
d__Bacteria.p__Bacillota_A.c__Clostridia.o__Oscillospirales.f__Acutalibacteraceae.g__Ruminococcus_E.s__Ruminococcus_E.bromii	Group	PD	0.0553921084740787	0.507351529989179	146	92	0.913220308610694	0.989983754841739
d__Bacteria.p__Bacillota_A.c__Clostridia.o__Christensenellales.f__Aristaeellaceae.g__Pullichristensenella.s__Pullichristensenella.stercorigallinarum	Group	PD	0.0140251859192403	0.132604238943903	146	23	0.915921727314232	0.990997278733431
d__Bacteria.p__Bacteroidota.c__Bacteroidia.o__Bacteroidales.f__Rikenellaceae.g__Alistipes.s__Alistipes.communis	Sex_Male1_Female2	Female	-0.0268646421459975	0.252411512972426	146	88	0.915395357706982	0.990997278733431
d__Bacteria.p__Bacillota_A.c__Clostridia.o__Lachnospirales.f__Lachnospiraceae.g__Mediterraneibacter.s__Mediterraneibacter.sp934330165	BMI	BMI	-0.013264333399925	0.127761410688677	146	49	0.91746313175585	0.991277444630454
d__Bacteria.p__Bacillota_A.c__Clostridia.o__Lachnospirales.f__Lachnospiraceae.g__Ruminococcus_B.s__Ruminococcus_B.gnavus	Sex_Male1_Female2	Female	0.0321987745972437	0.311975006316957	146	49	0.917947651489342	0.991277444630454
d__Bacteria.p__Bacillota_A.c__Clostridia.o__Christensenellales.f__UBA1750.g__Spyradocola.s__Spyradocola.merdavium	Group	PD	0.0154762986963159	0.155274408009351	146	38	0.920751515184808	0.992384855678038
d__Bacteria.p__Bacillota_A.c__Clostridia.o__Lachnospirales.f__Lachnospiraceae.g__Blautia_A.s__Blautia_A.sp900548245	Sex_Male1_Female2	Female	-0.0220503946455899	0.224077650249713	146	47	0.921754418476348	0.992384855678038
d__Bacteria.p__Bacillota_A.c__Clostridia.o__Oscillospirales.f__CAG.382.g__Woodwardibium.s__Woodwardibium.gallinarum	Sex_Male1_Female2	Female	-0.00873160270785174	0.0896003764466299	146	17	0.922511055679317	0.992384855678038
d__Bacteria.p__Bacteroidota.c__Bacteroidia.o__Bacteroidales.f__Bacteroidaceae.g__Paraprevotella.s__Paraprevotella.clara	BMI	BMI	0.00691126851622963	0.0693178833794025	146	19	0.92072509395826	0.992384855678038
d__Bacteria.p__Bacillota_A.c__Clostridia.o__Lachnospirales.f__Lachnospiraceae.g__Blautia_A.s__Blautia_A.acetigignens	Sex_Male1_Female2	Female	0.020725469748133	0.226580064314451	146	56	0.927252082925474	0.995575920614719
d__Bacteria.p__Bacillota_A.c__Clostridia.o__Oscillospirales.f__Acutalibacteraceae.g__CAKTXU01.s__CAKTXU01.sp934615635	Sex_Male1_Female2	Female	-0.00807156560487499	0.0872952157101984	146	17	0.92646536746747	0.995575920614719
d__Bacteria.p__Bacteroidota.c__Bacteroidia.o__Bacteroidales.f__Bacteroidaceae.g__Bacteroides.s__Bacteroides.ovatus	BMI	BMI	0.0119030153414849	0.134387240903515	146	96	0.9295509995139	0.997090077872462
d__Archaea.p__Methanobacteriota.c__Methanobacteria.o__Methanobacteriales.f__Methanobacteriaceae.g__Methanobrevibacter_A.s__Methanobrevibacter_A.smithii	Group	PD	-0.0238484971567412	0.36436567630157	146	55	0.947909459638427	0.997809923647978
d__Archaea.p__Methanobacteriota.c__Methanobacteria.o__Methanobacteriales.f__Methanobacteriaceae.g__Methanobrevibacter_A.s__Methanobrevibacter_A.smithii	BMI	BMI	0.0112741083560928	0.168373640424345	146	55	0.946712067572384	0.997809923647978
d__Bacteria.p__Actinomycetota.c__Coriobacteriia.o__Coriobacteriales.f__Eggerthellaceae.g__Anaerotardibacter.s__Anaerotardibacter.sp000435675	Group	PD	0.0196309020460341	0.291354720913746	146	52	0.946379005924921	0.997809923647978
d__Bacteria.p__Actinomycetota.c__Coriobacteriia.o__Coriobacteriales.f__Eggerthellaceae.g__Anaerotardibacter.s__Anaerotardibacter.sp000436075	Sex_Male1_Female2	Female	-0.0139401123339361	0.218777649488133	146	37	0.949287508603968	0.997809923647978
d__Bacteria.p__Bacillota_A.c__Clostridia.o__Christensenellales.f__Aristaeellaceae.g__Pullichristensenella.s__Pullichristensenella.excrementigallinarum	BMI	BMI	-0.00376947255170339	0.0542197086783929	146	18	0.944675349143084	0.997809923647978
d__Bacteria.p__Bacillota_A.c__Clostridia.o__Christensenellales.f__CAG.138.g__Phil1.s__Phil1.sp001940855	BMI	BMI	0.0053332413073985	0.0865699980333213	146	21	0.95096629154148	0.997809923647978
d__Bacteria.p__Bacillota_A.c__Clostridia.o__Lachnospirales.f__Lachnospiraceae.g__Acetatifactor.s__Acetatifactor.acetigignens	Sex_Male1_Female2	Female	0.0168835463684514	0.273901209342662	146	87	0.950938556075838	0.997809923647978
d__Bacteria.p__Bacillota_A.c__Clostridia.o__Lachnospirales.f__Lachnospiraceae.g__Agathobacter.s__Agathobacter.rectalis	Sex_Male1_Female2	Female	-0.0353477934424893	0.409067519174358	146	110	0.931266138487676	0.997809923647978
d__Bacteria.p__Bacillota_A.c__Clostridia.o__Lachnospirales.f__Lachnospiraceae.g__Alitiscatomonas.s__Alitiscatomonas.aceti	Sex_Male1_Female2	Female	0.0155592953737802	0.211956032089485	146	82	0.941588420006981	0.997809923647978
d__Bacteria.p__Bacillota_A.c__Clostridia.o__Lachnospirales.f__Lachnospiraceae.g__Blautia.s__Blautia.celeris	BMI	BMI	0.00567280337486203	0.0680203263166446	146	25	0.933656297355763	0.997809923647978
d__Bacteria.p__Bacillota_A.c__Clostridia.o__Lachnospirales.f__Lachnospiraceae.g__Blautia_A.s__Blautia_A.fusiformis	Sex_Male1_Female2	Female	0.0230594688531641	0.339849224639408	146	122	0.946002331324443	0.997809923647978
d__Bacteria.p__Bacillota_A.c__Clostridia.o__Lachnospirales.f__Lachnospiraceae.g__Clostridium_AP.s__Clostridium_AP.scindens	Sex_Male1_Female2	Female	-0.0108005036608091	0.136835505609216	146	27	0.937203024498102	0.997809923647978
d__Bacteria.p__Bacillota_A.c__Clostridia.o__Lachnospirales.f__Lachnospiraceae.g__Enterocloster.s__Enterocloster.sp001517625	Sex_Male1_Female2	Female	-0.0150047590826213	0.211319657821416	146	24	0.943497297348322	0.997809923647978
d__Bacteria.p__Bacillota_A.c__Clostridia.o__Lachnospirales.f__Lachnospiraceae.g__Pseudolachnospira.s__Pseudolachnospira.sp022867805	Group	PD	-0.0117445478240855	0.184750191790749	146	36	0.949405372374707	0.997809923647978
d__Bacteria.p__Bacillota_A.c__Clostridia.o__Oscillospirales.f__Acutalibacteraceae.g__CAKTXU01.s__CAKTXU01.sp934615635	BMI	BMI	0.00349892341336208	0.0429914355379314	146	17	0.935253346280651	0.997809923647978
d__Bacteria.p__Bacillota_A.c__Clostridia.o__Oscillospirales.f__Acutalibacteraceae.g__Pseudoruminococcus.s__Pseudoruminococcus.massiliensis	Sex_Male1_Female2	Female	-0.0197948961657666	0.249714359031739	146	23	0.936933414466653	0.997809923647978
d__Bacteria.p__Bacillota_A.c__Clostridia.o__Oscillospirales.f__CAG.382.g__Woodwardibium.s__Woodwardibium.sp900760275	Sex_Male1_Female2	Female	-0.00734703263517874	0.112041945965454	146	25	0.947812623197198	0.997809923647978
d__Bacteria.p__Bacillota_A.c__Clostridia.o__Oscillospirales.f__Oscillospiraceae.g__CAG.170.s__CAG.170.sp003516765	Sex_Male1_Female2	Female	0.0116245841456569	0.13623697338331	146	32	0.932126626451157	0.997809923647978
d__Bacteria.p__Bacillota_A.c__Clostridia.o__Oscillospirales.f__Oscillospiraceae.g__Faecousia.s__Faecousia.sp000434635	Sex_Male1_Female2	Female	0.0184744419338679	0.257167220123479	146	51	0.942835403809003	0.997809923647978
d__Bacteria.p__Bacillota_A.c__Clostridia.o__Oscillospirales.f__Ruminococcaceae.g__Gemmiger.s__Gemmiger.formicilis	Sex_Male1_Female2	Female	0.0227115883312863	0.350522628887379	146	97	0.948432865022739	0.997809923647978
d__Bacteria.p__Bacillota_A.c__Clostridia.o__Peptostreptococcales.f__Anaerovoracaceae.g__Lentihominibacter.s__Lentihominibacter.faecis	Sex_Male1_Female2	Female	0.010366498313925	0.170355406042321	146	71	0.951565613461084	0.997809923647978
d__Bacteria.p__Bacillota_I.c__Bacilli_A.o__Erysipelotrichales.f__Coprobacillaceae.g__Allocoprobacillus.s__Allocoprobacillus.merdigallinarum	Sex_Male1_Female2	Female	0.00629079596434543	0.0870190605864871	146	15	0.942474836150932	0.997809923647978
d__Bacteria.p__Bacteroidota.c__Bacteroidia.o__Bacteroidales.f__Bacteroidaceae.g__Bacteroides.s__Bacteroides.faecis	Group	PD	-0.0134919151655129	0.179139063759703	146	20	0.940073702507915	0.997809923647978
d__Bacteria.p__Bacteroidota.c__Bacteroidia.o__Bacteroidales.f__Marinifilaceae.g__Odoribacter.s__Odoribacter.laneus	Sex_Male1_Female2	Female	-0.0149597518759383	0.192647975312868	146	22	0.938217136788644	0.997809923647978
d__Bacteria.p__Actinomycetota.c__Coriobacteriia.o__Coriobacteriales.f__Eggerthellaceae.g__Gordonibacter.s__Gordonibacter.urolithinfaciens	Group	PD	-0.00620800254147931	0.134424516711151	146	20	0.963232383026966	0.998120548554219
d__Bacteria.p__Bacillota_A.c__Clostridia.o__Christensenellales.f__Aristaeellaceae.g__Limiplasma.s__Limiplasma.sp900548145	BMI	BMI	-0.00343862053196031	0.0657366822355184	146	17	0.958358672295613	0.998120548554219
d__Bacteria.p__Bacillota_A.c__Clostridia.o__Christensenellales.f__Aristaeellaceae.g__Ventricola.s__Ventricola.sp900548125	Sex_Male1_Female2	Female	0.00578833430708851	0.108126551553682	146	24	0.957385253488211	0.998120548554219
d__Bacteria.p__Bacillota_A.c__Clostridia.o__Christensenellales.f__CAG.138.g__Phil1.s__Phil1.sp001940855	Sex_Male1_Female2	Female	-0.00444737291320141	0.175782607809933	146	21	0.97985215806827	0.998120548554219
d__Bacteria.p__Bacillota_A.c__Clostridia.o__Clostridiales.f__Clostridiaceae.g__Clostridium.s__Clostridium.sp000435835	BMI	BMI	-0.0031366509550304	0.0580694939369903	146	21	0.957001527689223	0.998120548554219
d__Bacteria.p__Bacillota_A.c__Clostridia.o__Lachnospirales.f__Lachnospiraceae.g__Blautia_A.s__Blautia_A.schinkii_B	Group	PD	0.0052807992892124	0.177998555924623	146	19	0.976375285287178	0.998120548554219
d__Bacteria.p__Bacillota_A.c__Clostridia.o__Lachnospirales.f__Lachnospiraceae.g__Coprococcus_A.s__Coprococcus_A.catus	Sex_Male1_Female2	Female	0.00482571170555123	0.223316065627529	146	51	0.982791028317714	0.998120548554219
d__Bacteria.p__Bacillota_A.c__Clostridia.o__Lachnospirales.f__Lachnospiraceae.g__Enterocloster.s__Enterocloster.sp000431375	BMI	BMI	0.00466327642065103	0.109471790125206	146	64	0.966084032248594	0.998120548554219
d__Bacteria.p__Bacillota_A.c__Clostridia.o__Lachnospirales.f__Lachnospiraceae.g__Eubacterium_G.s__Eubacterium_G.sp000434315	BMI	BMI	0.00251821828351998	0.0766656979679482	146	33	0.973844611143251	0.998120548554219
d__Bacteria.p__Bacillota_A.c__Clostridia.o__Lachnospirales.f__Lachnospiraceae.g__Frisingicoccus.s__Frisingicoccus.sp900549105	Group	PD	0.00644354014312091	0.142879194291529	146	16	0.964095007497527	0.998120548554219
d__Bacteria.p__Bacillota_A.c__Clostridia.o__Lachnospirales.f__Lachnospiraceae.g__Lachnospira.s__Lachnospira.eligens	BMI	BMI	0.00306950133609591	0.134442361778115	146	90	0.981818016930879	0.998120548554219
d__Bacteria.p__Bacillota_A.c__Clostridia.o__Lachnospirales.f__Lachnospiraceae.g__Lachnospira.s__Lachnospira.hominis	Sex_Male1_Female2	Female	0.00552000544941076	0.155370240622033	146	35	0.971710374037624	0.998120548554219
d__Bacteria.p__Bacillota_A.c__Clostridia.o__Lachnospirales.f__Lachnospiraceae.g__Massilistercora.s__Massilistercora.timonensis	Group	PD	0.00668025886715153	0.148676350128459	146	24	0.964227294544971	0.998120548554219
d__Bacteria.p__Bacillota_A.c__Clostridia.o__Lachnospirales.f__Lachnospiraceae.g__Muricoprocola.s__Muricoprocola.aceti	Sex_Male1_Female2	Female	0.00244985670559874	0.106439152819871	146	17	0.981670601631346	0.998120548554219
d__Bacteria.p__Bacillota_A.c__Clostridia.o__Lachnospirales.f__Lachnospiraceae.g__Otoolea.s__Otoolea.fessa	Sex_Male1_Female2	Female	0.0112227870875616	0.202371196151541	146	84	0.955855621962229	0.998120548554219
d__Bacteria.p__Bacillota_A.c__Clostridia.o__Lachnospirales.f__Lachnospiraceae.g__Pararoseburia.s__Pararoseburia.lenta	Sex_Male1_Female2	Female	0.0047565432464143	0.118765248900132	146	18	0.96811160279417	0.998120548554219
d__Bacteria.p__Bacillota_A.c__Clostridia.o__Lachnospirales.f__Lachnospiraceae.g__Roseburia_C.s__Roseburia_C.amylophila	BMI	BMI	-0.00610006194384569	0.130962375556874	146	49	0.962916808880974	0.998120548554219
d__Bacteria.p__Bacillota_A.c__Clostridia.o__Lachnospirales.f__Lachnospiraceae.g__Schaedlerella.s__Schaedlerella.hominis	Group	PD	-0.0034706334939886	0.0885363802099801	146	15	0.968787933326755	0.998120548554219
d__Bacteria.p__Bacillota_A.c__Clostridia.o__Oscillospirales.f__Oscillospiraceae.g__CAG.103.s__CAG.103.sp000432375	Group	PD	0.0127411706305586	0.374022625666277	146	44	0.972874708391761	0.998120548554219
d__Bacteria.p__Bacillota_A.c__Clostridia.o__Oscillospirales.f__Oscillospiraceae.g__Dysosmobacter.s__Dysosmobacter.welbionis	BMI	BMI	0.00520169690545638	0.0975763433660651	146	99	0.957563368483233	0.998120548554219
d__Bacteria.p__Bacillota_A.c__Clostridia.o__Oscillospirales.f__Oscillospiraceae.g__Faecousia.s__Faecousia.sp958436045	Group	PD	0.00307558680082269	0.124914782264701	146	30	0.980392712560745	0.998120548554219
d__Bacteria.p__Bacillota_A.c__Clostridia.o__Oscillospirales.f__Oscillospiraceae.g__Onthomonas.s__Onthomonas.sp003150485	Group	PD	0.00554471530315293	0.190499272929628	146	32	0.976822225914753	0.998120548554219
d__Bacteria.p__Bacillota_A.c__Clostridia.o__Oscillospirales.f__Ruminococcaceae.g__Faecalibacterium.s__Faecalibacterium.sp900758465	BMI	BMI	-0.00375004443603554	0.0814949216633187	146	36	0.963364757894567	0.998120548554219
d__Bacteria.p__Bacillota_A.c__Clostridia.o__Oscillospirales.f__Ruminococcaceae.g__Ruminococcus_C.s__Ruminococcus_C.callidus	Group	PD	-0.00619541551136393	0.224382710053374	146	20	0.978012642971769	0.998120548554219
d__Bacteria.p__Bacillota_A.c__Clostridia.o__Peptostreptococcales.f__Anaerovoracaceae.g__CAG.238.s__CAG.238.sp900542245	Group	PD	-0.00319670146267863	0.109859810939463	146	19	0.97682877132046	0.998120548554219
d__Bacteria.p__Bacillota_A.c__Clostridia.o__Peptostreptococcales.f__Peptostreptococcaceae.g__Intestinibacter.s__Intestinibacter.bartlettii	Sex_Male1_Female2	Female	0.00796166593718854	0.216687086936674	146	54	0.970743655707133	0.998120548554219
d__Bacteria.p__Bacillota_A.c__Clostridia.o__Peptostreptococcales.f__Peptostreptococcaceae.g__Intestinibacter.s__Intestinibacter.bartlettii	BMI	BMI	-0.00404529136294166	0.106714770725423	146	54	0.969816606119641	0.998120548554219
d__Bacteria.p__Bacillota_C.c__Negativicutes.o__Veillonellales.f__Dialisteraceae.g__Dialister.s__Dialister.invisus	Sex_Male1_Female2	Female	-0.0153911350966496	0.317295738686334	146	43	0.961382652192518	0.998120548554219
d__Bacteria.p__Bacteroidota.c__Bacteroidia.o__Bacteroidales.f__Bacteroidaceae.g__Bacteroides.s__Bacteroides.caccae	BMI	BMI	0.00841974619054201	0.147886719169695	146	86	0.954680918164419	0.998120548554219
d__Bacteria.p__Bacteroidota.c__Bacteroidia.o__Bacteroidales.f__Bacteroidaceae.g__Bacteroides.s__Bacteroides.thetaiotaomicron	BMI	BMI	-0.0026443462247485	0.123856873832868	146	94	0.982997509939762	0.998120548554219
d__Bacteria.p__Bacteroidota.c__Bacteroidia.o__Bacteroidales.f__Marinifilaceae.g__Butyricimonas.s__Butyricimonas.sp019423345	Group	PD	-0.00364856917908791	0.132128555572237	146	23	0.978010372875411	0.998120548554219
d__Bacteria.p__Bacteroidota.c__Bacteroidia.o__Bacteroidales.f__Rikenellaceae.g__Alistipes.s__Alistipes.putredinis	BMI	BMI	-0.00656725192088133	0.181894821810516	146	113	0.97125145516931	0.998120548554219
d__Bacteria.p__Bacteroidota.c__Bacteroidia.o__Bacteroidales.f__Rikenellaceae.g__Alistipes.s__Alistipes.shahii	Sex_Male1_Female2	Female	-0.00818487886318656	0.275342001991785	146	88	0.976328655432546	0.998120548554219
d__Bacteria.p__Bacteroidota.c__Bacteroidia.o__Bacteroidales.f__Rikenellaceae.g__Alistipes_A.s__Alistipes_A.hominis	Group	PD	-0.00373785380536889	0.151031193912883	146	36	0.980291273644308	0.998120548554219
d__Bacteria.p__Bacteroidota.c__Bacteroidia.o__Bacteroidales.f__Rikenellaceae.g__Tidjanibacter.s__Tidjanibacter.inops	Group	PD	-0.00642881943738648	0.203247196876082	146	24	0.974812719292356	0.998120548554219
d__Bacteria.p__Bacillota_A.c__Clostridia.o__Christensenellales.f__CAG.314.g__CAG.314.s__CAG.314.sp000437915	Group	PD	-0.00168472952756934	0.168738069891762	146	32	0.992048347311783	0.99827645352809
d__Bacteria.p__Bacillota_A.c__Clostridia.o__Lachnospirales.f__Lachnospiraceae.g__Alitiscatomonas.s__Alitiscatomonas.sp900066535	Sex_Male1_Female2	Female	-0.0028365305455329	0.162910276609571	146	40	0.986133577124257	0.99827645352809
d__Bacteria.p__Bacillota_A.c__Clostridia.o__Lachnospirales.f__Lachnospiraceae.g__Blautia_A.s__Blautia_A.wexlerae_B	Sex_Male1_Female2	Female	-0.00335372565523859	0.304125570191569	146	138	0.991217598429257	0.99827645352809
d__Bacteria.p__Bacillota_A.c__Clostridia.o__Lachnospirales.f__Lachnospiraceae.g__Mediterraneibacter.s__Mediterraneibacter.sp934330165	Sex_Male1_Female2	Female	0.00323455684970842	0.259422830755837	146	49	0.990070146971613	0.99827645352809
d__Bacteria.p__Bacillota_A.c__Clostridia.o__Lachnospirales.f__Lachnospiraceae.g__UBA11774.s__UBA11774.sp003507655	Group	PD	0.0054283597888152	0.296402075355441	146	109	0.985414863748722	0.99827645352809
d__Bacteria.p__Bacillota_A.c__Clostridia.o__Oscillospirales.f__Acutalibacteraceae.g__UMGS1071.s__UMGS1071.sp934476545	Group	PD	0.00137783374975212	0.115481470948127	146	19	0.990497854137941	0.99827645352809
d__Bacteria.p__Bacillota_A.c__Clostridia.o__Oscillospirales.f__Oscillospiraceae.g__Pseudoscilispira.s__Pseudoscilispira.sp018369915	Sex_Male1_Female2	Female	0.000982614186504644	0.074132171607092	146	15	0.989443716182164	0.99827645352809
d__Bacteria.p__Bacillota_G.c__DTU025.o__DTUO25.f__HGM14224.g__HGM14224.s__HGM14224.sp900761905	Sex_Male1_Female2	Female	-0.00147046551031787	0.10042776567771	146	19	0.988339075825569	0.99827645352809
d__Bacteria.p__Bacillota_I.c__Bacilli_A.o__Erysipelotrichales.f__Erysipelotrichaceae.g__Merdibacter.s__Merdibacter.merdipullorum	BMI	BMI	-0.00063303718069569	0.0605135798123657	146	18	0.991668638966854	0.99827645352809
d__Bacteria.p__Verrucomicrobiota.c__Verrucomicrobiae.o__Verrucomicrobiales.f__Akkermansiaceae.g__Akkermansia.s__Akkermansia.biwaensis	Sex_Male1_Female2	Female	0.00354842262826527	0.297478484873733	146	20	0.990500145240366	0.99827645352809
d__Bacteria.p__Bacillota_A.c__Clostridia.o__Oscillospirales.f__Acutalibacteraceae.g__CAKTXU01.s__CAKTXU01.sp934615635	Group	PD	0.000816715614720058	0.0930347734091565	146	17	0.99300854613364	0.998347301758015
d__Bacteria.p__Bacillota_A.c__Clostridia.o__Oscillospirales.f__Acutalibacteraceae.g__Fimenecus.s__Fimenecus.sp000432435	Sex_Male1_Female2	Female	-0.00151953851737725	0.267606560623112	146	31	0.995477691699978	0.999039329237366
d__Bacteria.p__Bacillota_A.c__Clostridia.o__Oscillospirales.f__Acutalibacteraceae.g__Pseudoruminococcus.s__Pseudoruminococcus.massiliensis	Group	PD	0.00170206112169467	0.26613278425998	146	23	0.994906440868645	0.999039329237366
d__Bacteria.p__Bacillota_A.c__Clostridia.o__Lachnospirales.f__Lachnospiraceae.g__Agathobacter.s__Agathobacter.sp000434275	BMI	BMI	7.2128200872336e-05	0.0728991028998867	146	17	0.999211992402753	0.999628904006721
d__Bacteria.p__Bacillota_A.c__Clostridia.o__Lachnospirales.f__Lachnospiraceae.g__Oliverpabstia.s__Oliverpabstia.intestinalis	Sex_Male1_Female2	Female	0.00103463054092661	0.282802270488727	146	97	0.997086272139406	0.999628904006721
d__Bacteria.p__Bacteroidota.c__Bacteroidia.o__Bacteroidales.f__Bacteroidaceae.g__Bacteroides.s__Bacteroides.sp900557355	Group	PD	-9.88840692751062e-05	0.212220634863933	146	23	0.999628904006721	0.999628904006721
d__Bacteria.p__Bacteroidota.c__Bacteroidia.o__Bacteroidales.f__Tannerellaceae.g__Parabacteroides.s__Parabacteroides.merdae	BMI	BMI	-6.22831029006389e-05	0.109708081975425	146	79	0.999547853518963	0.999628904006721
